STARTFONT 2.1
FONT QuinqueFive-5px
SIZE 5 75 75
FONTBOUNDINGBOX 5 5 0 -1
STARTPROPERTIES 3
PIXEL_SIZE 5
FONT_ASCENT 5
FONT_DESCENT 2
ENDPROPERTIES
CHARS 1049
STARTCHAR uni0020
ENCODING 32
SWIDTH 1200 0
DWIDTH 6 0
BBX 1 1 0 0
BITMAP
00
ENDCHAR
STARTCHAR uni0021
ENCODING 33
SWIDTH 1200 0
DWIDTH 6 0
BBX 1 5 2 -1
BITMAP
80
80
80
00
80
ENDCHAR
STARTCHAR uni0022
ENCODING 34
SWIDTH 1200 0
DWIDTH 6 0
BBX 3 2 1 2
BITMAP
A0
A0
ENDCHAR
STARTCHAR uni0023
ENCODING 35
SWIDTH 1200 0
DWIDTH 6 0
BBX 5 5 0 -1
BITMAP
50
F8
50
F8
50
ENDCHAR
STARTCHAR uni0024
ENCODING 36
SWIDTH 1200 0
DWIDTH 6 0
BBX 5 5 0 -1
BITMAP
78
A0
70
28
F0
ENDCHAR
STARTCHAR uni0025
ENCODING 37
SWIDTH 1200 0
DWIDTH 6 0
BBX 5 5 0 -1
BITMAP
88
10
20
40
88
ENDCHAR
STARTCHAR uni0026
ENCODING 38
SWIDTH 1200 0
DWIDTH 6 0
BBX 5 5 0 -1
BITMAP
60
80
68
90
68
ENDCHAR
STARTCHAR uni0027
ENCODING 39
SWIDTH 1200 0
DWIDTH 6 0
BBX 1 2 2 2
BITMAP
80
80
ENDCHAR
STARTCHAR uni0028
ENCODING 40
SWIDTH 1200 0
DWIDTH 6 0
BBX 3 5 1 -1
BITMAP
60
80
80
80
60
ENDCHAR
STARTCHAR uni0029
ENCODING 41
SWIDTH 1200 0
DWIDTH 6 0
BBX 3 5 1 -1
BITMAP
C0
20
20
20
C0
ENDCHAR
STARTCHAR uni002A
ENCODING 42
SWIDTH 1200 0
DWIDTH 6 0
BBX 3 3 1 1
BITMAP
A0
40
A0
ENDCHAR
STARTCHAR uni002B
ENCODING 43
SWIDTH 1200 0
DWIDTH 6 0
BBX 5 5 0 -1
BITMAP
20
20
F8
20
20
ENDCHAR
STARTCHAR uni002C
ENCODING 44
SWIDTH 1200 0
DWIDTH 6 0
BBX 2 2 1 -1
BITMAP
40
80
ENDCHAR
STARTCHAR uni002D
ENCODING 45
SWIDTH 1200 0
DWIDTH 6 0
BBX 5 1 0 1
BITMAP
F8
ENDCHAR
STARTCHAR uni002E
ENCODING 46
SWIDTH 1200 0
DWIDTH 6 0
BBX 1 1 2 -1
BITMAP
80
ENDCHAR
STARTCHAR uni002F
ENCODING 47
SWIDTH 1200 0
DWIDTH 6 0
BBX 5 5 0 -1
BITMAP
08
10
20
40
80
ENDCHAR
STARTCHAR uni0030
ENCODING 48
SWIDTH 1200 0
DWIDTH 6 0
BBX 5 5 0 -1
BITMAP
F8
88
88
88
F8
ENDCHAR
STARTCHAR uni0031
ENCODING 49
SWIDTH 1200 0
DWIDTH 6 0
BBX 5 5 0 -1
BITMAP
60
A0
20
20
F8
ENDCHAR
STARTCHAR uni0032
ENCODING 50
SWIDTH 1200 0
DWIDTH 6 0
BBX 5 5 0 -1
BITMAP
F0
08
30
40
F8
ENDCHAR
STARTCHAR uni0033
ENCODING 51
SWIDTH 1200 0
DWIDTH 6 0
BBX 5 5 0 -1
BITMAP
F8
08
78
08
F8
ENDCHAR
STARTCHAR uni0034
ENCODING 52
SWIDTH 1200 0
DWIDTH 6 0
BBX 5 5 0 -1
BITMAP
88
88
F8
08
08
ENDCHAR
STARTCHAR uni0035
ENCODING 53
SWIDTH 1200 0
DWIDTH 6 0
BBX 5 5 0 -1
BITMAP
F8
80
F8
08
F8
ENDCHAR
STARTCHAR uni0036
ENCODING 54
SWIDTH 1200 0
DWIDTH 6 0
BBX 5 5 0 -1
BITMAP
F8
80
F8
88
F8
ENDCHAR
STARTCHAR uni0037
ENCODING 55
SWIDTH 1200 0
DWIDTH 6 0
BBX 5 5 0 -1
BITMAP
F8
08
10
20
40
ENDCHAR
STARTCHAR uni0038
ENCODING 56
SWIDTH 1200 0
DWIDTH 6 0
BBX 5 5 0 -1
BITMAP
F8
88
F8
88
F8
ENDCHAR
STARTCHAR uni0039
ENCODING 57
SWIDTH 1200 0
DWIDTH 6 0
BBX 5 5 0 -1
BITMAP
F8
88
F8
08
F8
ENDCHAR
STARTCHAR uni003A
ENCODING 58
SWIDTH 1200 0
DWIDTH 6 0
BBX 1 3 2 0
BITMAP
80
00
80
ENDCHAR
STARTCHAR uni003B
ENCODING 59
SWIDTH 1200 0
DWIDTH 6 0
BBX 2 4 1 -1
BITMAP
40
00
40
80
ENDCHAR
STARTCHAR uni003C
ENCODING 60
SWIDTH 1200 0
DWIDTH 6 0
BBX 5 5 0 -1
BITMAP
18
60
80
60
18
ENDCHAR
STARTCHAR uni003D
ENCODING 61
SWIDTH 1200 0
DWIDTH 6 0
BBX 5 3 0 0
BITMAP
F8
00
F8
ENDCHAR
STARTCHAR uni003E
ENCODING 62
SWIDTH 1200 0
DWIDTH 6 0
BBX 5 5 0 -1
BITMAP
C0
30
08
30
C0
ENDCHAR
STARTCHAR uni003F
ENCODING 63
SWIDTH 1200 0
DWIDTH 6 0
BBX 3 5 1 -1
BITMAP
E0
20
40
00
40
ENDCHAR
STARTCHAR uni0040
ENCODING 64
SWIDTH 1200 0
DWIDTH 6 0
BBX 5 5 0 -1
BITMAP
70
88
A8
98
40
ENDCHAR
STARTCHAR uni0041
ENCODING 65
SWIDTH 1200 0
DWIDTH 6 0
BBX 5 5 0 -1
BITMAP
70
88
88
F8
88
ENDCHAR
STARTCHAR uni0042
ENCODING 66
SWIDTH 1200 0
DWIDTH 6 0
BBX 5 5 0 -1
BITMAP
F0
88
F0
88
F0
ENDCHAR
STARTCHAR uni0043
ENCODING 67
SWIDTH 1200 0
DWIDTH 6 0
BBX 5 5 0 -1
BITMAP
78
80
80
80
78
ENDCHAR
STARTCHAR uni0044
ENCODING 68
SWIDTH 1200 0
DWIDTH 6 0
BBX 5 5 0 -1
BITMAP
F0
88
88
88
F0
ENDCHAR
STARTCHAR uni0045
ENCODING 69
SWIDTH 1200 0
DWIDTH 6 0
BBX 5 5 0 -1
BITMAP
F8
80
F0
80
F8
ENDCHAR
STARTCHAR uni0046
ENCODING 70
SWIDTH 1200 0
DWIDTH 6 0
BBX 5 5 0 -1
BITMAP
F8
80
F0
80
80
ENDCHAR
STARTCHAR uni0047
ENCODING 71
SWIDTH 1200 0
DWIDTH 6 0
BBX 5 5 0 -1
BITMAP
78
80
B8
88
78
ENDCHAR
STARTCHAR uni0048
ENCODING 72
SWIDTH 1200 0
DWIDTH 6 0
BBX 5 5 0 -1
BITMAP
88
88
F8
88
88
ENDCHAR
STARTCHAR uni0049
ENCODING 73
SWIDTH 1200 0
DWIDTH 6 0
BBX 5 5 0 -1
BITMAP
F8
20
20
20
F8
ENDCHAR
STARTCHAR uni004A
ENCODING 74
SWIDTH 1200 0
DWIDTH 6 0
BBX 5 5 0 -1
BITMAP
08
08
88
88
70
ENDCHAR
STARTCHAR uni004B
ENCODING 75
SWIDTH 1200 0
DWIDTH 6 0
BBX 5 5 0 -1
BITMAP
88
90
E0
90
88
ENDCHAR
STARTCHAR uni004C
ENCODING 76
SWIDTH 1200 0
DWIDTH 6 0
BBX 5 5 0 -1
BITMAP
80
80
80
80
F8
ENDCHAR
STARTCHAR uni004D
ENCODING 77
SWIDTH 1200 0
DWIDTH 6 0
BBX 5 5 0 -1
BITMAP
88
D8
A8
A8
88
ENDCHAR
STARTCHAR uni004E
ENCODING 78
SWIDTH 1200 0
DWIDTH 6 0
BBX 5 5 0 -1
BITMAP
88
C8
A8
98
88
ENDCHAR
STARTCHAR uni004F
ENCODING 79
SWIDTH 1200 0
DWIDTH 6 0
BBX 5 5 0 -1
BITMAP
70
88
88
88
70
ENDCHAR
STARTCHAR uni0050
ENCODING 80
SWIDTH 1200 0
DWIDTH 6 0
BBX 5 5 0 -1
BITMAP
F0
88
F0
80
80
ENDCHAR
STARTCHAR uni0051
ENCODING 81
SWIDTH 1200 0
DWIDTH 6 0
BBX 5 5 0 -1
BITMAP
70
88
88
90
68
ENDCHAR
STARTCHAR uni0052
ENCODING 82
SWIDTH 1200 0
DWIDTH 6 0
BBX 5 5 0 -1
BITMAP
F0
88
F0
90
88
ENDCHAR
STARTCHAR uni0053
ENCODING 83
SWIDTH 1200 0
DWIDTH 6 0
BBX 5 5 0 -1
BITMAP
78
80
70
08
F0
ENDCHAR
STARTCHAR uni0054
ENCODING 84
SWIDTH 1200 0
DWIDTH 6 0
BBX 5 5 0 -1
BITMAP
F8
20
20
20
20
ENDCHAR
STARTCHAR uni0055
ENCODING 85
SWIDTH 1200 0
DWIDTH 6 0
BBX 5 5 0 -1
BITMAP
88
88
88
88
70
ENDCHAR
STARTCHAR uni0056
ENCODING 86
SWIDTH 1200 0
DWIDTH 6 0
BBX 5 5 0 -1
BITMAP
88
88
88
50
20
ENDCHAR
STARTCHAR uni0057
ENCODING 87
SWIDTH 1200 0
DWIDTH 6 0
BBX 5 5 0 -1
BITMAP
88
A8
A8
A8
70
ENDCHAR
STARTCHAR uni0058
ENCODING 88
SWIDTH 1200 0
DWIDTH 6 0
BBX 5 5 0 -1
BITMAP
88
50
20
50
88
ENDCHAR
STARTCHAR uni0059
ENCODING 89
SWIDTH 1200 0
DWIDTH 6 0
BBX 5 5 0 -1
BITMAP
88
88
70
20
20
ENDCHAR
STARTCHAR uni005A
ENCODING 90
SWIDTH 1200 0
DWIDTH 6 0
BBX 5 5 0 -1
BITMAP
F8
10
20
40
F8
ENDCHAR
STARTCHAR uni005B
ENCODING 91
SWIDTH 1200 0
DWIDTH 6 0
BBX 3 5 1 -1
BITMAP
E0
80
80
80
E0
ENDCHAR
STARTCHAR uni005C
ENCODING 92
SWIDTH 1200 0
DWIDTH 6 0
BBX 5 5 0 -1
BITMAP
80
40
20
10
08
ENDCHAR
STARTCHAR uni005D
ENCODING 93
SWIDTH 1200 0
DWIDTH 6 0
BBX 3 5 1 -1
BITMAP
E0
20
20
20
E0
ENDCHAR
STARTCHAR uni005E
ENCODING 94
SWIDTH 1200 0
DWIDTH 6 0
BBX 3 2 1 2
BITMAP
40
A0
ENDCHAR
STARTCHAR uni005F
ENCODING 95
SWIDTH 1200 0
DWIDTH 6 0
BBX 5 1 0 -1
BITMAP
F8
ENDCHAR
STARTCHAR uni0060
ENCODING 96
SWIDTH 1200 0
DWIDTH 6 0
BBX 2 2 1 2
BITMAP
80
40
ENDCHAR
STARTCHAR uni0061
ENCODING 97
SWIDTH 1200 0
DWIDTH 6 0
BBX 5 5 0 -1
BITMAP
70
88
88
F8
88
ENDCHAR
STARTCHAR uni0062
ENCODING 98
SWIDTH 1200 0
DWIDTH 6 0
BBX 5 5 0 -1
BITMAP
F0
88
F0
88
F0
ENDCHAR
STARTCHAR uni0063
ENCODING 99
SWIDTH 1200 0
DWIDTH 6 0
BBX 5 5 0 -1
BITMAP
78
80
80
80
78
ENDCHAR
STARTCHAR uni0064
ENCODING 100
SWIDTH 1200 0
DWIDTH 6 0
BBX 5 5 0 -1
BITMAP
F0
88
88
88
F0
ENDCHAR
STARTCHAR uni0065
ENCODING 101
SWIDTH 1200 0
DWIDTH 6 0
BBX 5 5 0 -1
BITMAP
F8
80
F0
80
F8
ENDCHAR
STARTCHAR uni0066
ENCODING 102
SWIDTH 1200 0
DWIDTH 6 0
BBX 5 5 0 -1
BITMAP
F8
80
F0
80
80
ENDCHAR
STARTCHAR uni0067
ENCODING 103
SWIDTH 1200 0
DWIDTH 6 0
BBX 5 5 0 -1
BITMAP
78
80
B8
88
78
ENDCHAR
STARTCHAR uni0068
ENCODING 104
SWIDTH 1200 0
DWIDTH 6 0
BBX 5 5 0 -1
BITMAP
88
88
F8
88
88
ENDCHAR
STARTCHAR uni0069
ENCODING 105
SWIDTH 1200 0
DWIDTH 6 0
BBX 5 5 0 -1
BITMAP
F8
20
20
20
F8
ENDCHAR
STARTCHAR uni006A
ENCODING 106
SWIDTH 1200 0
DWIDTH 6 0
BBX 5 5 0 -1
BITMAP
08
08
88
88
70
ENDCHAR
STARTCHAR uni006B
ENCODING 107
SWIDTH 1200 0
DWIDTH 6 0
BBX 5 5 0 -1
BITMAP
88
90
E0
90
88
ENDCHAR
STARTCHAR uni006C
ENCODING 108
SWIDTH 1200 0
DWIDTH 6 0
BBX 5 5 0 -1
BITMAP
80
80
80
80
F8
ENDCHAR
STARTCHAR uni006D
ENCODING 109
SWIDTH 1200 0
DWIDTH 6 0
BBX 5 5 0 -1
BITMAP
88
D8
A8
A8
88
ENDCHAR
STARTCHAR uni006E
ENCODING 110
SWIDTH 1200 0
DWIDTH 6 0
BBX 5 5 0 -1
BITMAP
88
C8
A8
98
88
ENDCHAR
STARTCHAR uni006F
ENCODING 111
SWIDTH 1200 0
DWIDTH 6 0
BBX 5 5 0 -1
BITMAP
70
88
88
88
70
ENDCHAR
STARTCHAR uni0070
ENCODING 112
SWIDTH 1200 0
DWIDTH 6 0
BBX 5 5 0 -1
BITMAP
F0
88
F0
80
80
ENDCHAR
STARTCHAR uni0071
ENCODING 113
SWIDTH 1200 0
DWIDTH 6 0
BBX 5 5 0 -1
BITMAP
70
88
88
90
68
ENDCHAR
STARTCHAR uni0072
ENCODING 114
SWIDTH 1200 0
DWIDTH 6 0
BBX 5 5 0 -1
BITMAP
F0
88
F0
90
88
ENDCHAR
STARTCHAR uni0073
ENCODING 115
SWIDTH 1200 0
DWIDTH 6 0
BBX 5 5 0 -1
BITMAP
78
80
70
08
F0
ENDCHAR
STARTCHAR uni0074
ENCODING 116
SWIDTH 1200 0
DWIDTH 6 0
BBX 5 5 0 -1
BITMAP
F8
20
20
20
20
ENDCHAR
STARTCHAR uni0075
ENCODING 117
SWIDTH 1200 0
DWIDTH 6 0
BBX 5 5 0 -1
BITMAP
88
88
88
88
70
ENDCHAR
STARTCHAR uni0076
ENCODING 118
SWIDTH 1200 0
DWIDTH 6 0
BBX 5 5 0 -1
BITMAP
88
88
88
50
20
ENDCHAR
STARTCHAR uni0077
ENCODING 119
SWIDTH 1200 0
DWIDTH 6 0
BBX 5 5 0 -1
BITMAP
88
A8
A8
A8
70
ENDCHAR
STARTCHAR uni0078
ENCODING 120
SWIDTH 1200 0
DWIDTH 6 0
BBX 5 5 0 -1
BITMAP
88
50
20
50
88
ENDCHAR
STARTCHAR uni0079
ENCODING 121
SWIDTH 1200 0
DWIDTH 6 0
BBX 5 5 0 -1
BITMAP
88
88
70
20
20
ENDCHAR
STARTCHAR uni007A
ENCODING 122
SWIDTH 1200 0
DWIDTH 6 0
BBX 5 5 0 -1
BITMAP
F8
10
20
40
F8
ENDCHAR
STARTCHAR uni007B
ENCODING 123
SWIDTH 1200 0
DWIDTH 6 0
BBX 4 5 0 -1
BITMAP
70
40
C0
40
70
ENDCHAR
STARTCHAR uni007C
ENCODING 124
SWIDTH 1200 0
DWIDTH 6 0
BBX 1 5 2 -1
BITMAP
80
80
80
80
80
ENDCHAR
STARTCHAR uni007D
ENCODING 125
SWIDTH 1200 0
DWIDTH 6 0
BBX 4 5 1 -1
BITMAP
E0
20
30
20
E0
ENDCHAR
STARTCHAR uni007E
ENCODING 126
SWIDTH 1200 0
DWIDTH 6 0
BBX 5 3 0 0
BITMAP
40
A8
10
ENDCHAR
STARTCHAR uni00A0
ENCODING 160
SWIDTH 1200 0
DWIDTH 6 0
BBX 1 1 0 0
BITMAP
00
ENDCHAR
STARTCHAR uni00A1
ENCODING 161
SWIDTH 1200 0
DWIDTH 6 0
BBX 1 5 2 -1
BITMAP
80
00
80
80
80
ENDCHAR
STARTCHAR uni00A2
ENCODING 162
SWIDTH 1200 0
DWIDTH 6 0
BBX 3 5 1 -1
BITMAP
40
E0
80
E0
40
ENDCHAR
STARTCHAR uni00A3
ENCODING 163
SWIDTH 1200 0
DWIDTH 6 0
BBX 5 5 0 -1
BITMAP
30
40
E0
40
F8
ENDCHAR
STARTCHAR uni00A4
ENCODING 164
SWIDTH 1200 0
DWIDTH 6 0
BBX 5 5 0 -1
BITMAP
88
70
50
70
88
ENDCHAR
STARTCHAR uni00A5
ENCODING 165
SWIDTH 1200 0
DWIDTH 6 0
BBX 5 5 0 -1
BITMAP
88
70
20
70
20
ENDCHAR
STARTCHAR uni00A6
ENCODING 166
SWIDTH 1200 0
DWIDTH 6 0
BBX 1 5 2 -1
BITMAP
80
80
00
80
80
ENDCHAR
STARTCHAR uni00A7
ENCODING 167
SWIDTH 1200 0
DWIDTH 6 0
BBX 5 5 0 -1
BITMAP
70
80
70
08
70
ENDCHAR
STARTCHAR uni00A8
ENCODING 168
SWIDTH 1200 0
DWIDTH 6 0
BBX 3 1 1 3
BITMAP
A0
ENDCHAR
STARTCHAR uni00A9
ENCODING 169
SWIDTH 1200 0
DWIDTH 6 0
BBX 3 3 1 0
BITMAP
60
80
60
ENDCHAR
STARTCHAR uni00AB
ENCODING 171
SWIDTH 1200 0
DWIDTH 6 0
BBX 5 3 0 0
BITMAP
48
90
48
ENDCHAR
STARTCHAR uni00AC
ENCODING 172
SWIDTH 1200 0
DWIDTH 6 0
BBX 4 2 1 0
BITMAP
F0
10
ENDCHAR
STARTCHAR uni00AD
ENCODING 173
SWIDTH 1200 0
DWIDTH 6 0
BBX 5 1 0 1
BITMAP
F8
ENDCHAR
STARTCHAR uni00AE
ENCODING 174
SWIDTH 1200 0
DWIDTH 6 0
BBX 3 3 1 0
BITMAP
C0
C0
A0
ENDCHAR
STARTCHAR uni00AF
ENCODING 175
SWIDTH 1200 0
DWIDTH 6 0
BBX 3 1 1 3
BITMAP
E0
ENDCHAR
STARTCHAR uni00B0
ENCODING 176
SWIDTH 1200 0
DWIDTH 6 0
BBX 3 3 1 1
BITMAP
40
A0
40
ENDCHAR
STARTCHAR uni00B1
ENCODING 177
SWIDTH 1200 0
DWIDTH 6 0
BBX 5 5 0 -1
BITMAP
20
F8
20
00
F8
ENDCHAR
STARTCHAR uni00B4
ENCODING 180
SWIDTH 1200 0
DWIDTH 6 0
BBX 2 2 1 2
BITMAP
40
80
ENDCHAR
STARTCHAR uni00B5
ENCODING 181
SWIDTH 1200 0
DWIDTH 6 0
BBX 5 5 0 -1
BITMAP
88
88
C8
B0
80
ENDCHAR
STARTCHAR uni00B6
ENCODING 182
SWIDTH 1200 0
DWIDTH 6 0
BBX 5 5 0 -1
BITMAP
78
E8
68
28
28
ENDCHAR
STARTCHAR uni00B7
ENCODING 183
SWIDTH 1200 0
DWIDTH 6 0
BBX 1 1 2 1
BITMAP
80
ENDCHAR
STARTCHAR uni00B8
ENCODING 184
SWIDTH 1200 0
DWIDTH 6 0
BBX 2 2 1 -1
BITMAP
40
80
ENDCHAR
STARTCHAR uni00B9
ENCODING 185
SWIDTH 1200 0
DWIDTH 6 0
BBX 3 3 1 1
BITMAP
C0
40
E0
ENDCHAR
STARTCHAR uni00BA
ENCODING 186
SWIDTH 1200 0
DWIDTH 6 0
BBX 3 3 1 1
BITMAP
E0
A0
E0
ENDCHAR
STARTCHAR uni00BB
ENCODING 187
SWIDTH 1200 0
DWIDTH 6 0
BBX 5 3 0 0
BITMAP
90
48
90
ENDCHAR
STARTCHAR uni00BF
ENCODING 191
SWIDTH 1200 0
DWIDTH 6 0
BBX 3 5 1 -1
BITMAP
40
00
40
80
E0
ENDCHAR
STARTCHAR uni00C0
ENCODING 192
SWIDTH 1200 0
DWIDTH 6 0
BBX 5 5 0 -1
BITMAP
40
20
50
F8
88
ENDCHAR
STARTCHAR uni00C1
ENCODING 193
SWIDTH 1200 0
DWIDTH 6 0
BBX 5 5 0 -1
BITMAP
10
20
50
F8
88
ENDCHAR
STARTCHAR uni00C3
ENCODING 195
SWIDTH 1200 0
DWIDTH 6 0
BBX 5 5 0 -1
BITMAP
70
20
50
F8
88
ENDCHAR
STARTCHAR uni00C4
ENCODING 196
SWIDTH 1200 0
DWIDTH 6 0
BBX 5 5 0 -1
BITMAP
88
20
50
F8
88
ENDCHAR
STARTCHAR uni00C5
ENCODING 197
SWIDTH 1200 0
DWIDTH 6 0
BBX 5 5 0 -1
BITMAP
70
70
50
F8
88
ENDCHAR
STARTCHAR uni00C6
ENCODING 198
SWIDTH 1200 0
DWIDTH 6 0
BBX 5 5 0 -1
BITMAP
78
A0
B8
E0
B8
ENDCHAR
STARTCHAR uni00C7
ENCODING 199
SWIDTH 1200 0
DWIDTH 6 0
BBX 5 5 0 -1
BITMAP
78
80
80
78
20
ENDCHAR
STARTCHAR uni00C8
ENCODING 200
SWIDTH 1200 0
DWIDTH 6 0
BBX 4 5 1 -1
BITMAP
80
40
C0
E0
F0
ENDCHAR
STARTCHAR uni00C9
ENCODING 201
SWIDTH 1200 0
DWIDTH 6 0
BBX 4 5 1 -1
BITMAP
20
40
C0
E0
F0
ENDCHAR
STARTCHAR uni00CB
ENCODING 203
SWIDTH 1200 0
DWIDTH 6 0
BBX 4 5 1 -1
BITMAP
A0
00
C0
E0
F0
ENDCHAR
STARTCHAR uni00CC
ENCODING 204
SWIDTH 1200 0
DWIDTH 6 0
BBX 5 5 0 -1
BITMAP
40
20
F8
20
F8
ENDCHAR
STARTCHAR uni00CD
ENCODING 205
SWIDTH 1200 0
DWIDTH 6 0
BBX 5 5 0 -1
BITMAP
10
20
F8
20
F8
ENDCHAR
STARTCHAR uni00CF
ENCODING 207
SWIDTH 1200 0
DWIDTH 6 0
BBX 5 5 0 -1
BITMAP
50
00
F8
20
F8
ENDCHAR
STARTCHAR uni00D0
ENCODING 208
SWIDTH 1200 0
DWIDTH 6 0
BBX 5 5 0 -1
BITMAP
70
48
E8
48
70
ENDCHAR
STARTCHAR uni00D1
ENCODING 209
SWIDTH 1200 0
DWIDTH 6 0
BBX 5 5 0 -1
BITMAP
70
00
C8
A8
98
ENDCHAR
STARTCHAR uni00D2
ENCODING 210
SWIDTH 1200 0
DWIDTH 6 0
BBX 5 5 0 -1
BITMAP
40
20
70
88
70
ENDCHAR
STARTCHAR uni00D3
ENCODING 211
SWIDTH 1200 0
DWIDTH 6 0
BBX 5 5 0 -1
BITMAP
10
20
70
88
70
ENDCHAR
STARTCHAR uni00D5
ENCODING 213
SWIDTH 1200 0
DWIDTH 6 0
BBX 5 5 0 -1
BITMAP
70
00
70
88
70
ENDCHAR
STARTCHAR uni00D6
ENCODING 214
SWIDTH 1200 0
DWIDTH 6 0
BBX 5 5 0 -1
BITMAP
50
00
70
88
70
ENDCHAR
STARTCHAR uni00D7
ENCODING 215
SWIDTH 1200 0
DWIDTH 6 0
BBX 3 3 1 0
BITMAP
A0
40
A0
ENDCHAR
STARTCHAR uni00D8
ENCODING 216
SWIDTH 1200 0
DWIDTH 6 0
BBX 5 5 0 -1
BITMAP
70
98
A8
C8
70
ENDCHAR
STARTCHAR uni00D9
ENCODING 217
SWIDTH 1200 0
DWIDTH 6 0
BBX 5 5 0 -1
BITMAP
40
20
88
88
70
ENDCHAR
STARTCHAR uni00DA
ENCODING 218
SWIDTH 1200 0
DWIDTH 6 0
BBX 5 5 0 -1
BITMAP
10
20
88
88
70
ENDCHAR
STARTCHAR uni00DC
ENCODING 220
SWIDTH 1200 0
DWIDTH 6 0
BBX 5 5 0 -1
BITMAP
50
00
88
88
70
ENDCHAR
STARTCHAR uni00DD
ENCODING 221
SWIDTH 1200 0
DWIDTH 6 0
BBX 5 5 0 -1
BITMAP
10
20
88
F8
20
ENDCHAR
STARTCHAR uni00DE
ENCODING 222
SWIDTH 1200 0
DWIDTH 6 0
BBX 5 5 0 -1
BITMAP
80
F0
88
F0
80
ENDCHAR
STARTCHAR uni00DF
ENCODING 223
SWIDTH 1200 0
DWIDTH 6 0
BBX 5 5 0 -1
BITMAP
70
88
90
88
B0
ENDCHAR
STARTCHAR uni00E0
ENCODING 224
SWIDTH 1200 0
DWIDTH 6 0
BBX 5 5 0 -1
BITMAP
40
20
50
F8
88
ENDCHAR
STARTCHAR uni00E1
ENCODING 225
SWIDTH 1200 0
DWIDTH 6 0
BBX 5 5 0 -1
BITMAP
10
20
50
F8
88
ENDCHAR
STARTCHAR uni00E3
ENCODING 227
SWIDTH 1200 0
DWIDTH 6 0
BBX 5 5 0 -1
BITMAP
70
20
50
F8
88
ENDCHAR
STARTCHAR uni00E4
ENCODING 228
SWIDTH 1200 0
DWIDTH 6 0
BBX 5 5 0 -1
BITMAP
88
20
50
F8
88
ENDCHAR
STARTCHAR uni00E5
ENCODING 229
SWIDTH 1200 0
DWIDTH 6 0
BBX 5 5 0 -1
BITMAP
70
70
50
F8
88
ENDCHAR
STARTCHAR uni00E6
ENCODING 230
SWIDTH 1200 0
DWIDTH 6 0
BBX 5 5 0 -1
BITMAP
78
A0
B8
E0
B8
ENDCHAR
STARTCHAR uni00E7
ENCODING 231
SWIDTH 1200 0
DWIDTH 6 0
BBX 5 5 0 -1
BITMAP
78
80
80
78
20
ENDCHAR
STARTCHAR uni00E8
ENCODING 232
SWIDTH 1200 0
DWIDTH 6 0
BBX 4 5 1 -1
BITMAP
80
40
C0
E0
F0
ENDCHAR
STARTCHAR uni00E9
ENCODING 233
SWIDTH 1200 0
DWIDTH 6 0
BBX 4 5 1 -1
BITMAP
20
40
C0
E0
F0
ENDCHAR
STARTCHAR uni00EB
ENCODING 235
SWIDTH 1200 0
DWIDTH 6 0
BBX 4 5 1 -1
BITMAP
A0
00
C0
E0
F0
ENDCHAR
STARTCHAR uni00EC
ENCODING 236
SWIDTH 1200 0
DWIDTH 6 0
BBX 5 5 0 -1
BITMAP
40
20
F8
20
F8
ENDCHAR
STARTCHAR uni00ED
ENCODING 237
SWIDTH 1200 0
DWIDTH 6 0
BBX 5 5 0 -1
BITMAP
10
20
F8
20
F8
ENDCHAR
STARTCHAR uni00EF
ENCODING 239
SWIDTH 1200 0
DWIDTH 6 0
BBX 5 5 0 -1
BITMAP
50
00
F8
20
F8
ENDCHAR
STARTCHAR uni00F0
ENCODING 240
SWIDTH 1200 0
DWIDTH 6 0
BBX 5 5 0 -1
BITMAP
70
48
E8
48
70
ENDCHAR
STARTCHAR uni00F1
ENCODING 241
SWIDTH 1200 0
DWIDTH 6 0
BBX 5 5 0 -1
BITMAP
70
00
C8
A8
98
ENDCHAR
STARTCHAR uni00F2
ENCODING 242
SWIDTH 1200 0
DWIDTH 6 0
BBX 5 5 0 -1
BITMAP
40
20
70
88
70
ENDCHAR
STARTCHAR uni00F3
ENCODING 243
SWIDTH 1200 0
DWIDTH 6 0
BBX 5 5 0 -1
BITMAP
10
20
70
88
70
ENDCHAR
STARTCHAR uni00F5
ENCODING 245
SWIDTH 1200 0
DWIDTH 6 0
BBX 5 5 0 -1
BITMAP
70
00
70
88
70
ENDCHAR
STARTCHAR uni00F6
ENCODING 246
SWIDTH 1200 0
DWIDTH 6 0
BBX 5 5 0 -1
BITMAP
50
00
70
88
70
ENDCHAR
STARTCHAR uni00F7
ENCODING 247
SWIDTH 1200 0
DWIDTH 6 0
BBX 5 5 0 -1
BITMAP
20
00
F8
00
20
ENDCHAR
STARTCHAR uni00F8
ENCODING 248
SWIDTH 1200 0
DWIDTH 6 0
BBX 5 5 0 -1
BITMAP
70
98
A8
C8
70
ENDCHAR
STARTCHAR uni00F9
ENCODING 249
SWIDTH 1200 0
DWIDTH 6 0
BBX 5 5 0 -1
BITMAP
40
20
88
88
70
ENDCHAR
STARTCHAR uni00FA
ENCODING 250
SWIDTH 1200 0
DWIDTH 6 0
BBX 5 5 0 -1
BITMAP
10
20
88
88
70
ENDCHAR
STARTCHAR uni00FC
ENCODING 252
SWIDTH 1200 0
DWIDTH 6 0
BBX 5 5 0 -1
BITMAP
50
00
88
88
70
ENDCHAR
STARTCHAR uni00FD
ENCODING 253
SWIDTH 1200 0
DWIDTH 6 0
BBX 5 5 0 -1
BITMAP
10
20
88
F8
20
ENDCHAR
STARTCHAR uni00FE
ENCODING 254
SWIDTH 1200 0
DWIDTH 6 0
BBX 5 5 0 -1
BITMAP
80
F0
88
F0
80
ENDCHAR
STARTCHAR uni00FF
ENCODING 255
SWIDTH 1200 0
DWIDTH 6 0
BBX 5 5 0 -1
BITMAP
50
00
88
F8
20
ENDCHAR
STARTCHAR uni0100
ENCODING 256
SWIDTH 1200 0
DWIDTH 6 0
BBX 5 5 0 -1
BITMAP
F8
70
88
F8
88
ENDCHAR
STARTCHAR uni0101
ENCODING 257
SWIDTH 1200 0
DWIDTH 6 0
BBX 5 5 0 -1
BITMAP
F8
70
88
F8
88
ENDCHAR
STARTCHAR uni0104
ENCODING 260
SWIDTH 1200 0
DWIDTH 6 0
BBX 5 5 0 -1
BITMAP
70
88
F8
88
98
ENDCHAR
STARTCHAR uni0105
ENCODING 261
SWIDTH 1200 0
DWIDTH 6 0
BBX 5 5 0 -1
BITMAP
70
88
F8
88
98
ENDCHAR
STARTCHAR uni0106
ENCODING 262
SWIDTH 1200 0
DWIDTH 6 0
BBX 5 5 0 -1
BITMAP
10
20
78
80
78
ENDCHAR
STARTCHAR uni0107
ENCODING 263
SWIDTH 1200 0
DWIDTH 6 0
BBX 5 5 0 -1
BITMAP
10
20
78
80
78
ENDCHAR
STARTCHAR uni010A
ENCODING 266
SWIDTH 1200 0
DWIDTH 6 0
BBX 5 5 0 -1
BITMAP
20
00
78
80
78
ENDCHAR
STARTCHAR uni010B
ENCODING 267
SWIDTH 1200 0
DWIDTH 6 0
BBX 5 5 0 -1
BITMAP
20
00
78
80
78
ENDCHAR
STARTCHAR uni010C
ENCODING 268
SWIDTH 1200 0
DWIDTH 6 0
BBX 5 5 0 -1
BITMAP
50
20
78
80
78
ENDCHAR
STARTCHAR uni010D
ENCODING 269
SWIDTH 1200 0
DWIDTH 6 0
BBX 5 5 0 -1
BITMAP
50
20
78
80
78
ENDCHAR
STARTCHAR uni0110
ENCODING 272
SWIDTH 1200 0
DWIDTH 6 0
BBX 5 5 0 -1
BITMAP
70
48
E8
48
70
ENDCHAR
STARTCHAR uni0111
ENCODING 273
SWIDTH 1200 0
DWIDTH 6 0
BBX 5 5 0 -1
BITMAP
70
48
E8
48
70
ENDCHAR
STARTCHAR uni0112
ENCODING 274
SWIDTH 1200 0
DWIDTH 6 0
BBX 5 5 0 -1
BITMAP
F8
00
60
70
78
ENDCHAR
STARTCHAR uni0113
ENCODING 275
SWIDTH 1200 0
DWIDTH 6 0
BBX 5 5 0 -1
BITMAP
F8
00
60
70
78
ENDCHAR
STARTCHAR uni0116
ENCODING 278
SWIDTH 1200 0
DWIDTH 6 0
BBX 5 5 0 -1
BITMAP
E8
80
E0
80
F0
ENDCHAR
STARTCHAR uni0117
ENCODING 279
SWIDTH 1200 0
DWIDTH 6 0
BBX 5 5 0 -1
BITMAP
E8
80
E0
80
F0
ENDCHAR
STARTCHAR uni0118
ENCODING 280
SWIDTH 1200 0
DWIDTH 6 0
BBX 5 5 0 -1
BITMAP
F8
80
E0
88
F8
ENDCHAR
STARTCHAR uni0119
ENCODING 281
SWIDTH 1200 0
DWIDTH 6 0
BBX 5 5 0 -1
BITMAP
F8
80
E0
88
F8
ENDCHAR
STARTCHAR uni0120
ENCODING 288
SWIDTH 1200 0
DWIDTH 6 0
BBX 5 5 0 -1
BITMAP
68
80
B8
88
78
ENDCHAR
STARTCHAR uni0121
ENCODING 289
SWIDTH 1200 0
DWIDTH 6 0
BBX 5 5 0 -1
BITMAP
68
80
B8
88
78
ENDCHAR
STARTCHAR uni0122
ENCODING 290
SWIDTH 1200 0
DWIDTH 6 0
BBX 5 5 0 -1
BITMAP
38
40
58
48
B8
ENDCHAR
STARTCHAR uni0123
ENCODING 291
SWIDTH 1200 0
DWIDTH 6 0
BBX 5 5 0 -1
BITMAP
38
40
58
48
B8
ENDCHAR
STARTCHAR uni0126
ENCODING 294
SWIDTH 1200 0
DWIDTH 6 0
BBX 5 5 0 -1
BITMAP
50
F8
50
70
50
ENDCHAR
STARTCHAR uni0127
ENCODING 295
SWIDTH 1200 0
DWIDTH 6 0
BBX 5 5 0 -1
BITMAP
50
F8
50
70
50
ENDCHAR
STARTCHAR uni0128
ENCODING 296
SWIDTH 1200 0
DWIDTH 6 0
BBX 5 5 0 -1
BITMAP
70
00
F8
20
F8
ENDCHAR
STARTCHAR uni0129
ENCODING 297
SWIDTH 1200 0
DWIDTH 6 0
BBX 5 5 0 -1
BITMAP
70
00
F8
20
F8
ENDCHAR
STARTCHAR uni012A
ENCODING 298
SWIDTH 1200 0
DWIDTH 6 0
BBX 5 5 0 -1
BITMAP
70
00
F8
20
F8
ENDCHAR
STARTCHAR uni012B
ENCODING 299
SWIDTH 1200 0
DWIDTH 6 0
BBX 5 5 0 -1
BITMAP
70
00
F8
20
F8
ENDCHAR
STARTCHAR uni012E
ENCODING 302
SWIDTH 1200 0
DWIDTH 6 0
BBX 5 5 0 -1
BITMAP
F8
20
20
28
F8
ENDCHAR
STARTCHAR uni012F
ENCODING 303
SWIDTH 1200 0
DWIDTH 6 0
BBX 5 5 0 -1
BITMAP
F8
20
20
28
F8
ENDCHAR
STARTCHAR uni0130
ENCODING 304
SWIDTH 1200 0
DWIDTH 6 0
BBX 5 5 0 -1
BITMAP
20
00
F8
20
F8
ENDCHAR
STARTCHAR uni0131
ENCODING 305
SWIDTH 1200 0
DWIDTH 6 0
BBX 5 5 0 -1
BITMAP
20
00
F8
20
F8
ENDCHAR
STARTCHAR uni0132
ENCODING 306
SWIDTH 1200 0
DWIDTH 6 0
BBX 5 5 0 -1
BITMAP
88
88
88
A8
B8
ENDCHAR
STARTCHAR uni0133
ENCODING 307
SWIDTH 1200 0
DWIDTH 6 0
BBX 5 5 0 -1
BITMAP
88
88
88
A8
B8
ENDCHAR
STARTCHAR uni0136
ENCODING 310
SWIDTH 1200 0
DWIDTH 6 0
BBX 5 5 0 -1
BITMAP
88
90
E0
90
A8
ENDCHAR
STARTCHAR uni0137
ENCODING 311
SWIDTH 1200 0
DWIDTH 6 0
BBX 5 5 0 -1
BITMAP
88
90
E0
90
A8
ENDCHAR
STARTCHAR uni0139
ENCODING 313
SWIDTH 1200 0
DWIDTH 6 0
BBX 5 5 0 -1
BITMAP
10
A0
80
80
F8
ENDCHAR
STARTCHAR uni013A
ENCODING 314
SWIDTH 1200 0
DWIDTH 6 0
BBX 5 5 0 -1
BITMAP
10
A0
80
80
F8
ENDCHAR
STARTCHAR uni013B
ENCODING 315
SWIDTH 1200 0
DWIDTH 6 0
BBX 5 5 0 -1
BITMAP
80
80
80
F8
20
ENDCHAR
STARTCHAR uni013C
ENCODING 316
SWIDTH 1200 0
DWIDTH 6 0
BBX 5 5 0 -1
BITMAP
80
80
80
F8
20
ENDCHAR
STARTCHAR uni013D
ENCODING 317
SWIDTH 1200 0
DWIDTH 6 0
BBX 5 5 0 -1
BITMAP
90
90
80
80
F8
ENDCHAR
STARTCHAR uni013E
ENCODING 318
SWIDTH 1200 0
DWIDTH 6 0
BBX 5 5 0 -1
BITMAP
90
90
80
80
F8
ENDCHAR
STARTCHAR uni013F
ENCODING 319
SWIDTH 1200 0
DWIDTH 6 0
BBX 5 5 0 -1
BITMAP
80
80
A0
80
F8
ENDCHAR
STARTCHAR uni0140
ENCODING 320
SWIDTH 1200 0
DWIDTH 6 0
BBX 5 5 0 -1
BITMAP
80
80
A0
80
F8
ENDCHAR
STARTCHAR uni0141
ENCODING 321
SWIDTH 1200 0
DWIDTH 6 0
BBX 5 5 0 -1
BITMAP
40
40
E0
40
78
ENDCHAR
STARTCHAR uni0142
ENCODING 322
SWIDTH 1200 0
DWIDTH 6 0
BBX 5 5 0 -1
BITMAP
40
40
E0
40
78
ENDCHAR
STARTCHAR uni0143
ENCODING 323
SWIDTH 1200 0
DWIDTH 6 0
BBX 5 5 0 -1
BITMAP
10
20
C8
A8
98
ENDCHAR
STARTCHAR uni0144
ENCODING 324
SWIDTH 1200 0
DWIDTH 6 0
BBX 5 5 0 -1
BITMAP
10
20
C8
A8
98
ENDCHAR
STARTCHAR uni0145
ENCODING 325
SWIDTH 1200 0
DWIDTH 6 0
BBX 5 5 0 -1
BITMAP
C8
A8
98
88
A8
ENDCHAR
STARTCHAR uni0146
ENCODING 326
SWIDTH 1200 0
DWIDTH 6 0
BBX 5 5 0 -1
BITMAP
C8
A8
98
88
A8
ENDCHAR
STARTCHAR uni0147
ENCODING 327
SWIDTH 1200 0
DWIDTH 6 0
BBX 5 5 0 -1
BITMAP
50
20
C8
A8
98
ENDCHAR
STARTCHAR uni0148
ENCODING 328
SWIDTH 1200 0
DWIDTH 6 0
BBX 5 5 0 -1
BITMAP
50
20
C8
A8
98
ENDCHAR
STARTCHAR uni014A
ENCODING 330
SWIDTH 1200 0
DWIDTH 6 0
BBX 5 5 0 -1
BITMAP
B0
C8
88
88
98
ENDCHAR
STARTCHAR uni014B
ENCODING 331
SWIDTH 1200 0
DWIDTH 6 0
BBX 5 5 0 -1
BITMAP
B0
C8
88
88
98
ENDCHAR
STARTCHAR uni014C
ENCODING 332
SWIDTH 1200 0
DWIDTH 6 0
BBX 5 5 0 -1
BITMAP
70
00
70
88
70
ENDCHAR
STARTCHAR uni014D
ENCODING 333
SWIDTH 1200 0
DWIDTH 6 0
BBX 5 5 0 -1
BITMAP
70
00
70
88
70
ENDCHAR
STARTCHAR uni0150
ENCODING 336
SWIDTH 1200 0
DWIDTH 6 0
BBX 5 5 0 -1
BITMAP
28
50
70
88
70
ENDCHAR
STARTCHAR uni0151
ENCODING 337
SWIDTH 1200 0
DWIDTH 6 0
BBX 5 5 0 -1
BITMAP
28
50
70
88
70
ENDCHAR
STARTCHAR uni0152
ENCODING 338
SWIDTH 1200 0
DWIDTH 6 0
BBX 5 5 0 -1
BITMAP
78
A0
B8
A0
78
ENDCHAR
STARTCHAR uni0153
ENCODING 339
SWIDTH 1200 0
DWIDTH 6 0
BBX 5 5 0 -1
BITMAP
78
A0
B8
A0
78
ENDCHAR
STARTCHAR uni015A
ENCODING 346
SWIDTH 1200 0
DWIDTH 6 0
BBX 5 5 0 -1
BITMAP
08
10
38
20
E0
ENDCHAR
STARTCHAR uni015B
ENCODING 347
SWIDTH 1200 0
DWIDTH 6 0
BBX 5 5 0 -1
BITMAP
08
10
38
20
E0
ENDCHAR
STARTCHAR uni0160
ENCODING 352
SWIDTH 1200 0
DWIDTH 6 0
BBX 5 5 0 -1
BITMAP
50
20
38
20
E0
ENDCHAR
STARTCHAR uni0161
ENCODING 353
SWIDTH 1200 0
DWIDTH 6 0
BBX 5 5 0 -1
BITMAP
50
20
38
20
E0
ENDCHAR
STARTCHAR uni0162
ENCODING 354
SWIDTH 1200 0
DWIDTH 6 0
BBX 5 5 0 -1
BITMAP
F8
20
20
20
40
ENDCHAR
STARTCHAR uni0163
ENCODING 355
SWIDTH 1200 0
DWIDTH 6 0
BBX 5 5 0 -1
BITMAP
F8
20
20
20
40
ENDCHAR
STARTCHAR uni0164
ENCODING 356
SWIDTH 1200 0
DWIDTH 6 0
BBX 5 5 0 -1
BITMAP
50
20
F8
20
20
ENDCHAR
STARTCHAR uni0165
ENCODING 357
SWIDTH 1200 0
DWIDTH 6 0
BBX 5 5 0 -1
BITMAP
50
20
F8
20
20
ENDCHAR
STARTCHAR uni0166
ENCODING 358
SWIDTH 1200 0
DWIDTH 6 0
BBX 5 5 0 -1
BITMAP
F8
20
70
20
20
ENDCHAR
STARTCHAR uni0167
ENCODING 359
SWIDTH 1200 0
DWIDTH 6 0
BBX 5 5 0 -1
BITMAP
F8
20
70
20
20
ENDCHAR
STARTCHAR uni0168
ENCODING 360
SWIDTH 1200 0
DWIDTH 6 0
BBX 5 5 0 -1
BITMAP
70
00
88
88
70
ENDCHAR
STARTCHAR uni0169
ENCODING 361
SWIDTH 1200 0
DWIDTH 6 0
BBX 5 5 0 -1
BITMAP
70
00
88
88
70
ENDCHAR
STARTCHAR uni016A
ENCODING 362
SWIDTH 1200 0
DWIDTH 6 0
BBX 5 5 0 -1
BITMAP
70
00
88
88
70
ENDCHAR
STARTCHAR uni016B
ENCODING 363
SWIDTH 1200 0
DWIDTH 6 0
BBX 5 5 0 -1
BITMAP
70
00
88
88
70
ENDCHAR
STARTCHAR uni0170
ENCODING 368
SWIDTH 1200 0
DWIDTH 6 0
BBX 5 5 0 -1
BITMAP
28
50
88
88
70
ENDCHAR
STARTCHAR uni0171
ENCODING 369
SWIDTH 1200 0
DWIDTH 6 0
BBX 5 5 0 -1
BITMAP
28
50
88
88
70
ENDCHAR
STARTCHAR uni0172
ENCODING 370
SWIDTH 1200 0
DWIDTH 6 0
BBX 5 5 0 -1
BITMAP
90
90
90
90
78
ENDCHAR
STARTCHAR uni0173
ENCODING 371
SWIDTH 1200 0
DWIDTH 6 0
BBX 5 5 0 -1
BITMAP
90
90
90
90
78
ENDCHAR
STARTCHAR uni0178
ENCODING 376
SWIDTH 1200 0
DWIDTH 6 0
BBX 5 5 0 -1
BITMAP
50
00
88
F8
20
ENDCHAR
STARTCHAR uni0179
ENCODING 377
SWIDTH 1200 0
DWIDTH 6 0
BBX 5 5 0 -1
BITMAP
80
40
E0
20
38
ENDCHAR
STARTCHAR uni017A
ENCODING 378
SWIDTH 1200 0
DWIDTH 6 0
BBX 5 5 0 -1
BITMAP
80
40
E0
20
38
ENDCHAR
STARTCHAR uni017B
ENCODING 379
SWIDTH 1200 0
DWIDTH 6 0
BBX 5 5 0 -1
BITMAP
E8
20
40
80
F0
ENDCHAR
STARTCHAR uni017C
ENCODING 380
SWIDTH 1200 0
DWIDTH 6 0
BBX 5 5 0 -1
BITMAP
E8
20
40
80
F0
ENDCHAR
STARTCHAR uni017D
ENCODING 381
SWIDTH 1200 0
DWIDTH 6 0
BBX 5 5 0 -1
BITMAP
50
20
E0
20
38
ENDCHAR
STARTCHAR uni017E
ENCODING 382
SWIDTH 1200 0
DWIDTH 6 0
BBX 5 5 0 -1
BITMAP
50
20
E0
20
38
ENDCHAR
STARTCHAR uni017F
ENCODING 383
SWIDTH 1200 0
DWIDTH 6 0
BBX 3 5 1 -1
BITMAP
60
80
80
80
80
ENDCHAR
STARTCHAR uni0181
ENCODING 385
SWIDTH 1200 0
DWIDTH 6 0
BBX 5 5 0 -1
BITMAP
F0
48
70
48
70
ENDCHAR
STARTCHAR uni0186
ENCODING 390
SWIDTH 1200 0
DWIDTH 6 0
BBX 5 5 0 -1
BITMAP
70
88
08
88
70
ENDCHAR
STARTCHAR uni0189
ENCODING 393
SWIDTH 1200 0
DWIDTH 6 0
BBX 5 5 0 -1
BITMAP
70
48
E8
48
70
ENDCHAR
STARTCHAR uni018A
ENCODING 394
SWIDTH 1200 0
DWIDTH 6 0
BBX 5 5 0 -1
BITMAP
F0
48
48
48
70
ENDCHAR
STARTCHAR uni018E
ENCODING 398
SWIDTH 1200 0
DWIDTH 6 0
BBX 5 5 0 -1
BITMAP
F8
08
78
08
F8
ENDCHAR
STARTCHAR uni018F
ENCODING 399
SWIDTH 1200 0
DWIDTH 6 0
BBX 5 5 0 -1
BITMAP
F0
08
F8
88
70
ENDCHAR
STARTCHAR uni0190
ENCODING 400
SWIDTH 1200 0
DWIDTH 6 0
BBX 5 5 0 -1
BITMAP
70
88
60
88
70
ENDCHAR
STARTCHAR uni0191
ENCODING 401
SWIDTH 1200 0
DWIDTH 6 0
BBX 5 5 0 -1
BITMAP
78
40
70
40
C0
ENDCHAR
STARTCHAR uni0192
ENCODING 402
SWIDTH 1200 0
DWIDTH 6 0
BBX 5 5 0 -1
BITMAP
78
40
70
40
C0
ENDCHAR
STARTCHAR uni0193
ENCODING 403
SWIDTH 1200 0
DWIDTH 6 0
BBX 5 5 0 -1
BITMAP
78
80
B0
90
70
ENDCHAR
STARTCHAR uni0194
ENCODING 404
SWIDTH 1200 0
DWIDTH 6 0
BBX 5 5 0 -1
BITMAP
88
50
20
50
20
ENDCHAR
STARTCHAR uni0197
ENCODING 407
SWIDTH 1200 0
DWIDTH 6 0
BBX 5 5 0 -1
BITMAP
F8
20
70
20
F8
ENDCHAR
STARTCHAR uni0198
ENCODING 408
SWIDTH 1200 0
DWIDTH 6 0
BBX 5 5 0 -1
BITMAP
C8
90
E0
90
88
ENDCHAR
STARTCHAR uni0199
ENCODING 409
SWIDTH 1200 0
DWIDTH 6 0
BBX 5 5 0 -1
BITMAP
C8
90
E0
90
88
ENDCHAR
STARTCHAR uni019D
ENCODING 413
SWIDTH 1200 0
DWIDTH 6 0
BBX 5 5 0 -1
BITMAP
48
68
58
48
C8
ENDCHAR
STARTCHAR uni01A0
ENCODING 416
SWIDTH 1200 0
DWIDTH 6 0
BBX 5 5 0 -1
BITMAP
68
98
90
90
60
ENDCHAR
STARTCHAR uni01A1
ENCODING 417
SWIDTH 1200 0
DWIDTH 6 0
BBX 5 5 0 -1
BITMAP
68
98
90
90
60
ENDCHAR
STARTCHAR uni01A2
ENCODING 418
SWIDTH 1200 0
DWIDTH 6 0
BBX 5 5 0 -1
BITMAP
70
A8
A8
A8
48
ENDCHAR
STARTCHAR uni01A3
ENCODING 419
SWIDTH 1200 0
DWIDTH 6 0
BBX 5 5 0 -1
BITMAP
70
A8
A8
A8
48
ENDCHAR
STARTCHAR uni01AF
ENCODING 431
SWIDTH 1200 0
DWIDTH 6 0
BBX 5 5 0 -1
BITMAP
98
98
90
90
60
ENDCHAR
STARTCHAR uni01B0
ENCODING 432
SWIDTH 1200 0
DWIDTH 6 0
BBX 5 5 0 -1
BITMAP
98
98
90
90
60
ENDCHAR
STARTCHAR uni01B1
ENCODING 433
SWIDTH 1200 0
DWIDTH 6 0
BBX 5 5 0 -1
BITMAP
D8
50
88
88
70
ENDCHAR
STARTCHAR uni01B2
ENCODING 434
SWIDTH 1200 0
DWIDTH 6 0
BBX 5 5 0 -1
BITMAP
98
88
88
88
70
ENDCHAR
STARTCHAR uni01B3
ENCODING 435
SWIDTH 1200 0
DWIDTH 6 0
BBX 5 5 0 -1
BITMAP
98
90
70
20
20
ENDCHAR
STARTCHAR uni01B4
ENCODING 436
SWIDTH 1200 0
DWIDTH 6 0
BBX 5 5 0 -1
BITMAP
98
90
70
20
20
ENDCHAR
STARTCHAR uni01B7
ENCODING 439
SWIDTH 1200 0
DWIDTH 6 0
BBX 5 5 0 -1
BITMAP
F8
08
30
88
70
ENDCHAR
STARTCHAR uni01B8
ENCODING 440
SWIDTH 1200 0
DWIDTH 6 0
BBX 5 5 0 -1
BITMAP
F8
80
60
88
70
ENDCHAR
STARTCHAR uni01B9
ENCODING 441
SWIDTH 1200 0
DWIDTH 6 0
BBX 5 5 0 -1
BITMAP
F8
80
60
88
70
ENDCHAR
STARTCHAR uni01C0
ENCODING 448
SWIDTH 1200 0
DWIDTH 6 0
BBX 1 5 2 -1
BITMAP
80
80
80
80
80
ENDCHAR
STARTCHAR uni01C1
ENCODING 449
SWIDTH 1200 0
DWIDTH 6 0
BBX 3 5 1 -1
BITMAP
A0
A0
A0
A0
A0
ENDCHAR
STARTCHAR uni01C2
ENCODING 450
SWIDTH 1200 0
DWIDTH 6 0
BBX 5 5 0 -1
BITMAP
20
F8
20
F8
20
ENDCHAR
STARTCHAR uni01C3
ENCODING 451
SWIDTH 1200 0
DWIDTH 6 0
BBX 1 5 2 -1
BITMAP
80
80
80
00
80
ENDCHAR
STARTCHAR uni01CF
ENCODING 463
SWIDTH 1200 0
DWIDTH 6 0
BBX 5 5 0 -1
BITMAP
50
20
F8
20
F8
ENDCHAR
STARTCHAR uni01D0
ENCODING 464
SWIDTH 1200 0
DWIDTH 6 0
BBX 5 5 0 -1
BITMAP
50
20
F8
20
F8
ENDCHAR
STARTCHAR uni01D1
ENCODING 465
SWIDTH 1200 0
DWIDTH 6 0
BBX 5 5 0 -1
BITMAP
50
20
70
88
70
ENDCHAR
STARTCHAR uni01D2
ENCODING 466
SWIDTH 1200 0
DWIDTH 6 0
BBX 5 5 0 -1
BITMAP
50
20
70
88
70
ENDCHAR
STARTCHAR uni01DD
ENCODING 477
SWIDTH 1200 0
DWIDTH 6 0
BBX 5 5 0 -1
BITMAP
F8
08
78
08
F8
ENDCHAR
STARTCHAR uni01EA
ENCODING 490
SWIDTH 1200 0
DWIDTH 6 0
BBX 5 5 0 -1
BITMAP
60
90
90
90
78
ENDCHAR
STARTCHAR uni01EB
ENCODING 491
SWIDTH 1200 0
DWIDTH 6 0
BBX 5 5 0 -1
BITMAP
60
90
90
90
78
ENDCHAR
STARTCHAR uni01F8
ENCODING 504
SWIDTH 1200 0
DWIDTH 6 0
BBX 5 5 0 -1
BITMAP
40
20
C8
A8
98
ENDCHAR
STARTCHAR uni01F9
ENCODING 505
SWIDTH 1200 0
DWIDTH 6 0
BBX 5 5 0 -1
BITMAP
40
20
C8
A8
98
ENDCHAR
STARTCHAR uni021A
ENCODING 538
SWIDTH 1200 0
DWIDTH 6 0
BBX 5 5 0 -1
BITMAP
F8
20
20
20
40
ENDCHAR
STARTCHAR uni021B
ENCODING 539
SWIDTH 1200 0
DWIDTH 6 0
BBX 5 5 0 -1
BITMAP
F8
20
20
20
40
ENDCHAR
STARTCHAR uni021E
ENCODING 542
SWIDTH 1200 0
DWIDTH 6 0
BBX 5 5 0 -1
BITMAP
50
20
88
F8
88
ENDCHAR
STARTCHAR uni021F
ENCODING 543
SWIDTH 1200 0
DWIDTH 6 0
BBX 5 5 0 -1
BITMAP
50
20
88
F8
88
ENDCHAR
STARTCHAR uni022E
ENCODING 558
SWIDTH 1200 0
DWIDTH 6 0
BBX 5 5 0 -1
BITMAP
20
00
70
88
70
ENDCHAR
STARTCHAR uni022F
ENCODING 559
SWIDTH 1200 0
DWIDTH 6 0
BBX 5 5 0 -1
BITMAP
20
00
70
88
70
ENDCHAR
STARTCHAR uni0241
ENCODING 577
SWIDTH 1200 0
DWIDTH 6 0
BBX 5 5 0 -1
BITMAP
70
88
10
20
20
ENDCHAR
STARTCHAR uni0242
ENCODING 578
SWIDTH 1200 0
DWIDTH 6 0
BBX 5 5 0 -1
BITMAP
70
88
10
20
20
ENDCHAR
STARTCHAR uni0244
ENCODING 580
SWIDTH 1200 0
DWIDTH 6 0
BBX 5 5 0 -1
BITMAP
88
88
F8
88
70
ENDCHAR
STARTCHAR uni0253
ENCODING 595
SWIDTH 1200 0
DWIDTH 6 0
BBX 5 5 0 -1
BITMAP
F0
48
70
48
70
ENDCHAR
STARTCHAR uni0254
ENCODING 596
SWIDTH 1200 0
DWIDTH 6 0
BBX 5 5 0 -1
BITMAP
70
88
08
88
70
ENDCHAR
STARTCHAR uni0256
ENCODING 598
SWIDTH 1200 0
DWIDTH 6 0
BBX 5 5 0 -1
BITMAP
70
48
E8
48
70
ENDCHAR
STARTCHAR uni0257
ENCODING 599
SWIDTH 1200 0
DWIDTH 6 0
BBX 5 5 0 -1
BITMAP
F0
48
48
48
70
ENDCHAR
STARTCHAR uni0259
ENCODING 601
SWIDTH 1200 0
DWIDTH 6 0
BBX 5 5 0 -1
BITMAP
F0
08
F8
88
70
ENDCHAR
STARTCHAR uni025B
ENCODING 603
SWIDTH 1200 0
DWIDTH 6 0
BBX 5 5 0 -1
BITMAP
70
88
60
88
70
ENDCHAR
STARTCHAR uni0260
ENCODING 608
SWIDTH 1200 0
DWIDTH 6 0
BBX 5 5 0 -1
BITMAP
78
80
B0
90
70
ENDCHAR
STARTCHAR uni0263
ENCODING 611
SWIDTH 1200 0
DWIDTH 6 0
BBX 5 5 0 -1
BITMAP
88
50
20
50
20
ENDCHAR
STARTCHAR uni0268
ENCODING 616
SWIDTH 1200 0
DWIDTH 6 0
BBX 5 5 0 -1
BITMAP
F8
20
70
20
F8
ENDCHAR
STARTCHAR uni0272
ENCODING 626
SWIDTH 1200 0
DWIDTH 6 0
BBX 5 5 0 -1
BITMAP
48
68
58
48
C8
ENDCHAR
STARTCHAR uni0278
ENCODING 632
SWIDTH 1200 0
DWIDTH 6 0
BBX 5 5 0 -1
BITMAP
20
F8
A8
F8
20
ENDCHAR
STARTCHAR uni0289
ENCODING 649
SWIDTH 1200 0
DWIDTH 6 0
BBX 5 5 0 -1
BITMAP
88
88
F8
88
70
ENDCHAR
STARTCHAR uni028B
ENCODING 651
SWIDTH 1200 0
DWIDTH 6 0
BBX 5 5 0 -1
BITMAP
98
88
88
88
70
ENDCHAR
STARTCHAR uni0292
ENCODING 658
SWIDTH 1200 0
DWIDTH 6 0
BBX 5 5 0 -1
BITMAP
F8
08
30
88
70
ENDCHAR
STARTCHAR uni0294
ENCODING 660
SWIDTH 1200 0
DWIDTH 6 0
BBX 5 5 0 -1
BITMAP
70
88
10
20
20
ENDCHAR
STARTCHAR uni0295
ENCODING 661
SWIDTH 1200 0
DWIDTH 6 0
BBX 5 5 0 -1
BITMAP
70
88
40
20
20
ENDCHAR
STARTCHAR uni0296
ENCODING 662
SWIDTH 1200 0
DWIDTH 6 0
BBX 5 5 0 -1
BITMAP
20
20
10
88
70
ENDCHAR
STARTCHAR uni02AD
ENCODING 685
SWIDTH 1200 0
DWIDTH 6 0
BBX 3 5 1 -1
BITMAP
E0
A0
00
E0
A0
ENDCHAR
STARTCHAR uni02B9
ENCODING 697
SWIDTH 1200 0
DWIDTH 6 0
BBX 1 2 2 2
BITMAP
80
80
ENDCHAR
STARTCHAR uni02BA
ENCODING 698
SWIDTH 1200 0
DWIDTH 6 0
BBX 3 2 1 2
BITMAP
A0
A0
ENDCHAR
STARTCHAR uni02BB
ENCODING 699
SWIDTH 1200 0
DWIDTH 6 0
BBX 1 2 2 2
BITMAP
80
80
ENDCHAR
STARTCHAR uni02BC
ENCODING 700
SWIDTH 1200 0
DWIDTH 6 0
BBX 1 2 2 2
BITMAP
80
80
ENDCHAR
STARTCHAR uni02BD
ENCODING 701
SWIDTH 1200 0
DWIDTH 6 0
BBX 1 2 2 2
BITMAP
80
80
ENDCHAR
STARTCHAR uni02C2
ENCODING 706
SWIDTH 1200 0
DWIDTH 6 0
BBX 3 5 1 -1
BITMAP
20
40
80
40
20
ENDCHAR
STARTCHAR uni02C3
ENCODING 707
SWIDTH 1200 0
DWIDTH 6 0
BBX 3 5 1 -1
BITMAP
80
40
20
40
80
ENDCHAR
STARTCHAR uni02C4
ENCODING 708
SWIDTH 1200 0
DWIDTH 6 0
BBX 5 3 0 0
BITMAP
20
50
88
ENDCHAR
STARTCHAR uni02C5
ENCODING 709
SWIDTH 1200 0
DWIDTH 6 0
BBX 5 3 0 0
BITMAP
88
50
20
ENDCHAR
STARTCHAR uni02D0
ENCODING 720
SWIDTH 1200 0
DWIDTH 6 0
BBX 3 5 1 -1
BITMAP
E0
40
00
40
E0
ENDCHAR
STARTCHAR uni02D1
ENCODING 721
SWIDTH 1200 0
DWIDTH 6 0
BBX 3 2 1 2
BITMAP
E0
40
ENDCHAR
STARTCHAR uni02FD
ENCODING 765
SWIDTH 1200 0
DWIDTH 6 0
BBX 3 2 1 -1
BITMAP
A0
E0
ENDCHAR
STARTCHAR uni0370
ENCODING 880
SWIDTH 1200 0
DWIDTH 6 0
BBX 5 5 0 -1
BITMAP
80
80
F8
80
80
ENDCHAR
STARTCHAR uni0371
ENCODING 881
SWIDTH 1200 0
DWIDTH 6 0
BBX 5 5 0 -1
BITMAP
80
80
F8
80
80
ENDCHAR
STARTCHAR uni0372
ENCODING 882
SWIDTH 1200 0
DWIDTH 6 0
BBX 5 5 0 -1
BITMAP
F8
A8
A8
20
20
ENDCHAR
STARTCHAR uni0373
ENCODING 883
SWIDTH 1200 0
DWIDTH 6 0
BBX 5 5 0 -1
BITMAP
F8
A8
A8
20
20
ENDCHAR
STARTCHAR uni0374
ENCODING 884
SWIDTH 1200 0
DWIDTH 6 0
BBX 1 1 2 3
BITMAP
80
ENDCHAR
STARTCHAR uni0375
ENCODING 885
SWIDTH 1200 0
DWIDTH 6 0
BBX 1 1 2 -1
BITMAP
80
ENDCHAR
STARTCHAR uni0376
ENCODING 886
SWIDTH 1200 0
DWIDTH 6 0
BBX 5 5 0 -1
BITMAP
88
98
A8
C8
88
ENDCHAR
STARTCHAR uni0377
ENCODING 887
SWIDTH 1200 0
DWIDTH 6 0
BBX 5 5 0 -1
BITMAP
88
98
A8
C8
88
ENDCHAR
STARTCHAR uni037A
ENCODING 890
SWIDTH 1200 0
DWIDTH 6 0
BBX 1 1 2 -1
BITMAP
80
ENDCHAR
STARTCHAR uni037B
ENCODING 891
SWIDTH 1200 0
DWIDTH 6 0
BBX 5 5 0 -1
BITMAP
F0
08
08
08
F0
ENDCHAR
STARTCHAR uni037C
ENCODING 892
SWIDTH 1200 0
DWIDTH 6 0
BBX 5 5 0 -1
BITMAP
78
80
A0
80
78
ENDCHAR
STARTCHAR uni037D
ENCODING 893
SWIDTH 1200 0
DWIDTH 6 0
BBX 5 5 0 -1
BITMAP
F0
08
28
08
F0
ENDCHAR
STARTCHAR uni037E
ENCODING 894
SWIDTH 1200 0
DWIDTH 6 0
BBX 2 4 1 -1
BITMAP
40
00
40
80
ENDCHAR
STARTCHAR uni037F
ENCODING 895
SWIDTH 1200 0
DWIDTH 6 0
BBX 5 5 0 -1
BITMAP
38
10
90
90
70
ENDCHAR
STARTCHAR uni0384
ENCODING 900
SWIDTH 1200 0
DWIDTH 6 0
BBX 1 1 2 3
BITMAP
80
ENDCHAR
STARTCHAR uni0385
ENCODING 901
SWIDTH 1200 0
DWIDTH 6 0
BBX 5 1 0 3
BITMAP
A8
ENDCHAR
STARTCHAR uni0386
ENCODING 902
SWIDTH 1200 0
DWIDTH 6 0
BBX 5 5 0 -1
BITMAP
B0
C8
78
48
48
ENDCHAR
STARTCHAR uni0387
ENCODING 903
SWIDTH 1200 0
DWIDTH 6 0
BBX 1 1 2 2
BITMAP
80
ENDCHAR
STARTCHAR uni0388
ENCODING 904
SWIDTH 1200 0
DWIDTH 6 0
BBX 5 5 0 -1
BITMAP
F8
C0
70
40
78
ENDCHAR
STARTCHAR uni0389
ENCODING 905
SWIDTH 1200 0
DWIDTH 6 0
BBX 5 5 0 -1
BITMAP
C8
C8
78
48
48
ENDCHAR
STARTCHAR uni038A
ENCODING 906
SWIDTH 1200 0
DWIDTH 6 0
BBX 5 5 0 -1
BITMAP
F8
A0
20
20
F8
ENDCHAR
STARTCHAR uni038C
ENCODING 908
SWIDTH 1200 0
DWIDTH 6 0
BBX 5 5 0 -1
BITMAP
B0
C8
48
48
30
ENDCHAR
STARTCHAR uni038E
ENCODING 910
SWIDTH 1200 0
DWIDTH 6 0
BBX 5 5 0 -1
BITMAP
C8
C8
70
20
20
ENDCHAR
STARTCHAR uni038F
ENCODING 911
SWIDTH 1200 0
DWIDTH 6 0
BBX 5 5 0 -1
BITMAP
F0
88
88
50
D8
ENDCHAR
STARTCHAR uni0390
ENCODING 912
SWIDTH 1200 0
DWIDTH 6 0
BBX 5 5 0 -1
BITMAP
A8
00
F8
20
F8
ENDCHAR
STARTCHAR uni0391
ENCODING 913
SWIDTH 1200 0
DWIDTH 6 0
BBX 5 5 0 -1
BITMAP
70
88
88
F8
88
ENDCHAR
STARTCHAR uni0392
ENCODING 914
SWIDTH 1200 0
DWIDTH 6 0
BBX 5 5 0 -1
BITMAP
F0
88
F0
88
F0
ENDCHAR
STARTCHAR uni0393
ENCODING 915
SWIDTH 1200 0
DWIDTH 6 0
BBX 5 5 0 -1
BITMAP
F8
80
80
80
80
ENDCHAR
STARTCHAR uni0394
ENCODING 916
SWIDTH 1200 0
DWIDTH 6 0
BBX 5 5 0 -1
BITMAP
20
50
50
88
F8
ENDCHAR
STARTCHAR uni0395
ENCODING 917
SWIDTH 1200 0
DWIDTH 6 0
BBX 5 5 0 -1
BITMAP
F8
80
F0
80
F8
ENDCHAR
STARTCHAR uni0396
ENCODING 918
SWIDTH 1200 0
DWIDTH 6 0
BBX 5 5 0 -1
BITMAP
F8
10
20
40
F8
ENDCHAR
STARTCHAR uni0397
ENCODING 919
SWIDTH 1200 0
DWIDTH 6 0
BBX 5 5 0 -1
BITMAP
88
88
F8
88
88
ENDCHAR
STARTCHAR uni0398
ENCODING 920
SWIDTH 1200 0
DWIDTH 6 0
BBX 5 5 0 -1
BITMAP
70
88
A8
88
70
ENDCHAR
STARTCHAR uni0399
ENCODING 921
SWIDTH 1200 0
DWIDTH 6 0
BBX 5 5 0 -1
BITMAP
F8
20
20
20
F8
ENDCHAR
STARTCHAR uni039A
ENCODING 922
SWIDTH 1200 0
DWIDTH 6 0
BBX 5 5 0 -1
BITMAP
88
90
E0
90
88
ENDCHAR
STARTCHAR uni039B
ENCODING 923
SWIDTH 1200 0
DWIDTH 6 0
BBX 5 5 0 -1
BITMAP
20
50
50
88
88
ENDCHAR
STARTCHAR uni039C
ENCODING 924
SWIDTH 1200 0
DWIDTH 6 0
BBX 5 5 0 -1
BITMAP
88
D8
A8
A8
88
ENDCHAR
STARTCHAR uni039D
ENCODING 925
SWIDTH 1200 0
DWIDTH 6 0
BBX 5 5 0 -1
BITMAP
88
C8
A8
98
88
ENDCHAR
STARTCHAR uni039E
ENCODING 926
SWIDTH 1200 0
DWIDTH 6 0
BBX 5 5 0 -1
BITMAP
F8
00
70
00
F8
ENDCHAR
STARTCHAR uni039F
ENCODING 927
SWIDTH 1200 0
DWIDTH 6 0
BBX 5 5 0 -1
BITMAP
70
88
88
88
70
ENDCHAR
STARTCHAR uni03A0
ENCODING 928
SWIDTH 1200 0
DWIDTH 6 0
BBX 5 5 0 -1
BITMAP
F8
88
88
88
88
ENDCHAR
STARTCHAR uni03A1
ENCODING 929
SWIDTH 1200 0
DWIDTH 6 0
BBX 5 5 0 -1
BITMAP
F0
88
F0
80
80
ENDCHAR
STARTCHAR uni03A3
ENCODING 931
SWIDTH 1200 0
DWIDTH 6 0
BBX 5 5 0 -1
BITMAP
F8
40
20
40
F8
ENDCHAR
STARTCHAR uni03A4
ENCODING 932
SWIDTH 1200 0
DWIDTH 6 0
BBX 5 5 0 -1
BITMAP
F8
20
20
20
20
ENDCHAR
STARTCHAR uni03A5
ENCODING 933
SWIDTH 1200 0
DWIDTH 6 0
BBX 5 5 0 -1
BITMAP
88
88
70
20
20
ENDCHAR
STARTCHAR uni03A6
ENCODING 934
SWIDTH 1200 0
DWIDTH 6 0
BBX 5 5 0 -1
BITMAP
20
F8
A8
F8
20
ENDCHAR
STARTCHAR uni03A7
ENCODING 935
SWIDTH 1200 0
DWIDTH 6 0
BBX 5 5 0 -1
BITMAP
88
50
20
50
88
ENDCHAR
STARTCHAR uni03A8
ENCODING 936
SWIDTH 1200 0
DWIDTH 6 0
BBX 5 5 0 -1
BITMAP
A8
A8
70
20
20
ENDCHAR
STARTCHAR uni03A9
ENCODING 937
SWIDTH 1200 0
DWIDTH 6 0
BBX 5 5 0 -1
BITMAP
70
88
88
50
D8
ENDCHAR
STARTCHAR uni03AA
ENCODING 938
SWIDTH 1200 0
DWIDTH 6 0
BBX 5 5 0 -1
BITMAP
50
00
F8
20
F8
ENDCHAR
STARTCHAR uni03AB
ENCODING 939
SWIDTH 1200 0
DWIDTH 6 0
BBX 5 5 0 -1
BITMAP
50
00
88
F8
20
ENDCHAR
STARTCHAR uni03AC
ENCODING 940
SWIDTH 1200 0
DWIDTH 6 0
BBX 5 5 0 -1
BITMAP
B0
C8
78
48
48
ENDCHAR
STARTCHAR uni03AD
ENCODING 941
SWIDTH 1200 0
DWIDTH 6 0
BBX 5 5 0 -1
BITMAP
F8
C0
70
40
78
ENDCHAR
STARTCHAR uni03AE
ENCODING 942
SWIDTH 1200 0
DWIDTH 6 0
BBX 5 5 0 -1
BITMAP
C8
C8
78
48
48
ENDCHAR
STARTCHAR uni03AF
ENCODING 943
SWIDTH 1200 0
DWIDTH 6 0
BBX 5 5 0 -1
BITMAP
F8
A0
20
20
F8
ENDCHAR
STARTCHAR uni03B0
ENCODING 944
SWIDTH 1200 0
DWIDTH 6 0
BBX 5 5 0 -1
BITMAP
A8
00
88
88
70
ENDCHAR
STARTCHAR uni03B1
ENCODING 945
SWIDTH 1200 0
DWIDTH 6 0
BBX 5 5 0 -1
BITMAP
70
88
88
F8
88
ENDCHAR
STARTCHAR uni03B2
ENCODING 946
SWIDTH 1200 0
DWIDTH 6 0
BBX 5 5 0 -1
BITMAP
F0
88
F0
88
F0
ENDCHAR
STARTCHAR uni03B3
ENCODING 947
SWIDTH 1200 0
DWIDTH 6 0
BBX 5 5 0 -1
BITMAP
F8
80
80
80
80
ENDCHAR
STARTCHAR uni03B4
ENCODING 948
SWIDTH 1200 0
DWIDTH 6 0
BBX 5 5 0 -1
BITMAP
20
50
50
88
F8
ENDCHAR
STARTCHAR uni03B5
ENCODING 949
SWIDTH 1200 0
DWIDTH 6 0
BBX 5 5 0 -1
BITMAP
F8
80
F0
80
F8
ENDCHAR
STARTCHAR uni03B6
ENCODING 950
SWIDTH 1200 0
DWIDTH 6 0
BBX 5 5 0 -1
BITMAP
F8
10
20
40
F8
ENDCHAR
STARTCHAR uni03B7
ENCODING 951
SWIDTH 1200 0
DWIDTH 6 0
BBX 5 5 0 -1
BITMAP
88
88
F8
88
88
ENDCHAR
STARTCHAR uni03B8
ENCODING 952
SWIDTH 1200 0
DWIDTH 6 0
BBX 5 5 0 -1
BITMAP
70
88
A8
88
70
ENDCHAR
STARTCHAR uni03B9
ENCODING 953
SWIDTH 1200 0
DWIDTH 6 0
BBX 5 5 0 -1
BITMAP
F8
20
20
20
F8
ENDCHAR
STARTCHAR uni03BA
ENCODING 954
SWIDTH 1200 0
DWIDTH 6 0
BBX 5 5 0 -1
BITMAP
88
90
E0
90
88
ENDCHAR
STARTCHAR uni03BB
ENCODING 955
SWIDTH 1200 0
DWIDTH 6 0
BBX 5 5 0 -1
BITMAP
20
50
50
88
88
ENDCHAR
STARTCHAR uni03BC
ENCODING 956
SWIDTH 1200 0
DWIDTH 6 0
BBX 5 5 0 -1
BITMAP
88
D8
A8
A8
88
ENDCHAR
STARTCHAR uni03BD
ENCODING 957
SWIDTH 1200 0
DWIDTH 6 0
BBX 5 5 0 -1
BITMAP
88
C8
A8
98
88
ENDCHAR
STARTCHAR uni03BE
ENCODING 958
SWIDTH 1200 0
DWIDTH 6 0
BBX 5 5 0 -1
BITMAP
F8
00
70
00
F8
ENDCHAR
STARTCHAR uni03BF
ENCODING 959
SWIDTH 1200 0
DWIDTH 6 0
BBX 5 5 0 -1
BITMAP
70
88
88
88
70
ENDCHAR
STARTCHAR uni03C0
ENCODING 960
SWIDTH 1200 0
DWIDTH 6 0
BBX 5 5 0 -1
BITMAP
F8
88
88
88
88
ENDCHAR
STARTCHAR uni03C1
ENCODING 961
SWIDTH 1200 0
DWIDTH 6 0
BBX 5 5 0 -1
BITMAP
F0
88
F0
80
80
ENDCHAR
STARTCHAR uni03C2
ENCODING 962
SWIDTH 1200 0
DWIDTH 6 0
BBX 5 5 0 -1
BITMAP
70
88
60
10
20
ENDCHAR
STARTCHAR uni03C3
ENCODING 963
SWIDTH 1200 0
DWIDTH 6 0
BBX 5 5 0 -1
BITMAP
F8
40
20
40
F8
ENDCHAR
STARTCHAR uni03C4
ENCODING 964
SWIDTH 1200 0
DWIDTH 6 0
BBX 5 5 0 -1
BITMAP
F8
20
20
20
20
ENDCHAR
STARTCHAR uni03C5
ENCODING 965
SWIDTH 1200 0
DWIDTH 6 0
BBX 5 5 0 -1
BITMAP
88
88
70
20
20
ENDCHAR
STARTCHAR uni03C6
ENCODING 966
SWIDTH 1200 0
DWIDTH 6 0
BBX 5 5 0 -1
BITMAP
20
F8
A8
F8
20
ENDCHAR
STARTCHAR uni03C7
ENCODING 967
SWIDTH 1200 0
DWIDTH 6 0
BBX 5 5 0 -1
BITMAP
88
50
20
50
88
ENDCHAR
STARTCHAR uni03C8
ENCODING 968
SWIDTH 1200 0
DWIDTH 6 0
BBX 5 5 0 -1
BITMAP
A8
A8
70
20
20
ENDCHAR
STARTCHAR uni03C9
ENCODING 969
SWIDTH 1200 0
DWIDTH 6 0
BBX 5 5 0 -1
BITMAP
70
88
88
50
D8
ENDCHAR
STARTCHAR uni03CA
ENCODING 970
SWIDTH 1200 0
DWIDTH 6 0
BBX 5 5 0 -1
BITMAP
50
00
F8
20
F8
ENDCHAR
STARTCHAR uni03CB
ENCODING 971
SWIDTH 1200 0
DWIDTH 6 0
BBX 5 5 0 -1
BITMAP
50
00
88
F8
20
ENDCHAR
STARTCHAR uni03CC
ENCODING 972
SWIDTH 1200 0
DWIDTH 6 0
BBX 5 5 0 -1
BITMAP
B0
C8
48
48
30
ENDCHAR
STARTCHAR uni03CD
ENCODING 973
SWIDTH 1200 0
DWIDTH 6 0
BBX 5 5 0 -1
BITMAP
C8
C8
70
20
20
ENDCHAR
STARTCHAR uni03CE
ENCODING 974
SWIDTH 1200 0
DWIDTH 6 0
BBX 5 5 0 -1
BITMAP
F0
88
88
50
D8
ENDCHAR
STARTCHAR uni03D2
ENCODING 978
SWIDTH 1200 0
DWIDTH 6 0
BBX 5 5 0 -1
BITMAP
98
90
70
20
20
ENDCHAR
STARTCHAR uni03D5
ENCODING 981
SWIDTH 1200 0
DWIDTH 6 0
BBX 5 5 0 -1
BITMAP
20
70
A8
70
20
ENDCHAR
STARTCHAR uni03D6
ENCODING 982
SWIDTH 1200 0
DWIDTH 6 0
BBX 5 5 0 -1
BITMAP
F8
50
88
A8
50
ENDCHAR
STARTCHAR uni03D8
ENCODING 984
SWIDTH 1200 0
DWIDTH 6 0
BBX 5 5 0 -1
BITMAP
70
88
88
70
20
ENDCHAR
STARTCHAR uni03D9
ENCODING 985
SWIDTH 1200 0
DWIDTH 6 0
BBX 5 5 0 -1
BITMAP
70
88
88
70
20
ENDCHAR
STARTCHAR uni03DA
ENCODING 986
SWIDTH 1200 0
DWIDTH 6 0
BBX 5 5 0 -1
BITMAP
70
88
80
60
20
ENDCHAR
STARTCHAR uni03DB
ENCODING 987
SWIDTH 1200 0
DWIDTH 6 0
BBX 5 5 0 -1
BITMAP
70
88
80
60
20
ENDCHAR
STARTCHAR uni03DC
ENCODING 988
SWIDTH 1200 0
DWIDTH 6 0
BBX 5 5 0 -1
BITMAP
F8
80
F0
90
80
ENDCHAR
STARTCHAR uni03DD
ENCODING 989
SWIDTH 1200 0
DWIDTH 6 0
BBX 5 5 0 -1
BITMAP
F8
80
F0
90
80
ENDCHAR
STARTCHAR uni03E2
ENCODING 994
SWIDTH 1200 0
DWIDTH 6 0
BBX 5 5 0 -1
BITMAP
A8
A8
F8
08
F8
ENDCHAR
STARTCHAR uni03E3
ENCODING 995
SWIDTH 1200 0
DWIDTH 6 0
BBX 5 5 0 -1
BITMAP
A8
A8
F8
08
F8
ENDCHAR
STARTCHAR uni03E4
ENCODING 996
SWIDTH 1200 0
DWIDTH 6 0
BBX 5 5 0 -1
BITMAP
68
88
78
08
08
ENDCHAR
STARTCHAR uni03E5
ENCODING 997
SWIDTH 1200 0
DWIDTH 6 0
BBX 5 5 0 -1
BITMAP
68
88
78
08
08
ENDCHAR
STARTCHAR uni03E6
ENCODING 998
SWIDTH 1200 0
DWIDTH 6 0
BBX 5 5 0 -1
BITMAP
80
F0
88
08
F0
ENDCHAR
STARTCHAR uni03E7
ENCODING 999
SWIDTH 1200 0
DWIDTH 6 0
BBX 5 5 0 -1
BITMAP
80
F0
88
08
F0
ENDCHAR
STARTCHAR uni03E8
ENCODING 1000
SWIDTH 1200 0
DWIDTH 6 0
BBX 5 5 0 -1
BITMAP
E0
10
60
88
70
ENDCHAR
STARTCHAR uni03E9
ENCODING 1001
SWIDTH 1200 0
DWIDTH 6 0
BBX 5 5 0 -1
BITMAP
E0
10
60
88
70
ENDCHAR
STARTCHAR uni03EC
ENCODING 1004
SWIDTH 1200 0
DWIDTH 6 0
BBX 5 5 0 -1
BITMAP
78
80
F0
88
70
ENDCHAR
STARTCHAR uni03ED
ENCODING 1005
SWIDTH 1200 0
DWIDTH 6 0
BBX 5 5 0 -1
BITMAP
78
80
F0
88
70
ENDCHAR
STARTCHAR uni03F2
ENCODING 1010
SWIDTH 1200 0
DWIDTH 6 0
BBX 5 5 0 -1
BITMAP
78
80
80
80
78
ENDCHAR
STARTCHAR uni03F3
ENCODING 1011
SWIDTH 1200 0
DWIDTH 6 0
BBX 5 5 0 -1
BITMAP
38
10
90
90
70
ENDCHAR
STARTCHAR uni03F4
ENCODING 1012
SWIDTH 1200 0
DWIDTH 6 0
BBX 5 5 0 -1
BITMAP
70
88
F8
88
70
ENDCHAR
STARTCHAR uni03F7
ENCODING 1015
SWIDTH 1200 0
DWIDTH 6 0
BBX 5 5 0 -1
BITMAP
80
F0
88
F0
80
ENDCHAR
STARTCHAR uni03F8
ENCODING 1016
SWIDTH 1200 0
DWIDTH 6 0
BBX 5 5 0 -1
BITMAP
80
F0
88
F0
80
ENDCHAR
STARTCHAR uni03F9
ENCODING 1017
SWIDTH 1200 0
DWIDTH 6 0
BBX 5 5 0 -1
BITMAP
78
80
80
80
78
ENDCHAR
STARTCHAR uni03FA
ENCODING 1018
SWIDTH 1200 0
DWIDTH 6 0
BBX 5 5 0 -1
BITMAP
D8
A8
88
88
88
ENDCHAR
STARTCHAR uni03FB
ENCODING 1019
SWIDTH 1200 0
DWIDTH 6 0
BBX 5 5 0 -1
BITMAP
D8
A8
88
88
88
ENDCHAR
STARTCHAR uni03FD
ENCODING 1021
SWIDTH 1200 0
DWIDTH 6 0
BBX 5 5 0 -1
BITMAP
F0
08
08
08
F0
ENDCHAR
STARTCHAR uni03FE
ENCODING 1022
SWIDTH 1200 0
DWIDTH 6 0
BBX 5 5 0 -1
BITMAP
78
80
A0
80
78
ENDCHAR
STARTCHAR uni03FF
ENCODING 1023
SWIDTH 1200 0
DWIDTH 6 0
BBX 5 5 0 -1
BITMAP
F0
08
28
08
F0
ENDCHAR
STARTCHAR uni0401
ENCODING 1025
SWIDTH 1200 0
DWIDTH 6 0
BBX 5 5 0 -1
BITMAP
F8
80
F0
80
F8
ENDCHAR
STARTCHAR uni0402
ENCODING 1026
SWIDTH 1200 0
DWIDTH 6 0
BBX 5 5 0 -1
BITMAP
E0
40
70
48
50
ENDCHAR
STARTCHAR uni0403
ENCODING 1027
SWIDTH 1200 0
DWIDTH 6 0
BBX 5 5 0 -1
BITMAP
10
20
F8
80
80
ENDCHAR
STARTCHAR uni0404
ENCODING 1028
SWIDTH 1200 0
DWIDTH 6 0
BBX 5 5 0 -1
BITMAP
70
88
E0
88
70
ENDCHAR
STARTCHAR uni0405
ENCODING 1029
SWIDTH 1200 0
DWIDTH 6 0
BBX 5 5 0 -1
BITMAP
78
80
70
08
F0
ENDCHAR
STARTCHAR uni0406
ENCODING 1030
SWIDTH 1200 0
DWIDTH 6 0
BBX 5 5 0 -1
BITMAP
F8
20
20
20
F8
ENDCHAR
STARTCHAR uni0407
ENCODING 1031
SWIDTH 1200 0
DWIDTH 6 0
BBX 5 5 0 -1
BITMAP
50
00
F8
20
F8
ENDCHAR
STARTCHAR uni0408
ENCODING 1032
SWIDTH 1200 0
DWIDTH 6 0
BBX 5 5 0 -1
BITMAP
08
08
08
88
70
ENDCHAR
STARTCHAR uni0409
ENCODING 1033
SWIDTH 1200 0
DWIDTH 6 0
BBX 5 5 0 -1
BITMAP
E0
A0
B0
A8
B0
ENDCHAR
STARTCHAR uni040A
ENCODING 1034
SWIDTH 1200 0
DWIDTH 6 0
BBX 5 5 0 -1
BITMAP
A0
A0
F0
A8
B0
ENDCHAR
STARTCHAR uni040B
ENCODING 1035
SWIDTH 1200 0
DWIDTH 6 0
BBX 5 5 0 -1
BITMAP
E0
40
70
48
48
ENDCHAR
STARTCHAR uni040D
ENCODING 1037
SWIDTH 1200 0
DWIDTH 6 0
BBX 5 5 0 -1
BITMAP
40
20
98
A8
C8
ENDCHAR
STARTCHAR uni040E
ENCODING 1038
SWIDTH 1200 0
DWIDTH 6 0
BBX 5 5 0 -1
BITMAP
A8
88
50
20
C0
ENDCHAR
STARTCHAR uni040F
ENCODING 1039
SWIDTH 1200 0
DWIDTH 6 0
BBX 5 5 0 -1
BITMAP
88
88
88
F8
20
ENDCHAR
STARTCHAR uni0410
ENCODING 1040
SWIDTH 1200 0
DWIDTH 6 0
BBX 5 5 0 -1
BITMAP
70
88
88
F8
88
ENDCHAR
STARTCHAR uni0411
ENCODING 1041
SWIDTH 1200 0
DWIDTH 6 0
BBX 5 5 0 -1
BITMAP
F0
80
F0
88
F0
ENDCHAR
STARTCHAR uni0412
ENCODING 1042
SWIDTH 1200 0
DWIDTH 6 0
BBX 5 5 0 -1
BITMAP
F0
88
F0
88
F0
ENDCHAR
STARTCHAR uni0413
ENCODING 1043
SWIDTH 1200 0
DWIDTH 6 0
BBX 5 5 0 -1
BITMAP
F8
80
80
80
80
ENDCHAR
STARTCHAR uni0414
ENCODING 1044
SWIDTH 1200 0
DWIDTH 6 0
BBX 5 5 0 -1
BITMAP
70
50
50
F8
88
ENDCHAR
STARTCHAR uni0415
ENCODING 1045
SWIDTH 1200 0
DWIDTH 6 0
BBX 5 5 0 -1
BITMAP
F8
80
F0
80
F8
ENDCHAR
STARTCHAR uni0416
ENCODING 1046
SWIDTH 1200 0
DWIDTH 6 0
BBX 5 5 0 -1
BITMAP
A8
A8
70
A8
A8
ENDCHAR
STARTCHAR uni0417
ENCODING 1047
SWIDTH 1200 0
DWIDTH 6 0
BBX 5 5 0 -1
BITMAP
70
88
30
88
70
ENDCHAR
STARTCHAR uni0418
ENCODING 1048
SWIDTH 1200 0
DWIDTH 6 0
BBX 5 5 0 -1
BITMAP
88
98
A8
C8
88
ENDCHAR
STARTCHAR uni0419
ENCODING 1049
SWIDTH 1200 0
DWIDTH 6 0
BBX 5 5 0 -1
BITMAP
88
98
A8
C8
88
ENDCHAR
STARTCHAR uni041A
ENCODING 1050
SWIDTH 1200 0
DWIDTH 6 0
BBX 5 5 0 -1
BITMAP
88
90
E0
90
88
ENDCHAR
STARTCHAR uni041B
ENCODING 1051
SWIDTH 1200 0
DWIDTH 6 0
BBX 5 5 0 -1
BITMAP
78
48
48
48
88
ENDCHAR
STARTCHAR uni041C
ENCODING 1052
SWIDTH 1200 0
DWIDTH 6 0
BBX 5 5 0 -1
BITMAP
88
D8
A8
A8
88
ENDCHAR
STARTCHAR uni041D
ENCODING 1053
SWIDTH 1200 0
DWIDTH 6 0
BBX 5 5 0 -1
BITMAP
88
88
F8
88
88
ENDCHAR
STARTCHAR uni041E
ENCODING 1054
SWIDTH 1200 0
DWIDTH 6 0
BBX 5 5 0 -1
BITMAP
70
88
88
88
70
ENDCHAR
STARTCHAR uni041F
ENCODING 1055
SWIDTH 1200 0
DWIDTH 6 0
BBX 5 5 0 -1
BITMAP
F8
88
88
88
88
ENDCHAR
STARTCHAR uni0420
ENCODING 1056
SWIDTH 1200 0
DWIDTH 6 0
BBX 5 5 0 -1
BITMAP
F0
88
F0
80
80
ENDCHAR
STARTCHAR uni0421
ENCODING 1057
SWIDTH 1200 0
DWIDTH 6 0
BBX 5 5 0 -1
BITMAP
78
80
80
80
78
ENDCHAR
STARTCHAR uni0422
ENCODING 1058
SWIDTH 1200 0
DWIDTH 6 0
BBX 5 5 0 -1
BITMAP
F8
20
20
20
20
ENDCHAR
STARTCHAR uni0423
ENCODING 1059
SWIDTH 1200 0
DWIDTH 6 0
BBX 5 5 0 -1
BITMAP
88
88
50
20
C0
ENDCHAR
STARTCHAR uni0424
ENCODING 1060
SWIDTH 1200 0
DWIDTH 6 0
BBX 5 5 0 -1
BITMAP
20
F8
A8
F8
20
ENDCHAR
STARTCHAR uni0425
ENCODING 1061
SWIDTH 1200 0
DWIDTH 6 0
BBX 5 5 0 -1
BITMAP
88
50
20
50
88
ENDCHAR
STARTCHAR uni0426
ENCODING 1062
SWIDTH 1200 0
DWIDTH 6 0
BBX 5 5 0 -1
BITMAP
88
88
88
F8
08
ENDCHAR
STARTCHAR uni0427
ENCODING 1063
SWIDTH 1200 0
DWIDTH 6 0
BBX 5 5 0 -1
BITMAP
88
88
78
08
08
ENDCHAR
STARTCHAR uni0428
ENCODING 1064
SWIDTH 1200 0
DWIDTH 6 0
BBX 5 5 0 -1
BITMAP
A8
A8
A8
A8
F8
ENDCHAR
STARTCHAR uni0429
ENCODING 1065
SWIDTH 1200 0
DWIDTH 6 0
BBX 5 5 0 -1
BITMAP
A8
A8
A8
F8
08
ENDCHAR
STARTCHAR uni042A
ENCODING 1066
SWIDTH 1200 0
DWIDTH 6 0
BBX 5 5 0 -1
BITMAP
C0
40
70
48
70
ENDCHAR
STARTCHAR uni042B
ENCODING 1067
SWIDTH 1200 0
DWIDTH 6 0
BBX 5 5 0 -1
BITMAP
88
88
C8
A8
C8
ENDCHAR
STARTCHAR uni042C
ENCODING 1068
SWIDTH 1200 0
DWIDTH 6 0
BBX 5 5 0 -1
BITMAP
80
80
F0
88
F0
ENDCHAR
STARTCHAR uni042D
ENCODING 1069
SWIDTH 1200 0
DWIDTH 6 0
BBX 5 5 0 -1
BITMAP
70
88
38
88
70
ENDCHAR
STARTCHAR uni042E
ENCODING 1070
SWIDTH 1200 0
DWIDTH 6 0
BBX 5 5 0 -1
BITMAP
90
A8
E8
A8
90
ENDCHAR
STARTCHAR uni042F
ENCODING 1071
SWIDTH 1200 0
DWIDTH 6 0
BBX 5 5 0 -1
BITMAP
78
88
78
48
88
ENDCHAR
STARTCHAR uni0430
ENCODING 1072
SWIDTH 1200 0
DWIDTH 6 0
BBX 5 5 0 -1
BITMAP
70
88
88
F8
88
ENDCHAR
STARTCHAR uni0431
ENCODING 1073
SWIDTH 1200 0
DWIDTH 6 0
BBX 5 5 0 -1
BITMAP
F0
80
F0
88
F0
ENDCHAR
STARTCHAR uni0432
ENCODING 1074
SWIDTH 1200 0
DWIDTH 6 0
BBX 5 5 0 -1
BITMAP
F0
88
F0
88
F0
ENDCHAR
STARTCHAR uni0433
ENCODING 1075
SWIDTH 1200 0
DWIDTH 6 0
BBX 5 5 0 -1
BITMAP
F8
80
80
80
80
ENDCHAR
STARTCHAR uni0434
ENCODING 1076
SWIDTH 1200 0
DWIDTH 6 0
BBX 5 5 0 -1
BITMAP
70
50
50
F8
88
ENDCHAR
STARTCHAR uni0435
ENCODING 1077
SWIDTH 1200 0
DWIDTH 6 0
BBX 5 5 0 -1
BITMAP
F8
80
F0
80
F8
ENDCHAR
STARTCHAR uni0436
ENCODING 1078
SWIDTH 1200 0
DWIDTH 6 0
BBX 5 5 0 -1
BITMAP
A8
A8
70
A8
A8
ENDCHAR
STARTCHAR uni0437
ENCODING 1079
SWIDTH 1200 0
DWIDTH 6 0
BBX 5 5 0 -1
BITMAP
70
88
30
88
70
ENDCHAR
STARTCHAR uni0438
ENCODING 1080
SWIDTH 1200 0
DWIDTH 6 0
BBX 5 5 0 -1
BITMAP
88
98
A8
C8
88
ENDCHAR
STARTCHAR uni0439
ENCODING 1081
SWIDTH 1200 0
DWIDTH 6 0
BBX 5 5 0 -1
BITMAP
88
98
A8
C8
88
ENDCHAR
STARTCHAR uni043A
ENCODING 1082
SWIDTH 1200 0
DWIDTH 6 0
BBX 5 5 0 -1
BITMAP
88
90
E0
90
88
ENDCHAR
STARTCHAR uni043B
ENCODING 1083
SWIDTH 1200 0
DWIDTH 6 0
BBX 5 5 0 -1
BITMAP
78
48
48
48
88
ENDCHAR
STARTCHAR uni043C
ENCODING 1084
SWIDTH 1200 0
DWIDTH 6 0
BBX 5 5 0 -1
BITMAP
88
D8
A8
A8
88
ENDCHAR
STARTCHAR uni043D
ENCODING 1085
SWIDTH 1200 0
DWIDTH 6 0
BBX 5 5 0 -1
BITMAP
88
88
F8
88
88
ENDCHAR
STARTCHAR uni043E
ENCODING 1086
SWIDTH 1200 0
DWIDTH 6 0
BBX 5 5 0 -1
BITMAP
70
88
88
88
70
ENDCHAR
STARTCHAR uni043F
ENCODING 1087
SWIDTH 1200 0
DWIDTH 6 0
BBX 5 5 0 -1
BITMAP
F8
88
88
88
88
ENDCHAR
STARTCHAR uni0440
ENCODING 1088
SWIDTH 1200 0
DWIDTH 6 0
BBX 5 5 0 -1
BITMAP
F0
88
F0
80
80
ENDCHAR
STARTCHAR uni0441
ENCODING 1089
SWIDTH 1200 0
DWIDTH 6 0
BBX 5 5 0 -1
BITMAP
78
80
80
80
78
ENDCHAR
STARTCHAR uni0442
ENCODING 1090
SWIDTH 1200 0
DWIDTH 6 0
BBX 5 5 0 -1
BITMAP
F8
20
20
20
20
ENDCHAR
STARTCHAR uni0443
ENCODING 1091
SWIDTH 1200 0
DWIDTH 6 0
BBX 5 5 0 -1
BITMAP
88
88
50
20
C0
ENDCHAR
STARTCHAR uni0444
ENCODING 1092
SWIDTH 1200 0
DWIDTH 6 0
BBX 5 5 0 -1
BITMAP
20
F8
A8
F8
20
ENDCHAR
STARTCHAR uni0445
ENCODING 1093
SWIDTH 1200 0
DWIDTH 6 0
BBX 5 5 0 -1
BITMAP
88
50
20
50
88
ENDCHAR
STARTCHAR uni0446
ENCODING 1094
SWIDTH 1200 0
DWIDTH 6 0
BBX 5 5 0 -1
BITMAP
88
88
88
F8
08
ENDCHAR
STARTCHAR uni0447
ENCODING 1095
SWIDTH 1200 0
DWIDTH 6 0
BBX 5 5 0 -1
BITMAP
88
88
78
08
08
ENDCHAR
STARTCHAR uni0448
ENCODING 1096
SWIDTH 1200 0
DWIDTH 6 0
BBX 5 5 0 -1
BITMAP
A8
A8
A8
A8
F8
ENDCHAR
STARTCHAR uni0449
ENCODING 1097
SWIDTH 1200 0
DWIDTH 6 0
BBX 5 5 0 -1
BITMAP
A8
A8
A8
F8
08
ENDCHAR
STARTCHAR uni044A
ENCODING 1098
SWIDTH 1200 0
DWIDTH 6 0
BBX 5 5 0 -1
BITMAP
C0
40
70
48
70
ENDCHAR
STARTCHAR uni044B
ENCODING 1099
SWIDTH 1200 0
DWIDTH 6 0
BBX 5 5 0 -1
BITMAP
88
88
C8
A8
C8
ENDCHAR
STARTCHAR uni044C
ENCODING 1100
SWIDTH 1200 0
DWIDTH 6 0
BBX 5 5 0 -1
BITMAP
80
80
F0
88
F0
ENDCHAR
STARTCHAR uni044D
ENCODING 1101
SWIDTH 1200 0
DWIDTH 6 0
BBX 5 5 0 -1
BITMAP
70
88
38
88
70
ENDCHAR
STARTCHAR uni044E
ENCODING 1102
SWIDTH 1200 0
DWIDTH 6 0
BBX 5 5 0 -1
BITMAP
90
A8
E8
A8
90
ENDCHAR
STARTCHAR uni044F
ENCODING 1103
SWIDTH 1200 0
DWIDTH 6 0
BBX 5 5 0 -1
BITMAP
78
88
78
48
88
ENDCHAR
STARTCHAR uni0451
ENCODING 1105
SWIDTH 1200 0
DWIDTH 6 0
BBX 5 5 0 -1
BITMAP
F8
80
F0
80
F8
ENDCHAR
STARTCHAR uni0452
ENCODING 1106
SWIDTH 1200 0
DWIDTH 6 0
BBX 5 5 0 -1
BITMAP
E0
40
70
48
50
ENDCHAR
STARTCHAR uni0453
ENCODING 1107
SWIDTH 1200 0
DWIDTH 6 0
BBX 5 5 0 -1
BITMAP
10
20
F8
80
80
ENDCHAR
STARTCHAR uni0454
ENCODING 1108
SWIDTH 1200 0
DWIDTH 6 0
BBX 5 5 0 -1
BITMAP
70
88
E0
88
70
ENDCHAR
STARTCHAR uni0455
ENCODING 1109
SWIDTH 1200 0
DWIDTH 6 0
BBX 5 5 0 -1
BITMAP
78
80
70
08
F0
ENDCHAR
STARTCHAR uni0456
ENCODING 1110
SWIDTH 1200 0
DWIDTH 6 0
BBX 5 5 0 -1
BITMAP
F8
20
20
20
F8
ENDCHAR
STARTCHAR uni0457
ENCODING 1111
SWIDTH 1200 0
DWIDTH 6 0
BBX 5 5 0 -1
BITMAP
50
00
F8
20
F8
ENDCHAR
STARTCHAR uni0458
ENCODING 1112
SWIDTH 1200 0
DWIDTH 6 0
BBX 5 5 0 -1
BITMAP
08
08
08
88
70
ENDCHAR
STARTCHAR uni0459
ENCODING 1113
SWIDTH 1200 0
DWIDTH 6 0
BBX 5 5 0 -1
BITMAP
E0
A0
B0
A8
B0
ENDCHAR
STARTCHAR uni045A
ENCODING 1114
SWIDTH 1200 0
DWIDTH 6 0
BBX 5 5 0 -1
BITMAP
A0
A0
F0
A8
B0
ENDCHAR
STARTCHAR uni045B
ENCODING 1115
SWIDTH 1200 0
DWIDTH 6 0
BBX 5 5 0 -1
BITMAP
E0
40
70
48
48
ENDCHAR
STARTCHAR uni045D
ENCODING 1117
SWIDTH 1200 0
DWIDTH 6 0
BBX 5 5 0 -1
BITMAP
40
20
98
A8
C8
ENDCHAR
STARTCHAR uni045E
ENCODING 1118
SWIDTH 1200 0
DWIDTH 6 0
BBX 5 5 0 -1
BITMAP
A8
88
50
20
C0
ENDCHAR
STARTCHAR uni045F
ENCODING 1119
SWIDTH 1200 0
DWIDTH 6 0
BBX 5 5 0 -1
BITMAP
88
88
88
F8
20
ENDCHAR
STARTCHAR uni0490
ENCODING 1168
SWIDTH 1200 0
DWIDTH 6 0
BBX 5 5 0 -1
BITMAP
08
F8
80
80
80
ENDCHAR
STARTCHAR uni0491
ENCODING 1169
SWIDTH 1200 0
DWIDTH 6 0
BBX 5 5 0 -1
BITMAP
08
F8
80
80
80
ENDCHAR
STARTCHAR uni0492
ENCODING 1170
SWIDTH 1200 0
DWIDTH 6 0
BBX 5 5 0 -1
BITMAP
78
40
F0
40
40
ENDCHAR
STARTCHAR uni0493
ENCODING 1171
SWIDTH 1200 0
DWIDTH 6 0
BBX 5 5 0 -1
BITMAP
78
40
F0
40
40
ENDCHAR
STARTCHAR uni0496
ENCODING 1174
SWIDTH 1200 0
DWIDTH 6 0
BBX 5 5 0 -1
BITMAP
A8
A8
70
A8
08
ENDCHAR
STARTCHAR uni0497
ENCODING 1175
SWIDTH 1200 0
DWIDTH 6 0
BBX 5 5 0 -1
BITMAP
A8
A8
70
A8
08
ENDCHAR
STARTCHAR uni049A
ENCODING 1178
SWIDTH 1200 0
DWIDTH 6 0
BBX 5 5 0 -1
BITMAP
88
90
E0
98
88
ENDCHAR
STARTCHAR uni049B
ENCODING 1179
SWIDTH 1200 0
DWIDTH 6 0
BBX 5 5 0 -1
BITMAP
88
90
E0
98
88
ENDCHAR
STARTCHAR uni04A0
ENCODING 1184
SWIDTH 1200 0
DWIDTH 6 0
BBX 5 5 0 -1
BITMAP
C8
50
60
50
48
ENDCHAR
STARTCHAR uni04A1
ENCODING 1185
SWIDTH 1200 0
DWIDTH 6 0
BBX 5 5 0 -1
BITMAP
C8
50
60
50
48
ENDCHAR
STARTCHAR uni04A2
ENCODING 1186
SWIDTH 1200 0
DWIDTH 6 0
BBX 5 5 0 -1
BITMAP
90
90
F0
98
98
ENDCHAR
STARTCHAR uni04A3
ENCODING 1187
SWIDTH 1200 0
DWIDTH 6 0
BBX 5 5 0 -1
BITMAP
90
90
F0
98
98
ENDCHAR
STARTCHAR uni04A4
ENCODING 1188
SWIDTH 1200 0
DWIDTH 6 0
BBX 5 5 0 -1
BITMAP
98
90
F0
90
90
ENDCHAR
STARTCHAR uni04A5
ENCODING 1189
SWIDTH 1200 0
DWIDTH 6 0
BBX 5 5 0 -1
BITMAP
98
90
F0
90
90
ENDCHAR
STARTCHAR uni04AE
ENCODING 1198
SWIDTH 1200 0
DWIDTH 6 0
BBX 5 5 0 -1
BITMAP
88
88
70
20
20
ENDCHAR
STARTCHAR uni04AF
ENCODING 1199
SWIDTH 1200 0
DWIDTH 6 0
BBX 5 5 0 -1
BITMAP
88
88
70
20
20
ENDCHAR
STARTCHAR uni04B0
ENCODING 1200
SWIDTH 1200 0
DWIDTH 6 0
BBX 5 5 0 -1
BITMAP
88
50
F8
20
20
ENDCHAR
STARTCHAR uni04B1
ENCODING 1201
SWIDTH 1200 0
DWIDTH 6 0
BBX 5 5 0 -1
BITMAP
88
50
F8
20
20
ENDCHAR
STARTCHAR uni04B2
ENCODING 1202
SWIDTH 1200 0
DWIDTH 6 0
BBX 5 5 0 -1
BITMAP
88
50
20
58
88
ENDCHAR
STARTCHAR uni04B3
ENCODING 1203
SWIDTH 1200 0
DWIDTH 6 0
BBX 5 5 0 -1
BITMAP
88
50
20
58
88
ENDCHAR
STARTCHAR uni04B8
ENCODING 1208
SWIDTH 1200 0
DWIDTH 6 0
BBX 5 5 0 -1
BITMAP
88
A8
78
28
08
ENDCHAR
STARTCHAR uni04B9
ENCODING 1209
SWIDTH 1200 0
DWIDTH 6 0
BBX 5 5 0 -1
BITMAP
88
A8
78
28
08
ENDCHAR
STARTCHAR uni04BA
ENCODING 1210
SWIDTH 1200 0
DWIDTH 6 0
BBX 5 5 0 -1
BITMAP
80
80
F0
88
88
ENDCHAR
STARTCHAR uni04BB
ENCODING 1211
SWIDTH 1200 0
DWIDTH 6 0
BBX 5 5 0 -1
BITMAP
80
80
F0
88
88
ENDCHAR
STARTCHAR uni04C0
ENCODING 1216
SWIDTH 1200 0
DWIDTH 6 0
BBX 3 5 1 -1
BITMAP
E0
40
40
40
E0
ENDCHAR
STARTCHAR uni04CF
ENCODING 1231
SWIDTH 1200 0
DWIDTH 6 0
BBX 3 5 1 -1
BITMAP
E0
40
40
40
E0
ENDCHAR
STARTCHAR uni04D2
ENCODING 1234
SWIDTH 1200 0
DWIDTH 6 0
BBX 5 5 0 -1
BITMAP
88
20
50
F8
88
ENDCHAR
STARTCHAR uni04D3
ENCODING 1235
SWIDTH 1200 0
DWIDTH 6 0
BBX 5 5 0 -1
BITMAP
88
20
50
F8
88
ENDCHAR
STARTCHAR uni04D4
ENCODING 1236
SWIDTH 1200 0
DWIDTH 6 0
BBX 5 5 0 -1
BITMAP
78
A0
B8
E0
B8
ENDCHAR
STARTCHAR uni04D5
ENCODING 1237
SWIDTH 1200 0
DWIDTH 6 0
BBX 5 5 0 -1
BITMAP
78
A0
B8
E0
B8
ENDCHAR
STARTCHAR uni04D8
ENCODING 1240
SWIDTH 1200 0
DWIDTH 6 0
BBX 5 5 0 -1
BITMAP
F0
08
F8
88
70
ENDCHAR
STARTCHAR uni04D9
ENCODING 1241
SWIDTH 1200 0
DWIDTH 6 0
BBX 5 5 0 -1
BITMAP
F0
08
F8
88
70
ENDCHAR
STARTCHAR uni04E8
ENCODING 1256
SWIDTH 1200 0
DWIDTH 6 0
BBX 5 5 0 -1
BITMAP
70
88
F8
88
70
ENDCHAR
STARTCHAR uni04E9
ENCODING 1257
SWIDTH 1200 0
DWIDTH 6 0
BBX 5 5 0 -1
BITMAP
70
88
F8
88
70
ENDCHAR
STARTCHAR uni0531
ENCODING 1329
SWIDTH 1200 0
DWIDTH 6 0
BBX 5 5 0 -1
BITMAP
90
90
90
98
68
ENDCHAR
STARTCHAR uni0532
ENCODING 1330
SWIDTH 1200 0
DWIDTH 6 0
BBX 5 5 0 -1
BITMAP
70
88
80
F8
80
ENDCHAR
STARTCHAR uni0533
ENCODING 1331
SWIDTH 1200 0
DWIDTH 6 0
BBX 5 5 0 -1
BITMAP
60
90
90
78
10
ENDCHAR
STARTCHAR uni0534
ENCODING 1332
SWIDTH 1200 0
DWIDTH 6 0
BBX 5 5 0 -1
BITMAP
60
90
98
10
10
ENDCHAR
STARTCHAR uni0535
ENCODING 1333
SWIDTH 1200 0
DWIDTH 6 0
BBX 5 5 0 -1
BITMAP
80
F8
80
88
70
ENDCHAR
STARTCHAR uni0536
ENCODING 1334
SWIDTH 1200 0
DWIDTH 6 0
BBX 5 5 0 -1
BITMAP
70
88
10
A0
F8
ENDCHAR
STARTCHAR uni0537
ENCODING 1335
SWIDTH 1200 0
DWIDTH 6 0
BBX 5 5 0 -1
BITMAP
80
F8
80
80
F0
ENDCHAR
STARTCHAR uni0538
ENCODING 1336
SWIDTH 1200 0
DWIDTH 6 0
BBX 5 5 0 -1
BITMAP
70
88
88
80
F8
ENDCHAR
STARTCHAR uni0539
ENCODING 1337
SWIDTH 1200 0
DWIDTH 6 0
BBX 5 5 0 -1
BITMAP
70
88
98
A8
90
ENDCHAR
STARTCHAR uni053A
ENCODING 1338
SWIDTH 1200 0
DWIDTH 6 0
BBX 5 5 0 -1
BITMAP
10
78
90
90
60
ENDCHAR
STARTCHAR uni053B
ENCODING 1339
SWIDTH 1200 0
DWIDTH 6 0
BBX 5 5 0 -1
BITMAP
80
B0
C8
80
80
ENDCHAR
STARTCHAR uni053C
ENCODING 1340
SWIDTH 1200 0
DWIDTH 6 0
BBX 5 5 0 -1
BITMAP
80
80
80
80
F8
ENDCHAR
STARTCHAR uni053D
ENCODING 1341
SWIDTH 1200 0
DWIDTH 6 0
BBX 5 5 0 -1
BITMAP
80
E8
A8
A8
B8
ENDCHAR
STARTCHAR uni053E
ENCODING 1342
SWIDTH 1200 0
DWIDTH 6 0
BBX 5 5 0 -1
BITMAP
80
F8
50
88
70
ENDCHAR
STARTCHAR uni053F
ENCODING 1343
SWIDTH 1200 0
DWIDTH 6 0
BBX 5 5 0 -1
BITMAP
80
88
88
78
08
ENDCHAR
STARTCHAR uni0540
ENCODING 1344
SWIDTH 1200 0
DWIDTH 6 0
BBX 5 5 0 -1
BITMAP
70
08
F0
08
08
ENDCHAR
STARTCHAR uni0541
ENCODING 1345
SWIDTH 1200 0
DWIDTH 6 0
BBX 5 5 0 -1
BITMAP
70
88
10
E0
D8
ENDCHAR
STARTCHAR uni0542
ENCODING 1346
SWIDTH 1200 0
DWIDTH 6 0
BBX 5 5 0 -1
BITMAP
60
90
90
10
18
ENDCHAR
STARTCHAR uni0543
ENCODING 1347
SWIDTH 1200 0
DWIDTH 6 0
BBX 5 5 0 -1
BITMAP
38
40
F0
48
78
ENDCHAR
STARTCHAR uni0544
ENCODING 1348
SWIDTH 1200 0
DWIDTH 6 0
BBX 5 5 0 -1
BITMAP
98
90
90
90
60
ENDCHAR
STARTCHAR uni0545
ENCODING 1349
SWIDTH 1200 0
DWIDTH 6 0
BBX 5 5 0 -1
BITMAP
F0
08
F0
08
F0
ENDCHAR
STARTCHAR uni0546
ENCODING 1350
SWIDTH 1200 0
DWIDTH 6 0
BBX 5 5 0 -1
BITMAP
C0
40
48
48
30
ENDCHAR
STARTCHAR uni0547
ENCODING 1351
SWIDTH 1200 0
DWIDTH 6 0
BBX 5 5 0 -1
BITMAP
C0
70
80
88
70
ENDCHAR
STARTCHAR uni0548
ENCODING 1352
SWIDTH 1200 0
DWIDTH 6 0
BBX 5 5 0 -1
BITMAP
70
88
88
88
88
ENDCHAR
STARTCHAR uni0549
ENCODING 1353
SWIDTH 1200 0
DWIDTH 6 0
BBX 5 5 0 -1
BITMAP
70
88
10
60
10
ENDCHAR
STARTCHAR uni054A
ENCODING 1354
SWIDTH 1200 0
DWIDTH 6 0
BBX 5 5 0 -1
BITMAP
70
A8
A8
28
08
ENDCHAR
STARTCHAR uni054B
ENCODING 1355
SWIDTH 1200 0
DWIDTH 6 0
BBX 5 5 0 -1
BITMAP
30
48
28
90
F8
ENDCHAR
STARTCHAR uni054C
ENCODING 1356
SWIDTH 1200 0
DWIDTH 6 0
BBX 5 5 0 -1
BITMAP
60
90
90
98
90
ENDCHAR
STARTCHAR uni054D
ENCODING 1357
SWIDTH 1200 0
DWIDTH 6 0
BBX 5 5 0 -1
BITMAP
88
88
88
88
70
ENDCHAR
STARTCHAR uni054E
ENCODING 1358
SWIDTH 1200 0
DWIDTH 6 0
BBX 5 5 0 -1
BITMAP
10
90
90
70
18
ENDCHAR
STARTCHAR uni054F
ENCODING 1359
SWIDTH 1200 0
DWIDTH 6 0
BBX 5 5 0 -1
BITMAP
78
80
70
08
F0
ENDCHAR
STARTCHAR uni0550
ENCODING 1360
SWIDTH 1200 0
DWIDTH 6 0
BBX 5 5 0 -1
BITMAP
70
88
88
80
80
ENDCHAR
STARTCHAR uni0551
ENCODING 1361
SWIDTH 1200 0
DWIDTH 6 0
BBX 5 5 0 -1
BITMAP
30
48
F0
08
F0
ENDCHAR
STARTCHAR uni0552
ENCODING 1362
SWIDTH 1200 0
DWIDTH 6 0
BBX 5 5 0 -1
BITMAP
80
F8
80
80
80
ENDCHAR
STARTCHAR uni0553
ENCODING 1363
SWIDTH 1200 0
DWIDTH 6 0
BBX 5 5 0 -1
BITMAP
20
F8
A8
F8
20
ENDCHAR
STARTCHAR uni0554
ENCODING 1364
SWIDTH 1200 0
DWIDTH 6 0
BBX 5 5 0 -1
BITMAP
30
48
70
40
F8
ENDCHAR
STARTCHAR uni0555
ENCODING 1365
SWIDTH 1200 0
DWIDTH 6 0
BBX 5 5 0 -1
BITMAP
70
88
88
88
70
ENDCHAR
STARTCHAR uni0556
ENCODING 1366
SWIDTH 1200 0
DWIDTH 6 0
BBX 5 5 0 -1
BITMAP
60
A0
70
28
F0
ENDCHAR
STARTCHAR uni0559
ENCODING 1369
SWIDTH 1200 0
DWIDTH 6 0
BBX 2 3 1 1
BITMAP
40
80
40
ENDCHAR
STARTCHAR uni055A
ENCODING 1370
SWIDTH 1200 0
DWIDTH 6 0
BBX 2 3 1 1
BITMAP
40
40
80
ENDCHAR
STARTCHAR uni055B
ENCODING 1371
SWIDTH 1200 0
DWIDTH 6 0
BBX 2 2 1 2
BITMAP
40
80
ENDCHAR
STARTCHAR uni055C
ENCODING 1372
SWIDTH 1200 0
DWIDTH 6 0
BBX 4 2 0 2
BITMAP
30
C0
ENDCHAR
STARTCHAR uni055D
ENCODING 1373
SWIDTH 1200 0
DWIDTH 6 0
BBX 2 2 1 2
BITMAP
80
40
ENDCHAR
STARTCHAR uni055E
ENCODING 1374
SWIDTH 1200 0
DWIDTH 6 0
BBX 4 2 0 2
BITMAP
70
90
ENDCHAR
STARTCHAR uni055F
ENCODING 1375
SWIDTH 1200 0
DWIDTH 6 0
BBX 3 2 1 2
BITMAP
80
E0
ENDCHAR
STARTCHAR uni0560
ENCODING 1376
SWIDTH 1200 0
DWIDTH 6 0
BBX 5 5 0 -1
BITMAP
D0
A8
A8
A8
A8
ENDCHAR
STARTCHAR uni0561
ENCODING 1377
SWIDTH 1200 0
DWIDTH 6 0
BBX 5 5 0 -1
BITMAP
90
90
90
98
68
ENDCHAR
STARTCHAR uni0562
ENCODING 1378
SWIDTH 1200 0
DWIDTH 6 0
BBX 5 5 0 -1
BITMAP
70
88
80
F8
80
ENDCHAR
STARTCHAR uni0563
ENCODING 1379
SWIDTH 1200 0
DWIDTH 6 0
BBX 5 5 0 -1
BITMAP
60
90
90
78
10
ENDCHAR
STARTCHAR uni0564
ENCODING 1380
SWIDTH 1200 0
DWIDTH 6 0
BBX 5 5 0 -1
BITMAP
60
90
98
10
10
ENDCHAR
STARTCHAR uni0565
ENCODING 1381
SWIDTH 1200 0
DWIDTH 6 0
BBX 5 5 0 -1
BITMAP
80
F8
80
88
70
ENDCHAR
STARTCHAR uni0566
ENCODING 1382
SWIDTH 1200 0
DWIDTH 6 0
BBX 5 5 0 -1
BITMAP
70
88
10
A0
F8
ENDCHAR
STARTCHAR uni0567
ENCODING 1383
SWIDTH 1200 0
DWIDTH 6 0
BBX 5 5 0 -1
BITMAP
80
F8
80
80
F0
ENDCHAR
STARTCHAR uni0568
ENCODING 1384
SWIDTH 1200 0
DWIDTH 6 0
BBX 5 5 0 -1
BITMAP
70
88
88
80
F8
ENDCHAR
STARTCHAR uni0569
ENCODING 1385
SWIDTH 1200 0
DWIDTH 6 0
BBX 5 5 0 -1
BITMAP
70
88
98
A8
90
ENDCHAR
STARTCHAR uni056A
ENCODING 1386
SWIDTH 1200 0
DWIDTH 6 0
BBX 5 5 0 -1
BITMAP
10
78
90
90
60
ENDCHAR
STARTCHAR uni056B
ENCODING 1387
SWIDTH 1200 0
DWIDTH 6 0
BBX 5 5 0 -1
BITMAP
80
B0
C8
80
80
ENDCHAR
STARTCHAR uni056C
ENCODING 1388
SWIDTH 1200 0
DWIDTH 6 0
BBX 5 5 0 -1
BITMAP
80
80
80
80
F8
ENDCHAR
STARTCHAR uni056D
ENCODING 1389
SWIDTH 1200 0
DWIDTH 6 0
BBX 5 5 0 -1
BITMAP
80
E8
A8
A8
B8
ENDCHAR
STARTCHAR uni056E
ENCODING 1390
SWIDTH 1200 0
DWIDTH 6 0
BBX 5 5 0 -1
BITMAP
80
F8
50
88
70
ENDCHAR
STARTCHAR uni056F
ENCODING 1391
SWIDTH 1200 0
DWIDTH 6 0
BBX 5 5 0 -1
BITMAP
80
88
88
78
08
ENDCHAR
STARTCHAR uni0570
ENCODING 1392
SWIDTH 1200 0
DWIDTH 6 0
BBX 5 5 0 -1
BITMAP
70
08
F0
08
08
ENDCHAR
STARTCHAR uni0571
ENCODING 1393
SWIDTH 1200 0
DWIDTH 6 0
BBX 5 5 0 -1
BITMAP
70
88
10
E0
D8
ENDCHAR
STARTCHAR uni0572
ENCODING 1394
SWIDTH 1200 0
DWIDTH 6 0
BBX 5 5 0 -1
BITMAP
60
90
90
10
18
ENDCHAR
STARTCHAR uni0573
ENCODING 1395
SWIDTH 1200 0
DWIDTH 6 0
BBX 5 5 0 -1
BITMAP
38
40
F0
48
78
ENDCHAR
STARTCHAR uni0574
ENCODING 1396
SWIDTH 1200 0
DWIDTH 6 0
BBX 5 5 0 -1
BITMAP
98
90
90
90
60
ENDCHAR
STARTCHAR uni0575
ENCODING 1397
SWIDTH 1200 0
DWIDTH 6 0
BBX 5 5 0 -1
BITMAP
F0
08
F0
08
F0
ENDCHAR
STARTCHAR uni0576
ENCODING 1398
SWIDTH 1200 0
DWIDTH 6 0
BBX 5 5 0 -1
BITMAP
C0
40
48
48
30
ENDCHAR
STARTCHAR uni0577
ENCODING 1399
SWIDTH 1200 0
DWIDTH 6 0
BBX 5 5 0 -1
BITMAP
C0
70
80
88
70
ENDCHAR
STARTCHAR uni0578
ENCODING 1400
SWIDTH 1200 0
DWIDTH 6 0
BBX 5 5 0 -1
BITMAP
70
88
88
88
88
ENDCHAR
STARTCHAR uni0579
ENCODING 1401
SWIDTH 1200 0
DWIDTH 6 0
BBX 5 5 0 -1
BITMAP
70
88
10
60
10
ENDCHAR
STARTCHAR uni057A
ENCODING 1402
SWIDTH 1200 0
DWIDTH 6 0
BBX 5 5 0 -1
BITMAP
70
A8
A8
28
08
ENDCHAR
STARTCHAR uni057B
ENCODING 1403
SWIDTH 1200 0
DWIDTH 6 0
BBX 5 5 0 -1
BITMAP
30
48
28
90
F8
ENDCHAR
STARTCHAR uni057C
ENCODING 1404
SWIDTH 1200 0
DWIDTH 6 0
BBX 5 5 0 -1
BITMAP
60
90
90
98
90
ENDCHAR
STARTCHAR uni057D
ENCODING 1405
SWIDTH 1200 0
DWIDTH 6 0
BBX 5 5 0 -1
BITMAP
88
88
88
88
70
ENDCHAR
STARTCHAR uni057E
ENCODING 1406
SWIDTH 1200 0
DWIDTH 6 0
BBX 5 5 0 -1
BITMAP
10
90
90
70
18
ENDCHAR
STARTCHAR uni057F
ENCODING 1407
SWIDTH 1200 0
DWIDTH 6 0
BBX 5 5 0 -1
BITMAP
78
80
70
08
F0
ENDCHAR
STARTCHAR uni0580
ENCODING 1408
SWIDTH 1200 0
DWIDTH 6 0
BBX 5 5 0 -1
BITMAP
70
88
88
80
80
ENDCHAR
STARTCHAR uni0581
ENCODING 1409
SWIDTH 1200 0
DWIDTH 6 0
BBX 5 5 0 -1
BITMAP
30
48
F0
08
F0
ENDCHAR
STARTCHAR uni0582
ENCODING 1410
SWIDTH 1200 0
DWIDTH 6 0
BBX 5 5 0 -1
BITMAP
80
F8
80
80
80
ENDCHAR
STARTCHAR uni0583
ENCODING 1411
SWIDTH 1200 0
DWIDTH 6 0
BBX 5 5 0 -1
BITMAP
20
F8
A8
F8
20
ENDCHAR
STARTCHAR uni0584
ENCODING 1412
SWIDTH 1200 0
DWIDTH 6 0
BBX 5 5 0 -1
BITMAP
30
48
70
40
F8
ENDCHAR
STARTCHAR uni0585
ENCODING 1413
SWIDTH 1200 0
DWIDTH 6 0
BBX 5 5 0 -1
BITMAP
70
88
88
88
70
ENDCHAR
STARTCHAR uni0586
ENCODING 1414
SWIDTH 1200 0
DWIDTH 6 0
BBX 5 5 0 -1
BITMAP
60
A0
70
28
F0
ENDCHAR
STARTCHAR uni0587
ENCODING 1415
SWIDTH 1200 0
DWIDTH 6 0
BBX 5 5 0 -1
BITMAP
80
90
90
90
78
ENDCHAR
STARTCHAR uni0588
ENCODING 1416
SWIDTH 1200 0
DWIDTH 6 0
BBX 5 5 0 -1
BITMAP
30
10
38
90
60
ENDCHAR
STARTCHAR uni0589
ENCODING 1417
SWIDTH 1200 0
DWIDTH 6 0
BBX 1 3 2 0
BITMAP
80
00
80
ENDCHAR
STARTCHAR uni058A
ENCODING 1418
SWIDTH 1200 0
DWIDTH 6 0
BBX 3 1 1 1
BITMAP
E0
ENDCHAR
STARTCHAR uni058D
ENCODING 1421
SWIDTH 1200 0
DWIDTH 6 0
BBX 5 5 0 -1
BITMAP
70
A8
D8
A8
70
ENDCHAR
STARTCHAR uni058E
ENCODING 1422
SWIDTH 1200 0
DWIDTH 6 0
BBX 5 5 0 -1
BITMAP
70
D8
A8
D8
70
ENDCHAR
STARTCHAR uni058F
ENCODING 1423
SWIDTH 1200 0
DWIDTH 6 0
BBX 5 5 0 -1
BITMAP
60
90
90
38
10
ENDCHAR
STARTCHAR uni07C0
ENCODING 1984
SWIDTH 1200 0
DWIDTH 6 0
BBX 5 5 0 -1
BITMAP
70
88
88
88
70
ENDCHAR
STARTCHAR uni07C1
ENCODING 1985
SWIDTH 1200 0
DWIDTH 6 0
BBX 5 5 0 -1
BITMAP
30
28
20
20
F8
ENDCHAR
STARTCHAR uni07C2
ENCODING 1986
SWIDTH 1200 0
DWIDTH 6 0
BBX 5 5 0 -1
BITMAP
88
88
F8
80
80
ENDCHAR
STARTCHAR uni07C3
ENCODING 1987
SWIDTH 1200 0
DWIDTH 6 0
BBX 5 5 0 -1
BITMAP
08
08
F8
08
F8
ENDCHAR
STARTCHAR uni07C4
ENCODING 1988
SWIDTH 1200 0
DWIDTH 6 0
BBX 5 5 0 -1
BITMAP
08
08
F8
80
F8
ENDCHAR
STARTCHAR uni07C5
ENCODING 1989
SWIDTH 1200 0
DWIDTH 6 0
BBX 5 5 0 -1
BITMAP
80
80
F8
80
80
ENDCHAR
STARTCHAR uni07C6
ENCODING 1990
SWIDTH 1200 0
DWIDTH 6 0
BBX 5 5 0 -1
BITMAP
80
80
F8
08
08
ENDCHAR
STARTCHAR uni07C7
ENCODING 1991
SWIDTH 1200 0
DWIDTH 6 0
BBX 5 5 0 -1
BITMAP
80
88
90
A0
C0
ENDCHAR
STARTCHAR uni07C8
ENCODING 1992
SWIDTH 1200 0
DWIDTH 6 0
BBX 5 5 0 -1
BITMAP
80
F8
90
A0
C0
ENDCHAR
STARTCHAR uni07C9
ENCODING 1993
SWIDTH 1200 0
DWIDTH 6 0
BBX 5 5 0 -1
BITMAP
70
88
70
20
20
ENDCHAR
STARTCHAR uni07CA
ENCODING 1994
SWIDTH 1200 0
DWIDTH 6 0
BBX 2 5 2 -1
BITMAP
C0
C0
C0
C0
C0
ENDCHAR
STARTCHAR uni07CB
ENCODING 1995
SWIDTH 1200 0
DWIDTH 6 0
BBX 5 4 0 -1
BITMAP
70
88
88
70
ENDCHAR
STARTCHAR uni07CC
ENCODING 1996
SWIDTH 1200 0
DWIDTH 6 0
BBX 5 5 0 -1
BITMAP
88
50
20
20
20
ENDCHAR
STARTCHAR uni07CD
ENCODING 1997
SWIDTH 1200 0
DWIDTH 6 0
BBX 5 4 0 -1
BITMAP
20
50
88
88
ENDCHAR
STARTCHAR uni07CE
ENCODING 1998
SWIDTH 1200 0
DWIDTH 6 0
BBX 5 4 0 -1
BITMAP
88
88
88
F8
ENDCHAR
STARTCHAR uni07CF
ENCODING 1999
SWIDTH 1200 0
DWIDTH 6 0
BBX 5 4 0 -1
BITMAP
F8
08
08
F8
ENDCHAR
STARTCHAR uni07D0
ENCODING 2000
SWIDTH 1200 0
DWIDTH 6 0
BBX 5 5 0 -1
BITMAP
70
88
70
20
F8
ENDCHAR
STARTCHAR uni07D1
ENCODING 2001
SWIDTH 1200 0
DWIDTH 6 0
BBX 5 4 0 -1
BITMAP
40
20
00
F8
ENDCHAR
STARTCHAR uni07D2
ENCODING 2002
SWIDTH 1200 0
DWIDTH 6 0
BBX 5 5 0 -1
BITMAP
40
A0
78
28
08
ENDCHAR
STARTCHAR uni07D3
ENCODING 2003
SWIDTH 1200 0
DWIDTH 6 0
BBX 5 5 0 -1
BITMAP
F8
80
F8
80
80
ENDCHAR
STARTCHAR uni07D4
ENCODING 2004
SWIDTH 1200 0
DWIDTH 6 0
BBX 5 5 0 -1
BITMAP
F8
08
F8
08
08
ENDCHAR
STARTCHAR uni07D5
ENCODING 2005
SWIDTH 1200 0
DWIDTH 6 0
BBX 5 5 0 -1
BITMAP
80
80
F0
88
F0
ENDCHAR
STARTCHAR uni07D6
ENCODING 2006
SWIDTH 1200 0
DWIDTH 6 0
BBX 5 5 0 -1
BITMAP
F8
80
40
20
20
ENDCHAR
STARTCHAR uni07D7
ENCODING 2007
SWIDTH 1200 0
DWIDTH 6 0
BBX 4 5 0 -1
BITMAP
30
50
90
10
10
ENDCHAR
STARTCHAR uni07D8
ENCODING 2008
SWIDTH 1200 0
DWIDTH 6 0
BBX 5 4 0 -1
BITMAP
30
68
A8
F8
ENDCHAR
STARTCHAR uni07D9
ENCODING 2009
SWIDTH 1200 0
DWIDTH 6 0
BBX 5 5 0 -1
BITMAP
20
F8
20
20
20
ENDCHAR
STARTCHAR uni07DA
ENCODING 2010
SWIDTH 1200 0
DWIDTH 6 0
BBX 5 5 0 -1
BITMAP
50
F8
50
50
70
ENDCHAR
STARTCHAR uni07DB
ENCODING 2011
SWIDTH 1200 0
DWIDTH 6 0
BBX 5 4 0 -1
BITMAP
F8
88
88
F8
ENDCHAR
STARTCHAR uni07DC
ENCODING 2012
SWIDTH 1200 0
DWIDTH 6 0
BBX 5 5 0 -1
BITMAP
F8
88
88
50
20
ENDCHAR
STARTCHAR uni07DD
ENCODING 2013
SWIDTH 1200 0
DWIDTH 6 0
BBX 5 5 0 -1
BITMAP
30
28
F0
A0
E0
ENDCHAR
STARTCHAR uni07DE
ENCODING 2014
SWIDTH 1200 0
DWIDTH 6 0
BBX 5 5 0 -1
BITMAP
88
F8
88
08
08
ENDCHAR
STARTCHAR uni07DF
ENCODING 2015
SWIDTH 1200 0
DWIDTH 6 0
BBX 5 5 0 -1
BITMAP
70
90
78
10
10
ENDCHAR
STARTCHAR uni07E0
ENCODING 2016
SWIDTH 1200 0
DWIDTH 6 0
BBX 5 5 0 -1
BITMAP
F8
20
20
20
20
ENDCHAR
STARTCHAR uni07E1
ENCODING 2017
SWIDTH 1200 0
DWIDTH 6 0
BBX 5 5 0 -1
BITMAP
20
50
88
88
F8
ENDCHAR
STARTCHAR uni07E2
ENCODING 2018
SWIDTH 1200 0
DWIDTH 6 0
BBX 4 5 0 -1
BITMAP
E0
20
70
70
20
ENDCHAR
STARTCHAR uni07E3
ENCODING 2019
SWIDTH 1200 0
DWIDTH 6 0
BBX 5 5 0 -1
BITMAP
F8
88
08
08
08
ENDCHAR
STARTCHAR uni07E4
ENCODING 2020
SWIDTH 1200 0
DWIDTH 6 0
BBX 5 5 0 -1
BITMAP
80
F8
88
08
08
ENDCHAR
STARTCHAR uni07E5
ENCODING 2021
SWIDTH 1200 0
DWIDTH 6 0
BBX 5 5 0 -1
BITMAP
F8
08
F8
88
F8
ENDCHAR
STARTCHAR uni07E6
ENCODING 2022
SWIDTH 1200 0
DWIDTH 6 0
BBX 5 5 0 -1
BITMAP
20
70
88
70
20
ENDCHAR
STARTCHAR uni07E7
ENCODING 2023
SWIDTH 1200 0
DWIDTH 6 0
BBX 5 5 0 -1
BITMAP
F8
20
70
70
20
ENDCHAR
STARTCHAR uni07E8
ENCODING 2024
SWIDTH 1200 0
DWIDTH 6 0
BBX 4 5 1 -1
BITMAP
40
C0
50
50
60
ENDCHAR
STARTCHAR uni07E9
ENCODING 2025
SWIDTH 1200 0
DWIDTH 6 0
BBX 4 5 1 -1
BITMAP
40
C0
60
50
60
ENDCHAR
STARTCHAR uni07EA
ENCODING 2026
SWIDTH 1200 0
DWIDTH 6 0
BBX 5 5 0 -1
BITMAP
20
F8
20
20
20
ENDCHAR
STARTCHAR uni07F4
ENCODING 2036
SWIDTH 1200 0
DWIDTH 6 0
BBX 2 2 2 2
BITMAP
40
80
ENDCHAR
STARTCHAR uni07F5
ENCODING 2037
SWIDTH 1200 0
DWIDTH 6 0
BBX 2 2 2 2
BITMAP
80
40
ENDCHAR
STARTCHAR uni07F6
ENCODING 2038
SWIDTH 1200 0
DWIDTH 6 0
BBX 5 5 0 -1
BITMAP
38
28
30
40
F8
ENDCHAR
STARTCHAR uni07F7
ENCODING 2039
SWIDTH 1200 0
DWIDTH 6 0
BBX 5 5 0 -1
BITMAP
70
70
20
D8
D8
ENDCHAR
STARTCHAR uni07F8
ENCODING 2040
SWIDTH 1200 0
DWIDTH 6 0
BBX 5 4 0 -1
BITMAP
20
00
00
F8
ENDCHAR
STARTCHAR uni07F9
ENCODING 2041
SWIDTH 1200 0
DWIDTH 6 0
BBX 5 5 0 -1
BITMAP
F8
00
20
00
20
ENDCHAR
STARTCHAR uni07FA
ENCODING 2042
SWIDTH 1200 0
DWIDTH 6 0
BBX 5 1 0 -1
BITMAP
F8
ENDCHAR
STARTCHAR uni07FE
ENCODING 2046
SWIDTH 1200 0
DWIDTH 6 0
BBX 5 5 0 -1
BITMAP
30
68
A8
F8
20
ENDCHAR
STARTCHAR uni07FF
ENCODING 2047
SWIDTH 1200 0
DWIDTH 6 0
BBX 5 5 0 -1
BITMAP
40
F8
70
48
70
ENDCHAR
STARTCHAR uni1E22
ENCODING 7714
SWIDTH 1200 0
DWIDTH 6 0
BBX 5 5 0 -1
BITMAP
A8
88
F8
88
88
ENDCHAR
STARTCHAR uni1E23
ENCODING 7715
SWIDTH 1200 0
DWIDTH 6 0
BBX 5 5 0 -1
BITMAP
A8
88
F8
88
88
ENDCHAR
STARTCHAR uni1E24
ENCODING 7716
SWIDTH 1200 0
DWIDTH 6 0
BBX 5 5 0 -1
BITMAP
88
88
F8
88
A8
ENDCHAR
STARTCHAR uni1E25
ENCODING 7717
SWIDTH 1200 0
DWIDTH 6 0
BBX 5 5 0 -1
BITMAP
88
88
F8
88
A8
ENDCHAR
STARTCHAR uni1E3A
ENCODING 7738
SWIDTH 1200 0
DWIDTH 6 0
BBX 5 5 0 -1
BITMAP
80
80
F8
00
70
ENDCHAR
STARTCHAR uni1E3B
ENCODING 7739
SWIDTH 1200 0
DWIDTH 6 0
BBX 5 5 0 -1
BITMAP
80
80
F8
00
70
ENDCHAR
STARTCHAR uni1E44
ENCODING 7748
SWIDTH 1200 0
DWIDTH 6 0
BBX 5 5 0 -1
BITMAP
A8
C8
A8
98
88
ENDCHAR
STARTCHAR uni1E45
ENCODING 7749
SWIDTH 1200 0
DWIDTH 6 0
BBX 5 5 0 -1
BITMAP
A8
C8
A8
98
88
ENDCHAR
STARTCHAR uni1E6A
ENCODING 7786
SWIDTH 1200 0
DWIDTH 6 0
BBX 5 5 0 -1
BITMAP
20
00
F8
20
20
ENDCHAR
STARTCHAR uni1E6B
ENCODING 7787
SWIDTH 1200 0
DWIDTH 6 0
BBX 5 5 0 -1
BITMAP
20
00
F8
20
20
ENDCHAR
STARTCHAR uni1E7C
ENCODING 7804
SWIDTH 1200 0
DWIDTH 6 0
BBX 5 5 0 -1
BITMAP
70
00
88
50
20
ENDCHAR
STARTCHAR uni1E7D
ENCODING 7805
SWIDTH 1200 0
DWIDTH 6 0
BBX 5 5 0 -1
BITMAP
70
00
88
50
20
ENDCHAR
STARTCHAR uni1E8E
ENCODING 7822
SWIDTH 1200 0
DWIDTH 6 0
BBX 5 5 0 -1
BITMAP
A8
88
70
20
20
ENDCHAR
STARTCHAR uni1E8F
ENCODING 7823
SWIDTH 1200 0
DWIDTH 6 0
BBX 5 5 0 -1
BITMAP
A8
88
70
20
20
ENDCHAR
STARTCHAR uni1E9C
ENCODING 7836
SWIDTH 1200 0
DWIDTH 6 0
BBX 4 5 0 -1
BITMAP
30
40
40
E0
40
ENDCHAR
STARTCHAR uni1E9D
ENCODING 7837
SWIDTH 1200 0
DWIDTH 6 0
BBX 4 5 0 -1
BITMAP
30
40
E0
40
40
ENDCHAR
STARTCHAR uni1E9E
ENCODING 7838
SWIDTH 1200 0
DWIDTH 6 0
BBX 5 5 0 -1
BITMAP
70
88
90
88
B0
ENDCHAR
STARTCHAR uni1EBC
ENCODING 7868
SWIDTH 1200 0
DWIDTH 6 0
BBX 5 5 0 -1
BITMAP
F8
00
60
70
78
ENDCHAR
STARTCHAR uni1EBD
ENCODING 7869
SWIDTH 1200 0
DWIDTH 6 0
BBX 5 5 0 -1
BITMAP
F8
00
60
70
78
ENDCHAR
STARTCHAR uni1EF2
ENCODING 7922
SWIDTH 1200 0
DWIDTH 6 0
BBX 5 5 0 -1
BITMAP
40
20
88
F8
20
ENDCHAR
STARTCHAR uni1EF3
ENCODING 7923
SWIDTH 1200 0
DWIDTH 6 0
BBX 5 5 0 -1
BITMAP
40
20
88
F8
20
ENDCHAR
STARTCHAR uni1EF4
ENCODING 7924
SWIDTH 1200 0
DWIDTH 6 0
BBX 5 5 0 -1
BITMAP
88
88
70
20
28
ENDCHAR
STARTCHAR uni1EF5
ENCODING 7925
SWIDTH 1200 0
DWIDTH 6 0
BBX 5 5 0 -1
BITMAP
88
88
70
20
28
ENDCHAR
STARTCHAR uni1EF8
ENCODING 7928
SWIDTH 1200 0
DWIDTH 6 0
BBX 5 5 0 -1
BITMAP
70
00
88
F8
20
ENDCHAR
STARTCHAR uni1EF9
ENCODING 7929
SWIDTH 1200 0
DWIDTH 6 0
BBX 5 5 0 -1
BITMAP
70
00
88
F8
20
ENDCHAR
STARTCHAR uni1EFA
ENCODING 7930
SWIDTH 1200 0
DWIDTH 6 0
BBX 5 5 0 -1
BITMAP
A0
A0
A0
A0
F8
ENDCHAR
STARTCHAR uni1EFB
ENCODING 7931
SWIDTH 1200 0
DWIDTH 6 0
BBX 5 5 0 -1
BITMAP
A0
A0
A0
A0
F8
ENDCHAR
STARTCHAR uni1F74
ENCODING 8052
SWIDTH 1200 0
DWIDTH 6 0
BBX 5 5 0 -1
BITMAP
C8
C8
78
48
48
ENDCHAR
STARTCHAR uni1F78
ENCODING 8056
SWIDTH 1200 0
DWIDTH 6 0
BBX 5 5 0 -1
BITMAP
B0
C8
48
48
30
ENDCHAR
STARTCHAR uni1FC6
ENCODING 8134
SWIDTH 1200 0
DWIDTH 6 0
BBX 5 5 0 -1
BITMAP
98
98
F0
90
90
ENDCHAR
STARTCHAR uni1FCA
ENCODING 8138
SWIDTH 1200 0
DWIDTH 6 0
BBX 5 5 0 -1
BITMAP
C8
C8
78
48
48
ENDCHAR
STARTCHAR uni1FF6
ENCODING 8182
SWIDTH 1200 0
DWIDTH 6 0
BBX 5 5 0 -1
BITMAP
78
88
88
50
D8
ENDCHAR
STARTCHAR uni1FF8
ENCODING 8184
SWIDTH 1200 0
DWIDTH 6 0
BBX 5 5 0 -1
BITMAP
B0
C8
48
48
30
ENDCHAR
STARTCHAR uni2000
ENCODING 8192
SWIDTH 1200 0
DWIDTH 6 0
BBX 1 1 0 0
BITMAP
00
ENDCHAR
STARTCHAR uni2001
ENCODING 8193
SWIDTH 1200 0
DWIDTH 6 0
BBX 1 1 0 0
BITMAP
00
ENDCHAR
STARTCHAR uni2002
ENCODING 8194
SWIDTH 1200 0
DWIDTH 6 0
BBX 1 1 0 0
BITMAP
00
ENDCHAR
STARTCHAR uni2003
ENCODING 8195
SWIDTH 1200 0
DWIDTH 6 0
BBX 1 1 0 0
BITMAP
00
ENDCHAR
STARTCHAR uni2004
ENCODING 8196
SWIDTH 1200 0
DWIDTH 6 0
BBX 1 1 0 0
BITMAP
00
ENDCHAR
STARTCHAR uni2005
ENCODING 8197
SWIDTH 1200 0
DWIDTH 6 0
BBX 1 1 0 0
BITMAP
00
ENDCHAR
STARTCHAR uni2006
ENCODING 8198
SWIDTH 1200 0
DWIDTH 6 0
BBX 1 1 0 0
BITMAP
00
ENDCHAR
STARTCHAR uni2007
ENCODING 8199
SWIDTH 1200 0
DWIDTH 6 0
BBX 1 1 0 0
BITMAP
00
ENDCHAR
STARTCHAR uni2008
ENCODING 8200
SWIDTH 1200 0
DWIDTH 6 0
BBX 1 1 0 0
BITMAP
00
ENDCHAR
STARTCHAR uni2009
ENCODING 8201
SWIDTH 1200 0
DWIDTH 6 0
BBX 1 1 0 0
BITMAP
00
ENDCHAR
STARTCHAR uni200A
ENCODING 8202
SWIDTH 1200 0
DWIDTH 6 0
BBX 1 1 0 0
BITMAP
00
ENDCHAR
STARTCHAR uni200B
ENCODING 8203
SWIDTH 0 0
DWIDTH 0 0
BBX 1 1 0 0
BITMAP
00
ENDCHAR
STARTCHAR uni200C
ENCODING 8204
SWIDTH 1200 0
DWIDTH 6 0
BBX 1 4 2 -1
BITMAP
80
80
80
80
ENDCHAR
STARTCHAR uni2010
ENCODING 8208
SWIDTH 1200 0
DWIDTH 6 0
BBX 5 1 0 1
BITMAP
F8
ENDCHAR
STARTCHAR uni2011
ENCODING 8209
SWIDTH 1200 0
DWIDTH 6 0
BBX 5 1 0 1
BITMAP
F8
ENDCHAR
STARTCHAR uni2012
ENCODING 8210
SWIDTH 1200 0
DWIDTH 6 0
BBX 5 1 0 1
BITMAP
F8
ENDCHAR
STARTCHAR uni2013
ENCODING 8211
SWIDTH 1200 0
DWIDTH 6 0
BBX 5 1 0 1
BITMAP
F8
ENDCHAR
STARTCHAR uni2014
ENCODING 8212
SWIDTH 1200 0
DWIDTH 6 0
BBX 5 1 0 1
BITMAP
F8
ENDCHAR
STARTCHAR uni2015
ENCODING 8213
SWIDTH 1200 0
DWIDTH 6 0
BBX 5 1 0 1
BITMAP
F8
ENDCHAR
STARTCHAR uni2016
ENCODING 8214
SWIDTH 1200 0
DWIDTH 6 0
BBX 3 5 1 -1
BITMAP
A0
A0
A0
A0
A0
ENDCHAR
STARTCHAR uni2017
ENCODING 8215
SWIDTH 1200 0
DWIDTH 6 0
BBX 5 3 0 -1
BITMAP
F8
00
F8
ENDCHAR
STARTCHAR uni2018
ENCODING 8216
SWIDTH 1200 0
DWIDTH 6 0
BBX 1 2 2 2
BITMAP
80
80
ENDCHAR
STARTCHAR uni2019
ENCODING 8217
SWIDTH 1200 0
DWIDTH 6 0
BBX 1 2 2 2
BITMAP
80
80
ENDCHAR
STARTCHAR uni201A
ENCODING 8218
SWIDTH 1200 0
DWIDTH 6 0
BBX 1 2 2 -1
BITMAP
80
80
ENDCHAR
STARTCHAR uni201B
ENCODING 8219
SWIDTH 1200 0
DWIDTH 6 0
BBX 1 2 2 2
BITMAP
80
80
ENDCHAR
STARTCHAR uni201C
ENCODING 8220
SWIDTH 1200 0
DWIDTH 6 0
BBX 3 2 1 2
BITMAP
A0
A0
ENDCHAR
STARTCHAR uni201D
ENCODING 8221
SWIDTH 1200 0
DWIDTH 6 0
BBX 3 2 1 2
BITMAP
A0
A0
ENDCHAR
STARTCHAR uni201E
ENCODING 8222
SWIDTH 1200 0
DWIDTH 6 0
BBX 3 2 1 -1
BITMAP
A0
A0
ENDCHAR
STARTCHAR uni201F
ENCODING 8223
SWIDTH 1200 0
DWIDTH 6 0
BBX 3 2 1 2
BITMAP
A0
A0
ENDCHAR
STARTCHAR uni2020
ENCODING 8224
SWIDTH 1200 0
DWIDTH 6 0
BBX 3 5 1 -1
BITMAP
40
E0
40
40
40
ENDCHAR
STARTCHAR uni2021
ENCODING 8225
SWIDTH 1200 0
DWIDTH 6 0
BBX 3 5 1 -1
BITMAP
40
E0
40
E0
40
ENDCHAR
STARTCHAR uni2022
ENCODING 8226
SWIDTH 1200 0
DWIDTH 6 0
BBX 3 3 1 0
BITMAP
E0
E0
E0
ENDCHAR
STARTCHAR uni2023
ENCODING 8227
SWIDTH 1200 0
DWIDTH 6 0
BBX 3 3 1 0
BITMAP
C0
E0
C0
ENDCHAR
STARTCHAR uni2024
ENCODING 8228
SWIDTH 1200 0
DWIDTH 6 0
BBX 1 1 2 -1
BITMAP
80
ENDCHAR
STARTCHAR uni2025
ENCODING 8229
SWIDTH 1200 0
DWIDTH 6 0
BBX 3 1 1 -1
BITMAP
A0
ENDCHAR
STARTCHAR uni2026
ENCODING 8230
SWIDTH 1200 0
DWIDTH 6 0
BBX 5 1 0 -1
BITMAP
A8
ENDCHAR
STARTCHAR uni2027
ENCODING 8231
SWIDTH 1200 0
DWIDTH 6 0
BBX 1 1 2 1
BITMAP
80
ENDCHAR
STARTCHAR uni202A
ENCODING 8234
SWIDTH 1200 0
DWIDTH 6 0
BBX 3 4 2 -1
BITMAP
E0
80
80
80
ENDCHAR
STARTCHAR uni202B
ENCODING 8235
SWIDTH 1200 0
DWIDTH 6 0
BBX 3 4 0 -1
BITMAP
E0
20
20
20
ENDCHAR
STARTCHAR uni202C
ENCODING 8236
SWIDTH 1200 0
DWIDTH 6 0
BBX 3 5 1 -1
BITMAP
E0
E0
40
40
40
ENDCHAR
STARTCHAR uni202D
ENCODING 8237
SWIDTH 1200 0
DWIDTH 6 0
BBX 3 5 1 -1
BITMAP
E0
80
E0
40
40
ENDCHAR
STARTCHAR uni202E
ENCODING 8238
SWIDTH 1200 0
DWIDTH 6 0
BBX 3 5 1 -1
BITMAP
E0
20
E0
40
40
ENDCHAR
STARTCHAR uni202F
ENCODING 8239
SWIDTH 1200 0
DWIDTH 6 0
BBX 1 1 0 0
BITMAP
00
ENDCHAR
STARTCHAR uni2030
ENCODING 8240
SWIDTH 1200 0
DWIDTH 6 0
BBX 5 5 0 -1
BITMAP
88
10
20
48
90
ENDCHAR
STARTCHAR uni2032
ENCODING 8242
SWIDTH 1200 0
DWIDTH 6 0
BBX 1 2 2 2
BITMAP
80
80
ENDCHAR
STARTCHAR uni2033
ENCODING 8243
SWIDTH 1200 0
DWIDTH 6 0
BBX 3 2 1 2
BITMAP
A0
A0
ENDCHAR
STARTCHAR uni2034
ENCODING 8244
SWIDTH 1200 0
DWIDTH 6 0
BBX 5 2 0 2
BITMAP
A8
A8
ENDCHAR
STARTCHAR uni2039
ENCODING 8249
SWIDTH 1200 0
DWIDTH 6 0
BBX 3 5 1 -1
BITMAP
20
40
80
40
20
ENDCHAR
STARTCHAR uni203A
ENCODING 8250
SWIDTH 1200 0
DWIDTH 6 0
BBX 3 5 1 -1
BITMAP
80
40
20
40
80
ENDCHAR
STARTCHAR uni203C
ENCODING 8252
SWIDTH 1200 0
DWIDTH 6 0
BBX 3 5 1 -1
BITMAP
A0
A0
A0
00
A0
ENDCHAR
STARTCHAR uni203E
ENCODING 8254
SWIDTH 1200 0
DWIDTH 6 0
BBX 5 1 0 3
BITMAP
F8
ENDCHAR
STARTCHAR uni2043
ENCODING 8259
SWIDTH 1200 0
DWIDTH 6 0
BBX 3 1 1 1
BITMAP
E0
ENDCHAR
STARTCHAR uni2044
ENCODING 8260
SWIDTH 1200 0
DWIDTH 6 0
BBX 5 5 0 -1
BITMAP
08
10
20
40
80
ENDCHAR
STARTCHAR uni2048
ENCODING 8264
SWIDTH 1200 0
DWIDTH 6 0
BBX 5 5 0 -1
BITMAP
E8
28
48
00
48
ENDCHAR
STARTCHAR uni2049
ENCODING 8265
SWIDTH 1200 0
DWIDTH 6 0
BBX 5 5 0 -1
BITMAP
B8
88
90
00
90
ENDCHAR
STARTCHAR uni204B
ENCODING 8267
SWIDTH 1200 0
DWIDTH 6 0
BBX 5 5 0 -1
BITMAP
F0
B8
B0
A0
A0
ENDCHAR
STARTCHAR uni204F
ENCODING 8271
SWIDTH 1200 0
DWIDTH 6 0
BBX 2 4 2 -1
BITMAP
80
00
80
40
ENDCHAR
STARTCHAR uni2052
ENCODING 8274
SWIDTH 1200 0
DWIDTH 6 0
BBX 3 5 1 -1
BITMAP
A0
20
40
80
A0
ENDCHAR
STARTCHAR uni206A
ENCODING 8298
SWIDTH 1200 0
DWIDTH 6 0
BBX 3 5 1 -1
BITMAP
E0
40
E0
40
40
ENDCHAR
STARTCHAR uni206B
ENCODING 8299
SWIDTH 1200 0
DWIDTH 6 0
BBX 3 5 1 -1
BITMAP
E0
A0
E0
40
40
ENDCHAR
STARTCHAR uni206E
ENCODING 8302
SWIDTH 1200 0
DWIDTH 6 0
BBX 3 5 1 -1
BITMAP
40
A0
40
40
40
ENDCHAR
STARTCHAR uni20A2
ENCODING 8354
SWIDTH 1200 0
DWIDTH 6 0
BBX 5 5 0 -1
BITMAP
78
80
B0
A0
78
ENDCHAR
STARTCHAR uni20AA
ENCODING 8362
SWIDTH 1200 0
DWIDTH 6 0
BBX 5 5 0 -1
BITMAP
E8
A8
88
A8
B8
ENDCHAR
STARTCHAR uni20AC
ENCODING 8364
SWIDTH 1200 0
DWIDTH 6 0
BBX 5 5 0 -1
BITMAP
30
48
E0
48
30
ENDCHAR
STARTCHAR uni20B4
ENCODING 8372
SWIDTH 1200 0
DWIDTH 6 0
BBX 5 5 0 -1
BITMAP
60
10
F8
40
30
ENDCHAR
STARTCHAR uni20B5
ENCODING 8373
SWIDTH 1200 0
DWIDTH 6 0
BBX 5 5 0 -1
BITMAP
70
A8
A0
A8
70
ENDCHAR
STARTCHAR uni20B8
ENCODING 8376
SWIDTH 1200 0
DWIDTH 6 0
BBX 5 5 0 -1
BITMAP
F8
00
F8
20
20
ENDCHAR
STARTCHAR uni20BA
ENCODING 8378
SWIDTH 1200 0
DWIDTH 6 0
BBX 5 5 0 -1
BITMAP
40
60
C8
48
70
ENDCHAR
STARTCHAR uni20BC
ENCODING 8380
SWIDTH 1200 0
DWIDTH 6 0
BBX 5 5 0 -1
BITMAP
20
20
70
A8
A8
ENDCHAR
STARTCHAR uni20BD
ENCODING 8381
SWIDTH 1200 0
DWIDTH 6 0
BBX 5 5 0 -1
BITMAP
70
48
70
E0
40
ENDCHAR
STARTCHAR uni20C0
ENCODING 8384
SWIDTH 1200 0
DWIDTH 6 0
BBX 5 5 0 -1
BITMAP
30
40
30
00
F8
ENDCHAR
STARTCHAR uni2105
ENCODING 8453
SWIDTH 1200 0
DWIDTH 6 0
BBX 5 5 0 -1
BITMAP
08
10
20
40
88
ENDCHAR
STARTCHAR uni2113
ENCODING 8467
SWIDTH 1200 0
DWIDTH 6 0
BBX 5 5 0 -1
BITMAP
20
50
60
C8
30
ENDCHAR
STARTCHAR uni2116
ENCODING 8470
SWIDTH 1200 0
DWIDTH 6 0
BBX 3 5 0 -1
BITMAP
E0
A0
E0
00
E0
ENDCHAR
STARTCHAR uni2117
ENCODING 8471
SWIDTH 1200 0
DWIDTH 6 0
BBX 3 3 1 0
BITMAP
E0
E0
80
ENDCHAR
STARTCHAR uni2122
ENCODING 8482
SWIDTH 1200 0
DWIDTH 6 0
BBX 3 5 1 -1
BITMAP
E0
40
00
E0
A0
ENDCHAR
STARTCHAR uni2126
ENCODING 8486
SWIDTH 1200 0
DWIDTH 6 0
BBX 5 5 0 -1
BITMAP
70
88
88
50
D8
ENDCHAR
STARTCHAR uni2127
ENCODING 8487
SWIDTH 1200 0
DWIDTH 6 0
BBX 5 5 0 -1
BITMAP
D8
50
88
88
70
ENDCHAR
STARTCHAR uni212E
ENCODING 8494
SWIDTH 1200 0
DWIDTH 6 0
BBX 5 5 0 -1
BITMAP
70
88
F8
80
78
ENDCHAR
STARTCHAR uni2139
ENCODING 8505
SWIDTH 1200 0
DWIDTH 6 0
BBX 3 5 1 -1
BITMAP
40
00
C0
40
E0
ENDCHAR
STARTCHAR uni214E
ENCODING 8526
SWIDTH 1200 0
DWIDTH 6 0
BBX 4 4 1 -1
BITMAP
10
70
10
F0
ENDCHAR
STARTCHAR uni2184
ENCODING 8580
SWIDTH 1200 0
DWIDTH 6 0
BBX 4 4 1 -1
BITMAP
E0
10
10
E0
ENDCHAR
STARTCHAR uni2190
ENCODING 8592
SWIDTH 1200 0
DWIDTH 6 0
BBX 5 5 0 -1
BITMAP
20
40
F8
40
20
ENDCHAR
STARTCHAR uni2191
ENCODING 8593
SWIDTH 1200 0
DWIDTH 6 0
BBX 5 5 0 -1
BITMAP
20
70
A8
20
20
ENDCHAR
STARTCHAR uni2192
ENCODING 8594
SWIDTH 1200 0
DWIDTH 6 0
BBX 5 5 0 -1
BITMAP
20
10
F8
10
20
ENDCHAR
STARTCHAR uni2193
ENCODING 8595
SWIDTH 1200 0
DWIDTH 6 0
BBX 5 5 0 -1
BITMAP
20
20
A8
70
20
ENDCHAR
STARTCHAR uni2196
ENCODING 8598
SWIDTH 1200 0
DWIDTH 6 0
BBX 5 5 0 -1
BITMAP
F0
C0
A0
90
08
ENDCHAR
STARTCHAR uni2197
ENCODING 8599
SWIDTH 1200 0
DWIDTH 6 0
BBX 5 5 0 -1
BITMAP
78
18
28
48
80
ENDCHAR
STARTCHAR uni2198
ENCODING 8600
SWIDTH 1200 0
DWIDTH 6 0
BBX 5 5 0 -1
BITMAP
80
48
28
18
78
ENDCHAR
STARTCHAR uni2199
ENCODING 8601
SWIDTH 1200 0
DWIDTH 6 0
BBX 5 5 0 -1
BITMAP
08
90
A0
C0
F0
ENDCHAR
STARTCHAR uni2202
ENCODING 8706
SWIDTH 1200 0
DWIDTH 6 0
BBX 5 5 0 -1
BITMAP
30
08
78
90
60
ENDCHAR
STARTCHAR uni2206
ENCODING 8710
SWIDTH 1200 0
DWIDTH 6 0
BBX 5 5 0 -1
BITMAP
20
50
50
88
F8
ENDCHAR
STARTCHAR uni2207
ENCODING 8711
SWIDTH 1200 0
DWIDTH 6 0
BBX 5 5 0 -1
BITMAP
F8
88
50
50
20
ENDCHAR
STARTCHAR uni220F
ENCODING 8719
SWIDTH 1200 0
DWIDTH 6 0
BBX 5 5 0 -1
BITMAP
F8
88
88
88
88
ENDCHAR
STARTCHAR uni2210
ENCODING 8720
SWIDTH 1200 0
DWIDTH 6 0
BBX 5 5 0 -1
BITMAP
88
88
88
88
F8
ENDCHAR
STARTCHAR uni2211
ENCODING 8721
SWIDTH 1200 0
DWIDTH 6 0
BBX 5 5 0 -1
BITMAP
F8
40
20
40
F8
ENDCHAR
STARTCHAR uni2212
ENCODING 8722
SWIDTH 1200 0
DWIDTH 6 0
BBX 5 1 0 1
BITMAP
F8
ENDCHAR
STARTCHAR uni2215
ENCODING 8725
SWIDTH 1200 0
DWIDTH 6 0
BBX 5 5 0 -1
BITMAP
08
10
20
40
80
ENDCHAR
STARTCHAR uni2219
ENCODING 8729
SWIDTH 1200 0
DWIDTH 6 0
BBX 1 1 2 1
BITMAP
80
ENDCHAR
STARTCHAR uni221A
ENCODING 8730
SWIDTH 1200 0
DWIDTH 6 0
BBX 5 5 0 -1
BITMAP
08
08
D0
50
20
ENDCHAR
STARTCHAR uni221E
ENCODING 8734
SWIDTH 1200 0
DWIDTH 6 0
BBX 5 3 0 0
BITMAP
50
A8
50
ENDCHAR
STARTCHAR uni221F
ENCODING 8735
SWIDTH 1200 0
DWIDTH 6 0
BBX 5 5 0 -1
BITMAP
80
80
80
80
F8
ENDCHAR
STARTCHAR uni2220
ENCODING 8736
SWIDTH 1200 0
DWIDTH 6 0
BBX 5 5 0 -1
BITMAP
10
20
40
80
F8
ENDCHAR
STARTCHAR uni2229
ENCODING 8745
SWIDTH 1200 0
DWIDTH 6 0
BBX 5 5 0 -1
BITMAP
70
88
88
88
88
ENDCHAR
STARTCHAR uni222B
ENCODING 8747
SWIDTH 1200 0
DWIDTH 6 0
BBX 3 5 1 -1
BITMAP
60
40
40
40
C0
ENDCHAR
STARTCHAR uni2248
ENCODING 8776
SWIDTH 1200 0
DWIDTH 6 0
BBX 5 5 0 -1
BITMAP
48
B0
00
48
B0
ENDCHAR
STARTCHAR uni2260
ENCODING 8800
SWIDTH 1200 0
DWIDTH 6 0
BBX 5 5 0 -1
BITMAP
10
F8
20
F8
40
ENDCHAR
STARTCHAR uni2261
ENCODING 8801
SWIDTH 1200 0
DWIDTH 6 0
BBX 5 5 0 -1
BITMAP
F8
00
F8
00
F8
ENDCHAR
STARTCHAR uni2264
ENCODING 8804
SWIDTH 1200 0
DWIDTH 6 0
BBX 5 5 0 -1
BITMAP
30
40
30
00
F8
ENDCHAR
STARTCHAR uni2265
ENCODING 8805
SWIDTH 1200 0
DWIDTH 6 0
BBX 5 5 0 -1
BITMAP
60
10
60
00
F8
ENDCHAR
STARTCHAR uni228F
ENCODING 8847
SWIDTH 1200 0
DWIDTH 6 0
BBX 5 5 0 -1
BITMAP
F8
80
80
80
F8
ENDCHAR
STARTCHAR uni2290
ENCODING 8848
SWIDTH 1200 0
DWIDTH 6 0
BBX 5 5 0 -1
BITMAP
F8
08
08
08
F8
ENDCHAR
STARTCHAR uni2291
ENCODING 8849
SWIDTH 1200 0
DWIDTH 6 0
BBX 5 5 0 -1
BITMAP
F8
80
F8
00
F8
ENDCHAR
STARTCHAR uni2292
ENCODING 8850
SWIDTH 1200 0
DWIDTH 6 0
BBX 5 5 0 -1
BITMAP
F8
08
F8
00
F8
ENDCHAR
STARTCHAR uni2293
ENCODING 8851
SWIDTH 1200 0
DWIDTH 6 0
BBX 5 5 0 -1
BITMAP
F8
88
88
88
88
ENDCHAR
STARTCHAR uni2294
ENCODING 8852
SWIDTH 1200 0
DWIDTH 6 0
BBX 5 5 0 -1
BITMAP
88
88
88
88
F8
ENDCHAR
STARTCHAR uni2299
ENCODING 8857
SWIDTH 1200 0
DWIDTH 6 0
BBX 5 5 0 -1
BITMAP
70
88
A8
88
70
ENDCHAR
STARTCHAR uni22A1
ENCODING 8865
SWIDTH 1200 0
DWIDTH 6 0
BBX 5 5 0 -1
BITMAP
F8
88
A8
88
F8
ENDCHAR
STARTCHAR uni22A2
ENCODING 8866
SWIDTH 1200 0
DWIDTH 6 0
BBX 5 5 0 -1
BITMAP
80
80
F8
80
80
ENDCHAR
STARTCHAR uni22A3
ENCODING 8867
SWIDTH 1200 0
DWIDTH 6 0
BBX 5 5 0 -1
BITMAP
08
08
F8
08
08
ENDCHAR
STARTCHAR uni22A4
ENCODING 8868
SWIDTH 1200 0
DWIDTH 6 0
BBX 5 5 0 -1
BITMAP
F8
20
20
20
20
ENDCHAR
STARTCHAR uni22A5
ENCODING 8869
SWIDTH 1200 0
DWIDTH 6 0
BBX 5 5 0 -1
BITMAP
20
20
20
20
F8
ENDCHAR
STARTCHAR uni22A6
ENCODING 8870
SWIDTH 1200 0
DWIDTH 6 0
BBX 3 5 0 -1
BITMAP
80
80
E0
80
80
ENDCHAR
STARTCHAR uni22A7
ENCODING 8871
SWIDTH 1200 0
DWIDTH 6 0
BBX 3 5 0 -1
BITMAP
80
E0
80
E0
80
ENDCHAR
STARTCHAR uni22A8
ENCODING 8872
SWIDTH 1200 0
DWIDTH 6 0
BBX 5 5 0 -1
BITMAP
80
F8
80
F8
80
ENDCHAR
STARTCHAR uni22A9
ENCODING 8873
SWIDTH 1200 0
DWIDTH 6 0
BBX 5 5 0 -1
BITMAP
A0
A0
B8
A0
A0
ENDCHAR
STARTCHAR uni22AB
ENCODING 8875
SWIDTH 1200 0
DWIDTH 6 0
BBX 5 5 0 -1
BITMAP
A0
B8
A0
B8
A0
ENDCHAR
STARTCHAR uni22EE
ENCODING 8942
SWIDTH 1200 0
DWIDTH 6 0
BBX 1 5 2 -1
BITMAP
80
00
80
00
80
ENDCHAR
STARTCHAR uni22EF
ENCODING 8943
SWIDTH 1200 0
DWIDTH 6 0
BBX 5 1 0 1
BITMAP
A8
ENDCHAR
STARTCHAR uni22F0
ENCODING 8944
SWIDTH 1200 0
DWIDTH 6 0
BBX 5 5 0 -1
BITMAP
08
00
20
00
80
ENDCHAR
STARTCHAR uni22F1
ENCODING 8945
SWIDTH 1200 0
DWIDTH 6 0
BBX 5 5 0 -1
BITMAP
80
00
20
00
08
ENDCHAR
STARTCHAR uni2302
ENCODING 8962
SWIDTH 1200 0
DWIDTH 6 0
BBX 5 5 0 -1
BITMAP
20
50
88
88
F8
ENDCHAR
STARTCHAR uni2310
ENCODING 8976
SWIDTH 1200 0
DWIDTH 6 0
BBX 4 2 1 0
BITMAP
F0
80
ENDCHAR
STARTCHAR uni231B
ENCODING 8987
SWIDTH 1200 0
DWIDTH 6 0
BBX 5 5 0 -1
BITMAP
F8
70
20
50
F8
ENDCHAR
STARTCHAR uni2320
ENCODING 8992
SWIDTH 1200 0
DWIDTH 6 0
BBX 2 5 2 -1
BITMAP
C0
80
80
80
80
ENDCHAR
STARTCHAR uni2321
ENCODING 8993
SWIDTH 1200 0
DWIDTH 6 0
BBX 2 5 1 -1
BITMAP
40
40
40
40
C0
ENDCHAR
STARTCHAR uni23CF
ENCODING 9167
SWIDTH 1200 0
DWIDTH 6 0
BBX 5 5 0 -1
BITMAP
20
70
F8
00
F8
ENDCHAR
STARTCHAR uni23F2
ENCODING 9202
SWIDTH 1200 0
DWIDTH 6 0
BBX 5 5 0 -1
BITMAP
70
C8
A8
88
70
ENDCHAR
STARTCHAR uni23F4
ENCODING 9204
SWIDTH 1200 0
DWIDTH 6 0
BBX 4 5 0 -1
BITMAP
30
70
F0
70
30
ENDCHAR
STARTCHAR uni23F5
ENCODING 9205
SWIDTH 1200 0
DWIDTH 6 0
BBX 4 5 0 -1
BITMAP
C0
E0
F0
E0
C0
ENDCHAR
STARTCHAR uni23F8
ENCODING 9208
SWIDTH 1200 0
DWIDTH 6 0
BBX 3 5 1 -1
BITMAP
A0
A0
A0
A0
A0
ENDCHAR
STARTCHAR uni23F9
ENCODING 9209
SWIDTH 1200 0
DWIDTH 6 0
BBX 5 5 0 -1
BITMAP
F8
F8
F8
F8
F8
ENDCHAR
STARTCHAR uni23FA
ENCODING 9210
SWIDTH 1200 0
DWIDTH 6 0
BBX 5 5 0 -1
BITMAP
20
70
F8
70
20
ENDCHAR
STARTCHAR uni23FB
ENCODING 9211
SWIDTH 1200 0
DWIDTH 6 0
BBX 5 5 0 -1
BITMAP
20
70
A8
88
70
ENDCHAR
STARTCHAR uni2550
ENCODING 9552
SWIDTH 1200 0
DWIDTH 6 0
BBX 5 3 0 0
BITMAP
F8
00
F8
ENDCHAR
STARTCHAR uni2551
ENCODING 9553
SWIDTH 1200 0
DWIDTH 6 0
BBX 3 5 1 -1
BITMAP
A0
A0
A0
A0
A0
ENDCHAR
STARTCHAR uni2560
ENCODING 9568
SWIDTH 1200 0
DWIDTH 6 0
BBX 4 5 1 -1
BITMAP
A0
B0
80
B0
A0
ENDCHAR
STARTCHAR uni2563
ENCODING 9571
SWIDTH 1200 0
DWIDTH 6 0
BBX 4 5 0 -1
BITMAP
50
D0
10
D0
50
ENDCHAR
STARTCHAR uni2566
ENCODING 9574
SWIDTH 1200 0
DWIDTH 6 0
BBX 5 4 0 -1
BITMAP
F8
00
D8
50
ENDCHAR
STARTCHAR uni2569
ENCODING 9577
SWIDTH 1200 0
DWIDTH 6 0
BBX 5 4 0 0
BITMAP
50
D8
00
F8
ENDCHAR
STARTCHAR uni256C
ENCODING 9580
SWIDTH 1200 0
DWIDTH 6 0
BBX 5 5 0 -1
BITMAP
50
D8
00
D8
50
ENDCHAR
STARTCHAR uni2588
ENCODING 9608
SWIDTH 1200 0
DWIDTH 6 0
BBX 5 5 0 -1
BITMAP
F8
F8
F8
F8
F8
ENDCHAR
STARTCHAR uni2591
ENCODING 9617
SWIDTH 1200 0
DWIDTH 6 0
BBX 5 5 0 -1
BITMAP
A8
00
A8
00
A8
ENDCHAR
STARTCHAR uni2592
ENCODING 9618
SWIDTH 1200 0
DWIDTH 6 0
BBX 5 5 0 -1
BITMAP
A8
50
A8
50
A8
ENDCHAR
STARTCHAR uni25A0
ENCODING 9632
SWIDTH 1200 0
DWIDTH 6 0
BBX 5 5 0 -1
BITMAP
F8
F8
F8
F8
F8
ENDCHAR
STARTCHAR uni25A1
ENCODING 9633
SWIDTH 1200 0
DWIDTH 6 0
BBX 5 5 0 -1
BITMAP
F8
88
88
88
F8
ENDCHAR
STARTCHAR uni25B2
ENCODING 9650
SWIDTH 1200 0
DWIDTH 6 0
BBX 5 4 0 -1
BITMAP
20
70
F8
F8
ENDCHAR
STARTCHAR uni25BA
ENCODING 9658
SWIDTH 1200 0
DWIDTH 6 0
BBX 4 5 0 -1
BITMAP
C0
E0
F0
E0
C0
ENDCHAR
STARTCHAR uni25BC
ENCODING 9660
SWIDTH 1200 0
DWIDTH 6 0
BBX 5 4 0 0
BITMAP
F8
F8
70
20
ENDCHAR
STARTCHAR uni25C4
ENCODING 9668
SWIDTH 1200 0
DWIDTH 6 0
BBX 4 5 1 -1
BITMAP
30
70
F0
70
30
ENDCHAR
STARTCHAR uni2604
ENCODING 9732
SWIDTH 1200 0
DWIDTH 6 0
BBX 5 5 0 -1
BITMAP
28
50
E8
F0
60
ENDCHAR
STARTCHAR uni2615
ENCODING 9749
SWIDTH 1200 0
DWIDTH 6 0
BBX 5 4 0 -1
BITMAP
F8
E8
F0
E0
ENDCHAR
STARTCHAR uni2621
ENCODING 9761
SWIDTH 1200 0
DWIDTH 6 0
BBX 5 5 0 -1
BITMAP
60
A0
A0
A0
B8
ENDCHAR
STARTCHAR uni2630
ENCODING 9776
SWIDTH 1200 0
DWIDTH 6 0
BBX 5 5 0 -1
BITMAP
F8
00
F8
00
F8
ENDCHAR
STARTCHAR uni2631
ENCODING 9777
SWIDTH 1200 0
DWIDTH 6 0
BBX 5 5 0 -1
BITMAP
D8
00
F8
00
F8
ENDCHAR
STARTCHAR uni2632
ENCODING 9778
SWIDTH 1200 0
DWIDTH 6 0
BBX 5 5 0 -1
BITMAP
F8
00
D8
00
F8
ENDCHAR
STARTCHAR uni2633
ENCODING 9779
SWIDTH 1200 0
DWIDTH 6 0
BBX 5 5 0 -1
BITMAP
D8
00
D8
00
F8
ENDCHAR
STARTCHAR uni2634
ENCODING 9780
SWIDTH 1200 0
DWIDTH 6 0
BBX 5 5 0 -1
BITMAP
F8
00
F8
00
D8
ENDCHAR
STARTCHAR uni2635
ENCODING 9781
SWIDTH 1200 0
DWIDTH 6 0
BBX 5 5 0 -1
BITMAP
D8
00
F8
00
D8
ENDCHAR
STARTCHAR uni2636
ENCODING 9782
SWIDTH 1200 0
DWIDTH 6 0
BBX 5 5 0 -1
BITMAP
F8
00
D8
00
D8
ENDCHAR
STARTCHAR uni2637
ENCODING 9783
SWIDTH 1200 0
DWIDTH 6 0
BBX 5 5 0 -1
BITMAP
D8
00
D8
00
D8
ENDCHAR
STARTCHAR uni263B
ENCODING 9787
SWIDTH 1200 0
DWIDTH 6 0
BBX 5 5 0 -1
BITMAP
70
A8
F8
88
70
ENDCHAR
STARTCHAR uni2643
ENCODING 9795
SWIDTH 1200 0
DWIDTH 6 0
BBX 5 5 0 -1
BITMAP
48
A8
28
F8
08
ENDCHAR
STARTCHAR uni2647
ENCODING 9799
SWIDTH 1200 0
DWIDTH 6 0
BBX 5 5 0 -1
BITMAP
F0
88
F0
80
F0
ENDCHAR
STARTCHAR uni2648
ENCODING 9800
SWIDTH 1200 0
DWIDTH 6 0
BBX 5 5 0 -1
BITMAP
50
A8
A8
20
20
ENDCHAR
STARTCHAR uni2649
ENCODING 9801
SWIDTH 1200 0
DWIDTH 6 0
BBX 5 5 0 -1
BITMAP
D8
50
20
50
20
ENDCHAR
STARTCHAR uni264A
ENCODING 9802
SWIDTH 1200 0
DWIDTH 6 0
BBX 5 5 0 -1
BITMAP
F8
50
50
50
F8
ENDCHAR
STARTCHAR uni264B
ENCODING 9803
SWIDTH 1200 0
DWIDTH 6 0
BBX 5 5 0 -1
BITMAP
F0
C8
00
98
78
ENDCHAR
STARTCHAR uni264C
ENCODING 9804
SWIDTH 1200 0
DWIDTH 6 0
BBX 5 5 0 -1
BITMAP
30
48
D0
D0
08
ENDCHAR
STARTCHAR uni264D
ENCODING 9805
SWIDTH 1200 0
DWIDTH 6 0
BBX 5 5 0 -1
BITMAP
A0
F0
A8
A8
10
ENDCHAR
STARTCHAR uni264E
ENCODING 9806
SWIDTH 1200 0
DWIDTH 6 0
BBX 5 5 0 -1
BITMAP
20
50
D8
00
F8
ENDCHAR
STARTCHAR uni264F
ENCODING 9807
SWIDTH 1200 0
DWIDTH 6 0
BBX 5 5 0 -1
BITMAP
D0
A8
A8
A8
08
ENDCHAR
STARTCHAR uni2650
ENCODING 9808
SWIDTH 1200 0
DWIDTH 6 0
BBX 5 5 0 -1
BITMAP
38
18
A8
40
A0
ENDCHAR
STARTCHAR uni2651
ENCODING 9809
SWIDTH 1200 0
DWIDTH 6 0
BBX 5 5 0 -1
BITMAP
E0
50
58
18
30
ENDCHAR
STARTCHAR uni2652
ENCODING 9810
SWIDTH 1200 0
DWIDTH 6 0
BBX 5 5 0 -1
BITMAP
50
A8
00
50
A8
ENDCHAR
STARTCHAR uni2653
ENCODING 9811
SWIDTH 1200 0
DWIDTH 6 0
BBX 5 5 0 -1
BITMAP
88
50
F8
50
88
ENDCHAR
STARTCHAR uni2660
ENCODING 9824
SWIDTH 1200 0
DWIDTH 6 0
BBX 5 5 0 -1
BITMAP
20
70
A8
20
70
ENDCHAR
STARTCHAR uni2663
ENCODING 9827
SWIDTH 1200 0
DWIDTH 6 0
BBX 5 5 0 -1
BITMAP
70
F8
D8
20
70
ENDCHAR
STARTCHAR uni2665
ENCODING 9829
SWIDTH 1200 0
DWIDTH 6 0
BBX 5 5 0 -1
BITMAP
50
F8
F8
70
20
ENDCHAR
STARTCHAR uni2666
ENCODING 9830
SWIDTH 1200 0
DWIDTH 6 0
BBX 5 5 0 -1
BITMAP
20
70
F8
70
20
ENDCHAR
STARTCHAR uni2669
ENCODING 9833
SWIDTH 1200 0
DWIDTH 6 0
BBX 3 5 0 -1
BITMAP
20
20
20
E0
E0
ENDCHAR
STARTCHAR uni266A
ENCODING 9834
SWIDTH 1200 0
DWIDTH 6 0
BBX 5 5 0 -1
BITMAP
30
28
20
E0
E0
ENDCHAR
STARTCHAR uni266B
ENCODING 9835
SWIDTH 1200 0
DWIDTH 6 0
BBX 5 5 0 -1
BITMAP
78
48
48
D8
D8
ENDCHAR
STARTCHAR uni268A
ENCODING 9866
SWIDTH 1200 0
DWIDTH 6 0
BBX 5 1 0 1
BITMAP
F8
ENDCHAR
STARTCHAR uni268B
ENCODING 9867
SWIDTH 1200 0
DWIDTH 6 0
BBX 5 1 0 1
BITMAP
D8
ENDCHAR
STARTCHAR uni268C
ENCODING 9868
SWIDTH 1200 0
DWIDTH 6 0
BBX 5 3 0 0
BITMAP
F8
00
F8
ENDCHAR
STARTCHAR uni268D
ENCODING 9869
SWIDTH 1200 0
DWIDTH 6 0
BBX 5 3 0 0
BITMAP
D8
00
F8
ENDCHAR
STARTCHAR uni268E
ENCODING 9870
SWIDTH 1200 0
DWIDTH 6 0
BBX 5 3 0 0
BITMAP
F8
00
D8
ENDCHAR
STARTCHAR uni268F
ENCODING 9871
SWIDTH 1200 0
DWIDTH 6 0
BBX 5 3 0 0
BITMAP
D8
00
D8
ENDCHAR
STARTCHAR uni2690
ENCODING 9872
SWIDTH 1200 0
DWIDTH 6 0
BBX 5 5 0 -1
BITMAP
E0
98
E8
98
80
ENDCHAR
STARTCHAR uni2691
ENCODING 9873
SWIDTH 1200 0
DWIDTH 6 0
BBX 5 5 0 -1
BITMAP
E0
F8
F8
98
80
ENDCHAR
STARTCHAR uni26A1
ENCODING 9889
SWIDTH 1200 0
DWIDTH 6 0
BBX 5 5 0 -1
BITMAP
20
40
F8
10
20
ENDCHAR
STARTCHAR uni26CF
ENCODING 9935
SWIDTH 1200 0
DWIDTH 6 0
BBX 5 5 0 -1
BITMAP
70
C0
A0
90
08
ENDCHAR
STARTCHAR uni26D4
ENCODING 9940
SWIDTH 1200 0
DWIDTH 6 0
BBX 5 5 0 -1
BITMAP
70
F8
88
F8
70
ENDCHAR
STARTCHAR uni26E9
ENCODING 9961
SWIDTH 1200 0
DWIDTH 6 0
BBX 5 5 0 -1
BITMAP
F8
50
70
50
50
ENDCHAR
STARTCHAR uni26FA
ENCODING 9978
SWIDTH 1200 0
DWIDTH 6 0
BBX 5 5 0 -1
BITMAP
20
70
70
D8
D8
ENDCHAR
STARTCHAR uni26FD
ENCODING 9981
SWIDTH 1200 0
DWIDTH 6 0
BBX 5 5 0 -1
BITMAP
E8
A8
E8
F0
E0
ENDCHAR
STARTCHAR uni271B
ENCODING 10011
SWIDTH 1200 0
DWIDTH 6 0
BBX 5 5 0 -1
BITMAP
20
20
D8
20
20
ENDCHAR
STARTCHAR uni274E
ENCODING 10062
SWIDTH 1200 0
DWIDTH 6 0
BBX 5 5 0 -1
BITMAP
F8
A8
D8
A8
F8
ENDCHAR
STARTCHAR uni274F
ENCODING 10063
SWIDTH 1200 0
DWIDTH 6 0
BBX 5 5 0 -1
BITMAP
F0
98
98
F8
78
ENDCHAR
STARTCHAR uni2750
ENCODING 10064
SWIDTH 1200 0
DWIDTH 6 0
BBX 5 5 0 -1
BITMAP
78
F8
98
98
F0
ENDCHAR
STARTCHAR uni2764
ENCODING 10084
SWIDTH 1200 0
DWIDTH 6 0
BBX 5 5 0 -1
BITMAP
50
F8
F8
70
20
ENDCHAR
STARTCHAR uni2794
ENCODING 10132
SWIDTH 1200 0
DWIDTH 6 0
BBX 5 5 0 -1
BITMAP
60
30
F8
30
60
ENDCHAR
STARTCHAR uni27A1
ENCODING 10145
SWIDTH 1200 0
DWIDTH 6 0
BBX 5 5 0 -1
BITMAP
20
30
F8
30
20
ENDCHAR
STARTCHAR uni27A4
ENCODING 10148
SWIDTH 1200 0
DWIDTH 6 0
BBX 5 5 0 -1
BITMAP
E0
70
38
70
E0
ENDCHAR
STARTCHAR uni27C0
ENCODING 10176
SWIDTH 1200 0
DWIDTH 6 0
BBX 4 4 0 -1
BITMAP
90
A0
C0
F0
ENDCHAR
STARTCHAR uni2B1A
ENCODING 11034
SWIDTH 1200 0
DWIDTH 6 0
BBX 5 5 0 -1
BITMAP
A8
00
88
00
A8
ENDCHAR
STARTCHAR uni2B1B
ENCODING 11035
SWIDTH 1200 0
DWIDTH 6 0
BBX 5 5 0 -1
BITMAP
F8
F8
F8
F8
F8
ENDCHAR
STARTCHAR uni2B1C
ENCODING 11036
SWIDTH 1200 0
DWIDTH 6 0
BBX 5 5 0 -1
BITMAP
F8
88
88
88
F8
ENDCHAR
STARTCHAR uni2B1D
ENCODING 11037
SWIDTH 1200 0
DWIDTH 6 0
BBX 3 3 1 0
BITMAP
E0
E0
E0
ENDCHAR
STARTCHAR uni2B1E
ENCODING 11038
SWIDTH 1200 0
DWIDTH 6 0
BBX 3 3 1 0
BITMAP
E0
A0
E0
ENDCHAR
STARTCHAR uni2E2E
ENCODING 11822
SWIDTH 1200 0
DWIDTH 6 0
BBX 3 5 1 -1
BITMAP
E0
80
40
00
40
ENDCHAR
STARTCHAR uni3012
ENCODING 12306
SWIDTH 1200 0
DWIDTH 6 0
BBX 5 5 0 -1
BITMAP
F8
00
F8
20
20
ENDCHAR
STARTCHAR uni5143
ENCODING 20803
SWIDTH 1200 0
DWIDTH 6 0
BBX 5 5 0 -1
BITMAP
70
00
F8
50
98
ENDCHAR
STARTCHAR uni5186
ENCODING 20870
SWIDTH 1200 0
DWIDTH 6 0
BBX 5 5 0 -1
BITMAP
F8
A8
F8
88
90
ENDCHAR
STARTCHAR uniA4D0
ENCODING 42192
SWIDTH 1200 0
DWIDTH 6 0
BBX 5 5 0 -1
BITMAP
F0
88
F0
88
F0
ENDCHAR
STARTCHAR uniA4D1
ENCODING 42193
SWIDTH 1200 0
DWIDTH 6 0
BBX 5 5 0 -1
BITMAP
F0
88
F0
80
80
ENDCHAR
STARTCHAR uniA4D2
ENCODING 42194
SWIDTH 1200 0
DWIDTH 6 0
BBX 5 5 0 -1
BITMAP
08
08
78
88
78
ENDCHAR
STARTCHAR uniA4D3
ENCODING 42195
SWIDTH 1200 0
DWIDTH 6 0
BBX 5 5 0 -1
BITMAP
F0
88
88
88
F0
ENDCHAR
STARTCHAR uniA4D4
ENCODING 42196
SWIDTH 1200 0
DWIDTH 6 0
BBX 5 5 0 -1
BITMAP
F8
20
20
20
20
ENDCHAR
STARTCHAR uniA4D5
ENCODING 42197
SWIDTH 1200 0
DWIDTH 6 0
BBX 5 5 0 -1
BITMAP
20
20
20
20
F8
ENDCHAR
STARTCHAR uniA4D6
ENCODING 42198
SWIDTH 1200 0
DWIDTH 6 0
BBX 5 5 0 -1
BITMAP
78
80
B8
88
78
ENDCHAR
STARTCHAR uniA4D7
ENCODING 42199
SWIDTH 1200 0
DWIDTH 6 0
BBX 5 5 0 -1
BITMAP
88
90
E0
90
88
ENDCHAR
STARTCHAR uniA4D8
ENCODING 42200
SWIDTH 1200 0
DWIDTH 6 0
BBX 5 5 0 -1
BITMAP
88
48
38
48
88
ENDCHAR
STARTCHAR uniA4D9
ENCODING 42201
SWIDTH 1200 0
DWIDTH 6 0
BBX 5 5 0 -1
BITMAP
08
08
88
88
70
ENDCHAR
STARTCHAR uniA4DA
ENCODING 42202
SWIDTH 1200 0
DWIDTH 6 0
BBX 5 5 0 -1
BITMAP
78
80
80
80
78
ENDCHAR
STARTCHAR uniA4DB
ENCODING 42203
SWIDTH 1200 0
DWIDTH 6 0
BBX 5 5 0 -1
BITMAP
F0
08
08
08
F0
ENDCHAR
STARTCHAR uniA4DC
ENCODING 42204
SWIDTH 1200 0
DWIDTH 6 0
BBX 5 5 0 -1
BITMAP
F8
10
20
40
F8
ENDCHAR
STARTCHAR uniA4DD
ENCODING 42205
SWIDTH 1200 0
DWIDTH 6 0
BBX 5 5 0 -1
BITMAP
F8
80
F0
80
80
ENDCHAR
STARTCHAR uniA4DE
ENCODING 42206
SWIDTH 1200 0
DWIDTH 6 0
BBX 5 5 0 -1
BITMAP
08
08
78
08
F8
ENDCHAR
STARTCHAR uniA4DF
ENCODING 42207
SWIDTH 1200 0
DWIDTH 6 0
BBX 5 5 0 -1
BITMAP
88
D8
A8
A8
88
ENDCHAR
STARTCHAR uniA4E0
ENCODING 42208
SWIDTH 1200 0
DWIDTH 6 0
BBX 5 5 0 -1
BITMAP
88
C8
A8
98
88
ENDCHAR
STARTCHAR uniA4E1
ENCODING 42209
SWIDTH 1200 0
DWIDTH 6 0
BBX 5 5 0 -1
BITMAP
80
80
80
80
F8
ENDCHAR
STARTCHAR uniA4E2
ENCODING 42210
SWIDTH 1200 0
DWIDTH 6 0
BBX 5 5 0 -1
BITMAP
78
80
70
08
F0
ENDCHAR
STARTCHAR uniA4E3
ENCODING 42211
SWIDTH 1200 0
DWIDTH 6 0
BBX 5 5 0 -1
BITMAP
F0
88
F0
90
88
ENDCHAR
STARTCHAR uniA4E4
ENCODING 42212
SWIDTH 1200 0
DWIDTH 6 0
BBX 5 5 0 -1
BITMAP
88
48
78
88
78
ENDCHAR
STARTCHAR uniA4E5
ENCODING 42213
SWIDTH 1200 0
DWIDTH 6 0
BBX 5 5 0 -1
BITMAP
20
50
88
88
88
ENDCHAR
STARTCHAR uniA4E6
ENCODING 42214
SWIDTH 1200 0
DWIDTH 6 0
BBX 5 5 0 -1
BITMAP
88
88
88
50
20
ENDCHAR
STARTCHAR uniA4E7
ENCODING 42215
SWIDTH 1200 0
DWIDTH 6 0
BBX 5 5 0 -1
BITMAP
88
88
F8
88
88
ENDCHAR
STARTCHAR uniA4E8
ENCODING 42216
SWIDTH 1200 0
DWIDTH 6 0
BBX 5 5 0 -1
BITMAP
F0
88
E8
08
F0
ENDCHAR
STARTCHAR uniA4E9
ENCODING 42217
SWIDTH 1200 0
DWIDTH 6 0
BBX 5 5 0 -1
BITMAP
70
88
88
80
80
ENDCHAR
STARTCHAR uniA4EA
ENCODING 42218
SWIDTH 1200 0
DWIDTH 6 0
BBX 5 5 0 -1
BITMAP
88
A8
A8
D8
88
ENDCHAR
STARTCHAR uniA4EB
ENCODING 42219
SWIDTH 1200 0
DWIDTH 6 0
BBX 5 5 0 -1
BITMAP
88
50
20
50
88
ENDCHAR
STARTCHAR uniA4EC
ENCODING 42220
SWIDTH 1200 0
DWIDTH 6 0
BBX 5 5 0 -1
BITMAP
88
88
70
20
20
ENDCHAR
STARTCHAR uniA4ED
ENCODING 42221
SWIDTH 1200 0
DWIDTH 6 0
BBX 5 5 0 -1
BITMAP
78
88
78
88
78
ENDCHAR
STARTCHAR uniA4EE
ENCODING 42222
SWIDTH 1200 0
DWIDTH 6 0
BBX 5 5 0 -1
BITMAP
70
88
88
F8
88
ENDCHAR
STARTCHAR uniA4EF
ENCODING 42223
SWIDTH 1200 0
DWIDTH 6 0
BBX 5 5 0 -1
BITMAP
88
F8
88
88
70
ENDCHAR
STARTCHAR uniA4F0
ENCODING 42224
SWIDTH 1200 0
DWIDTH 6 0
BBX 5 5 0 -1
BITMAP
F8
80
F0
80
F8
ENDCHAR
STARTCHAR uniA4F1
ENCODING 42225
SWIDTH 1200 0
DWIDTH 6 0
BBX 5 5 0 -1
BITMAP
F8
08
78
08
F8
ENDCHAR
STARTCHAR uniA4F2
ENCODING 42226
SWIDTH 1200 0
DWIDTH 6 0
BBX 5 5 0 -1
BITMAP
F8
20
20
20
F8
ENDCHAR
STARTCHAR uniA4F3
ENCODING 42227
SWIDTH 1200 0
DWIDTH 6 0
BBX 5 5 0 -1
BITMAP
70
88
88
88
70
ENDCHAR
STARTCHAR uniA4F4
ENCODING 42228
SWIDTH 1200 0
DWIDTH 6 0
BBX 5 5 0 -1
BITMAP
88
88
88
88
70
ENDCHAR
STARTCHAR uniA4F5
ENCODING 42229
SWIDTH 1200 0
DWIDTH 6 0
BBX 5 5 0 -1
BITMAP
70
88
88
88
88
ENDCHAR
STARTCHAR uniA4F6
ENCODING 42230
SWIDTH 1200 0
DWIDTH 6 0
BBX 5 5 0 -1
BITMAP
F8
08
08
08
08
ENDCHAR
STARTCHAR uniA4F7
ENCODING 42231
SWIDTH 1200 0
DWIDTH 6 0
BBX 5 5 0 -1
BITMAP
78
88
88
88
78
ENDCHAR
STARTCHAR uniA4F8
ENCODING 42232
SWIDTH 1200 0
DWIDTH 6 0
BBX 1 1 2 -1
BITMAP
80
ENDCHAR
STARTCHAR uniA4F9
ENCODING 42233
SWIDTH 1200 0
DWIDTH 6 0
BBX 2 2 1 -1
BITMAP
40
80
ENDCHAR
STARTCHAR uniA4FA
ENCODING 42234
SWIDTH 1200 0
DWIDTH 6 0
BBX 3 1 1 -1
BITMAP
A0
ENDCHAR
STARTCHAR uniA4FB
ENCODING 42235
SWIDTH 1200 0
DWIDTH 6 0
BBX 4 2 1 -1
BITMAP
10
A0
ENDCHAR
STARTCHAR uniA4FC
ENCODING 42236
SWIDTH 1200 0
DWIDTH 6 0
BBX 2 4 1 -1
BITMAP
40
00
40
80
ENDCHAR
STARTCHAR uniA4FD
ENCODING 42237
SWIDTH 1200 0
DWIDTH 6 0
BBX 1 3 2 0
BITMAP
80
00
80
ENDCHAR
STARTCHAR uniA4FE
ENCODING 42238
SWIDTH 1200 0
DWIDTH 6 0
BBX 4 3 1 -1
BITMAP
E0
00
10
ENDCHAR
STARTCHAR uniA4FF
ENCODING 42239
SWIDTH 1200 0
DWIDTH 6 0
BBX 3 3 1 0
BITMAP
E0
00
E0
ENDCHAR
STARTCHAR uniA78B
ENCODING 42891
SWIDTH 1200 0
DWIDTH 6 0
BBX 1 4 2 0
BITMAP
80
80
80
80
ENDCHAR
STARTCHAR uniA78C
ENCODING 42892
SWIDTH 1200 0
DWIDTH 6 0
BBX 1 4 2 0
BITMAP
80
80
80
80
ENDCHAR
STARTCHAR uniFB01
ENCODING 64257
SWIDTH 1200 0
DWIDTH 6 0
BBX 5 5 0 -1
BITMAP
68
40
E8
48
48
ENDCHAR
STARTCHAR uniFB02
ENCODING 64258
SWIDTH 1200 0
DWIDTH 6 0
BBX 5 5 0 -1
BITMAP
68
48
E8
48
48
ENDCHAR
STARTCHAR uniFFFC
ENCODING 65532
SWIDTH 1200 0
DWIDTH 6 0
BBX 5 5 0 -1
BITMAP
A8
00
88
00
A8
ENDCHAR
STARTCHAR uniFFFD
ENCODING 65533
SWIDTH 1200 0
DWIDTH 6 0
BBX 5 5 0 -1
BITMAP
20
70
D8
70
20
ENDCHAR
STARTCHAR uni11FB0
ENCODING 73648
SWIDTH 1200 0
DWIDTH 6 0
BBX 5 5 0 -1
BITMAP
20
20
70
88
88
ENDCHAR
STARTCHAR uni1F311
ENCODING 127761
SWIDTH 1200 0
DWIDTH 6 0
BBX 5 5 0 -1
BITMAP
70
F8
F8
F8
70
ENDCHAR
STARTCHAR uni1F313
ENCODING 127763
SWIDTH 1200 0
DWIDTH 6 0
BBX 5 5 0 -1
BITMAP
70
E8
E8
E8
70
ENDCHAR
STARTCHAR uni1F314
ENCODING 127764
SWIDTH 1200 0
DWIDTH 6 0
BBX 5 5 0 -1
BITMAP
70
C8
C8
C8
70
ENDCHAR
STARTCHAR uni1F315
ENCODING 127765
SWIDTH 1200 0
DWIDTH 6 0
BBX 5 5 0 -1
BITMAP
70
88
88
88
70
ENDCHAR
STARTCHAR uni1F3E3
ENCODING 127971
SWIDTH 1200 0
DWIDTH 6 0
BBX 5 5 0 -1
BITMAP
F8
00
F8
20
20
ENDCHAR
STARTCHAR uni1F47D
ENCODING 128125
SWIDTH 1200 0
DWIDTH 6 0
BBX 5 5 0 -1
BITMAP
70
F8
A8
70
20
ENDCHAR
STARTCHAR uni1F512
ENCODING 128274
SWIDTH 1200 0
DWIDTH 6 0
BBX 5 5 0 -1
BITMAP
70
50
F8
F8
F8
ENDCHAR
STARTCHAR uni1F513
ENCODING 128275
SWIDTH 1200 0
DWIDTH 6 0
BBX 5 5 0 -1
BITMAP
70
40
F8
F8
F8
ENDCHAR
STARTCHAR uni1F5A4
ENCODING 128420
SWIDTH 1200 0
DWIDTH 6 0
BBX 5 5 0 -1
BITMAP
50
F8
F8
70
20
ENDCHAR
STARTCHAR uni1F6AC
ENCODING 128684
SWIDTH 1200 0
DWIDTH 6 0
BBX 5 5 0 -1
BITMAP
20
30
18
00
E8
ENDCHAR
ENDFONT
