STARTFONT 2.1
FONT BmPlus_Rainbow100_re_132-24px
SIZE 24 75 75
FONTBOUNDINGBOX 9 20 0 -4
STARTPROPERTIES 3
PIXEL_SIZE 24
FONT_ASCENT 20
FONT_DESCENT 4
ENDPROPERTIES
CHARS 788
STARTCHAR uni0000
ENCODING 0
SWIDTH 375 0
DWIDTH 9 0
BBX 9 20 0 -4
BITMAP
0000
0000
0000
0000
0000
0000
0000
0000
0000
0000
0000
0000
0000
0000
0000
0000
0000
0000
0000
0000
ENDCHAR
STARTCHAR uni0001
ENCODING 1
SWIDTH 375 0
DWIDTH 9 0
BBX 9 20 0 -4
BITMAP
7E00
7E00
C300
C300
E700
E700
C300
C300
FF00
FF00
DB00
DB00
C300
C300
7E00
7E00
0000
0000
0000
0000
ENDCHAR
STARTCHAR uni0002
ENCODING 2
SWIDTH 375 0
DWIDTH 9 0
BBX 9 20 0 -4
BITMAP
7E00
7E00
FF00
FF00
DB00
DB00
FF00
FF00
C300
C300
E700
E700
FF00
FF00
7E00
7E00
0000
0000
0000
0000
ENDCHAR
STARTCHAR uni0003
ENCODING 3
SWIDTH 375 0
DWIDTH 9 0
BBX 9 20 0 -4
BITMAP
0000
0000
6600
6600
FF00
FF00
FF00
FF00
FF00
FF00
7E00
7E00
3C00
3C00
1800
1800
0000
0000
0000
0000
ENDCHAR
STARTCHAR uni0004
ENCODING 4
SWIDTH 375 0
DWIDTH 9 0
BBX 9 20 0 -4
BITMAP
0000
0000
1800
1800
3C00
3C00
7E00
7E00
FF00
FF00
7E00
7E00
3C00
3C00
1800
1800
0000
0000
0000
0000
ENDCHAR
STARTCHAR uni0005
ENCODING 5
SWIDTH 375 0
DWIDTH 9 0
BBX 9 20 0 -4
BITMAP
1800
1800
3C00
3C00
1800
1800
7E00
7E00
FF00
FF00
6600
6600
1800
1800
3C00
3C00
0000
0000
0000
0000
ENDCHAR
STARTCHAR uni0006
ENCODING 6
SWIDTH 375 0
DWIDTH 9 0
BBX 9 20 0 -4
BITMAP
1800
1800
3C00
3C00
7E00
7E00
FF00
FF00
FF00
FF00
6600
6600
1800
1800
3C00
3C00
0000
0000
0000
0000
ENDCHAR
STARTCHAR uni0007
ENCODING 7
SWIDTH 375 0
DWIDTH 9 0
BBX 9 20 0 -4
BITMAP
0000
0000
0000
0000
0000
0000
1C00
1C00
3E00
3E00
3E00
3E00
1C00
1C00
0000
0000
0000
0000
0000
0000
ENDCHAR
STARTCHAR uni0008
ENCODING 8
SWIDTH 375 0
DWIDTH 9 0
BBX 9 20 0 -4
BITMAP
FF80
FF80
FF80
FF80
FF80
FF80
E380
E380
C180
C180
C180
C180
E380
E380
FF80
FF80
FF80
FF80
FF80
FF80
ENDCHAR
STARTCHAR uni0009
ENCODING 9
SWIDTH 375 0
DWIDTH 9 0
BBX 9 20 0 -4
BITMAP
0000
0000
0000
0000
1C00
1C00
3600
3600
3600
3600
3600
3600
3600
3600
1C00
1C00
0000
0000
0000
0000
ENDCHAR
STARTCHAR uni000A
ENCODING 10
SWIDTH 375 0
DWIDTH 9 0
BBX 9 20 0 -4
BITMAP
FF80
FF80
FF80
FF80
E380
E380
C980
C980
C980
C980
C980
C980
C980
C980
E380
E380
FF80
FF80
FF80
FF80
ENDCHAR
STARTCHAR uni000B
ENCODING 11
SWIDTH 375 0
DWIDTH 9 0
BBX 9 20 0 -4
BITMAP
1F00
1F00
0700
0700
0D00
0D00
7E00
7E00
C300
C300
C300
C300
C300
C300
7E00
7E00
0000
0000
0000
0000
ENDCHAR
STARTCHAR uni000C
ENCODING 12
SWIDTH 375 0
DWIDTH 9 0
BBX 9 20 0 -4
BITMAP
7E00
7E00
C300
C300
C300
C300
C300
C300
7E00
7E00
1800
1800
7E00
7E00
1800
1800
0000
0000
0000
0000
ENDCHAR
STARTCHAR uni000D
ENCODING 13
SWIDTH 375 0
DWIDTH 9 0
BBX 9 20 0 -4
BITMAP
3800
3800
3E00
3E00
3300
3300
3000
3000
3000
3000
7000
7000
F000
F000
E000
E000
0000
0000
0000
0000
ENDCHAR
STARTCHAR uni000E
ENCODING 14
SWIDTH 375 0
DWIDTH 9 0
BBX 9 20 0 -4
BITMAP
3800
3800
3600
3600
3B00
3B00
3700
3700
3300
3300
7300
7300
F700
F700
EF00
EF00
0E00
0E00
0000
0000
ENDCHAR
STARTCHAR uni000F
ENCODING 15
SWIDTH 375 0
DWIDTH 9 0
BBX 9 20 0 -4
BITMAP
0000
0000
1800
1800
DB00
DB00
3C00
3C00
E700
E700
3C00
3C00
DB00
DB00
1800
1800
0000
0000
0000
0000
ENDCHAR
STARTCHAR uni0010
ENCODING 16
SWIDTH 375 0
DWIDTH 9 0
BBX 9 20 0 -4
BITMAP
0000
0000
C000
C000
F000
F000
FC00
FC00
FF00
FF00
FC00
FC00
F000
F000
C000
C000
0000
0000
0000
0000
ENDCHAR
STARTCHAR uni0011
ENCODING 17
SWIDTH 375 0
DWIDTH 9 0
BBX 9 20 0 -4
BITMAP
0000
0000
0300
0300
0F00
0F00
3F00
3F00
FF00
FF00
3F00
3F00
0F00
0F00
0300
0300
0000
0000
0000
0000
ENDCHAR
STARTCHAR uni0012
ENCODING 18
SWIDTH 375 0
DWIDTH 9 0
BBX 9 20 0 -4
BITMAP
1800
1800
3C00
3C00
7E00
7E00
1800
1800
1800
1800
7E00
7E00
3C00
3C00
1800
1800
0000
0000
0000
0000
ENDCHAR
STARTCHAR uni0013
ENCODING 19
SWIDTH 375 0
DWIDTH 9 0
BBX 9 20 0 -4
BITMAP
0000
0000
6600
6600
6600
6600
6600
6600
6600
6600
6600
6600
0000
0000
6600
6600
0000
0000
0000
0000
ENDCHAR
STARTCHAR uni0014
ENCODING 20
SWIDTH 375 0
DWIDTH 9 0
BBX 9 20 0 -4
BITMAP
0000
0000
7F00
7F00
FB00
FB00
FB00
FB00
7F00
7F00
1B00
1B00
1B00
1B00
1B00
1B00
0000
0000
0000
0000
ENDCHAR
STARTCHAR uni0015
ENCODING 21
SWIDTH 375 0
DWIDTH 9 0
BBX 9 20 0 -4
BITMAP
0000
0000
3C00
3C00
6000
6000
7C00
7C00
6C00
6C00
6C00
6C00
3C00
3C00
0C00
0C00
7800
7800
0000
0000
ENDCHAR
STARTCHAR uni0016
ENCODING 22
SWIDTH 375 0
DWIDTH 9 0
BBX 9 20 0 -4
BITMAP
0000
0000
0000
0000
0000
0000
0000
0000
0000
0000
FE00
FE00
FE00
FE00
FE00
FE00
0000
0000
0000
0000
ENDCHAR
STARTCHAR uni0017
ENCODING 23
SWIDTH 375 0
DWIDTH 9 0
BBX 9 20 0 -4
BITMAP
1800
1800
3C00
3C00
7E00
7E00
1800
1800
1800
1800
7E00
7E00
3C00
3C00
1800
1800
FF00
FF00
0000
0000
ENDCHAR
STARTCHAR uni0018
ENCODING 24
SWIDTH 375 0
DWIDTH 9 0
BBX 9 20 0 -4
BITMAP
1800
1800
3C00
3C00
7E00
7E00
1800
1800
1800
1800
1800
1800
1800
1800
1800
1800
0000
0000
0000
0000
ENDCHAR
STARTCHAR uni0019
ENCODING 25
SWIDTH 375 0
DWIDTH 9 0
BBX 9 20 0 -4
BITMAP
1800
1800
1800
1800
1800
1800
1800
1800
1800
1800
7E00
7E00
3C00
3C00
1800
1800
0000
0000
0000
0000
ENDCHAR
STARTCHAR uni001A
ENCODING 26
SWIDTH 375 0
DWIDTH 9 0
BBX 9 20 0 -4
BITMAP
0000
0000
0000
0000
0C00
0C00
0600
0600
FF00
FF00
0600
0600
0C00
0C00
0000
0000
0000
0000
0000
0000
ENDCHAR
STARTCHAR uni001B
ENCODING 27
SWIDTH 375 0
DWIDTH 9 0
BBX 9 20 0 -4
BITMAP
0000
0000
0000
0000
3000
3000
6000
6000
FF00
FF00
6000
6000
3000
3000
0000
0000
0000
0000
0000
0000
ENDCHAR
STARTCHAR uni001C
ENCODING 28
SWIDTH 375 0
DWIDTH 9 0
BBX 9 20 0 -4
BITMAP
0000
0000
0000
0000
C000
C000
C000
C000
C000
C000
FE00
FE00
0000
0000
0000
0000
0000
0000
0000
0000
ENDCHAR
STARTCHAR uni001D
ENCODING 29
SWIDTH 375 0
DWIDTH 9 0
BBX 9 20 0 -4
BITMAP
0000
0000
0000
0000
6600
6600
C300
C300
FF00
FF00
C300
C300
6600
6600
0000
0000
0000
0000
0000
0000
ENDCHAR
STARTCHAR uni001E
ENCODING 30
SWIDTH 375 0
DWIDTH 9 0
BBX 9 20 0 -4
BITMAP
0000
0000
1800
1800
3C00
3C00
3C00
3C00
7E00
7E00
7E00
7E00
FF00
FF00
FF00
FF00
0000
0000
0000
0000
ENDCHAR
STARTCHAR uni001F
ENCODING 31
SWIDTH 375 0
DWIDTH 9 0
BBX 9 20 0 -4
BITMAP
0000
0000
FF00
FF00
FF00
FF00
7E00
7E00
7E00
7E00
3C00
3C00
3C00
3C00
1800
1800
0000
0000
0000
0000
ENDCHAR
STARTCHAR space
ENCODING 32
SWIDTH 375 0
DWIDTH 9 0
BBX 9 20 0 -4
BITMAP
0000
0000
0000
0000
0000
0000
0000
0000
0000
0000
0000
0000
0000
0000
0000
0000
0000
0000
0000
0000
ENDCHAR
STARTCHAR exclam
ENCODING 33
SWIDTH 375 0
DWIDTH 9 0
BBX 9 20 0 -4
BITMAP
0000
0000
1800
1800
1800
1800
1800
1800
1800
1800
1800
1800
0000
0000
1800
1800
0000
0000
0000
0000
ENDCHAR
STARTCHAR quotedbl
ENCODING 34
SWIDTH 375 0
DWIDTH 9 0
BBX 9 20 0 -4
BITMAP
0000
0000
3600
3600
3600
3600
3600
3600
0000
0000
0000
0000
0000
0000
0000
0000
0000
0000
0000
0000
ENDCHAR
STARTCHAR numbersign
ENCODING 35
SWIDTH 375 0
DWIDTH 9 0
BBX 9 20 0 -4
BITMAP
0000
0000
6C00
6C00
6C00
6C00
FE00
FE00
6C00
6C00
FE00
FE00
6C00
6C00
6C00
6C00
0000
0000
0000
0000
ENDCHAR
STARTCHAR dollar
ENCODING 36
SWIDTH 375 0
DWIDTH 9 0
BBX 9 20 0 -4
BITMAP
0000
0000
1800
1800
7E00
7E00
D800
D800
7E00
7E00
1B00
1B00
7E00
7E00
1800
1800
0000
0000
0000
0000
ENDCHAR
STARTCHAR percent
ENCODING 37
SWIDTH 375 0
DWIDTH 9 0
BBX 9 20 0 -4
BITMAP
0000
0000
E300
E300
E600
E600
0C00
0C00
1800
1800
3000
3000
6700
6700
C700
C700
0000
0000
0000
0000
ENDCHAR
STARTCHAR ampersand
ENCODING 38
SWIDTH 375 0
DWIDTH 9 0
BBX 9 20 0 -4
BITMAP
0000
0000
7800
7800
CC00
CC00
CC00
CC00
7800
7800
CF00
CF00
C600
C600
7F00
7F00
0000
0000
0000
0000
ENDCHAR
STARTCHAR quotesingle
ENCODING 39
SWIDTH 375 0
DWIDTH 9 0
BBX 9 20 0 -4
BITMAP
0000
0000
1C00
1C00
1800
1800
3000
3000
0000
0000
0000
0000
0000
0000
0000
0000
0000
0000
0000
0000
ENDCHAR
STARTCHAR parenleft
ENCODING 40
SWIDTH 375 0
DWIDTH 9 0
BBX 9 20 0 -4
BITMAP
0000
0000
0C00
0C00
1800
1800
3000
3000
3000
3000
3000
3000
1800
1800
0C00
0C00
0000
0000
0000
0000
ENDCHAR
STARTCHAR parenright
ENCODING 41
SWIDTH 375 0
DWIDTH 9 0
BBX 9 20 0 -4
BITMAP
0000
0000
3000
3000
1800
1800
0C00
0C00
0C00
0C00
0C00
0C00
1800
1800
3000
3000
0000
0000
0000
0000
ENDCHAR
STARTCHAR asterisk
ENCODING 42
SWIDTH 375 0
DWIDTH 9 0
BBX 9 20 0 -4
BITMAP
0000
0000
0000
0000
6600
6600
3C00
3C00
FF00
FF00
3C00
3C00
6600
6600
0000
0000
0000
0000
0000
0000
ENDCHAR
STARTCHAR plus
ENCODING 43
SWIDTH 375 0
DWIDTH 9 0
BBX 9 20 0 -4
BITMAP
0000
0000
0000
0000
1800
1800
1800
1800
FF00
FF00
1800
1800
1800
1800
0000
0000
0000
0000
0000
0000
ENDCHAR
STARTCHAR comma
ENCODING 44
SWIDTH 375 0
DWIDTH 9 0
BBX 9 20 0 -4
BITMAP
0000
0000
0000
0000
0000
0000
0000
0000
0000
0000
0000
0000
3800
3800
3000
3000
6000
6000
0000
0000
ENDCHAR
STARTCHAR hyphen
ENCODING 45
SWIDTH 375 0
DWIDTH 9 0
BBX 9 20 0 -4
BITMAP
0000
0000
0000
0000
0000
0000
0000
0000
FF00
FF00
0000
0000
0000
0000
0000
0000
0000
0000
0000
0000
ENDCHAR
STARTCHAR period
ENCODING 46
SWIDTH 375 0
DWIDTH 9 0
BBX 9 20 0 -4
BITMAP
0000
0000
0000
0000
0000
0000
0000
0000
0000
0000
0000
0000
3800
3800
3800
3800
0000
0000
0000
0000
ENDCHAR
STARTCHAR slash
ENCODING 47
SWIDTH 375 0
DWIDTH 9 0
BBX 9 20 0 -4
BITMAP
0000
0000
0300
0300
0600
0600
0C00
0C00
1800
1800
3000
3000
6000
6000
C000
C000
0000
0000
0000
0000
ENDCHAR
STARTCHAR zero
ENCODING 48
SWIDTH 375 0
DWIDTH 9 0
BBX 9 20 0 -4
BITMAP
0000
0000
3C00
3C00
6600
6600
C300
C300
C300
C300
C300
C300
6600
6600
3C00
3C00
0000
0000
0000
0000
ENDCHAR
STARTCHAR one
ENCODING 49
SWIDTH 375 0
DWIDTH 9 0
BBX 9 20 0 -4
BITMAP
0000
0000
1800
1800
3800
3800
7800
7800
1800
1800
1800
1800
1800
1800
7E00
7E00
0000
0000
0000
0000
ENDCHAR
STARTCHAR two
ENCODING 50
SWIDTH 375 0
DWIDTH 9 0
BBX 9 20 0 -4
BITMAP
0000
0000
7C00
7C00
C600
C600
0300
0300
1E00
1E00
7000
7000
C000
C000
FF00
FF00
0000
0000
0000
0000
ENDCHAR
STARTCHAR three
ENCODING 51
SWIDTH 375 0
DWIDTH 9 0
BBX 9 20 0 -4
BITMAP
0000
0000
FF00
FF00
0600
0600
0C00
0C00
1E00
1E00
0300
0300
C300
C300
7E00
7E00
0000
0000
0000
0000
ENDCHAR
STARTCHAR four
ENCODING 52
SWIDTH 375 0
DWIDTH 9 0
BBX 9 20 0 -4
BITMAP
0000
0000
0C00
0C00
1C00
1C00
3C00
3C00
6C00
6C00
FF00
FF00
0C00
0C00
0C00
0C00
0000
0000
0000
0000
ENDCHAR
STARTCHAR five
ENCODING 53
SWIDTH 375 0
DWIDTH 9 0
BBX 9 20 0 -4
BITMAP
0000
0000
FF00
FF00
C000
C000
FE00
FE00
E300
E300
0300
0300
C300
C300
7E00
7E00
0000
0000
0000
0000
ENDCHAR
STARTCHAR six
ENCODING 54
SWIDTH 375 0
DWIDTH 9 0
BBX 9 20 0 -4
BITMAP
0000
0000
3E00
3E00
6300
6300
C000
C000
FE00
FE00
E300
E300
6300
6300
3E00
3E00
0000
0000
0000
0000
ENDCHAR
STARTCHAR seven
ENCODING 55
SWIDTH 375 0
DWIDTH 9 0
BBX 9 20 0 -4
BITMAP
0000
0000
FF00
FF00
0300
0300
0600
0600
0C00
0C00
1800
1800
3000
3000
6000
6000
0000
0000
0000
0000
ENDCHAR
STARTCHAR eight
ENCODING 56
SWIDTH 375 0
DWIDTH 9 0
BBX 9 20 0 -4
BITMAP
0000
0000
7E00
7E00
C300
C300
C300
C300
7E00
7E00
C300
C300
C300
C300
7E00
7E00
0000
0000
0000
0000
ENDCHAR
STARTCHAR nine
ENCODING 57
SWIDTH 375 0
DWIDTH 9 0
BBX 9 20 0 -4
BITMAP
0000
0000
7C00
7C00
C600
C600
C700
C700
7F00
7F00
0300
0300
C600
C600
7C00
7C00
0000
0000
0000
0000
ENDCHAR
STARTCHAR colon
ENCODING 58
SWIDTH 375 0
DWIDTH 9 0
BBX 9 20 0 -4
BITMAP
0000
0000
0000
0000
3800
3800
3800
3800
0000
0000
0000
0000
3800
3800
3800
3800
0000
0000
0000
0000
ENDCHAR
STARTCHAR semicolon
ENCODING 59
SWIDTH 375 0
DWIDTH 9 0
BBX 9 20 0 -4
BITMAP
0000
0000
0000
0000
3800
3800
3800
3800
0000
0000
0000
0000
3800
3800
3000
3000
6000
6000
0000
0000
ENDCHAR
STARTCHAR less
ENCODING 60
SWIDTH 375 0
DWIDTH 9 0
BBX 9 20 0 -4
BITMAP
0000
0000
0300
0300
0C00
0C00
3000
3000
C000
C000
3000
3000
0C00
0C00
0300
0300
0000
0000
0000
0000
ENDCHAR
STARTCHAR equal
ENCODING 61
SWIDTH 375 0
DWIDTH 9 0
BBX 9 20 0 -4
BITMAP
0000
0000
0000
0000
0000
0000
FF00
FF00
0000
0000
FF00
FF00
0000
0000
0000
0000
0000
0000
0000
0000
ENDCHAR
STARTCHAR greater
ENCODING 62
SWIDTH 375 0
DWIDTH 9 0
BBX 9 20 0 -4
BITMAP
0000
0000
C000
C000
3000
3000
0C00
0C00
0300
0300
0C00
0C00
3000
3000
C000
C000
0000
0000
0000
0000
ENDCHAR
STARTCHAR question
ENCODING 63
SWIDTH 375 0
DWIDTH 9 0
BBX 9 20 0 -4
BITMAP
0000
0000
7E00
7E00
C300
C300
0E00
0E00
1800
1800
1800
1800
0000
0000
1800
1800
0000
0000
0000
0000
ENDCHAR
STARTCHAR at
ENCODING 64
SWIDTH 375 0
DWIDTH 9 0
BBX 9 20 0 -4
BITMAP
0000
0000
7E00
7E00
C300
C300
CF00
CF00
DB00
DB00
DE00
DE00
C000
C000
7E00
7E00
0000
0000
0000
0000
ENDCHAR
STARTCHAR A
ENCODING 65
SWIDTH 375 0
DWIDTH 9 0
BBX 9 20 0 -4
BITMAP
0000
0000
1800
1800
3C00
3C00
6600
6600
C300
C300
FF00
FF00
C300
C300
C300
C300
0000
0000
0000
0000
ENDCHAR
STARTCHAR B
ENCODING 66
SWIDTH 375 0
DWIDTH 9 0
BBX 9 20 0 -4
BITMAP
0000
0000
FE00
FE00
6300
6300
6300
6300
7E00
7E00
6300
6300
6300
6300
FE00
FE00
0000
0000
0000
0000
ENDCHAR
STARTCHAR C
ENCODING 67
SWIDTH 375 0
DWIDTH 9 0
BBX 9 20 0 -4
BITMAP
0000
0000
3E00
3E00
6300
6300
C000
C000
C000
C000
C000
C000
6300
6300
3E00
3E00
0000
0000
0000
0000
ENDCHAR
STARTCHAR D
ENCODING 68
SWIDTH 375 0
DWIDTH 9 0
BBX 9 20 0 -4
BITMAP
0000
0000
FC00
FC00
6600
6600
6300
6300
6300
6300
6300
6300
6600
6600
FC00
FC00
0000
0000
0000
0000
ENDCHAR
STARTCHAR E
ENCODING 69
SWIDTH 375 0
DWIDTH 9 0
BBX 9 20 0 -4
BITMAP
0000
0000
FF00
FF00
C000
C000
C000
C000
FC00
FC00
C000
C000
C000
C000
FF00
FF00
0000
0000
0000
0000
ENDCHAR
STARTCHAR F
ENCODING 70
SWIDTH 375 0
DWIDTH 9 0
BBX 9 20 0 -4
BITMAP
0000
0000
FF00
FF00
C000
C000
C000
C000
FC00
FC00
C000
C000
C000
C000
C000
C000
0000
0000
0000
0000
ENDCHAR
STARTCHAR G
ENCODING 71
SWIDTH 375 0
DWIDTH 9 0
BBX 9 20 0 -4
BITMAP
0000
0000
3E00
3E00
6300
6300
C000
C000
C000
C000
CF00
CF00
6300
6300
3E00
3E00
0000
0000
0000
0000
ENDCHAR
STARTCHAR H
ENCODING 72
SWIDTH 375 0
DWIDTH 9 0
BBX 9 20 0 -4
BITMAP
0000
0000
C300
C300
C300
C300
C300
C300
FF00
FF00
C300
C300
C300
C300
C300
C300
0000
0000
0000
0000
ENDCHAR
STARTCHAR I
ENCODING 73
SWIDTH 375 0
DWIDTH 9 0
BBX 9 20 0 -4
BITMAP
0000
0000
7E00
7E00
1800
1800
1800
1800
1800
1800
1800
1800
1800
1800
7E00
7E00
0000
0000
0000
0000
ENDCHAR
STARTCHAR J
ENCODING 74
SWIDTH 375 0
DWIDTH 9 0
BBX 9 20 0 -4
BITMAP
0000
0000
0F00
0F00
0600
0600
0600
0600
0600
0600
0600
0600
C600
C600
7C00
7C00
0000
0000
0000
0000
ENDCHAR
STARTCHAR K
ENCODING 75
SWIDTH 375 0
DWIDTH 9 0
BBX 9 20 0 -4
BITMAP
0000
0000
C300
C300
CE00
CE00
F800
F800
E000
E000
F800
F800
CE00
CE00
C300
C300
0000
0000
0000
0000
ENDCHAR
STARTCHAR L
ENCODING 76
SWIDTH 375 0
DWIDTH 9 0
BBX 9 20 0 -4
BITMAP
0000
0000
C000
C000
C000
C000
C000
C000
C000
C000
C000
C000
C000
C000
FF00
FF00
0000
0000
0000
0000
ENDCHAR
STARTCHAR M
ENCODING 77
SWIDTH 375 0
DWIDTH 9 0
BBX 9 20 0 -4
BITMAP
0000
0000
C300
C300
E700
E700
FF00
FF00
DB00
DB00
C300
C300
C300
C300
C300
C300
0000
0000
0000
0000
ENDCHAR
STARTCHAR N
ENCODING 78
SWIDTH 375 0
DWIDTH 9 0
BBX 9 20 0 -4
BITMAP
0000
0000
C300
C300
E300
E300
F300
F300
DB00
DB00
CF00
CF00
C700
C700
C300
C300
0000
0000
0000
0000
ENDCHAR
STARTCHAR O
ENCODING 79
SWIDTH 375 0
DWIDTH 9 0
BBX 9 20 0 -4
BITMAP
0000
0000
7E00
7E00
C300
C300
C300
C300
C300
C300
C300
C300
C300
C300
7E00
7E00
0000
0000
0000
0000
ENDCHAR
STARTCHAR P
ENCODING 80
SWIDTH 375 0
DWIDTH 9 0
BBX 9 20 0 -4
BITMAP
0000
0000
FE00
FE00
C300
C300
C300
C300
FE00
FE00
C000
C000
C000
C000
C000
C000
0000
0000
0000
0000
ENDCHAR
STARTCHAR Q
ENCODING 81
SWIDTH 375 0
DWIDTH 9 0
BBX 9 20 0 -4
BITMAP
0000
0000
7E00
7E00
C300
C300
C300
C300
C300
C300
CF00
CF00
C600
C600
7F00
7F00
0000
0000
0000
0000
ENDCHAR
STARTCHAR R
ENCODING 82
SWIDTH 375 0
DWIDTH 9 0
BBX 9 20 0 -4
BITMAP
0000
0000
FE00
FE00
C300
C300
C300
C300
FE00
FE00
CC00
CC00
C600
C600
C300
C300
0000
0000
0000
0000
ENDCHAR
STARTCHAR S
ENCODING 83
SWIDTH 375 0
DWIDTH 9 0
BBX 9 20 0 -4
BITMAP
0000
0000
7E00
7E00
C300
C300
C000
C000
7E00
7E00
0300
0300
C300
C300
7E00
7E00
0000
0000
0000
0000
ENDCHAR
STARTCHAR T
ENCODING 84
SWIDTH 375 0
DWIDTH 9 0
BBX 9 20 0 -4
BITMAP
0000
0000
FF00
FF00
1800
1800
1800
1800
1800
1800
1800
1800
1800
1800
1800
1800
0000
0000
0000
0000
ENDCHAR
STARTCHAR U
ENCODING 85
SWIDTH 375 0
DWIDTH 9 0
BBX 9 20 0 -4
BITMAP
0000
0000
C300
C300
C300
C300
C300
C300
C300
C300
C300
C300
C300
C300
7E00
7E00
0000
0000
0000
0000
ENDCHAR
STARTCHAR V
ENCODING 86
SWIDTH 375 0
DWIDTH 9 0
BBX 9 20 0 -4
BITMAP
0000
0000
C300
C300
C300
C300
6600
6600
6600
6600
3C00
3C00
3C00
3C00
1800
1800
0000
0000
0000
0000
ENDCHAR
STARTCHAR W
ENCODING 87
SWIDTH 375 0
DWIDTH 9 0
BBX 9 20 0 -4
BITMAP
0000
0000
C300
C300
C300
C300
C300
C300
DB00
DB00
DB00
DB00
FF00
FF00
6600
6600
0000
0000
0000
0000
ENDCHAR
STARTCHAR X
ENCODING 88
SWIDTH 375 0
DWIDTH 9 0
BBX 9 20 0 -4
BITMAP
0000
0000
C300
C300
6600
6600
3C00
3C00
1800
1800
3C00
3C00
6600
6600
C300
C300
0000
0000
0000
0000
ENDCHAR
STARTCHAR Y
ENCODING 89
SWIDTH 375 0
DWIDTH 9 0
BBX 9 20 0 -4
BITMAP
0000
0000
C300
C300
6600
6600
3C00
3C00
1800
1800
1800
1800
1800
1800
1800
1800
0000
0000
0000
0000
ENDCHAR
STARTCHAR Z
ENCODING 90
SWIDTH 375 0
DWIDTH 9 0
BBX 9 20 0 -4
BITMAP
0000
0000
FF00
FF00
0600
0600
0C00
0C00
1800
1800
3000
3000
6000
6000
FF00
FF00
0000
0000
0000
0000
ENDCHAR
STARTCHAR bracketleft
ENCODING 91
SWIDTH 375 0
DWIDTH 9 0
BBX 9 20 0 -4
BITMAP
0000
0000
3E00
3E00
3000
3000
3000
3000
3000
3000
3000
3000
3000
3000
3E00
3E00
0000
0000
0000
0000
ENDCHAR
STARTCHAR backslash
ENCODING 92
SWIDTH 375 0
DWIDTH 9 0
BBX 9 20 0 -4
BITMAP
0000
0000
C000
C000
6000
6000
3000
3000
1800
1800
0C00
0C00
0600
0600
0300
0300
0000
0000
0000
0000
ENDCHAR
STARTCHAR bracketright
ENCODING 93
SWIDTH 375 0
DWIDTH 9 0
BBX 9 20 0 -4
BITMAP
0000
0000
7C00
7C00
0C00
0C00
0C00
0C00
0C00
0C00
0C00
0C00
0C00
0C00
7C00
7C00
0000
0000
0000
0000
ENDCHAR
STARTCHAR asciicircum
ENCODING 94
SWIDTH 375 0
DWIDTH 9 0
BBX 9 20 0 -4
BITMAP
0000
0000
1800
1800
3C00
3C00
6600
6600
C300
C300
0000
0000
0000
0000
0000
0000
0000
0000
0000
0000
ENDCHAR
STARTCHAR underscore
ENCODING 95
SWIDTH 375 0
DWIDTH 9 0
BBX 9 20 0 -4
BITMAP
0000
0000
0000
0000
0000
0000
0000
0000
0000
0000
0000
0000
0000
0000
FF00
FF00
0000
0000
0000
0000
ENDCHAR
STARTCHAR grave
ENCODING 96
SWIDTH 375 0
DWIDTH 9 0
BBX 9 20 0 -4
BITMAP
0000
0000
3800
3800
1800
1800
0C00
0C00
0000
0000
0000
0000
0000
0000
0000
0000
0000
0000
0000
0000
ENDCHAR
STARTCHAR a
ENCODING 97
SWIDTH 375 0
DWIDTH 9 0
BBX 9 20 0 -4
BITMAP
0000
0000
0000
0000
0000
0000
7E00
7E00
0300
0300
7F00
7F00
C300
C300
7F00
7F00
0000
0000
0000
0000
ENDCHAR
STARTCHAR b
ENCODING 98
SWIDTH 375 0
DWIDTH 9 0
BBX 9 20 0 -4
BITMAP
0000
0000
C000
C000
C000
C000
FE00
FE00
E300
E300
C300
C300
E300
E300
FE00
FE00
0000
0000
0000
0000
ENDCHAR
STARTCHAR c
ENCODING 99
SWIDTH 375 0
DWIDTH 9 0
BBX 9 20 0 -4
BITMAP
0000
0000
0000
0000
0000
0000
3E00
3E00
6300
6300
C000
C000
6000
6000
3F00
3F00
0000
0000
0000
0000
ENDCHAR
STARTCHAR d
ENCODING 100
SWIDTH 375 0
DWIDTH 9 0
BBX 9 20 0 -4
BITMAP
0000
0000
0300
0300
0300
0300
7F00
7F00
C700
C700
C300
C300
C700
C700
7F00
7F00
0000
0000
0000
0000
ENDCHAR
STARTCHAR e
ENCODING 101
SWIDTH 375 0
DWIDTH 9 0
BBX 9 20 0 -4
BITMAP
0000
0000
0000
0000
0000
0000
7E00
7E00
C300
C300
FF00
FF00
C000
C000
7E00
7E00
0000
0000
0000
0000
ENDCHAR
STARTCHAR f
ENCODING 102
SWIDTH 375 0
DWIDTH 9 0
BBX 9 20 0 -4
BITMAP
0000
0000
1E00
1E00
3300
3300
3000
3000
FC00
FC00
3000
3000
3000
3000
3000
3000
0000
0000
0000
0000
ENDCHAR
STARTCHAR g
ENCODING 103
SWIDTH 375 0
DWIDTH 9 0
BBX 9 20 0 -4
BITMAP
0000
0000
0000
0000
0300
0300
7F00
7F00
C600
C600
C600
C600
7E00
7E00
0600
0600
C600
C600
7C00
7C00
ENDCHAR
STARTCHAR h
ENCODING 104
SWIDTH 375 0
DWIDTH 9 0
BBX 9 20 0 -4
BITMAP
0000
0000
C000
C000
C000
C000
FE00
FE00
E300
E300
C300
C300
C300
C300
C300
C300
0000
0000
0000
0000
ENDCHAR
STARTCHAR i
ENCODING 105
SWIDTH 375 0
DWIDTH 9 0
BBX 9 20 0 -4
BITMAP
0000
0000
1800
1800
0000
0000
3800
3800
1800
1800
1800
1800
1800
1800
7E00
7E00
0000
0000
0000
0000
ENDCHAR
STARTCHAR j
ENCODING 106
SWIDTH 375 0
DWIDTH 9 0
BBX 9 20 0 -4
BITMAP
0000
0000
0600
0600
0000
0000
0600
0600
0600
0600
0600
0600
0600
0600
C600
C600
C600
C600
7C00
7C00
ENDCHAR
STARTCHAR k
ENCODING 107
SWIDTH 375 0
DWIDTH 9 0
BBX 9 20 0 -4
BITMAP
0000
0000
C000
C000
C000
C000
CC00
CC00
D800
D800
F000
F000
CC00
CC00
C300
C300
0000
0000
0000
0000
ENDCHAR
STARTCHAR l
ENCODING 108
SWIDTH 375 0
DWIDTH 9 0
BBX 9 20 0 -4
BITMAP
0000
0000
3800
3800
1800
1800
1800
1800
1800
1800
1800
1800
1800
1800
3C00
3C00
0000
0000
0000
0000
ENDCHAR
STARTCHAR m
ENCODING 109
SWIDTH 375 0
DWIDTH 9 0
BBX 9 20 0 -4
BITMAP
0000
0000
0000
0000
0000
0000
E600
E600
FF00
FF00
DB00
DB00
DB00
DB00
C300
C300
0000
0000
0000
0000
ENDCHAR
STARTCHAR n
ENCODING 110
SWIDTH 375 0
DWIDTH 9 0
BBX 9 20 0 -4
BITMAP
0000
0000
0000
0000
0000
0000
FE00
FE00
E300
E300
C300
C300
C300
C300
C300
C300
0000
0000
0000
0000
ENDCHAR
STARTCHAR o
ENCODING 111
SWIDTH 375 0
DWIDTH 9 0
BBX 9 20 0 -4
BITMAP
0000
0000
0000
0000
0000
0000
7E00
7E00
C300
C300
C300
C300
C300
C300
7E00
7E00
0000
0000
0000
0000
ENDCHAR
STARTCHAR p
ENCODING 112
SWIDTH 375 0
DWIDTH 9 0
BBX 9 20 0 -4
BITMAP
0000
0000
0000
0000
0000
0000
FE00
FE00
E300
E300
E300
E300
FE00
FE00
C000
C000
C000
C000
C000
C000
ENDCHAR
STARTCHAR q
ENCODING 113
SWIDTH 375 0
DWIDTH 9 0
BBX 9 20 0 -4
BITMAP
0000
0000
0000
0000
0000
0000
7F00
7F00
C700
C700
C700
C700
7F00
7F00
0300
0300
0300
0300
0300
0300
ENDCHAR
STARTCHAR r
ENCODING 114
SWIDTH 375 0
DWIDTH 9 0
BBX 9 20 0 -4
BITMAP
0000
0000
0000
0000
0000
0000
DE00
DE00
7300
7300
6000
6000
6000
6000
6000
6000
0000
0000
0000
0000
ENDCHAR
STARTCHAR s
ENCODING 115
SWIDTH 375 0
DWIDTH 9 0
BBX 9 20 0 -4
BITMAP
0000
0000
0000
0000
0000
0000
7E00
7E00
C000
C000
7E00
7E00
0300
0300
FE00
FE00
0000
0000
0000
0000
ENDCHAR
STARTCHAR t
ENCODING 116
SWIDTH 375 0
DWIDTH 9 0
BBX 9 20 0 -4
BITMAP
0000
0000
3000
3000
3000
3000
FC00
FC00
3000
3000
3000
3000
3600
3600
1C00
1C00
0000
0000
0000
0000
ENDCHAR
STARTCHAR u
ENCODING 117
SWIDTH 375 0
DWIDTH 9 0
BBX 9 20 0 -4
BITMAP
0000
0000
0000
0000
0000
0000
C600
C600
C600
C600
C600
C600
C600
C600
7F00
7F00
0000
0000
0000
0000
ENDCHAR
STARTCHAR v
ENCODING 118
SWIDTH 375 0
DWIDTH 9 0
BBX 9 20 0 -4
BITMAP
0000
0000
0000
0000
0000
0000
C300
C300
C300
C300
6600
6600
3C00
3C00
1800
1800
0000
0000
0000
0000
ENDCHAR
STARTCHAR w
ENCODING 119
SWIDTH 375 0
DWIDTH 9 0
BBX 9 20 0 -4
BITMAP
0000
0000
0000
0000
0000
0000
C300
C300
C300
C300
DB00
DB00
FF00
FF00
6600
6600
0000
0000
0000
0000
ENDCHAR
STARTCHAR x
ENCODING 120
SWIDTH 375 0
DWIDTH 9 0
BBX 9 20 0 -4
BITMAP
0000
0000
0000
0000
0000
0000
C600
C600
6C00
6C00
3800
3800
6C00
6C00
C600
C600
0000
0000
0000
0000
ENDCHAR
STARTCHAR y
ENCODING 121
SWIDTH 375 0
DWIDTH 9 0
BBX 9 20 0 -4
BITMAP
0000
0000
0000
0000
0000
0000
C600
C600
C600
C600
CE00
CE00
7E00
7E00
0600
0600
C600
C600
7C00
7C00
ENDCHAR
STARTCHAR z
ENCODING 122
SWIDTH 375 0
DWIDTH 9 0
BBX 9 20 0 -4
BITMAP
0000
0000
0000
0000
0000
0000
FF00
FF00
0600
0600
1C00
1C00
3000
3000
FF00
FF00
0000
0000
0000
0000
ENDCHAR
STARTCHAR braceleft
ENCODING 123
SWIDTH 375 0
DWIDTH 9 0
BBX 9 20 0 -4
BITMAP
0000
0000
0F00
0F00
1800
1800
1800
1800
7000
7000
1800
1800
1800
1800
0F00
0F00
0000
0000
0000
0000
ENDCHAR
STARTCHAR bar
ENCODING 124
SWIDTH 375 0
DWIDTH 9 0
BBX 9 20 0 -4
BITMAP
0000
0000
1800
1800
1800
1800
1800
1800
0000
0000
1800
1800
1800
1800
1800
1800
0000
0000
0000
0000
ENDCHAR
STARTCHAR braceright
ENCODING 125
SWIDTH 375 0
DWIDTH 9 0
BBX 9 20 0 -4
BITMAP
0000
0000
F000
F000
1800
1800
1800
1800
0E00
0E00
1800
1800
1800
1800
F000
F000
0000
0000
0000
0000
ENDCHAR
STARTCHAR asciitilde
ENCODING 126
SWIDTH 375 0
DWIDTH 9 0
BBX 9 20 0 -4
BITMAP
0000
0000
7300
7300
DB00
DB00
CE00
CE00
0000
0000
0000
0000
0000
0000
0000
0000
0000
0000
0000
0000
ENDCHAR
STARTCHAR uni007F
ENCODING 127
SWIDTH 375 0
DWIDTH 9 0
BBX 9 20 0 -4
BITMAP
0000
0000
0000
0000
1800
1800
3C00
3C00
6600
6600
C300
C300
C300
C300
FF00
FF00
0000
0000
0000
0000
ENDCHAR
STARTCHAR uni00A0
ENCODING 160
SWIDTH 375 0
DWIDTH 9 0
BBX 9 20 0 -4
BITMAP
0000
0000
0000
0000
0000
0000
0000
0000
0000
0000
0000
0000
0000
0000
0000
0000
0000
0000
0000
0000
ENDCHAR
STARTCHAR exclamdown
ENCODING 161
SWIDTH 375 0
DWIDTH 9 0
BBX 9 20 0 -4
BITMAP
0000
0000
1800
1800
0000
0000
1800
1800
1800
1800
1800
1800
1800
1800
1800
1800
0000
0000
0000
0000
ENDCHAR
STARTCHAR cent
ENCODING 162
SWIDTH 375 0
DWIDTH 9 0
BBX 9 20 0 -4
BITMAP
0000
0000
0000
0000
1800
1800
3E00
3E00
7B00
7B00
D800
D800
7800
7800
3F00
3F00
1800
1800
0000
0000
ENDCHAR
STARTCHAR sterling
ENCODING 163
SWIDTH 375 0
DWIDTH 9 0
BBX 9 20 0 -4
BITMAP
0000
0000
1E00
1E00
3300
3300
3000
3000
FC00
FC00
3000
3000
7C00
7C00
F700
F700
6000
6000
0000
0000
ENDCHAR
STARTCHAR currency
ENCODING 164
SWIDTH 375 0
DWIDTH 9 0
BBX 9 20 0 -4
BITMAP
0000
0000
0000
0000
C300
C300
7E00
7E00
6600
6600
6600
6600
7E00
7E00
C300
C300
0000
0000
0000
0000
ENDCHAR
STARTCHAR yen
ENCODING 165
SWIDTH 375 0
DWIDTH 9 0
BBX 9 20 0 -4
BITMAP
0000
0000
C300
C300
6600
6600
3C00
3C00
FF00
FF00
1800
1800
1800
1800
1800
1800
0000
0000
0000
0000
ENDCHAR
STARTCHAR brokenbar
ENCODING 166
SWIDTH 375 0
DWIDTH 9 0
BBX 9 20 0 -4
BITMAP
0000
0000
1800
1800
1800
1800
1800
1800
0000
0000
1800
1800
1800
1800
1800
1800
0000
0000
0000
0000
ENDCHAR
STARTCHAR section
ENCODING 167
SWIDTH 375 0
DWIDTH 9 0
BBX 9 20 0 -4
BITMAP
0000
0000
3C00
3C00
6000
6000
7C00
7C00
6C00
6C00
6C00
6C00
3C00
3C00
0C00
0C00
7800
7800
0000
0000
ENDCHAR
STARTCHAR dieresis
ENCODING 168
SWIDTH 375 0
DWIDTH 9 0
BBX 9 20 0 -4
BITMAP
0000
0000
6600
6600
0000
0000
0000
0000
0000
0000
0000
0000
0000
0000
0000
0000
0000
0000
0000
0000
ENDCHAR
STARTCHAR copyright
ENCODING 169
SWIDTH 375 0
DWIDTH 9 0
BBX 9 20 0 -4
BITMAP
0000
0000
7E00
7E00
C300
C300
DF00
DF00
F300
F300
F300
F300
DF00
DF00
C300
C300
7E00
7E00
0000
0000
ENDCHAR
STARTCHAR ordfeminine
ENCODING 170
SWIDTH 375 0
DWIDTH 9 0
BBX 9 20 0 -4
BITMAP
0000
0000
0000
0000
7E00
7E00
0300
0300
7F00
7F00
C300
C300
7F00
7F00
FF00
FF00
0000
0000
0000
0000
ENDCHAR
STARTCHAR guillemotleft
ENCODING 171
SWIDTH 375 0
DWIDTH 9 0
BBX 9 20 0 -4
BITMAP
0000
0000
1B00
1B00
3600
3600
6C00
6C00
D800
D800
6C00
6C00
3600
3600
1B00
1B00
0000
0000
0000
0000
ENDCHAR
STARTCHAR logicalnot
ENCODING 172
SWIDTH 375 0
DWIDTH 9 0
BBX 9 20 0 -4
BITMAP
0000
0000
0000
0000
0000
0000
FE00
FE00
0600
0600
0600
0600
0600
0600
0000
0000
0000
0000
0000
0000
ENDCHAR
STARTCHAR uni00AD
ENCODING 173
SWIDTH 375 0
DWIDTH 9 0
BBX 9 20 0 -4
BITMAP
0000
0000
0000
0000
0000
0000
0000
0000
FF00
FF00
0000
0000
0000
0000
0000
0000
0000
0000
0000
0000
ENDCHAR
STARTCHAR registered
ENCODING 174
SWIDTH 375 0
DWIDTH 9 0
BBX 9 20 0 -4
BITMAP
0000
0000
7E00
7E00
C300
C300
FB00
FB00
EF00
EF00
FB00
FB00
EF00
EF00
C300
C300
7E00
7E00
0000
0000
ENDCHAR
STARTCHAR macron
ENCODING 175
SWIDTH 375 0
DWIDTH 9 0
BBX 9 20 0 -4
BITMAP
0000
0000
FF00
FF00
0000
0000
0000
0000
0000
0000
0000
0000
0000
0000
0000
0000
0000
0000
0000
0000
ENDCHAR
STARTCHAR degree
ENCODING 176
SWIDTH 375 0
DWIDTH 9 0
BBX 9 20 0 -4
BITMAP
0000
0000
3C00
3C00
6600
6600
6600
6600
3C00
3C00
0000
0000
0000
0000
0000
0000
0000
0000
0000
0000
ENDCHAR
STARTCHAR plusminus
ENCODING 177
SWIDTH 375 0
DWIDTH 9 0
BBX 9 20 0 -4
BITMAP
0000
0000
0000
0000
1800
1800
1800
1800
FF00
FF00
1800
1800
1800
1800
FF00
FF00
0000
0000
0000
0000
ENDCHAR
STARTCHAR uni00B2
ENCODING 178
SWIDTH 375 0
DWIDTH 9 0
BBX 9 20 0 -4
BITMAP
0000
0000
3800
3800
6C00
6C00
1800
1800
6000
6000
7C00
7C00
0000
0000
0000
0000
0000
0000
0000
0000
ENDCHAR
STARTCHAR uni00B3
ENCODING 179
SWIDTH 375 0
DWIDTH 9 0
BBX 9 20 0 -4
BITMAP
0000
0000
3800
3800
6C00
6C00
1800
1800
6C00
6C00
3800
3800
0000
0000
0000
0000
0000
0000
0000
0000
ENDCHAR
STARTCHAR acute
ENCODING 180
SWIDTH 375 0
DWIDTH 9 0
BBX 9 20 0 -4
BITMAP
0000
0000
3800
3800
0E00
0E00
0000
0000
0000
0000
0000
0000
0000
0000
0000
0000
0000
0000
0000
0000
ENDCHAR
STARTCHAR mu
ENCODING 181
SWIDTH 375 0
DWIDTH 9 0
BBX 9 20 0 -4
BITMAP
0000
0000
0000
0000
0000
0000
3600
3600
3600
3600
3600
3600
3600
3600
3F00
3F00
6000
6000
C000
C000
ENDCHAR
STARTCHAR paragraph
ENCODING 182
SWIDTH 375 0
DWIDTH 9 0
BBX 9 20 0 -4
BITMAP
0000
0000
7F00
7F00
FB00
FB00
FB00
FB00
7F00
7F00
1B00
1B00
1B00
1B00
1B00
1B00
0000
0000
0000
0000
ENDCHAR
STARTCHAR periodcentered
ENCODING 183
SWIDTH 375 0
DWIDTH 9 0
BBX 9 20 0 -4
BITMAP
0000
0000
0000
0000
0000
0000
0000
0000
1800
1800
0000
0000
0000
0000
0000
0000
0000
0000
0000
0000
ENDCHAR
STARTCHAR cedilla
ENCODING 184
SWIDTH 375 0
DWIDTH 9 0
BBX 9 20 0 -4
BITMAP
0000
0000
0000
0000
0000
0000
0000
0000
0000
0000
0000
0000
0000
0000
0000
0000
0C00
0C00
1800
1800
ENDCHAR
STARTCHAR uni00B9
ENCODING 185
SWIDTH 375 0
DWIDTH 9 0
BBX 9 20 0 -4
BITMAP
0000
0000
1800
1800
3800
3800
1800
1800
1800
1800
3C00
3C00
0000
0000
0000
0000
0000
0000
0000
0000
ENDCHAR
STARTCHAR ordmasculine
ENCODING 186
SWIDTH 375 0
DWIDTH 9 0
BBX 9 20 0 -4
BITMAP
0000
0000
0000
0000
7E00
7E00
C300
C300
C300
C300
C300
C300
7E00
7E00
FF00
FF00
0000
0000
0000
0000
ENDCHAR
STARTCHAR guillemotright
ENCODING 187
SWIDTH 375 0
DWIDTH 9 0
BBX 9 20 0 -4
BITMAP
0000
0000
D800
D800
6C00
6C00
3600
3600
1B00
1B00
3600
3600
6C00
6C00
D800
D800
0000
0000
0000
0000
ENDCHAR
STARTCHAR onequarter
ENCODING 188
SWIDTH 375 0
DWIDTH 9 0
BBX 9 20 0 -4
BITMAP
0000
0000
C300
C300
C600
C600
CC00
CC00
D800
D800
F600
F600
6E00
6E00
DE00
DE00
3F00
3F00
0600
0600
ENDCHAR
STARTCHAR onehalf
ENCODING 189
SWIDTH 375 0
DWIDTH 9 0
BBX 9 20 0 -4
BITMAP
0000
0000
C300
C300
C600
C600
CC00
CC00
D800
D800
F600
F600
6F00
6F00
C300
C300
0C00
0C00
0F00
0F00
ENDCHAR
STARTCHAR threequarters
ENCODING 190
SWIDTH 375 0
DWIDTH 9 0
BBX 9 20 0 -4
BITMAP
0000
0000
E300
E300
3600
3600
6C00
6C00
3800
3800
F600
F600
6E00
6E00
DE00
DE00
3F00
3F00
0600
0600
ENDCHAR
STARTCHAR questiondown
ENCODING 191
SWIDTH 375 0
DWIDTH 9 0
BBX 9 20 0 -4
BITMAP
0000
0000
1800
1800
0000
0000
1800
1800
1800
1800
7000
7000
C300
C300
7E00
7E00
0000
0000
0000
0000
ENDCHAR
STARTCHAR Agrave
ENCODING 192
SWIDTH 375 0
DWIDTH 9 0
BBX 9 20 0 -4
BITMAP
3800
3800
0E00
0E00
0000
0000
3C00
3C00
6600
6600
FF00
FF00
C300
C300
C300
C300
0000
0000
0000
0000
ENDCHAR
STARTCHAR Aacute
ENCODING 193
SWIDTH 375 0
DWIDTH 9 0
BBX 9 20 0 -4
BITMAP
1C00
1C00
7000
7000
0000
0000
3C00
3C00
6600
6600
FF00
FF00
C300
C300
C300
C300
0000
0000
0000
0000
ENDCHAR
STARTCHAR Acircumflex
ENCODING 194
SWIDTH 375 0
DWIDTH 9 0
BBX 9 20 0 -4
BITMAP
3C00
3C00
6600
6600
0000
0000
3C00
3C00
6600
6600
FF00
FF00
C300
C300
C300
C300
0000
0000
0000
0000
ENDCHAR
STARTCHAR Atilde
ENCODING 195
SWIDTH 375 0
DWIDTH 9 0
BBX 9 20 0 -4
BITMAP
7300
7300
CE00
CE00
0000
0000
3C00
3C00
6600
6600
FF00
FF00
C300
C300
C300
C300
0000
0000
0000
0000
ENDCHAR
STARTCHAR Adieresis
ENCODING 196
SWIDTH 375 0
DWIDTH 9 0
BBX 9 20 0 -4
BITMAP
6600
6600
0000
0000
1800
1800
3C00
3C00
6600
6600
FF00
FF00
C300
C300
C300
C300
0000
0000
0000
0000
ENDCHAR
STARTCHAR Aring
ENCODING 197
SWIDTH 375 0
DWIDTH 9 0
BBX 9 20 0 -4
BITMAP
3C00
3C00
6600
6600
3C00
3C00
0000
0000
3C00
3C00
6600
6600
FF00
FF00
C300
C300
0000
0000
0000
0000
ENDCHAR
STARTCHAR AE
ENCODING 198
SWIDTH 375 0
DWIDTH 9 0
BBX 9 20 0 -4
BITMAP
0000
0000
1F00
1F00
3C00
3C00
6C00
6C00
CF00
CF00
FC00
FC00
CC00
CC00
CF00
CF00
0000
0000
0000
0000
ENDCHAR
STARTCHAR Ccedilla
ENCODING 199
SWIDTH 375 0
DWIDTH 9 0
BBX 9 20 0 -4
BITMAP
0000
0000
3E00
3E00
6300
6300
C000
C000
C000
C000
C000
C000
6300
6300
3E00
3E00
0C00
0C00
1800
1800
ENDCHAR
STARTCHAR Egrave
ENCODING 200
SWIDTH 375 0
DWIDTH 9 0
BBX 9 20 0 -4
BITMAP
3800
3800
0E00
0E00
0000
0000
FF00
FF00
C000
C000
FC00
FC00
C000
C000
FF00
FF00
0000
0000
0000
0000
ENDCHAR
STARTCHAR Eacute
ENCODING 201
SWIDTH 375 0
DWIDTH 9 0
BBX 9 20 0 -4
BITMAP
0E00
0E00
3800
3800
0000
0000
FF00
FF00
C000
C000
FC00
FC00
C000
C000
FF00
FF00
0000
0000
0000
0000
ENDCHAR
STARTCHAR Ecircumflex
ENCODING 202
SWIDTH 375 0
DWIDTH 9 0
BBX 9 20 0 -4
BITMAP
3C00
3C00
6600
6600
0000
0000
FF00
FF00
C000
C000
FC00
FC00
C000
C000
FF00
FF00
0000
0000
0000
0000
ENDCHAR
STARTCHAR Edieresis
ENCODING 203
SWIDTH 375 0
DWIDTH 9 0
BBX 9 20 0 -4
BITMAP
0000
0000
6600
6600
0000
0000
FF00
FF00
C000
C000
FC00
FC00
C000
C000
FF00
FF00
0000
0000
0000
0000
ENDCHAR
STARTCHAR Igrave
ENCODING 204
SWIDTH 375 0
DWIDTH 9 0
BBX 9 20 0 -4
BITMAP
3800
3800
0E00
0E00
0000
0000
7E00
7E00
1800
1800
1800
1800
1800
1800
7E00
7E00
0000
0000
0000
0000
ENDCHAR
STARTCHAR Iacute
ENCODING 205
SWIDTH 375 0
DWIDTH 9 0
BBX 9 20 0 -4
BITMAP
0E00
0E00
3800
3800
0000
0000
7E00
7E00
1800
1800
1800
1800
1800
1800
7E00
7E00
0000
0000
0000
0000
ENDCHAR
STARTCHAR Icircumflex
ENCODING 206
SWIDTH 375 0
DWIDTH 9 0
BBX 9 20 0 -4
BITMAP
3C00
3C00
6600
6600
0000
0000
7E00
7E00
1800
1800
1800
1800
1800
1800
7E00
7E00
0000
0000
0000
0000
ENDCHAR
STARTCHAR Idieresis
ENCODING 207
SWIDTH 375 0
DWIDTH 9 0
BBX 9 20 0 -4
BITMAP
0000
0000
6600
6600
0000
0000
7E00
7E00
1800
1800
1800
1800
1800
1800
7E00
7E00
0000
0000
0000
0000
ENDCHAR
STARTCHAR Eth
ENCODING 208
SWIDTH 375 0
DWIDTH 9 0
BBX 9 20 0 -4
BITMAP
0000
0000
FC00
FC00
6600
6600
6300
6300
F300
F300
6300
6300
6600
6600
FC00
FC00
0000
0000
0000
0000
ENDCHAR
STARTCHAR Ntilde
ENCODING 209
SWIDTH 375 0
DWIDTH 9 0
BBX 9 20 0 -4
BITMAP
7300
7300
CE00
CE00
0000
0000
C300
C300
F300
F300
DB00
DB00
CF00
CF00
C700
C700
0000
0000
0000
0000
ENDCHAR
STARTCHAR Ograve
ENCODING 210
SWIDTH 375 0
DWIDTH 9 0
BBX 9 20 0 -4
BITMAP
3800
3800
0E00
0E00
0000
0000
7E00
7E00
C300
C300
C300
C300
C300
C300
7E00
7E00
0000
0000
0000
0000
ENDCHAR
STARTCHAR Oacute
ENCODING 211
SWIDTH 375 0
DWIDTH 9 0
BBX 9 20 0 -4
BITMAP
0E00
0E00
3800
3800
0000
0000
7E00
7E00
C300
C300
C300
C300
C300
C300
7E00
7E00
0000
0000
0000
0000
ENDCHAR
STARTCHAR Ocircumflex
ENCODING 212
SWIDTH 375 0
DWIDTH 9 0
BBX 9 20 0 -4
BITMAP
3C00
3C00
6600
6600
0000
0000
7E00
7E00
C300
C300
C300
C300
C300
C300
7E00
7E00
0000
0000
0000
0000
ENDCHAR
STARTCHAR Otilde
ENCODING 213
SWIDTH 375 0
DWIDTH 9 0
BBX 9 20 0 -4
BITMAP
7300
7300
CE00
CE00
0000
0000
7E00
7E00
C300
C300
C300
C300
C300
C300
7E00
7E00
0000
0000
0000
0000
ENDCHAR
STARTCHAR Odieresis
ENCODING 214
SWIDTH 375 0
DWIDTH 9 0
BBX 9 20 0 -4
BITMAP
6600
6600
0000
0000
7E00
7E00
C300
C300
C300
C300
C300
C300
C300
C300
7E00
7E00
0000
0000
0000
0000
ENDCHAR
STARTCHAR multiply
ENCODING 215
SWIDTH 375 0
DWIDTH 9 0
BBX 9 20 0 -4
BITMAP
0000
0000
0000
0000
6600
6600
3C00
3C00
1800
1800
3C00
3C00
6600
6600
0000
0000
0000
0000
0000
0000
ENDCHAR
STARTCHAR Oslash
ENCODING 216
SWIDTH 375 0
DWIDTH 9 0
BBX 9 20 0 -4
BITMAP
0000
0000
3F00
3F00
6600
6600
CF00
CF00
DB00
DB00
F300
F300
6600
6600
FC00
FC00
0000
0000
0000
0000
ENDCHAR
STARTCHAR Ugrave
ENCODING 217
SWIDTH 375 0
DWIDTH 9 0
BBX 9 20 0 -4
BITMAP
7000
7000
1C00
1C00
0000
0000
C300
C300
C300
C300
C300
C300
C300
C300
7E00
7E00
0000
0000
0000
0000
ENDCHAR
STARTCHAR Uacute
ENCODING 218
SWIDTH 375 0
DWIDTH 9 0
BBX 9 20 0 -4
BITMAP
0E00
0E00
3800
3800
0000
0000
C300
C300
C300
C300
C300
C300
C300
C300
7E00
7E00
0000
0000
0000
0000
ENDCHAR
STARTCHAR Ucircumflex
ENCODING 219
SWIDTH 375 0
DWIDTH 9 0
BBX 9 20 0 -4
BITMAP
3C00
3C00
6600
6600
0000
0000
C300
C300
C300
C300
C300
C300
C300
C300
7E00
7E00
0000
0000
0000
0000
ENDCHAR
STARTCHAR Udieresis
ENCODING 220
SWIDTH 375 0
DWIDTH 9 0
BBX 9 20 0 -4
BITMAP
6600
6600
0000
0000
C300
C300
C300
C300
C300
C300
C300
C300
C300
C300
7E00
7E00
0000
0000
0000
0000
ENDCHAR
STARTCHAR Yacute
ENCODING 221
SWIDTH 375 0
DWIDTH 9 0
BBX 9 20 0 -4
BITMAP
0E00
0E00
3800
3800
0000
0000
C300
C300
6600
6600
3C00
3C00
1800
1800
1800
1800
0000
0000
0000
0000
ENDCHAR
STARTCHAR Thorn
ENCODING 222
SWIDTH 375 0
DWIDTH 9 0
BBX 9 20 0 -4
BITMAP
0000
0000
C000
C000
FE00
FE00
E300
E300
C300
C300
E300
E300
FE00
FE00
C000
C000
0000
0000
0000
0000
ENDCHAR
STARTCHAR germandbls
ENCODING 223
SWIDTH 375 0
DWIDTH 9 0
BBX 9 20 0 -4
BITMAP
0000
0000
3C00
3C00
6600
6600
6600
6600
7C00
7C00
6600
6600
6600
6600
7C00
7C00
6000
6000
0000
0000
ENDCHAR
STARTCHAR agrave
ENCODING 224
SWIDTH 375 0
DWIDTH 9 0
BBX 9 20 0 -4
BITMAP
3800
3800
0E00
0E00
0000
0000
7E00
7E00
0300
0300
7F00
7F00
C300
C300
7F00
7F00
0000
0000
0000
0000
ENDCHAR
STARTCHAR aacute
ENCODING 225
SWIDTH 375 0
DWIDTH 9 0
BBX 9 20 0 -4
BITMAP
0E00
0E00
3800
3800
0000
0000
7E00
7E00
0300
0300
7F00
7F00
C300
C300
7F00
7F00
0000
0000
0000
0000
ENDCHAR
STARTCHAR acircumflex
ENCODING 226
SWIDTH 375 0
DWIDTH 9 0
BBX 9 20 0 -4
BITMAP
3C00
3C00
6600
6600
0000
0000
7E00
7E00
0300
0300
7F00
7F00
C300
C300
7F00
7F00
0000
0000
0000
0000
ENDCHAR
STARTCHAR atilde
ENCODING 227
SWIDTH 375 0
DWIDTH 9 0
BBX 9 20 0 -4
BITMAP
7300
7300
CE00
CE00
0000
0000
7E00
7E00
0300
0300
7F00
7F00
C300
C300
7F00
7F00
0000
0000
0000
0000
ENDCHAR
STARTCHAR adieresis
ENCODING 228
SWIDTH 375 0
DWIDTH 9 0
BBX 9 20 0 -4
BITMAP
0000
0000
6600
6600
0000
0000
7E00
7E00
0300
0300
7F00
7F00
C300
C300
7F00
7F00
0000
0000
0000
0000
ENDCHAR
STARTCHAR aring
ENCODING 229
SWIDTH 375 0
DWIDTH 9 0
BBX 9 20 0 -4
BITMAP
3C00
3C00
6600
6600
3C00
3C00
7E00
7E00
0300
0300
7F00
7F00
C300
C300
7F00
7F00
0000
0000
0000
0000
ENDCHAR
STARTCHAR ae
ENCODING 230
SWIDTH 375 0
DWIDTH 9 0
BBX 9 20 0 -4
BITMAP
0000
0000
0000
0000
0000
0000
6C00
6C00
1B00
1B00
7F00
7F00
D800
D800
7E00
7E00
0000
0000
0000
0000
ENDCHAR
STARTCHAR ccedilla
ENCODING 231
SWIDTH 375 0
DWIDTH 9 0
BBX 9 20 0 -4
BITMAP
0000
0000
0000
0000
0000
0000
3E00
3E00
6300
6300
C000
C000
6000
6000
3F00
3F00
0600
0600
0C00
0C00
ENDCHAR
STARTCHAR egrave
ENCODING 232
SWIDTH 375 0
DWIDTH 9 0
BBX 9 20 0 -4
BITMAP
3800
3800
0E00
0E00
0000
0000
7E00
7E00
C300
C300
FF00
FF00
C000
C000
7E00
7E00
0000
0000
0000
0000
ENDCHAR
STARTCHAR eacute
ENCODING 233
SWIDTH 375 0
DWIDTH 9 0
BBX 9 20 0 -4
BITMAP
0E00
0E00
3800
3800
0000
0000
7E00
7E00
C300
C300
FF00
FF00
C000
C000
7E00
7E00
0000
0000
0000
0000
ENDCHAR
STARTCHAR ecircumflex
ENCODING 234
SWIDTH 375 0
DWIDTH 9 0
BBX 9 20 0 -4
BITMAP
3C00
3C00
6600
6600
0000
0000
7E00
7E00
C300
C300
FF00
FF00
C000
C000
7E00
7E00
0000
0000
0000
0000
ENDCHAR
STARTCHAR edieresis
ENCODING 235
SWIDTH 375 0
DWIDTH 9 0
BBX 9 20 0 -4
BITMAP
0000
0000
6600
6600
0000
0000
7E00
7E00
C300
C300
FF00
FF00
C000
C000
7E00
7E00
0000
0000
0000
0000
ENDCHAR
STARTCHAR igrave
ENCODING 236
SWIDTH 375 0
DWIDTH 9 0
BBX 9 20 0 -4
BITMAP
3800
3800
0E00
0E00
0000
0000
3800
3800
1800
1800
1800
1800
1800
1800
7E00
7E00
0000
0000
0000
0000
ENDCHAR
STARTCHAR iacute
ENCODING 237
SWIDTH 375 0
DWIDTH 9 0
BBX 9 20 0 -4
BITMAP
0E00
0E00
3800
3800
0000
0000
3800
3800
1800
1800
1800
1800
1800
1800
7E00
7E00
0000
0000
0000
0000
ENDCHAR
STARTCHAR icircumflex
ENCODING 238
SWIDTH 375 0
DWIDTH 9 0
BBX 9 20 0 -4
BITMAP
3C00
3C00
6600
6600
0000
0000
3800
3800
1800
1800
1800
1800
1800
1800
7E00
7E00
0000
0000
0000
0000
ENDCHAR
STARTCHAR idieresis
ENCODING 239
SWIDTH 375 0
DWIDTH 9 0
BBX 9 20 0 -4
BITMAP
0000
0000
6600
6600
0000
0000
3800
3800
1800
1800
1800
1800
1800
1800
7E00
7E00
0000
0000
0000
0000
ENDCHAR
STARTCHAR eth
ENCODING 240
SWIDTH 375 0
DWIDTH 9 0
BBX 9 20 0 -4
BITMAP
0000
0000
1B00
1B00
0E00
0E00
0300
0300
7F00
7F00
C300
C300
C300
C300
7E00
7E00
0000
0000
0000
0000
ENDCHAR
STARTCHAR ntilde
ENCODING 241
SWIDTH 375 0
DWIDTH 9 0
BBX 9 20 0 -4
BITMAP
7300
7300
CE00
CE00
0000
0000
FE00
FE00
E300
E300
C300
C300
C300
C300
C300
C300
0000
0000
0000
0000
ENDCHAR
STARTCHAR ograve
ENCODING 242
SWIDTH 375 0
DWIDTH 9 0
BBX 9 20 0 -4
BITMAP
3800
3800
0E00
0E00
0000
0000
3C00
3C00
6600
6600
C300
C300
6600
6600
3C00
3C00
0000
0000
0000
0000
ENDCHAR
STARTCHAR oacute
ENCODING 243
SWIDTH 375 0
DWIDTH 9 0
BBX 9 20 0 -4
BITMAP
0E00
0E00
3800
3800
0000
0000
3C00
3C00
6600
6600
C300
C300
6600
6600
3C00
3C00
0000
0000
0000
0000
ENDCHAR
STARTCHAR ocircumflex
ENCODING 244
SWIDTH 375 0
DWIDTH 9 0
BBX 9 20 0 -4
BITMAP
3C00
3C00
6600
6600
0000
0000
3C00
3C00
6600
6600
C300
C300
6600
6600
3C00
3C00
0000
0000
0000
0000
ENDCHAR
STARTCHAR otilde
ENCODING 245
SWIDTH 375 0
DWIDTH 9 0
BBX 9 20 0 -4
BITMAP
7300
7300
CE00
CE00
0000
0000
3C00
3C00
6600
6600
C300
C300
6600
6600
3C00
3C00
0000
0000
0000
0000
ENDCHAR
STARTCHAR odieresis
ENCODING 246
SWIDTH 375 0
DWIDTH 9 0
BBX 9 20 0 -4
BITMAP
0000
0000
6600
6600
0000
0000
3C00
3C00
6600
6600
C300
C300
6600
6600
3C00
3C00
0000
0000
0000
0000
ENDCHAR
STARTCHAR divide
ENCODING 247
SWIDTH 375 0
DWIDTH 9 0
BBX 9 20 0 -4
BITMAP
0000
0000
1800
1800
1800
1800
0000
0000
FF00
FF00
0000
0000
1800
1800
1800
1800
0000
0000
0000
0000
ENDCHAR
STARTCHAR oslash
ENCODING 248
SWIDTH 375 0
DWIDTH 9 0
BBX 9 20 0 -4
BITMAP
0000
0000
0000
0000
0300
0300
7E00
7E00
CF00
CF00
DB00
DB00
F300
F300
7E00
7E00
C000
C000
0000
0000
ENDCHAR
STARTCHAR ugrave
ENCODING 249
SWIDTH 375 0
DWIDTH 9 0
BBX 9 20 0 -4
BITMAP
7000
7000
1C00
1C00
0000
0000
C600
C600
C600
C600
C600
C600
C600
C600
7F00
7F00
0000
0000
0000
0000
ENDCHAR
STARTCHAR uacute
ENCODING 250
SWIDTH 375 0
DWIDTH 9 0
BBX 9 20 0 -4
BITMAP
1C00
1C00
7000
7000
0000
0000
C600
C600
C600
C600
C600
C600
C600
C600
7F00
7F00
0000
0000
0000
0000
ENDCHAR
STARTCHAR ucircumflex
ENCODING 251
SWIDTH 375 0
DWIDTH 9 0
BBX 9 20 0 -4
BITMAP
3800
3800
6C00
6C00
0000
0000
C600
C600
C600
C600
C600
C600
C600
C600
7F00
7F00
0000
0000
0000
0000
ENDCHAR
STARTCHAR udieresis
ENCODING 252
SWIDTH 375 0
DWIDTH 9 0
BBX 9 20 0 -4
BITMAP
0000
0000
6600
6600
0000
0000
C600
C600
C600
C600
C600
C600
C600
C600
7F00
7F00
0000
0000
0000
0000
ENDCHAR
STARTCHAR yacute
ENCODING 253
SWIDTH 375 0
DWIDTH 9 0
BBX 9 20 0 -4
BITMAP
0E00
0E00
3800
3800
0000
0000
C600
C600
C600
C600
CE00
CE00
7E00
7E00
0600
0600
C600
C600
7C00
7C00
ENDCHAR
STARTCHAR thorn
ENCODING 254
SWIDTH 375 0
DWIDTH 9 0
BBX 9 20 0 -4
BITMAP
0000
0000
C000
C000
C000
C000
FE00
FE00
E300
E300
C300
C300
E300
E300
FE00
FE00
C000
C000
C000
C000
ENDCHAR
STARTCHAR ydieresis
ENCODING 255
SWIDTH 375 0
DWIDTH 9 0
BBX 9 20 0 -4
BITMAP
0000
0000
6600
6600
0000
0000
C600
C600
C600
C600
CE00
CE00
7E00
7E00
0600
0600
C600
C600
7C00
7C00
ENDCHAR
STARTCHAR Amacron
ENCODING 256
SWIDTH 375 0
DWIDTH 9 0
BBX 9 20 0 -4
BITMAP
FF00
FF00
0000
0000
1800
1800
3C00
3C00
6600
6600
FF00
FF00
C300
C300
C300
C300
0000
0000
0000
0000
ENDCHAR
STARTCHAR amacron
ENCODING 257
SWIDTH 375 0
DWIDTH 9 0
BBX 9 20 0 -4
BITMAP
0000
0000
FF00
FF00
0000
0000
7E00
7E00
0300
0300
7F00
7F00
C300
C300
7F00
7F00
0000
0000
0000
0000
ENDCHAR
STARTCHAR Abreve
ENCODING 258
SWIDTH 375 0
DWIDTH 9 0
BBX 9 20 0 -4
BITMAP
C300
C300
7E00
7E00
0000
0000
3C00
3C00
6600
6600
FF00
FF00
C300
C300
C300
C300
0000
0000
0000
0000
ENDCHAR
STARTCHAR abreve
ENCODING 259
SWIDTH 375 0
DWIDTH 9 0
BBX 9 20 0 -4
BITMAP
C300
C300
7E00
7E00
0000
0000
7E00
7E00
0300
0300
7F00
7F00
C300
C300
7F00
7F00
0000
0000
0000
0000
ENDCHAR
STARTCHAR Aogonek
ENCODING 260
SWIDTH 375 0
DWIDTH 9 0
BBX 9 20 0 -4
BITMAP
0000
0000
1800
1800
3C00
3C00
6600
6600
C300
C300
FF00
FF00
C300
C300
C300
C300
0600
0600
0700
0700
ENDCHAR
STARTCHAR aogonek
ENCODING 261
SWIDTH 375 0
DWIDTH 9 0
BBX 9 20 0 -4
BITMAP
0000
0000
0000
0000
0000
0000
7E00
7E00
0300
0300
7F00
7F00
C300
C300
7F00
7F00
0600
0600
0700
0700
ENDCHAR
STARTCHAR Cacute
ENCODING 262
SWIDTH 375 0
DWIDTH 9 0
BBX 9 20 0 -4
BITMAP
0E00
0E00
3800
3800
0000
0000
7E00
7E00
C300
C300
C000
C000
C300
C300
7E00
7E00
0000
0000
0000
0000
ENDCHAR
STARTCHAR cacute
ENCODING 263
SWIDTH 375 0
DWIDTH 9 0
BBX 9 20 0 -4
BITMAP
0E00
0E00
3800
3800
0000
0000
3E00
3E00
6300
6300
C000
C000
6000
6000
3F00
3F00
0000
0000
0000
0000
ENDCHAR
STARTCHAR Ccircumflex
ENCODING 264
SWIDTH 375 0
DWIDTH 9 0
BBX 9 20 0 -4
BITMAP
3C00
3C00
6600
6600
0000
0000
7E00
7E00
C300
C300
C000
C000
C300
C300
7E00
7E00
0000
0000
0000
0000
ENDCHAR
STARTCHAR ccircumflex
ENCODING 265
SWIDTH 375 0
DWIDTH 9 0
BBX 9 20 0 -4
BITMAP
1C00
1C00
3600
3600
0000
0000
3E00
3E00
6300
6300
C000
C000
6000
6000
3F00
3F00
0000
0000
0000
0000
ENDCHAR
STARTCHAR Cdotaccent
ENCODING 266
SWIDTH 375 0
DWIDTH 9 0
BBX 9 20 0 -4
BITMAP
0C00
0C00
0000
0000
3E00
3E00
6300
6300
C000
C000
C000
C000
6300
6300
3E00
3E00
0000
0000
0000
0000
ENDCHAR
STARTCHAR cdotaccent
ENCODING 267
SWIDTH 375 0
DWIDTH 9 0
BBX 9 20 0 -4
BITMAP
0000
0000
0C00
0C00
0000
0000
3E00
3E00
6300
6300
C000
C000
6000
6000
3F00
3F00
0000
0000
0000
0000
ENDCHAR
STARTCHAR Ccaron
ENCODING 268
SWIDTH 375 0
DWIDTH 9 0
BBX 9 20 0 -4
BITMAP
3600
3600
1C00
1C00
0000
0000
7E00
7E00
C300
C300
C000
C000
C300
C300
7E00
7E00
0000
0000
0000
0000
ENDCHAR
STARTCHAR ccaron
ENCODING 269
SWIDTH 375 0
DWIDTH 9 0
BBX 9 20 0 -4
BITMAP
3600
3600
1C00
1C00
0000
0000
3E00
3E00
6300
6300
C000
C000
6000
6000
3F00
3F00
0000
0000
0000
0000
ENDCHAR
STARTCHAR Dcaron
ENCODING 270
SWIDTH 375 0
DWIDTH 9 0
BBX 9 20 0 -4
BITMAP
6C00
6C00
3800
3800
0000
0000
FC00
FC00
6600
6600
6300
6300
6600
6600
FC00
FC00
0000
0000
0000
0000
ENDCHAR
STARTCHAR dcaron
ENCODING 271
SWIDTH 375 0
DWIDTH 9 0
BBX 9 20 0 -4
BITMAP
0E00
0E00
0300
0300
0600
0600
0600
0600
7E00
7E00
C600
C600
C600
C600
7E00
7E00
0000
0000
0000
0000
ENDCHAR
STARTCHAR Dcroat
ENCODING 272
SWIDTH 375 0
DWIDTH 9 0
BBX 9 20 0 -4
BITMAP
0000
0000
FC00
FC00
6600
6600
6300
6300
F300
F300
6300
6300
6600
6600
FC00
FC00
0000
0000
0000
0000
ENDCHAR
STARTCHAR dcroat
ENCODING 273
SWIDTH 375 0
DWIDTH 9 0
BBX 9 20 0 -4
BITMAP
0000
0000
0600
0600
1F00
1F00
0600
0600
7E00
7E00
C600
C600
C600
C600
7E00
7E00
0000
0000
0000
0000
ENDCHAR
STARTCHAR Emacron
ENCODING 274
SWIDTH 375 0
DWIDTH 9 0
BBX 9 20 0 -4
BITMAP
0000
0000
FF00
FF00
0000
0000
FF00
FF00
C000
C000
FC00
FC00
C000
C000
FF00
FF00
0000
0000
0000
0000
ENDCHAR
STARTCHAR emacron
ENCODING 275
SWIDTH 375 0
DWIDTH 9 0
BBX 9 20 0 -4
BITMAP
0000
0000
FF00
FF00
0000
0000
7E00
7E00
C300
C300
FF00
FF00
C000
C000
7E00
7E00
0000
0000
0000
0000
ENDCHAR
STARTCHAR Ebreve
ENCODING 276
SWIDTH 375 0
DWIDTH 9 0
BBX 9 20 0 -4
BITMAP
C300
C300
7E00
7E00
0000
0000
FF00
FF00
C000
C000
FC00
FC00
C000
C000
FF00
FF00
0000
0000
0000
0000
ENDCHAR
STARTCHAR ebreve
ENCODING 277
SWIDTH 375 0
DWIDTH 9 0
BBX 9 20 0 -4
BITMAP
C300
C300
7E00
7E00
0000
0000
7E00
7E00
C300
C300
FF00
FF00
C000
C000
7E00
7E00
0000
0000
0000
0000
ENDCHAR
STARTCHAR Edotaccent
ENCODING 278
SWIDTH 375 0
DWIDTH 9 0
BBX 9 20 0 -4
BITMAP
0000
0000
1800
1800
0000
0000
FF00
FF00
C000
C000
FC00
FC00
C000
C000
FF00
FF00
0000
0000
0000
0000
ENDCHAR
STARTCHAR edotaccent
ENCODING 279
SWIDTH 375 0
DWIDTH 9 0
BBX 9 20 0 -4
BITMAP
0000
0000
1800
1800
0000
0000
7E00
7E00
C300
C300
FF00
FF00
C000
C000
7E00
7E00
0000
0000
0000
0000
ENDCHAR
STARTCHAR Eogonek
ENCODING 280
SWIDTH 375 0
DWIDTH 9 0
BBX 9 20 0 -4
BITMAP
0000
0000
FF00
FF00
C000
C000
C000
C000
FC00
FC00
C000
C000
C000
C000
FF00
FF00
0600
0600
0700
0700
ENDCHAR
STARTCHAR eogonek
ENCODING 281
SWIDTH 375 0
DWIDTH 9 0
BBX 9 20 0 -4
BITMAP
0000
0000
0000
0000
0000
0000
7E00
7E00
C300
C300
FF00
FF00
C000
C000
7E00
7E00
0C00
0C00
0E00
0E00
ENDCHAR
STARTCHAR Ecaron
ENCODING 282
SWIDTH 375 0
DWIDTH 9 0
BBX 9 20 0 -4
BITMAP
3600
3600
1C00
1C00
0000
0000
FF00
FF00
C000
C000
FC00
FC00
C000
C000
FF00
FF00
0000
0000
0000
0000
ENDCHAR
STARTCHAR ecaron
ENCODING 283
SWIDTH 375 0
DWIDTH 9 0
BBX 9 20 0 -4
BITMAP
3600
3600
1C00
1C00
0000
0000
7E00
7E00
C300
C300
FF00
FF00
C000
C000
7E00
7E00
0000
0000
0000
0000
ENDCHAR
STARTCHAR Gcircumflex
ENCODING 284
SWIDTH 375 0
DWIDTH 9 0
BBX 9 20 0 -4
BITMAP
3C00
3C00
6600
6600
0000
0000
7E00
7E00
C000
C000
CF00
CF00
C300
C300
7E00
7E00
0000
0000
0000
0000
ENDCHAR
STARTCHAR gcircumflex
ENCODING 285
SWIDTH 375 0
DWIDTH 9 0
BBX 9 20 0 -4
BITMAP
3800
3800
6C00
6C00
0300
0300
7F00
7F00
C600
C600
C600
C600
7E00
7E00
0600
0600
C600
C600
7C00
7C00
ENDCHAR
STARTCHAR Gbreve
ENCODING 286
SWIDTH 375 0
DWIDTH 9 0
BBX 9 20 0 -4
BITMAP
C300
C300
7E00
7E00
0000
0000
7E00
7E00
C000
C000
CF00
CF00
C300
C300
7E00
7E00
0000
0000
0000
0000
ENDCHAR
STARTCHAR gbreve
ENCODING 287
SWIDTH 375 0
DWIDTH 9 0
BBX 9 20 0 -4
BITMAP
C600
C600
7C00
7C00
0300
0300
7F00
7F00
C600
C600
C600
C600
7E00
7E00
0600
0600
C600
C600
7C00
7C00
ENDCHAR
STARTCHAR Gdotaccent
ENCODING 288
SWIDTH 375 0
DWIDTH 9 0
BBX 9 20 0 -4
BITMAP
1800
1800
0000
0000
3E00
3E00
6300
6300
C000
C000
CF00
CF00
6300
6300
3E00
3E00
0000
0000
0000
0000
ENDCHAR
STARTCHAR gdotaccent
ENCODING 289
SWIDTH 375 0
DWIDTH 9 0
BBX 9 20 0 -4
BITMAP
0000
0000
1800
1800
0300
0300
7F00
7F00
C600
C600
C600
C600
7E00
7E00
0600
0600
C600
C600
7C00
7C00
ENDCHAR
STARTCHAR uni0122
ENCODING 290
SWIDTH 375 0
DWIDTH 9 0
BBX 9 20 0 -4
BITMAP
0000
0000
3E00
3E00
6300
6300
C000
C000
C000
C000
CF00
CF00
6300
6300
3E00
3E00
0C00
0C00
1800
1800
ENDCHAR
STARTCHAR uni0123
ENCODING 291
SWIDTH 375 0
DWIDTH 9 0
BBX 9 20 0 -4
BITMAP
3000
3000
1800
1800
0300
0300
7F00
7F00
C600
C600
C600
C600
7E00
7E00
0600
0600
C600
C600
7C00
7C00
ENDCHAR
STARTCHAR Hcircumflex
ENCODING 292
SWIDTH 375 0
DWIDTH 9 0
BBX 9 20 0 -4
BITMAP
3C00
3C00
6600
6600
0000
0000
C300
C300
C300
C300
FF00
FF00
C300
C300
C300
C300
0000
0000
0000
0000
ENDCHAR
STARTCHAR hcircumflex
ENCODING 293
SWIDTH 375 0
DWIDTH 9 0
BBX 9 20 0 -4
BITMAP
1C00
1C00
3600
3600
C000
C000
C000
C000
FE00
FE00
E300
E300
C300
C300
C300
C300
0000
0000
0000
0000
ENDCHAR
STARTCHAR Hbar
ENCODING 294
SWIDTH 375 0
DWIDTH 9 0
BBX 9 20 0 -4
BITMAP
0000
0000
C300
C300
FF00
FF00
C300
C300
FF00
FF00
C300
C300
C300
C300
C300
C300
0000
0000
0000
0000
ENDCHAR
STARTCHAR hbar
ENCODING 295
SWIDTH 375 0
DWIDTH 9 0
BBX 9 20 0 -4
BITMAP
0000
0000
6000
6000
F800
F800
6000
6000
7E00
7E00
7300
7300
6300
6300
6300
6300
0000
0000
0000
0000
ENDCHAR
STARTCHAR Itilde
ENCODING 296
SWIDTH 375 0
DWIDTH 9 0
BBX 9 20 0 -4
BITMAP
7300
7300
CE00
CE00
0000
0000
7E00
7E00
1800
1800
1800
1800
1800
1800
7E00
7E00
0000
0000
0000
0000
ENDCHAR
STARTCHAR itilde
ENCODING 297
SWIDTH 375 0
DWIDTH 9 0
BBX 9 20 0 -4
BITMAP
7300
7300
CE00
CE00
0000
0000
3800
3800
1800
1800
1800
1800
1800
1800
7E00
7E00
0000
0000
0000
0000
ENDCHAR
STARTCHAR Imacron
ENCODING 298
SWIDTH 375 0
DWIDTH 9 0
BBX 9 20 0 -4
BITMAP
FF00
FF00
0000
0000
7E00
7E00
1800
1800
1800
1800
1800
1800
1800
1800
7E00
7E00
0000
0000
0000
0000
ENDCHAR
STARTCHAR imacron
ENCODING 299
SWIDTH 375 0
DWIDTH 9 0
BBX 9 20 0 -4
BITMAP
0000
0000
7E00
7E00
0000
0000
3800
3800
1800
1800
1800
1800
1800
1800
7E00
7E00
0000
0000
0000
0000
ENDCHAR
STARTCHAR Ibreve
ENCODING 300
SWIDTH 375 0
DWIDTH 9 0
BBX 9 20 0 -4
BITMAP
C300
C300
7E00
7E00
0000
0000
7E00
7E00
1800
1800
1800
1800
1800
1800
7E00
7E00
0000
0000
0000
0000
ENDCHAR
STARTCHAR ibreve
ENCODING 301
SWIDTH 375 0
DWIDTH 9 0
BBX 9 20 0 -4
BITMAP
C300
C300
7E00
7E00
0000
0000
3800
3800
1800
1800
1800
1800
1800
1800
7E00
7E00
0000
0000
0000
0000
ENDCHAR
STARTCHAR Iogonek
ENCODING 302
SWIDTH 375 0
DWIDTH 9 0
BBX 9 20 0 -4
BITMAP
0000
0000
7E00
7E00
1800
1800
1800
1800
1800
1800
1800
1800
1800
1800
7E00
7E00
0C00
0C00
0E00
0E00
ENDCHAR
STARTCHAR iogonek
ENCODING 303
SWIDTH 375 0
DWIDTH 9 0
BBX 9 20 0 -4
BITMAP
0000
0000
1800
1800
0000
0000
3800
3800
1800
1800
1800
1800
1800
1800
7E00
7E00
0C00
0C00
0E00
0E00
ENDCHAR
STARTCHAR Idotaccent
ENCODING 304
SWIDTH 375 0
DWIDTH 9 0
BBX 9 20 0 -4
BITMAP
1800
1800
0000
0000
7E00
7E00
1800
1800
1800
1800
1800
1800
1800
1800
7E00
7E00
0000
0000
0000
0000
ENDCHAR
STARTCHAR dotlessi
ENCODING 305
SWIDTH 375 0
DWIDTH 9 0
BBX 9 20 0 -4
BITMAP
0000
0000
0000
0000
0000
0000
3800
3800
1800
1800
1800
1800
1800
1800
7E00
7E00
0000
0000
0000
0000
ENDCHAR
STARTCHAR IJ
ENCODING 306
SWIDTH 375 0
DWIDTH 9 0
BBX 9 20 0 -4
BITMAP
0000
0000
C700
C700
C300
C300
C300
C300
C300
C300
C300
C300
DB00
DB00
CE00
CE00
0000
0000
0000
0000
ENDCHAR
STARTCHAR ij
ENCODING 307
SWIDTH 375 0
DWIDTH 9 0
BBX 9 20 0 -4
BITMAP
0000
0000
C300
C300
0000
0000
C300
C300
C300
C300
C300
C300
C300
C300
DB00
DB00
1B00
1B00
0E00
0E00
ENDCHAR
STARTCHAR Jcircumflex
ENCODING 308
SWIDTH 375 0
DWIDTH 9 0
BBX 9 20 0 -4
BITMAP
0E00
0E00
1B00
1B00
0000
0000
0F00
0F00
0600
0600
0600
0600
C600
C600
7C00
7C00
0000
0000
0000
0000
ENDCHAR
STARTCHAR jcircumflex
ENCODING 309
SWIDTH 375 0
DWIDTH 9 0
BBX 9 20 0 -4
BITMAP
0E00
0E00
1B00
1B00
0000
0000
0600
0600
0600
0600
0600
0600
0600
0600
C600
C600
C600
C600
7C00
7C00
ENDCHAR
STARTCHAR uni0136
ENCODING 310
SWIDTH 375 0
DWIDTH 9 0
BBX 9 20 0 -4
BITMAP
0000
0000
C300
C300
CE00
CE00
F800
F800
E000
E000
F800
F800
CE00
CE00
C300
C300
0C00
0C00
1800
1800
ENDCHAR
STARTCHAR uni0137
ENCODING 311
SWIDTH 375 0
DWIDTH 9 0
BBX 9 20 0 -4
BITMAP
0000
0000
C000
C000
C000
C000
CC00
CC00
D800
D800
F000
F000
CC00
CC00
C300
C300
0C00
0C00
1800
1800
ENDCHAR
STARTCHAR kgreenlandic
ENCODING 312
SWIDTH 375 0
DWIDTH 9 0
BBX 9 20 0 -4
BITMAP
0000
0000
0000
0000
0000
0000
C300
C300
CC00
CC00
F000
F000
CC00
CC00
C300
C300
0000
0000
0000
0000
ENDCHAR
STARTCHAR Lacute
ENCODING 313
SWIDTH 375 0
DWIDTH 9 0
BBX 9 20 0 -4
BITMAP
0700
0700
1C00
1C00
C000
C000
C000
C000
C000
C000
C000
C000
C000
C000
FF00
FF00
0000
0000
0000
0000
ENDCHAR
STARTCHAR lacute
ENCODING 314
SWIDTH 375 0
DWIDTH 9 0
BBX 9 20 0 -4
BITMAP
0700
0700
EE00
EE00
6000
6000
6000
6000
6000
6000
6000
6000
6000
6000
F000
F000
0000
0000
0000
0000
ENDCHAR
STARTCHAR uni013B
ENCODING 315
SWIDTH 375 0
DWIDTH 9 0
BBX 9 20 0 -4
BITMAP
0000
0000
C000
C000
C000
C000
C000
C000
C000
C000
C000
C000
C000
C000
FF00
FF00
0C00
0C00
1800
1800
ENDCHAR
STARTCHAR uni013C
ENCODING 316
SWIDTH 375 0
DWIDTH 9 0
BBX 9 20 0 -4
BITMAP
0000
0000
3800
3800
1800
1800
1800
1800
1800
1800
1800
1800
1800
1800
3C00
3C00
1800
1800
3000
3000
ENDCHAR
STARTCHAR Lcaron
ENCODING 317
SWIDTH 375 0
DWIDTH 9 0
BBX 9 20 0 -4
BITMAP
0000
0000
C300
C300
C300
C300
C600
C600
C000
C000
C000
C000
C000
C000
FF00
FF00
0000
0000
0000
0000
ENDCHAR
STARTCHAR lcaron
ENCODING 318
SWIDTH 375 0
DWIDTH 9 0
BBX 9 20 0 -4
BITMAP
0000
0000
7300
7300
3300
3300
3600
3600
3000
3000
3000
3000
3000
3000
7800
7800
0000
0000
0000
0000
ENDCHAR
STARTCHAR Ldot
ENCODING 319
SWIDTH 375 0
DWIDTH 9 0
BBX 9 20 0 -4
BITMAP
0000
0000
C000
C000
C000
C000
C000
C000
CC00
CC00
C000
C000
C000
C000
FF00
FF00
0000
0000
0000
0000
ENDCHAR
STARTCHAR ldot
ENCODING 320
SWIDTH 375 0
DWIDTH 9 0
BBX 9 20 0 -4
BITMAP
0000
0000
3800
3800
1800
1800
1800
1800
1B00
1B00
1800
1800
1800
1800
3C00
3C00
0000
0000
0000
0000
ENDCHAR
STARTCHAR Lslash
ENCODING 321
SWIDTH 375 0
DWIDTH 9 0
BBX 9 20 0 -4
BITMAP
0000
0000
6000
6000
6000
6000
7800
7800
E000
E000
6000
6000
6000
6000
7F00
7F00
0000
0000
0000
0000
ENDCHAR
STARTCHAR lslash
ENCODING 322
SWIDTH 375 0
DWIDTH 9 0
BBX 9 20 0 -4
BITMAP
0000
0000
3800
3800
1800
1800
1E00
1E00
7800
7800
1800
1800
1800
1800
3C00
3C00
0000
0000
0000
0000
ENDCHAR
STARTCHAR Nacute
ENCODING 323
SWIDTH 375 0
DWIDTH 9 0
BBX 9 20 0 -4
BITMAP
0E00
0E00
3800
3800
0000
0000
C300
C300
F300
F300
DB00
DB00
CF00
CF00
C700
C700
0000
0000
0000
0000
ENDCHAR
STARTCHAR nacute
ENCODING 324
SWIDTH 375 0
DWIDTH 9 0
BBX 9 20 0 -4
BITMAP
0E00
0E00
3800
3800
0000
0000
FE00
FE00
E300
E300
C300
C300
C300
C300
C300
C300
0000
0000
0000
0000
ENDCHAR
STARTCHAR uni0145
ENCODING 325
SWIDTH 375 0
DWIDTH 9 0
BBX 9 20 0 -4
BITMAP
0000
0000
C300
C300
E300
E300
F300
F300
DB00
DB00
CF00
CF00
C700
C700
C300
C300
1800
1800
3000
3000
ENDCHAR
STARTCHAR uni0146
ENCODING 326
SWIDTH 375 0
DWIDTH 9 0
BBX 9 20 0 -4
BITMAP
0000
0000
0000
0000
0000
0000
FE00
FE00
E300
E300
C300
C300
C300
C300
C300
C300
1800
1800
3000
3000
ENDCHAR
STARTCHAR Ncaron
ENCODING 327
SWIDTH 375 0
DWIDTH 9 0
BBX 9 20 0 -4
BITMAP
6C00
6C00
3800
3800
0000
0000
C300
C300
F300
F300
DB00
DB00
CF00
CF00
C700
C700
0000
0000
0000
0000
ENDCHAR
STARTCHAR ncaron
ENCODING 328
SWIDTH 375 0
DWIDTH 9 0
BBX 9 20 0 -4
BITMAP
6C00
6C00
3800
3800
0000
0000
FE00
FE00
E300
E300
C300
C300
C300
C300
C300
C300
0000
0000
0000
0000
ENDCHAR
STARTCHAR napostrophe
ENCODING 329
SWIDTH 375 0
DWIDTH 9 0
BBX 9 20 0 -4
BITMAP
6000
6000
C000
C000
0000
0000
FE00
FE00
E300
E300
C300
C300
C300
C300
C300
C300
0000
0000
0000
0000
ENDCHAR
STARTCHAR Eng
ENCODING 330
SWIDTH 375 0
DWIDTH 9 0
BBX 9 20 0 -4
BITMAP
0000
0000
C300
C300
E300
E300
F300
F300
DB00
DB00
CF00
CF00
C700
C700
C300
C300
0300
0300
0E00
0E00
ENDCHAR
STARTCHAR eng
ENCODING 331
SWIDTH 375 0
DWIDTH 9 0
BBX 9 20 0 -4
BITMAP
0000
0000
0000
0000
0000
0000
FE00
FE00
E300
E300
C300
C300
C300
C300
C300
C300
0300
0300
0E00
0E00
ENDCHAR
STARTCHAR Omacron
ENCODING 332
SWIDTH 375 0
DWIDTH 9 0
BBX 9 20 0 -4
BITMAP
FF00
FF00
0000
0000
7E00
7E00
C300
C300
C300
C300
C300
C300
C300
C300
7E00
7E00
0000
0000
0000
0000
ENDCHAR
STARTCHAR omacron
ENCODING 333
SWIDTH 375 0
DWIDTH 9 0
BBX 9 20 0 -4
BITMAP
0000
0000
FF00
FF00
0000
0000
3C00
3C00
6600
6600
C300
C300
6600
6600
3C00
3C00
0000
0000
0000
0000
ENDCHAR
STARTCHAR Obreve
ENCODING 334
SWIDTH 375 0
DWIDTH 9 0
BBX 9 20 0 -4
BITMAP
C300
C300
7E00
7E00
0000
0000
7E00
7E00
C300
C300
C300
C300
C300
C300
7E00
7E00
0000
0000
0000
0000
ENDCHAR
STARTCHAR obreve
ENCODING 335
SWIDTH 375 0
DWIDTH 9 0
BBX 9 20 0 -4
BITMAP
C300
C300
7E00
7E00
0000
0000
3C00
3C00
6600
6600
C300
C300
6600
6600
3C00
3C00
0000
0000
0000
0000
ENDCHAR
STARTCHAR Ohungarumlaut
ENCODING 336
SWIDTH 375 0
DWIDTH 9 0
BBX 9 20 0 -4
BITMAP
6300
6300
C600
C600
0000
0000
7E00
7E00
C300
C300
C300
C300
C300
C300
7E00
7E00
0000
0000
0000
0000
ENDCHAR
STARTCHAR ohungarumlaut
ENCODING 337
SWIDTH 375 0
DWIDTH 9 0
BBX 9 20 0 -4
BITMAP
6300
6300
C600
C600
0000
0000
3C00
3C00
6600
6600
C300
C300
6600
6600
3C00
3C00
0000
0000
0000
0000
ENDCHAR
STARTCHAR OE
ENCODING 338
SWIDTH 375 0
DWIDTH 9 0
BBX 9 20 0 -4
BITMAP
0000
0000
7F00
7F00
CC00
CC00
CC00
CC00
CF00
CF00
CC00
CC00
CC00
CC00
7F00
7F00
0000
0000
0000
0000
ENDCHAR
STARTCHAR oe
ENCODING 339
SWIDTH 375 0
DWIDTH 9 0
BBX 9 20 0 -4
BITMAP
0000
0000
0000
0000
0000
0000
6C00
6C00
DB00
DB00
DF00
DF00
D800
D800
6E00
6E00
0000
0000
0000
0000
ENDCHAR
STARTCHAR Racute
ENCODING 340
SWIDTH 375 0
DWIDTH 9 0
BBX 9 20 0 -4
BITMAP
0E00
0E00
3800
3800
0000
0000
FE00
FE00
C300
C300
FE00
FE00
CC00
CC00
C300
C300
0000
0000
0000
0000
ENDCHAR
STARTCHAR racute
ENCODING 341
SWIDTH 375 0
DWIDTH 9 0
BBX 9 20 0 -4
BITMAP
0E00
0E00
3800
3800
0000
0000
DE00
DE00
7300
7300
6000
6000
6000
6000
6000
6000
0000
0000
0000
0000
ENDCHAR
STARTCHAR uni0156
ENCODING 342
SWIDTH 375 0
DWIDTH 9 0
BBX 9 20 0 -4
BITMAP
0000
0000
FE00
FE00
C300
C300
C300
C300
FE00
FE00
CC00
CC00
C600
C600
C300
C300
1800
1800
3000
3000
ENDCHAR
STARTCHAR uni0157
ENCODING 343
SWIDTH 375 0
DWIDTH 9 0
BBX 9 20 0 -4
BITMAP
0000
0000
0000
0000
0000
0000
DE00
DE00
7300
7300
6000
6000
6000
6000
6000
6000
1800
1800
3000
3000
ENDCHAR
STARTCHAR Rcaron
ENCODING 344
SWIDTH 375 0
DWIDTH 9 0
BBX 9 20 0 -4
BITMAP
6C00
6C00
3800
3800
0000
0000
FE00
FE00
C300
C300
FE00
FE00
CC00
CC00
C300
C300
0000
0000
0000
0000
ENDCHAR
STARTCHAR rcaron
ENCODING 345
SWIDTH 375 0
DWIDTH 9 0
BBX 9 20 0 -4
BITMAP
6C00
6C00
3800
3800
0000
0000
DE00
DE00
7300
7300
6000
6000
6000
6000
6000
6000
0000
0000
0000
0000
ENDCHAR
STARTCHAR Sacute
ENCODING 346
SWIDTH 375 0
DWIDTH 9 0
BBX 9 20 0 -4
BITMAP
0E00
0E00
3800
3800
7E00
7E00
C300
C300
7000
7000
0E00
0E00
C300
C300
7E00
7E00
0000
0000
0000
0000
ENDCHAR
STARTCHAR sacute
ENCODING 347
SWIDTH 375 0
DWIDTH 9 0
BBX 9 20 0 -4
BITMAP
0E00
0E00
3800
3800
0000
0000
7E00
7E00
C000
C000
7E00
7E00
0300
0300
FE00
FE00
0000
0000
0000
0000
ENDCHAR
STARTCHAR Scircumflex
ENCODING 348
SWIDTH 375 0
DWIDTH 9 0
BBX 9 20 0 -4
BITMAP
7E00
7E00
C300
C300
3C00
3C00
6600
6600
3000
3000
0C00
0C00
6600
6600
3C00
3C00
0000
0000
0000
0000
ENDCHAR
STARTCHAR scircumflex
ENCODING 349
SWIDTH 375 0
DWIDTH 9 0
BBX 9 20 0 -4
BITMAP
3C00
3C00
6600
6600
0000
0000
7E00
7E00
C000
C000
7E00
7E00
0300
0300
FE00
FE00
0000
0000
0000
0000
ENDCHAR
STARTCHAR Scedilla
ENCODING 350
SWIDTH 375 0
DWIDTH 9 0
BBX 9 20 0 -4
BITMAP
0000
0000
7E00
7E00
C300
C300
C000
C000
7E00
7E00
0300
0300
C300
C300
7E00
7E00
1800
1800
3000
3000
ENDCHAR
STARTCHAR scedilla
ENCODING 351
SWIDTH 375 0
DWIDTH 9 0
BBX 9 20 0 -4
BITMAP
0000
0000
0000
0000
0000
0000
7E00
7E00
C000
C000
7E00
7E00
0300
0300
FE00
FE00
1800
1800
3000
3000
ENDCHAR
STARTCHAR Scaron
ENCODING 352
SWIDTH 375 0
DWIDTH 9 0
BBX 9 20 0 -4
BITMAP
3600
3600
1C00
1C00
7E00
7E00
C300
C300
7000
7000
0E00
0E00
C300
C300
7E00
7E00
0000
0000
0000
0000
ENDCHAR
STARTCHAR scaron
ENCODING 353
SWIDTH 375 0
DWIDTH 9 0
BBX 9 20 0 -4
BITMAP
6C00
6C00
3800
3800
0000
0000
7E00
7E00
C000
C000
7E00
7E00
0300
0300
FE00
FE00
0000
0000
0000
0000
ENDCHAR
STARTCHAR uni0162
ENCODING 354
SWIDTH 375 0
DWIDTH 9 0
BBX 9 20 0 -4
BITMAP
0000
0000
FF00
FF00
1800
1800
1800
1800
1800
1800
1800
1800
1800
1800
1800
1800
0C00
0C00
1800
1800
ENDCHAR
STARTCHAR uni0163
ENCODING 355
SWIDTH 375 0
DWIDTH 9 0
BBX 9 20 0 -4
BITMAP
0000
0000
3000
3000
3000
3000
FC00
FC00
3000
3000
3000
3000
3600
3600
3C00
3C00
1800
1800
3000
3000
ENDCHAR
STARTCHAR Tcaron
ENCODING 356
SWIDTH 375 0
DWIDTH 9 0
BBX 9 20 0 -4
BITMAP
6600
6600
3C00
3C00
0000
0000
FF00
FF00
1800
1800
1800
1800
1800
1800
1800
1800
0000
0000
0000
0000
ENDCHAR
STARTCHAR tcaron
ENCODING 357
SWIDTH 375 0
DWIDTH 9 0
BBX 9 20 0 -4
BITMAP
0300
0300
3600
3600
3000
3000
FC00
FC00
3000
3000
3000
3000
3600
3600
1C00
1C00
0000
0000
0000
0000
ENDCHAR
STARTCHAR Tbar
ENCODING 358
SWIDTH 375 0
DWIDTH 9 0
BBX 9 20 0 -4
BITMAP
0000
0000
FF00
FF00
1800
1800
1800
1800
7E00
7E00
1800
1800
1800
1800
1800
1800
0000
0000
0000
0000
ENDCHAR
STARTCHAR tbar
ENCODING 359
SWIDTH 375 0
DWIDTH 9 0
BBX 9 20 0 -4
BITMAP
0000
0000
3000
3000
3000
3000
FC00
FC00
3000
3000
F800
F800
3300
3300
1E00
1E00
0000
0000
0000
0000
ENDCHAR
STARTCHAR Utilde
ENCODING 360
SWIDTH 375 0
DWIDTH 9 0
BBX 9 20 0 -4
BITMAP
7300
7300
CE00
CE00
0000
0000
C300
C300
C300
C300
C300
C300
C300
C300
7E00
7E00
0000
0000
0000
0000
ENDCHAR
STARTCHAR utilde
ENCODING 361
SWIDTH 375 0
DWIDTH 9 0
BBX 9 20 0 -4
BITMAP
7300
7300
CE00
CE00
0000
0000
C600
C600
C600
C600
C600
C600
C600
C600
7F00
7F00
0000
0000
0000
0000
ENDCHAR
STARTCHAR Umacron
ENCODING 362
SWIDTH 375 0
DWIDTH 9 0
BBX 9 20 0 -4
BITMAP
FF00
FF00
0000
0000
C300
C300
C300
C300
C300
C300
C300
C300
C300
C300
7E00
7E00
0000
0000
0000
0000
ENDCHAR
STARTCHAR umacron
ENCODING 363
SWIDTH 375 0
DWIDTH 9 0
BBX 9 20 0 -4
BITMAP
0000
0000
FE00
FE00
0000
0000
C600
C600
C600
C600
C600
C600
C600
C600
7F00
7F00
0000
0000
0000
0000
ENDCHAR
STARTCHAR Ubreve
ENCODING 364
SWIDTH 375 0
DWIDTH 9 0
BBX 9 20 0 -4
BITMAP
C300
C300
7E00
7E00
0000
0000
C300
C300
C300
C300
C300
C300
C300
C300
7E00
7E00
0000
0000
0000
0000
ENDCHAR
STARTCHAR ubreve
ENCODING 365
SWIDTH 375 0
DWIDTH 9 0
BBX 9 20 0 -4
BITMAP
C300
C300
7E00
7E00
0000
0000
C600
C600
C600
C600
C600
C600
C600
C600
7F00
7F00
0000
0000
0000
0000
ENDCHAR
STARTCHAR Uring
ENCODING 366
SWIDTH 375 0
DWIDTH 9 0
BBX 9 20 0 -4
BITMAP
3C00
3C00
6600
6600
3C00
3C00
C300
C300
C300
C300
C300
C300
C300
C300
7E00
7E00
0000
0000
0000
0000
ENDCHAR
STARTCHAR uring
ENCODING 367
SWIDTH 375 0
DWIDTH 9 0
BBX 9 20 0 -4
BITMAP
3800
3800
6C00
6C00
3800
3800
C600
C600
C600
C600
C600
C600
C600
C600
7F00
7F00
0000
0000
0000
0000
ENDCHAR
STARTCHAR Uhungarumlaut
ENCODING 368
SWIDTH 375 0
DWIDTH 9 0
BBX 9 20 0 -4
BITMAP
6300
6300
C600
C600
0000
0000
C300
C300
C300
C300
C300
C300
C300
C300
7E00
7E00
0000
0000
0000
0000
ENDCHAR
STARTCHAR uhungarumlaut
ENCODING 369
SWIDTH 375 0
DWIDTH 9 0
BBX 9 20 0 -4
BITMAP
6300
6300
C600
C600
0000
0000
C600
C600
C600
C600
C600
C600
C600
C600
7F00
7F00
0000
0000
0000
0000
ENDCHAR
STARTCHAR Uogonek
ENCODING 370
SWIDTH 375 0
DWIDTH 9 0
BBX 9 20 0 -4
BITMAP
0000
0000
C300
C300
C300
C300
C300
C300
C300
C300
C300
C300
C300
C300
7E00
7E00
0C00
0C00
0E00
0E00
ENDCHAR
STARTCHAR uogonek
ENCODING 371
SWIDTH 375 0
DWIDTH 9 0
BBX 9 20 0 -4
BITMAP
0000
0000
0000
0000
0000
0000
C600
C600
C600
C600
C600
C600
C600
C600
7F00
7F00
0600
0600
0700
0700
ENDCHAR
STARTCHAR Wcircumflex
ENCODING 372
SWIDTH 375 0
DWIDTH 9 0
BBX 9 20 0 -4
BITMAP
3C00
3C00
6600
6600
0000
0000
C300
C300
DB00
DB00
DB00
DB00
FF00
FF00
E700
E700
0000
0000
0000
0000
ENDCHAR
STARTCHAR wcircumflex
ENCODING 373
SWIDTH 375 0
DWIDTH 9 0
BBX 9 20 0 -4
BITMAP
3C00
3C00
6600
6600
0000
0000
C300
C300
C300
C300
DB00
DB00
FF00
FF00
6600
6600
0000
0000
0000
0000
ENDCHAR
STARTCHAR Ycircumflex
ENCODING 374
SWIDTH 375 0
DWIDTH 9 0
BBX 9 20 0 -4
BITMAP
3C00
3C00
6600
6600
0000
0000
C300
C300
6600
6600
3C00
3C00
1800
1800
1800
1800
0000
0000
0000
0000
ENDCHAR
STARTCHAR ycircumflex
ENCODING 375
SWIDTH 375 0
DWIDTH 9 0
BBX 9 20 0 -4
BITMAP
3C00
3C00
6600
6600
0000
0000
C600
C600
C600
C600
CE00
CE00
7E00
7E00
0600
0600
C600
C600
7C00
7C00
ENDCHAR
STARTCHAR Ydieresis
ENCODING 376
SWIDTH 375 0
DWIDTH 9 0
BBX 9 20 0 -4
BITMAP
0000
0000
6600
6600
0000
0000
C300
C300
6600
6600
3C00
3C00
1800
1800
1800
1800
0000
0000
0000
0000
ENDCHAR
STARTCHAR Zacute
ENCODING 377
SWIDTH 375 0
DWIDTH 9 0
BBX 9 20 0 -4
BITMAP
0E00
0E00
3800
3800
FF00
FF00
0600
0600
0C00
0C00
3000
3000
6000
6000
FF00
FF00
0000
0000
0000
0000
ENDCHAR
STARTCHAR zacute
ENCODING 378
SWIDTH 375 0
DWIDTH 9 0
BBX 9 20 0 -4
BITMAP
0E00
0E00
3800
3800
0000
0000
FF00
FF00
0600
0600
1C00
1C00
3000
3000
FF00
FF00
0000
0000
0000
0000
ENDCHAR
STARTCHAR Zdotaccent
ENCODING 379
SWIDTH 375 0
DWIDTH 9 0
BBX 9 20 0 -4
BITMAP
1800
1800
0000
0000
FF00
FF00
0600
0600
0C00
0C00
3000
3000
6000
6000
FF00
FF00
0000
0000
0000
0000
ENDCHAR
STARTCHAR zdotaccent
ENCODING 380
SWIDTH 375 0
DWIDTH 9 0
BBX 9 20 0 -4
BITMAP
0000
0000
1800
1800
0000
0000
FF00
FF00
0600
0600
1C00
1C00
3000
3000
FF00
FF00
0000
0000
0000
0000
ENDCHAR
STARTCHAR Zcaron
ENCODING 381
SWIDTH 375 0
DWIDTH 9 0
BBX 9 20 0 -4
BITMAP
3600
3600
1C00
1C00
FF00
FF00
0600
0600
0C00
0C00
3000
3000
6000
6000
FF00
FF00
0000
0000
0000
0000
ENDCHAR
STARTCHAR zcaron
ENCODING 382
SWIDTH 375 0
DWIDTH 9 0
BBX 9 20 0 -4
BITMAP
6C00
6C00
3800
3800
0000
0000
FF00
FF00
0600
0600
1C00
1C00
3000
3000
FF00
FF00
0000
0000
0000
0000
ENDCHAR
STARTCHAR longs
ENCODING 383
SWIDTH 375 0
DWIDTH 9 0
BBX 9 20 0 -4
BITMAP
0000
0000
1E00
1E00
3300
3300
3000
3000
3000
3000
3000
3000
3000
3000
3000
3000
0000
0000
0000
0000
ENDCHAR
STARTCHAR florin
ENCODING 402
SWIDTH 375 0
DWIDTH 9 0
BBX 9 20 0 -4
BITMAP
0000
0000
0E00
0E00
1B00
1B00
1800
1800
7E00
7E00
1800
1800
1800
1800
D800
D800
7000
7000
0000
0000
ENDCHAR
STARTCHAR ohorn
ENCODING 417
SWIDTH 375 0
DWIDTH 9 0
BBX 9 20 0 -4
BITMAP
0000
0000
0000
0000
0000
0000
7F00
7F00
CC00
CC00
CC00
CC00
CC00
CC00
7800
7800
0000
0000
0000
0000
ENDCHAR
STARTCHAR uni01B7
ENCODING 439
SWIDTH 375 0
DWIDTH 9 0
BBX 9 20 0 -4
BITMAP
0000
0000
FF00
FF00
0600
0600
0C00
0C00
1E00
1E00
0300
0300
C300
C300
7E00
7E00
0000
0000
0000
0000
ENDCHAR
STARTCHAR Aringacute
ENCODING 506
SWIDTH 375 0
DWIDTH 9 0
BBX 9 20 0 -4
BITMAP
3B00
3B00
6E00
6E00
3800
3800
0000
0000
3C00
3C00
6600
6600
FF00
FF00
C300
C300
0000
0000
0000
0000
ENDCHAR
STARTCHAR aringacute
ENCODING 507
SWIDTH 375 0
DWIDTH 9 0
BBX 9 20 0 -4
BITMAP
3B00
3B00
6E00
6E00
3800
3800
7E00
7E00
0300
0300
7F00
7F00
C300
C300
7F00
7F00
0000
0000
0000
0000
ENDCHAR
STARTCHAR AEacute
ENCODING 508
SWIDTH 375 0
DWIDTH 9 0
BBX 9 20 0 -4
BITMAP
0700
0700
1C00
1C00
0000
0000
3F00
3F00
6C00
6C00
FF00
FF00
CC00
CC00
CF00
CF00
0000
0000
0000
0000
ENDCHAR
STARTCHAR aeacute
ENCODING 509
SWIDTH 375 0
DWIDTH 9 0
BBX 9 20 0 -4
BITMAP
0E00
0E00
3800
3800
0000
0000
6C00
6C00
1B00
1B00
7F00
7F00
D800
D800
7E00
7E00
0000
0000
0000
0000
ENDCHAR
STARTCHAR Oslashacute
ENCODING 510
SWIDTH 375 0
DWIDTH 9 0
BBX 9 20 0 -4
BITMAP
0600
0600
0C00
0C00
3F00
3F00
6600
6600
CF00
CF00
DB00
DB00
7600
7600
FC00
FC00
0000
0000
0000
0000
ENDCHAR
STARTCHAR oslashacute
ENCODING 511
SWIDTH 375 0
DWIDTH 9 0
BBX 9 20 0 -4
BITMAP
0E00
0E00
3800
3800
0300
0300
7E00
7E00
CF00
CF00
DB00
DB00
F300
F300
7E00
7E00
C000
C000
0000
0000
ENDCHAR
STARTCHAR uni0218
ENCODING 536
SWIDTH 375 0
DWIDTH 9 0
BBX 9 20 0 -4
BITMAP
0000
0000
7E00
7E00
C300
C300
C000
C000
7E00
7E00
0300
0300
C300
C300
7E00
7E00
0000
0000
1800
1800
ENDCHAR
STARTCHAR uni0219
ENCODING 537
SWIDTH 375 0
DWIDTH 9 0
BBX 9 20 0 -4
BITMAP
0000
0000
0000
0000
0000
0000
7E00
7E00
C000
C000
7E00
7E00
0300
0300
FE00
FE00
0000
0000
1800
1800
ENDCHAR
STARTCHAR uni021A
ENCODING 538
SWIDTH 375 0
DWIDTH 9 0
BBX 9 20 0 -4
BITMAP
0000
0000
FF00
FF00
1800
1800
1800
1800
1800
1800
1800
1800
1800
1800
1800
1800
0000
0000
1800
1800
ENDCHAR
STARTCHAR uni021B
ENCODING 539
SWIDTH 375 0
DWIDTH 9 0
BBX 9 20 0 -4
BITMAP
0000
0000
3000
3000
3000
3000
FC00
FC00
3000
3000
3000
3000
3600
3600
1C00
1C00
0000
0000
3000
3000
ENDCHAR
STARTCHAR uni0251
ENCODING 593
SWIDTH 375 0
DWIDTH 9 0
BBX 9 20 0 -4
BITMAP
0000
0000
0000
0000
0000
0000
7B00
7B00
CE00
CE00
C600
C600
CE00
CE00
7B00
7B00
0000
0000
0000
0000
ENDCHAR
STARTCHAR uni0278
ENCODING 632
SWIDTH 375 0
DWIDTH 9 0
BBX 9 20 0 -4
BITMAP
7E00
7E00
1800
1800
7E00
7E00
DB00
DB00
DB00
DB00
7E00
7E00
1800
1800
7E00
7E00
0000
0000
0000
0000
ENDCHAR
STARTCHAR circumflex
ENCODING 710
SWIDTH 375 0
DWIDTH 9 0
BBX 9 20 0 -4
BITMAP
0000
0000
3C00
3C00
6600
6600
0000
0000
0000
0000
0000
0000
0000
0000
0000
0000
0000
0000
0000
0000
ENDCHAR
STARTCHAR caron
ENCODING 711
SWIDTH 375 0
DWIDTH 9 0
BBX 9 20 0 -4
BITMAP
0000
0000
3600
3600
1C00
1C00
0000
0000
0000
0000
0000
0000
0000
0000
0000
0000
0000
0000
0000
0000
ENDCHAR
STARTCHAR uni02C9
ENCODING 713
SWIDTH 375 0
DWIDTH 9 0
BBX 9 20 0 -4
BITMAP
0000
0000
FF00
FF00
0000
0000
0000
0000
0000
0000
0000
0000
0000
0000
0000
0000
0000
0000
0000
0000
ENDCHAR
STARTCHAR breve
ENCODING 728
SWIDTH 375 0
DWIDTH 9 0
BBX 9 20 0 -4
BITMAP
0000
0000
C300
C300
7E00
7E00
0000
0000
0000
0000
0000
0000
0000
0000
0000
0000
0000
0000
0000
0000
ENDCHAR
STARTCHAR dotaccent
ENCODING 729
SWIDTH 375 0
DWIDTH 9 0
BBX 9 20 0 -4
BITMAP
0000
0000
1800
1800
0000
0000
0000
0000
0000
0000
0000
0000
0000
0000
0000
0000
0000
0000
0000
0000
ENDCHAR
STARTCHAR ring
ENCODING 730
SWIDTH 375 0
DWIDTH 9 0
BBX 9 20 0 -4
BITMAP
3C00
3C00
6600
6600
3C00
3C00
0000
0000
0000
0000
0000
0000
0000
0000
0000
0000
0000
0000
0000
0000
ENDCHAR
STARTCHAR ogonek
ENCODING 731
SWIDTH 375 0
DWIDTH 9 0
BBX 9 20 0 -4
BITMAP
0000
0000
0000
0000
0000
0000
0000
0000
0000
0000
0000
0000
0000
0000
0000
0000
0C00
0C00
0E00
0E00
ENDCHAR
STARTCHAR tilde
ENCODING 732
SWIDTH 375 0
DWIDTH 9 0
BBX 9 20 0 -4
BITMAP
0000
0000
7300
7300
CE00
CE00
0000
0000
0000
0000
0000
0000
0000
0000
0000
0000
0000
0000
0000
0000
ENDCHAR
STARTCHAR hungarumlaut
ENCODING 733
SWIDTH 375 0
DWIDTH 9 0
BBX 9 20 0 -4
BITMAP
0000
0000
6300
6300
C600
C600
0000
0000
0000
0000
0000
0000
0000
0000
0000
0000
0000
0000
0000
0000
ENDCHAR
STARTCHAR uni037E
ENCODING 894
SWIDTH 375 0
DWIDTH 9 0
BBX 9 20 0 -4
BITMAP
0000
0000
0000
0000
3800
3800
3800
3800
0000
0000
0000
0000
3800
3800
3000
3000
6000
6000
0000
0000
ENDCHAR
STARTCHAR tonos
ENCODING 900
SWIDTH 375 0
DWIDTH 9 0
BBX 9 20 0 -4
BITMAP
0E00
0E00
3800
3800
0000
0000
0000
0000
0000
0000
0000
0000
0000
0000
0000
0000
0000
0000
0000
0000
ENDCHAR
STARTCHAR dieresistonos
ENCODING 901
SWIDTH 375 0
DWIDTH 9 0
BBX 9 20 0 -4
BITMAP
0C00
0C00
1800
1800
C300
C300
0000
0000
0000
0000
0000
0000
0000
0000
0000
0000
0000
0000
0000
0000
ENDCHAR
STARTCHAR Alphatonos
ENCODING 902
SWIDTH 375 0
DWIDTH 9 0
BBX 9 20 0 -4
BITMAP
7000
7000
C000
C000
0000
0000
3C00
3C00
6600
6600
FF00
FF00
C300
C300
C300
C300
0000
0000
0000
0000
ENDCHAR
STARTCHAR anoteleia
ENCODING 903
SWIDTH 375 0
DWIDTH 9 0
BBX 9 20 0 -4
BITMAP
0000
0000
0000
0000
0000
0000
0000
0000
1C00
1C00
1C00
1C00
0000
0000
0000
0000
0000
0000
0000
0000
ENDCHAR
STARTCHAR Epsilontonos
ENCODING 904
SWIDTH 375 0
DWIDTH 9 0
BBX 9 20 0 -4
BITMAP
7000
7000
C000
C000
0000
0000
FF00
FF00
C000
C000
FC00
FC00
C000
C000
FF00
FF00
0000
0000
0000
0000
ENDCHAR
STARTCHAR Etatonos
ENCODING 905
SWIDTH 375 0
DWIDTH 9 0
BBX 9 20 0 -4
BITMAP
7000
7000
C000
C000
0000
0000
C300
C300
C300
C300
FF00
FF00
C300
C300
C300
C300
0000
0000
0000
0000
ENDCHAR
STARTCHAR Iotatonos
ENCODING 906
SWIDTH 375 0
DWIDTH 9 0
BBX 9 20 0 -4
BITMAP
7000
7000
C000
C000
0000
0000
7E00
7E00
1800
1800
1800
1800
1800
1800
7E00
7E00
0000
0000
0000
0000
ENDCHAR
STARTCHAR Omicrontonos
ENCODING 908
SWIDTH 375 0
DWIDTH 9 0
BBX 9 20 0 -4
BITMAP
7000
7000
C000
C000
3E00
3E00
6300
6300
6300
6300
6300
6300
6300
6300
3E00
3E00
0000
0000
0000
0000
ENDCHAR
STARTCHAR Upsilontonos
ENCODING 910
SWIDTH 375 0
DWIDTH 9 0
BBX 9 20 0 -4
BITMAP
7000
7000
C000
C000
0000
0000
C300
C300
6600
6600
3C00
3C00
1800
1800
1800
1800
0000
0000
0000
0000
ENDCHAR
STARTCHAR Omegatonos
ENCODING 911
SWIDTH 375 0
DWIDTH 9 0
BBX 9 20 0 -4
BITMAP
7000
7000
C000
C000
3C00
3C00
6600
6600
C300
C300
C300
C300
6600
6600
E700
E700
0000
0000
0000
0000
ENDCHAR
STARTCHAR iotadieresistonos
ENCODING 912
SWIDTH 375 0
DWIDTH 9 0
BBX 9 20 0 -4
BITMAP
0C00
0C00
1800
1800
C300
C300
0000
0000
3800
3800
1800
1800
1800
1800
0E00
0E00
0000
0000
0000
0000
ENDCHAR
STARTCHAR Alpha
ENCODING 913
SWIDTH 375 0
DWIDTH 9 0
BBX 9 20 0 -4
BITMAP
0000
0000
1800
1800
3C00
3C00
6600
6600
C300
C300
FF00
FF00
C300
C300
C300
C300
0000
0000
0000
0000
ENDCHAR
STARTCHAR Beta
ENCODING 914
SWIDTH 375 0
DWIDTH 9 0
BBX 9 20 0 -4
BITMAP
0000
0000
FE00
FE00
6300
6300
6300
6300
7E00
7E00
6300
6300
6300
6300
FE00
FE00
0000
0000
0000
0000
ENDCHAR
STARTCHAR Gamma
ENCODING 915
SWIDTH 375 0
DWIDTH 9 0
BBX 9 20 0 -4
BITMAP
0000
0000
FF00
FF00
C000
C000
C000
C000
C000
C000
C000
C000
C000
C000
C000
C000
0000
0000
0000
0000
ENDCHAR
STARTCHAR uni0394
ENCODING 916
SWIDTH 375 0
DWIDTH 9 0
BBX 9 20 0 -4
BITMAP
0000
0000
1800
1800
3C00
3C00
3C00
3C00
6600
6600
6600
6600
C300
C300
FF00
FF00
0000
0000
0000
0000
ENDCHAR
STARTCHAR Epsilon
ENCODING 917
SWIDTH 375 0
DWIDTH 9 0
BBX 9 20 0 -4
BITMAP
0000
0000
FF00
FF00
C000
C000
C000
C000
FC00
FC00
C000
C000
C000
C000
FF00
FF00
0000
0000
0000
0000
ENDCHAR
STARTCHAR Zeta
ENCODING 918
SWIDTH 375 0
DWIDTH 9 0
BBX 9 20 0 -4
BITMAP
0000
0000
FF00
FF00
0600
0600
0C00
0C00
1800
1800
3000
3000
6000
6000
FF00
FF00
0000
0000
0000
0000
ENDCHAR
STARTCHAR Eta
ENCODING 919
SWIDTH 375 0
DWIDTH 9 0
BBX 9 20 0 -4
BITMAP
0000
0000
C300
C300
C300
C300
C300
C300
FF00
FF00
C300
C300
C300
C300
C300
C300
0000
0000
0000
0000
ENDCHAR
STARTCHAR Theta
ENCODING 920
SWIDTH 375 0
DWIDTH 9 0
BBX 9 20 0 -4
BITMAP
0000
0000
7E00
7E00
C300
C300
C300
C300
FF00
FF00
C300
C300
C300
C300
7E00
7E00
0000
0000
0000
0000
ENDCHAR
STARTCHAR Iota
ENCODING 921
SWIDTH 375 0
DWIDTH 9 0
BBX 9 20 0 -4
BITMAP
0000
0000
7E00
7E00
1800
1800
1800
1800
1800
1800
1800
1800
1800
1800
7E00
7E00
0000
0000
0000
0000
ENDCHAR
STARTCHAR Kappa
ENCODING 922
SWIDTH 375 0
DWIDTH 9 0
BBX 9 20 0 -4
BITMAP
0000
0000
C300
C300
CE00
CE00
F800
F800
E000
E000
F800
F800
CE00
CE00
C300
C300
0000
0000
0000
0000
ENDCHAR
STARTCHAR Lambda
ENCODING 923
SWIDTH 375 0
DWIDTH 9 0
BBX 9 20 0 -4
BITMAP
0000
0000
1800
1800
3C00
3C00
3C00
3C00
6600
6600
6600
6600
C300
C300
C300
C300
0000
0000
0000
0000
ENDCHAR
STARTCHAR Mu
ENCODING 924
SWIDTH 375 0
DWIDTH 9 0
BBX 9 20 0 -4
BITMAP
0000
0000
C300
C300
E700
E700
FF00
FF00
DB00
DB00
C300
C300
C300
C300
C300
C300
0000
0000
0000
0000
ENDCHAR
STARTCHAR Nu
ENCODING 925
SWIDTH 375 0
DWIDTH 9 0
BBX 9 20 0 -4
BITMAP
0000
0000
C300
C300
E300
E300
F300
F300
DB00
DB00
CF00
CF00
C700
C700
C300
C300
0000
0000
0000
0000
ENDCHAR
STARTCHAR Xi
ENCODING 926
SWIDTH 375 0
DWIDTH 9 0
BBX 9 20 0 -4
BITMAP
0000
0000
FF00
FF00
C300
C300
0000
0000
7E00
7E00
0000
0000
C300
C300
FF00
FF00
0000
0000
0000
0000
ENDCHAR
STARTCHAR Omicron
ENCODING 927
SWIDTH 375 0
DWIDTH 9 0
BBX 9 20 0 -4
BITMAP
0000
0000
7E00
7E00
C300
C300
C300
C300
C300
C300
C300
C300
C300
C300
7E00
7E00
0000
0000
0000
0000
ENDCHAR
STARTCHAR Pi
ENCODING 928
SWIDTH 375 0
DWIDTH 9 0
BBX 9 20 0 -4
BITMAP
0000
0000
FF00
FF00
C300
C300
C300
C300
C300
C300
C300
C300
C300
C300
C300
C300
0000
0000
0000
0000
ENDCHAR
STARTCHAR Rho
ENCODING 929
SWIDTH 375 0
DWIDTH 9 0
BBX 9 20 0 -4
BITMAP
0000
0000
FE00
FE00
C300
C300
C300
C300
FE00
FE00
C000
C000
C000
C000
C000
C000
0000
0000
0000
0000
ENDCHAR
STARTCHAR Sigma
ENCODING 931
SWIDTH 375 0
DWIDTH 9 0
BBX 9 20 0 -4
BITMAP
0000
0000
FF00
FF00
C000
C000
3000
3000
0C00
0C00
3000
3000
C000
C000
FF00
FF00
0000
0000
0000
0000
ENDCHAR
STARTCHAR Tau
ENCODING 932
SWIDTH 375 0
DWIDTH 9 0
BBX 9 20 0 -4
BITMAP
0000
0000
FF00
FF00
1800
1800
1800
1800
1800
1800
1800
1800
1800
1800
1800
1800
0000
0000
0000
0000
ENDCHAR
STARTCHAR Upsilon
ENCODING 933
SWIDTH 375 0
DWIDTH 9 0
BBX 9 20 0 -4
BITMAP
0000
0000
C300
C300
6600
6600
3C00
3C00
1800
1800
1800
1800
1800
1800
1800
1800
0000
0000
0000
0000
ENDCHAR
STARTCHAR Phi
ENCODING 934
SWIDTH 375 0
DWIDTH 9 0
BBX 9 20 0 -4
BITMAP
0000
0000
1800
1800
7E00
7E00
DB00
DB00
DB00
DB00
DB00
DB00
7E00
7E00
1800
1800
0000
0000
0000
0000
ENDCHAR
STARTCHAR Chi
ENCODING 935
SWIDTH 375 0
DWIDTH 9 0
BBX 9 20 0 -4
BITMAP
0000
0000
C300
C300
6600
6600
3C00
3C00
1800
1800
3C00
3C00
6600
6600
C300
C300
0000
0000
0000
0000
ENDCHAR
STARTCHAR Psi
ENCODING 936
SWIDTH 375 0
DWIDTH 9 0
BBX 9 20 0 -4
BITMAP
0000
0000
DB00
DB00
DB00
DB00
DB00
DB00
7E00
7E00
1800
1800
1800
1800
1800
1800
0000
0000
0000
0000
ENDCHAR
STARTCHAR uni03A9
ENCODING 937
SWIDTH 375 0
DWIDTH 9 0
BBX 9 20 0 -4
BITMAP
0000
0000
3C00
3C00
6600
6600
C300
C300
C300
C300
6600
6600
6600
6600
E700
E700
0000
0000
0000
0000
ENDCHAR
STARTCHAR Iotadieresis
ENCODING 938
SWIDTH 375 0
DWIDTH 9 0
BBX 9 20 0 -4
BITMAP
0000
0000
6600
6600
0000
0000
7E00
7E00
1800
1800
1800
1800
1800
1800
7E00
7E00
0000
0000
0000
0000
ENDCHAR
STARTCHAR Upsilondieresis
ENCODING 939
SWIDTH 375 0
DWIDTH 9 0
BBX 9 20 0 -4
BITMAP
0000
0000
6600
6600
0000
0000
C300
C300
6600
6600
3C00
3C00
1800
1800
1800
1800
0000
0000
0000
0000
ENDCHAR
STARTCHAR alphatonos
ENCODING 940
SWIDTH 375 0
DWIDTH 9 0
BBX 9 20 0 -4
BITMAP
0E00
0E00
3800
3800
0000
0000
7B00
7B00
CE00
CE00
C600
C600
CE00
CE00
7B00
7B00
0000
0000
0000
0000
ENDCHAR
STARTCHAR epsilontonos
ENCODING 941
SWIDTH 375 0
DWIDTH 9 0
BBX 9 20 0 -4
BITMAP
0E00
0E00
3800
3800
0000
0000
3F00
3F00
6000
6000
3E00
3E00
6000
6000
3F00
3F00
0000
0000
0000
0000
ENDCHAR
STARTCHAR etatonos
ENCODING 942
SWIDTH 375 0
DWIDTH 9 0
BBX 9 20 0 -4
BITMAP
1C00
1C00
7000
7000
0000
0000
FE00
FE00
E300
E300
C300
C300
C300
C300
C300
C300
0300
0300
0300
0300
ENDCHAR
STARTCHAR iotatonos
ENCODING 943
SWIDTH 375 0
DWIDTH 9 0
BBX 9 20 0 -4
BITMAP
1C00
1C00
7000
7000
0000
0000
3800
3800
1800
1800
1800
1800
1800
1800
0E00
0E00
0000
0000
0000
0000
ENDCHAR
STARTCHAR upsilondieresistonos
ENCODING 944
SWIDTH 375 0
DWIDTH 9 0
BBX 9 20 0 -4
BITMAP
0C00
0C00
1800
1800
C300
C300
0000
0000
C300
C300
C300
C300
C300
C300
7E00
7E00
0000
0000
0000
0000
ENDCHAR
STARTCHAR alpha
ENCODING 945
SWIDTH 375 0
DWIDTH 9 0
BBX 9 20 0 -4
BITMAP
0000
0000
0000
0000
0000
0000
7B00
7B00
CE00
CE00
C600
C600
CE00
CE00
7B00
7B00
0000
0000
0000
0000
ENDCHAR
STARTCHAR beta
ENCODING 946
SWIDTH 375 0
DWIDTH 9 0
BBX 9 20 0 -4
BITMAP
0000
0000
3C00
3C00
6600
6600
6600
6600
7C00
7C00
6600
6600
6600
6600
7C00
7C00
6000
6000
0000
0000
ENDCHAR
STARTCHAR gamma
ENCODING 947
SWIDTH 375 0
DWIDTH 9 0
BBX 9 20 0 -4
BITMAP
0000
0000
0000
0000
0000
0000
6300
6300
3600
3600
1C00
1C00
1C00
1C00
3600
3600
3600
3600
1C00
1C00
ENDCHAR
STARTCHAR delta
ENCODING 948
SWIDTH 375 0
DWIDTH 9 0
BBX 9 20 0 -4
BITMAP
0000
0000
1F00
1F00
3000
3000
0C00
0C00
7E00
7E00
C300
C300
C300
C300
7E00
7E00
0000
0000
0000
0000
ENDCHAR
STARTCHAR epsilon
ENCODING 949
SWIDTH 375 0
DWIDTH 9 0
BBX 9 20 0 -4
BITMAP
0000
0000
0000
0000
0000
0000
3F00
3F00
6000
6000
3E00
3E00
6000
6000
3F00
3F00
0000
0000
0000
0000
ENDCHAR
STARTCHAR zeta
ENCODING 950
SWIDTH 375 0
DWIDTH 9 0
BBX 9 20 0 -4
BITMAP
C000
C000
FF00
FF00
1800
1800
6000
6000
C000
C000
C000
C000
C000
C000
7F00
7F00
0300
0300
0E00
0E00
ENDCHAR
STARTCHAR eta
ENCODING 951
SWIDTH 375 0
DWIDTH 9 0
BBX 9 20 0 -4
BITMAP
0000
0000
0000
0000
0000
0000
FE00
FE00
E300
E300
C300
C300
C300
C300
C300
C300
0300
0300
0300
0300
ENDCHAR
STARTCHAR theta
ENCODING 952
SWIDTH 375 0
DWIDTH 9 0
BBX 9 20 0 -4
BITMAP
0000
0000
1C00
1C00
3600
3600
6300
6300
7F00
7F00
6300
6300
3600
3600
1C00
1C00
0000
0000
0000
0000
ENDCHAR
STARTCHAR iota
ENCODING 953
SWIDTH 375 0
DWIDTH 9 0
BBX 9 20 0 -4
BITMAP
0000
0000
0000
0000
0000
0000
3800
3800
1800
1800
1800
1800
1800
1800
0E00
0E00
0000
0000
0000
0000
ENDCHAR
STARTCHAR kappa
ENCODING 954
SWIDTH 375 0
DWIDTH 9 0
BBX 9 20 0 -4
BITMAP
0000
0000
0000
0000
0000
0000
C300
C300
CC00
CC00
F000
F000
CC00
CC00
C300
C300
0000
0000
0000
0000
ENDCHAR
STARTCHAR lambda
ENCODING 955
SWIDTH 375 0
DWIDTH 9 0
BBX 9 20 0 -4
BITMAP
0000
0000
3000
3000
1800
1800
1800
1800
0C00
0C00
1C00
1C00
3600
3600
E600
E600
0000
0000
0000
0000
ENDCHAR
STARTCHAR uni03BC
ENCODING 956
SWIDTH 375 0
DWIDTH 9 0
BBX 9 20 0 -4
BITMAP
0000
0000
0000
0000
0000
0000
3600
3600
3600
3600
3600
3600
3600
3600
3F00
3F00
6000
6000
C000
C000
ENDCHAR
STARTCHAR nu
ENCODING 957
SWIDTH 375 0
DWIDTH 9 0
BBX 9 20 0 -4
BITMAP
0000
0000
0000
0000
0000
0000
E300
E300
6300
6300
6600
6600
3C00
3C00
1800
1800
0000
0000
0000
0000
ENDCHAR
STARTCHAR xi
ENCODING 958
SWIDTH 375 0
DWIDTH 9 0
BBX 9 20 0 -4
BITMAP
C000
C000
FF00
FF00
3000
3000
6000
6000
3C00
3C00
6000
6000
C000
C000
7F00
7F00
0300
0300
0E00
0E00
ENDCHAR
STARTCHAR omicron
ENCODING 959
SWIDTH 375 0
DWIDTH 9 0
BBX 9 20 0 -4
BITMAP
0000
0000
0000
0000
0000
0000
7E00
7E00
C300
C300
C300
C300
C300
C300
7E00
7E00
0000
0000
0000
0000
ENDCHAR
STARTCHAR pi
ENCODING 960
SWIDTH 375 0
DWIDTH 9 0
BBX 9 20 0 -4
BITMAP
0000
0000
0000
0000
0000
0000
FF00
FF00
3600
3600
3600
3600
3600
3600
6600
6600
0000
0000
0000
0000
ENDCHAR
STARTCHAR rho
ENCODING 961
SWIDTH 375 0
DWIDTH 9 0
BBX 9 20 0 -4
BITMAP
0000
0000
0000
0000
0000
0000
7E00
7E00
E300
E300
E300
E300
FE00
FE00
C000
C000
C000
C000
C000
C000
ENDCHAR
STARTCHAR sigma1
ENCODING 962
SWIDTH 375 0
DWIDTH 9 0
BBX 9 20 0 -4
BITMAP
0000
0000
0000
0000
0000
0000
3E00
3E00
6300
6300
C000
C000
6000
6000
3F00
3F00
0300
0300
0E00
0E00
ENDCHAR
STARTCHAR sigma
ENCODING 963
SWIDTH 375 0
DWIDTH 9 0
BBX 9 20 0 -4
BITMAP
0000
0000
0000
0000
0000
0000
7F00
7F00
CC00
CC00
CC00
CC00
CC00
CC00
7800
7800
0000
0000
0000
0000
ENDCHAR
STARTCHAR tau
ENCODING 964
SWIDTH 375 0
DWIDTH 9 0
BBX 9 20 0 -4
BITMAP
0000
0000
0000
0000
0000
0000
FF00
FF00
1800
1800
1800
1800
1800
1800
0C00
0C00
0000
0000
0000
0000
ENDCHAR
STARTCHAR upsilon
ENCODING 965
SWIDTH 375 0
DWIDTH 9 0
BBX 9 20 0 -4
BITMAP
0000
0000
0000
0000
0000
0000
C300
C300
C300
C300
C300
C300
C300
C300
7E00
7E00
0000
0000
0000
0000
ENDCHAR
STARTCHAR phi
ENCODING 966
SWIDTH 375 0
DWIDTH 9 0
BBX 9 20 0 -4
BITMAP
0000
0000
1800
1800
1800
1800
7E00
7E00
DB00
DB00
DB00
DB00
DB00
DB00
7E00
7E00
1800
1800
1800
1800
ENDCHAR
STARTCHAR chi
ENCODING 967
SWIDTH 375 0
DWIDTH 9 0
BBX 9 20 0 -4
BITMAP
0000
0000
0000
0000
0000
0000
6300
6300
3600
3600
1C00
1C00
1C00
1C00
1C00
1C00
3600
3600
6300
6300
ENDCHAR
STARTCHAR psi
ENCODING 968
SWIDTH 375 0
DWIDTH 9 0
BBX 9 20 0 -4
BITMAP
0000
0000
0000
0000
0000
0000
DB00
DB00
DB00
DB00
DB00
DB00
DB00
DB00
7E00
7E00
1800
1800
1800
1800
ENDCHAR
STARTCHAR omega
ENCODING 969
SWIDTH 375 0
DWIDTH 9 0
BBX 9 20 0 -4
BITMAP
0000
0000
0000
0000
0000
0000
6600
6600
C300
C300
DB00
DB00
FF00
FF00
6600
6600
0000
0000
0000
0000
ENDCHAR
STARTCHAR iotadieresis
ENCODING 970
SWIDTH 375 0
DWIDTH 9 0
BBX 9 20 0 -4
BITMAP
0000
0000
6600
6600
0000
0000
3800
3800
1800
1800
1800
1800
1800
1800
0E00
0E00
0000
0000
0000
0000
ENDCHAR
STARTCHAR upsilondieresis
ENCODING 971
SWIDTH 375 0
DWIDTH 9 0
BBX 9 20 0 -4
BITMAP
0000
0000
6600
6600
0000
0000
C300
C300
C300
C300
C300
C300
C300
C300
7E00
7E00
0000
0000
0000
0000
ENDCHAR
STARTCHAR omicrontonos
ENCODING 972
SWIDTH 375 0
DWIDTH 9 0
BBX 9 20 0 -4
BITMAP
0E00
0E00
3800
3800
0000
0000
7E00
7E00
C300
C300
C300
C300
C300
C300
7E00
7E00
0000
0000
0000
0000
ENDCHAR
STARTCHAR upsilontonos
ENCODING 973
SWIDTH 375 0
DWIDTH 9 0
BBX 9 20 0 -4
BITMAP
0E00
0E00
3800
3800
0000
0000
C300
C300
C300
C300
C300
C300
C300
C300
7E00
7E00
0000
0000
0000
0000
ENDCHAR
STARTCHAR omegatonos
ENCODING 974
SWIDTH 375 0
DWIDTH 9 0
BBX 9 20 0 -4
BITMAP
0E00
0E00
3800
3800
0000
0000
6600
6600
C300
C300
DB00
DB00
FF00
FF00
6600
6600
0000
0000
0000
0000
ENDCHAR
STARTCHAR uni03D0
ENCODING 976
SWIDTH 375 0
DWIDTH 9 0
BBX 9 20 0 -4
BITMAP
0000
0000
3C00
3C00
6600
6600
6600
6600
7C00
7C00
6600
6600
6600
6600
7C00
7C00
6000
6000
0000
0000
ENDCHAR
STARTCHAR uni03F4
ENCODING 1012
SWIDTH 375 0
DWIDTH 9 0
BBX 9 20 0 -4
BITMAP
0000
0000
7E00
7E00
C300
C300
C300
C300
FF00
FF00
C300
C300
C300
C300
7E00
7E00
0000
0000
0000
0000
ENDCHAR
STARTCHAR uni0400
ENCODING 1024
SWIDTH 375 0
DWIDTH 9 0
BBX 9 20 0 -4
BITMAP
3800
3800
0E00
0E00
0000
0000
FF00
FF00
C000
C000
FC00
FC00
C000
C000
FF00
FF00
0000
0000
0000
0000
ENDCHAR
STARTCHAR uni0401
ENCODING 1025
SWIDTH 375 0
DWIDTH 9 0
BBX 9 20 0 -4
BITMAP
0000
0000
6600
6600
0000
0000
FF00
FF00
C000
C000
FC00
FC00
C000
C000
FF00
FF00
0000
0000
0000
0000
ENDCHAR
STARTCHAR uni0402
ENCODING 1026
SWIDTH 375 0
DWIDTH 9 0
BBX 9 20 0 -4
BITMAP
0000
0000
F800
F800
6000
6000
7E00
7E00
7300
7300
6300
6300
6700
6700
6E00
6E00
0000
0000
0000
0000
ENDCHAR
STARTCHAR uni0403
ENCODING 1027
SWIDTH 375 0
DWIDTH 9 0
BBX 9 20 0 -4
BITMAP
0E00
0E00
3800
3800
FF00
FF00
C000
C000
C000
C000
C000
C000
C000
C000
C000
C000
0000
0000
0000
0000
ENDCHAR
STARTCHAR uni0404
ENCODING 1028
SWIDTH 375 0
DWIDTH 9 0
BBX 9 20 0 -4
BITMAP
0000
0000
3E00
3E00
6300
6300
C000
C000
FC00
FC00
C000
C000
6300
6300
3E00
3E00
0000
0000
0000
0000
ENDCHAR
STARTCHAR uni0405
ENCODING 1029
SWIDTH 375 0
DWIDTH 9 0
BBX 9 20 0 -4
BITMAP
0000
0000
7E00
7E00
C300
C300
C000
C000
7E00
7E00
0300
0300
C300
C300
7E00
7E00
0000
0000
0000
0000
ENDCHAR
STARTCHAR uni0406
ENCODING 1030
SWIDTH 375 0
DWIDTH 9 0
BBX 9 20 0 -4
BITMAP
0000
0000
7E00
7E00
1800
1800
1800
1800
1800
1800
1800
1800
1800
1800
7E00
7E00
0000
0000
0000
0000
ENDCHAR
STARTCHAR uni0407
ENCODING 1031
SWIDTH 375 0
DWIDTH 9 0
BBX 9 20 0 -4
BITMAP
0000
0000
6600
6600
0000
0000
7E00
7E00
1800
1800
1800
1800
1800
1800
7E00
7E00
0000
0000
0000
0000
ENDCHAR
STARTCHAR uni0408
ENCODING 1032
SWIDTH 375 0
DWIDTH 9 0
BBX 9 20 0 -4
BITMAP
0000
0000
0F00
0F00
0600
0600
0600
0600
0600
0600
0600
0600
C600
C600
7C00
7C00
0000
0000
0000
0000
ENDCHAR
STARTCHAR uni0409
ENCODING 1033
SWIDTH 375 0
DWIDTH 9 0
BBX 9 20 0 -4
BITMAP
0000
0000
3800
3800
7800
7800
D800
D800
DE00
DE00
DB00
DB00
DB00
DB00
DE00
DE00
0000
0000
0000
0000
ENDCHAR
STARTCHAR uni040A
ENCODING 1034
SWIDTH 375 0
DWIDTH 9 0
BBX 9 20 0 -4
BITMAP
0000
0000
D800
D800
D800
D800
D800
D800
FE00
FE00
DB00
DB00
DB00
DB00
DE00
DE00
0000
0000
0000
0000
ENDCHAR
STARTCHAR uni040B
ENCODING 1035
SWIDTH 375 0
DWIDTH 9 0
BBX 9 20 0 -4
BITMAP
0000
0000
F800
F800
6000
6000
7E00
7E00
7300
7300
6300
6300
6300
6300
6300
6300
0000
0000
0000
0000
ENDCHAR
STARTCHAR uni040C
ENCODING 1036
SWIDTH 375 0
DWIDTH 9 0
BBX 9 20 0 -4
BITMAP
0E00
0E00
3800
3800
C300
C300
CE00
CE00
F800
F800
F800
F800
CE00
CE00
C300
C300
0000
0000
0000
0000
ENDCHAR
STARTCHAR uni040D
ENCODING 1037
SWIDTH 375 0
DWIDTH 9 0
BBX 9 20 0 -4
BITMAP
7000
7000
1C00
1C00
C300
C300
C700
C700
CF00
CF00
DB00
DB00
F300
F300
E300
E300
0000
0000
0000
0000
ENDCHAR
STARTCHAR uni040E
ENCODING 1038
SWIDTH 375 0
DWIDTH 9 0
BBX 9 20 0 -4
BITMAP
6600
6600
3C00
3C00
0000
0000
C300
C300
C700
C700
7F00
7F00
0300
0300
7E00
7E00
0000
0000
0000
0000
ENDCHAR
STARTCHAR uni040F
ENCODING 1039
SWIDTH 375 0
DWIDTH 9 0
BBX 9 20 0 -4
BITMAP
0000
0000
C300
C300
C300
C300
C300
C300
C300
C300
C300
C300
C300
C300
FF00
FF00
1800
1800
0000
0000
ENDCHAR
STARTCHAR uni0410
ENCODING 1040
SWIDTH 375 0
DWIDTH 9 0
BBX 9 20 0 -4
BITMAP
0000
0000
1800
1800
3C00
3C00
6600
6600
C300
C300
FF00
FF00
C300
C300
C300
C300
0000
0000
0000
0000
ENDCHAR
STARTCHAR uni0411
ENCODING 1041
SWIDTH 375 0
DWIDTH 9 0
BBX 9 20 0 -4
BITMAP
0000
0000
FE00
FE00
C000
C000
C000
C000
FE00
FE00
C300
C300
C300
C300
FE00
FE00
0000
0000
0000
0000
ENDCHAR
STARTCHAR uni0412
ENCODING 1042
SWIDTH 375 0
DWIDTH 9 0
BBX 9 20 0 -4
BITMAP
0000
0000
FE00
FE00
6300
6300
6300
6300
7E00
7E00
6300
6300
6300
6300
FE00
FE00
0000
0000
0000
0000
ENDCHAR
STARTCHAR uni0413
ENCODING 1043
SWIDTH 375 0
DWIDTH 9 0
BBX 9 20 0 -4
BITMAP
0000
0000
FF00
FF00
C000
C000
C000
C000
C000
C000
C000
C000
C000
C000
C000
C000
0000
0000
0000
0000
ENDCHAR
STARTCHAR uni0414
ENCODING 1044
SWIDTH 375 0
DWIDTH 9 0
BBX 9 20 0 -4
BITMAP
0000
0000
1E00
1E00
3600
3600
6600
6600
6600
6600
6600
6600
6600
6600
FF00
FF00
C300
C300
0000
0000
ENDCHAR
STARTCHAR uni0415
ENCODING 1045
SWIDTH 375 0
DWIDTH 9 0
BBX 9 20 0 -4
BITMAP
0000
0000
FF00
FF00
C000
C000
C000
C000
FC00
FC00
C000
C000
C000
C000
FF00
FF00
0000
0000
0000
0000
ENDCHAR
STARTCHAR uni0416
ENCODING 1046
SWIDTH 375 0
DWIDTH 9 0
BBX 9 20 0 -4
BITMAP
0000
0000
DB00
DB00
DB00
DB00
7E00
7E00
3C00
3C00
7E00
7E00
DB00
DB00
DB00
DB00
0000
0000
0000
0000
ENDCHAR
STARTCHAR uni0417
ENCODING 1047
SWIDTH 375 0
DWIDTH 9 0
BBX 9 20 0 -4
BITMAP
0000
0000
FE00
FE00
C300
C300
0300
0300
1E00
1E00
0300
0300
C300
C300
7E00
7E00
0000
0000
0000
0000
ENDCHAR
STARTCHAR uni0418
ENCODING 1048
SWIDTH 375 0
DWIDTH 9 0
BBX 9 20 0 -4
BITMAP
0000
0000
C300
C300
C700
C700
CF00
CF00
DB00
DB00
F300
F300
E300
E300
C300
C300
0000
0000
0000
0000
ENDCHAR
STARTCHAR uni0419
ENCODING 1049
SWIDTH 375 0
DWIDTH 9 0
BBX 9 20 0 -4
BITMAP
6600
6600
3C00
3C00
C300
C300
C700
C700
CF00
CF00
DB00
DB00
F300
F300
E300
E300
0000
0000
0000
0000
ENDCHAR
STARTCHAR uni041A
ENCODING 1050
SWIDTH 375 0
DWIDTH 9 0
BBX 9 20 0 -4
BITMAP
0000
0000
C300
C300
CE00
CE00
F800
F800
E000
E000
F800
F800
CE00
CE00
C300
C300
0000
0000
0000
0000
ENDCHAR
STARTCHAR uni041B
ENCODING 1051
SWIDTH 375 0
DWIDTH 9 0
BBX 9 20 0 -4
BITMAP
0000
0000
1F00
1F00
3300
3300
3300
3300
3300
3300
3300
3300
6300
6300
C300
C300
0000
0000
0000
0000
ENDCHAR
STARTCHAR uni041C
ENCODING 1052
SWIDTH 375 0
DWIDTH 9 0
BBX 9 20 0 -4
BITMAP
0000
0000
C300
C300
E700
E700
FF00
FF00
DB00
DB00
C300
C300
C300
C300
C300
C300
0000
0000
0000
0000
ENDCHAR
STARTCHAR uni041D
ENCODING 1053
SWIDTH 375 0
DWIDTH 9 0
BBX 9 20 0 -4
BITMAP
0000
0000
C300
C300
C300
C300
C300
C300
FF00
FF00
C300
C300
C300
C300
C300
C300
0000
0000
0000
0000
ENDCHAR
STARTCHAR uni041E
ENCODING 1054
SWIDTH 375 0
DWIDTH 9 0
BBX 9 20 0 -4
BITMAP
0000
0000
7E00
7E00
C300
C300
C300
C300
C300
C300
C300
C300
C300
C300
7E00
7E00
0000
0000
0000
0000
ENDCHAR
STARTCHAR uni041F
ENCODING 1055
SWIDTH 375 0
DWIDTH 9 0
BBX 9 20 0 -4
BITMAP
0000
0000
FF00
FF00
C300
C300
C300
C300
C300
C300
C300
C300
C300
C300
C300
C300
0000
0000
0000
0000
ENDCHAR
STARTCHAR uni0420
ENCODING 1056
SWIDTH 375 0
DWIDTH 9 0
BBX 9 20 0 -4
BITMAP
0000
0000
FE00
FE00
C300
C300
C300
C300
FE00
FE00
C000
C000
C000
C000
C000
C000
0000
0000
0000
0000
ENDCHAR
STARTCHAR uni0421
ENCODING 1057
SWIDTH 375 0
DWIDTH 9 0
BBX 9 20 0 -4
BITMAP
0000
0000
3E00
3E00
6300
6300
C000
C000
C000
C000
C000
C000
6300
6300
3E00
3E00
0000
0000
0000
0000
ENDCHAR
STARTCHAR uni0422
ENCODING 1058
SWIDTH 375 0
DWIDTH 9 0
BBX 9 20 0 -4
BITMAP
0000
0000
FF00
FF00
1800
1800
1800
1800
1800
1800
1800
1800
1800
1800
1800
1800
0000
0000
0000
0000
ENDCHAR
STARTCHAR uni0423
ENCODING 1059
SWIDTH 375 0
DWIDTH 9 0
BBX 9 20 0 -4
BITMAP
0000
0000
C300
C300
C300
C300
C700
C700
7F00
7F00
0300
0300
C300
C300
7E00
7E00
0000
0000
0000
0000
ENDCHAR
STARTCHAR uni0424
ENCODING 1060
SWIDTH 375 0
DWIDTH 9 0
BBX 9 20 0 -4
BITMAP
0000
0000
1800
1800
7E00
7E00
DB00
DB00
DB00
DB00
DB00
DB00
7E00
7E00
1800
1800
0000
0000
0000
0000
ENDCHAR
STARTCHAR uni0425
ENCODING 1061
SWIDTH 375 0
DWIDTH 9 0
BBX 9 20 0 -4
BITMAP
0000
0000
C300
C300
6600
6600
3C00
3C00
1800
1800
3C00
3C00
6600
6600
C300
C300
0000
0000
0000
0000
ENDCHAR
STARTCHAR uni0426
ENCODING 1062
SWIDTH 375 0
DWIDTH 9 0
BBX 9 20 0 -4
BITMAP
0000
0000
C600
C600
C600
C600
C600
C600
C600
C600
C600
C600
C600
C600
FF00
FF00
0300
0300
0000
0000
ENDCHAR
STARTCHAR uni0427
ENCODING 1063
SWIDTH 375 0
DWIDTH 9 0
BBX 9 20 0 -4
BITMAP
0000
0000
C300
C300
C300
C300
C700
C700
7F00
7F00
0300
0300
0300
0300
0300
0300
0000
0000
0000
0000
ENDCHAR
STARTCHAR uni0428
ENCODING 1064
SWIDTH 375 0
DWIDTH 9 0
BBX 9 20 0 -4
BITMAP
0000
0000
DB00
DB00
DB00
DB00
DB00
DB00
DB00
DB00
DB00
DB00
DB00
DB00
FF00
FF00
0000
0000
0000
0000
ENDCHAR
STARTCHAR uni0429
ENCODING 1065
SWIDTH 375 0
DWIDTH 9 0
BBX 9 20 0 -4
BITMAP
0000
0000
DB00
DB00
DB00
DB00
DB00
DB00
DB00
DB00
DB00
DB00
DB00
DB00
FF00
FF00
0700
0700
0000
0000
ENDCHAR
STARTCHAR uni042A
ENCODING 1066
SWIDTH 375 0
DWIDTH 9 0
BBX 9 20 0 -4
BITMAP
0000
0000
F000
F000
3000
3000
3000
3000
3E00
3E00
3300
3300
3300
3300
3E00
3E00
0000
0000
0000
0000
ENDCHAR
STARTCHAR uni042B
ENCODING 1067
SWIDTH 375 0
DWIDTH 9 0
BBX 9 20 0 -4
BITMAP
0000
0000
C300
C300
C300
C300
C300
C300
FB00
FB00
CF00
CF00
CF00
CF00
FB00
FB00
0000
0000
0000
0000
ENDCHAR
STARTCHAR uni042C
ENCODING 1068
SWIDTH 375 0
DWIDTH 9 0
BBX 9 20 0 -4
BITMAP
0000
0000
C000
C000
C000
C000
FE00
FE00
E300
E300
C300
C300
C300
C300
FE00
FE00
0000
0000
0000
0000
ENDCHAR
STARTCHAR uni042D
ENCODING 1069
SWIDTH 375 0
DWIDTH 9 0
BBX 9 20 0 -4
BITMAP
0000
0000
7C00
7C00
C600
C600
0300
0300
3F00
3F00
0300
0300
C600
C600
7C00
7C00
0000
0000
0000
0000
ENDCHAR
STARTCHAR uni042E
ENCODING 1070
SWIDTH 375 0
DWIDTH 9 0
BBX 9 20 0 -4
BITMAP
0000
0000
CE00
CE00
DB00
DB00
DB00
DB00
FB00
FB00
DB00
DB00
DB00
DB00
CE00
CE00
0000
0000
0000
0000
ENDCHAR
STARTCHAR uni042F
ENCODING 1071
SWIDTH 375 0
DWIDTH 9 0
BBX 9 20 0 -4
BITMAP
0000
0000
7F00
7F00
C300
C300
C300
C300
7F00
7F00
3300
3300
6300
6300
C300
C300
0000
0000
0000
0000
ENDCHAR
STARTCHAR uni0430
ENCODING 1072
SWIDTH 375 0
DWIDTH 9 0
BBX 9 20 0 -4
BITMAP
0000
0000
0000
0000
0000
0000
7E00
7E00
0300
0300
7F00
7F00
C300
C300
7F00
7F00
0000
0000
0000
0000
ENDCHAR
STARTCHAR uni0431
ENCODING 1073
SWIDTH 375 0
DWIDTH 9 0
BBX 9 20 0 -4
BITMAP
0000
0000
7E00
7E00
C000
C000
FE00
FE00
E300
E300
C300
C300
C300
C300
7E00
7E00
0000
0000
0000
0000
ENDCHAR
STARTCHAR uni0432
ENCODING 1074
SWIDTH 375 0
DWIDTH 9 0
BBX 9 20 0 -4
BITMAP
0000
0000
0000
0000
0000
0000
7E00
7E00
6300
6300
7E00
7E00
6300
6300
7E00
7E00
0000
0000
0000
0000
ENDCHAR
STARTCHAR uni0433
ENCODING 1075
SWIDTH 375 0
DWIDTH 9 0
BBX 9 20 0 -4
BITMAP
0000
0000
0000
0000
0000
0000
FF00
FF00
C000
C000
C000
C000
C000
C000
C000
C000
0000
0000
0000
0000
ENDCHAR
STARTCHAR uni0434
ENCODING 1076
SWIDTH 375 0
DWIDTH 9 0
BBX 9 20 0 -4
BITMAP
0000
0000
0000
0000
0000
0000
3E00
3E00
6600
6600
6600
6600
6600
6600
FF00
FF00
C300
C300
0000
0000
ENDCHAR
STARTCHAR uni0435
ENCODING 1077
SWIDTH 375 0
DWIDTH 9 0
BBX 9 20 0 -4
BITMAP
0000
0000
0000
0000
0000
0000
7E00
7E00
C300
C300
FF00
FF00
C000
C000
7E00
7E00
0000
0000
0000
0000
ENDCHAR
STARTCHAR uni0436
ENCODING 1078
SWIDTH 375 0
DWIDTH 9 0
BBX 9 20 0 -4
BITMAP
0000
0000
0000
0000
0000
0000
DB00
DB00
DB00
DB00
7E00
7E00
DB00
DB00
DB00
DB00
0000
0000
0000
0000
ENDCHAR
STARTCHAR uni0437
ENCODING 1079
SWIDTH 375 0
DWIDTH 9 0
BBX 9 20 0 -4
BITMAP
0000
0000
0000
0000
0000
0000
7E00
7E00
C300
C300
1E00
1E00
0300
0300
FE00
FE00
0000
0000
0000
0000
ENDCHAR
STARTCHAR uni0438
ENCODING 1080
SWIDTH 375 0
DWIDTH 9 0
BBX 9 20 0 -4
BITMAP
0000
0000
0000
0000
0000
0000
C700
C700
CF00
CF00
DB00
DB00
F300
F300
E300
E300
0000
0000
0000
0000
ENDCHAR
STARTCHAR uni0439
ENCODING 1081
SWIDTH 375 0
DWIDTH 9 0
BBX 9 20 0 -4
BITMAP
6600
6600
3C00
3C00
0000
0000
C700
C700
CF00
CF00
DB00
DB00
F300
F300
E300
E300
0000
0000
0000
0000
ENDCHAR
STARTCHAR uni043A
ENCODING 1082
SWIDTH 375 0
DWIDTH 9 0
BBX 9 20 0 -4
BITMAP
0000
0000
0000
0000
0000
0000
C300
C300
CC00
CC00
F000
F000
CC00
CC00
C300
C300
0000
0000
0000
0000
ENDCHAR
STARTCHAR uni043B
ENCODING 1083
SWIDTH 375 0
DWIDTH 9 0
BBX 9 20 0 -4
BITMAP
0000
0000
0000
0000
0000
0000
1F00
1F00
3300
3300
3300
3300
6300
6300
C300
C300
0000
0000
0000
0000
ENDCHAR
STARTCHAR uni043C
ENCODING 1084
SWIDTH 375 0
DWIDTH 9 0
BBX 9 20 0 -4
BITMAP
0000
0000
0000
0000
0000
0000
C300
C300
E700
E700
FF00
FF00
DB00
DB00
C300
C300
0000
0000
0000
0000
ENDCHAR
STARTCHAR uni043D
ENCODING 1085
SWIDTH 375 0
DWIDTH 9 0
BBX 9 20 0 -4
BITMAP
0000
0000
0000
0000
0000
0000
C300
C300
C300
C300
FF00
FF00
C300
C300
C300
C300
0000
0000
0000
0000
ENDCHAR
STARTCHAR uni043E
ENCODING 1086
SWIDTH 375 0
DWIDTH 9 0
BBX 9 20 0 -4
BITMAP
0000
0000
0000
0000
0000
0000
7E00
7E00
C300
C300
C300
C300
C300
C300
7E00
7E00
0000
0000
0000
0000
ENDCHAR
STARTCHAR uni043F
ENCODING 1087
SWIDTH 375 0
DWIDTH 9 0
BBX 9 20 0 -4
BITMAP
0000
0000
0000
0000
0000
0000
FF00
FF00
6600
6600
6600
6600
6600
6600
6600
6600
0000
0000
0000
0000
ENDCHAR
STARTCHAR uni0440
ENCODING 1088
SWIDTH 375 0
DWIDTH 9 0
BBX 9 20 0 -4
BITMAP
0000
0000
0000
0000
0000
0000
FE00
FE00
E300
E300
E300
E300
FE00
FE00
C000
C000
C000
C000
C000
C000
ENDCHAR
STARTCHAR uni0441
ENCODING 1089
SWIDTH 375 0
DWIDTH 9 0
BBX 9 20 0 -4
BITMAP
0000
0000
0000
0000
0000
0000
3E00
3E00
6300
6300
C000
C000
6000
6000
3F00
3F00
0000
0000
0000
0000
ENDCHAR
STARTCHAR uni0442
ENCODING 1090
SWIDTH 375 0
DWIDTH 9 0
BBX 9 20 0 -4
BITMAP
0000
0000
0000
0000
0000
0000
FF00
FF00
1800
1800
1800
1800
1800
1800
1800
1800
0000
0000
0000
0000
ENDCHAR
STARTCHAR uni0443
ENCODING 1091
SWIDTH 375 0
DWIDTH 9 0
BBX 9 20 0 -4
BITMAP
0000
0000
0000
0000
0000
0000
C600
C600
C600
C600
CE00
CE00
7E00
7E00
0600
0600
C600
C600
7C00
7C00
ENDCHAR
STARTCHAR uni0444
ENCODING 1092
SWIDTH 375 0
DWIDTH 9 0
BBX 9 20 0 -4
BITMAP
0000
0000
1800
1800
1800
1800
7E00
7E00
DB00
DB00
DB00
DB00
DB00
DB00
7E00
7E00
1800
1800
1800
1800
ENDCHAR
STARTCHAR uni0445
ENCODING 1093
SWIDTH 375 0
DWIDTH 9 0
BBX 9 20 0 -4
BITMAP
0000
0000
0000
0000
0000
0000
C600
C600
6C00
6C00
3800
3800
6C00
6C00
C600
C600
0000
0000
0000
0000
ENDCHAR
STARTCHAR uni0446
ENCODING 1094
SWIDTH 375 0
DWIDTH 9 0
BBX 9 20 0 -4
BITMAP
0000
0000
0000
0000
0000
0000
C600
C600
C600
C600
C600
C600
C600
C600
FF00
FF00
0300
0300
0000
0000
ENDCHAR
STARTCHAR uni0447
ENCODING 1095
SWIDTH 375 0
DWIDTH 9 0
BBX 9 20 0 -4
BITMAP
0000
0000
0000
0000
0000
0000
C300
C300
C700
C700
7F00
7F00
0300
0300
0300
0300
0000
0000
0000
0000
ENDCHAR
STARTCHAR uni0448
ENCODING 1096
SWIDTH 375 0
DWIDTH 9 0
BBX 9 20 0 -4
BITMAP
0000
0000
0000
0000
0000
0000
DB00
DB00
DB00
DB00
DB00
DB00
DB00
DB00
FF00
FF00
0000
0000
0000
0000
ENDCHAR
STARTCHAR uni0449
ENCODING 1097
SWIDTH 375 0
DWIDTH 9 0
BBX 9 20 0 -4
BITMAP
0000
0000
0000
0000
0000
0000
DB00
DB00
DB00
DB00
DB00
DB00
DB00
DB00
FF00
FF00
0700
0700
0000
0000
ENDCHAR
STARTCHAR uni044A
ENCODING 1098
SWIDTH 375 0
DWIDTH 9 0
BBX 9 20 0 -4
BITMAP
0000
0000
0000
0000
0000
0000
F000
F000
3000
3000
3E00
3E00
3300
3300
3E00
3E00
0000
0000
0000
0000
ENDCHAR
STARTCHAR uni044B
ENCODING 1099
SWIDTH 375 0
DWIDTH 9 0
BBX 9 20 0 -4
BITMAP
0000
0000
0000
0000
0000
0000
C300
C300
C300
C300
FB00
FB00
CF00
CF00
FB00
FB00
0000
0000
0000
0000
ENDCHAR
STARTCHAR uni044C
ENCODING 1100
SWIDTH 375 0
DWIDTH 9 0
BBX 9 20 0 -4
BITMAP
0000
0000
0000
0000
0000
0000
6000
6000
6000
6000
7E00
7E00
6300
6300
7E00
7E00
0000
0000
0000
0000
ENDCHAR
STARTCHAR uni044D
ENCODING 1101
SWIDTH 375 0
DWIDTH 9 0
BBX 9 20 0 -4
BITMAP
0000
0000
0000
0000
0000
0000
7E00
7E00
0300
0300
1F00
1F00
0300
0300
7E00
7E00
0000
0000
0000
0000
ENDCHAR
STARTCHAR uni044E
ENCODING 1102
SWIDTH 375 0
DWIDTH 9 0
BBX 9 20 0 -4
BITMAP
0000
0000
0000
0000
0000
0000
CE00
CE00
DB00
DB00
FB00
FB00
DB00
DB00
CE00
CE00
0000
0000
0000
0000
ENDCHAR
STARTCHAR uni044F
ENCODING 1103
SWIDTH 375 0
DWIDTH 9 0
BBX 9 20 0 -4
BITMAP
0000
0000
0000
0000
0000
0000
7F00
7F00
C300
C300
7F00
7F00
3300
3300
C300
C300
0000
0000
0000
0000
ENDCHAR
STARTCHAR uni0450
ENCODING 1104
SWIDTH 375 0
DWIDTH 9 0
BBX 9 20 0 -4
BITMAP
3800
3800
0E00
0E00
0000
0000
7E00
7E00
C300
C300
FF00
FF00
C000
C000
7E00
7E00
0000
0000
0000
0000
ENDCHAR
STARTCHAR uni0451
ENCODING 1105
SWIDTH 375 0
DWIDTH 9 0
BBX 9 20 0 -4
BITMAP
0000
0000
6600
6600
0000
0000
7E00
7E00
C300
C300
FF00
FF00
C000
C000
7E00
7E00
0000
0000
0000
0000
ENDCHAR
STARTCHAR uni0452
ENCODING 1106
SWIDTH 375 0
DWIDTH 9 0
BBX 9 20 0 -4
BITMAP
0000
0000
6000
6000
F800
F800
6000
6000
7E00
7E00
7300
7300
6300
6300
6300
6300
0700
0700
0E00
0E00
ENDCHAR
STARTCHAR uni0453
ENCODING 1107
SWIDTH 375 0
DWIDTH 9 0
BBX 9 20 0 -4
BITMAP
0E00
0E00
3800
3800
0000
0000
FF00
FF00
C000
C000
C000
C000
C000
C000
C000
C000
0000
0000
0000
0000
ENDCHAR
STARTCHAR uni0454
ENCODING 1108
SWIDTH 375 0
DWIDTH 9 0
BBX 9 20 0 -4
BITMAP
0000
0000
0000
0000
0000
0000
3F00
3F00
6000
6000
7C00
7C00
6000
6000
3F00
3F00
0000
0000
0000
0000
ENDCHAR
STARTCHAR uni0455
ENCODING 1109
SWIDTH 375 0
DWIDTH 9 0
BBX 9 20 0 -4
BITMAP
0000
0000
0000
0000
0000
0000
7E00
7E00
C000
C000
7E00
7E00
0300
0300
FE00
FE00
0000
0000
0000
0000
ENDCHAR
STARTCHAR uni0456
ENCODING 1110
SWIDTH 375 0
DWIDTH 9 0
BBX 9 20 0 -4
BITMAP
0000
0000
1800
1800
0000
0000
3800
3800
1800
1800
1800
1800
1800
1800
7E00
7E00
0000
0000
0000
0000
ENDCHAR
STARTCHAR uni0457
ENCODING 1111
SWIDTH 375 0
DWIDTH 9 0
BBX 9 20 0 -4
BITMAP
0000
0000
6600
6600
0000
0000
3800
3800
1800
1800
1800
1800
1800
1800
7E00
7E00
0000
0000
0000
0000
ENDCHAR
STARTCHAR uni0458
ENCODING 1112
SWIDTH 375 0
DWIDTH 9 0
BBX 9 20 0 -4
BITMAP
0000
0000
0600
0600
0000
0000
0600
0600
0600
0600
0600
0600
0600
0600
C600
C600
C600
C600
7C00
7C00
ENDCHAR
STARTCHAR uni0459
ENCODING 1113
SWIDTH 375 0
DWIDTH 9 0
BBX 9 20 0 -4
BITMAP
0000
0000
0000
0000
0000
0000
7800
7800
D800
D800
DE00
DE00
DB00
DB00
DE00
DE00
0000
0000
0000
0000
ENDCHAR
STARTCHAR uni045A
ENCODING 1114
SWIDTH 375 0
DWIDTH 9 0
BBX 9 20 0 -4
BITMAP
0000
0000
0000
0000
0000
0000
D800
D800
D800
D800
FE00
FE00
DB00
DB00
DE00
DE00
0000
0000
0000
0000
ENDCHAR
STARTCHAR uni045B
ENCODING 1115
SWIDTH 375 0
DWIDTH 9 0
BBX 9 20 0 -4
BITMAP
0000
0000
6000
6000
F800
F800
6000
6000
7E00
7E00
7300
7300
6300
6300
6300
6300
0000
0000
0000
0000
ENDCHAR
STARTCHAR uni045C
ENCODING 1116
SWIDTH 375 0
DWIDTH 9 0
BBX 9 20 0 -4
BITMAP
0E00
0E00
3800
3800
0000
0000
C300
C300
CC00
CC00
F000
F000
CC00
CC00
C300
C300
0000
0000
0000
0000
ENDCHAR
STARTCHAR uni045D
ENCODING 1117
SWIDTH 375 0
DWIDTH 9 0
BBX 9 20 0 -4
BITMAP
7000
7000
1C00
1C00
0000
0000
C700
C700
CF00
CF00
DB00
DB00
F300
F300
E300
E300
0000
0000
0000
0000
ENDCHAR
STARTCHAR uni045E
ENCODING 1118
SWIDTH 375 0
DWIDTH 9 0
BBX 9 20 0 -4
BITMAP
6600
6600
3C00
3C00
0000
0000
C600
C600
C600
C600
CE00
CE00
7E00
7E00
0600
0600
C600
C600
7C00
7C00
ENDCHAR
STARTCHAR uni045F
ENCODING 1119
SWIDTH 375 0
DWIDTH 9 0
BBX 9 20 0 -4
BITMAP
0000
0000
0000
0000
0000
0000
C300
C300
C300
C300
C300
C300
C300
C300
FF00
FF00
1800
1800
0000
0000
ENDCHAR
STARTCHAR uni0490
ENCODING 1168
SWIDTH 375 0
DWIDTH 9 0
BBX 9 20 0 -4
BITMAP
0700
0700
FF00
FF00
C000
C000
C000
C000
C000
C000
C000
C000
C000
C000
C000
C000
0000
0000
0000
0000
ENDCHAR
STARTCHAR uni0491
ENCODING 1169
SWIDTH 375 0
DWIDTH 9 0
BBX 9 20 0 -4
BITMAP
0000
0000
0000
0000
0300
0300
FF00
FF00
C000
C000
C000
C000
C000
C000
C000
C000
0000
0000
0000
0000
ENDCHAR
STARTCHAR uni05BE
ENCODING 1470
SWIDTH 375 0
DWIDTH 9 0
BBX 9 20 0 -4
BITMAP
0000
0000
FF00
FF00
0000
0000
0000
0000
0000
0000
0000
0000
0000
0000
0000
0000
0000
0000
0000
0000
ENDCHAR
STARTCHAR uni05D0
ENCODING 1488
SWIDTH 375 0
DWIDTH 9 0
BBX 9 20 0 -4
BITMAP
0000
0000
C300
C300
6300
6300
7300
7300
DE00
DE00
CC00
CC00
C600
C600
C300
C300
0000
0000
0000
0000
ENDCHAR
STARTCHAR uni05D1
ENCODING 1489
SWIDTH 375 0
DWIDTH 9 0
BBX 9 20 0 -4
BITMAP
0000
0000
FC00
FC00
0600
0600
0600
0600
0600
0600
0600
0600
0600
0600
FF00
FF00
0000
0000
0000
0000
ENDCHAR
STARTCHAR uni05D2
ENCODING 1490
SWIDTH 375 0
DWIDTH 9 0
BBX 9 20 0 -4
BITMAP
0000
0000
3800
3800
0C00
0C00
0C00
0C00
0600
0600
0E00
0E00
3B00
3B00
E300
E300
0000
0000
0000
0000
ENDCHAR
STARTCHAR uni05D3
ENCODING 1491
SWIDTH 375 0
DWIDTH 9 0
BBX 9 20 0 -4
BITMAP
0000
0000
FF00
FF00
0600
0600
0600
0600
0600
0600
0600
0600
0600
0600
0600
0600
0000
0000
0000
0000
ENDCHAR
STARTCHAR uni05D4
ENCODING 1492
SWIDTH 375 0
DWIDTH 9 0
BBX 9 20 0 -4
BITMAP
0000
0000
FE00
FE00
0300
0300
0300
0300
0300
0300
C300
C300
C300
C300
C300
C300
0000
0000
0000
0000
ENDCHAR
STARTCHAR uni05D5
ENCODING 1493
SWIDTH 375 0
DWIDTH 9 0
BBX 9 20 0 -4
BITMAP
0000
0000
3800
3800
0C00
0C00
0C00
0C00
0C00
0C00
0C00
0C00
0C00
0C00
0C00
0C00
0000
0000
0000
0000
ENDCHAR
STARTCHAR uni05D6
ENCODING 1494
SWIDTH 375 0
DWIDTH 9 0
BBX 9 20 0 -4
BITMAP
0000
0000
7E00
7E00
1800
1800
1800
1800
0C00
0C00
0C00
0C00
0C00
0C00
1800
1800
0000
0000
0000
0000
ENDCHAR
STARTCHAR uni05D7
ENCODING 1495
SWIDTH 375 0
DWIDTH 9 0
BBX 9 20 0 -4
BITMAP
0000
0000
FE00
FE00
C300
C300
C300
C300
C300
C300
C300
C300
C300
C300
C300
C300
0000
0000
0000
0000
ENDCHAR
STARTCHAR uni05D8
ENCODING 1496
SWIDTH 375 0
DWIDTH 9 0
BBX 9 20 0 -4
BITMAP
0000
0000
CF00
CF00
DB00
DB00
DB00
DB00
C300
C300
C300
C300
C700
C700
7E00
7E00
0000
0000
0000
0000
ENDCHAR
STARTCHAR uni05D9
ENCODING 1497
SWIDTH 375 0
DWIDTH 9 0
BBX 9 20 0 -4
BITMAP
0000
0000
3C00
3C00
0E00
0E00
0C00
0C00
1800
1800
0000
0000
0000
0000
0000
0000
0000
0000
0000
0000
ENDCHAR
STARTCHAR uni05DA
ENCODING 1498
SWIDTH 375 0
DWIDTH 9 0
BBX 9 20 0 -4
BITMAP
0000
0000
FC00
FC00
0600
0600
0600
0600
0600
0600
0600
0600
0600
0600
0600
0600
0600
0600
0700
0700
ENDCHAR
STARTCHAR uni05DB
ENCODING 1499
SWIDTH 375 0
DWIDTH 9 0
BBX 9 20 0 -4
BITMAP
0000
0000
FE00
FE00
0300
0300
0300
0300
0300
0300
0300
0300
0300
0300
FE00
FE00
0000
0000
0000
0000
ENDCHAR
STARTCHAR uni05DC
ENCODING 1500
SWIDTH 375 0
DWIDTH 9 0
BBX 9 20 0 -4
BITMAP
C000
C000
C000
C000
FF00
FF00
0300
0300
0300
0300
0300
0300
0600
0600
1C00
1C00
0000
0000
0000
0000
ENDCHAR
STARTCHAR uni05DD
ENCODING 1501
SWIDTH 375 0
DWIDTH 9 0
BBX 9 20 0 -4
BITMAP
0000
0000
FE00
FE00
C300
C300
C300
C300
C300
C300
C300
C300
C300
C300
FF00
FF00
0000
0000
0000
0000
ENDCHAR
STARTCHAR uni05DE
ENCODING 1502
SWIDTH 375 0
DWIDTH 9 0
BBX 9 20 0 -4
BITMAP
0000
0000
CE00
CE00
F300
F300
6300
6300
C300
C300
C300
C300
C300
C300
CF00
CF00
0000
0000
0000
0000
ENDCHAR
STARTCHAR uni05DF
ENCODING 1503
SWIDTH 375 0
DWIDTH 9 0
BBX 9 20 0 -4
BITMAP
0000
0000
3800
3800
0C00
0C00
0C00
0C00
0C00
0C00
0C00
0C00
0C00
0C00
0C00
0C00
0C00
0C00
0E00
0E00
ENDCHAR
STARTCHAR uni05E0
ENCODING 1504
SWIDTH 375 0
DWIDTH 9 0
BBX 9 20 0 -4
BITMAP
0000
0000
1C00
1C00
0600
0600
0600
0600
0600
0600
0600
0600
0600
0600
7E00
7E00
0000
0000
0000
0000
ENDCHAR
STARTCHAR uni05E1
ENCODING 1505
SWIDTH 375 0
DWIDTH 9 0
BBX 9 20 0 -4
BITMAP
0000
0000
FE00
FE00
C300
C300
C300
C300
C300
C300
C300
C300
6600
6600
3C00
3C00
0000
0000
0000
0000
ENDCHAR
STARTCHAR uni05E2
ENCODING 1506
SWIDTH 375 0
DWIDTH 9 0
BBX 9 20 0 -4
BITMAP
0000
0000
3300
3300
3300
3300
3300
3300
3300
3300
3300
3300
3300
3300
FE00
FE00
0000
0000
0000
0000
ENDCHAR
STARTCHAR uni05E3
ENCODING 1507
SWIDTH 375 0
DWIDTH 9 0
BBX 9 20 0 -4
BITMAP
0000
0000
FC00
FC00
C600
C600
C600
C600
6600
6600
0600
0600
0600
0600
0600
0600
0600
0600
0700
0700
ENDCHAR
STARTCHAR uni05E4
ENCODING 1508
SWIDTH 375 0
DWIDTH 9 0
BBX 9 20 0 -4
BITMAP
0000
0000
FE00
FE00
C300
C300
C300
C300
7300
7300
0300
0300
0300
0300
FF00
FF00
0000
0000
0000
0000
ENDCHAR
STARTCHAR uni05E5
ENCODING 1509
SWIDTH 375 0
DWIDTH 9 0
BBX 9 20 0 -4
BITMAP
0000
0000
C300
C300
6300
6300
3300
3300
1E00
1E00
1800
1800
1800
1800
1800
1800
1800
1800
1C00
1C00
ENDCHAR
STARTCHAR uni05E6
ENCODING 1510
SWIDTH 375 0
DWIDTH 9 0
BBX 9 20 0 -4
BITMAP
0000
0000
C300
C300
6300
6300
3300
3300
1E00
1E00
0C00
0C00
0600
0600
FF00
FF00
0000
0000
0000
0000
ENDCHAR
STARTCHAR uni05E7
ENCODING 1511
SWIDTH 375 0
DWIDTH 9 0
BBX 9 20 0 -4
BITMAP
0000
0000
FE00
FE00
0300
0300
0300
0300
C300
C300
C300
C300
C600
C600
D800
D800
C000
C000
C000
C000
ENDCHAR
STARTCHAR uni05E8
ENCODING 1512
SWIDTH 375 0
DWIDTH 9 0
BBX 9 20 0 -4
BITMAP
0000
0000
FE00
FE00
0300
0300
0300
0300
0300
0300
0300
0300
0300
0300
0300
0300
0000
0000
0000
0000
ENDCHAR
STARTCHAR uni05E9
ENCODING 1513
SWIDTH 375 0
DWIDTH 9 0
BBX 9 20 0 -4
BITMAP
0000
0000
DB00
DB00
DB00
DB00
DB00
DB00
DB00
DB00
F300
F300
E600
E600
7C00
7C00
0000
0000
0000
0000
ENDCHAR
STARTCHAR uni05EA
ENCODING 1514
SWIDTH 375 0
DWIDTH 9 0
BBX 9 20 0 -4
BITMAP
0000
0000
FE00
FE00
6300
6300
6300
6300
6300
6300
6300
6300
E300
E300
E300
E300
0000
0000
0000
0000
ENDCHAR
STARTCHAR uni05F0
ENCODING 1520
SWIDTH 375 0
DWIDTH 9 0
BBX 9 20 0 -4
BITMAP
0000
0000
CC00
CC00
6600
6600
6600
6600
6600
6600
6600
6600
6600
6600
6600
6600
0000
0000
0000
0000
ENDCHAR
STARTCHAR uni05F1
ENCODING 1521
SWIDTH 375 0
DWIDTH 9 0
BBX 9 20 0 -4
BITMAP
0000
0000
E600
E600
3300
3300
3300
3300
6300
6300
0300
0300
0300
0300
0300
0300
0000
0000
0000
0000
ENDCHAR
STARTCHAR uni05F2
ENCODING 1522
SWIDTH 375 0
DWIDTH 9 0
BBX 9 20 0 -4
BITMAP
0000
0000
EE00
EE00
3300
3300
3300
3300
6600
6600
0000
0000
0000
0000
0000
0000
0000
0000
0000
0000
ENDCHAR
STARTCHAR uni05F3
ENCODING 1523
SWIDTH 375 0
DWIDTH 9 0
BBX 9 20 0 -4
BITMAP
0E00
0E00
3800
3800
0000
0000
0000
0000
0000
0000
0000
0000
0000
0000
0000
0000
0000
0000
0000
0000
ENDCHAR
STARTCHAR uni05F4
ENCODING 1524
SWIDTH 375 0
DWIDTH 9 0
BBX 9 20 0 -4
BITMAP
3300
3300
6600
6600
0000
0000
0000
0000
0000
0000
0000
0000
0000
0000
0000
0000
0000
0000
0000
0000
ENDCHAR
STARTCHAR uni1D1B
ENCODING 7451
SWIDTH 375 0
DWIDTH 9 0
BBX 9 20 0 -4
BITMAP
0000
0000
0000
0000
0000
0000
FF00
FF00
1800
1800
1800
1800
1800
1800
0C00
0C00
0000
0000
0000
0000
ENDCHAR
STARTCHAR uni1D26
ENCODING 7462
SWIDTH 375 0
DWIDTH 9 0
BBX 9 20 0 -4
BITMAP
0000
0000
FF00
FF00
C000
C000
C000
C000
C000
C000
C000
C000
C000
C000
C000
C000
0000
0000
0000
0000
ENDCHAR
STARTCHAR uni1D28
ENCODING 7464
SWIDTH 375 0
DWIDTH 9 0
BBX 9 20 0 -4
BITMAP
0000
0000
0000
0000
0000
0000
FF00
FF00
3600
3600
3600
3600
3600
3600
6600
6600
0000
0000
0000
0000
ENDCHAR
STARTCHAR Wgrave
ENCODING 7808
SWIDTH 375 0
DWIDTH 9 0
BBX 9 20 0 -4
BITMAP
7000
7000
1C00
1C00
0000
0000
C300
C300
DB00
DB00
DB00
DB00
FF00
FF00
E700
E700
0000
0000
0000
0000
ENDCHAR
STARTCHAR wgrave
ENCODING 7809
SWIDTH 375 0
DWIDTH 9 0
BBX 9 20 0 -4
BITMAP
7000
7000
1C00
1C00
0000
0000
C300
C300
C300
C300
DB00
DB00
FF00
FF00
6600
6600
0000
0000
0000
0000
ENDCHAR
STARTCHAR Wacute
ENCODING 7810
SWIDTH 375 0
DWIDTH 9 0
BBX 9 20 0 -4
BITMAP
0E00
0E00
3800
3800
0000
0000
C300
C300
DB00
DB00
DB00
DB00
FF00
FF00
E700
E700
0000
0000
0000
0000
ENDCHAR
STARTCHAR wacute
ENCODING 7811
SWIDTH 375 0
DWIDTH 9 0
BBX 9 20 0 -4
BITMAP
0E00
0E00
3800
3800
0000
0000
C300
C300
C300
C300
DB00
DB00
FF00
FF00
6600
6600
0000
0000
0000
0000
ENDCHAR
STARTCHAR Wdieresis
ENCODING 7812
SWIDTH 375 0
DWIDTH 9 0
BBX 9 20 0 -4
BITMAP
6600
6600
0000
0000
C300
C300
C300
C300
DB00
DB00
DB00
DB00
FF00
FF00
6600
6600
0000
0000
0000
0000
ENDCHAR
STARTCHAR wdieresis
ENCODING 7813
SWIDTH 375 0
DWIDTH 9 0
BBX 9 20 0 -4
BITMAP
0000
0000
6600
6600
0000
0000
C300
C300
C300
C300
DB00
DB00
FF00
FF00
6600
6600
0000
0000
0000
0000
ENDCHAR
STARTCHAR uni1E9F
ENCODING 7839
SWIDTH 375 0
DWIDTH 9 0
BBX 9 20 0 -4
BITMAP
0000
0000
1F00
1F00
3000
3000
0C00
0C00
7E00
7E00
C300
C300
C300
C300
7E00
7E00
0000
0000
0000
0000
ENDCHAR
STARTCHAR Ygrave
ENCODING 7922
SWIDTH 375 0
DWIDTH 9 0
BBX 9 20 0 -4
BITMAP
7000
7000
1C00
1C00
0000
0000
C300
C300
6600
6600
3C00
3C00
1800
1800
1800
1800
0000
0000
0000
0000
ENDCHAR
STARTCHAR ygrave
ENCODING 7923
SWIDTH 375 0
DWIDTH 9 0
BBX 9 20 0 -4
BITMAP
7000
7000
1C00
1C00
0000
0000
C600
C600
C600
C600
CE00
CE00
7E00
7E00
0600
0600
C600
C600
7C00
7C00
ENDCHAR
STARTCHAR uni2010
ENCODING 8208
SWIDTH 375 0
DWIDTH 9 0
BBX 9 20 0 -4
BITMAP
0000
0000
0000
0000
0000
0000
0000
0000
7F00
7F00
0000
0000
0000
0000
0000
0000
0000
0000
0000
0000
ENDCHAR
STARTCHAR figuredash
ENCODING 8210
SWIDTH 375 0
DWIDTH 9 0
BBX 9 20 0 -4
BITMAP
0000
0000
0000
0000
0000
0000
0000
0000
FF00
FF00
0000
0000
0000
0000
0000
0000
0000
0000
0000
0000
ENDCHAR
STARTCHAR endash
ENCODING 8211
SWIDTH 375 0
DWIDTH 9 0
BBX 9 20 0 -4
BITMAP
0000
0000
0000
0000
0000
0000
0000
0000
FF00
FF00
0000
0000
0000
0000
0000
0000
0000
0000
0000
0000
ENDCHAR
STARTCHAR emdash
ENCODING 8212
SWIDTH 375 0
DWIDTH 9 0
BBX 9 20 0 -4
BITMAP
0000
0000
0000
0000
0000
0000
0000
0000
FF00
FF00
0000
0000
0000
0000
0000
0000
0000
0000
0000
0000
ENDCHAR
STARTCHAR uni2015
ENCODING 8213
SWIDTH 375 0
DWIDTH 9 0
BBX 9 20 0 -4
BITMAP
0000
0000
0000
0000
0000
0000
0000
0000
FF80
FF80
0000
0000
0000
0000
0000
0000
0000
0000
0000
0000
ENDCHAR
STARTCHAR underscoredbl
ENCODING 8215
SWIDTH 375 0
DWIDTH 9 0
BBX 9 20 0 -4
BITMAP
0000
0000
0000
0000
0000
0000
0000
0000
0000
0000
0000
0000
0000
0000
FF80
FF80
0000
0000
FF80
FF80
ENDCHAR
STARTCHAR quoteleft
ENCODING 8216
SWIDTH 375 0
DWIDTH 9 0
BBX 9 20 0 -4
BITMAP
0000
0000
0C00
0C00
1800
1800
3800
3800
0000
0000
0000
0000
0000
0000
0000
0000
0000
0000
0000
0000
ENDCHAR
STARTCHAR quoteright
ENCODING 8217
SWIDTH 375 0
DWIDTH 9 0
BBX 9 20 0 -4
BITMAP
0000
0000
1C00
1C00
1800
1800
3000
3000
0000
0000
0000
0000
0000
0000
0000
0000
0000
0000
0000
0000
ENDCHAR
STARTCHAR quotesinglbase
ENCODING 8218
SWIDTH 375 0
DWIDTH 9 0
BBX 9 20 0 -4
BITMAP
0000
0000
0000
0000
0000
0000
0000
0000
0000
0000
0000
0000
1C00
1C00
1800
1800
3000
3000
0000
0000
ENDCHAR
STARTCHAR quotereversed
ENCODING 8219
SWIDTH 375 0
DWIDTH 9 0
BBX 9 20 0 -4
BITMAP
0000
0000
3800
3800
1800
1800
0C00
0C00
0000
0000
0000
0000
0000
0000
0000
0000
0000
0000
0000
0000
ENDCHAR
STARTCHAR quotedblleft
ENCODING 8220
SWIDTH 375 0
DWIDTH 9 0
BBX 9 20 0 -4
BITMAP
0000
0000
3300
3300
6600
6600
EE00
EE00
0000
0000
0000
0000
0000
0000
0000
0000
0000
0000
0000
0000
ENDCHAR
STARTCHAR quotedblright
ENCODING 8221
SWIDTH 375 0
DWIDTH 9 0
BBX 9 20 0 -4
BITMAP
0000
0000
7700
7700
6600
6600
CC00
CC00
0000
0000
0000
0000
0000
0000
0000
0000
0000
0000
0000
0000
ENDCHAR
STARTCHAR quotedblbase
ENCODING 8222
SWIDTH 375 0
DWIDTH 9 0
BBX 9 20 0 -4
BITMAP
0000
0000
0000
0000
0000
0000
0000
0000
0000
0000
0000
0000
7700
7700
6600
6600
CC00
CC00
0000
0000
ENDCHAR
STARTCHAR uni201F
ENCODING 8223
SWIDTH 375 0
DWIDTH 9 0
BBX 9 20 0 -4
BITMAP
0000
0000
EE00
EE00
6600
6600
3300
3300
0000
0000
0000
0000
0000
0000
0000
0000
0000
0000
0000
0000
ENDCHAR
STARTCHAR dagger
ENCODING 8224
SWIDTH 375 0
DWIDTH 9 0
BBX 9 20 0 -4
BITMAP
1800
1800
3C00
3C00
3C00
3C00
1800
1800
FF00
FF00
1800
1800
1800
1800
1800
1800
1800
1800
0000
0000
ENDCHAR
STARTCHAR daggerdbl
ENCODING 8225
SWIDTH 375 0
DWIDTH 9 0
BBX 9 20 0 -4
BITMAP
1800
1800
3C00
3C00
3C00
3C00
FF00
FF00
1800
1800
FF00
FF00
1800
1800
1800
1800
1800
1800
0000
0000
ENDCHAR
STARTCHAR bullet
ENCODING 8226
SWIDTH 375 0
DWIDTH 9 0
BBX 9 20 0 -4
BITMAP
0000
0000
0000
0000
0000
0000
1C00
1C00
3E00
3E00
3E00
3E00
1C00
1C00
0000
0000
0000
0000
0000
0000
ENDCHAR
STARTCHAR ellipsis
ENCODING 8230
SWIDTH 375 0
DWIDTH 9 0
BBX 9 20 0 -4
BITMAP
0000
0000
0000
0000
0000
0000
0000
0000
0000
0000
0000
0000
DB00
DB00
DB00
DB00
0000
0000
0000
0000
ENDCHAR
STARTCHAR uni2027
ENCODING 8231
SWIDTH 375 0
DWIDTH 9 0
BBX 9 20 0 -4
BITMAP
0000
0000
0000
0000
0000
0000
0000
0000
3800
3800
3800
3800
0000
0000
0000
0000
0000
0000
0000
0000
ENDCHAR
STARTCHAR perthousand
ENCODING 8240
SWIDTH 375 0
DWIDTH 9 0
BBX 9 20 0 -4
BITMAP
0000
0000
E300
E300
E600
E600
0C00
0C00
1800
1800
3000
3000
7B00
7B00
DB00
DB00
0000
0000
0000
0000
ENDCHAR
STARTCHAR minute
ENCODING 8242
SWIDTH 375 0
DWIDTH 9 0
BBX 9 20 0 -4
BITMAP
0000
0000
1C00
1C00
1800
1800
3000
3000
0000
0000
0000
0000
0000
0000
0000
0000
0000
0000
0000
0000
ENDCHAR
STARTCHAR second
ENCODING 8243
SWIDTH 375 0
DWIDTH 9 0
BBX 9 20 0 -4
BITMAP
0000
0000
7700
7700
6600
6600
CC00
CC00
0000
0000
0000
0000
0000
0000
0000
0000
0000
0000
0000
0000
ENDCHAR
STARTCHAR uni2035
ENCODING 8245
SWIDTH 375 0
DWIDTH 9 0
BBX 9 20 0 -4
BITMAP
0000
0000
3800
3800
1800
1800
0C00
0C00
0000
0000
0000
0000
0000
0000
0000
0000
0000
0000
0000
0000
ENDCHAR
STARTCHAR guilsinglleft
ENCODING 8249
SWIDTH 375 0
DWIDTH 9 0
BBX 9 20 0 -4
BITMAP
0000
0000
0C00
0C00
1800
1800
3000
3000
6000
6000
3000
3000
1800
1800
0C00
0C00
0000
0000
0000
0000
ENDCHAR
STARTCHAR guilsinglright
ENCODING 8250
SWIDTH 375 0
DWIDTH 9 0
BBX 9 20 0 -4
BITMAP
0000
0000
6000
6000
3000
3000
1800
1800
0C00
0C00
1800
1800
3000
3000
6000
6000
0000
0000
0000
0000
ENDCHAR
STARTCHAR exclamdbl
ENCODING 8252
SWIDTH 375 0
DWIDTH 9 0
BBX 9 20 0 -4
BITMAP
0000
0000
6600
6600
6600
6600
6600
6600
6600
6600
6600
6600
0000
0000
6600
6600
0000
0000
0000
0000
ENDCHAR
STARTCHAR uni203E
ENCODING 8254
SWIDTH 375 0
DWIDTH 9 0
BBX 9 20 0 -4
BITMAP
FF80
FF80
0000
0000
0000
0000
0000
0000
0000
0000
0000
0000
0000
0000
0000
0000
0000
0000
0000
0000
ENDCHAR
STARTCHAR uni203F
ENCODING 8255
SWIDTH 375 0
DWIDTH 9 0
BBX 9 20 0 -4
BITMAP
0000
0000
0000
0000
0000
0000
0000
0000
0000
0000
0000
0000
0000
0000
C300
C300
7E00
7E00
0000
0000
ENDCHAR
STARTCHAR uni2040
ENCODING 8256
SWIDTH 375 0
DWIDTH 9 0
BBX 9 20 0 -4
BITMAP
7E00
7E00
C300
C300
0000
0000
0000
0000
0000
0000
0000
0000
0000
0000
0000
0000
0000
0000
0000
0000
ENDCHAR
STARTCHAR fraction
ENCODING 8260
SWIDTH 375 0
DWIDTH 9 0
BBX 9 20 0 -4
BITMAP
0000
0000
0300
0300
0600
0600
0C00
0C00
1800
1800
3000
3000
6000
6000
C000
C000
0000
0000
0000
0000
ENDCHAR
STARTCHAR uni2054
ENCODING 8276
SWIDTH 375 0
DWIDTH 9 0
BBX 9 20 0 -4
BITMAP
0000
0000
0000
0000
0000
0000
0000
0000
0000
0000
0000
0000
0000
0000
7E00
7E00
C300
C300
0000
0000
ENDCHAR
STARTCHAR uni2074
ENCODING 8308
SWIDTH 375 0
DWIDTH 9 0
BBX 9 20 0 -4
BITMAP
0000
0000
1C00
1C00
3C00
3C00
6C00
6C00
7E00
7E00
0C00
0C00
0000
0000
0000
0000
0000
0000
0000
0000
ENDCHAR
STARTCHAR uni2075
ENCODING 8309
SWIDTH 375 0
DWIDTH 9 0
BBX 9 20 0 -4
BITMAP
0000
0000
7C00
7C00
6000
6000
7C00
7C00
0C00
0C00
7800
7800
0000
0000
0000
0000
0000
0000
0000
0000
ENDCHAR
STARTCHAR uni2076
ENCODING 8310
SWIDTH 375 0
DWIDTH 9 0
BBX 9 20 0 -4
BITMAP
0000
0000
1C00
1C00
3000
3000
7C00
7C00
6C00
6C00
3800
3800
0000
0000
0000
0000
0000
0000
0000
0000
ENDCHAR
STARTCHAR uni2077
ENCODING 8311
SWIDTH 375 0
DWIDTH 9 0
BBX 9 20 0 -4
BITMAP
0000
0000
7C00
7C00
0C00
0C00
1800
1800
3000
3000
3000
3000
0000
0000
0000
0000
0000
0000
0000
0000
ENDCHAR
STARTCHAR uni2078
ENCODING 8312
SWIDTH 375 0
DWIDTH 9 0
BBX 9 20 0 -4
BITMAP
0000
0000
3800
3800
6C00
6C00
3800
3800
6C00
6C00
3800
3800
0000
0000
0000
0000
0000
0000
0000
0000
ENDCHAR
STARTCHAR uni2079
ENCODING 8313
SWIDTH 375 0
DWIDTH 9 0
BBX 9 20 0 -4
BITMAP
0000
0000
3800
3800
6C00
6C00
7C00
7C00
0C00
0C00
3800
3800
0000
0000
0000
0000
0000
0000
0000
0000
ENDCHAR
STARTCHAR uni207A
ENCODING 8314
SWIDTH 375 0
DWIDTH 9 0
BBX 9 20 0 -4
BITMAP
0000
0000
1800
1800
1800
1800
7E00
7E00
1800
1800
1800
1800
0000
0000
0000
0000
0000
0000
0000
0000
ENDCHAR
STARTCHAR uni207B
ENCODING 8315
SWIDTH 375 0
DWIDTH 9 0
BBX 9 20 0 -4
BITMAP
0000
0000
0000
0000
0000
0000
7E00
7E00
0000
0000
0000
0000
0000
0000
0000
0000
0000
0000
0000
0000
ENDCHAR
STARTCHAR uni207F
ENCODING 8319
SWIDTH 375 0
DWIDTH 9 0
BBX 9 20 0 -4
BITMAP
0000
0000
7C00
7C00
7600
7600
6600
6600
6600
6600
6600
6600
0000
0000
0000
0000
0000
0000
0000
0000
ENDCHAR
STARTCHAR uni2081
ENCODING 8321
SWIDTH 375 0
DWIDTH 9 0
BBX 9 20 0 -4
BITMAP
0000
0000
0000
0000
0000
0000
0000
0000
1800
1800
3800
3800
1800
1800
1800
1800
3C00
3C00
0000
0000
ENDCHAR
STARTCHAR uni2082
ENCODING 8322
SWIDTH 375 0
DWIDTH 9 0
BBX 9 20 0 -4
BITMAP
0000
0000
0000
0000
0000
0000
0000
0000
3800
3800
6C00
6C00
1800
1800
6000
6000
7C00
7C00
0000
0000
ENDCHAR
STARTCHAR uni2083
ENCODING 8323
SWIDTH 375 0
DWIDTH 9 0
BBX 9 20 0 -4
BITMAP
0000
0000
0000
0000
0000
0000
0000
0000
3800
3800
6C00
6C00
1800
1800
6C00
6C00
3800
3800
0000
0000
ENDCHAR
STARTCHAR uni2084
ENCODING 8324
SWIDTH 375 0
DWIDTH 9 0
BBX 9 20 0 -4
BITMAP
0000
0000
0000
0000
0000
0000
0000
0000
1C00
1C00
3C00
3C00
6C00
6C00
7E00
7E00
0C00
0C00
0000
0000
ENDCHAR
STARTCHAR uni2085
ENCODING 8325
SWIDTH 375 0
DWIDTH 9 0
BBX 9 20 0 -4
BITMAP
0000
0000
0000
0000
0000
0000
0000
0000
7C00
7C00
6000
6000
7C00
7C00
0C00
0C00
7800
7800
0000
0000
ENDCHAR
STARTCHAR uni2086
ENCODING 8326
SWIDTH 375 0
DWIDTH 9 0
BBX 9 20 0 -4
BITMAP
0000
0000
0000
0000
0000
0000
0000
0000
1C00
1C00
3000
3000
7C00
7C00
6C00
6C00
3800
3800
0000
0000
ENDCHAR
STARTCHAR uni2087
ENCODING 8327
SWIDTH 375 0
DWIDTH 9 0
BBX 9 20 0 -4
BITMAP
0000
0000
0000
0000
0000
0000
0000
0000
7C00
7C00
0C00
0C00
1800
1800
3000
3000
3000
3000
0000
0000
ENDCHAR
STARTCHAR uni2088
ENCODING 8328
SWIDTH 375 0
DWIDTH 9 0
BBX 9 20 0 -4
BITMAP
0000
0000
0000
0000
0000
0000
0000
0000
3800
3800
6C00
6C00
3800
3800
6C00
6C00
3800
3800
0000
0000
ENDCHAR
STARTCHAR uni2089
ENCODING 8329
SWIDTH 375 0
DWIDTH 9 0
BBX 9 20 0 -4
BITMAP
0000
0000
0000
0000
0000
0000
0000
0000
3800
3800
6C00
6C00
7C00
7C00
0C00
0C00
3800
3800
0000
0000
ENDCHAR
STARTCHAR uni208A
ENCODING 8330
SWIDTH 375 0
DWIDTH 9 0
BBX 9 20 0 -4
BITMAP
0000
0000
0000
0000
0000
0000
0000
0000
1800
1800
1800
1800
7E00
7E00
1800
1800
1800
1800
0000
0000
ENDCHAR
STARTCHAR uni208B
ENCODING 8331
SWIDTH 375 0
DWIDTH 9 0
BBX 9 20 0 -4
BITMAP
0000
0000
0000
0000
0000
0000
0000
0000
0000
0000
0000
0000
7E00
7E00
0000
0000
0000
0000
0000
0000
ENDCHAR
STARTCHAR franc
ENCODING 8355
SWIDTH 375 0
DWIDTH 9 0
BBX 9 20 0 -4
BITMAP
0000
0000
7F00
7F00
6000
6000
6000
6000
7C00
7C00
6000
6000
F800
F800
6000
6000
0000
0000
0000
0000
ENDCHAR
STARTCHAR lira
ENCODING 8356
SWIDTH 375 0
DWIDTH 9 0
BBX 9 20 0 -4
BITMAP
0000
0000
1E00
1E00
3300
3300
FC00
FC00
3000
3000
FC00
FC00
7000
7000
FF00
FF00
6000
6000
0000
0000
ENDCHAR
STARTCHAR peseta
ENCODING 8359
SWIDTH 375 0
DWIDTH 9 0
BBX 9 20 0 -4
BITMAP
0000
0000
FC00
FC00
C600
C600
C600
C600
FC00
FC00
C000
C000
C600
C600
CF00
CF00
0600
0600
0700
0700
ENDCHAR
STARTCHAR uni20AA
ENCODING 8362
SWIDTH 375 0
DWIDTH 9 0
BBX 9 20 0 -4
BITMAP
0000
0000
FB00
FB00
DB00
DB00
DB00
DB00
C300
C300
DB00
DB00
DB00
DB00
DF00
DF00
0000
0000
0000
0000
ENDCHAR
STARTCHAR Euro
ENCODING 8364
SWIDTH 375 0
DWIDTH 9 0
BBX 9 20 0 -4
BITMAP
0000
0000
3E00
3E00
7300
7300
F800
F800
6000
6000
F800
F800
7300
7300
3E00
3E00
0000
0000
0000
0000
ENDCHAR
STARTCHAR uni2105
ENCODING 8453
SWIDTH 375 0
DWIDTH 9 0
BBX 9 20 0 -4
BITMAP
0000
0000
7300
7300
C600
C600
CC00
CC00
7800
7800
3600
3600
6F00
6F00
CF00
CF00
0600
0600
0000
0000
ENDCHAR
STARTCHAR uni2113
ENCODING 8467
SWIDTH 375 0
DWIDTH 9 0
BBX 9 20 0 -4
BITMAP
0000
0000
0C00
0C00
1E00
1E00
3600
3600
3C00
3C00
3800
3800
7000
7000
1C00
1C00
0000
0000
0000
0000
ENDCHAR
STARTCHAR uni2116
ENCODING 8470
SWIDTH 375 0
DWIDTH 9 0
BBX 9 20 0 -4
BITMAP
0000
0000
CF00
CF00
EF00
EF00
EF00
EF00
FC00
FC00
DF00
DF00
DC00
DC00
CC00
CC00
0000
0000
0000
0000
ENDCHAR
STARTCHAR trademark
ENCODING 8482
SWIDTH 375 0
DWIDTH 9 0
BBX 9 20 0 -4
BITMAP
0000
0000
FB00
FB00
6F00
6F00
6F00
6F00
0000
0000
0000
0000
0000
0000
0000
0000
0000
0000
0000
0000
ENDCHAR
STARTCHAR Omega
ENCODING 8486
SWIDTH 375 0
DWIDTH 9 0
BBX 9 20 0 -4
BITMAP
0000
0000
3C00
3C00
6600
6600
C300
C300
C300
C300
6600
6600
6600
6600
E700
E700
0000
0000
0000
0000
ENDCHAR
STARTCHAR estimated
ENCODING 8494
SWIDTH 375 0
DWIDTH 9 0
BBX 9 20 0 -4
BITMAP
0000
0000
0000
0000
0000
0000
7E00
7E00
C300
C300
FF00
FF00
C000
C000
7E00
7E00
0000
0000
0000
0000
ENDCHAR
STARTCHAR uni2150
ENCODING 8528
SWIDTH 375 0
DWIDTH 9 0
BBX 9 20 0 -4
BITMAP
0000
0000
C300
C300
C600
C600
CC00
CC00
D800
D800
FF00
FF00
6300
6300
C600
C600
0C00
0C00
0C00
0C00
ENDCHAR
STARTCHAR uni2151
ENCODING 8529
SWIDTH 375 0
DWIDTH 9 0
BBX 9 20 0 -4
BITMAP
0000
0000
C300
C300
C600
C600
CC00
CC00
D800
D800
F600
F600
6F00
6F00
CF00
CF00
0300
0300
0E00
0E00
ENDCHAR
STARTCHAR onethird
ENCODING 8531
SWIDTH 375 0
DWIDTH 9 0
BBX 9 20 0 -4
BITMAP
0000
0000
C300
C300
C600
C600
CC00
CC00
D800
D800
FE00
FE00
6300
6300
C600
C600
0300
0300
0E00
0E00
ENDCHAR
STARTCHAR twothirds
ENCODING 8532
SWIDTH 375 0
DWIDTH 9 0
BBX 9 20 0 -4
BITMAP
0000
0000
E300
E300
3600
3600
CC00
CC00
F800
F800
3E00
3E00
6300
6300
C600
C600
0300
0300
0E00
0E00
ENDCHAR
STARTCHAR uni2155
ENCODING 8533
SWIDTH 375 0
DWIDTH 9 0
BBX 9 20 0 -4
BITMAP
0000
0000
C300
C300
C600
C600
CC00
CC00
D800
D800
FF00
FF00
6C00
6C00
CF00
CF00
0300
0300
0E00
0E00
ENDCHAR
STARTCHAR uni2156
ENCODING 8534
SWIDTH 375 0
DWIDTH 9 0
BBX 9 20 0 -4
BITMAP
0000
0000
E300
E300
3600
3600
CC00
CC00
F800
F800
3F00
3F00
6C00
6C00
CF00
CF00
0300
0300
0E00
0E00
ENDCHAR
STARTCHAR uni2157
ENCODING 8535
SWIDTH 375 0
DWIDTH 9 0
BBX 9 20 0 -4
BITMAP
0000
0000
E300
E300
3600
3600
6C00
6C00
3800
3800
FF00
FF00
6C00
6C00
CF00
CF00
0300
0300
0E00
0E00
ENDCHAR
STARTCHAR uni2158
ENCODING 8536
SWIDTH 375 0
DWIDTH 9 0
BBX 9 20 0 -4
BITMAP
0000
0000
3300
3300
7600
7600
FC00
FC00
F800
F800
3F00
3F00
6C00
6C00
CF00
CF00
0300
0300
0E00
0E00
ENDCHAR
STARTCHAR uni2159
ENCODING 8537
SWIDTH 375 0
DWIDTH 9 0
BBX 9 20 0 -4
BITMAP
0000
0000
C300
C300
C600
C600
CC00
CC00
D800
D800
F700
F700
6C00
6C00
CF00
CF00
0F00
0F00
0600
0600
ENDCHAR
STARTCHAR uni215A
ENCODING 8538
SWIDTH 375 0
DWIDTH 9 0
BBX 9 20 0 -4
BITMAP
0000
0000
E300
E300
C600
C600
6C00
6C00
D800
D800
3700
3700
6C00
6C00
CF00
CF00
0F00
0F00
0600
0600
ENDCHAR
STARTCHAR oneeighth
ENCODING 8539
SWIDTH 375 0
DWIDTH 9 0
BBX 9 20 0 -4
BITMAP
0000
0000
C300
C300
C600
C600
CC00
CC00
D800
D800
F600
F600
6F00
6F00
C600
C600
0F00
0F00
0600
0600
ENDCHAR
STARTCHAR threeeighths
ENCODING 8540
SWIDTH 375 0
DWIDTH 9 0
BBX 9 20 0 -4
BITMAP
0000
0000
E300
E300
3600
3600
6C00
6C00
3800
3800
F600
F600
6F00
6F00
C600
C600
0F00
0F00
0600
0600
ENDCHAR
STARTCHAR fiveeighths
ENCODING 8541
SWIDTH 375 0
DWIDTH 9 0
BBX 9 20 0 -4
BITMAP
0000
0000
E300
E300
C600
C600
6C00
6C00
D800
D800
3600
3600
6F00
6F00
C600
C600
0F00
0F00
0600
0600
ENDCHAR
STARTCHAR seveneighths
ENCODING 8542
SWIDTH 375 0
DWIDTH 9 0
BBX 9 20 0 -4
BITMAP
0000
0000
F300
F300
3600
3600
6C00
6C00
D800
D800
3600
3600
6F00
6F00
C600
C600
0F00
0F00
0600
0600
ENDCHAR
STARTCHAR arrowleft
ENCODING 8592
SWIDTH 375 0
DWIDTH 9 0
BBX 9 20 0 -4
BITMAP
0000
0000
0000
0000
3000
3000
6000
6000
FF00
FF00
6000
6000
3000
3000
0000
0000
0000
0000
0000
0000
ENDCHAR
STARTCHAR arrowup
ENCODING 8593
SWIDTH 375 0
DWIDTH 9 0
BBX 9 20 0 -4
BITMAP
1800
1800
3C00
3C00
7E00
7E00
1800
1800
1800
1800
1800
1800
1800
1800
1800
1800
0000
0000
0000
0000
ENDCHAR
STARTCHAR arrowright
ENCODING 8594
SWIDTH 375 0
DWIDTH 9 0
BBX 9 20 0 -4
BITMAP
0000
0000
0000
0000
0C00
0C00
0600
0600
FF00
FF00
0600
0600
0C00
0C00
0000
0000
0000
0000
0000
0000
ENDCHAR
STARTCHAR arrowdown
ENCODING 8595
SWIDTH 375 0
DWIDTH 9 0
BBX 9 20 0 -4
BITMAP
1800
1800
1800
1800
1800
1800
1800
1800
1800
1800
7E00
7E00
3C00
3C00
1800
1800
0000
0000
0000
0000
ENDCHAR
STARTCHAR arrowboth
ENCODING 8596
SWIDTH 375 0
DWIDTH 9 0
BBX 9 20 0 -4
BITMAP
0000
0000
0000
0000
6600
6600
C300
C300
FF00
FF00
C300
C300
6600
6600
0000
0000
0000
0000
0000
0000
ENDCHAR
STARTCHAR arrowupdn
ENCODING 8597
SWIDTH 375 0
DWIDTH 9 0
BBX 9 20 0 -4
BITMAP
1800
1800
3C00
3C00
7E00
7E00
1800
1800
1800
1800
7E00
7E00
3C00
3C00
1800
1800
0000
0000
0000
0000
ENDCHAR
STARTCHAR arrowupdnbse
ENCODING 8616
SWIDTH 375 0
DWIDTH 9 0
BBX 9 20 0 -4
BITMAP
1800
1800
3C00
3C00
7E00
7E00
1800
1800
1800
1800
7E00
7E00
3C00
3C00
1800
1800
FF00
FF00
0000
0000
ENDCHAR
STARTCHAR partialdiff
ENCODING 8706
SWIDTH 375 0
DWIDTH 9 0
BBX 9 20 0 -4
BITMAP
0000
0000
1C00
1C00
0600
0600
0300
0300
7F00
7F00
C300
C300
C700
C700
7E00
7E00
0000
0000
0000
0000
ENDCHAR
STARTCHAR emptyset
ENCODING 8709
SWIDTH 375 0
DWIDTH 9 0
BBX 9 20 0 -4
BITMAP
0000
0000
0000
0000
0300
0300
7E00
7E00
CF00
CF00
DB00
DB00
F300
F300
7E00
7E00
C000
C000
0000
0000
ENDCHAR
STARTCHAR Delta
ENCODING 8710
SWIDTH 375 0
DWIDTH 9 0
BBX 9 20 0 -4
BITMAP
0000
0000
1800
1800
3C00
3C00
3C00
3C00
6600
6600
6600
6600
C300
C300
FF00
FF00
0000
0000
0000
0000
ENDCHAR
STARTCHAR element
ENCODING 8712
SWIDTH 375 0
DWIDTH 9 0
BBX 9 20 0 -4
BITMAP
0000
0000
1F00
1F00
6000
6000
C000
C000
FC00
FC00
C000
C000
6000
6000
1F00
1F00
0000
0000
0000
0000
ENDCHAR
STARTCHAR product
ENCODING 8719
SWIDTH 375 0
DWIDTH 9 0
BBX 9 20 0 -4
BITMAP
0000
0000
FF00
FF00
6600
6600
6600
6600
6600
6600
6600
6600
6600
6600
6600
6600
0000
0000
0000
0000
ENDCHAR
STARTCHAR summation
ENCODING 8721
SWIDTH 375 0
DWIDTH 9 0
BBX 9 20 0 -4
BITMAP
0000
0000
FF00
FF00
C000
C000
3000
3000
0C00
0C00
3000
3000
C000
C000
FF00
FF00
0000
0000
0000
0000
ENDCHAR
STARTCHAR minus
ENCODING 8722
SWIDTH 375 0
DWIDTH 9 0
BBX 9 20 0 -4
BITMAP
0000
0000
0000
0000
0000
0000
0000
0000
FF00
FF00
0000
0000
0000
0000
0000
0000
0000
0000
0000
0000
ENDCHAR
STARTCHAR uni2215
ENCODING 8725
SWIDTH 375 0
DWIDTH 9 0
BBX 9 20 0 -4
BITMAP
0000
0000
0300
0300
0600
0600
0C00
0C00
1800
1800
3000
3000
6000
6000
C000
C000
0000
0000
0000
0000
ENDCHAR
STARTCHAR uni2219
ENCODING 8729
SWIDTH 375 0
DWIDTH 9 0
BBX 9 20 0 -4
BITMAP
0000
0000
0000
0000
0000
0000
0000
0000
1800
1800
0000
0000
0000
0000
0000
0000
0000
0000
0000
0000
ENDCHAR
STARTCHAR radical
ENCODING 8730
SWIDTH 375 0
DWIDTH 9 0
BBX 9 20 0 -4
BITMAP
0F00
0F00
0C00
0C00
0C00
0C00
0C00
0C00
CC00
CC00
6C00
6C00
3C00
3C00
1C00
1C00
0C00
0C00
0000
0000
ENDCHAR
STARTCHAR infinity
ENCODING 8734
SWIDTH 375 0
DWIDTH 9 0
BBX 9 20 0 -4
BITMAP
0000
0000
0000
0000
0000
0000
6E00
6E00
DB00
DB00
DB00
DB00
DB00
DB00
7600
7600
0000
0000
0000
0000
ENDCHAR
STARTCHAR orthogonal
ENCODING 8735
SWIDTH 375 0
DWIDTH 9 0
BBX 9 20 0 -4
BITMAP
0000
0000
0000
0000
C000
C000
C000
C000
C000
C000
FE00
FE00
0000
0000
0000
0000
0000
0000
0000
0000
ENDCHAR
STARTCHAR intersection
ENCODING 8745
SWIDTH 375 0
DWIDTH 9 0
BBX 9 20 0 -4
BITMAP
0000
0000
7E00
7E00
E700
E700
C300
C300
C300
C300
C300
C300
C300
C300
C300
C300
0000
0000
0000
0000
ENDCHAR
STARTCHAR integral
ENCODING 8747
SWIDTH 375 0
DWIDTH 9 0
BBX 9 20 0 -4
BITMAP
0E00
0E00
1B00
1B00
1800
1800
1800
1800
1800
1800
1800
1800
1800
1800
1800
1800
D800
D800
7000
7000
ENDCHAR
STARTCHAR approxequal
ENCODING 8776
SWIDTH 375 0
DWIDTH 9 0
BBX 9 20 0 -4
BITMAP
0000
0000
7300
7300
DB00
DB00
CE00
CE00
0000
0000
7300
7300
DB00
DB00
CE00
CE00
0000
0000
0000
0000
ENDCHAR
STARTCHAR notequal
ENCODING 8800
SWIDTH 375 0
DWIDTH 9 0
BBX 9 20 0 -4
BITMAP
0000
0000
0300
0300
0600
0600
FF00
FF00
1800
1800
FF00
FF00
6000
6000
C000
C000
0000
0000
0000
0000
ENDCHAR
STARTCHAR equivalence
ENCODING 8801
SWIDTH 375 0
DWIDTH 9 0
BBX 9 20 0 -4
BITMAP
0000
0000
FF00
FF00
0000
0000
0000
0000
FF00
FF00
0000
0000
0000
0000
FF00
FF00
0000
0000
0000
0000
ENDCHAR
STARTCHAR lessequal
ENCODING 8804
SWIDTH 375 0
DWIDTH 9 0
BBX 9 20 0 -4
BITMAP
0000
0000
0300
0300
0C00
0C00
3000
3000
C000
C000
3000
3000
0C00
0C00
0300
0300
FF00
FF00
0000
0000
ENDCHAR
STARTCHAR greaterequal
ENCODING 8805
SWIDTH 375 0
DWIDTH 9 0
BBX 9 20 0 -4
BITMAP
0000
0000
C000
C000
3000
3000
0C00
0C00
0300
0300
0C00
0C00
3000
3000
C000
C000
FF00
FF00
0000
0000
ENDCHAR
STARTCHAR uni2299
ENCODING 8857
SWIDTH 375 0
DWIDTH 9 0
BBX 9 20 0 -4
BITMAP
0000
0000
3C00
3C00
6600
6600
C300
C300
DB00
DB00
C300
C300
6600
6600
3C00
3C00
0000
0000
0000
0000
ENDCHAR
STARTCHAR uni2300
ENCODING 8960
SWIDTH 375 0
DWIDTH 9 0
BBX 9 20 0 -4
BITMAP
0000
0000
3C00
3C00
6600
6600
CF00
CF00
DB00
DB00
F300
F300
6600
6600
3C00
3C00
0000
0000
0000
0000
ENDCHAR
STARTCHAR house
ENCODING 8962
SWIDTH 375 0
DWIDTH 9 0
BBX 9 20 0 -4
BITMAP
0000
0000
0000
0000
1800
1800
3C00
3C00
6600
6600
C300
C300
C300
C300
FF00
FF00
0000
0000
0000
0000
ENDCHAR
STARTCHAR revlogicalnot
ENCODING 8976
SWIDTH 375 0
DWIDTH 9 0
BBX 9 20 0 -4
BITMAP
0000
0000
0000
0000
0000
0000
FE00
FE00
C000
C000
C000
C000
C000
C000
0000
0000
0000
0000
0000
0000
ENDCHAR
STARTCHAR integraltp
ENCODING 8992
SWIDTH 375 0
DWIDTH 9 0
BBX 9 20 0 -4
BITMAP
0E00
0E00
1B00
1B00
1800
1800
1800
1800
1800
1800
1800
1800
1800
1800
1800
1800
1800
1800
1800
1800
ENDCHAR
STARTCHAR integralbt
ENCODING 8993
SWIDTH 375 0
DWIDTH 9 0
BBX 9 20 0 -4
BITMAP
1800
1800
1800
1800
1800
1800
1800
1800
1800
1800
1800
1800
1800
1800
1800
1800
D800
D800
7000
7000
ENDCHAR
STARTCHAR SF100000
ENCODING 9472
SWIDTH 375 0
DWIDTH 9 0
BBX 9 20 0 -4
BITMAP
0000
0000
0000
0000
0000
0000
0000
0000
FF80
FF80
0000
0000
0000
0000
0000
0000
0000
0000
0000
0000
ENDCHAR
STARTCHAR SF110000
ENCODING 9474
SWIDTH 375 0
DWIDTH 9 0
BBX 9 20 0 -4
BITMAP
1800
1800
1800
1800
1800
1800
1800
1800
1800
1800
1800
1800
1800
1800
1800
1800
1800
1800
1800
1800
ENDCHAR
STARTCHAR SF010000
ENCODING 9484
SWIDTH 375 0
DWIDTH 9 0
BBX 9 20 0 -4
BITMAP
0000
0000
0000
0000
0000
0000
0000
0000
1F80
1F80
1800
1800
1800
1800
1800
1800
1800
1800
1800
1800
ENDCHAR
STARTCHAR SF030000
ENCODING 9488
SWIDTH 375 0
DWIDTH 9 0
BBX 9 20 0 -4
BITMAP
0000
0000
0000
0000
0000
0000
0000
0000
F800
F800
1800
1800
1800
1800
1800
1800
1800
1800
1800
1800
ENDCHAR
STARTCHAR SF020000
ENCODING 9492
SWIDTH 375 0
DWIDTH 9 0
BBX 9 20 0 -4
BITMAP
1800
1800
1800
1800
1800
1800
1800
1800
1F80
1F80
0000
0000
0000
0000
0000
0000
0000
0000
0000
0000
ENDCHAR
STARTCHAR SF040000
ENCODING 9496
SWIDTH 375 0
DWIDTH 9 0
BBX 9 20 0 -4
BITMAP
1800
1800
1800
1800
1800
1800
1800
1800
F800
F800
0000
0000
0000
0000
0000
0000
0000
0000
0000
0000
ENDCHAR
STARTCHAR SF080000
ENCODING 9500
SWIDTH 375 0
DWIDTH 9 0
BBX 9 20 0 -4
BITMAP
1800
1800
1800
1800
1800
1800
1800
1800
1F80
1F80
1800
1800
1800
1800
1800
1800
1800
1800
1800
1800
ENDCHAR
STARTCHAR SF090000
ENCODING 9508
SWIDTH 375 0
DWIDTH 9 0
BBX 9 20 0 -4
BITMAP
1800
1800
1800
1800
1800
1800
1800
1800
F800
F800
1800
1800
1800
1800
1800
1800
1800
1800
1800
1800
ENDCHAR
STARTCHAR SF060000
ENCODING 9516
SWIDTH 375 0
DWIDTH 9 0
BBX 9 20 0 -4
BITMAP
0000
0000
0000
0000
0000
0000
0000
0000
FF80
FF80
1800
1800
1800
1800
1800
1800
1800
1800
1800
1800
ENDCHAR
STARTCHAR SF070000
ENCODING 9524
SWIDTH 375 0
DWIDTH 9 0
BBX 9 20 0 -4
BITMAP
1800
1800
1800
1800
1800
1800
1800
1800
FF80
FF80
0000
0000
0000
0000
0000
0000
0000
0000
0000
0000
ENDCHAR
STARTCHAR SF050000
ENCODING 9532
SWIDTH 375 0
DWIDTH 9 0
BBX 9 20 0 -4
BITMAP
1800
1800
1800
1800
1800
1800
1800
1800
FF80
FF80
1800
1800
1800
1800
1800
1800
1800
1800
1800
1800
ENDCHAR
STARTCHAR SF430000
ENCODING 9552
SWIDTH 375 0
DWIDTH 9 0
BBX 9 20 0 -4
BITMAP
0000
0000
0000
0000
0000
0000
0000
0000
FF80
FF80
0000
0000
FF80
FF80
0000
0000
0000
0000
0000
0000
ENDCHAR
STARTCHAR SF240000
ENCODING 9553
SWIDTH 375 0
DWIDTH 9 0
BBX 9 20 0 -4
BITMAP
3600
3600
3600
3600
3600
3600
3600
3600
3600
3600
3600
3600
3600
3600
3600
3600
3600
3600
3600
3600
ENDCHAR
STARTCHAR SF510000
ENCODING 9554
SWIDTH 375 0
DWIDTH 9 0
BBX 9 20 0 -4
BITMAP
0000
0000
0000
0000
0000
0000
0000
0000
1F80
1F80
1800
1800
1F80
1F80
1800
1800
1800
1800
1800
1800
ENDCHAR
STARTCHAR SF520000
ENCODING 9555
SWIDTH 375 0
DWIDTH 9 0
BBX 9 20 0 -4
BITMAP
0000
0000
0000
0000
0000
0000
0000
0000
3F80
3F80
3600
3600
3600
3600
3600
3600
3600
3600
3600
3600
ENDCHAR
STARTCHAR SF390000
ENCODING 9556
SWIDTH 375 0
DWIDTH 9 0
BBX 9 20 0 -4
BITMAP
0000
0000
0000
0000
0000
0000
0000
0000
3F80
3F80
3000
3000
3780
3780
3600
3600
3600
3600
3600
3600
ENDCHAR
STARTCHAR SF220000
ENCODING 9557
SWIDTH 375 0
DWIDTH 9 0
BBX 9 20 0 -4
BITMAP
0000
0000
0000
0000
0000
0000
0000
0000
F800
F800
1800
1800
F800
F800
1800
1800
1800
1800
1800
1800
ENDCHAR
STARTCHAR SF210000
ENCODING 9558
SWIDTH 375 0
DWIDTH 9 0
BBX 9 20 0 -4
BITMAP
0000
0000
0000
0000
0000
0000
0000
0000
FE00
FE00
3600
3600
3600
3600
3600
3600
3600
3600
3600
3600
ENDCHAR
STARTCHAR SF250000
ENCODING 9559
SWIDTH 375 0
DWIDTH 9 0
BBX 9 20 0 -4
BITMAP
0000
0000
0000
0000
0000
0000
0000
0000
FE00
FE00
0600
0600
F600
F600
3600
3600
3600
3600
3600
3600
ENDCHAR
STARTCHAR SF500000
ENCODING 9560
SWIDTH 375 0
DWIDTH 9 0
BBX 9 20 0 -4
BITMAP
1800
1800
1800
1800
1800
1800
1800
1800
1F80
1F80
1800
1800
1F80
1F80
0000
0000
0000
0000
0000
0000
ENDCHAR
STARTCHAR SF490000
ENCODING 9561
SWIDTH 375 0
DWIDTH 9 0
BBX 9 20 0 -4
BITMAP
3600
3600
3600
3600
3600
3600
3600
3600
3F80
3F80
0000
0000
0000
0000
0000
0000
0000
0000
0000
0000
ENDCHAR
STARTCHAR SF380000
ENCODING 9562
SWIDTH 375 0
DWIDTH 9 0
BBX 9 20 0 -4
BITMAP
3600
3600
3600
3600
3600
3600
3600
3600
3780
3780
3000
3000
3F80
3F80
0000
0000
0000
0000
0000
0000
ENDCHAR
STARTCHAR SF280000
ENCODING 9563
SWIDTH 375 0
DWIDTH 9 0
BBX 9 20 0 -4
BITMAP
1800
1800
1800
1800
1800
1800
1800
1800
F800
F800
1800
1800
F800
F800
0000
0000
0000
0000
0000
0000
ENDCHAR
STARTCHAR SF270000
ENCODING 9564
SWIDTH 375 0
DWIDTH 9 0
BBX 9 20 0 -4
BITMAP
3600
3600
3600
3600
3600
3600
3600
3600
FE00
FE00
0000
0000
0000
0000
0000
0000
0000
0000
0000
0000
ENDCHAR
STARTCHAR SF260000
ENCODING 9565
SWIDTH 375 0
DWIDTH 9 0
BBX 9 20 0 -4
BITMAP
3600
3600
3600
3600
3600
3600
3600
3600
F600
F600
0600
0600
FE00
FE00
0000
0000
0000
0000
0000
0000
ENDCHAR
STARTCHAR SF360000
ENCODING 9566
SWIDTH 375 0
DWIDTH 9 0
BBX 9 20 0 -4
BITMAP
1800
1800
1800
1800
1800
1800
1800
1800
1F80
1F80
1800
1800
1F80
1F80
1800
1800
1800
1800
1800
1800
ENDCHAR
STARTCHAR SF370000
ENCODING 9567
SWIDTH 375 0
DWIDTH 9 0
BBX 9 20 0 -4
BITMAP
3600
3600
3600
3600
3600
3600
3600
3600
3780
3780
3600
3600
3600
3600
3600
3600
3600
3600
3600
3600
ENDCHAR
STARTCHAR SF420000
ENCODING 9568
SWIDTH 375 0
DWIDTH 9 0
BBX 9 20 0 -4
BITMAP
3600
3600
3600
3600
3600
3600
3600
3600
3780
3780
3000
3000
3780
3780
3600
3600
3600
3600
3600
3600
ENDCHAR
STARTCHAR SF190000
ENCODING 9569
SWIDTH 375 0
DWIDTH 9 0
BBX 9 20 0 -4
BITMAP
1800
1800
1800
1800
1800
1800
1800
1800
F800
F800
1800
1800
F800
F800
1800
1800
1800
1800
1800
1800
ENDCHAR
STARTCHAR SF200000
ENCODING 9570
SWIDTH 375 0
DWIDTH 9 0
BBX 9 20 0 -4
BITMAP
3600
3600
3600
3600
3600
3600
3600
3600
F600
F600
3600
3600
3600
3600
3600
3600
3600
3600
3600
3600
ENDCHAR
STARTCHAR SF230000
ENCODING 9571
SWIDTH 375 0
DWIDTH 9 0
BBX 9 20 0 -4
BITMAP
3600
3600
3600
3600
3600
3600
3600
3600
F600
F600
0600
0600
F600
F600
3600
3600
3600
3600
3600
3600
ENDCHAR
STARTCHAR SF470000
ENCODING 9572
SWIDTH 375 0
DWIDTH 9 0
BBX 9 20 0 -4
BITMAP
0000
0000
0000
0000
0000
0000
0000
0000
FF80
FF80
0000
0000
FF80
FF80
1800
1800
1800
1800
1800
1800
ENDCHAR
STARTCHAR SF480000
ENCODING 9573
SWIDTH 375 0
DWIDTH 9 0
BBX 9 20 0 -4
BITMAP
0000
0000
0000
0000
0000
0000
0000
0000
FF80
FF80
3600
3600
3600
3600
3600
3600
3600
3600
3600
3600
ENDCHAR
STARTCHAR SF410000
ENCODING 9574
SWIDTH 375 0
DWIDTH 9 0
BBX 9 20 0 -4
BITMAP
0000
0000
0000
0000
0000
0000
0000
0000
FF80
FF80
0000
0000
F780
F780
3600
3600
3600
3600
3600
3600
ENDCHAR
STARTCHAR SF450000
ENCODING 9575
SWIDTH 375 0
DWIDTH 9 0
BBX 9 20 0 -4
BITMAP
1800
1800
1800
1800
1800
1800
1800
1800
FF80
FF80
0000
0000
FF80
FF80
0000
0000
0000
0000
0000
0000
ENDCHAR
STARTCHAR SF460000
ENCODING 9576
SWIDTH 375 0
DWIDTH 9 0
BBX 9 20 0 -4
BITMAP
3600
3600
3600
3600
3600
3600
3600
3600
FF80
FF80
0000
0000
0000
0000
0000
0000
0000
0000
0000
0000
ENDCHAR
STARTCHAR SF400000
ENCODING 9577
SWIDTH 375 0
DWIDTH 9 0
BBX 9 20 0 -4
BITMAP
3600
3600
3600
3600
3600
3600
3600
3600
F780
F780
0000
0000
FF80
FF80
0000
0000
0000
0000
0000
0000
ENDCHAR
STARTCHAR SF540000
ENCODING 9578
SWIDTH 375 0
DWIDTH 9 0
BBX 9 20 0 -4
BITMAP
1800
1800
1800
1800
1800
1800
1800
1800
FF80
FF80
1800
1800
FF80
FF80
1800
1800
1800
1800
1800
1800
ENDCHAR
STARTCHAR SF530000
ENCODING 9579
SWIDTH 375 0
DWIDTH 9 0
BBX 9 20 0 -4
BITMAP
3600
3600
3600
3600
3600
3600
3600
3600
FF80
FF80
3600
3600
3600
3600
3600
3600
3600
3600
3600
3600
ENDCHAR
STARTCHAR SF440000
ENCODING 9580
SWIDTH 375 0
DWIDTH 9 0
BBX 9 20 0 -4
BITMAP
3600
3600
3600
3600
3600
3600
3600
3600
F780
F780
0000
0000
F780
F780
3600
3600
3600
3600
3600
3600
ENDCHAR
STARTCHAR upblock
ENCODING 9600
SWIDTH 375 0
DWIDTH 9 0
BBX 9 20 0 -4
BITMAP
FF80
FF80
FF80
FF80
FF80
FF80
FF80
FF80
FF80
FF80
0000
0000
0000
0000
0000
0000
0000
0000
0000
0000
ENDCHAR
STARTCHAR uni2581
ENCODING 9601
SWIDTH 375 0
DWIDTH 9 0
BBX 9 20 0 -4
BITMAP
0000
0000
0000
0000
0000
0000
0000
0000
0000
0000
0000
0000
0000
0000
0000
0000
FF80
FF80
FF80
FF80
ENDCHAR
STARTCHAR dnblock
ENCODING 9604
SWIDTH 375 0
DWIDTH 9 0
BBX 9 20 0 -4
BITMAP
0000
0000
0000
0000
0000
0000
0000
0000
0000
0000
FF80
FF80
FF80
FF80
FF80
FF80
FF80
FF80
FF80
FF80
ENDCHAR
STARTCHAR block
ENCODING 9608
SWIDTH 375 0
DWIDTH 9 0
BBX 9 20 0 -4
BITMAP
FF80
FF80
FF80
FF80
FF80
FF80
FF80
FF80
FF80
FF80
FF80
FF80
FF80
FF80
FF80
FF80
FF80
FF80
FF80
FF80
ENDCHAR
STARTCHAR lfblock
ENCODING 9612
SWIDTH 375 0
DWIDTH 9 0
BBX 9 20 0 -4
BITMAP
F800
F800
F800
F800
F800
F800
F800
F800
F800
F800
F800
F800
F800
F800
F800
F800
F800
F800
F800
F800
ENDCHAR
STARTCHAR rtblock
ENCODING 9616
SWIDTH 375 0
DWIDTH 9 0
BBX 9 20 0 -4
BITMAP
0780
0780
0780
0780
0780
0780
0780
0780
0780
0780
0780
0780
0780
0780
0780
0780
0780
0780
0780
0780
ENDCHAR
STARTCHAR ltshade
ENCODING 9617
SWIDTH 375 0
DWIDTH 9 0
BBX 9 20 0 -4
BITMAP
0600
0600
C000
C000
0600
0600
C000
C000
0600
0600
C000
C000
0600
0600
C000
C000
0600
0600
C000
C000
ENDCHAR
STARTCHAR shade
ENCODING 9618
SWIDTH 375 0
DWIDTH 9 0
BBX 9 20 0 -4
BITMAP
1980
1980
6600
6600
1980
1980
6600
6600
1980
1980
6600
6600
1980
1980
6600
6600
1980
1980
6600
6600
ENDCHAR
STARTCHAR dkshade
ENCODING 9619
SWIDTH 375 0
DWIDTH 9 0
BBX 9 20 0 -4
BITMAP
6D80
6D80
DB00
DB00
6D80
6D80
DB00
DB00
6D80
6D80
DB00
DB00
6D80
6D80
DB00
DB00
6D80
6D80
DB00
DB00
ENDCHAR
STARTCHAR filledbox
ENCODING 9632
SWIDTH 375 0
DWIDTH 9 0
BBX 9 20 0 -4
BITMAP
0000
0000
0000
0000
0000
0000
7E00
7E00
7E00
7E00
7E00
7E00
7E00
7E00
0000
0000
0000
0000
0000
0000
ENDCHAR
STARTCHAR H22073
ENCODING 9633
SWIDTH 375 0
DWIDTH 9 0
BBX 9 20 0 -4
BITMAP
0000
0000
0000
0000
0000
0000
7E00
7E00
6600
6600
6600
6600
7E00
7E00
0000
0000
0000
0000
0000
0000
ENDCHAR
STARTCHAR H18543
ENCODING 9642
SWIDTH 375 0
DWIDTH 9 0
BBX 9 20 0 -4
BITMAP
0000
0000
0000
0000
0000
0000
3E00
3E00
3E00
3E00
3E00
3E00
0000
0000
0000
0000
0000
0000
0000
0000
ENDCHAR
STARTCHAR H18551
ENCODING 9643
SWIDTH 375 0
DWIDTH 9 0
BBX 9 20 0 -4
BITMAP
0000
0000
0000
0000
0000
0000
3E00
3E00
3600
3600
3E00
3E00
0000
0000
0000
0000
0000
0000
0000
0000
ENDCHAR
STARTCHAR filledrect
ENCODING 9644
SWIDTH 375 0
DWIDTH 9 0
BBX 9 20 0 -4
BITMAP
0000
0000
0000
0000
0000
0000
0000
0000
0000
0000
FE00
FE00
FE00
FE00
FE00
FE00
0000
0000
0000
0000
ENDCHAR
STARTCHAR triagup
ENCODING 9650
SWIDTH 375 0
DWIDTH 9 0
BBX 9 20 0 -4
BITMAP
0000
0000
1800
1800
3C00
3C00
3C00
3C00
7E00
7E00
7E00
7E00
FF00
FF00
FF00
FF00
0000
0000
0000
0000
ENDCHAR
STARTCHAR triagrt
ENCODING 9658
SWIDTH 375 0
DWIDTH 9 0
BBX 9 20 0 -4
BITMAP
0000
0000
C000
C000
F000
F000
FC00
FC00
FF00
FF00
FC00
FC00
F000
F000
C000
C000
0000
0000
0000
0000
ENDCHAR
STARTCHAR triagdn
ENCODING 9660
SWIDTH 375 0
DWIDTH 9 0
BBX 9 20 0 -4
BITMAP
0000
0000
FF00
FF00
FF00
FF00
7E00
7E00
7E00
7E00
3C00
3C00
3C00
3C00
1800
1800
0000
0000
0000
0000
ENDCHAR
STARTCHAR triaglf
ENCODING 9668
SWIDTH 375 0
DWIDTH 9 0
BBX 9 20 0 -4
BITMAP
0000
0000
0300
0300
0F00
0F00
3F00
3F00
FF00
FF00
3F00
3F00
0F00
0F00
0300
0300
0000
0000
0000
0000
ENDCHAR
STARTCHAR lozenge
ENCODING 9674
SWIDTH 375 0
DWIDTH 9 0
BBX 9 20 0 -4
BITMAP
0000
0000
1800
1800
3C00
3C00
6600
6600
C300
C300
6600
6600
3C00
3C00
1800
1800
0000
0000
0000
0000
ENDCHAR
STARTCHAR circle
ENCODING 9675
SWIDTH 375 0
DWIDTH 9 0
BBX 9 20 0 -4
BITMAP
0000
0000
0000
0000
1C00
1C00
3600
3600
3600
3600
3600
3600
3600
3600
1C00
1C00
0000
0000
0000
0000
ENDCHAR
STARTCHAR H18533
ENCODING 9679
SWIDTH 375 0
DWIDTH 9 0
BBX 9 20 0 -4
BITMAP
0000
0000
0000
0000
1C00
1C00
3E00
3E00
3E00
3E00
3E00
3E00
3E00
3E00
1C00
1C00
0000
0000
0000
0000
ENDCHAR
STARTCHAR invbullet
ENCODING 9688
SWIDTH 375 0
DWIDTH 9 0
BBX 9 20 0 -4
BITMAP
FF80
FF80
FF80
FF80
FF80
FF80
E380
E380
C180
C180
C180
C180
E380
E380
FF80
FF80
FF80
FF80
FF80
FF80
ENDCHAR
STARTCHAR invcircle
ENCODING 9689
SWIDTH 375 0
DWIDTH 9 0
BBX 9 20 0 -4
BITMAP
FF80
FF80
FF80
FF80
E380
E380
C980
C980
C980
C980
C980
C980
C980
C980
E380
E380
FF80
FF80
FF80
FF80
ENDCHAR
STARTCHAR openbullet
ENCODING 9702
SWIDTH 375 0
DWIDTH 9 0
BBX 9 20 0 -4
BITMAP
0000
0000
0000
0000
0000
0000
1C00
1C00
3600
3600
3600
3600
1C00
1C00
0000
0000
0000
0000
0000
0000
ENDCHAR
STARTCHAR smileface
ENCODING 9786
SWIDTH 375 0
DWIDTH 9 0
BBX 9 20 0 -4
BITMAP
7E00
7E00
C300
C300
E700
E700
C300
C300
FF00
FF00
DB00
DB00
C300
C300
7E00
7E00
0000
0000
0000
0000
ENDCHAR
STARTCHAR invsmileface
ENCODING 9787
SWIDTH 375 0
DWIDTH 9 0
BBX 9 20 0 -4
BITMAP
7E00
7E00
FF00
FF00
DB00
DB00
FF00
FF00
C300
C300
E700
E700
FF00
FF00
7E00
7E00
0000
0000
0000
0000
ENDCHAR
STARTCHAR sun
ENCODING 9788
SWIDTH 375 0
DWIDTH 9 0
BBX 9 20 0 -4
BITMAP
0000
0000
1800
1800
DB00
DB00
3C00
3C00
E700
E700
3C00
3C00
DB00
DB00
1800
1800
0000
0000
0000
0000
ENDCHAR
STARTCHAR female
ENCODING 9792
SWIDTH 375 0
DWIDTH 9 0
BBX 9 20 0 -4
BITMAP
7E00
7E00
C300
C300
C300
C300
C300
C300
7E00
7E00
1800
1800
7E00
7E00
1800
1800
0000
0000
0000
0000
ENDCHAR
STARTCHAR male
ENCODING 9794
SWIDTH 375 0
DWIDTH 9 0
BBX 9 20 0 -4
BITMAP
1F00
1F00
0700
0700
0D00
0D00
7E00
7E00
C300
C300
C300
C300
C300
C300
7E00
7E00
0000
0000
0000
0000
ENDCHAR
STARTCHAR spade
ENCODING 9824
SWIDTH 375 0
DWIDTH 9 0
BBX 9 20 0 -4
BITMAP
1800
1800
3C00
3C00
7E00
7E00
FF00
FF00
FF00
FF00
6600
6600
1800
1800
3C00
3C00
0000
0000
0000
0000
ENDCHAR
STARTCHAR club
ENCODING 9827
SWIDTH 375 0
DWIDTH 9 0
BBX 9 20 0 -4
BITMAP
1800
1800
3C00
3C00
1800
1800
7E00
7E00
FF00
FF00
6600
6600
1800
1800
3C00
3C00
0000
0000
0000
0000
ENDCHAR
STARTCHAR heart
ENCODING 9829
SWIDTH 375 0
DWIDTH 9 0
BBX 9 20 0 -4
BITMAP
0000
0000
6600
6600
FF00
FF00
FF00
FF00
FF00
FF00
7E00
7E00
3C00
3C00
1800
1800
0000
0000
0000
0000
ENDCHAR
STARTCHAR diamond
ENCODING 9830
SWIDTH 375 0
DWIDTH 9 0
BBX 9 20 0 -4
BITMAP
0000
0000
1800
1800
3C00
3C00
7E00
7E00
FF00
FF00
7E00
7E00
3C00
3C00
1800
1800
0000
0000
0000
0000
ENDCHAR
STARTCHAR musicalnote
ENCODING 9834
SWIDTH 375 0
DWIDTH 9 0
BBX 9 20 0 -4
BITMAP
3800
3800
3E00
3E00
3300
3300
3000
3000
3000
3000
7000
7000
F000
F000
E000
E000
0000
0000
0000
0000
ENDCHAR
STARTCHAR musicalnotedbl
ENCODING 9835
SWIDTH 375 0
DWIDTH 9 0
BBX 9 20 0 -4
BITMAP
3800
3800
3600
3600
3B00
3B00
3700
3700
3300
3300
7300
7300
F700
F700
EF00
EF00
0E00
0E00
0000
0000
ENDCHAR
STARTCHAR uni2713
ENCODING 10003
SWIDTH 375 0
DWIDTH 9 0
BBX 9 20 0 -4
BITMAP
0000
0000
0300
0300
0300
0300
0600
0600
C600
C600
6C00
6C00
3C00
3C00
1800
1800
0000
0000
0000
0000
ENDCHAR
STARTCHAR uni3044
ENCODING 12356
SWIDTH 375 0
DWIDTH 9 0
BBX 9 20 0 -4
BITMAP
0000
0000
0000
0000
0000
0000
0000
0000
0000
0000
0000
0000
0000
0000
0000
0000
0000
0000
0000
0000
ENDCHAR
STARTCHAR uni3046
ENCODING 12358
SWIDTH 375 0
DWIDTH 9 0
BBX 9 20 0 -4
BITMAP
0000
0000
0000
0000
0000
0000
0000
0000
0000
0000
0000
0000
0000
0000
0000
0000
0000
0000
0000
0000
ENDCHAR
STARTCHAR uni304B
ENCODING 12363
SWIDTH 375 0
DWIDTH 9 0
BBX 9 20 0 -4
BITMAP
0000
0000
0000
0000
0000
0000
0000
0000
0000
0000
0000
0000
0000
0000
0000
0000
0000
0000
0000
0000
ENDCHAR
STARTCHAR uni3057
ENCODING 12375
SWIDTH 375 0
DWIDTH 9 0
BBX 9 20 0 -4
BITMAP
0000
0000
0000
0000
0000
0000
0000
0000
0000
0000
0000
0000
0000
0000
0000
0000
0000
0000
0000
0000
ENDCHAR
STARTCHAR uni306E
ENCODING 12398
SWIDTH 375 0
DWIDTH 9 0
BBX 9 20 0 -4
BITMAP
0000
0000
0000
0000
0000
0000
0000
0000
0000
0000
0000
0000
0000
0000
0000
0000
0000
0000
0000
0000
ENDCHAR
STARTCHAR uni3093
ENCODING 12435
SWIDTH 375 0
DWIDTH 9 0
BBX 9 20 0 -4
BITMAP
0000
0000
0000
0000
0000
0000
0000
0000
0000
0000
0000
0000
0000
0000
0000
0000
0000
0000
0000
0000
ENDCHAR
STARTCHAR uniFB01
ENCODING 64257
SWIDTH 375 0
DWIDTH 9 0
BBX 9 20 0 -4
BITMAP
0000
0000
3C00
3C00
6600
6600
6000
6000
F700
F700
6300
6300
6300
6300
6300
6300
0000
0000
0000
0000
ENDCHAR
STARTCHAR uniFB02
ENCODING 64258
SWIDTH 375 0
DWIDTH 9 0
BBX 9 20 0 -4
BITMAP
0000
0000
3F00
3F00
6700
6700
6300
6300
F300
F300
6300
6300
6300
6300
6300
6300
0000
0000
0000
0000
ENDCHAR
STARTCHAR uniFFFD
ENCODING 65533
SWIDTH 375 0
DWIDTH 9 0
BBX 9 20 0 -4
BITMAP
FF80
FF80
C380
C380
9980
9980
F380
F380
E780
E780
E780
E780
FF80
FF80
E780
E780
FF80
FF80
FF80
FF80
ENDCHAR
STARTCHAR .notdef
ENCODING -1
SWIDTH 375 0
DWIDTH 9 0
BBX 9 20 0 -4
BITMAP
FF80
FF80
C380
C380
9980
9980
F380
F380
E780
E780
E780
E780
FF80
FF80
E780
E780
FF80
FF80
FF80
FF80
ENDCHAR
ENDFONT
