STARTFONT 2.1
FONT -opf-uw-ttyp0-medium-r-normal--30-300-75-75-p-300-iso10646-1
SIZE 30 75 75
FONTBOUNDINGBOX 14 30 0 -7
STARTPROPERTIES 21
FONTNAME_REGISTRY ""
FOUNDRY "UW"
FAMILY_NAME "Ttyp0"
WEIGHT_NAME "Medium"
SLANT "I"
SETWIDTH_NAME "Normal"
ADD_STYLE_NAME ""
PIXEL_SIZE 30
POINT_SIZE 280
RESOLUTION_X 75
RESOLUTION_Y 75
SPACING "C"
AVERAGE_WIDTH 140
CHARSET_REGISTRY "ISO10646"
CHARSET_ENCODING "1"
DEFAULT_CHAR 0
FONT_DESCENT 7
FONT_ASCENT 23
UNDERLINE_THICKNESS 2
COPYRIGHT "Copyright (C) 2012-2025 Uwe Waldmann"
_GBDFED_INFO "Edited with gbdfed 1.6."
ENDPROPERTIES
CHARS 3770
STARTCHAR DDefaultChar
ENCODING 0
SWIDTH 467 0
DWIDTH 14 0
BBX 14 30 0 -7
BITMAP
0000
0000
0000
0000
0000
37B0
37B0
3030
0000
0000
3030
3030
3030
0000
0000
3030
3030
3030
0000
0000
3030
37B0
37B0
0000
0000
0000
0000
0000
0000
0000
ENDCHAR
STARTCHAR Space
ENCODING 32
SWIDTH 467 0
DWIDTH 14 0
BBX 14 30 0 -7
BITMAP
0000
0000
0000
0000
0000
0000
0000
0000
0000
0000
0000
0000
0000
0000
0000
0000
0000
0000
0000
0000
0000
0000
0000
0000
0000
0000
0000
0000
0000
0000
ENDCHAR
STARTCHAR PExclam
ENCODING 33
SWIDTH 467 0
DWIDTH 14 0
BBX 14 30 0 -7
BITMAP
0000
0000
0000
0000
0000
00C0
01E0
01E0
01E0
01C0
01C0
0180
0180
0380
0300
0300
0300
0000
0000
0600
0F00
0F00
0600
0000
0000
0000
0000
0000
0000
0000
ENDCHAR
STARTCHAR PQuote2Ascii
ENCODING 34
SWIDTH 467 0
DWIDTH 14 0
BBX 14 30 0 -7
BITMAP
0000
0000
0000
0000
0738
0738
0738
0E70
0E70
0C60
0C60
0000
0000
0000
0000
0000
0000
0000
0000
0000
0000
0000
0000
0000
0000
0000
0000
0000
0000
0000
ENDCHAR
STARTCHAR SNumberSign
ENCODING 35
SWIDTH 467 0
DWIDTH 14 0
BBX 14 30 0 -7
BITMAP
0000
0000
0000
0000
0000
0000
0000
0000
0000
0330
0330
0660
1FF8
1FF8
0660
0EE0
0CC0
3FF0
3FF0
0CC0
1980
1980
0000
0000
0000
0000
0000
0000
0000
0000
ENDCHAR
STARTCHAR CurrDollar
ENCODING 36
SWIDTH 467 0
DWIDTH 14 0
BBX 14 30 0 -7
BITMAP
0000
0000
0000
0000
00C0
00C0
00C0
03F8
0FFC
0CCC
198C
1980
1D80
0F80
0780
03C0
03E0
0370
0330
6330
6660
7FE0
3F80
0600
0600
0600
0000
0000
0000
0000
ENDCHAR
STARTCHAR SPercent
ENCODING 37
SWIDTH 467 0
DWIDTH 14 0
BBX 14 30 0 -7
BITMAP
0000
0000
0000
0000
0000
070C
0F8C
199C
19B8
19B0
1F60
0EE0
01C0
0180
0300
0700
0EE0
0DF0
1B30
3B30
7330
63E0
61C0
0000
0000
0000
0000
0000
0000
0000
ENDCHAR
STARTCHAR SAmpersand
ENCODING 38
SWIDTH 467 0
DWIDTH 14 0
BBX 14 30 0 -7
BITMAP
0000
0000
0000
0000
0000
0000
01C0
07E0
0660
0C60
0CC0
0D80
0700
0600
0E18
1B30
3360
61C0
6180
6380
66C0
7CF0
3870
0000
0000
0000
0000
0000
0000
0000
ENDCHAR
STARTCHAR PApostropheAscii
ENCODING 39
SWIDTH 467 0
DWIDTH 14 0
BBX 14 30 0 -7
BITMAP
0000
0000
0000
0000
00C0
01E0
00E0
00C0
01C0
0380
0700
0000
0000
0000
0000
0000
0000
0000
0000
0000
0000
0000
0000
0000
0000
0000
0000
0000
0000
0000
ENDCHAR
STARTCHAR PParenL
ENCODING 40
SWIDTH 467 0
DWIDTH 14 0
BBX 14 30 0 -7
BITMAP
0000
0000
0000
0000
0038
0070
00E0
01C0
0380
0300
0600
0600
0C00
0C00
0C00
0C00
0C00
0C00
0C00
0C00
0C00
0600
0700
0380
0180
0000
0000
0000
0000
0000
ENDCHAR
STARTCHAR PParenR
ENCODING 41
SWIDTH 467 0
DWIDTH 14 0
BBX 14 30 0 -7
BITMAP
0000
0000
0000
0000
0300
0380
01C0
00C0
0060
0060
0060
0060
0060
0060
0060
0060
0060
00C0
00C0
0180
0380
0700
0E00
1C00
3800
0000
0000
0000
0000
0000
ENDCHAR
STARTCHAR SAsterisk
ENCODING 42
SWIDTH 467 0
DWIDTH 14 0
BBX 14 30 0 -7
BITMAP
0000
0000
0000
0000
0000
0000
0000
0000
0000
0000
0000
0C30
0E70
0660
03C0
3FF8
3FF8
0780
0CC0
1CE0
1860
0000
0000
0000
0000
0000
0000
0000
0000
0000
ENDCHAR
STARTCHAR MPlus
ENCODING 43
SWIDTH 467 0
DWIDTH 14 0
BBX 14 30 0 -7
BITMAP
0000
0000
0000
0000
0000
0000
0000
0000
0000
0000
0000
0180
0180
0300
0300
3FF0
3FF0
0300
0300
0600
0600
0000
0000
0000
0000
0000
0000
0000
0000
0000
ENDCHAR
STARTCHAR PComma
ENCODING 44
SWIDTH 467 0
DWIDTH 14 0
BBX 14 30 0 -7
BITMAP
0000
0000
0000
0000
0000
0000
0000
0000
0000
0000
0000
0000
0000
0000
0000
0000
0000
0000
0000
0600
0F00
0700
0600
0E00
1C00
3800
0000
0000
0000
0000
ENDCHAR
STARTCHAR PHyphenMinus
ENCODING 45
SWIDTH 467 0
DWIDTH 14 0
BBX 14 30 0 -7
BITMAP
0000
0000
0000
0000
0000
0000
0000
0000
0000
0000
0000
0000
0000
0000
0000
3FF0
3FF0
0000
0000
0000
0000
0000
0000
0000
0000
0000
0000
0000
0000
0000
ENDCHAR
STARTCHAR PFullStop
ENCODING 46
SWIDTH 467 0
DWIDTH 14 0
BBX 14 30 0 -7
BITMAP
0000
0000
0000
0000
0000
0000
0000
0000
0000
0000
0000
0000
0000
0000
0000
0000
0000
0000
0000
0600
0F00
0F00
0600
0000
0000
0000
0000
0000
0000
0000
ENDCHAR
STARTCHAR PSolidus
ENCODING 47
SWIDTH 467 0
DWIDTH 14 0
BBX 14 30 0 -7
BITMAP
0000
0000
0000
0000
0000
000C
001C
0018
0038
0030
0060
00E0
00C0
01C0
0180
0300
0700
0600
0E00
0C00
1800
3800
3000
7000
6000
0000
0000
0000
0000
0000
ENDCHAR
STARTCHAR Digit0
ENCODING 48
SWIDTH 467 0
DWIDTH 14 0
BBX 14 30 0 -7
BITMAP
0000
0000
0000
0000
0000
0000
01E0
03F0
0738
0E18
0C18
1818
1818
1818
3018
3030
3030
3030
3060
30E0
39C0
1F80
0F00
0000
0000
0000
0000
0000
0000
0000
ENDCHAR
STARTCHAR Digit1
ENCODING 49
SWIDTH 467 0
DWIDTH 14 0
BBX 14 30 0 -7
BITMAP
0000
0000
0000
0000
0000
0000
0030
0070
00F0
01F0
03E0
0760
0E60
0060
00C0
00C0
00C0
00C0
00C0
0180
0180
0180
0180
0000
0000
0000
0000
0000
0000
0000
ENDCHAR
STARTCHAR Digit2
ENCODING 50
SWIDTH 467 0
DWIDTH 14 0
BBX 14 30 0 -7
BITMAP
0000
0000
0000
0000
0000
0000
03F0
07F8
0E18
0C18
1818
0018
0030
0070
00E0
01C0
0380
0700
0E00
1C00
3800
7FE0
7FE0
0000
0000
0000
0000
0000
0000
0000
ENDCHAR
STARTCHAR Digit3
ENCODING 51
SWIDTH 467 0
DWIDTH 14 0
BBX 14 30 0 -7
BITMAP
0000
0000
0000
0000
0000
0000
03F0
07F8
0E18
0C18
0C18
0030
0060
01E0
01E0
0060
0030
0030
3030
3060
30E0
3FC0
1F80
0000
0000
0000
0000
0000
0000
0000
ENDCHAR
STARTCHAR Digit4
ENCODING 52
SWIDTH 467 0
DWIDTH 14 0
BBX 14 30 0 -7
BITMAP
0000
0000
0000
0000
0000
0000
0010
0030
0070
00F0
01E0
03E0
0760
0E60
1CC0
38C0
3FF0
3FF0
00C0
0180
0180
0180
0180
0000
0000
0000
0000
0000
0000
0000
ENDCHAR
STARTCHAR Digit5
ENCODING 53
SWIDTH 467 0
DWIDTH 14 0
BBX 14 30 0 -7
BITMAP
0000
0000
0000
0000
0000
0000
07F8
07F8
0600
0600
0C00
0FC0
0FE0
0C70
0030
0030
0030
0030
0070
6060
70E0
3FC0
1F00
0000
0000
0000
0000
0000
0000
0000
ENDCHAR
STARTCHAR Digit6
ENCODING 54
SWIDTH 467 0
DWIDTH 14 0
BBX 14 30 0 -7
BITMAP
0000
0000
0000
0000
0000
0000
00F0
01F0
0380
0700
0E00
0C00
1800
1FC0
1FE0
3870
3030
3030
3030
3030
3860
1FE0
0F80
0000
0000
0000
0000
0000
0000
0000
ENDCHAR
STARTCHAR Digit7
ENCODING 55
SWIDTH 467 0
DWIDTH 14 0
BBX 14 30 0 -7
BITMAP
0000
0000
0000
0000
0000
0000
0FFC
0FFC
001C
0038
0070
0060
00C0
00C0
0180
0180
0300
0300
0600
0600
0C00
0C00
0C00
0000
0000
0000
0000
0000
0000
0000
ENDCHAR
STARTCHAR Digit8
ENCODING 56
SWIDTH 467 0
DWIDTH 14 0
BBX 14 30 0 -7
BITMAP
0000
0000
0000
0000
0000
0000
01F0
03F8
0618
0618
0618
0630
0360
03C0
07C0
0EE0
1C60
1830
3030
3030
3870
1FE0
0F80
0000
0000
0000
0000
0000
0000
0000
ENDCHAR
STARTCHAR Digit9
ENCODING 57
SWIDTH 467 0
DWIDTH 14 0
BBX 14 30 0 -7
BITMAP
0000
0000
0000
0000
0000
0000
03E0
0FF0
0C38
1818
1818
1818
1818
1C38
0FF8
07F0
0030
0060
00E0
01C0
0380
1F00
1E00
0000
0000
0000
0000
0000
0000
0000
ENDCHAR
STARTCHAR PColon
ENCODING 58
SWIDTH 467 0
DWIDTH 14 0
BBX 14 30 0 -7
BITMAP
0000
0000
0000
0000
0000
0000
0000
0000
0000
0000
0000
0000
0300
0780
0780
0300
0000
0000
0000
0600
0F00
0F00
0600
0000
0000
0000
0000
0000
0000
0000
ENDCHAR
STARTCHAR PSemicolon
ENCODING 59
SWIDTH 467 0
DWIDTH 14 0
BBX 14 30 0 -7
BITMAP
0000
0000
0000
0000
0000
0000
0000
0000
0000
0000
0000
0000
0300
0780
0780
0300
0000
0000
0000
0600
0F00
0700
0600
0E00
1C00
3800
0000
0000
0000
0000
ENDCHAR
STARTCHAR MLess
ENCODING 60
SWIDTH 467 0
DWIDTH 14 0
BBX 14 30 0 -7
BITMAP
0000
0000
0000
0000
0000
0000
0000
0000
0070
00E0
01C0
0380
0700
0E00
1C00
3800
1C00
0E00
0700
0380
01C0
00E0
0060
0000
0000
0000
0000
0000
0000
0000
ENDCHAR
STARTCHAR MEqual
ENCODING 61
SWIDTH 467 0
DWIDTH 14 0
BBX 14 30 0 -7
BITMAP
0000
0000
0000
0000
0000
0000
0000
0000
0000
0000
0000
0000
3FF0
3FF0
0000
0000
0000
3FF0
3FF0
0000
0000
0000
0000
0000
0000
0000
0000
0000
0000
0000
ENDCHAR
STARTCHAR MGreater
ENCODING 62
SWIDTH 467 0
DWIDTH 14 0
BBX 14 30 0 -7
BITMAP
0000
0000
0000
0000
0000
0000
0000
0000
3800
1C00
0E00
0700
0380
01C0
00E0
0070
00E0
01C0
0380
0700
0E00
1C00
3800
0000
0000
0000
0000
0000
0000
0000
ENDCHAR
STARTCHAR PQuestion
ENCODING 63
SWIDTH 467 0
DWIDTH 14 0
BBX 14 30 0 -7
BITMAP
0000
0000
0000
0000
0000
03F0
07F8
0E1C
0C0C
0C0C
001C
0038
0070
00E0
01C0
0380
0300
0000
0000
0600
0F00
0F00
0600
0000
0000
0000
0000
0000
0000
0000
ENDCHAR
STARTCHAR SCommercialAt
ENCODING 64
SWIDTH 467 0
DWIDTH 14 0
BBX 14 30 0 -7
BITMAP
0000
0000
0000
0000
0000
0000
0000
01E0
07F8
0E18
1808
33EC
37EC
366C
666C
6CCC
6CD8
6FF8
6770
2000
3060
3FC0
0F00
0000
0000
0000
0000
0000
0000
0000
ENDCHAR
STARTCHAR LtCapA
ENCODING 65
SWIDTH 467 0
DWIDTH 14 0
BBX 14 30 0 -7
BITMAP
0000
0000
0000
0000
0000
0000
00C0
00C0
01C0
01C0
03C0
0360
0660
0660
0C60
0C60
1FE0
1FE0
3030
3030
6030
6030
E030
0000
0000
0000
0000
0000
0000
0000
ENDCHAR
STARTCHAR LtCapB
ENCODING 66
SWIDTH 467 0
DWIDTH 14 0
BBX 14 30 0 -7
BITMAP
0000
0000
0000
0000
0000
0000
0FF0
0FF8
0C18
0C18
1818
1818
1830
1FE0
1FE0
3060
3030
3030
3030
6030
6060
7FE0
7F80
0000
0000
0000
0000
0000
0000
0000
ENDCHAR
STARTCHAR LtCapC
ENCODING 67
SWIDTH 467 0
DWIDTH 14 0
BBX 14 30 0 -7
BITMAP
0000
0000
0000
0000
0000
0000
00F8
03FC
070C
0E04
0C00
1800
1800
3000
3000
3000
3000
3000
3000
3020
1860
1FE0
0FC0
0000
0000
0000
0000
0000
0000
0000
ENDCHAR
STARTCHAR LtCapD
ENCODING 68
SWIDTH 467 0
DWIDTH 14 0
BBX 14 30 0 -7
BITMAP
0000
0000
0000
0000
0000
0000
0FE0
0FF0
0C30
0C18
1818
1818
1818
1818
3018
3018
3030
3030
6070
60E0
61C0
7F80
7E00
0000
0000
0000
0000
0000
0000
0000
ENDCHAR
STARTCHAR LtCapE
ENCODING 69
SWIDTH 467 0
DWIDTH 14 0
BBX 14 30 0 -7
BITMAP
0000
0000
0000
0000
0000
0000
0FFC
0FFC
0C00
0C00
1800
1800
1800
1FE0
1FE0
3000
3000
3000
3000
6000
6000
7FE0
7FE0
0000
0000
0000
0000
0000
0000
0000
ENDCHAR
STARTCHAR LtCapF
ENCODING 70
SWIDTH 467 0
DWIDTH 14 0
BBX 14 30 0 -7
BITMAP
0000
0000
0000
0000
0000
0000
0FFC
0FFC
0C00
0C00
1800
1800
1800
1FE0
1FE0
3000
3000
3000
3000
6000
6000
6000
6000
0000
0000
0000
0000
0000
0000
0000
ENDCHAR
STARTCHAR LtCapG
ENCODING 71
SWIDTH 467 0
DWIDTH 14 0
BBX 14 30 0 -7
BITMAP
0000
0000
0000
0000
0000
0000
00F8
03FC
070C
0E04
0C00
1800
1800
3000
30F8
30F8
3030
3030
3030
3030
1860
1FE0
0FE0
0000
0000
0000
0000
0000
0000
0000
ENDCHAR
STARTCHAR LtCapH
ENCODING 72
SWIDTH 467 0
DWIDTH 14 0
BBX 14 30 0 -7
BITMAP
0000
0000
0000
0000
0000
0000
0C0C
0C0C
0C0C
0C0C
1818
1818
1818
1FF8
1FF8
3030
3030
3030
3030
6060
6060
6060
6060
0000
0000
0000
0000
0000
0000
0000
ENDCHAR
STARTCHAR LtCapI
ENCODING 73
SWIDTH 467 0
DWIDTH 14 0
BBX 14 30 0 -7
BITMAP
0000
0000
0000
0000
0000
0000
07F8
07F8
00C0
00C0
00C0
0180
0180
0180
0180
0300
0300
0300
0300
0600
0600
3FC0
3FC0
0000
0000
0000
0000
0000
0000
0000
ENDCHAR
STARTCHAR LtCapJ
ENCODING 74
SWIDTH 467 0
DWIDTH 14 0
BBX 14 30 0 -7
BITMAP
0000
0000
0000
0000
0000
0000
003C
003C
0018
0018
0030
0030
0030
0030
0030
0060
0060
6060
6060
60C0
70C0
3F80
1F00
0000
0000
0000
0000
0000
0000
0000
ENDCHAR
STARTCHAR LtCapK
ENCODING 75
SWIDTH 467 0
DWIDTH 14 0
BBX 14 30 0 -7
BITMAP
0000
0000
0000
0000
0000
0000
0C0C
0C1C
0C38
0C70
18E0
19C0
1B80
1F00
1F00
3D80
3980
3180
30C0
60C0
60C0
6060
6060
0000
0000
0000
0000
0000
0000
0000
ENDCHAR
STARTCHAR LtCapL
ENCODING 76
SWIDTH 467 0
DWIDTH 14 0
BBX 14 30 0 -7
BITMAP
0000
0000
0000
0000
0000
0000
0C00
0C00
0C00
0C00
1800
1800
1800
1800
1800
3000
3000
3000
3000
6000
6000
7FE0
7FE0
0000
0000
0000
0000
0000
0000
0000
ENDCHAR
STARTCHAR LtCapM
ENCODING 77
SWIDTH 467 0
DWIDTH 14 0
BBX 14 30 0 -7
BITMAP
0000
0000
0000
0000
0000
0000
180C
180C
1C1C
1C3C
3C38
3C78
34D8
34D8
3798
6730
6730
6630
6630
C060
C060
C060
C060
0000
0000
0000
0000
0000
0000
0000
ENDCHAR
STARTCHAR LtCapN
ENCODING 78
SWIDTH 467 0
DWIDTH 14 0
BBX 14 30 0 -7
BITMAP
0000
0000
0000
0000
0000
0000
0C0C
0C0C
0C0C
0E0C
1E18
1B18
1B18
1B18
3398
31B0
31B0
31B0
30F0
60E0
6060
6060
6060
0000
0000
0000
0000
0000
0000
0000
ENDCHAR
STARTCHAR LtCapO
ENCODING 79
SWIDTH 467 0
DWIDTH 14 0
BBX 14 30 0 -7
BITMAP
0000
0000
0000
0000
0000
0000
03E0
0FF0
0C30
1818
3818
3018
3018
6018
6018
6018
6030
6030
6070
6060
30C0
3FC0
1F00
0000
0000
0000
0000
0000
0000
0000
ENDCHAR
STARTCHAR LtCapP
ENCODING 80
SWIDTH 467 0
DWIDTH 14 0
BBX 14 30 0 -7
BITMAP
0000
0000
0000
0000
0000
0000
0FF0
0FF8
0C18
0C18
1818
1818
1838
1870
3FE0
3FC0
3000
3000
3000
6000
6000
6000
6000
0000
0000
0000
0000
0000
0000
0000
ENDCHAR
STARTCHAR LtCapQ
ENCODING 81
SWIDTH 467 0
DWIDTH 14 0
BBX 14 30 0 -7
BITMAP
0000
0000
0000
0000
0000
0000
03E0
0FF0
0C30
1818
3818
3018
3018
6018
6018
6018
6030
6030
6E70
7F60
31C0
3FC0
1F80
0080
00F0
0060
0000
0000
0000
0000
ENDCHAR
STARTCHAR LtCapR
ENCODING 82
SWIDTH 467 0
DWIDTH 14 0
BBX 14 30 0 -7
BITMAP
0000
0000
0000
0000
0000
0000
0FF0
0FF8
0C18
0C18
0C18
1818
1838
1FF0
1FE0
3300
3300
3180
3180
60C0
60C0
6060
6060
0000
0000
0000
0000
0000
0000
0000
ENDCHAR
STARTCHAR LtCapS
ENCODING 83
SWIDTH 467 0
DWIDTH 14 0
BBX 14 30 0 -7
BITMAP
0000
0000
0000
0000
0000
0000
03F8
07FC
0E0C
0C0C
0C00
0E00
0600
0700
0380
01C0
00C0
00E0
0060
6060
60E0
7FC0
3F80
0000
0000
0000
0000
0000
0000
0000
ENDCHAR
STARTCHAR LtCapT
ENCODING 84
SWIDTH 467 0
DWIDTH 14 0
BBX 14 30 0 -7
BITMAP
0000
0000
0000
0000
0000
0000
0FFC
0FFC
00C0
00C0
00C0
0180
0180
0180
0180
0300
0300
0300
0300
0600
0600
0600
0600
0000
0000
0000
0000
0000
0000
0000
ENDCHAR
STARTCHAR LtCapU
ENCODING 85
SWIDTH 467 0
DWIDTH 14 0
BBX 14 30 0 -7
BITMAP
0000
0000
0000
0000
0000
0000
0C0C
0C0C
0C0C
0C0C
1818
1818
1818
1818
1818
3030
3030
3030
3030
3060
38E0
1FC0
0F80
0000
0000
0000
0000
0000
0000
0000
ENDCHAR
STARTCHAR LtCapV
ENCODING 86
SWIDTH 467 0
DWIDTH 14 0
BBX 14 30 0 -7
BITMAP
0000
0000
0000
0000
0000
0000
180C
180C
180C
1818
1818
0C30
0C30
0C60
0C60
0CC0
0CC0
0D80
0780
0700
0700
0600
0600
0000
0000
0000
0000
0000
0000
0000
ENDCHAR
STARTCHAR LtCapW
ENCODING 87
SWIDTH 467 0
DWIDTH 14 0
BBX 14 30 0 -7
BITMAP
0000
0000
0000
0000
0000
0000
180C
180C
180C
1818
1998
1998
3398
33B0
37B0
35B0
3CF0
38E0
78E0
70E0
70C0
60C0
60C0
0000
0000
0000
0000
0000
0000
0000
ENDCHAR
STARTCHAR LtCapX
ENCODING 88
SWIDTH 467 0
DWIDTH 14 0
BBX 14 30 0 -7
BITMAP
0000
0000
0000
0000
0000
0000
0C0C
0C1C
0C18
0630
0630
0660
03C0
03C0
0380
0780
0780
0CC0
18C0
18C0
3060
7060
6060
0000
0000
0000
0000
0000
0000
0000
ENDCHAR
STARTCHAR LtCapY
ENCODING 89
SWIDTH 467 0
DWIDTH 14 0
BBX 14 30 0 -7
BITMAP
0000
0000
0000
0000
0000
0000
0C0C
0C1C
0C18
0630
0630
0660
03C0
03C0
0380
0300
0300
0300
0300
0600
0600
0600
0600
0000
0000
0000
0000
0000
0000
0000
ENDCHAR
STARTCHAR LtCapZ
ENCODING 90
SWIDTH 467 0
DWIDTH 14 0
BBX 14 30 0 -7
BITMAP
0000
0000
0000
0000
0000
0000
0FFC
0FFC
001C
0038
0070
0060
00C0
01C0
0380
0700
0600
0C00
1C00
3800
7000
7FE0
7FE0
0000
0000
0000
0000
0000
0000
0000
ENDCHAR
STARTCHAR PSquareBrackL
ENCODING 91
SWIDTH 467 0
DWIDTH 14 0
BBX 14 30 0 -7
BITMAP
0000
0000
0000
0000
03F0
03F0
0300
0300
0300
0300
0600
0600
0600
0600
0600
0C00
0C00
0C00
0C00
0C00
1800
1800
1800
1F80
1F80
0000
0000
0000
0000
0000
ENDCHAR
STARTCHAR PRevSolidus
ENCODING 92
SWIDTH 467 0
DWIDTH 14 0
BBX 14 30 0 -7
BITMAP
0000
0000
0000
0000
0C00
0C00
0C00
0E00
0600
0600
0600
0700
0300
0300
0380
0180
0180
01C0
00C0
00C0
00C0
00E0
0060
0060
0060
0000
0000
0000
0000
0000
ENDCHAR
STARTCHAR PSquareBrackR
ENCODING 93
SWIDTH 467 0
DWIDTH 14 0
BBX 14 30 0 -7
BITMAP
0000
0000
0000
0000
01F0
01F0
0030
0030
0030
0030
0060
0060
0060
0060
0060
00C0
00C0
00C0
00C0
00C0
0180
0180
0180
1F80
1F80
0000
0000
0000
0000
0000
ENDCHAR
STARTCHAR AccCircumAscii
ENCODING 94
SWIDTH 467 0
DWIDTH 14 0
BBX 14 30 0 -7
BITMAP
0000
0000
0000
0000
0180
03C0
07E0
0E70
1C38
1818
1008
0000
0000
0000
0000
0000
0000
0000
0000
0000
0000
0000
0000
0000
0000
0000
0000
0000
0000
0000
ENDCHAR
STARTCHAR OLowline
ENCODING 95
SWIDTH 467 0
DWIDTH 14 0
BBX 14 30 0 -7
BITMAP
0000
0000
0000
0000
0000
0000
0000
0000
0000
0000
0000
0000
0000
0000
0000
0000
0000
0000
0000
0000
0000
7FE0
7FE0
0000
0000
0000
0000
0000
0000
0000
ENDCHAR
STARTCHAR AccGraveAscii
ENCODING 96
SWIDTH 467 0
DWIDTH 14 0
BBX 14 30 0 -7
BITMAP
0000
0000
0000
0000
0180
03C0
0380
0300
0380
01C0
00E0
0000
0000
0000
0000
0000
0000
0000
0000
0000
0000
0000
0000
0000
0000
0000
0000
0000
0000
0000
ENDCHAR
STARTCHAR LtSmlA
ENCODING 97
SWIDTH 467 0
DWIDTH 14 0
BBX 14 30 0 -7
BITMAP
0000
0000
0000
0000
0000
0000
0000
0000
0000
0000
0198
07D8
0E78
1C38
1830
3030
3030
3060
3060
30E0
39E0
1F70
0E30
0000
0000
0000
0000
0000
0000
0000
ENDCHAR
STARTCHAR LtSmlB
ENCODING 98
SWIDTH 467 0
DWIDTH 14 0
BBX 14 30 0 -7
BITMAP
0000
0000
0000
0000
0000
0E00
0E00
0600
0C00
0C00
0DC0
0BE0
1E70
1C30
1830
1830
3030
3030
3060
30E0
39C0
1F80
0E00
0000
0000
0000
0000
0000
0000
0000
ENDCHAR
STARTCHAR LtSmlC
ENCODING 99
SWIDTH 467 0
DWIDTH 14 0
BBX 14 30 0 -7
BITMAP
0000
0000
0000
0000
0000
0000
0000
0000
0000
0000
01E0
07F0
0E30
1C10
1800
3000
3000
3000
3000
3060
38E0
1FC0
0F00
0000
0000
0000
0000
0000
0000
0000
ENDCHAR
STARTCHAR LtSmlD
ENCODING 100
SWIDTH 467 0
DWIDTH 14 0
BBX 14 30 0 -7
BITMAP
0000
0000
0000
0000
0000
000C
000C
000C
000C
0018
0198
07D8
0E78
1C30
1830
3030
3030
3060
3060
30E0
39E0
1F70
0E30
0000
0000
0000
0000
0000
0000
0000
ENDCHAR
STARTCHAR LtSmlE
ENCODING 101
SWIDTH 467 0
DWIDTH 14 0
BBX 14 30 0 -7
BITMAP
0000
0000
0000
0000
0000
0000
0000
0000
0000
0000
01E0
07F0
0E30
1C18
1838
3FF0
3FE0
3000
3000
3000
3860
1FC0
0F80
0000
0000
0000
0000
0000
0000
0000
ENDCHAR
STARTCHAR LtSmlF
ENCODING 102
SWIDTH 467 0
DWIDTH 14 0
BBX 14 30 0 -7
BITMAP
0000
0000
0000
0000
0000
007C
00FC
01CC
0180
0180
0180
0300
3FF0
3FF0
0300
0300
0300
0300
0600
0600
0600
0600
0C00
0C00
0C00
0C00
1800
1800
0000
0000
ENDCHAR
STARTCHAR LtSmlG
ENCODING 103
SWIDTH 467 0
DWIDTH 14 0
BBX 14 30 0 -7
BITMAP
0000
0000
0000
0000
0000
0000
0000
0000
0000
0000
0198
07D8
0E78
1C38
1830
3030
3030
3030
3060
30E0
39E0
1F60
0E60
00C0
00C0
61C0
7F80
7F00
0000
0000
ENDCHAR
STARTCHAR LtSmlH
ENCODING 104
SWIDTH 467 0
DWIDTH 14 0
BBX 14 30 0 -7
BITMAP
0000
0000
0000
0000
0000
1C00
1C00
0C00
0C00
0C00
19C0
1BE0
1E70
1C30
1830
3060
3060
3060
3060
30C0
60C0
60F0
6070
0000
0000
0000
0000
0000
0000
0000
ENDCHAR
STARTCHAR LtSmlI
ENCODING 105
SWIDTH 467 0
DWIDTH 14 0
BBX 14 30 0 -7
BITMAP
0000
0000
0000
0000
0000
00C0
00C0
00C0
0000
0000
0F80
0F80
0180
0300
0300
0300
0600
0600
0600
0C00
0C60
0FE0
07C0
0000
0000
0000
0000
0000
0000
0000
ENDCHAR
STARTCHAR LtSmlJ
ENCODING 106
SWIDTH 467 0
DWIDTH 14 0
BBX 14 30 0 -7
BITMAP
0000
0000
0000
0000
0000
0060
0060
0060
0000
0000
07C0
07C0
00C0
00C0
00C0
0180
0180
0180
0180
0180
0300
0300
0300
0300
0700
CE00
FC00
7800
0000
0000
ENDCHAR
STARTCHAR LtSmlK
ENCODING 107
SWIDTH 467 0
DWIDTH 14 0
BBX 14 30 0 -7
BITMAP
0000
0000
0000
0000
0000
1C00
1C00
0C00
0C00
0C00
19C0
1FE0
1C70
1830
1830
3060
3FC0
3F80
3180
30C0
60C0
60F0
6070
0000
0000
0000
0000
0000
0000
0000
ENDCHAR
STARTCHAR LtSmlL
ENCODING 108
SWIDTH 467 0
DWIDTH 14 0
BBX 14 30 0 -7
BITMAP
0000
0000
0000
0000
0000
03C0
03C0
00C0
0180
0180
0180
0180
0300
0300
0300
0600
0600
0600
0600
0C00
0C60
0FE0
07C0
0000
0000
0000
0000
0000
0000
0000
ENDCHAR
STARTCHAR LtSmlM
ENCODING 109
SWIDTH 467 0
DWIDTH 14 0
BBX 14 30 0 -7
BITMAP
0000
0000
0000
0000
0000
0000
0000
0000
0000
0000
7738
7FFC
39CC
318C
318C
6318
6318
6318
6318
C630
C630
C638
C618
0000
0000
0000
0000
0000
0000
0000
ENDCHAR
STARTCHAR LtSmlN
ENCODING 110
SWIDTH 467 0
DWIDTH 14 0
BBX 14 30 0 -7
BITMAP
0000
0000
0000
0000
0000
0000
0000
0000
0000
0000
39C0
3BE0
1E70
1C30
1830
3060
3060
3060
3060
30C0
60C0
60F0
6070
0000
0000
0000
0000
0000
0000
0000
ENDCHAR
STARTCHAR LtSmlO
ENCODING 111
SWIDTH 467 0
DWIDTH 14 0
BBX 14 30 0 -7
BITMAP
0000
0000
0000
0000
0000
0000
0000
0000
0000
0000
03C0
07E0
0E70
1C30
1830
3030
3030
3030
3060
30E0
39C0
1F80
0F00
0000
0000
0000
0000
0000
0000
0000
ENDCHAR
STARTCHAR LtSmlP
ENCODING 112
SWIDTH 467 0
DWIDTH 14 0
BBX 14 30 0 -7
BITMAP
0000
0000
0000
0000
0000
0000
0000
0000
0000
0000
3BC0
3FE0
1C70
1830
1830
1830
3030
3030
3060
30E0
79C0
6F80
6600
6000
C000
C000
C000
C000
0000
0000
ENDCHAR
STARTCHAR LtSmlQ
ENCODING 113
SWIDTH 467 0
DWIDTH 14 0
BBX 14 30 0 -7
BITMAP
0000
0000
0000
0000
0000
0000
0000
0000
0000
0000
0198
07D8
0E78
1C38
1830
3030
3030
3030
3060
30E0
39E0
1F60
0E60
00C0
00C0
00C0
00C0
00C0
0000
0000
ENDCHAR
STARTCHAR LtSmlR
ENCODING 114
SWIDTH 467 0
DWIDTH 14 0
BBX 14 30 0 -7
BITMAP
0000
0000
0000
0000
0000
0000
0000
0000
0000
0000
3CF0
3DF8
0F38
0E18
0C00
1800
1800
1800
1800
1800
3000
3000
3000
0000
0000
0000
0000
0000
0000
0000
ENDCHAR
STARTCHAR LtSmlS
ENCODING 115
SWIDTH 467 0
DWIDTH 14 0
BBX 14 30 0 -7
BITMAP
0000
0000
0000
0000
0000
0000
0000
0000
0000
0000
07E0
0FF0
1C30
1830
1C00
0E00
0780
01C0
00E0
6060
60E0
3FC0
1F80
0000
0000
0000
0000
0000
0000
0000
ENDCHAR
STARTCHAR LtSmlT
ENCODING 116
SWIDTH 467 0
DWIDTH 14 0
BBX 14 30 0 -7
BITMAP
0000
0000
0000
0000
0000
0000
0100
0300
0300
0300
1FF0
1FF0
0600
0600
0600
0C00
0C00
0C00
1800
1800
1CC0
0FC0
0780
0000
0000
0000
0000
0000
0000
0000
ENDCHAR
STARTCHAR LtSmlU
ENCODING 117
SWIDTH 467 0
DWIDTH 14 0
BBX 14 30 0 -7
BITMAP
0000
0000
0000
0000
0000
0000
0000
0000
0000
0000
1C18
1C18
0C18
1818
1830
1830
1830
3060
3060
30E0
39E0
1F70
0E30
0000
0000
0000
0000
0000
0000
0000
ENDCHAR
STARTCHAR LtSmlV
ENCODING 118
SWIDTH 467 0
DWIDTH 14 0
BBX 14 30 0 -7
BITMAP
0000
0000
0000
0000
0000
0000
0000
0000
0000
0000
3030
3038
1818
1818
1818
0C30
0C30
0C60
0CE0
0DC0
0F80
0F00
0E00
0000
0000
0000
0000
0000
0000
0000
ENDCHAR
STARTCHAR LtSmlW
ENCODING 119
SWIDTH 467 0
DWIDTH 14 0
BBX 14 30 0 -7
BITMAP
0000
0000
0000
0000
0000
0000
0000
0000
0000
0000
6018
701C
300C
318C
318C
3398
3398
3698
36B0
3CF0
38E0
30C0
20C0
0000
0000
0000
0000
0000
0000
0000
ENDCHAR
STARTCHAR LtSmlX
ENCODING 120
SWIDTH 467 0
DWIDTH 14 0
BBX 14 30 0 -7
BITMAP
0000
0000
0000
0000
0000
0000
0000
0000
0000
0000
1C38
1E38
0670
0360
03C0
0380
0300
0700
0F00
1B00
3B80
71E0
70E0
0000
0000
0000
0000
0000
0000
0000
ENDCHAR
STARTCHAR LtSmlY
ENCODING 121
SWIDTH 467 0
DWIDTH 14 0
BBX 14 30 0 -7
BITMAP
0000
0000
0000
0000
0000
0000
0000
0000
0000
0000
1C18
1C18
0C18
1818
1830
1830
1830
3030
3060
30E0
39E0
1F60
0E60
00C0
00C0
61C0
7F80
7F00
0000
0000
ENDCHAR
STARTCHAR LtSmlZ
ENCODING 122
SWIDTH 467 0
DWIDTH 14 0
BBX 14 30 0 -7
BITMAP
0000
0000
0000
0000
0000
0000
0000
0000
0000
0000
0FF8
1FF8
1830
0060
00C0
0180
0300
0600
0C00
1800
3C30
7E70
63E0
01C0
0000
0000
0000
0000
0000
0000
ENDCHAR
STARTCHAR PCurlyBrackL
ENCODING 123
SWIDTH 467 0
DWIDTH 14 0
BBX 14 30 0 -7
BITMAP
0000
0000
0000
0000
0038
0078
00E0
00C0
00C0
00C0
00C0
0180
0180
0700
0E00
0600
0300
0300
0300
0300
0600
0600
0700
03C0
01C0
0000
0000
0000
0000
0000
ENDCHAR
STARTCHAR OVertBar
ENCODING 124
SWIDTH 467 0
DWIDTH 14 0
BBX 14 30 0 -7
BITMAP
0000
0000
0000
0000
00C0
00C0
00C0
00C0
00C0
0180
0180
0180
0180
0180
0180
0300
0300
0300
0300
0300
0600
0600
0600
0600
0600
0000
0000
0000
0000
0000
ENDCHAR
STARTCHAR PCurlyBrackR
ENCODING 125
SWIDTH 467 0
DWIDTH 14 0
BBX 14 30 0 -7
BITMAP
0000
0000
0000
0000
0380
03C0
00E0
0060
0060
00C0
00C0
00C0
00C0
0060
0070
00E0
0180
0180
0300
0300
0300
0300
0700
1E00
1C00
0000
0000
0000
0000
0000
ENDCHAR
STARTCHAR AccTildeAscii
ENCODING 126
SWIDTH 467 0
DWIDTH 14 0
BBX 14 30 0 -7
BITMAP
0000
0000
0000
0000
038C
07CC
0DEC
0CF8
0C70
0000
0000
0000
0000
0000
0000
0000
0000
0000
0000
0000
0000
0000
0000
0000
0000
0000
0000
0000
0000
0000
ENDCHAR
STARTCHAR SpaceNoBreak
ENCODING 160
SWIDTH 467 0
DWIDTH 14 0
BBX 14 30 0 -7
BITMAP
0000
0000
0000
0000
0000
0000
0000
0000
0000
0000
0000
0000
0000
0000
0000
0000
0000
0000
3030
3030
3030
6060
7FE0
7FE0
0000
0000
0000
0000
0000
0000
ENDCHAR
STARTCHAR PExclamInv
ENCODING 161
SWIDTH 467 0
DWIDTH 14 0
BBX 14 30 0 -7
BITMAP
0000
0000
0000
0000
0000
0000
0000
0000
0000
0000
0180
03C0
03C0
0180
0000
0000
0300
0300
0300
0700
0600
0600
0E00
0E00
1E00
1E00
1E00
0C00
0000
0000
ENDCHAR
STARTCHAR CurrCent
ENCODING 162
SWIDTH 467 0
DWIDTH 14 0
BBX 14 30 0 -7
BITMAP
0000
0000
0000
0000
0000
0000
0000
0000
0018
0018
01F0
07F0
0E70
1CD0
18C0
3180
3300
3300
3600
3660
3CE0
1FC0
1F00
3000
3000
0000
0000
0000
0000
0000
ENDCHAR
STARTCHAR CurrPound
ENCODING 163
SWIDTH 467 0
DWIDTH 14 0
BBX 14 30 0 -7
BITMAP
0000
0000
0000
0000
0000
0000
01F0
03F8
071C
060C
0C00
0C00
0C00
0C00
7F80
7F80
1800
1800
1800
3000
6030
FFF0
FFF0
0000
0000
0000
0000
0000
0000
0000
ENDCHAR
STARTCHAR CurrGeneral
ENCODING 164
SWIDTH 467 0
DWIDTH 14 0
BBX 14 30 0 -7
BITMAP
0000
0000
0000
0000
0000
0000
0000
0000
0000
0000
0000
1830
1BB0
0FE0
0C40
1860
1860
08C0
1FC0
3760
3060
0000
0000
0000
0000
0000
0000
0000
0000
0000
ENDCHAR
STARTCHAR CurrYen
ENCODING 165
SWIDTH 467 0
DWIDTH 14 0
BBX 14 30 0 -7
BITMAP
0000
0000
0000
0000
0000
0000
0C0C
0C1C
0C18
0630
0630
0660
03C0
1FF8
1FF8
0300
0300
3FF0
3FF0
0600
0600
0600
0600
0000
0000
0000
0000
0000
0000
0000
ENDCHAR
STARTCHAR OVertBarBroken
ENCODING 166
SWIDTH 467 0
DWIDTH 14 0
BBX 14 30 0 -7
BITMAP
0000
0000
0000
0000
00C0
00C0
00C0
00C0
00C0
0180
0180
0180
0180
0000
0000
0000
0300
0300
0300
0300
0600
0600
0600
0600
0600
0000
0000
0000
0000
0000
ENDCHAR
STARTCHAR SParagraph
ENCODING 167
SWIDTH 467 0
DWIDTH 14 0
BBX 14 30 0 -7
BITMAP
0000
0000
0000
0000
0000
00F0
01F8
0398
0318
0300
0300
0180
03C0
07C0
0E60
0C60
0C60
0C60
0CE0
07C0
0780
0300
0180
0180
6180
6380
7F00
3E00
0000
0000
ENDCHAR
STARTCHAR AccDrss
ENCODING 168
SWIDTH 467 0
DWIDTH 14 0
BBX 14 30 0 -7
BITMAP
0000
0000
0000
0000
0738
0738
0738
0000
0000
0000
0000
0000
0000
0000
0000
0000
0000
0000
0000
0000
0000
0000
0000
0000
0000
0000
0000
0000
0000
0000
ENDCHAR
STARTCHAR SCopyright
ENCODING 169
SWIDTH 467 0
DWIDTH 14 0
BBX 14 30 0 -7
BITMAP
0000
0000
0000
0000
0000
0000
0000
0000
0780
1FE0
3870
3030
6798
6FD8
6C18
6C18
6C18
6FD8
6798
3030
3870
1FE0
0780
0000
0000
0000
0000
0000
0000
0000
ENDCHAR
STARTCHAR OrdFem
ENCODING 170
SWIDTH 467 0
DWIDTH 14 0
BBX 14 30 0 -7
BITMAP
0000
0000
0000
0000
0000
03F0
03F8
0018
03F8
07F8
0C30
0FF0
07F0
0000
0FF0
0FF0
0000
0000
0000
0000
0000
0000
0000
0000
0000
0000
0000
0000
0000
0000
ENDCHAR
STARTCHAR PQuoteAngle2L
ENCODING 171
SWIDTH 467 0
DWIDTH 14 0
BBX 14 30 0 -7
BITMAP
0000
0000
0000
0000
0000
0000
0000
0000
0000
0000
0000
0000
0318
0738
0E70
1CE0
39C0
1CE0
0E70
0630
0000
0000
0000
0000
0000
0000
0000
0000
0000
0000
ENDCHAR
STARTCHAR MNot
ENCODING 172
SWIDTH 467 0
DWIDTH 14 0
BBX 14 30 0 -7
BITMAP
0000
0000
0000
0000
0000
0000
0000
0000
0000
0000
0000
0000
0000
0000
0000
3FF0
3FF0
0030
0030
0030
0030
0000
0000
0000
0000
0000
0000
0000
0000
0000
ENDCHAR
STARTCHAR PHyphenSoft
ENCODING 173
SWIDTH 467 0
DWIDTH 14 0
BBX 14 30 0 -7
BITMAP
0000
0000
0000
0000
0000
0000
0000
0000
0000
0000
0000
0000
0000
0000
0000
1FE0
1FE0
0000
0000
0000
0000
0000
0000
0000
0000
0000
0000
0000
0000
0000
ENDCHAR
STARTCHAR SRegistered
ENCODING 174
SWIDTH 467 0
DWIDTH 14 0
BBX 14 30 0 -7
BITMAP
0000
0000
0000
0000
0000
0000
0000
0000
0780
1FE0
3870
3030
6F98
6FD8
6CD8
6F98
6D98
6CD8
6CD8
3030
3870
1FE0
0780
0000
0000
0000
0000
0000
0000
0000
ENDCHAR
STARTCHAR AccMacronLong
ENCODING 175
SWIDTH 467 0
DWIDTH 14 0
BBX 14 30 0 -7
BITMAP
0000
0000
0000
0000
0000
0FFC
0FFC
0000
0000
0000
0000
0000
0000
0000
0000
0000
0000
0000
0000
0000
0000
0000
0000
0000
0000
0000
0000
0000
0000
0000
ENDCHAR
STARTCHAR SDegree
ENCODING 176
SWIDTH 467 0
DWIDTH 14 0
BBX 14 30 0 -7
BITMAP
0000
0000
0000
0000
00F0
03F8
0318
0618
0618
0630
07F0
03C0
0000
0000
0000
0000
0000
0000
0000
0000
0000
0000
0000
0000
0000
0000
0000
0000
0000
0000
ENDCHAR
STARTCHAR MPlusMinus
ENCODING 177
SWIDTH 467 0
DWIDTH 14 0
BBX 14 30 0 -7
BITMAP
0000
0000
0000
0000
0000
0000
0000
0000
0000
0300
0300
0300
0300
3FF0
3FF0
0300
0300
0300
0300
0000
0000
3FF0
3FF0
0000
0000
0000
0000
0000
0000
0000
ENDCHAR
STARTCHAR Sup2
ENCODING 178
SWIDTH 467 0
DWIDTH 14 0
BBX 14 30 0 -7
BITMAP
0000
0000
0000
01F0
03F8
0718
0618
0038
0070
00E0
0380
0700
0FF0
0FF0
0000
0000
0000
0000
0000
0000
0000
0000
0000
0000
0000
0000
0000
0000
0000
0000
ENDCHAR
STARTCHAR Sup3
ENCODING 179
SWIDTH 467 0
DWIDTH 14 0
BBX 14 30 0 -7
BITMAP
0000
0000
0000
01F0
03F8
0618
0018
00F0
00F0
0030
0030
0C30
0FF0
07E0
0000
0000
0000
0000
0000
0000
0000
0000
0000
0000
0000
0000
0000
0000
0000
0000
ENDCHAR
STARTCHAR AccAcute
ENCODING 180
SWIDTH 467 0
DWIDTH 14 0
BBX 14 30 0 -7
BITMAP
0000
0000
0000
0038
0070
00E0
00C0
0180
0100
0000
0000
0000
0000
0000
0000
0000
0000
0000
0000
0000
0000
0000
0000
0000
0000
0000
0000
0000
0000
0000
ENDCHAR
STARTCHAR SMicro
ENCODING 181
SWIDTH 467 0
DWIDTH 14 0
BBX 14 30 0 -7
BITMAP
0000
0000
0000
0000
0000
0000
0000
0000
0000
0000
0C18
0C18
0C18
1818
1830
1830
1830
3060
3060
30E0
39E0
7F70
6630
6000
6000
C000
C000
C000
0000
0000
ENDCHAR
STARTCHAR SPilcrow
ENCODING 182
SWIDTH 467 0
DWIDTH 14 0
BBX 14 30 0 -7
BITMAP
0000
0000
0000
0000
0000
0000
03FC
07FC
0CCC
0CCC
1998
1998
1998
1998
1F98
0F30
0330
0330
0330
0660
0660
0660
0660
0000
0000
0000
0000
0000
0000
0000
ENDCHAR
STARTCHAR PMiddleDot
ENCODING 183
SWIDTH 467 0
DWIDTH 14 0
BBX 14 30 0 -7
BITMAP
0000
0000
0000
0000
0000
0000
0000
0000
0000
0000
0000
0000
0000
0600
0F00
0F00
0600
0000
0000
0000
0000
0000
0000
0000
0000
0000
0000
0000
0000
0000
ENDCHAR
STARTCHAR AccCedilla
ENCODING 184
SWIDTH 467 0
DWIDTH 14 0
BBX 14 30 0 -7
BITMAP
0000
0000
0000
0000
0000
0000
0000
0000
0000
0000
0000
0000
0000
0000
0000
0000
0000
0000
0000
0000
0000
0600
0600
0700
0380
0180
1F80
1F00
0000
0000
ENDCHAR
STARTCHAR Sup1
ENCODING 185
SWIDTH 467 0
DWIDTH 14 0
BBX 14 30 0 -7
BITMAP
0000
0000
0000
0030
0070
01F0
03E0
0360
0060
0060
00C0
00C0
00C0
00C0
0000
0000
0000
0000
0000
0000
0000
0000
0000
0000
0000
0000
0000
0000
0000
0000
ENDCHAR
STARTCHAR OrdMasc
ENCODING 186
SWIDTH 467 0
DWIDTH 14 0
BBX 14 30 0 -7
BITMAP
0000
0000
0000
0000
0000
01F0
03F8
0318
0618
0618
0630
07F0
03E0
0000
0FF0
0FF0
0000
0000
0000
0000
0000
0000
0000
0000
0000
0000
0000
0000
0000
0000
ENDCHAR
STARTCHAR PQuoteAngle2R
ENCODING 187
SWIDTH 467 0
DWIDTH 14 0
BBX 14 30 0 -7
BITMAP
0000
0000
0000
0000
0000
0000
0000
0000
0000
0000
0000
0000
18C0
1CE0
0E70
0738
0E70
1CE0
39C0
3180
0000
0000
0000
0000
0000
0000
0000
0000
0000
0000
ENDCHAR
STARTCHAR Frac14
ENCODING 188
SWIDTH 467 0
DWIDTH 14 0
BBX 14 30 0 -7
BITMAP
0000
0000
0000
0000
0600
0E00
1E00
3600
0600
0C0C
0C18
0C30
0C60
00C0
0100
0600
0C30
1870
30F0
61B0
0360
03F0
03F0
0060
0060
0000
0000
0000
0000
0000
ENDCHAR
STARTCHAR Frac12
ENCODING 189
SWIDTH 467 0
DWIDTH 14 0
BBX 14 30 0 -7
BITMAP
0000
0000
0000
0000
0600
0E00
1E00
3600
0600
0C0C
0C18
0C30
0C60
00C0
0100
0600
0CF0
19F8
3198
6030
0060
00C0
0180
03F0
03F0
0000
0000
0000
0000
0000
ENDCHAR
STARTCHAR Frac34
ENCODING 190
SWIDTH 467 0
DWIDTH 14 0
BBX 14 30 0 -7
BITMAP
0000
0000
0000
0000
0F00
1F80
1980
0300
0E00
030C
3318
3F30
1E60
00C0
0100
0600
0C30
1870
30F0
61B0
0360
03F0
03F0
0060
0060
0000
0000
0000
0000
0000
ENDCHAR
STARTCHAR PQuestionInv
ENCODING 191
SWIDTH 467 0
DWIDTH 14 0
BBX 14 30 0 -7
BITMAP
0000
0000
0000
0000
0000
0000
0000
0000
0000
0000
00C0
01E0
01E0
00C0
0000
0000
0180
0380
0700
0E00
1C00
3800
7000
6060
6060
70E0
3FC0
1F80
0000
0000
ENDCHAR
STARTCHAR LtCapAGrave
ENCODING 192
SWIDTH 467 0
DWIDTH 14 0
BBX 14 30 0 -7
BITMAP
0000
03C0
01C0
00E0
0060
0000
00C0
00C0
01C0
01C0
03C0
0360
0660
0660
0C60
0C60
1FE0
1FE0
3030
3030
6030
6030
E030
0000
0000
0000
0000
0000
0000
0000
ENDCHAR
STARTCHAR LtCapAAcute
ENCODING 193
SWIDTH 467 0
DWIDTH 14 0
BBX 14 30 0 -7
BITMAP
0000
003C
0038
0070
00E0
0000
00C0
00C0
01C0
01C0
03C0
0360
0660
0660
0C60
0C60
1FE0
1FE0
3030
3030
6030
6030
E030
0000
0000
0000
0000
0000
0000
0000
ENDCHAR
STARTCHAR LtCapACircum
ENCODING 194
SWIDTH 467 0
DWIDTH 14 0
BBX 14 30 0 -7
BITMAP
0000
00C0
01E0
03F0
0330
0000
00C0
00C0
01C0
01C0
03C0
0360
0660
0660
0C60
0C60
1FE0
1FE0
3030
3030
6030
6030
E030
0000
0000
0000
0000
0000
0000
0000
ENDCHAR
STARTCHAR LtCapATilde
ENCODING 195
SWIDTH 467 0
DWIDTH 14 0
BBX 14 30 0 -7
BITMAP
0000
0000
0398
07F8
0670
0000
00C0
00C0
01C0
01C0
03C0
0360
0660
0660
0C60
0C60
1FE0
1FE0
3030
3030
6030
6030
E030
0000
0000
0000
0000
0000
0000
0000
ENDCHAR
STARTCHAR LtCapADrss
ENCODING 196
SWIDTH 467 0
DWIDTH 14 0
BBX 14 30 0 -7
BITMAP
0000
0198
0198
0198
0000
0000
00C0
00C0
01C0
01C0
03C0
0360
0660
0660
0C60
0C60
1FE0
1FE0
3030
3030
6030
6030
E030
0000
0000
0000
0000
0000
0000
0000
ENDCHAR
STARTCHAR LtCapARing
ENCODING 197
SWIDTH 467 0
DWIDTH 14 0
BBX 14 30 0 -7
BITMAP
0000
01E0
0330
0330
01E0
0000
00C0
00C0
01C0
01C0
03C0
0360
0660
0660
0C60
0C60
1FE0
1FE0
3030
3030
6030
6030
E030
0000
0000
0000
0000
0000
0000
0000
ENDCHAR
STARTCHAR LtCapAE
ENCODING 198
SWIDTH 467 0
DWIDTH 14 0
BBX 14 30 0 -7
BITMAP
0000
0000
0000
0000
0000
0000
00FC
01FC
01C0
03C0
0380
0780
0780
0DF0
0DF0
1980
1F00
3F00
3300
6600
6600
C7F0
C7F0
0000
0000
0000
0000
0000
0000
0000
ENDCHAR
STARTCHAR LtCapCCedilla
ENCODING 199
SWIDTH 467 0
DWIDTH 14 0
BBX 14 30 0 -7
BITMAP
0000
0000
0000
0000
0000
0000
00F8
03FC
070C
0E04
0C00
1800
1800
3000
3000
3000
3000
3000
3000
3020
1860
1FE0
0FC0
0200
0300
0180
0F80
0F00
0000
0000
ENDCHAR
STARTCHAR LtCapEGrave
ENCODING 200
SWIDTH 467 0
DWIDTH 14 0
BBX 14 30 0 -7
BITMAP
0000
03C0
01C0
00E0
0060
0000
0FFC
0FFC
0C00
0C00
1800
1800
1800
1FE0
1FE0
3000
3000
3000
3000
6000
6000
7FE0
7FE0
0000
0000
0000
0000
0000
0000
0000
ENDCHAR
STARTCHAR LtCapEAcute
ENCODING 201
SWIDTH 467 0
DWIDTH 14 0
BBX 14 30 0 -7
BITMAP
0000
0078
0070
00E0
01C0
0000
0FFC
0FFC
0C00
0C00
1800
1800
1800
1FE0
1FE0
3000
3000
3000
3000
6000
6000
7FE0
7FE0
0000
0000
0000
0000
0000
0000
0000
ENDCHAR
STARTCHAR LtCapECircum
ENCODING 202
SWIDTH 467 0
DWIDTH 14 0
BBX 14 30 0 -7
BITMAP
0000
00C0
01E0
03F0
0330
0000
0FFC
0FFC
0C00
0C00
1800
1800
1800
1FE0
1FE0
3000
3000
3000
3000
6000
6000
7FE0
7FE0
0000
0000
0000
0000
0000
0000
0000
ENDCHAR
STARTCHAR LtCapEDrss
ENCODING 203
SWIDTH 467 0
DWIDTH 14 0
BBX 14 30 0 -7
BITMAP
0000
0330
0330
0330
0000
0000
0FFC
0FFC
0C00
0C00
1800
1800
1800
1FE0
1FE0
3000
3000
3000
3000
6000
6000
7FE0
7FE0
0000
0000
0000
0000
0000
0000
0000
ENDCHAR
STARTCHAR LtCapIGrave
ENCODING 204
SWIDTH 467 0
DWIDTH 14 0
BBX 14 30 0 -7
BITMAP
0000
03C0
01C0
00E0
0060
0000
07F8
07F8
00C0
00C0
00C0
0180
0180
0180
0180
0300
0300
0300
0300
0600
0600
3FC0
3FC0
0000
0000
0000
0000
0000
0000
0000
ENDCHAR
STARTCHAR LtCapIAcute
ENCODING 205
SWIDTH 467 0
DWIDTH 14 0
BBX 14 30 0 -7
BITMAP
0000
003C
0038
0070
00E0
0000
07F8
07F8
00C0
00C0
00C0
0180
0180
0180
0180
0300
0300
0300
0300
0600
0600
3FC0
3FC0
0000
0000
0000
0000
0000
0000
0000
ENDCHAR
STARTCHAR LtCapICircum
ENCODING 206
SWIDTH 467 0
DWIDTH 14 0
BBX 14 30 0 -7
BITMAP
0000
0060
00F0
01F8
0198
0000
07F8
07F8
00C0
00C0
00C0
0180
0180
0180
0180
0300
0300
0300
0300
0600
0600
3FC0
3FC0
0000
0000
0000
0000
0000
0000
0000
ENDCHAR
STARTCHAR LtCapIDrss
ENCODING 207
SWIDTH 467 0
DWIDTH 14 0
BBX 14 30 0 -7
BITMAP
0000
0198
0198
0198
0000
0000
07F8
07F8
00C0
00C0
00C0
0180
0180
0180
0180
0300
0300
0300
0300
0600
0600
3FC0
3FC0
0000
0000
0000
0000
0000
0000
0000
ENDCHAR
STARTCHAR LtCapEth
ENCODING 208
SWIDTH 467 0
DWIDTH 14 0
BBX 14 30 0 -7
BITMAP
0000
0000
0000
0000
0000
0000
0FE0
0FF0
0C30
0C18
1818
1818
1818
7F18
7F18
3018
3030
3030
6070
60E0
61C0
7F80
7E00
0000
0000
0000
0000
0000
0000
0000
ENDCHAR
STARTCHAR LtCapNTilde
ENCODING 209
SWIDTH 467 0
DWIDTH 14 0
BBX 14 30 0 -7
BITMAP
0000
0000
0398
07F8
0670
0000
0C0C
0C0C
0C0C
0E0C
1E18
1B18
1B18
1B18
3398
31B0
31B0
31B0
30F0
60E0
6060
6060
6060
0000
0000
0000
0000
0000
0000
0000
ENDCHAR
STARTCHAR LtCapOGrave
ENCODING 210
SWIDTH 467 0
DWIDTH 14 0
BBX 14 30 0 -7
BITMAP
0000
0780
0380
01C0
00C0
0000
03E0
0FF0
0C30
1818
3818
3018
3018
6018
6018
6018
6030
6030
6070
6060
30C0
3FC0
1F00
0000
0000
0000
0000
0000
0000
0000
ENDCHAR
STARTCHAR LtCapOAcute
ENCODING 211
SWIDTH 467 0
DWIDTH 14 0
BBX 14 30 0 -7
BITMAP
0000
0078
0070
00E0
01C0
0000
03E0
0FF0
0C30
1818
3818
3018
3018
6018
6018
6018
6030
6030
6070
6060
30C0
3FC0
1F00
0000
0000
0000
0000
0000
0000
0000
ENDCHAR
STARTCHAR LtCapOCircum
ENCODING 212
SWIDTH 467 0
DWIDTH 14 0
BBX 14 30 0 -7
BITMAP
0000
00C0
01E0
03F0
0330
0000
03E0
0FF0
0C30
1818
3818
3018
3018
6018
6018
6018
6030
6030
6070
6060
30C0
3FC0
1F00
0000
0000
0000
0000
0000
0000
0000
ENDCHAR
STARTCHAR LtCapOTilde
ENCODING 213
SWIDTH 467 0
DWIDTH 14 0
BBX 14 30 0 -7
BITMAP
0000
0000
0398
07F8
0670
0000
03E0
0FF0
0C30
1818
3818
3018
3018
6018
6018
6018
6030
6030
6070
6060
30C0
3FC0
1F00
0000
0000
0000
0000
0000
0000
0000
ENDCHAR
STARTCHAR LtCapODrss
ENCODING 214
SWIDTH 467 0
DWIDTH 14 0
BBX 14 30 0 -7
BITMAP
0000
0330
0330
0330
0000
0000
03E0
0FF0
0C30
1818
3818
3018
3018
6018
6018
6018
6030
6030
6070
6060
30C0
3FC0
1F00
0000
0000
0000
0000
0000
0000
0000
ENDCHAR
STARTCHAR MMultiply
ENCODING 215
SWIDTH 467 0
DWIDTH 14 0
BBX 14 30 0 -7
BITMAP
0000
0000
0000
0000
0000
0000
0000
0000
0000
0000
0000
3030
3870
1CE0
0FC0
0780
0780
0FC0
1CE0
3870
3030
0000
0000
0000
0000
0000
0000
0000
0000
0000
ENDCHAR
STARTCHAR LtCapOStroke
ENCODING 216
SWIDTH 467 0
DWIDTH 14 0
BBX 14 30 0 -7
BITMAP
0000
0000
0000
0000
0000
000C
03EC
0FF8
0C30
1878
38D8
30D8
3198
6198
6318
6618
6630
6C30
6C70
7860
30C0
7FC0
DF00
C000
0000
0000
0000
0000
0000
0000
ENDCHAR
STARTCHAR LtCapUGrave
ENCODING 217
SWIDTH 467 0
DWIDTH 14 0
BBX 14 30 0 -7
BITMAP
0000
03C0
01C0
00E0
0060
0000
0C0C
0C0C
0C0C
0C0C
1818
1818
1818
1818
1818
3030
3030
3030
3030
3060
38E0
1FC0
0F80
0000
0000
0000
0000
0000
0000
0000
ENDCHAR
STARTCHAR LtCapUAcute
ENCODING 218
SWIDTH 467 0
DWIDTH 14 0
BBX 14 30 0 -7
BITMAP
0000
0078
0070
00E0
01C0
0000
0C0C
0C0C
0C0C
0C0C
1818
1818
1818
1818
1818
3030
3030
3030
3030
3060
38E0
1FC0
0F80
0000
0000
0000
0000
0000
0000
0000
ENDCHAR
STARTCHAR LtCapUCircum
ENCODING 219
SWIDTH 467 0
DWIDTH 14 0
BBX 14 30 0 -7
BITMAP
0000
00C0
01E0
03F0
0330
0000
0C0C
0C0C
0C0C
0C0C
1818
1818
1818
1818
1818
3030
3030
3030
3030
3060
38E0
1FC0
0F80
0000
0000
0000
0000
0000
0000
0000
ENDCHAR
STARTCHAR LtCapUDrss
ENCODING 220
SWIDTH 467 0
DWIDTH 14 0
BBX 14 30 0 -7
BITMAP
0000
0198
0198
0198
0000
0000
0C0C
0C0C
0C0C
0C0C
1818
1818
1818
1818
1818
3030
3030
3030
3030
3060
38E0
1FC0
0F80
0000
0000
0000
0000
0000
0000
0000
ENDCHAR
STARTCHAR LtCapYAcute
ENCODING 221
SWIDTH 467 0
DWIDTH 14 0
BBX 14 30 0 -7
BITMAP
0000
0078
0070
00E0
01C0
0000
0C0C
0C1C
0C18
0630
0630
0660
03C0
03C0
0380
0300
0300
0300
0300
0600
0600
0600
0600
0000
0000
0000
0000
0000
0000
0000
ENDCHAR
STARTCHAR LtCapThorn
ENCODING 222
SWIDTH 467 0
DWIDTH 14 0
BBX 14 30 0 -7
BITMAP
0000
0000
0000
0000
0000
0000
0C00
0C00
0C00
0C00
1FE0
1FF0
1830
1830
3030
3030
3070
3FE0
3FC0
6000
6000
6000
6000
0000
0000
0000
0000
0000
0000
0000
ENDCHAR
STARTCHAR LtSmlSz
ENCODING 223
SWIDTH 467 0
DWIDTH 14 0
BBX 14 30 0 -7
BITMAP
0000
0000
0000
0000
0000
03C0
07E0
0670
0C30
0C30
0C60
3CC0
3980
1980
19C0
18E0
1870
3030
3030
3030
3660
37C0
6380
6000
6000
6000
C000
C000
0000
0000
ENDCHAR
STARTCHAR LtSmlAGrave
ENCODING 224
SWIDTH 467 0
DWIDTH 14 0
BBX 14 30 0 -7
BITMAP
0000
0000
0000
0000
0780
0380
01C0
00C0
0000
0000
0198
07D8
0E78
1C38
1830
3030
3030
3060
3060
30E0
39E0
1F70
0E30
0000
0000
0000
0000
0000
0000
0000
ENDCHAR
STARTCHAR LtSmlAAcute
ENCODING 225
SWIDTH 467 0
DWIDTH 14 0
BBX 14 30 0 -7
BITMAP
0000
0000
0000
0000
0078
0070
00E0
01C0
0000
0000
0198
07D8
0E78
1C38
1830
3030
3030
3060
3060
30E0
39E0
1F70
0E30
0000
0000
0000
0000
0000
0000
0000
ENDCHAR
STARTCHAR LtSmlACircum
ENCODING 226
SWIDTH 467 0
DWIDTH 14 0
BBX 14 30 0 -7
BITMAP
0000
0000
0000
0000
00C0
01E0
03F0
0330
0000
0000
0198
07D8
0E78
1C38
1830
3030
3030
3060
3060
30E0
39E0
1F70
0E30
0000
0000
0000
0000
0000
0000
0000
ENDCHAR
STARTCHAR LtSmlATilde
ENCODING 227
SWIDTH 467 0
DWIDTH 14 0
BBX 14 30 0 -7
BITMAP
0000
0000
0000
0000
0000
0398
07F8
0670
0000
0000
0198
07D8
0E78
1C38
1830
3030
3030
3060
3060
30E0
39E0
1F70
0E30
0000
0000
0000
0000
0000
0000
0000
ENDCHAR
STARTCHAR LtSmlADrss
ENCODING 228
SWIDTH 467 0
DWIDTH 14 0
BBX 14 30 0 -7
BITMAP
0000
0000
0000
0000
0000
0330
0330
0330
0000
0000
0198
07D8
0E78
1C38
1830
3030
3030
3060
3060
30E0
39E0
1F70
0E30
0000
0000
0000
0000
0000
0000
0000
ENDCHAR
STARTCHAR LtSmlARing
ENCODING 229
SWIDTH 467 0
DWIDTH 14 0
BBX 14 30 0 -7
BITMAP
0000
0000
0000
00C0
01E0
0330
0330
01E0
00C0
0000
0198
07D8
0E78
1C38
1830
3030
3030
3060
3060
30E0
39E0
1F70
0E30
0000
0000
0000
0000
0000
0000
0000
ENDCHAR
STARTCHAR LtSmlAE
ENCODING 230
SWIDTH 467 0
DWIDTH 14 0
BBX 14 30 0 -7
BITMAP
0000
0000
0000
0000
0000
0000
0000
0000
0000
0000
1E38
3F7C
31CC
018C
030C
1FF8
3FF0
6300
C300
C600
CE30
FFF0
79E0
0000
0000
0000
0000
0000
0000
0000
ENDCHAR
STARTCHAR LtSmlCCedilla
ENCODING 231
SWIDTH 467 0
DWIDTH 14 0
BBX 14 30 0 -7
BITMAP
0000
0000
0000
0000
0000
0000
0000
0000
0000
0000
01E0
07F0
0E30
1C10
1800
3000
3000
3000
3000
3060
38E0
1FC0
0F00
0400
0600
0300
1F00
1E00
0000
0000
ENDCHAR
STARTCHAR LtSmlEGrave
ENCODING 232
SWIDTH 467 0
DWIDTH 14 0
BBX 14 30 0 -7
BITMAP
0000
0000
0000
0000
0780
0380
01C0
00C0
0000
0000
01E0
07F0
0E30
1C18
1838
3FF0
3FE0
3000
3000
3000
3860
1FC0
0F80
0000
0000
0000
0000
0000
0000
0000
ENDCHAR
STARTCHAR LtSmlEAcute
ENCODING 233
SWIDTH 467 0
DWIDTH 14 0
BBX 14 30 0 -7
BITMAP
0000
0000
0000
0000
0078
0070
00E0
01C0
0000
0000
01E0
07F0
0E30
1C18
1838
3FF0
3FE0
3000
3000
3000
3860
1FC0
0F80
0000
0000
0000
0000
0000
0000
0000
ENDCHAR
STARTCHAR LtSmlECircum
ENCODING 234
SWIDTH 467 0
DWIDTH 14 0
BBX 14 30 0 -7
BITMAP
0000
0000
0000
0000
00C0
01E0
03F0
0330
0000
0000
01E0
07F0
0E30
1C18
1838
3FF0
3FE0
3000
3000
3000
3860
1FC0
0F80
0000
0000
0000
0000
0000
0000
0000
ENDCHAR
STARTCHAR LtSmlEDrss
ENCODING 235
SWIDTH 467 0
DWIDTH 14 0
BBX 14 30 0 -7
BITMAP
0000
0000
0000
0000
0000
0330
0330
0330
0000
0000
01E0
07F0
0E30
1C18
1838
3FF0
3FE0
3000
3000
3000
3860
1FC0
0F80
0000
0000
0000
0000
0000
0000
0000
ENDCHAR
STARTCHAR LtSmlIGrave
ENCODING 236
SWIDTH 467 0
DWIDTH 14 0
BBX 14 30 0 -7
BITMAP
0000
0000
0000
0000
0F00
0700
0380
0180
0000
0000
0F80
0F80
0180
0300
0300
0300
0600
0600
0600
0C00
0C60
0FE0
07C0
0000
0000
0000
0000
0000
0000
0000
ENDCHAR
STARTCHAR LtSmlIAcute
ENCODING 237
SWIDTH 467 0
DWIDTH 14 0
BBX 14 30 0 -7
BITMAP
0000
0000
0000
0000
00F0
00E0
01C0
0380
0000
0000
0F80
0F80
0180
0300
0300
0300
0600
0600
0600
0C00
0C60
0FE0
07C0
0000
0000
0000
0000
0000
0000
0000
ENDCHAR
STARTCHAR LtSmlICircum
ENCODING 238
SWIDTH 467 0
DWIDTH 14 0
BBX 14 30 0 -7
BITMAP
0000
0000
0000
0000
0180
03C0
07E0
0660
0000
0000
0F80
0F80
0180
0300
0300
0300
0600
0600
0600
0C00
0C60
0FE0
07C0
0000
0000
0000
0000
0000
0000
0000
ENDCHAR
STARTCHAR LtSmlIDrss
ENCODING 239
SWIDTH 467 0
DWIDTH 14 0
BBX 14 30 0 -7
BITMAP
0000
0000
0000
0000
0000
0660
0660
0660
0000
0000
0F80
0F80
0180
0300
0300
0300
0600
0600
0600
0C00
0C60
0FE0
07C0
0000
0000
0000
0000
0000
0000
0000
ENDCHAR
STARTCHAR LtSmlEth
ENCODING 240
SWIDTH 467 0
DWIDTH 14 0
BBX 14 30 0 -7
BITMAP
0000
0000
0000
0000
0000
06C0
03C0
0780
06C0
0060
0360
07E0
0E70
1C30
1830
3030
3030
3030
3060
30E0
39C0
1F80
0F00
0000
0000
0000
0000
0000
0000
0000
ENDCHAR
STARTCHAR LtSmlNTilde
ENCODING 241
SWIDTH 467 0
DWIDTH 14 0
BBX 14 30 0 -7
BITMAP
0000
0000
0000
0000
0000
0730
0FF0
0CE0
0000
0000
39C0
3BE0
1E70
1C30
1830
3060
3060
3060
3060
30C0
60C0
60F0
6070
0000
0000
0000
0000
0000
0000
0000
ENDCHAR
STARTCHAR LtSmlOGrave
ENCODING 242
SWIDTH 467 0
DWIDTH 14 0
BBX 14 30 0 -7
BITMAP
0000
0000
0000
0000
0780
0380
01C0
00C0
0000
0000
03C0
07E0
0E70
1C30
1830
3030
3030
3030
3060
30E0
39C0
1F80
0F00
0000
0000
0000
0000
0000
0000
0000
ENDCHAR
STARTCHAR LtSmlOAcute
ENCODING 243
SWIDTH 467 0
DWIDTH 14 0
BBX 14 30 0 -7
BITMAP
0000
0000
0000
0000
0078
0070
00E0
01C0
0000
0000
03C0
07E0
0E70
1C30
1830
3030
3030
3030
3060
30E0
39C0
1F80
0F00
0000
0000
0000
0000
0000
0000
0000
ENDCHAR
STARTCHAR LtSmlOCircum
ENCODING 244
SWIDTH 467 0
DWIDTH 14 0
BBX 14 30 0 -7
BITMAP
0000
0000
0000
0000
0180
03C0
07E0
0660
0000
0000
03C0
07E0
0E70
1C30
1830
3030
3030
3030
3060
30E0
39C0
1F80
0F00
0000
0000
0000
0000
0000
0000
0000
ENDCHAR
STARTCHAR LtSmlOTilde
ENCODING 245
SWIDTH 467 0
DWIDTH 14 0
BBX 14 30 0 -7
BITMAP
0000
0000
0000
0000
0000
0730
0FF0
0CE0
0000
0000
03C0
07E0
0E70
1C30
1830
3030
3030
3030
3060
30E0
39C0
1F80
0F00
0000
0000
0000
0000
0000
0000
0000
ENDCHAR
STARTCHAR LtSmlODrss
ENCODING 246
SWIDTH 467 0
DWIDTH 14 0
BBX 14 30 0 -7
BITMAP
0000
0000
0000
0000
0000
0330
0330
0330
0000
0000
03C0
07E0
0E70
1C30
1830
3030
3030
3030
3060
30E0
39C0
1F80
0F00
0000
0000
0000
0000
0000
0000
0000
ENDCHAR
STARTCHAR MDivision
ENCODING 247
SWIDTH 467 0
DWIDTH 14 0
BBX 14 30 0 -7
BITMAP
0000
0000
0000
0000
0000
0000
0000
0000
0000
0000
0300
0780
0780
0300
0000
3FF0
3FF0
0000
0300
0780
0780
0300
0000
0000
0000
0000
0000
0000
0000
0000
ENDCHAR
STARTCHAR LtSmlOStroke
ENCODING 248
SWIDTH 467 0
DWIDTH 14 0
BBX 14 30 0 -7
BITMAP
0000
0000
0000
0000
0000
0000
0000
0000
0000
0008
03D8
07F0
0E70
1CF0
19B0
3130
3330
3230
3660
3CE0
39C0
3F80
6F00
4000
0000
0000
0000
0000
0000
0000
ENDCHAR
STARTCHAR LtSmlUGrave
ENCODING 249
SWIDTH 467 0
DWIDTH 14 0
BBX 14 30 0 -7
BITMAP
0000
0000
0000
0000
0780
0380
01C0
00C0
0000
0000
1C18
1C18
0C18
1818
1830
1830
1830
3060
3060
30E0
39E0
1F70
0E30
0000
0000
0000
0000
0000
0000
0000
ENDCHAR
STARTCHAR LtSmlUAcute
ENCODING 250
SWIDTH 467 0
DWIDTH 14 0
BBX 14 30 0 -7
BITMAP
0000
0000
0000
0000
0078
0070
00E0
01C0
0000
0000
1C18
1C18
0C18
1818
1830
1830
1830
3060
3060
30E0
39E0
1F70
0E30
0000
0000
0000
0000
0000
0000
0000
ENDCHAR
STARTCHAR LtSmlUCircum
ENCODING 251
SWIDTH 467 0
DWIDTH 14 0
BBX 14 30 0 -7
BITMAP
0000
0000
0000
0000
00C0
01E0
03F0
0330
0000
0000
1C18
1C18
0C18
1818
1830
1830
1830
3060
3060
30E0
39E0
1F70
0E30
0000
0000
0000
0000
0000
0000
0000
ENDCHAR
STARTCHAR LtSmlUDrss
ENCODING 252
SWIDTH 467 0
DWIDTH 14 0
BBX 14 30 0 -7
BITMAP
0000
0000
0000
0000
0000
0330
0330
0330
0000
0000
1C18
1C18
0C18
1818
1830
1830
1830
3060
3060
30E0
39E0
1F70
0E30
0000
0000
0000
0000
0000
0000
0000
ENDCHAR
STARTCHAR LtSmlYAcute
ENCODING 253
SWIDTH 467 0
DWIDTH 14 0
BBX 14 30 0 -7
BITMAP
0000
0000
0000
0000
0078
0070
00E0
01C0
0000
0000
1C18
1C18
0C18
1818
1830
1830
1830
3030
3060
30E0
39E0
1F60
0E60
00C0
00C0
61C0
7F80
7F00
0000
0000
ENDCHAR
STARTCHAR LtSmlThorn
ENCODING 254
SWIDTH 467 0
DWIDTH 14 0
BBX 14 30 0 -7
BITMAP
0000
0000
0000
0000
0000
0C00
0C00
0C00
0C00
0C00
19C0
1BE0
1E70
1C30
1830
3030
3030
3030
3060
30E0
79C0
6F80
6700
6000
6000
C000
C000
C000
0000
0000
ENDCHAR
STARTCHAR LtSmlYDrss
ENCODING 255
SWIDTH 467 0
DWIDTH 14 0
BBX 14 30 0 -7
BITMAP
0000
0000
0000
0000
0000
0330
0330
0330
0000
0000
1C18
1C18
0C18
1818
1830
1830
1830
3030
3060
30E0
39E0
1F60
0E60
00C0
00C0
61C0
7F80
7F00
0000
0000
ENDCHAR
STARTCHAR LtCapAMacron
ENCODING 256
SWIDTH 467 0
DWIDTH 14 0
BBX 14 30 0 -7
BITMAP
0000
0000
03F8
03F8
0000
0000
00C0
00C0
01C0
01C0
03C0
0360
0660
0660
0C60
0C60
1FE0
1FE0
3030
3030
6030
6030
E030
0000
0000
0000
0000
0000
0000
0000
ENDCHAR
STARTCHAR LtSmlAMacron
ENCODING 257
SWIDTH 467 0
DWIDTH 14 0
BBX 14 30 0 -7
BITMAP
0000
0000
0000
0000
0000
0000
03F0
03F0
0000
0000
0198
07D8
0E78
1C38
1830
3030
3030
3060
3060
30E0
39E0
1F70
0E30
0000
0000
0000
0000
0000
0000
0000
ENDCHAR
STARTCHAR LtCapABreve
ENCODING 258
SWIDTH 467 0
DWIDTH 14 0
BBX 14 30 0 -7
BITMAP
0000
0318
0318
01F0
00E0
0000
00C0
00C0
01C0
01C0
03C0
0360
0660
0660
0C60
0C60
1FE0
1FE0
3030
3030
6030
6030
E030
0000
0000
0000
0000
0000
0000
0000
ENDCHAR
STARTCHAR LtSmlABreve
ENCODING 259
SWIDTH 467 0
DWIDTH 14 0
BBX 14 30 0 -7
BITMAP
0000
0000
0000
0000
0318
0318
01F0
00E0
0000
0000
0198
07D8
0E78
1C38
1830
3030
3030
3060
3060
30E0
39E0
1F70
0E30
0000
0000
0000
0000
0000
0000
0000
ENDCHAR
STARTCHAR LtCapAOgonek
ENCODING 260
SWIDTH 467 0
DWIDTH 14 0
BBX 14 30 0 -7
BITMAP
0000
0000
0000
0000
0000
0000
00C0
00C0
01C0
01C0
03C0
0360
0660
0660
0C60
0C60
1FE0
1FE0
3030
3030
6030
6030
E030
0030
0060
00C0
00F0
0070
0000
0000
ENDCHAR
STARTCHAR LtSmlAOgonek
ENCODING 261
SWIDTH 467 0
DWIDTH 14 0
BBX 14 30 0 -7
BITMAP
0000
0000
0000
0000
0000
0000
0000
0000
0000
0000
0198
07D8
0E78
1C38
1830
3030
3030
3060
3060
30E0
39E0
1F70
0E30
0030
0060
00C0
00F0
0070
0000
0000
ENDCHAR
STARTCHAR LtCapCAcute
ENCODING 262
SWIDTH 467 0
DWIDTH 14 0
BBX 14 30 0 -7
BITMAP
0000
003C
0038
0070
00E0
0000
00F8
03FC
070C
0E04
0C00
1800
1800
3000
3000
3000
3000
3000
3000
3020
1860
1FE0
0FC0
0000
0000
0000
0000
0000
0000
0000
ENDCHAR
STARTCHAR LtSmlCAcute
ENCODING 263
SWIDTH 467 0
DWIDTH 14 0
BBX 14 30 0 -7
BITMAP
0000
0000
0000
0000
0078
0070
00E0
01C0
0000
0000
01E0
07F0
0E30
1C10
1800
3000
3000
3000
3000
3060
38E0
1FC0
0F00
0000
0000
0000
0000
0000
0000
0000
ENDCHAR
STARTCHAR LtCapCCircum
ENCODING 264
SWIDTH 467 0
DWIDTH 14 0
BBX 14 30 0 -7
BITMAP
0000
0060
00F0
01F8
0198
0000
00F8
03FC
070C
0E04
0C00
1800
1800
3000
3000
3000
3000
3000
3000
3020
1860
1FE0
0FC0
0000
0000
0000
0000
0000
0000
0000
ENDCHAR
STARTCHAR LtSmlCCircum
ENCODING 265
SWIDTH 467 0
DWIDTH 14 0
BBX 14 30 0 -7
BITMAP
0000
0000
0000
0000
00C0
01E0
03F0
0330
0000
0000
01E0
07F0
0E30
1C10
1800
3000
3000
3000
3000
3060
38E0
1FC0
0F00
0000
0000
0000
0000
0000
0000
0000
ENDCHAR
STARTCHAR LtCapCDot
ENCODING 266
SWIDTH 467 0
DWIDTH 14 0
BBX 14 30 0 -7
BITMAP
0000
0030
0030
0030
0000
0000
00F8
03FC
070C
0E04
0C00
1800
1800
3000
3000
3000
3000
3000
3000
3020
1860
1FE0
0FC0
0000
0000
0000
0000
0000
0000
0000
ENDCHAR
STARTCHAR LtSmlCDot
ENCODING 267
SWIDTH 467 0
DWIDTH 14 0
BBX 14 30 0 -7
BITMAP
0000
0000
0000
0000
0000
00C0
00C0
00C0
0000
0000
01E0
07F0
0E30
1C10
1800
3000
3000
3000
3000
3060
38E0
1FC0
0F00
0000
0000
0000
0000
0000
0000
0000
ENDCHAR
STARTCHAR LtCapCCaron
ENCODING 268
SWIDTH 467 0
DWIDTH 14 0
BBX 14 30 0 -7
BITMAP
0000
0198
01F8
00F0
0060
0000
00F8
03FC
070C
0E04
0C00
1800
1800
3000
3000
3000
3000
3000
3000
3020
1860
1FE0
0FC0
0000
0000
0000
0000
0000
0000
0000
ENDCHAR
STARTCHAR LtSmlCCaron
ENCODING 269
SWIDTH 467 0
DWIDTH 14 0
BBX 14 30 0 -7
BITMAP
0000
0000
0000
0000
0330
03F0
01E0
00C0
0000
0000
01E0
07F0
0E30
1C10
1800
3000
3000
3000
3000
3060
38E0
1FC0
0F00
0000
0000
0000
0000
0000
0000
0000
ENDCHAR
STARTCHAR LtCapDCaron
ENCODING 270
SWIDTH 467 0
DWIDTH 14 0
BBX 14 30 0 -7
BITMAP
0000
0660
07E0
03C0
0180
0000
0FE0
0FF0
0C30
0C18
1818
1818
1818
1818
3018
3018
3030
3030
6070
60E0
61C0
7F80
7E00
0000
0000
0000
0000
0000
0000
0000
ENDCHAR
STARTCHAR LtSmlDCaron
ENCODING 271
SWIDTH 467 0
DWIDTH 14 0
BBX 14 30 0 -7
BITMAP
0000
0000
0000
0018
003C
00DC
00CC
00D8
01B0
0180
0D80
1F80
3B00
7300
6300
C300
C300
C600
C600
C600
EE00
7F00
3300
0000
0000
0000
0000
0000
0000
0000
ENDCHAR
STARTCHAR LtCapDStroke
ENCODING 272
SWIDTH 467 0
DWIDTH 14 0
BBX 14 30 0 -7
BITMAP
0000
0000
0000
0000
0000
0000
0FE0
0FF0
0C30
0C18
1818
1818
1818
7F18
7F18
3018
3030
3030
6070
60E0
61C0
7F80
7E00
0000
0000
0000
0000
0000
0000
0000
ENDCHAR
STARTCHAR LtSmlDStroke
ENCODING 273
SWIDTH 467 0
DWIDTH 14 0
BBX 14 30 0 -7
BITMAP
0000
0000
0000
0000
0000
000C
000C
00FC
00FC
0018
0198
07D8
0E78
1C30
1830
3030
3030
3060
3060
30E0
39E0
1F70
0E30
0000
0000
0000
0000
0000
0000
0000
ENDCHAR
STARTCHAR LtCapEMacron
ENCODING 274
SWIDTH 467 0
DWIDTH 14 0
BBX 14 30 0 -7
BITMAP
0000
0000
03F8
03F8
0000
0000
0FFC
0FFC
0C00
0C00
1800
1800
1800
1FE0
1FE0
3000
3000
3000
3000
6000
6000
7FE0
7FE0
0000
0000
0000
0000
0000
0000
0000
ENDCHAR
STARTCHAR LtSmlEMacron
ENCODING 275
SWIDTH 467 0
DWIDTH 14 0
BBX 14 30 0 -7
BITMAP
0000
0000
0000
0000
0000
0000
03F0
03F0
0000
0000
01E0
07F0
0E30
1C18
1838
3FF0
3FE0
3000
3000
3000
3860
1FC0
0F80
0000
0000
0000
0000
0000
0000
0000
ENDCHAR
STARTCHAR LtCapEBreve
ENCODING 276
SWIDTH 467 0
DWIDTH 14 0
BBX 14 30 0 -7
BITMAP
0000
0318
0318
01F0
00E0
0000
0FFC
0FFC
0C00
0C00
1800
1800
1800
1FE0
1FE0
3000
3000
3000
3000
6000
6000
7FE0
7FE0
0000
0000
0000
0000
0000
0000
0000
ENDCHAR
STARTCHAR LtSmlEBreve
ENCODING 277
SWIDTH 467 0
DWIDTH 14 0
BBX 14 30 0 -7
BITMAP
0000
0000
0000
0000
0318
0318
01F0
00E0
0000
0000
01E0
07F0
0E30
1C18
1838
3FF0
3FE0
3000
3000
3000
3860
1FC0
0F80
0000
0000
0000
0000
0000
0000
0000
ENDCHAR
STARTCHAR LtCapEDot
ENCODING 278
SWIDTH 467 0
DWIDTH 14 0
BBX 14 30 0 -7
BITMAP
0000
0060
0060
0060
0000
0000
0FFC
0FFC
0C00
0C00
1800
1800
1800
1FE0
1FE0
3000
3000
3000
3000
6000
6000
7FE0
7FE0
0000
0000
0000
0000
0000
0000
0000
ENDCHAR
STARTCHAR LtSmlEDot
ENCODING 279
SWIDTH 467 0
DWIDTH 14 0
BBX 14 30 0 -7
BITMAP
0000
0000
0000
0000
0000
00C0
00C0
00C0
0000
0000
01E0
07F0
0E30
1C18
1838
3FF0
3FE0
3000
3000
3000
3860
1FC0
0F80
0000
0000
0000
0000
0000
0000
0000
ENDCHAR
STARTCHAR LtCapEOgonek
ENCODING 280
SWIDTH 467 0
DWIDTH 14 0
BBX 14 30 0 -7
BITMAP
0000
0000
0000
0000
0000
0000
0FFC
0FFC
0C00
0C00
1800
1800
1800
1FE0
1FE0
3000
3000
3000
3000
6000
6000
7FE0
7FE0
0060
00C0
0180
01E0
00E0
0000
0000
ENDCHAR
STARTCHAR LtSmlEOgonek
ENCODING 281
SWIDTH 467 0
DWIDTH 14 0
BBX 14 30 0 -7
BITMAP
0000
0000
0000
0000
0000
0000
0000
0000
0000
0000
01E0
07F0
0E30
1C18
1838
3FF0
3FE0
3000
3000
3000
3860
1FE0
0FC0
0080
0180
0300
03C0
01C0
0000
0000
ENDCHAR
STARTCHAR LtCapECaron
ENCODING 282
SWIDTH 467 0
DWIDTH 14 0
BBX 14 30 0 -7
BITMAP
0000
0330
03F0
01E0
00C0
0000
0FFC
0FFC
0C00
0C00
1800
1800
1800
1FE0
1FE0
3000
3000
3000
3000
6000
6000
7FE0
7FE0
0000
0000
0000
0000
0000
0000
0000
ENDCHAR
STARTCHAR LtSmlECaron
ENCODING 283
SWIDTH 467 0
DWIDTH 14 0
BBX 14 30 0 -7
BITMAP
0000
0000
0000
0000
0330
03F0
01E0
00C0
0000
0000
01E0
07F0
0E30
1C18
1838
3FF0
3FE0
3000
3000
3000
3860
1FC0
0F80
0000
0000
0000
0000
0000
0000
0000
ENDCHAR
STARTCHAR LtCapGCircum
ENCODING 284
SWIDTH 467 0
DWIDTH 14 0
BBX 14 30 0 -7
BITMAP
0000
0060
00F0
01F8
0198
0000
00F8
03FC
070C
0E04
0C00
1800
1800
3000
30F8
30F8
3030
3030
3030
3030
1860
1FE0
0FE0
0000
0000
0000
0000
0000
0000
0000
ENDCHAR
STARTCHAR LtSmlGCircum
ENCODING 285
SWIDTH 467 0
DWIDTH 14 0
BBX 14 30 0 -7
BITMAP
0000
0000
0000
0000
00C0
01E0
03F0
0330
0000
0000
0198
07D8
0E78
1C38
1830
3030
3030
3030
3060
30E0
39E0
1F60
0E60
00C0
00C0
61C0
7F80
7F00
0000
0000
ENDCHAR
STARTCHAR LtCapGBreve
ENCODING 286
SWIDTH 467 0
DWIDTH 14 0
BBX 14 30 0 -7
BITMAP
0000
018C
018C
00F8
0070
0000
00F8
03FC
070C
0E04
0C00
1800
1800
3000
30F8
30F8
3030
3030
3030
3030
1860
1FE0
0FE0
0000
0000
0000
0000
0000
0000
0000
ENDCHAR
STARTCHAR LtSmlGBreve
ENCODING 287
SWIDTH 467 0
DWIDTH 14 0
BBX 14 30 0 -7
BITMAP
0000
0000
0000
0000
0318
0318
01F0
00E0
0000
0000
0198
07D8
0E78
1C38
1830
3030
3030
3030
3060
30E0
39E0
1F60
0E60
00C0
00C0
61C0
7F80
7F00
0000
0000
ENDCHAR
STARTCHAR LtCapGDot
ENCODING 288
SWIDTH 467 0
DWIDTH 14 0
BBX 14 30 0 -7
BITMAP
0000
0030
0030
0030
0000
0000
00F8
03FC
070C
0E04
0C00
1800
1800
3000
30F8
30F8
3030
3030
3030
3030
1860
1FE0
0FE0
0000
0000
0000
0000
0000
0000
0000
ENDCHAR
STARTCHAR LtSmlGDot
ENCODING 289
SWIDTH 467 0
DWIDTH 14 0
BBX 14 30 0 -7
BITMAP
0000
0000
0000
0000
0000
00C0
00C0
00C0
0000
0000
0198
07D8
0E78
1C38
1830
3030
3030
3030
3060
30E0
39E0
1F60
0E60
00C0
00C0
61C0
7F80
7F00
0000
0000
ENDCHAR
STARTCHAR LtCapGComma
ENCODING 290
SWIDTH 467 0
DWIDTH 14 0
BBX 14 30 0 -7
BITMAP
0000
0000
0000
0000
0000
0000
00F8
03FC
070C
0E04
0C00
1800
1800
3000
30F8
30F8
3030
3030
3030
3030
1860
1FE0
0FE0
0000
0700
0700
0300
0E00
0C00
0000
ENDCHAR
STARTCHAR LtSmlGComma
ENCODING 291
SWIDTH 467 0
DWIDTH 14 0
BBX 14 30 0 -7
BITMAP
0000
0000
0000
0060
00E0
0180
01C0
01C0
0000
0000
0198
07D8
0E78
1C38
1830
3030
3030
3030
3060
30E0
39E0
1F60
0E60
00C0
00C0
61C0
7F80
7F00
0000
0000
ENDCHAR
STARTCHAR LtCapHCircum
ENCODING 292
SWIDTH 467 0
DWIDTH 14 0
BBX 14 30 0 -7
BITMAP
0000
00C0
01E0
03F0
0330
0000
0C0C
0C0C
0C0C
0C0C
1818
1818
1818
1FF8
1FF8
3030
3030
3030
3030
6060
6060
6060
6060
0000
0000
0000
0000
0000
0000
0000
ENDCHAR
STARTCHAR LtSmlHCircum
ENCODING 293
SWIDTH 467 0
DWIDTH 14 0
BBX 14 30 0 -7
BITMAP
0000
0060
00F0
01F8
0198
1C00
1C00
0C00
0C00
0C00
19C0
1BE0
1E70
1C30
1830
3060
3060
3060
3060
30C0
60C0
60F0
6070
0000
0000
0000
0000
0000
0000
0000
ENDCHAR
STARTCHAR LtCapHStroke
ENCODING 294
SWIDTH 467 0
DWIDTH 14 0
BBX 14 30 0 -7
BITMAP
0000
0000
0000
0000
0000
0000
0C18
0C18
0C18
3FFC
3FFC
1830
1830
1FF0
1FF0
3060
3060
3060
3060
60C0
60C0
60C0
60C0
0000
0000
0000
0000
0000
0000
0000
ENDCHAR
STARTCHAR LtSmlHStroke
ENCODING 295
SWIDTH 467 0
DWIDTH 14 0
BBX 14 30 0 -7
BITMAP
0000
0000
0000
0000
0000
0C00
0C00
1FC0
1FC0
0C00
19C0
1BE0
1E70
1C30
1830
3060
3060
3060
3060
30C0
60C0
60F0
6070
0000
0000
0000
0000
0000
0000
0000
ENDCHAR
STARTCHAR LtCapITilde
ENCODING 296
SWIDTH 467 0
DWIDTH 14 0
BBX 14 30 0 -7
BITMAP
0000
0000
0398
07F8
0670
0000
07F8
07F8
00C0
00C0
00C0
0180
0180
0180
0180
0300
0300
0300
0300
0600
0600
3FC0
3FC0
0000
0000
0000
0000
0000
0000
0000
ENDCHAR
STARTCHAR LtSmlITilde
ENCODING 297
SWIDTH 467 0
DWIDTH 14 0
BBX 14 30 0 -7
BITMAP
0000
0000
0000
0000
0000
0730
0FF0
0CE0
0000
0000
0F80
0F80
0180
0300
0300
0300
0600
0600
0600
0C00
0C60
0FE0
07C0
0000
0000
0000
0000
0000
0000
0000
ENDCHAR
STARTCHAR LtCapIMacron
ENCODING 298
SWIDTH 467 0
DWIDTH 14 0
BBX 14 30 0 -7
BITMAP
0000
0000
03F8
03F8
0000
0000
07F8
07F8
00C0
00C0
00C0
0180
0180
0180
0180
0300
0300
0300
0300
0600
0600
3FC0
3FC0
0000
0000
0000
0000
0000
0000
0000
ENDCHAR
STARTCHAR LtSmlIMacron
ENCODING 299
SWIDTH 467 0
DWIDTH 14 0
BBX 14 30 0 -7
BITMAP
0000
0000
0000
0000
0000
0000
07E0
07E0
0000
0000
0F80
0F80
0180
0300
0300
0300
0600
0600
0600
0C00
0C60
0FE0
07C0
0000
0000
0000
0000
0000
0000
0000
ENDCHAR
STARTCHAR LtCapIBreve
ENCODING 300
SWIDTH 467 0
DWIDTH 14 0
BBX 14 30 0 -7
BITMAP
0000
0318
0318
01F0
00E0
0000
07F8
07F8
00C0
00C0
00C0
0180
0180
0180
0180
0300
0300
0300
0300
0600
0600
3FC0
3FC0
0000
0000
0000
0000
0000
0000
0000
ENDCHAR
STARTCHAR LtSmlIBreve
ENCODING 301
SWIDTH 467 0
DWIDTH 14 0
BBX 14 30 0 -7
BITMAP
0000
0000
0000
0000
0630
0630
03E0
01C0
0000
0000
0F80
0F80
0180
0300
0300
0300
0600
0600
0600
0C00
0C60
0FE0
07C0
0000
0000
0000
0000
0000
0000
0000
ENDCHAR
STARTCHAR LtCapIOgonek
ENCODING 302
SWIDTH 467 0
DWIDTH 14 0
BBX 14 30 0 -7
BITMAP
0000
0000
0000
0000
0000
0000
07F8
07F8
00C0
00C0
00C0
0180
0180
0180
0180
0300
0300
0300
0300
0600
0600
3FC0
3FC0
0180
0300
0600
0780
0380
0000
0000
ENDCHAR
STARTCHAR LtSmlIOgonek
ENCODING 303
SWIDTH 467 0
DWIDTH 14 0
BBX 14 30 0 -7
BITMAP
0000
0000
0000
0000
0000
00C0
00C0
00C0
0000
0000
0F80
0F80
0180
0300
0300
0300
0600
0600
0600
0C00
0C60
0FE0
07C0
0080
0180
0300
03C0
01C0
0000
0000
ENDCHAR
STARTCHAR LtCapIDot
ENCODING 304
SWIDTH 467 0
DWIDTH 14 0
BBX 14 30 0 -7
BITMAP
0000
0060
0060
0060
0000
0000
07F8
07F8
00C0
00C0
00C0
0180
0180
0180
0180
0300
0300
0300
0300
0600
0600
3FC0
3FC0
0000
0000
0000
0000
0000
0000
0000
ENDCHAR
STARTCHAR LtSmlIDotless
ENCODING 305
SWIDTH 467 0
DWIDTH 14 0
BBX 14 30 0 -7
BITMAP
0000
0000
0000
0000
0000
0000
0000
0000
0000
0000
0F80
0F80
0180
0300
0300
0300
0600
0600
0600
0C00
0C60
0FE0
07C0
0000
0000
0000
0000
0000
0000
0000
ENDCHAR
STARTCHAR LtCapIJ
ENCODING 306
SWIDTH 467 0
DWIDTH 14 0
BBX 14 30 0 -7
BITMAP
0000
0000
0000
0000
0000
0000
0F3C
0F3C
0618
0618
0630
0C30
0C30
0C30
0C60
1860
1860
1860
3C60
3CC0
00C0
00C0
30C0
3980
1F00
0E00
0000
0000
0000
0000
ENDCHAR
STARTCHAR LtSmlIJ
ENCODING 307
SWIDTH 467 0
DWIDTH 14 0
BBX 14 30 0 -7
BITMAP
0000
0000
0000
0000
0000
0C18
0C18
0C18
0000
0000
78F0
78F0
1830
1830
3030
3060
3060
3060
6060
6060
64C0
7CC0
38C0
00C0
01C0
3380
3F00
1E00
0000
0000
ENDCHAR
STARTCHAR LtCapJCircum
ENCODING 308
SWIDTH 467 0
DWIDTH 14 0
BBX 14 30 0 -7
BITMAP
0000
0030
0078
00FC
00CC
0000
003C
003C
0018
0018
0030
0030
0030
0030
0030
0060
0060
6060
6060
60C0
70C0
3F80
1F00
0000
0000
0000
0000
0000
0000
0000
ENDCHAR
STARTCHAR LtSmlJCircum
ENCODING 309
SWIDTH 467 0
DWIDTH 14 0
BBX 14 30 0 -7
BITMAP
0000
0000
0000
0000
00C0
01E0
03F0
0330
0000
0000
07C0
07C0
00C0
00C0
00C0
0180
0180
0180
0180
0180
0300
0300
0300
0300
0700
CE00
FC00
7800
0000
0000
ENDCHAR
STARTCHAR LtCapKComma
ENCODING 310
SWIDTH 467 0
DWIDTH 14 0
BBX 14 30 0 -7
BITMAP
0000
0000
0000
0000
0000
0000
0C0C
0C1C
0C38
0C70
18E0
19C0
1B80
1F00
1F00
3D80
3980
3180
30C0
60C0
60C0
6060
6060
0000
0E00
0E00
0600
1C00
1800
0000
ENDCHAR
STARTCHAR LtSmlKComma
ENCODING 311
SWIDTH 467 0
DWIDTH 14 0
BBX 14 30 0 -7
BITMAP
0000
0000
0000
0000
0000
1C00
1C00
0C00
0C00
0C00
19C0
1FE0
1C70
1830
1830
3060
3FC0
3F80
3180
30C0
60C0
60F0
6070
0000
0E00
0E00
0600
1C00
1800
0000
ENDCHAR
STARTCHAR LtSmlKra
ENCODING 312
SWIDTH 467 0
DWIDTH 14 0
BBX 14 30 0 -7
BITMAP
0000
0000
0000
0000
0000
0000
0000
0000
0000
0000
3818
3838
1870
18E0
31C0
3780
3F00
3F80
3980
70C0
60C0
6060
6060
0000
0000
0000
0000
0000
0000
0000
ENDCHAR
STARTCHAR LtCapLAcute
ENCODING 313
SWIDTH 467 0
DWIDTH 14 0
BBX 14 30 0 -7
BITMAP
0000
0078
0070
00E0
01C0
0000
0C00
0C00
0C00
0C00
1800
1800
1800
1800
1800
3000
3000
3000
3000
6000
6000
7FE0
7FE0
0000
0000
0000
0000
0000
0000
0000
ENDCHAR
STARTCHAR LtSmlLAcute
ENCODING 314
SWIDTH 467 0
DWIDTH 14 0
BBX 14 30 0 -7
BITMAP
0000
007C
00F0
01C0
0000
03C0
03C0
00C0
0180
0180
0180
0180
0300
0300
0300
0600
0600
0600
0600
0C00
0C60
0FE0
07C0
0000
0000
0000
0000
0000
0000
0000
ENDCHAR
STARTCHAR LtCapLComma
ENCODING 315
SWIDTH 467 0
DWIDTH 14 0
BBX 14 30 0 -7
BITMAP
0000
0000
0000
0000
0000
0000
0C00
0C00
0C00
0C00
1800
1800
1800
1800
1800
3000
3000
3000
3000
6000
6000
7FE0
7FE0
0000
0E00
0E00
0600
1C00
1800
0000
ENDCHAR
STARTCHAR LtSmlLComma
ENCODING 316
SWIDTH 467 0
DWIDTH 14 0
BBX 14 30 0 -7
BITMAP
0000
0000
0000
0000
0000
03C0
03C0
00C0
0180
0180
0180
0180
0300
0300
0300
0600
0600
0600
0600
0C00
0C60
0FE0
07C0
0000
0700
0700
0300
0E00
0C00
0000
ENDCHAR
STARTCHAR LtCapLCaron
ENCODING 317
SWIDTH 467 0
DWIDTH 14 0
BBX 14 30 0 -7
BITMAP
0000
0000
0000
0000
0018
003C
0C3C
0C0C
0C18
0C30
1800
1800
1800
1800
1800
3000
3000
3000
3000
6000
6000
7FE0
7FE0
0000
0000
0000
0000
0000
0000
0000
ENDCHAR
STARTCHAR LtSmlLCaron
ENCODING 318
SWIDTH 467 0
DWIDTH 14 0
BBX 14 30 0 -7
BITMAP
0000
0000
0000
0018
003C
0F3C
0F0C
0318
0630
0600
0600
0600
0C00
0C00
0C00
1800
1800
1800
1800
3000
3180
3F80
1F00
0000
0000
0000
0000
0000
0000
0000
ENDCHAR
STARTCHAR LtCapLMdot
ENCODING 319
SWIDTH 467 0
DWIDTH 14 0
BBX 14 30 0 -7
BITMAP
0000
0000
0000
0000
0000
0000
0C00
0C00
0C00
0C00
1800
1800
1830
1878
1878
3030
3000
3000
3000
6000
6000
7FE0
7FE0
0000
0000
0000
0000
0000
0000
0000
ENDCHAR
STARTCHAR LtSmlLMdot
ENCODING 320
SWIDTH 467 0
DWIDTH 14 0
BBX 14 30 0 -7
BITMAP
0000
0000
0000
0000
0000
0F00
0F00
0300
0600
0600
0600
0618
0C3C
0C3C
0C18
1800
1800
1800
1800
3000
3180
3F80
1F00
0000
0000
0000
0000
0000
0000
0000
ENDCHAR
STARTCHAR LtCapLStroke
ENCODING 321
SWIDTH 467 0
DWIDTH 14 0
BBX 14 30 0 -7
BITMAP
0000
0000
0000
0000
0000
0000
0600
0600
0600
0600
0C00
0C00
0D80
0F80
1E00
7800
7800
1800
1800
3000
3000
3FF0
3FF0
0000
0000
0000
0000
0000
0000
0000
ENDCHAR
STARTCHAR LtSmlLStroke
ENCODING 322
SWIDTH 467 0
DWIDTH 14 0
BBX 14 30 0 -7
BITMAP
0000
0000
0000
0000
0000
03C0
03C0
00C0
0180
0180
01B0
01F0
03C0
0300
0F00
3E00
3600
0600
0600
0C00
0C60
0FE0
07C0
0000
0000
0000
0000
0000
0000
0000
ENDCHAR
STARTCHAR LtCapNAcute
ENCODING 323
SWIDTH 467 0
DWIDTH 14 0
BBX 14 30 0 -7
BITMAP
0000
0078
0070
00E0
01C0
0000
0C0C
0C0C
0C0C
0E0C
1E18
1B18
1B18
1B18
3398
31B0
31B0
31B0
30F0
60E0
6060
6060
6060
0000
0000
0000
0000
0000
0000
0000
ENDCHAR
STARTCHAR LtSmlNAcute
ENCODING 324
SWIDTH 467 0
DWIDTH 14 0
BBX 14 30 0 -7
BITMAP
0000
0000
0000
0000
00F0
00E0
01C0
0380
0000
0000
39C0
3BE0
1E70
1C30
1830
3060
3060
3060
3060
30C0
60C0
60F0
6070
0000
0000
0000
0000
0000
0000
0000
ENDCHAR
STARTCHAR LtCapNComma
ENCODING 325
SWIDTH 467 0
DWIDTH 14 0
BBX 14 30 0 -7
BITMAP
0000
0000
0000
0000
0000
0000
0C0C
0C0C
0C0C
0E0C
1E18
1B18
1B18
1B18
3398
31B0
31B0
31B0
30F0
60E0
6060
6060
6060
0000
0E00
0E00
0600
1C00
1800
0000
ENDCHAR
STARTCHAR LtSmlNComma
ENCODING 326
SWIDTH 467 0
DWIDTH 14 0
BBX 14 30 0 -7
BITMAP
0000
0000
0000
0000
0000
0000
0000
0000
0000
0000
39C0
3BE0
1E70
1C30
1830
3060
3060
3060
3060
30C0
60C0
60F0
6070
0000
0E00
0E00
0600
1C00
1800
0000
ENDCHAR
STARTCHAR LtCapNCaron
ENCODING 327
SWIDTH 467 0
DWIDTH 14 0
BBX 14 30 0 -7
BITMAP
0000
0330
03F0
01E0
00C0
0000
0C0C
0C0C
0C0C
0E0C
1E18
1B18
1B18
1B18
3398
31B0
31B0
31B0
30F0
60E0
6060
6060
6060
0000
0000
0000
0000
0000
0000
0000
ENDCHAR
STARTCHAR LtSmlNCaron
ENCODING 328
SWIDTH 467 0
DWIDTH 14 0
BBX 14 30 0 -7
BITMAP
0000
0000
0000
0000
0660
07E0
03C0
0180
0000
0000
39C0
3BE0
1E70
1C30
1830
3060
3060
3060
3060
30C0
60C0
60F0
6070
0000
0000
0000
0000
0000
0000
0000
ENDCHAR
STARTCHAR LtSmlNApostr
ENCODING 329
SWIDTH 467 0
DWIDTH 14 0
BBX 14 30 0 -7
BITMAP
0000
0000
0000
3000
7800
7800
1800
3000
6000
0000
1CE0
1DF0
0F38
0E18
0C18
1830
1830
1830
1830
1860
3060
3078
3038
0000
0000
0000
0000
0000
0000
0000
ENDCHAR
STARTCHAR LtCapEng
ENCODING 330
SWIDTH 467 0
DWIDTH 14 0
BBX 14 30 0 -7
BITMAP
0000
0000
0000
0000
0000
0000
0CF0
0DF8
0F18
0E0C
1C0C
180C
1818
1818
1818
3018
3030
3030
3030
6030
6030
6060
6060
0060
0060
0CC0
0FC0
0780
0000
0000
ENDCHAR
STARTCHAR LtSmlEng
ENCODING 331
SWIDTH 467 0
DWIDTH 14 0
BBX 14 30 0 -7
BITMAP
0000
0000
0000
0000
0000
0000
0000
0000
0000
0000
39C0
3BE0
1E70
1C30
1830
3060
3060
3060
3060
3060
6060
60C0
60C0
00C0
00C0
1980
1F80
0F00
0000
0000
ENDCHAR
STARTCHAR LtCapOMacron
ENCODING 332
SWIDTH 467 0
DWIDTH 14 0
BBX 14 30 0 -7
BITMAP
0000
0000
03F8
03F8
0000
0000
03E0
0FF0
0C30
1818
3818
3018
3018
6018
6018
6018
6030
6030
6070
6060
30C0
3FC0
1F00
0000
0000
0000
0000
0000
0000
0000
ENDCHAR
STARTCHAR LtSmlOMacron
ENCODING 333
SWIDTH 467 0
DWIDTH 14 0
BBX 14 30 0 -7
BITMAP
0000
0000
0000
0000
0000
0000
03F0
03F0
0000
0000
03C0
07E0
0E70
1C30
1830
3030
3030
3030
3060
30E0
39C0
1F80
0F00
0000
0000
0000
0000
0000
0000
0000
ENDCHAR
STARTCHAR LtCapOBreve
ENCODING 334
SWIDTH 467 0
DWIDTH 14 0
BBX 14 30 0 -7
BITMAP
0000
0630
0630
03E0
01C0
0000
03E0
0FF0
0C30
1818
3818
3018
3018
6018
6018
6018
6030
6030
6070
6060
30C0
3FC0
1F00
0000
0000
0000
0000
0000
0000
0000
ENDCHAR
STARTCHAR LtSmlOBreve
ENCODING 335
SWIDTH 467 0
DWIDTH 14 0
BBX 14 30 0 -7
BITMAP
0000
0000
0000
0000
0630
0630
03E0
01C0
0000
0000
03C0
07E0
0E70
1C30
1830
3030
3030
3030
3060
30E0
39C0
1F80
0F00
0000
0000
0000
0000
0000
0000
0000
ENDCHAR
STARTCHAR LtCapOAcute2
ENCODING 336
SWIDTH 467 0
DWIDTH 14 0
BBX 14 30 0 -7
BITMAP
0000
0198
03B8
0330
0660
0000
03E0
0FF0
0C30
1818
3818
3018
3018
6018
6018
6018
6030
6030
6070
6060
30C0
3FC0
1F00
0000
0000
0000
0000
0000
0000
0000
ENDCHAR
STARTCHAR LtSmlOAcute2
ENCODING 337
SWIDTH 467 0
DWIDTH 14 0
BBX 14 30 0 -7
BITMAP
0000
0000
0000
0000
01DC
03B8
0330
0660
0000
0000
03C0
07E0
0E70
1C30
1830
3030
3030
3030
3060
30E0
39C0
1F80
0F00
0000
0000
0000
0000
0000
0000
0000
ENDCHAR
STARTCHAR LtCapOE
ENCODING 338
SWIDTH 467 0
DWIDTH 14 0
BBX 14 30 0 -7
BITMAP
0000
0000
0000
0000
0000
0000
0FFC
1FFC
1980
3180
3180
3300
3300
63E0
63E0
6600
6600
C600
C600
CC00
CC00
7FE0
3FE0
0000
0000
0000
0000
0000
0000
0000
ENDCHAR
STARTCHAR LtSmlOE
ENCODING 339
SWIDTH 467 0
DWIDTH 14 0
BBX 14 30 0 -7
BITMAP
0000
0000
0000
0000
0000
0000
0000
0000
0000
0000
1E38
3F7C
33CC
638C
630C
C3F8
C3F0
C300
C600
C600
CF30
FFF0
79E0
0000
0000
0000
0000
0000
0000
0000
ENDCHAR
STARTCHAR LtCapRAcute
ENCODING 340
SWIDTH 467 0
DWIDTH 14 0
BBX 14 30 0 -7
BITMAP
0000
0078
0070
00E0
01C0
0000
0FF0
0FF8
0C18
0C18
0C18
1818
1838
1FF0
1FE0
3300
3300
3180
3180
60C0
60C0
6060
6060
0000
0000
0000
0000
0000
0000
0000
ENDCHAR
STARTCHAR LtSmlRAcute
ENCODING 341
SWIDTH 467 0
DWIDTH 14 0
BBX 14 30 0 -7
BITMAP
0000
0000
0000
0000
00F0
00E0
01C0
0380
0000
0000
3CF0
3DF8
0F38
0E18
0C00
1800
1800
1800
1800
1800
3000
3000
3000
0000
0000
0000
0000
0000
0000
0000
ENDCHAR
STARTCHAR LtCapRComma
ENCODING 342
SWIDTH 467 0
DWIDTH 14 0
BBX 14 30 0 -7
BITMAP
0000
0000
0000
0000
0000
0000
0FF0
0FF8
0C18
0C18
0C18
1818
1838
1FF0
1FE0
3300
3300
3180
3180
60C0
60C0
6060
6060
0000
0E00
0E00
0600
1C00
1800
0000
ENDCHAR
STARTCHAR LtSmlRComma
ENCODING 343
SWIDTH 467 0
DWIDTH 14 0
BBX 14 30 0 -7
BITMAP
0000
0000
0000
0000
0000
0000
0000
0000
0000
0000
3CF0
3DF8
0F38
0E18
0C00
1800
1800
1800
1800
1800
3000
3000
3000
0000
3800
3800
1800
7000
6000
0000
ENDCHAR
STARTCHAR LtCapRCaron
ENCODING 344
SWIDTH 467 0
DWIDTH 14 0
BBX 14 30 0 -7
BITMAP
0000
0330
03F0
01E0
00C0
0000
0FF0
0FF8
0C18
0C18
0C18
1818
1838
1FF0
1FE0
3300
3300
3180
3180
60C0
60C0
6060
6060
0000
0000
0000
0000
0000
0000
0000
ENDCHAR
STARTCHAR LtSmlRCaron
ENCODING 345
SWIDTH 467 0
DWIDTH 14 0
BBX 14 30 0 -7
BITMAP
0000
0000
0000
0000
0660
07E0
03C0
0180
0000
0000
3CF0
3DF8
0F38
0E18
0C00
1800
1800
1800
1800
1800
3000
3000
3000
0000
0000
0000
0000
0000
0000
0000
ENDCHAR
STARTCHAR LtCapSAcute
ENCODING 346
SWIDTH 467 0
DWIDTH 14 0
BBX 14 30 0 -7
BITMAP
0000
003C
0038
0070
00E0
0000
03F8
07FC
0E0C
0C0C
0C00
0E00
0600
0700
0380
01C0
00C0
00E0
0060
6060
60E0
7FC0
3F80
0000
0000
0000
0000
0000
0000
0000
ENDCHAR
STARTCHAR LtSmlSAcute
ENCODING 347
SWIDTH 467 0
DWIDTH 14 0
BBX 14 30 0 -7
BITMAP
0000
0000
0000
0000
0078
0070
00E0
01C0
0000
0000
07E0
0FF0
1C30
1830
1C00
0E00
0780
01C0
00E0
6060
60E0
3FC0
1F80
0000
0000
0000
0000
0000
0000
0000
ENDCHAR
STARTCHAR LtCapSCircum
ENCODING 348
SWIDTH 467 0
DWIDTH 14 0
BBX 14 30 0 -7
BITMAP
0000
00C0
01E0
03F0
0330
0000
03F8
07FC
0E0C
0C0C
0C00
0E00
0600
0700
0380
01C0
00C0
00E0
0060
6060
60E0
7FC0
3F80
0000
0000
0000
0000
0000
0000
0000
ENDCHAR
STARTCHAR LtSmlSCircum
ENCODING 349
SWIDTH 467 0
DWIDTH 14 0
BBX 14 30 0 -7
BITMAP
0000
0000
0000
0000
0180
03C0
07E0
0660
0000
0000
07E0
0FF0
1C30
1830
1C00
0E00
0780
01C0
00E0
6060
60E0
3FC0
1F80
0000
0000
0000
0000
0000
0000
0000
ENDCHAR
STARTCHAR LtCapSCedilla
ENCODING 350
SWIDTH 467 0
DWIDTH 14 0
BBX 14 30 0 -7
BITMAP
0000
0000
0000
0000
0000
0000
03F8
07FC
0E0C
0C0C
0C00
0E00
0600
0700
0380
01C0
00C0
00E0
0060
6060
60E0
7FC0
3F80
0800
0C00
0600
3E00
3C00
0000
0000
ENDCHAR
STARTCHAR LtSmlSCedilla
ENCODING 351
SWIDTH 467 0
DWIDTH 14 0
BBX 14 30 0 -7
BITMAP
0000
0000
0000
0000
0000
0000
0000
0000
0000
0000
07E0
0FF0
1C30
1830
1C00
0E00
0780
01C0
00E0
6060
60E0
3FC0
1F80
0800
0C00
0600
3E00
3C00
0000
0000
ENDCHAR
STARTCHAR LtCapSCaron
ENCODING 352
SWIDTH 467 0
DWIDTH 14 0
BBX 14 30 0 -7
BITMAP
0000
0198
01F8
00F0
0060
0000
03F8
07FC
0E0C
0C0C
0C00
0E00
0600
0700
0380
01C0
00C0
00E0
0060
6060
60E0
7FC0
3F80
0000
0000
0000
0000
0000
0000
0000
ENDCHAR
STARTCHAR LtSmlSCaron
ENCODING 353
SWIDTH 467 0
DWIDTH 14 0
BBX 14 30 0 -7
BITMAP
0000
0000
0000
0000
0660
07E0
03C0
0180
0000
0000
07E0
0FF0
1C30
1830
1C00
0E00
0780
01C0
00E0
6060
60E0
3FC0
1F80
0000
0000
0000
0000
0000
0000
0000
ENDCHAR
STARTCHAR LtCapTCedilla
ENCODING 354
SWIDTH 467 0
DWIDTH 14 0
BBX 14 30 0 -7
BITMAP
0000
0000
0000
0000
0000
0000
0FFC
0FFC
00C0
00C0
00C0
0180
0180
0180
0180
0300
0300
0300
0300
0600
0600
0600
0600
0400
0600
0300
1F00
1E00
0000
0000
ENDCHAR
STARTCHAR LtSmlTCedilla
ENCODING 355
SWIDTH 467 0
DWIDTH 14 0
BBX 14 30 0 -7
BITMAP
0000
0000
0000
0000
0000
0000
0100
0300
0300
0300
1FF0
1FF0
0600
0600
0600
0C00
0C00
0C00
1800
1800
1CC0
0FC0
0780
0400
0600
0300
1F00
1E00
0000
0000
ENDCHAR
STARTCHAR LtCapTCaron
ENCODING 356
SWIDTH 467 0
DWIDTH 14 0
BBX 14 30 0 -7
BITMAP
0000
0198
01F8
00F0
0060
0000
0FFC
0FFC
00C0
00C0
00C0
0180
0180
0180
0180
0300
0300
0300
0300
0600
0600
0600
0600
0000
0000
0000
0000
0000
0000
0000
ENDCHAR
STARTCHAR LtSmlTCaron
ENCODING 357
SWIDTH 467 0
DWIDTH 14 0
BBX 14 30 0 -7
BITMAP
0000
0000
0000
0018
003C
003C
020C
0618
0630
0600
3FC0
3FC0
0C00
0C00
0C00
1800
1800
1800
3000
3000
3980
1F80
0F00
0000
0000
0000
0000
0000
0000
0000
ENDCHAR
STARTCHAR LtCapTStroke
ENCODING 358
SWIDTH 467 0
DWIDTH 14 0
BBX 14 30 0 -7
BITMAP
0000
0000
0000
0000
0000
0000
0FFC
0FFC
00C0
00C0
00C0
0180
0180
0180
0FE0
0FE0
0300
0300
0300
0600
0600
0600
0600
0000
0000
0000
0000
0000
0000
0000
ENDCHAR
STARTCHAR LtSmlTStroke
ENCODING 359
SWIDTH 467 0
DWIDTH 14 0
BBX 14 30 0 -7
BITMAP
0000
0000
0000
0000
0000
0000
0100
0300
0300
0300
1FE0
1FE0
0600
0600
3FC0
3FC0
0C00
0C00
1800
1800
1CC0
0FC0
0780
0000
0000
0000
0000
0000
0000
0000
ENDCHAR
STARTCHAR LtCapUTilde
ENCODING 360
SWIDTH 467 0
DWIDTH 14 0
BBX 14 30 0 -7
BITMAP
0000
0000
0398
07F8
0670
0000
0C0C
0C0C
0C0C
0C0C
1818
1818
1818
1818
1818
3030
3030
3030
3030
3060
38E0
1FC0
0F80
0000
0000
0000
0000
0000
0000
0000
ENDCHAR
STARTCHAR LtSmlUTilde
ENCODING 361
SWIDTH 467 0
DWIDTH 14 0
BBX 14 30 0 -7
BITMAP
0000
0000
0000
0000
0000
0398
07F8
0670
0000
0000
1C18
1C18
0C18
1818
1830
1830
1830
3060
3060
30E0
39E0
1F70
0E30
0000
0000
0000
0000
0000
0000
0000
ENDCHAR
STARTCHAR LtCapUMacron
ENCODING 362
SWIDTH 467 0
DWIDTH 14 0
BBX 14 30 0 -7
BITMAP
0000
0000
03F8
03F8
0000
0000
0C0C
0C0C
0C0C
0C0C
1818
1818
1818
1818
1818
3030
3030
3030
3030
3060
38E0
1FC0
0F80
0000
0000
0000
0000
0000
0000
0000
ENDCHAR
STARTCHAR LtSmlUMacron
ENCODING 363
SWIDTH 467 0
DWIDTH 14 0
BBX 14 30 0 -7
BITMAP
0000
0000
0000
0000
0000
0000
03F0
03F0
0000
0000
1C18
1C18
0C18
1818
1830
1830
1830
3060
3060
30E0
39E0
1F70
0E30
0000
0000
0000
0000
0000
0000
0000
ENDCHAR
STARTCHAR LtCapUBreve
ENCODING 364
SWIDTH 467 0
DWIDTH 14 0
BBX 14 30 0 -7
BITMAP
0000
0318
0318
01F0
00E0
0000
0C0C
0C0C
0C0C
0C0C
1818
1818
1818
1818
1818
3030
3030
3030
3030
3060
38E0
1FC0
0F80
0000
0000
0000
0000
0000
0000
0000
ENDCHAR
STARTCHAR LtSmlUBreve
ENCODING 365
SWIDTH 467 0
DWIDTH 14 0
BBX 14 30 0 -7
BITMAP
0000
0000
0000
0000
0630
0630
03E0
01C0
0000
0000
1C18
1C18
0C18
1818
1830
1830
1830
3060
3060
30E0
39E0
1F70
0E30
0000
0000
0000
0000
0000
0000
0000
ENDCHAR
STARTCHAR LtCapURing
ENCODING 366
SWIDTH 467 0
DWIDTH 14 0
BBX 14 30 0 -7
BITMAP
0000
01E0
0330
0330
01E0
0000
0C0C
0C0C
0C0C
0C0C
1818
1818
1818
1818
1818
3030
3030
3030
3030
3060
38E0
1FC0
0F80
0000
0000
0000
0000
0000
0000
0000
ENDCHAR
STARTCHAR LtSmlURing
ENCODING 367
SWIDTH 467 0
DWIDTH 14 0
BBX 14 30 0 -7
BITMAP
0000
0000
0000
00C0
01E0
0330
0330
01E0
00C0
0000
1C18
1C18
0C18
1818
1830
1830
1830
3060
3060
30E0
39E0
1F70
0E30
0000
0000
0000
0000
0000
0000
0000
ENDCHAR
STARTCHAR LtCapUAcute2
ENCODING 368
SWIDTH 467 0
DWIDTH 14 0
BBX 14 30 0 -7
BITMAP
0000
00CC
01DC
0198
0330
0000
0C0C
0C0C
0C0C
0C0C
1818
1818
1818
1818
1818
3030
3030
3030
3030
3060
38E0
1FC0
0F80
0000
0000
0000
0000
0000
0000
0000
ENDCHAR
STARTCHAR LtSmlUAcute2
ENCODING 369
SWIDTH 467 0
DWIDTH 14 0
BBX 14 30 0 -7
BITMAP
0000
0000
0000
0000
01DC
03B8
0330
0660
0000
0000
1C18
1C18
0C18
1818
1830
1830
1830
3060
3060
30E0
39E0
1F70
0E30
0000
0000
0000
0000
0000
0000
0000
ENDCHAR
STARTCHAR LtCapUOgonek
ENCODING 370
SWIDTH 467 0
DWIDTH 14 0
BBX 14 30 0 -7
BITMAP
0000
0000
0000
0000
0000
0000
0C0C
0C0C
0C0C
0C0C
1818
1818
1818
1818
1818
3030
3030
3030
3030
3060
38E0
1FC0
0FC0
0080
0180
0300
03C0
01C0
0000
0000
ENDCHAR
STARTCHAR LtSmlUOgonek
ENCODING 371
SWIDTH 467 0
DWIDTH 14 0
BBX 14 30 0 -7
BITMAP
0000
0000
0000
0000
0000
0000
0000
0000
0000
0000
1C18
1C18
0C18
1818
1830
1830
1830
3060
3060
30E0
39E0
1F70
0E30
0030
0060
00C0
00F0
0070
0000
0000
ENDCHAR
STARTCHAR LtCapWCircum
ENCODING 372
SWIDTH 467 0
DWIDTH 14 0
BBX 14 30 0 -7
BITMAP
0000
00C0
01E0
03F0
0330
0000
180C
180C
180C
1818
1998
1998
3398
33B0
37B0
35B0
3CF0
38E0
78E0
70E0
70C0
60C0
60C0
0000
0000
0000
0000
0000
0000
0000
ENDCHAR
STARTCHAR LtSmlWCircum
ENCODING 373
SWIDTH 467 0
DWIDTH 14 0
BBX 14 30 0 -7
BITMAP
0000
0000
0000
0000
0180
03C0
07E0
0660
0000
0000
6018
701C
300C
318C
318C
3398
3398
3698
36B0
3CF0
38E0
30C0
20C0
0000
0000
0000
0000
0000
0000
0000
ENDCHAR
STARTCHAR LtCapYCircum
ENCODING 374
SWIDTH 467 0
DWIDTH 14 0
BBX 14 30 0 -7
BITMAP
0000
00C0
01E0
03F0
0330
0000
0C0C
0C1C
0C18
0630
0630
0660
03C0
03C0
0380
0300
0300
0300
0300
0600
0600
0600
0600
0000
0000
0000
0000
0000
0000
0000
ENDCHAR
STARTCHAR LtSmlYCircum
ENCODING 375
SWIDTH 467 0
DWIDTH 14 0
BBX 14 30 0 -7
BITMAP
0000
0000
0000
0000
00C0
01E0
03F0
0330
0000
0000
1C18
1C18
0C18
1818
1830
1830
1830
3030
3060
30E0
39E0
1F60
0E60
00C0
00C0
61C0
7F80
7F00
0000
0000
ENDCHAR
STARTCHAR LtCapYDrss
ENCODING 376
SWIDTH 467 0
DWIDTH 14 0
BBX 14 30 0 -7
BITMAP
0000
0330
0330
0330
0000
0000
0C0C
0C1C
0C18
0630
0630
0660
03C0
03C0
0380
0300
0300
0300
0300
0600
0600
0600
0600
0000
0000
0000
0000
0000
0000
0000
ENDCHAR
STARTCHAR LtCapZAcute
ENCODING 377
SWIDTH 467 0
DWIDTH 14 0
BBX 14 30 0 -7
BITMAP
0000
0078
0070
00E0
01C0
0000
0FFC
0FFC
001C
0038
0070
0060
00C0
01C0
0380
0700
0600
0C00
1C00
3800
7000
7FE0
7FE0
0000
0000
0000
0000
0000
0000
0000
ENDCHAR
STARTCHAR LtSmlZAcute
ENCODING 378
SWIDTH 467 0
DWIDTH 14 0
BBX 14 30 0 -7
BITMAP
0000
0000
0000
0000
00F0
00E0
01C0
0380
0000
0000
0FF8
1FF8
1830
0060
00C0
0180
0300
0600
0C00
1800
3C30
7E70
63E0
01C0
0000
0000
0000
0000
0000
0000
ENDCHAR
STARTCHAR LtCapZDot
ENCODING 379
SWIDTH 467 0
DWIDTH 14 0
BBX 14 30 0 -7
BITMAP
0000
0060
0060
0060
0000
0000
0FFC
0FFC
001C
0038
0070
0060
00C0
01C0
0380
0700
0600
0C00
1C00
3800
7000
7FE0
7FE0
0000
0000
0000
0000
0000
0000
0000
ENDCHAR
STARTCHAR LtSmlZDot
ENCODING 380
SWIDTH 467 0
DWIDTH 14 0
BBX 14 30 0 -7
BITMAP
0000
0000
0000
0000
0000
00C0
00C0
00C0
0000
0000
0FF8
1FF8
1830
0060
00C0
0180
0300
0600
0C00
1800
3C30
7E70
63E0
01C0
0000
0000
0000
0000
0000
0000
ENDCHAR
STARTCHAR LtCapZCaron
ENCODING 381
SWIDTH 467 0
DWIDTH 14 0
BBX 14 30 0 -7
BITMAP
0000
0330
03F0
01E0
00C0
0000
0FFC
0FFC
001C
0038
0070
0060
00C0
01C0
0380
0700
0600
0C00
1C00
3800
7000
7FE0
7FE0
0000
0000
0000
0000
0000
0000
0000
ENDCHAR
STARTCHAR LtSmlZCaron
ENCODING 382
SWIDTH 467 0
DWIDTH 14 0
BBX 14 30 0 -7
BITMAP
0000
0000
0000
0000
0660
07E0
03C0
0180
0000
0000
0FF8
1FF8
1830
0060
00C0
0180
0300
0600
0C00
1800
3C30
7E70
63E0
01C0
0000
0000
0000
0000
0000
0000
ENDCHAR
STARTCHAR LtSmlSLong
ENCODING 383
SWIDTH 467 0
DWIDTH 14 0
BBX 14 30 0 -7
BITMAP
0000
0000
0000
0000
0000
007C
00FC
01CC
0180
0180
0180
0300
0F00
0F00
0300
0300
0300
0300
0600
0600
0600
0600
0C00
0C00
0C00
0C00
1800
1800
0000
0000
ENDCHAR
STARTCHAR LtSmlBStroke
ENCODING 384
SWIDTH 467 0
DWIDTH 14 0
BBX 14 30 0 -7
BITMAP
0000
0000
0000
0000
0000
0600
0600
1FC0
1FC0
0C00
0DC0
0BE0
1E70
1C30
1830
1830
3030
3030
3060
30E0
39C0
1F80
0E00
0000
0000
0000
0000
0000
0000
0000
ENDCHAR
STARTCHAR LtCapBHook
ENCODING 385
SWIDTH 467 0
DWIDTH 14 0
BBX 14 30 0 -7
BITMAP
0000
0000
0000
0000
0000
0000
0FF8
1FFC
3B0C
330C
360C
360C
0618
07F0
07F0
0C30
0C18
0C18
0C18
1818
1830
1FF0
1FC0
0000
0000
0000
0000
0000
0000
0000
ENDCHAR
STARTCHAR LtCapBTopbar
ENCODING 386
SWIDTH 467 0
DWIDTH 14 0
BBX 14 30 0 -7
BITMAP
0000
0000
0000
0000
0000
0000
0FF8
0FF8
0C00
0C00
1800
1800
1800
1FC0
1FE0
3060
3030
3030
3030
6030
6060
7FE0
7F80
0000
0000
0000
0000
0000
0000
0000
ENDCHAR
STARTCHAR LtSmlBTopbar
ENCODING 387
SWIDTH 467 0
DWIDTH 14 0
BBX 14 30 0 -7
BITMAP
0000
0000
0000
0000
0000
07F8
07F8
0600
0C00
0C00
0DC0
0BE0
1E70
1C30
1830
1830
3030
3030
3060
30E0
39C0
1F80
0E00
0000
0000
0000
0000
0000
0000
0000
ENDCHAR
STARTCHAR LtCapTone6
ENCODING 388
SWIDTH 467 0
DWIDTH 14 0
BBX 14 30 0 -7
BITMAP
0000
0000
0000
0000
0000
0000
0600
0E00
1E00
3600
2600
0C00
0C00
0FC0
0FE0
1860
1830
1830
1830
3030
3060
3FC0
3F80
0000
0000
0000
0000
0000
0000
0000
ENDCHAR
STARTCHAR LtSmlTone6
ENCODING 389
SWIDTH 467 0
DWIDTH 14 0
BBX 14 30 0 -7
BITMAP
0000
0000
0000
0000
0000
0000
0000
0000
0000
0000
0300
0700
0F00
1E00
3600
27C0
0FE0
0C30
0C30
0C30
1860
1FE0
1F80
0000
0000
0000
0000
0000
0000
0000
ENDCHAR
STARTCHAR LtCapCTrnd
ENCODING 390
SWIDTH 467 0
DWIDTH 14 0
BBX 14 30 0 -7
BITMAP
0000
0000
0000
0000
0000
0000
07E0
0FF0
0C30
0818
0018
0018
0018
0018
0018
0018
0030
0030
0060
40E0
61C0
7F80
3F00
0000
0000
0000
0000
0000
0000
0000
ENDCHAR
STARTCHAR LtCapCHook
ENCODING 391
SWIDTH 467 0
DWIDTH 14 0
BBX 14 30 0 -7
BITMAP
0000
0000
0000
001C
003C
0030
01F0
07F8
0E18
1C08
1800
3000
3000
6000
6000
6000
6000
6000
6000
6040
30C0
3FC0
1F80
0000
0000
0000
0000
0000
0000
0000
ENDCHAR
STARTCHAR LtSmlCHook
ENCODING 392
SWIDTH 467 0
DWIDTH 14 0
BBX 14 30 0 -7
BITMAP
0000
0000
0000
0000
0000
0000
003C
007C
0064
0060
01E0
07F0
0E30
1C10
1800
3000
3000
3000
3000
3060
38E0
1FC0
0F00
0000
0000
0000
0000
0000
0000
0000
ENDCHAR
STARTCHAR LtCapDStrokeAfr
ENCODING 393
SWIDTH 467 0
DWIDTH 14 0
BBX 14 30 0 -7
BITMAP
0000
0000
0000
0000
0000
0000
0FE0
0FF0
0C30
0C18
1818
1818
1818
7F18
7F18
3018
3030
3030
6070
60E0
61C0
7F80
7E00
0000
0000
0000
0000
0000
0000
0000
ENDCHAR
STARTCHAR LtCapDHook
ENCODING 394
SWIDTH 467 0
DWIDTH 14 0
BBX 14 30 0 -7
BITMAP
0000
0000
0000
0000
0000
0000
0FF0
1FF8
3B18
330C
360C
360C
060C
060C
0C0C
0C0C
0C18
0C18
1838
1870
18E0
1FC0
1F00
0000
0000
0000
0000
0000
0000
0000
ENDCHAR
STARTCHAR LtCapDTopbar
ENCODING 395
SWIDTH 467 0
DWIDTH 14 0
BBX 14 30 0 -7
BITMAP
0000
0000
0000
0000
0000
0000
03FC
03FC
000C
000C
0018
0018
0018
07F8
0FF0
1C30
3830
3030
3030
3060
3860
1FE0
0FE0
0000
0000
0000
0000
0000
0000
0000
ENDCHAR
STARTCHAR LtSmlDTopbar
ENCODING 396
SWIDTH 467 0
DWIDTH 14 0
BBX 14 30 0 -7
BITMAP
0000
0000
0000
0000
0000
03FC
03FC
000C
000C
0018
0198
07D8
0E78
1C30
1830
3030
3030
3060
3060
30E0
39E0
1F70
0E30
0000
0000
0000
0000
0000
0000
0000
ENDCHAR
STARTCHAR LtSmlDelTrnd
ENCODING 397
SWIDTH 467 0
DWIDTH 14 0
BBX 14 30 0 -7
BITMAP
0000
0000
0000
0000
0000
0000
0000
0000
0000
0000
03C0
07E0
0E70
1C30
1830
3030
3030
3030
3060
30E0
39C0
1F80
0E00
0700
0380
0180
7F80
7F00
0000
0000
ENDCHAR
STARTCHAR LtCapERev
ENCODING 398
SWIDTH 467 0
DWIDTH 14 0
BBX 14 30 0 -7
BITMAP
0000
0000
0000
0000
0000
0000
0FFC
0FFC
000C
000C
0018
0018
0018
07F8
07F8
0030
0030
0030
0030
0060
0060
7FE0
7FE0
0000
0000
0000
0000
0000
0000
0000
ENDCHAR
STARTCHAR LtCapSchwa
ENCODING 399
SWIDTH 467 0
DWIDTH 14 0
BBX 14 30 0 -7
BITMAP
0000
0000
0000
0000
0000
0000
03E0
07F0
0630
0418
0018
0018
0018
1FF8
1FF8
1838
3030
3030
3070
3060
18C0
1FC0
0F00
0000
0000
0000
0000
0000
0000
0000
ENDCHAR
STARTCHAR LtCapEps
ENCODING 400
SWIDTH 467 0
DWIDTH 14 0
BBX 14 30 0 -7
BITMAP
0000
0000
0000
0000
0000
0000
00F8
03FC
070C
0604
0C00
0C00
0C00
0780
0F80
1800
3000
3000
3000
3020
3860
1FE0
0FC0
0000
0000
0000
0000
0000
0000
0000
ENDCHAR
STARTCHAR LtCapFLhook
ENCODING 401
SWIDTH 467 0
DWIDTH 14 0
BBX 14 30 0 -7
BITMAP
0000
0000
0000
0000
0000
0000
01FC
01FC
0180
0180
0300
0300
0300
03F0
03F0
0600
0600
0600
0600
CC00
CC00
FC00
7800
0000
0000
0000
0000
0000
0000
0000
ENDCHAR
STARTCHAR LtSmlFLhook
ENCODING 402
SWIDTH 467 0
DWIDTH 14 0
BBX 14 30 0 -7
BITMAP
0000
0000
0000
0000
0000
003C
007C
00EC
00C0
0180
0180
0180
3FF0
3FF0
0300
0300
0300
0300
0300
0300
0600
0600
0600
0600
0C00
DC00
F800
F000
0000
0000
ENDCHAR
STARTCHAR LtCapGHook
ENCODING 403
SWIDTH 467 0
DWIDTH 14 0
BBX 14 30 0 -7
BITMAP
0000
0000
0000
001C
003C
0030
01F0
07F8
0E18
1C08
1800
3000
3000
6000
61F0
61F0
6060
6060
6060
6060
30C0
3FC0
1FC0
0000
0000
0000
0000
0000
0000
0000
ENDCHAR
STARTCHAR LtCapGam
ENCODING 404
SWIDTH 467 0
DWIDTH 14 0
BBX 14 30 0 -7
BITMAP
0000
0000
0000
0000
0000
0000
180C
181C
1818
1830
1830
0C60
0CE0
0CC0
0D80
0D80
0700
0600
0600
0E00
1E00
3B00
3300
6300
6300
6300
7F00
3E00
0000
0000
ENDCHAR
STARTCHAR LtSmlHwair
ENCODING 405
SWIDTH 467 0
DWIDTH 14 0
BBX 14 30 0 -7
BITMAP
0000
0000
0000
0000
0000
3800
3800
1800
1800
1800
330C
378C
3D8C
398C
318C
6318
6318
6318
6618
6630
C630
C7E0
C3C0
0000
0000
0000
0000
0000
0000
0000
ENDCHAR
STARTCHAR LtCapIot
ENCODING 406
SWIDTH 467 0
DWIDTH 14 0
BBX 14 30 0 -7
BITMAP
0000
0000
0000
0000
0000
0000
0F00
0F00
0600
0600
0C00
0C00
0C00
0C00
1800
1800
1800
3030
3030
3070
18E0
1FC0
0F80
0000
0000
0000
0000
0000
0000
0000
ENDCHAR
STARTCHAR LtCapIStroke
ENCODING 407
SWIDTH 467 0
DWIDTH 14 0
BBX 14 30 0 -7
BITMAP
0000
0000
0000
0000
0000
0000
07F8
07F8
00C0
00C0
0180
0180
0180
0FE0
0FE0
0300
0300
0300
0300
0600
0600
3FC0
3FC0
0000
0000
0000
0000
0000
0000
0000
ENDCHAR
STARTCHAR LtCapKHook
ENCODING 408
SWIDTH 467 0
DWIDTH 14 0
BBX 14 30 0 -7
BITMAP
0000
0000
0000
0000
0000
0000
0C38
0C7C
0CEC
0CCC
1980
1980
1B00
1F00
1E00
3F00
3B00
3180
3180
6180
60C0
60C0
60C0
0000
0000
0000
0000
0000
0000
0000
ENDCHAR
STARTCHAR LtSmlKHook
ENCODING 409
SWIDTH 467 0
DWIDTH 14 0
BBX 14 30 0 -7
BITMAP
0000
0000
0000
0000
0000
0780
0FC0
0CC0
0C00
0C00
19C0
1FE0
1C70
1830
1830
3060
3FC0
3F80
3180
30C0
60C0
60F0
6070
0000
0000
0000
0000
0000
0000
0000
ENDCHAR
STARTCHAR LtSmlLStrokeH
ENCODING 410
SWIDTH 467 0
DWIDTH 14 0
BBX 14 30 0 -7
BITMAP
0000
0000
0000
0000
0000
03C0
03C0
00C0
0180
0180
0180
0180
0300
1FC0
1FC0
0600
0600
0600
0600
0C00
0C60
0FE0
07C0
0000
0000
0000
0000
0000
0000
0000
ENDCHAR
STARTCHAR LtSmlLamStroke
ENCODING 411
SWIDTH 467 0
DWIDTH 14 0
BBX 14 30 0 -7
BITMAP
0000
0000
0000
0000
0000
0300
0398
01F8
01E0
07C0
06C0
00C0
00C0
01C0
03C0
03C0
06C0
0CC0
0CC0
18C0
30E0
7070
6030
0000
0000
0000
0000
0000
0000
0000
ENDCHAR
STARTCHAR LtCapMTrnd
ENCODING 412
SWIDTH 467 0
DWIDTH 14 0
BBX 14 30 0 -7
BITMAP
0000
0000
0000
0000
0000
0000
198C
198C
318C
3198
3198
3318
3318
6318
6330
6330
6630
6630
C630
C660
CE60
FFF0
7BB0
0000
0000
0000
0000
0000
0000
0000
ENDCHAR
STARTCHAR LtCapNLhookL
ENCODING 413
SWIDTH 467 0
DWIDTH 14 0
BBX 14 30 0 -7
BITMAP
0000
0000
0000
0000
0000
0000
030C
030C
030C
030C
0798
0798
0798
0698
06B0
0CB0
0CF0
0CF0
0CF0
D860
D860
F860
7060
0000
0000
0000
0000
0000
0000
0000
ENDCHAR
STARTCHAR LtSmlNLongleg
ENCODING 414
SWIDTH 467 0
DWIDTH 14 0
BBX 14 30 0 -7
BITMAP
0000
0000
0000
0000
0000
0000
0000
0000
0000
0000
39C0
3BE0
1E70
1C30
1830
3060
3060
3060
3060
3060
6060
60C0
60C0
00C0
00C0
0180
0180
0180
0000
0000
ENDCHAR
STARTCHAR LtCapOStrokeH
ENCODING 415
SWIDTH 467 0
DWIDTH 14 0
BBX 14 30 0 -7
BITMAP
0000
0000
0000
0000
0000
0000
03E0
0FF0
0C30
1818
3818
3018
3018
7FF8
7FF8
6018
6030
6030
6070
6060
30C0
3FC0
1F00
0000
0000
0000
0000
0000
0000
0000
ENDCHAR
STARTCHAR LtCapOHorn
ENCODING 416
SWIDTH 467 0
DWIDTH 14 0
BBX 14 30 0 -7
BITMAP
0000
0000
0000
0000
0000
000C
03CC
0FEC
0C7C
1838
3830
3030
3030
6030
6030
6030
6060
6060
60E0
60C0
3180
3F80
1F00
0000
0000
0000
0000
0000
0000
0000
ENDCHAR
STARTCHAR LtSmlOHorn
ENCODING 417
SWIDTH 467 0
DWIDTH 14 0
BBX 14 30 0 -7
BITMAP
0000
0000
0000
0000
0000
0000
0000
0000
0000
000C
078C
0FCC
1CFC
3878
3060
6060
6060
6060
60C0
61C0
7380
3F00
1E00
0000
0000
0000
0000
0000
0000
0000
ENDCHAR
STARTCHAR LtCapOi
ENCODING 418
SWIDTH 467 0
DWIDTH 14 0
BBX 14 30 0 -7
BITMAP
0000
0000
0000
0000
0000
0000
070C
0F8C
19FC
19FC
1998
3198
3198
3198
3318
6330
6330
6330
6630
6630
6660
7C60
3860
0060
0060
00C0
00C0
00C0
0000
0000
ENDCHAR
STARTCHAR LtSmlOi
ENCODING 419
SWIDTH 467 0
DWIDTH 14 0
BBX 14 30 0 -7
BITMAP
0000
0000
0000
0000
0000
0000
0000
0000
0000
0000
0718
0FF8
19F8
3198
3198
61B0
61B0
61B0
6330
6330
6660
7C60
3860
0060
0060
00C0
00C0
00C0
0000
0000
ENDCHAR
STARTCHAR LtCapPHook
ENCODING 420
SWIDTH 467 0
DWIDTH 14 0
BBX 14 30 0 -7
BITMAP
0000
0000
0000
0000
0000
0000
0FF8
1FFC
3B0C
330C
360C
360C
061C
0638
0FF0
0FE0
0C00
0C00
0C00
1800
1800
1800
1800
0000
0000
0000
0000
0000
0000
0000
ENDCHAR
STARTCHAR LtSmlPHook
ENCODING 421
SWIDTH 467 0
DWIDTH 14 0
BBX 14 30 0 -7
BITMAP
0000
0000
0000
0000
0000
03C0
07E0
0660
0C00
0C00
0DC0
0BE0
1E70
1C30
1830
1830
3030
3030
3060
30E0
79C0
6F80
6600
6000
C000
C000
C000
C000
0000
0000
ENDCHAR
STARTCHAR LtCapYr
ENCODING 422
SWIDTH 467 0
DWIDTH 14 0
BBX 14 30 0 -7
BITMAP
0000
0000
0000
0000
0000
0000
0C00
0C00
0C00
0C00
1FE0
1FF0
1830
1830
3030
3030
3070
3FE0
3FC0
6600
6600
6300
6300
0180
0180
00C0
00C0
0000
0000
0000
ENDCHAR
STARTCHAR LtCapTone2
ENCODING 423
SWIDTH 467 0
DWIDTH 14 0
BBX 14 30 0 -7
BITMAP
0000
0000
0000
0000
0000
0000
07F0
0FF8
0C18
0818
0018
0038
00F0
01E0
0780
0F00
1C00
3800
3000
3020
3060
3FE0
1FC0
0000
0000
0000
0000
0000
0000
0000
ENDCHAR
STARTCHAR LtSmlTone2
ENCODING 424
SWIDTH 467 0
DWIDTH 14 0
BBX 14 30 0 -7
BITMAP
0000
0000
0000
0000
0000
0000
0000
0000
0000
0000
07E0
0FF0
1818
0018
0038
01E0
0FC0
1E00
3800
7000
6060
3FC0
1F80
0000
0000
0000
0000
0000
0000
0000
ENDCHAR
STARTCHAR LtCapEsh
ENCODING 425
SWIDTH 467 0
DWIDTH 14 0
BBX 14 30 0 -7
BITMAP
0000
0000
0000
0000
0000
0000
0FFC
0FFC
0E00
0600
0300
0300
0180
01C0
00C0
01C0
0380
0700
0E00
1C00
3800
7FE0
7FE0
0000
0000
0000
0000
0000
0000
0000
ENDCHAR
STARTCHAR LtSmlEshRevLoop
ENCODING 426
SWIDTH 467 0
DWIDTH 14 0
BBX 14 30 0 -7
BITMAP
0000
0000
0000
0000
0000
0780
0FC0
0CC0
0CC0
0FC0
0780
0180
0180
0180
0300
0300
0300
0300
0300
0600
0600
0600
0600
0C00
0C00
0E60
07E0
03C0
0000
0000
ENDCHAR
STARTCHAR LtSmlTLhookL
ENCODING 427
SWIDTH 467 0
DWIDTH 14 0
BBX 14 30 0 -7
BITMAP
0000
0000
0000
0000
0000
0000
0100
0300
0300
0300
1FF0
1FF0
0600
0600
0600
0C00
0C00
0C00
1800
1800
1CC0
0FC0
07C0
00C0
00C0
1980
1F80
0F00
0000
0000
ENDCHAR
STARTCHAR LtCapTHook
ENCODING 428
SWIDTH 467 0
DWIDTH 14 0
BBX 14 30 0 -7
BITMAP
0000
0000
0000
0000
0000
0000
07FC
0FFC
1CC0
18C0
18C0
1980
0180
0180
0180
0300
0300
0300
0300
0600
0600
0600
0600
0000
0000
0000
0000
0000
0000
0000
ENDCHAR
STARTCHAR LtSmlTHook
ENCODING 429
SWIDTH 467 0
DWIDTH 14 0
BBX 14 30 0 -7
BITMAP
0000
0000
0000
0000
0000
00E0
01F0
0330
0300
0300
1FF0
1FF0
0600
0600
0600
0C00
0C00
0C00
1800
1800
1CC0
0FC0
0780
0000
0000
0000
0000
0000
0000
0000
ENDCHAR
STARTCHAR LtCapTLhook
ENCODING 430
SWIDTH 467 0
DWIDTH 14 0
BBX 14 30 0 -7
BITMAP
0000
0000
0000
0000
0000
0000
0FFC
0FFC
00C0
00C0
00C0
0180
0180
0180
0180
0300
0300
0300
0300
0630
0630
07F0
03E0
0000
0000
0000
0000
0000
0000
0000
ENDCHAR
STARTCHAR LtCapUHorn
ENCODING 431
SWIDTH 467 0
DWIDTH 14 0
BBX 14 30 0 -7
BITMAP
0000
0000
0000
0000
0000
000C
306C
306C
307C
3078
60C0
60C0
60C0
60C0
60C0
60C0
C180
C180
C180
C180
C300
7F00
3C00
0000
0000
0000
0000
0000
0000
0000
ENDCHAR
STARTCHAR LtSmlUHorn
ENCODING 432
SWIDTH 467 0
DWIDTH 14 0
BBX 14 30 0 -7
BITMAP
0000
0000
0000
0000
0000
0000
0000
0000
0000
000C
706C
706C
307C
6078
60C0
60C0
60C0
C180
C180
C380
E780
7DC0
38C0
0000
0000
0000
0000
0000
0000
0000
ENDCHAR
STARTCHAR LtCapUps
ENCODING 433
SWIDTH 467 0
DWIDTH 14 0
BBX 14 30 0 -7
BITMAP
0000
0000
0000
0000
0000
0000
3C7C
3C7C
0C60
1860
3830
7030
6030
6030
C030
C030
C030
C030
C060
C060
61C0
7F80
3F00
0000
0000
0000
0000
0000
0000
0000
ENDCHAR
STARTCHAR LtCapVHook
ENCODING 434
SWIDTH 467 0
DWIDTH 14 0
BBX 14 30 0 -7
BITMAP
0000
0000
0000
0000
0000
0000
0C60
0C70
0C38
0C18
1818
1818
1818
1818
1818
3030
3030
3030
3060
30E0
39C0
1F80
0F00
0000
0000
0000
0000
0000
0000
0000
ENDCHAR
STARTCHAR LtCapYHook
ENCODING 435
SWIDTH 467 0
DWIDTH 14 0
BBX 14 30 0 -7
BITMAP
0000
0000
0000
0000
0000
0000
3038
307C
306C
18CC
1980
1980
0F00
0F00
0E00
0C00
0C00
0C00
0C00
1800
1800
1800
1800
0000
0000
0000
0000
0000
0000
0000
ENDCHAR
STARTCHAR LtSmlYHook
ENCODING 436
SWIDTH 467 0
DWIDTH 14 0
BBX 14 30 0 -7
BITMAP
0000
0000
0000
0000
0000
001C
003C
0034
0030
0060
3860
3860
1860
3060
30C0
30C0
30C0
60C0
6180
6380
7780
3D80
1980
0300
0300
C700
FE00
FC00
0000
0000
ENDCHAR
STARTCHAR LtCapZStroke
ENCODING 437
SWIDTH 467 0
DWIDTH 14 0
BBX 14 30 0 -7
BITMAP
0000
0000
0000
0000
0000
0000
0FFC
0FFC
001C
0038
0070
0060
00C0
0FF0
0FF0
0700
0600
0C00
1C00
3800
7000
7FE0
7FE0
0000
0000
0000
0000
0000
0000
0000
ENDCHAR
STARTCHAR LtSmlZStroke
ENCODING 438
SWIDTH 467 0
DWIDTH 14 0
BBX 14 30 0 -7
BITMAP
0000
0000
0000
0000
0000
0000
0000
0000
0000
0000
0FF8
1FF8
1830
0060
00C0
1FE0
1FE0
0600
0C00
1800
3C30
7E70
63E0
01C0
0000
0000
0000
0000
0000
0000
ENDCHAR
STARTCHAR LtCapEzh
ENCODING 439
SWIDTH 467 0
DWIDTH 14 0
BBX 14 30 0 -7
BITMAP
0000
0000
0000
0000
0000
0000
0FFC
0FFC
001C
0038
0070
00E0
01C0
03C0
03E0
0070
0030
0030
0030
6060
60E0
7FC0
3F00
0000
0000
0000
0000
0000
0000
0000
ENDCHAR
STARTCHAR LtCapEzhRev
ENCODING 440
SWIDTH 467 0
DWIDTH 14 0
BBX 14 30 0 -7
BITMAP
0000
0000
0000
0000
0000
0000
0FFC
0FFC
0C00
0600
0700
0300
0180
07C0
0FC0
1C00
3800
3000
3000
3030
3070
3FE0
1FC0
0000
0000
0000
0000
0000
0000
0000
ENDCHAR
STARTCHAR LtSmlEzhRev
ENCODING 441
SWIDTH 467 0
DWIDTH 14 0
BBX 14 30 0 -7
BITMAP
0000
0000
0000
0000
0000
0000
0000
0000
0000
0000
1FF0
1FF8
1818
0C00
0600
0600
0300
0F80
1F80
3800
7000
6000
6000
6000
6000
70C0
3FC0
1F80
0000
0000
ENDCHAR
STARTCHAR LtSmlEzhTail
ENCODING 442
SWIDTH 467 0
DWIDTH 14 0
BBX 14 30 0 -7
BITMAP
0000
0000
0000
0000
0000
0000
0000
0000
0000
0000
0FF8
1FF8
1870
00C0
0380
07C0
07E0
0060
0060
00E0
01C0
1F80
3F00
6000
6000
60C0
7FC0
3F80
0000
0000
ENDCHAR
STARTCHAR LtSmlTwoStroke
ENCODING 443
SWIDTH 467 0
DWIDTH 14 0
BBX 14 30 0 -7
BITMAP
0000
0000
0000
0000
0000
03F0
07F8
0E18
0C18
1818
0018
0030
0070
00E0
0FF8
0FF8
0700
0E00
1C00
3800
7000
7FE0
7FE0
0000
0000
0000
0000
0000
0000
0000
ENDCHAR
STARTCHAR LtCapTone5
ENCODING 444
SWIDTH 467 0
DWIDTH 14 0
BBX 14 30 0 -7
BITMAP
0000
0000
0000
0000
0000
0000
0FF8
0FF8
0300
0300
0600
07C0
07E0
0070
0030
0030
0030
0030
0030
3070
30E0
3FC0
1F00
0000
0000
0000
0000
0000
0000
0000
ENDCHAR
STARTCHAR LtSmlTone5
ENCODING 445
SWIDTH 467 0
DWIDTH 14 0
BBX 14 30 0 -7
BITMAP
0000
0000
0000
0000
0000
0000
0000
0000
0000
0000
1FF8
1FF8
0600
0600
0FC0
0FE0
0070
0030
0030
6070
60E0
3FC0
1F00
0000
0000
0000
0000
0000
0000
0000
ENDCHAR
STARTCHAR LtSmlGlotInvStroke
ENCODING 446
SWIDTH 467 0
DWIDTH 14 0
BBX 14 30 0 -7
BITMAP
0000
0000
0000
0000
0000
00C0
00C0
00C0
0180
0180
07F0
07F0
01C0
00E0
0070
0030
0030
0030
3030
3070
30E0
3FC0
1F80
0000
0000
0000
0000
0000
0000
0000
ENDCHAR
STARTCHAR LtSmlWynn
ENCODING 447
SWIDTH 467 0
DWIDTH 14 0
BBX 14 30 0 -7
BITMAP
0000
0000
0000
0000
0000
0000
0000
0000
0000
0000
18F0
19F8
1B18
1E18
1C18
3830
3070
30E0
31C0
3380
6600
7C00
7800
7000
6000
C000
C000
C000
0000
0000
ENDCHAR
STARTCHAR LtSmlPipe
ENCODING 448
SWIDTH 467 0
DWIDTH 14 0
BBX 14 30 0 -7
BITMAP
0000
0000
0000
0000
0000
00C0
00C0
00C0
00C0
0180
0180
0180
0180
0180
0300
0300
0300
0300
0300
0600
0600
0600
0600
0600
0C00
0C00
0C00
0C00
0000
0000
ENDCHAR
STARTCHAR LtSmlPipe2
ENCODING 449
SWIDTH 467 0
DWIDTH 14 0
BBX 14 30 0 -7
BITMAP
0000
0000
0000
0000
0000
0630
0630
0630
0630
0C60
0C60
0C60
0C60
0C60
18C0
18C0
18C0
18C0
18C0
3180
3180
3180
3180
3180
6300
6300
6300
6300
0000
0000
ENDCHAR
STARTCHAR LtSmlPipeStroke2
ENCODING 450
SWIDTH 467 0
DWIDTH 14 0
BBX 14 30 0 -7
BITMAP
0000
0000
0000
0000
0000
00C0
00C0
00C0
00C0
0180
0180
0180
0180
1FF0
1FF0
0300
0300
3FE0
3FE0
0600
0600
0600
0600
0C00
0C00
0C00
0C00
0C00
0000
0000
ENDCHAR
STARTCHAR LtSmlExcl
ENCODING 451
SWIDTH 467 0
DWIDTH 14 0
BBX 14 30 0 -7
BITMAP
0000
0000
0000
0000
0000
00C0
01E0
01E0
01E0
01C0
01C0
0180
0180
0380
0300
0300
0300
0000
0000
0600
0F00
0F00
0600
0000
0000
0000
0000
0000
0000
0000
ENDCHAR
STARTCHAR LtCapDZCaron
ENCODING 452
SWIDTH 467 0
DWIDTH 14 0
BBX 14 30 0 -7
BITMAP
0000
006C
006C
0038
0010
0000
1E7C
1F7C
1B0C
198C
3198
3198
31B0
31B0
61B0
6360
6360
63C0
C6C0
CD80
D980
F3E0
E3E0
0000
0000
0000
0000
0000
0000
0000
ENDCHAR
STARTCHAR LtMixDZCaron
ENCODING 453
SWIDTH 467 0
DWIDTH 14 0
BBX 14 30 0 -7
BITMAP
0000
0000
0000
0000
006C
006C
1E38
1F10
1B00
1980
31BC
31FC
318C
3198
6198
6330
6370
6360
C6C0
CCC0
D980
F1D8
E1F8
0030
0000
0000
0000
0000
0000
0000
ENDCHAR
STARTCHAR LtSmlDZCaron
ENCODING 454
SWIDTH 467 0
DWIDTH 14 0
BBX 14 30 0 -7
BITMAP
0000
0000
0000
0000
0024
01BC
01B8
0190
0180
0300
1B7C
3F7C
370C
6618
6618
6630
C670
CC60
CCC0
CCC0
DD80
FDD8
6DF8
0030
0000
0000
0000
0000
0000
0000
ENDCHAR
STARTCHAR LtCapLJ
ENCODING 455
SWIDTH 467 0
DWIDTH 14 0
BBX 14 30 0 -7
BITMAP
0000
0000
0000
0000
0000
0000
181C
181C
180C
180C
3018
3018
3018
3018
3030
6030
6030
6330
6360
C660
C660
FFC0
FB80
0000
0000
0000
0000
0000
0000
0000
ENDCHAR
STARTCHAR LtMixLJ
ENCODING 456
SWIDTH 467 0
DWIDTH 14 0
BBX 14 30 0 -7
BITMAP
0000
0000
0000
0000
0000
000C
180C
180C
1800
1800
3078
30F8
30D8
3018
3018
6030
6030
6030
6030
C030
C060
FC60
FC60
0060
00E0
19C0
1F80
0F00
0000
0000
ENDCHAR
STARTCHAR LtSmlLJ
ENCODING 457
SWIDTH 467 0
DWIDTH 14 0
BBX 14 30 0 -7
BITMAP
0000
0000
0000
0000
0000
1E0C
1E0C
060C
0C00
0C00
0C78
0C78
1818
1818
1818
3030
3030
3030
3030
6030
6460
7C60
3860
0060
00E0
19C0
1F80
0F00
0000
0000
ENDCHAR
STARTCHAR LtCapNJ
ENCODING 458
SWIDTH 467 0
DWIDTH 14 0
BBX 14 30 0 -7
BITMAP
0000
0000
0000
0000
0000
0000
199C
199C
198C
198C
3B18
3B18
3B18
3B18
3E30
6E30
6E30
6E30
6E60
CC60
CC60
CFC0
CF80
0000
0000
0000
0000
0000
0000
0000
ENDCHAR
STARTCHAR LtMixNJ
ENCODING 459
SWIDTH 467 0
DWIDTH 14 0
BBX 14 30 0 -7
BITMAP
0000
0000
0000
0000
0000
000C
198C
198C
1980
1980
3B38
3B78
3B58
3B18
3E18
6E30
6E30
6E30
6E30
CC30
CC60
CC60
CC60
0060
00E0
19C0
1F80
0F00
0000
0000
ENDCHAR
STARTCHAR LtSmlNJ
ENCODING 460
SWIDTH 467 0
DWIDTH 14 0
BBX 14 30 0 -7
BITMAP
0000
0000
0000
0000
0000
000C
000C
000C
0000
0000
7738
7F38
3B18
3318
3318
6630
6630
6630
6630
CC30
CC60
CE60
C660
0060
00E0
19C0
1F80
0F00
0000
0000
ENDCHAR
STARTCHAR LtCapACaron
ENCODING 461
SWIDTH 467 0
DWIDTH 14 0
BBX 14 30 0 -7
BITMAP
0000
0330
03F0
01E0
00C0
0000
00C0
00C0
01C0
01C0
03C0
0360
0660
0660
0C60
0C60
1FE0
1FE0
3030
3030
6030
6030
E030
0000
0000
0000
0000
0000
0000
0000
ENDCHAR
STARTCHAR LtSmlACaron
ENCODING 462
SWIDTH 467 0
DWIDTH 14 0
BBX 14 30 0 -7
BITMAP
0000
0000
0000
0000
0330
03F0
01E0
00C0
0000
0000
0198
07D8
0E78
1C38
1830
3030
3030
3060
3060
30E0
39E0
1F70
0E30
0000
0000
0000
0000
0000
0000
0000
ENDCHAR
STARTCHAR LtCapICaron
ENCODING 463
SWIDTH 467 0
DWIDTH 14 0
BBX 14 30 0 -7
BITMAP
0000
0198
01F8
00F0
0060
0000
07F8
07F8
00C0
00C0
00C0
0180
0180
0180
0180
0300
0300
0300
0300
0600
0600
3FC0
3FC0
0000
0000
0000
0000
0000
0000
0000
ENDCHAR
STARTCHAR LtSmlICaron
ENCODING 464
SWIDTH 467 0
DWIDTH 14 0
BBX 14 30 0 -7
BITMAP
0000
0000
0000
0000
0660
07E0
03C0
0180
0000
0000
0F80
0F80
0180
0300
0300
0300
0600
0600
0600
0C00
0C60
0FE0
07C0
0000
0000
0000
0000
0000
0000
0000
ENDCHAR
STARTCHAR LtCapOCaron
ENCODING 465
SWIDTH 467 0
DWIDTH 14 0
BBX 14 30 0 -7
BITMAP
0000
0330
03F0
01E0
00C0
0000
03E0
0FF0
0C30
1818
3818
3018
3018
6018
6018
6018
6030
6030
6070
6060
30C0
3FC0
1F00
0000
0000
0000
0000
0000
0000
0000
ENDCHAR
STARTCHAR LtSmlOCaron
ENCODING 466
SWIDTH 467 0
DWIDTH 14 0
BBX 14 30 0 -7
BITMAP
0000
0000
0000
0000
0330
03F0
01E0
00C0
0000
0000
03C0
07E0
0E70
1C30
1830
3030
3030
3030
3060
30E0
39C0
1F80
0F00
0000
0000
0000
0000
0000
0000
0000
ENDCHAR
STARTCHAR LtCapUCaron
ENCODING 467
SWIDTH 467 0
DWIDTH 14 0
BBX 14 30 0 -7
BITMAP
0000
0198
01F8
00F0
0060
0000
0C0C
0C0C
0C0C
0C0C
1818
1818
1818
1818
1818
3030
3030
3030
3030
3060
38E0
1FC0
0F80
0000
0000
0000
0000
0000
0000
0000
ENDCHAR
STARTCHAR LtSmlUCaron
ENCODING 468
SWIDTH 467 0
DWIDTH 14 0
BBX 14 30 0 -7
BITMAP
0000
0000
0000
0000
0330
03F0
01E0
00C0
0000
0000
1C18
1C18
0C18
1818
1830
1830
1830
3060
3060
30E0
39E0
1F70
0E30
0000
0000
0000
0000
0000
0000
0000
ENDCHAR
STARTCHAR LtCapUDrssMacron
ENCODING 469
SWIDTH 467 0
DWIDTH 14 0
BBX 14 30 0 -7
BITMAP
0000
03F8
03F8
0000
0330
0330
0000
0C0C
0C0C
0C0C
0C0C
1818
1818
1818
1818
3030
3030
3030
3030
3060
38E0
1FC0
0F80
0000
0000
0000
0000
0000
0000
0000
ENDCHAR
STARTCHAR LtSmlUDrssMacron
ENCODING 470
SWIDTH 467 0
DWIDTH 14 0
BBX 14 30 0 -7
BITMAP
0000
0000
03F8
03F8
0000
0330
0330
0330
0000
0000
1C18
1C18
0C18
1818
1830
1830
1830
3060
3060
30E0
39E0
1F70
0E30
0000
0000
0000
0000
0000
0000
0000
ENDCHAR
STARTCHAR LtCapUDrssAcute
ENCODING 471
SWIDTH 467 0
DWIDTH 14 0
BBX 14 30 0 -7
BITMAP
0000
0070
0060
00C0
0698
0618
0000
0C0C
0C0C
0C0C
0C0C
1818
1818
1818
1818
3030
3030
3030
3030
3060
38E0
1FC0
0F80
0000
0000
0000
0000
0000
0000
0000
ENDCHAR
STARTCHAR LtSmlUDrssAcute
ENCODING 472
SWIDTH 467 0
DWIDTH 14 0
BBX 14 30 0 -7
BITMAP
0000
003C
0038
0070
00E0
0000
0330
0330
0000
0000
1C18
1C18
0C18
1818
1830
1830
1830
3060
3060
30E0
39E0
1F70
0E30
0000
0000
0000
0000
0000
0000
0000
ENDCHAR
STARTCHAR LtCapUDrssCaron
ENCODING 473
SWIDTH 467 0
DWIDTH 14 0
BBX 14 30 0 -7
BITMAP
0000
0330
03F0
01E0
06D8
0618
0000
0C0C
0C0C
0C0C
0C0C
1818
1818
1818
1818
3030
3030
3030
3030
3060
38E0
1FC0
0F80
0000
0000
0000
0000
0000
0000
0000
ENDCHAR
STARTCHAR LtSmlUDrssCaron
ENCODING 474
SWIDTH 467 0
DWIDTH 14 0
BBX 14 30 0 -7
BITMAP
0000
0330
03F0
01E0
00C0
0000
0330
0330
0000
0000
1C18
1C18
0C18
1818
1830
1830
1830
3060
3060
30E0
39E0
1F70
0E30
0000
0000
0000
0000
0000
0000
0000
ENDCHAR
STARTCHAR LtCapUDrssGrave
ENCODING 475
SWIDTH 467 0
DWIDTH 14 0
BBX 14 30 0 -7
BITMAP
0000
01C0
00C0
0060
032C
030C
0000
0C0C
0C0C
0C0C
0C0C
1818
1818
1818
1818
3030
3030
3030
3030
3060
38E0
1FC0
0F80
0000
0000
0000
0000
0000
0000
0000
ENDCHAR
STARTCHAR LtSmlUDrssGrave
ENCODING 476
SWIDTH 467 0
DWIDTH 14 0
BBX 14 30 0 -7
BITMAP
0000
0780
0380
01C0
00C0
0000
0330
0330
0000
0000
1C18
1C18
0C18
1818
1830
1830
1830
3060
3060
30E0
39E0
1F70
0E30
0000
0000
0000
0000
0000
0000
0000
ENDCHAR
STARTCHAR LtSmlSchwaNig
ENCODING 477
SWIDTH 467 0
DWIDTH 14 0
BBX 14 30 0 -7
BITMAP
0000
0000
0000
0000
0000
0000
0000
0000
0000
0000
07C0
0FE0
1870
0030
0030
0030
1FF0
3FF0
7060
60E0
31C0
3F80
1F00
0000
0000
0000
0000
0000
0000
0000
ENDCHAR
STARTCHAR LtCapADrssMacron
ENCODING 478
SWIDTH 467 0
DWIDTH 14 0
BBX 14 30 0 -7
BITMAP
0000
03F8
03F8
0000
0330
0330
0000
00C0
01C0
01C0
03C0
0360
0660
0660
0C60
0C60
1FE0
1FE0
3030
3030
6030
6030
E030
0000
0000
0000
0000
0000
0000
0000
ENDCHAR
STARTCHAR LtSmlADrssMacron
ENCODING 479
SWIDTH 467 0
DWIDTH 14 0
BBX 14 30 0 -7
BITMAP
0000
0000
03F8
03F8
0000
0330
0330
0330
0000
0000
0198
07D8
0E78
1C38
1830
3030
3030
3060
3060
30E0
39E0
1F70
0E30
0000
0000
0000
0000
0000
0000
0000
ENDCHAR
STARTCHAR LtCapADotMacron
ENCODING 480
SWIDTH 467 0
DWIDTH 14 0
BBX 14 30 0 -7
BITMAP
0000
03F8
03F8
0000
00C0
00C0
0000
00C0
01C0
01C0
03C0
0360
0660
0660
0C60
0C60
1FE0
1FE0
3030
3030
6030
6030
E030
0000
0000
0000
0000
0000
0000
0000
ENDCHAR
STARTCHAR LtSmlADotMacron
ENCODING 481
SWIDTH 467 0
DWIDTH 14 0
BBX 14 30 0 -7
BITMAP
0000
0000
03F8
03F8
0000
00C0
00C0
00C0
0000
0000
0198
07D8
0E78
1C38
1830
3030
3030
3060
3060
30E0
39E0
1F70
0E30
0000
0000
0000
0000
0000
0000
0000
ENDCHAR
STARTCHAR LtCapAEMacron
ENCODING 482
SWIDTH 467 0
DWIDTH 14 0
BBX 14 30 0 -7
BITMAP
0000
0000
01F8
01F8
0000
0000
00FC
01FC
01C0
03C0
0380
0780
0780
0DF0
0DF0
1980
1F00
3F00
3300
6600
6600
C7F0
C7F0
0000
0000
0000
0000
0000
0000
0000
ENDCHAR
STARTCHAR LtSmlAEMacron
ENCODING 483
SWIDTH 467 0
DWIDTH 14 0
BBX 14 30 0 -7
BITMAP
0000
0000
0000
0000
0000
0000
03F0
03F0
0000
0000
1E38
3F7C
31CC
018C
030C
1FF8
3FF0
6300
C300
C600
CE30
FFF0
79E0
0000
0000
0000
0000
0000
0000
0000
ENDCHAR
STARTCHAR LtCapGStroke
ENCODING 484
SWIDTH 467 0
DWIDTH 14 0
BBX 14 30 0 -7
BITMAP
0000
0000
0000
0000
0000
0000
00F8
03FC
070C
0E04
0C00
1800
1800
3000
30F8
30F8
3030
33F8
33F8
3030
1860
1FE0
0FE0
0000
0000
0000
0000
0000
0000
0000
ENDCHAR
STARTCHAR LtSmlGStroke
ENCODING 485
SWIDTH 467 0
DWIDTH 14 0
BBX 14 30 0 -7
BITMAP
0000
0000
0000
0000
0000
0000
0000
0000
0000
0000
0198
07D8
0E78
1C38
1830
3030
3030
3030
30E0
39E0
1F60
0E60
0060
0FF0
0FF0
61C0
7F80
7F00
0000
0000
ENDCHAR
STARTCHAR LtCapGCaron
ENCODING 486
SWIDTH 467 0
DWIDTH 14 0
BBX 14 30 0 -7
BITMAP
0000
0198
01F8
00F0
0060
0000
00F8
03FC
070C
0E04
0C00
1800
1800
3000
30F8
30F8
3030
3030
3030
3030
1860
1FE0
0FE0
0000
0000
0000
0000
0000
0000
0000
ENDCHAR
STARTCHAR LtSmlGCaron
ENCODING 487
SWIDTH 467 0
DWIDTH 14 0
BBX 14 30 0 -7
BITMAP
0000
0000
0000
0000
0330
03F0
01E0
00C0
0000
0000
0198
07D8
0E78
1C38
1830
3030
3030
3030
3060
30E0
39E0
1F60
0E60
00C0
00C0
61C0
7F80
7F00
0000
0000
ENDCHAR
STARTCHAR LtCapKCaron
ENCODING 488
SWIDTH 467 0
DWIDTH 14 0
BBX 14 30 0 -7
BITMAP
0000
0330
03F0
01E0
00C0
0000
0C0C
0C1C
0C38
0C70
18E0
19C0
1B80
1F00
1F00
3D80
3980
3180
30C0
60C0
60C0
6060
6060
0000
0000
0000
0000
0000
0000
0000
ENDCHAR
STARTCHAR LtSmlKCaron
ENCODING 489
SWIDTH 467 0
DWIDTH 14 0
BBX 14 30 0 -7
BITMAP
0000
0198
01F8
00F0
0060
1C00
1C00
0C00
0C00
0C00
19C0
1FE0
1C70
1830
1830
3060
3FC0
3F80
3180
30C0
60C0
60F0
6070
0000
0000
0000
0000
0000
0000
0000
ENDCHAR
STARTCHAR LtCapOOgonek
ENCODING 490
SWIDTH 467 0
DWIDTH 14 0
BBX 14 30 0 -7
BITMAP
0000
0000
0000
0000
0000
0000
03E0
0FF0
0C30
1818
3818
3018
3018
6018
6018
6018
6030
6030
6070
6060
30C0
3FC0
1F80
0100
0300
0600
0780
0380
0000
0000
ENDCHAR
STARTCHAR LtSmlOOgonek
ENCODING 491
SWIDTH 467 0
DWIDTH 14 0
BBX 14 30 0 -7
BITMAP
0000
0000
0000
0000
0000
0000
0000
0000
0000
0000
03C0
07E0
0E70
1C30
1830
3030
3030
3030
3060
30E0
39C0
1F80
0F80
0100
0300
0600
0780
0380
0000
0000
ENDCHAR
STARTCHAR LtCapOMacronOgonek
ENCODING 492
SWIDTH 467 0
DWIDTH 14 0
BBX 14 30 0 -7
BITMAP
0000
0000
01F8
01F8
0000
0000
03E0
0FF0
0C30
1818
3818
3018
3018
6018
6018
6018
6030
6030
6070
6060
30C0
3FC0
1F80
0100
0300
0600
0780
0380
0000
0000
ENDCHAR
STARTCHAR LtSmlOMacronOgonek
ENCODING 493
SWIDTH 467 0
DWIDTH 14 0
BBX 14 30 0 -7
BITMAP
0000
0000
0000
0000
0000
0000
03F0
03F0
0000
0000
03C0
07E0
0E70
1C30
1830
3030
3030
3030
3060
30E0
39C0
1F80
0F80
0100
0300
0600
0780
0380
0000
0000
ENDCHAR
STARTCHAR LtCapEzhCaron
ENCODING 494
SWIDTH 467 0
DWIDTH 14 0
BBX 14 30 0 -7
BITMAP
0000
0330
03F0
01E0
00C0
0000
0FFC
0FFC
001C
0038
0070
00E0
01C0
03C0
03E0
0070
0030
0030
0030
6060
60E0
7FC0
3F00
0000
0000
0000
0000
0000
0000
0000
ENDCHAR
STARTCHAR LtSmlEzhCaron
ENCODING 495
SWIDTH 467 0
DWIDTH 14 0
BBX 14 30 0 -7
BITMAP
0000
0000
0000
0000
0660
07E0
03C0
0180
0000
0000
0FF8
1FF8
1830
0060
00C0
0180
0300
0780
07C0
00E0
0060
0060
0060
00C0
00C0
C1C0
FF80
7E00
0000
0000
ENDCHAR
STARTCHAR LtSmlJCaron
ENCODING 496
SWIDTH 467 0
DWIDTH 14 0
BBX 14 30 0 -7
BITMAP
0000
0000
0000
0000
0660
07E0
03C0
0180
0000
0000
07C0
07C0
00C0
00C0
00C0
0180
0180
0180
0180
0180
0300
0300
0300
0300
0700
CE00
FC00
7800
0000
0000
ENDCHAR
STARTCHAR LtCapDZ
ENCODING 497
SWIDTH 467 0
DWIDTH 14 0
BBX 14 30 0 -7
BITMAP
0000
0000
0000
0000
0000
0000
1E7C
1F7C
1B0C
198C
3198
3198
31B0
31B0
61B0
6360
6360
63C0
C6C0
CD80
D980
F3E0
E3E0
0000
0000
0000
0000
0000
0000
0000
ENDCHAR
STARTCHAR LtMixDZ
ENCODING 498
SWIDTH 467 0
DWIDTH 14 0
BBX 14 30 0 -7
BITMAP
0000
0000
0000
0000
0000
0000
1E00
1F00
1B00
1980
31BC
31FC
318C
3198
6198
6330
6370
6360
C6C0
CCC0
D980
F1D8
E1F8
0030
0000
0000
0000
0000
0000
0000
ENDCHAR
STARTCHAR LtSmlDZ
ENCODING 499
SWIDTH 467 0
DWIDTH 14 0
BBX 14 30 0 -7
BITMAP
0000
0000
0000
0000
0000
0180
0180
0180
0180
0300
1B7C
3F7C
370C
6618
6618
6630
C670
CC60
CCC0
CCC0
DD80
FDD8
6DF8
0030
0000
0000
0000
0000
0000
0000
ENDCHAR
STARTCHAR LtCapGAcute
ENCODING 500
SWIDTH 467 0
DWIDTH 14 0
BBX 14 30 0 -7
BITMAP
0000
003C
0038
0070
00E0
0000
00F8
03FC
070C
0E04
0C00
1800
1800
3000
30F8
30F8
3030
3030
3030
3030
1860
1FE0
0FE0
0000
0000
0000
0000
0000
0000
0000
ENDCHAR
STARTCHAR LtSmlGAcute
ENCODING 501
SWIDTH 467 0
DWIDTH 14 0
BBX 14 30 0 -7
BITMAP
0000
0000
0000
0000
0078
0070
00E0
01C0
0000
0000
0198
07D8
0E78
1C38
1830
3030
3030
3030
3060
30E0
39E0
1F60
0E60
00C0
00C0
61C0
7F80
7F00
0000
0000
ENDCHAR
STARTCHAR LtCapHwair
ENCODING 502
SWIDTH 467 0
DWIDTH 14 0
BBX 14 30 0 -7
BITMAP
0000
0000
0000
0000
0000
0000
18C0
18C0
18C0
18C0
3180
318C
318C
3F8C
3F8C
6318
6318
6318
6318
C630
C630
C7E0
C3C0
0000
0000
0000
0000
0000
0000
0000
ENDCHAR
STARTCHAR LtCapWynn
ENCODING 503
SWIDTH 467 0
DWIDTH 14 0
BBX 14 30 0 -7
BITMAP
0000
0000
0000
0000
0000
0000
0CF8
0DFC
0F0C
0E0C
0C0C
181C
1838
1870
18E0
3380
3700
3600
3C00
3800
7000
6000
6000
0000
0000
0000
0000
0000
0000
0000
ENDCHAR
STARTCHAR LtCapNGrave
ENCODING 504
SWIDTH 467 0
DWIDTH 14 0
BBX 14 30 0 -7
BITMAP
0000
03C0
01C0
00E0
0060
0000
0C0C
0C0C
0C0C
0E0C
1E18
1B18
1B18
1B18
3398
31B0
31B0
31B0
30F0
60E0
6060
6060
6060
0000
0000
0000
0000
0000
0000
0000
ENDCHAR
STARTCHAR LtSmlNGrave
ENCODING 505
SWIDTH 467 0
DWIDTH 14 0
BBX 14 30 0 -7
BITMAP
0000
0000
0000
0000
0F00
0700
0380
0180
0000
0000
39C0
3BE0
1E70
1C30
1830
3060
3060
3060
3060
30C0
60C0
60F0
6070
0000
0000
0000
0000
0000
0000
0000
ENDCHAR
STARTCHAR LtCapARingAcute
ENCODING 506
SWIDTH 467 0
DWIDTH 14 0
BBX 14 30 0 -7
BITMAP
0000
003C
0070
00E0
0000
01E0
0330
0330
01E0
00C0
01C0
01C0
03C0
0360
0660
0C60
0FE0
1FE0
1860
3030
7030
6030
E030
0000
0000
0000
0000
0000
0000
0000
ENDCHAR
STARTCHAR LtSmlARingAcute
ENCODING 507
SWIDTH 467 0
DWIDTH 14 0
BBX 14 30 0 -7
BITMAP
0000
003C
0070
00E0
0000
01E0
0330
0330
01E0
0000
0198
07D8
0E78
1C38
1830
3030
3030
3060
3060
30E0
39E0
1F70
0E30
0000
0000
0000
0000
0000
0000
0000
ENDCHAR
STARTCHAR LtCapAEAcute
ENCODING 508
SWIDTH 467 0
DWIDTH 14 0
BBX 14 30 0 -7
BITMAP
0000
003C
0038
0070
00E0
0000
00FC
01FC
01C0
03C0
0380
0780
0780
0DF0
0DF0
1980
1F00
3F00
3300
6600
6600
C7F0
C7F0
0000
0000
0000
0000
0000
0000
0000
ENDCHAR
STARTCHAR LtSmlAEAcute
ENCODING 509
SWIDTH 467 0
DWIDTH 14 0
BBX 14 30 0 -7
BITMAP
0000
0000
0000
0000
00F0
00E0
01C0
0380
0000
0000
1E38
3F7C
31CC
018C
030C
1FF8
3FF0
6300
C300
C600
CE30
FFF0
79E0
0000
0000
0000
0000
0000
0000
0000
ENDCHAR
STARTCHAR LtCapOStrokeAcute
ENCODING 510
SWIDTH 467 0
DWIDTH 14 0
BBX 14 30 0 -7
BITMAP
0000
0078
0070
00E0
01C0
000C
03EC
0FF8
0C30
1878
38D8
30D8
3198
6198
6318
6618
6630
6C30
6C70
7860
30C0
7FC0
DF00
C000
0000
0000
0000
0000
0000
0000
ENDCHAR
STARTCHAR LtSmlOStrokeAcute
ENCODING 511
SWIDTH 467 0
DWIDTH 14 0
BBX 14 30 0 -7
BITMAP
0000
0000
0000
0000
0078
0070
00E0
01C0
0000
0008
03D8
07F0
0E70
1CF0
19B0
3130
3330
3230
3660
3CE0
39C0
3F80
6F00
4000
0000
0000
0000
0000
0000
0000
ENDCHAR
STARTCHAR LtCapAGrave2
ENCODING 512
SWIDTH 467 0
DWIDTH 14 0
BBX 14 30 0 -7
BITMAP
0000
0660
0770
0330
0198
0000
00C0
00C0
01C0
01C0
03C0
0360
0660
0660
0C60
0C60
1FE0
1FE0
3030
3030
6030
6030
E030
0000
0000
0000
0000
0000
0000
0000
ENDCHAR
STARTCHAR LtSmlAGrave2
ENCODING 513
SWIDTH 467 0
DWIDTH 14 0
BBX 14 30 0 -7
BITMAP
0000
0000
0000
0000
1DC0
0EE0
0660
0330
0000
0000
0198
07D8
0E78
1C38
1830
3030
3030
3060
3060
30E0
39E0
1F70
0E30
0000
0000
0000
0000
0000
0000
0000
ENDCHAR
STARTCHAR LtCapAInvbreve
ENCODING 514
SWIDTH 467 0
DWIDTH 14 0
BBX 14 30 0 -7
BITMAP
0000
00E0
01F0
0318
0208
0000
00C0
00C0
01C0
01C0
03C0
0360
0660
0660
0C60
0C60
1FE0
1FE0
3030
3030
6030
6030
E030
0000
0000
0000
0000
0000
0000
0000
ENDCHAR
STARTCHAR LtSmlAInvbreve
ENCODING 515
SWIDTH 467 0
DWIDTH 14 0
BBX 14 30 0 -7
BITMAP
0000
0000
0000
0000
01C0
03E0
0630
0630
0000
0000
0198
07D8
0E78
1C38
1830
3030
3030
3060
3060
30E0
39E0
1F70
0E30
0000
0000
0000
0000
0000
0000
0000
ENDCHAR
STARTCHAR LtCapEGrave2
ENCODING 516
SWIDTH 467 0
DWIDTH 14 0
BBX 14 30 0 -7
BITMAP
0000
0660
0770
0330
0198
0000
0FFC
0FFC
0C00
0C00
1800
1800
1800
1FE0
1FE0
3000
3000
3000
3000
6000
6000
7FE0
7FE0
0000
0000
0000
0000
0000
0000
0000
ENDCHAR
STARTCHAR LtSmlEGrave2
ENCODING 517
SWIDTH 467 0
DWIDTH 14 0
BBX 14 30 0 -7
BITMAP
0000
0000
0000
0000
1DC0
0EE0
0660
0330
0000
0000
01E0
07F0
0E30
1C18
1838
3FF0
3FE0
3000
3000
3000
3860
1FC0
0F80
0000
0000
0000
0000
0000
0000
0000
ENDCHAR
STARTCHAR LtCapEInvbreve
ENCODING 518
SWIDTH 467 0
DWIDTH 14 0
BBX 14 30 0 -7
BITMAP
0000
00E0
01F0
0318
0208
0000
0FFC
0FFC
0C00
0C00
1800
1800
1800
1FE0
1FE0
3000
3000
3000
3000
6000
6000
7FE0
7FE0
0000
0000
0000
0000
0000
0000
0000
ENDCHAR
STARTCHAR LtSmlEInvbreve
ENCODING 519
SWIDTH 467 0
DWIDTH 14 0
BBX 14 30 0 -7
BITMAP
0000
0000
0000
0000
01C0
03E0
0630
0630
0000
0000
01E0
07F0
0E30
1C18
1838
3FF0
3FE0
3000
3000
3000
3860
1FC0
0F80
0000
0000
0000
0000
0000
0000
0000
ENDCHAR
STARTCHAR LtCapIGrave2
ENCODING 520
SWIDTH 467 0
DWIDTH 14 0
BBX 14 30 0 -7
BITMAP
0000
0660
0770
0330
0198
0000
07F8
07F8
00C0
00C0
00C0
0180
0180
0180
0180
0300
0300
0300
0300
0600
0600
3FC0
3FC0
0000
0000
0000
0000
0000
0000
0000
ENDCHAR
STARTCHAR LtSmlIGrave2
ENCODING 521
SWIDTH 467 0
DWIDTH 14 0
BBX 14 30 0 -7
BITMAP
0000
0000
0000
0000
1DC0
0EE0
0660
0330
0000
0000
0F80
0F80
0180
0300
0300
0300
0600
0600
0600
0C00
0C60
0FE0
07C0
0000
0000
0000
0000
0000
0000
0000
ENDCHAR
STARTCHAR LtCapIInvbreve
ENCODING 522
SWIDTH 467 0
DWIDTH 14 0
BBX 14 30 0 -7
BITMAP
0000
00E0
01F0
0318
0208
0000
07F8
07F8
00C0
00C0
00C0
0180
0180
0180
0180
0300
0300
0300
0300
0600
0600
3FC0
3FC0
0000
0000
0000
0000
0000
0000
0000
ENDCHAR
STARTCHAR LtSmlIInvbreve
ENCODING 523
SWIDTH 467 0
DWIDTH 14 0
BBX 14 30 0 -7
BITMAP
0000
0000
0000
0000
01C0
03E0
0630
0630
0000
0000
0F80
0F80
0180
0300
0300
0300
0600
0600
0600
0C00
0C60
0FE0
07C0
0000
0000
0000
0000
0000
0000
0000
ENDCHAR
STARTCHAR LtCapOGrave2
ENCODING 524
SWIDTH 467 0
DWIDTH 14 0
BBX 14 30 0 -7
BITMAP
0000
0CC0
0EE0
0660
0330
0000
03E0
0FF0
0C30
1818
3818
3018
3018
6018
6018
6018
6030
6030
6070
6060
30C0
3FC0
1F00
0000
0000
0000
0000
0000
0000
0000
ENDCHAR
STARTCHAR LtSmlOGrave2
ENCODING 525
SWIDTH 467 0
DWIDTH 14 0
BBX 14 30 0 -7
BITMAP
0000
0000
0000
0000
1DC0
0EE0
0660
0330
0000
0000
03C0
07E0
0E70
1C30
1830
3030
3030
3030
3060
30E0
39C0
1F80
0F00
0000
0000
0000
0000
0000
0000
0000
ENDCHAR
STARTCHAR LtCapOInvbreve
ENCODING 526
SWIDTH 467 0
DWIDTH 14 0
BBX 14 30 0 -7
BITMAP
0000
01C0
03E0
0630
0410
0000
03E0
0FF0
0C30
1818
3818
3018
3018
6018
6018
6018
6030
6030
6070
6060
30C0
3FC0
1F00
0000
0000
0000
0000
0000
0000
0000
ENDCHAR
STARTCHAR LtSmlOInvbreve
ENCODING 527
SWIDTH 467 0
DWIDTH 14 0
BBX 14 30 0 -7
BITMAP
0000
0000
0000
0000
01C0
03E0
0630
0630
0000
0000
03C0
07E0
0E70
1C30
1830
3030
3030
3030
3060
30E0
39C0
1F80
0F00
0000
0000
0000
0000
0000
0000
0000
ENDCHAR
STARTCHAR LtCapRGrave2
ENCODING 528
SWIDTH 467 0
DWIDTH 14 0
BBX 14 30 0 -7
BITMAP
0000
0660
0770
0330
0198
0000
0FF0
0FF8
0C18
0C18
0C18
1818
1838
1FF0
1FE0
3300
3300
3180
3180
60C0
60C0
6060
6060
0000
0000
0000
0000
0000
0000
0000
ENDCHAR
STARTCHAR LtSmlRGrave2
ENCODING 529
SWIDTH 467 0
DWIDTH 14 0
BBX 14 30 0 -7
BITMAP
0000
0000
0000
0000
1DC0
0EE0
0660
0330
0000
0000
3CF0
3DF8
0F38
0E18
0C00
1800
1800
1800
1800
1800
3000
3000
3000
0000
0000
0000
0000
0000
0000
0000
ENDCHAR
STARTCHAR LtCapRInvbreve
ENCODING 530
SWIDTH 467 0
DWIDTH 14 0
BBX 14 30 0 -7
BITMAP
0000
01C0
03E0
0630
0410
0000
0FF0
0FF8
0C18
0C18
0C18
1818
1838
1FF0
1FE0
3300
3300
3180
3180
60C0
60C0
6060
6060
0000
0000
0000
0000
0000
0000
0000
ENDCHAR
STARTCHAR LtSmlRInvbreve
ENCODING 531
SWIDTH 467 0
DWIDTH 14 0
BBX 14 30 0 -7
BITMAP
0000
0000
0000
0000
01C0
03E0
0630
0630
0000
0000
3CF0
3DF8
0F38
0E18
0C00
1800
1800
1800
1800
1800
3000
3000
3000
0000
0000
0000
0000
0000
0000
0000
ENDCHAR
STARTCHAR LtCapUGrave2
ENCODING 532
SWIDTH 467 0
DWIDTH 14 0
BBX 14 30 0 -7
BITMAP
0000
0660
0770
0330
0198
0000
0C0C
0C0C
0C0C
0C0C
1818
1818
1818
1818
1818
3030
3030
3030
3030
3060
38E0
1FC0
0F80
0000
0000
0000
0000
0000
0000
0000
ENDCHAR
STARTCHAR LtSmlUGrave2
ENCODING 533
SWIDTH 467 0
DWIDTH 14 0
BBX 14 30 0 -7
BITMAP
0000
0000
0000
0000
1DC0
0EE0
0660
0330
0000
0000
1C18
1C18
0C18
1818
1830
1830
1830
3060
3060
30E0
39E0
1F70
0E30
0000
0000
0000
0000
0000
0000
0000
ENDCHAR
STARTCHAR LtCapUInvbreve
ENCODING 534
SWIDTH 467 0
DWIDTH 14 0
BBX 14 30 0 -7
BITMAP
0000
00E0
01F0
0318
0208
0000
0C0C
0C0C
0C0C
0C0C
1818
1818
1818
1818
1818
3030
3030
3030
3030
3060
38E0
1FC0
0F80
0000
0000
0000
0000
0000
0000
0000
ENDCHAR
STARTCHAR LtSmlUInvbreve
ENCODING 535
SWIDTH 467 0
DWIDTH 14 0
BBX 14 30 0 -7
BITMAP
0000
0000
0000
0000
01C0
03E0
0630
0630
0000
0000
1C18
1C18
0C18
1818
1830
1830
1830
3060
3060
30E0
39E0
1F70
0E30
0000
0000
0000
0000
0000
0000
0000
ENDCHAR
STARTCHAR LtCapSComma
ENCODING 536
SWIDTH 467 0
DWIDTH 14 0
BBX 14 30 0 -7
BITMAP
0000
0000
0000
0000
0000
0000
03F8
07FC
0E0C
0C0C
0C00
0E00
0600
0700
0380
01C0
00C0
00E0
0060
6060
60E0
7FC0
3F80
0000
1C00
1C00
0C00
3800
3000
0000
ENDCHAR
STARTCHAR LtSmlSComma
ENCODING 537
SWIDTH 467 0
DWIDTH 14 0
BBX 14 30 0 -7
BITMAP
0000
0000
0000
0000
0000
0000
0000
0000
0000
0000
07E0
0FF0
1C30
1830
1C00
0E00
0780
01C0
00E0
6060
60E0
3FC0
1F80
0000
0E00
0E00
0600
1C00
1800
0000
ENDCHAR
STARTCHAR LtCapTComma
ENCODING 538
SWIDTH 467 0
DWIDTH 14 0
BBX 14 30 0 -7
BITMAP
0000
0000
0000
0000
0000
0000
0FFC
0FFC
00C0
00C0
00C0
0180
0180
0180
0180
0300
0300
0300
0300
0600
0600
0600
0600
0000
0E00
0E00
0600
1C00
1800
0000
ENDCHAR
STARTCHAR LtSmlTComma
ENCODING 539
SWIDTH 467 0
DWIDTH 14 0
BBX 14 30 0 -7
BITMAP
0000
0000
0000
0000
0000
0000
0100
0300
0300
0300
1FF0
1FF0
0600
0600
0600
0C00
0C00
0C00
1800
1800
1CC0
0FC0
0780
0000
0700
0700
0300
0E00
0C00
0000
ENDCHAR
STARTCHAR LtCapYogh
ENCODING 540
SWIDTH 467 0
DWIDTH 14 0
BBX 14 30 0 -7
BITMAP
0000
0000
0000
0000
0000
0000
07F0
0FF8
0C0C
081C
0038
0070
01E0
07F0
0730
0030
0030
0070
00E0
07C0
1F00
7800
6000
0000
0000
0000
0000
0000
0000
0000
ENDCHAR
STARTCHAR LtSmlYogh
ENCODING 541
SWIDTH 467 0
DWIDTH 14 0
BBX 14 30 0 -7
BITMAP
0000
0000
0000
0000
0000
0000
0000
0000
0000
0000
0FE0
1FF0
1818
0018
0030
00E0
01C0
07E0
0F30
0C30
0060
00E0
01C0
0780
1E00
7800
E000
C000
0000
0000
ENDCHAR
STARTCHAR LtCapHCaron
ENCODING 542
SWIDTH 467 0
DWIDTH 14 0
BBX 14 30 0 -7
BITMAP
0000
0198
01F8
00F0
0060
0000
0C0C
0C0C
0C0C
0C0C
1818
1818
1818
1FF8
1FF8
3030
3030
3030
3030
6060
6060
6060
6060
0000
0000
0000
0000
0000
0000
0000
ENDCHAR
STARTCHAR LtSmlHCaron
ENCODING 543
SWIDTH 467 0
DWIDTH 14 0
BBX 14 30 0 -7
BITMAP
0000
0198
01F8
00F0
0060
1C00
1C00
0C00
0C00
0C00
19C0
1BE0
1E70
1C30
1830
3060
3060
3060
3060
30C0
60C0
60F0
6070
0000
0000
0000
0000
0000
0000
0000
ENDCHAR
STARTCHAR LtCapNLongleg
ENCODING 544
SWIDTH 467 0
DWIDTH 14 0
BBX 14 30 0 -7
BITMAP
0000
0000
0000
0000
0000
0000
0CF0
0DF8
0F18
0E0C
1C0C
180C
1818
1818
1818
3018
3030
3030
3030
6030
6060
6060
6060
0060
00C0
00C0
00C0
00C0
0000
0000
ENDCHAR
STARTCHAR LtSmlDCurl
ENCODING 545
SWIDTH 467 0
DWIDTH 14 0
BBX 14 30 0 -7
BITMAP
0000
0000
0000
0000
0000
0018
0018
0018
0018
0030
0330
0FB0
1CF0
3860
3060
6060
6060
60C0
60D8
61F8
73C8
3ED8
1DF0
0180
0000
0000
0000
0000
0000
0000
ENDCHAR
STARTCHAR LtCapOu
ENCODING 546
SWIDTH 467 0
DWIDTH 14 0
BBX 14 30 0 -7
BITMAP
0000
0000
0000
0000
0000
0000
0618
0E1C
0C0C
0C18
0C38
0670
03E0
03C0
0780
0CC0
1860
3060
3060
3060
30E0
3FC0
1F80
0000
0000
0000
0000
0000
0000
0000
ENDCHAR
STARTCHAR LtSmlOu
ENCODING 547
SWIDTH 467 0
DWIDTH 14 0
BBX 14 30 0 -7
BITMAP
0000
0000
0000
0000
0000
0618
0C0C
0C0C
0C0C
0E18
0630
0360
03C0
0380
06C0
0CC0
1860
1860
3060
3060
30C0
1F80
0F00
0000
0000
0000
0000
0000
0000
0000
ENDCHAR
STARTCHAR LtCapZLhookL
ENCODING 548
SWIDTH 467 0
DWIDTH 14 0
BBX 14 30 0 -7
BITMAP
0000
0000
0000
0000
0000
0000
0FFC
0FFC
001C
0038
0070
0060
00C0
01C0
0380
0700
0600
0C00
1C00
3800
7000
7FE0
7FF0
0030
0030
00E0
00C0
0000
0000
0000
ENDCHAR
STARTCHAR LtSmlZLhookL
ENCODING 549
SWIDTH 467 0
DWIDTH 14 0
BBX 14 30 0 -7
BITMAP
0000
0000
0000
0000
0000
0000
0000
0000
0000
0000
0FF8
1FF8
1830
0060
00C0
0180
0300
0600
0C00
1800
3800
7FE0
7FF0
0030
0030
01F0
01E0
0000
0000
0000
ENDCHAR
STARTCHAR LtCapADot
ENCODING 550
SWIDTH 467 0
DWIDTH 14 0
BBX 14 30 0 -7
BITMAP
0000
0060
0060
0060
0000
0000
00C0
00C0
01C0
01C0
03C0
0360
0660
0660
0C60
0C60
1FE0
1FE0
3030
3030
6030
6030
E030
0000
0000
0000
0000
0000
0000
0000
ENDCHAR
STARTCHAR LtSmlADot
ENCODING 551
SWIDTH 467 0
DWIDTH 14 0
BBX 14 30 0 -7
BITMAP
0000
0000
0000
0000
0000
00C0
00C0
00C0
0000
0000
0198
07D8
0E78
1C38
1830
3030
3030
3060
3060
30E0
39E0
1F70
0E30
0000
0000
0000
0000
0000
0000
0000
ENDCHAR
STARTCHAR LtCapECedilla
ENCODING 552
SWIDTH 467 0
DWIDTH 14 0
BBX 14 30 0 -7
BITMAP
0000
0000
0000
0000
0000
0000
0FFC
0FFC
0C00
0C00
1800
1800
1800
1FE0
1FE0
3000
3000
3000
3000
6000
6000
7FE0
7FE0
0400
0600
0300
1F00
1E00
0000
0000
ENDCHAR
STARTCHAR LtSmlECedilla
ENCODING 553
SWIDTH 467 0
DWIDTH 14 0
BBX 14 30 0 -7
BITMAP
0000
0000
0000
0000
0000
0000
0000
0000
0000
0000
01E0
07F0
0E30
1C18
1838
3FF0
3FE0
3000
3000
3000
3860
1FC0
0F80
0400
0600
0300
1F00
1E00
0000
0000
ENDCHAR
STARTCHAR LtCapODrssMacron
ENCODING 554
SWIDTH 467 0
DWIDTH 14 0
BBX 14 30 0 -7
BITMAP
0000
03F8
03F8
0000
0330
0330
0000
03E0
0FF0
0C30
1818
3818
3018
3018
6018
6018
6030
6030
6070
6060
30C0
3FC0
1F00
0000
0000
0000
0000
0000
0000
0000
ENDCHAR
STARTCHAR LtSmlODrssMacron
ENCODING 555
SWIDTH 467 0
DWIDTH 14 0
BBX 14 30 0 -7
BITMAP
0000
0000
03F8
03F8
0000
0330
0330
0330
0000
0000
03C0
07E0
0E70
1C30
1830
3030
3030
3030
3060
30E0
39C0
1F80
0F00
0000
0000
0000
0000
0000
0000
0000
ENDCHAR
STARTCHAR LtCapOTildeMacron
ENCODING 556
SWIDTH 467 0
DWIDTH 14 0
BBX 14 30 0 -7
BITMAP
0000
03F8
03F8
0000
03D8
06F0
0000
03E0
0FF0
0C30
1818
3818
3018
3018
6018
6018
6030
6030
6070
6060
30C0
3FC0
1F00
0000
0000
0000
0000
0000
0000
0000
ENDCHAR
STARTCHAR LtSmlOTildeMacron
ENCODING 557
SWIDTH 467 0
DWIDTH 14 0
BBX 14 30 0 -7
BITMAP
0000
0000
03F8
03F8
0000
0398
07F8
0670
0000
0000
03C0
07E0
0E70
1C30
1830
3030
3030
3030
3060
30E0
39C0
1F80
0F00
0000
0000
0000
0000
0000
0000
0000
ENDCHAR
STARTCHAR LtCapODot
ENCODING 558
SWIDTH 467 0
DWIDTH 14 0
BBX 14 30 0 -7
BITMAP
0000
00C0
00C0
00C0
0000
0000
03E0
0FF0
0C30
1818
3818
3018
3018
6018
6018
6018
6030
6030
6070
6060
30C0
3FC0
1F00
0000
0000
0000
0000
0000
0000
0000
ENDCHAR
STARTCHAR LtSmlODot
ENCODING 559
SWIDTH 467 0
DWIDTH 14 0
BBX 14 30 0 -7
BITMAP
0000
0000
0000
0000
0000
00C0
00C0
00C0
0000
0000
03C0
07E0
0E70
1C30
1830
3030
3030
3030
3060
30E0
39C0
1F80
0F00
0000
0000
0000
0000
0000
0000
0000
ENDCHAR
STARTCHAR LtCapODotMacron
ENCODING 560
SWIDTH 467 0
DWIDTH 14 0
BBX 14 30 0 -7
BITMAP
0000
03F8
03F8
0000
00C0
00C0
0000
03E0
0FF0
0C30
1818
3818
3018
3018
6018
6018
6030
6030
6070
6060
30C0
3FC0
1F00
0000
0000
0000
0000
0000
0000
0000
ENDCHAR
STARTCHAR LtSmlODotMacron
ENCODING 561
SWIDTH 467 0
DWIDTH 14 0
BBX 14 30 0 -7
BITMAP
0000
0000
03F8
03F8
0000
00C0
00C0
00C0
0000
0000
03C0
07E0
0E70
1C30
1830
3030
3030
3030
3060
30E0
39C0
1F80
0F00
0000
0000
0000
0000
0000
0000
0000
ENDCHAR
STARTCHAR LtCapYMacron
ENCODING 562
SWIDTH 467 0
DWIDTH 14 0
BBX 14 30 0 -7
BITMAP
0000
0000
03F8
03F8
0000
0000
0C0C
0C1C
0C18
0630
0630
0660
03C0
03C0
0380
0300
0300
0300
0300
0600
0600
0600
0600
0000
0000
0000
0000
0000
0000
0000
ENDCHAR
STARTCHAR LtSmlYMacron
ENCODING 563
SWIDTH 467 0
DWIDTH 14 0
BBX 14 30 0 -7
BITMAP
0000
0000
0000
0000
0000
0000
03F0
03F0
0000
0000
1C18
1C18
0C18
1818
1830
1830
1830
3030
3060
30E0
39E0
1F60
0E60
00C0
00C0
61C0
7F80
7F00
0000
0000
ENDCHAR
STARTCHAR LtSmlLCurl
ENCODING 564
SWIDTH 467 0
DWIDTH 14 0
BBX 14 30 0 -7
BITMAP
0000
0000
0000
0000
0000
0780
0780
0180
0300
0300
0300
0300
0600
0600
0600
0C00
0C00
0CC0
0DE0
1B20
1B60
1FE0
0FC0
0600
0000
0000
0000
0000
0000
0000
ENDCHAR
STARTCHAR LtSmlNCurl
ENCODING 565
SWIDTH 467 0
DWIDTH 14 0
BBX 14 30 0 -7
BITMAP
0000
0000
0000
0000
0000
0000
0000
0000
0000
0000
7380
77C0
3CE0
3860
3060
60C0
60C0
60C0
6198
61F8
C1C8
C1D8
C0F0
0180
0000
0000
0000
0000
0000
0000
ENDCHAR
STARTCHAR LtSmlTCurl
ENCODING 566
SWIDTH 467 0
DWIDTH 14 0
BBX 14 30 0 -7
BITMAP
0000
0000
0000
0000
0000
0000
0100
0300
0300
0300
1FF0
1FF0
0600
0600
0600
0C00
0C00
0C60
18F0
1990
1DB0
0FF0
07E0
0300
0000
0000
0000
0000
0000
0000
ENDCHAR
STARTCHAR LtSmlJDotless
ENCODING 567
SWIDTH 467 0
DWIDTH 14 0
BBX 14 30 0 -7
BITMAP
0000
0000
0000
0000
0000
0000
0000
0000
0000
0000
07C0
07C0
00C0
00C0
00C0
0180
0180
0180
0180
0180
0300
0300
0300
0300
0700
CE00
FC00
7800
0000
0000
ENDCHAR
STARTCHAR LtSmlDB
ENCODING 568
SWIDTH 467 0
DWIDTH 14 0
BBX 14 30 0 -7
BITMAP
0000
0000
0000
0000
0000
00C0
00C0
00C0
00C0
0180
03E0
0FF0
1DB8
3998
3318
6318
6318
6318
6330
6670
76E0
3FC0
1F00
0000
0000
0000
0000
0000
0000
0000
ENDCHAR
STARTCHAR LtSmlQP
ENCODING 569
SWIDTH 467 0
DWIDTH 14 0
BBX 14 30 0 -7
BITMAP
0000
0000
0000
0000
0000
0000
0000
0000
0000
0000
03E0
0FF0
1DB8
3998
3318
6318
6318
6318
6330
6670
76E0
3FC0
1F00
0600
0C00
0C00
0C00
0C00
0000
0000
ENDCHAR
STARTCHAR LtCapAStroke
ENCODING 570
SWIDTH 467 0
DWIDTH 14 0
BBX 14 30 0 -7
BITMAP
0000
0000
0000
0000
0000
000C
00C8
00D8
01D0
01F0
03E0
0360
0660
06E0
0CE0
0D60
1FE0
1FE0
3230
3630
6430
6C30
C830
1800
1000
0000
0000
0000
0000
0000
ENDCHAR
STARTCHAR LtCapCStroke
ENCODING 571
SWIDTH 467 0
DWIDTH 14 0
BBX 14 30 0 -7
BITMAP
0000
0000
0000
0000
0000
000C
00F8
03FC
071C
0E34
0C20
1860
1840
30C0
3080
3180
3100
3300
3200
3620
1C60
1FE0
0FC0
1800
1000
0000
0000
0000
0000
0000
ENDCHAR
STARTCHAR LtSmlCStroke
ENCODING 572
SWIDTH 467 0
DWIDTH 14 0
BBX 14 30 0 -7
BITMAP
0000
0000
0000
0000
0000
0000
0000
0000
0000
0030
01E0
07F0
0E70
1CD0
1880
3180
3100
3300
3200
3660
3CE0
1FC0
0F00
1800
0000
0000
0000
0000
0000
0000
ENDCHAR
STARTCHAR LtCapLStrokeH
ENCODING 573
SWIDTH 467 0
DWIDTH 14 0
BBX 14 30 0 -7
BITMAP
0000
0000
0000
0000
0000
0000
0600
0600
0600
0600
0C00
0C00
0C00
3F80
3F80
1800
1800
1800
1800
3000
3000
3FF0
3FF0
0000
0000
0000
0000
0000
0000
0000
ENDCHAR
STARTCHAR LtCapTStrokeD
ENCODING 574
SWIDTH 467 0
DWIDTH 14 0
BBX 14 30 0 -7
BITMAP
0000
0000
0000
0000
0004
000C
0FFC
0FFC
00D0
00F0
00E0
01E0
01C0
0180
0180
0300
0700
0F00
0B00
1E00
1600
3600
6600
4000
0000
0000
0000
0000
0000
0000
ENDCHAR
STARTCHAR LtSmlSSwash
ENCODING 575
SWIDTH 467 0
DWIDTH 14 0
BBX 14 30 0 -7
BITMAP
0000
0000
0000
0000
0000
0000
0000
0000
0000
0000
07E0
0FF0
1C30
1830
1C00
0E00
0780
01C0
00E0
6060
60E0
7FC0
3F80
1800
0C00
0EC0
07C0
0380
0000
0000
ENDCHAR
STARTCHAR LtSmlZSwash
ENCODING 576
SWIDTH 467 0
DWIDTH 14 0
BBX 14 30 0 -7
BITMAP
0000
0000
0000
0000
0000
0000
0000
0000
0000
0000
0FF8
1FF8
1830
0060
00C0
0180
0300
0600
0C00
1800
3C00
7E00
6600
0600
0300
0330
03F0
01E0
0000
0000
ENDCHAR
STARTCHAR LtCapGlot1
ENCODING 577
SWIDTH 467 0
DWIDTH 14 0
BBX 14 30 0 -7
BITMAP
0000
0000
0000
0000
0000
0000
03E0
0FF0
1C38
1818
1818
0018
0038
0070
01E0
01C0
0300
0300
0300
0300
0600
0600
0600
0000
0000
0000
0000
0000
0000
0000
ENDCHAR
STARTCHAR LtSmlGlot1
ENCODING 578
SWIDTH 467 0
DWIDTH 14 0
BBX 14 30 0 -7
BITMAP
0000
0000
0000
0000
0000
0000
0000
0000
0000
0000
07E0
0FF0
1C30
1818
1818
0038
0070
01E0
03C0
0300
0600
0600
0600
0000
0000
0000
0000
0000
0000
0000
ENDCHAR
STARTCHAR LtCapBStroke
ENCODING 579
SWIDTH 467 0
DWIDTH 14 0
BBX 14 30 0 -7
BITMAP
0000
0000
0000
0000
0000
0000
0FF0
0FF8
0C18
0C18
1818
1818
1830
1FE0
1FE0
3060
3030
7E30
7E30
3030
6060
7FE0
7F80
0000
0000
0000
0000
0000
0000
0000
ENDCHAR
STARTCHAR LtCapUStroke
ENCODING 580
SWIDTH 467 0
DWIDTH 14 0
BBX 14 30 0 -7
BITMAP
0000
0000
0000
0000
0000
0000
0C0C
0C0C
0C0C
0C0C
1818
1818
3FFC
3FFC
1818
3030
3030
3030
3030
3060
38E0
1FC0
0F80
0000
0000
0000
0000
0000
0000
0000
ENDCHAR
STARTCHAR LtCapVTrnd
ENCODING 581
SWIDTH 467 0
DWIDTH 14 0
BBX 14 30 0 -7
BITMAP
0000
0000
0000
0000
0000
0000
00C0
00C0
01C0
01C0
03C0
0360
0660
0660
0C60
0C60
1860
1860
3030
3030
6030
6030
E030
0000
0000
0000
0000
0000
0000
0000
ENDCHAR
STARTCHAR LtCapEStroke
ENCODING 582
SWIDTH 467 0
DWIDTH 14 0
BBX 14 30 0 -7
BITMAP
0000
0000
0000
0000
0000
0008
0FFC
0FFC
0C10
0C30
1820
1860
1840
1FE0
1FE0
3180
3100
3300
3200
6600
6400
7FE0
7FE0
1800
1000
0000
0000
0000
0000
0000
ENDCHAR
STARTCHAR LtSmlEStroke
ENCODING 583
SWIDTH 467 0
DWIDTH 14 0
BBX 14 30 0 -7
BITMAP
0000
0000
0000
0000
0000
0000
0000
0000
0010
0030
01E0
07F0
0E70
1CD8
18B8
3FF0
3FE0
3300
3200
3600
3C60
1FC0
0F80
1800
0000
0000
0000
0000
0000
0000
ENDCHAR
STARTCHAR LtCapJStroke
ENCODING 584
SWIDTH 467 0
DWIDTH 14 0
BBX 14 30 0 -7
BITMAP
0000
0000
0000
0000
0000
0000
003C
003C
0018
0018
0030
0030
0030
03F8
03F8
0060
0060
6060
6060
60C0
70C0
3F80
1F00
0000
0000
0000
0000
0000
0000
0000
ENDCHAR
STARTCHAR LtSmlJStroke
ENCODING 585
SWIDTH 467 0
DWIDTH 14 0
BBX 14 30 0 -7
BITMAP
0000
0000
0000
0000
0000
0060
0060
0060
0000
0000
07C0
07C0
00C0
00C0
00C0
07F0
07F0
0180
0180
0180
0300
0300
0300
0300
0700
CE00
FC00
7800
0000
0000
ENDCHAR
STARTCHAR LtCapQHooktail
ENCODING 586
SWIDTH 467 0
DWIDTH 14 0
BBX 14 30 0 -7
BITMAP
0000
0000
0000
0000
0000
0000
0198
03D8
0678
0C38
0C30
1830
1830
1830
1860
3060
3060
3060
3060
30C0
31C0
1FC0
0CC0
0180
0180
01B0
01F0
00E0
0000
0000
ENDCHAR
STARTCHAR LtSmlQHooktail
ENCODING 587
SWIDTH 467 0
DWIDTH 14 0
BBX 14 30 0 -7
BITMAP
0000
0000
0000
0000
0000
0000
0000
0000
0000
0000
0198
07D8
0E78
1C38
1830
3030
3030
3030
3060
30E0
39E0
1F60
0E60
00C0
00C0
00D8
00F8
0070
0000
0000
ENDCHAR
STARTCHAR LtCapRStroke
ENCODING 588
SWIDTH 467 0
DWIDTH 14 0
BBX 14 30 0 -7
BITMAP
0000
0000
0000
0000
0000
0000
0FF0
0FF8
0C18
0C18
0C18
1830
1860
3FFC
3FFC
1B00
3300
3180
3180
30C0
60C0
6060
6060
0000
0000
0000
0000
0000
0000
0000
ENDCHAR
STARTCHAR LtSmlRStroke
ENCODING 589
SWIDTH 467 0
DWIDTH 14 0
BBX 14 30 0 -7
BITMAP
0000
0000
0000
0000
0000
0000
0000
0000
0000
0000
3CF0
3DF8
0F38
0E18
0C00
1800
3F00
3F00
1800
1800
3000
3000
3000
0000
0000
0000
0000
0000
0000
0000
ENDCHAR
STARTCHAR LtCapYStroke
ENCODING 590
SWIDTH 467 0
DWIDTH 14 0
BBX 14 30 0 -7
BITMAP
0000
0000
0000
0000
0000
0000
0C0C
0C0C
0C18
0C18
3FFC
3FFC
0660
03C0
03C0
0380
0300
0300
0300
0300
0600
0600
0600
0000
0000
0000
0000
0000
0000
0000
ENDCHAR
STARTCHAR LtSmlYStroke
ENCODING 591
SWIDTH 467 0
DWIDTH 14 0
BBX 14 30 0 -7
BITMAP
0000
0000
0000
0000
0000
0000
0000
0000
0000
0000
1C18
1C18
0C18
1818
3FFC
3FFC
1830
3030
3060
30E0
39E0
1F60
0E60
00C0
00C0
61C0
7F80
7F00
0000
0000
ENDCHAR
STARTCHAR LtSmlATrnd
ENCODING 592
SWIDTH 467 0
DWIDTH 14 0
BBX 14 30 0 -7
BITMAP
0000
0000
0000
0000
0000
0000
0000
0000
0000
0000
1DF0
1FF8
0E0C
0C0C
1818
1838
1FF0
1FE0
3000
3000
3060
3FE0
1FC0
0000
0000
0000
0000
0000
0000
0000
ENDCHAR
STARTCHAR LtSmlAScr
ENCODING 593
SWIDTH 467 0
DWIDTH 14 0
BBX 14 30 0 -7
BITMAP
0000
0000
0000
0000
0000
0000
0000
0000
0000
0000
0198
07D8
0E78
1C38
1830
3030
3030
3060
3060
30E0
39E0
1F70
0E30
0000
0000
0000
0000
0000
0000
0000
ENDCHAR
STARTCHAR LtSmlAScrTrnd
ENCODING 594
SWIDTH 467 0
DWIDTH 14 0
BBX 14 30 0 -7
BITMAP
0000
0000
0000
0000
0000
0000
0000
0000
0000
0000
31C0
3BE0
1E70
1C30
1830
1830
3030
3030
3060
70E0
79C0
6F80
6600
0000
0000
0000
0000
0000
0000
0000
ENDCHAR
STARTCHAR LtSmlBHook
ENCODING 595
SWIDTH 467 0
DWIDTH 14 0
BBX 14 30 0 -7
BITMAP
0000
0000
0000
0000
0000
03C0
07E0
0660
0C00
0C00
0DC0
0BE0
1E70
1C30
1830
1830
3030
3030
3060
30E0
39C0
1F80
0E00
0000
0000
0000
0000
0000
0000
0000
ENDCHAR
STARTCHAR LtSmlCTrnd
ENCODING 596
SWIDTH 467 0
DWIDTH 14 0
BBX 14 30 0 -7
BITMAP
0000
0000
0000
0000
0000
0000
0000
0000
0000
0000
07C0
0FE0
0C70
0830
0030
0030
0030
0030
0060
20E0
31C0
3F80
1E00
0000
0000
0000
0000
0000
0000
0000
ENDCHAR
STARTCHAR LtSmlCCurl
ENCODING 597
SWIDTH 467 0
DWIDTH 14 0
BBX 14 30 0 -7
BITMAP
0000
0000
0000
0000
0000
0000
0000
0000
0000
0000
01E0
07F0
0E30
1C10
1800
3000
3000
30C0
31E0
3320
3B60
1FC0
0F80
0600
0000
0000
0000
0000
0000
0000
ENDCHAR
STARTCHAR LtSmlDLhook
ENCODING 598
SWIDTH 467 0
DWIDTH 14 0
BBX 14 30 0 -7
BITMAP
0000
0000
0000
0000
0000
000C
000C
000C
000C
0018
0198
07D8
0E78
1C30
1830
3030
3030
3060
3060
30E0
39E0
1F60
0E60
00C0
00C0
00D8
00F8
0070
0000
0000
ENDCHAR
STARTCHAR LtSmlDHook
ENCODING 599
SWIDTH 467 0
DWIDTH 14 0
BBX 14 30 0 -7
BITMAP
0000
0000
0000
0000
0000
001C
003C
0034
0030
0060
0660
0F60
1DE0
38C0
30C0
60C0
60C0
6180
6180
6380
7780
3DC0
18C0
0000
0000
0000
0000
0000
0000
0000
ENDCHAR
STARTCHAR LtSmlERev
ENCODING 600
SWIDTH 467 0
DWIDTH 14 0
BBX 14 30 0 -7
BITMAP
0000
0000
0000
0000
0000
0000
0000
0000
0000
0000
03C0
0FE0
1C70
1830
3030
3FF0
1FF0
0060
0060
00E0
61C0
7F80
3F00
0000
0000
0000
0000
0000
0000
0000
ENDCHAR
STARTCHAR LtSmlSchwa
ENCODING 601
SWIDTH 467 0
DWIDTH 14 0
BBX 14 30 0 -7
BITMAP
0000
0000
0000
0000
0000
0000
0000
0000
0000
0000
07C0
0FE0
1870
0030
0030
0030
1FF0
3FF0
7060
60E0
31C0
3F80
1F00
0000
0000
0000
0000
0000
0000
0000
ENDCHAR
STARTCHAR LtSmlSchwaHook
ENCODING 602
SWIDTH 467 0
DWIDTH 14 0
BBX 14 30 0 -7
BITMAP
0000
0000
0000
0000
0000
0000
0000
0000
0000
0000
0F98
1FD8
30F8
007C
006C
006C
1FE0
3FE0
70C0
61C0
6380
7F00
3E00
0000
0000
0000
0000
0000
0000
0000
ENDCHAR
STARTCHAR LtSmlEps
ENCODING 603
SWIDTH 467 0
DWIDTH 14 0
BBX 14 30 0 -7
BITMAP
0000
0000
0000
0000
0000
0000
0000
0000
0000
0000
03F0
07F8
0E18
0C00
0C00
0700
1F00
1800
3000
3000
3060
3FE0
1FC0
0000
0000
0000
0000
0000
0000
0000
ENDCHAR
STARTCHAR LtSmlEpsRev
ENCODING 604
SWIDTH 467 0
DWIDTH 14 0
BBX 14 30 0 -7
BITMAP
0000
0000
0000
0000
0000
0000
0000
0000
0000
0000
07E0
0FF0
0C38
0018
0030
01E0
01C0
0060
0030
0030
3060
3FE0
1F80
0000
0000
0000
0000
0000
0000
0000
ENDCHAR
STARTCHAR LtSmlEpsRevHook
ENCODING 605
SWIDTH 467 0
DWIDTH 14 0
BBX 14 30 0 -7
BITMAP
0000
0000
0000
0000
0000
0000
0000
0000
0000
0000
0F98
1FD8
18F8
107C
00CC
078C
0700
0180
00C0
00C0
6180
7F80
3E00
0000
0000
0000
0000
0000
0000
0000
ENDCHAR
STARTCHAR LtSmlEpsRevClsd
ENCODING 606
SWIDTH 467 0
DWIDTH 14 0
BBX 14 30 0 -7
BITMAP
0000
0000
0000
0000
0000
0000
0000
0000
0000
0000
03E0
0FF0
1C38
3818
3030
61E0
61C0
6060
6030
6030
7060
3FE0
1F80
0000
0000
0000
0000
0000
0000
0000
ENDCHAR
STARTCHAR LtSmlFTrnd
ENCODING 607
SWIDTH 467 0
DWIDTH 14 0
BBX 14 30 0 -7
BITMAP
0000
0000
0000
0000
0000
0060
0060
00C0
00C0
00C0
00C0
0180
0180
0180
0180
0300
0300
0300
0300
3FF0
3FF0
0300
0600
0600
0600
CE00
FC00
F800
0000
0000
ENDCHAR
STARTCHAR LtSmlGHook
ENCODING 608
SWIDTH 467 0
DWIDTH 14 0
BBX 14 30 0 -7
BITMAP
0000
0000
0000
0000
0000
001C
003C
0034
0030
0060
0660
0F60
1DE0
38E0
30C0
60C0
60C0
60C0
6180
6380
7780
3D80
1980
0300
0300
C700
FE00
FC00
0000
0000
ENDCHAR
STARTCHAR LtSmlGScr
ENCODING 609
SWIDTH 467 0
DWIDTH 14 0
BBX 14 30 0 -7
BITMAP
0000
0000
0000
0000
0000
0000
0000
0000
0000
0000
0198
07D8
0E78
1C38
1830
3030
3030
3030
3060
30E0
39E0
1F60
0E60
00C0
00C0
61C0
7F80
7F00
0000
0000
ENDCHAR
STARTCHAR LtSmlGSmc
ENCODING 610
SWIDTH 467 0
DWIDTH 14 0
BBX 14 30 0 -7
BITMAP
0000
0000
0000
0000
0000
0000
0000
0000
0000
0000
01F8
07F8
0E18
1C00
1800
31F0
31F0
3030
3030
3060
3860
1FE0
0FE0
0000
0000
0000
0000
0000
0000
0000
ENDCHAR
STARTCHAR LtSmlGam
ENCODING 611
SWIDTH 467 0
DWIDTH 14 0
BBX 14 30 0 -7
BITMAP
0000
0000
0000
0000
0000
0000
0000
0000
0000
0000
1818
1818
0C30
0C60
0CC0
06C0
0780
0300
0700
0F00
1D00
3980
3180
6180
6180
6380
7F00
3E00
0000
0000
ENDCHAR
STARTCHAR LtSmlRamshorn
ENCODING 612
SWIDTH 467 0
DWIDTH 14 0
BBX 14 30 0 -7
BITMAP
0000
0000
0000
0000
0000
0000
0000
0000
0000
0000
1C38
3E7C
36EC
03C0
0380
0780
0D80
0CC0
18C0
18C0
18C0
1F80
0F00
0000
0000
0000
0000
0000
0000
0000
ENDCHAR
STARTCHAR LtSmlHTrnd
ENCODING 613
SWIDTH 467 0
DWIDTH 14 0
BBX 14 30 0 -7
BITMAP
0000
0000
0000
0000
0000
0000
0000
0000
0000
0000
1C18
1C18
0C18
0C30
1830
1830
1830
1830
3060
30E0
39E0
1F60
0E60
00C0
00C0
00C0
00E0
00E0
0000
0000
ENDCHAR
STARTCHAR LtSmlHHook
ENCODING 614
SWIDTH 467 0
DWIDTH 14 0
BBX 14 30 0 -7
BITMAP
0000
0000
0000
0000
0000
0780
0FC0
0CC0
0C00
0C00
19C0
1BE0
1E70
1C30
1830
3060
3060
3060
3060
30C0
60C0
60F0
6070
0000
0000
0000
0000
0000
0000
0000
ENDCHAR
STARTCHAR LtSmlHHookLhook
ENCODING 615
SWIDTH 467 0
DWIDTH 14 0
BBX 14 30 0 -7
BITMAP
0000
0000
0000
0000
0000
0780
0FC0
0CC0
0C00
0C00
19C0
1BE0
1E70
1C30
1830
3060
3060
3060
3060
3060
6060
60C0
60C0
00C0
00C0
1980
1F80
0F00
0000
0000
ENDCHAR
STARTCHAR LtSmlIStroke
ENCODING 616
SWIDTH 467 0
DWIDTH 14 0
BBX 14 30 0 -7
BITMAP
0000
0000
0000
0000
0000
00C0
00C0
00C0
0000
0000
0F80
0F80
0180
0300
0300
0FC0
0FC0
0600
0600
0C00
0C60
0FE0
07C0
0000
0000
0000
0000
0000
0000
0000
ENDCHAR
STARTCHAR LtSmlIot
ENCODING 617
SWIDTH 467 0
DWIDTH 14 0
BBX 14 30 0 -7
BITMAP
0000
0000
0000
0000
0000
0000
0000
0000
0000
0000
0600
0600
0600
0C00
0C00
0C00
0C00
1800
1800
1800
1C60
0FE0
07C0
0000
0000
0000
0000
0000
0000
0000
ENDCHAR
STARTCHAR LtSmlISmc
ENCODING 618
SWIDTH 467 0
DWIDTH 14 0
BBX 14 30 0 -7
BITMAP
0000
0000
0000
0000
0000
0000
0000
0000
0000
0000
0FF0
0FF0
0180
0180
0300
0300
0300
0300
0300
0600
0600
3FC0
3FC0
0000
0000
0000
0000
0000
0000
0000
ENDCHAR
STARTCHAR LtSmlLMtilde
ENCODING 619
SWIDTH 467 0
DWIDTH 14 0
BBX 14 30 0 -7
BITMAP
0000
0000
0000
0000
0000
03C0
03C0
00C0
0180
0180
0180
1D90
3F30
33F0
23E0
0600
0600
0600
0600
0C00
0C60
0FE0
07C0
0000
0000
0000
0000
0000
0000
0000
ENDCHAR
STARTCHAR LtSmlLBelt
ENCODING 620
SWIDTH 467 0
DWIDTH 14 0
BBX 14 30 0 -7
BITMAP
0000
0000
0000
0000
0000
03C0
03C0
00C0
0180
0180
0180
1D80
3F00
6330
7FF0
3FE0
0600
0600
0600
0C00
0C60
0FE0
07C0
0000
0000
0000
0000
0000
0000
0000
ENDCHAR
STARTCHAR LtSmlLLhook
ENCODING 621
SWIDTH 467 0
DWIDTH 14 0
BBX 14 30 0 -7
BITMAP
0000
0000
0000
0000
0000
03C0
03C0
00C0
0180
0180
0180
0180
0300
0300
0300
0300
0600
0600
0600
0600
0C00
0C00
0C00
0C00
1800
18C0
1FC0
0F80
0000
0000
ENDCHAR
STARTCHAR LtSmlLEzh
ENCODING 622
SWIDTH 467 0
DWIDTH 14 0
BBX 14 30 0 -7
BITMAP
0000
0000
0000
0000
0000
1E00
1E00
0600
0C00
0C00
0DFC
0FFC
1818
1830
1830
3060
30C0
31E0
31F0
6030
6430
7C30
3830
0030
0060
18E0
1FC0
0F80
0000
0000
ENDCHAR
STARTCHAR LtSmlMTrnd
ENCODING 623
SWIDTH 467 0
DWIDTH 14 0
BBX 14 30 0 -7
BITMAP
0000
0000
0000
0000
0000
0000
0000
0000
0000
0000
718C
718C
318C
318C
6318
6318
6318
6318
C630
C630
CE70
FFF8
7398
0000
0000
0000
0000
0000
0000
0000
ENDCHAR
STARTCHAR LtSmlMTrndLongleg
ENCODING 624
SWIDTH 467 0
DWIDTH 14 0
BBX 14 30 0 -7
BITMAP
0000
0000
0000
0000
0000
0000
0000
0000
0000
0000
718C
718C
318C
318C
6318
6318
6318
6318
6318
C630
CE70
FFF0
73B0
0030
0060
0060
0060
0060
0000
0000
ENDCHAR
STARTCHAR LtSmlMLhook
ENCODING 625
SWIDTH 467 0
DWIDTH 14 0
BBX 14 30 0 -7
BITMAP
0000
0000
0000
0000
0000
0000
0000
0000
0000
0000
7738
7FFC
39CC
318C
318C
6318
6318
6318
6318
C630
C630
C630
C630
0030
0060
0660
07C0
0380
0000
0000
ENDCHAR
STARTCHAR LtSmlNLhookL
ENCODING 626
SWIDTH 467 0
DWIDTH 14 0
BBX 14 30 0 -7
BITMAP
0000
0000
0000
0000
0000
0000
0000
0000
0000
0000
0738
077C
03DC
038C
030C
0618
0618
0618
0618
0C30
0C30
0C38
0C18
0C00
1800
D800
F000
6000
0000
0000
ENDCHAR
STARTCHAR LtSmlNLhook
ENCODING 627
SWIDTH 467 0
DWIDTH 14 0
BBX 14 30 0 -7
BITMAP
0000
0000
0000
0000
0000
0000
0000
0000
0000
0000
39C0
3BE0
1E70
1C30
1830
3060
3060
3060
3060
30C0
60C0
60C0
60C0
0180
0180
01B0
01F0
00E0
0000
0000
ENDCHAR
STARTCHAR LtSmlNSmc
ENCODING 628
SWIDTH 467 0
DWIDTH 14 0
BBX 14 30 0 -7
BITMAP
0000
0000
0000
0000
0000
0000
0000
0000
0000
0000
1818
1C18
1C18
1E18
3630
3330
3330
31B0
31F0
60E0
60E0
6060
6060
0000
0000
0000
0000
0000
0000
0000
ENDCHAR
STARTCHAR LtSmlOStrokeH
ENCODING 629
SWIDTH 467 0
DWIDTH 14 0
BBX 14 30 0 -7
BITMAP
0000
0000
0000
0000
0000
0000
0000
0000
0000
0000
03C0
07E0
0E70
1C30
1830
3FF0
3FF0
3030
3060
30E0
39C0
1F80
0F00
0000
0000
0000
0000
0000
0000
0000
ENDCHAR
STARTCHAR LtSmlOESmc
ENCODING 630
SWIDTH 467 0
DWIDTH 14 0
BBX 14 30 0 -7
BITMAP
0000
0000
0000
0000
0000
0000
0000
0000
0000
0000
07FC
1FFC
18C0
30C0
3180
31F0
61F0
6180
6300
6300
6300
7FF0
3FF0
0000
0000
0000
0000
0000
0000
0000
ENDCHAR
STARTCHAR LtSmlOmeClsd
ENCODING 631
SWIDTH 467 0
DWIDTH 14 0
BBX 14 30 0 -7
BITMAP
0000
0000
0000
0000
0000
0000
0000
0000
0000
03E0
0FF0
1C30
1818
3018
3018
6018
6318
6318
6318
6730
6F30
79E0
30C0
0000
0000
0000
0000
0000
0000
0000
ENDCHAR
STARTCHAR LtSmlPhi
ENCODING 632
SWIDTH 467 0
DWIDTH 14 0
BBX 14 30 0 -7
BITMAP
0000
0000
0000
0000
0000
00C0
00C0
00C0
0180
0180
07E0
1FF0
1DB8
3198
3318
6318
6318
6318
6330
6630
76E0
3FE0
1F80
0600
0600
0C00
0C00
0C00
0000
0000
ENDCHAR
STARTCHAR LtSmlRTrnd
ENCODING 633
SWIDTH 467 0
DWIDTH 14 0
BBX 14 30 0 -7
BITMAP
0000
0000
0000
0000
0000
0000
0000
0000
0000
0000
0030
0030
0030
0060
0060
0060
0060
0060
00C0
61C0
73C0
7EF0
3CF0
0000
0000
0000
0000
0000
0000
0000
ENDCHAR
STARTCHAR LtSmlRTrndLongleg
ENCODING 634
SWIDTH 467 0
DWIDTH 14 0
BBX 14 30 0 -7
BITMAP
0000
0000
0000
0000
0000
0018
0018
0018
0018
0030
0030
0030
0030
0060
0060
0060
0060
00C0
00C0
61C0
73C0
7EF0
3CF0
0000
0000
0000
0000
0000
0000
0000
ENDCHAR
STARTCHAR LtSmlRTrndLhook
ENCODING 635
SWIDTH 467 0
DWIDTH 14 0
BBX 14 30 0 -7
BITMAP
0000
0000
0000
0000
0000
0000
0000
0000
0000
0000
0030
0030
0030
0060
0060
0060
0060
0060
00C0
61C0
73C0
7EC0
3CC0
0180
0180
0198
01F8
00F0
0000
0000
ENDCHAR
STARTCHAR LtSmlRLongleg
ENCODING 636
SWIDTH 467 0
DWIDTH 14 0
BBX 14 30 0 -7
BITMAP
0000
0000
0000
0000
0000
0000
0000
0000
0000
0000
3CF0
3DF8
0F38
0E18
0C00
0C00
1800
1800
1800
1800
3000
3000
3000
3000
6000
6000
6000
6000
0000
0000
ENDCHAR
STARTCHAR LtSmlRLhook
ENCODING 637
SWIDTH 467 0
DWIDTH 14 0
BBX 14 30 0 -7
BITMAP
0000
0000
0000
0000
0000
0000
0000
0000
0000
0000
3CF0
3DF8
0F38
0E18
0C00
1800
1800
1800
1800
3000
3000
3000
3000
6000
6600
6600
7C00
3800
0000
0000
ENDCHAR
STARTCHAR LtSmlRFish
ENCODING 638
SWIDTH 467 0
DWIDTH 14 0
BBX 14 30 0 -7
BITMAP
0000
0000
0000
0000
0000
0000
0000
0000
0000
0000
03F0
07F8
0E38
1C18
1800
3000
3000
3000
3000
3000
6000
6000
6000
0000
0000
0000
0000
0000
0000
0000
ENDCHAR
STARTCHAR LtSmlRFishRev
ENCODING 639
SWIDTH 467 0
DWIDTH 14 0
BBX 14 30 0 -7
BITMAP
0000
0000
0000
0000
0000
0000
0000
0000
0000
0000
07E0
0FF0
1C38
1818
0018
0030
0030
0030
0030
0060
0060
0060
0060
0000
0000
0000
0000
0000
0000
0000
ENDCHAR
STARTCHAR LtSmlRSmc
ENCODING 640
SWIDTH 467 0
DWIDTH 14 0
BBX 14 30 0 -7
BITMAP
0000
0000
0000
0000
0000
0000
0000
0000
0000
0000
1FE0
1FF0
1830
1830
3060
3FC0
3F80
3300
3380
6180
61C0
60C0
60E0
0000
0000
0000
0000
0000
0000
0000
ENDCHAR
STARTCHAR LtSmlRSmcInv
ENCODING 641
SWIDTH 467 0
DWIDTH 14 0
BBX 14 30 0 -7
BITMAP
0000
0000
0000
0000
0000
0000
0000
0000
0000
0000
1838
1870
18E0
18C0
3180
3380
3FC0
3FE0
3060
6060
60E0
7FC0
7F80
0000
0000
0000
0000
0000
0000
0000
ENDCHAR
STARTCHAR LtSmlSLhook
ENCODING 642
SWIDTH 467 0
DWIDTH 14 0
BBX 14 30 0 -7
BITMAP
0000
0000
0000
0000
0000
0000
0000
0000
0000
0000
07E0
0FF0
1C30
1830
1C00
0E00
0780
01C0
00E0
6060
60E0
7FC0
FF80
C000
C000
CC00
FC00
7800
0000
0000
ENDCHAR
STARTCHAR LtSmlEsh
ENCODING 643
SWIDTH 467 0
DWIDTH 14 0
BBX 14 30 0 -7
BITMAP
0000
0000
0000
0000
0000
003C
007C
00EC
00C0
0180
0180
0180
0180
0300
0300
0300
0300
0300
0300
0300
0600
0600
0600
0600
0C00
DC00
F800
F000
0000
0000
ENDCHAR
STARTCHAR LtSmlFTrndHook
ENCODING 644
SWIDTH 467 0
DWIDTH 14 0
BBX 14 30 0 -7
BITMAP
0000
0000
0000
0000
0000
003C
007C
00EC
00C0
0180
0180
0180
0180
0300
0300
0300
0300
0300
0300
3FE0
3FE0
0600
0600
0600
0C00
DC00
F800
F000
0000
0000
ENDCHAR
STARTCHAR LtSmlEshSmlRev
ENCODING 645
SWIDTH 467 0
DWIDTH 14 0
BBX 14 30 0 -7
BITMAP
0000
0000
0000
0000
0000
0000
0000
0000
0000
0000
1E00
3F00
3380
0180
0180
0300
0300
0300
0600
0600
0730
03F0
01E0
0000
0000
0000
0000
0000
0000
0000
ENDCHAR
STARTCHAR LtSmlEshCurl
ENCODING 646
SWIDTH 467 0
DWIDTH 14 0
BBX 14 30 0 -7
BITMAP
0000
0000
0000
0000
0000
003C
007C
00EC
00C0
0180
0180
0180
0180
0300
0300
0300
0300
0300
0300
0300
0600
1FC0
3FC0
6600
CC00
DC00
F800
7000
0000
0000
ENDCHAR
STARTCHAR LtSmlTTrnd
ENCODING 647
SWIDTH 467 0
DWIDTH 14 0
BBX 14 30 0 -7
BITMAP
0000
0000
0000
0000
0000
0000
0000
0000
0000
0000
0F00
1F80
19C0
00C0
00C0
0180
0180
0180
0300
0300
0300
7FE0
7FE0
0600
0600
0600
0400
0000
0000
0000
ENDCHAR
STARTCHAR LtSmlTLhook
ENCODING 648
SWIDTH 467 0
DWIDTH 14 0
BBX 14 30 0 -7
BITMAP
0000
0000
0000
0000
0000
0000
0100
0300
0300
0300
1FF0
1FF0
0600
0600
0600
0C00
0C00
0C00
0C00
1800
1800
1800
1800
3000
3000
3980
1F80
0F00
0000
0000
ENDCHAR
STARTCHAR LtSmlUStroke
ENCODING 649
SWIDTH 467 0
DWIDTH 14 0
BBX 14 30 0 -7
BITMAP
0000
0000
0000
0000
0000
0000
0000
0000
0000
0000
1C18
1C18
0C18
1818
3FFC
3FFC
1830
3060
3060
30E0
39E0
1F70
0E30
0000
0000
0000
0000
0000
0000
0000
ENDCHAR
STARTCHAR LtSmlUps
ENCODING 650
SWIDTH 467 0
DWIDTH 14 0
BBX 14 30 0 -7
BITMAP
0000
0000
0000
0000
0000
0000
0000
0000
0000
0000
1E78
1E78
0E60
1C70
3830
3030
3030
3030
3030
3070
38E0
1FC0
0F80
0000
0000
0000
0000
0000
0000
0000
ENDCHAR
STARTCHAR LtSmlVHook
ENCODING 651
SWIDTH 467 0
DWIDTH 14 0
BBX 14 30 0 -7
BITMAP
0000
0000
0000
0000
0000
0000
0000
0000
0000
0000
18C0
18E0
1870
1830
3030
3030
3030
3030
6060
60E0
71C0
3F80
1E00
0000
0000
0000
0000
0000
0000
0000
ENDCHAR
STARTCHAR LtSmlVTrnd
ENCODING 652
SWIDTH 467 0
DWIDTH 14 0
BBX 14 30 0 -7
BITMAP
0000
0000
0000
0000
0000
0000
0000
0000
0000
0000
0180
0180
0380
03C0
06C0
06C0
0CC0
0CC0
1860
3060
3060
6070
6030
0000
0000
0000
0000
0000
0000
0000
ENDCHAR
STARTCHAR LtSmlWTrnd
ENCODING 653
SWIDTH 467 0
DWIDTH 14 0
BBX 14 30 0 -7
BITMAP
0000
0000
0000
0000
0000
0000
0000
0000
0000
0000
0618
0618
0638
0E78
0E78
1BD8
1B98
3398
3318
6318
6018
C01C
C00C
0000
0000
0000
0000
0000
0000
0000
ENDCHAR
STARTCHAR LtSmlYTrnd
ENCODING 654
SWIDTH 467 0
DWIDTH 14 0
BBX 14 30 0 -7
BITMAP
0000
0000
0000
0000
0000
003C
007C
00CC
00C0
0180
0180
0380
0380
0780
0680
0CC0
0CC0
18C0
18C0
3060
3060
6060
6060
0000
0000
0000
0000
0000
0000
0000
ENDCHAR
STARTCHAR LtSmlYSmc
ENCODING 655
SWIDTH 467 0
DWIDTH 14 0
BBX 14 30 0 -7
BITMAP
0000
0000
0000
0000
0000
0000
0000
0000
0000
0000
1818
1838
0C30
0C60
0CE0
07C0
0780
0300
0300
0300
0600
0600
0600
0000
0000
0000
0000
0000
0000
0000
ENDCHAR
STARTCHAR LtSmlZLhook
ENCODING 656
SWIDTH 467 0
DWIDTH 14 0
BBX 14 30 0 -7
BITMAP
0000
0000
0000
0000
0000
0000
0000
0000
0000
0000
0FF8
1FF8
1830
0060
00C0
0180
0300
0600
0C00
1800
3C30
7E70
63E0
01C0
0180
0198
01F8
00F0
0000
0000
ENDCHAR
STARTCHAR LtSmlZCurl
ENCODING 657
SWIDTH 467 0
DWIDTH 14 0
BBX 14 30 0 -7
BITMAP
0000
0000
0000
0000
0000
0000
0000
0000
0000
0000
0FF8
1FF8
1830
0060
00C0
0180
0300
0630
0C78
18C8
3CD8
7EF0
63E0
01C0
0180
0000
0000
0000
0000
0000
ENDCHAR
STARTCHAR LtSmlEzh
ENCODING 658
SWIDTH 467 0
DWIDTH 14 0
BBX 14 30 0 -7
BITMAP
0000
0000
0000
0000
0000
0000
0000
0000
0000
0000
0FF8
1FF8
1830
0060
00C0
0180
0300
0780
07C0
00E0
0060
0060
0060
00C0
00C0
C1C0
FF80
7E00
0000
0000
ENDCHAR
STARTCHAR LtSmlEzhCurl
ENCODING 659
SWIDTH 467 0
DWIDTH 14 0
BBX 14 30 0 -7
BITMAP
0000
0000
0000
0000
0000
0000
0000
0000
0000
0000
0FF8
1FF8
1830
0060
00C0
0180
0300
0780
07C0
00E0
0060
0060
1C60
7EC0
E3C0
C1C0
FFC0
7F60
0000
0000
ENDCHAR
STARTCHAR LtSmlGlot
ENCODING 660
SWIDTH 467 0
DWIDTH 14 0
BBX 14 30 0 -7
BITMAP
0000
0000
0000
0000
0000
03F0
07F8
0E1C
0C0C
0C0C
000C
001C
0038
00F0
01C0
0180
0300
0300
0300
0600
0600
0600
0600
0000
0000
0000
0000
0000
0000
0000
ENDCHAR
STARTCHAR LtSmlAin
ENCODING 661
SWIDTH 467 0
DWIDTH 14 0
BBX 14 30 0 -7
BITMAP
0000
0000
0000
0000
0000
03F0
07F8
0E18
1C18
1818
1800
1800
1800
1C00
0E00
0700
0300
0300
0300
0300
0600
0600
0600
0000
0000
0000
0000
0000
0000
0000
ENDCHAR
STARTCHAR LtSmlGlotInv
ENCODING 662
SWIDTH 467 0
DWIDTH 14 0
BBX 14 30 0 -7
BITMAP
0000
0000
0000
0000
0000
00C0
00C0
00C0
0180
0180
0180
0180
01C0
00E0
0070
0030
0030
0030
3030
3070
30E0
3FC0
1F80
0000
0000
0000
0000
0000
0000
0000
ENDCHAR
STARTCHAR LtSmlCStretch
ENCODING 663
SWIDTH 467 0
DWIDTH 14 0
BBX 14 30 0 -7
BITMAP
0000
0000
0000
0000
0000
0000
0000
0000
0000
0000
01E0
07F0
0E30
1810
1800
3000
3000
3000
3000
3000
6000
6000
6000
6000
60C0
71C0
3F80
1E00
0000
0000
ENDCHAR
STARTCHAR LtSmlBullseye
ENCODING 664
SWIDTH 467 0
DWIDTH 14 0
BBX 14 30 0 -7
BITMAP
0000
0000
0000
0000
0000
0000
0000
0000
0000
0000
03E0
0FF0
1C30
3018
3398
6798
6798
6798
6730
6030
30E0
3FC0
1F00
0000
0000
0000
0000
0000
0000
0000
ENDCHAR
STARTCHAR LtSmlBSmc
ENCODING 665
SWIDTH 467 0
DWIDTH 14 0
BBX 14 30 0 -7
BITMAP
0000
0000
0000
0000
0000
0000
0000
0000
0000
0000
1FE0
1FF0
1830
1830
3060
3FC0
3FC0
3060
3060
6060
60E0
7FC0
7F80
0000
0000
0000
0000
0000
0000
0000
ENDCHAR
STARTCHAR LtSmlEpsClsd
ENCODING 666
SWIDTH 467 0
DWIDTH 14 0
BBX 14 30 0 -7
BITMAP
0000
0000
0000
0000
0000
0000
0000
0000
0000
0000
07E0
0FF0
1C38
1818
1818
0E18
3E18
3018
6030
6070
60E0
7FC0
3F00
0000
0000
0000
0000
0000
0000
0000
ENDCHAR
STARTCHAR LtSmlGSmcHook
ENCODING 667
SWIDTH 467 0
DWIDTH 14 0
BBX 14 30 0 -7
BITMAP
0000
0000
0000
0000
0000
0000
003C
007C
0064
0060
01F0
07F8
0E18
1C00
1800
31F0
31F0
3030
3030
3060
3860
1FE0
0FE0
0000
0000
0000
0000
0000
0000
0000
ENDCHAR
STARTCHAR LtSmlHSmc
ENCODING 668
SWIDTH 467 0
DWIDTH 14 0
BBX 14 30 0 -7
BITMAP
0000
0000
0000
0000
0000
0000
0000
0000
0000
0000
1818
1818
1818
1818
3030
3FF0
3FF0
3030
3030
6060
6060
6060
6060
0000
0000
0000
0000
0000
0000
0000
ENDCHAR
STARTCHAR LtSmlJCurl
ENCODING 669
SWIDTH 467 0
DWIDTH 14 0
BBX 14 30 0 -7
BITMAP
0000
0000
0000
0000
0000
0060
0060
0060
0000
0000
07C0
07C0
00C0
00C0
00C0
0180
0180
0180
0180
0180
0300
0FC0
3FC0
7300
E700
CE00
FC00
7800
0000
0000
ENDCHAR
STARTCHAR LtSmlKTrnd
ENCODING 670
SWIDTH 467 0
DWIDTH 14 0
BBX 14 30 0 -7
BITMAP
0000
0000
0000
0000
0000
0000
0000
0000
0000
0000
3818
3C18
0C18
0C30
0630
07F0
0FF0
1830
3060
3060
38E0
1FE0
0E60
00C0
00C0
00C0
00E0
00E0
0000
0000
ENDCHAR
STARTCHAR LtSmlLSmc
ENCODING 671
SWIDTH 467 0
DWIDTH 14 0
BBX 14 30 0 -7
BITMAP
0000
0000
0000
0000
0000
0000
0000
0000
0000
0000
1800
1800
1800
1800
1800
3000
3000
3000
3000
6000
6000
7FE0
7FE0
0000
0000
0000
0000
0000
0000
0000
ENDCHAR
STARTCHAR LtSmlQHook
ENCODING 672
SWIDTH 467 0
DWIDTH 14 0
BBX 14 30 0 -7
BITMAP
0000
0000
0000
0000
0000
001C
003C
0034
0030
0060
0260
0F60
1DE0
38E0
30C0
60C0
60C0
60C0
6180
6380
7780
3D80
1980
0300
0300
0300
0300
0300
0000
0000
ENDCHAR
STARTCHAR LtSmlGlotStroke
ENCODING 673
SWIDTH 467 0
DWIDTH 14 0
BBX 14 30 0 -7
BITMAP
0000
0000
0000
0000
0000
03F0
07F8
0E1C
0C0C
0C0C
000C
001C
0038
00F0
01C0
0180
0FC0
0FC0
0300
0600
0600
0600
0600
0000
0000
0000
0000
0000
0000
0000
ENDCHAR
STARTCHAR LtSmlAinStroke
ENCODING 674
SWIDTH 467 0
DWIDTH 14 0
BBX 14 30 0 -7
BITMAP
0000
0000
0000
0000
0000
03F0
07F8
0E18
1C18
1818
1800
1800
1800
1C00
0E00
0700
1FC0
1FC0
0300
0300
0600
0600
0600
0000
0000
0000
0000
0000
0000
0000
ENDCHAR
STARTCHAR LtSmlDZIpa
ENCODING 675
SWIDTH 467 0
DWIDTH 14 0
BBX 14 30 0 -7
BITMAP
0000
0000
0000
0000
0000
0180
0180
0180
0180
0300
1B7C
3F7C
370C
6618
6618
6630
C670
CC60
CCC0
CCC0
DD80
FDD8
6DF8
0030
0000
0000
0000
0000
0000
0000
ENDCHAR
STARTCHAR LtSmlDEzh
ENCODING 676
SWIDTH 467 0
DWIDTH 14 0
BBX 14 30 0 -7
BITMAP
0000
0000
0000
0000
0000
0180
0180
0180
0180
0300
1B7C
3F7C
3718
6618
6630
6660
C660
CCE0
CCF0
CC30
DC30
FC30
6C30
0030
0060
18E0
1FC0
0F80
0000
0000
ENDCHAR
STARTCHAR LtSmlDZCurl
ENCODING 677
SWIDTH 467 0
DWIDTH 14 0
BBX 14 30 0 -7
BITMAP
0000
0000
0000
0000
0000
0180
0180
0180
0180
0300
1B7C
3F7C
370C
6618
6618
6630
C670
CC60
CCC0
CCD0
DDB8
FDC8
6DF8
00B0
0080
0000
0000
0000
0000
0000
ENDCHAR
STARTCHAR LtSmlTS
ENCODING 678
SWIDTH 467 0
DWIDTH 14 0
BBX 14 30 0 -7
BITMAP
0000
0000
0000
0000
0000
0000
0800
1800
1800
1800
FC70
FCF8
31D8
3198
3180
6180
60C0
6060
C060
C660
E6E0
7FC0
3B80
0000
0000
0000
0000
0000
0000
0000
ENDCHAR
STARTCHAR LtSmlTEsh
ENCODING 679
SWIDTH 467 0
DWIDTH 14 0
BBX 14 30 0 -7
BITMAP
0000
0000
0000
0000
0000
001C
083C
186C
1860
1860
FCC0
FCC0
30C0
30C0
3180
6180
6180
6180
C180
CB00
FB00
7B00
3300
0600
0600
3600
3C00
3800
0000
0000
ENDCHAR
STARTCHAR LtSmlTCCurl
ENCODING 680
SWIDTH 467 0
DWIDTH 14 0
BBX 14 30 0 -7
BITMAP
0000
0000
0000
0000
0000
0000
0400
0C00
0C00
0C00
7E18
7E3C
187C
1864
18C0
30C0
3190
31B8
61A8
61A8
73B8
3FF8
1CF0
0020
0000
0000
0000
0000
0000
0000
ENDCHAR
STARTCHAR LtSmlFEng
ENCODING 681
SWIDTH 467 0
DWIDTH 14 0
BBX 14 30 0 -7
BITMAP
0000
0000
0000
0000
0000
03C0
07C0
0EC0
0C00
1800
19D8
19FC
7CEC
7CCC
198C
318C
3198
3198
3198
3318
6318
6318
6330
6030
6030
C130
C1F0
C1E0
0000
0000
ENDCHAR
STARTCHAR LtSmlLS
ENCODING 682
SWIDTH 467 0
DWIDTH 14 0
BBX 14 30 0 -7
BITMAP
0000
0000
0000
0000
0000
1E00
1E00
0600
0C00
0C00
0C78
0CFC
19CC
198C
1980
30C0
3060
3030
3018
6618
6638
7FF0
3BE0
0000
0000
0000
0000
0000
0000
0000
ENDCHAR
STARTCHAR LtSmlLZ
ENCODING 683
SWIDTH 467 0
DWIDTH 14 0
BBX 14 30 0 -7
BITMAP
0000
0000
0000
0000
0000
1E00
1E00
0600
0C00
0C00
0DFC
0FFC
180C
1818
1830
3060
30C0
3180
3300
6600
6F08
7F98
39F8
00F0
0000
0000
0000
0000
0000
0000
ENDCHAR
STARTCHAR LtSmlW2
ENCODING 684
SWIDTH 467 0
DWIDTH 14 0
BBX 14 30 0 -7
BITMAP
0000
0000
0000
0000
0000
188C
188C
198C
19D8
0BD8
0E78
0C30
0C30
0000
0000
6230
6230
6630
6760
2F60
39E0
30C0
30C0
0000
0000
0000
0000
0000
0000
0000
ENDCHAR
STARTCHAR LtSmlBridge2
ENCODING 685
SWIDTH 467 0
DWIDTH 14 0
BBX 14 30 0 -7
BITMAP
0000
0000
0000
0000
0000
0FFC
0FFC
0C0C
0C0C
1818
1818
1818
1818
0000
0000
3FF0
3FF0
3030
3030
6060
6060
6060
6060
0000
0000
0000
0000
0000
0000
0000
ENDCHAR
STARTCHAR LtSmlHTrndHook
ENCODING 686
SWIDTH 467 0
DWIDTH 14 0
BBX 14 30 0 -7
BITMAP
0000
0000
0000
0000
0000
0000
0000
0000
0000
0000
380C
7C0C
6E0C
0618
0C18
0C18
0C18
0C18
1830
1870
1CF0
0FB0
0730
0060
0060
0060
0070
0070
0000
0000
ENDCHAR
STARTCHAR LtSmlHTrndHookLhook
ENCODING 687
SWIDTH 467 0
DWIDTH 14 0
BBX 14 30 0 -7
BITMAP
0000
0000
0000
0000
0000
0000
0000
0000
0000
0000
380C
7C0C
6E0C
0618
0C18
0C18
0C18
0C18
1830
1870
1CF0
0FB0
0730
0060
0060
006C
007C
0038
0000
0000
ENDCHAR
STARTCHAR SupSmlH
ENCODING 688
SWIDTH 467 0
DWIDTH 14 0
BBX 14 30 0 -7
BITMAP
0000
0000
0300
0300
0300
0370
06F8
0718
0618
0630
0C30
0C60
0C78
0C38
0000
0000
0000
0000
0000
0000
0000
0000
0000
0000
0000
0000
0000
0000
0000
0000
ENDCHAR
STARTCHAR SupSmlHHook
ENCODING 689
SWIDTH 467 0
DWIDTH 14 0
BBX 14 30 0 -7
BITMAP
0000
0000
01F8
03F8
0300
0300
06F0
07F8
0718
0630
0C30
0C60
0C78
0C38
0000
0000
0000
0000
0000
0000
0000
0000
0000
0000
0000
0000
0000
0000
0000
0000
ENDCHAR
STARTCHAR SupSmlJ
ENCODING 690
SWIDTH 467 0
DWIDTH 14 0
BBX 14 30 0 -7
BITMAP
0000
0000
0030
0030
0000
01E0
01E0
0060
0060
0060
00C0
00C0
00C0
00C0
0D80
0F80
0E00
0000
0000
0000
0000
0000
0000
0000
0000
0000
0000
0000
0000
0000
ENDCHAR
STARTCHAR SupSmlR
ENCODING 691
SWIDTH 467 0
DWIDTH 14 0
BBX 14 30 0 -7
BITMAP
0000
0000
0000
0000
0000
0EF0
0FF8
0718
0600
0600
0C00
0C00
0C00
0C00
0000
0000
0000
0000
0000
0000
0000
0000
0000
0000
0000
0000
0000
0000
0000
0000
ENDCHAR
STARTCHAR SupSmlRTrnd
ENCODING 692
SWIDTH 467 0
DWIDTH 14 0
BBX 14 30 0 -7
BITMAP
0000
0000
0000
0000
0000
0018
0018
0018
0018
0030
0030
0C70
0FF0
07B0
0000
0000
0000
0000
0000
0000
0000
0000
0000
0000
0000
0000
0000
0000
0000
0000
ENDCHAR
STARTCHAR SupSmlRTrndLhook
ENCODING 693
SWIDTH 467 0
DWIDTH 14 0
BBX 14 30 0 -7
BITMAP
0000
0000
0000
0000
0000
0018
0018
0018
0018
0030
0030
0C70
0FF0
07B0
0030
0038
0038
0000
0000
0000
0000
0000
0000
0000
0000
0000
0000
0000
0000
0000
ENDCHAR
STARTCHAR SupSmlRSmcInv
ENCODING 694
SWIDTH 467 0
DWIDTH 14 0
BBX 14 30 0 -7
BITMAP
0000
0000
0000
0000
0000
0638
0670
06E0
06C0
07F0
0FF0
0C30
0FF0
0FE0
0000
0000
0000
0000
0000
0000
0000
0000
0000
0000
0000
0000
0000
0000
0000
0000
ENDCHAR
STARTCHAR SupSmlW
ENCODING 695
SWIDTH 467 0
DWIDTH 14 0
BBX 14 30 0 -7
BITMAP
0000
0000
0000
0000
0000
0C1C
0C0C
0CCC
0CCC
0CCC
0FF8
07F0
0660
0660
0000
0000
0000
0000
0000
0000
0000
0000
0000
0000
0000
0000
0000
0000
0000
0000
ENDCHAR
STARTCHAR SupSmlY
ENCODING 696
SWIDTH 467 0
DWIDTH 14 0
BBX 14 30 0 -7
BITMAP
0000
0000
0000
0000
0000
0618
0618
0618
0618
0C30
0C30
0FF0
07B0
0030
0060
0FE0
0FC0
0000
0000
0000
0000
0000
0000
0000
0000
0000
0000
0000
0000
0000
ENDCHAR
STARTCHAR AccPrime
ENCODING 697
SWIDTH 467 0
DWIDTH 14 0
BBX 14 30 0 -7
BITMAP
0000
0000
0000
0000
0060
00E0
00C0
0180
0300
0200
0000
0000
0000
0000
0000
0000
0000
0000
0000
0000
0000
0000
0000
0000
0000
0000
0000
0000
0000
0000
ENDCHAR
STARTCHAR AccPrime2
ENCODING 698
SWIDTH 467 0
DWIDTH 14 0
BBX 14 30 0 -7
BITMAP
0000
0000
0000
0000
0198
03B8
0330
0660
0CC0
0880
0000
0000
0000
0000
0000
0000
0000
0000
0000
0000
0000
0000
0000
0000
0000
0000
0000
0000
0000
0000
ENDCHAR
STARTCHAR AccQuoteL
ENCODING 699
SWIDTH 467 0
DWIDTH 14 0
BBX 14 30 0 -7
BITMAP
0000
0000
0000
0000
0060
00E0
01C0
0180
03C0
03C0
0180
0000
0000
0000
0000
0000
0000
0000
0000
0000
0000
0000
0000
0000
0000
0000
0000
0000
0000
0000
ENDCHAR
STARTCHAR AccQuoteR
ENCODING 700
SWIDTH 467 0
DWIDTH 14 0
BBX 14 30 0 -7
BITMAP
0000
0000
0000
0000
00C0
01E0
01E0
00C0
01C0
0380
0300
0000
0000
0000
0000
0000
0000
0000
0000
0000
0000
0000
0000
0000
0000
0000
0000
0000
0000
0000
ENDCHAR
STARTCHAR AccQuoteHe
ENCODING 701
SWIDTH 467 0
DWIDTH 14 0
BBX 14 30 0 -7
BITMAP
0000
0000
0000
0000
0060
00F0
01F0
01C0
0180
0180
0180
0000
0000
0000
0000
0000
0000
0000
0000
0000
0000
0000
0000
0000
0000
0000
0000
0000
0000
0000
ENDCHAR
STARTCHAR AccRingHalfR
ENCODING 702
SWIDTH 467 0
DWIDTH 14 0
BBX 14 30 0 -7
BITMAP
0000
0000
0000
00C0
00E0
0030
0030
0070
01E0
01C0
0000
0000
0000
0000
0000
0000
0000
0000
0000
0000
0000
0000
0000
0000
0000
0000
0000
0000
0000
0000
ENDCHAR
STARTCHAR AccRingHalfL
ENCODING 703
SWIDTH 467 0
DWIDTH 14 0
BBX 14 30 0 -7
BITMAP
0000
0000
0000
00E0
01E0
0380
0300
0300
01C0
00C0
0000
0000
0000
0000
0000
0000
0000
0000
0000
0000
0000
0000
0000
0000
0000
0000
0000
0000
0000
0000
ENDCHAR
STARTCHAR AccGlot
ENCODING 704
SWIDTH 467 0
DWIDTH 14 0
BBX 14 30 0 -7
BITMAP
0000
0000
0000
0000
03F0
07F8
0618
0618
0070
00E0
01C0
0180
0180
0000
0000
0000
0000
0000
0000
0000
0000
0000
0000
0000
0000
0000
0000
0000
0000
0000
ENDCHAR
STARTCHAR AccAin
ENCODING 705
SWIDTH 467 0
DWIDTH 14 0
BBX 14 30 0 -7
BITMAP
0000
0000
0000
0000
03F0
07F8
0618
0618
0700
0380
0180
0180
0180
0000
0000
0000
0000
0000
0000
0000
0000
0000
0000
0000
0000
0000
0000
0000
0000
0000
ENDCHAR
STARTCHAR AccArrowheadl
ENCODING 706
SWIDTH 467 0
DWIDTH 14 0
BBX 14 30 0 -7
BITMAP
0000
0000
0000
0000
0018
0078
01E0
0780
0E00
07C0
01F0
0070
0000
0000
0000
0000
0000
0000
0000
0000
0000
0000
0000
0000
0000
0000
0000
0000
0000
0000
ENDCHAR
STARTCHAR AccArrowheadr
ENCODING 707
SWIDTH 467 0
DWIDTH 14 0
BBX 14 30 0 -7
BITMAP
0000
0000
0000
0000
0700
07C0
01F0
0038
00F0
03C0
0F00
0C00
0000
0000
0000
0000
0000
0000
0000
0000
0000
0000
0000
0000
0000
0000
0000
0000
0000
0000
ENDCHAR
STARTCHAR AccArrowheadu
ENCODING 708
SWIDTH 467 0
DWIDTH 14 0
BBX 14 30 0 -7
BITMAP
0000
0000
0000
0000
0060
0060
00E0
01E0
0330
0730
0E30
0C30
0000
0000
0000
0000
0000
0000
0000
0000
0000
0000
0000
0000
0000
0000
0000
0000
0000
0000
ENDCHAR
STARTCHAR AccArrowheadd
ENCODING 709
SWIDTH 467 0
DWIDTH 14 0
BBX 14 30 0 -7
BITMAP
0000
0000
0000
0000
0618
0638
0670
0660
03C0
0380
0300
0300
0000
0000
0000
0000
0000
0000
0000
0000
0000
0000
0000
0000
0000
0000
0000
0000
0000
0000
ENDCHAR
STARTCHAR AccCircum
ENCODING 710
SWIDTH 467 0
DWIDTH 14 0
BBX 14 30 0 -7
BITMAP
0000
0000
0000
0000
00C0
01E0
03F0
0738
0618
0000
0000
0000
0000
0000
0000
0000
0000
0000
0000
0000
0000
0000
0000
0000
0000
0000
0000
0000
0000
0000
ENDCHAR
STARTCHAR AccCaron
ENCODING 711
SWIDTH 467 0
DWIDTH 14 0
BBX 14 30 0 -7
BITMAP
0000
0000
0000
0000
0618
0738
03F0
01E0
00C0
0000
0000
0000
0000
0000
0000
0000
0000
0000
0000
0000
0000
0000
0000
0000
0000
0000
0000
0000
0000
0000
ENDCHAR
STARTCHAR AccStress
ENCODING 712
SWIDTH 467 0
DWIDTH 14 0
BBX 14 30 0 -7
BITMAP
0000
0000
0000
00C0
00C0
00C0
00C0
0180
0180
0180
0000
0000
0000
0000
0000
0000
0000
0000
0000
0000
0000
0000
0000
0000
0000
0000
0000
0000
0000
0000
ENDCHAR
STARTCHAR AccMacron
ENCODING 713
SWIDTH 467 0
DWIDTH 14 0
BBX 14 30 0 -7
BITMAP
0000
0000
0000
0000
0000
07F8
07F8
0000
0000
0000
0000
0000
0000
0000
0000
0000
0000
0000
0000
0000
0000
0000
0000
0000
0000
0000
0000
0000
0000
0000
ENDCHAR
STARTCHAR AccAcuteSml
ENCODING 714
SWIDTH 467 0
DWIDTH 14 0
BBX 14 30 0 -7
BITMAP
0000
0000
0000
0038
0070
00E0
00C0
0180
0100
0000
0000
0000
0000
0000
0000
0000
0000
0000
0000
0000
0000
0000
0000
0000
0000
0000
0000
0000
0000
0000
ENDCHAR
STARTCHAR AccGrave
ENCODING 715
SWIDTH 467 0
DWIDTH 14 0
BBX 14 30 0 -7
BITMAP
0000
0000
0000
01C0
01C0
00C0
0060
0060
0020
0000
0000
0000
0000
0000
0000
0000
0000
0000
0000
0000
0000
0000
0000
0000
0000
0000
0000
0000
0000
0000
ENDCHAR
STARTCHAR AccLvline
ENCODING 716
SWIDTH 467 0
DWIDTH 14 0
BBX 14 30 0 -7
BITMAP
0000
0000
0000
0000
0000
0000
0000
0000
0000
0000
0000
0000
0000
0000
0000
0000
0000
0000
0000
0000
0000
0600
0600
0600
0600
0C00
0C00
0C00
0000
0000
ENDCHAR
STARTCHAR AccLmacron
ENCODING 717
SWIDTH 467 0
DWIDTH 14 0
BBX 14 30 0 -7
BITMAP
0000
0000
0000
0000
0000
0000
0000
0000
0000
0000
0000
0000
0000
0000
0000
0000
0000
0000
0000
0000
0000
0000
0000
0000
3FC0
3FC0
0000
0000
0000
0000
ENDCHAR
STARTCHAR AccLgrave
ENCODING 718
SWIDTH 467 0
DWIDTH 14 0
BBX 14 30 0 -7
BITMAP
0000
0000
0000
0000
0000
0000
0000
0000
0000
0000
0000
0000
0000
0000
0000
0000
0000
0000
0000
0000
0000
0000
0E00
0E00
0600
0300
0300
0100
0000
0000
ENDCHAR
STARTCHAR AccLacute
ENCODING 719
SWIDTH 467 0
DWIDTH 14 0
BBX 14 30 0 -7
BITMAP
0000
0000
0000
0000
0000
0000
0000
0000
0000
0000
0000
0000
0000
0000
0000
0000
0000
0000
0000
0000
0000
0000
0380
0700
0E00
0C00
1800
1000
0000
0000
ENDCHAR
STARTCHAR PColonTrng
ENCODING 720
SWIDTH 467 0
DWIDTH 14 0
BBX 14 30 0 -7
BITMAP
0000
0000
0000
0000
0000
0000
0000
0000
0000
0000
0000
0000
0780
0780
0300
0300
0000
0000
0000
0600
0600
0F00
0F00
0000
0000
0000
0000
0000
0000
0000
ENDCHAR
STARTCHAR PColonTrngHalf
ENCODING 721
SWIDTH 467 0
DWIDTH 14 0
BBX 14 30 0 -7
BITMAP
0000
0000
0000
0000
0000
0000
0000
0000
0000
0000
0000
0000
0000
0780
0780
0300
0300
0000
0000
0000
0000
0000
0000
0000
0000
0000
0000
0000
0000
0000
ENDCHAR
STARTCHAR AccCntrdhalfringr
ENCODING 722
SWIDTH 467 0
DWIDTH 14 0
BBX 14 30 0 -7
BITMAP
0000
0000
0000
0000
0000
0000
0000
0000
0000
0000
0000
0000
0780
07C0
00E0
0060
0060
00C0
0FC0
0F00
0000
0000
0000
0000
0000
0000
0000
0000
0000
0000
ENDCHAR
STARTCHAR AccCntrdhalfringl
ENCODING 723
SWIDTH 467 0
DWIDTH 14 0
BBX 14 30 0 -7
BITMAP
0000
0000
0000
0000
0000
0000
0000
0000
0000
0000
0000
0000
01E0
07E0
0600
0C00
0C00
0E00
07C0
03C0
0000
0000
0000
0000
0000
0000
0000
0000
0000
0000
ENDCHAR
STARTCHAR AccTacku
ENCODING 724
SWIDTH 467 0
DWIDTH 14 0
BBX 14 30 0 -7
BITMAP
0000
0000
0000
0000
0000
0000
0000
0000
0000
0000
0000
0000
0180
0180
0180
0300
0300
1FE0
1FE0
0000
0000
0000
0000
0000
0000
0000
0000
0000
0000
0000
ENDCHAR
STARTCHAR AccTackd
ENCODING 725
SWIDTH 467 0
DWIDTH 14 0
BBX 14 30 0 -7
BITMAP
0000
0000
0000
0000
0000
0000
0000
0000
0000
0000
0000
0000
0000
0FF0
0FF0
0180
0180
0300
0300
0300
0000
0000
0000
0000
0000
0000
0000
0000
0000
0000
ENDCHAR
STARTCHAR AccPlus
ENCODING 726
SWIDTH 467 0
DWIDTH 14 0
BBX 14 30 0 -7
BITMAP
0000
0000
0000
0000
0000
0000
0000
0000
0000
0000
0000
0000
0180
0180
0180
1FF0
1FF0
0300
0300
0300
0000
0000
0000
0000
0000
0000
0000
0000
0000
0000
ENDCHAR
STARTCHAR AccMinus
ENCODING 727
SWIDTH 467 0
DWIDTH 14 0
BBX 14 30 0 -7
BITMAP
0000
0000
0000
0000
0000
0000
0000
0000
0000
0000
0000
0000
0000
0000
0000
1FF0
1FF0
0000
0000
0000
0000
0000
0000
0000
0000
0000
0000
0000
0000
0000
ENDCHAR
STARTCHAR AccBreve
ENCODING 728
SWIDTH 467 0
DWIDTH 14 0
BBX 14 30 0 -7
BITMAP
0000
0000
0000
0000
0618
0618
0738
03F0
01E0
0000
0000
0000
0000
0000
0000
0000
0000
0000
0000
0000
0000
0000
0000
0000
0000
0000
0000
0000
0000
0000
ENDCHAR
STARTCHAR AccDot
ENCODING 729
SWIDTH 467 0
DWIDTH 14 0
BBX 14 30 0 -7
BITMAP
0000
0000
0000
0000
00C0
01E0
01E0
00C0
0000
0000
0000
0000
0000
0000
0000
0000
0000
0000
0000
0000
0000
0000
0000
0000
0000
0000
0000
0000
0000
0000
ENDCHAR
STARTCHAR AccRing
ENCODING 730
SWIDTH 467 0
DWIDTH 14 0
BBX 14 30 0 -7
BITMAP
0000
0000
0000
01E0
03F0
0330
0330
03F0
01E0
0000
0000
0000
0000
0000
0000
0000
0000
0000
0000
0000
0000
0000
0000
0000
0000
0000
0000
0000
0000
0000
ENDCHAR
STARTCHAR AccOgonek
ENCODING 731
SWIDTH 467 0
DWIDTH 14 0
BBX 14 30 0 -7
BITMAP
0000
0000
0000
0000
0000
0000
0000
0000
0000
0000
0000
0000
0000
0000
0000
0000
0000
0000
0000
0000
0000
00C0
01C0
0380
0700
0600
07E0
03E0
0000
0000
ENDCHAR
STARTCHAR AccTilde
ENCODING 732
SWIDTH 467 0
DWIDTH 14 0
BBX 14 30 0 -7
BITMAP
0000
0000
0000
0000
078C
0FCC
0CFC
0C78
0000
0000
0000
0000
0000
0000
0000
0000
0000
0000
0000
0000
0000
0000
0000
0000
0000
0000
0000
0000
0000
0000
ENDCHAR
STARTCHAR AccAcute2
ENCODING 733
SWIDTH 467 0
DWIDTH 14 0
BBX 14 30 0 -7
BITMAP
0000
0000
0000
01DC
03B8
0770
0660
0CC0
0880
0000
0000
0000
0000
0000
0000
0000
0000
0000
0000
0000
0000
0000
0000
0000
0000
0000
0000
0000
0000
0000
ENDCHAR
STARTCHAR AccRhothook
ENCODING 734
SWIDTH 467 0
DWIDTH 14 0
BBX 14 30 0 -7
BITMAP
0000
0000
0000
0000
0000
0000
0000
0000
0000
0000
1800
1800
3830
7870
DCE0
8FC0
0780
0000
0000
0000
0000
0000
0000
0000
0000
0000
0000
0000
0000
0000
ENDCHAR
STARTCHAR AccCross
ENCODING 735
SWIDTH 467 0
DWIDTH 14 0
BBX 14 30 0 -7
BITMAP
0000
0000
0000
0000
0618
0738
03F0
01E0
03C0
07E0
0E70
0C30
0000
0000
0000
0000
0000
0000
0000
0000
0000
0000
0000
0000
0000
0000
0000
0000
0000
0000
ENDCHAR
STARTCHAR SupSmlGam
ENCODING 736
SWIDTH 467 0
DWIDTH 14 0
BBX 14 30 0 -7
BITMAP
0000
0000
0000
0000
0000
0618
0618
0330
0360
01C0
01C0
03C0
0660
0660
06C0
07C0
0300
0000
0000
0000
0000
0000
0000
0000
0000
0000
0000
0000
0000
0000
ENDCHAR
STARTCHAR SupSmlL
ENCODING 737
SWIDTH 467 0
DWIDTH 14 0
BBX 14 30 0 -7
BITMAP
0000
0000
01C0
01C0
00C0
00C0
0180
0180
0180
0180
0300
0300
03E0
01E0
0000
0000
0000
0000
0000
0000
0000
0000
0000
0000
0000
0000
0000
0000
0000
0000
ENDCHAR
STARTCHAR SupSmlS
ENCODING 738
SWIDTH 467 0
DWIDTH 14 0
BBX 14 30 0 -7
BITMAP
0000
0000
0000
0000
0000
03F0
07F8
0608
0780
03E0
00F0
0830
0FF0
07E0
0000
0000
0000
0000
0000
0000
0000
0000
0000
0000
0000
0000
0000
0000
0000
0000
ENDCHAR
STARTCHAR SupSmlX
ENCODING 739
SWIDTH 467 0
DWIDTH 14 0
BBX 14 30 0 -7
BITMAP
0000
0000
0000
0000
0000
0718
07B8
01A0
01E0
01C0
03C0
02C0
0EF0
0C70
0000
0000
0000
0000
0000
0000
0000
0000
0000
0000
0000
0000
0000
0000
0000
0000
ENDCHAR
STARTCHAR SupSmlAin
ENCODING 740
SWIDTH 467 0
DWIDTH 14 0
BBX 14 30 0 -7
BITMAP
0000
0000
01F8
03F8
0618
0600
0780
03C0
00C0
00C0
0180
0180
0180
0180
0000
0000
0000
0000
0000
0000
0000
0000
0000
0000
0000
0000
0000
0000
0000
0000
ENDCHAR
STARTCHAR LtToneHhigh
ENCODING 741
SWIDTH 467 0
DWIDTH 14 0
BBX 14 30 0 -7
BITMAP
0000
0000
0000
0000
0000
07F0
07F0
0030
0030
0060
0060
0060
0060
0060
00C0
00C0
00C0
00C0
00C0
0180
0180
0180
0180
0000
0000
0000
0000
0000
0000
0000
ENDCHAR
STARTCHAR LtToneHigh
ENCODING 742
SWIDTH 467 0
DWIDTH 14 0
BBX 14 30 0 -7
BITMAP
0000
0000
0000
0000
0000
0030
0030
0030
0030
0FE0
0FE0
0060
0060
0060
00C0
00C0
00C0
00C0
00C0
0180
0180
0180
0180
0000
0000
0000
0000
0000
0000
0000
ENDCHAR
STARTCHAR LtToneMid
ENCODING 743
SWIDTH 467 0
DWIDTH 14 0
BBX 14 30 0 -7
BITMAP
0000
0000
0000
0000
0000
0030
0030
0030
0030
0060
0060
0060
0060
1FE0
1FC0
00C0
00C0
00C0
00C0
0180
0180
0180
0180
0000
0000
0000
0000
0000
0000
0000
ENDCHAR
STARTCHAR LtToneLow
ENCODING 744
SWIDTH 467 0
DWIDTH 14 0
BBX 14 30 0 -7
BITMAP
0000
0000
0000
0000
0000
0030
0030
0030
0030
0060
0060
0060
0060
0060
00C0
00C0
00C0
1FC0
1FC0
0180
0180
0180
0180
0000
0000
0000
0000
0000
0000
0000
ENDCHAR
STARTCHAR LtToneLlow
ENCODING 745
SWIDTH 467 0
DWIDTH 14 0
BBX 14 30 0 -7
BITMAP
0000
0000
0000
0000
0000
0030
0030
0030
0030
0060
0060
0060
0060
0060
00C0
00C0
00C0
00C0
00C0
0180
0180
3F80
3F80
0000
0000
0000
0000
0000
0000
0000
ENDCHAR
STARTCHAR AccToneYin
ENCODING 746
SWIDTH 467 0
DWIDTH 14 0
BBX 14 30 0 -7
BITMAP
0000
0000
0000
0000
0000
0000
0000
0000
0000
0000
0C00
0C00
0C00
0C00
1800
1800
1800
1800
1800
3000
3000
3FC0
3FC0
0000
0000
0000
0000
0000
0000
0000
ENDCHAR
STARTCHAR AccToneYang
ENCODING 747
SWIDTH 467 0
DWIDTH 14 0
BBX 14 30 0 -7
BITMAP
0000
0000
0000
0000
0000
0000
0000
0000
0000
0000
0C00
0C00
0C00
0C00
1800
1FE0
1FE0
1800
1800
3000
3000
3000
3000
0000
0000
0000
0000
0000
0000
0000
ENDCHAR
STARTCHAR AccLcaron
ENCODING 748
SWIDTH 467 0
DWIDTH 14 0
BBX 14 30 0 -7
BITMAP
0000
0000
0000
0000
0000
0000
0000
0000
0000
0000
0000
0000
0000
0000
0000
0000
0000
0000
0000
0000
0000
0000
0000
30C0
39C0
1F80
0F00
0600
0000
0000
ENDCHAR
STARTCHAR AccMacron2
ENCODING 749
SWIDTH 467 0
DWIDTH 14 0
BBX 14 30 0 -7
BITMAP
0000
0000
0000
0000
07F8
07F8
0000
07F8
07F8
0000
0000
0000
0000
0000
0000
0000
0000
0000
0000
0000
0000
0000
0000
0000
0000
0000
0000
0000
0000
0000
ENDCHAR
STARTCHAR AccApostr2
ENCODING 750
SWIDTH 467 0
DWIDTH 14 0
BBX 14 30 0 -7
BITMAP
0000
0000
0000
0000
0618
0F3C
0F3C
0618
0E38
1C70
1860
0000
0000
0000
0000
0000
0000
0000
0000
0000
0000
0000
0000
0000
0000
0000
0000
0000
0000
0000
ENDCHAR
STARTCHAR AccLarrowheadd
ENCODING 751
SWIDTH 467 0
DWIDTH 14 0
BBX 14 30 0 -7
BITMAP
0000
0000
0000
0000
0000
0000
0000
0000
0000
0000
0000
0000
0000
0000
0000
0000
0000
0000
0000
0000
30C0
31C0
3380
3300
1E00
1C00
1800
1800
0000
0000
ENDCHAR
STARTCHAR AccLarrowheadu
ENCODING 752
SWIDTH 467 0
DWIDTH 14 0
BBX 14 30 0 -7
BITMAP
0000
0000
0000
0000
0000
0000
0000
0000
0000
0000
0000
0000
0000
0000
0000
0000
0000
0000
0000
0000
0300
0300
0700
0F00
1980
3980
7180
6180
0000
0000
ENDCHAR
STARTCHAR AccLarrowheadl
ENCODING 753
SWIDTH 467 0
DWIDTH 14 0
BBX 14 30 0 -7
BITMAP
0000
0000
0000
0000
0000
0000
0000
0000
0000
0000
0000
0000
0000
0000
0000
0000
0000
0000
0000
0000
00C0
03C0
0F00
3C00
7000
3E00
0F80
0380
0000
0000
ENDCHAR
STARTCHAR AccLarrowheadr
ENCODING 754
SWIDTH 467 0
DWIDTH 14 0
BBX 14 30 0 -7
BITMAP
0000
0000
0000
0000
0000
0000
0000
0000
0000
0000
0000
0000
0000
0000
0000
0000
0000
0000
0000
0000
3800
3E00
0F80
01C0
0780
1E00
7800
6000
0000
0000
ENDCHAR
STARTCHAR AccLring
ENCODING 755
SWIDTH 467 0
DWIDTH 14 0
BBX 14 30 0 -7
BITMAP
0000
0000
0000
0000
0000
0000
0000
0000
0000
0000
0000
0000
0000
0000
0000
0000
0000
0000
0000
0000
0000
0000
0F00
1F80
1980
1980
1F80
0F00
0000
0000
ENDCHAR
STARTCHAR AccLtilde
ENCODING 759
SWIDTH 467 0
DWIDTH 14 0
BBX 14 30 0 -7
BITMAP
0000
0000
0000
0000
0000
0000
0000
0000
0000
0000
0000
0000
0000
0000
0000
0000
0000
0000
0000
0000
0000
0000
0000
0000
78C0
FCC0
CFC0
C780
0000
0000
ENDCHAR
STARTCHAR AccToneHBegin
ENCODING 761
SWIDTH 467 0
DWIDTH 14 0
BBX 14 30 0 -7
BITMAP
0000
0000
0000
0000
0FC0
0FC0
0C00
0C00
0C00
0C00
0000
0000
0000
0000
0000
0000
0000
0000
0000
0000
0000
0000
0000
0000
0000
0000
0000
0000
0000
0000
ENDCHAR
STARTCHAR AccToneHEnd
ENCODING 762
SWIDTH 467 0
DWIDTH 14 0
BBX 14 30 0 -7
BITMAP
0000
0000
0000
0000
0FC0
0FC0
00C0
00C0
00C0
00C0
0000
0000
0000
0000
0000
0000
0000
0000
0000
0000
0000
0000
0000
0000
0000
0000
0000
0000
0000
0000
ENDCHAR
STARTCHAR AccToneLBegin
ENCODING 763
SWIDTH 467 0
DWIDTH 14 0
BBX 14 30 0 -7
BITMAP
0000
0000
0000
0000
0000
0000
0000
0000
0000
0000
0000
0000
0000
0000
0000
0000
0000
0000
0000
0C00
0C00
0C00
0C00
0FC0
0FC0
0000
0000
0000
0000
0000
ENDCHAR
STARTCHAR AccToneLEnd
ENCODING 764
SWIDTH 467 0
DWIDTH 14 0
BBX 14 30 0 -7
BITMAP
0000
0000
0000
0000
0000
0000
0000
0000
0000
0000
0000
0000
0000
0000
0000
0000
0000
0000
0000
00C0
00C0
00C0
00C0
0FC0
0FC0
0000
0000
0000
0000
0000
ENDCHAR
STARTCHAR CombGrave
ENCODING 768
SWIDTH 467 0
DWIDTH 14 0
BBX 14 30 0 -7
BITMAP
0000
0000
0000
0000
0780
0380
01C0
00C0
0000
0000
0000
0000
0000
0000
0000
0000
0000
0000
0000
0000
0000
0000
0000
0000
0000
0000
0000
0000
0000
0000
ENDCHAR
STARTCHAR CombAcute
ENCODING 769
SWIDTH 467 0
DWIDTH 14 0
BBX 14 30 0 -7
BITMAP
0000
0000
0000
0000
00F0
00E0
01C0
0380
0000
0000
0000
0000
0000
0000
0000
0000
0000
0000
0000
0000
0000
0000
0000
0000
0000
0000
0000
0000
0000
0000
ENDCHAR
STARTCHAR CombCircum
ENCODING 770
SWIDTH 467 0
DWIDTH 14 0
BBX 14 30 0 -7
BITMAP
0000
0000
0000
0000
00C0
01E0
03F0
0330
0000
0000
0000
0000
0000
0000
0000
0000
0000
0000
0000
0000
0000
0000
0000
0000
0000
0000
0000
0000
0000
0000
ENDCHAR
STARTCHAR CombTilde
ENCODING 771
SWIDTH 467 0
DWIDTH 14 0
BBX 14 30 0 -7
BITMAP
0000
0000
0000
0000
0000
0398
07F8
0670
0000
0000
0000
0000
0000
0000
0000
0000
0000
0000
0000
0000
0000
0000
0000
0000
0000
0000
0000
0000
0000
0000
ENDCHAR
STARTCHAR CombMacron
ENCODING 772
SWIDTH 467 0
DWIDTH 14 0
BBX 14 30 0 -7
BITMAP
0000
0000
0000
0000
0000
0000
03F0
03F0
0000
0000
0000
0000
0000
0000
0000
0000
0000
0000
0000
0000
0000
0000
0000
0000
0000
0000
0000
0000
0000
0000
ENDCHAR
STARTCHAR CombOverline
ENCODING 773
SWIDTH 467 0
DWIDTH 14 0
BBX 14 30 0 -7
BITMAP
0000
0000
FFFC
FFFC
0000
0000
0000
0000
0000
0000
0000
0000
0000
0000
0000
0000
0000
0000
0000
0000
0000
0000
0000
0000
0000
0000
0000
0000
0000
0000
ENDCHAR
STARTCHAR CombBreve
ENCODING 774
SWIDTH 467 0
DWIDTH 14 0
BBX 14 30 0 -7
BITMAP
0000
0000
0000
0000
0630
0630
03E0
01C0
0000
0000
0000
0000
0000
0000
0000
0000
0000
0000
0000
0000
0000
0000
0000
0000
0000
0000
0000
0000
0000
0000
ENDCHAR
STARTCHAR CombDot
ENCODING 775
SWIDTH 467 0
DWIDTH 14 0
BBX 14 30 0 -7
BITMAP
0000
0000
0000
0000
0000
00C0
00C0
00C0
0000
0000
0000
0000
0000
0000
0000
0000
0000
0000
0000
0000
0000
0000
0000
0000
0000
0000
0000
0000
0000
0000
ENDCHAR
STARTCHAR CombDrss
ENCODING 776
SWIDTH 467 0
DWIDTH 14 0
BBX 14 30 0 -7
BITMAP
0000
0000
0000
0000
0000
0330
0330
0330
0000
0000
0000
0000
0000
0000
0000
0000
0000
0000
0000
0000
0000
0000
0000
0000
0000
0000
0000
0000
0000
0000
ENDCHAR
STARTCHAR CombVhook
ENCODING 777
SWIDTH 467 0
DWIDTH 14 0
BBX 14 30 0 -7
BITMAP
0000
0000
0000
0000
03C0
03E0
0060
00C0
0080
0000
0000
0000
0000
0000
0000
0000
0000
0000
0000
0000
0000
0000
0000
0000
0000
0000
0000
0000
0000
0000
ENDCHAR
STARTCHAR CombRing
ENCODING 778
SWIDTH 467 0
DWIDTH 14 0
BBX 14 30 0 -7
BITMAP
0000
0000
0000
00C0
01E0
0330
0330
01E0
00C0
0000
0000
0000
0000
0000
0000
0000
0000
0000
0000
0000
0000
0000
0000
0000
0000
0000
0000
0000
0000
0000
ENDCHAR
STARTCHAR CombAcute2
ENCODING 779
SWIDTH 467 0
DWIDTH 14 0
BBX 14 30 0 -7
BITMAP
0000
0000
0000
0000
01DC
03B8
0330
0660
0000
0000
0000
0000
0000
0000
0000
0000
0000
0000
0000
0000
0000
0000
0000
0000
0000
0000
0000
0000
0000
0000
ENDCHAR
STARTCHAR CombCaron
ENCODING 780
SWIDTH 467 0
DWIDTH 14 0
BBX 14 30 0 -7
BITMAP
0000
0000
0000
0000
0330
03F0
01E0
00C0
0000
0000
0000
0000
0000
0000
0000
0000
0000
0000
0000
0000
0000
0000
0000
0000
0000
0000
0000
0000
0000
0000
ENDCHAR
STARTCHAR CombStress
ENCODING 781
SWIDTH 467 0
DWIDTH 14 0
BBX 14 30 0 -7
BITMAP
0000
0000
0000
0060
0060
0060
00C0
00C0
00C0
0000
0000
0000
0000
0000
0000
0000
0000
0000
0000
0000
0000
0000
0000
0000
0000
0000
0000
0000
0000
0000
ENDCHAR
STARTCHAR CombVline2
ENCODING 782
SWIDTH 467 0
DWIDTH 14 0
BBX 14 30 0 -7
BITMAP
0000
0000
0000
0198
0198
0198
0330
0330
0330
0000
0000
0000
0000
0000
0000
0000
0000
0000
0000
0000
0000
0000
0000
0000
0000
0000
0000
0000
0000
0000
ENDCHAR
STARTCHAR CombGrave2
ENCODING 783
SWIDTH 467 0
DWIDTH 14 0
BBX 14 30 0 -7
BITMAP
0000
0000
0000
0000
1DC0
0EE0
0660
0330
0000
0000
0000
0000
0000
0000
0000
0000
0000
0000
0000
0000
0000
0000
0000
0000
0000
0000
0000
0000
0000
0000
ENDCHAR
STARTCHAR CombCandra
ENCODING 784
SWIDTH 467 0
DWIDTH 14 0
BBX 14 30 0 -7
BITMAP
0000
0000
0180
0180
0DB0
0C30
07E0
03C0
0000
0000
0000
0000
0000
0000
0000
0000
0000
0000
0000
0000
0000
0000
0000
0000
0000
0000
0000
0000
0000
0000
ENDCHAR
STARTCHAR CombInvbreve
ENCODING 785
SWIDTH 467 0
DWIDTH 14 0
BBX 14 30 0 -7
BITMAP
0000
0000
0000
0000
00E0
01F0
0318
0318
0000
0000
0000
0000
0000
0000
0000
0000
0000
0000
0000
0000
0000
0000
0000
0000
0000
0000
0000
0000
0000
0000
ENDCHAR
STARTCHAR CombQuoteL
ENCODING 786
SWIDTH 467 0
DWIDTH 14 0
BBX 14 30 0 -7
BITMAP
0000
0000
0000
0060
00E0
0180
01C0
01C0
0000
0000
0000
0000
0000
0000
0000
0000
0000
0000
0000
0000
0000
0000
0000
0000
0000
0000
0000
0000
0000
0000
ENDCHAR
STARTCHAR CombGkPsili
ENCODING 787
SWIDTH 467 0
DWIDTH 14 0
BBX 14 30 0 -7
BITMAP
0000
0000
0000
0180
01C0
00C0
0180
0300
0000
0000
0000
0000
0000
0000
0000
0000
0000
0000
0000
0000
0000
0000
0000
0000
0000
0000
0000
0000
0000
0000
ENDCHAR
STARTCHAR CombGkDasia
ENCODING 788
SWIDTH 467 0
DWIDTH 14 0
BBX 14 30 0 -7
BITMAP
0000
0000
0000
0060
00E0
0180
0180
00C0
0000
0000
0000
0000
0000
0000
0000
0000
0000
0000
0000
0000
0000
0000
0000
0000
0000
0000
0000
0000
0000
0000
ENDCHAR
STARTCHAR CombQuoteRRight
ENCODING 789
SWIDTH 467 0
DWIDTH 14 0
BBX 14 30 0 -7
BITMAP
0000
0000
0000
0018
001C
0004
000C
0018
0010
0000
0000
0000
0000
0000
0000
0000
0000
0000
0000
0000
0000
0000
0000
0000
0000
0000
0000
0000
0000
0000
ENDCHAR
STARTCHAR CombLgrave
ENCODING 790
SWIDTH 467 0
DWIDTH 14 0
BBX 14 30 0 -7
BITMAP
0000
0000
0000
0000
0000
0000
0000
0000
0000
0000
0000
0000
0000
0000
0000
0000
0000
0000
0000
0000
0000
0000
0000
0000
0000
0F00
0700
0380
0180
0000
ENDCHAR
STARTCHAR CombLacute
ENCODING 791
SWIDTH 467 0
DWIDTH 14 0
BBX 14 30 0 -7
BITMAP
0000
0000
0000
0000
0000
0000
0000
0000
0000
0000
0000
0000
0000
0000
0000
0000
0000
0000
0000
0000
0000
0000
0000
0000
0000
0780
0700
0E00
0C00
0000
ENDCHAR
STARTCHAR CombLtackl
ENCODING 792
SWIDTH 467 0
DWIDTH 14 0
BBX 14 30 0 -7
BITMAP
0000
0000
0000
0000
0000
0000
0000
0000
0000
0000
0000
0000
0000
0000
0000
0000
0000
0000
0000
0000
0000
0000
0000
0000
0600
0600
3E00
0600
0600
0000
ENDCHAR
STARTCHAR CombLtackr
ENCODING 793
SWIDTH 467 0
DWIDTH 14 0
BBX 14 30 0 -7
BITMAP
0000
0000
0000
0000
0000
0000
0000
0000
0000
0000
0000
0000
0000
0000
0000
0000
0000
0000
0000
0000
0000
0000
0000
0000
0C00
0C00
0F80
0C00
0C00
0000
ENDCHAR
STARTCHAR CombAngle
ENCODING 794
SWIDTH 467 0
DWIDTH 14 0
BBX 14 30 0 -7
BITMAP
0000
0000
007C
007C
000C
000C
000C
0000
0000
0000
0000
0000
0000
0000
0000
0000
0000
0000
0000
0000
0000
0000
0000
0000
0000
0000
0000
0000
0000
0000
ENDCHAR
STARTCHAR CombHorn
ENCODING 795
SWIDTH 467 0
DWIDTH 14 0
BBX 14 30 0 -7
BITMAP
0000
0000
0000
0000
0000
0000
0000
0000
0000
000C
000C
000C
001C
0018
0000
0000
0000
0000
0000
0000
0000
0000
0000
0000
0000
0000
0000
0000
0000
0000
ENDCHAR
STARTCHAR CombLhalfringl
ENCODING 796
SWIDTH 467 0
DWIDTH 14 0
BBX 14 30 0 -7
BITMAP
0000
0000
0000
0000
0000
0000
0000
0000
0000
0000
0000
0000
0000
0000
0000
0000
0000
0000
0000
0000
0000
0000
0000
0000
0000
0E00
1800
1800
0E00
0000
ENDCHAR
STARTCHAR CombLtacku
ENCODING 797
SWIDTH 467 0
DWIDTH 14 0
BBX 14 30 0 -7
BITMAP
0000
0000
0000
0000
0000
0000
0000
0000
0000
0000
0000
0000
0000
0000
0000
0000
0000
0000
0000
0000
0000
0000
0000
0000
0600
0600
0600
1F80
1F80
0000
ENDCHAR
STARTCHAR CombLtackd
ENCODING 798
SWIDTH 467 0
DWIDTH 14 0
BBX 14 30 0 -7
BITMAP
0000
0000
0000
0000
0000
0000
0000
0000
0000
0000
0000
0000
0000
0000
0000
0000
0000
0000
0000
0000
0000
0000
0000
0000
0000
1F80
1F80
0600
0600
0600
ENDCHAR
STARTCHAR CombLplus
ENCODING 799
SWIDTH 467 0
DWIDTH 14 0
BBX 14 30 0 -7
BITMAP
0000
0000
0000
0000
0000
0000
0000
0000
0000
0000
0000
0000
0000
0000
0000
0000
0000
0000
0000
0000
0000
0000
0000
0000
0600
0600
1F80
0600
0600
0000
ENDCHAR
STARTCHAR CombLminus
ENCODING 800
SWIDTH 467 0
DWIDTH 14 0
BBX 14 30 0 -7
BITMAP
0000
0000
0000
0000
0000
0000
0000
0000
0000
0000
0000
0000
0000
0000
0000
0000
0000
0000
0000
0000
0000
0000
0000
0000
0000
1F80
1F80
0000
0000
0000
ENDCHAR
STARTCHAR CombLdot
ENCODING 803
SWIDTH 467 0
DWIDTH 14 0
BBX 14 30 0 -7
BITMAP
0000
0000
0000
0000
0000
0000
0000
0000
0000
0000
0000
0000
0000
0000
0000
0000
0000
0000
0000
0000
0000
0000
0000
0000
0000
0C00
0C00
0C00
0000
0000
ENDCHAR
STARTCHAR CombLdrss
ENCODING 804
SWIDTH 467 0
DWIDTH 14 0
BBX 14 30 0 -7
BITMAP
0000
0000
0000
0000
0000
0000
0000
0000
0000
0000
0000
0000
0000
0000
0000
0000
0000
0000
0000
0000
0000
0000
0000
0000
0000
3300
3300
3300
0000
0000
ENDCHAR
STARTCHAR CombLring
ENCODING 805
SWIDTH 467 0
DWIDTH 14 0
BBX 14 30 0 -7
BITMAP
0000
0000
0000
0000
0000
0000
0000
0000
0000
0000
0000
0000
0000
0000
0000
0000
0000
0000
0000
0000
0000
0000
0000
0000
0000
1E00
3300
3300
1E00
0000
ENDCHAR
STARTCHAR CombComma
ENCODING 806
SWIDTH 467 0
DWIDTH 14 0
BBX 14 30 0 -7
BITMAP
0000
0000
0000
0000
0000
0000
0000
0000
0000
0000
0000
0000
0000
0000
0000
0000
0000
0000
0000
0000
0000
0000
0000
0000
0E00
0E00
0600
1C00
1800
0000
ENDCHAR
STARTCHAR CombCedilla
ENCODING 807
SWIDTH 467 0
DWIDTH 14 0
BBX 14 30 0 -7
BITMAP
0000
0000
0000
0000
0000
0000
0000
0000
0000
0000
0000
0000
0000
0000
0000
0000
0000
0000
0000
0000
0000
0000
0000
0400
0600
0300
1F00
1E00
0000
0000
ENDCHAR
STARTCHAR CombOgonek
ENCODING 808
SWIDTH 467 0
DWIDTH 14 0
BBX 14 30 0 -7
BITMAP
0000
0000
0000
0000
0000
0000
0000
0000
0000
0000
0000
0000
0000
0000
0000
0000
0000
0000
0000
0000
0000
0000
0000
0060
00C0
0180
01E0
00E0
0000
0000
ENDCHAR
STARTCHAR CombLvline
ENCODING 809
SWIDTH 467 0
DWIDTH 14 0
BBX 14 30 0 -7
BITMAP
0000
0000
0000
0000
0000
0000
0000
0000
0000
0000
0000
0000
0000
0000
0000
0000
0000
0000
0000
0000
0000
0000
0000
0000
0000
0C00
0C00
0C00
0C00
0000
ENDCHAR
STARTCHAR CombLbridge
ENCODING 810
SWIDTH 467 0
DWIDTH 14 0
BBX 14 30 0 -7
BITMAP
0000
0000
0000
0000
0000
0000
0000
0000
0000
0000
0000
0000
0000
0000
0000
0000
0000
0000
0000
0000
0000
0000
0000
0000
0000
3FC0
3FC0
30C0
30C0
0000
ENDCHAR
STARTCHAR CombLinvarch2
ENCODING 811
SWIDTH 467 0
DWIDTH 14 0
BBX 14 30 0 -7
BITMAP
0000
0000
0000
0000
0000
0000
0000
0000
0000
0000
0000
0000
0000
0000
0000
0000
0000
0000
0000
0000
0000
0000
0000
0000
0000
4620
6660
7FE0
39C0
0000
ENDCHAR
STARTCHAR CombLcaron
ENCODING 812
SWIDTH 467 0
DWIDTH 14 0
BBX 14 30 0 -7
BITMAP
0000
0000
0000
0000
0000
0000
0000
0000
0000
0000
0000
0000
0000
0000
0000
0000
0000
0000
0000
0000
0000
0000
0000
0000
0000
1980
1F80
0F00
0600
0000
ENDCHAR
STARTCHAR CombLcircum
ENCODING 813
SWIDTH 467 0
DWIDTH 14 0
BBX 14 30 0 -7
BITMAP
0000
0000
0000
0000
0000
0000
0000
0000
0000
0000
0000
0000
0000
0000
0000
0000
0000
0000
0000
0000
0000
0000
0000
0000
0000
0600
0F00
1F80
1980
0000
ENDCHAR
STARTCHAR CombLbreve
ENCODING 814
SWIDTH 467 0
DWIDTH 14 0
BBX 14 30 0 -7
BITMAP
0000
0000
0000
0000
0000
0000
0000
0000
0000
0000
0000
0000
0000
0000
0000
0000
0000
0000
0000
0000
0000
0000
0000
0000
0000
3180
3180
1F00
0E00
0000
ENDCHAR
STARTCHAR CombLinvbreve
ENCODING 815
SWIDTH 467 0
DWIDTH 14 0
BBX 14 30 0 -7
BITMAP
0000
0000
0000
0000
0000
0000
0000
0000
0000
0000
0000
0000
0000
0000
0000
0000
0000
0000
0000
0000
0000
0000
0000
0000
0000
0E00
1F00
3180
3180
0000
ENDCHAR
STARTCHAR CombLtilde
ENCODING 816
SWIDTH 467 0
DWIDTH 14 0
BBX 14 30 0 -7
BITMAP
0000
0000
0000
0000
0000
0000
0000
0000
0000
0000
0000
0000
0000
0000
0000
0000
0000
0000
0000
0000
0000
0000
0000
0000
0000
1CC0
3FC0
3380
0000
0000
ENDCHAR
STARTCHAR CombLmacron
ENCODING 817
SWIDTH 467 0
DWIDTH 14 0
BBX 14 30 0 -7
BITMAP
0000
0000
0000
0000
0000
0000
0000
0000
0000
0000
0000
0000
0000
0000
0000
0000
0000
0000
0000
0000
0000
0000
0000
0000
0000
3F80
3F80
0000
0000
0000
ENDCHAR
STARTCHAR CombLowline
ENCODING 818
SWIDTH 467 0
DWIDTH 14 0
BBX 14 30 0 -7
BITMAP
0000
0000
0000
0000
0000
0000
0000
0000
0000
0000
0000
0000
0000
0000
0000
0000
0000
0000
0000
0000
0000
0000
0000
0000
0000
FFFC
FFFC
0000
0000
0000
ENDCHAR
STARTCHAR CombLowline2
ENCODING 819
SWIDTH 467 0
DWIDTH 14 0
BBX 14 30 0 -7
BITMAP
0000
0000
0000
0000
0000
0000
0000
0000
0000
0000
0000
0000
0000
0000
0000
0000
0000
0000
0000
0000
0000
0000
0000
0000
FFFC
FFFC
0000
FFFC
FFFC
0000
ENDCHAR
STARTCHAR CombMtilde
ENCODING 820
SWIDTH 467 0
DWIDTH 14 0
BBX 14 30 0 -7
BITMAP
0000
0000
0000
0000
0000
0000
0000
0000
0000
0000
0000
0000
1C08
3E18
7338
61F0
40E0
0000
0000
0000
0000
0000
0000
0000
0000
0000
0000
0000
0000
0000
ENDCHAR
STARTCHAR CombStrokeHSh
ENCODING 821
SWIDTH 467 0
DWIDTH 14 0
BBX 14 30 0 -7
BITMAP
0000
0000
0000
0000
0000
0000
0000
0000
0000
0000
0000
0000
0000
0000
1FE0
1FE0
0000
0000
0000
0000
0000
0000
0000
0000
0000
0000
0000
0000
0000
0000
ENDCHAR
STARTCHAR CombStrokeH
ENCODING 822
SWIDTH 467 0
DWIDTH 14 0
BBX 14 30 0 -7
BITMAP
0000
0000
0000
0000
0000
0000
0000
0000
0000
0000
0000
0000
0000
0000
3FF0
3FF0
0000
0000
0000
0000
0000
0000
0000
0000
0000
0000
0000
0000
0000
0000
ENDCHAR
STARTCHAR CombStrokeSh
ENCODING 823
SWIDTH 467 0
DWIDTH 14 0
BBX 14 30 0 -7
BITMAP
0000
0000
0000
0000
0000
0000
0000
0000
0000
0018
0018
0030
0060
00C0
00C0
0180
0300
0600
0600
0C00
1800
3000
3000
6000
0000
0000
0000
0000
0000
0000
ENDCHAR
STARTCHAR CombStroke
ENCODING 824
SWIDTH 467 0
DWIDTH 14 0
BBX 14 30 0 -7
BITMAP
0000
0000
0000
0000
0000
000C
000C
0018
0018
0030
0060
0060
00C0
0180
0180
0300
0600
0600
0C00
1800
1800
3000
6000
6000
0000
0000
0000
0000
0000
0000
ENDCHAR
STARTCHAR CombLhalfringr
ENCODING 825
SWIDTH 467 0
DWIDTH 14 0
BBX 14 30 0 -7
BITMAP
0000
0000
0000
0000
0000
0000
0000
0000
0000
0000
0000
0000
0000
0000
0000
0000
0000
0000
0000
0000
0000
0000
0000
0000
0000
1C00
0600
0600
1C00
0000
ENDCHAR
STARTCHAR CombLinvbridge
ENCODING 826
SWIDTH 467 0
DWIDTH 14 0
BBX 14 30 0 -7
BITMAP
0000
0000
0000
0000
0000
0000
0000
0000
0000
0000
0000
0000
0000
0000
0000
0000
0000
0000
0000
0000
0000
0000
0000
0000
30C0
30C0
3FC0
3FC0
0000
0000
ENDCHAR
STARTCHAR CombLsquare
ENCODING 827
SWIDTH 467 0
DWIDTH 14 0
BBX 14 30 0 -7
BITMAP
0000
0000
0000
0000
0000
0000
0000
0000
0000
0000
0000
0000
0000
0000
0000
0000
0000
0000
0000
0000
0000
0000
0000
0000
1FC0
18C0
18C0
18C0
1FC0
0000
ENDCHAR
STARTCHAR CombLseagull
ENCODING 828
SWIDTH 467 0
DWIDTH 14 0
BBX 14 30 0 -7
BITMAP
0000
0000
0000
0000
0000
0000
0000
0000
0000
0000
0000
0000
0000
0000
0000
0000
0000
0000
0000
0000
0000
0000
0000
0000
0000
39C0
7FE0
6660
4620
0000
ENDCHAR
STARTCHAR CombCross
ENCODING 829
SWIDTH 467 0
DWIDTH 14 0
BBX 14 30 0 -7
BITMAP
0000
0000
0000
0198
00F0
00E0
01E0
0330
0000
0000
0000
0000
0000
0000
0000
0000
0000
0000
0000
0000
0000
0000
0000
0000
0000
0000
0000
0000
0000
0000
ENDCHAR
STARTCHAR CombVtilde
ENCODING 830
SWIDTH 467 0
DWIDTH 14 0
BBX 14 30 0 -7
BITMAP
0000
0000
0070
00C0
00E0
00E0
0060
01C0
0000
0000
0000
0000
0000
0000
0000
0000
0000
0000
0000
0000
0000
0000
0000
0000
0000
0000
0000
0000
0000
0000
ENDCHAR
STARTCHAR CombOverline2
ENCODING 831
SWIDTH 467 0
DWIDTH 14 0
BBX 14 30 0 -7
BITMAP
0000
FFFC
FFFC
0000
FFFC
FFFC
0000
0000
0000
0000
0000
0000
0000
0000
0000
0000
0000
0000
0000
0000
0000
0000
0000
0000
0000
0000
0000
0000
0000
0000
ENDCHAR
STARTCHAR CombGraveTone
ENCODING 832
SWIDTH 467 0
DWIDTH 14 0
BBX 14 30 0 -7
BITMAP
0000
1C00
0C00
0600
0200
0000
0000
0000
0000
0000
0000
0000
0000
0000
0000
0000
0000
0000
0000
0000
0000
0000
0000
0000
0000
0000
0000
0000
0000
0000
ENDCHAR
STARTCHAR CombAcuteTone
ENCODING 833
SWIDTH 467 0
DWIDTH 14 0
BBX 14 30 0 -7
BITMAP
0000
001C
0018
0030
0020
0000
0000
0000
0000
0000
0000
0000
0000
0000
0000
0000
0000
0000
0000
0000
0000
0000
0000
0000
0000
0000
0000
0000
0000
0000
ENDCHAR
STARTCHAR CombGkPeri
ENCODING 834
SWIDTH 467 0
DWIDTH 14 0
BBX 14 30 0 -7
BITMAP
0000
0000
0000
0000
01C0
03E0
0630
0630
0000
0000
0000
0000
0000
0000
0000
0000
0000
0000
0000
0000
0000
0000
0000
0000
0000
0000
0000
0000
0000
0000
ENDCHAR
STARTCHAR CombGkKoronis
ENCODING 835
SWIDTH 467 0
DWIDTH 14 0
BBX 14 30 0 -7
BITMAP
0000
0000
0000
0180
01C0
00C0
0180
0300
0000
0000
0000
0000
0000
0000
0000
0000
0000
0000
0000
0000
0000
0000
0000
0000
0000
0000
0000
0000
0000
0000
ENDCHAR
STARTCHAR CombGkDrssTonos
ENCODING 836
SWIDTH 467 0
DWIDTH 14 0
BBX 14 30 0 -7
BITMAP
0000
0000
0000
0060
00E0
0CD8
0D98
0D18
0000
0000
0000
0000
0000
0000
0000
0000
0000
0000
0000
0000
0000
0000
0000
0000
0000
0000
0000
0000
0000
0000
ENDCHAR
STARTCHAR CombGkYpog
ENCODING 837
SWIDTH 467 0
DWIDTH 14 0
BBX 14 30 0 -7
BITMAP
0000
0000
0000
0000
0000
0000
0000
0000
0000
0000
0000
0000
0000
0000
0000
0000
0000
0000
0000
0000
0000
0000
0000
0000
0C00
0C00
0E00
0600
0000
0000
ENDCHAR
STARTCHAR CombBridge
ENCODING 838
SWIDTH 467 0
DWIDTH 14 0
BBX 14 30 0 -7
BITMAP
0000
0000
0000
0000
07F8
07F8
0618
0618
0000
0000
0000
0000
0000
0000
0000
0000
0000
0000
0000
0000
0000
0000
0000
0000
0000
0000
0000
0000
0000
0000
ENDCHAR
STARTCHAR CombLequals
ENCODING 839
SWIDTH 467 0
DWIDTH 14 0
BBX 14 30 0 -7
BITMAP
0000
0000
0000
0000
0000
0000
0000
0000
0000
0000
0000
0000
0000
0000
0000
0000
0000
0000
0000
0000
0000
0000
0000
0000
1F80
1F80
0000
1F80
1F80
0000
ENDCHAR
STARTCHAR CombLvline2
ENCODING 840
SWIDTH 467 0
DWIDTH 14 0
BBX 14 30 0 -7
BITMAP
0000
0000
0000
0000
0000
0000
0000
0000
0000
0000
0000
0000
0000
0000
0000
0000
0000
0000
0000
0000
0000
0000
0000
0000
0000
3300
3300
3300
3300
0000
ENDCHAR
STARTCHAR CombLangle
ENCODING 841
SWIDTH 467 0
DWIDTH 14 0
BBX 14 30 0 -7
BITMAP
0000
0000
0000
0000
0000
0000
0000
0000
0000
0000
0000
0000
0000
0000
0000
0000
0000
0000
0000
0000
0000
0000
0000
0000
0000
1F80
1F80
0180
0180
0180
ENDCHAR
STARTCHAR CombTildenot
ENCODING 842
SWIDTH 467 0
DWIDTH 14 0
BBX 14 30 0 -7
BITMAP
0000
0000
0000
0000
0040
03D8
07F8
06F0
0080
0000
0000
0000
0000
0000
0000
0000
0000
0000
0000
0000
0000
0000
0000
0000
0000
0000
0000
0000
0000
0000
ENDCHAR
STARTCHAR CombDotRight
ENCODING 856
SWIDTH 467 0
DWIDTH 14 0
BBX 14 30 0 -7
BITMAP
0000
0000
0000
0000
0000
0000
000C
000C
000C
0000
0000
0000
0000
0000
0000
0000
0000
0000
0000
0000
0000
0000
0000
0000
0000
0000
0000
0000
0000
0000
ENDCHAR
STARTCHAR GkCapHet
ENCODING 880
SWIDTH 467 0
DWIDTH 14 0
BBX 14 30 0 -7
BITMAP
0000
0000
0000
0000
0000
0000
0C00
0C00
0C00
0C00
1800
1800
1800
1FF8
1FF8
3000
3000
3000
3000
6000
6000
6000
6000
0000
0000
0000
0000
0000
0000
0000
ENDCHAR
STARTCHAR GkSmlHet
ENCODING 881
SWIDTH 467 0
DWIDTH 14 0
BBX 14 30 0 -7
BITMAP
0000
0000
0000
0000
0000
0000
0000
0000
0000
0000
1800
1C00
0C00
0C00
0C00
0FF0
1FF0
1800
1800
1800
3000
3000
3000
0000
0000
0000
0000
0000
0000
0000
ENDCHAR
STARTCHAR GkCapSamArch
ENCODING 882
SWIDTH 467 0
DWIDTH 14 0
BBX 14 30 0 -7
BITMAP
0000
0000
0000
0000
0000
0000
0FFC
0FFC
0CCC
0CCC
1998
1998
1998
0180
0180
0300
0300
0300
0300
0600
0600
0600
0600
0000
0000
0000
0000
0000
0000
0000
ENDCHAR
STARTCHAR GkSmlSamArch
ENCODING 883
SWIDTH 467 0
DWIDTH 14 0
BBX 14 30 0 -7
BITMAP
0000
0000
0000
0000
0000
03F0
07F8
0CCC
0CCC
18CC
1998
1998
0180
0180
0300
0300
0300
0300
0300
0600
0600
0600
0600
0000
0000
0000
0000
0000
0000
0000
ENDCHAR
STARTCHAR PGkNumsignU
ENCODING 884
SWIDTH 467 0
DWIDTH 14 0
BBX 14 30 0 -7
BITMAP
0000
0000
0000
0000
0030
0070
0060
00C0
01C0
0180
0000
0000
0000
0000
0000
0000
0000
0000
0000
0000
0000
0000
0000
0000
0000
0000
0000
0000
0000
0000
ENDCHAR
STARTCHAR PGkNumsignL
ENCODING 885
SWIDTH 467 0
DWIDTH 14 0
BBX 14 30 0 -7
BITMAP
0000
0000
0000
0000
0000
0000
0000
0000
0000
0000
0000
0000
0000
0000
0000
0000
0000
0000
0000
0000
0180
0380
0300
0600
0E00
0C00
0000
0000
0000
0000
ENDCHAR
STARTCHAR GkCapDigPamph
ENCODING 886
SWIDTH 467 0
DWIDTH 14 0
BBX 14 30 0 -7
BITMAP
0000
0000
0000
0000
0000
0000
0C0C
0C0C
0C1C
0C3C
1878
1878
18D8
19D8
3398
3730
3630
3C30
3C30
7860
7060
6060
6060
0000
0000
0000
0000
0000
0000
0000
ENDCHAR
STARTCHAR GkSmlDigPamph
ENCODING 887
SWIDTH 467 0
DWIDTH 14 0
BBX 14 30 0 -7
BITMAP
0000
0000
0000
0000
0000
0000
0000
0000
0000
0000
3018
3818
1838
1878
18F0
31F0
37B0
3E30
3C60
7860
7060
6060
6060
0000
0000
0000
0000
0000
0000
0000
ENDCHAR
STARTCHAR AccGkYpog
ENCODING 890
SWIDTH 467 0
DWIDTH 14 0
BBX 14 30 0 -7
BITMAP
0000
0000
0000
0000
0000
0000
0000
0000
0000
0000
0000
0000
0000
0000
0000
0000
0000
0000
0000
0000
0000
0000
0000
0000
0C00
0C00
0E00
0600
0000
0000
ENDCHAR
STARTCHAR GkSmlSigLunateRev
ENCODING 891
SWIDTH 467 0
DWIDTH 14 0
BBX 14 30 0 -7
BITMAP
0000
0000
0000
0000
0000
0000
0000
0000
0000
0000
0F80
1FC0
18E0
1060
0060
0060
0060
0060
00C0
41C0
6380
7F00
3C00
0000
0000
0000
0000
0000
0000
0000
ENDCHAR
STARTCHAR GkSmlSigLunateDot
ENCODING 892
SWIDTH 467 0
DWIDTH 14 0
BBX 14 30 0 -7
BITMAP
0000
0000
0000
0000
0000
0000
0000
0000
0000
0000
01E0
07F0
0E30
1C10
1800
3380
3380
3380
3000
3060
38E0
1FC0
0F00
0000
0000
0000
0000
0000
0000
0000
ENDCHAR
STARTCHAR GkSmlSigLunateRevDot
ENCODING 893
SWIDTH 467 0
DWIDTH 14 0
BBX 14 30 0 -7
BITMAP
0000
0000
0000
0000
0000
0000
0000
0000
0000
0000
0F80
1FC0
18E0
1060
0060
0E60
0E60
0E60
00C0
41C0
6380
7F00
3C00
0000
0000
0000
0000
0000
0000
0000
ENDCHAR
STARTCHAR PGkQuestion
ENCODING 894
SWIDTH 467 0
DWIDTH 14 0
BBX 14 30 0 -7
BITMAP
0000
0000
0000
0000
0000
0000
0000
0000
0000
0000
0000
0000
0300
0780
0780
0300
0000
0000
0000
0600
0F00
0700
0600
0E00
1C00
3800
0000
0000
0000
0000
ENDCHAR
STARTCHAR GkCapYot
ENCODING 895
SWIDTH 467 0
DWIDTH 14 0
BBX 14 30 0 -7
BITMAP
0000
0000
0000
0000
0000
0000
003C
003C
0018
0018
0030
0030
0030
0030
0030
0060
0060
6060
6060
60C0
70C0
3F80
1F00
0000
0000
0000
0000
0000
0000
0000
ENDCHAR
STARTCHAR AccGkTonos
ENCODING 900
SWIDTH 467 0
DWIDTH 14 0
BBX 14 30 0 -7
BITMAP
0000
0000
0000
0038
0070
00E0
00C0
0180
0100
0000
0000
0000
0000
0000
0000
0000
0000
0000
0000
0000
0000
0000
0000
0000
0000
0000
0000
0000
0000
0000
ENDCHAR
STARTCHAR AccGkDrssTonos
ENCODING 901
SWIDTH 467 0
DWIDTH 14 0
BBX 14 30 0 -7
BITMAP
0000
0000
0000
0038
0070
00E0
0CCC
0D8C
0D0C
0000
0000
0000
0000
0000
0000
0000
0000
0000
0000
0000
0000
0000
0000
0000
0000
0000
0000
0000
0000
0000
ENDCHAR
STARTCHAR GkCapAlpTon
ENCODING 902
SWIDTH 467 0
DWIDTH 14 0
BBX 14 30 0 -7
BITMAP
0000
0000
0000
0000
0000
0C00
18C0
18C0
31C0
21C0
03C0
0360
0660
0660
0C60
0C60
1FE0
1FE0
3030
3030
6030
6030
E030
0000
0000
0000
0000
0000
0000
0000
ENDCHAR
STARTCHAR PMiddleDotGk
ENCODING 903
SWIDTH 467 0
DWIDTH 14 0
BBX 14 30 0 -7
BITMAP
0000
0000
0000
0000
0000
0000
0000
0000
0000
0000
0300
0780
0780
0300
0000
0000
0000
0000
0000
0000
0000
0000
0000
0000
0000
0000
0000
0000
0000
0000
ENDCHAR
STARTCHAR GkCapEpsTon
ENCODING 904
SWIDTH 467 0
DWIDTH 14 0
BBX 14 30 0 -7
BITMAP
0000
0000
0000
0000
0000
3000
67FC
67FC
C600
8600
0C00
0C00
0C00
0FE0
0FE0
1800
1800
1800
1800
3000
3000
3FE0
3FE0
0000
0000
0000
0000
0000
0000
0000
ENDCHAR
STARTCHAR GkCapEtaTon
ENCODING 905
SWIDTH 467 0
DWIDTH 14 0
BBX 14 30 0 -7
BITMAP
0000
0000
0000
0000
0000
3000
660C
660C
C60C
860C
0C18
0C18
0C18
0FF8
0FF8
1830
1830
1830
1830
3060
3060
3060
3060
0000
0000
0000
0000
0000
0000
0000
ENDCHAR
STARTCHAR GkCapIotTon
ENCODING 906
SWIDTH 467 0
DWIDTH 14 0
BBX 14 30 0 -7
BITMAP
0000
0000
0000
0000
0000
3000
67F8
67F8
C0C0
80C0
00C0
0180
0180
0180
0180
0300
0300
0300
0300
0600
0600
3FC0
3FC0
0000
0000
0000
0000
0000
0000
0000
ENDCHAR
STARTCHAR GkCapOmiTon
ENCODING 908
SWIDTH 467 0
DWIDTH 14 0
BBX 14 30 0 -7
BITMAP
0000
0000
0000
0000
0000
3000
63E0
6FF0
CC30
9818
3818
3018
3018
6018
6018
6018
6030
6030
6070
6060
30C0
3FC0
1F00
0000
0000
0000
0000
0000
0000
0000
ENDCHAR
STARTCHAR GkCapUpsTon
ENCODING 910
SWIDTH 467 0
DWIDTH 14 0
BBX 14 30 0 -7
BITMAP
0000
0000
0000
0000
0000
3000
6C0C
6C1C
CC18
8630
0630
0660
03C0
03C0
0380
0300
0300
0300
0300
0600
0600
0600
0600
0000
0000
0000
0000
0000
0000
0000
ENDCHAR
STARTCHAR GkCapOmeTon
ENCODING 911
SWIDTH 467 0
DWIDTH 14 0
BBX 14 30 0 -7
BITMAP
0000
0000
0000
0000
0000
3000
63F0
67F8
CE18
980C
180C
300C
300C
300C
300C
3018
3018
1870
1CE0
0DC0
1D80
FDF0
F9F0
0000
0000
0000
0000
0000
0000
0000
ENDCHAR
STARTCHAR GkSmlIotDrssTon
ENCODING 912
SWIDTH 467 0
DWIDTH 14 0
BBX 14 30 0 -7
BITMAP
0000
0000
0000
0060
00E0
0CD8
0D98
0D18
0000
0000
0780
0780
0180
0300
0300
0600
0600
0600
0C00
0C00
0E60
07E0
03C0
0000
0000
0000
0000
0000
0000
0000
ENDCHAR
STARTCHAR GkCapAlp
ENCODING 913
SWIDTH 467 0
DWIDTH 14 0
BBX 14 30 0 -7
BITMAP
0000
0000
0000
0000
0000
0000
00C0
00C0
01C0
01C0
03C0
0360
0660
0660
0C60
0C60
1FE0
1FE0
3030
3030
6030
6030
E030
0000
0000
0000
0000
0000
0000
0000
ENDCHAR
STARTCHAR GkCapBet
ENCODING 914
SWIDTH 467 0
DWIDTH 14 0
BBX 14 30 0 -7
BITMAP
0000
0000
0000
0000
0000
0000
0FF0
0FF8
0C18
0C18
1818
1818
1830
1FE0
1FE0
3060
3030
3030
3030
6030
6060
7FE0
7F80
0000
0000
0000
0000
0000
0000
0000
ENDCHAR
STARTCHAR GkCapGam
ENCODING 915
SWIDTH 467 0
DWIDTH 14 0
BBX 14 30 0 -7
BITMAP
0000
0000
0000
0000
0000
0000
0FFC
0FFC
0C00
0C00
1800
1800
1800
1800
1800
3000
3000
3000
3000
6000
6000
6000
6000
0000
0000
0000
0000
0000
0000
0000
ENDCHAR
STARTCHAR GkCapDel
ENCODING 916
SWIDTH 467 0
DWIDTH 14 0
BBX 14 30 0 -7
BITMAP
0000
0000
0000
0000
0000
0000
00C0
00C0
01C0
01C0
03C0
0360
0660
0660
0C60
0C60
1860
1830
3030
3030
6030
7FF0
FFF0
0000
0000
0000
0000
0000
0000
0000
ENDCHAR
STARTCHAR GkCapEps
ENCODING 917
SWIDTH 467 0
DWIDTH 14 0
BBX 14 30 0 -7
BITMAP
0000
0000
0000
0000
0000
0000
0FFC
0FFC
0C00
0C00
1800
1800
1800
1FE0
1FE0
3000
3000
3000
3000
6000
6000
7FE0
7FE0
0000
0000
0000
0000
0000
0000
0000
ENDCHAR
STARTCHAR GkCapZet
ENCODING 918
SWIDTH 467 0
DWIDTH 14 0
BBX 14 30 0 -7
BITMAP
0000
0000
0000
0000
0000
0000
0FFC
0FFC
001C
0038
0070
0060
00C0
01C0
0380
0700
0600
0C00
1C00
3800
7000
7FE0
7FE0
0000
0000
0000
0000
0000
0000
0000
ENDCHAR
STARTCHAR GkCapEta
ENCODING 919
SWIDTH 467 0
DWIDTH 14 0
BBX 14 30 0 -7
BITMAP
0000
0000
0000
0000
0000
0000
0C0C
0C0C
0C0C
0C0C
1818
1818
1818
1FF8
1FF8
3030
3030
3030
3030
6060
6060
6060
6060
0000
0000
0000
0000
0000
0000
0000
ENDCHAR
STARTCHAR GkCapThe
ENCODING 920
SWIDTH 467 0
DWIDTH 14 0
BBX 14 30 0 -7
BITMAP
0000
0000
0000
0000
0000
0000
03E0
0FF0
0C30
1818
3818
3018
3018
6FD8
6FD8
6018
6030
6030
6070
6060
30C0
3FC0
1F00
0000
0000
0000
0000
0000
0000
0000
ENDCHAR
STARTCHAR GkCapIot
ENCODING 921
SWIDTH 467 0
DWIDTH 14 0
BBX 14 30 0 -7
BITMAP
0000
0000
0000
0000
0000
0000
07F8
07F8
00C0
00C0
00C0
0180
0180
0180
0180
0300
0300
0300
0300
0600
0600
3FC0
3FC0
0000
0000
0000
0000
0000
0000
0000
ENDCHAR
STARTCHAR GkCapKap
ENCODING 922
SWIDTH 467 0
DWIDTH 14 0
BBX 14 30 0 -7
BITMAP
0000
0000
0000
0000
0000
0000
0C0C
0C1C
0C38
0C70
18E0
19C0
1B80
1F00
1F00
3D80
3980
3180
30C0
60C0
60C0
6060
6060
0000
0000
0000
0000
0000
0000
0000
ENDCHAR
STARTCHAR GkCapLam
ENCODING 923
SWIDTH 467 0
DWIDTH 14 0
BBX 14 30 0 -7
BITMAP
0000
0000
0000
0000
0000
0000
00C0
00C0
01C0
01C0
03C0
0360
0660
0660
0C60
0C60
1860
1860
3030
3030
6030
6030
E030
0000
0000
0000
0000
0000
0000
0000
ENDCHAR
STARTCHAR GkCapMu
ENCODING 924
SWIDTH 467 0
DWIDTH 14 0
BBX 14 30 0 -7
BITMAP
0000
0000
0000
0000
0000
0000
180C
180C
1C1C
1C3C
3C38
3C78
34D8
34D8
3798
6730
6730
6630
6630
C060
C060
C060
C060
0000
0000
0000
0000
0000
0000
0000
ENDCHAR
STARTCHAR GkCapNu
ENCODING 925
SWIDTH 467 0
DWIDTH 14 0
BBX 14 30 0 -7
BITMAP
0000
0000
0000
0000
0000
0000
0C0C
0C0C
0C0C
0E0C
1E18
1B18
1B18
1B18
3398
31B0
31B0
31B0
30F0
60E0
6060
6060
6060
0000
0000
0000
0000
0000
0000
0000
ENDCHAR
STARTCHAR GkCapXi
ENCODING 926
SWIDTH 467 0
DWIDTH 14 0
BBX 14 30 0 -7
BITMAP
0000
0000
0000
0000
0000
0000
0FFC
0FFC
0000
0000
0000
0000
0000
0FE0
0FE0
0000
0000
0000
0000
0000
0000
7FE0
7FE0
0000
0000
0000
0000
0000
0000
0000
ENDCHAR
STARTCHAR GkCapOmi
ENCODING 927
SWIDTH 467 0
DWIDTH 14 0
BBX 14 30 0 -7
BITMAP
0000
0000
0000
0000
0000
0000
03E0
0FF0
0C30
1818
3818
3018
3018
6018
6018
6018
6030
6030
6070
6060
30C0
3FC0
1F00
0000
0000
0000
0000
0000
0000
0000
ENDCHAR
STARTCHAR GkCapPi
ENCODING 928
SWIDTH 467 0
DWIDTH 14 0
BBX 14 30 0 -7
BITMAP
0000
0000
0000
0000
0000
0000
0FFC
0FFC
0C0C
0C0C
1818
1818
1818
1818
1818
3030
3030
3030
3030
6060
6060
6060
6060
0000
0000
0000
0000
0000
0000
0000
ENDCHAR
STARTCHAR GkCapRho
ENCODING 929
SWIDTH 467 0
DWIDTH 14 0
BBX 14 30 0 -7
BITMAP
0000
0000
0000
0000
0000
0000
0FF0
0FF8
0C18
0C18
1818
1818
1838
1870
3FE0
3FC0
3000
3000
3000
6000
6000
6000
6000
0000
0000
0000
0000
0000
0000
0000
ENDCHAR
STARTCHAR GkCapSig
ENCODING 931
SWIDTH 467 0
DWIDTH 14 0
BBX 14 30 0 -7
BITMAP
0000
0000
0000
0000
0000
0000
0FFC
0FFC
0E00
0600
0300
0300
0180
01C0
00C0
01C0
0380
0700
0E00
1C00
3800
7FE0
7FE0
0000
0000
0000
0000
0000
0000
0000
ENDCHAR
STARTCHAR GkCapTau
ENCODING 932
SWIDTH 467 0
DWIDTH 14 0
BBX 14 30 0 -7
BITMAP
0000
0000
0000
0000
0000
0000
0FFC
0FFC
00C0
00C0
00C0
0180
0180
0180
0180
0300
0300
0300
0300
0600
0600
0600
0600
0000
0000
0000
0000
0000
0000
0000
ENDCHAR
STARTCHAR GkCapUps
ENCODING 933
SWIDTH 467 0
DWIDTH 14 0
BBX 14 30 0 -7
BITMAP
0000
0000
0000
0000
0000
0000
0C0C
0C1C
0C18
0630
0630
0660
03C0
03C0
0380
0300
0300
0300
0300
0600
0600
0600
0600
0000
0000
0000
0000
0000
0000
0000
ENDCHAR
STARTCHAR GkCapPhi
ENCODING 934
SWIDTH 467 0
DWIDTH 14 0
BBX 14 30 0 -7
BITMAP
0000
0000
0000
0000
0000
0000
00C0
00C0
00C0
07F0
1FF8
399C
718C
618C
630C
630C
631C
7338
3FF0
1FC0
0600
0600
0600
0000
0000
0000
0000
0000
0000
0000
ENDCHAR
STARTCHAR GkCapChi
ENCODING 935
SWIDTH 467 0
DWIDTH 14 0
BBX 14 30 0 -7
BITMAP
0000
0000
0000
0000
0000
0000
0C0C
0C1C
0C18
0630
0630
0660
03C0
03C0
0380
0780
0780
0CC0
18C0
18C0
3060
7060
6060
0000
0000
0000
0000
0000
0000
0000
ENDCHAR
STARTCHAR GkCapPsi
ENCODING 936
SWIDTH 467 0
DWIDTH 14 0
BBX 14 30 0 -7
BITMAP
0000
0000
0000
0000
0000
0000
18CC
198C
198C
318C
3198
3318
3318
3330
3FF0
1FC0
0600
0600
0600
0600
0C00
0C00
0C00
0000
0000
0000
0000
0000
0000
0000
ENDCHAR
STARTCHAR GkCapOme
ENCODING 937
SWIDTH 467 0
DWIDTH 14 0
BBX 14 30 0 -7
BITMAP
0000
0000
0000
0000
0000
0000
03F0
07F8
0E18
180C
180C
300C
300C
300C
300C
3018
3018
1870
1CE0
0DC0
1D80
FDF0
F9F0
0000
0000
0000
0000
0000
0000
0000
ENDCHAR
STARTCHAR GkCapIotDrss
ENCODING 938
SWIDTH 467 0
DWIDTH 14 0
BBX 14 30 0 -7
BITMAP
0000
0198
0198
0198
0000
0000
07F8
07F8
00C0
00C0
00C0
0180
0180
0180
0180
0300
0300
0300
0300
0600
0600
3FC0
3FC0
0000
0000
0000
0000
0000
0000
0000
ENDCHAR
STARTCHAR GkCapUpsDrss
ENCODING 939
SWIDTH 467 0
DWIDTH 14 0
BBX 14 30 0 -7
BITMAP
0000
0330
0330
0330
0000
0000
0C0C
0C1C
0C18
0630
0630
0660
03C0
03C0
0380
0300
0300
0300
0300
0600
0600
0600
0600
0000
0000
0000
0000
0000
0000
0000
ENDCHAR
STARTCHAR GkSmlAlpTon
ENCODING 940
SWIDTH 467 0
DWIDTH 14 0
BBX 14 30 0 -7
BITMAP
0000
0000
0000
00C0
01C0
0180
0300
0200
0000
0000
0618
0F18
1F38
39B0
31E0
60E0
60C0
60C0
61C0
63E0
7760
3E38
1C38
0000
0000
0000
0000
0000
0000
0000
ENDCHAR
STARTCHAR GkSmlEpsTon
ENCODING 941
SWIDTH 467 0
DWIDTH 14 0
BBX 14 30 0 -7
BITMAP
0000
0000
0000
0030
0070
0060
00C0
0080
0000
0000
03F0
07F8
0E18
0C00
0C00
0700
1F00
1800
3000
3000
3060
3FE0
1FC0
0000
0000
0000
0000
0000
0000
0000
ENDCHAR
STARTCHAR GkSmlEtaTon
ENCODING 942
SWIDTH 467 0
DWIDTH 14 0
BBX 14 30 0 -7
BITMAP
0000
0000
0000
00C0
01C0
0180
0300
0200
0000
0000
31C0
3BE0
1E70
1C30
1830
3060
3060
3060
3060
60C0
60C0
60C0
60C0
0180
0180
0180
0180
0180
0000
0000
ENDCHAR
STARTCHAR GkSmlIotTon
ENCODING 943
SWIDTH 467 0
DWIDTH 14 0
BBX 14 30 0 -7
BITMAP
0000
0000
0000
0060
00E0
00C0
0180
0100
0000
0000
0780
0780
0180
0300
0300
0600
0600
0600
0C00
0C00
0E60
07E0
03C0
0000
0000
0000
0000
0000
0000
0000
ENDCHAR
STARTCHAR GkSmlUpsDrssTon
ENCODING 944
SWIDTH 467 0
DWIDTH 14 0
BBX 14 30 0 -7
BITMAP
0000
0000
0000
0060
00E0
0CD8
0D98
0D18
0000
0000
1830
1C30
0C30
0C30
1830
1830
1830
3060
3060
30E0
39C0
1F80
0E00
0000
0000
0000
0000
0000
0000
0000
ENDCHAR
STARTCHAR GkSmlAlp
ENCODING 945
SWIDTH 467 0
DWIDTH 14 0
BBX 14 30 0 -7
BITMAP
0000
0000
0000
0000
0000
0000
0000
0000
0000
0000
0618
0F18
1F38
39B0
31E0
60E0
60C0
60C0
61C0
63E0
7760
3E38
1C38
0000
0000
0000
0000
0000
0000
0000
ENDCHAR
STARTCHAR GkSmlBet
ENCODING 946
SWIDTH 467 0
DWIDTH 14 0
BBX 14 30 0 -7
BITMAP
0000
0000
0000
0000
0000
03E0
07F0
0E38
0C18
0C18
1818
1830
19E0
19C0
1860
3030
3030
3030
3030
3060
78E0
6FC0
6780
6000
6000
C000
C000
C000
0000
0000
ENDCHAR
STARTCHAR GkSmlGam
ENCODING 947
SWIDTH 467 0
DWIDTH 14 0
BBX 14 30 0 -7
BITMAP
0000
0000
0000
0000
0000
0000
0000
0000
0000
0000
3030
3838
1818
0C30
0C30
0C60
0CE0
0CC0
0D80
0F00
0F00
0E00
0C00
1C00
1C00
1C00
1800
1800
0000
0000
ENDCHAR
STARTCHAR GkSmlDel
ENCODING 948
SWIDTH 467 0
DWIDTH 14 0
BBX 14 30 0 -7
BITMAP
0000
0000
0000
0000
0000
01F8
03FC
030C
0300
0180
00C0
07C0
0FE0
1C60
1830
3030
3030
3030
3060
30E0
39C0
1F80
0F00
0000
0000
0000
0000
0000
0000
0000
ENDCHAR
STARTCHAR GkSmlEps
ENCODING 949
SWIDTH 467 0
DWIDTH 14 0
BBX 14 30 0 -7
BITMAP
0000
0000
0000
0000
0000
0000
0000
0000
0000
0000
03F0
07F8
0E18
0C00
0C00
0700
1F00
1800
3000
3000
3060
3FE0
1FC0
0000
0000
0000
0000
0000
0000
0000
ENDCHAR
STARTCHAR GkSmlZet
ENCODING 950
SWIDTH 467 0
DWIDTH 14 0
BBX 14 30 0 -7
BITMAP
0000
0000
0000
0000
0000
07F0
07F8
0038
0030
0070
00E0
00C0
0180
0380
0700
0600
0C00
1C00
3800
3000
3000
3FC0
1FE0
0060
0060
01C0
0180
0000
0000
0000
ENDCHAR
STARTCHAR GkSmlEta
ENCODING 951
SWIDTH 467 0
DWIDTH 14 0
BBX 14 30 0 -7
BITMAP
0000
0000
0000
0000
0000
0000
0000
0000
0000
0000
31C0
3BE0
1E70
1C30
1830
3060
3060
3060
3060
60C0
60C0
60C0
60C0
0180
0180
0180
0180
0180
0000
0000
ENDCHAR
STARTCHAR GkSmlThe
ENCODING 952
SWIDTH 467 0
DWIDTH 14 0
BBX 14 30 0 -7
BITMAP
0000
0000
0000
0000
0000
01E0
03F0
0718
0E18
0C18
1818
1818
1818
3FF8
3FF8
3030
3030
3030
3060
30E0
31C0
1F80
0F00
0000
0000
0000
0000
0000
0000
0000
ENDCHAR
STARTCHAR GkSmlIot
ENCODING 953
SWIDTH 467 0
DWIDTH 14 0
BBX 14 30 0 -7
BITMAP
0000
0000
0000
0000
0000
0000
0000
0000
0000
0000
0780
0780
0180
0300
0300
0600
0600
0600
0C00
0C00
0E60
07E0
03C0
0000
0000
0000
0000
0000
0000
0000
ENDCHAR
STARTCHAR GkSmlKap
ENCODING 954
SWIDTH 467 0
DWIDTH 14 0
BBX 14 30 0 -7
BITMAP
0000
0000
0000
0000
0000
0000
0000
0000
0000
0000
1C18
1C38
0C70
0CE0
1980
1B00
1E00
1F00
3380
3180
30C0
60E0
6060
0000
0000
0000
0000
0000
0000
0000
ENDCHAR
STARTCHAR GkSmlLam
ENCODING 955
SWIDTH 467 0
DWIDTH 14 0
BBX 14 30 0 -7
BITMAP
0000
0000
0000
0000
0000
0300
0380
01C0
00C0
00C0
00C0
00C0
00C0
01C0
03C0
03C0
06C0
0CC0
0CC0
18C0
30E0
7070
6030
0000
0000
0000
0000
0000
0000
0000
ENDCHAR
STARTCHAR GkSmlMu
ENCODING 956
SWIDTH 467 0
DWIDTH 14 0
BBX 14 30 0 -7
BITMAP
0000
0000
0000
0000
0000
0000
0000
0000
0000
0000
0C18
0C18
0C18
1818
1830
1830
1830
3060
3060
30E0
39E0
7F70
6630
6000
6000
C000
C000
C000
0000
0000
ENDCHAR
STARTCHAR GkSmlNu
ENCODING 957
SWIDTH 467 0
DWIDTH 14 0
BBX 14 30 0 -7
BITMAP
0000
0000
0000
0000
0000
0000
0000
0000
0000
0000
3030
3838
1818
0C18
0C30
0C30
0C60
0CE0
0CC0
0F80
0F00
0E00
0C00
0000
0000
0000
0000
0000
0000
0000
ENDCHAR
STARTCHAR GkSmlXi
ENCODING 958
SWIDTH 467 0
DWIDTH 14 0
BBX 14 30 0 -7
BITMAP
0000
0000
0000
0000
0000
07F8
07F8
0180
0300
0600
0C00
0C00
0C00
0FC0
07C0
1C00
3800
3000
3000
3000
3000
3FC0
1FE0
0060
0060
01C0
0180
0000
0000
0000
ENDCHAR
STARTCHAR GkSmlOmi
ENCODING 959
SWIDTH 467 0
DWIDTH 14 0
BBX 14 30 0 -7
BITMAP
0000
0000
0000
0000
0000
0000
0000
0000
0000
0000
03C0
07E0
0E70
1C30
1830
3030
3030
3030
3060
30E0
39C0
1F80
0F00
0000
0000
0000
0000
0000
0000
0000
ENDCHAR
STARTCHAR GkSmlPi
ENCODING 960
SWIDTH 467 0
DWIDTH 14 0
BBX 14 30 0 -7
BITMAP
0000
0000
0000
0000
0000
0000
0000
0000
0000
0000
1FFC
3FFC
3660
0660
0CC0
0CC0
0CC0
1980
1980
1980
3180
31E0
30E0
0000
0000
0000
0000
0000
0000
0000
ENDCHAR
STARTCHAR GkSmlRho
ENCODING 961
SWIDTH 467 0
DWIDTH 14 0
BBX 14 30 0 -7
BITMAP
0000
0000
0000
0000
0000
0000
0000
0000
0000
0000
03C0
07E0
0E70
1C30
1830
3030
3030
3030
3060
30E0
79C0
7F80
6700
6000
C000
C000
C000
C000
0000
0000
ENDCHAR
STARTCHAR GkSmlSigTrm
ENCODING 962
SWIDTH 467 0
DWIDTH 14 0
BBX 14 30 0 -7
BITMAP
0000
0000
0000
0000
0000
0000
0000
0000
0000
0000
03E0
07F0
0E30
1C00
1800
3000
3000
3000
3000
3000
3800
1F00
0F80
0180
0180
0700
0600
0000
0000
0000
ENDCHAR
STARTCHAR GkSmlSig
ENCODING 963
SWIDTH 467 0
DWIDTH 14 0
BBX 14 30 0 -7
BITMAP
0000
0000
0000
0000
0000
0000
0000
0000
0000
0004
03FC
0FF8
1C00
38C0
3060
6060
6060
6060
60C0
61C0
7380
3F00
1C00
0000
0000
0000
0000
0000
0000
0000
ENDCHAR
STARTCHAR GkSmlTau
ENCODING 964
SWIDTH 467 0
DWIDTH 14 0
BBX 14 30 0 -7
BITMAP
0000
0000
0000
0000
0000
0000
0000
0000
0000
0000
0FF8
1FF8
1980
0180
0180
0300
0300
0300
0600
0600
0600
07C0
03C0
0000
0000
0000
0000
0000
0000
0000
ENDCHAR
STARTCHAR GkSmlUps
ENCODING 965
SWIDTH 467 0
DWIDTH 14 0
BBX 14 30 0 -7
BITMAP
0000
0000
0000
0000
0000
0000
0000
0000
0000
0000
1830
1C30
0C30
0C30
1830
1830
1830
3060
3060
30E0
39C0
1F80
0E00
0000
0000
0000
0000
0000
0000
0000
ENDCHAR
STARTCHAR GkSmlPhi
ENCODING 966
SWIDTH 467 0
DWIDTH 14 0
BBX 14 30 0 -7
BITMAP
0000
0000
0000
0000
0000
0000
0000
0000
0000
0000
0070
00F8
1998
398C
318C
630C
630C
6318
6318
6638
6670
3FE0
1FC0
0600
0600
0C00
0C00
0C00
0000
0000
ENDCHAR
STARTCHAR GkSmlChi
ENCODING 967
SWIDTH 467 0
DWIDTH 14 0
BBX 14 30 0 -7
BITMAP
0000
0000
0000
0000
0000
0000
0000
0000
0000
0000
1818
1C18
0C30
0630
0660
06C0
0780
0380
0300
0700
0700
0F00
1B00
1B00
3300
6180
C1C0
C0C0
0000
0000
ENDCHAR
STARTCHAR GkSmlPsi
ENCODING 968
SWIDTH 467 0
DWIDTH 14 0
BBX 14 30 0 -7
BITMAP
0000
0000
0000
0000
0000
00C0
00C0
00C0
00C0
00C0
318C
398C
198C
198C
3198
3318
3318
6318
6330
6330
3630
3FE0
1FC0
0600
0600
0C00
0C00
0C00
0000
0000
ENDCHAR
STARTCHAR GkSmlOme
ENCODING 969
SWIDTH 467 0
DWIDTH 14 0
BBX 14 30 0 -7
BITMAP
0000
0000
0000
0000
0000
0000
0000
0000
0000
0000
0C30
1C30
1818
3018
3018
6318
6318
6318
6318
6730
6F30
79E0
30C0
0000
0000
0000
0000
0000
0000
0000
ENDCHAR
STARTCHAR GkSmlIotDrss
ENCODING 970
SWIDTH 467 0
DWIDTH 14 0
BBX 14 30 0 -7
BITMAP
0000
0000
0000
0000
0000
0660
0660
0660
0000
0000
0780
0780
0180
0300
0300
0600
0600
0600
0C00
0C00
0E60
07E0
03C0
0000
0000
0000
0000
0000
0000
0000
ENDCHAR
STARTCHAR GkSmlUpsDrss
ENCODING 971
SWIDTH 467 0
DWIDTH 14 0
BBX 14 30 0 -7
BITMAP
0000
0000
0000
0000
0000
0660
0660
0660
0000
0000
1830
1C30
0C30
0C30
1830
1830
1830
3060
3060
30E0
39C0
1F80
0E00
0000
0000
0000
0000
0000
0000
0000
ENDCHAR
STARTCHAR GkSmlOmiTon
ENCODING 972
SWIDTH 467 0
DWIDTH 14 0
BBX 14 30 0 -7
BITMAP
0000
0000
0000
0060
00E0
00C0
0180
0100
0000
0000
03C0
07E0
0E70
1C30
1830
3030
3030
3030
3060
30E0
39C0
1F80
0F00
0000
0000
0000
0000
0000
0000
0000
ENDCHAR
STARTCHAR GkSmlUpsTon
ENCODING 973
SWIDTH 467 0
DWIDTH 14 0
BBX 14 30 0 -7
BITMAP
0000
0000
0000
0060
00E0
00C0
0180
0100
0000
0000
1830
1C30
0C30
0C30
1830
1830
1830
3060
3060
30E0
39C0
1F80
0E00
0000
0000
0000
0000
0000
0000
0000
ENDCHAR
STARTCHAR GkSmlOmeTon
ENCODING 974
SWIDTH 467 0
DWIDTH 14 0
BBX 14 30 0 -7
BITMAP
0000
0000
0000
0060
00E0
00C0
0180
0100
0000
0000
0C30
1C30
1818
3018
3018
6318
6318
6318
6318
6730
6F30
79E0
30C0
0000
0000
0000
0000
0000
0000
0000
ENDCHAR
STARTCHAR SGkCapKai
ENCODING 975
SWIDTH 467 0
DWIDTH 14 0
BBX 14 30 0 -7
BITMAP
0000
0000
0000
0000
0000
0000
0C0C
0C1C
0C38
0C70
18E0
19C0
1B80
1F00
1F00
3D80
3980
30C0
30C0
60C0
6060
6060
60E0
07C0
0F80
1C00
1800
1800
0000
0000
ENDCHAR
STARTCHAR GkSmlBetAlt
ENCODING 976
SWIDTH 467 0
DWIDTH 14 0
BBX 14 30 0 -7
BITMAP
0000
0000
0000
0000
0000
00F0
01F8
0318
0618
0F30
0DE0
1800
1800
1B80
3FE0
3C70
3830
3030
3030
3030
3860
1FC0
0F80
0000
0000
0000
0000
0000
0000
0000
ENDCHAR
STARTCHAR GkSmlTheAlt
ENCODING 977
SWIDTH 467 0
DWIDTH 14 0
BBX 14 30 0 -7
BITMAP
0000
0000
0000
0000
0000
01E0
03F0
0718
0618
0618
0618
07FC
03FC
0030
6030
7030
3060
3060
3060
30C0
31C0
3F80
1F00
0000
0000
0000
0000
0000
0000
0000
ENDCHAR
STARTCHAR GkCapUpsAlt
ENCODING 978
SWIDTH 467 0
DWIDTH 14 0
BBX 14 30 0 -7
BITMAP
0000
0000
0000
0000
0000
0000
1C0C
1E3C
0770
0360
0360
03C0
0180
0180
0180
0300
0300
0300
0300
0600
0600
0600
0600
0000
0000
0000
0000
0000
0000
0000
ENDCHAR
STARTCHAR GkCapUpsAltTon
ENCODING 979
SWIDTH 467 0
DWIDTH 14 0
BBX 14 30 0 -7
BITMAP
0000
0000
0000
0000
0000
3000
6C0C
6E3C
C770
8360
0360
03C0
0180
0180
0180
0300
0300
0300
0300
0600
0600
0600
0600
0000
0000
0000
0000
0000
0000
0000
ENDCHAR
STARTCHAR GkCapUpsAltDrss
ENCODING 980
SWIDTH 467 0
DWIDTH 14 0
BBX 14 30 0 -7
BITMAP
0000
0330
0330
0330
0000
0000
1C0C
1E3C
0770
0360
0360
03C0
0180
0180
0180
0300
0300
0300
0300
0600
0600
0600
0600
0000
0000
0000
0000
0000
0000
0000
ENDCHAR
STARTCHAR GkSmlPhiAlt
ENCODING 981
SWIDTH 467 0
DWIDTH 14 0
BBX 14 30 0 -7
BITMAP
0000
0000
0000
0000
0000
00C0
00C0
00C0
0180
0180
07E0
0FF0
1998
3198
6318
6318
6318
6318
6318
6630
6660
3FC0
1F80
0600
0600
0C00
0C00
0C00
0000
0000
ENDCHAR
STARTCHAR GkSmlPiAlt
ENCODING 982
SWIDTH 467 0
DWIDTH 14 0
BBX 14 30 0 -7
BITMAP
0000
0000
0000
0000
0000
0000
0000
0000
0000
0000
3FFC
3FFC
1830
3018
3018
6018
6318
6318
6318
6718
6F30
79E0
30C0
0000
0000
0000
0000
0000
0000
0000
ENDCHAR
STARTCHAR SGkKai
ENCODING 983
SWIDTH 467 0
DWIDTH 14 0
BBX 14 30 0 -7
BITMAP
0000
0000
0000
0000
0000
0000
0000
0000
0000
0000
1C18
1C38
0C70
0CE0
1980
1B00
1E00
1F00
3380
3180
30C0
60E0
6060
0060
0FC0
1F80
3000
3000
0000
0000
ENDCHAR
STARTCHAR GkCapKopAlt1
ENCODING 984
SWIDTH 467 0
DWIDTH 14 0
BBX 14 30 0 -7
BITMAP
0000
0000
0000
0000
0000
0000
01E0
07F0
0E38
0C18
1818
1818
1818
1830
1C70
0FE0
0780
0300
0300
0300
0600
0600
0600
0000
0000
0000
0000
0000
0000
0000
ENDCHAR
STARTCHAR GkSmlKopAlt1
ENCODING 985
SWIDTH 467 0
DWIDTH 14 0
BBX 14 30 0 -7
BITMAP
0000
0000
0000
0000
0000
0000
0000
0000
0000
0000
03C0
07E0
0E70
1C30
1830
3030
3030
3030
3070
30E0
39C0
1F80
0F00
0600
0600
0C00
0C00
0C00
0000
0000
ENDCHAR
STARTCHAR GkCapSti
ENCODING 986
SWIDTH 467 0
DWIDTH 14 0
BBX 14 30 0 -7
BITMAP
0000
0000
0000
0000
0000
0000
01FC
07FC
0E00
0C00
1800
1800
1800
1800
1FE0
0FE0
00C0
00C0
00C0
0180
0180
0180
0180
0000
0000
0000
0000
0000
0000
0000
ENDCHAR
STARTCHAR GkSmlSti
ENCODING 987
SWIDTH 467 0
DWIDTH 14 0
BBX 14 30 0 -7
BITMAP
0000
0000
0000
0000
0000
0000
0000
0000
0000
000C
03FC
07F8
0E00
1C00
1800
3000
3000
3000
3000
3000
3800
1E00
0F00
0300
0300
0E00
0C00
0000
0000
0000
ENDCHAR
STARTCHAR GkCapDig
ENCODING 988
SWIDTH 467 0
DWIDTH 14 0
BBX 14 30 0 -7
BITMAP
0000
0000
0000
0000
0000
0000
0FFC
0FFC
0C00
0C00
1800
1800
1800
1FE0
1FE0
3000
3000
3000
3000
6000
6000
6000
6000
0000
0000
0000
0000
0000
0000
0000
ENDCHAR
STARTCHAR GkSmlDig
ENCODING 989
SWIDTH 467 0
DWIDTH 14 0
BBX 14 30 0 -7
BITMAP
0000
0000
0000
0000
0000
0000
0000
0000
0000
0000
03F8
0FF8
1C00
1800
1800
3000
3000
3F80
3F80
3000
6000
6000
6000
6000
C000
C000
C000
C000
0000
0000
ENDCHAR
STARTCHAR GkCapKop
ENCODING 990
SWIDTH 467 0
DWIDTH 14 0
BBX 14 30 0 -7
BITMAP
0000
0000
0000
0000
0000
0000
01C0
01C0
0380
0700
0600
0E00
1C00
1FF8
1FF8
0038
0070
00E0
00C0
01C0
0380
0700
0700
0000
0000
0000
0000
0000
0000
0000
ENDCHAR
STARTCHAR GkSmlKop
ENCODING 991
SWIDTH 467 0
DWIDTH 14 0
BBX 14 30 0 -7
BITMAP
0000
0000
0000
0000
0000
1800
1C00
0C00
0C00
0C00
0C00
1800
1818
1838
18F0
31F0
3330
3E30
3C60
7060
6060
0060
00C0
00C0
00C0
00C0
00C0
00C0
0000
0000
ENDCHAR
STARTCHAR GkCapSam
ENCODING 992
SWIDTH 467 0
DWIDTH 14 0
BBX 14 30 0 -7
BITMAP
0000
0000
0000
0000
0000
0000
00C0
00C0
01C0
01C0
03C0
0360
0660
0660
0C60
0CE0
18E0
19B0
31B0
3330
6330
6630
E630
0000
0000
0000
0000
0000
0000
0000
ENDCHAR
STARTCHAR GkSmlSam
ENCODING 993
SWIDTH 467 0
DWIDTH 14 0
BBX 14 30 0 -7
BITMAP
0000
0000
0000
0000
0000
0E00
0F00
0380
01C0
00C0
00E0
01E0
03E0
0760
0E70
1CF0
39F0
33B0
0730
0E30
1C30
3830
3060
0060
0060
00C0
00C0
00C0
0000
0000
ENDCHAR
STARTCHAR GkSmlKapAlt
ENCODING 1008
SWIDTH 467 0
DWIDTH 14 0
BBX 14 30 0 -7
BITMAP
0000
0000
0000
0000
0000
0000
0000
0000
0000
0000
3018
3838
1838
0C70
0CE0
0DC0
0FC0
1EC0
18C0
78C0
F0E0
E070
C030
0000
0000
0000
0000
0000
0000
0000
ENDCHAR
STARTCHAR GkSmlRhoAlt
ENCODING 1009
SWIDTH 467 0
DWIDTH 14 0
BBX 14 30 0 -7
BITMAP
0000
0000
0000
0000
0000
0000
0000
0000
0000
0000
03C0
07E0
0E70
1C30
1830
1830
3030
3030
3060
30E0
79C0
6F80
6700
6000
C000
C000
FF00
7F00
0000
0000
ENDCHAR
STARTCHAR GkSmlSigLunate
ENCODING 1010
SWIDTH 467 0
DWIDTH 14 0
BBX 14 30 0 -7
BITMAP
0000
0000
0000
0000
0000
0000
0000
0000
0000
0000
01E0
07F0
0E30
1C10
1800
3000
3000
3000
3000
3060
38E0
1FC0
0F00
0000
0000
0000
0000
0000
0000
0000
ENDCHAR
STARTCHAR GkSmlYot
ENCODING 1011
SWIDTH 467 0
DWIDTH 14 0
BBX 14 30 0 -7
BITMAP
0000
0000
0000
0000
0000
0060
0060
0060
0000
0000
07C0
07C0
00C0
00C0
00C0
0180
0180
0180
0180
0180
0300
0300
0300
0300
0700
CE00
FC00
7800
0000
0000
ENDCHAR
STARTCHAR GkCapTheAlt
ENCODING 1012
SWIDTH 467 0
DWIDTH 14 0
BBX 14 30 0 -7
BITMAP
0000
0000
0000
0000
0000
0000
03E0
0FF0
0C30
1818
3818
3018
3018
7FF8
7FF8
6018
6030
6030
6070
6060
30C0
3FC0
1F00
0000
0000
0000
0000
0000
0000
0000
ENDCHAR
STARTCHAR GkSmlEpsAlt
ENCODING 1013
SWIDTH 467 0
DWIDTH 14 0
BBX 14 30 0 -7
BITMAP
0000
0000
0000
0000
0000
0000
0000
0000
0000
0000
03F0
07F8
0E18
1C00
1800
3F80
3F80
3000
3000
3000
1860
1FE0
07C0
0000
0000
0000
0000
0000
0000
0000
ENDCHAR
STARTCHAR GkSmlEpsRevAlt
ENCODING 1014
SWIDTH 467 0
DWIDTH 14 0
BBX 14 30 0 -7
BITMAP
0000
0000
0000
0000
0000
0000
0000
0000
0000
0000
0F80
1FE0
1860
0030
0030
07F0
07F0
0030
0060
00E0
61C0
7F80
3F00
0000
0000
0000
0000
0000
0000
0000
ENDCHAR
STARTCHAR GkCapSho
ENCODING 1015
SWIDTH 467 0
DWIDTH 14 0
BBX 14 30 0 -7
BITMAP
0000
0000
0000
0000
0000
0000
0C00
0C00
0C00
0C00
1FE0
1FF0
1830
1830
3030
3030
3070
3FE0
3FC0
6000
6000
6000
6000
0000
0000
0000
0000
0000
0000
0000
ENDCHAR
STARTCHAR GkSmlSho
ENCODING 1016
SWIDTH 467 0
DWIDTH 14 0
BBX 14 30 0 -7
BITMAP
0000
0000
0000
0000
0000
0C00
0C00
0C00
0C00
0C00
19C0
1BE0
1E70
1C30
1830
3030
3030
3030
3060
30E0
79C0
6F80
6700
6000
6000
C000
C000
C000
0000
0000
ENDCHAR
STARTCHAR GkCapSigLunate
ENCODING 1017
SWIDTH 467 0
DWIDTH 14 0
BBX 14 30 0 -7
BITMAP
0000
0000
0000
0000
0000
0000
00F8
03FC
070C
0E04
0C00
1800
1800
3000
3000
3000
3000
3000
3000
3020
1860
1FE0
0FC0
0000
0000
0000
0000
0000
0000
0000
ENDCHAR
STARTCHAR GkCapSan
ENCODING 1018
SWIDTH 467 0
DWIDTH 14 0
BBX 14 30 0 -7
BITMAP
0000
0000
0000
0000
0000
0000
0618
0618
0738
0F78
0FF8
0DD8
1998
1998
1818
3030
3030
6030
6030
6030
C030
C030
C030
0000
0000
0000
0000
0000
0000
0000
ENDCHAR
STARTCHAR GkSmlSan
ENCODING 1019
SWIDTH 467 0
DWIDTH 14 0
BBX 14 30 0 -7
BITMAP
0000
0000
0000
0000
0000
0000
0000
0000
0000
0000
1818
1C38
1C78
1EF8
33B0
3330
3330
3030
3030
6060
6060
6060
6060
6000
C000
C000
C000
C000
0000
0000
ENDCHAR
STARTCHAR GkSmlRhoStroke
ENCODING 1020
SWIDTH 467 0
DWIDTH 14 0
BBX 14 30 0 -7
BITMAP
0000
0000
0000
0000
0000
0000
0000
0000
0000
0000
01E0
03F0
0738
0E18
0C18
1818
1818
1818
1830
1870
3CE0
3FC0
3380
3000
FF80
FF80
6000
6000
0000
0000
ENDCHAR
STARTCHAR GkCapSigLunateRev
ENCODING 1021
SWIDTH 467 0
DWIDTH 14 0
BBX 14 30 0 -7
BITMAP
0000
0000
0000
0000
0000
0000
07E0
0FF0
0C30
0818
0018
0018
0018
0018
0018
0018
0030
0030
0060
40E0
61C0
7F80
3F00
0000
0000
0000
0000
0000
0000
0000
ENDCHAR
STARTCHAR GkCapSigLunateDot
ENCODING 1022
SWIDTH 467 0
DWIDTH 14 0
BBX 14 30 0 -7
BITMAP
0000
0000
0000
0000
0000
0000
00F8
03FC
070C
0E04
0C00
1800
1800
31C0
31C0
31C0
3000
3000
3000
3020
1860
1FE0
0FC0
0000
0000
0000
0000
0000
0000
0000
ENDCHAR
STARTCHAR GkCapSigLunateRevDot
ENCODING 1023
SWIDTH 467 0
DWIDTH 14 0
BBX 14 30 0 -7
BITMAP
0000
0000
0000
0000
0000
0000
07E0
0FF0
0C30
0818
0018
0018
0018
0718
0718
0718
0030
0030
0060
40E0
61C0
7F80
3F00
0000
0000
0000
0000
0000
0000
0000
ENDCHAR
STARTCHAR CyCapIeGrave
ENCODING 1024
SWIDTH 467 0
DWIDTH 14 0
BBX 14 30 0 -7
BITMAP
0000
03C0
01C0
00E0
0060
0000
0FFC
0FFC
0C00
0C00
1800
1800
1800
1FE0
1FE0
3000
3000
3000
3000
6000
6000
7FE0
7FE0
0000
0000
0000
0000
0000
0000
0000
ENDCHAR
STARTCHAR CyCapIeDrss
ENCODING 1025
SWIDTH 467 0
DWIDTH 14 0
BBX 14 30 0 -7
BITMAP
0000
0330
0330
0330
0000
0000
0FFC
0FFC
0C00
0C00
1800
1800
1800
1FE0
1FE0
3000
3000
3000
3000
6000
6000
7FE0
7FE0
0000
0000
0000
0000
0000
0000
0000
ENDCHAR
STARTCHAR CyCapDje
ENCODING 1026
SWIDTH 467 0
DWIDTH 14 0
BBX 14 30 0 -7
BITMAP
0000
0000
0000
0000
0000
0000
1FF8
1FF8
0300
0300
0600
0600
06E0
07F0
0718
0C18
0C18
0C30
0C30
0C30
1830
1830
1860
0060
0060
06E0
07C0
0380
0000
0000
ENDCHAR
STARTCHAR CyCapGheAcute
ENCODING 1027
SWIDTH 467 0
DWIDTH 14 0
BBX 14 30 0 -7
BITMAP
0000
0078
0070
00E0
01C0
0000
0FFC
0FFC
0C00
0C00
1800
1800
1800
1800
1800
3000
3000
3000
3000
6000
6000
6000
6000
0000
0000
0000
0000
0000
0000
0000
ENDCHAR
STARTCHAR CyCapIeUkr
ENCODING 1028
SWIDTH 467 0
DWIDTH 14 0
BBX 14 30 0 -7
BITMAP
0000
0000
0000
0000
0000
0000
00F8
03FC
070C
0E04
0C00
1800
1800
3FE0
3FE0
3000
3000
3000
3000
3020
1860
1FE0
0FC0
0000
0000
0000
0000
0000
0000
0000
ENDCHAR
STARTCHAR CyCapDze
ENCODING 1029
SWIDTH 467 0
DWIDTH 14 0
BBX 14 30 0 -7
BITMAP
0000
0000
0000
0000
0000
0000
03F8
07FC
0E0C
0C0C
0C00
0E00
0600
0700
0380
01C0
00C0
00E0
0060
6060
60E0
7FC0
3F80
0000
0000
0000
0000
0000
0000
0000
ENDCHAR
STARTCHAR CyCapIUkr
ENCODING 1030
SWIDTH 467 0
DWIDTH 14 0
BBX 14 30 0 -7
BITMAP
0000
0000
0000
0000
0000
0000
07F8
07F8
00C0
00C0
00C0
0180
0180
0180
0180
0300
0300
0300
0300
0600
0600
3FC0
3FC0
0000
0000
0000
0000
0000
0000
0000
ENDCHAR
STARTCHAR CyCapIUkrDrss
ENCODING 1031
SWIDTH 467 0
DWIDTH 14 0
BBX 14 30 0 -7
BITMAP
0000
0198
0198
0198
0000
0000
07F8
07F8
00C0
00C0
00C0
0180
0180
0180
0180
0300
0300
0300
0300
0600
0600
3FC0
3FC0
0000
0000
0000
0000
0000
0000
0000
ENDCHAR
STARTCHAR CyCapJe
ENCODING 1032
SWIDTH 467 0
DWIDTH 14 0
BBX 14 30 0 -7
BITMAP
0000
0000
0000
0000
0000
0000
003C
003C
0018
0018
0030
0030
0030
0030
0030
0060
0060
6060
6060
60C0
70C0
3F80
1F00
0000
0000
0000
0000
0000
0000
0000
ENDCHAR
STARTCHAR CyCapLje
ENCODING 1033
SWIDTH 467 0
DWIDTH 14 0
BBX 14 30 0 -7
BITMAP
0000
0000
0000
0000
0000
0000
07E0
07E0
0660
0660
0CC0
0CC0
0CC0
0CF0
0CF8
1998
1998
1998
1998
3318
7330
E3E0
C3C0
0000
0000
0000
0000
0000
0000
0000
ENDCHAR
STARTCHAR CyCapNje
ENCODING 1034
SWIDTH 467 0
DWIDTH 14 0
BBX 14 30 0 -7
BITMAP
0000
0000
0000
0000
0000
0000
1860
1860
1860
1860
30C0
30C0
30C0
3FF0
3FF8
6198
6198
6198
6198
C318
C330
C3E0
C3C0
0000
0000
0000
0000
0000
0000
0000
ENDCHAR
STARTCHAR CyCapTshe
ENCODING 1035
SWIDTH 467 0
DWIDTH 14 0
BBX 14 30 0 -7
BITMAP
0000
0000
0000
0000
0000
0000
1FF8
1FF8
0300
0300
0600
0600
06E0
07F0
0718
0C18
0C18
0C18
0C30
0C30
1830
1830
1830
0000
0000
0000
0000
0000
0000
0000
ENDCHAR
STARTCHAR CyCapKaAcute
ENCODING 1036
SWIDTH 467 0
DWIDTH 14 0
BBX 14 30 0 -7
BITMAP
0000
0078
0070
00E0
01C0
0000
0C0C
0C1C
0C38
0C70
18E0
19C0
1B80
1F00
1F00
3D80
3980
3180
30C0
60C0
60C0
6060
6060
0000
0000
0000
0000
0000
0000
0000
ENDCHAR
STARTCHAR CyCapIGrave
ENCODING 1037
SWIDTH 467 0
DWIDTH 14 0
BBX 14 30 0 -7
BITMAP
0000
03C0
01C0
00E0
0060
0000
0C0C
0C0C
0C1C
0C3C
1878
1878
18D8
19D8
3398
3730
3630
3C30
3C30
7860
7060
6060
6060
0000
0000
0000
0000
0000
0000
0000
ENDCHAR
STARTCHAR CyCapUBreve
ENCODING 1038
SWIDTH 467 0
DWIDTH 14 0
BBX 14 30 0 -7
BITMAP
0000
030C
030C
03FC
01F8
0000
0C0C
0C0C
0C0C
0618
0618
0630
0330
0360
01E0
01C0
01C0
0180
0180
6300
6700
7E00
3C00
0000
0000
0000
0000
0000
0000
0000
ENDCHAR
STARTCHAR CyCapDzhe
ENCODING 1039
SWIDTH 467 0
DWIDTH 14 0
BBX 14 30 0 -7
BITMAP
0000
0000
0000
0000
0000
0000
0C0C
0C0C
0C0C
0C0C
1818
1818
1818
1818
1818
3030
3030
3030
3030
6060
6060
7FE0
7FE0
0600
0C00
0C00
0C00
0000
0000
0000
ENDCHAR
STARTCHAR CyCapA
ENCODING 1040
SWIDTH 467 0
DWIDTH 14 0
BBX 14 30 0 -7
BITMAP
0000
0000
0000
0000
0000
0000
00C0
00C0
01C0
01C0
03C0
0360
0660
0660
0C60
0C60
1FE0
1FE0
3030
3030
6030
6030
E030
0000
0000
0000
0000
0000
0000
0000
ENDCHAR
STARTCHAR CyCapBe
ENCODING 1041
SWIDTH 467 0
DWIDTH 14 0
BBX 14 30 0 -7
BITMAP
0000
0000
0000
0000
0000
0000
0FF8
0FF8
0C00
0C00
1800
1800
1800
1FC0
1FE0
3060
3030
3030
3030
6030
6060
7FE0
7F80
0000
0000
0000
0000
0000
0000
0000
ENDCHAR
STARTCHAR CyCapVe
ENCODING 1042
SWIDTH 467 0
DWIDTH 14 0
BBX 14 30 0 -7
BITMAP
0000
0000
0000
0000
0000
0000
0FF0
0FF8
0C18
0C18
1818
1818
1830
1FE0
1FE0
3060
3030
3030
3030
6030
6060
7FE0
7F80
0000
0000
0000
0000
0000
0000
0000
ENDCHAR
STARTCHAR CyCapGhe
ENCODING 1043
SWIDTH 467 0
DWIDTH 14 0
BBX 14 30 0 -7
BITMAP
0000
0000
0000
0000
0000
0000
0FFC
0FFC
0C00
0C00
1800
1800
1800
1800
1800
3000
3000
3000
3000
6000
6000
6000
6000
0000
0000
0000
0000
0000
0000
0000
ENDCHAR
STARTCHAR CyCapDe
ENCODING 1044
SWIDTH 467 0
DWIDTH 14 0
BBX 14 30 0 -7
BITMAP
0000
0000
0000
0000
0000
0000
03FC
03FC
030C
030C
060C
0618
0618
0618
0C18
0C30
0C30
0C30
1830
1860
3060
7FF0
7FF0
6030
C060
C060
C060
0000
0000
0000
ENDCHAR
STARTCHAR CyCapIe
ENCODING 1045
SWIDTH 467 0
DWIDTH 14 0
BBX 14 30 0 -7
BITMAP
0000
0000
0000
0000
0000
0000
0FFC
0FFC
0C00
0C00
1800
1800
1800
1FE0
1FE0
3000
3000
3000
3000
6000
6000
7FE0
7FE0
0000
0000
0000
0000
0000
0000
0000
ENDCHAR
STARTCHAR CyCapZhe
ENCODING 1046
SWIDTH 467 0
DWIDTH 14 0
BBX 14 30 0 -7
BITMAP
0000
0000
0000
0000
0000
0000
18CC
18CC
198C
1998
1998
1930
0B60
0780
0FC0
1B60
3260
6660
6660
6660
C660
CC60
CC60
0000
0000
0000
0000
0000
0000
0000
ENDCHAR
STARTCHAR CyCapZe
ENCODING 1047
SWIDTH 467 0
DWIDTH 14 0
BBX 14 30 0 -7
BITMAP
0000
0000
0000
0000
0000
0000
07E0
0FF0
0C38
0818
0018
0038
0070
03E0
03C0
00C0
0060
0060
0060
4060
60C0
7FC0
3F80
0000
0000
0000
0000
0000
0000
0000
ENDCHAR
STARTCHAR CyCapI
ENCODING 1048
SWIDTH 467 0
DWIDTH 14 0
BBX 14 30 0 -7
BITMAP
0000
0000
0000
0000
0000
0000
0C0C
0C0C
0C1C
0C3C
1878
1878
18D8
19D8
3398
3730
3630
3C30
3C30
7860
7060
6060
6060
0000
0000
0000
0000
0000
0000
0000
ENDCHAR
STARTCHAR CyCapIBreve
ENCODING 1049
SWIDTH 467 0
DWIDTH 14 0
BBX 14 30 0 -7
BITMAP
0000
030C
030C
03FC
01F8
0000
0C0C
0C0C
0C1C
0C3C
1878
1878
18D8
19D8
3398
3730
3630
3C30
3C30
7860
7060
6060
6060
0000
0000
0000
0000
0000
0000
0000
ENDCHAR
STARTCHAR CyCapKa
ENCODING 1050
SWIDTH 467 0
DWIDTH 14 0
BBX 14 30 0 -7
BITMAP
0000
0000
0000
0000
0000
0000
0C0C
0C1C
0C38
0C70
18E0
19C0
1B80
1F00
1F00
3D80
3980
3180
30C0
60C0
60C0
6060
6060
0000
0000
0000
0000
0000
0000
0000
ENDCHAR
STARTCHAR CyCapEl
ENCODING 1051
SWIDTH 467 0
DWIDTH 14 0
BBX 14 30 0 -7
BITMAP
0000
0000
0000
0000
0000
0000
03FC
03FC
030C
030C
0618
0618
0618
0618
0618
0C30
0C30
0C30
0C30
1860
3860
F060
E060
0000
0000
0000
0000
0000
0000
0000
ENDCHAR
STARTCHAR CyCapEm
ENCODING 1052
SWIDTH 467 0
DWIDTH 14 0
BBX 14 30 0 -7
BITMAP
0000
0000
0000
0000
0000
0000
180C
180C
1C1C
1C3C
3C38
3C78
34D8
34D8
3798
6730
6730
6630
6630
C060
C060
C060
C060
0000
0000
0000
0000
0000
0000
0000
ENDCHAR
STARTCHAR CyCapEn
ENCODING 1053
SWIDTH 467 0
DWIDTH 14 0
BBX 14 30 0 -7
BITMAP
0000
0000
0000
0000
0000
0000
0C0C
0C0C
0C0C
0C0C
1818
1818
1818
1FF8
1FF8
3030
3030
3030
3030
6060
6060
6060
6060
0000
0000
0000
0000
0000
0000
0000
ENDCHAR
STARTCHAR CyCapO
ENCODING 1054
SWIDTH 467 0
DWIDTH 14 0
BBX 14 30 0 -7
BITMAP
0000
0000
0000
0000
0000
0000
03E0
0FF0
0C30
1818
3818
3018
3018
6018
6018
6018
6030
6030
6070
6060
30C0
3FC0
1F00
0000
0000
0000
0000
0000
0000
0000
ENDCHAR
STARTCHAR CyCapPe
ENCODING 1055
SWIDTH 467 0
DWIDTH 14 0
BBX 14 30 0 -7
BITMAP
0000
0000
0000
0000
0000
0000
0FFC
0FFC
0C0C
0C0C
1818
1818
1818
1818
1818
3030
3030
3030
3030
6060
6060
6060
6060
0000
0000
0000
0000
0000
0000
0000
ENDCHAR
STARTCHAR CyCapEr
ENCODING 1056
SWIDTH 467 0
DWIDTH 14 0
BBX 14 30 0 -7
BITMAP
0000
0000
0000
0000
0000
0000
0FF0
0FF8
0C18
0C18
1818
1818
1838
1870
3FE0
3FC0
3000
3000
3000
6000
6000
6000
6000
0000
0000
0000
0000
0000
0000
0000
ENDCHAR
STARTCHAR CyCapEs
ENCODING 1057
SWIDTH 467 0
DWIDTH 14 0
BBX 14 30 0 -7
BITMAP
0000
0000
0000
0000
0000
0000
00F8
03FC
070C
0E04
0C00
1800
1800
3000
3000
3000
3000
3000
3000
3020
1860
1FE0
0FC0
0000
0000
0000
0000
0000
0000
0000
ENDCHAR
STARTCHAR CyCapTe
ENCODING 1058
SWIDTH 467 0
DWIDTH 14 0
BBX 14 30 0 -7
BITMAP
0000
0000
0000
0000
0000
0000
0FFC
0FFC
00C0
00C0
00C0
0180
0180
0180
0180
0300
0300
0300
0300
0600
0600
0600
0600
0000
0000
0000
0000
0000
0000
0000
ENDCHAR
STARTCHAR CyCapU
ENCODING 1059
SWIDTH 467 0
DWIDTH 14 0
BBX 14 30 0 -7
BITMAP
0000
0000
0000
0000
0000
0000
0C0C
0C0C
0C0C
0618
0618
0630
0330
0360
01E0
01C0
01C0
0180
0180
6300
6700
7E00
3C00
0000
0000
0000
0000
0000
0000
0000
ENDCHAR
STARTCHAR CyCapEf
ENCODING 1060
SWIDTH 467 0
DWIDTH 14 0
BBX 14 30 0 -7
BITMAP
0000
0000
0000
0000
0000
00C0
00C0
00C0
07F0
0FF8
1998
318C
318C
618C
618C
630C
630C
6318
6318
3330
3FE0
1FC0
0600
0600
0600
0000
0000
0000
0000
0000
ENDCHAR
STARTCHAR CyCapHa
ENCODING 1061
SWIDTH 467 0
DWIDTH 14 0
BBX 14 30 0 -7
BITMAP
0000
0000
0000
0000
0000
0000
0C0C
0C1C
0C18
0630
0630
0660
03C0
03C0
0380
0780
0780
0CC0
18C0
18C0
3060
7060
6060
0000
0000
0000
0000
0000
0000
0000
ENDCHAR
STARTCHAR CyCapTse
ENCODING 1062
SWIDTH 467 0
DWIDTH 14 0
BBX 14 30 0 -7
BITMAP
0000
0000
0000
0000
0000
0000
0C0C
0C0C
0C0C
0C0C
1818
1818
1818
1818
1818
3030
3030
3030
3030
6060
6060
7FF0
7FF0
0030
0060
0060
0060
0000
0000
0000
ENDCHAR
STARTCHAR CyCapChe
ENCODING 1063
SWIDTH 467 0
DWIDTH 14 0
BBX 14 30 0 -7
BITMAP
0000
0000
0000
0000
0000
0000
0C0C
0C0C
0C0C
0C0C
1818
1818
1838
1C78
0FF8
07B0
0030
0030
0030
0060
0060
0060
0060
0000
0000
0000
0000
0000
0000
0000
ENDCHAR
STARTCHAR CyCapSha
ENCODING 1064
SWIDTH 467 0
DWIDTH 14 0
BBX 14 30 0 -7
BITMAP
0000
0000
0000
0000
0000
0000
198C
198C
318C
3198
3198
3318
3318
6318
6330
6330
6630
6630
C630
C660
CC60
FFE0
FFE0
0000
0000
0000
0000
0000
0000
0000
ENDCHAR
STARTCHAR CyCapShcha
ENCODING 1065
SWIDTH 467 0
DWIDTH 14 0
BBX 14 30 0 -7
BITMAP
0000
0000
0000
0000
0000
0000
198C
198C
318C
3198
3198
3318
3318
6318
6330
6330
6630
6630
C630
C660
CC60
FFF0
FFF0
0030
0060
0060
0060
0000
0000
0000
ENDCHAR
STARTCHAR CyCapHardsign
ENCODING 1066
SWIDTH 467 0
DWIDTH 14 0
BBX 14 30 0 -7
BITMAP
0000
0000
0000
0000
0000
0000
1F80
1F80
0180
0180
0300
0300
0300
03E0
03F0
0630
0618
0618
0618
0C18
0C30
0FE0
0FC0
0000
0000
0000
0000
0000
0000
0000
ENDCHAR
STARTCHAR CyCapYeru
ENCODING 1067
SWIDTH 467 0
DWIDTH 14 0
BBX 14 30 0 -7
BITMAP
0000
0000
0000
0000
0000
0000
180C
180C
180C
180C
3018
3018
3018
3C18
3E18
6630
6330
6330
6330
C260
C660
FC60
F860
0000
0000
0000
0000
0000
0000
0000
ENDCHAR
STARTCHAR CyCapSoftsign
ENCODING 1068
SWIDTH 467 0
DWIDTH 14 0
BBX 14 30 0 -7
BITMAP
0000
0000
0000
0000
0000
0000
0C00
0C00
0C00
0C00
1800
1800
1800
1F80
1FC0
30C0
3060
3060
3060
6060
60C0
7F80
7F00
0000
0000
0000
0000
0000
0000
0000
ENDCHAR
STARTCHAR CyCapE
ENCODING 1069
SWIDTH 467 0
DWIDTH 14 0
BBX 14 30 0 -7
BITMAP
0000
0000
0000
0000
0000
0000
07E0
0FF0
0C30
0818
0018
0018
0018
07F8
07F8
0018
0030
0030
0070
4060
60C0
7FC0
3F00
0000
0000
0000
0000
0000
0000
0000
ENDCHAR
STARTCHAR CyCapYu
ENCODING 1070
SWIDTH 467 0
DWIDTH 14 0
BBX 14 30 0 -7
BITMAP
0000
0000
0000
0000
0000
0000
1878
18FC
18CC
198C
318C
330C
330C
3F0C
3F18
6618
6618
6618
6630
6630
C660
C7E0
C3C0
0000
0000
0000
0000
0000
0000
0000
ENDCHAR
STARTCHAR CyCapYa
ENCODING 1071
SWIDTH 467 0
DWIDTH 14 0
BBX 14 30 0 -7
BITMAP
0000
0000
0000
0000
0000
0000
03FC
07FC
0E0C
1C0C
1818
1818
1C18
0FF8
07F0
0330
0730
0630
0C30
1860
3060
7060
6060
0000
0000
0000
0000
0000
0000
0000
ENDCHAR
STARTCHAR CySmlA
ENCODING 1072
SWIDTH 467 0
DWIDTH 14 0
BBX 14 30 0 -7
BITMAP
0000
0000
0000
0000
0000
0000
0000
0000
0000
0000
0198
07D8
0E78
1C38
1830
3030
3030
3060
3060
30E0
39E0
1F70
0E30
0000
0000
0000
0000
0000
0000
0000
ENDCHAR
STARTCHAR CySmlBe
ENCODING 1073
SWIDTH 467 0
DWIDTH 14 0
BBX 14 30 0 -7
BITMAP
0000
0000
0000
0000
0000
0018
00F8
03F0
0700
0600
0C00
0DC0
1FE0
1E70
1C30
3830
3030
3030
3060
30E0
39C0
1F80
0F00
0000
0000
0000
0000
0000
0000
0000
ENDCHAR
STARTCHAR CySmlVe
ENCODING 1074
SWIDTH 467 0
DWIDTH 14 0
BBX 14 30 0 -7
BITMAP
0000
0000
0000
0000
0000
0000
0000
0000
0000
0000
01F0
07F8
0E18
0C18
1830
1FE0
1FE0
3030
3030
3030
3870
1FE0
0FC0
0000
0000
0000
0000
0000
0000
0000
ENDCHAR
STARTCHAR CySmlGhe
ENCODING 1075
SWIDTH 467 0
DWIDTH 14 0
BBX 14 30 0 -7
BITMAP
0000
0000
0000
0000
0000
0000
0000
0000
0000
0000
0FC0
1FE0
1860
0060
00E0
01C0
0780
0E00
1C00
1800
1860
1FE0
0FC0
0000
0000
0000
0000
0000
0000
0000
ENDCHAR
STARTCHAR CySmlDe
ENCODING 1076
SWIDTH 467 0
DWIDTH 14 0
BBX 14 30 0 -7
BITMAP
0000
0000
0000
0000
0000
0700
07C0
00C0
0060
0060
03B0
07F0
0E70
1C30
1830
3030
3030
3030
3060
30E0
39C0
1F80
0F00
0000
0000
0000
0000
0000
0000
0000
ENDCHAR
STARTCHAR CySmlIe
ENCODING 1077
SWIDTH 467 0
DWIDTH 14 0
BBX 14 30 0 -7
BITMAP
0000
0000
0000
0000
0000
0000
0000
0000
0000
0000
01E0
07F0
0E30
1C18
1838
3FF0
3FE0
3000
3000
3000
3860
1FC0
0F80
0000
0000
0000
0000
0000
0000
0000
ENDCHAR
STARTCHAR CySmlZhe
ENCODING 1078
SWIDTH 467 0
DWIDTH 14 0
BBX 14 30 0 -7
BITMAP
0000
0000
0000
0000
0000
0000
0000
0000
0000
0000
718C
799C
1998
1B30
1F30
1F70
3B70
33E0
33E0
3660
6660
E678
C638
0000
0000
0000
0000
0000
0000
0000
ENDCHAR
STARTCHAR CySmlZe
ENCODING 1079
SWIDTH 467 0
DWIDTH 14 0
BBX 14 30 0 -7
BITMAP
0000
0000
0000
0000
0000
0000
0000
0000
0000
0000
0FC0
1FE0
1870
0030
0060
07C0
0780
00C0
0060
0060
60C0
7FC0
3F00
0000
0000
0000
0000
0000
0000
0000
ENDCHAR
STARTCHAR CySmlI
ENCODING 1080
SWIDTH 467 0
DWIDTH 14 0
BBX 14 30 0 -7
BITMAP
0000
0000
0000
0000
0000
0000
0000
0000
0000
0000
1C18
1C18
0C18
1818
1830
1830
1830
3060
3060
30E0
39E0
1F70
0E30
0000
0000
0000
0000
0000
0000
0000
ENDCHAR
STARTCHAR CySmlIBreve
ENCODING 1081
SWIDTH 467 0
DWIDTH 14 0
BBX 14 30 0 -7
BITMAP
0000
0000
0000
0000
0618
0618
07F8
03F0
0000
0000
1C18
1C18
0C18
1818
1830
1830
1830
3060
3060
30E0
39E0
1F70
0E30
0000
0000
0000
0000
0000
0000
0000
ENDCHAR
STARTCHAR CySmlKa
ENCODING 1082
SWIDTH 467 0
DWIDTH 14 0
BBX 14 30 0 -7
BITMAP
0000
0000
0000
0000
0000
0000
0000
0000
0000
0000
3818
3838
1870
18E0
31C0
3780
3F00
3F80
3980
70C0
60C0
6060
6060
0000
0000
0000
0000
0000
0000
0000
ENDCHAR
STARTCHAR CySmlEl
ENCODING 1083
SWIDTH 467 0
DWIDTH 14 0
BBX 14 30 0 -7
BITMAP
0000
0000
0000
0000
0000
0000
0000
0000
0000
0000
00F0
01F8
0398
0718
0618
0630
0C30
0C30
0C30
1860
3860
F060
E060
0000
0000
0000
0000
0000
0000
0000
ENDCHAR
STARTCHAR CySmlEm
ENCODING 1084
SWIDTH 467 0
DWIDTH 14 0
BBX 14 30 0 -7
BITMAP
0000
0000
0000
0000
0000
0000
0000
0000
0000
0000
060C
060C
061C
0638
0E38
0E70
0EF0
1EF0
1FB0
3730
7730
E638
C618
0000
0000
0000
0000
0000
0000
0000
ENDCHAR
STARTCHAR CySmlEn
ENCODING 1085
SWIDTH 467 0
DWIDTH 14 0
BBX 14 30 0 -7
BITMAP
0000
0000
0000
0000
0000
0000
0000
0000
0000
0000
3830
3830
1830
1830
3060
3FE0
3FE0
3060
3060
60C0
60C0
60E0
60E0
0000
0000
0000
0000
0000
0000
0000
ENDCHAR
STARTCHAR CySmlO
ENCODING 1086
SWIDTH 467 0
DWIDTH 14 0
BBX 14 30 0 -7
BITMAP
0000
0000
0000
0000
0000
0000
0000
0000
0000
0000
03C0
07E0
0E70
1C30
1830
3030
3030
3030
3060
30E0
39C0
1F80
0F00
0000
0000
0000
0000
0000
0000
0000
ENDCHAR
STARTCHAR CySmlPe
ENCODING 1087
SWIDTH 467 0
DWIDTH 14 0
BBX 14 30 0 -7
BITMAP
0000
0000
0000
0000
0000
0000
0000
0000
0000
0000
39C0
3BE0
1E70
1C30
1830
3060
3060
3060
3060
30C0
60C0
60F0
6070
0000
0000
0000
0000
0000
0000
0000
ENDCHAR
STARTCHAR CySmlEr
ENCODING 1088
SWIDTH 467 0
DWIDTH 14 0
BBX 14 30 0 -7
BITMAP
0000
0000
0000
0000
0000
0000
0000
0000
0000
0000
3BC0
3FE0
1C70
1830
1830
1830
3030
3030
3060
30E0
79C0
6F80
6600
6000
C000
C000
C000
C000
0000
0000
ENDCHAR
STARTCHAR CySmlEs
ENCODING 1089
SWIDTH 467 0
DWIDTH 14 0
BBX 14 30 0 -7
BITMAP
0000
0000
0000
0000
0000
0000
0000
0000
0000
0000
01E0
07F0
0E30
1C10
1800
3000
3000
3000
3000
3060
38E0
1FC0
0F00
0000
0000
0000
0000
0000
0000
0000
ENDCHAR
STARTCHAR CySmlTe
ENCODING 1090
SWIDTH 467 0
DWIDTH 14 0
BBX 14 30 0 -7
BITMAP
0000
0000
0000
0000
0000
0000
0000
0000
0000
0000
7738
7FFC
39CC
318C
318C
6318
6318
6318
6318
C630
C630
C638
C618
0000
0000
0000
0000
0000
0000
0000
ENDCHAR
STARTCHAR CySmlU
ENCODING 1091
SWIDTH 467 0
DWIDTH 14 0
BBX 14 30 0 -7
BITMAP
0000
0000
0000
0000
0000
0000
0000
0000
0000
0000
1C18
1C18
0C18
1818
1830
1830
1830
3030
3060
30E0
39E0
1F60
0E60
00C0
00C0
61C0
7F80
7F00
0000
0000
ENDCHAR
STARTCHAR CySmlEf
ENCODING 1092
SWIDTH 467 0
DWIDTH 14 0
BBX 14 30 0 -7
BITMAP
0000
0000
0000
0000
0000
00C0
00C0
00C0
0180
0180
07E0
1FF0
1DB8
3198
3318
6318
6318
6318
6330
6630
76E0
3FE0
1F80
0600
0600
0C00
0C00
0C00
0000
0000
ENDCHAR
STARTCHAR CySmlHa
ENCODING 1093
SWIDTH 467 0
DWIDTH 14 0
BBX 14 30 0 -7
BITMAP
0000
0000
0000
0000
0000
0000
0000
0000
0000
0000
1C38
1E38
0670
0360
03C0
0380
0300
0700
0F00
1B00
3B80
71E0
70E0
0000
0000
0000
0000
0000
0000
0000
ENDCHAR
STARTCHAR CySmlTse
ENCODING 1094
SWIDTH 467 0
DWIDTH 14 0
BBX 14 30 0 -7
BITMAP
0000
0000
0000
0000
0000
0000
0000
0000
0000
0000
1C18
1C18
0C18
1818
1830
1830
1830
3060
3060
30E0
39E0
1F78
0E38
0030
0030
00F0
00E0
0000
0000
0000
ENDCHAR
STARTCHAR CySmlChe
ENCODING 1095
SWIDTH 467 0
DWIDTH 14 0
BBX 14 30 0 -7
BITMAP
0000
0000
0000
0000
0000
0000
0000
0000
0000
0000
1C18
1C18
0C18
1818
1830
1C70
0FF0
07B0
0030
0060
0060
0060
0060
0000
0000
0000
0000
0000
0000
0000
ENDCHAR
STARTCHAR CySmlSha
ENCODING 1096
SWIDTH 467 0
DWIDTH 14 0
BBX 14 30 0 -7
BITMAP
0000
0000
0000
0000
0000
0000
0000
0000
0000
0000
718C
718C
318C
318C
6318
6318
6318
6318
C630
C630
CE70
FFF8
7398
0000
0000
0000
0000
0000
0000
0000
ENDCHAR
STARTCHAR CySmlShcha
ENCODING 1097
SWIDTH 467 0
DWIDTH 14 0
BBX 14 30 0 -7
BITMAP
0000
0000
0000
0000
0000
0000
0000
0000
0000
0000
718C
718C
318C
318C
6318
6318
6318
6318
C630
C630
CE70
FFF8
7398
0018
0018
0078
0070
0000
0000
0000
ENDCHAR
STARTCHAR CySmlHardsign
ENCODING 1098
SWIDTH 467 0
DWIDTH 14 0
BBX 14 30 0 -7
BITMAP
0000
0000
0000
0000
0000
0000
0000
0000
0000
0000
1F00
3F00
3300
3300
0600
07E0
07F0
0618
0C18
0C18
0C30
0FF0
07E0
0000
0000
0000
0000
0000
0000
0000
ENDCHAR
STARTCHAR CySmlYeru
ENCODING 1099
SWIDTH 467 0
DWIDTH 14 0
BBX 14 30 0 -7
BITMAP
0000
0000
0000
0000
0000
0000
0000
0000
0000
0000
3838
3838
1818
1818
3018
3C30
3E30
3330
6330
6330
6660
7E70
3C30
0000
0000
0000
0000
0000
0000
0000
ENDCHAR
STARTCHAR CySmlSoftsign
ENCODING 1100
SWIDTH 467 0
DWIDTH 14 0
BBX 14 30 0 -7
BITMAP
0000
0000
0000
0000
0000
0000
0000
0000
0000
0000
1C00
1C00
0C00
0C00
1800
1F80
1FC0
1860
3060
3060
30C0
3FC0
1F80
0000
0000
0000
0000
0000
0000
0000
ENDCHAR
STARTCHAR CySmlE
ENCODING 1101
SWIDTH 467 0
DWIDTH 14 0
BBX 14 30 0 -7
BITMAP
0000
0000
0000
0000
0000
0000
0000
0000
0000
0000
0FC0
1FE0
1870
0030
0030
07F0
07F0
0030
0060
00E0
61C0
7F80
3E00
0000
0000
0000
0000
0000
0000
0000
ENDCHAR
STARTCHAR CySmlYu
ENCODING 1102
SWIDTH 467 0
DWIDTH 14 0
BBX 14 30 0 -7
BITMAP
0000
0000
0000
0000
0000
0000
0000
0000
0000
0000
70F0
71F0
3398
3318
6318
7E18
7E18
6630
6630
C630
C670
C3E0
C3C0
0000
0000
0000
0000
0000
0000
0000
ENDCHAR
STARTCHAR CySmlYa
ENCODING 1103
SWIDTH 467 0
DWIDTH 14 0
BBX 14 30 0 -7
BITMAP
0000
0000
0000
0000
0000
0000
0000
0000
0000
0000
07F8
0FF8
1C18
1818
1830
1FF0
0FF0
03B0
0730
0E60
1C60
7860
7060
0000
0000
0000
0000
0000
0000
0000
ENDCHAR
STARTCHAR CySmlIeGrave
ENCODING 1104
SWIDTH 467 0
DWIDTH 14 0
BBX 14 30 0 -7
BITMAP
0000
0000
0000
0000
0780
0380
01C0
00C0
0000
0000
01E0
07F0
0E30
1C18
1838
3FF0
3FE0
3000
3000
3000
3860
1FC0
0F80
0000
0000
0000
0000
0000
0000
0000
ENDCHAR
STARTCHAR CySmlIeDrss
ENCODING 1105
SWIDTH 467 0
DWIDTH 14 0
BBX 14 30 0 -7
BITMAP
0000
0000
0000
0000
0000
0330
0330
0330
0000
0000
01E0
07F0
0E30
1C18
1838
3FF0
3FE0
3000
3000
3000
3860
1FC0
0F80
0000
0000
0000
0000
0000
0000
0000
ENDCHAR
STARTCHAR CySmlDje
ENCODING 1106
SWIDTH 467 0
DWIDTH 14 0
BBX 14 30 0 -7
BITMAP
0000
0000
0000
0000
0000
0C00
1FC0
1FC0
0C00
0C00
19C0
1BE0
1E70
1C30
1830
3030
3030
3030
3030
3060
6060
6060
60C0
0180
0380
0700
3E00
3800
0000
0000
ENDCHAR
STARTCHAR CySmlGheAcute
ENCODING 1107
SWIDTH 467 0
DWIDTH 14 0
BBX 14 30 0 -7
BITMAP
0000
0000
0000
0000
00F0
00E0
01C0
0380
0000
0000
0FC0
1FE0
1860
0060
00E0
01C0
0780
0E00
1C00
1800
1860
1FE0
0FC0
0000
0000
0000
0000
0000
0000
0000
ENDCHAR
STARTCHAR CySmlIeUkr
ENCODING 1108
SWIDTH 467 0
DWIDTH 14 0
BBX 14 30 0 -7
BITMAP
0000
0000
0000
0000
0000
0000
0000
0000
0000
0000
01F0
07F8
0E18
1C00
1800
3F80
3F80
3000
3000
3000
3860
1FE0
0FC0
0000
0000
0000
0000
0000
0000
0000
ENDCHAR
STARTCHAR CySmlDze
ENCODING 1109
SWIDTH 467 0
DWIDTH 14 0
BBX 14 30 0 -7
BITMAP
0000
0000
0000
0000
0000
0000
0000
0000
0000
0000
07E0
0FF0
1C30
1830
1C00
0E00
0780
01C0
00E0
6060
60E0
3FC0
1F80
0000
0000
0000
0000
0000
0000
0000
ENDCHAR
STARTCHAR CySmlIUkr
ENCODING 1110
SWIDTH 467 0
DWIDTH 14 0
BBX 14 30 0 -7
BITMAP
0000
0000
0000
0000
0000
00C0
00C0
00C0
0000
0000
0F80
0F80
0180
0300
0300
0300
0600
0600
0600
0C00
0C60
0FE0
07C0
0000
0000
0000
0000
0000
0000
0000
ENDCHAR
STARTCHAR CySmlIUkrDrss
ENCODING 1111
SWIDTH 467 0
DWIDTH 14 0
BBX 14 30 0 -7
BITMAP
0000
0000
0000
0000
0000
0660
0660
0660
0000
0000
0F80
0F80
0180
0300
0300
0300
0600
0600
0600
0C00
0C60
0FE0
07C0
0000
0000
0000
0000
0000
0000
0000
ENDCHAR
STARTCHAR CySmlJe
ENCODING 1112
SWIDTH 467 0
DWIDTH 14 0
BBX 14 30 0 -7
BITMAP
0000
0000
0000
0000
0000
0060
0060
0060
0000
0000
07C0
07C0
00C0
00C0
00C0
0180
0180
0180
0180
0180
0300
0300
0300
0300
0700
CE00
FC00
7800
0000
0000
ENDCHAR
STARTCHAR CySmlLje
ENCODING 1113
SWIDTH 467 0
DWIDTH 14 0
BBX 14 30 0 -7
BITMAP
0000
0000
0000
0000
0000
0000
0000
0000
0000
0000
0700
0F80
0D80
1980
1B00
1BE0
33F0
3318
3318
6618
E630
E7F0
C3E0
0000
0000
0000
0000
0000
0000
0000
ENDCHAR
STARTCHAR CySmlNje
ENCODING 1114
SWIDTH 467 0
DWIDTH 14 0
BBX 14 30 0 -7
BITMAP
0000
0000
0000
0000
0000
0000
0000
0000
0000
0000
7180
7180
3180
3180
6300
7FE0
7FF0
6318
6318
C618
C630
C7F0
C3E0
0000
0000
0000
0000
0000
0000
0000
ENDCHAR
STARTCHAR CySmlTshe
ENCODING 1115
SWIDTH 467 0
DWIDTH 14 0
BBX 14 30 0 -7
BITMAP
0000
0000
0000
0000
0000
0C00
1FC0
1FC0
0C00
0C00
19C0
1BE0
1E70
1C30
1830
3060
3060
3060
3060
30C0
60C0
60F0
6070
0000
0000
0000
0000
0000
0000
0000
ENDCHAR
STARTCHAR CySmlKaAcute
ENCODING 1116
SWIDTH 467 0
DWIDTH 14 0
BBX 14 30 0 -7
BITMAP
0000
0000
0000
0000
00F0
00E0
01C0
0380
0000
0000
3818
3838
1870
18E0
31C0
3780
3F00
3F80
3980
70C0
60C0
6060
6060
0000
0000
0000
0000
0000
0000
0000
ENDCHAR
STARTCHAR CySmlIGrave
ENCODING 1117
SWIDTH 467 0
DWIDTH 14 0
BBX 14 30 0 -7
BITMAP
0000
0000
0000
0000
0780
0380
01C0
00C0
0000
0000
1C18
1C18
0C18
1818
1830
1830
1830
3060
3060
30E0
39E0
1F70
0E30
0000
0000
0000
0000
0000
0000
0000
ENDCHAR
STARTCHAR CySmlUBreve
ENCODING 1118
SWIDTH 467 0
DWIDTH 14 0
BBX 14 30 0 -7
BITMAP
0000
0000
0000
0000
0618
0618
07F8
03F0
0000
0000
1C18
1C18
0C18
1818
1830
1830
1830
3030
3060
30E0
39E0
1F60
0E60
00C0
00C0
61C0
7F80
7F00
0000
0000
ENDCHAR
STARTCHAR CySmlDzhe
ENCODING 1119
SWIDTH 467 0
DWIDTH 14 0
BBX 14 30 0 -7
BITMAP
0000
0000
0000
0000
0000
0000
0000
0000
0000
0000
1C18
1C18
0C18
1818
1830
1830
1830
3060
3060
30E0
39E0
1F70
0E30
0600
0600
1E00
1C00
0000
0000
0000
ENDCHAR
STARTCHAR CyCapOmega
ENCODING 1120
SWIDTH 467 0
DWIDTH 14 0
BBX 14 30 0 -7
BITMAP
0000
0000
0000
0000
0000
0000
300C
300C
318C
318C
6318
6318
6318
6318
6318
6630
6630
6660
6F60
79E0
71C0
6180
6180
0000
0000
0000
0000
0000
0000
0000
ENDCHAR
STARTCHAR CySmlOmega
ENCODING 1121
SWIDTH 467 0
DWIDTH 14 0
BBX 14 30 0 -7
BITMAP
0000
0000
0000
0000
0000
0000
0000
0000
0000
0000
300C
300C
318C
318C
6398
6318
6318
6318
6730
6730
6F60
79E0
30C0
0000
0000
0000
0000
0000
0000
0000
ENDCHAR
STARTCHAR CyCapYat
ENCODING 1122
SWIDTH 467 0
DWIDTH 14 0
BBX 14 30 0 -7
BITMAP
0000
0000
0000
0000
0000
0000
0300
0300
1FE0
1FE0
0600
0600
0600
07E0
07F0
0C30
0C18
0C18
0C18
1818
1830
1FE0
1FC0
0000
0000
0000
0000
0000
0000
0000
ENDCHAR
STARTCHAR CySmlYat
ENCODING 1123
SWIDTH 467 0
DWIDTH 14 0
BBX 14 30 0 -7
BITMAP
0000
0000
0000
0000
0000
0000
0000
0000
0000
0000
7600
7F00
3B80
3180
6300
63E0
63F0
6318
6318
C618
C630
C7F0
C3E0
0000
0000
0000
0000
0000
0000
0000
ENDCHAR
STARTCHAR CyCapIE
ENCODING 1124
SWIDTH 467 0
DWIDTH 14 0
BBX 14 30 0 -7
BITMAP
0000
0000
0000
0000
0000
0000
183C
187C
18E4
19C0
3180
3300
3300
3FF0
3FF0
6600
6600
6600
6600
6610
C630
C7E0
C3C0
0000
0000
0000
0000
0000
0000
0000
ENDCHAR
STARTCHAR CySmlIE
ENCODING 1125
SWIDTH 467 0
DWIDTH 14 0
BBX 14 30 0 -7
BITMAP
0000
0000
0000
0000
0000
0000
0000
0000
0000
0000
70F8
71FC
338C
3300
6300
7FE0
7FE0
6600
6600
C600
C630
C7F0
C3E0
0000
0000
0000
0000
0000
0000
0000
ENDCHAR
STARTCHAR CyCapLittleyus
ENCODING 1126
SWIDTH 467 0
DWIDTH 14 0
BBX 14 30 0 -7
BITMAP
0000
0000
0000
0000
0000
0000
00C0
01C0
01C0
03C0
03C0
0660
0660
0C60
0C60
1FE0
1FE0
3330
3330
6330
6630
C630
C630
0000
0000
0000
0000
0000
0000
0000
ENDCHAR
STARTCHAR CySmlLittleyus
ENCODING 1127
SWIDTH 467 0
DWIDTH 14 0
BBX 14 30 0 -7
BITMAP
0000
0000
0000
0000
0000
0000
0000
0000
0000
0000
0180
0380
0380
07C0
06C0
0CC0
1860
1FE0
3FE0
7360
6630
C630
C630
0000
0000
0000
0000
0000
0000
0000
ENDCHAR
STARTCHAR CyCapILittleyus
ENCODING 1128
SWIDTH 467 0
DWIDTH 14 0
BBX 14 30 0 -7
BITMAP
0000
0000
0000
0000
0000
0000
1830
1830
1870
1870
30F0
30F0
3198
3F98
3F98
63F8
67F8
66D8
6CD8
CCD8
D998
D998
D998
0000
0000
0000
0000
0000
0000
0000
ENDCHAR
STARTCHAR CySmlILittleyus
ENCODING 1129
SWIDTH 467 0
DWIDTH 14 0
BBX 14 30 0 -7
BITMAP
0000
0000
0000
0000
0000
0000
0000
0000
0000
0000
7060
7060
30E0
30F0
61F0
7F30
7F30
63F0
67F8
C6D8
CD98
D998
D998
0000
0000
0000
0000
0000
0000
0000
ENDCHAR
STARTCHAR CyCapBigyus
ENCODING 1130
SWIDTH 467 0
DWIDTH 14 0
BBX 14 30 0 -7
BITMAP
0000
0000
0000
0000
0000
0000
0FFC
0FFC
0C18
0630
0660
03C0
03C0
03C0
0FE0
3B30
3330
6330
6330
C630
C630
C630
C630
0000
0000
0000
0000
0000
0000
0000
ENDCHAR
STARTCHAR CySmlBigyus
ENCODING 1131
SWIDTH 467 0
DWIDTH 14 0
BBX 14 30 0 -7
BITMAP
0000
0000
0000
0000
0000
0000
0000
0000
0000
0000
1FF8
1FF8
1818
0C30
0660
03C0
0780
0FC0
3B60
7330
E630
C630
C630
0000
0000
0000
0000
0000
0000
0000
ENDCHAR
STARTCHAR CyCapIBigyus
ENCODING 1132
SWIDTH 467 0
DWIDTH 14 0
BBX 14 30 0 -7
BITMAP
0000
0000
0000
0000
0000
0000
19FC
19FC
198C
18CC
30D8
30D8
30F0
3FE0
3FE0
61E0
63F0
66D8
6ED8
CCD8
D998
D998
D998
0000
0000
0000
0000
0000
0000
0000
ENDCHAR
STARTCHAR CySmlIBigyus
ENCODING 1133
SWIDTH 467 0
DWIDTH 14 0
BBX 14 30 0 -7
BITMAP
0000
0000
0000
0000
0000
0000
0000
0000
0000
0000
73FC
73FC
330C
3198
60B0
7FE0
7FC0
61E0
63F0
C6D0
CD98
D998
D998
0000
0000
0000
0000
0000
0000
0000
ENDCHAR
STARTCHAR CyCapKsi
ENCODING 1134
SWIDTH 467 0
DWIDTH 14 0
BBX 14 30 0 -7
BITMAP
0000
0198
0198
00F0
0060
0000
07F0
0FF8
0C38
0818
0018
0038
0070
03E0
03C0
00C0
0060
0060
0060
0060
00C0
1FC0
3F80
6000
6000
7F80
3FC0
00C0
0000
0000
ENDCHAR
STARTCHAR CySmlKsi
ENCODING 1135
SWIDTH 467 0
DWIDTH 14 0
BBX 14 30 0 -7
BITMAP
0000
0000
0000
0000
0330
03F0
01E0
00C0
0000
0000
07E0
0FF0
0C38
0018
0030
03E0
03C0
0060
0030
0030
0060
1FE0
3F80
6000
6000
7F80
3FC0
00C0
0000
0000
ENDCHAR
STARTCHAR CyCapPsi
ENCODING 1136
SWIDTH 467 0
DWIDTH 14 0
BBX 14 30 0 -7
BITMAP
0000
0000
0000
0000
0000
0000
18CC
198C
198C
318C
3198
3318
3318
3330
3FF0
1FC0
0600
0600
0600
0600
0C00
0C00
0C00
0000
0000
0000
0000
0000
0000
0000
ENDCHAR
STARTCHAR CySmlPsi
ENCODING 1137
SWIDTH 467 0
DWIDTH 14 0
BBX 14 30 0 -7
BITMAP
0000
0000
0000
0000
0000
00C0
00C0
00C0
00C0
0180
318C
318C
318C
318C
318C
6318
6318
6318
6318
6318
6630
3FE0
1FC0
0600
0600
0C00
0C00
0C00
0000
0000
ENDCHAR
STARTCHAR CyCapFita
ENCODING 1138
SWIDTH 467 0
DWIDTH 14 0
BBX 14 30 0 -7
BITMAP
0000
0000
0000
0000
0000
0000
03E0
0FF0
0C30
1818
3818
3018
3018
6E38
7FF8
71D8
6030
6030
6070
6060
30C0
3FC0
1F00
0000
0000
0000
0000
0000
0000
0000
ENDCHAR
STARTCHAR CySmlFita
ENCODING 1139
SWIDTH 467 0
DWIDTH 14 0
BBX 14 30 0 -7
BITMAP
0000
0000
0000
0000
0000
0000
0000
0000
0000
0000
03C0
0FE0
0C70
1830
1830
3770
3FF0
39B0
3060
3060
38C0
1FC0
0F00
0000
0000
0000
0000
0000
0000
0000
ENDCHAR
STARTCHAR CyCapIzhitsa
ENCODING 1140
SWIDTH 467 0
DWIDTH 14 0
BBX 14 30 0 -7
BITMAP
0000
0000
0000
0000
0000
0000
180C
181C
1838
1830
1860
1860
18C0
18C0
1980
1980
1B00
1B00
1E00
1E00
1C00
1C00
1800
0000
0000
0000
0000
0000
0000
0000
ENDCHAR
STARTCHAR CySmlIzhitsa
ENCODING 1141
SWIDTH 467 0
DWIDTH 14 0
BBX 14 30 0 -7
BITMAP
0000
0000
0000
0000
0000
0000
0000
0000
0000
0000
301C
303C
3070
30E0
18C0
1980
1B80
1F00
1E00
0E00
0C00
0C00
0C00
0000
0000
0000
0000
0000
0000
0000
ENDCHAR
STARTCHAR CyCapIzhitsaGrave2
ENCODING 1142
SWIDTH 467 0
DWIDTH 14 0
BBX 14 30 0 -7
BITMAP
0000
0660
0770
0330
0198
0000
180C
181C
1838
1830
1860
1860
18C0
18C0
1980
1980
1B00
1B00
1E00
1E00
1C00
1C00
1800
0000
0000
0000
0000
0000
0000
0000
ENDCHAR
STARTCHAR CySmlIzhitsaGrave2
ENCODING 1143
SWIDTH 467 0
DWIDTH 14 0
BBX 14 30 0 -7
BITMAP
0000
0000
0000
0000
1DC0
0EE0
0660
0330
0000
0000
301C
303C
3070
30E0
18C0
1980
1B80
1F00
1E00
0E00
0C00
0C00
0C00
0000
0000
0000
0000
0000
0000
0000
ENDCHAR
STARTCHAR CyCapOu
ENCODING 1144
SWIDTH 467 0
DWIDTH 14 0
BBX 14 30 0 -7
BITMAP
0000
0000
0000
0000
0000
0000
0C00
1E00
1E00
3600
37CC
67CC
66CC
66CC
C598
CD98
CD98
CD98
DB30
DB30
F330
F3F0
61F0
0060
0060
0CE0
0FC0
0F80
0000
0000
ENDCHAR
STARTCHAR CySmlOu
ENCODING 1145
SWIDTH 467 0
DWIDTH 14 0
BBX 14 30 0 -7
BITMAP
0000
0000
0000
0000
0000
0000
0000
0000
0000
0000
19CC
3DCC
2CCC
6CCC
6D98
CD98
CD98
CD98
DB30
DB30
DB30
F3F0
61F0
0060
0060
0CE0
0FC0
0F80
0000
0000
ENDCHAR
STARTCHAR CyCapOmegaRound
ENCODING 1146
SWIDTH 467 0
DWIDTH 14 0
BBX 14 30 0 -7
BITMAP
0000
0000
0000
0000
0000
0000
03F0
0FF8
1CDC
18CC
300C
300C
300C
600C
600C
600C
6018
6018
6018
6630
7670
3FE0
1F80
0000
0000
0000
0000
0000
0000
0000
ENDCHAR
STARTCHAR CySmlOmegaRound
ENCODING 1147
SWIDTH 467 0
DWIDTH 14 0
BBX 14 30 0 -7
BITMAP
0000
0000
0000
0000
0000
0000
0000
0000
0000
0000
07E0
0FF0
1DB8
3998
3018
6018
6018
6018
6030
6670
76E0
3FC0
1F80
0000
0000
0000
0000
0000
0000
0000
ENDCHAR
STARTCHAR CyCapOmegaOrnate
ENCODING 1148
SWIDTH 467 0
DWIDTH 14 0
BBX 14 30 0 -7
BITMAP
0000
03E0
07F0
0C1C
0D8C
01C0
00C0
0698
0E3C
1F3C
1A2C
300C
300C
318C
618C
6318
6318
6318
6318
6730
6F30
79E0
30C0
0000
0000
0000
0000
0000
0000
0000
ENDCHAR
STARTCHAR CySmlOmegaOrnate
ENCODING 1149
SWIDTH 467 0
DWIDTH 14 0
BBX 14 30 0 -7
BITMAP
0000
0000
0000
03C0
07E0
0C30
199C
19CC
00C0
0080
0C30
1E70
1A58
3018
3018
6018
6318
6318
6318
6718
6F30
79E0
30C0
0000
0000
0000
0000
0000
0000
0000
ENDCHAR
STARTCHAR CyCapOmegaT
ENCODING 1150
SWIDTH 467 0
DWIDTH 14 0
BBX 14 30 0 -7
BITMAP
0000
0FFC
0FFC
0CCC
08C4
0000
300C
300C
318C
318C
6318
6318
6318
6318
6318
6630
6630
6660
6F60
79E0
71C0
6180
6180
0000
0000
0000
0000
0000
0000
0000
ENDCHAR
STARTCHAR CySmlOmegaT
ENCODING 1151
SWIDTH 467 0
DWIDTH 14 0
BBX 14 30 0 -7
BITMAP
0000
0000
0000
0000
0FFC
0FFC
0CCC
08C4
0000
0000
300C
300C
318C
318C
6398
6318
6318
6318
6730
6730
6F60
79E0
30C0
0000
0000
0000
0000
0000
0000
0000
ENDCHAR
STARTCHAR CyCapKoppa
ENCODING 1152
SWIDTH 467 0
DWIDTH 14 0
BBX 14 30 0 -7
BITMAP
0000
0000
0000
0000
0000
0000
00F8
03FC
070C
0E04
0C00
1800
1800
3000
3000
3000
3000
3000
3000
3000
1800
1FC0
0FC0
00C0
0180
0180
0180
0180
0000
0000
ENDCHAR
STARTCHAR CySmlKoppa
ENCODING 1153
SWIDTH 467 0
DWIDTH 14 0
BBX 14 30 0 -7
BITMAP
0000
0000
0000
0000
0000
0000
0000
0000
0000
0000
01E0
07F0
0E30
1C10
1800
3000
3000
3000
3000
3000
3800
1FC0
0FC0
00C0
00C0
0180
0180
0180
0000
0000
ENDCHAR
STARTCHAR SCyThousands
ENCODING 1154
SWIDTH 467 0
DWIDTH 14 0
BBX 14 30 0 -7
BITMAP
0000
0000
0000
0000
0000
0000
0000
0000
0000
030C
039C
01F8
00F0
00F0
01F8
C39C
E70C
7E00
3C00
3C00
7E00
E700
C300
0000
0000
0000
0000
0000
0000
0000
ENDCHAR
STARTCHAR CombTitlo
ENCODING 1155
SWIDTH 467 0
DWIDTH 14 0
BBX 14 30 0 -7
BITMAP
0000
0000
0018
0018
07F8
07F8
0600
0600
0000
0000
0000
0000
0000
0000
0000
0000
0000
0000
0000
0000
0000
0000
0000
0000
0000
0000
0000
0000
0000
0000
ENDCHAR
STARTCHAR CombCyPalat
ENCODING 1156
SWIDTH 467 0
DWIDTH 14 0
BBX 14 30 0 -7
BITMAP
0000
0000
0000
0000
0070
00F8
018C
018C
0000
0000
0000
0000
0000
0000
0000
0000
0000
0000
0000
0000
0000
0000
0000
0000
0000
0000
0000
0000
0000
0000
ENDCHAR
STARTCHAR CombCyDasia
ENCODING 1157
SWIDTH 467 0
DWIDTH 14 0
BBX 14 30 0 -7
BITMAP
0000
0000
0000
0060
00E0
0180
0180
00C0
0000
0000
0000
0000
0000
0000
0000
0000
0000
0000
0000
0000
0000
0000
0000
0000
0000
0000
0000
0000
0000
0000
ENDCHAR
STARTCHAR CombCyPsili
ENCODING 1158
SWIDTH 467 0
DWIDTH 14 0
BBX 14 30 0 -7
BITMAP
0000
0000
0000
0180
01C0
00C0
0180
0300
0000
0000
0000
0000
0000
0000
0000
0000
0000
0000
0000
0000
0000
0000
0000
0000
0000
0000
0000
0000
0000
0000
ENDCHAR
STARTCHAR CombPokrytie
ENCODING 1159
SWIDTH 467 0
DWIDTH 14 0
BBX 14 30 0 -7
BITMAP
0000
0000
0000
0000
0780
0FE0
1C7C
181C
0000
0000
0000
0000
0000
0000
0000
0000
0000
0000
0000
0000
0000
0000
0000
0000
0000
0000
0000
0000
0000
0000
ENDCHAR
STARTCHAR CyCapIBreveTail
ENCODING 1162
SWIDTH 467 0
DWIDTH 14 0
BBX 14 30 0 -7
BITMAP
0000
030C
030C
03FC
01F8
0000
0C0C
0C0C
0C1C
0C3C
1878
1878
18D8
19D8
3398
3730
3630
3C30
3C30
7860
7060
6078
6078
0030
0060
01C0
0180
0000
0000
0000
ENDCHAR
STARTCHAR CySmlIBreveTail
ENCODING 1163
SWIDTH 467 0
DWIDTH 14 0
BBX 14 30 0 -7
BITMAP
0000
0000
0000
0000
0618
0618
07F8
03F0
0000
0000
1C18
1C18
0C18
1818
1830
1830
1830
3060
3060
30E0
39E0
1F78
0E78
0030
0060
01C0
0180
0000
0000
0000
ENDCHAR
STARTCHAR CyCapSemisoftsign
ENCODING 1164
SWIDTH 467 0
DWIDTH 14 0
BBX 14 30 0 -7
BITMAP
0000
0000
0000
0000
0000
0000
0C00
0C00
0C00
3F80
3F80
1800
1800
1F80
1FC0
30C0
3060
3060
3060
6060
60C0
7F80
7F00
0000
0000
0000
0000
0000
0000
0000
ENDCHAR
STARTCHAR CySmlSemisoftsign
ENCODING 1165
SWIDTH 467 0
DWIDTH 14 0
BBX 14 30 0 -7
BITMAP
0000
0000
0000
0000
0000
0000
0000
0000
0000
0000
0C00
0C00
3F80
3F80
1800
1F80
1FC0
1860
3060
3060
30C0
3FC0
1F80
0000
0000
0000
0000
0000
0000
0000
ENDCHAR
STARTCHAR CyCapErTick
ENCODING 1166
SWIDTH 467 0
DWIDTH 14 0
BBX 14 30 0 -7
BITMAP
0000
0000
0000
0000
0000
0000
0FF0
0FF8
0C18
0C18
1818
1998
19B8
18F0
3FE0
3FE0
3060
3030
3030
6000
6000
6000
6000
0000
0000
0000
0000
0000
0000
0000
ENDCHAR
STARTCHAR CySmlErTick
ENCODING 1167
SWIDTH 467 0
DWIDTH 14 0
BBX 14 30 0 -7
BITMAP
0000
0000
0000
0000
0000
0000
0000
0000
0000
0000
3BC0
3FE0
1C70
1830
1830
1830
3030
3630
3660
33E0
7BC0
6F80
6780
6180
C0C0
C0C0
C000
C000
0000
0000
ENDCHAR
STARTCHAR CyCapGheUpturn
ENCODING 1168
SWIDTH 467 0
DWIDTH 14 0
BBX 14 30 0 -7
BITMAP
0000
0000
0000
000C
000C
001C
0FF8
0FF8
0C00
0C00
1800
1800
1800
1800
1800
3000
3000
3000
3000
6000
6000
6000
6000
0000
0000
0000
0000
0000
0000
0000
ENDCHAR
STARTCHAR CySmlGheUpturn
ENCODING 1169
SWIDTH 467 0
DWIDTH 14 0
BBX 14 30 0 -7
BITMAP
0000
0000
0000
0000
0000
0000
000C
000C
000C
0018
1FF8
3FF0
2600
0600
0C00
0C00
0C00
0C00
0C00
1800
1800
1800
1800
0000
0000
0000
0000
0000
0000
0000
ENDCHAR
STARTCHAR CyCapGheStroke
ENCODING 1170
SWIDTH 467 0
DWIDTH 14 0
BBX 14 30 0 -7
BITMAP
0000
0000
0000
0000
0000
0000
0FFC
0FFC
0C00
0C00
1800
1800
1800
7FC0
7FC0
3000
3000
3000
3000
6000
6000
6000
6000
0000
0000
0000
0000
0000
0000
0000
ENDCHAR
STARTCHAR CySmlGheStroke
ENCODING 1171
SWIDTH 467 0
DWIDTH 14 0
BBX 14 30 0 -7
BITMAP
0000
0000
0000
0000
0000
0000
0000
0000
0000
0000
0FC0
1FE0
1860
0060
00E0
1FC0
0780
0FE0
1C00
1800
1860
1FE0
0FC0
0000
0000
0000
0000
0000
0000
0000
ENDCHAR
STARTCHAR CyCapGheMhook
ENCODING 1172
SWIDTH 467 0
DWIDTH 14 0
BBX 14 30 0 -7
BITMAP
0000
0000
0000
0000
0000
0000
0FFC
0FFC
0C00
0C00
1800
1800
1800
1FC0
1FE0
3070
3030
3030
3030
6030
6060
6060
6060
0060
00C0
19C0
1F80
0E00
0000
0000
ENDCHAR
STARTCHAR CySmlGheMhook
ENCODING 1173
SWIDTH 467 0
DWIDTH 14 0
BBX 14 30 0 -7
BITMAP
0000
0000
0000
0000
0000
0000
0000
0000
0000
0000
1FF8
1FF8
1800
1800
3000
3000
3F80
3FC0
30E0
6060
6060
6060
6060
0060
00C0
19C0
1F80
0E00
0000
0000
ENDCHAR
STARTCHAR CyCapZheDesc
ENCODING 1174
SWIDTH 467 0
DWIDTH 14 0
BBX 14 30 0 -7
BITMAP
0000
0000
0000
0000
0000
0000
18CC
18CC
198C
1998
1998
1930
0B60
0780
0FC0
1B60
3260
6660
6660
6660
C660
CC70
CC70
0030
0060
0060
0060
0000
0000
0000
ENDCHAR
STARTCHAR CySmlZheDesc
ENCODING 1175
SWIDTH 467 0
DWIDTH 14 0
BBX 14 30 0 -7
BITMAP
0000
0000
0000
0000
0000
0000
0000
0000
0000
0000
718C
799C
1998
1B30
1F30
1F70
3B70
33E0
33E0
3660
6660
E678
C638
0018
0018
0078
0070
0000
0000
0000
ENDCHAR
STARTCHAR CyCapZeDesc
ENCODING 1176
SWIDTH 467 0
DWIDTH 14 0
BBX 14 30 0 -7
BITMAP
0000
0000
0000
0000
0000
0000
07E0
0FF0
0C38
0818
0018
0038
0070
03E0
03C0
00C0
0060
0060
0060
4060
60C0
7FC0
3F80
0800
0C00
0600
3E00
3C00
0000
0000
ENDCHAR
STARTCHAR CySmlZeDesc
ENCODING 1177
SWIDTH 467 0
DWIDTH 14 0
BBX 14 30 0 -7
BITMAP
0000
0000
0000
0000
0000
0000
0000
0000
0000
0000
0FC0
1FE0
1870
0030
0060
07C0
0780
00C0
0060
0060
60C0
7FC0
3F00
0800
0C00
0600
3E00
3C00
0000
0000
ENDCHAR
STARTCHAR CyCapKaDesc
ENCODING 1178
SWIDTH 467 0
DWIDTH 14 0
BBX 14 30 0 -7
BITMAP
0000
0000
0000
0000
0000
0000
0C0C
0C1C
0C38
0C70
18E0
19C0
1B80
1F00
1F00
3D80
3980
3180
30C0
60C0
60C0
6070
6070
0030
0060
0060
0060
0000
0000
0000
ENDCHAR
STARTCHAR CySmlKaDesc
ENCODING 1179
SWIDTH 467 0
DWIDTH 14 0
BBX 14 30 0 -7
BITMAP
0000
0000
0000
0000
0000
0000
0000
0000
0000
0000
3818
3838
1870
18E0
31C0
3780
3F00
3F80
3980
70C0
60C0
6078
6078
0030
0030
00F0
00E0
0000
0000
0000
ENDCHAR
STARTCHAR CyCapKaStrokeV
ENCODING 1180
SWIDTH 467 0
DWIDTH 14 0
BBX 14 30 0 -7
BITMAP
0000
0000
0000
0000
0000
0000
180C
181C
1838
1870
36E0
37C0
3780
3F00
3F00
6F80
6D80
6D80
6CC0
C0C0
C0C0
C060
C060
0000
0000
0000
0000
0000
0000
0000
ENDCHAR
STARTCHAR CySmlKaStrokeV
ENCODING 1181
SWIDTH 467 0
DWIDTH 14 0
BBX 14 30 0 -7
BITMAP
0000
0000
0000
0000
0000
0000
0000
0000
0000
0000
700C
701C
3638
3670
66E0
7FC0
7F80
6DC0
6CC0
CC60
CC60
C030
C030
0000
0000
0000
0000
0000
0000
0000
ENDCHAR
STARTCHAR CyCapKaStroke
ENCODING 1182
SWIDTH 467 0
DWIDTH 14 0
BBX 14 30 0 -7
BITMAP
0000
0000
0000
0000
0000
0000
0C0C
0C1C
7F38
7F70
18E0
19C0
1B80
1F00
1F00
3D80
3980
3180
30C0
60C0
60C0
6060
6060
0000
0000
0000
0000
0000
0000
0000
ENDCHAR
STARTCHAR CySmlKaStroke
ENCODING 1183
SWIDTH 467 0
DWIDTH 14 0
BBX 14 30 0 -7
BITMAP
0000
0000
0000
0000
0000
0C00
0C00
1FC0
1FC0
0C00
1818
1838
1870
18E0
31C0
3780
3F00
3F80
3980
70C0
60C0
6060
6060
0000
0000
0000
0000
0000
0000
0000
ENDCHAR
STARTCHAR CyCapKaBshk
ENCODING 1184
SWIDTH 467 0
DWIDTH 14 0
BBX 14 30 0 -7
BITMAP
0000
0000
0000
0000
0000
0000
3F0C
3F1C
0318
0330
0670
0660
06C0
07C0
0780
0F80
0FC0
0CC0
0CC0
1860
1860
1860
1860
0000
0000
0000
0000
0000
0000
0000
ENDCHAR
STARTCHAR CySmlKaBshk
ENCODING 1185
SWIDTH 467 0
DWIDTH 14 0
BBX 14 30 0 -7
BITMAP
0000
0000
0000
0000
0000
0000
0000
0000
0000
0000
7E0C
7E1C
0638
0670
0CE0
0DC0
0F80
0FC0
0EC0
1C60
1860
1830
1830
0000
0000
0000
0000
0000
0000
0000
ENDCHAR
STARTCHAR CyCapEnDesc
ENCODING 1186
SWIDTH 467 0
DWIDTH 14 0
BBX 14 30 0 -7
BITMAP
0000
0000
0000
0000
0000
0000
0C0C
0C0C
0C0C
0C0C
1818
1818
1818
1FF8
1FF8
3030
3030
3030
3030
6060
6060
6078
6078
0018
0030
0030
0030
0000
0000
0000
ENDCHAR
STARTCHAR CySmlEnDesc
ENCODING 1187
SWIDTH 467 0
DWIDTH 14 0
BBX 14 30 0 -7
BITMAP
0000
0000
0000
0000
0000
0000
0000
0000
0000
0000
3830
3830
1830
1830
3060
3FE0
3FE0
3060
3060
60C0
60C0
60F8
60F8
0030
0030
00F0
00E0
0000
0000
0000
ENDCHAR
STARTCHAR CyCapEnGhe
ENCODING 1188
SWIDTH 467 0
DWIDTH 14 0
BBX 14 30 0 -7
BITMAP
0000
0000
0000
0000
0000
0000
187C
187C
1860
1860
30C0
30C0
30C0
3FC0
3FC0
6180
6180
6180
6180
C300
C300
C300
C300
0000
0000
0000
0000
0000
0000
0000
ENDCHAR
STARTCHAR CySmlEnGhe
ENCODING 1189
SWIDTH 467 0
DWIDTH 14 0
BBX 14 30 0 -7
BITMAP
0000
0000
0000
0000
0000
0000
0000
0000
0000
0000
70FC
70FC
30C0
30C0
6180
7F80
7F80
6180
6180
C300
C300
C380
C380
0000
0000
0000
0000
0000
0000
0000
ENDCHAR
STARTCHAR CyCapPeMhook
ENCODING 1190
SWIDTH 467 0
DWIDTH 14 0
BBX 14 30 0 -7
BITMAP
0000
0000
0000
0000
0000
0000
1FC0
1FC0
18C0
18C0
3180
3180
3180
31E0
31F0
6318
6318
6318
6330
C630
C630
C630
C630
0060
0060
18E0
1FC0
0F00
0000
0000
ENDCHAR
STARTCHAR CySmlPeMhook
ENCODING 1191
SWIDTH 467 0
DWIDTH 14 0
BBX 14 30 0 -7
BITMAP
0000
0000
0000
0000
0000
0000
0000
0000
0000
0000
3980
3BC0
1FC0
1CC0
18C0
3180
31F0
31F8
3198
3198
6318
6318
6318
0018
0030
0670
07E0
0380
0000
0000
ENDCHAR
STARTCHAR CyCapHaAbkh
ENCODING 1192
SWIDTH 467 0
DWIDTH 14 0
BBX 14 30 0 -7
BITMAP
0000
0000
0000
0000
0000
0000
0380
0F00
1C70
18F8
3198
3318
3318
6318
6618
6630
6630
6630
6360
61E0
33C0
3FF0
1E70
0000
0000
0000
0000
0000
0000
0000
ENDCHAR
STARTCHAR CySmlHaAbkh
ENCODING 1193
SWIDTH 467 0
DWIDTH 14 0
BBX 14 30 0 -7
BITMAP
0000
0000
0000
0000
0000
0000
0000
0000
0000
0000
0300
0780
0E00
1CE0
19F0
31B0
3330
3360
3360
31C0
3980
1FF0
0E70
0000
0000
0000
0000
0000
0000
0000
ENDCHAR
STARTCHAR CyCapEsDesc
ENCODING 1194
SWIDTH 467 0
DWIDTH 14 0
BBX 14 30 0 -7
BITMAP
0000
0000
0000
0000
0000
0000
00F8
03FC
070C
0E04
0C00
1800
1800
3000
3000
3000
3000
3000
3000
3020
1860
1FE0
0FC0
0200
0300
0180
0F80
0F00
0000
0000
ENDCHAR
STARTCHAR CySmlEsDesc
ENCODING 1195
SWIDTH 467 0
DWIDTH 14 0
BBX 14 30 0 -7
BITMAP
0000
0000
0000
0000
0000
0000
0000
0000
0000
0000
01E0
07F0
0E30
1C10
1800
3000
3000
3000
3000
3060
38E0
1FC0
0F00
0400
0600
0300
1F00
1E00
0000
0000
ENDCHAR
STARTCHAR CyCapTeDesc
ENCODING 1196
SWIDTH 467 0
DWIDTH 14 0
BBX 14 30 0 -7
BITMAP
0000
0000
0000
0000
0000
0000
0FFC
0FFC
00C0
00C0
00C0
0180
0180
0180
0180
0300
0300
0300
0300
0600
0600
0780
0780
0180
0300
0300
0300
0000
0000
0000
ENDCHAR
STARTCHAR CySmlTeDesc
ENCODING 1197
SWIDTH 467 0
DWIDTH 14 0
BBX 14 30 0 -7
BITMAP
0000
0000
0000
0000
0000
0000
0000
0000
0000
0000
7738
7FFC
39CC
318C
318C
6318
6318
6318
6318
C630
C630
C638
C618
0018
0018
0078
0070
0000
0000
0000
ENDCHAR
STARTCHAR CyCapUStrt
ENCODING 1198
SWIDTH 467 0
DWIDTH 14 0
BBX 14 30 0 -7
BITMAP
0000
0000
0000
0000
0000
0000
0C0C
0C1C
0C18
0630
0630
0660
03C0
03C0
0380
0300
0300
0300
0300
0600
0600
0600
0600
0000
0000
0000
0000
0000
0000
0000
ENDCHAR
STARTCHAR CySmlUStrt
ENCODING 1199
SWIDTH 467 0
DWIDTH 14 0
BBX 14 30 0 -7
BITMAP
0000
0000
0000
0000
0000
0000
0000
0000
0000
0000
1818
3818
3830
0C70
0C60
0CC0
0CC0
0780
0700
0700
0600
0600
0600
0600
0C00
0C00
0C00
0C00
0000
0000
ENDCHAR
STARTCHAR CyCapUStrtStroke
ENCODING 1200
SWIDTH 467 0
DWIDTH 14 0
BBX 14 30 0 -7
BITMAP
0000
0000
0000
0000
0000
0000
0C0C
0C1C
0C18
0630
0630
0660
03C0
03C0
0380
0300
0300
1FE0
1FE0
0600
0600
0600
0600
0000
0000
0000
0000
0000
0000
0000
ENDCHAR
STARTCHAR CySmlUStrtStroke
ENCODING 1201
SWIDTH 467 0
DWIDTH 14 0
BBX 14 30 0 -7
BITMAP
0000
0000
0000
0000
0000
0000
0000
0000
0000
0000
1818
3818
3830
0C70
0C60
0CC0
0CC0
0780
0700
0700
0600
0600
7FC0
7FC0
0C00
0C00
0C00
0C00
0000
0000
ENDCHAR
STARTCHAR CyCapHaDesc
ENCODING 1202
SWIDTH 467 0
DWIDTH 14 0
BBX 14 30 0 -7
BITMAP
0000
0000
0000
0000
0000
0000
0C0C
0C1C
0C18
0630
0630
0660
03C0
03C0
0380
0780
0780
0CC0
18C0
18C0
3060
7070
6070
0030
0060
0060
0060
0000
0000
0000
ENDCHAR
STARTCHAR CySmlHaDesc
ENCODING 1203
SWIDTH 467 0
DWIDTH 14 0
BBX 14 30 0 -7
BITMAP
0000
0000
0000
0000
0000
0000
0000
0000
0000
0000
1C38
1E38
0670
0360
03C0
0380
0300
0700
0F00
1B00
3B80
71F8
70F8
0030
0030
00F0
00E0
0000
0000
0000
ENDCHAR
STARTCHAR CyCapTeTse
ENCODING 1204
SWIDTH 467 0
DWIDTH 14 0
BBX 14 30 0 -7
BITMAP
0000
0000
0000
0000
0000
0000
3FCC
3FCC
060C
060C
0C18
0C18
0C18
0C18
0C18
1830
1830
1830
1830
3060
3060
3FF0
3FF0
0030
0060
0060
0060
0000
0000
0000
ENDCHAR
STARTCHAR CySmlTeTse
ENCODING 1205
SWIDTH 467 0
DWIDTH 14 0
BBX 14 30 0 -7
BITMAP
0000
0000
0000
0000
0000
0000
0000
0000
0000
0000
7F98
7F98
0C18
1818
1830
1830
1830
3060
3060
30E0
39E0
1F78
0E38
0030
0030
00F0
00E0
0000
0000
0000
ENDCHAR
STARTCHAR CyCapCheDesc
ENCODING 1206
SWIDTH 467 0
DWIDTH 14 0
BBX 14 30 0 -7
BITMAP
0000
0000
0000
0000
0000
0000
0C0C
0C0C
0C0C
0C0C
1818
1818
1838
1C78
0FF8
07B0
0030
0030
0030
0060
0060
0078
0078
0018
0030
0030
0030
0000
0000
0000
ENDCHAR
STARTCHAR CySmlCheDesc
ENCODING 1207
SWIDTH 467 0
DWIDTH 14 0
BBX 14 30 0 -7
BITMAP
0000
0000
0000
0000
0000
0000
0000
0000
0000
0000
3830
3830
1830
3030
3060
38E0
1FE0
0F60
0060
00C0
00C0
00F8
00F8
0030
0030
00F0
00E0
0000
0000
0000
ENDCHAR
STARTCHAR CyCapCheStrokeV
ENCODING 1208
SWIDTH 467 0
DWIDTH 14 0
BBX 14 30 0 -7
BITMAP
0000
0000
0000
0000
0000
0000
0C0C
0C0C
0C0C
0C0C
1818
1998
19B8
1DF8
0FF8
07B0
0330
0330
0330
0060
0060
0060
0060
0000
0000
0000
0000
0000
0000
0000
ENDCHAR
STARTCHAR CySmlCheStrokeV
ENCODING 1209
SWIDTH 467 0
DWIDTH 14 0
BBX 14 30 0 -7
BITMAP
0000
0000
0000
0000
0000
0000
0000
0000
0000
0000
1C18
1C18
0C18
1998
19B0
1F70
0FF0
07B0
0330
0660
0660
0060
0060
0000
0000
0000
0000
0000
0000
0000
ENDCHAR
STARTCHAR CyCapShha
ENCODING 1210
SWIDTH 467 0
DWIDTH 14 0
BBX 14 30 0 -7
BITMAP
0000
0000
0000
0000
0000
0000
0C00
0C00
0C00
0C00
1800
1800
1800
1BC0
3FE0
3C70
3830
3030
3030
6060
6060
6060
6060
0000
0000
0000
0000
0000
0000
0000
ENDCHAR
STARTCHAR CySmlShha
ENCODING 1211
SWIDTH 467 0
DWIDTH 14 0
BBX 14 30 0 -7
BITMAP
0000
0000
0000
0000
0000
1C00
1C00
0C00
0C00
0C00
19C0
1BE0
1E70
1C30
1830
3060
3060
3060
3060
30C0
60C0
60F0
6070
0000
0000
0000
0000
0000
0000
0000
ENDCHAR
STARTCHAR CyCapCheAbkh
ENCODING 1212
SWIDTH 467 0
DWIDTH 14 0
BBX 14 30 0 -7
BITMAP
0000
0000
0000
0000
0000
0000
18E0
3BF0
3330
6618
6E18
6C18
6C30
7FF0
3FF0
1800
1800
1800
1800
1840
0CC0
0FC0
0780
0000
0000
0000
0000
0000
0000
0000
ENDCHAR
STARTCHAR CySmlCheAbkh
ENCODING 1213
SWIDTH 467 0
DWIDTH 14 0
BBX 14 30 0 -7
BITMAP
0000
0000
0000
0000
0000
0000
0000
0000
0000
0000
30F0
73F8
6718
6E0C
6C1C
7FF8
3FF0
1800
1800
1800
1C30
0FE0
07C0
0000
0000
0000
0000
0000
0000
0000
ENDCHAR
STARTCHAR CyCapCheAbkhDesc
ENCODING 1214
SWIDTH 467 0
DWIDTH 14 0
BBX 14 30 0 -7
BITMAP
0000
0000
0000
0000
0000
0000
18E0
3BF0
3330
6618
6E18
6C18
6C30
7FF0
3FF0
1800
1800
1800
1800
1840
0CC0
0FC0
0780
0300
0600
0600
0600
0000
0000
0000
ENDCHAR
STARTCHAR CySmlCheAbkhDesc
ENCODING 1215
SWIDTH 467 0
DWIDTH 14 0
BBX 14 30 0 -7
BITMAP
0000
0000
0000
0000
0000
0000
0000
0000
0000
0000
30F0
73F8
6718
6E0C
6C1C
7FF8
3FF0
1800
1800
1800
1C30
0FE0
07C0
0180
0180
0780
0700
0000
0000
0000
ENDCHAR
STARTCHAR CyCapPalochka
ENCODING 1216
SWIDTH 467 0
DWIDTH 14 0
BBX 14 30 0 -7
BITMAP
0000
0000
0000
0000
0000
0000
03F0
03F0
00C0
00C0
00C0
0180
0180
0180
0180
0300
0300
0300
0300
0600
0600
1F80
1F80
0000
0000
0000
0000
0000
0000
0000
ENDCHAR
STARTCHAR CyCapZheBreve
ENCODING 1217
SWIDTH 467 0
DWIDTH 14 0
BBX 14 30 0 -7
BITMAP
0000
0618
0618
07F8
03F0
0000
18CC
18CC
198C
1998
1998
1930
0B60
0780
0FC0
1B60
3260
6660
6660
6660
C660
CC60
CC60
0000
0000
0000
0000
0000
0000
0000
ENDCHAR
STARTCHAR CySmlZheBreve
ENCODING 1218
SWIDTH 467 0
DWIDTH 14 0
BBX 14 30 0 -7
BITMAP
0000
0000
0000
0000
0C30
0C30
0FF0
07E0
0000
0000
718C
799C
1998
1B30
1F30
1F70
3B70
33E0
33E0
3660
6660
E678
C638
0000
0000
0000
0000
0000
0000
0000
ENDCHAR
STARTCHAR CyCapKaLhook
ENCODING 1219
SWIDTH 467 0
DWIDTH 14 0
BBX 14 30 0 -7
BITMAP
0000
0000
0000
0000
0000
0000
0C0C
0C1C
0C38
0C70
18E0
19C0
1B80
1F00
1F00
3D80
3980
3180
30C0
60C0
60C0
6060
6060
0060
0060
0660
07E0
0380
0000
0000
ENDCHAR
STARTCHAR CySmlKaLhook
ENCODING 1220
SWIDTH 467 0
DWIDTH 14 0
BBX 14 30 0 -7
BITMAP
0000
0000
0000
0000
0000
0000
0000
0000
0000
0000
3818
3838
1870
18E0
31C0
3780
3F00
3F80
3980
70C0
60C0
6060
6060
0060
00E0
19C0
1F80
0E00
0000
0000
ENDCHAR
STARTCHAR CyCapElTail
ENCODING 1221
SWIDTH 467 0
DWIDTH 14 0
BBX 14 30 0 -7
BITMAP
0000
0000
0000
0000
0000
0000
03FC
03FC
030C
030C
0618
0618
0618
0618
0618
0C30
0C30
0C30
0C30
1860
3860
F078
E078
0030
0060
01C0
0180
0000
0000
0000
ENDCHAR
STARTCHAR CySmlElTail
ENCODING 1222
SWIDTH 467 0
DWIDTH 14 0
BBX 14 30 0 -7
BITMAP
0000
0000
0000
0000
0000
0000
0000
0000
0000
0000
00F0
01F8
0398
0718
0618
0630
0C30
0C30
0C30
1860
3860
F078
E078
0030
0060
01C0
0180
0000
0000
0000
ENDCHAR
STARTCHAR CyCapEnLhook
ENCODING 1223
SWIDTH 467 0
DWIDTH 14 0
BBX 14 30 0 -7
BITMAP
0000
0000
0000
0000
0000
0000
0C0C
0C0C
0C0C
0C0C
1818
1818
1818
1FF8
1FF8
3030
3030
3030
3030
6060
6060
6060
6060
0060
0060
0CC0
0FC0
0700
0000
0000
ENDCHAR
STARTCHAR CySmlEnLhook
ENCODING 1224
SWIDTH 467 0
DWIDTH 14 0
BBX 14 30 0 -7
BITMAP
0000
0000
0000
0000
0000
0000
0000
0000
0000
0000
3830
3830
1830
1830
3060
3FE0
3FE0
3060
3060
60C0
60C0
60C0
60C0
00C0
0180
3380
3F00
1C00
0000
0000
ENDCHAR
STARTCHAR CyCapEnTail
ENCODING 1225
SWIDTH 467 0
DWIDTH 14 0
BBX 14 30 0 -7
BITMAP
0000
0000
0000
0000
0000
0000
0C0C
0C0C
0C0C
0C0C
1818
1818
1818
1FF8
1FF8
3030
3030
3030
3030
6060
6060
6078
6078
0030
0060
01C0
0180
0000
0000
0000
ENDCHAR
STARTCHAR CySmlEnTail
ENCODING 1226
SWIDTH 467 0
DWIDTH 14 0
BBX 14 30 0 -7
BITMAP
0000
0000
0000
0000
0000
0000
0000
0000
0000
0000
3830
3830
1830
1830
3060
3FE0
3FE0
3060
3060
60C0
60C0
60F0
60F0
0060
00C0
0380
0300
0000
0000
0000
ENDCHAR
STARTCHAR CyCapCheKhks
ENCODING 1227
SWIDTH 467 0
DWIDTH 14 0
BBX 14 30 0 -7
BITMAP
0000
0000
0000
0000
0000
0000
0C0C
0C0C
0C0C
0C0C
1818
1818
1838
1C78
0FF8
07B0
0030
0030
0030
0060
0060
01E0
01E0
0180
0300
0300
0300
0000
0000
0000
ENDCHAR
STARTCHAR CySmlCheKhks
ENCODING 1228
SWIDTH 467 0
DWIDTH 14 0
BBX 14 30 0 -7
BITMAP
0000
0000
0000
0000
0000
0000
0000
0000
0000
0000
1C18
1C18
0C18
1818
1830
1C70
0FF0
07B0
0030
0060
0060
01E0
03E0
0300
0300
0F00
0E00
0000
0000
0000
ENDCHAR
STARTCHAR CyCapEmTail
ENCODING 1229
SWIDTH 467 0
DWIDTH 14 0
BBX 14 30 0 -7
BITMAP
0000
0000
0000
0000
0000
0000
180C
180C
1C1C
1C3C
3C38
3C78
34D8
34D8
3798
6730
6730
6630
6630
C060
C060
C078
C078
0030
0060
01C0
0180
0000
0000
0000
ENDCHAR
STARTCHAR CySmlEmTail
ENCODING 1230
SWIDTH 467 0
DWIDTH 14 0
BBX 14 30 0 -7
BITMAP
0000
0000
0000
0000
0000
0000
0000
0000
0000
0000
060C
060C
061C
0638
0E38
0E70
0EF0
1EF0
1FB0
3730
7730
E678
C678
0030
0060
01C0
0180
0000
0000
0000
ENDCHAR
STARTCHAR CySmlPalochka
ENCODING 1231
SWIDTH 467 0
DWIDTH 14 0
BBX 14 30 0 -7
BITMAP
0000
0000
0000
0000
0000
03F0
03F0
00C0
00C0
0180
0180
0180
0180
0180
0300
0300
0300
0300
0300
0600
0600
1F80
1F80
0000
0000
0000
0000
0000
0000
0000
ENDCHAR
STARTCHAR CyCapABreve
ENCODING 1232
SWIDTH 467 0
DWIDTH 14 0
BBX 14 30 0 -7
BITMAP
0000
030C
030C
03FC
01F8
0000
00C0
00C0
01C0
01C0
03C0
0360
0660
0660
0C60
0C60
1FE0
1FE0
3030
3030
6030
6030
E030
0000
0000
0000
0000
0000
0000
0000
ENDCHAR
STARTCHAR CySmlABreve
ENCODING 1233
SWIDTH 467 0
DWIDTH 14 0
BBX 14 30 0 -7
BITMAP
0000
0000
0000
0000
0618
0618
07F8
03F0
0000
0000
0198
07D8
0E78
1C38
1830
3030
3030
3060
3060
30E0
39E0
1F70
0E30
0000
0000
0000
0000
0000
0000
0000
ENDCHAR
STARTCHAR CyCapADrss
ENCODING 1234
SWIDTH 467 0
DWIDTH 14 0
BBX 14 30 0 -7
BITMAP
0000
0198
0198
0198
0000
0000
00C0
00C0
01C0
01C0
03C0
0360
0660
0660
0C60
0C60
1FE0
1FE0
3030
3030
6030
6030
E030
0000
0000
0000
0000
0000
0000
0000
ENDCHAR
STARTCHAR CySmlADrss
ENCODING 1235
SWIDTH 467 0
DWIDTH 14 0
BBX 14 30 0 -7
BITMAP
0000
0000
0000
0000
0000
0330
0330
0330
0000
0000
0198
07D8
0E78
1C38
1830
3030
3030
3060
3060
30E0
39E0
1F70
0E30
0000
0000
0000
0000
0000
0000
0000
ENDCHAR
STARTCHAR CyCapAIe
ENCODING 1236
SWIDTH 467 0
DWIDTH 14 0
BBX 14 30 0 -7
BITMAP
0000
0000
0000
0000
0000
0000
00FC
01FC
01C0
03C0
0380
0780
0780
0DF0
0DF0
1980
1F00
3F00
3300
6600
6600
C7F0
C7F0
0000
0000
0000
0000
0000
0000
0000
ENDCHAR
STARTCHAR CySmlAIe
ENCODING 1237
SWIDTH 467 0
DWIDTH 14 0
BBX 14 30 0 -7
BITMAP
0000
0000
0000
0000
0000
0000
0000
0000
0000
0000
1E38
3F7C
31CC
018C
030C
1FF8
3FF0
6300
C300
C600
CE30
FFF0
79E0
0000
0000
0000
0000
0000
0000
0000
ENDCHAR
STARTCHAR CyCapIeBreve
ENCODING 1238
SWIDTH 467 0
DWIDTH 14 0
BBX 14 30 0 -7
BITMAP
0000
030C
030C
03FC
01F8
0000
0FFC
0FFC
0C00
0C00
1800
1800
1800
1FE0
1FE0
3000
3000
3000
3000
6000
6000
7FE0
7FE0
0000
0000
0000
0000
0000
0000
0000
ENDCHAR
STARTCHAR CySmlIeBreve
ENCODING 1239
SWIDTH 467 0
DWIDTH 14 0
BBX 14 30 0 -7
BITMAP
0000
0000
0000
0000
0618
0618
07F8
03F0
0000
0000
01E0
07F0
0E30
1C18
1838
3FF0
3FE0
3000
3000
3000
3860
1FC0
0F80
0000
0000
0000
0000
0000
0000
0000
ENDCHAR
STARTCHAR CyCapSchwa
ENCODING 1240
SWIDTH 467 0
DWIDTH 14 0
BBX 14 30 0 -7
BITMAP
0000
0000
0000
0000
0000
0000
03E0
07F0
0630
0418
0018
0018
0018
1FF8
1FF8
1838
3030
3030
3070
3060
18C0
1FC0
0F00
0000
0000
0000
0000
0000
0000
0000
ENDCHAR
STARTCHAR CySmlSchwa
ENCODING 1241
SWIDTH 467 0
DWIDTH 14 0
BBX 14 30 0 -7
BITMAP
0000
0000
0000
0000
0000
0000
0000
0000
0000
0000
07C0
0FE0
1870
0030
0030
0030
1FF0
3FF0
7060
60E0
31C0
3F80
1F00
0000
0000
0000
0000
0000
0000
0000
ENDCHAR
STARTCHAR CyCapSchwaDrss
ENCODING 1242
SWIDTH 467 0
DWIDTH 14 0
BBX 14 30 0 -7
BITMAP
0000
0330
0330
0330
0000
0000
03E0
07F0
0630
0418
0018
0018
0018
1FF8
1FF8
1838
3030
3030
3070
3060
18C0
1FC0
0F00
0000
0000
0000
0000
0000
0000
0000
ENDCHAR
STARTCHAR CySmlSchwaDrss
ENCODING 1243
SWIDTH 467 0
DWIDTH 14 0
BBX 14 30 0 -7
BITMAP
0000
0000
0000
0000
0000
0660
0660
0660
0000
0000
07C0
0FE0
1870
0030
0030
0030
1FF0
3FF0
7060
60E0
31C0
3F80
1F00
0000
0000
0000
0000
0000
0000
0000
ENDCHAR
STARTCHAR CyCapZheDrss
ENCODING 1244
SWIDTH 467 0
DWIDTH 14 0
BBX 14 30 0 -7
BITMAP
0000
0330
0330
0330
0000
0000
18CC
18CC
198C
1998
1998
1930
0B60
0780
0FC0
1B60
3260
6660
6660
6660
C660
CC60
CC60
0000
0000
0000
0000
0000
0000
0000
ENDCHAR
STARTCHAR CySmlZheDrss
ENCODING 1245
SWIDTH 467 0
DWIDTH 14 0
BBX 14 30 0 -7
BITMAP
0000
0000
0000
0000
0000
0660
0660
0660
0000
0000
718C
799C
1998
1B30
1F30
1F70
3B70
33E0
33E0
3660
6660
E678
C638
0000
0000
0000
0000
0000
0000
0000
ENDCHAR
STARTCHAR CyCapZeDrss
ENCODING 1246
SWIDTH 467 0
DWIDTH 14 0
BBX 14 30 0 -7
BITMAP
0000
0330
0330
0330
0000
0000
07E0
0FF0
0C38
0818
0018
0038
0070
03E0
03C0
00C0
0060
0060
0060
4060
60C0
7FC0
3F80
0000
0000
0000
0000
0000
0000
0000
ENDCHAR
STARTCHAR CySmlZeDrss
ENCODING 1247
SWIDTH 467 0
DWIDTH 14 0
BBX 14 30 0 -7
BITMAP
0000
0000
0000
0000
0000
0660
0660
0660
0000
0000
0FC0
1FE0
1870
0030
0060
07C0
0780
00C0
0060
0060
60C0
7FC0
3F00
0000
0000
0000
0000
0000
0000
0000
ENDCHAR
STARTCHAR CyCapDzeAbkh
ENCODING 1248
SWIDTH 467 0
DWIDTH 14 0
BBX 14 30 0 -7
BITMAP
0000
0000
0000
0000
0000
0000
0FFC
0FFC
001C
0038
0070
00E0
01C0
03C0
03E0
0070
0030
0030
0030
6060
60E0
7FC0
3F00
0000
0000
0000
0000
0000
0000
0000
ENDCHAR
STARTCHAR CySmlDzeAbkh
ENCODING 1249
SWIDTH 467 0
DWIDTH 14 0
BBX 14 30 0 -7
BITMAP
0000
0000
0000
0000
0000
0000
0000
0000
0000
0000
0FF8
1FF8
1830
0060
00C0
0180
0300
0780
07C0
00E0
0060
0060
0060
00C0
00C0
C1C0
FF80
7E00
0000
0000
ENDCHAR
STARTCHAR CyCapIMacron
ENCODING 1250
SWIDTH 467 0
DWIDTH 14 0
BBX 14 30 0 -7
BITMAP
0000
0000
03F0
03F0
0000
0000
0C0C
0C0C
0C1C
0C3C
1878
1878
18D8
19D8
3398
3730
3630
3C30
3C30
7860
7060
6060
6060
0000
0000
0000
0000
0000
0000
0000
ENDCHAR
STARTCHAR CySmlIMacron
ENCODING 1251
SWIDTH 467 0
DWIDTH 14 0
BBX 14 30 0 -7
BITMAP
0000
0000
0000
0000
0000
0000
03F0
03F0
0000
0000
1C18
1C18
0C18
1818
1830
1830
1830
3060
3060
30E0
39E0
1F70
0E30
0000
0000
0000
0000
0000
0000
0000
ENDCHAR
STARTCHAR CyCapIDrss
ENCODING 1252
SWIDTH 467 0
DWIDTH 14 0
BBX 14 30 0 -7
BITMAP
0000
0198
0198
0198
0000
0000
0C0C
0C0C
0C1C
0C3C
1878
1878
18D8
19D8
3398
3730
3630
3C30
3C30
7860
7060
6060
6060
0000
0000
0000
0000
0000
0000
0000
ENDCHAR
STARTCHAR CySmlIDrss
ENCODING 1253
SWIDTH 467 0
DWIDTH 14 0
BBX 14 30 0 -7
BITMAP
0000
0000
0000
0000
0000
0330
0330
0330
0000
0000
1C18
1C18
0C18
1818
1830
1830
1830
3060
3060
30E0
39E0
1F70
0E30
0000
0000
0000
0000
0000
0000
0000
ENDCHAR
STARTCHAR CyCapODrss
ENCODING 1254
SWIDTH 467 0
DWIDTH 14 0
BBX 14 30 0 -7
BITMAP
0000
0330
0330
0330
0000
0000
03E0
0FF0
0C30
1818
3818
3018
3018
6018
6018
6018
6030
6030
6070
6060
30C0
3FC0
1F00
0000
0000
0000
0000
0000
0000
0000
ENDCHAR
STARTCHAR CySmlODrss
ENCODING 1255
SWIDTH 467 0
DWIDTH 14 0
BBX 14 30 0 -7
BITMAP
0000
0000
0000
0000
0000
0330
0330
0330
0000
0000
03C0
07E0
0E70
1C30
1830
3030
3030
3030
3060
30E0
39C0
1F80
0F00
0000
0000
0000
0000
0000
0000
0000
ENDCHAR
STARTCHAR CyCapOStrokeH
ENCODING 1256
SWIDTH 467 0
DWIDTH 14 0
BBX 14 30 0 -7
BITMAP
0000
0000
0000
0000
0000
0000
03E0
0FF0
0C30
1818
3818
3018
3018
7FF8
7FF8
6018
6030
6030
6070
6060
30C0
3FC0
1F00
0000
0000
0000
0000
0000
0000
0000
ENDCHAR
STARTCHAR CySmlOStrokeH
ENCODING 1257
SWIDTH 467 0
DWIDTH 14 0
BBX 14 30 0 -7
BITMAP
0000
0000
0000
0000
0000
0000
0000
0000
0000
0000
03C0
07E0
0E70
1C30
1830
3FF0
3FF0
3030
3060
30E0
39C0
1F80
0F00
0000
0000
0000
0000
0000
0000
0000
ENDCHAR
STARTCHAR CyCapOStrokeHDrss
ENCODING 1258
SWIDTH 467 0
DWIDTH 14 0
BBX 14 30 0 -7
BITMAP
0000
0330
0330
0330
0000
0000
03E0
0FF0
0C30
1818
3818
3018
3018
7FF8
7FF8
6018
6030
6030
6070
6060
30C0
3FC0
1F00
0000
0000
0000
0000
0000
0000
0000
ENDCHAR
STARTCHAR CySmlOStrokeHDrss
ENCODING 1259
SWIDTH 467 0
DWIDTH 14 0
BBX 14 30 0 -7
BITMAP
0000
0000
0000
0000
0000
0330
0330
0330
0000
0000
03C0
07E0
0E70
1C30
1830
3FF0
3FF0
3030
3060
30E0
39C0
1F80
0F00
0000
0000
0000
0000
0000
0000
0000
ENDCHAR
STARTCHAR CyCapEDrss
ENCODING 1260
SWIDTH 467 0
DWIDTH 14 0
BBX 14 30 0 -7
BITMAP
0000
0330
0330
0330
0000
0000
07E0
0FF0
0C30
0818
0018
0018
0018
07F8
07F8
0018
0030
0030
0070
4060
60C0
7FC0
3F00
0000
0000
0000
0000
0000
0000
0000
ENDCHAR
STARTCHAR CySmlEDrss
ENCODING 1261
SWIDTH 467 0
DWIDTH 14 0
BBX 14 30 0 -7
BITMAP
0000
0000
0000
0000
0000
0660
0660
0660
0000
0000
0FC0
1FE0
1870
0030
0030
07F0
07F0
0030
0060
00E0
61C0
7F80
3E00
0000
0000
0000
0000
0000
0000
0000
ENDCHAR
STARTCHAR CyCapUMacron
ENCODING 1262
SWIDTH 467 0
DWIDTH 14 0
BBX 14 30 0 -7
BITMAP
0000
0000
03F0
03F0
0000
0000
0C0C
0C0C
0C0C
0618
0618
0630
0330
0360
01E0
01C0
01C0
0180
0180
6300
6700
7E00
3C00
0000
0000
0000
0000
0000
0000
0000
ENDCHAR
STARTCHAR CySmlUMacron
ENCODING 1263
SWIDTH 467 0
DWIDTH 14 0
BBX 14 30 0 -7
BITMAP
0000
0000
0000
0000
0000
0000
03F0
03F0
0000
0000
1C18
1C18
0C18
1818
1830
1830
1830
3030
3060
30E0
39E0
1F60
0E60
00C0
00C0
61C0
7F80
7F00
0000
0000
ENDCHAR
STARTCHAR CyCapUDrss
ENCODING 1264
SWIDTH 467 0
DWIDTH 14 0
BBX 14 30 0 -7
BITMAP
0000
0198
0198
0198
0000
0000
0C0C
0C0C
0C0C
0618
0618
0630
0330
0360
01E0
01C0
01C0
0180
0180
6300
6700
7E00
3C00
0000
0000
0000
0000
0000
0000
0000
ENDCHAR
STARTCHAR CySmlUDrss
ENCODING 1265
SWIDTH 467 0
DWIDTH 14 0
BBX 14 30 0 -7
BITMAP
0000
0000
0000
0000
0000
0330
0330
0330
0000
0000
1C18
1C18
0C18
1818
1830
1830
1830
3030
3060
30E0
39E0
1F60
0E60
00C0
00C0
61C0
7F80
7F00
0000
0000
ENDCHAR
STARTCHAR CyCapUAcute2
ENCODING 1266
SWIDTH 467 0
DWIDTH 14 0
BBX 14 30 0 -7
BITMAP
0000
00CC
01DC
0198
0330
0000
0C0C
0C0C
0C0C
0618
0618
0630
0330
0360
01E0
01C0
01C0
0180
0180
6300
6700
7E00
3C00
0000
0000
0000
0000
0000
0000
0000
ENDCHAR
STARTCHAR CySmlUAcute2
ENCODING 1267
SWIDTH 467 0
DWIDTH 14 0
BBX 14 30 0 -7
BITMAP
0000
0000
0000
0000
01DC
03B8
0330
0660
0000
0000
1C18
1C18
0C18
1818
1830
1830
1830
3030
3060
30E0
39E0
1F60
0E60
00C0
00C0
61C0
7F80
7F00
0000
0000
ENDCHAR
STARTCHAR CyCapCheDrss
ENCODING 1268
SWIDTH 467 0
DWIDTH 14 0
BBX 14 30 0 -7
BITMAP
0000
0198
0198
0198
0000
0000
0C0C
0C0C
0C0C
0C0C
1818
1818
1838
1C78
0FF8
07B0
0030
0030
0030
0060
0060
0060
0060
0000
0000
0000
0000
0000
0000
0000
ENDCHAR
STARTCHAR CySmlCheDrss
ENCODING 1269
SWIDTH 467 0
DWIDTH 14 0
BBX 14 30 0 -7
BITMAP
0000
0000
0000
0000
0000
0330
0330
0330
0000
0000
1C18
1C18
0C18
1818
1830
1C70
0FF0
07B0
0030
0060
0060
0060
0060
0000
0000
0000
0000
0000
0000
0000
ENDCHAR
STARTCHAR CyCapGheDesc
ENCODING 1270
SWIDTH 467 0
DWIDTH 14 0
BBX 14 30 0 -7
BITMAP
0000
0000
0000
0000
0000
0000
0FF8
0FF8
0C00
0C00
1800
1800
1800
1800
1800
3000
3000
3000
3000
6000
6000
7800
7800
1800
3000
3000
3000
0000
0000
0000
ENDCHAR
STARTCHAR CySmlGheDesc
ENCODING 1271
SWIDTH 467 0
DWIDTH 14 0
BBX 14 30 0 -7
BITMAP
0000
0000
0000
0000
0000
0000
0000
0000
0000
0000
0FC0
1FE0
1860
0060
00E0
01C0
0780
0E00
1C00
1800
1860
1FE0
0FC0
0300
0300
0F00
0E00
0000
0000
0000
ENDCHAR
STARTCHAR CyCapYeruDrss
ENCODING 1272
SWIDTH 467 0
DWIDTH 14 0
BBX 14 30 0 -7
BITMAP
0000
0330
0330
0330
0000
0000
180C
180C
180C
180C
3018
3018
3018
3C18
3E18
6630
6330
6330
6330
C260
C660
FC60
F860
0000
0000
0000
0000
0000
0000
0000
ENDCHAR
STARTCHAR CySmlYeruDrss
ENCODING 1273
SWIDTH 467 0
DWIDTH 14 0
BBX 14 30 0 -7
BITMAP
0000
0000
0000
0000
0000
0330
0330
0330
0000
0000
3838
3838
1818
1818
3018
3C30
3E30
3330
6330
6330
6660
7E70
3C30
0000
0000
0000
0000
0000
0000
0000
ENDCHAR
STARTCHAR CyCapGheStrokeLhook
ENCODING 1274
SWIDTH 467 0
DWIDTH 14 0
BBX 14 30 0 -7
BITMAP
0000
0000
0000
0000
0000
0000
0FFC
0FFC
0C00
0C00
1800
1800
1800
7FC0
7FC0
3000
3000
3000
3000
6000
6000
7800
7C00
0600
0600
CC00
F800
7000
0000
0000
ENDCHAR
STARTCHAR CySmlGheStrokeLhook
ENCODING 1275
SWIDTH 467 0
DWIDTH 14 0
BBX 14 30 0 -7
BITMAP
0000
0000
0000
0000
0000
0000
0000
0000
0000
0000
0FC0
1FE0
1860
0060
00E0
1FC0
0780
0FE0
1C00
1800
1860
1FE0
0FC0
0300
0300
3700
3E00
1C00
0000
0000
ENDCHAR
STARTCHAR CyCapHaLhook
ENCODING 1276
SWIDTH 467 0
DWIDTH 14 0
BBX 14 30 0 -7
BITMAP
0000
0000
0000
0000
0000
0000
0C0C
0C1C
0C18
0630
0630
0660
03C0
03C0
0380
0780
0780
0CC0
18C0
18C0
3060
7060
6060
0060
0060
0CC0
0FC0
0700
0000
0000
ENDCHAR
STARTCHAR CySmlHaLhook
ENCODING 1277
SWIDTH 467 0
DWIDTH 14 0
BBX 14 30 0 -7
BITMAP
0000
0000
0000
0000
0000
0000
0000
0000
0000
0000
1838
1C38
0C70
0660
03C0
0380
0380
0780
0EC0
18C0
3860
7060
7060
0060
00E0
0DC0
0FC0
0700
0000
0000
ENDCHAR
STARTCHAR CyCapHaStroke
ENCODING 1278
SWIDTH 467 0
DWIDTH 14 0
BBX 14 30 0 -7
BITMAP
0000
0000
0000
0000
0000
0000
0C0C
0C1C
0C18
0630
0630
0660
03C0
3FF8
3FF8
0780
0780
0CC0
18C0
18C0
3060
7060
6060
0000
0000
0000
0000
0000
0000
0000
ENDCHAR
STARTCHAR CySmlHaStroke
ENCODING 1279
SWIDTH 467 0
DWIDTH 14 0
BBX 14 30 0 -7
BITMAP
0000
0000
0000
0000
0000
0000
0000
0000
0000
0000
1C38
1E38
0670
0360
03C0
3FF0
3FF0
0700
0F00
1B00
3B80
71E0
70E0
0000
0000
0000
0000
0000
0000
0000
ENDCHAR
STARTCHAR CyCapDeKomi
ENCODING 1280
SWIDTH 467 0
DWIDTH 14 0
BBX 14 30 0 -7
BITMAP
0000
0000
0000
0000
0000
0000
000C
000C
000C
000C
0018
0018
0018
07F8
0FF0
1C30
3830
3030
3030
3060
3860
1FE0
0FE0
0000
0000
0000
0000
0000
0000
0000
ENDCHAR
STARTCHAR CySmlDeKomi
ENCODING 1281
SWIDTH 467 0
DWIDTH 14 0
BBX 14 30 0 -7
BITMAP
0000
0000
0000
0000
0000
000C
000C
000C
000C
0018
0198
07D8
0E78
1C30
1830
3030
3030
3060
3060
30E0
39E0
1F70
0E30
0000
0000
0000
0000
0000
0000
0000
ENDCHAR
STARTCHAR CyCapDjeKomi
ENCODING 1282
SWIDTH 467 0
DWIDTH 14 0
BBX 14 30 0 -7
BITMAP
0000
0000
0000
0000
0000
0000
0060
0060
0060
0060
00C0
00C0
00C0
0FCC
1F8C
398C
7198
6198
6198
6318
6338
7FF0
3FE0
0000
0000
0000
0000
0000
0000
0000
ENDCHAR
STARTCHAR CySmlDjeKomi
ENCODING 1283
SWIDTH 467 0
DWIDTH 14 0
BBX 14 30 0 -7
BITMAP
0000
0000
0000
0000
0000
0060
0060
0060
00C0
00C0
06C0
0FC0
1D80
3980
3180
6180
6198
6318
6318
6330
7730
3FF0
19E0
0000
0000
0000
0000
0000
0000
0000
ENDCHAR
STARTCHAR CyCapZjeKomi
ENCODING 1284
SWIDTH 467 0
DWIDTH 14 0
BBX 14 30 0 -7
BITMAP
0000
0000
0000
0000
0000
0000
0FC0
1FE0
18E0
1060
0060
00E0
01C0
0F8C
0F0C
030C
0198
0198
0198
0198
0338
03F0
01E0
0000
0000
0000
0000
0000
0000
0000
ENDCHAR
STARTCHAR CySmlZjeKomi
ENCODING 1285
SWIDTH 467 0
DWIDTH 14 0
BBX 14 30 0 -7
BITMAP
0000
0000
0000
0000
0000
0000
0000
0000
0000
0000
1F00
3F80
31C0
00C0
0180
0F00
0E18
0318
0198
01B0
0330
03F0
01E0
0000
0000
0000
0000
0000
0000
0000
ENDCHAR
STARTCHAR CyCapDzjeKomi
ENCODING 1286
SWIDTH 467 0
DWIDTH 14 0
BBX 14 30 0 -7
BITMAP
0000
0000
0000
0000
0000
0000
0FC0
1FE0
1870
1030
0030
0070
00E0
07C0
0780
0180
00C0
00C0
00C0
00C0
0180
01E0
01E0
0060
00C0
00C0
00C0
0000
0000
0000
ENDCHAR
STARTCHAR CySmlDzjeKomi
ENCODING 1287
SWIDTH 467 0
DWIDTH 14 0
BBX 14 30 0 -7
BITMAP
0000
0000
0000
0000
0000
0000
0000
0000
0000
0000
0FC0
1FE0
1870
0030
0060
07C0
0780
00C0
0060
0060
00C0
00F8
00F8
0030
0030
00F0
00E0
0000
0000
0000
ENDCHAR
STARTCHAR CyCapLjeKomi
ENCODING 1288
SWIDTH 467 0
DWIDTH 14 0
BBX 14 30 0 -7
BITMAP
0000
0000
0000
0000
0000
0000
07E0
07E0
0660
0660
0CC0
0CC0
0CC0
0CCC
0CCC
198C
1998
1998
1998
3198
7338
E3F0
C1E0
0000
0000
0000
0000
0000
0000
0000
ENDCHAR
STARTCHAR CySmlLjeKomi
ENCODING 1289
SWIDTH 467 0
DWIDTH 14 0
BBX 14 30 0 -7
BITMAP
0000
0000
0000
0000
0000
0000
0000
0000
0000
0000
0380
07C0
06C0
0CC0
0D80
0D80
1998
1998
1998
3330
3330
F3F0
E1E0
0000
0000
0000
0000
0000
0000
0000
ENDCHAR
STARTCHAR CyCapNjeKomi
ENCODING 1290
SWIDTH 467 0
DWIDTH 14 0
BBX 14 30 0 -7
BITMAP
0000
0000
0000
0000
0000
0000
1860
1860
1860
1860
30C0
30C0
30C0
3FCC
3FCC
618C
6198
6198
6198
C198
C338
C3F0
C1E0
0000
0000
0000
0000
0000
0000
0000
ENDCHAR
STARTCHAR CySmlNjeKomi
ENCODING 1291
SWIDTH 467 0
DWIDTH 14 0
BBX 14 30 0 -7
BITMAP
0000
0000
0000
0000
0000
0000
0000
0000
0000
0000
70C0
70C0
30C0
30C0
6180
7F80
7F98
6198
6198
C330
C330
C3F0
C1E0
0000
0000
0000
0000
0000
0000
0000
ENDCHAR
STARTCHAR CyCapSjeKomi
ENCODING 1292
SWIDTH 467 0
DWIDTH 14 0
BBX 14 30 0 -7
BITMAP
0000
0000
0000
0000
0000
0000
00F8
03FC
070C
0E04
0C00
1800
1800
3000
3018
3018
3030
3030
3030
3030
1860
1FE0
0FC0
0000
0000
0000
0000
0000
0000
0000
ENDCHAR
STARTCHAR CySmlSjeKomi
ENCODING 1293
SWIDTH 467 0
DWIDTH 14 0
BBX 14 30 0 -7
BITMAP
0000
0000
0000
0000
0000
0000
0000
0000
0000
0000
01E0
07F0
0E30
1C10
1800
3000
3030
3030
3030
3060
38E0
1FC0
0F00
0000
0000
0000
0000
0000
0000
0000
ENDCHAR
STARTCHAR CyCapTjeKomi
ENCODING 1294
SWIDTH 467 0
DWIDTH 14 0
BBX 14 30 0 -7
BITMAP
0000
0000
0000
0000
0000
0000
0FFC
0FFC
00C0
00C0
00C0
0180
0180
018C
018C
030C
0318
0318
0318
0618
0638
07F0
03E0
0000
0000
0000
0000
0000
0000
0000
ENDCHAR
STARTCHAR CySmlTjeKomi
ENCODING 1295
SWIDTH 467 0
DWIDTH 14 0
BBX 14 30 0 -7
BITMAP
0000
0000
0000
0000
0000
0000
0000
0000
0000
0000
3FFC
3FFC
0180
0180
0180
0300
0318
0318
0318
0330
0630
07F0
03E0
0000
0000
0000
0000
0000
0000
0000
ENDCHAR
STARTCHAR CyCapZeRev
ENCODING 1296
SWIDTH 467 0
DWIDTH 14 0
BBX 14 30 0 -7
BITMAP
0000
0000
0000
0000
0000
0000
03F8
07FC
060C
0C04
0C00
0C00
0600
07C0
0FC0
1C00
3800
3000
3000
3010
3830
1FF0
0FE0
0000
0000
0000
0000
0000
0000
0000
ENDCHAR
STARTCHAR CySmlZeRev
ENCODING 1297
SWIDTH 467 0
DWIDTH 14 0
BBX 14 30 0 -7
BITMAP
0000
0000
0000
0000
0000
0000
0000
0000
0000
0000
03F0
07F8
0E18
0C00
0C00
0700
1F00
1800
3000
3000
3060
3FE0
1FC0
0000
0000
0000
0000
0000
0000
0000
ENDCHAR
STARTCHAR CyCapElLhook
ENCODING 1298
SWIDTH 467 0
DWIDTH 14 0
BBX 14 30 0 -7
BITMAP
0000
0000
0000
0000
0000
0000
03FC
03FC
030C
030C
0618
0618
0618
0618
0618
0C30
0C30
0C30
0C30
1830
3860
F060
E060
0060
0060
0CC0
0FC0
0700
0000
0000
ENDCHAR
STARTCHAR CySmlElLhook
ENCODING 1299
SWIDTH 467 0
DWIDTH 14 0
BBX 14 30 0 -7
BITMAP
0000
0000
0000
0000
0000
0000
0000
0000
0000
0000
00F0
01F8
0398
0718
0618
0630
0C30
0C30
0C30
1860
3860
F060
E060
00C0
00C0
19C0
1F80
0E00
0000
0000
ENDCHAR
STARTCHAR CyCapQa
ENCODING 1306
SWIDTH 467 0
DWIDTH 14 0
BBX 14 30 0 -7
BITMAP
0000
0000
0000
0000
0000
0000
03E0
0FF0
0C30
1818
3818
3018
3018
6018
6018
6018
6030
6030
6E70
7F60
31C0
3FC0
1F80
0080
00F0
0060
0000
0000
0000
0000
ENDCHAR
STARTCHAR CySmlQa
ENCODING 1307
SWIDTH 467 0
DWIDTH 14 0
BBX 14 30 0 -7
BITMAP
0000
0000
0000
0000
0000
0000
0000
0000
0000
0000
0198
07D8
0E78
1C38
1830
3030
3030
3030
3060
30E0
39E0
1F60
0E60
00C0
00C0
00C0
00C0
00C0
0000
0000
ENDCHAR
STARTCHAR CyCapWe
ENCODING 1308
SWIDTH 467 0
DWIDTH 14 0
BBX 14 30 0 -7
BITMAP
0000
0000
0000
0000
0000
0000
180C
180C
180C
1818
1998
1998
3398
33B0
37B0
35B0
3CF0
38E0
78E0
70E0
70C0
60C0
60C0
0000
0000
0000
0000
0000
0000
0000
ENDCHAR
STARTCHAR CySmlWe
ENCODING 1309
SWIDTH 467 0
DWIDTH 14 0
BBX 14 30 0 -7
BITMAP
0000
0000
0000
0000
0000
0000
0000
0000
0000
0000
6018
701C
300C
318C
318C
3398
3398
3698
36B0
3CF0
38E0
30C0
20C0
0000
0000
0000
0000
0000
0000
0000
ENDCHAR
STARTCHAR CyCapKaStrokeAl
ENCODING 1310
SWIDTH 467 0
DWIDTH 14 0
BBX 14 30 0 -7
BITMAP
0000
0000
0000
0000
0000
0000
0CCC
0CFC
0C78
0C7C
18FC
19CC
1B80
1F00
1F00
3D80
3980
3180
30C0
60C0
60C0
6060
6060
0000
0000
0000
0000
0000
0000
0000
ENDCHAR
STARTCHAR CySmlKaStrokeAl
ENCODING 1311
SWIDTH 467 0
DWIDTH 14 0
BBX 14 30 0 -7
BITMAP
0000
0000
0000
0000
0000
0000
0000
0000
0000
00C0
38D8
38F8
1870
18F0
31D8
3798
3F00
3F80
3980
70C0
60C0
6060
6060
0000
0000
0000
0000
0000
0000
0000
ENDCHAR
STARTCHAR CyCapPeDesc
ENCODING 1316
SWIDTH 467 0
DWIDTH 14 0
BBX 14 30 0 -7
BITMAP
0000
0000
0000
0000
0000
0000
0FFC
0FFC
0C0C
0C0C
1818
1818
1818
1818
1818
3030
3030
3030
3030
6060
6060
6078
6078
0018
0030
0030
0030
0000
0000
0000
ENDCHAR
STARTCHAR CySmlPeDesc
ENCODING 1317
SWIDTH 467 0
DWIDTH 14 0
BBX 14 30 0 -7
BITMAP
0000
0000
0000
0000
0000
0000
0000
0000
0000
0000
39C0
3BE0
1E70
1C30
1830
3060
3060
3060
3060
30C0
60C0
60F8
6078
0030
0030
00F0
00E0
0000
0000
0000
ENDCHAR
STARTCHAR CyCapShhaDesc
ENCODING 1318
SWIDTH 467 0
DWIDTH 14 0
BBX 14 30 0 -7
BITMAP
0000
0000
0000
0000
0000
0000
0C00
0C00
0C00
0C00
1800
1800
1800
1BC0
3FE0
3C70
3830
3030
3030
6060
6060
6078
6078
0018
0030
0030
0030
0000
0000
0000
ENDCHAR
STARTCHAR CySmlShhaDesc
ENCODING 1319
SWIDTH 467 0
DWIDTH 14 0
BBX 14 30 0 -7
BITMAP
0000
0000
0000
0000
0000
1C00
1C00
0C00
0C00
0C00
19C0
1BE0
1E70
1C30
1830
3060
3060
3060
3060
30C0
60C0
60F8
6078
0030
0030
00F0
00E0
0000
0000
0000
ENDCHAR
STARTCHAR CyCapEnLhookL
ENCODING 1320
SWIDTH 467 0
DWIDTH 14 0
BBX 14 30 0 -7
BITMAP
0000
0000
0000
0000
0000
0000
030C
030C
030C
030C
030C
0618
0618
07F8
07F8
0C30
0C30
0C30
0C30
0C30
1860
1860
1860
1800
D800
D000
F000
6000
0000
0000
ENDCHAR
STARTCHAR CySmlEnLhookL
ENCODING 1321
SWIDTH 467 0
DWIDTH 14 0
BBX 14 30 0 -7
BITMAP
0000
0000
0000
0000
0000
0000
0000
0000
0000
0000
0E0C
0E0C
060C
060C
0C18
0FF8
0FF8
0C18
0C18
0C30
1830
1838
1838
1800
1800
B000
F000
6000
0000
0000
ENDCHAR
STARTCHAR CyCapElDesc
ENCODING 1326
SWIDTH 467 0
DWIDTH 14 0
BBX 14 30 0 -7
BITMAP
0000
0000
0000
0000
0000
0000
03FC
03FC
030C
030C
0618
0618
0618
0618
0618
0C30
0C30
0C30
0C30
1860
3860
F078
E078
0018
0030
0030
0030
0000
0000
0000
ENDCHAR
STARTCHAR CySmlElDesc
ENCODING 1327
SWIDTH 467 0
DWIDTH 14 0
BBX 14 30 0 -7
BITMAP
0000
0000
0000
0000
0000
0000
0000
0000
0000
0000
00F0
01F8
0398
0718
0618
0630
0C30
0C30
0C30
1860
3860
F078
E078
0018
0018
0078
0070
0000
0000
0000
ENDCHAR
STARTCHAR AmCapAyb
ENCODING 1329
SWIDTH 467 0
DWIDTH 14 0
BBX 14 30 0 -7
BITMAP
0000
0000
0000
0000
0000
0000
0C18
0C18
0C18
0C18
1830
1830
1830
1830
1830
3060
3060
31E0
31F0
30F8
39D8
1F98
0F18
0000
0000
0000
0000
0000
0000
0000
ENDCHAR
STARTCHAR AmCapBen
ENCODING 1330
SWIDTH 467 0
DWIDTH 14 0
BBX 14 30 0 -7
BITMAP
0000
0000
0000
0000
0000
0000
01C0
07E0
0E70
0C30
1830
1860
1800
1800
3000
3000
3FC0
3FE0
3060
6000
6000
6000
6000
0000
0000
0000
0000
0000
0000
0000
ENDCHAR
STARTCHAR AmCapGim
ENCODING 1331
SWIDTH 467 0
DWIDTH 14 0
BBX 14 30 0 -7
BITMAP
0000
0000
0000
0000
0000
0000
0380
0FC0
1CE0
1860
3060
3060
3060
3060
30C0
38C0
1FF0
0FF8
00D8
0180
0180
0180
0180
0000
0000
0000
0000
0000
0000
0000
ENDCHAR
STARTCHAR AmCapDa
ENCODING 1332
SWIDTH 467 0
DWIDTH 14 0
BBX 14 30 0 -7
BITMAP
0000
0000
0000
0000
0000
0000
0780
1FC0
18E0
3060
3060
3060
0060
0060
00C0
00C0
00F0
00F8
00D8
0180
0180
0180
0180
0000
0000
0000
0000
0000
0000
0000
ENDCHAR
STARTCHAR AmCapEch
ENCODING 1333
SWIDTH 467 0
DWIDTH 14 0
BBX 14 30 0 -7
BITMAP
0000
0000
0000
0000
0000
0000
0C00
0C00
0C00
0C00
1800
1FF0
1FF8
1818
1800
3000
3000
3060
3060
3060
38C0
1FC0
0F00
0000
0000
0000
0000
0000
0000
0000
ENDCHAR
STARTCHAR AmCapZa
ENCODING 1334
SWIDTH 467 0
DWIDTH 14 0
BBX 14 30 0 -7
BITMAP
0000
0000
0000
0000
0000
0000
03E0
0FF0
0C38
1818
1818
1818
1C38
0FF8
07B0
0070
00E0
01C0
6380
6700
7FC0
7FE0
6060
0060
0000
0000
0000
0000
0000
0000
ENDCHAR
STARTCHAR AmCapEh
ENCODING 1335
SWIDTH 467 0
DWIDTH 14 0
BBX 14 30 0 -7
BITMAP
0000
0000
0000
0000
0000
0000
0C00
0C00
0C00
0C00
1800
1FF0
1FF8
1818
1800
3000
3000
3000
3000
6000
6000
7F00
7F80
0180
0000
0000
0000
0000
0000
0000
ENDCHAR
STARTCHAR AmCapEt
ENCODING 1336
SWIDTH 467 0
DWIDTH 14 0
BBX 14 30 0 -7
BITMAP
0000
0000
0000
0000
0000
0000
01C0
07E0
0E70
0C30
1830
1860
1800
1800
3000
3000
3000
3000
3000
6000
6000
7FE0
7FF0
0030
0000
0000
0000
0000
0000
0000
ENDCHAR
STARTCHAR AmCapTo
ENCODING 1337
SWIDTH 467 0
DWIDTH 14 0
BBX 14 30 0 -7
BITMAP
0000
0000
0000
0000
0000
0000
03F0
07F8
0E1C
0C0C
1818
19FC
1BFC
1B18
3318
3630
37F0
33E0
3000
6000
6000
6000
6000
0000
0000
0000
0000
0000
0000
0000
ENDCHAR
STARTCHAR AmCapZhe
ENCODING 1338
SWIDTH 467 0
DWIDTH 14 0
BBX 14 30 0 -7
BITMAP
0000
0000
0000
0000
0000
0000
0018
0018
0018
0018
0030
01FC
07FC
0E30
1C30
1830
3060
3060
3060
3060
38C0
1FC0
0F80
0000
0000
0000
0000
0000
0000
0000
ENDCHAR
STARTCHAR AmCapIni
ENCODING 1339
SWIDTH 467 0
DWIDTH 14 0
BBX 14 30 0 -7
BITMAP
0000
0000
0000
0000
0000
0000
0C00
0C00
0C00
0C00
1800
1FC0
1FE0
1870
1830
3030
3060
3000
3000
6000
6000
6000
6000
0000
0000
0000
0000
0000
0000
0000
ENDCHAR
STARTCHAR AmCapLiwn
ENCODING 1340
SWIDTH 467 0
DWIDTH 14 0
BBX 14 30 0 -7
BITMAP
0000
0000
0000
0000
0000
0000
0C00
0C00
0C00
0C00
1800
1800
1800
1800
1800
3000
3000
3000
3000
6000
6000
7FC0
7FE0
0060
0000
0000
0000
0000
0000
0000
ENDCHAR
STARTCHAR AmCapXeh
ENCODING 1341
SWIDTH 467 0
DWIDTH 14 0
BBX 14 30 0 -7
BITMAP
0000
0000
0000
0000
0000
0000
1800
1800
1800
1800
3000
3F8C
3F8C
318C
618C
6318
6318
6318
6318
C618
C730
C3F0
C1C0
0000
0000
0000
0000
0000
0000
0000
ENDCHAR
STARTCHAR AmCapCa
ENCODING 1342
SWIDTH 467 0
DWIDTH 14 0
BBX 14 30 0 -7
BITMAP
0000
0000
0000
0000
0000
0000
0C00
0C00
0C00
063C
07F8
07C0
0EC0
0C60
1830
3030
3030
3030
3030
3060
18C0
1F80
0F00
0000
0000
0000
0000
0000
0000
0000
ENDCHAR
STARTCHAR AmCapKen
ENCODING 1343
SWIDTH 467 0
DWIDTH 14 0
BBX 14 30 0 -7
BITMAP
0000
0000
0000
0000
0000
0000
0600
0600
0600
0C00
0C00
0C18
0C18
1818
1830
1C30
0FF0
07F0
0030
0060
0060
0060
0060
0000
0000
0000
0000
0000
0000
0000
ENDCHAR
STARTCHAR AmCapHo
ENCODING 1344
SWIDTH 467 0
DWIDTH 14 0
BBX 14 30 0 -7
BITMAP
0000
0000
0000
0000
0000
0000
0030
0060
00E0
00C0
0070
0070
01C0
0380
0700
1C00
3800
3800
1C00
0F00
0380
01E0
0060
0000
0000
0000
0000
0000
0000
0000
ENDCHAR
STARTCHAR AmCapJa
ENCODING 1345
SWIDTH 467 0
DWIDTH 14 0
BBX 14 30 0 -7
BITMAP
0000
0000
0000
0000
0000
0000
03E0
07F0
0E38
1C18
1818
0018
0018
0018
0030
0070
00E0
39C0
7F80
6F00
6700
7DF0
38F0
0000
0000
0000
0000
0000
0000
0000
ENDCHAR
STARTCHAR AmCapGhad
ENCODING 1346
SWIDTH 467 0
DWIDTH 14 0
BBX 14 30 0 -7
BITMAP
0000
0000
0000
0000
0000
0000
03C0
0FE0
0C70
1830
1830
1830
0030
0030
0060
0060
0060
0060
0060
00C0
00C0
00E0
00F0
0030
0000
0000
0000
0000
0000
0000
ENDCHAR
STARTCHAR AmCapCheh
ENCODING 1347
SWIDTH 467 0
DWIDTH 14 0
BBX 14 30 0 -7
BITMAP
0000
0000
0000
0000
0000
0000
0C0C
0E1C
0738
0370
03C0
03E0
0660
0C30
1830
1830
3030
3030
3030
6030
6060
7FE0
7FE0
0000
0000
0000
0000
0000
0000
0000
ENDCHAR
STARTCHAR AmCapMen
ENCODING 1348
SWIDTH 467 0
DWIDTH 14 0
BBX 14 30 0 -7
BITMAP
0000
0000
0000
0000
0000
0000
1878
187C
186C
186C
30CC
30C8
30C0
30C0
30C0
6180
6180
6180
6180
6300
7700
3E00
1C00
0000
0000
0000
0000
0000
0000
0000
ENDCHAR
STARTCHAR AmCapYi
ENCODING 1349
SWIDTH 467 0
DWIDTH 14 0
BBX 14 30 0 -7
BITMAP
0000
0000
0000
0000
0000
0000
01E0
03F0
0738
0618
0018
0030
07E0
0FC0
0C60
0030
0030
0030
3030
3070
38E0
1FE0
0F80
0000
0000
0000
0000
0000
0000
0000
ENDCHAR
STARTCHAR AmCapNow
ENCODING 1350
SWIDTH 467 0
DWIDTH 14 0
BBX 14 30 0 -7
BITMAP
0000
0000
0000
0000
0000
0000
0F00
1F00
1800
1800
1E00
0E00
0600
0C00
0C00
0C18
1818
1830
1830
1830
1C60
0FE0
0780
0000
0000
0000
0000
0000
0000
0000
ENDCHAR
STARTCHAR AmCapSha
ENCODING 1351
SWIDTH 467 0
DWIDTH 14 0
BBX 14 30 0 -7
BITMAP
0000
0000
0000
0000
0000
0000
0C00
0F80
03F0
00FC
078C
0E00
1C00
1800
1800
3000
3000
3000
3000
3830
18E0
1FC0
0F80
0000
0000
0000
0000
0000
0000
0000
ENDCHAR
STARTCHAR AmCapVo
ENCODING 1352
SWIDTH 467 0
DWIDTH 14 0
BBX 14 30 0 -7
BITMAP
0000
0000
0000
0000
0000
0000
01E0
07F0
0E38
0C18
1818
1818
1818
1818
3030
3030
3030
3030
3030
6060
6060
6060
6060
0000
0000
0000
0000
0000
0000
0000
ENDCHAR
STARTCHAR AmCapCha
ENCODING 1353
SWIDTH 467 0
DWIDTH 14 0
BBX 14 30 0 -7
BITMAP
0000
0000
0000
0000
0000
0000
03E0
07F0
0E38
1C18
1818
0018
0018
0018
0030
0070
00E0
31C0
3F80
0F00
0780
01E0
0060
0000
0000
0000
0000
0000
0000
0000
ENDCHAR
STARTCHAR AmCapPeh
ENCODING 1354
SWIDTH 467 0
DWIDTH 14 0
BBX 14 30 0 -7
BITMAP
0000
0000
0000
0000
0000
0000
07F8
0FFC
1CCC
18CC
198C
318C
318C
3198
3198
0318
0318
0318
0330
0030
0030
0030
0030
0000
0000
0000
0000
0000
0000
0000
ENDCHAR
STARTCHAR AmCapJheh
ENCODING 1355
SWIDTH 467 0
DWIDTH 14 0
BBX 14 30 0 -7
BITMAP
0000
0000
0000
0000
0000
0000
03E0
07F0
0E38
0C18
1818
1818
1E18
1F30
0330
01E0
01C0
01C0
6180
6300
7FC0
7FE0
6060
0060
0000
0000
0000
0000
0000
0000
ENDCHAR
STARTCHAR AmCapRa
ENCODING 1356
SWIDTH 467 0
DWIDTH 14 0
BBX 14 30 0 -7
BITMAP
0000
0000
0000
0000
0000
0000
0300
0F80
1DC0
18C0
30C0
30C0
30C0
30C0
6180
6180
61F0
61F8
6198
C300
C300
C300
C300
0000
0000
0000
0000
0000
0000
0000
ENDCHAR
STARTCHAR AmCapSeh
ENCODING 1357
SWIDTH 467 0
DWIDTH 14 0
BBX 14 30 0 -7
BITMAP
0000
0000
0000
0000
0000
0000
0C0C
0C0C
0C0C
0C0C
1818
1818
1818
1818
1818
3030
3030
3030
3030
3060
38E0
1FC0
0F80
0000
0000
0000
0000
0000
0000
0000
ENDCHAR
STARTCHAR AmCapVew
ENCODING 1358
SWIDTH 467 0
DWIDTH 14 0
BBX 14 30 0 -7
BITMAP
0000
0000
0000
0000
0000
0000
0030
0030
0030
0030
0060
1860
1860
3060
3060
38C0
1FC0
0FC0
00C0
00C0
0180
01E0
01F0
0030
0000
0000
0000
0000
0000
0000
ENDCHAR
STARTCHAR AmCapTiwn
ENCODING 1359
SWIDTH 467 0
DWIDTH 14 0
BBX 14 30 0 -7
BITMAP
0000
0000
0000
0000
0000
0000
03F0
0FF8
1C1C
181C
1800
1C00
0E00
0700
0380
01C0
00E0
0070
0030
7030
7070
3FE0
1F80
0000
0000
0000
0000
0000
0000
0000
ENDCHAR
STARTCHAR AmCapReh
ENCODING 1360
SWIDTH 467 0
DWIDTH 14 0
BBX 14 30 0 -7
BITMAP
0000
0000
0000
0000
0000
0000
01F0
07F8
0E1C
0C0C
180C
1818
1800
1800
3000
3000
3000
3000
3000
6000
6000
6000
6000
0000
0000
0000
0000
0000
0000
0000
ENDCHAR
STARTCHAR AmCapCo
ENCODING 1361
SWIDTH 467 0
DWIDTH 14 0
BBX 14 30 0 -7
BITMAP
0000
0000
0000
0000
0000
0000
03E0
07F0
0E38
0C18
0C18
0630
03E0
07C0
0C60
0C30
0030
0030
6030
6070
70E0
3FE0
1F80
0000
0000
0000
0000
0000
0000
0000
ENDCHAR
STARTCHAR AmCapYiwn
ENCODING 1362
SWIDTH 467 0
DWIDTH 14 0
BBX 14 30 0 -7
BITMAP
0000
0000
0000
0000
0000
0000
0C00
0C00
0C00
0C00
1800
1FC0
1FE0
1878
1838
3000
3000
3000
3000
3000
6000
6000
6000
0000
0000
0000
0000
0000
0000
0000
ENDCHAR
STARTCHAR AmCapPiwr
ENCODING 1363
SWIDTH 467 0
DWIDTH 14 0
BBX 14 30 0 -7
BITMAP
0000
0000
0000
0000
0000
0000
00C0
00C0
00C0
07F0
1FF8
1998
318C
318C
618C
6318
6318
3330
3FF0
1FC0
0600
0600
0600
0000
0000
0000
0000
0000
0000
0000
ENDCHAR
STARTCHAR AmCapKeh
ENCODING 1364
SWIDTH 467 0
DWIDTH 14 0
BBX 14 30 0 -7
BITMAP
0000
0000
0000
0000
0000
0000
01F8
03FC
070C
060C
0C0C
0C1C
0C38
0FF0
0FE0
1800
5800
7FC0
3FE0
1860
3000
3000
3000
0000
0000
0000
0000
0000
0000
0000
ENDCHAR
STARTCHAR AmCapOh
ENCODING 1365
SWIDTH 467 0
DWIDTH 14 0
BBX 14 30 0 -7
BITMAP
0000
0000
0000
0000
0000
0000
01E0
03F0
0638
0C18
0C18
1818
1818
1830
1830
1830
3030
3030
3060
3060
38C0
1F80
0F00
0000
0000
0000
0000
0000
0000
0000
ENDCHAR
STARTCHAR AmCapFeh
ENCODING 1366
SWIDTH 467 0
DWIDTH 14 0
BBX 14 30 0 -7
BITMAP
0000
0000
0000
0000
0000
0000
03C0
0FC0
0CC0
18C0
1980
1D80
0F80
07E0
01F0
0338
0318
0318
6318
6618
6630
7FF0
3FC0
0000
0000
0000
0000
0000
0000
0000
ENDCHAR
STARTCHAR AccAmRingHalfL
ENCODING 1369
SWIDTH 467 0
DWIDTH 14 0
BBX 14 30 0 -7
BITMAP
0000
0000
0000
00E0
01E0
0380
0300
0300
01C0
00C0
0000
0000
0000
0000
0000
0000
0000
0000
0000
0000
0000
0000
0000
0000
0000
0000
0000
0000
0000
0000
ENDCHAR
STARTCHAR PAmApostrophe
ENCODING 1370
SWIDTH 467 0
DWIDTH 14 0
BBX 14 30 0 -7
BITMAP
0000
0000
0000
0000
00C0
01E0
01E0
00C0
01C0
0380
0300
0000
0000
0000
0000
0000
0000
0000
0000
0000
0000
0000
0000
0000
0000
0000
0000
0000
0000
0000
ENDCHAR
STARTCHAR AccAmEmphasis
ENCODING 1371
SWIDTH 467 0
DWIDTH 14 0
BBX 14 30 0 -7
BITMAP
0000
0000
0000
0000
0078
0070
00E0
01C0
0380
0300
0000
0000
0000
0000
0000
0000
0000
0000
0000
0000
0000
0000
0000
0000
0000
0000
0000
0000
0000
0000
ENDCHAR
STARTCHAR AccAmExclam
ENCODING 1372
SWIDTH 467 0
DWIDTH 14 0
BBX 14 30 0 -7
BITMAP
0000
0000
0000
0000
000C
001C
03F8
07F0
0E00
0C00
0000
0000
0000
0000
0000
0000
0000
0000
0000
0000
0000
0000
0000
0000
0000
0000
0000
0000
0000
0000
ENDCHAR
STARTCHAR PAmComma
ENCODING 1373
SWIDTH 467 0
DWIDTH 14 0
BBX 14 30 0 -7
BITMAP
0000
0000
0000
0000
0380
0380
01C0
01C0
00E0
0060
0000
0000
0000
0000
0000
0000
0000
0000
0000
0000
0000
0000
0000
0000
0000
0000
0000
0000
0000
0000
ENDCHAR
STARTCHAR AccAmQuestion
ENCODING 1374
SWIDTH 467 0
DWIDTH 14 0
BBX 14 30 0 -7
BITMAP
0000
0000
0000
0000
00F8
03FC
070C
0E0C
0CFC
0C78
0000
0000
0000
0000
0000
0000
0000
0000
0000
0000
0000
0000
0000
0000
0000
0000
0000
0000
0000
0000
ENDCHAR
STARTCHAR AccAmAbbrev
ENCODING 1375
SWIDTH 467 0
DWIDTH 14 0
BBX 14 30 0 -7
BITMAP
0000
0000
0000
0000
0180
0380
0600
07F8
03F8
0000
0000
0000
0000
0000
0000
0000
0000
0000
0000
0000
0000
0000
0000
0000
0000
0000
0000
0000
0000
0000
ENDCHAR
STARTCHAR AmSmlAyb
ENCODING 1377
SWIDTH 467 0
DWIDTH 14 0
BBX 14 30 0 -7
BITMAP
0000
0000
0000
0000
0000
0000
0000
0000
0000
0000
0000
0000
318C
318C
318C
6318
6318
6318
6318
C630
CE70
FFF0
73B0
0000
0000
0000
0000
0000
0000
0000
ENDCHAR
STARTCHAR AmSmlBen
ENCODING 1378
SWIDTH 467 0
DWIDTH 14 0
BBX 14 30 0 -7
BITMAP
0000
0000
0000
0000
0000
0000
0000
0000
0000
0000
0000
0000
0DE0
0FF0
0E30
0C70
0C60
1800
1800
1800
1800
3FC0
3FC0
3000
3000
3000
6000
6000
6000
6000
ENDCHAR
STARTCHAR AmSmlGim
ENCODING 1379
SWIDTH 467 0
DWIDTH 14 0
BBX 14 30 0 -7
BITMAP
0000
0000
0000
0000
0000
0000
0000
0000
0000
0000
0000
0000
0EC0
1FC0
39C0
70C0
6180
6180
6180
6180
6380
7FF0
3BF0
0300
0300
0300
0600
0600
0600
0600
ENDCHAR
STARTCHAR AmSmlDa
ENCODING 1380
SWIDTH 467 0
DWIDTH 14 0
BBX 14 30 0 -7
BITMAP
0000
0000
0000
0000
0000
0000
0000
0000
0000
0000
0000
0000
3780
3FC0
38C0
30C0
6180
6180
6180
6180
C300
C3F0
C3F0
0300
0300
0600
0600
0600
0600
0600
ENDCHAR
STARTCHAR AmSmlEch
ENCODING 1381
SWIDTH 467 0
DWIDTH 14 0
BBX 14 30 0 -7
BITMAP
0000
0000
0000
0000
0000
0600
0600
0600
0600
0C00
0C00
0C00
0FF0
0FF0
1800
1800
1800
1800
1860
3060
30C0
3FC0
1EC0
0000
0000
0000
0000
0000
0000
0000
ENDCHAR
STARTCHAR AmSmlZa
ENCODING 1382
SWIDTH 467 0
DWIDTH 14 0
BBX 14 30 0 -7
BITMAP
0000
0000
0000
0000
0000
0000
0000
0000
0000
0000
0000
0000
03B0
07F0
0E70
1C30
1860
1860
1860
1860
18E0
1FC0
0EC0
00C0
00C0
00C0
0180
0180
01F0
01F0
ENDCHAR
STARTCHAR AmSmlEh
ENCODING 1383
SWIDTH 467 0
DWIDTH 14 0
BBX 14 30 0 -7
BITMAP
0000
0000
0000
0000
0000
0600
0600
0600
0600
0C00
0C00
0C00
0FF0
0FF0
1800
1800
1800
1800
1800
3000
3000
3F80
1FC0
00C0
00C0
0780
0700
0000
0000
0000
ENDCHAR
STARTCHAR AmSmlEt
ENCODING 1384
SWIDTH 467 0
DWIDTH 14 0
BBX 14 30 0 -7
BITMAP
0000
0000
0000
0000
0000
0000
0000
0000
0000
0000
0000
0000
0DE0
0FF0
0E30
0C30
1860
1860
1860
1860
18C0
30C0
30C0
3000
3000
3000
6000
6000
7F80
7F80
ENDCHAR
STARTCHAR AmSmlTo
ENCODING 1385
SWIDTH 467 0
DWIDTH 14 0
BBX 14 30 0 -7
BITMAP
0000
0000
0000
0000
0000
0DF0
0FF8
0E1C
0C0C
0C0C
1818
1818
18FC
19FC
1998
3330
3330
3330
3330
3660
6660
67E0
63C0
6000
6000
C000
C000
C000
C000
C000
ENDCHAR
STARTCHAR AmSmlZhe
ENCODING 1386
SWIDTH 467 0
DWIDTH 14 0
BBX 14 30 0 -7
BITMAP
0000
0000
0000
0000
0000
0018
0018
0018
0018
0030
0030
0030
01FC
07FC
0E60
1860
1860
3060
3060
30E0
31C0
3F80
1F00
0000
0000
0000
0000
0000
0000
0000
ENDCHAR
STARTCHAR AmSmlIni
ENCODING 1387
SWIDTH 467 0
DWIDTH 14 0
BBX 14 30 0 -7
BITMAP
0000
0000
0000
0000
0000
0600
0600
0600
0600
0600
0C00
0C00
0DE0
0FF0
0E30
1830
1860
1860
1860
1860
30C0
30C0
30C0
3000
3000
6000
6000
6000
6000
6000
ENDCHAR
STARTCHAR AmSmlLiwn
ENCODING 1388
SWIDTH 467 0
DWIDTH 14 0
BBX 14 30 0 -7
BITMAP
0000
0000
0000
0000
0000
0000
0000
0000
0000
0000
0000
0000
0F00
0F00
0300
0300
0600
0600
0600
0600
0600
0C00
0C00
0C00
0C00
0C00
1800
1800
1FE0
1FE0
ENDCHAR
STARTCHAR AmSmlXeh
ENCODING 1389
SWIDTH 467 0
DWIDTH 14 0
BBX 14 30 0 -7
BITMAP
0000
0000
0000
0000
0000
0C00
0C00
0C00
0C00
0C00
1800
1800
1F8C
1F8C
198C
3318
3318
3318
3318
3630
6670
67F0
63B0
6000
6000
C000
C000
C000
C000
C000
ENDCHAR
STARTCHAR AmSmlCa
ENCODING 1390
SWIDTH 467 0
DWIDTH 14 0
BBX 14 30 0 -7
BITMAP
0000
0000
0000
0000
0000
0C00
0C00
0C00
0C00
0600
0600
0700
03F0
07F0
0EC0
18C0
1860
3060
3060
30E0
31C0
3F80
1F00
0000
0000
0000
0000
0000
0000
0000
ENDCHAR
STARTCHAR AmSmlKen
ENCODING 1391
SWIDTH 467 0
DWIDTH 14 0
BBX 14 30 0 -7
BITMAP
0000
0000
0000
0000
0000
0600
0600
0600
0600
0C00
0C00
0C00
0C30
0C30
1830
1830
1860
1860
1860
3060
30E0
3FE0
1EC0
00C0
00C0
00C0
0180
0180
0180
0180
ENDCHAR
STARTCHAR AmSmlHo
ENCODING 1392
SWIDTH 467 0
DWIDTH 14 0
BBX 14 30 0 -7
BITMAP
0000
0000
0000
0000
0000
0030
0070
00F0
01C0
0380
0700
0600
0E00
0C00
1C00
1800
1C00
1F80
03E0
0060
00C0
00C0
00C0
0000
0000
0000
0000
0000
0000
0000
ENDCHAR
STARTCHAR AmSmlJa
ENCODING 1393
SWIDTH 467 0
DWIDTH 14 0
BBX 14 30 0 -7
BITMAP
0000
0000
0000
0000
0000
0060
00E0
0180
01C0
00E0
00C0
0180
0380
07E0
0E60
1C60
1860
3860
3060
3060
31C0
3FC0
1EC0
0000
0000
0000
0000
0000
0000
0000
ENDCHAR
STARTCHAR AmSmlGhad
ENCODING 1394
SWIDTH 467 0
DWIDTH 14 0
BBX 14 30 0 -7
BITMAP
0000
0000
0000
0000
0000
0000
0000
0000
0000
0000
0000
0000
0DE0
0FF0
0E30
1C30
1860
1860
1860
1860
3060
30C0
30C0
00C0
00C0
00C0
0180
0180
01F0
01F0
ENDCHAR
STARTCHAR AmSmlCheh
ENCODING 1395
SWIDTH 467 0
DWIDTH 14 0
BBX 14 30 0 -7
BITMAP
0000
0000
0000
0000
0000
0018
0038
0070
00E0
00C0
0180
0180
1F00
1F80
07C0
0CC0
0C60
1860
1860
3060
30C0
3FC0
3FC0
0000
0000
0000
0000
0000
0000
0000
ENDCHAR
STARTCHAR AmSmlMen
ENCODING 1396
SWIDTH 467 0
DWIDTH 14 0
BBX 14 30 0 -7
BITMAP
0000
0000
0000
0000
0000
0078
00FC
00CC
00C0
00E0
00E0
0070
0C30
0C30
0C30
1860
1860
1860
1860
30E0
31C0
3FC0
1EC0
0000
0000
0000
0000
0000
0000
0000
ENDCHAR
STARTCHAR AmSmlYi
ENCODING 1397
SWIDTH 467 0
DWIDTH 14 0
BBX 14 30 0 -7
BITMAP
0000
0000
0000
0000
0000
0000
0000
0000
0000
0000
0000
0000
07C0
07C0
00C0
0180
0180
0180
0180
0180
0300
0300
0300
0300
0300
0600
C600
C600
FE00
7C00
ENDCHAR
STARTCHAR AmSmlNow
ENCODING 1398
SWIDTH 467 0
DWIDTH 14 0
BBX 14 30 0 -7
BITMAP
0000
0000
0000
0000
0000
0F80
1F80
1800
1800
1800
1E00
0E00
0C30
0C30
0C30
1860
1860
1860
1860
3060
31C0
3FC0
1EC0
0000
0000
0000
0000
0000
0000
0000
ENDCHAR
STARTCHAR AmSmlSha
ENCODING 1399
SWIDTH 467 0
DWIDTH 14 0
BBX 14 30 0 -7
BITMAP
0000
0000
0000
0000
0000
0000
0000
0000
0000
0000
0000
0000
07E0
0FF0
1C30
1830
0030
0070
00E0
01C0
0380
0700
0E00
1C00
3800
7000
6000
6000
7F80
3F80
ENDCHAR
STARTCHAR AmSmlVo
ENCODING 1400
SWIDTH 467 0
DWIDTH 14 0
BBX 14 30 0 -7
BITMAP
0000
0000
0000
0000
0000
0000
0000
0000
0000
0000
0000
0000
0DE0
0FF0
0E30
0C30
1860
1860
1860
1860
30C0
30C0
30C0
0000
0000
0000
0000
0000
0000
0000
ENDCHAR
STARTCHAR AmSmlCha
ENCODING 1401
SWIDTH 467 0
DWIDTH 14 0
BBX 14 30 0 -7
BITMAP
0000
0000
0000
0000
0000
0000
0000
0000
0000
0000
0000
0000
00E0
01C0
0180
0380
01C0
00C0
00C0
01C0
0380
0700
0E00
1C00
3800
7000
6000
6000
7F80
3F80
ENDCHAR
STARTCHAR AmSmlPeh
ENCODING 1402
SWIDTH 467 0
DWIDTH 14 0
BBX 14 30 0 -7
BITMAP
0000
0000
0000
0000
0000
0000
0000
0000
0000
0000
0000
0000
318C
318C
318C
6318
6318
6318
6318
C630
CE70
FFF0
73B0
0030
0030
0060
0060
0060
0060
0060
ENDCHAR
STARTCHAR AmSmlJheh
ENCODING 1403
SWIDTH 467 0
DWIDTH 14 0
BBX 14 30 0 -7
BITMAP
0000
0000
0000
0000
0000
00E0
01F0
03B0
0318
0618
0618
0C18
0C18
0C30
0C30
0C30
0C60
06E0
06C0
03C0
0380
0700
0E00
1C00
3800
7000
6000
6000
7F80
3F80
ENDCHAR
STARTCHAR AmSmlRa
ENCODING 1404
SWIDTH 467 0
DWIDTH 14 0
BBX 14 30 0 -7
BITMAP
0000
0000
0000
0000
0000
0000
0000
0000
0000
0000
0000
0000
3780
3FC0
38C0
30C0
6180
6180
6180
6180
C300
C3F0
C3F0
0000
0000
0000
0000
0000
0000
0000
ENDCHAR
STARTCHAR AmSmlSeh
ENCODING 1405
SWIDTH 467 0
DWIDTH 14 0
BBX 14 30 0 -7
BITMAP
0000
0000
0000
0000
0000
0000
0000
0000
0000
0000
0000
0000
0C30
0C30
0C30
1860
1860
1860
1860
30C0
31C0
3FC0
1EC0
0000
0000
0000
0000
0000
0000
0000
ENDCHAR
STARTCHAR AmSmlVew
ENCODING 1406
SWIDTH 467 0
DWIDTH 14 0
BBX 14 30 0 -7
BITMAP
0000
0000
0000
0000
0000
0018
0018
0018
0018
0030
0030
0030
0C30
0C30
0C60
1860
1860
1860
1860
30C0
31C0
3FC0
1EC0
00C0
00C0
0180
0180
0180
01F0
01F0
ENDCHAR
STARTCHAR AmSmlTiwn
ENCODING 1407
SWIDTH 467 0
DWIDTH 14 0
BBX 14 30 0 -7
BITMAP
0000
0000
0000
0000
0000
0000
0000
0000
0000
0000
0000
0000
31B8
31FC
31CC
638C
6318
6318
6318
C718
CE30
FE30
7630
0000
0000
0000
0000
0000
0000
0000
ENDCHAR
STARTCHAR AmSmlReh
ENCODING 1408
SWIDTH 467 0
DWIDTH 14 0
BBX 14 30 0 -7
BITMAP
0000
0000
0000
0000
0000
0000
0000
0000
0000
0000
0000
0000
0DE0
0FF0
0E30
0C30
1860
1860
1860
1860
18C0
30C0
30C0
3000
3000
3000
6000
6000
6000
6000
ENDCHAR
STARTCHAR AmSmlCo
ENCODING 1409
SWIDTH 467 0
DWIDTH 14 0
BBX 14 30 0 -7
BITMAP
0000
0000
0000
0000
0000
0000
0000
0000
0000
0000
0000
0000
03B0
07F0
0E70
1C60
1860
1860
1860
1860
19C0
1FC0
0EC0
00C0
00C0
0180
6180
6380
7F00
3E00
ENDCHAR
STARTCHAR AmSmlYiwn
ENCODING 1410
SWIDTH 467 0
DWIDTH 14 0
BBX 14 30 0 -7
BITMAP
0000
0000
0000
0000
0000
0000
0000
0000
0000
0000
0000
0000
1C00
1C00
0C00
1800
1800
1800
1800
3000
3000
3FC0
3FC0
0000
0000
0000
0000
0000
0000
0000
ENDCHAR
STARTCHAR AmSmlPiwr
ENCODING 1411
SWIDTH 467 0
DWIDTH 14 0
BBX 14 30 0 -7
BITMAP
0000
0000
0000
0000
0000
00C0
00C0
00C0
00C0
00C0
0180
0180
31B8
31FC
31CC
638C
6318
6318
6318
C718
CE30
FE30
7630
0600
0600
0C00
0C00
0C00
0C00
0C00
ENDCHAR
STARTCHAR AmSmlKeh
ENCODING 1412
SWIDTH 467 0
DWIDTH 14 0
BBX 14 30 0 -7
BITMAP
0000
0000
0000
0000
0000
0000
0000
0000
0000
0000
0000
0000
0DC0
0FE0
0E60
0C60
1860
1860
1860
1860
19C0
3F80
3700
3000
3000
FF80
FF80
6000
6000
6000
ENDCHAR
STARTCHAR AmSmlOh
ENCODING 1413
SWIDTH 467 0
DWIDTH 14 0
BBX 14 30 0 -7
BITMAP
0000
0000
0000
0000
0000
0000
0000
0000
0000
0000
0000
0000
03C0
07C0
0C60
0C60
1860
1860
1860
18C0
18C0
0F80
0F00
0000
0000
0000
0000
0000
0000
0000
ENDCHAR
STARTCHAR AmSmlFeh
ENCODING 1414
SWIDTH 467 0
DWIDTH 14 0
BBX 14 30 0 -7
BITMAP
0000
0000
0000
0000
0000
03C0
07C0
0EC0
0CC0
18C0
1980
1D80
0F80
07C0
01E0
0370
0338
0318
6318
6338
6670
7FE0
3FC0
0600
0600
0C00
0C00
0C00
0C00
0C00
ENDCHAR
STARTCHAR AmSmlEchYiwn
ENCODING 1415
SWIDTH 467 0
DWIDTH 14 0
BBX 14 30 0 -7
BITMAP
0000
0000
0000
0000
0000
0C00
0C00
0C00
0C00
1800
1800
1800
1860
1860
3060
30C0
30C0
30C0
30C0
6180
6380
7FF0
3CF0
0000
0000
0000
0000
0000
0000
0000
ENDCHAR
STARTCHAR PAmFullStop
ENCODING 1417
SWIDTH 467 0
DWIDTH 14 0
BBX 14 30 0 -7
BITMAP
0000
0000
0000
0000
0000
0000
0000
0000
0000
0000
0000
0000
0300
0780
0780
0300
0000
0000
0000
0600
0F00
0F00
0600
0000
0000
0000
0000
0000
0000
0000
ENDCHAR
STARTCHAR PAmHyphen
ENCODING 1418
SWIDTH 467 0
DWIDTH 14 0
BBX 14 30 0 -7
BITMAP
0000
0000
0000
0000
0000
0000
0000
0000
0000
0000
0000
0000
0000
0000
3030
3070
3FE0
1F80
0000
0000
0000
0000
0000
0000
0000
0000
0000
0000
0000
0000
ENDCHAR
STARTCHAR DEternitySignR
ENCODING 1421
SWIDTH 467 0
DWIDTH 14 0
BBX 14 30 0 -7
BITMAP
0000
0000
0000
0000
0000
0000
0000
0000
0000
0FC0
3970
2A10
6AF8
4B08
67E8
5F98
4348
7D58
2150
3A70
0FC0
0000
0000
0000
0000
0000
0000
0000
0000
0000
ENDCHAR
STARTCHAR DEternitySignL
ENCODING 1422
SWIDTH 467 0
DWIDTH 14 0
BBX 14 30 0 -7
BITMAP
0000
0000
0000
0000
0000
0000
0000
0000
0000
0FC0
3A70
2150
7D58
4348
5F98
67E8
4B08
6AF8
2A10
3970
0FC0
0000
0000
0000
0000
0000
0000
0000
0000
0000
ENDCHAR
STARTCHAR CurrDram
ENCODING 1423
SWIDTH 467 0
DWIDTH 14 0
BBX 14 30 0 -7
BITMAP
0000
0000
0000
0000
0000
0000
07C0
0FE0
1C70
1830
3030
3060
3060
03FC
03FC
00C0
00C0
07F8
07F8
00C0
0180
0180
0180
0000
0000
0000
0000
0000
0000
0000
ENDCHAR
STARTCHAR CombHbSheva
ENCODING 1456
SWIDTH 467 0
DWIDTH 14 0
BBX 14 30 0 -7
BITMAP
0000
0000
0000
0000
0000
0000
0000
0000
0000
0000
0000
0000
0000
0000
0000
0000
0000
0000
0000
0000
0000
0000
0000
0000
0300
0300
0000
0000
0300
0300
ENDCHAR
STARTCHAR CombHbHatafSegol
ENCODING 1457
SWIDTH 467 0
DWIDTH 14 0
BBX 14 30 0 -7
BITMAP
0000
0000
0000
0000
0000
0000
0000
0000
0000
0000
0000
0000
0000
0000
0000
0000
0000
0000
0000
0000
0000
0000
0000
0000
3330
3330
0000
0000
0C30
0C30
ENDCHAR
STARTCHAR CombHbHatafPatah
ENCODING 1458
SWIDTH 467 0
DWIDTH 14 0
BBX 14 30 0 -7
BITMAP
0000
0000
0000
0000
0000
0000
0000
0000
0000
0000
0000
0000
0000
0000
0000
0000
0000
0000
0000
0000
0000
0000
0000
0000
0030
0030
3F00
3F00
0030
0030
ENDCHAR
STARTCHAR CombHbHatafQamats
ENCODING 1459
SWIDTH 467 0
DWIDTH 14 0
BBX 14 30 0 -7
BITMAP
0000
0000
0000
0000
0000
0000
0000
0000
0000
0000
0000
0000
0000
0000
0000
0000
0000
0000
0000
0000
0000
0000
0000
0000
0030
3F30
3F00
0C00
0C30
0C30
ENDCHAR
STARTCHAR CombHbHiriq
ENCODING 1460
SWIDTH 467 0
DWIDTH 14 0
BBX 14 30 0 -7
BITMAP
0000
0000
0000
0000
0000
0000
0000
0000
0000
0000
0000
0000
0000
0000
0000
0000
0000
0000
0000
0000
0000
0000
0000
0000
0000
0300
0300
0300
0000
0000
ENDCHAR
STARTCHAR CombHbTsere
ENCODING 1461
SWIDTH 467 0
DWIDTH 14 0
BBX 14 30 0 -7
BITMAP
0000
0000
0000
0000
0000
0000
0000
0000
0000
0000
0000
0000
0000
0000
0000
0000
0000
0000
0000
0000
0000
0000
0000
0000
0000
18C0
18C0
18C0
0000
0000
ENDCHAR
STARTCHAR CombHbSegol
ENCODING 1462
SWIDTH 467 0
DWIDTH 14 0
BBX 14 30 0 -7
BITMAP
0000
0000
0000
0000
0000
0000
0000
0000
0000
0000
0000
0000
0000
0000
0000
0000
0000
0000
0000
0000
0000
0000
0000
0000
0000
1860
1860
0000
0300
0300
ENDCHAR
STARTCHAR CombHbPatah
ENCODING 1463
SWIDTH 467 0
DWIDTH 14 0
BBX 14 30 0 -7
BITMAP
0000
0000
0000
0000
0000
0000
0000
0000
0000
0000
0000
0000
0000
0000
0000
0000
0000
0000
0000
0000
0000
0000
0000
0000
0000
1FE0
1FE0
0000
0000
0000
ENDCHAR
STARTCHAR CombHbQamats
ENCODING 1464
SWIDTH 467 0
DWIDTH 14 0
BBX 14 30 0 -7
BITMAP
0000
0000
0000
0000
0000
0000
0000
0000
0000
0000
0000
0000
0000
0000
0000
0000
0000
0000
0000
0000
0000
0000
0000
0000
0000
1FE0
1FE0
0300
0300
0300
ENDCHAR
STARTCHAR CombHbHolam
ENCODING 1465
SWIDTH 467 0
DWIDTH 14 0
BBX 14 30 0 -7
BITMAP
0000
0000
0000
0000
0600
0600
0600
0000
0000
0000
0000
0000
0000
0000
0000
0000
0000
0000
0000
0000
0000
0000
0000
0000
0000
0000
0000
0000
0000
0000
ENDCHAR
STARTCHAR CombHbQubuts
ENCODING 1467
SWIDTH 467 0
DWIDTH 14 0
BBX 14 30 0 -7
BITMAP
0000
0000
0000
0000
0000
0000
0000
0000
0000
0000
0000
0000
0000
0000
0000
0000
0000
0000
0000
0000
0000
0000
0000
0000
3000
3000
0300
0300
0030
0030
ENDCHAR
STARTCHAR CombHbDagesh
ENCODING 1468
SWIDTH 467 0
DWIDTH 14 0
BBX 14 30 0 -7
BITMAP
0000
0000
0000
0000
0000
0000
0000
0000
0000
0000
0000
0000
0000
0000
0C00
0C00
0C00
0000
0000
0000
0000
0000
0000
0000
0000
0000
0000
0000
0000
0000
ENDCHAR
STARTCHAR CombHbMeteg
ENCODING 1469
SWIDTH 467 0
DWIDTH 14 0
BBX 14 30 0 -7
BITMAP
0000
0000
0000
0000
0000
0000
0000
0000
0000
0000
0000
0000
0000
0000
0000
0000
0000
0000
0000
0000
0000
0000
0000
0000
0300
0300
0300
0300
0300
0000
ENDCHAR
STARTCHAR PHbMaqaf
ENCODING 1470
SWIDTH 467 0
DWIDTH 14 0
BBX 14 30 0 -7
BITMAP
0000
0000
0000
0000
0000
0000
0000
0000
0000
3FF0
3FF0
3FF0
0000
0000
0000
0000
0000
0000
0000
0000
0000
0000
0000
0000
0000
0000
0000
0000
0000
0000
ENDCHAR
STARTCHAR CombHbRafe
ENCODING 1471
SWIDTH 467 0
DWIDTH 14 0
BBX 14 30 0 -7
BITMAP
0000
0000
0000
0000
0000
1FC0
1FC0
0000
0000
0000
0000
0000
0000
0000
0000
0000
0000
0000
0000
0000
0000
0000
0000
0000
0000
0000
0000
0000
0000
0000
ENDCHAR
STARTCHAR PHbPaseq
ENCODING 1472
SWIDTH 467 0
DWIDTH 14 0
BBX 14 30 0 -7
BITMAP
0000
0000
0000
0000
0000
0000
0000
0000
0000
0300
0300
0300
0300
0300
0300
0300
0300
0300
0300
0300
0300
0300
0300
0000
0000
0000
0000
0000
0000
0000
ENDCHAR
STARTCHAR CombHbDotShin
ENCODING 1473
SWIDTH 467 0
DWIDTH 14 0
BBX 14 30 0 -7
BITMAP
0000
0000
0000
0000
0030
0030
0030
0000
0000
0000
0000
0000
0000
0000
0000
0000
0000
0000
0000
0000
0000
0000
0000
0000
0000
0000
0000
0000
0000
0000
ENDCHAR
STARTCHAR CombHbDotSin
ENCODING 1474
SWIDTH 467 0
DWIDTH 14 0
BBX 14 30 0 -7
BITMAP
0000
0000
0000
0000
6000
6000
6000
0000
0000
0000
0000
0000
0000
0000
0000
0000
0000
0000
0000
0000
0000
0000
0000
0000
0000
0000
0000
0000
0000
0000
ENDCHAR
STARTCHAR PHbSofPasuq
ENCODING 1475
SWIDTH 467 0
DWIDTH 14 0
BBX 14 30 0 -7
BITMAP
0000
0000
0000
0000
0000
0000
0000
0000
0000
0000
0000
0000
0300
0780
0780
0300
0000
0000
0000
0300
0780
0780
0300
0000
0000
0000
0000
0000
0000
0000
ENDCHAR
STARTCHAR CombHbUpperDot
ENCODING 1476
SWIDTH 467 0
DWIDTH 14 0
BBX 14 30 0 -7
BITMAP
0000
0000
0000
0000
0600
0600
0600
0000
0000
0000
0000
0000
0000
0000
0000
0000
0000
0000
0000
0000
0000
0000
0000
0000
0000
0000
0000
0000
0000
0000
ENDCHAR
STARTCHAR CombHbQamatsQatan
ENCODING 1479
SWIDTH 467 0
DWIDTH 14 0
BBX 14 30 0 -7
BITMAP
0000
0000
0000
0000
0000
0000
0000
0000
0000
0000
0000
0000
0000
0000
0000
0000
0000
0000
0000
0000
0000
0000
0000
0000
0000
1FE0
1FE0
0300
0300
0300
ENDCHAR
STARTCHAR HbAlef
ENCODING 1488
SWIDTH 467 0
DWIDTH 14 0
BBX 14 30 0 -7
BITMAP
0000
0000
0000
0000
0000
0000
0000
0000
0000
70C0
70E0
38F0
1C70
1C50
0E40
1640
2380
2380
31C0
19C0
38E0
7870
7070
0000
0000
0000
0000
0000
0000
0000
ENDCHAR
STARTCHAR HbBet
ENCODING 1489
SWIDTH 467 0
DWIDTH 14 0
BBX 14 30 0 -7
BITMAP
0000
0000
0000
0000
0000
0000
0000
0000
0000
7F00
7F80
7FC0
00C0
0040
0040
0040
0040
0040
0040
0040
7FF0
7FF0
7FF0
0000
0000
0000
0000
0000
0000
0000
ENDCHAR
STARTCHAR HbGimel
ENCODING 1490
SWIDTH 467 0
DWIDTH 14 0
BBX 14 30 0 -7
BITMAP
0000
0000
0000
0000
0000
0000
0000
0000
0000
0E00
0F80
0F80
03C0
00C0
0040
0040
01C0
03C0
07E0
0F20
1E20
1C20
1820
0000
0000
0000
0000
0000
0000
0000
ENDCHAR
STARTCHAR HbDalet
ENCODING 1491
SWIDTH 467 0
DWIDTH 14 0
BBX 14 30 0 -7
BITMAP
0000
0000
0000
0000
0000
0000
0000
0000
0000
7FF0
7FF0
7FF0
0040
0040
0040
0040
0040
0040
0040
0040
0040
0040
0040
0000
0000
0000
0000
0000
0000
0000
ENDCHAR
STARTCHAR HbHe
ENCODING 1492
SWIDTH 467 0
DWIDTH 14 0
BBX 14 30 0 -7
BITMAP
0000
0000
0000
0000
0000
0000
0000
0000
0000
7FC0
7FE0
7FF0
0030
0010
0010
1010
1010
1010
1010
1010
1010
1010
1010
0000
0000
0000
0000
0000
0000
0000
ENDCHAR
STARTCHAR HbVav
ENCODING 1493
SWIDTH 467 0
DWIDTH 14 0
BBX 14 30 0 -7
BITMAP
0000
0000
0000
0000
0000
0000
0000
0000
0000
0F00
0F80
0F80
0180
0080
0080
0080
0080
0080
0080
0080
0080
0080
0080
0000
0000
0000
0000
0000
0000
0000
ENDCHAR
STARTCHAR HbZayin
ENCODING 1494
SWIDTH 467 0
DWIDTH 14 0
BBX 14 30 0 -7
BITMAP
0000
0000
0000
0000
0000
0000
0000
0000
0000
1FF0
3FF0
3FF0
0080
0100
0100
0100
0100
0100
0100
0100
0100
0100
0100
0000
0000
0000
0000
0000
0000
0000
ENDCHAR
STARTCHAR HbHet
ENCODING 1495
SWIDTH 467 0
DWIDTH 14 0
BBX 14 30 0 -7
BITMAP
0000
0000
0000
0000
0000
0000
0000
0000
0000
7FF0
7FF0
7FF0
1010
1010
1010
1010
1010
1010
1010
1010
1010
1010
1010
0000
0000
0000
0000
0000
0000
0000
ENDCHAR
STARTCHAR HbTet
ENCODING 1496
SWIDTH 467 0
DWIDTH 14 0
BBX 14 30 0 -7
BITMAP
0000
0000
0000
0000
0000
0000
0000
0000
0000
70E0
71F0
71F0
2110
2010
2010
2010
2010
2010
2010
2020
3FE0
3FC0
3F00
0000
0000
0000
0000
0000
0000
0000
ENDCHAR
STARTCHAR HbYod
ENCODING 1497
SWIDTH 467 0
DWIDTH 14 0
BBX 14 30 0 -7
BITMAP
0000
0000
0000
0000
0000
0000
0000
0000
0000
0E00
0F00
0F80
0180
0080
0180
0300
0000
0000
0000
0000
0000
0000
0000
0000
0000
0000
0000
0000
0000
0000
ENDCHAR
STARTCHAR HbKafTrm
ENCODING 1498
SWIDTH 467 0
DWIDTH 14 0
BBX 14 30 0 -7
BITMAP
0000
0000
0000
0000
0000
0000
0000
0000
0000
3FF0
3FF0
3FF0
0010
0010
0010
0010
0010
0010
0010
0010
0010
0010
0010
0010
0010
0010
0010
0010
0000
0000
ENDCHAR
STARTCHAR HbKaf
ENCODING 1499
SWIDTH 467 0
DWIDTH 14 0
BBX 14 30 0 -7
BITMAP
0000
0000
0000
0000
0000
0000
0000
0000
0000
3F80
3FE0
3FE0
0030
0010
0010
0010
0010
0010
0010
0030
3FE0
3FE0
3F80
0000
0000
0000
0000
0000
0000
0000
ENDCHAR
STARTCHAR HbLamed
ENCODING 1500
SWIDTH 467 0
DWIDTH 14 0
BBX 14 30 0 -7
BITMAP
0000
0000
0000
0000
1800
3800
3000
2000
2000
3FE0
3FF0
3FF0
0010
0010
0030
0060
00C0
0180
0100
0300
0200
0200
0600
0000
0000
0000
0000
0000
0000
0000
ENDCHAR
STARTCHAR HbMemTrm
ENCODING 1501
SWIDTH 467 0
DWIDTH 14 0
BBX 14 30 0 -7
BITMAP
0000
0000
0000
0000
0000
0000
0000
0000
0000
FFF0
FFF0
FFF0
2010
2010
2010
2010
2010
2010
2010
2010
3FF0
3FF0
3FF0
0000
0000
0000
0000
0000
0000
0000
ENDCHAR
STARTCHAR HbMem
ENCODING 1502
SWIDTH 467 0
DWIDTH 14 0
BBX 14 30 0 -7
BITMAP
0000
0000
0000
0000
0000
0000
0000
0000
0000
7180
73C0
37E0
1CE0
1870
0830
0810
1010
1010
1010
1010
21F0
21F0
21F0
0000
0000
0000
0000
0000
0000
0000
ENDCHAR
STARTCHAR HbNunTrm
ENCODING 1503
SWIDTH 467 0
DWIDTH 14 0
BBX 14 30 0 -7
BITMAP
0000
0000
0000
0000
0000
0000
0000
0000
0000
0FC0
0FC0
0FC0
0040
0040
0040
0040
0040
0040
0040
0040
0040
0040
0040
0040
0040
0040
0040
0040
0000
0000
ENDCHAR
STARTCHAR HbNun
ENCODING 1504
SWIDTH 467 0
DWIDTH 14 0
BBX 14 30 0 -7
BITMAP
0000
0000
0000
0000
0000
0000
0000
0000
0000
03C0
03E0
03E0
0020
0020
0020
0020
0020
0020
0020
0020
1FE0
1FE0
1FC0
0000
0000
0000
0000
0000
0000
0000
ENDCHAR
STARTCHAR HbSamekh
ENCODING 1505
SWIDTH 467 0
DWIDTH 14 0
BBX 14 30 0 -7
BITMAP
0000
0000
0000
0000
0000
0000
0000
0000
0000
7F80
7FE0
7FE0
1870
1030
3010
2010
2010
2010
3030
3870
1FE0
1FE0
0780
0000
0000
0000
0000
0000
0000
0000
ENDCHAR
STARTCHAR HbAyin
ENCODING 1506
SWIDTH 467 0
DWIDTH 14 0
BBX 14 30 0 -7
BITMAP
0000
0000
0000
0000
0000
0000
0000
0000
0000
38F0
38F0
38F0
0C10
0410
0630
0220
0360
0140
01C0
0380
0F00
3C00
3800
0000
0000
0000
0000
0000
0000
0000
ENDCHAR
STARTCHAR HbPeTrm
ENCODING 1507
SWIDTH 467 0
DWIDTH 14 0
BBX 14 30 0 -7
BITMAP
0000
0000
0000
0000
0000
0000
0000
0000
0000
7FE0
7FF0
7FF0
1010
1010
1E10
1E10
1E10
0010
0010
0010
0010
0010
0010
0010
0010
0010
0010
0010
0000
0000
ENDCHAR
STARTCHAR HbPe
ENCODING 1508
SWIDTH 467 0
DWIDTH 14 0
BBX 14 30 0 -7
BITMAP
0000
0000
0000
0000
0000
0000
0000
0000
0000
7F80
7FE0
7FE0
2030
2010
3E10
3E10
3E10
0010
0010
0030
3FE0
3FE0
3F80
0000
0000
0000
0000
0000
0000
0000
ENDCHAR
STARTCHAR HbTsadiTrm
ENCODING 1509
SWIDTH 467 0
DWIDTH 14 0
BBX 14 30 0 -7
BITMAP
0000
0000
0000
0000
0000
0000
0000
0000
0000
78F0
78F0
78F0
0830
0820
0860
08C0
0980
0B00
0E00
0C00
0800
0800
0800
0800
0800
0800
0800
0800
0000
0000
ENDCHAR
STARTCHAR HbTsadi
ENCODING 1510
SWIDTH 467 0
DWIDTH 14 0
BBX 14 30 0 -7
BITMAP
0000
0000
0000
0000
0000
0000
0000
0000
0000
3870
3870
3870
1820
0C60
0640
03C0
0180
00C0
0060
0070
3FF0
3FF0
3FF0
0000
0000
0000
0000
0000
0000
0000
ENDCHAR
STARTCHAR HbQof
ENCODING 1511
SWIDTH 467 0
DWIDTH 14 0
BBX 14 30 0 -7
BITMAP
0000
0000
0000
0000
0000
0000
0000
0000
0000
7FC0
7FE0
7FF0
0030
0010
1030
1020
1060
10C0
1180
1300
1300
1200
1200
1000
1000
1000
1000
1000
0000
0000
ENDCHAR
STARTCHAR HbResh
ENCODING 1512
SWIDTH 467 0
DWIDTH 14 0
BBX 14 30 0 -7
BITMAP
0000
0000
0000
0000
0000
0000
0000
0000
0000
3FC0
3FE0
3FE0
0030
0010
0010
0010
0010
0010
0010
0010
0010
0010
0010
0000
0000
0000
0000
0000
0000
0000
ENDCHAR
STARTCHAR HbShin
ENCODING 1513
SWIDTH 467 0
DWIDTH 14 0
BBX 14 30 0 -7
BITMAP
0000
0000
0000
0000
0000
0000
0000
0000
0000
4210
4210
4210
4210
4210
4210
4210
4210
4210
4230
4460
7FE0
7FC0
7F80
0000
0000
0000
0000
0000
0000
0000
ENDCHAR
STARTCHAR HbTav
ENCODING 1514
SWIDTH 467 0
DWIDTH 14 0
BBX 14 30 0 -7
BITMAP
0000
0000
0000
0000
0000
0000
0000
0000
0000
3FC0
3FE0
3FF0
0830
0810
0810
0810
0810
0810
0810
1810
7810
7810
7010
0000
0000
0000
0000
0000
0000
0000
ENDCHAR
STARTCHAR HbVavVav
ENCODING 1520
SWIDTH 467 0
DWIDTH 14 0
BBX 14 30 0 -7
BITMAP
0000
0000
0000
0000
0000
0000
0000
0000
0000
78F0
7CF8
7CF8
0C18
0408
0408
0408
0408
0408
0408
0408
0408
0408
0408
0000
0000
0000
0000
0000
0000
0000
ENDCHAR
STARTCHAR HbVavYod
ENCODING 1521
SWIDTH 467 0
DWIDTH 14 0
BBX 14 30 0 -7
BITMAP
0000
0000
0000
0000
0000
0000
0000
0000
0000
70F0
78F8
7CF8
0C18
0408
0C08
1808
0008
0008
0008
0008
0008
0008
0008
0000
0000
0000
0000
0000
0000
0000
ENDCHAR
STARTCHAR HbYodYod
ENCODING 1522
SWIDTH 467 0
DWIDTH 14 0
BBX 14 30 0 -7
BITMAP
0000
0000
0000
0000
0000
0000
0000
0000
0000
70E0
78F0
7CF8
0C18
0408
0C18
1830
0000
0000
0000
0000
0000
0000
0000
0000
0000
0000
0000
0000
0000
0000
ENDCHAR
STARTCHAR PHbGeresh
ENCODING 1523
SWIDTH 467 0
DWIDTH 14 0
BBX 14 30 0 -7
BITMAP
0000
0000
0000
0000
0000
0000
0000
0000
0000
00E0
01C0
0380
0700
0E00
0000
0000
0000
0000
0000
0000
0000
0000
0000
0000
0000
0000
0000
0000
0000
0000
ENDCHAR
STARTCHAR PHbGershayim
ENCODING 1524
SWIDTH 467 0
DWIDTH 14 0
BBX 14 30 0 -7
BITMAP
0000
0000
0000
0000
0000
0000
0000
0000
0000
0738
0E70
1CE0
39C0
7380
0000
0000
0000
0000
0000
0000
0000
0000
0000
0000
0000
0000
0000
0000
0000
0000
ENDCHAR
STARTCHAR ThKoKai
ENCODING 3585
SWIDTH 467 0
DWIDTH 14 0
BBX 14 30 0 -7
BITMAP
0000
0000
0000
0000
0000
0000
0000
0000
0000
0000
07E0
0FF0
1C38
1818
1E18
0E30
0C30
1830
1830
1830
3060
3060
3060
0000
0000
0000
0000
0000
0000
0000
ENDCHAR
STARTCHAR ThKhoKhai
ENCODING 3586
SWIDTH 467 0
DWIDTH 14 0
BBX 14 30 0 -7
BITMAP
0000
0000
0000
0000
0000
0000
0000
0000
0000
0000
1E0C
3F0C
318C
718C
7998
4B18
7B18
3318
0318
0630
0630
03F0
01E0
0000
0000
0000
0000
0000
0000
0000
ENDCHAR
STARTCHAR ThKhoKhuat
ENCODING 3587
SWIDTH 467 0
DWIDTH 14 0
BBX 14 30 0 -7
BITMAP
0000
0000
0000
0000
0000
0000
0000
0000
0000
0000
318C
3F8C
3F8C
318C
7198
7B18
4B18
7B18
3318
0630
0630
03F0
01E0
0000
0000
0000
0000
0000
0000
0000
ENDCHAR
STARTCHAR ThKhoKhwai
ENCODING 3588
SWIDTH 467 0
DWIDTH 14 0
BBX 14 30 0 -7
BITMAP
0000
0000
0000
0000
0000
0000
0000
0000
0000
0000
07E0
0FF0
1C38
1818
1818
3330
37B0
34B0
3FB0
3B30
7060
6060
6060
0000
0000
0000
0000
0000
0000
0000
ENDCHAR
STARTCHAR ThKhoKhon
ENCODING 3589
SWIDTH 467 0
DWIDTH 14 0
BBX 14 30 0 -7
BITMAP
0000
0000
0000
0000
0000
0000
0000
0000
0000
0000
0E70
1FF8
1BD8
1818
1818
3330
37B0
34B0
3FB0
3B30
7060
6060
6060
0000
0000
0000
0000
0000
0000
0000
ENDCHAR
STARTCHAR ThKhoRakhang
ENCODING 3590
SWIDTH 467 0
DWIDTH 14 0
BBX 14 30 0 -7
BITMAP
0000
0000
0000
0000
0000
0000
0000
0000
0000
0000
318C
3F8C
3F8C
318C
7998
4B18
7B18
3318
0318
1F30
37B0
36F0
1C70
0000
0000
0000
0000
0000
0000
0000
ENDCHAR
STARTCHAR ThNgoNgu
ENCODING 3591
SWIDTH 467 0
DWIDTH 14 0
BBX 14 30 0 -7
BITMAP
0000
0000
0000
0000
0000
0000
0000
0000
0000
0000
0070
00D8
00D8
0078
0018
0030
3030
3C30
0E30
0760
03E0
01E0
00C0
0000
0000
0000
0000
0000
0000
0000
ENDCHAR
STARTCHAR ThChoChan
ENCODING 3592
SWIDTH 467 0
DWIDTH 14 0
BBX 14 30 0 -7
BITMAP
0000
0000
0000
0000
0000
0000
0000
0000
0000
0000
07E0
0FF0
1C38
1818
0018
0730
0DB0
0DB0
07F0
00E0
0060
0060
0060
0000
0000
0000
0000
0000
0000
0000
ENDCHAR
STARTCHAR ThChoChing
ENCODING 3593
SWIDTH 467 0
DWIDTH 14 0
BBX 14 30 0 -7
BITMAP
0000
0000
0000
0000
0000
0000
0000
0000
0000
0000
0FC0
1FE0
3870
3030
0030
1C30
3660
3660
1EE0
07F0
0F90
0EF0
0C60
0000
0000
0000
0000
0000
0000
0000
ENDCHAR
STARTCHAR ThChoChang
ENCODING 3594
SWIDTH 467 0
DWIDTH 14 0
BBX 14 30 0 -7
BITMAP
0000
0000
0000
0000
0000
0000
0000
0000
0000
0000
1E0C
3F0C
318C
7198
79F0
4BE0
7B30
3318
0318
0618
0630
07F0
03C0
0000
0000
0000
0000
0000
0000
0000
ENDCHAR
STARTCHAR ThSoSo
ENCODING 3595
SWIDTH 467 0
DWIDTH 14 0
BBX 14 30 0 -7
BITMAP
0000
0000
0000
0000
0000
0000
0000
0000
0000
0000
318C
3F8C
3F8C
3198
71F0
7BE0
4B30
7B18
3318
0618
0630
07F0
03C0
0000
0000
0000
0000
0000
0000
0000
ENDCHAR
STARTCHAR ThChoChoe
ENCODING 3596
SWIDTH 467 0
DWIDTH 14 0
BBX 14 30 0 -7
BITMAP
0000
0000
0000
0000
0000
0000
0000
0000
0000
0000
1F0C
3F8C
318C
218C
3198
7318
6318
6318
6F18
DFB0
D2F0
DE70
CC30
0000
0000
0000
0000
0000
0000
0000
ENDCHAR
STARTCHAR ThYoYing
ENCODING 3597
SWIDTH 467 0
DWIDTH 14 0
BBX 14 30 0 -7
BITMAP
0000
0000
0000
0000
0000
0000
0000
0000
0000
0000
1F0C
3F8C
318C
218C
3198
7318
6318
6318
6318
C630
C630
C7F0
C3E0
0000
0C30
0FE0
07C0
0000
0000
0000
ENDCHAR
STARTCHAR ThDoChada
ENCODING 3598
SWIDTH 467 0
DWIDTH 14 0
BBX 14 30 0 -7
BITMAP
0000
0000
0000
0000
0000
0000
0000
0000
0000
0000
03F0
07F8
0E1C
0C0C
0F0C
0718
0C18
0C18
0C18
3C18
D830
D830
7030
0030
0030
3060
3FE0
3FC0
0000
0000
ENDCHAR
STARTCHAR ThToPatak
ENCODING 3599
SWIDTH 467 0
DWIDTH 14 0
BBX 14 30 0 -7
BITMAP
0000
0000
0000
0000
0000
0000
0000
0000
0000
0000
03F0
07F8
0E1C
0C0C
0F0C
0718
0C18
0C18
0C18
3C18
D830
D830
7030
0030
2230
3760
3DC0
1980
0000
0000
ENDCHAR
STARTCHAR ThThoThan
ENCODING 3600
SWIDTH 467 0
DWIDTH 14 0
BBX 14 30 0 -7
BITMAP
0000
0000
0000
0000
0000
0000
0000
0000
0000
0000
1FF8
1FF8
00C0
0060
0030
0E30
1B60
1BE0
0EE0
0060
00C0
00C0
00C0
0000
8880
DD80
F700
6600
0000
0000
ENDCHAR
STARTCHAR ThThoNangmontho
ENCODING 3601
SWIDTH 467 0
DWIDTH 14 0
BBX 14 30 0 -7
BITMAP
0000
0000
0000
0000
0000
0000
0000
0000
0000
0000
3198
3FBC
3FBC
31EC
71CC
7B98
4B18
7B18
3318
0630
0630
0630
0630
0000
0000
0000
0000
0000
0000
0000
ENDCHAR
STARTCHAR ThThoPhuthao
ENCODING 3602
SWIDTH 467 0
DWIDTH 14 0
BBX 14 30 0 -7
BITMAP
0000
0000
0000
0000
0000
0000
0000
0000
0000
0000
198C
3FCC
3FCC
36CC
30CC
60D8
6198
6198
6198
C7D8
D5F0
F770
E330
0000
0000
0000
0000
0000
0000
0000
ENDCHAR
STARTCHAR ThNoNen
ENCODING 3603
SWIDTH 467 0
DWIDTH 14 0
BBX 14 30 0 -7
BITMAP
0000
0000
0000
0000
0000
0000
0000
0000
0000
0000
1E30
3F30
3330
2330
3330
7660
6660
6660
66F0
CDF0
CF90
CEF0
CC60
0000
0000
0000
0000
0000
0000
0000
ENDCHAR
STARTCHAR ThDoDek
ENCODING 3604
SWIDTH 467 0
DWIDTH 14 0
BBX 14 30 0 -7
BITMAP
0000
0000
0000
0000
0000
0000
0000
0000
0000
0000
07E0
0FF0
1C30
1818
1818
3318
37B0
34B0
37B0
6330
6E60
7C60
7860
0000
0000
0000
0000
0000
0000
0000
ENDCHAR
STARTCHAR ThToTao
ENCODING 3605
SWIDTH 467 0
DWIDTH 14 0
BBX 14 30 0 -7
BITMAP
0000
0000
0000
0000
0000
0000
0000
0000
0000
0000
0E70
1FF8
1BD8
1818
3018
3330
37B0
34B0
37B0
6330
6E60
7C60
7860
0000
0000
0000
0000
0000
0000
0000
ENDCHAR
STARTCHAR ThThoThung
ENCODING 3606
SWIDTH 467 0
DWIDTH 14 0
BBX 14 30 0 -7
BITMAP
0000
0000
0000
0000
0000
0000
0000
0000
0000
0000
07E0
0FF0
1C38
1818
1E18
0E30
1830
1830
3030
3C60
3660
3660
1C60
0000
0000
0000
0000
0000
0000
0000
ENDCHAR
STARTCHAR ThThoThahan
ENCODING 3607
SWIDTH 467 0
DWIDTH 14 0
BBX 14 30 0 -7
BITMAP
0000
0000
0000
0000
0000
0000
0000
0000
0000
0000
1C70
3678
36D8
1E98
0798
0F30
0E30
0E30
0C30
1860
1860
1860
1860
0000
0000
0000
0000
0000
0000
0000
ENDCHAR
STARTCHAR ThThoThong
ENCODING 3608
SWIDTH 467 0
DWIDTH 14 0
BBX 14 30 0 -7
BITMAP
0000
0000
0000
0000
0000
0000
0000
0000
0000
0000
07F8
0FF8
1C00
1800
1FE0
0FF0
0030
1830
1830
3030
3060
7FE0
7FC0
0000
0000
0000
0000
0000
0000
0000
ENDCHAR
STARTCHAR ThNoNu
ENCODING 3609
SWIDTH 467 0
DWIDTH 14 0
BBX 14 30 0 -7
BITMAP
0000
0000
0000
0000
0000
0000
0000
0000
0000
0000
1830
3C30
2430
3C30
0C30
0C60
1860
1860
1BF0
1FF0
3C90
38F0
3060
0000
0000
0000
0000
0000
0000
0000
ENDCHAR
STARTCHAR ThBoBaimai
ENCODING 3610
SWIDTH 467 0
DWIDTH 14 0
BBX 14 30 0 -7
BITMAP
0000
0000
0000
0000
0000
0000
0000
0000
0000
0000
1818
3C18
2418
3C18
0C18
0C30
1830
1830
1830
1830
3060
7FE0
7FC0
0000
0000
0000
0000
0000
0000
0000
ENDCHAR
STARTCHAR ThPoPla
ENCODING 3611
SWIDTH 467 0
DWIDTH 14 0
BBX 14 30 0 -7
BITMAP
0000
0000
0000
0000
0000
000C
000C
000C
000C
000C
1818
3C18
2418
3C18
0C18
0C30
1830
1830
1830
1830
3060
7FE0
7FC0
0000
0000
0000
0000
0000
0000
0000
ENDCHAR
STARTCHAR ThPhoPhung
ENCODING 3612
SWIDTH 467 0
DWIDTH 14 0
BBX 14 30 0 -7
BITMAP
0000
0000
0000
0000
0000
0000
0000
0000
0000
0000
0C18
1E18
1218
1E18
1C18
3030
3030
3330
37B0
7DE0
78E0
7060
6060
0000
0000
0000
0000
0000
0000
0000
ENDCHAR
STARTCHAR ThFoFa
ENCODING 3613
SWIDTH 467 0
DWIDTH 14 0
BBX 14 30 0 -7
BITMAP
0000
0000
0000
0000
0000
000C
000C
000C
000C
000C
0C18
1E18
1218
1E18
1C18
3030
3030
3330
37B0
7DE0
78E0
7060
6060
0000
0000
0000
0000
0000
0000
0000
ENDCHAR
STARTCHAR ThPhoPhan
ENCODING 3614
SWIDTH 467 0
DWIDTH 14 0
BBX 14 30 0 -7
BITMAP
0000
0000
0000
0000
0000
0000
0000
0000
0000
0000
180C
3CCC
24CC
3CCC
0DCC
1BD8
1A58
1E78
1E78
1C38
3830
3030
3030
0000
0000
0000
0000
0000
0000
0000
ENDCHAR
STARTCHAR ThFoFan
ENCODING 3615
SWIDTH 467 0
DWIDTH 14 0
BBX 14 30 0 -7
BITMAP
0000
0000
0000
0000
0000
000C
000C
000C
000C
000C
1818
3C98
2498
3D98
0D98
1BB0
1AB0
1EF0
1EF0
1C70
3860
3060
3060
0000
0000
0000
0000
0000
0000
0000
ENDCHAR
STARTCHAR ThPhoSamphao
ENCODING 3616
SWIDTH 467 0
DWIDTH 14 0
BBX 14 30 0 -7
BITMAP
0000
0000
0000
0000
0000
0000
0000
0000
0000
0000
07E0
0FF0
1C38
1818
1E18
0630
0C30
0C30
0C30
7C60
D860
D860
7060
0000
0000
0000
0000
0000
0000
0000
ENDCHAR
STARTCHAR ThMoMa
ENCODING 3617
SWIDTH 467 0
DWIDTH 14 0
BBX 14 30 0 -7
BITMAP
0000
0000
0000
0000
0000
0000
0000
0000
0000
0000
0C18
1E18
1218
1E18
0630
0C30
0C30
0C30
3E30
7F60
49E0
78E0
3060
0000
0000
0000
0000
0000
0000
0000
ENDCHAR
STARTCHAR ThYoYak
ENCODING 3618
SWIDTH 467 0
DWIDTH 14 0
BBX 14 30 0 -7
BITMAP
0000
0000
0000
0000
0000
0000
0000
0000
0000
0000
0E18
1B18
1B18
1E18
3030
3030
1E30
1E30
3030
6060
60E0
7FC0
3F80
0000
0000
0000
0000
0000
0000
0000
ENDCHAR
STARTCHAR ThRoRua
ENCODING 3619
SWIDTH 467 0
DWIDTH 14 0
BBX 14 30 0 -7
BITMAP
0000
0000
0000
0000
0000
0000
0000
0000
0000
0000
0F18
1FF8
18F0
1C00
1F80
07C0
00C0
00C0
00C0
0780
0D80
0D80
0700
0000
0000
0000
0000
0000
0000
0000
ENDCHAR
STARTCHAR ThRu
ENCODING 3620
SWIDTH 467 0
DWIDTH 14 0
BBX 14 30 0 -7
BITMAP
0000
0000
0000
0000
0000
0000
0000
0000
0000
0000
07E0
0FF0
1C38
1818
1E18
0E30
1830
1830
1830
3C60
3660
3660
1C60
0060
00C0
00C0
00C0
00C0
0000
0000
ENDCHAR
STARTCHAR ThLoLing
ENCODING 3621
SWIDTH 467 0
DWIDTH 14 0
BBX 14 30 0 -7
BITMAP
0000
0000
0000
0000
0000
0000
0000
0000
0000
0000
07E0
0FF0
1C38
1818
0018
0F30
1FB0
38F0
3070
7870
4860
7860
3060
0000
0000
0000
0000
0000
0000
0000
ENDCHAR
STARTCHAR ThLu
ENCODING 3622
SWIDTH 467 0
DWIDTH 14 0
BBX 14 30 0 -7
BITMAP
0000
0000
0000
0000
0000
0000
0000
0000
0000
0000
07E0
0FF0
1C38
1818
1E18
0630
0C30
0C30
0C30
7C60
D860
D860
7060
0060
00C0
00C0
00C0
00C0
0000
0000
ENDCHAR
STARTCHAR ThWoWaen
ENCODING 3623
SWIDTH 467 0
DWIDTH 14 0
BBX 14 30 0 -7
BITMAP
0000
0000
0000
0000
0000
0000
0000
0000
0000
0000
07E0
0FF0
1C38
1818
0018
0030
0030
0030
0030
01F0
0360
0360
01C0
0000
0000
0000
0000
0000
0000
0000
ENDCHAR
STARTCHAR ThSoSala
ENCODING 3624
SWIDTH 467 0
DWIDTH 14 0
BBX 14 30 0 -7
BITMAP
0000
0000
0000
0000
0000
0000
0000
0000
0000
000C
07DC
0FF8
1C70
18F8
18D8
3398
37B0
34B0
3FB0
3B30
7060
6060
6060
0000
0000
0000
0000
0000
0000
0000
ENDCHAR
STARTCHAR ThSoRusi
ENCODING 3625
SWIDTH 467 0
DWIDTH 14 0
BBX 14 30 0 -7
BITMAP
0000
0000
0000
0000
0000
0000
0000
0000
0000
0000
1818
3C18
2418
3C18
0C70
19B4
19BC
18F8
1830
1830
3070
7FE0
7FC0
0000
0000
0000
0000
0000
0000
0000
ENDCHAR
STARTCHAR ThSoSua
ENCODING 3626
SWIDTH 467 0
DWIDTH 14 0
BBX 14 30 0 -7
BITMAP
0000
0000
0000
0000
0000
0000
0000
0000
0000
000C
07DC
0FF8
1C70
18D8
0198
0F30
1FB0
38F0
3070
7870
4860
7860
3060
0000
0000
0000
0000
0000
0000
0000
ENDCHAR
STARTCHAR ThHoHip
ENCODING 3627
SWIDTH 467 0
DWIDTH 14 0
BBX 14 30 0 -7
BITMAP
0000
0000
0000
0000
0000
0000
0000
0000
0000
0000
1830
3C78
2448
3C78
0C70
19F0
1B30
1E30
1C30
3860
3060
3060
3060
0000
0000
0000
0000
0000
0000
0000
ENDCHAR
STARTCHAR ThLoChula
ENCODING 3628
SWIDTH 467 0
DWIDTH 14 0
BBX 14 30 0 -7
BITMAP
0000
0000
0000
0000
0000
0000
0038
006C
006C
003C
180C
3C98
2498
3D98
0D98
1BB0
1AB0
1EF0
1EF0
1C70
3860
3060
3060
0000
0000
0000
0000
0000
0000
0000
ENDCHAR
STARTCHAR ThOAng
ENCODING 3629
SWIDTH 467 0
DWIDTH 14 0
BBX 14 30 0 -7
BITMAP
0000
0000
0000
0000
0000
0000
0000
0000
0000
0000
0FE0
1FF0
1838
0018
0018
1C18
3630
3630
3C30
6030
6060
7FE0
3FC0
0000
0000
0000
0000
0000
0000
0000
ENDCHAR
STARTCHAR ThHoNokhuk
ENCODING 3630
SWIDTH 467 0
DWIDTH 14 0
BBX 14 30 0 -7
BITMAP
0000
0000
0000
0000
0000
0000
0000
0000
0000
0000
0F98
1FF8
18F0
0F98
0018
0018
1C30
3630
3C30
6030
6060
7FE0
3FC0
0000
0000
0000
0000
0000
0000
0000
ENDCHAR
STARTCHAR ThPaiyannoi
ENCODING 3631
SWIDTH 467 0
DWIDTH 14 0
BBX 14 30 0 -7
BITMAP
0000
0000
0000
0000
0000
0000
0000
0000
0000
0000
0E30
1B30
1B30
1E30
3070
31E0
3FE0
1F60
0060
0060
00C0
01C0
0180
0000
0000
0000
0000
0000
0000
0000
ENDCHAR
STARTCHAR ThSaraA
ENCODING 3632
SWIDTH 467 0
DWIDTH 14 0
BBX 14 30 0 -7
BITMAP
0000
0000
0000
0000
0000
0000
0000
0000
0000
0000
0E18
1B38
1B70
0FE0
07C0
0000
0000
0000
1C30
3670
36E0
1FC0
0F80
0000
0000
0000
0000
0000
0000
0000
ENDCHAR
STARTCHAR ThMaiHanAkat
ENCODING 3633
SWIDTH 467 0
DWIDTH 14 0
BBX 14 30 0 -7
BITMAP
0000
0000
0000
0000
01C4
0144
01FC
00F8
0000
0000
0000
0000
0000
0000
0000
0000
0000
0000
0000
0000
0000
0000
0000
0000
0000
0000
0000
0000
0000
0000
ENDCHAR
STARTCHAR ThSaraAa
ENCODING 3634
SWIDTH 467 0
DWIDTH 14 0
BBX 14 30 0 -7
BITMAP
0000
0000
0000
0000
0000
0000
0000
0000
0000
0000
07E0
0FF0
1C38
1818
1818
0030
0030
0030
0030
0030
0060
0060
0060
0000
0000
0000
0000
0000
0000
0000
ENDCHAR
STARTCHAR ThSaraAm
ENCODING 3635
SWIDTH 467 0
DWIDTH 14 0
BBX 14 30 0 -7
BITMAP
0000
0000
0000
0000
0000
1C00
3600
3600
1C00
0000
07E0
0FF0
1C38
1818
1818
0030
0030
0030
0030
0030
0060
0060
0060
0000
0000
0000
0000
0000
0000
0000
ENDCHAR
STARTCHAR ThSaraI
ENCODING 3636
SWIDTH 467 0
DWIDTH 14 0
BBX 14 30 0 -7
BITMAP
0000
0000
0000
0000
0000
0000
07FC
07FC
0000
0000
0000
0000
0000
0000
0000
0000
0000
0000
0000
0000
0000
0000
0000
0000
0000
0000
0000
0000
0000
0000
ENDCHAR
STARTCHAR ThSaraIi
ENCODING 3637
SWIDTH 467 0
DWIDTH 14 0
BBX 14 30 0 -7
BITMAP
0000
0000
0000
0000
000C
000C
07FC
07FC
0000
0000
0000
0000
0000
0000
0000
0000
0000
0000
0000
0000
0000
0000
0000
0000
0000
0000
0000
0000
0000
0000
ENDCHAR
STARTCHAR ThSaraUe
ENCODING 3638
SWIDTH 467 0
DWIDTH 14 0
BBX 14 30 0 -7
BITMAP
0000
0000
0000
0000
0038
006C
07EC
07F8
0000
0000
0000
0000
0000
0000
0000
0000
0000
0000
0000
0000
0000
0000
0000
0000
0000
0000
0000
0000
0000
0000
ENDCHAR
STARTCHAR ThSaraUee
ENCODING 3639
SWIDTH 467 0
DWIDTH 14 0
BBX 14 30 0 -7
BITMAP
0000
0000
0000
0000
006C
006C
07FC
07FC
0000
0000
0000
0000
0000
0000
0000
0000
0000
0000
0000
0000
0000
0000
0000
0000
0000
0000
0000
0000
0000
0000
ENDCHAR
STARTCHAR ThSaraU
ENCODING 3640
SWIDTH 467 0
DWIDTH 14 0
BBX 14 30 0 -7
BITMAP
0000
0000
0000
0000
0000
0000
0000
0000
0000
0000
0000
0000
0000
0000
0000
0000
0000
0000
0000
0000
0000
0000
0000
0000
0000
03C0
02C0
03C0
00C0
0000
ENDCHAR
STARTCHAR ThSaraUu
ENCODING 3641
SWIDTH 467 0
DWIDTH 14 0
BBX 14 30 0 -7
BITMAP
0000
0000
0000
0000
0000
0000
0000
0000
0000
0000
0000
0000
0000
0000
0000
0000
0000
0000
0000
0000
0000
0000
0000
0000
0000
3CC0
2CC0
3FC0
0FC0
0000
ENDCHAR
STARTCHAR ThPhinthu
ENCODING 3642
SWIDTH 467 0
DWIDTH 14 0
BBX 14 30 0 -7
BITMAP
0000
0000
0000
0000
0000
0000
0000
0000
0000
0000
0000
0000
0000
0000
0000
0000
0000
0000
0000
0000
0000
0000
0000
0000
0000
00C0
00C0
0000
0000
0000
ENDCHAR
STARTCHAR CurrBaht
ENCODING 3647
SWIDTH 467 0
DWIDTH 14 0
BBX 14 30 0 -7
BITMAP
0000
0000
0000
0000
0180
0180
0180
0FF0
0FF8
0D98
1B18
1B18
1B18
1B30
1FE0
3FE0
3660
3630
3630
3630
6C60
7FE0
7F80
0C00
0C00
0C00
0000
0000
0000
0000
ENDCHAR
STARTCHAR ThSaraE
ENCODING 3648
SWIDTH 467 0
DWIDTH 14 0
BBX 14 30 0 -7
BITMAP
0000
0000
0000
0000
0000
0000
0000
0000
0000
0000
0300
0300
0300
0600
0600
0600
0600
0C00
0C00
0F00
0D80
0D80
0700
0000
0000
0000
0000
0000
0000
0000
ENDCHAR
STARTCHAR ThSaraAe
ENCODING 3649
SWIDTH 467 0
DWIDTH 14 0
BBX 14 30 0 -7
BITMAP
0000
0000
0000
0000
0000
0000
0000
0000
0000
0000
1860
1860
1860
30C0
30C0
30C0
30C0
6180
6180
79E0
4920
79E0
30C0
0000
0000
0000
0000
0000
0000
0000
ENDCHAR
STARTCHAR ThSaraO
ENCODING 3650
SWIDTH 467 0
DWIDTH 14 0
BBX 14 30 0 -7
BITMAP
0000
0000
0000
0000
0000
070C
0FCC
0CF8
0C70
0C00
0E00
0700
0300
0300
0300
0600
0600
0600
0C00
0F00
0D80
0D80
0700
0000
0000
0000
0000
0000
0000
0000
ENDCHAR
STARTCHAR ThSaraAiMaimuan
ENCODING 3651
SWIDTH 467 0
DWIDTH 14 0
BBX 14 30 0 -7
BITMAP
0000
0000
0000
0000
0000
07C0
0FE0
0C60
1860
1C60
14C0
1CC0
00C0
00C0
00C0
0180
0180
0180
0180
03C0
0360
0360
01C0
0000
0000
0000
0000
0000
0000
0000
ENDCHAR
STARTCHAR ThSaraAiMaimalai
ENCODING 3652
SWIDTH 467 0
DWIDTH 14 0
BBX 14 30 0 -7
BITMAP
0000
0000
0000
0000
0000
0CC0
0DE0
0DE0
0F60
0E60
0CC0
0CC0
00C0
00C0
00C0
0180
0180
0180
0180
03C0
0360
0360
01C0
0000
0000
0000
0000
0000
0000
0000
ENDCHAR
STARTCHAR ThLakkhangyao
ENCODING 3653
SWIDTH 467 0
DWIDTH 14 0
BBX 14 30 0 -7
BITMAP
0000
0000
0000
0000
0000
0000
0000
0000
0000
0000
07E0
0FF0
1C38
1818
1818
0030
0030
0030
0030
0030
0060
0060
0060
0060
0060
00C0
00C0
00C0
0000
0000
ENDCHAR
STARTCHAR ThMaiyamok
ENCODING 3654
SWIDTH 467 0
DWIDTH 14 0
BBX 14 30 0 -7
BITMAP
0000
0000
0000
0000
0000
0000
0000
0000
0000
0000
0E70
0FF0
1998
1818
1C18
3C30
2430
3C30
1830
0030
0060
0060
0060
0060
0060
0180
0380
0300
0000
0000
ENDCHAR
STARTCHAR ThMaitaikhu
ENCODING 3655
SWIDTH 467 0
DWIDTH 14 0
BBX 14 30 0 -7
BITMAP
0000
0000
0000
0000
007C
00C0
00D8
00FC
0000
0000
0000
0000
0000
0000
0000
0000
0000
0000
0000
0000
0000
0000
0000
0000
0000
0000
0000
0000
0000
0000
ENDCHAR
STARTCHAR ThMaiEk
ENCODING 3656
SWIDTH 467 0
DWIDTH 14 0
BBX 14 30 0 -7
BITMAP
000C
000C
000C
0000
0000
0000
0000
0000
0000
0000
0000
0000
0000
0000
0000
0000
0000
0000
0000
0000
0000
0000
0000
0000
0000
0000
0000
0000
0000
0000
ENDCHAR
STARTCHAR ThMaiTho
ENCODING 3657
SWIDTH 467 0
DWIDTH 14 0
BBX 14 30 0 -7
BITMAP
01CC
00F8
00E0
0000
0000
0000
0000
0000
0000
0000
0000
0000
0000
0000
0000
0000
0000
0000
0000
0000
0000
0000
0000
0000
0000
0000
0000
0000
0000
0000
ENDCHAR
STARTCHAR ThMaiTri
ENCODING 3658
SWIDTH 467 0
DWIDTH 14 0
BBX 14 30 0 -7
BITMAP
07CC
07F8
0660
0000
0000
0000
0000
0000
0000
0000
0000
0000
0000
0000
0000
0000
0000
0000
0000
0000
0000
0000
0000
0000
0000
0000
0000
0000
0000
0000
ENDCHAR
STARTCHAR ThMaiChattawa
ENCODING 3659
SWIDTH 467 0
DWIDTH 14 0
BBX 14 30 0 -7
BITMAP
0010
007C
0010
0000
0000
0000
0000
0000
0000
0000
0000
0000
0000
0000
0000
0000
0000
0000
0000
0000
0000
0000
0000
0000
0000
0000
0000
0000
0000
0000
ENDCHAR
STARTCHAR ThThanthakhat
ENCODING 3660
SWIDTH 467 0
DWIDTH 14 0
BBX 14 30 0 -7
BITMAP
00FC
01B0
00E0
0000
0000
0000
0000
0000
0000
0000
0000
0000
0000
0000
0000
0000
0000
0000
0000
0000
0000
0000
0000
0000
0000
0000
0000
0000
0000
0000
ENDCHAR
STARTCHAR ThNikhahit
ENCODING 3661
SWIDTH 467 0
DWIDTH 14 0
BBX 14 30 0 -7
BITMAP
0000
0000
0000
0000
0038
006C
006C
0038
0000
0000
0000
0000
0000
0000
0000
0000
0000
0000
0000
0000
0000
0000
0000
0000
0000
0000
0000
0000
0000
0000
ENDCHAR
STARTCHAR ThYamakkan
ENCODING 3662
SWIDTH 467 0
DWIDTH 14 0
BBX 14 30 0 -7
BITMAP
0000
0000
0000
0000
003C
0030
0078
0070
0038
0000
0000
0000
0000
0000
0000
0000
0000
0000
0000
0000
0000
0000
0000
0000
0000
0000
0000
0000
0000
0000
ENDCHAR
STARTCHAR ThFongman
ENCODING 3663
SWIDTH 467 0
DWIDTH 14 0
BBX 14 30 0 -7
BITMAP
0000
0000
0000
0000
0000
0000
0000
0000
0000
0000
03C0
0FE0
1C70
3030
3318
6798
6498
6798
6330
3030
38E0
1FC0
0F00
0000
0000
0000
0000
0000
0000
0000
ENDCHAR
STARTCHAR ThDigit0
ENCODING 3664
SWIDTH 467 0
DWIDTH 14 0
BBX 14 30 0 -7
BITMAP
0000
0000
0000
0000
0000
0000
0000
0000
0000
0000
0000
0000
0000
07C0
0FE0
1870
3030
3030
3030
3030
3860
1FC0
0F80
0000
0000
0000
0000
0000
0000
0000
ENDCHAR
STARTCHAR ThDigit1
ENCODING 3665
SWIDTH 467 0
DWIDTH 14 0
BBX 14 30 0 -7
BITMAP
0000
0000
0000
0000
0000
0000
0000
0000
0000
0000
0000
0000
0000
07C0
0FE0
1870
3030
3030
3030
3C30
3660
3660
1CC0
0000
0000
0000
0000
0000
0000
0000
ENDCHAR
STARTCHAR ThDigit2
ENCODING 3666
SWIDTH 467 0
DWIDTH 14 0
BBX 14 30 0 -7
BITMAP
0000
0000
0000
0000
0000
0000
0000
0000
0000
3000
3000
3000
3000
33B0
67F8
6CD8
6C18
6F18
6D18
CF18
C030
FFF0
7FE0
0000
0000
0000
0000
0000
0000
0000
ENDCHAR
STARTCHAR ThDigit3
ENCODING 3667
SWIDTH 467 0
DWIDTH 14 0
BBX 14 30 0 -7
BITMAP
0000
0000
0000
0000
0000
0000
0000
0000
0000
0000
0000
0000
0000
0E60
1FF0
3330
3330
3330
3030
7830
6C60
6C60
3840
0000
0000
0000
0000
0000
0000
0000
ENDCHAR
STARTCHAR ThDigit4
ENCODING 3668
SWIDTH 467 0
DWIDTH 14 0
BBX 14 30 0 -7
BITMAP
0000
0000
0000
0000
0000
0000
0000
0000
0000
0000
0000
0018
0038
03F0
0FE0
1800
3000
30E0
31A0
31E0
3300
3FE0
0CE0
0000
0000
0000
0000
0000
0000
0000
ENDCHAR
STARTCHAR ThDigit5
ENCODING 3669
SWIDTH 467 0
DWIDTH 14 0
BBX 14 30 0 -7
BITMAP
0000
0000
0000
0000
0000
0000
0000
0000
0000
0300
0780
0498
07B8
03F0
0FE0
1800
3000
30E0
31A0
31E0
3300
3FE0
0CE0
0000
0000
0000
0000
0000
0000
0000
ENDCHAR
STARTCHAR ThDigit6
ENCODING 3670
SWIDTH 467 0
DWIDTH 14 0
BBX 14 30 0 -7
BITMAP
0000
0000
0000
0000
0000
0000
0000
0000
0000
0000
1800
1800
0C00
0FC0
0FE0
0060
0030
1830
3C30
2470
38E0
3FC0
1F00
0000
0000
0000
0000
0000
0000
0000
ENDCHAR
STARTCHAR ThDigit7
ENCODING 3671
SWIDTH 467 0
DWIDTH 14 0
BBX 14 30 0 -7
BITMAP
0000
0000
0000
0000
0000
0000
0000
0000
0000
000C
000C
000C
000C
1DCC
3FCC
6ED8
64D8
60D8
60D8
E198
F330
DBE0
73C0
0000
0000
0000
0000
0000
0000
0000
ENDCHAR
STARTCHAR ThDigit8
ENCODING 3672
SWIDTH 467 0
DWIDTH 14 0
BBX 14 30 0 -7
BITMAP
0000
0000
0000
0000
0000
0000
0000
0000
0000
0000
0000
0018
0018
03F8
0FF0
1C00
3000
3000
3060
66E0
6EA0
7FE0
39C0
0000
0000
0000
0000
0000
0000
0000
ENDCHAR
STARTCHAR ThDigit9
ENCODING 3673
SWIDTH 467 0
DWIDTH 14 0
BBX 14 30 0 -7
BITMAP
0000
0000
0000
0000
0000
0000
0000
0000
0000
0000
0000
000C
000C
076C
1FFC
33B8
3180
30C0
30C0
7860
6C60
3C60
1860
0000
0000
0000
0000
0000
0000
0000
ENDCHAR
STARTCHAR ThAngkhankhu
ENCODING 3674
SWIDTH 467 0
DWIDTH 14 0
BBX 14 30 0 -7
BITMAP
0000
0000
0000
0000
0000
0000
0000
0000
0000
0000
1C6C
366C
366C
3C6C
60EC
63D8
7FD8
3ED8
00D8
00D8
01B0
03B0
0360
0000
0000
0000
0000
0000
0000
0000
ENDCHAR
STARTCHAR ThKhomut
ENCODING 3675
SWIDTH 467 0
DWIDTH 14 0
BBX 14 30 0 -7
BITMAP
0000
0000
0000
0000
0000
0000
0000
0000
0000
0000
0C00
1E00
1A00
3080
30A0
61A8
61FC
63FC
63A8
66A0
6C80
7800
3000
0000
0000
0000
0000
0000
0000
0000
ENDCHAR
STARTCHAR GeAn
ENCODING 4304
SWIDTH 467 0
DWIDTH 14 0
BBX 14 30 0 -7
BITMAP
0000
0000
0000
0000
0000
0000
0000
0000
0000
0000
0000
0080
0180
0180
01C0
00E0
0070
1030
3030
3070
30E0
3FE0
1F80
0000
0000
0000
0000
0000
0000
0000
ENDCHAR
STARTCHAR GeBan
ENCODING 4305
SWIDTH 467 0
DWIDTH 14 0
BBX 14 30 0 -7
BITMAP
0000
0000
0000
0000
0000
0600
0700
03C0
00C0
0180
0180
0180
03C0
0FE0
1C70
1830
3030
3030
3030
3060
38E0
1FC0
0F00
0000
0000
0000
0000
0000
0000
0000
ENDCHAR
STARTCHAR GeGan
ENCODING 4306
SWIDTH 467 0
DWIDTH 14 0
BBX 14 30 0 -7
BITMAP
0000
0000
0000
0000
0000
0000
0000
0000
0000
0000
0000
0000
0F80
1FC0
18C0
18C0
0180
0180
0300
0780
1FC0
38E0
3060
6060
6060
6060
60C0
71C0
3F80
1E00
ENDCHAR
STARTCHAR GeDon
ENCODING 4307
SWIDTH 467 0
DWIDTH 14 0
BBX 14 30 0 -7
BITMAP
0000
0000
0000
0000
0000
0000
0000
0000
0000
0000
0000
0000
0C70
1EF8
3398
3398
6318
6318
6318
6330
6330
63E0
31C0
1800
7C00
FE00
C300
0180
00C0
0060
ENDCHAR
STARTCHAR GeEn
ENCODING 4308
SWIDTH 467 0
DWIDTH 14 0
BBX 14 30 0 -7
BITMAP
0000
0000
0000
0000
0000
0000
0000
0000
0000
0000
0000
0000
07E0
0FF0
1C30
1830
1830
0830
0030
0060
0060
0060
0060
6060
C0C0
C0C0
C0C0
E180
7F80
3E00
ENDCHAR
STARTCHAR GeVin
ENCODING 4309
SWIDTH 467 0
DWIDTH 14 0
BBX 14 30 0 -7
BITMAP
0000
0000
0000
0000
0000
0000
0000
0000
0000
0000
0000
0000
07E0
0FF0
1C30
1830
1830
0830
0060
01C0
0380
00C0
00C0
60C0
C0C0
C0C0
C0C0
E180
7F80
3E00
ENDCHAR
STARTCHAR GeZen
ENCODING 4310
SWIDTH 467 0
DWIDTH 14 0
BBX 14 30 0 -7
BITMAP
0000
0000
0000
0000
0000
0F00
1F80
3980
3180
3380
3F00
1F00
03E0
07F0
0E38
0C18
1818
1818
1818
1830
1C70
0FE0
0780
0000
0000
0000
0000
0000
0000
0000
ENDCHAR
STARTCHAR GeTan
ENCODING 4311
SWIDTH 467 0
DWIDTH 14 0
BBX 14 30 0 -7
BITMAP
0000
0000
0000
0000
0000
0000
0000
0000
0000
0000
0000
0000
0E70
1FF8
3398
3318
6318
6318
6318
6630
6630
7C60
3860
0000
0000
0000
0000
0000
0000
0000
ENDCHAR
STARTCHAR GeIn
ENCODING 4312
SWIDTH 467 0
DWIDTH 14 0
BBX 14 30 0 -7
BITMAP
0000
0000
0000
0000
0000
0000
0000
0000
0000
0000
0000
0000
03C0
0FE0
1C70
1830
3030
3030
3030
3060
3060
30C0
30C0
0000
0000
0000
0000
0000
0000
0000
ENDCHAR
STARTCHAR GeKan
ENCODING 4313
SWIDTH 467 0
DWIDTH 14 0
BBX 14 30 0 -7
BITMAP
0000
0000
0000
0000
0000
0000
0000
0000
0000
0000
0000
0000
0070
0070
0030
0030
0030
0060
0060
01C0
0380
00C0
00C0
60C0
C0C0
C0C0
C0C0
E180
7F80
3E00
ENDCHAR
STARTCHAR GeLas
ENCODING 4314
SWIDTH 467 0
DWIDTH 14 0
BBX 14 30 0 -7
BITMAP
0000
0000
0000
0000
0000
0000
0000
0000
0000
0000
0000
0000
03C0
0FE0
1C70
1830
3030
3030
3030
3060
3060
30C0
30C0
1800
3C00
FE00
C300
0180
00C0
0040
ENDCHAR
STARTCHAR GeMan
ENCODING 4315
SWIDTH 467 0
DWIDTH 14 0
BBX 14 30 0 -7
BITMAP
0000
0000
0000
0000
0000
01F0
03F8
071C
060C
000C
0018
0018
03D8
0FF8
1C78
1830
3030
3030
3030
3060
38E0
1FC0
0F00
0000
0000
0000
0000
0000
0000
0000
ENDCHAR
STARTCHAR GeNar
ENCODING 4316
SWIDTH 467 0
DWIDTH 14 0
BBX 14 30 0 -7
BITMAP
0000
0000
0000
0000
0000
03F8
07F8
0600
0C00
0C00
0C00
0C00
1BC0
1FE0
1C70
1830
1830
3030
3030
3060
38E0
1FC0
0F00
0000
0000
0000
0000
0000
0000
0000
ENDCHAR
STARTCHAR GeOn
ENCODING 4317
SWIDTH 467 0
DWIDTH 14 0
BBX 14 30 0 -7
BITMAP
0000
0000
0000
0000
0000
0000
0000
0000
0000
0000
0000
0000
0E70
1FF8
3398
3318
6318
6318
6318
6030
6030
6060
6060
0000
0000
0000
0000
0000
0000
0000
ENDCHAR
STARTCHAR GePar
ENCODING 4318
SWIDTH 467 0
DWIDTH 14 0
BBX 14 30 0 -7
BITMAP
0000
0000
0000
0000
0000
0180
0180
01F8
00FC
000C
000C
000C
0018
0070
00E0
0030
1830
3030
3030
3030
3860
1FE0
0F80
0000
0000
0000
0000
0000
0000
0000
ENDCHAR
STARTCHAR GeZhar
ENCODING 4319
SWIDTH 467 0
DWIDTH 14 0
BBX 14 30 0 -7
BITMAP
0000
0000
0000
0000
0000
0000
0000
0000
0000
0000
0000
0000
0030
0070
03F0
03B0
3330
3330
3E60
1C60
0060
0060
0060
00C0
60C0
C0C0
C0C0
E180
7F80
3E00
ENDCHAR
STARTCHAR GeRae
ENCODING 4320
SWIDTH 467 0
DWIDTH 14 0
BBX 14 30 0 -7
BITMAP
0000
0000
0000
0000
0000
000C
000C
0078
03F0
0780
0C00
0C00
1E70
1FF8
3B98
3318
6318
6318
6318
6030
6030
6060
6060
0000
0000
0000
0000
0000
0000
0000
ENDCHAR
STARTCHAR GeSan
ENCODING 4321
SWIDTH 467 0
DWIDTH 14 0
BBX 14 30 0 -7
BITMAP
0000
0000
0000
0000
0000
0600
0600
0600
0600
0600
0C00
0C00
0C18
0C38
1870
1860
1860
1830
1830
3030
3060
3FE0
1F80
0000
0000
0000
0000
0000
0000
0000
ENDCHAR
STARTCHAR GeTar
ENCODING 4322
SWIDTH 467 0
DWIDTH 14 0
BBX 14 30 0 -7
BITMAP
0000
0000
0000
0000
0000
0000
0000
0000
0000
0180
03C0
0240
03C0
0380
0FC0
1CE0
37A0
3330
6030
6030
C030
C030
C030
C030
C060
C060
C0C0
60C0
7F80
1F00
ENDCHAR
STARTCHAR GeUn
ENCODING 4323
SWIDTH 467 0
DWIDTH 14 0
BBX 14 30 0 -7
BITMAP
0000
0000
0000
0000
0000
0000
0000
0000
0000
0000
0000
0000
31E0
3BF0
3F30
0E30
0C30
0C30
0060
0060
0060
0060
0060
00C0
30C0
60C0
60C0
7180
3F80
1E00
ENDCHAR
STARTCHAR GePhar
ENCODING 4324
SWIDTH 467 0
DWIDTH 14 0
BBX 14 30 0 -7
BITMAP
0000
0000
0000
0000
0000
0000
0000
0000
0000
0000
0000
0000
0E70
1FF8
3398
3318
6318
6318
6318
6630
66E0
7C60
3860
0060
0060
2060
60C0
71C0
3F80
1F00
ENDCHAR
STARTCHAR GeKhar
ENCODING 4325
SWIDTH 467 0
DWIDTH 14 0
BBX 14 30 0 -7
BITMAP
0000
0000
0000
0000
0000
000C
001C
003C
000C
0018
0018
0018
0018
03F8
07F0
0C30
0030
0030
0060
0060
0060
0060
0060
60C0
C0C0
C0C0
C0C0
E180
7F80
3E00
ENDCHAR
STARTCHAR GeGhan
ENCODING 4326
SWIDTH 467 0
DWIDTH 14 0
BBX 14 30 0 -7
BITMAP
0000
0000
0000
0000
0000
0000
0000
0000
0000
0000
0000
0000
0C70
1EF8
3398
3398
6318
6318
6318
6030
6030
6060
3060
1800
7C00
FE00
8300
0180
00C0
0060
ENDCHAR
STARTCHAR GeQar
ENCODING 4327
SWIDTH 467 0
DWIDTH 14 0
BBX 14 30 0 -7
BITMAP
0000
0000
0000
0000
0000
0000
0000
0000
0000
0000
0000
0000
0C18
1818
1818
3030
3030
3030
3070
38E0
1FE0
0F60
0060
0060
00C0
C0C0
C0C0
E180
7F80
3E00
ENDCHAR
STARTCHAR GeShin
ENCODING 4328
SWIDTH 467 0
DWIDTH 14 0
BBX 14 30 0 -7
BITMAP
0000
0000
0000
0000
0000
0E70
1FF8
199C
198C
080C
0018
0018
03D8
0FF8
1C78
1830
3030
3030
3030
3060
38E0
1FC0
0F00
0000
0000
0000
0000
0000
0000
0000
ENDCHAR
STARTCHAR GeChin
ENCODING 4329
SWIDTH 467 0
DWIDTH 14 0
BBX 14 30 0 -7
BITMAP
0000
0000
0000
0000
0000
03C0
07E0
0C60
0CE0
0FC0
1F00
1800
1BC0
1FE0
1C70
3030
3030
3030
3030
3030
6060
6060
60C0
0000
0000
0000
0000
0000
0000
0000
ENDCHAR
STARTCHAR GeCan
ENCODING 4330
SWIDTH 467 0
DWIDTH 14 0
BBX 14 30 0 -7
BITMAP
0000
0000
0000
0000
0000
0000
0000
0000
0000
0000
0000
0000
0000
0C60
1C70
3830
7030
6030
6030
C060
C1C0
C380
C180
C0C0
C0C0
C0C0
C0C0
6180
7F80
3E00
ENDCHAR
STARTCHAR GeJil
ENCODING 4331
SWIDTH 467 0
DWIDTH 14 0
BBX 14 30 0 -7
BITMAP
0000
0000
0000
0000
0000
0018
001C
000C
000C
000C
0018
0018
03D8
0FF8
1C78
1830
3030
3030
3030
3060
38E0
1FC0
0F00
0000
0000
0000
0000
0000
0000
0000
ENDCHAR
STARTCHAR GeCil
ENCODING 4332
SWIDTH 467 0
DWIDTH 14 0
BBX 14 30 0 -7
BITMAP
0000
0000
0000
0000
0000
0738
0FFC
1DCC
18CC
198C
1818
1818
1800
1800
1FF0
1FF0
1860
1860
18C0
18C0
1980
1980
1B00
1B00
1E00
1E00
1C00
1C00
1800
1800
ENDCHAR
STARTCHAR GeChar
ENCODING 4333
SWIDTH 467 0
DWIDTH 14 0
BBX 14 30 0 -7
BITMAP
0000
0000
0000
0000
0000
0180
0180
01F0
00F8
0018
0018
0018
0030
0030
03BC
07FC
0C70
0C70
0FF8
0778
0060
0060
0060
60C0
C0C0
C0C0
C0C0
E180
7F80
3E00
ENDCHAR
STARTCHAR GeXan
ENCODING 4334
SWIDTH 467 0
DWIDTH 14 0
BBX 14 30 0 -7
BITMAP
0000
0000
0000
0000
0000
0600
0600
0600
0C60
0CE0
0DC0
0D80
1BC0
1FE0
1C70
1830
3030
3030
3030
3060
38E0
1FC0
0F00
0000
0000
0000
0000
0000
0000
0000
ENDCHAR
STARTCHAR GeJhan
ENCODING 4335
SWIDTH 467 0
DWIDTH 14 0
BBX 14 30 0 -7
BITMAP
0000
0000
0000
0000
0000
0000
0000
0000
0000
0000
0000
0000
0C18
1E38
36F0
27C0
0380
0700
0F00
3D90
71B0
61E0
70C0
3800
1C00
0C00
F800
F000
0000
0000
ENDCHAR
STARTCHAR GeHae
ENCODING 4336
SWIDTH 467 0
DWIDTH 14 0
BBX 14 30 0 -7
BITMAP
0000
0000
0000
0000
0000
0300
0380
01F8
00FC
000C
000C
00F8
00F0
0018
0018
01F0
01E0
0030
1030
3030
3070
3FE0
1FC0
0000
0000
0000
0000
0000
0000
0000
ENDCHAR
STARTCHAR GeHe
ENCODING 4337
SWIDTH 467 0
DWIDTH 14 0
BBX 14 30 0 -7
BITMAP
0000
0000
0000
0000
0000
0630
0F38
0D0C
0D0C
090C
1A78
1E70
1C18
1818
1818
30F0
30E0
3030
3030
3030
3060
3FC0
1F80
0000
0000
0000
0000
0000
0000
0000
ENDCHAR
STARTCHAR GeHie
ENCODING 4338
SWIDTH 467 0
DWIDTH 14 0
BBX 14 30 0 -7
BITMAP
0000
0000
0000
0000
0000
0000
0000
0000
0000
0000
0000
0000
03C0
0FE0
1C70
1830
3030
3030
3060
38E0
1FC0
0F00
1F80
79C0
70C0
0000
0000
0000
0000
0000
ENDCHAR
STARTCHAR GeWe
ENCODING 4339
SWIDTH 467 0
DWIDTH 14 0
BBX 14 30 0 -7
BITMAP
0000
0000
0000
0000
0000
0000
0000
0000
0000
0000
0000
0000
07F8
0FF8
0C30
0060
00C0
0180
0300
0700
0F80
01C0
00C0
00C0
60C0
C0C0
C0C0
E180
7F80
3E00
ENDCHAR
STARTCHAR GeHar
ENCODING 4340
SWIDTH 467 0
DWIDTH 14 0
BBX 14 30 0 -7
BITMAP
0000
0000
0000
0000
0000
0000
0000
0180
0380
0600
0600
0700
03F8
01F8
0030
0060
00C0
0180
0300
0700
0F80
01C0
00C0
00C0
60C0
C0C0
C0C0
E180
7F80
3E00
ENDCHAR
STARTCHAR GeHoe
ENCODING 4341
SWIDTH 467 0
DWIDTH 14 0
BBX 14 30 0 -7
BITMAP
0000
0000
0000
0000
0000
00E0
03F0
0730
0630
0C30
0C60
0FF8
07F8
0060
0060
07F0
1FF0
18C0
30C0
30C0
3180
3F80
1E00
0000
0000
0000
0000
0000
0000
0000
ENDCHAR
STARTCHAR GeFi
ENCODING 4342
SWIDTH 467 0
DWIDTH 14 0
BBX 14 30 0 -7
BITMAP
0000
0000
0000
0000
0000
0000
0000
0000
0000
0000
0000
0000
0E70
1FF8
3BD8
6198
6318
6318
6318
6318
6330
67E0
66C0
0600
0600
0C00
0C00
1800
7800
7000
ENDCHAR
STARTCHAR GeYn
ENCODING 4343
SWIDTH 467 0
DWIDTH 14 0
BBX 14 30 0 -7
BITMAP
0000
0000
0000
0000
0000
0000
0000
0000
0000
0000
0000
0000
07C0
0FE0
1C60
1860
0860
00E0
01C0
0780
1F00
3C00
7000
6000
C080
C0C0
C0C0
E1C0
7F80
3F00
ENDCHAR
STARTCHAR GeElifi
ENCODING 4344
SWIDTH 467 0
DWIDTH 14 0
BBX 14 30 0 -7
BITMAP
0000
0000
0000
0000
0000
0000
0000
0000
0000
0000
0000
0000
1830
1830
1830
3030
3030
3030
3070
38E0
7FC0
6F80
6000
6000
6000
C0C0
C0C0
E180
7F80
3E00
ENDCHAR
STARTCHAR GeGanTrnd
ENCODING 4345
SWIDTH 467 0
DWIDTH 14 0
BBX 14 30 0 -7
BITMAP
0000
0000
0000
0000
0000
0000
0000
0000
0000
0000
0000
0000
03C0
0FE0
1C70
1830
3030
3030
3030
3060
38E0
1FC0
0F00
0600
0C00
0C00
18C0
18C0
1FC0
0F80
ENDCHAR
STARTCHAR GeAin
ENCODING 4346
SWIDTH 467 0
DWIDTH 14 0
BBX 14 30 0 -7
BITMAP
0000
0000
0000
0000
0000
0000
0000
0000
0000
0000
0000
0000
03C0
0FE0
1C70
1830
3000
3000
3000
3000
1800
0FC0
0FC0
1C00
3800
7000
0000
0000
0000
0000
ENDCHAR
STARTCHAR PGeParSep
ENCODING 4347
SWIDTH 467 0
DWIDTH 14 0
BBX 14 30 0 -7
BITMAP
0000
0000
0000
0000
0000
0000
0000
0000
0000
0000
0000
0000
1800
3C00
3C00
1800
0060
00F0
00F0
3060
7800
7800
3000
0000
0000
0000
0000
0000
0000
0000
ENDCHAR
STARTCHAR SupGeNar
ENCODING 4348
SWIDTH 467 0
DWIDTH 14 0
BBX 14 30 0 -7
BITMAP
0000
0000
01F8
03F8
0600
0600
0600
07E0
0FF0
0C30
0C30
0C30
0FE0
07C0
0000
0000
0000
0000
0000
0000
0000
0000
0000
0000
0000
0000
0000
0000
0000
0000
ENDCHAR
STARTCHAR GeAen
ENCODING 4349
SWIDTH 467 0
DWIDTH 14 0
BBX 14 30 0 -7
BITMAP
0000
0000
0000
0000
0000
00E0
01F0
03B0
0320
0300
0300
0300
0380
0180
00C0
0060
0070
1030
3030
3070
30E0
3FE0
1F80
0000
0000
0000
0000
0000
0000
0000
ENDCHAR
STARTCHAR GeHardSign
ENCODING 4350
SWIDTH 467 0
DWIDTH 14 0
BBX 14 30 0 -7
BITMAP
0000
0000
0000
0000
0000
0000
0000
0000
0000
0000
0C38
0E78
07E0
03C0
0FE0
1C70
1830
3030
3030
3060
38E0
1FC0
0F00
0000
0000
0000
0000
0000
0000
0000
ENDCHAR
STARTCHAR GeLabialSign
ENCODING 4351
SWIDTH 467 0
DWIDTH 14 0
BBX 14 30 0 -7
BITMAP
0000
0000
0000
0000
0000
0000
0000
0000
0000
0000
0000
0000
03C0
0FE0
1C70
1830
3030
3030
3030
3060
38E0
1FC0
0F00
0000
0000
0000
0000
0000
0000
0000
ENDCHAR
STARTCHAR CyCapTje
ENCODING 7305
SWIDTH 467 0
DWIDTH 14 0
BBX 14 30 0 -7
BITMAP
0000
0000
0000
0000
0000
0000
1FF8
1FF8
0180
0180
0300
0300
0300
03E0
03F0
0630
0618
0618
0618
0C18
0C30
0FE0
0FC0
0000
0000
0000
0000
0000
0000
0000
ENDCHAR
STARTCHAR CySmlTje
ENCODING 7306
SWIDTH 467 0
DWIDTH 14 0
BBX 14 30 0 -7
BITMAP
0000
0000
0000
0000
0000
0000
0000
0000
0000
0000
1FF8
1FF8
0180
0180
0300
03E0
03F0
0318
0618
0618
0630
07F0
03E0
0000
0000
0000
0000
0000
0000
0000
ENDCHAR
STARTCHAR SupCapA
ENCODING 7468
SWIDTH 467 0
DWIDTH 14 0
BBX 14 30 0 -7
BITMAP
0000
0000
0000
0060
00E0
00E0
01E0
01E0
0330
0330
07F0
07F0
0C30
0C30
0000
0000
0000
0000
0000
0000
0000
0000
0000
0000
0000
0000
0000
0000
0000
0000
ENDCHAR
STARTCHAR SupCapB
ENCODING 7470
SWIDTH 467 0
DWIDTH 14 0
BBX 14 30 0 -7
BITMAP
0000
0000
0000
03F0
03F8
0318
0338
07F0
07E0
0630
0C30
0C30
0FE0
0FC0
0000
0000
0000
0000
0000
0000
0000
0000
0000
0000
0000
0000
0000
0000
0000
0000
ENDCHAR
STARTCHAR SupCapD
ENCODING 7472
SWIDTH 467 0
DWIDTH 14 0
BBX 14 30 0 -7
BITMAP
0000
0000
0000
03E0
03F0
0330
0318
0618
0618
0618
0C30
0C70
0FE0
0FC0
0000
0000
0000
0000
0000
0000
0000
0000
0000
0000
0000
0000
0000
0000
0000
0000
ENDCHAR
STARTCHAR SupCapE
ENCODING 7473
SWIDTH 467 0
DWIDTH 14 0
BBX 14 30 0 -7
BITMAP
0000
0000
0000
03FC
03FC
0300
0300
07E0
07E0
0600
0C00
0C00
0FF0
0FF0
0000
0000
0000
0000
0000
0000
0000
0000
0000
0000
0000
0000
0000
0000
0000
0000
ENDCHAR
STARTCHAR SupCapG
ENCODING 7475
SWIDTH 467 0
DWIDTH 14 0
BBX 14 30 0 -7
BITMAP
0000
0000
0000
00F8
01FC
038C
0300
0600
0678
0678
0618
0330
03F0
01F0
0000
0000
0000
0000
0000
0000
0000
0000
0000
0000
0000
0000
0000
0000
0000
0000
ENDCHAR
STARTCHAR SupCapH
ENCODING 7476
SWIDTH 467 0
DWIDTH 14 0
BBX 14 30 0 -7
BITMAP
0000
0000
0000
030C
030C
030C
0318
07F8
07F8
0618
0C30
0C30
0C30
0C30
0000
0000
0000
0000
0000
0000
0000
0000
0000
0000
0000
0000
0000
0000
0000
0000
ENDCHAR
STARTCHAR SupCapI
ENCODING 7477
SWIDTH 467 0
DWIDTH 14 0
BBX 14 30 0 -7
BITMAP
0000
0000
0000
01F8
01F8
0060
0060
00C0
00C0
00C0
0180
0180
07E0
07E0
0000
0000
0000
0000
0000
0000
0000
0000
0000
0000
0000
0000
0000
0000
0000
0000
ENDCHAR
STARTCHAR SupCapJ
ENCODING 7478
SWIDTH 467 0
DWIDTH 14 0
BBX 14 30 0 -7
BITMAP
0000
0000
0000
003C
003C
0018
0018
0018
0030
0030
0C30
0C60
0FE0
07C0
0000
0000
0000
0000
0000
0000
0000
0000
0000
0000
0000
0000
0000
0000
0000
0000
ENDCHAR
STARTCHAR SupCapK
ENCODING 7479
SWIDTH 467 0
DWIDTH 14 0
BBX 14 30 0 -7
BITMAP
0000
0000
0000
030C
031C
0338
0370
07E0
07C0
06E0
0E60
0C70
0C30
0C30
0000
0000
0000
0000
0000
0000
0000
0000
0000
0000
0000
0000
0000
0000
0000
0000
ENDCHAR
STARTCHAR SupCapL
ENCODING 7480
SWIDTH 467 0
DWIDTH 14 0
BBX 14 30 0 -7
BITMAP
0000
0000
0000
0300
0300
0300
0300
0600
0600
0600
0C00
0C00
0FF0
0FF0
0000
0000
0000
0000
0000
0000
0000
0000
0000
0000
0000
0000
0000
0000
0000
0000
ENDCHAR
STARTCHAR SupCapM
ENCODING 7481
SWIDTH 467 0
DWIDTH 14 0
BBX 14 30 0 -7
BITMAP
0000
0000
0000
060C
061C
073C
077C
0FF8
0DD8
0C98
1830
1830
1830
1830
0000
0000
0000
0000
0000
0000
0000
0000
0000
0000
0000
0000
0000
0000
0000
0000
ENDCHAR
STARTCHAR SupCapN
ENCODING 7482
SWIDTH 467 0
DWIDTH 14 0
BBX 14 30 0 -7
BITMAP
0000
0000
0000
030C
030C
038C
0398
06D8
06D8
06D8
0670
0C70
0C30
0C30
0000
0000
0000
0000
0000
0000
0000
0000
0000
0000
0000
0000
0000
0000
0000
0000
ENDCHAR
STARTCHAR SupCapO
ENCODING 7484
SWIDTH 467 0
DWIDTH 14 0
BBX 14 30 0 -7
BITMAP
0000
0000
0000
00E0
03F0
0738
0618
0C18
0C18
0C18
0C30
0E70
07E0
0380
0000
0000
0000
0000
0000
0000
0000
0000
0000
0000
0000
0000
0000
0000
0000
0000
ENDCHAR
STARTCHAR SupCapP
ENCODING 7486
SWIDTH 467 0
DWIDTH 14 0
BBX 14 30 0 -7
BITMAP
0000
0000
0000
03F0
03F8
0318
0318
0638
07F0
07E0
0C00
0C00
0C00
0C00
0000
0000
0000
0000
0000
0000
0000
0000
0000
0000
0000
0000
0000
0000
0000
0000
ENDCHAR
STARTCHAR SupCapR
ENCODING 7487
SWIDTH 467 0
DWIDTH 14 0
BBX 14 30 0 -7
BITMAP
0000
0000
0000
03F0
03F8
0318
0338
07F0
07E0
06C0
0C60
0C60
0C30
0C30
0000
0000
0000
0000
0000
0000
0000
0000
0000
0000
0000
0000
0000
0000
0000
0000
ENDCHAR
STARTCHAR SupCapT
ENCODING 7488
SWIDTH 467 0
DWIDTH 14 0
BBX 14 30 0 -7
BITMAP
0000
0000
0000
03FC
03FC
0060
0060
00C0
00C0
00C0
00C0
0180
0180
0180
0000
0000
0000
0000
0000
0000
0000
0000
0000
0000
0000
0000
0000
0000
0000
0000
ENDCHAR
STARTCHAR SupCapU
ENCODING 7489
SWIDTH 467 0
DWIDTH 14 0
BBX 14 30 0 -7
BITMAP
0000
0000
0000
030C
030C
030C
0618
0618
0618
0C18
0C30
0C30
07E0
03C0
0000
0000
0000
0000
0000
0000
0000
0000
0000
0000
0000
0000
0000
0000
0000
0000
ENDCHAR
STARTCHAR SupCapW
ENCODING 7490
SWIDTH 467 0
DWIDTH 14 0
BBX 14 30 0 -7
BITMAP
0000
0000
0000
060C
060C
060C
0618
06D8
0DD8
0DD0
0FF0
0F70
0E60
0C60
0000
0000
0000
0000
0000
0000
0000
0000
0000
0000
0000
0000
0000
0000
0000
0000
ENDCHAR
STARTCHAR SupSmlA
ENCODING 7491
SWIDTH 467 0
DWIDTH 14 0
BBX 14 30 0 -7
BITMAP
0000
0000
0000
0000
0000
00D8
03F8
0738
0618
0C30
0C30
0C70
0FF8
0798
0000
0000
0000
0000
0000
0000
0000
0000
0000
0000
0000
0000
0000
0000
0000
0000
ENDCHAR
STARTCHAR SupSmlB
ENCODING 7495
SWIDTH 467 0
DWIDTH 14 0
BBX 14 30 0 -7
BITMAP
0000
0000
0300
0300
0300
0370
06F8
0718
0618
0C18
0C38
0C30
0FF0
07E0
0000
0000
0000
0000
0000
0000
0000
0000
0000
0000
0000
0000
0000
0000
0000
0000
ENDCHAR
STARTCHAR SupSmlD
ENCODING 7496
SWIDTH 467 0
DWIDTH 14 0
BBX 14 30 0 -7
BITMAP
0000
0000
000C
000C
000C
01D8
03F8
0738
0618
0C30
0C30
0C70
0FF8
0798
0000
0000
0000
0000
0000
0000
0000
0000
0000
0000
0000
0000
0000
0000
0000
0000
ENDCHAR
STARTCHAR SupSmlE
ENCODING 7497
SWIDTH 467 0
DWIDTH 14 0
BBX 14 30 0 -7
BITMAP
0000
0000
0000
0000
0000
00F0
03F8
0618
0FF8
0FF0
0C00
0E00
07F0
03E0
0000
0000
0000
0000
0000
0000
0000
0000
0000
0000
0000
0000
0000
0000
0000
0000
ENDCHAR
STARTCHAR SupSmlSchwa
ENCODING 7498
SWIDTH 467 0
DWIDTH 14 0
BBX 14 30 0 -7
BITMAP
0000
0000
0000
0000
0000
03E0
07F0
0038
0018
07F8
0FF8
0C30
0FE0
0780
0000
0000
0000
0000
0000
0000
0000
0000
0000
0000
0000
0000
0000
0000
0000
0000
ENDCHAR
STARTCHAR SupSmlG
ENCODING 7501
SWIDTH 467 0
DWIDTH 14 0
BBX 14 30 0 -7
BITMAP
0000
0000
0000
0000
0000
00D8
03F8
0738
0618
0C30
0C70
0FF0
07B0
0060
18E0
1FC0
0F80
0000
0000
0000
0000
0000
0000
0000
0000
0000
0000
0000
0000
0000
ENDCHAR
STARTCHAR SupSmlK
ENCODING 7503
SWIDTH 467 0
DWIDTH 14 0
BBX 14 30 0 -7
BITMAP
0000
0000
0300
0300
0300
0370
06F8
0718
0638
07F0
0FC0
0CC0
0C70
0C30
0000
0000
0000
0000
0000
0000
0000
0000
0000
0000
0000
0000
0000
0000
0000
0000
ENDCHAR
STARTCHAR SupSmlM
ENCODING 7504
SWIDTH 467 0
DWIDTH 14 0
BBX 14 30 0 -7
BITMAP
0000
0000
0000
0000
0000
1BB8
1FFC
0CCC
0CCC
0CCC
1998
1998
199C
198C
0000
0000
0000
0000
0000
0000
0000
0000
0000
0000
0000
0000
0000
0000
0000
0000
ENDCHAR
STARTCHAR SupSmlO
ENCODING 7506
SWIDTH 467 0
DWIDTH 14 0
BBX 14 30 0 -7
BITMAP
0000
0000
0000
0000
0000
00E0
03F0
0738
0618
0C18
0C30
0E70
07E0
0380
0000
0000
0000
0000
0000
0000
0000
0000
0000
0000
0000
0000
0000
0000
0000
0000
ENDCHAR
STARTCHAR SupSmlP
ENCODING 7510
SWIDTH 467 0
DWIDTH 14 0
BBX 14 30 0 -7
BITMAP
0000
0000
0000
0000
0000
06F0
07F8
0718
0618
0C18
0C30
0E30
0FE0
19C0
1800
1800
1800
0000
0000
0000
0000
0000
0000
0000
0000
0000
0000
0000
0000
0000
ENDCHAR
STARTCHAR SupSmlT
ENCODING 7511
SWIDTH 467 0
DWIDTH 14 0
BBX 14 30 0 -7
BITMAP
0000
0000
0000
00C0
00C0
07F0
07F0
0180
0180
0180
0300
0330
03F0
01E0
0000
0000
0000
0000
0000
0000
0000
0000
0000
0000
0000
0000
0000
0000
0000
0000
ENDCHAR
STARTCHAR SupSmlU
ENCODING 7512
SWIDTH 467 0
DWIDTH 14 0
BBX 14 30 0 -7
BITMAP
0000
0000
0000
0000
0000
0618
0618
0618
0618
0C30
0C30
0C70
0FF8
0798
0000
0000
0000
0000
0000
0000
0000
0000
0000
0000
0000
0000
0000
0000
0000
0000
ENDCHAR
STARTCHAR SupSmlV
ENCODING 7515
SWIDTH 467 0
DWIDTH 14 0
BBX 14 30 0 -7
BITMAP
0000
0000
0000
0000
0000
0638
0618
0618
0330
0370
03E0
03C0
0180
0180
0000
0000
0000
0000
0000
0000
0000
0000
0000
0000
0000
0000
0000
0000
0000
0000
ENDCHAR
STARTCHAR SubSmlI
ENCODING 7522
SWIDTH 467 0
DWIDTH 14 0
BBX 14 30 0 -7
BITMAP
0000
0000
0000
0000
0000
0000
0000
0000
0000
0000
0000
0000
0000
0000
0000
0300
0300
0000
1E00
1E00
0600
0C00
0C00
0C00
1800
1F00
0F00
0000
0000
0000
ENDCHAR
STARTCHAR SubSmlR
ENCODING 7523
SWIDTH 467 0
DWIDTH 14 0
BBX 14 30 0 -7
BITMAP
0000
0000
0000
0000
0000
0000
0000
0000
0000
0000
0000
0000
0000
0000
0000
0000
0000
0000
7780
7FC0
38C0
3000
3000
6000
6000
6000
6000
0000
0000
0000
ENDCHAR
STARTCHAR SubSmlU
ENCODING 7524
SWIDTH 467 0
DWIDTH 14 0
BBX 14 30 0 -7
BITMAP
0000
0000
0000
0000
0000
0000
0000
0000
0000
0000
0000
0000
0000
0000
0000
0000
0000
0000
30C0
30C0
30C0
30C0
6180
6180
6380
7FC0
3CC0
0000
0000
0000
ENDCHAR
STARTCHAR SubSmlV
ENCODING 7525
SWIDTH 467 0
DWIDTH 14 0
BBX 14 30 0 -7
BITMAP
0000
0000
0000
0000
0000
0000
0000
0000
0000
0000
0000
0000
0000
0000
0000
0000
0000
0000
31C0
30C0
30C0
1980
1B80
1F00
1E00
0C00
0C00
0000
0000
0000
ENDCHAR
STARTCHAR SupCySmlEn
ENCODING 7544
SWIDTH 467 0
DWIDTH 14 0
BBX 14 30 0 -7
BITMAP
0000
0000
0000
0000
0000
0E18
0E18
0618
07F8
07F0
0C30
0C30
0C38
0C38
0000
0000
0000
0000
0000
0000
0000
0000
0000
0000
0000
0000
0000
0000
0000
0000
ENDCHAR
STARTCHAR LtSmlPStroke
ENCODING 7549
SWIDTH 467 0
DWIDTH 14 0
BBX 14 30 0 -7
BITMAP
0000
0000
0000
0000
0000
0000
0000
0000
0000
0000
3BC0
3FE0
1C70
1830
1830
7FF8
7FF8
3030
3060
30E0
79C0
6F80
6600
6000
C000
C000
C000
C000
0000
0000
ENDCHAR
STARTCHAR SupSmlC
ENCODING 7580
SWIDTH 467 0
DWIDTH 14 0
BBX 14 30 0 -7
BITMAP
0000
0000
0000
0000
0000
00F0
03F8
0718
0E00
0C00
0C00
0E30
07F0
03E0
0000
0000
0000
0000
0000
0000
0000
0000
0000
0000
0000
0000
0000
0000
0000
0000
ENDCHAR
STARTCHAR SupSmlF
ENCODING 7584
SWIDTH 467 0
DWIDTH 14 0
BBX 14 30 0 -7
BITMAP
0000
0000
0078
00FC
018C
0180
0180
07F0
07F0
0300
0300
0600
0600
0600
0600
0C00
0C00
0000
0000
0000
0000
0000
0000
0000
0000
0000
0000
0000
0000
0000
ENDCHAR
STARTCHAR SupSmlZ
ENCODING 7611
SWIDTH 467 0
DWIDTH 14 0
BBX 14 30 0 -7
BITMAP
0000
0000
0000
0000
0000
03F8
07F0
0460
00C0
0180
0300
0610
0FF0
0FE0
0000
0000
0000
0000
0000
0000
0000
0000
0000
0000
0000
0000
0000
0000
0000
0000
ENDCHAR
STARTCHAR SupSmlThe
ENCODING 7615
SWIDTH 467 0
DWIDTH 14 0
BBX 14 30 0 -7
BITMAP
0000
0000
00F0
01F8
0318
0318
0618
07F8
07F8
0618
0630
0630
07E0
03C0
0000
0000
0000
0000
0000
0000
0000
0000
0000
0000
0000
0000
0000
0000
0000
0000
ENDCHAR
STARTCHAR LtCapALring
ENCODING 7680
SWIDTH 467 0
DWIDTH 14 0
BBX 14 30 0 -7
BITMAP
0000
0000
0000
0000
0000
0000
00C0
00C0
01C0
01C0
03C0
0360
0660
0660
0C60
0C60
1FE0
1FE0
3030
3030
6030
6030
E030
0000
0000
0F00
1980
1980
0F00
0000
ENDCHAR
STARTCHAR LtSmlALring
ENCODING 7681
SWIDTH 467 0
DWIDTH 14 0
BBX 14 30 0 -7
BITMAP
0000
0000
0000
0000
0000
0000
0000
0000
0000
0000
0198
07D8
0E78
1C38
1830
3030
3030
3060
3060
30E0
39E0
1F70
0E30
0000
0000
0F00
1980
1980
0F00
0000
ENDCHAR
STARTCHAR LtCapBDot
ENCODING 7682
SWIDTH 467 0
DWIDTH 14 0
BBX 14 30 0 -7
BITMAP
0000
00C0
00C0
00C0
0000
0000
0FF0
0FF8
0C18
0C18
1818
1818
1830
1FE0
1FE0
3060
3030
3030
3030
6030
6060
7FE0
7F80
0000
0000
0000
0000
0000
0000
0000
ENDCHAR
STARTCHAR LtSmlBDot
ENCODING 7683
SWIDTH 467 0
DWIDTH 14 0
BBX 14 30 0 -7
BITMAP
0000
0000
0060
0060
0060
0E00
0E00
0600
0C00
0C00
0DC0
0BE0
1E70
1C30
1830
1830
3030
3030
3060
30E0
39C0
1F80
0E00
0000
0000
0000
0000
0000
0000
0000
ENDCHAR
STARTCHAR LtCapBLdot
ENCODING 7684
SWIDTH 467 0
DWIDTH 14 0
BBX 14 30 0 -7
BITMAP
0000
0000
0000
0000
0000
0000
0FF0
0FF8
0C18
0C18
1818
1818
1830
1FE0
1FE0
3060
3030
3030
3030
6030
6060
7FE0
7F80
0000
0000
0C00
0C00
0C00
0000
0000
ENDCHAR
STARTCHAR LtSmlBLdot
ENCODING 7685
SWIDTH 467 0
DWIDTH 14 0
BBX 14 30 0 -7
BITMAP
0000
0000
0000
0000
0000
0E00
0E00
0600
0C00
0C00
0DC0
0BE0
1E70
1C30
1830
1830
3030
3030
3060
30E0
39C0
1F80
0E00
0000
0000
0C00
0C00
0C00
0000
0000
ENDCHAR
STARTCHAR LtCapBLmacron
ENCODING 7686
SWIDTH 467 0
DWIDTH 14 0
BBX 14 30 0 -7
BITMAP
0000
0000
0000
0000
0000
0000
0FF0
0FF8
0C18
0C18
1818
1818
1830
1FE0
1FE0
3060
3030
3030
3030
6030
6060
7FE0
7F80
0000
0000
7E00
7E00
0000
0000
0000
ENDCHAR
STARTCHAR LtSmlBLmacron
ENCODING 7687
SWIDTH 467 0
DWIDTH 14 0
BBX 14 30 0 -7
BITMAP
0000
0000
0000
0000
0000
0E00
0E00
0600
0C00
0C00
0DC0
0BE0
1E70
1C30
1830
1830
3030
3030
3060
30E0
39C0
1F80
0E00
0000
0000
3F00
3F00
0000
0000
0000
ENDCHAR
STARTCHAR LtCapCAcuteCedilla
ENCODING 7688
SWIDTH 467 0
DWIDTH 14 0
BBX 14 30 0 -7
BITMAP
0000
003C
0038
0070
00E0
0000
00F8
03FC
070C
0E04
0C00
1800
1800
3000
3000
3000
3000
3000
3000
3020
1860
1FE0
0FC0
0200
0300
0180
0F80
0F00
0000
0000
ENDCHAR
STARTCHAR LtSmlCAcuteCedilla
ENCODING 7689
SWIDTH 467 0
DWIDTH 14 0
BBX 14 30 0 -7
BITMAP
0000
0000
0000
0000
0078
0070
00E0
01C0
0000
0000
01E0
07F0
0E30
1C10
1800
3000
3000
3000
3000
3060
38E0
1FC0
0F00
0400
0600
0300
1F00
1E00
0000
0000
ENDCHAR
STARTCHAR LtCapDDot
ENCODING 7690
SWIDTH 467 0
DWIDTH 14 0
BBX 14 30 0 -7
BITMAP
0000
00C0
00C0
00C0
0000
0000
0FE0
0FF0
0C30
0C18
1818
1818
1818
1818
3018
3018
3030
3030
6070
60E0
61C0
7F80
7E00
0000
0000
0000
0000
0000
0000
0000
ENDCHAR
STARTCHAR LtSmlDDot
ENCODING 7691
SWIDTH 467 0
DWIDTH 14 0
BBX 14 30 0 -7
BITMAP
0000
0000
0060
0060
0060
000C
000C
000C
000C
0018
0198
07D8
0E78
1C30
1830
3030
3030
3060
3060
30E0
39E0
1F70
0E30
0000
0000
0000
0000
0000
0000
0000
ENDCHAR
STARTCHAR LtCapDLdot
ENCODING 7692
SWIDTH 467 0
DWIDTH 14 0
BBX 14 30 0 -7
BITMAP
0000
0000
0000
0000
0000
0000
0FE0
0FF0
0C30
0C18
1818
1818
1818
1818
3018
3018
3030
3030
6070
60E0
61C0
7F80
7E00
0000
0000
1800
1800
1800
0000
0000
ENDCHAR
STARTCHAR LtSmlDLdot
ENCODING 7693
SWIDTH 467 0
DWIDTH 14 0
BBX 14 30 0 -7
BITMAP
0000
0000
0000
0000
0000
000C
000C
000C
000C
0018
0198
07D8
0E78
1C30
1830
3030
3030
3060
3060
30E0
39E0
1F70
0E30
0000
0000
0C00
0C00
0C00
0000
0000
ENDCHAR
STARTCHAR LtCapDLmacron
ENCODING 7694
SWIDTH 467 0
DWIDTH 14 0
BBX 14 30 0 -7
BITMAP
0000
0000
0000
0000
0000
0000
0FE0
0FF0
0C30
0C18
1818
1818
1818
1818
3018
3018
3030
3030
6070
60E0
61C0
7F80
7E00
0000
0000
7E00
7E00
0000
0000
0000
ENDCHAR
STARTCHAR LtSmlDLmacron
ENCODING 7695
SWIDTH 467 0
DWIDTH 14 0
BBX 14 30 0 -7
BITMAP
0000
0000
0000
0000
0000
000C
000C
000C
000C
0018
0198
07D8
0E78
1C30
1830
3030
3030
3060
3060
30E0
39E0
1F70
0E30
0000
0000
1F80
1F80
0000
0000
0000
ENDCHAR
STARTCHAR LtCapDComma
ENCODING 7696
SWIDTH 467 0
DWIDTH 14 0
BBX 14 30 0 -7
BITMAP
0000
0000
0000
0000
0000
0000
0FE0
0FF0
0C30
0C18
1818
1818
1818
1818
3018
3018
3030
3030
6070
60E0
61C0
7F80
7E00
0000
1C00
1C00
0C00
3800
3000
0000
ENDCHAR
STARTCHAR LtSmlDComma
ENCODING 7697
SWIDTH 467 0
DWIDTH 14 0
BBX 14 30 0 -7
BITMAP
0000
0000
0000
0000
0000
000C
000C
000C
000C
0018
0198
07D8
0E78
1C30
1830
3030
3030
3060
3060
30E0
39E0
1F70
0E30
0000
0E00
0E00
0600
1C00
1800
0000
ENDCHAR
STARTCHAR LtCapDLcircum
ENCODING 7698
SWIDTH 467 0
DWIDTH 14 0
BBX 14 30 0 -7
BITMAP
0000
0000
0000
0000
0000
0000
0FE0
0FF0
0C30
0C18
1818
1818
1818
1818
3018
3018
3030
3030
6070
60E0
61C0
7F80
7E00
0000
0000
1800
3C00
7E00
6600
0000
ENDCHAR
STARTCHAR LtSmlDLcircum
ENCODING 7699
SWIDTH 467 0
DWIDTH 14 0
BBX 14 30 0 -7
BITMAP
0000
0000
0000
0000
0000
000C
000C
000C
000C
0018
0198
07D8
0E78
1C30
1830
3030
3030
3060
3060
30E0
39E0
1F70
0E30
0000
0000
0600
0F00
1F80
1980
0000
ENDCHAR
STARTCHAR LtCapEMacronGrave
ENCODING 7700
SWIDTH 467 0
DWIDTH 14 0
BBX 14 30 0 -7
BITMAP
0000
03C0
00E0
0070
0000
03F0
03F0
0000
0FFC
0FFC
0C00
0C00
1800
1800
1FE0
1FE0
3000
3000
3000
6000
6000
7FE0
7FE0
0000
0000
0000
0000
0000
0000
0000
ENDCHAR
STARTCHAR LtSmlEMacronGrave
ENCODING 7701
SWIDTH 467 0
DWIDTH 14 0
BBX 14 30 0 -7
BITMAP
0000
03C0
01C0
00E0
0060
0000
03F0
03F0
0000
0000
01E0
07F0
0E30
1C18
1838
3FF0
3FE0
3000
3000
3000
3860
1FC0
0F80
0000
0000
0000
0000
0000
0000
0000
ENDCHAR
STARTCHAR LtCapEMacronAcute
ENCODING 7702
SWIDTH 467 0
DWIDTH 14 0
BBX 14 30 0 -7
BITMAP
0000
003C
0070
00E0
0000
03F8
03F8
0000
0FFC
0FFC
0C00
0C00
1800
1800
1FE0
1FE0
3000
3000
3000
6000
6000
7FE0
7FE0
0000
0000
0000
0000
0000
0000
0000
ENDCHAR
STARTCHAR LtSmlEMacronAcute
ENCODING 7703
SWIDTH 467 0
DWIDTH 14 0
BBX 14 30 0 -7
BITMAP
0000
0078
0070
00E0
01C0
0000
03F0
03F0
0000
0000
01E0
07F0
0E30
1C18
1838
3FF0
3FE0
3000
3000
3000
3860
1FC0
0F80
0000
0000
0000
0000
0000
0000
0000
ENDCHAR
STARTCHAR LtCapELcircum
ENCODING 7704
SWIDTH 467 0
DWIDTH 14 0
BBX 14 30 0 -7
BITMAP
0000
0000
0000
0000
0000
0000
0FFC
0FFC
0C00
0C00
1800
1800
1800
1FE0
1FE0
3000
3000
3000
3000
6000
6000
7FE0
7FE0
0000
0000
0C00
1E00
3F00
3300
0000
ENDCHAR
STARTCHAR LtSmlELcircum
ENCODING 7705
SWIDTH 467 0
DWIDTH 14 0
BBX 14 30 0 -7
BITMAP
0000
0000
0000
0000
0000
0000
0000
0000
0000
0000
01E0
07F0
0E30
1C18
1838
3FF0
3FE0
3000
3000
3000
3860
1FC0
0F80
0000
0000
0C00
1E00
3F00
3300
0000
ENDCHAR
STARTCHAR LtCapELtilde
ENCODING 7706
SWIDTH 467 0
DWIDTH 14 0
BBX 14 30 0 -7
BITMAP
0000
0000
0000
0000
0000
0000
0FFC
0FFC
0C00
0C00
1800
1800
1800
1FE0
1FE0
3000
3000
3000
3000
6000
6000
7FE0
7FE0
0000
0000
3980
7F80
6700
0000
0000
ENDCHAR
STARTCHAR LtSmlELtilde
ENCODING 7707
SWIDTH 467 0
DWIDTH 14 0
BBX 14 30 0 -7
BITMAP
0000
0000
0000
0000
0000
0000
0000
0000
0000
0000
01E0
07F0
0E30
1C18
1838
3FF0
3FE0
3000
3000
3000
3860
1FC0
0F80
0000
0000
1CC0
3FC0
3380
0000
0000
ENDCHAR
STARTCHAR LtCapEBreveCedilla
ENCODING 7708
SWIDTH 467 0
DWIDTH 14 0
BBX 14 30 0 -7
BITMAP
0000
0318
0318
01F0
00E0
0000
0FFC
0FFC
0C00
0C00
1800
1800
1800
1FE0
1FE0
3000
3000
3000
3000
6000
6000
7FE0
7FE0
0400
0600
0300
1F00
1E00
0000
0000
ENDCHAR
STARTCHAR LtSmlEBreveCedilla
ENCODING 7709
SWIDTH 467 0
DWIDTH 14 0
BBX 14 30 0 -7
BITMAP
0000
0000
0000
0000
0318
0318
01F0
00E0
0000
0000
01E0
07F0
0E30
1C18
1838
3FF0
3FE0
3000
3000
3000
3860
1FC0
0F80
0400
0600
0300
1F00
1E00
0000
0000
ENDCHAR
STARTCHAR LtCapFDot
ENCODING 7710
SWIDTH 467 0
DWIDTH 14 0
BBX 14 30 0 -7
BITMAP
0000
0060
0060
0060
0000
0000
0FFC
0FFC
0C00
0C00
1800
1800
1800
1FE0
1FE0
3000
3000
3000
3000
6000
6000
6000
6000
0000
0000
0000
0000
0000
0000
0000
ENDCHAR
STARTCHAR LtSmlFDot
ENCODING 7711
SWIDTH 467 0
DWIDTH 14 0
BBX 14 30 0 -7
BITMAP
0000
0018
0018
0018
0000
007C
00FC
01CC
0180
0180
0180
0300
3FF0
3FF0
0300
0300
0300
0300
0600
0600
0600
0600
0C00
0C00
0C00
0C00
1800
1800
0000
0000
ENDCHAR
STARTCHAR LtCapGMacron
ENCODING 7712
SWIDTH 467 0
DWIDTH 14 0
BBX 14 30 0 -7
BITMAP
0000
0000
01FC
01FC
0000
0000
00F8
03FC
070C
0E04
0C00
1800
1800
3000
30F8
30F8
3030
3030
3030
3030
1860
1FE0
0FE0
0000
0000
0000
0000
0000
0000
0000
ENDCHAR
STARTCHAR LtSmlGMacron
ENCODING 7713
SWIDTH 467 0
DWIDTH 14 0
BBX 14 30 0 -7
BITMAP
0000
0000
0000
0000
0000
0000
03F0
03F0
0000
0000
0198
07D8
0E78
1C38
1830
3030
3030
3030
3060
30E0
39E0
1F60
0E60
00C0
00C0
61C0
7F80
7F00
0000
0000
ENDCHAR
STARTCHAR LtCapHDot
ENCODING 7714
SWIDTH 467 0
DWIDTH 14 0
BBX 14 30 0 -7
BITMAP
0000
0060
0060
0060
0000
0000
0C0C
0C0C
0C0C
0C0C
1818
1818
1818
1FF8
1FF8
3030
3030
3030
3030
6060
6060
6060
6060
0000
0000
0000
0000
0000
0000
0000
ENDCHAR
STARTCHAR LtSmlHDot
ENCODING 7715
SWIDTH 467 0
DWIDTH 14 0
BBX 14 30 0 -7
BITMAP
0000
0000
00C0
00C0
00C0
1C00
1C00
0C00
0C00
0C00
19C0
1BE0
1E70
1C30
1830
3060
3060
3060
3060
30C0
60C0
60F0
6070
0000
0000
0000
0000
0000
0000
0000
ENDCHAR
STARTCHAR LtCapHLdot
ENCODING 7716
SWIDTH 467 0
DWIDTH 14 0
BBX 14 30 0 -7
BITMAP
0000
0000
0000
0000
0000
0000
0C0C
0C0C
0C0C
0C0C
1818
1818
1818
1FF8
1FF8
3030
3030
3030
3030
6060
6060
6060
6060
0000
0000
0C00
0C00
0C00
0000
0000
ENDCHAR
STARTCHAR LtSmlHLdot
ENCODING 7717
SWIDTH 467 0
DWIDTH 14 0
BBX 14 30 0 -7
BITMAP
0000
0000
0000
0000
0000
1C00
1C00
0C00
0C00
0C00
19C0
1BE0
1E70
1C30
1830
3060
3060
3060
3060
30C0
60C0
60F0
6070
0000
0000
0C00
0C00
0C00
0000
0000
ENDCHAR
STARTCHAR LtCapHDrss
ENCODING 7718
SWIDTH 467 0
DWIDTH 14 0
BBX 14 30 0 -7
BITMAP
0000
0198
0198
0198
0000
0000
0C0C
0C0C
0C0C
0C0C
1818
1818
1818
1FF8
1FF8
3030
3030
3030
3030
6060
6060
6060
6060
0000
0000
0000
0000
0000
0000
0000
ENDCHAR
STARTCHAR LtSmlHDrss
ENCODING 7719
SWIDTH 467 0
DWIDTH 14 0
BBX 14 30 0 -7
BITMAP
0000
0330
0330
0330
0000
1C00
1C00
0C00
0C00
0C00
19C0
1BE0
1E70
1C30
1830
3060
3060
3060
3060
30C0
60C0
60F0
6070
0000
0000
0000
0000
0000
0000
0000
ENDCHAR
STARTCHAR LtCapHCedilla
ENCODING 7720
SWIDTH 467 0
DWIDTH 14 0
BBX 14 30 0 -7
BITMAP
0000
0000
0000
0000
0000
0000
0C0C
0C0C
0C0C
0C0C
1818
1818
1818
1FF8
1FF8
3030
3030
3030
3030
6060
6060
6060
6060
0400
0600
0300
1F00
1E00
0000
0000
ENDCHAR
STARTCHAR LtSmlHCedilla
ENCODING 7721
SWIDTH 467 0
DWIDTH 14 0
BBX 14 30 0 -7
BITMAP
0000
0000
0000
0000
0000
1C00
1C00
0C00
0C00
0C00
19C0
1BE0
1E70
1C30
1830
3060
3060
3060
3060
30C0
60C0
60F0
6070
0400
0600
0300
1F00
1E00
0000
0000
ENDCHAR
STARTCHAR LtCapHLbreve
ENCODING 7722
SWIDTH 467 0
DWIDTH 14 0
BBX 14 30 0 -7
BITMAP
0000
0000
0000
0000
0000
0000
0C0C
0C0C
0C0C
0C0C
1818
1818
1818
1FF8
1FF8
3030
3030
3030
3030
6060
6060
6060
6060
0000
0000
3180
3180
1F00
0E00
0000
ENDCHAR
STARTCHAR LtSmlHLbreve
ENCODING 7723
SWIDTH 467 0
DWIDTH 14 0
BBX 14 30 0 -7
BITMAP
0000
0000
0000
0000
0000
1C00
1C00
0C00
0C00
0C00
19C0
1BE0
1E70
1C30
1830
3060
3060
3060
3060
30C0
60C0
60F0
6070
0000
0000
3180
3180
1F00
0E00
0000
ENDCHAR
STARTCHAR LtCapILtilde
ENCODING 7724
SWIDTH 467 0
DWIDTH 14 0
BBX 14 30 0 -7
BITMAP
0000
0000
0000
0000
0000
0000
07F8
07F8
00C0
00C0
00C0
0180
0180
0180
0180
0300
0300
0300
0300
0600
0600
3FC0
3FC0
0000
0000
3980
7F80
6700
0000
0000
ENDCHAR
STARTCHAR LtSmlILtilde
ENCODING 7725
SWIDTH 467 0
DWIDTH 14 0
BBX 14 30 0 -7
BITMAP
0000
0000
0000
0000
0000
00C0
00C0
00C0
0000
0000
0F80
0F80
0180
0300
0300
0300
0600
0600
0600
0C00
0C60
0FE0
07C0
0000
0000
0E60
1FE0
19C0
0000
0000
ENDCHAR
STARTCHAR LtCapIDrssAcute
ENCODING 7726
SWIDTH 467 0
DWIDTH 14 0
BBX 14 30 0 -7
BITMAP
0000
0070
0060
00C0
0698
0618
0000
07F8
07F8
00C0
00C0
0180
0180
0180
0180
0300
0300
0300
0300
0600
0600
3FC0
3FC0
0000
0000
0000
0000
0000
0000
0000
ENDCHAR
STARTCHAR LtSmlIDrssAcute
ENCODING 7727
SWIDTH 467 0
DWIDTH 14 0
BBX 14 30 0 -7
BITMAP
0000
0078
0070
00E0
01C0
0000
0660
0660
0000
0000
0F80
0F80
0180
0300
0300
0300
0600
0600
0600
0C00
0C60
0FE0
07C0
0000
0000
0000
0000
0000
0000
0000
ENDCHAR
STARTCHAR LtCapKAcute
ENCODING 7728
SWIDTH 467 0
DWIDTH 14 0
BBX 14 30 0 -7
BITMAP
0000
0078
0070
00E0
01C0
0000
0C0C
0C1C
0C38
0C70
18E0
19C0
1B80
1F00
1F00
3D80
3980
3180
30C0
60C0
60C0
6060
6060
0000
0000
0000
0000
0000
0000
0000
ENDCHAR
STARTCHAR LtSmlKAcute
ENCODING 7729
SWIDTH 467 0
DWIDTH 14 0
BBX 14 30 0 -7
BITMAP
0000
00F8
01E0
0380
0000
1C00
1C00
0C00
0C00
0C00
19C0
1FE0
1C70
1830
1830
3060
3FC0
3F80
3180
30C0
60C0
60F0
6070
0000
0000
0000
0000
0000
0000
0000
ENDCHAR
STARTCHAR LtCapKLdot
ENCODING 7730
SWIDTH 467 0
DWIDTH 14 0
BBX 14 30 0 -7
BITMAP
0000
0000
0000
0000
0000
0000
0C0C
0C1C
0C38
0C70
18E0
19C0
1B80
1F00
1F00
3D80
3980
3180
30C0
60C0
60C0
6060
6060
0000
0000
0C00
0C00
0C00
0000
0000
ENDCHAR
STARTCHAR LtSmlKLdot
ENCODING 7731
SWIDTH 467 0
DWIDTH 14 0
BBX 14 30 0 -7
BITMAP
0000
0000
0000
0000
0000
1C00
1C00
0C00
0C00
0C00
19C0
1FE0
1C70
1830
1830
3060
3FC0
3F80
3180
30C0
60C0
60F0
6070
0000
0000
0C00
0C00
0C00
0000
0000
ENDCHAR
STARTCHAR LtCapKLmacron
ENCODING 7732
SWIDTH 467 0
DWIDTH 14 0
BBX 14 30 0 -7
BITMAP
0000
0000
0000
0000
0000
0000
0C0C
0C1C
0C38
0C70
18E0
19C0
1B80
1F00
1F00
3D80
3980
3180
30C0
60C0
60C0
6060
6060
0000
0000
3F00
3F00
0000
0000
0000
ENDCHAR
STARTCHAR LtSmlKLmacron
ENCODING 7733
SWIDTH 467 0
DWIDTH 14 0
BBX 14 30 0 -7
BITMAP
0000
0000
0000
0000
0000
1C00
1C00
0C00
0C00
0C00
19C0
1FE0
1C70
1830
1830
3060
3FC0
3F80
3180
30C0
60C0
60F0
6070
0000
0000
3F00
3F00
0000
0000
0000
ENDCHAR
STARTCHAR LtCapLLdot
ENCODING 7734
SWIDTH 467 0
DWIDTH 14 0
BBX 14 30 0 -7
BITMAP
0000
0000
0000
0000
0000
0000
0C00
0C00
0C00
0C00
1800
1800
1800
1800
1800
3000
3000
3000
3000
6000
6000
7FE0
7FE0
0000
0000
0C00
0C00
0C00
0000
0000
ENDCHAR
STARTCHAR LtSmlLLdot
ENCODING 7735
SWIDTH 467 0
DWIDTH 14 0
BBX 14 30 0 -7
BITMAP
0000
0000
0000
0000
0000
03C0
03C0
00C0
0180
0180
0180
0180
0300
0300
0300
0600
0600
0600
0600
0C00
0C60
0FE0
07C0
0000
0000
0C00
0C00
0C00
0000
0000
ENDCHAR
STARTCHAR LtCapLMacronLdot
ENCODING 7736
SWIDTH 467 0
DWIDTH 14 0
BBX 14 30 0 -7
BITMAP
0000
0000
03F0
03F0
0000
0000
0C00
0C00
0C00
0C00
1800
1800
1800
1800
1800
3000
3000
3000
3000
6000
6000
7FE0
7FE0
0000
0000
0C00
0C00
0C00
0000
0000
ENDCHAR
STARTCHAR LtSmlLMacronLdot
ENCODING 7737
SWIDTH 467 0
DWIDTH 14 0
BBX 14 30 0 -7
BITMAP
0000
07E0
07E0
0000
0000
03C0
03C0
00C0
0180
0180
0180
0180
0300
0300
0300
0600
0600
0600
0600
0C00
0C60
0FE0
07C0
0000
0000
0C00
0C00
0C00
0000
0000
ENDCHAR
STARTCHAR LtCapLLmacron
ENCODING 7738
SWIDTH 467 0
DWIDTH 14 0
BBX 14 30 0 -7
BITMAP
0000
0000
0000
0000
0000
0000
0C00
0C00
0C00
0C00
1800
1800
1800
1800
1800
3000
3000
3000
3000
6000
6000
7FE0
7FE0
0000
0000
3F00
3F00
0000
0000
0000
ENDCHAR
STARTCHAR LtSmlLLmacron
ENCODING 7739
SWIDTH 467 0
DWIDTH 14 0
BBX 14 30 0 -7
BITMAP
0000
0000
0000
0000
0000
03C0
03C0
00C0
0180
0180
0180
0180
0300
0300
0300
0600
0600
0600
0600
0C00
0C60
0FE0
07C0
0000
0000
1F80
1F80
0000
0000
0000
ENDCHAR
STARTCHAR LtCapLLcircum
ENCODING 7740
SWIDTH 467 0
DWIDTH 14 0
BBX 14 30 0 -7
BITMAP
0000
0000
0000
0000
0000
0000
0C00
0C00
0C00
0C00
1800
1800
1800
1800
1800
3000
3000
3000
3000
6000
6000
7FE0
7FE0
0000
0000
0C00
1E00
3F00
3300
0000
ENDCHAR
STARTCHAR LtSmlLLcircum
ENCODING 7741
SWIDTH 467 0
DWIDTH 14 0
BBX 14 30 0 -7
BITMAP
0000
0000
0000
0000
0000
03C0
03C0
00C0
0180
0180
0180
0180
0300
0300
0300
0600
0600
0600
0600
0C00
0C60
0FE0
07C0
0000
0000
0600
0F00
1F80
1980
0000
ENDCHAR
STARTCHAR LtCapMAcute
ENCODING 7742
SWIDTH 467 0
DWIDTH 14 0
BBX 14 30 0 -7
BITMAP
0000
0078
0070
00E0
01C0
0000
180C
180C
1C1C
1C3C
3C38
3C78
34D8
34D8
3798
6730
6730
6630
6630
C060
C060
C060
C060
0000
0000
0000
0000
0000
0000
0000
ENDCHAR
STARTCHAR LtSmlMAcute
ENCODING 7743
SWIDTH 467 0
DWIDTH 14 0
BBX 14 30 0 -7
BITMAP
0000
0000
0000
0000
00F0
00E0
01C0
0380
0000
0000
7738
7FFC
39CC
318C
318C
6318
6318
6318
6318
C630
C630
C638
C618
0000
0000
0000
0000
0000
0000
0000
ENDCHAR
STARTCHAR LtCapMDot
ENCODING 7744
SWIDTH 467 0
DWIDTH 14 0
BBX 14 30 0 -7
BITMAP
0000
00C0
00C0
00C0
0000
0000
180C
180C
1C1C
1C3C
3C38
3C78
34D8
34D8
3798
6730
6730
6630
6630
C060
C060
C060
C060
0000
0000
0000
0000
0000
0000
0000
ENDCHAR
STARTCHAR LtSmlMDot
ENCODING 7745
SWIDTH 467 0
DWIDTH 14 0
BBX 14 30 0 -7
BITMAP
0000
0000
0000
0000
0000
00C0
00C0
00C0
0000
0000
7738
7FFC
39CC
318C
318C
6318
6318
6318
6318
C630
C630
C638
C618
0000
0000
0000
0000
0000
0000
0000
ENDCHAR
STARTCHAR LtCapMLdot
ENCODING 7746
SWIDTH 467 0
DWIDTH 14 0
BBX 14 30 0 -7
BITMAP
0000
0000
0000
0000
0000
0000
180C
180C
1C1C
1C3C
3C38
3C78
34D8
34D8
3798
6730
6730
6630
6630
C060
C060
C060
C060
0000
0000
0C00
0C00
0C00
0000
0000
ENDCHAR
STARTCHAR LtSmlMLdot
ENCODING 7747
SWIDTH 467 0
DWIDTH 14 0
BBX 14 30 0 -7
BITMAP
0000
0000
0000
0000
0000
0000
0000
0000
0000
0000
7738
7FFC
39CC
318C
318C
6318
6318
6318
6318
C630
C630
C638
C618
0000
0000
0C00
0C00
0C00
0000
0000
ENDCHAR
STARTCHAR LtCapNDot
ENCODING 7748
SWIDTH 467 0
DWIDTH 14 0
BBX 14 30 0 -7
BITMAP
0000
00C0
00C0
00C0
0000
0000
0C0C
0C0C
0C0C
0E0C
1E18
1B18
1B18
1B18
3398
31B0
31B0
31B0
30F0
60E0
6060
6060
6060
0000
0000
0000
0000
0000
0000
0000
ENDCHAR
STARTCHAR LtSmlNDot
ENCODING 7749
SWIDTH 467 0
DWIDTH 14 0
BBX 14 30 0 -7
BITMAP
0000
0000
0000
0000
0000
0180
0180
0180
0000
0000
39C0
3BE0
1E70
1C30
1830
3060
3060
3060
3060
30C0
60C0
60F0
6070
0000
0000
0000
0000
0000
0000
0000
ENDCHAR
STARTCHAR LtCapNLdot
ENCODING 7750
SWIDTH 467 0
DWIDTH 14 0
BBX 14 30 0 -7
BITMAP
0000
0000
0000
0000
0000
0000
0C0C
0C0C
0C0C
0E0C
1E18
1B18
1B18
1B18
3398
31B0
31B0
31B0
30F0
60E0
6060
6060
6060
0000
0000
0C00
0C00
0C00
0000
0000
ENDCHAR
STARTCHAR LtSmlNLdot
ENCODING 7751
SWIDTH 467 0
DWIDTH 14 0
BBX 14 30 0 -7
BITMAP
0000
0000
0000
0000
0000
0000
0000
0000
0000
0000
39C0
3BE0
1E70
1C30
1830
3060
3060
3060
3060
30C0
60C0
60F0
6070
0000
0000
0C00
0C00
0C00
0000
0000
ENDCHAR
STARTCHAR LtCapNLmacron
ENCODING 7752
SWIDTH 467 0
DWIDTH 14 0
BBX 14 30 0 -7
BITMAP
0000
0000
0000
0000
0000
0000
0C0C
0C0C
0C0C
0E0C
1E18
1B18
1B18
1B18
3398
31B0
31B0
31B0
30F0
60E0
6060
6060
6060
0000
0000
3F00
3F00
0000
0000
0000
ENDCHAR
STARTCHAR LtSmlNLmacron
ENCODING 7753
SWIDTH 467 0
DWIDTH 14 0
BBX 14 30 0 -7
BITMAP
0000
0000
0000
0000
0000
0000
0000
0000
0000
0000
39C0
3BE0
1E70
1C30
1830
3060
3060
3060
3060
30C0
60C0
60F0
6070
0000
0000
3F00
3F00
0000
0000
0000
ENDCHAR
STARTCHAR LtCapNLcircum
ENCODING 7754
SWIDTH 467 0
DWIDTH 14 0
BBX 14 30 0 -7
BITMAP
0000
0000
0000
0000
0000
0000
0C0C
0C0C
0C0C
0E0C
1E18
1B18
1B18
1B18
3398
31B0
31B0
31B0
30F0
60E0
6060
6060
6060
0000
0000
0C00
1E00
3F00
3300
0000
ENDCHAR
STARTCHAR LtSmlNLcircum
ENCODING 7755
SWIDTH 467 0
DWIDTH 14 0
BBX 14 30 0 -7
BITMAP
0000
0000
0000
0000
0000
0000
0000
0000
0000
0000
39C0
3BE0
1E70
1C30
1830
3060
3060
3060
3060
30C0
60C0
60F0
6070
0000
0000
0C00
1E00
3F00
3300
0000
ENDCHAR
STARTCHAR LtCapOTildeAcute
ENCODING 7756
SWIDTH 467 0
DWIDTH 14 0
BBX 14 30 0 -7
BITMAP
0000
003C
0070
00E0
0000
03D8
06F0
0000
03E0
0FF0
0C30
1818
3818
3018
3018
6018
6030
6030
6070
6060
30C0
3FC0
1F00
0000
0000
0000
0000
0000
0000
0000
ENDCHAR
STARTCHAR LtSmlOTildeAcute
ENCODING 7757
SWIDTH 467 0
DWIDTH 14 0
BBX 14 30 0 -7
BITMAP
0000
003C
0070
00E0
0000
0398
07F8
0670
0000
0000
03C0
07E0
0E70
1C30
1830
3030
3030
3030
3060
30E0
39C0
1F80
0F00
0000
0000
0000
0000
0000
0000
0000
ENDCHAR
STARTCHAR LtCapOTildeDrss
ENCODING 7758
SWIDTH 467 0
DWIDTH 14 0
BBX 14 30 0 -7
BITMAP
0000
0330
0330
0000
03D8
06F0
0000
03E0
0FF0
0C30
1818
3818
3018
3018
6018
6018
6030
6030
6070
6060
30C0
3FC0
1F00
0000
0000
0000
0000
0000
0000
0000
ENDCHAR
STARTCHAR LtSmlOTildeDrss
ENCODING 7759
SWIDTH 467 0
DWIDTH 14 0
BBX 14 30 0 -7
BITMAP
0000
0330
0330
0330
0000
0398
07F8
0670
0000
0000
03C0
07E0
0E70
1C30
1830
3030
3030
3030
3060
30E0
39C0
1F80
0F00
0000
0000
0000
0000
0000
0000
0000
ENDCHAR
STARTCHAR LtCapOMacronGrave
ENCODING 7760
SWIDTH 467 0
DWIDTH 14 0
BBX 14 30 0 -7
BITMAP
0000
03C0
00E0
0070
0000
03F0
03F0
0000
03E0
0FF0
0C30
1818
3818
3018
3018
6018
6030
6030
6070
6060
30C0
3FC0
1F00
0000
0000
0000
0000
0000
0000
0000
ENDCHAR
STARTCHAR LtSmlOMacronGrave
ENCODING 7761
SWIDTH 467 0
DWIDTH 14 0
BBX 14 30 0 -7
BITMAP
0000
03C0
01C0
00E0
0060
0000
03F0
03F0
0000
0000
03C0
07E0
0E70
1C30
1830
3030
3030
3030
3060
30E0
39C0
1F80
0F00
0000
0000
0000
0000
0000
0000
0000
ENDCHAR
STARTCHAR LtCapOMacronAcute
ENCODING 7762
SWIDTH 467 0
DWIDTH 14 0
BBX 14 30 0 -7
BITMAP
0000
003C
0070
00E0
0000
03F8
03F8
0000
03E0
0FF0
0C30
1818
3818
3018
3018
6018
6030
6030
6070
6060
30C0
3FC0
1F00
0000
0000
0000
0000
0000
0000
0000
ENDCHAR
STARTCHAR LtSmlOMacronAcute
ENCODING 7763
SWIDTH 467 0
DWIDTH 14 0
BBX 14 30 0 -7
BITMAP
0000
0078
0070
00E0
01C0
0000
03F0
03F0
0000
0000
03C0
07E0
0E70
1C30
1830
3030
3030
3030
3060
30E0
39C0
1F80
0F00
0000
0000
0000
0000
0000
0000
0000
ENDCHAR
STARTCHAR LtCapPAcute
ENCODING 7764
SWIDTH 467 0
DWIDTH 14 0
BBX 14 30 0 -7
BITMAP
0000
0078
0070
00E0
01C0
0000
0FF0
0FF8
0C18
0C18
1818
1818
1838
1870
3FE0
3FC0
3000
3000
3000
6000
6000
6000
6000
0000
0000
0000
0000
0000
0000
0000
ENDCHAR
STARTCHAR LtSmlPAcute
ENCODING 7765
SWIDTH 467 0
DWIDTH 14 0
BBX 14 30 0 -7
BITMAP
0000
0000
0000
0000
00F0
00E0
01C0
0380
0000
0000
3BC0
3FE0
1C70
1830
1830
1830
3030
3030
3060
30E0
79C0
6F80
6600
6000
C000
C000
C000
C000
0000
0000
ENDCHAR
STARTCHAR LtCapPDot
ENCODING 7766
SWIDTH 467 0
DWIDTH 14 0
BBX 14 30 0 -7
BITMAP
0000
00C0
00C0
00C0
0000
0000
0FF0
0FF8
0C18
0C18
1818
1818
1838
1870
3FE0
3FC0
3000
3000
3000
6000
6000
6000
6000
0000
0000
0000
0000
0000
0000
0000
ENDCHAR
STARTCHAR LtSmlPDot
ENCODING 7767
SWIDTH 467 0
DWIDTH 14 0
BBX 14 30 0 -7
BITMAP
0000
0000
0000
0000
0000
0180
0180
0180
0000
0000
3BC0
3FE0
1C70
1830
1830
1830
3030
3030
3060
30E0
79C0
6F80
6600
6000
C000
C000
C000
C000
0000
0000
ENDCHAR
STARTCHAR LtCapRDot
ENCODING 7768
SWIDTH 467 0
DWIDTH 14 0
BBX 14 30 0 -7
BITMAP
0000
00C0
00C0
00C0
0000
0000
0FF0
0FF8
0C18
0C18
0C18
1818
1838
1FF0
1FE0
3300
3300
3180
3180
60C0
60C0
6060
6060
0000
0000
0000
0000
0000
0000
0000
ENDCHAR
STARTCHAR LtSmlRDot
ENCODING 7769
SWIDTH 467 0
DWIDTH 14 0
BBX 14 30 0 -7
BITMAP
0000
0000
0000
0000
0000
00C0
00C0
00C0
0000
0000
3CF0
3DF8
0F38
0E18
0C00
1800
1800
1800
1800
1800
3000
3000
3000
0000
0000
0000
0000
0000
0000
0000
ENDCHAR
STARTCHAR LtCapRLdot
ENCODING 7770
SWIDTH 467 0
DWIDTH 14 0
BBX 14 30 0 -7
BITMAP
0000
0000
0000
0000
0000
0000
0FF0
0FF8
0C18
0C18
0C18
1818
1838
1FF0
1FE0
3300
3300
3180
3180
60C0
60C0
6060
6060
0000
0000
0C00
0C00
0C00
0000
0000
ENDCHAR
STARTCHAR LtSmlRLdot
ENCODING 7771
SWIDTH 467 0
DWIDTH 14 0
BBX 14 30 0 -7
BITMAP
0000
0000
0000
0000
0000
0000
0000
0000
0000
0000
3CF0
3DF8
0F38
0E18
0C00
1800
1800
1800
1800
1800
3000
3000
3000
0000
0000
6000
6000
6000
0000
0000
ENDCHAR
STARTCHAR LtCapRMacronLdot
ENCODING 7772
SWIDTH 467 0
DWIDTH 14 0
BBX 14 30 0 -7
BITMAP
0000
0000
03F0
03F0
0000
0000
0FF0
0FF8
0C18
0C18
0C18
1818
1838
1FF0
1FE0
3300
3300
3180
3180
60C0
60C0
6060
6060
0000
0000
0C00
0C00
0C00
0000
0000
ENDCHAR
STARTCHAR LtSmlRMacronLdot
ENCODING 7773
SWIDTH 467 0
DWIDTH 14 0
BBX 14 30 0 -7
BITMAP
0000
0000
0000
0000
0000
0000
03F0
03F0
0000
0000
3CF0
3DF8
0F38
0E18
0C00
1800
1800
1800
1800
1800
3000
3000
3000
0000
0000
6000
6000
6000
0000
0000
ENDCHAR
STARTCHAR LtCapRLmacron
ENCODING 7774
SWIDTH 467 0
DWIDTH 14 0
BBX 14 30 0 -7
BITMAP
0000
0000
0000
0000
0000
0000
0FF0
0FF8
0C18
0C18
0C18
1818
1838
1FF0
1FE0
3300
3300
3180
3180
60C0
60C0
6060
6060
0000
0000
3F00
3F00
0000
0000
0000
ENDCHAR
STARTCHAR LtSmlRLmacron
ENCODING 7775
SWIDTH 467 0
DWIDTH 14 0
BBX 14 30 0 -7
BITMAP
0000
0000
0000
0000
0000
0000
0000
0000
0000
0000
3CF0
3DF8
0F38
0E18
0C00
1800
1800
1800
1800
1800
3000
3000
3000
0000
0000
3F00
3F00
0000
0000
0000
ENDCHAR
STARTCHAR LtCapSDot
ENCODING 7776
SWIDTH 467 0
DWIDTH 14 0
BBX 14 30 0 -7
BITMAP
0000
0060
0060
0060
0000
0000
03F8
07FC
0E0C
0C0C
0C00
0E00
0600
0700
0380
01C0
00C0
00E0
0060
6060
60E0
7FC0
3F80
0000
0000
0000
0000
0000
0000
0000
ENDCHAR
STARTCHAR LtSmlSDot
ENCODING 7777
SWIDTH 467 0
DWIDTH 14 0
BBX 14 30 0 -7
BITMAP
0000
0000
0000
0000
0000
00C0
00C0
00C0
0000
0000
07E0
0FF0
1C30
1830
1C00
0E00
0780
01C0
00E0
6060
60E0
3FC0
1F80
0000
0000
0000
0000
0000
0000
0000
ENDCHAR
STARTCHAR LtCapSLdot
ENCODING 7778
SWIDTH 467 0
DWIDTH 14 0
BBX 14 30 0 -7
BITMAP
0000
0000
0000
0000
0000
0000
03F8
07FC
0E0C
0C0C
0C00
0E00
0600
0700
0380
01C0
00C0
00E0
0060
6060
60E0
7FC0
3F80
0000
0000
0C00
0C00
0C00
0000
0000
ENDCHAR
STARTCHAR LtSmlSLdot
ENCODING 7779
SWIDTH 467 0
DWIDTH 14 0
BBX 14 30 0 -7
BITMAP
0000
0000
0000
0000
0000
0000
0000
0000
0000
0000
07E0
0FF0
1C30
1830
1C00
0E00
0780
01C0
00E0
6060
60E0
3FC0
1F80
0000
0000
0C00
0C00
0C00
0000
0000
ENDCHAR
STARTCHAR LtCapSAcuteDot
ENCODING 7780
SWIDTH 467 0
DWIDTH 14 0
BBX 14 30 0 -7
BITMAP
0000
00C0
00CC
001C
0038
0070
0000
03F8
07FC
0E0C
0C0C
0C00
0E00
0600
0780
03C0
00C0
00E0
0060
6060
60E0
7FC0
3F80
0000
0000
0000
0000
0000
0000
0000
ENDCHAR
STARTCHAR LtSmlSAcuteDot
ENCODING 7781
SWIDTH 467 0
DWIDTH 14 0
BBX 14 30 0 -7
BITMAP
0000
00C0
00C0
00C0
0000
00F8
01E0
0380
0000
0000
07E0
0FF0
1C30
1830
1C00
0E00
0780
01C0
00E0
6060
60E0
3FC0
1F80
0000
0000
0000
0000
0000
0000
0000
ENDCHAR
STARTCHAR LtCapSCaronDot
ENCODING 7782
SWIDTH 467 0
DWIDTH 14 0
BBX 14 30 0 -7
BITMAP
0000
0060
036C
0198
00F0
0060
0000
03F8
07FC
0E0C
0C0C
0C00
0E00
0600
0780
03C0
00C0
00E0
0060
6060
60E0
7FC0
3F80
0000
0000
0000
0000
0000
0000
0000
ENDCHAR
STARTCHAR LtSmlSCaronDot
ENCODING 7783
SWIDTH 467 0
DWIDTH 14 0
BBX 14 30 0 -7
BITMAP
0000
00C0
00C0
00C0
0000
0330
03F0
01E0
00C0
0000
07E0
0FF0
1C30
1830
1C00
0E00
0780
01C0
00E0
6060
60E0
3FC0
1F80
0000
0000
0000
0000
0000
0000
0000
ENDCHAR
STARTCHAR LtCapSDotLdot
ENCODING 7784
SWIDTH 467 0
DWIDTH 14 0
BBX 14 30 0 -7
BITMAP
0000
0060
0060
0060
0000
0000
03F8
07FC
0E0C
0C0C
0C00
0E00
0600
0700
0380
01C0
00C0
00E0
0060
6060
60E0
7FC0
3F80
0000
0000
0C00
0C00
0C00
0000
0000
ENDCHAR
STARTCHAR LtSmlSDotLdot
ENCODING 7785
SWIDTH 467 0
DWIDTH 14 0
BBX 14 30 0 -7
BITMAP
0000
0000
0000
0000
0000
00C0
00C0
00C0
0000
0000
07E0
0FF0
1C30
1830
1C00
0E00
0780
01C0
00E0
6060
60E0
3FC0
1F80
0000
0000
0C00
0C00
0C00
0000
0000
ENDCHAR
STARTCHAR LtCapTDot
ENCODING 7786
SWIDTH 467 0
DWIDTH 14 0
BBX 14 30 0 -7
BITMAP
0000
0060
0060
0060
0000
0000
0FFC
0FFC
00C0
00C0
00C0
0180
0180
0180
0180
0300
0300
0300
0300
0600
0600
0600
0600
0000
0000
0000
0000
0000
0000
0000
ENDCHAR
STARTCHAR LtSmlTDot
ENCODING 7787
SWIDTH 467 0
DWIDTH 14 0
BBX 14 30 0 -7
BITMAP
0000
0000
0180
0180
0180
0000
0100
0300
0300
0300
1FF0
1FF0
0600
0600
0600
0C00
0C00
0C00
1800
1800
1CC0
0FC0
0780
0000
0000
0000
0000
0000
0000
0000
ENDCHAR
STARTCHAR LtCapTLdot
ENCODING 7788
SWIDTH 467 0
DWIDTH 14 0
BBX 14 30 0 -7
BITMAP
0000
0000
0000
0000
0000
0000
0FFC
0FFC
00C0
00C0
00C0
0180
0180
0180
0180
0300
0300
0300
0300
0600
0600
0600
0600
0000
0000
0C00
0C00
0C00
0000
0000
ENDCHAR
STARTCHAR LtSmlTLdot
ENCODING 7789
SWIDTH 467 0
DWIDTH 14 0
BBX 14 30 0 -7
BITMAP
0000
0000
0000
0000
0000
0000
0100
0300
0300
0300
1FF0
1FF0
0600
0600
0600
0C00
0C00
0C00
1800
1800
1CC0
0FC0
0780
0000
0000
0C00
0C00
0C00
0000
0000
ENDCHAR
STARTCHAR LtCapTLmacron
ENCODING 7790
SWIDTH 467 0
DWIDTH 14 0
BBX 14 30 0 -7
BITMAP
0000
0000
0000
0000
0000
0000
0FFC
0FFC
00C0
00C0
00C0
0180
0180
0180
0180
0300
0300
0300
0300
0600
0600
0600
0600
0000
0000
3F00
3F00
0000
0000
0000
ENDCHAR
STARTCHAR LtSmlTLmacron
ENCODING 7791
SWIDTH 467 0
DWIDTH 14 0
BBX 14 30 0 -7
BITMAP
0000
0000
0000
0000
0000
0000
0100
0300
0300
0300
1FF0
1FF0
0600
0600
0600
0C00
0C00
0C00
1800
1800
1CC0
0FC0
0780
0000
0000
1F80
1F80
0000
0000
0000
ENDCHAR
STARTCHAR LtCapTLcircum
ENCODING 7792
SWIDTH 467 0
DWIDTH 14 0
BBX 14 30 0 -7
BITMAP
0000
0000
0000
0000
0000
0000
0FFC
0FFC
00C0
00C0
00C0
0180
0180
0180
0180
0300
0300
0300
0300
0600
0600
0600
0600
0000
0000
0C00
1E00
3F00
3300
0000
ENDCHAR
STARTCHAR LtSmlTLcircum
ENCODING 7793
SWIDTH 467 0
DWIDTH 14 0
BBX 14 30 0 -7
BITMAP
0000
0000
0000
0000
0000
0000
0100
0300
0300
0300
1FF0
1FF0
0600
0600
0600
0C00
0C00
0C00
1800
1800
1CC0
0FC0
0780
0000
0000
0600
0F00
1F80
1980
0000
ENDCHAR
STARTCHAR LtCapULdrss
ENCODING 7794
SWIDTH 467 0
DWIDTH 14 0
BBX 14 30 0 -7
BITMAP
0000
0000
0000
0000
0000
0000
0C0C
0C0C
0C0C
0C0C
1818
1818
1818
1818
1818
3030
3030
3030
3030
3060
38E0
1FC0
0F80
0000
0000
3300
3300
3300
0000
0000
ENDCHAR
STARTCHAR LtSmlULdrss
ENCODING 7795
SWIDTH 467 0
DWIDTH 14 0
BBX 14 30 0 -7
BITMAP
0000
0000
0000
0000
0000
0000
0000
0000
0000
0000
1C18
1C18
0C18
1818
1830
1830
1830
3060
3060
30E0
39E0
1F70
0E30
0000
0000
3300
3300
3300
0000
0000
ENDCHAR
STARTCHAR LtCapULtilde
ENCODING 7796
SWIDTH 467 0
DWIDTH 14 0
BBX 14 30 0 -7
BITMAP
0000
0000
0000
0000
0000
0000
0C0C
0C0C
0C0C
0C0C
1818
1818
1818
1818
1818
3030
3030
3030
3030
3060
38E0
1FC0
0F80
0000
0000
1CC0
3FC0
3380
0000
0000
ENDCHAR
STARTCHAR LtSmlULtilde
ENCODING 7797
SWIDTH 467 0
DWIDTH 14 0
BBX 14 30 0 -7
BITMAP
0000
0000
0000
0000
0000
0000
0000
0000
0000
0000
1C18
1C18
0C18
1818
1830
1830
1830
3060
3060
30E0
39E0
1F70
0E30
0000
0000
1CC0
3FC0
3380
0000
0000
ENDCHAR
STARTCHAR LtCapULcircum
ENCODING 7798
SWIDTH 467 0
DWIDTH 14 0
BBX 14 30 0 -7
BITMAP
0000
0000
0000
0000
0000
0000
0C0C
0C0C
0C0C
0C0C
1818
1818
1818
1818
1818
3030
3030
3030
3030
3060
38E0
1FC0
0F80
0000
0000
0C00
1E00
3F00
3300
0000
ENDCHAR
STARTCHAR LtSmlULcircum
ENCODING 7799
SWIDTH 467 0
DWIDTH 14 0
BBX 14 30 0 -7
BITMAP
0000
0000
0000
0000
0000
0000
0000
0000
0000
0000
1C18
1C18
0C18
1818
1830
1830
1830
3060
3060
30E0
39E0
1F70
0E30
0000
0000
0600
0F00
1F80
1980
0000
ENDCHAR
STARTCHAR LtCapUTildeAcute
ENCODING 7800
SWIDTH 467 0
DWIDTH 14 0
BBX 14 30 0 -7
BITMAP
0000
003C
0070
00E0
0000
03D8
06F0
0000
0C0C
0C0C
0C0C
0C0C
1818
1818
1818
1818
3030
3030
3030
3060
38E0
1FC0
0F80
0000
0000
0000
0000
0000
0000
0000
ENDCHAR
STARTCHAR LtSmlUTildeAcute
ENCODING 7801
SWIDTH 467 0
DWIDTH 14 0
BBX 14 30 0 -7
BITMAP
0000
003C
0070
00E0
0000
0398
07F8
0670
0000
0000
1C18
1C18
0C18
1818
1830
1830
1830
3060
3060
30E0
39E0
1F70
0E30
0000
0000
0000
0000
0000
0000
0000
ENDCHAR
STARTCHAR LtCapUMacronDrss
ENCODING 7802
SWIDTH 467 0
DWIDTH 14 0
BBX 14 30 0 -7
BITMAP
0000
0330
0330
0000
03F0
03F0
0000
0C0C
0C0C
0C0C
0C0C
1818
1818
1818
1818
3030
3030
3030
3030
3060
38E0
1FC0
0F80
0000
0000
0000
0000
0000
0000
0000
ENDCHAR
STARTCHAR LtSmlUMacronDrss
ENCODING 7803
SWIDTH 467 0
DWIDTH 14 0
BBX 14 30 0 -7
BITMAP
0000
0000
0330
0330
0330
0000
03F0
03F0
0000
0000
1C18
1C18
0C18
1818
1830
1830
1830
3060
3060
30E0
39E0
1F70
0E30
0000
0000
0000
0000
0000
0000
0000
ENDCHAR
STARTCHAR LtCapVTilde
ENCODING 7804
SWIDTH 467 0
DWIDTH 14 0
BBX 14 30 0 -7
BITMAP
0000
0000
0398
07F8
0670
0000
180C
180C
180C
1818
1818
0C30
0C30
0C60
0C60
0CC0
0CC0
0D80
0780
0700
0700
0600
0600
0000
0000
0000
0000
0000
0000
0000
ENDCHAR
STARTCHAR LtSmlVTilde
ENCODING 7805
SWIDTH 467 0
DWIDTH 14 0
BBX 14 30 0 -7
BITMAP
0000
0000
0000
0000
0000
0730
0FF0
0CE0
0000
0000
3030
3038
1818
1818
1818
0C30
0C30
0C60
0CE0
0DC0
0F80
0F00
0E00
0000
0000
0000
0000
0000
0000
0000
ENDCHAR
STARTCHAR LtCapVLdot
ENCODING 7806
SWIDTH 467 0
DWIDTH 14 0
BBX 14 30 0 -7
BITMAP
0000
0000
0000
0000
0000
0000
180C
180C
180C
1818
1818
0C30
0C30
0C60
0C60
0CC0
0CC0
0D80
0780
0700
0700
0600
0600
0000
0000
0C00
0C00
0C00
0000
0000
ENDCHAR
STARTCHAR LtSmlVLdot
ENCODING 7807
SWIDTH 467 0
DWIDTH 14 0
BBX 14 30 0 -7
BITMAP
0000
0000
0000
0000
0000
0000
0000
0000
0000
0000
3030
3038
1818
1818
1818
0C30
0C30
0C60
0CE0
0DC0
0F80
0F00
0E00
0000
0000
0C00
0C00
0C00
0000
0000
ENDCHAR
STARTCHAR LtCapWGrave
ENCODING 7808
SWIDTH 467 0
DWIDTH 14 0
BBX 14 30 0 -7
BITMAP
0000
0780
0380
01C0
00C0
0000
180C
180C
180C
1818
1998
1998
3398
33B0
37B0
35B0
3CF0
38E0
78E0
70E0
70C0
60C0
60C0
0000
0000
0000
0000
0000
0000
0000
ENDCHAR
STARTCHAR LtSmlWGrave
ENCODING 7809
SWIDTH 467 0
DWIDTH 14 0
BBX 14 30 0 -7
BITMAP
0000
0000
0000
0000
0F00
0700
0380
0180
0000
0000
6018
701C
300C
318C
318C
3398
3398
3698
36B0
3CF0
38E0
30C0
20C0
0000
0000
0000
0000
0000
0000
0000
ENDCHAR
STARTCHAR LtCapWAcute
ENCODING 7810
SWIDTH 467 0
DWIDTH 14 0
BBX 14 30 0 -7
BITMAP
0000
0078
0070
00E0
01C0
0000
180C
180C
180C
1818
1998
1998
3398
33B0
37B0
35B0
3CF0
38E0
78E0
70E0
70C0
60C0
60C0
0000
0000
0000
0000
0000
0000
0000
ENDCHAR
STARTCHAR LtSmlWAcute
ENCODING 7811
SWIDTH 467 0
DWIDTH 14 0
BBX 14 30 0 -7
BITMAP
0000
0000
0000
0000
00F0
00E0
01C0
0380
0000
0000
6018
701C
300C
318C
318C
3398
3398
3698
36B0
3CF0
38E0
30C0
20C0
0000
0000
0000
0000
0000
0000
0000
ENDCHAR
STARTCHAR LtCapWDrss
ENCODING 7812
SWIDTH 467 0
DWIDTH 14 0
BBX 14 30 0 -7
BITMAP
0000
0330
0330
0330
0000
0000
180C
180C
180C
1818
1998
1998
3398
33B0
37B0
35B0
3CF0
38E0
78E0
70E0
70C0
60C0
60C0
0000
0000
0000
0000
0000
0000
0000
ENDCHAR
STARTCHAR LtSmlWDrss
ENCODING 7813
SWIDTH 467 0
DWIDTH 14 0
BBX 14 30 0 -7
BITMAP
0000
0000
0000
0000
0000
0660
0660
0660
0000
0000
6018
701C
300C
318C
318C
3398
3398
3698
36B0
3CF0
38E0
30C0
20C0
0000
0000
0000
0000
0000
0000
0000
ENDCHAR
STARTCHAR LtCapWDot
ENCODING 7814
SWIDTH 467 0
DWIDTH 14 0
BBX 14 30 0 -7
BITMAP
0000
00C0
00C0
00C0
0000
0000
180C
180C
180C
1818
1998
1998
3398
33B0
37B0
35B0
3CF0
38E0
78E0
70E0
70C0
60C0
60C0
0000
0000
0000
0000
0000
0000
0000
ENDCHAR
STARTCHAR LtSmlWDot
ENCODING 7815
SWIDTH 467 0
DWIDTH 14 0
BBX 14 30 0 -7
BITMAP
0000
0000
0000
0000
0000
0180
0180
0180
0000
0000
6018
701C
300C
318C
318C
3398
3398
3698
36B0
3CF0
38E0
30C0
20C0
0000
0000
0000
0000
0000
0000
0000
ENDCHAR
STARTCHAR LtCapWLdot
ENCODING 7816
SWIDTH 467 0
DWIDTH 14 0
BBX 14 30 0 -7
BITMAP
0000
0000
0000
0000
0000
0000
180C
180C
180C
1818
1998
1998
3398
33B0
37B0
35B0
3CF0
38E0
78E0
70E0
70C0
60C0
60C0
0000
0000
0C00
0C00
0C00
0000
0000
ENDCHAR
STARTCHAR LtSmlWLdot
ENCODING 7817
SWIDTH 467 0
DWIDTH 14 0
BBX 14 30 0 -7
BITMAP
0000
0000
0000
0000
0000
0000
0000
0000
0000
0000
6018
701C
300C
318C
318C
3398
3398
3698
36B0
3CF0
38E0
30C0
20C0
0000
0000
0C00
0C00
0C00
0000
0000
ENDCHAR
STARTCHAR LtCapXDot
ENCODING 7818
SWIDTH 467 0
DWIDTH 14 0
BBX 14 30 0 -7
BITMAP
0000
00C0
00C0
00C0
0000
0000
0C0C
0C1C
0C18
0630
0630
0660
03C0
03C0
0380
0780
0780
0CC0
18C0
18C0
3060
7060
6060
0000
0000
0000
0000
0000
0000
0000
ENDCHAR
STARTCHAR LtSmlXDot
ENCODING 7819
SWIDTH 467 0
DWIDTH 14 0
BBX 14 30 0 -7
BITMAP
0000
0000
0000
0000
0000
0180
0180
0180
0000
0000
1C38
1E38
0670
0360
03C0
0380
0300
0700
0F00
1B00
3B80
71E0
70E0
0000
0000
0000
0000
0000
0000
0000
ENDCHAR
STARTCHAR LtCapXDrss
ENCODING 7820
SWIDTH 467 0
DWIDTH 14 0
BBX 14 30 0 -7
BITMAP
0000
0330
0330
0330
0000
0000
0C0C
0C1C
0C18
0630
0630
0660
03C0
03C0
0380
0780
0780
0CC0
18C0
18C0
3060
7060
6060
0000
0000
0000
0000
0000
0000
0000
ENDCHAR
STARTCHAR LtSmlXDrss
ENCODING 7821
SWIDTH 467 0
DWIDTH 14 0
BBX 14 30 0 -7
BITMAP
0000
0000
0000
0000
0000
0330
0330
0330
0000
0000
1C38
1E38
0670
0360
03C0
0380
0300
0700
0F00
1B00
3B80
71E0
70E0
0000
0000
0000
0000
0000
0000
0000
ENDCHAR
STARTCHAR LtCapYDot
ENCODING 7822
SWIDTH 467 0
DWIDTH 14 0
BBX 14 30 0 -7
BITMAP
0000
00C0
00C0
00C0
0000
0000
0C0C
0C1C
0C18
0630
0630
0660
03C0
03C0
0380
0300
0300
0300
0300
0600
0600
0600
0600
0000
0000
0000
0000
0000
0000
0000
ENDCHAR
STARTCHAR LtSmlYDot
ENCODING 7823
SWIDTH 467 0
DWIDTH 14 0
BBX 14 30 0 -7
BITMAP
0000
0000
0000
0000
0000
00C0
00C0
00C0
0000
0000
1C18
1C18
0C18
1818
1830
1830
1830
3030
3060
30E0
39E0
1F60
0E60
00C0
00C0
61C0
7F80
7F00
0000
0000
ENDCHAR
STARTCHAR LtCapZCircum
ENCODING 7824
SWIDTH 467 0
DWIDTH 14 0
BBX 14 30 0 -7
BITMAP
0000
00C0
01E0
03F0
0330
0000
0FFC
0FFC
001C
0038
0070
0060
00C0
01C0
0380
0700
0600
0C00
1C00
3800
7000
7FE0
7FE0
0000
0000
0000
0000
0000
0000
0000
ENDCHAR
STARTCHAR LtSmlZCircum
ENCODING 7825
SWIDTH 467 0
DWIDTH 14 0
BBX 14 30 0 -7
BITMAP
0000
0000
0000
0000
0180
03C0
07E0
0660
0000
0000
0FF8
1FF8
1830
0060
00C0
0180
0300
0600
0C00
1800
3C30
7E70
63E0
01C0
0000
0000
0000
0000
0000
0000
ENDCHAR
STARTCHAR LtCapZLdot
ENCODING 7826
SWIDTH 467 0
DWIDTH 14 0
BBX 14 30 0 -7
BITMAP
0000
0000
0000
0000
0000
0000
0FFC
0FFC
001C
0038
0070
0060
00C0
01C0
0380
0700
0600
0C00
1C00
3800
7000
7FE0
7FE0
0000
0000
0C00
0C00
0C00
0000
0000
ENDCHAR
STARTCHAR LtSmlZLdot
ENCODING 7827
SWIDTH 467 0
DWIDTH 14 0
BBX 14 30 0 -7
BITMAP
0000
0000
0000
0000
0000
0000
0000
0000
0000
0000
0FF8
1FF8
1830
0060
00C0
0180
0300
0600
0C00
1800
3C30
7E70
63E0
01C0
0000
0C00
0C00
0C00
0000
0000
ENDCHAR
STARTCHAR LtCapZLmacron
ENCODING 7828
SWIDTH 467 0
DWIDTH 14 0
BBX 14 30 0 -7
BITMAP
0000
0000
0000
0000
0000
0000
0FFC
0FFC
001C
0038
0070
0060
00C0
01C0
0380
0700
0600
0C00
1C00
3800
7000
7FE0
7FE0
0000
0000
3F00
3F00
0000
0000
0000
ENDCHAR
STARTCHAR LtSmlZLmacron
ENCODING 7829
SWIDTH 467 0
DWIDTH 14 0
BBX 14 30 0 -7
BITMAP
0000
0000
0000
0000
0000
0000
0000
0000
0000
0000
0FF8
1FF8
1830
0060
00C0
0180
0300
0600
0C00
1800
3C30
7E70
63E0
01C0
0000
3F00
3F00
0000
0000
0000
ENDCHAR
STARTCHAR LtSmlHLmacron
ENCODING 7830
SWIDTH 467 0
DWIDTH 14 0
BBX 14 30 0 -7
BITMAP
0000
0000
0000
0000
0000
1C00
1C00
0C00
0C00
0C00
19C0
1BE0
1E70
1C30
1830
3060
3060
3060
3060
30C0
60C0
60F0
6070
0000
0000
3F00
3F00
0000
0000
0000
ENDCHAR
STARTCHAR LtSmlTDrss
ENCODING 7831
SWIDTH 467 0
DWIDTH 14 0
BBX 14 30 0 -7
BITMAP
0000
0000
0660
0660
0660
0000
0100
0300
0300
0300
1FF0
1FF0
0600
0600
0600
0C00
0C00
0C00
1800
1800
1CC0
0FC0
0780
0000
0000
0000
0000
0000
0000
0000
ENDCHAR
STARTCHAR LtSmlWRing
ENCODING 7832
SWIDTH 467 0
DWIDTH 14 0
BBX 14 30 0 -7
BITMAP
0000
0000
0000
0180
03C0
0660
0660
03C0
0180
0000
6018
701C
300C
318C
318C
3398
3398
3698
36B0
3CF0
38E0
30C0
20C0
0000
0000
0000
0000
0000
0000
0000
ENDCHAR
STARTCHAR LtSmlYRing
ENCODING 7833
SWIDTH 467 0
DWIDTH 14 0
BBX 14 30 0 -7
BITMAP
0000
0000
0000
00C0
01E0
0330
0330
01E0
00C0
0000
1C18
1C18
0C18
1818
1830
1830
1830
3030
3060
30E0
39E0
1F60
0E60
00C0
00C0
61C0
7F80
7F00
0000
0000
ENDCHAR
STARTCHAR LtSmlAHalfringr
ENCODING 7834
SWIDTH 467 0
DWIDTH 14 0
BBX 14 30 0 -7
BITMAP
0000
0000
0000
0018
001C
0006
0006
001C
0018
0000
0198
07D8
0E78
1C38
1830
3030
3030
3060
3060
30E0
39E0
1F70
0E30
0000
0000
0000
0000
0000
0000
0000
ENDCHAR
STARTCHAR LtSmlSLongDot
ENCODING 7835
SWIDTH 467 0
DWIDTH 14 0
BBX 14 30 0 -7
BITMAP
0000
0018
0018
0018
0000
007C
00FC
01CC
0180
0180
0180
0300
0F00
0F00
0300
0300
0300
0300
0600
0600
0600
0600
0C00
0C00
0C00
0C00
1800
1800
0000
0000
ENDCHAR
STARTCHAR LtCapSz
ENCODING 7838
SWIDTH 467 0
DWIDTH 14 0
BBX 14 30 0 -7
BITMAP
0000
0000
0000
0000
0000
0000
01FC
07FC
0E18
1830
1860
30C0
3180
31E0
31F0
6038
6018
6018
6018
C018
C630
C7E0
C3C0
0000
0000
0000
0000
0000
0000
0000
ENDCHAR
STARTCHAR LtSmlDel
ENCODING 7839
SWIDTH 467 0
DWIDTH 14 0
BBX 14 30 0 -7
BITMAP
0000
0000
0000
0000
0000
01F8
03FC
030C
0300
0180
00C0
07C0
0FE0
1C60
1830
3030
3030
3030
3060
30E0
39C0
1F80
0F00
0000
0000
0000
0000
0000
0000
0000
ENDCHAR
STARTCHAR LtCapALdot
ENCODING 7840
SWIDTH 467 0
DWIDTH 14 0
BBX 14 30 0 -7
BITMAP
0000
0000
0000
0000
0000
0000
00C0
00C0
01C0
01C0
03C0
0360
0660
0660
0C60
0C60
1FE0
1FE0
3030
3030
6030
6030
E030
0000
0000
0600
0600
0600
0000
0000
ENDCHAR
STARTCHAR LtSmlALdot
ENCODING 7841
SWIDTH 467 0
DWIDTH 14 0
BBX 14 30 0 -7
BITMAP
0000
0000
0000
0000
0000
0000
0000
0000
0000
0000
0198
07D8
0E78
1C38
1830
3030
3030
3060
3060
30E0
39E0
1F70
0E30
0000
0000
0C00
0C00
0C00
0000
0000
ENDCHAR
STARTCHAR LtCapAVhook
ENCODING 7842
SWIDTH 467 0
DWIDTH 14 0
BBX 14 30 0 -7
BITMAP
0000
00E0
00F0
0030
0060
0000
00C0
00C0
01C0
01C0
03C0
0360
0660
0660
0C60
0C60
1FE0
1FE0
3030
3030
6030
6030
E030
0000
0000
0000
0000
0000
0000
0000
ENDCHAR
STARTCHAR LtSmlAVhook
ENCODING 7843
SWIDTH 467 0
DWIDTH 14 0
BBX 14 30 0 -7
BITMAP
0000
0000
0000
0000
03C0
03E0
0060
00C0
0080
0000
0198
07D8
0E78
1C38
1830
3030
3030
3060
3060
30E0
39E0
1F70
0E30
0000
0000
0000
0000
0000
0000
0000
ENDCHAR
STARTCHAR LtCapACircumAcute
ENCODING 7844
SWIDTH 467 0
DWIDTH 14 0
BBX 14 30 0 -7
BITMAP
0000
000C
018C
03D8
0650
0000
00C0
00C0
01C0
01C0
03C0
0360
0660
0660
0C60
0C60
1FE0
1FE0
3030
3030
6030
6030
E030
0000
0000
0000
0000
0000
0000
0000
ENDCHAR
STARTCHAR LtSmlACircumAcute
ENCODING 7845
SWIDTH 467 0
DWIDTH 14 0
BBX 14 30 0 -7
BITMAP
0000
000E
000C
0018
00D0
01E0
03F0
0330
0000
0000
0198
07D8
0E78
1C38
1830
3030
3030
3060
3060
30E0
39E0
1F70
0E30
0000
0000
0000
0000
0000
0000
0000
ENDCHAR
STARTCHAR LtCapACircumGrave
ENCODING 7846
SWIDTH 467 0
DWIDTH 14 0
BBX 14 30 0 -7
BITMAP
0000
3800
18C0
0DE0
0530
0000
00C0
00C0
01C0
01C0
03C0
0360
0660
0660
0C60
0C60
1FE0
1FE0
3030
3030
6030
6030
E030
0000
0000
0000
0000
0000
0000
0000
ENDCHAR
STARTCHAR LtSmlACircumGrave
ENCODING 7847
SWIDTH 467 0
DWIDTH 14 0
BBX 14 30 0 -7
BITMAP
0000
1C00
0C00
0600
02C0
01E0
03F0
0330
0000
0000
0198
07D8
0E78
1C38
1830
3030
3030
3060
3060
30E0
39E0
1F70
0E30
0000
0000
0000
0000
0000
0000
0000
ENDCHAR
STARTCHAR LtCapACircumVhook
ENCODING 7848
SWIDTH 467 0
DWIDTH 14 0
BBX 14 30 0 -7
BITMAP
0000
0038
01BC
03CC
0658
0000
00C0
00C0
01C0
01C0
03C0
0360
0660
0660
0C60
0C60
1FE0
1FE0
3030
3030
6030
6030
E030
0000
0000
0000
0000
0000
0000
0000
ENDCHAR
STARTCHAR LtSmlACircumVhook
ENCODING 7849
SWIDTH 467 0
DWIDTH 14 0
BBX 14 30 0 -7
BITMAP
0000
001C
001E
0006
00CC
01E8
03F0
0330
0000
0000
0198
07D8
0E78
1C38
1830
3030
3030
3060
3060
30E0
39E0
1F70
0E30
0000
0000
0000
0000
0000
0000
0000
ENDCHAR
STARTCHAR LtCapACircumTilde
ENCODING 7850
SWIDTH 467 0
DWIDTH 14 0
BBX 14 30 0 -7
BITMAP
0000
01EC
0378
0000
00C0
01E0
0330
0000
00C0
01C0
01C0
03C0
0360
0660
0660
0C60
1FE0
1FE0
3030
3030
6030
6030
E030
0000
0000
0000
0000
0000
0000
0000
ENDCHAR
STARTCHAR LtSmlACircumTilde
ENCODING 7851
SWIDTH 467 0
DWIDTH 14 0
BBX 14 30 0 -7
BITMAP
0000
01EC
0378
0000
00C0
01E0
03F0
0330
0000
0000
0198
07D8
0E78
1C38
1830
3030
3030
3060
3060
30E0
39E0
1F70
0E30
0000
0000
0000
0000
0000
0000
0000
ENDCHAR
STARTCHAR LtCapACircumLdot
ENCODING 7852
SWIDTH 467 0
DWIDTH 14 0
BBX 14 30 0 -7
BITMAP
0000
00C0
01E0
03F0
0330
0000
00C0
00C0
01C0
01C0
03C0
0360
0660
0660
0C60
0C60
1FE0
1FE0
3030
3030
6030
6030
E030
0000
0000
0600
0600
0600
0000
0000
ENDCHAR
STARTCHAR LtSmlACircumLdot
ENCODING 7853
SWIDTH 467 0
DWIDTH 14 0
BBX 14 30 0 -7
BITMAP
0000
0000
0000
0000
00C0
01E0
03F0
0330
0000
0000
0198
07D8
0E78
1C38
1830
3030
3030
3060
3060
30E0
39E0
1F70
0E30
0000
0000
0C00
0C00
0C00
0000
0000
ENDCHAR
STARTCHAR LtCapABreveAcute
ENCODING 7854
SWIDTH 467 0
DWIDTH 14 0
BBX 14 30 0 -7
BITMAP
0000
0070
0060
04C8
0618
03F0
01E0
0000
00C0
01C0
01C0
03C0
0360
0660
0660
0C60
1FE0
1FE0
3030
3030
6030
6030
E030
0000
0000
0000
0000
0000
0000
0000
ENDCHAR
STARTCHAR LtSmlABreveAcute
ENCODING 7855
SWIDTH 467 0
DWIDTH 14 0
BBX 14 30 0 -7
BITMAP
0000
0070
0060
00C0
0488
0618
03F0
01E0
0000
0000
0198
07D8
0E78
1C38
1830
3030
3030
3060
3060
30E0
39E0
1F70
0E30
0000
0000
0000
0000
0000
0000
0000
ENDCHAR
STARTCHAR LtCapABreveGrave
ENCODING 7856
SWIDTH 467 0
DWIDTH 14 0
BBX 14 30 0 -7
BITMAP
0000
0380
0180
04C8
0618
03F0
01E0
0000
00C0
01C0
01C0
03C0
0360
0660
0660
0C60
1FE0
1FE0
3030
3030
6030
6030
E030
0000
0000
0000
0000
0000
0000
0000
ENDCHAR
STARTCHAR LtSmlABreveGrave
ENCODING 7857
SWIDTH 467 0
DWIDTH 14 0
BBX 14 30 0 -7
BITMAP
0000
0380
0180
00C0
0448
0618
03F0
01E0
0000
0000
0198
07D8
0E78
1C38
1830
3030
3030
3060
3060
30E0
39E0
1F70
0E30
0000
0000
0000
0000
0000
0000
0000
ENDCHAR
STARTCHAR LtCapABreveVhook
ENCODING 7858
SWIDTH 467 0
DWIDTH 14 0
BBX 14 30 0 -7
BITMAP
0000
01C0
01E0
0060
0658
03F0
01E0
0000
00C0
01C0
01C0
03C0
0360
0660
0660
0C60
1FE0
1FE0
3030
3030
6030
6030
E030
0000
0000
0000
0000
0000
0000
0000
ENDCHAR
STARTCHAR LtSmlABreveVhook
ENCODING 7859
SWIDTH 467 0
DWIDTH 14 0
BBX 14 30 0 -7
BITMAP
0000
01C0
01E0
0060
00C0
0618
03F0
01E0
0000
0000
0198
07D8
0E78
1C38
1830
3030
3030
3060
3060
30E0
39E0
1F70
0E30
0000
0000
0000
0000
0000
0000
0000
ENDCHAR
STARTCHAR LtCapABreveTilde
ENCODING 7860
SWIDTH 467 0
DWIDTH 14 0
BBX 14 30 0 -7
BITMAP
0000
03D8
06F0
0000
0618
03F0
01E0
0000
00C0
01C0
01C0
03C0
0360
0660
0660
0C60
1FE0
1FE0
3030
3030
6030
6030
E030
0000
0000
0000
0000
0000
0000
0000
ENDCHAR
STARTCHAR LtSmlABreveTilde
ENCODING 7861
SWIDTH 467 0
DWIDTH 14 0
BBX 14 30 0 -7
BITMAP
0000
0398
07F8
0670
0000
0618
03F0
01E0
0000
0000
0198
07D8
0E78
1C38
1830
3030
3030
3060
3060
30E0
39E0
1F70
0E30
0000
0000
0000
0000
0000
0000
0000
ENDCHAR
STARTCHAR LtCapABreveLdot
ENCODING 7862
SWIDTH 467 0
DWIDTH 14 0
BBX 14 30 0 -7
BITMAP
0000
0318
0318
01F0
00E0
0000
00C0
00C0
01C0
01C0
03C0
0360
0660
0660
0C60
0C60
1FE0
1FE0
3030
3030
6030
6030
E030
0000
0000
0C00
0C00
0C00
0000
0000
ENDCHAR
STARTCHAR LtSmlABreveLdot
ENCODING 7863
SWIDTH 467 0
DWIDTH 14 0
BBX 14 30 0 -7
BITMAP
0000
0000
0000
0000
0318
0318
01F0
00E0
0000
0000
0198
07D8
0E78
1C38
1830
3030
3030
3060
3060
30E0
39E0
1F70
0E30
0000
0000
0C00
0C00
0C00
0000
0000
ENDCHAR
STARTCHAR LtCapELdot
ENCODING 7864
SWIDTH 467 0
DWIDTH 14 0
BBX 14 30 0 -7
BITMAP
0000
0000
0000
0000
0000
0000
0FFC
0FFC
0C00
0C00
1800
1800
1800
1FE0
1FE0
3000
3000
3000
3000
6000
6000
7FE0
7FE0
0000
0000
0C00
0C00
0C00
0000
0000
ENDCHAR
STARTCHAR LtSmlELdot
ENCODING 7865
SWIDTH 467 0
DWIDTH 14 0
BBX 14 30 0 -7
BITMAP
0000
0000
0000
0000
0000
0000
0000
0000
0000
0000
01E0
07F0
0E30
1C18
1838
3FF0
3FE0
3000
3000
3000
3860
1FC0
0F80
0000
0000
0C00
0C00
0C00
0000
0000
ENDCHAR
STARTCHAR LtCapEVhook
ENCODING 7866
SWIDTH 467 0
DWIDTH 14 0
BBX 14 30 0 -7
BITMAP
0000
01C0
01E0
0060
00C0
0000
0FFC
0FFC
0C00
0C00
1800
1800
1800
1FE0
1FE0
3000
3000
3000
3000
6000
6000
7FE0
7FE0
0000
0000
0000
0000
0000
0000
0000
ENDCHAR
STARTCHAR LtSmlEVhook
ENCODING 7867
SWIDTH 467 0
DWIDTH 14 0
BBX 14 30 0 -7
BITMAP
0000
0000
0000
0000
03C0
03E0
0060
00C0
0080
0000
01E0
07F0
0E30
1C18
1838
3FF0
3FE0
3000
3000
3000
3860
1FC0
0F80
0000
0000
0000
0000
0000
0000
0000
ENDCHAR
STARTCHAR LtCapETilde
ENCODING 7868
SWIDTH 467 0
DWIDTH 14 0
BBX 14 30 0 -7
BITMAP
0000
0000
0398
07F8
0670
0000
0FFC
0FFC
0C00
0C00
1800
1800
1800
1FE0
1FE0
3000
3000
3000
3000
6000
6000
7FE0
7FE0
0000
0000
0000
0000
0000
0000
0000
ENDCHAR
STARTCHAR LtSmlETilde
ENCODING 7869
SWIDTH 467 0
DWIDTH 14 0
BBX 14 30 0 -7
BITMAP
0000
0000
0000
0000
0000
0398
07F8
0670
0000
0000
01E0
07F0
0E30
1C18
1838
3FF0
3FE0
3000
3000
3000
3860
1FC0
0F80
0000
0000
0000
0000
0000
0000
0000
ENDCHAR
STARTCHAR LtCapECircumAcute
ENCODING 7870
SWIDTH 467 0
DWIDTH 14 0
BBX 14 30 0 -7
BITMAP
0000
000C
018C
03D8
0650
0000
0FFC
0FFC
0C00
0C00
1800
1800
1800
1FE0
1FE0
3000
3000
3000
3000
6000
6000
7FE0
7FE0
0000
0000
0000
0000
0000
0000
0000
ENDCHAR
STARTCHAR LtSmlECircumAcute
ENCODING 7871
SWIDTH 467 0
DWIDTH 14 0
BBX 14 30 0 -7
BITMAP
0000
001C
0018
0030
01A0
03C0
07E0
0660
0000
0000
01E0
07F0
0E30
1C18
1838
3FF0
3FE0
3000
3000
3000
3860
1FC0
0F80
0000
0000
0000
0000
0000
0000
0000
ENDCHAR
STARTCHAR LtCapECircumGrave
ENCODING 7872
SWIDTH 467 0
DWIDTH 14 0
BBX 14 30 0 -7
BITMAP
0000
1C00
0C60
06F0
0298
0000
0FFC
0FFC
0C00
0C00
1800
1800
1800
1FE0
1FE0
3000
3000
3000
3000
6000
6000
7FE0
7FE0
0000
0000
0000
0000
0000
0000
0000
ENDCHAR
STARTCHAR LtSmlECircumGrave
ENCODING 7873
SWIDTH 467 0
DWIDTH 14 0
BBX 14 30 0 -7
BITMAP
0000
1C00
0C00
0600
02C0
01E0
03F0
0330
0000
0000
01E0
07F0
0E30
1C18
1838
3FF0
3FE0
3000
3000
3000
3860
1FC0
0F80
0000
0000
0000
0000
0000
0000
0000
ENDCHAR
STARTCHAR LtCapECircumVhook
ENCODING 7874
SWIDTH 467 0
DWIDTH 14 0
BBX 14 30 0 -7
BITMAP
0000
0038
01BC
03CC
0658
0000
0FFC
0FFC
0C00
0C00
1800
1800
1800
1FE0
1FE0
3000
3000
3000
3000
6000
6000
7FE0
7FE0
0000
0000
0000
0000
0000
0000
0000
ENDCHAR
STARTCHAR LtSmlECircumVhook
ENCODING 7875
SWIDTH 467 0
DWIDTH 14 0
BBX 14 30 0 -7
BITMAP
0000
0038
003C
000C
0198
03D0
07E0
0660
0000
0000
01E0
07F0
0E30
1C18
1838
3FF0
3FE0
3000
3000
3000
3860
1FC0
0F80
0000
0000
0000
0000
0000
0000
0000
ENDCHAR
STARTCHAR LtCapECircumTilde
ENCODING 7876
SWIDTH 467 0
DWIDTH 14 0
BBX 14 30 0 -7
BITMAP
0000
01EC
0378
0000
00C0
01E0
0330
0000
0FFC
0FFC
0C00
0C00
1800
1800
1FE0
1FE0
3000
3000
3000
6000
6000
7FE0
7FE0
0000
0000
0000
0000
0000
0000
0000
ENDCHAR
STARTCHAR LtSmlECircumTilde
ENCODING 7877
SWIDTH 467 0
DWIDTH 14 0
BBX 14 30 0 -7
BITMAP
0000
01EC
0378
0000
00C0
01E0
03F0
0330
0000
0000
01E0
07F0
0E30
1C18
1838
3FF0
3FE0
3000
3000
3000
3860
1FC0
0F80
0000
0000
0000
0000
0000
0000
0000
ENDCHAR
STARTCHAR LtCapECircumLdot
ENCODING 7878
SWIDTH 467 0
DWIDTH 14 0
BBX 14 30 0 -7
BITMAP
0000
00C0
01E0
03F0
0330
0000
0FFC
0FFC
0C00
0C00
1800
1800
1800
1FE0
1FE0
3000
3000
3000
3000
6000
6000
7FE0
7FE0
0000
0000
0C00
0C00
0C00
0000
0000
ENDCHAR
STARTCHAR LtSmlECircumLdot
ENCODING 7879
SWIDTH 467 0
DWIDTH 14 0
BBX 14 30 0 -7
BITMAP
0000
0000
0000
0000
00C0
01E0
03F0
0330
0000
0000
01E0
07F0
0E30
1C18
1838
3FF0
3FE0
3000
3000
3000
3860
1FC0
0F80
0000
0000
0C00
0C00
0C00
0000
0000
ENDCHAR
STARTCHAR LtCapIVhook
ENCODING 7880
SWIDTH 467 0
DWIDTH 14 0
BBX 14 30 0 -7
BITMAP
0000
00E0
00F0
0030
0060
0000
07F8
07F8
00C0
00C0
00C0
0180
0180
0180
0180
0300
0300
0300
0300
0600
0600
3FC0
3FC0
0000
0000
0000
0000
0000
0000
0000
ENDCHAR
STARTCHAR LtSmlIVhook
ENCODING 7881
SWIDTH 467 0
DWIDTH 14 0
BBX 14 30 0 -7
BITMAP
0000
0000
0000
0000
0780
07C0
00C0
0180
0100
0000
0F80
0F80
0180
0300
0300
0300
0600
0600
0600
0C00
0C60
0FE0
07C0
0000
0000
0000
0000
0000
0000
0000
ENDCHAR
STARTCHAR LtCapILdot
ENCODING 7882
SWIDTH 467 0
DWIDTH 14 0
BBX 14 30 0 -7
BITMAP
0000
0000
0000
0000
0000
0000
07F8
07F8
00C0
00C0
00C0
0180
0180
0180
0180
0300
0300
0300
0300
0600
0600
3FC0
3FC0
0000
0000
0C00
0C00
0C00
0000
0000
ENDCHAR
STARTCHAR LtSmlILdot
ENCODING 7883
SWIDTH 467 0
DWIDTH 14 0
BBX 14 30 0 -7
BITMAP
0000
0000
0000
0000
0000
00C0
00C0
00C0
0000
0000
0F80
0F80
0180
0300
0300
0300
0600
0600
0600
0C00
0C60
0FE0
07C0
0000
0000
0600
0600
0600
0000
0000
ENDCHAR
STARTCHAR LtCapOLdot
ENCODING 7884
SWIDTH 467 0
DWIDTH 14 0
BBX 14 30 0 -7
BITMAP
0000
0000
0000
0000
0000
0000
03E0
0FF0
0C30
1818
3818
3018
3018
6018
6018
6018
6030
6030
6070
6060
30C0
3FC0
1F00
0000
0000
0C00
0C00
0C00
0000
0000
ENDCHAR
STARTCHAR LtSmlOLdot
ENCODING 7885
SWIDTH 467 0
DWIDTH 14 0
BBX 14 30 0 -7
BITMAP
0000
0000
0000
0000
0000
0000
0000
0000
0000
0000
03C0
07E0
0E70
1C30
1830
3030
3030
3030
3060
30E0
39C0
1F80
0F00
0000
0000
0C00
0C00
0C00
0000
0000
ENDCHAR
STARTCHAR LtCapOVhook
ENCODING 7886
SWIDTH 467 0
DWIDTH 14 0
BBX 14 30 0 -7
BITMAP
0000
01C0
01E0
0060
00C0
0000
03E0
0FF0
0C30
1818
3818
3018
3018
6018
6018
6018
6030
6030
6070
6060
30C0
3FC0
1F00
0000
0000
0000
0000
0000
0000
0000
ENDCHAR
STARTCHAR LtSmlOVhook
ENCODING 7887
SWIDTH 467 0
DWIDTH 14 0
BBX 14 30 0 -7
BITMAP
0000
0000
0000
0000
03C0
03E0
0060
00C0
0080
0000
03C0
07E0
0E70
1C30
1830
3030
3030
3030
3060
30E0
39C0
1F80
0F00
0000
0000
0000
0000
0000
0000
0000
ENDCHAR
STARTCHAR LtCapOCircumAcute
ENCODING 7888
SWIDTH 467 0
DWIDTH 14 0
BBX 14 30 0 -7
BITMAP
0000
000C
018C
03D8
0650
0000
03E0
0FF0
0C30
1818
3818
3018
3018
6018
6018
6018
6030
6030
6070
6060
30C0
3FC0
1F00
0000
0000
0000
0000
0000
0000
0000
ENDCHAR
STARTCHAR LtSmlOCircumAcute
ENCODING 7889
SWIDTH 467 0
DWIDTH 14 0
BBX 14 30 0 -7
BITMAP
0000
001C
0018
0030
01A0
03C0
07E0
0660
0000
0000
03C0
07E0
0E70
1C30
1830
3030
3030
3030
3060
30E0
39C0
1F80
0F00
0000
0000
0000
0000
0000
0000
0000
ENDCHAR
STARTCHAR LtCapOCircumGrave
ENCODING 7890
SWIDTH 467 0
DWIDTH 14 0
BBX 14 30 0 -7
BITMAP
0000
3800
18C0
0DE0
0530
0000
03E0
0FF0
0C30
1818
3818
3018
3018
6018
6018
6018
6030
6030
6070
6060
30C0
3FC0
1F00
0000
0000
0000
0000
0000
0000
0000
ENDCHAR
STARTCHAR LtSmlOCircumGrave
ENCODING 7891
SWIDTH 467 0
DWIDTH 14 0
BBX 14 30 0 -7
BITMAP
0000
1C00
0C00
0600
02C0
01E0
03F0
0330
0000
0000
03C0
07E0
0E70
1C30
1830
3030
3030
3030
3060
30E0
39C0
1F80
0F00
0000
0000
0000
0000
0000
0000
0000
ENDCHAR
STARTCHAR LtCapOCircumVhook
ENCODING 7892
SWIDTH 467 0
DWIDTH 14 0
BBX 14 30 0 -7
BITMAP
0000
0038
01BC
03CC
0658
0000
03E0
0FF0
0C30
1818
3818
3018
3018
6018
6018
6018
6030
6030
6070
6060
30C0
3FC0
1F00
0000
0000
0000
0000
0000
0000
0000
ENDCHAR
STARTCHAR LtSmlOCircumVhook
ENCODING 7893
SWIDTH 467 0
DWIDTH 14 0
BBX 14 30 0 -7
BITMAP
0000
0038
003C
000C
0198
03D0
07E0
0660
0000
0000
03C0
07E0
0E70
1C30
1830
3030
3030
3030
3060
30E0
39C0
1F80
0F00
0000
0000
0000
0000
0000
0000
0000
ENDCHAR
STARTCHAR LtCapOCircumTilde
ENCODING 7894
SWIDTH 467 0
DWIDTH 14 0
BBX 14 30 0 -7
BITMAP
0000
01EC
0378
0000
00C0
01E0
0330
0000
03E0
0FF0
0C30
1818
3818
3018
3018
6018
6030
6030
6070
6060
30C0
3FC0
1F00
0000
0000
0000
0000
0000
0000
0000
ENDCHAR
STARTCHAR LtSmlOCircumTilde
ENCODING 7895
SWIDTH 467 0
DWIDTH 14 0
BBX 14 30 0 -7
BITMAP
0000
03D8
06F0
0000
0180
03C0
07E0
0660
0000
0000
03C0
07E0
0E70
1C30
1830
3030
3030
3030
3060
30E0
39C0
1F80
0F00
0000
0000
0000
0000
0000
0000
0000
ENDCHAR
STARTCHAR LtCapOCircumLdot
ENCODING 7896
SWIDTH 467 0
DWIDTH 14 0
BBX 14 30 0 -7
BITMAP
0000
00C0
01E0
03F0
0330
0000
03E0
0FF0
0C30
1818
3818
3018
3018
6018
6018
6018
6030
6030
6070
6060
30C0
3FC0
1F00
0000
0000
0C00
0C00
0C00
0000
0000
ENDCHAR
STARTCHAR LtSmlOCircumLdot
ENCODING 7897
SWIDTH 467 0
DWIDTH 14 0
BBX 14 30 0 -7
BITMAP
0000
0000
0000
0000
0180
03C0
07E0
0660
0000
0000
03C0
07E0
0E70
1C30
1830
3030
3030
3030
3060
30E0
39C0
1F80
0F00
0000
0000
0C00
0C00
0C00
0000
0000
ENDCHAR
STARTCHAR LtCapOHornAcute
ENCODING 7898
SWIDTH 467 0
DWIDTH 14 0
BBX 14 30 0 -7
BITMAP
0000
00F0
00E0
01C0
0380
000C
03CC
0FEC
0C7C
1838
3830
3030
3030
6030
6030
6030
6060
6060
60E0
60C0
3180
3F80
1F00
0000
0000
0000
0000
0000
0000
0000
ENDCHAR
STARTCHAR LtSmlOHornAcute
ENCODING 7899
SWIDTH 467 0
DWIDTH 14 0
BBX 14 30 0 -7
BITMAP
0000
0000
0000
0000
00F0
00E0
01C0
0380
0000
000C
078C
0FCC
1CFC
3878
3060
6060
6060
6060
60C0
61C0
7380
3F00
1E00
0000
0000
0000
0000
0000
0000
0000
ENDCHAR
STARTCHAR LtCapOHornGrave
ENCODING 7900
SWIDTH 467 0
DWIDTH 14 0
BBX 14 30 0 -7
BITMAP
0000
0780
0380
01C0
00C0
000C
03CC
0FEC
0C7C
1838
3830
3030
3030
6030
6030
6030
6060
6060
60E0
60C0
3180
3F80
1F00
0000
0000
0000
0000
0000
0000
0000
ENDCHAR
STARTCHAR LtSmlOHornGrave
ENCODING 7901
SWIDTH 467 0
DWIDTH 14 0
BBX 14 30 0 -7
BITMAP
0000
0000
0000
0000
0F00
0700
0380
0180
0000
000C
078C
0FCC
1CFC
3878
3060
6060
6060
6060
60C0
61C0
7380
3F00
1E00
0000
0000
0000
0000
0000
0000
0000
ENDCHAR
STARTCHAR LtCapOHornVhook
ENCODING 7902
SWIDTH 467 0
DWIDTH 14 0
BBX 14 30 0 -7
BITMAP
0000
0380
03C0
00C0
0180
000C
03CC
0FEC
0C7C
1838
3830
3030
3030
6030
6030
6030
6060
6060
60E0
60C0
3180
3F80
1F00
0000
0000
0000
0000
0000
0000
0000
ENDCHAR
STARTCHAR LtSmlOHornVhook
ENCODING 7903
SWIDTH 467 0
DWIDTH 14 0
BBX 14 30 0 -7
BITMAP
0000
0000
0000
0000
0780
07C0
00C0
0180
0100
000C
078C
0FCC
1CFC
3878
3060
6060
6060
6060
60C0
61C0
7380
3F00
1E00
0000
0000
0000
0000
0000
0000
0000
ENDCHAR
STARTCHAR LtCapOHornTilde
ENCODING 7904
SWIDTH 467 0
DWIDTH 14 0
BBX 14 30 0 -7
BITMAP
0000
0000
0730
0FF0
0CE0
000C
03CC
0FEC
0C7C
1838
3830
3030
3030
6030
6030
6030
6060
6060
60E0
60C0
3180
3F80
1F00
0000
0000
0000
0000
0000
0000
0000
ENDCHAR
STARTCHAR LtSmlOHornTilde
ENCODING 7905
SWIDTH 467 0
DWIDTH 14 0
BBX 14 30 0 -7
BITMAP
0000
0000
0000
0000
0000
0E60
1FE0
19C0
0000
000C
078C
0FCC
1CFC
3878
3060
6060
6060
6060
60C0
61C0
7380
3F00
1E00
0000
0000
0000
0000
0000
0000
0000
ENDCHAR
STARTCHAR LtCapOHornLdot
ENCODING 7906
SWIDTH 467 0
DWIDTH 14 0
BBX 14 30 0 -7
BITMAP
0000
0000
0000
0000
0000
000C
03CC
0FEC
0C7C
1838
3830
3030
3030
6030
6030
6030
6060
6060
60E0
60C0
3180
3F80
1F00
0000
0000
0C00
0C00
0C00
0000
0000
ENDCHAR
STARTCHAR LtSmlOHornLdot
ENCODING 7907
SWIDTH 467 0
DWIDTH 14 0
BBX 14 30 0 -7
BITMAP
0000
0000
0000
0000
0000
0000
0000
0000
0000
000C
078C
0FCC
1CFC
3878
3060
6060
6060
6060
60C0
61C0
7380
3F00
1E00
0000
0000
1800
1800
1800
0000
0000
ENDCHAR
STARTCHAR LtCapULdot
ENCODING 7908
SWIDTH 467 0
DWIDTH 14 0
BBX 14 30 0 -7
BITMAP
0000
0000
0000
0000
0000
0000
0C0C
0C0C
0C0C
0C0C
1818
1818
1818
1818
1818
3030
3030
3030
3030
3060
38E0
1FC0
0F80
0000
0000
0C00
0C00
0C00
0000
0000
ENDCHAR
STARTCHAR LtSmlULdot
ENCODING 7909
SWIDTH 467 0
DWIDTH 14 0
BBX 14 30 0 -7
BITMAP
0000
0000
0000
0000
0000
0000
0000
0000
0000
0000
1C18
1C18
0C18
1818
1830
1830
1830
3060
3060
30E0
39E0
1F70
0E30
0000
0000
0C00
0C00
0C00
0000
0000
ENDCHAR
STARTCHAR LtCapUVhook
ENCODING 7910
SWIDTH 467 0
DWIDTH 14 0
BBX 14 30 0 -7
BITMAP
0000
01C0
01E0
0060
00C0
0000
0C0C
0C0C
0C0C
0C0C
1818
1818
1818
1818
1818
3030
3030
3030
3030
3060
38E0
1FC0
0F80
0000
0000
0000
0000
0000
0000
0000
ENDCHAR
STARTCHAR LtSmlUVhook
ENCODING 7911
SWIDTH 467 0
DWIDTH 14 0
BBX 14 30 0 -7
BITMAP
0000
0000
0000
0000
03C0
03E0
0060
00C0
0080
0000
1C18
1C18
0C18
1818
1830
1830
1830
3060
3060
30E0
39E0
1F70
0E30
0000
0000
0000
0000
0000
0000
0000
ENDCHAR
STARTCHAR LtCapUHornAcute
ENCODING 7912
SWIDTH 467 0
DWIDTH 14 0
BBX 14 30 0 -7
BITMAP
0000
01E0
01C0
0380
0700
000C
306C
306C
307C
3078
60C0
60C0
60C0
60C0
60C0
60C0
C180
C180
C180
C180
C300
7F00
3C00
0000
0000
0000
0000
0000
0000
0000
ENDCHAR
STARTCHAR LtSmlUHornAcute
ENCODING 7913
SWIDTH 467 0
DWIDTH 14 0
BBX 14 30 0 -7
BITMAP
0000
0000
0000
0000
01E0
01C0
0380
0700
0000
000C
706C
706C
307C
6078
60C0
60C0
60C0
C180
C180
C380
E780
7DC0
38C0
0000
0000
0000
0000
0000
0000
0000
ENDCHAR
STARTCHAR LtCapUHornGrave
ENCODING 7914
SWIDTH 467 0
DWIDTH 14 0
BBX 14 30 0 -7
BITMAP
0000
0F00
0700
0380
0180
000C
306C
306C
307C
3078
60C0
60C0
60C0
60C0
60C0
60C0
C180
C180
C180
C180
C300
7F00
3C00
0000
0000
0000
0000
0000
0000
0000
ENDCHAR
STARTCHAR LtSmlUHornGrave
ENCODING 7915
SWIDTH 467 0
DWIDTH 14 0
BBX 14 30 0 -7
BITMAP
0000
0000
0000
0000
1E00
0E00
0700
0300
0000
000C
706C
706C
307C
6078
60C0
60C0
60C0
C180
C180
C380
E780
7DC0
38C0
0000
0000
0000
0000
0000
0000
0000
ENDCHAR
STARTCHAR LtCapUHornVhook
ENCODING 7916
SWIDTH 467 0
DWIDTH 14 0
BBX 14 30 0 -7
BITMAP
0000
0700
0780
0180
0300
000C
306C
306C
307C
3078
60C0
60C0
60C0
60C0
60C0
60C0
C180
C180
C180
C180
C300
7F00
3C00
0000
0000
0000
0000
0000
0000
0000
ENDCHAR
STARTCHAR LtSmlUHornVhook
ENCODING 7917
SWIDTH 467 0
DWIDTH 14 0
BBX 14 30 0 -7
BITMAP
0000
0000
0000
0000
0F00
0F80
0180
0300
0200
000C
706C
706C
307C
6078
60C0
60C0
60C0
C180
C180
C380
E780
7DC0
38C0
0000
0000
0000
0000
0000
0000
0000
ENDCHAR
STARTCHAR LtCapUHornTilde
ENCODING 7918
SWIDTH 467 0
DWIDTH 14 0
BBX 14 30 0 -7
BITMAP
0000
0000
0E60
1FE0
19C0
000C
306C
306C
307C
3078
60C0
60C0
60C0
60C0
60C0
60C0
C180
C180
C180
C180
C300
7F00
3C00
0000
0000
0000
0000
0000
0000
0000
ENDCHAR
STARTCHAR LtSmlUHornTilde
ENCODING 7919
SWIDTH 467 0
DWIDTH 14 0
BBX 14 30 0 -7
BITMAP
0000
0000
0000
0000
0000
0E60
1FE0
19C0
0000
000C
706C
706C
307C
6078
60C0
60C0
60C0
C180
C180
C380
E780
7DC0
38C0
0000
0000
0000
0000
0000
0000
0000
ENDCHAR
STARTCHAR LtCapUHornLdot
ENCODING 7920
SWIDTH 467 0
DWIDTH 14 0
BBX 14 30 0 -7
BITMAP
0000
0000
0000
0000
0000
000C
306C
306C
307C
3078
60C0
60C0
60C0
60C0
60C0
60C0
C180
C180
C180
C180
C300
7F00
3C00
0000
0000
1800
1800
1800
0000
0000
ENDCHAR
STARTCHAR LtSmlUHornLdot
ENCODING 7921
SWIDTH 467 0
DWIDTH 14 0
BBX 14 30 0 -7
BITMAP
0000
0000
0000
0000
0000
0000
0000
0000
0000
000C
706C
706C
307C
6078
60C0
60C0
60C0
C180
C180
C380
E780
7DC0
38C0
0000
0000
1800
1800
1800
0000
0000
ENDCHAR
STARTCHAR LtCapYGrave
ENCODING 7922
SWIDTH 467 0
DWIDTH 14 0
BBX 14 30 0 -7
BITMAP
0000
03C0
01C0
00E0
0060
0000
0C0C
0C1C
0C18
0630
0630
0660
03C0
03C0
0380
0300
0300
0300
0300
0600
0600
0600
0600
0000
0000
0000
0000
0000
0000
0000
ENDCHAR
STARTCHAR LtSmlYGrave
ENCODING 7923
SWIDTH 467 0
DWIDTH 14 0
BBX 14 30 0 -7
BITMAP
0000
0000
0000
0000
0780
0380
01C0
00C0
0000
0000
1C18
1C18
0C18
1818
1830
1830
1830
3030
3060
30E0
39E0
1F60
0E60
00C0
00C0
61C0
7F80
7F00
0000
0000
ENDCHAR
STARTCHAR LtCapYLdot
ENCODING 7924
SWIDTH 467 0
DWIDTH 14 0
BBX 14 30 0 -7
BITMAP
0000
0000
0000
0000
0000
0000
0C0C
0C1C
0C18
0630
0630
0660
03C0
03C0
0380
0300
0300
0300
0300
0600
0600
0600
0600
0000
0000
0C00
0C00
0C00
0000
0000
ENDCHAR
STARTCHAR LtSmlYLdot
ENCODING 7925
SWIDTH 467 0
DWIDTH 14 0
BBX 14 30 0 -7
BITMAP
0000
0000
0000
0000
0000
0000
0000
0000
0000
0000
1C18
1C18
0C18
1818
1830
1830
1830
3030
3060
30E0
39E0
1F60
0EC0
00C0
0180
63B0
7F30
7E30
0000
0000
ENDCHAR
STARTCHAR LtCapYVhook
ENCODING 7926
SWIDTH 467 0
DWIDTH 14 0
BBX 14 30 0 -7
BITMAP
0000
01C0
01E0
0060
00C0
0000
0C0C
0C1C
0C18
0630
0630
0660
03C0
03C0
0380
0300
0300
0300
0300
0600
0600
0600
0600
0000
0000
0000
0000
0000
0000
0000
ENDCHAR
STARTCHAR LtSmlYVhook
ENCODING 7927
SWIDTH 467 0
DWIDTH 14 0
BBX 14 30 0 -7
BITMAP
0000
0000
0000
0000
03C0
03E0
0060
00C0
0080
0000
1C18
1C18
0C18
1818
1830
1830
1830
3030
3060
30E0
39E0
1F60
0E60
00C0
00C0
61C0
7F80
7F00
0000
0000
ENDCHAR
STARTCHAR LtCapYTilde
ENCODING 7928
SWIDTH 467 0
DWIDTH 14 0
BBX 14 30 0 -7
BITMAP
0000
0000
0398
07F8
0670
0000
0C0C
0C1C
0C18
0630
0630
0660
03C0
03C0
0380
0300
0300
0300
0300
0600
0600
0600
0600
0000
0000
0000
0000
0000
0000
0000
ENDCHAR
STARTCHAR LtSmlYTilde
ENCODING 7929
SWIDTH 467 0
DWIDTH 14 0
BBX 14 30 0 -7
BITMAP
0000
0000
0000
0000
0000
0398
07F8
0670
0000
0000
1C18
1C18
0C18
1818
1830
1830
1830
3030
3060
30E0
39E0
1F60
0E60
00C0
00C0
61C0
7F80
7F00
0000
0000
ENDCHAR
STARTCHAR GkSmlAlpPs
ENCODING 7936
SWIDTH 467 0
DWIDTH 14 0
BBX 14 30 0 -7
BITMAP
0000
0000
0000
0300
0380
0180
0300
0600
0000
0000
0618
0F18
1F38
39B0
31E0
60E0
60C0
60C0
61C0
63E0
7760
3E38
1C38
0000
0000
0000
0000
0000
0000
0000
ENDCHAR
STARTCHAR GkSmlAlpDa
ENCODING 7937
SWIDTH 467 0
DWIDTH 14 0
BBX 14 30 0 -7
BITMAP
0000
0000
0000
00C0
01C0
0300
0300
0180
0000
0000
0618
0F18
1F38
39B0
31E0
60E0
60C0
60C0
61C0
63E0
7760
3E38
1C38
0000
0000
0000
0000
0000
0000
0000
ENDCHAR
STARTCHAR GkSmlAlpPsVar
ENCODING 7938
SWIDTH 467 0
DWIDTH 14 0
BBX 14 30 0 -7
BITMAP
0000
0000
0000
0CC0
0EC0
0660
0C60
1820
0000
0000
0618
0F18
1F38
39B0
31E0
60E0
60C0
60C0
61C0
63E0
7760
3E38
1C38
0000
0000
0000
0000
0000
0000
0000
ENDCHAR
STARTCHAR GkSmlAlpDaVar
ENCODING 7939
SWIDTH 467 0
DWIDTH 14 0
BBX 14 30 0 -7
BITMAP
0000
0000
0000
0360
0760
0C30
0C30
0610
0000
0000
0618
0F18
1F38
39B0
31E0
60E0
60C0
60C0
61C0
63E0
7760
3E38
1C38
0000
0000
0000
0000
0000
0000
0000
ENDCHAR
STARTCHAR GkSmlAlpPsOxi
ENCODING 7940
SWIDTH 467 0
DWIDTH 14 0
BBX 14 30 0 -7
BITMAP
0000
0000
0000
0618
0738
0330
0660
0C40
0000
0000
0618
0F18
1F38
39B0
31E0
60E0
60C0
60C0
61C0
63E0
7760
3E38
1C38
0000
0000
0000
0000
0000
0000
0000
ENDCHAR
STARTCHAR GkSmlAlpDaOxi
ENCODING 7941
SWIDTH 467 0
DWIDTH 14 0
BBX 14 30 0 -7
BITMAP
0000
0000
0000
0660
0EE0
18C0
1980
0D00
0000
0000
0618
0F18
1F38
39B0
31E0
60E0
60C0
60C0
61C0
63E0
7760
3E38
1C38
0000
0000
0000
0000
0000
0000
0000
ENDCHAR
STARTCHAR GkSmlAlpPsPer
ENCODING 7942
SWIDTH 467 0
DWIDTH 14 0
BBX 14 30 0 -7
BITMAP
0000
0000
07C0
0FE0
1830
0300
0180
0300
0600
0000
0618
0F18
1F38
39B0
31E0
60E0
60C0
60C0
61C0
63E0
7760
3E38
1C38
0000
0000
0000
0000
0000
0000
0000
ENDCHAR
STARTCHAR GkSmlAlpDaPer
ENCODING 7943
SWIDTH 467 0
DWIDTH 14 0
BBX 14 30 0 -7
BITMAP
0000
0000
07C0
0FE0
1830
0380
0600
0600
0300
0000
0618
0F18
1F38
39B0
31E0
60E0
60C0
60C0
61C0
63E0
7760
3E38
1C38
0000
0000
0000
0000
0000
0000
0000
ENDCHAR
STARTCHAR GkCapAlpPs
ENCODING 7944
SWIDTH 467 0
DWIDTH 14 0
BBX 14 30 0 -7
BITMAP
0000
0000
0000
0000
0000
3000
38C0
18C0
31C0
61C0
03C0
0360
0660
0660
0C60
0C60
1FE0
1FE0
3030
3030
6030
6030
E030
0000
0000
0000
0000
0000
0000
0000
ENDCHAR
STARTCHAR GkCapAlpDa
ENCODING 7945
SWIDTH 467 0
DWIDTH 14 0
BBX 14 30 0 -7
BITMAP
0000
0000
0000
0000
0000
1800
38C0
60C0
61C0
31C0
03C0
0360
0660
0660
0C60
0C60
1FE0
1FE0
3030
3030
6030
6030
E030
0000
0000
0000
0000
0000
0000
0000
ENDCHAR
STARTCHAR GkCapAlpPsVar
ENCODING 7946
SWIDTH 467 0
DWIDTH 14 0
BBX 14 30 0 -7
BITMAP
0000
0000
0000
0000
0000
D800
D8C0
6CC0
6DC0
C5C0
03C0
0360
0660
0660
0C60
0C60
1FE0
1FE0
3030
3030
6030
6030
E030
0000
0000
0000
0000
0000
0000
0000
ENDCHAR
STARTCHAR GkCapAlpDaVar
ENCODING 7947
SWIDTH 467 0
DWIDTH 14 0
BBX 14 30 0 -7
BITMAP
0000
0000
0000
0000
0000
7800
D8C0
CCC0
CDC0
65C0
03C0
0360
0660
0660
0C60
0C60
1FE0
1FE0
3030
3030
6030
6030
E030
0000
0000
0000
0000
0000
0000
0000
ENDCHAR
STARTCHAR GkCapAlpPsOxi
ENCODING 7948
SWIDTH 467 0
DWIDTH 14 0
BBX 14 30 0 -7
BITMAP
0000
0000
0000
0000
0000
CE00
ECC0
68C0
59C0
D1C0
03C0
0360
0660
0660
0C60
0C60
1FE0
1FE0
3030
3030
6030
6030
E030
0000
0000
0000
0000
0000
0000
0000
ENDCHAR
STARTCHAR GkCapAlpDaOxi
ENCODING 7949
SWIDTH 467 0
DWIDTH 14 0
BBX 14 30 0 -7
BITMAP
0000
0000
0000
0000
0000
6E00
CCC0
D8C0
D9C0
71C0
03C0
0360
0660
0660
0C60
0C60
1FE0
1FE0
3030
3030
6030
6030
E030
0000
0000
0000
0000
0000
0000
0000
ENDCHAR
STARTCHAR GkCapAlpPsPer
ENCODING 7950
SWIDTH 467 0
DWIDTH 14 0
BBX 14 30 0 -7
BITMAP
0000
0000
0000
3000
7800
4800
00C0
60C0
71C0
31C0
33C0
6360
0660
0660
0C60
0C60
1FE0
1FE0
3030
3030
6030
6030
E030
0000
0000
0000
0000
0000
0000
0000
ENDCHAR
STARTCHAR GkCapAlpDaPer
ENCODING 7951
SWIDTH 467 0
DWIDTH 14 0
BBX 14 30 0 -7
BITMAP
0000
0000
0000
3000
7800
4800
00C0
30C0
71C0
61C0
63C0
3360
0660
0660
0C60
0C60
1FE0
1FE0
3030
3030
6030
6030
E030
0000
0000
0000
0000
0000
0000
0000
ENDCHAR
STARTCHAR GkSmlEpsPs
ENCODING 7952
SWIDTH 467 0
DWIDTH 14 0
BBX 14 30 0 -7
BITMAP
0000
0000
0000
00C0
00E0
0060
00C0
0180
0000
0000
03F0
07F8
0E18
0C00
0C00
0700
1F00
1800
3000
3000
3060
3FE0
1FC0
0000
0000
0000
0000
0000
0000
0000
ENDCHAR
STARTCHAR GkSmlEpsDa
ENCODING 7953
SWIDTH 467 0
DWIDTH 14 0
BBX 14 30 0 -7
BITMAP
0000
0000
0000
0060
00E0
0180
0180
00C0
0000
0000
03F0
07F8
0E18
0C00
0C00
0700
1F00
1800
3000
3000
3060
3FE0
1FC0
0000
0000
0000
0000
0000
0000
0000
ENDCHAR
STARTCHAR GkSmlEpsPsVar
ENCODING 7954
SWIDTH 467 0
DWIDTH 14 0
BBX 14 30 0 -7
BITMAP
0000
0000
0000
0330
03B0
0198
0318
0608
0000
0000
03F0
07F8
0E18
0C00
0C00
0700
1F00
1800
3000
3000
3060
3FE0
1FC0
0000
0000
0000
0000
0000
0000
0000
ENDCHAR
STARTCHAR GkSmlEpsDaVar
ENCODING 7955
SWIDTH 467 0
DWIDTH 14 0
BBX 14 30 0 -7
BITMAP
0000
0000
0000
01B0
03B0
0618
0618
0308
0000
0000
03F0
07F8
0E18
0C00
0C00
0700
1F00
1800
3000
3000
3060
3FE0
1FC0
0000
0000
0000
0000
0000
0000
0000
ENDCHAR
STARTCHAR GkSmlEpsPsOxi
ENCODING 7956
SWIDTH 467 0
DWIDTH 14 0
BBX 14 30 0 -7
BITMAP
0000
0000
0000
030C
039C
0198
0330
0620
0000
0000
03F0
07F8
0E18
0C00
0C00
0700
1F00
1800
3000
3000
3060
3FE0
1FC0
0000
0000
0000
0000
0000
0000
0000
ENDCHAR
STARTCHAR GkSmlEpsDaOxi
ENCODING 7957
SWIDTH 467 0
DWIDTH 14 0
BBX 14 30 0 -7
BITMAP
0000
0000
0000
00CC
01DC
0318
0330
01A0
0000
0000
03F0
07F8
0E18
0C00
0C00
0700
1F00
1800
3000
3000
3060
3FE0
1FC0
0000
0000
0000
0000
0000
0000
0000
ENDCHAR
STARTCHAR GkCapEpsPs
ENCODING 7960
SWIDTH 467 0
DWIDTH 14 0
BBX 14 30 0 -7
BITMAP
0000
0000
0000
0000
0000
6000
77FC
37FC
6600
C600
0C00
0C00
0C00
0FE0
0FE0
1800
1800
1800
1800
3000
3000
3FE0
3FE0
0000
0000
0000
0000
0000
0000
0000
ENDCHAR
STARTCHAR GkCapEpsDa
ENCODING 7961
SWIDTH 467 0
DWIDTH 14 0
BBX 14 30 0 -7
BITMAP
0000
0000
0000
0000
0000
3000
77FC
C7FC
C600
6600
0C00
0C00
0C00
0FE0
0FE0
1800
1800
1800
1800
3000
3000
3FE0
3FE0
0000
0000
0000
0000
0000
0000
0000
ENDCHAR
STARTCHAR GkCapEpsPsVar
ENCODING 7962
SWIDTH 467 0
DWIDTH 14 0
BBX 14 30 0 -7
BITMAP
0000
0000
0000
0000
0000
D000
D9FC
69FC
6D80
C580
0300
0300
0300
03F0
03F0
0600
0600
0600
0600
0C00
0C00
0FE0
0FE0
0000
0000
0000
0000
0000
0000
0000
ENDCHAR
STARTCHAR GkCapEpsDaVar
ENCODING 7963
SWIDTH 467 0
DWIDTH 14 0
BBX 14 30 0 -7
BITMAP
0000
0000
0000
0000
0000
7800
D9FC
CDFC
CD80
6580
0300
0300
0300
03F0
03F0
0600
0600
0600
0600
0C00
0C00
0FE0
0FE0
0000
0000
0000
0000
0000
0000
0000
ENDCHAR
STARTCHAR GkCapEpsPsOxi
ENCODING 7964
SWIDTH 467 0
DWIDTH 14 0
BBX 14 30 0 -7
BITMAP
0000
0000
0000
0000
0000
CE00
EDFC
69FC
5980
D180
0300
0300
0300
03F0
03F0
0600
0600
0600
0600
0C00
0C00
0FE0
0FE0
0000
0000
0000
0000
0000
0000
0000
ENDCHAR
STARTCHAR GkCapEpsDaOxi
ENCODING 7965
SWIDTH 467 0
DWIDTH 14 0
BBX 14 30 0 -7
BITMAP
0000
0000
0000
0000
0000
6E00
CDFC
D9FC
D980
7180
0300
0300
0300
03F0
03F0
0600
0600
0600
0600
0C00
0C00
0FE0
0FE0
0000
0000
0000
0000
0000
0000
0000
ENDCHAR
STARTCHAR GkSmlEtaPs
ENCODING 7968
SWIDTH 467 0
DWIDTH 14 0
BBX 14 30 0 -7
BITMAP
0000
0000
0000
0180
01C0
00C0
0180
0300
0000
0000
31C0
3BE0
1E70
1C30
1830
3060
3060
3060
3060
60C0
60C0
60C0
60C0
0180
0180
0180
0180
0180
0000
0000
ENDCHAR
STARTCHAR GkSmlEtaDa
ENCODING 7969
SWIDTH 467 0
DWIDTH 14 0
BBX 14 30 0 -7
BITMAP
0000
0000
0000
00C0
01C0
0300
0300
0180
0000
0000
31C0
3BE0
1E70
1C30
1830
3060
3060
3060
3060
60C0
60C0
60C0
60C0
0180
0180
0180
0180
0180
0000
0000
ENDCHAR
STARTCHAR GkSmlEtaPsVar
ENCODING 7970
SWIDTH 467 0
DWIDTH 14 0
BBX 14 30 0 -7
BITMAP
0000
0000
0000
0CC0
0EC0
0660
0C60
1820
0000
0000
31C0
3BE0
1E70
1C30
1830
3060
3060
3060
3060
60C0
60C0
60C0
60C0
0180
0180
0180
0180
0180
0000
0000
ENDCHAR
STARTCHAR GkSmlEtaDaVar
ENCODING 7971
SWIDTH 467 0
DWIDTH 14 0
BBX 14 30 0 -7
BITMAP
0000
0000
0000
0360
0760
0C30
0C30
0610
0000
0000
31C0
3BE0
1E70
1C30
1830
3060
3060
3060
3060
60C0
60C0
60C0
60C0
0180
0180
0180
0180
0180
0000
0000
ENDCHAR
STARTCHAR GkSmlEtaPsOxi
ENCODING 7972
SWIDTH 467 0
DWIDTH 14 0
BBX 14 30 0 -7
BITMAP
0000
0000
0000
0C30
0E70
0660
0CC0
1880
0000
0000
31C0
3BE0
1E70
1C30
1830
3060
3060
3060
3060
60C0
60C0
60C0
60C0
0180
0180
0180
0180
0180
0000
0000
ENDCHAR
STARTCHAR GkSmlEtaDaOxi
ENCODING 7973
SWIDTH 467 0
DWIDTH 14 0
BBX 14 30 0 -7
BITMAP
0000
0000
0000
0330
0770
0C60
0CC0
0680
0000
0000
31C0
3BE0
1E70
1C30
1830
3060
3060
3060
3060
60C0
60C0
60C0
60C0
0180
0180
0180
0180
0180
0000
0000
ENDCHAR
STARTCHAR GkSmlEtaPsPer
ENCODING 7974
SWIDTH 467 0
DWIDTH 14 0
BBX 14 30 0 -7
BITMAP
0000
0000
03E0
07F0
0C18
0180
00C0
0180
0300
0000
31C0
3BE0
1E70
1C30
1830
3060
3060
3060
3060
60C0
60C0
60C0
60C0
0180
0180
0180
0180
0180
0000
0000
ENDCHAR
STARTCHAR GkSmlEtaDaPer
ENCODING 7975
SWIDTH 467 0
DWIDTH 14 0
BBX 14 30 0 -7
BITMAP
0000
0000
07C0
0FE0
1830
0380
0600
0600
0300
0000
31C0
3BE0
1E70
1C30
1830
3060
3060
3060
3060
60C0
60C0
60C0
60C0
0180
0180
0180
0180
0180
0000
0000
ENDCHAR
STARTCHAR GkCapEtaPs
ENCODING 7976
SWIDTH 467 0
DWIDTH 14 0
BBX 14 30 0 -7
BITMAP
0000
0000
0000
0000
0000
6000
760C
360C
660C
C60C
0C18
0C18
0C18
0FF8
0FF8
1830
1830
1830
1830
3060
3060
3060
3060
0000
0000
0000
0000
0000
0000
0000
ENDCHAR
STARTCHAR GkCapEtaDa
ENCODING 7977
SWIDTH 467 0
DWIDTH 14 0
BBX 14 30 0 -7
BITMAP
0000
0000
0000
0000
0000
3000
760C
C60C
C60C
660C
0C18
0C18
0C18
0FF8
0FF8
1830
1830
1830
1830
3060
3060
3060
3060
0000
0000
0000
0000
0000
0000
0000
ENDCHAR
STARTCHAR GkCapEtaPsVar
ENCODING 7978
SWIDTH 467 0
DWIDTH 14 0
BBX 14 30 0 -7
BITMAP
0000
0000
0000
0000
0000
D000
D98C
698C
6D8C
C58C
0318
0318
0318
03F8
03F8
0630
0630
0630
0630
0C60
0C60
0C60
0C60
0000
0000
0000
0000
0000
0000
0000
ENDCHAR
STARTCHAR GkCapEtaDaVar
ENCODING 7979
SWIDTH 467 0
DWIDTH 14 0
BBX 14 30 0 -7
BITMAP
0000
0000
0000
0000
0000
7800
D98C
CD8C
CD8C
658C
0318
0318
0318
03F8
03F8
0630
0630
0630
0630
0C60
0C60
0C60
0C60
0000
0000
0000
0000
0000
0000
0000
ENDCHAR
STARTCHAR GkCapEtaPsOxi
ENCODING 7980
SWIDTH 467 0
DWIDTH 14 0
BBX 14 30 0 -7
BITMAP
0000
0000
0000
0000
0000
CE00
ED8C
698C
598C
D18C
0318
0318
0318
03F8
03F8
0630
0630
0630
0630
0C60
0C60
0C60
0C60
0000
0000
0000
0000
0000
0000
0000
ENDCHAR
STARTCHAR GkCapEtaDaOxi
ENCODING 7981
SWIDTH 467 0
DWIDTH 14 0
BBX 14 30 0 -7
BITMAP
0000
0000
0000
0000
0000
6E00
CD8C
D98C
D98C
718C
0318
0318
0318
03F8
03F8
0630
0630
0630
0630
0C60
0C60
0C60
0C60
0000
0000
0000
0000
0000
0000
0000
ENDCHAR
STARTCHAR GkCapEtaPsPer
ENCODING 7982
SWIDTH 467 0
DWIDTH 14 0
BBX 14 30 0 -7
BITMAP
0000
0000
0000
6000
F000
9000
030C
C30C
E30C
630C
6618
C618
0618
07F8
07F8
0C30
0C30
0C30
0C30
1860
1860
1860
1860
0000
0000
0000
0000
0000
0000
0000
ENDCHAR
STARTCHAR GkCapEtaDaPer
ENCODING 7983
SWIDTH 467 0
DWIDTH 14 0
BBX 14 30 0 -7
BITMAP
0000
0000
0000
6000
F000
9000
030C
630C
E30C
C30C
C618
6618
0618
07F8
07F8
0C30
0C30
0C30
0C30
1860
1860
1860
1860
0000
0000
0000
0000
0000
0000
0000
ENDCHAR
STARTCHAR GkSmlIotPs
ENCODING 7984
SWIDTH 467 0
DWIDTH 14 0
BBX 14 30 0 -7
BITMAP
0000
0000
0000
0180
01C0
00C0
0180
0300
0000
0000
0780
0780
0180
0300
0300
0600
0600
0600
0C00
0C00
0E60
07E0
03C0
0000
0000
0000
0000
0000
0000
0000
ENDCHAR
STARTCHAR GkSmlIotDa
ENCODING 7985
SWIDTH 467 0
DWIDTH 14 0
BBX 14 30 0 -7
BITMAP
0000
0000
0000
00C0
01C0
0300
0300
0180
0000
0000
0780
0780
0180
0300
0300
0600
0600
0600
0C00
0C00
0E60
07E0
03C0
0000
0000
0000
0000
0000
0000
0000
ENDCHAR
STARTCHAR GkSmlIotPsVar
ENCODING 7986
SWIDTH 467 0
DWIDTH 14 0
BBX 14 30 0 -7
BITMAP
0000
0000
0000
0CC0
0EC0
0660
0C60
1820
0000
0000
0780
0780
0180
0300
0300
0600
0600
0600
0C00
0C00
0E60
07E0
03C0
0000
0000
0000
0000
0000
0000
0000
ENDCHAR
STARTCHAR GkSmlIotDaVar
ENCODING 7987
SWIDTH 467 0
DWIDTH 14 0
BBX 14 30 0 -7
BITMAP
0000
0000
0000
0360
0760
0C30
0C30
0610
0000
0000
0780
0780
0180
0300
0300
0600
0600
0600
0C00
0C00
0E60
07E0
03C0
0000
0000
0000
0000
0000
0000
0000
ENDCHAR
STARTCHAR GkSmlIotPsOxi
ENCODING 7988
SWIDTH 467 0
DWIDTH 14 0
BBX 14 30 0 -7
BITMAP
0000
0000
0000
0C30
0E70
0660
0CC0
1880
0000
0000
0780
0780
0180
0300
0300
0600
0600
0600
0C00
0C00
0E60
07E0
03C0
0000
0000
0000
0000
0000
0000
0000
ENDCHAR
STARTCHAR GkSmlIotDaOxi
ENCODING 7989
SWIDTH 467 0
DWIDTH 14 0
BBX 14 30 0 -7
BITMAP
0000
0000
0000
0330
0770
0C60
0CC0
0680
0000
0000
0780
0780
0180
0300
0300
0600
0600
0600
0C00
0C00
0E60
07E0
03C0
0000
0000
0000
0000
0000
0000
0000
ENDCHAR
STARTCHAR GkSmlIotPsPer
ENCODING 7990
SWIDTH 467 0
DWIDTH 14 0
BBX 14 30 0 -7
BITMAP
0000
0000
03E0
07F0
0C18
0180
00C0
0180
0300
0000
0780
0780
0180
0300
0300
0600
0600
0600
0C00
0C00
0E60
07E0
03C0
0000
0000
0000
0000
0000
0000
0000
ENDCHAR
STARTCHAR GkSmlIotDaPer
ENCODING 7991
SWIDTH 467 0
DWIDTH 14 0
BBX 14 30 0 -7
BITMAP
0000
0000
03E0
07F0
0C18
01C0
0300
0300
0180
0000
0780
0780
0180
0300
0300
0600
0600
0600
0C00
0C00
0E60
07E0
03C0
0000
0000
0000
0000
0000
0000
0000
ENDCHAR
STARTCHAR GkCapIotPs
ENCODING 7992
SWIDTH 467 0
DWIDTH 14 0
BBX 14 30 0 -7
BITMAP
0000
0000
0000
0000
0000
6000
77F8
37F8
60C0
C0C0
00C0
0180
0180
0180
0180
0300
0300
0300
0300
0600
0600
3FC0
3FC0
0000
0000
0000
0000
0000
0000
0000
ENDCHAR
STARTCHAR GkCapIotDa
ENCODING 7993
SWIDTH 467 0
DWIDTH 14 0
BBX 14 30 0 -7
BITMAP
0000
0000
0000
0000
0000
3000
77F8
C7F8
C0C0
60C0
00C0
0180
0180
0180
0180
0300
0300
0300
0300
0600
0600
3FC0
3FC0
0000
0000
0000
0000
0000
0000
0000
ENDCHAR
STARTCHAR GkCapIotPsVar
ENCODING 7994
SWIDTH 467 0
DWIDTH 14 0
BBX 14 30 0 -7
BITMAP
0000
0000
0000
0000
0000
D800
D9F8
6DF8
6C60
C460
0060
00C0
00C0
00C0
00C0
0180
0180
0180
0180
0300
0300
0FC0
0FC0
0000
0000
0000
0000
0000
0000
0000
ENDCHAR
STARTCHAR GkCapIotDaVar
ENCODING 7995
SWIDTH 467 0
DWIDTH 14 0
BBX 14 30 0 -7
BITMAP
0000
0000
0000
0000
0000
7800
D9F8
CDF8
CC60
6460
0060
00C0
00C0
00C0
00C0
0180
0180
0180
0180
0300
0300
0FC0
0FC0
0000
0000
0000
0000
0000
0000
0000
ENDCHAR
STARTCHAR GkCapIotPsOxi
ENCODING 7996
SWIDTH 467 0
DWIDTH 14 0
BBX 14 30 0 -7
BITMAP
0000
0000
0000
0000
0000
CE00
EDF8
69F8
5860
D060
0060
00C0
00C0
00C0
00C0
0180
0180
0180
0180
0300
0300
0FC0
0FC0
0000
0000
0000
0000
0000
0000
0000
ENDCHAR
STARTCHAR GkCapIotDaOxi
ENCODING 7997
SWIDTH 467 0
DWIDTH 14 0
BBX 14 30 0 -7
BITMAP
0000
0000
0000
0000
0000
6E00
CDF8
D9F8
D860
7060
0060
00C0
00C0
00C0
00C0
0180
0180
0180
0180
0300
0300
0FC0
0FC0
0000
0000
0000
0000
0000
0000
0000
ENDCHAR
STARTCHAR GkCapIotPsPer
ENCODING 7998
SWIDTH 467 0
DWIDTH 14 0
BBX 14 30 0 -7
BITMAP
0000
0000
0000
6000
F000
9000
07F8
C7F8
E0C0
60C0
60C0
C180
0180
0180
0180
0300
0300
0300
0300
0600
0600
3FC0
3FC0
0000
0000
0000
0000
0000
0000
0000
ENDCHAR
STARTCHAR GkCapIotDaPer
ENCODING 7999
SWIDTH 467 0
DWIDTH 14 0
BBX 14 30 0 -7
BITMAP
0000
0000
0000
6000
F000
9000
07F8
67F8
E0C0
C0C0
C0C0
6180
0180
0180
0180
0300
0300
0300
0300
0600
0600
3FC0
3FC0
0000
0000
0000
0000
0000
0000
0000
ENDCHAR
STARTCHAR GkSmlOmiPs
ENCODING 8000
SWIDTH 467 0
DWIDTH 14 0
BBX 14 30 0 -7
BITMAP
0000
0000
0000
00C0
00E0
0060
00C0
0180
0000
0000
03C0
07E0
0E70
1C30
1830
3030
3030
3030
3060
30E0
39C0
1F80
0F00
0000
0000
0000
0000
0000
0000
0000
ENDCHAR
STARTCHAR GkSmlOmiDa
ENCODING 8001
SWIDTH 467 0
DWIDTH 14 0
BBX 14 30 0 -7
BITMAP
0000
0000
0000
0060
00E0
0180
0180
00C0
0000
0000
03C0
07E0
0E70
1C30
1830
3030
3030
3030
3060
30E0
39C0
1F80
0F00
0000
0000
0000
0000
0000
0000
0000
ENDCHAR
STARTCHAR GkSmlOmiPsVar
ENCODING 8002
SWIDTH 467 0
DWIDTH 14 0
BBX 14 30 0 -7
BITMAP
0000
0000
0000
0660
0760
0330
0630
0C10
0000
0000
03C0
07E0
0E70
1C30
1830
3030
3030
3030
3060
30E0
39C0
1F80
0F00
0000
0000
0000
0000
0000
0000
0000
ENDCHAR
STARTCHAR GkSmlOmiDaVar
ENCODING 8003
SWIDTH 467 0
DWIDTH 14 0
BBX 14 30 0 -7
BITMAP
0000
0000
0000
01B0
03B0
0618
0618
0308
0000
0000
03C0
07E0
0E70
1C30
1830
3030
3030
3030
3060
30E0
39C0
1F80
0F00
0000
0000
0000
0000
0000
0000
0000
ENDCHAR
STARTCHAR GkSmlOmiPsOxi
ENCODING 8004
SWIDTH 467 0
DWIDTH 14 0
BBX 14 30 0 -7
BITMAP
0000
0000
0000
0618
0738
0330
0660
0C40
0000
0000
03C0
07E0
0E70
1C30
1830
3030
3030
3030
3060
30E0
39C0
1F80
0F00
0000
0000
0000
0000
0000
0000
0000
ENDCHAR
STARTCHAR GkSmlOmiDaOxi
ENCODING 8005
SWIDTH 467 0
DWIDTH 14 0
BBX 14 30 0 -7
BITMAP
0000
0000
0000
0198
03B8
0630
0660
0340
0000
0000
03C0
07E0
0E70
1C30
1830
3030
3030
3030
3060
30E0
39C0
1F80
0F00
0000
0000
0000
0000
0000
0000
0000
ENDCHAR
STARTCHAR GkCapOmiPs
ENCODING 8008
SWIDTH 467 0
DWIDTH 14 0
BBX 14 30 0 -7
BITMAP
0000
0000
0000
0000
0000
6000
71E0
37F0
6630
CC18
1C18
1818
1818
3018
3018
3018
3030
3030
3070
3060
18C0
1FC0
0F00
0000
0000
0000
0000
0000
0000
0000
ENDCHAR
STARTCHAR GkCapOmiDa
ENCODING 8009
SWIDTH 467 0
DWIDTH 14 0
BBX 14 30 0 -7
BITMAP
0000
0000
0000
0000
0000
3000
71E0
C7F0
C630
6C18
1C18
1818
1818
3018
3018
3018
3030
3030
3070
3060
18C0
1FC0
0F00
0000
0000
0000
0000
0000
0000
0000
ENDCHAR
STARTCHAR GkCapOmiPsVar
ENCODING 8010
SWIDTH 467 0
DWIDTH 14 0
BBX 14 30 0 -7
BITMAP
0000
0000
0000
0000
0000
D000
D8E0
6BF0
6F30
C618
0E18
0C18
0C18
1818
1818
1818
1830
1830
1870
1860
0CC0
0FC0
0700
0000
0000
0000
0000
0000
0000
0000
ENDCHAR
STARTCHAR GkCapOmiDaVar
ENCODING 8011
SWIDTH 467 0
DWIDTH 14 0
BBX 14 30 0 -7
BITMAP
0000
0000
0000
0000
0000
7800
D8E0
CDF0
CF30
6618
0E18
0C18
0C18
1818
1818
1818
1830
1830
1870
1860
0CC0
0FC0
0700
0000
0000
0000
0000
0000
0000
0000
ENDCHAR
STARTCHAR GkCapOmiPsOxi
ENCODING 8012
SWIDTH 467 0
DWIDTH 14 0
BBX 14 30 0 -7
BITMAP
0000
0000
0000
0000
0000
CE00
ECE0
6BF0
5B30
D618
0E18
0C18
0C18
1818
1818
1818
1830
1830
1870
1860
0CC0
0FC0
0700
0000
0000
0000
0000
0000
0000
0000
ENDCHAR
STARTCHAR GkCapOmiDaOxi
ENCODING 8013
SWIDTH 467 0
DWIDTH 14 0
BBX 14 30 0 -7
BITMAP
0000
0000
0000
0000
0000
6E00
CCE0
DBF0
DB30
7618
0E18
0C18
0C18
1818
1818
1818
1830
1830
1870
1860
0CC0
0FC0
0700
0000
0000
0000
0000
0000
0000
0000
ENDCHAR
STARTCHAR GkSmlUpsPs
ENCODING 8016
SWIDTH 467 0
DWIDTH 14 0
BBX 14 30 0 -7
BITMAP
0000
0000
0000
0180
01C0
00C0
0180
0300
0000
0000
1830
1C30
0C30
0C30
1830
1830
1830
3060
3060
30E0
39C0
1F80
0E00
0000
0000
0000
0000
0000
0000
0000
ENDCHAR
STARTCHAR GkSmlUpsDa
ENCODING 8017
SWIDTH 467 0
DWIDTH 14 0
BBX 14 30 0 -7
BITMAP
0000
0000
0000
00C0
01C0
0300
0300
0180
0000
0000
1830
1C30
0C30
0C30
1830
1830
1830
3060
3060
30E0
39C0
1F80
0E00
0000
0000
0000
0000
0000
0000
0000
ENDCHAR
STARTCHAR GkSmlUpsPsVar
ENCODING 8018
SWIDTH 467 0
DWIDTH 14 0
BBX 14 30 0 -7
BITMAP
0000
0000
0000
0660
0760
0330
0630
0C10
0000
0000
1830
1C30
0C30
0C30
1830
1830
1830
3060
3060
30E0
39C0
1F80
0E00
0000
0000
0000
0000
0000
0000
0000
ENDCHAR
STARTCHAR GkSmlUpsDaVar
ENCODING 8019
SWIDTH 467 0
DWIDTH 14 0
BBX 14 30 0 -7
BITMAP
0000
0000
0000
0360
0760
0C30
0C30
0610
0000
0000
1830
1C30
0C30
0C30
1830
1830
1830
3060
3060
30E0
39C0
1F80
0E00
0000
0000
0000
0000
0000
0000
0000
ENDCHAR
STARTCHAR GkSmlUpsPsOxi
ENCODING 8020
SWIDTH 467 0
DWIDTH 14 0
BBX 14 30 0 -7
BITMAP
0000
0000
0000
0618
0738
0330
0660
0C40
0000
0000
1830
1C30
0C30
0C30
1830
1830
1830
3060
3060
30E0
39C0
1F80
0E00
0000
0000
0000
0000
0000
0000
0000
ENDCHAR
STARTCHAR GkSmlUpsDaOxi
ENCODING 8021
SWIDTH 467 0
DWIDTH 14 0
BBX 14 30 0 -7
BITMAP
0000
0000
0000
0198
03B8
0630
0660
0340
0000
0000
1830
1C30
0C30
0C30
1830
1830
1830
3060
3060
30E0
39C0
1F80
0E00
0000
0000
0000
0000
0000
0000
0000
ENDCHAR
STARTCHAR GkSmlUpsPsPer
ENCODING 8022
SWIDTH 467 0
DWIDTH 14 0
BBX 14 30 0 -7
BITMAP
0000
0000
03E0
07F0
0C18
0180
00C0
0180
0300
0000
1830
1C30
0C30
0C30
1830
1830
1830
3060
3060
30E0
39C0
1F80
0E00
0000
0000
0000
0000
0000
0000
0000
ENDCHAR
STARTCHAR GkSmlUpsDaPer
ENCODING 8023
SWIDTH 467 0
DWIDTH 14 0
BBX 14 30 0 -7
BITMAP
0000
0000
03E0
07F0
0C18
01C0
0300
0300
0180
0000
1830
1C30
0C30
0C30
1830
1830
1830
3060
3060
30E0
39C0
1F80
0E00
0000
0000
0000
0000
0000
0000
0000
ENDCHAR
STARTCHAR GkCapUpsDa
ENCODING 8025
SWIDTH 467 0
DWIDTH 14 0
BBX 14 30 0 -7
BITMAP
0000
0000
0000
0000
0000
3000
6C0C
CC1C
CC18
6630
0630
0660
03C0
03C0
0380
0300
0300
0300
0300
0600
0600
0600
0600
0000
0000
0000
0000
0000
0000
0000
ENDCHAR
STARTCHAR GkCapUpsDaVar
ENCODING 8027
SWIDTH 467 0
DWIDTH 14 0
BBX 14 30 0 -7
BITMAP
0000
0000
0000
0000
0000
7800
D98C
CD8C
CD98
6598
01B0
01B0
01E0
01E0
01C0
0180
0180
0180
0180
0300
0300
0300
0300
0000
0000
0000
0000
0000
0000
0000
ENDCHAR
STARTCHAR GkCapUpsDaOxi
ENCODING 8029
SWIDTH 467 0
DWIDTH 14 0
BBX 14 30 0 -7
BITMAP
0000
0000
0000
0000
0000
6E00
CD0C
DB0C
DB18
7318
01B0
01B0
01E0
01E0
01C0
0180
0180
0180
0180
0300
0300
0300
0300
0000
0000
0000
0000
0000
0000
0000
ENDCHAR
STARTCHAR GkCapUpsDaPer
ENCODING 8031
SWIDTH 467 0
DWIDTH 14 0
BBX 14 30 0 -7
BITMAP
0000
0000
0000
6000
F000
9000
0C0C
6C1C
EC18
C630
C630
6660
03C0
03C0
0380
0300
0300
0300
0300
0600
0600
0600
0600
0000
0000
0000
0000
0000
0000
0000
ENDCHAR
STARTCHAR GkSmlOmePs
ENCODING 8032
SWIDTH 467 0
DWIDTH 14 0
BBX 14 30 0 -7
BITMAP
0000
0000
0000
00C0
00E0
0060
00C0
0180
0000
0000
0C30
1C30
1818
3018
3018
6318
6318
6318
6318
6730
6F30
79E0
30C0
0000
0000
0000
0000
0000
0000
0000
ENDCHAR
STARTCHAR GkSmlOmeDa
ENCODING 8033
SWIDTH 467 0
DWIDTH 14 0
BBX 14 30 0 -7
BITMAP
0000
0000
0000
00C0
01C0
0300
0300
0180
0000
0000
0C30
1C30
1818
3018
3018
6318
6318
6318
6318
6730
6F30
79E0
30C0
0000
0000
0000
0000
0000
0000
0000
ENDCHAR
STARTCHAR GkSmlOmePsVar
ENCODING 8034
SWIDTH 467 0
DWIDTH 14 0
BBX 14 30 0 -7
BITMAP
0000
0000
0000
0660
0760
0330
0630
0C10
0000
0000
0C30
1C30
1818
3018
3018
6318
6318
6318
6318
6730
6F30
79E0
30C0
0000
0000
0000
0000
0000
0000
0000
ENDCHAR
STARTCHAR GkSmlOmeDaVar
ENCODING 8035
SWIDTH 467 0
DWIDTH 14 0
BBX 14 30 0 -7
BITMAP
0000
0000
0000
0360
0760
0C30
0C30
0610
0000
0000
0C30
1C30
1818
3018
3018
6318
6318
6318
6318
6730
6F30
79E0
30C0
0000
0000
0000
0000
0000
0000
0000
ENDCHAR
STARTCHAR GkSmlOmePsOxi
ENCODING 8036
SWIDTH 467 0
DWIDTH 14 0
BBX 14 30 0 -7
BITMAP
0000
0000
0000
0C30
0E70
0660
0CC0
1880
0000
0000
0C30
1C30
1818
3018
3018
6318
6318
6318
6318
6730
6F30
79E0
30C0
0000
0000
0000
0000
0000
0000
0000
ENDCHAR
STARTCHAR GkSmlOmeDaOxi
ENCODING 8037
SWIDTH 467 0
DWIDTH 14 0
BBX 14 30 0 -7
BITMAP
0000
0000
0000
0198
03B8
0630
0660
0340
0000
0000
0C30
1C30
1818
3018
3018
6318
6318
6318
6318
6730
6F30
79E0
30C0
0000
0000
0000
0000
0000
0000
0000
ENDCHAR
STARTCHAR GkSmlOmePsPer
ENCODING 8038
SWIDTH 467 0
DWIDTH 14 0
BBX 14 30 0 -7
BITMAP
0000
0000
03E0
07F0
0C18
0180
00C0
0180
0300
0000
0C30
1C30
1818
3018
3018
6318
6318
6318
6318
6730
6F30
79E0
30C0
0000
0000
0000
0000
0000
0000
0000
ENDCHAR
STARTCHAR GkSmlOmeDaPer
ENCODING 8039
SWIDTH 467 0
DWIDTH 14 0
BBX 14 30 0 -7
BITMAP
0000
0000
03E0
07F0
0C18
01C0
0300
0300
0180
0000
0C30
1C30
1818
3018
3018
6318
6318
6318
6318
6730
6F30
79E0
30C0
0000
0000
0000
0000
0000
0000
0000
ENDCHAR
STARTCHAR GkCapOmePs
ENCODING 8040
SWIDTH 467 0
DWIDTH 14 0
BBX 14 30 0 -7
BITMAP
0000
0000
0000
0000
0000
6000
73F0
37F8
6E18
D80C
180C
300C
300C
300C
300C
3018
3018
1870
1CE0
0DC0
1D80
FDF0
F9F0
0000
0000
0000
0000
0000
0000
0000
ENDCHAR
STARTCHAR GkCapOmeDa
ENCODING 8041
SWIDTH 467 0
DWIDTH 14 0
BBX 14 30 0 -7
BITMAP
0000
0000
0000
0000
0000
3000
73F0
C7F8
CE18
680C
180C
300C
300C
300C
300C
3018
3018
1870
1CE0
0DC0
1D80
FDF0
F9F0
0000
0000
0000
0000
0000
0000
0000
ENDCHAR
STARTCHAR GkCapOmePsVar
ENCODING 8042
SWIDTH 467 0
DWIDTH 14 0
BBX 14 30 0 -7
BITMAP
0000
0000
0000
0000
0000
D000
D8F0
69F8
6F98
C60C
060C
0C0C
0C0C
0C0C
0C0C
0C18
0C18
0C38
0670
06E0
0EC0
3EF0
3CF0
0000
0000
0000
0000
0000
0000
0000
ENDCHAR
STARTCHAR GkCapOmeDaVar
ENCODING 8043
SWIDTH 467 0
DWIDTH 14 0
BBX 14 30 0 -7
BITMAP
0000
0000
0000
0000
0000
7800
D8F0
CDF8
CF98
660C
060C
0C0C
0C0C
0C0C
0C0C
0C18
0C18
0C38
0670
06E0
0EC0
3EF0
3CF0
0000
0000
0000
0000
0000
0000
0000
ENDCHAR
STARTCHAR GkCapOmePsOxi
ENCODING 8044
SWIDTH 467 0
DWIDTH 14 0
BBX 14 30 0 -7
BITMAP
0000
0000
0000
0000
0000
CE00
ECF0
69F8
5B98
D60C
060C
0C0C
0C0C
0C0C
0C0C
0C18
0C18
0C38
0670
06E0
0EC0
3EF0
3CF0
0000
0000
0000
0000
0000
0000
0000
ENDCHAR
STARTCHAR GkCapOmeDaOxi
ENCODING 8045
SWIDTH 467 0
DWIDTH 14 0
BBX 14 30 0 -7
BITMAP
0000
0000
0000
0000
0000
6E00
CCF0
D9F8
DB98
760C
060C
0C0C
0C0C
0C0C
0C0C
0C18
0C18
0C38
0670
06E0
0EC0
3EF0
3CF0
0000
0000
0000
0000
0000
0000
0000
ENDCHAR
STARTCHAR GkCapOmePsPer
ENCODING 8046
SWIDTH 467 0
DWIDTH 14 0
BBX 14 30 0 -7
BITMAP
0000
0000
0000
6000
F000
9000
00F0
C1F8
E398
660C
660C
CC0C
0C0C
0C0C
0C0C
0C18
0C18
0C38
0670
06E0
0EC0
3EF0
3CF0
0000
0000
0000
0000
0000
0000
0000
ENDCHAR
STARTCHAR GkCapOmeDaPer
ENCODING 8047
SWIDTH 467 0
DWIDTH 14 0
BBX 14 30 0 -7
BITMAP
0000
0000
0000
6000
F000
9000
00F0
61F8
E398
C60C
C60C
6C0C
0C0C
0C0C
0C0C
0C18
0C18
0C38
0670
06E0
0EC0
3EF0
3CF0
0000
0000
0000
0000
0000
0000
0000
ENDCHAR
STARTCHAR GkSmlAlpVar
ENCODING 8048
SWIDTH 467 0
DWIDTH 14 0
BBX 14 30 0 -7
BITMAP
0000
0000
0000
0600
0600
0300
0300
0100
0000
0000
0618
0F18
1F38
39B0
31E0
60E0
60C0
60C0
61C0
63E0
7760
3E38
1C38
0000
0000
0000
0000
0000
0000
0000
ENDCHAR
STARTCHAR GkSmlAlpOxi
ENCODING 8049
SWIDTH 467 0
DWIDTH 14 0
BBX 14 30 0 -7
BITMAP
0000
0000
0000
00C0
01C0
0180
0300
0200
0000
0000
0618
0F18
1F38
39B0
31E0
60E0
60C0
60C0
61C0
63E0
7760
3E38
1C38
0000
0000
0000
0000
0000
0000
0000
ENDCHAR
STARTCHAR GkSmlEpsVar
ENCODING 8050
SWIDTH 467 0
DWIDTH 14 0
BBX 14 30 0 -7
BITMAP
0000
0000
0000
0180
0180
00C0
00C0
0040
0000
0000
03F0
07F8
0E18
0C00
0C00
0700
1F00
1800
3000
3000
3060
3FE0
1FC0
0000
0000
0000
0000
0000
0000
0000
ENDCHAR
STARTCHAR GkSmlEpsOxi
ENCODING 8051
SWIDTH 467 0
DWIDTH 14 0
BBX 14 30 0 -7
BITMAP
0000
0000
0000
0030
0070
0060
00C0
0080
0000
0000
03F0
07F8
0E18
0C00
0C00
0700
1F00
1800
3000
3000
3060
3FE0
1FC0
0000
0000
0000
0000
0000
0000
0000
ENDCHAR
STARTCHAR GkSmlEtaVar
ENCODING 8052
SWIDTH 467 0
DWIDTH 14 0
BBX 14 30 0 -7
BITMAP
0000
0000
0000
0600
0600
0300
0300
0100
0000
0000
31C0
3BE0
1E70
1C30
1830
3060
3060
3060
3060
60C0
60C0
60C0
60C0
0180
0180
0180
0180
0180
0000
0000
ENDCHAR
STARTCHAR GkSmlEtaOxi
ENCODING 8053
SWIDTH 467 0
DWIDTH 14 0
BBX 14 30 0 -7
BITMAP
0000
0000
0000
00C0
01C0
0180
0300
0200
0000
0000
31C0
3BE0
1E70
1C30
1830
3060
3060
3060
3060
60C0
60C0
60C0
60C0
0180
0180
0180
0180
0180
0000
0000
ENDCHAR
STARTCHAR GkSmlIotVar
ENCODING 8054
SWIDTH 467 0
DWIDTH 14 0
BBX 14 30 0 -7
BITMAP
0000
0000
0000
0300
0300
0180
0180
0080
0000
0000
0780
0780
0180
0300
0300
0600
0600
0600
0C00
0C00
0E60
07E0
03C0
0000
0000
0000
0000
0000
0000
0000
ENDCHAR
STARTCHAR GkSmlIotOxi
ENCODING 8055
SWIDTH 467 0
DWIDTH 14 0
BBX 14 30 0 -7
BITMAP
0000
0000
0000
0060
00E0
00C0
0180
0100
0000
0000
0780
0780
0180
0300
0300
0600
0600
0600
0C00
0C00
0E60
07E0
03C0
0000
0000
0000
0000
0000
0000
0000
ENDCHAR
STARTCHAR GkSmlOmiVar
ENCODING 8056
SWIDTH 467 0
DWIDTH 14 0
BBX 14 30 0 -7
BITMAP
0000
0000
0000
0300
0300
0180
0180
0080
0000
0000
03C0
07E0
0E70
1C30
1830
3030
3030
3030
3060
30E0
39C0
1F80
0F00
0000
0000
0000
0000
0000
0000
0000
ENDCHAR
STARTCHAR GkSmlOmiOxi
ENCODING 8057
SWIDTH 467 0
DWIDTH 14 0
BBX 14 30 0 -7
BITMAP
0000
0000
0000
0060
00E0
00C0
0180
0100
0000
0000
03C0
07E0
0E70
1C30
1830
3030
3030
3030
3060
30E0
39C0
1F80
0F00
0000
0000
0000
0000
0000
0000
0000
ENDCHAR
STARTCHAR GkSmlUpsVar
ENCODING 8058
SWIDTH 467 0
DWIDTH 14 0
BBX 14 30 0 -7
BITMAP
0000
0000
0000
0300
0300
0180
0180
0080
0000
0000
1830
1C30
0C30
0C30
1830
1830
1830
3060
3060
30E0
39C0
1F80
0E00
0000
0000
0000
0000
0000
0000
0000
ENDCHAR
STARTCHAR GkSmlUpsOxi
ENCODING 8059
SWIDTH 467 0
DWIDTH 14 0
BBX 14 30 0 -7
BITMAP
0000
0000
0000
0060
00E0
00C0
0180
0100
0000
0000
1830
1C30
0C30
0C30
1830
1830
1830
3060
3060
30E0
39C0
1F80
0E00
0000
0000
0000
0000
0000
0000
0000
ENDCHAR
STARTCHAR GkSmlOmeVar
ENCODING 8060
SWIDTH 467 0
DWIDTH 14 0
BBX 14 30 0 -7
BITMAP
0000
0000
0000
0300
0300
0180
0180
0080
0000
0000
0C30
1C30
1818
3018
3018
6318
6318
6318
6318
6730
6F30
79E0
30C0
0000
0000
0000
0000
0000
0000
0000
ENDCHAR
STARTCHAR GkSmlOmeOxi
ENCODING 8061
SWIDTH 467 0
DWIDTH 14 0
BBX 14 30 0 -7
BITMAP
0000
0000
0000
0060
00E0
00C0
0180
0100
0000
0000
0C30
1C30
1818
3018
3018
6318
6318
6318
6318
6730
6F30
79E0
30C0
0000
0000
0000
0000
0000
0000
0000
ENDCHAR
STARTCHAR GkSmlAlpPsI
ENCODING 8064
SWIDTH 467 0
DWIDTH 14 0
BBX 14 30 0 -7
BITMAP
0000
0000
0000
0300
0380
0180
0300
0600
0000
0000
0618
0F18
1F38
39B0
31E0
60E0
60C0
60C0
61C0
63E0
7760
3E38
1C38
0000
1800
1800
1C00
0C00
0000
0000
ENDCHAR
STARTCHAR GkSmlAlpDaI
ENCODING 8065
SWIDTH 467 0
DWIDTH 14 0
BBX 14 30 0 -7
BITMAP
0000
0000
0000
00C0
01C0
0300
0300
0180
0000
0000
0618
0F18
1F38
39B0
31E0
60E0
60C0
60C0
61C0
63E0
7760
3E38
1C38
0000
1800
1800
1C00
0C00
0000
0000
ENDCHAR
STARTCHAR GkSmlAlpPsVarI
ENCODING 8066
SWIDTH 467 0
DWIDTH 14 0
BBX 14 30 0 -7
BITMAP
0000
0000
0000
0CC0
0EC0
0660
0C60
1820
0000
0000
0618
0F18
1F38
39B0
31E0
60E0
60C0
60C0
61C0
63E0
7760
3E38
1C38
0000
1800
1800
1C00
0C00
0000
0000
ENDCHAR
STARTCHAR GkSmlAlpDaVarI
ENCODING 8067
SWIDTH 467 0
DWIDTH 14 0
BBX 14 30 0 -7
BITMAP
0000
0000
0000
0360
0760
0C30
0C30
0610
0000
0000
0618
0F18
1F38
39B0
31E0
60E0
60C0
60C0
61C0
63E0
7760
3E38
1C38
0000
1800
1800
1C00
0C00
0000
0000
ENDCHAR
STARTCHAR GkSmlAlpPsOxiI
ENCODING 8068
SWIDTH 467 0
DWIDTH 14 0
BBX 14 30 0 -7
BITMAP
0000
0000
0000
0618
0738
0330
0660
0C40
0000
0000
0618
0F18
1F38
39B0
31E0
60E0
60C0
60C0
61C0
63E0
7760
3E38
1C38
0000
1800
1800
1C00
0C00
0000
0000
ENDCHAR
STARTCHAR GkSmlAlpDaOxiI
ENCODING 8069
SWIDTH 467 0
DWIDTH 14 0
BBX 14 30 0 -7
BITMAP
0000
0000
0000
0660
0EE0
18C0
1980
0D00
0000
0000
0618
0F18
1F38
39B0
31E0
60E0
60C0
60C0
61C0
63E0
7760
3E38
1C38
0000
1800
1800
1C00
0C00
0000
0000
ENDCHAR
STARTCHAR GkSmlAlpPsPerI
ENCODING 8070
SWIDTH 467 0
DWIDTH 14 0
BBX 14 30 0 -7
BITMAP
0000
0000
07C0
0FE0
1830
0300
0180
0300
0600
0000
0618
0F18
1F38
39B0
31E0
60E0
60C0
60C0
61C0
63E0
7760
3E38
1C38
0000
1800
1800
1C00
0C00
0000
0000
ENDCHAR
STARTCHAR GkSmlAlpDaPerI
ENCODING 8071
SWIDTH 467 0
DWIDTH 14 0
BBX 14 30 0 -7
BITMAP
0000
0000
07C0
0FE0
1830
0380
0600
0600
0300
0000
0618
0F18
1F38
39B0
31E0
60E0
60C0
60C0
61C0
63E0
7760
3E38
1C38
0000
1800
1800
1C00
0C00
0000
0000
ENDCHAR
STARTCHAR GkCapAlpPsI
ENCODING 8072
SWIDTH 467 0
DWIDTH 14 0
BBX 14 30 0 -7
BITMAP
0000
0000
0000
0000
0000
3000
38C0
18C0
31C0
61C0
03C0
0360
0660
0660
0C60
0C60
1FE0
1FE0
3030
3030
6030
6030
E030
0000
0600
0600
0700
0300
0000
0000
ENDCHAR
STARTCHAR GkCapAlpDaI
ENCODING 8073
SWIDTH 467 0
DWIDTH 14 0
BBX 14 30 0 -7
BITMAP
0000
0000
0000
0000
0000
1800
38C0
60C0
61C0
31C0
03C0
0360
0660
0660
0C60
0C60
1FE0
1FE0
3030
3030
6030
6030
E030
0000
0600
0600
0700
0300
0000
0000
ENDCHAR
STARTCHAR GkCapAlpPsVarI
ENCODING 8074
SWIDTH 467 0
DWIDTH 14 0
BBX 14 30 0 -7
BITMAP
0000
0000
0000
0000
0000
D800
D8C0
6CC0
6DC0
C5C0
03C0
0360
0660
0660
0C60
0C60
1FE0
1FE0
3030
3030
6030
6030
E030
0000
0600
0600
0700
0300
0000
0000
ENDCHAR
STARTCHAR GkCapAlpDaVarI
ENCODING 8075
SWIDTH 467 0
DWIDTH 14 0
BBX 14 30 0 -7
BITMAP
0000
0000
0000
0000
0000
7800
D8C0
CCC0
CDC0
65C0
03C0
0360
0660
0660
0C60
0C60
1FE0
1FE0
3030
3030
6030
6030
E030
0000
0600
0600
0700
0300
0000
0000
ENDCHAR
STARTCHAR GkCapAlpPsOxiI
ENCODING 8076
SWIDTH 467 0
DWIDTH 14 0
BBX 14 30 0 -7
BITMAP
0000
0000
0000
0000
0000
CE00
ECC0
68C0
59C0
D1C0
03C0
0360
0660
0660
0C60
0C60
1FE0
1FE0
3030
3030
6030
6030
E030
0000
0600
0600
0700
0300
0000
0000
ENDCHAR
STARTCHAR GkCapAlpDaOxiI
ENCODING 8077
SWIDTH 467 0
DWIDTH 14 0
BBX 14 30 0 -7
BITMAP
0000
0000
0000
0000
0000
6E00
CCC0
D8C0
D9C0
71C0
03C0
0360
0660
0660
0C60
0C60
1FE0
1FE0
3030
3030
6030
6030
E030
0000
0600
0600
0700
0300
0000
0000
ENDCHAR
STARTCHAR GkCapAlpPsPerI
ENCODING 8078
SWIDTH 467 0
DWIDTH 14 0
BBX 14 30 0 -7
BITMAP
0000
0000
0000
3000
7800
4800
00C0
60C0
71C0
31C0
33C0
6360
0660
0660
0C60
0C60
1FE0
1FE0
3030
3030
6030
6030
E030
0000
0600
0600
0700
0300
0000
0000
ENDCHAR
STARTCHAR GkCapAlpDaPerI
ENCODING 8079
SWIDTH 467 0
DWIDTH 14 0
BBX 14 30 0 -7
BITMAP
0000
0000
0000
3000
7800
4800
00C0
30C0
71C0
61C0
63C0
3360
0660
0660
0C60
0C60
1FE0
1FE0
3030
3030
6030
6030
E030
0000
0600
0600
0700
0300
0000
0000
ENDCHAR
STARTCHAR GkSmlEtaPsI
ENCODING 8080
SWIDTH 467 0
DWIDTH 14 0
BBX 14 30 0 -7
BITMAP
0000
0000
0000
0180
01C0
00C0
0180
0300
0000
0000
31C0
3BE0
1E70
1C30
1830
3060
3060
3060
3060
60C0
60C0
60C0
60C0
0180
4180
C180
E180
6180
0000
0000
ENDCHAR
STARTCHAR GkSmlEtaDaI
ENCODING 8081
SWIDTH 467 0
DWIDTH 14 0
BBX 14 30 0 -7
BITMAP
0000
0000
0000
00C0
01C0
0300
0300
0180
0000
0000
31C0
3BE0
1E70
1C30
1830
3060
3060
3060
3060
60C0
60C0
60C0
60C0
0180
4180
C180
E180
6180
0000
0000
ENDCHAR
STARTCHAR GkSmlEtaPsVarI
ENCODING 8082
SWIDTH 467 0
DWIDTH 14 0
BBX 14 30 0 -7
BITMAP
0000
0000
0000
0CC0
0EC0
0660
0C60
1820
0000
0000
31C0
3BE0
1E70
1C30
1830
3060
3060
3060
3060
60C0
60C0
60C0
60C0
0180
4180
C180
E180
6180
0000
0000
ENDCHAR
STARTCHAR GkSmlEtaDaVarI
ENCODING 8083
SWIDTH 467 0
DWIDTH 14 0
BBX 14 30 0 -7
BITMAP
0000
0000
0000
0360
0760
0C30
0C30
0610
0000
0000
31C0
3BE0
1E70
1C30
1830
3060
3060
3060
3060
60C0
60C0
60C0
60C0
0180
4180
C180
E180
6180
0000
0000
ENDCHAR
STARTCHAR GkSmlEtaPsOxiI
ENCODING 8084
SWIDTH 467 0
DWIDTH 14 0
BBX 14 30 0 -7
BITMAP
0000
0000
0000
0C30
0E70
0660
0CC0
1880
0000
0000
31C0
3BE0
1E70
1C30
1830
3060
3060
3060
3060
60C0
60C0
60C0
60C0
0180
4180
C180
E180
6180
0000
0000
ENDCHAR
STARTCHAR GkSmlEtaDaOxiI
ENCODING 8085
SWIDTH 467 0
DWIDTH 14 0
BBX 14 30 0 -7
BITMAP
0000
0000
0000
0330
0770
0C60
0CC0
0680
0000
0000
31C0
3BE0
1E70
1C30
1830
3060
3060
3060
3060
60C0
60C0
60C0
60C0
0180
4180
C180
E180
6180
0000
0000
ENDCHAR
STARTCHAR GkSmlEtaPsPerI
ENCODING 8086
SWIDTH 467 0
DWIDTH 14 0
BBX 14 30 0 -7
BITMAP
0000
0000
03E0
07F0
0C18
0180
00C0
0180
0300
0000
31C0
3BE0
1E70
1C30
1830
3060
3060
3060
3060
60C0
60C0
60C0
60C0
0180
4180
C180
E180
6180
0000
0000
ENDCHAR
STARTCHAR GkSmlEtaDaPerI
ENCODING 8087
SWIDTH 467 0
DWIDTH 14 0
BBX 14 30 0 -7
BITMAP
0000
0000
07C0
0FE0
1830
0380
0600
0600
0300
0000
31C0
3BE0
1E70
1C30
1830
3060
3060
3060
3060
60C0
60C0
60C0
60C0
0180
4180
C180
E180
6180
0000
0000
ENDCHAR
STARTCHAR GkCapEtaPsI
ENCODING 8088
SWIDTH 467 0
DWIDTH 14 0
BBX 14 30 0 -7
BITMAP
0000
0000
0000
0000
0000
6000
760C
360C
660C
C60C
0C18
0C18
0C18
0FF8
0FF8
1830
1830
1830
1830
3060
3060
3060
3060
0000
0600
0600
0700
0300
0000
0000
ENDCHAR
STARTCHAR GkCapEtaDaI
ENCODING 8089
SWIDTH 467 0
DWIDTH 14 0
BBX 14 30 0 -7
BITMAP
0000
0000
0000
0000
0000
3000
760C
C60C
C60C
660C
0C18
0C18
0C18
0FF8
0FF8
1830
1830
1830
1830
3060
3060
3060
3060
0000
0600
0600
0700
0300
0000
0000
ENDCHAR
STARTCHAR GkCapEtaPsVarI
ENCODING 8090
SWIDTH 467 0
DWIDTH 14 0
BBX 14 30 0 -7
BITMAP
0000
0000
0000
0000
0000
D000
D98C
698C
6D8C
C58C
0318
0318
0318
03F8
03F8
0630
0630
0630
0630
0C60
0C60
0C60
0C60
0000
0300
0300
0380
0180
0000
0000
ENDCHAR
STARTCHAR GkCapEtaDaVarI
ENCODING 8091
SWIDTH 467 0
DWIDTH 14 0
BBX 14 30 0 -7
BITMAP
0000
0000
0000
0000
0000
7800
D98C
CD8C
CD8C
658C
0318
0318
0318
03F8
03F8
0630
0630
0630
0630
0C60
0C60
0C60
0C60
0000
0300
0300
0380
0180
0000
0000
ENDCHAR
STARTCHAR GkCapEtaPsOxiI
ENCODING 8092
SWIDTH 467 0
DWIDTH 14 0
BBX 14 30 0 -7
BITMAP
0000
0000
0000
0000
0000
CE00
ED8C
698C
598C
D18C
0318
0318
0318
03F8
03F8
0630
0630
0630
0630
0C60
0C60
0C60
0C60
0000
0300
0300
0380
0180
0000
0000
ENDCHAR
STARTCHAR GkCapEtaDaOxiI
ENCODING 8093
SWIDTH 467 0
DWIDTH 14 0
BBX 14 30 0 -7
BITMAP
0000
0000
0000
0000
0000
6E00
CD8C
D98C
D98C
718C
0318
0318
0318
03F8
03F8
0630
0630
0630
0630
0C60
0C60
0C60
0C60
0000
0300
0300
0380
0180
0000
0000
ENDCHAR
STARTCHAR GkCapEtaPsPerI
ENCODING 8094
SWIDTH 467 0
DWIDTH 14 0
BBX 14 30 0 -7
BITMAP
0000
0000
0000
6000
F000
9000
030C
C30C
E30C
630C
6618
C618
0618
07F8
07F8
0C30
0C30
0C30
0C30
1860
1860
1860
1860
0000
0300
0300
0380
0180
0000
0000
ENDCHAR
STARTCHAR GkCapEtaDaPerI
ENCODING 8095
SWIDTH 467 0
DWIDTH 14 0
BBX 14 30 0 -7
BITMAP
0000
0000
0000
6000
F000
9000
030C
630C
E30C
C30C
C618
6618
0618
07F8
07F8
0C30
0C30
0C30
0C30
1860
1860
1860
1860
0000
0300
0300
0380
0180
0000
0000
ENDCHAR
STARTCHAR GkSmlOmePsI
ENCODING 8096
SWIDTH 467 0
DWIDTH 14 0
BBX 14 30 0 -7
BITMAP
0000
0000
0000
00C0
00E0
0060
00C0
0180
0000
0000
0C30
1C30
1818
3018
3018
6318
6318
6318
6318
6730
6F30
79E0
30C0
0000
0600
0600
0700
0300
0000
0000
ENDCHAR
STARTCHAR GkSmlOmeDaI
ENCODING 8097
SWIDTH 467 0
DWIDTH 14 0
BBX 14 30 0 -7
BITMAP
0000
0000
0000
00C0
01C0
0300
0300
0180
0000
0000
0C30
1C30
1818
3018
3018
6318
6318
6318
6318
6730
6F30
79E0
30C0
0000
0600
0600
0700
0300
0000
0000
ENDCHAR
STARTCHAR GkSmlOmePsVarI
ENCODING 8098
SWIDTH 467 0
DWIDTH 14 0
BBX 14 30 0 -7
BITMAP
0000
0000
0000
0660
0760
0330
0630
0C10
0000
0000
0C30
1C30
1818
3018
3018
6318
6318
6318
6318
6730
6F30
79E0
30C0
0000
0600
0600
0700
0300
0000
0000
ENDCHAR
STARTCHAR GkSmlOmeDaVarI
ENCODING 8099
SWIDTH 467 0
DWIDTH 14 0
BBX 14 30 0 -7
BITMAP
0000
0000
0000
0360
0760
0C30
0C30
0610
0000
0000
0C30
1C30
1818
3018
3018
6318
6318
6318
6318
6730
6F30
79E0
30C0
0000
0600
0600
0700
0300
0000
0000
ENDCHAR
STARTCHAR GkSmlOmePsOxiI
ENCODING 8100
SWIDTH 467 0
DWIDTH 14 0
BBX 14 30 0 -7
BITMAP
0000
0000
0000
0C30
0E70
0660
0CC0
1880
0000
0000
0C30
1C30
1818
3018
3018
6318
6318
6318
6318
6730
6F30
79E0
30C0
0000
0600
0600
0700
0300
0000
0000
ENDCHAR
STARTCHAR GkSmlOmeDaOxiI
ENCODING 8101
SWIDTH 467 0
DWIDTH 14 0
BBX 14 30 0 -7
BITMAP
0000
0000
0000
0198
03B8
0630
0660
0340
0000
0000
0C30
1C30
1818
3018
3018
6318
6318
6318
6318
6730
6F30
79E0
30C0
0000
0600
0600
0700
0300
0000
0000
ENDCHAR
STARTCHAR GkSmlOmePsPerI
ENCODING 8102
SWIDTH 467 0
DWIDTH 14 0
BBX 14 30 0 -7
BITMAP
0000
0000
03E0
07F0
0C18
0180
00C0
0180
0300
0000
0C30
1C30
1818
3018
3018
6318
6318
6318
6318
6730
6F30
79E0
30C0
0000
0600
0600
0700
0300
0000
0000
ENDCHAR
STARTCHAR GkSmlOmeDaPerI
ENCODING 8103
SWIDTH 467 0
DWIDTH 14 0
BBX 14 30 0 -7
BITMAP
0000
0000
03E0
07F0
0C18
01C0
0300
0300
0180
0000
0C30
1C30
1818
3018
3018
6318
6318
6318
6318
6730
6F30
79E0
30C0
0000
0600
0600
0700
0300
0000
0000
ENDCHAR
STARTCHAR GkCapOmePsI
ENCODING 8104
SWIDTH 467 0
DWIDTH 14 0
BBX 14 30 0 -7
BITMAP
0000
0000
0000
0000
0000
6000
73F0
37F8
6E18
D80C
180C
300C
300C
300C
300C
3018
3018
1870
1CE0
0DC0
1D80
FDF0
F9F0
0000
0600
0600
0700
0300
0000
0000
ENDCHAR
STARTCHAR GkCapOmeDaI
ENCODING 8105
SWIDTH 467 0
DWIDTH 14 0
BBX 14 30 0 -7
BITMAP
0000
0000
0000
0000
0000
3000
73F0
C7F8
CE18
680C
180C
300C
300C
300C
300C
3018
3018
1870
1CE0
0DC0
1D80
FDF0
F9F0
0000
0600
0600
0700
0300
0000
0000
ENDCHAR
STARTCHAR GkCapOmePsVarI
ENCODING 8106
SWIDTH 467 0
DWIDTH 14 0
BBX 14 30 0 -7
BITMAP
0000
0000
0000
0000
0000
D000
D8F0
69F8
6F98
C60C
060C
0C0C
0C0C
0C0C
0C0C
0C18
0C18
0C38
0670
06E0
0EC0
3EF0
3CF0
0000
0300
0300
0380
0180
0000
0000
ENDCHAR
STARTCHAR GkCapOmeDaVarI
ENCODING 8107
SWIDTH 467 0
DWIDTH 14 0
BBX 14 30 0 -7
BITMAP
0000
0000
0000
0000
0000
7800
D8F0
CDF8
CF98
660C
060C
0C0C
0C0C
0C0C
0C0C
0C18
0C18
0C38
0670
06E0
0EC0
3EF0
3CF0
0000
0300
0300
0380
0180
0000
0000
ENDCHAR
STARTCHAR GkCapOmePsOxiI
ENCODING 8108
SWIDTH 467 0
DWIDTH 14 0
BBX 14 30 0 -7
BITMAP
0000
0000
0000
0000
0000
CE00
ECF0
69F8
5B98
D60C
060C
0C0C
0C0C
0C0C
0C0C
0C18
0C18
0C38
0670
06E0
0EC0
3EF0
3CF0
0000
0300
0300
0380
0180
0000
0000
ENDCHAR
STARTCHAR GkCapOmeDaOxiI
ENCODING 8109
SWIDTH 467 0
DWIDTH 14 0
BBX 14 30 0 -7
BITMAP
0000
0000
0000
0000
0000
6E00
CCF0
D9F8
DB98
760C
060C
0C0C
0C0C
0C0C
0C0C
0C18
0C18
0C38
0670
06E0
0EC0
3EF0
3CF0
0000
0300
0300
0380
0180
0000
0000
ENDCHAR
STARTCHAR GkCapOmePsPerI
ENCODING 8110
SWIDTH 467 0
DWIDTH 14 0
BBX 14 30 0 -7
BITMAP
0000
0000
0000
6000
F000
9000
00F0
C1F8
E398
660C
660C
CC0C
0C0C
0C0C
0C0C
0C18
0C18
0C38
0670
06E0
0EC0
3EF0
3CF0
0000
0300
0300
0380
0180
0000
0000
ENDCHAR
STARTCHAR GkCapOmeDaPerI
ENCODING 8111
SWIDTH 467 0
DWIDTH 14 0
BBX 14 30 0 -7
BITMAP
0000
0000
0000
6000
F000
9000
00F0
61F8
E398
C60C
C60C
6C0C
0C0C
0C0C
0C0C
0C18
0C18
0C38
0670
06E0
0EC0
3EF0
3CF0
0000
0300
0300
0380
0180
0000
0000
ENDCHAR
STARTCHAR GkSmlAlpVrch
ENCODING 8112
SWIDTH 467 0
DWIDTH 14 0
BBX 14 30 0 -7
BITMAP
0000
0000
0000
0000
0C60
0C60
07C0
0380
0000
0000
0618
0F18
1F38
39B0
31E0
60E0
60C0
60C0
61C0
63E0
7760
3E38
1C38
0000
0000
0000
0000
0000
0000
0000
ENDCHAR
STARTCHAR GkSmlAlpMacron
ENCODING 8113
SWIDTH 467 0
DWIDTH 14 0
BBX 14 30 0 -7
BITMAP
0000
0000
0000
0000
0000
0000
0FC0
0FC0
0000
0000
0618
0F18
1F38
39B0
31E0
60E0
60C0
60C0
61C0
63E0
7760
3E38
1C38
0000
0000
0000
0000
0000
0000
0000
ENDCHAR
STARTCHAR GkSmlAlpVarI
ENCODING 8114
SWIDTH 467 0
DWIDTH 14 0
BBX 14 30 0 -7
BITMAP
0000
0000
0000
0600
0600
0300
0300
0100
0000
0000
0618
0F18
1F38
39B0
31E0
60E0
60C0
60C0
61C0
63E0
7760
3E38
1C38
0000
1800
1800
1C00
0C00
0000
0000
ENDCHAR
STARTCHAR GkSmlAlpI
ENCODING 8115
SWIDTH 467 0
DWIDTH 14 0
BBX 14 30 0 -7
BITMAP
0000
0000
0000
0000
0000
0000
0000
0000
0000
0000
0618
0F18
1F38
39B0
31E0
60E0
60C0
60C0
61C0
63E0
7760
3E38
1C38
0000
1800
1800
1C00
0C00
0000
0000
ENDCHAR
STARTCHAR GkSmlAlpOxiI
ENCODING 8116
SWIDTH 467 0
DWIDTH 14 0
BBX 14 30 0 -7
BITMAP
0000
0000
0000
00C0
01C0
0180
0300
0200
0000
0000
0618
0F18
1F38
39B0
31E0
60E0
60C0
60C0
61C0
63E0
7760
3E38
1C38
0000
1800
1800
1C00
0C00
0000
0000
ENDCHAR
STARTCHAR GkSmlAlpPer
ENCODING 8118
SWIDTH 467 0
DWIDTH 14 0
BBX 14 30 0 -7
BITMAP
0000
0000
0000
0000
0380
07C0
0C60
0C60
0000
0000
0618
0F18
1F38
39B0
31E0
60E0
60C0
60C0
61C0
63E0
7760
3E38
1C38
0000
0000
0000
0000
0000
0000
0000
ENDCHAR
STARTCHAR GkSmlAlpPerI
ENCODING 8119
SWIDTH 467 0
DWIDTH 14 0
BBX 14 30 0 -7
BITMAP
0000
0000
0000
0000
0380
07C0
0C60
0C60
0000
0000
0618
0F18
1F38
39B0
31E0
60E0
60C0
60C0
61C0
63E0
7760
3E38
1C38
0000
1800
1800
1C00
0C00
0000
0000
ENDCHAR
STARTCHAR GkCapAlpVrch
ENCODING 8120
SWIDTH 467 0
DWIDTH 14 0
BBX 14 30 0 -7
BITMAP
0000
0318
0318
01F0
00E0
0000
00C0
00C0
01C0
01C0
03C0
0360
0660
0660
0C60
0C60
1FE0
1FE0
3030
3030
6030
6030
E030
0000
0000
0000
0000
0000
0000
0000
ENDCHAR
STARTCHAR GkCapAlpMacron
ENCODING 8121
SWIDTH 467 0
DWIDTH 14 0
BBX 14 30 0 -7
BITMAP
0000
0000
03F8
03F8
0000
0000
00C0
00C0
01C0
01C0
03C0
0360
0660
0660
0C60
0C60
1FE0
1FE0
3030
3030
6030
6030
E030
0000
0000
0000
0000
0000
0000
0000
ENDCHAR
STARTCHAR GkCapAlpVar
ENCODING 8122
SWIDTH 467 0
DWIDTH 14 0
BBX 14 30 0 -7
BITMAP
0000
0000
0000
0000
0000
3000
30C0
18C0
19C0
09C0
03C0
0360
0660
0660
0C60
0C60
1FE0
1FE0
3030
3030
6030
6030
E030
0000
0000
0000
0000
0000
0000
0000
ENDCHAR
STARTCHAR GkCapAlpOxi
ENCODING 8123
SWIDTH 467 0
DWIDTH 14 0
BBX 14 30 0 -7
BITMAP
0000
0000
0000
0000
0000
0C00
18C0
18C0
31C0
21C0
03C0
0360
0660
0660
0C60
0C60
1FE0
1FE0
3030
3030
6030
6030
E030
0000
0000
0000
0000
0000
0000
0000
ENDCHAR
STARTCHAR GkCapAlpI
ENCODING 8124
SWIDTH 467 0
DWIDTH 14 0
BBX 14 30 0 -7
BITMAP
0000
0000
0000
0000
0000
0000
00C0
00C0
01C0
01C0
03C0
0360
0660
0660
0C60
0C60
1FE0
1FE0
3030
3030
6030
6030
E030
0000
0600
0600
0700
0300
0000
0000
ENDCHAR
STARTCHAR AccGkKoronis
ENCODING 8125
SWIDTH 467 0
DWIDTH 14 0
BBX 14 30 0 -7
BITMAP
0000
0000
0000
00E0
00F0
0030
0030
01E0
01C0
0000
0000
0000
0000
0000
0000
0000
0000
0000
0000
0000
0000
0000
0000
0000
0000
0000
0000
0000
0000
0000
ENDCHAR
STARTCHAR AccGkProsg
ENCODING 8126
SWIDTH 467 0
DWIDTH 14 0
BBX 14 30 0 -7
BITMAP
0000
0000
0000
0000
0000
0000
0000
0000
0000
0000
0000
0000
0000
0000
0000
0000
0000
0000
0000
0000
0000
0000
0000
0000
0180
0180
01C0
00C0
0000
0000
ENDCHAR
STARTCHAR AccGkPsili
ENCODING 8127
SWIDTH 467 0
DWIDTH 14 0
BBX 14 30 0 -7
BITMAP
0000
0000
0000
00E0
00F0
0030
0030
01E0
01C0
0000
0000
0000
0000
0000
0000
0000
0000
0000
0000
0000
0000
0000
0000
0000
0000
0000
0000
0000
0000
0000
ENDCHAR
STARTCHAR AccGkPeri
ENCODING 8128
SWIDTH 467 0
DWIDTH 14 0
BBX 14 30 0 -7
BITMAP
0000
0000
0000
0000
01E0
03F0
0618
0618
0000
0000
0000
0000
0000
0000
0000
0000
0000
0000
0000
0000
0000
0000
0000
0000
0000
0000
0000
0000
0000
0000
ENDCHAR
STARTCHAR AccGkDrssPeri
ENCODING 8129
SWIDTH 467 0
DWIDTH 14 0
BBX 14 30 0 -7
BITMAP
0000
0000
01E0
03F0
0618
0000
0330
0330
0330
0000
0000
0000
0000
0000
0000
0000
0000
0000
0000
0000
0000
0000
0000
0000
0000
0000
0000
0000
0000
0000
ENDCHAR
STARTCHAR GkSmlEtaVarI
ENCODING 8130
SWIDTH 467 0
DWIDTH 14 0
BBX 14 30 0 -7
BITMAP
0000
0000
0000
0600
0600
0300
0300
0100
0000
0000
31C0
3BE0
1E70
1C30
1830
3060
3060
3060
3060
60C0
60C0
60C0
60C0
0180
4180
C180
E180
6180
0000
0000
ENDCHAR
STARTCHAR GkSmlEtaI
ENCODING 8131
SWIDTH 467 0
DWIDTH 14 0
BBX 14 30 0 -7
BITMAP
0000
0000
0000
0000
0000
0000
0000
0000
0000
0000
31C0
3BE0
1E70
1C30
1830
3060
3060
3060
3060
60C0
60C0
60C0
60C0
0180
4180
C180
E180
6180
0000
0000
ENDCHAR
STARTCHAR GkSmlEtaOxiI
ENCODING 8132
SWIDTH 467 0
DWIDTH 14 0
BBX 14 30 0 -7
BITMAP
0000
0000
0000
00C0
01C0
0180
0300
0200
0000
0000
31C0
3BE0
1E70
1C30
1830
3060
3060
3060
3060
60C0
60C0
60C0
60C0
0180
4180
C180
E180
6180
0000
0000
ENDCHAR
STARTCHAR GkSmlEtaPer
ENCODING 8134
SWIDTH 467 0
DWIDTH 14 0
BBX 14 30 0 -7
BITMAP
0000
0000
0000
0000
0380
07C0
0C60
0C60
0000
0000
31C0
3BE0
1E70
1C30
1830
3060
3060
3060
3060
60C0
60C0
60C0
60C0
0180
0180
0180
0180
0180
0000
0000
ENDCHAR
STARTCHAR GkSmlEtaPerI
ENCODING 8135
SWIDTH 467 0
DWIDTH 14 0
BBX 14 30 0 -7
BITMAP
0000
0000
0000
0000
0380
07C0
0C60
0C60
0000
0000
31C0
3BE0
1E70
1C30
1830
3060
3060
3060
3060
60C0
60C0
60C0
60C0
0180
4180
C180
E180
6180
0000
0000
ENDCHAR
STARTCHAR GkCapEpsVar
ENCODING 8136
SWIDTH 467 0
DWIDTH 14 0
BBX 14 30 0 -7
BITMAP
0000
0000
0000
0000
0000
C000
C7FC
67FC
6600
2600
0C00
0C00
0C00
0FE0
0FE0
1800
1800
1800
1800
3000
3000
3FE0
3FE0
0000
0000
0000
0000
0000
0000
0000
ENDCHAR
STARTCHAR GkCapEpsOxi
ENCODING 8137
SWIDTH 467 0
DWIDTH 14 0
BBX 14 30 0 -7
BITMAP
0000
0000
0000
0000
0000
3000
67FC
67FC
C600
8600
0C00
0C00
0C00
0FE0
0FE0
1800
1800
1800
1800
3000
3000
3FE0
3FE0
0000
0000
0000
0000
0000
0000
0000
ENDCHAR
STARTCHAR GkCapEtaVar
ENCODING 8138
SWIDTH 467 0
DWIDTH 14 0
BBX 14 30 0 -7
BITMAP
0000
0000
0000
0000
0000
C000
C60C
660C
660C
260C
0C18
0C18
0C18
0FF8
0FF8
1830
1830
1830
1830
3060
3060
3060
3060
0000
0000
0000
0000
0000
0000
0000
ENDCHAR
STARTCHAR GkCapEtaOxi
ENCODING 8139
SWIDTH 467 0
DWIDTH 14 0
BBX 14 30 0 -7
BITMAP
0000
0000
0000
0000
0000
3000
660C
660C
C60C
860C
0C18
0C18
0C18
0FF8
0FF8
1830
1830
1830
1830
3060
3060
3060
3060
0000
0000
0000
0000
0000
0000
0000
ENDCHAR
STARTCHAR GkCapEtaI
ENCODING 8140
SWIDTH 467 0
DWIDTH 14 0
BBX 14 30 0 -7
BITMAP
0000
0000
0000
0000
0000
0000
0C0C
0C0C
0C0C
0C0C
1818
1818
1818
1FF8
1FF8
3030
3030
3030
3030
6060
6060
6060
6060
0000
0600
0600
0700
0300
0000
0000
ENDCHAR
STARTCHAR AccGkPsVaria
ENCODING 8141
SWIDTH 467 0
DWIDTH 14 0
BBX 14 30 0 -7
BITMAP
0000
0000
0000
0738
07B8
0198
018C
0F0C
0E04
0000
0000
0000
0000
0000
0000
0000
0000
0000
0000
0000
0000
0000
0000
0000
0000
0000
0000
0000
0000
0000
ENDCHAR
STARTCHAR AccGkPsOxia
ENCODING 8142
SWIDTH 467 0
DWIDTH 14 0
BBX 14 30 0 -7
BITMAP
0000
0000
0000
0E1C
0F38
0370
0360
1EC0
1C80
0000
0000
0000
0000
0000
0000
0000
0000
0000
0000
0000
0000
0000
0000
0000
0000
0000
0000
0000
0000
0000
ENDCHAR
STARTCHAR AccGkPsPeri
ENCODING 8143
SWIDTH 467 0
DWIDTH 14 0
BBX 14 30 0 -7
BITMAP
0000
0000
00F0
01F8
030C
0204
00E0
00F0
0030
0030
01E0
01C0
0000
0000
0000
0000
0000
0000
0000
0000
0000
0000
0000
0000
0000
0000
0000
0000
0000
0000
ENDCHAR
STARTCHAR GkSmlIotVrch
ENCODING 8144
SWIDTH 467 0
DWIDTH 14 0
BBX 14 30 0 -7
BITMAP
0000
0000
0000
0000
0630
0630
03E0
01C0
0000
0000
0780
0780
0180
0300
0300
0600
0600
0600
0C00
0C00
0E60
07E0
03C0
0000
0000
0000
0000
0000
0000
0000
ENDCHAR
STARTCHAR GkSmlIotMacron
ENCODING 8145
SWIDTH 467 0
DWIDTH 14 0
BBX 14 30 0 -7
BITMAP
0000
0000
0000
0000
0000
0000
07E0
07E0
0000
0000
0780
0780
0180
0300
0300
0600
0600
0600
0C00
0C00
0E60
07E0
03C0
0000
0000
0000
0000
0000
0000
0000
ENDCHAR
STARTCHAR GkSmlIotDrssVar
ENCODING 8146
SWIDTH 467 0
DWIDTH 14 0
BBX 14 30 0 -7
BITMAP
0000
0000
0000
0180
0180
06D8
06D8
0658
0000
0000
0780
0780
0180
0300
0300
0600
0600
0600
0C00
0C00
0E60
07E0
03C0
0000
0000
0000
0000
0000
0000
0000
ENDCHAR
STARTCHAR GkSmlIotDrssOxi
ENCODING 8147
SWIDTH 467 0
DWIDTH 14 0
BBX 14 30 0 -7
BITMAP
0000
0000
0000
0060
00E0
0CD8
0D98
0D18
0000
0000
0780
0780
0180
0300
0300
0600
0600
0600
0C00
0C00
0E60
07E0
03C0
0000
0000
0000
0000
0000
0000
0000
ENDCHAR
STARTCHAR GkSmlIotPer
ENCODING 8150
SWIDTH 467 0
DWIDTH 14 0
BBX 14 30 0 -7
BITMAP
0000
0000
0000
0000
0380
07C0
0C60
0C60
0000
0000
0780
0780
0180
0300
0300
0600
0600
0600
0C00
0C00
0E60
07E0
03C0
0000
0000
0000
0000
0000
0000
0000
ENDCHAR
STARTCHAR GkSmlIotDrssPer
ENCODING 8151
SWIDTH 467 0
DWIDTH 14 0
BBX 14 30 0 -7
BITMAP
0000
0000
01C0
03E0
0630
0000
0660
0660
0000
0000
0780
0780
0180
0300
0300
0600
0600
0600
0C00
0C00
0E60
07E0
03C0
0000
0000
0000
0000
0000
0000
0000
ENDCHAR
STARTCHAR GkCapIotVrch
ENCODING 8152
SWIDTH 467 0
DWIDTH 14 0
BBX 14 30 0 -7
BITMAP
0000
0318
0318
01F0
00E0
0000
07F8
07F8
00C0
00C0
00C0
0180
0180
0180
0180
0300
0300
0300
0300
0600
0600
3FC0
3FC0
0000
0000
0000
0000
0000
0000
0000
ENDCHAR
STARTCHAR GkCapIotMacron
ENCODING 8153
SWIDTH 467 0
DWIDTH 14 0
BBX 14 30 0 -7
BITMAP
0000
0000
03F8
03F8
0000
0000
07F8
07F8
00C0
00C0
00C0
0180
0180
0180
0180
0300
0300
0300
0300
0600
0600
3FC0
3FC0
0000
0000
0000
0000
0000
0000
0000
ENDCHAR
STARTCHAR GkCapIotVar
ENCODING 8154
SWIDTH 467 0
DWIDTH 14 0
BBX 14 30 0 -7
BITMAP
0000
0000
0000
0000
0000
6000
67F8
37F8
30C0
10C0
00C0
0180
0180
0180
0180
0300
0300
0300
0300
0600
0600
3FC0
3FC0
0000
0000
0000
0000
0000
0000
0000
ENDCHAR
STARTCHAR GkCapIotOxi
ENCODING 8155
SWIDTH 467 0
DWIDTH 14 0
BBX 14 30 0 -7
BITMAP
0000
0000
0000
0000
0000
3000
67F8
67F8
C0C0
80C0
00C0
0180
0180
0180
0180
0300
0300
0300
0300
0600
0600
3FC0
3FC0
0000
0000
0000
0000
0000
0000
0000
ENDCHAR
STARTCHAR AccGkDaVaria
ENCODING 8157
SWIDTH 467 0
DWIDTH 14 0
BBX 14 30 0 -7
BITMAP
0000
0000
0000
03B8
07B8
0C18
0C0C
0F0C
0704
0000
0000
0000
0000
0000
0000
0000
0000
0000
0000
0000
0000
0000
0000
0000
0000
0000
0000
0000
0000
0000
ENDCHAR
STARTCHAR AccGkDaOxia
ENCODING 8158
SWIDTH 467 0
DWIDTH 14 0
BBX 14 30 0 -7
BITMAP
0000
0000
0000
071C
0F38
1870
1860
1EC0
0E80
0000
0000
0000
0000
0000
0000
0000
0000
0000
0000
0000
0000
0000
0000
0000
0000
0000
0000
0000
0000
0000
ENDCHAR
STARTCHAR AccGkDaPeri
ENCODING 8159
SWIDTH 467 0
DWIDTH 14 0
BBX 14 30 0 -7
BITMAP
0000
0000
00F0
01F8
030C
0204
0070
00F0
0180
0180
01E0
00E0
0000
0000
0000
0000
0000
0000
0000
0000
0000
0000
0000
0000
0000
0000
0000
0000
0000
0000
ENDCHAR
STARTCHAR GkSmlUpsVrch
ENCODING 8160
SWIDTH 467 0
DWIDTH 14 0
BBX 14 30 0 -7
BITMAP
0000
0000
0000
0000
0630
0630
03E0
01C0
0000
0000
1830
1C30
0C30
0C30
1830
1830
1830
3060
3060
30E0
39C0
1F80
0E00
0000
0000
0000
0000
0000
0000
0000
ENDCHAR
STARTCHAR GkSmlUpsMacron
ENCODING 8161
SWIDTH 467 0
DWIDTH 14 0
BBX 14 30 0 -7
BITMAP
0000
0000
0000
0000
0000
0000
07E0
07E0
0000
0000
1830
1C30
0C30
0C30
1830
1830
1830
3060
3060
30E0
39C0
1F80
0E00
0000
0000
0000
0000
0000
0000
0000
ENDCHAR
STARTCHAR GkSmlUpsDrssVar
ENCODING 8162
SWIDTH 467 0
DWIDTH 14 0
BBX 14 30 0 -7
BITMAP
0000
0000
0000
0180
0180
06D8
06D8
0658
0000
0000
1830
1C30
0C30
0C30
1830
1830
1830
3060
3060
30E0
39C0
1F80
0E00
0000
0000
0000
0000
0000
0000
0000
ENDCHAR
STARTCHAR GkSmlUpsDrssOxi
ENCODING 8163
SWIDTH 467 0
DWIDTH 14 0
BBX 14 30 0 -7
BITMAP
0000
0000
0000
0060
00E0
0CD8
0D98
0D18
0000
0000
1830
1C30
0C30
0C30
1830
1830
1830
3060
3060
30E0
39C0
1F80
0E00
0000
0000
0000
0000
0000
0000
0000
ENDCHAR
STARTCHAR GkSmlRhoPs
ENCODING 8164
SWIDTH 467 0
DWIDTH 14 0
BBX 14 30 0 -7
BITMAP
0000
0000
0000
00C0
00E0
0060
00C0
0180
0000
0000
03C0
07E0
0E70
1C30
1830
3030
3030
3030
3060
30E0
79C0
7F80
6700
6000
C000
C000
C000
C000
0000
0000
ENDCHAR
STARTCHAR GkSmlRhoDa
ENCODING 8165
SWIDTH 467 0
DWIDTH 14 0
BBX 14 30 0 -7
BITMAP
0000
0000
0000
0060
00E0
0180
0180
00C0
0000
0000
03C0
07E0
0E70
1C30
1830
3030
3030
3030
3060
30E0
79C0
7F80
6700
6000
C000
C000
C000
C000
0000
0000
ENDCHAR
STARTCHAR GkSmlUpsPer
ENCODING 8166
SWIDTH 467 0
DWIDTH 14 0
BBX 14 30 0 -7
BITMAP
0000
0000
0000
0000
0380
07C0
0C60
0C60
0000
0000
1830
1C30
0C30
0C30
1830
1830
1830
3060
3060
30E0
39C0
1F80
0E00
0000
0000
0000
0000
0000
0000
0000
ENDCHAR
STARTCHAR GkSmlUpsDrssPer
ENCODING 8167
SWIDTH 467 0
DWIDTH 14 0
BBX 14 30 0 -7
BITMAP
0000
0000
01C0
03E0
0630
0000
0660
0660
0000
0000
1830
1C30
0C30
0C30
1830
1830
1830
3060
3060
30E0
39C0
1F80
0E00
0000
0000
0000
0000
0000
0000
0000
ENDCHAR
STARTCHAR GkCapUpsVrch
ENCODING 8168
SWIDTH 467 0
DWIDTH 14 0
BBX 14 30 0 -7
BITMAP
0000
0318
0318
01F0
00E0
0000
0C0C
0C1C
0C18
0630
0630
0660
03C0
03C0
0380
0300
0300
0300
0300
0600
0600
0600
0600
0000
0000
0000
0000
0000
0000
0000
ENDCHAR
STARTCHAR GkCapUpsMacron
ENCODING 8169
SWIDTH 467 0
DWIDTH 14 0
BBX 14 30 0 -7
BITMAP
0000
0000
03F8
03F8
0000
0000
0C0C
0C1C
0C18
0630
0630
0660
03C0
03C0
0380
0300
0300
0300
0300
0600
0600
0600
0600
0000
0000
0000
0000
0000
0000
0000
ENDCHAR
STARTCHAR GkCapUpsVar
ENCODING 8170
SWIDTH 467 0
DWIDTH 14 0
BBX 14 30 0 -7
BITMAP
0000
0000
0000
0000
0000
C000
CC0C
6C1C
6C18
2630
0630
0660
03C0
03C0
0380
0300
0300
0300
0300
0600
0600
0600
0600
0000
0000
0000
0000
0000
0000
0000
ENDCHAR
STARTCHAR GkCapUpsOxi
ENCODING 8171
SWIDTH 467 0
DWIDTH 14 0
BBX 14 30 0 -7
BITMAP
0000
0000
0000
0000
0000
3000
6C0C
6C1C
CC18
8630
0630
0660
03C0
03C0
0380
0300
0300
0300
0300
0600
0600
0600
0600
0000
0000
0000
0000
0000
0000
0000
ENDCHAR
STARTCHAR GkCapRhoDa
ENCODING 8172
SWIDTH 467 0
DWIDTH 14 0
BBX 14 30 0 -7
BITMAP
0000
0000
0000
0000
0000
3000
77F0
C7F8
C618
6618
0C18
0C18
0C38
0C70
1FE0
1FC0
1800
1800
1800
3000
3000
3000
3000
0000
0000
0000
0000
0000
0000
0000
ENDCHAR
STARTCHAR AccGkDrssVaria
ENCODING 8173
SWIDTH 467 0
DWIDTH 14 0
BBX 14 30 0 -7
BITMAP
0000
0000
0000
0380
0380
0180
0CCC
0CCC
0C4C
0000
0000
0000
0000
0000
0000
0000
0000
0000
0000
0000
0000
0000
0000
0000
0000
0000
0000
0000
0000
0000
ENDCHAR
STARTCHAR AccGkDrssOxia
ENCODING 8174
SWIDTH 467 0
DWIDTH 14 0
BBX 14 30 0 -7
BITMAP
0000
0000
0000
0038
0070
00E0
0CCC
0D8C
0D0C
0000
0000
0000
0000
0000
0000
0000
0000
0000
0000
0000
0000
0000
0000
0000
0000
0000
0000
0000
0000
0000
ENDCHAR
STARTCHAR AccGkVaria
ENCODING 8175
SWIDTH 467 0
DWIDTH 14 0
BBX 14 30 0 -7
BITMAP
0000
0000
0000
01C0
01C0
00C0
0060
0060
0020
0000
0000
0000
0000
0000
0000
0000
0000
0000
0000
0000
0000
0000
0000
0000
0000
0000
0000
0000
0000
0000
ENDCHAR
STARTCHAR GkSmlOmeVarI
ENCODING 8178
SWIDTH 467 0
DWIDTH 14 0
BBX 14 30 0 -7
BITMAP
0000
0000
0000
0300
0300
0180
0180
0080
0000
0000
0C30
1C30
1818
3018
3018
6318
6318
6318
6318
6730
6F30
79E0
30C0
0000
0600
0600
0700
0300
0000
0000
ENDCHAR
STARTCHAR GkSmlOmeI
ENCODING 8179
SWIDTH 467 0
DWIDTH 14 0
BBX 14 30 0 -7
BITMAP
0000
0000
0000
0000
0000
0000
0000
0000
0000
0000
0C30
1C30
1818
3018
3018
6318
6318
6318
6318
6730
6F30
79E0
30C0
0000
0600
0600
0700
0300
0000
0000
ENDCHAR
STARTCHAR GkSmlOmeOxiI
ENCODING 8180
SWIDTH 467 0
DWIDTH 14 0
BBX 14 30 0 -7
BITMAP
0000
0000
0000
0060
00E0
00C0
0180
0100
0000
0000
0C30
1C30
1818
3018
3018
6318
6318
6318
6318
6730
6F30
79E0
30C0
0000
0600
0600
0700
0300
0000
0000
ENDCHAR
STARTCHAR GkSmlOmePer
ENCODING 8182
SWIDTH 467 0
DWIDTH 14 0
BBX 14 30 0 -7
BITMAP
0000
0000
0000
0000
01C0
03E0
0630
0630
0000
0000
0C30
1C30
1818
3018
3018
6318
6318
6318
6318
6730
6F30
79E0
30C0
0000
0000
0000
0000
0000
0000
0000
ENDCHAR
STARTCHAR GkSmlOmePerI
ENCODING 8183
SWIDTH 467 0
DWIDTH 14 0
BBX 14 30 0 -7
BITMAP
0000
0000
0000
0000
01C0
03E0
0630
0630
0000
0000
0C30
1C30
1818
3018
3018
6318
6318
6318
6318
6730
6F30
79E0
30C0
0000
0600
0600
0700
0300
0000
0000
ENDCHAR
STARTCHAR GkCapOmiVar
ENCODING 8184
SWIDTH 467 0
DWIDTH 14 0
BBX 14 30 0 -7
BITMAP
0000
0000
0000
0000
0000
C000
C1E0
67F0
6630
2C18
1C18
1818
1818
3018
3018
3018
3030
3030
3070
3060
18C0
1FC0
0F00
0000
0000
0000
0000
0000
0000
0000
ENDCHAR
STARTCHAR GkCapOmiOxi
ENCODING 8185
SWIDTH 467 0
DWIDTH 14 0
BBX 14 30 0 -7
BITMAP
0000
0000
0000
0000
0000
3000
63E0
6FF0
CC30
9818
3818
3018
3018
6018
6018
6018
6030
6030
6070
6060
30C0
3FC0
1F00
0000
0000
0000
0000
0000
0000
0000
ENDCHAR
STARTCHAR GkCapOmeVar
ENCODING 8186
SWIDTH 467 0
DWIDTH 14 0
BBX 14 30 0 -7
BITMAP
0000
0000
0000
0000
0000
C000
C3F0
67F8
6E18
280C
180C
300C
300C
300C
300C
3018
3018
1870
1CE0
0DC0
1D80
FDF0
F9F0
0000
0000
0000
0000
0000
0000
0000
ENDCHAR
STARTCHAR GkCapOmeOxi
ENCODING 8187
SWIDTH 467 0
DWIDTH 14 0
BBX 14 30 0 -7
BITMAP
0000
0000
0000
0000
0000
3000
63F0
67F8
CE18
980C
180C
300C
300C
300C
300C
3018
3018
1870
1CE0
0DC0
1D80
FDF0
F9F0
0000
0000
0000
0000
0000
0000
0000
ENDCHAR
STARTCHAR GkCapOmeI
ENCODING 8188
SWIDTH 467 0
DWIDTH 14 0
BBX 14 30 0 -7
BITMAP
0000
0000
0000
0000
0000
0000
03F0
07F8
0E18
180C
180C
300C
300C
300C
300C
3018
3018
1870
1CE0
0DC0
1D80
FDF0
F9F0
0000
0600
0600
0700
0300
0000
0000
ENDCHAR
STARTCHAR AccGkOxia
ENCODING 8189
SWIDTH 467 0
DWIDTH 14 0
BBX 14 30 0 -7
BITMAP
0000
0000
0000
0038
0070
00E0
00C0
0180
0100
0000
0000
0000
0000
0000
0000
0000
0000
0000
0000
0000
0000
0000
0000
0000
0000
0000
0000
0000
0000
0000
ENDCHAR
STARTCHAR AccGkDasia
ENCODING 8190
SWIDTH 467 0
DWIDTH 14 0
BBX 14 30 0 -7
BITMAP
0000
0000
0000
0070
00F0
0180
0180
01E0
00E0
0000
0000
0000
0000
0000
0000
0000
0000
0000
0000
0000
0000
0000
0000
0000
0000
0000
0000
0000
0000
0000
ENDCHAR
STARTCHAR QuadEn
ENCODING 8192
SWIDTH 467 0
DWIDTH 14 0
BBX 14 30 0 -7
BITMAP
0000
0000
0000
0000
0000
0000
0000
0000
0000
0000
0000
0000
0000
0000
0000
0000
0000
0000
0000
0000
0000
0000
0000
0000
0000
0000
0000
0000
0000
0000
ENDCHAR
STARTCHAR QuadEm
ENCODING 8193
SWIDTH 467 0
DWIDTH 14 0
BBX 14 30 0 -7
BITMAP
0000
0000
0000
0000
0000
0000
0000
0000
0000
0000
0000
0000
0000
0000
0000
0000
0000
0000
0000
0000
0000
0000
0000
0000
0000
0000
0000
0000
0000
0000
ENDCHAR
STARTCHAR SpaceEn
ENCODING 8194
SWIDTH 467 0
DWIDTH 14 0
BBX 14 30 0 -7
BITMAP
0000
0000
0000
0000
0000
0000
0000
0000
0000
0000
0000
0000
0000
0000
0000
0000
0000
0000
0000
0000
0000
0000
0000
0000
0000
0000
0000
0000
0000
0000
ENDCHAR
STARTCHAR SpaceEm
ENCODING 8195
SWIDTH 467 0
DWIDTH 14 0
BBX 14 30 0 -7
BITMAP
0000
0000
0000
0000
0000
0000
0000
0000
0000
0000
0000
0000
0000
0000
0000
0000
0000
0000
0000
0000
0000
0000
0000
0000
0000
0000
0000
0000
0000
0000
ENDCHAR
STARTCHAR SpaceEm3
ENCODING 8196
SWIDTH 467 0
DWIDTH 14 0
BBX 14 30 0 -7
BITMAP
0000
0000
0000
0000
0000
0000
0000
0000
0000
0000
0000
0000
0000
0000
0000
0000
0000
0000
0000
0000
0000
0000
0000
0000
0000
0000
0000
0000
0000
0000
ENDCHAR
STARTCHAR SpaceEm4
ENCODING 8197
SWIDTH 467 0
DWIDTH 14 0
BBX 14 30 0 -7
BITMAP
0000
0000
0000
0000
0000
0000
0000
0000
0000
0000
0000
0000
0000
0000
0000
0000
0000
0000
0000
0000
0000
0000
0000
0000
0000
0000
0000
0000
0000
0000
ENDCHAR
STARTCHAR SpaceEm6
ENCODING 8198
SWIDTH 467 0
DWIDTH 14 0
BBX 14 30 0 -7
BITMAP
0000
0000
0000
0000
0000
0000
0000
0000
0000
0000
0000
0000
0000
0000
0000
0000
0000
0000
0000
0000
0000
0000
0000
0000
0000
0000
0000
0000
0000
0000
ENDCHAR
STARTCHAR SpaceFig
ENCODING 8199
SWIDTH 467 0
DWIDTH 14 0
BBX 14 30 0 -7
BITMAP
0000
0000
0000
0000
0000
0000
0000
0000
0000
0000
0000
0000
0000
0000
0000
0000
0000
0000
0000
0000
0000
0000
0000
0000
0000
0000
0000
0000
0000
0000
ENDCHAR
STARTCHAR SpacePnct
ENCODING 8200
SWIDTH 467 0
DWIDTH 14 0
BBX 14 30 0 -7
BITMAP
0000
0000
0000
0000
0000
0000
0000
0000
0000
0000
0000
0000
0000
0000
0000
0000
0000
0000
0000
0000
0000
0000
0000
0000
0000
0000
0000
0000
0000
0000
ENDCHAR
STARTCHAR SpaceThin
ENCODING 8201
SWIDTH 467 0
DWIDTH 14 0
BBX 14 30 0 -7
BITMAP
0000
0000
0000
0000
0000
0000
0000
0000
0000
0000
0000
0000
0000
0000
0000
0000
0000
0000
0000
0000
0000
0000
0000
0000
0000
0000
0000
0000
0000
0000
ENDCHAR
STARTCHAR PHyphen
ENCODING 8208
SWIDTH 467 0
DWIDTH 14 0
BBX 14 30 0 -7
BITMAP
0000
0000
0000
0000
0000
0000
0000
0000
0000
0000
0000
0000
0000
0000
0000
3FE0
3FE0
0000
0000
0000
0000
0000
0000
0000
0000
0000
0000
0000
0000
0000
ENDCHAR
STARTCHAR PHyphenNoBreak
ENCODING 8209
SWIDTH 467 0
DWIDTH 14 0
BBX 14 30 0 -7
BITMAP
0000
0000
0000
0000
0000
0000
0000
0000
0000
0000
0000
0000
0000
0000
0000
3FE0
3FE0
0000
0000
0000
0000
0000
0000
0000
0000
0000
0000
0000
0000
0000
ENDCHAR
STARTCHAR PHyphenFig
ENCODING 8210
SWIDTH 467 0
DWIDTH 14 0
BBX 14 30 0 -7
BITMAP
0000
0000
0000
0000
0000
0000
0000
0000
0000
0000
0000
0000
0000
0000
0000
3FE0
3FE0
0000
0000
0000
0000
0000
0000
0000
0000
0000
0000
0000
0000
0000
ENDCHAR
STARTCHAR PDashEn
ENCODING 8211
SWIDTH 467 0
DWIDTH 14 0
BBX 14 30 0 -7
BITMAP
0000
0000
0000
0000
0000
0000
0000
0000
0000
0000
0000
0000
0000
0000
0000
7FF0
7FF0
0000
0000
0000
0000
0000
0000
0000
0000
0000
0000
0000
0000
0000
ENDCHAR
STARTCHAR PDashEm
ENCODING 8212
SWIDTH 467 0
DWIDTH 14 0
BBX 14 30 0 -7
BITMAP
0000
0000
0000
0000
0000
0000
0000
0000
0000
0000
0000
0000
0000
0000
0000
7FF8
7FF8
0000
0000
0000
0000
0000
0000
0000
0000
0000
0000
0000
0000
0000
ENDCHAR
STARTCHAR PHorizBar
ENCODING 8213
SWIDTH 467 0
DWIDTH 14 0
BBX 14 30 0 -7
BITMAP
0000
0000
0000
0000
0000
0000
0000
0000
0000
0000
0000
0000
0000
0000
0000
FFF8
FFF8
0000
0000
0000
0000
0000
0000
0000
0000
0000
0000
0000
0000
0000
ENDCHAR
STARTCHAR OVertBar2
ENCODING 8214
SWIDTH 467 0
DWIDTH 14 0
BBX 14 30 0 -7
BITMAP
0000
0000
0000
0000
0CC0
0CC0
0CC0
0CC0
0CC0
0CC0
0CC0
0CC0
0CC0
0CC0
0CC0
0CC0
0CC0
0CC0
0CC0
0CC0
0CC0
0CC0
0CC0
0CC0
0000
0000
0000
0000
0000
0000
ENDCHAR
STARTCHAR OLowline2
ENCODING 8215
SWIDTH 467 0
DWIDTH 14 0
BBX 14 30 0 -7
BITMAP
0000
0000
0000
0000
0000
0000
0000
0000
0000
0000
0000
0000
0000
0000
0000
0000
0000
0000
0000
0000
0000
7FE0
7FE0
0000
0000
FFC0
FFC0
0000
0000
0000
ENDCHAR
STARTCHAR PQuoteL
ENCODING 8216
SWIDTH 467 0
DWIDTH 14 0
BBX 14 30 0 -7
BITMAP
0000
0000
0000
0000
0060
00E0
01C0
0180
03C0
03C0
0180
0000
0000
0000
0000
0000
0000
0000
0000
0000
0000
0000
0000
0000
0000
0000
0000
0000
0000
0000
ENDCHAR
STARTCHAR PQuoteR
ENCODING 8217
SWIDTH 467 0
DWIDTH 14 0
BBX 14 30 0 -7
BITMAP
0000
0000
0000
0000
00C0
01E0
01E0
00C0
01C0
0380
0300
0000
0000
0000
0000
0000
0000
0000
0000
0000
0000
0000
0000
0000
0000
0000
0000
0000
0000
0000
ENDCHAR
STARTCHAR PQuoteL9
ENCODING 8218
SWIDTH 467 0
DWIDTH 14 0
BBX 14 30 0 -7
BITMAP
0000
0000
0000
0000
0000
0000
0000
0000
0000
0000
0000
0000
0000
0000
0000
0000
0000
0000
0000
0600
0F00
0F00
0600
0E00
1C00
1800
0000
0000
0000
0000
ENDCHAR
STARTCHAR PQuoteHe
ENCODING 8219
SWIDTH 467 0
DWIDTH 14 0
BBX 14 30 0 -7
BITMAP
0000
0000
0000
0000
0060
00F0
01F0
01C0
0180
0180
0180
0000
0000
0000
0000
0000
0000
0000
0000
0000
0000
0000
0000
0000
0000
0000
0000
0000
0000
0000
ENDCHAR
STARTCHAR PQuote2L
ENCODING 8220
SWIDTH 467 0
DWIDTH 14 0
BBX 14 30 0 -7
BITMAP
0000
0000
0000
0000
030C
071C
0E38
0C30
1E78
1E78
0C30
0000
0000
0000
0000
0000
0000
0000
0000
0000
0000
0000
0000
0000
0000
0000
0000
0000
0000
0000
ENDCHAR
STARTCHAR PQuote2R
ENCODING 8221
SWIDTH 467 0
DWIDTH 14 0
BBX 14 30 0 -7
BITMAP
0000
0000
0000
0000
0618
0F3C
0F3C
0618
0E38
1C70
1860
0000
0000
0000
0000
0000
0000
0000
0000
0000
0000
0000
0000
0000
0000
0000
0000
0000
0000
0000
ENDCHAR
STARTCHAR PQuote2L9
ENCODING 8222
SWIDTH 467 0
DWIDTH 14 0
BBX 14 30 0 -7
BITMAP
0000
0000
0000
0000
0000
0000
0000
0000
0000
0000
0000
0000
0000
0000
0000
0000
0000
0000
0000
30C0
79E0
79E0
30C0
71C0
E380
C300
0000
0000
0000
0000
ENDCHAR
STARTCHAR PQuote2He
ENCODING 8223
SWIDTH 467 0
DWIDTH 14 0
BBX 14 30 0 -7
BITMAP
0000
0000
0000
0000
0618
0F3C
1F7C
1C70
1860
1860
1860
0000
0000
0000
0000
0000
0000
0000
0000
0000
0000
0000
0000
0000
0000
0000
0000
0000
0000
0000
ENDCHAR
STARTCHAR SDagger
ENCODING 8224
SWIDTH 467 0
DWIDTH 14 0
BBX 14 30 0 -7
BITMAP
0000
0000
0000
0000
0000
00C0
01E0
00C0
00C0
1188
3FFC
3FFC
1188
0180
0180
0300
0300
0300
0780
0300
0600
0600
0600
0600
0000
0000
0000
0000
0000
0000
ENDCHAR
STARTCHAR SDagger2
ENCODING 8225
SWIDTH 467 0
DWIDTH 14 0
BBX 14 30 0 -7
BITMAP
0000
0000
0000
0000
0000
00C0
01E0
00C0
00C0
1188
3FFC
3FFC
1188
0180
0180
0300
0300
2310
7FF8
7FF8
2310
0600
0600
0F00
0600
0000
0000
0000
0000
0000
ENDCHAR
STARTCHAR DBulletB
ENCODING 8226
SWIDTH 467 0
DWIDTH 14 0
BBX 14 30 0 -7
BITMAP
0000
0000
0000
0000
0000
0000
0000
0000
0000
0000
0000
0000
0780
0FC0
1FE0
1FE0
1FE0
1FE0
0FC0
0780
0000
0000
0000
0000
0000
0000
0000
0000
0000
0000
ENDCHAR
STARTCHAR DBulletTriangB
ENCODING 8227
SWIDTH 467 0
DWIDTH 14 0
BBX 14 30 0 -7
BITMAP
0000
0000
0000
0000
0000
0000
0000
0000
0000
0000
0000
3000
3C00
3F00
3FC0
3FF0
3FF0
3FC0
3F00
3C00
3000
0000
0000
0000
0000
0000
0000
0000
0000
0000
ENDCHAR
STARTCHAR PHorizEllips1
ENCODING 8228
SWIDTH 467 0
DWIDTH 14 0
BBX 14 30 0 -7
BITMAP
0000
0000
0000
0000
0000
0000
0000
0000
0000
0000
0000
0000
0000
0000
0000
0000
0000
0000
0000
0600
0F00
0F00
0600
0000
0000
0000
0000
0000
0000
0000
ENDCHAR
STARTCHAR PHorizEllips2
ENCODING 8229
SWIDTH 467 0
DWIDTH 14 0
BBX 14 30 0 -7
BITMAP
0000
0000
0000
0000
0000
0000
0000
0000
0000
0000
0000
0000
0000
0000
0000
0000
0000
0000
0000
30C0
79E0
79E0
30C0
0000
0000
0000
0000
0000
0000
0000
ENDCHAR
STARTCHAR PHorizEllips
ENCODING 8230
SWIDTH 467 0
DWIDTH 14 0
BBX 14 30 0 -7
BITMAP
0000
0000
0000
0000
0000
0000
0000
0000
0000
0000
0000
0000
0000
0000
0000
0000
0000
0000
0000
6318
F7BC
F7BC
6318
0000
0000
0000
0000
0000
0000
0000
ENDCHAR
STARTCHAR PMiddleDotHyph
ENCODING 8231
SWIDTH 467 0
DWIDTH 14 0
BBX 14 30 0 -7
BITMAP
0000
0000
0000
0000
0000
0000
0000
0000
0000
0000
0000
0000
0000
0600
0F00
0F00
0600
0000
0000
0000
0000
0000
0000
0000
0000
0000
0000
0000
0000
0000
ENDCHAR
STARTCHAR CtlLSep
ENCODING 8232
SWIDTH 467 0
DWIDTH 14 0
BBX 14 30 0 -7
BITMAP
0000
0000
0000
0000
0C00
0C00
0C00
0C00
1800
1800
1800
1FC0
1FC0
0000
0000
0000
03E0
07F0
0610
0700
03C0
00E0
0860
0FE0
07C0
0000
0000
0000
0000
0000
ENDCHAR
STARTCHAR CtlPSep
ENCODING 8233
SWIDTH 467 0
DWIDTH 14 0
BBX 14 30 0 -7
BITMAP
0000
0000
0000
0000
0FC0
0FE0
0C60
0CE0
1FC0
1F80
1800
1800
1800
0000
0000
0000
03E0
07F0
0610
0700
03C0
00E0
0860
0FE0
07C0
0000
0000
0000
0000
0000
ENDCHAR
STARTCHAR SpaceNoBreakNarrow
ENCODING 8239
SWIDTH 467 0
DWIDTH 14 0
BBX 14 30 0 -7
BITMAP
0000
0000
0000
0000
0000
0000
0000
0000
0000
0000
0000
0000
0000
0000
0000
0000
0000
0000
0000
0000
0000
0000
0000
0000
0000
0000
0000
0000
0000
0000
ENDCHAR
STARTCHAR SPermill
ENCODING 8240
SWIDTH 467 0
DWIDTH 14 0
BBX 14 30 0 -7
BITMAP
0000
0000
0000
0000
0000
1800
3C00
2C18
6C38
6870
79E0
33C0
0700
1E00
3C00
7000
E630
CF78
0B58
1BD8
1AD0
1EF0
0C60
0000
0000
0000
0000
0000
0000
0000
ENDCHAR
STARTCHAR MPrime
ENCODING 8242
SWIDTH 467 0
DWIDTH 14 0
BBX 14 30 0 -7
BITMAP
0000
0000
0000
0000
0060
00E0
00C0
0180
0300
0200
0000
0000
0000
0000
0000
0000
0000
0000
0000
0000
0000
0000
0000
0000
0000
0000
0000
0000
0000
0000
ENDCHAR
STARTCHAR MPrime2
ENCODING 8243
SWIDTH 467 0
DWIDTH 14 0
BBX 14 30 0 -7
BITMAP
0000
0000
0000
0000
0198
03B8
0330
0660
0CC0
0880
0000
0000
0000
0000
0000
0000
0000
0000
0000
0000
0000
0000
0000
0000
0000
0000
0000
0000
0000
0000
ENDCHAR
STARTCHAR MPrime3
ENCODING 8244
SWIDTH 467 0
DWIDTH 14 0
BBX 14 30 0 -7
BITMAP
0000
0000
0000
0000
0CCC
1DDC
1998
3330
6660
4440
0000
0000
0000
0000
0000
0000
0000
0000
0000
0000
0000
0000
0000
0000
0000
0000
0000
0000
0000
0000
ENDCHAR
STARTCHAR MPrimeRev
ENCODING 8245
SWIDTH 467 0
DWIDTH 14 0
BBX 14 30 0 -7
BITMAP
0000
0000
0000
0000
0300
0380
0180
00C0
0060
0020
0000
0000
0000
0000
0000
0000
0000
0000
0000
0000
0000
0000
0000
0000
0000
0000
0000
0000
0000
0000
ENDCHAR
STARTCHAR MPrimeRev2
ENCODING 8246
SWIDTH 467 0
DWIDTH 14 0
BBX 14 30 0 -7
BITMAP
0000
0000
0000
0000
0CC0
0EE0
0660
0330
0198
0088
0000
0000
0000
0000
0000
0000
0000
0000
0000
0000
0000
0000
0000
0000
0000
0000
0000
0000
0000
0000
ENDCHAR
STARTCHAR MPrimeRev3
ENCODING 8247
SWIDTH 467 0
DWIDTH 14 0
BBX 14 30 0 -7
BITMAP
0000
0000
0000
0000
6660
7770
3330
1998
0CCC
0444
0000
0000
0000
0000
0000
0000
0000
0000
0000
0000
0000
0000
0000
0000
0000
0000
0000
0000
0000
0000
ENDCHAR
STARTCHAR DCaret
ENCODING 8248
SWIDTH 467 0
DWIDTH 14 0
BBX 14 30 0 -7
BITMAP
0000
0000
0000
0000
0000
0000
0000
0000
0000
0000
0000
0000
0000
0000
0000
0000
0000
0000
0000
0000
0000
0600
0600
0F00
1F80
39C0
70E0
6060
0000
0000
ENDCHAR
STARTCHAR PQuoteAngleL
ENCODING 8249
SWIDTH 467 0
DWIDTH 14 0
BBX 14 30 0 -7
BITMAP
0000
0000
0000
0000
0000
0000
0000
0000
0000
0000
0000
0000
0060
00E0
01C0
0380
0700
0380
01C0
00C0
0000
0000
0000
0000
0000
0000
0000
0000
0000
0000
ENDCHAR
STARTCHAR PQuoteAngleR
ENCODING 8250
SWIDTH 467 0
DWIDTH 14 0
BBX 14 30 0 -7
BITMAP
0000
0000
0000
0000
0000
0000
0000
0000
0000
0000
0000
0000
0600
0700
0380
01C0
0380
0700
0E00
0C00
0000
0000
0000
0000
0000
0000
0000
0000
0000
0000
ENDCHAR
STARTCHAR PReferenceMark
ENCODING 8251
SWIDTH 467 0
DWIDTH 14 0
BBX 14 30 0 -7
BITMAP
0000
0000
0000
0000
0000
0000
0000
0000
0000
0300
6798
7338
3870
1CE0
4FC8
E79C
E79C
4FC8
1CE0
3870
7338
6798
0300
0000
0000
0000
0000
0000
0000
0000
ENDCHAR
STARTCHAR PExclam2
ENCODING 8252
SWIDTH 467 0
DWIDTH 14 0
BBX 14 30 0 -7
BITMAP
0000
0000
0000
0000
0000
0618
0F3C
0F3C
0F3C
0E38
0E38
0C30
0C30
1C70
1860
1860
1860
0000
0000
30C0
79E0
79E0
30C0
0000
0000
0000
0000
0000
0000
0000
ENDCHAR
STARTCHAR PInterrobang
ENCODING 8253
SWIDTH 467 0
DWIDTH 14 0
BBX 14 30 0 -7
BITMAP
0000
0000
0000
0000
0000
03F0
07F8
0EDC
0CCC
0CCC
019C
01B8
01F0
01E0
03C0
0380
0300
0000
0000
0600
0F00
0F00
0600
0000
0000
0000
0000
0000
0000
0000
ENDCHAR
STARTCHAR OLineAbove
ENCODING 8254
SWIDTH 467 0
DWIDTH 14 0
BBX 14 30 0 -7
BITMAP
0000
0000
0000
0000
0FFC
0FFC
0000
0000
0000
0000
0000
0000
0000
0000
0000
0000
0000
0000
0000
0000
0000
0000
0000
0000
0000
0000
0000
0000
0000
0000
ENDCHAR
STARTCHAR PUndertie
ENCODING 8255
SWIDTH 467 0
DWIDTH 14 0
BBX 14 30 0 -7
BITMAP
0000
0000
0000
0000
0000
0000
0000
0000
0000
0000
0000
0000
0000
0000
0000
0000
0000
0000
0000
0000
0000
4020
6060
70E0
3FC0
1F80
0000
0000
0000
0000
ENDCHAR
STARTCHAR PTie
ENCODING 8256
SWIDTH 467 0
DWIDTH 14 0
BBX 14 30 0 -7
BITMAP
0000
0000
0000
03F0
07F8
0E1C
0C0C
0804
0000
0000
0000
0000
0000
0000
0000
0000
0000
0000
0000
0000
0000
0000
0000
0000
0000
0000
0000
0000
0000
0000
ENDCHAR
STARTCHAR DCaretInsert
ENCODING 8257
SWIDTH 467 0
DWIDTH 14 0
BBX 14 30 0 -7
BITMAP
0000
0000
0000
0000
0000
0000
0000
0000
0000
0000
0000
0000
0000
0000
0000
0000
0000
0000
0180
0380
0300
0700
0600
0F00
1F80
39C0
70E0
6060
0000
0000
ENDCHAR
STARTCHAR DAsterisk3
ENCODING 8258
SWIDTH 467 0
DWIDTH 14 0
BBX 14 30 0 -7
BITMAP
0000
0000
0000
0000
0000
0000
0040
0040
0358
01F0
01C0
03E0
06B0
0080
0080
1020
1020
D6AC
7CF8
3870
F9F0
AB58
2040
2040
0000
0000
0000
0000
0000
0000
ENDCHAR
STARTCHAR DBulletHyphB
ENCODING 8259
SWIDTH 467 0
DWIDTH 14 0
BBX 14 30 0 -7
BITMAP
0000
0000
0000
0000
0000
0000
0000
0000
0000
0000
0000
0000
0000
0000
3FF0
3FF0
3FF0
3FF0
0000
0000
0000
0000
0000
0000
0000
0000
0000
0000
0000
0000
ENDCHAR
STARTCHAR PSolidusFrac
ENCODING 8260
SWIDTH 467 0
DWIDTH 14 0
BBX 14 30 0 -7
BITMAP
0000
0000
0000
0000
0000
0000
0000
0000
0000
0018
0030
0060
00C0
0180
0300
0600
0C00
1800
3000
6000
0000
0000
0000
0000
0000
0000
0000
0000
0000
0000
ENDCHAR
STARTCHAR PSquareBrackQuillL
ENCODING 8261
SWIDTH 467 0
DWIDTH 14 0
BBX 14 30 0 -7
BITMAP
0000
0000
0000
0000
03F0
03F0
0300
0300
0300
0300
0600
0600
0600
0780
0780
0F80
0C00
0C00
0C00
0C00
1800
1800
1800
1F80
1F80
0000
0000
0000
0000
0000
ENDCHAR
STARTCHAR PSquareBrackQuillR
ENCODING 8262
SWIDTH 467 0
DWIDTH 14 0
BBX 14 30 0 -7
BITMAP
0000
0000
0000
0000
03F0
03F0
0030
0030
0030
0030
0060
0060
0060
03E0
03E0
03C0
00C0
00C0
00C0
00C0
0180
0180
0180
1F80
1F80
0000
0000
0000
0000
0000
ENDCHAR
STARTCHAR PQuestionExclam
ENCODING 8264
SWIDTH 467 0
DWIDTH 14 0
BBX 14 30 0 -7
BITMAP
0000
0000
0000
0000
0000
0E1C
1F3C
3B3C
333C
3338
0638
0630
0C30
0C30
1860
1860
1860
0000
0000
30C0
79E0
79E0
30C0
0000
0000
0000
0000
0000
0000
0000
ENDCHAR
STARTCHAR PExclamQuestion
ENCODING 8265
SWIDTH 467 0
DWIDTH 14 0
BBX 14 30 0 -7
BITMAP
0000
0000
0000
0000
0000
0E38
1E7C
1EEC
1ECC
1CCC
1C18
1818
1830
3030
3060
3060
3060
0000
0000
60C0
F1E0
F1E0
60C0
0000
0000
0000
0000
0000
0000
0000
ENDCHAR
STARTCHAR STironianEt
ENCODING 8266
SWIDTH 467 0
DWIDTH 14 0
BBX 14 30 0 -7
BITMAP
0000
0000
0000
0000
0000
0000
0000
0000
0000
0000
1FF8
1FF8
0018
0030
0030
0060
0060
0060
00C0
00C0
0180
0180
0180
0000
0000
0000
0000
0000
0000
0000
ENDCHAR
STARTCHAR SPilcrowRev
ENCODING 8267
SWIDTH 467 0
DWIDTH 14 0
BBX 14 30 0 -7
BITMAP
0000
0000
0000
0000
0000
0000
0FF8
0FFC
0CCC
0CCC
198C
1998
1998
1998
19F0
33E0
3300
3300
3300
6600
6600
6600
6600
0000
0000
0000
0000
0000
0000
0000
ENDCHAR
STARTCHAR DBulletLeftB
ENCODING 8268
SWIDTH 467 0
DWIDTH 14 0
BBX 14 30 0 -7
BITMAP
0000
0000
0000
0000
0000
0000
0000
0000
0000
0000
0000
0000
0FF0
1F30
3F30
3F30
3F30
1F30
0FF0
0000
0000
0000
0000
0000
0000
0000
0000
0000
0000
0000
ENDCHAR
STARTCHAR DBulletRightB
ENCODING 8269
SWIDTH 467 0
DWIDTH 14 0
BBX 14 30 0 -7
BITMAP
0000
0000
0000
0000
0000
0000
0000
0000
0000
0000
0000
0000
3FC0
33E0
33F0
33F0
33F0
33E0
3FC0
0000
0000
0000
0000
0000
0000
0000
0000
0000
0000
0000
ENDCHAR
STARTCHAR SAsteriskCntrd
ENCODING 8270
SWIDTH 467 0
DWIDTH 14 0
BBX 14 30 0 -7
BITMAP
0000
0000
0000
0000
0000
0000
0000
0000
0000
0000
0000
0C30
0E70
0660
03C0
3FF8
3FF8
0780
0CC0
1CE0
1860
0000
0000
0000
0000
0000
0000
0000
0000
0000
ENDCHAR
STARTCHAR SMinusComm
ENCODING 8274
SWIDTH 467 0
DWIDTH 14 0
BBX 14 30 0 -7
BITMAP
0000
0000
0000
0000
0000
0C0C
1E0C
1E1C
0C38
0030
0060
00E0
01C0
0180
0300
0700
0E00
0C00
1800
3860
70F0
60F0
6060
0000
0000
0000
0000
0000
0000
0000
ENDCHAR
STARTCHAR Sup0
ENCODING 8304
SWIDTH 467 0
DWIDTH 14 0
BBX 14 30 0 -7
BITMAP
0000
0000
0000
0060
01F0
03B8
0318
0618
0618
0618
0630
0770
03E0
0180
0000
0000
0000
0000
0000
0000
0000
0000
0000
0000
0000
0000
0000
0000
0000
0000
ENDCHAR
STARTCHAR SupSmlI
ENCODING 8305
SWIDTH 467 0
DWIDTH 14 0
BBX 14 30 0 -7
BITMAP
0000
0000
0060
0060
0000
03C0
03C0
00C0
0180
0180
0180
0300
03E0
01E0
0000
0000
0000
0000
0000
0000
0000
0000
0000
0000
0000
0000
0000
0000
0000
0000
ENDCHAR
STARTCHAR Sup4
ENCODING 8308
SWIDTH 467 0
DWIDTH 14 0
BBX 14 30 0 -7
BITMAP
0000
0000
0000
0030
0070
00F0
01B0
0360
0660
0660
0FF0
0FF0
00C0
00C0
0000
0000
0000
0000
0000
0000
0000
0000
0000
0000
0000
0000
0000
0000
0000
0000
ENDCHAR
STARTCHAR Sup5
ENCODING 8309
SWIDTH 467 0
DWIDTH 14 0
BBX 14 30 0 -7
BITMAP
0000
0000
0000
01F8
01F8
0180
0300
03E0
03F0
0030
0030
0C60
0FE0
07C0
0000
0000
0000
0000
0000
0000
0000
0000
0000
0000
0000
0000
0000
0000
0000
0000
ENDCHAR
STARTCHAR Sup6
ENCODING 8310
SWIDTH 467 0
DWIDTH 14 0
BBX 14 30 0 -7
BITMAP
0000
0000
0000
00F0
01F0
0380
0300
06E0
07F0
0E30
0C30
0C70
0FE0
07C0
0000
0000
0000
0000
0000
0000
0000
0000
0000
0000
0000
0000
0000
0000
0000
0000
ENDCHAR
STARTCHAR Sup7
ENCODING 8311
SWIDTH 467 0
DWIDTH 14 0
BBX 14 30 0 -7
BITMAP
0000
0000
0000
03FC
03FC
0018
0030
0070
0060
00C0
01C0
0180
0300
0300
0000
0000
0000
0000
0000
0000
0000
0000
0000
0000
0000
0000
0000
0000
0000
0000
ENDCHAR
STARTCHAR Sup8
ENCODING 8312
SWIDTH 467 0
DWIDTH 14 0
BBX 14 30 0 -7
BITMAP
0000
0000
0000
00F0
01F8
0318
0330
01E0
01C0
03E0
0630
0C30
0FF0
07E0
0000
0000
0000
0000
0000
0000
0000
0000
0000
0000
0000
0000
0000
0000
0000
0000
ENDCHAR
STARTCHAR Sup9
ENCODING 8313
SWIDTH 467 0
DWIDTH 14 0
BBX 14 30 0 -7
BITMAP
0000
0000
0000
01F0
03F8
0718
0618
0638
07F0
03B0
0030
0060
07E0
0780
0000
0000
0000
0000
0000
0000
0000
0000
0000
0000
0000
0000
0000
0000
0000
0000
ENDCHAR
STARTCHAR SupPlus
ENCODING 8314
SWIDTH 467 0
DWIDTH 14 0
BBX 14 30 0 -7
BITMAP
0000
0000
0000
0000
0000
0000
00C0
00C0
00C0
07F0
07F0
0180
0180
0180
0000
0000
0000
0000
0000
0000
0000
0000
0000
0000
0000
0000
0000
0000
0000
0000
ENDCHAR
STARTCHAR SupMinus
ENCODING 8315
SWIDTH 467 0
DWIDTH 14 0
BBX 14 30 0 -7
BITMAP
0000
0000
0000
0000
0000
0000
0000
0000
0000
07F0
07F0
0000
0000
0000
0000
0000
0000
0000
0000
0000
0000
0000
0000
0000
0000
0000
0000
0000
0000
0000
ENDCHAR
STARTCHAR SupEqual
ENCODING 8316
SWIDTH 467 0
DWIDTH 14 0
BBX 14 30 0 -7
BITMAP
0000
0000
0000
0000
0000
0000
0000
07F8
07F8
0000
0000
0FF0
0FF0
0000
0000
0000
0000
0000
0000
0000
0000
0000
0000
0000
0000
0000
0000
0000
0000
0000
ENDCHAR
STARTCHAR SupParenL
ENCODING 8317
SWIDTH 467 0
DWIDTH 14 0
BBX 14 30 0 -7
BITMAP
0000
0000
0000
0030
0070
00C0
00C0
0180
0180
0180
0180
0180
01C0
00C0
0000
0000
0000
0000
0000
0000
0000
0000
0000
0000
0000
0000
0000
0000
0000
0000
ENDCHAR
STARTCHAR SupParenR
ENCODING 8318
SWIDTH 467 0
DWIDTH 14 0
BBX 14 30 0 -7
BITMAP
0000
0000
0000
00C0
00E0
0060
0060
0060
0060
0060
00C0
00C0
0380
0300
0000
0000
0000
0000
0000
0000
0000
0000
0000
0000
0000
0000
0000
0000
0000
0000
ENDCHAR
STARTCHAR SupSmlN
ENCODING 8319
SWIDTH 467 0
DWIDTH 14 0
BBX 14 30 0 -7
BITMAP
0000
0000
0000
0000
0000
0CF0
0FF8
0718
0618
0630
0C30
0C60
0C78
0C38
0000
0000
0000
0000
0000
0000
0000
0000
0000
0000
0000
0000
0000
0000
0000
0000
ENDCHAR
STARTCHAR Sub0
ENCODING 8320
SWIDTH 467 0
DWIDTH 14 0
BBX 14 30 0 -7
BITMAP
0000
0000
0000
0000
0000
0000
0000
0000
0000
0000
0000
0000
0000
0000
0000
0000
0180
07C0
0EE0
0C60
1860
1860
1860
18C0
19C0
0F80
0600
0000
0000
0000
ENDCHAR
STARTCHAR Sub1
ENCODING 8321
SWIDTH 467 0
DWIDTH 14 0
BBX 14 30 0 -7
BITMAP
0000
0000
0000
0000
0000
0000
0000
0000
0000
0000
0000
0000
0000
0000
0000
0000
00C0
01C0
07C0
0F80
0D80
0180
0180
0300
0300
0300
0300
0000
0000
0000
ENDCHAR
STARTCHAR Sub2
ENCODING 8322
SWIDTH 467 0
DWIDTH 14 0
BBX 14 30 0 -7
BITMAP
0000
0000
0000
0000
0000
0000
0000
0000
0000
0000
0000
0000
0000
0000
0000
0000
07C0
0FE0
1C60
1860
00E0
01C0
0380
0E00
1C00
3FC0
3FC0
0000
0000
0000
ENDCHAR
STARTCHAR Sub3
ENCODING 8323
SWIDTH 467 0
DWIDTH 14 0
BBX 14 30 0 -7
BITMAP
0000
0000
0000
0000
0000
0000
0000
0000
0000
0000
0000
0000
0000
0000
0000
0000
07C0
0FE0
1860
0060
03C0
03C0
00C0
00C0
30C0
3FC0
1F80
0000
0000
0000
ENDCHAR
STARTCHAR Sub4
ENCODING 8324
SWIDTH 467 0
DWIDTH 14 0
BBX 14 30 0 -7
BITMAP
0000
0000
0000
0000
0000
0000
0000
0000
0000
0000
0000
0000
0000
0000
0000
0000
00C0
01C0
03C0
06C0
0D80
1980
1980
3FC0
3FC0
0300
0300
0000
0000
0000
ENDCHAR
STARTCHAR Sub5
ENCODING 8325
SWIDTH 467 0
DWIDTH 14 0
BBX 14 30 0 -7
BITMAP
0000
0000
0000
0000
0000
0000
0000
0000
0000
0000
0000
0000
0000
0000
0000
0000
07E0
07E0
0600
0C00
0F80
0FC0
00C0
00C0
3180
3F80
1F00
0000
0000
0000
ENDCHAR
STARTCHAR Sub6
ENCODING 8326
SWIDTH 467 0
DWIDTH 14 0
BBX 14 30 0 -7
BITMAP
0000
0000
0000
0000
0000
0000
0000
0000
0000
0000
0000
0000
0000
0000
0000
0000
03C0
07C0
0E00
0C00
1B80
1FC0
38C0
30C0
31C0
3F80
1F00
0000
0000
0000
ENDCHAR
STARTCHAR Sub7
ENCODING 8327
SWIDTH 467 0
DWIDTH 14 0
BBX 14 30 0 -7
BITMAP
0000
0000
0000
0000
0000
0000
0000
0000
0000
0000
0000
0000
0000
0000
0000
0000
0FF0
0FF0
0060
00C0
01C0
0180
0300
0700
0600
0C00
0C00
0000
0000
0000
ENDCHAR
STARTCHAR Sub8
ENCODING 8328
SWIDTH 467 0
DWIDTH 14 0
BBX 14 30 0 -7
BITMAP
0000
0000
0000
0000
0000
0000
0000
0000
0000
0000
0000
0000
0000
0000
0000
0000
03C0
07E0
0C60
0CC0
0780
0700
0F80
18C0
30C0
3FC0
1F80
0000
0000
0000
ENDCHAR
STARTCHAR Sub9
ENCODING 8329
SWIDTH 467 0
DWIDTH 14 0
BBX 14 30 0 -7
BITMAP
0000
0000
0000
0000
0000
0000
0000
0000
0000
0000
0000
0000
0000
0000
0000
0000
07C0
0FE0
1C60
1860
18E0
1FC0
0EC0
00C0
0180
1F80
1E00
0000
0000
0000
ENDCHAR
STARTCHAR SubPlus
ENCODING 8330
SWIDTH 467 0
DWIDTH 14 0
BBX 14 30 0 -7
BITMAP
0000
0000
0000
0000
0000
0000
0000
0000
0000
0000
0000
0000
0000
0000
0000
0000
0000
0000
0000
0300
0300
0300
1FC0
1FC0
0600
0600
0600
0000
0000
0000
ENDCHAR
STARTCHAR SubMinus
ENCODING 8331
SWIDTH 467 0
DWIDTH 14 0
BBX 14 30 0 -7
BITMAP
0000
0000
0000
0000
0000
0000
0000
0000
0000
0000
0000
0000
0000
0000
0000
0000
0000
0000
0000
0000
0000
0000
1FC0
1FC0
0000
0000
0000
0000
0000
0000
ENDCHAR
STARTCHAR SubEqual
ENCODING 8332
SWIDTH 467 0
DWIDTH 14 0
BBX 14 30 0 -7
BITMAP
0000
0000
0000
0000
0000
0000
0000
0000
0000
0000
0000
0000
0000
0000
0000
0000
0000
0000
0000
0000
1FE0
1FE0
0000
0000
3FC0
3FC0
0000
0000
0000
0000
ENDCHAR
STARTCHAR SubParenL
ENCODING 8333
SWIDTH 467 0
DWIDTH 14 0
BBX 14 30 0 -7
BITMAP
0000
0000
0000
0000
0000
0000
0000
0000
0000
0000
0000
0000
0000
0000
0000
0000
00C0
01C0
0300
0300
0600
0600
0600
0600
0600
0700
0300
0000
0000
0000
ENDCHAR
STARTCHAR SubParenR
ENCODING 8334
SWIDTH 467 0
DWIDTH 14 0
BBX 14 30 0 -7
BITMAP
0000
0000
0000
0000
0000
0000
0000
0000
0000
0000
0000
0000
0000
0000
0000
0000
0300
0380
0180
0180
0180
0180
0180
0300
0300
0E00
0C00
0000
0000
0000
ENDCHAR
STARTCHAR SubSmlA
ENCODING 8336
SWIDTH 467 0
DWIDTH 14 0
BBX 14 30 0 -7
BITMAP
0000
0000
0000
0000
0000
0000
0000
0000
0000
0000
0000
0000
0000
0000
0000
0000
0000
0000
06C0
1FC0
39C0
30C0
6180
6180
6380
7FC0
3CC0
0000
0000
0000
ENDCHAR
STARTCHAR SubSmlE
ENCODING 8337
SWIDTH 467 0
DWIDTH 14 0
BBX 14 30 0 -7
BITMAP
0000
0000
0000
0000
0000
0000
0000
0000
0000
0000
0000
0000
0000
0000
0000
0000
0000
0000
0780
1FC0
30C0
7FC0
7F80
6000
7000
3F80
1F00
0000
0000
0000
ENDCHAR
STARTCHAR SubSmlO
ENCODING 8338
SWIDTH 467 0
DWIDTH 14 0
BBX 14 30 0 -7
BITMAP
0000
0000
0000
0000
0000
0000
0000
0000
0000
0000
0000
0000
0000
0000
0000
0000
0000
0000
0700
1F80
39C0
30C0
60C0
6180
7380
3F00
1C00
0000
0000
0000
ENDCHAR
STARTCHAR SubSmlX
ENCODING 8339
SWIDTH 467 0
DWIDTH 14 0
BBX 14 30 0 -7
BITMAP
0000
0000
0000
0000
0000
0000
0000
0000
0000
0000
0000
0000
0000
0000
0000
0000
0000
0000
38C0
3DC0
0D00
0F00
0E00
1E00
1600
7780
6380
0000
0000
0000
ENDCHAR
STARTCHAR SubSmlSchwa
ENCODING 8340
SWIDTH 467 0
DWIDTH 14 0
BBX 14 30 0 -7
BITMAP
0000
0000
0000
0000
0000
0000
0000
0000
0000
0000
0000
0000
0000
0000
0000
0000
0000
0000
1F00
3F80
01C0
00C0
3FC0
7FC0
6180
7F00
3C00
0000
0000
0000
ENDCHAR
STARTCHAR SubSmlH
ENCODING 8341
SWIDTH 467 0
DWIDTH 14 0
BBX 14 30 0 -7
BITMAP
0000
0000
0000
0000
0000
0000
0000
0000
0000
0000
0000
0000
0000
0000
0000
1800
1800
1800
1B80
37C0
38C0
30C0
3180
6180
6300
63C0
61C0
0000
0000
0000
ENDCHAR
STARTCHAR SubSmlK
ENCODING 8342
SWIDTH 467 0
DWIDTH 14 0
BBX 14 30 0 -7
BITMAP
0000
0000
0000
0000
0000
0000
0000
0000
0000
0000
0000
0000
0000
0000
0000
1800
1800
1800
1B80
37C0
38C0
31C0
3F80
7E00
6600
6380
6180
0000
0000
0000
ENDCHAR
STARTCHAR SubSmlL
ENCODING 8343
SWIDTH 467 0
DWIDTH 14 0
BBX 14 30 0 -7
BITMAP
0000
0000
0000
0000
0000
0000
0000
0000
0000
0000
0000
0000
0000
0000
0000
0E00
0E00
0600
0600
0C00
0C00
0C00
0C00
1800
1800
1F00
0F00
0000
0000
0000
ENDCHAR
STARTCHAR SubSmlM
ENCODING 8344
SWIDTH 467 0
DWIDTH 14 0
BBX 14 30 0 -7
BITMAP
0000
0000
0000
0000
0000
0000
0000
0000
0000
0000
0000
0000
0000
0000
0000
0000
0000
0000
DDC0
FFE0
6660
6660
6660
CCC0
CCC0
CCE0
CC60
0000
0000
0000
ENDCHAR
STARTCHAR SubSmlN
ENCODING 8345
SWIDTH 467 0
DWIDTH 14 0
BBX 14 30 0 -7
BITMAP
0000
0000
0000
0000
0000
0000
0000
0000
0000
0000
0000
0000
0000
0000
0000
0000
0000
0000
6780
7FC0
38C0
30C0
3180
6180
6300
63C0
61C0
0000
0000
0000
ENDCHAR
STARTCHAR SubSmlP
ENCODING 8346
SWIDTH 467 0
DWIDTH 14 0
BBX 14 30 0 -7
BITMAP
0000
0000
0000
0000
0000
0000
0000
0000
0000
0000
0000
0000
0000
0000
0000
0000
0000
0000
3780
3FC0
38C0
30C0
60C0
6180
7180
7F00
CE00
C000
C000
C000
ENDCHAR
STARTCHAR SubSmlS
ENCODING 8347
SWIDTH 467 0
DWIDTH 14 0
BBX 14 30 0 -7
BITMAP
0000
0000
0000
0000
0000
0000
0000
0000
0000
0000
0000
0000
0000
0000
0000
0000
0000
0000
1F80
3FC0
3040
3C00
1F00
0780
4180
7F80
3F00
0000
0000
0000
ENDCHAR
STARTCHAR SubSmlT
ENCODING 8348
SWIDTH 467 0
DWIDTH 14 0
BBX 14 30 0 -7
BITMAP
0000
0000
0000
0000
0000
0000
0000
0000
0000
0000
0000
0000
0000
0000
0000
0000
0600
0600
3F80
3F80
0C00
0C00
0C00
1800
1980
1F80
0F00
0000
0000
0000
ENDCHAR
STARTCHAR SubSmlW
ENCODING 8349
SWIDTH 467 0
DWIDTH 14 0
BBX 14 30 0 -7
BITMAP
0000
0000
0000
0000
0000
0000
0000
0000
0000
0000
0000
0000
0000
0000
0000
0000
0000
0000
60E0
6060
6660
6660
6660
7FC0
3F80
3300
3300
0000
0000
0000
ENDCHAR
STARTCHAR SubSmlY
ENCODING 8350
SWIDTH 467 0
DWIDTH 14 0
BBX 14 30 0 -7
BITMAP
0000
0000
0000
0000
0000
0000
0000
0000
0000
0000
0000
0000
0000
0000
0000
0000
0000
0000
30C0
30C0
30C0
30C0
6180
6180
7F80
3D80
0180
0300
7F00
7E00
ENDCHAR
STARTCHAR SubSmlZ
ENCODING 8351
SWIDTH 467 0
DWIDTH 14 0
BBX 14 30 0 -7
BITMAP
0000
0000
0000
0000
0000
0000
0000
0000
0000
0000
0000
0000
0000
0000
0000
0000
0000
0000
1FC0
3F80
2300
0600
0C00
1800
3080
7F80
7F00
0000
0000
0000
ENDCHAR
STARTCHAR CurrEcu
ENCODING 8352
SWIDTH 467 0
DWIDTH 14 0
BBX 14 30 0 -7
BITMAP
0000
0000
0000
0000
0000
0000
03C0
07E0
0E60
0C00
1800
1800
31FC
31FC
3180
3300
3FE0
1FE0
0300
0300
0600
07F0
07F0
0000
0000
0000
0000
0000
0000
0000
ENDCHAR
STARTCHAR CurrColon
ENCODING 8353
SWIDTH 467 0
DWIDTH 14 0
BBX 14 30 0 -7
BITMAP
0000
0000
0000
0000
0024
0024
00FC
03FC
07DC
0E94
0DB0
1920
1B60
3240
36C0
3480
3D80
3900
3B00
3220
3E60
3FE0
6FC0
4800
4800
0000
0000
0000
0000
0000
ENDCHAR
STARTCHAR CurrCruzeiro
ENCODING 8354
SWIDTH 467 0
DWIDTH 14 0
BBX 14 30 0 -7
BITMAP
0000
0000
0000
0000
0000
0000
00F8
03FC
070C
0E04
0C00
1800
1800
31B0
31F0
31C0
3180
3180
3300
3320
1B60
1FE0
0FC0
0000
0000
0000
0000
0000
0000
0000
ENDCHAR
STARTCHAR CurrFranc
ENCODING 8355
SWIDTH 467 0
DWIDTH 14 0
BBX 14 30 0 -7
BITMAP
0000
0000
0000
0000
0000
0000
1FF8
1FF8
1800
1800
3000
31B8
31FC
3FCC
3F80
6300
6300
6300
6300
C600
C600
C600
C600
0000
0000
0000
0000
0000
0000
0000
ENDCHAR
STARTCHAR CurrLira
ENCODING 8356
SWIDTH 467 0
DWIDTH 14 0
BBX 14 30 0 -7
BITMAP
0000
0000
0000
0000
0000
0000
01F0
03F8
071C
060C
0C00
0C00
3FC0
3FC0
0C00
7F80
7F80
1800
1800
3000
6030
FFF0
FFF0
0000
0000
0000
0000
0000
0000
0000
ENDCHAR
STARTCHAR CurrMill
ENCODING 8357
SWIDTH 467 0
DWIDTH 14 0
BBX 14 30 0 -7
BITMAP
0000
0000
0000
0000
0000
0000
0000
0000
000C
0018
7738
7FFC
39EC
31CC
318C
6318
6318
6718
6718
CE30
DE30
F638
E618
4000
C000
0000
0000
0000
0000
0000
ENDCHAR
STARTCHAR CurrNaira
ENCODING 8358
SWIDTH 467 0
DWIDTH 14 0
BBX 14 30 0 -7
BITMAP
0000
0000
0000
0000
0000
0000
0C0C
0C0C
0C0C
0E0C
1E18
1A18
3FFC
1FF8
3118
3FF0
7FF8
30B0
30F0
60E0
6060
6060
6060
0000
0000
0000
0000
0000
0000
0000
ENDCHAR
STARTCHAR CurrPeseta
ENCODING 8359
SWIDTH 467 0
DWIDTH 14 0
BBX 14 30 0 -7
BITMAP
0000
0000
0000
0000
0000
0000
0FF0
0FF8
0C18
0C18
1838
1870
1FE0
1FC0
3000
3080
3180
37E0
37E0
6180
6300
63E0
61E0
0000
0000
0000
0000
0000
0000
0000
ENDCHAR
STARTCHAR CurrRupee
ENCODING 8360
SWIDTH 467 0
DWIDTH 14 0
BBX 14 30 0 -7
BITMAP
0000
0000
0000
0000
0000
0000
1F80
1FC0
18C0
18C0
1998
31BC
31F4
33E0
3F60
7C60
7860
6C30
6630
C630
C730
C7E0
C6C0
0000
0000
0000
0000
0000
0000
0000
ENDCHAR
STARTCHAR CurrWon
ENCODING 8361
SWIDTH 467 0
DWIDTH 14 0
BBX 14 30 0 -7
BITMAP
0000
0000
0000
0000
0000
0000
180C
180C
180C
1818
1998
1998
3398
7FFC
7FFC
35B0
3CF0
38E0
78E0
70E0
70C0
60C0
60C0
0000
0000
0000
0000
0000
0000
0000
ENDCHAR
STARTCHAR CurrSheqel
ENCODING 8362
SWIDTH 467 0
DWIDTH 14 0
BBX 14 30 0 -7
BITMAP
0000
0000
0000
0000
0000
0000
0000
0000
0000
7F30
7FB0
61B0
61B0
6DB0
6DB0
6DB0
6DB0
6DB0
6DB0
6C30
6C30
6FF0
6FE0
0000
0000
0000
0000
0000
0000
0000
ENDCHAR
STARTCHAR CurrDong
ENCODING 8363
SWIDTH 467 0
DWIDTH 14 0
BBX 14 30 0 -7
BITMAP
0000
0000
0000
0000
0000
0018
0018
01FC
01FC
0030
0330
0FB0
1CF0
3860
3060
6060
6060
60C0
60C0
61C0
73C0
3EE0
1C60
0000
0000
7F80
7F80
0000
0000
0000
ENDCHAR
STARTCHAR CurrEuro
ENCODING 8364
SWIDTH 467 0
DWIDTH 14 0
BBX 14 30 0 -7
BITMAP
0000
0000
0000
0000
0000
0000
0000
0000
00F8
03FC
070C
0600
0C00
3FF0
3FE0
1800
7FC0
7F80
1800
1800
1C30
0FF0
07E0
0000
0000
0000
0000
0000
0000
0000
ENDCHAR
STARTCHAR CurrKip
ENCODING 8365
SWIDTH 467 0
DWIDTH 14 0
BBX 14 30 0 -7
BITMAP
0000
0000
0000
0000
0000
0000
0C0C
0C1C
0C38
0C70
18E0
19C0
1B80
1FF0
1FF0
3700
3300
3380
3180
61C0
60C0
60E0
6060
0000
0000
0000
0000
0000
0000
0000
ENDCHAR
STARTCHAR CurrTugrik
ENCODING 8366
SWIDTH 467 0
DWIDTH 14 0
BBX 14 30 0 -7
BITMAP
0000
0000
0000
0000
0000
0000
0FFC
0FFC
00C0
00C0
00C0
0180
01E0
03E0
0F80
0F00
03C0
07C0
1F00
1E00
0600
0600
0600
0000
0000
0000
0000
0000
0000
0000
ENDCHAR
STARTCHAR CurrDrachma
ENCODING 8367
SWIDTH 467 0
DWIDTH 14 0
BBX 14 30 0 -7
BITMAP
0000
0000
0000
0000
0000
0000
0C40
1EC0
1B80
0300
0300
0700
0700
0F00
0B38
1B78
32D8
36D8
66D8
6698
CDB0
F9F0
F1E0
0180
0180
0300
0300
0300
0000
0000
ENDCHAR
STARTCHAR CurrPenny
ENCODING 8368
SWIDTH 467 0
DWIDTH 14 0
BBX 14 30 0 -7
BITMAP
0000
0000
0000
0000
0000
0030
0078
00FC
00CC
018C
018C
0198
0198
0098
00F0
0060
0C60
0CE0
1CB0
3DB0
6F30
EE30
CC30
0060
00E0
01C0
1F80
1F00
0000
0000
ENDCHAR
STARTCHAR CurrPeso
ENCODING 8369
SWIDTH 467 0
DWIDTH 14 0
BBX 14 30 0 -7
BITMAP
0000
0000
0000
0000
0000
0000
0FF0
0FF8
0C18
3FFC
3FFC
1818
3FFC
3FFC
1830
3FE0
3FC0
3000
3000
6000
6000
6000
6000
0000
0000
0000
0000
0000
0000
0000
ENDCHAR
STARTCHAR CurrGuarani
ENCODING 8370
SWIDTH 467 0
DWIDTH 14 0
BBX 14 30 0 -7
BITMAP
0000
0000
0000
0000
00C0
00C0
00C0
00F8
03FC
07CC
0F84
0D80
1980
1980
33F8
33F8
3330
3330
3330
3330
1E60
1FE0
0FE0
0600
0600
0600
0000
0000
0000
0000
ENDCHAR
STARTCHAR CurrAustral
ENCODING 8371
SWIDTH 467 0
DWIDTH 14 0
BBX 14 30 0 -7
BITMAP
0000
0000
0000
0000
0000
0000
00C0
00C0
01C0
01C0
03C0
0360
0660
3FF8
3FF8
0C60
7FF8
7FF8
3030
3030
6030
6030
E030
0000
0000
0000
0000
0000
0000
0000
ENDCHAR
STARTCHAR CurrHryvnia
ENCODING 8372
SWIDTH 467 0
DWIDTH 14 0
BBX 14 30 0 -7
BITMAP
0000
0000
0000
0000
0000
0000
07F0
0FF8
0C18
0818
0018
0030
1FF8
1FF8
0380
3FF0
3FF0
1800
3000
3020
3060
3FE0
1FC0
0000
0000
0000
0000
0000
0000
0000
ENDCHAR
STARTCHAR CurrCedi
ENCODING 8373
SWIDTH 467 0
DWIDTH 14 0
BBX 14 30 0 -7
BITMAP
0000
0000
0000
0000
00C0
00C0
00C0
00F8
03FC
078C
0F84
0D80
1980
1980
3300
3300
3300
3300
3300
3320
1E60
1FE0
0FC0
0600
0600
0600
0000
0000
0000
0000
ENDCHAR
STARTCHAR CurrLivre
ENCODING 8374
SWIDTH 467 0
DWIDTH 14 0
BBX 14 30 0 -7
BITMAP
0000
0000
0000
0000
0000
0C60
0C60
0C60
0C60
18C0
7FF8
7FF8
18C0
18C0
3180
3180
3180
3180
3180
6300
6330
63F0
61E0
0000
0000
0000
0000
0000
0000
0000
ENDCHAR
STARTCHAR CurrSpesmilo
ENCODING 8375
SWIDTH 467 0
DWIDTH 14 0
BBX 14 30 0 -7
BITMAP
0000
0000
0000
0000
0000
0000
01F8
03FC
070C
060C
0600
0300
0380
01C0
00E0
0060
F770
FFB0
6DB0
FDB0
DF70
DBE0
DBC0
0000
0000
0000
0000
0000
0000
0000
ENDCHAR
STARTCHAR CurrTenge
ENCODING 8376
SWIDTH 467 0
DWIDTH 14 0
BBX 14 30 0 -7
BITMAP
0000
0000
0000
0000
0000
0000
0FFC
0FFC
0000
0000
1FF8
1FF8
0180
0180
0180
0300
0300
0300
0300
0600
0600
0600
0600
0000
0000
0000
0000
0000
0000
0000
ENDCHAR
STARTCHAR CurrRupeeIndian
ENCODING 8377
SWIDTH 467 0
DWIDTH 14 0
BBX 14 30 0 -7
BITMAP
0000
0000
0000
0000
0000
0000
0FFC
0FFC
0180
00C0
1FF8
1FF8
0180
0380
3F00
3800
1C00
0E00
0600
0300
0380
01C0
00C0
0000
0000
0000
0000
0000
0000
0000
ENDCHAR
STARTCHAR CurrLiraTurkish
ENCODING 8378
SWIDTH 467 0
DWIDTH 14 0
BBX 14 30 0 -7
BITMAP
0000
0000
0000
0000
0000
0000
0C00
0C00
0C00
1800
1980
1F80
7E00
7800
3318
3F18
FC30
F030
3070
60E0
61C0
7F80
7E00
0000
0000
0000
0000
0000
0000
0000
ENDCHAR
STARTCHAR CurrMarkNordic
ENCODING 8379
SWIDTH 467 0
DWIDTH 14 0
BBX 14 30 0 -7
BITMAP
0000
0000
0000
0000
0000
0000
0700
0F80
0D80
1880
1880
1D00
0FF0
07F8
0218
0218
36D8
36D8
7FF8
DB70
DB60
0800
1000
1000
1800
1C60
0FE0
07C0
0000
0000
ENDCHAR
STARTCHAR CurrManat
ENCODING 8380
SWIDTH 467 0
DWIDTH 14 0
BBX 14 30 0 -7
BITMAP
0000
0000
0000
0000
0000
0000
00C0
00C0
00C0
00C0
0180
0180
0180
0FE0
3FF0
3330
6318
6318
6318
C630
C630
C630
C630
0000
0000
0000
0000
0000
0000
0000
ENDCHAR
STARTCHAR CurrRuble
ENCODING 8381
SWIDTH 467 0
DWIDTH 14 0
BBX 14 30 0 -7
BITMAP
0000
0000
0000
0000
0000
0000
07F0
07F8
0618
0618
0C18
0C38
0C70
3FE0
3FC0
1800
1800
7FC0
7FC0
1800
3000
3000
3000
0000
0000
0000
0000
0000
0000
0000
ENDCHAR
STARTCHAR CurrLari
ENCODING 8382
SWIDTH 467 0
DWIDTH 14 0
BBX 14 30 0 -7
BITMAP
0000
0000
0000
0000
0000
0000
01B0
01B0
01B0
03F0
0FF8
1F7C
3B6C
3364
3360
6360
6360
6000
6000
3000
3800
FFF0
FFF0
0000
0000
0000
0000
0000
0000
0000
ENDCHAR
STARTCHAR CurrBitcoin
ENCODING 8383
SWIDTH 467 0
DWIDTH 14 0
BBX 14 30 0 -7
BITMAP
0000
0000
0000
0000
06C0
06C0
06C0
1FF8
1FFC
060C
0C0C
0C0C
0C0C
0C18
0FF0
1FF0
1830
1818
1818
1818
3030
FFF0
FFC0
3600
3600
3600
0000
0000
0000
0000
ENDCHAR
STARTCHAR CurrSom
ENCODING 8384
SWIDTH 467 0
DWIDTH 14 0
BBX 14 30 0 -7
BITMAP
0000
0000
0000
0000
0000
0000
00F0
03F8
0718
0E08
0C00
1800
1800
1800
1800
1830
1C70
0FE0
0780
0000
0000
1FC0
1FC0
0000
0000
0000
0000
0000
0000
0000
ENDCHAR
STARTCHAR CurrRubleBbb
ENCODING 8399
SWIDTH 467 0
DWIDTH 14 0
BBX 14 30 0 -7
BITMAP
0000
0000
0000
0000
0000
0000
1FF8
1FFC
0D8C
0D8C
1B0C
1B0C
1B1C
1B38
3FF0
3FE0
3600
3600
3600
6C00
6C00
6C00
6C00
0000
0000
0000
0000
0000
0000
0000
ENDCHAR
STARTCHAR CombHarpoonL
ENCODING 8400
SWIDTH 467 0
DWIDTH 14 0
BBX 14 30 0 -7
BITMAP
0000
0180
0300
07FC
07FC
0000
0000
0000
0000
0000
0000
0000
0000
0000
0000
0000
0000
0000
0000
0000
0000
0000
0000
0000
0000
0000
0000
0000
0000
0000
ENDCHAR
STARTCHAR CombHarpoonR
ENCODING 8401
SWIDTH 467 0
DWIDTH 14 0
BBX 14 30 0 -7
BITMAP
0000
0030
0018
07FC
07FC
0000
0000
0000
0000
0000
0000
0000
0000
0000
0000
0000
0000
0000
0000
0000
0000
0000
0000
0000
0000
0000
0000
0000
0000
0000
ENDCHAR
STARTCHAR CombVertBar
ENCODING 8402
SWIDTH 467 0
DWIDTH 14 0
BBX 14 30 0 -7
BITMAP
0000
0000
0000
0000
00C0
00C0
00C0
00C0
00C0
00C0
0180
0180
0180
0180
0180
0300
0300
0300
0300
0300
0600
0600
0600
0600
0600
0000
0000
0000
0000
0000
ENDCHAR
STARTCHAR CombVertBarSh
ENCODING 8403
SWIDTH 467 0
DWIDTH 14 0
BBX 14 30 0 -7
BITMAP
0000
0000
0000
0000
0000
0000
0000
0000
00C0
00C0
00C0
0180
0180
0180
0180
0180
0300
0300
0300
0300
0300
0600
0600
0600
0600
0000
0000
0000
0000
0000
ENDCHAR
STARTCHAR CombArrowAcw
ENCODING 8404
SWIDTH 467 0
DWIDTH 14 0
BBX 14 30 0 -7
BITMAP
0000
05F8
070C
0784
0000
0000
0000
0000
0000
0000
0000
0000
0000
0000
0000
0000
0000
0000
0000
0000
0000
0000
0000
0000
0000
0000
0000
0000
0000
0000
ENDCHAR
STARTCHAR CombArrowCw
ENCODING 8405
SWIDTH 467 0
DWIDTH 14 0
BBX 14 30 0 -7
BITMAP
0000
03F4
061C
043C
0000
0000
0000
0000
0000
0000
0000
0000
0000
0000
0000
0000
0000
0000
0000
0000
0000
0000
0000
0000
0000
0000
0000
0000
0000
0000
ENDCHAR
STARTCHAR CombArrowL
ENCODING 8406
SWIDTH 467 0
DWIDTH 14 0
BBX 14 30 0 -7
BITMAP
0000
0180
0300
07FC
0300
0180
0000
0000
0000
0000
0000
0000
0000
0000
0000
0000
0000
0000
0000
0000
0000
0000
0000
0000
0000
0000
0000
0000
0000
0000
ENDCHAR
STARTCHAR CombArrowR
ENCODING 8407
SWIDTH 467 0
DWIDTH 14 0
BBX 14 30 0 -7
BITMAP
0000
0030
0018
07FC
0018
0030
0000
0000
0000
0000
0000
0000
0000
0000
0000
0000
0000
0000
0000
0000
0000
0000
0000
0000
0000
0000
0000
0000
0000
0000
ENDCHAR
STARTCHAR CombDot3
ENCODING 8411
SWIDTH 467 0
DWIDTH 14 0
BBX 14 30 0 -7
BITMAP
0000
0000
0000
0000
0000
0CCC
0CCC
0CCC
0000
0000
0000
0000
0000
0000
0000
0000
0000
0000
0000
0000
0000
0000
0000
0000
0000
0000
0000
0000
0000
0000
ENDCHAR
STARTCHAR CombArrowLR
ENCODING 8417
SWIDTH 467 0
DWIDTH 14 0
BBX 14 30 0 -7
BITMAP
0000
0330
0618
0FFC
0618
0330
0000
0000
0000
0000
0000
0000
0000
0000
0000
0000
0000
0000
0000
0000
0000
0000
0000
0000
0000
0000
0000
0000
0000
0000
ENDCHAR
STARTCHAR SAccountOf
ENCODING 8448
SWIDTH 467 0
DWIDTH 14 0
BBX 14 30 0 -7
BITMAP
0000
0000
0000
0000
0000
070C
1F0C
1B1C
3338
3630
3660
3EE0
1BC0
0180
0300
0738
0E78
0C60
18C0
38C0
70C0
60F0
6070
0000
0000
0000
0000
0000
0000
0000
ENDCHAR
STARTCHAR SAddrToSubject
ENCODING 8449
SWIDTH 467 0
DWIDTH 14 0
BBX 14 30 0 -7
BITMAP
0000
0000
0000
0000
0000
070C
1F0C
1B1C
3338
3630
3660
3EE0
1BC0
0180
0300
0778
0EF8
0CC0
18E0
3870
7030
61F0
61E0
0000
0000
0000
0000
0000
0000
0000
ENDCHAR
STARTCHAR MBbbCapC
ENCODING 8450
SWIDTH 467 0
DWIDTH 14 0
BBX 14 30 0 -7
BITMAP
0000
0000
0000
0000
0000
0000
07E0
0FF0
1C30
1C10
3400
3400
3400
3400
3400
3400
3400
3400
3400
1C10
1C30
0FF0
07E0
0000
0000
0000
0000
0000
0000
0000
ENDCHAR
STARTCHAR SCelsius
ENCODING 8451
SWIDTH 467 0
DWIDTH 14 0
BBX 14 30 0 -7
BITMAP
0000
0000
0000
0000
0000
1800
3C78
6CFC
6DCC
6D84
7B00
3300
0600
0600
0C00
0C00
0C00
0C00
0C00
0C20
0E60
07E0
03C0
0000
0000
0000
0000
0000
0000
0000
ENDCHAR
STARTCHAR SCentreLine
ENCODING 8452
SWIDTH 467 0
DWIDTH 14 0
BBX 14 30 0 -7
BITMAP
0000
0000
0000
0000
0000
0000
0300
0300
0300
0300
0F80
1FC0
36C0
3600
6600
6C00
6D80
3F80
1F00
0C00
1800
1FF0
1FF0
0000
0000
0000
0000
0000
0000
0000
ENDCHAR
STARTCHAR SCareOf
ENCODING 8453
SWIDTH 467 0
DWIDTH 14 0
BBX 14 30 0 -7
BITMAP
0000
0000
0000
0000
0000
070C
0F0C
0C1C
1838
1830
1860
1EE0
0FC0
0180
0300
0770
0EF8
0CD8
1998
3998
71B0
61F0
60E0
0000
0000
0000
0000
0000
0000
0000
ENDCHAR
STARTCHAR SCadaUna
ENCODING 8454
SWIDTH 467 0
DWIDTH 14 0
BBX 14 30 0 -7
BITMAP
0000
0000
0000
0000
0000
070C
0F0C
0C1C
1838
1830
1860
1EE0
0FC0
0180
0300
07D8
0ED8
0CD8
18D8
3998
71B0
61F0
60F0
0000
0000
0000
0000
0000
0000
0000
ENDCHAR
STARTCHAR MEulerE
ENCODING 8455
SWIDTH 467 0
DWIDTH 14 0
BBX 14 30 0 -7
BITMAP
0000
0000
0000
0000
0000
0000
07E0
1FF0
1830
3010
3000
3000
1800
0F00
0F00
1800
3000
3000
3000
3010
3830
1FF0
0FE0
0000
0000
0000
0000
0000
0000
0000
ENDCHAR
STARTCHAR SScruple
ENCODING 8456
SWIDTH 467 0
DWIDTH 14 0
BBX 14 30 0 -7
BITMAP
0000
0000
0000
0000
0000
0000
07E0
0FF0
0C30
0818
0018
0018
0018
0418
0FF8
0FF8
0830
0030
0060
40E0
61C0
7F80
3F00
0000
0000
0000
0000
0000
0000
0000
ENDCHAR
STARTCHAR SFahrenheit
ENCODING 8457
SWIDTH 467 0
DWIDTH 14 0
BBX 14 30 0 -7
BITMAP
0000
0000
0000
0000
0000
1800
3DFC
6DFC
6D80
6D80
7B00
3300
0300
03E0
03E0
0600
0600
0600
0600
0C00
0C00
0C00
0C00
0000
0000
0000
0000
0000
0000
0000
ENDCHAR
STARTCHAR MScriptSmlG
ENCODING 8458
SWIDTH 467 0
DWIDTH 14 0
BBX 14 30 0 -7
BITMAP
0000
0000
0000
0000
0000
0000
0000
0000
0000
0000
01F0
07F0
0E30
0C30
1860
1860
3060
30C0
30C0
31C0
1F80
1D80
0180
0100
6300
6300
7E00
7C00
0000
0000
ENDCHAR
STARTCHAR MScriptCapH
ENCODING 8459
SWIDTH 467 0
DWIDTH 14 0
BBX 14 30 0 -7
BITMAP
0000
0000
0000
0000
0000
0000
1E18
3E18
7618
6618
4630
0C30
0C30
0FF0
0FE0
1860
1860
18C0
18C0
30C8
30C8
70F8
60F0
0000
0000
0000
0000
0000
0000
0000
ENDCHAR
STARTCHAR MFrakCapH
ENCODING 8460
SWIDTH 467 0
DWIDTH 14 0
BBX 14 30 0 -7
BITMAP
0000
0000
0000
0000
0000
0000
18C0
18C0
3FC0
6F80
6000
6000
77C0
3FE0
3860
3030
1830
1830
1830
3030
63B0
67E0
66C0
0600
0000
0000
0000
0000
0000
0000
ENDCHAR
STARTCHAR MBbbCapH
ENCODING 8461
SWIDTH 467 0
DWIDTH 14 0
BBX 14 30 0 -7
BITMAP
0000
0000
0000
0000
0000
0000
3C30
3430
3430
3430
3430
3430
3430
37F0
37F0
3430
3430
3430
3430
3430
3430
3430
3C30
0000
0000
0000
0000
0000
0000
0000
ENDCHAR
STARTCHAR MPlanck
ENCODING 8462
SWIDTH 467 0
DWIDTH 14 0
BBX 14 30 0 -7
BITMAP
0000
0000
0000
0000
0000
1C00
1C00
0C00
0C00
1800
19E0
1BF0
1E30
1C30
3830
3030
3060
3060
3060
60C0
60C0
60F0
6070
0000
0000
0000
0000
0000
0000
0000
ENDCHAR
STARTCHAR MPlanckStroke
ENCODING 8463
SWIDTH 467 0
DWIDTH 14 0
BBX 14 30 0 -7
BITMAP
0000
0000
0000
0000
0000
0C00
1FE0
1FE0
0C00
1800
19E0
1BF0
1E30
1C30
3830
3030
3060
3060
3060
60C0
60C0
60F0
6070
0000
0000
0000
0000
0000
0000
0000
ENDCHAR
STARTCHAR MScriptCapI
ENCODING 8464
SWIDTH 467 0
DWIDTH 14 0
BBX 14 30 0 -7
BITMAP
0000
0000
0000
0000
0000
0000
03F8
0FF8
0C18
0810
0030
0020
0060
0060
0060
00C0
00C0
00C0
20C0
6180
6180
7F00
3E00
0000
0000
0000
0000
0000
0000
0000
ENDCHAR
STARTCHAR MFrakCapI
ENCODING 8465
SWIDTH 467 0
DWIDTH 14 0
BBX 14 30 0 -7
BITMAP
0000
0000
0000
0000
0000
0000
1C30
1E30
3760
33E0
3870
18F0
00C0
0180
0180
0180
01C0
20E0
3070
3030
3830
1FE0
0FC0
0000
0000
0000
0000
0000
0000
0000
ENDCHAR
STARTCHAR MScriptCapL
ENCODING 8466
SWIDTH 467 0
DWIDTH 14 0
BBX 14 30 0 -7
BITMAP
0000
0000
0000
0000
0000
0000
0070
00F8
00D8
0098
0198
09B8
0D30
07E0
03C0
0300
0600
0600
3600
7C10
4C30
7FF0
31E0
0000
0000
0000
0000
0000
0000
0000
ENDCHAR
STARTCHAR MScriptSmlL
ENCODING 8467
SWIDTH 467 0
DWIDTH 14 0
BBX 14 30 0 -7
BITMAP
0000
0000
0000
0000
0000
0060
00F0
00F0
01B0
01B0
0330
0320
0660
0640
04C0
0580
0F00
0E00
0C00
1C00
1C00
37C0
63C0
0000
0000
0000
0000
0000
0000
0000
ENDCHAR
STARTCHAR SLbs
ENCODING 8468
SWIDTH 467 0
DWIDTH 14 0
BBX 14 30 0 -7
BITMAP
0000
0000
0000
0000
0000
0C60
0C60
18C0
18C0
18C0
1FF0
3FF8
318C
318C
318C
630C
6318
6318
6318
C618
C630
FFE0
79C0
0000
0000
0000
0000
0000
0000
0000
ENDCHAR
STARTCHAR MBbbCapN
ENCODING 8469
SWIDTH 467 0
DWIDTH 14 0
BBX 14 30 0 -7
BITMAP
0000
0000
0000
0000
0000
0000
3C30
3630
3630
3630
3730
3730
3530
35B0
35B0
34B0
34F0
34F0
3470
3470
3470
3430
3C30
0000
0000
0000
0000
0000
0000
0000
ENDCHAR
STARTCHAR SNumberAcronym
ENCODING 8470
SWIDTH 467 0
DWIDTH 14 0
BBX 14 30 0 -7
BITMAP
0000
0000
0000
0000
0000
0000
1898
18BC
18BC
19EC
396C
3978
3978
2B30
2A00
6A00
4EF8
4EF8
4E00
CC00
8C00
8C00
8C00
0000
0000
0000
0000
0000
0000
0000
ENDCHAR
STARTCHAR SSoundCopyright
ENCODING 8471
SWIDTH 467 0
DWIDTH 14 0
BBX 14 30 0 -7
BITMAP
0000
0000
0000
0000
0000
0000
0000
0000
0780
1FE0
3870
3030
6F98
6FD8
6CD8
6FD8
6F98
6C18
6C18
3030
3870
1FE0
0780
0000
0000
0000
0000
0000
0000
0000
ENDCHAR
STARTCHAR MWeierstrP
ENCODING 8472
SWIDTH 467 0
DWIDTH 14 0
BBX 14 30 0 -7
BITMAP
0000
0000
0000
0000
0000
0000
0000
0000
0000
1800
31E0
63F0
6638
6418
6C18
6818
39B0
39E0
1800
3C00
2C00
6600
6600
6600
6600
2400
3C00
1800
0000
0000
ENDCHAR
STARTCHAR MBbbCapP
ENCODING 8473
SWIDTH 467 0
DWIDTH 14 0
BBX 14 30 0 -7
BITMAP
0000
0000
0000
0000
0000
0000
3FC0
3FE0
3460
3430
3430
3430
3430
3460
37E0
37C0
3400
3400
3400
3400
3400
3400
3C00
0000
0000
0000
0000
0000
0000
0000
ENDCHAR
STARTCHAR MBbbCapQ
ENCODING 8474
SWIDTH 467 0
DWIDTH 14 0
BBX 14 30 0 -7
BITMAP
0000
0000
0000
0000
0000
0000
0F80
3FE0
3860
7870
6830
6830
6830
6830
6830
6830
6830
6830
6E30
7F70
3960
3FE0
0F80
00C0
0078
0038
0000
0000
0000
0000
ENDCHAR
STARTCHAR MScriptCapR
ENCODING 8475
SWIDTH 467 0
DWIDTH 14 0
BBX 14 30 0 -7
BITMAP
0000
0000
0000
0000
0000
0000
07E0
1FF0
3938
3318
2318
0618
0630
07E0
07C0
0CC0
0C60
0860
1860
18C0
70C0
70F8
6078
0000
0000
0000
0000
0000
0000
0000
ENDCHAR
STARTCHAR MFrakCapR
ENCODING 8476
SWIDTH 467 0
DWIDTH 14 0
BBX 14 30 0 -7
BITMAP
0000
0000
0000
0000
0000
0000
39E0
7DE0
6730
4630
4630
6618
7618
37F0
77E0
66C0
06C0
06E0
4660
6430
6C30
7C38
3C18
0000
0000
0000
0000
0000
0000
0000
ENDCHAR
STARTCHAR MBbbCapR
ENCODING 8477
SWIDTH 467 0
DWIDTH 14 0
BBX 14 30 0 -7
BITMAP
0000
0000
0000
0000
0000
0000
3FC0
3FE0
3460
3430
3430
3430
3460
37E0
37C0
3580
3580
34C0
34C0
3460
3470
3430
3C38
0000
0000
0000
0000
0000
0000
0000
ENDCHAR
STARTCHAR SPrescription
ENCODING 8478
SWIDTH 467 0
DWIDTH 14 0
BBX 14 30 0 -7
BITMAP
0000
0000
0000
0000
0000
0000
0FF0
0FF8
0C18
0C18
0C18
1818
1838
1FF0
1FE0
3300
3318
31B8
31F0
60C0
63C0
6760
6660
0000
0000
0000
0000
0000
0000
0000
ENDCHAR
STARTCHAR SResponse
ENCODING 8479
SWIDTH 467 0
DWIDTH 14 0
BBX 14 30 0 -7
BITMAP
0000
0000
0000
0000
0060
0038
0FF0
0FF8
0C38
0C78
0C58
18D8
18B8
1FF0
1FE0
3300
3300
3780
3580
6CC0
68C0
7860
7060
1000
0000
0000
0000
0000
0000
0000
ENDCHAR
STARTCHAR SServicemark
ENCODING 8480
SWIDTH 467 0
DWIDTH 14 0
BBX 14 30 0 -7
BITMAP
0000
0000
0000
0000
0D84
1FDC
10FC
18AC
1CAC
0D08
0518
3D18
1918
0000
0000
0000
0000
0000
0000
0000
0000
0000
0000
0000
0000
0000
0000
0000
0000
0000
ENDCHAR
STARTCHAR STelephone
ENCODING 8481
SWIDTH 467 0
DWIDTH 14 0
BBX 14 30 0 -7
BITMAP
0000
0000
0000
0000
0000
0000
0000
0000
0000
3FEC
3FEC
0C8C
19D8
19D8
1918
3330
33BC
33BC
0000
0000
0000
0000
0000
0000
0000
0000
0000
0000
0000
0000
ENDCHAR
STARTCHAR STrademark
ENCODING 8482
SWIDTH 467 0
DWIDTH 14 0
BBX 14 30 0 -7
BITMAP
0000
0000
0000
0000
3F84
3FDC
0CFC
0CAC
0CAC
1908
1918
1918
1918
0000
0000
0000
0000
0000
0000
0000
0000
0000
0000
0000
0000
0000
0000
0000
0000
0000
ENDCHAR
STARTCHAR SVersicle
ENCODING 8483
SWIDTH 467 0
DWIDTH 14 0
BBX 14 30 0 -7
BITMAP
0000
0000
0000
0000
00C0
0070
182C
186C
184C
18D8
1898
0DB0
0D30
0F60
0E60
0EC0
0CC0
0D80
0F80
1F00
1700
3600
2600
2000
0000
0000
0000
0000
0000
0000
ENDCHAR
STARTCHAR MBbbCapZ
ENCODING 8484
SWIDTH 467 0
DWIDTH 14 0
BBX 14 30 0 -7
BITMAP
0000
0000
0000
0000
0000
0000
3FF0
3FF0
00D0
00B0
01A0
0160
0340
02C0
0680
0580
0D00
0B00
1A00
1600
3400
3FF0
3FF0
0000
0000
0000
0000
0000
0000
0000
ENDCHAR
STARTCHAR SOunce
ENCODING 8485
SWIDTH 467 0
DWIDTH 14 0
BBX 14 30 0 -7
BITMAP
0000
0000
0000
0000
0000
0000
07FC
07FC
0038
0070
00E0
01C0
0380
07F0
07F0
00E0
01C0
0380
0700
0F80
0FC0
00E0
0060
0060
0060
C0C0
FF80
7F00
0000
0000
ENDCHAR
STARTCHAR SOhm
ENCODING 8486
SWIDTH 467 0
DWIDTH 14 0
BBX 14 30 0 -7
BITMAP
0000
0000
0000
0000
0000
0000
03F0
07F8
0E18
180C
180C
300C
300C
300C
300C
3018
3018
1870
1CE0
0DC0
1D80
FDF0
F9F0
0000
0000
0000
0000
0000
0000
0000
ENDCHAR
STARTCHAR SMho
ENCODING 8487
SWIDTH 467 0
DWIDTH 14 0
BBX 14 30 0 -7
BITMAP
0000
0000
0000
0000
0000
0000
1F3C
1F3C
0330
0330
0E60
1E60
1830
3018
3018
6018
6018
6018
6018
6030
30E0
3FC0
1F80
0000
0000
0000
0000
0000
0000
0000
ENDCHAR
STARTCHAR MFrakCapZ
ENCODING 8488
SWIDTH 467 0
DWIDTH 14 0
BBX 14 30 0 -7
BITMAP
0000
0000
0000
0000
0000
0000
1FC0
3FE0
3060
2030
0030
0EE0
0FC0
19C0
1860
0030
0030
0030
0030
1C30
3E70
33E0
31C0
0000
0000
0000
0000
0000
0000
0000
ENDCHAR
STARTCHAR MSmlIotTrnd
ENCODING 8489
SWIDTH 467 0
DWIDTH 14 0
BBX 14 30 0 -7
BITMAP
0000
0000
0000
0000
0000
0000
0000
0000
0000
0000
0F80
1FC0
18E0
0060
0060
0060
0060
0060
0060
0060
0060
0060
0060
0000
0000
0000
0000
0000
0000
0000
ENDCHAR
STARTCHAR SKelvin
ENCODING 8490
SWIDTH 467 0
DWIDTH 14 0
BBX 14 30 0 -7
BITMAP
0000
0000
0000
0000
0000
0000
0C0C
0C1C
0C38
0C70
18E0
19C0
1B80
1F00
1F00
3D80
3980
3180
30C0
60C0
60C0
6060
6060
0000
0000
0000
0000
0000
0000
0000
ENDCHAR
STARTCHAR SAngstrom
ENCODING 8491
SWIDTH 467 0
DWIDTH 14 0
BBX 14 30 0 -7
BITMAP
0000
01E0
0330
0330
01E0
0000
00C0
00C0
01C0
01C0
03C0
0360
0660
0660
0C60
0C60
1FE0
1FE0
3030
3030
6030
6030
E030
0000
0000
0000
0000
0000
0000
0000
ENDCHAR
STARTCHAR MScriptCapB
ENCODING 8492
SWIDTH 467 0
DWIDTH 14 0
BBX 14 30 0 -7
BITMAP
0000
0000
0000
0000
0000
0000
07E0
1FF0
3938
3318
2318
0618
0630
07E0
07C0
0C70
0C30
0830
1830
1830
7670
77E0
63C0
0000
0000
0000
0000
0000
0000
0000
ENDCHAR
STARTCHAR MFrakCapC
ENCODING 8493
SWIDTH 467 0
DWIDTH 14 0
BBX 14 30 0 -7
BITMAP
0000
0000
0000
0000
0000
0000
07E0
0FF0
19B0
1B10
3300
3180
31C0
3FC0
3F00
3000
3000
3000
3000
1810
1830
0FF0
07E0
0000
0000
0000
0000
0000
0000
0000
ENDCHAR
STARTCHAR SEstimated
ENCODING 8494
SWIDTH 467 0
DWIDTH 14 0
BBX 14 30 0 -7
BITMAP
0000
0000
0000
0000
0000
0000
0000
0000
0000
0FC0
3FF0
3870
7038
7038
7038
7FF8
7FF8
7000
7000
7000
3838
3FF8
0FF0
0000
0000
0000
0000
0000
0000
0000
ENDCHAR
STARTCHAR MScriptSmlE
ENCODING 8495
SWIDTH 467 0
DWIDTH 14 0
BBX 14 30 0 -7
BITMAP
0000
0000
0000
0000
0000
0000
0000
0000
0000
0000
00E0
03F0
0730
0E30
0C60
1FE0
1F80
3000
3000
3000
30C0
1F80
0E00
0000
0000
0000
0000
0000
0000
0000
ENDCHAR
STARTCHAR MScriptCapE
ENCODING 8496
SWIDTH 467 0
DWIDTH 14 0
BBX 14 30 0 -7
BITMAP
0000
0000
0000
0000
0000
0000
01F0
07F8
0618
0C18
0C10
0C00
0600
0F00
1F00
3800
3000
6000
6000
6060
70E0
3FC0
1F80
0000
0000
0000
0000
0000
0000
0000
ENDCHAR
STARTCHAR MScriptCapF
ENCODING 8497
SWIDTH 467 0
DWIDTH 14 0
BBX 14 30 0 -7
BITMAP
0000
0000
0000
0000
0000
0000
07F8
1FF8
3880
3180
2180
0300
0300
0FE0
1FC0
0600
0600
0600
0C00
0C00
1C00
7800
7000
0000
0000
0000
0000
0000
0000
0000
ENDCHAR
STARTCHAR MCapFTrnd
ENCODING 8498
SWIDTH 467 0
DWIDTH 14 0
BBX 14 30 0 -7
BITMAP
0000
0000
0000
0000
0000
0000
0030
0030
0030
0030
0030
0030
0030
0030
0FF0
0FF0
0030
0030
0030
0030
0030
3FF0
3FF0
0000
0000
0000
0000
0000
0000
0000
ENDCHAR
STARTCHAR MScriptCapM
ENCODING 8499
SWIDTH 467 0
DWIDTH 14 0
BBX 14 30 0 -7
BITMAP
0000
0000
0000
0000
0000
0000
0108
0108
0118
0318
0338
0330
0770
0750
0FD0
0D90
1990
1B20
1320
3320
2230
6638
6618
0000
0000
0000
0000
0000
0000
0000
ENDCHAR
STARTCHAR MScriptSmlO
ENCODING 8500
SWIDTH 467 0
DWIDTH 14 0
BBX 14 30 0 -7
BITMAP
0000
0000
0000
0000
0000
0000
0000
0000
0000
0000
01C0
07E0
0E30
1C30
1830
1830
3030
3060
3060
30E0
31C0
1F80
0E00
0000
0000
0000
0000
0000
0000
0000
ENDCHAR
STARTCHAR MHbAlef
ENCODING 8501
SWIDTH 467 0
DWIDTH 14 0
BBX 14 30 0 -7
BITMAP
0000
0000
0000
0000
0000
0000
0000
0000
0000
70C0
70E0
38F0
1C70
1C50
0E40
1640
2380
2380
31C0
19C0
38E0
7870
7070
0000
0000
0000
0000
0000
0000
0000
ENDCHAR
STARTCHAR MHbBet
ENCODING 8502
SWIDTH 467 0
DWIDTH 14 0
BBX 14 30 0 -7
BITMAP
0000
0000
0000
0000
0000
0000
0000
0000
0000
7F00
7F80
7FC0
00C0
0040
0040
0040
0040
0040
0040
0040
7FF0
7FF0
7FF0
0000
0000
0000
0000
0000
0000
0000
ENDCHAR
STARTCHAR MHbGimel
ENCODING 8503
SWIDTH 467 0
DWIDTH 14 0
BBX 14 30 0 -7
BITMAP
0000
0000
0000
0000
0000
0000
0000
0000
0000
0E00
0F80
0F80
03C0
00C0
0040
0040
01C0
03C0
07E0
0F20
1E20
1C20
1820
0000
0000
0000
0000
0000
0000
0000
ENDCHAR
STARTCHAR MHbDalet
ENCODING 8504
SWIDTH 467 0
DWIDTH 14 0
BBX 14 30 0 -7
BITMAP
0000
0000
0000
0000
0000
0000
0000
0000
0000
7FF0
7FF0
7FF0
0040
0040
0040
0040
0040
0040
0040
0040
0040
0040
0040
0000
0000
0000
0000
0000
0000
0000
ENDCHAR
STARTCHAR SInformation
ENCODING 8505
SWIDTH 467 0
DWIDTH 14 0
BBX 14 30 0 -7
BITMAP
0000
0000
0000
0000
0300
0780
0780
0300
0000
0000
3F80
3F80
0780
0780
0780
0780
0780
0780
0780
0780
0780
3FF0
3FF0
0000
0000
0000
0000
0000
0000
0000
ENDCHAR
STARTCHAR SRotatedQ
ENCODING 8506
SWIDTH 467 0
DWIDTH 14 0
BBX 14 30 0 -7
BITMAP
0000
0000
0000
0000
0000
0000
0000
0000
0000
0000
0000
0018
0FD8
3FF0
3070
6078
60D8
60D8
6018
6018
3030
3FF0
0FC0
0000
0000
0000
0000
0000
0000
0000
ENDCHAR
STARTCHAR MBbbSmlPi
ENCODING 8508
SWIDTH 467 0
DWIDTH 14 0
BBX 14 30 0 -7
BITMAP
0000
0000
0000
0000
0000
0000
0000
0000
0000
0000
FFF8
FFF8
6860
6860
6860
6860
6860
6860
6860
6860
6860
7860
7860
0000
0000
0000
0000
0000
0000
0000
ENDCHAR
STARTCHAR MBbbSmlGam
ENCODING 8509
SWIDTH 467 0
DWIDTH 14 0
BBX 14 30 0 -7
BITMAP
0000
0000
0000
0000
0000
0000
0000
0000
0000
0000
7830
6830
3430
3460
1A60
1AC0
0DC0
0D80
0780
0700
0300
0300
0300
0300
0300
0300
0300
0300
0000
0000
ENDCHAR
STARTCHAR MBbbCapGam
ENCODING 8510
SWIDTH 467 0
DWIDTH 14 0
BBX 14 30 0 -7
BITMAP
0000
0000
0000
0000
0000
0000
3FF0
3FF0
3400
3400
3400
3400
3400
3400
3400
3400
3400
3400
3400
3400
3400
3400
3C00
0000
0000
0000
0000
0000
0000
0000
ENDCHAR
STARTCHAR MBbbCapPi
ENCODING 8511
SWIDTH 467 0
DWIDTH 14 0
BBX 14 30 0 -7
BITMAP
0000
0000
0000
0000
0000
0000
3FF0
3FF0
3430
3430
3430
3430
3430
3430
3430
3430
3430
3430
3430
3430
3430
3430
3C30
0000
0000
0000
0000
0000
0000
0000
ENDCHAR
STARTCHAR MBbbSum
ENCODING 8512
SWIDTH 467 0
DWIDTH 14 0
BBX 14 30 0 -7
BITMAP
0000
0000
0000
7FF8
7FF8
7400
7600
3B00
1D00
0D80
0EC0
0740
0360
03A0
01C0
0380
0300
0700
0E00
0C00
1C00
3FF8
7008
7FF8
7FF8
0000
0000
0000
0000
0000
ENDCHAR
STARTCHAR MCapGTrnd
ENCODING 8513
SWIDTH 467 0
DWIDTH 14 0
BBX 14 30 0 -7
BITMAP
0000
0000
0000
0000
0000
0000
3F80
3FC0
30E0
3060
3030
3030
3030
3E30
3E30
0030
0030
0030
0030
2060
30E0
3FC0
1F80
0000
0000
0000
0000
0000
0000
0000
ENDCHAR
STARTCHAR MCapLTrnd
ENCODING 8514
SWIDTH 467 0
DWIDTH 14 0
BBX 14 30 0 -7
BITMAP
0000
0000
0000
0000
0000
0000
3FF0
3FF0
0030
0030
0030
0030
0030
0030
0030
0030
0030
0030
0030
0030
0030
0030
0030
0000
0000
0000
0000
0000
0000
0000
ENDCHAR
STARTCHAR MCapLRev
ENCODING 8515
SWIDTH 467 0
DWIDTH 14 0
BBX 14 30 0 -7
BITMAP
0000
0000
0000
0000
0000
0000
0030
0030
0030
0030
0030
0030
0030
0030
0030
0030
0030
0030
0030
0030
0030
3FF0
3FF0
0000
0000
0000
0000
0000
0000
0000
ENDCHAR
STARTCHAR MCapYTrnd
ENCODING 8516
SWIDTH 467 0
DWIDTH 14 0
BBX 14 30 0 -7
BITMAP
0000
0000
0000
0000
0000
0000
0300
0300
0300
0300
0300
0300
0300
0300
0780
0780
0CC0
0CC0
1860
1860
3030
3030
6018
0000
0000
0000
0000
0000
0000
0000
ENDCHAR
STARTCHAR MBbbItCapD
ENCODING 8517
SWIDTH 467 0
DWIDTH 14 0
BBX 14 30 0 -7
BITMAP
0000
0000
0000
0000
0000
0000
0FE0
0FF0
0D38
0D18
1B18
1A18
1A18
1A18
1A18
3618
3430
3430
3470
6CE0
69C0
7F80
7E00
0000
0000
0000
0000
0000
0000
0000
ENDCHAR
STARTCHAR MBbbItSmlD
ENCODING 8518
SWIDTH 467 0
DWIDTH 14 0
BBX 14 30 0 -7
BITMAP
0000
0000
0000
0000
0000
003C
002C
002C
006C
0058
0758
0FD8
1CD8
38D8
30B0
30B0
60B0
61B0
6160
6160
6360
7F60
3DF0
0000
0000
0000
0000
0000
0000
0000
ENDCHAR
STARTCHAR MBbbItSmlE
ENCODING 8519
SWIDTH 467 0
DWIDTH 14 0
BBX 14 30 0 -7
BITMAP
0000
0000
0000
0000
0000
0000
0000
0000
0000
0000
03E0
07F0
0E30
1C30
3430
37F0
77E0
6400
6800
6800
68C0
7F80
3F00
0000
0000
0000
0000
0000
0000
0000
ENDCHAR
STARTCHAR MBbbItSmlI
ENCODING 8520
SWIDTH 467 0
DWIDTH 14 0
BBX 14 30 0 -7
BITMAP
0000
0000
0000
0000
01C0
01C0
01C0
01C0
0000
0000
1F80
1E80
0680
0680
0D00
0D00
0D00
0D00
1B00
1A00
1A60
1FE0
0FC0
0000
0000
0000
0000
0000
0000
0000
ENDCHAR
STARTCHAR MBbbItSmlJ
ENCODING 8521
SWIDTH 467 0
DWIDTH 14 0
BBX 14 30 0 -7
BITMAP
0000
0000
0000
0000
00E0
00E0
00E0
00E0
0000
0000
0FC0
0FC0
0340
0340
0680
0680
0680
0680
0680
0D00
0D00
0D00
0D00
1A00
1A00
3400
FC00
F800
0000
0000
ENDCHAR
STARTCHAR SAmpersandTrnd
ENCODING 8523
SWIDTH 467 0
DWIDTH 14 0
BBX 14 30 0 -7
BITMAP
0000
0000
0000
0000
0000
0000
70E0
79F0
1F18
0E18
0618
0F18
1B30
31B0
31E0
00C0
01C0
0360
0660
0660
0660
03C0
03C0
0000
0000
0000
0000
0000
0000
0000
ENDCHAR
STARTCHAR Frac13
ENCODING 8531
SWIDTH 467 0
DWIDTH 14 0
BBX 14 30 0 -7
BITMAP
0000
0000
0000
0000
0600
0E00
1E00
3600
0600
0C0C
0C18
0C30
0C60
00C0
0100
0600
0CF0
19F8
3198
6030
00E0
0030
0330
03F0
01E0
0000
0000
0000
0000
0000
ENDCHAR
STARTCHAR Frac23
ENCODING 8532
SWIDTH 467 0
DWIDTH 14 0
BBX 14 30 0 -7
BITMAP
0000
0000
0000
0000
0F00
1F80
1980
0300
0600
0C0C
1818
3F30
3F60
00C0
0100
0600
0CF0
19F8
3198
6030
00E0
0030
0330
03F0
01E0
0000
0000
0000
0000
0000
ENDCHAR
STARTCHAR Frac15
ENCODING 8533
SWIDTH 467 0
DWIDTH 14 0
BBX 14 30 0 -7
BITMAP
0000
0000
0000
0000
0600
0E00
1E00
3600
0600
0C0C
0C18
0C30
0C60
00C0
0100
0600
0CF8
18F8
3180
61E0
01F0
0030
0330
03F0
01E0
0000
0000
0000
0000
0000
ENDCHAR
STARTCHAR Frac25
ENCODING 8534
SWIDTH 467 0
DWIDTH 14 0
BBX 14 30 0 -7
BITMAP
0000
0000
0000
0000
0F00
1F80
1980
0300
0600
0C0C
1818
3F30
3F60
00C0
0100
0600
0CF8
18F8
3180
61E0
01F0
0030
0330
03F0
01E0
0000
0000
0000
0000
0000
ENDCHAR
STARTCHAR Frac35
ENCODING 8535
SWIDTH 467 0
DWIDTH 14 0
BBX 14 30 0 -7
BITMAP
0000
0000
0000
0000
0F00
1F80
1980
0300
0E00
030C
3318
3F30
1E60
00C0
0100
0600
0CF8
18F8
3180
61E0
01F0
0030
0330
03F0
01E0
0000
0000
0000
0000
0000
ENDCHAR
STARTCHAR Frac45
ENCODING 8536
SWIDTH 467 0
DWIDTH 14 0
BBX 14 30 0 -7
BITMAP
0000
0000
0000
0000
0300
0700
0F00
1B00
3600
3F0C
3F18
0630
0660
00C0
0100
0600
0CF8
18F8
3180
61E0
01F0
0030
0330
03F0
01E0
0000
0000
0000
0000
0000
ENDCHAR
STARTCHAR Frac16
ENCODING 8537
SWIDTH 467 0
DWIDTH 14 0
BBX 14 30 0 -7
BITMAP
0000
0000
0000
0000
0600
0E00
1E00
3600
0600
0C0C
0C18
0C30
0C60
00C0
0100
0600
0C70
18F0
31C0
6180
03E0
03F0
0330
03F0
01E0
0000
0000
0000
0000
0000
ENDCHAR
STARTCHAR Frac56
ENCODING 8538
SWIDTH 467 0
DWIDTH 14 0
BBX 14 30 0 -7
BITMAP
0000
0000
0000
0000
0F80
0F80
1800
1E00
1F00
030C
3318
3F30
1E60
00C0
0100
0600
0C70
18F0
31C0
6180
03E0
03F0
0330
03F0
01E0
0000
0000
0000
0000
0000
ENDCHAR
STARTCHAR Frac18
ENCODING 8539
SWIDTH 467 0
DWIDTH 14 0
BBX 14 30 0 -7
BITMAP
0000
0000
0000
0000
0600
0E00
1E00
3600
0600
0C0C
0C18
0C30
0C60
00C0
0100
0600
0CF0
19F8
3198
60F0
01E0
0330
0330
03F0
01E0
0000
0000
0000
0000
0000
ENDCHAR
STARTCHAR Frac38
ENCODING 8540
SWIDTH 467 0
DWIDTH 14 0
BBX 14 30 0 -7
BITMAP
0000
0000
0000
0000
0F00
1F80
1980
0300
0E00
030C
3318
3F30
1E60
00C0
0100
0600
0CF0
19F8
3198
60F0
01E0
0330
0330
03F0
01E0
0000
0000
0000
0000
0000
ENDCHAR
STARTCHAR Frac58
ENCODING 8541
SWIDTH 467 0
DWIDTH 14 0
BBX 14 30 0 -7
BITMAP
0000
0000
0000
0000
0F80
0F80
1800
1E00
1F00
030C
3318
3F30
1E60
00C0
0100
0600
0CF0
19F8
3198
60F0
01E0
0330
0330
03F0
01E0
0000
0000
0000
0000
0000
ENDCHAR
STARTCHAR Frac78
ENCODING 8542
SWIDTH 467 0
DWIDTH 14 0
BBX 14 30 0 -7
BITMAP
0000
0000
0000
0000
1F80
1F80
0180
0300
0600
0C0C
0C18
1830
1860
00C0
0100
0600
0CF0
19F8
3198
60F0
01E0
0330
0330
03F0
01E0
0000
0000
0000
0000
0000
ENDCHAR
STARTCHAR MArrowL
ENCODING 8592
SWIDTH 467 0
DWIDTH 14 0
BBX 14 30 0 -7
BITMAP
0000
0000
0000
0000
0000
0000
0000
0000
0000
0000
0000
0400
0C00
1C00
3800
7FFC
7FFC
3800
1C00
0C00
0400
0000
0000
0000
0000
0000
0000
0000
0000
0000
ENDCHAR
STARTCHAR MArrowU
ENCODING 8593
SWIDTH 467 0
DWIDTH 14 0
BBX 14 30 0 -7
BITMAP
0000
0000
0000
0000
0300
0780
0FC0
1FE0
3B70
0300
0300
0300
0300
0300
0300
0300
0300
0300
0300
0300
0300
0300
0300
0300
0300
0300
0300
0000
0000
0000
ENDCHAR
STARTCHAR MArrowR
ENCODING 8594
SWIDTH 467 0
DWIDTH 14 0
BBX 14 30 0 -7
BITMAP
0000
0000
0000
0000
0000
0000
0000
0000
0000
0000
0000
0080
00C0
00E0
0070
FFF8
FFF8
0070
00E0
00C0
0080
0000
0000
0000
0000
0000
0000
0000
0000
0000
ENDCHAR
STARTCHAR MArrowD
ENCODING 8595
SWIDTH 467 0
DWIDTH 14 0
BBX 14 30 0 -7
BITMAP
0000
0000
0000
0000
0300
0300
0300
0300
0300
0300
0300
0300
0300
0300
0300
0300
0300
0300
0300
0300
0300
0300
3B70
1FE0
0FC0
0780
0300
0000
0000
0000
ENDCHAR
STARTCHAR MArrowLR
ENCODING 8596
SWIDTH 467 0
DWIDTH 14 0
BBX 14 30 0 -7
BITMAP
0000
0000
0000
0000
0000
0000
0000
0000
0000
0000
0000
0840
1860
3870
7038
FFFC
FFFC
7038
3870
1860
0840
0000
0000
0000
0000
0000
0000
0000
0000
0000
ENDCHAR
STARTCHAR MArrowUD
ENCODING 8597
SWIDTH 467 0
DWIDTH 14 0
BBX 14 30 0 -7
BITMAP
0000
0000
0000
0000
0300
0780
0FC0
1FE0
3B70
0300
0300
0300
0300
0300
0300
0300
0300
0300
0300
0300
0300
0300
3B70
1FE0
0FC0
0780
0300
0000
0000
0000
ENDCHAR
STARTCHAR MArrowLU
ENCODING 8598
SWIDTH 467 0
DWIDTH 14 0
BBX 14 30 0 -7
BITMAP
0000
0000
0000
0000
6000
7000
7C00
7E00
7F00
7800
7800
6C00
0C00
0600
0600
0300
0300
0180
0180
00C0
00C0
0060
0060
0030
0030
0018
0018
0000
0000
0000
ENDCHAR
STARTCHAR MArrowRU
ENCODING 8599
SWIDTH 467 0
DWIDTH 14 0
BBX 14 30 0 -7
BITMAP
0000
0000
0000
0000
0018
0038
00F8
01F8
03F8
0078
0078
00D8
00C0
0180
0180
0300
0300
0600
0600
0C00
0C00
1800
1800
3000
3000
6000
6000
0000
0000
0000
ENDCHAR
STARTCHAR MArrowRD
ENCODING 8600
SWIDTH 467 0
DWIDTH 14 0
BBX 14 30 0 -7
BITMAP
0000
0000
0000
0000
6000
6000
3000
3000
1800
1800
0C00
0C00
0600
0600
0300
0300
0180
0180
00C0
00D8
0078
0078
03F8
01F8
00F8
0038
0018
0000
0000
0000
ENDCHAR
STARTCHAR MArrowLD
ENCODING 8601
SWIDTH 467 0
DWIDTH 14 0
BBX 14 30 0 -7
BITMAP
0000
0000
0000
0000
0018
0018
0030
0030
0060
0060
00C0
00C0
0180
0180
0300
0300
0600
0600
0C00
6C00
7800
7800
7F00
7E00
7C00
7000
6000
0000
0000
0000
ENDCHAR
STARTCHAR MArrowLNot
ENCODING 8602
SWIDTH 467 0
DWIDTH 14 0
BBX 14 30 0 -7
BITMAP
0000
0000
0000
0000
0000
0000
0000
0000
0000
0000
0000
0400
0C30
1C30
3860
7FFC
7FFC
38C0
1D80
0D80
0400
0000
0000
0000
0000
0000
0000
0000
0000
0000
ENDCHAR
STARTCHAR MArrowRNot
ENCODING 8603
SWIDTH 467 0
DWIDTH 14 0
BBX 14 30 0 -7
BITMAP
0000
0000
0000
0000
0000
0000
0000
0000
0000
0000
0000
0080
06C0
06E0
0C70
FFF8
FFF8
1870
30E0
30C0
0080
0000
0000
0000
0000
0000
0000
0000
0000
0000
ENDCHAR
STARTCHAR MArrowWaveL
ENCODING 8604
SWIDTH 467 0
DWIDTH 14 0
BBX 14 30 0 -7
BITMAP
0000
0000
0000
0000
0000
0000
0000
0000
0000
0000
0000
0400
0C00
1C00
3838
7C7C
7FC4
3B80
1C00
0C00
0400
0000
0000
0000
0000
0000
0000
0000
0000
0000
ENDCHAR
STARTCHAR MArrowWaveR
ENCODING 8605
SWIDTH 467 0
DWIDTH 14 0
BBX 14 30 0 -7
BITMAP
0000
0000
0000
0000
0000
0000
0000
0000
0000
0000
0000
0080
00C0
00E0
7070
F8F8
8FF8
0770
00E0
00C0
0080
0000
0000
0000
0000
0000
0000
0000
0000
0000
ENDCHAR
STARTCHAR MArrowLl
ENCODING 8606
SWIDTH 467 0
DWIDTH 14 0
BBX 14 30 0 -7
BITMAP
0000
0000
0000
0000
0000
0000
0000
0000
0000
0000
0000
0440
0CC0
1DC0
3B80
7FFC
7FFC
3B80
1DC0
0CC0
0440
0000
0000
0000
0000
0000
0000
0000
0000
0000
ENDCHAR
STARTCHAR MArrowUu
ENCODING 8607
SWIDTH 467 0
DWIDTH 14 0
BBX 14 30 0 -7
BITMAP
0000
0000
0000
0000
0300
0780
0FC0
1FE0
3B70
0780
0FC0
1FE0
3B70
0300
0300
0300
0300
0300
0300
0300
0300
0300
0300
0300
0300
0300
0300
0000
0000
0000
ENDCHAR
STARTCHAR MArrowRr
ENCODING 8608
SWIDTH 467 0
DWIDTH 14 0
BBX 14 30 0 -7
BITMAP
0000
0000
0000
0000
0000
0000
0000
0000
0000
0000
0000
0880
0CC0
0EE0
0770
FFF8
FFF8
0770
0EE0
0CC0
0880
0000
0000
0000
0000
0000
0000
0000
0000
0000
ENDCHAR
STARTCHAR MArrowDd
ENCODING 8609
SWIDTH 467 0
DWIDTH 14 0
BBX 14 30 0 -7
BITMAP
0000
0000
0000
0000
0300
0300
0300
0300
0300
0300
0300
0300
0300
0300
0300
0300
0300
0300
3B70
1FE0
0FC0
0780
3B70
1FE0
0FC0
0780
0300
0000
0000
0000
ENDCHAR
STARTCHAR MArrowTailL
ENCODING 8610
SWIDTH 467 0
DWIDTH 14 0
BBX 14 30 0 -7
BITMAP
0000
0000
0000
0000
0000
0000
0000
0000
0000
0000
0000
0400
0C04
1C0C
381C
7FF8
7FF8
381C
1C0C
0C04
0400
0000
0000
0000
0000
0000
0000
0000
0000
0000
ENDCHAR
STARTCHAR MArrowTailR
ENCODING 8611
SWIDTH 467 0
DWIDTH 14 0
BBX 14 30 0 -7
BITMAP
0000
0000
0000
0000
0000
0000
0000
0000
0000
0000
0000
0080
80C0
C0E0
E070
7FF8
7FF8
E070
C0E0
80C0
0080
0000
0000
0000
0000
0000
0000
0000
0000
0000
ENDCHAR
STARTCHAR MArrowBarL
ENCODING 8612
SWIDTH 467 0
DWIDTH 14 0
BBX 14 30 0 -7
BITMAP
0000
0000
0000
0000
0000
0000
0000
0000
0000
0000
0000
0400
0C18
1C18
3818
7FF8
7FF8
3818
1C18
0C18
0400
0000
0000
0000
0000
0000
0000
0000
0000
0000
ENDCHAR
STARTCHAR MArrowBarU
ENCODING 8613
SWIDTH 467 0
DWIDTH 14 0
BBX 14 30 0 -7
BITMAP
0000
0000
0000
0000
0300
0780
0FC0
1FE0
3B70
0300
0300
0300
0300
0300
0300
0300
0300
0300
0300
0300
0300
0300
0300
0300
0300
1FE0
1FE0
0000
0000
0000
ENDCHAR
STARTCHAR MArrowBarR
ENCODING 8614
SWIDTH 467 0
DWIDTH 14 0
BBX 14 30 0 -7
BITMAP
0000
0000
0000
0000
0000
0000
0000
0000
0000
0000
0000
0080
60C0
60E0
6070
7FF8
7FF8
6070
60E0
60C0
0080
0000
0000
0000
0000
0000
0000
0000
0000
0000
ENDCHAR
STARTCHAR MArrowBarD
ENCODING 8615
SWIDTH 467 0
DWIDTH 14 0
BBX 14 30 0 -7
BITMAP
0000
0000
0000
0000
1FE0
1FE0
0300
0300
0300
0300
0300
0300
0300
0300
0300
0300
0300
0300
0300
0300
0300
0300
3B70
1FE0
0FC0
0780
0300
0000
0000
0000
ENDCHAR
STARTCHAR MArrowUDBase
ENCODING 8616
SWIDTH 467 0
DWIDTH 14 0
BBX 14 30 0 -7
BITMAP
0000
0000
0000
0000
0300
0780
0FC0
1FE0
3B70
0300
0300
0300
0300
0300
0300
0300
0300
0300
0300
0300
3B70
1FE0
0FC0
0780
0300
3FF0
3FF0
0000
0000
0000
ENDCHAR
STARTCHAR MArrowHookL
ENCODING 8617
SWIDTH 467 0
DWIDTH 14 0
BBX 14 30 0 -7
BITMAP
0000
0000
0000
0000
0000
0000
0000
0000
0000
00F0
00F8
041C
0C0C
1C0C
381C
7FF8
7FF0
3800
1C00
0C00
0400
0000
0000
0000
0000
0000
0000
0000
0000
0000
ENDCHAR
STARTCHAR MArrowHookR
ENCODING 8618
SWIDTH 467 0
DWIDTH 14 0
BBX 14 30 0 -7
BITMAP
0000
0000
0000
0000
0000
0000
0000
0000
0000
3C00
7C00
E080
C0C0
C0E0
E070
7FF8
3FF8
0070
00E0
00C0
0080
0000
0000
0000
0000
0000
0000
0000
0000
0000
ENDCHAR
STARTCHAR MArrowLoopL
ENCODING 8619
SWIDTH 467 0
DWIDTH 14 0
BBX 14 30 0 -7
BITMAP
0000
0000
0000
0000
0000
0000
0000
0000
0000
0000
0018
043C
0C6C
1C6C
386C
7FFC
7FF8
3860
1C60
0C60
0400
0000
0000
0000
0000
0000
0000
0000
0000
0000
ENDCHAR
STARTCHAR MArrowLoopR
ENCODING 8620
SWIDTH 467 0
DWIDTH 14 0
BBX 14 30 0 -7
BITMAP
0000
0000
0000
0000
0000
0000
0000
0000
0000
0000
6000
F080
D8C0
D8E0
D870
FFF8
7FF8
1870
18E0
18C0
0080
0000
0000
0000
0000
0000
0000
0000
0000
0000
ENDCHAR
STARTCHAR MArrowLRNot
ENCODING 8622
SWIDTH 467 0
DWIDTH 14 0
BBX 14 30 0 -7
BITMAP
0000
0000
0000
0000
0000
0000
0000
0000
0000
0000
0000
09C0
19E0
39F0
7338
FFFC
FFFC
7338
3E70
1E60
0E40
0000
0000
0000
0000
0000
0000
0000
0000
0000
ENDCHAR
STARTCHAR MArrowZigzagD
ENCODING 8623
SWIDTH 467 0
DWIDTH 14 0
BBX 14 30 0 -7
BITMAP
0000
0000
0000
0180
0180
0300
0300
0600
0600
0C00
0C18
1878
19F0
37B0
3E60
7860
60C0
00C0
0180
0180
1300
1B00
1E00
1FC0
1FC0
1F00
1C00
1000
0000
0000
ENDCHAR
STARTCHAR MArrowCrnrUL
ENCODING 8624
SWIDTH 467 0
DWIDTH 14 0
BBX 14 30 0 -7
BITMAP
0000
0000
0000
0000
0000
0000
0000
0000
0000
0000
0000
0400
0C00
1C00
3800
7FF0
7FF0
3830
1C30
0C30
0430
0030
0030
0030
0030
0030
0030
0000
0000
0000
ENDCHAR
STARTCHAR MArrowCrnrUR
ENCODING 8625
SWIDTH 467 0
DWIDTH 14 0
BBX 14 30 0 -7
BITMAP
0000
0000
0000
0000
0000
0000
0000
0000
0000
0000
0000
0100
0180
01C0
00E0
7FF0
7FF0
60E0
61C0
6180
6100
6000
6000
6000
6000
6000
6000
0000
0000
0000
ENDCHAR
STARTCHAR MArrowCrnrDL
ENCODING 8626
SWIDTH 467 0
DWIDTH 14 0
BBX 14 30 0 -7
BITMAP
0000
0000
0000
0000
0000
0030
0030
0030
0030
0030
0030
0430
0C30
1C30
3830
7FF0
7FF0
3800
1C00
0C00
0400
0000
0000
0000
0000
0000
0000
0000
0000
0000
ENDCHAR
STARTCHAR MArrowCrnrDR
ENCODING 8627
SWIDTH 467 0
DWIDTH 14 0
BBX 14 30 0 -7
BITMAP
0000
0000
0000
0000
0000
6000
6000
6000
6000
6000
6000
6100
6180
61C0
60E0
7FF0
7FF0
00E0
01C0
0180
0100
0000
0000
0000
0000
0000
0000
0000
0000
0000
ENDCHAR
STARTCHAR MArrowScircTopAcw
ENCODING 8630
SWIDTH 467 0
DWIDTH 14 0
BBX 14 30 0 -7
BITMAP
0000
0000
0000
0000
0000
0000
0000
0000
0000
0000
0000
0000
07E0
0FF0
1C38
1818
5A18
7E18
7E18
3C18
1800
0000
0000
0000
0000
0000
0000
0000
0000
0000
ENDCHAR
STARTCHAR MArrowScircTopCw
ENCODING 8631
SWIDTH 467 0
DWIDTH 14 0
BBX 14 30 0 -7
BITMAP
0000
0000
0000
0000
0000
0000
0000
0000
0000
0000
0000
0000
1F80
3FC0
70E0
6060
6168
61F8
61F8
60F0
0060
0000
0000
0000
0000
0000
0000
0000
0000
0000
ENDCHAR
STARTCHAR MArrowCircAcw
ENCODING 8634
SWIDTH 467 0
DWIDTH 14 0
BBX 14 30 0 -7
BITMAP
0000
0000
0000
0000
0000
0000
0000
0000
0000
00F8
18F8
38E0
30F0
60D8
60D8
6018
6018
3030
3870
1FE0
0FC0
0000
0000
0000
0000
0000
0000
0000
0000
0000
ENDCHAR
STARTCHAR MArrowCircCw
ENCODING 8635
SWIDTH 467 0
DWIDTH 14 0
BBX 14 30 0 -7
BITMAP
0000
0000
0000
0000
0000
0000
0000
0000
0000
7C00
7C60
1C70
3C30
6C18
6C18
6018
6018
3030
3870
1FE0
0FC0
0000
0000
0000
0000
0000
0000
0000
0000
0000
ENDCHAR
STARTCHAR MHarpoonLu
ENCODING 8636
SWIDTH 467 0
DWIDTH 14 0
BBX 14 30 0 -7
BITMAP
0000
0000
0000
0000
0000
0000
0000
0000
0000
0000
0000
0000
0800
1800
3000
7FFC
7FFC
0000
0000
0000
0000
0000
0000
0000
0000
0000
0000
0000
0000
0000
ENDCHAR
STARTCHAR MHarpoonLd
ENCODING 8637
SWIDTH 467 0
DWIDTH 14 0
BBX 14 30 0 -7
BITMAP
0000
0000
0000
0000
0000
0000
0000
0000
0000
0000
0000
0000
0000
0000
0000
7FFC
7FFC
3000
1800
0800
0000
0000
0000
0000
0000
0000
0000
0000
0000
0000
ENDCHAR
STARTCHAR MHarpoonUr
ENCODING 8638
SWIDTH 467 0
DWIDTH 14 0
BBX 14 30 0 -7
BITMAP
0000
0000
0000
0000
0300
0380
03C0
0360
0300
0300
0300
0300
0300
0300
0300
0300
0300
0300
0300
0300
0300
0300
0300
0300
0300
0300
0300
0000
0000
0000
ENDCHAR
STARTCHAR MHarpoonUl
ENCODING 8639
SWIDTH 467 0
DWIDTH 14 0
BBX 14 30 0 -7
BITMAP
0000
0000
0000
0000
0300
0700
0F00
1B00
0300
0300
0300
0300
0300
0300
0300
0300
0300
0300
0300
0300
0300
0300
0300
0300
0300
0300
0300
0000
0000
0000
ENDCHAR
STARTCHAR MHarpoonRu
ENCODING 8640
SWIDTH 467 0
DWIDTH 14 0
BBX 14 30 0 -7
BITMAP
0000
0000
0000
0000
0000
0000
0000
0000
0000
0000
0000
0000
0040
0060
0030
FFF8
FFF8
0000
0000
0000
0000
0000
0000
0000
0000
0000
0000
0000
0000
0000
ENDCHAR
STARTCHAR MHarpoonRd
ENCODING 8641
SWIDTH 467 0
DWIDTH 14 0
BBX 14 30 0 -7
BITMAP
0000
0000
0000
0000
0000
0000
0000
0000
0000
0000
0000
0000
0000
0000
0000
FFF8
FFF8
0030
0060
0040
0000
0000
0000
0000
0000
0000
0000
0000
0000
0000
ENDCHAR
STARTCHAR MHarpoonDr
ENCODING 8642
SWIDTH 467 0
DWIDTH 14 0
BBX 14 30 0 -7
BITMAP
0000
0000
0000
0000
0300
0300
0300
0300
0300
0300
0300
0300
0300
0300
0300
0300
0300
0300
0300
0300
0300
0300
0300
0360
03C0
0380
0300
0000
0000
0000
ENDCHAR
STARTCHAR MHarpoonDl
ENCODING 8643
SWIDTH 467 0
DWIDTH 14 0
BBX 14 30 0 -7
BITMAP
0000
0000
0000
0000
0300
0300
0300
0300
0300
0300
0300
0300
0300
0300
0300
0300
0300
0300
0300
0300
0300
0300
0300
1B00
0F00
0700
0300
0000
0000
0000
ENDCHAR
STARTCHAR MArrowROverL
ENCODING 8644
SWIDTH 467 0
DWIDTH 14 0
BBX 14 30 0 -7
BITMAP
0000
0000
0000
0000
0000
0000
0000
0000
0080
00C0
00E0
0070
7FF8
7FF8
0070
0CE0
1CC0
3800
7FF8
7FF8
3800
1C00
0C00
0400
0000
0000
0000
0000
0000
0000
ENDCHAR
STARTCHAR MArrowULeftD
ENCODING 8645
SWIDTH 467 0
DWIDTH 14 0
BBX 14 30 0 -7
BITMAP
0000
0000
0000
0000
1860
3C60
7E60
FF60
DB60
1860
1860
1860
1860
1860
1860
1860
1860
1860
1860
1860
1860
1860
1B6C
1BFC
19F8
18F0
1860
0000
0000
0000
ENDCHAR
STARTCHAR MArrowLOverR
ENCODING 8646
SWIDTH 467 0
DWIDTH 14 0
BBX 14 30 0 -7
BITMAP
0000
0000
0000
0000
0000
0000
0000
0000
0400
0C00
1C00
3800
7FF8
7FF8
3800
1CC0
0CE0
0070
7FF8
7FF8
0070
00E0
00C0
0080
0000
0000
0000
0000
0000
0000
ENDCHAR
STARTCHAR MArrowLOverL
ENCODING 8647
SWIDTH 467 0
DWIDTH 14 0
BBX 14 30 0 -7
BITMAP
0000
0000
0000
0000
0000
0000
0000
0000
0400
0C00
1C00
3800
7FF8
7FF8
3800
1C00
1C00
3800
7FF8
7FF8
3800
1C00
0C00
0400
0000
0000
0000
0000
0000
0000
ENDCHAR
STARTCHAR MArrowULeftU
ENCODING 8648
SWIDTH 467 0
DWIDTH 14 0
BBX 14 30 0 -7
BITMAP
0000
0000
0000
0000
1860
3CF0
7FF8
FFFC
DB6C
1860
1860
1860
1860
1860
1860
1860
1860
1860
1860
1860
1860
1860
1860
1860
1860
1860
1860
0000
0000
0000
ENDCHAR
STARTCHAR MArrowROverR
ENCODING 8649
SWIDTH 467 0
DWIDTH 14 0
BBX 14 30 0 -7
BITMAP
0000
0000
0000
0000
0000
0000
0000
0000
0080
00C0
00E0
0070
7FF8
7FF8
0070
00E0
00E0
0070
7FF8
7FF8
0070
00E0
00C0
0080
0000
0000
0000
0000
0000
0000
ENDCHAR
STARTCHAR MArrowDLeftD
ENCODING 8650
SWIDTH 467 0
DWIDTH 14 0
BBX 14 30 0 -7
BITMAP
0000
0000
0000
0000
1860
1860
1860
1860
1860
1860
1860
1860
1860
1860
1860
1860
1860
1860
1860
1860
1860
1860
DB6C
FFFC
7FF8
3CF0
1860
0000
0000
0000
ENDCHAR
STARTCHAR MHarpoonLOverR
ENCODING 8651
SWIDTH 467 0
DWIDTH 14 0
BBX 14 30 0 -7
BITMAP
0000
0000
0000
0000
0000
0000
0000
0000
0000
0000
0800
1800
3000
7FF8
7FF8
0000
0000
7FF8
7FF8
0030
0060
0040
0000
0000
0000
0000
0000
0000
0000
0000
ENDCHAR
STARTCHAR MHarpoonROverL
ENCODING 8652
SWIDTH 467 0
DWIDTH 14 0
BBX 14 30 0 -7
BITMAP
0000
0000
0000
0000
0000
0000
0000
0000
0000
0000
0040
0060
0030
7FF8
7FF8
0000
0000
7FF8
7FF8
3000
1800
0800
0000
0000
0000
0000
0000
0000
0000
0000
ENDCHAR
STARTCHAR MArrow2LNot
ENCODING 8653
SWIDTH 467 0
DWIDTH 14 0
BBX 14 30 0 -7
BITMAP
0000
0000
0000
0000
0000
0000
0000
0000
0000
0000
0230
0630
0E30
1FFC
3FFC
7060
7060
3FFC
1FFC
0EC0
06C0
02C0
0000
0000
0000
0000
0000
0000
0000
0000
ENDCHAR
STARTCHAR MArrow2LRNot
ENCODING 8654
SWIDTH 467 0
DWIDTH 14 0
BBX 14 30 0 -7
BITMAP
0000
0000
0000
0000
0000
0000
0000
0000
0000
0000
11A0
11A0
31B0
7FF8
7FF8
E31C
E31C
7FF8
7FF8
3630
1620
1620
0000
0000
0000
0000
0000
0000
0000
0000
ENDCHAR
STARTCHAR MArrow2RNot
ENCODING 8655
SWIDTH 467 0
DWIDTH 14 0
BBX 14 30 0 -7
BITMAP
0000
0000
0000
0000
0000
0000
0000
0000
0000
0000
0D00
0D80
0DC0
FFE0
FFF0
1838
1838
FFF0
FFE0
31C0
3180
3100
0000
0000
0000
0000
0000
0000
0000
0000
ENDCHAR
STARTCHAR MArrow2L
ENCODING 8656
SWIDTH 467 0
DWIDTH 14 0
BBX 14 30 0 -7
BITMAP
0000
0000
0000
0000
0000
0000
0000
0000
0000
0000
0200
0600
0E00
1FFC
3FFC
7000
7000
3FFC
1FFC
0E00
0600
0200
0000
0000
0000
0000
0000
0000
0000
0000
ENDCHAR
STARTCHAR MArrow2U
ENCODING 8657
SWIDTH 467 0
DWIDTH 14 0
BBX 14 30 0 -7
BITMAP
0000
0000
0000
0000
0300
0780
0FC0
1CE0
3CF0
7CF8
0CC0
0CC0
0CC0
0CC0
0CC0
0CC0
0CC0
0CC0
0CC0
0CC0
0CC0
0CC0
0CC0
0CC0
0CC0
0CC0
0CC0
0000
0000
0000
ENDCHAR
STARTCHAR MArrow2R
ENCODING 8658
SWIDTH 467 0
DWIDTH 14 0
BBX 14 30 0 -7
BITMAP
0000
0000
0000
0000
0000
0000
0000
0000
0000
0000
0100
0180
01C0
FFE0
FFF0
0038
0038
FFF0
FFE0
01C0
0180
0100
0000
0000
0000
0000
0000
0000
0000
0000
ENDCHAR
STARTCHAR MArrow2D
ENCODING 8659
SWIDTH 467 0
DWIDTH 14 0
BBX 14 30 0 -7
BITMAP
0000
0000
0000
0000
0CC0
0CC0
0CC0
0CC0
0CC0
0CC0
0CC0
0CC0
0CC0
0CC0
0CC0
0CC0
0CC0
0CC0
0CC0
0CC0
0CC0
7CF8
3CF0
1CE0
0FC0
0780
0300
0000
0000
0000
ENDCHAR
STARTCHAR MArrow2LR
ENCODING 8660
SWIDTH 467 0
DWIDTH 14 0
BBX 14 30 0 -7
BITMAP
0000
0000
0000
0000
0000
0000
0000
0000
0000
0000
0840
0840
1860
3FF0
7FF8
E01C
E01C
7FF8
3FF0
1860
0840
0840
0000
0000
0000
0000
0000
0000
0000
0000
ENDCHAR
STARTCHAR MArrow2UD
ENCODING 8661
SWIDTH 467 0
DWIDTH 14 0
BBX 14 30 0 -7
BITMAP
0000
0000
0000
0000
0300
0780
0FC0
1CE0
3CF0
7CF8
0CC0
0CC0
0CC0
0CC0
0CC0
0CC0
0CC0
0CC0
0CC0
0CC0
0CC0
7CF8
3CF0
1CE0
0FC0
0780
0300
0000
0000
0000
ENDCHAR
STARTCHAR MArrow2LU
ENCODING 8662
SWIDTH 467 0
DWIDTH 14 0
BBX 14 30 0 -7
BITMAP
0000
0000
0000
0000
7000
7800
7C00
6F00
6780
67C0
72C0
7300
7300
7980
6980
0C80
0CC0
04C0
0660
0660
0320
0330
0130
0198
0198
00C8
00C0
0000
0000
0000
ENDCHAR
STARTCHAR MArrow2RU
ENCODING 8663
SWIDTH 467 0
DWIDTH 14 0
BBX 14 30 0 -7
BITMAP
0000
0000
0000
0000
0038
0078
00F8
03D8
0798
0F98
0D38
0338
0338
0678
0658
04C0
0CC0
0C80
1980
1980
1300
3300
3200
6600
6600
4C00
0C00
0000
0000
0000
ENDCHAR
STARTCHAR MArrow2RD
ENCODING 8664
SWIDTH 467 0
DWIDTH 14 0
BBX 14 30 0 -7
BITMAP
0000
0000
0000
0000
0C00
4C00
6600
6600
3200
3300
1300
1980
1980
0C80
0CC0
04C0
0658
0678
0338
0338
0D38
0F98
0798
03D8
00F8
0078
0038
0000
0000
0000
ENDCHAR
STARTCHAR MArrow2LD
ENCODING 8665
SWIDTH 467 0
DWIDTH 14 0
BBX 14 30 0 -7
BITMAP
0000
0000
0000
0000
00C0
00C8
0198
0198
0130
0330
0320
0660
0660
04C0
0CC0
0C80
6980
7980
7300
7300
72C0
67C0
6780
6F00
7C00
7800
7000
0000
0000
0000
ENDCHAR
STARTCHAR MArrowDashedL
ENCODING 8672
SWIDTH 467 0
DWIDTH 14 0
BBX 14 30 0 -7
BITMAP
0000
0000
0000
0000
0000
0000
0000
0000
0000
0000
0000
0400
0C00
1C00
3800
7DDC
7DDC
3800
1C00
0C00
0400
0000
0000
0000
0000
0000
0000
0000
0000
0000
ENDCHAR
STARTCHAR MArrowDashedU
ENCODING 8673
SWIDTH 467 0
DWIDTH 14 0
BBX 14 30 0 -7
BITMAP
0000
0000
0000
0000
0300
0780
0FC0
1FE0
3870
0000
0300
0300
0300
0000
0000
0300
0300
0300
0000
0000
0300
0300
0300
0000
0000
0300
0300
0000
0000
0000
ENDCHAR
STARTCHAR MArrowDashedR
ENCODING 8674
SWIDTH 467 0
DWIDTH 14 0
BBX 14 30 0 -7
BITMAP
0000
0000
0000
0000
0000
0000
0000
0000
0000
0000
0000
0080
00C0
00E0
0070
EEF8
EEF8
0070
00E0
00C0
0080
0000
0000
0000
0000
0000
0000
0000
0000
0000
ENDCHAR
STARTCHAR MArrowDashedD
ENCODING 8675
SWIDTH 467 0
DWIDTH 14 0
BBX 14 30 0 -7
BITMAP
0000
0000
0000
0000
0300
0300
0000
0000
0300
0300
0300
0000
0000
0300
0300
0300
0000
0000
0300
0300
0300
0000
3870
1FE0
0FC0
0780
0300
0000
0000
0000
ENDCHAR
STARTCHAR MArrowWhiteL
ENCODING 8678
SWIDTH 467 0
DWIDTH 14 0
BBX 14 30 0 -7
BITMAP
0000
0000
0000
0000
0000
0000
0000
0000
0000
0000
0200
0600
0E00
1A00
33FC
600C
600C
33FC
1A00
0E00
0600
0200
0000
0000
0000
0000
0000
0000
0000
0000
ENDCHAR
STARTCHAR MArrowWhiteU
ENCODING 8679
SWIDTH 467 0
DWIDTH 14 0
BBX 14 30 0 -7
BITMAP
0000
0000
0000
0000
0300
0780
0CC0
1860
3030
7CF8
0480
0480
0480
0480
0480
0480
0480
0480
0480
0480
0480
0480
0480
0480
0480
0780
0780
0000
0000
0000
ENDCHAR
STARTCHAR MArrowWhiteR
ENCODING 8680
SWIDTH 467 0
DWIDTH 14 0
BBX 14 30 0 -7
BITMAP
0000
0000
0000
0000
0000
0000
0000
0000
0000
0000
0080
00C0
00E0
00B0
7F98
600C
600C
7F98
00B0
00E0
00C0
0080
0000
0000
0000
0000
0000
0000
0000
0000
ENDCHAR
STARTCHAR MArrowWhiteD
ENCODING 8681
SWIDTH 467 0
DWIDTH 14 0
BBX 14 30 0 -7
BITMAP
0000
0000
0000
0000
0780
0780
0480
0480
0480
0480
0480
0480
0480
0480
0480
0480
0480
0480
0480
0480
0480
7CF8
3030
1860
0CC0
0780
0300
0000
0000
0000
ENDCHAR
STARTCHAR MArrowWhiteUD
ENCODING 8691
SWIDTH 467 0
DWIDTH 14 0
BBX 14 30 0 -7
BITMAP
0000
0000
0000
0000
0300
0780
0CC0
1860
3030
7CF8
0480
0480
0480
0480
0480
0480
0480
0480
0480
0480
0480
7CF8
3030
1860
0CC0
0780
0300
0000
0000
0000
ENDCHAR
STARTCHAR MArrowDLeftU
ENCODING 8693
SWIDTH 467 0
DWIDTH 14 0
BBX 14 30 0 -7
BITMAP
0000
0000
0000
0000
1860
18F0
19F8
1BFC
1B6C
1860
1860
1860
1860
1860
1860
1860
1860
1860
1860
1860
1860
1860
DB60
FF60
7E60
3C60
1860
0000
0000
0000
ENDCHAR
STARTCHAR MArrowStrokeL
ENCODING 8695
SWIDTH 467 0
DWIDTH 14 0
BBX 14 30 0 -7
BITMAP
0000
0000
0000
0000
0000
0000
0000
0000
0000
0000
0000
0400
0CC0
1CC0
38C0
7FFC
7FFC
38C0
1CC0
0CC0
0400
0000
0000
0000
0000
0000
0000
0000
0000
0000
ENDCHAR
STARTCHAR MArrowStrokeR
ENCODING 8696
SWIDTH 467 0
DWIDTH 14 0
BBX 14 30 0 -7
BITMAP
0000
0000
0000
0000
0000
0000
0000
0000
0000
0000
0000
0080
0CC0
0CE0
0C70
FFF8
FFF8
0C70
0CE0
0CC0
0080
0000
0000
0000
0000
0000
0000
0000
0000
0000
ENDCHAR
STARTCHAR MArrowStrokeLR
ENCODING 8697
SWIDTH 467 0
DWIDTH 14 0
BBX 14 30 0 -7
BITMAP
0000
0000
0000
0000
0000
0000
0000
0000
0000
0000
0000
0840
1B60
3B70
7338
FFFC
FFFC
7338
3B70
1B60
0840
0000
0000
0000
0000
0000
0000
0000
0000
0000
ENDCHAR
STARTCHAR MForall
ENCODING 8704
SWIDTH 467 0
DWIDTH 14 0
BBX 14 30 0 -7
BITMAP
0000
0000
0000
0000
0000
0000
6018
6018
6018
3030
3030
3FF0
1FE0
1860
1860
0CC0
0CC0
0CC0
0780
0780
0300
0300
0300
0000
0000
0000
0000
0000
0000
0000
ENDCHAR
STARTCHAR MComplement
ENCODING 8705
SWIDTH 467 0
DWIDTH 14 0
BBX 14 30 0 -7
BITMAP
0000
0000
0000
0000
0780
0FC0
1CE0
1860
1800
1800
1800
1800
1800
1800
1800
1800
1800
1800
1800
1800
1800
1860
1CE0
0FC0
0780
0000
0000
0000
0000
0000
ENDCHAR
STARTCHAR MPartDiff
ENCODING 8706
SWIDTH 467 0
DWIDTH 14 0
BBX 14 30 0 -7
BITMAP
0000
0000
0000
0000
0000
0700
0FC0
0CE0
0060
0030
0030
0030
01F0
07F0
0E30
1830
1830
3030
3060
3060
38C0
1F80
0F00
0000
0000
0000
0000
0000
0000
0000
ENDCHAR
STARTCHAR MExists
ENCODING 8707
SWIDTH 467 0
DWIDTH 14 0
BBX 14 30 0 -7
BITMAP
0000
0000
0000
0000
0000
0000
3FF0
3FF0
0030
0030
0030
0030
0030
0FF0
0FF0
0030
0030
0030
0030
0030
0030
3FF0
3FF0
0000
0000
0000
0000
0000
0000
0000
ENDCHAR
STARTCHAR MExistsNot
ENCODING 8708
SWIDTH 467 0
DWIDTH 14 0
BBX 14 30 0 -7
BITMAP
0000
0000
0000
0000
00C0
00C0
3FF0
3FF0
01B0
01B0
0330
0330
0330
0FF0
0FF0
0630
0630
0630
0C30
0C30
0C30
3FF0
3FF0
1800
1800
0000
0000
0000
0000
0000
ENDCHAR
STARTCHAR MEmptyset
ENCODING 8709
SWIDTH 467 0
DWIDTH 14 0
BBX 14 30 0 -7
BITMAP
0000
0000
0000
0000
0000
0030
07B0
0FE0
1860
18E0
30F0
31B0
31B0
3330
3330
3330
3630
3630
3C30
1C60
1860
1FC0
3780
3000
0000
0000
0000
0000
0000
0000
ENDCHAR
STARTCHAR MIncrement
ENCODING 8710
SWIDTH 467 0
DWIDTH 14 0
BBX 14 30 0 -7
BITMAP
0000
0000
0000
0000
0000
0000
0300
0300
0300
0780
0780
0CC0
0CC0
0CC0
1860
1860
1860
3030
3030
3030
6018
7FF8
7FF8
0000
0000
0000
0000
0000
0000
0000
ENDCHAR
STARTCHAR MNabla
ENCODING 8711
SWIDTH 467 0
DWIDTH 14 0
BBX 14 30 0 -7
BITMAP
0000
0000
0000
0000
0000
0000
7FF8
7FF8
6018
3030
3030
3030
1860
1860
1860
0CC0
0CC0
0CC0
0780
0780
0300
0300
0300
0000
0000
0000
0000
0000
0000
0000
ENDCHAR
STARTCHAR MElement
ENCODING 8712
SWIDTH 467 0
DWIDTH 14 0
BBX 14 30 0 -7
BITMAP
0000
0000
0000
0000
0000
0000
0000
0000
0000
0000
07F0
0FF0
1C00
1800
3000
3FF0
3FF0
3000
1800
1C00
0FF0
07F0
0000
0000
0000
0000
0000
0000
0000
0000
ENDCHAR
STARTCHAR MElementNot
ENCODING 8713
SWIDTH 467 0
DWIDTH 14 0
BBX 14 30 0 -7
BITMAP
0000
0000
0000
0000
0000
0000
0000
0000
0060
0060
07F0
0FF0
1CC0
18C0
30C0
3FF0
3FF0
3180
1980
1D80
0FF0
07F0
0300
0300
0000
0000
0000
0000
0000
0000
ENDCHAR
STARTCHAR MElementAlt
ENCODING 8714
SWIDTH 467 0
DWIDTH 14 0
BBX 14 30 0 -7
BITMAP
0000
0000
0000
0000
0000
0000
0000
0000
0000
0000
0000
07E0
0FE0
1C00
1800
1FE0
1FE0
1800
1C00
0FE0
07E0
0000
0000
0000
0000
0000
0000
0000
0000
0000
ENDCHAR
STARTCHAR MContains
ENCODING 8715
SWIDTH 467 0
DWIDTH 14 0
BBX 14 30 0 -7
BITMAP
0000
0000
0000
0000
0000
0000
0000
0000
0000
0000
3F80
3FC0
00E0
0060
0030
3FF0
3FF0
0030
0060
00E0
3FC0
3F80
0000
0000
0000
0000
0000
0000
0000
0000
ENDCHAR
STARTCHAR MContainsNot
ENCODING 8716
SWIDTH 467 0
DWIDTH 14 0
BBX 14 30 0 -7
BITMAP
0000
0000
0000
0000
0000
0000
0000
0000
0300
0300
3F80
3FC0
06E0
0660
0630
3FF0
3FF0
0C30
0C60
0CE0
3FC0
3F80
1800
1800
0000
0000
0000
0000
0000
0000
ENDCHAR
STARTCHAR MContainsAlt
ENCODING 8717
SWIDTH 467 0
DWIDTH 14 0
BBX 14 30 0 -7
BITMAP
0000
0000
0000
0000
0000
0000
0000
0000
0000
0000
0000
1F80
1FC0
00E0
0060
1FE0
1FE0
0060
00E0
1FC0
1F80
0000
0000
0000
0000
0000
0000
0000
0000
0000
ENDCHAR
STARTCHAR MEndOfProof
ENCODING 8718
SWIDTH 467 0
DWIDTH 14 0
BBX 14 30 0 -7
BITMAP
0000
0000
0000
0000
0000
0000
0000
0000
0000
0000
0000
3FF0
3FF0
3FF0
3FF0
3FF0
3FF0
3FF0
3FF0
3FF0
3FF0
0000
0000
0000
0000
0000
0000
0000
0000
0000
ENDCHAR
STARTCHAR MProduct
ENCODING 8719
SWIDTH 467 0
DWIDTH 14 0
BBX 14 30 0 -7
BITMAP
0000
0000
0000
7FF8
7FF8
6018
6018
6018
6018
6018
6018
6018
6018
6018
6018
6018
6018
6018
6018
6018
6018
6018
6018
6018
6018
0000
0000
0000
0000
0000
ENDCHAR
STARTCHAR MCoproduct
ENCODING 8720
SWIDTH 467 0
DWIDTH 14 0
BBX 14 30 0 -7
BITMAP
0000
0000
0000
6018
6018
6018
6018
6018
6018
6018
6018
6018
6018
6018
6018
6018
6018
6018
6018
6018
6018
6018
6018
7FF8
7FF8
0000
0000
0000
0000
0000
ENDCHAR
STARTCHAR MSum
ENCODING 8721
SWIDTH 467 0
DWIDTH 14 0
BBX 14 30 0 -7
BITMAP
0000
0000
0000
7FF8
7FF8
7000
3800
1C00
0C00
0E00
0700
0300
0380
01C0
01C0
0380
0300
0700
0E00
0C00
1C00
3800
7000
7FF8
7FF8
0000
0000
0000
0000
0000
ENDCHAR
STARTCHAR MMinus
ENCODING 8722
SWIDTH 467 0
DWIDTH 14 0
BBX 14 30 0 -7
BITMAP
0000
0000
0000
0000
0000
0000
0000
0000
0000
0000
0000
0000
0000
0000
0000
3FF0
3FF0
0000
0000
0000
0000
0000
0000
0000
0000
0000
0000
0000
0000
0000
ENDCHAR
STARTCHAR MMinusPlus
ENCODING 8723
SWIDTH 467 0
DWIDTH 14 0
BBX 14 30 0 -7
BITMAP
0000
0000
0000
0000
0000
0000
0000
0000
0000
3FF0
3FF0
0000
0000
0300
0300
0300
0300
3FF0
3FF0
0300
0300
0300
0300
0000
0000
0000
0000
0000
0000
0000
ENDCHAR
STARTCHAR MPlusDot
ENCODING 8724
SWIDTH 467 0
DWIDTH 14 0
BBX 14 30 0 -7
BITMAP
0000
0000
0000
0000
0000
0300
0780
0780
0300
0000
0000
0300
0300
0300
0300
3FF0
3FF0
0300
0300
0300
0300
0000
0000
0000
0000
0000
0000
0000
0000
0000
ENDCHAR
STARTCHAR MDivSlash
ENCODING 8725
SWIDTH 467 0
DWIDTH 14 0
BBX 14 30 0 -7
BITMAP
0000
0000
0000
0000
0018
0038
0030
0070
0060
00E0
00C0
01C0
0180
0380
0300
0700
0600
0E00
0C00
1C00
1800
3800
3000
7000
6000
0000
0000
0000
0000
0000
ENDCHAR
STARTCHAR MSetMinus
ENCODING 8726
SWIDTH 467 0
DWIDTH 14 0
BBX 14 30 0 -7
BITMAP
0000
0000
0000
0000
6000
7000
3000
3800
1800
1C00
0C00
0E00
0600
0700
0300
0380
0180
01C0
00C0
00E0
0060
0070
0030
0038
0018
0000
0000
0000
0000
0000
ENDCHAR
STARTCHAR MAsterisk
ENCODING 8727
SWIDTH 467 0
DWIDTH 14 0
BBX 14 30 0 -7
BITMAP
0000
0000
0000
0000
0000
0000
0000
0000
0000
0000
0000
1860
1CE0
0CC0
0780
3FF0
3FF0
0780
0CC0
1CE0
1860
0000
0000
0000
0000
0000
0000
0000
0000
0000
ENDCHAR
STARTCHAR MRing
ENCODING 8728
SWIDTH 467 0
DWIDTH 14 0
BBX 14 30 0 -7
BITMAP
0000
0000
0000
0000
0000
0000
0000
0000
0000
0000
0000
0000
0780
0FC0
1CE0
1860
1860
1CE0
0FC0
0780
0000
0000
0000
0000
0000
0000
0000
0000
0000
0000
ENDCHAR
STARTCHAR MBullet
ENCODING 8729
SWIDTH 467 0
DWIDTH 14 0
BBX 14 30 0 -7
BITMAP
0000
0000
0000
0000
0000
0000
0000
0000
0000
0000
0000
0000
0780
0FC0
1FE0
1FE0
1FE0
1FE0
0FC0
0780
0000
0000
0000
0000
0000
0000
0000
0000
0000
0000
ENDCHAR
STARTCHAR MRoot2
ENCODING 8730
SWIDTH 467 0
DWIDTH 14 0
BBX 14 30 0 -7
BITMAP
0000
0000
0000
003C
003C
0030
0030
0060
0060
0060
00C0
00C0
00C0
7D80
7D80
0D80
0F00
0F00
0F00
0E00
0E00
0E00
0C00
0C00
0C00
0000
0000
0000
0000
0000
ENDCHAR
STARTCHAR MRoot3
ENCODING 8731
SWIDTH 467 0
DWIDTH 14 0
BBX 14 30 0 -7
BITMAP
0000
0000
0000
003C
3C3C
7E30
4630
1C60
1C60
4660
7EC0
3CC0
00C0
7D80
7D80
0D80
0F00
0F00
0F00
0E00
0E00
0E00
0C00
0C00
0C00
0000
0000
0000
0000
0000
ENDCHAR
STARTCHAR MRoot4
ENCODING 8732
SWIDTH 467 0
DWIDTH 14 0
BBX 14 30 0 -7
BITMAP
0000
0000
0000
003C
0C3C
1C30
1C30
3C60
6C60
7E60
7EC0
0CC0
00C0
7D80
7D80
0D80
0F00
0F00
0F00
0E00
0E00
0E00
0C00
0C00
0C00
0000
0000
0000
0000
0000
ENDCHAR
STARTCHAR MPropTo
ENCODING 8733
SWIDTH 467 0
DWIDTH 14 0
BBX 14 30 0 -7
BITMAP
0000
0000
0000
0000
0000
0000
0000
0000
0000
0000
0000
0000
1818
3C38
6660
63C0
6180
6180
6180
63C0
6660
3C38
1818
0000
0000
0000
0000
0000
0000
0000
ENDCHAR
STARTCHAR MInfinity
ENCODING 8734
SWIDTH 467 0
DWIDTH 14 0
BBX 14 30 0 -7
BITMAP
0000
0000
0000
0000
0000
0000
0000
0000
0000
0000
0000
0000
1860
3CF0
6498
6798
6318
6318
6318
6798
6498
3CF0
1860
0000
0000
0000
0000
0000
0000
0000
ENDCHAR
STARTCHAR MRightAngle
ENCODING 8735
SWIDTH 467 0
DWIDTH 14 0
BBX 14 30 0 -7
BITMAP
0000
0000
0000
0000
0000
0000
0000
0000
0000
0000
3000
3000
3000
3000
3000
3000
3000
3000
3000
3000
3000
3FF0
3FF0
0000
0000
0000
0000
0000
0000
0000
ENDCHAR
STARTCHAR MAngle
ENCODING 8736
SWIDTH 467 0
DWIDTH 14 0
BBX 14 30 0 -7
BITMAP
0000
0000
0000
0000
0000
0000
0000
0000
0060
0060
00C0
01C0
0180
0300
0700
0600
0C00
1C00
1800
3000
7000
7FF0
7FF0
0000
0000
0000
0000
0000
0000
0000
ENDCHAR
STARTCHAR MAngleArc
ENCODING 8737
SWIDTH 467 0
DWIDTH 14 0
BBX 14 30 0 -7
BITMAP
0000
0000
0000
0000
0000
0000
0000
0000
0060
0060
00C0
01C0
0180
0300
0700
0600
0F00
1F80
19C0
30C0
70C0
7FF0
7FF0
0000
0000
0000
0000
0000
0000
0000
ENDCHAR
STARTCHAR MAngleArcS
ENCODING 8738
SWIDTH 467 0
DWIDTH 14 0
BBX 14 30 0 -7
BITMAP
0000
0000
0000
0000
0000
0000
0000
0000
0000
0010
0070
00E0
03C0
0780
1EC0
3840
3840
1EC0
0780
03C0
00E0
0070
0010
0000
0000
0000
0000
0000
0000
0000
ENDCHAR
STARTCHAR MDivides
ENCODING 8739
SWIDTH 467 0
DWIDTH 14 0
BBX 14 30 0 -7
BITMAP
0000
0000
0000
0000
0300
0300
0300
0300
0300
0300
0300
0300
0300
0300
0300
0300
0300
0300
0300
0300
0300
0300
0300
0300
0000
0000
0000
0000
0000
0000
ENDCHAR
STARTCHAR MDividesNot
ENCODING 8740
SWIDTH 467 0
DWIDTH 14 0
BBX 14 30 0 -7
BITMAP
0000
0000
0000
0000
0300
0300
0300
0300
0300
0300
0360
03E0
03C0
0380
0700
0F00
1F00
1B00
0300
0300
0300
0300
0300
0300
0000
0000
0000
0000
0000
0000
ENDCHAR
STARTCHAR MParallel
ENCODING 8741
SWIDTH 467 0
DWIDTH 14 0
BBX 14 30 0 -7
BITMAP
0000
0000
0000
0000
0CC0
0CC0
0CC0
0CC0
0CC0
0CC0
0CC0
0CC0
0CC0
0CC0
0CC0
0CC0
0CC0
0CC0
0CC0
0CC0
0CC0
0CC0
0CC0
0CC0
0000
0000
0000
0000
0000
0000
ENDCHAR
STARTCHAR MParallelNot
ENCODING 8742
SWIDTH 467 0
DWIDTH 14 0
BBX 14 30 0 -7
BITMAP
0000
0000
0000
0000
0CC0
0CC0
0CC0
0CC0
0CC0
0CC0
0CF0
0CF0
0DE0
0FC0
0FC0
1EC0
3CC0
3CC0
0CC0
0CC0
0CC0
0CC0
0CC0
0CC0
0000
0000
0000
0000
0000
0000
ENDCHAR
STARTCHAR MAnd
ENCODING 8743
SWIDTH 467 0
DWIDTH 14 0
BBX 14 30 0 -7
BITMAP
0000
0000
0000
0000
0000
0000
0000
0000
0000
0000
0000
0000
0300
0300
0780
0780
0FC0
0CC0
1CE0
1860
3870
3030
7038
0000
0000
0000
0000
0000
0000
0000
ENDCHAR
STARTCHAR MOr
ENCODING 8744
SWIDTH 467 0
DWIDTH 14 0
BBX 14 30 0 -7
BITMAP
0000
0000
0000
0000
0000
0000
0000
0000
0000
0000
0000
0000
7038
3030
3870
1860
1CE0
0CC0
0FC0
0780
0780
0300
0300
0000
0000
0000
0000
0000
0000
0000
ENDCHAR
STARTCHAR MIntersect
ENCODING 8745
SWIDTH 467 0
DWIDTH 14 0
BBX 14 30 0 -7
BITMAP
0000
0000
0000
0000
0000
0000
0000
0000
0000
0000
0000
0000
0FC0
1FE0
3870
3030
3030
3030
3030
3030
3030
3030
3030
0000
0000
0000
0000
0000
0000
0000
ENDCHAR
STARTCHAR MUnion
ENCODING 8746
SWIDTH 467 0
DWIDTH 14 0
BBX 14 30 0 -7
BITMAP
0000
0000
0000
0000
0000
0000
0000
0000
0000
0000
0000
0000
3030
3030
3030
3030
3030
3030
3030
3030
3870
1FE0
0FC0
0000
0000
0000
0000
0000
0000
0000
ENDCHAR
STARTCHAR MIntegral
ENCODING 8747
SWIDTH 467 0
DWIDTH 14 0
BBX 14 30 0 -7
BITMAP
0000
0000
0000
00F0
01F8
0398
0300
0300
0300
0300
0300
0300
0300
0300
0300
0300
0300
0300
0300
0300
0300
0300
0300
0300
0300
6700
7E00
3C00
0000
0000
ENDCHAR
STARTCHAR MIntegral2
ENCODING 8748
SWIDTH 467 0
DWIDTH 14 0
BBX 14 30 0 -7
BITMAP
0000
0000
0000
07B8
0FFC
0EEC
0CC0
0CC0
0CC0
0CC0
0CC0
0CC0
0CC0
0CC0
0CC0
0CC0
0CC0
0CC0
0CC0
0CC0
0CC0
0CC0
0CC0
0CC0
0CC0
DDC0
FF80
7700
0000
0000
ENDCHAR
STARTCHAR MIntegral3
ENCODING 8749
SWIDTH 467 0
DWIDTH 14 0
BBX 14 30 0 -7
BITMAP
0000
0000
0000
0DB8
1FFC
1B6C
1B60
1B60
1B60
1B60
1B60
1B60
1B60
1B60
1B60
1B60
1B60
1B60
1B60
1B60
1B60
1B60
1B60
1B60
1B60
DB60
FFE0
76C0
0000
0000
ENDCHAR
STARTCHAR MIntegralCirc
ENCODING 8750
SWIDTH 467 0
DWIDTH 14 0
BBX 14 30 0 -7
BITMAP
0000
0000
0000
00F0
01F8
0398
0300
0300
0300
0300
0300
0FC0
1FE0
3B70
3330
3330
3330
3B70
1FE0
0FC0
0300
0300
0300
0300
0300
6700
7E00
3C00
0000
0000
ENDCHAR
STARTCHAR MIntegral2Circ
ENCODING 8751
SWIDTH 467 0
DWIDTH 14 0
BBX 14 30 0 -7
BITMAP
0000
0000
0000
07B8
0FFC
0EEC
0CC0
0CC0
0CC0
0CC0
0CC0
1FE0
3FF0
6CD8
6CD8
6CD8
6CD8
6CD8
3FF0
1FE0
0CC0
0CC0
0CC0
0CC0
0CC0
DDC0
FF80
7700
0000
0000
ENDCHAR
STARTCHAR MIntegral3Circ
ENCODING 8752
SWIDTH 467 0
DWIDTH 14 0
BBX 14 30 0 -7
BITMAP
0000
0000
0000
0DB8
1FFC
1B6C
1B60
1B60
1B60
1B60
1B60
3FF0
7FF8
5B68
5B68
5B68
5B68
5B68
7FF8
3FF0
1B60
1B60
1B60
1B60
1B60
DB60
FFE0
76C0
0000
0000
ENDCHAR
STARTCHAR MIntegralCw
ENCODING 8753
SWIDTH 467 0
DWIDTH 14 0
BBX 14 30 0 -7
BITMAP
0000
0000
0000
00F0
01F8
0398
0300
0300
0300
0300
0300
0300
0FC0
1FE0
3B70
3330
33FC
0378
0330
0300
0300
0300
0300
0300
0300
6700
7E00
3C00
0000
0000
ENDCHAR
STARTCHAR MTherefore
ENCODING 8756
SWIDTH 467 0
DWIDTH 14 0
BBX 14 30 0 -7
BITMAP
0000
0000
0000
0000
0000
0000
0000
0000
0000
0000
0000
0000
0300
0780
0780
0300
0000
0000
0000
3030
7878
7878
3030
0000
0000
0000
0000
0000
0000
0000
ENDCHAR
STARTCHAR MBecause
ENCODING 8757
SWIDTH 467 0
DWIDTH 14 0
BBX 14 30 0 -7
BITMAP
0000
0000
0000
0000
0000
0000
0000
0000
0000
0000
0000
0000
3030
7878
7878
3030
0000
0000
0000
0300
0780
0780
0300
0000
0000
0000
0000
0000
0000
0000
ENDCHAR
STARTCHAR MRatio
ENCODING 8758
SWIDTH 467 0
DWIDTH 14 0
BBX 14 30 0 -7
BITMAP
0000
0000
0000
0000
0000
0000
0000
0000
0000
0000
0000
0300
0780
0780
0300
0000
0000
0300
0780
0780
0300
0000
0000
0000
0000
0000
0000
0000
0000
0000
ENDCHAR
STARTCHAR MProportion
ENCODING 8759
SWIDTH 467 0
DWIDTH 14 0
BBX 14 30 0 -7
BITMAP
0000
0000
0000
0000
0000
0000
0000
0000
0000
0000
0000
1860
3CF0
3CF0
1860
0000
0000
1860
3CF0
3CF0
1860
0000
0000
0000
0000
0000
0000
0000
0000
0000
ENDCHAR
STARTCHAR MMinusDot
ENCODING 8760
SWIDTH 467 0
DWIDTH 14 0
BBX 14 30 0 -7
BITMAP
0000
0000
0000
0000
0000
0000
0000
0000
0300
0780
0780
0300
0000
0000
0000
3FF0
3FF0
0000
0000
0000
0000
0000
0000
0000
0000
0000
0000
0000
0000
0000
ENDCHAR
STARTCHAR MExcess
ENCODING 8761
SWIDTH 467 0
DWIDTH 14 0
BBX 14 30 0 -7
BITMAP
0000
0000
0000
0000
0000
0000
0000
0000
0000
0000
0000
0030
0078
0078
0030
7F00
7F00
0030
0078
0078
0030
0000
0000
0000
0000
0000
0000
0000
0000
0000
ENDCHAR
STARTCHAR MProportionGeom
ENCODING 8762
SWIDTH 467 0
DWIDTH 14 0
BBX 14 30 0 -7
BITMAP
0000
0000
0000
0000
0000
0000
0000
0000
0000
0000
3030
7878
7878
3030
0000
7FF8
7FF8
0000
3030
7878
7878
3030
0000
0000
0000
0000
0000
0000
0000
0000
ENDCHAR
STARTCHAR MHomothetic
ENCODING 8763
SWIDTH 467 0
DWIDTH 14 0
BBX 14 30 0 -7
BITMAP
0000
0000
0000
0000
0000
0000
0000
0000
0300
0780
0780
0300
0000
0000
1C30
3F30
33F0
30E0
0000
0000
0300
0780
0780
0300
0000
0000
0000
0000
0000
0000
ENDCHAR
STARTCHAR MTilde
ENCODING 8764
SWIDTH 467 0
DWIDTH 14 0
BBX 14 30 0 -7
BITMAP
0000
0000
0000
0000
0000
0000
0000
0000
0000
0000
0000
0000
0000
0000
1C30
3F30
33F0
30E0
0000
0000
0000
0000
0000
0000
0000
0000
0000
0000
0000
0000
ENDCHAR
STARTCHAR MRevTilde
ENCODING 8765
SWIDTH 467 0
DWIDTH 14 0
BBX 14 30 0 -7
BITMAP
0000
0000
0000
0000
0000
0000
0000
0000
0000
0000
0000
0000
0000
0000
30E0
33F0
3F30
1C30
0000
0000
0000
0000
0000
0000
0000
0000
0000
0000
0000
0000
ENDCHAR
STARTCHAR MInvLazyS
ENCODING 8766
SWIDTH 467 0
DWIDTH 14 0
BBX 14 30 0 -7
BITMAP
0000
0000
0000
0000
0000
0000
0000
0000
0000
0000
0000
0000
0000
3C70
7E38
6318
71F8
38F0
0000
0000
0000
0000
0000
0000
0000
0000
0000
0000
0000
0000
ENDCHAR
STARTCHAR MSineWave
ENCODING 8767
SWIDTH 467 0
DWIDTH 14 0
BBX 14 30 0 -7
BITMAP
0000
0000
0000
0000
0000
0000
0000
0000
0000
0000
0000
1800
3C00
2600
6600
4308
0198
0190
00F0
0060
0000
0000
0000
0000
0000
0000
0000
0000
0000
0000
ENDCHAR
STARTCHAR MWreath
ENCODING 8768
SWIDTH 467 0
DWIDTH 14 0
BBX 14 30 0 -7
BITMAP
0000
0000
0000
0000
0000
0000
0000
0000
0000
0000
0E00
0780
01C0
00C0
01C0
0380
0700
0E00
0C00
0E00
0780
01C0
0000
0000
0000
0000
0000
0000
0000
0000
ENDCHAR
STARTCHAR MTildeNot
ENCODING 8769
SWIDTH 467 0
DWIDTH 14 0
BBX 14 30 0 -7
BITMAP
0000
0000
0000
0000
0000
0000
0000
0000
0000
0000
0000
00C0
00C0
0180
1DB0
3F30
33F0
36E0
0600
0C00
0C00
0000
0000
0000
0000
0000
0000
0000
0000
0000
ENDCHAR
STARTCHAR MMinusTilde
ENCODING 8770
SWIDTH 467 0
DWIDTH 14 0
BBX 14 30 0 -7
BITMAP
0000
0000
0000
0000
0000
0000
0000
0000
0000
0000
0000
0000
3FF0
3FF0
0000
0000
1C30
3F30
33F0
30E0
0000
0000
0000
0000
0000
0000
0000
0000
0000
0000
ENDCHAR
STARTCHAR MEqualAsymp
ENCODING 8771
SWIDTH 467 0
DWIDTH 14 0
BBX 14 30 0 -7
BITMAP
0000
0000
0000
0000
0000
0000
0000
0000
0000
0000
0000
0000
1C30
3F30
33F0
30E0
0000
0000
3FF0
3FF0
0000
0000
0000
0000
0000
0000
0000
0000
0000
0000
ENDCHAR
STARTCHAR MEqualAsympNot
ENCODING 8772
SWIDTH 467 0
DWIDTH 14 0
BBX 14 30 0 -7
BITMAP
0000
0000
0000
0000
0000
0000
0000
0000
0000
0060
0060
00C0
1CB0
3FB0
33F0
33E0
0200
0600
3FF0
3FF0
0C00
1800
1800
0000
0000
0000
0000
0000
0000
0000
ENDCHAR
STARTCHAR MEqualApprox
ENCODING 8773
SWIDTH 467 0
DWIDTH 14 0
BBX 14 30 0 -7
BITMAP
0000
0000
0000
0000
0000
0000
0000
0000
0000
0000
1C30
3F30
33F0
30E0
0000
0000
3FF0
3FF0
0000
0000
3FF0
3FF0
0000
0000
0000
0000
0000
0000
0000
0000
ENDCHAR
STARTCHAR MEqualApproxNot
ENCODING 8775
SWIDTH 467 0
DWIDTH 14 0
BBX 14 30 0 -7
BITMAP
0000
0000
0000
0000
0000
0000
0000
0000
0060
0060
1CF0
3FB0
33F0
31E0
0180
0300
3FF0
3FF0
0600
0600
3FF0
3FF0
1800
1800
0000
0000
0000
0000
0000
0000
ENDCHAR
STARTCHAR MEqualAlmost
ENCODING 8776
SWIDTH 467 0
DWIDTH 14 0
BBX 14 30 0 -7
BITMAP
0000
0000
0000
0000
0000
0000
0000
0000
0000
0000
0000
1C30
3F30
33F0
30E0
0000
1C30
3F30
33F0
30E0
0000
0000
0000
0000
0000
0000
0000
0000
0000
0000
ENDCHAR
STARTCHAR MEqualAlmostNot
ENCODING 8777
SWIDTH 467 0
DWIDTH 14 0
BBX 14 30 0 -7
BITMAP
0000
0000
0000
0000
0000
0000
0000
0000
0060
0060
00C0
1CB0
3FB0
33F0
31E0
0300
1E30
3F30
37F0
34E0
0C00
1800
1800
0000
0000
0000
0000
0000
0000
0000
ENDCHAR
STARTCHAR MEquiv
ENCODING 8781
SWIDTH 467 0
DWIDTH 14 0
BBX 14 30 0 -7
BITMAP
0000
0000
0000
0000
0000
0000
0000
0000
0000
0000
0000
3030
3870
1FE0
0FC0
0000
0000
0FC0
1FE0
3870
3030
0000
0000
0000
0000
0000
0000
0000
0000
0000
ENDCHAR
STARTCHAR MEqualDot
ENCODING 8784
SWIDTH 467 0
DWIDTH 14 0
BBX 14 30 0 -7
BITMAP
0000
0000
0000
0000
0000
0000
0300
0780
0780
0300
0000
0000
3FF0
3FF0
0000
0000
0000
3FF0
3FF0
0000
0000
0000
0000
0000
0000
0000
0000
0000
0000
0000
ENDCHAR
STARTCHAR MColonEqual
ENCODING 8788
SWIDTH 467 0
DWIDTH 14 0
BBX 14 30 0 -7
BITMAP
0000
0000
0000
0000
0000
0000
0000
0000
0000
0000
0000
7000
73F8
73F8
0000
0000
0000
73F8
73F8
7000
0000
0000
0000
0000
0000
0000
0000
0000
0000
0000
ENDCHAR
STARTCHAR MEqualColon
ENCODING 8789
SWIDTH 467 0
DWIDTH 14 0
BBX 14 30 0 -7
BITMAP
0000
0000
0000
0000
0000
0000
0000
0000
0000
0000
0000
0038
7F38
7F38
0000
0000
0000
7F38
7F38
0038
0000
0000
0000
0000
0000
0000
0000
0000
0000
0000
ENDCHAR
STARTCHAR MEqualHat
ENCODING 8792
SWIDTH 467 0
DWIDTH 14 0
BBX 14 30 0 -7
BITMAP
0000
0000
0000
0000
0000
0000
0300
0780
0FC0
1CE0
0000
0000
3FF0
3FF0
0000
0000
0000
3FF0
3FF0
0000
0000
0000
0000
0000
0000
0000
0000
0000
0000
0000
ENDCHAR
STARTCHAR MEqualHatEstim
ENCODING 8793
SWIDTH 467 0
DWIDTH 14 0
BBX 14 30 0 -7
BITMAP
0000
0000
0000
0000
0000
0000
0300
0780
0FC0
1CE0
0000
0000
3FF0
3FF0
0000
0000
0000
3FF0
3FF0
0000
0000
0000
0000
0000
0000
0000
0000
0000
0000
0000
ENDCHAR
STARTCHAR MEqualDelta
ENCODING 8796
SWIDTH 467 0
DWIDTH 14 0
BBX 14 30 0 -7
BITMAP
0000
0000
0000
0000
0300
0780
0780
0CC0
0FC0
1FE0
0000
0000
3FF0
3FF0
0000
0000
0000
3FF0
3FF0
0000
0000
0000
0000
0000
0000
0000
0000
0000
0000
0000
ENDCHAR
STARTCHAR MEqualQuest
ENCODING 8799
SWIDTH 467 0
DWIDTH 14 0
BBX 14 30 0 -7
BITMAP
0000
0000
0000
0700
0F80
0D80
0180
0300
0000
0300
0300
0000
3FF0
3FF0
0000
0000
0000
3FF0
3FF0
0000
0000
0000
0000
0000
0000
0000
0000
0000
0000
0000
ENDCHAR
STARTCHAR MEqualNot
ENCODING 8800
SWIDTH 467 0
DWIDTH 14 0
BBX 14 30 0 -7
BITMAP
0000
0000
0000
0000
0000
0000
0000
0000
0000
0060
0060
00C0
3FF0
3FF0
0100
0300
0200
3FF0
3FF0
0C00
1800
1800
0000
0000
0000
0000
0000
0000
0000
0000
ENDCHAR
STARTCHAR MIdentical
ENCODING 8801
SWIDTH 467 0
DWIDTH 14 0
BBX 14 30 0 -7
BITMAP
0000
0000
0000
0000
0000
0000
0000
0000
0000
0000
0000
3FF0
3FF0
0000
0000
3FF0
3FF0
0000
0000
3FF0
3FF0
0000
0000
0000
0000
0000
0000
0000
0000
0000
ENDCHAR
STARTCHAR MIdenticalNot
ENCODING 8802
SWIDTH 467 0
DWIDTH 14 0
BBX 14 30 0 -7
BITMAP
0000
0000
0000
0000
0000
0000
0000
0000
0000
0030
0060
3FF0
3FF0
00C0
0180
3FF0
3FF0
0600
0C00
3FF0
3FF0
1800
3000
0000
0000
0000
0000
0000
0000
0000
ENDCHAR
STARTCHAR MLessEq
ENCODING 8804
SWIDTH 467 0
DWIDTH 14 0
BBX 14 30 0 -7
BITMAP
0000
0000
0000
0000
0000
0000
0000
0030
00F0
01E0
0780
0F00
3C00
3C00
0F00
0780
01E0
00F0
0030
0000
0000
3FF0
3FF0
0000
0000
0000
0000
0000
0000
0000
ENDCHAR
STARTCHAR MGreaterEq
ENCODING 8805
SWIDTH 467 0
DWIDTH 14 0
BBX 14 30 0 -7
BITMAP
0000
0000
0000
0000
0000
0000
0000
3000
3C00
1E00
0780
03C0
00F0
00F0
03C0
0780
1E00
3C00
3000
0000
0000
3FF0
3FF0
0000
0000
0000
0000
0000
0000
0000
ENDCHAR
STARTCHAR MLessEqAlt
ENCODING 8806
SWIDTH 467 0
DWIDTH 14 0
BBX 14 30 0 -7
BITMAP
0000
0000
0000
0000
0000
0030
00F0
01E0
0780
0F00
3C00
3C00
0F00
0780
01E0
00F0
0030
0000
0000
3FF0
3FF0
0000
0000
3FF0
3FF0
0000
0000
0000
0000
0000
ENDCHAR
STARTCHAR MGreaterEqAlt
ENCODING 8807
SWIDTH 467 0
DWIDTH 14 0
BBX 14 30 0 -7
BITMAP
0000
0000
0000
0000
0000
3000
3C00
1E00
0780
03C0
00F0
00F0
03C0
0780
1E00
3C00
3000
0000
0000
3FF0
3FF0
0000
0000
3FF0
3FF0
0000
0000
0000
0000
0000
ENDCHAR
STARTCHAR MLess2
ENCODING 8810
SWIDTH 467 0
DWIDTH 14 0
BBX 14 30 0 -7
BITMAP
0000
0000
0000
0000
0000
0000
0000
0000
0000
0000
0318
0738
0E70
1CE0
39C0
7380
7380
39C0
1CE0
0E70
0738
0318
0000
0000
0000
0000
0000
0000
0000
0000
ENDCHAR
STARTCHAR MGreater2
ENCODING 8811
SWIDTH 467 0
DWIDTH 14 0
BBX 14 30 0 -7
BITMAP
0000
0000
0000
0000
0000
0000
0000
0000
0000
0000
6300
7380
39C0
1CE0
0E70
0738
0738
0E70
1CE0
39C0
7380
6300
0000
0000
0000
0000
0000
0000
0000
0000
ENDCHAR
STARTCHAR MEquivNot
ENCODING 8813
SWIDTH 467 0
DWIDTH 14 0
BBX 14 30 0 -7
BITMAP
0000
0000
0000
0000
0000
0000
0000
0000
0000
00C0
00C0
30B0
39F0
1FE0
0FC0
0300
0300
0FC0
1FE0
3E70
3430
0C00
0C00
0000
0000
0000
0000
0000
0000
0000
ENDCHAR
STARTCHAR MLessNot
ENCODING 8814
SWIDTH 467 0
DWIDTH 14 0
BBX 14 30 0 -7
BITMAP
0000
0000
0000
0000
0000
0000
0000
0000
0060
0040
0070
00F0
01E0
07C0
0F80
3C80
3D80
0F80
0780
01E0
01F0
0330
0300
0300
0000
0000
0000
0000
0000
0000
ENDCHAR
STARTCHAR MGreaterNot
ENCODING 8815
SWIDTH 467 0
DWIDTH 14 0
BBX 14 30 0 -7
BITMAP
0000
0000
0000
0000
0000
0000
0000
0000
0300
0300
3300
3E00
1E00
0780
07C0
06F0
04F0
07C0
0780
1E00
3C00
3800
0800
1800
0000
0000
0000
0000
0000
0000
ENDCHAR
STARTCHAR MLessEqNot
ENCODING 8816
SWIDTH 467 0
DWIDTH 14 0
BBX 14 30 0 -7
BITMAP
0000
0000
0000
0000
0000
0060
0060
0070
00F0
01E0
0780
0F80
3C80
3D80
0F80
0780
01E0
03F0
0330
0300
0300
3FF0
3FF0
0600
0600
0000
0000
0000
0000
0000
ENDCHAR
STARTCHAR MGreaterEqNot
ENCODING 8817
SWIDTH 467 0
DWIDTH 14 0
BBX 14 30 0 -7
BITMAP
0000
0000
0000
0000
0000
0180
0180
3180
3F80
1F00
0780
03C0
03F0
02F0
03C0
0780
1E00
3C00
3C00
0C00
0C00
3FF0
3FF0
1800
1800
0000
0000
0000
0000
0000
ENDCHAR
STARTCHAR MLessTilde
ENCODING 8818
SWIDTH 467 0
DWIDTH 14 0
BBX 14 30 0 -7
BITMAP
0000
0000
0000
0000
0000
0000
0000
0030
00F0
01E0
0780
0F00
3C00
3C00
0F00
0780
01E0
00F0
0030
0000
1C30
3F30
33F0
30E0
0000
0000
0000
0000
0000
0000
ENDCHAR
STARTCHAR MGreaterTilde
ENCODING 8819
SWIDTH 467 0
DWIDTH 14 0
BBX 14 30 0 -7
BITMAP
0000
0000
0000
0000
0000
0000
0000
3000
3C00
1E00
0780
03C0
00F0
00F0
03C0
0780
1E00
3C00
3000
0000
1C30
3F30
33F0
30E0
0000
0000
0000
0000
0000
0000
ENDCHAR
STARTCHAR MPrec
ENCODING 8826
SWIDTH 467 0
DWIDTH 14 0
BBX 14 30 0 -7
BITMAP
0000
0000
0000
0000
0000
0000
0000
0000
0000
0000
0030
0030
0070
00E0
01C0
3F80
3F80
01C0
00E0
0070
0030
0030
0000
0000
0000
0000
0000
0000
0000
0000
ENDCHAR
STARTCHAR MSucc
ENCODING 8827
SWIDTH 467 0
DWIDTH 14 0
BBX 14 30 0 -7
BITMAP
0000
0000
0000
0000
0000
0000
0000
0000
0000
0000
3000
3000
3800
1C00
0E00
07F0
07F0
0E00
1C00
3800
3000
3000
0000
0000
0000
0000
0000
0000
0000
0000
ENDCHAR
STARTCHAR MPrecEq
ENCODING 8828
SWIDTH 467 0
DWIDTH 14 0
BBX 14 30 0 -7
BITMAP
0000
0000
0000
0000
0000
0000
0030
0030
0030
0070
00E0
01C0
3F80
3F80
01C0
00E0
0070
0030
0030
0000
0000
3FF0
3FF0
0000
0000
0000
0000
0000
0000
0000
ENDCHAR
STARTCHAR MSuccEq
ENCODING 8829
SWIDTH 467 0
DWIDTH 14 0
BBX 14 30 0 -7
BITMAP
0000
0000
0000
0000
0000
0000
3000
3000
3000
3800
1C00
0E00
07F0
07F0
0E00
1C00
3800
3000
3000
0000
0000
3FF0
3FF0
0000
0000
0000
0000
0000
0000
0000
ENDCHAR
STARTCHAR MPrecTilde
ENCODING 8830
SWIDTH 467 0
DWIDTH 14 0
BBX 14 30 0 -7
BITMAP
0000
0000
0000
0000
0000
0000
0030
0030
0030
0070
00E0
01C0
3F80
3F80
01C0
00E0
0070
0030
0030
0000
1C30
3F30
33F0
30E0
0000
0000
0000
0000
0000
0000
ENDCHAR
STARTCHAR MSuccTilde
ENCODING 8831
SWIDTH 467 0
DWIDTH 14 0
BBX 14 30 0 -7
BITMAP
0000
0000
0000
0000
0000
0000
3000
3000
3800
1C00
0E00
07F0
07F0
0E00
1C00
3800
3000
3000
3000
0000
1C30
3F30
33F0
30E0
0000
0000
0000
0000
0000
0000
ENDCHAR
STARTCHAR MSubset
ENCODING 8834
SWIDTH 467 0
DWIDTH 14 0
BBX 14 30 0 -7
BITMAP
0000
0000
0000
0000
0000
0000
0000
0000
0000
0000
07F0
0FF0
1C00
1800
3000
3000
3000
3000
1800
1C00
0FF0
07F0
0000
0000
0000
0000
0000
0000
0000
0000
ENDCHAR
STARTCHAR MSupset
ENCODING 8835
SWIDTH 467 0
DWIDTH 14 0
BBX 14 30 0 -7
BITMAP
0000
0000
0000
0000
0000
0000
0000
0000
0000
0000
3F80
3FC0
00E0
0060
0030
0030
0030
0030
0060
00E0
3FC0
3F80
0000
0000
0000
0000
0000
0000
0000
0000
ENDCHAR
STARTCHAR MSubsetNot
ENCODING 8836
SWIDTH 467 0
DWIDTH 14 0
BBX 14 30 0 -7
BITMAP
0000
0000
0000
0000
0000
0000
0000
0000
00C0
00C0
07F0
0FF0
1D80
1980
3300
3300
3300
3300
1A00
1E00
0FF0
0FF0
0C00
0C00
0000
0000
0000
0000
0000
0000
ENDCHAR
STARTCHAR MSupsetNot
ENCODING 8837
SWIDTH 467 0
DWIDTH 14 0
BBX 14 30 0 -7
BITMAP
0000
0000
0000
0000
0000
0000
0000
0000
00C0
00C0
3FC0
3FC0
01E0
0160
0330
0330
0330
0330
0660
06E0
3FC0
3F80
0C00
0C00
0000
0000
0000
0000
0000
0000
ENDCHAR
STARTCHAR MSubsetEq
ENCODING 8838
SWIDTH 467 0
DWIDTH 14 0
BBX 14 30 0 -7
BITMAP
0000
0000
0000
0000
0000
0000
0000
07F0
0FF0
1C00
1800
3000
3000
3000
3000
1800
1C00
0FF0
07F0
0000
0000
3FF0
3FF0
0000
0000
0000
0000
0000
0000
0000
ENDCHAR
STARTCHAR MSupsetEq
ENCODING 8839
SWIDTH 467 0
DWIDTH 14 0
BBX 14 30 0 -7
BITMAP
0000
0000
0000
0000
0000
0000
0000
3F80
3FC0
00E0
0060
0030
0030
0030
0030
0060
00E0
3FC0
3F80
0000
0000
3FF0
3FF0
0000
0000
0000
0000
0000
0000
0000
ENDCHAR
STARTCHAR MSubsetEqNot
ENCODING 8840
SWIDTH 467 0
DWIDTH 14 0
BBX 14 30 0 -7
BITMAP
0000
0000
0000
0000
0000
00C0
00C0
07F0
0FF0
1CC0
1880
3180
3180
3180
3180
1900
1F00
0FF0
07F0
0200
0200
3FF0
3FF0
0600
0600
0000
0000
0000
0000
0000
ENDCHAR
STARTCHAR MSupsetEqNot
ENCODING 8841
SWIDTH 467 0
DWIDTH 14 0
BBX 14 30 0 -7
BITMAP
0000
0000
0000
0000
0000
0180
0180
3F80
3FC0
01E0
0360
0330
0330
0330
0230
0660
06E0
3FC0
3F80
0400
0400
3FF0
3FF0
0C00
0C00
0000
0000
0000
0000
0000
ENDCHAR
STARTCHAR MSubsetNoteq
ENCODING 8842
SWIDTH 467 0
DWIDTH 14 0
BBX 14 30 0 -7
BITMAP
0000
0000
0000
0000
0000
0000
0000
07F0
0FF0
1C00
1800
3000
3000
3000
3000
1800
1C00
0FF0
07F0
00C0
0180
3FF0
3FF0
0600
0C00
0000
0000
0000
0000
0000
ENDCHAR
STARTCHAR MSupsetNoteq
ENCODING 8843
SWIDTH 467 0
DWIDTH 14 0
BBX 14 30 0 -7
BITMAP
0000
0000
0000
0000
0000
0000
0000
3F80
3FC0
00E0
0060
0030
0030
0030
0030
0060
00E0
3FC0
3F80
00C0
0180
3FF0
3FF0
0600
0C00
0000
0000
0000
0000
0000
ENDCHAR
STARTCHAR MUnionMset
ENCODING 8846
SWIDTH 467 0
DWIDTH 14 0
BBX 14 30 0 -7
BITMAP
0000
0000
0000
0000
0000
0000
0000
0000
0000
0000
0000
0300
3330
3FF0
3330
3330
3030
3030
3030
3030
3870
1FE0
0FC0
0000
0000
0000
0000
0000
0000
0000
ENDCHAR
STARTCHAR MSqSubset
ENCODING 8847
SWIDTH 467 0
DWIDTH 14 0
BBX 14 30 0 -7
BITMAP
0000
0000
0000
0000
0000
0000
0000
0000
0000
0000
3FF0
3FF0
3000
3000
3000
3000
3000
3000
3000
3000
3FF0
3FF0
0000
0000
0000
0000
0000
0000
0000
0000
ENDCHAR
STARTCHAR MSqSupset
ENCODING 8848
SWIDTH 467 0
DWIDTH 14 0
BBX 14 30 0 -7
BITMAP
0000
0000
0000
0000
0000
0000
0000
0000
0000
0000
3FF0
3FF0
0030
0030
0030
0030
0030
0030
0030
0030
3FF0
3FF0
0000
0000
0000
0000
0000
0000
0000
0000
ENDCHAR
STARTCHAR MSqSubsetEq
ENCODING 8849
SWIDTH 467 0
DWIDTH 14 0
BBX 14 30 0 -7
BITMAP
0000
0000
0000
0000
0000
0000
0000
3FF0
3FF0
3000
3000
3000
3000
3000
3000
3000
3000
3FF0
3FF0
0000
0000
3FF0
3FF0
0000
0000
0000
0000
0000
0000
0000
ENDCHAR
STARTCHAR MSqSupsetEq
ENCODING 8850
SWIDTH 467 0
DWIDTH 14 0
BBX 14 30 0 -7
BITMAP
0000
0000
0000
0000
0000
0000
0000
3FF0
3FF0
0030
0030
0030
0030
0030
0030
0030
0030
3FF0
3FF0
0000
0000
3FF0
3FF0
0000
0000
0000
0000
0000
0000
0000
ENDCHAR
STARTCHAR MSqIntersect
ENCODING 8851
SWIDTH 467 0
DWIDTH 14 0
BBX 14 30 0 -7
BITMAP
0000
0000
0000
0000
0000
0000
0000
0000
0000
0000
0000
0000
3FF0
3FF0
3030
3030
3030
3030
3030
3030
3030
3030
3030
0000
0000
0000
0000
0000
0000
0000
ENDCHAR
STARTCHAR MSqUnion
ENCODING 8852
SWIDTH 467 0
DWIDTH 14 0
BBX 14 30 0 -7
BITMAP
0000
0000
0000
0000
0000
0000
0000
0000
0000
0000
0000
0000
3030
3030
3030
3030
3030
3030
3030
3030
3030
3FF0
3FF0
0000
0000
0000
0000
0000
0000
0000
ENDCHAR
STARTCHAR MOPlus
ENCODING 8853
SWIDTH 467 0
DWIDTH 14 0
BBX 14 30 0 -7
BITMAP
0000
0000
0000
0000
0000
0000
0000
0000
0000
0780
1FE0
3870
6318
6318
4308
5FE8
5FE8
4308
6318
6318
3870
1FE0
0780
0000
0000
0000
0000
0000
0000
0000
ENDCHAR
STARTCHAR MOMinus
ENCODING 8854
SWIDTH 467 0
DWIDTH 14 0
BBX 14 30 0 -7
BITMAP
0000
0000
0000
0000
0000
0000
0000
0000
0000
0780
1FE0
3870
6018
6018
4008
5FE8
5FE8
4008
6018
6018
3870
1FE0
0780
0000
0000
0000
0000
0000
0000
0000
ENDCHAR
STARTCHAR MOMultiply
ENCODING 8855
SWIDTH 467 0
DWIDTH 14 0
BBX 14 30 0 -7
BITMAP
0000
0000
0000
0000
0000
0000
0000
0000
0000
0780
1FE0
3030
7878
7CF8
4FC8
4788
4788
4FC8
7CF8
7878
3030
1FE0
0780
0000
0000
0000
0000
0000
0000
0000
ENDCHAR
STARTCHAR MOSlash
ENCODING 8856
SWIDTH 467 0
DWIDTH 14 0
BBX 14 30 0 -7
BITMAP
0000
0000
0000
0000
0000
0000
0000
0000
0000
0780
1FE0
3870
6018
60D8
41C8
4388
4708
4E08
6C18
6018
3870
1FE0
0780
0000
0000
0000
0000
0000
0000
0000
ENDCHAR
STARTCHAR MODot
ENCODING 8857
SWIDTH 467 0
DWIDTH 14 0
BBX 14 30 0 -7
BITMAP
0000
0000
0000
0000
0000
0000
0000
0000
0000
0780
1FE0
3870
6018
6018
4308
4788
4788
4308
6018
6018
3870
1FE0
0780
0000
0000
0000
0000
0000
0000
0000
ENDCHAR
STARTCHAR MORing
ENCODING 8858
SWIDTH 467 0
DWIDTH 14 0
BBX 14 30 0 -7
BITMAP
0000
0000
0000
0000
0000
0000
0000
0000
0000
0780
1FE0
3870
6018
6798
4FC8
4CC8
4CC8
4FC8
6798
6018
3870
1FE0
0780
0000
0000
0000
0000
0000
0000
0000
ENDCHAR
STARTCHAR MOAsterisk
ENCODING 8859
SWIDTH 467 0
DWIDTH 14 0
BBX 14 30 0 -7
BITMAP
0000
0000
0000
0000
0000
0000
0000
0000
0000
0780
1FE0
3030
6CD8
6CD8
4788
5FE8
5FE8
4788
6CD8
6CD8
3030
1FE0
0780
0000
0000
0000
0000
0000
0000
0000
ENDCHAR
STARTCHAR MOEqual
ENCODING 8860
SWIDTH 467 0
DWIDTH 14 0
BBX 14 30 0 -7
BITMAP
0000
0000
0000
0000
0000
0000
0000
0000
0000
0780
1FE0
3870
6018
5FE8
5FE8
4008
4008
5FE8
5FE8
6018
3870
1FE0
0780
0000
0000
0000
0000
0000
0000
0000
ENDCHAR
STARTCHAR MODash
ENCODING 8861
SWIDTH 467 0
DWIDTH 14 0
BBX 14 30 0 -7
BITMAP
0000
0000
0000
0000
0000
0000
0000
0000
0000
0780
1FE0
3870
6018
6018
4008
5FE8
5FE8
4008
6018
6018
3870
1FE0
0780
0000
0000
0000
0000
0000
0000
0000
ENDCHAR
STARTCHAR MSqPlus
ENCODING 8862
SWIDTH 467 0
DWIDTH 14 0
BBX 14 30 0 -7
BITMAP
0000
0000
0000
0000
0000
0000
0000
0000
0000
7FF8
7FF8
4008
4308
4308
4308
5FE8
5FE8
4308
4308
4308
4008
7FF8
7FF8
0000
0000
0000
0000
0000
0000
0000
ENDCHAR
STARTCHAR MSqMinus
ENCODING 8863
SWIDTH 467 0
DWIDTH 14 0
BBX 14 30 0 -7
BITMAP
0000
0000
0000
0000
0000
0000
0000
0000
0000
7FF8
7FF8
4008
4008
4008
4008
5FE8
5FE8
4008
4008
4008
4008
7FF8
7FF8
0000
0000
0000
0000
0000
0000
0000
ENDCHAR
STARTCHAR MSqMultiply
ENCODING 8864
SWIDTH 467 0
DWIDTH 14 0
BBX 14 30 0 -7
BITMAP
0000
0000
0000
0000
0000
0000
0000
0000
0000
7FF8
7FF8
4008
5868
5CE8
4FC8
4788
4788
4FC8
5CE8
5868
4008
7FF8
7FF8
0000
0000
0000
0000
0000
0000
0000
ENDCHAR
STARTCHAR MSqDot
ENCODING 8865
SWIDTH 467 0
DWIDTH 14 0
BBX 14 30 0 -7
BITMAP
0000
0000
0000
0000
0000
0000
0000
0000
0000
7FF8
7FF8
4008
4008
4008
4308
4788
4788
4308
4008
4008
4008
7FF8
7FF8
0000
0000
0000
0000
0000
0000
0000
ENDCHAR
STARTCHAR MVMinus
ENCODING 8866
SWIDTH 467 0
DWIDTH 14 0
BBX 14 30 0 -7
BITMAP
0000
0000
0000
0000
0000
0000
0000
0000
0000
0000
3000
3000
3000
3000
3000
3FF0
3FF0
3000
3000
3000
3000
3000
0000
0000
0000
0000
0000
0000
0000
0000
ENDCHAR
STARTCHAR MMinusV
ENCODING 8867
SWIDTH 467 0
DWIDTH 14 0
BBX 14 30 0 -7
BITMAP
0000
0000
0000
0000
0000
0000
0000
0000
0000
0000
0030
0030
0030
0030
0030
3FF0
3FF0
0030
0030
0030
0030
0030
0000
0000
0000
0000
0000
0000
0000
0000
ENDCHAR
STARTCHAR MTop
ENCODING 8868
SWIDTH 467 0
DWIDTH 14 0
BBX 14 30 0 -7
BITMAP
0000
0000
0000
0000
0000
0000
0000
0000
0000
0000
7FF8
7FF8
0300
0300
0300
0300
0300
0300
0300
0300
0300
0300
0300
0000
0000
0000
0000
0000
0000
0000
ENDCHAR
STARTCHAR MBot
ENCODING 8869
SWIDTH 467 0
DWIDTH 14 0
BBX 14 30 0 -7
BITMAP
0000
0000
0000
0000
0000
0000
0000
0000
0000
0000
0300
0300
0300
0300
0300
0300
0300
0300
0300
0300
0300
7FF8
7FF8
0000
0000
0000
0000
0000
0000
0000
ENDCHAR
STARTCHAR MVMinusAssert
ENCODING 8870
SWIDTH 467 0
DWIDTH 14 0
BBX 14 30 0 -7
BITMAP
0000
0000
0000
0000
0000
0000
0000
0000
0000
0000
3000
3000
3000
3000
3000
3FF0
3FF0
3000
3000
3000
3000
3000
0000
0000
0000
0000
0000
0000
0000
0000
ENDCHAR
STARTCHAR MModels
ENCODING 8871
SWIDTH 467 0
DWIDTH 14 0
BBX 14 30 0 -7
BITMAP
0000
0000
0000
0000
0000
0000
0000
0000
0000
3000
3000
3000
3000
3FF0
3FF0
3000
3000
3FF0
3FF0
3000
3000
3000
3000
0000
0000
0000
0000
0000
0000
0000
ENDCHAR
STARTCHAR MModelsTrue
ENCODING 8872
SWIDTH 467 0
DWIDTH 14 0
BBX 14 30 0 -7
BITMAP
0000
0000
0000
0000
0000
0000
0000
0000
0000
3000
3000
3000
3000
3FF0
3FF0
3000
3000
3FF0
3FF0
3000
3000
3000
3000
0000
0000
0000
0000
0000
0000
0000
ENDCHAR
STARTCHAR MForces
ENCODING 8873
SWIDTH 467 0
DWIDTH 14 0
BBX 14 30 0 -7
BITMAP
0000
0000
0000
0000
0000
0000
0000
0000
0000
0000
6600
6600
6600
6600
6600
67F8
67F8
6600
6600
6600
6600
6600
0000
0000
0000
0000
0000
0000
0000
0000
ENDCHAR
STARTCHAR MModels2
ENCODING 8875
SWIDTH 467 0
DWIDTH 14 0
BBX 14 30 0 -7
BITMAP
0000
0000
0000
0000
0000
0000
0000
0000
0000
6600
6600
6600
6600
67F8
67F8
6600
6600
67F8
67F8
6600
6600
6600
6600
0000
0000
0000
0000
0000
0000
0000
ENDCHAR
STARTCHAR MVMinusNot
ENCODING 8876
SWIDTH 467 0
DWIDTH 14 0
BBX 14 30 0 -7
BITMAP
0000
0000
0000
0000
0000
0000
0000
0000
0000
00C0
30C0
30C0
3180
3180
3180
3FF0
3FF0
3300
3300
3300
3600
3600
0600
0000
0000
0000
0000
0000
0000
0000
ENDCHAR
STARTCHAR MModelsNot
ENCODING 8877
SWIDTH 467 0
DWIDTH 14 0
BBX 14 30 0 -7
BITMAP
0000
0000
0000
0000
0000
0000
0000
0000
0060
3060
3060
30C0
30C0
3FF0
3FF0
3180
3180
3FF0
3FF0
3300
3300
3600
3600
0600
0000
0000
0000
0000
0000
0000
ENDCHAR
STARTCHAR MForcesNot
ENCODING 8878
SWIDTH 467 0
DWIDTH 14 0
BBX 14 30 0 -7
BITMAP
0000
0000
0000
0000
0000
0000
0000
0000
0000
0030
6630
6630
6660
6660
6660
67F8
67F8
66C0
66C0
66C0
6780
6780
0180
0000
0000
0000
0000
0000
0000
0000
ENDCHAR
STARTCHAR MModels2Not
ENCODING 8879
SWIDTH 467 0
DWIDTH 14 0
BBX 14 30 0 -7
BITMAP
0000
0000
0000
0000
0000
0000
0000
0000
0030
6630
6630
6660
6660
67F8
67F8
6660
66C0
67F8
67F8
66C0
66C0
6780
6780
0180
0000
0000
0000
0000
0000
0000
ENDCHAR
STARTCHAR MLhd
ENCODING 8882
SWIDTH 467 0
DWIDTH 14 0
BBX 14 30 0 -7
BITMAP
0000
0000
0000
0000
0000
0000
0000
0000
0000
0000
0030
00F0
01F0
07B0
0F30
3C30
3C30
0F30
07B0
01F0
00F0
0030
0000
0000
0000
0000
0000
0000
0000
0000
ENDCHAR
STARTCHAR MRhd
ENCODING 8883
SWIDTH 467 0
DWIDTH 14 0
BBX 14 30 0 -7
BITMAP
0000
0000
0000
0000
0000
0000
0000
0000
0000
0000
3000
3C00
3E00
3780
33C0
30F0
30F0
33C0
3780
3E00
3C00
3000
0000
0000
0000
0000
0000
0000
0000
0000
ENDCHAR
STARTCHAR MLhdEq
ENCODING 8884
SWIDTH 467 0
DWIDTH 14 0
BBX 14 30 0 -7
BITMAP
0000
0000
0000
0000
0000
0000
0000
0030
00F0
01F0
07B0
0F30
3C30
3C30
0F30
07B0
01F0
00F0
0030
0000
0000
3FF0
3FF0
0000
0000
0000
0000
0000
0000
0000
ENDCHAR
STARTCHAR MRhdEq
ENCODING 8885
SWIDTH 467 0
DWIDTH 14 0
BBX 14 30 0 -7
BITMAP
0000
0000
0000
0000
0000
0000
0000
3000
3C00
3E00
3780
33C0
30F0
30F0
33C0
3780
3E00
3C00
3000
0000
0000
3FF0
3FF0
0000
0000
0000
0000
0000
0000
0000
ENDCHAR
STARTCHAR MCircleBullet
ENCODING 8886
SWIDTH 467 0
DWIDTH 14 0
BBX 14 30 0 -7
BITMAP
0000
0000
0000
0000
0000
0000
0000
0000
0000
0000
0000
0000
0000
3870
7CF8
47F8
47F8
7CF8
3870
0000
0000
0000
0000
0000
0000
0000
0000
0000
0000
0000
ENDCHAR
STARTCHAR MBulletCircle
ENCODING 8887
SWIDTH 467 0
DWIDTH 14 0
BBX 14 30 0 -7
BITMAP
0000
0000
0000
0000
0000
0000
0000
0000
0000
0000
0000
0000
0000
3870
7CF8
7F88
7F88
7CF8
3870
0000
0000
0000
0000
0000
0000
0000
0000
0000
0000
0000
ENDCHAR
STARTCHAR MLollipopR
ENCODING 8888
SWIDTH 467 0
DWIDTH 14 0
BBX 14 30 0 -7
BITMAP
0000
0000
0000
0000
0000
0000
0000
0000
0000
0000
0000
0000
0000
0070
00F8
7F88
7F88
00F8
0070
0000
0000
0000
0000
0000
0000
0000
0000
0000
0000
0000
ENDCHAR
STARTCHAR MXor
ENCODING 8891
SWIDTH 467 0
DWIDTH 14 0
BBX 14 30 0 -7
BITMAP
0000
0000
0000
0000
0000
0000
0000
0000
7038
3030
3870
1860
1CE0
0CC0
0FC0
0780
0780
0300
0300
0000
0000
3FF0
3FF0
0000
0000
0000
0000
0000
0000
0000
ENDCHAR
STARTCHAR MNand
ENCODING 8892
SWIDTH 467 0
DWIDTH 14 0
BBX 14 30 0 -7
BITMAP
0000
0000
0000
0000
0000
0000
0000
0000
3FF0
3FF0
0000
0000
0300
0300
0780
0780
0FC0
0CC0
1CE0
1860
3870
3030
7038
0000
0000
0000
0000
0000
0000
0000
ENDCHAR
STARTCHAR MNor
ENCODING 8893
SWIDTH 467 0
DWIDTH 14 0
BBX 14 30 0 -7
BITMAP
0000
0000
0000
0000
0000
0000
0000
0000
3FF0
3FF0
0000
0000
7038
3030
3870
1860
1CE0
0CC0
0FC0
0780
0780
0300
0300
0000
0000
0000
0000
0000
0000
0000
ENDCHAR
STARTCHAR MRightAngleArc
ENCODING 8894
SWIDTH 467 0
DWIDTH 14 0
BBX 14 30 0 -7
BITMAP
0000
0000
0000
0000
0000
0000
0000
0000
0000
0000
3000
3000
3000
3000
3000
3E00
3F80
3180
30C0
30C0
30C0
3FF0
3FF0
0000
0000
0000
0000
0000
0000
0000
ENDCHAR
STARTCHAR MTriangleRight
ENCODING 8895
SWIDTH 467 0
DWIDTH 14 0
BBX 14 30 0 -7
BITMAP
0000
0000
0000
0000
0000
0000
0030
0030
0070
00F0
00F0
01B0
03B0
0330
0630
0E30
0C30
1830
3830
3030
6030
7FF0
7FF0
0000
0000
0000
0000
0000
0000
0000
ENDCHAR
STARTCHAR MBigAnd
ENCODING 8896
SWIDTH 467 0
DWIDTH 14 0
BBX 14 30 0 -7
BITMAP
0000
0000
0000
0300
0300
0300
0780
0780
0780
0CC0
0CC0
0CC0
0CC0
1860
1860
1860
1860
3030
3030
3030
3030
6018
6018
6018
6018
0000
0000
0000
0000
0000
ENDCHAR
STARTCHAR MBigOr
ENCODING 8897
SWIDTH 467 0
DWIDTH 14 0
BBX 14 30 0 -7
BITMAP
0000
0000
0000
6018
6018
6018
6018
3030
3030
3030
3030
1860
1860
1860
1860
0CC0
0CC0
0CC0
0CC0
0780
0780
0780
0300
0300
0300
0000
0000
0000
0000
0000
ENDCHAR
STARTCHAR MBigIntersect
ENCODING 8898
SWIDTH 467 0
DWIDTH 14 0
BBX 14 30 0 -7
BITMAP
0000
0000
0000
0780
1FE0
3870
3030
6018
6018
6018
6018
6018
6018
6018
6018
6018
6018
6018
6018
6018
6018
6018
6018
6018
6018
0000
0000
0000
0000
0000
ENDCHAR
STARTCHAR MBigUnion
ENCODING 8899
SWIDTH 467 0
DWIDTH 14 0
BBX 14 30 0 -7
BITMAP
0000
0000
0000
6018
6018
6018
6018
6018
6018
6018
6018
6018
6018
6018
6018
6018
6018
6018
6018
6018
6018
3030
3870
1FE0
0780
0000
0000
0000
0000
0000
ENDCHAR
STARTCHAR MDiamond
ENCODING 8900
SWIDTH 467 0
DWIDTH 14 0
BBX 14 30 0 -7
BITMAP
0000
0000
0000
0000
0000
0000
0000
0000
0000
0000
0000
0300
0780
0FC0
1CE0
3870
3870
1CE0
0FC0
0780
0300
0000
0000
0000
0000
0000
0000
0000
0000
0000
ENDCHAR
STARTCHAR MDot
ENCODING 8901
SWIDTH 467 0
DWIDTH 14 0
BBX 14 30 0 -7
BITMAP
0000
0000
0000
0000
0000
0000
0000
0000
0000
0000
0000
0000
0000
0000
0300
0780
0780
0300
0000
0000
0000
0000
0000
0000
0000
0000
0000
0000
0000
0000
ENDCHAR
STARTCHAR MStar
ENCODING 8902
SWIDTH 467 0
DWIDTH 14 0
BBX 14 30 0 -7
BITMAP
0000
0000
0000
0000
0000
0000
0000
0000
0000
0000
0000
0300
0300
0300
3330
3FF0
0FC0
0780
0FC0
1CE0
1860
0000
0000
0000
0000
0000
0000
0000
0000
0000
ENDCHAR
STARTCHAR MJoin
ENCODING 8904
SWIDTH 467 0
DWIDTH 14 0
BBX 14 30 0 -7
BITMAP
0000
0000
0000
0000
0000
0000
0000
0000
0000
0000
6018
7038
7878
7CF8
6FD8
6798
6798
6FD8
7CF8
7878
7038
6018
0000
0000
0000
0000
0000
0000
0000
0000
ENDCHAR
STARTCHAR MJoinL
ENCODING 8905
SWIDTH 467 0
DWIDTH 14 0
BBX 14 30 0 -7
BITMAP
0000
0000
0000
0000
0000
0000
0000
0000
0000
0000
6018
7038
7870
7CE0
6FC0
6780
6780
6FC0
7CE0
7870
7038
6018
0000
0000
0000
0000
0000
0000
0000
0000
ENDCHAR
STARTCHAR MJoinR
ENCODING 8906
SWIDTH 467 0
DWIDTH 14 0
BBX 14 30 0 -7
BITMAP
0000
0000
0000
0000
0000
0000
0000
0000
0000
0000
6018
7038
3878
1CF8
0FD8
0798
0798
0FD8
1CF8
3878
7038
6018
0000
0000
0000
0000
0000
0000
0000
0000
ENDCHAR
STARTCHAR MMultiplyL
ENCODING 8907
SWIDTH 467 0
DWIDTH 14 0
BBX 14 30 0 -7
BITMAP
0000
0000
0000
0000
0000
0000
0000
0000
0000
0000
0000
3000
3800
1C00
0E00
0700
0780
0FC0
1CE0
3870
3030
0000
0000
0000
0000
0000
0000
0000
0000
0000
ENDCHAR
STARTCHAR MMultiplyR
ENCODING 8908
SWIDTH 467 0
DWIDTH 14 0
BBX 14 30 0 -7
BITMAP
0000
0000
0000
0000
0000
0000
0000
0000
0000
0000
0000
0030
0070
00E0
01C0
0380
0780
0FC0
1CE0
3870
3030
0000
0000
0000
0000
0000
0000
0000
0000
0000
ENDCHAR
STARTCHAR MLessDot
ENCODING 8918
SWIDTH 467 0
DWIDTH 14 0
BBX 14 30 0 -7
BITMAP
0000
0000
0000
0000
0000
0000
0000
0000
0000
0000
0030
00F0
01E0
0780
0F30
3C78
3C78
0F30
0780
01E0
00F0
0030
0000
0000
0000
0000
0000
0000
0000
0000
ENDCHAR
STARTCHAR MGreaterDot
ENCODING 8919
SWIDTH 467 0
DWIDTH 14 0
BBX 14 30 0 -7
BITMAP
0000
0000
0000
0000
0000
0000
0000
0000
0000
0000
3000
3C00
1E00
0780
33C0
78F0
78F0
33C0
0780
1E00
3C00
3000
0000
0000
0000
0000
0000
0000
0000
0000
ENDCHAR
STARTCHAR MSqSubsetEqNot
ENCODING 8930
SWIDTH 467 0
DWIDTH 14 0
BBX 14 30 0 -7
BITMAP
0000
0000
0000
0000
0000
00C0
00C0
3FF0
3FF0
30C0
3180
3180
3180
3180
3300
3300
3300
3FF0
3FF0
0600
0600
3FF0
3FF0
0C00
0C00
0000
0000
0000
0000
0000
ENDCHAR
STARTCHAR MSqSupsetEqNot
ENCODING 8931
SWIDTH 467 0
DWIDTH 14 0
BBX 14 30 0 -7
BITMAP
0000
0000
0000
0000
0000
00C0
00C0
3FF0
3FF0
00F0
01B0
01B0
01B0
01B0
0330
0330
0330
3FF0
3FF0
0600
0600
3FF0
3FF0
0C00
0C00
0000
0000
0000
0000
0000
ENDCHAR
STARTCHAR MVertEllips
ENCODING 8942
SWIDTH 467 0
DWIDTH 14 0
BBX 14 30 0 -7
BITMAP
0000
0000
0000
0000
0300
0780
0780
0300
0000
0000
0000
0000
0000
0300
0780
0780
0300
0000
0000
0000
0000
0000
0300
0780
0780
0300
0000
0000
0000
0000
ENDCHAR
STARTCHAR MHorizEllipsC
ENCODING 8943
SWIDTH 467 0
DWIDTH 14 0
BBX 14 30 0 -7
BITMAP
0000
0000
0000
0000
0000
0000
0000
0000
0000
0000
0000
0000
0000
0000
6318
F7BC
F7BC
6318
0000
0000
0000
0000
0000
0000
0000
0000
0000
0000
0000
0000
ENDCHAR
STARTCHAR MDiagNEToSWEllips
ENCODING 8944
SWIDTH 467 0
DWIDTH 14 0
BBX 14 30 0 -7
BITMAP
0000
0000
0000
0000
0018
003C
003C
0018
0000
0000
0000
0000
0000
0300
0780
0780
0300
0000
0000
0000
0000
0000
6000
F000
F000
6000
0000
0000
0000
0000
ENDCHAR
STARTCHAR MDiagNWToSEEllips
ENCODING 8945
SWIDTH 467 0
DWIDTH 14 0
BBX 14 30 0 -7
BITMAP
0000
0000
0000
0000
6000
F000
F000
6000
0000
0000
0000
0000
0000
0300
0780
0780
0300
0000
0000
0000
0000
0000
0018
003C
003C
0018
0000
0000
0000
0000
ENDCHAR
STARTCHAR MDiameter
ENCODING 8960
SWIDTH 467 0
DWIDTH 14 0
BBX 14 30 0 -7
BITMAP
0000
0000
0000
0000
0000
0000
0000
0000
0030
0030
0060
0FC0
1FE0
38F0
31B0
3330
3330
3630
3C70
1FE0
0FC0
1800
3000
3000
0000
0000
0000
0000
0000
0000
ENDCHAR
STARTCHAR MHouse
ENCODING 8962
SWIDTH 467 0
DWIDTH 14 0
BBX 14 30 0 -7
BITMAP
0000
0000
0000
0000
0000
0000
0000
0000
0000
0000
0300
0780
0FC0
1CE0
3870
3030
3030
3030
3030
3030
3030
3FF0
3FF0
0000
0000
0000
0000
0000
0000
0000
ENDCHAR
STARTCHAR MCeilingL
ENCODING 8968
SWIDTH 467 0
DWIDTH 14 0
BBX 14 30 0 -7
BITMAP
0000
0000
0000
0000
0FC0
0FC0
0C00
0C00
0C00
0C00
0C00
0C00
0C00
0C00
0C00
0C00
0C00
0C00
0C00
0C00
0C00
0C00
0C00
0C00
0C00
0000
0000
0000
0000
0000
ENDCHAR
STARTCHAR MCeilingR
ENCODING 8969
SWIDTH 467 0
DWIDTH 14 0
BBX 14 30 0 -7
BITMAP
0000
0000
0000
0000
0FC0
0FC0
00C0
00C0
00C0
00C0
00C0
00C0
00C0
00C0
00C0
00C0
00C0
00C0
00C0
00C0
00C0
00C0
00C0
00C0
00C0
0000
0000
0000
0000
0000
ENDCHAR
STARTCHAR MFloorL
ENCODING 8970
SWIDTH 467 0
DWIDTH 14 0
BBX 14 30 0 -7
BITMAP
0000
0000
0000
0000
0C00
0C00
0C00
0C00
0C00
0C00
0C00
0C00
0C00
0C00
0C00
0C00
0C00
0C00
0C00
0C00
0C00
0C00
0C00
0FC0
0FC0
0000
0000
0000
0000
0000
ENDCHAR
STARTCHAR MFloorR
ENCODING 8971
SWIDTH 467 0
DWIDTH 14 0
BBX 14 30 0 -7
BITMAP
0000
0000
0000
0000
00C0
00C0
00C0
00C0
00C0
00C0
00C0
00C0
00C0
00C0
00C0
00C0
00C0
00C0
00C0
00C0
00C0
00C0
00C0
0FC0
0FC0
0000
0000
0000
0000
0000
ENDCHAR
STARTCHAR MRevNot
ENCODING 8976
SWIDTH 467 0
DWIDTH 14 0
BBX 14 30 0 -7
BITMAP
0000
0000
0000
0000
0000
0000
0000
0000
0000
0000
0000
0000
0000
0000
0000
3FF0
3FF0
3000
3000
3000
3000
0000
0000
0000
0000
0000
0000
0000
0000
0000
ENDCHAR
STARTCHAR DTelephoneRec
ENCODING 8981
SWIDTH 467 0
DWIDTH 14 0
BBX 14 30 0 -7
BITMAP
0000
0000
0000
0000
0000
0000
0000
0000
0000
0000
0000
03C0
0FF0
0C30
1818
1818
1818
1818
0C38
1FF0
3BC0
7000
6000
0000
0000
0000
0000
0000
0000
0000
ENDCHAR
STARTCHAR DWatch
ENCODING 8986
SWIDTH 467 0
DWIDTH 14 0
BBX 14 30 0 -7
BITMAP
0000
0000
0000
0000
0000
0000
0000
0000
0FC0
3FF0
7038
6318
C30C
C30C
C3CC
C3CC
C00C
C00C
6018
7038
3FF0
0FC0
0000
0000
0000
0000
0000
0000
0000
0000
ENDCHAR
STARTCHAR DHourglass
ENCODING 8987
SWIDTH 467 0
DWIDTH 14 0
BBX 14 30 0 -7
BITMAP
0000
0000
0000
0000
7FF8
6018
3030
3870
1DE0
1FE0
0FC0
0FC0
0780
0780
0300
0300
0300
0780
0480
0CC0
0840
1860
1320
3730
2790
7FF8
7FF8
0000
0000
0000
ENDCHAR
STARTCHAR MCornerTL
ENCODING 8988
SWIDTH 467 0
DWIDTH 14 0
BBX 14 30 0 -7
BITMAP
0000
0000
0000
0000
0FC0
0FC0
0C00
0C00
0C00
0C00
0000
0000
0000
0000
0000
0000
0000
0000
0000
0000
0000
0000
0000
0000
0000
0000
0000
0000
0000
0000
ENDCHAR
STARTCHAR MCornerTR
ENCODING 8989
SWIDTH 467 0
DWIDTH 14 0
BBX 14 30 0 -7
BITMAP
0000
0000
0000
0000
0FC0
0FC0
00C0
00C0
00C0
00C0
0000
0000
0000
0000
0000
0000
0000
0000
0000
0000
0000
0000
0000
0000
0000
0000
0000
0000
0000
0000
ENDCHAR
STARTCHAR MCornerBL
ENCODING 8990
SWIDTH 467 0
DWIDTH 14 0
BBX 14 30 0 -7
BITMAP
0000
0000
0000
0000
0000
0000
0000
0000
0000
0000
0000
0000
0000
0000
0000
0000
0000
0000
0000
0C00
0C00
0C00
0C00
0FC0
0FC0
0000
0000
0000
0000
0000
ENDCHAR
STARTCHAR MCornerBR
ENCODING 8991
SWIDTH 467 0
DWIDTH 14 0
BBX 14 30 0 -7
BITMAP
0000
0000
0000
0000
0000
0000
0000
0000
0000
0000
0000
0000
0000
0000
0000
0000
0000
0000
0000
00C0
00C0
00C0
00C0
0FC0
0FC0
0000
0000
0000
0000
0000
ENDCHAR
STARTCHAR MIntegralTopH
ENCODING 8992
SWIDTH 467 0
DWIDTH 14 0
BBX 14 30 0 -7
BITMAP
0000
0000
0000
0000
0000
00F0
01F8
0398
0300
0300
0300
0300
0300
0300
0300
0300
0300
0300
0300
0300
0300
0300
0300
0300
0300
0300
0300
0300
0300
0300
ENDCHAR
STARTCHAR MIntegralBotH
ENCODING 8993
SWIDTH 467 0
DWIDTH 14 0
BBX 14 30 0 -7
BITMAP
0300
0300
0300
0300
0300
0300
0300
0300
0300
0300
0300
0300
0300
0300
0300
0300
0300
0300
0300
0300
6700
7E00
3C00
0000
0000
0000
0000
0000
0000
0000
ENDCHAR
STARTCHAR MFrown
ENCODING 8994
SWIDTH 467 0
DWIDTH 14 0
BBX 14 30 0 -7
BITMAP
0000
0000
0000
0000
0000
0000
0000
0000
0000
0000
0000
0000
0000
0FC0
1FE0
3870
3030
2010
0000
0000
0000
0000
0000
0000
0000
0000
0000
0000
0000
0000
ENDCHAR
STARTCHAR MSmile
ENCODING 8995
SWIDTH 467 0
DWIDTH 14 0
BBX 14 30 0 -7
BITMAP
0000
0000
0000
0000
0000
0000
0000
0000
0000
0000
0000
0000
0000
2010
3030
3870
1FE0
0FC0
0000
0000
0000
0000
0000
0000
0000
0000
0000
0000
0000
0000
ENDCHAR
STARTCHAR DEnter
ENCODING 9094
SWIDTH 467 0
DWIDTH 14 0
BBX 14 30 0 -7
BITMAP
0000
0000
0000
0000
0000
1000
3800
7C00
6E00
0700
0380
31C0
38E0
1C70
FE38
FE38
1C70
38E0
31C0
0380
0700
6E00
7C00
3800
1000
0000
0000
0000
0000
0000
ENDCHAR
STARTCHAR PParenLT
ENCODING 9115
SWIDTH 467 0
DWIDTH 14 0
BBX 14 30 0 -7
BITMAP
0000
0000
0000
0000
0060
00E0
01C0
0380
0300
0600
0600
0C00
0C00
0C00
0C00
0C00
0C00
0C00
0C00
0C00
0C00
0C00
0C00
0C00
0C00
0C00
0C00
0C00
0C00
0C00
ENDCHAR
STARTCHAR PParenLX
ENCODING 9116
SWIDTH 467 0
DWIDTH 14 0
BBX 14 30 0 -7
BITMAP
0C00
0C00
0C00
0C00
0C00
0C00
0C00
0C00
0C00
0C00
0C00
0C00
0C00
0C00
0C00
0C00
0C00
0C00
0C00
0C00
0C00
0C00
0C00
0C00
0C00
0C00
0C00
0C00
0C00
0C00
ENDCHAR
STARTCHAR PParenLB
ENCODING 9117
SWIDTH 467 0
DWIDTH 14 0
BBX 14 30 0 -7
BITMAP
0C00
0C00
0C00
0C00
0C00
0C00
0C00
0C00
0C00
0C00
0C00
0C00
0C00
0C00
0C00
0C00
0C00
0C00
0600
0600
0300
0380
01C0
00E0
0060
0000
0000
0000
0000
0000
ENDCHAR
STARTCHAR PParenRT
ENCODING 9118
SWIDTH 467 0
DWIDTH 14 0
BBX 14 30 0 -7
BITMAP
0000
0000
0000
0000
1800
1C00
0E00
0700
0300
0180
0180
00C0
00C0
00C0
00C0
00C0
00C0
00C0
00C0
00C0
00C0
00C0
00C0
00C0
00C0
00C0
00C0
00C0
00C0
00C0
ENDCHAR
STARTCHAR PParenRX
ENCODING 9119
SWIDTH 467 0
DWIDTH 14 0
BBX 14 30 0 -7
BITMAP
00C0
00C0
00C0
00C0
00C0
00C0
00C0
00C0
00C0
00C0
00C0
00C0
00C0
00C0
00C0
00C0
00C0
00C0
00C0
00C0
00C0
00C0
00C0
00C0
00C0
00C0
00C0
00C0
00C0
00C0
ENDCHAR
STARTCHAR PParenRB
ENCODING 9120
SWIDTH 467 0
DWIDTH 14 0
BBX 14 30 0 -7
BITMAP
00C0
00C0
00C0
00C0
00C0
00C0
00C0
00C0
00C0
00C0
00C0
00C0
00C0
00C0
00C0
00C0
00C0
00C0
0180
0180
0300
0700
0E00
1C00
1800
0000
0000
0000
0000
0000
ENDCHAR
STARTCHAR PSquareBrackLT
ENCODING 9121
SWIDTH 467 0
DWIDTH 14 0
BBX 14 30 0 -7
BITMAP
0000
0000
0000
0000
0FC0
0FC0
0C00
0C00
0C00
0C00
0C00
0C00
0C00
0C00
0C00
0C00
0C00
0C00
0C00
0C00
0C00
0C00
0C00
0C00
0C00
0C00
0C00
0C00
0C00
0C00
ENDCHAR
STARTCHAR PSquareBrackLX
ENCODING 9122
SWIDTH 467 0
DWIDTH 14 0
BBX 14 30 0 -7
BITMAP
0C00
0C00
0C00
0C00
0C00
0C00
0C00
0C00
0C00
0C00
0C00
0C00
0C00
0C00
0C00
0C00
0C00
0C00
0C00
0C00
0C00
0C00
0C00
0C00
0C00
0C00
0C00
0C00
0C00
0C00
ENDCHAR
STARTCHAR PSquareBrackLB
ENCODING 9123
SWIDTH 467 0
DWIDTH 14 0
BBX 14 30 0 -7
BITMAP
0C00
0C00
0C00
0C00
0C00
0C00
0C00
0C00
0C00
0C00
0C00
0C00
0C00
0C00
0C00
0C00
0C00
0C00
0C00
0C00
0C00
0C00
0C00
0FC0
0FC0
0000
0000
0000
0000
0000
ENDCHAR
STARTCHAR PSquareBrackRT
ENCODING 9124
SWIDTH 467 0
DWIDTH 14 0
BBX 14 30 0 -7
BITMAP
0000
0000
0000
0000
0FC0
0FC0
00C0
00C0
00C0
00C0
00C0
00C0
00C0
00C0
00C0
00C0
00C0
00C0
00C0
00C0
00C0
00C0
00C0
00C0
00C0
00C0
00C0
00C0
00C0
00C0
ENDCHAR
STARTCHAR PSquareBrackRX
ENCODING 9125
SWIDTH 467 0
DWIDTH 14 0
BBX 14 30 0 -7
BITMAP
00C0
00C0
00C0
00C0
00C0
00C0
00C0
00C0
00C0
00C0
00C0
00C0
00C0
00C0
00C0
00C0
00C0
00C0
00C0
00C0
00C0
00C0
00C0
00C0
00C0
00C0
00C0
00C0
00C0
00C0
ENDCHAR
STARTCHAR PSquareBrackRB
ENCODING 9126
SWIDTH 467 0
DWIDTH 14 0
BBX 14 30 0 -7
BITMAP
00C0
00C0
00C0
00C0
00C0
00C0
00C0
00C0
00C0
00C0
00C0
00C0
00C0
00C0
00C0
00C0
00C0
00C0
00C0
00C0
00C0
00C0
00C0
0FC0
0FC0
0000
0000
0000
0000
0000
ENDCHAR
STARTCHAR PCurlyBrackLT
ENCODING 9127
SWIDTH 467 0
DWIDTH 14 0
BBX 14 30 0 -7
BITMAP
0000
0000
0000
0000
00F0
01F0
0180
0300
0300
0300
0300
0300
0300
0300
0300
0300
0300
0300
0300
0300
0300
0300
0300
0300
0300
0300
0300
0300
0300
0300
ENDCHAR
STARTCHAR PCurlyBrackLM
ENCODING 9128
SWIDTH 467 0
DWIDTH 14 0
BBX 14 30 0 -7
BITMAP
0300
0300
0300
0300
0300
0300
0300
0300
0300
0300
0700
0600
0E00
1C00
3800
1C00
0E00
0600
0700
0300
0300
0300
0300
0300
0300
0300
0300
0300
0300
0300
ENDCHAR
STARTCHAR PCurlyBrackLB
ENCODING 9129
SWIDTH 467 0
DWIDTH 14 0
BBX 14 30 0 -7
BITMAP
0300
0300
0300
0300
0300
0300
0300
0300
0300
0300
0300
0300
0300
0300
0300
0300
0300
0300
0300
0300
0300
0300
0180
01F0
00F0
0000
0000
0000
0000
0000
ENDCHAR
STARTCHAR PCurlyBrackX
ENCODING 9130
SWIDTH 467 0
DWIDTH 14 0
BBX 14 30 0 -7
BITMAP
0300
0300
0300
0300
0300
0300
0300
0300
0300
0300
0300
0300
0300
0300
0300
0300
0300
0300
0300
0300
0300
0300
0300
0300
0300
0300
0300
0300
0300
0300
ENDCHAR
STARTCHAR PCurlyBrackRT
ENCODING 9131
SWIDTH 467 0
DWIDTH 14 0
BBX 14 30 0 -7
BITMAP
0000
0000
0000
0000
3C00
3E00
0600
0300
0300
0300
0300
0300
0300
0300
0300
0300
0300
0300
0300
0300
0300
0300
0300
0300
0300
0300
0300
0300
0300
0300
ENDCHAR
STARTCHAR PCurlyBrackRM
ENCODING 9132
SWIDTH 467 0
DWIDTH 14 0
BBX 14 30 0 -7
BITMAP
0300
0300
0300
0300
0300
0300
0300
0300
0300
0300
0380
0180
01C0
00E0
0070
00E0
01C0
0180
0380
0300
0300
0300
0300
0300
0300
0300
0300
0300
0300
0300
ENDCHAR
STARTCHAR PCurlyBrackRB
ENCODING 9133
SWIDTH 467 0
DWIDTH 14 0
BBX 14 30 0 -7
BITMAP
0300
0300
0300
0300
0300
0300
0300
0300
0300
0300
0300
0300
0300
0300
0300
0300
0300
0300
0300
0300
0300
0300
0600
3E00
3C00
0000
0000
0000
0000
0000
ENDCHAR
STARTCHAR MIntegralX
ENCODING 9134
SWIDTH 467 0
DWIDTH 14 0
BBX 14 30 0 -7
BITMAP
0300
0300
0300
0300
0300
0300
0300
0300
0300
0300
0300
0300
0300
0300
0300
0300
0300
0300
0300
0300
0300
0300
0300
0300
0300
0300
0300
0300
0300
0300
ENDCHAR
STARTCHAR MArrowLRX
ENCODING 9135
SWIDTH 467 0
DWIDTH 14 0
BBX 14 30 0 -7
BITMAP
0000
0000
0000
0000
0000
0000
0000
0000
0000
0000
0000
0000
0000
0000
0000
FFFC
FFFC
0000
0000
0000
0000
0000
0000
0000
0000
0000
0000
0000
0000
0000
ENDCHAR
STARTCHAR PCurlyBrackLTRB
ENCODING 9136
SWIDTH 467 0
DWIDTH 14 0
BBX 14 30 0 -7
BITMAP
0070
00E0
01C0
0180
0380
0300
0300
0300
0300
0300
0300
0300
0300
0300
0300
0300
0300
0300
0300
0300
0300
0300
0300
0300
0300
0700
0600
0E00
1C00
3800
ENDCHAR
STARTCHAR PCurlyBrackLBRT
ENCODING 9137
SWIDTH 467 0
DWIDTH 14 0
BBX 14 30 0 -7
BITMAP
3800
1C00
0E00
0600
0700
0300
0300
0300
0300
0300
0300
0300
0300
0300
0300
0300
0300
0300
0300
0300
0300
0300
0300
0300
0300
0380
0180
01C0
00E0
0070
ENDCHAR
STARTCHAR MSumT
ENCODING 9138
SWIDTH 467 0
DWIDTH 14 0
BBX 14 30 0 -7
BITMAP
0000
0000
0000
7FF0
7FF0
6000
6000
3000
3000
3000
3000
1800
1800
1800
0C00
0C00
0C00
0C00
0600
0600
0600
0300
0300
0300
0300
0180
0180
0180
00C0
00C0
ENDCHAR
STARTCHAR MSumB
ENCODING 9139
SWIDTH 467 0
DWIDTH 14 0
BBX 14 30 0 -7
BITMAP
00C0
00C0
0180
0180
0180
0300
0300
0300
0300
0600
0600
0600
0C00
0C00
0C00
0C00
1800
1800
1800
3000
3000
3000
3000
6000
6000
7FF0
7FF0
0000
0000
0000
ENDCHAR
STARTCHAR PSquareBrackT
ENCODING 9140
SWIDTH 467 0
DWIDTH 14 0
BBX 14 30 0 -7
BITMAP
0000
0000
0000
0000
0000
0000
0000
0000
0000
0000
0000
0000
0000
0000
0000
7FF8
7FF8
6018
6018
6018
0000
0000
0000
0000
0000
0000
0000
0000
0000
0000
ENDCHAR
STARTCHAR PSquareBrackB
ENCODING 9141
SWIDTH 467 0
DWIDTH 14 0
BBX 14 30 0 -7
BITMAP
0000
0000
0000
0000
0000
0000
0000
0000
0000
0000
0000
0000
6018
6018
6018
7FF8
7FF8
0000
0000
0000
0000
0000
0000
0000
0000
0000
0000
0000
0000
0000
ENDCHAR
STARTCHAR PSquareBrackBT
ENCODING 9142
SWIDTH 467 0
DWIDTH 14 0
BBX 14 30 0 -7
BITMAP
0000
0000
0000
0000
0000
0000
0000
0000
0000
6018
6018
6018
7FF8
7FF8
0000
0000
0000
0000
7FF8
7FF8
6018
6018
6018
0000
0000
0000
0000
0000
0000
0000
ENDCHAR
STARTCHAR MRootB
ENCODING 9143
SWIDTH 467 0
DWIDTH 14 0
BBX 14 30 0 -7
BITMAP
0300
0300
0300
0300
0300
0300
0300
0300
0300
0300
0300
0300
0300
0300
C300
C300
C300
6300
6300
3300
3300
1B00
1B00
1B00
0F00
0F00
0700
0700
0700
0000
ENDCHAR
STARTCHAR GLineNSLeft
ENCODING 9144
SWIDTH 467 0
DWIDTH 14 0
BBX 14 30 0 -7
BITMAP
C000
C000
C000
C000
C000
C000
C000
C000
C000
C000
C000
C000
C000
C000
C000
C000
C000
C000
C000
C000
C000
C000
C000
C000
C000
C000
C000
C000
C000
C000
ENDCHAR
STARTCHAR GLineNSRight
ENCODING 9145
SWIDTH 467 0
DWIDTH 14 0
BBX 14 30 0 -7
BITMAP
000C
000C
000C
000C
000C
000C
000C
000C
000C
000C
000C
000C
000C
000C
000C
000C
000C
000C
000C
000C
000C
000C
000C
000C
000C
000C
000C
000C
000C
000C
ENDCHAR
STARTCHAR GLineWEHhigh
ENCODING 9146
SWIDTH 467 0
DWIDTH 14 0
BBX 14 30 0 -7
BITMAP
0000
0000
0000
0000
FFFC
FFFC
0000
0000
0000
0000
0000
0000
0000
0000
0000
0000
0000
0000
0000
0000
0000
0000
0000
0000
0000
0000
0000
0000
0000
0000
ENDCHAR
STARTCHAR GLineWEHigh
ENCODING 9147
SWIDTH 467 0
DWIDTH 14 0
BBX 14 30 0 -7
BITMAP
0000
0000
0000
0000
0000
0000
0000
0000
0000
0000
FFFC
FFFC
0000
0000
0000
0000
0000
0000
0000
0000
0000
0000
0000
0000
0000
0000
0000
0000
0000
0000
ENDCHAR
STARTCHAR GLineWELow
ENCODING 9148
SWIDTH 467 0
DWIDTH 14 0
BBX 14 30 0 -7
BITMAP
0000
0000
0000
0000
0000
0000
0000
0000
0000
0000
0000
0000
0000
0000
0000
0000
0000
0000
0000
0000
FFFC
FFFC
0000
0000
0000
0000
0000
0000
0000
0000
ENDCHAR
STARTCHAR GLineWELlow
ENCODING 9149
SWIDTH 467 0
DWIDTH 14 0
BBX 14 30 0 -7
BITMAP
0000
0000
0000
0000
0000
0000
0000
0000
0000
0000
0000
0000
0000
0000
0000
0000
0000
0000
0000
0000
0000
0000
0000
0000
0000
FFFC
FFFC
0000
0000
0000
ENDCHAR
STARTCHAR DCarrRet
ENCODING 9166
SWIDTH 467 0
DWIDTH 14 0
BBX 14 30 0 -7
BITMAP
0000
0000
0000
0000
0000
0030
0030
0030
0030
0030
0030
0430
0C30
1C30
3830
7FF0
7FF0
3800
1C00
0C00
0400
0000
0000
0000
0000
0000
0000
0000
0000
0000
ENDCHAR
STARTCHAR DEject
ENCODING 9167
SWIDTH 467 0
DWIDTH 14 0
BBX 14 30 0 -7
BITMAP
0000
0000
0000
0000
0000
0000
0000
0000
0000
0300
0780
0FC0
1FE0
3FF0
7FF8
7FF8
0000
0000
7FF8
7FF8
7FF8
7FF8
7FF8
0000
0000
0000
0000
0000
0000
0000
ENDCHAR
STARTCHAR DAvForwardFast
ENCODING 9193
SWIDTH 467 0
DWIDTH 14 0
BBX 14 30 0 -7
BITMAP
0000
0000
0000
0000
0000
0000
0000
0000
0000
0000
4100
6180
71C0
79E0
7DF0
7FF8
7FF8
7DF0
79E0
71C0
6180
4100
0000
0000
0000
0000
0000
0000
0000
0000
ENDCHAR
STARTCHAR DAvRewindFast
ENCODING 9194
SWIDTH 467 0
DWIDTH 14 0
BBX 14 30 0 -7
BITMAP
0000
0000
0000
0000
0000
0000
0000
0000
0000
0000
0208
0618
0E38
1E78
3EF8
7FF8
7FF8
3EF8
1E78
0E38
0618
0208
0000
0000
0000
0000
0000
0000
0000
0000
ENDCHAR
STARTCHAR DAvRewind
ENCODING 9204
SWIDTH 467 0
DWIDTH 14 0
BBX 14 30 0 -7
BITMAP
0000
0000
0000
0000
0000
0000
0000
0000
0000
0000
0010
0070
01F0
07F0
1FF0
7FF0
7FF0
1FF0
07F0
01F0
0070
0010
0000
0000
0000
0000
0000
0000
0000
0000
ENDCHAR
STARTCHAR DAvForward
ENCODING 9205
SWIDTH 467 0
DWIDTH 14 0
BBX 14 30 0 -7
BITMAP
0000
0000
0000
0000
0000
0000
0000
0000
0000
0000
4000
7000
7C00
7F00
7FC0
7FF0
7FF0
7FC0
7F00
7C00
7000
4000
0000
0000
0000
0000
0000
0000
0000
0000
ENDCHAR
STARTCHAR DAvIncrease
ENCODING 9206
SWIDTH 467 0
DWIDTH 14 0
BBX 14 30 0 -7
BITMAP
0000
0000
0000
0000
0000
0000
0000
0000
0000
0000
0300
0300
0780
0780
0FC0
0FC0
1FE0
1FE0
3FF0
3FF0
7FF8
0000
0000
0000
0000
0000
0000
0000
0000
0000
ENDCHAR
STARTCHAR DAvDecrease
ENCODING 9207
SWIDTH 467 0
DWIDTH 14 0
BBX 14 30 0 -7
BITMAP
0000
0000
0000
0000
0000
0000
0000
0000
0000
0000
7FF8
3FF0
3FF0
1FE0
1FE0
0FC0
0FC0
0780
0780
0300
0300
0000
0000
0000
0000
0000
0000
0000
0000
0000
ENDCHAR
STARTCHAR DAvPause
ENCODING 9208
SWIDTH 467 0
DWIDTH 14 0
BBX 14 30 0 -7
BITMAP
0000
0000
0000
0000
0000
0000
0000
0000
0000
0000
3CF0
3CF0
3CF0
3CF0
3CF0
3CF0
3CF0
3CF0
3CF0
3CF0
3CF0
3CF0
0000
0000
0000
0000
0000
0000
0000
0000
ENDCHAR
STARTCHAR DAvStop
ENCODING 9209
SWIDTH 467 0
DWIDTH 14 0
BBX 14 30 0 -7
BITMAP
0000
0000
0000
0000
0000
0000
0000
0000
0000
0000
0000
3FF0
3FF0
3FF0
3FF0
3FF0
3FF0
3FF0
3FF0
3FF0
3FF0
0000
0000
0000
0000
0000
0000
0000
0000
0000
ENDCHAR
STARTCHAR DAvRecord
ENCODING 9210
SWIDTH 467 0
DWIDTH 14 0
BBX 14 30 0 -7
BITMAP
0000
0000
0000
0000
0000
0000
0000
0000
0000
0000
0000
0780
1FE0
1FE0
3FF0
3FF0
3FF0
3FF0
1FE0
1FE0
0780
0000
0000
0000
0000
0000
0000
0000
0000
0000
ENDCHAR
STARTCHAR DPower
ENCODING 9211
SWIDTH 467 0
DWIDTH 14 0
BBX 14 30 0 -7
BITMAP
0000
0000
0000
0000
0000
0000
0000
0700
0700
0700
0700
3760
7770
7770
E738
E738
E738
E038
E038
7070
7FF0
3FE0
0F80
0000
0000
0000
0000
0000
0000
0000
ENDCHAR
STARTCHAR DPowerOnOff
ENCODING 9212
SWIDTH 467 0
DWIDTH 14 0
BBX 14 30 0 -7
BITMAP
0000
0000
0000
0000
0000
0000
0000
0000
0000
0000
0F80
3FE0
7070
7770
E738
E738
E738
E738
E738
7770
7070
3FE0
0F80
0000
0000
0000
0000
0000
0000
0000
ENDCHAR
STARTCHAR DPowerOn
ENCODING 9213
SWIDTH 467 0
DWIDTH 14 0
BBX 14 30 0 -7
BITMAP
0000
0000
0000
0000
0000
0000
0000
0000
0000
0000
0000
0700
0700
0700
0700
0700
0700
0700
0700
0700
0700
0700
0000
0000
0000
0000
0000
0000
0000
0000
ENDCHAR
STARTCHAR DPowerSleep
ENCODING 9214
SWIDTH 467 0
DWIDTH 14 0
BBX 14 30 0 -7
BITMAP
0000
0000
0000
0000
0000
0000
0000
0000
0000
0000
0600
1E00
3C00
2C00
6C00
6600
6718
63F8
30F0
3830
1FE0
0780
0000
0000
0000
0000
0000
0000
0000
0000
ENDCHAR
STARTCHAR CtlHT
ENCODING 9225
SWIDTH 467 0
DWIDTH 14 0
BBX 14 30 0 -7
BITMAP
0000
0000
0000
0000
0C60
0C60
0C60
0FE0
0FE0
18C0
18C0
18C0
18C0
0000
0000
0000
07F8
07F8
00C0
00C0
00C0
0180
0180
0180
0180
0000
0000
0000
0000
0000
ENDCHAR
STARTCHAR CtlLF
ENCODING 9226
SWIDTH 467 0
DWIDTH 14 0
BBX 14 30 0 -7
BITMAP
0000
0000
0000
0000
0C00
0C00
0C00
0C00
1800
1800
1800
1FC0
1FC0
0000
0000
0000
07F0
07F0
0600
0600
0F80
0F80
0C00
0C00
0C00
0000
0000
0000
0000
0000
ENDCHAR
STARTCHAR CtlVT
ENCODING 9227
SWIDTH 467 0
DWIDTH 14 0
BBX 14 30 0 -7
BITMAP
0000
0000
0000
0000
0C30
0C30
0C60
0660
06C0
07C0
0380
0300
0300
0000
0000
0000
07F8
07F8
00C0
00C0
00C0
0180
0180
0180
0180
0000
0000
0000
0000
0000
ENDCHAR
STARTCHAR CtlFF
ENCODING 9228
SWIDTH 467 0
DWIDTH 14 0
BBX 14 30 0 -7
BITMAP
0000
0000
0000
0000
0FE0
0FE0
0C00
0C00
1F80
1F80
1800
1800
1800
0000
0000
0000
07F0
07F0
0600
0600
0FC0
0FC0
0C00
0C00
0C00
0000
0000
0000
0000
0000
ENDCHAR
STARTCHAR CtlCR
ENCODING 9229
SWIDTH 467 0
DWIDTH 14 0
BBX 14 30 0 -7
BITMAP
0000
0000
0000
0000
03E0
07E0
0E60
0C00
1800
1800
18C0
1FC0
0F80
0000
0000
0000
07E0
07F0
0630
07E0
07C0
0D80
0CC0
0C60
0C60
0000
0000
0000
0000
0000
ENDCHAR
STARTCHAR DBlankSym
ENCODING 9250
SWIDTH 467 0
DWIDTH 14 0
BBX 14 30 0 -7
BITMAP
0000
0000
0000
0000
0000
0E00
0EC0
07C0
1F00
1C00
0DC0
0BE0
1E70
1C30
1830
1830
3030
3030
3060
30E0
39C0
1F80
0E00
0000
0000
0000
0000
0000
0000
0000
ENDCHAR
STARTCHAR DOpenRect
ENCODING 9251
SWIDTH 467 0
DWIDTH 14 0
BBX 14 30 0 -7
BITMAP
0000
0000
0000
0000
0000
0000
0000
0000
0000
0000
0000
0000
0000
0000
0000
0000
0000
0000
3030
3030
3030
6060
7FE0
7FE0
0000
0000
0000
0000
0000
0000
ENDCHAR
STARTCHAR CtlNL
ENCODING 9252
SWIDTH 467 0
DWIDTH 14 0
BBX 14 30 0 -7
BITMAP
0000
0000
0000
0000
0C60
0C60
0E60
0E60
1B60
19C0
19C0
18C0
18C0
0000
0000
0000
0600
0600
0600
0600
0C00
0C00
0C00
0FE0
0FE0
0000
0000
0000
0000
0000
ENDCHAR
STARTCHAR DCircledSmlE
ENCODING 9428
SWIDTH 467 0
DWIDTH 14 0
BBX 14 30 0 -7
BITMAP
0000
0000
0000
0000
0000
0000
0000
0000
0780
1FE0
3870
3030
6018
6798
6FD8
6CD8
6FD8
6C18
6F98
37B0
3870
1FE0
0780
0000
0000
0000
0000
0000
0000
0000
ENDCHAR
STARTCHAR DCircledSmlL
ENCODING 9435
SWIDTH 467 0
DWIDTH 14 0
BBX 14 30 0 -7
BITMAP
0000
0000
0000
0000
0000
0000
0000
0000
0780
1FE0
3870
3730
6718
6318
6318
6318
6318
6318
6798
37B0
3870
1FE0
0780
0000
0000
0000
0000
0000
0000
0000
ENDCHAR
STARTCHAR DCircledSmlW
ENCODING 9446
SWIDTH 467 0
DWIDTH 14 0
BBX 14 30 0 -7
BITMAP
0000
0000
0000
0000
0000
0000
0000
0000
0780
1FE0
3870
3030
6018
7878
7B78
6B58
6FD8
6FD8
6CD8
34B0
3870
1FE0
0780
0000
0000
0000
0000
0000
0000
0000
ENDCHAR
STARTCHAR GLineWE
ENCODING 9472
SWIDTH 467 0
DWIDTH 14 0
BBX 14 30 0 -7
BITMAP
0000
0000
0000
0000
0000
0000
0000
0000
0000
0000
0000
0000
0000
0000
0000
FFFC
FFFC
0000
0000
0000
0000
0000
0000
0000
0000
0000
0000
0000
0000
0000
ENDCHAR
STARTCHAR GLineWhEh
ENCODING 9473
SWIDTH 467 0
DWIDTH 14 0
BBX 14 30 0 -7
BITMAP
0000
0000
0000
0000
0000
0000
0000
0000
0000
0000
0000
0000
0000
0000
FFFC
FFFC
FFFC
FFFC
0000
0000
0000
0000
0000
0000
0000
0000
0000
0000
0000
0000
ENDCHAR
STARTCHAR GLineNS
ENCODING 9474
SWIDTH 467 0
DWIDTH 14 0
BBX 14 30 0 -7
BITMAP
0300
0300
0300
0300
0300
0300
0300
0300
0300
0300
0300
0300
0300
0300
0300
0300
0300
0300
0300
0300
0300
0300
0300
0300
0300
0300
0300
0300
0300
0300
ENDCHAR
STARTCHAR GLineNhSh
ENCODING 9475
SWIDTH 467 0
DWIDTH 14 0
BBX 14 30 0 -7
BITMAP
0780
0780
0780
0780
0780
0780
0780
0780
0780
0780
0780
0780
0780
0780
0780
0780
0780
0780
0780
0780
0780
0780
0780
0780
0780
0780
0780
0780
0780
0780
ENDCHAR
STARTCHAR GLine3dWE
ENCODING 9476
SWIDTH 467 0
DWIDTH 14 0
BBX 14 30 0 -7
BITMAP
0000
0000
0000
0000
0000
0000
0000
0000
0000
0000
0000
0000
0000
0000
0000
7338
7338
0000
0000
0000
0000
0000
0000
0000
0000
0000
0000
0000
0000
0000
ENDCHAR
STARTCHAR GLine3dWhEh
ENCODING 9477
SWIDTH 467 0
DWIDTH 14 0
BBX 14 30 0 -7
BITMAP
0000
0000
0000
0000
0000
0000
0000
0000
0000
0000
0000
0000
0000
0000
7338
7338
7338
7338
0000
0000
0000
0000
0000
0000
0000
0000
0000
0000
0000
0000
ENDCHAR
STARTCHAR GLine3dNS
ENCODING 9478
SWIDTH 467 0
DWIDTH 14 0
BBX 14 30 0 -7
BITMAP
0000
0000
0300
0300
0300
0300
0300
0300
0300
0000
0000
0000
0300
0300
0300
0300
0300
0300
0300
0000
0000
0000
0300
0300
0300
0300
0300
0300
0300
0000
ENDCHAR
STARTCHAR GLine3dNhSh
ENCODING 9479
SWIDTH 467 0
DWIDTH 14 0
BBX 14 30 0 -7
BITMAP
0000
0000
0780
0780
0780
0780
0780
0780
0780
0000
0000
0000
0780
0780
0780
0780
0780
0780
0780
0000
0000
0000
0780
0780
0780
0780
0780
0780
0780
0000
ENDCHAR
STARTCHAR GLine4dWE
ENCODING 9480
SWIDTH 467 0
DWIDTH 14 0
BBX 14 30 0 -7
BITMAP
0000
0000
0000
0000
0000
0000
0000
0000
0000
0000
0000
0000
0000
0000
0000
EDD8
EDD8
0000
0000
0000
0000
0000
0000
0000
0000
0000
0000
0000
0000
0000
ENDCHAR
STARTCHAR GLine4dWhEh
ENCODING 9481
SWIDTH 467 0
DWIDTH 14 0
BBX 14 30 0 -7
BITMAP
0000
0000
0000
0000
0000
0000
0000
0000
0000
0000
0000
0000
0000
0000
EDD8
EDD8
EDD8
EDD8
0000
0000
0000
0000
0000
0000
0000
0000
0000
0000
0000
0000
ENDCHAR
STARTCHAR GLine4dNS
ENCODING 9482
SWIDTH 467 0
DWIDTH 14 0
BBX 14 30 0 -7
BITMAP
0000
0300
0300
0300
0300
0300
0300
0000
0000
0300
0300
0300
0300
0300
0000
0000
0300
0300
0300
0300
0300
0300
0000
0000
0300
0300
0300
0300
0300
0000
ENDCHAR
STARTCHAR GLine4dNhSh
ENCODING 9483
SWIDTH 467 0
DWIDTH 14 0
BBX 14 30 0 -7
BITMAP
0000
0780
0780
0780
0780
0780
0780
0000
0000
0780
0780
0780
0780
0780
0000
0000
0780
0780
0780
0780
0780
0780
0000
0000
0780
0780
0780
0780
0780
0000
ENDCHAR
STARTCHAR GLineSE
ENCODING 9484
SWIDTH 467 0
DWIDTH 14 0
BBX 14 30 0 -7
BITMAP
0000
0000
0000
0000
0000
0000
0000
0000
0000
0000
0000
0000
0000
0000
0000
03FC
03FC
0300
0300
0300
0300
0300
0300
0300
0300
0300
0300
0300
0300
0300
ENDCHAR
STARTCHAR GLineSEh
ENCODING 9485
SWIDTH 467 0
DWIDTH 14 0
BBX 14 30 0 -7
BITMAP
0000
0000
0000
0000
0000
0000
0000
0000
0000
0000
0000
0000
0000
0000
03FC
03FC
03FC
03FC
0300
0300
0300
0300
0300
0300
0300
0300
0300
0300
0300
0300
ENDCHAR
STARTCHAR GLineShE
ENCODING 9486
SWIDTH 467 0
DWIDTH 14 0
BBX 14 30 0 -7
BITMAP
0000
0000
0000
0000
0000
0000
0000
0000
0000
0000
0000
0000
0000
0000
0000
07FC
07FC
0780
0780
0780
0780
0780
0780
0780
0780
0780
0780
0780
0780
0780
ENDCHAR
STARTCHAR GLineShEh
ENCODING 9487
SWIDTH 467 0
DWIDTH 14 0
BBX 14 30 0 -7
BITMAP
0000
0000
0000
0000
0000
0000
0000
0000
0000
0000
0000
0000
0000
0000
07FC
07FC
07FC
07FC
0780
0780
0780
0780
0780
0780
0780
0780
0780
0780
0780
0780
ENDCHAR
STARTCHAR GLineSW
ENCODING 9488
SWIDTH 467 0
DWIDTH 14 0
BBX 14 30 0 -7
BITMAP
0000
0000
0000
0000
0000
0000
0000
0000
0000
0000
0000
0000
0000
0000
0000
FF00
FF00
0300
0300
0300
0300
0300
0300
0300
0300
0300
0300
0300
0300
0300
ENDCHAR
STARTCHAR GLineSWh
ENCODING 9489
SWIDTH 467 0
DWIDTH 14 0
BBX 14 30 0 -7
BITMAP
0000
0000
0000
0000
0000
0000
0000
0000
0000
0000
0000
0000
0000
0000
FF00
FF00
FF00
FF00
0300
0300
0300
0300
0300
0300
0300
0300
0300
0300
0300
0300
ENDCHAR
STARTCHAR GLineShW
ENCODING 9490
SWIDTH 467 0
DWIDTH 14 0
BBX 14 30 0 -7
BITMAP
0000
0000
0000
0000
0000
0000
0000
0000
0000
0000
0000
0000
0000
0000
0000
FF80
FF80
0780
0780
0780
0780
0780
0780
0780
0780
0780
0780
0780
0780
0780
ENDCHAR
STARTCHAR GLineShWh
ENCODING 9491
SWIDTH 467 0
DWIDTH 14 0
BBX 14 30 0 -7
BITMAP
0000
0000
0000
0000
0000
0000
0000
0000
0000
0000
0000
0000
0000
0000
FF80
FF80
FF80
FF80
0780
0780
0780
0780
0780
0780
0780
0780
0780
0780
0780
0780
ENDCHAR
STARTCHAR GLineNE
ENCODING 9492
SWIDTH 467 0
DWIDTH 14 0
BBX 14 30 0 -7
BITMAP
0300
0300
0300
0300
0300
0300
0300
0300
0300
0300
0300
0300
0300
0300
0300
03FC
03FC
0000
0000
0000
0000
0000
0000
0000
0000
0000
0000
0000
0000
0000
ENDCHAR
STARTCHAR GLineNEh
ENCODING 9493
SWIDTH 467 0
DWIDTH 14 0
BBX 14 30 0 -7
BITMAP
0300
0300
0300
0300
0300
0300
0300
0300
0300
0300
0300
0300
0300
0300
03FC
03FC
03FC
03FC
0000
0000
0000
0000
0000
0000
0000
0000
0000
0000
0000
0000
ENDCHAR
STARTCHAR GLineNhE
ENCODING 9494
SWIDTH 467 0
DWIDTH 14 0
BBX 14 30 0 -7
BITMAP
0780
0780
0780
0780
0780
0780
0780
0780
0780
0780
0780
0780
0780
0780
0780
07FC
07FC
0000
0000
0000
0000
0000
0000
0000
0000
0000
0000
0000
0000
0000
ENDCHAR
STARTCHAR GLineNhEh
ENCODING 9495
SWIDTH 467 0
DWIDTH 14 0
BBX 14 30 0 -7
BITMAP
0780
0780
0780
0780
0780
0780
0780
0780
0780
0780
0780
0780
0780
0780
07FC
07FC
07FC
07FC
0000
0000
0000
0000
0000
0000
0000
0000
0000
0000
0000
0000
ENDCHAR
STARTCHAR GLineNW
ENCODING 9496
SWIDTH 467 0
DWIDTH 14 0
BBX 14 30 0 -7
BITMAP
0300
0300
0300
0300
0300
0300
0300
0300
0300
0300
0300
0300
0300
0300
0300
FF00
FF00
0000
0000
0000
0000
0000
0000
0000
0000
0000
0000
0000
0000
0000
ENDCHAR
STARTCHAR GLineNWh
ENCODING 9497
SWIDTH 467 0
DWIDTH 14 0
BBX 14 30 0 -7
BITMAP
0300
0300
0300
0300
0300
0300
0300
0300
0300
0300
0300
0300
0300
0300
FF00
FF00
FF00
FF00
0000
0000
0000
0000
0000
0000
0000
0000
0000
0000
0000
0000
ENDCHAR
STARTCHAR GLineNhW
ENCODING 9498
SWIDTH 467 0
DWIDTH 14 0
BBX 14 30 0 -7
BITMAP
0780
0780
0780
0780
0780
0780
0780
0780
0780
0780
0780
0780
0780
0780
0780
FF80
FF80
0000
0000
0000
0000
0000
0000
0000
0000
0000
0000
0000
0000
0000
ENDCHAR
STARTCHAR GLineNhWh
ENCODING 9499
SWIDTH 467 0
DWIDTH 14 0
BBX 14 30 0 -7
BITMAP
0780
0780
0780
0780
0780
0780
0780
0780
0780
0780
0780
0780
0780
0780
FF80
FF80
FF80
FF80
0000
0000
0000
0000
0000
0000
0000
0000
0000
0000
0000
0000
ENDCHAR
STARTCHAR GLineNSE
ENCODING 9500
SWIDTH 467 0
DWIDTH 14 0
BBX 14 30 0 -7
BITMAP
0300
0300
0300
0300
0300
0300
0300
0300
0300
0300
0300
0300
0300
0300
0300
03FC
03FC
0300
0300
0300
0300
0300
0300
0300
0300
0300
0300
0300
0300
0300
ENDCHAR
STARTCHAR GLineNSEh
ENCODING 9501
SWIDTH 467 0
DWIDTH 14 0
BBX 14 30 0 -7
BITMAP
0300
0300
0300
0300
0300
0300
0300
0300
0300
0300
0300
0300
0300
0300
03FC
03FC
03FC
03FC
0300
0300
0300
0300
0300
0300
0300
0300
0300
0300
0300
0300
ENDCHAR
STARTCHAR GLineNhSE
ENCODING 9502
SWIDTH 467 0
DWIDTH 14 0
BBX 14 30 0 -7
BITMAP
0780
0780
0780
0780
0780
0780
0780
0780
0780
0780
0780
0780
0780
0780
0780
07FC
07FC
0300
0300
0300
0300
0300
0300
0300
0300
0300
0300
0300
0300
0300
ENDCHAR
STARTCHAR GLineNShE
ENCODING 9503
SWIDTH 467 0
DWIDTH 14 0
BBX 14 30 0 -7
BITMAP
0300
0300
0300
0300
0300
0300
0300
0300
0300
0300
0300
0300
0300
0300
0300
07FC
07FC
0780
0780
0780
0780
0780
0780
0780
0780
0780
0780
0780
0780
0780
ENDCHAR
STARTCHAR GLineNhShE
ENCODING 9504
SWIDTH 467 0
DWIDTH 14 0
BBX 14 30 0 -7
BITMAP
0780
0780
0780
0780
0780
0780
0780
0780
0780
0780
0780
0780
0780
0780
0780
07FC
07FC
0780
0780
0780
0780
0780
0780
0780
0780
0780
0780
0780
0780
0780
ENDCHAR
STARTCHAR GLineNhSEh
ENCODING 9505
SWIDTH 467 0
DWIDTH 14 0
BBX 14 30 0 -7
BITMAP
0780
0780
0780
0780
0780
0780
0780
0780
0780
0780
0780
0780
0780
0780
07FC
07FC
07FC
07FC
0300
0300
0300
0300
0300
0300
0300
0300
0300
0300
0300
0300
ENDCHAR
STARTCHAR GLineNShEh
ENCODING 9506
SWIDTH 467 0
DWIDTH 14 0
BBX 14 30 0 -7
BITMAP
0300
0300
0300
0300
0300
0300
0300
0300
0300
0300
0300
0300
0300
0300
07FC
07FC
07FC
07FC
0780
0780
0780
0780
0780
0780
0780
0780
0780
0780
0780
0780
ENDCHAR
STARTCHAR GLineNhShEh
ENCODING 9507
SWIDTH 467 0
DWIDTH 14 0
BBX 14 30 0 -7
BITMAP
0780
0780
0780
0780
0780
0780
0780
0780
0780
0780
0780
0780
0780
0780
07FC
07FC
07FC
07FC
0780
0780
0780
0780
0780
0780
0780
0780
0780
0780
0780
0780
ENDCHAR
STARTCHAR GLineNSW
ENCODING 9508
SWIDTH 467 0
DWIDTH 14 0
BBX 14 30 0 -7
BITMAP
0300
0300
0300
0300
0300
0300
0300
0300
0300
0300
0300
0300
0300
0300
0300
FF00
FF00
0300
0300
0300
0300
0300
0300
0300
0300
0300
0300
0300
0300
0300
ENDCHAR
STARTCHAR GLineNSWh
ENCODING 9509
SWIDTH 467 0
DWIDTH 14 0
BBX 14 30 0 -7
BITMAP
0300
0300
0300
0300
0300
0300
0300
0300
0300
0300
0300
0300
0300
0300
FF00
FF00
FF00
FF00
0300
0300
0300
0300
0300
0300
0300
0300
0300
0300
0300
0300
ENDCHAR
STARTCHAR GLineNhSW
ENCODING 9510
SWIDTH 467 0
DWIDTH 14 0
BBX 14 30 0 -7
BITMAP
0780
0780
0780
0780
0780
0780
0780
0780
0780
0780
0780
0780
0780
0780
0780
FF80
FF80
0300
0300
0300
0300
0300
0300
0300
0300
0300
0300
0300
0300
0300
ENDCHAR
STARTCHAR GLineNShW
ENCODING 9511
SWIDTH 467 0
DWIDTH 14 0
BBX 14 30 0 -7
BITMAP
0300
0300
0300
0300
0300
0300
0300
0300
0300
0300
0300
0300
0300
0300
0300
FF80
FF80
0780
0780
0780
0780
0780
0780
0780
0780
0780
0780
0780
0780
0780
ENDCHAR
STARTCHAR GLineNhShW
ENCODING 9512
SWIDTH 467 0
DWIDTH 14 0
BBX 14 30 0 -7
BITMAP
0780
0780
0780
0780
0780
0780
0780
0780
0780
0780
0780
0780
0780
0780
0780
FF80
FF80
0780
0780
0780
0780
0780
0780
0780
0780
0780
0780
0780
0780
0780
ENDCHAR
STARTCHAR GLineNhSWh
ENCODING 9513
SWIDTH 467 0
DWIDTH 14 0
BBX 14 30 0 -7
BITMAP
0780
0780
0780
0780
0780
0780
0780
0780
0780
0780
0780
0780
0780
0780
FF80
FF80
FF80
FF80
0300
0300
0300
0300
0300
0300
0300
0300
0300
0300
0300
0300
ENDCHAR
STARTCHAR GLineNShWh
ENCODING 9514
SWIDTH 467 0
DWIDTH 14 0
BBX 14 30 0 -7
BITMAP
0300
0300
0300
0300
0300
0300
0300
0300
0300
0300
0300
0300
0300
0300
FF80
FF80
FF80
FF80
0780
0780
0780
0780
0780
0780
0780
0780
0780
0780
0780
0780
ENDCHAR
STARTCHAR GLineNhShWh
ENCODING 9515
SWIDTH 467 0
DWIDTH 14 0
BBX 14 30 0 -7
BITMAP
0780
0780
0780
0780
0780
0780
0780
0780
0780
0780
0780
0780
0780
0780
FF80
FF80
FF80
FF80
0780
0780
0780
0780
0780
0780
0780
0780
0780
0780
0780
0780
ENDCHAR
STARTCHAR GLineSWE
ENCODING 9516
SWIDTH 467 0
DWIDTH 14 0
BBX 14 30 0 -7
BITMAP
0000
0000
0000
0000
0000
0000
0000
0000
0000
0000
0000
0000
0000
0000
0000
FFFC
FFFC
0300
0300
0300
0300
0300
0300
0300
0300
0300
0300
0300
0300
0300
ENDCHAR
STARTCHAR GLineSWhE
ENCODING 9517
SWIDTH 467 0
DWIDTH 14 0
BBX 14 30 0 -7
BITMAP
0000
0000
0000
0000
0000
0000
0000
0000
0000
0000
0000
0000
0000
0000
FF00
FFFC
FFFC
FF00
0300
0300
0300
0300
0300
0300
0300
0300
0300
0300
0300
0300
ENDCHAR
STARTCHAR GLineSWEh
ENCODING 9518
SWIDTH 467 0
DWIDTH 14 0
BBX 14 30 0 -7
BITMAP
0000
0000
0000
0000
0000
0000
0000
0000
0000
0000
0000
0000
0000
0000
03FC
FFFC
FFFC
03FC
0300
0300
0300
0300
0300
0300
0300
0300
0300
0300
0300
0300
ENDCHAR
STARTCHAR GLineSWhEh
ENCODING 9519
SWIDTH 467 0
DWIDTH 14 0
BBX 14 30 0 -7
BITMAP
0000
0000
0000
0000
0000
0000
0000
0000
0000
0000
0000
0000
0000
0000
FFFC
FFFC
FFFC
FFFC
0300
0300
0300
0300
0300
0300
0300
0300
0300
0300
0300
0300
ENDCHAR
STARTCHAR GLineShWE
ENCODING 9520
SWIDTH 467 0
DWIDTH 14 0
BBX 14 30 0 -7
BITMAP
0000
0000
0000
0000
0000
0000
0000
0000
0000
0000
0000
0000
0000
0000
0000
FFFC
FFFC
0780
0780
0780
0780
0780
0780
0780
0780
0780
0780
0780
0780
0780
ENDCHAR
STARTCHAR GLineShWhE
ENCODING 9521
SWIDTH 467 0
DWIDTH 14 0
BBX 14 30 0 -7
BITMAP
0000
0000
0000
0000
0000
0000
0000
0000
0000
0000
0000
0000
0000
0000
FF80
FFFC
FFFC
FF80
0780
0780
0780
0780
0780
0780
0780
0780
0780
0780
0780
0780
ENDCHAR
STARTCHAR GLineShWEh
ENCODING 9522
SWIDTH 467 0
DWIDTH 14 0
BBX 14 30 0 -7
BITMAP
0000
0000
0000
0000
0000
0000
0000
0000
0000
0000
0000
0000
0000
0000
07FC
FFFC
FFFC
07FC
0780
0780
0780
0780
0780
0780
0780
0780
0780
0780
0780
0780
ENDCHAR
STARTCHAR GLineShWhEh
ENCODING 9523
SWIDTH 467 0
DWIDTH 14 0
BBX 14 30 0 -7
BITMAP
0000
0000
0000
0000
0000
0000
0000
0000
0000
0000
0000
0000
0000
0000
FFFC
FFFC
FFFC
FFFC
0780
0780
0780
0780
0780
0780
0780
0780
0780
0780
0780
0780
ENDCHAR
STARTCHAR GLineNWE
ENCODING 9524
SWIDTH 467 0
DWIDTH 14 0
BBX 14 30 0 -7
BITMAP
0300
0300
0300
0300
0300
0300
0300
0300
0300
0300
0300
0300
0300
0300
0300
FFFC
FFFC
0000
0000
0000
0000
0000
0000
0000
0000
0000
0000
0000
0000
0000
ENDCHAR
STARTCHAR GLineNWhE
ENCODING 9525
SWIDTH 467 0
DWIDTH 14 0
BBX 14 30 0 -7
BITMAP
0300
0300
0300
0300
0300
0300
0300
0300
0300
0300
0300
0300
0300
0300
FF00
FFFC
FFFC
FF00
0000
0000
0000
0000
0000
0000
0000
0000
0000
0000
0000
0000
ENDCHAR
STARTCHAR GLineNWEh
ENCODING 9526
SWIDTH 467 0
DWIDTH 14 0
BBX 14 30 0 -7
BITMAP
0300
0300
0300
0300
0300
0300
0300
0300
0300
0300
0300
0300
0300
0300
03FC
FFFC
FFFC
03FC
0000
0000
0000
0000
0000
0000
0000
0000
0000
0000
0000
0000
ENDCHAR
STARTCHAR GLineNWhEh
ENCODING 9527
SWIDTH 467 0
DWIDTH 14 0
BBX 14 30 0 -7
BITMAP
0300
0300
0300
0300
0300
0300
0300
0300
0300
0300
0300
0300
0300
0300
FFFC
FFFC
FFFC
FFFC
0000
0000
0000
0000
0000
0000
0000
0000
0000
0000
0000
0000
ENDCHAR
STARTCHAR GLineNhWE
ENCODING 9528
SWIDTH 467 0
DWIDTH 14 0
BBX 14 30 0 -7
BITMAP
0780
0780
0780
0780
0780
0780
0780
0780
0780
0780
0780
0780
0780
0780
0780
FFFC
FFFC
0000
0000
0000
0000
0000
0000
0000
0000
0000
0000
0000
0000
0000
ENDCHAR
STARTCHAR GLineNhWhE
ENCODING 9529
SWIDTH 467 0
DWIDTH 14 0
BBX 14 30 0 -7
BITMAP
0780
0780
0780
0780
0780
0780
0780
0780
0780
0780
0780
0780
0780
0780
FF80
FFFC
FFFC
FF80
0000
0000
0000
0000
0000
0000
0000
0000
0000
0000
0000
0000
ENDCHAR
STARTCHAR GLineNhWEh
ENCODING 9530
SWIDTH 467 0
DWIDTH 14 0
BBX 14 30 0 -7
BITMAP
0780
0780
0780
0780
0780
0780
0780
0780
0780
0780
0780
0780
0780
0780
07FC
FFFC
FFFC
07FC
0000
0000
0000
0000
0000
0000
0000
0000
0000
0000
0000
0000
ENDCHAR
STARTCHAR GLineNhWhEh
ENCODING 9531
SWIDTH 467 0
DWIDTH 14 0
BBX 14 30 0 -7
BITMAP
0780
0780
0780
0780
0780
0780
0780
0780
0780
0780
0780
0780
0780
0780
FFFC
FFFC
FFFC
FFFC
0000
0000
0000
0000
0000
0000
0000
0000
0000
0000
0000
0000
ENDCHAR
STARTCHAR GLineNSWE
ENCODING 9532
SWIDTH 467 0
DWIDTH 14 0
BBX 14 30 0 -7
BITMAP
0300
0300
0300
0300
0300
0300
0300
0300
0300
0300
0300
0300
0300
0300
0300
FFFC
FFFC
0300
0300
0300
0300
0300
0300
0300
0300
0300
0300
0300
0300
0300
ENDCHAR
STARTCHAR GLineNSWhE
ENCODING 9533
SWIDTH 467 0
DWIDTH 14 0
BBX 14 30 0 -7
BITMAP
0300
0300
0300
0300
0300
0300
0300
0300
0300
0300
0300
0300
0300
0300
FF00
FFFC
FFFC
FF00
0300
0300
0300
0300
0300
0300
0300
0300
0300
0300
0300
0300
ENDCHAR
STARTCHAR GLineNSWEh
ENCODING 9534
SWIDTH 467 0
DWIDTH 14 0
BBX 14 30 0 -7
BITMAP
0300
0300
0300
0300
0300
0300
0300
0300
0300
0300
0300
0300
0300
0300
03FC
FFFC
FFFC
03FC
0300
0300
0300
0300
0300
0300
0300
0300
0300
0300
0300
0300
ENDCHAR
STARTCHAR GLineNSWhEh
ENCODING 9535
SWIDTH 467 0
DWIDTH 14 0
BBX 14 30 0 -7
BITMAP
0300
0300
0300
0300
0300
0300
0300
0300
0300
0300
0300
0300
0300
0300
FFFC
FFFC
FFFC
FFFC
0300
0300
0300
0300
0300
0300
0300
0300
0300
0300
0300
0300
ENDCHAR
STARTCHAR GLineNhSWE
ENCODING 9536
SWIDTH 467 0
DWIDTH 14 0
BBX 14 30 0 -7
BITMAP
0780
0780
0780
0780
0780
0780
0780
0780
0780
0780
0780
0780
0780
0780
0780
FFFC
FFFC
0300
0300
0300
0300
0300
0300
0300
0300
0300
0300
0300
0300
0300
ENDCHAR
STARTCHAR GLineNShWE
ENCODING 9537
SWIDTH 467 0
DWIDTH 14 0
BBX 14 30 0 -7
BITMAP
0300
0300
0300
0300
0300
0300
0300
0300
0300
0300
0300
0300
0300
0300
0300
FFFC
FFFC
0780
0780
0780
0780
0780
0780
0780
0780
0780
0780
0780
0780
0780
ENDCHAR
STARTCHAR GLineNhShWE
ENCODING 9538
SWIDTH 467 0
DWIDTH 14 0
BBX 14 30 0 -7
BITMAP
0780
0780
0780
0780
0780
0780
0780
0780
0780
0780
0780
0780
0780
0780
0780
FFFC
FFFC
0780
0780
0780
0780
0780
0780
0780
0780
0780
0780
0780
0780
0780
ENDCHAR
STARTCHAR GLineNhSWhE
ENCODING 9539
SWIDTH 467 0
DWIDTH 14 0
BBX 14 30 0 -7
BITMAP
0780
0780
0780
0780
0780
0780
0780
0780
0780
0780
0780
0780
0780
0780
FF80
FFFC
FFFC
FF80
0300
0300
0300
0300
0300
0300
0300
0300
0300
0300
0300
0300
ENDCHAR
STARTCHAR GLineNhSWEh
ENCODING 9540
SWIDTH 467 0
DWIDTH 14 0
BBX 14 30 0 -7
BITMAP
0780
0780
0780
0780
0780
0780
0780
0780
0780
0780
0780
0780
0780
0780
07FC
FFFC
FFFC
07FC
0300
0300
0300
0300
0300
0300
0300
0300
0300
0300
0300
0300
ENDCHAR
STARTCHAR GLineNShWhE
ENCODING 9541
SWIDTH 467 0
DWIDTH 14 0
BBX 14 30 0 -7
BITMAP
0300
0300
0300
0300
0300
0300
0300
0300
0300
0300
0300
0300
0300
0300
FF80
FFFC
FFFC
FF80
0780
0780
0780
0780
0780
0780
0780
0780
0780
0780
0780
0780
ENDCHAR
STARTCHAR GLineNShWEh
ENCODING 9542
SWIDTH 467 0
DWIDTH 14 0
BBX 14 30 0 -7
BITMAP
0300
0300
0300
0300
0300
0300
0300
0300
0300
0300
0300
0300
0300
0300
07FC
FFFC
FFFC
07FC
0780
0780
0780
0780
0780
0780
0780
0780
0780
0780
0780
0780
ENDCHAR
STARTCHAR GLineNhSWhEh
ENCODING 9543
SWIDTH 467 0
DWIDTH 14 0
BBX 14 30 0 -7
BITMAP
0780
0780
0780
0780
0780
0780
0780
0780
0780
0780
0780
0780
0780
0780
FFFC
FFFC
FFFC
FFFC
0300
0300
0300
0300
0300
0300
0300
0300
0300
0300
0300
0300
ENDCHAR
STARTCHAR GLineNShWhEh
ENCODING 9544
SWIDTH 467 0
DWIDTH 14 0
BBX 14 30 0 -7
BITMAP
0300
0300
0300
0300
0300
0300
0300
0300
0300
0300
0300
0300
0300
0300
FFFC
FFFC
FFFC
FFFC
0780
0780
0780
0780
0780
0780
0780
0780
0780
0780
0780
0780
ENDCHAR
STARTCHAR GLineNhShWhE
ENCODING 9545
SWIDTH 467 0
DWIDTH 14 0
BBX 14 30 0 -7
BITMAP
0780
0780
0780
0780
0780
0780
0780
0780
0780
0780
0780
0780
0780
0780
FF80
FFFC
FFFC
FF80
0780
0780
0780
0780
0780
0780
0780
0780
0780
0780
0780
0780
ENDCHAR
STARTCHAR GLineNhShWEh
ENCODING 9546
SWIDTH 467 0
DWIDTH 14 0
BBX 14 30 0 -7
BITMAP
0780
0780
0780
0780
0780
0780
0780
0780
0780
0780
0780
0780
0780
0780
07FC
FFFC
FFFC
07FC
0780
0780
0780
0780
0780
0780
0780
0780
0780
0780
0780
0780
ENDCHAR
STARTCHAR GLineNhShWhEh
ENCODING 9547
SWIDTH 467 0
DWIDTH 14 0
BBX 14 30 0 -7
BITMAP
0780
0780
0780
0780
0780
0780
0780
0780
0780
0780
0780
0780
0780
0780
FFFC
FFFC
FFFC
FFFC
0780
0780
0780
0780
0780
0780
0780
0780
0780
0780
0780
0780
ENDCHAR
STARTCHAR GLine2dWE
ENCODING 9548
SWIDTH 467 0
DWIDTH 14 0
BBX 14 30 0 -7
BITMAP
0000
0000
0000
0000
0000
0000
0000
0000
0000
0000
0000
0000
0000
0000
0000
7CF8
7CF8
0000
0000
0000
0000
0000
0000
0000
0000
0000
0000
0000
0000
0000
ENDCHAR
STARTCHAR GLine2dWhEh
ENCODING 9549
SWIDTH 467 0
DWIDTH 14 0
BBX 14 30 0 -7
BITMAP
0000
0000
0000
0000
0000
0000
0000
0000
0000
0000
0000
0000
0000
0000
7CF8
7CF8
7CF8
7CF8
0000
0000
0000
0000
0000
0000
0000
0000
0000
0000
0000
0000
ENDCHAR
STARTCHAR GLine2dNS
ENCODING 9550
SWIDTH 467 0
DWIDTH 14 0
BBX 14 30 0 -7
BITMAP
0000
0000
0300
0300
0300
0300
0300
0300
0300
0300
0300
0300
0300
0000
0000
0000
0000
0300
0300
0300
0300
0300
0300
0300
0300
0300
0300
0300
0000
0000
ENDCHAR
STARTCHAR GLine2dNhSh
ENCODING 9551
SWIDTH 467 0
DWIDTH 14 0
BBX 14 30 0 -7
BITMAP
0000
0000
0780
0780
0780
0780
0780
0780
0780
0780
0780
0780
0780
0000
0000
0000
0000
0780
0780
0780
0780
0780
0780
0780
0780
0780
0780
0780
0000
0000
ENDCHAR
STARTCHAR GLineW2E2
ENCODING 9552
SWIDTH 467 0
DWIDTH 14 0
BBX 14 30 0 -7
BITMAP
0000
0000
0000
0000
0000
0000
0000
0000
0000
0000
0000
0000
0000
FFFC
FFFC
0000
0000
FFFC
FFFC
0000
0000
0000
0000
0000
0000
0000
0000
0000
0000
0000
ENDCHAR
STARTCHAR GLineN2S2
ENCODING 9553
SWIDTH 467 0
DWIDTH 14 0
BBX 14 30 0 -7
BITMAP
0CC0
0CC0
0CC0
0CC0
0CC0
0CC0
0CC0
0CC0
0CC0
0CC0
0CC0
0CC0
0CC0
0CC0
0CC0
0CC0
0CC0
0CC0
0CC0
0CC0
0CC0
0CC0
0CC0
0CC0
0CC0
0CC0
0CC0
0CC0
0CC0
0CC0
ENDCHAR
STARTCHAR GLineSE2
ENCODING 9554
SWIDTH 467 0
DWIDTH 14 0
BBX 14 30 0 -7
BITMAP
0000
0000
0000
0000
0000
0000
0000
0000
0000
0000
0000
0000
0000
03FC
03FC
0300
0300
03FC
03FC
0300
0300
0300
0300
0300
0300
0300
0300
0300
0300
0300
ENDCHAR
STARTCHAR GLineS2E
ENCODING 9555
SWIDTH 467 0
DWIDTH 14 0
BBX 14 30 0 -7
BITMAP
0000
0000
0000
0000
0000
0000
0000
0000
0000
0000
0000
0000
0000
0000
0000
0FFC
0FFC
0CC0
0CC0
0CC0
0CC0
0CC0
0CC0
0CC0
0CC0
0CC0
0CC0
0CC0
0CC0
0CC0
ENDCHAR
STARTCHAR GLineS2E2
ENCODING 9556
SWIDTH 467 0
DWIDTH 14 0
BBX 14 30 0 -7
BITMAP
0000
0000
0000
0000
0000
0000
0000
0000
0000
0000
0000
0000
0000
0FFC
0FFC
0C00
0C00
0CFC
0CFC
0CC0
0CC0
0CC0
0CC0
0CC0
0CC0
0CC0
0CC0
0CC0
0CC0
0CC0
ENDCHAR
STARTCHAR GLineSW2
ENCODING 9557
SWIDTH 467 0
DWIDTH 14 0
BBX 14 30 0 -7
BITMAP
0000
0000
0000
0000
0000
0000
0000
0000
0000
0000
0000
0000
0000
FF00
FF00
0300
0300
FF00
FF00
0300
0300
0300
0300
0300
0300
0300
0300
0300
0300
0300
ENDCHAR
STARTCHAR GLineS2W
ENCODING 9558
SWIDTH 467 0
DWIDTH 14 0
BBX 14 30 0 -7
BITMAP
0000
0000
0000
0000
0000
0000
0000
0000
0000
0000
0000
0000
0000
0000
0000
FFC0
FFC0
0CC0
0CC0
0CC0
0CC0
0CC0
0CC0
0CC0
0CC0
0CC0
0CC0
0CC0
0CC0
0CC0
ENDCHAR
STARTCHAR GLineS2W2
ENCODING 9559
SWIDTH 467 0
DWIDTH 14 0
BBX 14 30 0 -7
BITMAP
0000
0000
0000
0000
0000
0000
0000
0000
0000
0000
0000
0000
0000
FFC0
FFC0
00C0
00C0
FCC0
FCC0
0CC0
0CC0
0CC0
0CC0
0CC0
0CC0
0CC0
0CC0
0CC0
0CC0
0CC0
ENDCHAR
STARTCHAR GLineNE2
ENCODING 9560
SWIDTH 467 0
DWIDTH 14 0
BBX 14 30 0 -7
BITMAP
0300
0300
0300
0300
0300
0300
0300
0300
0300
0300
0300
0300
0300
03FC
03FC
0300
0300
03FC
03FC
0000
0000
0000
0000
0000
0000
0000
0000
0000
0000
0000
ENDCHAR
STARTCHAR GLineN2E
ENCODING 9561
SWIDTH 467 0
DWIDTH 14 0
BBX 14 30 0 -7
BITMAP
0CC0
0CC0
0CC0
0CC0
0CC0
0CC0
0CC0
0CC0
0CC0
0CC0
0CC0
0CC0
0CC0
0CC0
0CC0
0FFC
0FFC
0000
0000
0000
0000
0000
0000
0000
0000
0000
0000
0000
0000
0000
ENDCHAR
STARTCHAR GLineN2E2
ENCODING 9562
SWIDTH 467 0
DWIDTH 14 0
BBX 14 30 0 -7
BITMAP
0CC0
0CC0
0CC0
0CC0
0CC0
0CC0
0CC0
0CC0
0CC0
0CC0
0CC0
0CC0
0CC0
0CFC
0CFC
0C00
0C00
0FFC
0FFC
0000
0000
0000
0000
0000
0000
0000
0000
0000
0000
0000
ENDCHAR
STARTCHAR GLineNW2
ENCODING 9563
SWIDTH 467 0
DWIDTH 14 0
BBX 14 30 0 -7
BITMAP
0300
0300
0300
0300
0300
0300
0300
0300
0300
0300
0300
0300
0300
FF00
FF00
0300
0300
FF00
FF00
0000
0000
0000
0000
0000
0000
0000
0000
0000
0000
0000
ENDCHAR
STARTCHAR GLineN2W
ENCODING 9564
SWIDTH 467 0
DWIDTH 14 0
BBX 14 30 0 -7
BITMAP
0CC0
0CC0
0CC0
0CC0
0CC0
0CC0
0CC0
0CC0
0CC0
0CC0
0CC0
0CC0
0CC0
0CC0
0CC0
FFC0
FFC0
0000
0000
0000
0000
0000
0000
0000
0000
0000
0000
0000
0000
0000
ENDCHAR
STARTCHAR GLineN2W2
ENCODING 9565
SWIDTH 467 0
DWIDTH 14 0
BBX 14 30 0 -7
BITMAP
0CC0
0CC0
0CC0
0CC0
0CC0
0CC0
0CC0
0CC0
0CC0
0CC0
0CC0
0CC0
0CC0
FCC0
FCC0
00C0
00C0
FFC0
FFC0
0000
0000
0000
0000
0000
0000
0000
0000
0000
0000
0000
ENDCHAR
STARTCHAR GLineNSE2
ENCODING 9566
SWIDTH 467 0
DWIDTH 14 0
BBX 14 30 0 -7
BITMAP
0300
0300
0300
0300
0300
0300
0300
0300
0300
0300
0300
0300
0300
03FC
03FC
0300
0300
03FC
03FC
0300
0300
0300
0300
0300
0300
0300
0300
0300
0300
0300
ENDCHAR
STARTCHAR GLineN2S2E
ENCODING 9567
SWIDTH 467 0
DWIDTH 14 0
BBX 14 30 0 -7
BITMAP
0CC0
0CC0
0CC0
0CC0
0CC0
0CC0
0CC0
0CC0
0CC0
0CC0
0CC0
0CC0
0CC0
0CC0
0CC0
0CFC
0CFC
0CC0
0CC0
0CC0
0CC0
0CC0
0CC0
0CC0
0CC0
0CC0
0CC0
0CC0
0CC0
0CC0
ENDCHAR
STARTCHAR GLineN2S2E2
ENCODING 9568
SWIDTH 467 0
DWIDTH 14 0
BBX 14 30 0 -7
BITMAP
0CC0
0CC0
0CC0
0CC0
0CC0
0CC0
0CC0
0CC0
0CC0
0CC0
0CC0
0CC0
0CC0
0CFC
0CFC
0C00
0C00
0CFC
0CFC
0CC0
0CC0
0CC0
0CC0
0CC0
0CC0
0CC0
0CC0
0CC0
0CC0
0CC0
ENDCHAR
STARTCHAR GLineNSW2
ENCODING 9569
SWIDTH 467 0
DWIDTH 14 0
BBX 14 30 0 -7
BITMAP
0300
0300
0300
0300
0300
0300
0300
0300
0300
0300
0300
0300
0300
FF00
FF00
0300
0300
FF00
FF00
0300
0300
0300
0300
0300
0300
0300
0300
0300
0300
0300
ENDCHAR
STARTCHAR GLineN2S2W
ENCODING 9570
SWIDTH 467 0
DWIDTH 14 0
BBX 14 30 0 -7
BITMAP
0CC0
0CC0
0CC0
0CC0
0CC0
0CC0
0CC0
0CC0
0CC0
0CC0
0CC0
0CC0
0CC0
0CC0
0CC0
FCC0
FCC0
0CC0
0CC0
0CC0
0CC0
0CC0
0CC0
0CC0
0CC0
0CC0
0CC0
0CC0
0CC0
0CC0
ENDCHAR
STARTCHAR GLineN2S2W2
ENCODING 9571
SWIDTH 467 0
DWIDTH 14 0
BBX 14 30 0 -7
BITMAP
0CC0
0CC0
0CC0
0CC0
0CC0
0CC0
0CC0
0CC0
0CC0
0CC0
0CC0
0CC0
0CC0
FCC0
FCC0
00C0
00C0
FCC0
FCC0
0CC0
0CC0
0CC0
0CC0
0CC0
0CC0
0CC0
0CC0
0CC0
0CC0
0CC0
ENDCHAR
STARTCHAR GLineSW2E2
ENCODING 9572
SWIDTH 467 0
DWIDTH 14 0
BBX 14 30 0 -7
BITMAP
0000
0000
0000
0000
0000
0000
0000
0000
0000
0000
0000
0000
0000
FFFC
FFFC
0000
0000
FFFC
FFFC
0300
0300
0300
0300
0300
0300
0300
0300
0300
0300
0300
ENDCHAR
STARTCHAR GLineS2WE
ENCODING 9573
SWIDTH 467 0
DWIDTH 14 0
BBX 14 30 0 -7
BITMAP
0000
0000
0000
0000
0000
0000
0000
0000
0000
0000
0000
0000
0000
0000
0000
FFFC
FFFC
0CC0
0CC0
0CC0
0CC0
0CC0
0CC0
0CC0
0CC0
0CC0
0CC0
0CC0
0CC0
0CC0
ENDCHAR
STARTCHAR GLineS2W2E2
ENCODING 9574
SWIDTH 467 0
DWIDTH 14 0
BBX 14 30 0 -7
BITMAP
0000
0000
0000
0000
0000
0000
0000
0000
0000
0000
0000
0000
0000
FFFC
FFFC
0000
0000
FCFC
FCFC
0CC0
0CC0
0CC0
0CC0
0CC0
0CC0
0CC0
0CC0
0CC0
0CC0
0CC0
ENDCHAR
STARTCHAR GLineNW2E2
ENCODING 9575
SWIDTH 467 0
DWIDTH 14 0
BBX 14 30 0 -7
BITMAP
0300
0300
0300
0300
0300
0300
0300
0300
0300
0300
0300
0300
0300
FFFC
FFFC
0000
0000
FFFC
FFFC
0000
0000
0000
0000
0000
0000
0000
0000
0000
0000
0000
ENDCHAR
STARTCHAR GLineN2WE
ENCODING 9576
SWIDTH 467 0
DWIDTH 14 0
BBX 14 30 0 -7
BITMAP
0CC0
0CC0
0CC0
0CC0
0CC0
0CC0
0CC0
0CC0
0CC0
0CC0
0CC0
0CC0
0CC0
0CC0
0CC0
FFFC
FFFC
0000
0000
0000
0000
0000
0000
0000
0000
0000
0000
0000
0000
0000
ENDCHAR
STARTCHAR GLineN2W2E2
ENCODING 9577
SWIDTH 467 0
DWIDTH 14 0
BBX 14 30 0 -7
BITMAP
0CC0
0CC0
0CC0
0CC0
0CC0
0CC0
0CC0
0CC0
0CC0
0CC0
0CC0
0CC0
0CC0
FCFC
FCFC
0000
0000
FFFC
FFFC
0000
0000
0000
0000
0000
0000
0000
0000
0000
0000
0000
ENDCHAR
STARTCHAR GLineNSW2E2
ENCODING 9578
SWIDTH 467 0
DWIDTH 14 0
BBX 14 30 0 -7
BITMAP
0300
0300
0300
0300
0300
0300
0300
0300
0300
0300
0300
0300
0300
FFFC
FFFC
0000
0000
FFFC
FFFC
0300
0300
0300
0300
0300
0300
0300
0300
0300
0300
0300
ENDCHAR
STARTCHAR GLineN2S2WE
ENCODING 9579
SWIDTH 467 0
DWIDTH 14 0
BBX 14 30 0 -7
BITMAP
0CC0
0CC0
0CC0
0CC0
0CC0
0CC0
0CC0
0CC0
0CC0
0CC0
0CC0
0CC0
0CC0
0CC0
0CC0
FCFC
FCFC
0CC0
0CC0
0CC0
0CC0
0CC0
0CC0
0CC0
0CC0
0CC0
0CC0
0CC0
0CC0
0CC0
ENDCHAR
STARTCHAR GLineN2S2W2E2
ENCODING 9580
SWIDTH 467 0
DWIDTH 14 0
BBX 14 30 0 -7
BITMAP
0CC0
0CC0
0CC0
0CC0
0CC0
0CC0
0CC0
0CC0
0CC0
0CC0
0CC0
0CC0
0CC0
FCFC
FCFC
0000
0000
FCFC
FCFC
0CC0
0CC0
0CC0
0CC0
0CC0
0CC0
0CC0
0CC0
0CC0
0CC0
0CC0
ENDCHAR
STARTCHAR GArcSE
ENCODING 9581
SWIDTH 467 0
DWIDTH 14 0
BBX 14 30 0 -7
BITMAP
0000
0000
0000
0000
0000
0000
0000
0000
0000
0000
0000
0000
0000
0000
0000
003C
00FC
01C0
0180
0300
0300
0300
0300
0300
0300
0300
0300
0300
0300
0300
ENDCHAR
STARTCHAR GArcSW
ENCODING 9582
SWIDTH 467 0
DWIDTH 14 0
BBX 14 30 0 -7
BITMAP
0000
0000
0000
0000
0000
0000
0000
0000
0000
0000
0000
0000
0000
0000
0000
F000
FC00
0E00
0600
0300
0300
0300
0300
0300
0300
0300
0300
0300
0300
0300
ENDCHAR
STARTCHAR GArcNW
ENCODING 9583
SWIDTH 467 0
DWIDTH 14 0
BBX 14 30 0 -7
BITMAP
0300
0300
0300
0300
0300
0300
0300
0300
0300
0300
0300
0300
0300
0600
0E00
FC00
F000
0000
0000
0000
0000
0000
0000
0000
0000
0000
0000
0000
0000
0000
ENDCHAR
STARTCHAR GArcNE
ENCODING 9584
SWIDTH 467 0
DWIDTH 14 0
BBX 14 30 0 -7
BITMAP
0300
0300
0300
0300
0300
0300
0300
0300
0300
0300
0300
0300
0300
0180
01C0
00FC
003C
0000
0000
0000
0000
0000
0000
0000
0000
0000
0000
0000
0000
0000
ENDCHAR
STARTCHAR GDiagNEToSW
ENCODING 9585
SWIDTH 467 0
DWIDTH 14 0
BBX 14 30 0 -7
BITMAP
000C
000C
0018
0018
0018
0030
0030
0060
0060
00C0
00C0
00C0
0180
0180
0300
0300
0600
0600
0C00
0C00
0C00
1800
1800
3000
3000
6000
6000
6000
C000
C000
ENDCHAR
STARTCHAR GDiagNWToSE
ENCODING 9586
SWIDTH 467 0
DWIDTH 14 0
BBX 14 30 0 -7
BITMAP
C000
C000
6000
6000
6000
3000
3000
1800
1800
0C00
0C00
0C00
0600
0600
0300
0300
0180
0180
00C0
00C0
00C0
0060
0060
0030
0030
0018
0018
0018
000C
000C
ENDCHAR
STARTCHAR GDiagCross
ENCODING 9587
SWIDTH 467 0
DWIDTH 14 0
BBX 14 30 0 -7
BITMAP
C00C
C00C
6018
6018
6018
3030
3030
1860
1860
0CC0
0CC0
0CC0
0780
0780
0300
0300
0780
0780
0CC0
0CC0
0CC0
1860
1860
3030
3030
6018
6018
6018
C00C
C00C
ENDCHAR
STARTCHAR GLineW
ENCODING 9588
SWIDTH 467 0
DWIDTH 14 0
BBX 14 30 0 -7
BITMAP
0000
0000
0000
0000
0000
0000
0000
0000
0000
0000
0000
0000
0000
0000
0000
FE00
FE00
0000
0000
0000
0000
0000
0000
0000
0000
0000
0000
0000
0000
0000
ENDCHAR
STARTCHAR GLineN
ENCODING 9589
SWIDTH 467 0
DWIDTH 14 0
BBX 14 30 0 -7
BITMAP
0300
0300
0300
0300
0300
0300
0300
0300
0300
0300
0300
0300
0300
0300
0300
0300
0000
0000
0000
0000
0000
0000
0000
0000
0000
0000
0000
0000
0000
0000
ENDCHAR
STARTCHAR GLineE
ENCODING 9590
SWIDTH 467 0
DWIDTH 14 0
BBX 14 30 0 -7
BITMAP
0000
0000
0000
0000
0000
0000
0000
0000
0000
0000
0000
0000
0000
0000
0000
01FC
01FC
0000
0000
0000
0000
0000
0000
0000
0000
0000
0000
0000
0000
0000
ENDCHAR
STARTCHAR GLineS
ENCODING 9591
SWIDTH 467 0
DWIDTH 14 0
BBX 14 30 0 -7
BITMAP
0000
0000
0000
0000
0000
0000
0000
0000
0000
0000
0000
0000
0000
0000
0000
0000
0300
0300
0300
0300
0300
0300
0300
0300
0300
0300
0300
0300
0300
0300
ENDCHAR
STARTCHAR GLineWh
ENCODING 9592
SWIDTH 467 0
DWIDTH 14 0
BBX 14 30 0 -7
BITMAP
0000
0000
0000
0000
0000
0000
0000
0000
0000
0000
0000
0000
0000
0000
FE00
FE00
FE00
FE00
0000
0000
0000
0000
0000
0000
0000
0000
0000
0000
0000
0000
ENDCHAR
STARTCHAR GLineNh
ENCODING 9593
SWIDTH 467 0
DWIDTH 14 0
BBX 14 30 0 -7
BITMAP
0780
0780
0780
0780
0780
0780
0780
0780
0780
0780
0780
0780
0780
0780
0780
0780
0000
0000
0000
0000
0000
0000
0000
0000
0000
0000
0000
0000
0000
0000
ENDCHAR
STARTCHAR GLineEh
ENCODING 9594
SWIDTH 467 0
DWIDTH 14 0
BBX 14 30 0 -7
BITMAP
0000
0000
0000
0000
0000
0000
0000
0000
0000
0000
0000
0000
0000
0000
01FC
01FC
01FC
01FC
0000
0000
0000
0000
0000
0000
0000
0000
0000
0000
0000
0000
ENDCHAR
STARTCHAR GLineSh
ENCODING 9595
SWIDTH 467 0
DWIDTH 14 0
BBX 14 30 0 -7
BITMAP
0000
0000
0000
0000
0000
0000
0000
0000
0000
0000
0000
0000
0000
0000
0000
0000
0780
0780
0780
0780
0780
0780
0780
0780
0780
0780
0780
0780
0780
0780
ENDCHAR
STARTCHAR GLineWEh
ENCODING 9596
SWIDTH 467 0
DWIDTH 14 0
BBX 14 30 0 -7
BITMAP
0000
0000
0000
0000
0000
0000
0000
0000
0000
0000
0000
0000
0000
0000
01FC
FFFC
FFFC
01FC
0000
0000
0000
0000
0000
0000
0000
0000
0000
0000
0000
0000
ENDCHAR
STARTCHAR GLineNSh
ENCODING 9597
SWIDTH 467 0
DWIDTH 14 0
BBX 14 30 0 -7
BITMAP
0300
0300
0300
0300
0300
0300
0300
0300
0300
0300
0300
0300
0300
0300
0300
0300
0780
0780
0780
0780
0780
0780
0780
0780
0780
0780
0780
0780
0780
0780
ENDCHAR
STARTCHAR GLineWhE
ENCODING 9598
SWIDTH 467 0
DWIDTH 14 0
BBX 14 30 0 -7
BITMAP
0000
0000
0000
0000
0000
0000
0000
0000
0000
0000
0000
0000
0000
0000
FE00
FFFC
FFFC
FE00
0000
0000
0000
0000
0000
0000
0000
0000
0000
0000
0000
0000
ENDCHAR
STARTCHAR GLineNhS
ENCODING 9599
SWIDTH 467 0
DWIDTH 14 0
BBX 14 30 0 -7
BITMAP
0780
0780
0780
0780
0780
0780
0780
0780
0780
0780
0780
0780
0780
0780
0780
0780
0300
0300
0300
0300
0300
0300
0300
0300
0300
0300
0300
0300
0300
0300
ENDCHAR
STARTCHAR GBlkHigh12
ENCODING 9600
SWIDTH 467 0
DWIDTH 14 0
BBX 14 30 0 -7
BITMAP
FFFC
FFFC
FFFC
FFFC
FFFC
FFFC
FFFC
FFFC
FFFC
FFFC
FFFC
FFFC
FFFC
FFFC
FFFC
FFFC
0000
0000
0000
0000
0000
0000
0000
0000
0000
0000
0000
0000
0000
0000
ENDCHAR
STARTCHAR GBlkLow18
ENCODING 9601
SWIDTH 467 0
DWIDTH 14 0
BBX 14 30 0 -7
BITMAP
0000
0000
0000
0000
0000
0000
0000
0000
0000
0000
0000
0000
0000
0000
0000
0000
0000
0000
0000
0000
0000
0000
0000
0000
0000
0000
FFFC
FFFC
FFFC
FFFC
ENDCHAR
STARTCHAR GBlkLow14
ENCODING 9602
SWIDTH 467 0
DWIDTH 14 0
BBX 14 30 0 -7
BITMAP
0000
0000
0000
0000
0000
0000
0000
0000
0000
0000
0000
0000
0000
0000
0000
0000
0000
0000
0000
0000
0000
0000
0000
FFFC
FFFC
FFFC
FFFC
FFFC
FFFC
FFFC
ENDCHAR
STARTCHAR GBlkLow38
ENCODING 9603
SWIDTH 467 0
DWIDTH 14 0
BBX 14 30 0 -7
BITMAP
0000
0000
0000
0000
0000
0000
0000
0000
0000
0000
0000
0000
0000
0000
0000
0000
0000
0000
0000
FFFC
FFFC
FFFC
FFFC
FFFC
FFFC
FFFC
FFFC
FFFC
FFFC
FFFC
ENDCHAR
STARTCHAR GBlkLow12
ENCODING 9604
SWIDTH 467 0
DWIDTH 14 0
BBX 14 30 0 -7
BITMAP
0000
0000
0000
0000
0000
0000
0000
0000
0000
0000
0000
0000
0000
0000
0000
0000
FFFC
FFFC
FFFC
FFFC
FFFC
FFFC
FFFC
FFFC
FFFC
FFFC
FFFC
FFFC
FFFC
FFFC
ENDCHAR
STARTCHAR GBlkLow58
ENCODING 9605
SWIDTH 467 0
DWIDTH 14 0
BBX 14 30 0 -7
BITMAP
0000
0000
0000
0000
0000
0000
0000
0000
0000
0000
0000
0000
FFFC
FFFC
FFFC
FFFC
FFFC
FFFC
FFFC
FFFC
FFFC
FFFC
FFFC
FFFC
FFFC
FFFC
FFFC
FFFC
FFFC
FFFC
ENDCHAR
STARTCHAR GBlkLow34
ENCODING 9606
SWIDTH 467 0
DWIDTH 14 0
BBX 14 30 0 -7
BITMAP
0000
0000
0000
0000
0000
0000
0000
0000
FFFC
FFFC
FFFC
FFFC
FFFC
FFFC
FFFC
FFFC
FFFC
FFFC
FFFC
FFFC
FFFC
FFFC
FFFC
FFFC
FFFC
FFFC
FFFC
FFFC
FFFC
FFFC
ENDCHAR
STARTCHAR GBlkLow78
ENCODING 9607
SWIDTH 467 0
DWIDTH 14 0
BBX 14 30 0 -7
BITMAP
0000
0000
0000
0000
FFFC
FFFC
FFFC
FFFC
FFFC
FFFC
FFFC
FFFC
FFFC
FFFC
FFFC
FFFC
FFFC
FFFC
FFFC
FFFC
FFFC
FFFC
FFFC
FFFC
FFFC
FFFC
FFFC
FFFC
FFFC
FFFC
ENDCHAR
STARTCHAR GBlk
ENCODING 9608
SWIDTH 467 0
DWIDTH 14 0
BBX 14 30 0 -7
BITMAP
FFFC
FFFC
FFFC
FFFC
FFFC
FFFC
FFFC
FFFC
FFFC
FFFC
FFFC
FFFC
FFFC
FFFC
FFFC
FFFC
FFFC
FFFC
FFFC
FFFC
FFFC
FFFC
FFFC
FFFC
FFFC
FFFC
FFFC
FFFC
FFFC
FFFC
ENDCHAR
STARTCHAR GBlkLeft78
ENCODING 9609
SWIDTH 467 0
DWIDTH 14 0
BBX 14 30 0 -7
BITMAP
FFF0
FFF0
FFF0
FFF0
FFF0
FFF0
FFF0
FFF0
FFF0
FFF0
FFF0
FFF0
FFF0
FFF0
FFF0
FFF0
FFF0
FFF0
FFF0
FFF0
FFF0
FFF0
FFF0
FFF0
FFF0
FFF0
FFF0
FFF0
FFF0
FFF0
ENDCHAR
STARTCHAR GBlkLeft34
ENCODING 9610
SWIDTH 467 0
DWIDTH 14 0
BBX 14 30 0 -7
BITMAP
FFE0
FFE0
FFE0
FFE0
FFE0
FFE0
FFE0
FFE0
FFE0
FFE0
FFE0
FFE0
FFE0
FFE0
FFE0
FFE0
FFE0
FFE0
FFE0
FFE0
FFE0
FFE0
FFE0
FFE0
FFE0
FFE0
FFE0
FFE0
FFE0
FFE0
ENDCHAR
STARTCHAR GBlkLeft58
ENCODING 9611
SWIDTH 467 0
DWIDTH 14 0
BBX 14 30 0 -7
BITMAP
FF80
FF80
FF80
FF80
FF80
FF80
FF80
FF80
FF80
FF80
FF80
FF80
FF80
FF80
FF80
FF80
FF80
FF80
FF80
FF80
FF80
FF80
FF80
FF80
FF80
FF80
FF80
FF80
FF80
FF80
ENDCHAR
STARTCHAR GBlkLeft12
ENCODING 9612
SWIDTH 467 0
DWIDTH 14 0
BBX 14 30 0 -7
BITMAP
FE00
FE00
FE00
FE00
FE00
FE00
FE00
FE00
FE00
FE00
FE00
FE00
FE00
FE00
FE00
FE00
FE00
FE00
FE00
FE00
FE00
FE00
FE00
FE00
FE00
FE00
FE00
FE00
FE00
FE00
ENDCHAR
STARTCHAR GBlkLeft38
ENCODING 9613
SWIDTH 467 0
DWIDTH 14 0
BBX 14 30 0 -7
BITMAP
F800
F800
F800
F800
F800
F800
F800
F800
F800
F800
F800
F800
F800
F800
F800
F800
F800
F800
F800
F800
F800
F800
F800
F800
F800
F800
F800
F800
F800
F800
ENDCHAR
STARTCHAR GBlkLeft14
ENCODING 9614
SWIDTH 467 0
DWIDTH 14 0
BBX 14 30 0 -7
BITMAP
E000
E000
E000
E000
E000
E000
E000
E000
E000
E000
E000
E000
E000
E000
E000
E000
E000
E000
E000
E000
E000
E000
E000
E000
E000
E000
E000
E000
E000
E000
ENDCHAR
STARTCHAR GBlkLeft18
ENCODING 9615
SWIDTH 467 0
DWIDTH 14 0
BBX 14 30 0 -7
BITMAP
C000
C000
C000
C000
C000
C000
C000
C000
C000
C000
C000
C000
C000
C000
C000
C000
C000
C000
C000
C000
C000
C000
C000
C000
C000
C000
C000
C000
C000
C000
ENDCHAR
STARTCHAR GBlkRight12
ENCODING 9616
SWIDTH 467 0
DWIDTH 14 0
BBX 14 30 0 -7
BITMAP
01FC
01FC
01FC
01FC
01FC
01FC
01FC
01FC
01FC
01FC
01FC
01FC
01FC
01FC
01FC
01FC
01FC
01FC
01FC
01FC
01FC
01FC
01FC
01FC
01FC
01FC
01FC
01FC
01FC
01FC
ENDCHAR
STARTCHAR GGreyLight
ENCODING 9617
SWIDTH 467 0
DWIDTH 14 0
BBX 14 30 0 -7
BITMAP
2220
8888
4444
1110
2220
8888
4444
1110
2220
8888
4444
1110
2220
8888
4444
1110
2220
8888
4444
1110
2220
8888
4444
1110
2220
8888
4444
1110
2220
8888
ENDCHAR
STARTCHAR GGrey
ENCODING 9618
SWIDTH 467 0
DWIDTH 14 0
BBX 14 30 0 -7
BITMAP
5554
AAA8
5554
AAA8
5554
AAA8
5554
AAA8
5554
AAA8
5554
AAA8
5554
AAA8
5554
AAA8
5554
AAA8
5554
AAA8
5554
AAA8
5554
AAA8
5554
AAA8
5554
AAA8
5554
AAA8
ENDCHAR
STARTCHAR GGreyDark
ENCODING 9619
SWIDTH 467 0
DWIDTH 14 0
BBX 14 30 0 -7
BITMAP
DDDC
7774
BBB8
EEEC
DDDC
7774
BBB8
EEEC
DDDC
7774
BBB8
EEEC
DDDC
7774
BBB8
EEEC
DDDC
7774
BBB8
EEEC
DDDC
7774
BBB8
EEEC
DDDC
7774
BBB8
EEEC
DDDC
7774
ENDCHAR
STARTCHAR GBlkHigh18
ENCODING 9620
SWIDTH 467 0
DWIDTH 14 0
BBX 14 30 0 -7
BITMAP
FFFC
FFFC
FFFC
FFFC
0000
0000
0000
0000
0000
0000
0000
0000
0000
0000
0000
0000
0000
0000
0000
0000
0000
0000
0000
0000
0000
0000
0000
0000
0000
0000
ENDCHAR
STARTCHAR GBlkRight18
ENCODING 9621
SWIDTH 467 0
DWIDTH 14 0
BBX 14 30 0 -7
BITMAP
000C
000C
000C
000C
000C
000C
000C
000C
000C
000C
000C
000C
000C
000C
000C
000C
000C
000C
000C
000C
000C
000C
000C
000C
000C
000C
000C
000C
000C
000C
ENDCHAR
STARTCHAR GBlkQ3
ENCODING 9622
SWIDTH 467 0
DWIDTH 14 0
BBX 14 30 0 -7
BITMAP
0000
0000
0000
0000
0000
0000
0000
0000
0000
0000
0000
0000
0000
0000
0000
0000
FE00
FE00
FE00
FE00
FE00
FE00
FE00
FE00
FE00
FE00
FE00
FE00
FE00
FE00
ENDCHAR
STARTCHAR GBlkQ4
ENCODING 9623
SWIDTH 467 0
DWIDTH 14 0
BBX 14 30 0 -7
BITMAP
0000
0000
0000
0000
0000
0000
0000
0000
0000
0000
0000
0000
0000
0000
0000
0000
01FC
01FC
01FC
01FC
01FC
01FC
01FC
01FC
01FC
01FC
01FC
01FC
01FC
01FC
ENDCHAR
STARTCHAR GBlkQ1
ENCODING 9624
SWIDTH 467 0
DWIDTH 14 0
BBX 14 30 0 -7
BITMAP
FE00
FE00
FE00
FE00
FE00
FE00
FE00
FE00
FE00
FE00
FE00
FE00
FE00
FE00
FE00
FE00
0000
0000
0000
0000
0000
0000
0000
0000
0000
0000
0000
0000
0000
0000
ENDCHAR
STARTCHAR GBlkQ134
ENCODING 9625
SWIDTH 467 0
DWIDTH 14 0
BBX 14 30 0 -7
BITMAP
FE00
FE00
FE00
FE00
FE00
FE00
FE00
FE00
FE00
FE00
FE00
FE00
FE00
FE00
FE00
FE00
FFFC
FFFC
FFFC
FFFC
FFFC
FFFC
FFFC
FFFC
FFFC
FFFC
FFFC
FFFC
FFFC
FFFC
ENDCHAR
STARTCHAR GBlkQ14
ENCODING 9626
SWIDTH 467 0
DWIDTH 14 0
BBX 14 30 0 -7
BITMAP
FE00
FE00
FE00
FE00
FE00
FE00
FE00
FE00
FE00
FE00
FE00
FE00
FE00
FE00
FE00
FE00
01FC
01FC
01FC
01FC
01FC
01FC
01FC
01FC
01FC
01FC
01FC
01FC
01FC
01FC
ENDCHAR
STARTCHAR GBlkQ123
ENCODING 9627
SWIDTH 467 0
DWIDTH 14 0
BBX 14 30 0 -7
BITMAP
FFFC
FFFC
FFFC
FFFC
FFFC
FFFC
FFFC
FFFC
FFFC
FFFC
FFFC
FFFC
FFFC
FFFC
FFFC
FFFC
FE00
FE00
FE00
FE00
FE00
FE00
FE00
FE00
FE00
FE00
FE00
FE00
FE00
FE00
ENDCHAR
STARTCHAR GBlkQ124
ENCODING 9628
SWIDTH 467 0
DWIDTH 14 0
BBX 14 30 0 -7
BITMAP
FFFC
FFFC
FFFC
FFFC
FFFC
FFFC
FFFC
FFFC
FFFC
FFFC
FFFC
FFFC
FFFC
FFFC
FFFC
FFFC
01FC
01FC
01FC
01FC
01FC
01FC
01FC
01FC
01FC
01FC
01FC
01FC
01FC
01FC
ENDCHAR
STARTCHAR GBlkQ2
ENCODING 9629
SWIDTH 467 0
DWIDTH 14 0
BBX 14 30 0 -7
BITMAP
01FC
01FC
01FC
01FC
01FC
01FC
01FC
01FC
01FC
01FC
01FC
01FC
01FC
01FC
01FC
01FC
0000
0000
0000
0000
0000
0000
0000
0000
0000
0000
0000
0000
0000
0000
ENDCHAR
STARTCHAR GBlkQ23
ENCODING 9630
SWIDTH 467 0
DWIDTH 14 0
BBX 14 30 0 -7
BITMAP
01FC
01FC
01FC
01FC
01FC
01FC
01FC
01FC
01FC
01FC
01FC
01FC
01FC
01FC
01FC
01FC
FE00
FE00
FE00
FE00
FE00
FE00
FE00
FE00
FE00
FE00
FE00
FE00
FE00
FE00
ENDCHAR
STARTCHAR GBlkQ234
ENCODING 9631
SWIDTH 467 0
DWIDTH 14 0
BBX 14 30 0 -7
BITMAP
01FC
01FC
01FC
01FC
01FC
01FC
01FC
01FC
01FC
01FC
01FC
01FC
01FC
01FC
01FC
01FC
FFFC
FFFC
FFFC
FFFC
FFFC
FFFC
FFFC
FFFC
FFFC
FFFC
FFFC
FFFC
FFFC
FFFC
ENDCHAR
STARTCHAR DSquareB
ENCODING 9632
SWIDTH 467 0
DWIDTH 14 0
BBX 14 30 0 -7
BITMAP
0000
0000
0000
0000
0000
0000
0000
0000
0000
0000
0000
3FF0
3FF0
3FF0
3FF0
3FF0
3FF0
3FF0
3FF0
3FF0
3FF0
0000
0000
0000
0000
0000
0000
0000
0000
0000
ENDCHAR
STARTCHAR DSquareW
ENCODING 9633
SWIDTH 467 0
DWIDTH 14 0
BBX 14 30 0 -7
BITMAP
0000
0000
0000
0000
0000
0000
0000
0000
0000
0000
0000
3FF0
3FF0
3030
3030
3030
3030
3030
3030
3FF0
3FF0
0000
0000
0000
0000
0000
0000
0000
0000
0000
ENDCHAR
STARTCHAR DSquareRoundedW
ENCODING 9634
SWIDTH 467 0
DWIDTH 14 0
BBX 14 30 0 -7
BITMAP
0000
0000
0000
0000
0000
0000
0000
0000
0000
0000
0000
1FE0
3FF0
3030
3030
3030
3030
3030
3030
3FF0
1FE0
0000
0000
0000
0000
0000
0000
0000
0000
0000
ENDCHAR
STARTCHAR DSquareSmlB
ENCODING 9642
SWIDTH 467 0
DWIDTH 14 0
BBX 14 30 0 -7
BITMAP
0000
0000
0000
0000
0000
0000
0000
0000
0000
0000
0000
0000
1FE0
1FE0
1FE0
1FE0
1FE0
1FE0
1FE0
1FE0
0000
0000
0000
0000
0000
0000
0000
0000
0000
0000
ENDCHAR
STARTCHAR DSquareSmlW
ENCODING 9643
SWIDTH 467 0
DWIDTH 14 0
BBX 14 30 0 -7
BITMAP
0000
0000
0000
0000
0000
0000
0000
0000
0000
0000
0000
0000
1FE0
1FE0
1860
1860
1860
1860
1FE0
1FE0
0000
0000
0000
0000
0000
0000
0000
0000
0000
0000
ENDCHAR
STARTCHAR DRectangleB
ENCODING 9644
SWIDTH 467 0
DWIDTH 14 0
BBX 14 30 0 -7
BITMAP
0000
0000
0000
0000
0000
0000
0000
0000
0000
0000
0000
0000
7FF8
7FF8
7FF8
7FF8
7FF8
7FF8
7FF8
7FF8
0000
0000
0000
0000
0000
0000
0000
0000
0000
0000
ENDCHAR
STARTCHAR DRectangleW
ENCODING 9645
SWIDTH 467 0
DWIDTH 14 0
BBX 14 30 0 -7
BITMAP
0000
0000
0000
0000
0000
0000
0000
0000
0000
0000
0000
0000
7FF8
7FF8
6018
6018
6018
6018
7FF8
7FF8
0000
0000
0000
0000
0000
0000
0000
0000
0000
0000
ENDCHAR
STARTCHAR DRectangleVertB
ENCODING 9646
SWIDTH 467 0
DWIDTH 14 0
BBX 14 30 0 -7
BITMAP
0000
0000
0000
0000
0000
0000
0000
0000
0000
0000
1FE0
1FE0
1FE0
1FE0
1FE0
1FE0
1FE0
1FE0
1FE0
1FE0
1FE0
1FE0
0000
0000
0000
0000
0000
0000
0000
0000
ENDCHAR
STARTCHAR DRectangleVertW
ENCODING 9647
SWIDTH 467 0
DWIDTH 14 0
BBX 14 30 0 -7
BITMAP
0000
0000
0000
0000
0000
0000
0000
0000
0000
0000
1FE0
1FE0
1860
1860
1860
1860
1860
1860
1860
1860
1FE0
1FE0
0000
0000
0000
0000
0000
0000
0000
0000
ENDCHAR
STARTCHAR DTriangleUpB
ENCODING 9650
SWIDTH 467 0
DWIDTH 14 0
BBX 14 30 0 -7
BITMAP
0000
0000
0000
0000
0000
0000
0000
0000
0000
0000
0300
0300
0780
0780
0FC0
0FC0
1FE0
1FE0
3FF0
3FF0
7FF8
0000
0000
0000
0000
0000
0000
0000
0000
0000
ENDCHAR
STARTCHAR DTriangleUpW
ENCODING 9651
SWIDTH 467 0
DWIDTH 14 0
BBX 14 30 0 -7
BITMAP
0000
0000
0000
0000
0000
0000
0000
0000
0000
0000
0300
0300
0780
0780
0CC0
0CC0
1860
1860
3030
3FF0
7FF8
0000
0000
0000
0000
0000
0000
0000
0000
0000
ENDCHAR
STARTCHAR DTriangleSmlUpB
ENCODING 9652
SWIDTH 467 0
DWIDTH 14 0
BBX 14 30 0 -7
BITMAP
0000
0000
0000
0000
0000
0000
0000
0000
0000
0000
0000
0000
0300
0300
0780
0780
0FC0
0FC0
1FE0
0000
0000
0000
0000
0000
0000
0000
0000
0000
0000
0000
ENDCHAR
STARTCHAR DTriangleSmlUpW
ENCODING 9653
SWIDTH 467 0
DWIDTH 14 0
BBX 14 30 0 -7
BITMAP
0000
0000
0000
0000
0000
0000
0000
0000
0000
0000
0000
0000
0300
0300
0780
0480
0CC0
0FC0
1FE0
0000
0000
0000
0000
0000
0000
0000
0000
0000
0000
0000
ENDCHAR
STARTCHAR DTriangleRightB
ENCODING 9654
SWIDTH 467 0
DWIDTH 14 0
BBX 14 30 0 -7
BITMAP
0000
0000
0000
0000
0000
0000
0000
0000
0000
0000
4000
7000
7C00
7F00
7FC0
7FF0
7FF0
7FC0
7F00
7C00
7000
4000
0000
0000
0000
0000
0000
0000
0000
0000
ENDCHAR
STARTCHAR DTriangleRightW
ENCODING 9655
SWIDTH 467 0
DWIDTH 14 0
BBX 14 30 0 -7
BITMAP
0000
0000
0000
0000
0000
0000
0000
0000
0000
0000
4000
7000
7C00
6F00
63C0
60F0
60F0
63C0
6F00
7C00
7000
4000
0000
0000
0000
0000
0000
0000
0000
0000
ENDCHAR
STARTCHAR DTriangleSmlRightB
ENCODING 9656
SWIDTH 467 0
DWIDTH 14 0
BBX 14 30 0 -7
BITMAP
0000
0000
0000
0000
0000
0000
0000
0000
0000
0000
0000
0000
1000
1C00
1F00
1FC0
1FC0
1F00
1C00
1000
0000
0000
0000
0000
0000
0000
0000
0000
0000
0000
ENDCHAR
STARTCHAR DTriangleSmlRightW
ENCODING 9657
SWIDTH 467 0
DWIDTH 14 0
BBX 14 30 0 -7
BITMAP
0000
0000
0000
0000
0000
0000
0000
0000
0000
0000
0000
0000
1000
1C00
1F00
19C0
19C0
1F00
1C00
1000
0000
0000
0000
0000
0000
0000
0000
0000
0000
0000
ENDCHAR
STARTCHAR DPointerRightB
ENCODING 9658
SWIDTH 467 0
DWIDTH 14 0
BBX 14 30 0 -7
BITMAP
0000
0000
0000
0000
0000
0000
0000
0000
0000
0000
0000
7000
7C00
7F80
7FE0
7FF8
7FE0
7F80
7C00
7000
0000
0000
0000
0000
0000
0000
0000
0000
0000
0000
ENDCHAR
STARTCHAR DPointerRightW
ENCODING 9659
SWIDTH 467 0
DWIDTH 14 0
BBX 14 30 0 -7
BITMAP
0000
0000
0000
0000
0000
0000
0000
0000
0000
0000
0000
7000
7C00
6780
61E0
6078
61E0
6780
7C00
7000
0000
0000
0000
0000
0000
0000
0000
0000
0000
0000
ENDCHAR
STARTCHAR DTriangleDownB
ENCODING 9660
SWIDTH 467 0
DWIDTH 14 0
BBX 14 30 0 -7
BITMAP
0000
0000
0000
0000
0000
0000
0000
0000
0000
0000
7FF8
3FF0
3FF0
1FE0
1FE0
0FC0
0FC0
0780
0780
0300
0300
0000
0000
0000
0000
0000
0000
0000
0000
0000
ENDCHAR
STARTCHAR DTriangleDownW
ENCODING 9661
SWIDTH 467 0
DWIDTH 14 0
BBX 14 30 0 -7
BITMAP
0000
0000
0000
0000
0000
0000
0000
0000
0000
0000
7FF8
3FF0
3030
1860
1860
0CC0
0CC0
0780
0780
0300
0300
0000
0000
0000
0000
0000
0000
0000
0000
0000
ENDCHAR
STARTCHAR DTriangleSmlDownB
ENCODING 9662
SWIDTH 467 0
DWIDTH 14 0
BBX 14 30 0 -7
BITMAP
0000
0000
0000
0000
0000
0000
0000
0000
0000
0000
0000
0000
1FE0
0FC0
0FC0
0780
0780
0300
0300
0000
0000
0000
0000
0000
0000
0000
0000
0000
0000
0000
ENDCHAR
STARTCHAR DTriangleSmlDownW
ENCODING 9663
SWIDTH 467 0
DWIDTH 14 0
BBX 14 30 0 -7
BITMAP
0000
0000
0000
0000
0000
0000
0000
0000
0000
0000
0000
0000
1FE0
0FC0
0CC0
0480
0780
0300
0300
0000
0000
0000
0000
0000
0000
0000
0000
0000
0000
0000
ENDCHAR
STARTCHAR DTriangleLeftB
ENCODING 9664
SWIDTH 467 0
DWIDTH 14 0
BBX 14 30 0 -7
BITMAP
0000
0000
0000
0000
0000
0000
0000
0000
0000
0000
0010
0070
01F0
07F0
1FF0
7FF0
7FF0
1FF0
07F0
01F0
0070
0010
0000
0000
0000
0000
0000
0000
0000
0000
ENDCHAR
STARTCHAR DTriangleLeftW
ENCODING 9665
SWIDTH 467 0
DWIDTH 14 0
BBX 14 30 0 -7
BITMAP
0000
0000
0000
0000
0000
0000
0000
0000
0000
0000
0010
0070
01F0
07B0
1E30
7830
7830
1E30
07B0
01F0
0070
0010
0000
0000
0000
0000
0000
0000
0000
0000
ENDCHAR
STARTCHAR DTriangleSmlLeftB
ENCODING 9666
SWIDTH 467 0
DWIDTH 14 0
BBX 14 30 0 -7
BITMAP
0000
0000
0000
0000
0000
0000
0000
0000
0000
0000
0000
0000
0040
01C0
07C0
1FC0
1FC0
07C0
01C0
0040
0000
0000
0000
0000
0000
0000
0000
0000
0000
0000
ENDCHAR
STARTCHAR DTriangleSmlLeftW
ENCODING 9667
SWIDTH 467 0
DWIDTH 14 0
BBX 14 30 0 -7
BITMAP
0000
0000
0000
0000
0000
0000
0000
0000
0000
0000
0000
0000
0040
01C0
07C0
1CC0
1CC0
07C0
01C0
0040
0000
0000
0000
0000
0000
0000
0000
0000
0000
0000
ENDCHAR
STARTCHAR DPointerLeftB
ENCODING 9668
SWIDTH 467 0
DWIDTH 14 0
BBX 14 30 0 -7
BITMAP
0000
0000
0000
0000
0000
0000
0000
0000
0000
0000
0000
0038
00F8
07F8
1FF8
7FF8
1FF8
07F8
00F8
0038
0000
0000
0000
0000
0000
0000
0000
0000
0000
0000
ENDCHAR
STARTCHAR DPointerLeftW
ENCODING 9669
SWIDTH 467 0
DWIDTH 14 0
BBX 14 30 0 -7
BITMAP
0000
0000
0000
0000
0000
0000
0000
0000
0000
0000
0000
0038
00F8
0798
1E18
7818
1E18
0798
00F8
0038
0000
0000
0000
0000
0000
0000
0000
0000
0000
0000
ENDCHAR
STARTCHAR DDiamondB
ENCODING 9670
SWIDTH 467 0
DWIDTH 14 0
BBX 14 30 0 -7
BITMAP
0000
0000
0000
0000
0000
0000
0000
0000
0000
0000
0300
0780
0FC0
1FE0
3FF0
7FF8
7FF8
3FF0
1FE0
0FC0
0780
0300
0000
0000
0000
0000
0000
0000
0000
0000
ENDCHAR
STARTCHAR DDiamondW
ENCODING 9671
SWIDTH 467 0
DWIDTH 14 0
BBX 14 30 0 -7
BITMAP
0000
0000
0000
0000
0000
0000
0000
0000
0000
0000
0300
0780
0CC0
1860
3030
6018
6018
3030
1860
0CC0
0780
0300
0000
0000
0000
0000
0000
0000
0000
0000
ENDCHAR
STARTCHAR DLozengeW
ENCODING 9674
SWIDTH 467 0
DWIDTH 14 0
BBX 14 30 0 -7
BITMAP
0000
0000
0000
0000
0300
0300
0780
0780
0CC0
0CC0
1860
1860
3030
3030
6018
6018
6018
3030
3030
1860
1860
0CC0
0CC0
0780
0780
0300
0300
0000
0000
0000
ENDCHAR
STARTCHAR DCircleW
ENCODING 9675
SWIDTH 467 0
DWIDTH 14 0
BBX 14 30 0 -7
BITMAP
0000
0000
0000
0000
0000
0000
0000
0000
0000
0000
0000
0780
1FE0
1860
3030
3030
3030
3030
1860
1FE0
0780
0000
0000
0000
0000
0000
0000
0000
0000
0000
ENDCHAR
STARTCHAR DCircleDotted
ENCODING 9676
SWIDTH 467 0
DWIDTH 14 0
BBX 14 30 0 -7
BITMAP
0000
0000
0000
0000
0000
0000
0000
0000
0000
0000
0000
0300
1B60
1860
0000
3030
3030
0000
1860
1B60
0300
0000
0000
0000
0000
0000
0000
0000
0000
0000
ENDCHAR
STARTCHAR DCircleB
ENCODING 9679
SWIDTH 467 0
DWIDTH 14 0
BBX 14 30 0 -7
BITMAP
0000
0000
0000
0000
0000
0000
0000
0000
0000
0000
0000
0780
1FE0
1FE0
3FF0
3FF0
3FF0
3FF0
1FE0
1FE0
0780
0000
0000
0000
0000
0000
0000
0000
0000
0000
ENDCHAR
STARTCHAR DBulletBInv
ENCODING 9688
SWIDTH 467 0
DWIDTH 14 0
BBX 14 30 0 -7
BITMAP
FFFC
FFFC
FFFC
FFFC
FFFC
FFFC
FFFC
FFFC
FFFC
FFFC
FFFC
FFFC
F87C
F03C
E01C
E01C
E01C
E01C
F03C
F87C
FFFC
FFFC
FFFC
FFFC
FFFC
FFFC
FFFC
FFFC
FFFC
FFFC
ENDCHAR
STARTCHAR DCircleWInv
ENCODING 9689
SWIDTH 467 0
DWIDTH 14 0
BBX 14 30 0 -7
BITMAP
FFFC
FFFC
FFFC
FFFC
FFFC
FFFC
FFFC
FFFC
FFFC
FFFC
FFFC
F87C
E01C
E79C
CFCC
CFCC
CFCC
CFCC
E79C
E01C
F87C
FFFC
FFFC
FFFC
FFFC
FFFC
FFFC
FFFC
FFFC
FFFC
ENDCHAR
STARTCHAR DRatriangleDRB
ENCODING 9698
SWIDTH 467 0
DWIDTH 14 0
BBX 14 30 0 -7
BITMAP
0000
0000
0000
0000
0000
0000
0000
0000
0000
0000
0008
0018
0038
0078
00F8
01F8
03F8
07F8
0FF8
1FF8
3FF8
7FF8
0000
0000
0000
0000
0000
0000
0000
0000
ENDCHAR
STARTCHAR DRatriangleDLB
ENCODING 9699
SWIDTH 467 0
DWIDTH 14 0
BBX 14 30 0 -7
BITMAP
0000
0000
0000
0000
0000
0000
0000
0000
0000
0000
4000
6000
7000
7800
7C00
7E00
7F00
7F80
7FC0
7FE0
7FF0
7FF8
0000
0000
0000
0000
0000
0000
0000
0000
ENDCHAR
STARTCHAR DRatriangleULB
ENCODING 9700
SWIDTH 467 0
DWIDTH 14 0
BBX 14 30 0 -7
BITMAP
0000
0000
0000
0000
0000
0000
0000
0000
0000
0000
7FF8
7FF0
7FE0
7FC0
7F80
7F00
7E00
7C00
7800
7000
6000
4000
0000
0000
0000
0000
0000
0000
0000
0000
ENDCHAR
STARTCHAR DRatriangleURB
ENCODING 9701
SWIDTH 467 0
DWIDTH 14 0
BBX 14 30 0 -7
BITMAP
0000
0000
0000
0000
0000
0000
0000
0000
0000
0000
7FF8
3FF8
1FF8
0FF8
07F8
03F8
01F8
00F8
0078
0038
0018
0008
0000
0000
0000
0000
0000
0000
0000
0000
ENDCHAR
STARTCHAR DBulletW
ENCODING 9702
SWIDTH 467 0
DWIDTH 14 0
BBX 14 30 0 -7
BITMAP
0000
0000
0000
0000
0000
0000
0000
0000
0000
0000
0000
0000
0780
0FC0
1860
1860
1860
1860
0FC0
0780
0000
0000
0000
0000
0000
0000
0000
0000
0000
0000
ENDCHAR
STARTCHAR DCircleLargeW
ENCODING 9711
SWIDTH 467 0
DWIDTH 14 0
BBX 14 30 0 -7
BITMAP
0000
0000
0000
0000
0000
0000
0000
0000
0000
0000
0780
1FE0
3870
3030
6018
6018
6018
6018
3030
3870
1FE0
0780
0000
0000
0000
0000
0000
0000
0000
0000
ENDCHAR
STARTCHAR DRatriangleULW
ENCODING 9720
SWIDTH 467 0
DWIDTH 14 0
BBX 14 30 0 -7
BITMAP
0000
0000
0000
0000
0000
0000
0000
0000
0000
0000
7FF8
7FF8
6070
60E0
61C0
6380
6700
6E00
7C00
7800
7000
6000
0000
0000
0000
0000
0000
0000
0000
0000
ENDCHAR
STARTCHAR DRatriangleURW
ENCODING 9721
SWIDTH 467 0
DWIDTH 14 0
BBX 14 30 0 -7
BITMAP
0000
0000
0000
0000
0000
0000
0000
0000
0000
0000
7FF8
7FF8
3818
1C18
0E18
0718
0398
01D8
00F8
0078
0038
0018
0000
0000
0000
0000
0000
0000
0000
0000
ENDCHAR
STARTCHAR DRatriangleDLW
ENCODING 9722
SWIDTH 467 0
DWIDTH 14 0
BBX 14 30 0 -7
BITMAP
0000
0000
0000
0000
0000
0000
0000
0000
0000
0000
6000
7000
7800
7C00
6E00
6700
6380
61C0
60E0
6070
7FF8
7FF8
0000
0000
0000
0000
0000
0000
0000
0000
ENDCHAR
STARTCHAR DRatriangleDRW
ENCODING 9727
SWIDTH 467 0
DWIDTH 14 0
BBX 14 30 0 -7
BITMAP
0000
0000
0000
0000
0000
0000
0000
0000
0000
0000
0018
0038
0078
00F8
01D8
0398
0718
0E18
1C18
3818
7FF8
7FF8
0000
0000
0000
0000
0000
0000
0000
0000
ENDCHAR
STARTCHAR DSunRaysB
ENCODING 9728
SWIDTH 467 0
DWIDTH 14 0
BBX 14 30 0 -7
BITMAP
0000
0000
0000
0000
0000
0000
0000
0300
0300
6318
7338
3030
0780
0FC0
EFDC
EFDC
0FC0
0780
3030
7338
6318
0300
0300
0000
0000
0000
0000
0000
0000
0000
ENDCHAR
STARTCHAR DCloud
ENCODING 9729
SWIDTH 467 0
DWIDTH 14 0
BBX 14 30 0 -7
BITMAP
0000
0000
0000
0000
0000
0000
0000
0000
0000
0000
03C0
07F0
0C38
0C18
180C
700C
C00C
C00C
FFF8
7FF0
0000
0000
0000
0000
0000
0000
0000
0000
0000
0000
ENDCHAR
STARTCHAR DUmbrella
ENCODING 9730
SWIDTH 467 0
DWIDTH 14 0
BBX 14 30 0 -7
BITMAP
0000
0000
0000
0000
0000
0000
0000
0FC0
3FF0
7FF8
DB6C
DB6C
0300
0300
0300
0300
0300
0300
0300
0300
0330
03F0
01E0
0000
0000
0000
0000
0000
0000
0000
ENDCHAR
STARTCHAR DSnowman
ENCODING 9731
SWIDTH 467 0
DWIDTH 14 0
BBX 14 30 0 -7
BITMAP
0000
0000
0000
0000
0000
0FC0
1FE0
3030
34B0
34B0
3030
1B60
0B40
3870
3030
6318
6318
6018
6318
6318
3030
3FF0
0FC0
0000
0000
0000
0000
0000
0000
0000
ENDCHAR
STARTCHAR DThunderstorm
ENCODING 9736
SWIDTH 467 0
DWIDTH 14 0
BBX 14 30 0 -7
BITMAP
0000
0000
0000
0000
0000
0000
0000
0000
7FF8
7FF8
6070
60E0
61C0
6380
6700
6E00
6700
6398
61D8
60F8
6078
61F8
61F8
0000
0000
0000
0000
0000
0000
0000
ENDCHAR
STARTCHAR DTelephoneB
ENCODING 9742
SWIDTH 467 0
DWIDTH 14 0
BBX 14 30 0 -7
BITMAP
0000
0000
0000
0000
0000
0000
0000
0000
0000
1FE0
3FF0
7038
6798
6FD8
0FC0
1FE0
3CF0
3870
3870
3CF0
3FF0
3FF0
3FF0
0000
0000
0000
0000
0000
0000
0000
ENDCHAR
STARTCHAR DTelephoneW
ENCODING 9743
SWIDTH 467 0
DWIDTH 14 0
BBX 14 30 0 -7
BITMAP
0000
0000
0000
0000
0000
0000
0000
0000
0000
1FE0
3FF0
7038
6798
6FD8
0840
1020
3330
2790
2790
2310
2010
3FF0
3FF0
0000
0000
0000
0000
0000
0000
0000
ENDCHAR
STARTCHAR DBallot
ENCODING 9744
SWIDTH 467 0
DWIDTH 14 0
BBX 14 30 0 -7
BITMAP
0000
0000
0000
0000
0000
0000
0000
0000
0000
FFFC
FFFC
C00C
C00C
C00C
C00C
C00C
C00C
C00C
C00C
C00C
C00C
FFFC
FFFC
0000
0000
0000
0000
0000
0000
0000
ENDCHAR
STARTCHAR DBallotChecked
ENCODING 9745
SWIDTH 467 0
DWIDTH 14 0
BBX 14 30 0 -7
BITMAP
0000
0000
0000
0000
0000
0000
0000
0000
0000
FFFC
FFFC
C00C
C00C
C02C
D06C
D8EC
DDCC
CF8C
C70C
C20C
C00C
FFFC
FFFC
0000
0000
0000
0000
0000
0000
0000
ENDCHAR
STARTCHAR DBallotXed
ENCODING 9746
SWIDTH 467 0
DWIDTH 14 0
BBX 14 30 0 -7
BITMAP
0000
0000
0000
0000
0000
0000
0000
0000
0000
FFFC
FFFC
C00C
D86C
DCEC
CFCC
C78C
C78C
CFCC
DCEC
D86C
C00C
FFFC
FFFC
0000
0000
0000
0000
0000
0000
0000
ENDCHAR
STARTCHAR DUmbrellaDrops
ENCODING 9748
SWIDTH 467 0
DWIDTH 14 0
BBX 14 30 0 -7
BITMAP
0000
0300
3330
3030
06C0
66D8
6018
0FC0
3FF0
7FF8
DB6C
DB6C
0300
0300
0300
0300
0300
0300
0300
0300
0330
03F0
01E0
0000
0000
0000
0000
0000
0000
0000
ENDCHAR
STARTCHAR DFloralHeartL
ENCODING 9753
SWIDTH 467 0
DWIDTH 14 0
BBX 14 30 0 -7
BITMAP
0000
0000
0000
0000
0000
0000
0000
0000
0000
0008
0798
0FD8
1FD0
3F90
FFF8
FFF8
3F88
1FC8
0FD8
0798
0010
0000
0000
0000
0000
0000
0000
0000
0000
0000
ENDCHAR
STARTCHAR DHandIndexL
ENCODING 9756
SWIDTH 467 0
DWIDTH 14 0
BBX 14 30 0 -7
BITMAP
0000
0000
0000
0000
0000
0000
0000
0000
0000
0000
0000
0000
3FC0
7FE0
603C
3F1C
0600
0300
0600
0300
061C
07FC
03E0
0000
0000
0000
0000
0000
0000
0000
ENDCHAR
STARTCHAR DHandIndexR
ENCODING 9758
SWIDTH 467 0
DWIDTH 14 0
BBX 14 30 0 -7
BITMAP
0000
0000
0000
0000
0000
0000
0000
0000
0000
0000
0000
0000
0FF0
1FF8
F018
E3F0
0180
0300
0180
0300
E180
FF80
1F00
0000
0000
0000
0000
0000
0000
0000
ENDCHAR
STARTCHAR DTrigramHeaven
ENCODING 9776
SWIDTH 467 0
DWIDTH 14 0
BBX 14 30 0 -7
BITMAP
0000
0000
0000
0000
0000
0000
0000
0000
7FF8
7FF8
7FF8
0000
0000
0000
7FF8
7FF8
7FF8
0000
0000
0000
7FF8
7FF8
7FF8
0000
0000
0000
0000
0000
0000
0000
ENDCHAR
STARTCHAR DFrownW
ENCODING 9785
SWIDTH 467 0
DWIDTH 14 0
BBX 14 30 0 -7
BITMAP
0000
0000
0000
0000
0000
0000
0000
0000
0000
0000
0FC0
1FE0
3030
6CD8
6CD8
6018
6798
6FD8
6858
3030
1FE0
0FC0
0000
0000
0000
0000
0000
0000
0000
0000
ENDCHAR
STARTCHAR DSmileW
ENCODING 9786
SWIDTH 467 0
DWIDTH 14 0
BBX 14 30 0 -7
BITMAP
0000
0000
0000
0000
0000
0000
0000
0000
0000
0000
0FC0
1FE0
3030
6CD8
6CD8
6018
6858
6FD8
6798
3030
1FE0
0FC0
0000
0000
0000
0000
0000
0000
0000
0000
ENDCHAR
STARTCHAR DSmileB
ENCODING 9787
SWIDTH 467 0
DWIDTH 14 0
BBX 14 30 0 -7
BITMAP
0000
0000
0000
0000
0000
0000
0000
0000
0000
0000
0FC0
1FE0
3FF0
7338
7338
7FF8
7FF8
77B8
7038
3870
1FE0
0FC0
0000
0000
0000
0000
0000
0000
0000
0000
ENDCHAR
STARTCHAR DSunRaysW
ENCODING 9788
SWIDTH 467 0
DWIDTH 14 0
BBX 14 30 0 -7
BITMAP
0000
0000
0000
0000
0000
0000
0000
0300
0300
6318
7338
3FF0
1CE0
1860
F03C
F03C
1860
1CE0
3FF0
7338
6318
0300
0300
0000
0000
0000
0000
0000
0000
0000
ENDCHAR
STARTCHAR DMoon1
ENCODING 9789
SWIDTH 467 0
DWIDTH 14 0
BBX 14 30 0 -7
BITMAP
0000
0000
0000
0000
0000
0000
7E00
7F80
31E0
1860
0C30
0C30
0618
0618
0618
0618
0618
0C30
0C30
1860
31E0
7F80
7E00
0000
0000
0000
0000
0000
0000
0000
ENDCHAR
STARTCHAR DMoonL
ENCODING 9790
SWIDTH 467 0
DWIDTH 14 0
BBX 14 30 0 -7
BITMAP
0000
0000
0000
0000
0000
0000
01F8
07F8
1E30
1860
30C0
30C0
6180
6180
6180
6180
6180
30C0
30C0
1860
1E30
07F8
01F8
0000
0000
0000
0000
0000
0000
0000
ENDCHAR
STARTCHAR DFemale
ENCODING 9792
SWIDTH 467 0
DWIDTH 14 0
BBX 14 30 0 -7
BITMAP
0000
0000
0000
0000
0000
0000
0000
0000
0780
1FE0
1860
3030
3030
3030
3030
1860
1FE0
0780
0300
0300
0300
1FE0
1FE0
0300
0300
0300
0000
0000
0000
0000
ENDCHAR
STARTCHAR DEarth
ENCODING 9793
SWIDTH 467 0
DWIDTH 14 0
BBX 14 30 0 -7
BITMAP
0000
0000
0000
0000
0000
0300
0300
0300
1FE0
1FE0
0300
0300
0300
0780
1FE0
1860
3030
3030
3030
3030
1860
1FE0
0780
0000
0000
0000
0000
0000
0000
0000
ENDCHAR
STARTCHAR DMale
ENCODING 9794
SWIDTH 467 0
DWIDTH 14 0
BBX 14 30 0 -7
BITMAP
0000
0000
0000
0000
0000
0038
00F8
03F8
07F8
0778
00D8
00D8
0198
0F80
3FC0
30C0
6060
6060
6060
6060
30C0
3FC0
0F00
0000
0000
0000
0000
0000
0000
0000
ENDCHAR
STARTCHAR SMinim
ENCODING 9807
SWIDTH 467 0
DWIDTH 14 0
BBX 14 30 0 -7
BITMAP
0000
0000
0000
0000
0000
0000
0738
0FFC
0CCC
0CCC
1998
1998
1998
1998
1998
3330
3330
3330
3330
3330
6660
6660
6660
0060
00C0
00C0
00F0
0070
0000
0000
ENDCHAR
STARTCHAR DChessKingW
ENCODING 9812
SWIDTH 467 0
DWIDTH 14 0
BBX 14 30 0 -7
BITMAP
0000
0000
0000
0000
0000
0300
0300
0300
1FE0
1FE0
0300
0300
3B70
7FF8
6318
6318
6018
3030
3FF0
1860
1860
1FE0
1FE0
0000
0000
0000
0000
0000
0000
0000
ENDCHAR
STARTCHAR DChessQueenW
ENCODING 9813
SWIDTH 467 0
DWIDTH 14 0
BBX 14 30 0 -7
BITMAP
0000
0000
0000
0000
0000
0000
9248
D258
5AD0
4A90
6AB0
2AA0
2AA0
2AA0
2AA0
3FE0
2020
2020
2020
3FE0
2020
3FE0
3FE0
0000
0000
0000
0000
0000
0000
0000
ENDCHAR
STARTCHAR DChessRookW
ENCODING 9814
SWIDTH 467 0
DWIDTH 14 0
BBX 14 30 0 -7
BITMAP
0000
0000
0000
0000
0000
0000
6FD8
6FD8
6858
7FF8
7FF8
6018
7FF8
1860
1860
1860
1860
3FF0
3030
7FF8
6018
7FF8
7FF8
0000
0000
0000
0000
0000
0000
0000
ENDCHAR
STARTCHAR DChessBishopW
ENCODING 9815
SWIDTH 467 0
DWIDTH 14 0
BBX 14 30 0 -7
BITMAP
0000
0000
0000
0000
0000
0000
0300
0300
0780
0FC0
1B60
3330
3330
3030
3030
1FE0
1860
1FE0
0300
0300
3FF0
7CF8
7878
0000
0000
0000
0000
0000
0000
0000
ENDCHAR
STARTCHAR DChessKnightW
ENCODING 9816
SWIDTH 467 0
DWIDTH 14 0
BBX 14 30 0 -7
BITMAP
0000
0000
0000
0000
0000
0000
1B00
1F80
19C0
36E0
3460
2030
6330
6718
7D18
7918
2318
0618
0C18
1FF8
1818
1FF8
1FF8
0000
0000
0000
0000
0000
0000
0000
ENDCHAR
STARTCHAR DChessPawnW
ENCODING 9817
SWIDTH 467 0
DWIDTH 14 0
BBX 14 30 0 -7
BITMAP
0000
0000
0000
0000
0000
0000
0000
0000
0780
0FC0
0CC0
0CC0
0780
0FC0
1CE0
1860
1860
0FC0
0FC0
1860
3030
3FF0
3FF0
0000
0000
0000
0000
0000
0000
0000
ENDCHAR
STARTCHAR DChessKingB
ENCODING 9818
SWIDTH 467 0
DWIDTH 14 0
BBX 14 30 0 -7
BITMAP
0000
0000
0000
0000
0000
0300
0300
0300
1FE0
1FE0
0300
0300
3330
7B78
7CF8
7CF8
7FF8
3FF0
3FF0
1020
1FE0
1FE0
1FE0
0000
0000
0000
0000
0000
0000
0000
ENDCHAR
STARTCHAR DChessQueenB
ENCODING 9819
SWIDTH 467 0
DWIDTH 14 0
BBX 14 30 0 -7
BITMAP
0000
0000
0000
0000
0000
0000
9248
D258
5AD0
4A90
6AB0
2AA0
2AA0
2AA0
2AA0
3FE0
3FE0
3FE0
3FE0
2020
3FE0
3FE0
3FE0
0000
0000
0000
0000
0000
0000
0000
ENDCHAR
STARTCHAR DChessRookB
ENCODING 9820
SWIDTH 467 0
DWIDTH 14 0
BBX 14 30 0 -7
BITMAP
0000
0000
0000
0000
0000
0000
6FD8
6FD8
6858
7FF8
7FF8
7FF8
7038
1FE0
1FE0
1FE0
1FE0
3FF0
2010
7FF8
7FF8
7FF8
7FF8
0000
0000
0000
0000
0000
0000
0000
ENDCHAR
STARTCHAR DChessBishopB
ENCODING 9821
SWIDTH 467 0
DWIDTH 14 0
BBX 14 30 0 -7
BITMAP
0000
0000
0000
0000
0000
0000
0300
0300
0780
0CC0
1CE0
3CF0
3CF0
3FF0
3FF0
1860
1FE0
1FE0
0300
0300
3FF0
7CF8
7878
0000
0000
0000
0000
0000
0000
0000
ENDCHAR
STARTCHAR DChessKnightB
ENCODING 9822
SWIDTH 467 0
DWIDTH 14 0
BBX 14 30 0 -7
BITMAP
0000
0000
0000
0000
0000
0000
1B00
1F80
1FC0
33E0
37E0
3FF0
7FF0
7FF8
5DF8
79F8
23F8
07F8
0FF8
1FF8
1008
1FF8
1FF8
0000
0000
0000
0000
0000
0000
0000
ENDCHAR
STARTCHAR DChessPawnB
ENCODING 9823
SWIDTH 467 0
DWIDTH 14 0
BBX 14 30 0 -7
BITMAP
0000
0000
0000
0000
0000
0000
0000
0000
0780
0FC0
0FC0
0FC0
0780
0CC0
1FE0
1FE0
1FE0
0FC0
0FC0
1860
3FF0
3FF0
3FF0
0000
0000
0000
0000
0000
0000
0000
ENDCHAR
STARTCHAR DSuitSpadeB
ENCODING 9824
SWIDTH 467 0
DWIDTH 14 0
BBX 14 30 0 -7
BITMAP
0000
0000
0000
0000
0000
0000
0000
0000
0000
0300
0300
0780
0FC0
1FE0
3FF0
7FF0
7FF8
7FF8
7FF8
3B70
0300
0780
0FC0
0000
0000
0000
0000
0000
0000
0000
ENDCHAR
STARTCHAR DSuitHeartW
ENCODING 9825
SWIDTH 467 0
DWIDTH 14 0
BBX 14 30 0 -7
BITMAP
0000
0000
0000
0000
0000
0000
0000
0000
0000
1860
3CF0
6798
6318
6318
6018
6018
3030
3870
1CE0
0FC0
0780
0300
0300
0000
0000
0000
0000
0000
0000
0000
ENDCHAR
STARTCHAR DSuitDiamondW
ENCODING 9826
SWIDTH 467 0
DWIDTH 14 0
BBX 14 30 0 -7
BITMAP
0000
0000
0000
0000
0000
0000
0000
0000
0000
0300
0300
0780
0FC0
1CE0
3870
7038
7038
3870
1CE0
0FC0
0780
0300
0300
0000
0000
0000
0000
0000
0000
0000
ENDCHAR
STARTCHAR DSuitClubB
ENCODING 9827
SWIDTH 467 0
DWIDTH 14 0
BBX 14 30 0 -7
BITMAP
0000
0000
0000
0000
0000
0000
0000
0000
0000
0780
0FC0
0FC0
0FC0
0780
3330
7B78
7FF8
7FF8
7B78
3330
0300
0780
0FC0
0000
0000
0000
0000
0000
0000
0000
ENDCHAR
STARTCHAR DSuitHeartB
ENCODING 9829
SWIDTH 467 0
DWIDTH 14 0
BBX 14 30 0 -7
BITMAP
0000
0000
0000
0000
0000
0000
0000
0000
0000
3870
7CF8
7CF8
7FF8
7FF8
7FF8
7FF8
3FF0
3FF0
1FE0
0FC0
0780
0300
0300
0000
0000
0000
0000
0000
0000
0000
ENDCHAR
STARTCHAR DSuitDiamondB
ENCODING 9830
SWIDTH 467 0
DWIDTH 14 0
BBX 14 30 0 -7
BITMAP
0000
0000
0000
0000
0000
0000
0000
0000
0000
0300
0300
0780
0FC0
1FE0
3FF0
7FF8
7FF8
3FF0
1FE0
0FC0
0780
0300
0300
0000
0000
0000
0000
0000
0000
0000
ENDCHAR
STARTCHAR DNote4
ENCODING 9833
SWIDTH 467 0
DWIDTH 14 0
BBX 14 30 0 -7
BITMAP
0000
0000
0000
0000
00C0
00C0
00C0
00C0
00C0
00C0
00C0
00C0
00C0
00C0
00C0
00C0
00C0
00C0
07C0
0FC0
0FC0
0FC0
0780
0000
0000
0000
0000
0000
0000
0000
ENDCHAR
STARTCHAR DNote8
ENCODING 9834
SWIDTH 467 0
DWIDTH 14 0
BBX 14 30 0 -7
BITMAP
0000
0000
0000
0000
0600
0600
0600
0700
0780
07C0
06E0
0660
0630
0610
0610
0630
0660
06E0
3EC0
7E00
7E00
7E00
3C00
0000
0000
0000
0000
0000
0000
0000
ENDCHAR
STARTCHAR DNote8Beamed
ENCODING 9835
SWIDTH 467 0
DWIDTH 14 0
BBX 14 30 0 -7
BITMAP
0000
0000
0000
0000
0038
01F8
0FF8
0FD8
0E18
0C18
0C18
0C18
0C18
0C18
0CF8
0DF8
0DF8
0DF8
7CF0
FC00
FC00
FC00
7800
0000
0000
0000
0000
0000
0000
0000
ENDCHAR
STARTCHAR DNote16Beamed
ENCODING 9836
SWIDTH 467 0
DWIDTH 14 0
BBX 14 30 0 -7
BITMAP
0000
0000
0000
0000
0038
01F8
0FF8
0FD8
0E18
0CF8
0FF8
0FD8
0F18
0C18
0C18
0CF8
0DF8
0DF8
0DF8
7CF0
FC00
FC00
FC00
7800
0000
0000
0000
0000
0000
0000
ENDCHAR
STARTCHAR DMusFlat
ENCODING 9837
SWIDTH 467 0
DWIDTH 14 0
BBX 14 30 0 -7
BITMAP
0000
0000
0000
0000
0000
3000
3000
3000
3000
3000
3380
37E0
3FE0
39F0
30F0
30F0
30E0
31E0
31C0
3380
3700
3E00
3800
0000
0000
0000
0000
0000
0000
0000
ENDCHAR
STARTCHAR DMusNat
ENCODING 9838
SWIDTH 467 0
DWIDTH 14 0
BBX 14 30 0 -7
BITMAP
0000
0000
0000
0000
0000
1800
1800
1800
1860
18E0
1BE0
1FE0
1FE0
1F60
1C60
1860
1860
1860
18E0
1BE0
1FE0
1FE0
1F60
1C60
1860
0060
0060
0060
0000
0000
ENDCHAR
STARTCHAR DMusSharp
ENCODING 9839
SWIDTH 467 0
DWIDTH 14 0
BBX 14 30 0 -7
BITMAP
0000
0000
0000
0000
0000
00C0
00C0
00C0
0CF0
0CF0
0FF0
0FF0
3FC0
3FC0
3CC0
3CC0
0CC0
0CF0
0CF0
0FF0
0FF0
3FC0
3FC0
3CC0
3CC0
0C00
0C00
0C00
0000
0000
ENDCHAR
STARTCHAR DFlagW
ENCODING 9872
SWIDTH 467 0
DWIDTH 14 0
BBX 14 30 0 -7
BITMAP
0000
0000
0000
0000
0000
0000
7E00
7FF0
63F0
6030
6030
6030
6030
6030
7E30
7FF0
63F0
6000
6000
6000
6000
6000
6000
0000
0000
0000
0000
0000
0000
0000
ENDCHAR
STARTCHAR DFlagB
ENCODING 9873
SWIDTH 467 0
DWIDTH 14 0
BBX 14 30 0 -7
BITMAP
0000
0000
0000
0000
0000
0000
7E00
7FF0
7FF0
7FF0
7FF0
7FF0
7FF0
7FF0
7FF0
7FF0
63F0
6000
6000
6000
6000
6000
6000
0000
0000
0000
0000
0000
0000
0000
ENDCHAR
STARTCHAR DWarning
ENCODING 9888
SWIDTH 467 0
DWIDTH 14 0
BBX 14 30 0 -7
BITMAP
0000
0000
0000
0000
0000
0300
0300
0300
0780
0780
0CC0
0CC0
0B40
1B60
1B60
3330
3330
3030
6318
6318
C00C
FFFC
FFFC
0000
0000
0000
0000
0000
0000
0000
ENDCHAR
STARTCHAR DHighVoltage
ENCODING 9889
SWIDTH 467 0
DWIDTH 14 0
BBX 14 30 0 -7
BITMAP
0000
0000
0000
0000
0000
0030
0060
00E0
01C0
0380
0700
0F00
1E00
3C00
3FF0
3FF0
3FF0
00F0
01E0
03C0
0380
0700
0E00
1C00
1800
3000
0000
0000
0000
0000
ENDCHAR
STARTCHAR DMaleFemale
ENCODING 9893
SWIDTH 467 0
DWIDTH 14 0
BBX 14 30 0 -7
BITMAP
0000
0000
0038
00F8
03F8
07F8
0778
00D8
00D8
0198
0F80
3FC0
30C0
6060
6060
6060
6060
30C0
3FC0
0F00
0600
0600
0600
3FC0
3FC0
0600
0600
0600
0000
0000
ENDCHAR
STARTCHAR DCircleMedW
ENCODING 9898
SWIDTH 467 0
DWIDTH 14 0
BBX 14 30 0 -7
BITMAP
0000
0000
0000
0000
0000
0000
0000
0000
0000
0000
0000
0780
1FE0
1860
3030
3030
3030
3030
1860
1FE0
0780
0000
0000
0000
0000
0000
0000
0000
0000
0000
ENDCHAR
STARTCHAR DCircleMedB
ENCODING 9899
SWIDTH 467 0
DWIDTH 14 0
BBX 14 30 0 -7
BITMAP
0000
0000
0000
0000
0000
0000
0000
0000
0000
0000
0000
0780
1FE0
1FE0
3FF0
3FF0
3FF0
3FF0
1FE0
1FE0
0780
0000
0000
0000
0000
0000
0000
0000
0000
0000
ENDCHAR
STARTCHAR DCircleMedSmlW
ENCODING 9900
SWIDTH 467 0
DWIDTH 14 0
BBX 14 30 0 -7
BITMAP
0000
0000
0000
0000
0000
0000
0000
0000
0000
0000
0000
0000
0780
0FC0
1860
1860
1860
1860
0FC0
0780
0000
0000
0000
0000
0000
0000
0000
0000
0000
0000
ENDCHAR
STARTCHAR DTrafficNoentry
ENCODING 9940
SWIDTH 467 0
DWIDTH 14 0
BBX 14 30 0 -7
BITMAP
0000
0000
0000
0000
0000
0000
0000
0000
0000
0000
0780
1FE0
3FF0
3FF0
7FF8
6018
6018
7FF8
3FF0
3FF0
1FE0
0780
0000
0000
0000
0000
0000
0000
0000
0000
ENDCHAR
STARTCHAR DScissorsB
ENCODING 9986
SWIDTH 467 0
DWIDTH 14 0
BBX 14 30 0 -7
BITMAP
0000
0000
0000
0000
0000
0000
0000
0000
0000
0000
0000
6018
F078
D8F0
CDE0
7FC0
0780
0780
7FC0
CDE0
D8F0
F078
6018
0000
0000
0000
0000
0000
0000
0000
ENDCHAR
STARTCHAR DEnvelope
ENCODING 9993
SWIDTH 467 0
DWIDTH 14 0
BBX 14 30 0 -7
BITMAP
0000
0000
0000
0000
0000
0000
0000
0000
0000
0000
0000
7FF8
7FF8
6018
7038
5868
4CC8
4FC8
5B68
7038
6018
7FF8
7FF8
0000
0000
0000
0000
0000
0000
0000
ENDCHAR
STARTCHAR DBallotCheck
ENCODING 10003
SWIDTH 467 0
DWIDTH 14 0
BBX 14 30 0 -7
BITMAP
0000
0000
0000
0000
0000
0000
0000
0000
0000
0000
0000
0000
0000
0020
1060
18E0
1DC0
0F80
0700
0200
0000
0000
0000
0000
0000
0000
0000
0000
0000
0000
ENDCHAR
STARTCHAR DBallotCheckHv
ENCODING 10004
SWIDTH 467 0
DWIDTH 14 0
BBX 14 30 0 -7
BITMAP
0000
0000
0000
0000
0000
0000
0000
0000
0000
0000
0000
0018
0038
6078
70F8
79F0
7FE0
3FC0
1F80
0F00
0600
0000
0000
0000
0000
0000
0000
0000
0000
0000
ENDCHAR
STARTCHAR DMultiply
ENCODING 10005
SWIDTH 467 0
DWIDTH 14 0
BBX 14 30 0 -7
BITMAP
0000
0000
0000
0000
0000
0000
0000
0000
0000
0000
0000
3030
3870
1CE0
0FC0
0780
0780
0FC0
1CE0
3870
3030
0000
0000
0000
0000
0000
0000
0000
0000
0000
ENDCHAR
STARTCHAR DMultiplyHv2
ENCODING 10006
SWIDTH 467 0
DWIDTH 14 0
BBX 14 30 0 -7
BITMAP
0000
0000
0000
0000
0000
0000
0000
0000
0000
F03C
F87C
FCFC
FFFC
7FF8
3FF0
1FE0
1FE0
3FF0
7FF8
FFFC
FCFC
F87C
F03C
0000
0000
0000
0000
0000
0000
0000
ENDCHAR
STARTCHAR DBallotX
ENCODING 10007
SWIDTH 467 0
DWIDTH 14 0
BBX 14 30 0 -7
BITMAP
0000
0000
0000
0000
0000
0000
0000
0000
0000
0000
0000
0000
1860
1CE0
0FC0
0780
0780
0FC0
1CE0
1860
0000
0000
0000
0000
0000
0000
0000
0000
0000
0000
ENDCHAR
STARTCHAR DBallotXHv
ENCODING 10008
SWIDTH 467 0
DWIDTH 14 0
BBX 14 30 0 -7
BITMAP
0000
0000
0000
0000
0000
0000
0000
0000
0000
0000
0038
3878
3CF8
3FF0
1FE0
0FC0
07C0
0FE0
1FF0
1EF0
3C70
3800
7800
7000
7000
0000
0000
0000
0000
0000
ENDCHAR
STARTCHAR DPlusHv2
ENCODING 10010
SWIDTH 467 0
DWIDTH 14 0
BBX 14 30 0 -7
BITMAP
0000
0000
0000
0000
0000
0000
0000
0000
0000
0FC0
0FC0
0FC0
0FC0
FFFC
FFFC
FFFC
FFFC
FFFC
FFFC
0FC0
0FC0
0FC0
0FC0
0000
0000
0000
0000
0000
0000
0000
ENDCHAR
STARTCHAR DAsteriskHv
ENCODING 10033
SWIDTH 467 0
DWIDTH 14 0
BBX 14 30 0 -7
BITMAP
0000
0000
0000
0000
0000
0000
0000
0000
0000
0000
1CE0
1CE0
1CE0
0780
3330
7FF8
7FF8
3330
0780
1CE0
1CE0
1CE0
0000
0000
0000
0000
0000
0000
0000
0000
ENDCHAR
STARTCHAR DSnowflake
ENCODING 10052
SWIDTH 467 0
DWIDTH 14 0
BBX 14 30 0 -7
BITMAP
0000
0000
0000
0000
0000
0000
0300
0B40
0FC0
D7AC
7338
7338
FB7C
0FC0
0780
0FC0
FB7C
7338
7338
D7AC
0FC0
0B40
0300
0000
0000
0000
0000
0000
0000
0000
ENDCHAR
STARTCHAR DMultiplyHv
ENCODING 10060
SWIDTH 467 0
DWIDTH 14 0
BBX 14 30 0 -7
BITMAP
0000
0000
0000
0000
0000
0000
0000
0000
0000
0000
7038
7878
7CF8
3FF0
1FE0
0FC0
0FC0
1FE0
3FF0
7CF8
7878
7038
0000
0000
0000
0000
0000
0000
0000
0000
ENDCHAR
STARTCHAR DQuestionHv
ENCODING 10067
SWIDTH 467 0
DWIDTH 14 0
BBX 14 30 0 -7
BITMAP
0000
0000
0000
0000
0000
0FC0
3FF0
3FF0
7878
7038
7078
0070
00F0
01E0
03C0
0380
0380
0000
0000
0380
07C0
07C0
0380
0000
0000
0000
0000
0000
0000
0000
ENDCHAR
STARTCHAR DExclamHv
ENCODING 10071
SWIDTH 467 0
DWIDTH 14 0
BBX 14 30 0 -7
BITMAP
0000
0000
0000
0000
0000
0700
0F80
0F80
0F80
0F80
0F80
0F80
0700
0700
0700
0700
0200
0000
0000
0700
0F80
0F80
0700
0000
0000
0000
0000
0000
0000
0000
ENDCHAR
STARTCHAR OVertBarLight
ENCODING 10072
SWIDTH 467 0
DWIDTH 14 0
BBX 14 30 0 -7
BITMAP
0000
0000
0000
0000
0300
0300
0300
0300
0300
0300
0300
0300
0300
0300
0300
0300
0300
0300
0300
0300
0300
0300
0300
0300
0300
0000
0000
0000
0000
0000
ENDCHAR
STARTCHAR OVertBarMed
ENCODING 10073
SWIDTH 467 0
DWIDTH 14 0
BBX 14 30 0 -7
BITMAP
0000
0000
0000
0000
0700
0700
0700
0700
0700
0700
0700
0700
0700
0700
0700
0700
0700
0700
0700
0700
0700
0700
0700
0700
0700
0000
0000
0000
0000
0000
ENDCHAR
STARTCHAR OVertBarHeavy
ENCODING 10074
SWIDTH 467 0
DWIDTH 14 0
BBX 14 30 0 -7
BITMAP
0000
0000
0000
0000
0780
0780
0780
0780
0780
0780
0780
0780
0780
0780
0780
0780
0780
0780
0780
0780
0780
0780
0780
0780
0780
0000
0000
0000
0000
0000
ENDCHAR
STARTCHAR DQuoteLHv
ENCODING 10075
SWIDTH 467 0
DWIDTH 14 0
BBX 14 30 0 -7
BITMAP
0000
0000
0000
0000
0380
07C0
0E00
0C00
0F80
0FC0
0FC0
07C0
0380
0000
0000
0000
0000
0000
0000
0000
0000
0000
0000
0000
0000
0000
0000
0000
0000
0000
ENDCHAR
STARTCHAR DQuoteRHv
ENCODING 10076
SWIDTH 467 0
DWIDTH 14 0
BBX 14 30 0 -7
BITMAP
0000
0000
0000
0000
0700
0F80
0FC0
0FC0
07C0
00C0
01C0
0F80
0700
0000
0000
0000
0000
0000
0000
0000
0000
0000
0000
0000
0000
0000
0000
0000
0000
0000
ENDCHAR
STARTCHAR DQuote2LHv
ENCODING 10077
SWIDTH 467 0
DWIDTH 14 0
BBX 14 30 0 -7
BITMAP
0000
0000
0000
0000
1830
3C78
70E0
60C0
78F0
7CF8
7CF8
3C78
1830
0000
0000
0000
0000
0000
0000
0000
0000
0000
0000
0000
0000
0000
0000
0000
0000
0000
ENDCHAR
STARTCHAR DQuote2RHv
ENCODING 10078
SWIDTH 467 0
DWIDTH 14 0
BBX 14 30 0 -7
BITMAP
0000
0000
0000
0000
3060
78F0
7CF8
7CF8
3C78
0C18
1C38
78F0
3060
0000
0000
0000
0000
0000
0000
0000
0000
0000
0000
0000
0000
0000
0000
0000
0000
0000
ENDCHAR
STARTCHAR DQuoteL9Hv
ENCODING 10079
SWIDTH 467 0
DWIDTH 14 0
BBX 14 30 0 -7
BITMAP
0000
0000
0000
0000
0000
0000
0000
0000
0000
0000
0000
0000
0000
0000
0000
0000
0000
0000
0700
0F80
0FC0
0FC0
07C0
00C0
01C0
0F80
0700
0000
0000
0000
ENDCHAR
STARTCHAR DQuote2L9Hv
ENCODING 10080
SWIDTH 467 0
DWIDTH 14 0
BBX 14 30 0 -7
BITMAP
0000
0000
0000
0000
0000
0000
0000
0000
0000
0000
0000
0000
0000
0000
0000
0000
0000
0000
3060
78F0
7CF8
7CF8
3C78
0C18
1C38
78F0
3060
0000
0000
0000
ENDCHAR
STARTCHAR DFloralHeartD
ENCODING 10086
SWIDTH 467 0
DWIDTH 14 0
BBX 14 30 0 -7
BITMAP
0000
0000
0000
0000
0000
00E0
39C8
7F98
67F8
4370
0300
0300
3B70
7FF8
7FF8
7FF8
7FF8
3FF0
1FE0
0FC0
0780
0300
0300
0000
0000
0000
0000
0000
0000
0000
ENDCHAR
STARTCHAR DFloralHeartR
ENCODING 10087
SWIDTH 467 0
DWIDTH 14 0
BBX 14 30 0 -7
BITMAP
0000
0000
0000
0000
0000
0000
0000
0000
0000
4000
6780
6FC0
2FE0
27F0
7FFC
7FFC
47F0
4FE0
6FC0
6780
2000
0000
0000
0000
0000
0000
0000
0000
0000
0000
ENDCHAR
STARTCHAR DArrowHvWideR
ENCODING 10132
SWIDTH 467 0
DWIDTH 14 0
BBX 14 30 0 -7
BITMAP
0000
0000
0000
0000
0000
0000
0000
0000
0000
0000
0000
0180
01C0
00E0
FFF0
FFF8
FFF8
FFF0
00E0
01C0
0180
0000
0000
0000
0000
0000
0000
0000
0000
0000
ENDCHAR
STARTCHAR DPlusHv
ENCODING 10133
SWIDTH 467 0
DWIDTH 14 0
BBX 14 30 0 -7
BITMAP
0000
0000
0000
0000
0000
0000
0000
0000
0000
0000
0780
0780
0780
0780
7FF8
7FF8
7FF8
7FF8
0780
0780
0780
0780
0000
0000
0000
0000
0000
0000
0000
0000
ENDCHAR
STARTCHAR DMinusHv
ENCODING 10134
SWIDTH 467 0
DWIDTH 14 0
BBX 14 30 0 -7
BITMAP
0000
0000
0000
0000
0000
0000
0000
0000
0000
0000
0000
0000
0000
0000
7FF8
7FF8
7FF8
7FF8
0000
0000
0000
0000
0000
0000
0000
0000
0000
0000
0000
0000
ENDCHAR
STARTCHAR DDivisionHv
ENCODING 10135
SWIDTH 467 0
DWIDTH 14 0
BBX 14 30 0 -7
BITMAP
0000
0000
0000
0000
0000
0000
0000
0000
0780
0780
0780
0780
0000
0000
7FF8
7FF8
7FF8
7FF8
0000
0000
0780
0780
0780
0780
0000
0000
0000
0000
0000
0000
ENDCHAR
STARTCHAR DArrowHvRD
ENCODING 10136
SWIDTH 467 0
DWIDTH 14 0
BBX 14 30 0 -7
BITMAP
0000
0000
0000
0000
0000
0000
0000
0000
0000
3000
7800
FC00
7E00
3F00
1F8C
0FCC
07EC
03FC
01FC
00FC
007C
03FC
03FC
0000
0000
0000
0000
0000
0000
0000
ENDCHAR
STARTCHAR DArrowHvR
ENCODING 10137
SWIDTH 467 0
DWIDTH 14 0
BBX 14 30 0 -7
BITMAP
0000
0000
0000
0000
0000
0000
0000
0000
0000
0000
0100
0180
01C0
00E0
FFF0
FFF8
FFF8
FFF0
00E0
01C0
0180
0100
0000
0000
0000
0000
0000
0000
0000
0000
ENDCHAR
STARTCHAR DArrowHvRU
ENCODING 10138
SWIDTH 467 0
DWIDTH 14 0
BBX 14 30 0 -7
BITMAP
0000
0000
0000
0000
0000
0000
0000
0000
0000
03FC
03FC
007C
00FC
01FC
03FC
07EC
0FCC
1F8C
3F00
7E00
FC00
7800
3000
0000
0000
0000
0000
0000
0000
0000
ENDCHAR
STARTCHAR DArrowBlackRAlt
ENCODING 10145
SWIDTH 467 0
DWIDTH 14 0
BBX 14 30 0 -7
BITMAP
0000
0000
0000
0000
0000
0000
0000
0000
0000
0000
0100
0180
01C0
00E0
FFF0
FFF8
FFF8
FFF0
00E0
01C0
0180
0100
0000
0000
0000
0000
0000
0000
0000
0000
ENDCHAR
STARTCHAR DArrowBlackDThenR
ENCODING 10149
SWIDTH 467 0
DWIDTH 14 0
BBX 14 30 0 -7
BITMAP
0000
0000
0000
0000
0000
0000
0000
0000
7000
7000
7080
70C0
70E0
78F0
7FF8
7FFC
3FFC
1FF8
00F0
00E0
00C0
0080
0000
0000
0000
0000
0000
0000
0000
0000
ENDCHAR
STARTCHAR DArrowBlackUThenR
ENCODING 10150
SWIDTH 467 0
DWIDTH 14 0
BBX 14 30 0 -7
BITMAP
0000
0000
0000
0000
0000
0000
0000
0000
0000
0000
0080
00C0
00E0
00F0
1FF8
3FFC
7FFC
7FF8
78F0
70E0
70C0
7080
7000
7000
0000
0000
0000
0000
0000
0000
ENDCHAR
STARTCHAR MPerp
ENCODING 10178
SWIDTH 467 0
DWIDTH 14 0
BBX 14 30 0 -7
BITMAP
0000
0000
0000
0000
0000
0000
0000
0000
0000
0000
0300
0300
0300
0300
0300
0300
0300
0300
0300
0300
0300
7FF8
7FF8
0000
0000
0000
0000
0000
0000
0000
ENDCHAR
STARTCHAR MLollipopL
ENCODING 10204
SWIDTH 467 0
DWIDTH 14 0
BBX 14 30 0 -7
BITMAP
0000
0000
0000
0000
0000
0000
0000
0000
0000
0000
0000
0000
0000
3800
7C00
47F8
47F8
7C00
3800
0000
0000
0000
0000
0000
0000
0000
0000
0000
0000
0000
ENDCHAR
STARTCHAR MDiamondConcW
ENCODING 10209
SWIDTH 467 0
DWIDTH 14 0
BBX 14 30 0 -7
BITMAP
0000
0000
0000
0000
0000
0000
0000
0000
0000
0300
0300
0780
0FC0
1CE0
3870
7038
7038
3870
1CE0
0FC0
0780
0300
0300
0000
0000
0000
0000
0000
0000
0000
ENDCHAR
STARTCHAR MSquareBrackBbbL
ENCODING 10214
SWIDTH 467 0
DWIDTH 14 0
BBX 14 30 0 -7
BITMAP
0000
0000
0000
0000
3FF0
3FF0
3300
3300
3300
3300
3300
3300
3300
3300
3300
3300
3300
3300
3300
3300
3300
3300
3300
3FF0
3FF0
0000
0000
0000
0000
0000
ENDCHAR
STARTCHAR MSquareBrackBbbR
ENCODING 10215
SWIDTH 467 0
DWIDTH 14 0
BBX 14 30 0 -7
BITMAP
0000
0000
0000
0000
3FF0
3FF0
0330
0330
0330
0330
0330
0330
0330
0330
0330
0330
0330
0330
0330
0330
0330
0330
0330
3FF0
3FF0
0000
0000
0000
0000
0000
ENDCHAR
STARTCHAR PAngleBrackL
ENCODING 10216
SWIDTH 467 0
DWIDTH 14 0
BBX 14 30 0 -7
BITMAP
0000
0000
0000
0000
0060
0060
00C0
01C0
0180
0300
0700
0600
0C00
1C00
1800
1C00
0C00
0600
0700
0300
0180
01C0
00C0
0060
0060
0000
0000
0000
0000
0000
ENDCHAR
STARTCHAR PAngleBrackR
ENCODING 10217
SWIDTH 467 0
DWIDTH 14 0
BBX 14 30 0 -7
BITMAP
0000
0000
0000
0000
1800
1800
0C00
0E00
0600
0300
0380
0180
00C0
00E0
0060
00E0
00C0
0180
0380
0300
0600
0E00
0C00
1800
1800
0000
0000
0000
0000
0000
ENDCHAR
STARTCHAR MAngleBrackBbbL
ENCODING 10218
SWIDTH 467 0
DWIDTH 14 0
BBX 14 30 0 -7
BITMAP
0000
0000
0000
0000
0198
0198
0330
0770
0660
0CC0
1DC0
1980
3300
7700
6600
7700
3300
1980
1DC0
0CC0
0660
0770
0330
0198
0198
0000
0000
0000
0000
0000
ENDCHAR
STARTCHAR MAngleBrackBbbR
ENCODING 10219
SWIDTH 467 0
DWIDTH 14 0
BBX 14 30 0 -7
BITMAP
0000
0000
0000
0000
6600
6600
3300
3B80
1980
0CC0
0EE0
0660
0330
03B8
0198
03B8
0330
0660
0EE0
0CC0
1980
3B80
3300
6600
6600
0000
0000
0000
0000
0000
ENDCHAR
STARTCHAR Braille0
ENCODING 10240
SWIDTH 467 0
DWIDTH 14 0
BBX 14 30 0 -7
BITMAP
0000
0000
0000
0000
0000
0000
0000
0000
1080
0000
0000
0000
0000
1080
0000
0000
0000
0000
1080
0000
0000
0000
0000
1080
0000
0000
0000
0000
0000
0000
ENDCHAR
STARTCHAR Braille1
ENCODING 10241
SWIDTH 467 0
DWIDTH 14 0
BBX 14 30 0 -7
BITMAP
0000
0000
0000
0000
0000
0000
0000
1800
3C80
3C00
1800
0000
0000
1080
0000
0000
0000
0000
1080
0000
0000
0000
0000
1080
0000
0000
0000
0000
0000
0000
ENDCHAR
STARTCHAR Braille2
ENCODING 10242
SWIDTH 467 0
DWIDTH 14 0
BBX 14 30 0 -7
BITMAP
0000
0000
0000
0000
0000
0000
0000
0000
1080
0000
0000
0000
1800
3C80
3C00
1800
0000
0000
1080
0000
0000
0000
0000
1080
0000
0000
0000
0000
0000
0000
ENDCHAR
STARTCHAR Braille12
ENCODING 10243
SWIDTH 467 0
DWIDTH 14 0
BBX 14 30 0 -7
BITMAP
0000
0000
0000
0000
0000
0000
0000
1800
3C80
3C00
1800
0000
1800
3C80
3C00
1800
0000
0000
1080
0000
0000
0000
0000
1080
0000
0000
0000
0000
0000
0000
ENDCHAR
STARTCHAR Braille3
ENCODING 10244
SWIDTH 467 0
DWIDTH 14 0
BBX 14 30 0 -7
BITMAP
0000
0000
0000
0000
0000
0000
0000
0000
1080
0000
0000
0000
0000
1080
0000
0000
0000
1800
3C80
3C00
1800
0000
0000
1080
0000
0000
0000
0000
0000
0000
ENDCHAR
STARTCHAR Braille13
ENCODING 10245
SWIDTH 467 0
DWIDTH 14 0
BBX 14 30 0 -7
BITMAP
0000
0000
0000
0000
0000
0000
0000
1800
3C80
3C00
1800
0000
0000
1080
0000
0000
0000
1800
3C80
3C00
1800
0000
0000
1080
0000
0000
0000
0000
0000
0000
ENDCHAR
STARTCHAR Braille23
ENCODING 10246
SWIDTH 467 0
DWIDTH 14 0
BBX 14 30 0 -7
BITMAP
0000
0000
0000
0000
0000
0000
0000
0000
1080
0000
0000
0000
1800
3C80
3C00
1800
0000
1800
3C80
3C00
1800
0000
0000
1080
0000
0000
0000
0000
0000
0000
ENDCHAR
STARTCHAR Braille123
ENCODING 10247
SWIDTH 467 0
DWIDTH 14 0
BBX 14 30 0 -7
BITMAP
0000
0000
0000
0000
0000
0000
0000
1800
3C80
3C00
1800
0000
1800
3C80
3C00
1800
0000
1800
3C80
3C00
1800
0000
0000
1080
0000
0000
0000
0000
0000
0000
ENDCHAR
STARTCHAR Braille4
ENCODING 10248
SWIDTH 467 0
DWIDTH 14 0
BBX 14 30 0 -7
BITMAP
0000
0000
0000
0000
0000
0000
0000
00C0
11E0
01E0
00C0
0000
0000
1080
0000
0000
0000
0000
1080
0000
0000
0000
0000
1080
0000
0000
0000
0000
0000
0000
ENDCHAR
STARTCHAR Braille14
ENCODING 10249
SWIDTH 467 0
DWIDTH 14 0
BBX 14 30 0 -7
BITMAP
0000
0000
0000
0000
0000
0000
0000
18C0
3DE0
3DE0
18C0
0000
0000
1080
0000
0000
0000
0000
1080
0000
0000
0000
0000
1080
0000
0000
0000
0000
0000
0000
ENDCHAR
STARTCHAR Braille24
ENCODING 10250
SWIDTH 467 0
DWIDTH 14 0
BBX 14 30 0 -7
BITMAP
0000
0000
0000
0000
0000
0000
0000
00C0
11E0
01E0
00C0
0000
1800
3C80
3C00
1800
0000
0000
1080
0000
0000
0000
0000
1080
0000
0000
0000
0000
0000
0000
ENDCHAR
STARTCHAR Braille124
ENCODING 10251
SWIDTH 467 0
DWIDTH 14 0
BBX 14 30 0 -7
BITMAP
0000
0000
0000
0000
0000
0000
0000
18C0
3DE0
3DE0
18C0
0000
1800
3C80
3C00
1800
0000
0000
1080
0000
0000
0000
0000
1080
0000
0000
0000
0000
0000
0000
ENDCHAR
STARTCHAR Braille34
ENCODING 10252
SWIDTH 467 0
DWIDTH 14 0
BBX 14 30 0 -7
BITMAP
0000
0000
0000
0000
0000
0000
0000
00C0
11E0
01E0
00C0
0000
0000
1080
0000
0000
0000
1800
3C80
3C00
1800
0000
0000
1080
0000
0000
0000
0000
0000
0000
ENDCHAR
STARTCHAR Braille134
ENCODING 10253
SWIDTH 467 0
DWIDTH 14 0
BBX 14 30 0 -7
BITMAP
0000
0000
0000
0000
0000
0000
0000
18C0
3DE0
3DE0
18C0
0000
0000
1080
0000
0000
0000
1800
3C80
3C00
1800
0000
0000
1080
0000
0000
0000
0000
0000
0000
ENDCHAR
STARTCHAR Braille234
ENCODING 10254
SWIDTH 467 0
DWIDTH 14 0
BBX 14 30 0 -7
BITMAP
0000
0000
0000
0000
0000
0000
0000
00C0
11E0
01E0
00C0
0000
1800
3C80
3C00
1800
0000
1800
3C80
3C00
1800
0000
0000
1080
0000
0000
0000
0000
0000
0000
ENDCHAR
STARTCHAR Braille1234
ENCODING 10255
SWIDTH 467 0
DWIDTH 14 0
BBX 14 30 0 -7
BITMAP
0000
0000
0000
0000
0000
0000
0000
18C0
3DE0
3DE0
18C0
0000
1800
3C80
3C00
1800
0000
1800
3C80
3C00
1800
0000
0000
1080
0000
0000
0000
0000
0000
0000
ENDCHAR
STARTCHAR Braille5
ENCODING 10256
SWIDTH 467 0
DWIDTH 14 0
BBX 14 30 0 -7
BITMAP
0000
0000
0000
0000
0000
0000
0000
0000
1080
0000
0000
0000
00C0
11E0
01E0
00C0
0000
0000
1080
0000
0000
0000
0000
1080
0000
0000
0000
0000
0000
0000
ENDCHAR
STARTCHAR Braille15
ENCODING 10257
SWIDTH 467 0
DWIDTH 14 0
BBX 14 30 0 -7
BITMAP
0000
0000
0000
0000
0000
0000
0000
1800
3C80
3C00
1800
0000
00C0
11E0
01E0
00C0
0000
0000
1080
0000
0000
0000
0000
1080
0000
0000
0000
0000
0000
0000
ENDCHAR
STARTCHAR Braille25
ENCODING 10258
SWIDTH 467 0
DWIDTH 14 0
BBX 14 30 0 -7
BITMAP
0000
0000
0000
0000
0000
0000
0000
0000
1080
0000
0000
0000
18C0
3DE0
3DE0
18C0
0000
0000
1080
0000
0000
0000
0000
1080
0000
0000
0000
0000
0000
0000
ENDCHAR
STARTCHAR Braille125
ENCODING 10259
SWIDTH 467 0
DWIDTH 14 0
BBX 14 30 0 -7
BITMAP
0000
0000
0000
0000
0000
0000
0000
1800
3C80
3C00
1800
0000
18C0
3DE0
3DE0
18C0
0000
0000
1080
0000
0000
0000
0000
1080
0000
0000
0000
0000
0000
0000
ENDCHAR
STARTCHAR Braille35
ENCODING 10260
SWIDTH 467 0
DWIDTH 14 0
BBX 14 30 0 -7
BITMAP
0000
0000
0000
0000
0000
0000
0000
0000
1080
0000
0000
0000
00C0
11E0
01E0
00C0
0000
1800
3C80
3C00
1800
0000
0000
1080
0000
0000
0000
0000
0000
0000
ENDCHAR
STARTCHAR Braille135
ENCODING 10261
SWIDTH 467 0
DWIDTH 14 0
BBX 14 30 0 -7
BITMAP
0000
0000
0000
0000
0000
0000
0000
1800
3C80
3C00
1800
0000
00C0
11E0
01E0
00C0
0000
1800
3C80
3C00
1800
0000
0000
1080
0000
0000
0000
0000
0000
0000
ENDCHAR
STARTCHAR Braille235
ENCODING 10262
SWIDTH 467 0
DWIDTH 14 0
BBX 14 30 0 -7
BITMAP
0000
0000
0000
0000
0000
0000
0000
0000
1080
0000
0000
0000
18C0
3DE0
3DE0
18C0
0000
1800
3C80
3C00
1800
0000
0000
1080
0000
0000
0000
0000
0000
0000
ENDCHAR
STARTCHAR Braille1235
ENCODING 10263
SWIDTH 467 0
DWIDTH 14 0
BBX 14 30 0 -7
BITMAP
0000
0000
0000
0000
0000
0000
0000
1800
3C80
3C00
1800
0000
18C0
3DE0
3DE0
18C0
0000
1800
3C80
3C00
1800
0000
0000
1080
0000
0000
0000
0000
0000
0000
ENDCHAR
STARTCHAR Braille45
ENCODING 10264
SWIDTH 467 0
DWIDTH 14 0
BBX 14 30 0 -7
BITMAP
0000
0000
0000
0000
0000
0000
0000
00C0
11E0
01E0
00C0
0000
00C0
11E0
01E0
00C0
0000
0000
1080
0000
0000
0000
0000
1080
0000
0000
0000
0000
0000
0000
ENDCHAR
STARTCHAR Braille145
ENCODING 10265
SWIDTH 467 0
DWIDTH 14 0
BBX 14 30 0 -7
BITMAP
0000
0000
0000
0000
0000
0000
0000
18C0
3DE0
3DE0
18C0
0000
00C0
11E0
01E0
00C0
0000
0000
1080
0000
0000
0000
0000
1080
0000
0000
0000
0000
0000
0000
ENDCHAR
STARTCHAR Braille245
ENCODING 10266
SWIDTH 467 0
DWIDTH 14 0
BBX 14 30 0 -7
BITMAP
0000
0000
0000
0000
0000
0000
0000
00C0
11E0
01E0
00C0
0000
18C0
3DE0
3DE0
18C0
0000
0000
1080
0000
0000
0000
0000
1080
0000
0000
0000
0000
0000
0000
ENDCHAR
STARTCHAR Braille1245
ENCODING 10267
SWIDTH 467 0
DWIDTH 14 0
BBX 14 30 0 -7
BITMAP
0000
0000
0000
0000
0000
0000
0000
18C0
3DE0
3DE0
18C0
0000
18C0
3DE0
3DE0
18C0
0000
0000
1080
0000
0000
0000
0000
1080
0000
0000
0000
0000
0000
0000
ENDCHAR
STARTCHAR Braille345
ENCODING 10268
SWIDTH 467 0
DWIDTH 14 0
BBX 14 30 0 -7
BITMAP
0000
0000
0000
0000
0000
0000
0000
00C0
11E0
01E0
00C0
0000
00C0
11E0
01E0
00C0
0000
1800
3C80
3C00
1800
0000
0000
1080
0000
0000
0000
0000
0000
0000
ENDCHAR
STARTCHAR Braille1345
ENCODING 10269
SWIDTH 467 0
DWIDTH 14 0
BBX 14 30 0 -7
BITMAP
0000
0000
0000
0000
0000
0000
0000
18C0
3DE0
3DE0
18C0
0000
00C0
11E0
01E0
00C0
0000
1800
3C80
3C00
1800
0000
0000
1080
0000
0000
0000
0000
0000
0000
ENDCHAR
STARTCHAR Braille2345
ENCODING 10270
SWIDTH 467 0
DWIDTH 14 0
BBX 14 30 0 -7
BITMAP
0000
0000
0000
0000
0000
0000
0000
00C0
11E0
01E0
00C0
0000
18C0
3DE0
3DE0
18C0
0000
1800
3C80
3C00
1800
0000
0000
1080
0000
0000
0000
0000
0000
0000
ENDCHAR
STARTCHAR Braille12345
ENCODING 10271
SWIDTH 467 0
DWIDTH 14 0
BBX 14 30 0 -7
BITMAP
0000
0000
0000
0000
0000
0000
0000
18C0
3DE0
3DE0
18C0
0000
18C0
3DE0
3DE0
18C0
0000
1800
3C80
3C00
1800
0000
0000
1080
0000
0000
0000
0000
0000
0000
ENDCHAR
STARTCHAR Braille6
ENCODING 10272
SWIDTH 467 0
DWIDTH 14 0
BBX 14 30 0 -7
BITMAP
0000
0000
0000
0000
0000
0000
0000
0000
1080
0000
0000
0000
0000
1080
0000
0000
0000
00C0
11E0
01E0
00C0
0000
0000
1080
0000
0000
0000
0000
0000
0000
ENDCHAR
STARTCHAR Braille16
ENCODING 10273
SWIDTH 467 0
DWIDTH 14 0
BBX 14 30 0 -7
BITMAP
0000
0000
0000
0000
0000
0000
0000
1800
3C80
3C00
1800
0000
0000
1080
0000
0000
0000
00C0
11E0
01E0
00C0
0000
0000
1080
0000
0000
0000
0000
0000
0000
ENDCHAR
STARTCHAR Braille26
ENCODING 10274
SWIDTH 467 0
DWIDTH 14 0
BBX 14 30 0 -7
BITMAP
0000
0000
0000
0000
0000
0000
0000
0000
1080
0000
0000
0000
1800
3C80
3C00
1800
0000
00C0
11E0
01E0
00C0
0000
0000
1080
0000
0000
0000
0000
0000
0000
ENDCHAR
STARTCHAR Braille126
ENCODING 10275
SWIDTH 467 0
DWIDTH 14 0
BBX 14 30 0 -7
BITMAP
0000
0000
0000
0000
0000
0000
0000
1800
3C80
3C00
1800
0000
1800
3C80
3C00
1800
0000
00C0
11E0
01E0
00C0
0000
0000
1080
0000
0000
0000
0000
0000
0000
ENDCHAR
STARTCHAR Braille36
ENCODING 10276
SWIDTH 467 0
DWIDTH 14 0
BBX 14 30 0 -7
BITMAP
0000
0000
0000
0000
0000
0000
0000
0000
1080
0000
0000
0000
0000
1080
0000
0000
0000
18C0
3DE0
3DE0
18C0
0000
0000
1080
0000
0000
0000
0000
0000
0000
ENDCHAR
STARTCHAR Braille136
ENCODING 10277
SWIDTH 467 0
DWIDTH 14 0
BBX 14 30 0 -7
BITMAP
0000
0000
0000
0000
0000
0000
0000
1800
3C80
3C00
1800
0000
0000
1080
0000
0000
0000
18C0
3DE0
3DE0
18C0
0000
0000
1080
0000
0000
0000
0000
0000
0000
ENDCHAR
STARTCHAR Braille236
ENCODING 10278
SWIDTH 467 0
DWIDTH 14 0
BBX 14 30 0 -7
BITMAP
0000
0000
0000
0000
0000
0000
0000
0000
1080
0000
0000
0000
1800
3C80
3C00
1800
0000
18C0
3DE0
3DE0
18C0
0000
0000
1080
0000
0000
0000
0000
0000
0000
ENDCHAR
STARTCHAR Braille1236
ENCODING 10279
SWIDTH 467 0
DWIDTH 14 0
BBX 14 30 0 -7
BITMAP
0000
0000
0000
0000
0000
0000
0000
1800
3C80
3C00
1800
0000
1800
3C80
3C00
1800
0000
18C0
3DE0
3DE0
18C0
0000
0000
1080
0000
0000
0000
0000
0000
0000
ENDCHAR
STARTCHAR Braille46
ENCODING 10280
SWIDTH 467 0
DWIDTH 14 0
BBX 14 30 0 -7
BITMAP
0000
0000
0000
0000
0000
0000
0000
00C0
11E0
01E0
00C0
0000
0000
1080
0000
0000
0000
00C0
11E0
01E0
00C0
0000
0000
1080
0000
0000
0000
0000
0000
0000
ENDCHAR
STARTCHAR Braille146
ENCODING 10281
SWIDTH 467 0
DWIDTH 14 0
BBX 14 30 0 -7
BITMAP
0000
0000
0000
0000
0000
0000
0000
18C0
3DE0
3DE0
18C0
0000
0000
1080
0000
0000
0000
00C0
11E0
01E0
00C0
0000
0000
1080
0000
0000
0000
0000
0000
0000
ENDCHAR
STARTCHAR Braille246
ENCODING 10282
SWIDTH 467 0
DWIDTH 14 0
BBX 14 30 0 -7
BITMAP
0000
0000
0000
0000
0000
0000
0000
00C0
11E0
01E0
00C0
0000
1800
3C80
3C00
1800
0000
00C0
11E0
01E0
00C0
0000
0000
1080
0000
0000
0000
0000
0000
0000
ENDCHAR
STARTCHAR Braille1246
ENCODING 10283
SWIDTH 467 0
DWIDTH 14 0
BBX 14 30 0 -7
BITMAP
0000
0000
0000
0000
0000
0000
0000
18C0
3DE0
3DE0
18C0
0000
1800
3C80
3C00
1800
0000
00C0
11E0
01E0
00C0
0000
0000
1080
0000
0000
0000
0000
0000
0000
ENDCHAR
STARTCHAR Braille346
ENCODING 10284
SWIDTH 467 0
DWIDTH 14 0
BBX 14 30 0 -7
BITMAP
0000
0000
0000
0000
0000
0000
0000
00C0
11E0
01E0
00C0
0000
0000
1080
0000
0000
0000
18C0
3DE0
3DE0
18C0
0000
0000
1080
0000
0000
0000
0000
0000
0000
ENDCHAR
STARTCHAR Braille1346
ENCODING 10285
SWIDTH 467 0
DWIDTH 14 0
BBX 14 30 0 -7
BITMAP
0000
0000
0000
0000
0000
0000
0000
18C0
3DE0
3DE0
18C0
0000
0000
1080
0000
0000
0000
18C0
3DE0
3DE0
18C0
0000
0000
1080
0000
0000
0000
0000
0000
0000
ENDCHAR
STARTCHAR Braille2346
ENCODING 10286
SWIDTH 467 0
DWIDTH 14 0
BBX 14 30 0 -7
BITMAP
0000
0000
0000
0000
0000
0000
0000
00C0
11E0
01E0
00C0
0000
1800
3C80
3C00
1800
0000
18C0
3DE0
3DE0
18C0
0000
0000
1080
0000
0000
0000
0000
0000
0000
ENDCHAR
STARTCHAR Braille12346
ENCODING 10287
SWIDTH 467 0
DWIDTH 14 0
BBX 14 30 0 -7
BITMAP
0000
0000
0000
0000
0000
0000
0000
18C0
3DE0
3DE0
18C0
0000
1800
3C80
3C00
1800
0000
18C0
3DE0
3DE0
18C0
0000
0000
1080
0000
0000
0000
0000
0000
0000
ENDCHAR
STARTCHAR Braille56
ENCODING 10288
SWIDTH 467 0
DWIDTH 14 0
BBX 14 30 0 -7
BITMAP
0000
0000
0000
0000
0000
0000
0000
0000
1080
0000
0000
0000
00C0
11E0
01E0
00C0
0000
00C0
11E0
01E0
00C0
0000
0000
1080
0000
0000
0000
0000
0000
0000
ENDCHAR
STARTCHAR Braille156
ENCODING 10289
SWIDTH 467 0
DWIDTH 14 0
BBX 14 30 0 -7
BITMAP
0000
0000
0000
0000
0000
0000
0000
1800
3C80
3C00
1800
0000
00C0
11E0
01E0
00C0
0000
00C0
11E0
01E0
00C0
0000
0000
1080
0000
0000
0000
0000
0000
0000
ENDCHAR
STARTCHAR Braille256
ENCODING 10290
SWIDTH 467 0
DWIDTH 14 0
BBX 14 30 0 -7
BITMAP
0000
0000
0000
0000
0000
0000
0000
0000
1080
0000
0000
0000
18C0
3DE0
3DE0
18C0
0000
00C0
11E0
01E0
00C0
0000
0000
1080
0000
0000
0000
0000
0000
0000
ENDCHAR
STARTCHAR Braille1256
ENCODING 10291
SWIDTH 467 0
DWIDTH 14 0
BBX 14 30 0 -7
BITMAP
0000
0000
0000
0000
0000
0000
0000
1800
3C80
3C00
1800
0000
18C0
3DE0
3DE0
18C0
0000
00C0
11E0
01E0
00C0
0000
0000
1080
0000
0000
0000
0000
0000
0000
ENDCHAR
STARTCHAR Braille356
ENCODING 10292
SWIDTH 467 0
DWIDTH 14 0
BBX 14 30 0 -7
BITMAP
0000
0000
0000
0000
0000
0000
0000
0000
1080
0000
0000
0000
00C0
11E0
01E0
00C0
0000
18C0
3DE0
3DE0
18C0
0000
0000
1080
0000
0000
0000
0000
0000
0000
ENDCHAR
STARTCHAR Braille1356
ENCODING 10293
SWIDTH 467 0
DWIDTH 14 0
BBX 14 30 0 -7
BITMAP
0000
0000
0000
0000
0000
0000
0000
1800
3C80
3C00
1800
0000
00C0
11E0
01E0
00C0
0000
18C0
3DE0
3DE0
18C0
0000
0000
1080
0000
0000
0000
0000
0000
0000
ENDCHAR
STARTCHAR Braille2356
ENCODING 10294
SWIDTH 467 0
DWIDTH 14 0
BBX 14 30 0 -7
BITMAP
0000
0000
0000
0000
0000
0000
0000
0000
1080
0000
0000
0000
18C0
3DE0
3DE0
18C0
0000
18C0
3DE0
3DE0
18C0
0000
0000
1080
0000
0000
0000
0000
0000
0000
ENDCHAR
STARTCHAR Braille12356
ENCODING 10295
SWIDTH 467 0
DWIDTH 14 0
BBX 14 30 0 -7
BITMAP
0000
0000
0000
0000
0000
0000
0000
1800
3C80
3C00
1800
0000
18C0
3DE0
3DE0
18C0
0000
18C0
3DE0
3DE0
18C0
0000
0000
1080
0000
0000
0000
0000
0000
0000
ENDCHAR
STARTCHAR Braille456
ENCODING 10296
SWIDTH 467 0
DWIDTH 14 0
BBX 14 30 0 -7
BITMAP
0000
0000
0000
0000
0000
0000
0000
00C0
11E0
01E0
00C0
0000
00C0
11E0
01E0
00C0
0000
00C0
11E0
01E0
00C0
0000
0000
1080
0000
0000
0000
0000
0000
0000
ENDCHAR
STARTCHAR Braille1456
ENCODING 10297
SWIDTH 467 0
DWIDTH 14 0
BBX 14 30 0 -7
BITMAP
0000
0000
0000
0000
0000
0000
0000
18C0
3DE0
3DE0
18C0
0000
00C0
11E0
01E0
00C0
0000
00C0
11E0
01E0
00C0
0000
0000
1080
0000
0000
0000
0000
0000
0000
ENDCHAR
STARTCHAR Braille2456
ENCODING 10298
SWIDTH 467 0
DWIDTH 14 0
BBX 14 30 0 -7
BITMAP
0000
0000
0000
0000
0000
0000
0000
00C0
11E0
01E0
00C0
0000
18C0
3DE0
3DE0
18C0
0000
00C0
11E0
01E0
00C0
0000
0000
1080
0000
0000
0000
0000
0000
0000
ENDCHAR
STARTCHAR Braille12456
ENCODING 10299
SWIDTH 467 0
DWIDTH 14 0
BBX 14 30 0 -7
BITMAP
0000
0000
0000
0000
0000
0000
0000
18C0
3DE0
3DE0
18C0
0000
18C0
3DE0
3DE0
18C0
0000
00C0
11E0
01E0
00C0
0000
0000
1080
0000
0000
0000
0000
0000
0000
ENDCHAR
STARTCHAR Braille3456
ENCODING 10300
SWIDTH 467 0
DWIDTH 14 0
BBX 14 30 0 -7
BITMAP
0000
0000
0000
0000
0000
0000
0000
00C0
11E0
01E0
00C0
0000
00C0
11E0
01E0
00C0
0000
18C0
3DE0
3DE0
18C0
0000
0000
1080
0000
0000
0000
0000
0000
0000
ENDCHAR
STARTCHAR Braille13456
ENCODING 10301
SWIDTH 467 0
DWIDTH 14 0
BBX 14 30 0 -7
BITMAP
0000
0000
0000
0000
0000
0000
0000
18C0
3DE0
3DE0
18C0
0000
00C0
11E0
01E0
00C0
0000
18C0
3DE0
3DE0
18C0
0000
0000
1080
0000
0000
0000
0000
0000
0000
ENDCHAR
STARTCHAR Braille23456
ENCODING 10302
SWIDTH 467 0
DWIDTH 14 0
BBX 14 30 0 -7
BITMAP
0000
0000
0000
0000
0000
0000
0000
00C0
11E0
01E0
00C0
0000
18C0
3DE0
3DE0
18C0
0000
18C0
3DE0
3DE0
18C0
0000
0000
1080
0000
0000
0000
0000
0000
0000
ENDCHAR
STARTCHAR Braille123456
ENCODING 10303
SWIDTH 467 0
DWIDTH 14 0
BBX 14 30 0 -7
BITMAP
0000
0000
0000
0000
0000
0000
0000
18C0
3DE0
3DE0
18C0
0000
18C0
3DE0
3DE0
18C0
0000
18C0
3DE0
3DE0
18C0
0000
0000
1080
0000
0000
0000
0000
0000
0000
ENDCHAR
STARTCHAR Braille7
ENCODING 10304
SWIDTH 467 0
DWIDTH 14 0
BBX 14 30 0 -7
BITMAP
0000
0000
0000
0000
0000
0000
0000
0000
1080
0000
0000
0000
0000
1080
0000
0000
0000
0000
1080
0000
0000
0000
1800
3C80
3C00
1800
0000
0000
0000
0000
ENDCHAR
STARTCHAR Braille17
ENCODING 10305
SWIDTH 467 0
DWIDTH 14 0
BBX 14 30 0 -7
BITMAP
0000
0000
0000
0000
0000
0000
0000
1800
3C80
3C00
1800
0000
0000
1080
0000
0000
0000
0000
1080
0000
0000
0000
1800
3C80
3C00
1800
0000
0000
0000
0000
ENDCHAR
STARTCHAR Braille27
ENCODING 10306
SWIDTH 467 0
DWIDTH 14 0
BBX 14 30 0 -7
BITMAP
0000
0000
0000
0000
0000
0000
0000
0000
1080
0000
0000
0000
1800
3C80
3C00
1800
0000
0000
1080
0000
0000
0000
1800
3C80
3C00
1800
0000
0000
0000
0000
ENDCHAR
STARTCHAR Braille127
ENCODING 10307
SWIDTH 467 0
DWIDTH 14 0
BBX 14 30 0 -7
BITMAP
0000
0000
0000
0000
0000
0000
0000
1800
3C80
3C00
1800
0000
1800
3C80
3C00
1800
0000
0000
1080
0000
0000
0000
1800
3C80
3C00
1800
0000
0000
0000
0000
ENDCHAR
STARTCHAR Braille37
ENCODING 10308
SWIDTH 467 0
DWIDTH 14 0
BBX 14 30 0 -7
BITMAP
0000
0000
0000
0000
0000
0000
0000
0000
1080
0000
0000
0000
0000
1080
0000
0000
0000
1800
3C80
3C00
1800
0000
1800
3C80
3C00
1800
0000
0000
0000
0000
ENDCHAR
STARTCHAR Braille137
ENCODING 10309
SWIDTH 467 0
DWIDTH 14 0
BBX 14 30 0 -7
BITMAP
0000
0000
0000
0000
0000
0000
0000
1800
3C80
3C00
1800
0000
0000
1080
0000
0000
0000
1800
3C80
3C00
1800
0000
1800
3C80
3C00
1800
0000
0000
0000
0000
ENDCHAR
STARTCHAR Braille237
ENCODING 10310
SWIDTH 467 0
DWIDTH 14 0
BBX 14 30 0 -7
BITMAP
0000
0000
0000
0000
0000
0000
0000
0000
1080
0000
0000
0000
1800
3C80
3C00
1800
0000
1800
3C80
3C00
1800
0000
1800
3C80
3C00
1800
0000
0000
0000
0000
ENDCHAR
STARTCHAR Braille1237
ENCODING 10311
SWIDTH 467 0
DWIDTH 14 0
BBX 14 30 0 -7
BITMAP
0000
0000
0000
0000
0000
0000
0000
1800
3C80
3C00
1800
0000
1800
3C80
3C00
1800
0000
1800
3C80
3C00
1800
0000
1800
3C80
3C00
1800
0000
0000
0000
0000
ENDCHAR
STARTCHAR Braille47
ENCODING 10312
SWIDTH 467 0
DWIDTH 14 0
BBX 14 30 0 -7
BITMAP
0000
0000
0000
0000
0000
0000
0000
00C0
11E0
01E0
00C0
0000
0000
1080
0000
0000
0000
0000
1080
0000
0000
0000
1800
3C80
3C00
1800
0000
0000
0000
0000
ENDCHAR
STARTCHAR Braille147
ENCODING 10313
SWIDTH 467 0
DWIDTH 14 0
BBX 14 30 0 -7
BITMAP
0000
0000
0000
0000
0000
0000
0000
18C0
3DE0
3DE0
18C0
0000
0000
1080
0000
0000
0000
0000
1080
0000
0000
0000
1800
3C80
3C00
1800
0000
0000
0000
0000
ENDCHAR
STARTCHAR Braille247
ENCODING 10314
SWIDTH 467 0
DWIDTH 14 0
BBX 14 30 0 -7
BITMAP
0000
0000
0000
0000
0000
0000
0000
00C0
11E0
01E0
00C0
0000
1800
3C80
3C00
1800
0000
0000
1080
0000
0000
0000
1800
3C80
3C00
1800
0000
0000
0000
0000
ENDCHAR
STARTCHAR Braille1247
ENCODING 10315
SWIDTH 467 0
DWIDTH 14 0
BBX 14 30 0 -7
BITMAP
0000
0000
0000
0000
0000
0000
0000
18C0
3DE0
3DE0
18C0
0000
1800
3C80
3C00
1800
0000
0000
1080
0000
0000
0000
1800
3C80
3C00
1800
0000
0000
0000
0000
ENDCHAR
STARTCHAR Braille347
ENCODING 10316
SWIDTH 467 0
DWIDTH 14 0
BBX 14 30 0 -7
BITMAP
0000
0000
0000
0000
0000
0000
0000
00C0
11E0
01E0
00C0
0000
0000
1080
0000
0000
0000
1800
3C80
3C00
1800
0000
1800
3C80
3C00
1800
0000
0000
0000
0000
ENDCHAR
STARTCHAR Braille1347
ENCODING 10317
SWIDTH 467 0
DWIDTH 14 0
BBX 14 30 0 -7
BITMAP
0000
0000
0000
0000
0000
0000
0000
18C0
3DE0
3DE0
18C0
0000
0000
1080
0000
0000
0000
1800
3C80
3C00
1800
0000
1800
3C80
3C00
1800
0000
0000
0000
0000
ENDCHAR
STARTCHAR Braille2347
ENCODING 10318
SWIDTH 467 0
DWIDTH 14 0
BBX 14 30 0 -7
BITMAP
0000
0000
0000
0000
0000
0000
0000
00C0
11E0
01E0
00C0
0000
1800
3C80
3C00
1800
0000
1800
3C80
3C00
1800
0000
1800
3C80
3C00
1800
0000
0000
0000
0000
ENDCHAR
STARTCHAR Braille12347
ENCODING 10319
SWIDTH 467 0
DWIDTH 14 0
BBX 14 30 0 -7
BITMAP
0000
0000
0000
0000
0000
0000
0000
18C0
3DE0
3DE0
18C0
0000
1800
3C80
3C00
1800
0000
1800
3C80
3C00
1800
0000
1800
3C80
3C00
1800
0000
0000
0000
0000
ENDCHAR
STARTCHAR Braille57
ENCODING 10320
SWIDTH 467 0
DWIDTH 14 0
BBX 14 30 0 -7
BITMAP
0000
0000
0000
0000
0000
0000
0000
0000
1080
0000
0000
0000
00C0
11E0
01E0
00C0
0000
0000
1080
0000
0000
0000
1800
3C80
3C00
1800
0000
0000
0000
0000
ENDCHAR
STARTCHAR Braille157
ENCODING 10321
SWIDTH 467 0
DWIDTH 14 0
BBX 14 30 0 -7
BITMAP
0000
0000
0000
0000
0000
0000
0000
1800
3C80
3C00
1800
0000
00C0
11E0
01E0
00C0
0000
0000
1080
0000
0000
0000
1800
3C80
3C00
1800
0000
0000
0000
0000
ENDCHAR
STARTCHAR Braille257
ENCODING 10322
SWIDTH 467 0
DWIDTH 14 0
BBX 14 30 0 -7
BITMAP
0000
0000
0000
0000
0000
0000
0000
0000
1080
0000
0000
0000
18C0
3DE0
3DE0
18C0
0000
0000
1080
0000
0000
0000
1800
3C80
3C00
1800
0000
0000
0000
0000
ENDCHAR
STARTCHAR Braille1257
ENCODING 10323
SWIDTH 467 0
DWIDTH 14 0
BBX 14 30 0 -7
BITMAP
0000
0000
0000
0000
0000
0000
0000
1800
3C80
3C00
1800
0000
18C0
3DE0
3DE0
18C0
0000
0000
1080
0000
0000
0000
1800
3C80
3C00
1800
0000
0000
0000
0000
ENDCHAR
STARTCHAR Braille357
ENCODING 10324
SWIDTH 467 0
DWIDTH 14 0
BBX 14 30 0 -7
BITMAP
0000
0000
0000
0000
0000
0000
0000
0000
1080
0000
0000
0000
00C0
11E0
01E0
00C0
0000
1800
3C80
3C00
1800
0000
1800
3C80
3C00
1800
0000
0000
0000
0000
ENDCHAR
STARTCHAR Braille1357
ENCODING 10325
SWIDTH 467 0
DWIDTH 14 0
BBX 14 30 0 -7
BITMAP
0000
0000
0000
0000
0000
0000
0000
1800
3C80
3C00
1800
0000
00C0
11E0
01E0
00C0
0000
1800
3C80
3C00
1800
0000
1800
3C80
3C00
1800
0000
0000
0000
0000
ENDCHAR
STARTCHAR Braille2357
ENCODING 10326
SWIDTH 467 0
DWIDTH 14 0
BBX 14 30 0 -7
BITMAP
0000
0000
0000
0000
0000
0000
0000
0000
1080
0000
0000
0000
18C0
3DE0
3DE0
18C0
0000
1800
3C80
3C00
1800
0000
1800
3C80
3C00
1800
0000
0000
0000
0000
ENDCHAR
STARTCHAR Braille12357
ENCODING 10327
SWIDTH 467 0
DWIDTH 14 0
BBX 14 30 0 -7
BITMAP
0000
0000
0000
0000
0000
0000
0000
1800
3C80
3C00
1800
0000
18C0
3DE0
3DE0
18C0
0000
1800
3C80
3C00
1800
0000
1800
3C80
3C00
1800
0000
0000
0000
0000
ENDCHAR
STARTCHAR Braille457
ENCODING 10328
SWIDTH 467 0
DWIDTH 14 0
BBX 14 30 0 -7
BITMAP
0000
0000
0000
0000
0000
0000
0000
00C0
11E0
01E0
00C0
0000
00C0
11E0
01E0
00C0
0000
0000
1080
0000
0000
0000
1800
3C80
3C00
1800
0000
0000
0000
0000
ENDCHAR
STARTCHAR Braille1457
ENCODING 10329
SWIDTH 467 0
DWIDTH 14 0
BBX 14 30 0 -7
BITMAP
0000
0000
0000
0000
0000
0000
0000
18C0
3DE0
3DE0
18C0
0000
00C0
11E0
01E0
00C0
0000
0000
1080
0000
0000
0000
1800
3C80
3C00
1800
0000
0000
0000
0000
ENDCHAR
STARTCHAR Braille2457
ENCODING 10330
SWIDTH 467 0
DWIDTH 14 0
BBX 14 30 0 -7
BITMAP
0000
0000
0000
0000
0000
0000
0000
00C0
11E0
01E0
00C0
0000
18C0
3DE0
3DE0
18C0
0000
0000
1080
0000
0000
0000
1800
3C80
3C00
1800
0000
0000
0000
0000
ENDCHAR
STARTCHAR Braille12457
ENCODING 10331
SWIDTH 467 0
DWIDTH 14 0
BBX 14 30 0 -7
BITMAP
0000
0000
0000
0000
0000
0000
0000
18C0
3DE0
3DE0
18C0
0000
18C0
3DE0
3DE0
18C0
0000
0000
1080
0000
0000
0000
1800
3C80
3C00
1800
0000
0000
0000
0000
ENDCHAR
STARTCHAR Braille3457
ENCODING 10332
SWIDTH 467 0
DWIDTH 14 0
BBX 14 30 0 -7
BITMAP
0000
0000
0000
0000
0000
0000
0000
00C0
11E0
01E0
00C0
0000
00C0
11E0
01E0
00C0
0000
1800
3C80
3C00
1800
0000
1800
3C80
3C00
1800
0000
0000
0000
0000
ENDCHAR
STARTCHAR Braille13457
ENCODING 10333
SWIDTH 467 0
DWIDTH 14 0
BBX 14 30 0 -7
BITMAP
0000
0000
0000
0000
0000
0000
0000
18C0
3DE0
3DE0
18C0
0000
00C0
11E0
01E0
00C0
0000
1800
3C80
3C00
1800
0000
1800
3C80
3C00
1800
0000
0000
0000
0000
ENDCHAR
STARTCHAR Braille23457
ENCODING 10334
SWIDTH 467 0
DWIDTH 14 0
BBX 14 30 0 -7
BITMAP
0000
0000
0000
0000
0000
0000
0000
00C0
11E0
01E0
00C0
0000
18C0
3DE0
3DE0
18C0
0000
1800
3C80
3C00
1800
0000
1800
3C80
3C00
1800
0000
0000
0000
0000
ENDCHAR
STARTCHAR Braille123457
ENCODING 10335
SWIDTH 467 0
DWIDTH 14 0
BBX 14 30 0 -7
BITMAP
0000
0000
0000
0000
0000
0000
0000
18C0
3DE0
3DE0
18C0
0000
18C0
3DE0
3DE0
18C0
0000
1800
3C80
3C00
1800
0000
1800
3C80
3C00
1800
0000
0000
0000
0000
ENDCHAR
STARTCHAR Braille67
ENCODING 10336
SWIDTH 467 0
DWIDTH 14 0
BBX 14 30 0 -7
BITMAP
0000
0000
0000
0000
0000
0000
0000
0000
1080
0000
0000
0000
0000
1080
0000
0000
0000
00C0
11E0
01E0
00C0
0000
1800
3C80
3C00
1800
0000
0000
0000
0000
ENDCHAR
STARTCHAR Braille167
ENCODING 10337
SWIDTH 467 0
DWIDTH 14 0
BBX 14 30 0 -7
BITMAP
0000
0000
0000
0000
0000
0000
0000
1800
3C80
3C00
1800
0000
0000
1080
0000
0000
0000
00C0
11E0
01E0
00C0
0000
1800
3C80
3C00
1800
0000
0000
0000
0000
ENDCHAR
STARTCHAR Braille267
ENCODING 10338
SWIDTH 467 0
DWIDTH 14 0
BBX 14 30 0 -7
BITMAP
0000
0000
0000
0000
0000
0000
0000
0000
1080
0000
0000
0000
1800
3C80
3C00
1800
0000
00C0
11E0
01E0
00C0
0000
1800
3C80
3C00
1800
0000
0000
0000
0000
ENDCHAR
STARTCHAR Braille1267
ENCODING 10339
SWIDTH 467 0
DWIDTH 14 0
BBX 14 30 0 -7
BITMAP
0000
0000
0000
0000
0000
0000
0000
1800
3C80
3C00
1800
0000
1800
3C80
3C00
1800
0000
00C0
11E0
01E0
00C0
0000
1800
3C80
3C00
1800
0000
0000
0000
0000
ENDCHAR
STARTCHAR Braille367
ENCODING 10340
SWIDTH 467 0
DWIDTH 14 0
BBX 14 30 0 -7
BITMAP
0000
0000
0000
0000
0000
0000
0000
0000
1080
0000
0000
0000
0000
1080
0000
0000
0000
18C0
3DE0
3DE0
18C0
0000
1800
3C80
3C00
1800
0000
0000
0000
0000
ENDCHAR
STARTCHAR Braille1367
ENCODING 10341
SWIDTH 467 0
DWIDTH 14 0
BBX 14 30 0 -7
BITMAP
0000
0000
0000
0000
0000
0000
0000
1800
3C80
3C00
1800
0000
0000
1080
0000
0000
0000
18C0
3DE0
3DE0
18C0
0000
1800
3C80
3C00
1800
0000
0000
0000
0000
ENDCHAR
STARTCHAR Braille2367
ENCODING 10342
SWIDTH 467 0
DWIDTH 14 0
BBX 14 30 0 -7
BITMAP
0000
0000
0000
0000
0000
0000
0000
0000
1080
0000
0000
0000
1800
3C80
3C00
1800
0000
18C0
3DE0
3DE0
18C0
0000
1800
3C80
3C00
1800
0000
0000
0000
0000
ENDCHAR
STARTCHAR Braille12367
ENCODING 10343
SWIDTH 467 0
DWIDTH 14 0
BBX 14 30 0 -7
BITMAP
0000
0000
0000
0000
0000
0000
0000
1800
3C80
3C00
1800
0000
1800
3C80
3C00
1800
0000
18C0
3DE0
3DE0
18C0
0000
1800
3C80
3C00
1800
0000
0000
0000
0000
ENDCHAR
STARTCHAR Braille467
ENCODING 10344
SWIDTH 467 0
DWIDTH 14 0
BBX 14 30 0 -7
BITMAP
0000
0000
0000
0000
0000
0000
0000
00C0
11E0
01E0
00C0
0000
0000
1080
0000
0000
0000
00C0
11E0
01E0
00C0
0000
1800
3C80
3C00
1800
0000
0000
0000
0000
ENDCHAR
STARTCHAR Braille1467
ENCODING 10345
SWIDTH 467 0
DWIDTH 14 0
BBX 14 30 0 -7
BITMAP
0000
0000
0000
0000
0000
0000
0000
18C0
3DE0
3DE0
18C0
0000
0000
1080
0000
0000
0000
00C0
11E0
01E0
00C0
0000
1800
3C80
3C00
1800
0000
0000
0000
0000
ENDCHAR
STARTCHAR Braille2467
ENCODING 10346
SWIDTH 467 0
DWIDTH 14 0
BBX 14 30 0 -7
BITMAP
0000
0000
0000
0000
0000
0000
0000
00C0
11E0
01E0
00C0
0000
1800
3C80
3C00
1800
0000
00C0
11E0
01E0
00C0
0000
1800
3C80
3C00
1800
0000
0000
0000
0000
ENDCHAR
STARTCHAR Braille12467
ENCODING 10347
SWIDTH 467 0
DWIDTH 14 0
BBX 14 30 0 -7
BITMAP
0000
0000
0000
0000
0000
0000
0000
18C0
3DE0
3DE0
18C0
0000
1800
3C80
3C00
1800
0000
00C0
11E0
01E0
00C0
0000
1800
3C80
3C00
1800
0000
0000
0000
0000
ENDCHAR
STARTCHAR Braille3467
ENCODING 10348
SWIDTH 467 0
DWIDTH 14 0
BBX 14 30 0 -7
BITMAP
0000
0000
0000
0000
0000
0000
0000
00C0
11E0
01E0
00C0
0000
0000
1080
0000
0000
0000
18C0
3DE0
3DE0
18C0
0000
1800
3C80
3C00
1800
0000
0000
0000
0000
ENDCHAR
STARTCHAR Braille13467
ENCODING 10349
SWIDTH 467 0
DWIDTH 14 0
BBX 14 30 0 -7
BITMAP
0000
0000
0000
0000
0000
0000
0000
18C0
3DE0
3DE0
18C0
0000
0000
1080
0000
0000
0000
18C0
3DE0
3DE0
18C0
0000
1800
3C80
3C00
1800
0000
0000
0000
0000
ENDCHAR
STARTCHAR Braille23467
ENCODING 10350
SWIDTH 467 0
DWIDTH 14 0
BBX 14 30 0 -7
BITMAP
0000
0000
0000
0000
0000
0000
0000
00C0
11E0
01E0
00C0
0000
1800
3C80
3C00
1800
0000
18C0
3DE0
3DE0
18C0
0000
1800
3C80
3C00
1800
0000
0000
0000
0000
ENDCHAR
STARTCHAR Braille123467
ENCODING 10351
SWIDTH 467 0
DWIDTH 14 0
BBX 14 30 0 -7
BITMAP
0000
0000
0000
0000
0000
0000
0000
18C0
3DE0
3DE0
18C0
0000
1800
3C80
3C00
1800
0000
18C0
3DE0
3DE0
18C0
0000
1800
3C80
3C00
1800
0000
0000
0000
0000
ENDCHAR
STARTCHAR Braille567
ENCODING 10352
SWIDTH 467 0
DWIDTH 14 0
BBX 14 30 0 -7
BITMAP
0000
0000
0000
0000
0000
0000
0000
0000
1080
0000
0000
0000
00C0
11E0
01E0
00C0
0000
00C0
11E0
01E0
00C0
0000
1800
3C80
3C00
1800
0000
0000
0000
0000
ENDCHAR
STARTCHAR Braille1567
ENCODING 10353
SWIDTH 467 0
DWIDTH 14 0
BBX 14 30 0 -7
BITMAP
0000
0000
0000
0000
0000
0000
0000
1800
3C80
3C00
1800
0000
00C0
11E0
01E0
00C0
0000
00C0
11E0
01E0
00C0
0000
1800
3C80
3C00
1800
0000
0000
0000
0000
ENDCHAR
STARTCHAR Braille2567
ENCODING 10354
SWIDTH 467 0
DWIDTH 14 0
BBX 14 30 0 -7
BITMAP
0000
0000
0000
0000
0000
0000
0000
0000
1080
0000
0000
0000
18C0
3DE0
3DE0
18C0
0000
00C0
11E0
01E0
00C0
0000
1800
3C80
3C00
1800
0000
0000
0000
0000
ENDCHAR
STARTCHAR Braille12567
ENCODING 10355
SWIDTH 467 0
DWIDTH 14 0
BBX 14 30 0 -7
BITMAP
0000
0000
0000
0000
0000
0000
0000
1800
3C80
3C00
1800
0000
18C0
3DE0
3DE0
18C0
0000
00C0
11E0
01E0
00C0
0000
1800
3C80
3C00
1800
0000
0000
0000
0000
ENDCHAR
STARTCHAR Braille3567
ENCODING 10356
SWIDTH 467 0
DWIDTH 14 0
BBX 14 30 0 -7
BITMAP
0000
0000
0000
0000
0000
0000
0000
0000
1080
0000
0000
0000
00C0
11E0
01E0
00C0
0000
18C0
3DE0
3DE0
18C0
0000
1800
3C80
3C00
1800
0000
0000
0000
0000
ENDCHAR
STARTCHAR Braille13567
ENCODING 10357
SWIDTH 467 0
DWIDTH 14 0
BBX 14 30 0 -7
BITMAP
0000
0000
0000
0000
0000
0000
0000
1800
3C80
3C00
1800
0000
00C0
11E0
01E0
00C0
0000
18C0
3DE0
3DE0
18C0
0000
1800
3C80
3C00
1800
0000
0000
0000
0000
ENDCHAR
STARTCHAR Braille23567
ENCODING 10358
SWIDTH 467 0
DWIDTH 14 0
BBX 14 30 0 -7
BITMAP
0000
0000
0000
0000
0000
0000
0000
0000
1080
0000
0000
0000
18C0
3DE0
3DE0
18C0
0000
18C0
3DE0
3DE0
18C0
0000
1800
3C80
3C00
1800
0000
0000
0000
0000
ENDCHAR
STARTCHAR Braille123567
ENCODING 10359
SWIDTH 467 0
DWIDTH 14 0
BBX 14 30 0 -7
BITMAP
0000
0000
0000
0000
0000
0000
0000
1800
3C80
3C00
1800
0000
18C0
3DE0
3DE0
18C0
0000
18C0
3DE0
3DE0
18C0
0000
1800
3C80
3C00
1800
0000
0000
0000
0000
ENDCHAR
STARTCHAR Braille4567
ENCODING 10360
SWIDTH 467 0
DWIDTH 14 0
BBX 14 30 0 -7
BITMAP
0000
0000
0000
0000
0000
0000
0000
00C0
11E0
01E0
00C0
0000
00C0
11E0
01E0
00C0
0000
00C0
11E0
01E0
00C0
0000
1800
3C80
3C00
1800
0000
0000
0000
0000
ENDCHAR
STARTCHAR Braille14567
ENCODING 10361
SWIDTH 467 0
DWIDTH 14 0
BBX 14 30 0 -7
BITMAP
0000
0000
0000
0000
0000
0000
0000
18C0
3DE0
3DE0
18C0
0000
00C0
11E0
01E0
00C0
0000
00C0
11E0
01E0
00C0
0000
1800
3C80
3C00
1800
0000
0000
0000
0000
ENDCHAR
STARTCHAR Braille24567
ENCODING 10362
SWIDTH 467 0
DWIDTH 14 0
BBX 14 30 0 -7
BITMAP
0000
0000
0000
0000
0000
0000
0000
00C0
11E0
01E0
00C0
0000
18C0
3DE0
3DE0
18C0
0000
00C0
11E0
01E0
00C0
0000
1800
3C80
3C00
1800
0000
0000
0000
0000
ENDCHAR
STARTCHAR Braille124567
ENCODING 10363
SWIDTH 467 0
DWIDTH 14 0
BBX 14 30 0 -7
BITMAP
0000
0000
0000
0000
0000
0000
0000
18C0
3DE0
3DE0
18C0
0000
18C0
3DE0
3DE0
18C0
0000
00C0
11E0
01E0
00C0
0000
1800
3C80
3C00
1800
0000
0000
0000
0000
ENDCHAR
STARTCHAR Braille34567
ENCODING 10364
SWIDTH 467 0
DWIDTH 14 0
BBX 14 30 0 -7
BITMAP
0000
0000
0000
0000
0000
0000
0000
00C0
11E0
01E0
00C0
0000
00C0
11E0
01E0
00C0
0000
18C0
3DE0
3DE0
18C0
0000
1800
3C80
3C00
1800
0000
0000
0000
0000
ENDCHAR
STARTCHAR Braille134567
ENCODING 10365
SWIDTH 467 0
DWIDTH 14 0
BBX 14 30 0 -7
BITMAP
0000
0000
0000
0000
0000
0000
0000
18C0
3DE0
3DE0
18C0
0000
00C0
11E0
01E0
00C0
0000
18C0
3DE0
3DE0
18C0
0000
1800
3C80
3C00
1800
0000
0000
0000
0000
ENDCHAR
STARTCHAR Braille234567
ENCODING 10366
SWIDTH 467 0
DWIDTH 14 0
BBX 14 30 0 -7
BITMAP
0000
0000
0000
0000
0000
0000
0000
00C0
11E0
01E0
00C0
0000
18C0
3DE0
3DE0
18C0
0000
18C0
3DE0
3DE0
18C0
0000
1800
3C80
3C00
1800
0000
0000
0000
0000
ENDCHAR
STARTCHAR Braille1234567
ENCODING 10367
SWIDTH 467 0
DWIDTH 14 0
BBX 14 30 0 -7
BITMAP
0000
0000
0000
0000
0000
0000
0000
18C0
3DE0
3DE0
18C0
0000
18C0
3DE0
3DE0
18C0
0000
18C0
3DE0
3DE0
18C0
0000
1800
3C80
3C00
1800
0000
0000
0000
0000
ENDCHAR
STARTCHAR Braille8
ENCODING 10368
SWIDTH 467 0
DWIDTH 14 0
BBX 14 30 0 -7
BITMAP
0000
0000
0000
0000
0000
0000
0000
0000
1080
0000
0000
0000
0000
1080
0000
0000
0000
0000
1080
0000
0000
0000
00C0
11E0
01E0
00C0
0000
0000
0000
0000
ENDCHAR
STARTCHAR Braille18
ENCODING 10369
SWIDTH 467 0
DWIDTH 14 0
BBX 14 30 0 -7
BITMAP
0000
0000
0000
0000
0000
0000
0000
1800
3C80
3C00
1800
0000
0000
1080
0000
0000
0000
0000
1080
0000
0000
0000
00C0
11E0
01E0
00C0
0000
0000
0000
0000
ENDCHAR
STARTCHAR Braille28
ENCODING 10370
SWIDTH 467 0
DWIDTH 14 0
BBX 14 30 0 -7
BITMAP
0000
0000
0000
0000
0000
0000
0000
0000
1080
0000
0000
0000
1800
3C80
3C00
1800
0000
0000
1080
0000
0000
0000
00C0
11E0
01E0
00C0
0000
0000
0000
0000
ENDCHAR
STARTCHAR Braille128
ENCODING 10371
SWIDTH 467 0
DWIDTH 14 0
BBX 14 30 0 -7
BITMAP
0000
0000
0000
0000
0000
0000
0000
1800
3C80
3C00
1800
0000
1800
3C80
3C00
1800
0000
0000
1080
0000
0000
0000
00C0
11E0
01E0
00C0
0000
0000
0000
0000
ENDCHAR
STARTCHAR Braille38
ENCODING 10372
SWIDTH 467 0
DWIDTH 14 0
BBX 14 30 0 -7
BITMAP
0000
0000
0000
0000
0000
0000
0000
0000
1080
0000
0000
0000
0000
1080
0000
0000
0000
1800
3C80
3C00
1800
0000
00C0
11E0
01E0
00C0
0000
0000
0000
0000
ENDCHAR
STARTCHAR Braille138
ENCODING 10373
SWIDTH 467 0
DWIDTH 14 0
BBX 14 30 0 -7
BITMAP
0000
0000
0000
0000
0000
0000
0000
1800
3C80
3C00
1800
0000
0000
1080
0000
0000
0000
1800
3C80
3C00
1800
0000
00C0
11E0
01E0
00C0
0000
0000
0000
0000
ENDCHAR
STARTCHAR Braille238
ENCODING 10374
SWIDTH 467 0
DWIDTH 14 0
BBX 14 30 0 -7
BITMAP
0000
0000
0000
0000
0000
0000
0000
0000
1080
0000
0000
0000
1800
3C80
3C00
1800
0000
1800
3C80
3C00
1800
0000
00C0
11E0
01E0
00C0
0000
0000
0000
0000
ENDCHAR
STARTCHAR Braille1238
ENCODING 10375
SWIDTH 467 0
DWIDTH 14 0
BBX 14 30 0 -7
BITMAP
0000
0000
0000
0000
0000
0000
0000
1800
3C80
3C00
1800
0000
1800
3C80
3C00
1800
0000
1800
3C80
3C00
1800
0000
00C0
11E0
01E0
00C0
0000
0000
0000
0000
ENDCHAR
STARTCHAR Braille48
ENCODING 10376
SWIDTH 467 0
DWIDTH 14 0
BBX 14 30 0 -7
BITMAP
0000
0000
0000
0000
0000
0000
0000
00C0
11E0
01E0
00C0
0000
0000
1080
0000
0000
0000
0000
1080
0000
0000
0000
00C0
11E0
01E0
00C0
0000
0000
0000
0000
ENDCHAR
STARTCHAR Braille148
ENCODING 10377
SWIDTH 467 0
DWIDTH 14 0
BBX 14 30 0 -7
BITMAP
0000
0000
0000
0000
0000
0000
0000
18C0
3DE0
3DE0
18C0
0000
0000
1080
0000
0000
0000
0000
1080
0000
0000
0000
00C0
11E0
01E0
00C0
0000
0000
0000
0000
ENDCHAR
STARTCHAR Braille248
ENCODING 10378
SWIDTH 467 0
DWIDTH 14 0
BBX 14 30 0 -7
BITMAP
0000
0000
0000
0000
0000
0000
0000
00C0
11E0
01E0
00C0
0000
1800
3C80
3C00
1800
0000
0000
1080
0000
0000
0000
00C0
11E0
01E0
00C0
0000
0000
0000
0000
ENDCHAR
STARTCHAR Braille1248
ENCODING 10379
SWIDTH 467 0
DWIDTH 14 0
BBX 14 30 0 -7
BITMAP
0000
0000
0000
0000
0000
0000
0000
18C0
3DE0
3DE0
18C0
0000
1800
3C80
3C00
1800
0000
0000
1080
0000
0000
0000
00C0
11E0
01E0
00C0
0000
0000
0000
0000
ENDCHAR
STARTCHAR Braille348
ENCODING 10380
SWIDTH 467 0
DWIDTH 14 0
BBX 14 30 0 -7
BITMAP
0000
0000
0000
0000
0000
0000
0000
00C0
11E0
01E0
00C0
0000
0000
1080
0000
0000
0000
1800
3C80
3C00
1800
0000
00C0
11E0
01E0
00C0
0000
0000
0000
0000
ENDCHAR
STARTCHAR Braille1348
ENCODING 10381
SWIDTH 467 0
DWIDTH 14 0
BBX 14 30 0 -7
BITMAP
0000
0000
0000
0000
0000
0000
0000
18C0
3DE0
3DE0
18C0
0000
0000
1080
0000
0000
0000
1800
3C80
3C00
1800
0000
00C0
11E0
01E0
00C0
0000
0000
0000
0000
ENDCHAR
STARTCHAR Braille2348
ENCODING 10382
SWIDTH 467 0
DWIDTH 14 0
BBX 14 30 0 -7
BITMAP
0000
0000
0000
0000
0000
0000
0000
00C0
11E0
01E0
00C0
0000
1800
3C80
3C00
1800
0000
1800
3C80
3C00
1800
0000
00C0
11E0
01E0
00C0
0000
0000
0000
0000
ENDCHAR
STARTCHAR Braille12348
ENCODING 10383
SWIDTH 467 0
DWIDTH 14 0
BBX 14 30 0 -7
BITMAP
0000
0000
0000
0000
0000
0000
0000
18C0
3DE0
3DE0
18C0
0000
1800
3C80
3C00
1800
0000
1800
3C80
3C00
1800
0000
00C0
11E0
01E0
00C0
0000
0000
0000
0000
ENDCHAR
STARTCHAR Braille58
ENCODING 10384
SWIDTH 467 0
DWIDTH 14 0
BBX 14 30 0 -7
BITMAP
0000
0000
0000
0000
0000
0000
0000
0000
1080
0000
0000
0000
00C0
11E0
01E0
00C0
0000
0000
1080
0000
0000
0000
00C0
11E0
01E0
00C0
0000
0000
0000
0000
ENDCHAR
STARTCHAR Braille158
ENCODING 10385
SWIDTH 467 0
DWIDTH 14 0
BBX 14 30 0 -7
BITMAP
0000
0000
0000
0000
0000
0000
0000
1800
3C80
3C00
1800
0000
00C0
11E0
01E0
00C0
0000
0000
1080
0000
0000
0000
00C0
11E0
01E0
00C0
0000
0000
0000
0000
ENDCHAR
STARTCHAR Braille258
ENCODING 10386
SWIDTH 467 0
DWIDTH 14 0
BBX 14 30 0 -7
BITMAP
0000
0000
0000
0000
0000
0000
0000
0000
1080
0000
0000
0000
18C0
3DE0
3DE0
18C0
0000
0000
1080
0000
0000
0000
00C0
11E0
01E0
00C0
0000
0000
0000
0000
ENDCHAR
STARTCHAR Braille1258
ENCODING 10387
SWIDTH 467 0
DWIDTH 14 0
BBX 14 30 0 -7
BITMAP
0000
0000
0000
0000
0000
0000
0000
1800
3C80
3C00
1800
0000
18C0
3DE0
3DE0
18C0
0000
0000
1080
0000
0000
0000
00C0
11E0
01E0
00C0
0000
0000
0000
0000
ENDCHAR
STARTCHAR Braille358
ENCODING 10388
SWIDTH 467 0
DWIDTH 14 0
BBX 14 30 0 -7
BITMAP
0000
0000
0000
0000
0000
0000
0000
0000
1080
0000
0000
0000
00C0
11E0
01E0
00C0
0000
1800
3C80
3C00
1800
0000
00C0
11E0
01E0
00C0
0000
0000
0000
0000
ENDCHAR
STARTCHAR Braille1358
ENCODING 10389
SWIDTH 467 0
DWIDTH 14 0
BBX 14 30 0 -7
BITMAP
0000
0000
0000
0000
0000
0000
0000
1800
3C80
3C00
1800
0000
00C0
11E0
01E0
00C0
0000
1800
3C80
3C00
1800
0000
00C0
11E0
01E0
00C0
0000
0000
0000
0000
ENDCHAR
STARTCHAR Braille2358
ENCODING 10390
SWIDTH 467 0
DWIDTH 14 0
BBX 14 30 0 -7
BITMAP
0000
0000
0000
0000
0000
0000
0000
0000
1080
0000
0000
0000
18C0
3DE0
3DE0
18C0
0000
1800
3C80
3C00
1800
0000
00C0
11E0
01E0
00C0
0000
0000
0000
0000
ENDCHAR
STARTCHAR Braille12358
ENCODING 10391
SWIDTH 467 0
DWIDTH 14 0
BBX 14 30 0 -7
BITMAP
0000
0000
0000
0000
0000
0000
0000
1800
3C80
3C00
1800
0000
18C0
3DE0
3DE0
18C0
0000
1800
3C80
3C00
1800
0000
00C0
11E0
01E0
00C0
0000
0000
0000
0000
ENDCHAR
STARTCHAR Braille458
ENCODING 10392
SWIDTH 467 0
DWIDTH 14 0
BBX 14 30 0 -7
BITMAP
0000
0000
0000
0000
0000
0000
0000
00C0
11E0
01E0
00C0
0000
00C0
11E0
01E0
00C0
0000
0000
1080
0000
0000
0000
00C0
11E0
01E0
00C0
0000
0000
0000
0000
ENDCHAR
STARTCHAR Braille1458
ENCODING 10393
SWIDTH 467 0
DWIDTH 14 0
BBX 14 30 0 -7
BITMAP
0000
0000
0000
0000
0000
0000
0000
18C0
3DE0
3DE0
18C0
0000
00C0
11E0
01E0
00C0
0000
0000
1080
0000
0000
0000
00C0
11E0
01E0
00C0
0000
0000
0000
0000
ENDCHAR
STARTCHAR Braille2458
ENCODING 10394
SWIDTH 467 0
DWIDTH 14 0
BBX 14 30 0 -7
BITMAP
0000
0000
0000
0000
0000
0000
0000
00C0
11E0
01E0
00C0
0000
18C0
3DE0
3DE0
18C0
0000
0000
1080
0000
0000
0000
00C0
11E0
01E0
00C0
0000
0000
0000
0000
ENDCHAR
STARTCHAR Braille12458
ENCODING 10395
SWIDTH 467 0
DWIDTH 14 0
BBX 14 30 0 -7
BITMAP
0000
0000
0000
0000
0000
0000
0000
18C0
3DE0
3DE0
18C0
0000
18C0
3DE0
3DE0
18C0
0000
0000
1080
0000
0000
0000
00C0
11E0
01E0
00C0
0000
0000
0000
0000
ENDCHAR
STARTCHAR Braille3458
ENCODING 10396
SWIDTH 467 0
DWIDTH 14 0
BBX 14 30 0 -7
BITMAP
0000
0000
0000
0000
0000
0000
0000
00C0
11E0
01E0
00C0
0000
00C0
11E0
01E0
00C0
0000
1800
3C80
3C00
1800
0000
00C0
11E0
01E0
00C0
0000
0000
0000
0000
ENDCHAR
STARTCHAR Braille13458
ENCODING 10397
SWIDTH 467 0
DWIDTH 14 0
BBX 14 30 0 -7
BITMAP
0000
0000
0000
0000
0000
0000
0000
18C0
3DE0
3DE0
18C0
0000
00C0
11E0
01E0
00C0
0000
1800
3C80
3C00
1800
0000
00C0
11E0
01E0
00C0
0000
0000
0000
0000
ENDCHAR
STARTCHAR Braille23458
ENCODING 10398
SWIDTH 467 0
DWIDTH 14 0
BBX 14 30 0 -7
BITMAP
0000
0000
0000
0000
0000
0000
0000
00C0
11E0
01E0
00C0
0000
18C0
3DE0
3DE0
18C0
0000
1800
3C80
3C00
1800
0000
00C0
11E0
01E0
00C0
0000
0000
0000
0000
ENDCHAR
STARTCHAR Braille123458
ENCODING 10399
SWIDTH 467 0
DWIDTH 14 0
BBX 14 30 0 -7
BITMAP
0000
0000
0000
0000
0000
0000
0000
18C0
3DE0
3DE0
18C0
0000
18C0
3DE0
3DE0
18C0
0000
1800
3C80
3C00
1800
0000
00C0
11E0
01E0
00C0
0000
0000
0000
0000
ENDCHAR
STARTCHAR Braille68
ENCODING 10400
SWIDTH 467 0
DWIDTH 14 0
BBX 14 30 0 -7
BITMAP
0000
0000
0000
0000
0000
0000
0000
0000
1080
0000
0000
0000
0000
1080
0000
0000
0000
00C0
11E0
01E0
00C0
0000
00C0
11E0
01E0
00C0
0000
0000
0000
0000
ENDCHAR
STARTCHAR Braille168
ENCODING 10401
SWIDTH 467 0
DWIDTH 14 0
BBX 14 30 0 -7
BITMAP
0000
0000
0000
0000
0000
0000
0000
1800
3C80
3C00
1800
0000
0000
1080
0000
0000
0000
00C0
11E0
01E0
00C0
0000
00C0
11E0
01E0
00C0
0000
0000
0000
0000
ENDCHAR
STARTCHAR Braille268
ENCODING 10402
SWIDTH 467 0
DWIDTH 14 0
BBX 14 30 0 -7
BITMAP
0000
0000
0000
0000
0000
0000
0000
0000
1080
0000
0000
0000
1800
3C80
3C00
1800
0000
00C0
11E0
01E0
00C0
0000
00C0
11E0
01E0
00C0
0000
0000
0000
0000
ENDCHAR
STARTCHAR Braille1268
ENCODING 10403
SWIDTH 467 0
DWIDTH 14 0
BBX 14 30 0 -7
BITMAP
0000
0000
0000
0000
0000
0000
0000
1800
3C80
3C00
1800
0000
1800
3C80
3C00
1800
0000
00C0
11E0
01E0
00C0
0000
00C0
11E0
01E0
00C0
0000
0000
0000
0000
ENDCHAR
STARTCHAR Braille368
ENCODING 10404
SWIDTH 467 0
DWIDTH 14 0
BBX 14 30 0 -7
BITMAP
0000
0000
0000
0000
0000
0000
0000
0000
1080
0000
0000
0000
0000
1080
0000
0000
0000
18C0
3DE0
3DE0
18C0
0000
00C0
11E0
01E0
00C0
0000
0000
0000
0000
ENDCHAR
STARTCHAR Braille1368
ENCODING 10405
SWIDTH 467 0
DWIDTH 14 0
BBX 14 30 0 -7
BITMAP
0000
0000
0000
0000
0000
0000
0000
1800
3C80
3C00
1800
0000
0000
1080
0000
0000
0000
18C0
3DE0
3DE0
18C0
0000
00C0
11E0
01E0
00C0
0000
0000
0000
0000
ENDCHAR
STARTCHAR Braille2368
ENCODING 10406
SWIDTH 467 0
DWIDTH 14 0
BBX 14 30 0 -7
BITMAP
0000
0000
0000
0000
0000
0000
0000
0000
1080
0000
0000
0000
1800
3C80
3C00
1800
0000
18C0
3DE0
3DE0
18C0
0000
00C0
11E0
01E0
00C0
0000
0000
0000
0000
ENDCHAR
STARTCHAR Braille12368
ENCODING 10407
SWIDTH 467 0
DWIDTH 14 0
BBX 14 30 0 -7
BITMAP
0000
0000
0000
0000
0000
0000
0000
1800
3C80
3C00
1800
0000
1800
3C80
3C00
1800
0000
18C0
3DE0
3DE0
18C0
0000
00C0
11E0
01E0
00C0
0000
0000
0000
0000
ENDCHAR
STARTCHAR Braille468
ENCODING 10408
SWIDTH 467 0
DWIDTH 14 0
BBX 14 30 0 -7
BITMAP
0000
0000
0000
0000
0000
0000
0000
00C0
11E0
01E0
00C0
0000
0000
1080
0000
0000
0000
00C0
11E0
01E0
00C0
0000
00C0
11E0
01E0
00C0
0000
0000
0000
0000
ENDCHAR
STARTCHAR Braille1468
ENCODING 10409
SWIDTH 467 0
DWIDTH 14 0
BBX 14 30 0 -7
BITMAP
0000
0000
0000
0000
0000
0000
0000
18C0
3DE0
3DE0
18C0
0000
0000
1080
0000
0000
0000
00C0
11E0
01E0
00C0
0000
00C0
11E0
01E0
00C0
0000
0000
0000
0000
ENDCHAR
STARTCHAR Braille2468
ENCODING 10410
SWIDTH 467 0
DWIDTH 14 0
BBX 14 30 0 -7
BITMAP
0000
0000
0000
0000
0000
0000
0000
00C0
11E0
01E0
00C0
0000
1800
3C80
3C00
1800
0000
00C0
11E0
01E0
00C0
0000
00C0
11E0
01E0
00C0
0000
0000
0000
0000
ENDCHAR
STARTCHAR Braille12468
ENCODING 10411
SWIDTH 467 0
DWIDTH 14 0
BBX 14 30 0 -7
BITMAP
0000
0000
0000
0000
0000
0000
0000
18C0
3DE0
3DE0
18C0
0000
1800
3C80
3C00
1800
0000
00C0
11E0
01E0
00C0
0000
00C0
11E0
01E0
00C0
0000
0000
0000
0000
ENDCHAR
STARTCHAR Braille3468
ENCODING 10412
SWIDTH 467 0
DWIDTH 14 0
BBX 14 30 0 -7
BITMAP
0000
0000
0000
0000
0000
0000
0000
00C0
11E0
01E0
00C0
0000
0000
1080
0000
0000
0000
18C0
3DE0
3DE0
18C0
0000
00C0
11E0
01E0
00C0
0000
0000
0000
0000
ENDCHAR
STARTCHAR Braille13468
ENCODING 10413
SWIDTH 467 0
DWIDTH 14 0
BBX 14 30 0 -7
BITMAP
0000
0000
0000
0000
0000
0000
0000
18C0
3DE0
3DE0
18C0
0000
0000
1080
0000
0000
0000
18C0
3DE0
3DE0
18C0
0000
00C0
11E0
01E0
00C0
0000
0000
0000
0000
ENDCHAR
STARTCHAR Braille23468
ENCODING 10414
SWIDTH 467 0
DWIDTH 14 0
BBX 14 30 0 -7
BITMAP
0000
0000
0000
0000
0000
0000
0000
00C0
11E0
01E0
00C0
0000
1800
3C80
3C00
1800
0000
18C0
3DE0
3DE0
18C0
0000
00C0
11E0
01E0
00C0
0000
0000
0000
0000
ENDCHAR
STARTCHAR Braille123468
ENCODING 10415
SWIDTH 467 0
DWIDTH 14 0
BBX 14 30 0 -7
BITMAP
0000
0000
0000
0000
0000
0000
0000
18C0
3DE0
3DE0
18C0
0000
1800
3C80
3C00
1800
0000
18C0
3DE0
3DE0
18C0
0000
00C0
11E0
01E0
00C0
0000
0000
0000
0000
ENDCHAR
STARTCHAR Braille568
ENCODING 10416
SWIDTH 467 0
DWIDTH 14 0
BBX 14 30 0 -7
BITMAP
0000
0000
0000
0000
0000
0000
0000
0000
1080
0000
0000
0000
00C0
11E0
01E0
00C0
0000
00C0
11E0
01E0
00C0
0000
00C0
11E0
01E0
00C0
0000
0000
0000
0000
ENDCHAR
STARTCHAR Braille1568
ENCODING 10417
SWIDTH 467 0
DWIDTH 14 0
BBX 14 30 0 -7
BITMAP
0000
0000
0000
0000
0000
0000
0000
1800
3C80
3C00
1800
0000
00C0
11E0
01E0
00C0
0000
00C0
11E0
01E0
00C0
0000
00C0
11E0
01E0
00C0
0000
0000
0000
0000
ENDCHAR
STARTCHAR Braille2568
ENCODING 10418
SWIDTH 467 0
DWIDTH 14 0
BBX 14 30 0 -7
BITMAP
0000
0000
0000
0000
0000
0000
0000
0000
1080
0000
0000
0000
18C0
3DE0
3DE0
18C0
0000
00C0
11E0
01E0
00C0
0000
00C0
11E0
01E0
00C0
0000
0000
0000
0000
ENDCHAR
STARTCHAR Braille12568
ENCODING 10419
SWIDTH 467 0
DWIDTH 14 0
BBX 14 30 0 -7
BITMAP
0000
0000
0000
0000
0000
0000
0000
1800
3C80
3C00
1800
0000
18C0
3DE0
3DE0
18C0
0000
00C0
11E0
01E0
00C0
0000
00C0
11E0
01E0
00C0
0000
0000
0000
0000
ENDCHAR
STARTCHAR Braille3568
ENCODING 10420
SWIDTH 467 0
DWIDTH 14 0
BBX 14 30 0 -7
BITMAP
0000
0000
0000
0000
0000
0000
0000
0000
1080
0000
0000
0000
00C0
11E0
01E0
00C0
0000
18C0
3DE0
3DE0
18C0
0000
00C0
11E0
01E0
00C0
0000
0000
0000
0000
ENDCHAR
STARTCHAR Braille13568
ENCODING 10421
SWIDTH 467 0
DWIDTH 14 0
BBX 14 30 0 -7
BITMAP
0000
0000
0000
0000
0000
0000
0000
1800
3C80
3C00
1800
0000
00C0
11E0
01E0
00C0
0000
18C0
3DE0
3DE0
18C0
0000
00C0
11E0
01E0
00C0
0000
0000
0000
0000
ENDCHAR
STARTCHAR Braille23568
ENCODING 10422
SWIDTH 467 0
DWIDTH 14 0
BBX 14 30 0 -7
BITMAP
0000
0000
0000
0000
0000
0000
0000
0000
1080
0000
0000
0000
18C0
3DE0
3DE0
18C0
0000
18C0
3DE0
3DE0
18C0
0000
00C0
11E0
01E0
00C0
0000
0000
0000
0000
ENDCHAR
STARTCHAR Braille123568
ENCODING 10423
SWIDTH 467 0
DWIDTH 14 0
BBX 14 30 0 -7
BITMAP
0000
0000
0000
0000
0000
0000
0000
1800
3C80
3C00
1800
0000
18C0
3DE0
3DE0
18C0
0000
18C0
3DE0
3DE0
18C0
0000
00C0
11E0
01E0
00C0
0000
0000
0000
0000
ENDCHAR
STARTCHAR Braille4568
ENCODING 10424
SWIDTH 467 0
DWIDTH 14 0
BBX 14 30 0 -7
BITMAP
0000
0000
0000
0000
0000
0000
0000
00C0
11E0
01E0
00C0
0000
00C0
11E0
01E0
00C0
0000
00C0
11E0
01E0
00C0
0000
00C0
11E0
01E0
00C0
0000
0000
0000
0000
ENDCHAR
STARTCHAR Braille14568
ENCODING 10425
SWIDTH 467 0
DWIDTH 14 0
BBX 14 30 0 -7
BITMAP
0000
0000
0000
0000
0000
0000
0000
18C0
3DE0
3DE0
18C0
0000
00C0
11E0
01E0
00C0
0000
00C0
11E0
01E0
00C0
0000
00C0
11E0
01E0
00C0
0000
0000
0000
0000
ENDCHAR
STARTCHAR Braille24568
ENCODING 10426
SWIDTH 467 0
DWIDTH 14 0
BBX 14 30 0 -7
BITMAP
0000
0000
0000
0000
0000
0000
0000
00C0
11E0
01E0
00C0
0000
18C0
3DE0
3DE0
18C0
0000
00C0
11E0
01E0
00C0
0000
00C0
11E0
01E0
00C0
0000
0000
0000
0000
ENDCHAR
STARTCHAR Braille124568
ENCODING 10427
SWIDTH 467 0
DWIDTH 14 0
BBX 14 30 0 -7
BITMAP
0000
0000
0000
0000
0000
0000
0000
18C0
3DE0
3DE0
18C0
0000
18C0
3DE0
3DE0
18C0
0000
00C0
11E0
01E0
00C0
0000
00C0
11E0
01E0
00C0
0000
0000
0000
0000
ENDCHAR
STARTCHAR Braille34568
ENCODING 10428
SWIDTH 467 0
DWIDTH 14 0
BBX 14 30 0 -7
BITMAP
0000
0000
0000
0000
0000
0000
0000
00C0
11E0
01E0
00C0
0000
00C0
11E0
01E0
00C0
0000
18C0
3DE0
3DE0
18C0
0000
00C0
11E0
01E0
00C0
0000
0000
0000
0000
ENDCHAR
STARTCHAR Braille134568
ENCODING 10429
SWIDTH 467 0
DWIDTH 14 0
BBX 14 30 0 -7
BITMAP
0000
0000
0000
0000
0000
0000
0000
18C0
3DE0
3DE0
18C0
0000
00C0
11E0
01E0
00C0
0000
18C0
3DE0
3DE0
18C0
0000
00C0
11E0
01E0
00C0
0000
0000
0000
0000
ENDCHAR
STARTCHAR Braille234568
ENCODING 10430
SWIDTH 467 0
DWIDTH 14 0
BBX 14 30 0 -7
BITMAP
0000
0000
0000
0000
0000
0000
0000
00C0
11E0
01E0
00C0
0000
18C0
3DE0
3DE0
18C0
0000
18C0
3DE0
3DE0
18C0
0000
00C0
11E0
01E0
00C0
0000
0000
0000
0000
ENDCHAR
STARTCHAR Braille1234568
ENCODING 10431
SWIDTH 467 0
DWIDTH 14 0
BBX 14 30 0 -7
BITMAP
0000
0000
0000
0000
0000
0000
0000
18C0
3DE0
3DE0
18C0
0000
18C0
3DE0
3DE0
18C0
0000
18C0
3DE0
3DE0
18C0
0000
00C0
11E0
01E0
00C0
0000
0000
0000
0000
ENDCHAR
STARTCHAR Braille78
ENCODING 10432
SWIDTH 467 0
DWIDTH 14 0
BBX 14 30 0 -7
BITMAP
0000
0000
0000
0000
0000
0000
0000
0000
1080
0000
0000
0000
0000
1080
0000
0000
0000
0000
1080
0000
0000
0000
18C0
3DE0
3DE0
18C0
0000
0000
0000
0000
ENDCHAR
STARTCHAR Braille178
ENCODING 10433
SWIDTH 467 0
DWIDTH 14 0
BBX 14 30 0 -7
BITMAP
0000
0000
0000
0000
0000
0000
0000
1800
3C80
3C00
1800
0000
0000
1080
0000
0000
0000
0000
1080
0000
0000
0000
18C0
3DE0
3DE0
18C0
0000
0000
0000
0000
ENDCHAR
STARTCHAR Braille278
ENCODING 10434
SWIDTH 467 0
DWIDTH 14 0
BBX 14 30 0 -7
BITMAP
0000
0000
0000
0000
0000
0000
0000
0000
1080
0000
0000
0000
1800
3C80
3C00
1800
0000
0000
1080
0000
0000
0000
18C0
3DE0
3DE0
18C0
0000
0000
0000
0000
ENDCHAR
STARTCHAR Braille1278
ENCODING 10435
SWIDTH 467 0
DWIDTH 14 0
BBX 14 30 0 -7
BITMAP
0000
0000
0000
0000
0000
0000
0000
1800
3C80
3C00
1800
0000
1800
3C80
3C00
1800
0000
0000
1080
0000
0000
0000
18C0
3DE0
3DE0
18C0
0000
0000
0000
0000
ENDCHAR
STARTCHAR Braille378
ENCODING 10436
SWIDTH 467 0
DWIDTH 14 0
BBX 14 30 0 -7
BITMAP
0000
0000
0000
0000
0000
0000
0000
0000
1080
0000
0000
0000
0000
1080
0000
0000
0000
1800
3C80
3C00
1800
0000
18C0
3DE0
3DE0
18C0
0000
0000
0000
0000
ENDCHAR
STARTCHAR Braille1378
ENCODING 10437
SWIDTH 467 0
DWIDTH 14 0
BBX 14 30 0 -7
BITMAP
0000
0000
0000
0000
0000
0000
0000
1800
3C80
3C00
1800
0000
0000
1080
0000
0000
0000
1800
3C80
3C00
1800
0000
18C0
3DE0
3DE0
18C0
0000
0000
0000
0000
ENDCHAR
STARTCHAR Braille2378
ENCODING 10438
SWIDTH 467 0
DWIDTH 14 0
BBX 14 30 0 -7
BITMAP
0000
0000
0000
0000
0000
0000
0000
0000
1080
0000
0000
0000
1800
3C80
3C00
1800
0000
1800
3C80
3C00
1800
0000
18C0
3DE0
3DE0
18C0
0000
0000
0000
0000
ENDCHAR
STARTCHAR Braille12378
ENCODING 10439
SWIDTH 467 0
DWIDTH 14 0
BBX 14 30 0 -7
BITMAP
0000
0000
0000
0000
0000
0000
0000
1800
3C80
3C00
1800
0000
1800
3C80
3C00
1800
0000
1800
3C80
3C00
1800
0000
18C0
3DE0
3DE0
18C0
0000
0000
0000
0000
ENDCHAR
STARTCHAR Braille478
ENCODING 10440
SWIDTH 467 0
DWIDTH 14 0
BBX 14 30 0 -7
BITMAP
0000
0000
0000
0000
0000
0000
0000
00C0
11E0
01E0
00C0
0000
0000
1080
0000
0000
0000
0000
1080
0000
0000
0000
18C0
3DE0
3DE0
18C0
0000
0000
0000
0000
ENDCHAR
STARTCHAR Braille1478
ENCODING 10441
SWIDTH 467 0
DWIDTH 14 0
BBX 14 30 0 -7
BITMAP
0000
0000
0000
0000
0000
0000
0000
18C0
3DE0
3DE0
18C0
0000
0000
1080
0000
0000
0000
0000
1080
0000
0000
0000
18C0
3DE0
3DE0
18C0
0000
0000
0000
0000
ENDCHAR
STARTCHAR Braille2478
ENCODING 10442
SWIDTH 467 0
DWIDTH 14 0
BBX 14 30 0 -7
BITMAP
0000
0000
0000
0000
0000
0000
0000
00C0
11E0
01E0
00C0
0000
1800
3C80
3C00
1800
0000
0000
1080
0000
0000
0000
18C0
3DE0
3DE0
18C0
0000
0000
0000
0000
ENDCHAR
STARTCHAR Braille12478
ENCODING 10443
SWIDTH 467 0
DWIDTH 14 0
BBX 14 30 0 -7
BITMAP
0000
0000
0000
0000
0000
0000
0000
18C0
3DE0
3DE0
18C0
0000
1800
3C80
3C00
1800
0000
0000
1080
0000
0000
0000
18C0
3DE0
3DE0
18C0
0000
0000
0000
0000
ENDCHAR
STARTCHAR Braille3478
ENCODING 10444
SWIDTH 467 0
DWIDTH 14 0
BBX 14 30 0 -7
BITMAP
0000
0000
0000
0000
0000
0000
0000
00C0
11E0
01E0
00C0
0000
0000
1080
0000
0000
0000
1800
3C80
3C00
1800
0000
18C0
3DE0
3DE0
18C0
0000
0000
0000
0000
ENDCHAR
STARTCHAR Braille13478
ENCODING 10445
SWIDTH 467 0
DWIDTH 14 0
BBX 14 30 0 -7
BITMAP
0000
0000
0000
0000
0000
0000
0000
18C0
3DE0
3DE0
18C0
0000
0000
1080
0000
0000
0000
1800
3C80
3C00
1800
0000
18C0
3DE0
3DE0
18C0
0000
0000
0000
0000
ENDCHAR
STARTCHAR Braille23478
ENCODING 10446
SWIDTH 467 0
DWIDTH 14 0
BBX 14 30 0 -7
BITMAP
0000
0000
0000
0000
0000
0000
0000
00C0
11E0
01E0
00C0
0000
1800
3C80
3C00
1800
0000
1800
3C80
3C00
1800
0000
18C0
3DE0
3DE0
18C0
0000
0000
0000
0000
ENDCHAR
STARTCHAR Braille123478
ENCODING 10447
SWIDTH 467 0
DWIDTH 14 0
BBX 14 30 0 -7
BITMAP
0000
0000
0000
0000
0000
0000
0000
18C0
3DE0
3DE0
18C0
0000
1800
3C80
3C00
1800
0000
1800
3C80
3C00
1800
0000
18C0
3DE0
3DE0
18C0
0000
0000
0000
0000
ENDCHAR
STARTCHAR Braille578
ENCODING 10448
SWIDTH 467 0
DWIDTH 14 0
BBX 14 30 0 -7
BITMAP
0000
0000
0000
0000
0000
0000
0000
0000
1080
0000
0000
0000
00C0
11E0
01E0
00C0
0000
0000
1080
0000
0000
0000
18C0
3DE0
3DE0
18C0
0000
0000
0000
0000
ENDCHAR
STARTCHAR Braille1578
ENCODING 10449
SWIDTH 467 0
DWIDTH 14 0
BBX 14 30 0 -7
BITMAP
0000
0000
0000
0000
0000
0000
0000
1800
3C80
3C00
1800
0000
00C0
11E0
01E0
00C0
0000
0000
1080
0000
0000
0000
18C0
3DE0
3DE0
18C0
0000
0000
0000
0000
ENDCHAR
STARTCHAR Braille2578
ENCODING 10450
SWIDTH 467 0
DWIDTH 14 0
BBX 14 30 0 -7
BITMAP
0000
0000
0000
0000
0000
0000
0000
0000
1080
0000
0000
0000
18C0
3DE0
3DE0
18C0
0000
0000
1080
0000
0000
0000
18C0
3DE0
3DE0
18C0
0000
0000
0000
0000
ENDCHAR
STARTCHAR Braille12578
ENCODING 10451
SWIDTH 467 0
DWIDTH 14 0
BBX 14 30 0 -7
BITMAP
0000
0000
0000
0000
0000
0000
0000
1800
3C80
3C00
1800
0000
18C0
3DE0
3DE0
18C0
0000
0000
1080
0000
0000
0000
18C0
3DE0
3DE0
18C0
0000
0000
0000
0000
ENDCHAR
STARTCHAR Braille3578
ENCODING 10452
SWIDTH 467 0
DWIDTH 14 0
BBX 14 30 0 -7
BITMAP
0000
0000
0000
0000
0000
0000
0000
0000
1080
0000
0000
0000
00C0
11E0
01E0
00C0
0000
1800
3C80
3C00
1800
0000
18C0
3DE0
3DE0
18C0
0000
0000
0000
0000
ENDCHAR
STARTCHAR Braille13578
ENCODING 10453
SWIDTH 467 0
DWIDTH 14 0
BBX 14 30 0 -7
BITMAP
0000
0000
0000
0000
0000
0000
0000
1800
3C80
3C00
1800
0000
00C0
11E0
01E0
00C0
0000
1800
3C80
3C00
1800
0000
18C0
3DE0
3DE0
18C0
0000
0000
0000
0000
ENDCHAR
STARTCHAR Braille23578
ENCODING 10454
SWIDTH 467 0
DWIDTH 14 0
BBX 14 30 0 -7
BITMAP
0000
0000
0000
0000
0000
0000
0000
0000
1080
0000
0000
0000
18C0
3DE0
3DE0
18C0
0000
1800
3C80
3C00
1800
0000
18C0
3DE0
3DE0
18C0
0000
0000
0000
0000
ENDCHAR
STARTCHAR Braille123578
ENCODING 10455
SWIDTH 467 0
DWIDTH 14 0
BBX 14 30 0 -7
BITMAP
0000
0000
0000
0000
0000
0000
0000
1800
3C80
3C00
1800
0000
18C0
3DE0
3DE0
18C0
0000
1800
3C80
3C00
1800
0000
18C0
3DE0
3DE0
18C0
0000
0000
0000
0000
ENDCHAR
STARTCHAR Braille4578
ENCODING 10456
SWIDTH 467 0
DWIDTH 14 0
BBX 14 30 0 -7
BITMAP
0000
0000
0000
0000
0000
0000
0000
00C0
11E0
01E0
00C0
0000
00C0
11E0
01E0
00C0
0000
0000
1080
0000
0000
0000
18C0
3DE0
3DE0
18C0
0000
0000
0000
0000
ENDCHAR
STARTCHAR Braille14578
ENCODING 10457
SWIDTH 467 0
DWIDTH 14 0
BBX 14 30 0 -7
BITMAP
0000
0000
0000
0000
0000
0000
0000
18C0
3DE0
3DE0
18C0
0000
00C0
11E0
01E0
00C0
0000
0000
1080
0000
0000
0000
18C0
3DE0
3DE0
18C0
0000
0000
0000
0000
ENDCHAR
STARTCHAR Braille24578
ENCODING 10458
SWIDTH 467 0
DWIDTH 14 0
BBX 14 30 0 -7
BITMAP
0000
0000
0000
0000
0000
0000
0000
00C0
11E0
01E0
00C0
0000
18C0
3DE0
3DE0
18C0
0000
0000
1080
0000
0000
0000
18C0
3DE0
3DE0
18C0
0000
0000
0000
0000
ENDCHAR
STARTCHAR Braille124578
ENCODING 10459
SWIDTH 467 0
DWIDTH 14 0
BBX 14 30 0 -7
BITMAP
0000
0000
0000
0000
0000
0000
0000
18C0
3DE0
3DE0
18C0
0000
18C0
3DE0
3DE0
18C0
0000
0000
1080
0000
0000
0000
18C0
3DE0
3DE0
18C0
0000
0000
0000
0000
ENDCHAR
STARTCHAR Braille34578
ENCODING 10460
SWIDTH 467 0
DWIDTH 14 0
BBX 14 30 0 -7
BITMAP
0000
0000
0000
0000
0000
0000
0000
00C0
11E0
01E0
00C0
0000
00C0
11E0
01E0
00C0
0000
1800
3C80
3C00
1800
0000
18C0
3DE0
3DE0
18C0
0000
0000
0000
0000
ENDCHAR
STARTCHAR Braille134578
ENCODING 10461
SWIDTH 467 0
DWIDTH 14 0
BBX 14 30 0 -7
BITMAP
0000
0000
0000
0000
0000
0000
0000
18C0
3DE0
3DE0
18C0
0000
00C0
11E0
01E0
00C0
0000
1800
3C80
3C00
1800
0000
18C0
3DE0
3DE0
18C0
0000
0000
0000
0000
ENDCHAR
STARTCHAR Braille234578
ENCODING 10462
SWIDTH 467 0
DWIDTH 14 0
BBX 14 30 0 -7
BITMAP
0000
0000
0000
0000
0000
0000
0000
00C0
11E0
01E0
00C0
0000
18C0
3DE0
3DE0
18C0
0000
1800
3C80
3C00
1800
0000
18C0
3DE0
3DE0
18C0
0000
0000
0000
0000
ENDCHAR
STARTCHAR Braille1234578
ENCODING 10463
SWIDTH 467 0
DWIDTH 14 0
BBX 14 30 0 -7
BITMAP
0000
0000
0000
0000
0000
0000
0000
18C0
3DE0
3DE0
18C0
0000
18C0
3DE0
3DE0
18C0
0000
1800
3C80
3C00
1800
0000
18C0
3DE0
3DE0
18C0
0000
0000
0000
0000
ENDCHAR
STARTCHAR Braille678
ENCODING 10464
SWIDTH 467 0
DWIDTH 14 0
BBX 14 30 0 -7
BITMAP
0000
0000
0000
0000
0000
0000
0000
0000
1080
0000
0000
0000
0000
1080
0000
0000
0000
00C0
11E0
01E0
00C0
0000
18C0
3DE0
3DE0
18C0
0000
0000
0000
0000
ENDCHAR
STARTCHAR Braille1678
ENCODING 10465
SWIDTH 467 0
DWIDTH 14 0
BBX 14 30 0 -7
BITMAP
0000
0000
0000
0000
0000
0000
0000
1800
3C80
3C00
1800
0000
0000
1080
0000
0000
0000
00C0
11E0
01E0
00C0
0000
18C0
3DE0
3DE0
18C0
0000
0000
0000
0000
ENDCHAR
STARTCHAR Braille2678
ENCODING 10466
SWIDTH 467 0
DWIDTH 14 0
BBX 14 30 0 -7
BITMAP
0000
0000
0000
0000
0000
0000
0000
0000
1080
0000
0000
0000
1800
3C80
3C00
1800
0000
00C0
11E0
01E0
00C0
0000
18C0
3DE0
3DE0
18C0
0000
0000
0000
0000
ENDCHAR
STARTCHAR Braille12678
ENCODING 10467
SWIDTH 467 0
DWIDTH 14 0
BBX 14 30 0 -7
BITMAP
0000
0000
0000
0000
0000
0000
0000
1800
3C80
3C00
1800
0000
1800
3C80
3C00
1800
0000
00C0
11E0
01E0
00C0
0000
18C0
3DE0
3DE0
18C0
0000
0000
0000
0000
ENDCHAR
STARTCHAR Braille3678
ENCODING 10468
SWIDTH 467 0
DWIDTH 14 0
BBX 14 30 0 -7
BITMAP
0000
0000
0000
0000
0000
0000
0000
0000
1080
0000
0000
0000
0000
1080
0000
0000
0000
18C0
3DE0
3DE0
18C0
0000
18C0
3DE0
3DE0
18C0
0000
0000
0000
0000
ENDCHAR
STARTCHAR Braille13678
ENCODING 10469
SWIDTH 467 0
DWIDTH 14 0
BBX 14 30 0 -7
BITMAP
0000
0000
0000
0000
0000
0000
0000
1800
3C80
3C00
1800
0000
0000
1080
0000
0000
0000
18C0
3DE0
3DE0
18C0
0000
18C0
3DE0
3DE0
18C0
0000
0000
0000
0000
ENDCHAR
STARTCHAR Braille23678
ENCODING 10470
SWIDTH 467 0
DWIDTH 14 0
BBX 14 30 0 -7
BITMAP
0000
0000
0000
0000
0000
0000
0000
0000
1080
0000
0000
0000
1800
3C80
3C00
1800
0000
18C0
3DE0
3DE0
18C0
0000
18C0
3DE0
3DE0
18C0
0000
0000
0000
0000
ENDCHAR
STARTCHAR Braille123678
ENCODING 10471
SWIDTH 467 0
DWIDTH 14 0
BBX 14 30 0 -7
BITMAP
0000
0000
0000
0000
0000
0000
0000
1800
3C80
3C00
1800
0000
1800
3C80
3C00
1800
0000
18C0
3DE0
3DE0
18C0
0000
18C0
3DE0
3DE0
18C0
0000
0000
0000
0000
ENDCHAR
STARTCHAR Braille4678
ENCODING 10472
SWIDTH 467 0
DWIDTH 14 0
BBX 14 30 0 -7
BITMAP
0000
0000
0000
0000
0000
0000
0000
00C0
11E0
01E0
00C0
0000
0000
1080
0000
0000
0000
00C0
11E0
01E0
00C0
0000
18C0
3DE0
3DE0
18C0
0000
0000
0000
0000
ENDCHAR
STARTCHAR Braille14678
ENCODING 10473
SWIDTH 467 0
DWIDTH 14 0
BBX 14 30 0 -7
BITMAP
0000
0000
0000
0000
0000
0000
0000
18C0
3DE0
3DE0
18C0
0000
0000
1080
0000
0000
0000
00C0
11E0
01E0
00C0
0000
18C0
3DE0
3DE0
18C0
0000
0000
0000
0000
ENDCHAR
STARTCHAR Braille24678
ENCODING 10474
SWIDTH 467 0
DWIDTH 14 0
BBX 14 30 0 -7
BITMAP
0000
0000
0000
0000
0000
0000
0000
00C0
11E0
01E0
00C0
0000
1800
3C80
3C00
1800
0000
00C0
11E0
01E0
00C0
0000
18C0
3DE0
3DE0
18C0
0000
0000
0000
0000
ENDCHAR
STARTCHAR Braille124678
ENCODING 10475
SWIDTH 467 0
DWIDTH 14 0
BBX 14 30 0 -7
BITMAP
0000
0000
0000
0000
0000
0000
0000
18C0
3DE0
3DE0
18C0
0000
1800
3C80
3C00
1800
0000
00C0
11E0
01E0
00C0
0000
18C0
3DE0
3DE0
18C0
0000
0000
0000
0000
ENDCHAR
STARTCHAR Braille34678
ENCODING 10476
SWIDTH 467 0
DWIDTH 14 0
BBX 14 30 0 -7
BITMAP
0000
0000
0000
0000
0000
0000
0000
00C0
11E0
01E0
00C0
0000
0000
1080
0000
0000
0000
18C0
3DE0
3DE0
18C0
0000
18C0
3DE0
3DE0
18C0
0000
0000
0000
0000
ENDCHAR
STARTCHAR Braille134678
ENCODING 10477
SWIDTH 467 0
DWIDTH 14 0
BBX 14 30 0 -7
BITMAP
0000
0000
0000
0000
0000
0000
0000
18C0
3DE0
3DE0
18C0
0000
0000
1080
0000
0000
0000
18C0
3DE0
3DE0
18C0
0000
18C0
3DE0
3DE0
18C0
0000
0000
0000
0000
ENDCHAR
STARTCHAR Braille234678
ENCODING 10478
SWIDTH 467 0
DWIDTH 14 0
BBX 14 30 0 -7
BITMAP
0000
0000
0000
0000
0000
0000
0000
00C0
11E0
01E0
00C0
0000
1800
3C80
3C00
1800
0000
18C0
3DE0
3DE0
18C0
0000
18C0
3DE0
3DE0
18C0
0000
0000
0000
0000
ENDCHAR
STARTCHAR Braille1234678
ENCODING 10479
SWIDTH 467 0
DWIDTH 14 0
BBX 14 30 0 -7
BITMAP
0000
0000
0000
0000
0000
0000
0000
18C0
3DE0
3DE0
18C0
0000
1800
3C80
3C00
1800
0000
18C0
3DE0
3DE0
18C0
0000
18C0
3DE0
3DE0
18C0
0000
0000
0000
0000
ENDCHAR
STARTCHAR Braille5678
ENCODING 10480
SWIDTH 467 0
DWIDTH 14 0
BBX 14 30 0 -7
BITMAP
0000
0000
0000
0000
0000
0000
0000
0000
1080
0000
0000
0000
00C0
11E0
01E0
00C0
0000
00C0
11E0
01E0
00C0
0000
18C0
3DE0
3DE0
18C0
0000
0000
0000
0000
ENDCHAR
STARTCHAR Braille15678
ENCODING 10481
SWIDTH 467 0
DWIDTH 14 0
BBX 14 30 0 -7
BITMAP
0000
0000
0000
0000
0000
0000
0000
1800
3C80
3C00
1800
0000
00C0
11E0
01E0
00C0
0000
00C0
11E0
01E0
00C0
0000
18C0
3DE0
3DE0
18C0
0000
0000
0000
0000
ENDCHAR
STARTCHAR Braille25678
ENCODING 10482
SWIDTH 467 0
DWIDTH 14 0
BBX 14 30 0 -7
BITMAP
0000
0000
0000
0000
0000
0000
0000
0000
1080
0000
0000
0000
18C0
3DE0
3DE0
18C0
0000
00C0
11E0
01E0
00C0
0000
18C0
3DE0
3DE0
18C0
0000
0000
0000
0000
ENDCHAR
STARTCHAR Braille125678
ENCODING 10483
SWIDTH 467 0
DWIDTH 14 0
BBX 14 30 0 -7
BITMAP
0000
0000
0000
0000
0000
0000
0000
1800
3C80
3C00
1800
0000
18C0
3DE0
3DE0
18C0
0000
00C0
11E0
01E0
00C0
0000
18C0
3DE0
3DE0
18C0
0000
0000
0000
0000
ENDCHAR
STARTCHAR Braille35678
ENCODING 10484
SWIDTH 467 0
DWIDTH 14 0
BBX 14 30 0 -7
BITMAP
0000
0000
0000
0000
0000
0000
0000
0000
1080
0000
0000
0000
00C0
11E0
01E0
00C0
0000
18C0
3DE0
3DE0
18C0
0000
18C0
3DE0
3DE0
18C0
0000
0000
0000
0000
ENDCHAR
STARTCHAR Braille135678
ENCODING 10485
SWIDTH 467 0
DWIDTH 14 0
BBX 14 30 0 -7
BITMAP
0000
0000
0000
0000
0000
0000
0000
1800
3C80
3C00
1800
0000
00C0
11E0
01E0
00C0
0000
18C0
3DE0
3DE0
18C0
0000
18C0
3DE0
3DE0
18C0
0000
0000
0000
0000
ENDCHAR
STARTCHAR Braille235678
ENCODING 10486
SWIDTH 467 0
DWIDTH 14 0
BBX 14 30 0 -7
BITMAP
0000
0000
0000
0000
0000
0000
0000
0000
1080
0000
0000
0000
18C0
3DE0
3DE0
18C0
0000
18C0
3DE0
3DE0
18C0
0000
18C0
3DE0
3DE0
18C0
0000
0000
0000
0000
ENDCHAR
STARTCHAR Braille1235678
ENCODING 10487
SWIDTH 467 0
DWIDTH 14 0
BBX 14 30 0 -7
BITMAP
0000
0000
0000
0000
0000
0000
0000
1800
3C80
3C00
1800
0000
18C0
3DE0
3DE0
18C0
0000
18C0
3DE0
3DE0
18C0
0000
18C0
3DE0
3DE0
18C0
0000
0000
0000
0000
ENDCHAR
STARTCHAR Braille45678
ENCODING 10488
SWIDTH 467 0
DWIDTH 14 0
BBX 14 30 0 -7
BITMAP
0000
0000
0000
0000
0000
0000
0000
00C0
11E0
01E0
00C0
0000
00C0
11E0
01E0
00C0
0000
00C0
11E0
01E0
00C0
0000
18C0
3DE0
3DE0
18C0
0000
0000
0000
0000
ENDCHAR
STARTCHAR Braille145678
ENCODING 10489
SWIDTH 467 0
DWIDTH 14 0
BBX 14 30 0 -7
BITMAP
0000
0000
0000
0000
0000
0000
0000
18C0
3DE0
3DE0
18C0
0000
00C0
11E0
01E0
00C0
0000
00C0
11E0
01E0
00C0
0000
18C0
3DE0
3DE0
18C0
0000
0000
0000
0000
ENDCHAR
STARTCHAR Braille245678
ENCODING 10490
SWIDTH 467 0
DWIDTH 14 0
BBX 14 30 0 -7
BITMAP
0000
0000
0000
0000
0000
0000
0000
00C0
11E0
01E0
00C0
0000
18C0
3DE0
3DE0
18C0
0000
00C0
11E0
01E0
00C0
0000
18C0
3DE0
3DE0
18C0
0000
0000
0000
0000
ENDCHAR
STARTCHAR Braille1245678
ENCODING 10491
SWIDTH 467 0
DWIDTH 14 0
BBX 14 30 0 -7
BITMAP
0000
0000
0000
0000
0000
0000
0000
18C0
3DE0
3DE0
18C0
0000
18C0
3DE0
3DE0
18C0
0000
00C0
11E0
01E0
00C0
0000
18C0
3DE0
3DE0
18C0
0000
0000
0000
0000
ENDCHAR
STARTCHAR Braille345678
ENCODING 10492
SWIDTH 467 0
DWIDTH 14 0
BBX 14 30 0 -7
BITMAP
0000
0000
0000
0000
0000
0000
0000
00C0
11E0
01E0
00C0
0000
00C0
11E0
01E0
00C0
0000
18C0
3DE0
3DE0
18C0
0000
18C0
3DE0
3DE0
18C0
0000
0000
0000
0000
ENDCHAR
STARTCHAR Braille1345678
ENCODING 10493
SWIDTH 467 0
DWIDTH 14 0
BBX 14 30 0 -7
BITMAP
0000
0000
0000
0000
0000
0000
0000
18C0
3DE0
3DE0
18C0
0000
00C0
11E0
01E0
00C0
0000
18C0
3DE0
3DE0
18C0
0000
18C0
3DE0
3DE0
18C0
0000
0000
0000
0000
ENDCHAR
STARTCHAR Braille2345678
ENCODING 10494
SWIDTH 467 0
DWIDTH 14 0
BBX 14 30 0 -7
BITMAP
0000
0000
0000
0000
0000
0000
0000
00C0
11E0
01E0
00C0
0000
18C0
3DE0
3DE0
18C0
0000
18C0
3DE0
3DE0
18C0
0000
18C0
3DE0
3DE0
18C0
0000
0000
0000
0000
ENDCHAR
STARTCHAR Braille12345678
ENCODING 10495
SWIDTH 467 0
DWIDTH 14 0
BBX 14 30 0 -7
BITMAP
0000
0000
0000
0000
0000
0000
0000
18C0
3DE0
3DE0
18C0
0000
18C0
3DE0
3DE0
18C0
0000
18C0
3DE0
3DE0
18C0
0000
18C0
3DE0
3DE0
18C0
0000
0000
0000
0000
ENDCHAR
STARTCHAR MArrow2StrokeL
ENCODING 10498
SWIDTH 467 0
DWIDTH 14 0
BBX 14 30 0 -7
BITMAP
0000
0000
0000
0000
0000
0000
0000
0000
0000
0000
0260
0660
0E60
1FFC
3FFC
7060
7060
3FFC
1FFC
0E60
0660
0260
0000
0000
0000
0000
0000
0000
0000
0000
ENDCHAR
STARTCHAR MArrow2StrokeR
ENCODING 10499
SWIDTH 467 0
DWIDTH 14 0
BBX 14 30 0 -7
BITMAP
0000
0000
0000
0000
0000
0000
0000
0000
0000
0000
1900
1980
19C0
FFE0
FFF0
1838
1838
FFF0
FFE0
19C0
1980
1900
0000
0000
0000
0000
0000
0000
0000
0000
ENDCHAR
STARTCHAR MArrow2StrokeLR
ENCODING 10500
SWIDTH 467 0
DWIDTH 14 0
BBX 14 30 0 -7
BITMAP
0000
0000
0000
0000
0000
0000
0000
0000
0000
0000
1320
1320
3330
7FF8
7FF8
E31C
E31C
7FF8
7FF8
3330
1320
1320
0000
0000
0000
0000
0000
0000
0000
0000
ENDCHAR
STARTCHAR MArrow2BarL
ENCODING 10502
SWIDTH 467 0
DWIDTH 14 0
BBX 14 30 0 -7
BITMAP
0000
0000
0000
0000
0000
0000
0000
0000
0000
0000
0200
0618
0E18
1FF8
3FF8
7018
7018
3FF8
1FF8
0E18
0618
0200
0000
0000
0000
0000
0000
0000
0000
0000
ENDCHAR
STARTCHAR MArrow2BarR
ENCODING 10503
SWIDTH 467 0
DWIDTH 14 0
BBX 14 30 0 -7
BITMAP
0000
0000
0000
0000
0000
0000
0000
0000
0000
0000
0100
6180
61C0
7FE0
7FF0
6038
6038
7FF0
7FE0
61C0
6180
0100
0000
0000
0000
0000
0000
0000
0000
0000
ENDCHAR
STARTCHAR MArrowLURD
ENCODING 10529
SWIDTH 467 0
DWIDTH 14 0
BBX 14 30 0 -7
BITMAP
0000
0000
0000
0000
6000
7000
7C00
7E00
7F00
7800
7800
6C00
0C00
0600
0600
0300
0180
0180
00C0
00D8
0078
0078
03F8
01F8
00F8
0038
0018
0000
0000
0000
ENDCHAR
STARTCHAR MArrowRULD
ENCODING 10530
SWIDTH 467 0
DWIDTH 14 0
BBX 14 30 0 -7
BITMAP
0000
0000
0000
0000
0018
0038
00F8
01F8
03F8
0078
0078
00D8
00C0
0180
0180
0300
0600
0600
0C00
6C00
7800
7800
7F00
7E00
7C00
7000
6000
0000
0000
0000
ENDCHAR
STARTCHAR MParenBbbL
ENCODING 10629
SWIDTH 467 0
DWIDTH 14 0
BBX 14 30 0 -7
BITMAP
0000
0000
0000
0000
0060
01E0
0380
0700
0700
0F00
0F00
1B00
1B00
1B00
1B00
1B00
1B00
1B00
0F00
0F00
0700
0700
0380
01E0
0060
0000
0000
0000
0000
0000
ENDCHAR
STARTCHAR MParenBbbR
ENCODING 10630
SWIDTH 467 0
DWIDTH 14 0
BBX 14 30 0 -7
BITMAP
0000
0000
0000
0000
1800
1E00
0700
0380
0380
03C0
03C0
0360
0360
0360
0360
0360
0360
0360
03C0
03C0
0380
0380
0700
1E00
1800
0000
0000
0000
0000
0000
ENDCHAR
STARTCHAR MShuffleProd
ENCODING 10722
SWIDTH 467 0
DWIDTH 14 0
BBX 14 30 0 -7
BITMAP
0000
0000
0000
0000
0000
0000
0000
0000
0000
0000
0000
0000
6318
6318
6318
6318
6318
6318
6318
6318
6318
7FF8
7FF8
0000
0000
0000
0000
0000
0000
0000
ENDCHAR
STARTCHAR MEntailsMut
ENCODING 10726
SWIDTH 467 0
DWIDTH 14 0
BBX 14 30 0 -7
BITMAP
0000
0000
0000
0000
0000
0000
0000
0000
0000
6018
6018
6018
6018
7FF8
7FF8
6018
6018
7FF8
7FF8
6018
6018
6018
6018
0000
0000
0000
0000
0000
0000
0000
ENDCHAR
STARTCHAR MBigUnionMset
ENCODING 10756
SWIDTH 467 0
DWIDTH 14 0
BBX 14 30 0 -7
BITMAP
0000
0000
0000
6018
6018
6018
6018
6018
6018
6018
6318
6318
6FD8
6FD8
6318
6318
6018
6018
6018
6018
6018
3030
3870
1FE0
0780
0000
0000
0000
0000
0000
ENDCHAR
STARTCHAR MBigSqIntersect
ENCODING 10757
SWIDTH 467 0
DWIDTH 14 0
BBX 14 30 0 -7
BITMAP
0000
0000
0000
7FF8
7FF8
6018
6018
6018
6018
6018
6018
6018
6018
6018
6018
6018
6018
6018
6018
6018
6018
6018
6018
6018
6018
0000
0000
0000
0000
0000
ENDCHAR
STARTCHAR MBigSqUnion
ENCODING 10758
SWIDTH 467 0
DWIDTH 14 0
BBX 14 30 0 -7
BITMAP
0000
0000
0000
6018
6018
6018
6018
6018
6018
6018
6018
6018
6018
6018
6018
6018
6018
6018
6018
6018
6018
6018
6018
7FF8
7FF8
0000
0000
0000
0000
0000
ENDCHAR
STARTCHAR MBigMultiply
ENCODING 10761
SWIDTH 467 0
DWIDTH 14 0
BBX 14 30 0 -7
BITMAP
0000
0000
0000
6018
6018
3030
3030
1860
1860
0CC0
0CC0
0780
0780
0300
0300
0780
0780
0CC0
0CC0
1860
1860
3030
3030
6018
6018
0000
0000
0000
0000
0000
ENDCHAR
STARTCHAR MPrecEqAlt
ENCODING 10927
SWIDTH 467 0
DWIDTH 14 0
BBX 14 30 0 -7
BITMAP
0000
0000
0000
0000
0000
0000
0030
0030
0030
0070
00E0
01C0
3F80
3F80
01C0
00E0
0070
0030
0030
0000
0000
3FF0
3FF0
0000
0000
0000
0000
0000
0000
0000
ENDCHAR
STARTCHAR MSuccEqAlt
ENCODING 10928
SWIDTH 467 0
DWIDTH 14 0
BBX 14 30 0 -7
BITMAP
0000
0000
0000
0000
0000
0000
3000
3000
3000
3800
1C00
0E00
07F0
07F0
0E00
1C00
3800
3000
3000
0000
0000
3FF0
3FF0
0000
0000
0000
0000
0000
0000
0000
ENDCHAR
STARTCHAR MModelsRev
ENCODING 10980
SWIDTH 467 0
DWIDTH 14 0
BBX 14 30 0 -7
BITMAP
0000
0000
0000
0000
0000
0000
0000
0000
0000
0030
0030
0030
0030
3FF0
3FF0
0030
0030
3FF0
3FF0
0030
0030
0030
0030
0000
0000
0000
0000
0000
0000
0000
ENDCHAR
STARTCHAR MChoice
ENCODING 11006
SWIDTH 467 0
DWIDTH 14 0
BBX 14 30 0 -7
BITMAP
0000
0000
0000
0000
1FE0
1FE0
1860
1860
1860
1860
1860
1860
1860
1860
1860
1860
1860
1860
1860
1860
1860
1860
1860
1FE0
1FE0
0000
0000
0000
0000
0000
ENDCHAR
STARTCHAR MBigChoice
ENCODING 11007
SWIDTH 467 0
DWIDTH 14 0
BBX 14 30 0 -7
BITMAP
0000
0000
0000
3FF0
3FF0
3030
3030
3030
3030
3030
3030
3030
3030
3030
3030
3030
3030
3030
3030
3030
3030
3030
3030
3FF0
3FF0
0000
0000
0000
0000
0000
ENDCHAR
STARTCHAR DArrowBlackL
ENCODING 11013
SWIDTH 467 0
DWIDTH 14 0
BBX 14 30 0 -7
BITMAP
0000
0000
0000
0000
0000
0000
0000
0000
0000
0000
0200
0600
0E00
1C00
3FFC
7FFC
7FFC
3FFC
1C00
0E00
0600
0200
0000
0000
0000
0000
0000
0000
0000
0000
ENDCHAR
STARTCHAR DArrowBlackU
ENCODING 11014
SWIDTH 467 0
DWIDTH 14 0
BBX 14 30 0 -7
BITMAP
0000
0000
0000
0000
0300
0780
0FC0
1FE0
3FF0
77B8
0780
0780
0780
0780
0780
0780
0780
0780
0780
0780
0780
0780
0780
0780
0780
0780
0780
0000
0000
0000
ENDCHAR
STARTCHAR DArrowBlackD
ENCODING 11015
SWIDTH 467 0
DWIDTH 14 0
BBX 14 30 0 -7
BITMAP
0000
0000
0000
0000
0780
0780
0780
0780
0780
0780
0780
0780
0780
0780
0780
0780
0780
0780
0780
0780
0780
77B8
3FF0
1FE0
0FC0
0780
0300
0000
0000
0000
ENDCHAR
STARTCHAR DArrowBlackRU
ENCODING 11016
SWIDTH 467 0
DWIDTH 14 0
BBX 14 30 0 -7
BITMAP
0000
0000
0000
0000
0000
0000
0000
0000
0000
03FC
03FC
007C
00FC
01FC
03FC
07EC
0FCC
1F8C
3F00
7E00
FC00
7800
3000
0000
0000
0000
0000
0000
0000
0000
ENDCHAR
STARTCHAR DArrowBlackLU
ENCODING 11017
SWIDTH 467 0
DWIDTH 14 0
BBX 14 30 0 -7
BITMAP
0000
0000
0000
0000
0000
0000
0000
0000
0000
FF00
FF00
F800
FC00
FE00
FF00
DF80
CFC0
C7E0
03F0
01F8
00FC
0078
0030
0000
0000
0000
0000
0000
0000
0000
ENDCHAR
STARTCHAR DArrowBlackRD
ENCODING 11018
SWIDTH 467 0
DWIDTH 14 0
BBX 14 30 0 -7
BITMAP
0000
0000
0000
0000
0000
0000
0000
0000
0000
3000
7800
FC00
7E00
3F00
1F8C
0FCC
07EC
03FC
01FC
00FC
007C
03FC
03FC
0000
0000
0000
0000
0000
0000
0000
ENDCHAR
STARTCHAR DArrowBlackLD
ENCODING 11019
SWIDTH 467 0
DWIDTH 14 0
BBX 14 30 0 -7
BITMAP
0000
0000
0000
0000
0000
0000
0000
0000
0000
0030
0078
00FC
01F8
03F0
C7E0
CFC0
DF80
FF00
FE00
FC00
F800
FF00
FF00
0000
0000
0000
0000
0000
0000
0000
ENDCHAR
STARTCHAR DArrowBlackLR
ENCODING 11020
SWIDTH 467 0
DWIDTH 14 0
BBX 14 30 0 -7
BITMAP
0000
0000
0000
0000
0000
0000
0000
0000
0000
0000
0840
1860
1860
3030
7FF8
FFFC
FFFC
7FF8
3030
1860
1860
0840
0000
0000
0000
0000
0000
0000
0000
0000
ENDCHAR
STARTCHAR DArrowBlackUD
ENCODING 11021
SWIDTH 467 0
DWIDTH 14 0
BBX 14 30 0 -7
BITMAP
0000
0000
0000
0000
0300
0780
0FC0
1FE0
3FF0
77B8
0780
0780
0780
0780
0780
0780
0780
0780
0780
0780
0780
77B8
3FF0
1FE0
0FC0
0780
0300
0000
0000
0000
ENDCHAR
STARTCHAR DSquareDotted
ENCODING 11034
SWIDTH 467 0
DWIDTH 14 0
BBX 14 30 0 -7
BITMAP
0000
0000
0000
0000
0000
0000
0000
0000
0000
0000
0000
3BB0
3BB0
0030
3000
3030
3030
0030
3000
3770
3770
0000
0000
0000
0000
0000
0000
0000
0000
0000
ENDCHAR
STARTCHAR DSquareLargeB
ENCODING 11035
SWIDTH 467 0
DWIDTH 14 0
BBX 14 30 0 -7
BITMAP
0000
0000
0000
0000
0000
0000
0000
0000
0000
0000
7FF8
7FF8
7FF8
7FF8
7FF8
7FF8
7FF8
7FF8
7FF8
7FF8
7FF8
7FF8
0000
0000
0000
0000
0000
0000
0000
0000
ENDCHAR
STARTCHAR DSquareLargeW
ENCODING 11036
SWIDTH 467 0
DWIDTH 14 0
BBX 14 30 0 -7
BITMAP
0000
0000
0000
0000
0000
0000
0000
0000
0000
0000
7FF8
7FF8
6018
6018
6018
6018
6018
6018
6018
6018
7FF8
7FF8
0000
0000
0000
0000
0000
0000
0000
0000
ENDCHAR
STARTCHAR DCircleLargeB
ENCODING 11044
SWIDTH 467 0
DWIDTH 14 0
BBX 14 30 0 -7
BITMAP
0000
0000
0000
0000
0000
0000
0000
0000
0000
0000
0780
1FE0
3FF0
3FF0
7FF8
7FF8
7FF8
7FF8
3FF0
3FF0
1FE0
0780
0000
0000
0000
0000
0000
0000
0000
0000
ENDCHAR
STARTCHAR DDiamondMedB
ENCODING 11045
SWIDTH 467 0
DWIDTH 14 0
BBX 14 30 0 -7
BITMAP
0000
0000
0000
0000
0000
0000
0000
0000
0000
0000
0300
0780
0FC0
1FE0
3FF0
7FF8
7FF8
3FF0
1FE0
0FC0
0780
0300
0000
0000
0000
0000
0000
0000
0000
0000
ENDCHAR
STARTCHAR DDiamondMedW
ENCODING 11046
SWIDTH 467 0
DWIDTH 14 0
BBX 14 30 0 -7
BITMAP
0000
0000
0000
0000
0000
0000
0000
0000
0000
0000
0300
0780
0CC0
1860
3030
6018
6018
3030
1860
0CC0
0780
0300
0000
0000
0000
0000
0000
0000
0000
0000
ENDCHAR
STARTCHAR DStarSmlB
ENCODING 11089
SWIDTH 467 0
DWIDTH 14 0
BBX 14 30 0 -7
BITMAP
0000
0000
0000
0000
0000
0000
0000
0000
0000
0000
0000
0300
0300
0300
3330
3FF0
0FC0
0780
0FC0
1CE0
1860
0000
0000
0000
0000
0000
0000
0000
0000
0000
ENDCHAR
STARTCHAR DCircleLargeHv
ENCODING 11093
SWIDTH 467 0
DWIDTH 14 0
BBX 14 30 0 -7
BITMAP
0000
0000
0000
0000
0000
0000
0000
0000
0000
0FC0
3FF0
7FF8
7878
F03C
E01C
E01C
E01C
E01C
F03C
7878
7FF8
3FF0
0FC0
0000
0000
0000
0000
0000
0000
0000
ENDCHAR
STARTCHAR DCircleHv
ENCODING 11096
SWIDTH 467 0
DWIDTH 14 0
BBX 14 30 0 -7
BITMAP
0000
0000
0000
0000
0000
0000
0000
0000
0000
0000
0780
1FE0
3FF0
3870
7038
7038
7038
7038
3870
3FF0
1FE0
0780
0000
0000
0000
0000
0000
0000
0000
0000
ENDCHAR
STARTCHAR MArrowTrL
ENCODING 11104
SWIDTH 467 0
DWIDTH 14 0
BBX 14 30 0 -7
BITMAP
0000
0000
0000
0000
0000
0000
0000
0000
0000
0000
0000
0400
0C00
1C00
3C00
7FFC
7FFC
3C00
1C00
0C00
0400
0000
0000
0000
0000
0000
0000
0000
0000
0000
ENDCHAR
STARTCHAR MArrowTrU
ENCODING 11105
SWIDTH 467 0
DWIDTH 14 0
BBX 14 30 0 -7
BITMAP
0000
0000
0000
0000
0300
0780
0FC0
1FE0
3FF0
0300
0300
0300
0300
0300
0300
0300
0300
0300
0300
0300
0300
0300
0300
0300
0300
0300
0300
0000
0000
0000
ENDCHAR
STARTCHAR MArrowTrR
ENCODING 11106
SWIDTH 467 0
DWIDTH 14 0
BBX 14 30 0 -7
BITMAP
0000
0000
0000
0000
0000
0000
0000
0000
0000
0000
0000
0080
00C0
00E0
00F0
FFF8
FFF8
00F0
00E0
00C0
0080
0000
0000
0000
0000
0000
0000
0000
0000
0000
ENDCHAR
STARTCHAR MArrowTrD
ENCODING 11107
SWIDTH 467 0
DWIDTH 14 0
BBX 14 30 0 -7
BITMAP
0000
0000
0000
0000
0300
0300
0300
0300
0300
0300
0300
0300
0300
0300
0300
0300
0300
0300
0300
0300
0300
0300
3FF0
1FE0
0FC0
0780
0300
0000
0000
0000
ENDCHAR
STARTCHAR MArrowTrLR
ENCODING 11108
SWIDTH 467 0
DWIDTH 14 0
BBX 14 30 0 -7
BITMAP
0000
0000
0000
0000
0000
0000
0000
0000
0000
0000
0000
0840
1860
3870
7878
FFFC
FFFC
7878
3870
1860
0840
0000
0000
0000
0000
0000
0000
0000
0000
0000
ENDCHAR
STARTCHAR MArrowTrUD
ENCODING 11109
SWIDTH 467 0
DWIDTH 14 0
BBX 14 30 0 -7
BITMAP
0000
0000
0000
0000
0300
0780
0FC0
1FE0
3FF0
0300
0300
0300
0300
0300
0300
0300
0300
0300
0300
0300
0300
0300
3FF0
1FE0
0FC0
0780
0300
0000
0000
0000
ENDCHAR
STARTCHAR MArrowTrLU
ENCODING 11110
SWIDTH 467 0
DWIDTH 14 0
BBX 14 30 0 -7
BITMAP
0000
0000
0000
0000
6000
7000
7C00
7E00
7F00
7C00
7800
4C00
0C00
0600
0600
0300
0300
0180
0180
00C0
00C0
0060
0060
0030
0030
0018
0018
0000
0000
0000
ENDCHAR
STARTCHAR MArrowTrRU
ENCODING 11111
SWIDTH 467 0
DWIDTH 14 0
BBX 14 30 0 -7
BITMAP
0000
0000
0000
0000
0018
0038
00F8
01F8
03F8
00F8
0078
00C8
00C0
0180
0180
0300
0300
0600
0600
0C00
0C00
1800
1800
3000
3000
6000
6000
0000
0000
0000
ENDCHAR
STARTCHAR MArrowTrRD
ENCODING 11112
SWIDTH 467 0
DWIDTH 14 0
BBX 14 30 0 -7
BITMAP
0000
0000
0000
0000
6000
6000
3000
3000
1800
1800
0C00
0C00
0600
0600
0300
0300
0180
0180
00C0
00C8
0078
00F8
03F8
01F8
00F8
0038
0018
0000
0000
0000
ENDCHAR
STARTCHAR MArrowTrLD
ENCODING 11113
SWIDTH 467 0
DWIDTH 14 0
BBX 14 30 0 -7
BITMAP
0000
0000
0000
0000
0018
0018
0030
0030
0060
0060
00C0
00C0
0180
0180
0300
0300
0600
0600
0C00
4C00
7800
7C00
7F00
7E00
7C00
7000
6000
0000
0000
0000
ENDCHAR
STARTCHAR MArrowTrDashedL
ENCODING 11114
SWIDTH 467 0
DWIDTH 14 0
BBX 14 30 0 -7
BITMAP
0000
0000
0000
0000
0000
0000
0000
0000
0000
0000
0000
0400
0C00
1C00
3C00
7DDC
7DDC
3C00
1C00
0C00
0400
0000
0000
0000
0000
0000
0000
0000
0000
0000
ENDCHAR
STARTCHAR MArrowTrDashedU
ENCODING 11115
SWIDTH 467 0
DWIDTH 14 0
BBX 14 30 0 -7
BITMAP
0000
0000
0000
0000
0300
0780
0FC0
1FE0
3FF0
0000
0300
0300
0300
0000
0000
0300
0300
0300
0000
0000
0300
0300
0300
0000
0000
0300
0300
0000
0000
0000
ENDCHAR
STARTCHAR MArrowTrDashedR
ENCODING 11116
SWIDTH 467 0
DWIDTH 14 0
BBX 14 30 0 -7
BITMAP
0000
0000
0000
0000
0000
0000
0000
0000
0000
0000
0000
0080
00C0
00E0
00F0
EEF8
EEF8
00F0
00E0
00C0
0080
0000
0000
0000
0000
0000
0000
0000
0000
0000
ENDCHAR
STARTCHAR MArrowTrDashedD
ENCODING 11117
SWIDTH 467 0
DWIDTH 14 0
BBX 14 30 0 -7
BITMAP
0000
0000
0000
0000
0300
0300
0000
0000
0300
0300
0300
0000
0000
0300
0300
0300
0000
0000
0300
0300
0300
0000
3FF0
1FE0
0FC0
0780
0300
0000
0000
0000
ENDCHAR
STARTCHAR MArrowTrCircCw
ENCODING 11118
SWIDTH 467 0
DWIDTH 14 0
BBX 14 30 0 -7
BITMAP
0000
0000
0000
0000
0000
0000
0000
0000
0000
7C00
7C60
3C70
3C30
6C18
6C18
6018
6018
3030
3870
1FE0
0FC0
0000
0000
0000
0000
0000
0000
0000
0000
0000
ENDCHAR
STARTCHAR MArrowTrCircAcw
ENCODING 11119
SWIDTH 467 0
DWIDTH 14 0
BBX 14 30 0 -7
BITMAP
0000
0000
0000
0000
0000
0000
0000
0000
0000
00F8
18F8
38F0
30F0
60D8
60D8
6018
6018
3030
3870
1FE0
0FC0
0000
0000
0000
0000
0000
0000
0000
0000
0000
ENDCHAR
STARTCHAR MArrowTrLOverR
ENCODING 11136
SWIDTH 467 0
DWIDTH 14 0
BBX 14 30 0 -7
BITMAP
0000
0000
0000
0000
0000
0000
0000
0000
0400
0C00
1C00
3C00
7FF8
7FF8
3C00
1CC0
0CE0
00F0
7FF8
7FF8
00F0
00E0
00C0
0080
0000
0000
0000
0000
0000
0000
ENDCHAR
STARTCHAR MArrowTrULeftD
ENCODING 11137
SWIDTH 467 0
DWIDTH 14 0
BBX 14 30 0 -7
BITMAP
0000
0000
0000
0000
1860
3C60
7E60
FF60
FF60
1860
1860
1860
1860
1860
1860
1860
1860
1860
1860
1860
1860
1860
1BFC
1BFC
19F8
18F0
1860
0000
0000
0000
ENDCHAR
STARTCHAR MArrowTrROverL
ENCODING 11138
SWIDTH 467 0
DWIDTH 14 0
BBX 14 30 0 -7
BITMAP
0000
0000
0000
0000
0000
0000
0000
0000
0080
00C0
00E0
00F0
7FF8
7FF8
00F0
0CE0
1CC0
3C00
7FF8
7FF8
3C00
1C00
0C00
0400
0000
0000
0000
0000
0000
0000
ENDCHAR
STARTCHAR MArrowTrDLeftU
ENCODING 11139
SWIDTH 467 0
DWIDTH 14 0
BBX 14 30 0 -7
BITMAP
0000
0000
0000
0000
1860
18F0
19F8
1BFC
1BFC
1860
1860
1860
1860
1860
1860
1860
1860
1860
1860
1860
1860
1860
FF60
FF60
7E60
3C60
1860
0000
0000
0000
ENDCHAR
STARTCHAR MArrowTrLOverL
ENCODING 11140
SWIDTH 467 0
DWIDTH 14 0
BBX 14 30 0 -7
BITMAP
0000
0000
0000
0000
0000
0000
0000
0000
0400
0C00
1C00
3C00
7FF8
7FF8
3C00
1C00
1C00
3C00
7FF8
7FF8
3C00
1C00
0C00
0400
0000
0000
0000
0000
0000
0000
ENDCHAR
STARTCHAR MArrowTrULeftU
ENCODING 11141
SWIDTH 467 0
DWIDTH 14 0
BBX 14 30 0 -7
BITMAP
0000
0000
0000
0000
1860
3CF0
7FF8
FFFC
FFFC
1860
1860
1860
1860
1860
1860
1860
1860
1860
1860
1860
1860
1860
1860
1860
1860
1860
1860
0000
0000
0000
ENDCHAR
STARTCHAR MArrowTrROverR
ENCODING 11142
SWIDTH 467 0
DWIDTH 14 0
BBX 14 30 0 -7
BITMAP
0000
0000
0000
0000
0000
0000
0000
0000
0080
00C0
00E0
00F0
7FF8
7FF8
00F0
00E0
00E0
00F0
7FF8
7FF8
00F0
00E0
00C0
0080
0000
0000
0000
0000
0000
0000
ENDCHAR
STARTCHAR MArrowTrDLeftD
ENCODING 11143
SWIDTH 467 0
DWIDTH 14 0
BBX 14 30 0 -7
BITMAP
0000
0000
0000
0000
1860
1860
1860
1860
1860
1860
1860
1860
1860
1860
1860
1860
1860
1860
1860
1860
1860
1860
FFFC
FFFC
7FF8
3CF0
1860
0000
0000
0000
ENDCHAR
STARTCHAR DArrowBlackR
ENCODING 11157
SWIDTH 467 0
DWIDTH 14 0
BBX 14 30 0 -7
BITMAP
0000
0000
0000
0000
0000
0000
0000
0000
0000
0000
0100
0180
01C0
00E0
FFF0
FFF8
FFF8
FFF0
00E0
01C0
0180
0100
0000
0000
0000
0000
0000
0000
0000
0000
ENDCHAR
STARTCHAR DSquareBCntrd
ENCODING 11200
SWIDTH 467 0
DWIDTH 14 0
BBX 14 30 0 -7
BITMAP
0000
0000
0000
0000
0000
0000
0000
0000
0000
0000
0000
3FF0
3FF0
3FF0
3FF0
3FF0
3FF0
3FF0
3FF0
3FF0
3FF0
0000
0000
0000
0000
0000
0000
0000
0000
0000
ENDCHAR
STARTCHAR DDiamondBCntrd
ENCODING 11201
SWIDTH 467 0
DWIDTH 14 0
BBX 14 30 0 -7
BITMAP
0000
0000
0000
0000
0000
0000
0000
0000
0000
0000
0300
0780
0FC0
1FE0
3FF0
7FF8
7FF8
3FF0
1FE0
0FC0
0780
0300
0000
0000
0000
0000
0000
0000
0000
0000
ENDCHAR
STARTCHAR DTriangleUpBCntrd
ENCODING 11205
SWIDTH 467 0
DWIDTH 14 0
BBX 14 30 0 -7
BITMAP
0000
0000
0000
0000
0000
0000
0000
0000
0000
0000
0300
0300
0780
0780
0FC0
0FC0
1FE0
1FE0
3FF0
3FF0
7FF8
0000
0000
0000
0000
0000
0000
0000
0000
0000
ENDCHAR
STARTCHAR DTriangleDownBCntrd
ENCODING 11206
SWIDTH 467 0
DWIDTH 14 0
BBX 14 30 0 -7
BITMAP
0000
0000
0000
0000
0000
0000
0000
0000
0000
0000
7FF8
3FF0
3FF0
1FE0
1FE0
0FC0
0FC0
0780
0780
0300
0300
0000
0000
0000
0000
0000
0000
0000
0000
0000
ENDCHAR
STARTCHAR DTriangleLeftBCntrd
ENCODING 11207
SWIDTH 467 0
DWIDTH 14 0
BBX 14 30 0 -7
BITMAP
0000
0000
0000
0000
0000
0000
0000
0000
0000
0000
0010
0070
01F0
07F0
1FF0
7FF0
7FF0
1FF0
07F0
01F0
0070
0010
0000
0000
0000
0000
0000
0000
0000
0000
ENDCHAR
STARTCHAR DTriangleRightBCntrd
ENCODING 11208
SWIDTH 467 0
DWIDTH 14 0
BBX 14 30 0 -7
BITMAP
0000
0000
0000
0000
0000
0000
0000
0000
0000
0000
4000
7000
7C00
7F00
7FC0
7FF0
7FF0
7FC0
7F00
7C00
7000
4000
0000
0000
0000
0000
0000
0000
0000
0000
ENDCHAR
STARTCHAR DCuspB
ENCODING 11212
SWIDTH 467 0
DWIDTH 14 0
BBX 14 30 0 -7
BITMAP
0000
0000
0000
0000
0000
0000
0000
0000
0000
0300
0300
0780
0FC0
1FE0
3FF0
7FF8
7FF8
3FF0
1FE0
0FC0
0780
0300
0300
0000
0000
0000
0000
0000
0000
0000
ENDCHAR
STARTCHAR DCuspW
ENCODING 11214
SWIDTH 467 0
DWIDTH 14 0
BBX 14 30 0 -7
BITMAP
0000
0000
0000
0000
0000
0000
0000
0000
0000
0300
0300
0780
0FC0
1CE0
3870
7038
7038
3870
1CE0
0FC0
0780
0300
0300
0000
0000
0000
0000
0000
0000
0000
ENDCHAR
STARTCHAR LtCapLStrokeH2
ENCODING 11360
SWIDTH 467 0
DWIDTH 14 0
BBX 14 30 0 -7
BITMAP
0000
0000
0000
0000
0000
0000
0600
0600
0600
0600
0C00
1F80
1F80
0C00
0C00
3F00
3F00
1800
1800
3000
3000
3FF0
3FF0
0000
0000
0000
0000
0000
0000
0000
ENDCHAR
STARTCHAR LtSmlLStrokeH2
ENCODING 11361
SWIDTH 467 0
DWIDTH 14 0
BBX 14 30 0 -7
BITMAP
0000
0000
0000
0000
0000
03C0
03C0
00C0
0180
0180
0180
0FE0
0FE0
0300
0300
1FC0
1FC0
0600
0600
0C00
0C60
0FE0
07C0
0000
0000
0000
0000
0000
0000
0000
ENDCHAR
STARTCHAR LtCapLMtilde
ENCODING 11362
SWIDTH 467 0
DWIDTH 14 0
BBX 14 30 0 -7
BITMAP
0000
0000
0000
0000
0000
0000
0600
0600
0600
0600
0C00
0C00
3C80
7C80
4F80
5B00
1800
1800
1800
3000
3000
3FF0
3FF0
0000
0000
0000
0000
0000
0000
0000
ENDCHAR
STARTCHAR LtCapPStroke
ENCODING 11363
SWIDTH 467 0
DWIDTH 14 0
BBX 14 30 0 -7
BITMAP
0000
0000
0000
0000
0000
0000
0FF0
0FF8
0C18
0C18
3FFC
3FFC
1838
1870
3FE0
3FC0
3000
3000
3000
6000
6000
6000
6000
0000
0000
0000
0000
0000
0000
0000
ENDCHAR
STARTCHAR LtCapRLhook
ENCODING 11364
SWIDTH 467 0
DWIDTH 14 0
BBX 14 30 0 -7
BITMAP
0000
0000
0000
0000
0000
0000
0FF0
0FF8
0C18
0C18
0C18
1818
1838
1FF0
1FE0
3300
3300
3180
3180
60C0
60C0
6060
6060
C000
CC00
CC00
F800
7000
0000
0000
ENDCHAR
STARTCHAR LtSmlAStroke
ENCODING 11365
SWIDTH 467 0
DWIDTH 14 0
BBX 14 30 0 -7
BITMAP
0000
0000
0000
0000
0000
0000
0000
0000
0020
0060
01D8
07D8
0EF8
1DB8
1930
3330
3230
3660
3460
3CE0
39E0
1F70
1E30
3000
0000
0000
0000
0000
0000
0000
ENDCHAR
STARTCHAR LtSmlTStrokeD
ENCODING 11366
SWIDTH 467 0
DWIDTH 14 0
BBX 14 30 0 -7
BITMAP
0000
0000
0000
0000
0000
0000
0100
0310
0330
0320
1FF0
1FF0
0680
0780
0700
0E00
0E00
0C00
1800
1800
3CC0
2FC0
6780
C000
0000
0000
0000
0000
0000
0000
ENDCHAR
STARTCHAR LtCapHDesc
ENCODING 11367
SWIDTH 467 0
DWIDTH 14 0
BBX 14 30 0 -7
BITMAP
0000
0000
0000
0000
0000
0000
0C0C
0C0C
0C0C
0C0C
1818
1818
1818
1FF8
1FF8
3030
3030
3030
3030
6060
6060
6078
6078
0018
0030
0030
0030
0000
0000
0000
ENDCHAR
STARTCHAR LtSmlHDesc
ENCODING 11368
SWIDTH 467 0
DWIDTH 14 0
BBX 14 30 0 -7
BITMAP
0000
0000
0000
0000
0000
1C00
1C00
0C00
0C00
0C00
19C0
1BE0
1E70
1C30
1830
3060
3060
3060
3060
30C0
60C0
60F0
6070
0030
0060
0060
0060
0000
0000
0000
ENDCHAR
STARTCHAR LtCapKDesc
ENCODING 11369
SWIDTH 467 0
DWIDTH 14 0
BBX 14 30 0 -7
BITMAP
0000
0000
0000
0000
0000
0000
0C0C
0C1C
0C38
0C70
18E0
19C0
1B80
1F00
1F00
3D80
3980
3180
30C0
60C0
60C0
6070
6070
0030
0060
0060
0060
0000
0000
0000
ENDCHAR
STARTCHAR LtSmlKDesc
ENCODING 11370
SWIDTH 467 0
DWIDTH 14 0
BBX 14 30 0 -7
BITMAP
0000
0000
0000
0000
0000
1C00
1C00
0C00
0C00
0C00
19C0
1FE0
1C70
1830
1830
3060
3FC0
3F80
3180
30C0
60C0
60F0
6070
0030
0060
0060
0060
0000
0000
0000
ENDCHAR
STARTCHAR LtCapZDesc
ENCODING 11371
SWIDTH 467 0
DWIDTH 14 0
BBX 14 30 0 -7
BITMAP
0000
0000
0000
0000
0000
0000
0FFC
0FFC
001C
0038
0070
0060
00C0
01C0
0380
0700
0600
0C00
1C00
3800
7000
7FF8
7FF8
0018
0030
0030
0030
0000
0000
0000
ENDCHAR
STARTCHAR LtSmlZDesc
ENCODING 11372
SWIDTH 467 0
DWIDTH 14 0
BBX 14 30 0 -7
BITMAP
0000
0000
0000
0000
0000
0000
0000
0000
0000
0000
0FF8
1FF8
1830
0060
00C0
0180
0300
0600
0C00
1830
3C70
7FF0
63B0
0030
0060
0060
0060
0000
0000
0000
ENDCHAR
STARTCHAR LtCapAScr
ENCODING 11373
SWIDTH 467 0
DWIDTH 14 0
BBX 14 30 0 -7
BITMAP
0000
0000
0000
0000
0000
0000
01CC
03EC
073C
0E1C
0C18
1C18
1818
3830
3030
3030
3030
3030
3060
30E0
39E0
1F78
0E38
0000
0000
0000
0000
0000
0000
0000
ENDCHAR
STARTCHAR LtCapATrnd
ENCODING 11375
SWIDTH 467 0
DWIDTH 14 0
BBX 14 30 0 -7
BITMAP
0000
0000
0000
0000
0000
0000
180C
180C
180C
1818
1818
0FF0
0FF0
0C60
0C60
0CC0
0CC0
0D80
0780
0700
0700
0600
0600
0000
0000
0000
0000
0000
0000
0000
ENDCHAR
STARTCHAR LtCapAScrTrnd
ENCODING 11376
SWIDTH 467 0
DWIDTH 14 0
BBX 14 30 0 -7
BITMAP
0000
0000
0000
0000
0000
0000
38E0
3DF0
0F38
0E18
0C18
1818
1818
1818
1818
1838
3030
3070
3060
70E0
79C0
6F80
6700
0000
0000
0000
0000
0000
0000
0000
ENDCHAR
STARTCHAR LtCapWHook
ENCODING 11378
SWIDTH 467 0
DWIDTH 14 0
BBX 14 30 0 -7
BITMAP
0000
0000
0000
0000
0000
0000
3038
307C
306C
30CC
36C0
36C0
6EC0
6E80
6E80
7F80
7F80
7700
F700
E700
E600
C600
C600
0000
0000
0000
0000
0000
0000
0000
ENDCHAR
STARTCHAR LtSmlWHook
ENCODING 11379
SWIDTH 467 0
DWIDTH 14 0
BBX 14 30 0 -7
BITMAP
0000
0000
0000
0000
0000
001C
003C
0034
0030
0030
C060
E060
6060
6660
66C0
6EC0
6EC0
7B80
7B80
7380
6380
6300
4300
0000
0000
0000
0000
0000
0000
0000
ENDCHAR
STARTCHAR LtCapHHalf
ENCODING 11381
SWIDTH 467 0
DWIDTH 14 0
BBX 14 30 0 -7
BITMAP
0000
0000
0000
0000
0000
0000
0C00
0C00
0C00
0C00
1800
1800
1800
1FF8
1FF8
3000
3000
3000
3000
6000
6000
6000
6000
0000
0000
0000
0000
0000
0000
0000
ENDCHAR
STARTCHAR LtSmlHHalf
ENCODING 11382
SWIDTH 467 0
DWIDTH 14 0
BBX 14 30 0 -7
BITMAP
0000
0000
0000
0000
0000
0000
0000
0000
0000
0000
1800
1800
1800
1800
3000
3FF0
3FF0
3000
3000
6000
6000
6000
6000
0000
0000
0000
0000
0000
0000
0000
ENDCHAR
STARTCHAR SubSmlJ
ENCODING 11388
SWIDTH 467 0
DWIDTH 14 0
BBX 14 30 0 -7
BITMAP
0000
0000
0000
0000
0000
0000
0000
0000
0000
0000
0000
0000
0000
0000
0000
0180
0180
0000
0F00
0F00
0300
0300
0300
0600
0600
0600
0600
6C00
7C00
7000
ENDCHAR
STARTCHAR SupCapV
ENCODING 11389
SWIDTH 467 0
DWIDTH 14 0
BBX 14 30 0 -7
BITMAP
0000
0000
0000
030C
030C
0318
0318
0330
01B0
01E0
01E0
01C0
01C0
0180
0000
0000
0000
0000
0000
0000
0000
0000
0000
0000
0000
0000
0000
0000
0000
0000
ENDCHAR
STARTCHAR TfYa
ENCODING 11568
SWIDTH 467 0
DWIDTH 14 0
BBX 14 30 0 -7
BITMAP
0000
0000
0000
0000
0000
0000
0000
0000
0000
0000
0000
0000
0000
0000
0000
0780
1FC0
18E0
3060
3060
38C0
1FC0
0F00
0000
0000
0000
0000
0000
0000
0000
ENDCHAR
STARTCHAR TfYab
ENCODING 11569
SWIDTH 467 0
DWIDTH 14 0
BBX 14 30 0 -7
BITMAP
0000
0000
0000
0000
0000
0000
0000
01F0
07F8
0E18
1C0C
180C
300C
300C
3FFC
7FF8
6018
6018
6030
6070
30E0
3FC0
1F00
0000
0000
0000
0000
0000
0000
0000
ENDCHAR
STARTCHAR TfYabh
ENCODING 11570
SWIDTH 467 0
DWIDTH 14 0
BBX 14 30 0 -7
BITMAP
0000
0000
0000
0000
0000
0000
0000
01F0
07F8
0ED8
1CCC
18CC
318C
318C
3FFC
7FF8
6318
6318
6630
6670
36E0
3FC0
1F00
0000
0000
0000
0000
0000
0000
0000
ENDCHAR
STARTCHAR TfYag
ENCODING 11571
SWIDTH 467 0
DWIDTH 14 0
BBX 14 30 0 -7
BITMAP
0000
0000
0000
0000
0000
0000
0000
0FFC
0FFC
0C18
0630
0670
06E0
03C0
0380
0380
0780
0EC0
1CC0
18C0
3060
7060
6060
0000
0000
0000
0000
0000
0000
0000
ENDCHAR
STARTCHAR TfYaghh
ENCODING 11572
SWIDTH 467 0
DWIDTH 14 0
BBX 14 30 0 -7
BITMAP
0000
0000
0000
0000
0000
0000
0000
0C0C
0C1C
0C18
0630
0670
06E0
03C0
0380
0380
0780
0EC0
1CC0
18C0
3060
7FE0
7FE0
0000
0000
0000
0000
0000
0000
0000
ENDCHAR
STARTCHAR TfYajAcad
ENCODING 11573
SWIDTH 467 0
DWIDTH 14 0
BBX 14 30 0 -7
BITMAP
0000
0000
0000
0000
0000
0000
0000
0FFC
0FFC
0C18
0630
0670
06E0
03C0
0380
0380
0780
0EC0
1CC0
18C0
3060
7FE0
7FE0
0000
0000
0000
0000
0000
0000
0000
ENDCHAR
STARTCHAR TfYaj
ENCODING 11574
SWIDTH 467 0
DWIDTH 14 0
BBX 14 30 0 -7
BITMAP
0000
0000
0000
0000
0000
0000
0000
0EDC
0EDC
0EDC
00C0
0180
0180
0180
0180
0300
0300
0300
0300
0600
0600
0600
0600
0000
0000
0000
0000
0000
0000
0000
ENDCHAR
STARTCHAR TfYad
ENCODING 11575
SWIDTH 467 0
DWIDTH 14 0
BBX 14 30 0 -7
BITMAP
0000
0000
0000
0000
0000
0000
0000
00C0
00C0
01C0
01C0
03C0
0360
0660
0660
0C60
0C60
1860
1860
3030
3030
6030
6030
0000
0000
0000
0000
0000
0000
0000
ENDCHAR
STARTCHAR TfYadh
ENCODING 11576
SWIDTH 467 0
DWIDTH 14 0
BBX 14 30 0 -7
BITMAP
0000
0000
0000
0000
0000
0000
0000
180C
180C
1818
1818
0C30
0C30
0C60
0C60
0CC0
0CC0
0D80
0780
0700
0700
0600
0600
0000
0000
0000
0000
0000
0000
0000
ENDCHAR
STARTCHAR TfYadd
ENCODING 11577
SWIDTH 467 0
DWIDTH 14 0
BBX 14 30 0 -7
BITMAP
0000
0000
0000
0000
0000
0000
0000
0FFC
0FFC
0C00
0C00
1800
1800
1800
1FE0
3FE0
3000
3000
3000
6000
6000
7FE0
7FE0
0000
0000
0000
0000
0000
0000
0000
ENDCHAR
STARTCHAR TfYaddh
ENCODING 11578
SWIDTH 467 0
DWIDTH 14 0
BBX 14 30 0 -7
BITMAP
0000
0000
0000
0000
0000
0000
0000
0FFC
0FFC
000C
000C
0018
0018
0018
0FF8
0FF0
0030
0030
0030
0060
0060
7FE0
7FE0
0000
0000
0000
0000
0000
0000
0000
ENDCHAR
STARTCHAR TfYey
ENCODING 11579
SWIDTH 467 0
DWIDTH 14 0
BBX 14 30 0 -7
BITMAP
0000
0000
0000
0000
0000
0000
0000
01E0
07F0
0E38
0E38
07F0
03C0
0000
1FF0
1FF0
0000
0780
1FC0
38E0
38E0
1FC0
0F00
0000
0000
0000
0000
0000
0000
0000
ENDCHAR
STARTCHAR TfYaf
ENCODING 11580
SWIDTH 467 0
DWIDTH 14 0
BBX 14 30 0 -7
BITMAP
0000
0000
0000
0000
0000
0000
0000
1F7C
1F7C
0360
0660
06C0
06C0
06C0
0FC0
0FC0
0D80
0D80
0D80
1980
1B00
FBE0
FBE0
0000
0000
0000
0000
0000
0000
0000
ENDCHAR
STARTCHAR TfYak
ENCODING 11581
SWIDTH 467 0
DWIDTH 14 0
BBX 14 30 0 -7
BITMAP
0000
0000
0000
0000
0000
0000
0000
0FFC
0FFC
0C18
0C30
1870
18E0
19C0
1980
3380
3780
3EC0
3CC0
78C0
7060
7060
6060
0000
0000
0000
0000
0000
0000
0000
ENDCHAR
STARTCHAR TfYakTuareg
ENCODING 11582
SWIDTH 467 0
DWIDTH 14 0
BBX 14 30 0 -7
BITMAP
0000
0000
0000
0000
0000
0000
0600
0F00
0F00
0600
0000
0000
0000
0030
0078
0078
0030
0000
0000
0000
3000
7800
7800
3000
0000
0000
0000
0000
0000
0000
ENDCHAR
STARTCHAR TfYakhh
ENCODING 11583
SWIDTH 467 0
DWIDTH 14 0
BBX 14 30 0 -7
BITMAP
0000
0000
0000
0000
0000
0000
0000
0C0C
0C1C
0C18
0E30
1E70
1EE0
1BC0
1B80
3180
3180
30C0
30C0
60C0
6060
7FE0
7FE0
0000
0000
0000
0000
0000
0000
0000
ENDCHAR
STARTCHAR TfYah
ENCODING 11584
SWIDTH 467 0
DWIDTH 14 0
BBX 14 30 0 -7
BITMAP
0000
0000
0000
0000
0000
0000
0000
01F0
07F8
0ED8
1CCC
18CC
318C
318C
318C
6318
6318
6318
6630
6670
36E0
3FC0
1F00
0000
0000
0000
0000
0000
0000
0000
ENDCHAR
STARTCHAR TfYahAcad
ENCODING 11585
SWIDTH 467 0
DWIDTH 14 0
BBX 14 30 0 -7
BITMAP
0000
0000
0000
0000
0000
0000
0000
01EC
07FC
0E38
1C6C
186C
30CC
318C
318C
6318
6318
6618
6C30
6C70
38E0
7FC0
6F00
0000
0000
0000
0000
0000
0000
0000
ENDCHAR
STARTCHAR TfYahTuareg
ENCODING 11586
SWIDTH 467 0
DWIDTH 14 0
BBX 14 30 0 -7
BITMAP
0000
0000
0000
0000
0060
00F0
00F0
0060
0000
0000
0180
03C0
03C0
0180
0000
0000
0300
0780
0780
0300
0000
0000
0C00
1E00
1E00
0C00
0000
0000
0000
0000
ENDCHAR
STARTCHAR TfYahh
ENCODING 11587
SWIDTH 467 0
DWIDTH 14 0
BBX 14 30 0 -7
BITMAP
0000
0000
0000
0000
0000
0000
0000
000C
001C
0018
0030
0070
00E0
01C0
0180
0380
0780
0EC0
1CC0
18C0
3060
7060
6060
0000
0000
0000
0000
0000
0000
0000
ENDCHAR
STARTCHAR TfYaa
ENCODING 11588
SWIDTH 467 0
DWIDTH 14 0
BBX 14 30 0 -7
BITMAP
0000
0000
0000
0000
0000
0000
0000
00C0
00C0
00C0
00C0
0180
0180
0180
1FF8
1FF8
3030
3030
3030
6060
6060
6060
6060
0000
0000
0000
0000
0000
0000
0000
ENDCHAR
STARTCHAR TfYakh
ENCODING 11589
SWIDTH 467 0
DWIDTH 14 0
BBX 14 30 0 -7
BITMAP
0000
0000
0000
0000
0000
0000
0000
0CCC
0CDC
0CD8
06B0
07F0
07E0
03C0
0380
0380
0780
0EC0
1CC0
18C0
3060
7060
6060
0000
0000
0000
0000
0000
0000
0000
ENDCHAR
STARTCHAR TfYakhTuareg
ENCODING 11590
SWIDTH 467 0
DWIDTH 14 0
BBX 14 30 0 -7
BITMAP
0000
0000
0000
0000
0000
0000
0000
0000
0000
0C30
1E78
1E78
0C30
0000
0000
0000
0000
30C0
79E0
79E0
30C0
0000
0000
0000
0000
0000
0000
0000
0000
0000
ENDCHAR
STARTCHAR TfYaq
ENCODING 11591
SWIDTH 467 0
DWIDTH 14 0
BBX 14 30 0 -7
BITMAP
0000
0000
0000
0000
0000
0000
0000
0FFC
0FFC
0C18
0C30
1870
18E0
19C0
1980
3380
3700
3E00
3C00
7800
7000
7FE0
7FE0
0000
0000
0000
0000
0000
0000
0000
ENDCHAR
STARTCHAR TfYaqTuareg
ENCODING 11592
SWIDTH 467 0
DWIDTH 14 0
BBX 14 30 0 -7
BITMAP
0000
0000
0000
0000
0000
0000
0000
0000
0000
0000
0000
0000
0000
6318
F7BC
F7BC
6318
0000
0000
0000
0000
0000
0000
0000
0000
0000
0000
0000
0000
0000
ENDCHAR
STARTCHAR TfYi
ENCODING 11593
SWIDTH 467 0
DWIDTH 14 0
BBX 14 30 0 -7
BITMAP
0000
0000
0000
0000
0000
0000
0000
000C
003C
00F0
03C0
0F00
0E00
0380
01E0
03E0
0F80
3E00
3C00
0E00
0380
01E0
0060
0000
0000
0000
0000
0000
0000
0000
ENDCHAR
STARTCHAR TfYazh
ENCODING 11594
SWIDTH 467 0
DWIDTH 14 0
BBX 14 30 0 -7
BITMAP
0000
0000
0000
0000
0000
0000
0000
07F8
07F8
00C0
00C0
0180
0180
0180
0180
0300
0300
0300
0300
0600
0600
3FC0
3FC0
0000
0000
0000
0000
0000
0000
0000
ENDCHAR
STARTCHAR TfYazhAhaggar
ENCODING 11595
SWIDTH 467 0
DWIDTH 14 0
BBX 14 30 0 -7
BITMAP
0000
0000
0000
0000
0000
0000
0000
0C1C
0E3C
0770
0360
03C0
03C0
0380
0380
0380
0380
0780
0780
0D80
1DC0
78E0
7060
0000
0000
0000
0000
0000
0000
0000
ENDCHAR
STARTCHAR TfYazhTuareg
ENCODING 11596
SWIDTH 467 0
DWIDTH 14 0
BBX 14 30 0 -7
BITMAP
0000
0000
0000
0000
0000
0000
0000
0630
0630
0630
0630
0C60
3FF8
3FF8
0C60
18C0
7FF0
7FF0
18C0
3180
3180
3180
3180
0000
0000
0000
0000
0000
0000
0000
ENDCHAR
STARTCHAR TfYal
ENCODING 11597
SWIDTH 467 0
DWIDTH 14 0
BBX 14 30 0 -7
BITMAP
0000
0000
0000
0000
0000
0000
0000
0618
0618
0638
0638
0C70
0CF0
0CF0
0DB0
1B60
1E60
1E60
1C60
38C0
38C0
30C0
30C0
0000
0000
0000
0000
0000
0000
0000
ENDCHAR
STARTCHAR TfYam
ENCODING 11598
SWIDTH 467 0
DWIDTH 14 0
BBX 14 30 0 -7
BITMAP
0000
0000
0000
0000
0000
0000
0000
0FFC
0FFC
0C00
0C00
1800
1800
1800
1800
3000
3000
3000
3000
6000
6000
7FE0
7FE0
0000
0000
0000
0000
0000
0000
0000
ENDCHAR
STARTCHAR TfYan
ENCODING 11599
SWIDTH 467 0
DWIDTH 14 0
BBX 14 30 0 -7
BITMAP
0000
0000
0000
0000
0000
0000
0000
00C0
00C0
00C0
00C0
0180
0180
0180
0180
0300
0300
0300
0300
0600
0600
0600
0600
0000
0000
0000
0000
0000
0000
0000
ENDCHAR
STARTCHAR TfYagnTuareg
ENCODING 11600
SWIDTH 467 0
DWIDTH 14 0
BBX 14 30 0 -7
BITMAP
0000
0000
0000
0000
0000
0000
0000
00C0
00C0
00C0
00C0
0180
0FF0
0FF0
0180
0300
1FE0
1FE0
0300
0600
0600
0600
0600
0000
0000
0000
0000
0000
0000
0000
ENDCHAR
STARTCHAR TfYangTuareg
ENCODING 11601
SWIDTH 467 0
DWIDTH 14 0
BBX 14 30 0 -7
BITMAP
0000
0000
0000
0000
0000
0060
0060
00C0
00C0
00C0
00C0
0180
0180
0180
0180
0300
0300
0300
0300
0000
0000
0600
0E00
0E00
0C00
0000
0000
0000
0000
0000
ENDCHAR
STARTCHAR TfYap
ENCODING 11602
SWIDTH 467 0
DWIDTH 14 0
BBX 14 30 0 -7
BITMAP
0000
0000
0000
0000
0000
0000
0000
07F8
07F8
0030
0060
00C0
0180
03C0
07E0
0C70
1830
1830
3060
3060
38C0
1FC0
0F00
0000
0000
0000
0000
0000
0000
0000
ENDCHAR
STARTCHAR TfYu
ENCODING 11603
SWIDTH 467 0
DWIDTH 14 0
BBX 14 30 0 -7
BITMAP
0000
0000
0000
0000
0000
0000
0000
01E0
07F0
0E38
0E38
07F0
03C0
0000
0000
0000
0000
0780
1FC0
38E0
38E0
1FC0
0F00
0000
0000
0000
0000
0000
0000
0000
ENDCHAR
STARTCHAR TfYar
ENCODING 11604
SWIDTH 467 0
DWIDTH 14 0
BBX 14 30 0 -7
BITMAP
0000
0000
0000
0000
0000
0000
0000
01F0
07F8
0E18
1C0C
180C
300C
300C
300C
6018
6018
6018
6030
6070
30E0
3FC0
1F00
0000
0000
0000
0000
0000
0000
0000
ENDCHAR
STARTCHAR TfYarr
ENCODING 11605
SWIDTH 467 0
DWIDTH 14 0
BBX 14 30 0 -7
BITMAP
0000
0000
0000
0000
0000
0000
0000
01F0
07F8
0E18
1C0C
180C
300C
300C
300C
6318
6318
6198
60F0
60F0
30E0
3FF0
1F30
0000
0000
0000
0000
0000
0000
0000
ENDCHAR
STARTCHAR TfYagh
ENCODING 11606
SWIDTH 467 0
DWIDTH 14 0
BBX 14 30 0 -7
BITMAP
0000
0000
0000
0000
0000
0000
0000
0C0C
0C0C
0C0C
0C0C
1818
1818
1818
1FF8
3FF0
0300
0300
0300
0600
0600
0600
0600
0000
0000
0000
0000
0000
0000
0000
ENDCHAR
STARTCHAR TfYaghTuareg
ENCODING 11607
SWIDTH 467 0
DWIDTH 14 0
BBX 14 30 0 -7
BITMAP
0000
0000
0000
0000
0000
0000
00C0
01E0
01E0
00C0
0000
0000
0000
0300
0780
0780
0300
0000
0000
0000
0C00
1E00
1E00
0C00
0000
0000
0000
0000
0000
0000
ENDCHAR
STARTCHAR TfYaghAyer
ENCODING 11608
SWIDTH 467 0
DWIDTH 14 0
BBX 14 30 0 -7
BITMAP
0000
0000
0000
0000
0000
0000
0618
0F3C
0F3C
0618
0000
0000
0000
0180
03C0
03C0
0180
0000
0000
0000
30C0
79E0
79E0
30C0
0000
0000
0000
0000
0000
0000
ENDCHAR
STARTCHAR TfYas
ENCODING 11609
SWIDTH 467 0
DWIDTH 14 0
BBX 14 30 0 -7
BITMAP
0000
0000
0000
0000
0000
0000
0000
01F0
07F8
0E18
1C0C
180C
300C
318C
338C
6398
6318
6018
6030
6070
30E0
3FC0
1F00
0000
0000
0000
0000
0000
0000
0000
ENDCHAR
STARTCHAR TfYass
ENCODING 11610
SWIDTH 467 0
DWIDTH 14 0
BBX 14 30 0 -7
BITMAP
0000
0000
0000
0000
0000
0000
0000
01F4
07FC
0E18
1C3C
186C
30CC
318C
318C
6018
6018
6018
6030
6070
30E0
3FC0
1F00
0000
0000
0000
0000
0000
0000
0000
ENDCHAR
STARTCHAR TfYash
ENCODING 11611
SWIDTH 467 0
DWIDTH 14 0
BBX 14 30 0 -7
BITMAP
0000
0000
0000
0000
0000
0000
0000
00F8
03FC
07CC
0ECC
0CF8
1870
1800
3000
3000
3000
31C0
33E0
3660
1E60
1FC0
0F80
0000
0000
0000
0000
0000
0000
0000
ENDCHAR
STARTCHAR TfYat
ENCODING 11612
SWIDTH 467 0
DWIDTH 14 0
BBX 14 30 0 -7
BITMAP
0000
0000
0000
0000
0000
0000
0000
00C0
00C0
00C0
00C0
0180
0180
0180
1FF0
1FF0
0300
0300
0300
0600
0600
0600
0600
0000
0000
0000
0000
0000
0000
0000
ENDCHAR
STARTCHAR TfYath
ENCODING 11613
SWIDTH 467 0
DWIDTH 14 0
BBX 14 30 0 -7
BITMAP
0000
0000
0000
0000
0000
0000
0000
0C0C
0C1C
0C18
0630
0670
06E0
03C0
0380
0380
0780
0EC0
1CC0
18C0
3060
7060
6060
0000
0000
0000
0000
0000
0000
0000
ENDCHAR
STARTCHAR TfYach
ENCODING 11614
SWIDTH 467 0
DWIDTH 14 0
BBX 14 30 0 -7
BITMAP
0000
0000
0000
0000
0000
0000
0000
00F8
03FC
07CC
0ECC
0CF8
1870
1B00
3F80
3F80
3600
31C0
33E0
3660
1E60
1FC0
0F80
0000
0000
0000
0000
0000
0000
0000
ENDCHAR
STARTCHAR TfYatt
ENCODING 11615
SWIDTH 467 0
DWIDTH 14 0
BBX 14 30 0 -7
BITMAP
0000
0000
0000
0000
0000
0000
0000
0FFC
0FFC
0C00
0C00
1800
1980
1980
1FE0
3FE0
3300
3300
3000
6000
6000
7FE0
7FE0
0000
0000
0000
0000
0000
0000
0000
ENDCHAR
STARTCHAR TfYav
ENCODING 11616
SWIDTH 467 0
DWIDTH 14 0
BBX 14 30 0 -7
BITMAP
0000
0000
0000
0000
0000
0000
0000
00C0
00C0
01C0
01C0
03C0
0360
0660
0660
0C60
0C60
1860
1860
3030
3030
7FF0
7FF0
0000
0000
0000
0000
0000
0000
0000
ENDCHAR
STARTCHAR TfYaw
ENCODING 11617
SWIDTH 467 0
DWIDTH 14 0
BBX 14 30 0 -7
BITMAP
0000
0000
0000
0000
0000
0000
0000
0C0C
0C0C
0C0C
0C0C
1818
1818
1818
1818
3838
3030
3030
3030
6060
6060
7FE0
7FE0
0000
0000
0000
0000
0000
0000
0000
ENDCHAR
STARTCHAR TfYay
ENCODING 11618
SWIDTH 467 0
DWIDTH 14 0
BBX 14 30 0 -7
BITMAP
0000
0000
0000
0000
0000
0000
0000
0030
00F0
01C0
0380
0E00
1C00
1E00
0780
03C0
00F0
0070
00E0
0380
0700
1E00
1800
0000
0000
0000
0000
0000
0000
0000
ENDCHAR
STARTCHAR TfYaz
ENCODING 11619
SWIDTH 467 0
DWIDTH 14 0
BBX 14 30 0 -7
BITMAP
0000
0000
0000
0000
0000
0000
0000
0CCC
0CCC
0CCC
0CD8
0FF8
07F0
0180
0180
0300
0300
1FC0
3FE0
3660
6660
6660
6660
0000
0000
0000
0000
0000
0000
0000
ENDCHAR
STARTCHAR TfYazTawellemet
ENCODING 11620
SWIDTH 467 0
DWIDTH 14 0
BBX 14 30 0 -7
BITMAP
0000
0000
0000
0000
0000
0000
0000
0600
0700
0780
06C0
0CE0
0C60
0C00
0C00
1800
1800
1800
1800
3000
3000
3000
3000
0000
0000
0000
0000
0000
0000
0000
ENDCHAR
STARTCHAR TfYazz
ENCODING 11621
SWIDTH 467 0
DWIDTH 14 0
BBX 14 30 0 -7
BITMAP
0000
0000
0000
0000
0000
0000
0000
0CCC
0CCC
0CD8
0FF8
07F0
0180
0180
1FF0
1FF0
0300
0300
1FC0
3FE0
3660
6660
6660
0000
0000
0000
0000
0000
0000
0000
ENDCHAR
STARTCHAR TfYe
ENCODING 11622
SWIDTH 467 0
DWIDTH 14 0
BBX 14 30 0 -7
BITMAP
0000
0000
0000
0000
0000
0000
0000
0000
0000
0018
0078
01F0
07C0
1F00
3C00
3800
1C00
0F00
0380
01E0
00E0
0000
0000
0000
0000
0000
0000
0000
0000
0000
ENDCHAR
STARTCHAR TfYo
ENCODING 11623
SWIDTH 467 0
DWIDTH 14 0
BBX 14 30 0 -7
BITMAP
0000
0000
0000
0000
0000
0000
0000
0000
0000
0000
0000
0000
0000
0000
3EF8
3EF8
0000
0000
0000
0000
0000
0000
0000
0000
0000
0000
0000
0000
0000
0000
ENDCHAR
STARTCHAR TfLabialization
ENCODING 11631
SWIDTH 467 0
DWIDTH 14 0
BBX 14 30 0 -7
BITMAP
0000
0000
0000
0000
0000
0000
0000
0630
0630
0C60
0C60
0FE0
0FE0
0000
0000
0000
0000
0000
0000
0000
0000
0000
0000
0000
0000
0000
0000
0000
0000
0000
ENDCHAR
STARTCHAR TfSeparator
ENCODING 11632
SWIDTH 467 0
DWIDTH 14 0
BBX 14 30 0 -7
BITMAP
0000
0000
0000
0000
0000
0000
0000
000C
000C
000C
0018
0018
0018
0030
0030
0030
0060
0060
0060
00C0
00C0
0180
0380
0700
7E00
7800
0000
0000
0000
0000
ENDCHAR
STARTCHAR TfConsJoiner
ENCODING 11647
SWIDTH 467 0
DWIDTH 14 0
BBX 14 30 0 -7
BITMAP
0000
0000
0000
0000
0000
0000
0000
0000
0000
0000
0000
0000
0000
0000
0000
0000
0000
0000
0000
0000
0000
0000
0000
0000
0000
DB60
DB60
0000
0000
0000
ENDCHAR
STARTCHAR PHalfBrackTL
ENCODING 11810
SWIDTH 467 0
DWIDTH 14 0
BBX 14 30 0 -7
BITMAP
0000
0000
0000
0000
0FC0
0FC0
0C00
0C00
0C00
0C00
0000
0000
0000
0000
0000
0000
0000
0000
0000
0000
0000
0000
0000
0000
0000
0000
0000
0000
0000
0000
ENDCHAR
STARTCHAR PHalfBrackTR
ENCODING 11811
SWIDTH 467 0
DWIDTH 14 0
BBX 14 30 0 -7
BITMAP
0000
0000
0000
0000
0FC0
0FC0
00C0
00C0
00C0
00C0
0000
0000
0000
0000
0000
0000
0000
0000
0000
0000
0000
0000
0000
0000
0000
0000
0000
0000
0000
0000
ENDCHAR
STARTCHAR PHalfBrackBL
ENCODING 11812
SWIDTH 467 0
DWIDTH 14 0
BBX 14 30 0 -7
BITMAP
0000
0000
0000
0000
0000
0000
0000
0000
0000
0000
0000
0000
0000
0000
0000
0000
0000
0000
0000
0C00
0C00
0C00
0C00
0FC0
0FC0
0000
0000
0000
0000
0000
ENDCHAR
STARTCHAR PHalfBrackBR
ENCODING 11813
SWIDTH 467 0
DWIDTH 14 0
BBX 14 30 0 -7
BITMAP
0000
0000
0000
0000
0000
0000
0000
0000
0000
0000
0000
0000
0000
0000
0000
0000
0000
0000
0000
00C0
00C0
00C0
00C0
0FC0
0FC0
0000
0000
0000
0000
0000
ENDCHAR
STARTCHAR CyCapZemlya
ENCODING 42560
SWIDTH 467 0
DWIDTH 14 0
BBX 14 30 0 -7
BITMAP
0000
0000
0000
0000
0000
0000
0FFC
0FFC
001C
0038
0070
0060
00C0
01C0
0380
0700
0600
0C00
1C00
3800
7000
7FC0
7FE0
0060
0060
3FC0
7F80
6000
0000
0000
ENDCHAR
STARTCHAR CySmlZemlya
ENCODING 42561
SWIDTH 467 0
DWIDTH 14 0
BBX 14 30 0 -7
BITMAP
0000
0000
0000
0000
0000
0000
0000
0000
0000
0000
0FF8
1FF8
1830
0060
00C0
0180
0300
0600
0C00
1800
3800
7FC0
7FE0
0060
0060
3FC0
7F80
6000
0000
0000
ENDCHAR
STARTCHAR CyCapDzelo
ENCODING 42562
SWIDTH 467 0
DWIDTH 14 0
BBX 14 30 0 -7
BITMAP
0000
0000
0000
0000
0000
0000
0FFC
0FFC
001C
0038
0070
0060
00C0
0FF0
0FF0
0700
0600
0C00
1C00
3800
7000
7FC0
7FE0
0060
0060
3FC0
7F80
6000
0000
0000
ENDCHAR
STARTCHAR CySmlDzelo
ENCODING 42563
SWIDTH 467 0
DWIDTH 14 0
BBX 14 30 0 -7
BITMAP
0000
0000
0000
0000
0000
0000
0000
0000
0000
0000
0FF8
1FF8
1830
0060
00C0
1FE0
1FE0
0600
0C00
1800
3800
7FC0
7FE0
0060
0060
3FC0
7F80
6000
0000
0000
ENDCHAR
STARTCHAR CyCapOuGamma
ENCODING 42570
SWIDTH 467 0
DWIDTH 14 0
BBX 14 30 0 -7
BITMAP
0000
0000
0000
0000
0000
0000
0C0C
0C0C
0618
0630
0330
0360
01C0
01C0
0180
0FE0
1FF0
3B30
3630
3C30
3070
3FE0
1FC0
0000
0000
0000
0000
0000
0000
0000
ENDCHAR
STARTCHAR CySmlOuGamma
ENCODING 42571
SWIDTH 467 0
DWIDTH 14 0
BBX 14 30 0 -7
BITMAP
0000
0000
0000
0000
0000
00F0
00F8
001C
000C
0C0C
0C18
0C30
0660
03C0
0380
0FC0
1CE0
1870
3030
3030
3060
3FE0
1F80
0000
0000
0000
0000
0000
0000
0000
ENDCHAR
STARTCHAR CyCapOmegaBroad
ENCODING 42572
SWIDTH 467 0
DWIDTH 14 0
BBX 14 30 0 -7
BITMAP
0000
0000
0000
0000
0000
0000
0618
0F3C
1F3C
1A2C
300C
300C
300C
318C
618C
6318
6318
6318
6318
6730
6F30
79E0
30C0
0000
0000
0000
0000
0000
0000
0000
ENDCHAR
STARTCHAR CySmlOmegaBroad
ENCODING 42573
SWIDTH 467 0
DWIDTH 14 0
BBX 14 30 0 -7
BITMAP
0000
0000
0000
0000
0000
0000
0000
0000
0000
0000
0C30
1E70
1A58
3018
3018
6018
6318
6318
6318
6718
6F30
79E0
30C0
0000
0000
0000
0000
0000
0000
0000
ENDCHAR
STARTCHAR CyCapIA
ENCODING 42582
SWIDTH 467 0
DWIDTH 14 0
BBX 14 30 0 -7
BITMAP
0000
0000
0000
0000
0000
0000
1830
1830
1870
1870
30F0
30F0
31B0
3FB0
3F30
6330
63F0
67F8
6618
6C18
CC18
D818
D818
0000
0000
0000
0000
0000
0000
0000
ENDCHAR
STARTCHAR CySmlIA
ENCODING 42583
SWIDTH 467 0
DWIDTH 14 0
BBX 14 30 0 -7
BITMAP
0000
0000
0000
0000
0000
0000
0000
0000
0000
0000
70CC
71EC
33BC
3318
6318
7E18
7E18
6630
6630
C670
C6F0
C3B8
C318
0000
0000
0000
0000
0000
0000
0000
ENDCHAR
STARTCHAR CyCapYn
ENCODING 42590
SWIDTH 467 0
DWIDTH 14 0
BBX 14 30 0 -7
BITMAP
0000
0000
0000
0000
0000
0000
00C0
01C0
01C0
03E0
07E0
07E0
0DB0
0DB0
19B0
3330
3318
6318
6318
0300
0600
0600
0600
0600
0C00
0C00
0C00
0C00
0000
0000
ENDCHAR
STARTCHAR CySmlYn
ENCODING 42591
SWIDTH 467 0
DWIDTH 14 0
BBX 14 30 0 -7
BITMAP
0000
0000
0000
0000
0000
0000
0000
0000
0000
0000
0180
0380
0380
07C0
0FC0
0FC0
1B60
1B60
3360
6330
6630
C630
C630
0600
0C00
0C00
0C00
0C00
0000
0000
ENDCHAR
STARTCHAR AccDotStress
ENCODING 42775
SWIDTH 467 0
DWIDTH 14 0
BBX 14 30 0 -7
BITMAP
0000
0000
0018
0018
0018
0718
0730
0730
0030
0030
0030
0000
0000
0000
0000
0000
0000
0000
0000
0000
0000
0000
0000
0000
0000
0000
0000
0000
0000
0000
ENDCHAR
STARTCHAR AccDotSlash
ENCODING 42776
SWIDTH 467 0
DWIDTH 14 0
BBX 14 30 0 -7
BITMAP
0000
0000
0380
0380
039C
0038
0070
00E0
01C0
0180
0000
0000
0000
0000
0000
0000
0000
0000
0000
0000
0000
0000
0000
0000
0000
0000
0000
0000
0000
0000
ENDCHAR
STARTCHAR AccDotMacron
ENCODING 42777
SWIDTH 467 0
DWIDTH 14 0
BBX 14 30 0 -7
BITMAP
0000
0000
0000
01C0
01C0
01C0
0000
0000
0FF8
0FF8
0000
0000
0000
0000
0000
0000
0000
0000
0000
0000
0000
0000
0000
0000
0000
0000
0000
0000
0000
0000
ENDCHAR
STARTCHAR AccCornerBR
ENCODING 42778
SWIDTH 467 0
DWIDTH 14 0
BBX 14 30 0 -7
BITMAP
0000
0000
0000
0000
0018
0018
07F8
07F8
0000
0000
0000
0000
0000
0000
0000
0000
0000
0000
0000
0000
0000
0000
0000
0000
0000
0000
0000
0000
0000
0000
ENDCHAR
STARTCHAR LtCapAlefEgpt
ENCODING 42786
SWIDTH 467 0
DWIDTH 14 0
BBX 14 30 0 -7
BITMAP
0000
0000
0000
0000
0000
0000
07E0
07F0
0030
0030
0030
0070
0060
07C0
07E0
00E0
0060
0060
0060
00C0
01C0
3F80
3E00
0000
0000
0000
0000
0000
0000
0000
ENDCHAR
STARTCHAR LtSmlAlefEgpt
ENCODING 42787
SWIDTH 467 0
DWIDTH 14 0
BBX 14 30 0 -7
BITMAP
0000
0000
0000
0000
0000
0000
0000
0000
0000
0000
0FC0
0FE0
0030
0030
0060
0FC0
0F80
00C0
0060
0060
01C0
3F80
3E00
0000
0000
0000
0000
0000
0000
0000
ENDCHAR
STARTCHAR LtCapAinEgpt
ENCODING 42788
SWIDTH 467 0
DWIDTH 14 0
BBX 14 30 0 -7
BITMAP
0000
0000
0000
0000
0000
0000
01F8
03FC
070C
0E04
1C00
1800
1800
1800
1C00
0E00
0600
0000
0000
0000
0000
0000
0000
0000
0000
0000
0000
0000
0000
0000
ENDCHAR
STARTCHAR LtSmlAinEgpt
ENCODING 42789
SWIDTH 467 0
DWIDTH 14 0
BBX 14 30 0 -7
BITMAP
0000
0000
0000
0000
0000
0000
0000
0000
0000
0000
07F0
0FF8
1C18
1800
3000
3000
3800
1E00
0E00
0000
0000
0000
0000
0000
0000
0000
0000
0000
0000
0000
ENDCHAR
STARTCHAR LtCapHLhook
ENCODING 42790
SWIDTH 467 0
DWIDTH 14 0
BBX 14 30 0 -7
BITMAP
0000
0000
0000
0000
0000
0000
0C0C
0C0C
0C0C
0C0C
1818
1818
1818
1FF8
1FF8
3030
3030
3030
3030
6060
6060
6060
6060
0060
0060
0CC0
0FC0
0780
0000
0000
ENDCHAR
STARTCHAR LtSmlHLhook
ENCODING 42791
SWIDTH 467 0
DWIDTH 14 0
BBX 14 30 0 -7
BITMAP
0000
0000
0000
0000
0000
1C00
1C00
0C00
0C00
0C00
19C0
1BE0
1E70
1C30
1830
3060
3060
3060
3060
3060
6060
60C0
60C0
00C0
00C0
1980
1F80
0F00
0000
0000
ENDCHAR
STARTCHAR AccLcircum
ENCODING 42888
SWIDTH 467 0
DWIDTH 14 0
BBX 14 30 0 -7
BITMAP
0000
0000
0000
0000
0000
0000
0000
0000
0000
0000
0000
0000
0000
0000
0000
0000
0000
0000
0000
0000
0000
0000
0000
0600
0F00
1F80
39C0
30C0
0000
0000
ENDCHAR
STARTCHAR AccColon
ENCODING 42889
SWIDTH 467 0
DWIDTH 14 0
BBX 14 30 0 -7
BITMAP
0000
0000
0000
0000
0000
0000
0000
0000
0000
0000
0000
0000
0380
0380
0380
0000
0000
0700
0700
0700
0000
0000
0000
0000
0000
0000
0000
0000
0000
0000
ENDCHAR
STARTCHAR AccEqual
ENCODING 42890
SWIDTH 467 0
DWIDTH 14 0
BBX 14 30 0 -7
BITMAP
0000
0000
0000
0000
0000
0000
0000
0000
0000
0000
0000
0000
0000
0FF0
0FF0
0000
0000
1FE0
1FE0
0000
0000
0000
0000
0000
0000
0000
0000
0000
0000
0000
ENDCHAR
STARTCHAR LtCapSaltillo
ENCODING 42891
SWIDTH 467 0
DWIDTH 14 0
BBX 14 30 0 -7
BITMAP
0000
0000
0000
0000
0000
0000
00C0
00C0
00C0
00C0
00C0
0180
0180
0180
0180
0180
0000
0000
0000
0000
0000
0000
0000
0000
0000
0000
0000
0000
0000
0000
ENDCHAR
STARTCHAR LtSmlSaltillo
ENCODING 42892
SWIDTH 467 0
DWIDTH 14 0
BBX 14 30 0 -7
BITMAP
0000
0000
0000
0000
0000
00C0
00C0
00C0
00C0
0180
0180
0180
0180
0000
0000
0000
0000
0000
0000
0000
0000
0000
0000
0000
0000
0000
0000
0000
0000
0000
ENDCHAR
STARTCHAR LtCapHTrnd
ENCODING 42893
SWIDTH 467 0
DWIDTH 14 0
BBX 14 30 0 -7
BITMAP
0000
0000
0000
0000
0000
0000
0C0C
0C0C
0C0C
0C0C
1818
1818
1818
1FF8
1FF8
0030
0030
0030
0030
0060
0060
0060
0060
0000
0000
0000
0000
0000
0000
0000
ENDCHAR
STARTCHAR LtSmlLLhookBelt
ENCODING 42894
SWIDTH 467 0
DWIDTH 14 0
BBX 14 30 0 -7
BITMAP
0000
0000
0000
0000
0000
03C0
03C0
00C0
0180
0180
0180
1D80
3F00
6330
7FF0
3FE0
0600
0600
0600
0600
0C00
0C00
0C00
0C00
1800
18C0
1FC0
0F80
0000
0000
ENDCHAR
STARTCHAR LtCapNDesc
ENCODING 42896
SWIDTH 467 0
DWIDTH 14 0
BBX 14 30 0 -7
BITMAP
0000
0000
0000
0000
0000
0000
0C0C
0C0C
0C0C
0E0C
1E18
1B18
1B18
1B18
3398
31B0
31B0
31B0
30F0
60E0
6060
6078
6078
0018
0030
0030
0030
0000
0000
0000
ENDCHAR
STARTCHAR LtSmlNDesc
ENCODING 42897
SWIDTH 467 0
DWIDTH 14 0
BBX 14 30 0 -7
BITMAP
0000
0000
0000
0000
0000
0000
0000
0000
0000
0000
39C0
3BE0
1E70
1C30
1830
3060
3060
3060
3060
30C0
60C0
60F0
6070
0030
0060
0060
0060
0000
0000
0000
ENDCHAR
STARTCHAR LtCapHHook
ENCODING 42922
SWIDTH 467 0
DWIDTH 14 0
BBX 14 30 0 -7
BITMAP
0000
0000
0000
0000
0000
0000
0F0C
1F0C
3B0C
330C
3618
3618
0618
07F8
07F8
0C30
0C30
0C30
0C30
1860
1860
1860
1860
0000
0000
0000
0000
0000
0000
0000
ENDCHAR
STARTCHAR LtCapEpsRev
ENCODING 42923
SWIDTH 467 0
DWIDTH 14 0
BBX 14 30 0 -7
BITMAP
0000
0000
0000
0000
0000
0000
07E0
0FF0
0C38
0818
0018
0018
0030
03F0
03C0
0040
0060
0060
0060
40C0
61C0
7F80
3E00
0000
0000
0000
0000
0000
0000
0000
ENDCHAR
STARTCHAR LtCapGScr
ENCODING 42924
SWIDTH 467 0
DWIDTH 14 0
BBX 14 30 0 -7
BITMAP
0000
0000
0000
0000
0000
0000
01CC
03EC
073C
0E1C
0C18
1C18
1818
3830
3030
3030
3030
3030
3060
30E0
39E0
1F60
0EC0
00C0
01C0
C380
FF00
7E00
0000
0000
ENDCHAR
STARTCHAR LtCapLBelt
ENCODING 42925
SWIDTH 467 0
DWIDTH 14 0
BBX 14 30 0 -7
BITMAP
0000
0000
0000
0000
0000
0000
0300
0300
0300
0300
0600
0600
1E00
3E00
6660
7FE0
3FC0
0C00
0C00
1800
1800
1FF0
1FF0
0000
0000
0000
0000
0000
0000
0000
ENDCHAR
STARTCHAR LtCapISmc
ENCODING 42926
SWIDTH 467 0
DWIDTH 14 0
BBX 14 30 0 -7
BITMAP
0000
0000
0000
0000
0000
0000
1FFC
1FFC
10C4
00C0
0180
0180
0180
0180
0180
0300
0300
0300
0300
0600
4610
7FF0
7FF0
0000
0000
0000
0000
0000
0000
0000
ENDCHAR
STARTCHAR LtCapKTrnd
ENCODING 42928
SWIDTH 467 0
DWIDTH 14 0
BBX 14 30 0 -7
BITMAP
0000
0000
0000
0000
0000
0000
0C0C
0C0C
060C
060C
0618
0318
0338
0378
01F0
01F0
03B0
0730
0E30
1C60
3860
7060
6060
0000
0000
0000
0000
0000
0000
0000
ENDCHAR
STARTCHAR LtCapTTrnd
ENCODING 42929
SWIDTH 467 0
DWIDTH 14 0
BBX 14 30 0 -7
BITMAP
0000
0000
0000
0000
0000
0000
00C0
00C0
00C0
00C0
0180
0180
0180
0180
0300
0300
0300
0300
0600
0600
0600
7FE0
7FE0
0000
0000
0000
0000
0000
0000
0000
ENDCHAR
STARTCHAR LtCapJCurl
ENCODING 42930
SWIDTH 467 0
DWIDTH 14 0
BBX 14 30 0 -7
BITMAP
0000
0000
0000
0000
0000
0000
003C
003C
0018
0018
0030
0030
0030
0030
0060
0060
0060
3C60
7EC0
63C0
6180
7FC0
3F60
0000
0000
0000
0000
0000
0000
0000
ENDCHAR
STARTCHAR LtCapChi
ENCODING 42931
SWIDTH 467 0
DWIDTH 14 0
BBX 14 30 0 -7
BITMAP
0000
0000
0000
0000
0000
0000
0C0C
0C0C
0C18
0C38
0630
0660
0660
06C0
07C0
0380
0380
0700
0700
0F80
0D80
1980
1980
3180
70C0
60C0
C0C0
C0C0
0000
0000
ENDCHAR
STARTCHAR LtCapBet
ENCODING 42932
SWIDTH 467 0
DWIDTH 14 0
BBX 14 30 0 -7
BITMAP
0000
0000
0000
0000
0000
0000
0FF0
0FF8
0C18
0C18
1818
1818
1830
1FE0
1FE0
3060
3030
3030
3030
6030
6060
7FC0
7F80
6000
C000
C000
C000
C000
0000
0000
ENDCHAR
STARTCHAR LtSmlBet
ENCODING 42933
SWIDTH 467 0
DWIDTH 14 0
BBX 14 30 0 -7
BITMAP
0000
0000
0000
0000
0000
03E0
07F0
0E18
0C18
0C18
1830
1860
1FC0
1FE0
1830
3030
3030
3030
3030
3060
60E0
7FC0
7F00
6000
6000
C000
C000
C000
0000
0000
ENDCHAR
STARTCHAR LtCapOme
ENCODING 42934
SWIDTH 467 0
DWIDTH 14 0
BBX 14 30 0 -7
BITMAP
0000
0000
0000
0000
0000
0000
0618
0E18
0C0C
180C
180C
300C
300C
318C
618C
6318
6318
6318
6318
6730
6F30
79E0
30C0
0000
0000
0000
0000
0000
0000
0000
ENDCHAR
STARTCHAR LtSmlOme
ENCODING 42935
SWIDTH 467 0
DWIDTH 14 0
BBX 14 30 0 -7
BITMAP
0000
0000
0000
0000
0000
0000
0000
0000
0000
0000
0C30
1C30
1818
3018
3018
6318
6318
6318
6318
6730
6F30
79E0
30C0
0000
0000
0000
0000
0000
0000
0000
ENDCHAR
STARTCHAR LtCapUStrokeD
ENCODING 42936
SWIDTH 467 0
DWIDTH 14 0
BBX 14 30 0 -7
BITMAP
0000
0000
0000
0000
0000
0000
0C0C
0C0C
0C0C
0C1C
1838
1878
1858
18D8
1998
3130
3330
3630
3430
3C60
38E0
1FC0
3F80
6000
0000
0000
0000
0000
0000
0000
ENDCHAR
STARTCHAR LtSmlUStrokeD
ENCODING 42937
SWIDTH 467 0
DWIDTH 14 0
BBX 14 30 0 -7
BITMAP
0000
0000
0000
0000
0000
0000
0000
0000
0000
000C
1C18
1C38
0C78
18D8
18B0
19B0
1B30
3660
3460
3CE0
39E0
3F70
6E30
4000
0000
0000
0000
0000
0000
0000
ENDCHAR
STARTCHAR LtCapAPs
ENCODING 42938
SWIDTH 467 0
DWIDTH 14 0
BBX 14 30 0 -7
BITMAP
0000
0000
0000
0000
0000
1800
1CC0
0CC0
0DC0
39C0
03C0
0360
0660
0660
0C60
0C60
1FE0
1FE0
3030
3030
6030
6030
E030
0000
0000
0000
0000
0000
0000
0000
ENDCHAR
STARTCHAR LtSmlAPs
ENCODING 42939
SWIDTH 467 0
DWIDTH 14 0
BBX 14 30 0 -7
BITMAP
0000
0000
0000
00C0
00E0
0060
0060
01C0
0000
0000
0198
07D8
0E78
1C38
1830
3030
3030
3060
3060
30E0
39E0
1F70
0E30
0000
0000
0000
0000
0000
0000
0000
ENDCHAR
STARTCHAR LtCapIPs
ENCODING 42940
SWIDTH 467 0
DWIDTH 14 0
BBX 14 30 0 -7
BITMAP
0000
0000
0000
0000
0000
3000
3BFC
1BFC
1860
7060
0060
00C0
00C0
00C0
00C0
0180
0180
0180
0180
0300
0300
1FE0
1FE0
0000
0000
0000
0000
0000
0000
0000
ENDCHAR
STARTCHAR LtSmlIPs
ENCODING 42941
SWIDTH 467 0
DWIDTH 14 0
BBX 14 30 0 -7
BITMAP
0000
0000
0000
00C0
00E0
0060
0060
01C0
0000
0000
0F80
0F80
0180
0300
0300
0300
0600
0600
0600
0C00
0C60
0FE0
07C0
0000
0000
0000
0000
0000
0000
0000
ENDCHAR
STARTCHAR LtCapUPs
ENCODING 42942
SWIDTH 467 0
DWIDTH 14 0
BBX 14 30 0 -7
BITMAP
0000
0000
0000
0000
0000
3000
3B0C
1B0C
1B0C
730C
0618
0618
0618
0618
0618
0618
0C30
0C30
0C30
0C30
0C60
07E0
0380
0000
0000
0000
0000
0000
0000
0000
ENDCHAR
STARTCHAR LtSmlUPs
ENCODING 42943
SWIDTH 467 0
DWIDTH 14 0
BBX 14 30 0 -7
BITMAP
0000
0000
0000
00C0
00E0
0060
0060
01C0
0000
0000
1C18
1C18
0C18
1818
1830
1830
1830
3060
3060
30E0
39E0
1F70
0E30
0000
0000
0000
0000
0000
0000
0000
ENDCHAR
STARTCHAR LtCapDStrokeGaul
ENCODING 42951
SWIDTH 467 0
DWIDTH 14 0
BBX 14 30 0 -7
BITMAP
0000
0000
0000
0000
0000
0000
0FE0
0FF0
0C30
0C18
1818
1818
1818
7FFC
7FFC
3018
3030
3030
6070
60E0
61C0
7F80
7E00
0000
0000
0000
0000
0000
0000
0000
ENDCHAR
STARTCHAR LtSmlDStrokeGaul
ENCODING 42952
SWIDTH 467 0
DWIDTH 14 0
BBX 14 30 0 -7
BITMAP
0000
0000
0000
0000
0000
000C
000C
000C
000C
0018
0198
07D8
0E78
1C30
1830
3FF8
3FF8
3060
3060
30E0
39E0
1F70
0E30
0000
0000
0000
0000
0000
0000
0000
ENDCHAR
STARTCHAR LtCapRamshorn
ENCODING 42955
SWIDTH 467 0
DWIDTH 14 0
BBX 14 30 0 -7
BITMAP
0000
0000
0000
0000
0000
0000
0C18
1E3C
1B6C
19CC
0180
0180
0380
0780
0F80
0CC0
18C0
18C0
30C0
30C0
3180
1F80
0E00
0000
0000
0000
0000
0000
0000
0000
ENDCHAR
STARTCHAR LtCapSStrokeD
ENCODING 42956
SWIDTH 467 0
DWIDTH 14 0
BBX 14 30 0 -7
BITMAP
0000
0000
0000
0000
0018
0010
03F8
07FC
0E2C
0C6C
0C40
0EC0
0680
0780
0380
03C0
02C0
06E0
0460
6C60
68E0
7FC0
3F80
1000
3000
0000
0000
0000
0000
0000
ENDCHAR
STARTCHAR LtSmlSStrokeD
ENCODING 42957
SWIDTH 467 0
DWIDTH 14 0
BBX 14 30 0 -7
BITMAP
0000
0000
0000
0000
0000
0000
0000
0000
0060
0040
07E0
0FF0
1CB0
19B0
1D00
0F00
0780
03C0
02E0
6660
64E0
3FC0
1F80
0800
1800
0000
0000
0000
0000
0000
ENDCHAR
STARTCHAR LtCapAin1
ENCODING 42958
SWIDTH 467 0
DWIDTH 14 0
BBX 14 30 0 -7
BITMAP
0000
0000
0000
0000
0000
0000
03E0
0FF0
1C38
1818
1818
1800
1800
0E00
0700
0300
0300
0300
0300
0600
0600
0600
0600
0000
0000
0000
0000
0000
0000
0000
ENDCHAR
STARTCHAR LtSmlAin1
ENCODING 42959
SWIDTH 467 0
DWIDTH 14 0
BBX 14 30 0 -7
BITMAP
0000
0000
0000
0000
0000
0000
0000
0000
0000
0000
07E0
0FF0
1C30
1818
1818
1C00
0E00
0700
0300
0300
0600
0600
0600
0000
0000
0000
0000
0000
0000
0000
ENDCHAR
STARTCHAR LtCapLam
ENCODING 42970
SWIDTH 467 0
DWIDTH 14 0
BBX 14 30 0 -7
BITMAP
0000
0000
0000
0000
0000
0000
00C0
00C0
00C0
00C0
0180
0180
0180
0180
0380
0780
0780
0CC0
18C0
18C0
3060
7060
6060
0000
0000
0000
0000
0000
0000
0000
ENDCHAR
STARTCHAR LtSmlLam
ENCODING 42971
SWIDTH 467 0
DWIDTH 14 0
BBX 14 30 0 -7
BITMAP
0000
0000
0000
0000
0000
0300
0380
01C0
00C0
00C0
00C0
00C0
00C0
01C0
03C0
03C0
06C0
0CC0
0CC0
18C0
30E0
7070
6030
0000
0000
0000
0000
0000
0000
0000
ENDCHAR
STARTCHAR LtCapLamStroke
ENCODING 42972
SWIDTH 467 0
DWIDTH 14 0
BBX 14 30 0 -7
BITMAP
0000
0000
0000
0000
0000
0000
00C0
00C0
00C0
00C0
00F0
0FF0
0F80
0180
0380
0780
0780
0CC0
18C0
18C0
3060
7060
6060
0000
0000
0000
0000
0000
0000
0000
ENDCHAR
STARTCHAR SupCapS
ENCODING 42993
SWIDTH 467 0
DWIDTH 14 0
BBX 14 30 0 -7
BITMAP
0000
0000
0000
01F8
03FC
030C
0300
0380
01E0
0070
0030
0C30
0FF0
07E0
0000
0000
0000
0000
0000
0000
0000
0000
0000
0000
0000
0000
0000
0000
0000
0000
ENDCHAR
STARTCHAR SupCapC
ENCODING 42994
SWIDTH 467 0
DWIDTH 14 0
BBX 14 30 0 -7
BITMAP
0000
0000
0000
00F8
01FC
038C
0300
0600
0600
0600
0600
0330
03F0
01E0
0000
0000
0000
0000
0000
0000
0000
0000
0000
0000
0000
0000
0000
0000
0000
0000
ENDCHAR
STARTCHAR SupCapF
ENCODING 42995
SWIDTH 467 0
DWIDTH 14 0
BBX 14 30 0 -7
BITMAP
0000
0000
0000
03FC
03FC
0300
0300
07E0
07E0
0600
0C00
0C00
0C00
0C00
0000
0000
0000
0000
0000
0000
0000
0000
0000
0000
0000
0000
0000
0000
0000
0000
ENDCHAR
STARTCHAR SupCapQ
ENCODING 42996
SWIDTH 467 0
DWIDTH 14 0
BBX 14 30 0 -7
BITMAP
0000
0000
0000
00E0
03F0
0738
0618
0C18
0C18
0D98
0FF0
0E70
07E0
03E0
0078
0038
0000
0000
0000
0000
0000
0000
0000
0000
0000
0000
0000
0000
0000
0000
ENDCHAR
STARTCHAR LtSmlChi
ENCODING 43859
SWIDTH 467 0
DWIDTH 14 0
BBX 14 30 0 -7
BITMAP
0000
0000
0000
0000
0000
0000
0000
0000
0000
0000
3830
3830
1860
0C60
0CC0
0CC0
0780
0700
0600
0600
0E00
1E00
3300
3300
6300
6180
C1C0
C1C0
0000
0000
ENDCHAR
STARTCHAR LtSmlAMacronAcute
ENCODING 57346
SWIDTH 467 0
DWIDTH 14 0
BBX 14 30 0 -7
BITMAP
0000
0078
0070
00E0
01C0
0000
03F0
03F0
0000
0000
0198
07D8
0E78
1C38
1830
3030
3030
3060
3060
30E0
39E0
1F70
0E30
0000
0000
0000
0000
0000
0000
0000
ENDCHAR
STARTCHAR LtSmlAMacronGrave
ENCODING 57347
SWIDTH 467 0
DWIDTH 14 0
BBX 14 30 0 -7
BITMAP
0000
03C0
01C0
00E0
0060
0000
03F0
03F0
0000
0000
0198
07D8
0E78
1C38
1830
3030
3030
3060
3060
30E0
39E0
1F70
0E30
0000
0000
0000
0000
0000
0000
0000
ENDCHAR
STARTCHAR LtSmlAMacronBreve
ENCODING 57348
SWIDTH 467 0
DWIDTH 14 0
BBX 14 30 0 -7
BITMAP
0000
0318
0318
01F0
00E0
0000
03F0
03F0
0000
0000
0198
07D8
0E78
1C38
1830
3030
3030
3060
3060
30E0
39E0
1F70
0E30
0000
0000
0000
0000
0000
0000
0000
ENDCHAR
STARTCHAR LtSmlAMacronTilde
ENCODING 57349
SWIDTH 467 0
DWIDTH 14 0
BBX 14 30 0 -7
BITMAP
0000
0000
0398
07F8
0670
0000
07F0
07F0
0000
0000
0198
07D8
0E78
1C38
1830
3030
3030
3060
3060
30E0
39E0
1F70
0E30
0000
0000
0000
0000
0000
0000
0000
ENDCHAR
STARTCHAR LtCapAAcuteOgonek
ENCODING 57350
SWIDTH 467 0
DWIDTH 14 0
BBX 14 30 0 -7
BITMAP
0000
003C
0038
0070
00E0
0000
00C0
00C0
01C0
01C0
03C0
0360
0660
0660
0C60
0C60
1FE0
1FE0
3030
3030
6030
6030
E030
0030
0060
00C0
00F0
0070
0000
0000
ENDCHAR
STARTCHAR LtSmlAAcuteOgonek
ENCODING 57351
SWIDTH 467 0
DWIDTH 14 0
BBX 14 30 0 -7
BITMAP
0000
0000
0000
0000
0078
0070
00E0
01C0
0000
0000
0198
07D8
0E78
1C38
1830
3030
3030
3060
3060
30E0
39E0
1F70
0E30
0030
0060
00C0
00F0
0070
0000
0000
ENDCHAR
STARTCHAR LtSmlANonscr
ENCODING 57352
SWIDTH 467 0
DWIDTH 14 0
BBX 14 30 0 -7
BITMAP
0000
0000
0000
0000
0000
0000
0000
0000
0000
0000
07F0
0FF8
0C18
0018
0018
0FF0
1FF0
3830
3030
6060
60E0
3FE0
1F60
0000
0000
0000
0000
0000
0000
0000
ENDCHAR
STARTCHAR LtSmlANonscrTilde
ENCODING 57353
SWIDTH 467 0
DWIDTH 14 0
BBX 14 30 0 -7
BITMAP
0000
0000
0000
0000
0000
0398
07F8
0670
0000
0000
07F0
0FF8
0C18
0018
0018
0FF0
1FF0
3830
3030
6060
60E0
3FE0
1F60
0000
0000
0000
0000
0000
0000
0000
ENDCHAR
STARTCHAR LtSmlAScrTilde
ENCODING 57354
SWIDTH 467 0
DWIDTH 14 0
BBX 14 30 0 -7
BITMAP
0000
0000
0000
0000
0000
0398
07F8
0670
0000
0000
0198
07D8
0E78
1C38
1830
3030
3030
3060
3060
30E0
39E0
1F70
0E30
0000
0000
0000
0000
0000
0000
0000
ENDCHAR
STARTCHAR LtSmlAScrTrndTilde
ENCODING 57355
SWIDTH 467 0
DWIDTH 14 0
BBX 14 30 0 -7
BITMAP
0000
0000
0000
0000
0000
0730
0FF0
0CE0
0000
0000
31C0
3BE0
1E70
1C30
1830
1830
3030
3030
3060
70E0
79C0
6F80
6600
0000
0000
0000
0000
0000
0000
0000
ENDCHAR
STARTCHAR LtCapCLdot
ENCODING 57356
SWIDTH 467 0
DWIDTH 14 0
BBX 14 30 0 -7
BITMAP
0000
0000
0000
0000
0000
0000
00F8
03FC
070C
0E04
0C00
1800
1800
3000
3000
3000
3000
3000
3000
3020
1860
1FE0
0FC0
0000
0000
0600
0600
0600
0000
0000
ENDCHAR
STARTCHAR LtSmlCLdot
ENCODING 57357
SWIDTH 467 0
DWIDTH 14 0
BBX 14 30 0 -7
BITMAP
0000
0000
0000
0000
0000
0000
0000
0000
0000
0000
01E0
07F0
0E30
1C10
1800
3000
3000
3000
3000
3060
38E0
1FC0
0F00
0000
0000
0C00
0C00
0C00
0000
0000
ENDCHAR
STARTCHAR LtCapCCaronLdot
ENCODING 57358
SWIDTH 467 0
DWIDTH 14 0
BBX 14 30 0 -7
BITMAP
0000
0198
01F8
00F0
0060
0000
00F8
03FC
070C
0E04
0C00
1800
1800
3000
3000
3000
3000
3000
3000
3020
1860
1FE0
0FC0
0000
0000
0600
0600
0600
0000
0000
ENDCHAR
STARTCHAR LtSmlCCaronLdot
ENCODING 57359
SWIDTH 467 0
DWIDTH 14 0
BBX 14 30 0 -7
BITMAP
0000
0000
0000
0000
0330
03F0
01E0
00C0
0000
0000
01E0
07F0
0E30
1C10
1800
3000
3000
3000
3000
3060
38E0
1FC0
0F00
0000
0000
0C00
0C00
0C00
0000
0000
ENDCHAR
STARTCHAR LtCapCTrndAcute
ENCODING 57360
SWIDTH 467 0
DWIDTH 14 0
BBX 14 30 0 -7
BITMAP
0000
0078
0070
00E0
01C0
0000
07E0
0FF0
0C30
0818
0018
0018
0018
0018
0018
0018
0030
0030
0060
40E0
61C0
7F80
3F00
0000
0000
0000
0000
0000
0000
0000
ENDCHAR
STARTCHAR LtSmlCTrndAcute
ENCODING 57361
SWIDTH 467 0
DWIDTH 14 0
BBX 14 30 0 -7
BITMAP
0000
0000
0000
0000
00F0
00E0
01C0
0380
0000
0000
07C0
0FE0
0C70
0830
0030
0030
0030
0030
0060
20E0
31C0
3F80
1E00
0000
0000
0000
0000
0000
0000
0000
ENDCHAR
STARTCHAR LtCapCTrndGrave
ENCODING 57362
SWIDTH 467 0
DWIDTH 14 0
BBX 14 30 0 -7
BITMAP
0000
03C0
01C0
00E0
0060
0000
07E0
0FF0
0C30
0818
0018
0018
0018
0018
0018
0018
0030
0030
0060
40E0
61C0
7F80
3F00
0000
0000
0000
0000
0000
0000
0000
ENDCHAR
STARTCHAR LtSmlCTrndGrave
ENCODING 57363
SWIDTH 467 0
DWIDTH 14 0
BBX 14 30 0 -7
BITMAP
0000
0000
0000
0000
0780
0380
01C0
00C0
0000
0000
07C0
0FE0
0C70
0830
0030
0030
0030
0030
0060
20E0
31C0
3F80
1E00
0000
0000
0000
0000
0000
0000
0000
ENDCHAR
STARTCHAR LtCapCTrndCircum
ENCODING 57364
SWIDTH 467 0
DWIDTH 14 0
BBX 14 30 0 -7
BITMAP
0000
00C0
01E0
03F0
0330
0000
07E0
0FF0
0C30
0818
0018
0018
0018
0018
0018
0018
0030
0030
0060
40E0
61C0
7F80
3F00
0000
0000
0000
0000
0000
0000
0000
ENDCHAR
STARTCHAR LtSmlCTrndCircum
ENCODING 57365
SWIDTH 467 0
DWIDTH 14 0
BBX 14 30 0 -7
BITMAP
0000
0000
0000
0000
0180
03C0
07E0
0660
0000
0000
07C0
0FE0
0C70
0830
0030
0030
0030
0030
0060
20E0
31C0
3F80
1E00
0000
0000
0000
0000
0000
0000
0000
ENDCHAR
STARTCHAR LtCapCTrndCaron
ENCODING 57366
SWIDTH 467 0
DWIDTH 14 0
BBX 14 30 0 -7
BITMAP
0000
0660
07E0
03C0
0180
0000
07E0
0FF0
0C30
0818
0018
0018
0018
0018
0018
0018
0030
0030
0060
40E0
61C0
7F80
3F00
0000
0000
0000
0000
0000
0000
0000
ENDCHAR
STARTCHAR LtSmlCTrndCaron
ENCODING 57367
SWIDTH 467 0
DWIDTH 14 0
BBX 14 30 0 -7
BITMAP
0000
0000
0000
0000
0660
07E0
03C0
0180
0000
0000
07C0
0FE0
0C70
0830
0030
0030
0030
0030
0060
20E0
31C0
3F80
1E00
0000
0000
0000
0000
0000
0000
0000
ENDCHAR
STARTCHAR LtCapCTrndTilde
ENCODING 57368
SWIDTH 467 0
DWIDTH 14 0
BBX 14 30 0 -7
BITMAP
0000
0000
0398
07F8
0670
0000
07E0
0FF0
0C30
0818
0018
0018
0018
0018
0018
0018
0030
0030
0060
40E0
61C0
7F80
3F00
0000
0000
0000
0000
0000
0000
0000
ENDCHAR
STARTCHAR LtSmlCTrndTilde
ENCODING 57369
SWIDTH 467 0
DWIDTH 14 0
BBX 14 30 0 -7
BITMAP
0000
0000
0000
0000
0000
0730
0FF0
0CE0
0000
0000
07C0
0FE0
0C70
0830
0030
0030
0030
0030
0060
20E0
31C0
3F80
1E00
0000
0000
0000
0000
0000
0000
0000
ENDCHAR
STARTCHAR LtCapELmacron
ENCODING 57370
SWIDTH 467 0
DWIDTH 14 0
BBX 14 30 0 -7
BITMAP
0000
0000
0000
0000
0000
0000
0FFC
0FFC
0C00
0C00
1800
1800
1800
1FE0
1FE0
3000
3000
3000
3000
6000
6000
7FE0
7FE0
0000
0000
3F00
3F00
0000
0000
0000
ENDCHAR
STARTCHAR LtSmlELmacron
ENCODING 57371
SWIDTH 467 0
DWIDTH 14 0
BBX 14 30 0 -7
BITMAP
0000
0000
0000
0000
0000
0000
0000
0000
0000
0000
01E0
07F0
0E30
1C18
1838
3FF0
3FE0
3000
3000
3000
3860
1FC0
0F80
0000
0000
1F80
1F80
0000
0000
0000
ENDCHAR
STARTCHAR LtCapEAcuteLdot
ENCODING 57372
SWIDTH 467 0
DWIDTH 14 0
BBX 14 30 0 -7
BITMAP
0000
0078
0070
00E0
01C0
0000
0FFC
0FFC
0C00
0C00
1800
1800
1800
1FE0
1FE0
3000
3000
3000
3000
6000
6000
7FE0
7FE0
0000
0000
0C00
0C00
0C00
0000
0000
ENDCHAR
STARTCHAR LtSmlEAcuteLdot
ENCODING 57373
SWIDTH 467 0
DWIDTH 14 0
BBX 14 30 0 -7
BITMAP
0000
0000
0000
0000
0078
0070
00E0
01C0
0000
0000
01E0
07F0
0E30
1C18
1838
3FF0
3FE0
3000
3000
3000
3860
1FC0
0F80
0000
0000
0C00
0C00
0C00
0000
0000
ENDCHAR
STARTCHAR LtCapEAcuteOgonek
ENCODING 57374
SWIDTH 467 0
DWIDTH 14 0
BBX 14 30 0 -7
BITMAP
0000
0078
0070
00E0
01C0
0000
0FFC
0FFC
0C00
0C00
1800
1800
1800
1FE0
1FE0
3000
3000
3000
3000
6000
6000
7FE0
7FE0
0060
00C0
0180
01E0
00E0
0000
0000
ENDCHAR
STARTCHAR LtSmlEAcuteOgonek
ENCODING 57375
SWIDTH 467 0
DWIDTH 14 0
BBX 14 30 0 -7
BITMAP
0000
0000
0000
0000
0078
0070
00E0
01C0
0000
0000
01E0
07F0
0E30
1C18
1838
3FF0
3FE0
3000
3000
3000
3860
1FE0
0FC0
0080
0180
0300
03C0
01C0
0000
0000
ENDCHAR
STARTCHAR LtCapEGraveLdot
ENCODING 57376
SWIDTH 467 0
DWIDTH 14 0
BBX 14 30 0 -7
BITMAP
0000
03C0
01C0
00E0
0060
0000
0FFC
0FFC
0C00
0C00
1800
1800
1800
1FE0
1FE0
3000
3000
3000
3000
6000
6000
7FE0
7FE0
0000
0000
0C00
0C00
0C00
0000
0000
ENDCHAR
STARTCHAR LtSmlEGraveLdot
ENCODING 57377
SWIDTH 467 0
DWIDTH 14 0
BBX 14 30 0 -7
BITMAP
0000
0000
0000
0000
0780
0380
01C0
00C0
0000
0000
01E0
07F0
0E30
1C18
1838
3FF0
3FE0
3000
3000
3000
3860
1FC0
0F80
0000
0000
0C00
0C00
0C00
0000
0000
ENDCHAR
STARTCHAR LtSmlEMacronTilde
ENCODING 57378
SWIDTH 467 0
DWIDTH 14 0
BBX 14 30 0 -7
BITMAP
0000
0000
0398
07F8
0670
0000
07F0
07F0
0000
0000
01E0
07F0
0E30
1C18
1838
3FF0
3FE0
3000
3000
3000
3860
1FC0
0F80
0000
0000
0000
0000
0000
0000
0000
ENDCHAR
STARTCHAR LtCapERevAcute
ENCODING 57379
SWIDTH 467 0
DWIDTH 14 0
BBX 14 30 0 -7
BITMAP
0000
0078
0070
00E0
01C0
0000
0FFC
0FFC
000C
000C
0018
0018
0018
07F8
07F8
0030
0030
0030
0030
0060
0060
7FE0
7FE0
0000
0000
0000
0000
0000
0000
0000
ENDCHAR
STARTCHAR LtSmlSchwaAcute
ENCODING 57380
SWIDTH 467 0
DWIDTH 14 0
BBX 14 30 0 -7
BITMAP
0000
0000
0000
0000
00F0
00E0
01C0
0380
0000
0000
07C0
0FE0
1870
0030
0030
0030
1FF0
3FF0
7060
60E0
31C0
3F80
1F00
0000
0000
0000
0000
0000
0000
0000
ENDCHAR
STARTCHAR LtCapEpsAcute
ENCODING 57381
SWIDTH 467 0
DWIDTH 14 0
BBX 14 30 0 -7
BITMAP
0000
003C
0038
0070
00E0
0000
00F8
03FC
070C
0604
0C00
0C00
0C00
0780
0F80
1800
3000
3000
3000
3020
3860
1FE0
0FC0
0000
0000
0000
0000
0000
0000
0000
ENDCHAR
STARTCHAR LtSmlEpsAcute
ENCODING 57382
SWIDTH 467 0
DWIDTH 14 0
BBX 14 30 0 -7
BITMAP
0000
0000
0000
0000
0078
0070
00E0
01C0
0000
0000
03F0
07F8
0E18
0C00
0C00
0700
1F00
1800
3000
3000
3060
3FE0
1FC0
0000
0000
0000
0000
0000
0000
0000
ENDCHAR
STARTCHAR LtCapEpsGrave
ENCODING 57383
SWIDTH 467 0
DWIDTH 14 0
BBX 14 30 0 -7
BITMAP
0000
03C0
01C0
00E0
0060
0000
00F8
03FC
070C
0604
0C00
0C00
0C00
0780
0F80
1800
3000
3000
3000
3020
3860
1FE0
0FC0
0000
0000
0000
0000
0000
0000
0000
ENDCHAR
STARTCHAR LtSmlEpsGrave
ENCODING 57384
SWIDTH 467 0
DWIDTH 14 0
BBX 14 30 0 -7
BITMAP
0000
0000
0000
0000
03C0
01C0
00E0
0060
0000
0000
03F0
07F8
0E18
0C00
0C00
0700
1F00
1800
3000
3000
3060
3FE0
1FC0
0000
0000
0000
0000
0000
0000
0000
ENDCHAR
STARTCHAR LtCapEpsCircum
ENCODING 57385
SWIDTH 467 0
DWIDTH 14 0
BBX 14 30 0 -7
BITMAP
0000
0060
00F0
01F8
0198
0000
00F8
03FC
070C
0604
0C00
0C00
0C00
0780
0F80
1800
3000
3000
3000
3020
3860
1FE0
0FC0
0000
0000
0000
0000
0000
0000
0000
ENDCHAR
STARTCHAR LtSmlEpsCircum
ENCODING 57386
SWIDTH 467 0
DWIDTH 14 0
BBX 14 30 0 -7
BITMAP
0000
0000
0000
0000
00C0
01E0
03F0
0330
0000
0000
03F0
07F8
0E18
0C00
0C00
0700
1F00
1800
3000
3000
3060
3FE0
1FC0
0000
0000
0000
0000
0000
0000
0000
ENDCHAR
STARTCHAR LtCapEpsCaron
ENCODING 57387
SWIDTH 467 0
DWIDTH 14 0
BBX 14 30 0 -7
BITMAP
0000
0198
01F8
00F0
0060
0000
00F8
03FC
070C
0604
0C00
0C00
0C00
0780
0F80
1800
3000
3000
3000
3020
3860
1FE0
0FC0
0000
0000
0000
0000
0000
0000
0000
ENDCHAR
STARTCHAR LtSmlEpsCaron
ENCODING 57388
SWIDTH 467 0
DWIDTH 14 0
BBX 14 30 0 -7
BITMAP
0000
0000
0000
0000
0330
03F0
01E0
00C0
0000
0000
03F0
07F8
0E18
0C00
0C00
0700
1F00
1800
3000
3000
3060
3FE0
1FC0
0000
0000
0000
0000
0000
0000
0000
ENDCHAR
STARTCHAR LtCapEpsTilde
ENCODING 57389
SWIDTH 467 0
DWIDTH 14 0
BBX 14 30 0 -7
BITMAP
0000
0000
01CC
03FC
0338
0000
00F8
03FC
070C
0604
0C00
0C00
0C00
0780
0F80
1800
3000
3000
3000
3020
3860
1FE0
0FC0
0000
0000
0000
0000
0000
0000
0000
ENDCHAR
STARTCHAR LtSmlEpsTilde
ENCODING 57390
SWIDTH 467 0
DWIDTH 14 0
BBX 14 30 0 -7
BITMAP
0000
0000
0000
0000
0000
0398
07F8
0670
0000
0000
03F0
07F8
0E18
0C00
0C00
0700
1F00
1800
3000
3000
3060
3FE0
1FC0
0000
0000
0000
0000
0000
0000
0000
ENDCHAR
STARTCHAR LtCapGTilde
ENCODING 57391
SWIDTH 467 0
DWIDTH 14 0
BBX 14 30 0 -7
BITMAP
0000
0000
01CC
03FC
0338
0000
00F8
03FC
070C
0E04
0C00
1800
1800
3000
30F8
30F8
3030
3030
3030
3030
1860
1FE0
0FE0
0000
0000
0000
0000
0000
0000
0000
ENDCHAR
STARTCHAR LtSmlGTilde
ENCODING 57392
SWIDTH 467 0
DWIDTH 14 0
BBX 14 30 0 -7
BITMAP
0000
0000
0000
0000
0000
0398
07F8
0670
0000
0000
0198
07D8
0E78
1C38
1830
3030
3030
3030
3060
30E0
39E0
1F60
0E60
00C0
00C0
61C0
7F80
7F00
0000
0000
ENDCHAR
STARTCHAR LtCapGHLmacron
ENCODING 57393
SWIDTH 467 0
DWIDTH 14 0
BBX 14 30 0 -7
BITMAP
0000
0000
0000
0000
0000
0000
076C
0F6C
1B6C
336C
60D8
60D8
60D8
C0F8
DEF8
DDB0
CDB0
CDB0
CDB0
CDB0
7B60
7B60
3B60
0000
0000
7F80
7F80
0000
0000
0000
ENDCHAR
STARTCHAR LtMixGHLmacron
ENCODING 57394
SWIDTH 467 0
DWIDTH 14 0
BBX 14 30 0 -7
BITMAP
0000
0000
0000
0000
0000
0060
0760
0F60
1B60
3360
60D8
60F8
60DC
C0CC
DECC
DD98
CD98
CD98
CD98
CD98
7B30
7B38
3B18
0000
0000
7FC0
7FC0
0000
0000
0000
ENDCHAR
STARTCHAR LtSmlGHLmacron
ENCODING 57395
SWIDTH 467 0
DWIDTH 14 0
BBX 14 30 0 -7
BITMAP
0000
0000
0000
0000
0000
0060
0060
0060
0060
0060
0ED8
1EF8
36DC
26CC
6ECC
6D98
6D98
6D98
6D98
CD98
DB30
FB38
7B18
3000
B000
FFC0
FFC0
E000
0000
0000
ENDCHAR
STARTCHAR LtCapHLmacron
ENCODING 57396
SWIDTH 467 0
DWIDTH 14 0
BBX 14 30 0 -7
BITMAP
0000
0000
0000
0000
0000
0000
0C0C
0C0C
0C0C
0C0C
1818
1818
1818
1FF8
1FF8
3030
3030
3030
3030
6060
6060
6060
6060
0000
0000
3F00
3F00
0000
0000
0000
ENDCHAR
STARTCHAR LtSmlILinvbreve
ENCODING 57397
SWIDTH 467 0
DWIDTH 14 0
BBX 14 30 0 -7
BITMAP
0000
0000
0000
0000
0000
00C0
00C0
00C0
0000
0000
0F80
0F80
0180
0300
0300
0300
0600
0600
0600
0C00
0C60
0FE0
07C0
0000
0000
0700
0F80
18C0
18C0
0000
ENDCHAR
STARTCHAR LtCapIAcuteOgonek
ENCODING 57398
SWIDTH 467 0
DWIDTH 14 0
BBX 14 30 0 -7
BITMAP
0000
003C
0038
0070
00E0
0000
07F8
07F8
00C0
00C0
00C0
0180
0180
0180
0180
0300
0300
0300
0300
0600
0600
3FC0
3FC0
0180
0300
0600
0780
0380
0000
0000
ENDCHAR
STARTCHAR LtSmlIAcuteOgonek
ENCODING 57399
SWIDTH 467 0
DWIDTH 14 0
BBX 14 30 0 -7
BITMAP
0000
0000
0000
0000
00F0
00E0
01C0
0380
0000
0000
0F80
0F80
0180
0300
0300
0300
0600
0600
0600
0C00
0C60
0FE0
07C0
0080
0180
0300
03C0
01C0
0000
0000
ENDCHAR
STARTCHAR LtSmlIMacronAcute
ENCODING 57400
SWIDTH 467 0
DWIDTH 14 0
BBX 14 30 0 -7
BITMAP
0000
00F0
00E0
01C0
0380
0000
07E0
07E0
0000
0000
0F80
0F80
0180
0300
0300
0300
0600
0600
0600
0C00
0C60
0FE0
07C0
0000
0000
0000
0000
0000
0000
0000
ENDCHAR
STARTCHAR LtSmlIMacronGrave
ENCODING 57401
SWIDTH 467 0
DWIDTH 14 0
BBX 14 30 0 -7
BITMAP
0000
03C0
01C0
00E0
0060
0000
03F0
03F0
0000
0000
0F80
0F80
0180
0300
0300
0300
0600
0600
0600
0C00
0C60
0FE0
07C0
0000
0000
0000
0000
0000
0000
0000
ENDCHAR
STARTCHAR LtSmlIMacronBreve
ENCODING 57402
SWIDTH 467 0
DWIDTH 14 0
BBX 14 30 0 -7
BITMAP
0000
0318
0318
01F0
00E0
0000
03F0
03F0
0000
0000
0F80
0F80
0180
0300
0300
0300
0600
0600
0600
0C00
0C60
0FE0
07C0
0000
0000
0000
0000
0000
0000
0000
ENDCHAR
STARTCHAR LtSmlIMacronTilde
ENCODING 57403
SWIDTH 467 0
DWIDTH 14 0
BBX 14 30 0 -7
BITMAP
0000
0000
0730
0FF0
0CE0
0000
0FE0
0FE0
0000
0000
0F80
0F80
0180
0300
0300
0300
0600
0600
0600
0C00
0C60
0FE0
07C0
0000
0000
0000
0000
0000
0000
0000
ENDCHAR
STARTCHAR LtCapJCaron
ENCODING 57404
SWIDTH 467 0
DWIDTH 14 0
BBX 14 30 0 -7
BITMAP
0000
00CC
00FC
0078
0030
0000
003C
003C
0018
0018
0030
0030
0030
0030
0030
0060
0060
6060
6060
60C0
70C0
3F80
1F00
0000
0000
0000
0000
0000
0000
0000
ENDCHAR
STARTCHAR LtCapKHLmacron
ENCODING 57405
SWIDTH 467 0
DWIDTH 14 0
BBX 14 30 0 -7
BITMAP
0000
0000
0000
0000
0000
0000
1B6C
1B6C
1A6C
366C
36D8
34D8
3CD8
38F8
70F8
71B0
79B0
59B0
D9B0
D9B0
DB60
DB60
DB60
0000
0000
7F80
7F80
0000
0000
0000
ENDCHAR
STARTCHAR LtMixKHLmacron
ENCODING 57406
SWIDTH 467 0
DWIDTH 14 0
BBX 14 30 0 -7
BITMAP
0000
0000
0000
0000
0000
0060
1B60
1B60
1A60
3660
36D8
34F8
3CDC
38CC
70CC
7198
7998
5998
D998
D998
DB30
DB38
DB18
0000
0000
7FC0
7FC0
0000
0000
0000
ENDCHAR
STARTCHAR LtSmlKHLmacron
ENCODING 57407
SWIDTH 467 0
DWIDTH 14 0
BBX 14 30 0 -7
BITMAP
0000
0000
0000
0000
0000
1860
1860
1860
1860
3060
3CD8
3EF8
32DC
32CC
76CC
7D98
7998
7198
D998
D998
DB30
DB38
DB18
0000
0000
7FC0
7FC0
0000
0000
0000
ENDCHAR
STARTCHAR LtSmlLLvline
ENCODING 57408
SWIDTH 467 0
DWIDTH 14 0
BBX 14 30 0 -7
BITMAP
0000
0000
0000
0000
0000
03C0
03C0
00C0
0180
0180
0180
0180
0300
0300
0300
0600
0600
0600
0600
0C00
0C60
0FE0
07C0
0000
0000
0C00
0C00
0C00
0C00
0000
ENDCHAR
STARTCHAR LtSmlLLring
ENCODING 57409
SWIDTH 467 0
DWIDTH 14 0
BBX 14 30 0 -7
BITMAP
0000
0000
0000
0000
0000
03C0
03C0
00C0
0180
0180
0180
0180
0300
0300
0300
0600
0600
0600
0600
0C00
0C60
0FE0
07C0
0000
0000
0F00
1980
1980
0F00
0000
ENDCHAR
STARTCHAR LtCapLTilde
ENCODING 57410
SWIDTH 467 0
DWIDTH 14 0
BBX 14 30 0 -7
BITMAP
0000
0000
0398
07F8
0670
0000
0C00
0C00
0C00
0C00
1800
1800
1800
1800
1800
3000
3000
3000
3000
6000
6000
7FE0
7FE0
0000
0000
0000
0000
0000
0000
0000
ENDCHAR
STARTCHAR LtSmlLTilde
ENCODING 57411
SWIDTH 467 0
DWIDTH 14 0
BBX 14 30 0 -7
BITMAP
0000
0398
07F8
0670
0000
03C0
03C0
00C0
0180
0180
0180
0180
0300
0300
0300
0600
0600
0600
0600
0C00
0C60
0FE0
07C0
0000
0000
0000
0000
0000
0000
0000
ENDCHAR
STARTCHAR LtSmlLMacronLring
ENCODING 57412
SWIDTH 467 0
DWIDTH 14 0
BBX 14 30 0 -7
BITMAP
0000
07E0
07E0
0000
0000
03C0
03C0
00C0
0180
0180
0180
0180
0300
0300
0300
0600
0600
0600
0600
0C00
0C60
0FE0
07C0
0000
0000
0F00
1980
1980
0F00
0000
ENDCHAR
STARTCHAR LtSmlMLvline
ENCODING 57413
SWIDTH 467 0
DWIDTH 14 0
BBX 14 30 0 -7
BITMAP
0000
0000
0000
0000
0000
0000
0000
0000
0000
0000
7738
7FFC
39CC
318C
318C
6318
6318
6318
6318
C630
C630
C638
C618
0000
0000
0C00
0C00
0C00
0C00
0000
ENDCHAR
STARTCHAR LtSmlMBreve
ENCODING 57414
SWIDTH 467 0
DWIDTH 14 0
BBX 14 30 0 -7
BITMAP
0000
0000
0000
0000
0630
0630
03E0
01C0
0000
0000
7738
7FFC
39CC
318C
318C
6318
6318
6318
6318
C630
C630
C638
C618
0000
0000
0000
0000
0000
0000
0000
ENDCHAR
STARTCHAR LtSmlMCandra
ENCODING 57415
SWIDTH 467 0
DWIDTH 14 0
BBX 14 30 0 -7
BITMAP
0000
0000
0180
0180
0DB0
0C30
07E0
03C0
0000
0000
7738
7FFC
39CC
318C
318C
6318
6318
6318
6318
C630
C630
C638
C618
0000
0000
0000
0000
0000
0000
0000
ENDCHAR
STARTCHAR LtSmlNLvline
ENCODING 57416
SWIDTH 467 0
DWIDTH 14 0
BBX 14 30 0 -7
BITMAP
0000
0000
0000
0000
0000
0000
0000
0000
0000
0000
39C0
3BE0
1E70
1C30
1830
3060
3060
3060
3060
30C0
60C0
60F0
6070
0000
0000
0C00
0C00
0C00
0C00
0000
ENDCHAR
STARTCHAR LtCapNCircum
ENCODING 57417
SWIDTH 467 0
DWIDTH 14 0
BBX 14 30 0 -7
BITMAP
0000
00C0
01E0
03F0
0330
0000
0C0C
0C0C
0C0C
0E0C
1E18
1B18
1B18
1B18
3398
31B0
31B0
31B0
30F0
60E0
6060
6060
6060
0000
0000
0000
0000
0000
0000
0000
ENDCHAR
STARTCHAR LtSmlNCircum
ENCODING 57418
SWIDTH 467 0
DWIDTH 14 0
BBX 14 30 0 -7
BITMAP
0000
0000
0000
0000
0180
03C0
07E0
0660
0000
0000
39C0
3BE0
1E70
1C30
1830
3060
3060
3060
3060
30C0
60C0
60F0
6070
0000
0000
0000
0000
0000
0000
0000
ENDCHAR
STARTCHAR LtSmlNBreve
ENCODING 57419
SWIDTH 467 0
DWIDTH 14 0
BBX 14 30 0 -7
BITMAP
0000
0000
0000
0000
0C60
0C60
07C0
0380
0000
0000
39C0
3BE0
1E70
1C30
1830
3060
3060
3060
3060
30C0
60C0
60F0
6070
0000
0000
0000
0000
0000
0000
0000
ENDCHAR
STARTCHAR LtCapNMacron
ENCODING 57420
SWIDTH 467 0
DWIDTH 14 0
BBX 14 30 0 -7
BITMAP
0000
0000
03F8
03F8
0000
0000
0C0C
0C0C
0C0C
0E0C
1E18
1B18
1B18
1B18
3398
31B0
31B0
31B0
30F0
60E0
6060
6060
6060
0000
0000
0000
0000
0000
0000
0000
ENDCHAR
STARTCHAR LtSmlNMacron
ENCODING 57421
SWIDTH 467 0
DWIDTH 14 0
BBX 14 30 0 -7
BITMAP
0000
0000
0000
0000
0000
0000
07E0
07E0
0000
0000
39C0
3BE0
1E70
1C30
1830
3060
3060
3060
3060
30C0
60C0
60F0
6070
0000
0000
0000
0000
0000
0000
0000
ENDCHAR
STARTCHAR LtCapNDrss
ENCODING 57422
SWIDTH 467 0
DWIDTH 14 0
BBX 14 30 0 -7
BITMAP
0000
0330
0330
0330
0000
0000
0C0C
0C0C
0C0C
0E0C
1E18
1B18
1B18
1B18
3398
31B0
31B0
31B0
30F0
60E0
6060
6060
6060
0000
0000
0000
0000
0000
0000
0000
ENDCHAR
STARTCHAR LtSmlNDrss
ENCODING 57423
SWIDTH 467 0
DWIDTH 14 0
BBX 14 30 0 -7
BITMAP
0000
0000
0000
0000
0000
0660
0660
0660
0000
0000
39C0
3BE0
1E70
1C30
1830
3060
3060
3060
3060
30C0
60C0
60F0
6070
0000
0000
0000
0000
0000
0000
0000
ENDCHAR
STARTCHAR LtCapEngSami
ENCODING 57424
SWIDTH 467 0
DWIDTH 14 0
BBX 14 30 0 -7
BITMAP
0000
0000
0000
0000
0000
0000
0C0C
0C0C
0C0C
0E0C
1E18
1B18
1B18
1B18
3398
31B0
31B0
31B0
30F0
60E0
6060
6060
6060
00C0
0CC0
0CC0
0F80
0700
0000
0000
ENDCHAR
STARTCHAR LtSmlEngLvline
ENCODING 57425
SWIDTH 467 0
DWIDTH 14 0
BBX 14 30 0 -7
BITMAP
0000
0000
0000
0000
0000
0000
0000
0000
0000
0000
39C0
3BE0
1E70
1C30
1830
3060
3060
3060
3060
3060
6060
60C0
60C0
00C0
00C0
CD80
CF80
C700
C000
0000
ENDCHAR
STARTCHAR LtCapOLmacron
ENCODING 57426
SWIDTH 467 0
DWIDTH 14 0
BBX 14 30 0 -7
BITMAP
0000
0000
0000
0000
0000
0000
03E0
0FF0
0C30
1818
3818
3018
3018
6018
6018
6018
6030
6030
6070
6060
30C0
3FC0
1F00
0000
0000
3F00
3F00
0000
0000
0000
ENDCHAR
STARTCHAR LtSmlOLmacron
ENCODING 57427
SWIDTH 467 0
DWIDTH 14 0
BBX 14 30 0 -7
BITMAP
0000
0000
0000
0000
0000
0000
0000
0000
0000
0000
03C0
07E0
0E70
1C30
1830
3030
3030
3030
3060
30E0
39C0
1F80
0F00
0000
0000
3F00
3F00
0000
0000
0000
ENDCHAR
STARTCHAR LtCapOAcuteLdot
ENCODING 57428
SWIDTH 467 0
DWIDTH 14 0
BBX 14 30 0 -7
BITMAP
0000
0078
0070
00E0
01C0
0000
03E0
0FF0
0C30
1818
3818
3018
3018
6018
6018
6018
6030
6030
6070
6060
30C0
3FC0
1F00
0000
0000
0C00
0C00
0C00
0000
0000
ENDCHAR
STARTCHAR LtSmlOAcuteLdot
ENCODING 57429
SWIDTH 467 0
DWIDTH 14 0
BBX 14 30 0 -7
BITMAP
0000
0000
0000
0000
0078
0070
00E0
01C0
0000
0000
03C0
07E0
0E70
1C30
1830
3030
3030
3030
3060
30E0
39C0
1F80
0F00
0000
0000
0C00
0C00
0C00
0000
0000
ENDCHAR
STARTCHAR LtSmlOLinvbreve
ENCODING 57430
SWIDTH 467 0
DWIDTH 14 0
BBX 14 30 0 -7
BITMAP
0000
0000
0000
0000
0000
0000
0000
0000
0000
0000
03C0
07E0
0E70
1C30
1830
3030
3030
3030
3060
30E0
39C0
1F80
0F00
0000
0000
0E00
1F00
3180
3180
0000
ENDCHAR
STARTCHAR LtCapOAcuteOgonek
ENCODING 57431
SWIDTH 467 0
DWIDTH 14 0
BBX 14 30 0 -7
BITMAP
0000
0078
0070
00E0
01C0
0000
03E0
0FF0
0C30
1818
3818
3018
3018
6018
6018
6018
6030
6030
6070
6060
30C0
3FC0
1F80
0100
0300
0600
0780
0380
0000
0000
ENDCHAR
STARTCHAR LtSmlOAcuteOgonek
ENCODING 57432
SWIDTH 467 0
DWIDTH 14 0
BBX 14 30 0 -7
BITMAP
0000
0000
0000
0000
0078
0070
00E0
01C0
0000
0000
03C0
07E0
0E70
1C30
1830
3030
3030
3030
3060
30E0
39C0
1F80
0F80
0100
0300
0600
0780
0380
0000
0000
ENDCHAR
STARTCHAR LtCapOGraveLdot
ENCODING 57433
SWIDTH 467 0
DWIDTH 14 0
BBX 14 30 0 -7
BITMAP
0000
0780
0380
01C0
00C0
0000
03E0
0FF0
0C30
1818
3818
3018
3018
6018
6018
6018
6030
6030
6070
6060
30C0
3FC0
1F00
0000
0000
0C00
0C00
0C00
0000
0000
ENDCHAR
STARTCHAR LtSmlOGraveLdot
ENCODING 57434
SWIDTH 467 0
DWIDTH 14 0
BBX 14 30 0 -7
BITMAP
0000
0000
0000
0000
0780
0380
01C0
00C0
0000
0000
03C0
07E0
0E70
1C30
1830
3030
3030
3030
3060
30E0
39C0
1F80
0F00
0000
0000
0C00
0C00
0C00
0000
0000
ENDCHAR
STARTCHAR LtSmlOMacronTilde
ENCODING 57435
SWIDTH 467 0
DWIDTH 14 0
BBX 14 30 0 -7
BITMAP
0000
0000
0398
07F8
0670
0000
07F0
07F0
0000
0000
03C0
07E0
0E70
1C30
1830
3030
3030
3030
3060
30E0
39C0
1F80
0F00
0000
0000
0000
0000
0000
0000
0000
ENDCHAR
STARTCHAR LtSmlOETilde
ENCODING 57436
SWIDTH 467 0
DWIDTH 14 0
BBX 14 30 0 -7
BITMAP
0000
0000
0000
0000
0000
0730
0FF0
0CE0
0000
0000
1E38
3F7C
33CC
638C
630C
C3F8
C3F0
C300
C600
C600
CF30
FFF0
79E0
0000
0000
0000
0000
0000
0000
0000
ENDCHAR
STARTCHAR LtCapPLdot
ENCODING 57437
SWIDTH 467 0
DWIDTH 14 0
BBX 14 30 0 -7
BITMAP
0000
0000
0000
0000
0000
0000
0FF0
0FF8
0C18
0C18
1818
1818
1838
1870
3FE0
3FC0
3000
3000
3000
6000
6000
6000
6000
0000
0000
C000
C000
C000
0000
0000
ENDCHAR
STARTCHAR LtSmlPLdot
ENCODING 57438
SWIDTH 467 0
DWIDTH 14 0
BBX 14 30 0 -7
BITMAP
0000
0000
0000
0000
0000
0000
0000
0000
0000
0000
3BC0
3FE0
1C70
1830
1830
1830
3030
3030
3060
30E0
79C0
6F80
6600
6000
C000
CC00
CC00
CC00
0000
0000
ENDCHAR
STARTCHAR LtCapQDot
ENCODING 57439
SWIDTH 467 0
DWIDTH 14 0
BBX 14 30 0 -7
BITMAP
0000
00C0
00C0
00C0
0000
0000
03E0
0FF0
0C30
1818
3818
3018
3018
6018
6018
6018
6030
6030
6E70
7F60
31C0
3FC0
1F80
0080
00F0
0060
0000
0000
0000
0000
ENDCHAR
STARTCHAR LtSmlQDot
ENCODING 57440
SWIDTH 467 0
DWIDTH 14 0
BBX 14 30 0 -7
BITMAP
0000
0000
0000
0000
0000
00C0
00C0
00C0
0000
0000
0198
07D8
0E78
1C38
1830
3030
3030
3030
3060
30E0
39E0
1F60
0E60
00C0
00C0
00C0
00C0
00C0
0000
0000
ENDCHAR
STARTCHAR LtCapQLdot
ENCODING 57441
SWIDTH 467 0
DWIDTH 14 0
BBX 14 30 0 -7
BITMAP
0000
0000
0000
0000
0000
0000
03E0
0FF0
0C30
1818
3818
3018
3018
6018
6018
6018
6030
6030
6E70
7F60
31C0
3FC0
1F80
0080
00F0
0C60
0C00
0C00
0000
0000
ENDCHAR
STARTCHAR LtSmlQLdot
ENCODING 57442
SWIDTH 467 0
DWIDTH 14 0
BBX 14 30 0 -7
BITMAP
0000
0000
0000
0000
0000
0000
0000
0000
0000
0000
0198
07D8
0E78
1C38
1830
3030
3030
3030
3060
30E0
39E0
1F60
0E60
00C0
00C0
0CC0
0CC0
0CC0
0000
0000
ENDCHAR
STARTCHAR LtCapRLring
ENCODING 57443
SWIDTH 467 0
DWIDTH 14 0
BBX 14 30 0 -7
BITMAP
0000
0000
0000
0000
0000
0000
0FF0
0FF8
0C18
0C18
0C18
1818
1838
1FF0
1FE0
3300
3300
3180
3180
60C0
60C0
6060
6060
0000
0000
0F00
1980
1980
0F00
0000
ENDCHAR
STARTCHAR LtSmlRLring
ENCODING 57444
SWIDTH 467 0
DWIDTH 14 0
BBX 14 30 0 -7
BITMAP
0000
0000
0000
0000
0000
0000
0000
0000
0000
0000
3CF0
3DF8
0F38
0E18
0C00
1800
1800
1800
1800
1800
3000
3000
3000
0000
0000
7800
CC00
CC00
7800
0000
ENDCHAR
STARTCHAR LtSmlRLvline
ENCODING 57445
SWIDTH 467 0
DWIDTH 14 0
BBX 14 30 0 -7
BITMAP
0000
0000
0000
0000
0000
0000
0000
0000
0000
0000
3CF0
3DF8
0F38
0E18
0C00
1800
1800
1800
1800
1800
3000
3000
3000
0000
0000
6000
6000
6000
6000
0000
ENDCHAR
STARTCHAR LtCapRAcuteLdot
ENCODING 57446
SWIDTH 467 0
DWIDTH 14 0
BBX 14 30 0 -7
BITMAP
0000
0078
0070
00E0
01C0
0000
0FF0
0FF8
0C18
0C18
0C18
1818
1838
1FF0
1FE0
3300
3300
3180
3180
60C0
60C0
6060
6060
0000
0000
0C00
0C00
0C00
0000
0000
ENDCHAR
STARTCHAR LtSmlRAcuteLdot
ENCODING 57447
SWIDTH 467 0
DWIDTH 14 0
BBX 14 30 0 -7
BITMAP
0000
0000
0000
0000
00F0
00E0
01C0
0380
0000
0000
3CF0
3DF8
0F38
0E18
0C00
1800
1800
1800
1800
1800
3000
3000
3000
0000
0000
6000
6000
6000
0000
0000
ENDCHAR
STARTCHAR LtSmlRAcuteLring
ENCODING 57448
SWIDTH 467 0
DWIDTH 14 0
BBX 14 30 0 -7
BITMAP
0000
0000
0000
0000
00F0
00E0
01C0
0380
0000
0000
3CF0
3DF8
0F38
0E18
0C00
1800
1800
1800
1800
1800
3000
3000
3000
0000
0000
7800
CC00
CC00
7800
0000
ENDCHAR
STARTCHAR LtCapRGraveLdot
ENCODING 57449
SWIDTH 467 0
DWIDTH 14 0
BBX 14 30 0 -7
BITMAP
0000
0780
0380
01C0
00C0
0000
0FF0
0FF8
0C18
0C18
0C18
1818
1838
1FF0
1FE0
3300
3300
3180
3180
60C0
60C0
6060
6060
0000
0000
0C00
0C00
0C00
0000
0000
ENDCHAR
STARTCHAR LtSmlRGraveLdot
ENCODING 57450
SWIDTH 467 0
DWIDTH 14 0
BBX 14 30 0 -7
BITMAP
0000
0000
0000
0000
0780
0380
01C0
00C0
0000
0000
3CF0
3DF8
0F38
0E18
0C00
1800
1800
1800
1800
1800
3000
3000
3000
0000
0000
6000
6000
6000
0000
0000
ENDCHAR
STARTCHAR LtSmlRGraveLring
ENCODING 57451
SWIDTH 467 0
DWIDTH 14 0
BBX 14 30 0 -7
BITMAP
0000
0000
0000
0000
0780
0380
01C0
00C0
0000
0000
3CF0
3DF8
0F38
0E18
0C00
1800
1800
1800
1800
1800
3000
3000
3000
0000
0000
7800
CC00
CC00
7800
0000
ENDCHAR
STARTCHAR LtSmlRBreve
ENCODING 57452
SWIDTH 467 0
DWIDTH 14 0
BBX 14 30 0 -7
BITMAP
0000
0000
0000
0000
0630
0630
03E0
01C0
0000
0000
3CF0
3DF8
0F38
0E18
0C00
1800
1800
1800
1800
1800
3000
3000
3000
0000
0000
0000
0000
0000
0000
0000
ENDCHAR
STARTCHAR LtSmlRMacronAcuteLdot
ENCODING 57453
SWIDTH 467 0
DWIDTH 14 0
BBX 14 30 0 -7
BITMAP
0000
0078
0070
00E0
01C0
0000
03F0
03F0
0000
0000
3CF0
3DF8
0F38
0E18
0C00
1800
1800
1800
1800
1800
3000
3000
3000
0000
0000
6000
6000
6000
0000
0000
ENDCHAR
STARTCHAR LtSmlRMacronLring
ENCODING 57454
SWIDTH 467 0
DWIDTH 14 0
BBX 14 30 0 -7
BITMAP
0000
0000
0000
0000
0000
0000
03F0
03F0
0000
0000
3CF0
3DF8
0F38
0E18
0C00
1800
1800
1800
1800
1800
3000
3000
3000
0000
0000
7800
CC00
CC00
7800
0000
ENDCHAR
STARTCHAR LtSmlRMacronAcuteLring
ENCODING 57455
SWIDTH 467 0
DWIDTH 14 0
BBX 14 30 0 -7
BITMAP
0000
0078
0070
00E0
01C0
0000
03F0
03F0
0000
0000
3CF0
3DF8
0F38
0E18
0C00
1800
1800
1800
1800
1800
3000
3000
3000
0000
0000
7800
CC00
CC00
7800
0000
ENDCHAR
STARTCHAR LtSmlULinvbreve
ENCODING 57456
SWIDTH 467 0
DWIDTH 14 0
BBX 14 30 0 -7
BITMAP
0000
0000
0000
0000
0000
0000
0000
0000
0000
0000
1C18
1C18
0C18
1818
1830
1830
1830
3060
3060
30E0
39E0
1F70
0E30
0000
0000
0E00
1F00
3180
3180
0000
ENDCHAR
STARTCHAR LtCapUAcuteOgonek
ENCODING 57457
SWIDTH 467 0
DWIDTH 14 0
BBX 14 30 0 -7
BITMAP
0000
0078
0070
00E0
01C0
0000
0C0C
0C0C
0C0C
0C0C
1818
1818
1818
1818
1818
3030
3030
3030
3030
3060
38E0
1FC0
0FC0
0080
0180
0300
03C0
01C0
0000
0000
ENDCHAR
STARTCHAR LtSmlUAcuteOgonek
ENCODING 57458
SWIDTH 467 0
DWIDTH 14 0
BBX 14 30 0 -7
BITMAP
0000
0000
0000
0000
0078
0070
00E0
01C0
0000
0000
1C18
1C18
0C18
1818
1830
1830
1830
3060
3060
30E0
39E0
1F70
0E30
0030
0060
00C0
00F0
0070
0000
0000
ENDCHAR
STARTCHAR LtSmlUMacronAcute
ENCODING 57459
SWIDTH 467 0
DWIDTH 14 0
BBX 14 30 0 -7
BITMAP
0000
0078
0070
00E0
01C0
0000
03F0
03F0
0000
0000
1C18
1C18
0C18
1818
1830
1830
1830
3060
3060
30E0
39E0
1F70
0E30
0000
0000
0000
0000
0000
0000
0000
ENDCHAR
STARTCHAR LtSmlUMacronGrave
ENCODING 57460
SWIDTH 467 0
DWIDTH 14 0
BBX 14 30 0 -7
BITMAP
0000
03C0
01C0
00E0
0060
0000
03F0
03F0
0000
0000
1C18
1C18
0C18
1818
1830
1830
1830
3060
3060
30E0
39E0
1F70
0E30
0000
0000
0000
0000
0000
0000
0000
ENDCHAR
STARTCHAR LtSmlUMacronBreve
ENCODING 57461
SWIDTH 467 0
DWIDTH 14 0
BBX 14 30 0 -7
BITMAP
0000
0318
0318
01F0
00E0
0000
03F0
03F0
0000
0000
1C18
1C18
0C18
1818
1830
1830
1830
3060
3060
30E0
39E0
1F70
0E30
0000
0000
0000
0000
0000
0000
0000
ENDCHAR
STARTCHAR LtSmlUMacronTilde
ENCODING 57462
SWIDTH 467 0
DWIDTH 14 0
BBX 14 30 0 -7
BITMAP
0000
0000
0398
07F8
0670
0000
07F0
07F0
0000
0000
1C18
1C18
0C18
1818
1830
1830
1830
3060
3060
30E0
39E0
1F70
0E30
0000
0000
0000
0000
0000
0000
0000
ENDCHAR
STARTCHAR LtCapYBreve
ENCODING 57463
SWIDTH 467 0
DWIDTH 14 0
BBX 14 30 0 -7
BITMAP
0000
0318
0318
01F0
00E0
0000
0C0C
0C1C
0C18
0630
0630
0660
03C0
03C0
0380
0300
0300
0300
0300
0600
0600
0600
0600
0000
0000
0000
0000
0000
0000
0000
ENDCHAR
STARTCHAR LtSmlYBreve
ENCODING 57464
SWIDTH 467 0
DWIDTH 14 0
BBX 14 30 0 -7
BITMAP
0000
0000
0000
0000
0630
0630
03E0
01C0
0000
0000
1C18
1C18
0C18
1818
1830
1830
1830
3030
3060
30E0
39E0
1F60
0E60
00C0
00C0
61C0
7F80
7F00
0000
0000
ENDCHAR
STARTCHAR CyCapElBul
ENCODING 57465
SWIDTH 467 0
DWIDTH 14 0
BBX 14 30 0 -7
BITMAP
0000
0000
0000
0000
0000
0000
00C0
00C0
01C0
01C0
03C0
0360
0660
0660
0C60
0C60
1860
1860
3030
3030
6030
6030
E030
0000
0000
0000
0000
0000
0000
0000
ENDCHAR
STARTCHAR CySmlVeBul
ENCODING 57466
SWIDTH 467 0
DWIDTH 14 0
BBX 14 30 0 -7
BITMAP
0000
0000
0000
0000
0000
00E0
01F0
0330
0630
0630
0C30
0C60
1FC0
1FE0
1870
3030
3030
3030
3030
3070
18E0
1FC0
0F80
0000
0000
0000
0000
0000
0000
0000
ENDCHAR
STARTCHAR CySmlGheBul
ENCODING 57467
SWIDTH 467 0
DWIDTH 14 0
BBX 14 30 0 -7
BITMAP
0000
0000
0000
0000
0000
0000
0000
0000
0000
0000
0FC0
1FE0
1860
0060
00E0
01C0
0780
0E00
1C00
1800
1860
1FE0
0FC0
0000
0000
0000
0000
0000
0000
0000
ENDCHAR
STARTCHAR CySmlDeBul
ENCODING 57468
SWIDTH 467 0
DWIDTH 14 0
BBX 14 30 0 -7
BITMAP
0000
0000
0000
0000
0000
0000
0000
0000
0000
0000
0198
07D8
0E78
1C38
1830
3030
3030
3030
3060
30E0
39E0
1F60
0E60
00C0
00C0
61C0
7F80
7F00
0000
0000
ENDCHAR
STARTCHAR CySmlZheBul
ENCODING 57469
SWIDTH 467 0
DWIDTH 14 0
BBX 14 30 0 -7
BITMAP
0000
0000
0000
0000
0000
00C0
00C0
00C0
0180
0180
718C
799C
1998
1B30
1F30
1F70
3B70
33E0
33E0
3660
6660
E678
C638
0000
0000
0000
0000
0000
0000
0000
ENDCHAR
STARTCHAR CySmlZeBul
ENCODING 57470
SWIDTH 467 0
DWIDTH 14 0
BBX 14 30 0 -7
BITMAP
0000
0000
0000
0000
0000
0000
0000
0000
0000
0000
07E0
0FF0
0C38
0018
0018
0018
0030
03E0
03C0
0060
0060
0060
0060
0060
00C0
C1C0
FF80
7E00
0000
0000
ENDCHAR
STARTCHAR CySmlIBul
ENCODING 57471
SWIDTH 467 0
DWIDTH 14 0
BBX 14 30 0 -7
BITMAP
0000
0000
0000
0000
0000
0000
0000
0000
0000
0000
1C18
1C18
0C18
1818
1830
1830
1830
3060
3060
30E0
39E0
1F70
0E30
0000
0000
0000
0000
0000
0000
0000
ENDCHAR
STARTCHAR CySmlIBreveBul
ENCODING 57472
SWIDTH 467 0
DWIDTH 14 0
BBX 14 30 0 -7
BITMAP
0000
0000
0000
0000
0618
0618
07F8
03F0
0000
0000
1C18
1C18
0C18
1818
1830
1830
1830
3060
3060
30E0
39E0
1F70
0E30
0000
0000
0000
0000
0000
0000
0000
ENDCHAR
STARTCHAR CySmlKaBul
ENCODING 57473
SWIDTH 467 0
DWIDTH 14 0
BBX 14 30 0 -7
BITMAP
0000
0000
0000
0000
0000
1C00
1C00
0C00
0C00
0C00
1818
1838
1870
18E0
31C0
3780
3F00
3F80
3980
70C0
60C0
6060
6060
0000
0000
0000
0000
0000
0000
0000
ENDCHAR
STARTCHAR CySmlElBul
ENCODING 57474
SWIDTH 467 0
DWIDTH 14 0
BBX 14 30 0 -7
BITMAP
0000
0000
0000
0000
0000
0000
0000
0000
0000
0000
00C0
00C0
01C0
01E0
03E0
0360
0760
0660
0C30
1C30
3830
7038
6018
0000
0000
0000
0000
0000
0000
0000
ENDCHAR
STARTCHAR CySmlPeBul
ENCODING 57475
SWIDTH 467 0
DWIDTH 14 0
BBX 14 30 0 -7
BITMAP
0000
0000
0000
0000
0000
0000
0000
0000
0000
0000
39C0
3BE0
1E70
1C30
1830
3060
3060
3060
3060
30C0
60C0
60F0
6070
0000
0000
0000
0000
0000
0000
0000
ENDCHAR
STARTCHAR CySmlTeBul
ENCODING 57476
SWIDTH 467 0
DWIDTH 14 0
BBX 14 30 0 -7
BITMAP
0000
0000
0000
0000
0000
0000
0000
0000
0000
0000
7738
7FFC
39CC
318C
318C
6318
6318
6318
6318
C630
C630
C638
C618
0000
0000
0000
0000
0000
0000
0000
ENDCHAR
STARTCHAR CySmlTseBul
ENCODING 57477
SWIDTH 467 0
DWIDTH 14 0
BBX 14 30 0 -7
BITMAP
0000
0000
0000
0000
0000
0000
0000
0000
0000
0000
1C18
1C18
0C18
1818
1830
1830
1830
3060
3060
30E0
39E0
1F78
0E38
0030
0030
00F0
00E0
0000
0000
0000
ENDCHAR
STARTCHAR CySmlShaBul
ENCODING 57478
SWIDTH 467 0
DWIDTH 14 0
BBX 14 30 0 -7
BITMAP
0000
0000
0000
0000
0000
0000
0000
0000
0000
0000
718C
718C
318C
318C
6318
6318
6318
6318
C630
C630
CE70
FFF8
7398
0000
0000
0000
0000
0000
0000
0000
ENDCHAR
STARTCHAR CySmlShchaBul
ENCODING 57479
SWIDTH 467 0
DWIDTH 14 0
BBX 14 30 0 -7
BITMAP
0000
0000
0000
0000
0000
0000
0000
0000
0000
0000
718C
718C
318C
318C
6318
6318
6318
6318
C630
C630
CE70
FFF8
7398
0018
0018
0078
0070
0000
0000
0000
ENDCHAR
STARTCHAR CySmlYuBul
ENCODING 57480
SWIDTH 467 0
DWIDTH 14 0
BBX 14 30 0 -7
BITMAP
0000
0000
0000
0000
0000
3800
3800
1800
1800
1800
30F0
31F0
3398
3318
3318
7E18
7E18
6630
6630
6630
C670
C3E0
C3C0
0000
0000
0000
0000
0000
0000
0000
ENDCHAR
STARTCHAR CySmlGheAcuteMcd
ENCODING 57481
SWIDTH 467 0
DWIDTH 14 0
BBX 14 30 0 -7
BITMAP
0000
0078
0070
00E0
01C0
0000
0FF0
0FF0
0000
0000
0F80
0F80
0180
0300
0300
0300
0600
0600
0600
0C00
0C60
0FE0
07C0
0000
0000
0000
0000
0000
0000
0000
ENDCHAR
STARTCHAR GkSmlEpsPer
ENCODING 57482
SWIDTH 467 0
DWIDTH 14 0
BBX 14 30 0 -7
BITMAP
0000
0000
0000
0000
00E0
01F0
0318
0318
0000
0000
03F0
07F8
0E18
0C00
0C00
0700
1F00
1800
3000
3000
3060
3FE0
1FC0
0000
0000
0000
0000
0000
0000
0000
ENDCHAR
STARTCHAR GkCapIotTrndLbreve
ENCODING 57483
SWIDTH 467 0
DWIDTH 14 0
BBX 14 30 0 -7
BITMAP
0000
0000
0000
0000
0000
0000
07F8
07F8
00C0
00C0
00C0
0180
0180
0180
0180
0300
0300
0300
0300
0600
0600
3FC0
3FC0
0000
0000
3180
3180
1F00
0E00
0000
ENDCHAR
STARTCHAR GkSmlIotTrndLbreve
ENCODING 57484
SWIDTH 467 0
DWIDTH 14 0
BBX 14 30 0 -7
BITMAP
0000
0000
0000
0000
0000
0000
0000
0000
0000
0000
0F00
1F80
19C0
00C0
00C0
0180
0180
0180
0300
0300
0600
0700
0700
0000
0000
18C0
18C0
0F80
0700
0000
ENDCHAR
STARTCHAR GkSmlOmiPer
ENCODING 57485
SWIDTH 467 0
DWIDTH 14 0
BBX 14 30 0 -7
BITMAP
0000
0000
0000
0000
01C0
03E0
0630
0630
0000
0000
03C0
07E0
0E70
1C30
1830
3030
3030
3030
3060
30E0
39C0
1F80
0F00
0000
0000
0000
0000
0000
0000
0000
ENDCHAR
STARTCHAR GkCapUpsTrndLbreve
ENCODING 57486
SWIDTH 467 0
DWIDTH 14 0
BBX 14 30 0 -7
BITMAP
0000
0000
0000
0000
0000
0000
00C0
00C0
00C0
00C0
0180
0180
0180
0180
0380
0780
0780
0CC0
18C0
18C0
3060
7060
6060
0000
0000
3180
3180
1F00
0E00
0000
ENDCHAR
STARTCHAR GkSmlUpsTrndLbreve
ENCODING 57487
SWIDTH 467 0
DWIDTH 14 0
BBX 14 30 0 -7
BITMAP
0000
0000
0000
0000
0000
0000
0000
0000
0000
0000
01C0
07E0
0E70
1C30
1830
1830
3060
3060
3060
30C0
30C0
30E0
3060
0000
0000
18C0
18C0
0F80
0700
0000
ENDCHAR
STARTCHAR GeAnMacron
ENCODING 57488
SWIDTH 467 0
DWIDTH 14 0
BBX 14 30 0 -7
BITMAP
0000
0000
0000
0000
0000
0000
0000
03F0
03F0
0000
0000
0080
0180
0180
01C0
00E0
0070
1030
3030
3070
30E0
3FE0
1F80
0000
0000
0000
0000
0000
0000
0000
ENDCHAR
STARTCHAR GeAnGrave
ENCODING 57489
SWIDTH 467 0
DWIDTH 14 0
BBX 14 30 0 -7
BITMAP
0000
0000
0000
0000
0000
0380
0380
01C0
00C0
0040
0000
0080
0180
0180
01C0
00E0
0070
1030
3030
3070
30E0
3FE0
1F80
0000
0000
0000
0000
0000
0000
0000
ENDCHAR
STARTCHAR GeAnGraveMacron
ENCODING 57490
SWIDTH 467 0
DWIDTH 14 0
BBX 14 30 0 -7
BITMAP
0000
0000
0000
03F0
03F0
0000
0380
0180
00C0
0040
0000
0080
0180
0180
01C0
00E0
0070
1030
3030
3070
30E0
3FE0
1F80
0000
0000
0000
0000
0000
0000
0000
ENDCHAR
STARTCHAR GeAnDrss
ENCODING 57491
SWIDTH 467 0
DWIDTH 14 0
BBX 14 30 0 -7
BITMAP
0000
0000
0000
0000
0000
0000
0330
0330
0330
0000
0000
0080
0180
0180
01C0
00E0
0070
1030
3030
3070
30E0
3FE0
1F80
0000
0000
0000
0000
0000
0000
0000
ENDCHAR
STARTCHAR GeAnDrssMacron
ENCODING 57492
SWIDTH 467 0
DWIDTH 14 0
BBX 14 30 0 -7
BITMAP
0000
0000
0000
01F8
01F8
0000
0330
0330
0330
0000
0000
0080
0180
0180
01C0
00E0
0070
1030
3030
3070
30E0
3FE0
1F80
0000
0000
0000
0000
0000
0000
0000
ENDCHAR
STARTCHAR GeEnMacron
ENCODING 57493
SWIDTH 467 0
DWIDTH 14 0
BBX 14 30 0 -7
BITMAP
0000
0000
0000
0000
0000
0000
0000
0000
01F8
01F8
0000
0000
07E0
0FF0
1C30
1830
1830
0830
0030
0060
0060
0060
0060
6060
C0C0
C0C0
C0C0
E180
7F80
3E00
ENDCHAR
STARTCHAR GeInMacron
ENCODING 57494
SWIDTH 467 0
DWIDTH 14 0
BBX 14 30 0 -7
BITMAP
0000
0000
0000
0000
0000
0000
0000
0000
03F0
03F0
0000
0000
03C0
0FE0
1C70
1830
3030
3030
3030
3060
3060
30C0
30C0
0000
0000
0000
0000
0000
0000
0000
ENDCHAR
STARTCHAR GeOnMacron
ENCODING 57495
SWIDTH 467 0
DWIDTH 14 0
BBX 14 30 0 -7
BITMAP
0000
0000
0000
0000
0000
0000
0000
0000
03F0
03F0
0000
0000
0E70
1FF8
3398
3318
6318
6318
6318
6030
6030
6060
6060
0000
0000
0000
0000
0000
0000
0000
ENDCHAR
STARTCHAR GeOnDrss
ENCODING 57496
SWIDTH 467 0
DWIDTH 14 0
BBX 14 30 0 -7
BITMAP
0000
0000
0000
0000
0000
0000
0000
0330
0330
0330
0000
0000
0E70
1FF8
3398
3318
6318
6318
6318
6030
6030
6060
6060
0000
0000
0000
0000
0000
0000
0000
ENDCHAR
STARTCHAR GeUnCircum
ENCODING 57497
SWIDTH 467 0
DWIDTH 14 0
BBX 14 30 0 -7
BITMAP
0000
0000
0000
0000
0000
0000
00C0
01E0
03F0
0330
0000
0000
31E0
3BF0
3F30
0E30
0C30
0C30
0060
0060
0060
0060
0060
00C0
30C0
60C0
60C0
7180
3F80
1E00
ENDCHAR
STARTCHAR GeUnMacron
ENCODING 57498
SWIDTH 467 0
DWIDTH 14 0
BBX 14 30 0 -7
BITMAP
0000
0000
0000
0000
0000
0000
0000
0000
03F0
03F0
0000
0000
31E0
3BF0
3F30
0E30
0C30
0C30
0060
0060
0060
0060
0060
00C0
30C0
60C0
60C0
7180
3F80
1E00
ENDCHAR
STARTCHAR GeUnDrss
ENCODING 57499
SWIDTH 467 0
DWIDTH 14 0
BBX 14 30 0 -7
BITMAP
0000
0000
0000
0000
0000
0000
0000
0330
0330
0330
0000
0000
31E0
3BF0
3F30
0E30
0C30
0C30
0060
0060
0060
0060
0060
00C0
30C0
60C0
60C0
7180
3F80
1E00
ENDCHAR
STARTCHAR GeUo
ENCODING 57500
SWIDTH 467 0
DWIDTH 14 0
BBX 14 30 0 -7
BITMAP
0000
0000
0000
0000
0000
0000
0000
0000
0000
0000
0000
0000
078C
0FDC
1CFC
38E0
30C0
30C0
3000
3000
6000
6000
6000
6000
6180
C180
C180
E380
7F00
3E00
ENDCHAR
STARTCHAR GBbx1
ENCODING 57501
SWIDTH 467 0
DWIDTH 14 0
BBX 14 30 0 -7
BITMAP
FFFC
8004
8004
8004
8004
8004
8004
8004
8004
8004
8004
8004
8004
8004
8004
8004
8004
8004
8004
8004
8004
8004
8004
8004
8004
8004
8004
8004
8004
FFFC
ENDCHAR
STARTCHAR CombCyPalatRaised
ENCODING 57502
SWIDTH 467 0
DWIDTH 14 0
BBX 14 30 0 -7
BITMAP
0000
0070
00F8
018C
018C
0000
0000
0000
0000
0000
0000
0000
0000
0000
0000
0000
0000
0000
0000
0000
0000
0000
0000
0000
0000
0000
0000
0000
0000
0000
ENDCHAR
STARTCHAR SupSmlEGrave
ENCODING 57503
SWIDTH 467 0
DWIDTH 14 0
BBX 14 30 0 -7
BITMAP
0000
00C0
00E0
0060
0000
00F0
03F8
0618
0FF8
0FF0
0C00
0E00
07F0
03E0
0000
0000
0000
0000
0000
0000
0000
0000
0000
0000
0000
0000
0000
0000
0000
0000
ENDCHAR
STARTCHAR DVerCtlBranch
ENCODING 57504
SWIDTH 467 0
DWIDTH 14 0
BBX 14 30 0 -7
BITMAP
0000
0000
0000
0000
0000
30C0
31E0
33F0
37F8
36D8
30C0
30C0
30C0
30C0
31C0
2380
0700
0E00
1C00
3800
3000
3000
3000
3000
3000
0000
0000
0000
0000
0000
ENDCHAR
STARTCHAR CtlLN
ENCODING 57505
SWIDTH 467 0
DWIDTH 14 0
BBX 14 30 0 -7
BITMAP
0000
0000
0000
0000
0C00
0C00
0C00
0C00
1800
1800
1800
1FC0
1FC0
0000
0000
0000
0630
0630
0730
0730
0DB0
0CE0
0CE0
0C60
0C60
0000
0000
0000
0000
0000
ENDCHAR
STARTCHAR DPadlockCl
ENCODING 57506
SWIDTH 467 0
DWIDTH 14 0
BBX 14 30 0 -7
BITMAP
0000
0000
0000
0000
0000
0000
0780
0FC0
1CE0
1860
1860
1860
1860
7FF8
7FF8
7FF8
7CF8
7878
7CF8
7CF8
7CF8
7FF8
7FF8
0000
0000
0000
0000
0000
0000
0000
ENDCHAR
STARTCHAR SupAsterisk
ENCODING 57507
SWIDTH 467 0
DWIDTH 14 0
BBX 14 30 0 -7
BITMAP
0000
0000
0000
0000
0000
0000
0330
03F0
00C0
07F0
07F0
0180
07E0
0660
0000
0000
0000
0000
0000
0000
0000
0000
0000
0000
0000
0000
0000
0000
0000
0000
ENDCHAR
STARTCHAR CombBelt
ENCODING 57508
SWIDTH 467 0
DWIDTH 14 0
BBX 14 30 0 -7
BITMAP
0000
0000
0000
0000
0000
0000
0000
0000
0000
0000
0000
0000
0F00
1F00
300C
3FFC
1FF8
0000
0000
0000
0000
0000
0000
0000
0000
0000
0000
0000
0000
0000
ENDCHAR
STARTCHAR CombInvbreveRaised
ENCODING 57509
SWIDTH 467 0
DWIDTH 14 0
BBX 14 30 0 -7
BITMAP
0000
00E0
01F0
0318
0208
0000
0000
0000
0000
0000
0000
0000
0000
0000
0000
0000
0000
0000
0000
0000
0000
0000
0000
0000
0000
0000
0000
0000
0000
0000
ENDCHAR
STARTCHAR CombRingRaised
ENCODING 57510
SWIDTH 467 0
DWIDTH 14 0
BBX 14 30 0 -7
BITMAP
0000
01E0
0330
0330
01E0
0000
0000
0000
0000
0000
0000
0000
0000
0000
0000
0000
0000
0000
0000
0000
0000
0000
0000
0000
0000
0000
0000
0000
0000
0000
ENDCHAR
STARTCHAR CombCircumRaised
ENCODING 57511
SWIDTH 467 0
DWIDTH 14 0
BBX 14 30 0 -7
BITMAP
0000
00C0
01E0
03F0
0330
0000
0000
0000
0000
0000
0000
0000
0000
0000
0000
0000
0000
0000
0000
0000
0000
0000
0000
0000
0000
0000
0000
0000
0000
0000
ENDCHAR
STARTCHAR CombTildeRaised
ENCODING 57512
SWIDTH 467 0
DWIDTH 14 0
BBX 14 30 0 -7
BITMAP
0000
0000
0398
07F8
0670
0000
0000
0000
0000
0000
0000
0000
0000
0000
0000
0000
0000
0000
0000
0000
0000
0000
0000
0000
0000
0000
0000
0000
0000
0000
ENDCHAR
STARTCHAR CombTitloRaised
ENCODING 57513
SWIDTH 467 0
DWIDTH 14 0
BBX 14 30 0 -7
BITMAP
0018
0018
07F8
07F8
0600
0600
0000
0000
0000
0000
0000
0000
0000
0000
0000
0000
0000
0000
0000
0000
0000
0000
0000
0000
0000
0000
0000
0000
0000
0000
ENDCHAR
STARTCHAR CombBreveRaised
ENCODING 57514
SWIDTH 467 0
DWIDTH 14 0
BBX 14 30 0 -7
BITMAP
0000
0318
0318
01F0
00E0
0000
0000
0000
0000
0000
0000
0000
0000
0000
0000
0000
0000
0000
0000
0000
0000
0000
0000
0000
0000
0000
0000
0000
0000
0000
ENDCHAR
STARTCHAR CombGkDasiaRaised
ENCODING 57515
SWIDTH 467 0
DWIDTH 14 0
BBX 14 30 0 -7
BITMAP
0000
0070
00C0
00C0
0060
0000
0000
0000
0000
0000
0000
0000
0000
0000
0000
0000
0000
0000
0000
0000
0000
0000
0000
0000
0000
0000
0000
0000
0000
0000
ENDCHAR
STARTCHAR CombGkPsiliRaised
ENCODING 57516
SWIDTH 467 0
DWIDTH 14 0
BBX 14 30 0 -7
BITMAP
0000
00C0
0060
0060
01C0
0000
0000
0000
0000
0000
0000
0000
0000
0000
0000
0000
0000
0000
0000
0000
0000
0000
0000
0000
0000
0000
0000
0000
0000
0000
ENDCHAR
STARTCHAR CurrFlorin
ENCODING 57517
SWIDTH 467 0
DWIDTH 14 0
BBX 14 30 0 -7
BITMAP
0000
0000
0000
0000
0000
0038
007C
006C
00C0
00C0
00C0
0180
1FF0
1FF0
0180
0300
0300
0300
0600
0600
0600
0600
0C00
0C00
0C00
D800
F800
7000
0000
0000
ENDCHAR
STARTCHAR CombDotRaised
ENCODING 57518
SWIDTH 467 0
DWIDTH 14 0
BBX 14 30 0 -7
BITMAP
0000
0000
00C0
00C0
00C0
0000
0000
0000
0000
0000
0000
0000
0000
0000
0000
0000
0000
0000
0000
0000
0000
0000
0000
0000
0000
0000
0000
0000
0000
0000
ENDCHAR
STARTCHAR MLessAlt1
ENCODING 57519
SWIDTH 467 0
DWIDTH 14 0
BBX 14 30 0 -7
BITMAP
0000
0000
0000
0000
0000
0000
0000
0000
0000
0000
0030
00F0
01E0
0780
0F00
3C00
3C00
0F00
0780
01E0
00F0
0030
0000
0000
0000
0000
0000
0000
0000
0000
ENDCHAR
STARTCHAR GPlSepArrowRB
ENCODING 57520
SWIDTH 467 0
DWIDTH 14 0
BBX 14 30 0 -7
BITMAP
0000
8000
C000
E000
F000
F800
FC00
FE00
FF00
FF80
FFC0
FFE0
FFF0
FFF8
FFFC
FFFC
FFF8
FFF0
FFE0
FFC0
FF80
FF00
FE00
FC00
F800
F000
E000
C000
8000
0000
ENDCHAR
STARTCHAR GPlSepArrowR
ENCODING 57521
SWIDTH 467 0
DWIDTH 14 0
BBX 14 30 0 -7
BITMAP
0000
8000
C000
E000
7000
3800
1C00
0E00
0700
0380
01C0
00E0
0070
0038
001C
001C
0038
0070
00E0
01C0
0380
0700
0E00
1C00
3800
7000
E000
C000
8000
0000
ENDCHAR
STARTCHAR GPlSepArrowLB
ENCODING 57522
SWIDTH 467 0
DWIDTH 14 0
BBX 14 30 0 -7
BITMAP
0000
0004
000C
001C
003C
007C
00FC
01FC
03FC
07FC
0FFC
1FFC
3FFC
7FFC
FFFC
FFFC
7FFC
3FFC
1FFC
0FFC
07FC
03FC
01FC
00FC
007C
003C
001C
000C
0004
0000
ENDCHAR
STARTCHAR GPlSepArrowL
ENCODING 57523
SWIDTH 467 0
DWIDTH 14 0
BBX 14 30 0 -7
BITMAP
0000
0004
000C
001C
0038
0070
00E0
01C0
0380
0700
0E00
1C00
3800
7000
E000
E000
7000
3800
1C00
0E00
0700
0380
01C0
00E0
0070
0038
001C
000C
0004
0000
ENDCHAR
STARTCHAR MExistsBot
ENCODING 57524
SWIDTH 467 0
DWIDTH 14 0
BBX 14 30 0 -7
BITMAP
0000
0000
0000
0000
0000
0030
7F30
7F30
0330
0330
0330
0330
037C
3FFC
3F00
0300
0300
0300
0300
0300
0300
7F00
7F00
0000
0000
0000
0000
0000
0000
0000
ENDCHAR
STARTCHAR MVTilde
ENCODING 57525
SWIDTH 467 0
DWIDTH 14 0
BBX 14 30 0 -7
BITMAP
0000
0000
0000
0000
0000
0000
0000
0000
0000
0000
3000
3000
3000
3000
3600
3F98
39F8
3060
3000
3000
3000
3000
0000
0000
0000
0000
0000
0000
0000
0000
ENDCHAR
STARTCHAR MModelsAlmost
ENCODING 57526
SWIDTH 467 0
DWIDTH 14 0
BBX 14 30 0 -7
BITMAP
0000
0000
0000
0000
0000
0000
0000
0000
0000
3000
3000
3000
3600
3F30
39F0
30C0
3600
3F30
39F0
30C0
3000
3000
3000
0000
0000
0000
0000
0000
0000
0000
ENDCHAR
STARTCHAR MBbbCapB
ENCODING 57527
SWIDTH 467 0
DWIDTH 14 0
BBX 14 30 0 -7
BITMAP
0000
0000
0000
0000
0000
0000
3FC0
3FE0
3460
3430
3430
3430
3460
37C0
37C0
3460
3430
3430
3430
3430
3460
3FE0
3FC0
0000
0000
0000
0000
0000
0000
0000
ENDCHAR
STARTCHAR MBbbDigit1
ENCODING 57528
SWIDTH 467 0
DWIDTH 14 0
BBX 14 30 0 -7
BITMAP
0000
0000
0000
0000
0000
0000
01E0
03E0
0760
0F60
1D60
3960
3160
0160
0160
0160
0160
0160
0160
0160
0160
01E0
01E0
0000
0000
0000
0000
0000
0000
0000
ENDCHAR
STARTCHAR MScriptCapP
ENCODING 57529
SWIDTH 467 0
DWIDTH 14 0
BBX 14 30 0 -7
BITMAP
0000
0000
0000
0000
0000
0000
07E0
1FF0
3938
3318
2318
0218
0610
0630
07E0
0F80
0C00
0800
1800
1800
7000
7000
6000
0000
0000
0000
0000
0000
0000
0000
ENDCHAR
STARTCHAR DVisibleSpace
ENCODING 57530
SWIDTH 467 0
DWIDTH 14 0
BBX 14 30 0 -7
BITMAP
0000
0000
0000
0000
0000
0000
0000
0000
0000
0000
0000
0000
0000
0000
0000
0000
0000
0000
0000
0000
70E0
70E0
70E0
0000
0000
0000
0000
0000
0000
0000
ENDCHAR
STARTCHAR Digit0Dotted
ENCODING 57531
SWIDTH 467 0
DWIDTH 14 0
BBX 14 30 0 -7
BITMAP
0000
0000
0000
0000
0000
0000
01E0
03F0
0738
0E18
0C18
1818
1998
1998
3398
3330
3330
3030
3060
30E0
39C0
1F80
0F00
0000
0000
0000
0000
0000
0000
0000
ENDCHAR
STARTCHAR Digit0Slashed
ENCODING 57532
SWIDTH 467 0
DWIDTH 14 0
BBX 14 30 0 -7
BITMAP
0000
0000
0000
0000
0000
0000
01E0
03F0
0738
0E18
0C18
1838
1878
19D8
3398
3730
3C30
3830
3060
30E0
39C0
1F80
0F00
0000
0000
0000
0000
0000
0000
0000
ENDCHAR
STARTCHAR Digits10
ENCODING 57533
SWIDTH 467 0
DWIDTH 14 0
BBX 14 30 0 -7
BITMAP
0000
0000
0000
0000
0000
0000
0638
067C
0EEC
1ECC
3CCC
6D8C
0D8C
0D8C
0D98
1B18
1B18
1B18
1B30
1B30
3370
33E0
31C0
0000
0000
0000
0000
0000
0000
0000
ENDCHAR
STARTCHAR MGreaterAlt1
ENCODING 57534
SWIDTH 467 0
DWIDTH 14 0
BBX 14 30 0 -7
BITMAP
0000
0000
0000
0000
0000
0000
0000
0000
0000
0000
3000
3C00
1E00
0780
03C0
00F0
00F0
03C0
0780
1E00
3C00
3000
0000
0000
0000
0000
0000
0000
0000
0000
ENDCHAR
STARTCHAR MSqSubsetNot
ENCODING 57535
SWIDTH 467 0
DWIDTH 14 0
BBX 14 30 0 -7
BITMAP
0000
0000
0000
0000
0000
0000
0000
0000
00C0
00C0
3FF0
3FF0
3180
3180
3180
3180
3300
3300
3300
3300
3FF0
3FF0
0600
0600
0000
0000
0000
0000
0000
0000
ENDCHAR
STARTCHAR MSqSupsetNot
ENCODING 57536
SWIDTH 467 0
DWIDTH 14 0
BBX 14 30 0 -7
BITMAP
0000
0000
0000
0000
0000
0000
0000
0000
0180
0180
3FF0
3FF0
0330
0330
0330
0330
0630
0630
0630
0630
3FF0
3FF0
0C00
0C00
0000
0000
0000
0000
0000
0000
ENDCHAR
STARTCHAR MForallBot
ENCODING 57537
SWIDTH 467 0
DWIDTH 14 0
BBX 14 30 0 -7
BITMAP
0000
0000
0000
0000
0000
0030
61B0
61B0
61B0
61B0
61B0
3F30
3F7C
33FC
3300
3300
1E00
1E00
1E00
1E00
0C00
0C00
0C00
0000
0000
0000
0000
0000
0000
0000
ENDCHAR
STARTCHAR SupSmlSCaron
ENCODING 57538
SWIDTH 467 0
DWIDTH 14 0
BBX 14 30 0 -7
BITMAP
0000
0198
00F0
0060
0000
03F0
07F8
0608
0780
03E0
00F0
0830
0FF0
07E0
0000
0000
0000
0000
0000
0000
0000
0000
0000
0000
0000
0000
0000
0000
0000
0000
ENDCHAR
STARTCHAR SupBot
ENCODING 57539
SWIDTH 467 0
DWIDTH 14 0
BBX 14 30 0 -7
BITMAP
0000
0000
0000
0000
0000
0180
0180
0180
0180
0180
0180
0180
0FF0
0FF0
0000
0000
0000
0000
0000
0000
0000
0000
0000
0000
0000
0000
0000
0000
0000
0000
ENDCHAR
STARTCHAR SupTop
ENCODING 57540
SWIDTH 467 0
DWIDTH 14 0
BBX 14 30 0 -7
BITMAP
0000
0000
0000
0000
0000
0FF0
0FF0
0180
0180
0180
0180
0180
0180
0180
0000
0000
0000
0000
0000
0000
0000
0000
0000
0000
0000
0000
0000
0000
0000
0000
ENDCHAR
STARTCHAR CySmlIGraveBul
ENCODING 57541
SWIDTH 467 0
DWIDTH 14 0
BBX 14 30 0 -7
BITMAP
0000
0000
0000
0000
0780
0380
01C0
00C0
0000
0000
1C18
1C18
0C18
1818
1830
1830
1830
3060
3060
30E0
39E0
1F70
0E30
0000
0000
0000
0000
0000
0000
0000
ENDCHAR
STARTCHAR PApostropheStraight
ENCODING 57542
SWIDTH 467 0
DWIDTH 14 0
BBX 14 30 0 -7
BITMAP
0000
0000
0000
0000
00C0
00C0
00C0
00C0
0180
0180
0180
0000
0000
0000
0000
0000
0000
0000
0000
0000
0000
0000
0000
0000
0000
0000
0000
0000
0000
0000
ENDCHAR
STARTCHAR AccGraveStraight
ENCODING 57543
SWIDTH 467 0
DWIDTH 14 0
BBX 14 30 0 -7
BITMAP
0000
0000
0000
0000
0380
0380
03C0
01C0
00E0
0060
0020
0000
0000
0000
0000
0000
0000
0000
0000
0000
0000
0000
0000
0000
0000
0000
0000
0000
0000
0000
ENDCHAR
STARTCHAR LtCapEzhAlt
ENCODING 57544
SWIDTH 467 0
DWIDTH 14 0
BBX 14 30 0 -7
BITMAP
0000
0000
0000
0000
0000
0000
0FFC
0FFC
0038
0070
00E0
01C0
0380
0700
0600
0700
0300
0180
0180
00C0
00E0
7FE0
7FE0
0000
0000
0000
0000
0000
0000
0000
ENDCHAR
STARTCHAR LtCapBStrokeAlt
ENCODING 57545
SWIDTH 467 0
DWIDTH 14 0
BBX 14 30 0 -7
BITMAP
0000
0000
0000
0000
0000
0000
0FF0
0FF8
0C18
0C18
1818
1818
1830
1FE0
1FE0
3060
3030
7FF8
7FF8
3030
6060
7FE0
7F80
0000
0000
0000
0000
0000
0000
0000
ENDCHAR
STARTCHAR LtCapDStrokeAlt
ENCODING 57546
SWIDTH 467 0
DWIDTH 14 0
BBX 14 30 0 -7
BITMAP
0000
0000
0000
0000
0000
0000
0FE0
0FF0
0C30
0C18
1818
1818
1818
7FFC
7FFC
3018
3030
3030
6070
60E0
61C0
7F80
7E00
0000
0000
0000
0000
0000
0000
0000
ENDCHAR
STARTCHAR LtSmlBStrokeAlt
ENCODING 57547
SWIDTH 467 0
DWIDTH 14 0
BBX 14 30 0 -7
BITMAP
0000
0000
0000
0000
0000
0E00
0E00
0600
0C00
0C00
0DC0
0BE0
1E70
1C30
1830
7FF8
7FF8
3030
3060
30E0
39C0
1F80
0E00
0000
0000
0000
0000
0000
0000
0000
ENDCHAR
STARTCHAR LtSmlDStrokeAlt
ENCODING 57548
SWIDTH 467 0
DWIDTH 14 0
BBX 14 30 0 -7
BITMAP
0000
0000
0000
0000
0000
000C
000C
000C
000C
0018
0198
07D8
0E78
1C30
1830
3FF8
3FF8
3060
3060
30E0
39E0
1F70
0E30
0000
0000
0000
0000
0000
0000
0000
ENDCHAR
STARTCHAR LtCapLCaronAlt
ENCODING 57549
SWIDTH 467 0
DWIDTH 14 0
BBX 14 30 0 -7
BITMAP
0000
0330
03F0
01E0
00C0
0000
0C00
0C00
0C00
0C00
1800
1800
1800
1800
1800
3000
3000
3000
3000
6000
6000
7FE0
7FE0
0000
0000
0000
0000
0000
0000
0000
ENDCHAR
STARTCHAR LtSmlDCaronAlt
ENCODING 57550
SWIDTH 467 0
DWIDTH 14 0
BBX 14 30 0 -7
BITMAP
0000
0198
01F8
00F0
0060
000C
000C
000C
000C
0018
0198
07D8
0E78
1C30
1830
3030
3030
3060
3060
30E0
39E0
1F70
0E30
0000
0000
0000
0000
0000
0000
0000
ENDCHAR
STARTCHAR LtSmlLCaronAlt
ENCODING 57551
SWIDTH 467 0
DWIDTH 14 0
BBX 14 30 0 -7
BITMAP
0000
0198
01F8
00F0
0060
0000
03C0
03C0
00C0
0180
0180
0180
0300
0300
0300
0300
0600
0600
0600
0C00
0C60
0FE0
07C0
0000
0000
0000
0000
0000
0000
0000
ENDCHAR
STARTCHAR LtSmlTCaronAlt
ENCODING 57552
SWIDTH 467 0
DWIDTH 14 0
BBX 14 30 0 -7
BITMAP
0000
0660
07E0
03C0
0180
0000
0100
0300
0300
0300
1FF0
1FF0
0600
0600
0600
0C00
0C00
0C00
1800
1800
1CC0
0FC0
0780
0000
0000
0000
0000
0000
0000
0000
ENDCHAR
STARTCHAR OLowlineCnnct
ENCODING 57553
SWIDTH 467 0
DWIDTH 14 0
BBX 14 30 0 -7
BITMAP
0000
0000
0000
0000
0000
0000
0000
0000
0000
0000
0000
0000
0000
0000
0000
0000
0000
0000
0000
0000
0000
0000
0000
0000
0000
FFFC
FFFC
0000
0000
0000
ENDCHAR
STARTCHAR AccMacronCnnct
ENCODING 57554
SWIDTH 467 0
DWIDTH 14 0
BBX 14 30 0 -7
BITMAP
0000
0000
0000
FFFC
FFFC
0000
0000
0000
0000
0000
0000
0000
0000
0000
0000
0000
0000
0000
0000
0000
0000
0000
0000
0000
0000
0000
0000
0000
0000
0000
ENDCHAR
STARTCHAR LtCapGStrokeAlt
ENCODING 57555
SWIDTH 467 0
DWIDTH 14 0
BBX 14 30 0 -7
BITMAP
0000
0000
0000
0000
0000
0000
00F8
03FC
070C
0E04
0C00
1800
1800
3000
30F8
30F8
3030
7FF8
7FF8
3030
1860
1FE0
0FE0
0000
0000
0000
0000
0000
0000
0000
ENDCHAR
STARTCHAR LtSmlGStrokeAlt
ENCODING 57556
SWIDTH 467 0
DWIDTH 14 0
BBX 14 30 0 -7
BITMAP
0000
0000
0000
0000
0000
0000
0000
0000
0000
0000
0198
07D8
0E78
1C38
1830
3FF8
3FF8
3030
3060
30E0
39E0
1F60
0E60
00C0
00C0
61C0
7F80
7F00
0000
0000
ENDCHAR
STARTCHAR LtCapAOgonekAlt
ENCODING 57557
SWIDTH 467 0
DWIDTH 14 0
BBX 14 30 0 -7
BITMAP
0000
0000
0000
0000
0000
0000
00C0
00C0
01C0
01C0
03C0
0360
0660
0660
0C60
0C60
1FE0
1FE0
3030
3030
6030
6030
E030
0300
0600
0C00
0F00
0700
0000
0000
ENDCHAR
STARTCHAR LtCapAAcuteOgonekAlt
ENCODING 57558
SWIDTH 467 0
DWIDTH 14 0
BBX 14 30 0 -7
BITMAP
0000
003C
0038
0070
00E0
0000
00C0
00C0
01C0
01C0
03C0
0360
0660
0660
0C60
0C60
1FE0
1FE0
3030
3030
6030
6030
E030
0300
0600
0C00
0F00
0700
0000
0000
ENDCHAR
STARTCHAR LtCapEOgonekAlt
ENCODING 57559
SWIDTH 467 0
DWIDTH 14 0
BBX 14 30 0 -7
BITMAP
0000
0000
0000
0000
0000
0000
0FFC
0FFC
0C00
0C00
1800
1800
1800
1FE0
1FE0
3000
3000
3000
3000
6000
6000
7FE0
7FE0
0300
0600
0C00
0F00
0700
0000
0000
ENDCHAR
STARTCHAR LtCapEAcuteOgonekAlt
ENCODING 57560
SWIDTH 467 0
DWIDTH 14 0
BBX 14 30 0 -7
BITMAP
0000
0078
0070
00E0
01C0
0000
0FFC
0FFC
0C00
0C00
1800
1800
1800
1FE0
1FE0
3000
3000
3000
3000
6000
6000
7FE0
7FE0
0300
0600
0C00
0F00
0700
0000
0000
ENDCHAR
STARTCHAR LtCapIOgonekAlt
ENCODING 57561
SWIDTH 467 0
DWIDTH 14 0
BBX 14 30 0 -7
BITMAP
0000
0000
0000
0000
0000
0000
07F8
07F8
00C0
00C0
00C0
0180
0180
0180
0180
0300
0300
0300
0300
0600
0600
3FC0
3FC0
0600
0C00
1800
1E00
0E00
0000
0000
ENDCHAR
STARTCHAR LtCapIAcuteOgonekAlt
ENCODING 57562
SWIDTH 467 0
DWIDTH 14 0
BBX 14 30 0 -7
BITMAP
0000
003C
0038
0070
00E0
0000
07F8
07F8
00C0
00C0
00C0
0180
0180
0180
0180
0300
0300
0300
0300
0600
0600
3FC0
3FC0
0600
0C00
1800
1E00
0E00
0000
0000
ENDCHAR
STARTCHAR LtCapOOgonekAlt
ENCODING 57563
SWIDTH 467 0
DWIDTH 14 0
BBX 14 30 0 -7
BITMAP
0000
0000
0000
0000
0000
0000
03E0
0FF0
0C30
1818
3818
3018
3018
6018
6018
6018
6030
6030
6070
6060
30C0
3FC0
1F00
0600
0C00
1800
1E00
0E00
0000
0000
ENDCHAR
STARTCHAR LtCapOAcuteOgonekAlt
ENCODING 57564
SWIDTH 467 0
DWIDTH 14 0
BBX 14 30 0 -7
BITMAP
0000
0078
0070
00E0
01C0
0000
03E0
0FF0
0C30
1818
3818
3018
3018
6018
6018
6018
6030
6030
6070
6060
30C0
3FC0
1F00
0600
0C00
1800
1E00
0E00
0000
0000
ENDCHAR
STARTCHAR LtCapOMacronOgonekAlt
ENCODING 57565
SWIDTH 467 0
DWIDTH 14 0
BBX 14 30 0 -7
BITMAP
0000
0000
01F8
01F8
0000
0000
03E0
0FF0
0C30
1818
3818
3018
3018
6018
6018
6018
6030
6030
6070
6060
30C0
3FC0
1F00
0600
0C00
1800
1E00
0E00
0000
0000
ENDCHAR
STARTCHAR LtCapUOgonekAlt
ENCODING 57566
SWIDTH 467 0
DWIDTH 14 0
BBX 14 30 0 -7
BITMAP
0000
0000
0000
0000
0000
0000
0C0C
0C0C
0C0C
0C0C
1818
1818
1818
1818
1818
3030
3030
3030
3030
3060
38E0
1FC0
0F80
0600
0C00
1800
1E00
0E00
0000
0000
ENDCHAR
STARTCHAR LtCapUAcuteOgonekAlt
ENCODING 57567
SWIDTH 467 0
DWIDTH 14 0
BBX 14 30 0 -7
BITMAP
0000
0078
0070
00E0
01C0
0000
0C0C
0C0C
0C0C
0C0C
1818
1818
1818
1818
1818
3030
3030
3030
3030
3060
38E0
1FC0
0F80
0600
0C00
1800
1E00
0E00
0000
0000
ENDCHAR
STARTCHAR LtSmlAOgonekAlt
ENCODING 57568
SWIDTH 467 0
DWIDTH 14 0
BBX 14 30 0 -7
BITMAP
0000
0000
0000
0000
0000
0000
0000
0000
0000
0000
0198
07D8
0E78
1C38
1830
3030
3030
3060
3060
30E0
39E0
1F70
0E30
0600
0C00
1800
1E00
0E00
0000
0000
ENDCHAR
STARTCHAR LtSmlAAcuteOgonekAlt
ENCODING 57569
SWIDTH 467 0
DWIDTH 14 0
BBX 14 30 0 -7
BITMAP
0000
0000
0000
0000
0078
0070
00E0
01C0
0000
0000
0198
07D8
0E78
1C38
1830
3030
3030
3060
3060
30E0
39E0
1F70
0E30
0600
0C00
1800
1E00
0E00
0000
0000
ENDCHAR
STARTCHAR LtSmlEOgonekAlt
ENCODING 57570
SWIDTH 467 0
DWIDTH 14 0
BBX 14 30 0 -7
BITMAP
0000
0000
0000
0000
0000
0000
0000
0000
0000
0000
01E0
07F0
0E30
1C18
1838
3FF0
3FE0
3000
3000
3000
3860
1FC0
0F80
0600
0C00
1800
1E00
0E00
0000
0000
ENDCHAR
STARTCHAR LtSmlEAcuteOgonekAlt
ENCODING 57571
SWIDTH 467 0
DWIDTH 14 0
BBX 14 30 0 -7
BITMAP
0000
0000
0000
0000
0078
0070
00E0
01C0
0000
0000
01E0
07F0
0E30
1C18
1838
3FF0
3FE0
3000
3000
3000
3860
1FC0
0F80
0600
0C00
1800
1E00
0E00
0000
0000
ENDCHAR
STARTCHAR LtSmlIOgonekAlt
ENCODING 57572
SWIDTH 467 0
DWIDTH 14 0
BBX 14 30 0 -7
BITMAP
0000
0000
0000
0000
0000
00C0
00C0
00C0
0000
0000
0F80
0F80
0180
0300
0300
0300
0600
0600
0600
0C00
0C60
0FE0
07C0
0300
0600
0C00
0F00
0700
0000
0000
ENDCHAR
STARTCHAR LtSmlIAcuteOgonekAlt
ENCODING 57573
SWIDTH 467 0
DWIDTH 14 0
BBX 14 30 0 -7
BITMAP
0000
0000
0000
0000
00F0
00E0
01C0
0380
0000
0000
0F80
0F80
0180
0300
0300
0300
0600
0600
0600
0C00
0C60
0FE0
07C0
0300
0600
0C00
0F00
0700
0000
0000
ENDCHAR
STARTCHAR LtSmlOOgonekAlt
ENCODING 57574
SWIDTH 467 0
DWIDTH 14 0
BBX 14 30 0 -7
BITMAP
0000
0000
0000
0000
0000
0000
0000
0000
0000
0000
03C0
07E0
0E70
1C30
1830
3030
3030
3030
3060
30E0
39C0
1F80
0F00
0600
0C00
1800
1E00
0E00
0000
0000
ENDCHAR
STARTCHAR LtSmlOAcuteOgonekAlt
ENCODING 57575
SWIDTH 467 0
DWIDTH 14 0
BBX 14 30 0 -7
BITMAP
0000
0000
0000
0000
0078
0070
00E0
01C0
0000
0000
03C0
07E0
0E70
1C30
1830
3030
3030
3030
3060
30E0
39C0
1F80
0F00
0600
0C00
1800
1E00
0E00
0000
0000
ENDCHAR
STARTCHAR LtSmlOMacronOgonekAlt
ENCODING 57576
SWIDTH 467 0
DWIDTH 14 0
BBX 14 30 0 -7
BITMAP
0000
0000
0000
0000
0000
0000
03F0
03F0
0000
0000
03C0
07E0
0E70
1C30
1830
3030
3030
3030
3060
30E0
39C0
1F80
0F00
0600
0C00
1800
1E00
0E00
0000
0000
ENDCHAR
STARTCHAR LtSmlUOgonekAlt
ENCODING 57577
SWIDTH 467 0
DWIDTH 14 0
BBX 14 30 0 -7
BITMAP
0000
0000
0000
0000
0000
0000
0000
0000
0000
0000
1C18
1C18
0C18
1818
1830
1830
1830
3060
3060
30E0
39E0
1F70
0E30
0400
0C00
1800
1E00
0E00
0000
0000
ENDCHAR
STARTCHAR LtSmlUAcuteOgonekAlt
ENCODING 57578
SWIDTH 467 0
DWIDTH 14 0
BBX 14 30 0 -7
BITMAP
0000
0000
0000
0000
0078
0070
00E0
01C0
0000
0000
1C18
1C18
0C18
1818
1830
1830
1830
3060
3060
30E0
39E0
1F70
0E30
0400
0C00
1800
1E00
0E00
0000
0000
ENDCHAR
STARTCHAR CombOgonekCntrd
ENCODING 57579
SWIDTH 467 0
DWIDTH 14 0
BBX 14 30 0 -7
BITMAP
0000
0000
0000
0000
0000
0000
0000
0000
0000
0000
0000
0000
0000
0000
0000
0000
0000
0000
0000
0000
0000
0000
0000
0600
0C00
1800
1E00
0E00
0000
0000
ENDCHAR
STARTCHAR AccOgonekCntrd
ENCODING 57580
SWIDTH 467 0
DWIDTH 14 0
BBX 14 30 0 -7
BITMAP
0000
0000
0000
0000
0000
0000
0000
0000
0000
0000
0000
0000
0000
0000
0000
0000
0000
0000
0000
0000
0000
0300
0700
0E00
1C00
1800
1F80
0F80
0000
0000
ENDCHAR
STARTCHAR TfYaAlt
ENCODING 57581
SWIDTH 467 0
DWIDTH 14 0
BBX 14 30 0 -7
BITMAP
0000
0000
0000
0000
0000
0000
0000
0000
0000
0000
0000
0000
0380
07C0
0FC0
0FC0
0F80
0700
0000
0000
0000
0000
0000
0000
0000
0000
0000
0000
0000
0000
ENDCHAR
STARTCHAR TfYeyAlt
ENCODING 57582
SWIDTH 467 0
DWIDTH 14 0
BBX 14 30 0 -7
BITMAP
0000
0000
0000
0000
0000
0000
0000
01C0
03E0
07E0
07C0
0380
0000
0000
3FF0
3FF0
0000
0000
0700
0F80
1F80
1F00
0E00
0000
0000
0000
0000
0000
0000
0000
ENDCHAR
STARTCHAR TfYuAlt
ENCODING 57583
SWIDTH 467 0
DWIDTH 14 0
BBX 14 30 0 -7
BITMAP
0000
0000
0000
0000
0000
0000
0000
01C0
03E0
07E0
07C0
0380
0000
0000
0000
0000
0000
0000
0700
0F80
1F80
1F00
0E00
0000
0000
0000
0000
0000
0000
0000
ENDCHAR
STARTCHAR TfYafAlt
ENCODING 57584
SWIDTH 467 0
DWIDTH 14 0
BBX 14 30 0 -7
BITMAP
0000
0000
0000
0000
0000
0000
0000
1F7C
1F7C
0360
0360
06C0
06C0
06C0
06C0
0D80
0D80
0D80
0D80
1B00
1B00
FBE0
FBE0
0000
0000
0000
0000
0000
0000
0000
ENDCHAR
STARTCHAR TfYalAlt
ENCODING 57585
SWIDTH 467 0
DWIDTH 14 0
BBX 14 30 0 -7
BITMAP
0000
0000
0000
0000
0000
0000
0000
0630
0630
0630
0630
0C60
0C60
0C60
0C60
18C0
18C0
18C0
18C0
3180
3180
3180
3180
0000
0000
0000
0000
0000
0000
0000
ENDCHAR
STARTCHAR LtCapEngNodesc
ENCODING 57586
SWIDTH 467 0
DWIDTH 14 0
BBX 14 30 0 -7
BITMAP
0000
0000
0000
0000
0000
0000
0CF0
0DF8
0F18
0E0C
1C0C
180C
1818
1818
1818
3018
3018
3030
3030
6330
6330
63E0
61C0
0000
0000
0000
0000
0000
0000
0000
ENDCHAR
STARTCHAR SupSmlQ
ENCODING 57587
SWIDTH 467 0
DWIDTH 14 0
BBX 14 30 0 -7
BITMAP
0000
0000
0000
0000
0000
01D8
03F8
0738
0618
0C30
0C30
0C30
0FF0
0760
0060
0060
0060
0000
0000
0000
0000
0000
0000
0000
0000
0000
0000
0000
0000
0000
ENDCHAR
STARTCHAR SupCapX
ENCODING 57588
SWIDTH 467 0
DWIDTH 14 0
BBX 14 30 0 -7
BITMAP
0000
0000
0000
030C
030C
0198
01B0
00E0
00C0
01C0
0360
0660
0C30
0C30
0000
0000
0000
0000
0000
0000
0000
0000
0000
0000
0000
0000
0000
0000
0000
0000
ENDCHAR
STARTCHAR SupCapY
ENCODING 57589
SWIDTH 467 0
DWIDTH 14 0
BBX 14 30 0 -7
BITMAP
0000
0000
0000
030C
030C
0318
01B0
01E0
00C0
00C0
0180
0180
0180
0180
0000
0000
0000
0000
0000
0000
0000
0000
0000
0000
0000
0000
0000
0000
0000
0000
ENDCHAR
STARTCHAR SupCapZ
ENCODING 57590
SWIDTH 467 0
DWIDTH 14 0
BBX 14 30 0 -7
BITMAP
0000
0000
0000
03FC
03FC
0038
0070
0060
00C0
0180
0380
0700
0FF0
0FF0
0000
0000
0000
0000
0000
0000
0000
0000
0000
0000
0000
0000
0000
0000
0000
0000
ENDCHAR
STARTCHAR SubCapA
ENCODING 57591
SWIDTH 467 0
DWIDTH 14 0
BBX 14 30 0 -7
BITMAP
0000
0000
0000
0000
0000
0000
0000
0000
0000
0000
0000
0000
0000
0000
0000
0000
0300
0700
0700
0F00
0F00
1980
1980
3F80
3F80
6180
6180
0000
0000
0000
ENDCHAR
STARTCHAR SubCapB
ENCODING 57592
SWIDTH 467 0
DWIDTH 14 0
BBX 14 30 0 -7
BITMAP
0000
0000
0000
0000
0000
0000
0000
0000
0000
0000
0000
0000
0000
0000
0000
0000
1F80
1FC0
18C0
19C0
3F80
3F00
3180
6180
6180
7F00
7E00
0000
0000
0000
ENDCHAR
STARTCHAR SubCapC
ENCODING 57593
SWIDTH 467 0
DWIDTH 14 0
BBX 14 30 0 -7
BITMAP
0000
0000
0000
0000
0000
0000
0000
0000
0000
0000
0000
0000
0000
0000
0000
0000
07C0
0FE0
1C60
1800
3000
3000
3000
3000
1980
1F80
0F00
0000
0000
0000
ENDCHAR
STARTCHAR SubCapD
ENCODING 57594
SWIDTH 467 0
DWIDTH 14 0
BBX 14 30 0 -7
BITMAP
0000
0000
0000
0000
0000
0000
0000
0000
0000
0000
0000
0000
0000
0000
0000
0000
1F00
1F80
1980
18C0
30C0
30C0
30C0
6180
6380
7F00
7E00
0000
0000
0000
ENDCHAR
STARTCHAR SubCapE
ENCODING 57595
SWIDTH 467 0
DWIDTH 14 0
BBX 14 30 0 -7
BITMAP
0000
0000
0000
0000
0000
0000
0000
0000
0000
0000
0000
0000
0000
0000
0000
0000
1FE0
1FE0
1800
1800
3F00
3F00
3000
6000
6000
7F80
7F80
0000
0000
0000
ENDCHAR
STARTCHAR SubCapF
ENCODING 57596
SWIDTH 467 0
DWIDTH 14 0
BBX 14 30 0 -7
BITMAP
0000
0000
0000
0000
0000
0000
0000
0000
0000
0000
0000
0000
0000
0000
0000
0000
1FE0
1FE0
1800
1800
3F00
3F00
3000
6000
6000
6000
6000
0000
0000
0000
ENDCHAR
STARTCHAR SubCapG
ENCODING 57597
SWIDTH 467 0
DWIDTH 14 0
BBX 14 30 0 -7
BITMAP
0000
0000
0000
0000
0000
0000
0000
0000
0000
0000
0000
0000
0000
0000
0000
0000
07C0
0FE0
1C60
1800
3000
33C0
33C0
30C0
1980
1F80
0F80
0000
0000
0000
ENDCHAR
STARTCHAR SubCapH
ENCODING 57598
SWIDTH 467 0
DWIDTH 14 0
BBX 14 30 0 -7
BITMAP
0000
0000
0000
0000
0000
0000
0000
0000
0000
0000
0000
0000
0000
0000
0000
0000
1860
1860
1860
18C0
3FC0
3FC0
30C0
6180
6180
6180
6180
0000
0000
0000
ENDCHAR
STARTCHAR SubCapI
ENCODING 57599
SWIDTH 467 0
DWIDTH 14 0
BBX 14 30 0 -7
BITMAP
0000
0000
0000
0000
0000
0000
0000
0000
0000
0000
0000
0000
0000
0000
0000
0000
0FC0
0FC0
0300
0300
0600
0600
0600
0C00
0C00
3F00
3F00
0000
0000
0000
ENDCHAR
STARTCHAR SubCapJ
ENCODING 57600
SWIDTH 467 0
DWIDTH 14 0
BBX 14 30 0 -7
BITMAP
0000
0000
0000
0000
0000
0000
0000
0000
0000
0000
0000
0000
0000
0000
0000
0000
01E0
01E0
00C0
00C0
00C0
0180
0180
6180
6300
7F00
3E00
0000
0000
0000
ENDCHAR
STARTCHAR SubCapK
ENCODING 57601
SWIDTH 467 0
DWIDTH 14 0
BBX 14 30 0 -7
BITMAP
0000
0000
0000
0000
0000
0000
0000
0000
0000
0000
0000
0000
0000
0000
0000
0000
1860
18E0
19C0
1B80
3F00
3E00
3700
7300
6380
6180
6180
0000
0000
0000
ENDCHAR
STARTCHAR SubCapL
ENCODING 57602
SWIDTH 467 0
DWIDTH 14 0
BBX 14 30 0 -7
BITMAP
0000
0000
0000
0000
0000
0000
0000
0000
0000
0000
0000
0000
0000
0000
0000
0000
1800
1800
1800
1800
3000
3000
3000
6000
6000
7F80
7F80
0000
0000
0000
ENDCHAR
STARTCHAR SubCapM
ENCODING 57603
SWIDTH 467 0
DWIDTH 14 0
BBX 14 30 0 -7
BITMAP
0000
0000
0000
0000
0000
0000
0000
0000
0000
0000
0000
0000
0000
0000
0000
0000
3060
30E0
39E0
3BE0
7FC0
6EC0
64C0
C180
C180
C180
C180
0000
0000
0000
ENDCHAR
STARTCHAR SubCapN
ENCODING 57604
SWIDTH 467 0
DWIDTH 14 0
BBX 14 30 0 -7
BITMAP
0000
0000
0000
0000
0000
0000
0000
0000
0000
0000
0000
0000
0000
0000
0000
0000
1860
1860
1C60
1CC0
36C0
36C0
36C0
3380
6380
6180
6180
0000
0000
0000
ENDCHAR
STARTCHAR SubCapO
ENCODING 57605
SWIDTH 467 0
DWIDTH 14 0
BBX 14 30 0 -7
BITMAP
0000
0000
0000
0000
0000
0000
0000
0000
0000
0000
0000
0000
0000
0000
0000
0000
0700
1F80
39C0
30C0
60C0
60C0
60C0
6180
7380
3F00
1C00
0000
0000
0000
ENDCHAR
STARTCHAR SubCapP
ENCODING 57606
SWIDTH 467 0
DWIDTH 14 0
BBX 14 30 0 -7
BITMAP
0000
0000
0000
0000
0000
0000
0000
0000
0000
0000
0000
0000
0000
0000
0000
0000
1F80
1FC0
18C0
18C0
31C0
3F80
3F00
6000
6000
6000
6000
0000
0000
0000
ENDCHAR
STARTCHAR SubCapQ
ENCODING 57607
SWIDTH 467 0
DWIDTH 14 0
BBX 14 30 0 -7
BITMAP
0000
0000
0000
0000
0000
0000
0000
0000
0000
0000
0000
0000
0000
0000
0000
0000
0700
1F80
39C0
30C0
60C0
60C0
6CC0
7F80
7380
3F00
1F00
03C0
01C0
0000
ENDCHAR
STARTCHAR SubCapR
ENCODING 57608
SWIDTH 467 0
DWIDTH 14 0
BBX 14 30 0 -7
BITMAP
0000
0000
0000
0000
0000
0000
0000
0000
0000
0000
0000
0000
0000
0000
0000
0000
1F80
1FC0
18C0
19C0
3F80
3F00
3600
6300
6300
6180
6180
0000
0000
0000
ENDCHAR
STARTCHAR SubCapS
ENCODING 57609
SWIDTH 467 0
DWIDTH 14 0
BBX 14 30 0 -7
BITMAP
0000
0000
0000
0000
0000
0000
0000
0000
0000
0000
0000
0000
0000
0000
0000
0000
0FC0
1FE0
1860
1800
1C00
0F00
0380
0180
6180
7F80
3F00
0000
0000
0000
ENDCHAR
STARTCHAR SubCapT
ENCODING 57610
SWIDTH 467 0
DWIDTH 14 0
BBX 14 30 0 -7
BITMAP
0000
0000
0000
0000
0000
0000
0000
0000
0000
0000
0000
0000
0000
0000
0000
0000
1FE0
1FE0
0300
0300
0600
0600
0600
0600
0C00
0C00
0C00
0000
0000
0000
ENDCHAR
STARTCHAR SubCapU
ENCODING 57611
SWIDTH 467 0
DWIDTH 14 0
BBX 14 30 0 -7
BITMAP
0000
0000
0000
0000
0000
0000
0000
0000
0000
0000
0000
0000
0000
0000
0000
0000
1860
1860
1860
30C0
30C0
30C0
60C0
6180
6180
3F00
1E00
0000
0000
0000
ENDCHAR
STARTCHAR SubCapV
ENCODING 57612
SWIDTH 467 0
DWIDTH 14 0
BBX 14 30 0 -7
BITMAP
0000
0000
0000
0000
0000
0000
0000
0000
0000
0000
0000
0000
0000
0000
0000
0000
1860
1860
18C0
18C0
1980
0D80
0F00
0F00
0E00
0E00
0C00
0000
0000
0000
ENDCHAR
STARTCHAR SubCapW
ENCODING 57613
SWIDTH 467 0
DWIDTH 14 0
BBX 14 30 0 -7
BITMAP
0000
0000
0000
0000
0000
0000
0000
0000
0000
0000
0000
0000
0000
0000
0000
0000
3060
3060
3060
30C0
36C0
6EC0
6E80
7F80
7B80
7300
6300
0000
0000
0000
ENDCHAR
STARTCHAR SubCapX
ENCODING 57614
SWIDTH 467 0
DWIDTH 14 0
BBX 14 30 0 -7
BITMAP
0000
0000
0000
0000
0000
0000
0000
0000
0000
0000
0000
0000
0000
0000
0000
0000
1860
1860
0CC0
0D80
0700
0600
0E00
1B00
3300
6180
6180
0000
0000
0000
ENDCHAR
STARTCHAR SubCapY
ENCODING 57615
SWIDTH 467 0
DWIDTH 14 0
BBX 14 30 0 -7
BITMAP
0000
0000
0000
0000
0000
0000
0000
0000
0000
0000
0000
0000
0000
0000
0000
0000
1860
1860
18C0
0D80
0F00
0600
0600
0C00
0C00
0C00
0C00
0000
0000
0000
ENDCHAR
STARTCHAR SubCapZ
ENCODING 57616
SWIDTH 467 0
DWIDTH 14 0
BBX 14 30 0 -7
BITMAP
0000
0000
0000
0000
0000
0000
0000
0000
0000
0000
0000
0000
0000
0000
0000
0000
1FE0
1FE0
01C0
0380
0300
0600
0C00
1C00
3800
7F80
7F80
0000
0000
0000
ENDCHAR
STARTCHAR SubSmlB
ENCODING 57617
SWIDTH 467 0
DWIDTH 14 0
BBX 14 30 0 -7
BITMAP
0000
0000
0000
0000
0000
0000
0000
0000
0000
0000
0000
0000
0000
0000
0000
1800
1800
1800
1B80
37C0
38C0
30C0
60C0
61C0
6180
7F80
3F00
0000
0000
0000
ENDCHAR
STARTCHAR SubSmlC
ENCODING 57618
SWIDTH 467 0
DWIDTH 14 0
BBX 14 30 0 -7
BITMAP
0000
0000
0000
0000
0000
0000
0000
0000
0000
0000
0000
0000
0000
0000
0000
0000
0000
0000
0780
1FC0
38C0
7000
6000
6000
7180
3F80
1F00
0000
0000
0000
ENDCHAR
STARTCHAR SubSmlD
ENCODING 57619
SWIDTH 467 0
DWIDTH 14 0
BBX 14 30 0 -7
BITMAP
0000
0000
0000
0000
0000
0000
0000
0000
0000
0000
0000
0000
0000
0000
0000
0060
0060
0060
0EC0
1FC0
39C0
30C0
6180
6180
6380
7FC0
3CC0
0000
0000
0000
ENDCHAR
STARTCHAR SubSmlF
ENCODING 57620
SWIDTH 467 0
DWIDTH 14 0
BBX 14 30 0 -7
BITMAP
0000
0000
0000
0000
0000
0000
0000
0000
0000
0000
0000
0000
0000
0000
0000
03C0
07E0
0C60
0C00
0C00
3F80
3F80
1800
1800
3000
3000
3000
3000
6000
6000
ENDCHAR
STARTCHAR SubSmlG
ENCODING 57621
SWIDTH 467 0
DWIDTH 14 0
BBX 14 30 0 -7
BITMAP
0000
0000
0000
0000
0000
0000
0000
0000
0000
0000
0000
0000
0000
0000
0000
0000
0000
0000
06C0
1FC0
39C0
30C0
6180
6380
7F80
3D80
0300
C700
FE00
7C00
ENDCHAR
STARTCHAR SubSmlQ
ENCODING 57622
SWIDTH 467 0
DWIDTH 14 0
BBX 14 30 0 -7
BITMAP
0000
0000
0000
0000
0000
0000
0000
0000
0000
0000
0000
0000
0000
0000
0000
0000
0000
0000
0EC0
1FC0
39C0
30C0
6180
6180
6180
7F80
3B00
0300
0300
0300
ENDCHAR
STARTCHAR LtSmlATrndLinvbreve
ENCODING 57623
SWIDTH 467 0
DWIDTH 14 0
BBX 14 30 0 -7
BITMAP
0000
0000
0000
0000
0000
0000
0000
0000
0000
0000
1DF0
1FF8
0E0C
0C0C
1818
1838
1FF0
1FE0
3000
3000
3060
3FE0
1FC0
0000
0000
0E00
1F00
3180
3180
0000
ENDCHAR
STARTCHAR LtSmlATrndTilde
ENCODING 57624
SWIDTH 467 0
DWIDTH 14 0
BBX 14 30 0 -7
BITMAP
0000
0000
0000
0000
0000
0398
07F8
0670
0000
0000
1DF0
1FF8
0E0C
0C0C
1818
1838
1FF0
1FE0
3000
3000
3060
3FE0
1FC0
0000
0000
0000
0000
0000
0000
0000
ENDCHAR
STARTCHAR DSearch
ENCODING 61442
SWIDTH 467 0
DWIDTH 14 0
BBX 14 30 0 -7
BITMAP
0000
0000
0000
0000
0000
0000
0000
0000
0000
0000
0000
0F00
3FC0
30C0
6060
6060
6060
6060
70C0
3FE0
0F70
0038
0018
0000
0000
0000
0000
0000
0000
0000
ENDCHAR
STARTCHAR DAntennaBars
ENCODING 61458
SWIDTH 467 0
DWIDTH 14 0
BBX 14 30 0 -7
BITMAP
0000
0000
0000
0000
0000
0000
FF0C
FF0C
DB0C
5A0C
7E0C
3C6C
3C6C
186C
186C
186C
1B6C
1B6C
1B6C
1B6C
1B6C
1B6C
1B6C
0000
0000
0000
0000
0000
0000
0000
ENDCHAR
STARTCHAR DDocumentEmpty
ENCODING 61462
SWIDTH 467 0
DWIDTH 14 0
BBX 14 30 0 -7
BITMAP
0000
0000
0000
0000
7F80
7FC0
63E0
6370
6338
63F8
63F8
6018
6018
6018
6018
6018
6018
6018
6018
6018
6018
7FF8
7FF8
0000
0000
0000
0000
0000
0000
0000
ENDCHAR
STARTCHAR DSpeaker
ENCODING 61478
SWIDTH 467 0
DWIDTH 14 0
BBX 14 30 0 -7
BITMAP
0000
0000
0000
0000
0000
0000
0000
0008
0018
0038
0078
00F8
7FF8
7FF8
7FF8
7FF8
7FF8
7FF8
7FF8
7FF8
00F8
0078
0038
0018
0008
0000
0000
0000
0000
0000
ENDCHAR
STARTCHAR DPrinter
ENCODING 61487
SWIDTH 467 0
DWIDTH 14 0
BBX 14 30 0 -7
BITMAP
0000
0000
0000
0000
0000
3FE0
3FE0
3060
3760
3060
3660
3060
3760
3060
3060
FFF8
FFF8
C018
DFD8
DFD8
C018
FFF8
FFF8
0000
0000
0000
0000
0000
0000
0000
ENDCHAR
STARTCHAR DVideocam
ENCODING 61501
SWIDTH 467 0
DWIDTH 14 0
BBX 14 30 0 -7
BITMAP
0000
0000
0000
0000
0000
0000
0000
0000
0000
0000
0000
0000
FF8C
FF9C
C1BC
C1EC
C1EC
C1BC
FF9C
FF8C
0000
0000
0000
0000
0000
0000
0000
0000
0000
0000
ENDCHAR
STARTCHAR DKey
ENCODING 61572
SWIDTH 467 0
DWIDTH 14 0
BBX 14 30 0 -7
BITMAP
0000
0000
0000
0000
0000
0780
1FE0
1FE0
3870
3870
3870
3870
1FE0
1FE0
0780
0300
0300
0300
0300
0300
0300
03F0
03F0
03F0
0300
0300
0000
0000
0000
0000
ENDCHAR
STARTCHAR DDocument
ENCODING 61686
SWIDTH 467 0
DWIDTH 14 0
BBX 14 30 0 -7
BITMAP
0000
0000
0000
0000
7F80
7FC0
63E0
6370
6338
63F8
63F8
6018
6FD8
6FD8
6018
6FD8
6FD8
6018
6FD8
6FD8
6018
7FF8
7FF8
0000
0000
0000
0000
0000
0000
0000
ENDCHAR
STARTCHAR DComputer
ENCODING 61704
SWIDTH 467 0
DWIDTH 14 0
BBX 14 30 0 -7
BITMAP
0000
0000
0000
0000
0000
0000
0000
0000
7FF8
7FF8
6018
6F18
6018
6F98
6018
6018
7FF8
7FF8
0300
0300
1FE0
1FE0
1FE0
0000
0000
0000
0000
0000
0000
0000
ENDCHAR
STARTCHAR DFolder
ENCODING 61716
SWIDTH 467 0
DWIDTH 14 0
BBX 14 30 0 -7
BITMAP
0000
0000
0000
0000
0000
0000
0000
0000
0000
0000
7F00
7F00
6300
FFFC
FFFC
C00C
C00C
C00C
C00C
C00C
C00C
FFFC
FFFC
0000
0000
0000
0000
0000
0000
0000
ENDCHAR
STARTCHAR DMicrophone
ENCODING 61744
SWIDTH 467 0
DWIDTH 14 0
BBX 14 30 0 -7
BITMAP
0000
0000
0000
0000
0300
0780
0780
0780
0780
0780
6798
6798
6798
6798
6798
6318
7038
3870
3FF0
0FC0
0300
0300
1FE0
1FE0
1FE0
0000
0000
0000
0000
0000
ENDCHAR
STARTCHAR DPadlockOpen
ENCODING 61758
SWIDTH 467 0
DWIDTH 14 0
BBX 14 30 0 -7
BITMAP
0000
0000
0000
0000
0780
0FC0
1CE0
1860
1860
1860
1800
1800
1800
7FF8
7FF8
7FF8
7CF8
7878
7CF8
7CF8
7CF8
7FF8
7FF8
0000
0000
0000
0000
0000
0000
0000
ENDCHAR
STARTCHAR DBatteryFull
ENCODING 62016
SWIDTH 467 0
DWIDTH 14 0
BBX 14 30 0 -7
BITMAP
0000
0000
0000
0000
0000
0FC0
0FC0
0CC0
3CF0
3CF0
3030
37B0
37B0
37B0
37B0
37B0
37B0
37B0
37B0
37B0
3030
3FF0
3FF0
0000
0000
0000
0000
0000
0000
0000
ENDCHAR
STARTCHAR DBattery
ENCODING 62018
SWIDTH 467 0
DWIDTH 14 0
BBX 14 30 0 -7
BITMAP
0000
0000
0000
0000
0000
0FC0
0FC0
0CC0
3CF0
3CF0
3030
3030
3030
3030
3030
37B0
37B0
37B0
37B0
37B0
3030
3FF0
3FF0
0000
0000
0000
0000
0000
0000
0000
ENDCHAR
STARTCHAR DBatteryEmpty
ENCODING 62020
SWIDTH 467 0
DWIDTH 14 0
BBX 14 30 0 -7
BITMAP
0000
0000
0000
0000
0000
0FC0
0FC0
0CC0
3CF0
3CF0
3030
3030
3030
3030
3030
3030
3030
3030
3030
37B0
3030
3FF0
3FF0
0000
0000
0000
0000
0000
0000
0000
ENDCHAR
STARTCHAR DThermometer
ENCODING 62153
SWIDTH 467 0
DWIDTH 14 0
BBX 14 30 0 -7
BITMAP
0000
0000
0780
0FC0
0CC0
0CF8
0CF8
0CC0
0CC0
0CC0
0CF8
0CF8
0CC0
0FC0
0FC0
0FF8
0FF8
0FC0
0FC0
1FE0
1FE0
3FF0
3FF0
3FF0
3FF0
1FE0
1FE0
0780
0000
0000
ENDCHAR
STARTCHAR CySmlGheSrb
ENCODING 63172
SWIDTH 467 0
DWIDTH 14 0
BBX 14 30 0 -7
BITMAP
0000
0000
0000
0000
0000
0000
07E0
07E0
0000
0000
0F80
0F80
0180
0300
0300
0300
0600
0600
0600
0C00
0C60
0FE0
07C0
0000
0000
0000
0000
0000
0000
0000
ENDCHAR
STARTCHAR CySmlBeSrb
ENCODING 63173
SWIDTH 467 0
DWIDTH 14 0
BBX 14 30 0 -7
BITMAP
0000
0000
0000
0000
0000
03F8
07F8
0600
0700
0380
01C0
07E0
0E70
1C30
1830
3030
3030
3030
3060
30E0
39C0
1F80
0F00
0000
0000
0000
0000
0000
0000
0000
ENDCHAR
STARTCHAR CySmlDeSrb
ENCODING 63174
SWIDTH 467 0
DWIDTH 14 0
BBX 14 30 0 -7
BITMAP
0000
0000
0000
0000
0000
0000
0000
0000
0000
0000
0198
07D8
0E78
1C38
1830
3030
3030
3030
3060
30E0
39E0
1F60
0E60
00C0
00C0
61C0
7F80
7F00
0000
0000
ENDCHAR
STARTCHAR CySmlPeSrb
ENCODING 63175
SWIDTH 467 0
DWIDTH 14 0
BBX 14 30 0 -7
BITMAP
0000
0000
0000
0000
0000
0000
07F0
07F0
0000
0000
1C18
1C18
0C18
1818
1830
1830
1830
3060
3060
30E0
39E0
1F70
0E30
0000
0000
0000
0000
0000
0000
0000
ENDCHAR
STARTCHAR CySmlTeSrb
ENCODING 63176
SWIDTH 467 0
DWIDTH 14 0
BBX 14 30 0 -7
BITMAP
0000
0000
0000
0000
0000
0000
1FF8
1FF8
0000
0000
718C
718C
318C
318C
6318
6318
6318
6318
C630
C630
CE70
FFF8
7398
0000
0000
0000
0000
0000
0000
0000
ENDCHAR
STARTCHAR CombAcuteRaised
ENCODING 63177
SWIDTH 467 0
DWIDTH 14 0
BBX 14 30 0 -7
BITMAP
0000
0078
0070
00E0
01C0
0000
0000
0000
0000
0000
0000
0000
0000
0000
0000
0000
0000
0000
0000
0000
0000
0000
0000
0000
0000
0000
0000
0000
0000
0000
ENDCHAR
STARTCHAR CombCaronRaised
ENCODING 63178
SWIDTH 467 0
DWIDTH 14 0
BBX 14 30 0 -7
BITMAP
0000
0330
03F0
01E0
00C0
0000
0000
0000
0000
0000
0000
0000
0000
0000
0000
0000
0000
0000
0000
0000
0000
0000
0000
0000
0000
0000
0000
0000
0000
0000
ENDCHAR
STARTCHAR CombDrssRaised
ENCODING 63179
SWIDTH 467 0
DWIDTH 14 0
BBX 14 30 0 -7
BITMAP
0000
0000
0330
0330
0330
0000
0000
0000
0000
0000
0000
0000
0000
0000
0000
0000
0000
0000
0000
0000
0000
0000
0000
0000
0000
0000
0000
0000
0000
0000
ENDCHAR
STARTCHAR CombGraveRaised
ENCODING 63182
SWIDTH 467 0
DWIDTH 14 0
BBX 14 30 0 -7
BITMAP
0000
03C0
01C0
00E0
0060
0000
0000
0000
0000
0000
0000
0000
0000
0000
0000
0000
0000
0000
0000
0000
0000
0000
0000
0000
0000
0000
0000
0000
0000
0000
ENDCHAR
STARTCHAR CombAcute2Raised
ENCODING 63183
SWIDTH 467 0
DWIDTH 14 0
BBX 14 30 0 -7
BITMAP
0000
00CC
01DC
0198
0330
0000
0000
0000
0000
0000
0000
0000
0000
0000
0000
0000
0000
0000
0000
0000
0000
0000
0000
0000
0000
0000
0000
0000
0000
0000
ENDCHAR
STARTCHAR CombMacronRaised
ENCODING 63184
SWIDTH 467 0
DWIDTH 14 0
BBX 14 30 0 -7
BITMAP
0000
0000
01F8
01F8
0000
0000
0000
0000
0000
0000
0000
0000
0000
0000
0000
0000
0000
0000
0000
0000
0000
0000
0000
0000
0000
0000
0000
0000
0000
0000
ENDCHAR
STARTCHAR CombBreveCyrRaised
ENCODING 63185
SWIDTH 467 0
DWIDTH 14 0
BBX 14 30 0 -7
BITMAP
0000
030C
030C
03FC
01F8
0000
0000
0000
0000
0000
0000
0000
0000
0000
0000
0000
0000
0000
0000
0000
0000
0000
0000
0000
0000
0000
0000
0000
0000
0000
ENDCHAR
STARTCHAR CombGrave2Raised
ENCODING 63187
SWIDTH 467 0
DWIDTH 14 0
BBX 14 30 0 -7
BITMAP
0000
0660
0770
0330
0198
0000
0000
0000
0000
0000
0000
0000
0000
0000
0000
0000
0000
0000
0000
0000
0000
0000
0000
0000
0000
0000
0000
0000
0000
0000
ENDCHAR
STARTCHAR CombBreveCyr
ENCODING 63188
SWIDTH 467 0
DWIDTH 14 0
BBX 14 30 0 -7
BITMAP
0000
0000
0000
0000
0618
0618
07F8
03F0
0000
0000
0000
0000
0000
0000
0000
0000
0000
0000
0000
0000
0000
0000
0000
0000
0000
0000
0000
0000
0000
0000
ENDCHAR
STARTCHAR SCopyrightSer
ENCODING 63193
SWIDTH 467 0
DWIDTH 14 0
BBX 14 30 0 -7
BITMAP
0000
0000
0000
0000
0000
0000
0000
0000
0780
1FE0
3870
3030
6798
6FD8
6C18
6C18
6C18
6FD8
6798
3030
3870
1FE0
0780
0000
0000
0000
0000
0000
0000
0000
ENDCHAR
STARTCHAR SRegisteredSer
ENCODING 63194
SWIDTH 467 0
DWIDTH 14 0
BBX 14 30 0 -7
BITMAP
0000
0000
0000
0000
0000
0000
0000
0000
0780
1FE0
3870
3030
6F98
6FD8
6CD8
6F98
6D98
6CD8
6CD8
3030
3870
1FE0
0780
0000
0000
0000
0000
0000
0000
0000
ENDCHAR
STARTCHAR STrademarkSer
ENCODING 63195
SWIDTH 467 0
DWIDTH 14 0
BBX 14 30 0 -7
BITMAP
0000
0000
0000
0000
3F84
3FDC
0CFC
0CAC
0CAC
1908
1918
1918
1918
0000
0000
0000
0000
0000
0000
0000
0000
0000
0000
0000
0000
0000
0000
0000
0000
0000
ENDCHAR
STARTCHAR SubComma
ENCODING 63201
SWIDTH 467 0
DWIDTH 14 0
BBX 14 30 0 -7
BITMAP
0000
0000
0000
0000
0000
0000
0000
0000
0000
0000
0000
0000
0000
0000
0000
0000
0000
0000
0000
0000
0000
0000
0000
0000
0000
0600
0600
0C00
0800
0000
ENDCHAR
STARTCHAR SupComma
ENCODING 63202
SWIDTH 467 0
DWIDTH 14 0
BBX 14 30 0 -7
BITMAP
0000
0000
0000
0000
0000
0000
0000
0000
0000
0000
0000
0000
0180
0180
0300
0200
0000
0000
0000
0000
0000
0000
0000
0000
0000
0000
0000
0000
0000
0000
ENDCHAR
STARTCHAR SubFullStop
ENCODING 63207
SWIDTH 467 0
DWIDTH 14 0
BBX 14 30 0 -7
BITMAP
0000
0000
0000
0000
0000
0000
0000
0000
0000
0000
0000
0000
0000
0000
0000
0000
0000
0000
0000
0000
0000
0000
0000
0000
0000
0600
0600
0000
0000
0000
ENDCHAR
STARTCHAR SupFullStop
ENCODING 63208
SWIDTH 467 0
DWIDTH 14 0
BBX 14 30 0 -7
BITMAP
0000
0000
0000
0000
0000
0000
0000
0000
0000
0000
0000
0000
0180
0180
0000
0000
0000
0000
0000
0000
0000
0000
0000
0000
0000
0000
0000
0000
0000
0000
ENDCHAR
STARTCHAR ThThoThanNobase
ENCODING 63232
SWIDTH 467 0
DWIDTH 14 0
BBX 14 30 0 -7
BITMAP
0000
0000
0000
0000
0000
0000
0000
0000
0000
0000
1FF8
1FF8
00C0
0060
0030
0E30
1B60
1BE0
0EE0
0060
00C0
00C0
00C0
0000
0000
0000
0000
0000
0000
0000
ENDCHAR
STARTCHAR ThSaraIL
ENCODING 63233
SWIDTH 467 0
DWIDTH 14 0
BBX 14 30 0 -7
BITMAP
0000
0000
0000
0000
0000
0000
1FC0
1FC0
0000
0000
0000
0000
0000
0000
0000
0000
0000
0000
0000
0000
0000
0000
0000
0000
0000
0000
0000
0000
0000
0000
ENDCHAR
STARTCHAR ThSaraIiL
ENCODING 63234
SWIDTH 467 0
DWIDTH 14 0
BBX 14 30 0 -7
BITMAP
0000
0000
0000
0000
00C0
00C0
1FC0
1FC0
0000
0000
0000
0000
0000
0000
0000
0000
0000
0000
0000
0000
0000
0000
0000
0000
0000
0000
0000
0000
0000
0000
ENDCHAR
STARTCHAR ThSaraUeL
ENCODING 63235
SWIDTH 467 0
DWIDTH 14 0
BBX 14 30 0 -7
BITMAP
0000
0000
0000
0000
0380
06C0
3EC0
3F80
0000
0000
0000
0000
0000
0000
0000
0000
0000
0000
0000
0000
0000
0000
0000
0000
0000
0000
0000
0000
0000
0000
ENDCHAR
STARTCHAR ThSaraUeeL
ENCODING 63236
SWIDTH 467 0
DWIDTH 14 0
BBX 14 30 0 -7
BITMAP
0000
0000
0000
0000
06C0
06C0
3FC0
3FC0
0000
0000
0000
0000
0000
0000
0000
0000
0000
0000
0000
0000
0000
0000
0000
0000
0000
0000
0000
0000
0000
0000
ENDCHAR
STARTCHAR ThMaiEkDL
ENCODING 63237
SWIDTH 467 0
DWIDTH 14 0
BBX 14 30 0 -7
BITMAP
0000
0000
0000
0000
00C0
00C0
00C0
00C0
0000
0000
0000
0000
0000
0000
0000
0000
0000
0000
0000
0000
0000
0000
0000
0000
0000
0000
0000
0000
0000
0000
ENDCHAR
STARTCHAR ThMaiThoDL
ENCODING 63238
SWIDTH 467 0
DWIDTH 14 0
BBX 14 30 0 -7
BITMAP
0000
0000
0000
0000
1CC0
1D80
0F00
0E00
0000
0000
0000
0000
0000
0000
0000
0000
0000
0000
0000
0000
0000
0000
0000
0000
0000
0000
0000
0000
0000
0000
ENDCHAR
STARTCHAR ThMaiTriDL
ENCODING 63239
SWIDTH 467 0
DWIDTH 14 0
BBX 14 30 0 -7
BITMAP
0000
0000
0000
0000
0000
3CC0
3F80
3600
0000
0000
0000
0000
0000
0000
0000
0000
0000
0000
0000
0000
0000
0000
0000
0000
0000
0000
0000
0000
0000
0000
ENDCHAR
STARTCHAR ThMaiChattawaDL
ENCODING 63240
SWIDTH 467 0
DWIDTH 14 0
BBX 14 30 0 -7
BITMAP
0000
0000
0000
0100
0100
07C0
0100
0100
0000
0000
0000
0000
0000
0000
0000
0000
0000
0000
0000
0000
0000
0000
0000
0000
0000
0000
0000
0000
0000
0000
ENDCHAR
STARTCHAR ThThanthakhatDL
ENCODING 63241
SWIDTH 467 0
DWIDTH 14 0
BBX 14 30 0 -7
BITMAP
0000
0000
0000
0000
0000
0FC0
1B00
0E00
0000
0000
0000
0000
0000
0000
0000
0000
0000
0000
0000
0000
0000
0000
0000
0000
0000
0000
0000
0000
0000
0000
ENDCHAR
STARTCHAR ThMaiEkD
ENCODING 63242
SWIDTH 467 0
DWIDTH 14 0
BBX 14 30 0 -7
BITMAP
0000
0000
0000
0000
000C
000C
000C
000C
0000
0000
0000
0000
0000
0000
0000
0000
0000
0000
0000
0000
0000
0000
0000
0000
0000
0000
0000
0000
0000
0000
ENDCHAR
STARTCHAR ThMaiThoD
ENCODING 63243
SWIDTH 467 0
DWIDTH 14 0
BBX 14 30 0 -7
BITMAP
0000
0000
0000
0000
01CC
01D8
00F0
00E0
0000
0000
0000
0000
0000
0000
0000
0000
0000
0000
0000
0000
0000
0000
0000
0000
0000
0000
0000
0000
0000
0000
ENDCHAR
STARTCHAR ThMaiTriD
ENCODING 63244
SWIDTH 467 0
DWIDTH 14 0
BBX 14 30 0 -7
BITMAP
0000
0000
0000
0000
0000
07CC
07F8
0660
0000
0000
0000
0000
0000
0000
0000
0000
0000
0000
0000
0000
0000
0000
0000
0000
0000
0000
0000
0000
0000
0000
ENDCHAR
STARTCHAR ThMaiChattawaD
ENCODING 63245
SWIDTH 467 0
DWIDTH 14 0
BBX 14 30 0 -7
BITMAP
0000
0000
0000
0010
0010
007C
0010
0010
0000
0000
0000
0000
0000
0000
0000
0000
0000
0000
0000
0000
0000
0000
0000
0000
0000
0000
0000
0000
0000
0000
ENDCHAR
STARTCHAR ThThanthakhatD
ENCODING 63246
SWIDTH 467 0
DWIDTH 14 0
BBX 14 30 0 -7
BITMAP
0000
0000
0000
0000
0000
00FC
01B0
00E0
0000
0000
0000
0000
0000
0000
0000
0000
0000
0000
0000
0000
0000
0000
0000
0000
0000
0000
0000
0000
0000
0000
ENDCHAR
STARTCHAR ThYoYingNobase
ENCODING 63247
SWIDTH 467 0
DWIDTH 14 0
BBX 14 30 0 -7
BITMAP
0000
0000
0000
0000
0000
0000
0000
0000
0000
0000
1F0C
3F8C
318C
218C
3198
7318
6318
6318
6318
C630
C630
C7F0
C3E0
0000
0000
0000
0000
0000
0000
0000
ENDCHAR
STARTCHAR ThMaiHanAkatL
ENCODING 63248
SWIDTH 467 0
DWIDTH 14 0
BBX 14 30 0 -7
BITMAP
0000
0000
0000
0000
0704
0504
07FC
03F8
0000
0000
0000
0000
0000
0000
0000
0000
0000
0000
0000
0000
0000
0000
0000
0000
0000
0000
0000
0000
0000
0000
ENDCHAR
STARTCHAR ThNikhahitL
ENCODING 63249
SWIDTH 467 0
DWIDTH 14 0
BBX 14 30 0 -7
BITMAP
0000
0000
0000
0000
0380
06C0
06C0
0380
0000
0000
0000
0000
0000
0000
0000
0000
0000
0000
0000
0000
0000
0000
0000
0000
0000
0000
0000
0000
0000
0000
ENDCHAR
STARTCHAR ThMaitaikhuL
ENCODING 63250
SWIDTH 467 0
DWIDTH 14 0
BBX 14 30 0 -7
BITMAP
0000
0000
0000
0000
07C0
0C00
0D80
0FC0
0000
0000
0000
0000
0000
0000
0000
0000
0000
0000
0000
0000
0000
0000
0000
0000
0000
0000
0000
0000
0000
0000
ENDCHAR
STARTCHAR ThMaiEkL
ENCODING 63251
SWIDTH 467 0
DWIDTH 14 0
BBX 14 30 0 -7
BITMAP
0060
0060
0060
0000
0000
0000
0000
0000
0000
0000
0000
0000
0000
0000
0000
0000
0000
0000
0000
0000
0000
0000
0000
0000
0000
0000
0000
0000
0000
0000
ENDCHAR
STARTCHAR ThMaiThoL
ENCODING 63252
SWIDTH 467 0
DWIDTH 14 0
BBX 14 30 0 -7
BITMAP
0E60
07C0
0700
0000
0000
0000
0000
0000
0000
0000
0000
0000
0000
0000
0000
0000
0000
0000
0000
0000
0000
0000
0000
0000
0000
0000
0000
0000
0000
0000
ENDCHAR
STARTCHAR ThMaiTriL
ENCODING 63253
SWIDTH 467 0
DWIDTH 14 0
BBX 14 30 0 -7
BITMAP
1F30
1FE0
1980
0000
0000
0000
0000
0000
0000
0000
0000
0000
0000
0000
0000
0000
0000
0000
0000
0000
0000
0000
0000
0000
0000
0000
0000
0000
0000
0000
ENDCHAR
STARTCHAR ThMaiChattawaL
ENCODING 63254
SWIDTH 467 0
DWIDTH 14 0
BBX 14 30 0 -7
BITMAP
0080
03E0
0080
0000
0000
0000
0000
0000
0000
0000
0000
0000
0000
0000
0000
0000
0000
0000
0000
0000
0000
0000
0000
0000
0000
0000
0000
0000
0000
0000
ENDCHAR
STARTCHAR ThThanthakhatL
ENCODING 63255
SWIDTH 467 0
DWIDTH 14 0
BBX 14 30 0 -7
BITMAP
01F8
0360
01C0
0000
0000
0000
0000
0000
0000
0000
0000
0000
0000
0000
0000
0000
0000
0000
0000
0000
0000
0000
0000
0000
0000
0000
0000
0000
0000
0000
ENDCHAR
STARTCHAR ThSaraUD
ENCODING 63256
SWIDTH 467 0
DWIDTH 14 0
BBX 14 30 0 -7
BITMAP
0000
0000
0000
0000
0000
0000
0000
0000
0000
0000
0000
0000
0000
0000
0000
0000
0000
0000
0000
0000
0000
0000
0000
0000
0000
0000
0780
0580
0780
0180
ENDCHAR
STARTCHAR ThSaraUuD
ENCODING 63257
SWIDTH 467 0
DWIDTH 14 0
BBX 14 30 0 -7
BITMAP
0000
0000
0000
0000
0000
0000
0000
0000
0000
0000
0000
0000
0000
0000
0000
0000
0000
0000
0000
0000
0000
0000
0000
0000
0000
0000
3CC0
2CC0
3FC0
0FC0
ENDCHAR
STARTCHAR ThPhinthuD
ENCODING 63258
SWIDTH 467 0
DWIDTH 14 0
BBX 14 30 0 -7
BITMAP
0000
0000
0000
0000
0000
0000
0000
0000
0000
0000
0000
0000
0000
0000
0000
0000
0000
0000
0000
0000
0000
0000
0000
0000
0000
0000
0000
0000
0060
0060
ENDCHAR
STARTCHAR ThMaiHanAkatLM
ENCODING 63620
SWIDTH 467 0
DWIDTH 14 0
BBX 14 30 0 -7
BITMAP
0000
0000
0000
0000
0704
0504
07FC
03F8
0000
0000
0000
0000
0000
0000
0000
0000
0000
0000
0000
0000
0000
0000
0000
0000
0000
0000
0000
0000
0000
0000
ENDCHAR
STARTCHAR ThSaraILM
ENCODING 63621
SWIDTH 467 0
DWIDTH 14 0
BBX 14 30 0 -7
BITMAP
0000
0000
0000
0000
0000
0000
1FC0
1FC0
0000
0000
0000
0000
0000
0000
0000
0000
0000
0000
0000
0000
0000
0000
0000
0000
0000
0000
0000
0000
0000
0000
ENDCHAR
STARTCHAR ThSaraIiLM
ENCODING 63622
SWIDTH 467 0
DWIDTH 14 0
BBX 14 30 0 -7
BITMAP
0000
0000
0000
0000
00C0
00C0
1FC0
1FC0
0000
0000
0000
0000
0000
0000
0000
0000
0000
0000
0000
0000
0000
0000
0000
0000
0000
0000
0000
0000
0000
0000
ENDCHAR
STARTCHAR ThSaraUeLM
ENCODING 63623
SWIDTH 467 0
DWIDTH 14 0
BBX 14 30 0 -7
BITMAP
0000
0000
0000
0000
0380
06C0
3EC0
3F80
0000
0000
0000
0000
0000
0000
0000
0000
0000
0000
0000
0000
0000
0000
0000
0000
0000
0000
0000
0000
0000
0000
ENDCHAR
STARTCHAR ThSaraUeeLM
ENCODING 63624
SWIDTH 467 0
DWIDTH 14 0
BBX 14 30 0 -7
BITMAP
0000
0000
0000
0000
06C0
06C0
3FC0
3FC0
0000
0000
0000
0000
0000
0000
0000
0000
0000
0000
0000
0000
0000
0000
0000
0000
0000
0000
0000
0000
0000
0000
ENDCHAR
STARTCHAR ThMaitaikhuLM
ENCODING 63625
SWIDTH 467 0
DWIDTH 14 0
BBX 14 30 0 -7
BITMAP
0000
0000
0000
0000
07C0
0C00
0D80
0FC0
0000
0000
0000
0000
0000
0000
0000
0000
0000
0000
0000
0000
0000
0000
0000
0000
0000
0000
0000
0000
0000
0000
ENDCHAR
STARTCHAR ThMaiEkLM
ENCODING 63626
SWIDTH 467 0
DWIDTH 14 0
BBX 14 30 0 -7
BITMAP
0060
0060
0060
0000
0000
0000
0000
0000
0000
0000
0000
0000
0000
0000
0000
0000
0000
0000
0000
0000
0000
0000
0000
0000
0000
0000
0000
0000
0000
0000
ENDCHAR
STARTCHAR ThMaiEkDM
ENCODING 63627
SWIDTH 467 0
DWIDTH 14 0
BBX 14 30 0 -7
BITMAP
0000
0000
0000
0000
000C
000C
000C
000C
0000
0000
0000
0000
0000
0000
0000
0000
0000
0000
0000
0000
0000
0000
0000
0000
0000
0000
0000
0000
0000
0000
ENDCHAR
STARTCHAR ThMaiEkDLM
ENCODING 63628
SWIDTH 467 0
DWIDTH 14 0
BBX 14 30 0 -7
BITMAP
0000
0000
0000
0000
00C0
00C0
00C0
00C0
0000
0000
0000
0000
0000
0000
0000
0000
0000
0000
0000
0000
0000
0000
0000
0000
0000
0000
0000
0000
0000
0000
ENDCHAR
STARTCHAR ThMaiThoLM
ENCODING 63629
SWIDTH 467 0
DWIDTH 14 0
BBX 14 30 0 -7
BITMAP
0E60
07C0
0700
0000
0000
0000
0000
0000
0000
0000
0000
0000
0000
0000
0000
0000
0000
0000
0000
0000
0000
0000
0000
0000
0000
0000
0000
0000
0000
0000
ENDCHAR
STARTCHAR ThMaiThoDM
ENCODING 63630
SWIDTH 467 0
DWIDTH 14 0
BBX 14 30 0 -7
BITMAP
0000
0000
0000
0000
01CC
01D8
00F0
00E0
0000
0000
0000
0000
0000
0000
0000
0000
0000
0000
0000
0000
0000
0000
0000
0000
0000
0000
0000
0000
0000
0000
ENDCHAR
STARTCHAR ThMaiThoDLM
ENCODING 63631
SWIDTH 467 0
DWIDTH 14 0
BBX 14 30 0 -7
BITMAP
0000
0000
0000
0000
1CC0
1D80
0F00
0E00
0000
0000
0000
0000
0000
0000
0000
0000
0000
0000
0000
0000
0000
0000
0000
0000
0000
0000
0000
0000
0000
0000
ENDCHAR
STARTCHAR ThMaiTriLM
ENCODING 63632
SWIDTH 467 0
DWIDTH 14 0
BBX 14 30 0 -7
BITMAP
1F30
1FE0
1980
0000
0000
0000
0000
0000
0000
0000
0000
0000
0000
0000
0000
0000
0000
0000
0000
0000
0000
0000
0000
0000
0000
0000
0000
0000
0000
0000
ENDCHAR
STARTCHAR ThMaiTriDM
ENCODING 63633
SWIDTH 467 0
DWIDTH 14 0
BBX 14 30 0 -7
BITMAP
0000
0000
0000
0000
0000
07CC
07F8
0660
0000
0000
0000
0000
0000
0000
0000
0000
0000
0000
0000
0000
0000
0000
0000
0000
0000
0000
0000
0000
0000
0000
ENDCHAR
STARTCHAR ThMaiTriDLM
ENCODING 63634
SWIDTH 467 0
DWIDTH 14 0
BBX 14 30 0 -7
BITMAP
0000
0000
0000
0000
0000
3CC0
3F80
3600
0000
0000
0000
0000
0000
0000
0000
0000
0000
0000
0000
0000
0000
0000
0000
0000
0000
0000
0000
0000
0000
0000
ENDCHAR
STARTCHAR ThMaiChattawaLM
ENCODING 63635
SWIDTH 467 0
DWIDTH 14 0
BBX 14 30 0 -7
BITMAP
0080
03E0
0080
0000
0000
0000
0000
0000
0000
0000
0000
0000
0000
0000
0000
0000
0000
0000
0000
0000
0000
0000
0000
0000
0000
0000
0000
0000
0000
0000
ENDCHAR
STARTCHAR ThMaiChattawaDM
ENCODING 63636
SWIDTH 467 0
DWIDTH 14 0
BBX 14 30 0 -7
BITMAP
0000
0000
0000
0010
0010
007C
0010
0010
0000
0000
0000
0000
0000
0000
0000
0000
0000
0000
0000
0000
0000
0000
0000
0000
0000
0000
0000
0000
0000
0000
ENDCHAR
STARTCHAR ThMaiChattawaDLM
ENCODING 63637
SWIDTH 467 0
DWIDTH 14 0
BBX 14 30 0 -7
BITMAP
0000
0000
0000
0100
0100
07C0
0100
0100
0000
0000
0000
0000
0000
0000
0000
0000
0000
0000
0000
0000
0000
0000
0000
0000
0000
0000
0000
0000
0000
0000
ENDCHAR
STARTCHAR ThThanthakhatLM
ENCODING 63638
SWIDTH 467 0
DWIDTH 14 0
BBX 14 30 0 -7
BITMAP
01F8
0360
01C0
0000
0000
0000
0000
0000
0000
0000
0000
0000
0000
0000
0000
0000
0000
0000
0000
0000
0000
0000
0000
0000
0000
0000
0000
0000
0000
0000
ENDCHAR
STARTCHAR ThThanthakhatDM
ENCODING 63639
SWIDTH 467 0
DWIDTH 14 0
BBX 14 30 0 -7
BITMAP
0000
0000
0000
0000
0000
00FC
01B0
00E0
0000
0000
0000
0000
0000
0000
0000
0000
0000
0000
0000
0000
0000
0000
0000
0000
0000
0000
0000
0000
0000
0000
ENDCHAR
STARTCHAR ThThanthakhatDLM
ENCODING 63640
SWIDTH 467 0
DWIDTH 14 0
BBX 14 30 0 -7
BITMAP
0000
0000
0000
0000
0000
0FC0
1B00
0E00
0000
0000
0000
0000
0000
0000
0000
0000
0000
0000
0000
0000
0000
0000
0000
0000
0000
0000
0000
0000
0000
0000
ENDCHAR
STARTCHAR ThNikhahitLM
ENCODING 63641
SWIDTH 467 0
DWIDTH 14 0
BBX 14 30 0 -7
BITMAP
0000
0000
0000
0000
0380
06C0
06C0
0380
0000
0000
0000
0000
0000
0000
0000
0000
0000
0000
0000
0000
0000
0000
0000
0000
0000
0000
0000
0000
0000
0000
ENDCHAR
STARTCHAR ThYoYingNobaseM
ENCODING 63642
SWIDTH 467 0
DWIDTH 14 0
BBX 14 30 0 -7
BITMAP
0000
0000
0000
0000
0000
0000
0000
0000
0000
0000
1F0C
3F8C
318C
218C
3198
7318
6318
6318
6318
C630
C630
C7F0
C3E0
0000
0000
0000
0000
0000
0000
0000
ENDCHAR
STARTCHAR ThSaraUDM
ENCODING 63643
SWIDTH 467 0
DWIDTH 14 0
BBX 14 30 0 -7
BITMAP
0000
0000
0000
0000
0000
0000
0000
0000
0000
0000
0000
0000
0000
0000
0000
0000
0000
0000
0000
0000
0000
0000
0000
0000
0000
0000
0780
0580
0780
0180
ENDCHAR
STARTCHAR ThSaraUuDM
ENCODING 63644
SWIDTH 467 0
DWIDTH 14 0
BBX 14 30 0 -7
BITMAP
0000
0000
0000
0000
0000
0000
0000
0000
0000
0000
0000
0000
0000
0000
0000
0000
0000
0000
0000
0000
0000
0000
0000
0000
0000
0000
3CC0
2CC0
3FC0
0FC0
ENDCHAR
STARTCHAR ThPhinthuDM
ENCODING 63645
SWIDTH 467 0
DWIDTH 14 0
BBX 14 30 0 -7
BITMAP
0000
0000
0000
0000
0000
0000
0000
0000
0000
0000
0000
0000
0000
0000
0000
0000
0000
0000
0000
0000
0000
0000
0000
0000
0000
0000
0000
0000
0060
0060
ENDCHAR
STARTCHAR ThThoThanNobaseM
ENCODING 63646
SWIDTH 467 0
DWIDTH 14 0
BBX 14 30 0 -7
BITMAP
0000
0000
0000
0000
0000
0000
0000
0000
0000
0000
1FF8
1FF8
00C0
0060
0030
0E30
1B60
1BE0
0EE0
0060
00C0
00C0
00C0
0000
0000
0000
0000
0000
0000
0000
ENDCHAR
STARTCHAR MRoot2Ctd
ENCODING 63717
SWIDTH 467 0
DWIDTH 14 0
BBX 14 30 0 -7
BITMAP
0000
0000
0000
FFFC
FFFC
0000
0000
0000
0000
0000
0000
0000
0000
0000
0000
0000
0000
0000
0000
0000
0000
0000
0000
0000
0000
0000
0000
0000
0000
0000
ENDCHAR
STARTCHAR MArrowUDX
ENCODING 63718
SWIDTH 467 0
DWIDTH 14 0
BBX 14 30 0 -7
BITMAP
0300
0300
0300
0300
0300
0300
0300
0300
0300
0300
0300
0300
0300
0300
0300
0300
0300
0300
0300
0300
0300
0300
0300
0300
0300
0300
0300
0300
0300
0300
ENDCHAR
STARTCHAR SRegisteredSans
ENCODING 63720
SWIDTH 467 0
DWIDTH 14 0
BBX 14 30 0 -7
BITMAP
0000
0000
0000
0000
0000
0000
0000
0000
0780
1FE0
3870
3030
6F98
6FD8
6CD8
6F98
6D98
6CD8
6CD8
3030
3870
1FE0
0780
0000
0000
0000
0000
0000
0000
0000
ENDCHAR
STARTCHAR SCopyrightSans
ENCODING 63721
SWIDTH 467 0
DWIDTH 14 0
BBX 14 30 0 -7
BITMAP
0000
0000
0000
0000
0000
0000
0000
0000
0780
1FE0
3870
3030
6798
6FD8
6C18
6C18
6C18
6FD8
6798
3030
3870
1FE0
0780
0000
0000
0000
0000
0000
0000
0000
ENDCHAR
STARTCHAR STrademarkSans
ENCODING 63722
SWIDTH 467 0
DWIDTH 14 0
BBX 14 30 0 -7
BITMAP
0000
0000
0000
0000
3F84
3FDC
0CFC
0CAC
0CAC
1908
1918
1918
1918
0000
0000
0000
0000
0000
0000
0000
0000
0000
0000
0000
0000
0000
0000
0000
0000
0000
ENDCHAR
STARTCHAR LtSmlFF
ENCODING 64256
SWIDTH 467 0
DWIDTH 14 0
BBX 14 30 0 -7
BITMAP
0000
0000
0000
0000
0000
039C
07FC
0E74
0C60
0C60
0C60
18C0
7FFC
7FFC
18C0
18C0
18C0
18C0
3180
3180
3180
3180
6300
6300
6300
6300
C600
C600
0000
0000
ENDCHAR
STARTCHAR LtSmlFI
ENCODING 64257
SWIDTH 467 0
DWIDTH 14 0
BBX 14 30 0 -7
BITMAP
0000
0000
0000
0000
0000
03CC
07CC
0E0C
0C00
0C00
0C78
1878
7F18
7F30
1830
1830
1860
1860
3060
30C0
30D8
30F8
6070
6000
6000
6000
C000
C000
0000
0000
ENDCHAR
STARTCHAR LtSmlFL
ENCODING 64258
SWIDTH 467 0
DWIDTH 14 0
BBX 14 30 0 -7
BITMAP
0000
0000
0000
0000
0000
03FC
07FC
0E0C
0C18
0C18
0C18
1818
7F30
7F30
1830
1860
1860
1860
3060
30C0
30D8
30F8
6070
6000
6000
6000
C000
C000
0000
0000
ENDCHAR
STARTCHAR LtSmlFFI
ENCODING 64259
SWIDTH 467 0
DWIDTH 14 0
BBX 14 30 0 -7
BITMAP
0000
0000
0000
0000
0000
077C
0FFC
1DCC
1980
1980
3338
3338
7F98
7F98
3330
3330
6630
6630
6660
6660
6668
6678
6630
CC00
CC00
CC00
CC00
CC00
0000
0000
ENDCHAR
STARTCHAR LtSmlFFL
ENCODING 64260
SWIDTH 467 0
DWIDTH 14 0
BBX 14 30 0 -7
BITMAP
0000
0000
0000
0000
0000
077C
0FFC
1DCC
198C
1998
3318
3318
7FD8
7FD8
3330
3330
6630
6630
6630
6660
6668
6678
6630
CC00
CC00
CC00
CC00
CC00
0000
0000
ENDCHAR
STARTCHAR LtSmlSLongT
ENCODING 64261
SWIDTH 467 0
DWIDTH 14 0
BBX 14 30 0 -7
BITMAP
0000
0000
0000
0000
0000
03E0
07F0
0E30
0C30
1830
18FC
18FC
7860
7860
1860
30C0
30C0
30C0
30C0
3180
61C8
60F8
6070
6000
6000
C000
C000
C000
0000
0000
ENDCHAR
STARTCHAR LtSmlST
ENCODING 64262
SWIDTH 467 0
DWIDTH 14 0
BBX 14 30 0 -7
BITMAP
0000
0000
0000
0000
0000
0000
0010
0030
0030
0030
0FFC
1FFC
3860
3060
3060
30C0
18C0
0CC0
0CC0
8D80
99C8
F8F8
7070
0000
0000
0000
0000
0000
0000
0000
ENDCHAR
STARTCHAR HbYodHiriq
ENCODING 64285
SWIDTH 467 0
DWIDTH 14 0
BBX 14 30 0 -7
BITMAP
0000
0000
0000
0000
0000
0000
0000
0000
0000
0E00
0F00
0F80
0180
0080
0180
0300
0000
0000
0300
0300
0300
0000
0000
0000
0000
0000
0000
0000
0000
0000
ENDCHAR
STARTCHAR CombHbVarika
ENCODING 64286
SWIDTH 467 0
DWIDTH 14 0
BBX 14 30 0 -7
BITMAP
0000
0000
0000
0000
18C0
1FC0
0F80
0700
0000
0000
0000
0000
0000
0000
0000
0000
0000
0000
0000
0000
0000
0000
0000
0000
0000
0000
0000
0000
0000
0000
ENDCHAR
STARTCHAR HbYodYodPatah
ENCODING 64287
SWIDTH 467 0
DWIDTH 14 0
BBX 14 30 0 -7
BITMAP
0000
0000
0000
0000
0000
0000
0000
0000
0000
70E0
78F0
7CF8
0C18
0408
0C18
1830
0000
0000
0000
1FF0
1FF0
0000
0000
0000
0000
0000
0000
0000
0000
0000
ENDCHAR
STARTCHAR SHbPlus
ENCODING 64297
SWIDTH 467 0
DWIDTH 14 0
BBX 14 30 0 -7
BITMAP
0000
0000
0000
0000
0000
0000
0000
0000
0000
0000
0300
0300
0300
0300
0300
3FF0
3FF0
0000
0000
0000
0000
0000
0000
0000
0000
0000
0000
0000
0000
0000
ENDCHAR
STARTCHAR HbShinDotShin
ENCODING 64298
SWIDTH 467 0
DWIDTH 14 0
BBX 14 30 0 -7
BITMAP
0000
0000
0000
0000
0030
0030
0030
0000
0000
4210
4210
4210
4210
4210
4210
4210
4210
4210
4230
4460
7FE0
7FC0
7F80
0000
0000
0000
0000
0000
0000
0000
ENDCHAR
STARTCHAR HbShinDotSin
ENCODING 64299
SWIDTH 467 0
DWIDTH 14 0
BBX 14 30 0 -7
BITMAP
0000
0000
0000
0000
6000
6000
6000
0000
0000
4210
4210
4210
4210
4210
4210
4210
4210
4210
4230
4460
7FE0
7FC0
7F80
0000
0000
0000
0000
0000
0000
0000
ENDCHAR
STARTCHAR HbShinDotShinDagesh
ENCODING 64300
SWIDTH 467 0
DWIDTH 14 0
BBX 14 30 0 -7
BITMAP
0000
0000
0000
0000
0030
0030
0030
0000
0000
4210
4210
4210
4210
42D0
42D0
42D0
4210
4210
4230
4460
7FE0
7FC0
7F80
0000
0000
0000
0000
0000
0000
0000
ENDCHAR
STARTCHAR HbShinDotSinDagesh
ENCODING 64301
SWIDTH 467 0
DWIDTH 14 0
BBX 14 30 0 -7
BITMAP
0000
0000
0000
0000
6000
6000
6000
0000
0000
4210
4210
4210
4210
42D0
42D0
42D0
4210
4210
4230
4460
7FE0
7FC0
7F80
0000
0000
0000
0000
0000
0000
0000
ENDCHAR
STARTCHAR HbAlefPatah
ENCODING 64302
SWIDTH 467 0
DWIDTH 14 0
BBX 14 30 0 -7
BITMAP
0000
0000
0000
0000
0000
0000
0000
0000
0000
70C0
70E0
38F0
1C70
1C50
0E40
1640
2380
2380
31C0
19C0
38E0
7870
7070
0000
0000
3FC0
3FC0
0000
0000
0000
ENDCHAR
STARTCHAR HbAlefQamats
ENCODING 64303
SWIDTH 467 0
DWIDTH 14 0
BBX 14 30 0 -7
BITMAP
0000
0000
0000
0000
0000
0000
0000
0000
0000
70C0
70E0
38F0
1C70
1C50
0E40
1640
2380
2380
31C0
19C0
38E0
7870
7070
0000
0000
3FC0
3FC0
0600
0600
0600
ENDCHAR
STARTCHAR HbAlefMapiq
ENCODING 64304
SWIDTH 467 0
DWIDTH 14 0
BBX 14 30 0 -7
BITMAP
0000
0000
0000
0000
0000
0000
0000
0000
0000
70C0
70E0
38F0
1C70
1C50
0E40
1640
2380
2380
31C0
18E0
3B70
7B70
7330
0000
0000
0000
0000
0000
0000
0000
ENDCHAR
STARTCHAR HbBetDagesh
ENCODING 64305
SWIDTH 467 0
DWIDTH 14 0
BBX 14 30 0 -7
BITMAP
0000
0000
0000
0000
0000
0000
0000
0000
0000
7F00
7F80
7FC0
00C0
0040
0C40
0C40
0C40
0040
0040
0040
7FF0
7FF0
7FF0
0000
0000
0000
0000
0000
0000
0000
ENDCHAR
STARTCHAR HbGimelDagesh
ENCODING 64306
SWIDTH 467 0
DWIDTH 14 0
BBX 14 30 0 -7
BITMAP
0000
0000
0000
0000
0000
0000
0000
0000
0000
0E00
0F80
0F80
03C0
00C0
1840
1840
19C0
03C0
07E0
0F20
1E20
1C20
1820
0000
0000
0000
0000
0000
0000
0000
ENDCHAR
STARTCHAR HbDaletDagesh
ENCODING 64307
SWIDTH 467 0
DWIDTH 14 0
BBX 14 30 0 -7
BITMAP
0000
0000
0000
0000
0000
0000
0000
0000
0000
7FF0
7FF0
7FF0
0040
0040
0040
0C40
0C40
0C40
0040
0040
0040
0040
0040
0000
0000
0000
0000
0000
0000
0000
ENDCHAR
STARTCHAR HbHeMapiq
ENCODING 64308
SWIDTH 467 0
DWIDTH 14 0
BBX 14 30 0 -7
BITMAP
0000
0000
0000
0000
0000
0000
0000
0000
0000
7FC0
7FE0
7FF0
0030
0010
0010
1010
1310
1310
1310
1010
1010
1010
1010
0000
0000
0000
0000
0000
0000
0000
ENDCHAR
STARTCHAR HbVavDagesh
ENCODING 64309
SWIDTH 467 0
DWIDTH 14 0
BBX 14 30 0 -7
BITMAP
0000
0000
0000
0000
0000
0000
0000
0000
0000
0780
07C0
07C0
00C0
0040
0040
0640
0640
0640
0040
0040
0040
0040
0040
0000
0000
0000
0000
0000
0000
0000
ENDCHAR
STARTCHAR HbZayinDagesh
ENCODING 64310
SWIDTH 467 0
DWIDTH 14 0
BBX 14 30 0 -7
BITMAP
0000
0000
0000
0000
0000
0000
0000
0000
0000
1FF0
3FF0
3FF0
0080
0100
0100
1900
1900
1900
0100
0100
0100
0100
0100
0000
0000
0000
0000
0000
0000
0000
ENDCHAR
STARTCHAR HbTetDagesh
ENCODING 64312
SWIDTH 467 0
DWIDTH 14 0
BBX 14 30 0 -7
BITMAP
0000
0000
0000
0000
0000
0000
0000
0000
0000
70E0
71F0
71F0
2110
2010
2010
2310
2310
2310
2010
2020
3FE0
3FC0
3F00
0000
0000
0000
0000
0000
0000
0000
ENDCHAR
STARTCHAR HbYodDagesh
ENCODING 64313
SWIDTH 467 0
DWIDTH 14 0
BBX 14 30 0 -7
BITMAP
0000
0000
0000
0000
0000
0000
0000
0000
0000
0700
0780
07C0
00C0
0C40
0CC0
0D80
0000
0000
0000
0000
0000
0000
0000
0000
0000
0000
0000
0000
0000
0000
ENDCHAR
STARTCHAR HbKafTrmDagesh
ENCODING 64314
SWIDTH 467 0
DWIDTH 14 0
BBX 14 30 0 -7
BITMAP
0000
0000
0000
0000
0000
0000
0000
0000
0000
3FF0
3FF0
3FF0
0010
0010
0010
0310
0310
0310
0010
0010
0010
0010
0010
0010
0010
0010
0010
0010
0000
0000
ENDCHAR
STARTCHAR HbKafDagesh
ENCODING 64315
SWIDTH 467 0
DWIDTH 14 0
BBX 14 30 0 -7
BITMAP
0000
0000
0000
0000
0000
0000
0000
0000
0000
3F80
3FE0
3FE0
0030
0010
0310
0310
0310
0010
0010
0030
3FE0
3FE0
3F80
0000
0000
0000
0000
0000
0000
0000
ENDCHAR
STARTCHAR HbLamedDagesh
ENCODING 64316
SWIDTH 467 0
DWIDTH 14 0
BBX 14 30 0 -7
BITMAP
0000
0000
0000
0000
1800
3800
3000
2000
2000
3FE0
3FF0
3FF0
0010
0010
0C30
0C60
0CC0
0180
0100
0300
0200
0200
0600
0000
0000
0000
0000
0000
0000
0000
ENDCHAR
STARTCHAR HbMemDagesh
ENCODING 64318
SWIDTH 467 0
DWIDTH 14 0
BBX 14 30 0 -7
BITMAP
0000
0000
0000
0000
0000
0000
0000
0000
0000
7180
73C0
37E0
1CE0
1870
0830
0990
1190
1190
1010
1010
21F0
21F0
21F0
0000
0000
0000
0000
0000
0000
0000
ENDCHAR
STARTCHAR HbNunDagesh
ENCODING 64320
SWIDTH 467 0
DWIDTH 14 0
BBX 14 30 0 -7
BITMAP
0000
0000
0000
0000
0000
0000
0000
0000
0000
03C0
03E0
03E0
0020
0020
0320
0320
0320
0020
0020
0020
1FE0
1FE0
1FC0
0000
0000
0000
0000
0000
0000
0000
ENDCHAR
STARTCHAR HbSamekhDagesh
ENCODING 64321
SWIDTH 467 0
DWIDTH 14 0
BBX 14 30 0 -7
BITMAP
0000
0000
0000
0000
0000
0000
0000
0000
0000
7F80
7FE0
7FE0
1870
1030
3010
2310
2310
2310
3030
3870
1FE0
1FE0
0780
0000
0000
0000
0000
0000
0000
0000
ENDCHAR
STARTCHAR HbPeTrmDagesh
ENCODING 64323
SWIDTH 467 0
DWIDTH 14 0
BBX 14 30 0 -7
BITMAP
0000
0000
0000
0000
0000
0000
0000
0000
0000
7FE0
7FF0
7FF0
2010
2010
3D90
3D90
3D90
0010
0010
0010
0010
0010
0010
0010
0010
0010
0010
0010
0000
0000
ENDCHAR
STARTCHAR HbPeDagesh
ENCODING 64324
SWIDTH 467 0
DWIDTH 14 0
BBX 14 30 0 -7
BITMAP
0000
0000
0000
0000
0000
0000
0000
0000
0000
7F80
7FE0
7FE0
2030
2010
3D90
3D90
3D90
0010
0010
0030
3FE0
3FE0
3F80
0000
0000
0000
0000
0000
0000
0000
ENDCHAR
STARTCHAR HbTsadiDagesh
ENCODING 64326
SWIDTH 467 0
DWIDTH 14 0
BBX 14 30 0 -7
BITMAP
0000
0000
0000
0000
0000
0000
0000
0000
0000
3870
3870
3870
1820
0C60
0640
33C0
3180
30C0
0060
0070
3FF0
3FF0
3FF0
0000
0000
0000
0000
0000
0000
0000
ENDCHAR
STARTCHAR HbQofDagesh
ENCODING 64327
SWIDTH 467 0
DWIDTH 14 0
BBX 14 30 0 -7
BITMAP
0000
0000
0000
0000
0000
0000
0000
0000
0000
7FC0
7FE0
7FF0
0030
0010
1330
1320
1360
1040
10C0
1180
1300
1200
1200
1000
1000
1000
1000
1000
0000
0000
ENDCHAR
STARTCHAR HbReshDagesh
ENCODING 64328
SWIDTH 467 0
DWIDTH 14 0
BBX 14 30 0 -7
BITMAP
0000
0000
0000
0000
0000
0000
0000
0000
0000
3FC0
3FE0
3FE0
0030
0010
0010
0310
0310
0310
0010
0010
0010
0010
0010
0000
0000
0000
0000
0000
0000
0000
ENDCHAR
STARTCHAR HbShinDagesh
ENCODING 64329
SWIDTH 467 0
DWIDTH 14 0
BBX 14 30 0 -7
BITMAP
0000
0000
0000
0000
0000
0000
0000
0000
0000
4210
4210
4210
4210
42D0
42D0
42D0
4210
4210
4230
4460
7FE0
7FC0
7F80
0000
0000
0000
0000
0000
0000
0000
ENDCHAR
STARTCHAR HbTavDagesh
ENCODING 64330
SWIDTH 467 0
DWIDTH 14 0
BBX 14 30 0 -7
BITMAP
0000
0000
0000
0000
0000
0000
0000
0000
0000
3FC0
3FE0
3FF0
0830
0810
0810
0990
0990
0990
0810
1810
7810
7810
7010
0000
0000
0000
0000
0000
0000
0000
ENDCHAR
STARTCHAR HbVavHolam
ENCODING 64331
SWIDTH 467 0
DWIDTH 14 0
BBX 14 30 0 -7
BITMAP
0000
0000
0000
0000
0600
0600
0600
0000
0000
0F00
0F80
0F80
0180
0080
0080
0080
0080
0080
0080
0080
0080
0080
0080
0000
0000
0000
0000
0000
0000
0000
ENDCHAR
STARTCHAR HbBetRafe
ENCODING 64332
SWIDTH 467 0
DWIDTH 14 0
BBX 14 30 0 -7
BITMAP
0000
0000
0000
0000
0000
3F80
3F80
0000
0000
7F00
7F80
7FC0
00C0
0040
0040
0040
0040
0040
0040
0040
7FF0
7FF0
7FF0
0000
0000
0000
0000
0000
0000
0000
ENDCHAR
STARTCHAR HbKafRafe
ENCODING 64333
SWIDTH 467 0
DWIDTH 14 0
BBX 14 30 0 -7
BITMAP
0000
0000
0000
0000
0000
1FC0
1FC0
0000
0000
3F80
3FE0
3FE0
0030
0010
0010
0010
0010
0010
0010
0030
3FE0
3FE0
3F80
0000
0000
0000
0000
0000
0000
0000
ENDCHAR
STARTCHAR HbPeRafe
ENCODING 64334
SWIDTH 467 0
DWIDTH 14 0
BBX 14 30 0 -7
BITMAP
0000
0000
0000
0000
0000
1FC0
1FC0
0000
0000
7F80
7FE0
7FE0
2030
2010
3E10
3E10
3E10
0010
0010
0030
3FE0
3FE0
3F80
0000
0000
0000
0000
0000
0000
0000
ENDCHAR
STARTCHAR HbAlefLamed
ENCODING 64335
SWIDTH 467 0
DWIDTH 14 0
BBX 14 30 0 -7
BITMAP
0000
0000
0000
0000
6000
6000
6000
6000
6000
70C0
70E0
38F0
1C70
1C50
0E40
0640
0380
0380
01C0
01C0
00E0
0070
0070
0000
0000
0000
0000
0000
0000
0000
ENDCHAR
STARTCHAR DNoSuchChar
ENCODING 65533
SWIDTH 467 0
DWIDTH 14 0
BBX 14 30 0 -7
BITMAP
0000
0000
0000
0FC0
1FE0
3CF0
3870
3870
3870
3870
1870
00E0
01E0
03C0
0380
0700
0700
0700
0700
0700
0000
0000
0700
0700
0700
0700
0000
0000
0000
0000
ENDCHAR
ENDFONT
