STARTFONT 2.1
FONT x8y12pxTheStrongGamer-24px
SIZE 24 75 75
FONTBOUNDINGBOX 16 24 0 0
STARTPROPERTIES 3
PIXEL_SIZE 24
FONT_ASCENT 24
FONT_DESCENT 0
ENDPROPERTIES
CHARS 794
STARTCHAR uni0020
ENCODING 32
SWIDTH 667 0
DWIDTH 16 0
BBX 1 1 0 0
BITMAP
00
ENDCHAR
STARTCHAR uni0021
ENCODING 33
SWIDTH 667 0
DWIDTH 16 0
BBX 4 16 6 0
BITMAP
F0
F0
F0
F0
F0
F0
F0
F0
F0
F0
00
00
00
00
F0
F0
ENDCHAR
STARTCHAR uni0022
ENCODING 34
SWIDTH 667 0
DWIDTH 16 0
BBX 10 6 2 10
BITMAP
F3C0
F3C0
F3C0
F3C0
C300
C300
ENDCHAR
STARTCHAR uni0023
ENCODING 35
SWIDTH 667 0
DWIDTH 16 0
BBX 14 12 0 0
BITMAP
3CF0
3CF0
FFFC
FFFC
3CF0
3CF0
3CF0
3CF0
FFFC
FFFC
3CF0
3CF0
ENDCHAR
STARTCHAR uni0024
ENCODING 36
SWIDTH 667 0
DWIDTH 16 0
BBX 14 14 0 0
BITMAP
0300
0300
3FFC
3FFC
F300
F300
3FF0
3FF0
033C
033C
FFF0
FFF0
0300
0300
ENDCHAR
STARTCHAR uni0025
ENCODING 37
SWIDTH 667 0
DWIDTH 16 0
BBX 14 12 0 0
BITMAP
FC3C
FC3C
CCF0
CCF0
FFC0
FFC0
0FFC
0FFC
3CCC
3CCC
F0FC
F0FC
ENDCHAR
STARTCHAR uni0026
ENCODING 38
SWIDTH 667 0
DWIDTH 16 0
BBX 14 14 0 0
BITMAP
0FC0
0FC0
3CF0
3CF0
3CF0
3CF0
3F00
3F00
F3CC
F3CC
F0F0
F0F0
3F3C
3F3C
ENDCHAR
STARTCHAR uni0027
ENCODING 39
SWIDTH 667 0
DWIDTH 16 0
BBX 4 6 4 10
BITMAP
F0
F0
F0
F0
C0
C0
ENDCHAR
STARTCHAR uni0028
ENCODING 40
SWIDTH 667 0
DWIDTH 16 0
BBX 6 14 4 0
BITMAP
3C
3C
F0
F0
F0
F0
F0
F0
F0
F0
F0
F0
3C
3C
ENDCHAR
STARTCHAR uni0029
ENCODING 41
SWIDTH 667 0
DWIDTH 16 0
BBX 6 14 4 0
BITMAP
F0
F0
3C
3C
3C
3C
3C
3C
3C
3C
3C
3C
F0
F0
ENDCHAR
STARTCHAR uni002A
ENCODING 42
SWIDTH 667 0
DWIDTH 16 0
BBX 12 12 2 2
BITMAP
0F00
0F00
CF30
CF30
3FC0
3FC0
3FC0
3FC0
CF30
CF30
0F00
0F00
ENDCHAR
STARTCHAR uni002B
ENCODING 43
SWIDTH 667 0
DWIDTH 16 0
BBX 12 10 2 2
BITMAP
0F00
0F00
0F00
0F00
FFF0
FFF0
0F00
0F00
0F00
0F00
ENDCHAR
STARTCHAR uni002C
ENCODING 44
SWIDTH 667 0
DWIDTH 16 0
BBX 6 6 2 0
BITMAP
3C
3C
3C
3C
F0
F0
ENDCHAR
STARTCHAR uni002D
ENCODING 45
SWIDTH 667 0
DWIDTH 16 0
BBX 8 2 4 6
BITMAP
FF
FF
ENDCHAR
STARTCHAR uni002E
ENCODING 46
SWIDTH 667 0
DWIDTH 16 0
BBX 4 4 2 0
BITMAP
F0
F0
F0
F0
ENDCHAR
STARTCHAR uni002F
ENCODING 47
SWIDTH 667 0
DWIDTH 16 0
BBX 14 12 0 0
BITMAP
003C
003C
00F0
00F0
03C0
03C0
0F00
0F00
3C00
3C00
F000
F000
ENDCHAR
STARTCHAR uni0030
ENCODING 48
SWIDTH 667 0
DWIDTH 16 0
BBX 14 16 0 0
BITMAP
3FF0
3FF0
F03C
F03C
F0FC
F0FC
F3FC
F3FC
FF3C
FF3C
FC3C
FC3C
F03C
F03C
3FF0
3FF0
ENDCHAR
STARTCHAR uni0031
ENCODING 49
SWIDTH 667 0
DWIDTH 16 0
BBX 8 16 4 0
BITMAP
3C
3C
FC
FC
3C
3C
3C
3C
3C
3C
3C
3C
3C
3C
FF
FF
ENDCHAR
STARTCHAR uni0032
ENCODING 50
SWIDTH 667 0
DWIDTH 16 0
BBX 14 16 0 0
BITMAP
3FF0
3FF0
F03C
F03C
F03C
F03C
00F0
00F0
03C0
03C0
0F00
0F00
3C00
3C00
FFFC
FFFC
ENDCHAR
STARTCHAR uni0033
ENCODING 51
SWIDTH 667 0
DWIDTH 16 0
BBX 14 16 0 0
BITMAP
3FF0
3FF0
F03C
F03C
003C
003C
03F0
03F0
003C
003C
F03C
F03C
F03C
F03C
3FF0
3FF0
ENDCHAR
STARTCHAR uni0034
ENCODING 52
SWIDTH 667 0
DWIDTH 16 0
BBX 14 16 0 0
BITMAP
00F0
00F0
03F0
03F0
0FF0
0FF0
3CF0
3CF0
F0F0
F0F0
F0F0
F0F0
FFFC
FFFC
00F0
00F0
ENDCHAR
STARTCHAR uni0035
ENCODING 53
SWIDTH 667 0
DWIDTH 16 0
BBX 14 16 0 0
BITMAP
FFFC
FFFC
F000
F000
F000
F000
FFF0
FFF0
003C
003C
F03C
F03C
F03C
F03C
3FF0
3FF0
ENDCHAR
STARTCHAR uni0036
ENCODING 54
SWIDTH 667 0
DWIDTH 16 0
BBX 14 16 0 0
BITMAP
3FF0
3FF0
F03C
F03C
F000
F000
FFF0
FFF0
F03C
F03C
F03C
F03C
F03C
F03C
3FF0
3FF0
ENDCHAR
STARTCHAR uni0037
ENCODING 55
SWIDTH 667 0
DWIDTH 16 0
BBX 14 16 0 0
BITMAP
FFFC
FFFC
F03C
F03C
003C
003C
00F0
00F0
03C0
03C0
0F00
0F00
0F00
0F00
0F00
0F00
ENDCHAR
STARTCHAR uni0038
ENCODING 56
SWIDTH 667 0
DWIDTH 16 0
BBX 14 16 0 0
BITMAP
3FF0
3FF0
F03C
F03C
F03C
F03C
3FF0
3FF0
F03C
F03C
F03C
F03C
F03C
F03C
3FF0
3FF0
ENDCHAR
STARTCHAR uni0039
ENCODING 57
SWIDTH 667 0
DWIDTH 16 0
BBX 14 16 0 0
BITMAP
3FF0
3FF0
F03C
F03C
F03C
F03C
3FFC
3FFC
003C
003C
F03C
F03C
F03C
F03C
3FF0
3FF0
ENDCHAR
STARTCHAR uni003A
ENCODING 58
SWIDTH 667 0
DWIDTH 16 0
BBX 4 12 6 2
BITMAP
F0
F0
F0
F0
00
00
00
00
F0
F0
F0
F0
ENDCHAR
STARTCHAR uni003B
ENCODING 59
SWIDTH 667 0
DWIDTH 16 0
BBX 6 14 4 0
BITMAP
3C
3C
3C
3C
00
00
00
00
3C
3C
3C
3C
F0
F0
ENDCHAR
STARTCHAR uni003C
ENCODING 60
SWIDTH 667 0
DWIDTH 16 0
BBX 10 14 2 0
BITMAP
03C0
03C0
0F00
0F00
3C00
3C00
F000
F000
3C00
3C00
0F00
0F00
03C0
03C0
ENDCHAR
STARTCHAR uni003D
ENCODING 61
SWIDTH 667 0
DWIDTH 16 0
BBX 8 6 4 4
BITMAP
FF
FF
00
00
FF
FF
ENDCHAR
STARTCHAR uni003E
ENCODING 62
SWIDTH 667 0
DWIDTH 16 0
BBX 10 14 2 0
BITMAP
F000
F000
3C00
3C00
0F00
0F00
03C0
03C0
0F00
0F00
3C00
3C00
F000
F000
ENDCHAR
STARTCHAR uni003F
ENCODING 63
SWIDTH 667 0
DWIDTH 16 0
BBX 14 16 0 0
BITMAP
3FF0
3FF0
F03C
F03C
F03C
F03C
00F0
00F0
03C0
03C0
0F00
0F00
0000
0000
0F00
0F00
ENDCHAR
STARTCHAR uni0040
ENCODING 64
SWIDTH 667 0
DWIDTH 16 0
BBX 14 14 0 0
BITMAP
3FF0
3FF0
F03C
F03C
CFCC
CFCC
CCCC
CCCC
CFFC
CFFC
F000
F000
3FF0
3FF0
ENDCHAR
STARTCHAR uni0041
ENCODING 65
SWIDTH 667 0
DWIDTH 16 0
BBX 14 16 0 0
BITMAP
3FF0
3FF0
F03C
F03C
F03C
F03C
FFFC
FFFC
F03C
F03C
F03C
F03C
F03C
F03C
F03C
F03C
ENDCHAR
STARTCHAR uni0042
ENCODING 66
SWIDTH 667 0
DWIDTH 16 0
BBX 14 16 0 0
BITMAP
FFF0
FFF0
F03C
F03C
F03C
F03C
FFF0
FFF0
F03C
F03C
F03C
F03C
F03C
F03C
FFF0
FFF0
ENDCHAR
STARTCHAR uni0043
ENCODING 67
SWIDTH 667 0
DWIDTH 16 0
BBX 14 16 0 0
BITMAP
3FF0
3FF0
F03C
F03C
F03C
F03C
F000
F000
F000
F000
F03C
F03C
F03C
F03C
3FF0
3FF0
ENDCHAR
STARTCHAR uni0044
ENCODING 68
SWIDTH 667 0
DWIDTH 16 0
BBX 14 16 0 0
BITMAP
FFF0
FFF0
F03C
F03C
F03C
F03C
F03C
F03C
F03C
F03C
F03C
F03C
F03C
F03C
FFF0
FFF0
ENDCHAR
STARTCHAR uni0045
ENCODING 69
SWIDTH 667 0
DWIDTH 16 0
BBX 14 16 0 0
BITMAP
FFFC
FFFC
F000
F000
F000
F000
FFF0
FFF0
F000
F000
F000
F000
F000
F000
FFFC
FFFC
ENDCHAR
STARTCHAR uni0046
ENCODING 70
SWIDTH 667 0
DWIDTH 16 0
BBX 14 16 0 0
BITMAP
FFFC
FFFC
F000
F000
F000
F000
FFC0
FFC0
F000
F000
F000
F000
F000
F000
F000
F000
ENDCHAR
STARTCHAR uni0047
ENCODING 71
SWIDTH 667 0
DWIDTH 16 0
BBX 14 16 0 0
BITMAP
3FFC
3FFC
F000
F000
F000
F000
F0FC
F0FC
F03C
F03C
F03C
F03C
F03C
F03C
3FFC
3FFC
ENDCHAR
STARTCHAR uni0048
ENCODING 72
SWIDTH 667 0
DWIDTH 16 0
BBX 14 16 0 0
BITMAP
F03C
F03C
F03C
F03C
F03C
F03C
FFFC
FFFC
F03C
F03C
F03C
F03C
F03C
F03C
F03C
F03C
ENDCHAR
STARTCHAR uni0049
ENCODING 73
SWIDTH 667 0
DWIDTH 16 0
BBX 8 16 4 0
BITMAP
FF
FF
3C
3C
3C
3C
3C
3C
3C
3C
3C
3C
3C
3C
FF
FF
ENDCHAR
STARTCHAR uni004A
ENCODING 74
SWIDTH 667 0
DWIDTH 16 0
BBX 14 16 0 0
BITMAP
003C
003C
003C
003C
003C
003C
003C
003C
F03C
F03C
F03C
F03C
F03C
F03C
3FF0
3FF0
ENDCHAR
STARTCHAR uni004B
ENCODING 75
SWIDTH 667 0
DWIDTH 16 0
BBX 14 16 0 0
BITMAP
F03C
F03C
F0F0
F0F0
F3C0
F3C0
FF00
FF00
FF00
FF00
F3C0
F3C0
F0F0
F0F0
F03C
F03C
ENDCHAR
STARTCHAR uni004C
ENCODING 76
SWIDTH 667 0
DWIDTH 16 0
BBX 14 16 0 0
BITMAP
F000
F000
F000
F000
F000
F000
F000
F000
F000
F000
F000
F000
F000
F000
FFFC
FFFC
ENDCHAR
STARTCHAR uni004D
ENCODING 77
SWIDTH 667 0
DWIDTH 16 0
BBX 14 16 0 0
BITMAP
F03C
F03C
FCFC
FCFC
FFFC
FFFC
F33C
F33C
F03C
F03C
F03C
F03C
F03C
F03C
F03C
F03C
ENDCHAR
STARTCHAR uni004E
ENCODING 78
SWIDTH 667 0
DWIDTH 16 0
BBX 14 16 0 0
BITMAP
F03C
F03C
FC3C
FC3C
FF3C
FF3C
F3FC
F3FC
F0FC
F0FC
F03C
F03C
F03C
F03C
F03C
F03C
ENDCHAR
STARTCHAR uni004F
ENCODING 79
SWIDTH 667 0
DWIDTH 16 0
BBX 14 16 0 0
BITMAP
3FF0
3FF0
F03C
F03C
F03C
F03C
F03C
F03C
F03C
F03C
F03C
F03C
F03C
F03C
3FF0
3FF0
ENDCHAR
STARTCHAR uni0050
ENCODING 80
SWIDTH 667 0
DWIDTH 16 0
BBX 14 16 0 0
BITMAP
FFF0
FFF0
F03C
F03C
F03C
F03C
FFF0
FFF0
F000
F000
F000
F000
F000
F000
F000
F000
ENDCHAR
STARTCHAR uni0051
ENCODING 81
SWIDTH 667 0
DWIDTH 16 0
BBX 14 16 0 0
BITMAP
3FF0
3FF0
F03C
F03C
F03C
F03C
F03C
F03C
FF3C
FF3C
F3FC
F3FC
F0F0
F0F0
3FFC
3FFC
ENDCHAR
STARTCHAR uni0052
ENCODING 82
SWIDTH 667 0
DWIDTH 16 0
BBX 14 16 0 0
BITMAP
FFF0
FFF0
F03C
F03C
F03C
F03C
FFF0
FFF0
F3C0
F3C0
F0F0
F0F0
F03C
F03C
F03C
F03C
ENDCHAR
STARTCHAR uni0053
ENCODING 83
SWIDTH 667 0
DWIDTH 16 0
BBX 14 16 0 0
BITMAP
3FF0
3FF0
F03C
F03C
F000
F000
3FF0
3FF0
003C
003C
F03C
F03C
F03C
F03C
3FF0
3FF0
ENDCHAR
STARTCHAR uni0054
ENCODING 84
SWIDTH 667 0
DWIDTH 16 0
BBX 16 16 0 0
BITMAP
FFFF
FFFF
03C0
03C0
03C0
03C0
03C0
03C0
03C0
03C0
03C0
03C0
03C0
03C0
03C0
03C0
ENDCHAR
STARTCHAR uni0055
ENCODING 85
SWIDTH 667 0
DWIDTH 16 0
BBX 14 16 0 0
BITMAP
F03C
F03C
F03C
F03C
F03C
F03C
F03C
F03C
F03C
F03C
F03C
F03C
F03C
F03C
3FF0
3FF0
ENDCHAR
STARTCHAR uni0056
ENCODING 86
SWIDTH 667 0
DWIDTH 16 0
BBX 14 16 0 0
BITMAP
F03C
F03C
F03C
F03C
F03C
F03C
F03C
F03C
F03C
F03C
3CF0
3CF0
0FC0
0FC0
0300
0300
ENDCHAR
STARTCHAR uni0057
ENCODING 87
SWIDTH 667 0
DWIDTH 16 0
BBX 14 16 0 0
BITMAP
F03C
F03C
F03C
F03C
F03C
F03C
F33C
F33C
FFFC
FFFC
FCFC
FCFC
F03C
F03C
C00C
C00C
ENDCHAR
STARTCHAR uni0058
ENCODING 88
SWIDTH 667 0
DWIDTH 16 0
BBX 14 16 0 0
BITMAP
F03C
F03C
F03C
F03C
3CF0
3CF0
0FC0
0FC0
0FC0
0FC0
3CF0
3CF0
F03C
F03C
F03C
F03C
ENDCHAR
STARTCHAR uni0059
ENCODING 89
SWIDTH 667 0
DWIDTH 16 0
BBX 14 16 0 0
BITMAP
F03C
F03C
F03C
F03C
F03C
F03C
3CF0
3CF0
0FC0
0FC0
0F00
0F00
3C00
3C00
F000
F000
ENDCHAR
STARTCHAR uni005A
ENCODING 90
SWIDTH 667 0
DWIDTH 16 0
BBX 14 16 0 0
BITMAP
FFFC
FFFC
003C
003C
00F0
00F0
03C0
03C0
0F00
0F00
3C00
3C00
F000
F000
FFFC
FFFC
ENDCHAR
STARTCHAR uni005B
ENCODING 91
SWIDTH 667 0
DWIDTH 16 0
BBX 6 14 4 0
BITMAP
FC
FC
F0
F0
F0
F0
F0
F0
F0
F0
F0
F0
FC
FC
ENDCHAR
STARTCHAR uni005C
ENCODING 92
SWIDTH 667 0
DWIDTH 16 0
BBX 14 12 0 0
BITMAP
F000
F000
3C00
3C00
0F00
0F00
03C0
03C0
00F0
00F0
003C
003C
ENDCHAR
STARTCHAR uni005D
ENCODING 93
SWIDTH 667 0
DWIDTH 16 0
BBX 6 14 4 0
BITMAP
FC
FC
3C
3C
3C
3C
3C
3C
3C
3C
3C
3C
FC
FC
ENDCHAR
STARTCHAR uni005E
ENCODING 94
SWIDTH 667 0
DWIDTH 16 0
BBX 10 6 2 10
BITMAP
0C00
0C00
3F00
3F00
F3C0
F3C0
ENDCHAR
STARTCHAR uni005F
ENCODING 95
SWIDTH 667 0
DWIDTH 16 0
BBX 12 2 2 0
BITMAP
FFF0
FFF0
ENDCHAR
STARTCHAR uni0060
ENCODING 96
SWIDTH 667 0
DWIDTH 16 0
BBX 6 4 2 12
BITMAP
F0
F0
3C
3C
ENDCHAR
STARTCHAR uni0061
ENCODING 97
SWIDTH 667 0
DWIDTH 16 0
BBX 14 10 0 0
BITMAP
FFF0
FFF0
003C
003C
3FFC
3FFC
F03C
F03C
3FFC
3FFC
ENDCHAR
STARTCHAR uni0062
ENCODING 98
SWIDTH 667 0
DWIDTH 16 0
BBX 14 16 0 0
BITMAP
F000
F000
F000
F000
F000
F000
FFF0
FFF0
F03C
F03C
F03C
F03C
F03C
F03C
FFF0
FFF0
ENDCHAR
STARTCHAR uni0063
ENCODING 99
SWIDTH 667 0
DWIDTH 16 0
BBX 14 10 0 0
BITMAP
3FF0
3FF0
F03C
F03C
F000
F000
F03C
F03C
3FF0
3FF0
ENDCHAR
STARTCHAR uni0064
ENCODING 100
SWIDTH 667 0
DWIDTH 16 0
BBX 14 16 0 0
BITMAP
003C
003C
003C
003C
003C
003C
3FFC
3FFC
F03C
F03C
F03C
F03C
F03C
F03C
3FFC
3FFC
ENDCHAR
STARTCHAR uni0065
ENCODING 101
SWIDTH 667 0
DWIDTH 16 0
BBX 14 10 0 0
BITMAP
3FF0
3FF0
F03C
F03C
FFFC
FFFC
F000
F000
3FFC
3FFC
ENDCHAR
STARTCHAR uni0066
ENCODING 102
SWIDTH 667 0
DWIDTH 16 0
BBX 14 16 0 0
BITMAP
03F0
03F0
0F00
0F00
0F00
0F00
FFFC
FFFC
0F00
0F00
0F00
0F00
0F00
0F00
0F00
0F00
ENDCHAR
STARTCHAR uni0067
ENCODING 103
SWIDTH 667 0
DWIDTH 16 0
BBX 14 10 0 0
BITMAP
3FFC
3FFC
F03C
F03C
3FFC
3FFC
003C
003C
3FF0
3FF0
ENDCHAR
STARTCHAR uni0068
ENCODING 104
SWIDTH 667 0
DWIDTH 16 0
BBX 14 16 0 0
BITMAP
F000
F000
F000
F000
F000
F000
FFF0
FFF0
F03C
F03C
F03C
F03C
F03C
F03C
F03C
F03C
ENDCHAR
STARTCHAR uni0069
ENCODING 105
SWIDTH 667 0
DWIDTH 16 0
BBX 4 16 6 0
BITMAP
F0
F0
F0
F0
00
00
F0
F0
F0
F0
F0
F0
F0
F0
F0
F0
ENDCHAR
STARTCHAR uni006A
ENCODING 106
SWIDTH 667 0
DWIDTH 16 0
BBX 10 16 0 0
BITMAP
03C0
03C0
03C0
03C0
0000
0000
03C0
03C0
03C0
03C0
03C0
03C0
03C0
03C0
FF00
FF00
ENDCHAR
STARTCHAR uni006B
ENCODING 107
SWIDTH 667 0
DWIDTH 16 0
BBX 14 16 0 0
BITMAP
F000
F000
F000
F000
F000
F000
F03C
F03C
F0F0
F0F0
FFC0
FFC0
F0F0
F0F0
F03C
F03C
ENDCHAR
STARTCHAR uni006C
ENCODING 108
SWIDTH 667 0
DWIDTH 16 0
BBX 8 16 4 0
BITMAP
FC
FC
3C
3C
3C
3C
3C
3C
3C
3C
3C
3C
3C
3C
3F
3F
ENDCHAR
STARTCHAR uni006D
ENCODING 109
SWIDTH 667 0
DWIDTH 16 0
BBX 14 10 0 0
BITMAP
F03C
F03C
FCFC
FCFC
FFFC
FFFC
F33C
F33C
F03C
F03C
ENDCHAR
STARTCHAR uni006E
ENCODING 110
SWIDTH 667 0
DWIDTH 16 0
BBX 14 10 0 0
BITMAP
FFF0
FFF0
F03C
F03C
F03C
F03C
F03C
F03C
F03C
F03C
ENDCHAR
STARTCHAR uni006F
ENCODING 111
SWIDTH 667 0
DWIDTH 16 0
BBX 14 10 0 0
BITMAP
3FF0
3FF0
F03C
F03C
F03C
F03C
F03C
F03C
3FF0
3FF0
ENDCHAR
STARTCHAR uni0070
ENCODING 112
SWIDTH 667 0
DWIDTH 16 0
BBX 14 10 0 0
BITMAP
FFF0
FFF0
F03C
F03C
F03C
F03C
FFF0
FFF0
F000
F000
ENDCHAR
STARTCHAR uni0071
ENCODING 113
SWIDTH 667 0
DWIDTH 16 0
BBX 14 10 0 0
BITMAP
3FFC
3FFC
F03C
F03C
F03C
F03C
3FFC
3FFC
003C
003C
ENDCHAR
STARTCHAR uni0072
ENCODING 114
SWIDTH 667 0
DWIDTH 16 0
BBX 14 10 0 0
BITMAP
FFF0
FFF0
F03C
F03C
F03C
F03C
F000
F000
F000
F000
ENDCHAR
STARTCHAR uni0073
ENCODING 115
SWIDTH 667 0
DWIDTH 16 0
BBX 14 10 0 0
BITMAP
3FFC
3FFC
F000
F000
3FF0
3FF0
003C
003C
FFF0
FFF0
ENDCHAR
STARTCHAR uni0074
ENCODING 116
SWIDTH 667 0
DWIDTH 16 0
BBX 14 16 0 0
BITMAP
0F00
0F00
0F00
0F00
0F00
0F00
FFFC
FFFC
0F00
0F00
0F00
0F00
0F00
0F00
03FC
03FC
ENDCHAR
STARTCHAR uni0075
ENCODING 117
SWIDTH 667 0
DWIDTH 16 0
BBX 14 10 0 0
BITMAP
F03C
F03C
F03C
F03C
F03C
F03C
F03C
F03C
3FFC
3FFC
ENDCHAR
STARTCHAR uni0076
ENCODING 118
SWIDTH 667 0
DWIDTH 16 0
BBX 14 10 0 0
BITMAP
F03C
F03C
F03C
F03C
3CF0
3CF0
0FC0
0FC0
0300
0300
ENDCHAR
STARTCHAR uni0077
ENCODING 119
SWIDTH 667 0
DWIDTH 16 0
BBX 14 10 0 0
BITMAP
F03C
F03C
F33C
F33C
FFFC
FFFC
FCFC
FCFC
F03C
F03C
ENDCHAR
STARTCHAR uni0078
ENCODING 120
SWIDTH 667 0
DWIDTH 16 0
BBX 14 10 0 0
BITMAP
F03C
F03C
3CF0
3CF0
0FC0
0FC0
3CF0
3CF0
F03C
F03C
ENDCHAR
STARTCHAR uni0079
ENCODING 121
SWIDTH 667 0
DWIDTH 16 0
BBX 14 10 0 0
BITMAP
F03C
F03C
F03C
F03C
3FFC
3FFC
003C
003C
3FF0
3FF0
ENDCHAR
STARTCHAR uni007A
ENCODING 122
SWIDTH 667 0
DWIDTH 16 0
BBX 14 10 0 0
BITMAP
FFFC
FFFC
03C0
03C0
0F00
0F00
3C00
3C00
FFFC
FFFC
ENDCHAR
STARTCHAR uni007B
ENCODING 123
SWIDTH 667 0
DWIDTH 16 0
BBX 8 14 2 0
BITMAP
0F
0F
3C
3C
3C
3C
F0
F0
3C
3C
3C
3C
0F
0F
ENDCHAR
STARTCHAR uni007C
ENCODING 124
SWIDTH 667 0
DWIDTH 16 0
BBX 4 16 6 0
BITMAP
F0
F0
F0
F0
F0
F0
F0
F0
F0
F0
F0
F0
F0
F0
F0
F0
ENDCHAR
STARTCHAR uni007D
ENCODING 125
SWIDTH 667 0
DWIDTH 16 0
BBX 8 14 4 0
BITMAP
F0
F0
3C
3C
3C
3C
0F
0F
3C
3C
3C
3C
F0
F0
ENDCHAR
STARTCHAR uni007E
ENCODING 126
SWIDTH 667 0
DWIDTH 16 0
BBX 14 6 0 10
BITMAP
0F3C
0F3C
3FF0
3FF0
F3C0
F3C0
ENDCHAR
STARTCHAR uni00A2
ENCODING 162
SWIDTH 667 0
DWIDTH 16 0
BBX 14 14 0 0
BITMAP
0300
0300
3FF0
3FF0
F33C
F33C
F300
F300
F33C
F33C
3FF0
3FF0
0300
0300
ENDCHAR
STARTCHAR uni00A3
ENCODING 163
SWIDTH 667 0
DWIDTH 16 0
BBX 14 14 0 0
BITMAP
0FF0
0FF0
3C3C
3C3C
3C00
3C00
FFC0
FFC0
3C00
3C00
FF0C
FF0C
C0F0
C0F0
ENDCHAR
STARTCHAR uni00A5
ENCODING 165
SWIDTH 667 0
DWIDTH 16 0
BBX 12 14 2 0
BITMAP
F0F0
F0F0
3FC0
3FC0
0F00
0F00
FFF0
FFF0
0F00
0F00
FFF0
FFF0
0F00
0F00
ENDCHAR
STARTCHAR uni00A6
ENCODING 166
SWIDTH 667 0
DWIDTH 16 0
BBX 4 14 6 0
BITMAP
F0
F0
F0
F0
F0
F0
00
00
F0
F0
F0
F0
F0
F0
ENDCHAR
STARTCHAR uni00A7
ENCODING 167
SWIDTH 667 0
DWIDTH 16 0
BBX 14 16 0 0
BITMAP
3FF0
3FF0
FC0C
FC0C
3FC0
3FC0
F0F0
F0F0
3C3C
3C3C
0FF0
0FF0
C0FC
C0FC
3FF0
3FF0
ENDCHAR
STARTCHAR uni00A8
ENCODING 168
SWIDTH 667 0
DWIDTH 16 0
BBX 12 4 2 12
BITMAP
F0F0
F0F0
F0F0
F0F0
ENDCHAR
STARTCHAR uni00A9
ENCODING 169
SWIDTH 667 0
DWIDTH 16 0
BBX 14 16 0 0
BITMAP
3FF0
3FF0
F03C
F03C
CFCC
CFCC
CC0C
CC0C
CC0C
CC0C
CFCC
CFCC
F03C
F03C
3FF0
3FF0
ENDCHAR
STARTCHAR uni00AC
ENCODING 172
SWIDTH 667 0
DWIDTH 16 0
BBX 10 6 2 6
BITMAP
FFC0
FFC0
03C0
03C0
03C0
03C0
ENDCHAR
STARTCHAR uni00AD
ENCODING 173
SWIDTH 667 0
DWIDTH 16 0
BBX 6 2 4 8
BITMAP
FC
FC
ENDCHAR
STARTCHAR uni00AE
ENCODING 174
SWIDTH 667 0
DWIDTH 16 0
BBX 10 2 2 14
BITMAP
FFC0
FFC0
ENDCHAR
STARTCHAR uni00AF
ENCODING 175
SWIDTH 667 0
DWIDTH 16 0
BBX 8 8 0 8
BITMAP
3C
3C
C3
C3
C3
C3
3C
3C
ENDCHAR
STARTCHAR uni00B0
ENCODING 176
SWIDTH 667 0
DWIDTH 16 0
BBX 12 14 2 0
BITMAP
0F00
0F00
0F00
0F00
FFF0
FFF0
0F00
0F00
0F00
0F00
0000
0000
FFF0
FFF0
ENDCHAR
STARTCHAR uni00B4
ENCODING 180
SWIDTH 667 0
DWIDTH 16 0
BBX 6 4 4 12
BITMAP
3C
3C
F0
F0
ENDCHAR
STARTCHAR uni00B6
ENCODING 182
SWIDTH 667 0
DWIDTH 16 0
BBX 14 16 0 0
BITMAP
3FFC
3FFC
FF3C
FF3C
FF3C
FF3C
3F3C
3F3C
0F3C
0F3C
0F3C
0F3C
0F3C
0F3C
0F3C
0F3C
ENDCHAR
STARTCHAR uni00D7
ENCODING 215
SWIDTH 667 0
DWIDTH 16 0
BBX 12 10 2 2
BITMAP
F0F0
F0F0
3FC0
3FC0
0F00
0F00
3FC0
3FC0
F0F0
F0F0
ENDCHAR
STARTCHAR uni00F7
ENCODING 247
SWIDTH 667 0
DWIDTH 16 0
BBX 12 10 2 2
BITMAP
0F00
0F00
0000
0000
FFF0
FFF0
0000
0000
0F00
0F00
ENDCHAR
STARTCHAR uni0391
ENCODING 913
SWIDTH 667 0
DWIDTH 16 0
BBX 14 16 0 0
BITMAP
0FC0
0FC0
0FC0
0FC0
3FF0
3FF0
3CF0
3CF0
3CF0
3CF0
FFFC
FFFC
F03C
F03C
F03C
F03C
ENDCHAR
STARTCHAR uni0392
ENCODING 914
SWIDTH 667 0
DWIDTH 16 0
BBX 14 16 0 0
BITMAP
FFF0
FFF0
F03C
F03C
F03C
F03C
FFF0
FFF0
F03C
F03C
F03C
F03C
F03C
F03C
FFF0
FFF0
ENDCHAR
STARTCHAR uni0393
ENCODING 915
SWIDTH 667 0
DWIDTH 16 0
BBX 14 16 0 0
BITMAP
FFFC
FFFC
F000
F000
F000
F000
F000
F000
F000
F000
F000
F000
F000
F000
F000
F000
ENDCHAR
STARTCHAR uni0394
ENCODING 916
SWIDTH 667 0
DWIDTH 16 0
BBX 14 16 0 0
BITMAP
0FC0
0FC0
0FC0
0FC0
3CF0
3CF0
3CF0
3CF0
3CF0
3CF0
F03C
F03C
F03C
F03C
FFFC
FFFC
ENDCHAR
STARTCHAR uni0395
ENCODING 917
SWIDTH 667 0
DWIDTH 16 0
BBX 14 16 0 0
BITMAP
FFFC
FFFC
F000
F000
F000
F000
FFFC
FFFC
F000
F000
F000
F000
F000
F000
FFFC
FFFC
ENDCHAR
STARTCHAR uni0396
ENCODING 918
SWIDTH 667 0
DWIDTH 16 0
BBX 14 16 0 0
BITMAP
FFFC
FFFC
003C
003C
00F0
00F0
03C0
03C0
0F00
0F00
3C00
3C00
F000
F000
FFFC
FFFC
ENDCHAR
STARTCHAR uni0397
ENCODING 919
SWIDTH 667 0
DWIDTH 16 0
BBX 14 16 0 0
BITMAP
F03C
F03C
F03C
F03C
F03C
F03C
FFFC
FFFC
F03C
F03C
F03C
F03C
F03C
F03C
F03C
F03C
ENDCHAR
STARTCHAR uni0398
ENCODING 920
SWIDTH 667 0
DWIDTH 16 0
BBX 14 16 0 0
BITMAP
3FF0
3FF0
F03C
F03C
F03C
F03C
F33C
F33C
F33C
F33C
F03C
F03C
F03C
F03C
3FF0
3FF0
ENDCHAR
STARTCHAR uni0399
ENCODING 921
SWIDTH 667 0
DWIDTH 16 0
BBX 8 16 4 0
BITMAP
FF
FF
3C
3C
3C
3C
3C
3C
3C
3C
3C
3C
3C
3C
FF
FF
ENDCHAR
STARTCHAR uni039A
ENCODING 922
SWIDTH 667 0
DWIDTH 16 0
BBX 14 16 0 0
BITMAP
F03C
F03C
F0F0
F0F0
F3C0
F3C0
FF00
FF00
FFC0
FFC0
F0F0
F0F0
F0F0
F0F0
F03C
F03C
ENDCHAR
STARTCHAR uni039B
ENCODING 923
SWIDTH 667 0
DWIDTH 16 0
BBX 14 16 0 0
BITMAP
0FC0
0FC0
0FC0
0FC0
3CF0
3CF0
3CF0
3CF0
3CF0
3CF0
F03C
F03C
F03C
F03C
F03C
F03C
ENDCHAR
STARTCHAR uni039C
ENCODING 924
SWIDTH 667 0
DWIDTH 16 0
BBX 14 16 0 0
BITMAP
F03C
F03C
FCFC
FCFC
FFFC
FFFC
F33C
F33C
F03C
F03C
F03C
F03C
F03C
F03C
F03C
F03C
ENDCHAR
STARTCHAR uni039D
ENCODING 925
SWIDTH 667 0
DWIDTH 16 0
BBX 14 16 0 0
BITMAP
F03C
F03C
F03C
F03C
FC3C
FC3C
FF3C
FF3C
F3FC
F3FC
F0FC
F0FC
F03C
F03C
F03C
F03C
ENDCHAR
STARTCHAR uni039E
ENCODING 926
SWIDTH 667 0
DWIDTH 16 0
BBX 14 16 0 0
BITMAP
FFFC
FFFC
0000
0000
0000
0000
3FF0
3FF0
0000
0000
0000
0000
0000
0000
FFFC
FFFC
ENDCHAR
STARTCHAR uni039F
ENCODING 927
SWIDTH 667 0
DWIDTH 16 0
BBX 14 16 0 0
BITMAP
3FF0
3FF0
F03C
F03C
F03C
F03C
F03C
F03C
F03C
F03C
F03C
F03C
F03C
F03C
3FF0
3FF0
ENDCHAR
STARTCHAR uni03A0
ENCODING 928
SWIDTH 667 0
DWIDTH 16 0
BBX 14 16 0 0
BITMAP
FFFC
FFFC
F03C
F03C
F03C
F03C
F03C
F03C
F03C
F03C
F03C
F03C
F03C
F03C
F03C
F03C
ENDCHAR
STARTCHAR uni03A1
ENCODING 929
SWIDTH 667 0
DWIDTH 16 0
BBX 14 16 0 0
BITMAP
FFF0
FFF0
F03C
F03C
F03C
F03C
FFF0
FFF0
F000
F000
F000
F000
F000
F000
F000
F000
ENDCHAR
STARTCHAR uni03A3
ENCODING 931
SWIDTH 667 0
DWIDTH 16 0
BBX 14 16 0 0
BITMAP
FFFC
FFFC
3C00
3C00
0F00
0F00
03C0
03C0
0F00
0F00
3C00
3C00
F000
F000
FFFC
FFFC
ENDCHAR
STARTCHAR uni03A4
ENCODING 932
SWIDTH 667 0
DWIDTH 16 0
BBX 16 16 0 0
BITMAP
FFFF
FFFF
03C0
03C0
03C0
03C0
03C0
03C0
03C0
03C0
03C0
03C0
03C0
03C0
03C0
03C0
ENDCHAR
STARTCHAR uni03A5
ENCODING 933
SWIDTH 667 0
DWIDTH 16 0
BBX 16 16 0 0
BITMAP
C003
C003
F00F
F00F
3C3C
3C3C
0FF0
0FF0
03C0
03C0
03C0
03C0
03C0
03C0
03C0
03C0
ENDCHAR
STARTCHAR uni03A6
ENCODING 934
SWIDTH 667 0
DWIDTH 16 0
BBX 14 16 0 0
BITMAP
0300
0300
3FF0
3FF0
F33C
F33C
F33C
F33C
F33C
F33C
F33C
F33C
3FF0
3FF0
0300
0300
ENDCHAR
STARTCHAR uni03A7
ENCODING 935
SWIDTH 667 0
DWIDTH 16 0
BBX 14 16 0 0
BITMAP
F03C
F03C
F03C
F03C
3CF0
3CF0
0FC0
0FC0
0FC0
0FC0
3CF0
3CF0
F03C
F03C
F03C
F03C
ENDCHAR
STARTCHAR uni03A8
ENCODING 936
SWIDTH 667 0
DWIDTH 16 0
BBX 16 16 0 0
BITMAP
F3CF
F3CF
F3CF
F3CF
F3CF
F3CF
3FFC
3FFC
03C0
03C0
03C0
03C0
03C0
03C0
03C0
03C0
ENDCHAR
STARTCHAR uni03A9
ENCODING 937
SWIDTH 667 0
DWIDTH 16 0
BBX 14 16 0 0
BITMAP
3FF0
3FF0
F03C
F03C
F03C
F03C
F03C
F03C
F03C
F03C
3CF0
3CF0
0CC0
0CC0
FCFC
FCFC
ENDCHAR
STARTCHAR uni03B1
ENCODING 945
SWIDTH 667 0
DWIDTH 16 0
BBX 14 10 0 0
BITMAP
3F3C
3F3C
F0F0
F0F0
F0F0
F0F0
F0F0
F0F0
3F3C
3F3C
ENDCHAR
STARTCHAR uni03B2
ENCODING 946
SWIDTH 667 0
DWIDTH 16 0
BBX 14 16 0 0
BITMAP
FFC0
FFC0
F0F0
F0F0
F0F0
F0F0
F3C0
F3C0
F03C
F03C
F03C
F03C
F3F0
F3F0
F000
F000
ENDCHAR
STARTCHAR uni03B3
ENCODING 947
SWIDTH 667 0
DWIDTH 16 0
BBX 14 10 0 0
BITMAP
F03C
F03C
3CF0
3CF0
0FC0
0FC0
0F00
0F00
0F00
0F00
ENDCHAR
STARTCHAR uni03B4
ENCODING 948
SWIDTH 667 0
DWIDTH 16 0
BBX 14 16 0 0
BITMAP
3FF0
3FF0
F03C
F03C
F000
F000
3FF0
3FF0
303C
303C
F03C
F03C
F03C
F03C
3FF0
3FF0
ENDCHAR
STARTCHAR uni03B5
ENCODING 949
SWIDTH 667 0
DWIDTH 16 0
BBX 14 10 0 0
BITMAP
3FFC
3FFC
F000
F000
3FF0
3FF0
F000
F000
3FFC
3FFC
ENDCHAR
STARTCHAR uni03B6
ENCODING 950
SWIDTH 667 0
DWIDTH 16 0
BBX 14 16 0 0
BITMAP
FFFC
FFFC
00F0
00F0
03C0
03C0
0F00
0F00
3C00
3C00
3C00
3C00
0FFC
0FFC
003C
003C
ENDCHAR
STARTCHAR uni03B7
ENCODING 951
SWIDTH 667 0
DWIDTH 16 0
BBX 14 10 0 0
BITMAP
F3F0
F3F0
FC3C
FC3C
F03C
F03C
F03C
F03C
F03C
F03C
ENDCHAR
STARTCHAR uni03B8
ENCODING 952
SWIDTH 667 0
DWIDTH 16 0
BBX 14 16 0 0
BITMAP
0FF0
0FF0
3C3C
3C3C
3C3C
3C3C
3FFC
3FFC
F0F0
F0F0
F0F0
F0F0
F0F0
F0F0
3FC0
3FC0
ENDCHAR
STARTCHAR uni03B9
ENCODING 953
SWIDTH 667 0
DWIDTH 16 0
BBX 10 10 2 0
BITMAP
F000
F000
F000
F000
F000
F000
F3C0
F3C0
3F00
3F00
ENDCHAR
STARTCHAR uni03BA
ENCODING 954
SWIDTH 667 0
DWIDTH 16 0
BBX 14 10 0 0
BITMAP
F03C
F03C
F3F0
F3F0
FF00
FF00
F3C0
F3C0
F0FC
F0FC
ENDCHAR
STARTCHAR uni03BB
ENCODING 955
SWIDTH 667 0
DWIDTH 16 0
BBX 14 16 0 0
BITMAP
3F00
3F00
03C0
03C0
03C0
03C0
03C0
03C0
0FF0
0FF0
3CF0
3CF0
3CF0
3CF0
F03C
F03C
ENDCHAR
STARTCHAR uni03BC
ENCODING 956
SWIDTH 667 0
DWIDTH 16 0
BBX 14 10 0 0
BITMAP
3CF0
3CF0
3CF0
3CF0
3FF0
3FF0
3CFC
3CFC
F000
F000
ENDCHAR
STARTCHAR uni03BD
ENCODING 957
SWIDTH 667 0
DWIDTH 16 0
BBX 14 10 0 0
BITMAP
F03C
F03C
3C3C
3C3C
3C3C
3C3C
3CF0
3CF0
3FC0
3FC0
ENDCHAR
STARTCHAR uni03BE
ENCODING 958
SWIDTH 667 0
DWIDTH 16 0
BBX 14 18 0 0
BITMAP
0FF0
0FF0
3C00
3C00
3FC0
3FC0
F000
F000
F000
F000
3FF0
3FF0
003C
003C
003C
003C
03F0
03F0
ENDCHAR
STARTCHAR uni03BF
ENCODING 959
SWIDTH 667 0
DWIDTH 16 0
BBX 14 10 0 0
BITMAP
3FF0
3FF0
F03C
F03C
F03C
F03C
F03C
F03C
3FF0
3FF0
ENDCHAR
STARTCHAR uni03C0
ENCODING 960
SWIDTH 667 0
DWIDTH 16 0
BBX 14 10 0 0
BITMAP
FFFC
FFFC
3CF0
3CF0
3CF0
3CF0
3CF0
3CF0
F0FC
F0FC
ENDCHAR
STARTCHAR uni03C1
ENCODING 961
SWIDTH 667 0
DWIDTH 16 0
BBX 14 10 0 0
BITMAP
3FF0
3FF0
F03C
F03C
F03C
F03C
FFF0
FFF0
F000
F000
ENDCHAR
STARTCHAR uni03C3
ENCODING 963
SWIDTH 667 0
DWIDTH 16 0
BBX 14 10 0 0
BITMAP
3FFC
3FFC
F0C0
F0C0
F0F0
F0F0
F0F0
F0F0
3FC0
3FC0
ENDCHAR
STARTCHAR uni03C4
ENCODING 964
SWIDTH 667 0
DWIDTH 16 0
BBX 14 10 0 0
BITMAP
FFFC
FFFC
0F00
0F00
0F00
0F00
0F00
0F00
03F0
03F0
ENDCHAR
STARTCHAR uni03C5
ENCODING 965
SWIDTH 667 0
DWIDTH 16 0
BBX 14 10 0 0
BITMAP
F03C
F03C
F03C
F03C
F03C
F03C
F03C
F03C
3FF0
3FF0
ENDCHAR
STARTCHAR uni03C6
ENCODING 966
SWIDTH 667 0
DWIDTH 16 0
BBX 14 10 0 0
BITMAP
33F0
33F0
F33C
F33C
F33C
F33C
3FF0
3FF0
0300
0300
ENDCHAR
STARTCHAR uni03C7
ENCODING 967
SWIDTH 667 0
DWIDTH 16 0
BBX 14 10 0 0
BITMAP
F03C
F03C
3CF0
3CF0
0FC0
0FC0
3CF0
3CF0
F03C
F03C
ENDCHAR
STARTCHAR uni03C8
ENCODING 968
SWIDTH 667 0
DWIDTH 16 0
BBX 16 10 0 0
BITMAP
F3CF
F3CF
F3CF
F3CF
3FFC
3FFC
03C0
03C0
03C0
03C0
ENDCHAR
STARTCHAR uni03C9
ENCODING 969
SWIDTH 667 0
DWIDTH 16 0
BBX 14 10 0 0
BITMAP
3C3C
3C3C
F03C
F03C
F33C
F33C
F33C
F33C
3CF0
3CF0
ENDCHAR
STARTCHAR uni0401
ENCODING 1025
SWIDTH 667 0
DWIDTH 16 0
BBX 14 20 0 0
BITMAP
3CF0
3CF0
0000
0000
FFFC
FFFC
F000
F000
F000
F000
FFFC
FFFC
F000
F000
F000
F000
F000
F000
FFFC
FFFC
ENDCHAR
STARTCHAR uni0410
ENCODING 1040
SWIDTH 667 0
DWIDTH 16 0
BBX 14 16 0 0
BITMAP
0FC0
0FC0
0FC0
0FC0
3FF0
3FF0
3CF0
3CF0
3CF0
3CF0
FFFC
FFFC
F03C
F03C
F03C
F03C
ENDCHAR
STARTCHAR uni0411
ENCODING 1041
SWIDTH 667 0
DWIDTH 16 0
BBX 14 16 0 0
BITMAP
FFF0
FFF0
F000
F000
F000
F000
FFF0
FFF0
F03C
F03C
F03C
F03C
F03C
F03C
FFF0
FFF0
ENDCHAR
STARTCHAR uni0412
ENCODING 1042
SWIDTH 667 0
DWIDTH 16 0
BBX 14 16 0 0
BITMAP
FFF0
FFF0
F03C
F03C
F03C
F03C
FFF0
FFF0
F03C
F03C
F03C
F03C
F03C
F03C
FFF0
FFF0
ENDCHAR
STARTCHAR uni0413
ENCODING 1043
SWIDTH 667 0
DWIDTH 16 0
BBX 14 16 0 0
BITMAP
FFFC
FFFC
F000
F000
F000
F000
F000
F000
F000
F000
F000
F000
F000
F000
F000
F000
ENDCHAR
STARTCHAR uni0414
ENCODING 1044
SWIDTH 667 0
DWIDTH 16 0
BBX 16 16 0 0
BITMAP
0FFC
0FFC
0F3C
0F3C
0F3C
0F3C
0F3C
0F3C
3C3C
3C3C
3C3C
3C3C
FFFF
FFFF
F00F
F00F
ENDCHAR
STARTCHAR uni0415
ENCODING 1045
SWIDTH 667 0
DWIDTH 16 0
BBX 14 16 0 0
BITMAP
FFFC
FFFC
F000
F000
F000
F000
FFFC
FFFC
F000
F000
F000
F000
F000
F000
FFFC
FFFC
ENDCHAR
STARTCHAR uni0416
ENCODING 1046
SWIDTH 667 0
DWIDTH 16 0
BBX 16 16 0 0
BITMAP
F3CF
F3CF
3FFC
3FFC
0FF0
0FF0
03C0
03C0
0FF0
0FF0
3FFC
3FFC
F3CF
F3CF
C3C3
C3C3
ENDCHAR
STARTCHAR uni0417
ENCODING 1047
SWIDTH 667 0
DWIDTH 16 0
BBX 14 16 0 0
BITMAP
3FF0
3FF0
F03C
F03C
003C
003C
0FF0
0FF0
003C
003C
003C
003C
F03C
F03C
3FF0
3FF0
ENDCHAR
STARTCHAR uni0418
ENCODING 1048
SWIDTH 667 0
DWIDTH 16 0
BBX 14 16 0 0
BITMAP
F03C
F03C
F03C
F03C
F0FC
F0FC
F3FC
F3FC
FF3C
FF3C
FC3C
FC3C
F03C
F03C
F03C
F03C
ENDCHAR
STARTCHAR uni0419
ENCODING 1049
SWIDTH 667 0
DWIDTH 16 0
BBX 14 20 0 0
BITMAP
3CF0
3CF0
0FC0
0FC0
F03C
F03C
F03C
F03C
F0FC
F0FC
F3FC
F3FC
FF3C
FF3C
FC3C
FC3C
F03C
F03C
F03C
F03C
ENDCHAR
STARTCHAR uni041A
ENCODING 1050
SWIDTH 667 0
DWIDTH 16 0
BBX 14 16 0 0
BITMAP
F03C
F03C
F03C
F03C
F0F0
F0F0
FFC0
FFC0
FF00
FF00
F3C0
F3C0
F0F0
F0F0
F03C
F03C
ENDCHAR
STARTCHAR uni041B
ENCODING 1051
SWIDTH 667 0
DWIDTH 16 0
BBX 14 16 0 0
BITMAP
3FFC
3FFC
3C3C
3C3C
3C3C
3C3C
3C3C
3C3C
3C3C
3C3C
3C3C
3C3C
3C3C
3C3C
F03C
F03C
ENDCHAR
STARTCHAR uni041C
ENCODING 1052
SWIDTH 667 0
DWIDTH 16 0
BBX 14 16 0 0
BITMAP
F03C
F03C
FCFC
FCFC
FFFC
FFFC
F33C
F33C
F03C
F03C
F03C
F03C
F03C
F03C
F03C
F03C
ENDCHAR
STARTCHAR uni041D
ENCODING 1053
SWIDTH 667 0
DWIDTH 16 0
BBX 14 16 0 0
BITMAP
F03C
F03C
F03C
F03C
F03C
F03C
FFFC
FFFC
F03C
F03C
F03C
F03C
F03C
F03C
F03C
F03C
ENDCHAR
STARTCHAR uni041E
ENCODING 1054
SWIDTH 667 0
DWIDTH 16 0
BBX 14 16 0 0
BITMAP
3FF0
3FF0
F03C
F03C
F03C
F03C
F03C
F03C
F03C
F03C
F03C
F03C
F03C
F03C
3FF0
3FF0
ENDCHAR
STARTCHAR uni041F
ENCODING 1055
SWIDTH 667 0
DWIDTH 16 0
BBX 14 16 0 0
BITMAP
FFFC
FFFC
F03C
F03C
F03C
F03C
F03C
F03C
F03C
F03C
F03C
F03C
F03C
F03C
F03C
F03C
ENDCHAR
STARTCHAR uni0420
ENCODING 1056
SWIDTH 667 0
DWIDTH 16 0
BBX 14 16 0 0
BITMAP
FFF0
FFF0
F03C
F03C
F03C
F03C
FFF0
FFF0
F000
F000
F000
F000
F000
F000
F000
F000
ENDCHAR
STARTCHAR uni0421
ENCODING 1057
SWIDTH 667 0
DWIDTH 16 0
BBX 14 16 0 0
BITMAP
3FF0
3FF0
F03C
F03C
F03C
F03C
F000
F000
F000
F000
F03C
F03C
F03C
F03C
3FF0
3FF0
ENDCHAR
STARTCHAR uni0422
ENCODING 1058
SWIDTH 667 0
DWIDTH 16 0
BBX 16 16 0 0
BITMAP
FFFF
FFFF
03C0
03C0
03C0
03C0
03C0
03C0
03C0
03C0
03C0
03C0
03C0
03C0
03C0
03C0
ENDCHAR
STARTCHAR uni0423
ENCODING 1059
SWIDTH 667 0
DWIDTH 16 0
BBX 14 16 0 0
BITMAP
F03C
F03C
F03C
F03C
F03C
F03C
3C3C
3C3C
0FFC
0FFC
00F0
00F0
03C0
03C0
FF00
FF00
ENDCHAR
STARTCHAR uni0424
ENCODING 1060
SWIDTH 667 0
DWIDTH 16 0
BBX 14 16 0 0
BITMAP
0300
0300
3FF0
3FF0
F33C
F33C
F33C
F33C
F33C
F33C
F33C
F33C
3FF0
3FF0
0300
0300
ENDCHAR
STARTCHAR uni0425
ENCODING 1061
SWIDTH 667 0
DWIDTH 16 0
BBX 14 16 0 0
BITMAP
F03C
F03C
F03C
F03C
3CF0
3CF0
0FC0
0FC0
0FC0
0FC0
3CF0
3CF0
F03C
F03C
F03C
F03C
ENDCHAR
STARTCHAR uni0426
ENCODING 1062
SWIDTH 667 0
DWIDTH 16 0
BBX 16 16 0 0
BITMAP
F03C
F03C
F03C
F03C
F03C
F03C
F03C
F03C
F03C
F03C
F03C
F03C
FFFF
FFFF
000F
000F
ENDCHAR
STARTCHAR uni0427
ENCODING 1063
SWIDTH 667 0
DWIDTH 16 0
BBX 14 16 0 0
BITMAP
F03C
F03C
F03C
F03C
F03C
F03C
3FFC
3FFC
003C
003C
003C
003C
003C
003C
003C
003C
ENDCHAR
STARTCHAR uni0428
ENCODING 1064
SWIDTH 667 0
DWIDTH 16 0
BBX 14 16 0 0
BITMAP
F33C
F33C
F33C
F33C
F33C
F33C
F33C
F33C
F33C
F33C
F33C
F33C
F33C
F33C
FFFC
FFFC
ENDCHAR
STARTCHAR uni0429
ENCODING 1065
SWIDTH 667 0
DWIDTH 16 0
BBX 16 16 0 0
BITMAP
F33C
F33C
F33C
F33C
F33C
F33C
F33C
F33C
F33C
F33C
F33C
F33C
FFFF
FFFF
000F
000F
ENDCHAR
STARTCHAR uni042A
ENCODING 1066
SWIDTH 667 0
DWIDTH 16 0
BBX 14 16 0 0
BITMAP
FC00
FC00
3C00
3C00
3C00
3C00
3FF0
3FF0
3C3C
3C3C
3C3C
3C3C
3C3C
3C3C
3FF0
3FF0
ENDCHAR
STARTCHAR uni042B
ENCODING 1067
SWIDTH 667 0
DWIDTH 16 0
BBX 14 16 0 0
BITMAP
F03C
F03C
F03C
F03C
F03C
F03C
FF3C
FF3C
F3FC
F3FC
F3FC
F3FC
F3FC
F3FC
FF3C
FF3C
ENDCHAR
STARTCHAR uni042C
ENCODING 1068
SWIDTH 667 0
DWIDTH 16 0
BBX 14 16 0 0
BITMAP
F000
F000
F000
F000
F000
F000
FFF0
FFF0
F03C
F03C
F03C
F03C
F03C
F03C
FFF0
FFF0
ENDCHAR
STARTCHAR uni042D
ENCODING 1069
SWIDTH 667 0
DWIDTH 16 0
BBX 14 16 0 0
BITMAP
3FF0
3FF0
F03C
F03C
F03C
F03C
03FC
03FC
003C
003C
F03C
F03C
F03C
F03C
3FF0
3FF0
ENDCHAR
STARTCHAR uni042E
ENCODING 1070
SWIDTH 667 0
DWIDTH 16 0
BBX 14 16 0 0
BITMAP
F0F0
F0F0
F33C
F33C
F33C
F33C
FF3C
FF3C
F33C
F33C
F33C
F33C
F33C
F33C
F0F0
F0F0
ENDCHAR
STARTCHAR uni042F
ENCODING 1071
SWIDTH 667 0
DWIDTH 16 0
BBX 14 16 0 0
BITMAP
3FFC
3FFC
F03C
F03C
F03C
F03C
3FFC
3FFC
0F3C
0F3C
3C3C
3C3C
F03C
F03C
F03C
F03C
ENDCHAR
STARTCHAR uni0430
ENCODING 1072
SWIDTH 667 0
DWIDTH 16 0
BBX 14 10 0 0
BITMAP
FFF0
FFF0
003C
003C
3FFC
3FFC
F03C
F03C
3FFC
3FFC
ENDCHAR
STARTCHAR uni0431
ENCODING 1073
SWIDTH 667 0
DWIDTH 16 0
BBX 14 14 0 0
BITMAP
3FFC
3FFC
F000
F000
FFF0
FFF0
F03C
F03C
F03C
F03C
F03C
F03C
3FF0
3FF0
ENDCHAR
STARTCHAR uni0432
ENCODING 1074
SWIDTH 667 0
DWIDTH 16 0
BBX 14 10 0 0
BITMAP
FFF0
FFF0
F03C
F03C
FFF0
FFF0
F03C
F03C
FFF0
FFF0
ENDCHAR
STARTCHAR uni0433
ENCODING 1075
SWIDTH 667 0
DWIDTH 16 0
BBX 14 10 0 0
BITMAP
FFFC
FFFC
F000
F000
F000
F000
F000
F000
F000
F000
ENDCHAR
STARTCHAR uni0434
ENCODING 1076
SWIDTH 667 0
DWIDTH 16 0
BBX 16 10 0 0
BITMAP
0FFC
0FFC
0F3C
0F3C
3C3C
3C3C
FFFF
FFFF
F00F
F00F
ENDCHAR
STARTCHAR uni0435
ENCODING 1077
SWIDTH 667 0
DWIDTH 16 0
BBX 14 10 0 0
BITMAP
3FF0
3FF0
F03C
F03C
FFFC
FFFC
F000
F000
3FFC
3FFC
ENDCHAR
STARTCHAR uni0436
ENCODING 1078
SWIDTH 667 0
DWIDTH 16 0
BBX 16 10 0 0
BITMAP
F3CF
F3CF
3FFC
3FFC
03C0
03C0
3FFC
3FFC
F3CF
F3CF
ENDCHAR
STARTCHAR uni0437
ENCODING 1079
SWIDTH 667 0
DWIDTH 16 0
BBX 14 10 0 0
BITMAP
3FF0
3FF0
F03C
F03C
03F0
03F0
F03C
F03C
3FF0
3FF0
ENDCHAR
STARTCHAR uni0438
ENCODING 1080
SWIDTH 667 0
DWIDTH 16 0
BBX 14 10 0 0
BITMAP
F03C
F03C
F0FC
F0FC
F3FC
F3FC
FF3C
FF3C
FC3C
FC3C
ENDCHAR
STARTCHAR uni0439
ENCODING 1081
SWIDTH 667 0
DWIDTH 16 0
BBX 14 14 0 0
BITMAP
3CF0
3CF0
0FC0
0FC0
F03C
F03C
F0FC
F0FC
F3FC
F3FC
FF3C
FF3C
FC3C
FC3C
ENDCHAR
STARTCHAR uni043A
ENCODING 1082
SWIDTH 667 0
DWIDTH 16 0
BBX 14 10 0 0
BITMAP
F03C
F03C
F0F0
F0F0
FFC0
FFC0
F0F0
F0F0
F03C
F03C
ENDCHAR
STARTCHAR uni043B
ENCODING 1083
SWIDTH 667 0
DWIDTH 16 0
BBX 14 10 0 0
BITMAP
3FFC
3FFC
3C3C
3C3C
3C3C
3C3C
3C3C
3C3C
F03C
F03C
ENDCHAR
STARTCHAR uni043C
ENCODING 1084
SWIDTH 667 0
DWIDTH 16 0
BBX 14 10 0 0
BITMAP
F03C
F03C
FCFC
FCFC
FFFC
FFFC
F33C
F33C
F03C
F03C
ENDCHAR
STARTCHAR uni043D
ENCODING 1085
SWIDTH 667 0
DWIDTH 16 0
BBX 14 10 0 0
BITMAP
F03C
F03C
F03C
F03C
FFFC
FFFC
F03C
F03C
F03C
F03C
ENDCHAR
STARTCHAR uni043E
ENCODING 1086
SWIDTH 667 0
DWIDTH 16 0
BBX 14 10 0 0
BITMAP
3FF0
3FF0
F03C
F03C
F03C
F03C
F03C
F03C
3FF0
3FF0
ENDCHAR
STARTCHAR uni043F
ENCODING 1087
SWIDTH 667 0
DWIDTH 16 0
BBX 14 10 0 0
BITMAP
FFFC
FFFC
F03C
F03C
F03C
F03C
F03C
F03C
F03C
F03C
ENDCHAR
STARTCHAR uni0440
ENCODING 1088
SWIDTH 667 0
DWIDTH 16 0
BBX 14 10 0 0
BITMAP
FFF0
FFF0
F03C
F03C
FFF0
FFF0
F000
F000
F000
F000
ENDCHAR
STARTCHAR uni0441
ENCODING 1089
SWIDTH 667 0
DWIDTH 16 0
BBX 14 10 0 0
BITMAP
3FF0
3FF0
F03C
F03C
F000
F000
F03C
F03C
3FF0
3FF0
ENDCHAR
STARTCHAR uni0442
ENCODING 1090
SWIDTH 667 0
DWIDTH 16 0
BBX 16 10 0 0
BITMAP
FFFF
FFFF
03C0
03C0
03C0
03C0
03C0
03C0
03C0
03C0
ENDCHAR
STARTCHAR uni0443
ENCODING 1091
SWIDTH 667 0
DWIDTH 16 0
BBX 14 10 0 0
BITMAP
F03C
F03C
F03C
F03C
3FFC
3FFC
00F0
00F0
FFC0
FFC0
ENDCHAR
STARTCHAR uni0444
ENCODING 1092
SWIDTH 667 0
DWIDTH 16 0
BBX 14 12 0 0
BITMAP
0300
0300
3FF0
3FF0
F33C
F33C
F33C
F33C
3FF0
3FF0
0300
0300
ENDCHAR
STARTCHAR uni0445
ENCODING 1093
SWIDTH 667 0
DWIDTH 16 0
BBX 14 10 0 0
BITMAP
F03C
F03C
3CF0
3CF0
0FC0
0FC0
3CF0
3CF0
F03C
F03C
ENDCHAR
STARTCHAR uni0446
ENCODING 1094
SWIDTH 667 0
DWIDTH 16 0
BBX 16 10 0 0
BITMAP
F03C
F03C
F03C
F03C
F03C
F03C
FFFF
FFFF
000F
000F
ENDCHAR
STARTCHAR uni0447
ENCODING 1095
SWIDTH 667 0
DWIDTH 16 0
BBX 14 10 0 0
BITMAP
F03C
F03C
F03C
F03C
3FFC
3FFC
003C
003C
003C
003C
ENDCHAR
STARTCHAR uni0448
ENCODING 1096
SWIDTH 667 0
DWIDTH 16 0
BBX 14 10 0 0
BITMAP
F33C
F33C
F33C
F33C
F33C
F33C
F33C
F33C
FFFC
FFFC
ENDCHAR
STARTCHAR uni0449
ENCODING 1097
SWIDTH 667 0
DWIDTH 16 0
BBX 16 10 0 0
BITMAP
F33C
F33C
F33C
F33C
F33C
F33C
FFFF
FFFF
000F
000F
ENDCHAR
STARTCHAR uni044A
ENCODING 1098
SWIDTH 667 0
DWIDTH 16 0
BBX 14 10 0 0
BITMAP
FC00
FC00
3C00
3C00
3FF0
3FF0
3C3C
3C3C
3FF0
3FF0
ENDCHAR
STARTCHAR uni044B
ENCODING 1099
SWIDTH 667 0
DWIDTH 16 0
BBX 14 10 0 0
BITMAP
F03C
F03C
F03C
F03C
FF3C
FF3C
F3FC
F3FC
FF3C
FF3C
ENDCHAR
STARTCHAR uni044C
ENCODING 1100
SWIDTH 667 0
DWIDTH 16 0
BBX 14 10 0 0
BITMAP
F000
F000
F000
F000
FFF0
FFF0
F03C
F03C
FFF0
FFF0
ENDCHAR
STARTCHAR uni044D
ENCODING 1101
SWIDTH 667 0
DWIDTH 16 0
BBX 14 10 0 0
BITMAP
3FF0
3FF0
F03C
F03C
03FC
03FC
F03C
F03C
3FF0
3FF0
ENDCHAR
STARTCHAR uni044E
ENCODING 1102
SWIDTH 667 0
DWIDTH 16 0
BBX 14 10 0 0
BITMAP
F0F0
F0F0
F33C
F33C
FF3C
FF3C
F33C
F33C
F0F0
F0F0
ENDCHAR
STARTCHAR uni044F
ENCODING 1103
SWIDTH 667 0
DWIDTH 16 0
BBX 14 10 0 0
BITMAP
3FFC
3FFC
F03C
F03C
3FFC
3FFC
3C3C
3C3C
F03C
F03C
ENDCHAR
STARTCHAR uni0451
ENCODING 1105
SWIDTH 667 0
DWIDTH 16 0
BBX 14 14 0 0
BITMAP
3CF0
3CF0
0000
0000
3FF0
3FF0
F03C
F03C
FFFC
FFFC
F000
F000
3FFC
3FFC
ENDCHAR
STARTCHAR uni2002
ENCODING 8194
SWIDTH 667 0
DWIDTH 16 0
BBX 1 1 0 0
BITMAP
00
ENDCHAR
STARTCHAR uni2003
ENCODING 8195
SWIDTH 333 0
DWIDTH 8 0
BBX 1 1 0 0
BITMAP
00
ENDCHAR
STARTCHAR uni2009
ENCODING 8201
SWIDTH 333 0
DWIDTH 8 0
BBX 1 1 0 0
BITMAP
00
ENDCHAR
STARTCHAR uni200A
ENCODING 8202
SWIDTH 167 0
DWIDTH 4 0
BBX 1 1 0 0
BITMAP
00
ENDCHAR
STARTCHAR uni2010
ENCODING 8208
SWIDTH 667 0
DWIDTH 16 0
BBX 8 2 4 6
BITMAP
FF
FF
ENDCHAR
STARTCHAR uni2011
ENCODING 8209
SWIDTH 667 0
DWIDTH 16 0
BBX 8 2 4 6
BITMAP
FF
FF
ENDCHAR
STARTCHAR uni2012
ENCODING 8210
SWIDTH 667 0
DWIDTH 16 0
BBX 10 2 2 6
BITMAP
FFC0
FFC0
ENDCHAR
STARTCHAR uni2013
ENCODING 8211
SWIDTH 667 0
DWIDTH 16 0
BBX 10 2 2 6
BITMAP
FFC0
FFC0
ENDCHAR
STARTCHAR uni2014
ENCODING 8212
SWIDTH 667 0
DWIDTH 16 0
BBX 10 2 2 6
BITMAP
FFC0
FFC0
ENDCHAR
STARTCHAR uni2015
ENCODING 8213
SWIDTH 667 0
DWIDTH 16 0
BBX 16 2 0 6
BITMAP
FFFF
FFFF
ENDCHAR
STARTCHAR uni2016
ENCODING 8214
SWIDTH 667 0
DWIDTH 16 0
BBX 10 16 2 0
BITMAP
F3C0
F3C0
F3C0
F3C0
F3C0
F3C0
F3C0
F3C0
F3C0
F3C0
F3C0
F3C0
F3C0
F3C0
F3C0
F3C0
ENDCHAR
STARTCHAR uni2018
ENCODING 8216
SWIDTH 667 0
DWIDTH 16 0
BBX 4 8 6 8
BITMAP
30
30
C0
C0
F0
F0
F0
F0
ENDCHAR
STARTCHAR uni2019
ENCODING 8217
SWIDTH 667 0
DWIDTH 16 0
BBX 4 8 4 8
BITMAP
F0
F0
F0
F0
30
30
C0
C0
ENDCHAR
STARTCHAR uni201C
ENCODING 8220
SWIDTH 667 0
DWIDTH 16 0
BBX 10 8 2 8
BITMAP
30C0
30C0
C300
C300
F3C0
F3C0
F3C0
F3C0
ENDCHAR
STARTCHAR uni201D
ENCODING 8221
SWIDTH 667 0
DWIDTH 16 0
BBX 10 8 2 8
BITMAP
F3C0
F3C0
F3C0
F3C0
30C0
30C0
C300
C300
ENDCHAR
STARTCHAR uni2020
ENCODING 8224
SWIDTH 667 0
DWIDTH 16 0
BBX 12 16 2 0
BITMAP
0F00
0F00
0F00
0F00
FFF0
FFF0
0F00
0F00
0F00
0F00
0F00
0F00
0F00
0F00
0F00
0F00
ENDCHAR
STARTCHAR uni2021
ENCODING 8225
SWIDTH 667 0
DWIDTH 16 0
BBX 12 16 2 0
BITMAP
0F00
0F00
0F00
0F00
FFF0
FFF0
0F00
0F00
0F00
0F00
FFF0
FFF0
0F00
0F00
0F00
0F00
ENDCHAR
STARTCHAR uni2025
ENCODING 8229
SWIDTH 667 0
DWIDTH 16 0
BBX 12 4 2 6
BITMAP
F0F0
F0F0
F0F0
F0F0
ENDCHAR
STARTCHAR uni2026
ENCODING 8230
SWIDTH 667 0
DWIDTH 16 0
BBX 10 4 2 6
BITMAP
CCC0
CCC0
CCC0
CCC0
ENDCHAR
STARTCHAR uni2030
ENCODING 8240
SWIDTH 667 0
DWIDTH 16 0
BBX 16 12 0 0
BITMAP
FC3C
FC3C
CCF0
CCF0
FFC0
FFC0
0FFF
0FFF
3F33
3F33
F3FF
F3FF
ENDCHAR
STARTCHAR uni2032
ENCODING 8242
SWIDTH 667 0
DWIDTH 16 0
BBX 6 4 4 12
BITMAP
3C
3C
F0
F0
ENDCHAR
STARTCHAR uni2033
ENCODING 8243
SWIDTH 667 0
DWIDTH 16 0
BBX 12 4 2 12
BITMAP
3CF0
3CF0
F3C0
F3C0
ENDCHAR
STARTCHAR uni203B
ENCODING 8251
SWIDTH 667 0
DWIDTH 16 0
BBX 14 16 0 0
BITMAP
C30C
C30C
F33C
F33C
3CF0
3CF0
CFCC
CFCC
CFCC
CFCC
3CF0
3CF0
F33C
F33C
C30C
C30C
ENDCHAR
STARTCHAR uni203E
ENCODING 8254
SWIDTH 667 0
DWIDTH 16 0
BBX 14 2 0 14
BITMAP
FFFC
FFFC
ENDCHAR
STARTCHAR uni2103
ENCODING 8451
SWIDTH 667 0
DWIDTH 16 0
BBX 14 14 0 0
BITMAP
FC00
FC00
CFF0
CFF0
FC3C
FC3C
3C00
3C00
3C00
3C00
3C3C
3C3C
0FF0
0FF0
ENDCHAR
STARTCHAR uni2121
ENCODING 8481
SWIDTH 667 0
DWIDTH 16 0
BBX 16 16 0 0
BITMAP
FC00
FC00
3000
3000
3000
3000
33CC
33CC
330C
330C
33CC
33CC
330C
330C
33CF
33CF
ENDCHAR
STARTCHAR uni2122
ENCODING 8482
SWIDTH 667 0
DWIDTH 16 0
BBX 14 8 0 8
BITMAP
FCCC
FCCC
30FC
30FC
30CC
30CC
30CC
30CC
ENDCHAR
STARTCHAR uni2160
ENCODING 8544
SWIDTH 667 0
DWIDTH 16 0
BBX 6 16 4 0
BITMAP
FC
FC
30
30
30
30
30
30
30
30
30
30
30
30
FC
FC
ENDCHAR
STARTCHAR uni2161
ENCODING 8545
SWIDTH 667 0
DWIDTH 16 0
BBX 10 16 2 0
BITMAP
FFC0
FFC0
3300
3300
3300
3300
3300
3300
3300
3300
3300
3300
3300
3300
FFC0
FFC0
ENDCHAR
STARTCHAR uni2162
ENCODING 8546
SWIDTH 667 0
DWIDTH 16 0
BBX 14 16 0 0
BITMAP
FFFC
FFFC
3330
3330
3330
3330
3330
3330
3330
3330
3330
3330
3330
3330
FFFC
FFFC
ENDCHAR
STARTCHAR uni2163
ENCODING 8547
SWIDTH 667 0
DWIDTH 16 0
BBX 14 16 0 0
BITMAP
FF3C
FF3C
3330
3330
3330
3330
3330
3330
3330
3330
30C0
30C0
30C0
30C0
FCC0
FCC0
ENDCHAR
STARTCHAR uni2164
ENCODING 8548
SWIDTH 667 0
DWIDTH 16 0
BBX 14 16 0 0
BITMAP
FCFC
FCFC
3030
3030
3030
3030
3030
3030
0CC0
0CC0
0CC0
0CC0
0300
0300
0300
0300
ENDCHAR
STARTCHAR uni2165
ENCODING 8549
SWIDTH 667 0
DWIDTH 16 0
BBX 14 16 0 0
BITMAP
F3FC
F3FC
3330
3330
3330
3330
3330
3330
3330
3330
0C30
0C30
0C30
0C30
0CFC
0CFC
ENDCHAR
STARTCHAR uni2166
ENCODING 8550
SWIDTH 667 0
DWIDTH 16 0
BBX 16 16 0 0
BITMAP
CFFF
CFFF
CCCC
CCCC
CCCC
CCCC
CCCC
CCCC
CCCC
CCCC
30CC
30CC
30CC
30CC
33FF
33FF
ENDCHAR
STARTCHAR uni2167
ENCODING 8551
SWIDTH 667 0
DWIDTH 16 0
BBX 16 16 0 0
BITMAP
CFFF
CFFF
CF33
CF33
CF33
CF33
CF33
CF33
CF33
CF33
3333
3333
3333
3333
33FF
33FF
ENDCHAR
STARTCHAR uni2168
ENCODING 8552
SWIDTH 667 0
DWIDTH 16 0
BBX 14 16 0 0
BITMAP
FF3C
FF3C
3330
3330
3330
3330
30C0
30C0
30C0
30C0
3330
3330
3330
3330
FF3C
FF3C
ENDCHAR
STARTCHAR uni2169
ENCODING 8553
SWIDTH 667 0
DWIDTH 16 0
BBX 14 16 0 0
BITMAP
FCFC
FCFC
3030
3030
0CC0
0CC0
0300
0300
0300
0300
0CC0
0CC0
3030
3030
FCFC
FCFC
ENDCHAR
STARTCHAR uni2190
ENCODING 8592
SWIDTH 667 0
DWIDTH 16 0
BBX 14 14 0 0
BITMAP
0300
0300
0F00
0F00
3FFC
3FFC
FFFC
FFFC
3FFC
3FFC
0F00
0F00
0300
0300
ENDCHAR
STARTCHAR uni2191
ENCODING 8593
SWIDTH 667 0
DWIDTH 16 0
BBX 14 14 0 0
BITMAP
0300
0300
0FC0
0FC0
3FF0
3FF0
FFFC
FFFC
0FC0
0FC0
0FC0
0FC0
0FC0
0FC0
ENDCHAR
STARTCHAR uni2192
ENCODING 8594
SWIDTH 667 0
DWIDTH 16 0
BBX 14 14 0 0
BITMAP
0300
0300
03C0
03C0
FFF0
FFF0
FFFC
FFFC
FFF0
FFF0
03C0
03C0
0300
0300
ENDCHAR
STARTCHAR uni2193
ENCODING 8595
SWIDTH 667 0
DWIDTH 16 0
BBX 14 14 0 0
BITMAP
0FC0
0FC0
0FC0
0FC0
0FC0
0FC0
FFFC
FFFC
3FF0
3FF0
0FC0
0FC0
0300
0300
ENDCHAR
STARTCHAR uni2194
ENCODING 8596
SWIDTH 667 0
DWIDTH 16 0
BBX 16 10 0 2
BITMAP
0C30
0C30
3FFC
3FFC
FFFF
FFFF
3FFC
3FFC
0C30
0C30
ENDCHAR
STARTCHAR uni2195
ENCODING 8597
SWIDTH 667 0
DWIDTH 16 0
BBX 10 16 2 0
BITMAP
0C00
0C00
3F00
3F00
FFC0
FFC0
3F00
3F00
3F00
3F00
FFC0
FFC0
3F00
3F00
0C00
0C00
ENDCHAR
STARTCHAR uni2196
ENCODING 8598
SWIDTH 667 0
DWIDTH 16 0
BBX 14 14 0 0
BITMAP
FFC0
FFC0
FF00
FF00
FFC0
FFC0
FFF0
FFF0
CFFC
CFFC
03F0
03F0
00C0
00C0
ENDCHAR
STARTCHAR uni2197
ENCODING 8599
SWIDTH 667 0
DWIDTH 16 0
BBX 14 14 0 0
BITMAP
0FFC
0FFC
03FC
03FC
0FFC
0FFC
3FFC
3FFC
FFCC
FFCC
3F00
3F00
0C00
0C00
ENDCHAR
STARTCHAR uni2198
ENCODING 8600
SWIDTH 667 0
DWIDTH 16 0
BBX 14 14 0 0
BITMAP
0C00
0C00
3F00
3F00
FFCC
FFCC
3FFC
3FFC
0FFC
0FFC
03FC
03FC
0FFC
0FFC
ENDCHAR
STARTCHAR uni2199
ENCODING 8601
SWIDTH 667 0
DWIDTH 16 0
BBX 14 14 0 0
BITMAP
00C0
00C0
03F0
03F0
CFFC
CFFC
FFF0
FFF0
FFC0
FFC0
FF00
FF00
FFC0
FFC0
ENDCHAR
STARTCHAR uni21D0
ENCODING 8656
SWIDTH 667 0
DWIDTH 16 0
BBX 14 10 0 2
BITMAP
0C00
0C00
3FFC
3FFC
F000
F000
3FFC
3FFC
0C00
0C00
ENDCHAR
STARTCHAR uni21D1
ENCODING 8657
SWIDTH 667 0
DWIDTH 16 0
BBX 10 14 2 0
BITMAP
0C00
0C00
3F00
3F00
F3C0
F3C0
3300
3300
3300
3300
3300
3300
3300
3300
ENDCHAR
STARTCHAR uni21D2
ENCODING 8658
SWIDTH 667 0
DWIDTH 16 0
BBX 14 10 0 2
BITMAP
00C0
00C0
FFF0
FFF0
003C
003C
FFF0
FFF0
00C0
00C0
ENDCHAR
STARTCHAR uni21D3
ENCODING 8659
SWIDTH 667 0
DWIDTH 16 0
BBX 10 14 2 0
BITMAP
3300
3300
3300
3300
3300
3300
3300
3300
F3C0
F3C0
3F00
3F00
0C00
0C00
ENDCHAR
STARTCHAR uni21D4
ENCODING 8660
SWIDTH 667 0
DWIDTH 16 0
BBX 16 10 0 2
BITMAP
0C30
0C30
3FFC
3FFC
F00F
F00F
3FFC
3FFC
0C30
0C30
ENDCHAR
STARTCHAR uni21D5
ENCODING 8661
SWIDTH 667 0
DWIDTH 16 0
BBX 10 16 2 0
BITMAP
0C00
0C00
3F00
3F00
F3C0
F3C0
3300
3300
3300
3300
F3C0
F3C0
3F00
3F00
0C00
0C00
ENDCHAR
STARTCHAR uni21D6
ENCODING 8662
SWIDTH 667 0
DWIDTH 16 0
BBX 14 14 0 0
BITMAP
FFC0
FFC0
C300
C300
C0C0
C0C0
F030
F030
CC0C
CC0C
0300
0300
00C0
00C0
ENDCHAR
STARTCHAR uni21D7
ENCODING 8663
SWIDTH 667 0
DWIDTH 16 0
BBX 14 14 0 0
BITMAP
0FFC
0FFC
030C
030C
0C0C
0C0C
303C
303C
C0CC
C0CC
0300
0300
0C00
0C00
ENDCHAR
STARTCHAR uni21D8
ENCODING 8664
SWIDTH 667 0
DWIDTH 16 0
BBX 14 14 0 0
BITMAP
0C00
0C00
0300
0300
C0CC
C0CC
303C
303C
0C0C
0C0C
030C
030C
0FFC
0FFC
ENDCHAR
STARTCHAR uni21D9
ENCODING 8665
SWIDTH 667 0
DWIDTH 16 0
BBX 14 14 0 0
BITMAP
00C0
00C0
0300
0300
CC0C
CC0C
F030
F030
C0C0
C0C0
C300
C300
FFC0
FFC0
ENDCHAR
STARTCHAR uni2200
ENCODING 8704
SWIDTH 667 0
DWIDTH 16 0
BBX 14 16 0 0
BITMAP
F03C
F03C
F03C
F03C
FFFC
FFFC
3CF0
3CF0
3CF0
3CF0
3FF0
3FF0
0FC0
0FC0
0FC0
0FC0
ENDCHAR
STARTCHAR uni2202
ENCODING 8706
SWIDTH 667 0
DWIDTH 16 0
BBX 14 16 0 0
BITMAP
0FF0
0FF0
3C3C
3C3C
003C
003C
0FFC
0FFC
3C30
3C30
F0F0
F0F0
F0F0
F0F0
3FC0
3FC0
ENDCHAR
STARTCHAR uni2203
ENCODING 8707
SWIDTH 667 0
DWIDTH 16 0
BBX 14 16 0 0
BITMAP
FFFC
FFFC
003C
003C
003C
003C
FFFC
FFFC
003C
003C
003C
003C
003C
003C
FFFC
FFFC
ENDCHAR
STARTCHAR uni2207
ENCODING 8711
SWIDTH 667 0
DWIDTH 16 0
BBX 14 16 0 0
BITMAP
FFFC
FFFC
F00C
F00C
3C30
3C30
3C30
3C30
0FC0
0FC0
0FC0
0FC0
0300
0300
0300
0300
ENDCHAR
STARTCHAR uni2208
ENCODING 8712
SWIDTH 667 0
DWIDTH 16 0
BBX 14 14 0 0
BITMAP
0FFC
0FFC
3C00
3C00
F000
F000
FFFC
FFFC
F000
F000
3C00
3C00
0FFC
0FFC
ENDCHAR
STARTCHAR uni220B
ENCODING 8715
SWIDTH 667 0
DWIDTH 16 0
BBX 14 14 0 0
BITMAP
FFC0
FFC0
00F0
00F0
003C
003C
FFFC
FFFC
003C
003C
00F0
00F0
FFC0
FFC0
ENDCHAR
STARTCHAR uni2211
ENCODING 8721
SWIDTH 667 0
DWIDTH 16 0
BBX 14 16 0 0
BITMAP
FFFC
FFFC
3C00
3C00
0F00
0F00
03C0
03C0
0F00
0F00
3C00
3C00
F000
F000
FFFC
FFFC
ENDCHAR
STARTCHAR uni2212
ENCODING 8722
SWIDTH 667 0
DWIDTH 16 0
BBX 10 2 2 6
BITMAP
FFC0
FFC0
ENDCHAR
STARTCHAR uni221A
ENCODING 8730
SWIDTH 667 0
DWIDTH 16 0
BBX 16 16 0 0
BITMAP
00FF
00FF
00F0
00F0
00F0
00F0
03C0
03C0
03C0
03C0
F3C0
F3C0
3F00
3F00
3F00
3F00
ENDCHAR
STARTCHAR uni221D
ENCODING 8733
SWIDTH 667 0
DWIDTH 16 0
BBX 14 12 0 2
BITMAP
3CF0
3CF0
C30C
C30C
C300
C300
C300
C300
C30C
C30C
3CF0
3CF0
ENDCHAR
STARTCHAR uni221E
ENCODING 8734
SWIDTH 667 0
DWIDTH 16 0
BBX 14 12 0 2
BITMAP
3CF0
3CF0
C30C
C30C
C30C
C30C
C30C
C30C
C30C
C30C
3CF0
3CF0
ENDCHAR
STARTCHAR uni221F
ENCODING 8735
SWIDTH 667 0
DWIDTH 16 0
BBX 14 16 0 0
BITMAP
F000
F000
F000
F000
F000
F000
F000
F000
F000
F000
F000
F000
F000
F000
FFFC
FFFC
ENDCHAR
STARTCHAR uni2220
ENCODING 8736
SWIDTH 667 0
DWIDTH 16 0
BBX 14 14 0 0
BITMAP
000C
000C
003C
003C
00F0
00F0
03C0
03C0
0F00
0F00
3C00
3C00
FFFC
FFFC
ENDCHAR
STARTCHAR uni2225
ENCODING 8741
SWIDTH 667 0
DWIDTH 16 0
BBX 10 16 2 0
BITMAP
F3C0
F3C0
F3C0
F3C0
F3C0
F3C0
F3C0
F3C0
F3C0
F3C0
F3C0
F3C0
F3C0
F3C0
F3C0
F3C0
ENDCHAR
STARTCHAR uni2227
ENCODING 8743
SWIDTH 667 0
DWIDTH 16 0
BBX 14 16 0 0
BITMAP
0300
0300
0300
0300
0FC0
0FC0
0FC0
0FC0
3CF0
3CF0
3CF0
3CF0
F03C
F03C
F03C
F03C
ENDCHAR
STARTCHAR uni2228
ENCODING 8744
SWIDTH 667 0
DWIDTH 16 0
BBX 14 16 0 0
BITMAP
F03C
F03C
F03C
F03C
3CF0
3CF0
3CF0
3CF0
0FC0
0FC0
0FC0
0FC0
0300
0300
0300
0300
ENDCHAR
STARTCHAR uni2229
ENCODING 8745
SWIDTH 667 0
DWIDTH 16 0
BBX 14 16 0 0
BITMAP
0FC0
0FC0
3030
3030
F03C
F03C
F03C
F03C
F03C
F03C
F03C
F03C
F03C
F03C
F03C
F03C
ENDCHAR
STARTCHAR uni222A
ENCODING 8746
SWIDTH 667 0
DWIDTH 16 0
BBX 14 16 0 0
BITMAP
F03C
F03C
F03C
F03C
F03C
F03C
F03C
F03C
F03C
F03C
F03C
F03C
3030
3030
0FC0
0FC0
ENDCHAR
STARTCHAR uni222B
ENCODING 8747
SWIDTH 667 0
DWIDTH 16 0
BBX 12 16 2 0
BITMAP
03C0
03C0
0F30
0F30
0F00
0F00
0F00
0F00
0F00
0F00
0F00
0F00
CF00
CF00
3C00
3C00
ENDCHAR
STARTCHAR uni222C
ENCODING 8748
SWIDTH 667 0
DWIDTH 16 0
BBX 16 16 0 0
BITMAP
0C0C
0C0C
3F3F
3F3F
3C3C
3C3C
3C3C
3C3C
3C3C
3C3C
3C3C
3C3C
FCFC
FCFC
3030
3030
ENDCHAR
STARTCHAR uni222E
ENCODING 8750
SWIDTH 667 0
DWIDTH 16 0
BBX 16 16 0 0
BITMAP
00FC
00FC
03C3
03C3
0FF0
0FF0
33CC
33CC
33CC
33CC
0FF0
0FF0
C3C0
C3C0
3F00
3F00
ENDCHAR
STARTCHAR uni2234
ENCODING 8756
SWIDTH 667 0
DWIDTH 16 0
BBX 12 12 2 2
BITMAP
0F00
0F00
0F00
0F00
0000
0000
0000
0000
F0F0
F0F0
F0F0
F0F0
ENDCHAR
STARTCHAR uni2235
ENCODING 8757
SWIDTH 667 0
DWIDTH 16 0
BBX 12 12 2 2
BITMAP
F0F0
F0F0
F0F0
F0F0
0000
0000
0000
0000
0F00
0F00
0F00
0F00
ENDCHAR
STARTCHAR uni2252
ENCODING 8786
SWIDTH 667 0
DWIDTH 16 0
BBX 14 14 0 0
BITMAP
3C00
3C00
0000
0000
FFFC
FFFC
0000
0000
FFFC
FFFC
0000
0000
00F0
00F0
ENDCHAR
STARTCHAR uni2260
ENCODING 8800
SWIDTH 667 0
DWIDTH 16 0
BBX 14 14 0 0
BITMAP
0030
0030
00C0
00C0
FFFC
FFFC
0300
0300
FFFC
FFFC
0C00
0C00
3000
3000
ENDCHAR
STARTCHAR uni2261
ENCODING 8801
SWIDTH 667 0
DWIDTH 16 0
BBX 14 10 0 2
BITMAP
FFFC
FFFC
0000
0000
FFFC
FFFC
0000
0000
FFFC
FFFC
ENDCHAR
STARTCHAR uni2266
ENCODING 8806
SWIDTH 667 0
DWIDTH 16 0
BBX 14 16 0 0
BITMAP
00FC
00FC
0FC0
0FC0
FC00
FC00
0FC0
0FC0
00FC
00FC
FFFC
FFFC
0000
0000
FFFC
FFFC
ENDCHAR
STARTCHAR uni2267
ENCODING 8807
SWIDTH 667 0
DWIDTH 16 0
BBX 14 16 0 0
BITMAP
FC00
FC00
0FC0
0FC0
00FC
00FC
0FC0
0FC0
FC00
FC00
FFFC
FFFC
0000
0000
FFFC
FFFC
ENDCHAR
STARTCHAR uni226A
ENCODING 8810
SWIDTH 667 0
DWIDTH 16 0
BBX 14 10 0 2
BITMAP
0F3C
0F3C
3CF0
3CF0
F3C0
F3C0
3CF0
3CF0
0F3C
0F3C
ENDCHAR
STARTCHAR uni226B
ENCODING 8811
SWIDTH 667 0
DWIDTH 16 0
BBX 14 10 0 2
BITMAP
F3C0
F3C0
3CF0
3CF0
0F3C
0F3C
3CF0
3CF0
F3C0
F3C0
ENDCHAR
STARTCHAR uni2282
ENCODING 8834
SWIDTH 667 0
DWIDTH 16 0
BBX 14 14 0 0
BITMAP
0FFC
0FFC
3C00
3C00
F000
F000
F000
F000
F000
F000
3C00
3C00
0FFC
0FFC
ENDCHAR
STARTCHAR uni2283
ENCODING 8835
SWIDTH 667 0
DWIDTH 16 0
BBX 14 14 0 0
BITMAP
FFC0
FFC0
00F0
00F0
003C
003C
003C
003C
003C
003C
00F0
00F0
FFC0
FFC0
ENDCHAR
STARTCHAR uni2286
ENCODING 8838
SWIDTH 667 0
DWIDTH 16 0
BBX 14 16 0 0
BITMAP
0FFC
0FFC
3C00
3C00
F000
F000
F000
F000
3C00
3C00
0FFC
0FFC
0000
0000
FFFC
FFFC
ENDCHAR
STARTCHAR uni2287
ENCODING 8839
SWIDTH 667 0
DWIDTH 16 0
BBX 14 16 0 0
BITMAP
FFC0
FFC0
00F0
00F0
003C
003C
003C
003C
00F0
00F0
FFC0
FFC0
0000
0000
FFFC
FFFC
ENDCHAR
STARTCHAR uni22A5
ENCODING 8869
SWIDTH 667 0
DWIDTH 16 0
BBX 16 16 0 0
BITMAP
03C0
03C0
03C0
03C0
03C0
03C0
03C0
03C0
03C0
03C0
03C0
03C0
03C0
03C0
FFFF
FFFF
ENDCHAR
STARTCHAR uni22BF
ENCODING 8895
SWIDTH 667 0
DWIDTH 16 0
BBX 14 14 0 0
BITMAP
000C
000C
003C
003C
00FC
00FC
033C
033C
0C3C
0C3C
303C
303C
FFFC
FFFC
ENDCHAR
STARTCHAR uni2312
ENCODING 8978
SWIDTH 667 0
DWIDTH 16 0
BBX 14 4 0 12
BITMAP
3FF0
3FF0
F03C
F03C
ENDCHAR
STARTCHAR uni2460
ENCODING 9312
SWIDTH 667 0
DWIDTH 16 0
BBX 14 16 0 0
BITMAP
3FF0
3FF0
F03C
F03C
FC3C
FC3C
FC3C
FC3C
FC3C
FC3C
FC3C
FC3C
F00C
F00C
3FF0
3FF0
ENDCHAR
STARTCHAR uni2461
ENCODING 9313
SWIDTH 667 0
DWIDTH 16 0
BBX 14 16 0 0
BITMAP
3FF0
3FF0
C00C
C00C
C30C
C30C
FF0C
FF0C
FC3C
FC3C
F0FC
F0FC
C00C
C00C
3FF0
3FF0
ENDCHAR
STARTCHAR uni2462
ENCODING 9314
SWIDTH 667 0
DWIDTH 16 0
BBX 14 16 0 0
BITMAP
3FF0
3FF0
C00C
C00C
FF0C
FF0C
F00C
F00C
FF0C
FF0C
FF0C
FF0C
C00C
C00C
3FF0
3FF0
ENDCHAR
STARTCHAR uni2463
ENCODING 9315
SWIDTH 667 0
DWIDTH 16 0
BBX 14 16 0 0
BITMAP
3FF0
3FF0
C30C
C30C
C30C
C30C
C30C
C30C
C00C
C00C
FF0C
FF0C
FF0C
FF0C
3FF0
3FF0
ENDCHAR
STARTCHAR uni2464
ENCODING 9316
SWIDTH 667 0
DWIDTH 16 0
BBX 14 16 0 0
BITMAP
3FF0
3FF0
C00C
C00C
C3FC
C3FC
C00C
C00C
FF0C
FF0C
FF0C
FF0C
C00C
C00C
3FF0
3FF0
ENDCHAR
STARTCHAR uni2465
ENCODING 9317
SWIDTH 667 0
DWIDTH 16 0
BBX 14 16 0 0
BITMAP
3FF0
3FF0
C00C
C00C
C3FC
C3FC
C00C
C00C
C30C
C30C
C30C
C30C
C00C
C00C
3FF0
3FF0
ENDCHAR
STARTCHAR uni2466
ENCODING 9318
SWIDTH 667 0
DWIDTH 16 0
BBX 14 16 0 0
BITMAP
3FF0
3FF0
C00C
C00C
C30C
C30C
C30C
C30C
FF0C
FF0C
FF0C
FF0C
FF0C
FF0C
3FF0
3FF0
ENDCHAR
STARTCHAR uni2467
ENCODING 9319
SWIDTH 667 0
DWIDTH 16 0
BBX 14 16 0 0
BITMAP
3FF0
3FF0
C00C
C00C
C30C
C30C
C00C
C00C
C30C
C30C
C30C
C30C
C00C
C00C
3FF0
3FF0
ENDCHAR
STARTCHAR uni2468
ENCODING 9320
SWIDTH 667 0
DWIDTH 16 0
BBX 14 16 0 0
BITMAP
3FF0
3FF0
C00C
C00C
C30C
C30C
C30C
C30C
C00C
C00C
FF0C
FF0C
C00C
C00C
3FF0
3FF0
ENDCHAR
STARTCHAR uni2469
ENCODING 9321
SWIDTH 667 0
DWIDTH 16 0
BBX 14 16 0 0
BITMAP
3FF0
3FF0
CC0C
CC0C
CCCC
CCCC
CCCC
CCCC
CCCC
CCCC
CCCC
CCCC
CC0C
CC0C
3FF0
3FF0
ENDCHAR
STARTCHAR uni246A
ENCODING 9322
SWIDTH 667 0
DWIDTH 16 0
BBX 14 16 0 0
BITMAP
3FF0
3FF0
F3CC
F3CC
C30C
C30C
F3CC
F3CC
F3CC
F3CC
F3CC
F3CC
F3CC
F3CC
3FF0
3FF0
ENDCHAR
STARTCHAR uni246B
ENCODING 9323
SWIDTH 667 0
DWIDTH 16 0
BBX 14 16 0 0
BITMAP
3FF0
3FF0
CC0C
CC0C
CCCC
CCCC
CFCC
CFCC
CF3C
CF3C
CCFC
CCFC
CC0C
CC0C
3FF0
3FF0
ENDCHAR
STARTCHAR uni246C
ENCODING 9324
SWIDTH 667 0
DWIDTH 16 0
BBX 14 16 0 0
BITMAP
3FF0
3FF0
CC0C
CC0C
CFCC
CFCC
CF3C
CF3C
CFCC
CFCC
CCCC
CCCC
CC0C
CC0C
3FF0
3FF0
ENDCHAR
STARTCHAR uni246D
ENCODING 9325
SWIDTH 667 0
DWIDTH 16 0
BBX 14 16 0 0
BITMAP
3FF0
3FF0
CCCC
CCCC
CCCC
CCCC
CCCC
CCCC
CC0C
CC0C
CFCC
CFCC
CFCC
CFCC
3FF0
3FF0
ENDCHAR
STARTCHAR uni246E
ENCODING 9326
SWIDTH 667 0
DWIDTH 16 0
BBX 14 16 0 0
BITMAP
3FF0
3FF0
CC0C
CC0C
CCFC
CCFC
CC0C
CC0C
CFCC
CFCC
CFCC
CFCC
CC0C
CC0C
3FF0
3FF0
ENDCHAR
STARTCHAR uni246F
ENCODING 9327
SWIDTH 667 0
DWIDTH 16 0
BBX 14 16 0 0
BITMAP
3FF0
3FF0
CC0C
CC0C
CCFC
CCFC
CC0C
CC0C
CCCC
CCCC
CCCC
CCCC
CC0C
CC0C
3FF0
3FF0
ENDCHAR
STARTCHAR uni2470
ENCODING 9328
SWIDTH 667 0
DWIDTH 16 0
BBX 14 16 0 0
BITMAP
3FF0
3FF0
CC0C
CC0C
CCCC
CCCC
CCCC
CCCC
CFCC
CFCC
CFCC
CFCC
CFCC
CFCC
3FF0
3FF0
ENDCHAR
STARTCHAR uni2471
ENCODING 9329
SWIDTH 667 0
DWIDTH 16 0
BBX 14 16 0 0
BITMAP
3FF0
3FF0
CC0C
CC0C
CCCC
CCCC
CC0C
CC0C
CCCC
CCCC
CCCC
CCCC
CC0C
CC0C
3FF0
3FF0
ENDCHAR
STARTCHAR uni2472
ENCODING 9330
SWIDTH 667 0
DWIDTH 16 0
BBX 14 16 0 0
BITMAP
3FF0
3FF0
CC0C
CC0C
CCCC
CCCC
CCCC
CCCC
CC0C
CC0C
CFCC
CFCC
CC0C
CC0C
3FF0
3FF0
ENDCHAR
STARTCHAR uni2473
ENCODING 9331
SWIDTH 667 0
DWIDTH 16 0
BBX 14 16 0 0
BITMAP
3FF0
3FF0
C30C
C30C
F0CC
F0CC
F0CC
F0CC
CCCC
CCCC
CCCC
CCCC
C30C
C30C
3FF0
3FF0
ENDCHAR
STARTCHAR uni2500
ENCODING 9472
SWIDTH 667 0
DWIDTH 16 0
BBX 16 2 0 8
BITMAP
FFFF
FFFF
ENDCHAR
STARTCHAR uni2501
ENCODING 9473
SWIDTH 667 0
DWIDTH 16 0
BBX 16 4 0 6
BITMAP
FFFF
FFFF
FFFF
FFFF
ENDCHAR
STARTCHAR uni2502
ENCODING 9474
SWIDTH 667 0
DWIDTH 16 0
BBX 4 24 6 0
BITMAP
F0
F0
F0
F0
F0
F0
F0
F0
F0
F0
F0
F0
F0
F0
F0
F0
F0
F0
F0
F0
F0
F0
F0
F0
ENDCHAR
STARTCHAR uni2503
ENCODING 9475
SWIDTH 667 0
DWIDTH 16 0
BBX 8 24 4 0
BITMAP
C3
C3
C3
C3
C3
C3
C3
C3
C3
C3
C3
C3
C3
C3
C3
C3
C3
C3
C3
C3
C3
C3
C3
C3
ENDCHAR
STARTCHAR uni250C
ENCODING 9484
SWIDTH 667 0
DWIDTH 16 0
BBX 10 10 6 0
BITMAP
3FC0
3FC0
FC00
FC00
F000
F000
F000
F000
F000
F000
ENDCHAR
STARTCHAR uni250F
ENCODING 9487
SWIDTH 667 0
DWIDTH 16 0
BBX 12 10 4 0
BITMAP
3FF0
3FF0
F0F0
F0F0
C3C0
C3C0
C300
C300
C300
C300
ENDCHAR
STARTCHAR uni2510
ENCODING 9488
SWIDTH 667 0
DWIDTH 16 0
BBX 10 10 0 0
BITMAP
FF00
FF00
0FC0
0FC0
03C0
03C0
03C0
03C0
03C0
03C0
ENDCHAR
STARTCHAR uni2513
ENCODING 9491
SWIDTH 667 0
DWIDTH 16 0
BBX 12 10 0 0
BITMAP
FFC0
FFC0
F0F0
F0F0
3C30
3C30
0C30
0C30
0C30
0C30
ENDCHAR
STARTCHAR uni2514
ENCODING 9492
SWIDTH 667 0
DWIDTH 16 0
BBX 10 16 6 8
BITMAP
F000
F000
F000
F000
F000
F000
F000
F000
F000
F000
F000
F000
FC00
FC00
3FC0
3FC0
ENDCHAR
STARTCHAR uni2517
ENCODING 9495
SWIDTH 667 0
DWIDTH 16 0
BBX 12 18 4 6
BITMAP
C300
C300
C300
C300
C300
C300
C300
C300
C300
C300
C300
C300
C3C0
C3C0
F0F0
F0F0
3FF0
3FF0
ENDCHAR
STARTCHAR uni2518
ENCODING 9496
SWIDTH 667 0
DWIDTH 16 0
BBX 10 16 0 8
BITMAP
03C0
03C0
03C0
03C0
03C0
03C0
03C0
03C0
03C0
03C0
03C0
03C0
0FC0
0FC0
FF00
FF00
ENDCHAR
STARTCHAR uni251B
ENCODING 9499
SWIDTH 667 0
DWIDTH 16 0
BBX 12 18 0 6
BITMAP
0C30
0C30
0C30
0C30
0C30
0C30
0C30
0C30
0C30
0C30
0C30
0C30
3C30
3C30
F0F0
F0F0
FFC0
FFC0
ENDCHAR
STARTCHAR uni251C
ENCODING 9500
SWIDTH 667 0
DWIDTH 16 0
BBX 10 24 6 0
BITMAP
F000
F000
F000
F000
F000
F000
F000
F000
F000
F000
F000
F000
F000
F000
FFC0
FFC0
F000
F000
F000
F000
F000
F000
F000
F000
ENDCHAR
STARTCHAR uni251D
ENCODING 9501
SWIDTH 667 0
DWIDTH 16 0
BBX 10 24 6 0
BITMAP
F000
F000
F000
F000
F000
F000
F000
F000
F000
F000
F000
F000
F000
F000
FFC0
FFC0
FFC0
FFC0
F000
F000
F000
F000
F000
F000
ENDCHAR
STARTCHAR uni2520
ENCODING 9504
SWIDTH 667 0
DWIDTH 16 0
BBX 12 24 4 0
BITMAP
C300
C300
C300
C300
C300
C300
C300
C300
C300
C300
C300
C300
C300
C300
C3F0
C3F0
C300
C300
C300
C300
C300
C300
C300
C300
ENDCHAR
STARTCHAR uni2523
ENCODING 9507
SWIDTH 667 0
DWIDTH 16 0
BBX 12 24 4 0
BITMAP
C300
C300
C300
C300
C300
C300
C300
C300
C300
C300
C300
C300
C300
C300
C3F0
C3F0
C3F0
C3F0
C300
C300
C300
C300
C300
C300
ENDCHAR
STARTCHAR uni2524
ENCODING 9508
SWIDTH 667 0
DWIDTH 16 0
BBX 10 24 0 0
BITMAP
03C0
03C0
03C0
03C0
03C0
03C0
03C0
03C0
03C0
03C0
03C0
03C0
03C0
03C0
FFC0
FFC0
03C0
03C0
03C0
03C0
03C0
03C0
03C0
03C0
ENDCHAR
STARTCHAR uni2525
ENCODING 9509
SWIDTH 667 0
DWIDTH 16 0
BBX 10 24 0 0
BITMAP
03C0
03C0
03C0
03C0
03C0
03C0
03C0
03C0
03C0
03C0
03C0
03C0
03C0
03C0
FFC0
FFC0
FFC0
FFC0
03C0
03C0
03C0
03C0
03C0
03C0
ENDCHAR
STARTCHAR uni2528
ENCODING 9512
SWIDTH 667 0
DWIDTH 16 0
BBX 12 24 0 0
BITMAP
0C30
0C30
0C30
0C30
0C30
0C30
0C30
0C30
0C30
0C30
0C30
0C30
0C30
0C30
FC30
FC30
0C30
0C30
0C30
0C30
0C30
0C30
0C30
0C30
ENDCHAR
STARTCHAR uni252B
ENCODING 9515
SWIDTH 667 0
DWIDTH 16 0
BBX 12 24 0 0
BITMAP
0C30
0C30
0C30
0C30
0C30
0C30
0C30
0C30
0C30
0C30
0C30
0C30
0C30
0C30
FC30
FC30
FC30
FC30
0C30
0C30
0C30
0C30
0C30
0C30
ENDCHAR
STARTCHAR uni252C
ENCODING 9516
SWIDTH 667 0
DWIDTH 16 0
BBX 16 10 0 0
BITMAP
FFFF
FFFF
03C0
03C0
03C0
03C0
03C0
03C0
03C0
03C0
ENDCHAR
STARTCHAR uni252F
ENCODING 9519
SWIDTH 667 0
DWIDTH 16 0
BBX 16 10 0 0
BITMAP
FFFF
FFFF
FFFF
FFFF
03C0
03C0
03C0
03C0
03C0
03C0
ENDCHAR
STARTCHAR uni2530
ENCODING 9520
SWIDTH 667 0
DWIDTH 16 0
BBX 16 10 0 0
BITMAP
FFFF
FFFF
0C30
0C30
0C30
0C30
0C30
0C30
0C30
0C30
ENDCHAR
STARTCHAR uni2533
ENCODING 9523
SWIDTH 667 0
DWIDTH 16 0
BBX 16 10 0 0
BITMAP
FFFF
FFFF
FC3F
FC3F
0C30
0C30
0C30
0C30
0C30
0C30
ENDCHAR
STARTCHAR uni2534
ENCODING 9524
SWIDTH 667 0
DWIDTH 16 0
BBX 16 16 0 8
BITMAP
03C0
03C0
03C0
03C0
03C0
03C0
03C0
03C0
03C0
03C0
03C0
03C0
03C0
03C0
FFFF
FFFF
ENDCHAR
STARTCHAR uni2537
ENCODING 9527
SWIDTH 667 0
DWIDTH 16 0
BBX 16 18 0 6
BITMAP
03C0
03C0
03C0
03C0
03C0
03C0
03C0
03C0
03C0
03C0
03C0
03C0
03C0
03C0
FFFF
FFFF
FFFF
FFFF
ENDCHAR
STARTCHAR uni2538
ENCODING 9528
SWIDTH 667 0
DWIDTH 16 0
BBX 16 16 0 8
BITMAP
0C30
0C30
0C30
0C30
0C30
0C30
0C30
0C30
0C30
0C30
0C30
0C30
0C30
0C30
FFFF
FFFF
ENDCHAR
STARTCHAR uni253B
ENCODING 9531
SWIDTH 667 0
DWIDTH 16 0
BBX 16 18 0 6
BITMAP
0C30
0C30
0C30
0C30
0C30
0C30
0C30
0C30
0C30
0C30
0C30
0C30
0C30
0C30
FC3F
FC3F
FFFF
FFFF
ENDCHAR
STARTCHAR uni253C
ENCODING 9532
SWIDTH 667 0
DWIDTH 16 0
BBX 16 24 0 0
BITMAP
03C0
03C0
03C0
03C0
03C0
03C0
03C0
03C0
03C0
03C0
03C0
03C0
03C0
03C0
FFFF
FFFF
03C0
03C0
03C0
03C0
03C0
03C0
03C0
03C0
ENDCHAR
STARTCHAR uni253F
ENCODING 9535
SWIDTH 667 0
DWIDTH 16 0
BBX 16 24 0 0
BITMAP
03C0
03C0
03C0
03C0
03C0
03C0
03C0
03C0
03C0
03C0
03C0
03C0
03C0
03C0
FFFF
FFFF
FFFF
FFFF
03C0
03C0
03C0
03C0
03C0
03C0
ENDCHAR
STARTCHAR uni2542
ENCODING 9538
SWIDTH 667 0
DWIDTH 16 0
BBX 16 24 0 0
BITMAP
0C30
0C30
0C30
0C30
0C30
0C30
0C30
0C30
0C30
0C30
0C30
0C30
0C30
0C30
FC3F
FC3F
0C30
0C30
0C30
0C30
0C30
0C30
0C30
0C30
ENDCHAR
STARTCHAR uni254B
ENCODING 9547
SWIDTH 667 0
DWIDTH 16 0
BBX 16 24 0 0
BITMAP
0C30
0C30
0C30
0C30
0C30
0C30
0C30
0C30
0C30
0C30
0C30
0C30
0C30
0C30
FC3F
FC3F
FC3F
FC3F
0C30
0C30
0C30
0C30
0C30
0C30
ENDCHAR
STARTCHAR uni25A0
ENCODING 9632
SWIDTH 667 0
DWIDTH 16 0
BBX 14 14 0 0
BITMAP
FFFC
FFFC
FFFC
FFFC
FFFC
FFFC
FFFC
FFFC
FFFC
FFFC
FFFC
FFFC
FFFC
FFFC
ENDCHAR
STARTCHAR uni25A1
ENCODING 9633
SWIDTH 667 0
DWIDTH 16 0
BBX 14 14 0 0
BITMAP
FFFC
FFFC
C00C
C00C
C00C
C00C
C00C
C00C
C00C
C00C
C00C
C00C
FFFC
FFFC
ENDCHAR
STARTCHAR uni25B2
ENCODING 9650
SWIDTH 667 0
DWIDTH 16 0
BBX 14 16 0 0
BITMAP
0300
0300
0300
0300
0FC0
0FC0
0FC0
0FC0
3FF0
3FF0
3FF0
3FF0
FFFC
FFFC
FFFC
FFFC
ENDCHAR
STARTCHAR uni25B3
ENCODING 9651
SWIDTH 667 0
DWIDTH 16 0
BBX 14 16 0 0
BITMAP
0300
0300
0300
0300
0CC0
0CC0
0CC0
0CC0
3030
3030
3030
3030
C00C
C00C
FFFC
FFFC
ENDCHAR
STARTCHAR uni25BC
ENCODING 9660
SWIDTH 667 0
DWIDTH 16 0
BBX 14 16 0 0
BITMAP
FFFC
FFFC
FFFC
FFFC
3FF0
3FF0
3FF0
3FF0
0FC0
0FC0
0FC0
0FC0
0300
0300
0300
0300
ENDCHAR
STARTCHAR uni25BD
ENCODING 9661
SWIDTH 667 0
DWIDTH 16 0
BBX 14 16 0 0
BITMAP
FFFC
FFFC
C00C
C00C
3030
3030
3030
3030
0CC0
0CC0
0CC0
0CC0
0300
0300
0300
0300
ENDCHAR
STARTCHAR uni25C6
ENCODING 9670
SWIDTH 667 0
DWIDTH 16 0
BBX 14 14 0 0
BITMAP
0300
0300
0FC0
0FC0
3FF0
3FF0
FFFC
FFFC
3FF0
3FF0
0FC0
0FC0
0300
0300
ENDCHAR
STARTCHAR uni25C7
ENCODING 9671
SWIDTH 667 0
DWIDTH 16 0
BBX 14 14 0 0
BITMAP
0300
0300
0CC0
0CC0
3030
3030
C00C
C00C
3030
3030
0CC0
0CC0
0300
0300
ENDCHAR
STARTCHAR uni25CB
ENCODING 9675
SWIDTH 667 0
DWIDTH 16 0
BBX 14 14 0 0
BITMAP
3FF0
3FF0
C00C
C00C
C00C
C00C
C00C
C00C
C00C
C00C
C00C
C00C
3FF0
3FF0
ENDCHAR
STARTCHAR uni25CE
ENCODING 9678
SWIDTH 667 0
DWIDTH 16 0
BBX 14 14 0 0
BITMAP
3FF0
3FF0
C00C
C00C
CFCC
CFCC
CCCC
CCCC
CFCC
CFCC
C00C
C00C
3FF0
3FF0
ENDCHAR
STARTCHAR uni25CF
ENCODING 9679
SWIDTH 667 0
DWIDTH 16 0
BBX 14 14 0 0
BITMAP
3FF0
3FF0
FFFC
FFFC
FFFC
FFFC
FFFC
FFFC
FFFC
FFFC
FFFC
FFFC
3FF0
3FF0
ENDCHAR
STARTCHAR uni25EF
ENCODING 9711
SWIDTH 667 0
DWIDTH 16 0
BBX 16 16 0 0
BITMAP
0FF0
0FF0
300C
300C
C003
C003
C003
C003
C003
C003
C003
C003
300C
300C
0FF0
0FF0
ENDCHAR
STARTCHAR uni2600
ENCODING 9728
SWIDTH 667 0
DWIDTH 16 0
BBX 14 14 0 2
BITMAP
0300
0300
3030
3030
0FC0
0FC0
CFCC
CFCC
0FC0
0FC0
3030
3030
0300
0300
ENDCHAR
STARTCHAR uni2601
ENCODING 9729
SWIDTH 667 0
DWIDTH 16 0
BBX 14 10 0 4
BITMAP
3F00
3F00
FCF0
FCF0
FFFC
FFFC
FFFC
FFFC
3FF0
3FF0
ENDCHAR
STARTCHAR uni2602
ENCODING 9730
SWIDTH 667 0
DWIDTH 16 0
BBX 14 16 0 0
BITMAP
0300
0300
3FF0
3FF0
FFFC
FFFC
FFFC
FFFC
0300
0300
0300
0300
0300
0300
0F00
0F00
ENDCHAR
STARTCHAR uni2603
ENCODING 9731
SWIDTH 667 0
DWIDTH 16 0
BBX 14 16 0 0
BITMAP
0FC0
0FC0
3FF0
3FF0
3FF0
3FF0
0FC0
0FC0
3FF0
3FF0
FFFC
FFFC
FFFC
FFFC
3FF0
3FF0
ENDCHAR
STARTCHAR uni2605
ENCODING 9733
SWIDTH 667 0
DWIDTH 16 0
BBX 14 16 0 0
BITMAP
0300
0300
0300
0300
0FC0
0FC0
FFFC
FFFC
3FF0
3FF0
0FC0
0FC0
3CF0
3CF0
F03C
F03C
ENDCHAR
STARTCHAR uni2606
ENCODING 9734
SWIDTH 667 0
DWIDTH 16 0
BBX 14 16 0 0
BITMAP
0300
0300
0CC0
0CC0
FCFC
FCFC
C00C
C00C
3030
3030
3330
3330
CCCC
CCCC
F03C
F03C
ENDCHAR
STARTCHAR uni2610
ENCODING 9744
SWIDTH 667 0
DWIDTH 16 0
BBX 14 14 0 0
BITMAP
FFFC
FFFC
C00C
C00C
C00C
C00C
C00C
C00C
C00C
C00C
C00C
C00C
FFFC
FFFC
ENDCHAR
STARTCHAR uni2611
ENCODING 9745
SWIDTH 667 0
DWIDTH 16 0
BBX 14 14 0 0
BITMAP
FFFC
FFFC
C00C
C00C
CC3C
CC3C
CCCC
CCCC
CF0C
CF0C
CC0C
CC0C
FFFC
FFFC
ENDCHAR
STARTCHAR uni2612
ENCODING 9746
SWIDTH 667 0
DWIDTH 16 0
BBX 14 14 0 0
BITMAP
FFFC
FFFC
C00C
C00C
CFCC
CFCC
CFCC
CFCC
CFCC
CFCC
C00C
C00C
FFFC
FFFC
ENDCHAR
STARTCHAR uni261A
ENCODING 9754
SWIDTH 667 0
DWIDTH 16 0
BBX 16 14 0 0
BITMAP
000F
000F
00FF
00FF
0FFF
0FFF
FFFF
FFFF
0FFF
0FFF
00FF
00FF
000F
000F
ENDCHAR
STARTCHAR uni261B
ENCODING 9755
SWIDTH 667 0
DWIDTH 16 0
BBX 16 14 0 0
BITMAP
F000
F000
FF00
FF00
FFF0
FFF0
FFFF
FFFF
FFF0
FFF0
FF00
FF00
F000
F000
ENDCHAR
STARTCHAR uni261C
ENCODING 9756
SWIDTH 667 0
DWIDTH 16 0
BBX 12 14 2 0
BITMAP
0330
0330
0F30
0F30
3F30
3F30
FF30
FF30
3F30
3F30
0F30
0F30
0330
0330
ENDCHAR
STARTCHAR uni261D
ENCODING 9757
SWIDTH 667 0
DWIDTH 16 0
BBX 14 12 0 2
BITMAP
0300
0300
0FC0
0FC0
3FF0
3FF0
FFFC
FFFC
0000
0000
FFFC
FFFC
ENDCHAR
STARTCHAR uni261E
ENCODING 9758
SWIDTH 667 0
DWIDTH 16 0
BBX 12 14 2 0
BITMAP
CC00
CC00
CF00
CF00
CFC0
CFC0
CFF0
CFF0
CFC0
CFC0
CF00
CF00
CC00
CC00
ENDCHAR
STARTCHAR uni261F
ENCODING 9759
SWIDTH 667 0
DWIDTH 16 0
BBX 14 12 0 2
BITMAP
FFFC
FFFC
0000
0000
FFFC
FFFC
3FF0
3FF0
0FC0
0FC0
0300
0300
ENDCHAR
STARTCHAR uni2620
ENCODING 9760
SWIDTH 667 0
DWIDTH 16 0
BBX 14 16 0 0
BITMAP
3FF0
3FF0
FFFC
FFFC
F33C
F33C
C30C
C30C
C30C
C30C
3CF0
3CF0
0000
0000
0FC0
0FC0
ENDCHAR
STARTCHAR uni2640
ENCODING 9792
SWIDTH 667 0
DWIDTH 16 0
BBX 12 16 2 0
BITMAP
3FC0
3FC0
F0F0
F0F0
F0F0
F0F0
3FC0
3FC0
0F00
0F00
FFF0
FFF0
0F00
0F00
0F00
0F00
ENDCHAR
STARTCHAR uni2642
ENCODING 9794
SWIDTH 667 0
DWIDTH 16 0
BBX 12 16 2 0
BITMAP
0F00
0F00
3FC0
3FC0
CF30
CF30
0F00
0F00
3FC0
3FC0
F0F0
F0F0
F0F0
F0F0
3FC0
3FC0
ENDCHAR
STARTCHAR uni2654
ENCODING 9812
SWIDTH 667 0
DWIDTH 16 0
BBX 14 16 0 0
BITMAP
0300
0300
0FC0
0FC0
0300
0300
3FF0
3FF0
C30C
C30C
C30C
C30C
3030
3030
3FF0
3FF0
ENDCHAR
STARTCHAR uni2655
ENCODING 9813
SWIDTH 667 0
DWIDTH 16 0
BBX 14 14 0 0
BITMAP
0CC0
0CC0
CCCC
CCCC
CFCC
CFCC
FCFC
FCFC
C00C
C00C
3030
3030
3FF0
3FF0
ENDCHAR
STARTCHAR uni2656
ENCODING 9814
SWIDTH 667 0
DWIDTH 16 0
BBX 14 14 0 0
BITMAP
CCCC
CCCC
F33C
F33C
C00C
C00C
FFFC
FFFC
3030
3030
3030
3030
FFFC
FFFC
ENDCHAR
STARTCHAR uni2657
ENCODING 9815
SWIDTH 667 0
DWIDTH 16 0
BBX 14 14 0 0
BITMAP
0300
0300
0CC0
0CC0
3330
3330
CFCC
CFCC
C30C
C30C
3030
3030
FFFC
FFFC
ENDCHAR
STARTCHAR uni2658
ENCODING 9816
SWIDTH 667 0
DWIDTH 16 0
BBX 14 14 0 0
BITMAP
0FF0
0FF0
0C0C
0C0C
300C
300C
C30C
C30C
FC30
FC30
300C
300C
FFFC
FFFC
ENDCHAR
STARTCHAR uni2659
ENCODING 9817
SWIDTH 667 0
DWIDTH 16 0
BBX 14 14 0 0
BITMAP
0FC0
0FC0
3030
3030
3030
3030
0CC0
0CC0
3030
3030
C00C
C00C
FFFC
FFFC
ENDCHAR
STARTCHAR uni265A
ENCODING 9818
SWIDTH 667 0
DWIDTH 16 0
BBX 14 16 0 0
BITMAP
0300
0300
0FC0
0FC0
0300
0300
3FF0
3FF0
FFFC
FFFC
FFFC
FFFC
3FF0
3FF0
3FF0
3FF0
ENDCHAR
STARTCHAR uni265B
ENCODING 9819
SWIDTH 667 0
DWIDTH 16 0
BBX 14 14 0 0
BITMAP
0CC0
0CC0
CCCC
CCCC
CFCC
CFCC
FFFC
FFFC
FFFC
FFFC
3FF0
3FF0
3FF0
3FF0
ENDCHAR
STARTCHAR uni265C
ENCODING 9820
SWIDTH 667 0
DWIDTH 16 0
BBX 14 14 0 0
BITMAP
CCCC
CCCC
FFFC
FFFC
FFFC
FFFC
3FF0
3FF0
3FF0
3FF0
3FF0
3FF0
FFFC
FFFC
ENDCHAR
STARTCHAR uni265D
ENCODING 9821
SWIDTH 667 0
DWIDTH 16 0
BBX 14 14 0 0
BITMAP
0300
0300
0FC0
0FC0
3CF0
3CF0
F03C
F03C
FCFC
FCFC
3FF0
3FF0
FFFC
FFFC
ENDCHAR
STARTCHAR uni265E
ENCODING 9822
SWIDTH 667 0
DWIDTH 16 0
BBX 14 14 0 0
BITMAP
0FF0
0FF0
0FFC
0FFC
3FFC
3FFC
FFFC
FFFC
F3F0
F3F0
0FFC
0FFC
FFFC
FFFC
ENDCHAR
STARTCHAR uni265F
ENCODING 9823
SWIDTH 667 0
DWIDTH 16 0
BBX 14 14 0 0
BITMAP
0FC0
0FC0
3FF0
3FF0
3FF0
3FF0
0FC0
0FC0
3FF0
3FF0
FFFC
FFFC
FFFC
FFFC
ENDCHAR
STARTCHAR uni2660
ENCODING 9824
SWIDTH 667 0
DWIDTH 16 0
BBX 14 16 0 0
BITMAP
0300
0300
0FC0
0FC0
3FF0
3FF0
FFFC
FFFC
FFFC
FFFC
F33C
F33C
0300
0300
0FC0
0FC0
ENDCHAR
STARTCHAR uni2661
ENCODING 9825
SWIDTH 667 0
DWIDTH 16 0
BBX 14 14 0 0
BITMAP
3CF0
3CF0
C30C
C30C
C00C
C00C
C00C
C00C
3030
3030
0CC0
0CC0
0300
0300
ENDCHAR
STARTCHAR uni2662
ENCODING 9826
SWIDTH 667 0
DWIDTH 16 0
BBX 14 16 0 0
BITMAP
0300
0300
0CC0
0CC0
3030
3030
C00C
C00C
C00C
C00C
3030
3030
0CC0
0CC0
0300
0300
ENDCHAR
STARTCHAR uni2663
ENCODING 9827
SWIDTH 667 0
DWIDTH 16 0
BBX 14 16 0 0
BITMAP
0FC0
0FC0
3FF0
3FF0
3FF0
3FF0
0FC0
0FC0
FFFC
FFFC
F33C
F33C
0300
0300
0FC0
0FC0
ENDCHAR
STARTCHAR uni2664
ENCODING 9828
SWIDTH 667 0
DWIDTH 16 0
BBX 14 16 0 0
BITMAP
0300
0300
0CC0
0CC0
3030
3030
C00C
C00C
CFCC
CFCC
F33C
F33C
0300
0300
0FC0
0FC0
ENDCHAR
STARTCHAR uni2665
ENCODING 9829
SWIDTH 667 0
DWIDTH 16 0
BBX 14 14 0 0
BITMAP
3CF0
3CF0
FFFC
FFFC
FFFC
FFFC
FFFC
FFFC
3FF0
3FF0
0FC0
0FC0
0300
0300
ENDCHAR
STARTCHAR uni2666
ENCODING 9830
SWIDTH 667 0
DWIDTH 16 0
BBX 14 16 0 0
BITMAP
0300
0300
0FC0
0FC0
3FF0
3FF0
FFFC
FFFC
FFFC
FFFC
3FF0
3FF0
0FC0
0FC0
0300
0300
ENDCHAR
STARTCHAR uni2667
ENCODING 9831
SWIDTH 667 0
DWIDTH 16 0
BBX 14 16 0 0
BITMAP
0FC0
0FC0
3030
3030
3CF0
3CF0
C00C
C00C
C30C
C30C
3FF0
3FF0
0300
0300
0FC0
0FC0
ENDCHAR
STARTCHAR uni2669
ENCODING 9833
SWIDTH 667 0
DWIDTH 16 0
BBX 8 16 2 0
BITMAP
03
03
03
03
03
03
03
03
03
03
3F
3F
FF
FF
3C
3C
ENDCHAR
STARTCHAR uni266A
ENCODING 9834
SWIDTH 667 0
DWIDTH 16 0
BBX 14 16 0 0
BITMAP
0300
0300
03C0
03C0
033C
033C
030C
030C
0330
0330
3F00
3F00
FF00
FF00
3C00
3C00
ENDCHAR
STARTCHAR uni266B
ENCODING 9835
SWIDTH 667 0
DWIDTH 16 0
BBX 14 16 0 0
BITMAP
0F00
0F00
0FFC
0FFC
0C3C
0C3C
0C0C
0C0C
0C0C
0C0C
FC0C
FC0C
F0FC
F0FC
00F0
00F0
ENDCHAR
STARTCHAR uni266C
ENCODING 9836
SWIDTH 667 0
DWIDTH 16 0
BBX 14 16 0 0
BITMAP
0FFC
0FFC
0C0C
0C0C
0FFC
0FFC
0C0C
0C0C
0C0C
0C0C
0C0C
0C0C
FCFC
FCFC
F0F0
F0F0
ENDCHAR
STARTCHAR uni266D
ENCODING 9837
SWIDTH 667 0
DWIDTH 16 0
BBX 8 16 4 0
BITMAP
C0
C0
C0
C0
C0
C0
C0
C0
CC
CC
F3
F3
C3
C3
FC
FC
ENDCHAR
STARTCHAR uni266E
ENCODING 9838
SWIDTH 667 0
DWIDTH 16 0
BBX 8 16 4 0
BITMAP
C0
C0
C3
C3
CF
CF
F3
F3
CF
CF
F3
F3
C3
C3
03
03
ENDCHAR
STARTCHAR uni266F
ENCODING 9839
SWIDTH 667 0
DWIDTH 16 0
BBX 10 16 2 0
BITMAP
0300
0300
33C0
33C0
3F00
3F00
F3C0
F3C0
3F00
3F00
F300
F300
3300
3300
3000
3000
ENDCHAR
STARTCHAR uni3000
ENCODING 12288
SWIDTH 667 0
DWIDTH 16 0
BBX 1 1 0 0
BITMAP
00
ENDCHAR
STARTCHAR uni3001
ENCODING 12289
SWIDTH 667 0
DWIDTH 16 0
BBX 6 6 2 0
BITMAP
F0
F0
3C
3C
3C
3C
ENDCHAR
STARTCHAR uni3002
ENCODING 12290
SWIDTH 667 0
DWIDTH 16 0
BBX 10 6 0 0
BITMAP
3F00
3F00
F3C0
F3C0
3F00
3F00
ENDCHAR
STARTCHAR uni3003
ENCODING 12291
SWIDTH 667 0
DWIDTH 16 0
BBX 14 10 0 2
BITMAP
0F3C
0F3C
0F3C
0F3C
3CF0
3CF0
30C0
30C0
C300
C300
ENDCHAR
STARTCHAR uni3005
ENCODING 12293
SWIDTH 667 0
DWIDTH 16 0
BBX 14 14 0 0
BITMAP
3C00
3C00
3FFC
3FFC
3C3C
3C3C
F03C
F03C
00F0
00F0
0FC0
0FC0
03F0
03F0
ENDCHAR
STARTCHAR uni3006
ENCODING 12294
SWIDTH 667 0
DWIDTH 16 0
BBX 14 14 0 0
BITMAP
000C
000C
3F3C
3F3C
F0F0
F0F0
F3C0
F3C0
FF30
FF30
FC00
FC00
F000
F000
ENDCHAR
STARTCHAR uni3007
ENCODING 12295
SWIDTH 667 0
DWIDTH 16 0
BBX 14 16 0 0
BITMAP
0FC0
0FC0
3030
3030
F03C
F03C
F03C
F03C
F03C
F03C
F03C
F03C
3030
3030
0FC0
0FC0
ENDCHAR
STARTCHAR uni3008
ENCODING 12296
SWIDTH 667 0
DWIDTH 16 0
BBX 8 16 2 0
BITMAP
03
03
0C
0C
30
30
C0
C0
C0
C0
30
30
0C
0C
03
03
ENDCHAR
STARTCHAR uni3009
ENCODING 12297
SWIDTH 667 0
DWIDTH 16 0
BBX 8 16 4 0
BITMAP
C0
C0
30
30
0C
0C
03
03
03
03
0C
0C
30
30
C0
C0
ENDCHAR
STARTCHAR uni300A
ENCODING 12298
SWIDTH 667 0
DWIDTH 16 0
BBX 12 16 0 0
BITMAP
0330
0330
0CC0
0CC0
3300
3300
CC00
CC00
CC00
CC00
3300
3300
0CC0
0CC0
0330
0330
ENDCHAR
STARTCHAR uni300B
ENCODING 12299
SWIDTH 667 0
DWIDTH 16 0
BBX 12 16 2 0
BITMAP
CC00
CC00
3300
3300
0CC0
0CC0
0330
0330
0330
0330
0CC0
0CC0
3300
3300
CC00
CC00
ENDCHAR
STARTCHAR uni300C
ENCODING 12300
SWIDTH 667 0
DWIDTH 16 0
BBX 8 10 2 6
BITMAP
FF
FF
F0
F0
F0
F0
F0
F0
F0
F0
ENDCHAR
STARTCHAR uni300D
ENCODING 12301
SWIDTH 667 0
DWIDTH 16 0
BBX 8 10 4 0
BITMAP
0F
0F
0F
0F
0F
0F
0F
0F
FF
FF
ENDCHAR
STARTCHAR uni300E
ENCODING 12302
SWIDTH 667 0
DWIDTH 16 0
BBX 8 12 2 4
BITMAP
FF
FF
C3
C3
CF
CF
CC
CC
CC
CC
FC
FC
ENDCHAR
STARTCHAR uni300F
ENCODING 12303
SWIDTH 667 0
DWIDTH 16 0
BBX 8 12 4 0
BITMAP
3F
3F
33
33
33
33
F3
F3
C3
C3
FF
FF
ENDCHAR
STARTCHAR uni3010
ENCODING 12304
SWIDTH 667 0
DWIDTH 16 0
BBX 8 16 2 0
BITMAP
FF
FF
FC
FC
F0
F0
F0
F0
F0
F0
F0
F0
FC
FC
FF
FF
ENDCHAR
STARTCHAR uni3011
ENCODING 12305
SWIDTH 667 0
DWIDTH 16 0
BBX 8 16 4 0
BITMAP
FF
FF
3F
3F
0F
0F
0F
0F
0F
0F
0F
0F
3F
3F
FF
FF
ENDCHAR
STARTCHAR uni3012
ENCODING 12306
SWIDTH 667 0
DWIDTH 16 0
BBX 12 14 2 0
BITMAP
FFF0
FFF0
0000
0000
FFF0
FFF0
0F00
0F00
0F00
0F00
0F00
0F00
0F00
0F00
ENDCHAR
STARTCHAR uni3013
ENCODING 12307
SWIDTH 667 0
DWIDTH 16 0
BBX 12 12 2 2
BITMAP
FFF0
FFF0
FFF0
FFF0
0000
0000
0000
0000
FFF0
FFF0
FFF0
FFF0
ENDCHAR
STARTCHAR uni3014
ENCODING 12308
SWIDTH 667 0
DWIDTH 16 0
BBX 8 16 2 0
BITMAP
0F
0F
F0
F0
F0
F0
F0
F0
F0
F0
F0
F0
F0
F0
0F
0F
ENDCHAR
STARTCHAR uni3015
ENCODING 12309
SWIDTH 667 0
DWIDTH 16 0
BBX 8 16 4 0
BITMAP
F0
F0
0F
0F
0F
0F
0F
0F
0F
0F
0F
0F
0F
0F
F0
F0
ENDCHAR
STARTCHAR uni301C
ENCODING 12316
SWIDTH 667 0
DWIDTH 16 0
BBX 14 6 0 4
BITMAP
3C00
3C00
CF0C
CF0C
03F0
03F0
ENDCHAR
STARTCHAR uni301D
ENCODING 12317
SWIDTH 667 0
DWIDTH 16 0
BBX 12 8 0 8
BITMAP
F3C0
F3C0
F3C0
F3C0
3CF0
3CF0
0C30
0C30
ENDCHAR
STARTCHAR uni301F
ENCODING 12319
SWIDTH 667 0
DWIDTH 16 0
BBX 12 8 2 0
BITMAP
C300
C300
F3C0
F3C0
3CF0
3CF0
3CF0
3CF0
ENDCHAR
STARTCHAR uni3041
ENCODING 12353
SWIDTH 667 0
DWIDTH 16 0
BBX 14 12 0 0
BITMAP
0F00
0F00
FFFC
FFFC
0F00
0F00
3FF0
3FF0
CFFC
CFFC
3F3C
3F3C
ENDCHAR
STARTCHAR uni3042
ENCODING 12354
SWIDTH 667 0
DWIDTH 16 0
BBX 14 16 0 0
BITMAP
0F00
0F00
FFFC
FFFC
0F00
0F00
3FF0
3FF0
FF3C
FF3C
CFFC
CFFC
CFFC
CFFC
3F3C
3F3C
ENDCHAR
STARTCHAR uni3043
ENCODING 12355
SWIDTH 667 0
DWIDTH 16 0
BBX 14 12 0 0
BITMAP
F000
F000
F0F0
F0F0
F03C
F03C
F03C
F03C
F33C
F33C
3C00
3C00
ENDCHAR
STARTCHAR uni3044
ENCODING 12356
SWIDTH 667 0
DWIDTH 16 0
BBX 14 16 0 0
BITMAP
F000
F000
F0F0
F0F0
F03C
F03C
F03C
F03C
F03C
F03C
F33C
F33C
FF3C
FF3C
3C00
3C00
ENDCHAR
STARTCHAR uni3045
ENCODING 12357
SWIDTH 667 0
DWIDTH 16 0
BBX 14 12 0 0
BITMAP
3FF0
3FF0
0000
0000
3FF0
3FF0
F03C
F03C
00F0
00F0
0F00
0F00
ENDCHAR
STARTCHAR uni3046
ENCODING 12358
SWIDTH 667 0
DWIDTH 16 0
BBX 14 16 0 0
BITMAP
3FF0
3FF0
0000
0000
3FF0
3FF0
F03C
F03C
003C
003C
00F0
00F0
03C0
03C0
0F00
0F00
ENDCHAR
STARTCHAR uni3047
ENCODING 12359
SWIDTH 667 0
DWIDTH 16 0
BBX 14 12 0 0
BITMAP
3FF0
3FF0
0000
0000
FFFC
FFFC
00F0
00F0
0FC0
0FC0
F0FC
F0FC
ENDCHAR
STARTCHAR uni3048
ENCODING 12360
SWIDTH 667 0
DWIDTH 16 0
BBX 14 16 0 0
BITMAP
3FF0
3FF0
0000
0000
FFFC
FFFC
00F0
00F0
03C0
03C0
0FC0
0FC0
3CC0
3CC0
F0FC
F0FC
ENDCHAR
STARTCHAR uni3049
ENCODING 12361
SWIDTH 667 0
DWIDTH 16 0
BBX 16 12 0 0
BITMAP
0F3C
0F3C
FFCF
FFCF
0F00
0F00
3FF0
3FF0
CF3C
CF3C
3F3C
3F3C
ENDCHAR
STARTCHAR uni304A
ENCODING 12362
SWIDTH 667 0
DWIDTH 16 0
BBX 16 16 0 0
BITMAP
0F3C
0F3C
FFCF
FFCF
0F00
0F00
3FF0
3FF0
FF3C
FF3C
CF3C
CF3C
CF3C
CF3C
3F3C
3F3C
ENDCHAR
STARTCHAR uni304B
ENCODING 12363
SWIDTH 667 0
DWIDTH 16 0
BBX 16 16 0 0
BITMAP
0F3C
0F3C
0F0F
0F0F
FFF0
FFF0
0F3C
0F3C
3C3C
3C3C
3C3C
3C3C
F03C
F03C
F0F0
F0F0
ENDCHAR
STARTCHAR uni304C
ENCODING 12364
SWIDTH 667 0
DWIDTH 16 0
BBX 16 20 0 0
BITMAP
0033
0033
0033
0033
0F3C
0F3C
0F0F
0F0F
FFF0
FFF0
0F3C
0F3C
3C3C
3C3C
3C3C
3C3C
F03C
F03C
F0F0
F0F0
ENDCHAR
STARTCHAR uni304D
ENCODING 12365
SWIDTH 667 0
DWIDTH 16 0
BBX 14 16 0 0
BITMAP
0F00
0F00
FFFC
FFFC
03C0
03C0
FFFC
FFFC
00F0
00F0
F000
F000
F000
F000
3FFC
3FFC
ENDCHAR
STARTCHAR uni304E
ENCODING 12366
SWIDTH 667 0
DWIDTH 16 0
BBX 16 20 0 0
BITMAP
0033
0033
0033
0033
0F00
0F00
FFFC
FFFC
03C0
03C0
FFFC
FFFC
00F0
00F0
F000
F000
F000
F000
3FFC
3FFC
ENDCHAR
STARTCHAR uni304F
ENCODING 12367
SWIDTH 667 0
DWIDTH 16 0
BBX 10 16 2 0
BITMAP
03C0
03C0
0F00
0F00
3C00
3C00
F000
F000
F000
F000
3C00
3C00
0F00
0F00
03C0
03C0
ENDCHAR
STARTCHAR uni3050
ENCODING 12368
SWIDTH 667 0
DWIDTH 16 0
BBX 14 20 2 0
BITMAP
00CC
00CC
00CC
00CC
03C0
03C0
0F00
0F00
3C00
3C00
F000
F000
F000
F000
3C00
3C00
0F00
0F00
03C0
03C0
ENDCHAR
STARTCHAR uni3051
ENCODING 12369
SWIDTH 667 0
DWIDTH 16 0
BBX 16 16 0 0
BITMAP
003C
003C
F3FF
F3FF
F03C
F03C
F03C
F03C
F03C
F03C
F33C
F33C
FC3C
FC3C
3CF0
3CF0
ENDCHAR
STARTCHAR uni3052
ENCODING 12370
SWIDTH 667 0
DWIDTH 16 0
BBX 16 20 0 0
BITMAP
0033
0033
0033
0033
003C
003C
F3FF
F3FF
F03C
F03C
F03C
F03C
F03C
F03C
F33C
F33C
FC3C
FC3C
3CF0
3CF0
ENDCHAR
STARTCHAR uni3053
ENCODING 12371
SWIDTH 667 0
DWIDTH 16 0
BBX 14 16 0 0
BITMAP
3FFC
3FFC
003C
003C
00F0
00F0
0000
0000
0000
0000
3C00
3C00
F000
F000
3FFC
3FFC
ENDCHAR
STARTCHAR uni3054
ENCODING 12372
SWIDTH 667 0
DWIDTH 16 0
BBX 16 20 0 0
BITMAP
0033
0033
0033
0033
3FFC
3FFC
003C
003C
00F0
00F0
0000
0000
0000
0000
3C00
3C00
F000
F000
3FFC
3FFC
ENDCHAR
STARTCHAR uni3055
ENCODING 12373
SWIDTH 667 0
DWIDTH 16 0
BBX 14 16 0 0
BITMAP
03C0
03C0
FFFC
FFFC
03C0
03C0
00F0
00F0
00F0
00F0
F000
F000
F000
F000
3FFC
3FFC
ENDCHAR
STARTCHAR uni3056
ENCODING 12374
SWIDTH 667 0
DWIDTH 16 0
BBX 16 20 0 0
BITMAP
0033
0033
0033
0033
03C0
03C0
FFFC
FFFC
03C0
03C0
00F0
00F0
00F0
00F0
F000
F000
F000
F000
3FFC
3FFC
ENDCHAR
STARTCHAR uni3057
ENCODING 12375
SWIDTH 667 0
DWIDTH 16 0
BBX 14 16 0 0
BITMAP
F000
F000
F000
F000
F000
F000
F000
F000
F000
F000
F03C
F03C
F03C
F03C
3FF0
3FF0
ENDCHAR
STARTCHAR uni3058
ENCODING 12376
SWIDTH 667 0
DWIDTH 16 0
BBX 16 20 0 0
BITMAP
0033
0033
0033
0033
F000
F000
F000
F000
F000
F000
F000
F000
F000
F000
F03C
F03C
F03C
F03C
3FF0
3FF0
ENDCHAR
STARTCHAR uni3059
ENCODING 12377
SWIDTH 667 0
DWIDTH 16 0
BBX 14 16 0 0
BITMAP
00F0
00F0
FFFC
FFFC
0FF0
0FF0
3CF0
3CF0
3CF0
3CF0
0FF0
0FF0
00F0
00F0
03C0
03C0
ENDCHAR
STARTCHAR uni305A
ENCODING 12378
SWIDTH 667 0
DWIDTH 16 0
BBX 16 20 0 0
BITMAP
0033
0033
0033
0033
00F0
00F0
FFFC
FFFC
0FF0
0FF0
3CF0
3CF0
3CF0
3CF0
0FF0
0FF0
00F0
00F0
03C0
03C0
ENDCHAR
STARTCHAR uni305B
ENCODING 12379
SWIDTH 667 0
DWIDTH 16 0
BBX 14 16 0 0
BITMAP
3CF0
3CF0
FFFC
FFFC
3CF0
3CF0
3CF0
3CF0
3CF0
3CF0
3C00
3C00
3C00
3C00
0FFC
0FFC
ENDCHAR
STARTCHAR uni305C
ENCODING 12380
SWIDTH 667 0
DWIDTH 16 0
BBX 16 20 0 0
BITMAP
0033
0033
0033
0033
3CF0
3CF0
FFFC
FFFC
3CF0
3CF0
3CF0
3CF0
3CF0
3CF0
3C00
3C00
3C00
3C00
0FFC
0FFC
ENDCHAR
STARTCHAR uni305D
ENCODING 12381
SWIDTH 667 0
DWIDTH 16 0
BBX 14 16 0 0
BITMAP
3FF0
3FF0
03C0
03C0
0F00
0F00
FFFC
FFFC
0F00
0F00
3C00
3C00
3C00
3C00
0FF0
0FF0
ENDCHAR
STARTCHAR uni305E
ENCODING 12382
SWIDTH 667 0
DWIDTH 16 0
BBX 16 20 0 0
BITMAP
0033
0033
0033
0033
3FF0
3FF0
03C0
03C0
0F00
0F00
FFFC
FFFC
0F00
0F00
3C00
3C00
3C00
3C00
0FF0
0FF0
ENDCHAR
STARTCHAR uni305F
ENCODING 12383
SWIDTH 667 0
DWIDTH 16 0
BBX 14 16 0 0
BITMAP
3C00
3C00
FFFC
FFFC
3C00
3C00
3CFC
3CFC
F03C
F03C
F000
F000
F3C0
F3C0
F3FC
F3FC
ENDCHAR
STARTCHAR uni3060
ENCODING 12384
SWIDTH 667 0
DWIDTH 16 0
BBX 16 20 0 0
BITMAP
0033
0033
0033
0033
3C00
3C00
FFFC
FFFC
3C00
3C00
3CFC
3CFC
F03C
F03C
F000
F000
F3C0
F3C0
F3FC
F3FC
ENDCHAR
STARTCHAR uni3061
ENCODING 12385
SWIDTH 667 0
DWIDTH 16 0
BBX 14 16 0 0
BITMAP
0F00
0F00
FFFC
FFFC
3C00
3C00
FFF0
FFF0
003C
003C
003C
003C
F03C
F03C
3FF0
3FF0
ENDCHAR
STARTCHAR uni3062
ENCODING 12386
SWIDTH 667 0
DWIDTH 16 0
BBX 16 20 0 0
BITMAP
0033
0033
0033
0033
0F00
0F00
FFFC
FFFC
3C00
3C00
FFF0
FFF0
003C
003C
003C
003C
F03C
F03C
3FF0
3FF0
ENDCHAR
STARTCHAR uni3063
ENCODING 12387
SWIDTH 667 0
DWIDTH 16 0
BBX 14 12 0 0
BITMAP
0FF0
0FF0
FC3C
FC3C
003C
003C
003C
003C
00F0
00F0
3FC0
3FC0
ENDCHAR
STARTCHAR uni3064
ENCODING 12388
SWIDTH 667 0
DWIDTH 16 0
BBX 14 16 0 0
BITMAP
0FF0
0FF0
FC3C
FC3C
003C
003C
003C
003C
003C
003C
003C
003C
00F0
00F0
3FC0
3FC0
ENDCHAR
STARTCHAR uni3065
ENCODING 12389
SWIDTH 667 0
DWIDTH 16 0
BBX 16 20 0 0
BITMAP
0033
0033
0033
0033
0FF0
0FF0
FC3C
FC3C
003C
003C
003C
003C
003C
003C
003C
003C
00F0
00F0
3FC0
3FC0
ENDCHAR
STARTCHAR uni3066
ENCODING 12390
SWIDTH 667 0
DWIDTH 16 0
BBX 14 16 0 0
BITMAP
FFFC
FFFC
00F0
00F0
03C0
03C0
0F00
0F00
0F00
0F00
0F00
0F00
0F00
0F00
03F0
03F0
ENDCHAR
STARTCHAR uni3067
ENCODING 12391
SWIDTH 667 0
DWIDTH 16 0
BBX 16 20 0 0
BITMAP
0033
0033
0033
0033
FFFC
FFFC
00F0
00F0
03C0
03C0
0F00
0F00
0F00
0F00
0F00
0F00
0F00
0F00
03F0
03F0
ENDCHAR
STARTCHAR uni3068
ENCODING 12392
SWIDTH 667 0
DWIDTH 16 0
BBX 14 16 0 0
BITMAP
F03C
F03C
3CF0
3CF0
0FC0
0FC0
0F00
0F00
3C00
3C00
F000
F000
F000
F000
3FFC
3FFC
ENDCHAR
STARTCHAR uni3069
ENCODING 12393
SWIDTH 667 0
DWIDTH 16 0
BBX 16 20 0 0
BITMAP
0033
0033
0033
0033
F03C
F03C
3CF0
3CF0
0FC0
0FC0
0F00
0F00
3C00
3C00
F000
F000
F000
F000
3FFC
3FFC
ENDCHAR
STARTCHAR uni306A
ENCODING 12394
SWIDTH 667 0
DWIDTH 16 0
BBX 14 16 0 0
BITMAP
3CF0
3CF0
FF3C
FF3C
3C00
3C00
F0F0
F0F0
F0F0
F0F0
0FFC
0FFC
3CF0
3CF0
0FF0
0FF0
ENDCHAR
STARTCHAR uni306B
ENCODING 12395
SWIDTH 667 0
DWIDTH 16 0
BBX 14 16 0 0
BITMAP
F3FC
F3FC
F03C
F03C
F030
F030
F000
F000
F000
F000
F300
F300
F3C0
F3C0
3CFC
3CFC
ENDCHAR
STARTCHAR uni306C
ENCODING 12396
SWIDTH 667 0
DWIDTH 16 0
BBX 16 16 0 0
BITMAP
F0F0
F0F0
F0F0
F0F0
3FF0
3FF0
3FFC
3FFC
FF3C
FF3C
CCFC
CCFC
FFCF
FFCF
3CFC
3CFC
ENDCHAR
STARTCHAR uni306D
ENCODING 12397
SWIDTH 667 0
DWIDTH 16 0
BBX 16 16 0 0
BITMAP
3C00
3C00
3CF0
3CF0
FFFC
FFFC
3F3C
3F3C
3C3C
3C3C
FCFC
FCFC
3FCF
3FCF
3CFC
3CFC
ENDCHAR
STARTCHAR uni306E
ENCODING 12398
SWIDTH 667 0
DWIDTH 16 0
BBX 14 16 0 0
BITMAP
3FF0
3FF0
FF3C
FF3C
CF3C
CF3C
CF3C
CF3C
CF3C
CF3C
FF3C
FF3C
3C3C
3C3C
00F0
00F0
ENDCHAR
STARTCHAR uni306F
ENCODING 12399
SWIDTH 667 0
DWIDTH 16 0
BBX 16 16 0 0
BITMAP
F03C
F03C
F3FF
F3FF
F03C
F03C
F03C
F03C
F03C
F03C
F0FC
F0FC
F3CF
F3CF
3CFC
3CFC
ENDCHAR
STARTCHAR uni3070
ENCODING 12400
SWIDTH 667 0
DWIDTH 16 0
BBX 16 20 0 0
BITMAP
0033
0033
0033
0033
F03C
F03C
F3FF
F3FF
F03C
F03C
F03C
F03C
F03C
F03C
F0FC
F0FC
F3CF
F3CF
3CFC
3CFC
ENDCHAR
STARTCHAR uni3071
ENCODING 12401
SWIDTH 667 0
DWIDTH 16 0
BBX 16 22 0 0
BITMAP
003F
003F
0033
0033
003F
003F
F03C
F03C
F3FF
F3FF
F03C
F03C
F03C
F03C
F03C
F03C
F0FC
F0FC
F3CF
F3CF
3CFC
3CFC
ENDCHAR
STARTCHAR uni3072
ENCODING 12402
SWIDTH 667 0
DWIDTH 16 0
BBX 16 16 0 0
BITMAP
0CF0
0CF0
3C3C
3C3C
FC3F
FC3F
3C3C
3C3C
3C3C
3C3C
3C3C
3C3C
3C3C
3C3C
0FF0
0FF0
ENDCHAR
STARTCHAR uni3073
ENCODING 12403
SWIDTH 667 0
DWIDTH 16 0
BBX 16 20 0 0
BITMAP
0033
0033
0033
0033
0CF0
0CF0
3C3C
3C3C
FC3F
FC3F
3C3C
3C3C
3C3C
3C3C
3C3C
3C3C
3C3C
3C3C
0FF0
0FF0
ENDCHAR
STARTCHAR uni3074
ENCODING 12404
SWIDTH 667 0
DWIDTH 16 0
BBX 16 22 0 0
BITMAP
003F
003F
0033
0033
003F
003F
0CF0
0CF0
3C3C
3C3C
FC3F
FC3F
3C3C
3C3C
3C3C
3C3C
3C3C
3C3C
3C3C
3C3C
0FF0
0FF0
ENDCHAR
STARTCHAR uni3075
ENCODING 12405
SWIDTH 667 0
DWIDTH 16 0
BBX 16 16 0 0
BITMAP
0FC0
0FC0
03C0
03C0
0F00
0F00
03C0
03C0
33CC
33CC
F3CF
F3CF
C3C3
C3C3
0F00
0F00
ENDCHAR
STARTCHAR uni3076
ENCODING 12406
SWIDTH 667 0
DWIDTH 16 0
BBX 16 20 0 0
BITMAP
0033
0033
0033
0033
0FC0
0FC0
03C0
03C0
0F00
0F00
03C0
03C0
33CC
33CC
F3CF
F3CF
C3C3
C3C3
0F00
0F00
ENDCHAR
STARTCHAR uni3077
ENCODING 12407
SWIDTH 667 0
DWIDTH 16 0
BBX 16 22 0 0
BITMAP
003F
003F
0033
0033
003F
003F
0FC0
0FC0
03C0
03C0
0F00
0F00
03C0
03C0
33CC
33CC
F3CF
F3CF
C3C3
C3C3
0F00
0F00
ENDCHAR
STARTCHAR uni3078
ENCODING 12408
SWIDTH 667 0
DWIDTH 16 0
BBX 16 10 0 4
BITMAP
0F00
0F00
3FC0
3FC0
F0F0
F0F0
C03C
C03C
000F
000F
ENDCHAR
STARTCHAR uni3079
ENCODING 12409
SWIDTH 667 0
DWIDTH 16 0
BBX 16 16 0 4
BITMAP
0033
0033
0033
0033
0000
0000
0F00
0F00
3FC0
3FC0
F0F0
F0F0
C03C
C03C
000F
000F
ENDCHAR
STARTCHAR uni307A
ENCODING 12410
SWIDTH 667 0
DWIDTH 16 0
BBX 16 18 0 4
BITMAP
003F
003F
0033
0033
003F
003F
0000
0000
0F00
0F00
3FC0
3FC0
F0F0
F0F0
C03C
C03C
000F
000F
ENDCHAR
STARTCHAR uni307B
ENCODING 12411
SWIDTH 667 0
DWIDTH 16 0
BBX 16 16 0 0
BITMAP
F3FF
F3FF
F03C
F03C
F3FF
F3FF
F03C
F03C
F03C
F03C
F0FC
F0FC
F3CF
F3CF
3CFC
3CFC
ENDCHAR
STARTCHAR uni307C
ENCODING 12412
SWIDTH 667 0
DWIDTH 16 0
BBX 16 20 0 0
BITMAP
0033
0033
0033
0033
F3FF
F3FF
F03C
F03C
F3FF
F3FF
F03C
F03C
F03C
F03C
F0FC
F0FC
F3CF
F3CF
3CFC
3CFC
ENDCHAR
STARTCHAR uni307D
ENCODING 12413
SWIDTH 667 0
DWIDTH 16 0
BBX 16 22 0 0
BITMAP
003F
003F
0033
0033
003F
003F
F3FF
F3FF
F03C
F03C
F3FF
F3FF
F03C
F03C
F03C
F03C
F0FC
F0FC
F3CF
F3CF
3CFC
3CFC
ENDCHAR
STARTCHAR uni307E
ENCODING 12414
SWIDTH 667 0
DWIDTH 16 0
BBX 14 16 0 0
BITMAP
03C0
03C0
FFFC
FFFC
03C0
03C0
FFFC
FFFC
03C0
03C0
3FF0
3FF0
F3FC
F3FC
3FC0
3FC0
ENDCHAR
STARTCHAR uni307F
ENCODING 12415
SWIDTH 667 0
DWIDTH 16 0
BBX 16 16 0 0
BITMAP
FF00
FF00
0F00
0F00
0F3C
0F3C
3FFC
3FFC
FF3F
FF3F
CF3C
CF3C
FF3C
FF3C
3CF0
3CF0
ENDCHAR
STARTCHAR uni3080
ENCODING 12416
SWIDTH 667 0
DWIDTH 16 0
BBX 16 16 0 0
BITMAP
0F3C
0F3C
FFCF
FFCF
0F00
0F00
3F00
3F00
FF00
FF00
CF3C
CF3C
FF3C
FF3C
3FF0
3FF0
ENDCHAR
STARTCHAR uni3081
ENCODING 12417
SWIDTH 667 0
DWIDTH 16 0
BBX 14 16 0 0
BITMAP
F0F0
F0F0
F0F0
F0F0
3FF0
3FF0
3CFC
3CFC
FFFC
FFFC
CF3C
CF3C
FC3C
FC3C
3CF0
3CF0
ENDCHAR
STARTCHAR uni3082
ENCODING 12418
SWIDTH 667 0
DWIDTH 16 0
BBX 14 16 0 0
BITMAP
0F00
0F00
FFFC
FFFC
0F00
0F00
FFFC
FFFC
3C00
3C00
3C3C
3C3C
3C3C
3C3C
0FF0
0FF0
ENDCHAR
STARTCHAR uni3083
ENCODING 12419
SWIDTH 667 0
DWIDTH 16 0
BBX 14 12 0 0
BITMAP
3CF0
3CF0
3FFC
3FFC
FC3C
FC3C
3CF0
3CF0
0F00
0F00
0F00
0F00
ENDCHAR
STARTCHAR uni3084
ENCODING 12420
SWIDTH 667 0
DWIDTH 16 0
BBX 14 16 0 0
BITMAP
3CF0
3CF0
3FFC
3FFC
FC3C
FC3C
3C3C
3C3C
3CF0
3CF0
0F00
0F00
0F00
0F00
0F00
0F00
ENDCHAR
STARTCHAR uni3085
ENCODING 12421
SWIDTH 667 0
DWIDTH 16 0
BBX 14 12 0 0
BITMAP
0F00
0F00
CFF0
CFF0
FF3C
FF3C
FF3C
FF3C
CFF0
CFF0
0F00
0F00
ENDCHAR
STARTCHAR uni3086
ENCODING 12422
SWIDTH 667 0
DWIDTH 16 0
BBX 14 16 0 0
BITMAP
0F00
0F00
CFF0
CFF0
FF3C
FF3C
FF3C
FF3C
CF3C
CF3C
0FF0
0FF0
0F00
0F00
0F00
0F00
ENDCHAR
STARTCHAR uni3087
ENCODING 12423
SWIDTH 667 0
DWIDTH 16 0
BBX 14 12 0 0
BITMAP
03C0
03C0
03FC
03FC
03C0
03C0
3FC0
3FC0
F3F0
F3F0
3FCC
3FCC
ENDCHAR
STARTCHAR uni3088
ENCODING 12424
SWIDTH 667 0
DWIDTH 16 0
BBX 14 16 0 0
BITMAP
03C0
03C0
03FC
03FC
03C0
03C0
03C0
03C0
3FC0
3FC0
F3F0
F3F0
F3FC
F3FC
3FCC
3FCC
ENDCHAR
STARTCHAR uni3089
ENCODING 12425
SWIDTH 667 0
DWIDTH 16 0
BBX 14 16 0 0
BITMAP
03C0
03C0
F0F0
F0F0
F000
F000
FFF0
FFF0
F03C
F03C
003C
003C
003C
003C
3FF0
3FF0
ENDCHAR
STARTCHAR uni308A
ENCODING 12426
SWIDTH 667 0
DWIDTH 16 0
BBX 14 16 0 0
BITMAP
F03C
F03C
F03C
F03C
F03C
F03C
FC3C
FC3C
F03C
F03C
00F0
00F0
00F0
00F0
03C0
03C0
ENDCHAR
STARTCHAR uni308B
ENCODING 12427
SWIDTH 667 0
DWIDTH 16 0
BBX 14 16 0 0
BITMAP
3FF0
3FF0
03C0
03C0
0FC0
0FC0
3FF0
3FF0
F03C
F03C
0FFC
0FFC
3CFC
3CFC
0FF0
0FF0
ENDCHAR
STARTCHAR uni308C
ENCODING 12428
SWIDTH 667 0
DWIDTH 16 0
BBX 16 16 0 0
BITMAP
0F0C
0F0C
0F3C
0F3C
FFFC
FFFC
0FFC
0FFC
3F3C
3F3C
FF3C
FF3C
CF3C
CF3C
0F3F
0F3F
ENDCHAR
STARTCHAR uni308D
ENCODING 12429
SWIDTH 667 0
DWIDTH 16 0
BBX 14 16 0 0
BITMAP
3FF0
3FF0
03C0
03C0
0FC0
0FC0
3FF0
3FF0
F03C
F03C
003C
003C
003C
003C
0FF0
0FF0
ENDCHAR
STARTCHAR uni308E
ENCODING 12430
SWIDTH 667 0
DWIDTH 16 0
BBX 14 12 0 0
BITMAP
3C00
3C00
3CF0
3CF0
FFFC
FFFC
3F3C
3F3C
FC3C
FC3C
3CF0
3CF0
ENDCHAR
STARTCHAR uni308F
ENCODING 12431
SWIDTH 667 0
DWIDTH 16 0
BBX 14 16 0 0
BITMAP
3C00
3C00
3CF0
3CF0
FFFC
FFFC
3F3C
3F3C
3C3C
3C3C
FC3C
FC3C
3C3C
3C3C
3CF0
3CF0
ENDCHAR
STARTCHAR uni3090
ENCODING 12432
SWIDTH 667 0
DWIDTH 16 0
BBX 16 16 0 0
BITMAP
3FC0
3FC0
03C0
03C0
0FF0
0FF0
3F3C
3F3C
FF3C
FF3C
CFFC
CFFC
FFCF
FFCF
3CFC
3CFC
ENDCHAR
STARTCHAR uni3091
ENCODING 12433
SWIDTH 667 0
DWIDTH 16 0
BBX 16 16 0 0
BITMAP
0FF0
0FF0
03C0
03C0
3FF0
3FF0
F03C
F03C
0FFC
0FFC
3CF0
3CF0
3FFC
3FFC
F3CF
F3CF
ENDCHAR
STARTCHAR uni3092
ENCODING 12434
SWIDTH 667 0
DWIDTH 16 0
BBX 14 16 0 0
BITMAP
0F00
0F00
FFFC
FFFC
3C00
3C00
0FFC
0FFC
3FC0
3FC0
F0F0
F0F0
F000
F000
3FFC
3FFC
ENDCHAR
STARTCHAR uni3093
ENCODING 12435
SWIDTH 667 0
DWIDTH 16 0
BBX 14 16 0 0
BITMAP
0F00
0F00
0F00
0F00
0F00
0F00
3C00
3C00
3C00
3C00
FF3C
FF3C
F3FC
F3FC
F0F0
F0F0
ENDCHAR
STARTCHAR uni3094
ENCODING 12436
SWIDTH 667 0
DWIDTH 16 0
BBX 16 20 0 0
BITMAP
0033
0033
0033
0033
3FF0
3FF0
0000
0000
3FF0
3FF0
F03C
F03C
003C
003C
00F0
00F0
03C0
03C0
0F00
0F00
ENDCHAR
STARTCHAR uni309B
ENCODING 12443
SWIDTH 667 0
DWIDTH 16 0
BBX 6 4 0 12
BITMAP
CC
CC
CC
CC
ENDCHAR
STARTCHAR uni309C
ENCODING 12444
SWIDTH 667 0
DWIDTH 16 0
BBX 6 6 0 10
BITMAP
FC
FC
CC
CC
FC
FC
ENDCHAR
STARTCHAR uni309D
ENCODING 12445
SWIDTH 667 0
DWIDTH 16 0
BBX 8 10 2 2
BITMAP
F0
F0
3C
3C
0F
0F
0F
0F
3C
3C
ENDCHAR
STARTCHAR uni309E
ENCODING 12446
SWIDTH 667 0
DWIDTH 16 0
BBX 14 18 2 2
BITMAP
00CC
00CC
00CC
00CC
0000
0000
0000
0000
F000
F000
3C00
3C00
0F00
0F00
0F00
0F00
3C00
3C00
ENDCHAR
STARTCHAR uni30A0
ENCODING 12448
SWIDTH 667 0
DWIDTH 16 0
BBX 10 8 2 4
BITMAP
FFC0
FFC0
0000
0000
0000
0000
FFC0
FFC0
ENDCHAR
STARTCHAR uni30A1
ENCODING 12449
SWIDTH 667 0
DWIDTH 16 0
BBX 14 12 0 0
BITMAP
FFFC
FFFC
003C
003C
0F3C
0F3C
0F30
0F30
0F00
0F00
3C00
3C00
ENDCHAR
STARTCHAR uni30A2
ENCODING 12450
SWIDTH 667 0
DWIDTH 16 0
BBX 14 16 0 0
BITMAP
FFFC
FFFC
003C
003C
0F3C
0F3C
0F30
0F30
0F00
0F00
0F00
0F00
0F00
0F00
3C00
3C00
ENDCHAR
STARTCHAR uni30A3
ENCODING 12451
SWIDTH 667 0
DWIDTH 16 0
BBX 14 12 0 0
BITMAP
00FC
00FC
03F0
03F0
0FC0
0FC0
3FC0
3FC0
F3C0
F3C0
03C0
03C0
ENDCHAR
STARTCHAR uni30A4
ENCODING 12452
SWIDTH 667 0
DWIDTH 16 0
BBX 14 16 0 0
BITMAP
003C
003C
00F0
00F0
03C0
03C0
0FC0
0FC0
3FC0
3FC0
F3C0
F3C0
03C0
03C0
03C0
03C0
ENDCHAR
STARTCHAR uni30A5
ENCODING 12453
SWIDTH 667 0
DWIDTH 16 0
BBX 14 12 0 0
BITMAP
0F00
0F00
FFFC
FFFC
F03C
F03C
F03C
F03C
00FC
00FC
0FC0
0FC0
ENDCHAR
STARTCHAR uni30A6
ENCODING 12454
SWIDTH 667 0
DWIDTH 16 0
BBX 14 16 0 0
BITMAP
0F00
0F00
FFFC
FFFC
F03C
F03C
F03C
F03C
003C
003C
00F0
00F0
03C0
03C0
3F00
3F00
ENDCHAR
STARTCHAR uni30A7
ENCODING 12455
SWIDTH 667 0
DWIDTH 16 0
BBX 14 10 0 0
BITMAP
FFF0
FFF0
0F00
0F00
0F00
0F00
0F00
0F00
FFFC
FFFC
ENDCHAR
STARTCHAR uni30A8
ENCODING 12456
SWIDTH 667 0
DWIDTH 16 0
BBX 14 14 0 0
BITMAP
FFF0
FFF0
0F00
0F00
0F00
0F00
0F00
0F00
0F00
0F00
0F00
0F00
FFFC
FFFC
ENDCHAR
STARTCHAR uni30A9
ENCODING 12457
SWIDTH 667 0
DWIDTH 16 0
BBX 14 12 0 0
BITMAP
00F0
00F0
FFFC
FFFC
03F0
03F0
0FF0
0FF0
3CF0
3CF0
F0F0
F0F0
ENDCHAR
STARTCHAR uni30AA
ENCODING 12458
SWIDTH 667 0
DWIDTH 16 0
BBX 14 16 0 0
BITMAP
00F0
00F0
FFFC
FFFC
00F0
00F0
03F0
03F0
0FF0
0FF0
3CF0
3CF0
F0F0
F0F0
03F0
03F0
ENDCHAR
STARTCHAR uni30AB
ENCODING 12459
SWIDTH 667 0
DWIDTH 16 0
BBX 14 16 0 0
BITMAP
0F00
0F00
FFFC
FFFC
0F3C
0F3C
0F3C
0F3C
0F3C
0F3C
3C3C
3C3C
3C3C
3C3C
F0FC
F0FC
ENDCHAR
STARTCHAR uni30AC
ENCODING 12460
SWIDTH 667 0
DWIDTH 16 0
BBX 16 20 0 0
BITMAP
0033
0033
0033
0033
0F00
0F00
FFFC
FFFC
0F3C
0F3C
0F3C
0F3C
0F3C
0F3C
3C3C
3C3C
3C3C
3C3C
F0FC
F0FC
ENDCHAR
STARTCHAR uni30AD
ENCODING 12461
SWIDTH 667 0
DWIDTH 16 0
BBX 14 16 0 0
BITMAP
0F00
0F00
0F00
0F00
FFF0
FFF0
03C0
03C0
03C0
03C0
FFFC
FFFC
00F0
00F0
00F0
00F0
ENDCHAR
STARTCHAR uni30AE
ENCODING 12462
SWIDTH 667 0
DWIDTH 16 0
BBX 16 20 0 0
BITMAP
0033
0033
0033
0033
0F00
0F00
0F00
0F00
FFF0
FFF0
03C0
03C0
03C0
03C0
FFFC
FFFC
00F0
00F0
00F0
00F0
ENDCHAR
STARTCHAR uni30AF
ENCODING 12463
SWIDTH 667 0
DWIDTH 16 0
BBX 14 16 0 0
BITMAP
3FFC
3FFC
3C3C
3C3C
3C3C
3C3C
F03C
F03C
003C
003C
00F0
00F0
03C0
03C0
0F00
0F00
ENDCHAR
STARTCHAR uni30B0
ENCODING 12464
SWIDTH 667 0
DWIDTH 16 0
BBX 16 20 0 0
BITMAP
0033
0033
0033
0033
3FFC
3FFC
3C3C
3C3C
3C3C
3C3C
F03C
F03C
003C
003C
00F0
00F0
03C0
03C0
0F00
0F00
ENDCHAR
STARTCHAR uni30B1
ENCODING 12465
SWIDTH 667 0
DWIDTH 16 0
BBX 16 16 0 0
BITMAP
3C00
3C00
3FFF
3FFF
F0F0
F0F0
00F0
00F0
00F0
00F0
00F0
00F0
03C0
03C0
3F00
3F00
ENDCHAR
STARTCHAR uni30B2
ENCODING 12466
SWIDTH 667 0
DWIDTH 16 0
BBX 16 20 0 0
BITMAP
0033
0033
0033
0033
3C00
3C00
3FFF
3FFF
F0F0
F0F0
00F0
00F0
00F0
00F0
00F0
00F0
03C0
03C0
3F00
3F00
ENDCHAR
STARTCHAR uni30B3
ENCODING 12467
SWIDTH 667 0
DWIDTH 16 0
BBX 14 16 0 0
BITMAP
FFFC
FFFC
003C
003C
003C
003C
003C
003C
003C
003C
003C
003C
003C
003C
FFFC
FFFC
ENDCHAR
STARTCHAR uni30B4
ENCODING 12468
SWIDTH 667 0
DWIDTH 16 0
BBX 16 20 0 0
BITMAP
0033
0033
0033
0033
FFFC
FFFC
003C
003C
003C
003C
003C
003C
003C
003C
003C
003C
003C
003C
FFFC
FFFC
ENDCHAR
STARTCHAR uni30B5
ENCODING 12469
SWIDTH 667 0
DWIDTH 16 0
BBX 14 16 0 0
BITMAP
3CF0
3CF0
3CF0
3CF0
FFFC
FFFC
3CF0
3CF0
3CF0
3CF0
00F0
00F0
03C0
03C0
3F00
3F00
ENDCHAR
STARTCHAR uni30B6
ENCODING 12470
SWIDTH 667 0
DWIDTH 16 0
BBX 16 20 0 0
BITMAP
0033
0033
0033
0033
3CF0
3CF0
3CF0
3CF0
FFFC
FFFC
3CF0
3CF0
3CF0
3CF0
00F0
00F0
03C0
03C0
3F00
3F00
ENDCHAR
STARTCHAR uni30B7
ENCODING 12471
SWIDTH 667 0
DWIDTH 16 0
BBX 14 16 0 0
BITMAP
FC3C
FC3C
003C
003C
FC3C
FC3C
003C
003C
003C
003C
00F0
00F0
03C0
03C0
FF00
FF00
ENDCHAR
STARTCHAR uni30B8
ENCODING 12472
SWIDTH 667 0
DWIDTH 16 0
BBX 16 20 0 0
BITMAP
0033
0033
0033
0033
FC3C
FC3C
003C
003C
FC3C
FC3C
003C
003C
003C
003C
00F0
00F0
03C0
03C0
FF00
FF00
ENDCHAR
STARTCHAR uni30B9
ENCODING 12473
SWIDTH 667 0
DWIDTH 16 0
BBX 14 16 0 0
BITMAP
FFFC
FFFC
003C
003C
003C
003C
00F0
00F0
03C0
03C0
0FC0
0FC0
3CF0
3CF0
F03C
F03C
ENDCHAR
STARTCHAR uni30BA
ENCODING 12474
SWIDTH 667 0
DWIDTH 16 0
BBX 16 20 0 0
BITMAP
0033
0033
0033
0033
FFFC
FFFC
003C
003C
003C
003C
00F0
00F0
03C0
03C0
0FC0
0FC0
3CF0
3CF0
F03C
F03C
ENDCHAR
STARTCHAR uni30BB
ENCODING 12475
SWIDTH 667 0
DWIDTH 16 0
BBX 14 16 0 0
BITMAP
3C00
3C00
FFFC
FFFC
3C3C
3C3C
3C3C
3C3C
3C00
3C00
3C00
3C00
3C00
3C00
3FFC
3FFC
ENDCHAR
STARTCHAR uni30BC
ENCODING 12476
SWIDTH 667 0
DWIDTH 16 0
BBX 16 20 0 0
BITMAP
0033
0033
0033
0033
3C00
3C00
FFFC
FFFC
3C3C
3C3C
3C3C
3C3C
3C00
3C00
3C00
3C00
3C00
3C00
3FFC
3FFC
ENDCHAR
STARTCHAR uni30BD
ENCODING 12477
SWIDTH 667 0
DWIDTH 16 0
BBX 14 16 0 0
BITMAP
003C
003C
F03C
F03C
3C3C
3C3C
0C3C
0C3C
003C
003C
00F0
00F0
03C0
03C0
0F00
0F00
ENDCHAR
STARTCHAR uni30BE
ENCODING 12478
SWIDTH 667 0
DWIDTH 16 0
BBX 16 20 0 0
BITMAP
0033
0033
0033
0033
003C
003C
F03C
F03C
3C3C
3C3C
0C3C
0C3C
003C
003C
00F0
00F0
03C0
03C0
0F00
0F00
ENDCHAR
STARTCHAR uni30BF
ENCODING 12479
SWIDTH 667 0
DWIDTH 16 0
BBX 14 16 0 0
BITMAP
3FFC
3FFC
3C3C
3C3C
3C3C
3C3C
3FFC
3FFC
F03C
F03C
00F0
00F0
03C0
03C0
0F00
0F00
ENDCHAR
STARTCHAR uni30C0
ENCODING 12480
SWIDTH 667 0
DWIDTH 16 0
BBX 16 20 0 0
BITMAP
0033
0033
0033
0033
3FFC
3FFC
3C3C
3C3C
3C3C
3C3C
3FFC
3FFC
F03C
F03C
00F0
00F0
03C0
03C0
0F00
0F00
ENDCHAR
STARTCHAR uni30C1
ENCODING 12481
SWIDTH 667 0
DWIDTH 16 0
BBX 14 16 0 0
BITMAP
3FF0
3FF0
03C0
03C0
03C0
03C0
FFFC
FFFC
03C0
03C0
03C0
03C0
0F00
0F00
3C00
3C00
ENDCHAR
STARTCHAR uni30C2
ENCODING 12482
SWIDTH 667 0
DWIDTH 16 0
BBX 16 20 0 0
BITMAP
0033
0033
0033
0033
3FF0
3FF0
03C0
03C0
03C0
03C0
FFFC
FFFC
03C0
03C0
03C0
03C0
0F00
0F00
3C00
3C00
ENDCHAR
STARTCHAR uni30C3
ENCODING 12483
SWIDTH 667 0
DWIDTH 16 0
BBX 14 12 0 0
BITMAP
F33C
F33C
F33C
F33C
F33C
F33C
003C
003C
00F0
00F0
03C0
03C0
ENDCHAR
STARTCHAR uni30C4
ENCODING 12484
SWIDTH 667 0
DWIDTH 16 0
BBX 14 16 0 0
BITMAP
F33C
F33C
F33C
F33C
F33C
F33C
003C
003C
003C
003C
00F0
00F0
03C0
03C0
3F00
3F00
ENDCHAR
STARTCHAR uni30C5
ENCODING 12485
SWIDTH 667 0
DWIDTH 16 0
BBX 16 20 0 0
BITMAP
0033
0033
0033
0033
F33C
F33C
F33C
F33C
F33C
F33C
003C
003C
003C
003C
00F0
00F0
03C0
03C0
3F00
3F00
ENDCHAR
STARTCHAR uni30C6
ENCODING 12486
SWIDTH 667 0
DWIDTH 16 0
BBX 14 16 0 0
BITMAP
3FF0
3FF0
0000
0000
FFFC
FFFC
03C0
03C0
03C0
03C0
03C0
03C0
0F00
0F00
3C00
3C00
ENDCHAR
STARTCHAR uni30C7
ENCODING 12487
SWIDTH 667 0
DWIDTH 16 0
BBX 16 20 0 0
BITMAP
0033
0033
0033
0033
3FF0
3FF0
0000
0000
FFFC
FFFC
03C0
03C0
03C0
03C0
03C0
03C0
0F00
0F00
3C00
3C00
ENDCHAR
STARTCHAR uni30C8
ENCODING 12488
SWIDTH 667 0
DWIDTH 16 0
BBX 12 16 2 0
BITMAP
F000
F000
F000
F000
F000
F000
FFF0
FFF0
F000
F000
F000
F000
F000
F000
F000
F000
ENDCHAR
STARTCHAR uni30C9
ENCODING 12489
SWIDTH 667 0
DWIDTH 16 0
BBX 14 20 2 0
BITMAP
00CC
00CC
00CC
00CC
F000
F000
F000
F000
F000
F000
FFF0
FFF0
F000
F000
F000
F000
F000
F000
F000
F000
ENDCHAR
STARTCHAR uni30CA
ENCODING 12490
SWIDTH 667 0
DWIDTH 16 0
BBX 14 16 0 0
BITMAP
03C0
03C0
03C0
03C0
FFFC
FFFC
03C0
03C0
03C0
03C0
03C0
03C0
0F00
0F00
3C00
3C00
ENDCHAR
STARTCHAR uni30CB
ENCODING 12491
SWIDTH 667 0
DWIDTH 16 0
BBX 14 12 0 2
BITMAP
3FF0
3FF0
0000
0000
0000
0000
0000
0000
0000
0000
FFFC
FFFC
ENDCHAR
STARTCHAR uni30CC
ENCODING 12492
SWIDTH 667 0
DWIDTH 16 0
BBX 14 16 0 0
BITMAP
FFFC
FFFC
003C
003C
003C
003C
3CF0
3CF0
0FC0
0FC0
0FC0
0FC0
3CF0
3CF0
F03C
F03C
ENDCHAR
STARTCHAR uni30CD
ENCODING 12493
SWIDTH 667 0
DWIDTH 16 0
BBX 14 16 0 0
BITMAP
0F00
0F00
FFFC
FFFC
00FC
00FC
03F0
03F0
0FC0
0FC0
3F30
3F30
CF3C
CF3C
0F00
0F00
ENDCHAR
STARTCHAR uni30CE
ENCODING 12494
SWIDTH 667 0
DWIDTH 16 0
BBX 10 16 2 0
BITMAP
03C0
03C0
03C0
03C0
03C0
03C0
03C0
03C0
03C0
03C0
0F00
0F00
3C00
3C00
F000
F000
ENDCHAR
STARTCHAR uni30CF
ENCODING 12495
SWIDTH 667 0
DWIDTH 16 0
BBX 14 16 0 0
BITMAP
3C3C
3C3C
3C3C
3C3C
3C3C
3C3C
3C3C
3C3C
3C3C
3C3C
3C3C
3C3C
F03C
F03C
C03C
C03C
ENDCHAR
STARTCHAR uni30D0
ENCODING 12496
SWIDTH 667 0
DWIDTH 16 0
BBX 16 20 0 0
BITMAP
0033
0033
0033
0033
3C3C
3C3C
3C3C
3C3C
3C3C
3C3C
3C3C
3C3C
3C3C
3C3C
3C3C
3C3C
F03C
F03C
C03C
C03C
ENDCHAR
STARTCHAR uni30D1
ENCODING 12497
SWIDTH 667 0
DWIDTH 16 0
BBX 16 22 0 0
BITMAP
003F
003F
0033
0033
003F
003F
3C3C
3C3C
3C3C
3C3C
3C3C
3C3C
3C3C
3C3C
3C3C
3C3C
3C3C
3C3C
F03C
F03C
C03C
C03C
ENDCHAR
STARTCHAR uni30D2
ENCODING 12498
SWIDTH 667 0
DWIDTH 16 0
BBX 14 16 0 0
BITMAP
F000
F000
F000
F000
FFFC
FFFC
F000
F000
F000
F000
F000
F000
FC00
FC00
3FFC
3FFC
ENDCHAR
STARTCHAR uni30D3
ENCODING 12499
SWIDTH 667 0
DWIDTH 16 0
BBX 16 20 0 0
BITMAP
0033
0033
0033
0033
F000
F000
F000
F000
FFFC
FFFC
F000
F000
F000
F000
F000
F000
FC00
FC00
3FFC
3FFC
ENDCHAR
STARTCHAR uni30D4
ENCODING 12500
SWIDTH 667 0
DWIDTH 16 0
BBX 16 22 0 0
BITMAP
003F
003F
0033
0033
003F
003F
F000
F000
F000
F000
FFFC
FFFC
F000
F000
F000
F000
F000
F000
FC00
FC00
3FFC
3FFC
ENDCHAR
STARTCHAR uni30D5
ENCODING 12501
SWIDTH 667 0
DWIDTH 16 0
BBX 14 16 0 0
BITMAP
FFFC
FFFC
003C
003C
003C
003C
003C
003C
00F0
00F0
03C0
03C0
0F00
0F00
3C00
3C00
ENDCHAR
STARTCHAR uni30D6
ENCODING 12502
SWIDTH 667 0
DWIDTH 16 0
BBX 16 20 0 0
BITMAP
0033
0033
0033
0033
FFFC
FFFC
003C
003C
003C
003C
003C
003C
00F0
00F0
03C0
03C0
0F00
0F00
3C00
3C00
ENDCHAR
STARTCHAR uni30D7
ENCODING 12503
SWIDTH 667 0
DWIDTH 16 0
BBX 16 22 0 0
BITMAP
003F
003F
0033
0033
003F
003F
FFFC
FFFC
003C
003C
003C
003C
003C
003C
00F0
00F0
03C0
03C0
0F00
0F00
3C00
3C00
ENDCHAR
STARTCHAR uni30D8
ENCODING 12504
SWIDTH 667 0
DWIDTH 16 0
BBX 14 12 0 2
BITMAP
0C00
0C00
3F00
3F00
F3C0
F3C0
C0F0
C0F0
003C
003C
000C
000C
ENDCHAR
STARTCHAR uni30D9
ENCODING 12505
SWIDTH 667 0
DWIDTH 16 0
BBX 16 18 0 2
BITMAP
0033
0033
0033
0033
0000
0000
0C00
0C00
3F00
3F00
F3C0
F3C0
C0F0
C0F0
003C
003C
000C
000C
ENDCHAR
STARTCHAR uni30DA
ENCODING 12506
SWIDTH 667 0
DWIDTH 16 0
BBX 16 20 0 2
BITMAP
003F
003F
0033
0033
003F
003F
0000
0000
0C00
0C00
3F00
3F00
F3C0
F3C0
C0F0
C0F0
003C
003C
000C
000C
ENDCHAR
STARTCHAR uni30DB
ENCODING 12507
SWIDTH 667 0
DWIDTH 16 0
BBX 14 16 0 0
BITMAP
0F00
0F00
FFF0
FFF0
0F00
0F00
CF30
CF30
CF3C
CF3C
CF3C
CF3C
CF3C
CF3C
0F00
0F00
ENDCHAR
STARTCHAR uni30DC
ENCODING 12508
SWIDTH 667 0
DWIDTH 16 0
BBX 16 20 0 0
BITMAP
0033
0033
0033
0033
0F00
0F00
FFF0
FFF0
0F00
0F00
CF30
CF30
CF3C
CF3C
CF3C
CF3C
CF3C
CF3C
0F00
0F00
ENDCHAR
STARTCHAR uni30DD
ENCODING 12509
SWIDTH 667 0
DWIDTH 16 0
BBX 16 22 0 0
BITMAP
003F
003F
0033
0033
003F
003F
0F00
0F00
FFF0
FFF0
0F00
0F00
CF30
CF30
CF3C
CF3C
CF3C
CF3C
CF3C
CF3C
0F00
0F00
ENDCHAR
STARTCHAR uni30DE
ENCODING 12510
SWIDTH 667 0
DWIDTH 16 0
BBX 14 16 0 0
BITMAP
FFFC
FFFC
003C
003C
003C
003C
00F0
00F0
F3C0
F3C0
3F00
3F00
0FC0
0FC0
03F0
03F0
ENDCHAR
STARTCHAR uni30DF
ENCODING 12511
SWIDTH 667 0
DWIDTH 16 0
BBX 12 16 0 0
BITMAP
FF00
FF00
03F0
03F0
0000
0000
FF00
FF00
03F0
03F0
0000
0000
FF00
FF00
03F0
03F0
ENDCHAR
STARTCHAR uni30E0
ENCODING 12512
SWIDTH 667 0
DWIDTH 16 0
BBX 14 16 0 0
BITMAP
03C0
03C0
0F00
0F00
3C00
3C00
F000
F000
F000
F000
F03C
F03C
F03C
F03C
FFFC
FFFC
ENDCHAR
STARTCHAR uni30E1
ENCODING 12513
SWIDTH 667 0
DWIDTH 16 0
BBX 14 16 0 0
BITMAP
003C
003C
F03C
F03C
3CF0
3CF0
0FC0
0FC0
0FC0
0FC0
3CF0
3CF0
F03C
F03C
C000
C000
ENDCHAR
STARTCHAR uni30E2
ENCODING 12514
SWIDTH 667 0
DWIDTH 16 0
BBX 14 16 0 0
BITMAP
FFF0
FFF0
0F00
0F00
0F00
0F00
FFFC
FFFC
0F00
0F00
0F00
0F00
0F00
0F00
03FC
03FC
ENDCHAR
STARTCHAR uni30E3
ENCODING 12515
SWIDTH 667 0
DWIDTH 16 0
BBX 14 12 0 0
BITMAP
3C00
3C00
FFFC
FFFC
3C3C
3C3C
3C30
3C30
0F00
0F00
0F00
0F00
ENDCHAR
STARTCHAR uni30E4
ENCODING 12516
SWIDTH 667 0
DWIDTH 16 0
BBX 14 16 0 0
BITMAP
3C00
3C00
FFFC
FFFC
3C3C
3C3C
3C30
3C30
3C00
3C00
0F00
0F00
0F00
0F00
0F00
0F00
ENDCHAR
STARTCHAR uni30E5
ENCODING 12517
SWIDTH 667 0
DWIDTH 16 0
BBX 14 12 0 0
BITMAP
FFC0
FFC0
03C0
03C0
03C0
03C0
03C0
03C0
03C0
03C0
FFFC
FFFC
ENDCHAR
STARTCHAR uni30E6
ENCODING 12518
SWIDTH 667 0
DWIDTH 16 0
BBX 14 16 0 0
BITMAP
FFC0
FFC0
03C0
03C0
03C0
03C0
03C0
03C0
03C0
03C0
03C0
03C0
03C0
03C0
FFFC
FFFC
ENDCHAR
STARTCHAR uni30E7
ENCODING 12519
SWIDTH 667 0
DWIDTH 16 0
BBX 14 12 0 0
BITMAP
FFFC
FFFC
003C
003C
0FFC
0FFC
003C
003C
003C
003C
FFFC
FFFC
ENDCHAR
STARTCHAR uni30E8
ENCODING 12520
SWIDTH 667 0
DWIDTH 16 0
BBX 14 16 0 0
BITMAP
FFFC
FFFC
003C
003C
003C
003C
3FFC
3FFC
003C
003C
003C
003C
003C
003C
FFFC
FFFC
ENDCHAR
STARTCHAR uni30E9
ENCODING 12521
SWIDTH 667 0
DWIDTH 16 0
BBX 14 16 0 0
BITMAP
3FF0
3FF0
0000
0000
FFFC
FFFC
003C
003C
003C
003C
003C
003C
00F0
00F0
3FC0
3FC0
ENDCHAR
STARTCHAR uni30EA
ENCODING 12522
SWIDTH 667 0
DWIDTH 16 0
BBX 14 16 0 0
BITMAP
F03C
F03C
F03C
F03C
F03C
F03C
F03C
F03C
003C
003C
00F0
00F0
03C0
03C0
0F00
0F00
ENDCHAR
STARTCHAR uni30EB
ENCODING 12523
SWIDTH 667 0
DWIDTH 16 0
BBX 16 16 0 0
BITMAP
00F0
00F0
3CF0
3CF0
3CF0
3CF0
3CF0
3CF0
3CF0
3CF0
3CF3
3CF3
3CFF
3CFF
F0FC
F0FC
ENDCHAR
STARTCHAR uni30EC
ENCODING 12524
SWIDTH 667 0
DWIDTH 16 0
BBX 12 16 2 0
BITMAP
F000
F000
F000
F000
F000
F000
F030
F030
F0F0
F0F0
F3C0
F3C0
FF00
FF00
FC00
FC00
ENDCHAR
STARTCHAR uni30ED
ENCODING 12525
SWIDTH 667 0
DWIDTH 16 0
BBX 14 16 0 0
BITMAP
FFFC
FFFC
F03C
F03C
F03C
F03C
F03C
F03C
F03C
F03C
F03C
F03C
F03C
F03C
FFFC
FFFC
ENDCHAR
STARTCHAR uni30EE
ENCODING 12526
SWIDTH 667 0
DWIDTH 16 0
BBX 14 12 0 0
BITMAP
FFFC
FFFC
F03C
F03C
F03C
F03C
003C
003C
00F0
00F0
03C0
03C0
ENDCHAR
STARTCHAR uni30EF
ENCODING 12527
SWIDTH 667 0
DWIDTH 16 0
BBX 14 16 0 0
BITMAP
FFFC
FFFC
F03C
F03C
F03C
F03C
003C
003C
003C
003C
00F0
00F0
03C0
03C0
0F00
0F00
ENDCHAR
STARTCHAR uni30F0
ENCODING 12528
SWIDTH 667 0
DWIDTH 16 0
BBX 14 16 0 0
BITMAP
00F0
00F0
FFFC
FFFC
3CF0
3CF0
3CF0
3CF0
3CF0
3CF0
FFF0
FFF0
00F0
00F0
00F0
00F0
ENDCHAR
STARTCHAR uni30F1
ENCODING 12529
SWIDTH 667 0
DWIDTH 16 0
BBX 14 16 0 0
BITMAP
FFFC
FFFC
003C
003C
00F0
00F0
0FC0
0FC0
0F00
0F00
0F00
0F00
0F00
0F00
FFFC
FFFC
ENDCHAR
STARTCHAR uni30F2
ENCODING 12530
SWIDTH 667 0
DWIDTH 16 0
BBX 14 16 0 0
BITMAP
FFFC
FFFC
003C
003C
003C
003C
3FFC
3FFC
003C
003C
00F0
00F0
03C0
03C0
0F00
0F00
ENDCHAR
STARTCHAR uni30F3
ENCODING 12531
SWIDTH 667 0
DWIDTH 16 0
BBX 14 16 0 0
BITMAP
FF3C
FF3C
003C
003C
003C
003C
003C
003C
003C
003C
00F0
00F0
03C0
03C0
FF00
FF00
ENDCHAR
STARTCHAR uni30F4
ENCODING 12532
SWIDTH 667 0
DWIDTH 16 0
BBX 16 20 0 0
BITMAP
0033
0033
0033
0033
0F00
0F00
FFFC
FFFC
F03C
F03C
F03C
F03C
003C
003C
00F0
00F0
03C0
03C0
3F00
3F00
ENDCHAR
STARTCHAR uni30F5
ENCODING 12533
SWIDTH 667 0
DWIDTH 16 0
BBX 14 12 0 0
BITMAP
0F00
0F00
FFFC
FFFC
0F3C
0F3C
0F3C
0F3C
3C3C
3C3C
F0FC
F0FC
ENDCHAR
STARTCHAR uni30F6
ENCODING 12534
SWIDTH 667 0
DWIDTH 16 0
BBX 16 12 0 0
BITMAP
3C00
3C00
3FFF
3FFF
F0F0
F0F0
00F0
00F0
00F0
00F0
0FC0
0FC0
ENDCHAR
STARTCHAR uni30FB
ENCODING 12539
SWIDTH 667 0
DWIDTH 16 0
BBX 4 4 6 6
BITMAP
F0
F0
F0
F0
ENDCHAR
STARTCHAR uni30FC
ENCODING 12540
SWIDTH 667 0
DWIDTH 16 0
BBX 14 4 0 6
BITMAP
F000
F000
3FFC
3FFC
ENDCHAR
STARTCHAR uni30FD
ENCODING 12541
SWIDTH 667 0
DWIDTH 16 0
BBX 10 10 2 4
BITMAP
F000
F000
3C00
3C00
0F00
0F00
03C0
03C0
03C0
03C0
ENDCHAR
STARTCHAR uni30FE
ENCODING 12542
SWIDTH 667 0
DWIDTH 16 0
BBX 14 16 2 4
BITMAP
00CC
00CC
00CC
00CC
0000
0000
F000
F000
3C00
3C00
0F00
0F00
03C0
03C0
03C0
03C0
ENDCHAR
STARTCHAR uniFF01
ENCODING 65281
SWIDTH 667 0
DWIDTH 16 0
BBX 4 16 6 0
BITMAP
F0
F0
F0
F0
F0
F0
F0
F0
F0
F0
00
00
00
00
F0
F0
ENDCHAR
STARTCHAR uniFF02
ENCODING 65282
SWIDTH 667 0
DWIDTH 16 0
BBX 10 8 2 8
BITMAP
F3C0
F3C0
F3C0
F3C0
30C0
30C0
C300
C300
ENDCHAR
STARTCHAR uniFF03
ENCODING 65283
SWIDTH 667 0
DWIDTH 16 0
BBX 14 16 0 0
BITMAP
3CF0
3CF0
3CF0
3CF0
FFFC
FFFC
3CF0
3CF0
3CF0
3CF0
FFFC
FFFC
3CF0
3CF0
3CF0
3CF0
ENDCHAR
STARTCHAR uniFF04
ENCODING 65284
SWIDTH 667 0
DWIDTH 16 0
BBX 16 16 0 0
BITMAP
03C0
03C0
3FFF
3FFF
F3C0
F3C0
FFFC
FFFC
3FFF
3FFF
03CF
03CF
FFFC
FFFC
03C0
03C0
ENDCHAR
STARTCHAR uniFF05
ENCODING 65285
SWIDTH 667 0
DWIDTH 16 0
BBX 14 16 0 0
BITMAP
FC0C
FC0C
CC3C
CC3C
CCF0
CCF0
FFC0
FFC0
0FFC
0FFC
3CCC
3CCC
F0CC
F0CC
C0FC
C0FC
ENDCHAR
STARTCHAR uniFF06
ENCODING 65286
SWIDTH 667 0
DWIDTH 16 0
BBX 16 16 0 0
BITMAP
0FC0
0FC0
3CF0
3CF0
3CF0
3CF0
3CF0
3CF0
3F0F
3F0F
F3FC
F3FC
F0F0
F0F0
3F3F
3F3F
ENDCHAR
STARTCHAR uniFF07
ENCODING 65287
SWIDTH 667 0
DWIDTH 16 0
BBX 4 8 4 8
BITMAP
F0
F0
F0
F0
30
30
C0
C0
ENDCHAR
STARTCHAR uniFF08
ENCODING 65288
SWIDTH 667 0
DWIDTH 16 0
BBX 8 16 2 0
BITMAP
0F
0F
3C
3C
F0
F0
F0
F0
F0
F0
F0
F0
3C
3C
0F
0F
ENDCHAR
STARTCHAR uniFF09
ENCODING 65289
SWIDTH 667 0
DWIDTH 16 0
BBX 8 16 4 0
BITMAP
F0
F0
3C
3C
0F
0F
0F
0F
0F
0F
0F
0F
3C
3C
F0
F0
ENDCHAR
STARTCHAR uniFF0A
ENCODING 65290
SWIDTH 667 0
DWIDTH 16 0
BBX 16 16 0 0
BITMAP
03C0
03C0
F3CF
F3CF
3FFC
3FFC
0FF0
0FF0
0FF0
0FF0
3FFC
3FFC
F3CF
F3CF
03C0
03C0
ENDCHAR
STARTCHAR uniFF0B
ENCODING 65291
SWIDTH 667 0
DWIDTH 16 0
BBX 16 14 0 0
BITMAP
03C0
03C0
03C0
03C0
03C0
03C0
FFFF
FFFF
03C0
03C0
03C0
03C0
03C0
03C0
ENDCHAR
STARTCHAR uniFF0C
ENCODING 65292
SWIDTH 667 0
DWIDTH 16 0
BBX 6 8 2 0
BITMAP
FC
FC
FC
FC
3C
3C
F0
F0
ENDCHAR
STARTCHAR uniFF0D
ENCODING 65293
SWIDTH 667 0
DWIDTH 16 0
BBX 14 2 0 6
BITMAP
FFFC
FFFC
ENDCHAR
STARTCHAR uniFF0E
ENCODING 65294
SWIDTH 667 0
DWIDTH 16 0
BBX 6 4 2 0
BITMAP
FC
FC
FC
FC
ENDCHAR
STARTCHAR uniFF0F
ENCODING 65295
SWIDTH 667 0
DWIDTH 16 0
BBX 16 16 0 0
BITMAP
000F
000F
003F
003F
00FC
00FC
03F0
03F0
0FC0
0FC0
3F00
3F00
FC00
FC00
F000
F000
ENDCHAR
STARTCHAR uniFF10
ENCODING 65296
SWIDTH 667 0
DWIDTH 16 0
BBX 14 16 0 0
BITMAP
3FF0
3FF0
FC3C
FC3C
FCFC
FCFC
FFFC
FFFC
FF3C
FF3C
FC3C
FC3C
FC3C
FC3C
3FF0
3FF0
ENDCHAR
STARTCHAR uniFF11
ENCODING 65297
SWIDTH 667 0
DWIDTH 16 0
BBX 10 16 2 0
BITMAP
3F00
3F00
FF00
FF00
3F00
3F00
3F00
3F00
3F00
3F00
3F00
3F00
3F00
3F00
FFC0
FFC0
ENDCHAR
STARTCHAR uniFF12
ENCODING 65298
SWIDTH 667 0
DWIDTH 16 0
BBX 14 16 0 0
BITMAP
3FF0
3FF0
FCFC
FCFC
FCFC
FCFC
00FC
00FC
03F0
03F0
0FC0
0FC0
3F00
3F00
FFFC
FFFC
ENDCHAR
STARTCHAR uniFF13
ENCODING 65299
SWIDTH 667 0
DWIDTH 16 0
BBX 14 16 0 0
BITMAP
3FF0
3FF0
FCFC
FCFC
00FC
00FC
03F0
03F0
00FC
00FC
FCFC
FCFC
FCFC
FCFC
3FF0
3FF0
ENDCHAR
STARTCHAR uniFF14
ENCODING 65300
SWIDTH 667 0
DWIDTH 16 0
BBX 14 16 0 0
BITMAP
00FC
00FC
03FC
03FC
0FFC
0FFC
3FFC
3FFC
FCFC
FCFC
F0FC
F0FC
FFFC
FFFC
00FC
00FC
ENDCHAR
STARTCHAR uniFF15
ENCODING 65301
SWIDTH 667 0
DWIDTH 16 0
BBX 14 16 0 0
BITMAP
FFFC
FFFC
FC00
FC00
FC00
FC00
FFF0
FFF0
00FC
00FC
FCFC
FCFC
FCFC
FCFC
3FF0
3FF0
ENDCHAR
STARTCHAR uniFF16
ENCODING 65302
SWIDTH 667 0
DWIDTH 16 0
BBX 14 16 0 0
BITMAP
3FF0
3FF0
FCFC
FCFC
FC00
FC00
FFF0
FFF0
FCFC
FCFC
FCFC
FCFC
FCFC
FCFC
3FF0
3FF0
ENDCHAR
STARTCHAR uniFF17
ENCODING 65303
SWIDTH 667 0
DWIDTH 16 0
BBX 14 16 0 0
BITMAP
FFFC
FFFC
FCFC
FCFC
00FC
00FC
03F0
03F0
0FC0
0FC0
0FC0
0FC0
0FC0
0FC0
0FC0
0FC0
ENDCHAR
STARTCHAR uniFF18
ENCODING 65304
SWIDTH 667 0
DWIDTH 16 0
BBX 14 16 0 0
BITMAP
3FF0
3FF0
FCFC
FCFC
FCFC
FCFC
3FF0
3FF0
FCFC
FCFC
FCFC
FCFC
FCFC
FCFC
3FF0
3FF0
ENDCHAR
STARTCHAR uniFF19
ENCODING 65305
SWIDTH 667 0
DWIDTH 16 0
BBX 14 16 0 0
BITMAP
3FF0
3FF0
FCFC
FCFC
FCFC
FCFC
3FFC
3FFC
00FC
00FC
FCFC
FCFC
FCFC
FCFC
3FF0
3FF0
ENDCHAR
STARTCHAR uniFF1A
ENCODING 65306
SWIDTH 667 0
DWIDTH 16 0
BBX 6 12 4 2
BITMAP
FC
FC
FC
FC
00
00
00
00
FC
FC
FC
FC
ENDCHAR
STARTCHAR uniFF1B
ENCODING 65307
SWIDTH 667 0
DWIDTH 16 0
BBX 6 14 4 0
BITMAP
FC
FC
FC
FC
00
00
FC
FC
FC
FC
3C
3C
F0
F0
ENDCHAR
STARTCHAR uniFF1C
ENCODING 65308
SWIDTH 667 0
DWIDTH 16 0
BBX 10 16 2 0
BITMAP
03C0
03C0
0F00
0F00
3C00
3C00
F000
F000
F000
F000
3C00
3C00
0F00
0F00
03C0
03C0
ENDCHAR
STARTCHAR uniFF1D
ENCODING 65309
SWIDTH 667 0
DWIDTH 16 0
BBX 10 8 2 4
BITMAP
FFC0
FFC0
0000
0000
0000
0000
FFC0
FFC0
ENDCHAR
STARTCHAR uniFF1E
ENCODING 65310
SWIDTH 667 0
DWIDTH 16 0
BBX 10 16 2 0
BITMAP
F000
F000
3C00
3C00
0F00
0F00
03C0
03C0
03C0
03C0
0F00
0F00
3C00
3C00
F000
F000
ENDCHAR
STARTCHAR uniFF1F
ENCODING 65311
SWIDTH 667 0
DWIDTH 16 0
BBX 14 16 0 0
BITMAP
3FF0
3FF0
F03C
F03C
F03C
F03C
00F0
00F0
03C0
03C0
0F00
0F00
0000
0000
0F00
0F00
ENDCHAR
STARTCHAR uniFF20
ENCODING 65312
SWIDTH 667 0
DWIDTH 16 0
BBX 14 16 0 0
BITMAP
3FF0
3FF0
F03C
F03C
CFCC
CFCC
CCCC
CCCC
CCCC
CCCC
CFFC
CFFC
F000
F000
3FF0
3FF0
ENDCHAR
STARTCHAR uniFF21
ENCODING 65313
SWIDTH 667 0
DWIDTH 16 0
BBX 14 16 0 0
BITMAP
3FF0
3FF0
FCFC
FCFC
FCFC
FCFC
FFFC
FFFC
FCFC
FCFC
FCFC
FCFC
FCFC
FCFC
FCFC
FCFC
ENDCHAR
STARTCHAR uniFF22
ENCODING 65314
SWIDTH 667 0
DWIDTH 16 0
BBX 14 16 0 0
BITMAP
FFF0
FFF0
FCFC
FCFC
FCFC
FCFC
FFF0
FFF0
FCFC
FCFC
FCFC
FCFC
FCFC
FCFC
FFF0
FFF0
ENDCHAR
STARTCHAR uniFF23
ENCODING 65315
SWIDTH 667 0
DWIDTH 16 0
BBX 14 16 0 0
BITMAP
3FF0
3FF0
FCFC
FCFC
FCFC
FCFC
FC00
FC00
FC00
FC00
FCFC
FCFC
FCFC
FCFC
3FF0
3FF0
ENDCHAR
STARTCHAR uniFF24
ENCODING 65316
SWIDTH 667 0
DWIDTH 16 0
BBX 14 16 0 0
BITMAP
FFF0
FFF0
FCFC
FCFC
FCFC
FCFC
FCFC
FCFC
FCFC
FCFC
FCFC
FCFC
FCFC
FCFC
FFF0
FFF0
ENDCHAR
STARTCHAR uniFF25
ENCODING 65317
SWIDTH 667 0
DWIDTH 16 0
BBX 14 16 0 0
BITMAP
FFFC
FFFC
FC00
FC00
FC00
FC00
FFF0
FFF0
FC00
FC00
FC00
FC00
FC00
FC00
FFFC
FFFC
ENDCHAR
STARTCHAR uniFF26
ENCODING 65318
SWIDTH 667 0
DWIDTH 16 0
BBX 14 16 0 0
BITMAP
FFFC
FFFC
FC00
FC00
FC00
FC00
FFC0
FFC0
FC00
FC00
FC00
FC00
FC00
FC00
FC00
FC00
ENDCHAR
STARTCHAR uniFF27
ENCODING 65319
SWIDTH 667 0
DWIDTH 16 0
BBX 14 16 0 0
BITMAP
3FFC
3FFC
FC00
FC00
FC00
FC00
FCFC
FCFC
FCFC
FCFC
FCFC
FCFC
FCFC
FCFC
3FFC
3FFC
ENDCHAR
STARTCHAR uniFF28
ENCODING 65320
SWIDTH 667 0
DWIDTH 16 0
BBX 14 16 0 0
BITMAP
FCFC
FCFC
FCFC
FCFC
FCFC
FCFC
FFFC
FFFC
FCFC
FCFC
FCFC
FCFC
FCFC
FCFC
FCFC
FCFC
ENDCHAR
STARTCHAR uniFF29
ENCODING 65321
SWIDTH 667 0
DWIDTH 16 0
BBX 10 16 2 0
BITMAP
FFC0
FFC0
3F00
3F00
3F00
3F00
3F00
3F00
3F00
3F00
3F00
3F00
3F00
3F00
FFC0
FFC0
ENDCHAR
STARTCHAR uniFF2A
ENCODING 65322
SWIDTH 667 0
DWIDTH 16 0
BBX 14 16 0 0
BITMAP
00FC
00FC
00FC
00FC
00FC
00FC
00FC
00FC
FCFC
FCFC
FCFC
FCFC
FCFC
FCFC
3FF0
3FF0
ENDCHAR
STARTCHAR uniFF2B
ENCODING 65323
SWIDTH 667 0
DWIDTH 16 0
BBX 14 16 0 0
BITMAP
FC3C
FC3C
FCFC
FCFC
FFF0
FFF0
FFC0
FFC0
FFC0
FFC0
FFF0
FFF0
FCFC
FCFC
FC3C
FC3C
ENDCHAR
STARTCHAR uniFF2C
ENCODING 65324
SWIDTH 667 0
DWIDTH 16 0
BBX 14 16 0 0
BITMAP
FC00
FC00
FC00
FC00
FC00
FC00
FC00
FC00
FC00
FC00
FC00
FC00
FC00
FC00
FFFC
FFFC
ENDCHAR
STARTCHAR uniFF2D
ENCODING 65325
SWIDTH 667 0
DWIDTH 16 0
BBX 14 16 0 0
BITMAP
F03C
F03C
FCFC
FCFC
FFFC
FFFC
FFFC
FFFC
FCFC
FCFC
FCFC
FCFC
FCFC
FCFC
FCFC
FCFC
ENDCHAR
STARTCHAR uniFF2E
ENCODING 65326
SWIDTH 667 0
DWIDTH 16 0
BBX 14 16 0 0
BITMAP
F0FC
F0FC
FCFC
FCFC
FFFC
FFFC
FFFC
FFFC
FFFC
FFFC
FFFC
FFFC
FCFC
FCFC
FC3C
FC3C
ENDCHAR
STARTCHAR uniFF2F
ENCODING 65327
SWIDTH 667 0
DWIDTH 16 0
BBX 14 16 0 0
BITMAP
3FF0
3FF0
FCFC
FCFC
FCFC
FCFC
FCFC
FCFC
FCFC
FCFC
FCFC
FCFC
FCFC
FCFC
3FF0
3FF0
ENDCHAR
STARTCHAR uniFF30
ENCODING 65328
SWIDTH 667 0
DWIDTH 16 0
BBX 14 16 0 0
BITMAP
FFF0
FFF0
FCFC
FCFC
FCFC
FCFC
FFF0
FFF0
FC00
FC00
FC00
FC00
FC00
FC00
FC00
FC00
ENDCHAR
STARTCHAR uniFF31
ENCODING 65329
SWIDTH 667 0
DWIDTH 16 0
BBX 14 16 0 0
BITMAP
3FF0
3FF0
FCFC
FCFC
FCFC
FCFC
FCFC
FCFC
FFFC
FFFC
FFFC
FFFC
FCF0
FCF0
3FFC
3FFC
ENDCHAR
STARTCHAR uniFF32
ENCODING 65330
SWIDTH 667 0
DWIDTH 16 0
BBX 14 16 0 0
BITMAP
FFF0
FFF0
FCFC
FCFC
FCFC
FCFC
FCFC
FCFC
FFF0
FFF0
FCFC
FCFC
FCFC
FCFC
FCFC
FCFC
ENDCHAR
STARTCHAR uniFF33
ENCODING 65331
SWIDTH 667 0
DWIDTH 16 0
BBX 14 16 0 0
BITMAP
3FF0
3FF0
FCFC
FCFC
FC00
FC00
3FF0
3FF0
00FC
00FC
FCFC
FCFC
FCFC
FCFC
3FF0
3FF0
ENDCHAR
STARTCHAR uniFF34
ENCODING 65332
SWIDTH 667 0
DWIDTH 16 0
BBX 14 16 0 0
BITMAP
FFFC
FFFC
0FC0
0FC0
0FC0
0FC0
0FC0
0FC0
0FC0
0FC0
0FC0
0FC0
0FC0
0FC0
0FC0
0FC0
ENDCHAR
STARTCHAR uniFF35
ENCODING 65333
SWIDTH 667 0
DWIDTH 16 0
BBX 14 16 0 0
BITMAP
FCFC
FCFC
FCFC
FCFC
FCFC
FCFC
FCFC
FCFC
FCFC
FCFC
FCFC
FCFC
FCFC
FCFC
3FF0
3FF0
ENDCHAR
STARTCHAR uniFF36
ENCODING 65334
SWIDTH 667 0
DWIDTH 16 0
BBX 14 16 0 0
BITMAP
FCFC
FCFC
FCFC
FCFC
FCFC
FCFC
FCFC
FCFC
FCFC
FCFC
3FF0
3FF0
0FC0
0FC0
0300
0300
ENDCHAR
STARTCHAR uniFF37
ENCODING 65335
SWIDTH 667 0
DWIDTH 16 0
BBX 14 16 0 0
BITMAP
FCFC
FCFC
FCFC
FCFC
FCFC
FCFC
FCFC
FCFC
FFFC
FFFC
FFFC
FFFC
FCFC
FCFC
3030
3030
ENDCHAR
STARTCHAR uniFF38
ENCODING 65336
SWIDTH 667 0
DWIDTH 16 0
BBX 14 16 0 0
BITMAP
FCFC
FCFC
FCFC
FCFC
3FF0
3FF0
0FC0
0FC0
0FC0
0FC0
3FF0
3FF0
FCFC
FCFC
FCFC
FCFC
ENDCHAR
STARTCHAR uniFF39
ENCODING 65337
SWIDTH 667 0
DWIDTH 16 0
BBX 14 16 0 0
BITMAP
FCFC
FCFC
FCFC
FCFC
FCFC
FCFC
3FF0
3FF0
0FC0
0FC0
0FC0
0FC0
0FC0
0FC0
0FC0
0FC0
ENDCHAR
STARTCHAR uniFF3A
ENCODING 65338
SWIDTH 667 0
DWIDTH 16 0
BBX 14 16 0 0
BITMAP
FFFC
FFFC
00FC
00FC
03FC
03FC
0FF0
0FF0
3FC0
3FC0
FF00
FF00
FC00
FC00
FFFC
FFFC
ENDCHAR
STARTCHAR uniFF3B
ENCODING 65339
SWIDTH 667 0
DWIDTH 16 0
BBX 8 16 4 0
BITMAP
FF
FF
F0
F0
F0
F0
F0
F0
F0
F0
F0
F0
F0
F0
FF
FF
ENDCHAR
STARTCHAR uniFF3C
ENCODING 65340
SWIDTH 667 0
DWIDTH 16 0
BBX 16 16 0 0
BITMAP
F000
F000
FC00
FC00
3F00
3F00
0FC0
0FC0
03F0
03F0
00FC
00FC
003F
003F
000F
000F
ENDCHAR
STARTCHAR uniFF3D
ENCODING 65341
SWIDTH 667 0
DWIDTH 16 0
BBX 8 16 2 0
BITMAP
FF
FF
0F
0F
0F
0F
0F
0F
0F
0F
0F
0F
0F
0F
FF
FF
ENDCHAR
STARTCHAR uniFF3E
ENCODING 65342
SWIDTH 667 0
DWIDTH 16 0
BBX 14 8 0 8
BITMAP
0300
0300
0FC0
0FC0
3CF0
3CF0
F03C
F03C
ENDCHAR
STARTCHAR uniFF3F
ENCODING 65343
SWIDTH 667 0
DWIDTH 16 0
BBX 16 2 0 0
BITMAP
FFFF
FFFF
ENDCHAR
STARTCHAR uniFF40
ENCODING 65344
SWIDTH 667 0
DWIDTH 16 0
BBX 10 6 2 10
BITMAP
FC00
FC00
0F00
0F00
00C0
00C0
ENDCHAR
STARTCHAR uniFF41
ENCODING 65345
SWIDTH 667 0
DWIDTH 16 0
BBX 14 10 0 0
BITMAP
FFF0
FFF0
00FC
00FC
3FFC
3FFC
FCFC
FCFC
3FFC
3FFC
ENDCHAR
STARTCHAR uniFF42
ENCODING 65346
SWIDTH 667 0
DWIDTH 16 0
BBX 14 16 0 0
BITMAP
F000
F000
F000
F000
F000
F000
FFF0
FFF0
FCFC
FCFC
FCFC
FCFC
FCFC
FCFC
FFF0
FFF0
ENDCHAR
STARTCHAR uniFF43
ENCODING 65347
SWIDTH 667 0
DWIDTH 16 0
BBX 14 10 0 0
BITMAP
3FF0
3FF0
FCFC
FCFC
FC00
FC00
FCFC
FCFC
3FF0
3FF0
ENDCHAR
STARTCHAR uniFF44
ENCODING 65348
SWIDTH 667 0
DWIDTH 16 0
BBX 14 16 0 0
BITMAP
00FC
00FC
00FC
00FC
00FC
00FC
3FFC
3FFC
FCFC
FCFC
FCFC
FCFC
FCFC
FCFC
3FFC
3FFC
ENDCHAR
STARTCHAR uniFF45
ENCODING 65349
SWIDTH 667 0
DWIDTH 16 0
BBX 14 10 0 0
BITMAP
3FF0
3FF0
FCFC
FCFC
FFFC
FFFC
FC00
FC00
3FFC
3FFC
ENDCHAR
STARTCHAR uniFF46
ENCODING 65350
SWIDTH 667 0
DWIDTH 16 0
BBX 14 16 0 0
BITMAP
03FC
03FC
0FC0
0FC0
0FC0
0FC0
FFFC
FFFC
0FC0
0FC0
0FC0
0FC0
0FC0
0FC0
0FC0
0FC0
ENDCHAR
STARTCHAR uniFF47
ENCODING 65351
SWIDTH 667 0
DWIDTH 16 0
BBX 14 10 0 0
BITMAP
3FFC
3FFC
FCFC
FCFC
3FFC
3FFC
00FC
00FC
3FF0
3FF0
ENDCHAR
STARTCHAR uniFF48
ENCODING 65352
SWIDTH 667 0
DWIDTH 16 0
BBX 14 16 0 0
BITMAP
FC00
FC00
FC00
FC00
FC00
FC00
FFF0
FFF0
FCFC
FCFC
FCFC
FCFC
FCFC
FCFC
FCFC
FCFC
ENDCHAR
STARTCHAR uniFF49
ENCODING 65353
SWIDTH 667 0
DWIDTH 16 0
BBX 6 16 4 0
BITMAP
FC
FC
FC
FC
00
00
FC
FC
FC
FC
FC
FC
FC
FC
FC
FC
ENDCHAR
STARTCHAR uniFF4A
ENCODING 65354
SWIDTH 667 0
DWIDTH 16 0
BBX 10 16 0 0
BITMAP
0FC0
0FC0
0FC0
0FC0
0000
0000
0FC0
0FC0
0FC0
0FC0
0FC0
0FC0
0FC0
0FC0
FF00
FF00
ENDCHAR
STARTCHAR uniFF4B
ENCODING 65355
SWIDTH 667 0
DWIDTH 16 0
BBX 14 16 0 0
BITMAP
FC00
FC00
FC00
FC00
FC00
FC00
FCFC
FCFC
FFF0
FFF0
FFC0
FFC0
FFF0
FFF0
FCFC
FCFC
ENDCHAR
STARTCHAR uniFF4C
ENCODING 65356
SWIDTH 667 0
DWIDTH 16 0
BBX 10 16 2 0
BITMAP
FF00
FF00
3F00
3F00
3F00
3F00
3F00
3F00
3F00
3F00
3F00
3F00
3F00
3F00
3FC0
3FC0
ENDCHAR
STARTCHAR uniFF4D
ENCODING 65357
SWIDTH 667 0
DWIDTH 16 0
BBX 14 10 0 0
BITMAP
F03C
F03C
FCFC
FCFC
FFFC
FFFC
FFFC
FFFC
FCFC
FCFC
ENDCHAR
STARTCHAR uniFF4E
ENCODING 65358
SWIDTH 667 0
DWIDTH 16 0
BBX 14 10 0 0
BITMAP
FFF0
FFF0
FCFC
FCFC
FCFC
FCFC
FCFC
FCFC
FCFC
FCFC
ENDCHAR
STARTCHAR uniFF4F
ENCODING 65359
SWIDTH 667 0
DWIDTH 16 0
BBX 14 10 0 0
BITMAP
3FF0
3FF0
FCFC
FCFC
FCFC
FCFC
FCFC
FCFC
3FF0
3FF0
ENDCHAR
STARTCHAR uniFF50
ENCODING 65360
SWIDTH 667 0
DWIDTH 16 0
BBX 14 10 0 0
BITMAP
FFF0
FFF0
FCFC
FCFC
FCFC
FCFC
FFF0
FFF0
FC00
FC00
ENDCHAR
STARTCHAR uniFF51
ENCODING 65361
SWIDTH 667 0
DWIDTH 16 0
BBX 14 10 0 0
BITMAP
3FFC
3FFC
FCFC
FCFC
FCFC
FCFC
3FFC
3FFC
00FC
00FC
ENDCHAR
STARTCHAR uniFF52
ENCODING 65362
SWIDTH 667 0
DWIDTH 16 0
BBX 14 10 0 0
BITMAP
FFF0
FFF0
FCFC
FCFC
FCFC
FCFC
FC00
FC00
FC00
FC00
ENDCHAR
STARTCHAR uniFF53
ENCODING 65363
SWIDTH 667 0
DWIDTH 16 0
BBX 14 10 0 0
BITMAP
3FFC
3FFC
FC00
FC00
3FF0
3FF0
00FC
00FC
FFF0
FFF0
ENDCHAR
STARTCHAR uniFF54
ENCODING 65364
SWIDTH 667 0
DWIDTH 16 0
BBX 14 16 0 0
BITMAP
0FC0
0FC0
0FC0
0FC0
0FC0
0FC0
FFFC
FFFC
0FC0
0FC0
0FC0
0FC0
0FC0
0FC0
03FC
03FC
ENDCHAR
STARTCHAR uniFF55
ENCODING 65365
SWIDTH 667 0
DWIDTH 16 0
BBX 14 10 0 0
BITMAP
FCFC
FCFC
FCFC
FCFC
FCFC
FCFC
FCFC
FCFC
3FFC
3FFC
ENDCHAR
STARTCHAR uniFF56
ENCODING 65366
SWIDTH 667 0
DWIDTH 16 0
BBX 14 10 0 0
BITMAP
FCFC
FCFC
FCFC
FCFC
3FF0
3FF0
0FC0
0FC0
0300
0300
ENDCHAR
STARTCHAR uniFF57
ENCODING 65367
SWIDTH 667 0
DWIDTH 16 0
BBX 14 10 0 0
BITMAP
FCFC
FCFC
FFFC
FFFC
FFFC
FFFC
FCFC
FCFC
F03C
F03C
ENDCHAR
STARTCHAR uniFF58
ENCODING 65368
SWIDTH 667 0
DWIDTH 16 0
BBX 14 10 0 0
BITMAP
FCFC
FCFC
3FF0
3FF0
0FC0
0FC0
3FF0
3FF0
FCFC
FCFC
ENDCHAR
STARTCHAR uniFF59
ENCODING 65369
SWIDTH 667 0
DWIDTH 16 0
BBX 14 10 0 0
BITMAP
FCFC
FCFC
FCFC
FCFC
3FFC
3FFC
00FC
00FC
3FF0
3FF0
ENDCHAR
STARTCHAR uniFF5A
ENCODING 65370
SWIDTH 667 0
DWIDTH 16 0
BBX 14 10 0 0
BITMAP
FFFC
FFFC
03F0
03F0
0FC0
0FC0
3F00
3F00
FFFC
FFFC
ENDCHAR
STARTCHAR uniFF5B
ENCODING 65371
SWIDTH 667 0
DWIDTH 16 0
BBX 12 16 0 0
BITMAP
03F0
03F0
0F00
0F00
0F00
0F00
FF00
FF00
FF00
FF00
0F00
0F00
0F00
0F00
03F0
03F0
ENDCHAR
STARTCHAR uniFF5C
ENCODING 65372
SWIDTH 667 0
DWIDTH 16 0
BBX 6 16 4 0
BITMAP
FC
FC
FC
FC
FC
FC
FC
FC
FC
FC
FC
FC
FC
FC
FC
FC
ENDCHAR
STARTCHAR uniFF5D
ENCODING 65373
SWIDTH 667 0
DWIDTH 16 0
BBX 12 16 2 0
BITMAP
FC00
FC00
0F00
0F00
0F00
0F00
0FF0
0FF0
0FF0
0FF0
0F00
0F00
0F00
0F00
FC00
FC00
ENDCHAR
STARTCHAR uniFF5E
ENCODING 65374
SWIDTH 667 0
DWIDTH 16 0
BBX 14 6 0 4
BITMAP
3C00
3C00
CF0C
CF0C
03F0
03F0
ENDCHAR
STARTCHAR uniFF61
ENCODING 65377
SWIDTH 333 0
DWIDTH 8 0
BBX 6 6 0 2
BITMAP
FC
FC
CC
CC
FC
FC
ENDCHAR
STARTCHAR uniFF62
ENCODING 65378
SWIDTH 333 0
DWIDTH 8 0
BBX 4 6 0 6
BITMAP
F0
F0
C0
C0
C0
C0
ENDCHAR
STARTCHAR uniFF63
ENCODING 65379
SWIDTH 333 0
DWIDTH 8 0
BBX 4 6 2 2
BITMAP
30
30
30
30
F0
F0
ENDCHAR
STARTCHAR uniFF64
ENCODING 65380
SWIDTH 333 0
DWIDTH 8 0
BBX 4 4 0 2
BITMAP
C0
C0
30
30
ENDCHAR
STARTCHAR uniFF65
ENCODING 65381
SWIDTH 333 0
DWIDTH 8 0
BBX 2 2 2 6
BITMAP
C0
C0
ENDCHAR
STARTCHAR uniFF66
ENCODING 65382
SWIDTH 333 0
DWIDTH 8 0
BBX 6 10 0 2
BITMAP
FC
FC
0C
0C
FC
FC
0C
0C
30
30
ENDCHAR
STARTCHAR uniFF67
ENCODING 65383
SWIDTH 333 0
DWIDTH 8 0
BBX 6 6 0 2
BITMAP
FC
FC
3C
3C
30
30
ENDCHAR
STARTCHAR uniFF68
ENCODING 65384
SWIDTH 333 0
DWIDTH 8 0
BBX 6 6 0 2
BITMAP
0C
0C
F0
F0
30
30
ENDCHAR
STARTCHAR uniFF69
ENCODING 65385
SWIDTH 333 0
DWIDTH 8 0
BBX 6 6 0 2
BITMAP
30
30
FC
FC
0C
0C
ENDCHAR
STARTCHAR uniFF6A
ENCODING 65386
SWIDTH 333 0
DWIDTH 8 0
BBX 6 6 0 2
BITMAP
FC
FC
30
30
FC
FC
ENDCHAR
STARTCHAR uniFF6B
ENCODING 65387
SWIDTH 333 0
DWIDTH 8 0
BBX 6 6 0 2
BITMAP
FC
FC
3C
3C
CC
CC
ENDCHAR
STARTCHAR uniFF6C
ENCODING 65388
SWIDTH 333 0
DWIDTH 8 0
BBX 6 6 0 2
BITMAP
FC
FC
CC
CC
C0
C0
ENDCHAR
STARTCHAR uniFF6D
ENCODING 65389
SWIDTH 333 0
DWIDTH 8 0
BBX 6 6 0 2
BITMAP
F0
F0
30
30
FC
FC
ENDCHAR
STARTCHAR uniFF6E
ENCODING 65390
SWIDTH 333 0
DWIDTH 8 0
BBX 6 6 0 2
BITMAP
FC
FC
3C
3C
FC
FC
ENDCHAR
STARTCHAR uniFF6F
ENCODING 65391
SWIDTH 333 0
DWIDTH 8 0
BBX 6 6 0 2
BITMAP
FC
FC
0C
0C
30
30
ENDCHAR
STARTCHAR uniFF70
ENCODING 65392
SWIDTH 333 0
DWIDTH 8 0
BBX 6 2 0 6
BITMAP
FC
FC
ENDCHAR
STARTCHAR uniFF71
ENCODING 65393
SWIDTH 333 0
DWIDTH 8 0
BBX 6 10 0 2
BITMAP
FC
FC
0C
0C
3C
3C
30
30
C0
C0
ENDCHAR
STARTCHAR uniFF72
ENCODING 65394
SWIDTH 333 0
DWIDTH 8 0
BBX 6 10 0 2
BITMAP
0C
0C
30
30
F0
F0
30
30
30
30
ENDCHAR
STARTCHAR uniFF73
ENCODING 65395
SWIDTH 333 0
DWIDTH 8 0
BBX 6 10 0 2
BITMAP
30
30
FC
FC
CC
CC
0C
0C
3C
3C
ENDCHAR
STARTCHAR uniFF74
ENCODING 65396
SWIDTH 333 0
DWIDTH 8 0
BBX 6 10 0 2
BITMAP
FC
FC
30
30
30
30
30
30
FC
FC
ENDCHAR
STARTCHAR uniFF75
ENCODING 65397
SWIDTH 333 0
DWIDTH 8 0
BBX 6 10 0 2
BITMAP
0C
0C
FC
FC
3C
3C
3C
3C
CC
CC
ENDCHAR
STARTCHAR uniFF76
ENCODING 65398
SWIDTH 333 0
DWIDTH 8 0
BBX 6 10 0 2
BITMAP
C0
C0
FC
FC
CC
CC
CC
CC
CC
CC
ENDCHAR
STARTCHAR uniFF77
ENCODING 65399
SWIDTH 333 0
DWIDTH 8 0
BBX 6 10 0 2
BITMAP
30
30
FC
FC
30
30
FC
FC
30
30
ENDCHAR
STARTCHAR uniFF78
ENCODING 65400
SWIDTH 333 0
DWIDTH 8 0
BBX 6 10 0 2
BITMAP
3C
3C
CC
CC
0C
0C
0C
0C
30
30
ENDCHAR
STARTCHAR uniFF79
ENCODING 65401
SWIDTH 333 0
DWIDTH 8 0
BBX 6 10 0 2
BITMAP
C0
C0
FC
FC
30
30
30
30
30
30
ENDCHAR
STARTCHAR uniFF7A
ENCODING 65402
SWIDTH 333 0
DWIDTH 8 0
BBX 6 10 0 2
BITMAP
FC
FC
0C
0C
0C
0C
0C
0C
FC
FC
ENDCHAR
STARTCHAR uniFF7B
ENCODING 65403
SWIDTH 333 0
DWIDTH 8 0
BBX 6 10 0 2
BITMAP
CC
CC
FC
FC
CC
CC
0C
0C
30
30
ENDCHAR
STARTCHAR uniFF7C
ENCODING 65404
SWIDTH 333 0
DWIDTH 8 0
BBX 6 10 0 2
BITMAP
CC
CC
0C
0C
CC
CC
0C
0C
F0
F0
ENDCHAR
STARTCHAR uniFF7D
ENCODING 65405
SWIDTH 333 0
DWIDTH 8 0
BBX 6 10 0 2
BITMAP
FC
FC
0C
0C
0C
0C
30
30
CC
CC
ENDCHAR
STARTCHAR uniFF7E
ENCODING 65406
SWIDTH 333 0
DWIDTH 8 0
BBX 6 10 0 2
BITMAP
C0
C0
FC
FC
CC
CC
C0
C0
FC
FC
ENDCHAR
STARTCHAR uniFF7F
ENCODING 65407
SWIDTH 333 0
DWIDTH 8 0
BBX 6 10 0 2
BITMAP
CC
CC
3C
3C
0C
0C
0C
0C
30
30
ENDCHAR
STARTCHAR uniFF80
ENCODING 65408
SWIDTH 333 0
DWIDTH 8 0
BBX 6 10 0 2
BITMAP
FC
FC
CC
CC
FC
FC
CC
CC
0C
0C
ENDCHAR
STARTCHAR uniFF81
ENCODING 65409
SWIDTH 333 0
DWIDTH 8 0
BBX 6 10 0 2
BITMAP
FC
FC
30
30
FC
FC
30
30
30
30
ENDCHAR
STARTCHAR uniFF82
ENCODING 65410
SWIDTH 333 0
DWIDTH 8 0
BBX 6 10 0 2
BITMAP
FC
FC
FC
FC
FC
FC
0C
0C
F0
F0
ENDCHAR
STARTCHAR uniFF83
ENCODING 65411
SWIDTH 333 0
DWIDTH 8 0
BBX 6 10 0 2
BITMAP
FC
FC
00
00
FC
FC
30
30
30
30
ENDCHAR
STARTCHAR uniFF84
ENCODING 65412
SWIDTH 333 0
DWIDTH 8 0
BBX 6 10 0 2
BITMAP
C0
C0
C0
C0
FC
FC
C0
C0
C0
C0
ENDCHAR
STARTCHAR uniFF85
ENCODING 65413
SWIDTH 333 0
DWIDTH 8 0
BBX 6 10 0 2
BITMAP
30
30
FC
FC
30
30
30
30
C0
C0
ENDCHAR
STARTCHAR uniFF86
ENCODING 65414
SWIDTH 333 0
DWIDTH 8 0
BBX 6 10 0 2
BITMAP
FC
FC
00
00
00
00
00
00
FC
FC
ENDCHAR
STARTCHAR uniFF87
ENCODING 65415
SWIDTH 333 0
DWIDTH 8 0
BBX 6 10 0 2
BITMAP
FC
FC
0C
0C
CC
CC
30
30
CC
CC
ENDCHAR
STARTCHAR uniFF88
ENCODING 65416
SWIDTH 333 0
DWIDTH 8 0
BBX 6 10 0 2
BITMAP
30
30
FC
FC
0C
0C
30
30
FC
FC
ENDCHAR
STARTCHAR uniFF89
ENCODING 65417
SWIDTH 333 0
DWIDTH 8 0
BBX 6 10 0 2
BITMAP
0C
0C
0C
0C
0C
0C
30
30
C0
C0
ENDCHAR
STARTCHAR uniFF8A
ENCODING 65418
SWIDTH 333 0
DWIDTH 8 0
BBX 6 10 0 2
BITMAP
0C
0C
CC
CC
CC
CC
CC
CC
CC
CC
ENDCHAR
STARTCHAR uniFF8B
ENCODING 65419
SWIDTH 333 0
DWIDTH 8 0
BBX 6 10 0 2
BITMAP
C0
C0
FC
FC
C0
C0
C0
C0
3C
3C
ENDCHAR
STARTCHAR uniFF8C
ENCODING 65420
SWIDTH 333 0
DWIDTH 8 0
BBX 6 10 0 2
BITMAP
FC
FC
0C
0C
0C
0C
30
30
C0
C0
ENDCHAR
STARTCHAR uniFF8D
ENCODING 65421
SWIDTH 333 0
DWIDTH 8 0
BBX 6 10 0 2
BITMAP
30
30
30
30
CC
CC
CC
CC
0C
0C
ENDCHAR
STARTCHAR uniFF8E
ENCODING 65422
SWIDTH 333 0
DWIDTH 8 0
BBX 6 10 0 2
BITMAP
30
30
FC
FC
30
30
FC
FC
FC
FC
ENDCHAR
STARTCHAR uniFF8F
ENCODING 65423
SWIDTH 333 0
DWIDTH 8 0
BBX 6 10 0 2
BITMAP
FC
FC
0C
0C
CC
CC
30
30
30
30
ENDCHAR
STARTCHAR uniFF90
ENCODING 65424
SWIDTH 333 0
DWIDTH 8 0
BBX 6 10 0 2
BITMAP
FC
FC
00
00
FC
FC
00
00
FC
FC
ENDCHAR
STARTCHAR uniFF91
ENCODING 65425
SWIDTH 333 0
DWIDTH 8 0
BBX 6 10 0 2
BITMAP
30
30
C0
C0
CC
CC
CC
CC
FC
FC
ENDCHAR
STARTCHAR uniFF92
ENCODING 65426
SWIDTH 333 0
DWIDTH 8 0
BBX 6 10 0 2
BITMAP
0C
0C
CC
CC
30
30
CC
CC
C0
C0
ENDCHAR
STARTCHAR uniFF93
ENCODING 65427
SWIDTH 333 0
DWIDTH 8 0
BBX 6 10 0 2
BITMAP
FC
FC
30
30
FC
FC
30
30
3C
3C
ENDCHAR
STARTCHAR uniFF94
ENCODING 65428
SWIDTH 333 0
DWIDTH 8 0
BBX 6 10 0 2
BITMAP
C0
C0
FC
FC
CC
CC
C0
C0
C0
C0
ENDCHAR
STARTCHAR uniFF95
ENCODING 65429
SWIDTH 333 0
DWIDTH 8 0
BBX 6 10 0 2
BITMAP
F0
F0
30
30
30
30
30
30
FC
FC
ENDCHAR
STARTCHAR uniFF96
ENCODING 65430
SWIDTH 333 0
DWIDTH 8 0
BBX 6 10 0 2
BITMAP
FC
FC
0C
0C
FC
FC
0C
0C
FC
FC
ENDCHAR
STARTCHAR uniFF97
ENCODING 65431
SWIDTH 333 0
DWIDTH 8 0
BBX 6 10 0 2
BITMAP
FC
FC
00
00
FC
FC
0C
0C
F0
F0
ENDCHAR
STARTCHAR uniFF98
ENCODING 65432
SWIDTH 333 0
DWIDTH 8 0
BBX 6 10 0 2
BITMAP
CC
CC
CC
CC
CC
CC
0C
0C
30
30
ENDCHAR
STARTCHAR uniFF99
ENCODING 65433
SWIDTH 333 0
DWIDTH 8 0
BBX 6 10 0 2
BITMAP
30
30
F0
F0
F0
F0
F0
F0
FC
FC
ENDCHAR
STARTCHAR uniFF9A
ENCODING 65434
SWIDTH 333 0
DWIDTH 8 0
BBX 6 10 0 2
BITMAP
C0
C0
C0
C0
CC
CC
CC
CC
F0
F0
ENDCHAR
STARTCHAR uniFF9B
ENCODING 65435
SWIDTH 333 0
DWIDTH 8 0
BBX 6 10 0 2
BITMAP
FC
FC
CC
CC
CC
CC
CC
CC
FC
FC
ENDCHAR
STARTCHAR uniFF9C
ENCODING 65436
SWIDTH 333 0
DWIDTH 8 0
BBX 6 10 0 2
BITMAP
FC
FC
CC
CC
0C
0C
0C
0C
30
30
ENDCHAR
STARTCHAR uniFF9D
ENCODING 65437
SWIDTH 333 0
DWIDTH 8 0
BBX 6 10 0 2
BITMAP
F0
F0
00
00
0C
0C
0C
0C
F0
F0
ENDCHAR
STARTCHAR uniFF9E
ENCODING 65438
SWIDTH 333 0
DWIDTH 8 0
BBX 6 4 0 8
BITMAP
CC
CC
CC
CC
ENDCHAR
STARTCHAR uniFF9F
ENCODING 65439
SWIDTH 333 0
DWIDTH 8 0
BBX 6 6 0 6
BITMAP
FC
FC
CC
CC
FC
FC
ENDCHAR
STARTCHAR uniFFE0
ENCODING 65504
SWIDTH 667 0
DWIDTH 16 0
BBX 14 16 0 0
BITMAP
0300
0300
3FF0
3FF0
F33C
F33C
F300
F300
F300
F300
F33C
F33C
3FF0
3FF0
0300
0300
ENDCHAR
STARTCHAR uniFFE1
ENCODING 65505
SWIDTH 667 0
DWIDTH 16 0
BBX 14 16 0 0
BITMAP
0FF0
0FF0
3C3C
3C3C
3C00
3C00
FFC0
FFC0
3C00
3C00
3C00
3C00
FF0C
FF0C
C0F0
C0F0
ENDCHAR
STARTCHAR uniFFE2
ENCODING 65506
SWIDTH 667 0
DWIDTH 16 0
BBX 14 6 0 4
BITMAP
FFFC
FFFC
003C
003C
003C
003C
ENDCHAR
STARTCHAR uniFFE3
ENCODING 65507
SWIDTH 667 0
DWIDTH 16 0
BBX 14 2 0 14
BITMAP
FFFC
FFFC
ENDCHAR
STARTCHAR uniFFE4
ENCODING 65508
SWIDTH 667 0
DWIDTH 16 0
BBX 4 16 6 0
BITMAP
F0
F0
F0
F0
F0
F0
00
00
00
00
F0
F0
F0
F0
F0
F0
ENDCHAR
STARTCHAR uniFFE5
ENCODING 65509
SWIDTH 667 0
DWIDTH 16 0
BBX 16 16 0 0
BITMAP
F00F
F00F
3C3C
3C3C
0FF0
0FF0
03C0
03C0
3FFC
3FFC
03C0
03C0
3FFC
3FFC
03C0
03C0
ENDCHAR
ENDFONT
