STARTFONT 2.1
FONT ImpactfulBits-13px
SIZE 13 75 75
FONTBOUNDINGBOX 9 13 -1 -3
STARTPROPERTIES 5
PIXEL_SIZE 13
FONT_ASCENT 10
FONT_DESCENT 3
CHARSET_REGISTRY "ISO10646"
CHARSET_ENCODING "1"
ENDPROPERTIES
CHARS 1002
STARTCHAR space
ENCODING 32
SWIDTH 385 0
DWIDTH 5 0
BBX 1 1 0 0
BITMAP
00
ENDCHAR
STARTCHAR exclam
ENCODING 33
SWIDTH 231 0
DWIDTH 3 0
BBX 2 7 0 0
BITMAP
C0
C0
C0
C0
C0
00
C0
ENDCHAR
STARTCHAR quotedbl
ENCODING 34
SWIDTH 462 0
DWIDTH 6 0
BBX 5 3 0 5
BITMAP
D8
D8
D8
ENDCHAR
STARTCHAR numbersign
ENCODING 35
SWIDTH 615 0
DWIDTH 8 0
BBX 7 6 0 0
BITMAP
6C
FE
6C
6C
FE
6C
ENDCHAR
STARTCHAR dollar
ENCODING 36
SWIDTH 462 0
DWIDTH 6 0
BBX 5 9 0 -1
BITMAP
20
70
D8
C0
70
18
D8
70
20
ENDCHAR
STARTCHAR percent
ENCODING 37
SWIDTH 462 0
DWIDTH 6 0
BBX 5 8 0 0
BITMAP
C0
D8
18
30
60
C0
D8
D8
ENDCHAR
STARTCHAR ampersand
ENCODING 38
SWIDTH 538 0
DWIDTH 7 0
BBX 6 7 0 0
BITMAP
70
D8
C0
7C
D8
D8
6C
ENDCHAR
STARTCHAR quotesingle
ENCODING 39
SWIDTH 231 0
DWIDTH 3 0
BBX 2 3 0 5
BITMAP
C0
C0
C0
ENDCHAR
STARTCHAR parenleft
ENCODING 40
SWIDTH 308 0
DWIDTH 4 0
BBX 3 9 0 -1
BITMAP
60
C0
C0
C0
C0
C0
C0
C0
60
ENDCHAR
STARTCHAR parenright
ENCODING 41
SWIDTH 308 0
DWIDTH 4 0
BBX 3 9 0 -1
BITMAP
C0
60
60
60
60
60
60
60
C0
ENDCHAR
STARTCHAR asterisk
ENCODING 42
SWIDTH 462 0
DWIDTH 6 0
BBX 5 4 0 4
BITMAP
20
F8
70
D8
ENDCHAR
STARTCHAR plus
ENCODING 43
SWIDTH 462 0
DWIDTH 6 0
BBX 5 5 0 1
BITMAP
20
20
F8
20
20
ENDCHAR
STARTCHAR comma
ENCODING 44
SWIDTH 308 0
DWIDTH 4 0
BBX 3 3 0 -1
BITMAP
60
60
C0
ENDCHAR
STARTCHAR hyphen
ENCODING 45
SWIDTH 462 0
DWIDTH 6 0
BBX 5 1 0 3
BITMAP
F8
ENDCHAR
STARTCHAR period
ENCODING 46
SWIDTH 231 0
DWIDTH 3 0
BBX 2 2 0 0
BITMAP
C0
C0
ENDCHAR
STARTCHAR slash
ENCODING 47
SWIDTH 385 0
DWIDTH 5 0
BBX 4 7 0 0
BITMAP
30
30
60
60
60
C0
C0
ENDCHAR
STARTCHAR zero
ENCODING 48
SWIDTH 462 0
DWIDTH 6 0
BBX 5 7 0 0
BITMAP
30
58
D8
D8
D8
D0
60
ENDCHAR
STARTCHAR one
ENCODING 49
SWIDTH 385 0
DWIDTH 5 0
BBX 4 7 0 0
BITMAP
E0
60
60
60
60
60
F0
ENDCHAR
STARTCHAR two
ENCODING 50
SWIDTH 462 0
DWIDTH 6 0
BBX 5 7 0 0
BITMAP
70
D8
18
30
60
C0
F8
ENDCHAR
STARTCHAR three
ENCODING 51
SWIDTH 462 0
DWIDTH 6 0
BBX 5 7 0 0
BITMAP
70
D8
18
30
18
D8
70
ENDCHAR
STARTCHAR four
ENCODING 52
SWIDTH 462 0
DWIDTH 6 0
BBX 5 7 0 0
BITMAP
D8
D8
D8
F8
18
18
18
ENDCHAR
STARTCHAR five
ENCODING 53
SWIDTH 462 0
DWIDTH 6 0
BBX 5 7 0 0
BITMAP
F8
C0
C0
F0
18
18
F0
ENDCHAR
STARTCHAR six
ENCODING 54
SWIDTH 462 0
DWIDTH 6 0
BBX 5 7 0 0
BITMAP
70
D8
C0
F0
D8
D8
70
ENDCHAR
STARTCHAR seven
ENCODING 55
SWIDTH 462 0
DWIDTH 6 0
BBX 5 7 0 0
BITMAP
F8
18
18
30
60
60
60
ENDCHAR
STARTCHAR eight
ENCODING 56
SWIDTH 462 0
DWIDTH 6 0
BBX 5 7 0 0
BITMAP
70
D8
D8
70
D8
D8
70
ENDCHAR
STARTCHAR nine
ENCODING 57
SWIDTH 462 0
DWIDTH 6 0
BBX 5 7 0 0
BITMAP
70
D8
D8
78
18
D8
70
ENDCHAR
STARTCHAR colon
ENCODING 58
SWIDTH 231 0
DWIDTH 3 0
BBX 2 5 0 0
BITMAP
C0
C0
00
C0
C0
ENDCHAR
STARTCHAR semicolon
ENCODING 59
SWIDTH 308 0
DWIDTH 4 0
BBX 3 6 0 -1
BITMAP
60
60
00
60
60
C0
ENDCHAR
STARTCHAR less
ENCODING 60
SWIDTH 385 0
DWIDTH 5 0
BBX 4 5 0 1
BITMAP
30
60
C0
60
30
ENDCHAR
STARTCHAR equal
ENCODING 61
SWIDTH 462 0
DWIDTH 6 0
BBX 5 3 0 2
BITMAP
F8
00
F8
ENDCHAR
STARTCHAR greater
ENCODING 62
SWIDTH 385 0
DWIDTH 5 0
BBX 4 5 0 1
BITMAP
C0
60
30
60
C0
ENDCHAR
STARTCHAR question
ENCODING 63
SWIDTH 462 0
DWIDTH 6 0
BBX 5 7 0 0
BITMAP
70
D8
18
30
60
00
60
ENDCHAR
STARTCHAR at
ENCODING 64
SWIDTH 538 0
DWIDTH 7 0
BBX 6 7 0 0
BITMAP
78
CC
DC
DC
D8
C0
78
ENDCHAR
STARTCHAR A
ENCODING 65
SWIDTH 462 0
DWIDTH 6 0
BBX 5 7 0 0
BITMAP
70
D8
D8
F8
D8
D8
D8
ENDCHAR
STARTCHAR B
ENCODING 66
SWIDTH 462 0
DWIDTH 6 0
BBX 5 7 0 0
BITMAP
F0
D8
D8
F0
D8
D8
F0
ENDCHAR
STARTCHAR C
ENCODING 67
SWIDTH 462 0
DWIDTH 6 0
BBX 5 7 0 0
BITMAP
70
D8
D8
C0
D8
D8
70
ENDCHAR
STARTCHAR D
ENCODING 68
SWIDTH 462 0
DWIDTH 6 0
BBX 5 7 0 0
BITMAP
F0
D8
D8
D8
D8
D8
F0
ENDCHAR
STARTCHAR E
ENCODING 69
SWIDTH 462 0
DWIDTH 6 0
BBX 5 7 0 0
BITMAP
F8
C0
C0
F0
C0
C0
F8
ENDCHAR
STARTCHAR F
ENCODING 70
SWIDTH 462 0
DWIDTH 6 0
BBX 5 7 0 0
BITMAP
F8
C0
C0
F0
C0
C0
C0
ENDCHAR
STARTCHAR G
ENCODING 71
SWIDTH 462 0
DWIDTH 6 0
BBX 5 7 0 0
BITMAP
78
C0
C0
D8
D8
D8
78
ENDCHAR
STARTCHAR H
ENCODING 72
SWIDTH 462 0
DWIDTH 6 0
BBX 5 7 0 0
BITMAP
D8
D8
D8
F8
D8
D8
D8
ENDCHAR
STARTCHAR I
ENCODING 73
SWIDTH 385 0
DWIDTH 5 0
BBX 4 7 0 0
BITMAP
F0
60
60
60
60
60
F0
ENDCHAR
STARTCHAR J
ENCODING 74
SWIDTH 462 0
DWIDTH 6 0
BBX 5 7 0 0
BITMAP
18
18
18
18
D8
D8
70
ENDCHAR
STARTCHAR K
ENCODING 75
SWIDTH 462 0
DWIDTH 6 0
BBX 5 7 0 0
BITMAP
D8
D8
D8
F0
D8
D8
D8
ENDCHAR
STARTCHAR L
ENCODING 76
SWIDTH 462 0
DWIDTH 6 0
BBX 5 7 0 0
BITMAP
C0
C0
C0
C0
C0
C0
F8
ENDCHAR
STARTCHAR M
ENCODING 77
SWIDTH 462 0
DWIDTH 6 0
BBX 5 7 0 0
BITMAP
D8
F8
F8
D8
D8
D8
D8
ENDCHAR
STARTCHAR N
ENCODING 78
SWIDTH 462 0
DWIDTH 6 0
BBX 5 7 0 0
BITMAP
F0
D8
D8
D8
D8
D8
D8
ENDCHAR
STARTCHAR O
ENCODING 79
SWIDTH 462 0
DWIDTH 6 0
BBX 5 7 0 0
BITMAP
70
D8
D8
D8
D8
D8
70
ENDCHAR
STARTCHAR P
ENCODING 80
SWIDTH 462 0
DWIDTH 6 0
BBX 5 7 0 0
BITMAP
F0
D8
D8
D8
F0
C0
C0
ENDCHAR
STARTCHAR Q
ENCODING 81
SWIDTH 462 0
DWIDTH 6 0
BBX 5 9 0 -2
BITMAP
70
D8
D8
D8
D8
D8
70
30
18
ENDCHAR
STARTCHAR R
ENCODING 82
SWIDTH 462 0
DWIDTH 6 0
BBX 5 7 0 0
BITMAP
F0
D8
D8
F0
D8
D8
D8
ENDCHAR
STARTCHAR S
ENCODING 83
SWIDTH 462 0
DWIDTH 6 0
BBX 5 7 0 0
BITMAP
70
D8
C0
70
18
D8
70
ENDCHAR
STARTCHAR T
ENCODING 84
SWIDTH 385 0
DWIDTH 5 0
BBX 4 7 0 0
BITMAP
F0
60
60
60
60
60
60
ENDCHAR
STARTCHAR U
ENCODING 85
SWIDTH 462 0
DWIDTH 6 0
BBX 5 7 0 0
BITMAP
D8
D8
D8
D8
D8
D8
70
ENDCHAR
STARTCHAR V
ENCODING 86
SWIDTH 462 0
DWIDTH 6 0
BBX 5 7 0 0
BITMAP
D8
D8
D8
D8
F8
70
20
ENDCHAR
STARTCHAR W
ENCODING 87
SWIDTH 462 0
DWIDTH 6 0
BBX 5 7 0 0
BITMAP
D8
D8
D8
D8
F8
F8
D8
ENDCHAR
STARTCHAR X
ENCODING 88
SWIDTH 462 0
DWIDTH 6 0
BBX 5 7 0 0
BITMAP
D8
D8
D8
70
D8
D8
D8
ENDCHAR
STARTCHAR Y
ENCODING 89
SWIDTH 462 0
DWIDTH 6 0
BBX 5 7 0 0
BITMAP
D8
D8
D8
70
70
70
70
ENDCHAR
STARTCHAR Z
ENCODING 90
SWIDTH 462 0
DWIDTH 6 0
BBX 5 7 0 0
BITMAP
F8
18
38
70
E0
C0
F8
ENDCHAR
STARTCHAR bracketleft
ENCODING 91
SWIDTH 308 0
DWIDTH 4 0
BBX 3 9 0 -1
BITMAP
E0
C0
C0
C0
C0
C0
C0
C0
E0
ENDCHAR
STARTCHAR backslash
ENCODING 92
SWIDTH 385 0
DWIDTH 5 0
BBX 4 7 0 0
BITMAP
C0
C0
60
60
60
30
30
ENDCHAR
STARTCHAR bracketright
ENCODING 93
SWIDTH 308 0
DWIDTH 4 0
BBX 3 9 0 -1
BITMAP
E0
60
60
60
60
60
60
60
E0
ENDCHAR
STARTCHAR asciicircum
ENCODING 94
SWIDTH 462 0
DWIDTH 6 0
BBX 5 3 0 5
BITMAP
20
70
D8
ENDCHAR
STARTCHAR underscore
ENCODING 95
SWIDTH 462 0
DWIDTH 6 0
BBX 5 1 0 0
BITMAP
F8
ENDCHAR
STARTCHAR grave
ENCODING 96
SWIDTH 308 0
DWIDTH 4 0
BBX 3 2 0 6
BITMAP
C0
60
ENDCHAR
STARTCHAR a
ENCODING 97
SWIDTH 462 0
DWIDTH 6 0
BBX 5 5 0 0
BITMAP
70
18
78
D8
78
ENDCHAR
STARTCHAR b
ENCODING 98
SWIDTH 462 0
DWIDTH 6 0
BBX 5 7 0 0
BITMAP
C0
C0
F0
D8
D8
D8
F0
ENDCHAR
STARTCHAR c
ENCODING 99
SWIDTH 462 0
DWIDTH 6 0
BBX 5 5 0 0
BITMAP
70
D8
C0
D8
70
ENDCHAR
STARTCHAR d
ENCODING 100
SWIDTH 462 0
DWIDTH 6 0
BBX 5 7 0 0
BITMAP
18
18
78
D8
D8
D8
78
ENDCHAR
STARTCHAR e
ENCODING 101
SWIDTH 462 0
DWIDTH 6 0
BBX 5 5 0 0
BITMAP
70
D8
F8
C0
78
ENDCHAR
STARTCHAR f
ENCODING 102
SWIDTH 385 0
DWIDTH 5 0
BBX 4 7 0 0
BITMAP
70
C0
C0
E0
C0
C0
C0
ENDCHAR
STARTCHAR g
ENCODING 103
SWIDTH 462 0
DWIDTH 6 0
BBX 5 7 0 -2
BITMAP
78
D8
D8
D8
78
18
70
ENDCHAR
STARTCHAR h
ENCODING 104
SWIDTH 462 0
DWIDTH 6 0
BBX 5 7 0 0
BITMAP
C0
C0
F0
D8
D8
D8
D8
ENDCHAR
STARTCHAR i
ENCODING 105
SWIDTH 385 0
DWIDTH 5 0
BBX 4 7 0 0
BITMAP
60
00
E0
60
60
60
F0
ENDCHAR
STARTCHAR j
ENCODING 106
SWIDTH 231 0
DWIDTH 3 0
BBX 3 9 -1 -2
BITMAP
60
00
60
60
60
60
60
60
C0
ENDCHAR
STARTCHAR k
ENCODING 107
SWIDTH 462 0
DWIDTH 6 0
BBX 5 7 0 0
BITMAP
C0
C0
D8
D8
F0
D8
D8
ENDCHAR
STARTCHAR l
ENCODING 108
SWIDTH 385 0
DWIDTH 5 0
BBX 4 7 0 0
BITMAP
E0
60
60
60
60
60
70
ENDCHAR
STARTCHAR m
ENCODING 109
SWIDTH 462 0
DWIDTH 6 0
BBX 5 5 0 0
BITMAP
D8
F8
F8
D8
D8
ENDCHAR
STARTCHAR n
ENCODING 110
SWIDTH 462 0
DWIDTH 6 0
BBX 5 5 0 0
BITMAP
F0
D8
D8
D8
D8
ENDCHAR
STARTCHAR o
ENCODING 111
SWIDTH 462 0
DWIDTH 6 0
BBX 5 5 0 0
BITMAP
70
D8
D8
D8
70
ENDCHAR
STARTCHAR p
ENCODING 112
SWIDTH 462 0
DWIDTH 6 0
BBX 5 7 0 -2
BITMAP
F0
D8
D8
D8
F0
C0
C0
ENDCHAR
STARTCHAR q
ENCODING 113
SWIDTH 462 0
DWIDTH 6 0
BBX 5 7 0 -2
BITMAP
78
D8
D8
D8
78
18
18
ENDCHAR
STARTCHAR r
ENCODING 114
SWIDTH 462 0
DWIDTH 6 0
BBX 5 5 0 0
BITMAP
F0
D8
D8
C0
C0
ENDCHAR
STARTCHAR s
ENCODING 115
SWIDTH 462 0
DWIDTH 6 0
BBX 5 5 0 0
BITMAP
78
C0
70
18
F0
ENDCHAR
STARTCHAR t
ENCODING 116
SWIDTH 385 0
DWIDTH 5 0
BBX 4 7 0 0
BITMAP
60
60
F0
60
60
60
30
ENDCHAR
STARTCHAR u
ENCODING 117
SWIDTH 462 0
DWIDTH 6 0
BBX 5 5 0 0
BITMAP
D8
D8
D8
D8
78
ENDCHAR
STARTCHAR v
ENCODING 118
SWIDTH 462 0
DWIDTH 6 0
BBX 5 5 0 0
BITMAP
D8
D8
70
70
20
ENDCHAR
STARTCHAR w
ENCODING 119
SWIDTH 462 0
DWIDTH 6 0
BBX 5 5 0 0
BITMAP
D8
D8
F8
F8
D8
ENDCHAR
STARTCHAR x
ENCODING 120
SWIDTH 462 0
DWIDTH 6 0
BBX 5 5 0 0
BITMAP
D8
D8
70
D8
D8
ENDCHAR
STARTCHAR y
ENCODING 121
SWIDTH 462 0
DWIDTH 6 0
BBX 5 7 0 -2
BITMAP
D8
D8
D8
D8
78
18
70
ENDCHAR
STARTCHAR z
ENCODING 122
SWIDTH 462 0
DWIDTH 6 0
BBX 5 5 0 0
BITMAP
F8
18
70
C0
F8
ENDCHAR
STARTCHAR braceleft
ENCODING 123
SWIDTH 385 0
DWIDTH 5 0
BBX 4 9 0 -1
BITMAP
30
60
60
60
C0
60
60
60
30
ENDCHAR
STARTCHAR bar
ENCODING 124
SWIDTH 231 0
DWIDTH 3 0
BBX 2 9 0 -1
BITMAP
C0
C0
C0
C0
C0
C0
C0
C0
C0
ENDCHAR
STARTCHAR braceright
ENCODING 125
SWIDTH 385 0
DWIDTH 5 0
BBX 4 9 0 -1
BITMAP
C0
60
60
60
30
60
60
60
C0
ENDCHAR
STARTCHAR asciitilde
ENCODING 126
SWIDTH 462 0
DWIDTH 6 0
BBX 5 3 0 2
BITMAP
68
F8
B0
ENDCHAR
STARTCHAR uni00A0
ENCODING 160
SWIDTH 385 0
DWIDTH 5 0
BBX 1 1 0 0
BITMAP
00
ENDCHAR
STARTCHAR exclamdown
ENCODING 161
SWIDTH 231 0
DWIDTH 3 0
BBX 2 7 0 -2
BITMAP
C0
00
C0
C0
C0
C0
C0
ENDCHAR
STARTCHAR cent
ENCODING 162
SWIDTH 462 0
DWIDTH 6 0
BBX 5 7 0 -1
BITMAP
20
70
D8
C0
D8
70
20
ENDCHAR
STARTCHAR sterling
ENCODING 163
SWIDTH 462 0
DWIDTH 6 0
BBX 5 7 0 0
BITMAP
38
60
60
F8
60
60
F8
ENDCHAR
STARTCHAR currency
ENCODING 164
SWIDTH 462 0
DWIDTH 6 0
BBX 5 5 0 1
BITMAP
D8
F8
50
F8
D8
ENDCHAR
STARTCHAR yen
ENCODING 165
SWIDTH 462 0
DWIDTH 6 0
BBX 5 7 0 0
BITMAP
D8
D8
70
F8
20
F8
20
ENDCHAR
STARTCHAR brokenbar
ENCODING 166
SWIDTH 231 0
DWIDTH 3 0
BBX 2 9 0 -1
BITMAP
C0
C0
C0
C0
00
C0
C0
C0
C0
ENDCHAR
STARTCHAR section
ENCODING 167
SWIDTH 462 0
DWIDTH 6 0
BBX 5 10 0 -2
BITMAP
70
D8
C0
70
D8
D8
70
18
D8
70
ENDCHAR
STARTCHAR dieresis
ENCODING 168
SWIDTH 462 0
DWIDTH 6 0
BBX 5 2 0 5
BITMAP
D8
D8
ENDCHAR
STARTCHAR copyright
ENCODING 169
SWIDTH 615 0
DWIDTH 8 0
BBX 7 7 0 0
BITMAP
7C
82
BA
A2
BA
82
7C
ENDCHAR
STARTCHAR ordfeminine
ENCODING 170
SWIDTH 462 0
DWIDTH 6 0
BBX 5 4 0 3
BITMAP
78
D8
D8
78
ENDCHAR
STARTCHAR guillemotleft
ENCODING 171
SWIDTH 615 0
DWIDTH 8 0
BBX 7 5 0 0
BITMAP
36
6C
D8
6C
36
ENDCHAR
STARTCHAR logicalnot
ENCODING 172
SWIDTH 462 0
DWIDTH 6 0
BBX 5 2 0 2
BITMAP
F8
18
ENDCHAR
STARTCHAR uni00AD
ENCODING 173
SWIDTH 308 0
DWIDTH 4 0
BBX 3 1 0 3
BITMAP
E0
ENDCHAR
STARTCHAR registered
ENCODING 174
SWIDTH 615 0
DWIDTH 8 0
BBX 7 7 0 0
BITMAP
7C
82
B2
B2
AA
82
7C
ENDCHAR
STARTCHAR macron
ENCODING 175
SWIDTH 462 0
DWIDTH 6 0
BBX 5 1 0 6
BITMAP
F8
ENDCHAR
STARTCHAR degree
ENCODING 176
SWIDTH 462 0
DWIDTH 6 0
BBX 5 3 0 4
BITMAP
70
D8
70
ENDCHAR
STARTCHAR plusminus
ENCODING 177
SWIDTH 462 0
DWIDTH 6 0
BBX 5 7 0 0
BITMAP
20
20
F8
20
20
00
F8
ENDCHAR
STARTCHAR uni00B2
ENCODING 178
SWIDTH 462 0
DWIDTH 6 0
BBX 5 4 0 3
BITMAP
F0
38
70
F8
ENDCHAR
STARTCHAR uni00B3
ENCODING 179
SWIDTH 462 0
DWIDTH 6 0
BBX 5 4 0 3
BITMAP
F0
38
18
F0
ENDCHAR
STARTCHAR acute
ENCODING 180
SWIDTH 308 0
DWIDTH 4 0
BBX 3 2 0 5
BITMAP
60
C0
ENDCHAR
STARTCHAR mu
ENCODING 181
SWIDTH 462 0
DWIDTH 6 0
BBX 5 7 0 -2
BITMAP
D8
D8
D8
D8
F0
C0
C0
ENDCHAR
STARTCHAR paragraph
ENCODING 182
SWIDTH 462 0
DWIDTH 6 0
BBX 5 9 0 -2
BITMAP
78
E8
E8
E8
68
28
28
28
28
ENDCHAR
STARTCHAR periodcentered
ENCODING 183
SWIDTH 231 0
DWIDTH 3 0
BBX 2 1 0 3
BITMAP
C0
ENDCHAR
STARTCHAR cedilla
ENCODING 184
SWIDTH 385 0
DWIDTH 5 0
BBX 4 3 0 -3
BITMAP
60
30
E0
ENDCHAR
STARTCHAR uni00B9
ENCODING 185
SWIDTH 385 0
DWIDTH 5 0
BBX 4 4 0 3
BITMAP
E0
60
60
F0
ENDCHAR
STARTCHAR ordmasculine
ENCODING 186
SWIDTH 462 0
DWIDTH 6 0
BBX 5 4 0 3
BITMAP
70
D8
D8
70
ENDCHAR
STARTCHAR guillemotright
ENCODING 187
SWIDTH 615 0
DWIDTH 8 0
BBX 7 5 0 0
BITMAP
D8
6C
36
6C
D8
ENDCHAR
STARTCHAR onequarter
ENCODING 188
SWIDTH 538 0
DWIDTH 7 0
BBX 6 9 0 -1
BITMAP
C0
40
EC
18
30
60
D4
1C
04
ENDCHAR
STARTCHAR onehalf
ENCODING 189
SWIDTH 538 0
DWIDTH 7 0
BBX 6 10 0 -2
BITMAP
C0
40
EC
18
30
60
DC
04
18
1C
ENDCHAR
STARTCHAR threequarters
ENCODING 190
SWIDTH 538 0
DWIDTH 7 0
BBX 6 9 0 -1
BITMAP
E0
60
EC
18
30
60
D4
1C
04
ENDCHAR
STARTCHAR questiondown
ENCODING 191
SWIDTH 462 0
DWIDTH 6 0
BBX 5 7 0 -2
BITMAP
30
00
30
60
C0
D8
70
ENDCHAR
STARTCHAR Agrave
ENCODING 192
SWIDTH 462 0
DWIDTH 6 0
BBX 5 10 0 0
BITMAP
60
30
00
70
D8
D8
F8
D8
D8
D8
ENDCHAR
STARTCHAR Aacute
ENCODING 193
SWIDTH 462 0
DWIDTH 6 0
BBX 5 10 0 0
BITMAP
30
60
00
70
D8
D8
F8
D8
D8
D8
ENDCHAR
STARTCHAR Acircumflex
ENCODING 194
SWIDTH 462 0
DWIDTH 6 0
BBX 5 10 0 0
BITMAP
20
50
00
70
D8
D8
F8
D8
D8
D8
ENDCHAR
STARTCHAR Atilde
ENCODING 195
SWIDTH 462 0
DWIDTH 6 0
BBX 5 10 0 0
BITMAP
68
B0
00
70
D8
D8
F8
D8
D8
D8
ENDCHAR
STARTCHAR Adieresis
ENCODING 196
SWIDTH 462 0
DWIDTH 6 0
BBX 5 9 0 0
BITMAP
50
00
70
D8
D8
F8
D8
D8
D8
ENDCHAR
STARTCHAR Aring
ENCODING 197
SWIDTH 462 0
DWIDTH 6 0
BBX 5 9 0 0
BITMAP
70
50
70
D8
D8
F8
D8
D8
D8
ENDCHAR
STARTCHAR AE
ENCODING 198
SWIDTH 615 0
DWIDTH 8 0
BBX 7 7 0 0
BITMAP
7E
D8
D8
FC
D8
D8
DE
ENDCHAR
STARTCHAR Ccedilla
ENCODING 199
SWIDTH 462 0
DWIDTH 6 0
BBX 5 10 0 -3
BITMAP
70
D8
D8
C0
D8
D8
70
30
18
70
ENDCHAR
STARTCHAR Egrave
ENCODING 200
SWIDTH 462 0
DWIDTH 6 0
BBX 5 10 0 0
BITMAP
60
30
00
F8
C0
C0
F0
C0
C0
F8
ENDCHAR
STARTCHAR Eacute
ENCODING 201
SWIDTH 462 0
DWIDTH 6 0
BBX 5 10 0 0
BITMAP
30
60
00
F8
C0
C0
F0
C0
C0
F8
ENDCHAR
STARTCHAR Ecircumflex
ENCODING 202
SWIDTH 462 0
DWIDTH 6 0
BBX 5 10 0 0
BITMAP
20
50
00
F8
C0
C0
F0
C0
C0
F8
ENDCHAR
STARTCHAR Edieresis
ENCODING 203
SWIDTH 462 0
DWIDTH 6 0
BBX 5 9 0 0
BITMAP
50
00
F8
C0
C0
F0
C0
C0
F8
ENDCHAR
STARTCHAR Igrave
ENCODING 204
SWIDTH 385 0
DWIDTH 5 0
BBX 4 10 0 0
BITMAP
C0
60
00
F0
60
60
60
60
60
F0
ENDCHAR
STARTCHAR Iacute
ENCODING 205
SWIDTH 385 0
DWIDTH 5 0
BBX 4 10 0 0
BITMAP
30
60
00
F0
60
60
60
60
60
F0
ENDCHAR
STARTCHAR Icircumflex
ENCODING 206
SWIDTH 385 0
DWIDTH 5 0
BBX 4 10 0 0
BITMAP
60
90
00
F0
60
60
60
60
60
F0
ENDCHAR
STARTCHAR Idieresis
ENCODING 207
SWIDTH 385 0
DWIDTH 5 0
BBX 4 9 0 0
BITMAP
90
00
F0
60
60
60
60
60
F0
ENDCHAR
STARTCHAR Eth
ENCODING 208
SWIDTH 462 0
DWIDTH 6 0
BBX 5 7 0 0
BITMAP
F0
D8
D8
F8
D8
D8
F0
ENDCHAR
STARTCHAR Ntilde
ENCODING 209
SWIDTH 462 0
DWIDTH 6 0
BBX 5 10 0 0
BITMAP
68
B0
00
F0
D8
D8
D8
D8
D8
D8
ENDCHAR
STARTCHAR Ograve
ENCODING 210
SWIDTH 462 0
DWIDTH 6 0
BBX 5 10 0 0
BITMAP
60
30
00
70
D8
D8
D8
D8
D8
70
ENDCHAR
STARTCHAR Oacute
ENCODING 211
SWIDTH 462 0
DWIDTH 6 0
BBX 5 10 0 0
BITMAP
30
60
00
70
D8
D8
D8
D8
D8
70
ENDCHAR
STARTCHAR Ocircumflex
ENCODING 212
SWIDTH 462 0
DWIDTH 6 0
BBX 5 10 0 0
BITMAP
20
50
00
70
D8
D8
D8
D8
D8
70
ENDCHAR
STARTCHAR Otilde
ENCODING 213
SWIDTH 462 0
DWIDTH 6 0
BBX 5 10 0 0
BITMAP
68
B0
00
70
D8
D8
D8
D8
D8
70
ENDCHAR
STARTCHAR Odieresis
ENCODING 214
SWIDTH 462 0
DWIDTH 6 0
BBX 5 9 0 0
BITMAP
50
00
70
D8
D8
D8
D8
D8
70
ENDCHAR
STARTCHAR multiply
ENCODING 215
SWIDTH 462 0
DWIDTH 6 0
BBX 5 5 0 1
BITMAP
D8
F8
70
F8
D8
ENDCHAR
STARTCHAR Oslash
ENCODING 216
SWIDTH 462 0
DWIDTH 6 0
BBX 5 9 0 -1
BITMAP
08
70
D8
D8
F8
D8
D8
70
80
ENDCHAR
STARTCHAR Ugrave
ENCODING 217
SWIDTH 462 0
DWIDTH 6 0
BBX 5 10 0 0
BITMAP
60
30
00
D8
D8
D8
D8
D8
D8
70
ENDCHAR
STARTCHAR Uacute
ENCODING 218
SWIDTH 462 0
DWIDTH 6 0
BBX 5 10 0 0
BITMAP
30
60
00
D8
D8
D8
D8
D8
D8
70
ENDCHAR
STARTCHAR Ucircumflex
ENCODING 219
SWIDTH 462 0
DWIDTH 6 0
BBX 5 10 0 0
BITMAP
20
50
00
D8
D8
D8
D8
D8
D8
70
ENDCHAR
STARTCHAR Udieresis
ENCODING 220
SWIDTH 462 0
DWIDTH 6 0
BBX 5 9 0 0
BITMAP
50
00
D8
D8
D8
D8
D8
D8
70
ENDCHAR
STARTCHAR Yacute
ENCODING 221
SWIDTH 462 0
DWIDTH 6 0
BBX 5 10 0 0
BITMAP
30
60
00
D8
D8
D8
70
70
70
70
ENDCHAR
STARTCHAR Thorn
ENCODING 222
SWIDTH 462 0
DWIDTH 6 0
BBX 5 7 0 0
BITMAP
C0
F0
D8
D8
D8
F0
C0
ENDCHAR
STARTCHAR germandbls
ENCODING 223
SWIDTH 538 0
DWIDTH 7 0
BBX 6 7 0 0
BITMAP
78
CC
CC
D8
CC
CC
D8
ENDCHAR
STARTCHAR agrave
ENCODING 224
SWIDTH 462 0
DWIDTH 6 0
BBX 5 8 0 0
BITMAP
60
30
00
70
18
78
D8
78
ENDCHAR
STARTCHAR aacute
ENCODING 225
SWIDTH 462 0
DWIDTH 6 0
BBX 5 8 0 0
BITMAP
18
30
00
70
18
78
D8
78
ENDCHAR
STARTCHAR acircumflex
ENCODING 226
SWIDTH 462 0
DWIDTH 6 0
BBX 5 8 0 0
BITMAP
20
50
00
70
18
78
D8
78
ENDCHAR
STARTCHAR atilde
ENCODING 227
SWIDTH 462 0
DWIDTH 6 0
BBX 5 8 0 0
BITMAP
68
B0
00
70
18
78
D8
78
ENDCHAR
STARTCHAR adieresis
ENCODING 228
SWIDTH 462 0
DWIDTH 6 0
BBX 5 7 0 0
BITMAP
50
00
70
18
78
D8
78
ENDCHAR
STARTCHAR aring
ENCODING 229
SWIDTH 462 0
DWIDTH 6 0
BBX 5 7 0 0
BITMAP
70
50
78
18
78
D8
78
ENDCHAR
STARTCHAR ae
ENCODING 230
SWIDTH 615 0
DWIDTH 8 0
BBX 7 5 0 0
BITMAP
7C
16
7E
D8
7E
ENDCHAR
STARTCHAR ccedilla
ENCODING 231
SWIDTH 462 0
DWIDTH 6 0
BBX 5 8 0 -3
BITMAP
70
D8
C0
D8
70
60
30
60
ENDCHAR
STARTCHAR egrave
ENCODING 232
SWIDTH 462 0
DWIDTH 6 0
BBX 5 8 0 0
BITMAP
60
30
00
70
D8
F8
C0
78
ENDCHAR
STARTCHAR eacute
ENCODING 233
SWIDTH 462 0
DWIDTH 6 0
BBX 5 8 0 0
BITMAP
30
60
00
70
D8
F8
C0
78
ENDCHAR
STARTCHAR ecircumflex
ENCODING 234
SWIDTH 462 0
DWIDTH 6 0
BBX 5 8 0 0
BITMAP
20
50
00
70
D8
F8
C0
78
ENDCHAR
STARTCHAR edieresis
ENCODING 235
SWIDTH 462 0
DWIDTH 6 0
BBX 5 7 0 0
BITMAP
50
00
70
D8
F8
C0
78
ENDCHAR
STARTCHAR igrave
ENCODING 236
SWIDTH 385 0
DWIDTH 5 0
BBX 4 8 0 0
BITMAP
C0
60
00
E0
60
60
60
F0
ENDCHAR
STARTCHAR iacute
ENCODING 237
SWIDTH 385 0
DWIDTH 5 0
BBX 4 8 0 0
BITMAP
30
60
00
E0
60
60
60
F0
ENDCHAR
STARTCHAR icircumflex
ENCODING 238
SWIDTH 385 0
DWIDTH 5 0
BBX 4 8 0 0
BITMAP
40
A0
00
E0
60
60
60
F0
ENDCHAR
STARTCHAR idieresis
ENCODING 239
SWIDTH 385 0
DWIDTH 5 0
BBX 4 7 0 0
BITMAP
A0
00
E0
60
60
60
F0
ENDCHAR
STARTCHAR eth
ENCODING 240
SWIDTH 462 0
DWIDTH 6 0
BBX 5 7 0 0
BITMAP
68
30
18
78
D8
D8
70
ENDCHAR
STARTCHAR ntilde
ENCODING 241
SWIDTH 462 0
DWIDTH 6 0
BBX 5 8 0 0
BITMAP
68
B0
00
F0
D8
D8
D8
D8
ENDCHAR
STARTCHAR ograve
ENCODING 242
SWIDTH 462 0
DWIDTH 6 0
BBX 5 8 0 0
BITMAP
60
30
00
70
D8
D8
D8
70
ENDCHAR
STARTCHAR oacute
ENCODING 243
SWIDTH 462 0
DWIDTH 6 0
BBX 5 8 0 0
BITMAP
30
60
00
70
D8
D8
D8
70
ENDCHAR
STARTCHAR ocircumflex
ENCODING 244
SWIDTH 462 0
DWIDTH 6 0
BBX 5 8 0 0
BITMAP
20
50
00
70
D8
D8
D8
70
ENDCHAR
STARTCHAR otilde
ENCODING 245
SWIDTH 462 0
DWIDTH 6 0
BBX 5 8 0 0
BITMAP
68
B0
00
70
D8
D8
D8
70
ENDCHAR
STARTCHAR odieresis
ENCODING 246
SWIDTH 462 0
DWIDTH 6 0
BBX 5 7 0 0
BITMAP
50
00
70
D8
D8
D8
70
ENDCHAR
STARTCHAR divide
ENCODING 247
SWIDTH 462 0
DWIDTH 6 0
BBX 5 5 0 1
BITMAP
20
00
F8
00
20
ENDCHAR
STARTCHAR oslash
ENCODING 248
SWIDTH 462 0
DWIDTH 6 0
BBX 5 7 0 -1
BITMAP
08
70
D8
F8
D8
70
80
ENDCHAR
STARTCHAR ugrave
ENCODING 249
SWIDTH 462 0
DWIDTH 6 0
BBX 5 8 0 0
BITMAP
60
30
00
D8
D8
D8
D8
78
ENDCHAR
STARTCHAR uacute
ENCODING 250
SWIDTH 462 0
DWIDTH 6 0
BBX 5 8 0 0
BITMAP
30
60
00
D8
D8
D8
D8
78
ENDCHAR
STARTCHAR ucircumflex
ENCODING 251
SWIDTH 462 0
DWIDTH 6 0
BBX 5 8 0 0
BITMAP
20
50
00
D8
D8
D8
D8
78
ENDCHAR
STARTCHAR udieresis
ENCODING 252
SWIDTH 462 0
DWIDTH 6 0
BBX 5 7 0 0
BITMAP
50
00
D8
D8
D8
D8
78
ENDCHAR
STARTCHAR yacute
ENCODING 253
SWIDTH 462 0
DWIDTH 6 0
BBX 5 10 0 -2
BITMAP
30
60
00
D8
D8
D8
D8
78
18
F0
ENDCHAR
STARTCHAR thorn
ENCODING 254
SWIDTH 462 0
DWIDTH 6 0
BBX 5 9 0 -2
BITMAP
C0
C0
F0
D8
D8
D8
F0
C0
C0
ENDCHAR
STARTCHAR ydieresis
ENCODING 255
SWIDTH 462 0
DWIDTH 6 0
BBX 5 9 0 -2
BITMAP
50
00
D8
D8
D8
D8
78
18
F0
ENDCHAR
STARTCHAR Amacron
ENCODING 256
SWIDTH 462 0
DWIDTH 6 0
BBX 5 9 0 0
BITMAP
70
00
70
D8
D8
F8
D8
D8
D8
ENDCHAR
STARTCHAR amacron
ENCODING 257
SWIDTH 462 0
DWIDTH 6 0
BBX 5 7 0 0
BITMAP
70
00
70
18
78
D8
78
ENDCHAR
STARTCHAR Abreve
ENCODING 258
SWIDTH 462 0
DWIDTH 6 0
BBX 5 10 0 0
BITMAP
50
70
00
70
D8
D8
F8
D8
D8
D8
ENDCHAR
STARTCHAR abreve
ENCODING 259
SWIDTH 462 0
DWIDTH 6 0
BBX 5 8 0 0
BITMAP
50
70
00
70
18
78
D8
78
ENDCHAR
STARTCHAR Aogonek
ENCODING 260
SWIDTH 462 0
DWIDTH 6 0
BBX 5 9 0 -2
BITMAP
70
D8
D8
F8
D8
D8
D8
30
18
ENDCHAR
STARTCHAR aogonek
ENCODING 261
SWIDTH 462 0
DWIDTH 6 0
BBX 5 8 0 -3
BITMAP
70
18
78
D8
78
18
30
18
ENDCHAR
STARTCHAR Cacute
ENCODING 262
SWIDTH 462 0
DWIDTH 6 0
BBX 5 10 0 0
BITMAP
30
60
00
70
D8
D8
C0
D8
D8
70
ENDCHAR
STARTCHAR cacute
ENCODING 263
SWIDTH 462 0
DWIDTH 6 0
BBX 5 8 0 0
BITMAP
30
60
00
70
D8
C0
D8
70
ENDCHAR
STARTCHAR Ccircumflex
ENCODING 264
SWIDTH 462 0
DWIDTH 6 0
BBX 5 10 0 0
BITMAP
20
50
00
70
D8
D8
C0
D8
D8
70
ENDCHAR
STARTCHAR ccircumflex
ENCODING 265
SWIDTH 462 0
DWIDTH 6 0
BBX 5 8 0 0
BITMAP
20
50
00
70
D8
C0
D8
70
ENDCHAR
STARTCHAR Cdotaccent
ENCODING 266
SWIDTH 462 0
DWIDTH 6 0
BBX 5 9 0 0
BITMAP
20
00
70
D8
D8
C0
D8
D8
70
ENDCHAR
STARTCHAR cdotaccent
ENCODING 267
SWIDTH 462 0
DWIDTH 6 0
BBX 5 7 0 0
BITMAP
20
00
70
D8
C0
D8
70
ENDCHAR
STARTCHAR Ccaron
ENCODING 268
SWIDTH 462 0
DWIDTH 6 0
BBX 5 10 0 0
BITMAP
50
20
00
70
D8
D8
C0
D8
D8
70
ENDCHAR
STARTCHAR ccaron
ENCODING 269
SWIDTH 462 0
DWIDTH 6 0
BBX 5 8 0 0
BITMAP
50
20
00
70
D8
C0
D8
70
ENDCHAR
STARTCHAR Dcaron
ENCODING 270
SWIDTH 462 0
DWIDTH 6 0
BBX 5 10 0 0
BITMAP
50
20
00
F0
D8
D8
D8
D8
D8
F0
ENDCHAR
STARTCHAR dcaron
ENCODING 271
SWIDTH 692 0
DWIDTH 9 0
BBX 8 7 0 0
BITMAP
1B
1B
79
DA
D8
D8
78
ENDCHAR
STARTCHAR Dcroat
ENCODING 272
SWIDTH 538 0
DWIDTH 7 0
BBX 6 7 0 0
BITMAP
78
6C
6C
FC
6C
6C
78
ENDCHAR
STARTCHAR dcroat
ENCODING 273
SWIDTH 538 0
DWIDTH 7 0
BBX 6 7 0 0
BITMAP
3C
18
78
D8
D8
D8
78
ENDCHAR
STARTCHAR Emacron
ENCODING 274
SWIDTH 462 0
DWIDTH 6 0
BBX 5 9 0 0
BITMAP
70
00
F8
C0
C0
F0
C0
C0
F8
ENDCHAR
STARTCHAR emacron
ENCODING 275
SWIDTH 462 0
DWIDTH 6 0
BBX 5 7 0 0
BITMAP
70
00
70
D8
F8
C0
78
ENDCHAR
STARTCHAR Ebreve
ENCODING 276
SWIDTH 462 0
DWIDTH 6 0
BBX 5 10 0 0
BITMAP
50
70
00
F8
C0
C0
F0
C0
C0
F8
ENDCHAR
STARTCHAR ebreve
ENCODING 277
SWIDTH 462 0
DWIDTH 6 0
BBX 5 8 0 0
BITMAP
50
70
00
70
D8
F8
C0
78
ENDCHAR
STARTCHAR Edotaccent
ENCODING 278
SWIDTH 462 0
DWIDTH 6 0
BBX 5 9 0 0
BITMAP
20
00
F8
C0
C0
F0
C0
C0
F8
ENDCHAR
STARTCHAR edotaccent
ENCODING 279
SWIDTH 462 0
DWIDTH 6 0
BBX 5 7 0 0
BITMAP
20
00
70
D8
F8
C0
78
ENDCHAR
STARTCHAR Eogonek
ENCODING 280
SWIDTH 462 0
DWIDTH 6 0
BBX 6 10 0 -3
BITMAP
F8
C0
C0
F0
C0
C0
F8
18
30
1C
ENDCHAR
STARTCHAR eogonek
ENCODING 281
SWIDTH 462 0
DWIDTH 6 0
BBX 6 8 0 -3
BITMAP
70
D8
F8
C0
78
18
30
1C
ENDCHAR
STARTCHAR Ecaron
ENCODING 282
SWIDTH 462 0
DWIDTH 6 0
BBX 5 10 0 0
BITMAP
50
20
00
F8
C0
C0
F0
C0
C0
F8
ENDCHAR
STARTCHAR ecaron
ENCODING 283
SWIDTH 462 0
DWIDTH 6 0
BBX 5 8 0 0
BITMAP
50
20
00
70
D8
F8
C0
78
ENDCHAR
STARTCHAR Gcircumflex
ENCODING 284
SWIDTH 462 0
DWIDTH 6 0
BBX 5 10 0 0
BITMAP
20
50
00
78
C0
C0
D8
D8
D8
78
ENDCHAR
STARTCHAR gcircumflex
ENCODING 285
SWIDTH 462 0
DWIDTH 6 0
BBX 5 10 0 -2
BITMAP
20
50
00
78
D8
D8
D8
78
18
70
ENDCHAR
STARTCHAR Gbreve
ENCODING 286
SWIDTH 462 0
DWIDTH 6 0
BBX 5 10 0 0
BITMAP
50
70
00
78
C0
C0
D8
D8
D8
78
ENDCHAR
STARTCHAR gbreve
ENCODING 287
SWIDTH 462 0
DWIDTH 6 0
BBX 5 10 0 -2
BITMAP
50
70
00
78
D8
D8
D8
78
18
70
ENDCHAR
STARTCHAR Gdotaccent
ENCODING 288
SWIDTH 462 0
DWIDTH 6 0
BBX 5 9 0 0
BITMAP
20
00
78
C0
C0
D8
D8
D8
78
ENDCHAR
STARTCHAR gdotaccent
ENCODING 289
SWIDTH 462 0
DWIDTH 6 0
BBX 5 9 0 -2
BITMAP
20
00
78
D8
D8
D8
78
18
70
ENDCHAR
STARTCHAR uni0122
ENCODING 290
SWIDTH 462 0
DWIDTH 6 0
BBX 5 10 0 -3
BITMAP
78
C0
C0
D8
D8
D8
78
00
30
60
ENDCHAR
STARTCHAR uni0123
ENCODING 291
SWIDTH 462 0
DWIDTH 6 0
BBX 5 10 0 -2
BITMAP
30
60
00
78
D8
D8
D8
78
18
70
ENDCHAR
STARTCHAR Hcircumflex
ENCODING 292
SWIDTH 462 0
DWIDTH 6 0
BBX 5 10 0 0
BITMAP
20
50
00
D8
D8
D8
F8
D8
D8
D8
ENDCHAR
STARTCHAR hcircumflex
ENCODING 293
SWIDTH 462 0
DWIDTH 6 0
BBX 5 10 0 0
BITMAP
20
50
00
C0
C0
F0
D8
D8
D8
D8
ENDCHAR
STARTCHAR Hbar
ENCODING 294
SWIDTH 462 0
DWIDTH 6 0
BBX 5 7 0 0
BITMAP
D8
D8
F8
D8
F8
D8
D8
ENDCHAR
STARTCHAR hbar
ENCODING 295
SWIDTH 462 0
DWIDTH 6 0
BBX 5 7 0 0
BITMAP
E0
C0
F0
D8
D8
D8
D8
ENDCHAR
STARTCHAR Itilde
ENCODING 296
SWIDTH 462 0
DWIDTH 6 0
BBX 5 10 0 0
BITMAP
68
B0
00
F0
60
60
60
60
60
F0
ENDCHAR
STARTCHAR itilde
ENCODING 297
SWIDTH 462 0
DWIDTH 6 0
BBX 5 8 0 0
BITMAP
68
B0
00
70
30
30
30
78
ENDCHAR
STARTCHAR Imacron
ENCODING 298
SWIDTH 385 0
DWIDTH 5 0
BBX 4 9 0 0
BITMAP
F0
00
F0
60
60
60
60
60
F0
ENDCHAR
STARTCHAR imacron
ENCODING 299
SWIDTH 385 0
DWIDTH 5 0
BBX 4 7 0 0
BITMAP
E0
00
E0
60
60
60
F0
ENDCHAR
STARTCHAR Ibreve
ENCODING 300
SWIDTH 385 0
DWIDTH 5 0
BBX 4 10 0 0
BITMAP
90
F0
00
F0
60
60
60
60
60
F0
ENDCHAR
STARTCHAR ibreve
ENCODING 301
SWIDTH 385 0
DWIDTH 5 0
BBX 4 8 0 0
BITMAP
A0
E0
00
E0
60
60
60
F0
ENDCHAR
STARTCHAR Iogonek
ENCODING 302
SWIDTH 385 0
DWIDTH 5 0
BBX 4 10 0 -3
BITMAP
F0
60
60
60
60
60
F0
60
C0
70
ENDCHAR
STARTCHAR iogonek
ENCODING 303
SWIDTH 385 0
DWIDTH 5 0
BBX 4 7 0 0
BITMAP
60
00
E0
60
60
60
F0
ENDCHAR
STARTCHAR Idotaccent
ENCODING 304
SWIDTH 385 0
DWIDTH 5 0
BBX 4 9 0 0
BITMAP
60
00
F0
60
60
60
60
60
F0
ENDCHAR
STARTCHAR dotlessi
ENCODING 305
SWIDTH 385 0
DWIDTH 5 0
BBX 4 5 0 0
BITMAP
E0
60
60
60
F0
ENDCHAR
STARTCHAR IJ
ENCODING 306
SWIDTH 462 0
DWIDTH 6 0
BBX 5 9 0 -2
BITMAP
D8
D8
D8
D8
D8
D8
D8
18
30
ENDCHAR
STARTCHAR ij
ENCODING 307
SWIDTH 462 0
DWIDTH 6 0
BBX 5 9 0 -2
BITMAP
D8
00
D8
D8
D8
D8
D8
18
30
ENDCHAR
STARTCHAR Jcircumflex
ENCODING 308
SWIDTH 308 0
DWIDTH 4 0
BBX 4 12 -1 -2
BITMAP
20
50
00
60
60
60
60
60
60
60
60
C0
ENDCHAR
STARTCHAR jcircumflex
ENCODING 309
SWIDTH 308 0
DWIDTH 4 0
BBX 4 10 -1 -2
BITMAP
20
50
00
60
60
60
60
60
60
C0
ENDCHAR
STARTCHAR uni0136
ENCODING 310
SWIDTH 462 0
DWIDTH 6 0
BBX 5 10 0 -3
BITMAP
D8
D8
D8
F0
D8
D8
D8
00
30
60
ENDCHAR
STARTCHAR uni0137
ENCODING 311
SWIDTH 462 0
DWIDTH 6 0
BBX 5 10 0 -3
BITMAP
C0
C0
D8
D8
F0
D8
D8
00
30
60
ENDCHAR
STARTCHAR kgreenlandic
ENCODING 312
SWIDTH 462 0
DWIDTH 6 0
BBX 5 5 0 0
BITMAP
D8
D8
F0
D8
D8
ENDCHAR
STARTCHAR Lacute
ENCODING 313
SWIDTH 462 0
DWIDTH 6 0
BBX 5 10 0 0
BITMAP
60
C0
00
C0
C0
C0
C0
C0
C0
F8
ENDCHAR
STARTCHAR lacute
ENCODING 314
SWIDTH 385 0
DWIDTH 5 0
BBX 4 10 0 0
BITMAP
30
60
00
E0
60
60
60
60
60
F0
ENDCHAR
STARTCHAR uni013B
ENCODING 315
SWIDTH 462 0
DWIDTH 6 0
BBX 5 10 0 -3
BITMAP
C0
C0
C0
C0
C0
C0
F8
00
30
60
ENDCHAR
STARTCHAR uni013C
ENCODING 316
SWIDTH 385 0
DWIDTH 5 0
BBX 4 10 0 -3
BITMAP
E0
60
60
60
60
60
F0
00
60
C0
ENDCHAR
STARTCHAR Lcaron
ENCODING 317
SWIDTH 462 0
DWIDTH 6 0
BBX 5 7 0 0
BITMAP
D8
D8
D0
C0
C0
C0
F8
ENDCHAR
STARTCHAR lcaron
ENCODING 318
SWIDTH 538 0
DWIDTH 7 0
BBX 6 7 0 0
BITMAP
EC
6C
68
60
60
60
F0
ENDCHAR
STARTCHAR Ldot
ENCODING 319
SWIDTH 462 0
DWIDTH 6 0
BBX 5 7 0 0
BITMAP
C0
C0
C0
D0
C0
C0
F8
ENDCHAR
STARTCHAR ldot
ENCODING 320
SWIDTH 462 0
DWIDTH 6 0
BBX 5 7 0 0
BITMAP
E0
60
60
68
60
60
F0
ENDCHAR
STARTCHAR Lslash
ENCODING 321
SWIDTH 538 0
DWIDTH 7 0
BBX 6 7 0 0
BITMAP
60
60
70
E0
60
60
7C
ENDCHAR
STARTCHAR lslash
ENCODING 322
SWIDTH 385 0
DWIDTH 5 0
BBX 4 7 0 0
BITMAP
E0
60
70
E0
60
60
F0
ENDCHAR
STARTCHAR Nacute
ENCODING 323
SWIDTH 462 0
DWIDTH 6 0
BBX 5 10 0 0
BITMAP
30
60
00
F0
D8
D8
D8
D8
D8
D8
ENDCHAR
STARTCHAR nacute
ENCODING 324
SWIDTH 462 0
DWIDTH 6 0
BBX 5 8 0 0
BITMAP
30
60
00
F0
D8
D8
D8
D8
ENDCHAR
STARTCHAR uni0145
ENCODING 325
SWIDTH 462 0
DWIDTH 6 0
BBX 5 10 0 -3
BITMAP
F0
D8
D8
D8
D8
D8
D8
00
30
60
ENDCHAR
STARTCHAR uni0146
ENCODING 326
SWIDTH 462 0
DWIDTH 6 0
BBX 5 8 0 -3
BITMAP
F0
D8
D8
D8
D8
00
30
60
ENDCHAR
STARTCHAR Ncaron
ENCODING 327
SWIDTH 462 0
DWIDTH 6 0
BBX 5 10 0 0
BITMAP
50
20
00
F0
D8
D8
D8
D8
D8
D8
ENDCHAR
STARTCHAR ncaron
ENCODING 328
SWIDTH 462 0
DWIDTH 6 0
BBX 5 8 0 0
BITMAP
50
20
00
F0
D8
D8
D8
D8
ENDCHAR
STARTCHAR napostrophe
ENCODING 329
SWIDTH 615 0
DWIDTH 8 0
BBX 7 5 0 0
BITMAP
BC
B6
36
36
36
ENDCHAR
STARTCHAR Eng
ENCODING 330
SWIDTH 462 0
DWIDTH 6 0
BBX 5 9 0 -2
BITMAP
F0
D8
D8
D8
D8
D8
D8
18
30
ENDCHAR
STARTCHAR eng
ENCODING 331
SWIDTH 462 0
DWIDTH 6 0
BBX 5 7 0 -2
BITMAP
F0
D8
D8
D8
D8
18
30
ENDCHAR
STARTCHAR Omacron
ENCODING 332
SWIDTH 462 0
DWIDTH 6 0
BBX 5 9 0 0
BITMAP
70
00
70
D8
D8
D8
D8
D8
70
ENDCHAR
STARTCHAR omacron
ENCODING 333
SWIDTH 462 0
DWIDTH 6 0
BBX 5 7 0 0
BITMAP
70
00
70
D8
D8
D8
70
ENDCHAR
STARTCHAR Obreve
ENCODING 334
SWIDTH 462 0
DWIDTH 6 0
BBX 5 10 0 0
BITMAP
50
70
00
70
D8
D8
D8
D8
D8
70
ENDCHAR
STARTCHAR obreve
ENCODING 335
SWIDTH 462 0
DWIDTH 6 0
BBX 5 8 0 0
BITMAP
50
70
00
70
D8
D8
D8
70
ENDCHAR
STARTCHAR Ohungarumlaut
ENCODING 336
SWIDTH 462 0
DWIDTH 6 0
BBX 6 10 0 0
BITMAP
6C
D8
00
70
D8
D8
D8
D8
D8
70
ENDCHAR
STARTCHAR ohungarumlaut
ENCODING 337
SWIDTH 462 0
DWIDTH 6 0
BBX 6 8 0 0
BITMAP
6C
D8
00
70
D8
D8
D8
70
ENDCHAR
STARTCHAR OE
ENCODING 338
SWIDTH 615 0
DWIDTH 8 0
BBX 7 7 0 0
BITMAP
7E
D8
D8
DC
D8
D8
7E
ENDCHAR
STARTCHAR oe
ENCODING 339
SWIDTH 615 0
DWIDTH 8 0
BBX 7 5 0 0
BITMAP
7C
D6
DE
D0
7E
ENDCHAR
STARTCHAR Racute
ENCODING 340
SWIDTH 462 0
DWIDTH 6 0
BBX 5 10 0 0
BITMAP
30
60
00
F0
D8
D8
F0
D8
D8
D8
ENDCHAR
STARTCHAR racute
ENCODING 341
SWIDTH 462 0
DWIDTH 6 0
BBX 5 8 0 0
BITMAP
30
60
00
F0
D8
D8
C0
C0
ENDCHAR
STARTCHAR uni0156
ENCODING 342
SWIDTH 462 0
DWIDTH 6 0
BBX 5 10 0 -3
BITMAP
F0
D8
D8
F0
D8
D8
D8
00
30
60
ENDCHAR
STARTCHAR uni0157
ENCODING 343
SWIDTH 462 0
DWIDTH 6 0
BBX 6 8 -1 -3
BITMAP
78
6C
6C
60
60
00
60
C0
ENDCHAR
STARTCHAR Rcaron
ENCODING 344
SWIDTH 462 0
DWIDTH 6 0
BBX 5 10 0 0
BITMAP
50
20
00
F0
D8
D8
F0
D8
D8
D8
ENDCHAR
STARTCHAR rcaron
ENCODING 345
SWIDTH 462 0
DWIDTH 6 0
BBX 5 8 0 0
BITMAP
50
20
00
F0
D8
D8
C0
C0
ENDCHAR
STARTCHAR Sacute
ENCODING 346
SWIDTH 462 0
DWIDTH 6 0
BBX 5 10 0 0
BITMAP
30
60
00
70
D8
C0
70
18
D8
70
ENDCHAR
STARTCHAR sacute
ENCODING 347
SWIDTH 462 0
DWIDTH 6 0
BBX 5 8 0 0
BITMAP
30
60
00
78
C0
70
18
F0
ENDCHAR
STARTCHAR Scircumflex
ENCODING 348
SWIDTH 462 0
DWIDTH 6 0
BBX 5 10 0 0
BITMAP
20
50
00
70
D8
C0
70
18
D8
70
ENDCHAR
STARTCHAR scircumflex
ENCODING 349
SWIDTH 462 0
DWIDTH 6 0
BBX 5 8 0 0
BITMAP
20
50
00
78
C0
70
18
F0
ENDCHAR
STARTCHAR Scedilla
ENCODING 350
SWIDTH 462 0
DWIDTH 6 0
BBX 5 10 0 -3
BITMAP
70
D8
C0
70
18
D8
70
30
18
70
ENDCHAR
STARTCHAR scedilla
ENCODING 351
SWIDTH 462 0
DWIDTH 6 0
BBX 5 8 0 -3
BITMAP
78
C0
70
18
F0
60
30
E0
ENDCHAR
STARTCHAR Scaron
ENCODING 352
SWIDTH 462 0
DWIDTH 6 0
BBX 5 10 0 0
BITMAP
50
20
00
70
D8
C0
70
18
D8
70
ENDCHAR
STARTCHAR scaron
ENCODING 353
SWIDTH 462 0
DWIDTH 6 0
BBX 5 8 0 0
BITMAP
50
20
00
78
C0
70
18
F0
ENDCHAR
STARTCHAR uni0162
ENCODING 354
SWIDTH 385 0
DWIDTH 5 0
BBX 4 10 0 -3
BITMAP
F0
60
60
60
60
60
60
60
30
E0
ENDCHAR
STARTCHAR uni0163
ENCODING 355
SWIDTH 385 0
DWIDTH 5 0
BBX 4 10 0 -3
BITMAP
60
60
F0
60
60
60
30
60
30
E0
ENDCHAR
STARTCHAR Tcaron
ENCODING 356
SWIDTH 385 0
DWIDTH 5 0
BBX 4 10 0 0
BITMAP
90
60
00
F0
60
60
60
60
60
60
ENDCHAR
STARTCHAR tcaron
ENCODING 357
SWIDTH 538 0
DWIDTH 7 0
BBX 6 8 0 0
BITMAP
04
68
60
F0
60
60
60
38
ENDCHAR
STARTCHAR Tbar
ENCODING 358
SWIDTH 385 0
DWIDTH 5 0
BBX 4 7 0 0
BITMAP
F0
60
60
F0
60
60
60
ENDCHAR
STARTCHAR tbar
ENCODING 359
SWIDTH 385 0
DWIDTH 5 0
BBX 4 7 0 0
BITMAP
60
60
F0
60
F0
60
30
ENDCHAR
STARTCHAR Utilde
ENCODING 360
SWIDTH 462 0
DWIDTH 6 0
BBX 5 10 0 0
BITMAP
68
B0
00
D8
D8
D8
D8
D8
D8
70
ENDCHAR
STARTCHAR utilde
ENCODING 361
SWIDTH 462 0
DWIDTH 6 0
BBX 5 8 0 0
BITMAP
68
B0
00
D8
D8
D8
D8
78
ENDCHAR
STARTCHAR Umacron
ENCODING 362
SWIDTH 462 0
DWIDTH 6 0
BBX 5 9 0 0
BITMAP
70
00
D8
D8
D8
D8
D8
D8
70
ENDCHAR
STARTCHAR umacron
ENCODING 363
SWIDTH 462 0
DWIDTH 6 0
BBX 5 7 0 0
BITMAP
70
00
D8
D8
D8
D8
78
ENDCHAR
STARTCHAR Ubreve
ENCODING 364
SWIDTH 462 0
DWIDTH 6 0
BBX 5 10 0 0
BITMAP
50
70
00
D8
D8
D8
D8
D8
D8
70
ENDCHAR
STARTCHAR ubreve
ENCODING 365
SWIDTH 462 0
DWIDTH 6 0
BBX 5 8 0 0
BITMAP
50
70
00
D8
D8
D8
D8
78
ENDCHAR
STARTCHAR Uring
ENCODING 366
SWIDTH 462 0
DWIDTH 6 0
BBX 5 10 0 0
BITMAP
70
50
70
D8
D8
D8
D8
D8
D8
70
ENDCHAR
STARTCHAR uring
ENCODING 367
SWIDTH 462 0
DWIDTH 6 0
BBX 5 5 0 0
BITMAP
D8
D8
D8
D8
78
ENDCHAR
STARTCHAR Uhungarumlaut
ENCODING 368
SWIDTH 462 0
DWIDTH 6 0
BBX 6 10 0 0
BITMAP
6C
D8
00
D8
D8
D8
D8
D8
D8
70
ENDCHAR
STARTCHAR uhungarumlaut
ENCODING 369
SWIDTH 462 0
DWIDTH 6 0
BBX 6 8 0 0
BITMAP
6C
D8
00
D8
D8
D8
D8
78
ENDCHAR
STARTCHAR Uogonek
ENCODING 370
SWIDTH 462 0
DWIDTH 6 0
BBX 5 10 0 -3
BITMAP
D8
D8
D8
D8
D8
D8
70
30
60
38
ENDCHAR
STARTCHAR uogonek
ENCODING 371
SWIDTH 462 0
DWIDTH 6 0
BBX 6 8 0 -3
BITMAP
D8
D8
D8
D8
78
18
30
1C
ENDCHAR
STARTCHAR Wcircumflex
ENCODING 372
SWIDTH 462 0
DWIDTH 6 0
BBX 5 10 0 0
BITMAP
20
50
00
D8
D8
D8
D8
F8
F8
D8
ENDCHAR
STARTCHAR wcircumflex
ENCODING 373
SWIDTH 462 0
DWIDTH 6 0
BBX 5 8 0 0
BITMAP
20
50
00
D8
D8
F8
F8
D8
ENDCHAR
STARTCHAR Ycircumflex
ENCODING 374
SWIDTH 462 0
DWIDTH 6 0
BBX 5 10 0 0
BITMAP
20
50
00
D8
D8
D8
70
70
70
70
ENDCHAR
STARTCHAR ycircumflex
ENCODING 375
SWIDTH 462 0
DWIDTH 6 0
BBX 5 10 0 -2
BITMAP
20
50
00
D8
D8
D8
D8
78
18
70
ENDCHAR
STARTCHAR Ydieresis
ENCODING 376
SWIDTH 462 0
DWIDTH 6 0
BBX 5 9 0 0
BITMAP
D8
00
D8
D8
D8
70
70
70
70
ENDCHAR
STARTCHAR Zacute
ENCODING 377
SWIDTH 462 0
DWIDTH 6 0
BBX 5 10 0 0
BITMAP
30
60
00
F8
18
38
70
E0
C0
F8
ENDCHAR
STARTCHAR zacute
ENCODING 378
SWIDTH 462 0
DWIDTH 6 0
BBX 5 8 0 0
BITMAP
30
60
00
F8
18
70
C0
F8
ENDCHAR
STARTCHAR Zdotaccent
ENCODING 379
SWIDTH 462 0
DWIDTH 6 0
BBX 5 9 0 0
BITMAP
20
00
F8
18
38
70
E0
C0
F8
ENDCHAR
STARTCHAR zdotaccent
ENCODING 380
SWIDTH 462 0
DWIDTH 6 0
BBX 5 7 0 0
BITMAP
20
00
F8
18
70
C0
F8
ENDCHAR
STARTCHAR Zcaron
ENCODING 381
SWIDTH 462 0
DWIDTH 6 0
BBX 5 10 0 0
BITMAP
50
20
00
F8
18
38
70
E0
C0
F8
ENDCHAR
STARTCHAR zcaron
ENCODING 382
SWIDTH 462 0
DWIDTH 6 0
BBX 5 8 0 0
BITMAP
50
20
00
F8
18
70
C0
F8
ENDCHAR
STARTCHAR longs
ENCODING 383
SWIDTH 308 0
DWIDTH 4 0
BBX 3 7 0 0
BITMAP
60
C0
C0
C0
C0
C0
C0
ENDCHAR
STARTCHAR uni0181
ENCODING 385
SWIDTH 615 0
DWIDTH 8 0
BBX 7 7 0 0
BITMAP
FC
B6
36
3C
36
36
3C
ENDCHAR
STARTCHAR uni0186
ENCODING 390
SWIDTH 462 0
DWIDTH 6 0
BBX 5 7 0 0
BITMAP
70
D8
D8
18
D8
D8
70
ENDCHAR
STARTCHAR uni018F
ENCODING 399
SWIDTH 462 0
DWIDTH 6 0
BBX 5 7 0 0
BITMAP
70
D8
18
F8
D8
D8
70
ENDCHAR
STARTCHAR uni0190
ENCODING 400
SWIDTH 462 0
DWIDTH 6 0
BBX 5 7 0 0
BITMAP
70
D8
C0
60
C0
D8
70
ENDCHAR
STARTCHAR florin
ENCODING 402
SWIDTH 385 0
DWIDTH 5 0
BBX 4 9 0 -2
BITMAP
30
60
60
F0
60
60
60
60
C0
ENDCHAR
STARTCHAR uni0194
ENCODING 404
SWIDTH 462 0
DWIDTH 6 0
BBX 5 9 0 -2
BITMAP
D8
D8
D8
D8
D8
70
D8
D8
70
ENDCHAR
STARTCHAR uni0195
ENCODING 405
SWIDTH 615 0
DWIDTH 8 0
BBX 7 7 0 0
BITMAP
C0
C0
F2
DA
DA
DA
CC
ENDCHAR
STARTCHAR uni0197
ENCODING 407
SWIDTH 385 0
DWIDTH 5 0
BBX 4 7 0 0
BITMAP
F0
60
60
F0
60
60
F0
ENDCHAR
STARTCHAR uni019C
ENCODING 412
SWIDTH 615 0
DWIDTH 8 0
BBX 7 7 0 0
BITMAP
D6
D6
D6
D6
D6
D6
7E
ENDCHAR
STARTCHAR Ohorn
ENCODING 416
SWIDTH 615 0
DWIDTH 8 0
BBX 7 7 0 0
BITMAP
76
DE
DC
D8
D8
D8
70
ENDCHAR
STARTCHAR ohorn
ENCODING 417
SWIDTH 615 0
DWIDTH 8 0
BBX 7 6 0 0
BITMAP
06
76
DC
D8
D8
70
ENDCHAR
STARTCHAR uni01A9
ENCODING 425
SWIDTH 462 0
DWIDTH 6 0
BBX 5 7 0 0
BITMAP
F8
C0
60
30
60
C0
F8
ENDCHAR
STARTCHAR Uhorn
ENCODING 431
SWIDTH 615 0
DWIDTH 8 0
BBX 7 8 0 0
BITMAP
06
DE
DC
D8
D8
D8
D8
70
ENDCHAR
STARTCHAR uhorn
ENCODING 432
SWIDTH 615 0
DWIDTH 8 0
BBX 7 6 0 0
BITMAP
06
DE
DC
D8
D8
78
ENDCHAR
STARTCHAR uni01B1
ENCODING 433
SWIDTH 615 0
DWIDTH 8 0
BBX 7 7 0 0
BITMAP
EE
6C
C6
C6
C6
C6
7C
ENDCHAR
STARTCHAR uni01B2
ENCODING 434
SWIDTH 538 0
DWIDTH 7 0
BBX 6 7 0 0
BITMAP
D8
CC
CC
CC
CC
CC
78
ENDCHAR
STARTCHAR uni01B7
ENCODING 439
SWIDTH 462 0
DWIDTH 6 0
BBX 5 7 0 0
BITMAP
F8
D8
18
30
18
D8
70
ENDCHAR
STARTCHAR uni01B8
ENCODING 440
SWIDTH 462 0
DWIDTH 6 0
BBX 5 7 0 0
BITMAP
F8
C0
60
C0
C0
D8
70
ENDCHAR
STARTCHAR uni01B9
ENCODING 441
SWIDTH 462 0
DWIDTH 6 0
BBX 5 7 0 -2
BITMAP
F8
C0
60
C0
C0
D8
70
ENDCHAR
STARTCHAR uni01BF
ENCODING 447
SWIDTH 462 0
DWIDTH 6 0
BBX 5 7 0 -2
BITMAP
B0
D8
D8
D8
F0
C0
C0
ENDCHAR
STARTCHAR uni01C0
ENCODING 448
SWIDTH 308 0
DWIDTH 4 0
BBX 2 7 0 0
BITMAP
C0
C0
C0
C0
C0
C0
C0
ENDCHAR
STARTCHAR uni01C1
ENCODING 449
SWIDTH 538 0
DWIDTH 7 0
BBX 5 7 0 0
BITMAP
D8
D8
D8
D8
D8
D8
D8
ENDCHAR
STARTCHAR uni01C2
ENCODING 450
SWIDTH 385 0
DWIDTH 5 0
BBX 4 7 0 0
BITMAP
60
60
F0
60
F0
60
60
ENDCHAR
STARTCHAR uni01C3
ENCODING 451
SWIDTH 385 0
DWIDTH 5 0
BBX 4 7 0 0
BITMAP
60
F0
F0
60
60
00
60
ENDCHAR
STARTCHAR uni01CF
ENCODING 463
SWIDTH 385 0
DWIDTH 5 0
BBX 4 10 0 0
BITMAP
90
60
00
F0
60
60
60
60
60
F0
ENDCHAR
STARTCHAR uni01D0
ENCODING 464
SWIDTH 385 0
DWIDTH 5 0
BBX 4 8 0 0
BITMAP
A0
40
00
E0
60
60
60
F0
ENDCHAR
STARTCHAR uni01F6
ENCODING 502
SWIDTH 615 0
DWIDTH 8 0
BBX 7 7 0 0
BITMAP
D8
D8
DA
FA
DA
DA
CC
ENDCHAR
STARTCHAR uni01F7
ENCODING 503
SWIDTH 462 0
DWIDTH 6 0
BBX 5 7 0 0
BITMAP
B0
D8
D8
D8
F0
C0
C0
ENDCHAR
STARTCHAR uni0218
ENCODING 536
SWIDTH 462 0
DWIDTH 6 0
BBX 5 10 0 -3
BITMAP
70
D8
C0
70
18
D8
70
00
30
60
ENDCHAR
STARTCHAR uni0219
ENCODING 537
SWIDTH 462 0
DWIDTH 6 0
BBX 5 8 0 -3
BITMAP
78
C0
70
18
F0
00
30
60
ENDCHAR
STARTCHAR uni021A
ENCODING 538
SWIDTH 385 0
DWIDTH 5 0
BBX 4 10 0 -3
BITMAP
F0
60
60
60
60
60
60
00
60
C0
ENDCHAR
STARTCHAR uni021B
ENCODING 539
SWIDTH 385 0
DWIDTH 5 0
BBX 4 10 0 -3
BITMAP
60
60
F0
60
60
60
30
00
30
60
ENDCHAR
STARTCHAR uni021C
ENCODING 540
SWIDTH 462 0
DWIDTH 6 0
BBX 5 8 0 -1
BITMAP
70
D8
18
70
18
18
70
C0
ENDCHAR
STARTCHAR uni021D
ENCODING 541
SWIDTH 462 0
DWIDTH 6 0
BBX 5 7 0 -2
BITMAP
F0
18
70
18
18
70
C0
ENDCHAR
STARTCHAR uni0220
ENCODING 544
SWIDTH 462 0
DWIDTH 6 0
BBX 5 9 0 -2
BITMAP
F0
D8
D8
D8
D8
D8
D8
18
18
ENDCHAR
STARTCHAR uni0224
ENCODING 548
SWIDTH 462 0
DWIDTH 6 0
BBX 5 9 0 -2
BITMAP
F8
18
38
70
E0
C0
F8
18
30
ENDCHAR
STARTCHAR uni0225
ENCODING 549
SWIDTH 462 0
DWIDTH 6 0
BBX 5 7 0 -2
BITMAP
F8
18
70
C0
F8
18
30
ENDCHAR
STARTCHAR uni0237
ENCODING 567
SWIDTH 231 0
DWIDTH 3 0
BBX 3 7 -1 -2
BITMAP
60
60
60
60
60
60
C0
ENDCHAR
STARTCHAR uni0238
ENCODING 568
SWIDTH 615 0
DWIDTH 8 0
BBX 7 7 0 0
BITMAP
10
10
7C
D6
D6
D6
7C
ENDCHAR
STARTCHAR uni0239
ENCODING 569
SWIDTH 615 0
DWIDTH 8 0
BBX 7 7 0 -2
BITMAP
7C
D6
D6
D6
7C
10
10
ENDCHAR
STARTCHAR uni0241
ENCODING 577
SWIDTH 462 0
DWIDTH 6 0
BBX 5 7 0 0
BITMAP
70
D8
18
30
60
60
60
ENDCHAR
STARTCHAR uni0242
ENCODING 578
SWIDTH 462 0
DWIDTH 6 0
BBX 5 5 0 0
BITMAP
70
D8
18
70
60
ENDCHAR
STARTCHAR uni0244
ENCODING 580
SWIDTH 615 0
DWIDTH 8 0
BBX 7 7 0 0
BITMAP
6C
6C
FE
6C
6C
6C
38
ENDCHAR
STARTCHAR uni0245
ENCODING 581
SWIDTH 462 0
DWIDTH 6 0
BBX 5 7 0 0
BITMAP
20
70
D8
D8
D8
D8
D8
ENDCHAR
STARTCHAR uni0248
ENCODING 584
SWIDTH 462 0
DWIDTH 6 0
BBX 6 7 0 0
BITMAP
18
18
3C
18
D8
D8
70
ENDCHAR
STARTCHAR uni0249
ENCODING 585
SWIDTH 385 0
DWIDTH 5 0
BBX 4 9 0 -2
BITMAP
60
00
60
60
F0
60
60
60
C0
ENDCHAR
STARTCHAR uni0250
ENCODING 592
SWIDTH 462 0
DWIDTH 6 0
BBX 5 5 0 0
BITMAP
F0
D8
F0
C0
70
ENDCHAR
STARTCHAR uni0251
ENCODING 593
SWIDTH 462 0
DWIDTH 6 0
BBX 5 5 0 0
BITMAP
78
D8
D8
D8
78
ENDCHAR
STARTCHAR uni0252
ENCODING 594
SWIDTH 462 0
DWIDTH 6 0
BBX 5 5 0 0
BITMAP
F0
D8
D8
D8
B0
ENDCHAR
STARTCHAR uni0253
ENCODING 595
SWIDTH 462 0
DWIDTH 6 0
BBX 5 7 0 0
BITMAP
E0
C0
F0
D8
D8
D8
F0
ENDCHAR
STARTCHAR uni0254
ENCODING 596
SWIDTH 462 0
DWIDTH 6 0
BBX 5 5 0 0
BITMAP
70
D8
18
D8
70
ENDCHAR
STARTCHAR uni0255
ENCODING 597
SWIDTH 462 0
DWIDTH 6 0
BBX 5 6 0 -1
BITMAP
70
C0
D8
E8
70
80
ENDCHAR
STARTCHAR uni0258
ENCODING 600
SWIDTH 462 0
DWIDTH 6 0
BBX 5 5 0 0
BITMAP
70
D8
F8
18
F0
ENDCHAR
STARTCHAR uni0259
ENCODING 601
SWIDTH 462 0
DWIDTH 6 0
BBX 5 5 0 0
BITMAP
F0
18
F8
D8
70
ENDCHAR
STARTCHAR uni025A
ENCODING 602
SWIDTH 615 0
DWIDTH 8 0
BBX 7 5 0 0
BITMAP
E0
30
FC
B6
60
ENDCHAR
STARTCHAR uni025B
ENCODING 603
SWIDTH 462 0
DWIDTH 6 0
BBX 5 5 0 0
BITMAP
78
C0
70
C0
78
ENDCHAR
STARTCHAR uni025C
ENCODING 604
SWIDTH 462 0
DWIDTH 6 0
BBX 5 5 0 0
BITMAP
F0
18
70
18
F0
ENDCHAR
STARTCHAR uni025D
ENCODING 605
SWIDTH 615 0
DWIDTH 8 0
BBX 7 5 0 0
BITMAP
F0
1C
76
18
F0
ENDCHAR
STARTCHAR uni025E
ENCODING 606
SWIDTH 462 0
DWIDTH 6 0
BBX 5 5 0 0
BITMAP
70
98
B0
98
70
ENDCHAR
STARTCHAR uni025F
ENCODING 607
SWIDTH 385 0
DWIDTH 5 0
BBX 4 7 0 -2
BITMAP
60
60
F0
60
60
60
C0
ENDCHAR
STARTCHAR uni0260
ENCODING 608
SWIDTH 462 0
DWIDTH 6 0
BBX 6 10 0 -2
BITMAP
1C
18
18
78
D8
D8
D8
78
18
70
ENDCHAR
STARTCHAR uni0261
ENCODING 609
SWIDTH 462 0
DWIDTH 6 0
BBX 5 7 0 -2
BITMAP
78
D8
D8
D8
78
18
70
ENDCHAR
STARTCHAR uni0262
ENCODING 610
SWIDTH 462 0
DWIDTH 6 0
BBX 5 5 0 0
BITMAP
78
C0
D8
D8
78
ENDCHAR
STARTCHAR uni0263
ENCODING 611
SWIDTH 462 0
DWIDTH 6 0
BBX 5 7 0 -2
BITMAP
D8
D8
D8
D8
70
50
70
ENDCHAR
STARTCHAR uni0264
ENCODING 612
SWIDTH 462 0
DWIDTH 6 0
BBX 5 5 0 0
BITMAP
D8
D8
F8
50
70
ENDCHAR
STARTCHAR uni0265
ENCODING 613
SWIDTH 462 0
DWIDTH 6 0
BBX 5 7 0 -2
BITMAP
D8
D8
D8
D8
78
18
18
ENDCHAR
STARTCHAR uni0266
ENCODING 614
SWIDTH 462 0
DWIDTH 6 0
BBX 5 7 0 0
BITMAP
E0
C0
F0
D8
D8
D8
D8
ENDCHAR
STARTCHAR uni0267
ENCODING 615
SWIDTH 462 0
DWIDTH 6 0
BBX 5 9 0 -2
BITMAP
E0
C0
F0
D8
D8
D8
D8
18
30
ENDCHAR
STARTCHAR uni0268
ENCODING 616
SWIDTH 385 0
DWIDTH 5 0
BBX 4 7 0 0
BITMAP
60
00
E0
60
F0
60
F0
ENDCHAR
STARTCHAR uni0269
ENCODING 617
SWIDTH 308 0
DWIDTH 4 0
BBX 3 5 0 0
BITMAP
C0
C0
C0
C0
60
ENDCHAR
STARTCHAR uni026A
ENCODING 618
SWIDTH 385 0
DWIDTH 5 0
BBX 4 5 0 0
BITMAP
F0
60
60
60
F0
ENDCHAR
STARTCHAR uni026B
ENCODING 619
SWIDTH 538 0
DWIDTH 7 0
BBX 6 7 0 0
BITMAP
70
30
34
78
B0
30
38
ENDCHAR
STARTCHAR uni026C
ENCODING 620
SWIDTH 462 0
DWIDTH 6 0
BBX 5 7 0 0
BITMAP
70
30
70
B0
F8
30
78
ENDCHAR
STARTCHAR uni026D
ENCODING 621
SWIDTH 385 0
DWIDTH 5 0
BBX 4 9 0 -2
BITMAP
E0
60
60
60
60
60
60
60
70
ENDCHAR
STARTCHAR uni026E
ENCODING 622
SWIDTH 615 0
DWIDTH 8 0
BBX 7 9 0 -2
BITMAP
E0
60
7E
66
6C
66
76
06
1C
ENDCHAR
STARTCHAR uni026F
ENCODING 623
SWIDTH 615 0
DWIDTH 8 0
BBX 7 5 0 0
BITMAP
D6
D6
D6
D6
7E
ENDCHAR
STARTCHAR uni0270
ENCODING 624
SWIDTH 615 0
DWIDTH 8 0
BBX 7 7 0 -2
BITMAP
D6
D6
D6
D6
7E
06
06
ENDCHAR
STARTCHAR uni0271
ENCODING 625
SWIDTH 462 0
DWIDTH 6 0
BBX 5 7 0 -2
BITMAP
D8
F8
F8
D8
D8
18
30
ENDCHAR
STARTCHAR uni0272
ENCODING 626
SWIDTH 462 0
DWIDTH 6 0
BBX 6 7 -1 -2
BITMAP
78
6C
6C
6C
6C
60
C0
ENDCHAR
STARTCHAR uni0273
ENCODING 627
SWIDTH 462 0
DWIDTH 6 0
BBX 6 7 0 -2
BITMAP
F0
D8
D8
D8
D8
18
0C
ENDCHAR
STARTCHAR uni0274
ENCODING 628
SWIDTH 462 0
DWIDTH 6 0
BBX 5 5 0 0
BITMAP
98
D8
F8
D8
C8
ENDCHAR
STARTCHAR uni0275
ENCODING 629
SWIDTH 462 0
DWIDTH 6 0
BBX 5 5 0 0
BITMAP
70
D8
F8
D8
70
ENDCHAR
STARTCHAR uni0276
ENCODING 630
SWIDTH 615 0
DWIDTH 8 0
BBX 7 5 0 0
BITMAP
7E
D8
DC
D8
7E
ENDCHAR
STARTCHAR uni0277
ENCODING 631
SWIDTH 615 0
DWIDTH 8 0
BBX 7 5 0 0
BITMAP
7C
C6
D6
D6
6C
ENDCHAR
STARTCHAR uni0278
ENCODING 632
SWIDTH 615 0
DWIDTH 8 0
BBX 7 9 0 -2
BITMAP
10
10
7C
D6
D6
D6
7C
10
10
ENDCHAR
STARTCHAR uni0279
ENCODING 633
SWIDTH 462 0
DWIDTH 6 0
BBX 5 5 0 0
BITMAP
18
18
D8
D8
78
ENDCHAR
STARTCHAR uni027A
ENCODING 634
SWIDTH 462 0
DWIDTH 6 0
BBX 5 7 0 0
BITMAP
18
18
18
18
D8
D8
78
ENDCHAR
STARTCHAR uni027B
ENCODING 635
SWIDTH 538 0
DWIDTH 7 0
BBX 6 7 0 -2
BITMAP
18
18
D8
D8
78
18
1C
ENDCHAR
STARTCHAR uni027C
ENCODING 636
SWIDTH 462 0
DWIDTH 6 0
BBX 5 7 0 -2
BITMAP
F0
D8
D8
C0
C0
C0
C0
ENDCHAR
STARTCHAR uni027D
ENCODING 637
SWIDTH 462 0
DWIDTH 6 0
BBX 5 7 0 -2
BITMAP
F0
D8
D8
C0
C0
C0
60
ENDCHAR
STARTCHAR uni027E
ENCODING 638
SWIDTH 385 0
DWIDTH 5 0
BBX 4 5 0 0
BITMAP
70
C0
C0
C0
C0
ENDCHAR
STARTCHAR uni027F
ENCODING 639
SWIDTH 462 0
DWIDTH 6 0
BBX 5 7 0 -2
BITMAP
78
D8
D8
18
18
18
18
ENDCHAR
STARTCHAR uni0280
ENCODING 640
SWIDTH 462 0
DWIDTH 6 0
BBX 5 5 0 0
BITMAP
F0
D8
F0
D8
D8
ENDCHAR
STARTCHAR uni0281
ENCODING 641
SWIDTH 462 0
DWIDTH 6 0
BBX 5 5 0 0
BITMAP
D8
D8
F0
D8
F0
ENDCHAR
STARTCHAR uni0282
ENCODING 642
SWIDTH 462 0
DWIDTH 6 0
BBX 5 7 0 -2
BITMAP
78
C0
70
18
F0
C0
60
ENDCHAR
STARTCHAR uni0283
ENCODING 643
SWIDTH 385 0
DWIDTH 5 0
BBX 4 9 0 -2
BITMAP
30
60
60
60
60
60
60
60
C0
ENDCHAR
STARTCHAR uni0284
ENCODING 644
SWIDTH 385 0
DWIDTH 5 0
BBX 4 9 0 -2
BITMAP
30
60
60
60
F0
60
60
60
C0
ENDCHAR
STARTCHAR uni0286
ENCODING 646
SWIDTH 462 0
DWIDTH 6 0
BBX 5 9 0 -2
BITMAP
18
30
30
30
30
30
78
B0
60
ENDCHAR
STARTCHAR uni0287
ENCODING 647
SWIDTH 385 0
DWIDTH 5 0
BBX 4 7 0 -2
BITMAP
C0
60
60
60
F0
60
60
ENDCHAR
STARTCHAR uni0288
ENCODING 648
SWIDTH 385 0
DWIDTH 5 0
BBX 4 9 0 -2
BITMAP
60
60
F0
60
60
60
60
60
30
ENDCHAR
STARTCHAR uni0289
ENCODING 649
SWIDTH 462 0
DWIDTH 6 0
BBX 5 5 0 0
BITMAP
D8
D8
F8
D8
78
ENDCHAR
STARTCHAR uni028A
ENCODING 650
SWIDTH 462 0
DWIDTH 6 0
BBX 5 5 0 0
BITMAP
D8
50
D8
D8
70
ENDCHAR
STARTCHAR uni028B
ENCODING 651
SWIDTH 462 0
DWIDTH 6 0
BBX 5 5 0 0
BITMAP
D0
D8
D8
D8
70
ENDCHAR
STARTCHAR uni028C
ENCODING 652
SWIDTH 462 0
DWIDTH 6 0
BBX 5 5 0 0
BITMAP
20
70
70
D8
D8
ENDCHAR
STARTCHAR uni028D
ENCODING 653
SWIDTH 462 0
DWIDTH 6 0
BBX 5 5 0 0
BITMAP
50
F8
F8
D8
D8
ENDCHAR
STARTCHAR uni028E
ENCODING 654
SWIDTH 462 0
DWIDTH 6 0
BBX 5 7 0 0
BITMAP
70
C0
F0
D8
D8
D8
D8
ENDCHAR
STARTCHAR uni028F
ENCODING 655
SWIDTH 462 0
DWIDTH 6 0
BBX 5 5 0 0
BITMAP
D8
D8
70
70
70
ENDCHAR
STARTCHAR uni0290
ENCODING 656
SWIDTH 462 0
DWIDTH 6 0
BBX 6 7 0 -2
BITMAP
F8
18
70
C0
F8
18
0C
ENDCHAR
STARTCHAR uni0291
ENCODING 657
SWIDTH 462 0
DWIDTH 6 0
BBX 5 6 0 -1
BITMAP
F8
18
70
E8
F8
20
ENDCHAR
STARTCHAR uni0292
ENCODING 658
SWIDTH 462 0
DWIDTH 6 0
BBX 5 7 0 -2
BITMAP
F8
18
30
18
18
D8
70
ENDCHAR
STARTCHAR uni0293
ENCODING 659
SWIDTH 462 0
DWIDTH 6 0
BBX 5 8 0 -3
BITMAP
F8
18
30
18
78
98
70
08
ENDCHAR
STARTCHAR uni0294
ENCODING 660
SWIDTH 462 0
DWIDTH 6 0
BBX 5 7 0 0
BITMAP
70
D8
18
30
60
60
60
ENDCHAR
STARTCHAR uni0295
ENCODING 661
SWIDTH 462 0
DWIDTH 6 0
BBX 5 7 0 0
BITMAP
70
D8
C0
60
30
30
30
ENDCHAR
STARTCHAR uni0296
ENCODING 662
SWIDTH 462 0
DWIDTH 6 0
BBX 5 7 0 0
BITMAP
60
60
60
30
18
D8
70
ENDCHAR
STARTCHAR uni0297
ENCODING 663
SWIDTH 462 0
DWIDTH 6 0
BBX 5 7 0 -2
BITMAP
70
D8
C0
C0
C0
D8
70
ENDCHAR
STARTCHAR uni0298
ENCODING 664
SWIDTH 462 0
DWIDTH 6 0
BBX 5 7 0 0
BITMAP
70
F8
88
A8
88
F8
70
ENDCHAR
STARTCHAR uni0299
ENCODING 665
SWIDTH 462 0
DWIDTH 6 0
BBX 5 5 0 0
BITMAP
F0
D8
F0
D8
F0
ENDCHAR
STARTCHAR uni029A
ENCODING 666
SWIDTH 462 0
DWIDTH 6 0
BBX 5 5 0 0
BITMAP
70
C8
68
C8
70
ENDCHAR
STARTCHAR uni029B
ENCODING 667
SWIDTH 462 0
DWIDTH 6 0
BBX 6 8 0 0
BITMAP
1C
18
18
78
C0
D8
D8
78
ENDCHAR
STARTCHAR uni029C
ENCODING 668
SWIDTH 462 0
DWIDTH 6 0
BBX 5 5 0 0
BITMAP
D8
D8
F8
D8
D8
ENDCHAR
STARTCHAR uni029D
ENCODING 669
SWIDTH 462 0
DWIDTH 6 0
BBX 5 9 0 -2
BITMAP
30
00
30
30
30
30
78
B0
E0
ENDCHAR
STARTCHAR uni029E
ENCODING 670
SWIDTH 462 0
DWIDTH 6 0
BBX 5 7 0 -2
BITMAP
D8
D8
78
D8
D8
18
18
ENDCHAR
STARTCHAR uni029F
ENCODING 671
SWIDTH 462 0
DWIDTH 6 0
BBX 5 5 0 0
BITMAP
C0
C0
C0
C0
F8
ENDCHAR
STARTCHAR uni02A1
ENCODING 673
SWIDTH 462 0
DWIDTH 6 0
BBX 5 7 0 0
BITMAP
70
D8
18
30
60
F0
60
ENDCHAR
STARTCHAR uni02A2
ENCODING 674
SWIDTH 462 0
DWIDTH 6 0
BBX 5 7 0 0
BITMAP
70
D8
C0
60
30
78
30
ENDCHAR
STARTCHAR uni02A3
ENCODING 675
SWIDTH 615 0
DWIDTH 8 0
BBX 7 7 0 0
BITMAP
30
30
7E
B2
B4
B8
7E
ENDCHAR
STARTCHAR uni02A4
ENCODING 676
SWIDTH 615 0
DWIDTH 8 0
BBX 7 9 0 -2
BITMAP
30
30
7E
B6
B6
BC
76
06
1C
ENDCHAR
STARTCHAR uni02A5
ENCODING 677
SWIDTH 385 0
DWIDTH 5 0
BBX 4 7 0 0
BITMAP
30
30
70
B0
B0
B0
70
ENDCHAR
STARTCHAR uni02A6
ENCODING 678
SWIDTH 692 0
DWIDTH 9 0
BBX 8 7 0 0
BITMAP
60
60
F7
6C
66
63
3E
ENDCHAR
STARTCHAR uni02A7
ENCODING 679
SWIDTH 615 0
DWIDTH 8 0
BBX 7 9 0 -2
BITMAP
66
6C
FC
6C
6C
6C
3C
0C
18
ENDCHAR
STARTCHAR uni02A8
ENCODING 680
SWIDTH 615 0
DWIDTH 8 0
BBX 7 7 0 0
BITMAP
C0
C0
EE
D8
DE
FA
6C
ENDCHAR
STARTCHAR uni02A9
ENCODING 681
SWIDTH 615 0
DWIDTH 8 0
BBX 7 9 0 -2
BITMAP
60
C0
DC
F6
D6
D6
D6
06
0E
ENDCHAR
STARTCHAR uni02AA
ENCODING 682
SWIDTH 615 0
DWIDTH 8 0
BBX 7 7 0 0
BITMAP
E0
60
6E
78
6C
66
7C
ENDCHAR
STARTCHAR uni02AB
ENCODING 683
SWIDTH 615 0
DWIDTH 8 0
BBX 7 7 0 0
BITMAP
E0
60
7E
66
6C
78
7E
ENDCHAR
STARTCHAR uni02AC
ENCODING 684
SWIDTH 462 0
DWIDTH 6 0
BBX 5 7 0 0
BITMAP
D8
F8
50
00
D8
F8
50
ENDCHAR
STARTCHAR uni02AD
ENCODING 685
SWIDTH 462 0
DWIDTH 6 0
BBX 5 7 0 0
BITMAP
F8
D8
D8
00
F8
D8
D8
ENDCHAR
STARTCHAR uni02B0
ENCODING 688
SWIDTH 462 0
DWIDTH 6 0
BBX 5 4 0 3
BITMAP
C0
F0
D8
D8
ENDCHAR
STARTCHAR uni02B1
ENCODING 689
SWIDTH 462 0
DWIDTH 6 0
BBX 5 5 0 3
BITMAP
60
C0
F0
D8
D8
ENDCHAR
STARTCHAR uni02B2
ENCODING 690
SWIDTH 462 0
DWIDTH 6 0
BBX 5 5 0 3
BITMAP
18
00
18
D8
70
ENDCHAR
STARTCHAR uni02B3
ENCODING 691
SWIDTH 462 0
DWIDTH 6 0
BBX 5 4 0 3
BITMAP
F0
D8
C0
C0
ENDCHAR
STARTCHAR uni02B4
ENCODING 692
SWIDTH 462 0
DWIDTH 6 0
BBX 5 4 0 3
BITMAP
18
18
D8
78
ENDCHAR
STARTCHAR uni02B5
ENCODING 693
SWIDTH 462 0
DWIDTH 6 0
BBX 5 5 0 2
BITMAP
18
18
D8
78
18
ENDCHAR
STARTCHAR uni02B6
ENCODING 694
SWIDTH 462 0
DWIDTH 6 0
BBX 5 4 0 3
BITMAP
D8
F0
D8
F0
ENDCHAR
STARTCHAR uni02B7
ENCODING 695
SWIDTH 462 0
DWIDTH 6 0
BBX 5 4 0 3
BITMAP
D8
D8
F8
D8
ENDCHAR
STARTCHAR uni02B8
ENCODING 696
SWIDTH 462 0
DWIDTH 6 0
BBX 5 5 0 2
BITMAP
D8
D8
78
18
70
ENDCHAR
STARTCHAR uni02BE
ENCODING 702
SWIDTH 308 0
DWIDTH 4 0
BBX 3 4 0 4
BITMAP
C0
60
60
C0
ENDCHAR
STARTCHAR uni02BF
ENCODING 703
SWIDTH 308 0
DWIDTH 4 0
BBX 3 4 0 4
BITMAP
60
C0
C0
60
ENDCHAR
STARTCHAR uni02C0
ENCODING 704
SWIDTH 462 0
DWIDTH 6 0
BBX 5 4 0 3
BITMAP
F0
18
70
60
ENDCHAR
STARTCHAR uni02C1
ENCODING 705
SWIDTH 462 0
DWIDTH 6 0
BBX 5 4 0 3
BITMAP
78
C0
70
30
ENDCHAR
STARTCHAR uni02C8
ENCODING 712
SWIDTH 231 0
DWIDTH 3 0
BBX 2 4 0 5
BITMAP
C0
C0
C0
C0
ENDCHAR
STARTCHAR uni02CC
ENCODING 716
SWIDTH 231 0
DWIDTH 3 0
BBX 2 4 0 -2
BITMAP
C0
C0
C0
C0
ENDCHAR
STARTCHAR uni02D0
ENCODING 720
SWIDTH 308 0
DWIDTH 4 0
BBX 3 5 0 0
BITMAP
E0
40
00
40
E0
ENDCHAR
STARTCHAR uni02D1
ENCODING 721
SWIDTH 308 0
DWIDTH 4 0
BBX 3 2 0 3
BITMAP
E0
40
ENDCHAR
STARTCHAR uni02ED
ENCODING 749
SWIDTH 462 0
DWIDTH 6 0
BBX 5 3 0 3
BITMAP
F8
00
F8
ENDCHAR
STARTCHAR uni0374
ENCODING 884
SWIDTH 231 0
DWIDTH 3 0
BBX 2 4 0 3
BITMAP
C0
C0
C0
80
ENDCHAR
STARTCHAR uni0375
ENCODING 885
SWIDTH 231 0
DWIDTH 3 0
BBX 2 4 0 0
BITMAP
40
C0
C0
C0
ENDCHAR
STARTCHAR uni037A
ENCODING 890
SWIDTH 308 0
DWIDTH 4 0
BBX 3 3 0 -2
BITMAP
C0
C0
60
ENDCHAR
STARTCHAR uni037B
ENCODING 891
SWIDTH 462 0
DWIDTH 6 0
BBX 5 5 0 0
BITMAP
F0
18
18
18
F0
ENDCHAR
STARTCHAR uni037C
ENCODING 892
SWIDTH 462 0
DWIDTH 6 0
BBX 5 5 0 0
BITMAP
78
C0
D0
C0
78
ENDCHAR
STARTCHAR uni037D
ENCODING 893
SWIDTH 462 0
DWIDTH 6 0
BBX 5 5 0 0
BITMAP
F0
18
58
18
F0
ENDCHAR
STARTCHAR uni037E
ENCODING 894
SWIDTH 308 0
DWIDTH 4 0
BBX 3 6 0 -2
BITMAP
60
60
00
60
60
C0
ENDCHAR
STARTCHAR tonos
ENCODING 900
SWIDTH 308 0
DWIDTH 4 0
BBX 3 2 0 5
BITMAP
60
C0
ENDCHAR
STARTCHAR dieresistonos
ENCODING 901
SWIDTH 308 0
DWIDTH 4 0
BBX 3 4 0 4
BITMAP
60
C0
00
A0
ENDCHAR
STARTCHAR Alphatonos
ENCODING 902
SWIDTH 462 0
DWIDTH 6 0
BBX 5 10 0 0
BITMAP
60
C0
00
70
D8
D8
F8
D8
D8
D8
ENDCHAR
STARTCHAR anoteleia
ENCODING 903
SWIDTH 231 0
DWIDTH 3 0
BBX 2 2 0 2
BITMAP
C0
C0
ENDCHAR
STARTCHAR Epsilontonos
ENCODING 904
SWIDTH 462 0
DWIDTH 6 0
BBX 5 10 0 0
BITMAP
60
C0
00
F8
C0
C0
F0
C0
C0
F8
ENDCHAR
STARTCHAR Etatonos
ENCODING 905
SWIDTH 462 0
DWIDTH 6 0
BBX 5 10 0 0
BITMAP
60
C0
00
D8
D8
D8
F8
D8
D8
D8
ENDCHAR
STARTCHAR Iotatonos
ENCODING 906
SWIDTH 385 0
DWIDTH 5 0
BBX 4 10 0 0
BITMAP
30
60
00
F0
60
60
60
60
60
F0
ENDCHAR
STARTCHAR Omicrontonos
ENCODING 908
SWIDTH 462 0
DWIDTH 6 0
BBX 5 10 0 0
BITMAP
60
C0
00
70
D8
D8
D8
D8
D8
70
ENDCHAR
STARTCHAR Upsilontonos
ENCODING 910
SWIDTH 462 0
DWIDTH 6 0
BBX 5 10 0 0
BITMAP
60
C0
00
D8
D8
D8
70
70
70
70
ENDCHAR
STARTCHAR Omegatonos
ENCODING 911
SWIDTH 615 0
DWIDTH 8 0
BBX 7 10 0 0
BITMAP
60
C0
00
7C
C6
C6
C6
C6
6C
EE
ENDCHAR
STARTCHAR iotadieresistonos
ENCODING 912
SWIDTH 308 0
DWIDTH 4 0
BBX 3 9 0 0
BITMAP
40
00
A0
00
C0
C0
C0
C0
60
ENDCHAR
STARTCHAR Alpha
ENCODING 913
SWIDTH 462 0
DWIDTH 6 0
BBX 5 7 0 0
BITMAP
70
D8
D8
F8
D8
D8
D8
ENDCHAR
STARTCHAR Beta
ENCODING 914
SWIDTH 462 0
DWIDTH 6 0
BBX 5 7 0 0
BITMAP
F0
D8
D8
F0
D8
D8
F0
ENDCHAR
STARTCHAR Gamma
ENCODING 915
SWIDTH 462 0
DWIDTH 6 0
BBX 5 7 0 0
BITMAP
F8
C0
C0
C0
C0
C0
C0
ENDCHAR
STARTCHAR uni0394
ENCODING 916
SWIDTH 462 0
DWIDTH 6 0
BBX 5 7 0 0
BITMAP
20
70
D8
D8
D8
D8
F8
ENDCHAR
STARTCHAR Epsilon
ENCODING 917
SWIDTH 462 0
DWIDTH 6 0
BBX 5 7 0 0
BITMAP
F8
C0
C0
F0
C0
C0
F8
ENDCHAR
STARTCHAR Zeta
ENCODING 918
SWIDTH 462 0
DWIDTH 6 0
BBX 5 7 0 0
BITMAP
F8
18
38
70
E0
C0
F8
ENDCHAR
STARTCHAR Eta
ENCODING 919
SWIDTH 462 0
DWIDTH 6 0
BBX 5 7 0 0
BITMAP
D8
D8
D8
F8
D8
D8
D8
ENDCHAR
STARTCHAR Theta
ENCODING 920
SWIDTH 462 0
DWIDTH 6 0
BBX 5 7 0 0
BITMAP
70
D8
D8
F8
D8
D8
70
ENDCHAR
STARTCHAR Iota
ENCODING 921
SWIDTH 385 0
DWIDTH 5 0
BBX 4 7 0 0
BITMAP
F0
60
60
60
60
60
F0
ENDCHAR
STARTCHAR Kappa
ENCODING 922
SWIDTH 462 0
DWIDTH 6 0
BBX 5 7 0 0
BITMAP
D8
D8
D8
F0
D8
D8
D8
ENDCHAR
STARTCHAR Lambda
ENCODING 923
SWIDTH 462 0
DWIDTH 6 0
BBX 5 7 0 0
BITMAP
20
70
D8
D8
D8
D8
D8
ENDCHAR
STARTCHAR Mu
ENCODING 924
SWIDTH 462 0
DWIDTH 6 0
BBX 5 7 0 0
BITMAP
D8
F8
F8
D8
D8
D8
D8
ENDCHAR
STARTCHAR Nu
ENCODING 925
SWIDTH 462 0
DWIDTH 6 0
BBX 5 7 0 0
BITMAP
98
D8
F8
F8
D8
D8
C8
ENDCHAR
STARTCHAR Xi
ENCODING 926
SWIDTH 462 0
DWIDTH 6 0
BBX 5 7 0 0
BITMAP
F8
D8
00
70
00
D8
F8
ENDCHAR
STARTCHAR Omicron
ENCODING 927
SWIDTH 462 0
DWIDTH 6 0
BBX 5 7 0 0
BITMAP
70
D8
D8
D8
D8
D8
70
ENDCHAR
STARTCHAR Pi
ENCODING 928
SWIDTH 462 0
DWIDTH 6 0
BBX 5 7 0 0
BITMAP
F8
D8
D8
D8
D8
D8
D8
ENDCHAR
STARTCHAR Rho
ENCODING 929
SWIDTH 462 0
DWIDTH 6 0
BBX 5 7 0 0
BITMAP
F0
D8
D8
D8
F0
C0
C0
ENDCHAR
STARTCHAR Sigma
ENCODING 931
SWIDTH 462 0
DWIDTH 6 0
BBX 5 7 0 0
BITMAP
F8
C0
60
30
60
C0
F8
ENDCHAR
STARTCHAR Tau
ENCODING 932
SWIDTH 385 0
DWIDTH 5 0
BBX 4 7 0 0
BITMAP
F0
60
60
60
60
60
60
ENDCHAR
STARTCHAR Upsilon
ENCODING 933
SWIDTH 462 0
DWIDTH 6 0
BBX 5 7 0 0
BITMAP
D8
D8
D8
70
70
70
70
ENDCHAR
STARTCHAR Phi
ENCODING 934
SWIDTH 615 0
DWIDTH 8 0
BBX 7 7 0 0
BITMAP
10
7C
D6
D6
D6
7C
10
ENDCHAR
STARTCHAR Chi
ENCODING 935
SWIDTH 462 0
DWIDTH 6 0
BBX 5 7 0 0
BITMAP
D8
D8
D8
70
D8
D8
D8
ENDCHAR
STARTCHAR Psi
ENCODING 936
SWIDTH 615 0
DWIDTH 8 0
BBX 7 7 0 0
BITMAP
D6
D6
D6
D6
7C
10
10
ENDCHAR
STARTCHAR uni03A9
ENCODING 937
SWIDTH 615 0
DWIDTH 8 0
BBX 7 7 0 0
BITMAP
7C
C6
C6
C6
C6
6C
EE
ENDCHAR
STARTCHAR Iotadieresis
ENCODING 938
SWIDTH 385 0
DWIDTH 5 0
BBX 4 9 0 0
BITMAP
90
00
F0
60
60
60
60
60
F0
ENDCHAR
STARTCHAR Upsilondieresis
ENCODING 939
SWIDTH 462 0
DWIDTH 6 0
BBX 5 9 0 0
BITMAP
50
00
D8
D8
D8
70
70
70
70
ENDCHAR
STARTCHAR alphatonos
ENCODING 940
SWIDTH 462 0
DWIDTH 6 0
BBX 5 8 0 0
BITMAP
30
60
00
78
D8
D8
D8
78
ENDCHAR
STARTCHAR epsilontonos
ENCODING 941
SWIDTH 462 0
DWIDTH 6 0
BBX 5 8 0 0
BITMAP
30
60
00
70
D8
60
D8
70
ENDCHAR
STARTCHAR etatonos
ENCODING 942
SWIDTH 462 0
DWIDTH 6 0
BBX 5 10 0 -2
BITMAP
30
60
00
F0
D8
D8
D8
D8
18
18
ENDCHAR
STARTCHAR iotatonos
ENCODING 943
SWIDTH 308 0
DWIDTH 4 0
BBX 3 8 0 0
BITMAP
60
C0
00
C0
C0
C0
C0
60
ENDCHAR
STARTCHAR upsilondieresistonos
ENCODING 944
SWIDTH 462 0
DWIDTH 6 0
BBX 5 10 0 0
BITMAP
30
60
00
50
00
D8
D8
D8
D8
70
ENDCHAR
STARTCHAR alpha
ENCODING 945
SWIDTH 462 0
DWIDTH 6 0
BBX 5 5 0 0
BITMAP
78
D8
D8
D8
78
ENDCHAR
STARTCHAR beta
ENCODING 946
SWIDTH 462 0
DWIDTH 6 0
BBX 5 8 0 -1
BITMAP
70
D8
D8
F0
D8
D8
F0
C0
ENDCHAR
STARTCHAR gamma
ENCODING 947
SWIDTH 462 0
DWIDTH 6 0
BBX 5 7 0 -2
BITMAP
D8
D8
D8
D8
70
60
60
ENDCHAR
STARTCHAR delta
ENCODING 948
SWIDTH 462 0
DWIDTH 6 0
BBX 5 7 0 0
BITMAP
78
C0
70
D8
D8
D8
70
ENDCHAR
STARTCHAR epsilon
ENCODING 949
SWIDTH 462 0
DWIDTH 6 0
BBX 5 5 0 0
BITMAP
70
D8
60
D8
70
ENDCHAR
STARTCHAR zeta
ENCODING 950
SWIDTH 462 0
DWIDTH 6 0
BBX 5 8 0 -1
BITMAP
F8
18
30
60
C0
C0
70
18
ENDCHAR
STARTCHAR eta
ENCODING 951
SWIDTH 462 0
DWIDTH 6 0
BBX 5 7 0 -2
BITMAP
F0
D8
D8
D8
D8
18
18
ENDCHAR
STARTCHAR theta
ENCODING 952
SWIDTH 462 0
DWIDTH 6 0
BBX 5 7 0 0
BITMAP
30
58
D8
F8
D8
D0
60
ENDCHAR
STARTCHAR iota
ENCODING 953
SWIDTH 308 0
DWIDTH 4 0
BBX 3 5 0 0
BITMAP
C0
C0
C0
C0
60
ENDCHAR
STARTCHAR kappa
ENCODING 954
SWIDTH 462 0
DWIDTH 6 0
BBX 5 5 0 0
BITMAP
D8
D8
F0
D8
D8
ENDCHAR
STARTCHAR lambda
ENCODING 955
SWIDTH 462 0
DWIDTH 6 0
BBX 5 6 0 0
BITMAP
E0
70
70
D8
D8
D8
ENDCHAR
STARTCHAR uni03BC
ENCODING 956
SWIDTH 462 0
DWIDTH 6 0
BBX 5 7 0 -2
BITMAP
D8
D8
D8
D8
F0
C0
C0
ENDCHAR
STARTCHAR nu
ENCODING 957
SWIDTH 462 0
DWIDTH 6 0
BBX 5 5 0 0
BITMAP
D8
D8
D8
70
20
ENDCHAR
STARTCHAR xi
ENCODING 958
SWIDTH 462 0
DWIDTH 6 0
BBX 5 8 0 -1
BITMAP
F8
60
C0
70
C0
C0
70
18
ENDCHAR
STARTCHAR omicron
ENCODING 959
SWIDTH 462 0
DWIDTH 6 0
BBX 5 5 0 0
BITMAP
70
D8
D8
D8
70
ENDCHAR
STARTCHAR pi
ENCODING 960
SWIDTH 462 0
DWIDTH 6 0
BBX 5 5 0 0
BITMAP
F8
D8
D8
D8
D8
ENDCHAR
STARTCHAR rho
ENCODING 961
SWIDTH 462 0
DWIDTH 6 0
BBX 5 7 0 -2
BITMAP
70
D8
D8
D8
F0
C0
C0
ENDCHAR
STARTCHAR sigma1
ENCODING 962
SWIDTH 462 0
DWIDTH 6 0
BBX 5 7 0 -2
BITMAP
70
D8
D8
C0
70
18
30
ENDCHAR
STARTCHAR sigma
ENCODING 963
SWIDTH 462 0
DWIDTH 6 0
BBX 5 6 0 0
BITMAP
18
70
D8
D8
D8
70
ENDCHAR
STARTCHAR tau
ENCODING 964
SWIDTH 385 0
DWIDTH 5 0
BBX 4 5 0 0
BITMAP
F0
60
60
60
30
ENDCHAR
STARTCHAR upsilon
ENCODING 965
SWIDTH 462 0
DWIDTH 6 0
BBX 5 5 0 0
BITMAP
D8
D8
D8
D8
70
ENDCHAR
STARTCHAR phi
ENCODING 966
SWIDTH 615 0
DWIDTH 8 0
BBX 7 7 0 -2
BITMAP
DC
D6
D6
D6
7C
10
10
ENDCHAR
STARTCHAR chi
ENCODING 967
SWIDTH 462 0
DWIDTH 6 0
BBX 5 7 0 -1
BITMAP
C0
D8
D8
70
D8
D8
18
ENDCHAR
STARTCHAR psi
ENCODING 968
SWIDTH 615 0
DWIDTH 8 0
BBX 7 8 0 -2
BITMAP
10
D6
D6
D6
D6
7C
10
10
ENDCHAR
STARTCHAR omega
ENCODING 969
SWIDTH 615 0
DWIDTH 8 0
BBX 7 5 0 0
BITMAP
6C
C6
D6
D6
6C
ENDCHAR
STARTCHAR iotadieresis
ENCODING 970
SWIDTH 308 0
DWIDTH 4 0
BBX 3 7 0 0
BITMAP
A0
00
C0
C0
C0
C0
60
ENDCHAR
STARTCHAR upsilondieresis
ENCODING 971
SWIDTH 462 0
DWIDTH 6 0
BBX 5 7 0 0
BITMAP
50
00
D8
D8
D8
D8
70
ENDCHAR
STARTCHAR omicrontonos
ENCODING 972
SWIDTH 462 0
DWIDTH 6 0
BBX 5 8 0 0
BITMAP
30
60
00
70
D8
D8
D8
70
ENDCHAR
STARTCHAR upsilontonos
ENCODING 973
SWIDTH 462 0
DWIDTH 6 0
BBX 5 8 0 0
BITMAP
30
60
00
D8
D8
D8
D8
70
ENDCHAR
STARTCHAR omegatonos
ENCODING 974
SWIDTH 615 0
DWIDTH 8 0
BBX 7 8 0 0
BITMAP
18
30
00
6C
C6
D6
FE
6C
ENDCHAR
STARTCHAR uni03CF
ENCODING 975
SWIDTH 462 0
DWIDTH 6 0
BBX 5 9 0 -2
BITMAP
D8
D8
D8
F0
D8
D8
D8
18
30
ENDCHAR
STARTCHAR uni03D0
ENCODING 976
SWIDTH 462 0
DWIDTH 6 0
BBX 5 8 0 0
BITMAP
70
D8
F0
C0
F0
D8
D8
70
ENDCHAR
STARTCHAR theta1
ENCODING 977
SWIDTH 538 0
DWIDTH 7 0
BBX 6 8 0 0
BITMAP
38
6C
3C
0C
EC
6C
6C
38
ENDCHAR
STARTCHAR Upsilon1
ENCODING 978
SWIDTH 538 0
DWIDTH 7 0
BBX 6 7 0 0
BITMAP
CC
D8
D8
D8
70
70
70
ENDCHAR
STARTCHAR uni03D3
ENCODING 979
SWIDTH 538 0
DWIDTH 7 0
BBX 6 10 0 0
BITMAP
60
C0
00
CC
D8
D8
D8
70
70
70
ENDCHAR
STARTCHAR uni03D4
ENCODING 980
SWIDTH 538 0
DWIDTH 7 0
BBX 6 9 0 0
BITMAP
50
00
CC
D8
D8
D8
70
70
70
ENDCHAR
STARTCHAR phi1
ENCODING 981
SWIDTH 615 0
DWIDTH 8 0
BBX 7 9 0 -2
BITMAP
10
10
7C
D6
D6
D6
7C
10
10
ENDCHAR
STARTCHAR omega1
ENCODING 982
SWIDTH 615 0
DWIDTH 8 0
BBX 7 6 0 0
BITMAP
FE
6C
C6
D6
FE
6C
ENDCHAR
STARTCHAR uni03D7
ENCODING 983
SWIDTH 462 0
DWIDTH 6 0
BBX 5 7 0 -2
BITMAP
D8
D8
F0
D8
D8
18
30
ENDCHAR
STARTCHAR uni03D8
ENCODING 984
SWIDTH 462 0
DWIDTH 6 0
BBX 5 7 0 0
BITMAP
70
D8
D8
D8
70
20
20
ENDCHAR
STARTCHAR uni03D9
ENCODING 985
SWIDTH 462 0
DWIDTH 6 0
BBX 5 7 0 -2
BITMAP
70
D8
D8
D8
70
20
20
ENDCHAR
STARTCHAR uni03DA
ENCODING 986
SWIDTH 462 0
DWIDTH 6 0
BBX 5 7 0 0
BITMAP
70
D8
C0
C0
70
30
30
ENDCHAR
STARTCHAR uni03DB
ENCODING 987
SWIDTH 462 0
DWIDTH 6 0
BBX 5 7 0 -2
BITMAP
70
D8
C0
C0
70
30
30
ENDCHAR
STARTCHAR uni03DC
ENCODING 988
SWIDTH 462 0
DWIDTH 6 0
BBX 5 7 0 0
BITMAP
F8
C0
C0
F8
D8
C0
C0
ENDCHAR
STARTCHAR uni03DD
ENCODING 989
SWIDTH 462 0
DWIDTH 6 0
BBX 5 7 0 -2
BITMAP
F8
C0
F8
D8
C0
C0
C0
ENDCHAR
STARTCHAR uni03DE
ENCODING 990
SWIDTH 462 0
DWIDTH 6 0
BBX 5 7 0 0
BITMAP
C0
60
C0
F8
18
30
18
ENDCHAR
STARTCHAR uni03DF
ENCODING 991
SWIDTH 462 0
DWIDTH 6 0
BBX 5 9 0 -2
BITMAP
C0
60
60
40
F8
18
30
30
18
ENDCHAR
STARTCHAR uni03E0
ENCODING 992
SWIDTH 462 0
DWIDTH 6 0
BBX 5 7 0 0
BITMAP
E0
30
18
F8
18
F8
18
ENDCHAR
STARTCHAR uni03E1
ENCODING 993
SWIDTH 462 0
DWIDTH 6 0
BBX 5 9 0 -2
BITMAP
E0
30
18
F8
18
F8
18
18
30
ENDCHAR
STARTCHAR uni03E2
ENCODING 994
SWIDTH 615 0
DWIDTH 8 0
BBX 7 9 0 -2
BITMAP
6C
C6
D6
D6
D6
D6
6E
06
1C
ENDCHAR
STARTCHAR uni03E3
ENCODING 995
SWIDTH 615 0
DWIDTH 8 0
BBX 7 7 0 -2
BITMAP
6C
C6
D6
D6
6E
06
1C
ENDCHAR
STARTCHAR uni03E4
ENCODING 996
SWIDTH 462 0
DWIDTH 6 0
BBX 5 7 0 0
BITMAP
58
D8
D8
D8
78
18
18
ENDCHAR
STARTCHAR uni03E5
ENCODING 997
SWIDTH 462 0
DWIDTH 6 0
BBX 5 7 0 -2
BITMAP
58
D8
D8
D8
78
18
18
ENDCHAR
STARTCHAR uni03E6
ENCODING 998
SWIDTH 462 0
DWIDTH 6 0
BBX 5 9 0 -2
BITMAP
C0
C0
F0
D8
D8
D8
D8
18
30
ENDCHAR
STARTCHAR uni03E7
ENCODING 999
SWIDTH 462 0
DWIDTH 6 0
BBX 5 8 0 -2
BITMAP
C0
C0
F0
D8
D8
D8
18
30
ENDCHAR
STARTCHAR uni03E8
ENCODING 1000
SWIDTH 462 0
DWIDTH 6 0
BBX 5 7 0 0
BITMAP
70
D8
D8
18
F8
C0
70
ENDCHAR
STARTCHAR uni03E9
ENCODING 1001
SWIDTH 462 0
DWIDTH 6 0
BBX 5 6 0 -1
BITMAP
70
D8
18
F0
C0
78
ENDCHAR
STARTCHAR uni03EA
ENCODING 1002
SWIDTH 462 0
DWIDTH 6 0
BBX 5 8 0 -1
BITMAP
D8
D8
D8
70
D8
D8
D8
F8
ENDCHAR
STARTCHAR uni03EB
ENCODING 1003
SWIDTH 462 0
DWIDTH 6 0
BBX 5 6 0 -1
BITMAP
D8
D8
70
D8
D8
F8
ENDCHAR
STARTCHAR uni03EC
ENCODING 1004
SWIDTH 462 0
DWIDTH 6 0
BBX 5 8 0 0
BITMAP
18
70
C0
F0
D8
D8
D8
70
ENDCHAR
STARTCHAR uni03ED
ENCODING 1005
SWIDTH 462 0
DWIDTH 6 0
BBX 5 6 0 0
BITMAP
18
70
D8
D8
D8
70
ENDCHAR
STARTCHAR uni03EE
ENCODING 1006
SWIDTH 538 0
DWIDTH 7 0
BBX 6 7 0 0
BITMAP
30
30
FC
B4
30
30
30
ENDCHAR
STARTCHAR uni03EF
ENCODING 1007
SWIDTH 538 0
DWIDTH 7 0
BBX 6 8 0 -1
BITMAP
30
30
FC
B4
30
30
30
30
ENDCHAR
STARTCHAR uni03F0
ENCODING 1008
SWIDTH 615 0
DWIDTH 8 0
BBX 7 5 0 0
BITMAP
E4
6C
7C
6C
4E
ENDCHAR
STARTCHAR uni03F1
ENCODING 1009
SWIDTH 462 0
DWIDTH 6 0
BBX 5 8 0 -3
BITMAP
70
D8
D8
D8
F0
C0
70
18
ENDCHAR
STARTCHAR uni03F2
ENCODING 1010
SWIDTH 462 0
DWIDTH 6 0
BBX 5 5 0 0
BITMAP
78
C0
C0
C0
78
ENDCHAR
STARTCHAR uni03F3
ENCODING 1011
SWIDTH 231 0
DWIDTH 3 0
BBX 3 9 -1 -2
BITMAP
60
00
60
60
60
60
60
60
C0
ENDCHAR
STARTCHAR uni03F4
ENCODING 1012
SWIDTH 462 0
DWIDTH 6 0
BBX 5 7 0 0
BITMAP
70
D8
D8
F8
D8
D8
70
ENDCHAR
STARTCHAR uni03F5
ENCODING 1013
SWIDTH 462 0
DWIDTH 6 0
BBX 5 5 0 0
BITMAP
78
C0
F8
C0
78
ENDCHAR
STARTCHAR uni03F6
ENCODING 1014
SWIDTH 462 0
DWIDTH 6 0
BBX 5 5 0 0
BITMAP
F0
18
F8
18
F0
ENDCHAR
STARTCHAR uni03F7
ENCODING 1015
SWIDTH 462 0
DWIDTH 6 0
BBX 5 7 0 0
BITMAP
C0
F0
D8
D8
D8
F0
C0
ENDCHAR
STARTCHAR uni03F8
ENCODING 1016
SWIDTH 462 0
DWIDTH 6 0
BBX 5 9 0 -2
BITMAP
C0
C0
F0
D8
D8
D8
F0
C0
C0
ENDCHAR
STARTCHAR uni03F9
ENCODING 1017
SWIDTH 462 0
DWIDTH 6 0
BBX 5 7 0 0
BITMAP
70
D8
C0
C0
C0
D8
70
ENDCHAR
STARTCHAR uni03FA
ENCODING 1018
SWIDTH 462 0
DWIDTH 6 0
BBX 5 7 0 0
BITMAP
88
D8
F8
F8
D8
D8
D8
ENDCHAR
STARTCHAR uni03FB
ENCODING 1019
SWIDTH 462 0
DWIDTH 6 0
BBX 5 7 0 -2
BITMAP
D8
F8
F8
D8
D8
C0
C0
ENDCHAR
STARTCHAR uni03FC
ENCODING 1020
SWIDTH 462 0
DWIDTH 6 0
BBX 6 8 -1 -3
BITMAP
38
6C
6C
6C
78
60
F0
60
ENDCHAR
STARTCHAR uni03FD
ENCODING 1021
SWIDTH 462 0
DWIDTH 6 0
BBX 5 7 0 0
BITMAP
70
D8
18
18
18
D8
70
ENDCHAR
STARTCHAR uni03FE
ENCODING 1022
SWIDTH 462 0
DWIDTH 6 0
BBX 5 7 0 0
BITMAP
70
D8
C0
D0
C0
D8
70
ENDCHAR
STARTCHAR uni03FF
ENCODING 1023
SWIDTH 462 0
DWIDTH 6 0
BBX 5 7 0 0
BITMAP
70
D8
18
58
18
D8
70
ENDCHAR
STARTCHAR uni0400
ENCODING 1024
SWIDTH 462 0
DWIDTH 6 0
BBX 5 10 0 0
BITMAP
60
30
00
F8
C0
C0
F0
C0
C0
F8
ENDCHAR
STARTCHAR uni0401
ENCODING 1025
SWIDTH 462 0
DWIDTH 6 0
BBX 5 9 0 0
BITMAP
50
00
F8
C0
C0
F0
C0
C0
F8
ENDCHAR
STARTCHAR uni0402
ENCODING 1026
SWIDTH 538 0
DWIDTH 7 0
BBX 6 7 0 0
BITMAP
F0
60
78
6C
6C
6C
68
ENDCHAR
STARTCHAR uni0403
ENCODING 1027
SWIDTH 462 0
DWIDTH 6 0
BBX 5 10 0 0
BITMAP
30
60
00
F8
C0
C0
C0
C0
C0
C0
ENDCHAR
STARTCHAR uni0404
ENCODING 1028
SWIDTH 462 0
DWIDTH 6 0
BBX 5 7 0 0
BITMAP
78
C0
C0
F0
C0
C0
78
ENDCHAR
STARTCHAR uni0405
ENCODING 1029
SWIDTH 462 0
DWIDTH 6 0
BBX 5 7 0 0
BITMAP
70
D8
C0
70
18
D8
70
ENDCHAR
STARTCHAR uni0406
ENCODING 1030
SWIDTH 385 0
DWIDTH 5 0
BBX 4 7 0 0
BITMAP
F0
60
60
60
60
60
F0
ENDCHAR
STARTCHAR uni0407
ENCODING 1031
SWIDTH 385 0
DWIDTH 5 0
BBX 4 9 0 0
BITMAP
90
00
F0
60
60
60
60
60
F0
ENDCHAR
STARTCHAR uni0408
ENCODING 1032
SWIDTH 462 0
DWIDTH 6 0
BBX 5 7 0 0
BITMAP
18
18
18
18
D8
D8
70
ENDCHAR
STARTCHAR uni0409
ENCODING 1033
SWIDTH 615 0
DWIDTH 8 0
BBX 7 7 0 0
BITMAP
78
D8
D8
DC
DA
DA
DC
ENDCHAR
STARTCHAR uni040A
ENCODING 1034
SWIDTH 615 0
DWIDTH 8 0
BBX 7 7 0 0
BITMAP
D8
D8
D8
FC
DA
DA
DC
ENDCHAR
STARTCHAR uni040B
ENCODING 1035
SWIDTH 538 0
DWIDTH 7 0
BBX 6 7 0 0
BITMAP
F0
60
78
6C
6C
6C
6C
ENDCHAR
STARTCHAR uni040C
ENCODING 1036
SWIDTH 462 0
DWIDTH 6 0
BBX 5 10 0 0
BITMAP
30
60
00
D8
D8
D8
F0
D8
D8
D8
ENDCHAR
STARTCHAR uni040D
ENCODING 1037
SWIDTH 462 0
DWIDTH 6 0
BBX 5 10 0 0
BITMAP
60
30
00
D8
D8
D8
D8
D8
D8
F0
ENDCHAR
STARTCHAR uni040E
ENCODING 1038
SWIDTH 462 0
DWIDTH 6 0
BBX 5 10 0 0
BITMAP
50
70
00
D8
D8
D8
D8
78
18
F0
ENDCHAR
STARTCHAR uni040F
ENCODING 1039
SWIDTH 462 0
DWIDTH 6 0
BBX 5 9 0 -2
BITMAP
D8
D8
D8
D8
D8
D8
F8
20
20
ENDCHAR
STARTCHAR uni0410
ENCODING 1040
SWIDTH 462 0
DWIDTH 6 0
BBX 5 7 0 0
BITMAP
70
D8
D8
F8
D8
D8
D8
ENDCHAR
STARTCHAR uni0411
ENCODING 1041
SWIDTH 462 0
DWIDTH 6 0
BBX 5 7 0 0
BITMAP
F8
C0
C0
F0
D8
D8
F0
ENDCHAR
STARTCHAR uni0412
ENCODING 1042
SWIDTH 462 0
DWIDTH 6 0
BBX 5 7 0 0
BITMAP
F0
D8
D8
F0
D8
D8
F0
ENDCHAR
STARTCHAR uni0413
ENCODING 1043
SWIDTH 462 0
DWIDTH 6 0
BBX 5 7 0 0
BITMAP
F8
C0
C0
C0
C0
C0
C0
ENDCHAR
STARTCHAR uni0414
ENCODING 1044
SWIDTH 462 0
DWIDTH 6 0
BBX 5 7 0 0
BITMAP
F0
D8
D8
D8
D8
D8
F0
ENDCHAR
STARTCHAR uni0415
ENCODING 1045
SWIDTH 462 0
DWIDTH 6 0
BBX 5 7 0 0
BITMAP
F8
C0
C0
F0
C0
C0
F8
ENDCHAR
STARTCHAR uni0416
ENCODING 1046
SWIDTH 615 0
DWIDTH 8 0
BBX 7 7 0 0
BITMAP
D6
D6
D6
7C
D6
D6
D6
ENDCHAR
STARTCHAR uni0417
ENCODING 1047
SWIDTH 462 0
DWIDTH 6 0
BBX 5 7 0 0
BITMAP
F0
18
18
70
18
18
F0
ENDCHAR
STARTCHAR uni0418
ENCODING 1048
SWIDTH 462 0
DWIDTH 6 0
BBX 5 7 0 0
BITMAP
D8
D8
D8
D8
D8
D8
78
ENDCHAR
STARTCHAR uni0419
ENCODING 1049
SWIDTH 462 0
DWIDTH 6 0
BBX 5 10 0 0
BITMAP
50
70
00
D8
D8
D8
D8
D8
D8
78
ENDCHAR
STARTCHAR uni041A
ENCODING 1050
SWIDTH 462 0
DWIDTH 6 0
BBX 5 7 0 0
BITMAP
D8
D8
D8
F0
D8
D8
D8
ENDCHAR
STARTCHAR uni041B
ENCODING 1051
SWIDTH 462 0
DWIDTH 6 0
BBX 5 7 0 0
BITMAP
78
D8
D8
D8
D8
D8
D8
ENDCHAR
STARTCHAR uni041C
ENCODING 1052
SWIDTH 462 0
DWIDTH 6 0
BBX 5 7 0 0
BITMAP
D8
F8
F8
D8
D8
D8
D8
ENDCHAR
STARTCHAR uni041D
ENCODING 1053
SWIDTH 462 0
DWIDTH 6 0
BBX 5 7 0 0
BITMAP
D8
D8
D8
F8
D8
D8
D8
ENDCHAR
STARTCHAR uni041E
ENCODING 1054
SWIDTH 462 0
DWIDTH 6 0
BBX 5 7 0 0
BITMAP
70
D8
D8
D8
D8
D8
70
ENDCHAR
STARTCHAR uni041F
ENCODING 1055
SWIDTH 462 0
DWIDTH 6 0
BBX 5 7 0 0
BITMAP
F8
D8
D8
D8
D8
D8
D8
ENDCHAR
STARTCHAR uni0420
ENCODING 1056
SWIDTH 462 0
DWIDTH 6 0
BBX 5 7 0 0
BITMAP
F0
D8
D8
D8
F0
C0
C0
ENDCHAR
STARTCHAR uni0421
ENCODING 1057
SWIDTH 462 0
DWIDTH 6 0
BBX 5 7 0 0
BITMAP
70
D8
D8
C0
D8
D8
70
ENDCHAR
STARTCHAR uni0422
ENCODING 1058
SWIDTH 385 0
DWIDTH 5 0
BBX 4 7 0 0
BITMAP
F0
60
60
60
60
60
60
ENDCHAR
STARTCHAR uni0423
ENCODING 1059
SWIDTH 462 0
DWIDTH 6 0
BBX 5 7 0 0
BITMAP
D8
D8
D8
D8
78
18
F0
ENDCHAR
STARTCHAR uni0424
ENCODING 1060
SWIDTH 615 0
DWIDTH 8 0
BBX 7 7 0 0
BITMAP
10
7C
D6
D6
D6
7C
10
ENDCHAR
STARTCHAR uni0425
ENCODING 1061
SWIDTH 462 0
DWIDTH 6 0
BBX 5 7 0 0
BITMAP
D8
D8
D8
70
D8
D8
D8
ENDCHAR
STARTCHAR uni0426
ENCODING 1062
SWIDTH 462 0
DWIDTH 6 0
BBX 5 9 0 -2
BITMAP
D8
D8
D8
D8
D8
D8
F8
18
18
ENDCHAR
STARTCHAR uni0427
ENCODING 1063
SWIDTH 462 0
DWIDTH 6 0
BBX 5 7 0 0
BITMAP
D8
D8
D8
78
18
18
18
ENDCHAR
STARTCHAR uni0428
ENCODING 1064
SWIDTH 615 0
DWIDTH 8 0
BBX 7 7 0 0
BITMAP
D6
D6
D6
D6
D6
D6
FE
ENDCHAR
STARTCHAR uni0429
ENCODING 1065
SWIDTH 692 0
DWIDTH 9 0
BBX 8 9 0 -2
BITMAP
D6
D6
D6
D6
D6
D6
FF
03
03
ENDCHAR
STARTCHAR uni042A
ENCODING 1066
SWIDTH 538 0
DWIDTH 7 0
BBX 6 7 0 0
BITMAP
E0
60
78
6C
6C
6C
78
ENDCHAR
STARTCHAR uni042B
ENCODING 1067
SWIDTH 615 0
DWIDTH 8 0
BBX 7 7 0 0
BITMAP
C6
C6
F6
DE
DE
DE
F6
ENDCHAR
STARTCHAR uni042C
ENCODING 1068
SWIDTH 462 0
DWIDTH 6 0
BBX 5 7 0 0
BITMAP
C0
C0
F0
D8
D8
D8
F0
ENDCHAR
STARTCHAR uni042D
ENCODING 1069
SWIDTH 462 0
DWIDTH 6 0
BBX 5 7 0 0
BITMAP
F0
18
18
78
18
18
F0
ENDCHAR
STARTCHAR uni042E
ENCODING 1070
SWIDTH 692 0
DWIDTH 9 0
BBX 8 7 0 0
BITMAP
CE
DB
DB
FB
DB
DB
CE
ENDCHAR
STARTCHAR uni042F
ENCODING 1071
SWIDTH 462 0
DWIDTH 6 0
BBX 5 7 0 0
BITMAP
78
D8
D8
78
D8
D8
D8
ENDCHAR
STARTCHAR uni0430
ENCODING 1072
SWIDTH 462 0
DWIDTH 6 0
BBX 5 5 0 0
BITMAP
70
18
78
D8
78
ENDCHAR
STARTCHAR uni0431
ENCODING 1073
SWIDTH 462 0
DWIDTH 6 0
BBX 5 7 0 0
BITMAP
70
C0
F0
D8
D8
D8
70
ENDCHAR
STARTCHAR uni0432
ENCODING 1074
SWIDTH 462 0
DWIDTH 6 0
BBX 5 5 0 0
BITMAP
F0
D8
F0
D8
F0
ENDCHAR
STARTCHAR uni0433
ENCODING 1075
SWIDTH 385 0
DWIDTH 5 0
BBX 4 5 0 0
BITMAP
F0
C0
C0
C0
C0
ENDCHAR
STARTCHAR uni0434
ENCODING 1076
SWIDTH 462 0
DWIDTH 6 0
BBX 5 7 0 -2
BITMAP
70
D8
D8
D8
78
18
70
ENDCHAR
STARTCHAR uni0435
ENCODING 1077
SWIDTH 462 0
DWIDTH 6 0
BBX 5 5 0 0
BITMAP
70
D8
F8
C0
78
ENDCHAR
STARTCHAR uni0436
ENCODING 1078
SWIDTH 615 0
DWIDTH 8 0
BBX 7 5 0 0
BITMAP
D6
D6
7C
D6
D6
ENDCHAR
STARTCHAR uni0437
ENCODING 1079
SWIDTH 462 0
DWIDTH 6 0
BBX 5 5 0 0
BITMAP
70
D8
30
D8
70
ENDCHAR
STARTCHAR uni0438
ENCODING 1080
SWIDTH 462 0
DWIDTH 6 0
BBX 5 5 0 0
BITMAP
D8
D8
D8
D8
78
ENDCHAR
STARTCHAR uni0439
ENCODING 1081
SWIDTH 462 0
DWIDTH 6 0
BBX 5 8 0 0
BITMAP
50
70
00
D8
D8
D8
D8
78
ENDCHAR
STARTCHAR uni043A
ENCODING 1082
SWIDTH 462 0
DWIDTH 6 0
BBX 5 5 0 0
BITMAP
D8
D8
F0
D8
D8
ENDCHAR
STARTCHAR uni043B
ENCODING 1083
SWIDTH 462 0
DWIDTH 6 0
BBX 5 5 0 0
BITMAP
78
D8
D8
D8
D8
ENDCHAR
STARTCHAR uni043C
ENCODING 1084
SWIDTH 462 0
DWIDTH 6 0
BBX 5 5 0 0
BITMAP
D8
F8
F8
D8
D8
ENDCHAR
STARTCHAR uni043D
ENCODING 1085
SWIDTH 462 0
DWIDTH 6 0
BBX 5 5 0 0
BITMAP
D8
D8
F8
D8
D8
ENDCHAR
STARTCHAR uni043E
ENCODING 1086
SWIDTH 462 0
DWIDTH 6 0
BBX 5 5 0 0
BITMAP
70
D8
D8
D8
70
ENDCHAR
STARTCHAR uni043F
ENCODING 1087
SWIDTH 462 0
DWIDTH 6 0
BBX 5 5 0 0
BITMAP
F8
D8
D8
D8
D8
ENDCHAR
STARTCHAR uni0440
ENCODING 1088
SWIDTH 462 0
DWIDTH 6 0
BBX 5 7 0 -2
BITMAP
F0
D8
D8
D8
F0
C0
C0
ENDCHAR
STARTCHAR uni0441
ENCODING 1089
SWIDTH 462 0
DWIDTH 6 0
BBX 5 5 0 0
BITMAP
70
D8
C0
D8
70
ENDCHAR
STARTCHAR uni0442
ENCODING 1090
SWIDTH 385 0
DWIDTH 5 0
BBX 4 5 0 0
BITMAP
F0
60
60
60
60
ENDCHAR
STARTCHAR uni0443
ENCODING 1091
SWIDTH 462 0
DWIDTH 6 0
BBX 5 7 0 -2
BITMAP
D8
D8
D8
D8
78
18
70
ENDCHAR
STARTCHAR uni0444
ENCODING 1092
SWIDTH 615 0
DWIDTH 8 0
BBX 7 7 0 -1
BITMAP
10
7C
D6
D6
D6
7C
10
ENDCHAR
STARTCHAR uni0445
ENCODING 1093
SWIDTH 462 0
DWIDTH 6 0
BBX 5 5 0 0
BITMAP
D8
D8
70
D8
D8
ENDCHAR
STARTCHAR uni0446
ENCODING 1094
SWIDTH 462 0
DWIDTH 6 0
BBX 5 6 0 -1
BITMAP
D8
D8
D8
D8
F8
18
ENDCHAR
STARTCHAR uni0447
ENCODING 1095
SWIDTH 462 0
DWIDTH 6 0
BBX 5 5 0 0
BITMAP
D8
D8
78
18
18
ENDCHAR
STARTCHAR uni0448
ENCODING 1096
SWIDTH 615 0
DWIDTH 8 0
BBX 7 5 0 0
BITMAP
D6
D6
D6
D6
FE
ENDCHAR
STARTCHAR uni0449
ENCODING 1097
SWIDTH 615 0
DWIDTH 8 0
BBX 7 6 0 -1
BITMAP
D6
D6
D6
D6
FE
06
ENDCHAR
STARTCHAR uni044A
ENCODING 1098
SWIDTH 538 0
DWIDTH 7 0
BBX 6 5 0 0
BITMAP
E0
78
6C
6C
78
ENDCHAR
STARTCHAR uni044B
ENCODING 1099
SWIDTH 615 0
DWIDTH 8 0
BBX 7 5 0 0
BITMAP
C6
C6
F6
DE
F6
ENDCHAR
STARTCHAR uni044C
ENCODING 1100
SWIDTH 462 0
DWIDTH 6 0
BBX 5 5 0 0
BITMAP
C0
C0
F0
D8
F0
ENDCHAR
STARTCHAR uni044D
ENCODING 1101
SWIDTH 462 0
DWIDTH 6 0
BBX 5 5 0 0
BITMAP
F0
18
78
18
F0
ENDCHAR
STARTCHAR uni044E
ENCODING 1102
SWIDTH 692 0
DWIDTH 9 0
BBX 8 5 0 0
BITMAP
CE
DB
FB
DB
CE
ENDCHAR
STARTCHAR uni044F
ENCODING 1103
SWIDTH 462 0
DWIDTH 6 0
BBX 5 5 0 0
BITMAP
78
D8
78
D8
D8
ENDCHAR
STARTCHAR uni0450
ENCODING 1104
SWIDTH 462 0
DWIDTH 6 0
BBX 5 8 0 0
BITMAP
60
30
00
70
D8
F8
C0
78
ENDCHAR
STARTCHAR uni0451
ENCODING 1105
SWIDTH 462 0
DWIDTH 6 0
BBX 5 7 0 0
BITMAP
50
00
70
D8
F8
C0
78
ENDCHAR
STARTCHAR uni0452
ENCODING 1106
SWIDTH 538 0
DWIDTH 7 0
BBX 6 9 0 -2
BITMAP
60
F0
60
78
6C
6C
6C
0C
18
ENDCHAR
STARTCHAR uni0453
ENCODING 1107
SWIDTH 462 0
DWIDTH 6 0
BBX 5 8 0 0
BITMAP
30
60
00
F8
C0
C0
C0
C0
ENDCHAR
STARTCHAR uni0454
ENCODING 1108
SWIDTH 462 0
DWIDTH 6 0
BBX 5 5 0 0
BITMAP
78
C0
F8
C0
78
ENDCHAR
STARTCHAR uni0455
ENCODING 1109
SWIDTH 462 0
DWIDTH 6 0
BBX 5 5 0 0
BITMAP
78
C0
70
18
F0
ENDCHAR
STARTCHAR uni0456
ENCODING 1110
SWIDTH 385 0
DWIDTH 5 0
BBX 4 7 0 0
BITMAP
60
00
E0
60
60
60
F0
ENDCHAR
STARTCHAR uni0457
ENCODING 1111
SWIDTH 385 0
DWIDTH 5 0
BBX 4 7 0 0
BITMAP
A0
00
E0
60
60
60
F0
ENDCHAR
STARTCHAR uni0458
ENCODING 1112
SWIDTH 231 0
DWIDTH 3 0
BBX 3 9 -1 -2
BITMAP
60
00
60
60
60
60
60
60
C0
ENDCHAR
STARTCHAR uni0459
ENCODING 1113
SWIDTH 692 0
DWIDTH 9 0
BBX 8 5 0 0
BITMAP
78
D8
DE
DB
DE
ENDCHAR
STARTCHAR uni045A
ENCODING 1114
SWIDTH 692 0
DWIDTH 9 0
BBX 8 5 0 0
BITMAP
D8
D8
FE
DB
DE
ENDCHAR
STARTCHAR uni045B
ENCODING 1115
SWIDTH 462 0
DWIDTH 6 0
BBX 5 7 0 0
BITMAP
C0
E0
C0
F0
D8
D8
D8
ENDCHAR
STARTCHAR uni045C
ENCODING 1116
SWIDTH 462 0
DWIDTH 6 0
BBX 5 8 0 0
BITMAP
30
60
00
D8
D8
F0
D8
D8
ENDCHAR
STARTCHAR uni045D
ENCODING 1117
SWIDTH 462 0
DWIDTH 6 0
BBX 5 8 0 0
BITMAP
60
30
00
D8
D8
D8
D8
78
ENDCHAR
STARTCHAR uni045E
ENCODING 1118
SWIDTH 462 0
DWIDTH 6 0
BBX 5 10 0 -2
BITMAP
50
70
00
D8
D8
D8
D8
78
18
F0
ENDCHAR
STARTCHAR uni045F
ENCODING 1119
SWIDTH 462 0
DWIDTH 6 0
BBX 5 6 0 -1
BITMAP
D8
D8
D8
D8
F8
20
ENDCHAR
STARTCHAR uni0460
ENCODING 1120
SWIDTH 615 0
DWIDTH 8 0
BBX 7 7 0 0
BITMAP
6C
C6
C6
D6
D6
FE
6C
ENDCHAR
STARTCHAR uni0461
ENCODING 1121
SWIDTH 615 0
DWIDTH 8 0
BBX 7 5 0 0
BITMAP
6C
C6
D6
FE
6C
ENDCHAR
STARTCHAR uni0462
ENCODING 1122
SWIDTH 538 0
DWIDTH 7 0
BBX 6 7 0 0
BITMAP
60
F8
60
78
6C
6C
78
ENDCHAR
STARTCHAR uni0463
ENCODING 1123
SWIDTH 538 0
DWIDTH 7 0
BBX 6 6 0 0
BITMAP
60
F0
60
78
6C
78
ENDCHAR
STARTCHAR uni0464
ENCODING 1124
SWIDTH 615 0
DWIDTH 8 0
BBX 7 7 0 0
BITMAP
CE
D8
D8
FE
D8
D8
CE
ENDCHAR
STARTCHAR uni0465
ENCODING 1125
SWIDTH 615 0
DWIDTH 8 0
BBX 7 5 0 0
BITMAP
CE
D8
FE
D8
CE
ENDCHAR
STARTCHAR uni0466
ENCODING 1126
SWIDTH 462 0
DWIDTH 6 0
BBX 5 7 0 0
BITMAP
20
50
D8
F8
A8
A8
A8
ENDCHAR
STARTCHAR uni0467
ENCODING 1127
SWIDTH 462 0
DWIDTH 6 0
BBX 5 5 0 0
BITMAP
20
50
F8
A8
A8
ENDCHAR
STARTCHAR uni0468
ENCODING 1128
SWIDTH 615 0
DWIDTH 8 0
BBX 7 7 0 0
BITMAP
88
94
B6
FE
AA
AA
AA
ENDCHAR
STARTCHAR uni0469
ENCODING 1129
SWIDTH 615 0
DWIDTH 8 0
BBX 7 5 0 0
BITMAP
88
94
FE
AA
AA
ENDCHAR
STARTCHAR uni046A
ENCODING 1130
SWIDTH 462 0
DWIDTH 6 0
BBX 5 7 0 0
BITMAP
F8
D8
50
F8
A8
A8
A8
ENDCHAR
STARTCHAR uni046B
ENCODING 1131
SWIDTH 462 0
DWIDTH 6 0
BBX 5 5 0 0
BITMAP
F8
D8
70
A8
A8
ENDCHAR
STARTCHAR uni046C
ENCODING 1132
SWIDTH 615 0
DWIDTH 8 0
BBX 7 7 0 0
BITMAP
BE
B6
94
FE
AA
AA
AA
ENDCHAR
STARTCHAR uni046D
ENCODING 1133
SWIDTH 615 0
DWIDTH 8 0
BBX 7 5 0 0
BITMAP
BE
B6
FC
AA
AA
ENDCHAR
STARTCHAR uni046E
ENCODING 1134
SWIDTH 462 0
DWIDTH 6 0
BBX 5 10 0 -1
BITMAP
58
20
70
D8
18
70
18
70
C0
78
ENDCHAR
STARTCHAR uni046F
ENCODING 1135
SWIDTH 462 0
DWIDTH 6 0
BBX 5 9 0 -2
BITMAP
58
20
F0
18
70
18
70
C0
78
ENDCHAR
STARTCHAR uni0470
ENCODING 1136
SWIDTH 615 0
DWIDTH 8 0
BBX 7 7 0 0
BITMAP
D6
D6
D6
D6
7C
10
10
ENDCHAR
STARTCHAR uni0471
ENCODING 1137
SWIDTH 615 0
DWIDTH 8 0
BBX 7 8 0 -2
BITMAP
10
D6
D6
D6
D6
7C
10
10
ENDCHAR
STARTCHAR uni0472
ENCODING 1138
SWIDTH 462 0
DWIDTH 6 0
BBX 5 7 0 0
BITMAP
70
D8
D8
F8
D8
D8
70
ENDCHAR
STARTCHAR uni0473
ENCODING 1139
SWIDTH 462 0
DWIDTH 6 0
BBX 5 5 0 0
BITMAP
70
D8
F8
D8
70
ENDCHAR
STARTCHAR uni0474
ENCODING 1140
SWIDTH 538 0
DWIDTH 7 0
BBX 6 7 0 0
BITMAP
CC
D8
D8
D8
D8
58
30
ENDCHAR
STARTCHAR uni0475
ENCODING 1141
SWIDTH 538 0
DWIDTH 7 0
BBX 6 5 0 0
BITMAP
CC
D8
D8
58
30
ENDCHAR
STARTCHAR uni0476
ENCODING 1142
SWIDTH 538 0
DWIDTH 7 0
BBX 6 10 0 0
BITMAP
D8
6C
00
CC
D8
D8
D8
D8
58
30
ENDCHAR
STARTCHAR uni0477
ENCODING 1143
SWIDTH 538 0
DWIDTH 7 0
BBX 6 8 0 0
BITMAP
D8
6C
00
CC
D8
D8
58
30
ENDCHAR
STARTCHAR uni0478
ENCODING 1144
SWIDTH 462 0
DWIDTH 6 0
BBX 5 7 0 0
BITMAP
D8
D8
70
D8
D8
D8
70
ENDCHAR
STARTCHAR uni0479
ENCODING 1145
SWIDTH 462 0
DWIDTH 6 0
BBX 5 7 0 0
BITMAP
D8
D8
D8
70
D8
D8
70
ENDCHAR
STARTCHAR uni047A
ENCODING 1146
SWIDTH 462 0
DWIDTH 6 0
BBX 5 7 0 0
BITMAP
70
F8
88
88
88
F8
70
ENDCHAR
STARTCHAR uni047B
ENCODING 1147
SWIDTH 462 0
DWIDTH 6 0
BBX 5 5 0 0
BITMAP
70
F8
88
F8
70
ENDCHAR
STARTCHAR uni0480
ENCODING 1152
SWIDTH 462 0
DWIDTH 6 0
BBX 5 9 0 -2
BITMAP
70
D8
C0
C0
C0
D8
78
18
18
ENDCHAR
STARTCHAR uni0481
ENCODING 1153
SWIDTH 462 0
DWIDTH 6 0
BBX 5 7 0 -2
BITMAP
70
D8
C0
D8
78
18
18
ENDCHAR
STARTCHAR uni0482
ENCODING 1154
SWIDTH 462 0
DWIDTH 6 0
BBX 5 5 0 0
BITMAP
28
10
A8
40
A0
ENDCHAR
STARTCHAR uni048C
ENCODING 1164
SWIDTH 462 0
DWIDTH 6 0
BBX 5 7 0 0
BITMAP
C0
E0
C0
F0
D8
D8
F0
ENDCHAR
STARTCHAR uni048D
ENCODING 1165
SWIDTH 462 0
DWIDTH 6 0
BBX 5 7 0 0
BITMAP
C0
E0
C0
C0
F0
D8
F0
ENDCHAR
STARTCHAR uni0490
ENCODING 1168
SWIDTH 462 0
DWIDTH 6 0
BBX 5 8 0 0
BITMAP
18
F8
C0
C0
C0
C0
C0
C0
ENDCHAR
STARTCHAR uni0491
ENCODING 1169
SWIDTH 462 0
DWIDTH 6 0
BBX 5 6 0 0
BITMAP
18
F8
C0
C0
C0
C0
ENDCHAR
STARTCHAR uni0492
ENCODING 1170
SWIDTH 538 0
DWIDTH 7 0
BBX 6 7 0 0
BITMAP
7C
60
60
F0
60
60
60
ENDCHAR
STARTCHAR uni0493
ENCODING 1171
SWIDTH 462 0
DWIDTH 6 0
BBX 5 5 0 0
BITMAP
78
60
F0
60
60
ENDCHAR
STARTCHAR uni04A0
ENCODING 1184
SWIDTH 538 0
DWIDTH 7 0
BBX 6 7 0 0
BITMAP
EC
6C
6C
78
6C
6C
6C
ENDCHAR
STARTCHAR uni04A1
ENCODING 1185
SWIDTH 538 0
DWIDTH 7 0
BBX 6 5 0 0
BITMAP
EC
6C
78
6C
6C
ENDCHAR
STARTCHAR uni04A8
ENCODING 1192
SWIDTH 615 0
DWIDTH 8 0
BBX 7 7 0 -1
BITMAP
78
C0
CC
D6
D6
7C
10
ENDCHAR
STARTCHAR uni04A9
ENCODING 1193
SWIDTH 615 0
DWIDTH 8 0
BBX 7 6 0 -1
BITMAP
78
C0
CC
D6
7C
10
ENDCHAR
STARTCHAR uni04B4
ENCODING 1204
SWIDTH 538 0
DWIDTH 7 0
BBX 6 9 0 -2
BITMAP
EC
6C
6C
6C
6C
6C
7C
0C
0C
ENDCHAR
STARTCHAR uni04B5
ENCODING 1205
SWIDTH 538 0
DWIDTH 7 0
BBX 6 6 0 -1
BITMAP
EC
6C
6C
6C
7C
0C
ENDCHAR
STARTCHAR uni04BA
ENCODING 1210
SWIDTH 462 0
DWIDTH 6 0
BBX 5 7 0 0
BITMAP
C0
F0
D8
D8
D8
D8
D8
ENDCHAR
STARTCHAR uni04BB
ENCODING 1211
SWIDTH 462 0
DWIDTH 6 0
BBX 5 7 0 0
BITMAP
C0
C0
F0
D8
D8
D8
D8
ENDCHAR
STARTCHAR uni04D4
ENCODING 1236
SWIDTH 615 0
DWIDTH 8 0
BBX 7 7 0 0
BITMAP
7E
D8
D8
FC
D8
D8
DE
ENDCHAR
STARTCHAR uni04D5
ENCODING 1237
SWIDTH 615 0
DWIDTH 8 0
BBX 7 5 0 0
BITMAP
7C
16
7E
D0
7E
ENDCHAR
STARTCHAR uni04D8
ENCODING 1240
SWIDTH 462 0
DWIDTH 6 0
BBX 5 7 0 0
BITMAP
70
D8
18
F8
D8
D8
70
ENDCHAR
STARTCHAR uni04D9
ENCODING 1241
SWIDTH 462 0
DWIDTH 6 0
BBX 5 5 0 0
BITMAP
F0
18
F8
D8
70
ENDCHAR
STARTCHAR uni05BE
ENCODING 1470
SWIDTH 385 0
DWIDTH 5 0
BBX 3 1 1 4
BITMAP
E0
ENDCHAR
STARTCHAR uni05C0
ENCODING 1472
SWIDTH 231 0
DWIDTH 3 0
BBX 2 9 0 -2
BITMAP
C0
C0
C0
C0
C0
C0
C0
C0
C0
ENDCHAR
STARTCHAR uni05C3
ENCODING 1475
SWIDTH 231 0
DWIDTH 3 0
BBX 2 5 0 0
BITMAP
C0
C0
00
C0
C0
ENDCHAR
STARTCHAR uni05C6
ENCODING 1478
SWIDTH 308 0
DWIDTH 4 0
BBX 3 5 0 0
BITMAP
60
C0
C0
C0
E0
ENDCHAR
STARTCHAR uni05D0
ENCODING 1488
SWIDTH 462 0
DWIDTH 6 0
BBX 5 5 0 0
BITMAP
C8
E8
70
B8
98
ENDCHAR
STARTCHAR uni05D1
ENCODING 1489
SWIDTH 462 0
DWIDTH 6 0
BBX 5 5 0 0
BITMAP
E0
30
30
30
F8
ENDCHAR
STARTCHAR uni05D2
ENCODING 1490
SWIDTH 462 0
DWIDTH 6 0
BBX 5 5 0 0
BITMAP
60
30
30
30
D8
ENDCHAR
STARTCHAR uni05D3
ENCODING 1491
SWIDTH 462 0
DWIDTH 6 0
BBX 5 5 0 0
BITMAP
F8
30
30
30
30
ENDCHAR
STARTCHAR uni05D4
ENCODING 1492
SWIDTH 462 0
DWIDTH 6 0
BBX 5 5 0 0
BITMAP
F0
18
D8
D8
D8
ENDCHAR
STARTCHAR uni05D5
ENCODING 1493
SWIDTH 231 0
DWIDTH 3 0
BBX 2 5 0 0
BITMAP
C0
C0
C0
C0
C0
ENDCHAR
STARTCHAR uni05D6
ENCODING 1494
SWIDTH 385 0
DWIDTH 5 0
BBX 4 5 0 0
BITMAP
F0
30
60
60
60
ENDCHAR
STARTCHAR uni05D7
ENCODING 1495
SWIDTH 462 0
DWIDTH 6 0
BBX 5 5 0 0
BITMAP
F0
D8
D8
D8
D8
ENDCHAR
STARTCHAR uni05D8
ENCODING 1496
SWIDTH 462 0
DWIDTH 6 0
BBX 5 5 0 0
BITMAP
D0
D8
D8
D8
70
ENDCHAR
STARTCHAR uni05D9
ENCODING 1497
SWIDTH 231 0
DWIDTH 3 0
BBX 2 3 0 2
BITMAP
C0
C0
80
ENDCHAR
STARTCHAR uni05DA
ENCODING 1498
SWIDTH 462 0
DWIDTH 6 0
BBX 5 7 0 -2
BITMAP
F0
18
18
18
18
18
18
ENDCHAR
STARTCHAR uni05DB
ENCODING 1499
SWIDTH 462 0
DWIDTH 6 0
BBX 5 5 0 0
BITMAP
F0
18
18
18
F0
ENDCHAR
STARTCHAR uni05DC
ENCODING 1500
SWIDTH 462 0
DWIDTH 6 0
BBX 5 6 0 0
BITMAP
C0
F8
18
18
30
30
ENDCHAR
STARTCHAR uni05DD
ENCODING 1501
SWIDTH 462 0
DWIDTH 6 0
BBX 5 5 0 0
BITMAP
F0
D8
D8
D8
F8
ENDCHAR
STARTCHAR uni05DE
ENCODING 1502
SWIDTH 538 0
DWIDTH 7 0
BBX 6 5 0 0
BITMAP
B8
CC
CC
CC
DC
ENDCHAR
STARTCHAR uni05DF
ENCODING 1503
SWIDTH 308 0
DWIDTH 4 0
BBX 3 7 0 -2
BITMAP
C0
60
60
60
60
60
60
ENDCHAR
STARTCHAR uni05E0
ENCODING 1504
SWIDTH 385 0
DWIDTH 5 0
BBX 4 5 0 0
BITMAP
E0
30
30
30
F0
ENDCHAR
STARTCHAR uni05E1
ENCODING 1505
SWIDTH 462 0
DWIDTH 6 0
BBX 5 5 0 0
BITMAP
F0
58
D8
D8
70
ENDCHAR
STARTCHAR uni05E2
ENCODING 1506
SWIDTH 462 0
DWIDTH 6 0
BBX 5 5 0 0
BITMAP
D8
D8
58
78
F0
ENDCHAR
STARTCHAR uni05E3
ENCODING 1507
SWIDTH 538 0
DWIDTH 7 0
BBX 6 7 0 -2
BITMAP
F8
CC
6C
0C
0C
0C
0C
ENDCHAR
STARTCHAR uni05E4
ENCODING 1508
SWIDTH 538 0
DWIDTH 7 0
BBX 6 5 0 0
BITMAP
F8
CC
6C
0C
F8
ENDCHAR
STARTCHAR uni05E5
ENCODING 1509
SWIDTH 462 0
DWIDTH 6 0
BBX 5 7 0 -2
BITMAP
98
D8
78
70
60
60
60
ENDCHAR
STARTCHAR uni05E6
ENCODING 1510
SWIDTH 462 0
DWIDTH 6 0
BBX 5 5 0 0
BITMAP
98
D8
70
38
F8
ENDCHAR
STARTCHAR uni05E7
ENCODING 1511
SWIDTH 462 0
DWIDTH 6 0
BBX 5 7 0 -2
BITMAP
F8
08
D8
D0
C0
C0
C0
ENDCHAR
STARTCHAR uni05E8
ENCODING 1512
SWIDTH 462 0
DWIDTH 6 0
BBX 5 5 0 0
BITMAP
F0
18
18
18
18
ENDCHAR
STARTCHAR uni05E9
ENCODING 1513
SWIDTH 615 0
DWIDTH 8 0
BBX 7 5 0 0
BITMAP
D6
D6
E6
CC
F8
ENDCHAR
STARTCHAR uni05EA
ENCODING 1514
SWIDTH 538 0
DWIDTH 7 0
BBX 6 5 0 0
BITMAP
F8
6C
6C
6C
CC
ENDCHAR
STARTCHAR uni05F0
ENCODING 1520
SWIDTH 462 0
DWIDTH 6 0
BBX 5 5 0 0
BITMAP
D8
D8
D8
D8
D8
ENDCHAR
STARTCHAR uni05F1
ENCODING 1521
SWIDTH 462 0
DWIDTH 6 0
BBX 5 5 0 0
BITMAP
D8
D8
98
18
18
ENDCHAR
STARTCHAR uni05F2
ENCODING 1522
SWIDTH 462 0
DWIDTH 6 0
BBX 5 3 0 2
BITMAP
D8
D8
90
ENDCHAR
STARTCHAR uni05F3
ENCODING 1523
SWIDTH 308 0
DWIDTH 4 0
BBX 3 3 0 2
BITMAP
60
60
C0
ENDCHAR
STARTCHAR uni1E9E
ENCODING 7838
SWIDTH 538 0
DWIDTH 7 0
BBX 6 7 0 0
BITMAP
78
CC
D8
CC
CC
CC
D8
ENDCHAR
STARTCHAR uni2010
ENCODING 8208
SWIDTH 308 0
DWIDTH 4 0
BBX 3 1 0 3
BITMAP
E0
ENDCHAR
STARTCHAR uni2011
ENCODING 8209
SWIDTH 308 0
DWIDTH 4 0
BBX 3 1 0 3
BITMAP
E0
ENDCHAR
STARTCHAR endash
ENCODING 8211
SWIDTH 538 0
DWIDTH 7 0
BBX 6 1 0 3
BITMAP
FC
ENDCHAR
STARTCHAR emdash
ENCODING 8212
SWIDTH 615 0
DWIDTH 8 0
BBX 7 1 0 3
BITMAP
FE
ENDCHAR
STARTCHAR quoteleft
ENCODING 8216
SWIDTH 231 0
DWIDTH 3 0
BBX 2 3 0 4
BITMAP
40
C0
C0
ENDCHAR
STARTCHAR quoteright
ENCODING 8217
SWIDTH 231 0
DWIDTH 3 0
BBX 2 3 0 4
BITMAP
C0
C0
80
ENDCHAR
STARTCHAR quotesinglbase
ENCODING 8218
SWIDTH 231 0
DWIDTH 3 0
BBX 2 3 0 -1
BITMAP
C0
C0
80
ENDCHAR
STARTCHAR quotereversed
ENCODING 8219
SWIDTH 231 0
DWIDTH 3 0
BBX 2 3 0 4
BITMAP
C0
C0
40
ENDCHAR
STARTCHAR quotedblleft
ENCODING 8220
SWIDTH 462 0
DWIDTH 6 0
BBX 5 3 0 4
BITMAP
48
D8
D8
ENDCHAR
STARTCHAR quotedblright
ENCODING 8221
SWIDTH 462 0
DWIDTH 6 0
BBX 5 3 0 4
BITMAP
D8
D8
90
ENDCHAR
STARTCHAR quotedblbase
ENCODING 8222
SWIDTH 462 0
DWIDTH 6 0
BBX 5 3 0 -1
BITMAP
D8
D8
90
ENDCHAR
STARTCHAR uni201F
ENCODING 8223
SWIDTH 462 0
DWIDTH 6 0
BBX 5 3 0 4
BITMAP
90
D8
D8
ENDCHAR
STARTCHAR dagger
ENCODING 8224
SWIDTH 385 0
DWIDTH 5 0
BBX 4 7 0 0
BITMAP
60
60
F0
60
60
60
60
ENDCHAR
STARTCHAR daggerdbl
ENCODING 8225
SWIDTH 385 0
DWIDTH 5 0
BBX 4 7 0 0
BITMAP
60
60
F0
60
F0
60
60
ENDCHAR
STARTCHAR bullet
ENCODING 8226
SWIDTH 308 0
DWIDTH 4 0
BBX 3 3 0 2
BITMAP
E0
E0
E0
ENDCHAR
STARTCHAR ellipsis
ENCODING 8230
SWIDTH 462 0
DWIDTH 6 0
BBX 5 1 0 0
BITMAP
A8
ENDCHAR
STARTCHAR perthousand
ENCODING 8240
SWIDTH 615 0
DWIDTH 8 0
BBX 7 6 0 0
BITMAP
D8
D8
30
66
DE
D8
ENDCHAR
STARTCHAR minute
ENCODING 8242
SWIDTH 385 0
DWIDTH 5 0
BBX 4 3 0 4
BITMAP
30
60
C0
ENDCHAR
STARTCHAR second
ENCODING 8243
SWIDTH 615 0
DWIDTH 8 0
BBX 7 3 0 4
BITMAP
36
6C
D8
ENDCHAR
STARTCHAR guilsinglleft
ENCODING 8249
SWIDTH 385 0
DWIDTH 5 0
BBX 4 5 0 0
BITMAP
30
60
C0
60
30
ENDCHAR
STARTCHAR guilsinglright
ENCODING 8250
SWIDTH 385 0
DWIDTH 5 0
BBX 4 5 0 0
BITMAP
C0
60
30
60
C0
ENDCHAR
STARTCHAR exclamdbl
ENCODING 8252
SWIDTH 462 0
DWIDTH 6 0
BBX 5 7 0 0
BITMAP
D8
D8
D8
D8
D8
00
D8
ENDCHAR
STARTCHAR uni203D
ENCODING 8253
SWIDTH 462 0
DWIDTH 6 0
BBX 5 7 0 0
BITMAP
70
D8
58
70
60
00
60
ENDCHAR
STARTCHAR uni203E
ENCODING 8254
SWIDTH 462 0
DWIDTH 6 0
BBX 5 1 0 6
BITMAP
F8
ENDCHAR
STARTCHAR fraction
ENCODING 8260
SWIDTH 538 0
DWIDTH 7 0
BBX 6 7 0 0
BITMAP
04
0C
18
30
60
C0
80
ENDCHAR
STARTCHAR uni204A
ENCODING 8266
SWIDTH 462 0
DWIDTH 6 0
BBX 5 5 0 0
BITMAP
F8
18
30
60
C0
ENDCHAR
STARTCHAR uni2070
ENCODING 8304
SWIDTH 462 0
DWIDTH 6 0
BBX 5 4 0 3
BITMAP
78
D8
D8
F0
ENDCHAR
STARTCHAR uni2071
ENCODING 8305
SWIDTH 385 0
DWIDTH 5 0
BBX 4 5 0 3
BITMAP
60
00
E0
60
70
ENDCHAR
STARTCHAR uni2074
ENCODING 8308
SWIDTH 462 0
DWIDTH 6 0
BBX 5 4 0 3
BITMAP
D8
D8
F8
18
ENDCHAR
STARTCHAR uni2075
ENCODING 8309
SWIDTH 462 0
DWIDTH 6 0
BBX 5 4 0 3
BITMAP
F8
E0
38
F0
ENDCHAR
STARTCHAR uni2076
ENCODING 8310
SWIDTH 462 0
DWIDTH 6 0
BBX 5 4 0 3
BITMAP
78
E0
D8
78
ENDCHAR
STARTCHAR uni2077
ENCODING 8311
SWIDTH 385 0
DWIDTH 5 0
BBX 4 4 0 3
BITMAP
F0
30
60
60
ENDCHAR
STARTCHAR uni2078
ENCODING 8312
SWIDTH 462 0
DWIDTH 6 0
BBX 5 4 0 3
BITMAP
60
B8
E8
30
ENDCHAR
STARTCHAR uni2079
ENCODING 8313
SWIDTH 462 0
DWIDTH 6 0
BBX 5 4 0 3
BITMAP
70
D8
38
F0
ENDCHAR
STARTCHAR uni207F
ENCODING 8319
SWIDTH 385 0
DWIDTH 5 0
BBX 4 3 0 3
BITMAP
E0
B0
B0
ENDCHAR
STARTCHAR uni2080
ENCODING 8320
SWIDTH 462 0
DWIDTH 6 0
BBX 5 4 0 -1
BITMAP
78
D8
D8
F0
ENDCHAR
STARTCHAR uni2081
ENCODING 8321
SWIDTH 385 0
DWIDTH 5 0
BBX 4 4 0 -1
BITMAP
E0
60
60
F0
ENDCHAR
STARTCHAR uni2082
ENCODING 8322
SWIDTH 462 0
DWIDTH 6 0
BBX 5 4 0 -1
BITMAP
F0
38
E0
F8
ENDCHAR
STARTCHAR uni2083
ENCODING 8323
SWIDTH 462 0
DWIDTH 6 0
BBX 5 4 0 -1
BITMAP
F0
38
18
F0
ENDCHAR
STARTCHAR uni2084
ENCODING 8324
SWIDTH 462 0
DWIDTH 6 0
BBX 5 4 0 -1
BITMAP
D8
D8
F8
18
ENDCHAR
STARTCHAR uni2085
ENCODING 8325
SWIDTH 462 0
DWIDTH 6 0
BBX 5 4 0 -1
BITMAP
F8
E0
38
F0
ENDCHAR
STARTCHAR uni2086
ENCODING 8326
SWIDTH 462 0
DWIDTH 6 0
BBX 5 4 0 -1
BITMAP
78
E0
D8
70
ENDCHAR
STARTCHAR uni2087
ENCODING 8327
SWIDTH 385 0
DWIDTH 5 0
BBX 4 4 0 -1
BITMAP
F0
30
60
60
ENDCHAR
STARTCHAR uni2088
ENCODING 8328
SWIDTH 462 0
DWIDTH 6 0
BBX 5 4 0 -1
BITMAP
60
B8
E8
30
ENDCHAR
STARTCHAR uni2089
ENCODING 8329
SWIDTH 462 0
DWIDTH 6 0
BBX 5 4 0 -1
BITMAP
70
D8
38
F0
ENDCHAR
STARTCHAR colonmonetary
ENCODING 8353
SWIDTH 462 0
DWIDTH 6 0
BBX 5 9 0 -1
BITMAP
50
70
D8
D8
C0
D8
D8
70
50
ENDCHAR
STARTCHAR franc
ENCODING 8355
SWIDTH 462 0
DWIDTH 6 0
BBX 5 7 0 0
BITMAP
78
60
78
60
F0
60
60
ENDCHAR
STARTCHAR lira
ENCODING 8356
SWIDTH 462 0
DWIDTH 6 0
BBX 5 7 0 0
BITMAP
38
60
F8
60
F8
60
F8
ENDCHAR
STARTCHAR uni20A6
ENCODING 8358
SWIDTH 615 0
DWIDTH 8 0
BBX 7 7 0 0
BITMAP
78
6C
FE
6C
FE
6C
6C
ENDCHAR
STARTCHAR peseta
ENCODING 8359
SWIDTH 615 0
DWIDTH 8 0
BBX 7 7 0 0
BITMAP
EC
DC
DE
DC
EC
CC
C6
ENDCHAR
STARTCHAR uni20A8
ENCODING 8360
SWIDTH 615 0
DWIDTH 8 0
BBX 7 7 0 0
BITMAP
E0
D0
D6
DC
EE
D6
DC
ENDCHAR
STARTCHAR uni20A9
ENCODING 8361
SWIDTH 615 0
DWIDTH 8 0
BBX 7 7 0 0
BITMAP
6C
6C
FE
6C
7C
7C
6C
ENDCHAR
STARTCHAR uni20AA
ENCODING 8362
SWIDTH 615 0
DWIDTH 8 0
BBX 7 7 0 0
BITMAP
FA
8A
AA
AA
AA
A2
BE
ENDCHAR
STARTCHAR dong
ENCODING 8363
SWIDTH 462 0
DWIDTH 6 0
BBX 5 9 0 -2
BITMAP
18
78
18
78
D8
D8
78
00
F8
ENDCHAR
STARTCHAR Euro
ENCODING 8364
SWIDTH 462 0
DWIDTH 6 0
BBX 5 7 0 0
BITMAP
38
60
F8
60
F8
60
38
ENDCHAR
STARTCHAR uni20AD
ENCODING 8365
SWIDTH 538 0
DWIDTH 7 0
BBX 6 7 0 0
BITMAP
6C
6C
68
FC
68
6C
6C
ENDCHAR
STARTCHAR uni20AE
ENCODING 8366
SWIDTH 385 0
DWIDTH 5 0
BBX 4 7 0 0
BITMAP
F0
60
70
E0
70
E0
60
ENDCHAR
STARTCHAR uni20B0
ENCODING 8368
SWIDTH 538 0
DWIDTH 7 0
BBX 6 8 0 -1
BITMAP
08
14
14
5C
F8
AC
0C
38
ENDCHAR
STARTCHAR uni20B1
ENCODING 8369
SWIDTH 538 0
DWIDTH 7 0
BBX 6 7 0 0
BITMAP
78
6C
FC
6C
78
60
60
ENDCHAR
STARTCHAR uni20B2
ENCODING 8370
SWIDTH 462 0
DWIDTH 6 0
BBX 5 9 0 -1
BITMAP
20
70
D8
C0
F8
D8
D8
78
20
ENDCHAR
STARTCHAR uni20B3
ENCODING 8371
SWIDTH 615 0
DWIDTH 8 0
BBX 7 7 0 0
BITMAP
38
6C
FE
6C
FE
6C
6C
ENDCHAR
STARTCHAR uni20B4
ENCODING 8372
SWIDTH 462 0
DWIDTH 6 0
BBX 5 7 0 0
BITMAP
F0
18
F8
70
F8
C0
78
ENDCHAR
STARTCHAR uni20B5
ENCODING 8373
SWIDTH 462 0
DWIDTH 6 0
BBX 5 11 0 -2
BITMAP
20
20
70
D8
D8
C0
D8
D8
70
20
20
ENDCHAR
STARTCHAR uni20B8
ENCODING 8376
SWIDTH 385 0
DWIDTH 5 0
BBX 4 7 0 0
BITMAP
F0
00
F0
60
60
60
60
ENDCHAR
STARTCHAR uni20B9
ENCODING 8377
SWIDTH 462 0
DWIDTH 6 0
BBX 5 7 0 0
BITMAP
F0
18
F8
18
70
18
18
ENDCHAR
STARTCHAR uni20BA
ENCODING 8378
SWIDTH 538 0
DWIDTH 7 0
BBX 6 7 0 0
BITMAP
F0
60
F0
60
6C
6C
78
ENDCHAR
STARTCHAR uni20BD
ENCODING 8381
SWIDTH 538 0
DWIDTH 7 0
BBX 6 7 0 0
BITMAP
78
6C
6C
F8
60
F0
60
ENDCHAR
STARTCHAR uni20BF
ENCODING 8383
SWIDTH 462 0
DWIDTH 6 0
BBX 5 9 0 -1
BITMAP
50
F0
D8
D8
F0
D8
D8
F0
50
ENDCHAR
STARTCHAR uni20C0
ENCODING 8384
SWIDTH 462 0
DWIDTH 6 0
BBX 5 7 0 0
BITMAP
70
D8
C0
D8
70
00
F8
ENDCHAR
STARTCHAR uni2102
ENCODING 8450
SWIDTH 615 0
DWIDTH 8 0
BBX 7 7 0 0
BITMAP
7C
AA
AE
A0
AE
AA
7C
ENDCHAR
STARTCHAR uni2105
ENCODING 8453
SWIDTH 538 0
DWIDTH 7 0
BBX 6 9 0 -1
BITMAP
E0
84
EC
18
30
60
DC
94
1C
ENDCHAR
STARTCHAR uni210D
ENCODING 8461
SWIDTH 615 0
DWIDTH 8 0
BBX 7 7 0 0
BITMAP
EE
AA
AA
BA
AA
AA
EE
ENDCHAR
STARTCHAR uni2113
ENCODING 8467
SWIDTH 462 0
DWIDTH 6 0
BBX 5 7 0 0
BITMAP
70
D8
D8
F0
C0
D8
70
ENDCHAR
STARTCHAR uni2115
ENCODING 8469
SWIDTH 615 0
DWIDTH 8 0
BBX 7 7 0 0
BITMAP
C2
A2
D2
AA
96
8A
86
ENDCHAR
STARTCHAR uni2117
ENCODING 8471
SWIDTH 615 0
DWIDTH 8 0
BBX 7 7 0 0
BITMAP
7C
82
BA
BA
A2
82
7C
ENDCHAR
STARTCHAR uni2119
ENCODING 8473
SWIDTH 615 0
DWIDTH 8 0
BBX 7 7 0 0
BITMAP
FC
AA
AA
AA
BC
A0
E0
ENDCHAR
STARTCHAR uni211A
ENCODING 8474
SWIDTH 615 0
DWIDTH 8 0
BBX 7 9 0 -2
BITMAP
7C
AA
AA
AA
AA
AA
5C
22
1E
ENDCHAR
STARTCHAR uni211D
ENCODING 8477
SWIDTH 615 0
DWIDTH 8 0
BBX 7 7 0 0
BITMAP
FC
AA
AA
BC
AA
AA
EE
ENDCHAR
STARTCHAR prescription
ENCODING 8478
SWIDTH 692 0
DWIDTH 9 0
BBX 8 7 0 0
BITMAP
F0
D8
D8
F0
DB
CE
DB
ENDCHAR
STARTCHAR uni2120
ENCODING 8480
SWIDTH 538 0
DWIDTH 7 0
BBX 6 4 0 3
BITMAP
60
5C
DC
14
ENDCHAR
STARTCHAR trademark
ENCODING 8482
SWIDTH 538 0
DWIDTH 7 0
BBX 6 4 0 3
BITMAP
E0
5C
5C
14
ENDCHAR
STARTCHAR uni2124
ENCODING 8484
SWIDTH 615 0
DWIDTH 8 0
BBX 7 7 0 0
BITMAP
FE
8A
14
28
50
A2
FE
ENDCHAR
STARTCHAR Omega
ENCODING 8486
SWIDTH 462 0
DWIDTH 6 0
BBX 5 7 0 0
BITMAP
70
D8
D8
D8
D8
50
D8
ENDCHAR
STARTCHAR estimated
ENCODING 8494
SWIDTH 462 0
DWIDTH 6 0
BBX 5 5 0 0
BITMAP
70
88
F8
80
78
ENDCHAR
STARTCHAR aleph
ENCODING 8501
SWIDTH 462 0
DWIDTH 6 0
BBX 5 5 0 0
BITMAP
C8
E8
70
B8
98
ENDCHAR
STARTCHAR uni2136
ENCODING 8502
SWIDTH 462 0
DWIDTH 6 0
BBX 5 5 0 0
BITMAP
E0
30
30
30
F8
ENDCHAR
STARTCHAR uni2137
ENCODING 8503
SWIDTH 462 0
DWIDTH 6 0
BBX 5 5 0 0
BITMAP
E0
30
30
30
D8
ENDCHAR
STARTCHAR uni2138
ENCODING 8504
SWIDTH 462 0
DWIDTH 6 0
BBX 5 5 0 0
BITMAP
F8
30
30
30
30
ENDCHAR
STARTCHAR uni2150
ENCODING 8528
SWIDTH 615 0
DWIDTH 8 0
BBX 7 8 0 -1
BITMAP
C0
40
EC
18
30
6E
C6
0E
ENDCHAR
STARTCHAR uni2151
ENCODING 8529
SWIDTH 615 0
DWIDTH 8 0
BBX 7 8 0 -1
BITMAP
C0
40
EC
18
30
6E
CE
02
ENDCHAR
STARTCHAR uni2152
ENCODING 8530
SWIDTH 615 0
DWIDTH 8 0
BBX 7 8 0 -1
BITMAP
C0
40
EC
18
30
60
D6
16
ENDCHAR
STARTCHAR onethird
ENCODING 8531
SWIDTH 615 0
DWIDTH 8 0
BBX 7 8 0 -1
BITMAP
C0
40
EC
18
30
6E
C6
0E
ENDCHAR
STARTCHAR twothirds
ENCODING 8532
SWIDTH 615 0
DWIDTH 8 0
BBX 7 8 0 -1
BITMAP
C0
40
6C
18
30
6E
C6
0E
ENDCHAR
STARTCHAR uni2155
ENCODING 8533
SWIDTH 538 0
DWIDTH 7 0
BBX 6 8 0 -1
BITMAP
C0
40
EC
18
30
6C
C8
18
ENDCHAR
STARTCHAR uni2156
ENCODING 8534
SWIDTH 538 0
DWIDTH 7 0
BBX 6 8 0 -1
BITMAP
C0
40
6C
18
30
6C
C8
18
ENDCHAR
STARTCHAR uni2157
ENCODING 8535
SWIDTH 538 0
DWIDTH 7 0
BBX 6 8 0 -1
BITMAP
E0
60
EC
18
30
6C
C8
18
ENDCHAR
STARTCHAR uni2158
ENCODING 8536
SWIDTH 538 0
DWIDTH 7 0
BBX 6 8 0 -1
BITMAP
A0
E0
2C
18
30
6C
C8
18
ENDCHAR
STARTCHAR uni2159
ENCODING 8537
SWIDTH 615 0
DWIDTH 8 0
BBX 7 8 0 -1
BITMAP
C0
40
EC
18
30
68
CE
0E
ENDCHAR
STARTCHAR uni215A
ENCODING 8538
SWIDTH 615 0
DWIDTH 8 0
BBX 7 8 0 -1
BITMAP
60
40
CC
18
30
68
CE
0E
ENDCHAR
STARTCHAR oneeighth
ENCODING 8539
SWIDTH 615 0
DWIDTH 8 0
BBX 7 8 0 -1
BITMAP
C0
40
EC
18
36
6E
CA
0C
ENDCHAR
STARTCHAR threeeighths
ENCODING 8540
SWIDTH 615 0
DWIDTH 8 0
BBX 7 8 0 -1
BITMAP
E0
60
EC
18
36
6E
CA
0C
ENDCHAR
STARTCHAR fiveeighths
ENCODING 8541
SWIDTH 615 0
DWIDTH 8 0
BBX 7 8 0 -1
BITMAP
60
40
CC
18
36
6E
CA
0C
ENDCHAR
STARTCHAR seveneighths
ENCODING 8542
SWIDTH 615 0
DWIDTH 8 0
BBX 7 8 0 -1
BITMAP
E0
20
2C
18
36
6E
CA
0C
ENDCHAR
STARTCHAR arrowleft
ENCODING 8592
SWIDTH 615 0
DWIDTH 8 0
BBX 7 5 0 1
BITMAP
30
60
FE
60
30
ENDCHAR
STARTCHAR arrowup
ENCODING 8593
SWIDTH 462 0
DWIDTH 6 0
BBX 5 7 0 0
BITMAP
20
70
F8
A8
20
20
20
ENDCHAR
STARTCHAR arrowright
ENCODING 8594
SWIDTH 615 0
DWIDTH 8 0
BBX 7 5 0 1
BITMAP
18
0C
FE
0C
18
ENDCHAR
STARTCHAR arrowdown
ENCODING 8595
SWIDTH 462 0
DWIDTH 6 0
BBX 5 7 0 0
BITMAP
20
20
20
A8
F8
70
20
ENDCHAR
STARTCHAR arrowboth
ENCODING 8596
SWIDTH 615 0
DWIDTH 8 0
BBX 7 5 0 1
BITMAP
28
6C
FE
6C
28
ENDCHAR
STARTCHAR arrowupdn
ENCODING 8597
SWIDTH 462 0
DWIDTH 6 0
BBX 5 7 0 0
BITMAP
20
70
F8
20
F8
70
20
ENDCHAR
STARTCHAR uni2196
ENCODING 8598
SWIDTH 615 0
DWIDTH 8 0
BBX 7 7 0 0
BITMAP
F8
E0
F0
B8
9C
0E
06
ENDCHAR
STARTCHAR uni2197
ENCODING 8599
SWIDTH 615 0
DWIDTH 8 0
BBX 7 7 0 0
BITMAP
3E
0E
1E
3A
72
E0
C0
ENDCHAR
STARTCHAR uni2198
ENCODING 8600
SWIDTH 615 0
DWIDTH 8 0
BBX 7 7 0 0
BITMAP
C0
E0
72
3A
1E
0E
3E
ENDCHAR
STARTCHAR uni2199
ENCODING 8601
SWIDTH 615 0
DWIDTH 8 0
BBX 7 7 0 0
BITMAP
06
0E
9C
B8
F0
E0
F8
ENDCHAR
STARTCHAR arrowupdnbse
ENCODING 8616
SWIDTH 462 0
DWIDTH 6 0
BBX 5 9 0 -2
BITMAP
20
70
F8
20
F8
70
20
00
F8
ENDCHAR
STARTCHAR uni21CC
ENCODING 8652
SWIDTH 462 0
DWIDTH 6 0
BBX 5 5 0 1
BITMAP
10
F8
00
F8
40
ENDCHAR
STARTCHAR arrowdblleft
ENCODING 8656
SWIDTH 615 0
DWIDTH 8 0
BBX 7 5 0 1
BITMAP
20
7E
80
7E
20
ENDCHAR
STARTCHAR arrowdblright
ENCODING 8658
SWIDTH 615 0
DWIDTH 8 0
BBX 7 5 0 1
BITMAP
08
FC
02
FC
08
ENDCHAR
STARTCHAR arrowdblboth
ENCODING 8660
SWIDTH 615 0
DWIDTH 8 0
BBX 7 5 0 1
BITMAP
28
7C
82
7C
28
ENDCHAR
STARTCHAR uni21E7
ENCODING 8679
SWIDTH 462 0
DWIDTH 6 0
BBX 5 7 0 0
BITMAP
20
50
88
D8
50
50
70
ENDCHAR
STARTCHAR universal
ENCODING 8704
SWIDTH 462 0
DWIDTH 6 0
BBX 5 7 0 0
BITMAP
88
88
F8
88
50
50
20
ENDCHAR
STARTCHAR partialdiff
ENCODING 8706
SWIDTH 462 0
DWIDTH 6 0
BBX 5 7 0 0
BITMAP
70
D8
18
78
D8
D8
70
ENDCHAR
STARTCHAR existential
ENCODING 8707
SWIDTH 462 0
DWIDTH 6 0
BBX 5 7 0 0
BITMAP
F8
08
08
F8
08
08
F8
ENDCHAR
STARTCHAR uni2204
ENCODING 8708
SWIDTH 462 0
DWIDTH 6 0
BBX 5 9 0 -1
BITMAP
20
F8
28
28
F8
48
48
F8
40
ENDCHAR
STARTCHAR emptyset
ENCODING 8709
SWIDTH 615 0
DWIDTH 8 0
BBX 7 7 0 0
BITMAP
3A
44
8A
92
A2
44
B8
ENDCHAR
STARTCHAR element
ENCODING 8712
SWIDTH 462 0
DWIDTH 6 0
BBX 5 5 0 1
BITMAP
78
80
F8
80
78
ENDCHAR
STARTCHAR notelement
ENCODING 8713
SWIDTH 462 0
DWIDTH 6 0
BBX 5 7 0 0
BITMAP
10
78
90
F8
A0
78
20
ENDCHAR
STARTCHAR suchthat
ENCODING 8715
SWIDTH 462 0
DWIDTH 6 0
BBX 5 5 0 1
BITMAP
F0
08
F8
08
F0
ENDCHAR
STARTCHAR uni220C
ENCODING 8716
SWIDTH 462 0
DWIDTH 6 0
BBX 5 7 0 0
BITMAP
40
F0
48
F8
28
F0
20
ENDCHAR
STARTCHAR uni220E
ENCODING 8718
SWIDTH 462 0
DWIDTH 6 0
BBX 5 5 0 0
BITMAP
F8
F8
F8
F8
F8
ENDCHAR
STARTCHAR product
ENCODING 8719
SWIDTH 462 0
DWIDTH 6 0
BBX 5 7 0 0
BITMAP
F8
88
88
88
88
88
88
ENDCHAR
STARTCHAR summation
ENCODING 8721
SWIDTH 462 0
DWIDTH 6 0
BBX 5 7 0 0
BITMAP
F8
88
40
20
40
88
F8
ENDCHAR
STARTCHAR minus
ENCODING 8722
SWIDTH 462 0
DWIDTH 6 0
BBX 5 1 0 3
BITMAP
F8
ENDCHAR
STARTCHAR radical
ENCODING 8730
SWIDTH 462 0
DWIDTH 6 0
BBX 5 8 0 -1
BITMAP
18
18
18
18
18
D8
78
38
ENDCHAR
STARTCHAR infinity
ENCODING 8734
SWIDTH 615 0
DWIDTH 8 0
BBX 7 3 0 2
BITMAP
6C
D6
6C
ENDCHAR
STARTCHAR orthogonal
ENCODING 8735
SWIDTH 462 0
DWIDTH 6 0
BBX 5 5 0 0
BITMAP
80
80
E0
A0
F8
ENDCHAR
STARTCHAR angle
ENCODING 8736
SWIDTH 462 0
DWIDTH 6 0
BBX 5 5 0 0
BITMAP
08
10
20
40
F8
ENDCHAR
STARTCHAR intersection
ENCODING 8745
SWIDTH 462 0
DWIDTH 6 0
BBX 5 7 0 0
BITMAP
70
88
88
88
88
88
88
ENDCHAR
STARTCHAR union
ENCODING 8746
SWIDTH 462 0
DWIDTH 6 0
BBX 5 7 0 0
BITMAP
88
88
88
88
88
88
70
ENDCHAR
STARTCHAR integral
ENCODING 8747
SWIDTH 462 0
DWIDTH 6 0
BBX 5 9 0 -2
BITMAP
18
20
20
20
20
20
20
20
C0
ENDCHAR
STARTCHAR therefore
ENCODING 8756
SWIDTH 538 0
DWIDTH 7 0
BBX 6 6 0 0
BITMAP
30
30
00
00
CC
CC
ENDCHAR
STARTCHAR uni2235
ENCODING 8757
SWIDTH 538 0
DWIDTH 7 0
BBX 6 6 0 0
BITMAP
CC
CC
00
00
30
30
ENDCHAR
STARTCHAR approxequal
ENCODING 8776
SWIDTH 462 0
DWIDTH 6 0
BBX 5 5 0 1
BITMAP
68
B0
00
68
B0
ENDCHAR
STARTCHAR notequal
ENCODING 8800
SWIDTH 462 0
DWIDTH 6 0
BBX 5 5 0 1
BITMAP
10
F8
20
F8
40
ENDCHAR
STARTCHAR equivalence
ENCODING 8801
SWIDTH 462 0
DWIDTH 6 0
BBX 5 5 0 1
BITMAP
F8
00
F8
00
F8
ENDCHAR
STARTCHAR lessequal
ENCODING 8804
SWIDTH 385 0
DWIDTH 5 0
BBX 4 7 0 -1
BITMAP
30
60
C0
60
30
00
F0
ENDCHAR
STARTCHAR greaterequal
ENCODING 8805
SWIDTH 385 0
DWIDTH 5 0
BBX 4 7 0 -1
BITMAP
C0
60
30
60
C0
00
F0
ENDCHAR
STARTCHAR uni226A
ENCODING 8810
SWIDTH 615 0
DWIDTH 8 0
BBX 7 5 0 1
BITMAP
36
6C
D8
6C
36
ENDCHAR
STARTCHAR uni226B
ENCODING 8811
SWIDTH 615 0
DWIDTH 8 0
BBX 7 5 0 1
BITMAP
D8
6C
36
6C
D8
ENDCHAR
STARTCHAR propersubset
ENCODING 8834
SWIDTH 462 0
DWIDTH 6 0
BBX 5 4 0 1
BITMAP
78
80
80
78
ENDCHAR
STARTCHAR propersuperset
ENCODING 8835
SWIDTH 462 0
DWIDTH 6 0
BBX 5 4 0 1
BITMAP
F0
08
08
F0
ENDCHAR
STARTCHAR notsubset
ENCODING 8836
SWIDTH 462 0
DWIDTH 6 0
BBX 5 6 0 0
BITMAP
10
78
90
A0
78
20
ENDCHAR
STARTCHAR uni2285
ENCODING 8837
SWIDTH 462 0
DWIDTH 6 0
BBX 5 6 0 0
BITMAP
40
F0
48
28
F0
20
ENDCHAR
STARTCHAR reflexsubset
ENCODING 8838
SWIDTH 462 0
DWIDTH 6 0
BBX 5 6 0 -1
BITMAP
78
80
80
78
00
F8
ENDCHAR
STARTCHAR reflexsuperset
ENCODING 8839
SWIDTH 462 0
DWIDTH 6 0
BBX 5 6 0 -1
BITMAP
F0
08
08
F0
00
F8
ENDCHAR
STARTCHAR uni228A
ENCODING 8842
SWIDTH 462 0
DWIDTH 6 0
BBX 5 7 0 -2
BITMAP
78
80
80
78
10
F8
40
ENDCHAR
STARTCHAR uni228B
ENCODING 8843
SWIDTH 462 0
DWIDTH 6 0
BBX 5 7 0 -2
BITMAP
F0
08
08
F0
40
F8
10
ENDCHAR
STARTCHAR circleplus
ENCODING 8853
SWIDTH 462 0
DWIDTH 6 0
BBX 5 5 0 1
BITMAP
70
A8
F8
A8
70
ENDCHAR
STARTCHAR circlemultiply
ENCODING 8855
SWIDTH 462 0
DWIDTH 6 0
BBX 5 5 0 1
BITMAP
70
D8
A8
D8
70
ENDCHAR
STARTCHAR uni22A4
ENCODING 8868
SWIDTH 462 0
DWIDTH 6 0
BBX 5 7 0 0
BITMAP
F8
20
20
20
20
20
20
ENDCHAR
STARTCHAR perpendicular
ENCODING 8869
SWIDTH 462 0
DWIDTH 6 0
BBX 5 7 0 0
BITMAP
20
20
20
20
20
20
F8
ENDCHAR
STARTCHAR uni2300
ENCODING 8960
SWIDTH 462 0
DWIDTH 6 0
BBX 5 7 0 0
BITMAP
08
70
98
A8
C8
70
80
ENDCHAR
STARTCHAR house
ENCODING 8962
SWIDTH 462 0
DWIDTH 6 0
BBX 5 6 0 0
BITMAP
20
50
88
88
88
F8
ENDCHAR
STARTCHAR revlogicalnot
ENCODING 8976
SWIDTH 462 0
DWIDTH 6 0
BBX 5 2 0 3
BITMAP
F8
C0
ENDCHAR
STARTCHAR upblock
ENCODING 9600
SWIDTH 462 0
DWIDTH 6 0
BBX 5 6 0 3
BITMAP
F8
F8
F8
F8
F8
F8
ENDCHAR
STARTCHAR dnblock
ENCODING 9604
SWIDTH 462 0
DWIDTH 6 0
BBX 5 6 0 -3
BITMAP
F8
F8
F8
F8
F8
F8
ENDCHAR
STARTCHAR block
ENCODING 9608
SWIDTH 462 0
DWIDTH 6 0
BBX 6 12 0 -3
BITMAP
FC
FC
FC
FC
FC
FC
FC
FC
FC
FC
FC
FC
ENDCHAR
STARTCHAR lfblock
ENCODING 9612
SWIDTH 462 0
DWIDTH 6 0
BBX 3 12 0 -3
BITMAP
E0
E0
E0
E0
E0
E0
E0
E0
E0
E0
E0
E0
ENDCHAR
STARTCHAR rtblock
ENCODING 9616
SWIDTH 462 0
DWIDTH 6 0
BBX 3 12 3 -3
BITMAP
E0
E0
E0
E0
E0
E0
E0
E0
E0
E0
E0
E0
ENDCHAR
STARTCHAR ltshade
ENCODING 9617
SWIDTH 462 0
DWIDTH 6 0
BBX 6 11 0 -2
BITMAP
A8
00
54
00
A8
00
54
00
A8
00
54
ENDCHAR
STARTCHAR shade
ENCODING 9618
SWIDTH 462 0
DWIDTH 6 0
BBX 6 12 0 -3
BITMAP
A8
54
A8
54
A8
54
A8
54
A8
54
A8
54
ENDCHAR
STARTCHAR dkshade
ENCODING 9619
SWIDTH 462 0
DWIDTH 6 0
BBX 6 12 0 -3
BITMAP
54
FC
A8
FC
54
FC
A8
FC
54
FC
A8
FC
ENDCHAR
STARTCHAR filledbox
ENCODING 9632
SWIDTH 462 0
DWIDTH 6 0
BBX 5 5 0 1
BITMAP
F8
F8
F8
F8
F8
ENDCHAR
STARTCHAR H22073
ENCODING 9633
SWIDTH 462 0
DWIDTH 6 0
BBX 5 5 0 1
BITMAP
F8
88
88
88
F8
ENDCHAR
STARTCHAR filledrect
ENCODING 9644
SWIDTH 462 0
DWIDTH 6 0
BBX 5 3 0 1
BITMAP
F8
F8
F8
ENDCHAR
STARTCHAR triagup
ENCODING 9650
SWIDTH 462 0
DWIDTH 6 0
BBX 5 5 0 1
BITMAP
20
70
70
F8
F8
ENDCHAR
STARTCHAR uni25B3
ENCODING 9651
SWIDTH 462 0
DWIDTH 6 0
BBX 5 5 0 1
BITMAP
20
50
50
88
F8
ENDCHAR
STARTCHAR uni25B6
ENCODING 9654
SWIDTH 462 0
DWIDTH 6 0
BBX 5 5 0 1
BITMAP
C0
F0
F8
F0
C0
ENDCHAR
STARTCHAR uni25B7
ENCODING 9655
SWIDTH 462 0
DWIDTH 6 0
BBX 5 5 0 1
BITMAP
C0
B0
88
B0
C0
ENDCHAR
STARTCHAR triagrt
ENCODING 9658
SWIDTH 462 0
DWIDTH 6 0
BBX 5 5 0 1
BITMAP
80
E0
F8
E0
80
ENDCHAR
STARTCHAR triagdn
ENCODING 9660
SWIDTH 462 0
DWIDTH 6 0
BBX 5 5 0 1
BITMAP
F8
F8
70
70
20
ENDCHAR
STARTCHAR uni25BD
ENCODING 9661
SWIDTH 462 0
DWIDTH 6 0
BBX 5 5 0 1
BITMAP
F8
88
50
50
20
ENDCHAR
STARTCHAR uni25C0
ENCODING 9664
SWIDTH 462 0
DWIDTH 6 0
BBX 5 5 0 1
BITMAP
18
78
F8
78
18
ENDCHAR
STARTCHAR uni25C1
ENCODING 9665
SWIDTH 462 0
DWIDTH 6 0
BBX 5 5 0 1
BITMAP
18
68
88
68
18
ENDCHAR
STARTCHAR triaglf
ENCODING 9668
SWIDTH 462 0
DWIDTH 6 0
BBX 5 5 0 1
BITMAP
08
38
F8
38
08
ENDCHAR
STARTCHAR uni25C6
ENCODING 9670
SWIDTH 462 0
DWIDTH 6 0
BBX 5 5 0 1
BITMAP
20
70
F8
70
20
ENDCHAR
STARTCHAR uni25C9
ENCODING 9673
SWIDTH 462 0
DWIDTH 6 0
BBX 5 5 0 1
BITMAP
70
88
A8
88
70
ENDCHAR
STARTCHAR circle
ENCODING 9675
SWIDTH 462 0
DWIDTH 6 0
BBX 5 5 0 1
BITMAP
70
88
88
88
70
ENDCHAR
STARTCHAR uni25CC
ENCODING 9676
SWIDTH 462 0
DWIDTH 6 0
BBX 5 5 0 0
BITMAP
A8
00
88
00
A8
ENDCHAR
STARTCHAR H18533
ENCODING 9679
SWIDTH 462 0
DWIDTH 6 0
BBX 5 5 0 1
BITMAP
70
F8
F8
F8
70
ENDCHAR
STARTCHAR invbullet
ENCODING 9688
SWIDTH 385 0
DWIDTH 5 0
BBX 4 12 0 -3
BITMAP
F0
F0
F0
F0
10
10
10
F0
F0
F0
F0
F0
ENDCHAR
STARTCHAR invcircle
ENCODING 9689
SWIDTH 385 0
DWIDTH 5 0
BBX 6 12 0 -3
BITMAP
FC
FC
FC
8C
74
74
74
8C
FC
FC
FC
FC
ENDCHAR
STARTCHAR openbullet
ENCODING 9702
SWIDTH 308 0
DWIDTH 4 0
BBX 3 3 0 2
BITMAP
E0
A0
E0
ENDCHAR
STARTCHAR uni2610
ENCODING 9744
SWIDTH 615 0
DWIDTH 8 0
BBX 7 7 0 0
BITMAP
FE
82
82
82
82
82
FE
ENDCHAR
STARTCHAR uni2611
ENCODING 9745
SWIDTH 615 0
DWIDTH 8 0
BBX 7 7 0 0
BITMAP
FE
82
86
AA
92
82
FE
ENDCHAR
STARTCHAR uni2612
ENCODING 9746
SWIDTH 615 0
DWIDTH 8 0
BBX 7 7 0 0
BITMAP
FE
82
AA
92
AA
82
FE
ENDCHAR
STARTCHAR smileface
ENCODING 9786
SWIDTH 462 0
DWIDTH 6 0
BBX 3 4 1 1
BITMAP
A0
00
A0
40
ENDCHAR
STARTCHAR invsmileface
ENCODING 9787
SWIDTH 462 0
DWIDTH 6 0
BBX 5 7 0 0
BITMAP
70
F8
A8
F8
A8
D8
70
ENDCHAR
STARTCHAR sun
ENCODING 9788
SWIDTH 615 0
DWIDTH 8 0
BBX 7 7 0 0
BITMAP
10
44
38
AA
38
44
10
ENDCHAR
STARTCHAR uni263D
ENCODING 9789
SWIDTH 462 0
DWIDTH 6 0
BBX 5 7 0 0
BITMAP
E0
70
38
38
38
70
E0
ENDCHAR
STARTCHAR uni263E
ENCODING 9790
SWIDTH 462 0
DWIDTH 6 0
BBX 5 7 0 0
BITMAP
38
70
E0
E0
E0
70
38
ENDCHAR
STARTCHAR female
ENCODING 9792
SWIDTH 462 0
DWIDTH 6 0
BBX 5 6 0 0
BITMAP
70
50
70
20
F8
20
ENDCHAR
STARTCHAR male
ENCODING 9794
SWIDTH 462 0
DWIDTH 6 0
BBX 5 5 0 1
BITMAP
78
18
E8
A8
E0
ENDCHAR
STARTCHAR spade
ENCODING 9824
SWIDTH 462 0
DWIDTH 6 0
BBX 5 7 0 0
BITMAP
20
70
F8
F8
F8
20
70
ENDCHAR
STARTCHAR club
ENCODING 9827
SWIDTH 462 0
DWIDTH 6 0
BBX 5 7 0 0
BITMAP
70
70
70
F8
F8
20
70
ENDCHAR
STARTCHAR heart
ENCODING 9829
SWIDTH 462 0
DWIDTH 6 0
BBX 5 7 0 0
BITMAP
50
F8
F8
F8
F8
70
20
ENDCHAR
STARTCHAR diamond
ENCODING 9830
SWIDTH 462 0
DWIDTH 6 0
BBX 5 7 0 0
BITMAP
20
70
70
F8
70
70
20
ENDCHAR
STARTCHAR uni2669
ENCODING 9833
SWIDTH 308 0
DWIDTH 4 0
BBX 3 7 0 0
BITMAP
20
20
20
20
20
E0
C0
ENDCHAR
STARTCHAR musicalnote
ENCODING 9834
SWIDTH 462 0
DWIDTH 6 0
BBX 5 7 0 0
BITMAP
30
38
28
20
E0
E0
E0
ENDCHAR
STARTCHAR musicalnotedbl
ENCODING 9835
SWIDTH 462 0
DWIDTH 6 0
BBX 5 7 0 0
BITMAP
18
78
68
48
58
D8
C0
ENDCHAR
STARTCHAR uni266C
ENCODING 9836
SWIDTH 462 0
DWIDTH 6 0
BBX 5 8 0 0
BITMAP
18
68
58
68
48
58
D8
C0
ENDCHAR
STARTCHAR uni2713
ENCODING 10003
SWIDTH 615 0
DWIDTH 8 0
BBX 7 7 0 0
BITMAP
02
06
0E
DC
F8
F0
60
ENDCHAR
STARTCHAR uni27E8
ENCODING 10216
SWIDTH 385 0
DWIDTH 5 0
BBX 4 10 0 -2
BITMAP
30
30
60
60
C0
C0
60
60
30
30
ENDCHAR
STARTCHAR uni27E9
ENCODING 10217
SWIDTH 385 0
DWIDTH 5 0
BBX 4 10 0 -2
BITMAP
C0
C0
60
60
30
30
60
60
C0
C0
ENDCHAR
STARTCHAR uni2E18
ENCODING 11800
SWIDTH 462 0
DWIDTH 6 0
BBX 5 7 0 -2
BITMAP
30
00
30
70
D0
D8
70
ENDCHAR
STARTCHAR uniFB01
ENCODING 64257
SWIDTH 615 0
DWIDTH 8 0
BBX 7 7 0 0
BITMAP
7C
C0
FC
CC
CC
CC
DE
ENDCHAR
STARTCHAR uniFB02
ENCODING 64258
SWIDTH 615 0
DWIDTH 8 0
BBX 7 7 0 0
BITMAP
7C
CC
CC
EC
CC
CC
DE
ENDCHAR
STARTCHAR uniFB06
ENCODING 64262
SWIDTH 615 0
DWIDTH 8 0
BBX 7 7 0 0
BITMAP
3C
6C
6E
CC
EC
6C
C6
ENDCHAR
STARTCHAR uniFFFD
ENCODING 65533
SWIDTH 462 0
DWIDTH 6 0
BBX 5 7 0 0
BITMAP
F8
88
E8
C8
F8
D8
F8
ENDCHAR
STARTCHAR .notdef
ENCODING -1
SWIDTH 77 0
DWIDTH 1 0
BBX 1 1 0 0
BITMAP
00
ENDCHAR
STARTCHAR glyph00001
ENCODING -1
SWIDTH 77 0
DWIDTH 1 0
BBX 1 1 0 0
BITMAP
00
ENDCHAR
ENDFONT
