STARTFONT 2.1
FONT Monocraft-18px
SIZE 18 75 75
FONTBOUNDINGBOX 16 24 0 -4
STARTPROPERTIES 3
PIXEL_SIZE 18
FONT_ASCENT 16
FONT_DESCENT 2
ENDPROPERTIES
CHARS 1475
STARTCHAR uni0020
ENCODING 32
SWIDTH 667 0
DWIDTH 12 0
BBX 1 1 0 0
BITMAP
00
ENDCHAR
STARTCHAR uni0021
ENCODING 33
SWIDTH 667 0
DWIDTH 12 0
BBX 2 14 4 0
BITMAP
C0
C0
C0
C0
C0
C0
C0
C0
C0
C0
00
00
C0
C0
ENDCHAR
STARTCHAR uni0022
ENCODING 34
SWIDTH 667 0
DWIDTH 12 0
BBX 6 4 2 10
BITMAP
CC
CC
CC
CC
ENDCHAR
STARTCHAR uni0023
ENCODING 35
SWIDTH 667 0
DWIDTH 12 0
BBX 10 14 0 0
BITMAP
3300
3300
3300
3300
FFC0
FFC0
3300
3300
FFC0
FFC0
3300
3300
3300
3300
ENDCHAR
STARTCHAR uni0024
ENCODING 36
SWIDTH 667 0
DWIDTH 12 0
BBX 10 14 0 0
BITMAP
0C00
0C00
3FC0
3FC0
C000
C000
3F00
3F00
00C0
00C0
FF00
FF00
0C00
0C00
ENDCHAR
STARTCHAR uni0025
ENCODING 37
SWIDTH 667 0
DWIDTH 12 0
BBX 10 14 0 0
BITMAP
C0C0
C0C0
C300
C300
0300
0300
0C00
0C00
3000
3000
30C0
30C0
C0C0
C0C0
ENDCHAR
STARTCHAR uni0026
ENCODING 38
SWIDTH 667 0
DWIDTH 12 0
BBX 10 14 0 0
BITMAP
0C00
0C00
3300
3300
0C00
0C00
3CC0
3CC0
CF00
CF00
C300
C300
3CC0
3CC0
ENDCHAR
STARTCHAR uni0027
ENCODING 39
SWIDTH 667 0
DWIDTH 12 0
BBX 2 4 4 10
BITMAP
C0
C0
C0
C0
ENDCHAR
STARTCHAR uni0028
ENCODING 40
SWIDTH 667 0
DWIDTH 12 0
BBX 6 14 2 0
BITMAP
0C
0C
30
30
C0
C0
C0
C0
C0
C0
30
30
0C
0C
ENDCHAR
STARTCHAR uni0029
ENCODING 41
SWIDTH 667 0
DWIDTH 12 0
BBX 6 14 2 0
BITMAP
C0
C0
30
30
0C
0C
0C
0C
0C
0C
30
30
C0
C0
ENDCHAR
STARTCHAR uni002A
ENCODING 42
SWIDTH 667 0
DWIDTH 12 0
BBX 6 6 2 8
BITMAP
CC
CC
30
30
CC
CC
ENDCHAR
STARTCHAR uni002B
ENCODING 43
SWIDTH 667 0
DWIDTH 12 0
BBX 10 10 0 2
BITMAP
0C00
0C00
0C00
0C00
FFC0
FFC0
0C00
0C00
0C00
0C00
ENDCHAR
STARTCHAR uni002C
ENCODING 44
SWIDTH 667 0
DWIDTH 12 0
BBX 4 4 2 0
BITMAP
30
30
C0
C0
ENDCHAR
STARTCHAR uni002D
ENCODING 45
SWIDTH 667 0
DWIDTH 12 0
BBX 10 2 0 6
BITMAP
FFC0
FFC0
ENDCHAR
STARTCHAR uni002E
ENCODING 46
SWIDTH 667 0
DWIDTH 12 0
BBX 2 2 4 0
BITMAP
C0
C0
ENDCHAR
STARTCHAR uni002F
ENCODING 47
SWIDTH 667 0
DWIDTH 12 0
BBX 10 14 0 0
BITMAP
00C0
00C0
0300
0300
0300
0300
0C00
0C00
3000
3000
3000
3000
C000
C000
ENDCHAR
STARTCHAR uni0030
ENCODING 48
SWIDTH 667 0
DWIDTH 12 0
BBX 10 14 0 0
BITMAP
3F00
3F00
C0C0
C0C0
C3C0
C3C0
CCC0
CCC0
F0C0
F0C0
C0C0
C0C0
3F00
3F00
ENDCHAR
STARTCHAR uni0031
ENCODING 49
SWIDTH 667 0
DWIDTH 12 0
BBX 10 14 0 0
BITMAP
0C00
0C00
3C00
3C00
0C00
0C00
0C00
0C00
0C00
0C00
0C00
0C00
FFC0
FFC0
ENDCHAR
STARTCHAR uni0032
ENCODING 50
SWIDTH 667 0
DWIDTH 12 0
BBX 10 14 0 0
BITMAP
3F00
3F00
C0C0
C0C0
00C0
00C0
0F00
0F00
3000
3000
C0C0
C0C0
FFC0
FFC0
ENDCHAR
STARTCHAR uni0033
ENCODING 51
SWIDTH 667 0
DWIDTH 12 0
BBX 10 14 0 0
BITMAP
3F00
3F00
C0C0
C0C0
00C0
00C0
0F00
0F00
00C0
00C0
C0C0
C0C0
3F00
3F00
ENDCHAR
STARTCHAR uni0034
ENCODING 52
SWIDTH 667 0
DWIDTH 12 0
BBX 10 14 0 0
BITMAP
03C0
03C0
0CC0
0CC0
30C0
30C0
C0C0
C0C0
FFC0
FFC0
00C0
00C0
00C0
00C0
ENDCHAR
STARTCHAR uni0035
ENCODING 53
SWIDTH 667 0
DWIDTH 12 0
BBX 10 14 0 0
BITMAP
FFC0
FFC0
C000
C000
FF00
FF00
00C0
00C0
00C0
00C0
C0C0
C0C0
3F00
3F00
ENDCHAR
STARTCHAR uni0036
ENCODING 54
SWIDTH 667 0
DWIDTH 12 0
BBX 10 14 0 0
BITMAP
0F00
0F00
3000
3000
C000
C000
FF00
FF00
C0C0
C0C0
C0C0
C0C0
3F00
3F00
ENDCHAR
STARTCHAR uni0037
ENCODING 55
SWIDTH 667 0
DWIDTH 12 0
BBX 10 14 0 0
BITMAP
FFC0
FFC0
C0C0
C0C0
00C0
00C0
0300
0300
0C00
0C00
0C00
0C00
0C00
0C00
ENDCHAR
STARTCHAR uni0038
ENCODING 56
SWIDTH 667 0
DWIDTH 12 0
BBX 10 14 0 0
BITMAP
3F00
3F00
C0C0
C0C0
C0C0
C0C0
3F00
3F00
C0C0
C0C0
C0C0
C0C0
3F00
3F00
ENDCHAR
STARTCHAR uni0039
ENCODING 57
SWIDTH 667 0
DWIDTH 12 0
BBX 10 14 0 0
BITMAP
3F00
3F00
C0C0
C0C0
C0C0
C0C0
3FC0
3FC0
00C0
00C0
0300
0300
3C00
3C00
ENDCHAR
STARTCHAR uni003A
ENCODING 58
SWIDTH 667 0
DWIDTH 12 0
BBX 2 10 4 0
BITMAP
C0
C0
00
00
00
00
00
00
C0
C0
ENDCHAR
STARTCHAR uni003B
ENCODING 59
SWIDTH 667 0
DWIDTH 12 0
BBX 4 12 2 -2
BITMAP
30
30
00
00
00
00
00
00
30
30
C0
C0
ENDCHAR
STARTCHAR uni003C
ENCODING 60
SWIDTH 667 0
DWIDTH 12 0
BBX 8 14 0 0
BITMAP
03
03
0C
0C
30
30
C0
C0
30
30
0C
0C
03
03
ENDCHAR
STARTCHAR uni003D
ENCODING 61
SWIDTH 667 0
DWIDTH 12 0
BBX 10 8 0 2
BITMAP
FFC0
FFC0
0000
0000
0000
0000
FFC0
FFC0
ENDCHAR
STARTCHAR uni003E
ENCODING 62
SWIDTH 667 0
DWIDTH 12 0
BBX 8 14 2 0
BITMAP
C0
C0
30
30
0C
0C
03
03
0C
0C
30
30
C0
C0
ENDCHAR
STARTCHAR uni003F
ENCODING 63
SWIDTH 667 0
DWIDTH 12 0
BBX 10 14 0 0
BITMAP
3F00
3F00
C0C0
C0C0
00C0
00C0
0300
0300
0C00
0C00
0000
0000
0C00
0C00
ENDCHAR
STARTCHAR uni0040
ENCODING 64
SWIDTH 667 0
DWIDTH 12 0
BBX 10 14 0 -2
BITMAP
3F00
3F00
C0C0
C0C0
CCC0
CCC0
CCC0
CCC0
CFC0
CFC0
C000
C000
3FC0
3FC0
ENDCHAR
STARTCHAR uni0041
ENCODING 65
SWIDTH 667 0
DWIDTH 12 0
BBX 10 14 0 0
BITMAP
3F00
3F00
C0C0
C0C0
FFC0
FFC0
C0C0
C0C0
C0C0
C0C0
C0C0
C0C0
C0C0
C0C0
ENDCHAR
STARTCHAR uni0042
ENCODING 66
SWIDTH 667 0
DWIDTH 12 0
BBX 10 14 0 0
BITMAP
FF00
FF00
C0C0
C0C0
FF00
FF00
C0C0
C0C0
C0C0
C0C0
C0C0
C0C0
FF00
FF00
ENDCHAR
STARTCHAR uni0043
ENCODING 67
SWIDTH 667 0
DWIDTH 12 0
BBX 10 14 0 0
BITMAP
3F00
3F00
C0C0
C0C0
C000
C000
C000
C000
C000
C000
C0C0
C0C0
3F00
3F00
ENDCHAR
STARTCHAR uni0044
ENCODING 68
SWIDTH 667 0
DWIDTH 12 0
BBX 10 14 0 0
BITMAP
FF00
FF00
C0C0
C0C0
C0C0
C0C0
C0C0
C0C0
C0C0
C0C0
C0C0
C0C0
FF00
FF00
ENDCHAR
STARTCHAR uni0045
ENCODING 69
SWIDTH 667 0
DWIDTH 12 0
BBX 10 14 0 0
BITMAP
FFC0
FFC0
C000
C000
FC00
FC00
C000
C000
C000
C000
C000
C000
FFC0
FFC0
ENDCHAR
STARTCHAR uni0046
ENCODING 70
SWIDTH 667 0
DWIDTH 12 0
BBX 10 14 0 0
BITMAP
FFC0
FFC0
C000
C000
FC00
FC00
C000
C000
C000
C000
C000
C000
C000
C000
ENDCHAR
STARTCHAR uni0047
ENCODING 71
SWIDTH 667 0
DWIDTH 12 0
BBX 10 14 0 0
BITMAP
3FC0
3FC0
C000
C000
C3C0
C3C0
C0C0
C0C0
C0C0
C0C0
C0C0
C0C0
3F00
3F00
ENDCHAR
STARTCHAR uni0048
ENCODING 72
SWIDTH 667 0
DWIDTH 12 0
BBX 10 14 0 0
BITMAP
C0C0
C0C0
C0C0
C0C0
FFC0
FFC0
C0C0
C0C0
C0C0
C0C0
C0C0
C0C0
C0C0
C0C0
ENDCHAR
STARTCHAR uni0049
ENCODING 73
SWIDTH 667 0
DWIDTH 12 0
BBX 6 14 2 0
BITMAP
FC
FC
30
30
30
30
30
30
30
30
30
30
FC
FC
ENDCHAR
STARTCHAR uni004A
ENCODING 74
SWIDTH 667 0
DWIDTH 12 0
BBX 10 14 0 0
BITMAP
00C0
00C0
00C0
00C0
00C0
00C0
00C0
00C0
00C0
00C0
C0C0
C0C0
3F00
3F00
ENDCHAR
STARTCHAR uni004B
ENCODING 75
SWIDTH 667 0
DWIDTH 12 0
BBX 10 14 0 0
BITMAP
C0C0
C0C0
C300
C300
FC00
FC00
C300
C300
C0C0
C0C0
C0C0
C0C0
C0C0
C0C0
ENDCHAR
STARTCHAR uni004C
ENCODING 76
SWIDTH 667 0
DWIDTH 12 0
BBX 10 14 0 0
BITMAP
C000
C000
C000
C000
C000
C000
C000
C000
C000
C000
C000
C000
FFC0
FFC0
ENDCHAR
STARTCHAR uni004D
ENCODING 77
SWIDTH 667 0
DWIDTH 12 0
BBX 10 14 0 0
BITMAP
C0C0
C0C0
F3C0
F3C0
CCC0
CCC0
C0C0
C0C0
C0C0
C0C0
C0C0
C0C0
C0C0
C0C0
ENDCHAR
STARTCHAR uni004E
ENCODING 78
SWIDTH 667 0
DWIDTH 12 0
BBX 10 14 0 0
BITMAP
C0C0
C0C0
F0C0
F0C0
CCC0
CCC0
C3C0
C3C0
C0C0
C0C0
C0C0
C0C0
C0C0
C0C0
ENDCHAR
STARTCHAR uni004F
ENCODING 79
SWIDTH 667 0
DWIDTH 12 0
BBX 10 14 0 0
BITMAP
3F00
3F00
C0C0
C0C0
C0C0
C0C0
C0C0
C0C0
C0C0
C0C0
C0C0
C0C0
3F00
3F00
ENDCHAR
STARTCHAR uni0050
ENCODING 80
SWIDTH 667 0
DWIDTH 12 0
BBX 10 14 0 0
BITMAP
FF00
FF00
C0C0
C0C0
FF00
FF00
C000
C000
C000
C000
C000
C000
C000
C000
ENDCHAR
STARTCHAR uni0051
ENCODING 81
SWIDTH 667 0
DWIDTH 12 0
BBX 10 14 0 0
BITMAP
3F00
3F00
C0C0
C0C0
C0C0
C0C0
C0C0
C0C0
C0C0
C0C0
C300
C300
3CC0
3CC0
ENDCHAR
STARTCHAR uni0052
ENCODING 82
SWIDTH 667 0
DWIDTH 12 0
BBX 10 14 0 0
BITMAP
FF00
FF00
C0C0
C0C0
FF00
FF00
C0C0
C0C0
C0C0
C0C0
C0C0
C0C0
C0C0
C0C0
ENDCHAR
STARTCHAR uni0053
ENCODING 83
SWIDTH 667 0
DWIDTH 12 0
BBX 10 14 0 0
BITMAP
3FC0
3FC0
C000
C000
3F00
3F00
00C0
00C0
00C0
00C0
C0C0
C0C0
3F00
3F00
ENDCHAR
STARTCHAR uni0054
ENCODING 84
SWIDTH 667 0
DWIDTH 12 0
BBX 10 14 0 0
BITMAP
FFC0
FFC0
0C00
0C00
0C00
0C00
0C00
0C00
0C00
0C00
0C00
0C00
0C00
0C00
ENDCHAR
STARTCHAR uni0055
ENCODING 85
SWIDTH 667 0
DWIDTH 12 0
BBX 10 14 0 0
BITMAP
C0C0
C0C0
C0C0
C0C0
C0C0
C0C0
C0C0
C0C0
C0C0
C0C0
C0C0
C0C0
3F00
3F00
ENDCHAR
STARTCHAR uni0056
ENCODING 86
SWIDTH 667 0
DWIDTH 12 0
BBX 10 14 0 0
BITMAP
C0C0
C0C0
C0C0
C0C0
C0C0
C0C0
C0C0
C0C0
3300
3300
3300
3300
0C00
0C00
ENDCHAR
STARTCHAR uni0057
ENCODING 87
SWIDTH 667 0
DWIDTH 12 0
BBX 10 14 0 0
BITMAP
C0C0
C0C0
C0C0
C0C0
C0C0
C0C0
C0C0
C0C0
CCC0
CCC0
F3C0
F3C0
C0C0
C0C0
ENDCHAR
STARTCHAR uni0058
ENCODING 88
SWIDTH 667 0
DWIDTH 12 0
BBX 10 14 0 0
BITMAP
C0C0
C0C0
3300
3300
0C00
0C00
3300
3300
C0C0
C0C0
C0C0
C0C0
C0C0
C0C0
ENDCHAR
STARTCHAR uni0059
ENCODING 89
SWIDTH 667 0
DWIDTH 12 0
BBX 10 14 0 0
BITMAP
C0C0
C0C0
3300
3300
0C00
0C00
0C00
0C00
0C00
0C00
0C00
0C00
0C00
0C00
ENDCHAR
STARTCHAR uni005A
ENCODING 90
SWIDTH 667 0
DWIDTH 12 0
BBX 10 14 0 0
BITMAP
FFC0
FFC0
00C0
00C0
0300
0300
0C00
0C00
3000
3000
C000
C000
FFC0
FFC0
ENDCHAR
STARTCHAR uni005B
ENCODING 91
SWIDTH 667 0
DWIDTH 12 0
BBX 6 14 2 0
BITMAP
FC
FC
C0
C0
C0
C0
C0
C0
C0
C0
C0
C0
FC
FC
ENDCHAR
STARTCHAR uni005C
ENCODING 92
SWIDTH 667 0
DWIDTH 12 0
BBX 10 14 0 0
BITMAP
C000
C000
3000
3000
3000
3000
0C00
0C00
0300
0300
0300
0300
00C0
00C0
ENDCHAR
STARTCHAR uni005D
ENCODING 93
SWIDTH 667 0
DWIDTH 12 0
BBX 6 14 2 0
BITMAP
FC
FC
0C
0C
0C
0C
0C
0C
0C
0C
0C
0C
FC
FC
ENDCHAR
STARTCHAR uni005E
ENCODING 94
SWIDTH 667 0
DWIDTH 12 0
BBX 10 6 0 8
BITMAP
0C00
0C00
3300
3300
C0C0
C0C0
ENDCHAR
STARTCHAR uni005F
ENCODING 95
SWIDTH 667 0
DWIDTH 12 0
BBX 10 2 0 -2
BITMAP
FFC0
FFC0
ENDCHAR
STARTCHAR uni0060
ENCODING 96
SWIDTH 667 0
DWIDTH 12 0
BBX 4 4 2 10
BITMAP
C0
C0
30
30
ENDCHAR
STARTCHAR uni0061
ENCODING 97
SWIDTH 667 0
DWIDTH 12 0
BBX 10 10 0 0
BITMAP
3F00
3F00
00C0
00C0
3FC0
3FC0
C0C0
C0C0
3FC0
3FC0
ENDCHAR
STARTCHAR uni0062
ENCODING 98
SWIDTH 667 0
DWIDTH 12 0
BBX 10 14 0 0
BITMAP
C000
C000
C000
C000
CF00
CF00
F0C0
F0C0
C0C0
C0C0
C0C0
C0C0
FF00
FF00
ENDCHAR
STARTCHAR uni0063
ENCODING 99
SWIDTH 667 0
DWIDTH 12 0
BBX 10 10 0 0
BITMAP
3F00
3F00
C0C0
C0C0
C000
C000
C0C0
C0C0
3F00
3F00
ENDCHAR
STARTCHAR uni0064
ENCODING 100
SWIDTH 667 0
DWIDTH 12 0
BBX 10 14 0 0
BITMAP
00C0
00C0
00C0
00C0
3CC0
3CC0
C3C0
C3C0
C0C0
C0C0
C0C0
C0C0
3FC0
3FC0
ENDCHAR
STARTCHAR uni0065
ENCODING 101
SWIDTH 667 0
DWIDTH 12 0
BBX 10 10 0 0
BITMAP
3F00
3F00
C0C0
C0C0
FFC0
FFC0
C000
C000
3FC0
3FC0
ENDCHAR
STARTCHAR uni0066
ENCODING 102
SWIDTH 667 0
DWIDTH 12 0
BBX 8 14 1 0
BITMAP
0F
0F
30
30
FF
FF
30
30
30
30
30
30
30
30
ENDCHAR
STARTCHAR uni0067
ENCODING 103
SWIDTH 667 0
DWIDTH 12 0
BBX 10 12 0 -2
BITMAP
3FC0
3FC0
C0C0
C0C0
C0C0
C0C0
3FC0
3FC0
00C0
00C0
FF00
FF00
ENDCHAR
STARTCHAR uni0068
ENCODING 104
SWIDTH 667 0
DWIDTH 12 0
BBX 10 14 0 0
BITMAP
C000
C000
C000
C000
CF00
CF00
F0C0
F0C0
C0C0
C0C0
C0C0
C0C0
C0C0
C0C0
ENDCHAR
STARTCHAR uni0069
ENCODING 105
SWIDTH 667 0
DWIDTH 12 0
BBX 8 14 1 0
BITMAP
30
30
00
00
F0
F0
30
30
30
30
30
30
0F
0F
ENDCHAR
STARTCHAR uni006A
ENCODING 106
SWIDTH 667 0
DWIDTH 12 0
BBX 10 16 0 -2
BITMAP
00C0
00C0
0000
0000
00C0
00C0
00C0
00C0
00C0
00C0
C0C0
C0C0
C0C0
C0C0
3F00
3F00
ENDCHAR
STARTCHAR uni006B
ENCODING 107
SWIDTH 667 0
DWIDTH 12 0
BBX 8 14 1 0
BITMAP
C0
C0
C0
C0
C3
C3
CC
CC
F0
F0
CC
CC
C3
C3
ENDCHAR
STARTCHAR uni006C
ENCODING 108
SWIDTH 667 0
DWIDTH 12 0
BBX 8 14 1 0
BITMAP
F0
F0
30
30
30
30
30
30
30
30
30
30
0F
0F
ENDCHAR
STARTCHAR uni006D
ENCODING 109
SWIDTH 667 0
DWIDTH 12 0
BBX 10 10 0 0
BITMAP
F300
F300
CCC0
CCC0
CCC0
CCC0
C0C0
C0C0
C0C0
C0C0
ENDCHAR
STARTCHAR uni006E
ENCODING 110
SWIDTH 667 0
DWIDTH 12 0
BBX 10 10 0 0
BITMAP
FF00
FF00
C0C0
C0C0
C0C0
C0C0
C0C0
C0C0
C0C0
C0C0
ENDCHAR
STARTCHAR uni006F
ENCODING 111
SWIDTH 667 0
DWIDTH 12 0
BBX 10 10 0 0
BITMAP
3F00
3F00
C0C0
C0C0
C0C0
C0C0
C0C0
C0C0
3F00
3F00
ENDCHAR
STARTCHAR uni0070
ENCODING 112
SWIDTH 667 0
DWIDTH 12 0
BBX 10 12 0 -2
BITMAP
CF00
CF00
F0C0
F0C0
C0C0
C0C0
FF00
FF00
C000
C000
C000
C000
ENDCHAR
STARTCHAR uni0071
ENCODING 113
SWIDTH 667 0
DWIDTH 12 0
BBX 10 12 0 -2
BITMAP
3CC0
3CC0
C3C0
C3C0
C0C0
C0C0
3FC0
3FC0
00C0
00C0
00C0
00C0
ENDCHAR
STARTCHAR uni0072
ENCODING 114
SWIDTH 667 0
DWIDTH 12 0
BBX 10 10 0 0
BITMAP
CF00
CF00
F0C0
F0C0
C000
C000
C000
C000
C000
C000
ENDCHAR
STARTCHAR uni0073
ENCODING 115
SWIDTH 667 0
DWIDTH 12 0
BBX 10 10 0 0
BITMAP
3FC0
3FC0
C000
C000
3F00
3F00
00C0
00C0
FF00
FF00
ENDCHAR
STARTCHAR uni0074
ENCODING 116
SWIDTH 667 0
DWIDTH 12 0
BBX 8 14 1 0
BITMAP
30
30
30
30
FC
FC
30
30
30
30
30
30
0F
0F
ENDCHAR
STARTCHAR uni0075
ENCODING 117
SWIDTH 667 0
DWIDTH 12 0
BBX 10 10 0 0
BITMAP
C0C0
C0C0
C0C0
C0C0
C0C0
C0C0
C0C0
C0C0
3FC0
3FC0
ENDCHAR
STARTCHAR uni0076
ENCODING 118
SWIDTH 667 0
DWIDTH 12 0
BBX 10 10 0 0
BITMAP
C0C0
C0C0
C0C0
C0C0
C0C0
C0C0
3300
3300
0C00
0C00
ENDCHAR
STARTCHAR uni0077
ENCODING 119
SWIDTH 667 0
DWIDTH 12 0
BBX 10 10 0 0
BITMAP
C0C0
C0C0
C0C0
C0C0
CCC0
CCC0
CCC0
CCC0
3FC0
3FC0
ENDCHAR
STARTCHAR uni0078
ENCODING 120
SWIDTH 667 0
DWIDTH 12 0
BBX 10 10 0 0
BITMAP
C0C0
C0C0
3300
3300
0C00
0C00
3300
3300
C0C0
C0C0
ENDCHAR
STARTCHAR uni0079
ENCODING 121
SWIDTH 667 0
DWIDTH 12 0
BBX 10 12 0 -2
BITMAP
C0C0
C0C0
C0C0
C0C0
C0C0
C0C0
3FC0
3FC0
00C0
00C0
FF00
FF00
ENDCHAR
STARTCHAR uni007A
ENCODING 122
SWIDTH 667 0
DWIDTH 12 0
BBX 10 10 0 0
BITMAP
FFC0
FFC0
0300
0300
0C00
0C00
3000
3000
FFC0
FFC0
ENDCHAR
STARTCHAR uni007B
ENCODING 123
SWIDTH 667 0
DWIDTH 12 0
BBX 8 14 0 0
BITMAP
03
03
0C
0C
0C
0C
F0
F0
0C
0C
0C
0C
03
03
ENDCHAR
STARTCHAR uni007C
ENCODING 124
SWIDTH 667 0
DWIDTH 12 0
BBX 2 14 4 0
BITMAP
C0
C0
C0
C0
C0
C0
C0
C0
C0
C0
C0
C0
C0
C0
ENDCHAR
STARTCHAR uni007D
ENCODING 125
SWIDTH 667 0
DWIDTH 12 0
BBX 8 14 2 0
BITMAP
C0
C0
30
30
30
30
0F
0F
30
30
30
30
C0
C0
ENDCHAR
STARTCHAR uni007E
ENCODING 126
SWIDTH 667 0
DWIDTH 12 0
BBX 10 6 0 4
BITMAP
30C0
30C0
CCC0
CCC0
C300
C300
ENDCHAR
STARTCHAR uni00A0
ENCODING 160
SWIDTH 667 0
DWIDTH 12 0
BBX 1 1 0 0
BITMAP
00
ENDCHAR
STARTCHAR uni00A1
ENCODING 161
SWIDTH 667 0
DWIDTH 12 0
BBX 2 14 4 -2
BITMAP
C0
C0
00
00
C0
C0
C0
C0
C0
C0
C0
C0
C0
C0
ENDCHAR
STARTCHAR uni00A2
ENCODING 162
SWIDTH 667 0
DWIDTH 12 0
BBX 10 14 0 -2
BITMAP
0C00
0C00
3F00
3F00
C0C0
C0C0
C000
C000
C0C0
C0C0
3F00
3F00
0C00
0C00
ENDCHAR
STARTCHAR uni00A3
ENCODING 163
SWIDTH 667 0
DWIDTH 12 0
BBX 10 14 0 0
BITMAP
0F00
0F00
30C0
30C0
3000
3000
FF00
FF00
3000
3000
3000
3000
FFC0
FFC0
ENDCHAR
STARTCHAR uni00A4
ENCODING 164
SWIDTH 667 0
DWIDTH 12 0
BBX 12 10 0 0
BITMAP
CF30
CF30
30C0
30C0
30C0
30C0
30C0
30C0
CF30
CF30
ENDCHAR
STARTCHAR uni00A5
ENCODING 165
SWIDTH 667 0
DWIDTH 12 0
BBX 10 14 0 0
BITMAP
C0C0
C0C0
3300
3300
0C00
0C00
FFC0
FFC0
0C00
0C00
FFC0
FFC0
0C00
0C00
ENDCHAR
STARTCHAR uni00A6
ENCODING 166
SWIDTH 667 0
DWIDTH 12 0
BBX 2 14 4 0
BITMAP
C0
C0
C0
C0
C0
C0
00
00
C0
C0
C0
C0
C0
C0
ENDCHAR
STARTCHAR uni00A7
ENCODING 167
SWIDTH 667 0
DWIDTH 12 0
BBX 10 14 0 0
BITMAP
3FC0
3FC0
C000
C000
3F00
3F00
C0C0
C0C0
3F00
3F00
00C0
00C0
FF00
FF00
ENDCHAR
STARTCHAR uni00A8
ENCODING 168
SWIDTH 667 0
DWIDTH 12 0
BBX 6 2 0 12
BITMAP
CC
CC
ENDCHAR
STARTCHAR uni00A9
ENCODING 169
SWIDTH 667 0
DWIDTH 12 0
BBX 12 14 0 0
BITMAP
3FC0
3FC0
C030
C030
CF30
CF30
CC30
CC30
CF30
CF30
C030
C030
3FC0
3FC0
ENDCHAR
STARTCHAR uni00AA
ENCODING 170
SWIDTH 667 0
DWIDTH 12 0
BBX 8 12 0 2
BITMAP
3C
3C
03
03
FF
FF
3F
3F
00
00
FF
FF
ENDCHAR
STARTCHAR uni00AB
ENCODING 171
SWIDTH 667 0
DWIDTH 12 0
BBX 12 10 0 2
BITMAP
0C30
0C30
30C0
30C0
C300
C300
30C0
30C0
0C30
0C30
ENDCHAR
STARTCHAR uni00AC
ENCODING 172
SWIDTH 667 0
DWIDTH 12 0
BBX 10 6 0 2
BITMAP
FFC0
FFC0
00C0
00C0
00C0
00C0
ENDCHAR
STARTCHAR uni00AE
ENCODING 174
SWIDTH 667 0
DWIDTH 12 0
BBX 14 14 0 0
BITMAP
0FC0
0FC0
3330
3330
CCCC
CCCC
CF0C
CF0C
CCCC
CCCC
3030
3030
0FC0
0FC0
ENDCHAR
STARTCHAR uni00AF
ENCODING 175
SWIDTH 667 0
DWIDTH 12 0
BBX 10 2 0 12
BITMAP
FFC0
FFC0
ENDCHAR
STARTCHAR uni00B0
ENCODING 176
SWIDTH 667 0
DWIDTH 12 0
BBX 8 8 0 6
BITMAP
3C
3C
C3
C3
C3
C3
3C
3C
ENDCHAR
STARTCHAR uni00B1
ENCODING 177
SWIDTH 667 0
DWIDTH 12 0
BBX 10 14 0 0
BITMAP
0C00
0C00
0C00
0C00
FFC0
FFC0
0C00
0C00
0C00
0C00
0000
0000
FFC0
FFC0
ENDCHAR
STARTCHAR uni00B2
ENCODING 178
SWIDTH 667 0
DWIDTH 12 0
BBX 8 10 0 4
BITMAP
3C
3C
C3
C3
0C
0C
30
30
FF
FF
ENDCHAR
STARTCHAR uni00B3
ENCODING 179
SWIDTH 667 0
DWIDTH 12 0
BBX 8 10 0 4
BITMAP
3C
3C
C3
C3
0C
0C
C3
C3
3C
3C
ENDCHAR
STARTCHAR uni00B4
ENCODING 180
SWIDTH 667 0
DWIDTH 12 0
BBX 4 4 2 10
BITMAP
30
30
C0
C0
ENDCHAR
STARTCHAR uni00B5
ENCODING 181
SWIDTH 667 0
DWIDTH 12 0
BBX 10 12 0 -2
BITMAP
C0C0
C0C0
C0C0
C0C0
C0C0
C0C0
C0C0
C0C0
FF00
FF00
C000
C000
ENDCHAR
STARTCHAR uni00B6
ENCODING 182
SWIDTH 667 0
DWIDTH 12 0
BBX 12 14 0 0
BITMAP
0FF0
0FF0
3CC0
3CC0
FCC0
FCC0
3CC0
3CC0
0CC0
0CC0
0CC0
0CC0
0CC0
0CC0
ENDCHAR
STARTCHAR uni00B7
ENCODING 183
SWIDTH 667 0
DWIDTH 12 0
BBX 2 2 4 6
BITMAP
C0
C0
ENDCHAR
STARTCHAR uni00B8
ENCODING 184
SWIDTH 667 0
DWIDTH 12 0
BBX 6 6 0 -2
BITMAP
30
30
0C
0C
F0
F0
ENDCHAR
STARTCHAR uni00B9
ENCODING 185
SWIDTH 667 0
DWIDTH 12 0
BBX 6 10 0 4
BITMAP
30
30
F0
F0
30
30
30
30
FC
FC
ENDCHAR
STARTCHAR uni00BA
ENCODING 186
SWIDTH 667 0
DWIDTH 12 0
BBX 8 12 0 2
BITMAP
3C
3C
C3
C3
C3
C3
3C
3C
00
00
FF
FF
ENDCHAR
STARTCHAR uni00BB
ENCODING 187
SWIDTH 667 0
DWIDTH 12 0
BBX 12 10 0 2
BITMAP
C300
C300
30C0
30C0
0C30
0C30
30C0
30C0
C300
C300
ENDCHAR
STARTCHAR uni00BC
ENCODING 188
SWIDTH 667 0
DWIDTH 12 0
BBX 14 14 0 0
BITMAP
3030
3030
F0C0
F0C0
30C0
30C0
333C
333C
0CCC
0CCC
0CFC
0CFC
300C
300C
ENDCHAR
STARTCHAR uni00BD
ENCODING 189
SWIDTH 667 0
DWIDTH 12 0
BBX 14 14 0 0
BITMAP
3030
3030
F0C0
F0C0
30C0
30C0
333C
333C
0C0C
0C0C
0C30
0C30
303C
303C
ENDCHAR
STARTCHAR uni00BE
ENCODING 190
SWIDTH 667 0
DWIDTH 12 0
BBX 14 14 0 0
BITMAP
FC30
FC30
30C0
30C0
0CC0
0CC0
F33C
F33C
0CCC
0CCC
0CFC
0CFC
300C
300C
ENDCHAR
STARTCHAR uni00BF
ENCODING 191
SWIDTH 667 0
DWIDTH 12 0
BBX 10 14 0 -2
BITMAP
0C00
0C00
0000
0000
0C00
0C00
3000
3000
C000
C000
C0C0
C0C0
3F00
3F00
ENDCHAR
STARTCHAR uni00C0
ENCODING 192
SWIDTH 667 0
DWIDTH 12 0
BBX 10 20 0 0
BITMAP
3000
3000
0C00
0C00
0000
0000
3F00
3F00
C0C0
C0C0
FFC0
FFC0
C0C0
C0C0
C0C0
C0C0
C0C0
C0C0
C0C0
C0C0
ENDCHAR
STARTCHAR uni00C1
ENCODING 193
SWIDTH 667 0
DWIDTH 12 0
BBX 10 20 0 0
BITMAP
0300
0300
0C00
0C00
0000
0000
3F00
3F00
C0C0
C0C0
FFC0
FFC0
C0C0
C0C0
C0C0
C0C0
C0C0
C0C0
C0C0
C0C0
ENDCHAR
STARTCHAR uni00C2
ENCODING 194
SWIDTH 667 0
DWIDTH 12 0
BBX 10 20 0 0
BITMAP
0C00
0C00
3300
3300
0000
0000
3F00
3F00
C0C0
C0C0
FFC0
FFC0
C0C0
C0C0
C0C0
C0C0
C0C0
C0C0
C0C0
C0C0
ENDCHAR
STARTCHAR uni00C3
ENCODING 195
SWIDTH 667 0
DWIDTH 12 0
BBX 10 20 0 0
BITMAP
0CC0
0CC0
3300
3300
0000
0000
3F00
3F00
C0C0
C0C0
FFC0
FFC0
C0C0
C0C0
C0C0
C0C0
C0C0
C0C0
C0C0
C0C0
ENDCHAR
STARTCHAR uni00C4
ENCODING 196
SWIDTH 667 0
DWIDTH 12 0
BBX 10 18 0 0
BITMAP
3300
3300
0000
0000
3F00
3F00
C0C0
C0C0
FFC0
FFC0
C0C0
C0C0
C0C0
C0C0
C0C0
C0C0
C0C0
C0C0
ENDCHAR
STARTCHAR uni00C5
ENCODING 197
SWIDTH 667 0
DWIDTH 12 0
BBX 10 20 0 0
BITMAP
0C00
0C00
3300
3300
0C00
0C00
3F00
3F00
C0C0
C0C0
FFC0
FFC0
C0C0
C0C0
C0C0
C0C0
C0C0
C0C0
C0C0
C0C0
ENDCHAR
STARTCHAR uni00C6
ENCODING 198
SWIDTH 667 0
DWIDTH 12 0
BBX 10 14 0 0
BITMAP
3FC0
3FC0
CC00
CC00
FF00
FF00
CC00
CC00
CC00
CC00
CC00
CC00
CFC0
CFC0
ENDCHAR
STARTCHAR uni00C7
ENCODING 199
SWIDTH 667 0
DWIDTH 12 0
BBX 10 18 0 -4
BITMAP
3F00
3F00
C0C0
C0C0
C000
C000
C000
C000
C000
C000
C0C0
C0C0
3F00
3F00
0300
0300
0C00
0C00
ENDCHAR
STARTCHAR uni00C8
ENCODING 200
SWIDTH 667 0
DWIDTH 12 0
BBX 10 20 0 0
BITMAP
3000
3000
0C00
0C00
0000
0000
FFC0
FFC0
C000
C000
FC00
FC00
C000
C000
C000
C000
C000
C000
FFC0
FFC0
ENDCHAR
STARTCHAR uni00C9
ENCODING 201
SWIDTH 667 0
DWIDTH 12 0
BBX 10 20 0 0
BITMAP
0300
0300
0C00
0C00
0000
0000
FFC0
FFC0
C000
C000
FC00
FC00
C000
C000
C000
C000
C000
C000
FFC0
FFC0
ENDCHAR
STARTCHAR uni00CA
ENCODING 202
SWIDTH 667 0
DWIDTH 12 0
BBX 10 20 0 0
BITMAP
0C00
0C00
3300
3300
0000
0000
FFC0
FFC0
C000
C000
FC00
FC00
C000
C000
C000
C000
C000
C000
FFC0
FFC0
ENDCHAR
STARTCHAR uni00CB
ENCODING 203
SWIDTH 667 0
DWIDTH 12 0
BBX 10 18 0 0
BITMAP
3300
3300
0000
0000
FFC0
FFC0
C000
C000
FC00
FC00
C000
C000
C000
C000
C000
C000
FFC0
FFC0
ENDCHAR
STARTCHAR uni00CC
ENCODING 204
SWIDTH 667 0
DWIDTH 12 0
BBX 6 20 2 0
BITMAP
C0
C0
30
30
00
00
FC
FC
30
30
30
30
30
30
30
30
30
30
FC
FC
ENDCHAR
STARTCHAR uni00CD
ENCODING 205
SWIDTH 667 0
DWIDTH 12 0
BBX 6 20 2 0
BITMAP
0C
0C
30
30
00
00
FC
FC
30
30
30
30
30
30
30
30
30
30
FC
FC
ENDCHAR
STARTCHAR uni00CE
ENCODING 206
SWIDTH 667 0
DWIDTH 12 0
BBX 6 20 2 0
BITMAP
30
30
CC
CC
00
00
FC
FC
30
30
30
30
30
30
30
30
30
30
FC
FC
ENDCHAR
STARTCHAR uni00CF
ENCODING 207
SWIDTH 667 0
DWIDTH 12 0
BBX 6 18 2 0
BITMAP
CC
CC
00
00
FC
FC
30
30
30
30
30
30
30
30
30
30
FC
FC
ENDCHAR
STARTCHAR uni00D0
ENCODING 208
SWIDTH 667 0
DWIDTH 12 0
BBX 12 14 0 0
BITMAP
3FC0
3FC0
3030
3030
FC30
FC30
3030
3030
3030
3030
3030
3030
3FC0
3FC0
ENDCHAR
STARTCHAR uni00D1
ENCODING 209
SWIDTH 667 0
DWIDTH 12 0
BBX 10 20 0 0
BITMAP
0CC0
0CC0
3300
3300
0000
0000
C0C0
C0C0
F0C0
F0C0
CCC0
CCC0
C3C0
C3C0
C0C0
C0C0
C0C0
C0C0
C0C0
C0C0
ENDCHAR
STARTCHAR uni00D2
ENCODING 210
SWIDTH 667 0
DWIDTH 12 0
BBX 10 20 0 0
BITMAP
3000
3000
0C00
0C00
0000
0000
3F00
3F00
C0C0
C0C0
C0C0
C0C0
C0C0
C0C0
C0C0
C0C0
C0C0
C0C0
3F00
3F00
ENDCHAR
STARTCHAR uni00D3
ENCODING 211
SWIDTH 667 0
DWIDTH 12 0
BBX 10 20 0 0
BITMAP
0300
0300
0C00
0C00
0000
0000
3F00
3F00
C0C0
C0C0
C0C0
C0C0
C0C0
C0C0
C0C0
C0C0
C0C0
C0C0
3F00
3F00
ENDCHAR
STARTCHAR uni00D4
ENCODING 212
SWIDTH 667 0
DWIDTH 12 0
BBX 10 20 0 0
BITMAP
0C00
0C00
3300
3300
0000
0000
3F00
3F00
C0C0
C0C0
C0C0
C0C0
C0C0
C0C0
C0C0
C0C0
C0C0
C0C0
3F00
3F00
ENDCHAR
STARTCHAR uni00D5
ENCODING 213
SWIDTH 667 0
DWIDTH 12 0
BBX 10 20 0 0
BITMAP
0CC0
0CC0
3300
3300
0000
0000
3F00
3F00
C0C0
C0C0
C0C0
C0C0
C0C0
C0C0
C0C0
C0C0
C0C0
C0C0
3F00
3F00
ENDCHAR
STARTCHAR uni00D6
ENCODING 214
SWIDTH 667 0
DWIDTH 12 0
BBX 10 18 0 0
BITMAP
3300
3300
0000
0000
3F00
3F00
C0C0
C0C0
C0C0
C0C0
C0C0
C0C0
C0C0
C0C0
C0C0
C0C0
3F00
3F00
ENDCHAR
STARTCHAR uni00D7
ENCODING 215
SWIDTH 667 0
DWIDTH 12 0
BBX 10 10 0 2
BITMAP
C0C0
C0C0
3300
3300
0C00
0C00
3300
3300
C0C0
C0C0
ENDCHAR
STARTCHAR uni00D8
ENCODING 216
SWIDTH 667 0
DWIDTH 12 0
BBX 10 14 0 0
BITMAP
3F00
3F00
C3C0
C3C0
C3C0
C3C0
CCC0
CCC0
F0C0
F0C0
F0C0
F0C0
3F00
3F00
ENDCHAR
STARTCHAR uni00D9
ENCODING 217
SWIDTH 667 0
DWIDTH 12 0
BBX 10 20 0 0
BITMAP
3000
3000
0C00
0C00
0000
0000
C0C0
C0C0
C0C0
C0C0
C0C0
C0C0
C0C0
C0C0
C0C0
C0C0
C0C0
C0C0
3F00
3F00
ENDCHAR
STARTCHAR uni00DA
ENCODING 218
SWIDTH 667 0
DWIDTH 12 0
BBX 10 20 0 0
BITMAP
0300
0300
0C00
0C00
0000
0000
C0C0
C0C0
C0C0
C0C0
C0C0
C0C0
C0C0
C0C0
C0C0
C0C0
C0C0
C0C0
3F00
3F00
ENDCHAR
STARTCHAR uni00DB
ENCODING 219
SWIDTH 667 0
DWIDTH 12 0
BBX 10 20 0 0
BITMAP
0C00
0C00
3300
3300
0000
0000
C0C0
C0C0
C0C0
C0C0
C0C0
C0C0
C0C0
C0C0
C0C0
C0C0
C0C0
C0C0
3F00
3F00
ENDCHAR
STARTCHAR uni00DC
ENCODING 220
SWIDTH 667 0
DWIDTH 12 0
BBX 10 18 0 0
BITMAP
3300
3300
0000
0000
C0C0
C0C0
C0C0
C0C0
C0C0
C0C0
C0C0
C0C0
C0C0
C0C0
C0C0
C0C0
3F00
3F00
ENDCHAR
STARTCHAR uni00DD
ENCODING 221
SWIDTH 667 0
DWIDTH 12 0
BBX 10 20 0 0
BITMAP
0300
0300
0C00
0C00
0000
0000
C0C0
C0C0
3300
3300
0C00
0C00
0C00
0C00
0C00
0C00
0C00
0C00
0C00
0C00
ENDCHAR
STARTCHAR uni00DE
ENCODING 222
SWIDTH 667 0
DWIDTH 12 0
BBX 10 14 0 0
BITMAP
C000
C000
C000
C000
FF00
FF00
C0C0
C0C0
FF00
FF00
C000
C000
C000
C000
ENDCHAR
STARTCHAR uni00DF
ENCODING 223
SWIDTH 667 0
DWIDTH 12 0
BBX 10 16 0 -2
BITMAP
3F00
3F00
C0C0
C0C0
CF00
CF00
C0C0
C0C0
C0C0
C0C0
C0C0
C0C0
CF00
CF00
C000
C000
ENDCHAR
STARTCHAR uni00E0
ENCODING 224
SWIDTH 667 0
DWIDTH 12 0
BBX 10 16 0 0
BITMAP
3000
3000
0C00
0C00
0000
0000
3F00
3F00
00C0
00C0
3FC0
3FC0
C0C0
C0C0
3FC0
3FC0
ENDCHAR
STARTCHAR uni00E1
ENCODING 225
SWIDTH 667 0
DWIDTH 12 0
BBX 10 16 0 0
BITMAP
0300
0300
0C00
0C00
0000
0000
3F00
3F00
00C0
00C0
3FC0
3FC0
C0C0
C0C0
3FC0
3FC0
ENDCHAR
STARTCHAR uni00E2
ENCODING 226
SWIDTH 667 0
DWIDTH 12 0
BBX 10 16 0 0
BITMAP
0C00
0C00
3300
3300
0000
0000
3F00
3F00
00C0
00C0
3FC0
3FC0
C0C0
C0C0
3FC0
3FC0
ENDCHAR
STARTCHAR uni00E3
ENCODING 227
SWIDTH 667 0
DWIDTH 12 0
BBX 10 16 0 0
BITMAP
0CC0
0CC0
3300
3300
0000
0000
3F00
3F00
00C0
00C0
3FC0
3FC0
C0C0
C0C0
3FC0
3FC0
ENDCHAR
STARTCHAR uni00E4
ENCODING 228
SWIDTH 667 0
DWIDTH 12 0
BBX 10 14 0 0
BITMAP
3300
3300
0000
0000
3F00
3F00
00C0
00C0
3FC0
3FC0
C0C0
C0C0
3FC0
3FC0
ENDCHAR
STARTCHAR uni00E5
ENCODING 229
SWIDTH 667 0
DWIDTH 12 0
BBX 10 18 0 0
BITMAP
0C00
0C00
3300
3300
0C00
0C00
0000
0000
3F00
3F00
00C0
00C0
3FC0
3FC0
C0C0
C0C0
3FC0
3FC0
ENDCHAR
STARTCHAR uni00E6
ENCODING 230
SWIDTH 667 0
DWIDTH 12 0
BBX 10 10 0 0
BITMAP
3300
3300
0CC0
0CC0
3FC0
3FC0
CC00
CC00
3FC0
3FC0
ENDCHAR
STARTCHAR uni00E7
ENCODING 231
SWIDTH 667 0
DWIDTH 12 0
BBX 10 14 0 -4
BITMAP
3F00
3F00
C0C0
C0C0
C000
C000
C0C0
C0C0
3F00
3F00
0300
0300
0C00
0C00
ENDCHAR
STARTCHAR uni00E8
ENCODING 232
SWIDTH 667 0
DWIDTH 12 0
BBX 10 16 0 0
BITMAP
3000
3000
0C00
0C00
0000
0000
3F00
3F00
C0C0
C0C0
FFC0
FFC0
C000
C000
3FC0
3FC0
ENDCHAR
STARTCHAR uni00E9
ENCODING 233
SWIDTH 667 0
DWIDTH 12 0
BBX 10 16 0 0
BITMAP
0300
0300
0C00
0C00
0000
0000
3F00
3F00
C0C0
C0C0
FFC0
FFC0
C000
C000
3FC0
3FC0
ENDCHAR
STARTCHAR uni00EA
ENCODING 234
SWIDTH 667 0
DWIDTH 12 0
BBX 10 16 0 0
BITMAP
0C00
0C00
3300
3300
0000
0000
3F00
3F00
C0C0
C0C0
FFC0
FFC0
C000
C000
3FC0
3FC0
ENDCHAR
STARTCHAR uni00EB
ENCODING 235
SWIDTH 667 0
DWIDTH 12 0
BBX 10 14 0 0
BITMAP
3300
3300
0000
0000
3F00
3F00
C0C0
C0C0
FFC0
FFC0
C000
C000
3FC0
3FC0
ENDCHAR
STARTCHAR uni00EC
ENCODING 236
SWIDTH 667 0
DWIDTH 12 0
BBX 8 16 1 0
BITMAP
C0
C0
30
30
00
00
F0
F0
30
30
30
30
30
30
0F
0F
ENDCHAR
STARTCHAR uni00ED
ENCODING 237
SWIDTH 667 0
DWIDTH 12 0
BBX 8 16 1 0
BITMAP
0C
0C
30
30
00
00
F0
F0
30
30
30
30
30
30
0F
0F
ENDCHAR
STARTCHAR uni00EE
ENCODING 238
SWIDTH 667 0
DWIDTH 12 0
BBX 8 16 1 0
BITMAP
30
30
CC
CC
00
00
F0
F0
30
30
30
30
30
30
0F
0F
ENDCHAR
STARTCHAR uni00EF
ENCODING 239
SWIDTH 667 0
DWIDTH 12 0
BBX 8 14 1 0
BITMAP
CC
CC
00
00
F0
F0
30
30
30
30
30
30
0F
0F
ENDCHAR
STARTCHAR uni00F0
ENCODING 240
SWIDTH 667 0
DWIDTH 12 0
BBX 10 14 0 0
BITMAP
3CC0
3CC0
0300
0300
0CC0
0CC0
00C0
00C0
3FC0
3FC0
C0C0
C0C0
3F00
3F00
ENDCHAR
STARTCHAR uni00F1
ENCODING 241
SWIDTH 667 0
DWIDTH 12 0
BBX 10 16 0 0
BITMAP
0CC0
0CC0
3300
3300
0000
0000
FF00
FF00
C0C0
C0C0
C0C0
C0C0
C0C0
C0C0
C0C0
C0C0
ENDCHAR
STARTCHAR uni00F2
ENCODING 242
SWIDTH 667 0
DWIDTH 12 0
BBX 10 16 0 0
BITMAP
3000
3000
0C00
0C00
0000
0000
3F00
3F00
C0C0
C0C0
C0C0
C0C0
C0C0
C0C0
3F00
3F00
ENDCHAR
STARTCHAR uni00F3
ENCODING 243
SWIDTH 667 0
DWIDTH 12 0
BBX 10 16 0 0
BITMAP
0300
0300
0C00
0C00
0000
0000
3F00
3F00
C0C0
C0C0
C0C0
C0C0
C0C0
C0C0
3F00
3F00
ENDCHAR
STARTCHAR uni00F4
ENCODING 244
SWIDTH 667 0
DWIDTH 12 0
BBX 10 16 0 0
BITMAP
0C00
0C00
3300
3300
0000
0000
3F00
3F00
C0C0
C0C0
C0C0
C0C0
C0C0
C0C0
3F00
3F00
ENDCHAR
STARTCHAR uni00F5
ENCODING 245
SWIDTH 667 0
DWIDTH 12 0
BBX 10 16 0 0
BITMAP
0CC0
0CC0
3300
3300
0000
0000
3F00
3F00
C0C0
C0C0
C0C0
C0C0
C0C0
C0C0
3F00
3F00
ENDCHAR
STARTCHAR uni00F6
ENCODING 246
SWIDTH 667 0
DWIDTH 12 0
BBX 10 14 0 0
BITMAP
3300
3300
0000
0000
3F00
3F00
C0C0
C0C0
C0C0
C0C0
C0C0
C0C0
3F00
3F00
ENDCHAR
STARTCHAR uni00F7
ENCODING 247
SWIDTH 667 0
DWIDTH 12 0
BBX 10 10 0 2
BITMAP
0C00
0C00
0000
0000
FFC0
FFC0
0000
0000
0C00
0C00
ENDCHAR
STARTCHAR uni00F8
ENCODING 248
SWIDTH 667 0
DWIDTH 12 0
BBX 10 10 0 0
BITMAP
3F00
3F00
C3C0
C3C0
CCC0
CCC0
F0C0
F0C0
3F00
3F00
ENDCHAR
STARTCHAR uni00F9
ENCODING 249
SWIDTH 667 0
DWIDTH 12 0
BBX 10 16 0 0
BITMAP
3000
3000
0C00
0C00
0000
0000
C0C0
C0C0
C0C0
C0C0
C0C0
C0C0
C0C0
C0C0
3FC0
3FC0
ENDCHAR
STARTCHAR uni00FA
ENCODING 250
SWIDTH 667 0
DWIDTH 12 0
BBX 10 16 0 0
BITMAP
0300
0300
0C00
0C00
0000
0000
C0C0
C0C0
C0C0
C0C0
C0C0
C0C0
C0C0
C0C0
3FC0
3FC0
ENDCHAR
STARTCHAR uni00FB
ENCODING 251
SWIDTH 667 0
DWIDTH 12 0
BBX 10 16 0 0
BITMAP
0C00
0C00
3300
3300
0000
0000
C0C0
C0C0
C0C0
C0C0
C0C0
C0C0
C0C0
C0C0
3FC0
3FC0
ENDCHAR
STARTCHAR uni00FC
ENCODING 252
SWIDTH 667 0
DWIDTH 12 0
BBX 10 14 0 0
BITMAP
3300
3300
0000
0000
C0C0
C0C0
C0C0
C0C0
C0C0
C0C0
C0C0
C0C0
3FC0
3FC0
ENDCHAR
STARTCHAR uni00FD
ENCODING 253
SWIDTH 667 0
DWIDTH 12 0
BBX 10 18 0 -2
BITMAP
0300
0300
0C00
0C00
0000
0000
C0C0
C0C0
C0C0
C0C0
C0C0
C0C0
3FC0
3FC0
00C0
00C0
FF00
FF00
ENDCHAR
STARTCHAR uni00FE
ENCODING 254
SWIDTH 667 0
DWIDTH 12 0
BBX 10 16 0 -2
BITMAP
C000
C000
C000
C000
FF00
FF00
C0C0
C0C0
C0C0
C0C0
FF00
FF00
C000
C000
C000
C000
ENDCHAR
STARTCHAR uni00FF
ENCODING 255
SWIDTH 667 0
DWIDTH 12 0
BBX 10 16 0 -2
BITMAP
3300
3300
0000
0000
C0C0
C0C0
C0C0
C0C0
C0C0
C0C0
3FC0
3FC0
00C0
00C0
FF00
FF00
ENDCHAR
STARTCHAR uni0100
ENCODING 256
SWIDTH 667 0
DWIDTH 12 0
BBX 10 18 0 0
BITMAP
3F00
3F00
0000
0000
3F00
3F00
C0C0
C0C0
FFC0
FFC0
C0C0
C0C0
C0C0
C0C0
C0C0
C0C0
C0C0
C0C0
ENDCHAR
STARTCHAR uni0101
ENCODING 257
SWIDTH 667 0
DWIDTH 12 0
BBX 10 14 0 0
BITMAP
3F00
3F00
0000
0000
3F00
3F00
00C0
00C0
3FC0
3FC0
C0C0
C0C0
3FC0
3FC0
ENDCHAR
STARTCHAR uni0102
ENCODING 258
SWIDTH 667 0
DWIDTH 12 0
BBX 10 20 0 0
BITMAP
30C0
30C0
0F00
0F00
0000
0000
3F00
3F00
C0C0
C0C0
FFC0
FFC0
C0C0
C0C0
C0C0
C0C0
C0C0
C0C0
C0C0
C0C0
ENDCHAR
STARTCHAR uni0103
ENCODING 259
SWIDTH 667 0
DWIDTH 12 0
BBX 10 16 0 0
BITMAP
30C0
30C0
0F00
0F00
0000
0000
3F00
3F00
00C0
00C0
3FC0
3FC0
C0C0
C0C0
3FC0
3FC0
ENDCHAR
STARTCHAR uni0104
ENCODING 260
SWIDTH 667 0
DWIDTH 12 0
BBX 10 18 0 -4
BITMAP
3F00
3F00
C0C0
C0C0
FFC0
FFC0
C0C0
C0C0
C0C0
C0C0
C0C0
C0C0
C0C0
C0C0
0300
0300
00C0
00C0
ENDCHAR
STARTCHAR uni0105
ENCODING 261
SWIDTH 667 0
DWIDTH 12 0
BBX 10 14 0 -4
BITMAP
3F00
3F00
00C0
00C0
3FC0
3FC0
C0C0
C0C0
3FC0
3FC0
0300
0300
00C0
00C0
ENDCHAR
STARTCHAR uni0106
ENCODING 262
SWIDTH 667 0
DWIDTH 12 0
BBX 10 20 0 0
BITMAP
0300
0300
0C00
0C00
0000
0000
3F00
3F00
C0C0
C0C0
C000
C000
C000
C000
C000
C000
C0C0
C0C0
3F00
3F00
ENDCHAR
STARTCHAR uni0107
ENCODING 263
SWIDTH 667 0
DWIDTH 12 0
BBX 10 16 0 0
BITMAP
0300
0300
0C00
0C00
0000
0000
3F00
3F00
C0C0
C0C0
C000
C000
C0C0
C0C0
3F00
3F00
ENDCHAR
STARTCHAR uni0108
ENCODING 264
SWIDTH 667 0
DWIDTH 12 0
BBX 10 20 0 0
BITMAP
0C00
0C00
3300
3300
0000
0000
3F00
3F00
C0C0
C0C0
C000
C000
C000
C000
C000
C000
C0C0
C0C0
3F00
3F00
ENDCHAR
STARTCHAR uni0109
ENCODING 265
SWIDTH 667 0
DWIDTH 12 0
BBX 10 16 0 0
BITMAP
0C00
0C00
3300
3300
0000
0000
3F00
3F00
C0C0
C0C0
C000
C000
C0C0
C0C0
3F00
3F00
ENDCHAR
STARTCHAR uni010A
ENCODING 266
SWIDTH 667 0
DWIDTH 12 0
BBX 10 18 0 0
BITMAP
0C00
0C00
0000
0000
3F00
3F00
C0C0
C0C0
C000
C000
C000
C000
C000
C000
C0C0
C0C0
3F00
3F00
ENDCHAR
STARTCHAR uni010B
ENCODING 267
SWIDTH 667 0
DWIDTH 12 0
BBX 10 14 0 0
BITMAP
0C00
0C00
0000
0000
3F00
3F00
C0C0
C0C0
C000
C000
C0C0
C0C0
3F00
3F00
ENDCHAR
STARTCHAR uni010C
ENCODING 268
SWIDTH 667 0
DWIDTH 12 0
BBX 10 20 0 0
BITMAP
3300
3300
0C00
0C00
0000
0000
3F00
3F00
C0C0
C0C0
C000
C000
C000
C000
C000
C000
C0C0
C0C0
3F00
3F00
ENDCHAR
STARTCHAR uni010D
ENCODING 269
SWIDTH 667 0
DWIDTH 12 0
BBX 10 16 0 0
BITMAP
3300
3300
0C00
0C00
0000
0000
3F00
3F00
C0C0
C0C0
C000
C000
C0C0
C0C0
3F00
3F00
ENDCHAR
STARTCHAR uni010E
ENCODING 270
SWIDTH 667 0
DWIDTH 12 0
BBX 10 20 0 0
BITMAP
3300
3300
0C00
0C00
0000
0000
FF00
FF00
C0C0
C0C0
C0C0
C0C0
C0C0
C0C0
C0C0
C0C0
C0C0
C0C0
FF00
FF00
ENDCHAR
STARTCHAR uni010F
ENCODING 271
SWIDTH 667 0
DWIDTH 12 0
BBX 12 14 0 0
BITMAP
0330
0330
0330
0330
3F00
3F00
C300
C300
C300
C300
C300
C300
3F00
3F00
ENDCHAR
STARTCHAR uni0112
ENCODING 274
SWIDTH 667 0
DWIDTH 12 0
BBX 10 18 0 0
BITMAP
3F00
3F00
0000
0000
FFC0
FFC0
C000
C000
FC00
FC00
C000
C000
C000
C000
C000
C000
FFC0
FFC0
ENDCHAR
STARTCHAR uni0113
ENCODING 275
SWIDTH 667 0
DWIDTH 12 0
BBX 10 14 0 0
BITMAP
3F00
3F00
0000
0000
3F00
3F00
C0C0
C0C0
FFC0
FFC0
C000
C000
3FC0
3FC0
ENDCHAR
STARTCHAR uni0114
ENCODING 276
SWIDTH 667 0
DWIDTH 12 0
BBX 10 20 0 0
BITMAP
30C0
30C0
0F00
0F00
0000
0000
FFC0
FFC0
C000
C000
FC00
FC00
C000
C000
C000
C000
C000
C000
FFC0
FFC0
ENDCHAR
STARTCHAR uni0115
ENCODING 277
SWIDTH 667 0
DWIDTH 12 0
BBX 10 16 0 0
BITMAP
30C0
30C0
0F00
0F00
0000
0000
3F00
3F00
C0C0
C0C0
FFC0
FFC0
C000
C000
3FC0
3FC0
ENDCHAR
STARTCHAR uni0116
ENCODING 278
SWIDTH 667 0
DWIDTH 12 0
BBX 10 18 0 0
BITMAP
0C00
0C00
0000
0000
FFC0
FFC0
C000
C000
FC00
FC00
C000
C000
C000
C000
C000
C000
FFC0
FFC0
ENDCHAR
STARTCHAR uni0117
ENCODING 279
SWIDTH 667 0
DWIDTH 12 0
BBX 10 14 0 0
BITMAP
0C00
0C00
0000
0000
3F00
3F00
C0C0
C0C0
FFC0
FFC0
C000
C000
3FC0
3FC0
ENDCHAR
STARTCHAR uni0118
ENCODING 280
SWIDTH 667 0
DWIDTH 12 0
BBX 10 18 0 -4
BITMAP
FFC0
FFC0
C000
C000
FC00
FC00
C000
C000
C000
C000
C000
C000
FFC0
FFC0
0300
0300
00C0
00C0
ENDCHAR
STARTCHAR uni0119
ENCODING 281
SWIDTH 667 0
DWIDTH 12 0
BBX 10 14 0 -4
BITMAP
3F00
3F00
C0C0
C0C0
FFC0
FFC0
C000
C000
3FC0
3FC0
0300
0300
00C0
00C0
ENDCHAR
STARTCHAR uni011A
ENCODING 282
SWIDTH 667 0
DWIDTH 12 0
BBX 10 20 0 0
BITMAP
3300
3300
0C00
0C00
0000
0000
FFC0
FFC0
C000
C000
FC00
FC00
C000
C000
C000
C000
C000
C000
FFC0
FFC0
ENDCHAR
STARTCHAR uni011B
ENCODING 283
SWIDTH 667 0
DWIDTH 12 0
BBX 10 16 0 0
BITMAP
3300
3300
0C00
0C00
0000
0000
3F00
3F00
C0C0
C0C0
FFC0
FFC0
C000
C000
3FC0
3FC0
ENDCHAR
STARTCHAR uni011C
ENCODING 284
SWIDTH 667 0
DWIDTH 12 0
BBX 10 20 0 0
BITMAP
0C00
0C00
3300
3300
0000
0000
3FC0
3FC0
C000
C000
C3C0
C3C0
C0C0
C0C0
C0C0
C0C0
C0C0
C0C0
3F00
3F00
ENDCHAR
STARTCHAR uni011D
ENCODING 285
SWIDTH 667 0
DWIDTH 12 0
BBX 10 18 0 -2
BITMAP
0C00
0C00
3300
3300
0000
0000
3FC0
3FC0
C0C0
C0C0
C0C0
C0C0
3FC0
3FC0
00C0
00C0
FF00
FF00
ENDCHAR
STARTCHAR uni011E
ENCODING 286
SWIDTH 667 0
DWIDTH 12 0
BBX 10 20 0 0
BITMAP
30C0
30C0
0F00
0F00
0000
0000
3FC0
3FC0
C000
C000
C3C0
C3C0
C0C0
C0C0
C0C0
C0C0
C0C0
C0C0
3F00
3F00
ENDCHAR
STARTCHAR uni011F
ENCODING 287
SWIDTH 667 0
DWIDTH 12 0
BBX 10 18 0 -2
BITMAP
30C0
30C0
0F00
0F00
0000
0000
3FC0
3FC0
C0C0
C0C0
C0C0
C0C0
3FC0
3FC0
00C0
00C0
FF00
FF00
ENDCHAR
STARTCHAR uni0120
ENCODING 288
SWIDTH 667 0
DWIDTH 12 0
BBX 10 18 0 0
BITMAP
0C00
0C00
0000
0000
3FC0
3FC0
C000
C000
C3C0
C3C0
C0C0
C0C0
C0C0
C0C0
C0C0
C0C0
3F00
3F00
ENDCHAR
STARTCHAR uni0121
ENCODING 289
SWIDTH 667 0
DWIDTH 12 0
BBX 10 16 0 -2
BITMAP
0C00
0C00
0000
0000
3FC0
3FC0
C0C0
C0C0
C0C0
C0C0
3FC0
3FC0
00C0
00C0
FF00
FF00
ENDCHAR
STARTCHAR uni0122
ENCODING 290
SWIDTH 667 0
DWIDTH 12 0
BBX 10 18 0 -4
BITMAP
3FC0
3FC0
C000
C000
C3C0
C3C0
C0C0
C0C0
C0C0
C0C0
C0C0
C0C0
3F00
3F00
0C00
0C00
3000
3000
ENDCHAR
STARTCHAR uni0123
ENCODING 291
SWIDTH 667 0
DWIDTH 12 0
BBX 10 18 0 -2
BITMAP
0300
0300
0C00
0C00
0000
0000
3FC0
3FC0
C0C0
C0C0
C0C0
C0C0
3FC0
3FC0
00C0
00C0
FF00
FF00
ENDCHAR
STARTCHAR uni0124
ENCODING 292
SWIDTH 667 0
DWIDTH 12 0
BBX 10 20 0 0
BITMAP
0C00
0C00
3300
3300
0000
0000
C0C0
C0C0
C0C0
C0C0
FFC0
FFC0
C0C0
C0C0
C0C0
C0C0
C0C0
C0C0
C0C0
C0C0
ENDCHAR
STARTCHAR uni0125
ENCODING 293
SWIDTH 667 0
DWIDTH 12 0
BBX 10 20 0 0
BITMAP
0C00
0C00
3300
3300
0000
0000
C000
C000
C000
C000
CF00
CF00
F0C0
F0C0
C0C0
C0C0
C0C0
C0C0
C0C0
C0C0
ENDCHAR
STARTCHAR uni0128
ENCODING 296
SWIDTH 667 0
DWIDTH 12 0
BBX 8 20 2 0
BITMAP
33
33
CC
CC
00
00
FC
FC
30
30
30
30
30
30
30
30
30
30
FC
FC
ENDCHAR
STARTCHAR uni0129
ENCODING 297
SWIDTH 667 0
DWIDTH 12 0
BBX 8 16 1 0
BITMAP
33
33
CC
CC
00
00
F0
F0
30
30
30
30
30
30
0F
0F
ENDCHAR
STARTCHAR uni012A
ENCODING 298
SWIDTH 667 0
DWIDTH 12 0
BBX 6 18 2 0
BITMAP
FC
FC
00
00
FC
FC
30
30
30
30
30
30
30
30
30
30
FC
FC
ENDCHAR
STARTCHAR uni012B
ENCODING 299
SWIDTH 667 0
DWIDTH 12 0
BBX 8 14 1 0
BITMAP
FC
FC
00
00
F0
F0
30
30
30
30
30
30
0F
0F
ENDCHAR
STARTCHAR uni012C
ENCODING 300
SWIDTH 667 0
DWIDTH 12 0
BBX 8 20 2 0
BITMAP
C3
C3
3C
3C
00
00
FC
FC
30
30
30
30
30
30
30
30
30
30
FC
FC
ENDCHAR
STARTCHAR uni012D
ENCODING 301
SWIDTH 667 0
DWIDTH 12 0
BBX 8 16 1 0
BITMAP
C3
C3
3C
3C
00
00
F0
F0
30
30
30
30
30
30
0F
0F
ENDCHAR
STARTCHAR uni0130
ENCODING 304
SWIDTH 667 0
DWIDTH 12 0
BBX 6 18 2 0
BITMAP
30
30
00
00
FC
FC
30
30
30
30
30
30
30
30
30
30
FC
FC
ENDCHAR
STARTCHAR uni0131
ENCODING 305
SWIDTH 667 0
DWIDTH 12 0
BBX 8 10 1 0
BITMAP
F0
F0
30
30
30
30
30
30
0F
0F
ENDCHAR
STARTCHAR uni0132
ENCODING 306
SWIDTH 667 0
DWIDTH 12 0
BBX 10 14 0 0
BITMAP
C0C0
C0C0
C0C0
C0C0
C0C0
C0C0
C0C0
C0C0
00C0
00C0
C0C0
C0C0
3F00
3F00
ENDCHAR
STARTCHAR uni0133
ENCODING 307
SWIDTH 667 0
DWIDTH 12 0
BBX 8 16 0 -2
BITMAP
C3
C3
00
00
C3
C3
C3
C3
C3
C3
C3
C3
03
03
FC
FC
ENDCHAR
STARTCHAR uni0134
ENCODING 308
SWIDTH 667 0
DWIDTH 12 0
BBX 10 20 0 0
BITMAP
0C00
0C00
3300
3300
0000
0000
00C0
00C0
00C0
00C0
00C0
00C0
00C0
00C0
00C0
00C0
C0C0
C0C0
3F00
3F00
ENDCHAR
STARTCHAR uni0135
ENCODING 309
SWIDTH 667 0
DWIDTH 12 0
BBX 10 18 0 -2
BITMAP
0C00
0C00
3300
3300
0000
0000
00C0
00C0
00C0
00C0
00C0
00C0
C0C0
C0C0
C0C0
C0C0
3F00
3F00
ENDCHAR
STARTCHAR uni0136
ENCODING 310
SWIDTH 667 0
DWIDTH 12 0
BBX 10 18 0 -4
BITMAP
C0C0
C0C0
C300
C300
FC00
FC00
C300
C300
C0C0
C0C0
C0C0
C0C0
C0C0
C0C0
0C00
0C00
3000
3000
ENDCHAR
STARTCHAR uni0137
ENCODING 311
SWIDTH 667 0
DWIDTH 12 0
BBX 8 18 1 -4
BITMAP
C0
C0
C0
C0
C3
C3
CC
CC
F0
F0
CC
CC
C3
C3
0C
0C
30
30
ENDCHAR
STARTCHAR uni0138
ENCODING 312
SWIDTH 667 0
DWIDTH 12 0
BBX 8 10 0 0
BITMAP
C3
C3
CC
CC
F0
F0
CC
CC
C3
C3
ENDCHAR
STARTCHAR uni0139
ENCODING 313
SWIDTH 667 0
DWIDTH 12 0
BBX 10 20 0 0
BITMAP
0300
0300
0C00
0C00
0000
0000
C000
C000
C000
C000
C000
C000
C000
C000
C000
C000
C000
C000
FFC0
FFC0
ENDCHAR
STARTCHAR uni013A
ENCODING 314
SWIDTH 667 0
DWIDTH 12 0
BBX 8 20 1 0
BITMAP
0C
0C
30
30
00
00
F0
F0
30
30
30
30
30
30
30
30
30
30
0F
0F
ENDCHAR
STARTCHAR uni013B
ENCODING 315
SWIDTH 667 0
DWIDTH 12 0
BBX 10 18 0 -4
BITMAP
C000
C000
C000
C000
C000
C000
C000
C000
C000
C000
C000
C000
FFC0
FFC0
0300
0300
0C00
0C00
ENDCHAR
STARTCHAR uni013C
ENCODING 316
SWIDTH 667 0
DWIDTH 12 0
BBX 8 18 1 -4
BITMAP
F0
F0
30
30
30
30
30
30
30
30
30
30
0F
0F
0C
0C
30
30
ENDCHAR
STARTCHAR uni013D
ENCODING 317
SWIDTH 667 0
DWIDTH 12 0
BBX 10 20 0 0
BITMAP
3300
3300
0C00
0C00
0000
0000
C000
C000
C000
C000
C000
C000
C000
C000
C000
C000
C000
C000
FFC0
FFC0
ENDCHAR
STARTCHAR uni013E
ENCODING 318
SWIDTH 667 0
DWIDTH 12 0
BBX 8 20 1 0
BITMAP
CC
CC
30
30
00
00
F0
F0
30
30
30
30
30
30
30
30
30
30
0F
0F
ENDCHAR
STARTCHAR uni0141
ENCODING 321
SWIDTH 667 0
DWIDTH 12 0
BBX 10 14 0 0
BITMAP
3000
3000
3000
3000
3300
3300
3C00
3C00
F000
F000
3000
3000
3FC0
3FC0
ENDCHAR
STARTCHAR uni0142
ENCODING 322
SWIDTH 667 0
DWIDTH 12 0
BBX 8 14 1 0
BITMAP
F0
F0
30
30
33
33
3C
3C
F0
F0
30
30
0F
0F
ENDCHAR
STARTCHAR uni0143
ENCODING 323
SWIDTH 667 0
DWIDTH 12 0
BBX 10 20 0 0
BITMAP
0300
0300
0C00
0C00
0000
0000
C0C0
C0C0
F0C0
F0C0
CCC0
CCC0
C3C0
C3C0
C0C0
C0C0
C0C0
C0C0
C0C0
C0C0
ENDCHAR
STARTCHAR uni0144
ENCODING 324
SWIDTH 667 0
DWIDTH 12 0
BBX 10 16 0 0
BITMAP
0300
0300
0C00
0C00
0000
0000
FF00
FF00
C0C0
C0C0
C0C0
C0C0
C0C0
C0C0
C0C0
C0C0
ENDCHAR
STARTCHAR uni0145
ENCODING 325
SWIDTH 667 0
DWIDTH 12 0
BBX 10 18 0 -4
BITMAP
C0C0
C0C0
F0C0
F0C0
CCC0
CCC0
C3C0
C3C0
C0C0
C0C0
C0C0
C0C0
C0C0
C0C0
0C00
0C00
3000
3000
ENDCHAR
STARTCHAR uni0146
ENCODING 326
SWIDTH 667 0
DWIDTH 12 0
BBX 10 14 0 -4
BITMAP
FF00
FF00
C0C0
C0C0
C0C0
C0C0
C0C0
C0C0
C0C0
C0C0
0C00
0C00
3000
3000
ENDCHAR
STARTCHAR uni0147
ENCODING 327
SWIDTH 667 0
DWIDTH 12 0
BBX 10 20 0 0
BITMAP
3300
3300
0C00
0C00
0000
0000
C0C0
C0C0
F0C0
F0C0
CCC0
CCC0
C3C0
C3C0
C0C0
C0C0
C0C0
C0C0
C0C0
C0C0
ENDCHAR
STARTCHAR uni0148
ENCODING 328
SWIDTH 667 0
DWIDTH 12 0
BBX 10 16 0 0
BITMAP
3300
3300
0C00
0C00
0000
0000
FF00
FF00
C0C0
C0C0
C0C0
C0C0
C0C0
C0C0
C0C0
C0C0
ENDCHAR
STARTCHAR uni014C
ENCODING 332
SWIDTH 667 0
DWIDTH 12 0
BBX 10 18 0 0
BITMAP
3F00
3F00
0000
0000
3F00
3F00
C0C0
C0C0
C0C0
C0C0
C0C0
C0C0
C0C0
C0C0
C0C0
C0C0
3F00
3F00
ENDCHAR
STARTCHAR uni014D
ENCODING 333
SWIDTH 667 0
DWIDTH 12 0
BBX 10 14 0 0
BITMAP
3F00
3F00
0000
0000
3F00
3F00
C0C0
C0C0
C0C0
C0C0
C0C0
C0C0
3F00
3F00
ENDCHAR
STARTCHAR uni014E
ENCODING 334
SWIDTH 667 0
DWIDTH 12 0
BBX 10 20 0 0
BITMAP
30C0
30C0
0F00
0F00
0000
0000
3F00
3F00
C0C0
C0C0
C0C0
C0C0
C0C0
C0C0
C0C0
C0C0
C0C0
C0C0
3F00
3F00
ENDCHAR
STARTCHAR uni014F
ENCODING 335
SWIDTH 667 0
DWIDTH 12 0
BBX 10 16 0 0
BITMAP
30C0
30C0
0F00
0F00
0000
0000
3F00
3F00
C0C0
C0C0
C0C0
C0C0
C0C0
C0C0
3F00
3F00
ENDCHAR
STARTCHAR uni0150
ENCODING 336
SWIDTH 667 0
DWIDTH 12 0
BBX 10 20 0 0
BITMAP
30C0
30C0
C300
C300
0000
0000
3F00
3F00
C0C0
C0C0
C0C0
C0C0
C0C0
C0C0
C0C0
C0C0
C0C0
C0C0
3F00
3F00
ENDCHAR
STARTCHAR uni0151
ENCODING 337
SWIDTH 667 0
DWIDTH 12 0
BBX 10 16 0 0
BITMAP
30C0
30C0
C300
C300
0000
0000
3F00
3F00
C0C0
C0C0
C0C0
C0C0
C0C0
C0C0
3F00
3F00
ENDCHAR
STARTCHAR uni0152
ENCODING 338
SWIDTH 667 0
DWIDTH 12 0
BBX 10 14 0 0
BITMAP
33C0
33C0
CC00
CC00
CF00
CF00
CC00
CC00
CC00
CC00
CC00
CC00
33C0
33C0
ENDCHAR
STARTCHAR uni0153
ENCODING 339
SWIDTH 667 0
DWIDTH 12 0
BBX 10 10 0 0
BITMAP
3300
3300
CCC0
CCC0
CFC0
CFC0
CC00
CC00
33C0
33C0
ENDCHAR
STARTCHAR uni0154
ENCODING 340
SWIDTH 667 0
DWIDTH 12 0
BBX 10 20 0 0
BITMAP
0300
0300
0C00
0C00
0000
0000
FF00
FF00
C0C0
C0C0
FF00
FF00
C0C0
C0C0
C0C0
C0C0
C0C0
C0C0
C0C0
C0C0
ENDCHAR
STARTCHAR uni0155
ENCODING 341
SWIDTH 667 0
DWIDTH 12 0
BBX 10 16 0 0
BITMAP
0300
0300
0C00
0C00
0000
0000
CF00
CF00
F0C0
F0C0
C000
C000
C000
C000
C000
C000
ENDCHAR
STARTCHAR uni0158
ENCODING 344
SWIDTH 667 0
DWIDTH 12 0
BBX 10 20 0 0
BITMAP
3300
3300
0C00
0C00
0000
0000
FF00
FF00
C0C0
C0C0
FF00
FF00
C0C0
C0C0
C0C0
C0C0
C0C0
C0C0
C0C0
C0C0
ENDCHAR
STARTCHAR uni0159
ENCODING 345
SWIDTH 667 0
DWIDTH 12 0
BBX 10 16 0 0
BITMAP
3300
3300
0C00
0C00
0000
0000
CF00
CF00
F0C0
F0C0
C000
C000
C000
C000
C000
C000
ENDCHAR
STARTCHAR uni015A
ENCODING 346
SWIDTH 667 0
DWIDTH 12 0
BBX 10 20 0 0
BITMAP
0300
0300
0C00
0C00
0000
0000
3FC0
3FC0
C000
C000
3F00
3F00
00C0
00C0
00C0
00C0
C0C0
C0C0
3F00
3F00
ENDCHAR
STARTCHAR uni015B
ENCODING 347
SWIDTH 667 0
DWIDTH 12 0
BBX 10 16 0 0
BITMAP
0300
0300
0C00
0C00
0000
0000
3FC0
3FC0
C000
C000
3F00
3F00
00C0
00C0
FF00
FF00
ENDCHAR
STARTCHAR uni015C
ENCODING 348
SWIDTH 667 0
DWIDTH 12 0
BBX 10 20 0 0
BITMAP
0C00
0C00
3300
3300
0000
0000
3FC0
3FC0
C000
C000
3F00
3F00
00C0
00C0
00C0
00C0
C0C0
C0C0
3F00
3F00
ENDCHAR
STARTCHAR uni015D
ENCODING 349
SWIDTH 667 0
DWIDTH 12 0
BBX 10 16 0 0
BITMAP
0C00
0C00
3300
3300
0000
0000
3FC0
3FC0
C000
C000
3F00
3F00
00C0
00C0
FF00
FF00
ENDCHAR
STARTCHAR uni015E
ENCODING 350
SWIDTH 667 0
DWIDTH 12 0
BBX 10 18 0 -4
BITMAP
3FC0
3FC0
C000
C000
3F00
3F00
00C0
00C0
00C0
00C0
C0C0
C0C0
3F00
3F00
0300
0300
0C00
0C00
ENDCHAR
STARTCHAR uni015F
ENCODING 351
SWIDTH 667 0
DWIDTH 12 0
BBX 10 14 0 -4
BITMAP
3FC0
3FC0
C000
C000
3F00
3F00
00C0
00C0
FF00
FF00
0300
0300
0C00
0C00
ENDCHAR
STARTCHAR uni0160
ENCODING 352
SWIDTH 667 0
DWIDTH 12 0
BBX 10 20 0 0
BITMAP
3300
3300
0C00
0C00
0000
0000
3FC0
3FC0
C000
C000
3F00
3F00
00C0
00C0
00C0
00C0
C0C0
C0C0
3F00
3F00
ENDCHAR
STARTCHAR uni0161
ENCODING 353
SWIDTH 667 0
DWIDTH 12 0
BBX 10 16 0 0
BITMAP
3300
3300
0C00
0C00
0000
0000
3FC0
3FC0
C000
C000
3F00
3F00
00C0
00C0
FF00
FF00
ENDCHAR
STARTCHAR uni0164
ENCODING 356
SWIDTH 667 0
DWIDTH 12 0
BBX 10 20 0 0
BITMAP
3300
3300
0C00
0C00
0000
0000
FFC0
FFC0
0C00
0C00
0C00
0C00
0C00
0C00
0C00
0C00
0C00
0C00
0C00
0C00
ENDCHAR
STARTCHAR uni0165
ENCODING 357
SWIDTH 667 0
DWIDTH 12 0
BBX 8 16 1 0
BITMAP
03
03
33
33
30
30
FC
FC
30
30
30
30
30
30
0F
0F
ENDCHAR
STARTCHAR uni0168
ENCODING 360
SWIDTH 667 0
DWIDTH 12 0
BBX 10 20 0 0
BITMAP
0CC0
0CC0
3300
3300
0000
0000
C0C0
C0C0
C0C0
C0C0
C0C0
C0C0
C0C0
C0C0
C0C0
C0C0
C0C0
C0C0
3F00
3F00
ENDCHAR
STARTCHAR uni0169
ENCODING 361
SWIDTH 667 0
DWIDTH 12 0
BBX 10 16 0 0
BITMAP
0CC0
0CC0
3300
3300
0000
0000
C0C0
C0C0
C0C0
C0C0
C0C0
C0C0
C0C0
C0C0
3FC0
3FC0
ENDCHAR
STARTCHAR uni016A
ENCODING 362
SWIDTH 667 0
DWIDTH 12 0
BBX 10 18 0 0
BITMAP
3F00
3F00
0000
0000
C0C0
C0C0
C0C0
C0C0
C0C0
C0C0
C0C0
C0C0
C0C0
C0C0
C0C0
C0C0
3F00
3F00
ENDCHAR
STARTCHAR uni016B
ENCODING 363
SWIDTH 667 0
DWIDTH 12 0
BBX 10 14 0 0
BITMAP
3F00
3F00
0000
0000
C0C0
C0C0
C0C0
C0C0
C0C0
C0C0
C0C0
C0C0
3FC0
3FC0
ENDCHAR
STARTCHAR uni016C
ENCODING 364
SWIDTH 667 0
DWIDTH 12 0
BBX 10 20 0 0
BITMAP
30C0
30C0
0F00
0F00
0000
0000
C0C0
C0C0
C0C0
C0C0
C0C0
C0C0
C0C0
C0C0
C0C0
C0C0
C0C0
C0C0
3F00
3F00
ENDCHAR
STARTCHAR uni016D
ENCODING 365
SWIDTH 667 0
DWIDTH 12 0
BBX 10 16 0 0
BITMAP
30C0
30C0
0F00
0F00
0000
0000
C0C0
C0C0
C0C0
C0C0
C0C0
C0C0
C0C0
C0C0
3FC0
3FC0
ENDCHAR
STARTCHAR uni016E
ENCODING 366
SWIDTH 667 0
DWIDTH 12 0
BBX 10 20 0 0
BITMAP
0C00
0C00
3300
3300
0C00
0C00
C0C0
C0C0
C0C0
C0C0
C0C0
C0C0
C0C0
C0C0
C0C0
C0C0
C0C0
C0C0
3F00
3F00
ENDCHAR
STARTCHAR uni016F
ENCODING 367
SWIDTH 667 0
DWIDTH 12 0
BBX 10 18 0 0
BITMAP
0C00
0C00
3300
3300
0C00
0C00
0000
0000
C0C0
C0C0
C0C0
C0C0
C0C0
C0C0
C0C0
C0C0
3FC0
3FC0
ENDCHAR
STARTCHAR uni0170
ENCODING 368
SWIDTH 667 0
DWIDTH 12 0
BBX 10 20 0 0
BITMAP
30C0
30C0
C300
C300
0000
0000
C0C0
C0C0
C0C0
C0C0
C0C0
C0C0
C0C0
C0C0
C0C0
C0C0
C0C0
C0C0
3F00
3F00
ENDCHAR
STARTCHAR uni0171
ENCODING 369
SWIDTH 667 0
DWIDTH 12 0
BBX 10 16 0 0
BITMAP
30C0
30C0
C300
C300
0000
0000
C0C0
C0C0
C0C0
C0C0
C0C0
C0C0
C0C0
C0C0
3FC0
3FC0
ENDCHAR
STARTCHAR uni0174
ENCODING 372
SWIDTH 667 0
DWIDTH 12 0
BBX 10 20 0 0
BITMAP
0C00
0C00
3300
3300
0000
0000
C0C0
C0C0
C0C0
C0C0
C0C0
C0C0
C0C0
C0C0
CCC0
CCC0
F3C0
F3C0
C0C0
C0C0
ENDCHAR
STARTCHAR uni0175
ENCODING 373
SWIDTH 667 0
DWIDTH 12 0
BBX 10 16 0 0
BITMAP
0C00
0C00
3300
3300
0000
0000
C0C0
C0C0
C0C0
C0C0
CCC0
CCC0
CCC0
CCC0
3FC0
3FC0
ENDCHAR
STARTCHAR uni0176
ENCODING 374
SWIDTH 667 0
DWIDTH 12 0
BBX 10 20 0 0
BITMAP
0C00
0C00
3300
3300
0000
0000
C0C0
C0C0
3300
3300
0C00
0C00
0C00
0C00
0C00
0C00
0C00
0C00
0C00
0C00
ENDCHAR
STARTCHAR uni0177
ENCODING 375
SWIDTH 667 0
DWIDTH 12 0
BBX 10 18 0 -2
BITMAP
0C00
0C00
3300
3300
0000
0000
C0C0
C0C0
C0C0
C0C0
C0C0
C0C0
3FC0
3FC0
00C0
00C0
FF00
FF00
ENDCHAR
STARTCHAR uni0178
ENCODING 376
SWIDTH 667 0
DWIDTH 12 0
BBX 10 18 0 0
BITMAP
3300
3300
0000
0000
C0C0
C0C0
3300
3300
0C00
0C00
0C00
0C00
0C00
0C00
0C00
0C00
0C00
0C00
ENDCHAR
STARTCHAR uni0179
ENCODING 377
SWIDTH 667 0
DWIDTH 12 0
BBX 10 20 0 0
BITMAP
0300
0300
0C00
0C00
0000
0000
FFC0
FFC0
00C0
00C0
0300
0300
0C00
0C00
3000
3000
C000
C000
FFC0
FFC0
ENDCHAR
STARTCHAR uni017A
ENCODING 378
SWIDTH 667 0
DWIDTH 12 0
BBX 10 16 0 0
BITMAP
0300
0300
0C00
0C00
0000
0000
FFC0
FFC0
0300
0300
0C00
0C00
3000
3000
FFC0
FFC0
ENDCHAR
STARTCHAR uni017B
ENCODING 379
SWIDTH 667 0
DWIDTH 12 0
BBX 10 18 0 0
BITMAP
0C00
0C00
0000
0000
FFC0
FFC0
00C0
00C0
0300
0300
0C00
0C00
3000
3000
C000
C000
FFC0
FFC0
ENDCHAR
STARTCHAR uni017C
ENCODING 380
SWIDTH 667 0
DWIDTH 12 0
BBX 10 14 0 0
BITMAP
0C00
0C00
0000
0000
FFC0
FFC0
0300
0300
0C00
0C00
3000
3000
FFC0
FFC0
ENDCHAR
STARTCHAR uni017D
ENCODING 381
SWIDTH 667 0
DWIDTH 12 0
BBX 10 20 0 0
BITMAP
3300
3300
0C00
0C00
0000
0000
FFC0
FFC0
00C0
00C0
0300
0300
0C00
0C00
3000
3000
C000
C000
FFC0
FFC0
ENDCHAR
STARTCHAR uni017E
ENCODING 382
SWIDTH 667 0
DWIDTH 12 0
BBX 10 16 0 0
BITMAP
3300
3300
0C00
0C00
0000
0000
FFC0
FFC0
0300
0300
0C00
0C00
3000
3000
FFC0
FFC0
ENDCHAR
STARTCHAR uni017F
ENCODING 383
SWIDTH 667 0
DWIDTH 12 0
BBX 6 14 2 0
BITMAP
3C
3C
C0
C0
C0
C0
C0
C0
C0
C0
C0
C0
C0
C0
ENDCHAR
STARTCHAR uni0181
ENCODING 385
SWIDTH 667 0
DWIDTH 12 0
BBX 14 14 0 0
BITMAP
3FF0
3FF0
CC0C
CC0C
0FF0
0FF0
0C0C
0C0C
0C0C
0C0C
0C0C
0C0C
0FF0
0FF0
ENDCHAR
STARTCHAR uni0184
ENCODING 388
SWIDTH 667 0
DWIDTH 12 0
BBX 12 14 0 0
BITMAP
3000
3000
F000
F000
3000
3000
3FC0
3FC0
3030
3030
3030
3030
3FC0
3FC0
ENDCHAR
STARTCHAR uni0185
ENCODING 389
SWIDTH 667 0
DWIDTH 12 0
BBX 12 14 0 0
BITMAP
3000
3000
F000
F000
33C0
33C0
3C30
3C30
3030
3030
3030
3030
3FC0
3FC0
ENDCHAR
STARTCHAR uni0186
ENCODING 390
SWIDTH 667 0
DWIDTH 12 0
BBX 10 14 0 0
BITMAP
3F00
3F00
C0C0
C0C0
00C0
00C0
00C0
00C0
00C0
00C0
C0C0
C0C0
3F00
3F00
ENDCHAR
STARTCHAR uni0189
ENCODING 393
SWIDTH 667 0
DWIDTH 12 0
BBX 12 14 0 0
BITMAP
3FC0
3FC0
3030
3030
FC30
FC30
3030
3030
3030
3030
3030
3030
3FC0
3FC0
ENDCHAR
STARTCHAR uni018E
ENCODING 398
SWIDTH 667 0
DWIDTH 12 0
BBX 10 14 0 0
BITMAP
FFC0
FFC0
00C0
00C0
00C0
00C0
00C0
00C0
0FC0
0FC0
00C0
00C0
FFC0
FFC0
ENDCHAR
STARTCHAR uni018F
ENCODING 399
SWIDTH 667 0
DWIDTH 12 0
BBX 10 14 0 0
BITMAP
3F00
3F00
C0C0
C0C0
00C0
00C0
FFC0
FFC0
C0C0
C0C0
C0C0
C0C0
3F00
3F00
ENDCHAR
STARTCHAR uni0190
ENCODING 400
SWIDTH 667 0
DWIDTH 12 0
BBX 10 14 0 0
BITMAP
3F00
3F00
C0C0
C0C0
C000
C000
3C00
3C00
C000
C000
C0C0
C0C0
3F00
3F00
ENDCHAR
STARTCHAR uni0191
ENCODING 401
SWIDTH 667 0
DWIDTH 12 0
BBX 12 16 0 -2
BITMAP
3FF0
3FF0
3000
3000
3F00
3F00
3000
3000
3000
3000
3000
3000
3000
3000
C000
C000
ENDCHAR
STARTCHAR uni019A
ENCODING 410
SWIDTH 667 0
DWIDTH 12 0
BBX 6 14 2 0
BITMAP
30
30
30
30
30
30
FC
FC
30
30
30
30
0C
0C
ENDCHAR
STARTCHAR uni019B
ENCODING 411
SWIDTH 667 0
DWIDTH 12 0
BBX 10 14 0 0
BITMAP
F000
F000
0C00
0C00
3F00
3F00
0C00
0C00
3300
3300
C0C0
C0C0
C0C0
C0C0
ENDCHAR
STARTCHAR uni019E
ENCODING 414
SWIDTH 667 0
DWIDTH 12 0
BBX 10 12 0 -2
BITMAP
FF00
FF00
C0C0
C0C0
C0C0
C0C0
C0C0
C0C0
C0C0
C0C0
00C0
00C0
ENDCHAR
STARTCHAR uni019F
ENCODING 415
SWIDTH 667 0
DWIDTH 12 0
BBX 10 14 0 0
BITMAP
3F00
3F00
C0C0
C0C0
C0C0
C0C0
FFC0
FFC0
C0C0
C0C0
C0C0
C0C0
3F00
3F00
ENDCHAR
STARTCHAR uni01A7
ENCODING 423
SWIDTH 667 0
DWIDTH 12 0
BBX 10 14 0 0
BITMAP
FF00
FF00
00C0
00C0
3F00
3F00
C000
C000
C000
C000
C0C0
C0C0
3F00
3F00
ENDCHAR
STARTCHAR uni01A8
ENCODING 424
SWIDTH 667 0
DWIDTH 12 0
BBX 10 10 0 0
BITMAP
FF00
FF00
00C0
00C0
3F00
3F00
C000
C000
3FC0
3FC0
ENDCHAR
STARTCHAR uni01A9
ENCODING 425
SWIDTH 667 0
DWIDTH 12 0
BBX 10 14 0 0
BITMAP
FFC0
FFC0
C000
C000
3000
3000
0C00
0C00
3000
3000
C000
C000
FFC0
FFC0
ENDCHAR
STARTCHAR uni01AA
ENCODING 426
SWIDTH 667 0
DWIDTH 12 0
BBX 10 16 0 -2
BITMAP
3000
3000
CC00
CC00
3C00
3C00
0C00
0C00
0C00
0C00
0C00
0C00
0C00
0C00
03C0
03C0
ENDCHAR
STARTCHAR uni01B2
ENCODING 434
SWIDTH 667 0
DWIDTH 12 0
BBX 10 14 0 0
BITMAP
C300
C300
C0C0
C0C0
C0C0
C0C0
C0C0
C0C0
C0C0
C0C0
C300
C300
FC00
FC00
ENDCHAR
STARTCHAR uni01B7
ENCODING 439
SWIDTH 667 0
DWIDTH 12 0
BBX 10 16 0 -2
BITMAP
FFC0
FFC0
00C0
00C0
0F00
0F00
00C0
00C0
00C0
00C0
00C0
00C0
C0C0
C0C0
3F00
3F00
ENDCHAR
STARTCHAR uni01B8
ENCODING 440
SWIDTH 667 0
DWIDTH 12 0
BBX 10 16 0 -2
BITMAP
FFC0
FFC0
C000
C000
3C00
3C00
C000
C000
C000
C000
C000
C000
C0C0
C0C0
3F00
3F00
ENDCHAR
STARTCHAR uni01B9
ENCODING 441
SWIDTH 667 0
DWIDTH 12 0
BBX 10 12 0 -2
BITMAP
FFC0
FFC0
C000
C000
3C00
3C00
C000
C000
C0C0
C0C0
3F00
3F00
ENDCHAR
STARTCHAR uni01BB
ENCODING 443
SWIDTH 667 0
DWIDTH 12 0
BBX 10 14 0 0
BITMAP
3F00
3F00
C0C0
C0C0
0300
0300
FFC0
FFC0
3000
3000
C0C0
C0C0
FFC0
FFC0
ENDCHAR
STARTCHAR uni01BC
ENCODING 444
SWIDTH 667 0
DWIDTH 12 0
BBX 10 14 0 0
BITMAP
FFC0
FFC0
3000
3000
3F00
3F00
00C0
00C0
00C0
00C0
C0C0
C0C0
3F00
3F00
ENDCHAR
STARTCHAR uni01BD
ENCODING 445
SWIDTH 667 0
DWIDTH 12 0
BBX 10 10 0 0
BITMAP
FFC0
FFC0
3000
3000
3F00
3F00
00C0
00C0
FF00
FF00
ENDCHAR
STARTCHAR uni01BE
ENCODING 446
SWIDTH 667 0
DWIDTH 12 0
BBX 10 14 0 0
BITMAP
3000
3000
3000
3000
FC00
FC00
3000
3000
0F00
0F00
00C0
00C0
FF00
FF00
ENDCHAR
STARTCHAR uni01BF
ENCODING 447
SWIDTH 667 0
DWIDTH 12 0
BBX 10 12 0 -2
BITMAP
CF00
CF00
F0C0
F0C0
C0C0
C0C0
C300
C300
FC00
FC00
C000
C000
ENDCHAR
STARTCHAR uni01C0
ENCODING 448
SWIDTH 667 0
DWIDTH 12 0
BBX 2 14 4 0
BITMAP
C0
C0
C0
C0
C0
C0
C0
C0
C0
C0
C0
C0
C0
C0
ENDCHAR
STARTCHAR uni01C1
ENCODING 449
SWIDTH 667 0
DWIDTH 12 0
BBX 6 14 2 0
BITMAP
CC
CC
CC
CC
CC
CC
CC
CC
CC
CC
CC
CC
CC
CC
ENDCHAR
STARTCHAR uni01C2
ENCODING 450
SWIDTH 667 0
DWIDTH 12 0
BBX 10 14 0 0
BITMAP
0C00
0C00
0C00
0C00
FFC0
FFC0
0C00
0C00
FFC0
FFC0
0C00
0C00
0C00
0C00
ENDCHAR
STARTCHAR uni01C3
ENCODING 451
SWIDTH 667 0
DWIDTH 12 0
BBX 2 14 4 0
BITMAP
C0
C0
C0
C0
C0
C0
C0
C0
C0
C0
00
00
C0
C0
ENDCHAR
STARTCHAR uni01C9
ENCODING 457
SWIDTH 667 0
DWIDTH 12 0
BBX 14 16 0 -2
BITMAP
C00C
C00C
C000
C000
C00C
C00C
C00C
C00C
C00C
C00C
C30C
C30C
330C
330C
00F0
00F0
ENDCHAR
STARTCHAR uni01CD
ENCODING 461
SWIDTH 667 0
DWIDTH 12 0
BBX 10 20 0 0
BITMAP
3300
3300
0C00
0C00
0000
0000
3F00
3F00
C0C0
C0C0
FFC0
FFC0
C0C0
C0C0
C0C0
C0C0
C0C0
C0C0
C0C0
C0C0
ENDCHAR
STARTCHAR uni01CE
ENCODING 462
SWIDTH 667 0
DWIDTH 12 0
BBX 10 16 0 0
BITMAP
3300
3300
0C00
0C00
0000
0000
3F00
3F00
00C0
00C0
3FC0
3FC0
C0C0
C0C0
3FC0
3FC0
ENDCHAR
STARTCHAR uni01CF
ENCODING 463
SWIDTH 667 0
DWIDTH 12 0
BBX 6 20 2 0
BITMAP
CC
CC
30
30
00
00
FC
FC
30
30
30
30
30
30
30
30
30
30
FC
FC
ENDCHAR
STARTCHAR uni01D0
ENCODING 464
SWIDTH 667 0
DWIDTH 12 0
BBX 8 16 1 0
BITMAP
CC
CC
30
30
00
00
F0
F0
30
30
30
30
30
30
0F
0F
ENDCHAR
STARTCHAR uni01D1
ENCODING 465
SWIDTH 667 0
DWIDTH 12 0
BBX 10 20 0 0
BITMAP
3300
3300
0C00
0C00
0000
0000
3F00
3F00
C0C0
C0C0
C0C0
C0C0
C0C0
C0C0
C0C0
C0C0
C0C0
C0C0
3F00
3F00
ENDCHAR
STARTCHAR uni01D2
ENCODING 466
SWIDTH 667 0
DWIDTH 12 0
BBX 10 16 0 0
BITMAP
3300
3300
0C00
0C00
0000
0000
3F00
3F00
C0C0
C0C0
C0C0
C0C0
C0C0
C0C0
3F00
3F00
ENDCHAR
STARTCHAR uni01D3
ENCODING 467
SWIDTH 667 0
DWIDTH 12 0
BBX 10 20 0 0
BITMAP
3300
3300
0C00
0C00
0000
0000
C0C0
C0C0
C0C0
C0C0
C0C0
C0C0
C0C0
C0C0
C0C0
C0C0
C0C0
C0C0
3F00
3F00
ENDCHAR
STARTCHAR uni01D4
ENCODING 468
SWIDTH 667 0
DWIDTH 12 0
BBX 10 16 0 0
BITMAP
3300
3300
0C00
0C00
0000
0000
C0C0
C0C0
C0C0
C0C0
C0C0
C0C0
C0C0
C0C0
3FC0
3FC0
ENDCHAR
STARTCHAR uni01DD
ENCODING 477
SWIDTH 667 0
DWIDTH 12 0
BBX 10 10 0 0
BITMAP
FF00
FF00
00C0
00C0
FFC0
FFC0
C0C0
C0C0
3F00
3F00
ENDCHAR
STARTCHAR uni01E2
ENCODING 482
SWIDTH 667 0
DWIDTH 12 0
BBX 10 18 0 0
BITMAP
3F00
3F00
0000
0000
3FC0
3FC0
CC00
CC00
FF00
FF00
CC00
CC00
CC00
CC00
CC00
CC00
CFC0
CFC0
ENDCHAR
STARTCHAR uni01E3
ENCODING 483
SWIDTH 667 0
DWIDTH 12 0
BBX 10 14 0 0
BITMAP
3F00
3F00
0000
0000
3300
3300
0CC0
0CC0
3FC0
3FC0
CC00
CC00
3FC0
3FC0
ENDCHAR
STARTCHAR uni01E6
ENCODING 486
SWIDTH 667 0
DWIDTH 12 0
BBX 10 20 0 0
BITMAP
3300
3300
0C00
0C00
0000
0000
3FC0
3FC0
C000
C000
C3C0
C3C0
C0C0
C0C0
C0C0
C0C0
C0C0
C0C0
3F00
3F00
ENDCHAR
STARTCHAR uni01E7
ENCODING 487
SWIDTH 667 0
DWIDTH 12 0
BBX 10 18 0 -2
BITMAP
3300
3300
0C00
0C00
0000
0000
3FC0
3FC0
C0C0
C0C0
C0C0
C0C0
3FC0
3FC0
00C0
00C0
FF00
FF00
ENDCHAR
STARTCHAR uni01E8
ENCODING 488
SWIDTH 667 0
DWIDTH 12 0
BBX 10 20 0 0
BITMAP
3300
3300
0C00
0C00
0000
0000
C0C0
C0C0
C300
C300
FC00
FC00
C300
C300
C0C0
C0C0
C0C0
C0C0
C0C0
C0C0
ENDCHAR
STARTCHAR uni01E9
ENCODING 489
SWIDTH 667 0
DWIDTH 12 0
BBX 8 20 1 0
BITMAP
33
33
0C
0C
00
00
C0
C0
C0
C0
C3
C3
CC
CC
F0
F0
CC
CC
C3
C3
ENDCHAR
STARTCHAR uni01EE
ENCODING 494
SWIDTH 667 0
DWIDTH 12 0
BBX 10 22 0 -2
BITMAP
3300
3300
0C00
0C00
0000
0000
FFC0
FFC0
00C0
00C0
0F00
0F00
00C0
00C0
00C0
00C0
00C0
00C0
C0C0
C0C0
3F00
3F00
ENDCHAR
STARTCHAR uni01EF
ENCODING 495
SWIDTH 667 0
DWIDTH 12 0
BBX 10 18 0 -2
BITMAP
3300
3300
0C00
0C00
0000
0000
FFC0
FFC0
00C0
00C0
0F00
0F00
00C0
00C0
C0C0
C0C0
3F00
3F00
ENDCHAR
STARTCHAR uni01F0
ENCODING 496
SWIDTH 667 0
DWIDTH 12 0
BBX 10 18 0 -2
BITMAP
3300
3300
0C00
0C00
0000
0000
00C0
00C0
00C0
00C0
00C0
00C0
C0C0
C0C0
C0C0
C0C0
3F00
3F00
ENDCHAR
STARTCHAR uni01F4
ENCODING 500
SWIDTH 667 0
DWIDTH 12 0
BBX 10 20 0 0
BITMAP
0300
0300
0C00
0C00
0000
0000
3FC0
3FC0
C000
C000
C3C0
C3C0
C0C0
C0C0
C0C0
C0C0
C0C0
C0C0
3F00
3F00
ENDCHAR
STARTCHAR uni01F5
ENCODING 501
SWIDTH 667 0
DWIDTH 12 0
BBX 10 18 0 -2
BITMAP
0300
0300
0C00
0C00
0000
0000
3FC0
3FC0
C0C0
C0C0
C0C0
C0C0
3FC0
3FC0
00C0
00C0
FF00
FF00
ENDCHAR
STARTCHAR uni01F7
ENCODING 503
SWIDTH 667 0
DWIDTH 12 0
BBX 10 16 0 -2
BITMAP
CF00
CF00
F0C0
F0C0
C0C0
C0C0
C300
C300
CC00
CC00
F000
F000
C000
C000
C000
C000
ENDCHAR
STARTCHAR uni01F8
ENCODING 504
SWIDTH 667 0
DWIDTH 12 0
BBX 10 20 0 0
BITMAP
3000
3000
0C00
0C00
0000
0000
C0C0
C0C0
F0C0
F0C0
CCC0
CCC0
C3C0
C3C0
C0C0
C0C0
C0C0
C0C0
C0C0
C0C0
ENDCHAR
STARTCHAR uni01F9
ENCODING 505
SWIDTH 667 0
DWIDTH 12 0
BBX 10 16 0 0
BITMAP
3000
3000
0C00
0C00
0000
0000
FF00
FF00
C0C0
C0C0
C0C0
C0C0
C0C0
C0C0
C0C0
C0C0
ENDCHAR
STARTCHAR uni01FC
ENCODING 508
SWIDTH 667 0
DWIDTH 12 0
BBX 10 20 0 0
BITMAP
0300
0300
0C00
0C00
0000
0000
3FC0
3FC0
CC00
CC00
FF00
FF00
CC00
CC00
CC00
CC00
CC00
CC00
CFC0
CFC0
ENDCHAR
STARTCHAR uni01FD
ENCODING 509
SWIDTH 667 0
DWIDTH 12 0
BBX 10 16 0 0
BITMAP
0300
0300
0C00
0C00
0000
0000
3300
3300
0CC0
0CC0
3FC0
3FC0
CC00
CC00
3FC0
3FC0
ENDCHAR
STARTCHAR uni0218
ENCODING 536
SWIDTH 667 0
DWIDTH 12 0
BBX 10 18 0 -4
BITMAP
3FC0
3FC0
C000
C000
3F00
3F00
00C0
00C0
00C0
00C0
C0C0
C0C0
3F00
3F00
0C00
0C00
3000
3000
ENDCHAR
STARTCHAR uni0219
ENCODING 537
SWIDTH 667 0
DWIDTH 12 0
BBX 10 14 0 -4
BITMAP
3FC0
3FC0
C000
C000
3F00
3F00
00C0
00C0
FF00
FF00
0C00
0C00
3000
3000
ENDCHAR
STARTCHAR uni021A
ENCODING 538
SWIDTH 667 0
DWIDTH 12 0
BBX 10 18 0 -4
BITMAP
FFC0
FFC0
0C00
0C00
0C00
0C00
0C00
0C00
0C00
0C00
0C00
0C00
0C00
0C00
0C00
0C00
3000
3000
ENDCHAR
STARTCHAR uni021B
ENCODING 539
SWIDTH 667 0
DWIDTH 12 0
BBX 8 18 1 -4
BITMAP
30
30
30
30
FC
FC
30
30
30
30
30
30
0F
0F
30
30
C0
C0
ENDCHAR
STARTCHAR uni021C
ENCODING 540
SWIDTH 667 0
DWIDTH 12 0
BBX 10 16 0 -2
BITMAP
3F00
3F00
C0C0
C0C0
0300
0300
0F00
0F00
00C0
00C0
00C0
00C0
0300
0300
FC00
FC00
ENDCHAR
STARTCHAR uni021D
ENCODING 541
SWIDTH 667 0
DWIDTH 12 0
BBX 10 12 0 -2
BITMAP
3F00
3F00
C0C0
C0C0
0F00
0F00
00C0
00C0
0300
0300
FC00
FC00
ENDCHAR
STARTCHAR uni021E
ENCODING 542
SWIDTH 667 0
DWIDTH 12 0
BBX 10 20 0 0
BITMAP
3300
3300
0C00
0C00
0000
0000
C0C0
C0C0
C0C0
C0C0
FFC0
FFC0
C0C0
C0C0
C0C0
C0C0
C0C0
C0C0
C0C0
C0C0
ENDCHAR
STARTCHAR uni021F
ENCODING 543
SWIDTH 667 0
DWIDTH 12 0
BBX 10 20 0 0
BITMAP
3300
3300
0C00
0C00
0000
0000
C000
C000
C000
C000
CF00
CF00
F0C0
F0C0
C0C0
C0C0
C0C0
C0C0
C0C0
C0C0
ENDCHAR
STARTCHAR uni0220
ENCODING 544
SWIDTH 667 0
DWIDTH 12 0
BBX 10 16 0 -2
BITMAP
FF00
FF00
C0C0
C0C0
C0C0
C0C0
C0C0
C0C0
C0C0
C0C0
C0C0
C0C0
C0C0
C0C0
00C0
00C0
ENDCHAR
STARTCHAR uni0221
ENCODING 545
SWIDTH 667 0
DWIDTH 12 0
BBX 14 16 0 -2
BITMAP
00C0
00C0
00C0
00C0
3CC0
3CC0
C3C0
C3C0
C0C0
C0C0
C0F0
C0F0
3FCC
3FCC
0030
0030
ENDCHAR
STARTCHAR uni0224
ENCODING 548
SWIDTH 667 0
DWIDTH 12 0
BBX 10 16 0 -2
BITMAP
FFC0
FFC0
00C0
00C0
0300
0300
0C00
0C00
3000
3000
C000
C000
FFC0
FFC0
00C0
00C0
ENDCHAR
STARTCHAR uni0225
ENCODING 549
SWIDTH 667 0
DWIDTH 12 0
BBX 10 12 0 -2
BITMAP
FFC0
FFC0
0300
0300
0C00
0C00
3000
3000
FFC0
FFC0
00C0
00C0
ENDCHAR
STARTCHAR uni0226
ENCODING 550
SWIDTH 667 0
DWIDTH 12 0
BBX 10 18 0 0
BITMAP
0C00
0C00
0000
0000
3F00
3F00
C0C0
C0C0
FFC0
FFC0
C0C0
C0C0
C0C0
C0C0
C0C0
C0C0
C0C0
C0C0
ENDCHAR
STARTCHAR uni0227
ENCODING 551
SWIDTH 667 0
DWIDTH 12 0
BBX 10 14 0 0
BITMAP
0C00
0C00
0000
0000
3F00
3F00
00C0
00C0
3FC0
3FC0
C0C0
C0C0
3FC0
3FC0
ENDCHAR
STARTCHAR uni022E
ENCODING 558
SWIDTH 667 0
DWIDTH 12 0
BBX 10 18 0 0
BITMAP
0C00
0C00
0000
0000
3F00
3F00
C0C0
C0C0
C0C0
C0C0
C0C0
C0C0
C0C0
C0C0
C0C0
C0C0
3F00
3F00
ENDCHAR
STARTCHAR uni022F
ENCODING 559
SWIDTH 667 0
DWIDTH 12 0
BBX 10 14 0 0
BITMAP
0C00
0C00
0000
0000
3F00
3F00
C0C0
C0C0
C0C0
C0C0
C0C0
C0C0
3F00
3F00
ENDCHAR
STARTCHAR uni0232
ENCODING 562
SWIDTH 667 0
DWIDTH 12 0
BBX 10 18 0 0
BITMAP
3F00
3F00
0000
0000
C0C0
C0C0
3300
3300
0C00
0C00
0C00
0C00
0C00
0C00
0C00
0C00
0C00
0C00
ENDCHAR
STARTCHAR uni0233
ENCODING 563
SWIDTH 667 0
DWIDTH 12 0
BBX 10 16 0 -2
BITMAP
3F00
3F00
0000
0000
C0C0
C0C0
C0C0
C0C0
C0C0
C0C0
3FC0
3FC0
00C0
00C0
FF00
FF00
ENDCHAR
STARTCHAR uni0234
ENCODING 564
SWIDTH 667 0
DWIDTH 12 0
BBX 6 16 2 -2
BITMAP
C0
C0
C0
C0
C0
C0
C0
C0
C0
C0
F0
F0
CC
CC
30
30
ENDCHAR
STARTCHAR uni0235
ENCODING 565
SWIDTH 667 0
DWIDTH 12 0
BBX 14 12 0 -2
BITMAP
FF00
FF00
C0C0
C0C0
C0C0
C0C0
C0F0
C0F0
C0CC
C0CC
0030
0030
ENDCHAR
STARTCHAR uni0236
ENCODING 566
SWIDTH 667 0
DWIDTH 12 0
BBX 8 14 0 0
BITMAP
30
30
30
30
FC
FC
30
30
3C
3C
33
33
0C
0C
ENDCHAR
STARTCHAR uni023A
ENCODING 570
SWIDTH 667 0
DWIDTH 12 0
BBX 10 14 0 0
BITMAP
3F00
3F00
C3C0
C3C0
FFC0
FFC0
CCC0
CCC0
F0C0
F0C0
F0C0
F0C0
C0C0
C0C0
ENDCHAR
STARTCHAR uni023B
ENCODING 571
SWIDTH 667 0
DWIDTH 12 0
BBX 10 14 0 0
BITMAP
3F00
3F00
C0C0
C0C0
C300
C300
CC00
CC00
F000
F000
C0C0
C0C0
3F00
3F00
ENDCHAR
STARTCHAR uni023C
ENCODING 572
SWIDTH 667 0
DWIDTH 12 0
BBX 10 10 0 0
BITMAP
3F00
3F00
C3C0
C3C0
CC00
CC00
F0C0
F0C0
3F00
3F00
ENDCHAR
STARTCHAR uni023D
ENCODING 573
SWIDTH 667 0
DWIDTH 12 0
BBX 12 14 0 0
BITMAP
3000
3000
3000
3000
3000
3000
FC00
FC00
3000
3000
3000
3000
3FF0
3FF0
ENDCHAR
STARTCHAR uni023E
ENCODING 574
SWIDTH 667 0
DWIDTH 12 0
BBX 10 14 0 0
BITMAP
FFC0
FFC0
0CC0
0CC0
0F00
0F00
0C00
0C00
3C00
3C00
CC00
CC00
0C00
0C00
ENDCHAR
STARTCHAR uni0241
ENCODING 577
SWIDTH 667 0
DWIDTH 12 0
BBX 10 14 0 0
BITMAP
3F00
3F00
C0C0
C0C0
00C0
00C0
00C0
00C0
0F00
0F00
0C00
0C00
0C00
0C00
ENDCHAR
STARTCHAR uni0242
ENCODING 578
SWIDTH 667 0
DWIDTH 12 0
BBX 10 10 0 0
BITMAP
3F00
3F00
C0C0
C0C0
00C0
00C0
0F00
0F00
0C00
0C00
ENDCHAR
STARTCHAR uni0243
ENCODING 579
SWIDTH 667 0
DWIDTH 12 0
BBX 12 14 0 0
BITMAP
3FC0
3FC0
3030
3030
3FC0
3FC0
3030
3030
FF30
FF30
3030
3030
3FC0
3FC0
ENDCHAR
STARTCHAR uni0244
ENCODING 580
SWIDTH 667 0
DWIDTH 12 0
BBX 14 14 0 0
BITMAP
3030
3030
3030
3030
FFFC
FFFC
3030
3030
3030
3030
3030
3030
0FC0
0FC0
ENDCHAR
STARTCHAR uni0245
ENCODING 581
SWIDTH 667 0
DWIDTH 12 0
BBX 10 14 0 0
BITMAP
0C00
0C00
3300
3300
3300
3300
C0C0
C0C0
C0C0
C0C0
C0C0
C0C0
C0C0
C0C0
ENDCHAR
STARTCHAR uni0246
ENCODING 582
SWIDTH 667 0
DWIDTH 12 0
BBX 10 14 0 0
BITMAP
FFC0
FFC0
C0C0
C0C0
FF00
FF00
CC00
CC00
F000
F000
C000
C000
FFC0
FFC0
ENDCHAR
STARTCHAR uni0247
ENCODING 583
SWIDTH 667 0
DWIDTH 12 0
BBX 12 10 0 0
BITMAP
0FC0
0FC0
30F0
30F0
3FF0
3FF0
3C00
3C00
CFF0
CFF0
ENDCHAR
STARTCHAR uni0248
ENCODING 584
SWIDTH 667 0
DWIDTH 12 0
BBX 12 14 0 0
BITMAP
00C0
00C0
00C0
00C0
03F0
03F0
00C0
00C0
00C0
00C0
C0C0
C0C0
3F00
3F00
ENDCHAR
STARTCHAR uni0249
ENCODING 585
SWIDTH 667 0
DWIDTH 12 0
BBX 12 16 0 -2
BITMAP
00C0
00C0
0000
0000
00C0
00C0
03F0
03F0
00C0
00C0
C0C0
C0C0
C0C0
C0C0
3F00
3F00
ENDCHAR
STARTCHAR uni024A
ENCODING 586
SWIDTH 667 0
DWIDTH 12 0
BBX 12 16 0 -2
BITMAP
3FC0
3FC0
C0C0
C0C0
C0C0
C0C0
C0C0
C0C0
C0C0
C0C0
C3C0
C3C0
3CC0
3CC0
0030
0030
ENDCHAR
STARTCHAR uni024B
ENCODING 587
SWIDTH 667 0
DWIDTH 12 0
BBX 12 12 0 -2
BITMAP
3CC0
3CC0
C3C0
C3C0
C0C0
C0C0
3FC0
3FC0
00C0
00C0
0030
0030
ENDCHAR
STARTCHAR uni024C
ENCODING 588
SWIDTH 667 0
DWIDTH 12 0
BBX 12 14 0 0
BITMAP
3FC0
3FC0
3030
3030
FFC0
FFC0
3030
3030
3030
3030
3030
3030
3030
3030
ENDCHAR
STARTCHAR uni024D
ENCODING 589
SWIDTH 667 0
DWIDTH 12 0
BBX 12 10 0 0
BITMAP
33C0
33C0
3C30
3C30
3000
3000
FC00
FC00
3000
3000
ENDCHAR
STARTCHAR uni024E
ENCODING 590
SWIDTH 667 0
DWIDTH 12 0
BBX 14 14 0 0
BITMAP
3030
3030
FFFC
FFFC
0CC0
0CC0
0300
0300
0300
0300
0300
0300
0300
0300
ENDCHAR
STARTCHAR uni024F
ENCODING 591
SWIDTH 667 0
DWIDTH 12 0
BBX 14 12 0 -2
BITMAP
3030
3030
FFFC
FFFC
3030
3030
0FF0
0FF0
0030
0030
3FC0
3FC0
ENDCHAR
STARTCHAR uni0250
ENCODING 592
SWIDTH 667 0
DWIDTH 12 0
BBX 10 10 0 0
BITMAP
FF00
FF00
C0C0
C0C0
FF00
FF00
C000
C000
3F00
3F00
ENDCHAR
STARTCHAR uni0251
ENCODING 593
SWIDTH 667 0
DWIDTH 12 0
BBX 10 10 0 0
BITMAP
3CC0
3CC0
C3C0
C3C0
C0C0
C0C0
C0C0
C0C0
3FC0
3FC0
ENDCHAR
STARTCHAR uni0252
ENCODING 594
SWIDTH 667 0
DWIDTH 12 0
BBX 10 10 0 0
BITMAP
FF00
FF00
C0C0
C0C0
C0C0
C0C0
F0C0
F0C0
CF00
CF00
ENDCHAR
STARTCHAR uni0253
ENCODING 595
SWIDTH 667 0
DWIDTH 12 0
BBX 10 14 0 0
BITMAP
3F00
3F00
C000
C000
CF00
CF00
F0C0
F0C0
C0C0
C0C0
C0C0
C0C0
FF00
FF00
ENDCHAR
STARTCHAR uni0254
ENCODING 596
SWIDTH 667 0
DWIDTH 12 0
BBX 10 10 0 0
BITMAP
3F00
3F00
C0C0
C0C0
00C0
00C0
C0C0
C0C0
3F00
3F00
ENDCHAR
STARTCHAR uni0255
ENCODING 597
SWIDTH 667 0
DWIDTH 12 0
BBX 10 12 0 -2
BITMAP
3F00
3F00
C000
C000
C300
C300
CCC0
CCC0
3F00
3F00
0C00
0C00
ENDCHAR
STARTCHAR uni0256
ENCODING 598
SWIDTH 667 0
DWIDTH 12 0
BBX 12 16 0 -2
BITMAP
00C0
00C0
00C0
00C0
3CC0
3CC0
C3C0
C3C0
C0C0
C0C0
C0C0
C0C0
3FC0
3FC0
0030
0030
ENDCHAR
STARTCHAR uni0257
ENCODING 599
SWIDTH 667 0
DWIDTH 12 0
BBX 12 14 0 0
BITMAP
0030
0030
00C0
00C0
3CC0
3CC0
C3C0
C3C0
C0C0
C0C0
C0C0
C0C0
3FC0
3FC0
ENDCHAR
STARTCHAR uni0258
ENCODING 600
SWIDTH 667 0
DWIDTH 12 0
BBX 10 10 0 0
BITMAP
3F00
3F00
C0C0
C0C0
FFC0
FFC0
00C0
00C0
FF00
FF00
ENDCHAR
STARTCHAR uni0259
ENCODING 601
SWIDTH 667 0
DWIDTH 12 0
BBX 10 10 0 0
BITMAP
FF00
FF00
00C0
00C0
FFC0
FFC0
C0C0
C0C0
3F00
3F00
ENDCHAR
STARTCHAR uni025A
ENCODING 602
SWIDTH 667 0
DWIDTH 12 0
BBX 14 10 0 0
BITMAP
FF00
FF00
00F0
00F0
FFCC
FFCC
C0C0
C0C0
3F00
3F00
ENDCHAR
STARTCHAR uni025B
ENCODING 603
SWIDTH 667 0
DWIDTH 12 0
BBX 10 10 0 0
BITMAP
3FC0
3FC0
C000
C000
3C00
3C00
C000
C000
3FC0
3FC0
ENDCHAR
STARTCHAR uni025C
ENCODING 604
SWIDTH 667 0
DWIDTH 12 0
BBX 10 10 0 0
BITMAP
FF00
FF00
00C0
00C0
0F00
0F00
00C0
00C0
FF00
FF00
ENDCHAR
STARTCHAR uni025D
ENCODING 605
SWIDTH 667 0
DWIDTH 12 0
BBX 14 10 0 0
BITMAP
FF00
FF00
00F0
00F0
0F0C
0F0C
00C0
00C0
FF00
FF00
ENDCHAR
STARTCHAR uni025E
ENCODING 606
SWIDTH 667 0
DWIDTH 12 0
BBX 10 10 0 0
BITMAP
3F00
3F00
C0C0
C0C0
CF00
CF00
C0C0
C0C0
3F00
3F00
ENDCHAR
STARTCHAR uni025F
ENCODING 607
SWIDTH 667 0
DWIDTH 12 0
BBX 8 14 0 -2
BITMAP
0C
0C
0C
0C
0C
0C
0C
0C
FF
FF
0C
0C
F0
F0
ENDCHAR
STARTCHAR uni0260
ENCODING 608
SWIDTH 667 0
DWIDTH 12 0
BBX 12 16 0 -2
BITMAP
0030
0030
00C0
00C0
3FC0
3FC0
C0C0
C0C0
C0C0
C0C0
3FC0
3FC0
00C0
00C0
FF00
FF00
ENDCHAR
STARTCHAR uni0261
ENCODING 609
SWIDTH 667 0
DWIDTH 12 0
BBX 10 12 0 -2
BITMAP
3FC0
3FC0
C0C0
C0C0
C0C0
C0C0
3FC0
3FC0
00C0
00C0
FF00
FF00
ENDCHAR
STARTCHAR uni0262
ENCODING 610
SWIDTH 667 0
DWIDTH 12 0
BBX 10 10 0 0
BITMAP
3FC0
3FC0
C000
C000
C3C0
C3C0
C0C0
C0C0
3F00
3F00
ENDCHAR
STARTCHAR uni0264
ENCODING 612
SWIDTH 667 0
DWIDTH 12 0
BBX 10 10 0 0
BITMAP
F3C0
F3C0
0C00
0C00
3300
3300
3300
3300
0C00
0C00
ENDCHAR
STARTCHAR uni0265
ENCODING 613
SWIDTH 667 0
DWIDTH 12 0
BBX 10 14 0 -2
BITMAP
C0C0
C0C0
C0C0
C0C0
C0C0
C0C0
C3C0
C3C0
3CC0
3CC0
00C0
00C0
00C0
00C0
ENDCHAR
STARTCHAR uni0266
ENCODING 614
SWIDTH 667 0
DWIDTH 12 0
BBX 10 14 0 0
BITMAP
3FC0
3FC0
C000
C000
CF00
CF00
F0C0
F0C0
C0C0
C0C0
C0C0
C0C0
C0C0
C0C0
ENDCHAR
STARTCHAR uni0267
ENCODING 615
SWIDTH 667 0
DWIDTH 12 0
BBX 10 16 0 -2
BITMAP
3FC0
3FC0
C000
C000
CF00
CF00
F0C0
F0C0
C0C0
C0C0
C0C0
C0C0
C0C0
C0C0
0F00
0F00
ENDCHAR
STARTCHAR uni0268
ENCODING 616
SWIDTH 667 0
DWIDTH 12 0
BBX 6 14 2 0
BITMAP
30
30
00
00
30
30
30
30
FC
FC
30
30
30
30
ENDCHAR
STARTCHAR uni026A
ENCODING 618
SWIDTH 667 0
DWIDTH 12 0
BBX 6 10 2 0
BITMAP
FC
FC
30
30
30
30
30
30
FC
FC
ENDCHAR
STARTCHAR uni026B
ENCODING 619
SWIDTH 667 0
DWIDTH 12 0
BBX 10 14 0 0
BITMAP
0C00
0C00
0C00
0C00
3CC0
3CC0
CF00
CF00
0C00
0C00
0C00
0C00
0300
0300
ENDCHAR
STARTCHAR uni026C
ENCODING 620
SWIDTH 667 0
DWIDTH 12 0
BBX 8 14 0 0
BITMAP
0C
0C
0C
0C
3C
3C
CC
CC
3F
3F
0C
0C
03
03
ENDCHAR
STARTCHAR uni026D
ENCODING 621
SWIDTH 667 0
DWIDTH 12 0
BBX 4 16 2 -2
BITMAP
C0
C0
C0
C0
C0
C0
C0
C0
C0
C0
C0
C0
C0
C0
30
30
ENDCHAR
STARTCHAR uni026E
ENCODING 622
SWIDTH 667 0
DWIDTH 12 0
BBX 10 16 0 -2
BITMAP
C000
C000
C000
C000
FFC0
FFC0
C0C0
C0C0
CF00
CF00
C0C0
C0C0
C0C0
C0C0
0F00
0F00
ENDCHAR
STARTCHAR uni026F
ENCODING 623
SWIDTH 667 0
DWIDTH 12 0
BBX 10 10 0 0
BITMAP
C0C0
C0C0
C0C0
C0C0
CCC0
CCC0
CCC0
CCC0
33C0
33C0
ENDCHAR
STARTCHAR uni0270
ENCODING 624
SWIDTH 667 0
DWIDTH 12 0
BBX 10 12 0 -2
BITMAP
C0C0
C0C0
C0C0
C0C0
CCC0
CCC0
CCC0
CCC0
33C0
33C0
00C0
00C0
ENDCHAR
STARTCHAR uni0271
ENCODING 625
SWIDTH 667 0
DWIDTH 12 0
BBX 10 12 0 -2
BITMAP
F300
F300
CCC0
CCC0
CCC0
CCC0
C0C0
C0C0
C0C0
C0C0
0300
0300
ENDCHAR
STARTCHAR uni0272
ENCODING 626
SWIDTH 667 0
DWIDTH 12 0
BBX 12 12 0 -2
BITMAP
3FC0
3FC0
3030
3030
3030
3030
3030
3030
3030
3030
C000
C000
ENDCHAR
STARTCHAR uni0273
ENCODING 627
SWIDTH 667 0
DWIDTH 12 0
BBX 12 12 0 -2
BITMAP
FF00
FF00
C0C0
C0C0
C0C0
C0C0
C0C0
C0C0
C0C0
C0C0
0030
0030
ENDCHAR
STARTCHAR uni0274
ENCODING 628
SWIDTH 667 0
DWIDTH 12 0
BBX 10 10 0 0
BITMAP
C0C0
C0C0
F0C0
F0C0
CCC0
CCC0
C3C0
C3C0
C0C0
C0C0
ENDCHAR
STARTCHAR uni0275
ENCODING 629
SWIDTH 667 0
DWIDTH 12 0
BBX 10 10 0 0
BITMAP
3F00
3F00
C0C0
C0C0
FFC0
FFC0
C0C0
C0C0
3F00
3F00
ENDCHAR
STARTCHAR uni0277
ENCODING 631
SWIDTH 667 0
DWIDTH 12 0
BBX 14 10 0 0
BITMAP
3FF0
3FF0
C00C
C00C
C30C
C30C
C30C
C30C
3CF0
3CF0
ENDCHAR
STARTCHAR uni0278
ENCODING 632
SWIDTH 667 0
DWIDTH 12 0
BBX 10 14 0 -2
BITMAP
0C00
0C00
3F00
3F00
CCC0
CCC0
CCC0
CCC0
CCC0
CCC0
3F00
3F00
0C00
0C00
ENDCHAR
STARTCHAR uni0279
ENCODING 633
SWIDTH 667 0
DWIDTH 12 0
BBX 10 10 0 0
BITMAP
00C0
00C0
00C0
00C0
00C0
00C0
C3C0
C3C0
3CC0
3CC0
ENDCHAR
STARTCHAR uni027A
ENCODING 634
SWIDTH 667 0
DWIDTH 12 0
BBX 10 14 0 0
BITMAP
00C0
00C0
00C0
00C0
00C0
00C0
00C0
00C0
00C0
00C0
C3C0
C3C0
3CC0
3CC0
ENDCHAR
STARTCHAR uni027B
ENCODING 635
SWIDTH 667 0
DWIDTH 12 0
BBX 12 12 0 -2
BITMAP
00C0
00C0
00C0
00C0
00C0
00C0
C3C0
C3C0
3CC0
3CC0
0030
0030
ENDCHAR
STARTCHAR uni027C
ENCODING 636
SWIDTH 667 0
DWIDTH 12 0
BBX 10 12 0 -2
BITMAP
CF00
CF00
F0C0
F0C0
C000
C000
C000
C000
C000
C000
C000
C000
ENDCHAR
STARTCHAR uni027E
ENCODING 638
SWIDTH 667 0
DWIDTH 12 0
BBX 10 10 0 0
BITMAP
3F00
3F00
C0C0
C0C0
C000
C000
C000
C000
C000
C000
ENDCHAR
STARTCHAR uni027F
ENCODING 639
SWIDTH 667 0
DWIDTH 12 0
BBX 10 12 0 -2
BITMAP
3F00
3F00
C0C0
C0C0
00C0
00C0
00C0
00C0
00C0
00C0
00C0
00C0
ENDCHAR
STARTCHAR uni0280
ENCODING 640
SWIDTH 667 0
DWIDTH 12 0
BBX 10 10 0 0
BITMAP
FF00
FF00
C0C0
C0C0
FF00
FF00
C0C0
C0C0
C0C0
C0C0
ENDCHAR
STARTCHAR uni0281
ENCODING 641
SWIDTH 667 0
DWIDTH 12 0
BBX 10 10 0 0
BITMAP
C0C0
C0C0
C0C0
C0C0
FF00
FF00
C0C0
C0C0
FF00
FF00
ENDCHAR
STARTCHAR uni0284
ENCODING 644
SWIDTH 667 0
DWIDTH 12 0
BBX 12 16 0 -2
BITMAP
0030
0030
00C0
00C0
00C0
00C0
00C0
00C0
00C0
00C0
C3F0
C3F0
C0C0
C0C0
3F00
3F00
ENDCHAR
STARTCHAR uni0285
ENCODING 645
SWIDTH 667 0
DWIDTH 12 0
BBX 10 12 0 -2
BITMAP
F000
F000
0C00
0C00
0C00
0C00
0C00
0C00
0C00
0C00
03C0
03C0
ENDCHAR
STARTCHAR uni0286
ENCODING 646
SWIDTH 667 0
DWIDTH 12 0
BBX 12 16 0 -2
BITMAP
00F0
00F0
0300
0300
0300
0300
0300
0300
0300
0300
3FC0
3FC0
C300
C300
3C00
3C00
ENDCHAR
STARTCHAR uni0287
ENCODING 647
SWIDTH 667 0
DWIDTH 12 0
BBX 6 14 2 -2
BITMAP
C0
C0
30
30
30
30
30
30
FC
FC
30
30
30
30
ENDCHAR
STARTCHAR uni0288
ENCODING 648
SWIDTH 667 0
DWIDTH 12 0
BBX 6 16 2 -2
BITMAP
30
30
30
30
FC
FC
30
30
30
30
30
30
30
30
0C
0C
ENDCHAR
STARTCHAR uni0289
ENCODING 649
SWIDTH 667 0
DWIDTH 12 0
BBX 14 10 0 0
BITMAP
3030
3030
3030
3030
FFFC
FFFC
3030
3030
0FF0
0FF0
ENDCHAR
STARTCHAR uni028A
ENCODING 650
SWIDTH 667 0
DWIDTH 12 0
BBX 10 10 0 0
BITMAP
F3C0
F3C0
3300
3300
C0C0
C0C0
C0C0
C0C0
3F00
3F00
ENDCHAR
STARTCHAR uni028B
ENCODING 651
SWIDTH 667 0
DWIDTH 12 0
BBX 10 10 0 0
BITMAP
C300
C300
C0C0
C0C0
C0C0
C0C0
C0C0
C0C0
3F00
3F00
ENDCHAR
STARTCHAR uni028C
ENCODING 652
SWIDTH 667 0
DWIDTH 12 0
BBX 10 10 0 0
BITMAP
0C00
0C00
3300
3300
C0C0
C0C0
C0C0
C0C0
C0C0
C0C0
ENDCHAR
STARTCHAR uni028D
ENCODING 653
SWIDTH 667 0
DWIDTH 12 0
BBX 10 10 0 0
BITMAP
FF00
FF00
CCC0
CCC0
CCC0
CCC0
C0C0
C0C0
C0C0
C0C0
ENDCHAR
STARTCHAR uni028E
ENCODING 654
SWIDTH 667 0
DWIDTH 12 0
BBX 10 12 0 0
BITMAP
3FC0
3FC0
C000
C000
FF00
FF00
C0C0
C0C0
C0C0
C0C0
C0C0
C0C0
ENDCHAR
STARTCHAR uni028F
ENCODING 655
SWIDTH 667 0
DWIDTH 12 0
BBX 10 10 0 0
BITMAP
C0C0
C0C0
3300
3300
0C00
0C00
0C00
0C00
0C00
0C00
ENDCHAR
STARTCHAR uni0291
ENCODING 657
SWIDTH 667 0
DWIDTH 12 0
BBX 10 12 0 -2
BITMAP
FF00
FF00
0C00
0C00
3300
3300
CCC0
CCC0
FF00
FF00
0C00
0C00
ENDCHAR
STARTCHAR uni0292
ENCODING 658
SWIDTH 667 0
DWIDTH 12 0
BBX 10 12 0 -2
BITMAP
FFC0
FFC0
00C0
00C0
0F00
0F00
00C0
00C0
C0C0
C0C0
3F00
3F00
ENDCHAR
STARTCHAR uni0293
ENCODING 659
SWIDTH 667 0
DWIDTH 12 0
BBX 10 12 0 -2
BITMAP
FFC0
FFC0
00C0
00C0
0F00
0F00
30C0
30C0
CCC0
CCC0
3F00
3F00
ENDCHAR
STARTCHAR uni0294
ENCODING 660
SWIDTH 667 0
DWIDTH 12 0
BBX 10 14 0 0
BITMAP
3F00
3F00
C0C0
C0C0
00C0
00C0
00C0
00C0
0F00
0F00
0C00
0C00
0C00
0C00
ENDCHAR
STARTCHAR uni0295
ENCODING 661
SWIDTH 667 0
DWIDTH 12 0
BBX 10 14 0 0
BITMAP
3F00
3F00
C0C0
C0C0
C000
C000
C000
C000
3C00
3C00
0C00
0C00
0C00
0C00
ENDCHAR
STARTCHAR uni0296
ENCODING 662
SWIDTH 667 0
DWIDTH 12 0
BBX 10 14 0 0
BITMAP
0C00
0C00
0C00
0C00
0F00
0F00
00C0
00C0
00C0
00C0
C0C0
C0C0
3F00
3F00
ENDCHAR
STARTCHAR uni0297
ENCODING 663
SWIDTH 667 0
DWIDTH 12 0
BBX 10 12 0 -2
BITMAP
3F00
3F00
C0C0
C0C0
C000
C000
C000
C000
C0C0
C0C0
3F00
3F00
ENDCHAR
STARTCHAR uni0298
ENCODING 664
SWIDTH 667 0
DWIDTH 12 0
BBX 10 14 0 0
BITMAP
3F00
3F00
C0C0
C0C0
C0C0
C0C0
CCC0
CCC0
C0C0
C0C0
C0C0
C0C0
3F00
3F00
ENDCHAR
STARTCHAR uni0299
ENCODING 665
SWIDTH 667 0
DWIDTH 12 0
BBX 10 10 0 0
BITMAP
FF00
FF00
C0C0
C0C0
FF00
FF00
C0C0
C0C0
FF00
FF00
ENDCHAR
STARTCHAR uni029A
ENCODING 666
SWIDTH 667 0
DWIDTH 12 0
BBX 10 10 0 0
BITMAP
3F00
3F00
C0C0
C0C0
3CC0
3CC0
C0C0
C0C0
3F00
3F00
ENDCHAR
STARTCHAR uni029B
ENCODING 667
SWIDTH 667 0
DWIDTH 12 0
BBX 12 14 0 0
BITMAP
0030
0030
00C0
00C0
3FC0
3FC0
C000
C000
C3C0
C3C0
C0C0
C0C0
3F00
3F00
ENDCHAR
STARTCHAR uni029C
ENCODING 668
SWIDTH 667 0
DWIDTH 12 0
BBX 10 10 0 0
BITMAP
C0C0
C0C0
C0C0
C0C0
FFC0
FFC0
C0C0
C0C0
C0C0
C0C0
ENDCHAR
STARTCHAR uni029D
ENCODING 669
SWIDTH 667 0
DWIDTH 12 0
BBX 10 16 0 -2
BITMAP
0300
0300
0000
0000
0300
0300
0300
0300
0300
0300
3FC0
3FC0
C300
C300
3C00
3C00
ENDCHAR
STARTCHAR uni029E
ENCODING 670
SWIDTH 667 0
DWIDTH 12 0
BBX 8 14 0 -2
BITMAP
C3
C3
33
33
0F
0F
33
33
C3
C3
03
03
03
03
ENDCHAR
STARTCHAR uni029F
ENCODING 671
SWIDTH 667 0
DWIDTH 12 0
BBX 10 10 0 0
BITMAP
C000
C000
C000
C000
C000
C000
C000
C000
FFC0
FFC0
ENDCHAR
STARTCHAR uni02A0
ENCODING 672
SWIDTH 667 0
DWIDTH 12 0
BBX 12 16 0 -2
BITMAP
0030
0030
00C0
00C0
3CC0
3CC0
C3C0
C3C0
C0C0
C0C0
3FC0
3FC0
00C0
00C0
00C0
00C0
ENDCHAR
STARTCHAR uni02A1
ENCODING 673
SWIDTH 667 0
DWIDTH 12 0
BBX 10 14 0 0
BITMAP
3F00
3F00
C0C0
C0C0
00C0
00C0
0F00
0F00
0C00
0C00
FFC0
FFC0
0C00
0C00
ENDCHAR
STARTCHAR uni02A2
ENCODING 674
SWIDTH 667 0
DWIDTH 12 0
BBX 10 14 0 0
BITMAP
3F00
3F00
C0C0
C0C0
C000
C000
3C00
3C00
0C00
0C00
FFC0
FFC0
0C00
0C00
ENDCHAR
STARTCHAR uni02AC
ENCODING 684
SWIDTH 667 0
DWIDTH 12 0
BBX 10 14 0 0
BITMAP
C0C0
C0C0
CCC0
CCC0
FF00
FF00
0000
0000
C0C0
C0C0
CCC0
CCC0
FF00
FF00
ENDCHAR
STARTCHAR uni02BB
ENCODING 699
SWIDTH 667 0
DWIDTH 12 0
BBX 2 4 4 10
BITMAP
C0
C0
C0
C0
ENDCHAR
STARTCHAR uni02CC
ENCODING 716
SWIDTH 667 0
DWIDTH 12 0
BBX 2 4 4 -2
BITMAP
C0
C0
C0
C0
ENDCHAR
STARTCHAR uni02D9
ENCODING 729
SWIDTH 667 0
DWIDTH 12 0
BBX 2 2 4 10
BITMAP
C0
C0
ENDCHAR
STARTCHAR uni037E
ENCODING 894
SWIDTH 667 0
DWIDTH 12 0
BBX 2 10 4 -2
BITMAP
C0
C0
00
00
00
00
C0
C0
C0
C0
ENDCHAR
STARTCHAR uni0387
ENCODING 903
SWIDTH 667 0
DWIDTH 12 0
BBX 2 2 4 8
BITMAP
C0
C0
ENDCHAR
STARTCHAR uni0391
ENCODING 913
SWIDTH 667 0
DWIDTH 12 0
BBX 10 14 0 0
BITMAP
3F00
3F00
C0C0
C0C0
FFC0
FFC0
C0C0
C0C0
C0C0
C0C0
C0C0
C0C0
C0C0
C0C0
ENDCHAR
STARTCHAR uni0392
ENCODING 914
SWIDTH 667 0
DWIDTH 12 0
BBX 10 14 0 0
BITMAP
FF00
FF00
C0C0
C0C0
FF00
FF00
C0C0
C0C0
C0C0
C0C0
C0C0
C0C0
FF00
FF00
ENDCHAR
STARTCHAR uni0393
ENCODING 915
SWIDTH 667 0
DWIDTH 12 0
BBX 10 14 0 0
BITMAP
FFC0
FFC0
C000
C000
C000
C000
C000
C000
C000
C000
C000
C000
C000
C000
ENDCHAR
STARTCHAR uni0394
ENCODING 916
SWIDTH 667 0
DWIDTH 12 0
BBX 10 14 0 0
BITMAP
0C00
0C00
0C00
0C00
3300
3300
3300
3300
3300
3300
C0C0
C0C0
FFC0
FFC0
ENDCHAR
STARTCHAR uni0395
ENCODING 917
SWIDTH 667 0
DWIDTH 12 0
BBX 10 14 0 0
BITMAP
FFC0
FFC0
C000
C000
FC00
FC00
C000
C000
C000
C000
C000
C000
FFC0
FFC0
ENDCHAR
STARTCHAR uni0396
ENCODING 918
SWIDTH 667 0
DWIDTH 12 0
BBX 10 14 0 0
BITMAP
FFC0
FFC0
00C0
00C0
0300
0300
0C00
0C00
3000
3000
C000
C000
FFC0
FFC0
ENDCHAR
STARTCHAR uni0397
ENCODING 919
SWIDTH 667 0
DWIDTH 12 0
BBX 10 14 0 0
BITMAP
C0C0
C0C0
C0C0
C0C0
FFC0
FFC0
C0C0
C0C0
C0C0
C0C0
C0C0
C0C0
C0C0
C0C0
ENDCHAR
STARTCHAR uni0398
ENCODING 920
SWIDTH 667 0
DWIDTH 12 0
BBX 10 14 0 0
BITMAP
3F00
3F00
C0C0
C0C0
C0C0
C0C0
CCC0
CCC0
C0C0
C0C0
C0C0
C0C0
3F00
3F00
ENDCHAR
STARTCHAR uni0399
ENCODING 921
SWIDTH 667 0
DWIDTH 12 0
BBX 6 14 2 0
BITMAP
FC
FC
30
30
30
30
30
30
30
30
30
30
FC
FC
ENDCHAR
STARTCHAR uni039A
ENCODING 922
SWIDTH 667 0
DWIDTH 12 0
BBX 10 14 0 0
BITMAP
C0C0
C0C0
C300
C300
FC00
FC00
C300
C300
C0C0
C0C0
C0C0
C0C0
C0C0
C0C0
ENDCHAR
STARTCHAR uni039B
ENCODING 923
SWIDTH 667 0
DWIDTH 12 0
BBX 10 14 0 0
BITMAP
0C00
0C00
0C00
0C00
3300
3300
3300
3300
3300
3300
C0C0
C0C0
C0C0
C0C0
ENDCHAR
STARTCHAR uni039C
ENCODING 924
SWIDTH 667 0
DWIDTH 12 0
BBX 10 14 0 0
BITMAP
C0C0
C0C0
F3C0
F3C0
CCC0
CCC0
C0C0
C0C0
C0C0
C0C0
C0C0
C0C0
C0C0
C0C0
ENDCHAR
STARTCHAR uni039D
ENCODING 925
SWIDTH 667 0
DWIDTH 12 0
BBX 10 14 0 0
BITMAP
C0C0
C0C0
F0C0
F0C0
CCC0
CCC0
C3C0
C3C0
C0C0
C0C0
C0C0
C0C0
C0C0
C0C0
ENDCHAR
STARTCHAR uni039E
ENCODING 926
SWIDTH 667 0
DWIDTH 12 0
BBX 10 14 0 0
BITMAP
FFC0
FFC0
0000
0000
0000
0000
3F00
3F00
0000
0000
0000
0000
FFC0
FFC0
ENDCHAR
STARTCHAR uni039F
ENCODING 927
SWIDTH 667 0
DWIDTH 12 0
BBX 10 14 0 0
BITMAP
3F00
3F00
C0C0
C0C0
C0C0
C0C0
C0C0
C0C0
C0C0
C0C0
C0C0
C0C0
3F00
3F00
ENDCHAR
STARTCHAR uni03A0
ENCODING 928
SWIDTH 667 0
DWIDTH 12 0
BBX 10 14 0 0
BITMAP
FFC0
FFC0
C0C0
C0C0
C0C0
C0C0
C0C0
C0C0
C0C0
C0C0
C0C0
C0C0
C0C0
C0C0
ENDCHAR
STARTCHAR uni03A1
ENCODING 929
SWIDTH 667 0
DWIDTH 12 0
BBX 10 14 0 0
BITMAP
FF00
FF00
C0C0
C0C0
FF00
FF00
C000
C000
C000
C000
C000
C000
C000
C000
ENDCHAR
STARTCHAR uni03A3
ENCODING 931
SWIDTH 667 0
DWIDTH 12 0
BBX 10 14 0 0
BITMAP
FFC0
FFC0
C000
C000
3000
3000
0C00
0C00
3000
3000
C000
C000
FFC0
FFC0
ENDCHAR
STARTCHAR uni03A4
ENCODING 932
SWIDTH 667 0
DWIDTH 12 0
BBX 10 14 0 0
BITMAP
FFC0
FFC0
0C00
0C00
0C00
0C00
0C00
0C00
0C00
0C00
0C00
0C00
0C00
0C00
ENDCHAR
STARTCHAR uni03A5
ENCODING 933
SWIDTH 667 0
DWIDTH 12 0
BBX 10 14 0 0
BITMAP
C0C0
C0C0
3300
3300
0C00
0C00
0C00
0C00
0C00
0C00
0C00
0C00
0C00
0C00
ENDCHAR
STARTCHAR uni03A6
ENCODING 934
SWIDTH 667 0
DWIDTH 12 0
BBX 10 14 0 0
BITMAP
0C00
0C00
3F00
3F00
CCC0
CCC0
CCC0
CCC0
CCC0
CCC0
3F00
3F00
0C00
0C00
ENDCHAR
STARTCHAR uni03A7
ENCODING 935
SWIDTH 667 0
DWIDTH 12 0
BBX 10 14 0 0
BITMAP
C0C0
C0C0
3300
3300
0C00
0C00
3300
3300
C0C0
C0C0
C0C0
C0C0
C0C0
C0C0
ENDCHAR
STARTCHAR uni03A8
ENCODING 936
SWIDTH 667 0
DWIDTH 12 0
BBX 10 14 0 0
BITMAP
CCC0
CCC0
CCC0
CCC0
3F00
3F00
0C00
0C00
0C00
0C00
0C00
0C00
0C00
0C00
ENDCHAR
STARTCHAR uni03A9
ENCODING 937
SWIDTH 667 0
DWIDTH 12 0
BBX 10 14 0 0
BITMAP
3F00
3F00
C0C0
C0C0
C0C0
C0C0
C0C0
C0C0
C0C0
C0C0
3300
3300
F3C0
F3C0
ENDCHAR
STARTCHAR uni03B1
ENCODING 945
SWIDTH 667 0
DWIDTH 12 0
BBX 10 10 0 0
BITMAP
3CC0
3CC0
C300
C300
C300
C300
C300
C300
3CC0
3CC0
ENDCHAR
STARTCHAR uni03B2
ENCODING 946
SWIDTH 667 0
DWIDTH 12 0
BBX 10 16 0 -2
BITMAP
3C00
3C00
C300
C300
CC00
CC00
C300
C300
C0C0
C0C0
C0C0
C0C0
FF00
FF00
C000
C000
ENDCHAR
STARTCHAR uni03B3
ENCODING 947
SWIDTH 667 0
DWIDTH 12 0
BBX 10 12 0 -2
BITMAP
C0C0
C0C0
3300
3300
0C00
0C00
3300
3300
3300
3300
0C00
0C00
ENDCHAR
STARTCHAR uni03B4
ENCODING 948
SWIDTH 667 0
DWIDTH 12 0
BBX 10 14 0 0
BITMAP
0F00
0F00
3000
3000
0C00
0C00
3300
3300
C0C0
C0C0
C0C0
C0C0
3F00
3F00
ENDCHAR
STARTCHAR uni03B5
ENCODING 949
SWIDTH 667 0
DWIDTH 12 0
BBX 10 10 0 0
BITMAP
3FC0
3FC0
C000
C000
3C00
3C00
C000
C000
3FC0
3FC0
ENDCHAR
STARTCHAR uni03B6
ENCODING 950
SWIDTH 667 0
DWIDTH 12 0
BBX 10 16 0 -2
BITMAP
FF00
FF00
00C0
00C0
0300
0300
0C00
0C00
3000
3000
0F00
0F00
00C0
00C0
0300
0300
ENDCHAR
STARTCHAR uni03B7
ENCODING 951
SWIDTH 667 0
DWIDTH 12 0
BBX 10 12 0 -2
BITMAP
FF00
FF00
C0C0
C0C0
C0C0
C0C0
C0C0
C0C0
C0C0
C0C0
00C0
00C0
ENDCHAR
STARTCHAR uni03B8
ENCODING 952
SWIDTH 667 0
DWIDTH 12 0
BBX 10 14 0 0
BITMAP
3F00
3F00
C0C0
C0C0
C0C0
C0C0
FFC0
FFC0
C0C0
C0C0
C0C0
C0C0
3F00
3F00
ENDCHAR
STARTCHAR uni03B9
ENCODING 953
SWIDTH 667 0
DWIDTH 12 0
BBX 4 10 2 0
BITMAP
C0
C0
C0
C0
C0
C0
C0
C0
30
30
ENDCHAR
STARTCHAR uni03BA
ENCODING 954
SWIDTH 667 0
DWIDTH 12 0
BBX 8 10 0 0
BITMAP
C3
C3
CC
CC
F0
F0
CC
CC
C3
C3
ENDCHAR
STARTCHAR uni03BB
ENCODING 955
SWIDTH 667 0
DWIDTH 12 0
BBX 10 14 0 0
BITMAP
F000
F000
0C00
0C00
0C00
0C00
3300
3300
3300
3300
C0C0
C0C0
C0C0
C0C0
ENDCHAR
STARTCHAR uni03BC
ENCODING 956
SWIDTH 667 0
DWIDTH 12 0
BBX 10 12 0 -2
BITMAP
C0C0
C0C0
C0C0
C0C0
C0C0
C0C0
C0C0
C0C0
FF00
FF00
C000
C000
ENDCHAR
STARTCHAR uni03BD
ENCODING 957
SWIDTH 667 0
DWIDTH 12 0
BBX 10 10 0 0
BITMAP
C0C0
C0C0
C0C0
C0C0
3300
3300
3300
3300
0C00
0C00
ENDCHAR
STARTCHAR uni03BE
ENCODING 958
SWIDTH 667 0
DWIDTH 12 0
BBX 10 16 0 -2
BITMAP
C000
C000
3F00
3F00
C000
C000
3F00
3F00
C000
C000
3F00
3F00
00C0
00C0
0300
0300
ENDCHAR
STARTCHAR uni03BF
ENCODING 959
SWIDTH 667 0
DWIDTH 12 0
BBX 10 10 0 0
BITMAP
3F00
3F00
C0C0
C0C0
C0C0
C0C0
C0C0
C0C0
3F00
3F00
ENDCHAR
STARTCHAR uni03C0
ENCODING 960
SWIDTH 667 0
DWIDTH 12 0
BBX 10 10 0 0
BITMAP
FFC0
FFC0
3300
3300
3300
3300
3300
3300
3300
3300
ENDCHAR
STARTCHAR uni03C1
ENCODING 961
SWIDTH 667 0
DWIDTH 12 0
BBX 10 12 0 -2
BITMAP
3F00
3F00
C0C0
C0C0
C0C0
C0C0
FF00
FF00
C000
C000
C000
C000
ENDCHAR
STARTCHAR uni03C2
ENCODING 962
SWIDTH 667 0
DWIDTH 12 0
BBX 10 12 0 -2
BITMAP
3F00
3F00
C0C0
C0C0
C000
C000
3F00
3F00
00C0
00C0
0300
0300
ENDCHAR
STARTCHAR uni03C3
ENCODING 963
SWIDTH 667 0
DWIDTH 12 0
BBX 12 10 0 0
BITMAP
3FF0
3FF0
C0C0
C0C0
C0C0
C0C0
C0C0
C0C0
3F00
3F00
ENDCHAR
STARTCHAR uni03C4
ENCODING 964
SWIDTH 667 0
DWIDTH 12 0
BBX 10 10 0 0
BITMAP
FFC0
FFC0
0C00
0C00
0C00
0C00
0C00
0C00
0300
0300
ENDCHAR
STARTCHAR uni03C5
ENCODING 965
SWIDTH 667 0
DWIDTH 12 0
BBX 10 10 0 0
BITMAP
C300
C300
C0C0
C0C0
C0C0
C0C0
C0C0
C0C0
3F00
3F00
ENDCHAR
STARTCHAR uni03C6
ENCODING 966
SWIDTH 667 0
DWIDTH 12 0
BBX 10 12 0 -2
BITMAP
0300
0300
CCC0
CCC0
CCC0
CCC0
CCC0
CCC0
3F00
3F00
0C00
0C00
ENDCHAR
STARTCHAR uni03C7
ENCODING 967
SWIDTH 667 0
DWIDTH 12 0
BBX 10 12 0 -2
BITMAP
C0C0
C0C0
3300
3300
0C00
0C00
3300
3300
C0C0
C0C0
C0C0
C0C0
ENDCHAR
STARTCHAR uni03C8
ENCODING 968
SWIDTH 667 0
DWIDTH 12 0
BBX 10 12 0 -2
BITMAP
CCC0
CCC0
CCC0
CCC0
CCC0
CCC0
3F00
3F00
0C00
0C00
0C00
0C00
ENDCHAR
STARTCHAR uni03C9
ENCODING 969
SWIDTH 667 0
DWIDTH 12 0
BBX 14 10 0 0
BITMAP
3030
3030
C00C
C00C
C30C
C30C
C30C
C30C
3CF0
3CF0
ENDCHAR
STARTCHAR uni03DB
ENCODING 987
SWIDTH 667 0
DWIDTH 12 0
BBX 10 14 0 0
BITMAP
3F00
3F00
C0C0
C0C0
C000
C000
C000
C000
3FC0
3FC0
00C0
00C0
FFC0
FFC0
ENDCHAR
STARTCHAR uni0400
ENCODING 1024
SWIDTH 667 0
DWIDTH 12 0
BBX 10 20 0 0
BITMAP
3000
3000
0C00
0C00
0000
0000
FFC0
FFC0
C000
C000
FC00
FC00
C000
C000
C000
C000
C000
C000
FFC0
FFC0
ENDCHAR
STARTCHAR uni0401
ENCODING 1025
SWIDTH 667 0
DWIDTH 12 0
BBX 10 18 0 0
BITMAP
3300
3300
0000
0000
FFC0
FFC0
C000
C000
FC00
FC00
C000
C000
C000
C000
C000
C000
FFC0
FFC0
ENDCHAR
STARTCHAR uni0402
ENCODING 1026
SWIDTH 667 0
DWIDTH 12 0
BBX 10 14 0 0
BITMAP
FF00
FF00
3000
3000
3000
3000
3FC0
3FC0
30C0
30C0
30C0
30C0
3300
3300
ENDCHAR
STARTCHAR uni0403
ENCODING 1027
SWIDTH 667 0
DWIDTH 12 0
BBX 10 20 0 0
BITMAP
0300
0300
0C00
0C00
0000
0000
FFC0
FFC0
C000
C000
C000
C000
C000
C000
C000
C000
C000
C000
C000
C000
ENDCHAR
STARTCHAR uni0404
ENCODING 1028
SWIDTH 667 0
DWIDTH 12 0
BBX 10 14 0 0
BITMAP
3F00
3F00
C0C0
C0C0
C000
C000
FC00
FC00
C000
C000
C0C0
C0C0
3F00
3F00
ENDCHAR
STARTCHAR uni0405
ENCODING 1029
SWIDTH 667 0
DWIDTH 12 0
BBX 10 14 0 0
BITMAP
3FC0
3FC0
C000
C000
3F00
3F00
00C0
00C0
00C0
00C0
C0C0
C0C0
3F00
3F00
ENDCHAR
STARTCHAR uni0406
ENCODING 1030
SWIDTH 667 0
DWIDTH 12 0
BBX 6 14 2 0
BITMAP
FC
FC
30
30
30
30
30
30
30
30
30
30
FC
FC
ENDCHAR
STARTCHAR uni0407
ENCODING 1031
SWIDTH 667 0
DWIDTH 12 0
BBX 6 18 2 0
BITMAP
CC
CC
00
00
FC
FC
30
30
30
30
30
30
30
30
30
30
FC
FC
ENDCHAR
STARTCHAR uni0408
ENCODING 1032
SWIDTH 667 0
DWIDTH 12 0
BBX 10 14 0 0
BITMAP
00C0
00C0
00C0
00C0
00C0
00C0
00C0
00C0
00C0
00C0
C0C0
C0C0
3F00
3F00
ENDCHAR
STARTCHAR uni0409
ENCODING 1033
SWIDTH 667 0
DWIDTH 12 0
BBX 12 14 0 0
BITMAP
3F00
3F00
3300
3300
33C0
33C0
3330
3330
3330
3330
3330
3330
C3C0
C3C0
ENDCHAR
STARTCHAR uni040A
ENCODING 1034
SWIDTH 667 0
DWIDTH 12 0
BBX 10 14 0 0
BITMAP
CC00
CC00
CC00
CC00
FF00
FF00
CCC0
CCC0
CCC0
CCC0
CCC0
CCC0
CF00
CF00
ENDCHAR
STARTCHAR uni040B
ENCODING 1035
SWIDTH 667 0
DWIDTH 12 0
BBX 10 14 0 0
BITMAP
3000
3000
FFC0
FFC0
3000
3000
3300
3300
3CC0
3CC0
30C0
30C0
30C0
30C0
ENDCHAR
STARTCHAR uni040C
ENCODING 1036
SWIDTH 667 0
DWIDTH 12 0
BBX 10 20 0 0
BITMAP
0300
0300
0C00
0C00
0000
0000
C0C0
C0C0
C300
C300
FC00
FC00
C300
C300
C0C0
C0C0
C0C0
C0C0
C0C0
C0C0
ENDCHAR
STARTCHAR uni040D
ENCODING 1037
SWIDTH 667 0
DWIDTH 12 0
BBX 10 20 0 0
BITMAP
3000
3000
0C00
0C00
0000
0000
C0C0
C0C0
C3C0
C3C0
CCC0
CCC0
F0C0
F0C0
C0C0
C0C0
C0C0
C0C0
C0C0
C0C0
ENDCHAR
STARTCHAR uni040E
ENCODING 1038
SWIDTH 667 0
DWIDTH 12 0
BBX 10 20 0 0
BITMAP
30C0
30C0
0F00
0F00
0000
0000
C0C0
C0C0
C0C0
C0C0
C0C0
C0C0
3FC0
3FC0
00C0
00C0
00C0
00C0
FF00
FF00
ENDCHAR
STARTCHAR uni040F
ENCODING 1039
SWIDTH 667 0
DWIDTH 12 0
BBX 10 16 0 -2
BITMAP
C0C0
C0C0
C0C0
C0C0
C0C0
C0C0
C0C0
C0C0
C0C0
C0C0
C0C0
C0C0
FFC0
FFC0
0C00
0C00
ENDCHAR
STARTCHAR uni0410
ENCODING 1040
SWIDTH 667 0
DWIDTH 12 0
BBX 10 14 0 0
BITMAP
3F00
3F00
C0C0
C0C0
FFC0
FFC0
C0C0
C0C0
C0C0
C0C0
C0C0
C0C0
C0C0
C0C0
ENDCHAR
STARTCHAR uni0411
ENCODING 1041
SWIDTH 667 0
DWIDTH 12 0
BBX 10 14 0 0
BITMAP
FFC0
FFC0
C000
C000
FF00
FF00
C0C0
C0C0
C0C0
C0C0
C0C0
C0C0
FF00
FF00
ENDCHAR
STARTCHAR uni0412
ENCODING 1042
SWIDTH 667 0
DWIDTH 12 0
BBX 10 14 0 0
BITMAP
FF00
FF00
C0C0
C0C0
FF00
FF00
C0C0
C0C0
C0C0
C0C0
C0C0
C0C0
FF00
FF00
ENDCHAR
STARTCHAR uni0413
ENCODING 1043
SWIDTH 667 0
DWIDTH 12 0
BBX 10 14 0 0
BITMAP
FFC0
FFC0
C000
C000
C000
C000
C000
C000
C000
C000
C000
C000
C000
C000
ENDCHAR
STARTCHAR uni0414
ENCODING 1044
SWIDTH 667 0
DWIDTH 12 0
BBX 10 16 0 -2
BITMAP
0FC0
0FC0
0CC0
0CC0
0CC0
0CC0
30C0
30C0
30C0
30C0
30C0
30C0
FFC0
FFC0
C0C0
C0C0
ENDCHAR
STARTCHAR uni0415
ENCODING 1045
SWIDTH 667 0
DWIDTH 12 0
BBX 10 14 0 0
BITMAP
FFC0
FFC0
C000
C000
FC00
FC00
C000
C000
C000
C000
C000
C000
FFC0
FFC0
ENDCHAR
STARTCHAR uni0416
ENCODING 1046
SWIDTH 667 0
DWIDTH 12 0
BBX 10 14 0 0
BITMAP
CCC0
CCC0
CCC0
CCC0
3F00
3F00
CCC0
CCC0
CCC0
CCC0
CCC0
CCC0
CCC0
CCC0
ENDCHAR
STARTCHAR uni0417
ENCODING 1047
SWIDTH 667 0
DWIDTH 12 0
BBX 10 14 0 0
BITMAP
3F00
3F00
C0C0
C0C0
0F00
0F00
00C0
00C0
00C0
00C0
C0C0
C0C0
3F00
3F00
ENDCHAR
STARTCHAR uni0418
ENCODING 1048
SWIDTH 667 0
DWIDTH 12 0
BBX 10 14 0 0
BITMAP
C0C0
C0C0
C3C0
C3C0
CCC0
CCC0
F0C0
F0C0
C0C0
C0C0
C0C0
C0C0
C0C0
C0C0
ENDCHAR
STARTCHAR uni0419
ENCODING 1049
SWIDTH 667 0
DWIDTH 12 0
BBX 10 20 0 0
BITMAP
30C0
30C0
0F00
0F00
0000
0000
C0C0
C0C0
C3C0
C3C0
CCC0
CCC0
F0C0
F0C0
C0C0
C0C0
C0C0
C0C0
C0C0
C0C0
ENDCHAR
STARTCHAR uni041A
ENCODING 1050
SWIDTH 667 0
DWIDTH 12 0
BBX 10 14 0 0
BITMAP
C0C0
C0C0
C300
C300
FC00
FC00
C300
C300
C0C0
C0C0
C0C0
C0C0
C0C0
C0C0
ENDCHAR
STARTCHAR uni041B
ENCODING 1051
SWIDTH 667 0
DWIDTH 12 0
BBX 10 14 0 0
BITMAP
3FC0
3FC0
30C0
30C0
30C0
30C0
30C0
30C0
30C0
30C0
30C0
30C0
C0C0
C0C0
ENDCHAR
STARTCHAR uni041C
ENCODING 1052
SWIDTH 667 0
DWIDTH 12 0
BBX 10 14 0 0
BITMAP
C0C0
C0C0
F3C0
F3C0
CCC0
CCC0
C0C0
C0C0
C0C0
C0C0
C0C0
C0C0
C0C0
C0C0
ENDCHAR
STARTCHAR uni041D
ENCODING 1053
SWIDTH 667 0
DWIDTH 12 0
BBX 10 14 0 0
BITMAP
C0C0
C0C0
C0C0
C0C0
FFC0
FFC0
C0C0
C0C0
C0C0
C0C0
C0C0
C0C0
C0C0
C0C0
ENDCHAR
STARTCHAR uni041E
ENCODING 1054
SWIDTH 667 0
DWIDTH 12 0
BBX 10 14 0 0
BITMAP
3F00
3F00
C0C0
C0C0
C0C0
C0C0
C0C0
C0C0
C0C0
C0C0
C0C0
C0C0
3F00
3F00
ENDCHAR
STARTCHAR uni041F
ENCODING 1055
SWIDTH 667 0
DWIDTH 12 0
BBX 10 14 0 0
BITMAP
FFC0
FFC0
C0C0
C0C0
C0C0
C0C0
C0C0
C0C0
C0C0
C0C0
C0C0
C0C0
C0C0
C0C0
ENDCHAR
STARTCHAR uni0420
ENCODING 1056
SWIDTH 667 0
DWIDTH 12 0
BBX 10 14 0 0
BITMAP
FF00
FF00
C0C0
C0C0
FF00
FF00
C000
C000
C000
C000
C000
C000
C000
C000
ENDCHAR
STARTCHAR uni0421
ENCODING 1057
SWIDTH 667 0
DWIDTH 12 0
BBX 10 14 0 0
BITMAP
3F00
3F00
C0C0
C0C0
C000
C000
C000
C000
C000
C000
C0C0
C0C0
3F00
3F00
ENDCHAR
STARTCHAR uni0422
ENCODING 1058
SWIDTH 667 0
DWIDTH 12 0
BBX 10 14 0 0
BITMAP
FFC0
FFC0
0C00
0C00
0C00
0C00
0C00
0C00
0C00
0C00
0C00
0C00
0C00
0C00
ENDCHAR
STARTCHAR uni0423
ENCODING 1059
SWIDTH 667 0
DWIDTH 12 0
BBX 10 14 0 0
BITMAP
C0C0
C0C0
C0C0
C0C0
C0C0
C0C0
3FC0
3FC0
00C0
00C0
00C0
00C0
FF00
FF00
ENDCHAR
STARTCHAR uni0424
ENCODING 1060
SWIDTH 667 0
DWIDTH 12 0
BBX 10 16 0 -2
BITMAP
0C00
0C00
3F00
3F00
CCC0
CCC0
CCC0
CCC0
CCC0
CCC0
CCC0
CCC0
3F00
3F00
0C00
0C00
ENDCHAR
STARTCHAR uni0425
ENCODING 1061
SWIDTH 667 0
DWIDTH 12 0
BBX 10 14 0 0
BITMAP
C0C0
C0C0
3300
3300
0C00
0C00
3300
3300
C0C0
C0C0
C0C0
C0C0
C0C0
C0C0
ENDCHAR
STARTCHAR uni0426
ENCODING 1062
SWIDTH 667 0
DWIDTH 12 0
BBX 10 16 0 -2
BITMAP
C300
C300
C300
C300
C300
C300
C300
C300
C300
C300
C300
C300
FFC0
FFC0
00C0
00C0
ENDCHAR
STARTCHAR uni0427
ENCODING 1063
SWIDTH 667 0
DWIDTH 12 0
BBX 10 14 0 0
BITMAP
C0C0
C0C0
C0C0
C0C0
C0C0
C0C0
3FC0
3FC0
00C0
00C0
00C0
00C0
00C0
00C0
ENDCHAR
STARTCHAR uni0428
ENCODING 1064
SWIDTH 667 0
DWIDTH 12 0
BBX 10 14 0 0
BITMAP
CCC0
CCC0
CCC0
CCC0
CCC0
CCC0
CCC0
CCC0
CCC0
CCC0
CCC0
CCC0
FFC0
FFC0
ENDCHAR
STARTCHAR uni0429
ENCODING 1065
SWIDTH 667 0
DWIDTH 12 0
BBX 12 16 0 -2
BITMAP
CCC0
CCC0
CCC0
CCC0
CCC0
CCC0
CCC0
CCC0
CCC0
CCC0
CCC0
CCC0
FFF0
FFF0
0030
0030
ENDCHAR
STARTCHAR uni042A
ENCODING 1066
SWIDTH 667 0
DWIDTH 12 0
BBX 10 14 0 0
BITMAP
F000
F000
3000
3000
3000
3000
3F00
3F00
30C0
30C0
30C0
30C0
3F00
3F00
ENDCHAR
STARTCHAR uni042B
ENCODING 1067
SWIDTH 667 0
DWIDTH 12 0
BBX 10 14 0 0
BITMAP
C0C0
C0C0
C0C0
C0C0
C0C0
C0C0
F0C0
F0C0
CCC0
CCC0
CCC0
CCC0
F0C0
F0C0
ENDCHAR
STARTCHAR uni042C
ENCODING 1068
SWIDTH 667 0
DWIDTH 12 0
BBX 10 14 0 0
BITMAP
C000
C000
C000
C000
C000
C000
FF00
FF00
C0C0
C0C0
C0C0
C0C0
FF00
FF00
ENDCHAR
STARTCHAR uni042D
ENCODING 1069
SWIDTH 667 0
DWIDTH 12 0
BBX 10 14 0 0
BITMAP
3F00
3F00
C0C0
C0C0
00C0
00C0
0FC0
0FC0
00C0
00C0
C0C0
C0C0
3F00
3F00
ENDCHAR
STARTCHAR uni042E
ENCODING 1070
SWIDTH 667 0
DWIDTH 12 0
BBX 10 14 0 0
BITMAP
C300
C300
CCC0
CCC0
CCC0
CCC0
FCC0
FCC0
CCC0
CCC0
CCC0
CCC0
C300
C300
ENDCHAR
STARTCHAR uni042F
ENCODING 1071
SWIDTH 667 0
DWIDTH 12 0
BBX 10 14 0 0
BITMAP
3FC0
3FC0
C0C0
C0C0
3FC0
3FC0
C0C0
C0C0
C0C0
C0C0
C0C0
C0C0
C0C0
C0C0
ENDCHAR
STARTCHAR uni0430
ENCODING 1072
SWIDTH 667 0
DWIDTH 12 0
BBX 10 10 0 0
BITMAP
3F00
3F00
00C0
00C0
3FC0
3FC0
C0C0
C0C0
3FC0
3FC0
ENDCHAR
STARTCHAR uni0431
ENCODING 1073
SWIDTH 667 0
DWIDTH 12 0
BBX 10 14 0 0
BITMAP
3FC0
3FC0
C000
C000
FF00
FF00
C0C0
C0C0
C0C0
C0C0
C0C0
C0C0
3F00
3F00
ENDCHAR
STARTCHAR uni0432
ENCODING 1074
SWIDTH 667 0
DWIDTH 12 0
BBX 10 10 0 0
BITMAP
FF00
FF00
C0C0
C0C0
FF00
FF00
C0C0
C0C0
FF00
FF00
ENDCHAR
STARTCHAR uni0433
ENCODING 1075
SWIDTH 667 0
DWIDTH 12 0
BBX 8 10 2 0
BITMAP
FF
FF
C0
C0
C0
C0
C0
C0
C0
C0
ENDCHAR
STARTCHAR uni0434
ENCODING 1076
SWIDTH 667 0
DWIDTH 12 0
BBX 10 12 0 -2
BITMAP
0FC0
0FC0
0CC0
0CC0
30C0
30C0
30C0
30C0
FFC0
FFC0
C0C0
C0C0
ENDCHAR
STARTCHAR uni0435
ENCODING 1077
SWIDTH 667 0
DWIDTH 12 0
BBX 10 10 0 0
BITMAP
3F00
3F00
C0C0
C0C0
FFC0
FFC0
C000
C000
3FC0
3FC0
ENDCHAR
STARTCHAR uni0436
ENCODING 1078
SWIDTH 667 0
DWIDTH 12 0
BBX 10 10 0 0
BITMAP
CCC0
CCC0
CCC0
CCC0
3F00
3F00
CCC0
CCC0
CCC0
CCC0
ENDCHAR
STARTCHAR uni0437
ENCODING 1079
SWIDTH 667 0
DWIDTH 12 0
BBX 10 10 0 0
BITMAP
3F00
3F00
C0C0
C0C0
0F00
0F00
C0C0
C0C0
3F00
3F00
ENDCHAR
STARTCHAR uni0438
ENCODING 1080
SWIDTH 667 0
DWIDTH 12 0
BBX 10 10 0 0
BITMAP
C0C0
C0C0
C3C0
C3C0
CCC0
CCC0
F0C0
F0C0
C0C0
C0C0
ENDCHAR
STARTCHAR uni0439
ENCODING 1081
SWIDTH 667 0
DWIDTH 12 0
BBX 10 16 0 0
BITMAP
30C0
30C0
0F00
0F00
0000
0000
C0C0
C0C0
C3C0
C3C0
CCC0
CCC0
F0C0
F0C0
C0C0
C0C0
ENDCHAR
STARTCHAR uni043A
ENCODING 1082
SWIDTH 667 0
DWIDTH 12 0
BBX 10 10 0 0
BITMAP
C0C0
C0C0
C300
C300
FC00
FC00
C300
C300
C0C0
C0C0
ENDCHAR
STARTCHAR uni043B
ENCODING 1083
SWIDTH 667 0
DWIDTH 12 0
BBX 10 10 0 0
BITMAP
3FC0
3FC0
30C0
30C0
30C0
30C0
30C0
30C0
C0C0
C0C0
ENDCHAR
STARTCHAR uni043C
ENCODING 1084
SWIDTH 667 0
DWIDTH 12 0
BBX 10 10 0 0
BITMAP
C0C0
C0C0
F3C0
F3C0
CCC0
CCC0
C0C0
C0C0
C0C0
C0C0
ENDCHAR
STARTCHAR uni043D
ENCODING 1085
SWIDTH 667 0
DWIDTH 12 0
BBX 10 10 0 0
BITMAP
C0C0
C0C0
C0C0
C0C0
FFC0
FFC0
C0C0
C0C0
C0C0
C0C0
ENDCHAR
STARTCHAR uni043E
ENCODING 1086
SWIDTH 667 0
DWIDTH 12 0
BBX 10 10 0 0
BITMAP
3F00
3F00
C0C0
C0C0
C0C0
C0C0
C0C0
C0C0
3F00
3F00
ENDCHAR
STARTCHAR uni043F
ENCODING 1087
SWIDTH 667 0
DWIDTH 12 0
BBX 10 10 0 0
BITMAP
FFC0
FFC0
C0C0
C0C0
C0C0
C0C0
C0C0
C0C0
C0C0
C0C0
ENDCHAR
STARTCHAR uni0440
ENCODING 1088
SWIDTH 667 0
DWIDTH 12 0
BBX 10 12 0 -2
BITMAP
CF00
CF00
F0C0
F0C0
C0C0
C0C0
FF00
FF00
C000
C000
C000
C000
ENDCHAR
STARTCHAR uni0441
ENCODING 1089
SWIDTH 667 0
DWIDTH 12 0
BBX 10 10 0 0
BITMAP
3F00
3F00
C0C0
C0C0
C000
C000
C0C0
C0C0
3F00
3F00
ENDCHAR
STARTCHAR uni0442
ENCODING 1090
SWIDTH 667 0
DWIDTH 12 0
BBX 10 10 0 0
BITMAP
FFC0
FFC0
0C00
0C00
0C00
0C00
0C00
0C00
0C00
0C00
ENDCHAR
STARTCHAR uni0443
ENCODING 1091
SWIDTH 667 0
DWIDTH 12 0
BBX 10 12 0 -2
BITMAP
C0C0
C0C0
C0C0
C0C0
C0C0
C0C0
3FC0
3FC0
00C0
00C0
FF00
FF00
ENDCHAR
STARTCHAR uni0444
ENCODING 1092
SWIDTH 667 0
DWIDTH 12 0
BBX 10 12 0 -2
BITMAP
3F00
3F00
CCC0
CCC0
CCC0
CCC0
CCC0
CCC0
3F00
3F00
0C00
0C00
ENDCHAR
STARTCHAR uni0445
ENCODING 1093
SWIDTH 667 0
DWIDTH 12 0
BBX 10 10 0 0
BITMAP
C0C0
C0C0
3300
3300
0C00
0C00
3300
3300
C0C0
C0C0
ENDCHAR
STARTCHAR uni0446
ENCODING 1094
SWIDTH 667 0
DWIDTH 12 0
BBX 10 12 0 -2
BITMAP
C300
C300
C300
C300
C300
C300
C300
C300
FFC0
FFC0
00C0
00C0
ENDCHAR
STARTCHAR uni0447
ENCODING 1095
SWIDTH 667 0
DWIDTH 12 0
BBX 10 10 0 0
BITMAP
C0C0
C0C0
C0C0
C0C0
3FC0
3FC0
00C0
00C0
00C0
00C0
ENDCHAR
STARTCHAR uni0448
ENCODING 1096
SWIDTH 667 0
DWIDTH 12 0
BBX 10 10 0 0
BITMAP
CCC0
CCC0
CCC0
CCC0
CCC0
CCC0
CCC0
CCC0
FFC0
FFC0
ENDCHAR
STARTCHAR uni0449
ENCODING 1097
SWIDTH 667 0
DWIDTH 12 0
BBX 12 12 0 -2
BITMAP
CCC0
CCC0
CCC0
CCC0
CCC0
CCC0
CCC0
CCC0
FFF0
FFF0
0030
0030
ENDCHAR
STARTCHAR uni044A
ENCODING 1098
SWIDTH 667 0
DWIDTH 12 0
BBX 10 10 0 0
BITMAP
F000
F000
3000
3000
3F00
3F00
30C0
30C0
3F00
3F00
ENDCHAR
STARTCHAR uni044B
ENCODING 1099
SWIDTH 667 0
DWIDTH 12 0
BBX 10 10 0 0
BITMAP
C0C0
C0C0
C0C0
C0C0
F0C0
F0C0
CCC0
CCC0
F0C0
F0C0
ENDCHAR
STARTCHAR uni044C
ENCODING 1100
SWIDTH 667 0
DWIDTH 12 0
BBX 10 10 0 0
BITMAP
C000
C000
C000
C000
FF00
FF00
C0C0
C0C0
FF00
FF00
ENDCHAR
STARTCHAR uni044D
ENCODING 1101
SWIDTH 667 0
DWIDTH 12 0
BBX 10 10 0 0
BITMAP
3F00
3F00
C0C0
C0C0
0FC0
0FC0
C0C0
C0C0
3F00
3F00
ENDCHAR
STARTCHAR uni044E
ENCODING 1102
SWIDTH 667 0
DWIDTH 12 0
BBX 10 10 0 0
BITMAP
C300
C300
CCC0
CCC0
FCC0
FCC0
CCC0
CCC0
C300
C300
ENDCHAR
STARTCHAR uni044F
ENCODING 1103
SWIDTH 667 0
DWIDTH 12 0
BBX 10 10 0 0
BITMAP
3FC0
3FC0
C0C0
C0C0
3FC0
3FC0
C0C0
C0C0
C0C0
C0C0
ENDCHAR
STARTCHAR uni0450
ENCODING 1104
SWIDTH 667 0
DWIDTH 12 0
BBX 10 16 0 0
BITMAP
3000
3000
0C00
0C00
0000
0000
3F00
3F00
C0C0
C0C0
FFC0
FFC0
C000
C000
3FC0
3FC0
ENDCHAR
STARTCHAR uni0451
ENCODING 1105
SWIDTH 667 0
DWIDTH 12 0
BBX 10 14 0 0
BITMAP
3300
3300
0000
0000
3F00
3F00
C0C0
C0C0
FFC0
FFC0
C000
C000
3FC0
3FC0
ENDCHAR
STARTCHAR uni0452
ENCODING 1106
SWIDTH 667 0
DWIDTH 12 0
BBX 10 16 0 0
BITMAP
3000
3000
FF00
FF00
3000
3000
3300
3300
3CC0
3CC0
30C0
30C0
30C0
30C0
0300
0300
ENDCHAR
STARTCHAR uni0453
ENCODING 1107
SWIDTH 667 0
DWIDTH 12 0
BBX 8 16 2 0
BITMAP
0C
0C
30
30
00
00
FF
FF
C0
C0
C0
C0
C0
C0
C0
C0
ENDCHAR
STARTCHAR uni0454
ENCODING 1108
SWIDTH 667 0
DWIDTH 12 0
BBX 10 10 0 0
BITMAP
3F00
3F00
C0C0
C0C0
FC00
FC00
C0C0
C0C0
3F00
3F00
ENDCHAR
STARTCHAR uni0455
ENCODING 1109
SWIDTH 667 0
DWIDTH 12 0
BBX 10 10 0 0
BITMAP
3FC0
3FC0
C000
C000
3F00
3F00
00C0
00C0
FF00
FF00
ENDCHAR
STARTCHAR uni0456
ENCODING 1110
SWIDTH 667 0
DWIDTH 12 0
BBX 8 14 1 0
BITMAP
30
30
00
00
F0
F0
30
30
30
30
30
30
0F
0F
ENDCHAR
STARTCHAR uni0457
ENCODING 1111
SWIDTH 667 0
DWIDTH 12 0
BBX 8 14 1 0
BITMAP
CC
CC
00
00
F0
F0
30
30
30
30
30
30
0F
0F
ENDCHAR
STARTCHAR uni0458
ENCODING 1112
SWIDTH 667 0
DWIDTH 12 0
BBX 10 16 0 -2
BITMAP
00C0
00C0
0000
0000
00C0
00C0
00C0
00C0
00C0
00C0
C0C0
C0C0
C0C0
C0C0
3F00
3F00
ENDCHAR
STARTCHAR uni0459
ENCODING 1113
SWIDTH 667 0
DWIDTH 12 0
BBX 12 10 0 0
BITMAP
3F00
3F00
3300
3300
33C0
33C0
3330
3330
C3C0
C3C0
ENDCHAR
STARTCHAR uni045A
ENCODING 1114
SWIDTH 667 0
DWIDTH 12 0
BBX 10 10 0 0
BITMAP
CC00
CC00
CC00
CC00
FF00
FF00
CCC0
CCC0
CF00
CF00
ENDCHAR
STARTCHAR uni045B
ENCODING 1115
SWIDTH 667 0
DWIDTH 12 0
BBX 10 14 0 0
BITMAP
3000
3000
FF00
FF00
3000
3000
3300
3300
3CC0
3CC0
30C0
30C0
30C0
30C0
ENDCHAR
STARTCHAR uni045C
ENCODING 1116
SWIDTH 667 0
DWIDTH 12 0
BBX 10 16 0 0
BITMAP
0300
0300
0C00
0C00
0000
0000
C0C0
C0C0
C300
C300
FC00
FC00
C300
C300
C0C0
C0C0
ENDCHAR
STARTCHAR uni045D
ENCODING 1117
SWIDTH 667 0
DWIDTH 12 0
BBX 10 16 0 0
BITMAP
3000
3000
0C00
0C00
0000
0000
C0C0
C0C0
C3C0
C3C0
CCC0
CCC0
F0C0
F0C0
C0C0
C0C0
ENDCHAR
STARTCHAR uni045E
ENCODING 1118
SWIDTH 667 0
DWIDTH 12 0
BBX 10 18 0 -2
BITMAP
30C0
30C0
0F00
0F00
0000
0000
C0C0
C0C0
C0C0
C0C0
C0C0
C0C0
3FC0
3FC0
00C0
00C0
FF00
FF00
ENDCHAR
STARTCHAR uni045F
ENCODING 1119
SWIDTH 667 0
DWIDTH 12 0
BBX 10 12 0 -2
BITMAP
C0C0
C0C0
C0C0
C0C0
C0C0
C0C0
C0C0
C0C0
FFC0
FFC0
0C00
0C00
ENDCHAR
STARTCHAR uni0462
ENCODING 1122
SWIDTH 667 0
DWIDTH 12 0
BBX 12 14 0 0
BITMAP
3000
3000
FC00
FC00
3000
3000
3FC0
3FC0
3030
3030
3030
3030
3FC0
3FC0
ENDCHAR
STARTCHAR uni0463
ENCODING 1123
SWIDTH 667 0
DWIDTH 12 0
BBX 12 12 0 0
BITMAP
3000
3000
FC00
FC00
3000
3000
3FC0
3FC0
3030
3030
3FC0
3FC0
ENDCHAR
STARTCHAR uni0472
ENCODING 1138
SWIDTH 667 0
DWIDTH 12 0
BBX 10 14 0 0
BITMAP
3F00
3F00
C0C0
C0C0
C0C0
C0C0
FFC0
FFC0
C0C0
C0C0
C0C0
C0C0
3F00
3F00
ENDCHAR
STARTCHAR uni0473
ENCODING 1139
SWIDTH 667 0
DWIDTH 12 0
BBX 10 10 0 0
BITMAP
3F00
3F00
C0C0
C0C0
FFC0
FFC0
C0C0
C0C0
3F00
3F00
ENDCHAR
STARTCHAR uni0474
ENCODING 1140
SWIDTH 667 0
DWIDTH 12 0
BBX 12 14 0 0
BITMAP
C030
C030
C0C0
C0C0
C0C0
C0C0
C0C0
C0C0
3300
3300
3300
3300
0C00
0C00
ENDCHAR
STARTCHAR uni0475
ENCODING 1141
SWIDTH 667 0
DWIDTH 12 0
BBX 12 10 0 0
BITMAP
C030
C030
C0C0
C0C0
C0C0
C0C0
3300
3300
0C00
0C00
ENDCHAR
STARTCHAR uni0490
ENCODING 1168
SWIDTH 667 0
DWIDTH 12 0
BBX 10 18 0 0
BITMAP
00C0
00C0
00C0
00C0
FFC0
FFC0
C000
C000
C000
C000
C000
C000
C000
C000
C000
C000
C000
C000
ENDCHAR
STARTCHAR uni0491
ENCODING 1169
SWIDTH 667 0
DWIDTH 12 0
BBX 10 14 0 0
BITMAP
00C0
00C0
00C0
00C0
FFC0
FFC0
C000
C000
C000
C000
C000
C000
C000
C000
ENDCHAR
STARTCHAR uni0492
ENCODING 1170
SWIDTH 667 0
DWIDTH 12 0
BBX 12 14 0 0
BITMAP
3FF0
3FF0
3000
3000
FC00
FC00
3000
3000
3000
3000
3000
3000
3000
3000
ENDCHAR
STARTCHAR uni0493
ENCODING 1171
SWIDTH 667 0
DWIDTH 12 0
BBX 10 10 0 0
BITMAP
3FC0
3FC0
3000
3000
FC00
FC00
3000
3000
3000
3000
ENDCHAR
STARTCHAR uni0496
ENCODING 1174
SWIDTH 667 0
DWIDTH 12 0
BBX 16 16 0 -2
BITMAP
C30C
C30C
3330
3330
0FC0
0FC0
3330
3330
C30C
C30C
C30C
C30C
C30F
C30F
0003
0003
ENDCHAR
STARTCHAR uni0497
ENCODING 1175
SWIDTH 667 0
DWIDTH 12 0
BBX 12 12 0 -2
BITMAP
CCC0
CCC0
CCC0
CCC0
3F00
3F00
CCC0
CCC0
CCF0
CCF0
0030
0030
ENDCHAR
STARTCHAR uni049A
ENCODING 1178
SWIDTH 667 0
DWIDTH 12 0
BBX 12 16 0 -2
BITMAP
C0C0
C0C0
C300
C300
FC00
FC00
C300
C300
C0C0
C0C0
C0C0
C0C0
C0F0
C0F0
0030
0030
ENDCHAR
STARTCHAR uni049B
ENCODING 1179
SWIDTH 667 0
DWIDTH 12 0
BBX 10 12 0 -2
BITMAP
C300
C300
CC00
CC00
F000
F000
CC00
CC00
C3C0
C3C0
00C0
00C0
ENDCHAR
STARTCHAR uni04A2
ENCODING 1186
SWIDTH 667 0
DWIDTH 12 0
BBX 12 16 0 -2
BITMAP
C0C0
C0C0
C0C0
C0C0
FFC0
FFC0
C0C0
C0C0
C0C0
C0C0
C0C0
C0C0
C0F0
C0F0
0030
0030
ENDCHAR
STARTCHAR uni04A3
ENCODING 1187
SWIDTH 667 0
DWIDTH 12 0
BBX 12 12 0 -2
BITMAP
C0C0
C0C0
C0C0
C0C0
FFC0
FFC0
C0C0
C0C0
C0F0
C0F0
0030
0030
ENDCHAR
STARTCHAR uni04AE
ENCODING 1198
SWIDTH 667 0
DWIDTH 12 0
BBX 10 14 0 0
BITMAP
C0C0
C0C0
3300
3300
0C00
0C00
0C00
0C00
0C00
0C00
0C00
0C00
0C00
0C00
ENDCHAR
STARTCHAR uni04AF
ENCODING 1199
SWIDTH 667 0
DWIDTH 12 0
BBX 10 12 0 -2
BITMAP
C0C0
C0C0
C0C0
C0C0
3300
3300
0C00
0C00
0C00
0C00
0C00
0C00
ENDCHAR
STARTCHAR uni04B0
ENCODING 1200
SWIDTH 667 0
DWIDTH 12 0
BBX 10 14 0 0
BITMAP
C0C0
C0C0
3300
3300
0C00
0C00
3F00
3F00
0C00
0C00
0C00
0C00
0C00
0C00
ENDCHAR
STARTCHAR uni04B1
ENCODING 1201
SWIDTH 667 0
DWIDTH 12 0
BBX 10 12 0 -2
BITMAP
C0C0
C0C0
C0C0
C0C0
3300
3300
0C00
0C00
3F00
3F00
0C00
0C00
ENDCHAR
STARTCHAR uni04BA
ENCODING 1210
SWIDTH 667 0
DWIDTH 12 0
BBX 10 14 0 0
BITMAP
C000
C000
C000
C000
FF00
FF00
C0C0
C0C0
C0C0
C0C0
C0C0
C0C0
C0C0
C0C0
ENDCHAR
STARTCHAR uni04BB
ENCODING 1211
SWIDTH 667 0
DWIDTH 12 0
BBX 10 14 0 0
BITMAP
C000
C000
C000
C000
CF00
CF00
F0C0
F0C0
C0C0
C0C0
C0C0
C0C0
C0C0
C0C0
ENDCHAR
STARTCHAR uni04C0
ENCODING 1216
SWIDTH 667 0
DWIDTH 12 0
BBX 6 14 2 0
BITMAP
FC
FC
30
30
30
30
30
30
30
30
30
30
FC
FC
ENDCHAR
STARTCHAR uni04C1
ENCODING 1217
SWIDTH 667 0
DWIDTH 12 0
BBX 10 20 0 0
BITMAP
30C0
30C0
0F00
0F00
0000
0000
CCC0
CCC0
CCC0
CCC0
3F00
3F00
CCC0
CCC0
CCC0
CCC0
CCC0
CCC0
CCC0
CCC0
ENDCHAR
STARTCHAR uni04C2
ENCODING 1218
SWIDTH 667 0
DWIDTH 12 0
BBX 10 16 0 0
BITMAP
30C0
30C0
0F00
0F00
0000
0000
CCC0
CCC0
CCC0
CCC0
3F00
3F00
CCC0
CCC0
CCC0
CCC0
ENDCHAR
STARTCHAR uni04D0
ENCODING 1232
SWIDTH 667 0
DWIDTH 12 0
BBX 10 20 0 0
BITMAP
30C0
30C0
0F00
0F00
0000
0000
3F00
3F00
C0C0
C0C0
FFC0
FFC0
C0C0
C0C0
C0C0
C0C0
C0C0
C0C0
C0C0
C0C0
ENDCHAR
STARTCHAR uni04D1
ENCODING 1233
SWIDTH 667 0
DWIDTH 12 0
BBX 10 16 0 0
BITMAP
30C0
30C0
0F00
0F00
0000
0000
3F00
3F00
00C0
00C0
3FC0
3FC0
C0C0
C0C0
3FC0
3FC0
ENDCHAR
STARTCHAR uni04D2
ENCODING 1234
SWIDTH 667 0
DWIDTH 12 0
BBX 10 18 0 0
BITMAP
3300
3300
0000
0000
3F00
3F00
C0C0
C0C0
FFC0
FFC0
C0C0
C0C0
C0C0
C0C0
C0C0
C0C0
C0C0
C0C0
ENDCHAR
STARTCHAR uni04D3
ENCODING 1235
SWIDTH 667 0
DWIDTH 12 0
BBX 10 14 0 0
BITMAP
3300
3300
0000
0000
3F00
3F00
00C0
00C0
3FC0
3FC0
C0C0
C0C0
3FC0
3FC0
ENDCHAR
STARTCHAR uni04D6
ENCODING 1238
SWIDTH 667 0
DWIDTH 12 0
BBX 10 20 0 0
BITMAP
30C0
30C0
0F00
0F00
0000
0000
FFC0
FFC0
C000
C000
FC00
FC00
C000
C000
C000
C000
C000
C000
FFC0
FFC0
ENDCHAR
STARTCHAR uni04D7
ENCODING 1239
SWIDTH 667 0
DWIDTH 12 0
BBX 10 16 0 0
BITMAP
30C0
30C0
0F00
0F00
0000
0000
3F00
3F00
C0C0
C0C0
FFC0
FFC0
C000
C000
3FC0
3FC0
ENDCHAR
STARTCHAR uni04D8
ENCODING 1240
SWIDTH 667 0
DWIDTH 12 0
BBX 10 14 0 0
BITMAP
3F00
3F00
C0C0
C0C0
00C0
00C0
FFC0
FFC0
C0C0
C0C0
C0C0
C0C0
3F00
3F00
ENDCHAR
STARTCHAR uni04D9
ENCODING 1241
SWIDTH 667 0
DWIDTH 12 0
BBX 10 10 0 0
BITMAP
FF00
FF00
00C0
00C0
FFC0
FFC0
C0C0
C0C0
3F00
3F00
ENDCHAR
STARTCHAR uni04DA
ENCODING 1242
SWIDTH 667 0
DWIDTH 12 0
BBX 10 18 0 0
BITMAP
3300
3300
0000
0000
3F00
3F00
C0C0
C0C0
00C0
00C0
FFC0
FFC0
C0C0
C0C0
C0C0
C0C0
3F00
3F00
ENDCHAR
STARTCHAR uni04DB
ENCODING 1243
SWIDTH 667 0
DWIDTH 12 0
BBX 10 14 0 0
BITMAP
3300
3300
0000
0000
FF00
FF00
00C0
00C0
FFC0
FFC0
C0C0
C0C0
3F00
3F00
ENDCHAR
STARTCHAR uni04DC
ENCODING 1244
SWIDTH 667 0
DWIDTH 12 0
BBX 10 18 0 0
BITMAP
3300
3300
0000
0000
CCC0
CCC0
CCC0
CCC0
3F00
3F00
CCC0
CCC0
CCC0
CCC0
CCC0
CCC0
CCC0
CCC0
ENDCHAR
STARTCHAR uni04DD
ENCODING 1245
SWIDTH 667 0
DWIDTH 12 0
BBX 10 14 0 0
BITMAP
3300
3300
0000
0000
CCC0
CCC0
CCC0
CCC0
3F00
3F00
CCC0
CCC0
CCC0
CCC0
ENDCHAR
STARTCHAR uni04DE
ENCODING 1246
SWIDTH 667 0
DWIDTH 12 0
BBX 10 18 0 0
BITMAP
3300
3300
0000
0000
3F00
3F00
C0C0
C0C0
0F00
0F00
00C0
00C0
00C0
00C0
C0C0
C0C0
3F00
3F00
ENDCHAR
STARTCHAR uni04DF
ENCODING 1247
SWIDTH 667 0
DWIDTH 12 0
BBX 10 14 0 0
BITMAP
3300
3300
0000
0000
3F00
3F00
C0C0
C0C0
0F00
0F00
C0C0
C0C0
3F00
3F00
ENDCHAR
STARTCHAR uni04E2
ENCODING 1250
SWIDTH 667 0
DWIDTH 12 0
BBX 10 18 0 0
BITMAP
3F00
3F00
0000
0000
C0C0
C0C0
C3C0
C3C0
CCC0
CCC0
F0C0
F0C0
C0C0
C0C0
C0C0
C0C0
C0C0
C0C0
ENDCHAR
STARTCHAR uni04E3
ENCODING 1251
SWIDTH 667 0
DWIDTH 12 0
BBX 10 14 0 0
BITMAP
3F00
3F00
0000
0000
C0C0
C0C0
C3C0
C3C0
CCC0
CCC0
F0C0
F0C0
C0C0
C0C0
ENDCHAR
STARTCHAR uni04E4
ENCODING 1252
SWIDTH 667 0
DWIDTH 12 0
BBX 10 18 0 0
BITMAP
3300
3300
0000
0000
C0C0
C0C0
C3C0
C3C0
CCC0
CCC0
F0C0
F0C0
C0C0
C0C0
C0C0
C0C0
C0C0
C0C0
ENDCHAR
STARTCHAR uni04E5
ENCODING 1253
SWIDTH 667 0
DWIDTH 12 0
BBX 10 14 0 0
BITMAP
3300
3300
0000
0000
C0C0
C0C0
C3C0
C3C0
CCC0
CCC0
F0C0
F0C0
C0C0
C0C0
ENDCHAR
STARTCHAR uni04E6
ENCODING 1254
SWIDTH 667 0
DWIDTH 12 0
BBX 10 18 0 0
BITMAP
3300
3300
0000
0000
3F00
3F00
C0C0
C0C0
C0C0
C0C0
C0C0
C0C0
C0C0
C0C0
C0C0
C0C0
3F00
3F00
ENDCHAR
STARTCHAR uni04E7
ENCODING 1255
SWIDTH 667 0
DWIDTH 12 0
BBX 10 14 0 0
BITMAP
3300
3300
0000
0000
3F00
3F00
C0C0
C0C0
C0C0
C0C0
C0C0
C0C0
3F00
3F00
ENDCHAR
STARTCHAR uni04E8
ENCODING 1256
SWIDTH 667 0
DWIDTH 12 0
BBX 10 14 0 0
BITMAP
3F00
3F00
C0C0
C0C0
C0C0
C0C0
FFC0
FFC0
C0C0
C0C0
C0C0
C0C0
3F00
3F00
ENDCHAR
STARTCHAR uni04E9
ENCODING 1257
SWIDTH 667 0
DWIDTH 12 0
BBX 10 10 0 0
BITMAP
3F00
3F00
C0C0
C0C0
FFC0
FFC0
C0C0
C0C0
3F00
3F00
ENDCHAR
STARTCHAR uni04EA
ENCODING 1258
SWIDTH 667 0
DWIDTH 12 0
BBX 10 18 0 0
BITMAP
3300
3300
0000
0000
3F00
3F00
C0C0
C0C0
C0C0
C0C0
FFC0
FFC0
C0C0
C0C0
C0C0
C0C0
3F00
3F00
ENDCHAR
STARTCHAR uni04EB
ENCODING 1259
SWIDTH 667 0
DWIDTH 12 0
BBX 10 14 0 0
BITMAP
3300
3300
0000
0000
3F00
3F00
C0C0
C0C0
FFC0
FFC0
C0C0
C0C0
3F00
3F00
ENDCHAR
STARTCHAR uni04EC
ENCODING 1260
SWIDTH 667 0
DWIDTH 12 0
BBX 10 18 0 0
BITMAP
3300
3300
0000
0000
3F00
3F00
C0C0
C0C0
00C0
00C0
0FC0
0FC0
00C0
00C0
C0C0
C0C0
3F00
3F00
ENDCHAR
STARTCHAR uni04ED
ENCODING 1261
SWIDTH 667 0
DWIDTH 12 0
BBX 10 14 0 0
BITMAP
3300
3300
0000
0000
3F00
3F00
C0C0
C0C0
0FC0
0FC0
C0C0
C0C0
3F00
3F00
ENDCHAR
STARTCHAR uni04EE
ENCODING 1262
SWIDTH 667 0
DWIDTH 12 0
BBX 10 18 0 0
BITMAP
3F00
3F00
0000
0000
C0C0
C0C0
C0C0
C0C0
C0C0
C0C0
3FC0
3FC0
00C0
00C0
00C0
00C0
FF00
FF00
ENDCHAR
STARTCHAR uni04EF
ENCODING 1263
SWIDTH 667 0
DWIDTH 12 0
BBX 10 16 0 -2
BITMAP
3F00
3F00
0000
0000
C0C0
C0C0
C0C0
C0C0
C0C0
C0C0
3FC0
3FC0
00C0
00C0
FF00
FF00
ENDCHAR
STARTCHAR uni04F0
ENCODING 1264
SWIDTH 667 0
DWIDTH 12 0
BBX 10 18 0 0
BITMAP
3300
3300
0000
0000
C0C0
C0C0
C0C0
C0C0
C0C0
C0C0
3FC0
3FC0
00C0
00C0
00C0
00C0
FF00
FF00
ENDCHAR
STARTCHAR uni04F1
ENCODING 1265
SWIDTH 667 0
DWIDTH 12 0
BBX 10 16 0 -2
BITMAP
3300
3300
0000
0000
C0C0
C0C0
C0C0
C0C0
C0C0
C0C0
3FC0
3FC0
00C0
00C0
FF00
FF00
ENDCHAR
STARTCHAR uni04F2
ENCODING 1266
SWIDTH 667 0
DWIDTH 12 0
BBX 10 20 0 0
BITMAP
30C0
30C0
C300
C300
0000
0000
C0C0
C0C0
C0C0
C0C0
C0C0
C0C0
3FC0
3FC0
00C0
00C0
00C0
00C0
FF00
FF00
ENDCHAR
STARTCHAR uni04F3
ENCODING 1267
SWIDTH 667 0
DWIDTH 12 0
BBX 10 18 0 -2
BITMAP
30C0
30C0
C300
C300
0000
0000
C0C0
C0C0
C0C0
C0C0
C0C0
C0C0
3FC0
3FC0
00C0
00C0
FF00
FF00
ENDCHAR
STARTCHAR uni04F4
ENCODING 1268
SWIDTH 667 0
DWIDTH 12 0
BBX 10 18 0 0
BITMAP
3300
3300
0000
0000
C0C0
C0C0
C0C0
C0C0
C0C0
C0C0
3FC0
3FC0
00C0
00C0
00C0
00C0
00C0
00C0
ENDCHAR
STARTCHAR uni04F5
ENCODING 1269
SWIDTH 667 0
DWIDTH 12 0
BBX 10 14 0 0
BITMAP
3300
3300
0000
0000
C0C0
C0C0
C0C0
C0C0
3FC0
3FC0
00C0
00C0
00C0
00C0
ENDCHAR
STARTCHAR uni04F8
ENCODING 1272
SWIDTH 667 0
DWIDTH 12 0
BBX 10 18 0 0
BITMAP
3300
3300
0000
0000
C0C0
C0C0
C0C0
C0C0
C0C0
C0C0
F0C0
F0C0
CCC0
CCC0
CCC0
CCC0
F0C0
F0C0
ENDCHAR
STARTCHAR uni04F9
ENCODING 1273
SWIDTH 667 0
DWIDTH 12 0
BBX 10 14 0 0
BITMAP
3300
3300
0000
0000
C0C0
C0C0
C0C0
C0C0
F0C0
F0C0
CCC0
CCC0
F0C0
F0C0
ENDCHAR
STARTCHAR uni0500
ENCODING 1280
SWIDTH 667 0
DWIDTH 12 0
BBX 10 14 0 0
BITMAP
00C0
00C0
00C0
00C0
00C0
00C0
00C0
00C0
3FC0
3FC0
C0C0
C0C0
3FC0
3FC0
ENDCHAR
STARTCHAR uni0531
ENCODING 1329
SWIDTH 667 0
DWIDTH 12 0
BBX 10 14 0 0
BITMAP
C0C0
C0C0
C0C0
C0C0
C0C0
C0C0
C0C0
C0C0
C0C0
C0C0
C300
C300
3CC0
3CC0
ENDCHAR
STARTCHAR uni0532
ENCODING 1330
SWIDTH 667 0
DWIDTH 12 0
BBX 10 14 0 0
BITMAP
3F00
3F00
C0C0
C0C0
C0C0
C0C0
C000
C000
FFC0
FFC0
C000
C000
C000
C000
ENDCHAR
STARTCHAR uni0533
ENCODING 1331
SWIDTH 667 0
DWIDTH 12 0
BBX 12 14 0 0
BITMAP
3F00
3F00
C0C0
C0C0
C0C0
C0C0
C0C0
C0C0
3FF0
3FF0
00C0
00C0
00C0
00C0
ENDCHAR
STARTCHAR uni0534
ENCODING 1332
SWIDTH 667 0
DWIDTH 12 0
BBX 12 14 0 0
BITMAP
3F00
3F00
C0C0
C0C0
C0C0
C0C0
C0C0
C0C0
00F0
00F0
00C0
00C0
00C0
00C0
ENDCHAR
STARTCHAR uni0535
ENCODING 1333
SWIDTH 667 0
DWIDTH 12 0
BBX 10 14 0 0
BITMAP
C000
C000
C000
C000
FFC0
FFC0
C000
C000
C000
C000
C0C0
C0C0
3F00
3F00
ENDCHAR
STARTCHAR uni0536
ENCODING 1334
SWIDTH 667 0
DWIDTH 12 0
BBX 10 14 0 0
BITMAP
3F00
3F00
C0C0
C0C0
00C0
00C0
00C0
00C0
00C0
00C0
C300
C300
FFC0
FFC0
ENDCHAR
STARTCHAR uni0537
ENCODING 1335
SWIDTH 667 0
DWIDTH 12 0
BBX 10 14 0 0
BITMAP
C000
C000
C000
C000
FFC0
FFC0
C000
C000
C000
C000
C000
C000
FFC0
FFC0
ENDCHAR
STARTCHAR uni0538
ENCODING 1336
SWIDTH 667 0
DWIDTH 12 0
BBX 10 14 0 0
BITMAP
3F00
3F00
C0C0
C0C0
C000
C000
C000
C000
C000
C000
C000
C000
FFC0
FFC0
ENDCHAR
STARTCHAR uni0539
ENCODING 1337
SWIDTH 667 0
DWIDTH 12 0
BBX 12 14 0 0
BITMAP
3FC0
3FC0
C030
C030
C030
C030
C3F0
C3F0
CC30
CC30
CC30
CC30
C3C0
C3C0
ENDCHAR
STARTCHAR uni053A
ENCODING 1338
SWIDTH 667 0
DWIDTH 12 0
BBX 12 14 0 0
BITMAP
00C0
00C0
00C0
00C0
3FF0
3FF0
C0C0
C0C0
C0C0
C0C0
C0C0
C0C0
3F00
3F00
ENDCHAR
STARTCHAR uni053B
ENCODING 1339
SWIDTH 667 0
DWIDTH 12 0
BBX 10 14 0 0
BITMAP
C000
C000
C000
C000
FF00
FF00
C0C0
C0C0
C0C0
C0C0
C0C0
C0C0
C000
C000
ENDCHAR
STARTCHAR uni053C
ENCODING 1340
SWIDTH 667 0
DWIDTH 12 0
BBX 8 14 0 0
BITMAP
C0
C0
C0
C0
C0
C0
C0
C0
C0
C0
C0
C0
FF
FF
ENDCHAR
STARTCHAR uni053D
ENCODING 1341
SWIDTH 667 0
DWIDTH 12 0
BBX 12 14 0 0
BITMAP
C000
C000
C000
C000
FC30
FC30
CC30
CC30
CC30
CC30
CC30
CC30
C3C0
C3C0
ENDCHAR
STARTCHAR uni053E
ENCODING 1342
SWIDTH 667 0
DWIDTH 12 0
BBX 10 14 0 0
BITMAP
C3C0
C3C0
3C00
3C00
3300
3300
C0C0
C0C0
C0C0
C0C0
C0C0
C0C0
3F00
3F00
ENDCHAR
STARTCHAR uni053F
ENCODING 1343
SWIDTH 667 0
DWIDTH 12 0
BBX 10 14 0 0
BITMAP
C000
C000
C0C0
C0C0
C0C0
C0C0
3FC0
3FC0
00C0
00C0
00C0
00C0
00C0
00C0
ENDCHAR
STARTCHAR uni0540
ENCODING 1344
SWIDTH 667 0
DWIDTH 12 0
BBX 10 14 0 0
BITMAP
FF00
FF00
00C0
00C0
FF00
FF00
00C0
00C0
00C0
00C0
00C0
00C0
00C0
00C0
ENDCHAR
STARTCHAR uni0541
ENCODING 1345
SWIDTH 667 0
DWIDTH 12 0
BBX 10 14 0 0
BITMAP
3F00
3F00
C0C0
C0C0
C0C0
C0C0
00C0
00C0
3300
3300
CC00
CC00
3FC0
3FC0
ENDCHAR
STARTCHAR uni0542
ENCODING 1346
SWIDTH 667 0
DWIDTH 12 0
BBX 12 14 0 0
BITMAP
3F00
3F00
C0C0
C0C0
C0C0
C0C0
00C0
00C0
00C0
00C0
00C0
00C0
00F0
00F0
ENDCHAR
STARTCHAR uni0543
ENCODING 1347
SWIDTH 667 0
DWIDTH 12 0
BBX 10 14 0 0
BITMAP
3F00
3F00
C000
C000
FF00
FF00
C0C0
C0C0
C0C0
C0C0
C0C0
C0C0
FFC0
FFC0
ENDCHAR
STARTCHAR uni0544
ENCODING 1348
SWIDTH 667 0
DWIDTH 12 0
BBX 12 14 0 0
BITMAP
C0F0
C0F0
C0C0
C0C0
C0C0
C0C0
C0C0
C0C0
C0C0
C0C0
C0C0
C0C0
3F00
3F00
ENDCHAR
STARTCHAR uni0545
ENCODING 1349
SWIDTH 667 0
DWIDTH 12 0
BBX 10 14 0 0
BITMAP
3F00
3F00
C0C0
C0C0
00C0
00C0
FF00
FF00
00C0
00C0
C0C0
C0C0
3F00
3F00
ENDCHAR
STARTCHAR uni0546
ENCODING 1350
SWIDTH 667 0
DWIDTH 12 0
BBX 10 14 0 0
BITMAP
F000
F000
3000
3000
3000
3000
3000
3000
3000
3000
30C0
30C0
0F00
0F00
ENDCHAR
STARTCHAR uni0547
ENCODING 1351
SWIDTH 667 0
DWIDTH 12 0
BBX 10 14 0 0
BITMAP
FFC0
FFC0
0C00
0C00
3000
3000
C000
C000
C000
C000
C0C0
C0C0
3F00
3F00
ENDCHAR
STARTCHAR uni0548
ENCODING 1352
SWIDTH 667 0
DWIDTH 12 0
BBX 10 14 0 0
BITMAP
3F00
3F00
C0C0
C0C0
C0C0
C0C0
C0C0
C0C0
C0C0
C0C0
C0C0
C0C0
C0C0
C0C0
ENDCHAR
STARTCHAR uni0549
ENCODING 1353
SWIDTH 667 0
DWIDTH 12 0
BBX 10 14 0 0
BITMAP
3F00
3F00
C0C0
C0C0
00C0
00C0
0300
0300
0C00
0C00
FC00
FC00
03C0
03C0
ENDCHAR
STARTCHAR uni054A
ENCODING 1354
SWIDTH 667 0
DWIDTH 12 0
BBX 10 14 0 0
BITMAP
3F00
3F00
CCC0
CCC0
CCC0
CCC0
0CC0
0CC0
00C0
00C0
00C0
00C0
00C0
00C0
ENDCHAR
STARTCHAR uni054B
ENCODING 1355
SWIDTH 667 0
DWIDTH 12 0
BBX 10 14 0 0
BITMAP
3F00
3F00
C0C0
C0C0
F0C0
F0C0
0CC0
0CC0
0CC0
0CC0
0300
0300
FFC0
FFC0
ENDCHAR
STARTCHAR uni054C
ENCODING 1356
SWIDTH 667 0
DWIDTH 12 0
BBX 12 14 0 0
BITMAP
3F00
3F00
C0C0
C0C0
C0C0
C0C0
C0C0
C0C0
C0C0
C0C0
C0F0
C0F0
C0C0
C0C0
ENDCHAR
STARTCHAR uni054D
ENCODING 1357
SWIDTH 667 0
DWIDTH 12 0
BBX 10 14 0 0
BITMAP
C0C0
C0C0
C0C0
C0C0
C0C0
C0C0
C0C0
C0C0
C0C0
C0C0
C0C0
C0C0
3F00
3F00
ENDCHAR
STARTCHAR uni054E
ENCODING 1358
SWIDTH 667 0
DWIDTH 12 0
BBX 10 14 0 0
BITMAP
00C0
00C0
00C0
00C0
C0C0
C0C0
C0C0
C0C0
3FC0
3FC0
00C0
00C0
00C0
00C0
ENDCHAR
STARTCHAR uni054F
ENCODING 1359
SWIDTH 667 0
DWIDTH 12 0
BBX 10 14 0 0
BITMAP
3F00
3F00
C0C0
C0C0
C000
C000
3F00
3F00
00C0
00C0
C0C0
C0C0
3F00
3F00
ENDCHAR
STARTCHAR uni0550
ENCODING 1360
SWIDTH 667 0
DWIDTH 12 0
BBX 10 14 0 0
BITMAP
3F00
3F00
C0C0
C0C0
C000
C000
C000
C000
C000
C000
C000
C000
C000
C000
ENDCHAR
STARTCHAR uni0551
ENCODING 1361
SWIDTH 667 0
DWIDTH 12 0
BBX 10 14 0 0
BITMAP
3F00
3F00
C0C0
C0C0
C0C0
C0C0
3F00
3F00
C0C0
C0C0
00C0
00C0
3F00
3F00
ENDCHAR
STARTCHAR uni0552
ENCODING 1362
SWIDTH 667 0
DWIDTH 12 0
BBX 8 14 0 0
BITMAP
C0
C0
C0
C0
FF
FF
C0
C0
C0
C0
C0
C0
C0
C0
ENDCHAR
STARTCHAR uni0553
ENCODING 1363
SWIDTH 667 0
DWIDTH 12 0
BBX 10 14 0 0
BITMAP
0C00
0C00
3F00
3F00
CCC0
CCC0
CCC0
CCC0
CCC0
CCC0
3F00
3F00
0C00
0C00
ENDCHAR
STARTCHAR uni0554
ENCODING 1364
SWIDTH 667 0
DWIDTH 12 0
BBX 10 14 0 0
BITMAP
3F00
3F00
C0C0
C0C0
C0C0
C0C0
FF00
FF00
C000
C000
FFC0
FFC0
C000
C000
ENDCHAR
STARTCHAR uni0555
ENCODING 1365
SWIDTH 667 0
DWIDTH 12 0
BBX 10 14 0 0
BITMAP
3F00
3F00
C0C0
C0C0
C0C0
C0C0
C0C0
C0C0
C0C0
C0C0
C0C0
C0C0
3F00
3F00
ENDCHAR
STARTCHAR uni0556
ENCODING 1366
SWIDTH 667 0
DWIDTH 12 0
BBX 10 14 0 0
BITMAP
3C00
3C00
CC00
CC00
3F00
3F00
0CC0
0CC0
0CC0
0CC0
CCC0
CCC0
3F00
3F00
ENDCHAR
STARTCHAR uni0559
ENCODING 1369
SWIDTH 667 0
DWIDTH 12 0
BBX 4 6 2 8
BITMAP
C0
C0
C0
C0
30
30
ENDCHAR
STARTCHAR uni055A
ENCODING 1370
SWIDTH 667 0
DWIDTH 12 0
BBX 4 6 2 8
BITMAP
30
30
30
30
C0
C0
ENDCHAR
STARTCHAR uni055B
ENCODING 1371
SWIDTH 667 0
DWIDTH 12 0
BBX 4 4 2 10
BITMAP
30
30
C0
C0
ENDCHAR
STARTCHAR uni055C
ENCODING 1372
SWIDTH 667 0
DWIDTH 12 0
BBX 6 6 2 8
BITMAP
0C
0C
FC
FC
C0
C0
ENDCHAR
STARTCHAR uni055D
ENCODING 1373
SWIDTH 667 0
DWIDTH 12 0
BBX 4 4 2 10
BITMAP
C0
C0
30
30
ENDCHAR
STARTCHAR uni055E
ENCODING 1374
SWIDTH 667 0
DWIDTH 12 0
BBX 6 6 2 8
BITMAP
30
30
CC
CC
C0
C0
ENDCHAR
STARTCHAR uni055F
ENCODING 1375
SWIDTH 667 0
DWIDTH 12 0
BBX 10 4 0 10
BITMAP
C000
C000
FFC0
FFC0
ENDCHAR
STARTCHAR uni0560
ENCODING 1376
SWIDTH 667 0
DWIDTH 12 0
BBX 10 10 0 0
BITMAP
F300
F300
CCC0
CCC0
CCC0
CCC0
C0C0
C0C0
C0C0
C0C0
ENDCHAR
STARTCHAR uni0561
ENCODING 1377
SWIDTH 667 0
DWIDTH 12 0
BBX 10 10 0 0
BITMAP
C0C0
C0C0
C0C0
C0C0
CCC0
CCC0
CCC0
CCC0
33C0
33C0
ENDCHAR
STARTCHAR uni0562
ENCODING 1378
SWIDTH 667 0
DWIDTH 12 0
BBX 10 12 0 -2
BITMAP
CF00
CF00
F0C0
F0C0
C000
C000
FFC0
FFC0
C000
C000
C000
C000
ENDCHAR
STARTCHAR uni0563
ENCODING 1379
SWIDTH 667 0
DWIDTH 12 0
BBX 12 12 0 -2
BITMAP
3CC0
3CC0
C3C0
C3C0
C0C0
C0C0
3FF0
3FF0
00C0
00C0
00C0
00C0
ENDCHAR
STARTCHAR uni0564
ENCODING 1380
SWIDTH 667 0
DWIDTH 12 0
BBX 12 12 0 -2
BITMAP
FF00
FF00
C0C0
C0C0
C0C0
C0C0
C0C0
C0C0
C0F0
C0F0
00C0
00C0
ENDCHAR
STARTCHAR uni0565
ENCODING 1381
SWIDTH 667 0
DWIDTH 12 0
BBX 10 14 0 0
BITMAP
C000
C000
C000
C000
FC00
FC00
C000
C000
C0C0
C0C0
C3C0
C3C0
3CC0
3CC0
ENDCHAR
STARTCHAR uni0566
ENCODING 1382
SWIDTH 667 0
DWIDTH 12 0
BBX 12 12 0 -2
BITMAP
3CC0
3CC0
C3C0
C3C0
C0C0
C0C0
3FC0
3FC0
00C0
00C0
00F0
00F0
ENDCHAR
STARTCHAR uni0567
ENCODING 1383
SWIDTH 667 0
DWIDTH 12 0
BBX 8 16 0 -2
BITMAP
C0
C0
C0
C0
FF
FF
C0
C0
C0
C0
C0
C0
FF
FF
03
03
ENDCHAR
STARTCHAR uni0568
ENCODING 1384
SWIDTH 667 0
DWIDTH 12 0
BBX 10 12 0 -2
BITMAP
CF00
CF00
F0C0
F0C0
C0C0
C0C0
C0C0
C0C0
C000
C000
FFC0
FFC0
ENDCHAR
STARTCHAR uni0569
ENCODING 1385
SWIDTH 667 0
DWIDTH 12 0
BBX 10 12 0 -2
BITMAP
CF00
CF00
F0C0
F0C0
C3C0
C3C0
CCC0
CCC0
C300
C300
C000
C000
ENDCHAR
STARTCHAR uni056A
ENCODING 1386
SWIDTH 667 0
DWIDTH 12 0
BBX 12 14 0 0
BITMAP
00C0
00C0
00C0
00C0
3FF0
3FF0
C0C0
C0C0
C0C0
C0C0
C0C0
C0C0
3FC0
3FC0
ENDCHAR
STARTCHAR uni056B
ENCODING 1387
SWIDTH 667 0
DWIDTH 12 0
BBX 10 16 0 -2
BITMAP
C000
C000
C000
C000
CF00
CF00
F0C0
F0C0
C0C0
C0C0
C0C0
C0C0
C0C0
C0C0
C000
C000
ENDCHAR
STARTCHAR uni056C
ENCODING 1388
SWIDTH 667 0
DWIDTH 12 0
BBX 4 12 2 -2
BITMAP
C0
C0
C0
C0
C0
C0
C0
C0
C0
C0
F0
F0
ENDCHAR
STARTCHAR uni056D
ENCODING 1389
SWIDTH 667 0
DWIDTH 12 0
BBX 12 16 0 -2
BITMAP
C000
C000
C000
C000
CC30
CC30
F330
F330
C330
C330
C330
C330
C0F0
C0F0
C000
C000
ENDCHAR
STARTCHAR uni056E
ENCODING 1390
SWIDTH 667 0
DWIDTH 12 0
BBX 10 14 0 0
BITMAP
3000
3000
C3C0
C3C0
3C00
3C00
C300
C300
C0C0
C0C0
C0C0
C0C0
3F00
3F00
ENDCHAR
STARTCHAR uni056F
ENCODING 1391
SWIDTH 667 0
DWIDTH 12 0
BBX 10 16 0 -2
BITMAP
C000
C000
C0C0
C0C0
C0C0
C0C0
C0C0
C0C0
C3C0
C3C0
3CC0
3CC0
00C0
00C0
00C0
00C0
ENDCHAR
STARTCHAR uni0570
ENCODING 1392
SWIDTH 667 0
DWIDTH 12 0
BBX 10 14 0 0
BITMAP
C000
C000
C000
C000
CF00
CF00
F0C0
F0C0
C0C0
C0C0
C0C0
C0C0
C0C0
C0C0
ENDCHAR
STARTCHAR uni0571
ENCODING 1393
SWIDTH 667 0
DWIDTH 12 0
BBX 10 14 0 0
BITMAP
C000
C000
3FC0
3FC0
00C0
00C0
3F00
3F00
C0C0
C0C0
C3C0
C3C0
3CC0
3CC0
ENDCHAR
STARTCHAR uni0572
ENCODING 1394
SWIDTH 667 0
DWIDTH 12 0
BBX 12 12 0 -2
BITMAP
FF00
FF00
C0C0
C0C0
C0C0
C0C0
C0C0
C0C0
C0C0
C0C0
00F0
00F0
ENDCHAR
STARTCHAR uni0573
ENCODING 1395
SWIDTH 667 0
DWIDTH 12 0
BBX 10 14 0 0
BITMAP
3FC0
3FC0
C000
C000
FF00
FF00
C0C0
C0C0
C0C0
C0C0
C3C0
C3C0
3CC0
3CC0
ENDCHAR
STARTCHAR uni0574
ENCODING 1396
SWIDTH 667 0
DWIDTH 12 0
BBX 12 14 0 0
BITMAP
00F0
00F0
00C0
00C0
C0C0
C0C0
C0C0
C0C0
C0C0
C0C0
C0C0
C0C0
3FC0
3FC0
ENDCHAR
STARTCHAR uni0575
ENCODING 1397
SWIDTH 667 0
DWIDTH 12 0
BBX 10 12 0 -2
BITMAP
00C0
00C0
00C0
00C0
00C0
00C0
00C0
00C0
C0C0
C0C0
3F00
3F00
ENDCHAR
STARTCHAR uni0576
ENCODING 1398
SWIDTH 667 0
DWIDTH 12 0
BBX 12 14 0 0
BITMAP
F000
F000
3000
3000
3030
3030
3030
3030
3030
3030
3030
3030
0FF0
0FF0
ENDCHAR
STARTCHAR uni0577
ENCODING 1399
SWIDTH 667 0
DWIDTH 12 0
BBX 10 12 0 -2
BITMAP
3F00
3F00
C0C0
C0C0
00C0
00C0
3F00
3F00
C000
C000
FFC0
FFC0
ENDCHAR
STARTCHAR uni0578
ENCODING 1400
SWIDTH 667 0
DWIDTH 12 0
BBX 10 10 0 0
BITMAP
CF00
CF00
F0C0
F0C0
C0C0
C0C0
C0C0
C0C0
C0C0
C0C0
ENDCHAR
STARTCHAR uni0579
ENCODING 1401
SWIDTH 667 0
DWIDTH 12 0
BBX 10 12 0 -2
BITMAP
C000
C000
3FC0
3FC0
00C0
00C0
3F00
3F00
C000
C000
FFC0
FFC0
ENDCHAR
STARTCHAR uni057A
ENCODING 1402
SWIDTH 667 0
DWIDTH 12 0
BBX 10 12 0 -2
BITMAP
C0C0
C0C0
C0C0
C0C0
CCC0
CCC0
CCC0
CCC0
33C0
33C0
00C0
00C0
ENDCHAR
STARTCHAR uni057B
ENCODING 1403
SWIDTH 667 0
DWIDTH 12 0
BBX 10 12 0 -2
BITMAP
3F00
3F00
C0C0
C0C0
C0C0
C0C0
3F00
3F00
C000
C000
FFC0
FFC0
ENDCHAR
STARTCHAR uni057C
ENCODING 1404
SWIDTH 667 0
DWIDTH 12 0
BBX 10 10 0 0
BITMAP
FF00
FF00
C0C0
C0C0
C0C0
C0C0
C300
C300
C3C0
C3C0
ENDCHAR
STARTCHAR uni057D
ENCODING 1405
SWIDTH 667 0
DWIDTH 12 0
BBX 10 10 0 0
BITMAP
C0C0
C0C0
C0C0
C0C0
C0C0
C0C0
C0C0
C0C0
3FC0
3FC0
ENDCHAR
STARTCHAR uni057E
ENCODING 1406
SWIDTH 667 0
DWIDTH 12 0
BBX 12 16 0 -2
BITMAP
00C0
00C0
00C0
00C0
C0C0
C0C0
C0C0
C0C0
C0C0
C0C0
C0C0
C0C0
3FC0
3FC0
00F0
00F0
ENDCHAR
STARTCHAR uni057F
ENCODING 1407
SWIDTH 667 0
DWIDTH 12 0
BBX 14 10 0 0
BITMAP
C3F0
C3F0
C30C
C30C
C30C
C30C
C30C
C30C
3F0C
3F0C
ENDCHAR
STARTCHAR uni0580
ENCODING 1408
SWIDTH 667 0
DWIDTH 12 0
BBX 10 12 0 -2
BITMAP
FF00
FF00
C0C0
C0C0
C0C0
C0C0
C0C0
C0C0
C0C0
C0C0
C000
C000
ENDCHAR
STARTCHAR uni0581
ENCODING 1409
SWIDTH 667 0
DWIDTH 12 0
BBX 10 12 0 -2
BITMAP
3FC0
3FC0
C0C0
C0C0
C0C0
C0C0
3FC0
3FC0
00C0
00C0
FF00
FF00
ENDCHAR
STARTCHAR uni0582
ENCODING 1410
SWIDTH 667 0
DWIDTH 12 0
BBX 8 10 0 0
BITMAP
C0
C0
C0
C0
C0
C0
C0
C0
FF
FF
ENDCHAR
STARTCHAR uni0583
ENCODING 1411
SWIDTH 667 0
DWIDTH 12 0
BBX 14 16 0 -2
BITMAP
0300
0300
0300
0300
C3F0
C3F0
C30C
C30C
C30C
C30C
C30C
C30C
3F0C
3F0C
0300
0300
ENDCHAR
STARTCHAR uni0584
ENCODING 1412
SWIDTH 667 0
DWIDTH 12 0
BBX 12 12 0 -2
BITMAP
33C0
33C0
3C30
3C30
3FC0
3FC0
3000
3000
FFF0
FFF0
3000
3000
ENDCHAR
STARTCHAR uni0585
ENCODING 1413
SWIDTH 667 0
DWIDTH 12 0
BBX 10 10 0 0
BITMAP
3F00
3F00
C0C0
C0C0
C0C0
C0C0
C0C0
C0C0
3F00
3F00
ENDCHAR
STARTCHAR uni0586
ENCODING 1414
SWIDTH 667 0
DWIDTH 12 0
BBX 10 16 0 -2
BITMAP
3C00
3C00
CC00
CC00
3F00
3F00
0CC0
0CC0
0CC0
0CC0
CCC0
CCC0
3F00
3F00
0C00
0C00
ENDCHAR
STARTCHAR uni0587
ENCODING 1415
SWIDTH 667 0
DWIDTH 12 0
BBX 12 14 0 0
BITMAP
C000
C000
C000
C000
C000
C000
C300
C300
C300
C300
CF00
CF00
33F0
33F0
ENDCHAR
STARTCHAR uni0588
ENCODING 1416
SWIDTH 667 0
DWIDTH 12 0
BBX 12 12 0 -2
BITMAP
00C0
00C0
00C0
00C0
0FF0
0FF0
00C0
00C0
C0C0
C0C0
3F00
3F00
ENDCHAR
STARTCHAR uni058A
ENCODING 1418
SWIDTH 667 0
DWIDTH 12 0
BBX 10 4 0 6
BITMAP
C000
C000
3FC0
3FC0
ENDCHAR
STARTCHAR uni058F
ENCODING 1423
SWIDTH 667 0
DWIDTH 12 0
BBX 10 14 0 0
BITMAP
3C00
3C00
C300
C300
0300
0300
3FC0
3FC0
0300
0300
3FC0
3FC0
0300
0300
ENDCHAR
STARTCHAR uni05BE
ENCODING 1470
SWIDTH 667 0
DWIDTH 12 0
BBX 10 2 0 8
BITMAP
FFC0
FFC0
ENDCHAR
STARTCHAR uni05C3
ENCODING 1475
SWIDTH 667 0
DWIDTH 12 0
BBX 2 10 4 0
BITMAP
C0
C0
00
00
00
00
00
00
C0
C0
ENDCHAR
STARTCHAR uni05C6
ENCODING 1478
SWIDTH 667 0
DWIDTH 12 0
BBX 6 10 2 0
BITMAP
3C
3C
C0
C0
C0
C0
C0
C0
FC
FC
ENDCHAR
STARTCHAR uni05D0
ENCODING 1488
SWIDTH 667 0
DWIDTH 12 0
BBX 10 10 0 0
BITMAP
C0C0
C0C0
30C0
30C0
3F00
3F00
C300
C300
C0C0
C0C0
ENDCHAR
STARTCHAR uni05D1
ENCODING 1489
SWIDTH 667 0
DWIDTH 12 0
BBX 10 10 0 0
BITMAP
FC00
FC00
0300
0300
0300
0300
0300
0300
FFC0
FFC0
ENDCHAR
STARTCHAR uni05D2
ENCODING 1490
SWIDTH 667 0
DWIDTH 12 0
BBX 8 10 0 0
BITMAP
F0
F0
0C
0C
0C
0C
33
33
C3
C3
ENDCHAR
STARTCHAR uni05D3
ENCODING 1491
SWIDTH 667 0
DWIDTH 12 0
BBX 10 10 0 0
BITMAP
FFC0
FFC0
0300
0300
0300
0300
0300
0300
0300
0300
ENDCHAR
STARTCHAR uni05D4
ENCODING 1492
SWIDTH 667 0
DWIDTH 12 0
BBX 10 10 0 0
BITMAP
FFC0
FFC0
00C0
00C0
C0C0
C0C0
C0C0
C0C0
C0C0
C0C0
ENDCHAR
STARTCHAR uni05D5
ENCODING 1493
SWIDTH 667 0
DWIDTH 12 0
BBX 2 10 4 0
BITMAP
C0
C0
C0
C0
C0
C0
C0
C0
C0
C0
ENDCHAR
STARTCHAR uni05D6
ENCODING 1494
SWIDTH 667 0
DWIDTH 12 0
BBX 6 10 2 0
BITMAP
FC
FC
30
30
30
30
30
30
30
30
ENDCHAR
STARTCHAR uni05D7
ENCODING 1495
SWIDTH 667 0
DWIDTH 12 0
BBX 10 10 0 0
BITMAP
FF00
FF00
C0C0
C0C0
C0C0
C0C0
C0C0
C0C0
C0C0
C0C0
ENDCHAR
STARTCHAR uni05D8
ENCODING 1496
SWIDTH 667 0
DWIDTH 12 0
BBX 10 10 0 0
BITMAP
CF00
CF00
C0C0
C0C0
C0C0
C0C0
C0C0
C0C0
3F00
3F00
ENDCHAR
STARTCHAR uni05D9
ENCODING 1497
SWIDTH 667 0
DWIDTH 12 0
BBX 2 4 4 6
BITMAP
C0
C0
C0
C0
ENDCHAR
STARTCHAR uni05DA
ENCODING 1498
SWIDTH 667 0
DWIDTH 12 0
BBX 10 12 0 -2
BITMAP
FFC0
FFC0
00C0
00C0
00C0
00C0
00C0
00C0
00C0
00C0
00C0
00C0
ENDCHAR
STARTCHAR uni05DB
ENCODING 1499
SWIDTH 667 0
DWIDTH 12 0
BBX 10 10 0 0
BITMAP
FF00
FF00
00C0
00C0
00C0
00C0
00C0
00C0
FF00
FF00
ENDCHAR
STARTCHAR uni05DC
ENCODING 1500
SWIDTH 667 0
DWIDTH 12 0
BBX 10 12 0 0
BITMAP
C000
C000
FFC0
FFC0
00C0
00C0
00C0
00C0
0300
0300
0C00
0C00
ENDCHAR
STARTCHAR uni05DD
ENCODING 1501
SWIDTH 667 0
DWIDTH 12 0
BBX 10 10 0 0
BITMAP
FF00
FF00
C0C0
C0C0
C0C0
C0C0
C0C0
C0C0
FFC0
FFC0
ENDCHAR
STARTCHAR uni05DE
ENCODING 1502
SWIDTH 667 0
DWIDTH 12 0
BBX 10 10 0 0
BITMAP
CF00
CF00
30C0
30C0
C0C0
C0C0
C0C0
C0C0
C3C0
C3C0
ENDCHAR
STARTCHAR uni05DF
ENCODING 1503
SWIDTH 667 0
DWIDTH 12 0
BBX 2 12 4 -2
BITMAP
C0
C0
C0
C0
C0
C0
C0
C0
C0
C0
C0
C0
ENDCHAR
STARTCHAR uni05E0
ENCODING 1504
SWIDTH 667 0
DWIDTH 12 0
BBX 6 10 2 0
BITMAP
F0
F0
0C
0C
0C
0C
0C
0C
FC
FC
ENDCHAR
STARTCHAR uni05E1
ENCODING 1505
SWIDTH 667 0
DWIDTH 12 0
BBX 10 10 0 0
BITMAP
3F00
3F00
C0C0
C0C0
C0C0
C0C0
C0C0
C0C0
3F00
3F00
ENDCHAR
STARTCHAR uni05E2
ENCODING 1506
SWIDTH 667 0
DWIDTH 12 0
BBX 10 12 0 -2
BITMAP
30C0
30C0
30C0
30C0
30C0
30C0
0CC0
0CC0
0300
0300
FC00
FC00
ENDCHAR
STARTCHAR uni05E3
ENCODING 1507
SWIDTH 667 0
DWIDTH 12 0
BBX 10 12 0 -2
BITMAP
FF00
FF00
C0C0
C0C0
F0C0
F0C0
00C0
00C0
00C0
00C0
00C0
00C0
ENDCHAR
STARTCHAR uni05E4
ENCODING 1508
SWIDTH 667 0
DWIDTH 12 0
BBX 10 10 0 0
BITMAP
FF00
FF00
C0C0
C0C0
FCC0
FCC0
00C0
00C0
FF00
FF00
ENDCHAR
STARTCHAR uni05E5
ENCODING 1509
SWIDTH 667 0
DWIDTH 12 0
BBX 10 12 0 -2
BITMAP
C0C0
C0C0
30C0
30C0
3300
3300
0C00
0C00
0C00
0C00
0C00
0C00
ENDCHAR
STARTCHAR uni05E6
ENCODING 1510
SWIDTH 667 0
DWIDTH 12 0
BBX 10 10 0 0
BITMAP
C0C0
C0C0
30C0
30C0
0F00
0F00
00C0
00C0
FFC0
FFC0
ENDCHAR
STARTCHAR uni05E7
ENCODING 1511
SWIDTH 667 0
DWIDTH 12 0
BBX 10 12 0 -2
BITMAP
FFC0
FFC0
00C0
00C0
C300
C300
CC00
CC00
CC00
CC00
C000
C000
ENDCHAR
STARTCHAR uni05E8
ENCODING 1512
SWIDTH 667 0
DWIDTH 12 0
BBX 10 10 0 0
BITMAP
FF00
FF00
00C0
00C0
00C0
00C0
00C0
00C0
00C0
00C0
ENDCHAR
STARTCHAR uni05E9
ENCODING 1513
SWIDTH 667 0
DWIDTH 12 0
BBX 10 10 0 0
BITMAP
CCC0
CCC0
CCC0
CCC0
F0C0
F0C0
C0C0
C0C0
3FC0
3FC0
ENDCHAR
STARTCHAR uni05EA
ENCODING 1514
SWIDTH 667 0
DWIDTH 12 0
BBX 10 10 0 0
BITMAP
FF00
FF00
30C0
30C0
30C0
30C0
30C0
30C0
F0C0
F0C0
ENDCHAR
STARTCHAR uni05F0
ENCODING 1520
SWIDTH 667 0
DWIDTH 12 0
BBX 6 10 2 0
BITMAP
CC
CC
CC
CC
CC
CC
CC
CC
CC
CC
ENDCHAR
STARTCHAR uni05F1
ENCODING 1521
SWIDTH 667 0
DWIDTH 12 0
BBX 6 10 2 0
BITMAP
CC
CC
CC
CC
0C
0C
0C
0C
0C
0C
ENDCHAR
STARTCHAR uni05F2
ENCODING 1522
SWIDTH 667 0
DWIDTH 12 0
BBX 6 4 2 6
BITMAP
CC
CC
CC
CC
ENDCHAR
STARTCHAR uni05F3
ENCODING 1523
SWIDTH 667 0
DWIDTH 12 0
BBX 4 6 2 4
BITMAP
30
30
30
30
C0
C0
ENDCHAR
STARTCHAR uni05F4
ENCODING 1524
SWIDTH 667 0
DWIDTH 12 0
BBX 8 6 0 4
BITMAP
33
33
33
33
CC
CC
ENDCHAR
STARTCHAR uni07C8
ENCODING 1992
SWIDTH 667 0
DWIDTH 12 0
BBX 10 14 0 0
BITMAP
C000
C000
C000
C000
FFC0
FFC0
C0C0
C0C0
C300
C300
CC00
CC00
F000
F000
ENDCHAR
STARTCHAR uni10A0
ENCODING 4256
SWIDTH 667 0
DWIDTH 12 0
BBX 10 14 0 0
BITMAP
FFC0
FFC0
3000
3000
C000
C000
C000
C000
C000
C000
C0C0
C0C0
3F00
3F00
ENDCHAR
STARTCHAR uni10A1
ENCODING 4257
SWIDTH 667 0
DWIDTH 12 0
BBX 14 14 0 0
BITMAP
30C0
30C0
C0C0
C0C0
C0C0
C0C0
3FC0
3FC0
00C0
00C0
00C0
00C0
00FC
00FC
ENDCHAR
STARTCHAR uni10A2
ENCODING 4258
SWIDTH 667 0
DWIDTH 12 0
BBX 14 14 0 0
BITMAP
FFC0
FFC0
C0C0
C0C0
00C0
00C0
00C0
00C0
00C0
00C0
00C0
00C0
00FC
00FC
ENDCHAR
STARTCHAR uni10A3
ENCODING 4259
SWIDTH 667 0
DWIDTH 12 0
BBX 10 14 0 0
BITMAP
FFC0
FFC0
0C00
0C00
3F00
3F00
C0C0
C0C0
C0C0
C0C0
C0C0
C0C0
3F00
3F00
ENDCHAR
STARTCHAR uni10A4
ENCODING 4260
SWIDTH 667 0
DWIDTH 12 0
BBX 10 14 0 0
BITMAP
FFC0
FFC0
C0C0
C0C0
00C0
00C0
00C0
00C0
00C0
00C0
00C0
00C0
00C0
00C0
ENDCHAR
STARTCHAR uni10A5
ENCODING 4261
SWIDTH 667 0
DWIDTH 12 0
BBX 14 14 0 0
BITMAP
FFC0
FFC0
C0C0
C0C0
00FC
00FC
00CC
00CC
00C0
00C0
00C0
00C0
00C0
00C0
ENDCHAR
STARTCHAR uni10A6
ENCODING 4262
SWIDTH 667 0
DWIDTH 12 0
BBX 14 14 0 0
BITMAP
FC00
FC00
0C00
0C00
0CF0
0CF0
0F0C
0F0C
0C0C
0C0C
0C0C
0C0C
03F0
03F0
ENDCHAR
STARTCHAR uni10A7
ENCODING 4263
SWIDTH 667 0
DWIDTH 12 0
BBX 14 14 0 0
BITMAP
3FC0
3FC0
C0C0
C0C0
C0FC
C0FC
C0CC
C0CC
C0C0
C0C0
C0C0
C0C0
3FC0
3FC0
ENDCHAR
STARTCHAR uni10A8
ENCODING 4264
SWIDTH 667 0
DWIDTH 12 0
BBX 10 14 0 0
BITMAP
FFC0
FFC0
00C0
00C0
00C0
00C0
00C0
00C0
00C0
00C0
00C0
00C0
00C0
00C0
ENDCHAR
STARTCHAR uni10A9
ENCODING 4265
SWIDTH 667 0
DWIDTH 12 0
BBX 10 14 0 0
BITMAP
C000
C000
FF00
FF00
C0C0
C0C0
C0C0
C0C0
C0C0
C0C0
3FC0
3FC0
00C0
00C0
ENDCHAR
STARTCHAR uni10AA
ENCODING 4266
SWIDTH 667 0
DWIDTH 12 0
BBX 14 14 0 0
BITMAP
FC00
FC00
CC00
CC00
0CF0
0CF0
0F0C
0F0C
0C0C
0C0C
0C0C
0C0C
03F0
03F0
ENDCHAR
STARTCHAR uni10AB
ENCODING 4267
SWIDTH 667 0
DWIDTH 12 0
BBX 12 14 0 0
BITMAP
FFC0
FFC0
00C0
00C0
3FF0
3FF0
C0C0
C0C0
C0C0
C0C0
C0C0
C0C0
3F00
3F00
ENDCHAR
STARTCHAR uni10AC
ENCODING 4268
SWIDTH 667 0
DWIDTH 12 0
BBX 10 14 0 0
BITMAP
FFC0
FFC0
C000
C000
FF00
FF00
C0C0
C0C0
C0C0
C0C0
C0C0
C0C0
C0C0
C0C0
ENDCHAR
STARTCHAR uni10AD
ENCODING 4269
SWIDTH 667 0
DWIDTH 12 0
BBX 14 14 0 0
BITMAP
3F00
3F00
C0C0
C0C0
C0C0
C0C0
C0C0
C0C0
C0C0
C0C0
C30C
C30C
3CF0
3CF0
ENDCHAR
STARTCHAR uni10AE
ENCODING 4270
SWIDTH 667 0
DWIDTH 12 0
BBX 14 14 0 0
BITMAP
FC0C
FC0C
0C0C
0C0C
0C0C
0C0C
0C0C
0C0C
0C0C
0C0C
0C0C
0C0C
03F0
03F0
ENDCHAR
STARTCHAR uni10AF
ENCODING 4271
SWIDTH 667 0
DWIDTH 12 0
BBX 12 14 0 0
BITMAP
F030
F030
3030
3030
3030
3030
0FF0
0FF0
0030
0030
0030
0030
0030
0030
ENDCHAR
STARTCHAR uni10B0
ENCODING 4272
SWIDTH 667 0
DWIDTH 12 0
BBX 14 14 0 0
BITMAP
00C0
00C0
00C0
00C0
00FC
00FC
00CC
00CC
C0C0
C0C0
C0C0
C0C0
3F00
3F00
ENDCHAR
STARTCHAR uni10B1
ENCODING 4273
SWIDTH 667 0
DWIDTH 12 0
BBX 10 14 0 0
BITMAP
C000
C000
C000
C000
C000
C000
C000
C000
C0C0
C0C0
C0C0
C0C0
3F00
3F00
ENDCHAR
STARTCHAR uni10B2
ENCODING 4274
SWIDTH 667 0
DWIDTH 12 0
BBX 10 14 0 0
BITMAP
FF00
FF00
C0C0
C0C0
FF00
FF00
C000
C000
C000
C000
C000
C000
FFC0
FFC0
ENDCHAR
STARTCHAR uni10B3
ENCODING 4275
SWIDTH 667 0
DWIDTH 12 0
BBX 14 14 0 0
BITMAP
3F00
3F00
C0C0
C0C0
C0C0
C0C0
C0C0
C0C0
C0C0
C0C0
C0F0
C0F0
3F0C
3F0C
ENDCHAR
STARTCHAR uni10B4
ENCODING 4276
SWIDTH 667 0
DWIDTH 12 0
BBX 10 14 0 0
BITMAP
3F00
3F00
CCC0
CCC0
CCC0
CCC0
CCC0
CCC0
3F00
3F00
0C00
0C00
0C00
0C00
ENDCHAR
STARTCHAR uni10B5
ENCODING 4277
SWIDTH 667 0
DWIDTH 12 0
BBX 10 14 0 0
BITMAP
0C00
0C00
CC00
CC00
FFC0
FFC0
0CC0
0CC0
0C00
0C00
0C00
0C00
0C00
0C00
ENDCHAR
STARTCHAR uni10B6
ENCODING 4278
SWIDTH 667 0
DWIDTH 12 0
BBX 10 14 0 0
BITMAP
3F00
3F00
C0C0
C0C0
C0C0
C0C0
C0C0
C0C0
C0C0
C0C0
C0C0
C0C0
C0C0
C0C0
ENDCHAR
STARTCHAR uni10B7
ENCODING 4279
SWIDTH 667 0
DWIDTH 12 0
BBX 10 14 0 0
BITMAP
C0C0
C0C0
C0C0
C0C0
C0C0
C0C0
3FC0
3FC0
00C0
00C0
00C0
00C0
00C0
00C0
ENDCHAR
STARTCHAR uni10B8
ENCODING 4280
SWIDTH 667 0
DWIDTH 12 0
BBX 10 14 0 0
BITMAP
C0C0
C0C0
C0C0
C0C0
C0C0
C0C0
3FC0
3FC0
00C0
00C0
C0C0
C0C0
3F00
3F00
ENDCHAR
STARTCHAR uni10B9
ENCODING 4281
SWIDTH 667 0
DWIDTH 12 0
BBX 10 14 0 0
BITMAP
C000
C000
C000
C000
FF00
FF00
C0C0
C0C0
C0C0
C0C0
C0C0
C0C0
C0C0
C0C0
ENDCHAR
STARTCHAR uni10BA
ENCODING 4282
SWIDTH 667 0
DWIDTH 12 0
BBX 10 16 0 -2
BITMAP
3F00
3F00
C0C0
C0C0
C000
C000
C000
C000
C000
C000
C0C0
C0C0
3FC0
3FC0
00C0
00C0
ENDCHAR
STARTCHAR uni10BB
ENCODING 4283
SWIDTH 667 0
DWIDTH 12 0
BBX 14 14 0 0
BITMAP
00C0
00C0
00C0
00C0
3FFC
3FFC
C0CC
C0CC
C0C0
C0C0
C0C0
C0C0
3FC0
3FC0
ENDCHAR
STARTCHAR uni10BC
ENCODING 4284
SWIDTH 667 0
DWIDTH 12 0
BBX 10 14 0 0
BITMAP
FF00
FF00
C0C0
C0C0
FF00
FF00
C000
C000
FC00
FC00
CC00
CC00
C000
C000
ENDCHAR
STARTCHAR uni10BD
ENCODING 4285
SWIDTH 667 0
DWIDTH 12 0
BBX 10 14 0 0
BITMAP
3FC0
3FC0
C000
C000
3F00
3F00
00C0
00C0
00C0
00C0
C0C0
C0C0
3F00
3F00
ENDCHAR
STARTCHAR uni10BE
ENCODING 4286
SWIDTH 667 0
DWIDTH 12 0
BBX 10 14 0 0
BITMAP
C0C0
C0C0
C0C0
C0C0
C0C0
C0C0
FF00
FF00
C000
C000
C000
C000
FFC0
FFC0
ENDCHAR
STARTCHAR uni10BF
ENCODING 4287
SWIDTH 667 0
DWIDTH 12 0
BBX 10 16 0 -2
BITMAP
FFC0
FFC0
C0C0
C0C0
3300
3300
3300
3300
0C00
0C00
3300
3300
30C0
30C0
C000
C000
ENDCHAR
STARTCHAR uni10C0
ENCODING 4288
SWIDTH 667 0
DWIDTH 12 0
BBX 14 14 0 0
BITMAP
FC00
FC00
CC00
CC00
0C00
0C00
0C00
0C00
0C0C
0C0C
0C0C
0C0C
03F0
03F0
ENDCHAR
STARTCHAR uni10C1
ENCODING 4289
SWIDTH 667 0
DWIDTH 12 0
BBX 10 14 0 0
BITMAP
C000
C000
C000
C000
FF00
FF00
C0C0
C0C0
C000
C000
C000
C000
C000
C000
ENDCHAR
STARTCHAR uni10C2
ENCODING 4290
SWIDTH 667 0
DWIDTH 12 0
BBX 10 14 0 0
BITMAP
C000
C000
FF00
FF00
00C0
00C0
00C0
00C0
00C0
00C0
C0C0
C0C0
3F00
3F00
ENDCHAR
STARTCHAR uni10C3
ENCODING 4291
SWIDTH 667 0
DWIDTH 12 0
BBX 10 14 0 0
BITMAP
30C0
30C0
C0C0
C0C0
C0C0
C0C0
3FC0
3FC0
00C0
00C0
00C0
00C0
00C0
00C0
ENDCHAR
STARTCHAR uni10C4
ENCODING 4292
SWIDTH 667 0
DWIDTH 12 0
BBX 10 14 0 0
BITMAP
C0C0
C0C0
C0C0
C0C0
C0C0
C0C0
3F00
3F00
0C00
0C00
0C00
0C00
0C00
0C00
ENDCHAR
STARTCHAR uni10C5
ENCODING 4293
SWIDTH 667 0
DWIDTH 12 0
BBX 14 14 0 0
BITMAP
03F0
03F0
030C
030C
03F0
03F0
0300
0300
3FF0
3FF0
C300
C300
3F00
3F00
ENDCHAR
STARTCHAR uni10C7
ENCODING 4295
SWIDTH 667 0
DWIDTH 12 0
BBX 10 14 0 0
BITMAP
FF00
FF00
00C0
00C0
3F00
3F00
C000
C000
C000
C000
C0C0
C0C0
3F00
3F00
ENDCHAR
STARTCHAR uni10CD
ENCODING 4301
SWIDTH 667 0
DWIDTH 12 0
BBX 10 14 0 0
BITMAP
FFC0
FFC0
00C0
00C0
0300
0300
0C00
0C00
3000
3000
C000
C000
FFC0
FFC0
ENDCHAR
STARTCHAR uni10D0
ENCODING 4304
SWIDTH 667 0
DWIDTH 12 0
BBX 10 10 0 0
BITMAP
0C00
0C00
0F00
0F00
00C0
00C0
C0C0
C0C0
3F00
3F00
ENDCHAR
STARTCHAR uni10D1
ENCODING 4305
SWIDTH 667 0
DWIDTH 12 0
BBX 10 14 0 0
BITMAP
FC00
FC00
0C00
0C00
0C00
0C00
3F00
3F00
C0C0
C0C0
C0C0
C0C0
3F00
3F00
ENDCHAR
STARTCHAR uni10D2
ENCODING 4306
SWIDTH 667 0
DWIDTH 12 0
BBX 10 12 0 -2
BITMAP
FC00
FC00
0300
0300
3F00
3F00
C0C0
C0C0
C0C0
C0C0
3F00
3F00
ENDCHAR
STARTCHAR uni10D3
ENCODING 4307
SWIDTH 667 0
DWIDTH 12 0
BBX 10 12 0 -2
BITMAP
3300
3300
CCC0
CCC0
C300
C300
3000
3000
FC00
FC00
0300
0300
ENDCHAR
STARTCHAR uni10D4
ENCODING 4308
SWIDTH 667 0
DWIDTH 12 0
BBX 10 12 0 -2
BITMAP
3F00
3F00
C0C0
C0C0
00C0
00C0
00C0
00C0
C0C0
C0C0
3F00
3F00
ENDCHAR
STARTCHAR uni10D5
ENCODING 4309
SWIDTH 667 0
DWIDTH 12 0
BBX 10 12 0 -2
BITMAP
3F00
3F00
C0C0
C0C0
0F00
0F00
00C0
00C0
C0C0
C0C0
3F00
3F00
ENDCHAR
STARTCHAR uni10D6
ENCODING 4310
SWIDTH 667 0
DWIDTH 12 0
BBX 10 14 0 0
BITMAP
3000
3000
CC00
CC00
CC00
CC00
3F00
3F00
0CC0
0CC0
0CC0
0CC0
0300
0300
ENDCHAR
STARTCHAR uni10D7
ENCODING 4311
SWIDTH 667 0
DWIDTH 12 0
BBX 10 10 0 0
BITMAP
3300
3300
CCC0
CCC0
CCC0
CCC0
CCC0
CCC0
30C0
30C0
ENDCHAR
STARTCHAR uni10D8
ENCODING 4312
SWIDTH 667 0
DWIDTH 12 0
BBX 10 10 0 0
BITMAP
3F00
3F00
C0C0
C0C0
C0C0
C0C0
C0C0
C0C0
3300
3300
ENDCHAR
STARTCHAR uni10D9
ENCODING 4313
SWIDTH 667 0
DWIDTH 12 0
BBX 10 12 0 -2
BITMAP
0300
0300
00C0
00C0
0300
0300
00C0
00C0
C0C0
C0C0
3F00
3F00
ENDCHAR
STARTCHAR uni10DA
ENCODING 4314
SWIDTH 667 0
DWIDTH 12 0
BBX 14 12 0 -2
BITMAP
3330
3330
CCCC
CCCC
C00C
C00C
3C00
3C00
C3C0
C3C0
0030
0030
ENDCHAR
STARTCHAR uni10DB
ENCODING 4315
SWIDTH 667 0
DWIDTH 12 0
BBX 10 14 0 0
BITMAP
3F00
3F00
00C0
00C0
3CC0
3CC0
C3C0
C3C0
C0C0
C0C0
C0C0
C0C0
3F00
3F00
ENDCHAR
STARTCHAR uni10DC
ENCODING 4316
SWIDTH 667 0
DWIDTH 12 0
BBX 10 14 0 0
BITMAP
FFC0
FFC0
C000
C000
CF00
CF00
F0C0
F0C0
C0C0
C0C0
C0C0
C0C0
3F00
3F00
ENDCHAR
STARTCHAR uni10DD
ENCODING 4317
SWIDTH 667 0
DWIDTH 12 0
BBX 10 10 0 0
BITMAP
3300
3300
CCC0
CCC0
CCC0
CCC0
C0C0
C0C0
3300
3300
ENDCHAR
STARTCHAR uni10DE
ENCODING 4318
SWIDTH 667 0
DWIDTH 12 0
BBX 10 16 0 -2
BITMAP
C000
C000
3F00
3F00
00C0
00C0
00C0
00C0
0F00
0F00
00C0
00C0
C0C0
C0C0
3F00
3F00
ENDCHAR
STARTCHAR uni10DF
ENCODING 4319
SWIDTH 667 0
DWIDTH 12 0
BBX 10 12 0 -2
BITMAP
0FC0
0FC0
CCC0
CCC0
30C0
30C0
00C0
00C0
C0C0
C0C0
3F00
3F00
ENDCHAR
STARTCHAR uni10E0
ENCODING 4320
SWIDTH 667 0
DWIDTH 12 0
BBX 10 14 0 0
BITMAP
00C0
00C0
3F00
3F00
C000
C000
F300
F300
CCC0
CCC0
C0C0
C0C0
3300
3300
ENDCHAR
STARTCHAR uni10E1
ENCODING 4321
SWIDTH 667 0
DWIDTH 12 0
BBX 10 14 0 0
BITMAP
C000
C000
C000
C000
C300
C300
C0C0
C0C0
C0C0
C0C0
C0C0
C0C0
3F00
3F00
ENDCHAR
STARTCHAR uni10E2
ENCODING 4322
SWIDTH 667 0
DWIDTH 12 0
BBX 10 14 0 -2
BITMAP
0C00
0C00
3300
3300
0F00
0F00
CCC0
CCC0
C0C0
C0C0
C0C0
C0C0
3F00
3F00
ENDCHAR
STARTCHAR uni10E3
ENCODING 4323
SWIDTH 667 0
DWIDTH 12 0
BBX 10 12 0 -2
BITMAP
3300
3300
CCC0
CCC0
00C0
00C0
00C0
00C0
C0C0
C0C0
3F00
3F00
ENDCHAR
STARTCHAR uni10E4
ENCODING 4324
SWIDTH 667 0
DWIDTH 12 0
BBX 10 12 0 -2
BITMAP
3300
3300
CCC0
CCC0
30C0
30C0
0300
0300
30C0
30C0
0F00
0F00
ENDCHAR
STARTCHAR uni10E5
ENCODING 4325
SWIDTH 667 0
DWIDTH 12 0
BBX 10 16 0 -2
BITMAP
00C0
00C0
00C0
00C0
00C0
00C0
0FC0
0FC0
30C0
30C0
00C0
00C0
C0C0
C0C0
3F00
3F00
ENDCHAR
STARTCHAR uni10E6
ENCODING 4326
SWIDTH 667 0
DWIDTH 12 0
BBX 10 12 0 -2
BITMAP
3300
3300
CCC0
CCC0
C0C0
C0C0
3000
3000
FC00
FC00
0300
0300
ENDCHAR
STARTCHAR uni10E7
ENCODING 4327
SWIDTH 667 0
DWIDTH 12 0
BBX 10 12 0 -2
BITMAP
30C0
30C0
C0C0
C0C0
C0C0
C0C0
3FC0
3FC0
00C0
00C0
FF00
FF00
ENDCHAR
STARTCHAR uni10E8
ENCODING 4328
SWIDTH 667 0
DWIDTH 12 0
BBX 10 14 0 0
BITMAP
3300
3300
CCC0
CCC0
00C0
00C0
0FC0
0FC0
30C0
30C0
30C0
30C0
0F00
0F00
ENDCHAR
STARTCHAR uni10E9
ENCODING 4329
SWIDTH 667 0
DWIDTH 12 0
BBX 10 14 0 0
BITMAP
3C00
3C00
C300
C300
FC00
FC00
C000
C000
FF00
FF00
C0C0
C0C0
C0C0
C0C0
ENDCHAR
STARTCHAR uni10EA
ENCODING 4330
SWIDTH 667 0
DWIDTH 12 0
BBX 10 12 0 -2
BITMAP
3300
3300
C0C0
C0C0
C300
C300
C0C0
C0C0
C0C0
C0C0
3F00
3F00
ENDCHAR
STARTCHAR uni10EB
ENCODING 4331
SWIDTH 667 0
DWIDTH 12 0
BBX 10 14 0 0
BITMAP
00C0
00C0
00C0
00C0
3CC0
3CC0
C3C0
C3C0
C0C0
C0C0
C0C0
C0C0
3F00
3F00
ENDCHAR
STARTCHAR uni10EC
ENCODING 4332
SWIDTH 667 0
DWIDTH 12 0
BBX 10 16 0 -2
BITMAP
3300
3300
CCC0
CCC0
C000
C000
FF00
FF00
C0C0
C0C0
3300
3300
3300
3300
0C00
0C00
ENDCHAR
STARTCHAR uni10ED
ENCODING 4333
SWIDTH 667 0
DWIDTH 12 0
BBX 10 16 0 -2
BITMAP
FC00
FC00
0300
0300
0FC0
0FC0
3300
3300
0FC0
0FC0
0300
0300
C0C0
C0C0
3F00
3F00
ENDCHAR
STARTCHAR uni10EE
ENCODING 4334
SWIDTH 667 0
DWIDTH 12 0
BBX 10 14 0 0
BITMAP
C000
C000
C000
C000
C000
C000
FF00
FF00
C0C0
C0C0
C0C0
C0C0
3F00
3F00
ENDCHAR
STARTCHAR uni10EF
ENCODING 4335
SWIDTH 667 0
DWIDTH 12 0
BBX 8 16 0 -2
BITMAP
0C
0C
0C
0C
3F
3F
0C
0C
0C
0C
03
03
C3
C3
3C
3C
ENDCHAR
STARTCHAR uni10F0
ENCODING 4336
SWIDTH 667 0
DWIDTH 12 0
BBX 10 14 0 0
BITMAP
0F00
0F00
00C0
00C0
0F00
0F00
00C0
00C0
0F00
0F00
C0C0
C0C0
3F00
3F00
ENDCHAR
STARTCHAR uni10F1
ENCODING 4337
SWIDTH 667 0
DWIDTH 12 0
BBX 12 14 0 0
BITMAP
30C0
30C0
CC30
CC30
CCC0
CCC0
F030
F030
C0C0
C0C0
C030
C030
3FC0
3FC0
ENDCHAR
STARTCHAR uni10F2
ENCODING 4338
SWIDTH 667 0
DWIDTH 12 0
BBX 10 12 0 -2
BITMAP
3F00
3F00
C0C0
C0C0
C0C0
C0C0
3300
3300
0C00
0C00
3300
3300
ENDCHAR
STARTCHAR uni10F3
ENCODING 4339
SWIDTH 667 0
DWIDTH 12 0
BBX 10 12 0 -2
BITMAP
FFC0
FFC0
0300
0300
0F00
0F00
00C0
00C0
C0C0
C0C0
3F00
3F00
ENDCHAR
STARTCHAR uni10F4
ENCODING 4340
SWIDTH 667 0
DWIDTH 12 0
BBX 10 16 0 -2
BITMAP
3C00
3C00
C000
C000
3F00
3F00
00C0
00C0
0F00
0F00
00C0
00C0
C0C0
C0C0
3F00
3F00
ENDCHAR
STARTCHAR uni10F5
ENCODING 4341
SWIDTH 667 0
DWIDTH 12 0
BBX 10 16 0 -2
BITMAP
3C00
3C00
C300
C300
3FC0
3FC0
0300
0300
3FC0
3FC0
C300
C300
C300
C300
3C00
3C00
ENDCHAR
STARTCHAR uni10F6
ENCODING 4342
SWIDTH 667 0
DWIDTH 12 0
BBX 10 16 0 -2
BITMAP
F000
F000
0C00
0C00
3F00
3F00
CCC0
CCC0
CCC0
CCC0
3F00
3F00
0C00
0C00
03C0
03C0
ENDCHAR
STARTCHAR uni10F7
ENCODING 4343
SWIDTH 667 0
DWIDTH 12 0
BBX 10 12 0 -2
BITMAP
FF00
FF00
00C0
00C0
3F00
3F00
C000
C000
C0C0
C0C0
3F00
3F00
ENDCHAR
STARTCHAR uni10F8
ENCODING 4344
SWIDTH 667 0
DWIDTH 12 0
BBX 10 12 0 -2
BITMAP
C300
C300
C0C0
C0C0
C0C0
C0C0
FF00
FF00
C000
C000
3FC0
3FC0
ENDCHAR
STARTCHAR uni10F9
ENCODING 4345
SWIDTH 667 0
DWIDTH 12 0
BBX 10 12 0 -2
BITMAP
3F00
3F00
C0C0
C0C0
C0C0
C0C0
3F00
3F00
0C00
0C00
03C0
03C0
ENDCHAR
STARTCHAR uni10FA
ENCODING 4346
SWIDTH 667 0
DWIDTH 12 0
BBX 10 12 0 -2
BITMAP
3F00
3F00
C0C0
C0C0
C000
C000
3000
3000
FF00
FF00
00C0
00C0
ENDCHAR
STARTCHAR uni10FB
ENCODING 4347
SWIDTH 667 0
DWIDTH 12 0
BBX 6 6 2 2
BITMAP
C0
C0
0C
0C
C0
C0
ENDCHAR
STARTCHAR uni10FC
ENCODING 4348
SWIDTH 667 0
DWIDTH 12 0
BBX 6 10 2 4
BITMAP
FC
FC
C0
C0
F0
F0
CC
CC
F0
F0
ENDCHAR
STARTCHAR uni10FD
ENCODING 4349
SWIDTH 667 0
DWIDTH 12 0
BBX 10 12 0 -2
BITMAP
3FC0
3FC0
C000
C000
3F00
3F00
00C0
00C0
C0C0
C0C0
3F00
3F00
ENDCHAR
STARTCHAR uni10FE
ENCODING 4350
SWIDTH 667 0
DWIDTH 12 0
BBX 10 12 0 -2
BITMAP
F3C0
F3C0
0C00
0C00
3300
3300
C0C0
C0C0
C0C0
C0C0
3F00
3F00
ENDCHAR
STARTCHAR uni10FF
ENCODING 4351
SWIDTH 667 0
DWIDTH 12 0
BBX 10 10 0 0
BITMAP
3F00
3F00
C0C0
C0C0
C0C0
C0C0
C0C0
C0C0
3F00
3F00
ENDCHAR
STARTCHAR uni15E1
ENCODING 5601
SWIDTH 667 0
DWIDTH 12 0
BBX 10 14 0 0
BITMAP
3FC0
3FC0
C0C0
C0C0
C0C0
C0C0
C0C0
C0C0
C0C0
C0C0
C0C0
C0C0
3FC0
3FC0
ENDCHAR
STARTCHAR uni15FA
ENCODING 5626
SWIDTH 667 0
DWIDTH 12 0
BBX 10 14 0 0
BITMAP
3FC0
3FC0
C0C0
C0C0
C0C0
C0C0
C0C0
C0C0
3FC0
3FC0
C0C0
C0C0
3FC0
3FC0
ENDCHAR
STARTCHAR uni1614
ENCODING 5652
SWIDTH 667 0
DWIDTH 12 0
BBX 10 14 0 0
BITMAP
FFC0
FFC0
C0C0
C0C0
0300
0300
3C00
3C00
C000
C000
C0C0
C0C0
3F00
3F00
ENDCHAR
STARTCHAR uni16A0
ENCODING 5792
SWIDTH 667 0
DWIDTH 12 0
BBX 8 14 0 0
BITMAP
C3
C3
CC
CC
F3
F3
CC
CC
F0
F0
C0
C0
C0
C0
ENDCHAR
STARTCHAR uni16A2
ENCODING 5794
SWIDTH 667 0
DWIDTH 12 0
BBX 10 14 0 0
BITMAP
F000
F000
CC00
CC00
CC00
CC00
C300
C300
C300
C300
C0C0
C0C0
C0C0
C0C0
ENDCHAR
STARTCHAR uni16A3
ENCODING 5795
SWIDTH 667 0
DWIDTH 12 0
BBX 10 14 0 0
BITMAP
F000
F000
CC00
CC00
CC00
CC00
C300
C300
C300
C300
CCC0
CCC0
CCC0
CCC0
ENDCHAR
STARTCHAR uni16A4
ENCODING 5796
SWIDTH 667 0
DWIDTH 12 0
BBX 10 14 0 0
BITMAP
F000
F000
CC00
CC00
CC00
CC00
C300
C300
C300
C300
CCC0
CCC0
C0C0
C0C0
ENDCHAR
STARTCHAR uni16A5
ENCODING 5797
SWIDTH 667 0
DWIDTH 12 0
BBX 10 14 0 0
BITMAP
F000
F000
CC00
CC00
CC00
CC00
F300
F300
F300
F300
CCC0
CCC0
CCC0
CCC0
ENDCHAR
STARTCHAR uni16A6
ENCODING 5798
SWIDTH 667 0
DWIDTH 12 0
BBX 8 14 0 0
BITMAP
C0
C0
C0
C0
FC
FC
C3
C3
FC
FC
C0
C0
C0
C0
ENDCHAR
STARTCHAR uni16A7
ENCODING 5799
SWIDTH 667 0
DWIDTH 12 0
BBX 8 14 0 0
BITMAP
C0
C0
FC
FC
C3
C3
F3
F3
C3
C3
FC
FC
C0
C0
ENDCHAR
STARTCHAR uni16A8
ENCODING 5800
SWIDTH 667 0
DWIDTH 12 0
BBX 6 14 2 0
BITMAP
F0
F0
CC
CC
F0
F0
CC
CC
C0
C0
C0
C0
C0
C0
ENDCHAR
STARTCHAR uni16A9
ENCODING 5801
SWIDTH 667 0
DWIDTH 12 0
BBX 8 14 0 0
BITMAP
F3
F3
CC
CC
F3
F3
CC
CC
C0
C0
C0
C0
C0
C0
ENDCHAR
STARTCHAR uni16AA
ENCODING 5802
SWIDTH 667 0
DWIDTH 12 0
BBX 8 14 0 0
BITMAP
F3
F3
CC
CC
F0
F0
CC
CC
C0
C0
C0
C0
C0
C0
ENDCHAR
STARTCHAR uni16AB
ENCODING 5803
SWIDTH 667 0
DWIDTH 12 0
BBX 8 14 0 0
BITMAP
F0
F0
CC
CC
F3
F3
CC
CC
C3
C3
C0
C0
C0
C0
ENDCHAR
STARTCHAR uni16AC
ENCODING 5804
SWIDTH 667 0
DWIDTH 12 0
BBX 10 14 0 0
BITMAP
0C00
0C00
CC00
CC00
3C00
3C00
CF00
CF00
3CC0
3CC0
0F00
0F00
0CC0
0CC0
ENDCHAR
STARTCHAR uni16AD
ENCODING 5805
SWIDTH 667 0
DWIDTH 12 0
BBX 6 14 2 0
BITMAP
C0
C0
C0
C0
C0
C0
F0
F0
CC
CC
F0
F0
CC
CC
ENDCHAR
STARTCHAR uni16AE
ENCODING 5806
SWIDTH 667 0
DWIDTH 12 0
BBX 6 14 2 0
BITMAP
0C
0C
0C
0C
0C
0C
3C
3C
CC
CC
3C
3C
CC
CC
ENDCHAR
STARTCHAR uni16AF
ENCODING 5807
SWIDTH 667 0
DWIDTH 12 0
BBX 10 14 0 0
BITMAP
0C00
0C00
0CC0
0CC0
0F00
0F00
3CC0
3CC0
CF00
CF00
3C00
3C00
CC00
CC00
ENDCHAR
STARTCHAR uni16B0
ENCODING 5808
SWIDTH 667 0
DWIDTH 12 0
BBX 10 14 0 0
BITMAP
0C00
0C00
0CC0
0CC0
0F00
0F00
3C00
3C00
CC00
CC00
3C00
3C00
CC00
CC00
ENDCHAR
STARTCHAR uni16B1
ENCODING 5809
SWIDTH 667 0
DWIDTH 12 0
BBX 8 14 0 0
BITMAP
F0
F0
CC
CC
C3
C3
CC
CC
F0
F0
CC
CC
C3
C3
ENDCHAR
STARTCHAR uni16B2
ENCODING 5810
SWIDTH 667 0
DWIDTH 12 0
BBX 6 10 2 2
BITMAP
0C
0C
30
30
C0
C0
30
30
0C
0C
ENDCHAR
STARTCHAR uni16B3
ENCODING 5811
SWIDTH 667 0
DWIDTH 12 0
BBX 8 14 0 0
BITMAP
C0
C0
C0
C0
C0
C0
C0
C0
F0
F0
CC
CC
C3
C3
ENDCHAR
STARTCHAR uni16B4
ENCODING 5812
SWIDTH 667 0
DWIDTH 12 0
BBX 8 14 0 0
BITMAP
C3
C3
CC
CC
F0
F0
C0
C0
C0
C0
C0
C0
C0
C0
ENDCHAR
STARTCHAR uni16B6
ENCODING 5814
SWIDTH 667 0
DWIDTH 12 0
BBX 10 14 0 0
BITMAP
30C0
30C0
3300
3300
FC00
FC00
FC00
FC00
3000
3000
3000
3000
3000
3000
ENDCHAR
STARTCHAR uni16B7
ENCODING 5815
SWIDTH 667 0
DWIDTH 12 0
BBX 10 14 0 0
BITMAP
C0C0
C0C0
3300
3300
3300
3300
0C00
0C00
3300
3300
3300
3300
C0C0
C0C0
ENDCHAR
STARTCHAR uni16B8
ENCODING 5816
SWIDTH 667 0
DWIDTH 12 0
BBX 10 14 0 0
BITMAP
C0C0
C0C0
3300
3300
3300
3300
CCC0
CCC0
3300
3300
3300
3300
C0C0
C0C0
ENDCHAR
STARTCHAR uni16B9
ENCODING 5817
SWIDTH 667 0
DWIDTH 12 0
BBX 8 14 0 0
BITMAP
F0
F0
CC
CC
C3
C3
CC
CC
F0
F0
C0
C0
C0
C0
ENDCHAR
STARTCHAR uni16BA
ENCODING 5818
SWIDTH 667 0
DWIDTH 12 0
BBX 10 14 0 0
BITMAP
C0C0
C0C0
C0C0
C0C0
C0C0
C0C0
FCC0
FCC0
C3C0
C3C0
C0C0
C0C0
C0C0
C0C0
ENDCHAR
STARTCHAR uni16BB
ENCODING 5819
SWIDTH 667 0
DWIDTH 12 0
BBX 10 14 0 0
BITMAP
C0C0
C0C0
C0C0
C0C0
FCC0
FCC0
C3C0
C3C0
FCC0
FCC0
C3C0
C3C0
C0C0
C0C0
ENDCHAR
STARTCHAR uni16BC
ENCODING 5820
SWIDTH 667 0
DWIDTH 12 0
BBX 10 14 0 0
BITMAP
0C00
0C00
CCC0
CCC0
3F00
3F00
0C00
0C00
3F00
3F00
CCC0
CCC0
0C00
0C00
ENDCHAR
STARTCHAR uni16BD
ENCODING 5821
SWIDTH 667 0
DWIDTH 12 0
BBX 6 14 2 0
BITMAP
30
30
30
30
FC
FC
FC
FC
30
30
30
30
30
30
ENDCHAR
STARTCHAR uni16BE
ENCODING 5822
SWIDTH 667 0
DWIDTH 12 0
BBX 10 14 0 0
BITMAP
0C00
0C00
CC00
CC00
3C00
3C00
0F00
0F00
0CC0
0CC0
0C00
0C00
0C00
0C00
ENDCHAR
STARTCHAR uni16BF
ENCODING 5823
SWIDTH 667 0
DWIDTH 12 0
BBX 6 14 2 0
BITMAP
C0
C0
C0
C0
C0
C0
F0
F0
CC
CC
C0
C0
C0
C0
ENDCHAR
STARTCHAR uni16C0
ENCODING 5824
SWIDTH 667 0
DWIDTH 12 0
BBX 10 14 0 0
BITMAP
0C00
0C00
CC00
CC00
3F00
3F00
3F00
3F00
0CC0
0CC0
0C00
0C00
0C00
0C00
ENDCHAR
STARTCHAR uni16C1
ENCODING 5825
SWIDTH 667 0
DWIDTH 12 0
BBX 2 14 4 0
BITMAP
C0
C0
C0
C0
C0
C0
C0
C0
C0
C0
C0
C0
C0
C0
ENDCHAR
STARTCHAR uni16C2
ENCODING 5826
SWIDTH 667 0
DWIDTH 12 0
BBX 6 14 2 0
BITMAP
30
30
30
30
FC
FC
FC
FC
30
30
30
30
30
30
ENDCHAR
STARTCHAR uni16C3
ENCODING 5827
SWIDTH 667 0
DWIDTH 12 0
BBX 12 14 0 0
BITMAP
0C00
0C00
3000
3000
C300
C300
30C0
30C0
0C30
0C30
00C0
00C0
0300
0300
ENDCHAR
STARTCHAR uni16C4
ENCODING 5828
SWIDTH 667 0
DWIDTH 12 0
BBX 10 14 0 0
BITMAP
0C00
0C00
0C00
0C00
3F00
3F00
CCC0
CCC0
3F00
3F00
0C00
0C00
0C00
0C00
ENDCHAR
STARTCHAR uni16C5
ENCODING 5829
SWIDTH 667 0
DWIDTH 12 0
BBX 10 14 0 0
BITMAP
0C00
0C00
0CC0
0CC0
0F00
0F00
3C00
3C00
CC00
CC00
0C00
0C00
0C00
0C00
ENDCHAR
STARTCHAR uni16C6
ENCODING 5830
SWIDTH 667 0
DWIDTH 12 0
BBX 6 14 2 0
BITMAP
0C
0C
0C
0C
0C
0C
3C
3C
CC
CC
0C
0C
0C
0C
ENDCHAR
STARTCHAR uni16C7
ENCODING 5831
SWIDTH 667 0
DWIDTH 12 0
BBX 10 14 0 0
BITMAP
0F00
0F00
0CC0
0CC0
0C00
0C00
0C00
0C00
0C00
0C00
CC00
CC00
3C00
3C00
ENDCHAR
STARTCHAR uni16C8
ENCODING 5832
SWIDTH 667 0
DWIDTH 12 0
BBX 8 14 0 0
BITMAP
F3
F3
CC
CC
C0
C0
C0
C0
C0
C0
CC
CC
F3
F3
ENDCHAR
STARTCHAR uni16C9
ENCODING 5833
SWIDTH 667 0
DWIDTH 12 0
BBX 10 14 0 0
BITMAP
CCC0
CCC0
3F00
3F00
3F00
3F00
0C00
0C00
0C00
0C00
0C00
0C00
0C00
0C00
ENDCHAR
STARTCHAR uni16CA
ENCODING 5834
SWIDTH 667 0
DWIDTH 12 0
BBX 6 14 2 0
BITMAP
0C
0C
30
30
C0
C0
3C
3C
C0
C0
30
30
0C
0C
ENDCHAR
STARTCHAR uni16CB
ENCODING 5835
SWIDTH 667 0
DWIDTH 12 0
BBX 10 14 0 0
BITMAP
C000
C000
C000
C000
C3C0
C3C0
CCC0
CCC0
F0C0
F0C0
00C0
00C0
00C0
00C0
ENDCHAR
STARTCHAR uni16CC
ENCODING 5836
SWIDTH 667 0
DWIDTH 12 0
BBX 2 6 4 8
BITMAP
C0
C0
C0
C0
C0
C0
ENDCHAR
STARTCHAR uni16CD
ENCODING 5837
SWIDTH 667 0
DWIDTH 12 0
BBX 6 8 2 6
BITMAP
30
30
30
30
FC
FC
FC
FC
ENDCHAR
STARTCHAR uni16CE
ENCODING 5838
SWIDTH 667 0
DWIDTH 12 0
BBX 10 10 0 4
BITMAP
0C00
0C00
0C00
0C00
CCC0
CCC0
3F00
3F00
0C00
0C00
ENDCHAR
STARTCHAR uni16CF
ENCODING 5839
SWIDTH 667 0
DWIDTH 12 0
BBX 10 14 0 0
BITMAP
0C00
0C00
3F00
3F00
CCC0
CCC0
0C00
0C00
0C00
0C00
0C00
0C00
0C00
0C00
ENDCHAR
STARTCHAR uni16D0
ENCODING 5840
SWIDTH 667 0
DWIDTH 12 0
BBX 6 14 2 0
BITMAP
0C
0C
3C
3C
CC
CC
0C
0C
0C
0C
0C
0C
0C
0C
ENDCHAR
STARTCHAR uni16D1
ENCODING 5841
SWIDTH 667 0
DWIDTH 12 0
BBX 8 14 0 0
BITMAP
0C
0C
3C
3C
CC
CC
3F
3F
3F
3F
0C
0C
0C
0C
ENDCHAR
STARTCHAR uni16D2
ENCODING 5842
SWIDTH 667 0
DWIDTH 12 0
BBX 8 14 0 0
BITMAP
FC
FC
C3
C3
CC
CC
F0
F0
CC
CC
C3
C3
FC
FC
ENDCHAR
STARTCHAR uni16D3
ENCODING 5843
SWIDTH 667 0
DWIDTH 12 0
BBX 6 14 2 0
BITMAP
C0
C0
CC
CC
F0
F0
CC
CC
F0
F0
C0
C0
C0
C0
ENDCHAR
STARTCHAR uni16D4
ENCODING 5844
SWIDTH 667 0
DWIDTH 12 0
BBX 8 14 0 0
BITMAP
FC
FC
C3
C3
F3
F3
FC
FC
C3
C3
F3
F3
FC
FC
ENDCHAR
STARTCHAR uni16D5
ENCODING 5845
SWIDTH 667 0
DWIDTH 12 0
BBX 8 14 0 0
BITMAP
C3
C3
CC
CC
F0
F0
C0
C0
F0
F0
CC
CC
C3
C3
ENDCHAR
STARTCHAR uni16D6
ENCODING 5846
SWIDTH 667 0
DWIDTH 12 0
BBX 10 14 0 0
BITMAP
C0C0
C0C0
F3C0
F3C0
CCC0
CCC0
C0C0
C0C0
C0C0
C0C0
C0C0
C0C0
C0C0
C0C0
ENDCHAR
STARTCHAR uni16D7
ENCODING 5847
SWIDTH 667 0
DWIDTH 12 0
BBX 10 14 0 0
BITMAP
C0C0
C0C0
F3C0
F3C0
CCC0
CCC0
F3C0
F3C0
C0C0
C0C0
C0C0
C0C0
C0C0
C0C0
ENDCHAR
STARTCHAR uni16D8
ENCODING 5848
SWIDTH 667 0
DWIDTH 12 0
BBX 10 14 0 0
BITMAP
CCC0
CCC0
CCC0
CCC0
3F00
3F00
0C00
0C00
0C00
0C00
0C00
0C00
0C00
0C00
ENDCHAR
STARTCHAR uni16D9
ENCODING 5849
SWIDTH 667 0
DWIDTH 12 0
BBX 6 14 2 0
BITMAP
FC
FC
FC
FC
30
30
30
30
30
30
30
30
30
30
ENDCHAR
STARTCHAR uni16DA
ENCODING 5850
SWIDTH 667 0
DWIDTH 12 0
BBX 6 14 2 0
BITMAP
C0
C0
F0
F0
CC
CC
C0
C0
C0
C0
C0
C0
C0
C0
ENDCHAR
STARTCHAR uni16DB
ENCODING 5851
SWIDTH 667 0
DWIDTH 12 0
BBX 8 14 0 0
BITMAP
30
30
3C
3C
33
33
FC
FC
FC
FC
30
30
30
30
ENDCHAR
STARTCHAR uni16DC
ENCODING 5852
SWIDTH 667 0
DWIDTH 12 0
BBX 10 10 0 2
BITMAP
0C00
0C00
3300
3300
C0C0
C0C0
3300
3300
0C00
0C00
ENDCHAR
STARTCHAR uni16DD
ENCODING 5853
SWIDTH 667 0
DWIDTH 12 0
BBX 10 14 0 0
BITMAP
3300
3300
0C00
0C00
3300
3300
C0C0
C0C0
3300
3300
0C00
0C00
3300
3300
ENDCHAR
STARTCHAR uni16DE
ENCODING 5854
SWIDTH 667 0
DWIDTH 12 0
BBX 10 14 0 0
BITMAP
C0C0
C0C0
F3C0
F3C0
F3C0
F3C0
CCC0
CCC0
F3C0
F3C0
F3C0
F3C0
C0C0
C0C0
ENDCHAR
STARTCHAR uni16DF
ENCODING 5855
SWIDTH 667 0
DWIDTH 12 0
BBX 10 14 2 0
BITMAP
0C00
0C00
3300
3300
C0C0
C0C0
3300
3300
0C00
0C00
3300
3300
C0C0
C0C0
ENDCHAR
STARTCHAR uni16E0
ENCODING 5856
SWIDTH 667 0
DWIDTH 12 0
BBX 14 14 0 0
BITMAP
CFCC
CFCC
3330
3330
0300
0300
0300
0300
0300
0300
0300
0300
0300
0300
ENDCHAR
STARTCHAR uni16E1
ENCODING 5857
SWIDTH 667 0
DWIDTH 12 0
BBX 10 14 0 0
BITMAP
0C00
0C00
CCC0
CCC0
3F00
3F00
0C00
0C00
3F00
3F00
CCC0
CCC0
0C00
0C00
ENDCHAR
STARTCHAR uni16E2
ENCODING 5858
SWIDTH 667 0
DWIDTH 12 0
BBX 14 14 0 0
BITMAP
03CC
03CC
0330
0330
0300
0300
0300
0300
0300
0300
3300
3300
CF00
CF00
ENDCHAR
STARTCHAR uni16E3
ENCODING 5859
SWIDTH 667 0
DWIDTH 12 0
BBX 10 14 0 0
BITMAP
0C00
0C00
0C00
0C00
0C00
0C00
0C00
0C00
3F00
3F00
3F00
3F00
CCC0
CCC0
ENDCHAR
STARTCHAR uni16E4
ENCODING 5860
SWIDTH 667 0
DWIDTH 12 0
BBX 10 14 0 0
BITMAP
CCC0
CCC0
3F00
3F00
3F00
3F00
CCC0
CCC0
3F00
3F00
3F00
3F00
CCC0
CCC0
ENDCHAR
STARTCHAR uni16E5
ENCODING 5861
SWIDTH 667 0
DWIDTH 12 0
BBX 10 14 0 0
BITMAP
C0C0
C0C0
F3C0
F3C0
CCC0
CCC0
F3C0
F3C0
CCC0
CCC0
F3C0
F3C0
C0C0
C0C0
ENDCHAR
STARTCHAR uni16E6
ENCODING 5862
SWIDTH 667 0
DWIDTH 12 0
BBX 10 14 0 0
BITMAP
0C00
0C00
0C00
0C00
0C00
0C00
0C00
0C00
3F00
3F00
CCC0
CCC0
CCC0
CCC0
ENDCHAR
STARTCHAR uni16E7
ENCODING 5863
SWIDTH 667 0
DWIDTH 12 0
BBX 2 6 4 0
BITMAP
C0
C0
C0
C0
C0
C0
ENDCHAR
STARTCHAR uni16E8
ENCODING 5864
SWIDTH 667 0
DWIDTH 12 0
BBX 10 14 0 0
BITMAP
0C00
0C00
3F00
3F00
CCC0
CCC0
0C00
0C00
CCC0
CCC0
3F00
3F00
0C00
0C00
ENDCHAR
STARTCHAR uni16E9
ENCODING 5865
SWIDTH 667 0
DWIDTH 12 0
BBX 8 14 0 0
BITMAP
0F
0F
33
33
C3
C3
33
33
0F
0F
03
03
03
03
ENDCHAR
STARTCHAR uni16EA
ENCODING 5866
SWIDTH 667 0
DWIDTH 12 0
BBX 14 14 0 0
BITMAP
3000
3000
3C00
3C00
F0F0
F0F0
3330
3330
3C3C
3C3C
00F0
00F0
0030
0030
ENDCHAR
STARTCHAR uni16EB
ENCODING 5867
SWIDTH 667 0
DWIDTH 12 0
BBX 4 4 2 4
BITMAP
F0
F0
F0
F0
ENDCHAR
STARTCHAR uni16EC
ENCODING 5868
SWIDTH 667 0
DWIDTH 12 0
BBX 2 8 4 2
BITMAP
C0
C0
00
00
00
00
C0
C0
ENDCHAR
STARTCHAR uni16ED
ENCODING 5869
SWIDTH 667 0
DWIDTH 12 0
BBX 10 10 0 2
BITMAP
0C00
0C00
0C00
0C00
FFC0
FFC0
0C00
0C00
0C00
0C00
ENDCHAR
STARTCHAR uni16EE
ENCODING 5870
SWIDTH 667 0
DWIDTH 12 0
BBX 10 14 0 0
BITMAP
0F00
0F00
0CC0
0CC0
0C00
0C00
3C00
3C00
CC00
CC00
0C00
0C00
0C00
0C00
ENDCHAR
STARTCHAR uni16EF
ENCODING 5871
SWIDTH 667 0
DWIDTH 12 0
BBX 10 14 0 0
BITMAP
CCC0
CCC0
CCC0
CCC0
3F00
3F00
0C00
0C00
3F00
3F00
CCC0
CCC0
CCC0
CCC0
ENDCHAR
STARTCHAR uni16F0
ENCODING 5872
SWIDTH 667 0
DWIDTH 12 0
BBX 10 14 0 0
BITMAP
0C00
0C00
3F00
3F00
CCC0
CCC0
CCC0
CCC0
CCC0
CCC0
3F00
3F00
0C00
0C00
ENDCHAR
STARTCHAR uni16F1
ENCODING 5873
SWIDTH 667 0
DWIDTH 12 0
BBX 10 14 0 0
BITMAP
C000
C000
C000
C000
CC00
CC00
F300
F300
C300
C300
C0C0
C0C0
C0C0
C0C0
ENDCHAR
STARTCHAR uni16F2
ENCODING 5874
SWIDTH 667 0
DWIDTH 12 0
BBX 10 14 0 0
BITMAP
00C0
00C0
00C0
00C0
F0C0
F0C0
CCC0
CCC0
C3C0
C3C0
C000
C000
C000
C000
ENDCHAR
STARTCHAR uni16F3
ENCODING 5875
SWIDTH 667 0
DWIDTH 12 0
BBX 14 14 0 0
BITMAP
0FC0
0FC0
3330
3330
C30C
C30C
3330
3330
0FC0
0FC0
0300
0300
0300
0300
ENDCHAR
STARTCHAR uni16F4
ENCODING 5876
SWIDTH 667 0
DWIDTH 12 0
BBX 8 14 0 0
BITMAP
C0
C0
C0
C0
C3
C3
FF
FF
C3
C3
03
03
03
03
ENDCHAR
STARTCHAR uni16F5
ENCODING 5877
SWIDTH 667 0
DWIDTH 12 0
BBX 4 14 2 0
BITMAP
30
30
C0
C0
30
30
C0
C0
30
30
C0
C0
30
30
ENDCHAR
STARTCHAR uni16F6
ENCODING 5878
SWIDTH 667 0
DWIDTH 12 0
BBX 10 14 0 0
BITMAP
3000
3000
3000
3000
0CC0
0CC0
3F00
3F00
CC00
CC00
0300
0300
0300
0300
ENDCHAR
STARTCHAR uni16F7
ENCODING 5879
SWIDTH 667 0
DWIDTH 12 0
BBX 10 14 0 0
BITMAP
C000
C000
C000
C000
FC00
FC00
C300
C300
C300
C300
C0C0
C0C0
C0C0
C0C0
ENDCHAR
STARTCHAR uni16F8
ENCODING 5880
SWIDTH 667 0
DWIDTH 12 0
BBX 10 14 0 0
BITMAP
0C00
0C00
0C00
0C00
0C00
0C00
0C00
0C00
3F00
3F00
3300
3300
C0C0
C0C0
ENDCHAR
STARTCHAR uni1D00
ENCODING 7424
SWIDTH 667 0
DWIDTH 12 0
BBX 10 10 0 0
BITMAP
3F00
3F00
C0C0
C0C0
FFC0
FFC0
C0C0
C0C0
C0C0
C0C0
ENDCHAR
STARTCHAR uni1D04
ENCODING 7428
SWIDTH 667 0
DWIDTH 12 0
BBX 10 10 0 0
BITMAP
3F00
3F00
C0C0
C0C0
C000
C000
C0C0
C0C0
3F00
3F00
ENDCHAR
STARTCHAR uni1D05
ENCODING 7429
SWIDTH 667 0
DWIDTH 12 0
BBX 10 10 0 0
BITMAP
FF00
FF00
C0C0
C0C0
C0C0
C0C0
C0C0
C0C0
FF00
FF00
ENDCHAR
STARTCHAR uni1D07
ENCODING 7431
SWIDTH 667 0
DWIDTH 12 0
BBX 10 10 0 0
BITMAP
FFC0
FFC0
C000
C000
FC00
FC00
C000
C000
FFC0
FFC0
ENDCHAR
STARTCHAR uni1D09
ENCODING 7433
SWIDTH 667 0
DWIDTH 12 0
BBX 2 14 4 -2
BITMAP
C0
C0
C0
C0
C0
C0
C0
C0
C0
C0
00
00
C0
C0
ENDCHAR
STARTCHAR uni1D0A
ENCODING 7434
SWIDTH 667 0
DWIDTH 12 0
BBX 10 10 0 0
BITMAP
00C0
00C0
00C0
00C0
00C0
00C0
C0C0
C0C0
3F00
3F00
ENDCHAR
STARTCHAR uni1D0B
ENCODING 7435
SWIDTH 667 0
DWIDTH 12 0
BBX 10 10 0 0
BITMAP
C0C0
C0C0
C300
C300
FC00
FC00
C300
C300
C0C0
C0C0
ENDCHAR
STARTCHAR uni1D0D
ENCODING 7437
SWIDTH 667 0
DWIDTH 12 0
BBX 10 10 0 0
BITMAP
C0C0
C0C0
F3C0
F3C0
CCC0
CCC0
C0C0
C0C0
C0C0
C0C0
ENDCHAR
STARTCHAR uni1D0F
ENCODING 7439
SWIDTH 667 0
DWIDTH 12 0
BBX 10 10 0 0
BITMAP
3F00
3F00
C0C0
C0C0
C0C0
C0C0
C0C0
C0C0
3F00
3F00
ENDCHAR
STARTCHAR uni1D18
ENCODING 7448
SWIDTH 667 0
DWIDTH 12 0
BBX 10 10 0 0
BITMAP
FF00
FF00
C0C0
C0C0
FF00
FF00
C000
C000
C000
C000
ENDCHAR
STARTCHAR uni1D1A
ENCODING 7450
SWIDTH 667 0
DWIDTH 12 0
BBX 10 14 0 0
BITMAP
C0C0
C0C0
C0C0
C0C0
C0C0
C0C0
C0C0
C0C0
3FC0
3FC0
C0C0
C0C0
3FC0
3FC0
ENDCHAR
STARTCHAR uni1D1B
ENCODING 7451
SWIDTH 667 0
DWIDTH 12 0
BBX 10 10 0 0
BITMAP
FFC0
FFC0
0C00
0C00
0C00
0C00
0C00
0C00
0C00
0C00
ENDCHAR
STARTCHAR uni1D1C
ENCODING 7452
SWIDTH 667 0
DWIDTH 12 0
BBX 10 10 0 0
BITMAP
C0C0
C0C0
C0C0
C0C0
C0C0
C0C0
C0C0
C0C0
3F00
3F00
ENDCHAR
STARTCHAR uni1D20
ENCODING 7456
SWIDTH 667 0
DWIDTH 12 0
BBX 10 10 0 0
BITMAP
C0C0
C0C0
C0C0
C0C0
C0C0
C0C0
3300
3300
0C00
0C00
ENDCHAR
STARTCHAR uni1D21
ENCODING 7457
SWIDTH 667 0
DWIDTH 12 0
BBX 10 10 0 0
BITMAP
C0C0
C0C0
C0C0
C0C0
CCC0
CCC0
F3C0
F3C0
C0C0
C0C0
ENDCHAR
STARTCHAR uni1D22
ENCODING 7458
SWIDTH 667 0
DWIDTH 12 0
BBX 10 10 0 0
BITMAP
FFC0
FFC0
0300
0300
0C00
0C00
3000
3000
FFC0
FFC0
ENDCHAR
STARTCHAR uni1D77
ENCODING 7543
SWIDTH 667 0
DWIDTH 12 0
BBX 10 12 0 0
BITMAP
3FC0
3FC0
C000
C000
FF00
FF00
C0C0
C0C0
C0C0
C0C0
FF00
FF00
ENDCHAR
STARTCHAR uni1D91
ENCODING 7569
SWIDTH 667 0
DWIDTH 12 0
BBX 12 16 0 -2
BITMAP
0030
0030
00C0
00C0
3CC0
3CC0
C3C0
C3C0
C0C0
C0C0
C0C0
C0C0
3FC0
3FC0
0030
0030
ENDCHAR
STARTCHAR uni1E02
ENCODING 7682
SWIDTH 667 0
DWIDTH 12 0
BBX 10 18 0 0
BITMAP
0C00
0C00
0000
0000
FF00
FF00
C0C0
C0C0
FF00
FF00
C0C0
C0C0
C0C0
C0C0
C0C0
C0C0
FF00
FF00
ENDCHAR
STARTCHAR uni1E03
ENCODING 7683
SWIDTH 667 0
DWIDTH 12 0
BBX 10 18 0 0
BITMAP
0C00
0C00
0000
0000
C000
C000
C000
C000
CF00
CF00
F0C0
F0C0
C0C0
C0C0
C0C0
C0C0
FF00
FF00
ENDCHAR
STARTCHAR uni1E0A
ENCODING 7690
SWIDTH 667 0
DWIDTH 12 0
BBX 10 18 0 0
BITMAP
0C00
0C00
0000
0000
FF00
FF00
C0C0
C0C0
C0C0
C0C0
C0C0
C0C0
C0C0
C0C0
C0C0
C0C0
FF00
FF00
ENDCHAR
STARTCHAR uni1E0B
ENCODING 7691
SWIDTH 667 0
DWIDTH 12 0
BBX 10 18 0 0
BITMAP
0C00
0C00
0000
0000
00C0
00C0
00C0
00C0
3CC0
3CC0
C3C0
C3C0
C0C0
C0C0
C0C0
C0C0
3FC0
3FC0
ENDCHAR
STARTCHAR uni1E1E
ENCODING 7710
SWIDTH 667 0
DWIDTH 12 0
BBX 10 18 0 0
BITMAP
0C00
0C00
0000
0000
FFC0
FFC0
C000
C000
FC00
FC00
C000
C000
C000
C000
C000
C000
C000
C000
ENDCHAR
STARTCHAR uni1E1F
ENCODING 7711
SWIDTH 667 0
DWIDTH 12 0
BBX 8 18 1 0
BITMAP
30
30
00
00
0F
0F
30
30
FF
FF
30
30
30
30
30
30
30
30
ENDCHAR
STARTCHAR uni1E20
ENCODING 7712
SWIDTH 667 0
DWIDTH 12 0
BBX 10 18 0 0
BITMAP
3F00
3F00
0000
0000
3FC0
3FC0
C000
C000
C3C0
C3C0
C0C0
C0C0
C0C0
C0C0
C0C0
C0C0
3F00
3F00
ENDCHAR
STARTCHAR uni1E21
ENCODING 7713
SWIDTH 667 0
DWIDTH 12 0
BBX 10 16 0 -2
BITMAP
3F00
3F00
0000
0000
3FC0
3FC0
C0C0
C0C0
C0C0
C0C0
3FC0
3FC0
00C0
00C0
FF00
FF00
ENDCHAR
STARTCHAR uni1E22
ENCODING 7714
SWIDTH 667 0
DWIDTH 12 0
BBX 10 18 0 0
BITMAP
0C00
0C00
0000
0000
C0C0
C0C0
C0C0
C0C0
FFC0
FFC0
C0C0
C0C0
C0C0
C0C0
C0C0
C0C0
C0C0
C0C0
ENDCHAR
STARTCHAR uni1E23
ENCODING 7715
SWIDTH 667 0
DWIDTH 12 0
BBX 10 18 0 0
BITMAP
0C00
0C00
0000
0000
C000
C000
C000
C000
CF00
CF00
F0C0
F0C0
C0C0
C0C0
C0C0
C0C0
C0C0
C0C0
ENDCHAR
STARTCHAR uni1E26
ENCODING 7718
SWIDTH 667 0
DWIDTH 12 0
BBX 10 18 0 0
BITMAP
3300
3300
0000
0000
C0C0
C0C0
C0C0
C0C0
FFC0
FFC0
C0C0
C0C0
C0C0
C0C0
C0C0
C0C0
C0C0
C0C0
ENDCHAR
STARTCHAR uni1E27
ENCODING 7719
SWIDTH 667 0
DWIDTH 12 0
BBX 10 18 0 0
BITMAP
3300
3300
0000
0000
C000
C000
C000
C000
CF00
CF00
F0C0
F0C0
C0C0
C0C0
C0C0
C0C0
C0C0
C0C0
ENDCHAR
STARTCHAR uni1E30
ENCODING 7728
SWIDTH 667 0
DWIDTH 12 0
BBX 10 20 0 0
BITMAP
0300
0300
0C00
0C00
0000
0000
C0C0
C0C0
C300
C300
FC00
FC00
C300
C300
C0C0
C0C0
C0C0
C0C0
C0C0
C0C0
ENDCHAR
STARTCHAR uni1E31
ENCODING 7729
SWIDTH 667 0
DWIDTH 12 0
BBX 8 20 1 0
BITMAP
03
03
0C
0C
00
00
C0
C0
C0
C0
C3
C3
CC
CC
F0
F0
CC
CC
C3
C3
ENDCHAR
STARTCHAR uni1E3E
ENCODING 7742
SWIDTH 667 0
DWIDTH 12 0
BBX 10 20 0 0
BITMAP
0300
0300
0C00
0C00
0000
0000
C0C0
C0C0
F3C0
F3C0
CCC0
CCC0
C0C0
C0C0
C0C0
C0C0
C0C0
C0C0
C0C0
C0C0
ENDCHAR
STARTCHAR uni1E3F
ENCODING 7743
SWIDTH 667 0
DWIDTH 12 0
BBX 10 16 0 0
BITMAP
0300
0300
0C00
0C00
0000
0000
F300
F300
CCC0
CCC0
CCC0
CCC0
C0C0
C0C0
C0C0
C0C0
ENDCHAR
STARTCHAR uni1E40
ENCODING 7744
SWIDTH 667 0
DWIDTH 12 0
BBX 10 18 0 0
BITMAP
0C00
0C00
0000
0000
C0C0
C0C0
F3C0
F3C0
CCC0
CCC0
C0C0
C0C0
C0C0
C0C0
C0C0
C0C0
C0C0
C0C0
ENDCHAR
STARTCHAR uni1E41
ENCODING 7745
SWIDTH 667 0
DWIDTH 12 0
BBX 10 14 0 0
BITMAP
0C00
0C00
0000
0000
F300
F300
CCC0
CCC0
CCC0
CCC0
C0C0
C0C0
C0C0
C0C0
ENDCHAR
STARTCHAR uni1E44
ENCODING 7748
SWIDTH 667 0
DWIDTH 12 0
BBX 10 18 0 0
BITMAP
0C00
0C00
0000
0000
C0C0
C0C0
F0C0
F0C0
CCC0
CCC0
C3C0
C3C0
C0C0
C0C0
C0C0
C0C0
C0C0
C0C0
ENDCHAR
STARTCHAR uni1E45
ENCODING 7749
SWIDTH 667 0
DWIDTH 12 0
BBX 10 14 0 0
BITMAP
0C00
0C00
0000
0000
FF00
FF00
C0C0
C0C0
C0C0
C0C0
C0C0
C0C0
C0C0
C0C0
ENDCHAR
STARTCHAR uni1E54
ENCODING 7764
SWIDTH 667 0
DWIDTH 12 0
BBX 10 20 0 0
BITMAP
0300
0300
0C00
0C00
0000
0000
FF00
FF00
C0C0
C0C0
FF00
FF00
C000
C000
C000
C000
C000
C000
C000
C000
ENDCHAR
STARTCHAR uni1E55
ENCODING 7765
SWIDTH 667 0
DWIDTH 12 0
BBX 10 18 0 -2
BITMAP
0300
0300
0C00
0C00
0000
0000
CF00
CF00
F0C0
F0C0
C0C0
C0C0
FF00
FF00
C000
C000
C000
C000
ENDCHAR
STARTCHAR uni1E56
ENCODING 7766
SWIDTH 667 0
DWIDTH 12 0
BBX 10 18 0 0
BITMAP
0C00
0C00
0000
0000
FF00
FF00
C0C0
C0C0
FF00
FF00
C000
C000
C000
C000
C000
C000
C000
C000
ENDCHAR
STARTCHAR uni1E57
ENCODING 7767
SWIDTH 667 0
DWIDTH 12 0
BBX 10 16 0 -2
BITMAP
0C00
0C00
0000
0000
CF00
CF00
F0C0
F0C0
C0C0
C0C0
FF00
FF00
C000
C000
C000
C000
ENDCHAR
STARTCHAR uni1E58
ENCODING 7768
SWIDTH 667 0
DWIDTH 12 0
BBX 10 18 0 0
BITMAP
0C00
0C00
0000
0000
FF00
FF00
C0C0
C0C0
FF00
FF00
C0C0
C0C0
C0C0
C0C0
C0C0
C0C0
C0C0
C0C0
ENDCHAR
STARTCHAR uni1E59
ENCODING 7769
SWIDTH 667 0
DWIDTH 12 0
BBX 10 14 0 0
BITMAP
0C00
0C00
0000
0000
CF00
CF00
F0C0
F0C0
C000
C000
C000
C000
C000
C000
ENDCHAR
STARTCHAR uni1E60
ENCODING 7776
SWIDTH 667 0
DWIDTH 12 0
BBX 10 18 0 0
BITMAP
0C00
0C00
0000
0000
3FC0
3FC0
C000
C000
3F00
3F00
00C0
00C0
00C0
00C0
C0C0
C0C0
3F00
3F00
ENDCHAR
STARTCHAR uni1E61
ENCODING 7777
SWIDTH 667 0
DWIDTH 12 0
BBX 10 14 0 0
BITMAP
0C00
0C00
0000
0000
3FC0
3FC0
C000
C000
3F00
3F00
00C0
00C0
FF00
FF00
ENDCHAR
STARTCHAR uni1E6A
ENCODING 7786
SWIDTH 667 0
DWIDTH 12 0
BBX 10 18 0 0
BITMAP
0C00
0C00
0000
0000
FFC0
FFC0
0C00
0C00
0C00
0C00
0C00
0C00
0C00
0C00
0C00
0C00
0C00
0C00
ENDCHAR
STARTCHAR uni1E6B
ENCODING 7787
SWIDTH 667 0
DWIDTH 12 0
BBX 8 18 1 0
BITMAP
30
30
00
00
30
30
30
30
FC
FC
30
30
30
30
30
30
0F
0F
ENDCHAR
STARTCHAR uni1E7C
ENCODING 7804
SWIDTH 667 0
DWIDTH 12 0
BBX 10 20 0 0
BITMAP
0CC0
0CC0
3300
3300
0000
0000
C0C0
C0C0
C0C0
C0C0
C0C0
C0C0
C0C0
C0C0
3300
3300
3300
3300
0C00
0C00
ENDCHAR
STARTCHAR uni1E7D
ENCODING 7805
SWIDTH 667 0
DWIDTH 12 0
BBX 10 16 0 0
BITMAP
0CC0
0CC0
3300
3300
0000
0000
C0C0
C0C0
C0C0
C0C0
C0C0
C0C0
3300
3300
0C00
0C00
ENDCHAR
STARTCHAR uni1E80
ENCODING 7808
SWIDTH 667 0
DWIDTH 12 0
BBX 10 20 0 0
BITMAP
3000
3000
0C00
0C00
0000
0000
C0C0
C0C0
C0C0
C0C0
C0C0
C0C0
C0C0
C0C0
CCC0
CCC0
F3C0
F3C0
C0C0
C0C0
ENDCHAR
STARTCHAR uni1E81
ENCODING 7809
SWIDTH 667 0
DWIDTH 12 0
BBX 10 16 0 0
BITMAP
3000
3000
0C00
0C00
0000
0000
C0C0
C0C0
C0C0
C0C0
CCC0
CCC0
CCC0
CCC0
3FC0
3FC0
ENDCHAR
STARTCHAR uni1E82
ENCODING 7810
SWIDTH 667 0
DWIDTH 12 0
BBX 10 20 0 0
BITMAP
0300
0300
0C00
0C00
0000
0000
C0C0
C0C0
C0C0
C0C0
C0C0
C0C0
C0C0
C0C0
CCC0
CCC0
F3C0
F3C0
C0C0
C0C0
ENDCHAR
STARTCHAR uni1E83
ENCODING 7811
SWIDTH 667 0
DWIDTH 12 0
BBX 10 16 0 0
BITMAP
0300
0300
0C00
0C00
0000
0000
C0C0
C0C0
C0C0
C0C0
CCC0
CCC0
CCC0
CCC0
3FC0
3FC0
ENDCHAR
STARTCHAR uni1E84
ENCODING 7812
SWIDTH 667 0
DWIDTH 12 0
BBX 10 18 0 0
BITMAP
3300
3300
0000
0000
C0C0
C0C0
C0C0
C0C0
C0C0
C0C0
C0C0
C0C0
CCC0
CCC0
F3C0
F3C0
C0C0
C0C0
ENDCHAR
STARTCHAR uni1E85
ENCODING 7813
SWIDTH 667 0
DWIDTH 12 0
BBX 10 14 0 0
BITMAP
3300
3300
0000
0000
C0C0
C0C0
C0C0
C0C0
CCC0
CCC0
CCC0
CCC0
3FC0
3FC0
ENDCHAR
STARTCHAR uni1E86
ENCODING 7814
SWIDTH 667 0
DWIDTH 12 0
BBX 10 18 0 0
BITMAP
0C00
0C00
0000
0000
C0C0
C0C0
C0C0
C0C0
C0C0
C0C0
C0C0
C0C0
CCC0
CCC0
F3C0
F3C0
C0C0
C0C0
ENDCHAR
STARTCHAR uni1E87
ENCODING 7815
SWIDTH 667 0
DWIDTH 12 0
BBX 10 14 0 0
BITMAP
0C00
0C00
0000
0000
C0C0
C0C0
C0C0
C0C0
CCC0
CCC0
CCC0
CCC0
3FC0
3FC0
ENDCHAR
STARTCHAR uni1E8A
ENCODING 7818
SWIDTH 667 0
DWIDTH 12 0
BBX 10 18 0 0
BITMAP
0C00
0C00
0000
0000
C0C0
C0C0
3300
3300
0C00
0C00
3300
3300
C0C0
C0C0
C0C0
C0C0
C0C0
C0C0
ENDCHAR
STARTCHAR uni1E8B
ENCODING 7819
SWIDTH 667 0
DWIDTH 12 0
BBX 10 14 0 0
BITMAP
0C00
0C00
0000
0000
C0C0
C0C0
3300
3300
0C00
0C00
3300
3300
C0C0
C0C0
ENDCHAR
STARTCHAR uni1E8C
ENCODING 7820
SWIDTH 667 0
DWIDTH 12 0
BBX 10 18 0 0
BITMAP
3300
3300
0000
0000
C0C0
C0C0
3300
3300
0C00
0C00
3300
3300
C0C0
C0C0
C0C0
C0C0
C0C0
C0C0
ENDCHAR
STARTCHAR uni1E8D
ENCODING 7821
SWIDTH 667 0
DWIDTH 12 0
BBX 10 14 0 0
BITMAP
3300
3300
0000
0000
C0C0
C0C0
3300
3300
0C00
0C00
3300
3300
C0C0
C0C0
ENDCHAR
STARTCHAR uni1E8E
ENCODING 7822
SWIDTH 667 0
DWIDTH 12 0
BBX 10 18 0 0
BITMAP
0C00
0C00
0000
0000
C0C0
C0C0
3300
3300
0C00
0C00
0C00
0C00
0C00
0C00
0C00
0C00
0C00
0C00
ENDCHAR
STARTCHAR uni1E8F
ENCODING 7823
SWIDTH 667 0
DWIDTH 12 0
BBX 10 16 0 -2
BITMAP
0C00
0C00
0000
0000
C0C0
C0C0
C0C0
C0C0
C0C0
C0C0
3FC0
3FC0
00C0
00C0
FF00
FF00
ENDCHAR
STARTCHAR uni1E90
ENCODING 7824
SWIDTH 667 0
DWIDTH 12 0
BBX 10 20 0 0
BITMAP
0C00
0C00
3300
3300
0000
0000
FFC0
FFC0
00C0
00C0
0300
0300
0C00
0C00
3000
3000
C000
C000
FFC0
FFC0
ENDCHAR
STARTCHAR uni1E91
ENCODING 7825
SWIDTH 667 0
DWIDTH 12 0
BBX 10 16 0 0
BITMAP
0C00
0C00
3300
3300
0000
0000
FFC0
FFC0
0300
0300
0C00
0C00
3000
3000
FFC0
FFC0
ENDCHAR
STARTCHAR uni1E97
ENCODING 7831
SWIDTH 667 0
DWIDTH 12 0
BBX 8 18 1 0
BITMAP
CC
CC
00
00
30
30
30
30
FC
FC
30
30
30
30
30
30
0F
0F
ENDCHAR
STARTCHAR uni1E98
ENCODING 7832
SWIDTH 667 0
DWIDTH 12 0
BBX 10 18 0 0
BITMAP
0C00
0C00
3300
3300
0C00
0C00
0000
0000
C0C0
C0C0
C0C0
C0C0
CCC0
CCC0
CCC0
CCC0
3FC0
3FC0
ENDCHAR
STARTCHAR uni1E99
ENCODING 7833
SWIDTH 667 0
DWIDTH 12 0
BBX 10 20 0 -2
BITMAP
0C00
0C00
3300
3300
0C00
0C00
0000
0000
C0C0
C0C0
C0C0
C0C0
C0C0
C0C0
3FC0
3FC0
00C0
00C0
FF00
FF00
ENDCHAR
STARTCHAR uni1E9B
ENCODING 7835
SWIDTH 667 0
DWIDTH 12 0
BBX 6 18 2 0
BITMAP
30
30
00
00
3C
3C
C0
C0
C0
C0
C0
C0
C0
C0
C0
C0
C0
C0
ENDCHAR
STARTCHAR uni1E9C
ENCODING 7836
SWIDTH 667 0
DWIDTH 12 0
BBX 8 14 0 0
BITMAP
0F
0F
30
30
F0
F0
33
33
3C
3C
F0
F0
30
30
ENDCHAR
STARTCHAR uni1E9D
ENCODING 7837
SWIDTH 667 0
DWIDTH 12 0
BBX 8 14 0 0
BITMAP
0F
0F
30
30
FF
FF
30
30
F0
F0
30
30
30
30
ENDCHAR
STARTCHAR uni1E9E
ENCODING 7838
SWIDTH 667 0
DWIDTH 12 0
BBX 10 14 0 0
BITMAP
3FC0
3FC0
C0C0
C0C0
CF00
CF00
C0C0
C0C0
C0C0
C0C0
C0C0
C0C0
CF00
CF00
ENDCHAR
STARTCHAR uni1E9F
ENCODING 7839
SWIDTH 667 0
DWIDTH 12 0
BBX 10 14 0 0
BITMAP
0F00
0F00
3000
3000
0C00
0C00
3300
3300
C0C0
C0C0
C0C0
C0C0
3F00
3F00
ENDCHAR
STARTCHAR uni1EBC
ENCODING 7868
SWIDTH 667 0
DWIDTH 12 0
BBX 10 20 0 0
BITMAP
0CC0
0CC0
3300
3300
0000
0000
FFC0
FFC0
C000
C000
FC00
FC00
C000
C000
C000
C000
C000
C000
FFC0
FFC0
ENDCHAR
STARTCHAR uni1EBD
ENCODING 7869
SWIDTH 667 0
DWIDTH 12 0
BBX 10 16 0 0
BITMAP
0CC0
0CC0
3300
3300
0000
0000
3F00
3F00
C0C0
C0C0
FFC0
FFC0
C000
C000
3FC0
3FC0
ENDCHAR
STARTCHAR uni1EF2
ENCODING 7922
SWIDTH 667 0
DWIDTH 12 0
BBX 10 20 0 0
BITMAP
3000
3000
0C00
0C00
0000
0000
C0C0
C0C0
3300
3300
0C00
0C00
0C00
0C00
0C00
0C00
0C00
0C00
0C00
0C00
ENDCHAR
STARTCHAR uni1EF3
ENCODING 7923
SWIDTH 667 0
DWIDTH 12 0
BBX 10 18 0 -2
BITMAP
3000
3000
0C00
0C00
0000
0000
C0C0
C0C0
C0C0
C0C0
C0C0
C0C0
3FC0
3FC0
00C0
00C0
FF00
FF00
ENDCHAR
STARTCHAR uni1EF8
ENCODING 7928
SWIDTH 667 0
DWIDTH 12 0
BBX 10 20 0 0
BITMAP
0CC0
0CC0
3300
3300
0000
0000
C0C0
C0C0
3300
3300
0C00
0C00
0C00
0C00
0C00
0C00
0C00
0C00
0C00
0C00
ENDCHAR
STARTCHAR uni1EF9
ENCODING 7929
SWIDTH 667 0
DWIDTH 12 0
BBX 10 18 0 -2
BITMAP
0CC0
0CC0
3300
3300
0000
0000
C0C0
C0C0
C0C0
C0C0
C0C0
C0C0
3FC0
3FC0
00C0
00C0
FF00
FF00
ENDCHAR
STARTCHAR uni1EFC
ENCODING 7932
SWIDTH 667 0
DWIDTH 12 0
BBX 10 14 0 0
BITMAP
0C00
0C00
3000
3000
C300
C300
C0C0
C0C0
C0C0
C0C0
C0C0
C0C0
3F00
3F00
ENDCHAR
STARTCHAR uni1EFD
ENCODING 7933
SWIDTH 667 0
DWIDTH 12 0
BBX 8 14 0 0
BITMAP
30
30
C0
C0
CC
CC
C3
C3
C3
C3
C3
C3
3C
3C
ENDCHAR
STARTCHAR uni1EFE
ENCODING 7934
SWIDTH 667 0
DWIDTH 12 0
BBX 10 14 0 0
BITMAP
C0C0
C0C0
3300
3300
0C00
0C00
0C00
0C00
3C00
3C00
CC00
CC00
3000
3000
ENDCHAR
STARTCHAR uni1EFF
ENCODING 7935
SWIDTH 667 0
DWIDTH 12 0
BBX 12 12 0 -2
BITMAP
3030
3030
3030
3030
0FF0
0FF0
3030
3030
CC30
CC30
3FC0
3FC0
ENDCHAR
STARTCHAR uni1FB1
ENCODING 8113
SWIDTH 667 0
DWIDTH 12 0
BBX 10 14 0 0
BITMAP
3F00
3F00
0000
0000
3CC0
3CC0
C300
C300
C300
C300
C300
C300
3CC0
3CC0
ENDCHAR
STARTCHAR uni1FB9
ENCODING 8121
SWIDTH 667 0
DWIDTH 12 0
BBX 10 18 0 0
BITMAP
3F00
3F00
0000
0000
3F00
3F00
C0C0
C0C0
FFC0
FFC0
C0C0
C0C0
C0C0
C0C0
C0C0
C0C0
C0C0
C0C0
ENDCHAR
STARTCHAR uni1FD1
ENCODING 8145
SWIDTH 667 0
DWIDTH 12 0
BBX 6 14 2 0
BITMAP
FC
FC
00
00
C0
C0
C0
C0
C0
C0
C0
C0
30
30
ENDCHAR
STARTCHAR uni1FD9
ENCODING 8153
SWIDTH 667 0
DWIDTH 12 0
BBX 6 18 2 0
BITMAP
FC
FC
00
00
FC
FC
30
30
30
30
30
30
30
30
30
30
FC
FC
ENDCHAR
STARTCHAR uni1FE1
ENCODING 8161
SWIDTH 667 0
DWIDTH 12 0
BBX 10 14 0 0
BITMAP
3F00
3F00
0000
0000
C300
C300
C0C0
C0C0
C0C0
C0C0
C0C0
C0C0
3F00
3F00
ENDCHAR
STARTCHAR uni1FE9
ENCODING 8169
SWIDTH 667 0
DWIDTH 12 0
BBX 10 18 0 0
BITMAP
3F00
3F00
0000
0000
C0C0
C0C0
3300
3300
0C00
0C00
0C00
0C00
0C00
0C00
0C00
0C00
0C00
0C00
ENDCHAR
STARTCHAR uni2011
ENCODING 8209
SWIDTH 667 0
DWIDTH 12 0
BBX 6 2 2 6
BITMAP
FC
FC
ENDCHAR
STARTCHAR uni2013
ENCODING 8211
SWIDTH 667 0
DWIDTH 12 0
BBX 12 2 0 6
BITMAP
FFF0
FFF0
ENDCHAR
STARTCHAR uni2014
ENCODING 8212
SWIDTH 667 0
DWIDTH 12 0
BBX 16 2 0 6
BITMAP
FFFF
FFFF
ENDCHAR
STARTCHAR uni2018
ENCODING 8216
SWIDTH 667 0
DWIDTH 12 0
BBX 4 6 2 8
BITMAP
30
30
C0
C0
C0
C0
ENDCHAR
STARTCHAR uni2019
ENCODING 8217
SWIDTH 667 0
DWIDTH 12 0
BBX 4 6 2 8
BITMAP
30
30
30
30
C0
C0
ENDCHAR
STARTCHAR uni201A
ENCODING 8218
SWIDTH 667 0
DWIDTH 12 0
BBX 4 6 2 -2
BITMAP
30
30
30
30
C0
C0
ENDCHAR
STARTCHAR uni201C
ENCODING 8220
SWIDTH 667 0
DWIDTH 12 0
BBX 8 6 0 8
BITMAP
33
33
CC
CC
CC
CC
ENDCHAR
STARTCHAR uni201D
ENCODING 8221
SWIDTH 667 0
DWIDTH 12 0
BBX 8 6 0 8
BITMAP
33
33
33
33
CC
CC
ENDCHAR
STARTCHAR uni201E
ENCODING 8222
SWIDTH 667 0
DWIDTH 12 0
BBX 8 6 0 -2
BITMAP
33
33
33
33
CC
CC
ENDCHAR
STARTCHAR uni2020
ENCODING 8224
SWIDTH 667 0
DWIDTH 12 0
BBX 10 14 0 0
BITMAP
0C00
0C00
0C00
0C00
FFC0
FFC0
0C00
0C00
0C00
0C00
0C00
0C00
0C00
0C00
ENDCHAR
STARTCHAR uni2021
ENCODING 8225
SWIDTH 667 0
DWIDTH 12 0
BBX 10 14 0 0
BITMAP
0C00
0C00
0C00
0C00
FFC0
FFC0
0C00
0C00
FFC0
FFC0
0C00
0C00
0C00
0C00
ENDCHAR
STARTCHAR uni2022
ENCODING 8226
SWIDTH 667 0
DWIDTH 12 0
BBX 4 4 2 4
BITMAP
F0
F0
F0
F0
ENDCHAR
STARTCHAR uni2026
ENCODING 8230
SWIDTH 667 0
DWIDTH 12 0
BBX 14 2 0 0
BITMAP
C30C
C30C
ENDCHAR
STARTCHAR uni2030
ENCODING 8240
SWIDTH 667 0
DWIDTH 12 0
BBX 14 14 0 0
BITMAP
C0C0
C0C0
C300
C300
0300
0300
0C00
0C00
3000
3000
30CC
30CC
C0CC
C0CC
ENDCHAR
STARTCHAR uni2031
ENCODING 8241
SWIDTH 667 0
DWIDTH 12 0
BBX 16 14 0 0
BITMAP
C0C0
C0C0
C300
C300
0300
0300
0C00
0C00
3000
3000
3333
3333
C333
C333
ENDCHAR
STARTCHAR uni2032
ENCODING 8242
SWIDTH 667 0
DWIDTH 12 0
BBX 4 4 2 10
BITMAP
30
30
C0
C0
ENDCHAR
STARTCHAR uni2033
ENCODING 8243
SWIDTH 667 0
DWIDTH 12 0
BBX 8 4 0 10
BITMAP
33
33
CC
CC
ENDCHAR
STARTCHAR uni2034
ENCODING 8244
SWIDTH 667 0
DWIDTH 12 0
BBX 12 4 0 10
BITMAP
3330
3330
CCC0
CCC0
ENDCHAR
STARTCHAR uni2035
ENCODING 8245
SWIDTH 667 0
DWIDTH 12 0
BBX 4 4 2 10
BITMAP
C0
C0
30
30
ENDCHAR
STARTCHAR uni2036
ENCODING 8246
SWIDTH 667 0
DWIDTH 12 0
BBX 8 4 0 10
BITMAP
CC
CC
33
33
ENDCHAR
STARTCHAR uni2037
ENCODING 8247
SWIDTH 667 0
DWIDTH 12 0
BBX 12 4 0 10
BITMAP
CCC0
CCC0
3330
3330
ENDCHAR
STARTCHAR uni2039
ENCODING 8249
SWIDTH 667 0
DWIDTH 12 0
BBX 6 10 2 2
BITMAP
0C
0C
30
30
C0
C0
30
30
0C
0C
ENDCHAR
STARTCHAR uni203A
ENCODING 8250
SWIDTH 667 0
DWIDTH 12 0
BBX 6 10 2 2
BITMAP
C0
C0
30
30
0C
0C
30
30
C0
C0
ENDCHAR
STARTCHAR uni203B
ENCODING 8251
SWIDTH 667 0
DWIDTH 12 0
BBX 14 14 0 0
BITMAP
C30C
C30C
3030
3030
0CC0
0CC0
C30C
C30C
0CC0
0CC0
3030
3030
C30C
C30C
ENDCHAR
STARTCHAR uni203C
ENCODING 8252
SWIDTH 667 0
DWIDTH 12 0
BBX 6 14 2 0
BITMAP
CC
CC
CC
CC
CC
CC
CC
CC
CC
CC
00
00
CC
CC
ENDCHAR
STARTCHAR uni203D
ENCODING 8253
SWIDTH 667 0
DWIDTH 12 0
BBX 10 14 0 0
BITMAP
3F00
3F00
CCC0
CCC0
0CC0
0CC0
0F00
0F00
0C00
0C00
0000
0000
0C00
0C00
ENDCHAR
STARTCHAR uni2042
ENCODING 8258
SWIDTH 667 0
DWIDTH 12 0
BBX 14 14 0 0
BITMAP
0CC0
0CC0
0300
0300
0CC0
0CC0
0000
0000
CCCC
CCCC
3030
3030
CCCC
CCCC
ENDCHAR
STARTCHAR uni2048
ENCODING 8264
SWIDTH 667 0
DWIDTH 12 0
BBX 14 14 0 0
BITMAP
3F0C
3F0C
C0CC
C0CC
00CC
00CC
030C
030C
0C0C
0C0C
0000
0000
0C0C
0C0C
ENDCHAR
STARTCHAR uni2049
ENCODING 8265
SWIDTH 667 0
DWIDTH 12 0
BBX 14 14 0 0
BITMAP
C3F0
C3F0
CC0C
CC0C
C00C
C00C
C030
C030
C0C0
C0C0
0000
0000
C0C0
C0C0
ENDCHAR
STARTCHAR uni204A
ENCODING 8266
SWIDTH 667 0
DWIDTH 12 0
BBX 8 10 0 0
BITMAP
FF
FF
03
03
0C
0C
0C
0C
30
30
ENDCHAR
STARTCHAR uni204B
ENCODING 8267
SWIDTH 667 0
DWIDTH 12 0
BBX 12 14 0 0
BITMAP
FFC0
FFC0
33F0
33F0
33C0
33C0
3300
3300
3300
3300
3300
3300
3300
3300
ENDCHAR
STARTCHAR uni204E
ENCODING 8270
SWIDTH 667 0
DWIDTH 12 0
BBX 6 6 2 4
BITMAP
CC
CC
30
30
CC
CC
ENDCHAR
STARTCHAR uni204F
ENCODING 8271
SWIDTH 667 0
DWIDTH 12 0
BBX 2 12 4 -2
BITMAP
C0
C0
00
00
00
00
00
00
C0
C0
C0
C0
ENDCHAR
STARTCHAR uni2051
ENCODING 8273
SWIDTH 667 0
DWIDTH 12 0
BBX 6 14 2 0
BITMAP
CC
CC
30
30
CC
CC
00
00
CC
CC
30
30
CC
CC
ENDCHAR
STARTCHAR uni2052
ENCODING 8274
SWIDTH 667 0
DWIDTH 12 0
BBX 6 14 2 0
BITMAP
CC
CC
0C
0C
30
30
30
30
30
30
C0
C0
CC
CC
ENDCHAR
STARTCHAR uni2057
ENCODING 8279
SWIDTH 667 0
DWIDTH 12 0
BBX 16 4 0 10
BITMAP
3333
3333
CCCC
CCCC
ENDCHAR
STARTCHAR uni2070
ENCODING 8304
SWIDTH 667 0
DWIDTH 12 0
BBX 8 10 0 4
BITMAP
3C
3C
C3
C3
C3
C3
C3
C3
3C
3C
ENDCHAR
STARTCHAR uni2071
ENCODING 8305
SWIDTH 667 0
DWIDTH 12 0
BBX 2 10 4 4
BITMAP
C0
C0
00
00
C0
C0
C0
C0
C0
C0
ENDCHAR
STARTCHAR uni2074
ENCODING 8308
SWIDTH 667 0
DWIDTH 12 0
BBX 8 10 0 4
BITMAP
0F
0F
33
33
C3
C3
FF
FF
03
03
ENDCHAR
STARTCHAR uni2075
ENCODING 8309
SWIDTH 667 0
DWIDTH 12 0
BBX 8 10 0 4
BITMAP
FF
FF
C0
C0
FC
FC
03
03
FC
FC
ENDCHAR
STARTCHAR uni2076
ENCODING 8310
SWIDTH 667 0
DWIDTH 12 0
BBX 8 10 0 4
BITMAP
3C
3C
C0
C0
FC
FC
C3
C3
3C
3C
ENDCHAR
STARTCHAR uni2077
ENCODING 8311
SWIDTH 667 0
DWIDTH 12 0
BBX 8 10 0 4
BITMAP
FF
FF
C3
C3
0C
0C
30
30
30
30
ENDCHAR
STARTCHAR uni2078
ENCODING 8312
SWIDTH 667 0
DWIDTH 12 0
BBX 8 10 0 4
BITMAP
3C
3C
C3
C3
3C
3C
C3
C3
3C
3C
ENDCHAR
STARTCHAR uni2079
ENCODING 8313
SWIDTH 667 0
DWIDTH 12 0
BBX 8 10 0 4
BITMAP
3C
3C
C3
C3
3F
3F
03
03
3C
3C
ENDCHAR
STARTCHAR uni207A
ENCODING 8314
SWIDTH 667 0
DWIDTH 12 0
BBX 6 6 2 6
BITMAP
30
30
FC
FC
30
30
ENDCHAR
STARTCHAR uni207B
ENCODING 8315
SWIDTH 667 0
DWIDTH 12 0
BBX 6 2 2 8
BITMAP
FC
FC
ENDCHAR
STARTCHAR uni207C
ENCODING 8316
SWIDTH 667 0
DWIDTH 12 0
BBX 6 6 2 6
BITMAP
FC
FC
00
00
FC
FC
ENDCHAR
STARTCHAR uni207D
ENCODING 8317
SWIDTH 667 0
DWIDTH 12 0
BBX 4 10 2 4
BITMAP
30
30
C0
C0
C0
C0
C0
C0
30
30
ENDCHAR
STARTCHAR uni207E
ENCODING 8318
SWIDTH 667 0
DWIDTH 12 0
BBX 4 10 2 4
BITMAP
C0
C0
30
30
30
30
30
30
C0
C0
ENDCHAR
STARTCHAR uni2080
ENCODING 8320
SWIDTH 667 0
DWIDTH 12 0
BBX 8 10 0 -2
BITMAP
3C
3C
C3
C3
C3
C3
C3
C3
3C
3C
ENDCHAR
STARTCHAR uni2081
ENCODING 8321
SWIDTH 667 0
DWIDTH 12 0
BBX 6 10 2 -2
BITMAP
30
30
F0
F0
30
30
30
30
FC
FC
ENDCHAR
STARTCHAR uni2082
ENCODING 8322
SWIDTH 667 0
DWIDTH 12 0
BBX 8 10 0 -2
BITMAP
3C
3C
C3
C3
0C
0C
30
30
FF
FF
ENDCHAR
STARTCHAR uni2083
ENCODING 8323
SWIDTH 667 0
DWIDTH 12 0
BBX 8 10 0 -2
BITMAP
3C
3C
C3
C3
0C
0C
C3
C3
3C
3C
ENDCHAR
STARTCHAR uni2084
ENCODING 8324
SWIDTH 667 0
DWIDTH 12 0
BBX 8 10 0 -2
BITMAP
0F
0F
33
33
C3
C3
FF
FF
03
03
ENDCHAR
STARTCHAR uni2085
ENCODING 8325
SWIDTH 667 0
DWIDTH 12 0
BBX 8 10 0 -2
BITMAP
FF
FF
C0
C0
FC
FC
03
03
FC
FC
ENDCHAR
STARTCHAR uni2086
ENCODING 8326
SWIDTH 667 0
DWIDTH 12 0
BBX 8 10 0 -2
BITMAP
3C
3C
C0
C0
FC
FC
C3
C3
3C
3C
ENDCHAR
STARTCHAR uni2087
ENCODING 8327
SWIDTH 667 0
DWIDTH 12 0
BBX 8 10 0 -2
BITMAP
FF
FF
C3
C3
0C
0C
30
30
30
30
ENDCHAR
STARTCHAR uni2088
ENCODING 8328
SWIDTH 667 0
DWIDTH 12 0
BBX 8 10 0 -2
BITMAP
3C
3C
C3
C3
3C
3C
C3
C3
3C
3C
ENDCHAR
STARTCHAR uni2089
ENCODING 8329
SWIDTH 667 0
DWIDTH 12 0
BBX 8 10 0 -2
BITMAP
3C
3C
C3
C3
3F
3F
03
03
3C
3C
ENDCHAR
STARTCHAR uni208A
ENCODING 8330
SWIDTH 667 0
DWIDTH 12 0
BBX 6 6 2 0
BITMAP
30
30
FC
FC
30
30
ENDCHAR
STARTCHAR uni208B
ENCODING 8331
SWIDTH 667 0
DWIDTH 12 0
BBX 6 2 2 2
BITMAP
FC
FC
ENDCHAR
STARTCHAR uni208C
ENCODING 8332
SWIDTH 667 0
DWIDTH 12 0
BBX 6 6 2 0
BITMAP
FC
FC
00
00
FC
FC
ENDCHAR
STARTCHAR uni208D
ENCODING 8333
SWIDTH 667 0
DWIDTH 12 0
BBX 4 10 2 -2
BITMAP
30
30
C0
C0
C0
C0
C0
C0
30
30
ENDCHAR
STARTCHAR uni208E
ENCODING 8334
SWIDTH 667 0
DWIDTH 12 0
BBX 4 10 2 -2
BITMAP
C0
C0
30
30
30
30
30
30
C0
C0
ENDCHAR
STARTCHAR uni20A0
ENCODING 8352
SWIDTH 667 0
DWIDTH 12 0
BBX 10 14 0 0
BITMAP
0F00
0F00
30C0
30C0
FC00
FC00
3000
3000
FC00
FC00
3000
3000
FFC0
FFC0
ENDCHAR
STARTCHAR uni20A1
ENCODING 8353
SWIDTH 667 0
DWIDTH 12 0
BBX 10 12 0 -2
BITMAP
0C00
0C00
FF00
FF00
CCC0
CCC0
CCC0
CCC0
CCC0
CCC0
0C00
0C00
ENDCHAR
STARTCHAR uni20A2
ENCODING 8354
SWIDTH 667 0
DWIDTH 12 0
BBX 1 1 0 0
BITMAP
00
ENDCHAR
STARTCHAR uni20A3
ENCODING 8355
SWIDTH 667 0
DWIDTH 12 0
BBX 1 1 0 0
BITMAP
00
ENDCHAR
STARTCHAR uni20A4
ENCODING 8356
SWIDTH 667 0
DWIDTH 12 0
BBX 1 1 0 0
BITMAP
00
ENDCHAR
STARTCHAR uni20A5
ENCODING 8357
SWIDTH 667 0
DWIDTH 12 0
BBX 1 1 0 0
BITMAP
00
ENDCHAR
STARTCHAR uni20A6
ENCODING 8358
SWIDTH 667 0
DWIDTH 12 0
BBX 14 14 0 0
BITMAP
3030
3030
3C30
3C30
FFFC
FFFC
30F0
30F0
FFFC
FFFC
3030
3030
3030
3030
ENDCHAR
STARTCHAR uni20A9
ENCODING 8361
SWIDTH 667 0
DWIDTH 12 0
BBX 14 14 0 0
BITMAP
3030
3030
FFFC
FFFC
3030
3030
FFFC
FFFC
3330
3330
3CF0
3CF0
3030
3030
ENDCHAR
STARTCHAR uni20AA
ENCODING 8362
SWIDTH 667 0
DWIDTH 12 0
BBX 14 10 0 0
BITMAP
FF0C
FF0C
C0CC
C0CC
CCCC
CCCC
CC0C
CC0C
C3FC
C3FC
ENDCHAR
STARTCHAR uni20AB
ENCODING 8363
SWIDTH 667 0
DWIDTH 12 0
BBX 12 16 0 -2
BITMAP
00C0
00C0
03F0
03F0
3CC0
3CC0
C3C0
C3C0
C0C0
C0C0
3FC0
3FC0
0000
0000
FFC0
FFC0
ENDCHAR
STARTCHAR uni20AC
ENCODING 8364
SWIDTH 667 0
DWIDTH 12 0
BBX 10 14 0 0
BITMAP
0F00
0F00
30C0
30C0
FC00
FC00
3000
3000
FC00
FC00
30C0
30C0
0F00
0F00
ENDCHAR
STARTCHAR uni20AD
ENCODING 8365
SWIDTH 667 0
DWIDTH 12 0
BBX 12 14 0 0
BITMAP
3030
3030
30C0
30C0
FFF0
FFF0
30C0
30C0
3030
3030
3030
3030
3030
3030
ENDCHAR
STARTCHAR uni20AE
ENCODING 8366
SWIDTH 667 0
DWIDTH 12 0
BBX 10 14 0 0
BITMAP
FFC0
FFC0
0C00
0C00
0F00
0F00
3C00
3C00
0F00
0F00
3C00
3C00
0C00
0C00
ENDCHAR
STARTCHAR uni20B0
ENCODING 8368
SWIDTH 667 0
DWIDTH 12 0
BBX 10 16 0 -2
BITMAP
0300
0300
0CC0
0CC0
0CC0
0CC0
0300
0300
3300
3300
CCC0
CCC0
00C0
00C0
0F00
0F00
ENDCHAR
STARTCHAR uni20B1
ENCODING 8369
SWIDTH 667 0
DWIDTH 12 0
BBX 14 14 0 0
BITMAP
3FC0
3FC0
FFFC
FFFC
3030
3030
FFFC
FFFC
3FC0
3FC0
3000
3000
3000
3000
ENDCHAR
STARTCHAR uni20B2
ENCODING 8370
SWIDTH 667 0
DWIDTH 12 0
BBX 10 14 0 0
BITMAP
0C00
0C00
3FC0
3FC0
CC00
CC00
CFC0
CFC0
CCC0
CCC0
3F00
3F00
0C00
0C00
ENDCHAR
STARTCHAR uni20B3
ENCODING 8371
SWIDTH 667 0
DWIDTH 12 0
BBX 14 14 0 0
BITMAP
0FC0
0FC0
3030
3030
FFFC
FFFC
3030
3030
FFFC
FFFC
3030
3030
3030
3030
ENDCHAR
STARTCHAR uni20B4
ENCODING 8372
SWIDTH 667 0
DWIDTH 12 0
BBX 14 14 0 0
BITMAP
3FC0
3FC0
0030
0030
FFFC
FFFC
0300
0300
FFFC
FFFC
3000
3000
0FF0
0FF0
ENDCHAR
STARTCHAR uni20B5
ENCODING 8373
SWIDTH 667 0
DWIDTH 12 0
BBX 10 14 0 0
BITMAP
0C00
0C00
3F00
3F00
CCC0
CCC0
CC00
CC00
CCC0
CCC0
3F00
3F00
0C00
0C00
ENDCHAR
STARTCHAR uni20B6
ENCODING 8374
SWIDTH 667 0
DWIDTH 12 0
BBX 10 14 0 0
BITMAP
3300
3300
3300
3300
FFC0
FFC0
3300
3300
3300
3300
3300
3300
30C0
30C0
ENDCHAR
STARTCHAR uni20B7
ENCODING 8375
SWIDTH 667 0
DWIDTH 12 0
BBX 14 14 0 0
BITMAP
03FC
03FC
0C00
0C00
03F0
03F0
000C
000C
F30C
F30C
CCF0
CCF0
CCC0
CCC0
ENDCHAR
STARTCHAR uni20B8
ENCODING 8376
SWIDTH 667 0
DWIDTH 12 0
BBX 10 14 0 0
BITMAP
FFC0
FFC0
0000
0000
FFC0
FFC0
0C00
0C00
0C00
0C00
0C00
0C00
0C00
0C00
ENDCHAR
STARTCHAR uni20B9
ENCODING 8377
SWIDTH 667 0
DWIDTH 12 0
BBX 10 14 0 0
BITMAP
FFC0
FFC0
0300
0300
FFC0
FFC0
0C00
0C00
3000
3000
0C00
0C00
0300
0300
ENDCHAR
STARTCHAR uni20BA
ENCODING 8378
SWIDTH 667 0
DWIDTH 12 0
BBX 12 14 0 0
BITMAP
3000
3000
3F00
3F00
F000
F000
3F00
3F00
F030
F030
30C0
30C0
3F00
3F00
ENDCHAR
STARTCHAR uni20BB
ENCODING 8379
SWIDTH 667 0
DWIDTH 12 0
BBX 14 14 0 0
BITMAP
3000
3000
CFF0
CFF0
300C
300C
3CCC
3CCC
F330
F330
3000
3000
0FC0
0FC0
ENDCHAR
STARTCHAR uni20BC
ENCODING 8380
SWIDTH 667 0
DWIDTH 12 0
BBX 10 10 0 0
BITMAP
0C00
0C00
3F00
3F00
CCC0
CCC0
CCC0
CCC0
CCC0
CCC0
ENDCHAR
STARTCHAR uni20BD
ENCODING 8381
SWIDTH 667 0
DWIDTH 12 0
BBX 12 14 0 0
BITMAP
3FC0
3FC0
3030
3030
3FC0
3FC0
3000
3000
FF00
FF00
3000
3000
3000
3000
ENDCHAR
STARTCHAR uni20BE
ENCODING 8382
SWIDTH 667 0
DWIDTH 12 0
BBX 12 14 0 0
BITMAP
0CC0
0CC0
3FF0
3FF0
CCC0
CCC0
CCC0
CCC0
C000
C000
3000
3000
FFF0
FFF0
ENDCHAR
STARTCHAR uni20BF
ENCODING 8383
SWIDTH 667 0
DWIDTH 12 0
BBX 10 14 0 0
BITMAP
3300
3300
FF00
FF00
C0C0
C0C0
FF00
FF00
C0C0
C0C0
FF00
FF00
3300
3300
ENDCHAR
STARTCHAR uni2117
ENCODING 8471
SWIDTH 667 0
DWIDTH 12 0
BBX 14 14 0 0
BITMAP
0FC0
0FC0
3330
3330
CCCC
CCCC
CFCC
CFCC
CC0C
CC0C
3030
3030
0FC0
0FC0
ENDCHAR
STARTCHAR uni2122
ENCODING 8482
SWIDTH 667 0
DWIDTH 12 0
BBX 16 8 0 6
BITMAP
FF03
FF03
33CF
33CF
3333
3333
3303
3303
ENDCHAR
STARTCHAR uni2132
ENCODING 8498
SWIDTH 667 0
DWIDTH 12 0
BBX 10 14 0 0
BITMAP
00C0
00C0
00C0
00C0
00C0
00C0
00C0
00C0
0FC0
0FC0
00C0
00C0
FFC0
FFC0
ENDCHAR
STARTCHAR uni2141
ENCODING 8513
SWIDTH 667 0
DWIDTH 12 0
BBX 10 14 0 0
BITMAP
3F00
3F00
C0C0
C0C0
C0C0
C0C0
C0C0
C0C0
F0C0
F0C0
00C0
00C0
FF00
FF00
ENDCHAR
STARTCHAR uni2144
ENCODING 8516
SWIDTH 667 0
DWIDTH 12 0
BBX 10 14 0 0
BITMAP
0C00
0C00
0C00
0C00
0C00
0C00
0C00
0C00
0C00
0C00
3300
3300
C0C0
C0C0
ENDCHAR
STARTCHAR uni214B
ENCODING 8523
SWIDTH 667 0
DWIDTH 12 0
BBX 10 14 0 0
BITMAP
CF00
CF00
30C0
30C0
3CC0
3CC0
CF00
CF00
0C00
0C00
3300
3300
0C00
0C00
ENDCHAR
STARTCHAR uni2150
ENCODING 8528
SWIDTH 667 0
DWIDTH 12 0
BBX 16 14 0 0
BITMAP
3030
3030
F0C0
F0C0
30C0
30C0
333F
333F
0C03
0C03
0C0C
0C0C
300C
300C
ENDCHAR
STARTCHAR uni2151
ENCODING 8529
SWIDTH 667 0
DWIDTH 12 0
BBX 16 14 0 0
BITMAP
3030
3030
F0C0
F0C0
30C0
30C0
333F
333F
0C3F
0C3F
0C03
0C03
300C
300C
ENDCHAR
STARTCHAR uni2153
ENCODING 8531
SWIDTH 667 0
DWIDTH 12 0
BBX 16 14 0 0
BITMAP
3030
3030
F0C0
F0C0
30C0
30C0
333F
333F
0C0C
0C0C
0C03
0C03
303C
303C
ENDCHAR
STARTCHAR uni2154
ENCODING 8532
SWIDTH 667 0
DWIDTH 12 0
BBX 16 14 0 0
BITMAP
F030
F030
30C0
30C0
C0C0
C0C0
F33F
F33F
0C0C
0C0C
0C03
0C03
303C
303C
ENDCHAR
STARTCHAR uni2155
ENCODING 8533
SWIDTH 667 0
DWIDTH 12 0
BBX 16 14 0 0
BITMAP
3030
3030
F0C0
F0C0
30C0
30C0
333F
333F
0C3C
0C3C
0C03
0C03
303C
303C
ENDCHAR
STARTCHAR uni2156
ENCODING 8534
SWIDTH 667 0
DWIDTH 12 0
BBX 16 14 0 0
BITMAP
F030
F030
30C0
30C0
C0C0
C0C0
F33F
F33F
0C3C
0C3C
0C03
0C03
303C
303C
ENDCHAR
STARTCHAR uni2157
ENCODING 8535
SWIDTH 667 0
DWIDTH 12 0
BBX 16 14 0 0
BITMAP
FC30
FC30
30C0
30C0
0CC0
0CC0
F33F
F33F
0C3C
0C3C
0C03
0C03
303C
303C
ENDCHAR
STARTCHAR uni2159
ENCODING 8537
SWIDTH 667 0
DWIDTH 12 0
BBX 14 14 0 0
BITMAP
3030
3030
F0C0
F0C0
30C0
30C0
3330
3330
0CC0
0CC0
0CFC
0CFC
30FC
30FC
ENDCHAR
STARTCHAR uni215A
ENCODING 8538
SWIDTH 667 0
DWIDTH 12 0
BBX 14 14 0 0
BITMAP
FC30
FC30
F0C0
F0C0
0CC0
0CC0
F330
F330
0CC0
0CC0
0CFC
0CFC
30FC
30FC
ENDCHAR
STARTCHAR uni215B
ENCODING 8539
SWIDTH 667 0
DWIDTH 12 0
BBX 16 14 0 0
BITMAP
3030
3030
F0C0
F0C0
30C0
30C0
330F
330F
0CF3
0CF3
0CCC
0CCC
30FC
30FC
ENDCHAR
STARTCHAR uni215C
ENCODING 8540
SWIDTH 667 0
DWIDTH 12 0
BBX 16 14 0 0
BITMAP
FC30
FC30
30C0
30C0
0CC0
0CC0
F30F
F30F
0CF3
0CF3
0CCC
0CCC
30FC
30FC
ENDCHAR
STARTCHAR uni215D
ENCODING 8541
SWIDTH 667 0
DWIDTH 12 0
BBX 16 14 0 0
BITMAP
FC30
FC30
F0C0
F0C0
0CC0
0CC0
F30F
F30F
0CF3
0CF3
0CCC
0CCC
30FC
30FC
ENDCHAR
STARTCHAR uni215E
ENCODING 8542
SWIDTH 667 0
DWIDTH 12 0
BBX 16 14 0 0
BITMAP
FC30
FC30
0CC0
0CC0
30C0
30C0
330F
330F
0CF3
0CF3
0CCC
0CCC
30FC
30FC
ENDCHAR
STARTCHAR uni215F
ENCODING 8543
SWIDTH 667 0
DWIDTH 12 0
BBX 12 14 0 0
BITMAP
3030
3030
F0C0
F0C0
30C0
30C0
3300
3300
0C00
0C00
0C00
0C00
3000
3000
ENDCHAR
STARTCHAR uni2189
ENCODING 8585
SWIDTH 667 0
DWIDTH 12 0
BBX 16 14 0 0
BITMAP
3030
3030
CCC0
CCC0
CCC0
CCC0
333F
333F
0C0C
0C0C
0C03
0C03
303C
303C
ENDCHAR
STARTCHAR uni2190
ENCODING 8592
SWIDTH 667 0
DWIDTH 12 0
BBX 10 10 0 2
BITMAP
0C00
0C00
3000
3000
FFC0
FFC0
3000
3000
0C00
0C00
ENDCHAR
STARTCHAR uni2191
ENCODING 8593
SWIDTH 667 0
DWIDTH 12 0
BBX 10 10 0 2
BITMAP
0C00
0C00
3F00
3F00
CCC0
CCC0
0C00
0C00
0C00
0C00
ENDCHAR
STARTCHAR uni2192
ENCODING 8594
SWIDTH 667 0
DWIDTH 12 0
BBX 10 10 0 2
BITMAP
0C00
0C00
0300
0300
FFC0
FFC0
0300
0300
0C00
0C00
ENDCHAR
STARTCHAR uni2193
ENCODING 8595
SWIDTH 667 0
DWIDTH 12 0
BBX 10 10 0 2
BITMAP
0C00
0C00
0C00
0C00
CCC0
CCC0
3F00
3F00
0C00
0C00
ENDCHAR
STARTCHAR uni2194
ENCODING 8596
SWIDTH 667 0
DWIDTH 12 0
BBX 16 10 0 2
BITMAP
0C30
0C30
3C3C
3C3C
FFFF
FFFF
3C3C
3C3C
0C30
0C30
ENDCHAR
STARTCHAR uni21C4
ENCODING 8644
SWIDTH 667 0
DWIDTH 12 0
BBX 14 12 0 2
BITMAP
0030
0030
FFFC
FFFC
0030
0030
3000
3000
FFFC
FFFC
3000
3000
ENDCHAR
STARTCHAR uni21CF
ENCODING 8655
SWIDTH 667 0
DWIDTH 12 0
BBX 16 10 0 2
BITMAP
0330
0330
FFFC
FFFC
0C03
0C03
FFFC
FFFC
3030
3030
ENDCHAR
STARTCHAR uni21D0
ENCODING 8656
SWIDTH 667 0
DWIDTH 12 0
BBX 10 10 0 2
BITMAP
0C00
0C00
3FC0
3FC0
C000
C000
3FC0
3FC0
0C00
0C00
ENDCHAR
STARTCHAR uni21D1
ENCODING 8657
SWIDTH 667 0
DWIDTH 12 0
BBX 10 10 0 2
BITMAP
0C00
0C00
3300
3300
F3C0
F3C0
3300
3300
3300
3300
ENDCHAR
STARTCHAR uni21D2
ENCODING 8658
SWIDTH 667 0
DWIDTH 12 0
BBX 10 10 0 2
BITMAP
0C00
0C00
FF00
FF00
00C0
00C0
FF00
FF00
0C00
0C00
ENDCHAR
STARTCHAR uni21D3
ENCODING 8659
SWIDTH 667 0
DWIDTH 12 0
BBX 10 10 0 2
BITMAP
3300
3300
3300
3300
F3C0
F3C0
3300
3300
0C00
0C00
ENDCHAR
STARTCHAR uni21D4
ENCODING 8660
SWIDTH 667 0
DWIDTH 12 0
BBX 16 10 0 2
BITMAP
0C30
0C30
3FFC
3FFC
C003
C003
3FFC
3FFC
0C30
0C30
ENDCHAR
STARTCHAR uni21F5
ENCODING 8693
SWIDTH 667 0
DWIDTH 12 0
BBX 12 14 0 0
BITMAP
30C0
30C0
33F0
33F0
30C0
30C0
30C0
30C0
30C0
30C0
FCC0
FCC0
30C0
30C0
ENDCHAR
STARTCHAR uni2200
ENCODING 8704
SWIDTH 667 0
DWIDTH 12 0
BBX 10 14 0 0
BITMAP
C0C0
C0C0
C0C0
C0C0
FFC0
FFC0
C0C0
C0C0
3300
3300
3300
3300
0C00
0C00
ENDCHAR
STARTCHAR uni2201
ENCODING 8705
SWIDTH 667 0
DWIDTH 12 0
BBX 8 14 0 0
BITMAP
3C
3C
C3
C3
C0
C0
C0
C0
C0
C0
C3
C3
3C
3C
ENDCHAR
STARTCHAR uni2202
ENCODING 8706
SWIDTH 667 0
DWIDTH 12 0
BBX 10 14 0 0
BITMAP
0F00
0F00
30C0
30C0
00C0
00C0
3FC0
3FC0
C0C0
C0C0
C300
C300
3C00
3C00
ENDCHAR
STARTCHAR uni2203
ENCODING 8707
SWIDTH 667 0
DWIDTH 12 0
BBX 10 14 0 0
BITMAP
FFC0
FFC0
00C0
00C0
00C0
00C0
FFC0
FFC0
00C0
00C0
00C0
00C0
FFC0
FFC0
ENDCHAR
STARTCHAR uni2204
ENCODING 8708
SWIDTH 667 0
DWIDTH 12 0
BBX 10 16 0 -2
BITMAP
FFC0
FFC0
0CC0
0CC0
0CC0
0CC0
FFC0
FFC0
30C0
30C0
30C0
30C0
FFC0
FFC0
C000
C000
ENDCHAR
STARTCHAR uni2209
ENCODING 8713
SWIDTH 667 0
DWIDTH 12 0
BBX 10 14 0 0
BITMAP
0FC0
0FC0
30C0
30C0
C300
C300
FFC0
FFC0
CC00
CC00
3000
3000
CFC0
CFC0
ENDCHAR
STARTCHAR uni220B
ENCODING 8715
SWIDTH 667 0
DWIDTH 12 0
BBX 10 14 0 0
BITMAP
FC00
FC00
0300
0300
00C0
00C0
FFC0
FFC0
00C0
00C0
0300
0300
FC00
FC00
ENDCHAR
STARTCHAR uni220C
ENCODING 8716
SWIDTH 667 0
DWIDTH 12 0
BBX 10 14 0 0
BITMAP
FCC0
FCC0
0300
0300
0CC0
0CC0
FFC0
FFC0
30C0
30C0
C300
C300
FC00
FC00
ENDCHAR
STARTCHAR uni2211
ENCODING 8721
SWIDTH 667 0
DWIDTH 12 0
BBX 10 14 0 0
BITMAP
FFC0
FFC0
C000
C000
3000
3000
0C00
0C00
3000
3000
C000
C000
FFC0
FFC0
ENDCHAR
STARTCHAR uni2212
ENCODING 8722
SWIDTH 667 0
DWIDTH 12 0
BBX 10 2 0 6
BITMAP
FFC0
FFC0
ENDCHAR
STARTCHAR uni2213
ENCODING 8723
SWIDTH 667 0
DWIDTH 12 0
BBX 10 14 0 0
BITMAP
FFC0
FFC0
0000
0000
0C00
0C00
0C00
0C00
FFC0
FFC0
0C00
0C00
0C00
0C00
ENDCHAR
STARTCHAR uni221B
ENCODING 8731
SWIDTH 667 0
DWIDTH 12 0
BBX 14 14 0 0
BITMAP
FCFC
FCFC
30C0
30C0
0CC0
0CC0
F0C0
F0C0
00C0
00C0
0CC0
0CC0
03C0
03C0
ENDCHAR
STARTCHAR uni221C
ENCODING 8732
SWIDTH 667 0
DWIDTH 12 0
BBX 14 14 0 0
BITMAP
3CFC
3CFC
CCC0
CCC0
FCC0
FCC0
0CC0
0CC0
00C0
00C0
0CC0
0CC0
03C0
03C0
ENDCHAR
STARTCHAR uni221D
ENCODING 8733
SWIDTH 667 0
DWIDTH 12 0
BBX 12 8 0 2
BITMAP
3CF0
3CF0
C300
C300
C300
C300
3CF0
3CF0
ENDCHAR
STARTCHAR uni221E
ENCODING 8734
SWIDTH 667 0
DWIDTH 12 0
BBX 14 8 0 2
BITMAP
3CF0
3CF0
C30C
C30C
C30C
C30C
3CF0
3CF0
ENDCHAR
STARTCHAR uni2225
ENCODING 8741
SWIDTH 667 0
DWIDTH 12 0
BBX 6 14 2 0
BITMAP
CC
CC
CC
CC
CC
CC
CC
CC
CC
CC
CC
CC
CC
CC
ENDCHAR
STARTCHAR uni2227
ENCODING 8743
SWIDTH 667 0
DWIDTH 12 0
BBX 10 10 0 2
BITMAP
0C00
0C00
3300
3300
3300
3300
C0C0
C0C0
C0C0
C0C0
ENDCHAR
STARTCHAR uni2228
ENCODING 8744
SWIDTH 667 0
DWIDTH 12 0
BBX 10 10 0 2
BITMAP
C0C0
C0C0
C0C0
C0C0
3300
3300
3300
3300
0C00
0C00
ENDCHAR
STARTCHAR uni2229
ENCODING 8745
SWIDTH 667 0
DWIDTH 12 0
BBX 10 14 0 0
BITMAP
3F00
3F00
C0C0
C0C0
C0C0
C0C0
C0C0
C0C0
C0C0
C0C0
C0C0
C0C0
C0C0
C0C0
ENDCHAR
STARTCHAR uni222B
ENCODING 8747
SWIDTH 667 0
DWIDTH 12 0
BBX 10 16 0 -2
BITMAP
03C0
03C0
0C00
0C00
0C00
0C00
0C00
0C00
0C00
0C00
0C00
0C00
0C00
0C00
F000
F000
ENDCHAR
STARTCHAR uni222E
ENCODING 8750
SWIDTH 667 0
DWIDTH 12 0
BBX 10 16 0 -2
BITMAP
03C0
03C0
0C00
0C00
3F00
3F00
CCC0
CCC0
3F00
3F00
0C00
0C00
0C00
0C00
F000
F000
ENDCHAR
STARTCHAR uni2234
ENCODING 8756
SWIDTH 667 0
DWIDTH 12 0
BBX 10 10 0 2
BITMAP
0C00
0C00
0000
0000
0000
0000
0000
0000
C0C0
C0C0
ENDCHAR
STARTCHAR uni2235
ENCODING 8757
SWIDTH 667 0
DWIDTH 12 0
BBX 10 10 0 2
BITMAP
C0C0
C0C0
0000
0000
0000
0000
0000
0000
0C00
0C00
ENDCHAR
STARTCHAR uni2237
ENCODING 8759
SWIDTH 667 0
DWIDTH 12 0
BBX 10 12 0 0
BITMAP
C0C0
C0C0
0000
0000
0000
0000
0000
0000
0000
0000
C0C0
C0C0
ENDCHAR
STARTCHAR uni2254
ENCODING 8788
SWIDTH 667 0
DWIDTH 12 0
BBX 14 6 0 4
BITMAP
CFFC
CFFC
0000
0000
CFFC
CFFC
ENDCHAR
STARTCHAR uni2260
ENCODING 8800
SWIDTH 667 0
DWIDTH 12 0
BBX 10 12 0 0
BITMAP
0300
0300
FFC0
FFC0
0C00
0C00
0C00
0C00
FFC0
FFC0
3000
3000
ENDCHAR
STARTCHAR uni2262
ENCODING 8802
SWIDTH 667 0
DWIDTH 12 0
BBX 12 14 0 0
BITMAP
00C0
00C0
FFF0
FFF0
0300
0300
FFF0
FFF0
0C00
0C00
FFF0
FFF0
3000
3000
ENDCHAR
STARTCHAR uni2282
ENCODING 8834
SWIDTH 667 0
DWIDTH 12 0
BBX 10 14 0 0
BITMAP
0FC0
0FC0
3000
3000
C000
C000
C000
C000
C000
C000
3000
3000
0FC0
0FC0
ENDCHAR
STARTCHAR uni2283
ENCODING 8835
SWIDTH 667 0
DWIDTH 12 0
BBX 10 14 0 0
BITMAP
FC00
FC00
0300
0300
00C0
00C0
00C0
00C0
00C0
00C0
0300
0300
FC00
FC00
ENDCHAR
STARTCHAR uni2284
ENCODING 8836
SWIDTH 667 0
DWIDTH 12 0
BBX 10 14 0 0
BITMAP
0FC0
0FC0
30C0
30C0
C300
C300
CC00
CC00
F000
F000
3000
3000
CFC0
CFC0
ENDCHAR
STARTCHAR uni2285
ENCODING 8837
SWIDTH 667 0
DWIDTH 12 0
BBX 10 14 0 0
BITMAP
FCC0
FCC0
0300
0300
03C0
03C0
0CC0
0CC0
30C0
30C0
C300
C300
FC00
FC00
ENDCHAR
STARTCHAR uni2286
ENCODING 8838
SWIDTH 667 0
DWIDTH 12 0
BBX 10 14 0 0
BITMAP
3FC0
3FC0
C000
C000
C000
C000
C000
C000
3FC0
3FC0
0000
0000
FFC0
FFC0
ENDCHAR
STARTCHAR uni2287
ENCODING 8839
SWIDTH 667 0
DWIDTH 12 0
BBX 10 14 0 0
BITMAP
FF00
FF00
00C0
00C0
00C0
00C0
00C0
00C0
FF00
FF00
0000
0000
FFC0
FFC0
ENDCHAR
STARTCHAR uni22A2
ENCODING 8866
SWIDTH 667 0
DWIDTH 12 0
BBX 10 10 0 2
BITMAP
C000
C000
C000
C000
FFC0
FFC0
C000
C000
C000
C000
ENDCHAR
STARTCHAR uni22A4
ENCODING 8868
SWIDTH 667 0
DWIDTH 12 0
BBX 10 10 0 2
BITMAP
FFC0
FFC0
0C00
0C00
0C00
0C00
0C00
0C00
0C00
0C00
ENDCHAR
STARTCHAR uni22A5
ENCODING 8869
SWIDTH 667 0
DWIDTH 12 0
BBX 10 10 0 2
BITMAP
0C00
0C00
0C00
0C00
0C00
0C00
0C00
0C00
FFC0
FFC0
ENDCHAR
STARTCHAR uni22A8
ENCODING 8872
SWIDTH 667 0
DWIDTH 12 0
BBX 10 10 0 2
BITMAP
C000
C000
FFC0
FFC0
C000
C000
FFC0
FFC0
C000
C000
ENDCHAR
STARTCHAR uni22BB
ENCODING 8891
SWIDTH 667 0
DWIDTH 12 0
BBX 10 10 0 2
BITMAP
C0C0
C0C0
3300
3300
0C00
0C00
0000
0000
FFC0
FFC0
ENDCHAR
STARTCHAR uni22BC
ENCODING 8892
SWIDTH 667 0
DWIDTH 12 0
BBX 10 10 0 2
BITMAP
FFC0
FFC0
0000
0000
0C00
0C00
3300
3300
C0C0
C0C0
ENDCHAR
STARTCHAR uni22BD
ENCODING 8893
SWIDTH 667 0
DWIDTH 12 0
BBX 10 10 0 2
BITMAP
FFC0
FFC0
0000
0000
C0C0
C0C0
3300
3300
0C00
0C00
ENDCHAR
STARTCHAR uni22C3
ENCODING 8899
SWIDTH 667 0
DWIDTH 12 0
BBX 10 14 0 0
BITMAP
C0C0
C0C0
C0C0
C0C0
C0C0
C0C0
C0C0
C0C0
C0C0
C0C0
C0C0
C0C0
3F00
3F00
ENDCHAR
STARTCHAR uni22C6
ENCODING 8902
SWIDTH 667 0
DWIDTH 12 0
BBX 6 6 2 4
BITMAP
CC
CC
30
30
CC
CC
ENDCHAR
STARTCHAR uni2300
ENCODING 8960
SWIDTH 667 0
DWIDTH 12 0
BBX 14 14 0 0
BITMAP
0FCC
0FCC
3030
3030
C0CC
C0CC
C30C
C30C
CC0C
CC0C
3030
3030
CFC0
CFC0
ENDCHAR
STARTCHAR uni2302
ENCODING 8962
SWIDTH 667 0
DWIDTH 12 0
BBX 14 14 0 0
BITMAP
0300
0300
0CC0
0CC0
3030
3030
C00C
C00C
C00C
C00C
C00C
C00C
FFFC
FFFC
ENDCHAR
STARTCHAR uni2318
ENCODING 8984
SWIDTH 667 0
DWIDTH 12 0
BBX 14 14 0 0
BITMAP
3030
3030
CCCC
CCCC
3FF0
3FF0
0CC0
0CC0
3FF0
3FF0
CCCC
CCCC
3030
3030
ENDCHAR
STARTCHAR uni231A
ENCODING 8986
SWIDTH 667 0
DWIDTH 12 0
BBX 14 14 0 0
BITMAP
3FF0
3FF0
C30C
C30C
C30C
C30C
C3CC
C3CC
C00C
C00C
C00C
C00C
3FF0
3FF0
ENDCHAR
STARTCHAR uni231B
ENCODING 8987
SWIDTH 667 0
DWIDTH 12 0
BBX 14 14 0 0
BITMAP
FFFC
FFFC
3030
3030
3030
3030
0CC0
0CC0
3030
3030
3030
3030
FFFC
FFFC
ENDCHAR
STARTCHAR uni23CF
ENCODING 9167
SWIDTH 667 0
DWIDTH 12 0
BBX 10 10 0 2
BITMAP
0C00
0C00
3F00
3F00
FFC0
FFC0
0000
0000
FFC0
FFC0
ENDCHAR
STARTCHAR uni23E9
ENCODING 9193
SWIDTH 667 0
DWIDTH 12 0
BBX 12 10 0 2
BITMAP
C300
C300
F3C0
F3C0
FFF0
FFF0
F3C0
F3C0
C300
C300
ENDCHAR
STARTCHAR uni23EA
ENCODING 9194
SWIDTH 667 0
DWIDTH 12 0
BBX 12 10 0 2
BITMAP
0C30
0C30
3CF0
3CF0
FFF0
FFF0
3CF0
3CF0
0C30
0C30
ENDCHAR
STARTCHAR uni23ED
ENCODING 9197
SWIDTH 667 0
DWIDTH 12 0
BBX 14 10 0 2
BITMAP
C30C
C30C
F3CC
F3CC
FFFC
FFFC
F3CC
F3CC
C30C
C30C
ENDCHAR
STARTCHAR uni23EE
ENCODING 9198
SWIDTH 667 0
DWIDTH 12 0
BBX 14 10 0 2
BITMAP
C30C
C30C
CF3C
CF3C
FFFC
FFFC
CF3C
CF3C
C30C
C30C
ENDCHAR
STARTCHAR uni23EF
ENCODING 9199
SWIDTH 667 0
DWIDTH 12 0
BBX 12 10 0 2
BITMAP
C330
C330
F330
F330
FF30
FF30
F330
F330
C330
C330
ENDCHAR
STARTCHAR uni23F3
ENCODING 9203
SWIDTH 667 0
DWIDTH 12 0
BBX 10 14 0 0
BITMAP
3F00
3F00
C0C0
C0C0
C000
C000
C3C0
C3C0
CC00
CC00
CCC0
CCC0
3F00
3F00
ENDCHAR
STARTCHAR uni23F4
ENCODING 9204
SWIDTH 667 0
DWIDTH 12 0
BBX 6 10 2 2
BITMAP
0C
0C
3C
3C
FC
FC
3C
3C
0C
0C
ENDCHAR
STARTCHAR uni23F5
ENCODING 9205
SWIDTH 667 0
DWIDTH 12 0
BBX 6 10 2 2
BITMAP
C0
C0
F0
F0
FC
FC
F0
F0
C0
C0
ENDCHAR
STARTCHAR uni23F6
ENCODING 9206
SWIDTH 667 0
DWIDTH 12 0
BBX 10 6 0 4
BITMAP
0C00
0C00
3F00
3F00
FFC0
FFC0
ENDCHAR
STARTCHAR uni23F7
ENCODING 9207
SWIDTH 667 0
DWIDTH 12 0
BBX 10 6 0 4
BITMAP
FFC0
FFC0
3F00
3F00
0C00
0C00
ENDCHAR
STARTCHAR uni23F8
ENCODING 9208
SWIDTH 667 0
DWIDTH 12 0
BBX 6 10 2 2
BITMAP
CC
CC
CC
CC
CC
CC
CC
CC
CC
CC
ENDCHAR
STARTCHAR uni23F9
ENCODING 9209
SWIDTH 667 0
DWIDTH 12 0
BBX 10 10 0 2
BITMAP
FFC0
FFC0
FFC0
FFC0
FFC0
FFC0
FFC0
FFC0
FFC0
FFC0
ENDCHAR
STARTCHAR uni23FA
ENCODING 9210
SWIDTH 667 0
DWIDTH 12 0
BBX 10 10 0 2
BITMAP
3F00
3F00
FFC0
FFC0
FFC0
FFC0
FFC0
FFC0
3F00
3F00
ENDCHAR
STARTCHAR uni23FB
ENCODING 9211
SWIDTH 667 0
DWIDTH 12 0
BBX 14 14 0 0
BITMAP
0300
0300
3330
3330
C30C
C30C
C00C
C00C
C00C
C00C
3030
3030
0FC0
0FC0
ENDCHAR
STARTCHAR uni23FC
ENCODING 9212
SWIDTH 667 0
DWIDTH 12 0
BBX 14 14 0 0
BITMAP
0FC0
0FC0
3030
3030
C30C
C30C
C30C
C30C
C30C
C30C
3030
3030
0FC0
0FC0
ENDCHAR
STARTCHAR uni23FD
ENCODING 9213
SWIDTH 667 0
DWIDTH 12 0
BBX 2 14 4 0
BITMAP
C0
C0
C0
C0
C0
C0
C0
C0
C0
C0
C0
C0
C0
C0
ENDCHAR
STARTCHAR uni25A1
ENCODING 9633
SWIDTH 667 0
DWIDTH 12 0
BBX 10 10 0 2
BITMAP
FFC0
FFC0
C0C0
C0C0
C0C0
C0C0
C0C0
C0C0
FFC0
FFC0
ENDCHAR
STARTCHAR uni25B2
ENCODING 9650
SWIDTH 667 0
DWIDTH 12 0
BBX 10 12 0 2
BITMAP
0C00
0C00
0C00
0C00
3F00
3F00
3F00
3F00
FFC0
FFC0
FFC0
FFC0
ENDCHAR
STARTCHAR uni25B3
ENCODING 9651
SWIDTH 667 0
DWIDTH 12 0
BBX 10 12 0 2
BITMAP
0C00
0C00
0C00
0C00
3300
3300
3300
3300
C0C0
C0C0
FFC0
FFC0
ENDCHAR
STARTCHAR uni25B6
ENCODING 9654
SWIDTH 667 0
DWIDTH 12 0
BBX 12 10 0 2
BITMAP
F000
F000
FF00
FF00
FFF0
FFF0
FF00
FF00
F000
F000
ENDCHAR
STARTCHAR uni25B7
ENCODING 9655
SWIDTH 667 0
DWIDTH 12 0
BBX 12 10 0 2
BITMAP
F000
F000
CF00
CF00
C0F0
C0F0
CF00
CF00
F000
F000
ENDCHAR
STARTCHAR uni25BC
ENCODING 9660
SWIDTH 667 0
DWIDTH 12 0
BBX 10 12 0 2
BITMAP
FFC0
FFC0
FFC0
FFC0
3F00
3F00
3F00
3F00
0C00
0C00
0C00
0C00
ENDCHAR
STARTCHAR uni25BD
ENCODING 9661
SWIDTH 667 0
DWIDTH 12 0
BBX 10 12 0 2
BITMAP
FFC0
FFC0
C0C0
C0C0
3300
3300
3300
3300
0C00
0C00
0C00
0C00
ENDCHAR
STARTCHAR uni25C0
ENCODING 9664
SWIDTH 667 0
DWIDTH 12 0
BBX 12 10 0 2
BITMAP
00F0
00F0
0FF0
0FF0
FFF0
FFF0
0FF0
0FF0
00F0
00F0
ENDCHAR
STARTCHAR uni25C1
ENCODING 9665
SWIDTH 667 0
DWIDTH 12 0
BBX 12 10 0 2
BITMAP
00F0
00F0
0F30
0F30
F030
F030
0F30
0F30
00F0
00F0
ENDCHAR
STARTCHAR uni25C6
ENCODING 9670
SWIDTH 667 0
DWIDTH 12 0
BBX 10 10 0 2
BITMAP
0C00
0C00
3F00
3F00
FFC0
FFC0
3F00
3F00
0C00
0C00
ENDCHAR
STARTCHAR uni25C7
ENCODING 9671
SWIDTH 667 0
DWIDTH 12 0
BBX 10 10 0 2
BITMAP
0C00
0C00
3300
3300
C0C0
C0C0
3300
3300
0C00
0C00
ENDCHAR
STARTCHAR uni25CB
ENCODING 9675
SWIDTH 667 0
DWIDTH 12 0
BBX 10 10 0 2
BITMAP
3F00
3F00
C0C0
C0C0
C0C0
C0C0
C0C0
C0C0
3F00
3F00
ENDCHAR
STARTCHAR uni25CE
ENCODING 9678
SWIDTH 667 0
DWIDTH 12 0
BBX 14 14 0 0
BITMAP
0FC0
0FC0
3030
3030
CFCC
CFCC
CCCC
CCCC
CFCC
CFCC
3030
3030
0FC0
0FC0
ENDCHAR
STARTCHAR uni25CF
ENCODING 9679
SWIDTH 667 0
DWIDTH 12 0
BBX 8 8 0 2
BITMAP
3C
3C
FF
FF
FF
FF
3C
3C
ENDCHAR
STARTCHAR uni25D8
ENCODING 9688
SWIDTH 667 0
DWIDTH 12 0
BBX 6 6 2 4
BITMAP
FC
FC
CC
CC
FC
FC
ENDCHAR
STARTCHAR uni25E6
ENCODING 9702
SWIDTH 667 0
DWIDTH 12 0
BBX 6 6 2 4
BITMAP
30
30
CC
CC
30
30
ENDCHAR
STARTCHAR uni2600
ENCODING 9728
SWIDTH 667 0
DWIDTH 12 0
BBX 16 16 0 -2
BITMAP
C303
C303
300C
300C
03C0
03C0
0FF3
0FF3
CFF0
CFF0
03C0
03C0
300C
300C
C0C3
C0C3
ENDCHAR
STARTCHAR uni2601
ENCODING 9729
SWIDTH 667 0
DWIDTH 12 0
BBX 16 12 0 2
BITMAP
00F0
00F0
030C
030C
3C0C
3C0C
C003
C003
C003
C003
3FFC
3FFC
ENDCHAR
STARTCHAR uni2602
ENCODING 9730
SWIDTH 667 0
DWIDTH 12 0
BBX 14 16 0 -2
BITMAP
0FC0
0FC0
3030
3030
C00C
C00C
FFFC
FFFC
0300
0300
0300
0300
3300
3300
0C00
0C00
ENDCHAR
STARTCHAR uni2603
ENCODING 9731
SWIDTH 667 0
DWIDTH 12 0
BBX 14 16 0 -2
BITMAP
33CC
33CC
0C30
0C30
0C3C
0C3C
CFF0
CFF0
330C
330C
330C
330C
300C
300C
0FF0
0FF0
ENDCHAR
STARTCHAR uni2604
ENCODING 9732
SWIDTH 667 0
DWIDTH 12 0
BBX 14 14 0 0
BITMAP
030C
030C
0C30
0C30
00C0
00C0
3C0C
3C0C
C330
C330
C300
C300
3C00
3C00
ENDCHAR
STARTCHAR uni2605
ENCODING 9733
SWIDTH 667 0
DWIDTH 12 0
BBX 14 14 0 0
BITMAP
0300
0300
0FC0
0FC0
FFFC
FFFC
FFFC
FFFC
3FF0
3FF0
3FF0
3FF0
3CF0
3CF0
ENDCHAR
STARTCHAR uni2606
ENCODING 9734
SWIDTH 667 0
DWIDTH 12 0
BBX 14 14 0 0
BITMAP
0300
0300
0CC0
0CC0
F03C
F03C
C00C
C00C
3030
3030
3330
3330
3CF0
3CF0
ENDCHAR
STARTCHAR uni2608
ENCODING 9736
SWIDTH 667 0
DWIDTH 12 0
BBX 14 14 0 0
BITMAP
FFFC
FFFC
C030
C030
C0C0
C0C0
C300
C300
C0CC
C0CC
C03C
C03C
C0FC
C0FC
ENDCHAR
STARTCHAR uni2614
ENCODING 9748
SWIDTH 667 0
DWIDTH 12 0
BBX 14 16 0 -2
BITMAP
0C30
0C30
CFCC
CFCC
3030
3030
C00C
C00C
FFFC
FFFC
0300
0300
3300
3300
0C00
0C00
ENDCHAR
STARTCHAR uni2620
ENCODING 9760
SWIDTH 667 0
DWIDTH 12 0
BBX 14 14 0 0
BITMAP
3FF0
3FF0
FFFC
FFFC
C30C
C30C
C30C
C30C
FCFC
FCFC
3CF0
3CF0
3330
3330
ENDCHAR
STARTCHAR uni2630
ENCODING 9776
SWIDTH 667 0
DWIDTH 12 0
BBX 10 10 0 2
BITMAP
FFC0
FFC0
0000
0000
FFC0
FFC0
0000
0000
FFC0
FFC0
ENDCHAR
STARTCHAR uni2631
ENCODING 9777
SWIDTH 667 0
DWIDTH 12 0
BBX 10 10 0 2
BITMAP
F3C0
F3C0
0000
0000
FFC0
FFC0
0000
0000
FFC0
FFC0
ENDCHAR
STARTCHAR uni2632
ENCODING 9778
SWIDTH 667 0
DWIDTH 12 0
BBX 10 10 0 2
BITMAP
FFC0
FFC0
0000
0000
F3C0
F3C0
0000
0000
FFC0
FFC0
ENDCHAR
STARTCHAR uni2633
ENCODING 9779
SWIDTH 667 0
DWIDTH 12 0
BBX 10 10 0 2
BITMAP
F3C0
F3C0
0000
0000
F3C0
F3C0
0000
0000
FFC0
FFC0
ENDCHAR
STARTCHAR uni2634
ENCODING 9780
SWIDTH 667 0
DWIDTH 12 0
BBX 10 10 0 2
BITMAP
FFC0
FFC0
0000
0000
FFC0
FFC0
0000
0000
F3C0
F3C0
ENDCHAR
STARTCHAR uni2635
ENCODING 9781
SWIDTH 667 0
DWIDTH 12 0
BBX 10 10 0 2
BITMAP
F3C0
F3C0
0000
0000
FFC0
FFC0
0000
0000
F3C0
F3C0
ENDCHAR
STARTCHAR uni2636
ENCODING 9782
SWIDTH 667 0
DWIDTH 12 0
BBX 10 10 0 2
BITMAP
FFC0
FFC0
0000
0000
F3C0
F3C0
0000
0000
F3C0
F3C0
ENDCHAR
STARTCHAR uni2637
ENCODING 9783
SWIDTH 667 0
DWIDTH 12 0
BBX 10 10 0 2
BITMAP
F3C0
F3C0
0000
0000
F3C0
F3C0
0000
0000
F3C0
F3C0
ENDCHAR
STARTCHAR uni2639
ENCODING 9785
SWIDTH 667 0
DWIDTH 12 0
BBX 10 10 0 2
BITMAP
3300
3300
3300
3300
0000
0000
3F00
3F00
C0C0
C0C0
ENDCHAR
STARTCHAR uni263A
ENCODING 9786
SWIDTH 667 0
DWIDTH 12 0
BBX 10 10 0 2
BITMAP
3300
3300
3300
3300
0000
0000
C0C0
C0C0
3F00
3F00
ENDCHAR
STARTCHAR uni263B
ENCODING 9787
SWIDTH 667 0
DWIDTH 12 0
BBX 14 14 0 0
BITMAP
3FF0
3FF0
F33C
F33C
F33C
F33C
FFFC
FFFC
CFCC
CFCC
F03C
F03C
3FF0
3FF0
ENDCHAR
STARTCHAR uni263D
ENCODING 9789
SWIDTH 667 0
DWIDTH 12 0
BBX 16 16 0 -2
BITMAP
00F0
00F0
003C
003C
000F
000F
000F
000F
C00F
C00F
F03F
F03F
3FFC
3FFC
0FF0
0FF0
ENDCHAR
STARTCHAR uni2640
ENCODING 9792
SWIDTH 667 0
DWIDTH 12 0
BBX 6 12 2 0
BITMAP
FC
FC
CC
CC
FC
FC
30
30
FC
FC
30
30
ENDCHAR
STARTCHAR uni2642
ENCODING 9794
SWIDTH 667 0
DWIDTH 12 0
BBX 10 10 0 2
BITMAP
0FC0
0FC0
03C0
03C0
FCC0
FCC0
CC00
CC00
FC00
FC00
ENDCHAR
STARTCHAR uni2660
ENCODING 9824
SWIDTH 667 0
DWIDTH 12 0
BBX 10 12 0 0
BITMAP
0C00
0C00
3F00
3F00
FFC0
FFC0
FFC0
FFC0
0C00
0C00
3F00
3F00
ENDCHAR
STARTCHAR uni2661
ENCODING 9825
SWIDTH 667 0
DWIDTH 12 0
BBX 10 12 0 0
BITMAP
3300
3300
CCC0
CCC0
C0C0
C0C0
C0C0
C0C0
3300
3300
0C00
0C00
ENDCHAR
STARTCHAR uni2662
ENCODING 9826
SWIDTH 667 0
DWIDTH 12 0
BBX 10 12 0 0
BITMAP
0C00
0C00
3300
3300
C0C0
C0C0
C0C0
C0C0
3300
3300
0C00
0C00
ENDCHAR
STARTCHAR uni2663
ENCODING 9827
SWIDTH 667 0
DWIDTH 12 0
BBX 10 12 0 0
BITMAP
3F00
3F00
3F00
3F00
FFC0
FFC0
FFC0
FFC0
0C00
0C00
3F00
3F00
ENDCHAR
STARTCHAR uni2664
ENCODING 9828
SWIDTH 667 0
DWIDTH 12 0
BBX 10 12 0 0
BITMAP
0C00
0C00
3300
3300
C0C0
C0C0
F3C0
F3C0
0C00
0C00
3F00
3F00
ENDCHAR
STARTCHAR uni2665
ENCODING 9829
SWIDTH 667 0
DWIDTH 12 0
BBX 10 12 0 0
BITMAP
3300
3300
FFC0
FFC0
FFC0
FFC0
FFC0
FFC0
3F00
3F00
0C00
0C00
ENDCHAR
STARTCHAR uni2666
ENCODING 9830
SWIDTH 667 0
DWIDTH 12 0
BBX 10 12 0 0
BITMAP
0C00
0C00
3F00
3F00
FFC0
FFC0
FFC0
FFC0
3F00
3F00
0C00
0C00
ENDCHAR
STARTCHAR uni2667
ENCODING 9831
SWIDTH 667 0
DWIDTH 12 0
BBX 10 12 0 0
BITMAP
3F00
3F00
3300
3300
C0C0
C0C0
F3C0
F3C0
0C00
0C00
3F00
3F00
ENDCHAR
STARTCHAR uni2669
ENCODING 9833
SWIDTH 667 0
DWIDTH 12 0
BBX 6 14 2 0
BITMAP
0C
0C
0C
0C
0C
0C
0C
0C
0C
0C
FC
FC
FC
FC
ENDCHAR
STARTCHAR uni266A
ENCODING 9834
SWIDTH 667 0
DWIDTH 12 0
BBX 10 14 0 0
BITMAP
0F00
0F00
0FC0
0FC0
0CC0
0CC0
0C00
0C00
0C00
0C00
FC00
FC00
FC00
FC00
ENDCHAR
STARTCHAR uni266B
ENCODING 9835
SWIDTH 667 0
DWIDTH 12 0
BBX 14 14 0 0
BITMAP
00FC
00FC
0F0C
0F0C
0C0C
0C0C
0C0C
0C0C
0CFC
0CFC
FCFC
FCFC
FC00
FC00
ENDCHAR
STARTCHAR uni266C
ENCODING 9836
SWIDTH 667 0
DWIDTH 12 0
BBX 14 14 0 0
BITMAP
0FFC
0FFC
0C0C
0C0C
0FFC
0FFC
0C0C
0C0C
0C0C
0C0C
FCFC
FCFC
FCFC
FCFC
ENDCHAR
STARTCHAR uni266D
ENCODING 9837
SWIDTH 667 0
DWIDTH 12 0
BBX 6 14 2 0
BITMAP
C0
C0
C0
C0
C0
C0
FC
FC
CC
CC
CC
CC
F0
F0
ENDCHAR
STARTCHAR uni266E
ENCODING 9838
SWIDTH 667 0
DWIDTH 12 0
BBX 6 14 2 0
BITMAP
C0
C0
CC
CC
FC
FC
CC
CC
FC
FC
CC
CC
0C
0C
ENDCHAR
STARTCHAR uni266F
ENCODING 9839
SWIDTH 667 0
DWIDTH 12 0
BBX 10 14 0 0
BITMAP
0300
0300
33C0
33C0
3F00
3F00
F3C0
F3C0
3F00
3F00
F300
F300
3000
3000
ENDCHAR
STARTCHAR uni2680
ENCODING 9856
SWIDTH 667 0
DWIDTH 12 0
BBX 14 14 0 0
BITMAP
FFFC
FFFC
FFFC
FFFC
FFFC
FFFC
FCFC
FCFC
FFFC
FFFC
FFFC
FFFC
FFFC
FFFC
ENDCHAR
STARTCHAR uni2681
ENCODING 9857
SWIDTH 667 0
DWIDTH 12 0
BBX 14 14 0 0
BITMAP
FFFC
FFFC
CFFC
CFFC
FFFC
FFFC
FFFC
FFFC
FFFC
FFFC
FFCC
FFCC
FFFC
FFFC
ENDCHAR
STARTCHAR uni2682
ENCODING 9858
SWIDTH 667 0
DWIDTH 12 0
BBX 14 14 0 0
BITMAP
FFFC
FFFC
CFFC
CFFC
FFFC
FFFC
FCFC
FCFC
FFFC
FFFC
FFCC
FFCC
FFFC
FFFC
ENDCHAR
STARTCHAR uni2683
ENCODING 9859
SWIDTH 667 0
DWIDTH 12 0
BBX 14 14 0 0
BITMAP
FFFC
FFFC
CFCC
CFCC
FFFC
FFFC
FFFC
FFFC
FFFC
FFFC
CFCC
CFCC
FFFC
FFFC
ENDCHAR
STARTCHAR uni2684
ENCODING 9860
SWIDTH 667 0
DWIDTH 12 0
BBX 14 14 0 0
BITMAP
FFFC
FFFC
CFCC
CFCC
FFFC
FFFC
FCFC
FCFC
FFFC
FFFC
CFCC
CFCC
FFFC
FFFC
ENDCHAR
STARTCHAR uni2685
ENCODING 9861
SWIDTH 667 0
DWIDTH 12 0
BBX 14 14 0 0
BITMAP
FFFC
FFFC
CFCC
CFCC
FFFC
FFFC
CFCC
CFCC
FFFC
FFFC
CFCC
CFCC
FFFC
FFFC
ENDCHAR
STARTCHAR uni2690
ENCODING 9872
SWIDTH 667 0
DWIDTH 12 0
BBX 14 16 0 -2
BITMAP
FC3C
FC3C
C3CC
C3CC
C00C
C00C
C00C
C00C
FC3C
FC3C
C3C0
C3C0
C000
C000
C000
C000
ENDCHAR
STARTCHAR uni2691
ENCODING 9873
SWIDTH 667 0
DWIDTH 12 0
BBX 12 14 0 0
BITMAP
3FF0
3FF0
3000
3000
3F00
3F00
3000
3000
FC00
FC00
3000
3000
3000
3000
ENDCHAR
STARTCHAR uni2693
ENCODING 9875
SWIDTH 667 0
DWIDTH 12 0
BBX 14 16 0 -2
BITMAP
0300
0300
0CC0
0CC0
0300
0300
0FC0
0FC0
C30C
C30C
C30C
C30C
3330
3330
0FC0
0FC0
ENDCHAR
STARTCHAR uni2694
ENCODING 9876
SWIDTH 667 0
DWIDTH 12 0
BBX 14 14 0 0
BITMAP
C00C
C00C
3030
3030
0CC0
0CC0
0300
0300
CCCC
CCCC
3030
3030
CCCC
CCCC
ENDCHAR
STARTCHAR uni2697
ENCODING 9879
SWIDTH 667 0
DWIDTH 12 0
BBX 1 1 0 0
BITMAP
00
ENDCHAR
STARTCHAR uni26A1
ENCODING 9889
SWIDTH 667 0
DWIDTH 12 0
BBX 10 14 0 0
BITMAP
0300
0300
0C00
0C00
3000
3000
FFC0
FFC0
0300
0300
0C00
0C00
3000
3000
ENDCHAR
STARTCHAR uni26A5
ENCODING 9893
SWIDTH 667 0
DWIDTH 12 0
BBX 10 16 0 -2
BITMAP
0FC0
0FC0
03C0
03C0
FCC0
FCC0
CC00
CC00
FC00
FC00
3000
3000
FC00
FC00
3000
3000
ENDCHAR
STARTCHAR uni26C4
ENCODING 9924
SWIDTH 667 0
DWIDTH 12 0
BBX 12 16 0 -2
BITMAP
0F00
0F00
30C0
30C0
30C0
30C0
3FC0
3FC0
CC30
CC30
CC30
CC30
C030
C030
3FC0
3FC0
ENDCHAR
STARTCHAR uni26C8
ENCODING 9928
SWIDTH 667 0
DWIDTH 12 0
BBX 16 16 0 -2
BITMAP
00F0
00F0
030C
030C
3C0C
3C0C
C003
C003
C0C3
C0C3
3FFC
3FFC
0030
0030
00C0
00C0
ENDCHAR
STARTCHAR uni26CF
ENCODING 9935
SWIDTH 667 0
DWIDTH 12 0
BBX 16 16 0 -2
BITMAP
0FF0
0FF0
003C
003C
003F
003F
00C3
00C3
0303
0303
0C03
0C03
3000
3000
C000
C000
ENDCHAR
STARTCHAR uni26E8
ENCODING 9960
SWIDTH 667 0
DWIDTH 12 0
BBX 14 16 0 -2
BITMAP
FFFC
FFFC
C00C
C00C
C30C
C30C
CFCC
CFCC
C30C
C30C
3030
3030
0CC0
0CC0
0300
0300
ENDCHAR
STARTCHAR uni2702
ENCODING 9986
SWIDTH 667 0
DWIDTH 12 0
BBX 16 16 0 -2
BITMAP
0F00
0F00
30C0
30C0
CCF0
CCF0
C3FC
C3FC
3FFC
3FFC
0FFC
0FFC
03F3
03F3
000F
000F
ENDCHAR
STARTCHAR uni2709
ENCODING 9993
SWIDTH 667 0
DWIDTH 12 0
BBX 14 12 0 0
BITMAP
FFFC
FFFC
F03C
F03C
CCCC
CCCC
C30C
C30C
C00C
C00C
FFFC
FFFC
ENDCHAR
STARTCHAR uni270E
ENCODING 9998
SWIDTH 667 0
DWIDTH 12 0
BBX 14 14 0 0
BITMAP
0C00
0C00
3300
3300
CCC0
CCC0
3030
3030
0C0C
0C0C
033C
033C
00FC
00FC
ENDCHAR
STARTCHAR uni2714
ENCODING 10004
SWIDTH 667 0
DWIDTH 12 0
BBX 12 14 0 0
BITMAP
0030
0030
00F0
00F0
00C0
00C0
C3C0
C3C0
F300
F300
3F00
3F00
0C00
0C00
ENDCHAR
STARTCHAR uni2718
ENCODING 10008
SWIDTH 667 0
DWIDTH 12 0
BBX 12 14 0 0
BITMAP
0030
0030
30F0
30F0
3FC0
3FC0
0F00
0F00
3FC0
3FC0
F0C0
F0C0
C000
C000
ENDCHAR
STARTCHAR uni2744
ENCODING 10052
SWIDTH 667 0
DWIDTH 12 0
BBX 14 14 0 0
BITMAP
0CC0
0CC0
C30C
C30C
3330
3330
0CC0
0CC0
3330
3330
C30C
C30C
0CC0
0CC0
ENDCHAR
STARTCHAR uni274C
ENCODING 10060
SWIDTH 667 0
DWIDTH 12 0
BBX 12 14 0 0
BITMAP
C030
C030
F0F0
F0F0
3FC0
3FC0
0F00
0F00
3FC0
3FC0
F0F0
F0F0
C030
C030
ENDCHAR
STARTCHAR uni2763
ENCODING 10083
SWIDTH 667 0
DWIDTH 12 0
BBX 10 14 0 0
BITMAP
3300
3300
FFC0
FFC0
FFC0
FFC0
3F00
3F00
0C00
0C00
0000
0000
0C00
0C00
ENDCHAR
STARTCHAR uni2764
ENCODING 10084
SWIDTH 667 0
DWIDTH 12 0
BBX 14 14 0 0
BITMAP
3CF0
3CF0
FFFC
FFFC
FFFC
FFFC
FFFC
FFFC
3FF0
3FF0
0FC0
0FC0
0300
0300
ENDCHAR
STARTCHAR uni27D8
ENCODING 10200
SWIDTH 667 0
DWIDTH 12 0
BBX 10 14 0 0
BITMAP
0C00
0C00
0C00
0C00
0C00
0C00
0C00
0C00
0C00
0C00
0C00
0C00
FFC0
FFC0
ENDCHAR
STARTCHAR uni295D
ENCODING 10589
SWIDTH 667 0
DWIDTH 12 0
BBX 10 14 0 0
BITMAP
FFC0
FFC0
0C00
0C00
0C00
0C00
0C00
0C00
0C00
0C00
0F00
0F00
0C00
0C00
ENDCHAR
STARTCHAR uni29C8
ENCODING 10696
SWIDTH 667 0
DWIDTH 12 0
BBX 14 14 0 0
BITMAP
FFFC
FFFC
C00C
C00C
CFCC
CFCC
CCCC
CCCC
CFCC
CFCC
C00C
C00C
FFFC
FFFC
ENDCHAR
STARTCHAR uni2A30
ENCODING 10800
SWIDTH 667 0
DWIDTH 12 0
BBX 10 14 0 2
BITMAP
0C00
0C00
0000
0000
C0C0
C0C0
3300
3300
0C00
0C00
3300
3300
C0C0
C0C0
ENDCHAR
STARTCHAR uni2A51
ENCODING 10833
SWIDTH 667 0
DWIDTH 12 0
BBX 10 14 0 2
BITMAP
0C00
0C00
0000
0000
0C00
0C00
3300
3300
3300
3300
C0C0
C0C0
C0C0
C0C0
ENDCHAR
STARTCHAR uni2A52
ENCODING 10834
SWIDTH 667 0
DWIDTH 12 0
BBX 10 14 0 2
BITMAP
0C00
0C00
0000
0000
C0C0
C0C0
C0C0
C0C0
3300
3300
3300
3300
0C00
0C00
ENDCHAR
STARTCHAR uni2AC3
ENCODING 10947
SWIDTH 667 0
DWIDTH 12 0
BBX 10 18 0 0
BITMAP
0C00
0C00
0000
0000
3FC0
3FC0
C000
C000
C000
C000
C000
C000
3FC0
3FC0
0000
0000
FFC0
FFC0
ENDCHAR
STARTCHAR uni2AC4
ENCODING 10948
SWIDTH 667 0
DWIDTH 12 0
BBX 10 18 0 0
BITMAP
0C00
0C00
0000
0000
FF00
FF00
00C0
00C0
00C0
00C0
00C0
00C0
FF00
FF00
0000
0000
FFC0
FFC0
ENDCHAR
STARTCHAR uni2B50
ENCODING 11088
SWIDTH 667 0
DWIDTH 12 0
BBX 14 14 0 0
BITMAP
0300
0300
0300
0300
FFFC
FFFC
3FF0
3FF0
0FC0
0FC0
3CF0
3CF0
3030
3030
ENDCHAR
STARTCHAR uni2B58
ENCODING 11096
SWIDTH 667 0
DWIDTH 12 0
BBX 14 14 0 0
BITMAP
0FC0
0FC0
3030
3030
C00C
C00C
C00C
C00C
C00C
C00C
3030
3030
0FC0
0FC0
ENDCHAR
STARTCHAR uni2BEA
ENCODING 11242
SWIDTH 667 0
DWIDTH 12 0
BBX 14 14 0 0
BITMAP
0300
0300
0FC0
0FC0
FF3C
FF3C
FF0C
FF0C
3F30
3F30
3F30
3F30
3CF0
3CF0
ENDCHAR
STARTCHAR uni2BEB
ENCODING 11243
SWIDTH 667 0
DWIDTH 12 0
BBX 14 14 0 0
BITMAP
0300
0300
0FC0
0FC0
F3FC
F3FC
C3FC
C3FC
33F0
33F0
33F0
33F0
3CF0
3CF0
ENDCHAR
STARTCHAR uni2C65
ENCODING 11365
SWIDTH 667 0
DWIDTH 12 0
BBX 12 10 0 0
BITMAP
3F30
3F30
03C0
03C0
3FC0
3FC0
F0C0
F0C0
3FC0
3FC0
ENDCHAR
STARTCHAR uni2C66
ENCODING 11366
SWIDTH 667 0
DWIDTH 12 0
BBX 10 14 0 0
BITMAP
0C00
0C00
0CC0
0CC0
3F00
3F00
0C00
0C00
0C00
0C00
3C00
3C00
C300
C300
ENDCHAR
STARTCHAR uni2C6D
ENCODING 11373
SWIDTH 667 0
DWIDTH 12 0
BBX 10 14 0 0
BITMAP
3CC0
3CC0
C3C0
C3C0
C0C0
C0C0
C0C0
C0C0
C0C0
C0C0
C0C0
C0C0
3FC0
3FC0
ENDCHAR
STARTCHAR uni2C6F
ENCODING 11375
SWIDTH 667 0
DWIDTH 12 0
BBX 10 14 0 0
BITMAP
C0C0
C0C0
C0C0
C0C0
C0C0
C0C0
C0C0
C0C0
FFC0
FFC0
C0C0
C0C0
3F00
3F00
ENDCHAR
STARTCHAR uni2C71
ENCODING 11377
SWIDTH 667 0
DWIDTH 12 0
BBX 14 10 0 0
BITMAP
C0F0
C0F0
C0CC
C0CC
C0C0
C0C0
3300
3300
0C00
0C00
ENDCHAR
STARTCHAR uni2D00
ENCODING 11520
SWIDTH 667 0
DWIDTH 12 0
BBX 10 10 0 0
BITMAP
FF00
FF00
C0C0
C0C0
C000
C000
C000
C000
FFC0
FFC0
ENDCHAR
STARTCHAR uni2D01
ENCODING 11521
SWIDTH 667 0
DWIDTH 12 0
BBX 12 12 0 -2
BITMAP
C0C0
C0C0
C0C0
C0C0
C0C0
C0C0
3FC0
3FC0
0030
0030
3FC0
3FC0
ENDCHAR
STARTCHAR uni2D02
ENCODING 11522
SWIDTH 667 0
DWIDTH 12 0
BBX 12 12 0 -2
BITMAP
FF00
FF00
C0C0
C0C0
C0C0
C0C0
C0C0
C0C0
0030
0030
3FC0
3FC0
ENDCHAR
STARTCHAR uni2D03
ENCODING 11523
SWIDTH 667 0
DWIDTH 12 0
BBX 10 14 0 0
BITMAP
3F00
3F00
0C00
0C00
3F00
3F00
C0C0
C0C0
C0C0
C0C0
C0C0
C0C0
3F00
3F00
ENDCHAR
STARTCHAR uni2D04
ENCODING 11524
SWIDTH 667 0
DWIDTH 12 0
BBX 10 12 0 -2
BITMAP
FF00
FF00
C0C0
C0C0
C0C0
C0C0
C0C0
C0C0
C0C0
C0C0
00C0
00C0
ENDCHAR
STARTCHAR uni2D05
ENCODING 11525
SWIDTH 667 0
DWIDTH 12 0
BBX 10 12 0 -2
BITMAP
F300
F300
CCC0
CCC0
CCC0
CCC0
CCC0
CCC0
CCC0
CCC0
0C00
0C00
ENDCHAR
STARTCHAR uni2D06
ENCODING 11526
SWIDTH 667 0
DWIDTH 12 0
BBX 12 14 0 0
BITMAP
F000
F000
3000
3000
3FC0
3FC0
3030
3030
3030
3030
3030
3030
3FC0
3FC0
ENDCHAR
STARTCHAR uni2D07
ENCODING 11527
SWIDTH 667 0
DWIDTH 12 0
BBX 10 10 0 0
BITMAP
F300
F300
CCC0
CCC0
CCC0
CCC0
CCC0
CCC0
F0C0
F0C0
ENDCHAR
STARTCHAR uni2D08
ENCODING 11528
SWIDTH 667 0
DWIDTH 12 0
BBX 10 10 0 0
BITMAP
FF00
FF00
C0C0
C0C0
C0C0
C0C0
00C0
00C0
00C0
00C0
ENDCHAR
STARTCHAR uni2D09
ENCODING 11529
SWIDTH 667 0
DWIDTH 12 0
BBX 10 16 0 -2
BITMAP
C000
C000
FF00
FF00
C0C0
C0C0
C0C0
C0C0
C0C0
C0C0
3FC0
3FC0
00C0
00C0
00C0
00C0
ENDCHAR
STARTCHAR uni2D0A
ENCODING 11530
SWIDTH 667 0
DWIDTH 12 0
BBX 10 10 0 0
BITMAP
F300
F300
CCC0
CCC0
CCC0
CCC0
CCC0
CCC0
C3C0
C3C0
ENDCHAR
STARTCHAR uni2D0B
ENCODING 11531
SWIDTH 667 0
DWIDTH 12 0
BBX 10 14 0 0
BITMAP
FF00
FF00
00C0
00C0
3FC0
3FC0
C0C0
C0C0
C0C0
C0C0
C0C0
C0C0
3F00
3F00
ENDCHAR
STARTCHAR uni2D0C
ENCODING 11532
SWIDTH 667 0
DWIDTH 12 0
BBX 10 14 0 0
BITMAP
3FC0
3FC0
C000
C000
FF00
FF00
C0C0
C0C0
C0C0
C0C0
C0C0
C0C0
C0C0
C0C0
ENDCHAR
STARTCHAR uni2D0D
ENCODING 11533
SWIDTH 667 0
DWIDTH 12 0
BBX 10 10 0 0
BITMAP
CCC0
CCC0
CCC0
CCC0
CCC0
CCC0
CCC0
CCC0
33C0
33C0
ENDCHAR
STARTCHAR uni2D0E
ENCODING 11534
SWIDTH 667 0
DWIDTH 12 0
BBX 12 10 0 0
BITMAP
F030
F030
3030
3030
3030
3030
3030
3030
0FF0
0FF0
ENDCHAR
STARTCHAR uni2D0F
ENCODING 11535
SWIDTH 667 0
DWIDTH 12 0
BBX 12 16 0 -2
BITMAP
0030
0030
0030
0030
F030
F030
3030
3030
3030
3030
0FF0
0FF0
0030
0030
0030
0030
ENDCHAR
STARTCHAR uni2D10
ENCODING 11536
SWIDTH 667 0
DWIDTH 12 0
BBX 10 14 0 0
BITMAP
0C00
0C00
0C00
0C00
CF00
CF00
CCC0
CCC0
CCC0
CCC0
CCC0
CCC0
3CC0
3CC0
ENDCHAR
STARTCHAR uni2D11
ENCODING 11537
SWIDTH 667 0
DWIDTH 12 0
BBX 10 14 0 0
BITMAP
C000
C000
C000
C000
C0C0
C0C0
C0C0
C0C0
C0C0
C0C0
C0C0
C0C0
3FC0
3FC0
ENDCHAR
STARTCHAR uni2D12
ENCODING 11538
SWIDTH 667 0
DWIDTH 12 0
BBX 10 12 0 -2
BITMAP
CF00
CF00
F0C0
F0C0
C0C0
C0C0
FF00
FF00
C000
C000
3FC0
3FC0
ENDCHAR
STARTCHAR uni2D13
ENCODING 11539
SWIDTH 667 0
DWIDTH 12 0
BBX 10 16 0 -2
BITMAP
00C0
00C0
00C0
00C0
CCC0
CCC0
CCC0
CCC0
CCC0
CCC0
CCC0
CCC0
33C0
33C0
00C0
00C0
ENDCHAR
STARTCHAR uni2D14
ENCODING 11540
SWIDTH 667 0
DWIDTH 12 0
BBX 10 12 0 -2
BITMAP
3300
3300
CCC0
CCC0
CCC0
CCC0
CCC0
CCC0
3F00
3F00
0C00
0C00
ENDCHAR
STARTCHAR uni2D15
ENCODING 11541
SWIDTH 667 0
DWIDTH 12 0
BBX 10 16 0 -2
BITMAP
0C00
0C00
0C00
0C00
FFC0
FFC0
0C00
0C00
0C00
0C00
0C00
0C00
0C00
0C00
0C00
0C00
ENDCHAR
STARTCHAR uni2D16
ENCODING 11542
SWIDTH 667 0
DWIDTH 12 0
BBX 10 10 0 0
BITMAP
FF00
FF00
C0C0
C0C0
C0C0
C0C0
C0C0
C0C0
C0C0
C0C0
ENDCHAR
STARTCHAR uni2D17
ENCODING 11543
SWIDTH 667 0
DWIDTH 12 0
BBX 10 12 0 -2
BITMAP
C0C0
C0C0
C0C0
C0C0
C0C0
C0C0
C0C0
C0C0
3FC0
3FC0
00C0
00C0
ENDCHAR
STARTCHAR uni2D18
ENCODING 11544
SWIDTH 667 0
DWIDTH 12 0
BBX 10 12 0 -2
BITMAP
C0C0
C0C0
C0C0
C0C0
C0C0
C0C0
3FC0
3FC0
00C0
00C0
FF00
FF00
ENDCHAR
STARTCHAR uni2D19
ENCODING 11545
SWIDTH 667 0
DWIDTH 12 0
BBX 10 16 0 -2
BITMAP
C000
C000
C000
C000
FF00
FF00
C0C0
C0C0
C0C0
C0C0
C0C0
C0C0
C0C0
C0C0
C000
C000
ENDCHAR
STARTCHAR uni2D1A
ENCODING 11546
SWIDTH 667 0
DWIDTH 12 0
BBX 10 12 0 -2
BITMAP
FF00
FF00
C0C0
C0C0
C0C0
C0C0
C0C0
C0C0
C000
C000
3FC0
3FC0
ENDCHAR
STARTCHAR uni2D1B
ENCODING 11547
SWIDTH 667 0
DWIDTH 12 0
BBX 10 14 0 0
BITMAP
0C00
0C00
0C00
0C00
3F00
3F00
CCC0
CCC0
CCC0
CCC0
CCC0
CCC0
3CC0
3CC0
ENDCHAR
STARTCHAR uni2D1C
ENCODING 11548
SWIDTH 667 0
DWIDTH 12 0
BBX 10 12 0 -2
BITMAP
F300
F300
CCC0
CCC0
CCC0
CCC0
CCC0
CCC0
CCC0
CCC0
C000
C000
ENDCHAR
STARTCHAR uni2D1D
ENCODING 11549
SWIDTH 667 0
DWIDTH 12 0
BBX 12 12 0 -2
BITMAP
FF00
FF00
C0C0
C0C0
C000
C000
FFC0
FFC0
0030
0030
3FC0
3FC0
ENDCHAR
STARTCHAR uni2D1E
ENCODING 11550
SWIDTH 667 0
DWIDTH 12 0
BBX 10 12 0 -2
BITMAP
C0C0
C0C0
C0C0
C0C0
C0C0
C0C0
FF00
FF00
C000
C000
3FC0
3FC0
ENDCHAR
STARTCHAR uni2D1F
ENCODING 11551
SWIDTH 667 0
DWIDTH 12 0
BBX 10 12 0 -2
BITMAP
FFC0
FFC0
C0C0
C0C0
3300
3300
0C00
0C00
33C0
33C0
C000
C000
ENDCHAR
STARTCHAR uni2D20
ENCODING 11552
SWIDTH 667 0
DWIDTH 12 0
BBX 10 10 0 0
BITMAP
F0C0
F0C0
CCC0
CCC0
CCC0
CCC0
CCC0
CCC0
C3C0
C3C0
ENDCHAR
STARTCHAR uni2D21
ENCODING 11553
SWIDTH 667 0
DWIDTH 12 0
BBX 10 16 0 -2
BITMAP
C000
C000
C000
C000
FF00
FF00
C0C0
C0C0
C000
C000
C000
C000
C000
C000
C000
C000
ENDCHAR
STARTCHAR uni2D22
ENCODING 11554
SWIDTH 667 0
DWIDTH 12 0
BBX 10 10 0 0
BITMAP
FF00
FF00
00C0
00C0
C0C0
C0C0
C0C0
C0C0
3F00
3F00
ENDCHAR
STARTCHAR uni2D23
ENCODING 11555
SWIDTH 667 0
DWIDTH 12 0
BBX 10 16 0 -2
BITMAP
00C0
00C0
00C0
00C0
C0C0
C0C0
C0C0
C0C0
C0C0
C0C0
C0C0
C0C0
3FC0
3FC0
00C0
00C0
ENDCHAR
STARTCHAR uni2D24
ENCODING 11556
SWIDTH 667 0
DWIDTH 12 0
BBX 10 12 0 -2
BITMAP
C0C0
C0C0
C0C0
C0C0
C0C0
C0C0
3F00
3F00
0C00
0C00
0C00
0C00
ENDCHAR
STARTCHAR uni2D25
ENCODING 11557
SWIDTH 667 0
DWIDTH 12 0
BBX 10 14 0 0
BITMAP
0FC0
0FC0
0C00
0C00
3C00
3C00
CF00
CF00
CCC0
CCC0
CCC0
CCC0
3CC0
3CC0
ENDCHAR
STARTCHAR uni2E18
ENCODING 11800
SWIDTH 667 0
DWIDTH 12 0
BBX 10 14 0 -2
BITMAP
0C00
0C00
0000
0000
0C00
0C00
3C00
3C00
CC00
CC00
CCC0
CCC0
3F00
3F00
ENDCHAR
STARTCHAR uni2E1A
ENCODING 11802
SWIDTH 667 0
DWIDTH 12 0
BBX 10 6 0 6
BITMAP
3300
3300
0000
0000
FFC0
FFC0
ENDCHAR
STARTCHAR uni2E2E
ENCODING 11822
SWIDTH 667 0
DWIDTH 12 0
BBX 10 14 0 0
BITMAP
3F00
3F00
C0C0
C0C0
C000
C000
3000
3000
0C00
0C00
0000
0000
0C00
0C00
ENDCHAR
STARTCHAR uni2E35
ENCODING 11829
SWIDTH 667 0
DWIDTH 12 0
BBX 2 12 4 2
BITMAP
C0
C0
C0
C0
00
00
00
00
00
00
C0
C0
ENDCHAR
STARTCHAR uni2E38
ENCODING 11832
SWIDTH 667 0
DWIDTH 12 0
BBX 10 14 0 0
BITMAP
0C00
0C00
0C00
0C00
0C00
0C00
0C00
0C00
FFC0
FFC0
0C00
0C00
0C00
0C00
ENDCHAR
STARTCHAR uni2E41
ENCODING 11841
SWIDTH 667 0
DWIDTH 12 0
BBX 2 4 4 -2
BITMAP
C0
C0
C0
C0
ENDCHAR
STARTCHAR uni2E4B
ENCODING 11851
SWIDTH 667 0
DWIDTH 12 0
BBX 10 14 0 0
BITMAP
0C00
0C00
FFC0
FFC0
0C00
0C00
FFC0
FFC0
0C00
0C00
FFC0
FFC0
0C00
0C00
ENDCHAR
STARTCHAR uni3012
ENCODING 12306
SWIDTH 667 0
DWIDTH 12 0
BBX 10 12 0 0
BITMAP
FFC0
FFC0
0000
0000
FFC0
FFC0
0C00
0C00
0C00
0C00
0C00
0C00
ENDCHAR
STARTCHAR uni3125
ENCODING 12581
SWIDTH 667 0
DWIDTH 12 0
BBX 10 14 0 0
BITMAP
0C00
0C00
0C00
0C00
0C00
0C00
3000
3000
C000
C000
C0C0
C0C0
FFC0
FFC0
ENDCHAR
STARTCHAR uniA726
ENCODING 42790
SWIDTH 667 0
DWIDTH 12 0
BBX 10 16 0 -2
BITMAP
C0C0
C0C0
C0C0
C0C0
FFC0
FFC0
C0C0
C0C0
C0C0
C0C0
C0C0
C0C0
C0C0
C0C0
0F00
0F00
ENDCHAR
STARTCHAR uniA727
ENCODING 42791
SWIDTH 667 0
DWIDTH 12 0
BBX 10 16 0 -2
BITMAP
C000
C000
C000
C000
CF00
CF00
F0C0
F0C0
C0C0
C0C0
C0C0
C0C0
C0C0
C0C0
0F00
0F00
ENDCHAR
STARTCHAR uniA728
ENCODING 42792
SWIDTH 667 0
DWIDTH 12 0
BBX 14 16 0 -2
BITMAP
FFC0
FFC0
0C00
0C00
0FFC
0FFC
0C0C
0C0C
0CF0
0CF0
0C0C
0C0C
0C0C
0C0C
00F0
00F0
ENDCHAR
STARTCHAR uniA729
ENCODING 42793
SWIDTH 667 0
DWIDTH 12 0
BBX 12 16 0 -2
BITMAP
3000
3000
3000
3000
FFF0
FFF0
3030
3030
33C0
33C0
3030
3030
3030
3030
03C0
03C0
ENDCHAR
STARTCHAR uniA730
ENCODING 42800
SWIDTH 667 0
DWIDTH 12 0
BBX 10 10 0 0
BITMAP
FFC0
FFC0
C000
C000
FC00
FC00
C000
C000
C000
C000
ENDCHAR
STARTCHAR uniA731
ENCODING 42801
SWIDTH 667 0
DWIDTH 12 0
BBX 10 10 0 0
BITMAP
3FC0
3FC0
C000
C000
3F00
3F00
00C0
00C0
FF00
FF00
ENDCHAR
STARTCHAR uniA739
ENCODING 42809
SWIDTH 667 0
DWIDTH 12 0
BBX 16 10 0 0
BITMAP
3F03
3F03
00C3
00C3
3FC3
3FC3
C0CC
C0CC
3FF0
3FF0
ENDCHAR
STARTCHAR uniA73B
ENCODING 42811
SWIDTH 667 0
DWIDTH 12 0
BBX 16 10 0 0
BITMAP
3F03
3F03
00C3
00C3
3FFF
3FFF
C0CC
C0CC
3FF0
3FF0
ENDCHAR
STARTCHAR uniA75A
ENCODING 42842
SWIDTH 667 0
DWIDTH 12 0
BBX 10 14 0 0
BITMAP
FF00
FF00
00C0
00C0
3F00
3F00
3000
3000
0C00
0C00
0300
0300
00C0
00C0
ENDCHAR
STARTCHAR uniA75B
ENCODING 42843
SWIDTH 667 0
DWIDTH 12 0
BBX 8 10 0 0
BITMAP
FC
FC
03
03
3C
3C
0C
0C
03
03
ENDCHAR
STARTCHAR uniA779
ENCODING 42873
SWIDTH 667 0
DWIDTH 12 0
BBX 10 14 0 0
BITMAP
CF00
CF00
30C0
30C0
C0C0
C0C0
C0C0
C0C0
C0C0
C0C0
C0C0
C0C0
3F00
3F00
ENDCHAR
STARTCHAR uniA780
ENCODING 42880
SWIDTH 667 0
DWIDTH 12 0
BBX 10 14 0 0
BITMAP
FFC0
FFC0
00C0
00C0
00C0
00C0
00C0
00C0
00C0
00C0
00C0
00C0
00C0
00C0
ENDCHAR
STARTCHAR uniA781
ENCODING 42881
SWIDTH 667 0
DWIDTH 12 0
BBX 4 14 2 -2
BITMAP
C0
C0
30
30
30
30
30
30
30
30
30
30
30
30
ENDCHAR
STARTCHAR uniA7A8
ENCODING 42920
SWIDTH 667 0
DWIDTH 12 0
BBX 12 14 0 0
BITMAP
3FC0
3FC0
C000
C000
3F30
3F30
03C0
03C0
0CC0
0CC0
C0C0
C0C0
3F00
3F00
ENDCHAR
STARTCHAR uniA7A9
ENCODING 42921
SWIDTH 667 0
DWIDTH 12 0
BBX 10 10 0 0
BITMAP
3FC0
3FC0
C300
C300
3F00
3F00
0CC0
0CC0
FF00
FF00
ENDCHAR
STARTCHAR uniA7AF
ENCODING 42927
SWIDTH 667 0
DWIDTH 12 0
BBX 10 10 0 0
BITMAP
3F00
3F00
C0C0
C0C0
C0C0
C0C0
C300
C300
3CC0
3CC0
ENDCHAR
STARTCHAR uniA7B0
ENCODING 42928
SWIDTH 667 0
DWIDTH 12 0
BBX 10 14 0 0
BITMAP
C0C0
C0C0
C0C0
C0C0
C0C0
C0C0
30C0
30C0
0FC0
0FC0
30C0
30C0
C0C0
C0C0
ENDCHAR
STARTCHAR uniEB40
ENCODING 60224
SWIDTH 667 0
DWIDTH 12 0
BBX 10 14 0 0
BITMAP
0F00
0F00
30C0
30C0
3000
3000
3000
3000
3000
3000
3000
3000
F000
F000
ENDCHAR
STARTCHAR uniEB41
ENCODING 60225
SWIDTH 667 0
DWIDTH 12 0
BBX 10 14 0 0
BITMAP
0C00
0C00
0C00
0C00
0C00
0C00
0C00
0C00
0300
0300
00C0
00C0
FFC0
FFC0
ENDCHAR
STARTCHAR uniEB42
ENCODING 60226
SWIDTH 667 0
DWIDTH 12 0
BBX 4 14 4 0
BITMAP
C0
C0
00
00
C0
C0
C0
C0
F0
F0
30
30
30
30
ENDCHAR
STARTCHAR uniEB43
ENCODING 60227
SWIDTH 667 0
DWIDTH 12 0
BBX 10 10 0 4
BITMAP
FFC0
FFC0
0000
0000
F000
F000
0C00
0C00
03C0
03C0
ENDCHAR
STARTCHAR uniEB44
ENCODING 60228
SWIDTH 667 0
DWIDTH 12 0
BBX 10 14 0 0
BITMAP
C0C0
C0C0
C000
C000
C000
C000
C000
C000
C000
C000
C000
C000
FFC0
FFC0
ENDCHAR
STARTCHAR uniEB45
ENCODING 60229
SWIDTH 667 0
DWIDTH 12 0
BBX 10 6 0 8
BITMAP
FFC0
FFC0
0000
0000
CCC0
CCC0
ENDCHAR
STARTCHAR uniEB46
ENCODING 60230
SWIDTH 667 0
DWIDTH 12 0
BBX 6 14 2 0
BITMAP
0C
0C
0C
0C
0C
0C
FC
FC
0C
0C
0C
0C
0C
0C
ENDCHAR
STARTCHAR uniEB47
ENCODING 60231
SWIDTH 667 0
DWIDTH 12 0
BBX 10 14 0 0
BITMAP
FFC0
FFC0
0000
0000
FFC0
FFC0
0C00
0C00
0C00
0C00
0C00
0C00
0C00
0C00
ENDCHAR
STARTCHAR uniEB48
ENCODING 60232
SWIDTH 667 0
DWIDTH 12 0
BBX 2 14 4 0
BITMAP
C0
C0
C0
C0
C0
C0
00
00
C0
C0
C0
C0
C0
C0
ENDCHAR
STARTCHAR uniEB49
ENCODING 60233
SWIDTH 667 0
DWIDTH 12 0
BBX 2 14 4 0
BITMAP
C0
C0
C0
C0
00
00
C0
C0
00
00
C0
C0
C0
C0
ENDCHAR
STARTCHAR uniEB4A
ENCODING 60234
SWIDTH 667 0
DWIDTH 12 0
BBX 10 14 0 0
BITMAP
0C00
0C00
0C00
0C00
0C00
0C00
CCC0
CCC0
0C00
0C00
0C00
0C00
0C00
0C00
ENDCHAR
STARTCHAR uniEB4B
ENCODING 60235
SWIDTH 667 0
DWIDTH 12 0
BBX 6 14 2 0
BITMAP
C0
C0
CC
CC
C0
C0
C0
C0
C0
C0
CC
CC
C0
C0
ENDCHAR
STARTCHAR uniEB4C
ENCODING 60236
SWIDTH 667 0
DWIDTH 12 0
BBX 10 14 0 0
BITMAP
C0C0
C0C0
00C0
00C0
00C0
00C0
00C0
00C0
00C0
00C0
00C0
00C0
FFC0
FFC0
ENDCHAR
STARTCHAR uniEB4D
ENCODING 60237
SWIDTH 667 0
DWIDTH 12 0
BBX 8 14 0 0
BITMAP
C3
C3
C3
C3
03
03
0C
0C
0C
0C
30
30
C0
C0
ENDCHAR
STARTCHAR uniEB4E
ENCODING 60238
SWIDTH 667 0
DWIDTH 12 0
BBX 8 14 0 0
BITMAP
FF
FF
03
03
03
03
0C
0C
0C
0C
30
30
C0
C0
ENDCHAR
STARTCHAR uniEB4F
ENCODING 60239
SWIDTH 667 0
DWIDTH 12 0
BBX 6 14 2 0
BITMAP
CC
CC
0C
0C
CC
CC
CC
CC
CC
CC
C0
C0
CC
CC
ENDCHAR
STARTCHAR uniEB50
ENCODING 60240
SWIDTH 667 0
DWIDTH 12 0
BBX 10 14 0 0
BITMAP
0C00
0C00
0000
0000
FFC0
FFC0
00C0
00C0
00C0
00C0
00C0
00C0
FFC0
FFC0
ENDCHAR
STARTCHAR uniEB51
ENCODING 60241
SWIDTH 667 0
DWIDTH 12 0
BBX 8 14 0 0
BITMAP
C3
C3
00
00
00
00
00
00
00
00
00
00
C3
C3
ENDCHAR
STARTCHAR uniEB52
ENCODING 60242
SWIDTH 667 0
DWIDTH 12 0
BBX 4 14 2 0
BITMAP
C0
C0
C0
C0
C0
C0
F0
F0
30
30
30
30
30
30
ENDCHAR
STARTCHAR uniEB53
ENCODING 60243
SWIDTH 667 0
DWIDTH 12 0
BBX 10 14 0 0
BITMAP
FFC0
FFC0
00C0
00C0
00C0
00C0
00C0
00C0
00C0
00C0
0000
0000
00C0
00C0
ENDCHAR
STARTCHAR uniEB54
ENCODING 60244
SWIDTH 667 0
DWIDTH 12 0
BBX 10 6 0 4
BITMAP
3300
3300
0000
0000
FFC0
FFC0
ENDCHAR
STARTCHAR uniEB55
ENCODING 60245
SWIDTH 667 0
DWIDTH 12 0
BBX 10 14 0 0
BITMAP
0C00
0C00
0C00
0C00
0C00
0C00
0C00
0C00
FFC0
FFC0
0000
0000
FFC0
FFC0
ENDCHAR
STARTCHAR uniEB56
ENCODING 60246
SWIDTH 667 0
DWIDTH 12 0
BBX 10 8 0 2
BITMAP
0C00
0C00
0000
0000
0000
0000
C0C0
C0C0
ENDCHAR
STARTCHAR uniEB57
ENCODING 60247
SWIDTH 667 0
DWIDTH 12 0
BBX 10 14 0 0
BITMAP
C0C0
C0C0
0300
0300
0300
0300
0C00
0C00
3000
3000
3000
3000
C000
C000
ENDCHAR
STARTCHAR uniEB58
ENCODING 60248
SWIDTH 667 0
DWIDTH 12 0
BBX 6 14 2 0
BITMAP
CC
CC
CC
CC
CC
CC
CC
CC
CC
CC
CC
CC
CC
CC
ENDCHAR
STARTCHAR uniEB59
ENCODING 60249
SWIDTH 667 0
DWIDTH 12 0
BBX 10 14 0 0
BITMAP
0C00
0C00
3300
3300
C0C0
C0C0
C0C0
C0C0
C0C0
C0C0
C0C0
C0C0
C0C0
C0C0
ENDCHAR
STARTCHAR uniFB00
ENCODING 64256
SWIDTH 667 0
DWIDTH 12 0
BBX 14 14 0 0
BITMAP
0F3C
0F3C
30C0
30C0
FFFC
FFFC
30C0
30C0
30C0
30C0
30C0
30C0
30C0
30C0
ENDCHAR
STARTCHAR uniFB01
ENCODING 64257
SWIDTH 667 0
DWIDTH 12 0
BBX 10 14 0 0
BITMAP
0FC0
0FC0
3000
3000
FFC0
FFC0
30C0
30C0
30C0
30C0
30C0
30C0
30C0
30C0
ENDCHAR
STARTCHAR uniFB02
ENCODING 64258
SWIDTH 667 0
DWIDTH 12 0
BBX 12 14 0 0
BITMAP
0FC0
0FC0
30C0
30C0
FFC0
FFC0
30C0
30C0
30C0
30C0
30C0
30C0
3030
3030
ENDCHAR
STARTCHAR uniFB03
ENCODING 64259
SWIDTH 667 0
DWIDTH 12 0
BBX 16 14 0 0
BITMAP
0F3F
0F3F
30C0
30C0
FFFF
FFFF
30C3
30C3
30C3
30C3
30C3
30C3
30C3
30C3
ENDCHAR
STARTCHAR uniFB05
ENCODING 64261
SWIDTH 667 0
DWIDTH 12 0
BBX 10 14 0 0
BITMAP
3F00
3F00
C300
C300
CFC0
CFC0
C300
C300
C300
C300
C300
C300
C0C0
C0C0
ENDCHAR
STARTCHAR uniFB1D
ENCODING 64285
SWIDTH 667 0
DWIDTH 12 0
BBX 2 8 4 2
BITMAP
C0
C0
C0
C0
00
00
C0
C0
ENDCHAR
STARTCHAR uniFB1F
ENCODING 64287
SWIDTH 667 0
DWIDTH 12 0
BBX 6 8 2 2
BITMAP
CC
CC
CC
CC
00
00
FC
FC
ENDCHAR
STARTCHAR uniFB2B
ENCODING 64299
SWIDTH 667 0
DWIDTH 12 0
BBX 10 14 0 0
BITMAP
C000
C000
0000
0000
CCC0
CCC0
CCC0
CCC0
F0C0
F0C0
C0C0
C0C0
3FC0
3FC0
ENDCHAR
STARTCHAR uniFB31
ENCODING 64305
SWIDTH 667 0
DWIDTH 12 0
BBX 10 10 0 0
BITMAP
FC00
FC00
0300
0300
3300
3300
0300
0300
FFC0
FFC0
ENDCHAR
STARTCHAR uniFB35
ENCODING 64309
SWIDTH 667 0
DWIDTH 12 0
BBX 6 10 2 0
BITMAP
0C
0C
0C
0C
CC
CC
0C
0C
0C
0C
ENDCHAR
STARTCHAR uniFB3B
ENCODING 64315
SWIDTH 667 0
DWIDTH 12 0
BBX 8 10 0 0
BITMAP
FC
FC
03
03
33
33
03
03
FC
FC
ENDCHAR
STARTCHAR uniFB44
ENCODING 64324
SWIDTH 667 0
DWIDTH 12 0
BBX 10 10 0 0
BITMAP
FF00
FF00
C0C0
C0C0
CCC0
CCC0
00C0
00C0
FF00
FF00
ENDCHAR
STARTCHAR uniFB4A
ENCODING 64330
SWIDTH 667 0
DWIDTH 12 0
BBX 10 10 0 0
BITMAP
FF00
FF00
30C0
30C0
3CC0
3CC0
30C0
30C0
F0C0
F0C0
ENDCHAR
STARTCHAR uniFB4B
ENCODING 64331
SWIDTH 667 0
DWIDTH 12 0
BBX 4 14 2 0
BITMAP
30
30
00
00
C0
C0
C0
C0
C0
C0
C0
C0
C0
C0
ENDCHAR
STARTCHAR uniFB4C
ENCODING 64332
SWIDTH 667 0
DWIDTH 12 0
BBX 10 14 0 0
BITMAP
FC00
FC00
0000
0000
FC00
FC00
0300
0300
0300
0300
0300
0300
FFC0
FFC0
ENDCHAR
STARTCHAR uniFB4E
ENCODING 64334
SWIDTH 667 0
DWIDTH 12 0
BBX 10 14 0 0
BITMAP
3F00
3F00
0000
0000
FF00
FF00
C0C0
C0C0
FCC0
FCC0
00C0
00C0
FF00
FF00
ENDCHAR
STARTCHAR uniFF0B
ENCODING 65291
SWIDTH 667 0
DWIDTH 12 0
BBX 10 10 0 0
BITMAP
0C00
0C00
0C00
0C00
FFC0
FFC0
0C00
0C00
0C00
0C00
ENDCHAR
STARTCHAR uniFFFD
ENCODING 65533
SWIDTH 667 0
DWIDTH 12 0
BBX 14 16 0 -2
BITMAP
0300
0300
0FC0
0FC0
3030
3030
FF3C
FF3C
FCFC
FCFC
3FF0
3FF0
0CC0
0CC0
0300
0300
ENDCHAR
ENDFONT
