STARTFONT 2.1
FONT PixeloidSans-Bold-9px
SIZE 9 75 75
FONTBOUNDINGBOX 15 11 -2 -2
STARTPROPERTIES 3
PIXEL_SIZE 9
FONT_ASCENT 9
FONT_DESCENT 2
ENDPROPERTIES
CHARS 1027
STARTCHAR uni0020
ENCODING 32
SWIDTH 444 0
DWIDTH 4 0
BBX 1 1 0 0
BITMAP
00
ENDCHAR
STARTCHAR uni0021
ENCODING 33
SWIDTH 333 0
DWIDTH 3 0
BBX 2 7 0 0
BITMAP
C0
C0
C0
C0
C0
00
C0
ENDCHAR
STARTCHAR uni0022
ENCODING 34
SWIDTH 667 0
DWIDTH 6 0
BBX 5 2 0 5
BITMAP
D8
D8
ENDCHAR
STARTCHAR uni0023
ENCODING 35
SWIDTH 889 0
DWIDTH 8 0
BBX 7 7 0 0
BITMAP
6C
FE
6C
6C
6C
FE
6C
ENDCHAR
STARTCHAR uni0024
ENCODING 36
SWIDTH 889 0
DWIDTH 8 0
BBX 7 9 0 -1
BITMAP
10
7C
D6
D0
7C
16
D6
7C
10
ENDCHAR
STARTCHAR uni0025
ENCODING 37
SWIDTH 778 0
DWIDTH 7 0
BBX 6 7 0 0
BITMAP
CC
CC
18
30
60
CC
CC
ENDCHAR
STARTCHAR uni0026
ENCODING 38
SWIDTH 889 0
DWIDTH 8 0
BBX 7 7 0 0
BITMAP
70
D8
D8
70
DE
CC
7A
ENDCHAR
STARTCHAR uni0027
ENCODING 39
SWIDTH 333 0
DWIDTH 3 0
BBX 2 2 0 5
BITMAP
C0
C0
ENDCHAR
STARTCHAR uni0028
ENCODING 40
SWIDTH 556 0
DWIDTH 5 0
BBX 4 8 0 -1
BITMAP
30
60
C0
C0
C0
C0
60
30
ENDCHAR
STARTCHAR uni0029
ENCODING 41
SWIDTH 556 0
DWIDTH 5 0
BBX 4 8 0 -1
BITMAP
C0
60
30
30
30
30
60
C0
ENDCHAR
STARTCHAR uni002A
ENCODING 42
SWIDTH 667 0
DWIDTH 6 0
BBX 5 3 0 4
BITMAP
D8
70
D8
ENDCHAR
STARTCHAR uni002B
ENCODING 43
SWIDTH 556 0
DWIDTH 5 0
BBX 4 3 0 2
BITMAP
60
F0
60
ENDCHAR
STARTCHAR uni002C
ENCODING 44
SWIDTH 333 0
DWIDTH 3 0
BBX 2 2 0 -1
BITMAP
C0
C0
ENDCHAR
STARTCHAR uni002D
ENCODING 45
SWIDTH 556 0
DWIDTH 5 0
BBX 4 1 0 3
BITMAP
F0
ENDCHAR
STARTCHAR uni002E
ENCODING 46
SWIDTH 333 0
DWIDTH 3 0
BBX 2 1 0 0
BITMAP
C0
ENDCHAR
STARTCHAR uni002F
ENCODING 47
SWIDTH 778 0
DWIDTH 7 0
BBX 6 7 0 0
BITMAP
0C
0C
18
30
60
C0
C0
ENDCHAR
STARTCHAR uni0030
ENCODING 48
SWIDTH 778 0
DWIDTH 7 0
BBX 6 7 0 0
BITMAP
78
CC
CC
CC
CC
CC
78
ENDCHAR
STARTCHAR uni0031
ENCODING 49
SWIDTH 778 0
DWIDTH 7 0
BBX 6 7 0 0
BITMAP
F0
30
30
30
30
30
FC
ENDCHAR
STARTCHAR uni0032
ENCODING 50
SWIDTH 778 0
DWIDTH 7 0
BBX 6 7 0 0
BITMAP
78
CC
0C
18
30
60
FC
ENDCHAR
STARTCHAR uni0033
ENCODING 51
SWIDTH 778 0
DWIDTH 7 0
BBX 6 7 0 0
BITMAP
78
CC
0C
38
0C
CC
78
ENDCHAR
STARTCHAR uni0034
ENCODING 52
SWIDTH 778 0
DWIDTH 7 0
BBX 6 7 0 0
BITMAP
18
38
68
C8
FC
18
18
ENDCHAR
STARTCHAR uni0035
ENCODING 53
SWIDTH 778 0
DWIDTH 7 0
BBX 6 7 0 0
BITMAP
FC
C0
C0
F8
0C
CC
78
ENDCHAR
STARTCHAR uni0036
ENCODING 54
SWIDTH 778 0
DWIDTH 7 0
BBX 6 7 0 0
BITMAP
78
CC
C0
F8
CC
CC
78
ENDCHAR
STARTCHAR uni0037
ENCODING 55
SWIDTH 778 0
DWIDTH 7 0
BBX 6 7 0 0
BITMAP
FC
0C
0C
18
30
60
C0
ENDCHAR
STARTCHAR uni0038
ENCODING 56
SWIDTH 778 0
DWIDTH 7 0
BBX 6 7 0 0
BITMAP
78
CC
CC
78
CC
CC
78
ENDCHAR
STARTCHAR uni0039
ENCODING 57
SWIDTH 778 0
DWIDTH 7 0
BBX 6 7 0 0
BITMAP
78
CC
CC
7C
0C
CC
78
ENDCHAR
STARTCHAR uni003A
ENCODING 58
SWIDTH 333 0
DWIDTH 3 0
BBX 2 5 0 0
BITMAP
C0
00
00
00
C0
ENDCHAR
STARTCHAR uni003B
ENCODING 59
SWIDTH 333 0
DWIDTH 3 0
BBX 2 6 0 -1
BITMAP
C0
00
00
00
C0
C0
ENDCHAR
STARTCHAR uni003C
ENCODING 60
SWIDTH 556 0
DWIDTH 5 0
BBX 4 5 0 1
BITMAP
30
60
C0
60
30
ENDCHAR
STARTCHAR uni003D
ENCODING 61
SWIDTH 556 0
DWIDTH 5 0
BBX 4 3 0 2
BITMAP
F0
00
F0
ENDCHAR
STARTCHAR uni003E
ENCODING 62
SWIDTH 556 0
DWIDTH 5 0
BBX 4 5 0 1
BITMAP
C0
60
30
60
C0
ENDCHAR
STARTCHAR uni003F
ENCODING 63
SWIDTH 778 0
DWIDTH 7 0
BBX 6 7 0 0
BITMAP
78
CC
0C
18
30
00
30
ENDCHAR
STARTCHAR uni0040
ENCODING 64
SWIDTH 778 0
DWIDTH 7 0
BBX 6 7 0 0
BITMAP
FC
CC
DC
DC
C0
C0
FC
ENDCHAR
STARTCHAR uni0041
ENCODING 65
SWIDTH 778 0
DWIDTH 7 0
BBX 6 7 0 0
BITMAP
30
78
48
CC
FC
CC
CC
ENDCHAR
STARTCHAR uni0042
ENCODING 66
SWIDTH 778 0
DWIDTH 7 0
BBX 6 7 0 0
BITMAP
F8
CC
CC
F8
CC
CC
F8
ENDCHAR
STARTCHAR uni0043
ENCODING 67
SWIDTH 778 0
DWIDTH 7 0
BBX 6 7 0 0
BITMAP
78
CC
C0
C0
C0
CC
78
ENDCHAR
STARTCHAR uni0044
ENCODING 68
SWIDTH 778 0
DWIDTH 7 0
BBX 6 7 0 0
BITMAP
F0
D8
CC
CC
CC
D8
F0
ENDCHAR
STARTCHAR uni0045
ENCODING 69
SWIDTH 778 0
DWIDTH 7 0
BBX 6 7 0 0
BITMAP
FC
C0
C0
F8
C0
C0
FC
ENDCHAR
STARTCHAR uni0046
ENCODING 70
SWIDTH 778 0
DWIDTH 7 0
BBX 6 7 0 0
BITMAP
FC
C0
C0
F8
C0
C0
C0
ENDCHAR
STARTCHAR uni0047
ENCODING 71
SWIDTH 778 0
DWIDTH 7 0
BBX 6 7 0 0
BITMAP
78
C0
C0
DC
CC
CC
7C
ENDCHAR
STARTCHAR uni0048
ENCODING 72
SWIDTH 778 0
DWIDTH 7 0
BBX 6 7 0 0
BITMAP
CC
CC
CC
FC
CC
CC
CC
ENDCHAR
STARTCHAR uni0049
ENCODING 73
SWIDTH 556 0
DWIDTH 5 0
BBX 4 7 0 0
BITMAP
F0
60
60
60
60
60
F0
ENDCHAR
STARTCHAR uni004A
ENCODING 74
SWIDTH 667 0
DWIDTH 6 0
BBX 5 7 0 0
BITMAP
18
18
18
18
D8
D8
70
ENDCHAR
STARTCHAR uni004B
ENCODING 75
SWIDTH 778 0
DWIDTH 7 0
BBX 6 7 0 0
BITMAP
CC
D8
F0
E0
F0
D8
CC
ENDCHAR
STARTCHAR uni004C
ENCODING 76
SWIDTH 778 0
DWIDTH 7 0
BBX 6 7 0 0
BITMAP
C0
C0
C0
C0
C0
C0
FC
ENDCHAR
STARTCHAR uni004D
ENCODING 77
SWIDTH 1000 0
DWIDTH 9 0
BBX 8 7 0 0
BITMAP
C3
E7
FF
DB
C3
C3
C3
ENDCHAR
STARTCHAR uni004E
ENCODING 78
SWIDTH 889 0
DWIDTH 8 0
BBX 7 7 0 0
BITMAP
E6
F6
F6
DE
DE
CE
C6
ENDCHAR
STARTCHAR uni004F
ENCODING 79
SWIDTH 778 0
DWIDTH 7 0
BBX 6 7 0 0
BITMAP
78
CC
CC
CC
CC
CC
78
ENDCHAR
STARTCHAR uni0050
ENCODING 80
SWIDTH 778 0
DWIDTH 7 0
BBX 6 7 0 0
BITMAP
F8
CC
CC
F8
C0
C0
C0
ENDCHAR
STARTCHAR uni0051
ENCODING 81
SWIDTH 778 0
DWIDTH 7 0
BBX 6 7 0 0
BITMAP
78
CC
CC
CC
DC
D8
6C
ENDCHAR
STARTCHAR uni0052
ENCODING 82
SWIDTH 778 0
DWIDTH 7 0
BBX 6 7 0 0
BITMAP
F8
CC
CC
F8
F0
D8
CC
ENDCHAR
STARTCHAR uni0053
ENCODING 83
SWIDTH 778 0
DWIDTH 7 0
BBX 6 7 0 0
BITMAP
78
CC
C0
78
0C
CC
78
ENDCHAR
STARTCHAR uni0054
ENCODING 84
SWIDTH 778 0
DWIDTH 7 0
BBX 6 7 0 0
BITMAP
FC
30
30
30
30
30
30
ENDCHAR
STARTCHAR uni0055
ENCODING 85
SWIDTH 778 0
DWIDTH 7 0
BBX 6 7 0 0
BITMAP
CC
CC
CC
CC
CC
CC
78
ENDCHAR
STARTCHAR uni0056
ENCODING 86
SWIDTH 778 0
DWIDTH 7 0
BBX 6 7 0 0
BITMAP
CC
CC
CC
78
78
30
30
ENDCHAR
STARTCHAR uni0057
ENCODING 87
SWIDTH 1000 0
DWIDTH 9 0
BBX 8 7 0 0
BITMAP
C3
DB
DB
FF
FF
66
66
ENDCHAR
STARTCHAR uni0058
ENCODING 88
SWIDTH 778 0
DWIDTH 7 0
BBX 6 7 0 0
BITMAP
CC
CC
78
30
78
CC
CC
ENDCHAR
STARTCHAR uni0059
ENCODING 89
SWIDTH 778 0
DWIDTH 7 0
BBX 6 7 0 0
BITMAP
CC
CC
CC
78
30
30
30
ENDCHAR
STARTCHAR uni005A
ENCODING 90
SWIDTH 778 0
DWIDTH 7 0
BBX 6 7 0 0
BITMAP
FC
0C
18
30
60
C0
FC
ENDCHAR
STARTCHAR uni005B
ENCODING 91
SWIDTH 667 0
DWIDTH 6 0
BBX 5 8 0 -1
BITMAP
F8
C0
C0
C0
C0
C0
C0
F8
ENDCHAR
STARTCHAR uni005C
ENCODING 92
SWIDTH 778 0
DWIDTH 7 0
BBX 6 7 0 0
BITMAP
C0
C0
60
30
18
0C
0C
ENDCHAR
STARTCHAR uni005D
ENCODING 93
SWIDTH 667 0
DWIDTH 6 0
BBX 5 8 0 -1
BITMAP
F8
18
18
18
18
18
18
F8
ENDCHAR
STARTCHAR uni005E
ENCODING 94
SWIDTH 778 0
DWIDTH 7 0
BBX 6 3 0 4
BITMAP
30
78
CC
ENDCHAR
STARTCHAR uni005F
ENCODING 95
SWIDTH 556 0
DWIDTH 5 0
BBX 4 1 0 -1
BITMAP
F0
ENDCHAR
STARTCHAR uni0060
ENCODING 96
SWIDTH 778 0
DWIDTH 7 0
BBX 2 2 1 7
BITMAP
80
40
ENDCHAR
STARTCHAR uni0061
ENCODING 97
SWIDTH 778 0
DWIDTH 7 0
BBX 6 5 0 0
BITMAP
7C
CC
CC
CC
7C
ENDCHAR
STARTCHAR uni0062
ENCODING 98
SWIDTH 778 0
DWIDTH 7 0
BBX 6 7 0 0
BITMAP
C0
C0
F8
CC
CC
CC
F8
ENDCHAR
STARTCHAR uni0063
ENCODING 99
SWIDTH 778 0
DWIDTH 7 0
BBX 6 5 0 0
BITMAP
78
CC
C0
CC
78
ENDCHAR
STARTCHAR uni0064
ENCODING 100
SWIDTH 778 0
DWIDTH 7 0
BBX 6 7 0 0
BITMAP
0C
0C
7C
CC
CC
CC
7C
ENDCHAR
STARTCHAR uni0065
ENCODING 101
SWIDTH 778 0
DWIDTH 7 0
BBX 6 5 0 0
BITMAP
78
CC
FC
C0
7C
ENDCHAR
STARTCHAR uni0066
ENCODING 102
SWIDTH 556 0
DWIDTH 5 0
BBX 4 7 0 0
BITMAP
70
60
F0
60
60
60
60
ENDCHAR
STARTCHAR uni0067
ENCODING 103
SWIDTH 778 0
DWIDTH 7 0
BBX 6 7 0 -2
BITMAP
7C
CC
CC
CC
7C
0C
7C
ENDCHAR
STARTCHAR uni0068
ENCODING 104
SWIDTH 778 0
DWIDTH 7 0
BBX 6 7 0 0
BITMAP
C0
C0
F8
CC
CC
CC
CC
ENDCHAR
STARTCHAR uni0069
ENCODING 105
SWIDTH 333 0
DWIDTH 3 0
BBX 2 7 0 0
BITMAP
C0
00
C0
C0
C0
C0
C0
ENDCHAR
STARTCHAR uni006A
ENCODING 106
SWIDTH 667 0
DWIDTH 6 0
BBX 5 8 0 -1
BITMAP
18
00
18
18
18
18
D8
70
ENDCHAR
STARTCHAR uni006B
ENCODING 107
SWIDTH 667 0
DWIDTH 6 0
BBX 5 7 0 0
BITMAP
C0
C0
D8
F0
E0
F0
D8
ENDCHAR
STARTCHAR uni006C
ENCODING 108
SWIDTH 333 0
DWIDTH 3 0
BBX 2 7 0 0
BITMAP
C0
C0
C0
C0
C0
C0
C0
ENDCHAR
STARTCHAR uni006D
ENCODING 109
SWIDTH 1000 0
DWIDTH 9 0
BBX 8 5 0 0
BITMAP
FE
DB
DB
DB
DB
ENDCHAR
STARTCHAR uni006E
ENCODING 110
SWIDTH 778 0
DWIDTH 7 0
BBX 6 5 0 0
BITMAP
F8
CC
CC
CC
CC
ENDCHAR
STARTCHAR uni006F
ENCODING 111
SWIDTH 778 0
DWIDTH 7 0
BBX 6 5 0 0
BITMAP
78
CC
CC
CC
78
ENDCHAR
STARTCHAR uni0070
ENCODING 112
SWIDTH 778 0
DWIDTH 7 0
BBX 6 7 0 -2
BITMAP
F8
CC
CC
CC
F8
C0
C0
ENDCHAR
STARTCHAR uni0071
ENCODING 113
SWIDTH 778 0
DWIDTH 7 0
BBX 6 7 0 -2
BITMAP
7C
CC
CC
CC
7C
0C
0C
ENDCHAR
STARTCHAR uni0072
ENCODING 114
SWIDTH 667 0
DWIDTH 6 0
BBX 5 5 0 0
BITMAP
D8
F0
E0
C0
C0
ENDCHAR
STARTCHAR uni0073
ENCODING 115
SWIDTH 778 0
DWIDTH 7 0
BBX 6 5 0 0
BITMAP
FC
C0
FC
0C
FC
ENDCHAR
STARTCHAR uni0074
ENCODING 116
SWIDTH 556 0
DWIDTH 5 0
BBX 4 7 0 0
BITMAP
60
60
F0
60
60
60
70
ENDCHAR
STARTCHAR uni0075
ENCODING 117
SWIDTH 778 0
DWIDTH 7 0
BBX 6 5 0 0
BITMAP
CC
CC
CC
CC
78
ENDCHAR
STARTCHAR uni0076
ENCODING 118
SWIDTH 778 0
DWIDTH 7 0
BBX 6 5 0 0
BITMAP
CC
CC
CC
78
30
ENDCHAR
STARTCHAR uni0077
ENCODING 119
SWIDTH 1000 0
DWIDTH 9 0
BBX 8 5 0 0
BITMAP
C3
DB
DB
FF
66
ENDCHAR
STARTCHAR uni0078
ENCODING 120
SWIDTH 778 0
DWIDTH 7 0
BBX 6 5 0 0
BITMAP
CC
78
30
78
CC
ENDCHAR
STARTCHAR uni0079
ENCODING 121
SWIDTH 778 0
DWIDTH 7 0
BBX 6 7 0 -2
BITMAP
CC
CC
78
78
30
30
E0
ENDCHAR
STARTCHAR uni007A
ENCODING 122
SWIDTH 778 0
DWIDTH 7 0
BBX 6 5 0 0
BITMAP
FC
0C
FC
C0
FC
ENDCHAR
STARTCHAR uni007B
ENCODING 123
SWIDTH 667 0
DWIDTH 6 0
BBX 5 8 0 -1
BITMAP
38
60
60
E0
E0
60
60
38
ENDCHAR
STARTCHAR uni007C
ENCODING 124
SWIDTH 333 0
DWIDTH 3 0
BBX 2 8 0 -1
BITMAP
C0
C0
C0
C0
C0
C0
C0
C0
ENDCHAR
STARTCHAR uni007D
ENCODING 125
SWIDTH 667 0
DWIDTH 6 0
BBX 5 8 0 -1
BITMAP
E0
30
30
38
38
30
30
E0
ENDCHAR
STARTCHAR uni007E
ENCODING 126
SWIDTH 889 0
DWIDTH 8 0
BBX 7 3 0 2
BITMAP
60
D6
0C
ENDCHAR
STARTCHAR uni00A0
ENCODING 160
SWIDTH 444 0
DWIDTH 4 0
BBX 1 1 0 0
BITMAP
00
ENDCHAR
STARTCHAR uni00A1
ENCODING 161
SWIDTH 333 0
DWIDTH 3 0
BBX 2 7 0 -1
BITMAP
C0
00
C0
C0
C0
C0
C0
ENDCHAR
STARTCHAR uni00A2
ENCODING 162
SWIDTH 889 0
DWIDTH 8 0
BBX 7 7 0 -1
BITMAP
10
7C
D6
D0
D6
7C
10
ENDCHAR
STARTCHAR uni00A3
ENCODING 163
SWIDTH 778 0
DWIDTH 7 0
BBX 6 7 0 0
BITMAP
38
6C
60
F0
60
60
FC
ENDCHAR
STARTCHAR uni00A4
ENCODING 164
SWIDTH 889 0
DWIDTH 8 0
BBX 7 5 0 1
BITMAP
C6
7C
6C
7C
C6
ENDCHAR
STARTCHAR uni00A5
ENCODING 165
SWIDTH 778 0
DWIDTH 7 0
BBX 6 7 0 0
BITMAP
CC
78
30
FC
30
FC
30
ENDCHAR
STARTCHAR uni00A6
ENCODING 166
SWIDTH 333 0
DWIDTH 3 0
BBX 2 8 0 -1
BITMAP
C0
C0
C0
00
00
C0
C0
C0
ENDCHAR
STARTCHAR uni00A7
ENCODING 167
SWIDTH 778 0
DWIDTH 7 0
BBX 6 9 0 -1
BITMAP
78
CC
C0
78
CC
78
0C
CC
78
ENDCHAR
STARTCHAR uni00A8
ENCODING 168
SWIDTH 778 0
DWIDTH 7 0
BBX 4 1 1 8
BITMAP
90
ENDCHAR
STARTCHAR uni00A9
ENCODING 169
SWIDTH 1111 0
DWIDTH 10 0
BBX 9 7 0 0
BITMAP
7F00
C180
DD80
D180
DD80
C180
7F00
ENDCHAR
STARTCHAR uni00AA
ENCODING 170
SWIDTH 778 0
DWIDTH 7 0
BBX 6 5 0 2
BITMAP
78
0C
7C
CC
7C
ENDCHAR
STARTCHAR uni00AB
ENCODING 171
SWIDTH 889 0
DWIDTH 8 0
BBX 7 5 0 0
BITMAP
36
6C
D8
6C
36
ENDCHAR
STARTCHAR uni00AC
ENCODING 172
SWIDTH 556 0
DWIDTH 5 0
BBX 4 3 0 1
BITMAP
F0
30
30
ENDCHAR
STARTCHAR uni00AD
ENCODING 173
SWIDTH 556 0
DWIDTH 5 0
BBX 4 1 0 3
BITMAP
F0
ENDCHAR
STARTCHAR uni00AE
ENCODING 174
SWIDTH 1111 0
DWIDTH 10 0
BBX 9 7 0 0
BITMAP
7F00
C180
D980
D980
D580
C180
7F00
ENDCHAR
STARTCHAR uni00AF
ENCODING 175
SWIDTH 778 0
DWIDTH 7 0
BBX 4 1 1 8
BITMAP
F0
ENDCHAR
STARTCHAR uni00B0
ENCODING 176
SWIDTH 667 0
DWIDTH 6 0
BBX 5 4 0 3
BITMAP
70
D8
D8
70
ENDCHAR
STARTCHAR uni00B1
ENCODING 177
SWIDTH 556 0
DWIDTH 5 0
BBX 4 5 0 0
BITMAP
60
F0
60
00
F0
ENDCHAR
STARTCHAR uni00B2
ENCODING 178
SWIDTH 778 0
DWIDTH 7 0
BBX 6 5 0 2
BITMAP
F0
18
30
60
FC
ENDCHAR
STARTCHAR uni00B3
ENCODING 179
SWIDTH 778 0
DWIDTH 7 0
BBX 6 5 0 2
BITMAP
F8
0C
78
0C
F8
ENDCHAR
STARTCHAR uni00B4
ENCODING 180
SWIDTH 778 0
DWIDTH 7 0
BBX 2 2 3 7
BITMAP
40
80
ENDCHAR
STARTCHAR uni00B5
ENCODING 181
SWIDTH 778 0
DWIDTH 7 0
BBX 6 7 0 -2
BITMAP
CC
CC
CC
CC
F8
C0
C0
ENDCHAR
STARTCHAR uni00B6
ENCODING 182
SWIDTH 889 0
DWIDTH 8 0
BBX 7 8 0 -1
BITMAP
7E
F6
F6
76
36
36
36
36
ENDCHAR
STARTCHAR uni00B7
ENCODING 183
SWIDTH 333 0
DWIDTH 3 0
BBX 2 1 0 3
BITMAP
C0
ENDCHAR
STARTCHAR uni00B8
ENCODING 184
SWIDTH 778 0
DWIDTH 7 0
BBX 2 2 1 -2
BITMAP
40
80
ENDCHAR
STARTCHAR uni00B9
ENCODING 185
SWIDTH 778 0
DWIDTH 7 0
BBX 6 5 0 2
BITMAP
F0
30
30
30
FC
ENDCHAR
STARTCHAR uni00BA
ENCODING 186
SWIDTH 778 0
DWIDTH 7 0
BBX 6 5 0 2
BITMAP
78
CC
CC
CC
78
ENDCHAR
STARTCHAR uni00BB
ENCODING 187
SWIDTH 889 0
DWIDTH 8 0
BBX 7 5 0 0
BITMAP
D8
6C
36
6C
D8
ENDCHAR
STARTCHAR uni00BC
ENCODING 188
SWIDTH 667 0
DWIDTH 6 0
BBX 5 9 0 -1
BITMAP
C0
40
E0
00
F8
00
28
38
08
ENDCHAR
STARTCHAR uni00BD
ENCODING 189
SWIDTH 667 0
DWIDTH 6 0
BBX 5 9 0 -1
BITMAP
C0
40
E0
00
F8
00
30
10
18
ENDCHAR
STARTCHAR uni00BE
ENCODING 190
SWIDTH 667 0
DWIDTH 6 0
BBX 5 9 0 -1
BITMAP
E0
60
E0
00
F8
00
28
38
08
ENDCHAR
STARTCHAR uni00BF
ENCODING 191
SWIDTH 778 0
DWIDTH 7 0
BBX 6 7 0 -1
BITMAP
30
00
30
60
C0
CC
78
ENDCHAR
STARTCHAR uni00C0
ENCODING 192
SWIDTH 778 0
DWIDTH 7 0
BBX 6 9 0 0
BITMAP
40
20
30
78
48
CC
FC
CC
CC
ENDCHAR
STARTCHAR uni00C1
ENCODING 193
SWIDTH 778 0
DWIDTH 7 0
BBX 6 9 0 0
BITMAP
08
10
30
78
48
CC
FC
CC
CC
ENDCHAR
STARTCHAR uni00C2
ENCODING 194
SWIDTH 778 0
DWIDTH 7 0
BBX 6 9 0 0
BITMAP
30
48
30
78
48
CC
FC
CC
CC
ENDCHAR
STARTCHAR uni00C3
ENCODING 195
SWIDTH 778 0
DWIDTH 7 0
BBX 6 9 0 0
BITMAP
28
50
30
78
48
CC
FC
CC
CC
ENDCHAR
STARTCHAR uni00C4
ENCODING 196
SWIDTH 778 0
DWIDTH 7 0
BBX 6 9 0 0
BITMAP
48
00
30
78
48
CC
FC
CC
CC
ENDCHAR
STARTCHAR uni00C5
ENCODING 197
SWIDTH 778 0
DWIDTH 7 0
BBX 6 9 0 0
BITMAP
30
48
30
78
48
CC
FC
CC
CC
ENDCHAR
STARTCHAR uni00C6
ENCODING 198
SWIDTH 889 0
DWIDTH 8 0
BBX 7 7 0 0
BITMAP
7E
D8
D8
FE
D8
D8
DE
ENDCHAR
STARTCHAR uni00C7
ENCODING 199
SWIDTH 778 0
DWIDTH 7 0
BBX 6 9 0 -2
BITMAP
78
CC
C0
C0
C0
CC
78
20
40
ENDCHAR
STARTCHAR uni00C8
ENCODING 200
SWIDTH 778 0
DWIDTH 7 0
BBX 6 9 0 0
BITMAP
40
20
FC
C0
C0
F8
C0
C0
FC
ENDCHAR
STARTCHAR uni00C9
ENCODING 201
SWIDTH 778 0
DWIDTH 7 0
BBX 6 9 0 0
BITMAP
08
10
FC
C0
C0
F8
C0
C0
FC
ENDCHAR
STARTCHAR uni00CA
ENCODING 202
SWIDTH 778 0
DWIDTH 7 0
BBX 6 9 0 0
BITMAP
30
48
FC
C0
C0
F8
C0
C0
FC
ENDCHAR
STARTCHAR uni00CB
ENCODING 203
SWIDTH 778 0
DWIDTH 7 0
BBX 6 9 0 0
BITMAP
48
00
FC
C0
C0
F8
C0
C0
FC
ENDCHAR
STARTCHAR uni00CC
ENCODING 204
SWIDTH 556 0
DWIDTH 5 0
BBX 4 9 0 0
BITMAP
80
40
F0
60
60
60
60
60
F0
ENDCHAR
STARTCHAR uni00CD
ENCODING 205
SWIDTH 556 0
DWIDTH 5 0
BBX 4 9 0 0
BITMAP
10
20
F0
60
60
60
60
60
F0
ENDCHAR
STARTCHAR uni00CE
ENCODING 206
SWIDTH 556 0
DWIDTH 5 0
BBX 4 9 0 0
BITMAP
60
90
F0
60
60
60
60
60
F0
ENDCHAR
STARTCHAR uni00CF
ENCODING 207
SWIDTH 556 0
DWIDTH 5 0
BBX 4 9 0 0
BITMAP
90
00
F0
60
60
60
60
60
F0
ENDCHAR
STARTCHAR uni00D0
ENCODING 208
SWIDTH 778 0
DWIDTH 7 0
BBX 7 7 -1 0
BITMAP
78
6C
66
F6
66
6C
78
ENDCHAR
STARTCHAR uni00D1
ENCODING 209
SWIDTH 889 0
DWIDTH 8 0
BBX 7 9 0 0
BITMAP
14
28
E6
F6
F6
DE
DE
CE
C6
ENDCHAR
STARTCHAR uni00D2
ENCODING 210
SWIDTH 778 0
DWIDTH 7 0
BBX 6 9 0 0
BITMAP
40
20
78
CC
CC
CC
CC
CC
78
ENDCHAR
STARTCHAR uni00D3
ENCODING 211
SWIDTH 778 0
DWIDTH 7 0
BBX 6 9 0 0
BITMAP
08
10
78
CC
CC
CC
CC
CC
78
ENDCHAR
STARTCHAR uni00D4
ENCODING 212
SWIDTH 778 0
DWIDTH 7 0
BBX 6 9 0 0
BITMAP
30
48
78
CC
CC
CC
CC
CC
78
ENDCHAR
STARTCHAR uni00D5
ENCODING 213
SWIDTH 778 0
DWIDTH 7 0
BBX 6 9 0 0
BITMAP
28
50
78
CC
CC
CC
CC
CC
78
ENDCHAR
STARTCHAR uni00D6
ENCODING 214
SWIDTH 778 0
DWIDTH 7 0
BBX 6 9 0 0
BITMAP
48
00
78
CC
CC
CC
CC
CC
78
ENDCHAR
STARTCHAR uni00D7
ENCODING 215
SWIDTH 778 0
DWIDTH 7 0
BBX 6 5 0 1
BITMAP
CC
78
30
78
CC
ENDCHAR
STARTCHAR uni00D8
ENCODING 216
SWIDTH 778 0
DWIDTH 7 0
BBX 6 7 0 0
BITMAP
78
CC
DC
FC
EC
CC
78
ENDCHAR
STARTCHAR uni00D9
ENCODING 217
SWIDTH 778 0
DWIDTH 7 0
BBX 6 9 0 0
BITMAP
40
20
CC
CC
CC
CC
CC
CC
78
ENDCHAR
STARTCHAR uni00DA
ENCODING 218
SWIDTH 778 0
DWIDTH 7 0
BBX 6 9 0 0
BITMAP
08
10
CC
CC
CC
CC
CC
CC
78
ENDCHAR
STARTCHAR uni00DB
ENCODING 219
SWIDTH 778 0
DWIDTH 7 0
BBX 6 9 0 0
BITMAP
30
48
CC
CC
CC
CC
CC
CC
78
ENDCHAR
STARTCHAR uni00DC
ENCODING 220
SWIDTH 778 0
DWIDTH 7 0
BBX 6 9 0 0
BITMAP
48
00
CC
CC
CC
CC
CC
CC
78
ENDCHAR
STARTCHAR uni00DD
ENCODING 221
SWIDTH 778 0
DWIDTH 7 0
BBX 6 9 0 0
BITMAP
08
10
CC
CC
CC
78
30
30
30
ENDCHAR
STARTCHAR uni00DE
ENCODING 222
SWIDTH 778 0
DWIDTH 7 0
BBX 6 7 0 0
BITMAP
C0
F8
CC
CC
CC
F8
C0
ENDCHAR
STARTCHAR uni00DF
ENCODING 223
SWIDTH 778 0
DWIDTH 7 0
BBX 6 7 0 0
BITMAP
78
CC
CC
D8
CC
CC
D8
ENDCHAR
STARTCHAR uni00E0
ENCODING 224
SWIDTH 778 0
DWIDTH 7 0
BBX 6 8 0 0
BITMAP
20
10
00
7C
CC
CC
CC
7C
ENDCHAR
STARTCHAR uni00E1
ENCODING 225
SWIDTH 778 0
DWIDTH 7 0
BBX 6 8 0 0
BITMAP
08
10
00
7C
CC
CC
CC
7C
ENDCHAR
STARTCHAR uni00E2
ENCODING 226
SWIDTH 778 0
DWIDTH 7 0
BBX 6 8 0 0
BITMAP
30
48
00
7C
CC
CC
CC
7C
ENDCHAR
STARTCHAR uni00E3
ENCODING 227
SWIDTH 778 0
DWIDTH 7 0
BBX 6 8 0 0
BITMAP
28
50
00
7C
CC
CC
CC
7C
ENDCHAR
STARTCHAR uni00E4
ENCODING 228
SWIDTH 778 0
DWIDTH 7 0
BBX 6 7 0 0
BITMAP
48
00
7C
CC
CC
CC
7C
ENDCHAR
STARTCHAR uni00E5
ENCODING 229
SWIDTH 778 0
DWIDTH 7 0
BBX 6 9 0 0
BITMAP
30
48
30
00
7C
CC
CC
CC
7C
ENDCHAR
STARTCHAR uni00E6
ENCODING 230
SWIDTH 1000 0
DWIDTH 9 0
BBX 8 5 0 0
BITMAP
7E
DB
DE
D8
7F
ENDCHAR
STARTCHAR uni00E7
ENCODING 231
SWIDTH 778 0
DWIDTH 7 0
BBX 6 7 0 -2
BITMAP
78
CC
C0
CC
78
20
40
ENDCHAR
STARTCHAR uni00E8
ENCODING 232
SWIDTH 778 0
DWIDTH 7 0
BBX 6 8 0 0
BITMAP
40
20
00
78
CC
FC
C0
7C
ENDCHAR
STARTCHAR uni00E9
ENCODING 233
SWIDTH 778 0
DWIDTH 7 0
BBX 6 8 0 0
BITMAP
08
10
00
78
CC
FC
C0
7C
ENDCHAR
STARTCHAR uni00EA
ENCODING 234
SWIDTH 778 0
DWIDTH 7 0
BBX 6 8 0 0
BITMAP
30
48
00
78
CC
FC
C0
7C
ENDCHAR
STARTCHAR uni00EB
ENCODING 235
SWIDTH 778 0
DWIDTH 7 0
BBX 6 7 0 0
BITMAP
48
00
78
CC
FC
C0
7C
ENDCHAR
STARTCHAR uni00EC
ENCODING 236
SWIDTH 333 0
DWIDTH 3 0
BBX 3 8 -1 0
BITMAP
80
40
00
60
60
60
60
60
ENDCHAR
STARTCHAR uni00ED
ENCODING 237
SWIDTH 333 0
DWIDTH 3 0
BBX 3 8 0 0
BITMAP
20
40
00
C0
C0
C0
C0
C0
ENDCHAR
STARTCHAR uni00EE
ENCODING 238
SWIDTH 333 0
DWIDTH 3 0
BBX 4 8 -1 0
BITMAP
60
90
00
60
60
60
60
60
ENDCHAR
STARTCHAR uni00EF
ENCODING 239
SWIDTH 333 0
DWIDTH 3 0
BBX 4 7 -1 0
BITMAP
90
00
60
60
60
60
60
ENDCHAR
STARTCHAR uni00F0
ENCODING 240
SWIDTH 778 0
DWIDTH 7 0
BBX 6 8 0 0
BITMAP
34
18
0C
7C
CC
CC
CC
78
ENDCHAR
STARTCHAR uni00F1
ENCODING 241
SWIDTH 778 0
DWIDTH 7 0
BBX 6 8 0 0
BITMAP
28
50
00
F8
CC
CC
CC
CC
ENDCHAR
STARTCHAR uni00F2
ENCODING 242
SWIDTH 778 0
DWIDTH 7 0
BBX 6 8 0 0
BITMAP
40
20
00
78
CC
CC
CC
78
ENDCHAR
STARTCHAR uni00F3
ENCODING 243
SWIDTH 778 0
DWIDTH 7 0
BBX 6 8 0 0
BITMAP
08
10
00
78
CC
CC
CC
78
ENDCHAR
STARTCHAR uni00F4
ENCODING 244
SWIDTH 778 0
DWIDTH 7 0
BBX 6 8 0 0
BITMAP
30
48
00
78
CC
CC
CC
78
ENDCHAR
STARTCHAR uni00F5
ENCODING 245
SWIDTH 778 0
DWIDTH 7 0
BBX 6 8 0 0
BITMAP
28
50
00
78
CC
CC
CC
78
ENDCHAR
STARTCHAR uni00F6
ENCODING 246
SWIDTH 778 0
DWIDTH 7 0
BBX 6 7 0 0
BITMAP
48
00
78
CC
CC
CC
78
ENDCHAR
STARTCHAR uni00F7
ENCODING 247
SWIDTH 556 0
DWIDTH 5 0
BBX 4 5 0 1
BITMAP
60
00
F0
00
60
ENDCHAR
STARTCHAR uni00F8
ENCODING 248
SWIDTH 778 0
DWIDTH 7 0
BBX 6 5 0 0
BITMAP
78
CC
FC
CC
78
ENDCHAR
STARTCHAR uni00F9
ENCODING 249
SWIDTH 778 0
DWIDTH 7 0
BBX 6 8 0 0
BITMAP
40
20
00
CC
CC
CC
CC
78
ENDCHAR
STARTCHAR uni00FA
ENCODING 250
SWIDTH 778 0
DWIDTH 7 0
BBX 6 8 0 0
BITMAP
08
10
00
CC
CC
CC
CC
78
ENDCHAR
STARTCHAR uni00FB
ENCODING 251
SWIDTH 778 0
DWIDTH 7 0
BBX 6 8 0 0
BITMAP
30
48
00
CC
CC
CC
CC
78
ENDCHAR
STARTCHAR uni00FC
ENCODING 252
SWIDTH 778 0
DWIDTH 7 0
BBX 6 7 0 0
BITMAP
48
00
CC
CC
CC
CC
78
ENDCHAR
STARTCHAR uni00FD
ENCODING 253
SWIDTH 778 0
DWIDTH 7 0
BBX 6 10 0 -2
BITMAP
08
10
00
CC
CC
78
78
30
30
E0
ENDCHAR
STARTCHAR uni00FE
ENCODING 254
SWIDTH 778 0
DWIDTH 7 0
BBX 6 8 0 -1
BITMAP
C0
C0
F8
CC
CC
CC
F8
C0
ENDCHAR
STARTCHAR uni00FF
ENCODING 255
SWIDTH 778 0
DWIDTH 7 0
BBX 6 9 0 -2
BITMAP
48
00
CC
CC
78
78
30
30
E0
ENDCHAR
STARTCHAR uni0100
ENCODING 256
SWIDTH 778 0
DWIDTH 7 0
BBX 6 9 0 0
BITMAP
78
00
30
78
48
CC
FC
CC
CC
ENDCHAR
STARTCHAR uni0101
ENCODING 257
SWIDTH 778 0
DWIDTH 7 0
BBX 6 7 0 0
BITMAP
78
00
7C
CC
CC
CC
7C
ENDCHAR
STARTCHAR uni0102
ENCODING 258
SWIDTH 778 0
DWIDTH 7 0
BBX 6 9 0 0
BITMAP
48
78
30
78
48
CC
FC
CC
CC
ENDCHAR
STARTCHAR uni0103
ENCODING 259
SWIDTH 778 0
DWIDTH 7 0
BBX 6 8 0 0
BITMAP
48
78
00
7C
CC
CC
CC
7C
ENDCHAR
STARTCHAR uni0104
ENCODING 260
SWIDTH 778 0
DWIDTH 7 0
BBX 6 9 0 -2
BITMAP
30
78
48
CC
FC
CC
CC
10
08
ENDCHAR
STARTCHAR uni0105
ENCODING 261
SWIDTH 778 0
DWIDTH 7 0
BBX 6 7 0 -2
BITMAP
7C
CC
CC
CC
7C
08
04
ENDCHAR
STARTCHAR uni0106
ENCODING 262
SWIDTH 778 0
DWIDTH 7 0
BBX 6 9 0 0
BITMAP
08
10
78
CC
C0
C0
C0
CC
78
ENDCHAR
STARTCHAR uni0107
ENCODING 263
SWIDTH 778 0
DWIDTH 7 0
BBX 6 8 0 0
BITMAP
08
10
00
78
CC
C0
CC
78
ENDCHAR
STARTCHAR uni0108
ENCODING 264
SWIDTH 778 0
DWIDTH 7 0
BBX 6 9 0 0
BITMAP
30
48
78
CC
C0
C0
C0
CC
78
ENDCHAR
STARTCHAR uni0109
ENCODING 265
SWIDTH 778 0
DWIDTH 7 0
BBX 6 8 0 0
BITMAP
30
48
00
78
CC
C0
CC
78
ENDCHAR
STARTCHAR uni010A
ENCODING 266
SWIDTH 778 0
DWIDTH 7 0
BBX 6 9 0 0
BITMAP
30
00
78
CC
C0
C0
C0
CC
78
ENDCHAR
STARTCHAR uni010B
ENCODING 267
SWIDTH 778 0
DWIDTH 7 0
BBX 6 7 0 0
BITMAP
30
00
78
CC
C0
CC
78
ENDCHAR
STARTCHAR uni010C
ENCODING 268
SWIDTH 778 0
DWIDTH 7 0
BBX 6 9 0 0
BITMAP
48
30
78
CC
C0
C0
C0
CC
78
ENDCHAR
STARTCHAR uni010D
ENCODING 269
SWIDTH 778 0
DWIDTH 7 0
BBX 6 8 0 0
BITMAP
48
30
00
78
CC
C0
CC
78
ENDCHAR
STARTCHAR uni010E
ENCODING 270
SWIDTH 778 0
DWIDTH 7 0
BBX 6 9 0 0
BITMAP
90
60
F0
D8
CC
CC
CC
D8
F0
ENDCHAR
STARTCHAR uni010F
ENCODING 271
SWIDTH 1111 0
DWIDTH 10 0
BBX 9 7 0 0
BITMAP
0D80
0D80
7C00
CC00
CC00
CC00
7C00
ENDCHAR
STARTCHAR uni0110
ENCODING 272
SWIDTH 778 0
DWIDTH 7 0
BBX 7 7 -1 0
BITMAP
78
6C
66
F6
66
6C
78
ENDCHAR
STARTCHAR uni0111
ENCODING 273
SWIDTH 889 0
DWIDTH 8 0
BBX 7 7 0 0
BITMAP
0C
1E
7C
CC
CC
CC
7C
ENDCHAR
STARTCHAR uni0112
ENCODING 274
SWIDTH 778 0
DWIDTH 7 0
BBX 6 9 0 0
BITMAP
78
00
FC
C0
C0
F8
C0
C0
FC
ENDCHAR
STARTCHAR uni0113
ENCODING 275
SWIDTH 778 0
DWIDTH 7 0
BBX 6 7 0 0
BITMAP
78
00
78
CC
FC
C0
7C
ENDCHAR
STARTCHAR uni0114
ENCODING 276
SWIDTH 778 0
DWIDTH 7 0
BBX 6 9 0 0
BITMAP
48
78
FC
C0
C0
F8
C0
C0
FC
ENDCHAR
STARTCHAR uni0115
ENCODING 277
SWIDTH 778 0
DWIDTH 7 0
BBX 6 8 0 0
BITMAP
48
78
00
78
CC
FC
C0
7C
ENDCHAR
STARTCHAR uni0116
ENCODING 278
SWIDTH 778 0
DWIDTH 7 0
BBX 6 9 0 0
BITMAP
30
00
FC
C0
C0
F8
C0
C0
FC
ENDCHAR
STARTCHAR uni0117
ENCODING 279
SWIDTH 778 0
DWIDTH 7 0
BBX 6 7 0 0
BITMAP
30
00
78
CC
FC
C0
7C
ENDCHAR
STARTCHAR uni0118
ENCODING 280
SWIDTH 778 0
DWIDTH 7 0
BBX 6 9 0 -2
BITMAP
FC
C0
C0
F8
C0
C0
FC
08
04
ENDCHAR
STARTCHAR uni0119
ENCODING 281
SWIDTH 778 0
DWIDTH 7 0
BBX 6 7 0 -2
BITMAP
78
CC
FC
C0
7C
08
04
ENDCHAR
STARTCHAR uni011A
ENCODING 282
SWIDTH 778 0
DWIDTH 7 0
BBX 6 9 0 0
BITMAP
48
30
FC
C0
C0
F8
C0
C0
FC
ENDCHAR
STARTCHAR uni011B
ENCODING 283
SWIDTH 778 0
DWIDTH 7 0
BBX 6 8 0 0
BITMAP
48
30
00
78
CC
FC
C0
7C
ENDCHAR
STARTCHAR uni011C
ENCODING 284
SWIDTH 778 0
DWIDTH 7 0
BBX 6 9 0 0
BITMAP
30
48
78
C0
C0
DC
CC
CC
7C
ENDCHAR
STARTCHAR uni011D
ENCODING 285
SWIDTH 778 0
DWIDTH 7 0
BBX 6 10 0 -2
BITMAP
30
48
00
7C
CC
CC
CC
7C
0C
7C
ENDCHAR
STARTCHAR uni011E
ENCODING 286
SWIDTH 778 0
DWIDTH 7 0
BBX 6 9 0 0
BITMAP
48
78
78
C0
C0
DC
CC
CC
7C
ENDCHAR
STARTCHAR uni011F
ENCODING 287
SWIDTH 778 0
DWIDTH 7 0
BBX 6 10 0 -2
BITMAP
48
78
00
7C
CC
CC
CC
7C
0C
7C
ENDCHAR
STARTCHAR uni0120
ENCODING 288
SWIDTH 778 0
DWIDTH 7 0
BBX 6 9 0 0
BITMAP
30
00
78
C0
C0
DC
CC
CC
7C
ENDCHAR
STARTCHAR uni0121
ENCODING 289
SWIDTH 778 0
DWIDTH 7 0
BBX 6 9 0 -2
BITMAP
30
00
7C
CC
CC
CC
7C
0C
7C
ENDCHAR
STARTCHAR uni0122
ENCODING 290
SWIDTH 778 0
DWIDTH 7 0
BBX 6 9 0 -2
BITMAP
78
C0
C0
DC
CC
CC
7C
10
20
ENDCHAR
STARTCHAR uni0123
ENCODING 291
SWIDTH 778 0
DWIDTH 7 0
BBX 6 10 0 -2
BITMAP
30
30
00
7C
CC
CC
CC
7C
0C
7C
ENDCHAR
STARTCHAR uni0124
ENCODING 292
SWIDTH 778 0
DWIDTH 7 0
BBX 6 9 0 0
BITMAP
30
48
CC
CC
CC
FC
CC
CC
CC
ENDCHAR
STARTCHAR uni0125
ENCODING 293
SWIDTH 778 0
DWIDTH 7 0
BBX 6 9 0 0
BITMAP
30
48
C0
C0
F8
CC
CC
CC
CC
ENDCHAR
STARTCHAR uni0126
ENCODING 294
SWIDTH 778 0
DWIDTH 7 0
BBX 6 7 0 0
BITMAP
CC
FC
CC
FC
CC
CC
CC
ENDCHAR
STARTCHAR uni0127
ENCODING 295
SWIDTH 778 0
DWIDTH 7 0
BBX 6 7 0 0
BITMAP
C0
E0
F8
CC
CC
CC
CC
ENDCHAR
STARTCHAR uni0128
ENCODING 296
SWIDTH 556 0
DWIDTH 5 0
BBX 4 9 0 0
BITMAP
50
A0
F0
60
60
60
60
60
F0
ENDCHAR
STARTCHAR uni0129
ENCODING 297
SWIDTH 333 0
DWIDTH 3 0
BBX 4 8 -1 0
BITMAP
50
A0
00
60
60
60
60
60
ENDCHAR
STARTCHAR uni012A
ENCODING 298
SWIDTH 556 0
DWIDTH 5 0
BBX 4 9 0 0
BITMAP
F0
00
F0
60
60
60
60
60
F0
ENDCHAR
STARTCHAR uni012B
ENCODING 299
SWIDTH 333 0
DWIDTH 3 0
BBX 4 7 -1 0
BITMAP
F0
00
60
60
60
60
60
ENDCHAR
STARTCHAR uni012C
ENCODING 300
SWIDTH 556 0
DWIDTH 5 0
BBX 4 9 0 0
BITMAP
90
F0
F0
60
60
60
60
60
F0
ENDCHAR
STARTCHAR uni012D
ENCODING 301
SWIDTH 333 0
DWIDTH 3 0
BBX 4 8 -1 0
BITMAP
90
F0
00
60
60
60
60
60
ENDCHAR
STARTCHAR uni012E
ENCODING 302
SWIDTH 556 0
DWIDTH 5 0
BBX 4 9 0 -2
BITMAP
F0
60
60
60
60
60
F0
20
10
ENDCHAR
STARTCHAR uni012F
ENCODING 303
SWIDTH 333 0
DWIDTH 3 0
BBX 2 9 0 -2
BITMAP
C0
00
C0
C0
C0
C0
C0
80
40
ENDCHAR
STARTCHAR uni0130
ENCODING 304
SWIDTH 556 0
DWIDTH 5 0
BBX 4 9 0 0
BITMAP
60
00
F0
60
60
60
60
60
F0
ENDCHAR
STARTCHAR uni0131
ENCODING 305
SWIDTH 333 0
DWIDTH 3 0
BBX 2 5 0 0
BITMAP
C0
C0
C0
C0
C0
ENDCHAR
STARTCHAR uni0132
ENCODING 306
SWIDTH 1111 0
DWIDTH 10 0
BBX 9 7 0 0
BITMAP
F180
6180
6180
6180
6D80
6D80
F700
ENDCHAR
STARTCHAR uni0133
ENCODING 307
SWIDTH 778 0
DWIDTH 7 0
BBX 6 8 0 -1
BITMAP
CC
00
CC
CC
CC
CC
DC
18
ENDCHAR
STARTCHAR uni0134
ENCODING 308
SWIDTH 667 0
DWIDTH 6 0
BBX 5 9 0 0
BITMAP
30
48
18
18
18
18
D8
D8
70
ENDCHAR
STARTCHAR uni0135
ENCODING 309
SWIDTH 667 0
DWIDTH 6 0
BBX 6 9 0 -1
BITMAP
18
24
00
18
18
18
18
D8
70
ENDCHAR
STARTCHAR uni0136
ENCODING 310
SWIDTH 778 0
DWIDTH 7 0
BBX 6 9 0 -2
BITMAP
CC
D8
F0
E0
F0
D8
CC
20
40
ENDCHAR
STARTCHAR uni0137
ENCODING 311
SWIDTH 667 0
DWIDTH 6 0
BBX 5 9 0 -2
BITMAP
C0
C0
D8
F0
E0
F0
D8
20
40
ENDCHAR
STARTCHAR uni0138
ENCODING 312
SWIDTH 778 0
DWIDTH 7 0
BBX 6 5 0 0
BITMAP
CC
D8
F0
D8
CC
ENDCHAR
STARTCHAR uni0139
ENCODING 313
SWIDTH 778 0
DWIDTH 7 0
BBX 6 9 0 0
BITMAP
08
10
C0
C0
C0
C0
C0
C0
FC
ENDCHAR
STARTCHAR uni013A
ENCODING 314
SWIDTH 333 0
DWIDTH 3 0
BBX 3 9 0 0
BITMAP
20
40
C0
C0
C0
C0
C0
C0
C0
ENDCHAR
STARTCHAR uni013B
ENCODING 315
SWIDTH 778 0
DWIDTH 7 0
BBX 6 9 0 -2
BITMAP
C0
C0
C0
C0
C0
C0
FC
20
40
ENDCHAR
STARTCHAR uni013C
ENCODING 316
SWIDTH 333 0
DWIDTH 3 0
BBX 2 9 0 -2
BITMAP
C0
C0
C0
C0
C0
C0
C0
40
80
ENDCHAR
STARTCHAR uni013D
ENCODING 317
SWIDTH 778 0
DWIDTH 7 0
BBX 6 7 0 0
BITMAP
CC
CC
C0
C0
C0
C0
FC
ENDCHAR
STARTCHAR uni013E
ENCODING 318
SWIDTH 667 0
DWIDTH 6 0
BBX 5 7 0 0
BITMAP
D8
D8
C0
C0
C0
C0
C0
ENDCHAR
STARTCHAR uni013F
ENCODING 319
SWIDTH 778 0
DWIDTH 7 0
BBX 6 7 0 0
BITMAP
C0
C0
C0
D8
C0
C0
FC
ENDCHAR
STARTCHAR uni0140
ENCODING 320
SWIDTH 667 0
DWIDTH 6 0
BBX 5 7 0 0
BITMAP
C0
C0
C0
D8
C0
C0
C0
ENDCHAR
STARTCHAR uni0141
ENCODING 321
SWIDTH 778 0
DWIDTH 7 0
BBX 7 7 -1 0
BITMAP
60
60
6C
70
E0
60
7E
ENDCHAR
STARTCHAR uni0142
ENCODING 322
SWIDTH 444 0
DWIDTH 4 0
BBX 4 7 -1 0
BITMAP
60
60
60
70
E0
60
60
ENDCHAR
STARTCHAR uni0143
ENCODING 323
SWIDTH 889 0
DWIDTH 8 0
BBX 7 9 0 0
BITMAP
04
08
E6
F6
F6
DE
DE
CE
C6
ENDCHAR
STARTCHAR uni0144
ENCODING 324
SWIDTH 778 0
DWIDTH 7 0
BBX 6 8 0 0
BITMAP
08
10
00
F8
CC
CC
CC
CC
ENDCHAR
STARTCHAR uni0145
ENCODING 325
SWIDTH 889 0
DWIDTH 8 0
BBX 7 9 0 -2
BITMAP
E6
F6
F6
DE
DE
CE
C6
10
20
ENDCHAR
STARTCHAR uni0146
ENCODING 326
SWIDTH 778 0
DWIDTH 7 0
BBX 6 7 0 -2
BITMAP
F8
CC
CC
CC
CC
20
40
ENDCHAR
STARTCHAR uni0147
ENCODING 327
SWIDTH 889 0
DWIDTH 8 0
BBX 7 9 0 0
BITMAP
24
18
E6
F6
F6
DE
DE
CE
C6
ENDCHAR
STARTCHAR uni0148
ENCODING 328
SWIDTH 778 0
DWIDTH 7 0
BBX 6 8 0 0
BITMAP
48
30
00
F8
CC
CC
CC
CC
ENDCHAR
STARTCHAR uni0149
ENCODING 329
SWIDTH 889 0
DWIDTH 8 0
BBX 7 7 0 0
BITMAP
80
80
7C
66
66
66
66
ENDCHAR
STARTCHAR uni014A
ENCODING 330
SWIDTH 778 0
DWIDTH 7 0
BBX 6 7 0 0
BITMAP
F8
CC
CC
CC
CC
CC
D8
ENDCHAR
STARTCHAR uni014B
ENCODING 331
SWIDTH 778 0
DWIDTH 7 0
BBX 6 6 0 -1
BITMAP
F8
CC
CC
CC
CC
18
ENDCHAR
STARTCHAR uni014C
ENCODING 332
SWIDTH 778 0
DWIDTH 7 0
BBX 6 9 0 0
BITMAP
78
00
78
CC
CC
CC
CC
CC
78
ENDCHAR
STARTCHAR uni014D
ENCODING 333
SWIDTH 778 0
DWIDTH 7 0
BBX 6 7 0 0
BITMAP
78
00
78
CC
CC
CC
78
ENDCHAR
STARTCHAR uni014E
ENCODING 334
SWIDTH 778 0
DWIDTH 7 0
BBX 6 9 0 0
BITMAP
48
78
78
CC
CC
CC
CC
CC
78
ENDCHAR
STARTCHAR uni014F
ENCODING 335
SWIDTH 778 0
DWIDTH 7 0
BBX 6 8 0 0
BITMAP
48
78
00
78
CC
CC
CC
78
ENDCHAR
STARTCHAR uni0150
ENCODING 336
SWIDTH 778 0
DWIDTH 7 0
BBX 6 9 0 0
BITMAP
24
48
78
CC
CC
CC
CC
CC
78
ENDCHAR
STARTCHAR uni0151
ENCODING 337
SWIDTH 778 0
DWIDTH 7 0
BBX 6 8 0 0
BITMAP
24
48
00
78
CC
CC
CC
78
ENDCHAR
STARTCHAR uni0152
ENCODING 338
SWIDTH 889 0
DWIDTH 8 0
BBX 7 7 0 0
BITMAP
7E
D8
D8
DE
D8
D8
7E
ENDCHAR
STARTCHAR uni0153
ENCODING 339
SWIDTH 1000 0
DWIDTH 9 0
BBX 8 5 0 0
BITMAP
7E
DB
DE
D8
7F
ENDCHAR
STARTCHAR uni0154
ENCODING 340
SWIDTH 778 0
DWIDTH 7 0
BBX 6 9 0 0
BITMAP
08
10
F8
CC
CC
F8
F0
D8
CC
ENDCHAR
STARTCHAR uni0155
ENCODING 341
SWIDTH 667 0
DWIDTH 6 0
BBX 5 8 0 0
BITMAP
10
20
00
D8
F0
E0
C0
C0
ENDCHAR
STARTCHAR uni0156
ENCODING 342
SWIDTH 778 0
DWIDTH 7 0
BBX 6 9 0 -2
BITMAP
F8
CC
CC
F8
F0
D8
CC
20
40
ENDCHAR
STARTCHAR uni0157
ENCODING 343
SWIDTH 667 0
DWIDTH 6 0
BBX 5 7 0 -2
BITMAP
D8
F0
E0
C0
C0
20
40
ENDCHAR
STARTCHAR uni0158
ENCODING 344
SWIDTH 778 0
DWIDTH 7 0
BBX 6 9 0 0
BITMAP
48
30
F8
CC
CC
F8
F0
D8
CC
ENDCHAR
STARTCHAR uni0159
ENCODING 345
SWIDTH 667 0
DWIDTH 6 0
BBX 5 8 0 0
BITMAP
48
30
00
D8
F0
E0
C0
C0
ENDCHAR
STARTCHAR uni015A
ENCODING 346
SWIDTH 778 0
DWIDTH 7 0
BBX 6 9 0 0
BITMAP
08
10
78
CC
C0
78
0C
CC
78
ENDCHAR
STARTCHAR uni015B
ENCODING 347
SWIDTH 778 0
DWIDTH 7 0
BBX 6 8 0 0
BITMAP
08
10
00
FC
C0
FC
0C
FC
ENDCHAR
STARTCHAR uni015C
ENCODING 348
SWIDTH 778 0
DWIDTH 7 0
BBX 6 9 0 0
BITMAP
30
48
78
CC
C0
78
0C
CC
78
ENDCHAR
STARTCHAR uni015D
ENCODING 349
SWIDTH 778 0
DWIDTH 7 0
BBX 6 8 0 0
BITMAP
30
48
00
FC
C0
FC
0C
FC
ENDCHAR
STARTCHAR uni015E
ENCODING 350
SWIDTH 778 0
DWIDTH 7 0
BBX 6 9 0 -2
BITMAP
78
CC
C0
78
0C
CC
78
20
40
ENDCHAR
STARTCHAR uni015F
ENCODING 351
SWIDTH 778 0
DWIDTH 7 0
BBX 6 7 0 -2
BITMAP
FC
C0
FC
0C
FC
10
20
ENDCHAR
STARTCHAR uni0160
ENCODING 352
SWIDTH 778 0
DWIDTH 7 0
BBX 6 9 0 0
BITMAP
48
30
78
CC
C0
78
0C
CC
78
ENDCHAR
STARTCHAR uni0161
ENCODING 353
SWIDTH 778 0
DWIDTH 7 0
BBX 6 8 0 0
BITMAP
48
30
00
FC
C0
FC
0C
FC
ENDCHAR
STARTCHAR uni0162
ENCODING 354
SWIDTH 778 0
DWIDTH 7 0
BBX 6 9 0 -2
BITMAP
FC
30
30
30
30
30
30
10
20
ENDCHAR
STARTCHAR uni0163
ENCODING 355
SWIDTH 556 0
DWIDTH 5 0
BBX 4 9 0 -2
BITMAP
60
60
F0
60
60
60
70
20
40
ENDCHAR
STARTCHAR uni0164
ENCODING 356
SWIDTH 778 0
DWIDTH 7 0
BBX 6 9 0 0
BITMAP
48
30
FC
30
30
30
30
30
30
ENDCHAR
STARTCHAR uni0165
ENCODING 357
SWIDTH 778 0
DWIDTH 7 0
BBX 6 7 0 0
BITMAP
6C
6C
F8
60
60
60
70
ENDCHAR
STARTCHAR uni0166
ENCODING 358
SWIDTH 778 0
DWIDTH 7 0
BBX 6 7 0 0
BITMAP
FC
30
30
78
30
30
30
ENDCHAR
STARTCHAR uni0167
ENCODING 359
SWIDTH 556 0
DWIDTH 5 0
BBX 4 7 0 0
BITMAP
60
60
F0
60
F0
60
70
ENDCHAR
STARTCHAR uni0168
ENCODING 360
SWIDTH 778 0
DWIDTH 7 0
BBX 6 9 0 0
BITMAP
28
50
CC
CC
CC
CC
CC
CC
78
ENDCHAR
STARTCHAR uni0169
ENCODING 361
SWIDTH 778 0
DWIDTH 7 0
BBX 6 8 0 0
BITMAP
28
50
00
CC
CC
CC
CC
78
ENDCHAR
STARTCHAR uni016A
ENCODING 362
SWIDTH 778 0
DWIDTH 7 0
BBX 6 9 0 0
BITMAP
78
00
CC
CC
CC
CC
CC
CC
78
ENDCHAR
STARTCHAR uni016B
ENCODING 363
SWIDTH 778 0
DWIDTH 7 0
BBX 6 7 0 0
BITMAP
78
00
CC
CC
CC
CC
78
ENDCHAR
STARTCHAR uni016C
ENCODING 364
SWIDTH 778 0
DWIDTH 7 0
BBX 6 9 0 0
BITMAP
48
78
CC
CC
CC
CC
CC
CC
78
ENDCHAR
STARTCHAR uni016D
ENCODING 365
SWIDTH 778 0
DWIDTH 7 0
BBX 6 8 0 0
BITMAP
48
78
00
CC
CC
CC
CC
78
ENDCHAR
STARTCHAR uni016E
ENCODING 366
SWIDTH 778 0
DWIDTH 7 0
BBX 6 9 0 0
BITMAP
30
48
FC
CC
CC
CC
CC
CC
78
ENDCHAR
STARTCHAR uni016F
ENCODING 367
SWIDTH 778 0
DWIDTH 7 0
BBX 6 9 0 0
BITMAP
30
48
30
00
CC
CC
CC
CC
78
ENDCHAR
STARTCHAR uni0170
ENCODING 368
SWIDTH 778 0
DWIDTH 7 0
BBX 6 9 0 0
BITMAP
24
48
CC
CC
CC
CC
CC
CC
78
ENDCHAR
STARTCHAR uni0171
ENCODING 369
SWIDTH 778 0
DWIDTH 7 0
BBX 6 8 0 0
BITMAP
24
48
00
CC
CC
CC
CC
78
ENDCHAR
STARTCHAR uni0172
ENCODING 370
SWIDTH 778 0
DWIDTH 7 0
BBX 6 9 0 -2
BITMAP
CC
CC
CC
CC
CC
CC
78
10
08
ENDCHAR
STARTCHAR uni0173
ENCODING 371
SWIDTH 778 0
DWIDTH 7 0
BBX 6 7 0 -2
BITMAP
CC
CC
CC
CC
78
10
08
ENDCHAR
STARTCHAR uni0174
ENCODING 372
SWIDTH 1000 0
DWIDTH 9 0
BBX 8 9 0 0
BITMAP
18
24
C3
DB
DB
FF
FF
66
66
ENDCHAR
STARTCHAR uni0175
ENCODING 373
SWIDTH 1000 0
DWIDTH 9 0
BBX 8 8 0 0
BITMAP
18
24
00
C3
DB
DB
FF
66
ENDCHAR
STARTCHAR uni0176
ENCODING 374
SWIDTH 778 0
DWIDTH 7 0
BBX 6 9 0 0
BITMAP
30
48
CC
CC
CC
78
30
30
30
ENDCHAR
STARTCHAR uni0177
ENCODING 375
SWIDTH 778 0
DWIDTH 7 0
BBX 6 10 0 -2
BITMAP
30
48
00
CC
CC
78
78
30
30
E0
ENDCHAR
STARTCHAR uni0178
ENCODING 376
SWIDTH 778 0
DWIDTH 7 0
BBX 6 9 0 0
BITMAP
48
00
CC
CC
CC
78
30
30
30
ENDCHAR
STARTCHAR uni0179
ENCODING 377
SWIDTH 778 0
DWIDTH 7 0
BBX 6 9 0 0
BITMAP
08
10
FC
0C
18
30
60
C0
FC
ENDCHAR
STARTCHAR uni017A
ENCODING 378
SWIDTH 778 0
DWIDTH 7 0
BBX 6 8 0 0
BITMAP
08
10
00
FC
0C
FC
C0
FC
ENDCHAR
STARTCHAR uni017B
ENCODING 379
SWIDTH 778 0
DWIDTH 7 0
BBX 6 9 0 0
BITMAP
30
00
FC
0C
18
30
60
C0
FC
ENDCHAR
STARTCHAR uni017C
ENCODING 380
SWIDTH 778 0
DWIDTH 7 0
BBX 6 7 0 0
BITMAP
30
00
FC
0C
FC
C0
FC
ENDCHAR
STARTCHAR uni017D
ENCODING 381
SWIDTH 778 0
DWIDTH 7 0
BBX 6 9 0 0
BITMAP
48
30
FC
0C
18
30
60
C0
FC
ENDCHAR
STARTCHAR uni017E
ENCODING 382
SWIDTH 778 0
DWIDTH 7 0
BBX 6 8 0 0
BITMAP
48
30
00
FC
0C
FC
C0
FC
ENDCHAR
STARTCHAR uni017F
ENCODING 383
SWIDTH 556 0
DWIDTH 5 0
BBX 4 8 0 -1
BITMAP
30
60
60
60
60
60
60
C0
ENDCHAR
STARTCHAR uni0180
ENCODING 384
SWIDTH 889 0
DWIDTH 8 0
BBX 7 7 0 0
BITMAP
60
F0
7C
66
66
66
7C
ENDCHAR
STARTCHAR uni0181
ENCODING 385
SWIDTH 889 0
DWIDTH 8 0
BBX 7 7 0 0
BITMAP
FC
66
66
7C
66
66
7C
ENDCHAR
STARTCHAR uni0186
ENCODING 390
SWIDTH 778 0
DWIDTH 7 0
BBX 6 7 0 0
BITMAP
78
CC
CC
0C
CC
CC
78
ENDCHAR
STARTCHAR uni0189
ENCODING 393
SWIDTH 778 0
DWIDTH 7 0
BBX 7 7 -1 0
BITMAP
78
6C
66
F6
66
6C
78
ENDCHAR
STARTCHAR uni018A
ENCODING 394
SWIDTH 889 0
DWIDTH 8 0
BBX 7 7 0 0
BITMAP
F8
6C
66
66
66
6C
78
ENDCHAR
STARTCHAR uni018E
ENCODING 398
SWIDTH 778 0
DWIDTH 7 0
BBX 6 7 0 0
BITMAP
FC
0C
0C
7C
0C
0C
FC
ENDCHAR
STARTCHAR uni018F
ENCODING 399
SWIDTH 778 0
DWIDTH 7 0
BBX 6 7 0 0
BITMAP
78
CC
0C
FC
CC
CC
78
ENDCHAR
STARTCHAR uni0190
ENCODING 400
SWIDTH 778 0
DWIDTH 7 0
BBX 6 7 0 0
BITMAP
78
CC
60
30
60
CC
78
ENDCHAR
STARTCHAR uni0191
ENCODING 401
SWIDTH 778 0
DWIDTH 7 0
BBX 6 8 0 -1
BITMAP
7C
60
60
78
60
60
60
C0
ENDCHAR
STARTCHAR uni0192
ENCODING 402
SWIDTH 556 0
DWIDTH 5 0
BBX 4 8 0 -1
BITMAP
70
60
F0
60
60
60
60
C0
ENDCHAR
STARTCHAR uni0193
ENCODING 403
SWIDTH 778 0
DWIDTH 7 0
BBX 6 8 0 0
BITMAP
0C
7C
C0
C0
DC
CC
CC
7C
ENDCHAR
STARTCHAR uni0194
ENCODING 404
SWIDTH 889 0
DWIDTH 8 0
BBX 7 8 0 -1
BITMAP
C6
C6
C6
6C
6C
38
6C
38
ENDCHAR
STARTCHAR uni0196
ENCODING 406
SWIDTH 556 0
DWIDTH 5 0
BBX 4 7 0 0
BITMAP
F0
60
60
60
60
60
F0
ENDCHAR
STARTCHAR uni0197
ENCODING 407
SWIDTH 556 0
DWIDTH 5 0
BBX 4 7 0 0
BITMAP
F0
60
60
F0
60
60
F0
ENDCHAR
STARTCHAR uni0198
ENCODING 408
SWIDTH 889 0
DWIDTH 8 0
BBX 7 7 0 0
BITMAP
CC
DA
F0
E0
F0
D8
CC
ENDCHAR
STARTCHAR uni0199
ENCODING 409
SWIDTH 667 0
DWIDTH 6 0
BBX 5 7 0 0
BITMAP
E0
C0
D8
F0
E0
F0
D8
ENDCHAR
STARTCHAR uni019D
ENCODING 413
SWIDTH 778 0
DWIDTH 7 0
BBX 8 8 -1 -1
BITMAP
73
7B
7B
6F
6F
67
63
C0
ENDCHAR
STARTCHAR uni01A0
ENCODING 416
SWIDTH 889 0
DWIDTH 8 0
BBX 7 7 0 0
BITMAP
7A
CE
CC
CC
CC
CC
78
ENDCHAR
STARTCHAR uni01A1
ENCODING 417
SWIDTH 889 0
DWIDTH 8 0
BBX 7 5 0 0
BITMAP
76
CE
CC
CC
78
ENDCHAR
STARTCHAR uni01A7
ENCODING 423
SWIDTH 778 0
DWIDTH 7 0
BBX 6 7 0 0
BITMAP
78
CC
0C
78
C0
CC
78
ENDCHAR
STARTCHAR uni01A8
ENCODING 424
SWIDTH 778 0
DWIDTH 7 0
BBX 6 5 0 0
BITMAP
FC
0C
FC
C0
FC
ENDCHAR
STARTCHAR uni01AF
ENCODING 431
SWIDTH 889 0
DWIDTH 8 0
BBX 7 7 0 0
BITMAP
CE
CE
CC
CC
CC
CC
78
ENDCHAR
STARTCHAR uni01B0
ENCODING 432
SWIDTH 889 0
DWIDTH 8 0
BBX 7 5 0 0
BITMAP
CE
CE
CC
CC
78
ENDCHAR
STARTCHAR uni01B1
ENCODING 433
SWIDTH 889 0
DWIDTH 8 0
BBX 7 7 0 0
BITMAP
EE
6C
C6
C6
C6
C6
7C
ENDCHAR
STARTCHAR uni01B2
ENCODING 434
SWIDTH 778 0
DWIDTH 7 0
BBX 6 7 0 0
BITMAP
DC
CC
CC
CC
CC
CC
78
ENDCHAR
STARTCHAR uni01B3
ENCODING 435
SWIDTH 889 0
DWIDTH 8 0
BBX 7 7 0 0
BITMAP
CE
CC
CC
78
30
30
30
ENDCHAR
STARTCHAR uni01B4
ENCODING 436
SWIDTH 889 0
DWIDTH 8 0
BBX 7 7 0 -2
BITMAP
CE
CC
78
78
30
30
E0
ENDCHAR
STARTCHAR uni01B5
ENCODING 437
SWIDTH 778 0
DWIDTH 7 0
BBX 6 7 0 0
BITMAP
FC
0C
18
FC
60
C0
FC
ENDCHAR
STARTCHAR uni01B6
ENCODING 438
SWIDTH 778 0
DWIDTH 7 0
BBX 6 5 0 0
BITMAP
F8
18
FC
60
7C
ENDCHAR
STARTCHAR uni01B7
ENCODING 439
SWIDTH 778 0
DWIDTH 7 0
BBX 6 8 0 -1
BITMAP
78
0C
18
30
18
0C
CC
78
ENDCHAR
STARTCHAR uni01B8
ENCODING 440
SWIDTH 778 0
DWIDTH 7 0
BBX 6 8 0 -1
BITMAP
78
C0
60
30
60
C0
CC
78
ENDCHAR
STARTCHAR uni01B9
ENCODING 441
SWIDTH 778 0
DWIDTH 7 0
BBX 6 6 0 -1
BITMAP
78
C0
60
C0
CC
78
ENDCHAR
STARTCHAR uni01BC
ENCODING 444
SWIDTH 778 0
DWIDTH 7 0
BBX 6 7 0 0
BITMAP
FC
60
60
78
0C
CC
78
ENDCHAR
STARTCHAR uni01BD
ENCODING 445
SWIDTH 778 0
DWIDTH 7 0
BBX 6 5 0 0
BITMAP
FC
60
78
0C
78
ENDCHAR
STARTCHAR uni01C0
ENCODING 448
SWIDTH 333 0
DWIDTH 3 0
BBX 2 7 0 0
BITMAP
C0
C0
C0
C0
C0
C0
C0
ENDCHAR
STARTCHAR uni01C1
ENCODING 449
SWIDTH 667 0
DWIDTH 6 0
BBX 5 7 0 0
BITMAP
D8
D8
D8
D8
D8
D8
D8
ENDCHAR
STARTCHAR uni01C2
ENCODING 450
SWIDTH 556 0
DWIDTH 5 0
BBX 4 7 0 0
BITMAP
60
60
F0
60
F0
60
60
ENDCHAR
STARTCHAR uni01C3
ENCODING 451
SWIDTH 333 0
DWIDTH 3 0
BBX 2 7 0 0
BITMAP
C0
C0
C0
C0
C0
00
C0
ENDCHAR
STARTCHAR uni01C7
ENCODING 455
SWIDTH 1333 0
DWIDTH 12 0
BBX 11 7 0 0
BITMAP
C060
C060
C060
C060
C360
C360
F9C0
ENDCHAR
STARTCHAR uni01C8
ENCODING 456
SWIDTH 1222 0
DWIDTH 11 0
BBX 10 8 0 -1
BITMAP
C0C0
C000
C0C0
C0C0
C0C0
C0C0
FAC0
0380
ENDCHAR
STARTCHAR uni01C9
ENCODING 457
SWIDTH 889 0
DWIDTH 8 0
BBX 7 8 0 -1
BITMAP
C6
C0
C6
C6
C6
C6
D6
1C
ENDCHAR
STARTCHAR uni01CA
ENCODING 458
SWIDTH 1556 0
DWIDTH 14 0
BBX 13 7 0 0
BITMAP
E618
F618
F618
DE18
DED8
CED8
C670
ENDCHAR
STARTCHAR uni01CB
ENCODING 459
SWIDTH 1444 0
DWIDTH 13 0
BBX 12 8 0 -1
BITMAP
E630
F600
F630
DE30
DE30
CE30
C6B0
00E0
ENDCHAR
STARTCHAR uni01CC
ENCODING 460
SWIDTH 1333 0
DWIDTH 12 0
BBX 11 8 0 -1
BITMAP
0060
0000
F860
CC60
CC60
CC60
CD60
01C0
ENDCHAR
STARTCHAR uni01CD
ENCODING 461
SWIDTH 778 0
DWIDTH 7 0
BBX 6 9 0 0
BITMAP
48
30
30
78
48
CC
FC
CC
CC
ENDCHAR
STARTCHAR uni01CE
ENCODING 462
SWIDTH 778 0
DWIDTH 7 0
BBX 6 8 0 0
BITMAP
48
30
00
7C
CC
CC
CC
7C
ENDCHAR
STARTCHAR uni01CF
ENCODING 463
SWIDTH 556 0
DWIDTH 5 0
BBX 4 9 0 0
BITMAP
90
60
F0
60
60
60
60
60
F0
ENDCHAR
STARTCHAR uni01D0
ENCODING 464
SWIDTH 333 0
DWIDTH 3 0
BBX 4 8 -1 0
BITMAP
90
60
00
60
60
60
60
60
ENDCHAR
STARTCHAR uni01D1
ENCODING 465
SWIDTH 778 0
DWIDTH 7 0
BBX 6 9 0 0
BITMAP
48
30
78
CC
CC
CC
CC
CC
78
ENDCHAR
STARTCHAR uni01D2
ENCODING 466
SWIDTH 778 0
DWIDTH 7 0
BBX 6 8 0 0
BITMAP
48
30
00
78
CC
CC
CC
78
ENDCHAR
STARTCHAR uni01D3
ENCODING 467
SWIDTH 778 0
DWIDTH 7 0
BBX 6 9 0 0
BITMAP
48
30
CC
CC
CC
CC
CC
CC
78
ENDCHAR
STARTCHAR uni01D4
ENCODING 468
SWIDTH 778 0
DWIDTH 7 0
BBX 6 8 0 0
BITMAP
48
30
00
CC
CC
CC
CC
78
ENDCHAR
STARTCHAR uni01DD
ENCODING 477
SWIDTH 778 0
DWIDTH 7 0
BBX 6 5 0 0
BITMAP
F8
0C
FC
CC
78
ENDCHAR
STARTCHAR uni01E2
ENCODING 482
SWIDTH 889 0
DWIDTH 8 0
BBX 7 9 0 0
BITMAP
3C
00
7E
D8
D8
FE
D8
D8
DE
ENDCHAR
STARTCHAR uni01E3
ENCODING 483
SWIDTH 1000 0
DWIDTH 9 0
BBX 8 7 0 0
BITMAP
3C
00
7E
DB
DE
D8
7F
ENDCHAR
STARTCHAR uni01E4
ENCODING 484
SWIDTH 778 0
DWIDTH 7 0
BBX 7 7 0 0
BITMAP
78
C0
C0
DC
DE
CC
7C
ENDCHAR
STARTCHAR uni01E5
ENCODING 485
SWIDTH 889 0
DWIDTH 8 0
BBX 7 7 0 -2
BITMAP
7C
CC
CC
CC
7C
FE
7C
ENDCHAR
STARTCHAR uni01E6
ENCODING 486
SWIDTH 778 0
DWIDTH 7 0
BBX 6 9 0 0
BITMAP
48
30
78
C0
C0
DC
CC
CC
7C
ENDCHAR
STARTCHAR uni01E7
ENCODING 487
SWIDTH 778 0
DWIDTH 7 0
BBX 6 10 0 -2
BITMAP
48
30
00
7C
CC
CC
CC
7C
0C
7C
ENDCHAR
STARTCHAR uni01E8
ENCODING 488
SWIDTH 778 0
DWIDTH 7 0
BBX 6 9 0 0
BITMAP
48
30
CC
D8
F0
E0
F0
D8
CC
ENDCHAR
STARTCHAR uni01E9
ENCODING 489
SWIDTH 667 0
DWIDTH 6 0
BBX 5 9 0 0
BITMAP
48
30
C0
C0
D8
F0
E0
F0
D8
ENDCHAR
STARTCHAR uni01EA
ENCODING 490
SWIDTH 778 0
DWIDTH 7 0
BBX 6 9 0 -2
BITMAP
78
CC
CC
CC
CC
CC
78
10
08
ENDCHAR
STARTCHAR uni01EB
ENCODING 491
SWIDTH 778 0
DWIDTH 7 0
BBX 6 7 0 -2
BITMAP
78
CC
CC
CC
78
10
08
ENDCHAR
STARTCHAR uni01EC
ENCODING 492
SWIDTH 778 0
DWIDTH 7 0
BBX 6 11 0 -2
BITMAP
78
00
78
CC
CC
CC
CC
CC
78
10
08
ENDCHAR
STARTCHAR uni01ED
ENCODING 493
SWIDTH 778 0
DWIDTH 7 0
BBX 6 9 0 -2
BITMAP
78
00
78
CC
CC
CC
78
10
08
ENDCHAR
STARTCHAR uni01EE
ENCODING 494
SWIDTH 778 0
DWIDTH 7 0
BBX 6 10 0 -1
BITMAP
48
30
78
0C
18
30
18
0C
CC
78
ENDCHAR
STARTCHAR uni01EF
ENCODING 495
SWIDTH 778 0
DWIDTH 7 0
BBX 6 9 0 -1
BITMAP
48
30
00
78
0C
18
0C
CC
78
ENDCHAR
STARTCHAR uni01F4
ENCODING 500
SWIDTH 778 0
DWIDTH 7 0
BBX 6 9 0 0
BITMAP
08
10
78
C0
C0
DC
CC
CC
7C
ENDCHAR
STARTCHAR uni01F5
ENCODING 501
SWIDTH 778 0
DWIDTH 7 0
BBX 6 10 0 -2
BITMAP
08
10
00
7C
CC
CC
CC
7C
0C
7C
ENDCHAR
STARTCHAR uni01F8
ENCODING 504
SWIDTH 889 0
DWIDTH 8 0
BBX 7 9 0 0
BITMAP
20
10
E6
F6
F6
DE
DE
CE
C6
ENDCHAR
STARTCHAR uni01F9
ENCODING 505
SWIDTH 778 0
DWIDTH 7 0
BBX 6 8 0 0
BITMAP
40
20
00
F8
CC
CC
CC
CC
ENDCHAR
STARTCHAR uni01FC
ENCODING 508
SWIDTH 889 0
DWIDTH 8 0
BBX 7 9 0 0
BITMAP
08
10
7E
D8
D8
FE
D8
D8
DE
ENDCHAR
STARTCHAR uni01FD
ENCODING 509
SWIDTH 1000 0
DWIDTH 9 0
BBX 8 8 0 0
BITMAP
04
08
00
7E
DB
DE
D8
7F
ENDCHAR
STARTCHAR uni01FE
ENCODING 510
SWIDTH 778 0
DWIDTH 7 0
BBX 6 9 0 0
BITMAP
08
10
78
CC
DC
FC
EC
CC
78
ENDCHAR
STARTCHAR uni01FF
ENCODING 511
SWIDTH 778 0
DWIDTH 7 0
BBX 6 8 0 0
BITMAP
08
10
00
78
CC
FC
CC
78
ENDCHAR
STARTCHAR uni0218
ENCODING 536
SWIDTH 778 0
DWIDTH 7 0
BBX 6 9 0 -2
BITMAP
78
CC
C0
78
0C
CC
78
20
40
ENDCHAR
STARTCHAR uni0219
ENCODING 537
SWIDTH 778 0
DWIDTH 7 0
BBX 6 7 0 -2
BITMAP
FC
C0
FC
0C
FC
20
40
ENDCHAR
STARTCHAR uni021A
ENCODING 538
SWIDTH 778 0
DWIDTH 7 0
BBX 6 9 0 -2
BITMAP
FC
30
30
30
30
30
30
20
40
ENDCHAR
STARTCHAR uni021B
ENCODING 539
SWIDTH 556 0
DWIDTH 5 0
BBX 4 9 0 -2
BITMAP
60
60
F0
60
60
60
70
20
40
ENDCHAR
STARTCHAR uni021E
ENCODING 542
SWIDTH 778 0
DWIDTH 7 0
BBX 6 9 0 0
BITMAP
48
30
CC
CC
CC
FC
CC
CC
CC
ENDCHAR
STARTCHAR uni021F
ENCODING 543
SWIDTH 778 0
DWIDTH 7 0
BBX 6 9 0 0
BITMAP
24
18
C0
C0
F8
CC
CC
CC
CC
ENDCHAR
STARTCHAR uni0224
ENCODING 548
SWIDTH 778 0
DWIDTH 7 0
BBX 6 8 0 -1
BITMAP
FC
0C
18
30
60
C0
FC
0C
ENDCHAR
STARTCHAR uni0225
ENCODING 549
SWIDTH 778 0
DWIDTH 7 0
BBX 6 6 0 -1
BITMAP
FC
0C
78
C0
FC
0C
ENDCHAR
STARTCHAR uni0226
ENCODING 550
SWIDTH 778 0
DWIDTH 7 0
BBX 6 9 0 0
BITMAP
30
00
30
78
48
CC
FC
CC
CC
ENDCHAR
STARTCHAR uni0227
ENCODING 551
SWIDTH 778 0
DWIDTH 7 0
BBX 6 7 0 0
BITMAP
30
00
7C
CC
CC
CC
7C
ENDCHAR
STARTCHAR uni0228
ENCODING 552
SWIDTH 778 0
DWIDTH 7 0
BBX 6 9 0 -2
BITMAP
FC
C0
C0
F8
C0
C0
FC
10
20
ENDCHAR
STARTCHAR uni0229
ENCODING 553
SWIDTH 778 0
DWIDTH 7 0
BBX 6 7 0 -2
BITMAP
78
CC
FC
C0
7C
10
20
ENDCHAR
STARTCHAR uni022E
ENCODING 558
SWIDTH 778 0
DWIDTH 7 0
BBX 6 9 0 0
BITMAP
30
00
78
CC
CC
CC
CC
CC
78
ENDCHAR
STARTCHAR uni022F
ENCODING 559
SWIDTH 778 0
DWIDTH 7 0
BBX 6 7 0 0
BITMAP
30
00
78
CC
CC
CC
78
ENDCHAR
STARTCHAR uni0232
ENCODING 562
SWIDTH 778 0
DWIDTH 7 0
BBX 6 9 0 0
BITMAP
78
00
CC
CC
CC
78
30
30
30
ENDCHAR
STARTCHAR uni0233
ENCODING 563
SWIDTH 778 0
DWIDTH 7 0
BBX 6 9 0 -2
BITMAP
78
00
CC
CC
78
78
30
30
E0
ENDCHAR
STARTCHAR uni0241
ENCODING 577
SWIDTH 778 0
DWIDTH 7 0
BBX 6 7 0 0
BITMAP
78
CC
0C
0C
38
30
30
ENDCHAR
STARTCHAR uni0242
ENCODING 578
SWIDTH 778 0
DWIDTH 7 0
BBX 6 5 0 0
BITMAP
78
CC
0C
38
30
ENDCHAR
STARTCHAR uni0243
ENCODING 579
SWIDTH 889 0
DWIDTH 8 0
BBX 7 7 0 0
BITMAP
7C
66
7C
66
F6
66
7C
ENDCHAR
STARTCHAR uni0244
ENCODING 580
SWIDTH 778 0
DWIDTH 7 0
BBX 6 7 0 0
BITMAP
CC
CC
CC
FC
CC
CC
78
ENDCHAR
STARTCHAR uni0253
ENCODING 595
SWIDTH 778 0
DWIDTH 7 0
BBX 6 7 0 0
BITMAP
E0
C0
F8
CC
CC
CC
F8
ENDCHAR
STARTCHAR uni0254
ENCODING 596
SWIDTH 778 0
DWIDTH 7 0
BBX 6 5 0 0
BITMAP
78
CC
0C
CC
78
ENDCHAR
STARTCHAR uni0256
ENCODING 598
SWIDTH 778 0
DWIDTH 7 0
BBX 7 8 0 -1
BITMAP
0C
0C
7C
CC
CC
CC
7C
06
ENDCHAR
STARTCHAR uni0257
ENCODING 599
SWIDTH 889 0
DWIDTH 8 0
BBX 7 7 0 0
BITMAP
0E
0C
7C
CC
CC
CC
7C
ENDCHAR
STARTCHAR uni0259
ENCODING 601
SWIDTH 778 0
DWIDTH 7 0
BBX 6 5 0 0
BITMAP
F8
0C
FC
CC
78
ENDCHAR
STARTCHAR uni025B
ENCODING 603
SWIDTH 778 0
DWIDTH 7 0
BBX 6 5 0 0
BITMAP
78
CC
60
CC
78
ENDCHAR
STARTCHAR uni0260
ENCODING 608
SWIDTH 889 0
DWIDTH 8 0
BBX 7 7 0 -2
BITMAP
7E
CC
CC
CC
7C
0C
7C
ENDCHAR
STARTCHAR uni0263
ENCODING 611
SWIDTH 889 0
DWIDTH 8 0
BBX 7 7 0 -2
BITMAP
C6
C6
6C
6C
38
6C
38
ENDCHAR
STARTCHAR uni0268
ENCODING 616
SWIDTH 556 0
DWIDTH 5 0
BBX 4 7 0 0
BITMAP
60
00
60
60
F0
60
60
ENDCHAR
STARTCHAR uni0272
ENCODING 626
SWIDTH 778 0
DWIDTH 7 0
BBX 7 6 -1 -1
BITMAP
7C
66
66
66
66
C0
ENDCHAR
STARTCHAR uni0289
ENCODING 649
SWIDTH 778 0
DWIDTH 7 0
BBX 6 5 0 0
BITMAP
CC
CC
FC
CC
78
ENDCHAR
STARTCHAR uni028B
ENCODING 651
SWIDTH 778 0
DWIDTH 7 0
BBX 6 5 0 0
BITMAP
DC
CC
CC
CC
78
ENDCHAR
STARTCHAR uni0292
ENCODING 658
SWIDTH 778 0
DWIDTH 7 0
BBX 6 6 0 -1
BITMAP
78
0C
18
0C
CC
78
ENDCHAR
STARTCHAR uni0294
ENCODING 660
SWIDTH 667 0
DWIDTH 6 0
BBX 5 7 0 0
BITMAP
70
D8
18
18
30
30
30
ENDCHAR
STARTCHAR uni0295
ENCODING 661
SWIDTH 667 0
DWIDTH 6 0
BBX 5 7 0 0
BITMAP
70
D8
C0
C0
60
60
60
ENDCHAR
STARTCHAR uni02AC
ENCODING 684
SWIDTH 1000 0
DWIDTH 9 0
BBX 8 7 0 0
BITMAP
DB
DB
7E
00
DB
DB
7E
ENDCHAR
STARTCHAR uni02B9
ENCODING 697
SWIDTH 333 0
DWIDTH 3 0
BBX 2 2 0 5
BITMAP
C0
C0
ENDCHAR
STARTCHAR uni02BA
ENCODING 698
SWIDTH 667 0
DWIDTH 6 0
BBX 5 2 0 5
BITMAP
D8
D8
ENDCHAR
STARTCHAR uni02BB
ENCODING 699
SWIDTH 333 0
DWIDTH 3 0
BBX 2 2 0 6
BITMAP
C0
C0
ENDCHAR
STARTCHAR uni02BC
ENCODING 700
SWIDTH 444 0
DWIDTH 4 0
BBX 3 2 0 6
BITMAP
C0
60
ENDCHAR
STARTCHAR uni02BD
ENCODING 701
SWIDTH 444 0
DWIDTH 4 0
BBX 3 2 0 6
BITMAP
C0
60
ENDCHAR
STARTCHAR uni02D0
ENCODING 720
SWIDTH 556 0
DWIDTH 5 0
BBX 4 5 0 0
BITMAP
F0
60
00
60
F0
ENDCHAR
STARTCHAR uni02D1
ENCODING 721
SWIDTH 556 0
DWIDTH 5 0
BBX 4 2 0 3
BITMAP
F0
60
ENDCHAR
STARTCHAR uni0374
ENCODING 884
SWIDTH 333 0
DWIDTH 3 0
BBX 2 2 0 6
BITMAP
C0
C0
ENDCHAR
STARTCHAR uni0375
ENCODING 885
SWIDTH 333 0
DWIDTH 3 0
BBX 2 2 0 -1
BITMAP
C0
C0
ENDCHAR
STARTCHAR uni037A
ENCODING 890
SWIDTH 333 0
DWIDTH 3 0
BBX 2 2 0 0
BITMAP
C0
C0
ENDCHAR
STARTCHAR uni037B
ENCODING 891
SWIDTH 778 0
DWIDTH 7 0
BBX 6 5 0 0
BITMAP
78
CC
0C
CC
78
ENDCHAR
STARTCHAR uni037C
ENCODING 892
SWIDTH 778 0
DWIDTH 7 0
BBX 6 5 0 0
BITMAP
7C
C0
D8
C0
7C
ENDCHAR
STARTCHAR uni037D
ENCODING 893
SWIDTH 778 0
DWIDTH 7 0
BBX 6 5 0 0
BITMAP
F8
0C
6C
0C
F8
ENDCHAR
STARTCHAR uni037E
ENCODING 894
SWIDTH 333 0
DWIDTH 3 0
BBX 2 6 0 -1
BITMAP
C0
00
00
00
C0
C0
ENDCHAR
STARTCHAR uni037F
ENCODING 895
SWIDTH 667 0
DWIDTH 6 0
BBX 5 7 0 0
BITMAP
18
18
18
18
D8
D8
70
ENDCHAR
STARTCHAR uni0384
ENCODING 900
SWIDTH 333 0
DWIDTH 3 0
BBX 2 2 0 6
BITMAP
C0
C0
ENDCHAR
STARTCHAR uni0385
ENCODING 901
SWIDTH 778 0
DWIDTH 7 0
BBX 6 2 0 6
BITMAP
30
B4
ENDCHAR
STARTCHAR uni0386
ENCODING 902
SWIDTH 778 0
DWIDTH 7 0
BBX 6 7 0 0
BITMAP
B0
F8
48
CC
FC
CC
CC
ENDCHAR
STARTCHAR uni0387
ENCODING 903
SWIDTH 333 0
DWIDTH 3 0
BBX 2 1 0 4
BITMAP
C0
ENDCHAR
STARTCHAR uni0388
ENCODING 904
SWIDTH 889 0
DWIDTH 8 0
BBX 7 7 0 0
BITMAP
FE
E0
60
7C
60
60
7E
ENDCHAR
STARTCHAR uni0389
ENCODING 905
SWIDTH 889 0
DWIDTH 8 0
BBX 7 7 0 0
BITMAP
E6
E6
66
7E
66
66
66
ENDCHAR
STARTCHAR uni038A
ENCODING 906
SWIDTH 667 0
DWIDTH 6 0
BBX 5 7 0 0
BITMAP
F8
B0
30
30
30
30
78
ENDCHAR
STARTCHAR uni038C
ENCODING 908
SWIDTH 889 0
DWIDTH 8 0
BBX 7 7 0 0
BITMAP
BC
E6
66
66
66
66
3C
ENDCHAR
STARTCHAR uni038E
ENCODING 910
SWIDTH 889 0
DWIDTH 8 0
BBX 7 7 0 0
BITMAP
E6
E6
66
3C
18
18
18
ENDCHAR
STARTCHAR uni038F
ENCODING 911
SWIDTH 1000 0
DWIDTH 9 0
BBX 8 7 0 0
BITMAP
BE
E3
63
63
63
36
77
ENDCHAR
STARTCHAR uni0390
ENCODING 912
SWIDTH 333 0
DWIDTH 3 0
BBX 6 8 -2 0
BITMAP
30
B4
00
30
30
30
30
30
ENDCHAR
STARTCHAR uni0391
ENCODING 913
SWIDTH 778 0
DWIDTH 7 0
BBX 6 7 0 0
BITMAP
30
78
48
CC
FC
CC
CC
ENDCHAR
STARTCHAR uni0392
ENCODING 914
SWIDTH 778 0
DWIDTH 7 0
BBX 6 7 0 0
BITMAP
F8
CC
CC
F8
CC
CC
F8
ENDCHAR
STARTCHAR uni0393
ENCODING 915
SWIDTH 778 0
DWIDTH 7 0
BBX 6 7 0 0
BITMAP
FC
C0
C0
C0
C0
C0
C0
ENDCHAR
STARTCHAR uni0394
ENCODING 916
SWIDTH 889 0
DWIDTH 8 0
BBX 7 7 0 0
BITMAP
38
6C
6C
6C
C6
C6
FE
ENDCHAR
STARTCHAR uni0395
ENCODING 917
SWIDTH 778 0
DWIDTH 7 0
BBX 6 7 0 0
BITMAP
FC
C0
C0
F8
C0
C0
FC
ENDCHAR
STARTCHAR uni0396
ENCODING 918
SWIDTH 778 0
DWIDTH 7 0
BBX 6 7 0 0
BITMAP
FC
0C
18
30
60
C0
FC
ENDCHAR
STARTCHAR uni0397
ENCODING 919
SWIDTH 778 0
DWIDTH 7 0
BBX 6 7 0 0
BITMAP
CC
CC
CC
FC
CC
CC
CC
ENDCHAR
STARTCHAR uni0398
ENCODING 920
SWIDTH 778 0
DWIDTH 7 0
BBX 6 7 0 0
BITMAP
78
CC
CC
FC
CC
CC
78
ENDCHAR
STARTCHAR uni0399
ENCODING 921
SWIDTH 556 0
DWIDTH 5 0
BBX 4 7 0 0
BITMAP
F0
60
60
60
60
60
F0
ENDCHAR
STARTCHAR uni039A
ENCODING 922
SWIDTH 778 0
DWIDTH 7 0
BBX 6 7 0 0
BITMAP
CC
D8
F0
E0
F0
D8
CC
ENDCHAR
STARTCHAR uni039B
ENCODING 923
SWIDTH 889 0
DWIDTH 8 0
BBX 7 7 0 0
BITMAP
38
6C
6C
6C
C6
C6
C6
ENDCHAR
STARTCHAR uni039C
ENCODING 924
SWIDTH 1000 0
DWIDTH 9 0
BBX 8 7 0 0
BITMAP
C3
E7
FF
DB
C3
C3
C3
ENDCHAR
STARTCHAR uni039D
ENCODING 925
SWIDTH 889 0
DWIDTH 8 0
BBX 7 7 0 0
BITMAP
E6
F6
F6
DE
DE
CE
C6
ENDCHAR
STARTCHAR uni039E
ENCODING 926
SWIDTH 778 0
DWIDTH 7 0
BBX 6 7 0 0
BITMAP
FC
00
00
78
00
00
FC
ENDCHAR
STARTCHAR uni039F
ENCODING 927
SWIDTH 778 0
DWIDTH 7 0
BBX 6 7 0 0
BITMAP
78
CC
CC
CC
CC
CC
78
ENDCHAR
STARTCHAR uni03A0
ENCODING 928
SWIDTH 778 0
DWIDTH 7 0
BBX 6 7 0 0
BITMAP
FC
CC
CC
CC
CC
CC
CC
ENDCHAR
STARTCHAR uni03A1
ENCODING 929
SWIDTH 778 0
DWIDTH 7 0
BBX 6 7 0 0
BITMAP
F8
CC
CC
F8
C0
C0
C0
ENDCHAR
STARTCHAR uni03A3
ENCODING 931
SWIDTH 667 0
DWIDTH 6 0
BBX 5 7 0 0
BITMAP
F8
C0
60
30
60
C0
F8
ENDCHAR
STARTCHAR uni03A4
ENCODING 932
SWIDTH 778 0
DWIDTH 7 0
BBX 6 7 0 0
BITMAP
FC
30
30
30
30
30
30
ENDCHAR
STARTCHAR uni03A5
ENCODING 933
SWIDTH 778 0
DWIDTH 7 0
BBX 6 7 0 0
BITMAP
CC
CC
CC
78
30
30
30
ENDCHAR
STARTCHAR uni03A6
ENCODING 934
SWIDTH 1000 0
DWIDTH 9 0
BBX 8 7 0 0
BITMAP
18
7E
DB
DB
DB
7E
18
ENDCHAR
STARTCHAR uni03A7
ENCODING 935
SWIDTH 778 0
DWIDTH 7 0
BBX 6 7 0 0
BITMAP
CC
CC
78
30
78
CC
CC
ENDCHAR
STARTCHAR uni03A8
ENCODING 936
SWIDTH 1000 0
DWIDTH 9 0
BBX 8 7 0 0
BITMAP
DB
DB
DB
7E
18
18
18
ENDCHAR
STARTCHAR uni03A9
ENCODING 937
SWIDTH 889 0
DWIDTH 8 0
BBX 7 7 0 0
BITMAP
7C
C6
C6
C6
C6
6C
EE
ENDCHAR
STARTCHAR uni03AA
ENCODING 938
SWIDTH 556 0
DWIDTH 5 0
BBX 4 9 0 0
BITMAP
90
00
F0
60
60
60
60
60
F0
ENDCHAR
STARTCHAR uni03AB
ENCODING 939
SWIDTH 778 0
DWIDTH 7 0
BBX 6 9 0 0
BITMAP
48
00
CC
CC
CC
78
30
30
30
ENDCHAR
STARTCHAR uni03AC
ENCODING 940
SWIDTH 778 0
DWIDTH 7 0
BBX 6 8 0 0
BITMAP
30
30
00
7C
CC
CC
CC
7C
ENDCHAR
STARTCHAR uni03AD
ENCODING 941
SWIDTH 667 0
DWIDTH 6 0
BBX 5 8 0 0
BITMAP
30
30
00
78
C0
70
C0
78
ENDCHAR
STARTCHAR uni03AE
ENCODING 942
SWIDTH 778 0
DWIDTH 7 0
BBX 6 9 0 -1
BITMAP
30
30
00
F8
CC
CC
CC
CC
0C
ENDCHAR
STARTCHAR uni03AF
ENCODING 943
SWIDTH 333 0
DWIDTH 3 0
BBX 2 8 0 0
BITMAP
C0
C0
00
C0
C0
C0
C0
C0
ENDCHAR
STARTCHAR uni03B0
ENCODING 944
SWIDTH 778 0
DWIDTH 7 0
BBX 6 8 0 0
BITMAP
30
B4
00
CC
CC
CC
CC
78
ENDCHAR
STARTCHAR uni03B1
ENCODING 945
SWIDTH 778 0
DWIDTH 7 0
BBX 6 5 0 0
BITMAP
7C
CC
CC
CC
7C
ENDCHAR
STARTCHAR uni03B2
ENCODING 946
SWIDTH 778 0
DWIDTH 7 0
BBX 6 8 0 -1
BITMAP
78
CC
CC
D8
CC
FC
D8
C0
ENDCHAR
STARTCHAR uni03B3
ENCODING 947
SWIDTH 778 0
DWIDTH 7 0
BBX 6 6 0 -1
BITMAP
CC
CC
CC
78
30
30
ENDCHAR
STARTCHAR uni03B4
ENCODING 948
SWIDTH 667 0
DWIDTH 6 0
BBX 5 7 0 0
BITMAP
78
C0
70
D8
D8
D8
70
ENDCHAR
STARTCHAR uni03B5
ENCODING 949
SWIDTH 667 0
DWIDTH 6 0
BBX 5 5 0 0
BITMAP
78
C0
70
C0
78
ENDCHAR
STARTCHAR uni03B6
ENCODING 950
SWIDTH 667 0
DWIDTH 6 0
BBX 5 8 0 -1
BITMAP
F8
18
30
60
C0
C0
70
18
ENDCHAR
STARTCHAR uni03B7
ENCODING 951
SWIDTH 778 0
DWIDTH 7 0
BBX 6 6 0 -1
BITMAP
F8
CC
CC
CC
CC
0C
ENDCHAR
STARTCHAR uni03B8
ENCODING 952
SWIDTH 778 0
DWIDTH 7 0
BBX 6 5 0 0
BITMAP
78
CC
FC
CC
78
ENDCHAR
STARTCHAR uni03B9
ENCODING 953
SWIDTH 333 0
DWIDTH 3 0
BBX 2 5 0 0
BITMAP
C0
C0
C0
C0
C0
ENDCHAR
STARTCHAR uni03BA
ENCODING 954
SWIDTH 667 0
DWIDTH 6 0
BBX 5 5 0 0
BITMAP
D8
F0
E0
F0
D8
ENDCHAR
STARTCHAR uni03BB
ENCODING 955
SWIDTH 667 0
DWIDTH 6 0
BBX 5 7 0 0
BITMAP
60
60
30
70
78
D8
D8
ENDCHAR
STARTCHAR uni03BC
ENCODING 956
SWIDTH 778 0
DWIDTH 7 0
BBX 6 6 0 -1
BITMAP
CC
CC
CC
CC
F8
C0
ENDCHAR
STARTCHAR uni03BD
ENCODING 957
SWIDTH 778 0
DWIDTH 7 0
BBX 6 5 0 0
BITMAP
CC
CC
CC
78
30
ENDCHAR
STARTCHAR uni03BE
ENCODING 958
SWIDTH 667 0
DWIDTH 6 0
BBX 5 8 0 -1
BITMAP
78
C0
70
C0
C0
C0
70
18
ENDCHAR
STARTCHAR uni03BF
ENCODING 959
SWIDTH 778 0
DWIDTH 7 0
BBX 6 5 0 0
BITMAP
78
CC
CC
CC
78
ENDCHAR
STARTCHAR uni03C0
ENCODING 960
SWIDTH 889 0
DWIDTH 8 0
BBX 7 5 0 0
BITMAP
FE
6C
6C
6C
6C
ENDCHAR
STARTCHAR uni03C1
ENCODING 961
SWIDTH 778 0
DWIDTH 7 0
BBX 6 7 0 -2
BITMAP
78
CC
CC
CC
F8
C0
C0
ENDCHAR
STARTCHAR uni03C2
ENCODING 962
SWIDTH 778 0
DWIDTH 7 0
BBX 6 7 0 -2
BITMAP
78
CC
C0
C0
70
18
30
ENDCHAR
STARTCHAR uni03C3
ENCODING 963
SWIDTH 778 0
DWIDTH 7 0
BBX 6 5 0 0
BITMAP
7C
D8
D8
D8
70
ENDCHAR
STARTCHAR uni03C4
ENCODING 964
SWIDTH 778 0
DWIDTH 7 0
BBX 6 5 0 0
BITMAP
FC
30
30
30
30
ENDCHAR
STARTCHAR uni03C5
ENCODING 965
SWIDTH 778 0
DWIDTH 7 0
BBX 6 5 0 0
BITMAP
CC
CC
CC
CC
78
ENDCHAR
STARTCHAR uni03C6
ENCODING 966
SWIDTH 1000 0
DWIDTH 9 0
BBX 8 6 0 -1
BITMAP
1E
DB
DB
7E
18
18
ENDCHAR
STARTCHAR uni03C7
ENCODING 967
SWIDTH 778 0
DWIDTH 7 0
BBX 6 6 0 -1
BITMAP
CC
78
30
30
78
CC
ENDCHAR
STARTCHAR uni03C8
ENCODING 968
SWIDTH 1000 0
DWIDTH 9 0
BBX 8 6 0 -1
BITMAP
DB
DB
DB
7E
18
18
ENDCHAR
STARTCHAR uni03C9
ENCODING 969
SWIDTH 889 0
DWIDTH 8 0
BBX 7 5 0 0
BITMAP
6C
C6
D6
D6
6C
ENDCHAR
STARTCHAR uni03CA
ENCODING 970
SWIDTH 333 0
DWIDTH 3 0
BBX 4 7 -1 0
BITMAP
90
00
60
60
60
60
60
ENDCHAR
STARTCHAR uni03CB
ENCODING 971
SWIDTH 778 0
DWIDTH 7 0
BBX 6 7 0 0
BITMAP
48
00
CC
CC
CC
CC
78
ENDCHAR
STARTCHAR uni03CC
ENCODING 972
SWIDTH 778 0
DWIDTH 7 0
BBX 6 8 0 0
BITMAP
30
30
00
78
CC
CC
CC
78
ENDCHAR
STARTCHAR uni03CD
ENCODING 973
SWIDTH 778 0
DWIDTH 7 0
BBX 6 8 0 0
BITMAP
30
30
00
CC
CC
CC
CC
78
ENDCHAR
STARTCHAR uni03CE
ENCODING 974
SWIDTH 889 0
DWIDTH 8 0
BBX 7 8 0 0
BITMAP
10
10
00
6C
C6
D6
D6
6C
ENDCHAR
STARTCHAR uni03CF
ENCODING 975
SWIDTH 778 0
DWIDTH 7 0
BBX 6 8 0 -1
BITMAP
CC
D8
F0
E0
F0
D8
CC
18
ENDCHAR
STARTCHAR uni03D5
ENCODING 981
SWIDTH 1000 0
DWIDTH 9 0
BBX 8 7 0 -1
BITMAP
18
7E
DB
DB
DB
7E
18
ENDCHAR
STARTCHAR uni03D6
ENCODING 982
SWIDTH 1000 0
DWIDTH 9 0
BBX 8 5 0 0
BITMAP
FF
42
DB
DB
66
ENDCHAR
STARTCHAR uni03D7
ENCODING 983
SWIDTH 889 0
DWIDTH 8 0
BBX 7 6 0 -1
BITMAP
66
2C
38
68
CC
04
ENDCHAR
STARTCHAR uni03D8
ENCODING 984
SWIDTH 778 0
DWIDTH 7 0
BBX 6 9 0 -2
BITMAP
78
CC
CC
CC
CC
CC
78
30
30
ENDCHAR
STARTCHAR uni03D9
ENCODING 985
SWIDTH 778 0
DWIDTH 7 0
BBX 6 7 0 -2
BITMAP
78
CC
CC
CC
78
30
30
ENDCHAR
STARTCHAR uni03DA
ENCODING 986
SWIDTH 778 0
DWIDTH 7 0
BBX 6 7 0 0
BITMAP
78
CC
C0
C0
C0
78
18
ENDCHAR
STARTCHAR uni03DB
ENCODING 987
SWIDTH 778 0
DWIDTH 7 0
BBX 6 7 0 -2
BITMAP
78
CC
C0
C0
70
18
70
ENDCHAR
STARTCHAR uni03DC
ENCODING 988
SWIDTH 778 0
DWIDTH 7 0
BBX 6 7 0 0
BITMAP
FC
C0
C0
F8
D8
C0
C0
ENDCHAR
STARTCHAR uni03DD
ENCODING 989
SWIDTH 556 0
DWIDTH 5 0
BBX 4 7 0 -1
BITMAP
F0
C0
C0
F0
D0
C0
C0
ENDCHAR
STARTCHAR uni03E4
ENCODING 996
SWIDTH 889 0
DWIDTH 8 0
BBX 7 7 0 0
BITMAP
76
C6
C6
C6
7E
06
06
ENDCHAR
STARTCHAR uni03E5
ENCODING 997
SWIDTH 778 0
DWIDTH 7 0
BBX 6 7 0 0
BITMAP
6C
CC
CC
CC
7C
0C
0C
ENDCHAR
STARTCHAR uni03E8
ENCODING 1000
SWIDTH 889 0
DWIDTH 8 0
BBX 7 7 0 0
BITMAP
70
D8
18
70
C6
C6
7C
ENDCHAR
STARTCHAR uni03E9
ENCODING 1001
SWIDTH 778 0
DWIDTH 7 0
BBX 6 7 0 0
BITMAP
70
D8
18
70
C0
C0
7C
ENDCHAR
STARTCHAR uni03EC
ENCODING 1004
SWIDTH 778 0
DWIDTH 7 0
BBX 6 7 0 0
BITMAP
7C
C0
F8
CC
CC
CC
78
ENDCHAR
STARTCHAR uni03ED
ENCODING 1005
SWIDTH 778 0
DWIDTH 7 0
BBX 6 5 0 0
BITMAP
7C
C0
D8
CC
78
ENDCHAR
STARTCHAR uni03F0
ENCODING 1008
SWIDTH 889 0
DWIDTH 8 0
BBX 7 5 0 0
BITMAP
66
2C
38
68
CC
ENDCHAR
STARTCHAR uni03F2
ENCODING 1010
SWIDTH 778 0
DWIDTH 7 0
BBX 6 5 0 0
BITMAP
78
CC
C0
CC
78
ENDCHAR
STARTCHAR uni03F3
ENCODING 1011
SWIDTH 667 0
DWIDTH 6 0
BBX 5 8 0 -1
BITMAP
18
00
18
18
18
18
D8
70
ENDCHAR
STARTCHAR uni03F5
ENCODING 1013
SWIDTH 667 0
DWIDTH 6 0
BBX 5 5 0 0
BITMAP
78
C0
F0
C0
78
ENDCHAR
STARTCHAR uni03F6
ENCODING 1014
SWIDTH 667 0
DWIDTH 6 0
BBX 5 5 0 0
BITMAP
F0
18
78
18
F0
ENDCHAR
STARTCHAR uni03F7
ENCODING 1015
SWIDTH 778 0
DWIDTH 7 0
BBX 6 7 0 0
BITMAP
C0
F8
CC
CC
CC
F8
C0
ENDCHAR
STARTCHAR uni03F8
ENCODING 1016
SWIDTH 778 0
DWIDTH 7 0
BBX 6 8 0 -1
BITMAP
C0
C0
F8
CC
CC
CC
F8
C0
ENDCHAR
STARTCHAR uni03F9
ENCODING 1017
SWIDTH 778 0
DWIDTH 7 0
BBX 6 7 0 0
BITMAP
78
CC
C0
C0
C0
CC
78
ENDCHAR
STARTCHAR uni03FA
ENCODING 1018
SWIDTH 1000 0
DWIDTH 9 0
BBX 8 7 0 0
BITMAP
E7
FF
DB
C3
C3
C3
C3
ENDCHAR
STARTCHAR uni03FB
ENCODING 1019
SWIDTH 1000 0
DWIDTH 9 0
BBX 8 6 0 -1
BITMAP
C3
E7
E7
DB
DB
C0
ENDCHAR
STARTCHAR uni03FD
ENCODING 1021
SWIDTH 778 0
DWIDTH 7 0
BBX 6 7 0 0
BITMAP
78
CC
0C
0C
0C
CC
78
ENDCHAR
STARTCHAR uni03FE
ENCODING 1022
SWIDTH 778 0
DWIDTH 7 0
BBX 6 7 0 0
BITMAP
78
CC
C0
D8
C0
CC
78
ENDCHAR
STARTCHAR uni03FF
ENCODING 1023
SWIDTH 778 0
DWIDTH 7 0
BBX 6 7 0 0
BITMAP
78
CC
0C
6C
0C
CC
78
ENDCHAR
STARTCHAR uni0400
ENCODING 1024
SWIDTH 778 0
DWIDTH 7 0
BBX 6 9 0 0
BITMAP
40
20
FC
C0
C0
F8
C0
C0
FC
ENDCHAR
STARTCHAR uni0401
ENCODING 1025
SWIDTH 778 0
DWIDTH 7 0
BBX 6 9 0 0
BITMAP
48
00
FC
C0
C0
F8
C0
C0
FC
ENDCHAR
STARTCHAR uni0402
ENCODING 1026
SWIDTH 889 0
DWIDTH 8 0
BBX 7 7 0 0
BITMAP
FC
60
60
7C
66
66
6C
ENDCHAR
STARTCHAR uni0403
ENCODING 1027
SWIDTH 778 0
DWIDTH 7 0
BBX 6 9 0 0
BITMAP
08
10
FC
C0
C0
C0
C0
C0
C0
ENDCHAR
STARTCHAR uni0404
ENCODING 1028
SWIDTH 778 0
DWIDTH 7 0
BBX 6 7 0 0
BITMAP
38
6C
C0
F0
C0
6C
38
ENDCHAR
STARTCHAR uni0405
ENCODING 1029
SWIDTH 778 0
DWIDTH 7 0
BBX 6 7 0 0
BITMAP
78
CC
C0
78
0C
CC
78
ENDCHAR
STARTCHAR uni0406
ENCODING 1030
SWIDTH 556 0
DWIDTH 5 0
BBX 4 7 0 0
BITMAP
F0
60
60
60
60
60
F0
ENDCHAR
STARTCHAR uni0407
ENCODING 1031
SWIDTH 556 0
DWIDTH 5 0
BBX 4 9 0 0
BITMAP
90
00
F0
60
60
60
60
60
F0
ENDCHAR
STARTCHAR uni0408
ENCODING 1032
SWIDTH 667 0
DWIDTH 6 0
BBX 5 7 0 0
BITMAP
18
18
18
18
D8
D8
70
ENDCHAR
STARTCHAR uni0409
ENCODING 1033
SWIDTH 1111 0
DWIDTH 10 0
BBX 9 7 0 0
BITMAP
7C00
6C00
6C00
6F00
6D80
6D80
CF00
ENDCHAR
STARTCHAR uni040A
ENCODING 1034
SWIDTH 1111 0
DWIDTH 10 0
BBX 9 7 0 0
BITMAP
CC00
CC00
CC00
FF00
CD80
CD80
CF00
ENDCHAR
STARTCHAR uni040B
ENCODING 1035
SWIDTH 778 0
DWIDTH 7 0
BBX 6 7 0 0
BITMAP
F8
60
60
78
6C
6C
6C
ENDCHAR
STARTCHAR uni040C
ENCODING 1036
SWIDTH 778 0
DWIDTH 7 0
BBX 6 9 0 0
BITMAP
08
10
CC
D8
F0
E0
F0
D8
CC
ENDCHAR
STARTCHAR uni040D
ENCODING 1037
SWIDTH 778 0
DWIDTH 7 0
BBX 6 8 0 0
BITMAP
40
20
00
CC
DC
FC
EC
CC
ENDCHAR
STARTCHAR uni040E
ENCODING 1038
SWIDTH 778 0
DWIDTH 7 0
BBX 6 9 0 0
BITMAP
48
30
CC
CC
CC
78
38
18
F0
ENDCHAR
STARTCHAR uni040F
ENCODING 1039
SWIDTH 778 0
DWIDTH 7 0
BBX 6 8 0 -1
BITMAP
CC
CC
CC
CC
CC
CC
FC
30
ENDCHAR
STARTCHAR uni0410
ENCODING 1040
SWIDTH 778 0
DWIDTH 7 0
BBX 6 7 0 0
BITMAP
30
78
48
CC
FC
CC
CC
ENDCHAR
STARTCHAR uni0411
ENCODING 1041
SWIDTH 778 0
DWIDTH 7 0
BBX 6 7 0 0
BITMAP
F8
C0
C0
F8
CC
CC
F8
ENDCHAR
STARTCHAR uni0412
ENCODING 1042
SWIDTH 778 0
DWIDTH 7 0
BBX 6 7 0 0
BITMAP
F8
CC
CC
F8
CC
CC
F8
ENDCHAR
STARTCHAR uni0413
ENCODING 1043
SWIDTH 778 0
DWIDTH 7 0
BBX 6 7 0 0
BITMAP
FC
C0
C0
C0
C0
C0
C0
ENDCHAR
STARTCHAR uni0414
ENCODING 1044
SWIDTH 889 0
DWIDTH 8 0
BBX 7 8 0 -1
BITMAP
38
6C
6C
6C
6C
6C
FE
C6
ENDCHAR
STARTCHAR uni0415
ENCODING 1045
SWIDTH 778 0
DWIDTH 7 0
BBX 6 7 0 0
BITMAP
FC
C0
C0
F8
C0
C0
FC
ENDCHAR
STARTCHAR uni0416
ENCODING 1046
SWIDTH 1000 0
DWIDTH 9 0
BBX 8 7 0 0
BITMAP
DB
DB
7E
3C
7E
DB
DB
ENDCHAR
STARTCHAR uni0417
ENCODING 1047
SWIDTH 778 0
DWIDTH 7 0
BBX 6 7 0 0
BITMAP
78
CC
18
30
18
CC
78
ENDCHAR
STARTCHAR uni0418
ENCODING 1048
SWIDTH 889 0
DWIDTH 8 0
BBX 7 7 0 0
BITMAP
CE
CE
D6
D6
D6
E6
E6
ENDCHAR
STARTCHAR uni0419
ENCODING 1049
SWIDTH 889 0
DWIDTH 8 0
BBX 7 9 0 0
BITMAP
48
30
CE
CE
D6
D6
D6
E6
E6
ENDCHAR
STARTCHAR uni041A
ENCODING 1050
SWIDTH 778 0
DWIDTH 7 0
BBX 6 7 0 0
BITMAP
CC
D8
F0
E0
F0
D8
CC
ENDCHAR
STARTCHAR uni041B
ENCODING 1051
SWIDTH 778 0
DWIDTH 7 0
BBX 6 7 0 0
BITMAP
7C
6C
6C
6C
6C
6C
CC
ENDCHAR
STARTCHAR uni041C
ENCODING 1052
SWIDTH 1000 0
DWIDTH 9 0
BBX 8 7 0 0
BITMAP
C3
E7
FF
DB
C3
C3
C3
ENDCHAR
STARTCHAR uni041D
ENCODING 1053
SWIDTH 778 0
DWIDTH 7 0
BBX 6 7 0 0
BITMAP
CC
CC
CC
FC
CC
CC
CC
ENDCHAR
STARTCHAR uni041E
ENCODING 1054
SWIDTH 778 0
DWIDTH 7 0
BBX 6 7 0 0
BITMAP
78
CC
CC
CC
CC
CC
78
ENDCHAR
STARTCHAR uni041F
ENCODING 1055
SWIDTH 778 0
DWIDTH 7 0
BBX 6 7 0 0
BITMAP
FC
CC
CC
CC
CC
CC
CC
ENDCHAR
STARTCHAR uni0420
ENCODING 1056
SWIDTH 778 0
DWIDTH 7 0
BBX 6 7 0 0
BITMAP
F8
CC
CC
F8
C0
C0
C0
ENDCHAR
STARTCHAR uni0421
ENCODING 1057
SWIDTH 778 0
DWIDTH 7 0
BBX 6 7 0 0
BITMAP
78
CC
C0
C0
C0
CC
78
ENDCHAR
STARTCHAR uni0422
ENCODING 1058
SWIDTH 778 0
DWIDTH 7 0
BBX 6 7 0 0
BITMAP
FC
30
30
30
30
30
30
ENDCHAR
STARTCHAR uni0423
ENCODING 1059
SWIDTH 778 0
DWIDTH 7 0
BBX 6 7 0 0
BITMAP
CC
CC
CC
78
38
18
F0
ENDCHAR
STARTCHAR uni0424
ENCODING 1060
SWIDTH 1000 0
DWIDTH 9 0
BBX 8 7 0 0
BITMAP
18
7E
DB
DB
DB
7E
18
ENDCHAR
STARTCHAR uni0425
ENCODING 1061
SWIDTH 778 0
DWIDTH 7 0
BBX 6 7 0 0
BITMAP
CC
CC
78
30
78
CC
CC
ENDCHAR
STARTCHAR uni0426
ENCODING 1062
SWIDTH 778 0
DWIDTH 7 0
BBX 6 8 0 -1
BITMAP
CC
CC
CC
CC
CC
CC
FC
0C
ENDCHAR
STARTCHAR uni0427
ENCODING 1063
SWIDTH 778 0
DWIDTH 7 0
BBX 6 7 0 0
BITMAP
CC
CC
CC
7C
0C
0C
0C
ENDCHAR
STARTCHAR uni0428
ENCODING 1064
SWIDTH 1000 0
DWIDTH 9 0
BBX 8 7 0 0
BITMAP
DB
DB
DB
DB
DB
DB
FF
ENDCHAR
STARTCHAR uni0429
ENCODING 1065
SWIDTH 1000 0
DWIDTH 9 0
BBX 8 8 0 -1
BITMAP
DB
DB
DB
DB
DB
DB
FF
03
ENDCHAR
STARTCHAR uni042A
ENCODING 1066
SWIDTH 889 0
DWIDTH 8 0
BBX 7 7 0 0
BITMAP
F0
30
30
3C
36
36
3C
ENDCHAR
STARTCHAR uni042B
ENCODING 1067
SWIDTH 1000 0
DWIDTH 9 0
BBX 8 7 0 0
BITMAP
C3
C3
C3
F3
DB
DB
F3
ENDCHAR
STARTCHAR uni042C
ENCODING 1068
SWIDTH 778 0
DWIDTH 7 0
BBX 6 7 0 0
BITMAP
C0
C0
C0
F8
CC
CC
F8
ENDCHAR
STARTCHAR uni042D
ENCODING 1069
SWIDTH 778 0
DWIDTH 7 0
BBX 6 7 0 0
BITMAP
70
D8
0C
3C
0C
D8
70
ENDCHAR
STARTCHAR uni042E
ENCODING 1070
SWIDTH 1000 0
DWIDTH 9 0
BBX 8 7 0 0
BITMAP
CE
DB
DB
FB
DB
DB
CE
ENDCHAR
STARTCHAR uni042F
ENCODING 1071
SWIDTH 778 0
DWIDTH 7 0
BBX 6 7 0 0
BITMAP
7C
CC
CC
7C
6C
CC
CC
ENDCHAR
STARTCHAR uni0430
ENCODING 1072
SWIDTH 778 0
DWIDTH 7 0
BBX 6 5 0 0
BITMAP
7C
CC
CC
CC
7C
ENDCHAR
STARTCHAR uni0431
ENCODING 1073
SWIDTH 778 0
DWIDTH 7 0
BBX 6 7 0 0
BITMAP
78
C0
C0
F8
CC
CC
78
ENDCHAR
STARTCHAR uni0432
ENCODING 1074
SWIDTH 778 0
DWIDTH 7 0
BBX 6 5 0 0
BITMAP
F8
CC
F8
CC
F8
ENDCHAR
STARTCHAR uni0433
ENCODING 1075
SWIDTH 667 0
DWIDTH 6 0
BBX 5 5 0 0
BITMAP
F8
C0
C0
C0
C0
ENDCHAR
STARTCHAR uni0434
ENCODING 1076
SWIDTH 889 0
DWIDTH 8 0
BBX 7 6 0 -1
BITMAP
38
6C
6C
6C
FE
C6
ENDCHAR
STARTCHAR uni0435
ENCODING 1077
SWIDTH 778 0
DWIDTH 7 0
BBX 6 5 0 0
BITMAP
78
CC
FC
C0
7C
ENDCHAR
STARTCHAR uni0436
ENCODING 1078
SWIDTH 1000 0
DWIDTH 9 0
BBX 8 5 0 0
BITMAP
DB
DB
3C
DB
DB
ENDCHAR
STARTCHAR uni0437
ENCODING 1079
SWIDTH 778 0
DWIDTH 7 0
BBX 6 5 0 0
BITMAP
78
CC
18
CC
78
ENDCHAR
STARTCHAR uni0438
ENCODING 1080
SWIDTH 778 0
DWIDTH 7 0
BBX 6 5 0 0
BITMAP
CC
DC
FC
EC
CC
ENDCHAR
STARTCHAR uni0439
ENCODING 1081
SWIDTH 778 0
DWIDTH 7 0
BBX 6 8 0 0
BITMAP
48
30
00
CC
DC
FC
EC
CC
ENDCHAR
STARTCHAR uni043A
ENCODING 1082
SWIDTH 778 0
DWIDTH 7 0
BBX 6 5 0 0
BITMAP
CC
D8
F0
D8
CC
ENDCHAR
STARTCHAR uni043B
ENCODING 1083
SWIDTH 778 0
DWIDTH 7 0
BBX 6 5 0 0
BITMAP
7C
6C
6C
6C
CC
ENDCHAR
STARTCHAR uni043C
ENCODING 1084
SWIDTH 889 0
DWIDTH 8 0
BBX 7 5 0 0
BITMAP
C6
EE
D6
D6
C6
ENDCHAR
STARTCHAR uni043D
ENCODING 1085
SWIDTH 778 0
DWIDTH 7 0
BBX 6 5 0 0
BITMAP
CC
CC
FC
CC
CC
ENDCHAR
STARTCHAR uni043E
ENCODING 1086
SWIDTH 778 0
DWIDTH 7 0
BBX 6 5 0 0
BITMAP
78
CC
CC
CC
78
ENDCHAR
STARTCHAR uni043F
ENCODING 1087
SWIDTH 778 0
DWIDTH 7 0
BBX 6 5 0 0
BITMAP
FC
CC
CC
CC
CC
ENDCHAR
STARTCHAR uni0440
ENCODING 1088
SWIDTH 778 0
DWIDTH 7 0
BBX 6 7 0 -2
BITMAP
78
CC
CC
CC
F8
C0
C0
ENDCHAR
STARTCHAR uni0441
ENCODING 1089
SWIDTH 778 0
DWIDTH 7 0
BBX 6 5 0 0
BITMAP
7C
C0
C0
C0
7C
ENDCHAR
STARTCHAR uni0442
ENCODING 1090
SWIDTH 778 0
DWIDTH 7 0
BBX 6 5 0 0
BITMAP
FC
30
30
30
30
ENDCHAR
STARTCHAR uni0443
ENCODING 1091
SWIDTH 778 0
DWIDTH 7 0
BBX 6 6 0 -1
BITMAP
CC
CC
CC
78
18
F0
ENDCHAR
STARTCHAR uni0444
ENCODING 1092
SWIDTH 1000 0
DWIDTH 9 0
BBX 8 7 0 -1
BITMAP
18
FF
DB
DB
DB
FF
18
ENDCHAR
STARTCHAR uni0445
ENCODING 1093
SWIDTH 778 0
DWIDTH 7 0
BBX 6 5 0 0
BITMAP
CC
78
30
78
CC
ENDCHAR
STARTCHAR uni0446
ENCODING 1094
SWIDTH 778 0
DWIDTH 7 0
BBX 6 6 0 -1
BITMAP
CC
CC
CC
CC
FC
0C
ENDCHAR
STARTCHAR uni0447
ENCODING 1095
SWIDTH 778 0
DWIDTH 7 0
BBX 6 5 0 0
BITMAP
CC
CC
7C
0C
0C
ENDCHAR
STARTCHAR uni0448
ENCODING 1096
SWIDTH 1000 0
DWIDTH 9 0
BBX 8 5 0 0
BITMAP
DB
DB
DB
DB
FF
ENDCHAR
STARTCHAR uni0449
ENCODING 1097
SWIDTH 1000 0
DWIDTH 9 0
BBX 8 6 0 -1
BITMAP
DB
DB
DB
DB
FF
03
ENDCHAR
STARTCHAR uni044A
ENCODING 1098
SWIDTH 889 0
DWIDTH 8 0
BBX 7 5 0 0
BITMAP
F0
30
3C
36
3C
ENDCHAR
STARTCHAR uni044B
ENCODING 1099
SWIDTH 1000 0
DWIDTH 9 0
BBX 8 5 0 0
BITMAP
C3
C3
F3
DB
F3
ENDCHAR
STARTCHAR uni044C
ENCODING 1100
SWIDTH 778 0
DWIDTH 7 0
BBX 6 5 0 0
BITMAP
C0
C0
F8
CC
F8
ENDCHAR
STARTCHAR uni044D
ENCODING 1101
SWIDTH 778 0
DWIDTH 7 0
BBX 6 5 0 0
BITMAP
78
CC
3C
CC
78
ENDCHAR
STARTCHAR uni044E
ENCODING 1102
SWIDTH 1000 0
DWIDTH 9 0
BBX 8 5 0 0
BITMAP
CE
DB
FB
DB
CE
ENDCHAR
STARTCHAR uni044F
ENCODING 1103
SWIDTH 778 0
DWIDTH 7 0
BBX 6 5 0 0
BITMAP
7C
CC
7C
CC
CC
ENDCHAR
STARTCHAR uni0450
ENCODING 1104
SWIDTH 778 0
DWIDTH 7 0
BBX 6 8 0 0
BITMAP
40
20
00
78
CC
FC
C0
7C
ENDCHAR
STARTCHAR uni0451
ENCODING 1105
SWIDTH 778 0
DWIDTH 7 0
BBX 6 7 0 0
BITMAP
48
00
78
CC
FC
C0
7C
ENDCHAR
STARTCHAR uni0452
ENCODING 1106
SWIDTH 778 0
DWIDTH 7 0
BBX 6 9 0 -2
BITMAP
60
F0
60
78
6C
6C
6C
0C
18
ENDCHAR
STARTCHAR uni0453
ENCODING 1107
SWIDTH 667 0
DWIDTH 6 0
BBX 5 8 0 0
BITMAP
10
20
00
F8
C0
C0
C0
C0
ENDCHAR
STARTCHAR uni0454
ENCODING 1108
SWIDTH 778 0
DWIDTH 7 0
BBX 6 5 0 0
BITMAP
78
CC
F0
CC
78
ENDCHAR
STARTCHAR uni0455
ENCODING 1109
SWIDTH 778 0
DWIDTH 7 0
BBX 6 5 0 0
BITMAP
7C
C0
78
0C
F8
ENDCHAR
STARTCHAR uni0456
ENCODING 1110
SWIDTH 333 0
DWIDTH 3 0
BBX 2 7 0 0
BITMAP
C0
00
C0
C0
C0
C0
C0
ENDCHAR
STARTCHAR uni0457
ENCODING 1111
SWIDTH 333 0
DWIDTH 3 0
BBX 4 7 -1 0
BITMAP
90
00
60
60
60
60
60
ENDCHAR
STARTCHAR uni0458
ENCODING 1112
SWIDTH 667 0
DWIDTH 6 0
BBX 5 8 0 -1
BITMAP
18
00
18
18
18
18
D8
70
ENDCHAR
STARTCHAR uni0459
ENCODING 1113
SWIDTH 1111 0
DWIDTH 10 0
BBX 9 5 0 0
BITMAP
7C00
6C00
6F00
6D80
CF00
ENDCHAR
STARTCHAR uni045A
ENCODING 1114
SWIDTH 1111 0
DWIDTH 10 0
BBX 9 5 0 0
BITMAP
CC00
CC00
FF00
CD80
CF00
ENDCHAR
STARTCHAR uni045B
ENCODING 1115
SWIDTH 778 0
DWIDTH 7 0
BBX 6 7 0 0
BITMAP
60
F0
60
78
6C
6C
6C
ENDCHAR
STARTCHAR uni045C
ENCODING 1116
SWIDTH 778 0
DWIDTH 7 0
BBX 6 8 0 0
BITMAP
08
10
00
CC
D8
F0
D8
CC
ENDCHAR
STARTCHAR uni045D
ENCODING 1117
SWIDTH 889 0
DWIDTH 8 0
BBX 7 9 0 0
BITMAP
40
20
CE
CE
D6
D6
D6
E6
E6
ENDCHAR
STARTCHAR uni045E
ENCODING 1118
SWIDTH 778 0
DWIDTH 7 0
BBX 6 9 0 -1
BITMAP
48
30
00
CC
CC
CC
78
18
F0
ENDCHAR
STARTCHAR uni045F
ENCODING 1119
SWIDTH 778 0
DWIDTH 7 0
BBX 6 6 0 -1
BITMAP
CC
CC
CC
CC
FC
30
ENDCHAR
STARTCHAR uni048A
ENCODING 1162
SWIDTH 889 0
DWIDTH 8 0
BBX 7 10 0 -1
BITMAP
48
30
CE
CE
D6
D6
D6
E6
E6
06
ENDCHAR
STARTCHAR uni048B
ENCODING 1163
SWIDTH 778 0
DWIDTH 7 0
BBX 6 9 0 -1
BITMAP
48
30
00
CC
DC
FC
EC
CC
0C
ENDCHAR
STARTCHAR uni048C
ENCODING 1164
SWIDTH 778 0
DWIDTH 7 0
BBX 6 7 0 0
BITMAP
C0
E0
C0
F8
CC
CC
F8
ENDCHAR
STARTCHAR uni048D
ENCODING 1165
SWIDTH 778 0
DWIDTH 7 0
BBX 6 5 0 0
BITMAP
E0
C0
F8
CC
F8
ENDCHAR
STARTCHAR uni0490
ENCODING 1168
SWIDTH 778 0
DWIDTH 7 0
BBX 6 8 0 0
BITMAP
0C
FC
C0
C0
C0
C0
C0
C0
ENDCHAR
STARTCHAR uni0491
ENCODING 1169
SWIDTH 667 0
DWIDTH 6 0
BBX 5 6 0 0
BITMAP
18
F8
C0
C0
C0
C0
ENDCHAR
STARTCHAR uni0492
ENCODING 1170
SWIDTH 778 0
DWIDTH 7 0
BBX 6 7 0 0
BITMAP
7C
60
60
F8
60
60
60
ENDCHAR
STARTCHAR uni0493
ENCODING 1171
SWIDTH 667 0
DWIDTH 6 0
BBX 5 5 0 0
BITMAP
78
60
F0
60
60
ENDCHAR
STARTCHAR uni0496
ENCODING 1174
SWIDTH 1000 0
DWIDTH 9 0
BBX 8 8 0 -1
BITMAP
DB
DB
7E
3C
7E
DB
DB
03
ENDCHAR
STARTCHAR uni0497
ENCODING 1175
SWIDTH 1000 0
DWIDTH 9 0
BBX 8 6 0 -1
BITMAP
DB
DB
3C
DB
DB
03
ENDCHAR
STARTCHAR uni0498
ENCODING 1176
SWIDTH 778 0
DWIDTH 7 0
BBX 6 9 0 -2
BITMAP
78
CC
18
30
18
CC
78
10
30
ENDCHAR
STARTCHAR uni0499
ENCODING 1177
SWIDTH 778 0
DWIDTH 7 0
BBX 6 7 0 -2
BITMAP
78
CC
18
CC
78
10
30
ENDCHAR
STARTCHAR uni049A
ENCODING 1178
SWIDTH 667 0
DWIDTH 6 0
BBX 6 8 0 -1
BITMAP
CC
D8
F0
E0
F0
D8
CC
0C
ENDCHAR
STARTCHAR uni049B
ENCODING 1179
SWIDTH 778 0
DWIDTH 7 0
BBX 6 6 0 -1
BITMAP
CC
D8
F0
D8
CC
0C
ENDCHAR
STARTCHAR uni049E
ENCODING 1182
SWIDTH 889 0
DWIDTH 8 0
BBX 7 7 0 0
BITMAP
66
FC
78
70
78
6C
66
ENDCHAR
STARTCHAR uni049F
ENCODING 1183
SWIDTH 778 0
DWIDTH 7 0
BBX 6 7 0 0
BITMAP
60
F0
6C
78
70
78
6C
ENDCHAR
STARTCHAR uni04A0
ENCODING 1184
SWIDTH 889 0
DWIDTH 8 0
BBX 7 7 0 0
BITMAP
E6
6C
78
70
78
6C
66
ENDCHAR
STARTCHAR uni04A1
ENCODING 1185
SWIDTH 778 0
DWIDTH 7 0
BBX 6 5 0 0
BITMAP
EC
78
70
78
6C
ENDCHAR
STARTCHAR uni04A2
ENCODING 1186
SWIDTH 778 0
DWIDTH 7 0
BBX 6 8 0 -1
BITMAP
CC
CC
CC
FC
CC
CC
CC
0C
ENDCHAR
STARTCHAR uni04A3
ENCODING 1187
SWIDTH 778 0
DWIDTH 7 0
BBX 6 6 0 -1
BITMAP
CC
CC
FC
CC
CC
0C
ENDCHAR
STARTCHAR uni04A4
ENCODING 1188
SWIDTH 889 0
DWIDTH 8 0
BBX 7 7 0 0
BITMAP
CE
CC
CC
FC
CC
CC
CC
ENDCHAR
STARTCHAR uni04A5
ENCODING 1189
SWIDTH 778 0
DWIDTH 7 0
BBX 6 5 0 0
BITMAP
DC
D8
F8
D8
D8
ENDCHAR
STARTCHAR uni04AA
ENCODING 1194
SWIDTH 778 0
DWIDTH 7 0
BBX 6 9 0 -2
BITMAP
78
CC
C0
C0
C0
CC
78
10
30
ENDCHAR
STARTCHAR uni04AB
ENCODING 1195
SWIDTH 778 0
DWIDTH 7 0
BBX 6 7 0 -2
BITMAP
7C
C0
C0
C0
7C
10
30
ENDCHAR
STARTCHAR uni04AC
ENCODING 1196
SWIDTH 778 0
DWIDTH 7 0
BBX 6 8 0 -1
BITMAP
FC
30
30
30
30
30
38
18
ENDCHAR
STARTCHAR uni04AD
ENCODING 1197
SWIDTH 778 0
DWIDTH 7 0
BBX 6 6 0 -1
BITMAP
FC
30
30
30
38
18
ENDCHAR
STARTCHAR uni04AE
ENCODING 1198
SWIDTH 778 0
DWIDTH 7 0
BBX 6 7 0 0
BITMAP
CC
CC
CC
78
30
30
30
ENDCHAR
STARTCHAR uni04AF
ENCODING 1199
SWIDTH 778 0
DWIDTH 7 0
BBX 6 6 0 -1
BITMAP
CC
CC
CC
78
30
30
ENDCHAR
STARTCHAR uni04B0
ENCODING 1200
SWIDTH 778 0
DWIDTH 7 0
BBX 6 7 0 0
BITMAP
CC
CC
CC
78
30
78
30
ENDCHAR
STARTCHAR uni04B1
ENCODING 1201
SWIDTH 778 0
DWIDTH 7 0
BBX 6 6 0 -1
BITMAP
CC
CC
78
30
78
30
ENDCHAR
STARTCHAR uni04B2
ENCODING 1202
SWIDTH 778 0
DWIDTH 7 0
BBX 6 8 0 -1
BITMAP
CC
CC
78
30
78
CC
CC
0C
ENDCHAR
STARTCHAR uni04B3
ENCODING 1203
SWIDTH 778 0
DWIDTH 7 0
BBX 6 6 0 -1
BITMAP
CC
78
30
78
CC
0C
ENDCHAR
STARTCHAR uni04B4
ENCODING 1204
SWIDTH 889 0
DWIDTH 8 0
BBX 7 8 0 -1
BITMAP
F6
66
66
66
66
66
7E
06
ENDCHAR
STARTCHAR uni04B5
ENCODING 1205
SWIDTH 889 0
DWIDTH 8 0
BBX 7 6 0 -1
BITMAP
F6
66
66
66
7E
06
ENDCHAR
STARTCHAR uni04B6
ENCODING 1206
SWIDTH 889 0
DWIDTH 8 0
BBX 7 8 0 -1
BITMAP
CC
CC
CC
7C
0C
0C
0E
06
ENDCHAR
STARTCHAR uni04B7
ENCODING 1207
SWIDTH 889 0
DWIDTH 8 0
BBX 7 6 0 -1
BITMAP
CC
CC
7C
0C
0E
06
ENDCHAR
STARTCHAR uni04BA
ENCODING 1210
SWIDTH 778 0
DWIDTH 7 0
BBX 6 7 0 0
BITMAP
C0
C0
F8
CC
CC
CC
CC
ENDCHAR
STARTCHAR uni04BB
ENCODING 1211
SWIDTH 778 0
DWIDTH 7 0
BBX 6 7 0 0
BITMAP
C0
C0
C0
F8
CC
CC
CC
ENDCHAR
STARTCHAR uni04C1
ENCODING 1217
SWIDTH 1000 0
DWIDTH 9 0
BBX 8 9 0 0
BITMAP
24
3C
DB
DB
7E
3C
7E
DB
DB
ENDCHAR
STARTCHAR uni04C2
ENCODING 1218
SWIDTH 1000 0
DWIDTH 9 0
BBX 8 8 0 0
BITMAP
24
3C
00
DB
DB
3C
DB
DB
ENDCHAR
STARTCHAR uni04D0
ENCODING 1232
SWIDTH 778 0
DWIDTH 7 0
BBX 6 9 0 0
BITMAP
48
78
30
78
48
CC
FC
CC
CC
ENDCHAR
STARTCHAR uni04D1
ENCODING 1233
SWIDTH 778 0
DWIDTH 7 0
BBX 6 8 0 0
BITMAP
48
78
00
7C
CC
CC
CC
7C
ENDCHAR
STARTCHAR uni04D4
ENCODING 1236
SWIDTH 889 0
DWIDTH 8 0
BBX 7 7 0 0
BITMAP
7E
D8
D8
FE
D8
D8
DE
ENDCHAR
STARTCHAR uni04D5
ENCODING 1237
SWIDTH 1000 0
DWIDTH 9 0
BBX 8 5 0 0
BITMAP
7E
DB
DE
D8
7F
ENDCHAR
STARTCHAR uni04D6
ENCODING 1238
SWIDTH 778 0
DWIDTH 7 0
BBX 6 9 0 0
BITMAP
48
78
FC
C0
C0
F8
C0
C0
FC
ENDCHAR
STARTCHAR uni04D7
ENCODING 1239
SWIDTH 778 0
DWIDTH 7 0
BBX 6 8 0 0
BITMAP
48
78
00
78
CC
FC
C0
7C
ENDCHAR
STARTCHAR uni04D8
ENCODING 1240
SWIDTH 778 0
DWIDTH 7 0
BBX 6 7 0 0
BITMAP
78
CC
0C
FC
CC
CC
78
ENDCHAR
STARTCHAR uni04D9
ENCODING 1241
SWIDTH 778 0
DWIDTH 7 0
BBX 6 5 0 0
BITMAP
F8
0C
FC
CC
78
ENDCHAR
STARTCHAR uni04DC
ENCODING 1244
SWIDTH 1000 0
DWIDTH 9 0
BBX 8 9 0 0
BITMAP
24
00
DB
DB
7E
3C
7E
DB
DB
ENDCHAR
STARTCHAR uni04DD
ENCODING 1245
SWIDTH 1000 0
DWIDTH 9 0
BBX 8 7 0 0
BITMAP
24
00
DB
DB
3C
DB
DB
ENDCHAR
STARTCHAR uni04DE
ENCODING 1246
SWIDTH 778 0
DWIDTH 7 0
BBX 6 9 0 0
BITMAP
48
00
78
CC
18
30
18
CC
78
ENDCHAR
STARTCHAR uni04DF
ENCODING 1247
SWIDTH 778 0
DWIDTH 7 0
BBX 6 7 0 0
BITMAP
48
00
78
CC
18
CC
78
ENDCHAR
STARTCHAR uni04E2
ENCODING 1250
SWIDTH 889 0
DWIDTH 8 0
BBX 7 9 0 0
BITMAP
78
00
CE
CE
D6
D6
D6
E6
E6
ENDCHAR
STARTCHAR uni04E3
ENCODING 1251
SWIDTH 778 0
DWIDTH 7 0
BBX 6 7 0 0
BITMAP
78
00
CC
DC
FC
EC
CC
ENDCHAR
STARTCHAR uni04E4
ENCODING 1252
SWIDTH 889 0
DWIDTH 8 0
BBX 7 9 0 0
BITMAP
48
00
CE
CE
D6
D6
D6
E6
E6
ENDCHAR
STARTCHAR uni04E5
ENCODING 1253
SWIDTH 778 0
DWIDTH 7 0
BBX 6 7 0 0
BITMAP
48
00
CC
DC
FC
EC
CC
ENDCHAR
STARTCHAR uni04E8
ENCODING 1256
SWIDTH 778 0
DWIDTH 7 0
BBX 6 7 0 0
BITMAP
78
CC
CC
FC
CC
CC
78
ENDCHAR
STARTCHAR uni04E9
ENCODING 1257
SWIDTH 778 0
DWIDTH 7 0
BBX 6 5 0 0
BITMAP
78
CC
FC
CC
78
ENDCHAR
STARTCHAR uni04EA
ENCODING 1258
SWIDTH 778 0
DWIDTH 7 0
BBX 6 9 0 0
BITMAP
48
00
78
CC
CC
FC
CC
CC
78
ENDCHAR
STARTCHAR uni04EB
ENCODING 1259
SWIDTH 778 0
DWIDTH 7 0
BBX 6 7 0 0
BITMAP
48
00
78
CC
FC
CC
78
ENDCHAR
STARTCHAR uni04EC
ENCODING 1260
SWIDTH 778 0
DWIDTH 7 0
BBX 6 9 0 0
BITMAP
50
00
70
D8
0C
3C
0C
D8
70
ENDCHAR
STARTCHAR uni04ED
ENCODING 1261
SWIDTH 778 0
DWIDTH 7 0
BBX 6 7 0 0
BITMAP
48
00
78
CC
3C
CC
78
ENDCHAR
STARTCHAR uni04F0
ENCODING 1264
SWIDTH 778 0
DWIDTH 7 0
BBX 6 9 0 0
BITMAP
48
00
CC
CC
CC
78
38
18
F0
ENDCHAR
STARTCHAR uni04F1
ENCODING 1265
SWIDTH 778 0
DWIDTH 7 0
BBX 6 8 0 -1
BITMAP
48
00
CC
CC
CC
78
18
F0
ENDCHAR
STARTCHAR uni04F2
ENCODING 1266
SWIDTH 778 0
DWIDTH 7 0
BBX 6 9 0 0
BITMAP
24
48
CC
CC
CC
78
38
18
F0
ENDCHAR
STARTCHAR uni04F3
ENCODING 1267
SWIDTH 778 0
DWIDTH 7 0
BBX 6 9 0 -1
BITMAP
24
48
00
CC
CC
CC
78
18
F0
ENDCHAR
STARTCHAR uni04F4
ENCODING 1268
SWIDTH 778 0
DWIDTH 7 0
BBX 6 9 0 0
BITMAP
48
00
CC
CC
CC
7C
0C
0C
0C
ENDCHAR
STARTCHAR uni04F5
ENCODING 1269
SWIDTH 778 0
DWIDTH 7 0
BBX 6 7 0 0
BITMAP
48
00
CC
CC
7C
0C
0C
ENDCHAR
STARTCHAR uni04F6
ENCODING 1270
SWIDTH 778 0
DWIDTH 7 0
BBX 6 8 0 -1
BITMAP
FC
C0
C0
C0
C0
C0
E0
60
ENDCHAR
STARTCHAR uni04F7
ENCODING 1271
SWIDTH 667 0
DWIDTH 6 0
BBX 5 6 0 -1
BITMAP
F8
C0
C0
C0
E0
60
ENDCHAR
STARTCHAR uni04F8
ENCODING 1272
SWIDTH 1000 0
DWIDTH 9 0
BBX 8 9 0 0
BITMAP
24
00
C3
C3
C3
F3
DB
DB
F3
ENDCHAR
STARTCHAR uni04F9
ENCODING 1273
SWIDTH 1000 0
DWIDTH 9 0
BBX 8 7 0 0
BITMAP
24
00
C3
C3
F3
DB
F3
ENDCHAR
STARTCHAR uni0510
ENCODING 1296
SWIDTH 778 0
DWIDTH 7 0
BBX 6 7 0 0
BITMAP
78
CC
60
30
60
CC
78
ENDCHAR
STARTCHAR uni0511
ENCODING 1297
SWIDTH 778 0
DWIDTH 7 0
BBX 6 5 0 0
BITMAP
78
CC
60
CC
78
ENDCHAR
STARTCHAR uni0512
ENCODING 1298
SWIDTH 778 0
DWIDTH 7 0
BBX 6 8 0 -1
BITMAP
7C
6C
6C
6C
6C
6C
CC
18
ENDCHAR
STARTCHAR uni0513
ENCODING 1299
SWIDTH 778 0
DWIDTH 7 0
BBX 6 6 0 -1
BITMAP
7C
6C
6C
6C
CC
18
ENDCHAR
STARTCHAR uni058F
ENCODING 1423
SWIDTH 889 0
DWIDTH 8 0
BBX 7 7 0 0
BITMAP
78
CC
CC
1E
0C
1E
0C
ENDCHAR
STARTCHAR uni09F3
ENCODING 2547
SWIDTH 889 0
DWIDTH 8 0
BBX 7 7 0 0
BITMAP
E0
60
F8
60
6E
66
3C
ENDCHAR
STARTCHAR uni17DB
ENCODING 6107
SWIDTH 1000 0
DWIDTH 9 0
BBX 8 7 0 0
BITMAP
1E
33
18
3C
18
D8
78
ENDCHAR
STARTCHAR uni1E02
ENCODING 7682
SWIDTH 778 0
DWIDTH 7 0
BBX 6 9 0 0
BITMAP
30
00
F8
CC
CC
F8
CC
CC
F8
ENDCHAR
STARTCHAR uni1E03
ENCODING 7683
SWIDTH 778 0
DWIDTH 7 0
BBX 6 7 0 0
BITMAP
D8
C0
F8
CC
CC
CC
F8
ENDCHAR
STARTCHAR uni1E04
ENCODING 7684
SWIDTH 778 0
DWIDTH 7 0
BBX 6 9 0 -2
BITMAP
F8
CC
CC
F8
CC
CC
F8
00
30
ENDCHAR
STARTCHAR uni1E05
ENCODING 7685
SWIDTH 778 0
DWIDTH 7 0
BBX 6 9 0 -2
BITMAP
C0
C0
F8
CC
CC
CC
F8
00
30
ENDCHAR
STARTCHAR uni1E0A
ENCODING 7690
SWIDTH 778 0
DWIDTH 7 0
BBX 6 9 0 0
BITMAP
30
00
F0
D8
CC
CC
CC
D8
F0
ENDCHAR
STARTCHAR uni1E0B
ENCODING 7691
SWIDTH 778 0
DWIDTH 7 0
BBX 6 7 0 0
BITMAP
6C
0C
7C
CC
CC
CC
7C
ENDCHAR
STARTCHAR uni1E0C
ENCODING 7692
SWIDTH 778 0
DWIDTH 7 0
BBX 6 9 0 -2
BITMAP
F0
D8
CC
CC
CC
D8
F0
00
30
ENDCHAR
STARTCHAR uni1E0D
ENCODING 7693
SWIDTH 778 0
DWIDTH 7 0
BBX 6 9 0 -2
BITMAP
0C
0C
7C
CC
CC
CC
7C
00
30
ENDCHAR
STARTCHAR uni1E10
ENCODING 7696
SWIDTH 778 0
DWIDTH 7 0
BBX 6 9 0 -2
BITMAP
F0
D8
CC
CC
CC
D8
F0
20
40
ENDCHAR
STARTCHAR uni1E11
ENCODING 7697
SWIDTH 778 0
DWIDTH 7 0
BBX 6 9 0 -2
BITMAP
0C
0C
7C
CC
CC
CC
7C
10
20
ENDCHAR
STARTCHAR uni1E1E
ENCODING 7710
SWIDTH 778 0
DWIDTH 7 0
BBX 6 9 0 0
BITMAP
30
00
FC
C0
C0
F8
C0
C0
C0
ENDCHAR
STARTCHAR uni1E1F
ENCODING 7711
SWIDTH 556 0
DWIDTH 5 0
BBX 4 9 0 0
BITMAP
60
00
70
60
F0
60
60
60
60
ENDCHAR
STARTCHAR uni1E22
ENCODING 7714
SWIDTH 778 0
DWIDTH 7 0
BBX 6 9 0 0
BITMAP
30
00
CC
CC
CC
FC
CC
CC
CC
ENDCHAR
STARTCHAR uni1E23
ENCODING 7715
SWIDTH 778 0
DWIDTH 7 0
BBX 6 9 0 0
BITMAP
30
00
C0
C0
F8
CC
CC
CC
CC
ENDCHAR
STARTCHAR uni1E24
ENCODING 7716
SWIDTH 778 0
DWIDTH 7 0
BBX 6 9 0 -2
BITMAP
CC
CC
CC
FC
CC
CC
CC
00
30
ENDCHAR
STARTCHAR uni1E25
ENCODING 7717
SWIDTH 778 0
DWIDTH 7 0
BBX 6 9 0 -2
BITMAP
C0
C0
F8
CC
CC
CC
CC
00
30
ENDCHAR
STARTCHAR uni1E36
ENCODING 7734
SWIDTH 778 0
DWIDTH 7 0
BBX 6 9 0 -2
BITMAP
C0
C0
C0
C0
C0
C0
FC
00
30
ENDCHAR
STARTCHAR uni1E37
ENCODING 7735
SWIDTH 333 0
DWIDTH 3 0
BBX 2 9 0 -2
BITMAP
C0
C0
C0
C0
C0
C0
C0
00
C0
ENDCHAR
STARTCHAR uni1E3A
ENCODING 7738
SWIDTH 778 0
DWIDTH 7 0
BBX 6 9 0 -2
BITMAP
C0
C0
C0
C0
C0
C0
FC
00
78
ENDCHAR
STARTCHAR uni1E3B
ENCODING 7739
SWIDTH 333 0
DWIDTH 3 0
BBX 4 9 -1 -2
BITMAP
60
60
60
60
60
60
60
00
F0
ENDCHAR
STARTCHAR uni1E3E
ENCODING 7742
SWIDTH 1000 0
DWIDTH 9 0
BBX 8 9 0 0
BITMAP
04
08
C3
E7
FF
DB
C3
C3
C3
ENDCHAR
STARTCHAR uni1E3F
ENCODING 7743
SWIDTH 1000 0
DWIDTH 9 0
BBX 8 8 0 0
BITMAP
08
10
00
FE
DB
DB
DB
DB
ENDCHAR
STARTCHAR uni1E40
ENCODING 7744
SWIDTH 1000 0
DWIDTH 9 0
BBX 8 9 0 0
BITMAP
18
00
C3
E7
FF
DB
C3
C3
C3
ENDCHAR
STARTCHAR uni1E41
ENCODING 7745
SWIDTH 1000 0
DWIDTH 9 0
BBX 8 9 0 0
BITMAP
18
00
00
00
FE
DB
DB
DB
DB
ENDCHAR
STARTCHAR uni1E44
ENCODING 7748
SWIDTH 889 0
DWIDTH 8 0
BBX 7 9 0 0
BITMAP
18
00
E6
F6
F6
DE
DE
CE
C6
ENDCHAR
STARTCHAR uni1E45
ENCODING 7749
SWIDTH 778 0
DWIDTH 7 0
BBX 6 7 0 0
BITMAP
30
00
F8
CC
CC
CC
CC
ENDCHAR
STARTCHAR uni1E46
ENCODING 7750
SWIDTH 889 0
DWIDTH 8 0
BBX 7 9 0 -2
BITMAP
E6
F6
F6
DE
DE
CE
C6
00
30
ENDCHAR
STARTCHAR uni1E47
ENCODING 7751
SWIDTH 778 0
DWIDTH 7 0
BBX 6 7 0 -2
BITMAP
F8
CC
CC
CC
CC
00
30
ENDCHAR
STARTCHAR uni1E48
ENCODING 7752
SWIDTH 889 0
DWIDTH 8 0
BBX 7 9 0 -2
BITMAP
E6
F6
F6
DE
DE
CE
C6
00
78
ENDCHAR
STARTCHAR uni1E49
ENCODING 7753
SWIDTH 778 0
DWIDTH 7 0
BBX 6 7 0 -2
BITMAP
F8
CC
CC
CC
CC
00
78
ENDCHAR
STARTCHAR uni1E56
ENCODING 7766
SWIDTH 778 0
DWIDTH 7 0
BBX 6 9 0 0
BITMAP
30
00
F8
CC
CC
F8
C0
C0
C0
ENDCHAR
STARTCHAR uni1E57
ENCODING 7767
SWIDTH 778 0
DWIDTH 7 0
BBX 6 9 0 -2
BITMAP
30
00
F8
CC
CC
CC
F8
C0
C0
ENDCHAR
STARTCHAR uni1E5A
ENCODING 7770
SWIDTH 778 0
DWIDTH 7 0
BBX 6 9 0 -2
BITMAP
F8
CC
CC
F8
F0
D8
CC
00
30
ENDCHAR
STARTCHAR uni1E5B
ENCODING 7771
SWIDTH 667 0
DWIDTH 6 0
BBX 5 7 0 -2
BITMAP
D8
F0
E0
C0
C0
00
30
ENDCHAR
STARTCHAR uni1E60
ENCODING 7776
SWIDTH 778 0
DWIDTH 7 0
BBX 6 9 0 0
BITMAP
30
00
78
CC
C0
78
0C
CC
78
ENDCHAR
STARTCHAR uni1E61
ENCODING 7777
SWIDTH 778 0
DWIDTH 7 0
BBX 6 7 0 0
BITMAP
30
00
FC
C0
FC
0C
FC
ENDCHAR
STARTCHAR uni1E62
ENCODING 7778
SWIDTH 778 0
DWIDTH 7 0
BBX 6 9 0 -2
BITMAP
78
CC
C0
78
0C
CC
78
00
30
ENDCHAR
STARTCHAR uni1E63
ENCODING 7779
SWIDTH 778 0
DWIDTH 7 0
BBX 6 7 0 -2
BITMAP
FC
C0
FC
0C
FC
00
30
ENDCHAR
STARTCHAR uni1E68
ENCODING 7784
SWIDTH 778 0
DWIDTH 7 0
BBX 6 11 0 -2
BITMAP
30
00
78
CC
C0
78
0C
CC
78
00
30
ENDCHAR
STARTCHAR uni1E69
ENCODING 7785
SWIDTH 778 0
DWIDTH 7 0
BBX 6 9 0 -2
BITMAP
30
00
FC
C0
FC
0C
FC
00
30
ENDCHAR
STARTCHAR uni1E6A
ENCODING 7786
SWIDTH 778 0
DWIDTH 7 0
BBX 6 9 0 0
BITMAP
30
00
FC
30
30
30
30
30
30
ENDCHAR
STARTCHAR uni1E6B
ENCODING 7787
SWIDTH 556 0
DWIDTH 5 0
BBX 4 9 0 0
BITMAP
60
00
60
60
F0
60
60
60
70
ENDCHAR
STARTCHAR uni1E6C
ENCODING 7788
SWIDTH 778 0
DWIDTH 7 0
BBX 6 9 0 -2
BITMAP
FC
30
30
30
30
30
30
00
30
ENDCHAR
STARTCHAR uni1E6D
ENCODING 7789
SWIDTH 556 0
DWIDTH 5 0
BBX 4 9 0 -2
BITMAP
60
60
F0
60
60
60
70
00
60
ENDCHAR
STARTCHAR uni1E7C
ENCODING 7804
SWIDTH 778 0
DWIDTH 7 0
BBX 6 9 0 0
BITMAP
28
50
CC
CC
CC
78
78
30
30
ENDCHAR
STARTCHAR uni1E7D
ENCODING 7805
SWIDTH 778 0
DWIDTH 7 0
BBX 6 8 0 0
BITMAP
28
50
00
CC
CC
CC
78
30
ENDCHAR
STARTCHAR uni1E80
ENCODING 7808
SWIDTH 1000 0
DWIDTH 9 0
BBX 8 9 0 0
BITMAP
10
08
C3
DB
DB
FF
FF
66
66
ENDCHAR
STARTCHAR uni1E81
ENCODING 7809
SWIDTH 1000 0
DWIDTH 9 0
BBX 8 8 0 0
BITMAP
10
08
00
C3
DB
DB
FF
66
ENDCHAR
STARTCHAR uni1E82
ENCODING 7810
SWIDTH 1000 0
DWIDTH 9 0
BBX 8 9 0 0
BITMAP
08
10
C3
DB
DB
FF
FF
66
66
ENDCHAR
STARTCHAR uni1E83
ENCODING 7811
SWIDTH 1000 0
DWIDTH 9 0
BBX 8 8 0 0
BITMAP
08
10
00
C3
DB
DB
FF
66
ENDCHAR
STARTCHAR uni1E84
ENCODING 7812
SWIDTH 1000 0
DWIDTH 9 0
BBX 8 9 0 0
BITMAP
24
00
C3
DB
DB
FF
FF
66
66
ENDCHAR
STARTCHAR uni1E85
ENCODING 7813
SWIDTH 1000 0
DWIDTH 9 0
BBX 8 7 0 0
BITMAP
24
00
C3
DB
DB
FF
66
ENDCHAR
STARTCHAR uni1E86
ENCODING 7814
SWIDTH 1000 0
DWIDTH 9 0
BBX 8 9 0 0
BITMAP
18
00
C3
DB
DB
FF
FF
66
66
ENDCHAR
STARTCHAR uni1E87
ENCODING 7815
SWIDTH 1000 0
DWIDTH 9 0
BBX 8 7 0 0
BITMAP
18
00
C3
DB
DB
FF
66
ENDCHAR
STARTCHAR uni1E88
ENCODING 7816
SWIDTH 1000 0
DWIDTH 9 0
BBX 8 9 0 -2
BITMAP
C3
DB
DB
FF
FF
66
66
00
18
ENDCHAR
STARTCHAR uni1E89
ENCODING 7817
SWIDTH 1000 0
DWIDTH 9 0
BBX 8 7 0 -2
BITMAP
C3
DB
DB
FF
66
00
18
ENDCHAR
STARTCHAR uni1E92
ENCODING 7826
SWIDTH 778 0
DWIDTH 7 0
BBX 6 9 0 -2
BITMAP
FC
0C
18
30
60
C0
FC
00
30
ENDCHAR
STARTCHAR uni1E93
ENCODING 7827
SWIDTH 778 0
DWIDTH 7 0
BBX 6 7 0 -2
BITMAP
FC
0C
FC
C0
FC
00
30
ENDCHAR
STARTCHAR uni1E9B
ENCODING 7835
SWIDTH 556 0
DWIDTH 5 0
BBX 4 10 0 -1
BITMAP
30
00
30
60
60
60
60
60
60
C0
ENDCHAR
STARTCHAR uni1E9C
ENCODING 7836
SWIDTH 556 0
DWIDTH 5 0
BBX 4 8 0 -1
BITMAP
30
60
60
60
F0
60
60
C0
ENDCHAR
STARTCHAR uni1E9D
ENCODING 7837
SWIDTH 556 0
DWIDTH 5 0
BBX 4 8 0 -1
BITMAP
30
60
F0
60
60
60
60
C0
ENDCHAR
STARTCHAR uni1E9E
ENCODING 7838
SWIDTH 889 0
DWIDTH 8 0
BBX 7 7 0 0
BITMAP
7C
C6
CC
D8
CC
C6
DC
ENDCHAR
STARTCHAR uni1EA0
ENCODING 7840
SWIDTH 778 0
DWIDTH 7 0
BBX 6 9 0 -2
BITMAP
30
78
48
CC
FC
CC
CC
00
30
ENDCHAR
STARTCHAR uni1EA1
ENCODING 7841
SWIDTH 778 0
DWIDTH 7 0
BBX 6 7 0 -2
BITMAP
7C
CC
CC
CC
7C
00
30
ENDCHAR
STARTCHAR uni1EA2
ENCODING 7842
SWIDTH 778 0
DWIDTH 7 0
BBX 6 9 0 0
BITMAP
30
10
30
78
48
CC
FC
CC
CC
ENDCHAR
STARTCHAR uni1EA3
ENCODING 7843
SWIDTH 778 0
DWIDTH 7 0
BBX 6 8 0 0
BITMAP
30
10
00
7C
CC
CC
CC
7C
ENDCHAR
STARTCHAR uni1EAC
ENCODING 7852
SWIDTH 778 0
DWIDTH 7 0
BBX 6 11 0 -2
BITMAP
30
48
30
78
48
CC
FC
CC
CC
00
30
ENDCHAR
STARTCHAR uni1EAD
ENCODING 7853
SWIDTH 778 0
DWIDTH 7 0
BBX 6 10 0 -2
BITMAP
30
48
00
7C
CC
CC
CC
7C
00
30
ENDCHAR
STARTCHAR uni1EB6
ENCODING 7862
SWIDTH 778 0
DWIDTH 7 0
BBX 6 11 0 -2
BITMAP
48
78
30
78
48
CC
FC
CC
CC
00
30
ENDCHAR
STARTCHAR uni1EB7
ENCODING 7863
SWIDTH 778 0
DWIDTH 7 0
BBX 6 10 0 -2
BITMAP
48
78
00
7C
CC
CC
CC
7C
00
30
ENDCHAR
STARTCHAR uni1EB8
ENCODING 7864
SWIDTH 778 0
DWIDTH 7 0
BBX 6 9 0 -2
BITMAP
FC
C0
C0
F8
C0
C0
FC
00
30
ENDCHAR
STARTCHAR uni1EB9
ENCODING 7865
SWIDTH 778 0
DWIDTH 7 0
BBX 6 7 0 -2
BITMAP
78
CC
FC
C0
7C
00
30
ENDCHAR
STARTCHAR uni1EBA
ENCODING 7866
SWIDTH 778 0
DWIDTH 7 0
BBX 6 9 0 0
BITMAP
30
10
FC
C0
C0
F8
C0
C0
FC
ENDCHAR
STARTCHAR uni1EBB
ENCODING 7867
SWIDTH 778 0
DWIDTH 7 0
BBX 6 8 0 0
BITMAP
30
10
00
78
CC
FC
C0
7C
ENDCHAR
STARTCHAR uni1EBC
ENCODING 7868
SWIDTH 778 0
DWIDTH 7 0
BBX 6 9 0 0
BITMAP
28
50
FC
C0
C0
F8
C0
C0
FC
ENDCHAR
STARTCHAR uni1EBD
ENCODING 7869
SWIDTH 778 0
DWIDTH 7 0
BBX 6 8 0 0
BITMAP
28
50
00
78
CC
FC
C0
7C
ENDCHAR
STARTCHAR uni1EC6
ENCODING 7878
SWIDTH 778 0
DWIDTH 7 0
BBX 6 11 0 -2
BITMAP
30
48
FC
C0
C0
F8
C0
C0
FC
00
30
ENDCHAR
STARTCHAR uni1EC7
ENCODING 7879
SWIDTH 778 0
DWIDTH 7 0
BBX 6 10 0 -2
BITMAP
30
48
00
78
CC
FC
C0
7C
00
30
ENDCHAR
STARTCHAR uni1EC8
ENCODING 7880
SWIDTH 556 0
DWIDTH 5 0
BBX 4 9 0 0
BITMAP
60
20
F0
60
60
60
60
60
F0
ENDCHAR
STARTCHAR uni1EC9
ENCODING 7881
SWIDTH 333 0
DWIDTH 3 0
BBX 2 8 0 0
BITMAP
C0
40
00
C0
C0
C0
C0
C0
ENDCHAR
STARTCHAR uni1ECA
ENCODING 7882
SWIDTH 556 0
DWIDTH 5 0
BBX 4 9 0 -2
BITMAP
F0
60
60
60
60
60
F0
00
60
ENDCHAR
STARTCHAR uni1ECB
ENCODING 7883
SWIDTH 333 0
DWIDTH 3 0
BBX 2 9 0 -2
BITMAP
C0
00
C0
C0
C0
C0
C0
00
C0
ENDCHAR
STARTCHAR uni1ECC
ENCODING 7884
SWIDTH 778 0
DWIDTH 7 0
BBX 6 9 0 -2
BITMAP
78
CC
CC
CC
CC
CC
78
00
30
ENDCHAR
STARTCHAR uni1ECD
ENCODING 7885
SWIDTH 778 0
DWIDTH 7 0
BBX 6 7 0 -2
BITMAP
78
CC
CC
CC
78
00
30
ENDCHAR
STARTCHAR uni1ECE
ENCODING 7886
SWIDTH 778 0
DWIDTH 7 0
BBX 6 9 0 0
BITMAP
30
10
78
CC
CC
CC
CC
CC
78
ENDCHAR
STARTCHAR uni1ECF
ENCODING 7887
SWIDTH 778 0
DWIDTH 7 0
BBX 6 8 0 0
BITMAP
30
10
00
78
CC
CC
CC
78
ENDCHAR
STARTCHAR uni1ED8
ENCODING 7896
SWIDTH 778 0
DWIDTH 7 0
BBX 6 11 0 -2
BITMAP
30
48
78
CC
CC
CC
CC
CC
78
00
30
ENDCHAR
STARTCHAR uni1ED9
ENCODING 7897
SWIDTH 778 0
DWIDTH 7 0
BBX 6 10 0 -2
BITMAP
30
48
00
78
CC
CC
CC
78
00
30
ENDCHAR
STARTCHAR uni1EDA
ENCODING 7898
SWIDTH 889 0
DWIDTH 8 0
BBX 7 9 0 0
BITMAP
08
10
7A
CE
CC
CC
CC
CC
78
ENDCHAR
STARTCHAR uni1EDB
ENCODING 7899
SWIDTH 889 0
DWIDTH 8 0
BBX 7 8 0 0
BITMAP
08
10
00
76
CE
CC
CC
78
ENDCHAR
STARTCHAR uni1EDC
ENCODING 7900
SWIDTH 889 0
DWIDTH 8 0
BBX 7 9 0 0
BITMAP
40
20
7A
CE
CC
CC
CC
CC
78
ENDCHAR
STARTCHAR uni1EDD
ENCODING 7901
SWIDTH 889 0
DWIDTH 8 0
BBX 7 8 0 0
BITMAP
40
20
00
76
CE
CC
CC
78
ENDCHAR
STARTCHAR uni1EDE
ENCODING 7902
SWIDTH 889 0
DWIDTH 8 0
BBX 7 9 0 0
BITMAP
30
10
7A
CE
CC
CC
CC
CC
78
ENDCHAR
STARTCHAR uni1EDF
ENCODING 7903
SWIDTH 889 0
DWIDTH 8 0
BBX 7 8 0 0
BITMAP
30
10
00
76
CE
CC
CC
78
ENDCHAR
STARTCHAR uni1EE0
ENCODING 7904
SWIDTH 889 0
DWIDTH 8 0
BBX 7 9 0 0
BITMAP
28
50
7A
CE
CC
CC
CC
CC
78
ENDCHAR
STARTCHAR uni1EE1
ENCODING 7905
SWIDTH 889 0
DWIDTH 8 0
BBX 7 8 0 0
BITMAP
28
50
00
76
CE
CC
CC
78
ENDCHAR
STARTCHAR uni1EE2
ENCODING 7906
SWIDTH 889 0
DWIDTH 8 0
BBX 7 9 0 -2
BITMAP
7A
CE
CC
CC
CC
CC
78
00
30
ENDCHAR
STARTCHAR uni1EE3
ENCODING 7907
SWIDTH 889 0
DWIDTH 8 0
BBX 7 7 0 -2
BITMAP
76
CE
CC
CC
78
00
30
ENDCHAR
STARTCHAR uni1EE4
ENCODING 7908
SWIDTH 778 0
DWIDTH 7 0
BBX 6 9 0 -2
BITMAP
CC
CC
CC
CC
CC
CC
78
00
30
ENDCHAR
STARTCHAR uni1EE5
ENCODING 7909
SWIDTH 778 0
DWIDTH 7 0
BBX 6 7 0 -2
BITMAP
CC
CC
CC
CC
78
00
30
ENDCHAR
STARTCHAR uni1EE6
ENCODING 7910
SWIDTH 778 0
DWIDTH 7 0
BBX 6 9 0 0
BITMAP
30
10
CC
CC
CC
CC
CC
CC
78
ENDCHAR
STARTCHAR uni1EE7
ENCODING 7911
SWIDTH 778 0
DWIDTH 7 0
BBX 6 8 0 0
BITMAP
30
10
00
CC
CC
CC
CC
78
ENDCHAR
STARTCHAR uni1EE8
ENCODING 7912
SWIDTH 889 0
DWIDTH 8 0
BBX 7 9 0 0
BITMAP
08
10
CE
CE
CC
CC
CC
CC
78
ENDCHAR
STARTCHAR uni1EE9
ENCODING 7913
SWIDTH 889 0
DWIDTH 8 0
BBX 7 8 0 0
BITMAP
08
10
00
CE
CE
CC
CC
78
ENDCHAR
STARTCHAR uni1EEA
ENCODING 7914
SWIDTH 889 0
DWIDTH 8 0
BBX 7 9 0 0
BITMAP
40
20
CE
CE
CC
CC
CC
CC
78
ENDCHAR
STARTCHAR uni1EEB
ENCODING 7915
SWIDTH 889 0
DWIDTH 8 0
BBX 7 8 0 0
BITMAP
40
20
00
CE
CE
CC
CC
78
ENDCHAR
STARTCHAR uni1EEC
ENCODING 7916
SWIDTH 889 0
DWIDTH 8 0
BBX 7 9 0 0
BITMAP
30
10
CE
CE
CC
CC
CC
CC
78
ENDCHAR
STARTCHAR uni1EED
ENCODING 7917
SWIDTH 889 0
DWIDTH 8 0
BBX 7 8 0 0
BITMAP
30
10
00
CE
CE
CC
CC
78
ENDCHAR
STARTCHAR uni1EEE
ENCODING 7918
SWIDTH 889 0
DWIDTH 8 0
BBX 7 9 0 0
BITMAP
28
50
CE
CE
CC
CC
CC
CC
78
ENDCHAR
STARTCHAR uni1EEF
ENCODING 7919
SWIDTH 889 0
DWIDTH 8 0
BBX 7 8 0 0
BITMAP
28
50
00
CE
CE
CC
CC
78
ENDCHAR
STARTCHAR uni1EF0
ENCODING 7920
SWIDTH 889 0
DWIDTH 8 0
BBX 7 9 0 -2
BITMAP
CE
CE
CC
CC
CC
CC
78
00
30
ENDCHAR
STARTCHAR uni1EF1
ENCODING 7921
SWIDTH 889 0
DWIDTH 8 0
BBX 7 7 0 -2
BITMAP
CE
CE
CC
CC
78
00
30
ENDCHAR
STARTCHAR uni1EF2
ENCODING 7922
SWIDTH 778 0
DWIDTH 7 0
BBX 6 9 0 0
BITMAP
40
20
CC
CC
CC
78
30
30
30
ENDCHAR
STARTCHAR uni1EF3
ENCODING 7923
SWIDTH 778 0
DWIDTH 7 0
BBX 6 10 0 -2
BITMAP
40
20
00
CC
CC
78
78
30
30
E0
ENDCHAR
STARTCHAR uni1EF4
ENCODING 7924
SWIDTH 778 0
DWIDTH 7 0
BBX 6 9 0 -2
BITMAP
CC
CC
CC
78
30
30
30
00
30
ENDCHAR
STARTCHAR uni1EF5
ENCODING 7925
SWIDTH 778 0
DWIDTH 7 0
BBX 6 7 0 -2
BITMAP
CC
CC
78
78
30
30
EC
ENDCHAR
STARTCHAR uni1EF6
ENCODING 7926
SWIDTH 778 0
DWIDTH 7 0
BBX 6 9 0 0
BITMAP
30
10
CC
CC
CC
78
30
30
30
ENDCHAR
STARTCHAR uni1EF7
ENCODING 7927
SWIDTH 778 0
DWIDTH 7 0
BBX 6 10 0 -2
BITMAP
30
10
00
CC
CC
78
78
30
30
E0
ENDCHAR
STARTCHAR uni1EF8
ENCODING 7928
SWIDTH 778 0
DWIDTH 7 0
BBX 6 9 0 0
BITMAP
28
50
CC
CC
CC
78
30
30
30
ENDCHAR
STARTCHAR uni1EF9
ENCODING 7929
SWIDTH 778 0
DWIDTH 7 0
BBX 6 10 0 -2
BITMAP
28
50
00
CC
CC
78
78
30
30
E0
ENDCHAR
STARTCHAR uni1F00
ENCODING 7936
SWIDTH 778 0
DWIDTH 7 0
BBX 6 8 0 0
BITMAP
30
10
00
7C
CC
CC
CC
7C
ENDCHAR
STARTCHAR uni1F01
ENCODING 7937
SWIDTH 778 0
DWIDTH 7 0
BBX 6 8 0 0
BITMAP
30
20
00
7C
CC
CC
CC
7C
ENDCHAR
STARTCHAR uni1F02
ENCODING 7938
SWIDTH 778 0
DWIDTH 7 0
BBX 6 8 0 0
BITMAP
68
24
00
7C
CC
CC
CC
7C
ENDCHAR
STARTCHAR uni1F03
ENCODING 7939
SWIDTH 778 0
DWIDTH 7 0
BBX 6 8 0 0
BITMAP
68
44
00
7C
CC
CC
CC
7C
ENDCHAR
STARTCHAR uni1F04
ENCODING 7940
SWIDTH 778 0
DWIDTH 7 0
BBX 6 8 0 0
BITMAP
64
28
00
7C
CC
CC
CC
7C
ENDCHAR
STARTCHAR uni1F05
ENCODING 7941
SWIDTH 778 0
DWIDTH 7 0
BBX 6 8 0 0
BITMAP
64
48
00
7C
CC
CC
CC
7C
ENDCHAR
STARTCHAR uni1F10
ENCODING 7952
SWIDTH 667 0
DWIDTH 6 0
BBX 5 8 0 0
BITMAP
30
10
00
78
C0
70
C0
78
ENDCHAR
STARTCHAR uni1F11
ENCODING 7953
SWIDTH 667 0
DWIDTH 6 0
BBX 5 8 0 0
BITMAP
30
20
00
78
C0
70
C0
78
ENDCHAR
STARTCHAR uni1F12
ENCODING 7954
SWIDTH 667 0
DWIDTH 6 0
BBX 6 8 0 0
BITMAP
68
24
00
78
C0
70
C0
78
ENDCHAR
STARTCHAR uni1F13
ENCODING 7955
SWIDTH 667 0
DWIDTH 6 0
BBX 6 8 0 0
BITMAP
68
44
00
78
C0
70
C0
78
ENDCHAR
STARTCHAR uni1F14
ENCODING 7956
SWIDTH 667 0
DWIDTH 6 0
BBX 6 8 0 0
BITMAP
64
28
00
78
C0
70
C0
78
ENDCHAR
STARTCHAR uni1F15
ENCODING 7957
SWIDTH 667 0
DWIDTH 6 0
BBX 6 8 0 0
BITMAP
64
48
00
78
C0
70
C0
78
ENDCHAR
STARTCHAR uni1F20
ENCODING 7968
SWIDTH 778 0
DWIDTH 7 0
BBX 6 9 0 -1
BITMAP
30
10
00
F8
CC
CC
CC
CC
0C
ENDCHAR
STARTCHAR uni1F21
ENCODING 7969
SWIDTH 778 0
DWIDTH 7 0
BBX 6 9 0 -1
BITMAP
30
20
00
F8
CC
CC
CC
CC
0C
ENDCHAR
STARTCHAR uni1F22
ENCODING 7970
SWIDTH 778 0
DWIDTH 7 0
BBX 6 9 0 -1
BITMAP
68
24
00
F8
CC
CC
CC
CC
0C
ENDCHAR
STARTCHAR uni1F23
ENCODING 7971
SWIDTH 778 0
DWIDTH 7 0
BBX 6 9 0 -1
BITMAP
68
44
00
F8
CC
CC
CC
CC
0C
ENDCHAR
STARTCHAR uni1F24
ENCODING 7972
SWIDTH 778 0
DWIDTH 7 0
BBX 6 9 0 -1
BITMAP
64
28
00
F8
CC
CC
CC
CC
0C
ENDCHAR
STARTCHAR uni1F25
ENCODING 7973
SWIDTH 778 0
DWIDTH 7 0
BBX 6 9 0 -1
BITMAP
64
48
00
F8
CC
CC
CC
CC
0C
ENDCHAR
STARTCHAR uni1F30
ENCODING 7984
SWIDTH 333 0
DWIDTH 3 0
BBX 2 8 0 0
BITMAP
C0
40
00
C0
C0
C0
C0
C0
ENDCHAR
STARTCHAR uni1F31
ENCODING 7985
SWIDTH 333 0
DWIDTH 3 0
BBX 2 8 0 0
BITMAP
C0
80
00
C0
C0
C0
C0
C0
ENDCHAR
STARTCHAR uni1F32
ENCODING 7986
SWIDTH 333 0
DWIDTH 3 0
BBX 5 8 -1 0
BITMAP
D0
48
00
60
60
60
60
60
ENDCHAR
STARTCHAR uni1F33
ENCODING 7987
SWIDTH 333 0
DWIDTH 3 0
BBX 5 8 -1 0
BITMAP
D0
88
00
60
60
60
60
60
ENDCHAR
STARTCHAR uni1F34
ENCODING 7988
SWIDTH 333 0
DWIDTH 3 0
BBX 5 8 -1 0
BITMAP
C8
50
00
60
60
60
60
60
ENDCHAR
STARTCHAR uni1F35
ENCODING 7989
SWIDTH 333 0
DWIDTH 3 0
BBX 5 8 -1 0
BITMAP
C8
90
00
60
60
60
60
60
ENDCHAR
STARTCHAR uni1F40
ENCODING 8000
SWIDTH 778 0
DWIDTH 7 0
BBX 6 8 0 0
BITMAP
30
10
00
78
CC
CC
CC
78
ENDCHAR
STARTCHAR uni1F41
ENCODING 8001
SWIDTH 778 0
DWIDTH 7 0
BBX 6 8 0 0
BITMAP
30
20
00
78
CC
CC
CC
78
ENDCHAR
STARTCHAR uni1F42
ENCODING 8002
SWIDTH 778 0
DWIDTH 7 0
BBX 6 8 0 0
BITMAP
68
24
00
78
CC
CC
CC
78
ENDCHAR
STARTCHAR uni1F43
ENCODING 8003
SWIDTH 778 0
DWIDTH 7 0
BBX 6 8 0 0
BITMAP
68
44
00
78
CC
CC
CC
78
ENDCHAR
STARTCHAR uni1F44
ENCODING 8004
SWIDTH 778 0
DWIDTH 7 0
BBX 6 8 0 0
BITMAP
64
28
00
78
CC
CC
CC
78
ENDCHAR
STARTCHAR uni1F45
ENCODING 8005
SWIDTH 778 0
DWIDTH 7 0
BBX 6 8 0 0
BITMAP
64
48
00
78
CC
CC
CC
78
ENDCHAR
STARTCHAR uni1F50
ENCODING 8016
SWIDTH 778 0
DWIDTH 7 0
BBX 6 8 0 0
BITMAP
30
10
00
CC
CC
CC
CC
78
ENDCHAR
STARTCHAR uni1F51
ENCODING 8017
SWIDTH 778 0
DWIDTH 7 0
BBX 6 8 0 0
BITMAP
30
20
00
CC
CC
CC
CC
78
ENDCHAR
STARTCHAR uni1F52
ENCODING 8018
SWIDTH 778 0
DWIDTH 7 0
BBX 6 8 0 0
BITMAP
68
24
00
CC
CC
CC
CC
78
ENDCHAR
STARTCHAR uni1F53
ENCODING 8019
SWIDTH 778 0
DWIDTH 7 0
BBX 6 8 0 0
BITMAP
68
44
00
CC
CC
CC
CC
78
ENDCHAR
STARTCHAR uni1F54
ENCODING 8020
SWIDTH 778 0
DWIDTH 7 0
BBX 6 8 0 0
BITMAP
64
28
00
CC
CC
CC
CC
78
ENDCHAR
STARTCHAR uni1F55
ENCODING 8021
SWIDTH 778 0
DWIDTH 7 0
BBX 6 8 0 0
BITMAP
64
48
00
CC
CC
CC
CC
78
ENDCHAR
STARTCHAR uni1F60
ENCODING 8032
SWIDTH 889 0
DWIDTH 8 0
BBX 7 8 0 0
BITMAP
30
10
00
6C
C6
D6
D6
6C
ENDCHAR
STARTCHAR uni1F61
ENCODING 8033
SWIDTH 889 0
DWIDTH 8 0
BBX 7 8 0 0
BITMAP
18
10
00
6C
C6
D6
D6
6C
ENDCHAR
STARTCHAR uni1F62
ENCODING 8034
SWIDTH 889 0
DWIDTH 8 0
BBX 7 8 0 0
BITMAP
68
24
00
6C
C6
D6
D6
6C
ENDCHAR
STARTCHAR uni1F63
ENCODING 8035
SWIDTH 889 0
DWIDTH 8 0
BBX 7 8 0 0
BITMAP
68
44
00
6C
C6
D6
D6
6C
ENDCHAR
STARTCHAR uni1F64
ENCODING 8036
SWIDTH 889 0
DWIDTH 8 0
BBX 7 8 0 0
BITMAP
64
28
00
6C
C6
D6
D6
6C
ENDCHAR
STARTCHAR uni1F65
ENCODING 8037
SWIDTH 889 0
DWIDTH 8 0
BBX 7 8 0 0
BITMAP
64
48
00
6C
C6
D6
D6
6C
ENDCHAR
STARTCHAR uni1F70
ENCODING 8048
SWIDTH 778 0
DWIDTH 7 0
BBX 6 8 0 0
BITMAP
40
20
00
7C
CC
CC
CC
7C
ENDCHAR
STARTCHAR uni1F71
ENCODING 8049
SWIDTH 778 0
DWIDTH 7 0
BBX 6 8 0 0
BITMAP
08
10
00
7C
CC
CC
CC
7C
ENDCHAR
STARTCHAR uni1F72
ENCODING 8050
SWIDTH 667 0
DWIDTH 6 0
BBX 5 8 0 0
BITMAP
20
10
00
78
C0
70
C0
78
ENDCHAR
STARTCHAR uni1F73
ENCODING 8051
SWIDTH 667 0
DWIDTH 6 0
BBX 5 8 0 0
BITMAP
10
20
00
78
C0
70
C0
78
ENDCHAR
STARTCHAR uni1F74
ENCODING 8052
SWIDTH 778 0
DWIDTH 7 0
BBX 6 9 0 -1
BITMAP
40
20
00
F8
CC
CC
CC
CC
0C
ENDCHAR
STARTCHAR uni1F75
ENCODING 8053
SWIDTH 778 0
DWIDTH 7 0
BBX 6 9 0 -1
BITMAP
10
20
00
F8
CC
CC
CC
CC
0C
ENDCHAR
STARTCHAR uni1F76
ENCODING 8054
SWIDTH 333 0
DWIDTH 3 0
BBX 2 8 0 0
BITMAP
80
40
00
C0
C0
C0
C0
C0
ENDCHAR
STARTCHAR uni1F77
ENCODING 8055
SWIDTH 333 0
DWIDTH 3 0
BBX 2 8 0 0
BITMAP
40
80
00
C0
C0
C0
C0
C0
ENDCHAR
STARTCHAR uni1F78
ENCODING 8056
SWIDTH 778 0
DWIDTH 7 0
BBX 6 8 0 0
BITMAP
40
20
00
78
CC
CC
CC
78
ENDCHAR
STARTCHAR uni1F79
ENCODING 8057
SWIDTH 778 0
DWIDTH 7 0
BBX 6 8 0 0
BITMAP
10
20
00
78
CC
CC
CC
78
ENDCHAR
STARTCHAR uni1F7A
ENCODING 8058
SWIDTH 778 0
DWIDTH 7 0
BBX 6 8 0 0
BITMAP
20
10
00
CC
CC
CC
CC
78
ENDCHAR
STARTCHAR uni1F7B
ENCODING 8059
SWIDTH 778 0
DWIDTH 7 0
BBX 6 8 0 0
BITMAP
10
20
00
CC
CC
CC
CC
78
ENDCHAR
STARTCHAR uni1F7C
ENCODING 8060
SWIDTH 889 0
DWIDTH 8 0
BBX 7 8 0 0
BITMAP
20
10
00
6C
C6
D6
D6
6C
ENDCHAR
STARTCHAR uni1F7D
ENCODING 8061
SWIDTH 889 0
DWIDTH 8 0
BBX 7 8 0 0
BITMAP
08
10
00
6C
C6
D6
D6
6C
ENDCHAR
STARTCHAR uni1FB6
ENCODING 8118
SWIDTH 778 0
DWIDTH 7 0
BBX 6 8 0 0
BITMAP
28
50
00
7C
CC
CC
CC
7C
ENDCHAR
STARTCHAR uni1FC6
ENCODING 8134
SWIDTH 778 0
DWIDTH 7 0
BBX 6 9 0 -1
BITMAP
28
50
00
F8
CC
CC
CC
CC
0C
ENDCHAR
STARTCHAR uni1FCA
ENCODING 8138
SWIDTH 889 0
DWIDTH 8 0
BBX 7 7 0 0
BITMAP
E6
E6
66
7E
66
66
66
ENDCHAR
STARTCHAR uni1FD6
ENCODING 8150
SWIDTH 333 0
DWIDTH 3 0
BBX 4 8 -1 0
BITMAP
50
A0
00
60
60
60
60
60
ENDCHAR
STARTCHAR uni1FE6
ENCODING 8166
SWIDTH 778 0
DWIDTH 7 0
BBX 6 8 0 0
BITMAP
28
50
00
CC
CC
CC
CC
78
ENDCHAR
STARTCHAR uni1FF6
ENCODING 8182
SWIDTH 889 0
DWIDTH 8 0
BBX 7 8 0 0
BITMAP
14
28
00
6C
C6
D6
D6
6C
ENDCHAR
STARTCHAR uni2010
ENCODING 8208
SWIDTH 556 0
DWIDTH 5 0
BBX 4 1 0 3
BITMAP
F0
ENDCHAR
STARTCHAR uni2011
ENCODING 8209
SWIDTH 556 0
DWIDTH 5 0
BBX 5 1 0 3
BITMAP
F8
ENDCHAR
STARTCHAR uni2012
ENCODING 8210
SWIDTH 667 0
DWIDTH 6 0
BBX 5 1 0 3
BITMAP
F8
ENDCHAR
STARTCHAR uni2013
ENCODING 8211
SWIDTH 667 0
DWIDTH 6 0
BBX 5 1 0 3
BITMAP
F8
ENDCHAR
STARTCHAR uni2014
ENCODING 8212
SWIDTH 778 0
DWIDTH 7 0
BBX 6 1 0 3
BITMAP
FC
ENDCHAR
STARTCHAR uni2015
ENCODING 8213
SWIDTH 778 0
DWIDTH 7 0
BBX 6 1 0 3
BITMAP
FC
ENDCHAR
STARTCHAR uni2016
ENCODING 8214
SWIDTH 667 0
DWIDTH 6 0
BBX 5 7 0 0
BITMAP
D8
D8
D8
D8
D8
D8
D8
ENDCHAR
STARTCHAR uni2017
ENCODING 8215
SWIDTH 667 0
DWIDTH 6 0
BBX 5 1 0 -1
BITMAP
F8
ENDCHAR
STARTCHAR uni2018
ENCODING 8216
SWIDTH 444 0
DWIDTH 4 0
BBX 3 2 0 6
BITMAP
60
C0
ENDCHAR
STARTCHAR uni2019
ENCODING 8217
SWIDTH 444 0
DWIDTH 4 0
BBX 3 2 0 6
BITMAP
C0
60
ENDCHAR
STARTCHAR uni201A
ENCODING 8218
SWIDTH 444 0
DWIDTH 4 0
BBX 3 2 0 -1
BITMAP
C0
60
ENDCHAR
STARTCHAR uni201B
ENCODING 8219
SWIDTH 444 0
DWIDTH 4 0
BBX 3 2 0 6
BITMAP
C0
60
ENDCHAR
STARTCHAR uni201C
ENCODING 8220
SWIDTH 778 0
DWIDTH 7 0
BBX 6 2 0 6
BITMAP
6C
D8
ENDCHAR
STARTCHAR uni201D
ENCODING 8221
SWIDTH 778 0
DWIDTH 7 0
BBX 6 2 0 6
BITMAP
D8
6C
ENDCHAR
STARTCHAR uni201E
ENCODING 8222
SWIDTH 778 0
DWIDTH 7 0
BBX 6 2 0 -1
BITMAP
D8
6C
ENDCHAR
STARTCHAR uni201F
ENCODING 8223
SWIDTH 778 0
DWIDTH 7 0
BBX 6 2 0 6
BITMAP
D8
6C
ENDCHAR
STARTCHAR uni2020
ENCODING 8224
SWIDTH 778 0
DWIDTH 7 0
BBX 6 9 0 -1
BITMAP
30
30
FC
30
30
30
30
30
30
ENDCHAR
STARTCHAR uni2021
ENCODING 8225
SWIDTH 778 0
DWIDTH 7 0
BBX 6 9 0 -1
BITMAP
30
30
FC
30
30
30
FC
30
30
ENDCHAR
STARTCHAR uni2022
ENCODING 8226
SWIDTH 556 0
DWIDTH 5 0
BBX 4 3 0 2
BITMAP
F0
F0
F0
ENDCHAR
STARTCHAR uni2023
ENCODING 8227
SWIDTH 556 0
DWIDTH 5 0
BBX 4 5 0 1
BITMAP
C0
E0
F0
E0
C0
ENDCHAR
STARTCHAR uni2026
ENCODING 8230
SWIDTH 1000 0
DWIDTH 9 0
BBX 8 1 0 0
BITMAP
DB
ENDCHAR
STARTCHAR uni202F
ENCODING 8239
SWIDTH 444 0
DWIDTH 4 0
BBX 1 1 0 0
BITMAP
00
ENDCHAR
STARTCHAR uni2030
ENCODING 8240
SWIDTH 1000 0
DWIDTH 9 0
BBX 8 7 0 0
BITMAP
CC
CC
18
30
60
DB
DB
ENDCHAR
STARTCHAR uni2032
ENCODING 8242
SWIDTH 333 0
DWIDTH 3 0
BBX 2 2 0 5
BITMAP
C0
C0
ENDCHAR
STARTCHAR uni2033
ENCODING 8243
SWIDTH 667 0
DWIDTH 6 0
BBX 5 2 0 5
BITMAP
D8
D8
ENDCHAR
STARTCHAR uni2034
ENCODING 8244
SWIDTH 1000 0
DWIDTH 9 0
BBX 8 2 0 5
BITMAP
DB
DB
ENDCHAR
STARTCHAR uni2039
ENCODING 8249
SWIDTH 778 0
DWIDTH 7 0
BBX 6 5 0 0
BITMAP
1C
70
C0
70
1C
ENDCHAR
STARTCHAR uni203A
ENCODING 8250
SWIDTH 778 0
DWIDTH 7 0
BBX 6 5 0 0
BITMAP
E0
38
0C
38
E0
ENDCHAR
STARTCHAR uni203C
ENCODING 8252
SWIDTH 667 0
DWIDTH 6 0
BBX 5 7 0 0
BITMAP
D8
D8
D8
D8
D8
00
D8
ENDCHAR
STARTCHAR uni203D
ENCODING 8253
SWIDTH 778 0
DWIDTH 7 0
BBX 6 7 0 0
BITMAP
78
CC
3C
38
30
00
30
ENDCHAR
STARTCHAR uni203E
ENCODING 8254
SWIDTH 556 0
DWIDTH 5 0
BBX 4 1 0 7
BITMAP
F0
ENDCHAR
STARTCHAR uni2044
ENCODING 8260
SWIDTH 778 0
DWIDTH 7 0
BBX 6 7 0 0
BITMAP
0C
0C
18
30
60
C0
C0
ENDCHAR
STARTCHAR uni204B
ENCODING 8267
SWIDTH 889 0
DWIDTH 8 0
BBX 7 8 0 -1
BITMAP
FC
DE
DE
DC
D8
D8
D8
D8
ENDCHAR
STARTCHAR uni205E
ENCODING 8286
SWIDTH 333 0
DWIDTH 3 0
BBX 2 7 0 0
BITMAP
C0
00
C0
00
C0
00
C0
ENDCHAR
STARTCHAR uni20A0
ENCODING 8352
SWIDTH 889 0
DWIDTH 8 0
BBX 7 7 0 0
BITMAP
70
C0
DE
D8
7E
18
1E
ENDCHAR
STARTCHAR uni20A2
ENCODING 8354
SWIDTH 889 0
DWIDTH 8 0
BBX 7 7 0 0
BITMAP
7C
C6
C0
DC
D8
DE
7C
ENDCHAR
STARTCHAR uni20A3
ENCODING 8355
SWIDTH 778 0
DWIDTH 7 0
BBX 6 7 0 0
BITMAP
7C
60
60
78
60
F0
60
ENDCHAR
STARTCHAR uni20A4
ENCODING 8356
SWIDTH 778 0
DWIDTH 7 0
BBX 6 7 0 0
BITMAP
38
64
F0
60
F0
60
FC
ENDCHAR
STARTCHAR uni20AB
ENCODING 8363
SWIDTH 778 0
DWIDTH 7 0
BBX 6 7 0 0
BITMAP
0C
7C
CC
CC
7C
00
FC
ENDCHAR
STARTCHAR uni20AC
ENCODING 8364
SWIDTH 778 0
DWIDTH 7 0
BBX 6 7 0 0
BITMAP
3C
60
F8
60
F8
60
3C
ENDCHAR
STARTCHAR uni20AD
ENCODING 8365
SWIDTH 778 0
DWIDTH 7 0
BBX 7 7 -1 0
BITMAP
66
6C
78
FE
78
6C
66
ENDCHAR
STARTCHAR uni20AE
ENCODING 8366
SWIDTH 778 0
DWIDTH 7 0
BBX 6 7 0 0
BITMAP
FC
30
38
70
38
70
30
ENDCHAR
STARTCHAR uni20B1
ENCODING 8369
SWIDTH 889 0
DWIDTH 8 0
BBX 7 7 0 0
BITMAP
78
FE
6C
FE
78
60
60
ENDCHAR
STARTCHAR uni20B2
ENCODING 8370
SWIDTH 1000 0
DWIDTH 9 0
BBX 8 9 0 -1
BITMAP
18
7E
D8
D8
DF
DB
DB
7E
18
ENDCHAR
STARTCHAR uni20B3
ENCODING 8371
SWIDTH 889 0
DWIDTH 8 0
BBX 7 7 0 0
BITMAP
38
6C
FE
6C
FE
6C
C6
ENDCHAR
STARTCHAR uni20B4
ENCODING 8372
SWIDTH 889 0
DWIDTH 8 0
BBX 7 7 0 0
BITMAP
78
0C
FE
38
FE
60
3C
ENDCHAR
STARTCHAR uni20B5
ENCODING 8373
SWIDTH 778 0
DWIDTH 7 0
BBX 6 9 0 -1
BITMAP
20
78
EC
E0
E0
E0
EC
78
20
ENDCHAR
STARTCHAR uni20B6
ENCODING 8374
SWIDTH 889 0
DWIDTH 8 0
BBX 7 7 0 0
BITMAP
6C
6C
FE
6C
6C
6C
6E
ENDCHAR
STARTCHAR uni20B8
ENCODING 8376
SWIDTH 778 0
DWIDTH 7 0
BBX 6 7 0 0
BITMAP
FC
00
FC
30
30
30
30
ENDCHAR
STARTCHAR uni20B9
ENCODING 8377
SWIDTH 778 0
DWIDTH 7 0
BBX 5 7 1 0
BITMAP
F8
30
F8
30
E0
30
18
ENDCHAR
STARTCHAR uni20BA
ENCODING 8378
SWIDTH 778 0
DWIDTH 7 0
BBX 6 7 0 0
BITMAP
60
70
E0
70
E0
6C
78
ENDCHAR
STARTCHAR uni20BC
ENCODING 8380
SWIDTH 1000 0
DWIDTH 9 0
BBX 8 6 0 0
BITMAP
18
7E
DB
DB
DB
DB
ENDCHAR
STARTCHAR uni20BD
ENCODING 8381
SWIDTH 778 0
DWIDTH 7 0
BBX 7 7 -1 0
BITMAP
7C
66
66
FC
60
F8
60
ENDCHAR
STARTCHAR uni20BE
ENCODING 8382
SWIDTH 889 0
DWIDTH 8 0
BBX 7 7 0 0
BITMAP
6C
7C
C6
C0
C0
60
FC
ENDCHAR
STARTCHAR uni20BF
ENCODING 8383
SWIDTH 778 0
DWIDTH 7 0
BBX 7 9 -1 -1
BITMAP
28
FC
66
66
7C
66
66
FC
28
ENDCHAR
STARTCHAR uni20C0
ENCODING 8384
SWIDTH 778 0
DWIDTH 7 0
BBX 6 7 0 0
BITMAP
78
CC
C0
CC
78
00
FC
ENDCHAR
STARTCHAR uni2105
ENCODING 8453
SWIDTH 778 0
DWIDTH 7 0
BBX 6 7 0 0
BITMAP
8C
CC
18
30
60
CC
CC
ENDCHAR
STARTCHAR uni2113
ENCODING 8467
SWIDTH 889 0
DWIDTH 8 0
BBX 7 7 0 0
BITMAP
38
6C
6C
78
E0
66
3C
ENDCHAR
STARTCHAR uni2116
ENCODING 8470
SWIDTH 1333 0
DWIDTH 12 0
BBX 11 7 0 0
BITMAP
E600
F600
F6E0
DEA0
DEE0
CE00
C6E0
ENDCHAR
STARTCHAR uni2117
ENCODING 8471
SWIDTH 1111 0
DWIDTH 10 0
BBX 9 7 0 0
BITMAP
7F00
C180
DD80
DD80
D180
C180
7F00
ENDCHAR
STARTCHAR uni2122
ENCODING 8482
SWIDTH 1111 0
DWIDTH 10 0
BBX 9 4 0 3
BITMAP
E880
4D80
4A80
4880
ENDCHAR
STARTCHAR uni2126
ENCODING 8486
SWIDTH 889 0
DWIDTH 8 0
BBX 7 7 0 0
BITMAP
7C
C6
C6
C6
C6
6C
EE
ENDCHAR
STARTCHAR uni212E
ENCODING 8494
SWIDTH 889 0
DWIDTH 8 0
BBX 7 7 0 0
BITMAP
7C
EE
EE
FE
E0
E6
7C
ENDCHAR
STARTCHAR uni2139
ENCODING 8505
SWIDTH 667 0
DWIDTH 6 0
BBX 4 7 1 0
BITMAP
60
60
00
E0
60
60
F0
ENDCHAR
STARTCHAR uni214D
ENCODING 8525
SWIDTH 667 0
DWIDTH 6 0
BBX 5 9 0 -1
BITMAP
40
E0
A0
00
F8
00
18
10
30
ENDCHAR
STARTCHAR uni214E
ENCODING 8526
SWIDTH 778 0
DWIDTH 7 0
BBX 6 5 0 0
BITMAP
0C
0C
7C
0C
FC
ENDCHAR
STARTCHAR uni2184
ENCODING 8580
SWIDTH 778 0
DWIDTH 7 0
BBX 6 5 0 0
BITMAP
78
CC
0C
CC
78
ENDCHAR
STARTCHAR uni2190
ENCODING 8592
SWIDTH 667 0
DWIDTH 6 0
BBX 5 5 0 1
BITMAP
20
40
F8
40
20
ENDCHAR
STARTCHAR uni2191
ENCODING 8593
SWIDTH 667 0
DWIDTH 6 0
BBX 5 5 0 1
BITMAP
20
70
A8
20
20
ENDCHAR
STARTCHAR uni2192
ENCODING 8594
SWIDTH 667 0
DWIDTH 6 0
BBX 5 5 0 1
BITMAP
20
10
F8
10
20
ENDCHAR
STARTCHAR uni2193
ENCODING 8595
SWIDTH 667 0
DWIDTH 6 0
BBX 5 5 0 1
BITMAP
20
20
A8
70
20
ENDCHAR
STARTCHAR uni2202
ENCODING 8706
SWIDTH 889 0
DWIDTH 8 0
BBX 7 7 0 0
BITMAP
38
6C
06
76
CC
9C
78
ENDCHAR
STARTCHAR uni2206
ENCODING 8710
SWIDTH 1000 0
DWIDTH 9 0
BBX 8 7 0 0
BITMAP
3C
3C
6E
6E
C7
C7
FF
ENDCHAR
STARTCHAR uni220F
ENCODING 8719
SWIDTH 778 0
DWIDTH 7 0
BBX 6 8 0 -1
BITMAP
FC
CC
CC
CC
CC
CC
CC
CC
ENDCHAR
STARTCHAR uni2211
ENCODING 8721
SWIDTH 778 0
DWIDTH 7 0
BBX 6 8 0 -1
BITMAP
FC
C0
60
30
30
60
C0
FC
ENDCHAR
STARTCHAR uni2212
ENCODING 8722
SWIDTH 556 0
DWIDTH 5 0
BBX 4 1 0 3
BITMAP
F0
ENDCHAR
STARTCHAR uni2215
ENCODING 8725
SWIDTH 778 0
DWIDTH 7 0
BBX 6 7 0 0
BITMAP
0C
0C
18
30
60
C0
C0
ENDCHAR
STARTCHAR uni2219
ENCODING 8729
SWIDTH 333 0
DWIDTH 3 0
BBX 2 1 0 3
BITMAP
C0
ENDCHAR
STARTCHAR uni221A
ENCODING 8730
SWIDTH 889 0
DWIDTH 8 0
BBX 7 7 0 0
BITMAP
06
06
C6
6C
6C
38
38
ENDCHAR
STARTCHAR uni221E
ENCODING 8734
SWIDTH 889 0
DWIDTH 8 0
BBX 7 3 0 2
BITMAP
6C
D6
6C
ENDCHAR
STARTCHAR uni221F
ENCODING 8735
SWIDTH 778 0
DWIDTH 7 0
BBX 6 5 0 0
BITMAP
C0
C0
C0
C0
FC
ENDCHAR
STARTCHAR uni2220
ENCODING 8736
SWIDTH 778 0
DWIDTH 7 0
BBX 6 5 0 0
BITMAP
0C
18
30
60
FC
ENDCHAR
STARTCHAR uni2229
ENCODING 8745
SWIDTH 778 0
DWIDTH 7 0
BBX 6 7 0 0
BITMAP
78
CC
CC
CC
CC
CC
CC
ENDCHAR
STARTCHAR uni222B
ENCODING 8747
SWIDTH 778 0
DWIDTH 7 0
BBX 6 9 0 -1
BITMAP
1C
3C
30
30
30
30
30
F0
E0
ENDCHAR
STARTCHAR uni2248
ENCODING 8776
SWIDTH 889 0
DWIDTH 8 0
BBX 7 6 0 0
BITMAP
60
D6
0C
60
D6
0C
ENDCHAR
STARTCHAR uni2260
ENCODING 8800
SWIDTH 778 0
DWIDTH 7 0
BBX 6 7 0 0
BITMAP
18
18
FC
30
FC
60
60
ENDCHAR
STARTCHAR uni2261
ENCODING 8801
SWIDTH 556 0
DWIDTH 5 0
BBX 4 5 0 1
BITMAP
F0
00
F0
00
F0
ENDCHAR
STARTCHAR uni2264
ENCODING 8804
SWIDTH 556 0
DWIDTH 5 0
BBX 4 7 0 0
BITMAP
30
60
C0
60
30
00
F0
ENDCHAR
STARTCHAR uni2265
ENCODING 8805
SWIDTH 556 0
DWIDTH 5 0
BBX 4 7 0 0
BITMAP
C0
60
30
60
C0
00
F0
ENDCHAR
STARTCHAR uni22EE
ENCODING 8942
SWIDTH 333 0
DWIDTH 3 0
BBX 2 5 0 1
BITMAP
C0
00
C0
00
C0
ENDCHAR
STARTCHAR uni22EF
ENCODING 8943
SWIDTH 1000 0
DWIDTH 9 0
BBX 8 1 0 3
BITMAP
DB
ENDCHAR
STARTCHAR uni2302
ENCODING 8962
SWIDTH 778 0
DWIDTH 7 0
BBX 6 6 0 0
BITMAP
30
78
CC
CC
CC
FC
ENDCHAR
STARTCHAR uni2310
ENCODING 8976
SWIDTH 556 0
DWIDTH 5 0
BBX 4 3 0 1
BITMAP
F0
C0
C0
ENDCHAR
STARTCHAR uni2320
ENCODING 8992
SWIDTH 556 0
DWIDTH 5 0
BBX 4 9 0 -1
BITMAP
70
F0
C0
C0
C0
C0
C0
C0
C0
ENDCHAR
STARTCHAR uni2321
ENCODING 8993
SWIDTH 556 0
DWIDTH 5 0
BBX 4 9 0 -1
BITMAP
30
30
30
30
30
30
30
F0
E0
ENDCHAR
STARTCHAR uni25B2
ENCODING 9650
SWIDTH 667 0
DWIDTH 6 0
BBX 5 5 0 1
BITMAP
20
70
70
F8
F8
ENDCHAR
STARTCHAR uni25BA
ENCODING 9658
SWIDTH 667 0
DWIDTH 6 0
BBX 5 5 0 1
BITMAP
C0
F0
F8
F0
C0
ENDCHAR
STARTCHAR uni25BC
ENCODING 9660
SWIDTH 667 0
DWIDTH 6 0
BBX 5 5 0 1
BITMAP
F8
F8
70
70
20
ENDCHAR
STARTCHAR uni25C4
ENCODING 9668
SWIDTH 667 0
DWIDTH 6 0
BBX 5 5 0 1
BITMAP
18
78
F8
78
18
ENDCHAR
STARTCHAR uni25C6
ENCODING 9670
SWIDTH 889 0
DWIDTH 8 0
BBX 7 7 0 0
BITMAP
10
38
7C
FE
7C
38
10
ENDCHAR
STARTCHAR uni25CF
ENCODING 9679
SWIDTH 667 0
DWIDTH 6 0
BBX 5 5 0 1
BITMAP
20
70
F8
70
20
ENDCHAR
STARTCHAR uni2609
ENCODING 9737
SWIDTH 667 0
DWIDTH 6 0
BBX 5 5 0 1
BITMAP
70
88
A8
88
70
ENDCHAR
STARTCHAR uni2621
ENCODING 9761
SWIDTH 889 0
DWIDTH 8 0
BBX 7 7 0 0
BITMAP
38
38
78
78
D8
D8
DE
ENDCHAR
STARTCHAR uni263B
ENCODING 9787
SWIDTH 667 0
DWIDTH 6 0
BBX 5 5 0 1
BITMAP
70
A8
F8
88
70
ENDCHAR
STARTCHAR uni2713
ENCODING 10003
SWIDTH 778 0
DWIDTH 7 0
BBX 6 5 0 1
BITMAP
0C
0C
D8
F0
60
ENDCHAR
STARTCHAR uni2715
ENCODING 10005
SWIDTH 778 0
DWIDTH 7 0
BBX 6 5 0 1
BITMAP
CC
78
30
78
CC
ENDCHAR
STARTCHAR uni2764
ENCODING 10084
SWIDTH 889 0
DWIDTH 8 0
BBX 7 7 0 0
BITMAP
6C
FE
FE
FE
7C
38
10
ENDCHAR
STARTCHAR uni5143
ENCODING 20803
SWIDTH 889 0
DWIDTH 8 0
BBX 7 7 0 0
BITMAP
7C
00
FE
28
28
4A
84
ENDCHAR
STARTCHAR uni5186
ENCODING 20870
SWIDTH 667 0
DWIDTH 6 0
BBX 5 7 0 0
BITMAP
F8
A8
A8
F8
88
88
90
ENDCHAR
STARTCHAR uniA78B
ENCODING 42891
SWIDTH 333 0
DWIDTH 3 0
BBX 2 5 0 2
BITMAP
C0
C0
C0
C0
C0
ENDCHAR
STARTCHAR uniA78C
ENCODING 42892
SWIDTH 333 0
DWIDTH 3 0
BBX 2 4 0 3
BITMAP
C0
C0
C0
C0
ENDCHAR
STARTCHAR uniA838
ENCODING 43064
SWIDTH 778 0
DWIDTH 7 0
BBX 6 7 0 0
BITMAP
0C
0C
0C
0C
0C
D8
70
ENDCHAR
STARTCHAR uniFB01
ENCODING 64257
SWIDTH 778 0
DWIDTH 7 0
BBX 6 7 0 0
BITMAP
70
60
FC
6C
6C
6C
6C
ENDCHAR
STARTCHAR uniFB02
ENCODING 64258
SWIDTH 778 0
DWIDTH 7 0
BBX 6 7 0 0
BITMAP
7C
6C
FC
6C
6C
6C
6C
ENDCHAR
STARTCHAR uniFFFC
ENCODING 65532
SWIDTH 1333 0
DWIDTH 12 0
BBX 11 5 0 1
BITMAP
4C20
AA20
AC20
AAA0
4C40
ENDCHAR
STARTCHAR uniFFFD
ENCODING 65533
SWIDTH 1000 0
DWIDTH 9 0
BBX 8 9 0 -1
BITMAP
18
3C
66
DB
FB
E7
7E
24
18
ENDCHAR
STARTCHAR uni1F47B
ENCODING 128123
SWIDTH 667 0
DWIDTH 6 0
BBX 5 7 0 0
BITMAP
70
F8
A8
F8
F8
F8
A8
ENDCHAR
STARTCHAR uni1F47D
ENCODING 128125
SWIDTH 667 0
DWIDTH 6 0
BBX 5 7 0 0
BITMAP
70
F8
F8
A8
F8
70
20
ENDCHAR
STARTCHAR uni1F4E4
ENCODING 128228
SWIDTH 667 0
DWIDTH 6 0
BBX 5 7 0 0
BITMAP
20
70
A8
20
20
88
F8
ENDCHAR
STARTCHAR uni1F4E5
ENCODING 128229
SWIDTH 667 0
DWIDTH 6 0
BBX 5 7 0 0
BITMAP
20
20
A8
70
20
88
F8
ENDCHAR
STARTCHAR uni1F512
ENCODING 128274
SWIDTH 667 0
DWIDTH 6 0
BBX 5 7 0 0
BITMAP
20
50
50
F8
F8
F8
F8
ENDCHAR
STARTCHAR uni1F513
ENCODING 128275
SWIDTH 667 0
DWIDTH 6 0
BBX 5 7 0 0
BITMAP
20
50
40
F8
F8
F8
F8
ENDCHAR
STARTCHAR uni1F514
ENCODING 128276
SWIDTH 667 0
DWIDTH 6 0
BBX 5 7 0 0
BITMAP
20
70
70
F8
00
70
20
ENDCHAR
STARTCHAR uni1F517
ENCODING 128279
SWIDTH 667 0
DWIDTH 6 0
BBX 5 5 0 1
BITMAP
B8
98
A8
80
F8
ENDCHAR
ENDFONT
