STARTFONT 2.1
FONT PixeloidSans-9px
SIZE 9 75 75
FONTBOUNDINGBOX 13 11 -2 -2
STARTPROPERTIES 3
PIXEL_SIZE 9
FONT_ASCENT 9
FONT_DESCENT 2
ENDPROPERTIES
CHARS 1027
STARTCHAR uni0020
ENCODING 32
SWIDTH 333 0
DWIDTH 3 0
BBX 1 1 0 0
BITMAP
00
ENDCHAR
STARTCHAR uni0021
ENCODING 33
SWIDTH 222 0
DWIDTH 2 0
BBX 1 7 0 0
BITMAP
80
80
80
80
80
00
80
ENDCHAR
STARTCHAR uni0022
ENCODING 34
SWIDTH 444 0
DWIDTH 4 0
BBX 3 2 0 5
BITMAP
A0
A0
ENDCHAR
STARTCHAR uni0023
ENCODING 35
SWIDTH 667 0
DWIDTH 6 0
BBX 5 7 0 0
BITMAP
50
F8
50
50
50
F8
50
ENDCHAR
STARTCHAR uni0024
ENCODING 36
SWIDTH 667 0
DWIDTH 6 0
BBX 5 9 0 -1
BITMAP
20
70
A8
A0
70
28
A8
70
20
ENDCHAR
STARTCHAR uni0025
ENCODING 37
SWIDTH 667 0
DWIDTH 6 0
BBX 5 7 0 0
BITMAP
C8
C8
10
20
40
98
98
ENDCHAR
STARTCHAR uni0026
ENCODING 38
SWIDTH 667 0
DWIDTH 6 0
BBX 5 7 0 0
BITMAP
40
A0
A0
40
A8
90
68
ENDCHAR
STARTCHAR uni0027
ENCODING 39
SWIDTH 222 0
DWIDTH 2 0
BBX 1 2 0 5
BITMAP
80
80
ENDCHAR
STARTCHAR uni0028
ENCODING 40
SWIDTH 444 0
DWIDTH 4 0
BBX 3 8 0 -1
BITMAP
20
40
80
80
80
80
40
20
ENDCHAR
STARTCHAR uni0029
ENCODING 41
SWIDTH 444 0
DWIDTH 4 0
BBX 3 8 0 -1
BITMAP
80
40
20
20
20
20
40
80
ENDCHAR
STARTCHAR uni002A
ENCODING 42
SWIDTH 444 0
DWIDTH 4 0
BBX 3 3 0 4
BITMAP
A0
40
A0
ENDCHAR
STARTCHAR uni002B
ENCODING 43
SWIDTH 444 0
DWIDTH 4 0
BBX 3 3 0 2
BITMAP
40
E0
40
ENDCHAR
STARTCHAR uni002C
ENCODING 44
SWIDTH 222 0
DWIDTH 2 0
BBX 1 2 0 -1
BITMAP
80
80
ENDCHAR
STARTCHAR uni002D
ENCODING 45
SWIDTH 444 0
DWIDTH 4 0
BBX 3 1 0 3
BITMAP
E0
ENDCHAR
STARTCHAR uni002E
ENCODING 46
SWIDTH 222 0
DWIDTH 2 0
BBX 1 1 0 0
BITMAP
80
ENDCHAR
STARTCHAR uni002F
ENCODING 47
SWIDTH 667 0
DWIDTH 6 0
BBX 5 7 0 0
BITMAP
08
08
10
20
40
80
80
ENDCHAR
STARTCHAR uni0030
ENCODING 48
SWIDTH 667 0
DWIDTH 6 0
BBX 5 7 0 0
BITMAP
70
88
88
A8
88
88
70
ENDCHAR
STARTCHAR uni0031
ENCODING 49
SWIDTH 667 0
DWIDTH 6 0
BBX 5 7 0 0
BITMAP
E0
20
20
20
20
20
F8
ENDCHAR
STARTCHAR uni0032
ENCODING 50
SWIDTH 667 0
DWIDTH 6 0
BBX 5 7 0 0
BITMAP
70
88
08
10
20
40
F8
ENDCHAR
STARTCHAR uni0033
ENCODING 51
SWIDTH 667 0
DWIDTH 6 0
BBX 5 7 0 0
BITMAP
70
88
08
30
08
88
70
ENDCHAR
STARTCHAR uni0034
ENCODING 52
SWIDTH 667 0
DWIDTH 6 0
BBX 5 7 0 0
BITMAP
10
30
50
90
F8
10
10
ENDCHAR
STARTCHAR uni0035
ENCODING 53
SWIDTH 667 0
DWIDTH 6 0
BBX 5 7 0 0
BITMAP
F8
80
80
F0
08
88
70
ENDCHAR
STARTCHAR uni0036
ENCODING 54
SWIDTH 667 0
DWIDTH 6 0
BBX 5 7 0 0
BITMAP
70
88
80
F0
88
88
70
ENDCHAR
STARTCHAR uni0037
ENCODING 55
SWIDTH 667 0
DWIDTH 6 0
BBX 5 7 0 0
BITMAP
F8
08
08
10
20
40
80
ENDCHAR
STARTCHAR uni0038
ENCODING 56
SWIDTH 667 0
DWIDTH 6 0
BBX 5 7 0 0
BITMAP
70
88
88
70
88
88
70
ENDCHAR
STARTCHAR uni0039
ENCODING 57
SWIDTH 667 0
DWIDTH 6 0
BBX 5 7 0 0
BITMAP
70
88
88
78
08
88
70
ENDCHAR
STARTCHAR uni003A
ENCODING 58
SWIDTH 222 0
DWIDTH 2 0
BBX 1 5 0 0
BITMAP
80
00
00
00
80
ENDCHAR
STARTCHAR uni003B
ENCODING 59
SWIDTH 222 0
DWIDTH 2 0
BBX 1 6 0 -1
BITMAP
80
00
00
00
80
80
ENDCHAR
STARTCHAR uni003C
ENCODING 60
SWIDTH 444 0
DWIDTH 4 0
BBX 3 5 0 1
BITMAP
20
40
80
40
20
ENDCHAR
STARTCHAR uni003D
ENCODING 61
SWIDTH 444 0
DWIDTH 4 0
BBX 3 3 0 2
BITMAP
E0
00
E0
ENDCHAR
STARTCHAR uni003E
ENCODING 62
SWIDTH 444 0
DWIDTH 4 0
BBX 3 5 0 1
BITMAP
80
40
20
40
80
ENDCHAR
STARTCHAR uni003F
ENCODING 63
SWIDTH 667 0
DWIDTH 6 0
BBX 5 7 0 0
BITMAP
70
88
08
10
20
00
20
ENDCHAR
STARTCHAR uni0040
ENCODING 64
SWIDTH 667 0
DWIDTH 6 0
BBX 5 7 0 0
BITMAP
F8
88
A8
B8
80
80
F8
ENDCHAR
STARTCHAR uni0041
ENCODING 65
SWIDTH 667 0
DWIDTH 6 0
BBX 5 7 0 0
BITMAP
20
50
50
88
F8
88
88
ENDCHAR
STARTCHAR uni0042
ENCODING 66
SWIDTH 667 0
DWIDTH 6 0
BBX 5 7 0 0
BITMAP
F0
88
88
F0
88
88
F0
ENDCHAR
STARTCHAR uni0043
ENCODING 67
SWIDTH 667 0
DWIDTH 6 0
BBX 5 7 0 0
BITMAP
70
88
80
80
80
88
70
ENDCHAR
STARTCHAR uni0044
ENCODING 68
SWIDTH 667 0
DWIDTH 6 0
BBX 5 7 0 0
BITMAP
E0
90
88
88
88
90
E0
ENDCHAR
STARTCHAR uni0045
ENCODING 69
SWIDTH 667 0
DWIDTH 6 0
BBX 5 7 0 0
BITMAP
F8
80
80
F0
80
80
F8
ENDCHAR
STARTCHAR uni0046
ENCODING 70
SWIDTH 667 0
DWIDTH 6 0
BBX 5 7 0 0
BITMAP
F8
80
80
F0
80
80
80
ENDCHAR
STARTCHAR uni0047
ENCODING 71
SWIDTH 667 0
DWIDTH 6 0
BBX 5 7 0 0
BITMAP
70
80
80
B8
88
88
78
ENDCHAR
STARTCHAR uni0048
ENCODING 72
SWIDTH 667 0
DWIDTH 6 0
BBX 5 7 0 0
BITMAP
88
88
88
F8
88
88
88
ENDCHAR
STARTCHAR uni0049
ENCODING 73
SWIDTH 444 0
DWIDTH 4 0
BBX 3 7 0 0
BITMAP
E0
40
40
40
40
40
E0
ENDCHAR
STARTCHAR uni004A
ENCODING 74
SWIDTH 556 0
DWIDTH 5 0
BBX 4 7 0 0
BITMAP
10
10
10
10
90
90
60
ENDCHAR
STARTCHAR uni004B
ENCODING 75
SWIDTH 667 0
DWIDTH 6 0
BBX 5 7 0 0
BITMAP
88
90
A0
C0
A0
90
88
ENDCHAR
STARTCHAR uni004C
ENCODING 76
SWIDTH 667 0
DWIDTH 6 0
BBX 5 7 0 0
BITMAP
80
80
80
80
80
80
F8
ENDCHAR
STARTCHAR uni004D
ENCODING 77
SWIDTH 889 0
DWIDTH 8 0
BBX 7 7 0 0
BITMAP
82
C6
AA
92
82
82
82
ENDCHAR
STARTCHAR uni004E
ENCODING 78
SWIDTH 778 0
DWIDTH 7 0
BBX 6 7 0 0
BITMAP
C4
A4
A4
94
94
8C
84
ENDCHAR
STARTCHAR uni004F
ENCODING 79
SWIDTH 667 0
DWIDTH 6 0
BBX 5 7 0 0
BITMAP
70
88
88
88
88
88
70
ENDCHAR
STARTCHAR uni0050
ENCODING 80
SWIDTH 667 0
DWIDTH 6 0
BBX 5 7 0 0
BITMAP
F0
88
88
F0
80
80
80
ENDCHAR
STARTCHAR uni0051
ENCODING 81
SWIDTH 667 0
DWIDTH 6 0
BBX 5 7 0 0
BITMAP
70
88
88
88
A8
90
68
ENDCHAR
STARTCHAR uni0052
ENCODING 82
SWIDTH 667 0
DWIDTH 6 0
BBX 5 7 0 0
BITMAP
F0
88
88
F0
A0
90
88
ENDCHAR
STARTCHAR uni0053
ENCODING 83
SWIDTH 667 0
DWIDTH 6 0
BBX 5 7 0 0
BITMAP
70
88
80
70
08
88
70
ENDCHAR
STARTCHAR uni0054
ENCODING 84
SWIDTH 667 0
DWIDTH 6 0
BBX 5 7 0 0
BITMAP
F8
20
20
20
20
20
20
ENDCHAR
STARTCHAR uni0055
ENCODING 85
SWIDTH 667 0
DWIDTH 6 0
BBX 5 7 0 0
BITMAP
88
88
88
88
88
88
70
ENDCHAR
STARTCHAR uni0056
ENCODING 86
SWIDTH 667 0
DWIDTH 6 0
BBX 5 7 0 0
BITMAP
88
88
88
50
50
20
20
ENDCHAR
STARTCHAR uni0057
ENCODING 87
SWIDTH 889 0
DWIDTH 8 0
BBX 7 7 0 0
BITMAP
82
92
92
AA
AA
44
44
ENDCHAR
STARTCHAR uni0058
ENCODING 88
SWIDTH 667 0
DWIDTH 6 0
BBX 5 7 0 0
BITMAP
88
88
50
20
50
88
88
ENDCHAR
STARTCHAR uni0059
ENCODING 89
SWIDTH 667 0
DWIDTH 6 0
BBX 5 7 0 0
BITMAP
88
88
88
70
20
20
20
ENDCHAR
STARTCHAR uni005A
ENCODING 90
SWIDTH 667 0
DWIDTH 6 0
BBX 5 7 0 0
BITMAP
F8
08
10
20
40
80
F8
ENDCHAR
STARTCHAR uni005B
ENCODING 91
SWIDTH 444 0
DWIDTH 4 0
BBX 3 8 0 -1
BITMAP
E0
80
80
80
80
80
80
E0
ENDCHAR
STARTCHAR uni005C
ENCODING 92
SWIDTH 667 0
DWIDTH 6 0
BBX 5 7 0 0
BITMAP
80
80
40
20
10
08
08
ENDCHAR
STARTCHAR uni005D
ENCODING 93
SWIDTH 444 0
DWIDTH 4 0
BBX 3 8 0 -1
BITMAP
E0
20
20
20
20
20
20
E0
ENDCHAR
STARTCHAR uni005E
ENCODING 94
SWIDTH 667 0
DWIDTH 6 0
BBX 5 3 0 4
BITMAP
20
50
88
ENDCHAR
STARTCHAR uni005F
ENCODING 95
SWIDTH 444 0
DWIDTH 4 0
BBX 3 1 0 -1
BITMAP
E0
ENDCHAR
STARTCHAR uni0060
ENCODING 96
SWIDTH 667 0
DWIDTH 6 0
BBX 2 2 1 7
BITMAP
80
40
ENDCHAR
STARTCHAR uni0061
ENCODING 97
SWIDTH 667 0
DWIDTH 6 0
BBX 5 5 0 0
BITMAP
68
98
88
98
68
ENDCHAR
STARTCHAR uni0062
ENCODING 98
SWIDTH 667 0
DWIDTH 6 0
BBX 5 7 0 0
BITMAP
80
80
B0
C8
88
C8
B0
ENDCHAR
STARTCHAR uni0063
ENCODING 99
SWIDTH 667 0
DWIDTH 6 0
BBX 5 5 0 0
BITMAP
78
80
80
80
78
ENDCHAR
STARTCHAR uni0064
ENCODING 100
SWIDTH 667 0
DWIDTH 6 0
BBX 5 7 0 0
BITMAP
08
08
68
98
88
98
68
ENDCHAR
STARTCHAR uni0065
ENCODING 101
SWIDTH 667 0
DWIDTH 6 0
BBX 5 5 0 0
BITMAP
70
88
F8
80
78
ENDCHAR
STARTCHAR uni0066
ENCODING 102
SWIDTH 444 0
DWIDTH 4 0
BBX 3 7 0 0
BITMAP
60
40
E0
40
40
40
40
ENDCHAR
STARTCHAR uni0067
ENCODING 103
SWIDTH 667 0
DWIDTH 6 0
BBX 5 7 0 -2
BITMAP
68
98
88
98
68
08
70
ENDCHAR
STARTCHAR uni0068
ENCODING 104
SWIDTH 667 0
DWIDTH 6 0
BBX 5 7 0 0
BITMAP
80
80
B0
C8
88
88
88
ENDCHAR
STARTCHAR uni0069
ENCODING 105
SWIDTH 222 0
DWIDTH 2 0
BBX 1 7 0 0
BITMAP
80
00
80
80
80
80
80
ENDCHAR
STARTCHAR uni006A
ENCODING 106
SWIDTH 556 0
DWIDTH 5 0
BBX 4 8 0 -1
BITMAP
10
00
10
10
10
10
90
60
ENDCHAR
STARTCHAR uni006B
ENCODING 107
SWIDTH 556 0
DWIDTH 5 0
BBX 4 7 0 0
BITMAP
80
80
90
A0
C0
A0
90
ENDCHAR
STARTCHAR uni006C
ENCODING 108
SWIDTH 222 0
DWIDTH 2 0
BBX 1 7 0 0
BITMAP
80
80
80
80
80
80
80
ENDCHAR
STARTCHAR uni006D
ENCODING 109
SWIDTH 889 0
DWIDTH 8 0
BBX 7 5 0 0
BITMAP
EC
92
92
92
92
ENDCHAR
STARTCHAR uni006E
ENCODING 110
SWIDTH 667 0
DWIDTH 6 0
BBX 5 5 0 0
BITMAP
B0
C8
88
88
88
ENDCHAR
STARTCHAR uni006F
ENCODING 111
SWIDTH 667 0
DWIDTH 6 0
BBX 5 5 0 0
BITMAP
70
88
88
88
70
ENDCHAR
STARTCHAR uni0070
ENCODING 112
SWIDTH 667 0
DWIDTH 6 0
BBX 5 7 0 -2
BITMAP
B0
C8
88
C8
B0
80
80
ENDCHAR
STARTCHAR uni0071
ENCODING 113
SWIDTH 667 0
DWIDTH 6 0
BBX 5 7 0 -2
BITMAP
68
98
88
98
68
08
08
ENDCHAR
STARTCHAR uni0072
ENCODING 114
SWIDTH 556 0
DWIDTH 5 0
BBX 4 5 0 0
BITMAP
90
A0
C0
80
80
ENDCHAR
STARTCHAR uni0073
ENCODING 115
SWIDTH 667 0
DWIDTH 6 0
BBX 5 5 0 0
BITMAP
78
80
70
08
F0
ENDCHAR
STARTCHAR uni0074
ENCODING 116
SWIDTH 444 0
DWIDTH 4 0
BBX 3 7 0 0
BITMAP
40
40
E0
40
40
40
60
ENDCHAR
STARTCHAR uni0075
ENCODING 117
SWIDTH 667 0
DWIDTH 6 0
BBX 5 5 0 0
BITMAP
88
88
88
88
70
ENDCHAR
STARTCHAR uni0076
ENCODING 118
SWIDTH 667 0
DWIDTH 6 0
BBX 5 5 0 0
BITMAP
88
88
88
50
20
ENDCHAR
STARTCHAR uni0077
ENCODING 119
SWIDTH 889 0
DWIDTH 8 0
BBX 7 5 0 0
BITMAP
82
92
92
AA
44
ENDCHAR
STARTCHAR uni0078
ENCODING 120
SWIDTH 667 0
DWIDTH 6 0
BBX 5 5 0 0
BITMAP
88
50
20
50
88
ENDCHAR
STARTCHAR uni0079
ENCODING 121
SWIDTH 667 0
DWIDTH 6 0
BBX 5 7 0 -2
BITMAP
88
88
50
50
20
20
C0
ENDCHAR
STARTCHAR uni007A
ENCODING 122
SWIDTH 667 0
DWIDTH 6 0
BBX 5 5 0 0
BITMAP
F8
08
70
80
F8
ENDCHAR
STARTCHAR uni007B
ENCODING 123
SWIDTH 556 0
DWIDTH 5 0
BBX 4 8 0 -1
BITMAP
30
40
40
C0
C0
40
40
30
ENDCHAR
STARTCHAR uni007C
ENCODING 124
SWIDTH 222 0
DWIDTH 2 0
BBX 1 8 0 -1
BITMAP
80
80
80
80
80
80
80
80
ENDCHAR
STARTCHAR uni007D
ENCODING 125
SWIDTH 556 0
DWIDTH 5 0
BBX 4 8 0 -1
BITMAP
C0
20
20
30
30
20
20
C0
ENDCHAR
STARTCHAR uni007E
ENCODING 126
SWIDTH 667 0
DWIDTH 6 0
BBX 5 3 0 2
BITMAP
40
A8
10
ENDCHAR
STARTCHAR uni00A0
ENCODING 160
SWIDTH 333 0
DWIDTH 3 0
BBX 1 1 0 0
BITMAP
00
ENDCHAR
STARTCHAR uni00A1
ENCODING 161
SWIDTH 222 0
DWIDTH 2 0
BBX 1 7 0 -1
BITMAP
80
00
80
80
80
80
80
ENDCHAR
STARTCHAR uni00A2
ENCODING 162
SWIDTH 667 0
DWIDTH 6 0
BBX 5 7 0 -1
BITMAP
20
78
A0
A0
A0
78
20
ENDCHAR
STARTCHAR uni00A3
ENCODING 163
SWIDTH 667 0
DWIDTH 6 0
BBX 5 7 0 0
BITMAP
30
48
40
E0
40
40
F8
ENDCHAR
STARTCHAR uni00A4
ENCODING 164
SWIDTH 667 0
DWIDTH 6 0
BBX 5 5 0 1
BITMAP
88
70
50
70
88
ENDCHAR
STARTCHAR uni00A5
ENCODING 165
SWIDTH 667 0
DWIDTH 6 0
BBX 5 7 0 0
BITMAP
88
50
20
F8
20
F8
20
ENDCHAR
STARTCHAR uni00A6
ENCODING 166
SWIDTH 222 0
DWIDTH 2 0
BBX 1 8 0 -1
BITMAP
80
80
80
00
00
80
80
80
ENDCHAR
STARTCHAR uni00A7
ENCODING 167
SWIDTH 667 0
DWIDTH 6 0
BBX 5 9 0 -1
BITMAP
70
88
80
70
88
70
08
88
70
ENDCHAR
STARTCHAR uni00A8
ENCODING 168
SWIDTH 667 0
DWIDTH 6 0
BBX 3 1 1 8
BITMAP
A0
ENDCHAR
STARTCHAR uni00A9
ENCODING 169
SWIDTH 889 0
DWIDTH 8 0
BBX 7 7 0 0
BITMAP
7C
82
BA
A2
BA
82
7C
ENDCHAR
STARTCHAR uni00AA
ENCODING 170
SWIDTH 667 0
DWIDTH 6 0
BBX 5 5 0 2
BITMAP
70
08
78
88
78
ENDCHAR
STARTCHAR uni00AB
ENCODING 171
SWIDTH 667 0
DWIDTH 6 0
BBX 5 5 0 0
BITMAP
28
50
A0
50
28
ENDCHAR
STARTCHAR uni00AC
ENCODING 172
SWIDTH 444 0
DWIDTH 4 0
BBX 3 3 0 1
BITMAP
E0
20
20
ENDCHAR
STARTCHAR uni00AD
ENCODING 173
SWIDTH 444 0
DWIDTH 4 0
BBX 3 1 0 3
BITMAP
E0
ENDCHAR
STARTCHAR uni00AE
ENCODING 174
SWIDTH 889 0
DWIDTH 8 0
BBX 7 7 0 0
BITMAP
7C
82
B2
B2
AA
82
7C
ENDCHAR
STARTCHAR uni00AF
ENCODING 175
SWIDTH 667 0
DWIDTH 6 0
BBX 3 1 1 8
BITMAP
E0
ENDCHAR
STARTCHAR uni00B0
ENCODING 176
SWIDTH 556 0
DWIDTH 5 0
BBX 4 4 0 3
BITMAP
60
90
90
60
ENDCHAR
STARTCHAR uni00B1
ENCODING 177
SWIDTH 444 0
DWIDTH 4 0
BBX 3 5 0 0
BITMAP
40
E0
40
00
E0
ENDCHAR
STARTCHAR uni00B2
ENCODING 178
SWIDTH 667 0
DWIDTH 6 0
BBX 5 5 0 2
BITMAP
E0
10
20
40
F8
ENDCHAR
STARTCHAR uni00B3
ENCODING 179
SWIDTH 667 0
DWIDTH 6 0
BBX 5 5 0 2
BITMAP
F0
08
70
08
F0
ENDCHAR
STARTCHAR uni00B4
ENCODING 180
SWIDTH 667 0
DWIDTH 6 0
BBX 2 2 2 7
BITMAP
40
80
ENDCHAR
STARTCHAR uni00B5
ENCODING 181
SWIDTH 667 0
DWIDTH 6 0
BBX 5 7 0 -2
BITMAP
88
88
88
88
F0
80
80
ENDCHAR
STARTCHAR uni00B6
ENCODING 182
SWIDTH 667 0
DWIDTH 6 0
BBX 5 8 0 -1
BITMAP
78
E8
E8
68
28
28
28
28
ENDCHAR
STARTCHAR uni00B7
ENCODING 183
SWIDTH 222 0
DWIDTH 2 0
BBX 1 1 0 3
BITMAP
80
ENDCHAR
STARTCHAR uni00B8
ENCODING 184
SWIDTH 667 0
DWIDTH 6 0
BBX 2 2 1 -2
BITMAP
40
80
ENDCHAR
STARTCHAR uni00B9
ENCODING 185
SWIDTH 667 0
DWIDTH 6 0
BBX 5 5 0 2
BITMAP
E0
20
20
20
F8
ENDCHAR
STARTCHAR uni00BA
ENCODING 186
SWIDTH 667 0
DWIDTH 6 0
BBX 5 5 0 2
BITMAP
70
88
88
88
70
ENDCHAR
STARTCHAR uni00BB
ENCODING 187
SWIDTH 667 0
DWIDTH 6 0
BBX 5 5 0 0
BITMAP
A0
50
28
50
A0
ENDCHAR
STARTCHAR uni00BC
ENCODING 188
SWIDTH 667 0
DWIDTH 6 0
BBX 5 9 0 -1
BITMAP
C0
40
E0
00
F8
00
28
38
08
ENDCHAR
STARTCHAR uni00BD
ENCODING 189
SWIDTH 667 0
DWIDTH 6 0
BBX 5 9 0 -1
BITMAP
C0
40
E0
00
F8
00
30
10
18
ENDCHAR
STARTCHAR uni00BE
ENCODING 190
SWIDTH 667 0
DWIDTH 6 0
BBX 5 9 0 -1
BITMAP
E0
60
E0
00
F8
00
28
38
08
ENDCHAR
STARTCHAR uni00BF
ENCODING 191
SWIDTH 667 0
DWIDTH 6 0
BBX 5 7 0 -1
BITMAP
20
00
20
40
80
88
70
ENDCHAR
STARTCHAR uni00C0
ENCODING 192
SWIDTH 667 0
DWIDTH 6 0
BBX 5 9 0 0
BITMAP
40
20
20
50
50
88
F8
88
88
ENDCHAR
STARTCHAR uni00C1
ENCODING 193
SWIDTH 667 0
DWIDTH 6 0
BBX 5 9 0 0
BITMAP
10
20
20
50
50
88
F8
88
88
ENDCHAR
STARTCHAR uni00C2
ENCODING 194
SWIDTH 667 0
DWIDTH 6 0
BBX 5 9 0 0
BITMAP
20
50
20
50
50
88
F8
88
88
ENDCHAR
STARTCHAR uni00C3
ENCODING 195
SWIDTH 667 0
DWIDTH 6 0
BBX 5 9 0 0
BITMAP
28
50
20
50
50
88
F8
88
88
ENDCHAR
STARTCHAR uni00C4
ENCODING 196
SWIDTH 667 0
DWIDTH 6 0
BBX 5 9 0 0
BITMAP
50
00
20
50
50
88
F8
88
88
ENDCHAR
STARTCHAR uni00C5
ENCODING 197
SWIDTH 667 0
DWIDTH 6 0
BBX 5 9 0 0
BITMAP
20
50
20
50
50
88
F8
88
88
ENDCHAR
STARTCHAR uni00C6
ENCODING 198
SWIDTH 778 0
DWIDTH 7 0
BBX 6 7 0 0
BITMAP
6C
90
90
FC
90
90
9C
ENDCHAR
STARTCHAR uni00C7
ENCODING 199
SWIDTH 667 0
DWIDTH 6 0
BBX 5 9 0 -2
BITMAP
70
88
80
80
80
88
70
20
40
ENDCHAR
STARTCHAR uni00C8
ENCODING 200
SWIDTH 667 0
DWIDTH 6 0
BBX 5 9 0 0
BITMAP
40
20
F8
80
80
F0
80
80
F8
ENDCHAR
STARTCHAR uni00C9
ENCODING 201
SWIDTH 667 0
DWIDTH 6 0
BBX 5 9 0 0
BITMAP
10
20
F8
80
80
F0
80
80
F8
ENDCHAR
STARTCHAR uni00CA
ENCODING 202
SWIDTH 667 0
DWIDTH 6 0
BBX 5 9 0 0
BITMAP
20
50
F8
80
80
F0
80
80
F8
ENDCHAR
STARTCHAR uni00CB
ENCODING 203
SWIDTH 667 0
DWIDTH 6 0
BBX 5 9 0 0
BITMAP
50
00
F8
80
80
F0
80
80
F8
ENDCHAR
STARTCHAR uni00CC
ENCODING 204
SWIDTH 444 0
DWIDTH 4 0
BBX 3 9 0 0
BITMAP
80
40
E0
40
40
40
40
40
E0
ENDCHAR
STARTCHAR uni00CD
ENCODING 205
SWIDTH 444 0
DWIDTH 4 0
BBX 3 9 0 0
BITMAP
20
40
E0
40
40
40
40
40
E0
ENDCHAR
STARTCHAR uni00CE
ENCODING 206
SWIDTH 444 0
DWIDTH 4 0
BBX 3 9 0 0
BITMAP
40
A0
E0
40
40
40
40
40
E0
ENDCHAR
STARTCHAR uni00CF
ENCODING 207
SWIDTH 444 0
DWIDTH 4 0
BBX 3 9 0 0
BITMAP
A0
00
E0
40
40
40
40
40
E0
ENDCHAR
STARTCHAR uni00D0
ENCODING 208
SWIDTH 667 0
DWIDTH 6 0
BBX 6 7 -1 0
BITMAP
70
48
44
E4
44
48
70
ENDCHAR
STARTCHAR uni00D1
ENCODING 209
SWIDTH 778 0
DWIDTH 7 0
BBX 6 9 0 0
BITMAP
28
50
C4
A4
A4
94
94
8C
84
ENDCHAR
STARTCHAR uni00D2
ENCODING 210
SWIDTH 667 0
DWIDTH 6 0
BBX 5 9 0 0
BITMAP
40
20
70
88
88
88
88
88
70
ENDCHAR
STARTCHAR uni00D3
ENCODING 211
SWIDTH 667 0
DWIDTH 6 0
BBX 5 9 0 0
BITMAP
10
20
70
88
88
88
88
88
70
ENDCHAR
STARTCHAR uni00D4
ENCODING 212
SWIDTH 667 0
DWIDTH 6 0
BBX 5 9 0 0
BITMAP
20
50
70
88
88
88
88
88
70
ENDCHAR
STARTCHAR uni00D5
ENCODING 213
SWIDTH 667 0
DWIDTH 6 0
BBX 5 9 0 0
BITMAP
28
50
70
88
88
88
88
88
70
ENDCHAR
STARTCHAR uni00D6
ENCODING 214
SWIDTH 667 0
DWIDTH 6 0
BBX 5 9 0 0
BITMAP
50
00
70
88
88
88
88
88
70
ENDCHAR
STARTCHAR uni00D7
ENCODING 215
SWIDTH 667 0
DWIDTH 6 0
BBX 5 5 0 1
BITMAP
88
50
20
50
88
ENDCHAR
STARTCHAR uni00D8
ENCODING 216
SWIDTH 667 0
DWIDTH 6 0
BBX 5 7 0 0
BITMAP
70
88
98
A8
C8
88
70
ENDCHAR
STARTCHAR uni00D9
ENCODING 217
SWIDTH 667 0
DWIDTH 6 0
BBX 5 9 0 0
BITMAP
40
20
88
88
88
88
88
88
70
ENDCHAR
STARTCHAR uni00DA
ENCODING 218
SWIDTH 667 0
DWIDTH 6 0
BBX 5 9 0 0
BITMAP
10
20
88
88
88
88
88
88
70
ENDCHAR
STARTCHAR uni00DB
ENCODING 219
SWIDTH 667 0
DWIDTH 6 0
BBX 5 9 0 0
BITMAP
20
50
88
88
88
88
88
88
70
ENDCHAR
STARTCHAR uni00DC
ENCODING 220
SWIDTH 667 0
DWIDTH 6 0
BBX 5 9 0 0
BITMAP
50
00
88
88
88
88
88
88
70
ENDCHAR
STARTCHAR uni00DD
ENCODING 221
SWIDTH 667 0
DWIDTH 6 0
BBX 5 9 0 0
BITMAP
10
20
88
88
88
70
20
20
20
ENDCHAR
STARTCHAR uni00DE
ENCODING 222
SWIDTH 667 0
DWIDTH 6 0
BBX 5 7 0 0
BITMAP
80
F0
88
88
88
F0
80
ENDCHAR
STARTCHAR uni00DF
ENCODING 223
SWIDTH 667 0
DWIDTH 6 0
BBX 5 7 0 0
BITMAP
60
90
90
A0
90
88
B0
ENDCHAR
STARTCHAR uni00E0
ENCODING 224
SWIDTH 667 0
DWIDTH 6 0
BBX 5 8 0 0
BITMAP
40
20
00
68
98
88
98
68
ENDCHAR
STARTCHAR uni00E1
ENCODING 225
SWIDTH 667 0
DWIDTH 6 0
BBX 5 8 0 0
BITMAP
10
20
00
68
98
88
98
68
ENDCHAR
STARTCHAR uni00E2
ENCODING 226
SWIDTH 667 0
DWIDTH 6 0
BBX 5 8 0 0
BITMAP
20
50
00
68
98
88
98
68
ENDCHAR
STARTCHAR uni00E3
ENCODING 227
SWIDTH 667 0
DWIDTH 6 0
BBX 5 8 0 0
BITMAP
28
50
00
68
98
88
98
68
ENDCHAR
STARTCHAR uni00E4
ENCODING 228
SWIDTH 667 0
DWIDTH 6 0
BBX 5 7 0 0
BITMAP
50
00
68
98
88
98
68
ENDCHAR
STARTCHAR uni00E5
ENCODING 229
SWIDTH 667 0
DWIDTH 6 0
BBX 5 8 0 0
BITMAP
20
50
20
68
98
88
98
68
ENDCHAR
STARTCHAR uni00E6
ENCODING 230
SWIDTH 889 0
DWIDTH 8 0
BBX 7 5 0 0
BITMAP
7C
92
9C
90
7E
ENDCHAR
STARTCHAR uni00E7
ENCODING 231
SWIDTH 667 0
DWIDTH 6 0
BBX 5 7 0 -2
BITMAP
78
80
80
80
78
20
40
ENDCHAR
STARTCHAR uni00E8
ENCODING 232
SWIDTH 667 0
DWIDTH 6 0
BBX 5 8 0 0
BITMAP
40
20
00
70
88
F8
80
78
ENDCHAR
STARTCHAR uni00E9
ENCODING 233
SWIDTH 667 0
DWIDTH 6 0
BBX 5 8 0 0
BITMAP
10
20
00
70
88
F8
80
78
ENDCHAR
STARTCHAR uni00EA
ENCODING 234
SWIDTH 667 0
DWIDTH 6 0
BBX 5 8 0 0
BITMAP
20
50
00
70
88
F8
80
78
ENDCHAR
STARTCHAR uni00EB
ENCODING 235
SWIDTH 667 0
DWIDTH 6 0
BBX 5 7 0 0
BITMAP
50
00
70
88
F8
80
78
ENDCHAR
STARTCHAR uni00EC
ENCODING 236
SWIDTH 222 0
DWIDTH 2 0
BBX 2 8 -1 0
BITMAP
80
40
00
40
40
40
40
40
ENDCHAR
STARTCHAR uni00ED
ENCODING 237
SWIDTH 222 0
DWIDTH 2 0
BBX 2 8 0 0
BITMAP
40
80
00
80
80
80
80
80
ENDCHAR
STARTCHAR uni00EE
ENCODING 238
SWIDTH 444 0
DWIDTH 4 0
BBX 3 8 0 0
BITMAP
40
A0
00
40
40
40
40
40
ENDCHAR
STARTCHAR uni00EF
ENCODING 239
SWIDTH 222 0
DWIDTH 2 0
BBX 3 7 -1 0
BITMAP
A0
00
40
40
40
40
40
ENDCHAR
STARTCHAR uni00F0
ENCODING 240
SWIDTH 667 0
DWIDTH 6 0
BBX 5 8 0 0
BITMAP
28
10
08
78
88
88
88
70
ENDCHAR
STARTCHAR uni00F1
ENCODING 241
SWIDTH 667 0
DWIDTH 6 0
BBX 5 8 0 0
BITMAP
28
50
00
B0
C8
88
88
88
ENDCHAR
STARTCHAR uni00F2
ENCODING 242
SWIDTH 667 0
DWIDTH 6 0
BBX 5 8 0 0
BITMAP
40
20
00
70
88
88
88
70
ENDCHAR
STARTCHAR uni00F3
ENCODING 243
SWIDTH 667 0
DWIDTH 6 0
BBX 5 8 0 0
BITMAP
10
20
00
70
88
88
88
70
ENDCHAR
STARTCHAR uni00F4
ENCODING 244
SWIDTH 667 0
DWIDTH 6 0
BBX 5 8 0 0
BITMAP
20
50
00
70
88
88
88
70
ENDCHAR
STARTCHAR uni00F5
ENCODING 245
SWIDTH 667 0
DWIDTH 6 0
BBX 5 8 0 0
BITMAP
28
50
00
70
88
88
88
70
ENDCHAR
STARTCHAR uni00F6
ENCODING 246
SWIDTH 667 0
DWIDTH 6 0
BBX 5 7 0 0
BITMAP
50
00
70
88
88
88
70
ENDCHAR
STARTCHAR uni00F7
ENCODING 247
SWIDTH 444 0
DWIDTH 4 0
BBX 3 5 0 1
BITMAP
40
00
E0
00
40
ENDCHAR
STARTCHAR uni00F8
ENCODING 248
SWIDTH 667 0
DWIDTH 6 0
BBX 5 5 0 0
BITMAP
70
98
A8
C8
70
ENDCHAR
STARTCHAR uni00F9
ENCODING 249
SWIDTH 667 0
DWIDTH 6 0
BBX 5 8 0 0
BITMAP
40
20
00
88
88
88
88
70
ENDCHAR
STARTCHAR uni00FA
ENCODING 250
SWIDTH 667 0
DWIDTH 6 0
BBX 5 8 0 0
BITMAP
10
20
00
88
88
88
88
70
ENDCHAR
STARTCHAR uni00FB
ENCODING 251
SWIDTH 667 0
DWIDTH 6 0
BBX 5 8 0 0
BITMAP
20
50
00
88
88
88
88
70
ENDCHAR
STARTCHAR uni00FC
ENCODING 252
SWIDTH 667 0
DWIDTH 6 0
BBX 5 7 0 0
BITMAP
50
00
88
88
88
88
70
ENDCHAR
STARTCHAR uni00FD
ENCODING 253
SWIDTH 667 0
DWIDTH 6 0
BBX 5 10 0 -2
BITMAP
10
20
00
88
88
50
50
20
20
C0
ENDCHAR
STARTCHAR uni00FE
ENCODING 254
SWIDTH 667 0
DWIDTH 6 0
BBX 5 8 0 -1
BITMAP
80
80
B0
C8
88
C8
B0
80
ENDCHAR
STARTCHAR uni00FF
ENCODING 255
SWIDTH 667 0
DWIDTH 6 0
BBX 5 9 0 -2
BITMAP
50
00
88
88
50
50
20
20
C0
ENDCHAR
STARTCHAR uni0100
ENCODING 256
SWIDTH 667 0
DWIDTH 6 0
BBX 5 9 0 0
BITMAP
70
00
20
50
50
88
F8
88
88
ENDCHAR
STARTCHAR uni0101
ENCODING 257
SWIDTH 667 0
DWIDTH 6 0
BBX 5 7 0 0
BITMAP
70
00
68
98
88
98
68
ENDCHAR
STARTCHAR uni0102
ENCODING 258
SWIDTH 667 0
DWIDTH 6 0
BBX 5 9 0 0
BITMAP
50
70
20
50
50
88
F8
88
88
ENDCHAR
STARTCHAR uni0103
ENCODING 259
SWIDTH 667 0
DWIDTH 6 0
BBX 5 8 0 0
BITMAP
50
70
00
68
98
88
98
68
ENDCHAR
STARTCHAR uni0104
ENCODING 260
SWIDTH 667 0
DWIDTH 6 0
BBX 5 9 0 -2
BITMAP
20
50
50
88
F8
88
88
10
08
ENDCHAR
STARTCHAR uni0105
ENCODING 261
SWIDTH 667 0
DWIDTH 6 0
BBX 5 7 0 -2
BITMAP
68
98
88
98
68
10
08
ENDCHAR
STARTCHAR uni0106
ENCODING 262
SWIDTH 667 0
DWIDTH 6 0
BBX 5 9 0 0
BITMAP
10
20
70
88
80
80
80
88
70
ENDCHAR
STARTCHAR uni0107
ENCODING 263
SWIDTH 667 0
DWIDTH 6 0
BBX 5 8 0 0
BITMAP
10
20
00
78
80
80
80
78
ENDCHAR
STARTCHAR uni0108
ENCODING 264
SWIDTH 667 0
DWIDTH 6 0
BBX 5 9 0 0
BITMAP
20
50
70
88
80
80
80
88
70
ENDCHAR
STARTCHAR uni0109
ENCODING 265
SWIDTH 667 0
DWIDTH 6 0
BBX 5 8 0 0
BITMAP
20
50
00
78
80
80
80
78
ENDCHAR
STARTCHAR uni010A
ENCODING 266
SWIDTH 667 0
DWIDTH 6 0
BBX 5 9 0 0
BITMAP
20
00
70
88
80
80
80
88
70
ENDCHAR
STARTCHAR uni010B
ENCODING 267
SWIDTH 667 0
DWIDTH 6 0
BBX 5 7 0 0
BITMAP
20
00
78
80
80
80
78
ENDCHAR
STARTCHAR uni010C
ENCODING 268
SWIDTH 667 0
DWIDTH 6 0
BBX 5 9 0 0
BITMAP
50
20
70
88
80
80
80
88
70
ENDCHAR
STARTCHAR uni010D
ENCODING 269
SWIDTH 667 0
DWIDTH 6 0
BBX 5 8 0 0
BITMAP
50
20
00
78
80
80
80
78
ENDCHAR
STARTCHAR uni010E
ENCODING 270
SWIDTH 667 0
DWIDTH 6 0
BBX 5 9 0 0
BITMAP
A0
40
E0
90
88
88
88
90
E0
ENDCHAR
STARTCHAR uni010F
ENCODING 271
SWIDTH 889 0
DWIDTH 8 0
BBX 7 7 0 0
BITMAP
0A
0A
68
98
88
98
68
ENDCHAR
STARTCHAR uni0110
ENCODING 272
SWIDTH 667 0
DWIDTH 6 0
BBX 6 7 -1 0
BITMAP
70
48
44
E4
44
48
70
ENDCHAR
STARTCHAR uni0111
ENCODING 273
SWIDTH 778 0
DWIDTH 7 0
BBX 6 7 0 0
BITMAP
08
1C
68
98
88
98
68
ENDCHAR
STARTCHAR uni0112
ENCODING 274
SWIDTH 667 0
DWIDTH 6 0
BBX 5 9 0 0
BITMAP
70
00
F8
80
80
F0
80
80
F8
ENDCHAR
STARTCHAR uni0113
ENCODING 275
SWIDTH 667 0
DWIDTH 6 0
BBX 5 7 0 0
BITMAP
70
00
70
88
F8
80
78
ENDCHAR
STARTCHAR uni0114
ENCODING 276
SWIDTH 667 0
DWIDTH 6 0
BBX 5 9 0 0
BITMAP
50
70
F8
80
80
F0
80
80
F8
ENDCHAR
STARTCHAR uni0115
ENCODING 277
SWIDTH 667 0
DWIDTH 6 0
BBX 5 8 0 0
BITMAP
50
70
00
70
88
F8
80
78
ENDCHAR
STARTCHAR uni0116
ENCODING 278
SWIDTH 667 0
DWIDTH 6 0
BBX 5 9 0 0
BITMAP
20
00
F8
80
80
F0
80
80
F8
ENDCHAR
STARTCHAR uni0117
ENCODING 279
SWIDTH 667 0
DWIDTH 6 0
BBX 5 7 0 0
BITMAP
20
00
70
88
F8
80
78
ENDCHAR
STARTCHAR uni0118
ENCODING 280
SWIDTH 667 0
DWIDTH 6 0
BBX 5 9 0 -2
BITMAP
F8
80
80
F0
80
80
F8
10
08
ENDCHAR
STARTCHAR uni0119
ENCODING 281
SWIDTH 667 0
DWIDTH 6 0
BBX 5 7 0 -2
BITMAP
70
88
F8
80
78
10
08
ENDCHAR
STARTCHAR uni011A
ENCODING 282
SWIDTH 667 0
DWIDTH 6 0
BBX 5 9 0 0
BITMAP
50
20
F8
80
80
F0
80
80
F8
ENDCHAR
STARTCHAR uni011B
ENCODING 283
SWIDTH 667 0
DWIDTH 6 0
BBX 5 8 0 0
BITMAP
50
20
00
70
88
F8
80
78
ENDCHAR
STARTCHAR uni011C
ENCODING 284
SWIDTH 667 0
DWIDTH 6 0
BBX 5 9 0 0
BITMAP
20
50
70
80
80
B8
88
88
78
ENDCHAR
STARTCHAR uni011D
ENCODING 285
SWIDTH 667 0
DWIDTH 6 0
BBX 5 10 0 -2
BITMAP
20
50
00
68
98
88
98
68
08
70
ENDCHAR
STARTCHAR uni011E
ENCODING 286
SWIDTH 667 0
DWIDTH 6 0
BBX 5 9 0 0
BITMAP
50
70
70
80
80
B8
88
88
78
ENDCHAR
STARTCHAR uni011F
ENCODING 287
SWIDTH 667 0
DWIDTH 6 0
BBX 5 10 0 -2
BITMAP
50
70
00
68
98
88
98
68
08
70
ENDCHAR
STARTCHAR uni0120
ENCODING 288
SWIDTH 667 0
DWIDTH 6 0
BBX 5 9 0 0
BITMAP
20
00
70
80
80
B8
88
88
78
ENDCHAR
STARTCHAR uni0121
ENCODING 289
SWIDTH 667 0
DWIDTH 6 0
BBX 5 9 0 -2
BITMAP
20
00
68
98
88
98
68
08
70
ENDCHAR
STARTCHAR uni0122
ENCODING 290
SWIDTH 667 0
DWIDTH 6 0
BBX 5 9 0 -2
BITMAP
70
80
80
B8
88
88
78
20
40
ENDCHAR
STARTCHAR uni0123
ENCODING 291
SWIDTH 667 0
DWIDTH 6 0
BBX 5 10 0 -2
BITMAP
20
20
00
68
98
88
98
68
08
70
ENDCHAR
STARTCHAR uni0124
ENCODING 292
SWIDTH 667 0
DWIDTH 6 0
BBX 5 9 0 0
BITMAP
20
50
88
88
88
F8
88
88
88
ENDCHAR
STARTCHAR uni0125
ENCODING 293
SWIDTH 667 0
DWIDTH 6 0
BBX 5 9 0 0
BITMAP
20
50
80
80
B0
C8
88
88
88
ENDCHAR
STARTCHAR uni0126
ENCODING 294
SWIDTH 667 0
DWIDTH 6 0
BBX 5 7 0 0
BITMAP
88
F8
88
F8
88
88
88
ENDCHAR
STARTCHAR uni0127
ENCODING 295
SWIDTH 667 0
DWIDTH 6 0
BBX 5 7 0 0
BITMAP
80
C0
B0
C8
88
88
88
ENDCHAR
STARTCHAR uni0128
ENCODING 296
SWIDTH 444 0
DWIDTH 4 0
BBX 4 9 0 0
BITMAP
50
A0
E0
40
40
40
40
40
E0
ENDCHAR
STARTCHAR uni0129
ENCODING 297
SWIDTH 222 0
DWIDTH 2 0
BBX 4 8 -1 0
BITMAP
50
A0
00
40
40
40
40
40
ENDCHAR
STARTCHAR uni012A
ENCODING 298
SWIDTH 444 0
DWIDTH 4 0
BBX 3 9 0 0
BITMAP
E0
00
E0
40
40
40
40
40
E0
ENDCHAR
STARTCHAR uni012B
ENCODING 299
SWIDTH 222 0
DWIDTH 2 0
BBX 3 7 -1 0
BITMAP
E0
00
40
40
40
40
40
ENDCHAR
STARTCHAR uni012C
ENCODING 300
SWIDTH 444 0
DWIDTH 4 0
BBX 3 9 0 0
BITMAP
A0
E0
E0
40
40
40
40
40
E0
ENDCHAR
STARTCHAR uni012D
ENCODING 301
SWIDTH 222 0
DWIDTH 2 0
BBX 3 8 -1 0
BITMAP
A0
E0
00
40
40
40
40
40
ENDCHAR
STARTCHAR uni012E
ENCODING 302
SWIDTH 444 0
DWIDTH 4 0
BBX 3 9 0 -2
BITMAP
E0
40
40
40
40
40
E0
40
20
ENDCHAR
STARTCHAR uni012F
ENCODING 303
SWIDTH 222 0
DWIDTH 2 0
BBX 2 9 -1 -2
BITMAP
40
00
40
40
40
40
40
80
40
ENDCHAR
STARTCHAR uni0130
ENCODING 304
SWIDTH 444 0
DWIDTH 4 0
BBX 3 9 0 0
BITMAP
40
00
E0
40
40
40
40
40
E0
ENDCHAR
STARTCHAR uni0131
ENCODING 305
SWIDTH 222 0
DWIDTH 2 0
BBX 1 5 0 0
BITMAP
80
80
80
80
80
ENDCHAR
STARTCHAR uni0132
ENCODING 306
SWIDTH 1000 0
DWIDTH 9 0
BBX 8 7 0 0
BITMAP
E1
41
41
41
49
49
E6
ENDCHAR
STARTCHAR uni0133
ENCODING 307
SWIDTH 667 0
DWIDTH 6 0
BBX 5 8 0 -1
BITMAP
88
00
88
88
88
88
A8
10
ENDCHAR
STARTCHAR uni0134
ENCODING 308
SWIDTH 556 0
DWIDTH 5 0
BBX 4 9 0 0
BITMAP
40
A0
10
10
10
10
90
90
60
ENDCHAR
STARTCHAR uni0135
ENCODING 309
SWIDTH 556 0
DWIDTH 5 0
BBX 5 9 0 -1
BITMAP
10
28
00
10
10
10
10
90
60
ENDCHAR
STARTCHAR uni0136
ENCODING 310
SWIDTH 667 0
DWIDTH 6 0
BBX 5 9 0 -2
BITMAP
88
90
A0
C0
A0
90
88
20
40
ENDCHAR
STARTCHAR uni0137
ENCODING 311
SWIDTH 556 0
DWIDTH 5 0
BBX 4 9 0 -2
BITMAP
80
80
90
A0
C0
A0
90
40
80
ENDCHAR
STARTCHAR uni0138
ENCODING 312
SWIDTH 667 0
DWIDTH 6 0
BBX 5 5 0 0
BITMAP
88
90
E0
90
88
ENDCHAR
STARTCHAR uni0139
ENCODING 313
SWIDTH 667 0
DWIDTH 6 0
BBX 5 9 0 0
BITMAP
10
20
80
80
80
80
80
80
F8
ENDCHAR
STARTCHAR uni013A
ENCODING 314
SWIDTH 222 0
DWIDTH 2 0
BBX 2 9 0 0
BITMAP
40
80
80
80
80
80
80
80
80
ENDCHAR
STARTCHAR uni013B
ENCODING 315
SWIDTH 667 0
DWIDTH 6 0
BBX 5 9 0 -2
BITMAP
80
80
80
80
80
80
F8
20
40
ENDCHAR
STARTCHAR uni013C
ENCODING 316
SWIDTH 222 0
DWIDTH 2 0
BBX 2 9 -1 -2
BITMAP
40
40
40
40
40
40
40
40
80
ENDCHAR
STARTCHAR uni013D
ENCODING 317
SWIDTH 667 0
DWIDTH 6 0
BBX 5 7 0 0
BITMAP
88
88
80
80
80
80
F8
ENDCHAR
STARTCHAR uni013E
ENCODING 318
SWIDTH 444 0
DWIDTH 4 0
BBX 3 7 0 0
BITMAP
A0
A0
80
80
80
80
80
ENDCHAR
STARTCHAR uni013F
ENCODING 319
SWIDTH 667 0
DWIDTH 6 0
BBX 5 7 0 0
BITMAP
80
80
80
A0
80
80
F8
ENDCHAR
STARTCHAR uni0140
ENCODING 320
SWIDTH 444 0
DWIDTH 4 0
BBX 3 7 0 0
BITMAP
80
80
80
A0
80
80
80
ENDCHAR
STARTCHAR uni0141
ENCODING 321
SWIDTH 667 0
DWIDTH 6 0
BBX 6 7 -1 0
BITMAP
40
40
50
60
C0
40
7C
ENDCHAR
STARTCHAR uni0142
ENCODING 322
SWIDTH 333 0
DWIDTH 3 0
BBX 3 7 -1 0
BITMAP
40
40
40
60
C0
40
40
ENDCHAR
STARTCHAR uni0143
ENCODING 323
SWIDTH 778 0
DWIDTH 7 0
BBX 6 9 0 0
BITMAP
08
10
C4
A4
A4
94
94
8C
84
ENDCHAR
STARTCHAR uni0144
ENCODING 324
SWIDTH 667 0
DWIDTH 6 0
BBX 5 8 0 0
BITMAP
10
20
00
B0
C8
88
88
88
ENDCHAR
STARTCHAR uni0145
ENCODING 325
SWIDTH 778 0
DWIDTH 7 0
BBX 6 9 0 -2
BITMAP
C4
A4
A4
94
94
8C
84
20
40
ENDCHAR
STARTCHAR uni0146
ENCODING 326
SWIDTH 667 0
DWIDTH 6 0
BBX 5 7 0 -2
BITMAP
B0
C8
88
88
88
20
40
ENDCHAR
STARTCHAR uni0147
ENCODING 327
SWIDTH 778 0
DWIDTH 7 0
BBX 6 9 0 0
BITMAP
28
10
C4
A4
A4
94
94
8C
84
ENDCHAR
STARTCHAR uni0148
ENCODING 328
SWIDTH 667 0
DWIDTH 6 0
BBX 5 8 0 0
BITMAP
50
20
00
B0
C8
88
88
88
ENDCHAR
STARTCHAR uni0149
ENCODING 329
SWIDTH 778 0
DWIDTH 7 0
BBX 6 7 0 0
BITMAP
80
80
58
64
44
44
44
ENDCHAR
STARTCHAR uni014A
ENCODING 330
SWIDTH 667 0
DWIDTH 6 0
BBX 5 7 0 0
BITMAP
B0
C8
88
88
88
88
90
ENDCHAR
STARTCHAR uni014B
ENCODING 331
SWIDTH 667 0
DWIDTH 6 0
BBX 5 6 0 -1
BITMAP
B0
C8
88
88
88
10
ENDCHAR
STARTCHAR uni014C
ENCODING 332
SWIDTH 667 0
DWIDTH 6 0
BBX 5 9 0 0
BITMAP
70
00
70
88
88
88
88
88
70
ENDCHAR
STARTCHAR uni014D
ENCODING 333
SWIDTH 667 0
DWIDTH 6 0
BBX 5 7 0 0
BITMAP
70
00
70
88
88
88
70
ENDCHAR
STARTCHAR uni014E
ENCODING 334
SWIDTH 667 0
DWIDTH 6 0
BBX 5 9 0 0
BITMAP
50
70
70
88
88
88
88
88
70
ENDCHAR
STARTCHAR uni014F
ENCODING 335
SWIDTH 667 0
DWIDTH 6 0
BBX 5 8 0 0
BITMAP
50
70
00
70
88
88
88
70
ENDCHAR
STARTCHAR uni0150
ENCODING 336
SWIDTH 667 0
DWIDTH 6 0
BBX 5 9 0 0
BITMAP
50
50
70
88
88
88
88
88
70
ENDCHAR
STARTCHAR uni0151
ENCODING 337
SWIDTH 667 0
DWIDTH 6 0
BBX 5 8 0 0
BITMAP
50
50
00
70
88
88
88
70
ENDCHAR
STARTCHAR uni0152
ENCODING 338
SWIDTH 778 0
DWIDTH 7 0
BBX 6 7 0 0
BITMAP
6C
90
90
9C
90
90
6C
ENDCHAR
STARTCHAR uni0153
ENCODING 339
SWIDTH 889 0
DWIDTH 8 0
BBX 7 5 0 0
BITMAP
6C
92
9C
90
6E
ENDCHAR
STARTCHAR uni0154
ENCODING 340
SWIDTH 667 0
DWIDTH 6 0
BBX 5 9 0 0
BITMAP
10
20
F0
88
88
F0
A0
90
88
ENDCHAR
STARTCHAR uni0155
ENCODING 341
SWIDTH 556 0
DWIDTH 5 0
BBX 4 8 0 0
BITMAP
10
20
00
90
A0
C0
80
80
ENDCHAR
STARTCHAR uni0156
ENCODING 342
SWIDTH 667 0
DWIDTH 6 0
BBX 5 9 0 -2
BITMAP
F0
88
88
F0
A0
90
88
20
40
ENDCHAR
STARTCHAR uni0157
ENCODING 343
SWIDTH 556 0
DWIDTH 5 0
BBX 4 7 0 -2
BITMAP
90
A0
C0
80
80
20
40
ENDCHAR
STARTCHAR uni0158
ENCODING 344
SWIDTH 667 0
DWIDTH 6 0
BBX 5 9 0 0
BITMAP
50
20
F0
88
88
F0
A0
90
88
ENDCHAR
STARTCHAR uni0159
ENCODING 345
SWIDTH 556 0
DWIDTH 5 0
BBX 4 8 0 0
BITMAP
50
20
00
90
A0
C0
80
80
ENDCHAR
STARTCHAR uni015A
ENCODING 346
SWIDTH 667 0
DWIDTH 6 0
BBX 5 9 0 0
BITMAP
10
20
70
88
80
70
08
88
70
ENDCHAR
STARTCHAR uni015B
ENCODING 347
SWIDTH 667 0
DWIDTH 6 0
BBX 5 8 0 0
BITMAP
10
20
00
78
80
70
08
F0
ENDCHAR
STARTCHAR uni015C
ENCODING 348
SWIDTH 667 0
DWIDTH 6 0
BBX 5 9 0 0
BITMAP
20
50
70
88
80
70
08
88
70
ENDCHAR
STARTCHAR uni015D
ENCODING 349
SWIDTH 667 0
DWIDTH 6 0
BBX 5 8 0 0
BITMAP
20
50
00
78
80
70
08
F0
ENDCHAR
STARTCHAR uni015E
ENCODING 350
SWIDTH 667 0
DWIDTH 6 0
BBX 5 9 0 -2
BITMAP
70
88
80
70
08
88
70
20
40
ENDCHAR
STARTCHAR uni015F
ENCODING 351
SWIDTH 667 0
DWIDTH 6 0
BBX 5 7 0 -2
BITMAP
78
80
70
08
F0
20
40
ENDCHAR
STARTCHAR uni0160
ENCODING 352
SWIDTH 667 0
DWIDTH 6 0
BBX 5 9 0 0
BITMAP
50
20
70
88
80
70
08
88
70
ENDCHAR
STARTCHAR uni0161
ENCODING 353
SWIDTH 667 0
DWIDTH 6 0
BBX 5 8 0 0
BITMAP
50
20
00
78
80
70
08
F0
ENDCHAR
STARTCHAR uni0162
ENCODING 354
SWIDTH 667 0
DWIDTH 6 0
BBX 5 9 0 -2
BITMAP
F8
20
20
20
20
20
20
20
40
ENDCHAR
STARTCHAR uni0163
ENCODING 355
SWIDTH 444 0
DWIDTH 4 0
BBX 3 9 0 -2
BITMAP
40
40
E0
40
40
40
60
20
40
ENDCHAR
STARTCHAR uni0164
ENCODING 356
SWIDTH 667 0
DWIDTH 6 0
BBX 5 9 0 0
BITMAP
50
20
F8
20
20
20
20
20
20
ENDCHAR
STARTCHAR uni0165
ENCODING 357
SWIDTH 556 0
DWIDTH 5 0
BBX 4 7 0 0
BITMAP
50
50
E0
40
40
40
60
ENDCHAR
STARTCHAR uni0166
ENCODING 358
SWIDTH 667 0
DWIDTH 6 0
BBX 5 7 0 0
BITMAP
F8
20
20
70
20
20
20
ENDCHAR
STARTCHAR uni0167
ENCODING 359
SWIDTH 444 0
DWIDTH 4 0
BBX 3 7 0 0
BITMAP
40
40
E0
40
E0
40
60
ENDCHAR
STARTCHAR uni0168
ENCODING 360
SWIDTH 667 0
DWIDTH 6 0
BBX 5 9 0 0
BITMAP
28
50
88
88
88
88
88
88
70
ENDCHAR
STARTCHAR uni0169
ENCODING 361
SWIDTH 667 0
DWIDTH 6 0
BBX 5 8 0 0
BITMAP
28
50
00
88
88
88
88
70
ENDCHAR
STARTCHAR uni016A
ENCODING 362
SWIDTH 667 0
DWIDTH 6 0
BBX 5 9 0 0
BITMAP
70
00
88
88
88
88
88
88
70
ENDCHAR
STARTCHAR uni016B
ENCODING 363
SWIDTH 667 0
DWIDTH 6 0
BBX 5 7 0 0
BITMAP
70
00
88
88
88
88
70
ENDCHAR
STARTCHAR uni016C
ENCODING 364
SWIDTH 667 0
DWIDTH 6 0
BBX 5 9 0 0
BITMAP
50
70
88
88
88
88
88
88
70
ENDCHAR
STARTCHAR uni016D
ENCODING 365
SWIDTH 667 0
DWIDTH 6 0
BBX 5 8 0 0
BITMAP
50
70
00
88
88
88
88
70
ENDCHAR
STARTCHAR uni016E
ENCODING 366
SWIDTH 667 0
DWIDTH 6 0
BBX 5 9 0 0
BITMAP
20
50
A8
88
88
88
88
88
70
ENDCHAR
STARTCHAR uni016F
ENCODING 367
SWIDTH 667 0
DWIDTH 6 0
BBX 5 8 0 0
BITMAP
20
50
20
88
88
88
88
70
ENDCHAR
STARTCHAR uni0170
ENCODING 368
SWIDTH 667 0
DWIDTH 6 0
BBX 5 9 0 0
BITMAP
50
50
88
88
88
88
88
88
70
ENDCHAR
STARTCHAR uni0171
ENCODING 369
SWIDTH 667 0
DWIDTH 6 0
BBX 5 8 0 0
BITMAP
50
50
00
88
88
88
88
70
ENDCHAR
STARTCHAR uni0172
ENCODING 370
SWIDTH 667 0
DWIDTH 6 0
BBX 5 9 0 -2
BITMAP
88
88
88
88
88
88
70
10
08
ENDCHAR
STARTCHAR uni0173
ENCODING 371
SWIDTH 667 0
DWIDTH 6 0
BBX 5 7 0 -2
BITMAP
88
88
88
88
70
10
08
ENDCHAR
STARTCHAR uni0174
ENCODING 372
SWIDTH 889 0
DWIDTH 8 0
BBX 7 9 0 0
BITMAP
10
28
82
92
92
AA
AA
44
44
ENDCHAR
STARTCHAR uni0175
ENCODING 373
SWIDTH 889 0
DWIDTH 8 0
BBX 7 8 0 0
BITMAP
10
28
00
82
92
92
AA
44
ENDCHAR
STARTCHAR uni0176
ENCODING 374
SWIDTH 667 0
DWIDTH 6 0
BBX 5 9 0 0
BITMAP
20
50
88
88
88
70
20
20
20
ENDCHAR
STARTCHAR uni0177
ENCODING 375
SWIDTH 667 0
DWIDTH 6 0
BBX 5 10 0 -2
BITMAP
20
50
00
88
88
50
50
20
20
C0
ENDCHAR
STARTCHAR uni0178
ENCODING 376
SWIDTH 667 0
DWIDTH 6 0
BBX 5 9 0 0
BITMAP
50
00
88
88
88
70
20
20
20
ENDCHAR
STARTCHAR uni0179
ENCODING 377
SWIDTH 667 0
DWIDTH 6 0
BBX 5 9 0 0
BITMAP
10
20
F8
08
10
20
40
80
F8
ENDCHAR
STARTCHAR uni017A
ENCODING 378
SWIDTH 667 0
DWIDTH 6 0
BBX 5 8 0 0
BITMAP
10
20
00
F8
08
70
80
F8
ENDCHAR
STARTCHAR uni017B
ENCODING 379
SWIDTH 667 0
DWIDTH 6 0
BBX 5 9 0 0
BITMAP
20
00
F8
08
10
20
40
80
F8
ENDCHAR
STARTCHAR uni017C
ENCODING 380
SWIDTH 667 0
DWIDTH 6 0
BBX 5 7 0 0
BITMAP
20
00
F8
08
70
80
F8
ENDCHAR
STARTCHAR uni017D
ENCODING 381
SWIDTH 667 0
DWIDTH 6 0
BBX 5 9 0 0
BITMAP
50
20
F8
08
10
20
40
80
F8
ENDCHAR
STARTCHAR uni017E
ENCODING 382
SWIDTH 667 0
DWIDTH 6 0
BBX 5 8 0 0
BITMAP
50
20
00
F8
08
70
80
F8
ENDCHAR
STARTCHAR uni017F
ENCODING 383
SWIDTH 444 0
DWIDTH 4 0
BBX 3 8 0 -1
BITMAP
20
40
40
40
40
40
40
80
ENDCHAR
STARTCHAR uni0180
ENCODING 384
SWIDTH 778 0
DWIDTH 7 0
BBX 6 7 0 0
BITMAP
40
E0
58
64
44
64
58
ENDCHAR
STARTCHAR uni0181
ENCODING 385
SWIDTH 778 0
DWIDTH 7 0
BBX 6 7 0 0
BITMAP
F8
44
44
78
44
44
78
ENDCHAR
STARTCHAR uni0186
ENCODING 390
SWIDTH 667 0
DWIDTH 6 0
BBX 5 7 0 0
BITMAP
70
88
88
08
88
88
70
ENDCHAR
STARTCHAR uni0189
ENCODING 393
SWIDTH 667 0
DWIDTH 6 0
BBX 6 7 -1 0
BITMAP
70
48
44
E4
44
48
70
ENDCHAR
STARTCHAR uni018A
ENCODING 394
SWIDTH 778 0
DWIDTH 7 0
BBX 6 7 0 0
BITMAP
F0
48
44
44
44
48
70
ENDCHAR
STARTCHAR uni018E
ENCODING 398
SWIDTH 667 0
DWIDTH 6 0
BBX 5 7 0 0
BITMAP
F8
08
08
78
08
08
F8
ENDCHAR
STARTCHAR uni018F
ENCODING 399
SWIDTH 667 0
DWIDTH 6 0
BBX 5 7 0 0
BITMAP
70
88
08
F8
88
88
70
ENDCHAR
STARTCHAR uni0190
ENCODING 400
SWIDTH 667 0
DWIDTH 6 0
BBX 5 7 0 0
BITMAP
70
88
40
20
40
88
70
ENDCHAR
STARTCHAR uni0191
ENCODING 401
SWIDTH 667 0
DWIDTH 6 0
BBX 5 8 0 -1
BITMAP
78
40
40
70
40
40
40
80
ENDCHAR
STARTCHAR uni0192
ENCODING 402
SWIDTH 444 0
DWIDTH 4 0
BBX 3 8 0 -1
BITMAP
60
40
E0
40
40
40
40
80
ENDCHAR
STARTCHAR uni0193
ENCODING 403
SWIDTH 667 0
DWIDTH 6 0
BBX 5 8 0 0
BITMAP
08
78
80
80
B8
88
88
78
ENDCHAR
STARTCHAR uni0194
ENCODING 404
SWIDTH 667 0
DWIDTH 6 0
BBX 5 8 0 -1
BITMAP
88
88
88
50
50
20
50
20
ENDCHAR
STARTCHAR uni0196
ENCODING 406
SWIDTH 444 0
DWIDTH 4 0
BBX 3 7 0 0
BITMAP
E0
40
40
40
40
40
E0
ENDCHAR
STARTCHAR uni0197
ENCODING 407
SWIDTH 444 0
DWIDTH 4 0
BBX 3 7 0 0
BITMAP
E0
40
40
E0
40
40
E0
ENDCHAR
STARTCHAR uni0198
ENCODING 408
SWIDTH 778 0
DWIDTH 7 0
BBX 6 7 0 0
BITMAP
88
94
A0
C0
A0
90
88
ENDCHAR
STARTCHAR uni0199
ENCODING 409
SWIDTH 556 0
DWIDTH 5 0
BBX 4 7 0 0
BITMAP
C0
80
90
A0
C0
A0
90
ENDCHAR
STARTCHAR uni019D
ENCODING 413
SWIDTH 778 0
DWIDTH 7 0
BBX 7 8 -1 -1
BITMAP
62
52
52
4A
4A
46
42
80
ENDCHAR
STARTCHAR uni01A0
ENCODING 416
SWIDTH 778 0
DWIDTH 7 0
BBX 6 7 0 0
BITMAP
74
8C
88
88
88
88
70
ENDCHAR
STARTCHAR uni01A1
ENCODING 417
SWIDTH 667 0
DWIDTH 6 0
BBX 6 5 0 0
BITMAP
74
8C
88
88
70
ENDCHAR
STARTCHAR uni01A7
ENCODING 423
SWIDTH 667 0
DWIDTH 6 0
BBX 5 7 0 0
BITMAP
70
88
08
70
80
88
70
ENDCHAR
STARTCHAR uni01A8
ENCODING 424
SWIDTH 667 0
DWIDTH 6 0
BBX 5 5 0 0
BITMAP
F0
08
70
80
78
ENDCHAR
STARTCHAR uni01AF
ENCODING 431
SWIDTH 778 0
DWIDTH 7 0
BBX 6 7 0 0
BITMAP
8C
8C
88
88
88
88
70
ENDCHAR
STARTCHAR uni01B0
ENCODING 432
SWIDTH 778 0
DWIDTH 7 0
BBX 6 5 0 0
BITMAP
8C
8C
88
88
70
ENDCHAR
STARTCHAR uni01B1
ENCODING 433
SWIDTH 667 0
DWIDTH 6 0
BBX 5 7 0 0
BITMAP
D8
50
88
88
88
88
70
ENDCHAR
STARTCHAR uni01B2
ENCODING 434
SWIDTH 667 0
DWIDTH 6 0
BBX 5 7 0 0
BITMAP
98
88
88
88
88
88
70
ENDCHAR
STARTCHAR uni01B3
ENCODING 435
SWIDTH 778 0
DWIDTH 7 0
BBX 6 7 0 0
BITMAP
8C
88
88
70
20
20
20
ENDCHAR
STARTCHAR uni01B4
ENCODING 436
SWIDTH 778 0
DWIDTH 7 0
BBX 6 7 0 -2
BITMAP
8C
88
50
50
20
20
C0
ENDCHAR
STARTCHAR uni01B5
ENCODING 437
SWIDTH 667 0
DWIDTH 6 0
BBX 5 7 0 0
BITMAP
F8
08
10
F8
40
80
F8
ENDCHAR
STARTCHAR uni01B6
ENCODING 438
SWIDTH 667 0
DWIDTH 6 0
BBX 5 5 0 0
BITMAP
F0
10
F8
40
78
ENDCHAR
STARTCHAR uni01B7
ENCODING 439
SWIDTH 667 0
DWIDTH 6 0
BBX 5 8 0 -1
BITMAP
70
08
10
20
10
08
88
70
ENDCHAR
STARTCHAR uni01B8
ENCODING 440
SWIDTH 667 0
DWIDTH 6 0
BBX 5 8 0 -1
BITMAP
70
80
40
20
40
80
88
70
ENDCHAR
STARTCHAR uni01B9
ENCODING 441
SWIDTH 667 0
DWIDTH 6 0
BBX 5 6 0 -1
BITMAP
70
80
40
80
88
70
ENDCHAR
STARTCHAR uni01BC
ENCODING 444
SWIDTH 667 0
DWIDTH 6 0
BBX 5 7 0 0
BITMAP
F8
40
40
70
08
88
70
ENDCHAR
STARTCHAR uni01BD
ENCODING 445
SWIDTH 667 0
DWIDTH 6 0
BBX 5 5 0 0
BITMAP
F8
40
70
08
70
ENDCHAR
STARTCHAR uni01C0
ENCODING 448
SWIDTH 222 0
DWIDTH 2 0
BBX 1 7 0 0
BITMAP
80
80
80
80
80
80
80
ENDCHAR
STARTCHAR uni01C1
ENCODING 449
SWIDTH 444 0
DWIDTH 4 0
BBX 3 7 0 0
BITMAP
A0
A0
A0
A0
A0
A0
A0
ENDCHAR
STARTCHAR uni01C2
ENCODING 450
SWIDTH 444 0
DWIDTH 4 0
BBX 3 7 0 0
BITMAP
40
40
E0
40
E0
40
40
ENDCHAR
STARTCHAR uni01C3
ENCODING 451
SWIDTH 222 0
DWIDTH 2 0
BBX 1 7 0 0
BITMAP
80
80
80
80
80
00
80
ENDCHAR
STARTCHAR uni01C7
ENCODING 455
SWIDTH 1111 0
DWIDTH 10 0
BBX 9 7 0 0
BITMAP
8080
8080
8080
8080
8480
8480
F300
ENDCHAR
STARTCHAR uni01C8
ENCODING 456
SWIDTH 1000 0
DWIDTH 9 0
BBX 8 8 0 -1
BITMAP
81
80
81
81
81
81
F1
06
ENDCHAR
STARTCHAR uni01C9
ENCODING 457
SWIDTH 667 0
DWIDTH 6 0
BBX 5 8 0 -1
BITMAP
88
80
88
88
88
88
88
30
ENDCHAR
STARTCHAR uni01CA
ENCODING 458
SWIDTH 1333 0
DWIDTH 12 0
BBX 11 7 0 0
BITMAP
C420
A420
A420
9420
9520
8D20
84C0
ENDCHAR
STARTCHAR uni01CB
ENCODING 459
SWIDTH 1222 0
DWIDTH 11 0
BBX 10 8 0 -1
BITMAP
C440
A400
A440
9440
9440
8C40
8440
0180
ENDCHAR
STARTCHAR uni01CC
ENCODING 460
SWIDTH 1111 0
DWIDTH 10 0
BBX 9 8 0 -1
BITMAP
0080
0000
B080
C880
8880
8880
8880
0300
ENDCHAR
STARTCHAR uni01CD
ENCODING 461
SWIDTH 667 0
DWIDTH 6 0
BBX 5 9 0 0
BITMAP
50
20
20
50
50
88
F8
88
88
ENDCHAR
STARTCHAR uni01CE
ENCODING 462
SWIDTH 667 0
DWIDTH 6 0
BBX 5 8 0 0
BITMAP
50
20
00
68
98
88
98
68
ENDCHAR
STARTCHAR uni01CF
ENCODING 463
SWIDTH 444 0
DWIDTH 4 0
BBX 3 9 0 0
BITMAP
A0
40
E0
40
40
40
40
40
E0
ENDCHAR
STARTCHAR uni01D0
ENCODING 464
SWIDTH 222 0
DWIDTH 2 0
BBX 3 8 -1 0
BITMAP
A0
40
00
40
40
40
40
40
ENDCHAR
STARTCHAR uni01D1
ENCODING 465
SWIDTH 667 0
DWIDTH 6 0
BBX 5 9 0 0
BITMAP
50
20
70
88
88
88
88
88
70
ENDCHAR
STARTCHAR uni01D2
ENCODING 466
SWIDTH 667 0
DWIDTH 6 0
BBX 5 8 0 0
BITMAP
50
20
00
70
88
88
88
70
ENDCHAR
STARTCHAR uni01D3
ENCODING 467
SWIDTH 667 0
DWIDTH 6 0
BBX 5 9 0 0
BITMAP
50
20
88
88
88
88
88
88
70
ENDCHAR
STARTCHAR uni01D4
ENCODING 468
SWIDTH 667 0
DWIDTH 6 0
BBX 5 8 0 0
BITMAP
50
20
00
88
88
88
88
70
ENDCHAR
STARTCHAR uni01DD
ENCODING 477
SWIDTH 667 0
DWIDTH 6 0
BBX 5 5 0 0
BITMAP
F0
08
F8
88
70
ENDCHAR
STARTCHAR uni01E2
ENCODING 482
SWIDTH 778 0
DWIDTH 7 0
BBX 6 9 0 0
BITMAP
38
00
6C
90
90
FC
90
90
9C
ENDCHAR
STARTCHAR uni01E3
ENCODING 483
SWIDTH 889 0
DWIDTH 8 0
BBX 7 7 0 0
BITMAP
38
00
7C
92
9C
90
7E
ENDCHAR
STARTCHAR uni01E4
ENCODING 484
SWIDTH 778 0
DWIDTH 7 0
BBX 6 7 0 0
BITMAP
70
80
80
B8
9C
88
78
ENDCHAR
STARTCHAR uni01E5
ENCODING 485
SWIDTH 778 0
DWIDTH 7 0
BBX 6 7 0 -2
BITMAP
68
98
88
98
68
FC
70
ENDCHAR
STARTCHAR uni01E6
ENCODING 486
SWIDTH 667 0
DWIDTH 6 0
BBX 5 9 0 0
BITMAP
50
20
70
80
80
B8
88
88
78
ENDCHAR
STARTCHAR uni01E7
ENCODING 487
SWIDTH 667 0
DWIDTH 6 0
BBX 5 10 0 -2
BITMAP
50
20
00
68
98
88
98
68
08
70
ENDCHAR
STARTCHAR uni01E8
ENCODING 488
SWIDTH 667 0
DWIDTH 6 0
BBX 5 9 0 0
BITMAP
50
20
88
90
A0
C0
A0
90
88
ENDCHAR
STARTCHAR uni01E9
ENCODING 489
SWIDTH 556 0
DWIDTH 5 0
BBX 4 8 0 0
BITMAP
50
A0
80
90
A0
C0
A0
90
ENDCHAR
STARTCHAR uni01EA
ENCODING 490
SWIDTH 667 0
DWIDTH 6 0
BBX 5 9 0 -2
BITMAP
70
88
88
88
88
88
70
10
08
ENDCHAR
STARTCHAR uni01EB
ENCODING 491
SWIDTH 667 0
DWIDTH 6 0
BBX 5 7 0 -2
BITMAP
70
88
88
88
70
10
08
ENDCHAR
STARTCHAR uni01EC
ENCODING 492
SWIDTH 667 0
DWIDTH 6 0
BBX 5 11 0 -2
BITMAP
70
00
70
88
88
88
88
88
70
10
08
ENDCHAR
STARTCHAR uni01ED
ENCODING 493
SWIDTH 667 0
DWIDTH 6 0
BBX 5 9 0 -2
BITMAP
70
00
70
88
88
88
70
10
08
ENDCHAR
STARTCHAR uni01EE
ENCODING 494
SWIDTH 667 0
DWIDTH 6 0
BBX 5 10 0 -1
BITMAP
50
20
70
08
10
20
10
08
88
70
ENDCHAR
STARTCHAR uni01EF
ENCODING 495
SWIDTH 667 0
DWIDTH 6 0
BBX 5 9 0 -1
BITMAP
50
20
00
70
08
10
08
88
70
ENDCHAR
STARTCHAR uni01F4
ENCODING 500
SWIDTH 667 0
DWIDTH 6 0
BBX 5 9 0 0
BITMAP
10
20
70
80
80
B8
88
88
78
ENDCHAR
STARTCHAR uni01F5
ENCODING 501
SWIDTH 667 0
DWIDTH 6 0
BBX 5 10 0 -2
BITMAP
10
20
00
68
98
88
98
68
08
70
ENDCHAR
STARTCHAR uni01F8
ENCODING 504
SWIDTH 778 0
DWIDTH 7 0
BBX 6 9 0 0
BITMAP
20
10
C4
A4
A4
94
94
8C
84
ENDCHAR
STARTCHAR uni01F9
ENCODING 505
SWIDTH 667 0
DWIDTH 6 0
BBX 5 8 0 0
BITMAP
40
20
00
B0
C8
88
88
88
ENDCHAR
STARTCHAR uni01FC
ENCODING 508
SWIDTH 778 0
DWIDTH 7 0
BBX 6 9 0 0
BITMAP
08
10
6C
90
90
FC
90
90
9C
ENDCHAR
STARTCHAR uni01FD
ENCODING 509
SWIDTH 889 0
DWIDTH 8 0
BBX 7 8 0 0
BITMAP
08
10
00
7C
92
9C
90
7E
ENDCHAR
STARTCHAR uni01FE
ENCODING 510
SWIDTH 667 0
DWIDTH 6 0
BBX 5 9 0 0
BITMAP
10
20
70
88
98
A8
C8
88
70
ENDCHAR
STARTCHAR uni01FF
ENCODING 511
SWIDTH 667 0
DWIDTH 6 0
BBX 5 8 0 0
BITMAP
10
20
00
70
98
A8
C8
70
ENDCHAR
STARTCHAR uni0218
ENCODING 536
SWIDTH 667 0
DWIDTH 6 0
BBX 5 9 0 -2
BITMAP
70
88
80
70
08
88
70
20
40
ENDCHAR
STARTCHAR uni0219
ENCODING 537
SWIDTH 667 0
DWIDTH 6 0
BBX 5 7 0 -2
BITMAP
78
80
70
08
F0
20
40
ENDCHAR
STARTCHAR uni021A
ENCODING 538
SWIDTH 667 0
DWIDTH 6 0
BBX 5 9 0 -2
BITMAP
F8
20
20
20
20
20
20
20
40
ENDCHAR
STARTCHAR uni021B
ENCODING 539
SWIDTH 444 0
DWIDTH 4 0
BBX 3 9 0 -2
BITMAP
40
40
E0
40
40
40
60
40
80
ENDCHAR
STARTCHAR uni021E
ENCODING 542
SWIDTH 667 0
DWIDTH 6 0
BBX 5 9 0 0
BITMAP
50
20
88
88
88
F8
88
88
88
ENDCHAR
STARTCHAR uni021F
ENCODING 543
SWIDTH 667 0
DWIDTH 6 0
BBX 5 9 0 0
BITMAP
50
20
80
80
B0
C8
88
88
88
ENDCHAR
STARTCHAR uni0224
ENCODING 548
SWIDTH 667 0
DWIDTH 6 0
BBX 5 8 0 -1
BITMAP
F8
08
10
20
40
80
F8
08
ENDCHAR
STARTCHAR uni0225
ENCODING 549
SWIDTH 667 0
DWIDTH 6 0
BBX 5 6 0 -1
BITMAP
F8
08
70
80
F8
08
ENDCHAR
STARTCHAR uni0226
ENCODING 550
SWIDTH 667 0
DWIDTH 6 0
BBX 5 9 0 0
BITMAP
20
00
20
50
50
88
F8
88
88
ENDCHAR
STARTCHAR uni0227
ENCODING 551
SWIDTH 667 0
DWIDTH 6 0
BBX 5 7 0 0
BITMAP
20
00
68
98
88
98
68
ENDCHAR
STARTCHAR uni0228
ENCODING 552
SWIDTH 667 0
DWIDTH 6 0
BBX 5 9 0 -2
BITMAP
F8
80
80
F0
80
80
F8
20
40
ENDCHAR
STARTCHAR uni0229
ENCODING 553
SWIDTH 667 0
DWIDTH 6 0
BBX 5 7 0 -2
BITMAP
70
88
F8
80
78
20
40
ENDCHAR
STARTCHAR uni022E
ENCODING 558
SWIDTH 667 0
DWIDTH 6 0
BBX 5 9 0 0
BITMAP
20
00
70
88
88
88
88
88
70
ENDCHAR
STARTCHAR uni022F
ENCODING 559
SWIDTH 667 0
DWIDTH 6 0
BBX 5 7 0 0
BITMAP
20
00
70
88
88
88
70
ENDCHAR
STARTCHAR uni0232
ENCODING 562
SWIDTH 667 0
DWIDTH 6 0
BBX 5 9 0 0
BITMAP
70
00
88
88
88
70
20
20
20
ENDCHAR
STARTCHAR uni0233
ENCODING 563
SWIDTH 667 0
DWIDTH 6 0
BBX 5 9 0 -2
BITMAP
70
00
88
88
50
50
20
20
C0
ENDCHAR
STARTCHAR uni0241
ENCODING 577
SWIDTH 667 0
DWIDTH 6 0
BBX 5 7 0 0
BITMAP
70
88
08
08
30
20
20
ENDCHAR
STARTCHAR uni0242
ENCODING 578
SWIDTH 667 0
DWIDTH 6 0
BBX 5 5 0 0
BITMAP
70
88
08
30
20
ENDCHAR
STARTCHAR uni0243
ENCODING 579
SWIDTH 667 0
DWIDTH 6 0
BBX 5 7 0 0
BITMAP
70
48
70
48
E8
48
70
ENDCHAR
STARTCHAR uni0244
ENCODING 580
SWIDTH 667 0
DWIDTH 6 0
BBX 5 7 0 0
BITMAP
88
88
88
F8
88
88
70
ENDCHAR
STARTCHAR uni0253
ENCODING 595
SWIDTH 667 0
DWIDTH 6 0
BBX 5 7 0 0
BITMAP
C0
80
B0
C8
88
C8
B0
ENDCHAR
STARTCHAR uni0254
ENCODING 596
SWIDTH 667 0
DWIDTH 6 0
BBX 5 5 0 0
BITMAP
70
88
08
88
70
ENDCHAR
STARTCHAR uni0256
ENCODING 598
SWIDTH 667 0
DWIDTH 6 0
BBX 6 8 0 -1
BITMAP
08
08
68
98
88
98
68
04
ENDCHAR
STARTCHAR uni0257
ENCODING 599
SWIDTH 778 0
DWIDTH 7 0
BBX 6 7 0 0
BITMAP
0C
08
68
98
88
98
68
ENDCHAR
STARTCHAR uni0259
ENCODING 601
SWIDTH 667 0
DWIDTH 6 0
BBX 5 5 0 0
BITMAP
F0
08
F8
88
70
ENDCHAR
STARTCHAR uni025B
ENCODING 603
SWIDTH 667 0
DWIDTH 6 0
BBX 5 5 0 0
BITMAP
70
88
40
88
70
ENDCHAR
STARTCHAR uni0260
ENCODING 608
SWIDTH 778 0
DWIDTH 7 0
BBX 6 7 0 -2
BITMAP
6C
98
88
98
68
08
70
ENDCHAR
STARTCHAR uni0263
ENCODING 611
SWIDTH 667 0
DWIDTH 6 0
BBX 5 7 0 -2
BITMAP
88
88
50
50
20
50
20
ENDCHAR
STARTCHAR uni0268
ENCODING 616
SWIDTH 444 0
DWIDTH 4 0
BBX 3 7 0 0
BITMAP
40
00
40
40
E0
40
40
ENDCHAR
STARTCHAR uni0272
ENCODING 626
SWIDTH 667 0
DWIDTH 6 0
BBX 6 6 -1 -1
BITMAP
58
64
44
44
44
80
ENDCHAR
STARTCHAR uni0289
ENCODING 649
SWIDTH 667 0
DWIDTH 6 0
BBX 5 5 0 0
BITMAP
88
88
F8
88
70
ENDCHAR
STARTCHAR uni028B
ENCODING 651
SWIDTH 667 0
DWIDTH 6 0
BBX 5 5 0 0
BITMAP
98
88
88
88
70
ENDCHAR
STARTCHAR uni0292
ENCODING 658
SWIDTH 667 0
DWIDTH 6 0
BBX 5 6 0 -1
BITMAP
70
08
10
08
88
70
ENDCHAR
STARTCHAR uni0294
ENCODING 660
SWIDTH 556 0
DWIDTH 5 0
BBX 4 7 0 0
BITMAP
60
90
10
10
20
20
20
ENDCHAR
STARTCHAR uni0295
ENCODING 661
SWIDTH 556 0
DWIDTH 5 0
BBX 4 7 0 0
BITMAP
60
90
80
80
40
40
40
ENDCHAR
STARTCHAR uni02AC
ENCODING 684
SWIDTH 667 0
DWIDTH 6 0
BBX 5 7 0 0
BITMAP
A8
A8
50
00
A8
A8
50
ENDCHAR
STARTCHAR uni02B9
ENCODING 697
SWIDTH 222 0
DWIDTH 2 0
BBX 1 2 0 5
BITMAP
80
80
ENDCHAR
STARTCHAR uni02BA
ENCODING 698
SWIDTH 444 0
DWIDTH 4 0
BBX 3 2 0 5
BITMAP
A0
A0
ENDCHAR
STARTCHAR uni02BB
ENCODING 699
SWIDTH 222 0
DWIDTH 2 0
BBX 1 2 0 6
BITMAP
80
80
ENDCHAR
STARTCHAR uni02BC
ENCODING 700
SWIDTH 333 0
DWIDTH 3 0
BBX 2 2 0 6
BITMAP
80
40
ENDCHAR
STARTCHAR uni02BD
ENCODING 701
SWIDTH 333 0
DWIDTH 3 0
BBX 2 2 0 6
BITMAP
80
40
ENDCHAR
STARTCHAR uni02D0
ENCODING 720
SWIDTH 444 0
DWIDTH 4 0
BBX 3 5 0 0
BITMAP
E0
40
00
40
E0
ENDCHAR
STARTCHAR uni02D1
ENCODING 721
SWIDTH 444 0
DWIDTH 4 0
BBX 3 2 0 3
BITMAP
E0
40
ENDCHAR
STARTCHAR uni0374
ENCODING 884
SWIDTH 222 0
DWIDTH 2 0
BBX 1 2 0 6
BITMAP
80
80
ENDCHAR
STARTCHAR uni0375
ENCODING 885
SWIDTH 222 0
DWIDTH 2 0
BBX 1 2 0 -1
BITMAP
80
80
ENDCHAR
STARTCHAR uni037A
ENCODING 890
SWIDTH 222 0
DWIDTH 2 0
BBX 1 2 0 0
BITMAP
80
80
ENDCHAR
STARTCHAR uni037B
ENCODING 891
SWIDTH 667 0
DWIDTH 6 0
BBX 5 5 0 0
BITMAP
F0
08
08
08
F0
ENDCHAR
STARTCHAR uni037C
ENCODING 892
SWIDTH 667 0
DWIDTH 6 0
BBX 5 5 0 0
BITMAP
78
80
A0
80
78
ENDCHAR
STARTCHAR uni037D
ENCODING 893
SWIDTH 667 0
DWIDTH 6 0
BBX 5 5 0 0
BITMAP
F0
08
28
08
F0
ENDCHAR
STARTCHAR uni037E
ENCODING 894
SWIDTH 222 0
DWIDTH 2 0
BBX 1 6 0 -1
BITMAP
80
00
00
00
80
80
ENDCHAR
STARTCHAR uni037F
ENCODING 895
SWIDTH 556 0
DWIDTH 5 0
BBX 4 7 0 0
BITMAP
10
10
10
10
90
90
60
ENDCHAR
STARTCHAR uni0384
ENCODING 900
SWIDTH 222 0
DWIDTH 2 0
BBX 1 2 0 6
BITMAP
80
80
ENDCHAR
STARTCHAR uni0385
ENCODING 901
SWIDTH 667 0
DWIDTH 6 0
BBX 5 2 0 6
BITMAP
20
A8
ENDCHAR
STARTCHAR uni0386
ENCODING 902
SWIDTH 667 0
DWIDTH 6 0
BBX 5 7 0 0
BITMAP
A0
D0
50
88
F8
88
88
ENDCHAR
STARTCHAR uni0387
ENCODING 903
SWIDTH 222 0
DWIDTH 2 0
BBX 1 1 0 4
BITMAP
80
ENDCHAR
STARTCHAR uni0388
ENCODING 904
SWIDTH 778 0
DWIDTH 7 0
BBX 6 7 0 0
BITMAP
FC
C0
40
78
40
40
7C
ENDCHAR
STARTCHAR uni0389
ENCODING 905
SWIDTH 778 0
DWIDTH 7 0
BBX 6 7 0 0
BITMAP
C4
C4
44
7C
44
44
44
ENDCHAR
STARTCHAR uni038A
ENCODING 906
SWIDTH 556 0
DWIDTH 5 0
BBX 4 7 0 0
BITMAP
F0
A0
20
20
20
20
70
ENDCHAR
STARTCHAR uni038C
ENCODING 908
SWIDTH 778 0
DWIDTH 7 0
BBX 6 7 0 0
BITMAP
B8
C4
44
44
44
44
38
ENDCHAR
STARTCHAR uni038E
ENCODING 910
SWIDTH 778 0
DWIDTH 7 0
BBX 6 7 0 0
BITMAP
C4
C4
44
38
10
10
10
ENDCHAR
STARTCHAR uni038F
ENCODING 911
SWIDTH 778 0
DWIDTH 7 0
BBX 6 7 0 0
BITMAP
B8
C4
44
44
44
28
6C
ENDCHAR
STARTCHAR uni0390
ENCODING 912
SWIDTH 222 0
DWIDTH 2 0
BBX 5 8 -2 0
BITMAP
20
A8
00
20
20
20
20
20
ENDCHAR
STARTCHAR uni0391
ENCODING 913
SWIDTH 667 0
DWIDTH 6 0
BBX 5 7 0 0
BITMAP
20
50
50
88
F8
88
88
ENDCHAR
STARTCHAR uni0392
ENCODING 914
SWIDTH 667 0
DWIDTH 6 0
BBX 5 7 0 0
BITMAP
F0
88
88
F0
88
88
F0
ENDCHAR
STARTCHAR uni0393
ENCODING 915
SWIDTH 667 0
DWIDTH 6 0
BBX 5 7 0 0
BITMAP
F8
80
80
80
80
80
80
ENDCHAR
STARTCHAR uni0394
ENCODING 916
SWIDTH 667 0
DWIDTH 6 0
BBX 5 7 0 0
BITMAP
20
50
50
50
88
88
F8
ENDCHAR
STARTCHAR uni0395
ENCODING 917
SWIDTH 667 0
DWIDTH 6 0
BBX 5 7 0 0
BITMAP
F8
80
80
F0
80
80
F8
ENDCHAR
STARTCHAR uni0396
ENCODING 918
SWIDTH 667 0
DWIDTH 6 0
BBX 5 7 0 0
BITMAP
F8
08
10
20
40
80
F8
ENDCHAR
STARTCHAR uni0397
ENCODING 919
SWIDTH 667 0
DWIDTH 6 0
BBX 5 7 0 0
BITMAP
88
88
88
F8
88
88
88
ENDCHAR
STARTCHAR uni0398
ENCODING 920
SWIDTH 667 0
DWIDTH 6 0
BBX 5 7 0 0
BITMAP
70
88
88
F8
88
88
70
ENDCHAR
STARTCHAR uni0399
ENCODING 921
SWIDTH 444 0
DWIDTH 4 0
BBX 3 7 0 0
BITMAP
E0
40
40
40
40
40
E0
ENDCHAR
STARTCHAR uni039A
ENCODING 922
SWIDTH 667 0
DWIDTH 6 0
BBX 5 7 0 0
BITMAP
88
90
A0
C0
A0
90
88
ENDCHAR
STARTCHAR uni039B
ENCODING 923
SWIDTH 667 0
DWIDTH 6 0
BBX 5 7 0 0
BITMAP
20
50
50
50
88
88
88
ENDCHAR
STARTCHAR uni039C
ENCODING 924
SWIDTH 889 0
DWIDTH 8 0
BBX 7 7 0 0
BITMAP
82
C6
AA
92
82
82
82
ENDCHAR
STARTCHAR uni039D
ENCODING 925
SWIDTH 778 0
DWIDTH 7 0
BBX 6 7 0 0
BITMAP
C4
A4
A4
94
94
8C
84
ENDCHAR
STARTCHAR uni039E
ENCODING 926
SWIDTH 667 0
DWIDTH 6 0
BBX 5 7 0 0
BITMAP
F8
00
00
70
00
00
F8
ENDCHAR
STARTCHAR uni039F
ENCODING 927
SWIDTH 667 0
DWIDTH 6 0
BBX 5 7 0 0
BITMAP
70
88
88
88
88
88
70
ENDCHAR
STARTCHAR uni03A0
ENCODING 928
SWIDTH 667 0
DWIDTH 6 0
BBX 5 7 0 0
BITMAP
F8
88
88
88
88
88
88
ENDCHAR
STARTCHAR uni03A1
ENCODING 929
SWIDTH 667 0
DWIDTH 6 0
BBX 5 7 0 0
BITMAP
F0
88
88
F0
80
80
80
ENDCHAR
STARTCHAR uni03A3
ENCODING 931
SWIDTH 556 0
DWIDTH 5 0
BBX 4 7 0 0
BITMAP
F0
80
40
20
40
80
F0
ENDCHAR
STARTCHAR uni03A4
ENCODING 932
SWIDTH 667 0
DWIDTH 6 0
BBX 5 7 0 0
BITMAP
F8
20
20
20
20
20
20
ENDCHAR
STARTCHAR uni03A5
ENCODING 933
SWIDTH 667 0
DWIDTH 6 0
BBX 5 7 0 0
BITMAP
88
88
88
70
20
20
20
ENDCHAR
STARTCHAR uni03A6
ENCODING 934
SWIDTH 889 0
DWIDTH 8 0
BBX 7 7 0 0
BITMAP
10
7C
92
92
92
7C
10
ENDCHAR
STARTCHAR uni03A7
ENCODING 935
SWIDTH 667 0
DWIDTH 6 0
BBX 5 7 0 0
BITMAP
88
88
50
20
50
88
88
ENDCHAR
STARTCHAR uni03A8
ENCODING 936
SWIDTH 667 0
DWIDTH 6 0
BBX 5 7 0 0
BITMAP
A8
A8
A8
70
20
20
20
ENDCHAR
STARTCHAR uni03A9
ENCODING 937
SWIDTH 667 0
DWIDTH 6 0
BBX 5 7 0 0
BITMAP
70
88
88
88
88
50
D8
ENDCHAR
STARTCHAR uni03AA
ENCODING 938
SWIDTH 444 0
DWIDTH 4 0
BBX 3 9 0 0
BITMAP
A0
00
E0
40
40
40
40
40
E0
ENDCHAR
STARTCHAR uni03AB
ENCODING 939
SWIDTH 667 0
DWIDTH 6 0
BBX 5 9 0 0
BITMAP
50
00
88
88
88
70
20
20
20
ENDCHAR
STARTCHAR uni03AC
ENCODING 940
SWIDTH 667 0
DWIDTH 6 0
BBX 5 8 0 0
BITMAP
20
20
00
68
98
88
98
68
ENDCHAR
STARTCHAR uni03AD
ENCODING 941
SWIDTH 556 0
DWIDTH 5 0
BBX 4 8 0 0
BITMAP
20
20
00
70
80
60
80
70
ENDCHAR
STARTCHAR uni03AE
ENCODING 942
SWIDTH 667 0
DWIDTH 6 0
BBX 5 9 0 -1
BITMAP
20
20
00
B0
C8
88
88
88
08
ENDCHAR
STARTCHAR uni03AF
ENCODING 943
SWIDTH 222 0
DWIDTH 2 0
BBX 1 8 0 0
BITMAP
80
80
00
80
80
80
80
80
ENDCHAR
STARTCHAR uni03B0
ENCODING 944
SWIDTH 667 0
DWIDTH 6 0
BBX 5 8 0 0
BITMAP
20
A8
00
88
88
88
88
70
ENDCHAR
STARTCHAR uni03B1
ENCODING 945
SWIDTH 667 0
DWIDTH 6 0
BBX 5 5 0 0
BITMAP
68
98
88
98
68
ENDCHAR
STARTCHAR uni03B2
ENCODING 946
SWIDTH 556 0
DWIDTH 5 0
BBX 4 8 0 -1
BITMAP
60
90
90
A0
90
D0
A0
80
ENDCHAR
STARTCHAR uni03B3
ENCODING 947
SWIDTH 667 0
DWIDTH 6 0
BBX 5 6 0 -1
BITMAP
88
88
88
50
20
20
ENDCHAR
STARTCHAR uni03B4
ENCODING 948
SWIDTH 556 0
DWIDTH 5 0
BBX 4 7 0 0
BITMAP
70
80
60
90
90
90
60
ENDCHAR
STARTCHAR uni03B5
ENCODING 949
SWIDTH 556 0
DWIDTH 5 0
BBX 4 5 0 0
BITMAP
70
80
60
80
70
ENDCHAR
STARTCHAR uni03B6
ENCODING 950
SWIDTH 556 0
DWIDTH 5 0
BBX 4 8 0 -1
BITMAP
F0
10
20
40
80
80
60
10
ENDCHAR
STARTCHAR uni03B7
ENCODING 951
SWIDTH 667 0
DWIDTH 6 0
BBX 5 6 0 -1
BITMAP
B0
C8
88
88
88
08
ENDCHAR
STARTCHAR uni03B8
ENCODING 952
SWIDTH 667 0
DWIDTH 6 0
BBX 5 5 0 0
BITMAP
70
88
F8
88
70
ENDCHAR
STARTCHAR uni03B9
ENCODING 953
SWIDTH 222 0
DWIDTH 2 0
BBX 1 5 0 0
BITMAP
80
80
80
80
80
ENDCHAR
STARTCHAR uni03BA
ENCODING 954
SWIDTH 556 0
DWIDTH 5 0
BBX 4 5 0 0
BITMAP
90
A0
C0
A0
90
ENDCHAR
STARTCHAR uni03BB
ENCODING 955
SWIDTH 556 0
DWIDTH 5 0
BBX 4 7 0 0
BITMAP
40
40
20
60
50
90
90
ENDCHAR
STARTCHAR uni03BC
ENCODING 956
SWIDTH 667 0
DWIDTH 6 0
BBX 5 6 0 -1
BITMAP
88
88
88
88
F0
80
ENDCHAR
STARTCHAR uni03BD
ENCODING 957
SWIDTH 667 0
DWIDTH 6 0
BBX 5 5 0 0
BITMAP
88
88
88
50
20
ENDCHAR
STARTCHAR uni03BE
ENCODING 958
SWIDTH 556 0
DWIDTH 5 0
BBX 4 8 0 -1
BITMAP
70
80
60
80
80
80
60
10
ENDCHAR
STARTCHAR uni03BF
ENCODING 959
SWIDTH 667 0
DWIDTH 6 0
BBX 5 5 0 0
BITMAP
70
88
88
88
70
ENDCHAR
STARTCHAR uni03C0
ENCODING 960
SWIDTH 667 0
DWIDTH 6 0
BBX 5 5 0 0
BITMAP
F8
50
50
50
50
ENDCHAR
STARTCHAR uni03C1
ENCODING 961
SWIDTH 556 0
DWIDTH 5 0
BBX 4 7 0 -2
BITMAP
60
90
90
90
E0
80
80
ENDCHAR
STARTCHAR uni03C2
ENCODING 962
SWIDTH 667 0
DWIDTH 6 0
BBX 5 7 0 -2
BITMAP
70
88
80
80
60
10
20
ENDCHAR
STARTCHAR uni03C3
ENCODING 963
SWIDTH 667 0
DWIDTH 6 0
BBX 5 5 0 0
BITMAP
78
90
90
90
60
ENDCHAR
STARTCHAR uni03C4
ENCODING 964
SWIDTH 667 0
DWIDTH 6 0
BBX 5 5 0 0
BITMAP
F8
20
20
20
20
ENDCHAR
STARTCHAR uni03C5
ENCODING 965
SWIDTH 667 0
DWIDTH 6 0
BBX 5 5 0 0
BITMAP
88
88
88
88
70
ENDCHAR
STARTCHAR uni03C6
ENCODING 966
SWIDTH 667 0
DWIDTH 6 0
BBX 5 6 0 -1
BITMAP
30
A8
A8
70
20
20
ENDCHAR
STARTCHAR uni03C7
ENCODING 967
SWIDTH 667 0
DWIDTH 6 0
BBX 5 6 0 -1
BITMAP
88
50
20
20
50
88
ENDCHAR
STARTCHAR uni03C8
ENCODING 968
SWIDTH 667 0
DWIDTH 6 0
BBX 5 6 0 -1
BITMAP
A8
A8
A8
70
20
20
ENDCHAR
STARTCHAR uni03C9
ENCODING 969
SWIDTH 667 0
DWIDTH 6 0
BBX 5 5 0 0
BITMAP
50
88
A8
A8
50
ENDCHAR
STARTCHAR uni03CA
ENCODING 970
SWIDTH 222 0
DWIDTH 2 0
BBX 3 7 -1 0
BITMAP
A0
00
40
40
40
40
40
ENDCHAR
STARTCHAR uni03CB
ENCODING 971
SWIDTH 667 0
DWIDTH 6 0
BBX 5 7 0 0
BITMAP
50
00
88
88
88
88
70
ENDCHAR
STARTCHAR uni03CC
ENCODING 972
SWIDTH 667 0
DWIDTH 6 0
BBX 5 8 0 0
BITMAP
20
20
00
70
88
88
88
70
ENDCHAR
STARTCHAR uni03CD
ENCODING 973
SWIDTH 667 0
DWIDTH 6 0
BBX 5 8 0 0
BITMAP
20
20
00
88
88
88
88
70
ENDCHAR
STARTCHAR uni03CE
ENCODING 974
SWIDTH 667 0
DWIDTH 6 0
BBX 5 8 0 0
BITMAP
20
20
00
50
88
A8
A8
50
ENDCHAR
STARTCHAR uni03CF
ENCODING 975
SWIDTH 667 0
DWIDTH 6 0
BBX 5 8 0 -1
BITMAP
88
90
A0
C0
A0
90
88
10
ENDCHAR
STARTCHAR uni03D5
ENCODING 981
SWIDTH 667 0
DWIDTH 6 0
BBX 5 7 0 -1
BITMAP
20
70
A8
A8
A8
70
20
ENDCHAR
STARTCHAR uni03D6
ENCODING 982
SWIDTH 889 0
DWIDTH 8 0
BBX 7 5 0 0
BITMAP
FE
44
92
92
6C
ENDCHAR
STARTCHAR uni03D7
ENCODING 983
SWIDTH 667 0
DWIDTH 6 0
BBX 5 6 0 -1
BITMAP
C8
50
70
50
98
08
ENDCHAR
STARTCHAR uni03D8
ENCODING 984
SWIDTH 667 0
DWIDTH 6 0
BBX 5 9 0 -2
BITMAP
70
88
88
88
88
88
70
20
20
ENDCHAR
STARTCHAR uni03D9
ENCODING 985
SWIDTH 667 0
DWIDTH 6 0
BBX 5 7 0 -2
BITMAP
70
88
88
88
70
20
20
ENDCHAR
STARTCHAR uni03DA
ENCODING 986
SWIDTH 667 0
DWIDTH 6 0
BBX 5 7 0 0
BITMAP
70
88
80
80
80
70
10
ENDCHAR
STARTCHAR uni03DB
ENCODING 987
SWIDTH 667 0
DWIDTH 6 0
BBX 5 7 0 -2
BITMAP
70
88
80
80
60
10
60
ENDCHAR
STARTCHAR uni03DC
ENCODING 988
SWIDTH 667 0
DWIDTH 6 0
BBX 5 7 0 0
BITMAP
F8
80
80
F0
90
80
80
ENDCHAR
STARTCHAR uni03DD
ENCODING 989
SWIDTH 444 0
DWIDTH 4 0
BBX 3 7 0 -1
BITMAP
E0
80
80
E0
A0
80
80
ENDCHAR
STARTCHAR uni03E4
ENCODING 996
SWIDTH 667 0
DWIDTH 6 0
BBX 5 7 0 0
BITMAP
68
88
88
88
78
08
08
ENDCHAR
STARTCHAR uni03E5
ENCODING 997
SWIDTH 556 0
DWIDTH 5 0
BBX 4 7 0 0
BITMAP
50
90
90
90
70
10
10
ENDCHAR
STARTCHAR uni03E8
ENCODING 1000
SWIDTH 667 0
DWIDTH 6 0
BBX 5 7 0 0
BITMAP
60
90
10
60
88
88
70
ENDCHAR
STARTCHAR uni03E9
ENCODING 1001
SWIDTH 667 0
DWIDTH 6 0
BBX 5 7 0 0
BITMAP
60
90
10
60
80
80
78
ENDCHAR
STARTCHAR uni03EC
ENCODING 1004
SWIDTH 667 0
DWIDTH 6 0
BBX 5 7 0 0
BITMAP
78
80
F0
88
88
88
70
ENDCHAR
STARTCHAR uni03ED
ENCODING 1005
SWIDTH 667 0
DWIDTH 6 0
BBX 5 5 0 0
BITMAP
78
80
B0
88
70
ENDCHAR
STARTCHAR uni03F0
ENCODING 1008
SWIDTH 667 0
DWIDTH 6 0
BBX 5 5 0 0
BITMAP
C8
50
70
50
98
ENDCHAR
STARTCHAR uni03F2
ENCODING 1010
SWIDTH 667 0
DWIDTH 6 0
BBX 5 5 0 0
BITMAP
78
80
80
80
78
ENDCHAR
STARTCHAR uni03F3
ENCODING 1011
SWIDTH 556 0
DWIDTH 5 0
BBX 4 8 0 -1
BITMAP
10
00
10
10
10
10
90
60
ENDCHAR
STARTCHAR uni03F5
ENCODING 1013
SWIDTH 556 0
DWIDTH 5 0
BBX 4 5 0 0
BITMAP
70
80
E0
80
70
ENDCHAR
STARTCHAR uni03F6
ENCODING 1014
SWIDTH 556 0
DWIDTH 5 0
BBX 4 5 0 0
BITMAP
E0
10
70
10
E0
ENDCHAR
STARTCHAR uni03F7
ENCODING 1015
SWIDTH 667 0
DWIDTH 6 0
BBX 5 7 0 0
BITMAP
80
F0
88
88
88
F0
80
ENDCHAR
STARTCHAR uni03F8
ENCODING 1016
SWIDTH 667 0
DWIDTH 6 0
BBX 5 8 0 -1
BITMAP
80
80
B0
C8
88
C8
B0
80
ENDCHAR
STARTCHAR uni03F9
ENCODING 1017
SWIDTH 667 0
DWIDTH 6 0
BBX 5 7 0 0
BITMAP
70
88
80
80
80
88
70
ENDCHAR
STARTCHAR uni03FA
ENCODING 1018
SWIDTH 889 0
DWIDTH 8 0
BBX 7 7 0 0
BITMAP
C6
AA
92
82
82
82
82
ENDCHAR
STARTCHAR uni03FB
ENCODING 1019
SWIDTH 667 0
DWIDTH 6 0
BBX 5 6 0 -1
BITMAP
88
D8
D8
A8
A8
80
ENDCHAR
STARTCHAR uni03FD
ENCODING 1021
SWIDTH 667 0
DWIDTH 6 0
BBX 5 7 0 0
BITMAP
70
88
08
08
08
88
70
ENDCHAR
STARTCHAR uni03FE
ENCODING 1022
SWIDTH 667 0
DWIDTH 6 0
BBX 5 7 0 0
BITMAP
70
88
80
A0
80
88
70
ENDCHAR
STARTCHAR uni03FF
ENCODING 1023
SWIDTH 667 0
DWIDTH 6 0
BBX 5 7 0 0
BITMAP
70
88
08
28
08
88
70
ENDCHAR
STARTCHAR uni0400
ENCODING 1024
SWIDTH 667 0
DWIDTH 6 0
BBX 5 9 0 0
BITMAP
40
20
F8
80
80
F8
80
80
F8
ENDCHAR
STARTCHAR uni0401
ENCODING 1025
SWIDTH 667 0
DWIDTH 6 0
BBX 5 9 0 0
BITMAP
50
00
F8
80
80
F8
80
80
F8
ENDCHAR
STARTCHAR uni0402
ENCODING 1026
SWIDTH 667 0
DWIDTH 6 0
BBX 5 7 0 0
BITMAP
F0
40
40
70
48
48
50
ENDCHAR
STARTCHAR uni0403
ENCODING 1027
SWIDTH 667 0
DWIDTH 6 0
BBX 5 9 0 0
BITMAP
10
20
F8
80
80
80
80
80
80
ENDCHAR
STARTCHAR uni0404
ENCODING 1028
SWIDTH 667 0
DWIDTH 6 0
BBX 5 7 0 0
BITMAP
30
48
80
E0
80
48
30
ENDCHAR
STARTCHAR uni0405
ENCODING 1029
SWIDTH 667 0
DWIDTH 6 0
BBX 5 7 0 0
BITMAP
70
88
80
70
08
88
70
ENDCHAR
STARTCHAR uni0406
ENCODING 1030
SWIDTH 444 0
DWIDTH 4 0
BBX 3 7 0 0
BITMAP
E0
40
40
40
40
40
E0
ENDCHAR
STARTCHAR uni0407
ENCODING 1031
SWIDTH 444 0
DWIDTH 4 0
BBX 3 9 0 0
BITMAP
A0
00
E0
40
40
40
40
40
E0
ENDCHAR
STARTCHAR uni0408
ENCODING 1032
SWIDTH 556 0
DWIDTH 5 0
BBX 4 7 0 0
BITMAP
10
10
10
10
90
90
60
ENDCHAR
STARTCHAR uni0409
ENCODING 1033
SWIDTH 889 0
DWIDTH 8 0
BBX 7 7 0 0
BITMAP
78
48
48
4C
4A
4A
8C
ENDCHAR
STARTCHAR uni040A
ENCODING 1034
SWIDTH 778 0
DWIDTH 7 0
BBX 6 7 0 0
BITMAP
90
90
90
F8
94
94
98
ENDCHAR
STARTCHAR uni040B
ENCODING 1035
SWIDTH 667 0
DWIDTH 6 0
BBX 5 7 0 0
BITMAP
F0
40
40
70
48
48
48
ENDCHAR
STARTCHAR uni040C
ENCODING 1036
SWIDTH 667 0
DWIDTH 6 0
BBX 5 9 0 0
BITMAP
10
20
88
90
A0
C0
A0
90
88
ENDCHAR
STARTCHAR uni040D
ENCODING 1037
SWIDTH 667 0
DWIDTH 6 0
BBX 5 8 0 0
BITMAP
40
20
00
88
98
A8
C8
88
ENDCHAR
STARTCHAR uni040E
ENCODING 1038
SWIDTH 667 0
DWIDTH 6 0
BBX 5 9 0 0
BITMAP
50
20
88
88
88
50
30
10
E0
ENDCHAR
STARTCHAR uni040F
ENCODING 1039
SWIDTH 667 0
DWIDTH 6 0
BBX 5 8 0 -1
BITMAP
88
88
88
88
88
88
F8
20
ENDCHAR
STARTCHAR uni0410
ENCODING 1040
SWIDTH 667 0
DWIDTH 6 0
BBX 5 7 0 0
BITMAP
20
50
50
88
F8
88
88
ENDCHAR
STARTCHAR uni0411
ENCODING 1041
SWIDTH 667 0
DWIDTH 6 0
BBX 5 7 0 0
BITMAP
F0
80
80
F0
88
88
F0
ENDCHAR
STARTCHAR uni0412
ENCODING 1042
SWIDTH 667 0
DWIDTH 6 0
BBX 5 7 0 0
BITMAP
F0
88
88
F0
88
88
F0
ENDCHAR
STARTCHAR uni0413
ENCODING 1043
SWIDTH 667 0
DWIDTH 6 0
BBX 5 7 0 0
BITMAP
F8
80
80
80
80
80
80
ENDCHAR
STARTCHAR uni0414
ENCODING 1044
SWIDTH 778 0
DWIDTH 7 0
BBX 6 8 0 -1
BITMAP
30
48
48
48
48
48
FC
84
ENDCHAR
STARTCHAR uni0415
ENCODING 1045
SWIDTH 667 0
DWIDTH 6 0
BBX 5 7 0 0
BITMAP
F8
80
80
F8
80
80
F8
ENDCHAR
STARTCHAR uni0416
ENCODING 1046
SWIDTH 889 0
DWIDTH 8 0
BBX 7 7 0 0
BITMAP
92
92
54
38
54
92
92
ENDCHAR
STARTCHAR uni0417
ENCODING 1047
SWIDTH 667 0
DWIDTH 6 0
BBX 5 7 0 0
BITMAP
70
88
10
20
10
88
70
ENDCHAR
STARTCHAR uni0418
ENCODING 1048
SWIDTH 667 0
DWIDTH 6 0
BBX 5 7 0 0
BITMAP
98
98
A8
A8
A8
C8
C8
ENDCHAR
STARTCHAR uni0419
ENCODING 1049
SWIDTH 667 0
DWIDTH 6 0
BBX 5 9 0 0
BITMAP
50
20
98
98
A8
A8
A8
C8
C8
ENDCHAR
STARTCHAR uni041A
ENCODING 1050
SWIDTH 667 0
DWIDTH 6 0
BBX 5 7 0 0
BITMAP
88
90
A0
C0
A0
90
88
ENDCHAR
STARTCHAR uni041B
ENCODING 1051
SWIDTH 667 0
DWIDTH 6 0
BBX 5 7 0 0
BITMAP
78
48
48
48
48
48
88
ENDCHAR
STARTCHAR uni041C
ENCODING 1052
SWIDTH 667 0
DWIDTH 6 0
BBX 5 7 0 0
BITMAP
88
D8
D8
A8
A8
88
88
ENDCHAR
STARTCHAR uni041D
ENCODING 1053
SWIDTH 667 0
DWIDTH 6 0
BBX 5 7 0 0
BITMAP
88
88
88
F8
88
88
88
ENDCHAR
STARTCHAR uni041E
ENCODING 1054
SWIDTH 667 0
DWIDTH 6 0
BBX 5 7 0 0
BITMAP
70
88
88
88
88
88
70
ENDCHAR
STARTCHAR uni041F
ENCODING 1055
SWIDTH 667 0
DWIDTH 6 0
BBX 5 7 0 0
BITMAP
F8
88
88
88
88
88
88
ENDCHAR
STARTCHAR uni0420
ENCODING 1056
SWIDTH 667 0
DWIDTH 6 0
BBX 5 7 0 0
BITMAP
F0
88
88
F0
80
80
80
ENDCHAR
STARTCHAR uni0421
ENCODING 1057
SWIDTH 667 0
DWIDTH 6 0
BBX 5 7 0 0
BITMAP
70
88
80
80
80
88
70
ENDCHAR
STARTCHAR uni0422
ENCODING 1058
SWIDTH 667 0
DWIDTH 6 0
BBX 5 7 0 0
BITMAP
F8
20
20
20
20
20
20
ENDCHAR
STARTCHAR uni0423
ENCODING 1059
SWIDTH 667 0
DWIDTH 6 0
BBX 5 7 0 0
BITMAP
88
88
88
50
30
10
E0
ENDCHAR
STARTCHAR uni0424
ENCODING 1060
SWIDTH 889 0
DWIDTH 8 0
BBX 7 7 0 0
BITMAP
10
7C
92
92
92
7C
10
ENDCHAR
STARTCHAR uni0425
ENCODING 1061
SWIDTH 667 0
DWIDTH 6 0
BBX 5 7 0 0
BITMAP
88
88
50
20
50
88
88
ENDCHAR
STARTCHAR uni0426
ENCODING 1062
SWIDTH 667 0
DWIDTH 6 0
BBX 5 8 0 -1
BITMAP
88
88
88
88
88
88
F8
08
ENDCHAR
STARTCHAR uni0427
ENCODING 1063
SWIDTH 667 0
DWIDTH 6 0
BBX 5 7 0 0
BITMAP
88
88
88
78
08
08
08
ENDCHAR
STARTCHAR uni0428
ENCODING 1064
SWIDTH 889 0
DWIDTH 8 0
BBX 7 7 0 0
BITMAP
92
92
92
92
92
92
FE
ENDCHAR
STARTCHAR uni0429
ENCODING 1065
SWIDTH 889 0
DWIDTH 8 0
BBX 7 8 0 -1
BITMAP
92
92
92
92
92
92
FE
02
ENDCHAR
STARTCHAR uni042A
ENCODING 1066
SWIDTH 778 0
DWIDTH 7 0
BBX 6 7 0 0
BITMAP
E0
20
20
38
24
24
38
ENDCHAR
STARTCHAR uni042B
ENCODING 1067
SWIDTH 778 0
DWIDTH 7 0
BBX 6 7 0 0
BITMAP
84
84
84
E4
94
94
E4
ENDCHAR
STARTCHAR uni042C
ENCODING 1068
SWIDTH 667 0
DWIDTH 6 0
BBX 5 7 0 0
BITMAP
80
80
80
F0
88
88
F0
ENDCHAR
STARTCHAR uni042D
ENCODING 1069
SWIDTH 667 0
DWIDTH 6 0
BBX 5 7 0 0
BITMAP
60
90
08
38
08
90
60
ENDCHAR
STARTCHAR uni042E
ENCODING 1070
SWIDTH 778 0
DWIDTH 7 0
BBX 6 7 0 0
BITMAP
98
A4
A4
E4
A4
A4
98
ENDCHAR
STARTCHAR uni042F
ENCODING 1071
SWIDTH 667 0
DWIDTH 6 0
BBX 5 7 0 0
BITMAP
78
88
88
78
48
88
88
ENDCHAR
STARTCHAR uni0430
ENCODING 1072
SWIDTH 667 0
DWIDTH 6 0
BBX 5 5 0 0
BITMAP
68
98
88
98
68
ENDCHAR
STARTCHAR uni0431
ENCODING 1073
SWIDTH 667 0
DWIDTH 6 0
BBX 5 7 0 0
BITMAP
70
80
80
B0
C8
88
70
ENDCHAR
STARTCHAR uni0432
ENCODING 1074
SWIDTH 667 0
DWIDTH 6 0
BBX 5 5 0 0
BITMAP
F0
88
F0
88
F0
ENDCHAR
STARTCHAR uni0433
ENCODING 1075
SWIDTH 556 0
DWIDTH 5 0
BBX 4 5 0 0
BITMAP
F0
80
80
80
80
ENDCHAR
STARTCHAR uni0434
ENCODING 1076
SWIDTH 778 0
DWIDTH 7 0
BBX 6 6 0 -1
BITMAP
30
48
48
48
FC
84
ENDCHAR
STARTCHAR uni0435
ENCODING 1077
SWIDTH 667 0
DWIDTH 6 0
BBX 5 5 0 0
BITMAP
70
88
F8
80
78
ENDCHAR
STARTCHAR uni0436
ENCODING 1078
SWIDTH 667 0
DWIDTH 6 0
BBX 5 5 0 0
BITMAP
A8
A8
70
A8
A8
ENDCHAR
STARTCHAR uni0437
ENCODING 1079
SWIDTH 667 0
DWIDTH 6 0
BBX 5 5 0 0
BITMAP
70
88
10
88
70
ENDCHAR
STARTCHAR uni0438
ENCODING 1080
SWIDTH 667 0
DWIDTH 6 0
BBX 5 5 0 0
BITMAP
88
98
A8
C8
88
ENDCHAR
STARTCHAR uni0439
ENCODING 1081
SWIDTH 667 0
DWIDTH 6 0
BBX 5 8 0 0
BITMAP
50
20
00
88
98
A8
C8
88
ENDCHAR
STARTCHAR uni043A
ENCODING 1082
SWIDTH 667 0
DWIDTH 6 0
BBX 5 5 0 0
BITMAP
88
90
E0
90
88
ENDCHAR
STARTCHAR uni043B
ENCODING 1083
SWIDTH 667 0
DWIDTH 6 0
BBX 5 5 0 0
BITMAP
78
48
48
48
88
ENDCHAR
STARTCHAR uni043C
ENCODING 1084
SWIDTH 667 0
DWIDTH 6 0
BBX 5 5 0 0
BITMAP
88
D8
A8
A8
88
ENDCHAR
STARTCHAR uni043D
ENCODING 1085
SWIDTH 667 0
DWIDTH 6 0
BBX 5 5 0 0
BITMAP
88
88
F8
88
88
ENDCHAR
STARTCHAR uni043E
ENCODING 1086
SWIDTH 667 0
DWIDTH 6 0
BBX 5 5 0 0
BITMAP
70
88
88
88
70
ENDCHAR
STARTCHAR uni043F
ENCODING 1087
SWIDTH 667 0
DWIDTH 6 0
BBX 5 5 0 0
BITMAP
F8
88
88
88
88
ENDCHAR
STARTCHAR uni0440
ENCODING 1088
SWIDTH 667 0
DWIDTH 6 0
BBX 5 7 0 -2
BITMAP
70
88
88
88
F0
80
80
ENDCHAR
STARTCHAR uni0441
ENCODING 1089
SWIDTH 667 0
DWIDTH 6 0
BBX 5 5 0 0
BITMAP
78
80
80
80
78
ENDCHAR
STARTCHAR uni0442
ENCODING 1090
SWIDTH 667 0
DWIDTH 6 0
BBX 5 5 0 0
BITMAP
F8
20
20
20
20
ENDCHAR
STARTCHAR uni0443
ENCODING 1091
SWIDTH 667 0
DWIDTH 6 0
BBX 5 6 0 -1
BITMAP
88
88
88
70
10
E0
ENDCHAR
STARTCHAR uni0444
ENCODING 1092
SWIDTH 667 0
DWIDTH 6 0
BBX 5 7 0 -1
BITMAP
20
F8
A8
A8
A8
F8
20
ENDCHAR
STARTCHAR uni0445
ENCODING 1093
SWIDTH 667 0
DWIDTH 6 0
BBX 5 5 0 0
BITMAP
88
50
20
50
88
ENDCHAR
STARTCHAR uni0446
ENCODING 1094
SWIDTH 667 0
DWIDTH 6 0
BBX 5 6 0 -1
BITMAP
88
88
88
88
F8
08
ENDCHAR
STARTCHAR uni0447
ENCODING 1095
SWIDTH 667 0
DWIDTH 6 0
BBX 5 5 0 0
BITMAP
88
88
78
08
08
ENDCHAR
STARTCHAR uni0448
ENCODING 1096
SWIDTH 667 0
DWIDTH 6 0
BBX 5 5 0 0
BITMAP
A8
A8
A8
A8
F8
ENDCHAR
STARTCHAR uni0449
ENCODING 1097
SWIDTH 667 0
DWIDTH 6 0
BBX 5 6 0 -1
BITMAP
A8
A8
A8
A8
F8
08
ENDCHAR
STARTCHAR uni044A
ENCODING 1098
SWIDTH 778 0
DWIDTH 7 0
BBX 6 5 0 0
BITMAP
E0
20
38
24
38
ENDCHAR
STARTCHAR uni044B
ENCODING 1099
SWIDTH 778 0
DWIDTH 7 0
BBX 6 5 0 0
BITMAP
84
84
E4
94
E4
ENDCHAR
STARTCHAR uni044C
ENCODING 1100
SWIDTH 667 0
DWIDTH 6 0
BBX 5 5 0 0
BITMAP
80
80
F0
88
F0
ENDCHAR
STARTCHAR uni044D
ENCODING 1101
SWIDTH 667 0
DWIDTH 6 0
BBX 5 5 0 0
BITMAP
70
88
38
88
70
ENDCHAR
STARTCHAR uni044E
ENCODING 1102
SWIDTH 778 0
DWIDTH 7 0
BBX 6 5 0 0
BITMAP
98
A4
E4
A4
98
ENDCHAR
STARTCHAR uni044F
ENCODING 1103
SWIDTH 667 0
DWIDTH 6 0
BBX 5 5 0 0
BITMAP
78
88
78
88
88
ENDCHAR
STARTCHAR uni0450
ENCODING 1104
SWIDTH 667 0
DWIDTH 6 0
BBX 5 8 0 0
BITMAP
40
20
00
70
88
F8
80
78
ENDCHAR
STARTCHAR uni0451
ENCODING 1105
SWIDTH 667 0
DWIDTH 6 0
BBX 5 7 0 0
BITMAP
50
00
70
88
F8
80
78
ENDCHAR
STARTCHAR uni0452
ENCODING 1106
SWIDTH 667 0
DWIDTH 6 0
BBX 5 9 0 -2
BITMAP
40
E0
40
70
48
48
48
08
10
ENDCHAR
STARTCHAR uni0453
ENCODING 1107
SWIDTH 556 0
DWIDTH 5 0
BBX 4 8 0 0
BITMAP
20
40
00
F0
80
80
80
80
ENDCHAR
STARTCHAR uni0454
ENCODING 1108
SWIDTH 667 0
DWIDTH 6 0
BBX 5 5 0 0
BITMAP
70
88
E0
88
70
ENDCHAR
STARTCHAR uni0455
ENCODING 1109
SWIDTH 667 0
DWIDTH 6 0
BBX 5 5 0 0
BITMAP
78
80
70
08
F0
ENDCHAR
STARTCHAR uni0456
ENCODING 1110
SWIDTH 222 0
DWIDTH 2 0
BBX 1 7 0 0
BITMAP
80
00
80
80
80
80
80
ENDCHAR
STARTCHAR uni0457
ENCODING 1111
SWIDTH 222 0
DWIDTH 2 0
BBX 3 7 -1 0
BITMAP
A0
00
40
40
40
40
40
ENDCHAR
STARTCHAR uni0458
ENCODING 1112
SWIDTH 556 0
DWIDTH 5 0
BBX 4 8 0 -1
BITMAP
10
00
10
10
10
10
90
60
ENDCHAR
STARTCHAR uni0459
ENCODING 1113
SWIDTH 778 0
DWIDTH 7 0
BBX 6 5 0 0
BITMAP
70
50
58
54
98
ENDCHAR
STARTCHAR uni045A
ENCODING 1114
SWIDTH 667 0
DWIDTH 6 0
BBX 5 5 0 0
BITMAP
A0
A0
F0
A8
B0
ENDCHAR
STARTCHAR uni045B
ENCODING 1115
SWIDTH 667 0
DWIDTH 6 0
BBX 5 7 0 0
BITMAP
40
E0
40
70
48
48
48
ENDCHAR
STARTCHAR uni045C
ENCODING 1116
SWIDTH 667 0
DWIDTH 6 0
BBX 5 8 0 0
BITMAP
10
20
00
88
90
E0
90
88
ENDCHAR
STARTCHAR uni045D
ENCODING 1117
SWIDTH 667 0
DWIDTH 6 0
BBX 5 9 0 0
BITMAP
40
20
98
98
A8
A8
A8
C8
C8
ENDCHAR
STARTCHAR uni045E
ENCODING 1118
SWIDTH 667 0
DWIDTH 6 0
BBX 5 9 0 -1
BITMAP
50
20
00
88
88
88
70
10
E0
ENDCHAR
STARTCHAR uni045F
ENCODING 1119
SWIDTH 667 0
DWIDTH 6 0
BBX 5 6 0 -1
BITMAP
88
88
88
88
F8
20
ENDCHAR
STARTCHAR uni048A
ENCODING 1162
SWIDTH 667 0
DWIDTH 6 0
BBX 5 10 0 -1
BITMAP
50
20
98
98
A8
A8
A8
C8
C8
08
ENDCHAR
STARTCHAR uni048B
ENCODING 1163
SWIDTH 667 0
DWIDTH 6 0
BBX 5 9 0 -1
BITMAP
50
20
00
88
98
A8
C8
88
08
ENDCHAR
STARTCHAR uni048C
ENCODING 1164
SWIDTH 667 0
DWIDTH 6 0
BBX 5 7 0 0
BITMAP
80
C0
80
F0
88
88
F0
ENDCHAR
STARTCHAR uni048D
ENCODING 1165
SWIDTH 667 0
DWIDTH 6 0
BBX 5 5 0 0
BITMAP
C0
80
F0
88
F0
ENDCHAR
STARTCHAR uni0490
ENCODING 1168
SWIDTH 667 0
DWIDTH 6 0
BBX 5 8 0 0
BITMAP
08
F8
80
80
80
80
80
80
ENDCHAR
STARTCHAR uni0491
ENCODING 1169
SWIDTH 556 0
DWIDTH 5 0
BBX 4 6 0 0
BITMAP
10
F0
80
80
80
80
ENDCHAR
STARTCHAR uni0492
ENCODING 1170
SWIDTH 667 0
DWIDTH 6 0
BBX 5 7 0 0
BITMAP
78
40
40
F0
40
40
40
ENDCHAR
STARTCHAR uni0493
ENCODING 1171
SWIDTH 556 0
DWIDTH 5 0
BBX 4 5 0 0
BITMAP
70
40
E0
40
40
ENDCHAR
STARTCHAR uni0496
ENCODING 1174
SWIDTH 889 0
DWIDTH 8 0
BBX 7 8 0 -1
BITMAP
92
92
54
38
54
92
92
02
ENDCHAR
STARTCHAR uni0497
ENCODING 1175
SWIDTH 667 0
DWIDTH 6 0
BBX 5 6 0 -1
BITMAP
A8
A8
70
A8
A8
08
ENDCHAR
STARTCHAR uni0498
ENCODING 1176
SWIDTH 667 0
DWIDTH 6 0
BBX 5 9 0 -2
BITMAP
70
88
10
20
10
88
70
20
60
ENDCHAR
STARTCHAR uni0499
ENCODING 1177
SWIDTH 667 0
DWIDTH 6 0
BBX 5 7 0 -2
BITMAP
70
88
10
88
70
20
60
ENDCHAR
STARTCHAR uni049A
ENCODING 1178
SWIDTH 667 0
DWIDTH 6 0
BBX 5 8 0 -1
BITMAP
88
90
A0
C0
A0
90
88
08
ENDCHAR
STARTCHAR uni049B
ENCODING 1179
SWIDTH 667 0
DWIDTH 6 0
BBX 5 6 0 -1
BITMAP
88
90
E0
90
88
08
ENDCHAR
STARTCHAR uni049E
ENCODING 1182
SWIDTH 778 0
DWIDTH 7 0
BBX 6 7 0 0
BITMAP
44
E8
50
60
50
48
44
ENDCHAR
STARTCHAR uni049F
ENCODING 1183
SWIDTH 667 0
DWIDTH 6 0
BBX 5 7 0 0
BITMAP
40
E0
48
50
60
50
48
ENDCHAR
STARTCHAR uni04A0
ENCODING 1184
SWIDTH 778 0
DWIDTH 7 0
BBX 6 7 0 0
BITMAP
C4
48
50
60
50
48
44
ENDCHAR
STARTCHAR uni04A1
ENCODING 1185
SWIDTH 667 0
DWIDTH 6 0
BBX 5 5 0 0
BITMAP
C8
50
60
50
48
ENDCHAR
STARTCHAR uni04A2
ENCODING 1186
SWIDTH 667 0
DWIDTH 6 0
BBX 5 8 0 -1
BITMAP
88
88
88
F8
88
88
88
08
ENDCHAR
STARTCHAR uni04A3
ENCODING 1187
SWIDTH 667 0
DWIDTH 6 0
BBX 5 6 0 -1
BITMAP
88
88
F8
88
88
08
ENDCHAR
STARTCHAR uni04A4
ENCODING 1188
SWIDTH 778 0
DWIDTH 7 0
BBX 6 7 0 0
BITMAP
8C
88
88
F8
88
88
88
ENDCHAR
STARTCHAR uni04A5
ENCODING 1189
SWIDTH 667 0
DWIDTH 6 0
BBX 5 5 0 0
BITMAP
98
90
F0
90
90
ENDCHAR
STARTCHAR uni04AA
ENCODING 1194
SWIDTH 667 0
DWIDTH 6 0
BBX 5 9 0 -2
BITMAP
70
88
80
80
80
88
70
20
60
ENDCHAR
STARTCHAR uni04AB
ENCODING 1195
SWIDTH 667 0
DWIDTH 6 0
BBX 5 7 0 -2
BITMAP
78
80
80
80
78
20
60
ENDCHAR
STARTCHAR uni04AC
ENCODING 1196
SWIDTH 667 0
DWIDTH 6 0
BBX 5 8 0 -1
BITMAP
F8
20
20
20
20
20
30
10
ENDCHAR
STARTCHAR uni04AD
ENCODING 1197
SWIDTH 667 0
DWIDTH 6 0
BBX 5 6 0 -1
BITMAP
F8
20
20
20
30
10
ENDCHAR
STARTCHAR uni04AE
ENCODING 1198
SWIDTH 667 0
DWIDTH 6 0
BBX 5 7 0 0
BITMAP
88
88
88
70
20
20
20
ENDCHAR
STARTCHAR uni04AF
ENCODING 1199
SWIDTH 667 0
DWIDTH 6 0
BBX 5 6 0 -1
BITMAP
88
88
88
70
20
20
ENDCHAR
STARTCHAR uni04B0
ENCODING 1200
SWIDTH 667 0
DWIDTH 6 0
BBX 5 7 0 0
BITMAP
88
88
88
70
20
70
20
ENDCHAR
STARTCHAR uni04B1
ENCODING 1201
SWIDTH 667 0
DWIDTH 6 0
BBX 5 6 0 -1
BITMAP
88
88
70
20
70
20
ENDCHAR
STARTCHAR uni04B2
ENCODING 1202
SWIDTH 667 0
DWIDTH 6 0
BBX 5 8 0 -1
BITMAP
88
88
50
20
50
88
88
08
ENDCHAR
STARTCHAR uni04B3
ENCODING 1203
SWIDTH 667 0
DWIDTH 6 0
BBX 5 6 0 -1
BITMAP
88
50
20
50
88
08
ENDCHAR
STARTCHAR uni04B4
ENCODING 1204
SWIDTH 778 0
DWIDTH 7 0
BBX 6 8 0 -1
BITMAP
E4
44
44
44
44
44
7C
04
ENDCHAR
STARTCHAR uni04B5
ENCODING 1205
SWIDTH 667 0
DWIDTH 6 0
BBX 5 6 0 -1
BITMAP
E8
48
48
48
78
08
ENDCHAR
STARTCHAR uni04B6
ENCODING 1206
SWIDTH 778 0
DWIDTH 7 0
BBX 6 8 0 -1
BITMAP
88
88
88
78
08
08
0C
04
ENDCHAR
STARTCHAR uni04B7
ENCODING 1207
SWIDTH 778 0
DWIDTH 7 0
BBX 6 6 0 -1
BITMAP
88
88
78
08
0C
04
ENDCHAR
STARTCHAR uni04BA
ENCODING 1210
SWIDTH 667 0
DWIDTH 6 0
BBX 5 7 0 0
BITMAP
80
80
F0
88
88
88
88
ENDCHAR
STARTCHAR uni04BB
ENCODING 1211
SWIDTH 667 0
DWIDTH 6 0
BBX 5 7 0 0
BITMAP
80
80
B0
C8
88
88
88
ENDCHAR
STARTCHAR uni04C1
ENCODING 1217
SWIDTH 889 0
DWIDTH 8 0
BBX 7 9 0 0
BITMAP
28
38
92
92
54
38
54
92
92
ENDCHAR
STARTCHAR uni04C2
ENCODING 1218
SWIDTH 667 0
DWIDTH 6 0
BBX 5 8 0 0
BITMAP
50
70
00
A8
A8
70
A8
A8
ENDCHAR
STARTCHAR uni04D0
ENCODING 1232
SWIDTH 667 0
DWIDTH 6 0
BBX 5 9 0 0
BITMAP
50
70
20
50
50
88
F8
88
88
ENDCHAR
STARTCHAR uni04D1
ENCODING 1233
SWIDTH 667 0
DWIDTH 6 0
BBX 5 8 0 0
BITMAP
50
70
00
68
98
88
98
68
ENDCHAR
STARTCHAR uni04D4
ENCODING 1236
SWIDTH 778 0
DWIDTH 7 0
BBX 6 7 0 0
BITMAP
6C
90
90
FC
90
90
9C
ENDCHAR
STARTCHAR uni04D5
ENCODING 1237
SWIDTH 889 0
DWIDTH 8 0
BBX 7 5 0 0
BITMAP
7C
92
9C
90
7E
ENDCHAR
STARTCHAR uni04D6
ENCODING 1238
SWIDTH 667 0
DWIDTH 6 0
BBX 5 9 0 0
BITMAP
50
70
F8
80
80
F0
80
80
F8
ENDCHAR
STARTCHAR uni04D7
ENCODING 1239
SWIDTH 667 0
DWIDTH 6 0
BBX 5 8 0 0
BITMAP
50
70
00
70
88
F8
80
78
ENDCHAR
STARTCHAR uni04D8
ENCODING 1240
SWIDTH 667 0
DWIDTH 6 0
BBX 5 7 0 0
BITMAP
70
88
08
F8
88
88
70
ENDCHAR
STARTCHAR uni04D9
ENCODING 1241
SWIDTH 667 0
DWIDTH 6 0
BBX 5 5 0 0
BITMAP
F0
08
F8
88
70
ENDCHAR
STARTCHAR uni04DC
ENCODING 1244
SWIDTH 889 0
DWIDTH 8 0
BBX 7 9 0 0
BITMAP
28
00
92
92
54
38
54
92
92
ENDCHAR
STARTCHAR uni04DD
ENCODING 1245
SWIDTH 667 0
DWIDTH 6 0
BBX 5 7 0 0
BITMAP
50
00
A8
A8
70
A8
A8
ENDCHAR
STARTCHAR uni04DE
ENCODING 1246
SWIDTH 667 0
DWIDTH 6 0
BBX 5 9 0 0
BITMAP
50
00
70
88
10
20
10
88
70
ENDCHAR
STARTCHAR uni04DF
ENCODING 1247
SWIDTH 667 0
DWIDTH 6 0
BBX 5 7 0 0
BITMAP
50
00
70
88
10
88
70
ENDCHAR
STARTCHAR uni04E2
ENCODING 1250
SWIDTH 667 0
DWIDTH 6 0
BBX 5 9 0 0
BITMAP
70
00
98
98
A8
A8
A8
C8
C8
ENDCHAR
STARTCHAR uni04E3
ENCODING 1251
SWIDTH 667 0
DWIDTH 6 0
BBX 5 7 0 0
BITMAP
70
00
88
98
A8
C8
88
ENDCHAR
STARTCHAR uni04E4
ENCODING 1252
SWIDTH 667 0
DWIDTH 6 0
BBX 5 9 0 0
BITMAP
50
00
98
98
A8
A8
A8
C8
C8
ENDCHAR
STARTCHAR uni04E5
ENCODING 1253
SWIDTH 667 0
DWIDTH 6 0
BBX 5 7 0 0
BITMAP
50
00
88
98
A8
C8
88
ENDCHAR
STARTCHAR uni04E8
ENCODING 1256
SWIDTH 667 0
DWIDTH 6 0
BBX 5 7 0 0
BITMAP
70
88
88
F8
88
88
70
ENDCHAR
STARTCHAR uni04E9
ENCODING 1257
SWIDTH 667 0
DWIDTH 6 0
BBX 5 5 0 0
BITMAP
70
88
F8
88
70
ENDCHAR
STARTCHAR uni04EA
ENCODING 1258
SWIDTH 667 0
DWIDTH 6 0
BBX 5 9 0 0
BITMAP
50
00
70
88
88
F8
88
88
70
ENDCHAR
STARTCHAR uni04EB
ENCODING 1259
SWIDTH 667 0
DWIDTH 6 0
BBX 5 7 0 0
BITMAP
50
00
70
88
F8
88
70
ENDCHAR
STARTCHAR uni04EC
ENCODING 1260
SWIDTH 667 0
DWIDTH 6 0
BBX 5 9 0 0
BITMAP
50
00
60
90
08
38
08
90
60
ENDCHAR
STARTCHAR uni04ED
ENCODING 1261
SWIDTH 667 0
DWIDTH 6 0
BBX 5 7 0 0
BITMAP
50
00
70
88
38
88
70
ENDCHAR
STARTCHAR uni04F0
ENCODING 1264
SWIDTH 667 0
DWIDTH 6 0
BBX 5 9 0 0
BITMAP
50
00
88
88
88
50
30
10
E0
ENDCHAR
STARTCHAR uni04F1
ENCODING 1265
SWIDTH 667 0
DWIDTH 6 0
BBX 5 8 0 -1
BITMAP
50
00
88
88
88
70
10
E0
ENDCHAR
STARTCHAR uni04F2
ENCODING 1266
SWIDTH 667 0
DWIDTH 6 0
BBX 5 9 0 0
BITMAP
50
50
88
88
88
50
30
10
E0
ENDCHAR
STARTCHAR uni04F3
ENCODING 1267
SWIDTH 667 0
DWIDTH 6 0
BBX 5 8 0 -1
BITMAP
50
50
88
88
88
70
10
E0
ENDCHAR
STARTCHAR uni04F4
ENCODING 1268
SWIDTH 667 0
DWIDTH 6 0
BBX 5 9 0 0
BITMAP
50
00
88
88
88
78
08
08
08
ENDCHAR
STARTCHAR uni04F5
ENCODING 1269
SWIDTH 667 0
DWIDTH 6 0
BBX 5 7 0 0
BITMAP
50
00
88
88
78
08
08
ENDCHAR
STARTCHAR uni04F6
ENCODING 1270
SWIDTH 667 0
DWIDTH 6 0
BBX 5 8 0 -1
BITMAP
F8
80
80
80
80
80
C0
40
ENDCHAR
STARTCHAR uni04F7
ENCODING 1271
SWIDTH 556 0
DWIDTH 5 0
BBX 4 6 0 -1
BITMAP
F0
80
80
80
C0
40
ENDCHAR
STARTCHAR uni04F8
ENCODING 1272
SWIDTH 778 0
DWIDTH 7 0
BBX 6 9 0 0
BITMAP
50
00
84
84
84
E4
94
94
E4
ENDCHAR
STARTCHAR uni04F9
ENCODING 1273
SWIDTH 778 0
DWIDTH 7 0
BBX 6 7 0 0
BITMAP
50
00
84
84
E4
94
E4
ENDCHAR
STARTCHAR uni0510
ENCODING 1296
SWIDTH 667 0
DWIDTH 6 0
BBX 5 7 0 0
BITMAP
70
88
40
20
40
88
70
ENDCHAR
STARTCHAR uni0511
ENCODING 1297
SWIDTH 667 0
DWIDTH 6 0
BBX 5 5 0 0
BITMAP
70
88
40
88
70
ENDCHAR
STARTCHAR uni0512
ENCODING 1298
SWIDTH 667 0
DWIDTH 6 0
BBX 5 8 0 -1
BITMAP
78
48
48
48
48
48
88
10
ENDCHAR
STARTCHAR uni0513
ENCODING 1299
SWIDTH 667 0
DWIDTH 6 0
BBX 5 6 0 -1
BITMAP
78
48
48
48
88
10
ENDCHAR
STARTCHAR uni058F
ENCODING 1423
SWIDTH 667 0
DWIDTH 6 0
BBX 5 7 0 0
BITMAP
60
90
90
38
10
38
10
ENDCHAR
STARTCHAR uni09F3
ENCODING 2547
SWIDTH 667 0
DWIDTH 6 0
BBX 5 7 0 0
BITMAP
C0
40
F0
40
58
48
30
ENDCHAR
STARTCHAR uni17DB
ENCODING 6107
SWIDTH 667 0
DWIDTH 6 0
BBX 5 7 0 0
BITMAP
30
48
20
70
20
A0
60
ENDCHAR
STARTCHAR uni1E02
ENCODING 7682
SWIDTH 667 0
DWIDTH 6 0
BBX 5 9 0 0
BITMAP
20
00
F0
88
88
F0
88
88
F0
ENDCHAR
STARTCHAR uni1E03
ENCODING 7683
SWIDTH 667 0
DWIDTH 6 0
BBX 5 7 0 0
BITMAP
A0
80
B0
C8
88
C8
B0
ENDCHAR
STARTCHAR uni1E04
ENCODING 7684
SWIDTH 667 0
DWIDTH 6 0
BBX 5 9 0 -2
BITMAP
F0
88
88
F0
88
88
F0
00
20
ENDCHAR
STARTCHAR uni1E05
ENCODING 7685
SWIDTH 667 0
DWIDTH 6 0
BBX 5 9 0 -2
BITMAP
80
80
B0
C8
88
C8
B0
00
20
ENDCHAR
STARTCHAR uni1E0A
ENCODING 7690
SWIDTH 667 0
DWIDTH 6 0
BBX 5 9 0 0
BITMAP
40
00
E0
90
88
88
88
90
E0
ENDCHAR
STARTCHAR uni1E0B
ENCODING 7691
SWIDTH 667 0
DWIDTH 6 0
BBX 5 7 0 0
BITMAP
28
08
68
98
88
98
68
ENDCHAR
STARTCHAR uni1E0C
ENCODING 7692
SWIDTH 667 0
DWIDTH 6 0
BBX 5 9 0 -2
BITMAP
E0
90
88
88
88
90
E0
00
20
ENDCHAR
STARTCHAR uni1E0D
ENCODING 7693
SWIDTH 667 0
DWIDTH 6 0
BBX 5 9 0 -2
BITMAP
08
08
68
98
88
98
68
00
20
ENDCHAR
STARTCHAR uni1E10
ENCODING 7696
SWIDTH 667 0
DWIDTH 6 0
BBX 5 9 0 -2
BITMAP
E0
90
88
88
88
90
E0
20
40
ENDCHAR
STARTCHAR uni1E11
ENCODING 7697
SWIDTH 667 0
DWIDTH 6 0
BBX 5 9 0 -2
BITMAP
08
08
68
98
88
98
68
20
40
ENDCHAR
STARTCHAR uni1E1E
ENCODING 7710
SWIDTH 667 0
DWIDTH 6 0
BBX 5 9 0 0
BITMAP
20
00
F8
80
80
F0
80
80
80
ENDCHAR
STARTCHAR uni1E1F
ENCODING 7711
SWIDTH 444 0
DWIDTH 4 0
BBX 3 9 0 0
BITMAP
40
00
60
40
E0
40
40
40
40
ENDCHAR
STARTCHAR uni1E22
ENCODING 7714
SWIDTH 667 0
DWIDTH 6 0
BBX 5 9 0 0
BITMAP
20
00
88
88
88
F8
88
88
88
ENDCHAR
STARTCHAR uni1E23
ENCODING 7715
SWIDTH 667 0
DWIDTH 6 0
BBX 5 9 0 0
BITMAP
20
00
80
80
B0
C8
88
88
88
ENDCHAR
STARTCHAR uni1E24
ENCODING 7716
SWIDTH 667 0
DWIDTH 6 0
BBX 5 9 0 -2
BITMAP
88
88
88
F8
88
88
88
00
20
ENDCHAR
STARTCHAR uni1E25
ENCODING 7717
SWIDTH 667 0
DWIDTH 6 0
BBX 5 9 0 -2
BITMAP
80
80
B0
C8
88
88
88
00
20
ENDCHAR
STARTCHAR uni1E36
ENCODING 7734
SWIDTH 667 0
DWIDTH 6 0
BBX 5 9 0 -2
BITMAP
80
80
80
80
80
80
F8
00
20
ENDCHAR
STARTCHAR uni1E37
ENCODING 7735
SWIDTH 222 0
DWIDTH 2 0
BBX 1 9 0 -2
BITMAP
80
80
80
80
80
80
80
00
80
ENDCHAR
STARTCHAR uni1E3A
ENCODING 7738
SWIDTH 667 0
DWIDTH 6 0
BBX 5 9 0 -2
BITMAP
80
80
80
80
80
80
F8
00
70
ENDCHAR
STARTCHAR uni1E3B
ENCODING 7739
SWIDTH 222 0
DWIDTH 2 0
BBX 3 9 -1 -2
BITMAP
40
40
40
40
40
40
40
00
E0
ENDCHAR
STARTCHAR uni1E3E
ENCODING 7742
SWIDTH 889 0
DWIDTH 8 0
BBX 7 9 0 0
BITMAP
08
10
82
C6
AA
92
82
82
82
ENDCHAR
STARTCHAR uni1E3F
ENCODING 7743
SWIDTH 889 0
DWIDTH 8 0
BBX 7 8 0 0
BITMAP
08
10
00
EC
92
92
92
92
ENDCHAR
STARTCHAR uni1E40
ENCODING 7744
SWIDTH 889 0
DWIDTH 8 0
BBX 7 9 0 0
BITMAP
10
00
82
C6
AA
92
82
82
82
ENDCHAR
STARTCHAR uni1E41
ENCODING 7745
SWIDTH 889 0
DWIDTH 8 0
BBX 7 7 0 0
BITMAP
10
00
EC
92
92
92
92
ENDCHAR
STARTCHAR uni1E44
ENCODING 7748
SWIDTH 778 0
DWIDTH 7 0
BBX 6 9 0 0
BITMAP
20
00
C4
A4
A4
94
94
8C
84
ENDCHAR
STARTCHAR uni1E45
ENCODING 7749
SWIDTH 667 0
DWIDTH 6 0
BBX 5 7 0 0
BITMAP
20
00
B0
C8
88
88
88
ENDCHAR
STARTCHAR uni1E46
ENCODING 7750
SWIDTH 778 0
DWIDTH 7 0
BBX 6 9 0 -2
BITMAP
C4
A4
A4
94
94
8C
84
00
20
ENDCHAR
STARTCHAR uni1E47
ENCODING 7751
SWIDTH 667 0
DWIDTH 6 0
BBX 5 7 0 -2
BITMAP
B0
C8
88
88
88
00
20
ENDCHAR
STARTCHAR uni1E48
ENCODING 7752
SWIDTH 778 0
DWIDTH 7 0
BBX 6 9 0 -2
BITMAP
C4
A4
A4
94
94
8C
84
00
70
ENDCHAR
STARTCHAR uni1E49
ENCODING 7753
SWIDTH 667 0
DWIDTH 6 0
BBX 5 7 0 -2
BITMAP
B0
C8
88
88
88
00
70
ENDCHAR
STARTCHAR uni1E56
ENCODING 7766
SWIDTH 667 0
DWIDTH 6 0
BBX 5 9 0 0
BITMAP
20
00
F0
88
88
F0
80
80
80
ENDCHAR
STARTCHAR uni1E57
ENCODING 7767
SWIDTH 667 0
DWIDTH 6 0
BBX 5 9 0 -2
BITMAP
20
00
B0
C8
88
C8
B0
80
80
ENDCHAR
STARTCHAR uni1E5A
ENCODING 7770
SWIDTH 667 0
DWIDTH 6 0
BBX 5 9 0 -2
BITMAP
F0
88
88
F0
A0
90
88
00
20
ENDCHAR
STARTCHAR uni1E5B
ENCODING 7771
SWIDTH 556 0
DWIDTH 5 0
BBX 4 7 0 -2
BITMAP
90
A0
C0
80
80
00
40
ENDCHAR
STARTCHAR uni1E60
ENCODING 7776
SWIDTH 667 0
DWIDTH 6 0
BBX 5 9 0 0
BITMAP
20
00
70
88
80
70
08
88
70
ENDCHAR
STARTCHAR uni1E61
ENCODING 7777
SWIDTH 667 0
DWIDTH 6 0
BBX 5 7 0 0
BITMAP
20
00
78
80
70
08
F0
ENDCHAR
STARTCHAR uni1E62
ENCODING 7778
SWIDTH 667 0
DWIDTH 6 0
BBX 5 9 0 -2
BITMAP
70
88
80
70
08
88
70
00
20
ENDCHAR
STARTCHAR uni1E63
ENCODING 7779
SWIDTH 667 0
DWIDTH 6 0
BBX 5 7 0 -2
BITMAP
78
80
70
08
F0
00
20
ENDCHAR
STARTCHAR uni1E68
ENCODING 7784
SWIDTH 667 0
DWIDTH 6 0
BBX 5 11 0 -2
BITMAP
20
00
70
88
80
70
08
88
70
00
20
ENDCHAR
STARTCHAR uni1E69
ENCODING 7785
SWIDTH 667 0
DWIDTH 6 0
BBX 5 9 0 -2
BITMAP
20
00
78
80
70
08
F0
00
20
ENDCHAR
STARTCHAR uni1E6A
ENCODING 7786
SWIDTH 667 0
DWIDTH 6 0
BBX 5 9 0 0
BITMAP
20
00
F8
20
20
20
20
20
20
ENDCHAR
STARTCHAR uni1E6B
ENCODING 7787
SWIDTH 444 0
DWIDTH 4 0
BBX 3 9 0 0
BITMAP
40
00
40
40
E0
40
40
40
60
ENDCHAR
STARTCHAR uni1E6C
ENCODING 7788
SWIDTH 667 0
DWIDTH 6 0
BBX 5 9 0 -2
BITMAP
F8
20
20
20
20
20
20
00
20
ENDCHAR
STARTCHAR uni1E6D
ENCODING 7789
SWIDTH 444 0
DWIDTH 4 0
BBX 3 9 0 -2
BITMAP
40
40
E0
40
40
40
60
00
40
ENDCHAR
STARTCHAR uni1E7C
ENCODING 7804
SWIDTH 667 0
DWIDTH 6 0
BBX 5 9 0 0
BITMAP
28
50
88
88
88
50
50
20
20
ENDCHAR
STARTCHAR uni1E7D
ENCODING 7805
SWIDTH 667 0
DWIDTH 6 0
BBX 5 8 0 0
BITMAP
28
50
00
88
88
88
50
20
ENDCHAR
STARTCHAR uni1E80
ENCODING 7808
SWIDTH 889 0
DWIDTH 8 0
BBX 7 9 0 0
BITMAP
20
10
82
92
92
AA
AA
44
44
ENDCHAR
STARTCHAR uni1E81
ENCODING 7809
SWIDTH 889 0
DWIDTH 8 0
BBX 7 8 0 0
BITMAP
20
10
00
82
92
92
AA
44
ENDCHAR
STARTCHAR uni1E82
ENCODING 7810
SWIDTH 889 0
DWIDTH 8 0
BBX 7 9 0 0
BITMAP
08
10
82
92
92
AA
AA
44
44
ENDCHAR
STARTCHAR uni1E83
ENCODING 7811
SWIDTH 889 0
DWIDTH 8 0
BBX 7 8 0 0
BITMAP
08
10
00
82
92
92
AA
44
ENDCHAR
STARTCHAR uni1E84
ENCODING 7812
SWIDTH 889 0
DWIDTH 8 0
BBX 7 9 0 0
BITMAP
28
00
82
92
92
AA
AA
44
44
ENDCHAR
STARTCHAR uni1E85
ENCODING 7813
SWIDTH 889 0
DWIDTH 8 0
BBX 7 7 0 0
BITMAP
28
00
82
92
92
AA
44
ENDCHAR
STARTCHAR uni1E86
ENCODING 7814
SWIDTH 889 0
DWIDTH 8 0
BBX 7 9 0 0
BITMAP
10
00
82
92
92
AA
AA
44
44
ENDCHAR
STARTCHAR uni1E87
ENCODING 7815
SWIDTH 889 0
DWIDTH 8 0
BBX 7 7 0 0
BITMAP
10
00
82
92
92
AA
44
ENDCHAR
STARTCHAR uni1E88
ENCODING 7816
SWIDTH 889 0
DWIDTH 8 0
BBX 7 9 0 -2
BITMAP
82
92
92
AA
AA
44
44
00
10
ENDCHAR
STARTCHAR uni1E89
ENCODING 7817
SWIDTH 889 0
DWIDTH 8 0
BBX 7 7 0 -2
BITMAP
82
92
92
AA
44
00
10
ENDCHAR
STARTCHAR uni1E92
ENCODING 7826
SWIDTH 667 0
DWIDTH 6 0
BBX 5 9 0 -2
BITMAP
F8
08
10
20
40
80
F8
00
20
ENDCHAR
STARTCHAR uni1E93
ENCODING 7827
SWIDTH 667 0
DWIDTH 6 0
BBX 5 7 0 -2
BITMAP
F8
08
70
80
F8
00
20
ENDCHAR
STARTCHAR uni1E9B
ENCODING 7835
SWIDTH 444 0
DWIDTH 4 0
BBX 3 10 0 -1
BITMAP
20
00
20
40
40
40
40
40
40
80
ENDCHAR
STARTCHAR uni1E9C
ENCODING 7836
SWIDTH 444 0
DWIDTH 4 0
BBX 3 8 0 -1
BITMAP
20
40
40
40
E0
40
40
80
ENDCHAR
STARTCHAR uni1E9D
ENCODING 7837
SWIDTH 444 0
DWIDTH 4 0
BBX 3 8 0 -1
BITMAP
20
40
E0
40
40
40
40
80
ENDCHAR
STARTCHAR uni1E9E
ENCODING 7838
SWIDTH 667 0
DWIDTH 6 0
BBX 5 7 0 0
BITMAP
70
88
90
A0
90
88
B0
ENDCHAR
STARTCHAR uni1EA0
ENCODING 7840
SWIDTH 667 0
DWIDTH 6 0
BBX 5 9 0 -2
BITMAP
20
50
50
88
F8
88
88
00
20
ENDCHAR
STARTCHAR uni1EA1
ENCODING 7841
SWIDTH 667 0
DWIDTH 6 0
BBX 5 7 0 -2
BITMAP
68
98
88
98
68
00
20
ENDCHAR
STARTCHAR uni1EA2
ENCODING 7842
SWIDTH 667 0
DWIDTH 6 0
BBX 5 9 0 0
BITMAP
60
20
20
50
50
88
F8
88
88
ENDCHAR
STARTCHAR uni1EA3
ENCODING 7843
SWIDTH 667 0
DWIDTH 6 0
BBX 5 8 0 0
BITMAP
60
20
00
68
98
88
98
68
ENDCHAR
STARTCHAR uni1EAC
ENCODING 7852
SWIDTH 667 0
DWIDTH 6 0
BBX 5 11 0 -2
BITMAP
20
50
20
50
50
88
F8
88
88
00
20
ENDCHAR
STARTCHAR uni1EAD
ENCODING 7853
SWIDTH 667 0
DWIDTH 6 0
BBX 5 10 0 -2
BITMAP
20
50
00
68
98
88
98
68
00
20
ENDCHAR
STARTCHAR uni1EB6
ENCODING 7862
SWIDTH 667 0
DWIDTH 6 0
BBX 5 11 0 -2
BITMAP
50
70
20
50
50
88
F8
88
88
00
20
ENDCHAR
STARTCHAR uni1EB7
ENCODING 7863
SWIDTH 667 0
DWIDTH 6 0
BBX 5 10 0 -2
BITMAP
50
70
00
68
98
88
98
68
00
20
ENDCHAR
STARTCHAR uni1EB8
ENCODING 7864
SWIDTH 667 0
DWIDTH 6 0
BBX 5 9 0 -2
BITMAP
F8
80
80
F0
80
80
F8
00
20
ENDCHAR
STARTCHAR uni1EB9
ENCODING 7865
SWIDTH 667 0
DWIDTH 6 0
BBX 5 7 0 -2
BITMAP
70
88
F8
80
78
00
20
ENDCHAR
STARTCHAR uni1EBA
ENCODING 7866
SWIDTH 667 0
DWIDTH 6 0
BBX 5 9 0 0
BITMAP
60
20
F8
80
80
F0
80
80
F8
ENDCHAR
STARTCHAR uni1EBB
ENCODING 7867
SWIDTH 667 0
DWIDTH 6 0
BBX 5 8 0 0
BITMAP
60
20
00
70
88
F8
80
78
ENDCHAR
STARTCHAR uni1EBC
ENCODING 7868
SWIDTH 667 0
DWIDTH 6 0
BBX 5 9 0 0
BITMAP
28
50
F8
80
80
F0
80
80
F8
ENDCHAR
STARTCHAR uni1EBD
ENCODING 7869
SWIDTH 667 0
DWIDTH 6 0
BBX 5 8 0 0
BITMAP
28
50
00
70
88
F8
80
78
ENDCHAR
STARTCHAR uni1EC6
ENCODING 7878
SWIDTH 667 0
DWIDTH 6 0
BBX 5 11 0 -2
BITMAP
20
50
F8
80
80
F0
80
80
F8
00
20
ENDCHAR
STARTCHAR uni1EC7
ENCODING 7879
SWIDTH 667 0
DWIDTH 6 0
BBX 5 10 0 -2
BITMAP
20
50
00
70
88
F8
80
78
00
20
ENDCHAR
STARTCHAR uni1EC8
ENCODING 7880
SWIDTH 444 0
DWIDTH 4 0
BBX 3 9 0 0
BITMAP
C0
40
E0
40
40
40
40
40
E0
ENDCHAR
STARTCHAR uni1EC9
ENCODING 7881
SWIDTH 222 0
DWIDTH 2 0
BBX 2 8 -1 0
BITMAP
C0
40
00
40
40
40
40
40
ENDCHAR
STARTCHAR uni1ECA
ENCODING 7882
SWIDTH 444 0
DWIDTH 4 0
BBX 3 9 0 -2
BITMAP
E0
40
40
40
40
40
E0
00
40
ENDCHAR
STARTCHAR uni1ECB
ENCODING 7883
SWIDTH 222 0
DWIDTH 2 0
BBX 1 9 0 -2
BITMAP
80
00
80
80
80
80
80
00
80
ENDCHAR
STARTCHAR uni1ECC
ENCODING 7884
SWIDTH 667 0
DWIDTH 6 0
BBX 5 9 0 -2
BITMAP
70
88
88
88
88
88
70
00
20
ENDCHAR
STARTCHAR uni1ECD
ENCODING 7885
SWIDTH 667 0
DWIDTH 6 0
BBX 5 7 0 -2
BITMAP
70
88
88
88
70
00
20
ENDCHAR
STARTCHAR uni1ECE
ENCODING 7886
SWIDTH 667 0
DWIDTH 6 0
BBX 5 9 0 0
BITMAP
60
20
70
88
88
88
88
88
70
ENDCHAR
STARTCHAR uni1ECF
ENCODING 7887
SWIDTH 667 0
DWIDTH 6 0
BBX 5 8 0 0
BITMAP
60
20
00
70
88
88
88
70
ENDCHAR
STARTCHAR uni1ED8
ENCODING 7896
SWIDTH 667 0
DWIDTH 6 0
BBX 5 11 0 -2
BITMAP
20
50
70
88
88
88
88
88
70
00
20
ENDCHAR
STARTCHAR uni1ED9
ENCODING 7897
SWIDTH 667 0
DWIDTH 6 0
BBX 5 10 0 -2
BITMAP
20
50
00
70
88
88
88
70
00
20
ENDCHAR
STARTCHAR uni1EDA
ENCODING 7898
SWIDTH 778 0
DWIDTH 7 0
BBX 6 9 0 0
BITMAP
10
20
74
8C
88
88
88
88
70
ENDCHAR
STARTCHAR uni1EDB
ENCODING 7899
SWIDTH 667 0
DWIDTH 6 0
BBX 6 8 0 0
BITMAP
10
20
00
74
8C
88
88
70
ENDCHAR
STARTCHAR uni1EDC
ENCODING 7900
SWIDTH 778 0
DWIDTH 7 0
BBX 6 9 0 0
BITMAP
40
20
74
8C
88
88
88
88
70
ENDCHAR
STARTCHAR uni1EDD
ENCODING 7901
SWIDTH 667 0
DWIDTH 6 0
BBX 6 8 0 0
BITMAP
40
20
00
74
8C
88
88
70
ENDCHAR
STARTCHAR uni1EDE
ENCODING 7902
SWIDTH 778 0
DWIDTH 7 0
BBX 6 9 0 0
BITMAP
60
20
74
8C
88
88
88
88
70
ENDCHAR
STARTCHAR uni1EDF
ENCODING 7903
SWIDTH 667 0
DWIDTH 6 0
BBX 6 8 0 0
BITMAP
60
20
00
74
8C
88
88
70
ENDCHAR
STARTCHAR uni1EE0
ENCODING 7904
SWIDTH 778 0
DWIDTH 7 0
BBX 6 9 0 0
BITMAP
28
50
74
8C
88
88
88
88
70
ENDCHAR
STARTCHAR uni1EE1
ENCODING 7905
SWIDTH 667 0
DWIDTH 6 0
BBX 6 8 0 0
BITMAP
28
50
00
74
8C
88
88
70
ENDCHAR
STARTCHAR uni1EE2
ENCODING 7906
SWIDTH 778 0
DWIDTH 7 0
BBX 6 9 0 -2
BITMAP
74
8C
88
88
88
88
70
00
20
ENDCHAR
STARTCHAR uni1EE3
ENCODING 7907
SWIDTH 667 0
DWIDTH 6 0
BBX 6 7 0 -2
BITMAP
74
8C
88
88
70
00
20
ENDCHAR
STARTCHAR uni1EE4
ENCODING 7908
SWIDTH 667 0
DWIDTH 6 0
BBX 5 9 0 -2
BITMAP
88
88
88
88
88
88
70
00
20
ENDCHAR
STARTCHAR uni1EE5
ENCODING 7909
SWIDTH 667 0
DWIDTH 6 0
BBX 5 7 0 -2
BITMAP
88
88
88
88
70
00
20
ENDCHAR
STARTCHAR uni1EE6
ENCODING 7910
SWIDTH 667 0
DWIDTH 6 0
BBX 5 9 0 0
BITMAP
60
20
88
88
88
88
88
88
70
ENDCHAR
STARTCHAR uni1EE7
ENCODING 7911
SWIDTH 667 0
DWIDTH 6 0
BBX 5 8 0 0
BITMAP
60
20
00
88
88
88
88
70
ENDCHAR
STARTCHAR uni1EE8
ENCODING 7912
SWIDTH 778 0
DWIDTH 7 0
BBX 6 9 0 0
BITMAP
10
20
8C
8C
88
88
88
88
70
ENDCHAR
STARTCHAR uni1EE9
ENCODING 7913
SWIDTH 778 0
DWIDTH 7 0
BBX 6 8 0 0
BITMAP
10
20
00
8C
8C
88
88
70
ENDCHAR
STARTCHAR uni1EEA
ENCODING 7914
SWIDTH 778 0
DWIDTH 7 0
BBX 6 9 0 0
BITMAP
40
20
8C
8C
88
88
88
88
70
ENDCHAR
STARTCHAR uni1EEB
ENCODING 7915
SWIDTH 778 0
DWIDTH 7 0
BBX 6 8 0 0
BITMAP
40
20
00
8C
8C
88
88
70
ENDCHAR
STARTCHAR uni1EEC
ENCODING 7916
SWIDTH 778 0
DWIDTH 7 0
BBX 6 9 0 0
BITMAP
60
20
8C
8C
88
88
88
88
70
ENDCHAR
STARTCHAR uni1EED
ENCODING 7917
SWIDTH 778 0
DWIDTH 7 0
BBX 6 8 0 0
BITMAP
60
20
00
8C
8C
88
88
70
ENDCHAR
STARTCHAR uni1EEE
ENCODING 7918
SWIDTH 778 0
DWIDTH 7 0
BBX 6 9 0 0
BITMAP
28
50
8C
8C
88
88
88
88
70
ENDCHAR
STARTCHAR uni1EEF
ENCODING 7919
SWIDTH 778 0
DWIDTH 7 0
BBX 6 8 0 0
BITMAP
28
50
00
8C
8C
88
88
70
ENDCHAR
STARTCHAR uni1EF0
ENCODING 7920
SWIDTH 778 0
DWIDTH 7 0
BBX 6 9 0 -2
BITMAP
8C
8C
88
88
88
88
70
00
20
ENDCHAR
STARTCHAR uni1EF1
ENCODING 7921
SWIDTH 778 0
DWIDTH 7 0
BBX 6 7 0 -2
BITMAP
8C
8C
88
88
70
00
20
ENDCHAR
STARTCHAR uni1EF2
ENCODING 7922
SWIDTH 667 0
DWIDTH 6 0
BBX 5 9 0 0
BITMAP
40
20
88
88
88
70
20
20
20
ENDCHAR
STARTCHAR uni1EF3
ENCODING 7923
SWIDTH 667 0
DWIDTH 6 0
BBX 5 10 0 -2
BITMAP
40
20
00
88
88
50
50
20
20
C0
ENDCHAR
STARTCHAR uni1EF4
ENCODING 7924
SWIDTH 667 0
DWIDTH 6 0
BBX 5 9 0 -2
BITMAP
88
88
88
70
20
20
20
00
20
ENDCHAR
STARTCHAR uni1EF5
ENCODING 7925
SWIDTH 667 0
DWIDTH 6 0
BBX 5 7 0 -2
BITMAP
88
88
50
50
20
20
C8
ENDCHAR
STARTCHAR uni1EF6
ENCODING 7926
SWIDTH 667 0
DWIDTH 6 0
BBX 5 9 0 0
BITMAP
60
20
88
88
88
70
20
20
20
ENDCHAR
STARTCHAR uni1EF7
ENCODING 7927
SWIDTH 667 0
DWIDTH 6 0
BBX 5 10 0 -2
BITMAP
60
20
00
88
88
50
50
20
20
C0
ENDCHAR
STARTCHAR uni1EF8
ENCODING 7928
SWIDTH 667 0
DWIDTH 6 0
BBX 5 9 0 0
BITMAP
28
50
88
88
88
70
20
20
20
ENDCHAR
STARTCHAR uni1EF9
ENCODING 7929
SWIDTH 667 0
DWIDTH 6 0
BBX 5 10 0 -2
BITMAP
28
50
00
88
88
50
50
20
20
C0
ENDCHAR
STARTCHAR uni1F00
ENCODING 7936
SWIDTH 667 0
DWIDTH 6 0
BBX 5 8 0 0
BITMAP
60
20
00
68
98
88
98
68
ENDCHAR
STARTCHAR uni1F01
ENCODING 7937
SWIDTH 667 0
DWIDTH 6 0
BBX 5 8 0 0
BITMAP
30
20
00
68
98
88
98
68
ENDCHAR
STARTCHAR uni1F02
ENCODING 7938
SWIDTH 667 0
DWIDTH 6 0
BBX 5 8 0 0
BITMAP
D0
48
00
68
98
88
98
68
ENDCHAR
STARTCHAR uni1F03
ENCODING 7939
SWIDTH 667 0
DWIDTH 6 0
BBX 5 8 0 0
BITMAP
D0
88
00
68
98
88
98
68
ENDCHAR
STARTCHAR uni1F04
ENCODING 7940
SWIDTH 667 0
DWIDTH 6 0
BBX 5 8 0 0
BITMAP
C8
50
00
68
98
88
98
68
ENDCHAR
STARTCHAR uni1F05
ENCODING 7941
SWIDTH 667 0
DWIDTH 6 0
BBX 5 8 0 0
BITMAP
C8
90
00
68
98
88
98
68
ENDCHAR
STARTCHAR uni1F10
ENCODING 7952
SWIDTH 556 0
DWIDTH 5 0
BBX 4 8 0 0
BITMAP
60
20
00
70
80
60
80
70
ENDCHAR
STARTCHAR uni1F11
ENCODING 7953
SWIDTH 556 0
DWIDTH 5 0
BBX 4 8 0 0
BITMAP
30
20
00
70
80
60
80
70
ENDCHAR
STARTCHAR uni1F12
ENCODING 7954
SWIDTH 556 0
DWIDTH 5 0
BBX 5 8 0 0
BITMAP
D0
48
00
70
80
60
80
70
ENDCHAR
STARTCHAR uni1F13
ENCODING 7955
SWIDTH 556 0
DWIDTH 5 0
BBX 5 8 0 0
BITMAP
D0
88
00
70
80
60
80
70
ENDCHAR
STARTCHAR uni1F14
ENCODING 7956
SWIDTH 556 0
DWIDTH 5 0
BBX 5 8 0 0
BITMAP
C8
50
00
70
80
60
80
70
ENDCHAR
STARTCHAR uni1F15
ENCODING 7957
SWIDTH 556 0
DWIDTH 5 0
BBX 5 8 0 0
BITMAP
C8
90
00
70
80
60
80
70
ENDCHAR
STARTCHAR uni1F20
ENCODING 7968
SWIDTH 667 0
DWIDTH 6 0
BBX 5 9 0 -1
BITMAP
60
20
00
B0
C8
88
88
88
08
ENDCHAR
STARTCHAR uni1F21
ENCODING 7969
SWIDTH 667 0
DWIDTH 6 0
BBX 5 9 0 -1
BITMAP
30
20
00
B0
C8
88
88
88
08
ENDCHAR
STARTCHAR uni1F22
ENCODING 7970
SWIDTH 667 0
DWIDTH 6 0
BBX 5 9 0 -1
BITMAP
D0
48
00
B0
C8
88
88
88
08
ENDCHAR
STARTCHAR uni1F23
ENCODING 7971
SWIDTH 667 0
DWIDTH 6 0
BBX 5 9 0 -1
BITMAP
D0
88
00
B0
C8
88
88
88
08
ENDCHAR
STARTCHAR uni1F24
ENCODING 7972
SWIDTH 667 0
DWIDTH 6 0
BBX 5 9 0 -1
BITMAP
C8
50
00
B0
C8
88
88
88
08
ENDCHAR
STARTCHAR uni1F25
ENCODING 7973
SWIDTH 667 0
DWIDTH 6 0
BBX 5 9 0 -1
BITMAP
C8
90
00
B0
C8
88
88
88
08
ENDCHAR
STARTCHAR uni1F30
ENCODING 7984
SWIDTH 222 0
DWIDTH 2 0
BBX 2 8 -1 0
BITMAP
C0
40
00
40
40
40
40
40
ENDCHAR
STARTCHAR uni1F31
ENCODING 7985
SWIDTH 222 0
DWIDTH 2 0
BBX 2 8 0 0
BITMAP
C0
80
00
80
80
80
80
80
ENDCHAR
STARTCHAR uni1F32
ENCODING 7986
SWIDTH 222 0
DWIDTH 2 0
BBX 5 8 -2 0
BITMAP
D0
48
00
20
20
20
20
20
ENDCHAR
STARTCHAR uni1F33
ENCODING 7987
SWIDTH 222 0
DWIDTH 2 0
BBX 5 8 -2 0
BITMAP
D0
88
00
20
20
20
20
20
ENDCHAR
STARTCHAR uni1F34
ENCODING 7988
SWIDTH 222 0
DWIDTH 2 0
BBX 5 8 -2 0
BITMAP
C8
50
00
20
20
20
20
20
ENDCHAR
STARTCHAR uni1F35
ENCODING 7989
SWIDTH 222 0
DWIDTH 2 0
BBX 5 8 -2 0
BITMAP
C8
90
00
20
20
20
20
20
ENDCHAR
STARTCHAR uni1F40
ENCODING 8000
SWIDTH 667 0
DWIDTH 6 0
BBX 5 8 0 0
BITMAP
60
20
00
70
88
88
88
70
ENDCHAR
STARTCHAR uni1F41
ENCODING 8001
SWIDTH 667 0
DWIDTH 6 0
BBX 5 8 0 0
BITMAP
30
20
00
70
88
88
88
70
ENDCHAR
STARTCHAR uni1F42
ENCODING 8002
SWIDTH 667 0
DWIDTH 6 0
BBX 5 8 0 0
BITMAP
D0
48
00
70
88
88
88
70
ENDCHAR
STARTCHAR uni1F43
ENCODING 8003
SWIDTH 667 0
DWIDTH 6 0
BBX 5 8 0 0
BITMAP
D0
88
00
70
88
88
88
70
ENDCHAR
STARTCHAR uni1F44
ENCODING 8004
SWIDTH 667 0
DWIDTH 6 0
BBX 5 8 0 0
BITMAP
C8
50
00
70
88
88
88
70
ENDCHAR
STARTCHAR uni1F45
ENCODING 8005
SWIDTH 667 0
DWIDTH 6 0
BBX 5 8 0 0
BITMAP
C8
90
00
70
88
88
88
70
ENDCHAR
STARTCHAR uni1F50
ENCODING 8016
SWIDTH 667 0
DWIDTH 6 0
BBX 5 8 0 0
BITMAP
60
20
00
88
88
88
88
70
ENDCHAR
STARTCHAR uni1F51
ENCODING 8017
SWIDTH 667 0
DWIDTH 6 0
BBX 5 8 0 0
BITMAP
30
20
00
88
88
88
88
70
ENDCHAR
STARTCHAR uni1F52
ENCODING 8018
SWIDTH 667 0
DWIDTH 6 0
BBX 5 8 0 0
BITMAP
D0
48
00
88
88
88
88
70
ENDCHAR
STARTCHAR uni1F53
ENCODING 8019
SWIDTH 667 0
DWIDTH 6 0
BBX 5 8 0 0
BITMAP
D0
88
00
88
88
88
88
70
ENDCHAR
STARTCHAR uni1F54
ENCODING 8020
SWIDTH 667 0
DWIDTH 6 0
BBX 5 8 0 0
BITMAP
C8
50
00
88
88
88
88
70
ENDCHAR
STARTCHAR uni1F55
ENCODING 8021
SWIDTH 667 0
DWIDTH 6 0
BBX 5 8 0 0
BITMAP
C8
90
00
88
88
88
88
70
ENDCHAR
STARTCHAR uni1F60
ENCODING 8032
SWIDTH 667 0
DWIDTH 6 0
BBX 5 8 0 0
BITMAP
60
20
00
50
88
A8
A8
50
ENDCHAR
STARTCHAR uni1F61
ENCODING 8033
SWIDTH 667 0
DWIDTH 6 0
BBX 5 8 0 0
BITMAP
30
20
00
50
88
A8
A8
50
ENDCHAR
STARTCHAR uni1F62
ENCODING 8034
SWIDTH 667 0
DWIDTH 6 0
BBX 5 8 0 0
BITMAP
D0
48
00
50
88
A8
A8
50
ENDCHAR
STARTCHAR uni1F63
ENCODING 8035
SWIDTH 667 0
DWIDTH 6 0
BBX 5 8 0 0
BITMAP
D0
88
00
50
88
A8
A8
50
ENDCHAR
STARTCHAR uni1F64
ENCODING 8036
SWIDTH 667 0
DWIDTH 6 0
BBX 5 8 0 0
BITMAP
C8
50
00
50
88
A8
A8
50
ENDCHAR
STARTCHAR uni1F65
ENCODING 8037
SWIDTH 667 0
DWIDTH 6 0
BBX 5 8 0 0
BITMAP
C8
90
00
50
88
A8
A8
50
ENDCHAR
STARTCHAR uni1F70
ENCODING 8048
SWIDTH 667 0
DWIDTH 6 0
BBX 5 8 0 0
BITMAP
40
20
00
68
98
88
98
68
ENDCHAR
STARTCHAR uni1F71
ENCODING 8049
SWIDTH 667 0
DWIDTH 6 0
BBX 5 8 0 0
BITMAP
10
20
00
68
98
88
98
68
ENDCHAR
STARTCHAR uni1F72
ENCODING 8050
SWIDTH 556 0
DWIDTH 5 0
BBX 4 8 0 0
BITMAP
40
20
00
70
80
60
80
70
ENDCHAR
STARTCHAR uni1F73
ENCODING 8051
SWIDTH 556 0
DWIDTH 5 0
BBX 4 8 0 0
BITMAP
10
20
00
70
80
60
80
70
ENDCHAR
STARTCHAR uni1F74
ENCODING 8052
SWIDTH 667 0
DWIDTH 6 0
BBX 5 9 0 -1
BITMAP
40
20
00
B0
C8
88
88
88
08
ENDCHAR
STARTCHAR uni1F75
ENCODING 8053
SWIDTH 667 0
DWIDTH 6 0
BBX 5 9 0 -1
BITMAP
10
20
00
B0
C8
88
88
88
08
ENDCHAR
STARTCHAR uni1F76
ENCODING 8054
SWIDTH 222 0
DWIDTH 2 0
BBX 2 8 -1 0
BITMAP
80
40
00
40
40
40
40
40
ENDCHAR
STARTCHAR uni1F77
ENCODING 8055
SWIDTH 222 0
DWIDTH 2 0
BBX 2 8 0 0
BITMAP
40
80
00
80
80
80
80
80
ENDCHAR
STARTCHAR uni1F78
ENCODING 8056
SWIDTH 667 0
DWIDTH 6 0
BBX 5 8 0 0
BITMAP
40
20
00
70
88
88
88
70
ENDCHAR
STARTCHAR uni1F79
ENCODING 8057
SWIDTH 667 0
DWIDTH 6 0
BBX 5 8 0 0
BITMAP
10
20
00
70
88
88
88
70
ENDCHAR
STARTCHAR uni1F7A
ENCODING 8058
SWIDTH 667 0
DWIDTH 6 0
BBX 5 8 0 0
BITMAP
40
20
00
88
88
88
88
70
ENDCHAR
STARTCHAR uni1F7B
ENCODING 8059
SWIDTH 667 0
DWIDTH 6 0
BBX 5 8 0 0
BITMAP
10
20
00
88
88
88
88
70
ENDCHAR
STARTCHAR uni1F7C
ENCODING 8060
SWIDTH 667 0
DWIDTH 6 0
BBX 5 8 0 0
BITMAP
40
20
00
50
88
A8
A8
50
ENDCHAR
STARTCHAR uni1F7D
ENCODING 8061
SWIDTH 667 0
DWIDTH 6 0
BBX 5 8 0 0
BITMAP
10
20
00
50
88
A8
A8
50
ENDCHAR
STARTCHAR uni1FB6
ENCODING 8118
SWIDTH 667 0
DWIDTH 6 0
BBX 5 8 0 0
BITMAP
28
50
00
68
98
88
98
68
ENDCHAR
STARTCHAR uni1FC6
ENCODING 8134
SWIDTH 667 0
DWIDTH 6 0
BBX 5 9 0 -1
BITMAP
28
50
00
B0
C8
88
88
88
08
ENDCHAR
STARTCHAR uni1FCA
ENCODING 8138
SWIDTH 778 0
DWIDTH 7 0
BBX 6 7 0 0
BITMAP
C4
C4
44
7C
44
44
44
ENDCHAR
STARTCHAR uni1FD6
ENCODING 8150
SWIDTH 222 0
DWIDTH 2 0
BBX 4 8 -1 0
BITMAP
50
A0
00
40
40
40
40
40
ENDCHAR
STARTCHAR uni1FE6
ENCODING 8166
SWIDTH 667 0
DWIDTH 6 0
BBX 5 8 0 0
BITMAP
28
50
00
88
88
88
88
70
ENDCHAR
STARTCHAR uni1FF6
ENCODING 8182
SWIDTH 667 0
DWIDTH 6 0
BBX 5 8 0 0
BITMAP
28
50
00
50
88
A8
A8
50
ENDCHAR
STARTCHAR uni2010
ENCODING 8208
SWIDTH 444 0
DWIDTH 4 0
BBX 3 1 0 3
BITMAP
E0
ENDCHAR
STARTCHAR uni2011
ENCODING 8209
SWIDTH 444 0
DWIDTH 4 0
BBX 4 1 0 3
BITMAP
F0
ENDCHAR
STARTCHAR uni2012
ENCODING 8210
SWIDTH 556 0
DWIDTH 5 0
BBX 4 1 0 3
BITMAP
F0
ENDCHAR
STARTCHAR uni2013
ENCODING 8211
SWIDTH 556 0
DWIDTH 5 0
BBX 4 1 0 3
BITMAP
F0
ENDCHAR
STARTCHAR uni2014
ENCODING 8212
SWIDTH 667 0
DWIDTH 6 0
BBX 5 1 0 3
BITMAP
F8
ENDCHAR
STARTCHAR uni2015
ENCODING 8213
SWIDTH 667 0
DWIDTH 6 0
BBX 5 1 0 3
BITMAP
F8
ENDCHAR
STARTCHAR uni2016
ENCODING 8214
SWIDTH 444 0
DWIDTH 4 0
BBX 3 7 0 0
BITMAP
A0
A0
A0
A0
A0
A0
A0
ENDCHAR
STARTCHAR uni2017
ENCODING 8215
SWIDTH 556 0
DWIDTH 5 0
BBX 4 1 0 -1
BITMAP
F0
ENDCHAR
STARTCHAR uni2018
ENCODING 8216
SWIDTH 333 0
DWIDTH 3 0
BBX 2 2 0 6
BITMAP
40
80
ENDCHAR
STARTCHAR uni2019
ENCODING 8217
SWIDTH 333 0
DWIDTH 3 0
BBX 2 2 0 6
BITMAP
80
40
ENDCHAR
STARTCHAR uni201A
ENCODING 8218
SWIDTH 333 0
DWIDTH 3 0
BBX 2 2 0 -1
BITMAP
80
40
ENDCHAR
STARTCHAR uni201B
ENCODING 8219
SWIDTH 333 0
DWIDTH 3 0
BBX 2 2 0 6
BITMAP
80
40
ENDCHAR
STARTCHAR uni201C
ENCODING 8220
SWIDTH 667 0
DWIDTH 6 0
BBX 5 2 0 6
BITMAP
48
90
ENDCHAR
STARTCHAR uni201D
ENCODING 8221
SWIDTH 667 0
DWIDTH 6 0
BBX 5 2 0 6
BITMAP
90
48
ENDCHAR
STARTCHAR uni201E
ENCODING 8222
SWIDTH 667 0
DWIDTH 6 0
BBX 5 2 0 -1
BITMAP
90
48
ENDCHAR
STARTCHAR uni201F
ENCODING 8223
SWIDTH 667 0
DWIDTH 6 0
BBX 5 2 0 6
BITMAP
90
48
ENDCHAR
STARTCHAR uni2020
ENCODING 8224
SWIDTH 667 0
DWIDTH 6 0
BBX 5 9 0 -1
BITMAP
20
20
F8
20
20
20
20
20
20
ENDCHAR
STARTCHAR uni2021
ENCODING 8225
SWIDTH 667 0
DWIDTH 6 0
BBX 5 9 0 -1
BITMAP
20
20
F8
20
20
20
F8
20
20
ENDCHAR
STARTCHAR uni2022
ENCODING 8226
SWIDTH 444 0
DWIDTH 4 0
BBX 3 3 0 2
BITMAP
E0
E0
E0
ENDCHAR
STARTCHAR uni2023
ENCODING 8227
SWIDTH 444 0
DWIDTH 4 0
BBX 3 5 0 1
BITMAP
80
C0
E0
C0
80
ENDCHAR
STARTCHAR uni2026
ENCODING 8230
SWIDTH 667 0
DWIDTH 6 0
BBX 5 1 0 0
BITMAP
A8
ENDCHAR
STARTCHAR uni202F
ENCODING 8239
SWIDTH 333 0
DWIDTH 3 0
BBX 1 1 0 0
BITMAP
00
ENDCHAR
STARTCHAR uni2030
ENCODING 8240
SWIDTH 889 0
DWIDTH 8 0
BBX 7 7 0 0
BITMAP
C8
C8
10
20
40
B6
B6
ENDCHAR
STARTCHAR uni2032
ENCODING 8242
SWIDTH 222 0
DWIDTH 2 0
BBX 1 2 0 5
BITMAP
80
80
ENDCHAR
STARTCHAR uni2033
ENCODING 8243
SWIDTH 444 0
DWIDTH 4 0
BBX 3 2 0 5
BITMAP
A0
A0
ENDCHAR
STARTCHAR uni2034
ENCODING 8244
SWIDTH 667 0
DWIDTH 6 0
BBX 5 2 0 5
BITMAP
A8
A8
ENDCHAR
STARTCHAR uni2039
ENCODING 8249
SWIDTH 667 0
DWIDTH 6 0
BBX 5 5 0 0
BITMAP
18
60
80
60
18
ENDCHAR
STARTCHAR uni203A
ENCODING 8250
SWIDTH 667 0
DWIDTH 6 0
BBX 5 5 0 0
BITMAP
C0
30
08
30
C0
ENDCHAR
STARTCHAR uni203C
ENCODING 8252
SWIDTH 444 0
DWIDTH 4 0
BBX 3 7 0 0
BITMAP
A0
A0
A0
A0
A0
00
A0
ENDCHAR
STARTCHAR uni203D
ENCODING 8253
SWIDTH 667 0
DWIDTH 6 0
BBX 5 7 0 0
BITMAP
70
88
28
30
20
00
20
ENDCHAR
STARTCHAR uni203E
ENCODING 8254
SWIDTH 444 0
DWIDTH 4 0
BBX 3 1 0 7
BITMAP
E0
ENDCHAR
STARTCHAR uni2044
ENCODING 8260
SWIDTH 667 0
DWIDTH 6 0
BBX 5 7 0 0
BITMAP
08
08
10
20
40
80
80
ENDCHAR
STARTCHAR uni204B
ENCODING 8267
SWIDTH 667 0
DWIDTH 6 0
BBX 5 8 0 -1
BITMAP
F0
B8
B8
B0
A0
A0
A0
A0
ENDCHAR
STARTCHAR uni205E
ENCODING 8286
SWIDTH 222 0
DWIDTH 2 0
BBX 1 7 0 0
BITMAP
80
00
80
00
80
00
80
ENDCHAR
STARTCHAR uni20A0
ENCODING 8352
SWIDTH 667 0
DWIDTH 6 0
BBX 5 7 0 0
BITMAP
60
80
B8
A0
78
20
38
ENDCHAR
STARTCHAR uni20A2
ENCODING 8354
SWIDTH 667 0
DWIDTH 6 0
BBX 5 7 0 0
BITMAP
70
88
80
B0
A0
A8
70
ENDCHAR
STARTCHAR uni20A3
ENCODING 8355
SWIDTH 667 0
DWIDTH 6 0
BBX 5 7 0 0
BITMAP
78
40
40
70
40
E0
40
ENDCHAR
STARTCHAR uni20A4
ENCODING 8356
SWIDTH 667 0
DWIDTH 6 0
BBX 5 7 0 0
BITMAP
30
48
E0
40
E0
40
F8
ENDCHAR
STARTCHAR uni20AB
ENCODING 8363
SWIDTH 667 0
DWIDTH 6 0
BBX 5 7 0 0
BITMAP
08
68
98
98
68
00
F8
ENDCHAR
STARTCHAR uni20AC
ENCODING 8364
SWIDTH 667 0
DWIDTH 6 0
BBX 5 7 0 0
BITMAP
38
40
F0
40
F0
40
38
ENDCHAR
STARTCHAR uni20AD
ENCODING 8365
SWIDTH 667 0
DWIDTH 6 0
BBX 6 7 -1 0
BITMAP
44
48
50
FC
50
48
44
ENDCHAR
STARTCHAR uni20AE
ENCODING 8366
SWIDTH 667 0
DWIDTH 6 0
BBX 5 7 0 0
BITMAP
F8
20
30
60
30
60
20
ENDCHAR
STARTCHAR uni20B1
ENCODING 8369
SWIDTH 778 0
DWIDTH 7 0
BBX 6 7 0 0
BITMAP
70
FC
48
FC
70
40
40
ENDCHAR
STARTCHAR uni20B2
ENCODING 8370
SWIDTH 667 0
DWIDTH 6 0
BBX 6 9 0 -1
BITMAP
20
78
A0
A0
AC
A4
A4
78
20
ENDCHAR
STARTCHAR uni20B3
ENCODING 8371
SWIDTH 667 0
DWIDTH 6 0
BBX 5 7 0 0
BITMAP
20
50
F8
50
F8
50
88
ENDCHAR
STARTCHAR uni20B4
ENCODING 8372
SWIDTH 778 0
DWIDTH 7 0
BBX 6 7 0 0
BITMAP
70
08
FC
30
FC
40
38
ENDCHAR
STARTCHAR uni20B5
ENCODING 8373
SWIDTH 667 0
DWIDTH 6 0
BBX 5 9 0 -1
BITMAP
20
70
A8
A0
A0
A0
A8
70
20
ENDCHAR
STARTCHAR uni20B6
ENCODING 8374
SWIDTH 667 0
DWIDTH 6 0
BBX 5 7 0 0
BITMAP
50
50
F8
50
50
50
58
ENDCHAR
STARTCHAR uni20B8
ENCODING 8376
SWIDTH 667 0
DWIDTH 6 0
BBX 5 7 0 0
BITMAP
F8
00
F8
20
20
20
20
ENDCHAR
STARTCHAR uni20B9
ENCODING 8377
SWIDTH 667 0
DWIDTH 6 0
BBX 4 7 1 0
BITMAP
F0
20
F0
20
C0
20
10
ENDCHAR
STARTCHAR uni20BA
ENCODING 8378
SWIDTH 667 0
DWIDTH 6 0
BBX 5 7 0 0
BITMAP
40
60
C0
60
C0
48
70
ENDCHAR
STARTCHAR uni20BC
ENCODING 8380
SWIDTH 667 0
DWIDTH 6 0
BBX 5 6 0 0
BITMAP
20
70
A8
A8
A8
A8
ENDCHAR
STARTCHAR uni20BD
ENCODING 8381
SWIDTH 667 0
DWIDTH 6 0
BBX 6 7 -1 0
BITMAP
78
44
44
F8
40
F0
40
ENDCHAR
STARTCHAR uni20BE
ENCODING 8382
SWIDTH 667 0
DWIDTH 6 0
BBX 5 7 0 0
BITMAP
50
70
88
80
80
40
F8
ENDCHAR
STARTCHAR uni20BF
ENCODING 8383
SWIDTH 667 0
DWIDTH 6 0
BBX 6 9 -1 -1
BITMAP
28
F8
44
44
78
44
44
F8
28
ENDCHAR
STARTCHAR uni20C0
ENCODING 8384
SWIDTH 667 0
DWIDTH 6 0
BBX 5 7 0 0
BITMAP
70
88
80
88
70
00
F8
ENDCHAR
STARTCHAR uni2105
ENCODING 8453
SWIDTH 667 0
DWIDTH 6 0
BBX 5 7 0 0
BITMAP
88
C8
10
20
40
98
98
ENDCHAR
STARTCHAR uni2113
ENCODING 8467
SWIDTH 667 0
DWIDTH 6 0
BBX 5 7 0 0
BITMAP
20
50
50
60
C0
48
30
ENDCHAR
STARTCHAR uni2116
ENCODING 8470
SWIDTH 1111 0
DWIDTH 10 0
BBX 9 7 0 0
BITMAP
8800
C800
A900
AA80
A900
9800
8B80
ENDCHAR
STARTCHAR uni2117
ENCODING 8471
SWIDTH 889 0
DWIDTH 8 0
BBX 7 7 0 0
BITMAP
7C
82
BA
BA
A2
82
7C
ENDCHAR
STARTCHAR uni2122
ENCODING 8482
SWIDTH 1111 0
DWIDTH 10 0
BBX 9 4 0 3
BITMAP
E880
4D80
4A80
4880
ENDCHAR
STARTCHAR uni2126
ENCODING 8486
SWIDTH 667 0
DWIDTH 6 0
BBX 5 7 0 0
BITMAP
70
88
88
88
88
50
D8
ENDCHAR
STARTCHAR uni212E
ENCODING 8494
SWIDTH 778 0
DWIDTH 7 0
BBX 6 7 0 0
BITMAP
78
CC
CC
FC
C0
C4
78
ENDCHAR
STARTCHAR uni2139
ENCODING 8505
SWIDTH 667 0
DWIDTH 6 0
BBX 4 7 1 0
BITMAP
60
60
00
E0
60
60
F0
ENDCHAR
STARTCHAR uni214D
ENCODING 8525
SWIDTH 667 0
DWIDTH 6 0
BBX 5 9 0 -1
BITMAP
40
E0
A0
00
F8
00
18
10
30
ENDCHAR
STARTCHAR uni214E
ENCODING 8526
SWIDTH 667 0
DWIDTH 6 0
BBX 5 5 0 0
BITMAP
08
08
78
08
F8
ENDCHAR
STARTCHAR uni2184
ENCODING 8580
SWIDTH 667 0
DWIDTH 6 0
BBX 5 5 0 0
BITMAP
F0
08
08
08
F0
ENDCHAR
STARTCHAR uni2190
ENCODING 8592
SWIDTH 667 0
DWIDTH 6 0
BBX 5 5 0 1
BITMAP
20
40
F8
40
20
ENDCHAR
STARTCHAR uni2191
ENCODING 8593
SWIDTH 667 0
DWIDTH 6 0
BBX 5 5 0 1
BITMAP
20
70
A8
20
20
ENDCHAR
STARTCHAR uni2192
ENCODING 8594
SWIDTH 667 0
DWIDTH 6 0
BBX 5 5 0 1
BITMAP
20
10
F8
10
20
ENDCHAR
STARTCHAR uni2193
ENCODING 8595
SWIDTH 667 0
DWIDTH 6 0
BBX 5 5 0 1
BITMAP
20
20
A8
70
20
ENDCHAR
STARTCHAR uni2202
ENCODING 8706
SWIDTH 889 0
DWIDTH 8 0
BBX 7 7 0 0
BITMAP
38
6C
06
76
CC
9C
78
ENDCHAR
STARTCHAR uni2206
ENCODING 8710
SWIDTH 778 0
DWIDTH 7 0
BBX 6 7 0 0
BITMAP
30
30
58
58
8C
8C
FC
ENDCHAR
STARTCHAR uni220F
ENCODING 8719
SWIDTH 667 0
DWIDTH 6 0
BBX 5 8 0 -1
BITMAP
F8
88
88
88
88
88
88
88
ENDCHAR
STARTCHAR uni2211
ENCODING 8721
SWIDTH 667 0
DWIDTH 6 0
BBX 5 8 0 -1
BITMAP
F8
80
40
20
20
40
80
F8
ENDCHAR
STARTCHAR uni2212
ENCODING 8722
SWIDTH 444 0
DWIDTH 4 0
BBX 3 1 0 3
BITMAP
E0
ENDCHAR
STARTCHAR uni2215
ENCODING 8725
SWIDTH 667 0
DWIDTH 6 0
BBX 5 7 0 0
BITMAP
08
08
10
20
40
80
80
ENDCHAR
STARTCHAR uni2219
ENCODING 8729
SWIDTH 222 0
DWIDTH 2 0
BBX 1 1 0 3
BITMAP
80
ENDCHAR
STARTCHAR uni221A
ENCODING 8730
SWIDTH 667 0
DWIDTH 6 0
BBX 5 7 0 0
BITMAP
08
08
88
50
50
20
20
ENDCHAR
STARTCHAR uni221E
ENCODING 8734
SWIDTH 667 0
DWIDTH 6 0
BBX 5 3 0 2
BITMAP
50
A8
50
ENDCHAR
STARTCHAR uni221F
ENCODING 8735
SWIDTH 667 0
DWIDTH 6 0
BBX 5 5 0 0
BITMAP
80
80
80
80
F8
ENDCHAR
STARTCHAR uni2220
ENCODING 8736
SWIDTH 667 0
DWIDTH 6 0
BBX 5 5 0 0
BITMAP
08
10
20
40
F8
ENDCHAR
STARTCHAR uni2229
ENCODING 8745
SWIDTH 667 0
DWIDTH 6 0
BBX 5 7 0 0
BITMAP
70
88
88
88
88
88
88
ENDCHAR
STARTCHAR uni222B
ENCODING 8747
SWIDTH 667 0
DWIDTH 6 0
BBX 5 9 0 -1
BITMAP
18
38
20
20
20
20
20
E0
C0
ENDCHAR
STARTCHAR uni2248
ENCODING 8776
SWIDTH 667 0
DWIDTH 6 0
BBX 5 6 0 0
BITMAP
40
A8
10
40
A8
10
ENDCHAR
STARTCHAR uni2260
ENCODING 8800
SWIDTH 667 0
DWIDTH 6 0
BBX 5 7 0 0
BITMAP
10
10
F8
20
F8
40
40
ENDCHAR
STARTCHAR uni2261
ENCODING 8801
SWIDTH 444 0
DWIDTH 4 0
BBX 3 5 0 1
BITMAP
E0
00
E0
00
E0
ENDCHAR
STARTCHAR uni2264
ENCODING 8804
SWIDTH 444 0
DWIDTH 4 0
BBX 3 7 0 0
BITMAP
20
40
80
40
20
00
E0
ENDCHAR
STARTCHAR uni2265
ENCODING 8805
SWIDTH 444 0
DWIDTH 4 0
BBX 3 7 0 0
BITMAP
80
40
20
40
80
00
E0
ENDCHAR
STARTCHAR uni22EE
ENCODING 8942
SWIDTH 222 0
DWIDTH 2 0
BBX 1 5 0 1
BITMAP
80
00
80
00
80
ENDCHAR
STARTCHAR uni22EF
ENCODING 8943
SWIDTH 667 0
DWIDTH 6 0
BBX 5 1 0 3
BITMAP
A8
ENDCHAR
STARTCHAR uni2302
ENCODING 8962
SWIDTH 667 0
DWIDTH 6 0
BBX 5 6 0 0
BITMAP
20
50
88
88
88
F8
ENDCHAR
STARTCHAR uni2310
ENCODING 8976
SWIDTH 444 0
DWIDTH 4 0
BBX 3 3 0 1
BITMAP
E0
80
80
ENDCHAR
STARTCHAR uni2320
ENCODING 8992
SWIDTH 444 0
DWIDTH 4 0
BBX 3 9 0 -1
BITMAP
60
E0
80
80
80
80
80
80
80
ENDCHAR
STARTCHAR uni2321
ENCODING 8993
SWIDTH 444 0
DWIDTH 4 0
BBX 3 9 0 -1
BITMAP
20
20
20
20
20
20
20
E0
C0
ENDCHAR
STARTCHAR uni25B2
ENCODING 9650
SWIDTH 667 0
DWIDTH 6 0
BBX 5 5 0 1
BITMAP
20
70
70
F8
F8
ENDCHAR
STARTCHAR uni25BA
ENCODING 9658
SWIDTH 667 0
DWIDTH 6 0
BBX 5 5 0 1
BITMAP
C0
F0
F8
F0
C0
ENDCHAR
STARTCHAR uni25BC
ENCODING 9660
SWIDTH 667 0
DWIDTH 6 0
BBX 5 5 0 1
BITMAP
F8
F8
70
70
20
ENDCHAR
STARTCHAR uni25C4
ENCODING 9668
SWIDTH 667 0
DWIDTH 6 0
BBX 5 5 0 1
BITMAP
18
78
F8
78
18
ENDCHAR
STARTCHAR uni25C6
ENCODING 9670
SWIDTH 889 0
DWIDTH 8 0
BBX 7 7 0 0
BITMAP
10
38
7C
FE
7C
38
10
ENDCHAR
STARTCHAR uni25CF
ENCODING 9679
SWIDTH 667 0
DWIDTH 6 0
BBX 5 5 0 1
BITMAP
20
70
F8
70
20
ENDCHAR
STARTCHAR uni2609
ENCODING 9737
SWIDTH 667 0
DWIDTH 6 0
BBX 5 5 0 1
BITMAP
70
88
A8
88
70
ENDCHAR
STARTCHAR uni2621
ENCODING 9761
SWIDTH 778 0
DWIDTH 7 0
BBX 6 7 0 0
BITMAP
30
30
50
50
90
90
9C
ENDCHAR
STARTCHAR uni263B
ENCODING 9787
SWIDTH 667 0
DWIDTH 6 0
BBX 5 5 0 1
BITMAP
70
A8
F8
88
70
ENDCHAR
STARTCHAR uni2713
ENCODING 10003
SWIDTH 667 0
DWIDTH 6 0
BBX 5 5 0 1
BITMAP
08
08
90
A0
40
ENDCHAR
STARTCHAR uni2715
ENCODING 10005
SWIDTH 667 0
DWIDTH 6 0
BBX 5 5 0 1
BITMAP
88
50
20
50
88
ENDCHAR
STARTCHAR uni2764
ENCODING 10084
SWIDTH 889 0
DWIDTH 8 0
BBX 7 7 0 0
BITMAP
6C
FE
FE
FE
7C
38
10
ENDCHAR
STARTCHAR uni5143
ENCODING 20803
SWIDTH 889 0
DWIDTH 8 0
BBX 7 7 0 0
BITMAP
7C
00
FE
28
28
4A
84
ENDCHAR
STARTCHAR uni5186
ENCODING 20870
SWIDTH 667 0
DWIDTH 6 0
BBX 5 7 0 0
BITMAP
F8
A8
A8
F8
88
88
90
ENDCHAR
STARTCHAR uniA78B
ENCODING 42891
SWIDTH 222 0
DWIDTH 2 0
BBX 1 5 0 2
BITMAP
80
80
80
80
80
ENDCHAR
STARTCHAR uniA78C
ENCODING 42892
SWIDTH 222 0
DWIDTH 2 0
BBX 1 4 0 3
BITMAP
80
80
80
80
ENDCHAR
STARTCHAR uniA838
ENCODING 43064
SWIDTH 667 0
DWIDTH 6 0
BBX 5 7 0 0
BITMAP
08
08
08
08
08
90
60
ENDCHAR
STARTCHAR uniFB01
ENCODING 64257
SWIDTH 667 0
DWIDTH 6 0
BBX 5 7 0 0
BITMAP
60
40
E8
48
48
48
48
ENDCHAR
STARTCHAR uniFB02
ENCODING 64258
SWIDTH 667 0
DWIDTH 6 0
BBX 5 7 0 0
BITMAP
68
48
E8
48
48
48
48
ENDCHAR
STARTCHAR uniFFFC
ENCODING 65532
SWIDTH 1333 0
DWIDTH 12 0
BBX 11 5 0 1
BITMAP
4C20
AA20
AC20
AAA0
4C40
ENDCHAR
STARTCHAR uniFFFD
ENCODING 65533
SWIDTH 889 0
DWIDTH 8 0
BBX 7 9 0 -1
BITMAP
10
38
6C
54
F6
6C
7C
28
10
ENDCHAR
STARTCHAR uni1F47B
ENCODING 128123
SWIDTH 667 0
DWIDTH 6 0
BBX 5 7 0 0
BITMAP
70
F8
A8
F8
F8
F8
A8
ENDCHAR
STARTCHAR uni1F47D
ENCODING 128125
SWIDTH 667 0
DWIDTH 6 0
BBX 5 7 0 0
BITMAP
70
F8
F8
A8
F8
70
20
ENDCHAR
STARTCHAR uni1F4E4
ENCODING 128228
SWIDTH 667 0
DWIDTH 6 0
BBX 5 7 0 0
BITMAP
20
70
A8
20
20
88
F8
ENDCHAR
STARTCHAR uni1F4E5
ENCODING 128229
SWIDTH 667 0
DWIDTH 6 0
BBX 5 7 0 0
BITMAP
20
20
A8
70
20
88
F8
ENDCHAR
STARTCHAR uni1F512
ENCODING 128274
SWIDTH 667 0
DWIDTH 6 0
BBX 5 7 0 0
BITMAP
20
50
50
F8
F8
F8
F8
ENDCHAR
STARTCHAR uni1F513
ENCODING 128275
SWIDTH 667 0
DWIDTH 6 0
BBX 5 7 0 0
BITMAP
20
50
40
F8
F8
F8
F8
ENDCHAR
STARTCHAR uni1F514
ENCODING 128276
SWIDTH 667 0
DWIDTH 6 0
BBX 5 7 0 0
BITMAP
20
70
70
F8
00
70
20
ENDCHAR
STARTCHAR uni1F517
ENCODING 128279
SWIDTH 667 0
DWIDTH 6 0
BBX 5 5 0 1
BITMAP
B8
98
A8
80
F8
ENDCHAR
ENDFONT
