STARTFONT 2.1
FONT x12y20pxScanLine-20px
SIZE 20 75 75
FONTBOUNDINGBOX 12 19 0 -4
STARTPROPERTIES 3
PIXEL_SIZE 20
FONT_ASCENT 16
FONT_DESCENT 4
ENDPROPERTIES
CHARS 1112
STARTCHAR uni0020
ENCODING 32
SWIDTH 600 0
DWIDTH 12 0
BBX 1 1 0 0
BITMAP
00
ENDCHAR
STARTCHAR uni0021
ENCODING 33
SWIDTH 600 0
DWIDTH 12 0
BBX 3 13 4 0
BITMAP
E0
00
E0
00
E0
00
E0
00
E0
00
00
00
E0
ENDCHAR
STARTCHAR uni0022
ENCODING 34
SWIDTH 600 0
DWIDTH 12 0
BBX 7 5 2 8
BITMAP
EE
00
EE
00
CC
ENDCHAR
STARTCHAR uni0023
ENCODING 35
SWIDTH 600 0
DWIDTH 12 0
BBX 11 13 0 0
BITMAP
1DC0
0000
1DC0
0000
FFE0
0000
3B80
0000
FFE0
0000
7700
0000
7700
ENDCHAR
STARTCHAR uni0024
ENCODING 36
SWIDTH 600 0
DWIDTH 12 0
BBX 11 13 0 0
BITMAP
0E00
0000
7FC0
0000
EE00
0000
7FC0
0000
0EE0
0000
FFC0
0000
0E00
ENDCHAR
STARTCHAR uni0025
ENCODING 37
SWIDTH 600 0
DWIDTH 12 0
BBX 11 13 0 0
BITMAP
F8E0
0000
D9C0
0000
FB80
0000
1F00
0000
3BE0
0000
7360
0000
E3E0
ENDCHAR
STARTCHAR uni0026
ENCODING 38
SWIDTH 600 0
DWIDTH 12 0
BBX 11 13 0 0
BITMAP
3F00
0000
7380
0000
7380
0000
3F00
0000
EEE0
0000
E1C0
0000
7EE0
ENDCHAR
STARTCHAR uni0027
ENCODING 39
SWIDTH 600 0
DWIDTH 12 0
BBX 3 5 4 8
BITMAP
E0
00
E0
00
C0
ENDCHAR
STARTCHAR uni0028
ENCODING 40
SWIDTH 600 0
DWIDTH 12 0
BBX 6 17 3 -2
BITMAP
1C
00
70
00
E0
00
E0
00
E0
00
E0
00
E0
00
70
00
1C
ENDCHAR
STARTCHAR uni0029
ENCODING 41
SWIDTH 600 0
DWIDTH 12 0
BBX 6 17 2 -2
BITMAP
E0
00
38
00
1C
00
1C
00
1C
00
1C
00
1C
00
38
00
E0
ENDCHAR
STARTCHAR uni002A
ENCODING 42
SWIDTH 600 0
DWIDTH 12 0
BBX 11 13 0 0
BITMAP
0E00
0000
EEE0
0000
3F80
0000
0E00
0000
3F80
0000
EEE0
0000
0E00
ENDCHAR
STARTCHAR uni002B
ENCODING 43
SWIDTH 600 0
DWIDTH 12 0
BBX 9 9 1 2
BITMAP
1C00
0000
1C00
0000
FF80
0000
1C00
0000
1C00
ENDCHAR
STARTCHAR uni002C
ENCODING 44
SWIDTH 600 0
DWIDTH 12 0
BBX 3 5 4 -2
BITMAP
E0
00
60
00
C0
ENDCHAR
STARTCHAR uni002D
ENCODING 45
SWIDTH 600 0
DWIDTH 12 0
BBX 9 1 1 6
BITMAP
FF80
ENDCHAR
STARTCHAR uni002E
ENCODING 46
SWIDTH 600 0
DWIDTH 12 0
BBX 3 3 4 0
BITMAP
E0
00
E0
ENDCHAR
STARTCHAR uni002F
ENCODING 47
SWIDTH 600 0
DWIDTH 12 0
BBX 9 13 1 0
BITMAP
0380
0000
0700
0000
0E00
0000
1C00
0000
3800
0000
7000
0000
E000
ENDCHAR
STARTCHAR uni0030
ENCODING 48
SWIDTH 600 0
DWIDTH 12 0
BBX 11 13 0 0
BITMAP
7FC0
0000
E0E0
0000
E3E0
0000
EEE0
0000
F8E0
0000
E0E0
0000
7FC0
ENDCHAR
STARTCHAR uni0031
ENCODING 49
SWIDTH 600 0
DWIDTH 12 0
BBX 9 13 1 0
BITMAP
1C00
0000
FC00
0000
1C00
0000
1C00
0000
1C00
0000
1C00
0000
FF80
ENDCHAR
STARTCHAR uni0032
ENCODING 50
SWIDTH 600 0
DWIDTH 12 0
BBX 11 13 0 0
BITMAP
7FC0
0000
E0E0
0000
E0E0
0000
0380
0000
0E00
0000
3800
0000
FFE0
ENDCHAR
STARTCHAR uni0033
ENCODING 51
SWIDTH 600 0
DWIDTH 12 0
BBX 11 13 0 0
BITMAP
7FC0
0000
E0E0
0000
00E0
0000
0FC0
0000
00E0
0000
E0E0
0000
7FC0
ENDCHAR
STARTCHAR uni0034
ENCODING 52
SWIDTH 600 0
DWIDTH 12 0
BBX 11 13 0 0
BITMAP
0FC0
0000
1DC0
0000
39C0
0000
71C0
0000
E1C0
0000
FFE0
0000
01C0
ENDCHAR
STARTCHAR uni0035
ENCODING 53
SWIDTH 600 0
DWIDTH 12 0
BBX 11 13 0 0
BITMAP
FFE0
0000
E000
0000
FFC0
0000
E0E0
0000
00E0
0000
E0E0
0000
7FC0
ENDCHAR
STARTCHAR uni0036
ENCODING 54
SWIDTH 600 0
DWIDTH 12 0
BBX 11 13 0 0
BITMAP
7FC0
0000
E0E0
0000
E000
0000
FFC0
0000
E0E0
0000
E0E0
0000
7FC0
ENDCHAR
STARTCHAR uni0037
ENCODING 55
SWIDTH 600 0
DWIDTH 12 0
BBX 11 13 0 0
BITMAP
FFE0
0000
E0E0
0000
01C0
0000
0380
0000
0700
0000
0E00
0000
1C00
ENDCHAR
STARTCHAR uni0038
ENCODING 56
SWIDTH 600 0
DWIDTH 12 0
BBX 11 13 0 0
BITMAP
7FC0
0000
E0E0
0000
E0E0
0000
7FC0
0000
E0E0
0000
E0E0
0000
7FC0
ENDCHAR
STARTCHAR uni0039
ENCODING 57
SWIDTH 600 0
DWIDTH 12 0
BBX 11 13 0 0
BITMAP
7FC0
0000
E0E0
0000
E0E0
0000
7FE0
0000
00E0
0000
E0E0
0000
7FC0
ENDCHAR
STARTCHAR uni003A
ENCODING 58
SWIDTH 600 0
DWIDTH 12 0
BBX 3 9 4 0
BITMAP
E0
00
E0
00
00
00
E0
00
E0
ENDCHAR
STARTCHAR uni003B
ENCODING 59
SWIDTH 600 0
DWIDTH 12 0
BBX 3 11 4 -2
BITMAP
E0
00
E0
00
00
00
E0
00
60
00
C0
ENDCHAR
STARTCHAR uni003C
ENCODING 60
SWIDTH 600 0
DWIDTH 12 0
BBX 9 13 1 0
BITMAP
0380
0000
0E00
0000
3800
0000
E000
0000
3800
0000
0E00
0000
0380
ENDCHAR
STARTCHAR uni003D
ENCODING 61
SWIDTH 600 0
DWIDTH 12 0
BBX 9 5 1 4
BITMAP
FF80
0000
0000
0000
FF80
ENDCHAR
STARTCHAR uni003E
ENCODING 62
SWIDTH 600 0
DWIDTH 12 0
BBX 9 13 1 0
BITMAP
E000
0000
3800
0000
0E00
0000
0380
0000
0E00
0000
3800
0000
E000
ENDCHAR
STARTCHAR uni003F
ENCODING 63
SWIDTH 600 0
DWIDTH 12 0
BBX 11 13 0 0
BITMAP
7FC0
0000
E0E0
0000
00E0
0000
0380
0000
0E00
0000
0000
0000
0E00
ENDCHAR
STARTCHAR uni0040
ENCODING 64
SWIDTH 600 0
DWIDTH 12 0
BBX 11 13 0 0
BITMAP
1F00
0000
60C0
0000
CF60
0000
DB60
0000
DFC0
0000
6000
0000
1F80
ENDCHAR
STARTCHAR uni0041
ENCODING 65
SWIDTH 600 0
DWIDTH 12 0
BBX 11 13 0 0
BITMAP
0E00
0000
1F00
0000
3B80
0000
71C0
0000
FFE0
0000
E0E0
0000
E0E0
ENDCHAR
STARTCHAR uni0042
ENCODING 66
SWIDTH 600 0
DWIDTH 12 0
BBX 11 13 0 0
BITMAP
FFC0
0000
E0E0
0000
E0E0
0000
FFC0
0000
E0E0
0000
E0E0
0000
FFC0
ENDCHAR
STARTCHAR uni0043
ENCODING 67
SWIDTH 600 0
DWIDTH 12 0
BBX 11 13 0 0
BITMAP
7FC0
0000
E0E0
0000
E000
0000
E000
0000
E000
0000
E0E0
0000
7FC0
ENDCHAR
STARTCHAR uni0044
ENCODING 68
SWIDTH 600 0
DWIDTH 12 0
BBX 11 13 0 0
BITMAP
FFC0
0000
E0E0
0000
E0E0
0000
E0E0
0000
E0E0
0000
E0E0
0000
FFC0
ENDCHAR
STARTCHAR uni0045
ENCODING 69
SWIDTH 600 0
DWIDTH 12 0
BBX 11 13 0 0
BITMAP
FFE0
0000
E000
0000
E000
0000
FFC0
0000
E000
0000
E000
0000
FFE0
ENDCHAR
STARTCHAR uni0046
ENCODING 70
SWIDTH 600 0
DWIDTH 12 0
BBX 11 13 0 0
BITMAP
FFE0
0000
E000
0000
E000
0000
FFC0
0000
E000
0000
E000
0000
E000
ENDCHAR
STARTCHAR uni0047
ENCODING 71
SWIDTH 600 0
DWIDTH 12 0
BBX 11 13 0 0
BITMAP
7FE0
0000
E000
0000
E000
0000
E7E0
0000
E0E0
0000
E0E0
0000
7FE0
ENDCHAR
STARTCHAR uni0048
ENCODING 72
SWIDTH 600 0
DWIDTH 12 0
BBX 11 13 0 0
BITMAP
E0E0
0000
E0E0
0000
E0E0
0000
FFE0
0000
E0E0
0000
E0E0
0000
E0E0
ENDCHAR
STARTCHAR uni0049
ENCODING 73
SWIDTH 600 0
DWIDTH 12 0
BBX 11 13 0 0
BITMAP
FFE0
0000
0E00
0000
0E00
0000
0E00
0000
0E00
0000
0E00
0000
FFE0
ENDCHAR
STARTCHAR uni004A
ENCODING 74
SWIDTH 600 0
DWIDTH 12 0
BBX 11 13 0 0
BITMAP
00E0
0000
00E0
0000
00E0
0000
00E0
0000
E0E0
0000
E0E0
0000
7FC0
ENDCHAR
STARTCHAR uni004B
ENCODING 75
SWIDTH 600 0
DWIDTH 12 0
BBX 11 13 0 0
BITMAP
E0E0
0000
E1C0
0000
E380
0000
FF00
0000
E380
0000
E1C0
0000
E0E0
ENDCHAR
STARTCHAR uni004C
ENCODING 76
SWIDTH 600 0
DWIDTH 12 0
BBX 11 13 0 0
BITMAP
E000
0000
E000
0000
E000
0000
E000
0000
E000
0000
E000
0000
FFE0
ENDCHAR
STARTCHAR uni004D
ENCODING 77
SWIDTH 600 0
DWIDTH 12 0
BBX 11 13 0 0
BITMAP
E0E0
0000
F1E0
0000
FBE0
0000
EEE0
0000
EEE0
0000
E0E0
0000
E0E0
ENDCHAR
STARTCHAR uni004E
ENCODING 78
SWIDTH 600 0
DWIDTH 12 0
BBX 11 13 0 0
BITMAP
F0E0
0000
F8E0
0000
FCE0
0000
EEE0
0000
E7E0
0000
E3E0
0000
E1E0
ENDCHAR
STARTCHAR uni004F
ENCODING 79
SWIDTH 600 0
DWIDTH 12 0
BBX 11 13 0 0
BITMAP
7FC0
0000
E0E0
0000
E0E0
0000
E0E0
0000
E0E0
0000
E0E0
0000
7FC0
ENDCHAR
STARTCHAR uni0050
ENCODING 80
SWIDTH 600 0
DWIDTH 12 0
BBX 11 13 0 0
BITMAP
FFC0
0000
E0E0
0000
E0E0
0000
FFC0
0000
E000
0000
E000
0000
E000
ENDCHAR
STARTCHAR uni0051
ENCODING 81
SWIDTH 600 0
DWIDTH 12 0
BBX 11 17 0 -4
BITMAP
7FC0
0000
E0E0
0000
E0E0
0000
E0E0
0000
E0E0
0000
EEE0
0000
77C0
0000
0380
0000
01C0
ENDCHAR
STARTCHAR uni0052
ENCODING 82
SWIDTH 600 0
DWIDTH 12 0
BBX 11 13 0 0
BITMAP
FFC0
0000
E0E0
0000
E0E0
0000
FFC0
0000
E380
0000
E1C0
0000
E0E0
ENDCHAR
STARTCHAR uni0053
ENCODING 83
SWIDTH 600 0
DWIDTH 12 0
BBX 11 13 0 0
BITMAP
7FC0
0000
E0E0
0000
E000
0000
7FC0
0000
00E0
0000
E0E0
0000
7FC0
ENDCHAR
STARTCHAR uni0054
ENCODING 84
SWIDTH 600 0
DWIDTH 12 0
BBX 11 13 0 0
BITMAP
FFE0
0000
0E00
0000
0E00
0000
0E00
0000
0E00
0000
0E00
0000
0E00
ENDCHAR
STARTCHAR uni0055
ENCODING 85
SWIDTH 600 0
DWIDTH 12 0
BBX 11 13 0 0
BITMAP
E0E0
0000
E0E0
0000
E0E0
0000
E0E0
0000
E0E0
0000
E0E0
0000
7FC0
ENDCHAR
STARTCHAR uni0056
ENCODING 86
SWIDTH 600 0
DWIDTH 12 0
BBX 11 13 0 0
BITMAP
E0E0
0000
E0E0
0000
E0E0
0000
71C0
0000
3B80
0000
1F00
0000
0E00
ENDCHAR
STARTCHAR uni0057
ENCODING 87
SWIDTH 600 0
DWIDTH 12 0
BBX 11 13 0 0
BITMAP
E0E0
0000
E0E0
0000
EEE0
0000
EEE0
0000
FBE0
0000
F1E0
0000
E0E0
ENDCHAR
STARTCHAR uni0058
ENCODING 88
SWIDTH 600 0
DWIDTH 12 0
BBX 11 13 0 0
BITMAP
E0E0
0000
71C0
0000
3B80
0000
1F00
0000
3B80
0000
71C0
0000
E0E0
ENDCHAR
STARTCHAR uni0059
ENCODING 89
SWIDTH 600 0
DWIDTH 12 0
BBX 11 13 0 0
BITMAP
E0E0
0000
71C0
0000
3B80
0000
1F00
0000
0E00
0000
0E00
0000
0E00
ENDCHAR
STARTCHAR uni005A
ENCODING 90
SWIDTH 600 0
DWIDTH 12 0
BBX 11 13 0 0
BITMAP
FFE0
0000
00E0
0000
0380
0000
0E00
0000
3800
0000
E000
0000
FFE0
ENDCHAR
STARTCHAR uni005B
ENCODING 91
SWIDTH 600 0
DWIDTH 12 0
BBX 6 17 3 -2
BITMAP
FC
00
E0
00
E0
00
E0
00
E0
00
E0
00
E0
00
E0
00
FC
ENDCHAR
STARTCHAR uni005C
ENCODING 92
SWIDTH 600 0
DWIDTH 12 0
BBX 9 13 1 0
BITMAP
E000
0000
7000
0000
3800
0000
1C00
0000
0E00
0000
0700
0000
0380
ENDCHAR
STARTCHAR uni005D
ENCODING 93
SWIDTH 600 0
DWIDTH 12 0
BBX 6 17 2 -2
BITMAP
FC
00
1C
00
1C
00
1C
00
1C
00
1C
00
1C
00
1C
00
FC
ENDCHAR
STARTCHAR uni005E
ENCODING 94
SWIDTH 600 0
DWIDTH 12 0
BBX 7 3 0 10
BITMAP
7C
00
EE
ENDCHAR
STARTCHAR uni005F
ENCODING 95
SWIDTH 600 0
DWIDTH 12 0
BBX 11 1 0 0
BITMAP
FFE0
ENDCHAR
STARTCHAR uni0060
ENCODING 96
SWIDTH 600 0
DWIDTH 12 0
BBX 5 5 3 8
BITMAP
E0
00
70
00
38
ENDCHAR
STARTCHAR uni0061
ENCODING 97
SWIDTH 600 0
DWIDTH 12 0
BBX 11 9 0 0
BITMAP
FFC0
0000
00E0
0000
7FE0
0000
E0E0
0000
7FE0
ENDCHAR
STARTCHAR uni0062
ENCODING 98
SWIDTH 600 0
DWIDTH 12 0
BBX 11 13 0 0
BITMAP
E000
0000
E000
0000
FFC0
0000
E0E0
0000
E0E0
0000
E0E0
0000
FFC0
ENDCHAR
STARTCHAR uni0063
ENCODING 99
SWIDTH 600 0
DWIDTH 12 0
BBX 11 9 0 0
BITMAP
7FC0
0000
E0E0
0000
E000
0000
E0E0
0000
7FC0
ENDCHAR
STARTCHAR uni0064
ENCODING 100
SWIDTH 600 0
DWIDTH 12 0
BBX 11 13 0 0
BITMAP
00E0
0000
00E0
0000
7FE0
0000
E0E0
0000
E0E0
0000
E0E0
0000
7FE0
ENDCHAR
STARTCHAR uni0065
ENCODING 101
SWIDTH 600 0
DWIDTH 12 0
BBX 11 9 0 0
BITMAP
7FC0
0000
E0E0
0000
FFE0
0000
E000
0000
7FC0
ENDCHAR
STARTCHAR uni0066
ENCODING 102
SWIDTH 600 0
DWIDTH 12 0
BBX 11 13 0 0
BITMAP
07C0
0000
0E00
0000
FFE0
0000
0E00
0000
0E00
0000
0E00
0000
0E00
ENDCHAR
STARTCHAR uni0067
ENCODING 103
SWIDTH 600 0
DWIDTH 12 0
BBX 11 13 0 -4
BITMAP
7FE0
0000
E0E0
0000
E0E0
0000
E0E0
0000
7FE0
0000
00E0
0000
7FC0
ENDCHAR
STARTCHAR uni0068
ENCODING 104
SWIDTH 600 0
DWIDTH 12 0
BBX 11 13 0 0
BITMAP
E000
0000
E000
0000
FFC0
0000
E0E0
0000
E0E0
0000
E0E0
0000
E0E0
ENDCHAR
STARTCHAR uni0069
ENCODING 105
SWIDTH 600 0
DWIDTH 12 0
BBX 11 13 0 0
BITMAP
0E00
0000
0000
0000
FE00
0000
0E00
0000
0E00
0000
0E00
0000
FFE0
ENDCHAR
STARTCHAR uni006A
ENCODING 106
SWIDTH 600 0
DWIDTH 12 0
BBX 8 17 0 -4
BITMAP
07
00
00
00
FF
00
07
00
07
00
07
00
07
00
07
00
FE
ENDCHAR
STARTCHAR uni006B
ENCODING 107
SWIDTH 600 0
DWIDTH 12 0
BBX 11 13 0 0
BITMAP
E000
0000
E000
0000
E0E0
0000
E380
0000
FE00
0000
E380
0000
E0E0
ENDCHAR
STARTCHAR uni006C
ENCODING 108
SWIDTH 600 0
DWIDTH 12 0
BBX 11 13 0 0
BITMAP
FE00
0000
0E00
0000
0E00
0000
0E00
0000
0E00
0000
0E00
0000
07E0
ENDCHAR
STARTCHAR uni006D
ENCODING 109
SWIDTH 600 0
DWIDTH 12 0
BBX 11 9 0 0
BITMAP
FFC0
0000
EEE0
0000
EEE0
0000
EEE0
0000
EEE0
ENDCHAR
STARTCHAR uni006E
ENCODING 110
SWIDTH 600 0
DWIDTH 12 0
BBX 11 9 0 0
BITMAP
FFC0
0000
E0E0
0000
E0E0
0000
E0E0
0000
E0E0
ENDCHAR
STARTCHAR uni006F
ENCODING 111
SWIDTH 600 0
DWIDTH 12 0
BBX 11 9 0 0
BITMAP
7FC0
0000
E0E0
0000
E0E0
0000
E0E0
0000
7FC0
ENDCHAR
STARTCHAR uni0070
ENCODING 112
SWIDTH 600 0
DWIDTH 12 0
BBX 11 13 0 -4
BITMAP
FFC0
0000
E0E0
0000
E0E0
0000
E0E0
0000
FFC0
0000
E000
0000
E000
ENDCHAR
STARTCHAR uni0071
ENCODING 113
SWIDTH 600 0
DWIDTH 12 0
BBX 11 13 0 -4
BITMAP
7FE0
0000
E0E0
0000
E0E0
0000
E0E0
0000
7FE0
0000
00E0
0000
00E0
ENDCHAR
STARTCHAR uni0072
ENCODING 114
SWIDTH 600 0
DWIDTH 12 0
BBX 11 9 0 0
BITMAP
FFC0
0000
E0E0
0000
E000
0000
E000
0000
E000
ENDCHAR
STARTCHAR uni0073
ENCODING 115
SWIDTH 600 0
DWIDTH 12 0
BBX 11 9 0 0
BITMAP
7FE0
0000
E000
0000
7FC0
0000
00E0
0000
FFC0
ENDCHAR
STARTCHAR uni0074
ENCODING 116
SWIDTH 600 0
DWIDTH 12 0
BBX 11 13 0 0
BITMAP
1C00
0000
1C00
0000
FFE0
0000
1C00
0000
1C00
0000
1C00
0000
0FE0
ENDCHAR
STARTCHAR uni0075
ENCODING 117
SWIDTH 600 0
DWIDTH 12 0
BBX 11 9 0 0
BITMAP
E0E0
0000
E0E0
0000
E0E0
0000
E0E0
0000
7FE0
ENDCHAR
STARTCHAR uni0076
ENCODING 118
SWIDTH 600 0
DWIDTH 12 0
BBX 11 9 0 0
BITMAP
E0E0
0000
71C0
0000
3B80
0000
1F00
0000
0E00
ENDCHAR
STARTCHAR uni0077
ENCODING 119
SWIDTH 600 0
DWIDTH 12 0
BBX 11 9 0 0
BITMAP
EEE0
0000
EEE0
0000
EEE0
0000
EEE0
0000
7FC0
ENDCHAR
STARTCHAR uni0078
ENCODING 120
SWIDTH 600 0
DWIDTH 12 0
BBX 11 9 0 0
BITMAP
E0E0
0000
3B80
0000
0E00
0000
3B80
0000
E0E0
ENDCHAR
STARTCHAR uni0079
ENCODING 121
SWIDTH 600 0
DWIDTH 12 0
BBX 11 13 0 -4
BITMAP
E0E0
0000
71C0
0000
3B80
0000
1F00
0000
0E00
0000
1C00
0000
3800
ENDCHAR
STARTCHAR uni007A
ENCODING 122
SWIDTH 600 0
DWIDTH 12 0
BBX 11 9 0 0
BITMAP
FFE0
0000
0380
0000
0E00
0000
3800
0000
FFE0
ENDCHAR
STARTCHAR uni007B
ENCODING 123
SWIDTH 600 0
DWIDTH 12 0
BBX 7 17 1 -2
BITMAP
0E
00
38
00
38
00
38
00
E0
00
38
00
38
00
38
00
0E
ENDCHAR
STARTCHAR uni007C
ENCODING 124
SWIDTH 600 0
DWIDTH 12 0
BBX 3 19 4 -4
BITMAP
E0
00
E0
00
E0
00
E0
00
E0
00
E0
00
E0
00
E0
00
E0
00
E0
ENDCHAR
STARTCHAR uni007D
ENCODING 125
SWIDTH 600 0
DWIDTH 12 0
BBX 7 17 3 -2
BITMAP
E0
00
38
00
38
00
38
00
0E
00
38
00
38
00
38
00
E0
ENDCHAR
STARTCHAR uni007E
ENCODING 126
SWIDTH 600 0
DWIDTH 12 0
BBX 11 3 0 10
BITMAP
7EE0
0000
EFC0
ENDCHAR
STARTCHAR uni00A0
ENCODING 160
SWIDTH 600 0
DWIDTH 12 0
BBX 1 1 0 0
BITMAP
00
ENDCHAR
STARTCHAR uni00A1
ENCODING 161
SWIDTH 600 0
DWIDTH 12 0
BBX 3 13 4 -4
BITMAP
E0
00
00
00
E0
00
E0
00
E0
00
E0
00
E0
ENDCHAR
STARTCHAR uni00A2
ENCODING 162
SWIDTH 600 0
DWIDTH 12 0
BBX 11 13 0 -2
BITMAP
0E00
0000
7FC0
0000
EEE0
0000
EE00
0000
EEE0
0000
7FC0
0000
0E00
ENDCHAR
STARTCHAR uni00A3
ENCODING 163
SWIDTH 600 0
DWIDTH 12 0
BBX 11 13 0 0
BITMAP
3FC0
0000
70E0
0000
7000
0000
FF00
0000
7000
0000
70E0
0000
FFE0
ENDCHAR
STARTCHAR uni00A4
ENCODING 164
SWIDTH 600 0
DWIDTH 12 0
BBX 11 13 0 0
BITMAP
E0E0
0000
3F80
0000
71C0
0000
E0E0
0000
71C0
0000
3F80
0000
E0E0
ENDCHAR
STARTCHAR uni00A5
ENCODING 165
SWIDTH 600 0
DWIDTH 12 0
BBX 11 13 0 0
BITMAP
E0E0
0000
71C0
0000
3B80
0000
FFE0
0000
0E00
0000
FFE0
0000
0E00
ENDCHAR
STARTCHAR uni00A6
ENCODING 166
SWIDTH 600 0
DWIDTH 12 0
BBX 3 17 4 -2
BITMAP
E0
00
E0
00
E0
00
E0
00
00
00
E0
00
E0
00
E0
00
E0
ENDCHAR
STARTCHAR uni00A7
ENCODING 167
SWIDTH 600 0
DWIDTH 12 0
BBX 11 19 0 -4
BITMAP
7FC0
0000
E0E0
0000
E000
0000
7FC0
0000
E0E0
0000
E0E0
0000
7FC0
0000
00E0
0000
E0E0
0000
7FC0
ENDCHAR
STARTCHAR uni00A8
ENCODING 168
SWIDTH 600 0
DWIDTH 12 0
BBX 5 1 3 14
BITMAP
D8
ENDCHAR
STARTCHAR uni00A9
ENCODING 169
SWIDTH 600 0
DWIDTH 12 0
BBX 11 17 0 -2
BITMAP
1F00
0000
60C0
0000
CE60
0000
DB60
0000
D860
0000
DB60
0000
CE60
0000
60C0
0000
1F00
ENDCHAR
STARTCHAR uni00AA
ENCODING 170
SWIDTH 600 0
DWIDTH 12 0
BBX 6 9 1 6
BITMAP
78
00
0C
00
7C
00
CC
00
7C
ENDCHAR
STARTCHAR uni00AB
ENCODING 171
SWIDTH 600 0
DWIDTH 12 0
BBX 9 9 1 2
BITMAP
3B80
0000
7700
0000
EE00
0000
7700
0000
3B80
ENDCHAR
STARTCHAR uni00AC
ENCODING 172
SWIDTH 600 0
DWIDTH 12 0
BBX 11 5 0 4
BITMAP
FFE0
0000
00E0
0000
00E0
ENDCHAR
STARTCHAR uni00AD
ENCODING 173
SWIDTH 600 0
DWIDTH 12 0
BBX 9 1 1 6
BITMAP
FF80
ENDCHAR
STARTCHAR uni00AE
ENCODING 174
SWIDTH 600 0
DWIDTH 12 0
BBX 11 17 0 -2
BITMAP
1F00
0000
60C0
0000
DE60
0000
DB60
0000
DE60
0000
DB60
0000
DB60
0000
60C0
0000
1F00
ENDCHAR
STARTCHAR uni00AF
ENCODING 175
SWIDTH 600 0
DWIDTH 12 0
BBX 5 1 3 14
BITMAP
F8
ENDCHAR
STARTCHAR uni00B0
ENCODING 176
SWIDTH 600 0
DWIDTH 12 0
BBX 7 5 2 8
BITMAP
7C
00
C6
00
7C
ENDCHAR
STARTCHAR uni00B1
ENCODING 177
SWIDTH 600 0
DWIDTH 12 0
BBX 9 11 1 0
BITMAP
1C00
0000
1C00
0000
FF80
0000
1C00
0000
1C00
0000
FF80
ENDCHAR
STARTCHAR uni00B2
ENCODING 178
SWIDTH 600 0
DWIDTH 12 0
BBX 5 9 1 6
BITMAP
F0
00
18
00
70
00
C0
00
F8
ENDCHAR
STARTCHAR uni00B3
ENCODING 179
SWIDTH 600 0
DWIDTH 12 0
BBX 5 9 1 6
BITMAP
F0
00
18
00
F0
00
18
00
F0
ENDCHAR
STARTCHAR uni00B4
ENCODING 180
SWIDTH 600 0
DWIDTH 12 0
BBX 4 3 4 12
BITMAP
70
00
C0
ENDCHAR
STARTCHAR uni00B5
ENCODING 181
SWIDTH 600 0
DWIDTH 12 0
BBX 11 13 0 -4
BITMAP
E1C0
0000
E1C0
0000
E1C0
0000
E3C0
0000
FEE0
0000
E000
0000
E000
ENDCHAR
STARTCHAR uni00B6
ENCODING 182
SWIDTH 600 0
DWIDTH 12 0
BBX 11 19 0 -4
BITMAP
7FE0
0000
FCE0
0000
FCE0
0000
7CE0
0000
1CE0
0000
1CE0
0000
1CE0
0000
1CE0
0000
1CE0
0000
1CE0
ENDCHAR
STARTCHAR uni00B7
ENCODING 183
SWIDTH 600 0
DWIDTH 12 0
BBX 3 3 4 4
BITMAP
E0
00
E0
ENDCHAR
STARTCHAR uni00B8
ENCODING 184
SWIDTH 600 0
DWIDTH 12 0
BBX 4 5 4 -4
BITMAP
60
00
30
00
E0
ENDCHAR
STARTCHAR uni00B9
ENCODING 185
SWIDTH 600 0
DWIDTH 12 0
BBX 5 9 1 6
BITMAP
60
00
E0
00
60
00
60
00
F8
ENDCHAR
STARTCHAR uni00BA
ENCODING 186
SWIDTH 600 0
DWIDTH 12 0
BBX 6 9 0 6
BITMAP
78
00
CC
00
CC
00
CC
00
78
ENDCHAR
STARTCHAR uni00BB
ENCODING 187
SWIDTH 600 0
DWIDTH 12 0
BBX 9 9 1 2
BITMAP
EE00
0000
7700
0000
3B80
0000
7700
0000
EE00
ENDCHAR
STARTCHAR uni00BC
ENCODING 188
SWIDTH 600 0
DWIDTH 12 0
BBX 11 13 0 0
BITMAP
60C0
0000
E180
0000
6300
0000
60E0
0000
1960
0000
33E0
0000
6060
ENDCHAR
STARTCHAR uni00BD
ENCODING 189
SWIDTH 600 0
DWIDTH 12 0
BBX 11 13 0 0
BITMAP
60C0
0000
E180
0000
6300
0000
63C0
0000
1860
0000
3180
0000
63E0
ENDCHAR
STARTCHAR uni00BE
ENCODING 190
SWIDTH 600 0
DWIDTH 12 0
BBX 11 13 0 0
BITMAP
F0C0
0000
7980
0000
1B00
0000
F0E0
0000
1960
0000
33E0
0000
6060
ENDCHAR
STARTCHAR uni00BF
ENCODING 191
SWIDTH 600 0
DWIDTH 12 0
BBX 11 13 0 -4
BITMAP
0E00
0000
0000
0000
0E00
0000
3800
0000
E000
0000
E0E0
0000
7FC0
ENDCHAR
STARTCHAR uni00C0
ENCODING 192
SWIDTH 600 0
DWIDTH 12 0
BBX 11 15 0 0
BITMAP
0C00
0000
0600
0000
1F00
0000
3B80
0000
71C0
0000
FFE0
0000
E0E0
0000
E0E0
ENDCHAR
STARTCHAR uni00C1
ENCODING 193
SWIDTH 600 0
DWIDTH 12 0
BBX 11 15 0 0
BITMAP
0600
0000
0C00
0000
1F00
0000
3B80
0000
71C0
0000
FFE0
0000
E0E0
0000
E0E0
ENDCHAR
STARTCHAR uni00C2
ENCODING 194
SWIDTH 600 0
DWIDTH 12 0
BBX 11 15 0 0
BITMAP
0E00
0000
3B80
0000
1F00
0000
3B80
0000
71C0
0000
FFE0
0000
E0E0
0000
E0E0
ENDCHAR
STARTCHAR uni00C3
ENCODING 195
SWIDTH 600 0
DWIDTH 12 0
BBX 11 15 0 0
BITMAP
3CC0
0000
6780
0000
1F00
0000
3B80
0000
71C0
0000
FFE0
0000
E0E0
0000
E0E0
ENDCHAR
STARTCHAR uni00C4
ENCODING 196
SWIDTH 600 0
DWIDTH 12 0
BBX 11 15 0 0
BITMAP
1B00
0000
0E00
0000
1F00
0000
3B80
0000
71C0
0000
FFE0
0000
E0E0
0000
E0E0
ENDCHAR
STARTCHAR uni00C5
ENCODING 197
SWIDTH 600 0
DWIDTH 12 0
BBX 11 15 0 0
BITMAP
0E00
0000
1B00
0000
1F00
0000
3B80
0000
71C0
0000
FFE0
0000
E0E0
0000
E0E0
ENDCHAR
STARTCHAR uni00C6
ENCODING 198
SWIDTH 600 0
DWIDTH 12 0
BBX 11 13 0 0
BITMAP
1FE0
0000
3F00
0000
7700
0000
E7E0
0000
FF00
0000
E700
0000
E7E0
ENDCHAR
STARTCHAR uni00C7
ENCODING 199
SWIDTH 600 0
DWIDTH 12 0
BBX 11 17 0 -4
BITMAP
7FC0
0000
E0E0
0000
E000
0000
E000
0000
E000
0000
E0E0
0000
7FC0
0000
0600
0000
1E00
ENDCHAR
STARTCHAR uni00C8
ENCODING 200
SWIDTH 600 0
DWIDTH 12 0
BBX 11 15 0 0
BITMAP
0C00
0000
0600
0000
FFE0
0000
E000
0000
FFC0
0000
E000
0000
E000
0000
FFE0
ENDCHAR
STARTCHAR uni00C9
ENCODING 201
SWIDTH 600 0
DWIDTH 12 0
BBX 11 15 0 0
BITMAP
0600
0000
0C00
0000
FFE0
0000
E000
0000
FFC0
0000
E000
0000
E000
0000
FFE0
ENDCHAR
STARTCHAR uni00CA
ENCODING 202
SWIDTH 600 0
DWIDTH 12 0
BBX 11 15 0 0
BITMAP
0E00
0000
1B00
0000
FFE0
0000
E000
0000
FFC0
0000
E000
0000
E000
0000
FFE0
ENDCHAR
STARTCHAR uni00CB
ENCODING 203
SWIDTH 600 0
DWIDTH 12 0
BBX 11 15 0 0
BITMAP
1B00
0000
FFE0
0000
E000
0000
E000
0000
FFC0
0000
E000
0000
E000
0000
FFE0
ENDCHAR
STARTCHAR uni00CC
ENCODING 204
SWIDTH 600 0
DWIDTH 12 0
BBX 11 15 0 0
BITMAP
0C00
0000
0600
0000
FFE0
0000
0E00
0000
0E00
0000
0E00
0000
0E00
0000
FFE0
ENDCHAR
STARTCHAR uni00CD
ENCODING 205
SWIDTH 600 0
DWIDTH 12 0
BBX 11 15 0 0
BITMAP
0600
0000
0C00
0000
FFE0
0000
0E00
0000
0E00
0000
0E00
0000
0E00
0000
FFE0
ENDCHAR
STARTCHAR uni00CE
ENCODING 206
SWIDTH 600 0
DWIDTH 12 0
BBX 11 15 0 0
BITMAP
0E00
0000
1B00
0000
FFE0
0000
0E00
0000
0E00
0000
0E00
0000
0E00
0000
FFE0
ENDCHAR
STARTCHAR uni00CF
ENCODING 207
SWIDTH 600 0
DWIDTH 12 0
BBX 11 15 0 0
BITMAP
1B00
0000
FFE0
0000
0E00
0000
0E00
0000
0E00
0000
0E00
0000
0E00
0000
FFE0
ENDCHAR
STARTCHAR uni00D0
ENCODING 208
SWIDTH 600 0
DWIDTH 12 0
BBX 11 13 0 0
BITMAP
7FC0
0000
70E0
0000
70E0
0000
FCE0
0000
70E0
0000
70E0
0000
7FC0
ENDCHAR
STARTCHAR uni00D1
ENCODING 209
SWIDTH 600 0
DWIDTH 12 0
BBX 11 15 0 0
BITMAP
1B00
0000
F6E0
0000
F8E0
0000
FCE0
0000
EEE0
0000
E7E0
0000
E3E0
0000
E1E0
ENDCHAR
STARTCHAR uni00D2
ENCODING 210
SWIDTH 600 0
DWIDTH 12 0
BBX 11 15 0 0
BITMAP
0C00
0000
0600
0000
7FC0
0000
E0E0
0000
E0E0
0000
E0E0
0000
E0E0
0000
7FC0
ENDCHAR
STARTCHAR uni00D3
ENCODING 211
SWIDTH 600 0
DWIDTH 12 0
BBX 11 15 0 0
BITMAP
0600
0000
0C00
0000
7FC0
0000
E0E0
0000
E0E0
0000
E0E0
0000
E0E0
0000
7FC0
ENDCHAR
STARTCHAR uni00D4
ENCODING 212
SWIDTH 600 0
DWIDTH 12 0
BBX 11 15 0 0
BITMAP
0E00
0000
1B00
0000
7FC0
0000
E0E0
0000
E0E0
0000
E0E0
0000
E0E0
0000
7FC0
ENDCHAR
STARTCHAR uni00D5
ENCODING 213
SWIDTH 600 0
DWIDTH 12 0
BBX 11 15 0 0
BITMAP
3CC0
0000
6780
0000
7FC0
0000
E0E0
0000
E0E0
0000
E0E0
0000
E0E0
0000
7FC0
ENDCHAR
STARTCHAR uni00D6
ENCODING 214
SWIDTH 600 0
DWIDTH 12 0
BBX 11 15 0 0
BITMAP
1B00
0000
7FC0
0000
E0E0
0000
E0E0
0000
E0E0
0000
E0E0
0000
E0E0
0000
7FC0
ENDCHAR
STARTCHAR uni00D7
ENCODING 215
SWIDTH 600 0
DWIDTH 12 0
BBX 11 9 0 2
BITMAP
E0E0
0000
3B80
0000
0E00
0000
3B80
0000
E0E0
ENDCHAR
STARTCHAR uni00D8
ENCODING 216
SWIDTH 600 0
DWIDTH 12 0
BBX 11 17 0 -2
BITMAP
00E0
0000
7FC0
0000
E3E0
0000
E7E0
0000
EEE0
0000
FCE0
0000
F8E0
0000
7FC0
0000
E000
ENDCHAR
STARTCHAR uni00D9
ENCODING 217
SWIDTH 600 0
DWIDTH 12 0
BBX 11 15 0 0
BITMAP
0C00
0000
E6E0
0000
E0E0
0000
E0E0
0000
E0E0
0000
E0E0
0000
E0E0
0000
7FC0
ENDCHAR
STARTCHAR uni00DA
ENCODING 218
SWIDTH 600 0
DWIDTH 12 0
BBX 11 15 0 0
BITMAP
0600
0000
ECE0
0000
E0E0
0000
E0E0
0000
E0E0
0000
E0E0
0000
E0E0
0000
7FC0
ENDCHAR
STARTCHAR uni00DB
ENCODING 219
SWIDTH 600 0
DWIDTH 12 0
BBX 11 15 0 0
BITMAP
0E00
0000
1B00
0000
E0E0
0000
E0E0
0000
E0E0
0000
E0E0
0000
E0E0
0000
7FC0
ENDCHAR
STARTCHAR uni00DC
ENCODING 220
SWIDTH 600 0
DWIDTH 12 0
BBX 11 15 0 0
BITMAP
1B00
0000
E0E0
0000
E0E0
0000
E0E0
0000
E0E0
0000
E0E0
0000
E0E0
0000
7FC0
ENDCHAR
STARTCHAR uni00DD
ENCODING 221
SWIDTH 600 0
DWIDTH 12 0
BBX 11 15 0 0
BITMAP
0600
0000
ECE0
0000
71C0
0000
3B80
0000
1F00
0000
0E00
0000
0E00
0000
0E00
ENDCHAR
STARTCHAR uni00DE
ENCODING 222
SWIDTH 600 0
DWIDTH 12 0
BBX 11 13 0 0
BITMAP
E000
0000
FFC0
0000
E0E0
0000
E0E0
0000
E0E0
0000
FFC0
0000
E000
ENDCHAR
STARTCHAR uni00DF
ENCODING 223
SWIDTH 600 0
DWIDTH 12 0
BBX 11 13 0 0
BITMAP
7F80
0000
E1C0
0000
E1C0
0000
E780
0000
E0E0
0000
E0E0
0000
EFC0
ENDCHAR
STARTCHAR uni00E0
ENCODING 224
SWIDTH 600 0
DWIDTH 12 0
BBX 11 13 0 0
BITMAP
0C00
0000
0600
0000
FFC0
0000
00E0
0000
7FE0
0000
E0E0
0000
7FE0
ENDCHAR
STARTCHAR uni00E1
ENCODING 225
SWIDTH 600 0
DWIDTH 12 0
BBX 11 13 0 0
BITMAP
0600
0000
0C00
0000
FFC0
0000
00E0
0000
7FE0
0000
E0E0
0000
7FE0
ENDCHAR
STARTCHAR uni00E2
ENCODING 226
SWIDTH 600 0
DWIDTH 12 0
BBX 11 13 0 0
BITMAP
0E00
0000
1B00
0000
FFC0
0000
00E0
0000
7FE0
0000
E0E0
0000
7FE0
ENDCHAR
STARTCHAR uni00E3
ENCODING 227
SWIDTH 600 0
DWIDTH 12 0
BBX 11 13 0 0
BITMAP
3CC0
0000
6780
0000
FFC0
0000
00E0
0000
7FE0
0000
E0E0
0000
7FE0
ENDCHAR
STARTCHAR uni00E4
ENCODING 228
SWIDTH 600 0
DWIDTH 12 0
BBX 11 13 0 0
BITMAP
1B00
0000
0000
0000
FFC0
0000
00E0
0000
7FE0
0000
E0E0
0000
7FE0
ENDCHAR
STARTCHAR uni00E5
ENCODING 229
SWIDTH 600 0
DWIDTH 12 0
BBX 11 15 0 0
BITMAP
0E00
0000
1B00
0000
0E00
0000
FFC0
0000
00E0
0000
7FE0
0000
E0E0
0000
7FE0
ENDCHAR
STARTCHAR uni00E6
ENCODING 230
SWIDTH 600 0
DWIDTH 12 0
BBX 11 9 0 0
BITMAP
FBC0
0000
0E60
0000
7FE0
0000
CE00
0000
7BE0
ENDCHAR
STARTCHAR uni00E7
ENCODING 231
SWIDTH 600 0
DWIDTH 12 0
BBX 11 13 0 -4
BITMAP
7FC0
0000
E0E0
0000
E000
0000
E0E0
0000
7FC0
0000
0600
0000
1E00
ENDCHAR
STARTCHAR uni00E8
ENCODING 232
SWIDTH 600 0
DWIDTH 12 0
BBX 11 13 0 0
BITMAP
0C00
0000
0600
0000
7FC0
0000
E0E0
0000
FFE0
0000
E000
0000
7FC0
ENDCHAR
STARTCHAR uni00E9
ENCODING 233
SWIDTH 600 0
DWIDTH 12 0
BBX 11 13 0 0
BITMAP
0600
0000
0C00
0000
7FC0
0000
E0E0
0000
FFE0
0000
E000
0000
7FC0
ENDCHAR
STARTCHAR uni00EA
ENCODING 234
SWIDTH 600 0
DWIDTH 12 0
BBX 11 13 0 0
BITMAP
0E00
0000
1B00
0000
7FC0
0000
E0E0
0000
FFE0
0000
E000
0000
7FC0
ENDCHAR
STARTCHAR uni00EB
ENCODING 235
SWIDTH 600 0
DWIDTH 12 0
BBX 11 13 0 0
BITMAP
1B00
0000
0000
0000
7FC0
0000
E0E0
0000
FFE0
0000
E000
0000
7FC0
ENDCHAR
STARTCHAR uni00EC
ENCODING 236
SWIDTH 600 0
DWIDTH 12 0
BBX 11 13 0 0
BITMAP
0C00
0000
0600
0000
FE00
0000
0E00
0000
0E00
0000
0E00
0000
FFE0
ENDCHAR
STARTCHAR uni00ED
ENCODING 237
SWIDTH 600 0
DWIDTH 12 0
BBX 11 13 0 0
BITMAP
0600
0000
0C00
0000
FE00
0000
0E00
0000
0E00
0000
0E00
0000
FFE0
ENDCHAR
STARTCHAR uni00EE
ENCODING 238
SWIDTH 600 0
DWIDTH 12 0
BBX 11 13 0 0
BITMAP
0E00
0000
1B00
0000
FE00
0000
0E00
0000
0E00
0000
0E00
0000
FFE0
ENDCHAR
STARTCHAR uni00EF
ENCODING 239
SWIDTH 600 0
DWIDTH 12 0
BBX 11 13 0 0
BITMAP
1B00
0000
0000
0000
FE00
0000
0E00
0000
0E00
0000
0E00
0000
FFE0
ENDCHAR
STARTCHAR uni00F0
ENCODING 240
SWIDTH 600 0
DWIDTH 12 0
BBX 11 15 0 0
BITMAP
0700
0000
7FC0
0000
1CE0
0000
7FE0
0000
E0E0
0000
E0E0
0000
E0E0
0000
7FC0
ENDCHAR
STARTCHAR uni00F1
ENCODING 241
SWIDTH 600 0
DWIDTH 12 0
BBX 11 13 0 0
BITMAP
3CC0
0000
6780
0000
FFC0
0000
E0E0
0000
E0E0
0000
E0E0
0000
E0E0
ENDCHAR
STARTCHAR uni00F2
ENCODING 242
SWIDTH 600 0
DWIDTH 12 0
BBX 11 13 0 0
BITMAP
0C00
0000
0600
0000
7FC0
0000
E0E0
0000
E0E0
0000
E0E0
0000
7FC0
ENDCHAR
STARTCHAR uni00F3
ENCODING 243
SWIDTH 600 0
DWIDTH 12 0
BBX 11 13 0 0
BITMAP
0600
0000
0C00
0000
7FC0
0000
E0E0
0000
E0E0
0000
E0E0
0000
7FC0
ENDCHAR
STARTCHAR uni00F4
ENCODING 244
SWIDTH 600 0
DWIDTH 12 0
BBX 11 13 0 0
BITMAP
0E00
0000
1B00
0000
7FC0
0000
E0E0
0000
E0E0
0000
E0E0
0000
7FC0
ENDCHAR
STARTCHAR uni00F5
ENCODING 245
SWIDTH 600 0
DWIDTH 12 0
BBX 11 13 0 0
BITMAP
3CC0
0000
6780
0000
7FC0
0000
E0E0
0000
E0E0
0000
E0E0
0000
7FC0
ENDCHAR
STARTCHAR uni00F6
ENCODING 246
SWIDTH 600 0
DWIDTH 12 0
BBX 11 13 0 0
BITMAP
1B00
0000
0000
0000
7FC0
0000
E0E0
0000
E0E0
0000
E0E0
0000
7FC0
ENDCHAR
STARTCHAR uni00F7
ENCODING 247
SWIDTH 600 0
DWIDTH 12 0
BBX 9 9 1 2
BITMAP
1C00
0000
0000
0000
FF80
0000
0000
0000
1C00
ENDCHAR
STARTCHAR uni00F8
ENCODING 248
SWIDTH 600 0
DWIDTH 12 0
BBX 11 13 0 -2
BITMAP
00E0
0000
7FC0
0000
E3E0
0000
EEE0
0000
F8E0
0000
7FC0
0000
E000
ENDCHAR
STARTCHAR uni00F9
ENCODING 249
SWIDTH 600 0
DWIDTH 12 0
BBX 11 13 0 0
BITMAP
0C00
0000
0600
0000
E0E0
0000
E0E0
0000
E0E0
0000
E0E0
0000
7FE0
ENDCHAR
STARTCHAR uni00FA
ENCODING 250
SWIDTH 600 0
DWIDTH 12 0
BBX 11 13 0 0
BITMAP
0600
0000
0C00
0000
E0E0
0000
E0E0
0000
E0E0
0000
E0E0
0000
7FE0
ENDCHAR
STARTCHAR uni00FB
ENCODING 251
SWIDTH 600 0
DWIDTH 12 0
BBX 11 13 0 0
BITMAP
0E00
0000
1B00
0000
E0E0
0000
E0E0
0000
E0E0
0000
E0E0
0000
7FE0
ENDCHAR
STARTCHAR uni00FC
ENCODING 252
SWIDTH 600 0
DWIDTH 12 0
BBX 11 13 0 0
BITMAP
1B00
0000
0000
0000
E0E0
0000
E0E0
0000
E0E0
0000
E0E0
0000
7FE0
ENDCHAR
STARTCHAR uni00FD
ENCODING 253
SWIDTH 600 0
DWIDTH 12 0
BBX 11 17 0 -4
BITMAP
0600
0000
0C00
0000
E0E0
0000
71C0
0000
3B80
0000
1F00
0000
0E00
0000
1C00
0000
3800
ENDCHAR
STARTCHAR uni00FE
ENCODING 254
SWIDTH 600 0
DWIDTH 12 0
BBX 11 17 0 -4
BITMAP
E000
0000
E000
0000
FFC0
0000
E0E0
0000
E0E0
0000
E0E0
0000
FFC0
0000
E000
0000
E000
ENDCHAR
STARTCHAR uni00FF
ENCODING 255
SWIDTH 600 0
DWIDTH 12 0
BBX 11 17 0 -4
BITMAP
1B00
0000
0000
0000
E0E0
0000
71C0
0000
3B80
0000
1F00
0000
0E00
0000
1C00
0000
3800
ENDCHAR
STARTCHAR uni0100
ENCODING 256
SWIDTH 600 0
DWIDTH 12 0
BBX 11 15 0 0
BITMAP
3F80
0000
0E00
0000
1F00
0000
3B80
0000
71C0
0000
FFE0
0000
E0E0
0000
E0E0
ENDCHAR
STARTCHAR uni0101
ENCODING 257
SWIDTH 600 0
DWIDTH 12 0
BBX 11 13 0 0
BITMAP
3F80
0000
0000
0000
FFC0
0000
00E0
0000
7FE0
0000
E0E0
0000
7FE0
ENDCHAR
STARTCHAR uni0102
ENCODING 258
SWIDTH 600 0
DWIDTH 12 0
BBX 11 15 0 0
BITMAP
3180
0000
1F00
0000
1F00
0000
3B80
0000
71C0
0000
FFE0
0000
E0E0
0000
E0E0
ENDCHAR
STARTCHAR uni0103
ENCODING 259
SWIDTH 600 0
DWIDTH 12 0
BBX 11 15 0 0
BITMAP
3180
0000
1F00
0000
0000
0000
FFC0
0000
00E0
0000
7FE0
0000
E0E0
0000
7FE0
ENDCHAR
STARTCHAR uni0104
ENCODING 260
SWIDTH 600 0
DWIDTH 12 0
BBX 11 17 0 -4
BITMAP
0E00
0000
1F00
0000
3B80
0000
71C0
0000
FFE0
0000
E0E0
0000
E0E0
0000
0180
0000
00E0
ENDCHAR
STARTCHAR uni0105
ENCODING 261
SWIDTH 600 0
DWIDTH 12 0
BBX 11 13 0 -4
BITMAP
FFC0
0000
00E0
0000
7FE0
0000
E0E0
0000
7FE0
0000
0180
0000
00E0
ENDCHAR
STARTCHAR uni0106
ENCODING 262
SWIDTH 600 0
DWIDTH 12 0
BBX 11 15 0 0
BITMAP
0600
0000
0C00
0000
7FC0
0000
E0E0
0000
E000
0000
E000
0000
E0E0
0000
7FC0
ENDCHAR
STARTCHAR uni0107
ENCODING 263
SWIDTH 600 0
DWIDTH 12 0
BBX 11 13 0 0
BITMAP
0600
0000
0C00
0000
7FC0
0000
E0E0
0000
E000
0000
E0E0
0000
7FC0
ENDCHAR
STARTCHAR uni0108
ENCODING 264
SWIDTH 600 0
DWIDTH 12 0
BBX 11 15 0 0
BITMAP
0E00
0000
1B00
0000
7FC0
0000
E0E0
0000
E000
0000
E000
0000
E0E0
0000
7FC0
ENDCHAR
STARTCHAR uni0109
ENCODING 265
SWIDTH 600 0
DWIDTH 12 0
BBX 11 13 0 0
BITMAP
0E00
0000
1B00
0000
7FC0
0000
E0E0
0000
E000
0000
E0E0
0000
7FC0
ENDCHAR
STARTCHAR uni010A
ENCODING 266
SWIDTH 600 0
DWIDTH 12 0
BBX 11 15 0 0
BITMAP
0400
0000
7FC0
0000
E0E0
0000
E0E0
0000
E000
0000
E000
0000
E0E0
0000
7FC0
ENDCHAR
STARTCHAR uni010B
ENCODING 267
SWIDTH 600 0
DWIDTH 12 0
BBX 11 13 0 0
BITMAP
0400
0000
0000
0000
7FC0
0000
E0E0
0000
E000
0000
E0E0
0000
7FC0
ENDCHAR
STARTCHAR uni010C
ENCODING 268
SWIDTH 600 0
DWIDTH 12 0
BBX 11 15 0 0
BITMAP
1B00
0000
0E00
0000
7FC0
0000
E0E0
0000
E000
0000
E000
0000
E0E0
0000
7FC0
ENDCHAR
STARTCHAR uni010D
ENCODING 269
SWIDTH 600 0
DWIDTH 12 0
BBX 11 13 0 0
BITMAP
1B00
0000
0E00
0000
7FC0
0000
E0E0
0000
E000
0000
E0E0
0000
7FC0
ENDCHAR
STARTCHAR uni010E
ENCODING 270
SWIDTH 600 0
DWIDTH 12 0
BBX 11 15 0 0
BITMAP
1B00
0000
0E00
0000
FFC0
0000
E0E0
0000
E0E0
0000
E0E0
0000
E0E0
0000
FFC0
ENDCHAR
STARTCHAR uni010F
ENCODING 271
SWIDTH 600 0
DWIDTH 12 0
BBX 11 13 0 0
BITMAP
03A0
0000
03A0
0000
7F80
0000
E380
0000
E380
0000
E380
0000
7F80
ENDCHAR
STARTCHAR uni0110
ENCODING 272
SWIDTH 600 0
DWIDTH 12 0
BBX 11 13 0 0
BITMAP
7FC0
0000
70E0
0000
70E0
0000
FCE0
0000
70E0
0000
70E0
0000
7FC0
ENDCHAR
STARTCHAR uni0111
ENCODING 273
SWIDTH 600 0
DWIDTH 12 0
BBX 11 13 0 0
BITMAP
01C0
0000
0FE0
0000
01C0
0000
7FC0
0000
E1C0
0000
E1C0
0000
7FC0
ENDCHAR
STARTCHAR uni0112
ENCODING 274
SWIDTH 600 0
DWIDTH 12 0
BBX 11 15 0 0
BITMAP
7FC0
0000
FFE0
0000
E000
0000
E000
0000
FFC0
0000
E000
0000
E000
0000
FFE0
ENDCHAR
STARTCHAR uni0113
ENCODING 275
SWIDTH 600 0
DWIDTH 12 0
BBX 11 13 0 0
BITMAP
7FC0
0000
0000
0000
7FC0
0000
E0E0
0000
FFE0
0000
E000
0000
7FC0
ENDCHAR
STARTCHAR uni0114
ENCODING 276
SWIDTH 600 0
DWIDTH 12 0
BBX 11 15 0 0
BITMAP
3180
0000
1F00
0000
FFE0
0000
E000
0000
FFC0
0000
E000
0000
E000
0000
FFE0
ENDCHAR
STARTCHAR uni0115
ENCODING 277
SWIDTH 600 0
DWIDTH 12 0
BBX 11 13 0 0
BITMAP
3180
0000
1F00
0000
7FC0
0000
E0E0
0000
FFE0
0000
E000
0000
7FC0
ENDCHAR
STARTCHAR uni0116
ENCODING 278
SWIDTH 600 0
DWIDTH 12 0
BBX 11 15 0 0
BITMAP
0400
0000
FFE0
0000
E000
0000
E000
0000
FFC0
0000
E000
0000
E000
0000
FFE0
ENDCHAR
STARTCHAR uni0117
ENCODING 279
SWIDTH 600 0
DWIDTH 12 0
BBX 11 13 0 0
BITMAP
0400
0000
0000
0000
7FC0
0000
E0E0
0000
FFE0
0000
E000
0000
7FC0
ENDCHAR
STARTCHAR uni0118
ENCODING 280
SWIDTH 600 0
DWIDTH 12 0
BBX 11 17 0 -4
BITMAP
FFE0
0000
E000
0000
E000
0000
FFC0
0000
E000
0000
E000
0000
FFE0
0000
0180
0000
00E0
ENDCHAR
STARTCHAR uni0119
ENCODING 281
SWIDTH 600 0
DWIDTH 12 0
BBX 11 13 0 -4
BITMAP
7FC0
0000
E0E0
0000
FFE0
0000
E000
0000
7FC0
0000
0600
0000
0380
ENDCHAR
STARTCHAR uni011A
ENCODING 282
SWIDTH 600 0
DWIDTH 12 0
BBX 11 15 0 0
BITMAP
1B00
0000
0E00
0000
FFE0
0000
E000
0000
FFC0
0000
E000
0000
E000
0000
FFE0
ENDCHAR
STARTCHAR uni011B
ENCODING 283
SWIDTH 600 0
DWIDTH 12 0
BBX 11 13 0 0
BITMAP
1B00
0000
0E00
0000
7FC0
0000
E0E0
0000
FFE0
0000
E000
0000
7FC0
ENDCHAR
STARTCHAR uni011C
ENCODING 284
SWIDTH 600 0
DWIDTH 12 0
BBX 11 15 0 0
BITMAP
0E00
0000
1B00
0000
7FE0
0000
E000
0000
E000
0000
E7E0
0000
E0E0
0000
7FE0
ENDCHAR
STARTCHAR uni011D
ENCODING 285
SWIDTH 600 0
DWIDTH 12 0
BBX 11 17 0 -4
BITMAP
0E00
0000
1B00
0000
7FE0
0000
E0E0
0000
E0E0
0000
E0E0
0000
7FE0
0000
00E0
0000
7FC0
ENDCHAR
STARTCHAR uni011E
ENCODING 286
SWIDTH 600 0
DWIDTH 12 0
BBX 11 15 0 0
BITMAP
3180
0000
1F00
0000
7FE0
0000
E000
0000
E000
0000
E7E0
0000
E0E0
0000
7FE0
ENDCHAR
STARTCHAR uni011F
ENCODING 287
SWIDTH 600 0
DWIDTH 12 0
BBX 11 17 0 -4
BITMAP
3180
0000
1F00
0000
7FE0
0000
E0E0
0000
E0E0
0000
E0E0
0000
7FE0
0000
00E0
0000
7FC0
ENDCHAR
STARTCHAR uni0120
ENCODING 288
SWIDTH 600 0
DWIDTH 12 0
BBX 11 15 0 0
BITMAP
0400
0000
7FE0
0000
E000
0000
E000
0000
E7E0
0000
E0E0
0000
E0E0
0000
7FE0
ENDCHAR
STARTCHAR uni0121
ENCODING 289
SWIDTH 600 0
DWIDTH 12 0
BBX 11 17 0 -4
BITMAP
0400
0000
0000
0000
7FE0
0000
E0E0
0000
E0E0
0000
E0E0
0000
7FE0
0000
00E0
0000
7FC0
ENDCHAR
STARTCHAR uni0122
ENCODING 290
SWIDTH 600 0
DWIDTH 12 0
BBX 11 17 0 -4
BITMAP
7FE0
0000
E000
0000
E000
0000
E7E0
0000
E0E0
0000
E0E0
0000
7FE0
0000
0600
0000
0C00
ENDCHAR
STARTCHAR uni0123
ENCODING 291
SWIDTH 600 0
DWIDTH 12 0
BBX 11 17 0 -4
BITMAP
0600
0000
0C00
0000
7FE0
0000
E0E0
0000
E0E0
0000
E0E0
0000
7FE0
0000
00E0
0000
7FC0
ENDCHAR
STARTCHAR uni0124
ENCODING 292
SWIDTH 600 0
DWIDTH 12 0
BBX 11 15 0 0
BITMAP
0E00
0000
1B00
0000
E0E0
0000
E0E0
0000
FFE0
0000
E0E0
0000
E0E0
0000
E0E0
ENDCHAR
STARTCHAR uni0125
ENCODING 293
SWIDTH 600 0
DWIDTH 12 0
BBX 11 15 0 0
BITMAP
0E00
0000
1B00
0000
E000
0000
E000
0000
FFC0
0000
E0E0
0000
E0E0
0000
E0E0
ENDCHAR
STARTCHAR uni0126
ENCODING 294
SWIDTH 600 0
DWIDTH 12 0
BBX 11 13 0 0
BITMAP
71C0
0000
FFE0
0000
71C0
0000
7FC0
0000
71C0
0000
71C0
0000
71C0
ENDCHAR
STARTCHAR uni0127
ENCODING 295
SWIDTH 600 0
DWIDTH 12 0
BBX 11 13 0 0
BITMAP
7000
0000
FF00
0000
7000
0000
7FC0
0000
70E0
0000
70E0
0000
70E0
ENDCHAR
STARTCHAR uni0128
ENCODING 296
SWIDTH 600 0
DWIDTH 12 0
BBX 11 15 0 0
BITMAP
3CC0
0000
6780
0000
FFE0
0000
0E00
0000
0E00
0000
0E00
0000
0E00
0000
FFE0
ENDCHAR
STARTCHAR uni0129
ENCODING 297
SWIDTH 600 0
DWIDTH 12 0
BBX 11 13 0 0
BITMAP
3CC0
0000
6780
0000
FE00
0000
0E00
0000
0E00
0000
0E00
0000
FFE0
ENDCHAR
STARTCHAR uni012A
ENCODING 298
SWIDTH 600 0
DWIDTH 12 0
BBX 11 15 0 0
BITMAP
7FC0
0000
0000
0000
FFE0
0000
0E00
0000
0E00
0000
0E00
0000
0E00
0000
FFE0
ENDCHAR
STARTCHAR uni012B
ENCODING 299
SWIDTH 600 0
DWIDTH 12 0
BBX 11 13 0 0
BITMAP
7FC0
0000
0000
0000
FE00
0000
0E00
0000
0E00
0000
0E00
0000
FFE0
ENDCHAR
STARTCHAR uni012C
ENCODING 300
SWIDTH 600 0
DWIDTH 12 0
BBX 11 15 0 0
BITMAP
3180
0000
1F00
0000
FFE0
0000
0E00
0000
0E00
0000
0E00
0000
0E00
0000
FFE0
ENDCHAR
STARTCHAR uni012D
ENCODING 301
SWIDTH 600 0
DWIDTH 12 0
BBX 11 13 0 0
BITMAP
3180
0000
1F00
0000
FE00
0000
0E00
0000
0E00
0000
0E00
0000
FFE0
ENDCHAR
STARTCHAR uni012E
ENCODING 302
SWIDTH 600 0
DWIDTH 12 0
BBX 11 17 0 -4
BITMAP
FFE0
0000
0E00
0000
0E00
0000
0E00
0000
0E00
0000
0E00
0000
FFE0
0000
0C00
0000
0700
ENDCHAR
STARTCHAR uni012F
ENCODING 303
SWIDTH 600 0
DWIDTH 12 0
BBX 11 17 0 -4
BITMAP
0E00
0000
0000
0000
FE00
0000
0E00
0000
0E00
0000
0E00
0000
FFE0
0000
0C00
0000
0700
ENDCHAR
STARTCHAR uni0130
ENCODING 304
SWIDTH 600 0
DWIDTH 12 0
BBX 11 15 0 0
BITMAP
0400
0000
FFE0
0000
0E00
0000
0E00
0000
0E00
0000
0E00
0000
0E00
0000
FFE0
ENDCHAR
STARTCHAR uni0131
ENCODING 305
SWIDTH 600 0
DWIDTH 12 0
BBX 11 9 0 0
BITMAP
FE00
0000
0E00
0000
0E00
0000
0E00
0000
FFE0
ENDCHAR
STARTCHAR uni0132
ENCODING 306
SWIDTH 600 0
DWIDTH 12 0
BBX 11 17 0 -4
BITMAP
FFE0
0000
38E0
0000
38E0
0000
38E0
0000
38E0
0000
38E0
0000
FEE0
0000
00E0
0000
1FC0
ENDCHAR
STARTCHAR uni0133
ENCODING 307
SWIDTH 600 0
DWIDTH 12 0
BBX 11 17 0 -4
BITMAP
38E0
0000
0000
0000
FFE0
0000
38E0
0000
38E0
0000
38E0
0000
FEE0
0000
00E0
0000
1FC0
ENDCHAR
STARTCHAR uni0134
ENCODING 308
SWIDTH 600 0
DWIDTH 12 0
BBX 12 15 0 0
BITMAP
00E0
0000
01B0
0000
00E0
0000
00E0
0000
00E0
0000
E0E0
0000
E0E0
0000
7FC0
ENDCHAR
STARTCHAR uni0135
ENCODING 309
SWIDTH 600 0
DWIDTH 12 0
BBX 9 17 0 -4
BITMAP
0700
0000
0D80
0000
FF00
0000
0700
0000
0700
0000
0700
0000
0700
0000
0700
0000
FE00
ENDCHAR
STARTCHAR uni0136
ENCODING 310
SWIDTH 600 0
DWIDTH 12 0
BBX 11 17 0 -4
BITMAP
E0E0
0000
E1C0
0000
E380
0000
FF00
0000
E380
0000
E1C0
0000
E0E0
0000
0600
0000
0C00
ENDCHAR
STARTCHAR uni0137
ENCODING 311
SWIDTH 600 0
DWIDTH 12 0
BBX 11 17 0 -4
BITMAP
E000
0000
E000
0000
E0E0
0000
E380
0000
FE00
0000
E380
0000
E0E0
0000
0600
0000
0C00
ENDCHAR
STARTCHAR uni0138
ENCODING 312
SWIDTH 600 0
DWIDTH 12 0
BBX 11 9 0 0
BITMAP
E0E0
0000
E380
0000
FE00
0000
E380
0000
E0E0
ENDCHAR
STARTCHAR uni0139
ENCODING 313
SWIDTH 600 0
DWIDTH 12 0
BBX 11 15 0 0
BITMAP
6000
0000
C000
0000
E000
0000
E000
0000
E000
0000
E000
0000
E000
0000
FFE0
ENDCHAR
STARTCHAR uni013A
ENCODING 314
SWIDTH 600 0
DWIDTH 12 0
BBX 11 15 0 0
BITMAP
0600
0000
0C00
0000
FE00
0000
0E00
0000
0E00
0000
0E00
0000
0E00
0000
07E0
ENDCHAR
STARTCHAR uni013B
ENCODING 315
SWIDTH 600 0
DWIDTH 12 0
BBX 11 17 0 -4
BITMAP
E000
0000
E000
0000
E000
0000
E000
0000
E000
0000
E000
0000
FFE0
0000
0600
0000
0C00
ENDCHAR
STARTCHAR uni013C
ENCODING 316
SWIDTH 600 0
DWIDTH 12 0
BBX 11 17 0 -4
BITMAP
FE00
0000
0E00
0000
0E00
0000
0E00
0000
0E00
0000
0E00
0000
07E0
0000
0600
0000
0C00
ENDCHAR
STARTCHAR uni013D
ENCODING 317
SWIDTH 600 0
DWIDTH 12 0
BBX 11 13 0 0
BITMAP
E300
0000
E600
0000
E000
0000
E000
0000
E000
0000
E000
0000
FFE0
ENDCHAR
STARTCHAR uni013E
ENCODING 318
SWIDTH 600 0
DWIDTH 12 0
BBX 11 13 0 0
BITMAP
FE60
0000
0EC0
0000
0E00
0000
0E00
0000
0E00
0000
0E00
0000
07E0
ENDCHAR
STARTCHAR uni013F
ENCODING 319
SWIDTH 600 0
DWIDTH 12 0
BBX 11 13 0 0
BITMAP
E000
0000
E000
0000
E000
0000
E100
0000
E000
0000
E000
0000
FFE0
ENDCHAR
STARTCHAR uni0140
ENCODING 320
SWIDTH 600 0
DWIDTH 12 0
BBX 11 13 0 0
BITMAP
FE00
0000
0E00
0000
0E00
0000
0E40
0000
0E00
0000
0E00
0000
07E0
ENDCHAR
STARTCHAR uni0141
ENCODING 321
SWIDTH 600 0
DWIDTH 12 0
BBX 11 13 0 0
BITMAP
3800
0000
3800
0000
3E00
0000
F800
0000
3800
0000
3800
0000
3FE0
ENDCHAR
STARTCHAR uni0142
ENCODING 322
SWIDTH 600 0
DWIDTH 12 0
BBX 11 13 0 0
BITMAP
FE00
0000
0E00
0000
0F80
0000
3E00
0000
0E00
0000
0E00
0000
07E0
ENDCHAR
STARTCHAR uni0143
ENCODING 323
SWIDTH 600 0
DWIDTH 12 0
BBX 11 15 0 0
BITMAP
0300
0000
F6E0
0000
F8E0
0000
FCE0
0000
EEE0
0000
E7E0
0000
E3E0
0000
E1E0
ENDCHAR
STARTCHAR uni0144
ENCODING 324
SWIDTH 600 0
DWIDTH 12 0
BBX 11 13 0 0
BITMAP
0600
0000
0C00
0000
FFC0
0000
E0E0
0000
E0E0
0000
E0E0
0000
E0E0
ENDCHAR
STARTCHAR uni0145
ENCODING 325
SWIDTH 600 0
DWIDTH 12 0
BBX 11 17 0 -4
BITMAP
F0E0
0000
F8E0
0000
FCE0
0000
EEE0
0000
E7E0
0000
E3E0
0000
E1E0
0000
0600
0000
0C00
ENDCHAR
STARTCHAR uni0146
ENCODING 326
SWIDTH 600 0
DWIDTH 12 0
BBX 11 13 0 -4
BITMAP
FFC0
0000
E0E0
0000
E0E0
0000
E0E0
0000
E0E0
0000
0600
0000
0C00
ENDCHAR
STARTCHAR uni0147
ENCODING 327
SWIDTH 600 0
DWIDTH 12 0
BBX 11 15 0 0
BITMAP
1B00
0000
EEE0
0000
F8E0
0000
FCE0
0000
EEE0
0000
E7E0
0000
E3E0
0000
E1E0
ENDCHAR
STARTCHAR uni0148
ENCODING 328
SWIDTH 600 0
DWIDTH 12 0
BBX 11 13 0 0
BITMAP
1B00
0000
0E00
0000
FFC0
0000
E0E0
0000
E0E0
0000
E0E0
0000
E0E0
ENDCHAR
STARTCHAR uni0149
ENCODING 329
SWIDTH 600 0
DWIDTH 12 0
BBX 11 15 0 0
BITMAP
E000
0000
6000
0000
C000
0000
7FC0
0000
70E0
0000
70E0
0000
70E0
0000
70E0
ENDCHAR
STARTCHAR uni014A
ENCODING 330
SWIDTH 600 0
DWIDTH 12 0
BBX 11 17 0 -4
BITMAP
F0E0
0000
F8E0
0000
FCE0
0000
EEE0
0000
E7E0
0000
E3E0
0000
E1E0
0000
00E0
0000
0FC0
ENDCHAR
STARTCHAR uni014B
ENCODING 331
SWIDTH 600 0
DWIDTH 12 0
BBX 11 13 0 -4
BITMAP
FFC0
0000
E0E0
0000
E0E0
0000
E0E0
0000
E0E0
0000
00E0
0000
0FC0
ENDCHAR
STARTCHAR uni014C
ENCODING 332
SWIDTH 600 0
DWIDTH 12 0
BBX 11 15 0 0
BITMAP
7FC0
0000
0000
0000
7FC0
0000
E0E0
0000
E0E0
0000
E0E0
0000
E0E0
0000
7FC0
ENDCHAR
STARTCHAR uni014D
ENCODING 333
SWIDTH 600 0
DWIDTH 12 0
BBX 11 13 0 0
BITMAP
7FC0
0000
0000
0000
7FC0
0000
E0E0
0000
E0E0
0000
E0E0
0000
7FC0
ENDCHAR
STARTCHAR uni014E
ENCODING 334
SWIDTH 600 0
DWIDTH 12 0
BBX 11 15 0 0
BITMAP
3180
0000
1F00
0000
7FC0
0000
E0E0
0000
E0E0
0000
E0E0
0000
E0E0
0000
7FC0
ENDCHAR
STARTCHAR uni014F
ENCODING 335
SWIDTH 600 0
DWIDTH 12 0
BBX 11 13 0 0
BITMAP
3180
0000
1F00
0000
7FC0
0000
E0E0
0000
E0E0
0000
E0E0
0000
7FC0
ENDCHAR
STARTCHAR uni0150
ENCODING 336
SWIDTH 600 0
DWIDTH 12 0
BBX 11 15 0 0
BITMAP
0D80
0000
1B00
0000
7FC0
0000
E0E0
0000
E0E0
0000
E0E0
0000
E0E0
0000
7FC0
ENDCHAR
STARTCHAR uni0151
ENCODING 337
SWIDTH 600 0
DWIDTH 12 0
BBX 11 13 0 0
BITMAP
0D80
0000
1B00
0000
7FC0
0000
E0E0
0000
E0E0
0000
E0E0
0000
7FC0
ENDCHAR
STARTCHAR uni0152
ENCODING 338
SWIDTH 600 0
DWIDTH 12 0
BBX 11 13 0 0
BITMAP
7FE0
0000
E700
0000
E700
0000
E7E0
0000
E700
0000
E700
0000
7FE0
ENDCHAR
STARTCHAR uni0153
ENCODING 339
SWIDTH 600 0
DWIDTH 12 0
BBX 11 9 0 0
BITMAP
7BC0
0000
CE60
0000
CFE0
0000
CE00
0000
7BC0
ENDCHAR
STARTCHAR uni0154
ENCODING 340
SWIDTH 600 0
DWIDTH 12 0
BBX 11 15 0 0
BITMAP
0600
0000
0C00
0000
FFC0
0000
E0E0
0000
E0E0
0000
FF80
0000
E1C0
0000
E0E0
ENDCHAR
STARTCHAR uni0155
ENCODING 341
SWIDTH 600 0
DWIDTH 12 0
BBX 11 13 0 0
BITMAP
0600
0000
0C00
0000
FFC0
0000
E0E0
0000
E000
0000
E000
0000
E000
ENDCHAR
STARTCHAR uni0156
ENCODING 342
SWIDTH 600 0
DWIDTH 12 0
BBX 11 17 0 -4
BITMAP
FFC0
0000
E0E0
0000
E0E0
0000
FFC0
0000
E380
0000
E1C0
0000
E0E0
0000
0600
0000
0C00
ENDCHAR
STARTCHAR uni0157
ENCODING 343
SWIDTH 600 0
DWIDTH 12 0
BBX 11 13 0 -4
BITMAP
FFC0
0000
E0E0
0000
E000
0000
E000
0000
E000
0000
6000
0000
C000
ENDCHAR
STARTCHAR uni0158
ENCODING 344
SWIDTH 600 0
DWIDTH 12 0
BBX 11 15 0 0
BITMAP
1B00
0000
0E00
0000
FFC0
0000
E0E0
0000
E0E0
0000
FF80
0000
E1C0
0000
E0E0
ENDCHAR
STARTCHAR uni0159
ENCODING 345
SWIDTH 600 0
DWIDTH 12 0
BBX 11 13 0 0
BITMAP
1B00
0000
0E00
0000
FFC0
0000
E0E0
0000
E000
0000
E000
0000
E000
ENDCHAR
STARTCHAR uni015A
ENCODING 346
SWIDTH 600 0
DWIDTH 12 0
BBX 11 15 0 0
BITMAP
0600
0000
0C00
0000
7FC0
0000
E0E0
0000
3C00
0000
0780
0000
E0E0
0000
7FC0
ENDCHAR
STARTCHAR uni015B
ENCODING 347
SWIDTH 600 0
DWIDTH 12 0
BBX 11 13 0 0
BITMAP
0600
0000
0C00
0000
7FE0
0000
E000
0000
7FC0
0000
00E0
0000
FFC0
ENDCHAR
STARTCHAR uni015C
ENCODING 348
SWIDTH 600 0
DWIDTH 12 0
BBX 11 15 0 0
BITMAP
0E00
0000
1B00
0000
7FC0
0000
E0E0
0000
3C00
0000
0780
0000
E0E0
0000
7FC0
ENDCHAR
STARTCHAR uni015D
ENCODING 349
SWIDTH 600 0
DWIDTH 12 0
BBX 11 13 0 0
BITMAP
0E00
0000
1B00
0000
7FE0
0000
E000
0000
7FC0
0000
00E0
0000
FFC0
ENDCHAR
STARTCHAR uni015E
ENCODING 350
SWIDTH 600 0
DWIDTH 12 0
BBX 11 17 0 -4
BITMAP
7FC0
0000
E0E0
0000
E000
0000
7FC0
0000
00E0
0000
E0E0
0000
7FC0
0000
0600
0000
1E00
ENDCHAR
STARTCHAR uni015F
ENCODING 351
SWIDTH 600 0
DWIDTH 12 0
BBX 11 13 0 -4
BITMAP
7FE0
0000
E000
0000
7FC0
0000
00E0
0000
FFC0
0000
0600
0000
1E00
ENDCHAR
STARTCHAR uni0160
ENCODING 352
SWIDTH 600 0
DWIDTH 12 0
BBX 11 15 0 0
BITMAP
1B00
0000
0E00
0000
7FC0
0000
E0E0
0000
3C00
0000
0780
0000
E0E0
0000
7FC0
ENDCHAR
STARTCHAR uni0161
ENCODING 353
SWIDTH 600 0
DWIDTH 12 0
BBX 11 13 0 0
BITMAP
1B00
0000
0E00
0000
7FE0
0000
E000
0000
7FC0
0000
00E0
0000
FFC0
ENDCHAR
STARTCHAR uni0162
ENCODING 354
SWIDTH 600 0
DWIDTH 12 0
BBX 11 17 0 -4
BITMAP
FFE0
0000
0E00
0000
0E00
0000
0E00
0000
0E00
0000
0E00
0000
0E00
0000
0300
0000
1F00
ENDCHAR
STARTCHAR uni0163
ENCODING 355
SWIDTH 600 0
DWIDTH 12 0
BBX 11 17 0 -4
BITMAP
1C00
0000
1C00
0000
FFE0
0000
1C00
0000
1C00
0000
1C00
0000
0FE0
0000
0180
0000
0780
ENDCHAR
STARTCHAR uni0164
ENCODING 356
SWIDTH 600 0
DWIDTH 12 0
BBX 11 15 0 0
BITMAP
1B00
0000
0E00
0000
FFE0
0000
0E00
0000
0E00
0000
0E00
0000
0E00
0000
0E00
ENDCHAR
STARTCHAR uni0165
ENCODING 357
SWIDTH 600 0
DWIDTH 12 0
BBX 11 15 0 0
BITMAP
00E0
0000
1C60
0000
1CC0
0000
FFE0
0000
1C00
0000
1C00
0000
1C00
0000
0FE0
ENDCHAR
STARTCHAR uni0166
ENCODING 358
SWIDTH 600 0
DWIDTH 12 0
BBX 11 13 0 0
BITMAP
FFE0
0000
0E00
0000
0E00
0000
7FC0
0000
0E00
0000
0E00
0000
0E00
ENDCHAR
STARTCHAR uni0167
ENCODING 359
SWIDTH 600 0
DWIDTH 12 0
BBX 11 13 0 0
BITMAP
1C00
0000
1C00
0000
FFE0
0000
1C00
0000
FF80
0000
1C00
0000
0FE0
ENDCHAR
STARTCHAR uni0168
ENCODING 360
SWIDTH 600 0
DWIDTH 12 0
BBX 11 15 0 0
BITMAP
3CC0
0000
6780
0000
E0E0
0000
E0E0
0000
E0E0
0000
E0E0
0000
E0E0
0000
7FC0
ENDCHAR
STARTCHAR uni0169
ENCODING 361
SWIDTH 600 0
DWIDTH 12 0
BBX 11 15 0 0
BITMAP
3CC0
0000
6780
0000
0000
0000
E0E0
0000
E0E0
0000
E0E0
0000
E0E0
0000
7FE0
ENDCHAR
STARTCHAR uni016A
ENCODING 362
SWIDTH 600 0
DWIDTH 12 0
BBX 11 15 0 0
BITMAP
7FC0
0000
0000
0000
E0E0
0000
E0E0
0000
E0E0
0000
E0E0
0000
E0E0
0000
7FC0
ENDCHAR
STARTCHAR uni016B
ENCODING 363
SWIDTH 600 0
DWIDTH 12 0
BBX 11 13 0 0
BITMAP
7FC0
0000
0000
0000
E0E0
0000
E0E0
0000
E0E0
0000
E0E0
0000
7FE0
ENDCHAR
STARTCHAR uni016C
ENCODING 364
SWIDTH 600 0
DWIDTH 12 0
BBX 11 15 0 0
BITMAP
3180
0000
1F00
0000
E0E0
0000
E0E0
0000
E0E0
0000
E0E0
0000
E0E0
0000
7FC0
ENDCHAR
STARTCHAR uni016D
ENCODING 365
SWIDTH 600 0
DWIDTH 12 0
BBX 11 15 0 0
BITMAP
3180
0000
1F00
0000
0000
0000
E0E0
0000
E0E0
0000
E0E0
0000
E0E0
0000
7FE0
ENDCHAR
STARTCHAR uni016E
ENCODING 366
SWIDTH 600 0
DWIDTH 12 0
BBX 11 15 0 0
BITMAP
0E00
0000
1B00
0000
EEE0
0000
E0E0
0000
E0E0
0000
E0E0
0000
E0E0
0000
7FC0
ENDCHAR
STARTCHAR uni016F
ENCODING 367
SWIDTH 600 0
DWIDTH 12 0
BBX 11 15 0 0
BITMAP
0E00
0000
1B00
0000
0E00
0000
E0E0
0000
E0E0
0000
E0E0
0000
E0E0
0000
7FE0
ENDCHAR
STARTCHAR uni0170
ENCODING 368
SWIDTH 600 0
DWIDTH 12 0
BBX 11 15 0 0
BITMAP
0D80
0000
1B00
0000
E0E0
0000
E0E0
0000
E0E0
0000
E0E0
0000
E0E0
0000
7FC0
ENDCHAR
STARTCHAR uni0171
ENCODING 369
SWIDTH 600 0
DWIDTH 12 0
BBX 11 13 0 0
BITMAP
0D80
0000
1B00
0000
E0E0
0000
E0E0
0000
E0E0
0000
E0E0
0000
7FE0
ENDCHAR
STARTCHAR uni0172
ENCODING 370
SWIDTH 600 0
DWIDTH 12 0
BBX 11 17 0 -4
BITMAP
E0E0
0000
E0E0
0000
E0E0
0000
E0E0
0000
E0E0
0000
E0E0
0000
7FC0
0000
0600
0000
0380
ENDCHAR
STARTCHAR uni0173
ENCODING 371
SWIDTH 600 0
DWIDTH 12 0
BBX 11 13 0 -4
BITMAP
E0E0
0000
E0E0
0000
E0E0
0000
E0E0
0000
7FE0
0000
0180
0000
00E0
ENDCHAR
STARTCHAR uni0174
ENCODING 372
SWIDTH 600 0
DWIDTH 12 0
BBX 11 15 0 0
BITMAP
0E00
0000
1B00
0000
E0E0
0000
E0E0
0000
EEE0
0000
FFE0
0000
FBE0
0000
F1E0
ENDCHAR
STARTCHAR uni0175
ENCODING 373
SWIDTH 600 0
DWIDTH 12 0
BBX 11 15 0 0
BITMAP
0E00
0000
1B00
0000
0000
0000
EEE0
0000
EEE0
0000
EEE0
0000
EEE0
0000
7FC0
ENDCHAR
STARTCHAR uni0176
ENCODING 374
SWIDTH 600 0
DWIDTH 12 0
BBX 11 15 0 0
BITMAP
0E00
0000
1B00
0000
E0E0
0000
71C0
0000
3B80
0000
1F00
0000
0E00
0000
0E00
ENDCHAR
STARTCHAR uni0177
ENCODING 375
SWIDTH 600 0
DWIDTH 12 0
BBX 11 17 0 -4
BITMAP
0E00
0000
1B00
0000
E0E0
0000
71C0
0000
3B80
0000
1F00
0000
0E00
0000
1C00
0000
3800
ENDCHAR
STARTCHAR uni0178
ENCODING 376
SWIDTH 600 0
DWIDTH 12 0
BBX 11 15 0 0
BITMAP
1B00
0000
E0E0
0000
71C0
0000
3B80
0000
1F00
0000
0E00
0000
0E00
0000
0E00
ENDCHAR
STARTCHAR uni0179
ENCODING 377
SWIDTH 600 0
DWIDTH 12 0
BBX 11 15 0 0
BITMAP
0600
0000
0C00
0000
FFE0
0000
01C0
0000
0700
0000
1C00
0000
7000
0000
FFE0
ENDCHAR
STARTCHAR uni017A
ENCODING 378
SWIDTH 600 0
DWIDTH 12 0
BBX 11 13 0 0
BITMAP
0600
0000
0C00
0000
FFE0
0000
0380
0000
0E00
0000
3800
0000
FFE0
ENDCHAR
STARTCHAR uni017B
ENCODING 379
SWIDTH 600 0
DWIDTH 12 0
BBX 11 15 0 0
BITMAP
0400
0000
FFE0
0000
00E0
0000
0380
0000
0E00
0000
3800
0000
E000
0000
FFE0
ENDCHAR
STARTCHAR uni017C
ENCODING 380
SWIDTH 600 0
DWIDTH 12 0
BBX 11 13 0 0
BITMAP
0400
0000
0000
0000
FFE0
0000
0380
0000
0E00
0000
3800
0000
FFE0
ENDCHAR
STARTCHAR uni017D
ENCODING 381
SWIDTH 600 0
DWIDTH 12 0
BBX 11 15 0 0
BITMAP
1B00
0000
0E00
0000
FFE0
0000
01C0
0000
0700
0000
1C00
0000
7000
0000
FFE0
ENDCHAR
STARTCHAR uni017E
ENCODING 382
SWIDTH 600 0
DWIDTH 12 0
BBX 11 13 0 0
BITMAP
1B00
0000
0E00
0000
FFE0
0000
0380
0000
0E00
0000
3800
0000
FFE0
ENDCHAR
STARTCHAR uni017F
ENCODING 383
SWIDTH 600 0
DWIDTH 12 0
BBX 10 13 1 0
BITMAP
7F80
0000
E1C0
0000
E000
0000
E000
0000
E000
0000
E000
0000
E000
ENDCHAR
STARTCHAR uni0192
ENCODING 402
SWIDTH 600 0
DWIDTH 12 0
BBX 11 17 0 -4
BITMAP
07E0
0000
0E00
0000
0E00
0000
7FC0
0000
0E00
0000
0E00
0000
0E00
0000
0E00
0000
FC00
ENDCHAR
STARTCHAR uni0193
ENCODING 403
SWIDTH 600 0
DWIDTH 12 0
BBX 11 15 0 0
BITMAP
00E0
0000
7FC0
0000
E000
0000
E000
0000
E7E0
0000
E0E0
0000
E0E0
0000
7FE0
ENDCHAR
STARTCHAR uni01A0
ENCODING 416
SWIDTH 600 0
DWIDTH 12 0
BBX 11 15 0 0
BITMAP
00E0
0000
7FC0
0000
E0E0
0000
E0E0
0000
E0E0
0000
E0E0
0000
E0E0
0000
7FC0
ENDCHAR
STARTCHAR uni01A1
ENCODING 417
SWIDTH 600 0
DWIDTH 12 0
BBX 11 11 0 0
BITMAP
00E0
0000
7FC0
0000
E0E0
0000
E0E0
0000
E0E0
0000
7FC0
ENDCHAR
STARTCHAR uni01AF
ENCODING 431
SWIDTH 600 0
DWIDTH 12 0
BBX 11 15 0 0
BITMAP
0060
0000
E1E0
0000
E1C0
0000
E1C0
0000
E1C0
0000
E1C0
0000
E1C0
0000
7F80
ENDCHAR
STARTCHAR uni01B0
ENCODING 432
SWIDTH 600 0
DWIDTH 12 0
BBX 11 11 0 0
BITMAP
0060
0000
E1E0
0000
E1C0
0000
E1C0
0000
E1C0
0000
7FC0
ENDCHAR
STARTCHAR uni01F0
ENCODING 496
SWIDTH 600 0
DWIDTH 12 0
BBX 9 17 0 -4
BITMAP
0D80
0000
0700
0000
FF00
0000
0700
0000
0700
0000
0700
0000
0700
0000
0700
0000
FE00
ENDCHAR
STARTCHAR uni01FA
ENCODING 506
SWIDTH 600 0
DWIDTH 12 0
BBX 11 15 0 0
BITMAP
0E60
0000
1B00
0000
1F00
0000
3B80
0000
71C0
0000
FFE0
0000
E0E0
0000
E0E0
ENDCHAR
STARTCHAR uni01FB
ENCODING 507
SWIDTH 600 0
DWIDTH 12 0
BBX 11 15 0 0
BITMAP
0E60
0000
1B00
0000
0E00
0000
FFC0
0000
00E0
0000
7FE0
0000
E0E0
0000
7FE0
ENDCHAR
STARTCHAR uni01FC
ENCODING 508
SWIDTH 600 0
DWIDTH 12 0
BBX 11 15 0 0
BITMAP
0600
0000
0C00
0000
3FE0
0000
7700
0000
E7E0
0000
FF00
0000
E700
0000
E7E0
ENDCHAR
STARTCHAR uni01FD
ENCODING 509
SWIDTH 600 0
DWIDTH 12 0
BBX 11 15 0 0
BITMAP
0600
0000
0C00
0000
0000
0000
FBC0
0000
0E60
0000
7FE0
0000
CE00
0000
7BE0
ENDCHAR
STARTCHAR uni01FE
ENCODING 510
SWIDTH 600 0
DWIDTH 12 0
BBX 11 17 0 -2
BITMAP
0600
0000
0CE0
0000
7FC0
0000
E3E0
0000
E7E0
0000
FCE0
0000
F8E0
0000
7FC0
0000
E000
ENDCHAR
STARTCHAR uni01FF
ENCODING 511
SWIDTH 600 0
DWIDTH 12 0
BBX 11 17 0 -2
BITMAP
0600
0000
0C00
0000
00E0
0000
7FC0
0000
E3E0
0000
EEE0
0000
F8E0
0000
7FC0
0000
E000
ENDCHAR
STARTCHAR uni0218
ENCODING 536
SWIDTH 600 0
DWIDTH 12 0
BBX 11 17 0 -4
BITMAP
7FC0
0000
E0E0
0000
E000
0000
7FC0
0000
00E0
0000
E0E0
0000
7FC0
0000
0600
0000
0C00
ENDCHAR
STARTCHAR uni0219
ENCODING 537
SWIDTH 600 0
DWIDTH 12 0
BBX 11 13 0 -4
BITMAP
7FE0
0000
E000
0000
7FC0
0000
00E0
0000
FFC0
0000
0600
0000
0C00
ENDCHAR
STARTCHAR uni021A
ENCODING 538
SWIDTH 600 0
DWIDTH 12 0
BBX 11 17 0 -4
BITMAP
FFE0
0000
0E00
0000
0E00
0000
0E00
0000
0E00
0000
0E00
0000
0E00
0000
0600
0000
0C00
ENDCHAR
STARTCHAR uni021B
ENCODING 539
SWIDTH 600 0
DWIDTH 12 0
BBX 11 17 0 -4
BITMAP
1C00
0000
1C00
0000
FFE0
0000
1C00
0000
1C00
0000
1C00
0000
0FE0
0000
0300
0000
0600
ENDCHAR
STARTCHAR uni0237
ENCODING 567
SWIDTH 600 0
DWIDTH 12 0
BBX 8 13 0 -4
BITMAP
FF
00
07
00
07
00
07
00
07
00
07
00
FE
ENDCHAR
STARTCHAR uni0259
ENCODING 601
SWIDTH 600 0
DWIDTH 12 0
BBX 11 9 0 0
BITMAP
7FC0
0000
00E0
0000
FFE0
0000
E0E0
0000
7FC0
ENDCHAR
STARTCHAR uni02BC
ENCODING 700
SWIDTH 600 0
DWIDTH 12 0
BBX 3 3 4 12
BITMAP
60
00
C0
ENDCHAR
STARTCHAR uni02C6
ENCODING 710
SWIDTH 600 0
DWIDTH 12 0
BBX 5 3 3 12
BITMAP
70
00
D8
ENDCHAR
STARTCHAR uni02C7
ENCODING 711
SWIDTH 600 0
DWIDTH 12 0
BBX 5 3 3 12
BITMAP
D8
00
70
ENDCHAR
STARTCHAR uni02C9
ENCODING 713
SWIDTH 600 0
DWIDTH 12 0
BBX 9 1 1 12
BITMAP
FF80
ENDCHAR
STARTCHAR uni02D8
ENCODING 728
SWIDTH 600 0
DWIDTH 12 0
BBX 7 3 2 12
BITMAP
C6
00
7C
ENDCHAR
STARTCHAR uni02D9
ENCODING 729
SWIDTH 600 0
DWIDTH 12 0
BBX 1 1 5 14
BITMAP
80
ENDCHAR
STARTCHAR uni02DA
ENCODING 730
SWIDTH 600 0
DWIDTH 12 0
BBX 5 5 3 10
BITMAP
70
00
D8
00
70
ENDCHAR
STARTCHAR uni02DB
ENCODING 731
SWIDTH 600 0
DWIDTH 12 0
BBX 4 3 5 -4
BITMAP
C0
00
70
ENDCHAR
STARTCHAR uni02DC
ENCODING 732
SWIDTH 600 0
DWIDTH 12 0
BBX 9 3 1 12
BITMAP
7980
0000
CF00
ENDCHAR
STARTCHAR uni02DD
ENCODING 733
SWIDTH 600 0
DWIDTH 12 0
BBX 6 3 3 12
BITMAP
6C
00
D8
ENDCHAR
STARTCHAR uni02F3
ENCODING 755
SWIDTH 600 0
DWIDTH 12 0
BBX 5 5 3 -4
BITMAP
70
00
D8
00
70
ENDCHAR
STARTCHAR uni0384
ENCODING 900
SWIDTH 600 0
DWIDTH 12 0
BBX 3 3 4 12
BITMAP
60
00
C0
ENDCHAR
STARTCHAR uni0385
ENCODING 901
SWIDTH 600 0
DWIDTH 12 0
BBX 8 3 1 12
BITMAP
0C
00
DB
ENDCHAR
STARTCHAR uni0386
ENCODING 902
SWIDTH 600 0
DWIDTH 12 0
BBX 11 15 0 0
BITMAP
3000
0000
6E00
0000
1F00
0000
3B80
0000
71C0
0000
FFE0
0000
E0E0
0000
E0E0
ENDCHAR
STARTCHAR uni0387
ENCODING 903
SWIDTH 600 0
DWIDTH 12 0
BBX 3 3 4 4
BITMAP
E0
00
E0
ENDCHAR
STARTCHAR uni0388
ENCODING 904
SWIDTH 600 0
DWIDTH 12 0
BBX 11 15 0 0
BITMAP
6000
0000
DFE0
0000
3800
0000
3800
0000
3FC0
0000
3800
0000
3800
0000
3FE0
ENDCHAR
STARTCHAR uni0389
ENCODING 905
SWIDTH 600 0
DWIDTH 12 0
BBX 11 15 0 0
BITMAP
6000
0000
D8E0
0000
38E0
0000
38E0
0000
3FE0
0000
38E0
0000
38E0
0000
38E0
ENDCHAR
STARTCHAR uni038A
ENCODING 906
SWIDTH 600 0
DWIDTH 12 0
BBX 11 15 0 0
BITMAP
6000
0000
DFE0
0000
0700
0000
0700
0000
0700
0000
0700
0000
0700
0000
3FE0
ENDCHAR
STARTCHAR uni038C
ENCODING 908
SWIDTH 600 0
DWIDTH 12 0
BBX 11 15 0 0
BITMAP
6000
0000
DFC0
0000
38E0
0000
38E0
0000
38E0
0000
38E0
0000
38E0
0000
1FC0
ENDCHAR
STARTCHAR uni038E
ENCODING 910
SWIDTH 600 0
DWIDTH 12 0
BBX 11 15 0 0
BITMAP
6000
0000
C060
0000
38E0
0000
1DC0
0000
0F80
0000
0700
0000
0700
0000
0700
ENDCHAR
STARTCHAR uni038F
ENCODING 911
SWIDTH 600 0
DWIDTH 12 0
BBX 11 15 0 0
BITMAP
6000
0000
DFC0
0000
38E0
0000
38E0
0000
38E0
0000
38E0
0000
1DC0
0000
3DE0
ENDCHAR
STARTCHAR uni0390
ENCODING 912
SWIDTH 600 0
DWIDTH 12 0
BBX 11 15 0 0
BITMAP
0600
0000
6D80
0000
0000
0000
FE00
0000
0E00
0000
0E00
0000
0EE0
0000
07C0
ENDCHAR
STARTCHAR uni0391
ENCODING 913
SWIDTH 600 0
DWIDTH 12 0
BBX 11 13 0 0
BITMAP
0E00
0000
1F00
0000
3B80
0000
71C0
0000
FFE0
0000
E0E0
0000
E0E0
ENDCHAR
STARTCHAR uni0392
ENCODING 914
SWIDTH 600 0
DWIDTH 12 0
BBX 11 13 0 0
BITMAP
FFC0
0000
E0E0
0000
E0E0
0000
FFC0
0000
E0E0
0000
E0E0
0000
FFC0
ENDCHAR
STARTCHAR uni0393
ENCODING 915
SWIDTH 600 0
DWIDTH 12 0
BBX 11 13 0 0
BITMAP
FFE0
0000
E000
0000
E000
0000
E000
0000
E000
0000
E000
0000
E000
ENDCHAR
STARTCHAR uni0394
ENCODING 916
SWIDTH 600 0
DWIDTH 12 0
BBX 11 13 0 0
BITMAP
0400
0000
0E00
0000
1F00
0000
3B80
0000
71C0
0000
E0E0
0000
FFE0
ENDCHAR
STARTCHAR uni0395
ENCODING 917
SWIDTH 600 0
DWIDTH 12 0
BBX 11 13 0 0
BITMAP
FFE0
0000
E000
0000
E000
0000
FFC0
0000
E000
0000
E000
0000
FFE0
ENDCHAR
STARTCHAR uni0396
ENCODING 918
SWIDTH 600 0
DWIDTH 12 0
BBX 11 13 0 0
BITMAP
FFE0
0000
00E0
0000
0380
0000
0E00
0000
3800
0000
E000
0000
FFE0
ENDCHAR
STARTCHAR uni0397
ENCODING 919
SWIDTH 600 0
DWIDTH 12 0
BBX 11 13 0 0
BITMAP
E0E0
0000
E0E0
0000
E0E0
0000
FFE0
0000
E0E0
0000
E0E0
0000
E0E0
ENDCHAR
STARTCHAR uni0398
ENCODING 920
SWIDTH 600 0
DWIDTH 12 0
BBX 11 13 0 0
BITMAP
1F00
0000
71C0
0000
E0E0
0000
EEE0
0000
E0E0
0000
71C0
0000
1F00
ENDCHAR
STARTCHAR uni0399
ENCODING 921
SWIDTH 600 0
DWIDTH 12 0
BBX 11 13 0 0
BITMAP
FFE0
0000
0E00
0000
0E00
0000
0E00
0000
0E00
0000
0E00
0000
FFE0
ENDCHAR
STARTCHAR uni039A
ENCODING 922
SWIDTH 600 0
DWIDTH 12 0
BBX 11 13 0 0
BITMAP
E0E0
0000
E1C0
0000
E380
0000
FF00
0000
E380
0000
E1C0
0000
E0E0
ENDCHAR
STARTCHAR uni039B
ENCODING 923
SWIDTH 600 0
DWIDTH 12 0
BBX 11 13 0 0
BITMAP
0400
0000
0E00
0000
1F00
0000
3B80
0000
71C0
0000
E0E0
0000
C060
ENDCHAR
STARTCHAR uni039C
ENCODING 924
SWIDTH 600 0
DWIDTH 12 0
BBX 11 13 0 0
BITMAP
E0E0
0000
F1E0
0000
FBE0
0000
EEE0
0000
EEE0
0000
E0E0
0000
E0E0
ENDCHAR
STARTCHAR uni039D
ENCODING 925
SWIDTH 600 0
DWIDTH 12 0
BBX 11 13 0 0
BITMAP
F0E0
0000
F8E0
0000
FCE0
0000
EEE0
0000
E7E0
0000
E3E0
0000
E1E0
ENDCHAR
STARTCHAR uni039E
ENCODING 926
SWIDTH 600 0
DWIDTH 12 0
BBX 11 13 0 0
BITMAP
FFE0
0000
0000
0000
0000
0000
3F80
0000
0000
0000
0000
0000
FFE0
ENDCHAR
STARTCHAR uni039F
ENCODING 927
SWIDTH 600 0
DWIDTH 12 0
BBX 11 13 0 0
BITMAP
1F00
0000
71C0
0000
E0E0
0000
E0E0
0000
E0E0
0000
71C0
0000
1F00
ENDCHAR
STARTCHAR uni03A0
ENCODING 928
SWIDTH 600 0
DWIDTH 12 0
BBX 11 13 0 0
BITMAP
FFE0
0000
71C0
0000
71C0
0000
71C0
0000
71C0
0000
71C0
0000
71C0
ENDCHAR
STARTCHAR uni03A1
ENCODING 929
SWIDTH 600 0
DWIDTH 12 0
BBX 11 13 0 0
BITMAP
FFC0
0000
E0E0
0000
E0E0
0000
FFC0
0000
E000
0000
E000
0000
E000
ENDCHAR
STARTCHAR uni03A3
ENCODING 931
SWIDTH 600 0
DWIDTH 12 0
BBX 11 13 0 0
BITMAP
FFE0
0000
70E0
0000
3800
0000
1C00
0000
3800
0000
70E0
0000
FFE0
ENDCHAR
STARTCHAR uni03A4
ENCODING 932
SWIDTH 600 0
DWIDTH 12 0
BBX 11 13 0 0
BITMAP
FFE0
0000
0E00
0000
0E00
0000
0E00
0000
0E00
0000
0E00
0000
0E00
ENDCHAR
STARTCHAR uni03A5
ENCODING 933
SWIDTH 600 0
DWIDTH 12 0
BBX 11 13 0 0
BITMAP
E0E0
0000
71C0
0000
3B80
0000
1F00
0000
0E00
0000
0E00
0000
0E00
ENDCHAR
STARTCHAR uni03A6
ENCODING 934
SWIDTH 600 0
DWIDTH 12 0
BBX 11 13 0 0
BITMAP
0E00
0000
7FC0
0000
EEE0
0000
EEE0
0000
EEE0
0000
7FC0
0000
0E00
ENDCHAR
STARTCHAR uni03A7
ENCODING 935
SWIDTH 600 0
DWIDTH 12 0
BBX 11 13 0 0
BITMAP
E0E0
0000
71C0
0000
3B80
0000
1F00
0000
3B80
0000
71C0
0000
E0E0
ENDCHAR
STARTCHAR uni03A8
ENCODING 936
SWIDTH 600 0
DWIDTH 12 0
BBX 11 13 0 0
BITMAP
EEE0
0000
EEE0
0000
EEE0
0000
EEE0
0000
7FC0
0000
0E00
0000
0E00
ENDCHAR
STARTCHAR uni03A9
ENCODING 937
SWIDTH 600 0
DWIDTH 12 0
BBX 11 13 0 0
BITMAP
1F00
0000
71C0
0000
E0E0
0000
E0E0
0000
71C0
0000
3B80
0000
FBE0
ENDCHAR
STARTCHAR uni03AA
ENCODING 938
SWIDTH 600 0
DWIDTH 12 0
BBX 11 15 0 0
BITMAP
1B00
0000
FFE0
0000
0E00
0000
0E00
0000
0E00
0000
0E00
0000
0E00
0000
FFE0
ENDCHAR
STARTCHAR uni03AB
ENCODING 939
SWIDTH 600 0
DWIDTH 12 0
BBX 11 15 0 0
BITMAP
1B00
0000
E0E0
0000
71C0
0000
3B80
0000
1F00
0000
0E00
0000
0E00
0000
0E00
ENDCHAR
STARTCHAR uni03AC
ENCODING 940
SWIDTH 600 0
DWIDTH 12 0
BBX 11 13 0 0
BITMAP
0600
0000
0C00
0000
7EE0
0000
E7C0
0000
E380
0000
E7C0
0000
7EE0
ENDCHAR
STARTCHAR uni03AD
ENCODING 941
SWIDTH 600 0
DWIDTH 12 0
BBX 11 13 0 0
BITMAP
0300
0000
0600
0000
7FE0
0000
E000
0000
7F80
0000
E000
0000
7FE0
ENDCHAR
STARTCHAR uni03AE
ENCODING 942
SWIDTH 600 0
DWIDTH 12 0
BBX 11 17 0 -4
BITMAP
0300
0000
0600
0000
FFC0
0000
E0E0
0000
E0E0
0000
E0E0
0000
E0E0
0000
00E0
0000
00E0
ENDCHAR
STARTCHAR uni03AF
ENCODING 943
SWIDTH 600 0
DWIDTH 12 0
BBX 11 15 0 0
BITMAP
0600
0000
0C00
0000
0000
0000
FE00
0000
0E00
0000
0E00
0000
0EE0
0000
07C0
ENDCHAR
STARTCHAR uni03B0
ENCODING 944
SWIDTH 600 0
DWIDTH 12 0
BBX 11 13 0 0
BITMAP
0300
0000
36C0
0000
E0E0
0000
70E0
0000
70E0
0000
70E0
0000
3FC0
ENDCHAR
STARTCHAR uni03B1
ENCODING 945
SWIDTH 600 0
DWIDTH 12 0
BBX 11 9 0 0
BITMAP
7EE0
0000
E7C0
0000
E380
0000
E7C0
0000
7EE0
ENDCHAR
STARTCHAR uni03B2
ENCODING 946
SWIDTH 600 0
DWIDTH 12 0
BBX 11 17 0 -4
BITMAP
7F80
0000
E1C0
0000
E1C0
0000
E780
0000
E0E0
0000
E0E0
0000
EFC0
0000
E000
0000
E000
ENDCHAR
STARTCHAR uni03B3
ENCODING 947
SWIDTH 600 0
DWIDTH 12 0
BBX 11 13 0 -4
BITMAP
E0E0
0000
71C0
0000
3B80
0000
1F00
0000
0E00
0000
0E00
0000
0E00
ENDCHAR
STARTCHAR uni03B4
ENCODING 948
SWIDTH 600 0
DWIDTH 12 0
BBX 11 13 0 0
BITMAP
FFE0
0000
7000
0000
3F00
0000
E1C0
0000
E0E0
0000
E0E0
0000
7FC0
ENDCHAR
STARTCHAR uni03B5
ENCODING 949
SWIDTH 600 0
DWIDTH 12 0
BBX 11 9 0 0
BITMAP
7FE0
0000
E000
0000
7F80
0000
E000
0000
7FE0
ENDCHAR
STARTCHAR uni03B6
ENCODING 950
SWIDTH 600 0
DWIDTH 12 0
BBX 11 17 0 -4
BITMAP
FFE0
0000
00E0
0000
0380
0000
0E00
0000
3800
0000
E000
0000
7FC0
0000
00E0
0000
01C0
ENDCHAR
STARTCHAR uni03B7
ENCODING 951
SWIDTH 600 0
DWIDTH 12 0
BBX 11 13 0 -4
BITMAP
FFC0
0000
E0E0
0000
E0E0
0000
E0E0
0000
E0E0
0000
00E0
0000
00E0
ENDCHAR
STARTCHAR uni03B8
ENCODING 952
SWIDTH 600 0
DWIDTH 12 0
BBX 11 13 0 0
BITMAP
1F00
0000
71C0
0000
E0E0
0000
FFE0
0000
E0E0
0000
71C0
0000
1F00
ENDCHAR
STARTCHAR uni03B9
ENCODING 953
SWIDTH 600 0
DWIDTH 12 0
BBX 11 9 0 0
BITMAP
FE00
0000
0E00
0000
0E00
0000
0EE0
0000
07C0
ENDCHAR
STARTCHAR uni03BA
ENCODING 954
SWIDTH 600 0
DWIDTH 12 0
BBX 11 9 0 0
BITMAP
E0E0
0000
E380
0000
FE00
0000
E760
0000
E3C0
ENDCHAR
STARTCHAR uni03BB
ENCODING 955
SWIDTH 600 0
DWIDTH 12 0
BBX 11 13 0 0
BITMAP
F800
0000
1C00
0000
0E00
0000
1F00
0000
3B80
0000
71C0
0000
E0E0
ENDCHAR
STARTCHAR uni03BC
ENCODING 956
SWIDTH 600 0
DWIDTH 12 0
BBX 11 13 0 -4
BITMAP
E1C0
0000
E1C0
0000
E1C0
0000
E3C0
0000
FEE0
0000
E000
0000
E000
ENDCHAR
STARTCHAR uni03BD
ENCODING 957
SWIDTH 600 0
DWIDTH 12 0
BBX 11 9 0 0
BITMAP
E0E0
0000
70E0
0000
71C0
0000
7700
0000
7C00
ENDCHAR
STARTCHAR uni03BE
ENCODING 958
SWIDTH 600 0
DWIDTH 12 0
BBX 11 17 0 -4
BITMAP
FFE0
0000
3C00
0000
7000
0000
3F00
0000
E000
0000
E000
0000
7FC0
0000
00E0
0000
00E0
ENDCHAR
STARTCHAR uni03BF
ENCODING 959
SWIDTH 600 0
DWIDTH 12 0
BBX 11 9 0 0
BITMAP
1F00
0000
71C0
0000
E0E0
0000
71C0
0000
1F00
ENDCHAR
STARTCHAR uni03C0
ENCODING 960
SWIDTH 600 0
DWIDTH 12 0
BBX 11 9 0 0
BITMAP
FFE0
0000
7380
0000
7380
0000
7380
0000
E3E0
ENDCHAR
STARTCHAR uni03C1
ENCODING 961
SWIDTH 600 0
DWIDTH 12 0
BBX 11 13 0 -4
BITMAP
7FC0
0000
E0E0
0000
E0E0
0000
E0E0
0000
FFC0
0000
E000
0000
E000
ENDCHAR
STARTCHAR uni03C2
ENCODING 962
SWIDTH 600 0
DWIDTH 12 0
BBX 11 13 0 -4
BITMAP
7FC0
0000
E0E0
0000
E000
0000
E000
0000
7FC0
0000
00E0
0000
01C0
ENDCHAR
STARTCHAR uni03C3
ENCODING 963
SWIDTH 600 0
DWIDTH 12 0
BBX 11 9 0 0
BITMAP
1FE0
0000
71C0
0000
E0E0
0000
E0E0
0000
7FC0
ENDCHAR
STARTCHAR uni03C4
ENCODING 964
SWIDTH 600 0
DWIDTH 12 0
BBX 11 9 0 0
BITMAP
FFE0
0000
0E00
0000
0E00
0000
0EE0
0000
07C0
ENDCHAR
STARTCHAR uni03C5
ENCODING 965
SWIDTH 600 0
DWIDTH 12 0
BBX 11 9 0 0
BITMAP
E0E0
0000
70E0
0000
70E0
0000
70E0
0000
3FC0
ENDCHAR
STARTCHAR uni03C6
ENCODING 966
SWIDTH 600 0
DWIDTH 12 0
BBX 11 13 0 -4
BITMAP
77C0
0000
EEE0
0000
EEE0
0000
EEE0
0000
7FC0
0000
0E00
0000
0E00
ENDCHAR
STARTCHAR uni03C7
ENCODING 967
SWIDTH 600 0
DWIDTH 12 0
BBX 11 13 0 -4
BITMAP
F0E0
0000
39C0
0000
1F80
0000
1F00
0000
3F00
0000
7380
0000
E1E0
ENDCHAR
STARTCHAR uni03C8
ENCODING 968
SWIDTH 600 0
DWIDTH 12 0
BBX 11 13 0 -4
BITMAP
EEE0
0000
EEE0
0000
EEE0
0000
EEE0
0000
7FC0
0000
0E00
0000
0E00
ENDCHAR
STARTCHAR uni03C9
ENCODING 969
SWIDTH 600 0
DWIDTH 12 0
BBX 11 9 0 0
BITMAP
71C0
0000
E0E0
0000
EEE0
0000
EEE0
0000
7BC0
ENDCHAR
STARTCHAR uni03CA
ENCODING 970
SWIDTH 600 0
DWIDTH 12 0
BBX 11 13 0 0
BITMAP
1B00
0000
0000
0000
FE00
0000
0E00
0000
0E00
0000
0EE0
0000
07C0
ENDCHAR
STARTCHAR uni03CB
ENCODING 971
SWIDTH 600 0
DWIDTH 12 0
BBX 11 11 0 0
BITMAP
1B00
0000
E0E0
0000
70E0
0000
70E0
0000
70E0
0000
3FC0
ENDCHAR
STARTCHAR uni03CC
ENCODING 972
SWIDTH 600 0
DWIDTH 12 0
BBX 11 13 0 0
BITMAP
0300
0000
0600
0000
3F80
0000
71C0
0000
E0E0
0000
71C0
0000
3F80
ENDCHAR
STARTCHAR uni03CD
ENCODING 973
SWIDTH 600 0
DWIDTH 12 0
BBX 11 13 0 0
BITMAP
0300
0000
0600
0000
E0E0
0000
70E0
0000
70E0
0000
70E0
0000
3FC0
ENDCHAR
STARTCHAR uni03CE
ENCODING 974
SWIDTH 600 0
DWIDTH 12 0
BBX 11 13 0 0
BITMAP
0300
0000
0600
0000
71C0
0000
E0E0
0000
EEE0
0000
EEE0
0000
7BC0
ENDCHAR
STARTCHAR uni03CF
ENCODING 975
SWIDTH 600 0
DWIDTH 12 0
BBX 11 17 0 -4
BITMAP
E0E0
0000
E1C0
0000
E380
0000
FF00
0000
E380
0000
E1C0
0000
E0E0
0000
01C0
0000
0380
ENDCHAR
STARTCHAR uni03D0
ENCODING 976
SWIDTH 600 0
DWIDTH 12 0
BBX 11 13 0 0
BITMAP
7F00
0000
E1C0
0000
E1C0
0000
EF80
0000
E0E0
0000
E0E0
0000
7F80
ENDCHAR
STARTCHAR uni03D1
ENCODING 977
SWIDTH 600 0
DWIDTH 12 0
BBX 11 13 0 0
BITMAP
1F80
0000
39C0
0000
39C0
0000
1FE0
0000
E1C0
0000
7380
0000
1F00
ENDCHAR
STARTCHAR uni03D2
ENCODING 978
SWIDTH 600 0
DWIDTH 12 0
BBX 11 9 0 0
BITMAP
E3C0
0000
3EE0
0000
1C00
0000
1C00
0000
1C00
ENDCHAR
STARTCHAR uni03D3
ENCODING 979
SWIDTH 600 0
DWIDTH 12 0
BBX 11 11 0 0
BITMAP
6000
0000
DCE0
0000
0F80
0000
0700
0000
0700
0000
0700
ENDCHAR
STARTCHAR uni03D4
ENCODING 980
SWIDTH 600 0
DWIDTH 12 0
BBX 11 13 0 0
BITMAP
3600
0000
0000
0000
E3C0
0000
3EE0
0000
1C00
0000
1C00
0000
1C00
ENDCHAR
STARTCHAR uni03D5
ENCODING 981
SWIDTH 600 0
DWIDTH 12 0
BBX 11 17 0 -4
BITMAP
0E00
0000
0E00
0000
7FC0
0000
EEE0
0000
EEE0
0000
EEE0
0000
7FC0
0000
0E00
0000
0E00
ENDCHAR
STARTCHAR uni03D6
ENCODING 982
SWIDTH 600 0
DWIDTH 12 0
BBX 11 9 0 0
BITMAP
FFE0
0000
71C0
0000
E0E0
0000
EEE0
0000
7BC0
ENDCHAR
STARTCHAR uni03D7
ENCODING 983
SWIDTH 600 0
DWIDTH 12 0
BBX 11 13 0 -4
BITMAP
E0E0
0000
E380
0000
FE00
0000
E380
0000
E0E0
0000
01C0
0000
0380
ENDCHAR
STARTCHAR uni03D8
ENCODING 984
SWIDTH 600 0
DWIDTH 12 0
BBX 11 17 0 -4
BITMAP
1F00
0000
71C0
0000
E0E0
0000
E0E0
0000
E0E0
0000
71C0
0000
1F00
0000
0E00
0000
0E00
ENDCHAR
STARTCHAR uni03D9
ENCODING 985
SWIDTH 600 0
DWIDTH 12 0
BBX 11 13 0 -4
BITMAP
1F00
0000
71C0
0000
E0E0
0000
71C0
0000
1F00
0000
0E00
0000
0E00
ENDCHAR
STARTCHAR uni03DA
ENCODING 986
SWIDTH 600 0
DWIDTH 12 0
BBX 11 17 0 -4
BITMAP
1FE0
0000
7000
0000
E000
0000
E000
0000
E000
0000
7000
0000
1FC0
0000
00E0
0000
01C0
ENDCHAR
STARTCHAR uni03DB
ENCODING 987
SWIDTH 600 0
DWIDTH 12 0
BBX 11 13 0 -4
BITMAP
7FE0
0000
E000
0000
E000
0000
E000
0000
7FC0
0000
00E0
0000
01C0
ENDCHAR
STARTCHAR uni03DC
ENCODING 988
SWIDTH 600 0
DWIDTH 12 0
BBX 11 13 0 0
BITMAP
FFE0
0000
E000
0000
E000
0000
FFC0
0000
E1C0
0000
E000
0000
E000
ENDCHAR
STARTCHAR uni03DD
ENCODING 989
SWIDTH 600 0
DWIDTH 12 0
BBX 11 13 0 -4
BITMAP
FFE0
0000
E000
0000
E000
0000
FFE0
0000
E0E0
0000
E000
0000
E000
ENDCHAR
STARTCHAR uni0400
ENCODING 1024
SWIDTH 600 0
DWIDTH 12 0
BBX 11 15 0 0
BITMAP
0E00
0000
FFE0
0000
E000
0000
E000
0000
FFC0
0000
E000
0000
E000
0000
FFE0
ENDCHAR
STARTCHAR uni0401
ENCODING 1025
SWIDTH 600 0
DWIDTH 12 0
BBX 11 15 0 0
BITMAP
1B00
0000
FFE0
0000
E000
0000
E000
0000
FFC0
0000
E000
0000
E000
0000
FFE0
ENDCHAR
STARTCHAR uni0402
ENCODING 1026
SWIDTH 600 0
DWIDTH 12 0
BBX 11 17 0 -4
BITMAP
FF80
0000
1C00
0000
1C00
0000
1FC0
0000
1CE0
0000
1CE0
0000
1CE0
0000
00E0
0000
07C0
ENDCHAR
STARTCHAR uni0403
ENCODING 1027
SWIDTH 600 0
DWIDTH 12 0
BBX 11 15 0 0
BITMAP
0E00
0000
FFE0
0000
E000
0000
E000
0000
E000
0000
E000
0000
E000
0000
E000
ENDCHAR
STARTCHAR uni0404
ENCODING 1028
SWIDTH 600 0
DWIDTH 12 0
BBX 11 13 0 0
BITMAP
7FC0
0000
E0E0
0000
E000
0000
FF00
0000
E000
0000
E0E0
0000
7FC0
ENDCHAR
STARTCHAR uni0405
ENCODING 1029
SWIDTH 600 0
DWIDTH 12 0
BBX 11 13 0 0
BITMAP
7FC0
0000
E0E0
0000
E000
0000
7FC0
0000
00E0
0000
E0E0
0000
7FC0
ENDCHAR
STARTCHAR uni0406
ENCODING 1030
SWIDTH 600 0
DWIDTH 12 0
BBX 11 13 0 0
BITMAP
FFE0
0000
0E00
0000
0E00
0000
0E00
0000
0E00
0000
0E00
0000
FFE0
ENDCHAR
STARTCHAR uni0407
ENCODING 1031
SWIDTH 600 0
DWIDTH 12 0
BBX 11 15 0 0
BITMAP
1B00
0000
FFE0
0000
0E00
0000
0E00
0000
0E00
0000
0E00
0000
0E00
0000
FFE0
ENDCHAR
STARTCHAR uni0408
ENCODING 1032
SWIDTH 600 0
DWIDTH 12 0
BBX 11 13 0 0
BITMAP
00E0
0000
00E0
0000
00E0
0000
00E0
0000
E0E0
0000
E0E0
0000
7FC0
ENDCHAR
STARTCHAR uni0409
ENCODING 1033
SWIDTH 600 0
DWIDTH 12 0
BBX 11 13 0 0
BITMAP
7F00
0000
7700
0000
7700
0000
77C0
0000
7760
0000
7760
0000
E7C0
ENDCHAR
STARTCHAR uni040A
ENCODING 1034
SWIDTH 600 0
DWIDTH 12 0
BBX 11 13 0 0
BITMAP
EE00
0000
EE00
0000
EE00
0000
FFC0
0000
EEE0
0000
EEE0
0000
EFC0
ENDCHAR
STARTCHAR uni040B
ENCODING 1035
SWIDTH 600 0
DWIDTH 12 0
BBX 11 13 0 0
BITMAP
FF80
0000
1C00
0000
1C00
0000
1FC0
0000
1CE0
0000
1CE0
0000
1CE0
ENDCHAR
STARTCHAR uni040C
ENCODING 1036
SWIDTH 600 0
DWIDTH 12 0
BBX 11 15 0 0
BITMAP
0600
0000
EDE0
0000
E380
0000
E700
0000
EF00
0000
FB80
0000
E1C0
0000
E0E0
ENDCHAR
STARTCHAR uni040D
ENCODING 1037
SWIDTH 600 0
DWIDTH 12 0
BBX 11 15 0 0
BITMAP
1800
0000
EDE0
0000
E3E0
0000
E7E0
0000
EEE0
0000
FCE0
0000
F8E0
0000
F0E0
ENDCHAR
STARTCHAR uni040E
ENCODING 1038
SWIDTH 600 0
DWIDTH 12 0
BBX 11 15 0 0
BITMAP
1B00
0000
EEE0
0000
71C0
0000
3B80
0000
1F00
0000
0E00
0000
1C00
0000
F800
ENDCHAR
STARTCHAR uni040F
ENCODING 1039
SWIDTH 600 0
DWIDTH 12 0
BBX 11 17 0 -4
BITMAP
E0E0
0000
E0E0
0000
E0E0
0000
E0E0
0000
E0E0
0000
E0E0
0000
FFE0
0000
0E00
0000
0E00
ENDCHAR
STARTCHAR uni0410
ENCODING 1040
SWIDTH 600 0
DWIDTH 12 0
BBX 11 13 0 0
BITMAP
0E00
0000
1F00
0000
3B80
0000
71C0
0000
FFE0
0000
E0E0
0000
E0E0
ENDCHAR
STARTCHAR uni0411
ENCODING 1041
SWIDTH 600 0
DWIDTH 12 0
BBX 11 13 0 0
BITMAP
FFE0
0000
E000
0000
E000
0000
FFC0
0000
E0E0
0000
E0E0
0000
FFC0
ENDCHAR
STARTCHAR uni0412
ENCODING 1042
SWIDTH 600 0
DWIDTH 12 0
BBX 11 13 0 0
BITMAP
FFC0
0000
E0E0
0000
E0E0
0000
FFC0
0000
E0E0
0000
E0E0
0000
FFC0
ENDCHAR
STARTCHAR uni0413
ENCODING 1043
SWIDTH 600 0
DWIDTH 12 0
BBX 11 13 0 0
BITMAP
FFE0
0000
E000
0000
E000
0000
E000
0000
E000
0000
E000
0000
E000
ENDCHAR
STARTCHAR uni0414
ENCODING 1044
SWIDTH 600 0
DWIDTH 12 0
BBX 11 15 0 -2
BITMAP
3FC0
0000
39C0
0000
39C0
0000
39C0
0000
39C0
0000
71C0
0000
FFE0
0000
E0E0
ENDCHAR
STARTCHAR uni0415
ENCODING 1045
SWIDTH 600 0
DWIDTH 12 0
BBX 11 13 0 0
BITMAP
FFE0
0000
E000
0000
E000
0000
FFC0
0000
E000
0000
E000
0000
FFE0
ENDCHAR
STARTCHAR uni0416
ENCODING 1046
SWIDTH 600 0
DWIDTH 12 0
BBX 11 13 0 0
BITMAP
EEE0
0000
EEE0
0000
7FC0
0000
1F00
0000
7FC0
0000
EEE0
0000
EEE0
ENDCHAR
STARTCHAR uni0417
ENCODING 1047
SWIDTH 600 0
DWIDTH 12 0
BBX 11 13 0 0
BITMAP
7FC0
0000
E0E0
0000
01C0
0000
0F80
0000
01C0
0000
E0E0
0000
7FC0
ENDCHAR
STARTCHAR uni0418
ENCODING 1048
SWIDTH 600 0
DWIDTH 12 0
BBX 11 13 0 0
BITMAP
E1E0
0000
E3E0
0000
E7E0
0000
EEE0
0000
FCE0
0000
F8E0
0000
F0E0
ENDCHAR
STARTCHAR uni0419
ENCODING 1049
SWIDTH 600 0
DWIDTH 12 0
BBX 11 15 0 0
BITMAP
1B00
0000
EEE0
0000
E3E0
0000
E7E0
0000
EEE0
0000
FCE0
0000
F8E0
0000
F0E0
ENDCHAR
STARTCHAR uni041A
ENCODING 1050
SWIDTH 600 0
DWIDTH 12 0
BBX 11 13 0 0
BITMAP
E1E0
0000
E380
0000
E700
0000
EF00
0000
FB80
0000
E1C0
0000
E0E0
ENDCHAR
STARTCHAR uni041B
ENCODING 1051
SWIDTH 600 0
DWIDTH 12 0
BBX 11 13 0 0
BITMAP
3FE0
0000
38E0
0000
38E0
0000
38E0
0000
38E0
0000
38E0
0000
F0E0
ENDCHAR
STARTCHAR uni041C
ENCODING 1052
SWIDTH 600 0
DWIDTH 12 0
BBX 11 13 0 0
BITMAP
E0E0
0000
F1E0
0000
FBE0
0000
EEE0
0000
EEE0
0000
E0E0
0000
E0E0
ENDCHAR
STARTCHAR uni041D
ENCODING 1053
SWIDTH 600 0
DWIDTH 12 0
BBX 11 13 0 0
BITMAP
E0E0
0000
E0E0
0000
E0E0
0000
FFE0
0000
E0E0
0000
E0E0
0000
E0E0
ENDCHAR
STARTCHAR uni041E
ENCODING 1054
SWIDTH 600 0
DWIDTH 12 0
BBX 11 13 0 0
BITMAP
7FC0
0000
E0E0
0000
E0E0
0000
E0E0
0000
E0E0
0000
E0E0
0000
7FC0
ENDCHAR
STARTCHAR uni041F
ENCODING 1055
SWIDTH 600 0
DWIDTH 12 0
BBX 11 13 0 0
BITMAP
FFE0
0000
E0E0
0000
E0E0
0000
E0E0
0000
E0E0
0000
E0E0
0000
E0E0
ENDCHAR
STARTCHAR uni0420
ENCODING 1056
SWIDTH 600 0
DWIDTH 12 0
BBX 11 13 0 0
BITMAP
FFC0
0000
E0E0
0000
E0E0
0000
FFC0
0000
E000
0000
E000
0000
E000
ENDCHAR
STARTCHAR uni0421
ENCODING 1057
SWIDTH 600 0
DWIDTH 12 0
BBX 11 13 0 0
BITMAP
7FC0
0000
E0E0
0000
E000
0000
E000
0000
E000
0000
E0E0
0000
7FC0
ENDCHAR
STARTCHAR uni0422
ENCODING 1058
SWIDTH 600 0
DWIDTH 12 0
BBX 11 13 0 0
BITMAP
FFE0
0000
0E00
0000
0E00
0000
0E00
0000
0E00
0000
0E00
0000
0E00
ENDCHAR
STARTCHAR uni0423
ENCODING 1059
SWIDTH 600 0
DWIDTH 12 0
BBX 11 13 0 0
BITMAP
E0E0
0000
71C0
0000
3B80
0000
1F00
0000
0E00
0000
1C00
0000
F800
ENDCHAR
STARTCHAR uni0424
ENCODING 1060
SWIDTH 600 0
DWIDTH 12 0
BBX 11 13 0 0
BITMAP
0E00
0000
7FC0
0000
EEE0
0000
EEE0
0000
EEE0
0000
7FC0
0000
0E00
ENDCHAR
STARTCHAR uni0425
ENCODING 1061
SWIDTH 600 0
DWIDTH 12 0
BBX 11 13 0 0
BITMAP
E0E0
0000
71C0
0000
3B80
0000
1F00
0000
3B80
0000
71C0
0000
E0E0
ENDCHAR
STARTCHAR uni0426
ENCODING 1062
SWIDTH 600 0
DWIDTH 12 0
BBX 11 15 0 -2
BITMAP
E1C0
0000
E1C0
0000
E1C0
0000
E1C0
0000
E1C0
0000
E1C0
0000
FFE0
0000
00E0
ENDCHAR
STARTCHAR uni0427
ENCODING 1063
SWIDTH 600 0
DWIDTH 12 0
BBX 11 13 0 0
BITMAP
E0E0
0000
E0E0
0000
E0E0
0000
7FE0
0000
00E0
0000
00E0
0000
00E0
ENDCHAR
STARTCHAR uni0428
ENCODING 1064
SWIDTH 600 0
DWIDTH 12 0
BBX 11 13 0 0
BITMAP
EEE0
0000
EEE0
0000
EEE0
0000
EEE0
0000
EEE0
0000
EEE0
0000
FFE0
ENDCHAR
STARTCHAR uni0429
ENCODING 1065
SWIDTH 600 0
DWIDTH 12 0
BBX 12 15 0 -2
BITMAP
EEE0
0000
EEE0
0000
EEE0
0000
EEE0
0000
EEE0
0000
EEE0
0000
FFE0
0000
00F0
ENDCHAR
STARTCHAR uni042A
ENCODING 1066
SWIDTH 600 0
DWIDTH 12 0
BBX 11 13 0 0
BITMAP
F800
0000
3800
0000
3800
0000
3FC0
0000
38E0
0000
38E0
0000
3FC0
ENDCHAR
STARTCHAR uni042B
ENCODING 1067
SWIDTH 600 0
DWIDTH 12 0
BBX 11 13 0 0
BITMAP
E0E0
0000
E0E0
0000
E0E0
0000
FCE0
0000
EEE0
0000
EEE0
0000
FCE0
ENDCHAR
STARTCHAR uni042C
ENCODING 1068
SWIDTH 600 0
DWIDTH 12 0
BBX 11 13 0 0
BITMAP
E000
0000
E000
0000
E000
0000
FFC0
0000
E0E0
0000
E0E0
0000
FFC0
ENDCHAR
STARTCHAR uni042D
ENCODING 1069
SWIDTH 600 0
DWIDTH 12 0
BBX 11 13 0 0
BITMAP
7FC0
0000
E0E0
0000
00E0
0000
1FE0
0000
00E0
0000
E0E0
0000
7FC0
ENDCHAR
STARTCHAR uni042E
ENCODING 1070
SWIDTH 600 0
DWIDTH 12 0
BBX 11 13 0 0
BITMAP
E7C0
0000
EEE0
0000
EEE0
0000
FEE0
0000
EEE0
0000
EEE0
0000
E7C0
ENDCHAR
STARTCHAR uni042F
ENCODING 1071
SWIDTH 600 0
DWIDTH 12 0
BBX 11 13 0 0
BITMAP
7FE0
0000
E0E0
0000
E0E0
0000
7FE0
0000
38E0
0000
70E0
0000
E0E0
ENDCHAR
STARTCHAR uni0430
ENCODING 1072
SWIDTH 600 0
DWIDTH 12 0
BBX 11 9 0 0
BITMAP
FFC0
0000
00E0
0000
7FE0
0000
E0E0
0000
7FE0
ENDCHAR
STARTCHAR uni0431
ENCODING 1073
SWIDTH 600 0
DWIDTH 12 0
BBX 11 15 0 0
BITMAP
00E0
0000
7FC0
0000
E000
0000
FFC0
0000
E0E0
0000
E0E0
0000
E0E0
0000
7FC0
ENDCHAR
STARTCHAR uni0432
ENCODING 1074
SWIDTH 600 0
DWIDTH 12 0
BBX 11 9 0 0
BITMAP
FFC0
0000
E0E0
0000
FFC0
0000
E0E0
0000
FFC0
ENDCHAR
STARTCHAR uni0433
ENCODING 1075
SWIDTH 600 0
DWIDTH 12 0
BBX 11 9 0 0
BITMAP
FFE0
0000
E000
0000
E000
0000
E000
0000
E000
ENDCHAR
STARTCHAR uni0434
ENCODING 1076
SWIDTH 600 0
DWIDTH 12 0
BBX 11 11 0 -2
BITMAP
3FC0
0000
39C0
0000
39C0
0000
71C0
0000
FFE0
0000
E0E0
ENDCHAR
STARTCHAR uni0435
ENCODING 1077
SWIDTH 600 0
DWIDTH 12 0
BBX 11 9 0 0
BITMAP
7FC0
0000
E0E0
0000
FFE0
0000
E000
0000
7FC0
ENDCHAR
STARTCHAR uni0436
ENCODING 1078
SWIDTH 600 0
DWIDTH 12 0
BBX 11 9 0 0
BITMAP
EEE0
0000
7FC0
0000
1F00
0000
7FC0
0000
EEE0
ENDCHAR
STARTCHAR uni0437
ENCODING 1079
SWIDTH 600 0
DWIDTH 12 0
BBX 11 9 0 0
BITMAP
7FC0
0000
E0E0
0000
0FC0
0000
E0E0
0000
7FC0
ENDCHAR
STARTCHAR uni0438
ENCODING 1080
SWIDTH 600 0
DWIDTH 12 0
BBX 11 9 0 0
BITMAP
E3E0
0000
E7E0
0000
EEE0
0000
FCE0
0000
F8E0
ENDCHAR
STARTCHAR uni0439
ENCODING 1081
SWIDTH 600 0
DWIDTH 12 0
BBX 11 13 0 0
BITMAP
1B00
0000
0E00
0000
E3E0
0000
E7E0
0000
EEE0
0000
FCE0
0000
F8E0
ENDCHAR
STARTCHAR uni043A
ENCODING 1082
SWIDTH 600 0
DWIDTH 12 0
BBX 11 9 0 0
BITMAP
E1E0
0000
E700
0000
FE00
0000
E380
0000
E0E0
ENDCHAR
STARTCHAR uni043B
ENCODING 1083
SWIDTH 600 0
DWIDTH 12 0
BBX 11 9 0 0
BITMAP
3FE0
0000
38E0
0000
38E0
0000
38E0
0000
F0E0
ENDCHAR
STARTCHAR uni043C
ENCODING 1084
SWIDTH 600 0
DWIDTH 12 0
BBX 11 9 0 0
BITMAP
F1E0
0000
FBE0
0000
FFE0
0000
EEE0
0000
E0E0
ENDCHAR
STARTCHAR uni043D
ENCODING 1085
SWIDTH 600 0
DWIDTH 12 0
BBX 11 9 0 0
BITMAP
E0E0
0000
E0E0
0000
FFE0
0000
E0E0
0000
E0E0
ENDCHAR
STARTCHAR uni043E
ENCODING 1086
SWIDTH 600 0
DWIDTH 12 0
BBX 11 9 0 0
BITMAP
7FC0
0000
E0E0
0000
E0E0
0000
E0E0
0000
7FC0
ENDCHAR
STARTCHAR uni043F
ENCODING 1087
SWIDTH 600 0
DWIDTH 12 0
BBX 11 9 0 0
BITMAP
FFE0
0000
E0E0
0000
E0E0
0000
E0E0
0000
E0E0
ENDCHAR
STARTCHAR uni0440
ENCODING 1088
SWIDTH 600 0
DWIDTH 12 0
BBX 11 13 0 -4
BITMAP
FFC0
0000
E0E0
0000
E0E0
0000
E0E0
0000
FFC0
0000
E000
0000
E000
ENDCHAR
STARTCHAR uni0441
ENCODING 1089
SWIDTH 600 0
DWIDTH 12 0
BBX 11 9 0 0
BITMAP
7FC0
0000
E0E0
0000
E000
0000
E0E0
0000
7FC0
ENDCHAR
STARTCHAR uni0442
ENCODING 1090
SWIDTH 600 0
DWIDTH 12 0
BBX 11 9 0 0
BITMAP
FFE0
0000
0E00
0000
0E00
0000
0E00
0000
0E00
ENDCHAR
STARTCHAR uni0443
ENCODING 1091
SWIDTH 600 0
DWIDTH 12 0
BBX 11 13 0 -4
BITMAP
E0E0
0000
71C0
0000
3B80
0000
1F00
0000
0E00
0000
1C00
0000
F800
ENDCHAR
STARTCHAR uni0444
ENCODING 1092
SWIDTH 600 0
DWIDTH 12 0
BBX 11 17 0 -4
BITMAP
0E00
0000
0E00
0000
7FC0
0000
EEE0
0000
EEE0
0000
EEE0
0000
7FC0
0000
0E00
0000
0E00
ENDCHAR
STARTCHAR uni0445
ENCODING 1093
SWIDTH 600 0
DWIDTH 12 0
BBX 11 9 0 0
BITMAP
E0E0
0000
3B80
0000
0E00
0000
3B80
0000
E0E0
ENDCHAR
STARTCHAR uni0446
ENCODING 1094
SWIDTH 600 0
DWIDTH 12 0
BBX 11 11 0 -2
BITMAP
E1C0
0000
E1C0
0000
E1C0
0000
E1C0
0000
FFE0
0000
00E0
ENDCHAR
STARTCHAR uni0447
ENCODING 1095
SWIDTH 600 0
DWIDTH 12 0
BBX 11 9 0 0
BITMAP
E0E0
0000
E0E0
0000
7FE0
0000
00E0
0000
00E0
ENDCHAR
STARTCHAR uni0448
ENCODING 1096
SWIDTH 600 0
DWIDTH 12 0
BBX 11 9 0 0
BITMAP
EEE0
0000
EEE0
0000
EEE0
0000
EEE0
0000
FFE0
ENDCHAR
STARTCHAR uni0449
ENCODING 1097
SWIDTH 600 0
DWIDTH 12 0
BBX 12 11 0 -2
BITMAP
EEE0
0000
EEE0
0000
EEE0
0000
EEE0
0000
FFE0
0000
00F0
ENDCHAR
STARTCHAR uni044A
ENCODING 1098
SWIDTH 600 0
DWIDTH 12 0
BBX 11 9 0 0
BITMAP
F800
0000
3800
0000
3FC0
0000
38E0
0000
3FC0
ENDCHAR
STARTCHAR uni044B
ENCODING 1099
SWIDTH 600 0
DWIDTH 12 0
BBX 11 9 0 0
BITMAP
E0E0
0000
E0E0
0000
FCE0
0000
EEE0
0000
FCE0
ENDCHAR
STARTCHAR uni044C
ENCODING 1100
SWIDTH 600 0
DWIDTH 12 0
BBX 11 9 0 0
BITMAP
E000
0000
E000
0000
FFC0
0000
E0E0
0000
FFC0
ENDCHAR
STARTCHAR uni044D
ENCODING 1101
SWIDTH 600 0
DWIDTH 12 0
BBX 11 9 0 0
BITMAP
7FC0
0000
E0E0
0000
0FE0
0000
E0E0
0000
7FC0
ENDCHAR
STARTCHAR uni044E
ENCODING 1102
SWIDTH 600 0
DWIDTH 12 0
BBX 11 9 0 0
BITMAP
E7C0
0000
EEE0
0000
FEE0
0000
EEE0
0000
E7C0
ENDCHAR
STARTCHAR uni044F
ENCODING 1103
SWIDTH 600 0
DWIDTH 12 0
BBX 11 9 0 0
BITMAP
7FE0
0000
E0E0
0000
7FE0
0000
38E0
0000
E0E0
ENDCHAR
STARTCHAR uni0450
ENCODING 1104
SWIDTH 600 0
DWIDTH 12 0
BBX 11 13 0 0
BITMAP
1800
0000
0C00
0000
7FC0
0000
E0E0
0000
FFE0
0000
E000
0000
7FC0
ENDCHAR
STARTCHAR uni0451
ENCODING 1105
SWIDTH 600 0
DWIDTH 12 0
BBX 11 13 0 0
BITMAP
1B00
0000
0000
0000
7FC0
0000
E0E0
0000
FFE0
0000
E000
0000
7FC0
ENDCHAR
STARTCHAR uni0452
ENCODING 1106
SWIDTH 600 0
DWIDTH 12 0
BBX 11 17 0 -4
BITMAP
3800
0000
FF80
0000
3800
0000
3FC0
0000
38E0
0000
38E0
0000
38E0
0000
00E0
0000
07C0
ENDCHAR
STARTCHAR uni0453
ENCODING 1107
SWIDTH 600 0
DWIDTH 12 0
BBX 11 13 0 0
BITMAP
0300
0000
0600
0000
FFE0
0000
E000
0000
E000
0000
E000
0000
E000
ENDCHAR
STARTCHAR uni0454
ENCODING 1108
SWIDTH 600 0
DWIDTH 12 0
BBX 11 9 0 0
BITMAP
7FC0
0000
E0E0
0000
FE00
0000
E0E0
0000
7FC0
ENDCHAR
STARTCHAR uni0455
ENCODING 1109
SWIDTH 600 0
DWIDTH 12 0
BBX 11 9 0 0
BITMAP
7FE0
0000
E000
0000
7FC0
0000
00E0
0000
FFC0
ENDCHAR
STARTCHAR uni0456
ENCODING 1110
SWIDTH 600 0
DWIDTH 12 0
BBX 11 13 0 0
BITMAP
0E00
0000
0000
0000
FE00
0000
0E00
0000
0E00
0000
0E00
0000
FFE0
ENDCHAR
STARTCHAR uni0457
ENCODING 1111
SWIDTH 600 0
DWIDTH 12 0
BBX 11 13 0 0
BITMAP
1B00
0000
0000
0000
FE00
0000
0E00
0000
0E00
0000
0E00
0000
FFE0
ENDCHAR
STARTCHAR uni0458
ENCODING 1112
SWIDTH 600 0
DWIDTH 12 0
BBX 8 17 0 -4
BITMAP
07
00
00
00
FF
00
07
00
07
00
07
00
07
00
07
00
FE
ENDCHAR
STARTCHAR uni0459
ENCODING 1113
SWIDTH 600 0
DWIDTH 12 0
BBX 11 9 0 0
BITMAP
7F00
0000
7700
0000
77C0
0000
7760
0000
E7C0
ENDCHAR
STARTCHAR uni045A
ENCODING 1114
SWIDTH 600 0
DWIDTH 12 0
BBX 11 9 0 0
BITMAP
EE00
0000
EE00
0000
FFC0
0000
EEE0
0000
EFC0
ENDCHAR
STARTCHAR uni045B
ENCODING 1115
SWIDTH 600 0
DWIDTH 12 0
BBX 11 13 0 0
BITMAP
3800
0000
FF80
0000
3800
0000
3FC0
0000
38E0
0000
38E0
0000
38E0
ENDCHAR
STARTCHAR uni045C
ENCODING 1116
SWIDTH 600 0
DWIDTH 12 0
BBX 11 13 0 0
BITMAP
0600
0000
0C00
0000
E1E0
0000
E700
0000
FE00
0000
E380
0000
E0E0
ENDCHAR
STARTCHAR uni045D
ENCODING 1117
SWIDTH 600 0
DWIDTH 12 0
BBX 11 13 0 0
BITMAP
0C00
0000
0600
0000
E3E0
0000
E7E0
0000
EEE0
0000
FCE0
0000
F8E0
ENDCHAR
STARTCHAR uni045E
ENCODING 1118
SWIDTH 600 0
DWIDTH 12 0
BBX 11 17 0 -4
BITMAP
1B00
0000
0E00
0000
E0E0
0000
71C0
0000
3B80
0000
1F00
0000
0E00
0000
1C00
0000
F800
ENDCHAR
STARTCHAR uni045F
ENCODING 1119
SWIDTH 600 0
DWIDTH 12 0
BBX 11 13 0 -4
BITMAP
E0E0
0000
E0E0
0000
E0E0
0000
E0E0
0000
FFE0
0000
0E00
0000
0E00
ENDCHAR
STARTCHAR uni2000
ENCODING 8192
SWIDTH 600 0
DWIDTH 12 0
BBX 1 1 0 0
BITMAP
00
ENDCHAR
STARTCHAR uni2001
ENCODING 8193
SWIDTH 600 0
DWIDTH 12 0
BBX 1 1 0 0
BITMAP
00
ENDCHAR
STARTCHAR uni2002
ENCODING 8194
SWIDTH 600 0
DWIDTH 12 0
BBX 1 1 0 0
BITMAP
00
ENDCHAR
STARTCHAR uni2003
ENCODING 8195
SWIDTH 600 0
DWIDTH 12 0
BBX 1 1 0 0
BITMAP
00
ENDCHAR
STARTCHAR uni2004
ENCODING 8196
SWIDTH 600 0
DWIDTH 12 0
BBX 1 1 0 0
BITMAP
00
ENDCHAR
STARTCHAR uni2005
ENCODING 8197
SWIDTH 600 0
DWIDTH 12 0
BBX 1 1 0 0
BITMAP
00
ENDCHAR
STARTCHAR uni2006
ENCODING 8198
SWIDTH 600 0
DWIDTH 12 0
BBX 1 1 0 0
BITMAP
00
ENDCHAR
STARTCHAR uni2007
ENCODING 8199
SWIDTH 600 0
DWIDTH 12 0
BBX 1 1 0 0
BITMAP
00
ENDCHAR
STARTCHAR uni2008
ENCODING 8200
SWIDTH 600 0
DWIDTH 12 0
BBX 1 1 0 0
BITMAP
00
ENDCHAR
STARTCHAR uni2009
ENCODING 8201
SWIDTH 600 0
DWIDTH 12 0
BBX 1 1 0 0
BITMAP
00
ENDCHAR
STARTCHAR uni200A
ENCODING 8202
SWIDTH 600 0
DWIDTH 12 0
BBX 1 1 0 0
BITMAP
00
ENDCHAR
STARTCHAR uni200B
ENCODING 8203
SWIDTH 600 0
DWIDTH 12 0
BBX 1 1 0 0
BITMAP
00
ENDCHAR
STARTCHAR uni2010
ENCODING 8208
SWIDTH 600 0
DWIDTH 12 0
BBX 9 1 1 4
BITMAP
FF80
ENDCHAR
STARTCHAR uni2011
ENCODING 8209
SWIDTH 600 0
DWIDTH 12 0
BBX 9 1 1 4
BITMAP
FF80
ENDCHAR
STARTCHAR uni2012
ENCODING 8210
SWIDTH 600 0
DWIDTH 12 0
BBX 11 1 0 4
BITMAP
FFE0
ENDCHAR
STARTCHAR uni2013
ENCODING 8211
SWIDTH 600 0
DWIDTH 12 0
BBX 11 1 0 4
BITMAP
FFE0
ENDCHAR
STARTCHAR uni2014
ENCODING 8212
SWIDTH 600 0
DWIDTH 12 0
BBX 11 1 0 4
BITMAP
FFE0
ENDCHAR
STARTCHAR uni2015
ENCODING 8213
SWIDTH 600 0
DWIDTH 12 0
BBX 12 1 0 6
BITMAP
FFF0
ENDCHAR
STARTCHAR uni2016
ENCODING 8214
SWIDTH 600 0
DWIDTH 12 0
BBX 5 19 3 -4
BITMAP
D8
00
D8
00
D8
00
D8
00
D8
00
D8
00
D8
00
D8
00
D8
00
D8
ENDCHAR
STARTCHAR uni2017
ENCODING 8215
SWIDTH 600 0
DWIDTH 12 0
BBX 11 3 0 -4
BITMAP
FFE0
0000
FFE0
ENDCHAR
STARTCHAR uni2018
ENCODING 8216
SWIDTH 600 0
DWIDTH 12 0
BBX 3 5 5 8
BITMAP
60
00
C0
00
E0
ENDCHAR
STARTCHAR uni2019
ENCODING 8217
SWIDTH 600 0
DWIDTH 12 0
BBX 3 5 4 8
BITMAP
E0
00
60
00
C0
ENDCHAR
STARTCHAR uni201A
ENCODING 8218
SWIDTH 600 0
DWIDTH 12 0
BBX 3 5 4 -2
BITMAP
E0
00
60
00
C0
ENDCHAR
STARTCHAR uni201B
ENCODING 8219
SWIDTH 600 0
DWIDTH 12 0
BBX 3 5 4 8
BITMAP
E0
00
C0
00
60
ENDCHAR
STARTCHAR uni201C
ENCODING 8220
SWIDTH 600 0
DWIDTH 12 0
BBX 7 5 2 8
BITMAP
66
00
CC
00
EE
ENDCHAR
STARTCHAR uni201D
ENCODING 8221
SWIDTH 600 0
DWIDTH 12 0
BBX 7 5 2 8
BITMAP
EE
00
66
00
CC
ENDCHAR
STARTCHAR uni201E
ENCODING 8222
SWIDTH 600 0
DWIDTH 12 0
BBX 7 5 2 -2
BITMAP
EE
00
66
00
CC
ENDCHAR
STARTCHAR uni201F
ENCODING 8223
SWIDTH 600 0
DWIDTH 12 0
BBX 7 5 2 8
BITMAP
EE
00
CC
00
66
ENDCHAR
STARTCHAR uni2020
ENCODING 8224
SWIDTH 600 0
DWIDTH 12 0
BBX 11 13 0 0
BITMAP
0E00
0000
0E00
0000
FFE0
0000
0E00
0000
0E00
0000
0E00
0000
0E00
ENDCHAR
STARTCHAR uni2021
ENCODING 8225
SWIDTH 600 0
DWIDTH 12 0
BBX 11 13 0 0
BITMAP
0E00
0000
0E00
0000
FFE0
0000
0E00
0000
FFE0
0000
0E00
0000
0E00
ENDCHAR
STARTCHAR uni2022
ENCODING 8226
SWIDTH 600 0
DWIDTH 12 0
BBX 5 5 3 4
BITMAP
70
00
F8
00
70
ENDCHAR
STARTCHAR uni2023
ENCODING 8227
SWIDTH 600 0
DWIDTH 12 0
BBX 5 9 3 2
BITMAP
80
00
E0
00
F8
00
E0
00
80
ENDCHAR
STARTCHAR uni2024
ENCODING 8228
SWIDTH 600 0
DWIDTH 12 0
BBX 3 3 4 4
BITMAP
E0
00
E0
ENDCHAR
STARTCHAR uni2025
ENCODING 8229
SWIDTH 600 0
DWIDTH 12 0
BBX 9 3 1 4
BITMAP
E380
0000
E380
ENDCHAR
STARTCHAR uni2026
ENCODING 8230
SWIDTH 600 0
DWIDTH 12 0
BBX 11 3 0 4
BITMAP
EEE0
0000
EEE0
ENDCHAR
STARTCHAR uni2027
ENCODING 8231
SWIDTH 600 0
DWIDTH 12 0
BBX 3 3 4 2
BITMAP
E0
00
E0
ENDCHAR
STARTCHAR uni2030
ENCODING 8240
SWIDTH 600 0
DWIDTH 12 0
BBX 11 13 0 0
BITMAP
F8E0
0000
D9C0
0000
FB80
0000
1F00
0000
3FE0
0000
75A0
0000
E7E0
ENDCHAR
STARTCHAR uni2031
ENCODING 8241
SWIDTH 600 0
DWIDTH 12 0
BBX 11 13 0 0
BITMAP
F8E0
0000
D9C0
0000
FB80
0000
1F00
0000
3FE0
0000
7AA0
0000
EFE0
ENDCHAR
STARTCHAR uni2032
ENCODING 8242
SWIDTH 600 0
DWIDTH 12 0
BBX 4 5 3 8
BITMAP
30
00
60
00
C0
ENDCHAR
STARTCHAR uni2033
ENCODING 8243
SWIDTH 600 0
DWIDTH 12 0
BBX 7 5 2 8
BITMAP
36
00
6C
00
D8
ENDCHAR
STARTCHAR uni2034
ENCODING 8244
SWIDTH 600 0
DWIDTH 12 0
BBX 10 5 0 8
BITMAP
36C0
0000
6D80
0000
DB00
ENDCHAR
STARTCHAR uni2035
ENCODING 8245
SWIDTH 600 0
DWIDTH 12 0
BBX 4 5 3 8
BITMAP
C0
00
60
00
30
ENDCHAR
STARTCHAR uni2036
ENCODING 8246
SWIDTH 600 0
DWIDTH 12 0
BBX 7 5 2 8
BITMAP
D8
00
6C
00
36
ENDCHAR
STARTCHAR uni2037
ENCODING 8247
SWIDTH 600 0
DWIDTH 12 0
BBX 10 5 1 8
BITMAP
DB00
0000
6D80
0000
36C0
ENDCHAR
STARTCHAR uni2038
ENCODING 8248
SWIDTH 600 0
DWIDTH 12 0
BBX 7 3 2 -4
BITMAP
38
00
EE
ENDCHAR
STARTCHAR uni2039
ENCODING 8249
SWIDTH 600 0
DWIDTH 12 0
BBX 7 9 2 2
BITMAP
0E
00
38
00
E0
00
38
00
0E
ENDCHAR
STARTCHAR uni203A
ENCODING 8250
SWIDTH 600 0
DWIDTH 12 0
BBX 7 9 2 2
BITMAP
E0
00
38
00
0E
00
38
00
E0
ENDCHAR
STARTCHAR uni203B
ENCODING 8251
SWIDTH 600 0
DWIDTH 12 0
BBX 9 13 1 0
BITMAP
C980
0000
6300
0000
3600
0000
9C80
0000
3600
0000
6300
0000
C980
ENDCHAR
STARTCHAR uni203C
ENCODING 8252
SWIDTH 600 0
DWIDTH 12 0
BBX 7 13 2 0
BITMAP
EE
00
EE
00
EE
00
EE
00
EE
00
00
00
EE
ENDCHAR
STARTCHAR uni203D
ENCODING 8253
SWIDTH 600 0
DWIDTH 12 0
BBX 11 13 0 0
BITMAP
7FC0
0000
E0E0
0000
0EE0
0000
0F80
0000
0E00
0000
0000
0000
0E00
ENDCHAR
STARTCHAR uni203E
ENCODING 8254
SWIDTH 600 0
DWIDTH 12 0
BBX 11 1 0 12
BITMAP
FFE0
ENDCHAR
STARTCHAR uni203F
ENCODING 8255
SWIDTH 600 0
DWIDTH 12 0
BBX 11 3 0 -4
BITMAP
E0E0
0000
7FC0
ENDCHAR
STARTCHAR uni2040
ENCODING 8256
SWIDTH 600 0
DWIDTH 12 0
BBX 12 3 0 12
BITMAP
3FC0
0000
E070
ENDCHAR
STARTCHAR uni2044
ENCODING 8260
SWIDTH 600 0
DWIDTH 12 0
BBX 9 13 1 0
BITMAP
0380
0000
0700
0000
0E00
0000
0000
0000
3800
0000
7000
0000
E000
ENDCHAR
STARTCHAR uni2047
ENCODING 8263
SWIDTH 600 0
DWIDTH 12 0
BBX 12 13 0 0
BITMAP
FBE0
0000
1C70
0000
1C70
0000
38E0
0000
E380
0000
0000
0000
E380
ENDCHAR
STARTCHAR uni2048
ENCODING 8264
SWIDTH 600 0
DWIDTH 12 0
BBX 11 13 0 0
BITMAP
FCE0
0000
0EE0
0000
0EE0
0000
1CE0
0000
70E0
0000
0000
0000
70E0
ENDCHAR
STARTCHAR uni2049
ENCODING 8265
SWIDTH 600 0
DWIDTH 12 0
BBX 11 13 0 0
BITMAP
EFC0
0000
E0E0
0000
E0E0
0000
E1C0
0000
E700
0000
0000
0000
E700
ENDCHAR
STARTCHAR uni20AC
ENCODING 8364
SWIDTH 600 0
DWIDTH 12 0
BBX 11 13 0 0
BITMAP
1F80
0000
70E0
0000
FF00
0000
7000
0000
FE00
0000
70E0
0000
1F80
ENDCHAR
STARTCHAR uni20BD
ENCODING 8381
SWIDTH 600 0
DWIDTH 12 0
BBX 11 13 0 0
BITMAP
3F80
0000
38E0
0000
38E0
0000
FF80
0000
3800
0000
FF80
0000
3800
ENDCHAR
STARTCHAR uni2103
ENCODING 8451
SWIDTH 600 0
DWIDTH 12 0
BBX 11 13 0 0
BITMAP
63C0
0000
9660
0000
6600
0000
0600
0000
0600
0000
0660
0000
03C0
ENDCHAR
STARTCHAR uni2109
ENCODING 8457
SWIDTH 600 0
DWIDTH 12 0
BBX 11 13 0 0
BITMAP
67E0
0000
9600
0000
6600
0000
07C0
0000
0600
0000
0600
0000
0600
ENDCHAR
STARTCHAR uni2113
ENCODING 8467
SWIDTH 600 0
DWIDTH 12 0
BBX 11 13 0 0
BITMAP
0FC0
0000
1CE0
0000
1CE0
0000
1CE0
0000
1DC0
0000
0F00
0000
F9E0
ENDCHAR
STARTCHAR uni2116
ENCODING 8470
SWIDTH 600 0
DWIDTH 12 0
BBX 11 13 0 0
BITMAP
89C0
0000
CB60
0000
EB60
0000
FB60
0000
B9C0
0000
9BE0
0000
8800
ENDCHAR
STARTCHAR uni2120
ENCODING 8480
SWIDTH 600 0
DWIDTH 12 0
BBX 12 7 0 6
BITMAP
F630
0000
C770
0000
36B0
0000
F630
ENDCHAR
STARTCHAR uni2121
ENCODING 8481
SWIDTH 600 0
DWIDTH 12 0
BBX 12 13 0 0
BITMAP
F800
0000
6000
0000
6F60
0000
6C60
0000
6F60
0000
6C60
0000
6F70
ENDCHAR
STARTCHAR uni2122
ENCODING 8482
SWIDTH 600 0
DWIDTH 12 0
BBX 12 7 0 6
BITMAP
FE30
0000
3770
0000
36B0
0000
3630
ENDCHAR
STARTCHAR uni2126
ENCODING 8486
SWIDTH 600 0
DWIDTH 12 0
BBX 11 13 0 0
BITMAP
1F00
0000
71C0
0000
E0E0
0000
E0E0
0000
71C0
0000
3B80
0000
FBE0
ENDCHAR
STARTCHAR uni212B
ENCODING 8491
SWIDTH 600 0
DWIDTH 12 0
BBX 11 15 0 0
BITMAP
0E00
0000
1B00
0000
1F00
0000
3B80
0000
71C0
0000
FFE0
0000
E0E0
0000
E0E0
ENDCHAR
STARTCHAR uni2160
ENCODING 8544
SWIDTH 600 0
DWIDTH 12 0
BBX 11 13 0 0
BITMAP
FFE0
0000
1F00
0000
1F00
0000
1F00
0000
1F00
0000
1F00
0000
FFE0
ENDCHAR
STARTCHAR uni2161
ENCODING 8545
SWIDTH 600 0
DWIDTH 12 0
BBX 11 13 0 0
BITMAP
FFE0
0000
3B80
0000
3B80
0000
3B80
0000
3B80
0000
3B80
0000
FFE0
ENDCHAR
STARTCHAR uni2162
ENCODING 8546
SWIDTH 600 0
DWIDTH 12 0
BBX 11 13 0 0
BITMAP
FFE0
0000
6EC0
0000
6EC0
0000
6EC0
0000
6EC0
0000
6EC0
0000
FFE0
ENDCHAR
STARTCHAR uni2163
ENCODING 8547
SWIDTH 600 0
DWIDTH 12 0
BBX 11 13 0 0
BITMAP
FFE0
0000
6C60
0000
6C60
0000
66C0
0000
67C0
0000
6380
0000
F380
ENDCHAR
STARTCHAR uni2164
ENCODING 8548
SWIDTH 600 0
DWIDTH 12 0
BBX 11 13 0 0
BITMAP
FBE0
0000
71C0
0000
71C0
0000
71C0
0000
3B80
0000
1F00
0000
0E00
ENDCHAR
STARTCHAR uni2165
ENCODING 8549
SWIDTH 600 0
DWIDTH 12 0
BBX 11 13 0 0
BITMAP
EFE0
0000
C6C0
0000
C6C0
0000
6CC0
0000
7CC0
0000
38C0
0000
39E0
ENDCHAR
STARTCHAR uni2166
ENCODING 8550
SWIDTH 600 0
DWIDTH 12 0
BBX 11 13 0 0
BITMAP
EFE0
0000
C760
0000
C760
0000
6F60
0000
7F60
0000
3B60
0000
3BE0
ENDCHAR
STARTCHAR uni2167
ENCODING 8551
SWIDTH 600 0
DWIDTH 12 0
BBX 11 13 0 0
BITMAP
EFE0
0000
C6A0
0000
C6A0
0000
6EA0
0000
7EA0
0000
3AA0
0000
3BE0
ENDCHAR
STARTCHAR uni2168
ENCODING 8552
SWIDTH 600 0
DWIDTH 12 0
BBX 11 13 0 0
BITMAP
FEE0
0000
6C60
0000
66C0
0000
6380
0000
66C0
0000
6C60
0000
FEE0
ENDCHAR
STARTCHAR uni2169
ENCODING 8553
SWIDTH 600 0
DWIDTH 12 0
BBX 11 13 0 0
BITMAP
FBE0
0000
71C0
0000
3B80
0000
1F00
0000
3B80
0000
71C0
0000
FBE0
ENDCHAR
STARTCHAR uni216A
ENCODING 8554
SWIDTH 600 0
DWIDTH 12 0
BBX 11 13 0 0
BITMAP
EFE0
0000
C6C0
0000
6CC0
0000
38C0
0000
6CC0
0000
C6C0
0000
EFE0
ENDCHAR
STARTCHAR uni216B
ENCODING 8555
SWIDTH 600 0
DWIDTH 12 0
BBX 11 13 0 0
BITMAP
EFE0
0000
C760
0000
6F60
0000
3B60
0000
6F60
0000
C760
0000
EFE0
ENDCHAR
STARTCHAR uni2170
ENCODING 8560
SWIDTH 600 0
DWIDTH 12 0
BBX 11 13 0 0
BITMAP
1F00
0000
0000
0000
FF00
0000
1F00
0000
1F00
0000
1F00
0000
FFE0
ENDCHAR
STARTCHAR uni2171
ENCODING 8561
SWIDTH 600 0
DWIDTH 12 0
BBX 11 13 0 0
BITMAP
3B80
0000
0000
0000
FF80
0000
3B80
0000
3B80
0000
3B80
0000
FFE0
ENDCHAR
STARTCHAR uni2172
ENCODING 8562
SWIDTH 600 0
DWIDTH 12 0
BBX 11 13 0 0
BITMAP
6EC0
0000
0000
0000
FFC0
0000
6EC0
0000
6EC0
0000
6EC0
0000
FFE0
ENDCHAR
STARTCHAR uni2173
ENCODING 8563
SWIDTH 600 0
DWIDTH 12 0
BBX 11 13 0 0
BITMAP
6000
0000
0000
0000
EFE0
0000
6C60
0000
66C0
0000
67C0
0000
F380
ENDCHAR
STARTCHAR uni2174
ENCODING 8564
SWIDTH 600 0
DWIDTH 12 0
BBX 11 9 0 0
BITMAP
FBE0
0000
71C0
0000
71C0
0000
3B80
0000
0E00
ENDCHAR
STARTCHAR uni2175
ENCODING 8565
SWIDTH 600 0
DWIDTH 12 0
BBX 11 13 0 0
BITMAP
00C0
0000
0000
0000
EFC0
0000
C6C0
0000
6CC0
0000
7CC0
0000
39E0
ENDCHAR
STARTCHAR uni2176
ENCODING 8566
SWIDTH 600 0
DWIDTH 12 0
BBX 11 13 0 0
BITMAP
0360
0000
0000
0000
EFE0
0000
C760
0000
6F60
0000
7F60
0000
3BE0
ENDCHAR
STARTCHAR uni2177
ENCODING 8567
SWIDTH 600 0
DWIDTH 12 0
BBX 11 13 0 0
BITMAP
02A0
0000
0000
0000
EFE0
0000
C6A0
0000
6EA0
0000
7EA0
0000
3BE0
ENDCHAR
STARTCHAR uni2178
ENCODING 8568
SWIDTH 600 0
DWIDTH 12 0
BBX 11 13 0 0
BITMAP
6000
0000
0000
0000
EEE0
0000
66C0
0000
6380
0000
66C0
0000
FEE0
ENDCHAR
STARTCHAR uni2179
ENCODING 8569
SWIDTH 600 0
DWIDTH 12 0
BBX 11 9 0 0
BITMAP
FBE0
0000
3B80
0000
1F00
0000
3B80
0000
FBE0
ENDCHAR
STARTCHAR uni217A
ENCODING 8570
SWIDTH 600 0
DWIDTH 12 0
BBX 11 13 0 0
BITMAP
00C0
0000
0000
0000
EFC0
0000
6CC0
0000
38C0
0000
6CC0
0000
EFE0
ENDCHAR
STARTCHAR uni217B
ENCODING 8571
SWIDTH 600 0
DWIDTH 12 0
BBX 11 13 0 0
BITMAP
0360
0000
0000
0000
EFE0
0000
6F60
0000
3B60
0000
6F60
0000
EFE0
ENDCHAR
STARTCHAR uni2190
ENCODING 8592
SWIDTH 600 0
DWIDTH 12 0
BBX 11 9 0 2
BITMAP
0800
0000
3FE0
0000
FFE0
0000
3FE0
0000
0800
ENDCHAR
STARTCHAR uni2191
ENCODING 8593
SWIDTH 600 0
DWIDTH 12 0
BBX 9 11 1 2
BITMAP
0800
0000
3E00
0000
FF80
0000
3E00
0000
3E00
0000
3E00
ENDCHAR
STARTCHAR uni2192
ENCODING 8594
SWIDTH 600 0
DWIDTH 12 0
BBX 11 9 0 2
BITMAP
0200
0000
FF80
0000
FFE0
0000
FF80
0000
0200
ENDCHAR
STARTCHAR uni2193
ENCODING 8595
SWIDTH 600 0
DWIDTH 12 0
BBX 9 11 1 0
BITMAP
3E00
0000
3E00
0000
3E00
0000
FF80
0000
3E00
0000
0800
ENDCHAR
STARTCHAR uni2194
ENCODING 8596
SWIDTH 600 0
DWIDTH 12 0
BBX 11 9 0 2
BITMAP
2080
0000
7FC0
0000
FFE0
0000
7FC0
0000
2080
ENDCHAR
STARTCHAR uni2195
ENCODING 8597
SWIDTH 600 0
DWIDTH 12 0
BBX 9 13 1 0
BITMAP
0800
0000
3E00
0000
FF80
0000
1C00
0000
FF80
0000
3E00
0000
0800
ENDCHAR
STARTCHAR uni2196
ENCODING 8598
SWIDTH 600 0
DWIDTH 12 0
BBX 11 11 0 0
BITMAP
FE00
0000
F800
0000
FE00
0000
9F80
0000
07E0
0000
0180
ENDCHAR
STARTCHAR uni2197
ENCODING 8599
SWIDTH 600 0
DWIDTH 12 0
BBX 11 11 0 0
BITMAP
0FE0
0000
03E0
0000
0FE0
0000
3F20
0000
FC00
0000
3000
ENDCHAR
STARTCHAR uni2198
ENCODING 8600
SWIDTH 600 0
DWIDTH 12 0
BBX 11 11 0 0
BITMAP
3000
0000
FC00
0000
3F20
0000
0FE0
0000
03E0
0000
0FE0
ENDCHAR
STARTCHAR uni2199
ENCODING 8601
SWIDTH 600 0
DWIDTH 12 0
BBX 11 11 0 0
BITMAP
0180
0000
07E0
0000
9F80
0000
FE00
0000
F800
0000
FE00
ENDCHAR
STARTCHAR uni21D0
ENCODING 8656
SWIDTH 600 0
DWIDTH 12 0
BBX 11 9 0 2
BITMAP
0800
0000
3FE0
0000
F000
0000
3FE0
0000
0800
ENDCHAR
STARTCHAR uni21D1
ENCODING 8657
SWIDTH 600 0
DWIDTH 12 0
BBX 9 11 1 2
BITMAP
0800
0000
3E00
0000
E380
0000
2200
0000
2200
0000
2200
ENDCHAR
STARTCHAR uni21D2
ENCODING 8658
SWIDTH 600 0
DWIDTH 12 0
BBX 11 9 0 2
BITMAP
0200
0000
FF80
0000
01E0
0000
FF80
0000
0200
ENDCHAR
STARTCHAR uni21D3
ENCODING 8659
SWIDTH 600 0
DWIDTH 12 0
BBX 9 11 1 0
BITMAP
2200
0000
2200
0000
2200
0000
E380
0000
3E00
0000
0800
ENDCHAR
STARTCHAR uni21D4
ENCODING 8660
SWIDTH 600 0
DWIDTH 12 0
BBX 11 9 0 2
BITMAP
2080
0000
7FC0
0000
E0E0
0000
7FC0
0000
2080
ENDCHAR
STARTCHAR uni21D5
ENCODING 8661
SWIDTH 600 0
DWIDTH 12 0
BBX 9 13 1 0
BITMAP
0800
0000
3E00
0000
F780
0000
1400
0000
F780
0000
3E00
0000
0800
ENDCHAR
STARTCHAR uni21D6
ENCODING 8662
SWIDTH 600 0
DWIDTH 12 0
BBX 11 11 0 0
BITMAP
FE00
0000
F800
0000
E600
0000
9980
0000
0660
0000
0180
ENDCHAR
STARTCHAR uni21D7
ENCODING 8663
SWIDTH 600 0
DWIDTH 12 0
BBX 11 11 0 0
BITMAP
0FE0
0000
03E0
0000
0CE0
0000
3320
0000
CC00
0000
3000
ENDCHAR
STARTCHAR uni21D8
ENCODING 8664
SWIDTH 600 0
DWIDTH 12 0
BBX 11 11 0 0
BITMAP
3000
0000
CC00
0000
3320
0000
0CE0
0000
03E0
0000
0FE0
ENDCHAR
STARTCHAR uni21D9
ENCODING 8665
SWIDTH 600 0
DWIDTH 12 0
BBX 11 11 0 0
BITMAP
0180
0000
0660
0000
9980
0000
E600
0000
F800
0000
FE00
ENDCHAR
STARTCHAR uni2200
ENCODING 8704
SWIDTH 600 0
DWIDTH 12 0
BBX 11 13 0 0
BITMAP
E0E0
0000
E0E0
0000
FFE0
0000
71C0
0000
3B80
0000
1F00
0000
0E00
ENDCHAR
STARTCHAR uni2202
ENCODING 8706
SWIDTH 600 0
DWIDTH 12 0
BBX 11 13 0 0
BITMAP
0FE0
0000
1CE0
0000
01C0
0000
3F80
0000
7700
0000
EE00
0000
FC00
ENDCHAR
STARTCHAR uni2203
ENCODING 8707
SWIDTH 600 0
DWIDTH 12 0
BBX 11 13 0 0
BITMAP
FFE0
0000
00E0
0000
00E0
0000
FFE0
0000
00E0
0000
00E0
0000
FFE0
ENDCHAR
STARTCHAR uni2205
ENCODING 8709
SWIDTH 600 0
DWIDTH 12 0
BBX 11 13 0 0
BITMAP
1F60
0000
71C0
0000
E3E0
0000
EEE0
0000
F8E0
0000
71C0
0000
DF00
ENDCHAR
STARTCHAR uni2206
ENCODING 8710
SWIDTH 600 0
DWIDTH 12 0
BBX 11 11 0 0
BITMAP
0400
0000
0E00
0000
1F00
0000
3B80
0000
71C0
0000
FFE0
ENDCHAR
STARTCHAR uni2207
ENCODING 8711
SWIDTH 600 0
DWIDTH 12 0
BBX 11 11 0 0
BITMAP
FFE0
0000
71C0
0000
3B80
0000
1F00
0000
0E00
0000
0400
ENDCHAR
STARTCHAR uni2208
ENCODING 8712
SWIDTH 600 0
DWIDTH 12 0
BBX 11 13 0 0
BITMAP
1FE0
0000
7000
0000
E000
0000
FFE0
0000
E000
0000
7000
0000
1FE0
ENDCHAR
STARTCHAR uni220B
ENCODING 8715
SWIDTH 600 0
DWIDTH 12 0
BBX 11 13 0 0
BITMAP
FF00
0000
01C0
0000
00E0
0000
FFE0
0000
00E0
0000
01C0
0000
FF00
ENDCHAR
STARTCHAR uni2211
ENCODING 8721
SWIDTH 600 0
DWIDTH 12 0
BBX 11 13 0 0
BITMAP
FFE0
0000
70E0
0000
3800
0000
1C00
0000
3800
0000
70E0
0000
FFE0
ENDCHAR
STARTCHAR uni2212
ENCODING 8722
SWIDTH 600 0
DWIDTH 12 0
BBX 9 1 1 6
BITMAP
FF80
ENDCHAR
STARTCHAR uni2217
ENCODING 8727
SWIDTH 600 0
DWIDTH 12 0
BBX 11 9 0 2
BITMAP
0E00
0000
EEE0
0000
3F80
0000
EEE0
0000
0E00
ENDCHAR
STARTCHAR uni2218
ENCODING 8728
SWIDTH 600 0
DWIDTH 12 0
BBX 7 5 2 4
BITMAP
7C
00
C6
00
7C
ENDCHAR
STARTCHAR uni2219
ENCODING 8729
SWIDTH 600 0
DWIDTH 12 0
BBX 7 5 2 4
BITMAP
7C
00
FE
00
7C
ENDCHAR
STARTCHAR uni221A
ENCODING 8730
SWIDTH 600 0
DWIDTH 12 0
BBX 12 13 0 0
BITMAP
01F0
0000
0380
0000
0700
0000
0E00
0000
DC00
0000
7800
0000
3000
ENDCHAR
STARTCHAR uni221D
ENCODING 8733
SWIDTH 600 0
DWIDTH 12 0
BBX 11 9 0 2
BITMAP
7BC0
0000
EEE0
0000
EE00
0000
EEE0
0000
7BC0
ENDCHAR
STARTCHAR uni221E
ENCODING 8734
SWIDTH 600 0
DWIDTH 12 0
BBX 11 9 0 2
BITMAP
7BC0
0000
EEE0
0000
EEE0
0000
EEE0
0000
7BC0
ENDCHAR
STARTCHAR uni221F
ENCODING 8735
SWIDTH 600 0
DWIDTH 12 0
BBX 11 13 0 0
BITMAP
E000
0000
E000
0000
E000
0000
E000
0000
E000
0000
E000
0000
FFE0
ENDCHAR
STARTCHAR uni2220
ENCODING 8736
SWIDTH 600 0
DWIDTH 12 0
BBX 11 13 0 0
BITMAP
0380
0000
0700
0000
0E00
0000
1C00
0000
3800
0000
7000
0000
FFE0
ENDCHAR
STARTCHAR uni2225
ENCODING 8741
SWIDTH 600 0
DWIDTH 12 0
BBX 7 13 2 0
BITMAP
EE
00
EE
00
EE
00
EE
00
EE
00
EE
00
EE
ENDCHAR
STARTCHAR uni2227
ENCODING 8743
SWIDTH 600 0
DWIDTH 12 0
BBX 11 11 0 0
BITMAP
0400
0000
0E00
0000
1F00
0000
3B80
0000
71C0
0000
E0E0
ENDCHAR
STARTCHAR uni2228
ENCODING 8744
SWIDTH 600 0
DWIDTH 12 0
BBX 11 11 0 0
BITMAP
E0E0
0000
71C0
0000
3B80
0000
1F00
0000
0E00
0000
0400
ENDCHAR
STARTCHAR uni2229
ENCODING 8745
SWIDTH 600 0
DWIDTH 12 0
BBX 11 13 0 0
BITMAP
1F00
0000
71C0
0000
E0E0
0000
E0E0
0000
E0E0
0000
E0E0
0000
E0E0
ENDCHAR
STARTCHAR uni222A
ENCODING 8746
SWIDTH 600 0
DWIDTH 12 0
BBX 11 13 0 0
BITMAP
E0E0
0000
E0E0
0000
E0E0
0000
E0E0
0000
E0E0
0000
71C0
0000
1F00
ENDCHAR
STARTCHAR uni222B
ENCODING 8747
SWIDTH 600 0
DWIDTH 12 0
BBX 11 15 0 -2
BITMAP
07C0
0000
0EE0
0000
0E00
0000
0E00
0000
0E00
0000
0E00
0000
EE00
0000
7C00
ENDCHAR
STARTCHAR uni222C
ENCODING 8748
SWIDTH 600 0
DWIDTH 12 0
BBX 11 15 0 -2
BITMAP
0EC0
0000
1B60
0000
1B00
0000
1B00
0000
1B00
0000
1B00
0000
DB00
0000
7600
ENDCHAR
STARTCHAR uni222E
ENCODING 8750
SWIDTH 600 0
DWIDTH 12 0
BBX 11 15 0 -2
BITMAP
07E0
0000
0E00
0000
7FC0
0000
EEE0
0000
EEE0
0000
7FC0
0000
0E00
0000
FC00
ENDCHAR
STARTCHAR uni2234
ENCODING 8756
SWIDTH 600 0
DWIDTH 12 0
BBX 11 9 0 0
BITMAP
0E00
0000
0E00
0000
0000
0000
E0E0
0000
E0E0
ENDCHAR
STARTCHAR uni2235
ENCODING 8757
SWIDTH 600 0
DWIDTH 12 0
BBX 11 9 0 0
BITMAP
E0E0
0000
E0E0
0000
0000
0000
0E00
0000
0E00
ENDCHAR
STARTCHAR uni2236
ENCODING 8758
SWIDTH 600 0
DWIDTH 12 0
BBX 3 9 4 2
BITMAP
E0
00
E0
00
00
00
E0
00
E0
ENDCHAR
STARTCHAR uni223D
ENCODING 8765
SWIDTH 600 0
DWIDTH 12 0
BBX 11 5 0 4
BITMAP
E7C0
0000
EEE0
0000
7CE0
ENDCHAR
STARTCHAR uni2252
ENCODING 8786
SWIDTH 600 0
DWIDTH 12 0
BBX 9 9 1 2
BITMAP
E000
0000
FF80
0000
0000
0000
FF80
0000
0380
ENDCHAR
STARTCHAR uni2260
ENCODING 8800
SWIDTH 600 0
DWIDTH 12 0
BBX 9 9 1 2
BITMAP
0700
0000
FF80
0000
1C00
0000
FF80
0000
7000
ENDCHAR
STARTCHAR uni2261
ENCODING 8801
SWIDTH 600 0
DWIDTH 12 0
BBX 9 5 1 4
BITMAP
FF80
0000
FF80
0000
FF80
ENDCHAR
STARTCHAR uni2266
ENCODING 8806
SWIDTH 600 0
DWIDTH 12 0
BBX 9 13 1 0
BITMAP
0380
0000
1C00
0000
E000
0000
1C00
0000
0380
0000
FF80
0000
FF80
ENDCHAR
STARTCHAR uni2267
ENCODING 8807
SWIDTH 600 0
DWIDTH 12 0
BBX 9 13 1 0
BITMAP
E000
0000
1C00
0000
0380
0000
1C00
0000
E000
0000
FF80
0000
FF80
ENDCHAR
STARTCHAR uni226A
ENCODING 8810
SWIDTH 600 0
DWIDTH 12 0
BBX 9 9 1 2
BITMAP
3B80
0000
7700
0000
EE00
0000
7700
0000
3B80
ENDCHAR
STARTCHAR uni226B
ENCODING 8811
SWIDTH 600 0
DWIDTH 12 0
BBX 9 9 1 2
BITMAP
EE00
0000
7700
0000
3B80
0000
7700
0000
EE00
ENDCHAR
STARTCHAR uni2282
ENCODING 8834
SWIDTH 600 0
DWIDTH 12 0
BBX 11 13 0 0
BITMAP
1FE0
0000
7000
0000
E000
0000
E000
0000
E000
0000
7000
0000
1FE0
ENDCHAR
STARTCHAR uni2283
ENCODING 8835
SWIDTH 600 0
DWIDTH 12 0
BBX 11 13 0 0
BITMAP
FF00
0000
01C0
0000
00E0
0000
00E0
0000
00E0
0000
01C0
0000
FF00
ENDCHAR
STARTCHAR uni2286
ENCODING 8838
SWIDTH 600 0
DWIDTH 12 0
BBX 11 13 0 0
BITMAP
1FE0
0000
7000
0000
E000
0000
E000
0000
7000
0000
1FE0
0000
FFE0
ENDCHAR
STARTCHAR uni2287
ENCODING 8839
SWIDTH 600 0
DWIDTH 12 0
BBX 11 13 0 0
BITMAP
FF00
0000
01C0
0000
00E0
0000
00E0
0000
01C0
0000
FF00
0000
FFE0
ENDCHAR
STARTCHAR uni22A5
ENCODING 8869
SWIDTH 600 0
DWIDTH 12 0
BBX 11 13 0 0
BITMAP
0E00
0000
0E00
0000
0E00
0000
0E00
0000
0E00
0000
0E00
0000
FFE0
ENDCHAR
STARTCHAR uni22BF
ENCODING 8895
SWIDTH 600 0
DWIDTH 12 0
BBX 11 13 0 0
BITMAP
03E0
0000
07E0
0000
0EE0
0000
1CE0
0000
38E0
0000
70E0
0000
FFE0
ENDCHAR
STARTCHAR uni2312
ENCODING 8978
SWIDTH 600 0
DWIDTH 12 0
BBX 12 3 0 10
BITMAP
3FC0
0000
E070
ENDCHAR
STARTCHAR uni2460
ENCODING 9312
SWIDTH 600 0
DWIDTH 12 0
BBX 11 13 0 0
BITMAP
7FC0
0000
8E20
0000
9E20
0000
8E20
0000
8E20
0000
9F20
0000
7FC0
ENDCHAR
STARTCHAR uni2461
ENCODING 9313
SWIDTH 600 0
DWIDTH 12 0
BBX 11 13 0 0
BITMAP
7FC0
0000
BF20
0000
83A0
0000
8720
0000
9C20
0000
BFA0
0000
7FC0
ENDCHAR
STARTCHAR uni2462
ENCODING 9314
SWIDTH 600 0
DWIDTH 12 0
BBX 11 13 0 0
BITMAP
7FC0
0000
BF20
0000
83A0
0000
9F20
0000
83A0
0000
BF20
0000
7FC0
ENDCHAR
STARTCHAR uni2463
ENCODING 9315
SWIDTH 600 0
DWIDTH 12 0
BBX 11 13 0 0
BITMAP
7FC0
0000
87A0
0000
8DA0
0000
99A0
0000
BFA0
0000
81A0
0000
7FC0
ENDCHAR
STARTCHAR uni2464
ENCODING 9316
SWIDTH 600 0
DWIDTH 12 0
BBX 11 13 0 0
BITMAP
7FC0
0000
BFA0
0000
B020
0000
BF20
0000
81A0
0000
BF20
0000
7FC0
ENDCHAR
STARTCHAR uni2465
ENCODING 9317
SWIDTH 600 0
DWIDTH 12 0
BBX 11 13 0 0
BITMAP
7FC0
0000
9F20
0000
B020
0000
BF20
0000
B1A0
0000
9F20
0000
7FC0
ENDCHAR
STARTCHAR uni2466
ENCODING 9318
SWIDTH 600 0
DWIDTH 12 0
BBX 11 13 0 0
BITMAP
7FC0
0000
BFA0
0000
8320
0000
8620
0000
8C20
0000
9820
0000
7FC0
ENDCHAR
STARTCHAR uni2467
ENCODING 9319
SWIDTH 600 0
DWIDTH 12 0
BBX 11 13 0 0
BITMAP
7FC0
0000
9F20
0000
B1A0
0000
9F20
0000
B1A0
0000
9F20
0000
7FC0
ENDCHAR
STARTCHAR uni2468
ENCODING 9320
SWIDTH 600 0
DWIDTH 12 0
BBX 11 13 0 0
BITMAP
7FC0
0000
9F20
0000
B1A0
0000
9FA0
0000
81A0
0000
9F20
0000
7FC0
ENDCHAR
STARTCHAR uni2469
ENCODING 9321
SWIDTH 600 0
DWIDTH 12 0
BBX 11 13 0 0
BITMAP
7FC0
0000
93A0
0000
B2A0
0000
92A0
0000
92A0
0000
BBA0
0000
7FC0
ENDCHAR
STARTCHAR uni246A
ENCODING 9322
SWIDTH 600 0
DWIDTH 12 0
BBX 11 13 0 0
BITMAP
7FC0
0000
9120
0000
B320
0000
9120
0000
9120
0000
BBA0
0000
7FC0
ENDCHAR
STARTCHAR uni246B
ENCODING 9323
SWIDTH 600 0
DWIDTH 12 0
BBX 11 13 0 0
BITMAP
7FC0
0000
93A0
0000
B0A0
0000
9120
0000
9220
0000
BBA0
0000
7FC0
ENDCHAR
STARTCHAR uni246C
ENCODING 9324
SWIDTH 600 0
DWIDTH 12 0
BBX 11 13 0 0
BITMAP
7FC0
0000
93A0
0000
B0A0
0000
93A0
0000
90A0
0000
BBA0
0000
7FC0
ENDCHAR
STARTCHAR uni246D
ENCODING 9325
SWIDTH 600 0
DWIDTH 12 0
BBX 11 13 0 0
BITMAP
7FC0
0000
92A0
0000
B2A0
0000
93A0
0000
90A0
0000
B8A0
0000
7FC0
ENDCHAR
STARTCHAR uni246E
ENCODING 9326
SWIDTH 600 0
DWIDTH 12 0
BBX 11 13 0 0
BITMAP
7FC0
0000
93A0
0000
B220
0000
93A0
0000
90A0
0000
BBA0
0000
7FC0
ENDCHAR
STARTCHAR uni246F
ENCODING 9327
SWIDTH 600 0
DWIDTH 12 0
BBX 11 13 0 0
BITMAP
7FC0
0000
93A0
0000
B220
0000
93A0
0000
92A0
0000
BBA0
0000
7FC0
ENDCHAR
STARTCHAR uni2470
ENCODING 9328
SWIDTH 600 0
DWIDTH 12 0
BBX 11 13 0 0
BITMAP
7FC0
0000
93A0
0000
B0A0
0000
90A0
0000
90A0
0000
B8A0
0000
7FC0
ENDCHAR
STARTCHAR uni2471
ENCODING 9329
SWIDTH 600 0
DWIDTH 12 0
BBX 11 13 0 0
BITMAP
7FC0
0000
93A0
0000
B2A0
0000
93A0
0000
92A0
0000
BBA0
0000
7FC0
ENDCHAR
STARTCHAR uni2472
ENCODING 9330
SWIDTH 600 0
DWIDTH 12 0
BBX 11 13 0 0
BITMAP
7FC0
0000
93A0
0000
B2A0
0000
93A0
0000
90A0
0000
BBA0
0000
7FC0
ENDCHAR
STARTCHAR uni2473
ENCODING 9331
SWIDTH 600 0
DWIDTH 12 0
BBX 11 13 0 0
BITMAP
7FC0
0000
BBA0
0000
8AA0
0000
92A0
0000
A2A0
0000
BBA0
0000
7FC0
ENDCHAR
STARTCHAR uni2500
ENCODING 9472
SWIDTH 600 0
DWIDTH 12 0
BBX 12 1 0 6
BITMAP
FFF0
ENDCHAR
STARTCHAR uni2501
ENCODING 9473
SWIDTH 600 0
DWIDTH 12 0
BBX 12 5 0 4
BITMAP
FFF0
0000
FFF0
0000
FFF0
ENDCHAR
STARTCHAR uni2502
ENCODING 9474
SWIDTH 600 0
DWIDTH 12 0
BBX 1 19 5 -4
BITMAP
80
00
80
00
80
00
80
00
80
00
80
00
80
00
80
00
80
00
80
ENDCHAR
STARTCHAR uni2503
ENCODING 9475
SWIDTH 600 0
DWIDTH 12 0
BBX 5 19 3 -4
BITMAP
F8
00
F8
00
F8
00
F8
00
F8
00
F8
00
F8
00
F8
00
F8
00
F8
ENDCHAR
STARTCHAR uni250C
ENCODING 9484
SWIDTH 600 0
DWIDTH 12 0
BBX 7 11 5 -4
BITMAP
FE
00
80
00
80
00
80
00
80
00
80
ENDCHAR
STARTCHAR uni250F
ENCODING 9487
SWIDTH 600 0
DWIDTH 12 0
BBX 9 13 3 -4
BITMAP
0380
0000
1F80
0000
7F80
0000
FE00
0000
F800
0000
F800
0000
F800
ENDCHAR
STARTCHAR uni2510
ENCODING 9488
SWIDTH 600 0
DWIDTH 12 0
BBX 6 11 0 -4
BITMAP
FC
00
04
00
04
00
04
00
04
00
04
ENDCHAR
STARTCHAR uni2513
ENCODING 9491
SWIDTH 600 0
DWIDTH 12 0
BBX 8 13 0 -4
BITMAP
C0
00
F8
00
FE
00
7F
00
1F
00
1F
00
1F
ENDCHAR
STARTCHAR uni2514
ENCODING 9492
SWIDTH 600 0
DWIDTH 12 0
BBX 7 9 5 6
BITMAP
80
00
80
00
80
00
80
00
FE
ENDCHAR
STARTCHAR uni2517
ENCODING 9495
SWIDTH 600 0
DWIDTH 12 0
BBX 9 11 3 4
BITMAP
F800
0000
F800
0000
FE00
0000
7F80
0000
1F80
0000
0380
ENDCHAR
STARTCHAR uni2518
ENCODING 9496
SWIDTH 600 0
DWIDTH 12 0
BBX 6 9 0 6
BITMAP
04
00
04
00
04
00
04
00
FC
ENDCHAR
STARTCHAR uni251B
ENCODING 9499
SWIDTH 600 0
DWIDTH 12 0
BBX 8 11 0 4
BITMAP
1F
00
1F
00
7F
00
FE
00
F8
00
C0
ENDCHAR
STARTCHAR uni251C
ENCODING 9500
SWIDTH 600 0
DWIDTH 12 0
BBX 7 19 5 -4
BITMAP
80
00
80
00
80
00
80
00
FE
00
80
00
80
00
80
00
80
00
80
ENDCHAR
STARTCHAR uni251D
ENCODING 9501
SWIDTH 600 0
DWIDTH 12 0
BBX 7 19 5 -4
BITMAP
80
00
80
00
80
00
FE
00
FE
00
FE
00
80
00
80
00
80
00
80
ENDCHAR
STARTCHAR uni2520
ENCODING 9504
SWIDTH 600 0
DWIDTH 12 0
BBX 9 19 3 -4
BITMAP
F800
0000
F800
0000
F800
0000
F800
0000
FF80
0000
F800
0000
F800
0000
F800
0000
F800
0000
F800
ENDCHAR
STARTCHAR uni2523
ENCODING 9507
SWIDTH 600 0
DWIDTH 12 0
BBX 9 19 3 -4
BITMAP
F800
0000
F800
0000
F800
0000
FF80
0000
FF80
0000
FF80
0000
F800
0000
F800
0000
F800
0000
F800
ENDCHAR
STARTCHAR uni2524
ENCODING 9508
SWIDTH 600 0
DWIDTH 12 0
BBX 6 19 0 -4
BITMAP
04
00
04
00
04
00
04
00
FC
00
04
00
04
00
04
00
04
00
04
ENDCHAR
STARTCHAR uni2525
ENCODING 9509
SWIDTH 600 0
DWIDTH 12 0
BBX 6 19 0 -4
BITMAP
04
00
04
00
04
00
FC
00
FC
00
FC
00
04
00
04
00
04
00
04
ENDCHAR
STARTCHAR uni2528
ENCODING 9512
SWIDTH 600 0
DWIDTH 12 0
BBX 8 19 0 -4
BITMAP
1F
00
1F
00
1F
00
1F
00
FF
00
1F
00
1F
00
1F
00
1F
00
1F
ENDCHAR
STARTCHAR uni252B
ENCODING 9515
SWIDTH 600 0
DWIDTH 12 0
BBX 8 19 0 -4
BITMAP
1F
00
1F
00
1F
00
FF
00
FF
00
FF
00
1F
00
1F
00
1F
00
1F
ENDCHAR
STARTCHAR uni252C
ENCODING 9516
SWIDTH 600 0
DWIDTH 12 0
BBX 12 11 0 -4
BITMAP
FFF0
0000
0400
0000
0400
0000
0400
0000
0400
0000
0400
ENDCHAR
STARTCHAR uni252F
ENCODING 9519
SWIDTH 600 0
DWIDTH 12 0
BBX 12 13 0 -4
BITMAP
FFF0
0000
FFF0
0000
FFF0
0000
0400
0000
0400
0000
0400
0000
0400
ENDCHAR
STARTCHAR uni2530
ENCODING 9520
SWIDTH 600 0
DWIDTH 12 0
BBX 12 11 0 -4
BITMAP
FFF0
0000
1F00
0000
1F00
0000
1F00
0000
1F00
0000
1F00
ENDCHAR
STARTCHAR uni2533
ENCODING 9523
SWIDTH 600 0
DWIDTH 12 0
BBX 12 13 0 -4
BITMAP
FFF0
0000
FFF0
0000
FFF0
0000
1F00
0000
1F00
0000
1F00
0000
1F00
ENDCHAR
STARTCHAR uni2534
ENCODING 9524
SWIDTH 600 0
DWIDTH 12 0
BBX 12 9 0 6
BITMAP
0400
0000
0400
0000
0400
0000
0400
0000
FFF0
ENDCHAR
STARTCHAR uni2537
ENCODING 9527
SWIDTH 600 0
DWIDTH 12 0
BBX 12 11 0 4
BITMAP
0400
0000
0400
0000
0400
0000
FFF0
0000
FFF0
0000
FFF0
ENDCHAR
STARTCHAR uni2538
ENCODING 9528
SWIDTH 600 0
DWIDTH 12 0
BBX 12 9 0 6
BITMAP
1F00
0000
1F00
0000
1F00
0000
1F00
0000
FFF0
ENDCHAR
STARTCHAR uni253B
ENCODING 9531
SWIDTH 600 0
DWIDTH 12 0
BBX 12 11 0 4
BITMAP
1F00
0000
1F00
0000
1F00
0000
FFF0
0000
FFF0
0000
FFF0
ENDCHAR
STARTCHAR uni253C
ENCODING 9532
SWIDTH 600 0
DWIDTH 12 0
BBX 12 19 0 -4
BITMAP
0400
0000
0400
0000
0400
0000
0400
0000
FFF0
0000
0400
0000
0400
0000
0400
0000
0400
0000
0400
ENDCHAR
STARTCHAR uni253F
ENCODING 9535
SWIDTH 600 0
DWIDTH 12 0
BBX 12 19 0 -4
BITMAP
0400
0000
0400
0000
0400
0000
FFF0
0000
FFF0
0000
FFF0
0000
0400
0000
0400
0000
0400
0000
0400
ENDCHAR
STARTCHAR uni2542
ENCODING 9538
SWIDTH 600 0
DWIDTH 12 0
BBX 12 19 0 -4
BITMAP
1F00
0000
1F00
0000
1F00
0000
1F00
0000
FFF0
0000
1F00
0000
1F00
0000
1F00
0000
1F00
0000
1F00
ENDCHAR
STARTCHAR uni254B
ENCODING 9547
SWIDTH 600 0
DWIDTH 12 0
BBX 12 19 0 -4
BITMAP
1F00
0000
1F00
0000
1F00
0000
FFF0
0000
FFF0
0000
FFF0
0000
1F00
0000
1F00
0000
1F00
0000
1F00
ENDCHAR
STARTCHAR uni2580
ENCODING 9600
SWIDTH 600 0
DWIDTH 12 0
BBX 12 7 0 8
BITMAP
FFF0
0000
FFF0
0000
FFF0
0000
FFF0
ENDCHAR
STARTCHAR uni2581
ENCODING 9601
SWIDTH 600 0
DWIDTH 12 0
BBX 12 1 0 0
BITMAP
FFF0
ENDCHAR
STARTCHAR uni2582
ENCODING 9602
SWIDTH 600 0
DWIDTH 12 0
BBX 12 3 0 0
BITMAP
FFF0
0000
FFF0
ENDCHAR
STARTCHAR uni2583
ENCODING 9603
SWIDTH 600 0
DWIDTH 12 0
BBX 12 5 0 0
BITMAP
FFF0
0000
FFF0
0000
FFF0
ENDCHAR
STARTCHAR uni2584
ENCODING 9604
SWIDTH 600 0
DWIDTH 12 0
BBX 12 7 0 0
BITMAP
FFF0
0000
FFF0
0000
FFF0
0000
FFF0
ENDCHAR
STARTCHAR uni2585
ENCODING 9605
SWIDTH 600 0
DWIDTH 12 0
BBX 12 9 0 0
BITMAP
FFF0
0000
FFF0
0000
FFF0
0000
FFF0
0000
FFF0
ENDCHAR
STARTCHAR uni2586
ENCODING 9606
SWIDTH 600 0
DWIDTH 12 0
BBX 12 11 0 0
BITMAP
FFF0
0000
FFF0
0000
FFF0
0000
FFF0
0000
FFF0
0000
FFF0
ENDCHAR
STARTCHAR uni2587
ENCODING 9607
SWIDTH 600 0
DWIDTH 12 0
BBX 12 13 0 0
BITMAP
FFF0
0000
FFF0
0000
FFF0
0000
FFF0
0000
FFF0
0000
FFF0
0000
FFF0
ENDCHAR
STARTCHAR uni2588
ENCODING 9608
SWIDTH 600 0
DWIDTH 12 0
BBX 12 15 0 0
BITMAP
FFF0
0000
FFF0
0000
FFF0
0000
FFF0
0000
FFF0
0000
FFF0
0000
FFF0
0000
FFF0
ENDCHAR
STARTCHAR uni2589
ENCODING 9609
SWIDTH 600 0
DWIDTH 12 0
BBX 10 15 0 0
BITMAP
FFC0
0000
FFC0
0000
FFC0
0000
FFC0
0000
FFC0
0000
FFC0
0000
FFC0
0000
FFC0
ENDCHAR
STARTCHAR uni258A
ENCODING 9610
SWIDTH 600 0
DWIDTH 12 0
BBX 9 15 0 0
BITMAP
FF80
0000
FF80
0000
FF80
0000
FF80
0000
FF80
0000
FF80
0000
FF80
0000
FF80
ENDCHAR
STARTCHAR uni258B
ENCODING 9611
SWIDTH 600 0
DWIDTH 12 0
BBX 7 15 0 0
BITMAP
FE
00
FE
00
FE
00
FE
00
FE
00
FE
00
FE
00
FE
ENDCHAR
STARTCHAR uni258C
ENCODING 9612
SWIDTH 600 0
DWIDTH 12 0
BBX 6 15 0 0
BITMAP
FC
00
FC
00
FC
00
FC
00
FC
00
FC
00
FC
00
FC
ENDCHAR
STARTCHAR uni258D
ENCODING 9613
SWIDTH 600 0
DWIDTH 12 0
BBX 4 15 0 0
BITMAP
F0
00
F0
00
F0
00
F0
00
F0
00
F0
00
F0
00
F0
ENDCHAR
STARTCHAR uni258E
ENCODING 9614
SWIDTH 600 0
DWIDTH 12 0
BBX 3 15 0 0
BITMAP
E0
00
E0
00
E0
00
E0
00
E0
00
E0
00
E0
00
E0
ENDCHAR
STARTCHAR uni258F
ENCODING 9615
SWIDTH 600 0
DWIDTH 12 0
BBX 1 15 0 0
BITMAP
80
00
80
00
80
00
80
00
80
00
80
00
80
00
80
ENDCHAR
STARTCHAR uni2590
ENCODING 9616
SWIDTH 600 0
DWIDTH 12 0
BBX 6 15 6 0
BITMAP
FC
00
FC
00
FC
00
FC
00
FC
00
FC
00
FC
00
FC
ENDCHAR
STARTCHAR uni25A0
ENCODING 9632
SWIDTH 600 0
DWIDTH 12 0
BBX 11 11 0 0
BITMAP
FFE0
0000
FFE0
0000
FFE0
0000
FFE0
0000
FFE0
0000
FFE0
ENDCHAR
STARTCHAR uni25A1
ENCODING 9633
SWIDTH 600 0
DWIDTH 12 0
BBX 11 11 0 0
BITMAP
FFE0
0000
C060
0000
C060
0000
C060
0000
C060
0000
FFE0
ENDCHAR
STARTCHAR uni25B2
ENCODING 9650
SWIDTH 600 0
DWIDTH 12 0
BBX 11 11 0 0
BITMAP
0400
0000
0E00
0000
1F00
0000
3F80
0000
7FC0
0000
FFE0
ENDCHAR
STARTCHAR uni25B3
ENCODING 9651
SWIDTH 600 0
DWIDTH 12 0
BBX 11 11 0 0
BITMAP
0400
0000
0E00
0000
1B00
0000
3180
0000
60C0
0000
FFE0
ENDCHAR
STARTCHAR uni25BC
ENCODING 9660
SWIDTH 600 0
DWIDTH 12 0
BBX 11 11 0 0
BITMAP
FFE0
0000
7FC0
0000
3F80
0000
1F00
0000
0E00
0000
0400
ENDCHAR
STARTCHAR uni25BD
ENCODING 9661
SWIDTH 600 0
DWIDTH 12 0
BBX 11 11 0 0
BITMAP
FFE0
0000
60C0
0000
3180
0000
1B00
0000
0E00
0000
0400
ENDCHAR
STARTCHAR uni25C6
ENCODING 9670
SWIDTH 600 0
DWIDTH 12 0
BBX 11 13 0 0
BITMAP
0400
0000
1F00
0000
7FC0
0000
FFE0
0000
7FC0
0000
1F00
0000
0400
ENDCHAR
STARTCHAR uni25C7
ENCODING 9671
SWIDTH 600 0
DWIDTH 12 0
BBX 11 13 0 0
BITMAP
0400
0000
1B00
0000
60C0
0000
C060
0000
60C0
0000
1B00
0000
0400
ENDCHAR
STARTCHAR uni25CB
ENCODING 9675
SWIDTH 600 0
DWIDTH 12 0
BBX 11 11 0 0
BITMAP
1F00
0000
60C0
0000
C060
0000
C060
0000
60C0
0000
1F00
ENDCHAR
STARTCHAR uni25CE
ENCODING 9678
SWIDTH 600 0
DWIDTH 12 0
BBX 11 11 0 0
BITMAP
1F00
0000
6EC0
0000
DB60
0000
DB60
0000
6EC0
0000
1F00
ENDCHAR
STARTCHAR uni25CF
ENCODING 9679
SWIDTH 600 0
DWIDTH 12 0
BBX 11 11 0 0
BITMAP
1F00
0000
7FC0
0000
FFE0
0000
FFE0
0000
7FC0
0000
1F00
ENDCHAR
STARTCHAR uni25EF
ENCODING 9711
SWIDTH 600 0
DWIDTH 12 0
BBX 12 13 0 0
BITMAP
1F80
0000
6060
0000
8010
0000
8010
0000
8010
0000
6060
0000
1F80
ENDCHAR
STARTCHAR uni2600
ENCODING 9728
SWIDTH 600 0
DWIDTH 12 0
BBX 9 9 1 2
BITMAP
2200
0000
9C80
0000
3E00
0000
9C80
0000
2200
ENDCHAR
STARTCHAR uni2601
ENCODING 9729
SWIDTH 600 0
DWIDTH 12 0
BBX 11 7 0 2
BITMAP
7800
0000
FDC0
0000
FFE0
0000
7FC0
ENDCHAR
STARTCHAR uni2602
ENCODING 9730
SWIDTH 600 0
DWIDTH 12 0
BBX 11 11 0 0
BITMAP
0400
0000
3F80
0000
FFE0
0000
0400
0000
0400
0000
1C00
ENDCHAR
STARTCHAR uni2603
ENCODING 9731
SWIDTH 600 0
DWIDTH 12 0
BBX 9 11 1 0
BITMAP
3E00
0000
7F00
0000
3E00
0000
FF80
0000
FF80
0000
7F00
ENDCHAR
STARTCHAR uni2605
ENCODING 9733
SWIDTH 600 0
DWIDTH 12 0
BBX 11 13 0 0
BITMAP
0400
0000
0E00
0000
FFE0
0000
3F80
0000
1F00
0000
7BC0
0000
E0E0
ENDCHAR
STARTCHAR uni2606
ENCODING 9734
SWIDTH 600 0
DWIDTH 12 0
BBX 11 13 0 0
BITMAP
0400
0000
0A00
0000
F1E0
0000
2080
0000
1500
0000
3B80
0000
E0E0
ENDCHAR
STARTCHAR uni2610
ENCODING 9744
SWIDTH 600 0
DWIDTH 12 0
BBX 11 11 0 0
BITMAP
FFE0
0000
C060
0000
C060
0000
C060
0000
C060
0000
FFE0
ENDCHAR
STARTCHAR uni2611
ENCODING 9745
SWIDTH 600 0
DWIDTH 12 0
BBX 11 11 0 0
BITMAP
FFE0
0000
C060
0000
CE60
0000
CE60
0000
C060
0000
FFE0
ENDCHAR
STARTCHAR uni2612
ENCODING 9746
SWIDTH 600 0
DWIDTH 12 0
BBX 11 11 0 0
BITMAP
FFE0
0000
C360
0000
C660
0000
CC60
0000
D860
0000
FFE0
ENDCHAR
STARTCHAR uni2613
ENCODING 9747
SWIDTH 600 0
DWIDTH 12 0
BBX 11 11 0 0
BITMAP
E0E0
0000
3B80
0000
0E00
0000
0E00
0000
3B80
0000
E0E0
ENDCHAR
STARTCHAR uni261A
ENCODING 9754
SWIDTH 600 0
DWIDTH 12 0
BBX 11 9 0 2
BITMAP
0FE0
0000
3FE0
0000
FFE0
0000
3FE0
0000
0FE0
ENDCHAR
STARTCHAR uni261B
ENCODING 9755
SWIDTH 600 0
DWIDTH 12 0
BBX 11 9 0 2
BITMAP
FE00
0000
FF80
0000
FFE0
0000
FF80
0000
FE00
ENDCHAR
STARTCHAR uni261C
ENCODING 9756
SWIDTH 600 0
DWIDTH 12 0
BBX 11 9 0 2
BITMAP
0FE0
0000
3860
0000
E060
0000
3860
0000
0FE0
ENDCHAR
STARTCHAR uni261D
ENCODING 9757
SWIDTH 600 0
DWIDTH 12 0
BBX 11 9 0 2
BITMAP
0E00
0000
3180
0000
C060
0000
C060
0000
FFE0
ENDCHAR
STARTCHAR uni261E
ENCODING 9758
SWIDTH 600 0
DWIDTH 12 0
BBX 11 9 0 2
BITMAP
FE00
0000
C380
0000
C0E0
0000
C380
0000
FE00
ENDCHAR
STARTCHAR uni261F
ENCODING 9759
SWIDTH 600 0
DWIDTH 12 0
BBX 11 9 0 2
BITMAP
FFE0
0000
C060
0000
C060
0000
3180
0000
0E00
ENDCHAR
STARTCHAR uni2620
ENCODING 9760
SWIDTH 600 0
DWIDTH 12 0
BBX 11 11 0 0
BITMAP
3F80
0000
FFE0
0000
C460
0000
8420
0000
3B80
0000
0A00
ENDCHAR
STARTCHAR uni2640
ENCODING 9792
SWIDTH 600 0
DWIDTH 12 0
BBX 10 13 1 0
BITMAP
7F80
0000
C0C0
0000
7F80
0000
0C00
0000
FFC0
0000
0C00
0000
0C00
ENDCHAR
STARTCHAR uni2642
ENCODING 9794
SWIDTH 600 0
DWIDTH 12 0
BBX 10 13 1 0
BITMAP
0C00
0000
3F00
0000
CCC0
0000
0C00
0000
7F80
0000
C0C0
0000
7F80
ENDCHAR
STARTCHAR uni2660
ENCODING 9824
SWIDTH 600 0
DWIDTH 12 0
BBX 11 13 0 0
BITMAP
0400
0000
1F00
0000
7FC0
0000
FFE0
0000
FFE0
0000
6EC0
0000
1F00
ENDCHAR
STARTCHAR uni2661
ENCODING 9825
SWIDTH 600 0
DWIDTH 12 0
BBX 11 11 0 0
BITMAP
71C0
0000
CA60
0000
C060
0000
60C0
0000
1B00
0000
0400
ENDCHAR
STARTCHAR uni2662
ENCODING 9826
SWIDTH 600 0
DWIDTH 12 0
BBX 11 13 0 0
BITMAP
0400
0000
0A00
0000
3180
0000
C060
0000
3180
0000
0A00
0000
0400
ENDCHAR
STARTCHAR uni2663
ENCODING 9827
SWIDTH 600 0
DWIDTH 12 0
BBX 11 13 0 0
BITMAP
0E00
0000
1F00
0000
6EC0
0000
FFE0
0000
75C0
0000
0E00
0000
1F00
ENDCHAR
STARTCHAR uni2664
ENCODING 9828
SWIDTH 600 0
DWIDTH 12 0
BBX 11 13 0 0
BITMAP
0400
0000
1B00
0000
60C0
0000
C060
0000
CE60
0000
75C0
0000
1F00
ENDCHAR
STARTCHAR uni2665
ENCODING 9829
SWIDTH 600 0
DWIDTH 12 0
BBX 11 11 0 0
BITMAP
71C0
0000
FBE0
0000
FFE0
0000
7FC0
0000
1F00
0000
0400
ENDCHAR
STARTCHAR uni2666
ENCODING 9830
SWIDTH 600 0
DWIDTH 12 0
BBX 11 13 0 0
BITMAP
0400
0000
0E00
0000
3F80
0000
FFE0
0000
3F80
0000
0E00
0000
0400
ENDCHAR
STARTCHAR uni2667
ENCODING 9831
SWIDTH 600 0
DWIDTH 12 0
BBX 11 13 0 0
BITMAP
0E00
0000
1100
0000
6AC0
0000
8420
0000
75C0
0000
0A00
0000
1F00
ENDCHAR
STARTCHAR uni2669
ENCODING 9833
SWIDTH 600 0
DWIDTH 12 0
BBX 7 13 1 0
BITMAP
06
00
06
00
06
00
06
00
06
00
FE
00
7C
ENDCHAR
STARTCHAR uni266A
ENCODING 9834
SWIDTH 600 0
DWIDTH 12 0
BBX 11 13 0 0
BITMAP
0F00
0000
0CE0
0000
0C60
0000
0CC0
0000
0C80
0000
FC00
0000
7800
ENDCHAR
STARTCHAR uni266B
ENCODING 9835
SWIDTH 600 0
DWIDTH 12 0
BBX 11 13 0 0
BITMAP
1F00
0000
19E0
0000
1860
0000
1860
0000
F860
0000
7BE0
0000
01E0
ENDCHAR
STARTCHAR uni266C
ENCODING 9836
SWIDTH 600 0
DWIDTH 12 0
BBX 11 13 0 0
BITMAP
1FE0
0000
1860
0000
1FE0
0000
1860
0000
1860
0000
FBE0
0000
79E0
ENDCHAR
STARTCHAR uni266D
ENCODING 9837
SWIDTH 600 0
DWIDTH 12 0
BBX 7 13 3 0
BITMAP
C0
00
C0
00
C0
00
DC
00
C6
00
CC
00
F0
ENDCHAR
STARTCHAR uni266E
ENCODING 9838
SWIDTH 600 0
DWIDTH 12 0
BBX 9 13 1 0
BITMAP
C000
0000
C780
0000
D980
0000
E380
0000
CD80
0000
F180
0000
0180
ENDCHAR
STARTCHAR uni266F
ENCODING 9839
SWIDTH 600 0
DWIDTH 12 0
BBX 9 13 1 0
BITMAP
3600
0000
3780
0000
3E00
0000
F780
0000
3E00
0000
F600
0000
3600
ENDCHAR
STARTCHAR uni3000
ENCODING 12288
SWIDTH 600 0
DWIDTH 12 0
BBX 1 1 0 0
BITMAP
00
ENDCHAR
STARTCHAR uni3001
ENCODING 12289
SWIDTH 600 0
DWIDTH 12 0
BBX 4 3 1 0
BITMAP
E0
00
70
ENDCHAR
STARTCHAR uni3002
ENCODING 12290
SWIDTH 600 0
DWIDTH 12 0
BBX 6 5 1 0
BITMAP
78
00
CC
00
78
ENDCHAR
STARTCHAR uni3008
ENCODING 12296
SWIDTH 600 0
DWIDTH 12 0
BBX 7 17 2 -2
BITMAP
0E
00
1C
00
38
00
70
00
E0
00
70
00
38
00
1C
00
0E
ENDCHAR
STARTCHAR uni3009
ENCODING 12297
SWIDTH 600 0
DWIDTH 12 0
BBX 7 17 2 -2
BITMAP
E0
00
70
00
38
00
1C
00
0E
00
1C
00
38
00
70
00
E0
ENDCHAR
STARTCHAR uni300A
ENCODING 12298
SWIDTH 600 0
DWIDTH 12 0
BBX 9 17 1 -2
BITMAP
0D80
0000
1B00
0000
3600
0000
6C00
0000
D800
0000
6C00
0000
3600
0000
1B00
0000
0D80
ENDCHAR
STARTCHAR uni300B
ENCODING 12299
SWIDTH 600 0
DWIDTH 12 0
BBX 9 17 1 -2
BITMAP
D800
0000
6C00
0000
3600
0000
1B00
0000
0D80
0000
1B00
0000
3600
0000
6C00
0000
D800
ENDCHAR
STARTCHAR uni300C
ENCODING 12300
SWIDTH 600 0
DWIDTH 12 0
BBX 6 11 3 4
BITMAP
FC
00
E0
00
E0
00
E0
00
E0
00
E0
ENDCHAR
STARTCHAR uni300D
ENCODING 12301
SWIDTH 600 0
DWIDTH 12 0
BBX 6 11 2 -2
BITMAP
1C
00
1C
00
1C
00
1C
00
1C
00
FC
ENDCHAR
STARTCHAR uni300E
ENCODING 12302
SWIDTH 600 0
DWIDTH 12 0
BBX 6 11 3 4
BITMAP
FC
00
BC
00
A0
00
A0
00
A0
00
E0
ENDCHAR
STARTCHAR uni300F
ENCODING 12303
SWIDTH 600 0
DWIDTH 12 0
BBX 6 11 2 -2
BITMAP
1C
00
14
00
14
00
14
00
F4
00
FC
ENDCHAR
STARTCHAR uni3010
ENCODING 12304
SWIDTH 600 0
DWIDTH 12 0
BBX 6 17 3 -2
BITMAP
FC
00
F0
00
E0
00
E0
00
E0
00
E0
00
E0
00
F0
00
FC
ENDCHAR
STARTCHAR uni3011
ENCODING 12305
SWIDTH 600 0
DWIDTH 12 0
BBX 6 17 2 -2
BITMAP
FC
00
3C
00
1C
00
1C
00
1C
00
1C
00
1C
00
3C
00
FC
ENDCHAR
STARTCHAR uni3012
ENCODING 12306
SWIDTH 600 0
DWIDTH 12 0
BBX 11 13 0 0
BITMAP
FFE0
0000
0000
0000
FFE0
0000
0E00
0000
0E00
0000
0E00
0000
0E00
ENDCHAR
STARTCHAR uni3013
ENCODING 12307
SWIDTH 600 0
DWIDTH 12 0
BBX 11 9 0 2
BITMAP
FFE0
0000
FFE0
0000
0000
0000
FFE0
0000
FFE0
ENDCHAR
STARTCHAR uni3014
ENCODING 12308
SWIDTH 600 0
DWIDTH 12 0
BBX 6 17 3 -2
BITMAP
3C
00
E0
00
E0
00
E0
00
E0
00
E0
00
E0
00
E0
00
3C
ENDCHAR
STARTCHAR uni3015
ENCODING 12309
SWIDTH 600 0
DWIDTH 12 0
BBX 6 17 2 -2
BITMAP
F0
00
1C
00
1C
00
1C
00
1C
00
1C
00
1C
00
1C
00
F0
ENDCHAR
STARTCHAR uni301C
ENCODING 12316
SWIDTH 600 0
DWIDTH 12 0
BBX 11 3 0 4
BITMAP
7EE0
0000
EFC0
ENDCHAR
STARTCHAR uni301D
ENCODING 12317
SWIDTH 600 0
DWIDTH 12 0
BBX 9 5 1 10
BITMAP
EE00
0000
7700
0000
3B80
ENDCHAR
STARTCHAR uni301E
ENCODING 12318
SWIDTH 600 0
DWIDTH 12 0
BBX 9 5 1 10
BITMAP
3B80
0000
7700
0000
EE00
ENDCHAR
STARTCHAR uni301F
ENCODING 12319
SWIDTH 600 0
DWIDTH 12 0
BBX 9 5 1 -2
BITMAP
EE00
0000
7700
0000
3B80
ENDCHAR
STARTCHAR uni303C
ENCODING 12348
SWIDTH 600 0
DWIDTH 12 0
BBX 11 11 0 0
BITMAP
FFE0
0000
C360
0000
C660
0000
CC60
0000
D860
0000
FFE0
ENDCHAR
STARTCHAR uni3041
ENCODING 12353
SWIDTH 600 0
DWIDTH 12 0
BBX 11 9 0 0
BITMAP
1C00
0000
FFE0
0000
7BC0
0000
DE60
0000
79C0
ENDCHAR
STARTCHAR uni3042
ENCODING 12354
SWIDTH 600 0
DWIDTH 12 0
BBX 11 13 0 0
BITMAP
1C00
0000
FFC0
0000
1C00
0000
7FC0
0000
FB60
0000
DE60
0000
79C0
ENDCHAR
STARTCHAR uni3043
ENCODING 12355
SWIDTH 600 0
DWIDTH 12 0
BBX 11 9 0 0
BITMAP
E000
0000
E1C0
0000
E0E0
0000
EEE0
0000
7C00
ENDCHAR
STARTCHAR uni3044
ENCODING 12356
SWIDTH 600 0
DWIDTH 12 0
BBX 11 13 0 0
BITMAP
E000
0000
E1C0
0000
E0E0
0000
E0E0
0000
E0E0
0000
EEE0
0000
7C00
ENDCHAR
STARTCHAR uni3045
ENCODING 12357
SWIDTH 600 0
DWIDTH 12 0
BBX 11 9 0 0
BITMAP
1F00
0000
7FC0
0000
E0E0
0000
01C0
0000
0F80
ENDCHAR
STARTCHAR uni3046
ENCODING 12358
SWIDTH 600 0
DWIDTH 12 0
BBX 11 13 0 0
BITMAP
1F00
0000
0000
0000
7FC0
0000
E0E0
0000
00E0
0000
01C0
0000
1F80
ENDCHAR
STARTCHAR uni3047
ENCODING 12359
SWIDTH 600 0
DWIDTH 12 0
BBX 11 9 0 0
BITMAP
1F00
0000
FFE0
0000
1F00
0000
7700
0000
E3E0
ENDCHAR
STARTCHAR uni3048
ENCODING 12360
SWIDTH 600 0
DWIDTH 12 0
BBX 11 13 0 0
BITMAP
1F00
0000
0000
0000
FFE0
0000
0780
0000
1F00
0000
7700
0000
E3E0
ENDCHAR
STARTCHAR uni3049
ENCODING 12361
SWIDTH 600 0
DWIDTH 12 0
BBX 11 9 0 0
BITMAP
0EE0
0000
FEE0
0000
7FC0
0000
EEE0
0000
7DC0
ENDCHAR
STARTCHAR uni304A
ENCODING 12362
SWIDTH 600 0
DWIDTH 12 0
BBX 11 13 0 0
BITMAP
0E00
0000
FFE0
0000
0EE0
0000
7FC0
0000
EEE0
0000
EEE0
0000
7DC0
ENDCHAR
STARTCHAR uni304B
ENCODING 12363
SWIDTH 600 0
DWIDTH 12 0
BBX 11 13 0 0
BITMAP
38E0
0000
FFC0
0000
38E0
0000
38E0
0000
38E0
0000
70E0
0000
E7C0
ENDCHAR
STARTCHAR uni304C
ENCODING 12364
SWIDTH 600 0
DWIDTH 12 0
BBX 11 15 0 0
BITMAP
0360
0000
38E0
0000
FFC0
0000
38E0
0000
38E0
0000
38E0
0000
70E0
0000
E7C0
ENDCHAR
STARTCHAR uni304D
ENCODING 12365
SWIDTH 600 0
DWIDTH 12 0
BBX 11 13 0 0
BITMAP
3800
0000
FFE0
0000
0E00
0000
FFE0
0000
0380
0000
E000
0000
7FE0
ENDCHAR
STARTCHAR uni304E
ENCODING 12366
SWIDTH 600 0
DWIDTH 12 0
BBX 11 15 0 0
BITMAP
0360
0000
3800
0000
FFE0
0000
0E00
0000
FFE0
0000
0380
0000
E000
0000
7FE0
ENDCHAR
STARTCHAR uni304F
ENCODING 12367
SWIDTH 600 0
DWIDTH 12 0
BBX 8 13 1 0
BITMAP
07
00
0E
00
38
00
F0
00
38
00
0E
00
07
ENDCHAR
STARTCHAR uni3050
ENCODING 12368
SWIDTH 600 0
DWIDTH 12 0
BBX 10 15 1 0
BITMAP
06C0
0000
0700
0000
0E00
0000
3800
0000
F000
0000
3800
0000
0E00
0000
0700
ENDCHAR
STARTCHAR uni3051
ENCODING 12369
SWIDTH 600 0
DWIDTH 12 0
BBX 11 13 0 0
BITMAP
E1C0
0000
EFE0
0000
E1C0
0000
E1C0
0000
E1C0
0000
E1C0
0000
7380
ENDCHAR
STARTCHAR uni3052
ENCODING 12370
SWIDTH 600 0
DWIDTH 12 0
BBX 11 15 0 0
BITMAP
0360
0000
E1C0
0000
EFE0
0000
E1C0
0000
E1C0
0000
E1C0
0000
E1C0
0000
7380
ENDCHAR
STARTCHAR uni3053
ENCODING 12371
SWIDTH 600 0
DWIDTH 12 0
BBX 11 13 0 0
BITMAP
7FC0
0000
00E0
0000
01C0
0000
0000
0000
7000
0000
E000
0000
7FE0
ENDCHAR
STARTCHAR uni3054
ENCODING 12372
SWIDTH 600 0
DWIDTH 12 0
BBX 11 15 0 0
BITMAP
0360
0000
7FC0
0000
00E0
0000
01C0
0000
0000
0000
7000
0000
E000
0000
7FE0
ENDCHAR
STARTCHAR uni3055
ENCODING 12373
SWIDTH 600 0
DWIDTH 12 0
BBX 11 13 0 0
BITMAP
0E00
0000
FFE0
0000
0700
0000
0380
0000
E700
0000
E000
0000
7FE0
ENDCHAR
STARTCHAR uni3056
ENCODING 12374
SWIDTH 600 0
DWIDTH 12 0
BBX 11 15 0 0
BITMAP
0360
0000
0E00
0000
FFE0
0000
0700
0000
0380
0000
E700
0000
E000
0000
7FE0
ENDCHAR
STARTCHAR uni3057
ENCODING 12375
SWIDTH 600 0
DWIDTH 12 0
BBX 11 13 0 0
BITMAP
E000
0000
E000
0000
E000
0000
E0E0
0000
E0E0
0000
E0E0
0000
7FC0
ENDCHAR
STARTCHAR uni3058
ENCODING 12376
SWIDTH 600 0
DWIDTH 12 0
BBX 11 15 0 0
BITMAP
0360
0000
E000
0000
E000
0000
E000
0000
E0E0
0000
E0E0
0000
E0E0
0000
7FC0
ENDCHAR
STARTCHAR uni3059
ENCODING 12377
SWIDTH 600 0
DWIDTH 12 0
BBX 11 13 0 0
BITMAP
0700
0000
FFE0
0000
3F80
0000
7380
0000
3F80
0000
0700
0000
0E00
ENDCHAR
STARTCHAR uni305A
ENCODING 12378
SWIDTH 600 0
DWIDTH 12 0
BBX 11 15 0 0
BITMAP
0360
0000
0700
0000
FFE0
0000
3F80
0000
7380
0000
3F80
0000
0700
0000
0E00
ENDCHAR
STARTCHAR uni305B
ENCODING 12379
SWIDTH 600 0
DWIDTH 12 0
BBX 11 13 0 0
BITMAP
71C0
0000
FFE0
0000
71C0
0000
71C0
0000
7380
0000
7000
0000
3FC0
ENDCHAR
STARTCHAR uni305C
ENCODING 12380
SWIDTH 600 0
DWIDTH 12 0
BBX 11 15 0 0
BITMAP
0360
0000
71C0
0000
FFE0
0000
71C0
0000
71C0
0000
7380
0000
7000
0000
3FC0
ENDCHAR
STARTCHAR uni305D
ENCODING 12381
SWIDTH 600 0
DWIDTH 12 0
BBX 11 13 0 0
BITMAP
71C0
0000
3B80
0000
FFE0
0000
1C00
0000
3800
0000
3800
0000
1FC0
ENDCHAR
STARTCHAR uni305E
ENCODING 12382
SWIDTH 600 0
DWIDTH 12 0
BBX 11 15 0 0
BITMAP
0360
0000
71C0
0000
3B80
0000
FFE0
0000
1C00
0000
3800
0000
3800
0000
1FC0
ENDCHAR
STARTCHAR uni305F
ENCODING 12383
SWIDTH 600 0
DWIDTH 12 0
BBX 11 13 0 0
BITMAP
3800
0000
FFE0
0000
7000
0000
77E0
0000
E000
0000
EE00
0000
E7E0
ENDCHAR
STARTCHAR uni3060
ENCODING 12384
SWIDTH 600 0
DWIDTH 12 0
BBX 11 15 0 0
BITMAP
0360
0000
3800
0000
FFE0
0000
7000
0000
77E0
0000
E000
0000
EE00
0000
E7E0
ENDCHAR
STARTCHAR uni3061
ENCODING 12385
SWIDTH 600 0
DWIDTH 12 0
BBX 11 13 0 0
BITMAP
1C00
0000
FFE0
0000
3800
0000
FFC0
0000
E0E0
0000
00E0
0000
3FC0
ENDCHAR
STARTCHAR uni3062
ENCODING 12386
SWIDTH 600 0
DWIDTH 12 0
BBX 11 15 0 0
BITMAP
0360
0000
1C00
0000
FFE0
0000
3800
0000
FFC0
0000
E0E0
0000
00E0
0000
3FC0
ENDCHAR
STARTCHAR uni3063
ENCODING 12387
SWIDTH 600 0
DWIDTH 12 0
BBX 11 7 0 0
BITMAP
FFC0
0000
00E0
0000
01C0
0000
3F00
ENDCHAR
STARTCHAR uni3064
ENCODING 12388
SWIDTH 600 0
DWIDTH 12 0
BBX 11 11 0 0
BITMAP
FFC0
0000
00E0
0000
00E0
0000
00E0
0000
0380
0000
3E00
ENDCHAR
STARTCHAR uni3065
ENCODING 12389
SWIDTH 600 0
DWIDTH 12 0
BBX 11 15 0 0
BITMAP
0360
0000
0000
0000
FFC0
0000
00E0
0000
00E0
0000
00E0
0000
0380
0000
3E00
ENDCHAR
STARTCHAR uni3066
ENCODING 12390
SWIDTH 600 0
DWIDTH 12 0
BBX 11 13 0 0
BITMAP
FFE0
0000
0380
0000
0E00
0000
1C00
0000
1C00
0000
0E00
0000
07C0
ENDCHAR
STARTCHAR uni3067
ENCODING 12391
SWIDTH 600 0
DWIDTH 12 0
BBX 11 15 0 0
BITMAP
0360
0000
FFE0
0000
0380
0000
0E00
0000
1C00
0000
1C00
0000
0E00
0000
07C0
ENDCHAR
STARTCHAR uni3068
ENCODING 12392
SWIDTH 600 0
DWIDTH 12 0
BBX 11 13 0 0
BITMAP
E000
0000
70E0
0000
3FC0
0000
7000
0000
E000
0000
E000
0000
7FE0
ENDCHAR
STARTCHAR uni3069
ENCODING 12393
SWIDTH 600 0
DWIDTH 12 0
BBX 11 15 0 0
BITMAP
0360
0000
E000
0000
70E0
0000
3FC0
0000
7000
0000
E000
0000
E000
0000
7FE0
ENDCHAR
STARTCHAR uni306A
ENCODING 12394
SWIDTH 600 0
DWIDTH 12 0
BBX 11 13 0 0
BITMAP
39C0
0000
FCE0
0000
73E0
0000
E700
0000
3F00
0000
77E0
0000
3F00
ENDCHAR
STARTCHAR uni306B
ENCODING 12395
SWIDTH 600 0
DWIDTH 12 0
BBX 11 13 0 0
BITMAP
7000
0000
E7E0
0000
E1C0
0000
E000
0000
E000
0000
E700
0000
7BE0
ENDCHAR
STARTCHAR uni306C
ENCODING 12396
SWIDTH 600 0
DWIDTH 12 0
BBX 11 13 0 0
BITMAP
71C0
0000
7380
0000
7FC0
0000
F760
0000
DDE0
0000
FB60
0000
71C0
ENDCHAR
STARTCHAR uni306D
ENCODING 12397
SWIDTH 600 0
DWIDTH 12 0
BBX 11 13 0 0
BITMAP
3800
0000
FBC0
0000
3EE0
0000
78E0
0000
F9E0
0000
3B60
0000
39C0
ENDCHAR
STARTCHAR uni306E
ENCODING 12398
SWIDTH 600 0
DWIDTH 12 0
BBX 11 13 0 0
BITMAP
1F00
0000
7FC0
0000
EEE0
0000
EEE0
0000
EEE0
0000
7CE0
0000
39C0
ENDCHAR
STARTCHAR uni306F
ENCODING 12399
SWIDTH 600 0
DWIDTH 12 0
BBX 11 13 0 0
BITMAP
E1C0
0000
EFE0
0000
E1C0
0000
E1C0
0000
E7C0
0000
EEE0
0000
77C0
ENDCHAR
STARTCHAR uni3070
ENCODING 12400
SWIDTH 600 0
DWIDTH 12 0
BBX 11 15 0 0
BITMAP
0360
0000
E1C0
0000
EFE0
0000
E1C0
0000
E1C0
0000
E7C0
0000
EEE0
0000
77C0
ENDCHAR
STARTCHAR uni3071
ENCODING 12401
SWIDTH 600 0
DWIDTH 12 0
BBX 11 15 0 0
BITMAP
01E0
0000
E120
0000
EFE0
0000
E1C0
0000
E1C0
0000
E7C0
0000
EEE0
0000
77C0
ENDCHAR
STARTCHAR uni3072
ENCODING 12402
SWIDTH 600 0
DWIDTH 12 0
BBX 11 13 0 0
BITMAP
F000
0000
7380
0000
E380
0000
E1E0
0000
E1C0
0000
E1C0
0000
7F80
ENDCHAR
STARTCHAR uni3073
ENCODING 12403
SWIDTH 600 0
DWIDTH 12 0
BBX 11 15 0 0
BITMAP
0360
0000
F000
0000
7380
0000
E380
0000
E1E0
0000
E1C0
0000
E1C0
0000
7F80
ENDCHAR
STARTCHAR uni3074
ENCODING 12404
SWIDTH 600 0
DWIDTH 12 0
BBX 11 15 0 0
BITMAP
01E0
0000
F320
0000
73E0
0000
E1E0
0000
E1C0
0000
E1C0
0000
E1C0
0000
7F80
ENDCHAR
STARTCHAR uni3075
ENCODING 12405
SWIDTH 600 0
DWIDTH 12 0
BBX 11 13 0 0
BITMAP
3F00
0000
0E00
0000
1C00
0000
EEE0
0000
EEE0
0000
EEE0
0000
1C00
ENDCHAR
STARTCHAR uni3076
ENCODING 12406
SWIDTH 600 0
DWIDTH 12 0
BBX 11 15 0 0
BITMAP
0360
0000
3F00
0000
0E00
0000
1C00
0000
EEE0
0000
EEE0
0000
EEE0
0000
1C00
ENDCHAR
STARTCHAR uni3077
ENCODING 12407
SWIDTH 600 0
DWIDTH 12 0
BBX 11 15 0 0
BITMAP
01E0
0000
3F20
0000
0FE0
0000
1C00
0000
EEE0
0000
EEE0
0000
EEE0
0000
1C00
ENDCHAR
STARTCHAR uni3078
ENCODING 12408
SWIDTH 600 0
DWIDTH 12 0
BBX 11 9 0 2
BITMAP
1C00
0000
3E00
0000
F700
0000
0380
0000
01E0
ENDCHAR
STARTCHAR uni3079
ENCODING 12409
SWIDTH 600 0
DWIDTH 12 0
BBX 11 13 0 2
BITMAP
0360
0000
0000
0000
1C00
0000
3E00
0000
F700
0000
0380
0000
01E0
ENDCHAR
STARTCHAR uni307A
ENCODING 12410
SWIDTH 600 0
DWIDTH 12 0
BBX 11 13 0 2
BITMAP
01E0
0000
0120
0000
1DE0
0000
3E00
0000
F700
0000
0380
0000
01E0
ENDCHAR
STARTCHAR uni307B
ENCODING 12411
SWIDTH 600 0
DWIDTH 12 0
BBX 11 13 0 0
BITMAP
EFE0
0000
E1C0
0000
EFE0
0000
E1C0
0000
E7C0
0000
EEE0
0000
77C0
ENDCHAR
STARTCHAR uni307C
ENCODING 12412
SWIDTH 600 0
DWIDTH 12 0
BBX 11 15 0 0
BITMAP
0360
0000
EFE0
0000
E1C0
0000
EFE0
0000
E1C0
0000
E7C0
0000
EEE0
0000
77C0
ENDCHAR
STARTCHAR uni307D
ENCODING 12413
SWIDTH 600 0
DWIDTH 12 0
BBX 11 15 0 0
BITMAP
01E0
0000
EF20
0000
E1E0
0000
EFE0
0000
E1C0
0000
E7C0
0000
EEE0
0000
77C0
ENDCHAR
STARTCHAR uni307E
ENCODING 12414
SWIDTH 600 0
DWIDTH 12 0
BBX 11 13 0 0
BITMAP
0700
0000
FFE0
0000
0700
0000
FFE0
0000
3F00
0000
E7E0
0000
7E00
ENDCHAR
STARTCHAR uni307F
ENCODING 12415
SWIDTH 600 0
DWIDTH 12 0
BBX 11 13 0 0
BITMAP
7E00
0000
0EE0
0000
0EE0
0000
7FE0
0000
EEE0
0000
EEE0
0000
7DC0
ENDCHAR
STARTCHAR uni3080
ENCODING 12416
SWIDTH 600 0
DWIDTH 12 0
BBX 11 13 0 0
BITMAP
1C00
0000
FDC0
0000
1CE0
0000
7C00
0000
DCE0
0000
7CE0
0000
1FC0
ENDCHAR
STARTCHAR uni3081
ENCODING 12417
SWIDTH 600 0
DWIDTH 12 0
BBX 11 13 0 0
BITMAP
7380
0000
7380
0000
7FC0
0000
EEE0
0000
FEE0
0000
EEE0
0000
7DC0
ENDCHAR
STARTCHAR uni3082
ENCODING 12418
SWIDTH 600 0
DWIDTH 12 0
BBX 11 13 0 0
BITMAP
1C00
0000
FFE0
0000
3800
0000
FFC0
0000
7000
0000
70E0
0000
3FC0
ENDCHAR
STARTCHAR uni3083
ENCODING 12419
SWIDTH 600 0
DWIDTH 12 0
BBX 11 9 0 0
BITMAP
7380
0000
FFE0
0000
39C0
0000
1C00
0000
0E00
ENDCHAR
STARTCHAR uni3084
ENCODING 12420
SWIDTH 600 0
DWIDTH 12 0
BBX 11 13 0 0
BITMAP
71C0
0000
7380
0000
FFE0
0000
38E0
0000
39C0
0000
1C00
0000
0E00
ENDCHAR
STARTCHAR uni3085
ENCODING 12421
SWIDTH 600 0
DWIDTH 12 0
BBX 11 9 0 0
BITMAP
0E00
0000
EFC0
0000
FEE0
0000
EFC0
0000
0E00
ENDCHAR
STARTCHAR uni3086
ENCODING 12422
SWIDTH 600 0
DWIDTH 12 0
BBX 11 13 0 0
BITMAP
0E00
0000
EFC0
0000
EEE0
0000
FEE0
0000
EEE0
0000
0FC0
0000
0E00
ENDCHAR
STARTCHAR uni3087
ENCODING 12423
SWIDTH 600 0
DWIDTH 12 0
BBX 11 9 0 0
BITMAP
0E00
0000
0FE0
0000
7E00
0000
EFC0
0000
7CE0
ENDCHAR
STARTCHAR uni3088
ENCODING 12424
SWIDTH 600 0
DWIDTH 12 0
BBX 11 13 0 0
BITMAP
0E00
0000
0FE0
0000
0E00
0000
0E00
0000
7FC0
0000
EEE0
0000
7C00
ENDCHAR
STARTCHAR uni3089
ENCODING 12425
SWIDTH 600 0
DWIDTH 12 0
BBX 11 13 0 0
BITMAP
7700
0000
71C0
0000
E000
0000
FFC0
0000
E0E0
0000
00E0
0000
3FC0
ENDCHAR
STARTCHAR uni308A
ENCODING 12426
SWIDTH 600 0
DWIDTH 12 0
BBX 11 13 0 0
BITMAP
E0E0
0000
E0E0
0000
F8E0
0000
70E0
0000
01C0
0000
0380
0000
0E00
ENDCHAR
STARTCHAR uni308B
ENCODING 12427
SWIDTH 600 0
DWIDTH 12 0
BBX 11 13 0 0
BITMAP
FFE0
0000
1F00
0000
7FC0
0000
E0E0
0000
1FE0
0000
71C0
0000
3F80
ENDCHAR
STARTCHAR uni308C
ENCODING 12428
SWIDTH 600 0
DWIDTH 12 0
BBX 11 13 0 0
BITMAP
3800
0000
F9C0
0000
3BC0
0000
7FC0
0000
FDC0
0000
39C0
0000
39E0
ENDCHAR
STARTCHAR uni308D
ENCODING 12429
SWIDTH 600 0
DWIDTH 12 0
BBX 11 13 0 0
BITMAP
FFE0
0000
1F00
0000
7FC0
0000
E0E0
0000
00E0
0000
01C0
0000
3F00
ENDCHAR
STARTCHAR uni308E
ENCODING 12430
SWIDTH 600 0
DWIDTH 12 0
BBX 11 9 0 0
BITMAP
3800
0000
FBC0
0000
3EE0
0000
F8E0
0000
39C0
ENDCHAR
STARTCHAR uni308F
ENCODING 12431
SWIDTH 600 0
DWIDTH 12 0
BBX 11 13 0 0
BITMAP
3800
0000
FBC0
0000
3EE0
0000
78E0
0000
F8E0
0000
38E0
0000
39C0
ENDCHAR
STARTCHAR uni3090
ENCODING 12432
SWIDTH 600 0
DWIDTH 12 0
BBX 11 13 0 0
BITMAP
FF00
0000
0E00
0000
1FC0
0000
7EE0
0000
DDE0
0000
DB60
0000
71E0
ENDCHAR
STARTCHAR uni3091
ENCODING 12433
SWIDTH 600 0
DWIDTH 12 0
BBX 11 13 0 0
BITMAP
3F80
0000
1F00
0000
39C0
0000
6DC0
0000
3F80
0000
7780
0000
FEE0
ENDCHAR
STARTCHAR uni3092
ENCODING 12434
SWIDTH 600 0
DWIDTH 12 0
BBX 11 13 0 0
BITMAP
0E00
0000
FFE0
0000
1C00
0000
7FE0
0000
E380
0000
E000
0000
7FE0
ENDCHAR
STARTCHAR uni3093
ENCODING 12435
SWIDTH 600 0
DWIDTH 12 0
BBX 11 13 0 0
BITMAP
1C00
0000
1C00
0000
3800
0000
7F00
0000
7700
0000
E700
0000
E7E0
ENDCHAR
STARTCHAR uni3094
ENCODING 12436
SWIDTH 600 0
DWIDTH 12 0
BBX 11 15 0 0
BITMAP
0360
0000
1F00
0000
0000
0000
7FC0
0000
E0E0
0000
00E0
0000
01C0
0000
1F80
ENDCHAR
STARTCHAR uni3095
ENCODING 12437
SWIDTH 600 0
DWIDTH 12 0
BBX 11 9 0 0
BITMAP
38E0
0000
FFC0
0000
38E0
0000
70E0
0000
E7C0
ENDCHAR
STARTCHAR uni3096
ENCODING 12438
SWIDTH 600 0
DWIDTH 12 0
BBX 11 9 0 0
BITMAP
E1C0
0000
EFE0
0000
E1C0
0000
E1C0
0000
7380
ENDCHAR
STARTCHAR uni3099
ENCODING 12441
SWIDTH 600 0
DWIDTH 12 0
BBX 5 1 6 14
BITMAP
D8
ENDCHAR
STARTCHAR uni309A
ENCODING 12442
SWIDTH 600 0
DWIDTH 12 0
BBX 4 5 7 10
BITMAP
F0
00
90
00
F0
ENDCHAR
STARTCHAR uni309B
ENCODING 12443
SWIDTH 600 0
DWIDTH 12 0
BBX 5 3 0 10
BITMAP
D8
00
D8
ENDCHAR
STARTCHAR uni309C
ENCODING 12444
SWIDTH 600 0
DWIDTH 12 0
BBX 4 5 0 8
BITMAP
F0
00
90
00
F0
ENDCHAR
STARTCHAR uni309D
ENCODING 12445
SWIDTH 600 0
DWIDTH 12 0
BBX 8 9 1 2
BITMAP
E0
00
70
00
1C
00
07
00
1C
ENDCHAR
STARTCHAR uni309E
ENCODING 12446
SWIDTH 600 0
DWIDTH 12 0
BBX 9 11 1 2
BITMAP
0D80
0000
ED80
0000
7000
0000
1C00
0000
0700
0000
1C00
ENDCHAR
STARTCHAR uni30A0
ENCODING 12448
SWIDTH 600 0
DWIDTH 12 0
BBX 9 5 1 4
BITMAP
FF80
0000
0000
0000
FF80
ENDCHAR
STARTCHAR uni30A1
ENCODING 12449
SWIDTH 600 0
DWIDTH 12 0
BBX 11 9 0 0
BITMAP
FFE0
0000
01C0
0000
1F80
0000
1C00
0000
F800
ENDCHAR
STARTCHAR uni30A2
ENCODING 12450
SWIDTH 600 0
DWIDTH 12 0
BBX 11 13 0 0
BITMAP
FFE0
0000
00E0
0000
0EE0
0000
0FC0
0000
0E00
0000
1C00
0000
F800
ENDCHAR
STARTCHAR uni30A3
ENCODING 12451
SWIDTH 600 0
DWIDTH 12 0
BBX 11 9 0 0
BITMAP
03E0
0000
0700
0000
FE00
0000
0E00
0000
0E00
ENDCHAR
STARTCHAR uni30A4
ENCODING 12452
SWIDTH 600 0
DWIDTH 12 0
BBX 11 13 0 0
BITMAP
03E0
0000
0700
0000
FE00
0000
0E00
0000
0E00
0000
0E00
0000
0E00
ENDCHAR
STARTCHAR uni30A5
ENCODING 12453
SWIDTH 600 0
DWIDTH 12 0
BBX 11 9 0 0
BITMAP
0E00
0000
FFE0
0000
E0E0
0000
01C0
0000
1F80
ENDCHAR
STARTCHAR uni30A6
ENCODING 12454
SWIDTH 600 0
DWIDTH 12 0
BBX 11 13 0 0
BITMAP
0E00
0000
FFE0
0000
E0E0
0000
01C0
0000
0380
0000
0700
0000
3E00
ENDCHAR
STARTCHAR uni30A7
ENCODING 12455
SWIDTH 600 0
DWIDTH 12 0
BBX 11 9 0 0
BITMAP
7FC0
0000
0E00
0000
0E00
0000
0E00
0000
FFE0
ENDCHAR
STARTCHAR uni30A8
ENCODING 12456
SWIDTH 600 0
DWIDTH 12 0
BBX 11 13 0 0
BITMAP
7FC0
0000
0E00
0000
0E00
0000
0E00
0000
0E00
0000
0E00
0000
FFE0
ENDCHAR
STARTCHAR uni30A9
ENCODING 12457
SWIDTH 600 0
DWIDTH 12 0
BBX 11 9 0 0
BITMAP
01C0
0000
FFE0
0000
1DC0
0000
39C0
0000
71C0
ENDCHAR
STARTCHAR uni30AA
ENCODING 12458
SWIDTH 600 0
DWIDTH 12 0
BBX 11 13 0 0
BITMAP
01C0
0000
FFE0
0000
0FC0
0000
1DC0
0000
39C0
0000
71C0
0000
E3C0
ENDCHAR
STARTCHAR uni30AB
ENCODING 12459
SWIDTH 600 0
DWIDTH 12 0
BBX 11 13 0 0
BITMAP
1C00
0000
FFE0
0000
1CE0
0000
1CE0
0000
38E0
0000
70E0
0000
E1E0
ENDCHAR
STARTCHAR uni30AC
ENCODING 12460
SWIDTH 600 0
DWIDTH 12 0
BBX 11 15 0 0
BITMAP
0360
0000
1C00
0000
FFE0
0000
1CE0
0000
1CE0
0000
38E0
0000
70E0
0000
E1E0
ENDCHAR
STARTCHAR uni30AD
ENCODING 12461
SWIDTH 600 0
DWIDTH 12 0
BBX 11 13 0 0
BITMAP
7000
0000
FFC0
0000
1C00
0000
0E00
0000
7FE0
0000
0380
0000
01C0
ENDCHAR
STARTCHAR uni30AE
ENCODING 12462
SWIDTH 600 0
DWIDTH 12 0
BBX 11 15 0 0
BITMAP
0360
0000
7000
0000
FFC0
0000
1C00
0000
0E00
0000
7FE0
0000
0380
0000
01C0
ENDCHAR
STARTCHAR uni30AF
ENCODING 12463
SWIDTH 600 0
DWIDTH 12 0
BBX 11 13 0 0
BITMAP
3FE0
0000
70E0
0000
E0E0
0000
01C0
0000
0380
0000
0700
0000
0E00
ENDCHAR
STARTCHAR uni30B0
ENCODING 12464
SWIDTH 600 0
DWIDTH 12 0
BBX 11 15 0 0
BITMAP
0360
0000
3FE0
0000
70E0
0000
E0E0
0000
01C0
0000
0380
0000
0700
0000
0E00
ENDCHAR
STARTCHAR uni30B1
ENCODING 12465
SWIDTH 600 0
DWIDTH 12 0
BBX 11 13 0 0
BITMAP
7000
0000
7FE0
0000
7380
0000
E380
0000
0380
0000
0700
0000
0E00
ENDCHAR
STARTCHAR uni30B2
ENCODING 12466
SWIDTH 600 0
DWIDTH 12 0
BBX 11 15 0 0
BITMAP
0360
0000
7000
0000
7FE0
0000
7380
0000
E380
0000
0380
0000
0700
0000
0E00
ENDCHAR
STARTCHAR uni30B3
ENCODING 12467
SWIDTH 600 0
DWIDTH 12 0
BBX 11 13 0 0
BITMAP
FFE0
0000
00E0
0000
00E0
0000
00E0
0000
00E0
0000
00E0
0000
FFE0
ENDCHAR
STARTCHAR uni30B4
ENCODING 12468
SWIDTH 600 0
DWIDTH 12 0
BBX 11 15 0 0
BITMAP
0360
0000
FFE0
0000
00E0
0000
00E0
0000
00E0
0000
00E0
0000
00E0
0000
FFE0
ENDCHAR
STARTCHAR uni30B5
ENCODING 12469
SWIDTH 600 0
DWIDTH 12 0
BBX 11 13 0 0
BITMAP
71C0
0000
FFE0
0000
71C0
0000
71C0
0000
0380
0000
0700
0000
0E00
ENDCHAR
STARTCHAR uni30B6
ENCODING 12470
SWIDTH 600 0
DWIDTH 12 0
BBX 11 15 0 0
BITMAP
0360
0000
71C0
0000
FFE0
0000
71C0
0000
71C0
0000
0380
0000
0700
0000
0E00
ENDCHAR
STARTCHAR uni30B7
ENCODING 12471
SWIDTH 600 0
DWIDTH 12 0
BBX 11 13 0 0
BITMAP
F8E0
0000
00E0
0000
F8E0
0000
00E0
0000
01C0
0000
0380
0000
FF00
ENDCHAR
STARTCHAR uni30B8
ENCODING 12472
SWIDTH 600 0
DWIDTH 12 0
BBX 11 15 0 0
BITMAP
0360
0000
F8E0
0000
00E0
0000
F8E0
0000
00E0
0000
01C0
0000
0380
0000
FF00
ENDCHAR
STARTCHAR uni30B9
ENCODING 12473
SWIDTH 600 0
DWIDTH 12 0
BBX 11 13 0 0
BITMAP
FFE0
0000
01C0
0000
0380
0000
0700
0000
0F80
0000
1DC0
0000
F8E0
ENDCHAR
STARTCHAR uni30BA
ENCODING 12474
SWIDTH 600 0
DWIDTH 12 0
BBX 11 15 0 0
BITMAP
0360
0000
FFE0
0000
01C0
0000
0380
0000
0700
0000
0F80
0000
1DC0
0000
F8E0
ENDCHAR
STARTCHAR uni30BB
ENCODING 12475
SWIDTH 600 0
DWIDTH 12 0
BBX 11 13 0 0
BITMAP
7000
0000
FFE0
0000
71C0
0000
7380
0000
7000
0000
7000
0000
7FE0
ENDCHAR
STARTCHAR uni30BC
ENCODING 12476
SWIDTH 600 0
DWIDTH 12 0
BBX 11 15 0 0
BITMAP
0360
0000
7000
0000
FFE0
0000
71C0
0000
7380
0000
7000
0000
7000
0000
7FE0
ENDCHAR
STARTCHAR uni30BD
ENCODING 12477
SWIDTH 600 0
DWIDTH 12 0
BBX 11 13 0 0
BITMAP
E0E0
0000
E0E0
0000
71C0
0000
0380
0000
0700
0000
0E00
0000
1C00
ENDCHAR
STARTCHAR uni30BE
ENCODING 12478
SWIDTH 600 0
DWIDTH 12 0
BBX 11 15 0 0
BITMAP
0360
0000
E0E0
0000
E0E0
0000
71C0
0000
0380
0000
0700
0000
0E00
0000
1C00
ENDCHAR
STARTCHAR uni30BF
ENCODING 12479
SWIDTH 600 0
DWIDTH 12 0
BBX 11 13 0 0
BITMAP
3FE0
0000
38E0
0000
7FE0
0000
E1C0
0000
0380
0000
0700
0000
0E00
ENDCHAR
STARTCHAR uni30C0
ENCODING 12480
SWIDTH 600 0
DWIDTH 12 0
BBX 11 15 0 0
BITMAP
0360
0000
3FE0
0000
38E0
0000
7FE0
0000
E1C0
0000
0380
0000
0700
0000
0E00
ENDCHAR
STARTCHAR uni30C1
ENCODING 12481
SWIDTH 600 0
DWIDTH 12 0
BBX 11 13 0 0
BITMAP
7FC0
0000
0E00
0000
FFE0
0000
0E00
0000
0E00
0000
1C00
0000
3800
ENDCHAR
STARTCHAR uni30C2
ENCODING 12482
SWIDTH 600 0
DWIDTH 12 0
BBX 11 15 0 0
BITMAP
0360
0000
7FC0
0000
0E00
0000
FFE0
0000
0E00
0000
0E00
0000
1C00
0000
3800
ENDCHAR
STARTCHAR uni30C3
ENCODING 12483
SWIDTH 600 0
DWIDTH 12 0
BBX 11 9 0 0
BITMAP
EEE0
0000
EEE0
0000
01C0
0000
0380
0000
0700
ENDCHAR
STARTCHAR uni30C4
ENCODING 12484
SWIDTH 600 0
DWIDTH 12 0
BBX 11 13 0 0
BITMAP
EEE0
0000
EEE0
0000
EEE0
0000
00E0
0000
01C0
0000
0380
0000
0700
ENDCHAR
STARTCHAR uni30C5
ENCODING 12485
SWIDTH 600 0
DWIDTH 12 0
BBX 11 15 0 0
BITMAP
0360
0000
EEE0
0000
EEE0
0000
EEE0
0000
00E0
0000
01C0
0000
0380
0000
0700
ENDCHAR
STARTCHAR uni30C6
ENCODING 12486
SWIDTH 600 0
DWIDTH 12 0
BBX 11 13 0 0
BITMAP
7FC0
0000
0000
0000
FFE0
0000
0700
0000
0700
0000
0E00
0000
7C00
ENDCHAR
STARTCHAR uni30C7
ENCODING 12487
SWIDTH 600 0
DWIDTH 12 0
BBX 11 15 0 0
BITMAP
0360
0000
7FC0
0000
0000
0000
FFE0
0000
0700
0000
0700
0000
0E00
0000
7C00
ENDCHAR
STARTCHAR uni30C8
ENCODING 12488
SWIDTH 600 0
DWIDTH 12 0
BBX 11 13 0 0
BITMAP
E000
0000
E000
0000
E000
0000
FFE0
0000
E000
0000
E000
0000
E000
ENDCHAR
STARTCHAR uni30C9
ENCODING 12489
SWIDTH 600 0
DWIDTH 12 0
BBX 11 15 0 0
BITMAP
0360
0000
E000
0000
E000
0000
E000
0000
FFE0
0000
E000
0000
E000
0000
E000
ENDCHAR
STARTCHAR uni30CA
ENCODING 12490
SWIDTH 600 0
DWIDTH 12 0
BBX 11 13 0 0
BITMAP
0700
0000
FFE0
0000
0700
0000
0700
0000
0E00
0000
1C00
0000
F800
ENDCHAR
STARTCHAR uni30CB
ENCODING 12491
SWIDTH 600 0
DWIDTH 12 0
BBX 11 11 0 0
BITMAP
7FC0
0000
0000
0000
0000
0000
0000
0000
0000
0000
FFE0
ENDCHAR
STARTCHAR uni30CC
ENCODING 12492
SWIDTH 600 0
DWIDTH 12 0
BBX 11 13 0 0
BITMAP
FFE0
0000
01C0
0000
3B80
0000
1F00
0000
0F80
0000
1DC0
0000
F0E0
ENDCHAR
STARTCHAR uni30CD
ENCODING 12493
SWIDTH 600 0
DWIDTH 12 0
BBX 11 13 0 0
BITMAP
0E00
0000
FFE0
0000
0380
0000
0E00
0000
3F80
0000
EEE0
0000
0E00
ENDCHAR
STARTCHAR uni30CE
ENCODING 12494
SWIDTH 600 0
DWIDTH 12 0
BBX 11 13 0 0
BITMAP
00E0
0000
00E0
0000
01C0
0000
0380
0000
0700
0000
0E00
0000
FC00
ENDCHAR
STARTCHAR uni30CF
ENCODING 12495
SWIDTH 600 0
DWIDTH 12 0
BBX 11 13 0 0
BITMAP
3B80
0000
3B80
0000
3B80
0000
3B80
0000
3B80
0000
71C0
0000
E0E0
ENDCHAR
STARTCHAR uni30D0
ENCODING 12496
SWIDTH 600 0
DWIDTH 12 0
BBX 11 15 0 0
BITMAP
0360
0000
3B80
0000
3B80
0000
3B80
0000
3B80
0000
3B80
0000
71C0
0000
E0E0
ENDCHAR
STARTCHAR uni30D1
ENCODING 12497
SWIDTH 600 0
DWIDTH 12 0
BBX 11 15 0 0
BITMAP
01E0
0000
3B20
0000
3BE0
0000
3B80
0000
3B80
0000
3B80
0000
71C0
0000
E0E0
ENDCHAR
STARTCHAR uni30D2
ENCODING 12498
SWIDTH 600 0
DWIDTH 12 0
BBX 11 13 0 0
BITMAP
E000
0000
FFE0
0000
E000
0000
E000
0000
E000
0000
E000
0000
7FE0
ENDCHAR
STARTCHAR uni30D3
ENCODING 12499
SWIDTH 600 0
DWIDTH 12 0
BBX 11 15 0 0
BITMAP
0360
0000
E000
0000
FFE0
0000
E000
0000
E000
0000
E000
0000
E000
0000
7FE0
ENDCHAR
STARTCHAR uni30D4
ENCODING 12500
SWIDTH 600 0
DWIDTH 12 0
BBX 11 15 0 0
BITMAP
01E0
0000
E120
0000
FFE0
0000
E000
0000
E000
0000
E000
0000
E000
0000
7FE0
ENDCHAR
STARTCHAR uni30D5
ENCODING 12501
SWIDTH 600 0
DWIDTH 12 0
BBX 11 13 0 0
BITMAP
FFE0
0000
00E0
0000
01C0
0000
0380
0000
0700
0000
0E00
0000
7C00
ENDCHAR
STARTCHAR uni30D6
ENCODING 12502
SWIDTH 600 0
DWIDTH 12 0
BBX 11 15 0 0
BITMAP
0360
0000
FFE0
0000
00E0
0000
01C0
0000
0380
0000
0700
0000
0E00
0000
7C00
ENDCHAR
STARTCHAR uni30D7
ENCODING 12503
SWIDTH 600 0
DWIDTH 12 0
BBX 11 15 0 0
BITMAP
01E0
0000
FF20
0000
01E0
0000
01C0
0000
0380
0000
0700
0000
0E00
0000
7C00
ENDCHAR
STARTCHAR uni30D8
ENCODING 12504
SWIDTH 600 0
DWIDTH 12 0
BBX 11 13 0 0
BITMAP
3800
0000
7C00
0000
EE00
0000
0700
0000
0380
0000
01C0
0000
00E0
ENDCHAR
STARTCHAR uni30D9
ENCODING 12505
SWIDTH 600 0
DWIDTH 12 0
BBX 11 15 0 0
BITMAP
0360
0000
3800
0000
7C00
0000
EE00
0000
0700
0000
0380
0000
01C0
0000
00E0
ENDCHAR
STARTCHAR uni30DA
ENCODING 12506
SWIDTH 600 0
DWIDTH 12 0
BBX 11 15 0 0
BITMAP
01E0
0000
3920
0000
7DE0
0000
EE00
0000
0700
0000
0380
0000
01C0
0000
00E0
ENDCHAR
STARTCHAR uni30DB
ENCODING 12507
SWIDTH 600 0
DWIDTH 12 0
BBX 11 13 0 0
BITMAP
0E00
0000
FFE0
0000
0E00
0000
EEE0
0000
EEE0
0000
EEE0
0000
EEE0
ENDCHAR
STARTCHAR uni30DC
ENCODING 12508
SWIDTH 600 0
DWIDTH 12 0
BBX 11 15 0 0
BITMAP
0360
0000
0E00
0000
FFE0
0000
0E00
0000
EEE0
0000
EEE0
0000
EEE0
0000
EEE0
ENDCHAR
STARTCHAR uni30DD
ENCODING 12509
SWIDTH 600 0
DWIDTH 12 0
BBX 11 15 0 0
BITMAP
01E0
0000
0F20
0000
FFE0
0000
0E00
0000
EEE0
0000
EEE0
0000
EEE0
0000
EEE0
ENDCHAR
STARTCHAR uni30DE
ENCODING 12510
SWIDTH 600 0
DWIDTH 12 0
BBX 11 13 0 0
BITMAP
FFE0
0000
00E0
0000
01C0
0000
7380
0000
3F00
0000
1C00
0000
0F80
ENDCHAR
STARTCHAR uni30DF
ENCODING 12511
SWIDTH 600 0
DWIDTH 12 0
BBX 11 13 0 0
BITMAP
FF00
0000
0380
0000
7DE0
0000
0E00
0000
F7C0
0000
3800
0000
1FE0
ENDCHAR
STARTCHAR uni30E0
ENCODING 12512
SWIDTH 600 0
DWIDTH 12 0
BBX 11 13 0 0
BITMAP
0E00
0000
1C00
0000
3800
0000
71C0
0000
E0E0
0000
E0E0
0000
FFE0
ENDCHAR
STARTCHAR uni30E1
ENCODING 12513
SWIDTH 600 0
DWIDTH 12 0
BBX 11 13 0 0
BITMAP
00E0
0000
1DC0
0000
0F80
0000
0700
0000
0F80
0000
1DC0
0000
F800
ENDCHAR
STARTCHAR uni30E2
ENCODING 12514
SWIDTH 600 0
DWIDTH 12 0
BBX 11 13 0 0
BITMAP
FFE0
0000
1C00
0000
FFE0
0000
1C00
0000
1C00
0000
1C00
0000
0FE0
ENDCHAR
STARTCHAR uni30E3
ENCODING 12515
SWIDTH 600 0
DWIDTH 12 0
BBX 11 9 0 0
BITMAP
E000
0000
FFE0
0000
39C0
0000
1C00
0000
0E00
ENDCHAR
STARTCHAR uni30E4
ENCODING 12516
SWIDTH 600 0
DWIDTH 12 0
BBX 11 13 0 0
BITMAP
E000
0000
FFE0
0000
71C0
0000
3B80
0000
1C00
0000
0E00
0000
0700
ENDCHAR
STARTCHAR uni30E5
ENCODING 12517
SWIDTH 600 0
DWIDTH 12 0
BBX 11 9 0 0
BITMAP
7F80
0000
0380
0000
0380
0000
0380
0000
FFE0
ENDCHAR
STARTCHAR uni30E6
ENCODING 12518
SWIDTH 600 0
DWIDTH 12 0
BBX 11 13 0 0
BITMAP
7F80
0000
0380
0000
0380
0000
0380
0000
0380
0000
0380
0000
FFE0
ENDCHAR
STARTCHAR uni30E7
ENCODING 12519
SWIDTH 600 0
DWIDTH 12 0
BBX 11 9 0 0
BITMAP
FFE0
0000
00E0
0000
FFE0
0000
00E0
0000
FFE0
ENDCHAR
STARTCHAR uni30E8
ENCODING 12520
SWIDTH 600 0
DWIDTH 12 0
BBX 11 13 0 0
BITMAP
FFE0
0000
00E0
0000
00E0
0000
FFE0
0000
00E0
0000
00E0
0000
FFE0
ENDCHAR
STARTCHAR uni30E9
ENCODING 12521
SWIDTH 600 0
DWIDTH 12 0
BBX 11 13 0 0
BITMAP
7FC0
0000
0000
0000
FFE0
0000
00E0
0000
01C0
0000
0380
0000
7F00
ENDCHAR
STARTCHAR uni30EA
ENCODING 12522
SWIDTH 600 0
DWIDTH 12 0
BBX 10 13 1 0
BITMAP
E1C0
0000
E1C0
0000
E1C0
0000
E1C0
0000
0380
0000
0700
0000
0E00
ENDCHAR
STARTCHAR uni30EB
ENCODING 12523
SWIDTH 600 0
DWIDTH 12 0
BBX 11 13 0 0
BITMAP
7700
0000
7700
0000
7700
0000
7700
0000
7760
0000
77C0
0000
E780
ENDCHAR
STARTCHAR uni30EC
ENCODING 12524
SWIDTH 600 0
DWIDTH 12 0
BBX 11 13 0 0
BITMAP
E000
0000
E000
0000
E0E0
0000
E1C0
0000
E380
0000
E700
0000
FE00
ENDCHAR
STARTCHAR uni30ED
ENCODING 12525
SWIDTH 600 0
DWIDTH 12 0
BBX 11 13 0 0
BITMAP
FFE0
0000
E0E0
0000
E0E0
0000
E0E0
0000
E0E0
0000
E0E0
0000
FFE0
ENDCHAR
STARTCHAR uni30EE
ENCODING 12526
SWIDTH 600 0
DWIDTH 12 0
BBX 11 9 0 0
BITMAP
FFE0
0000
E0E0
0000
00E0
0000
01C0
0000
1F80
ENDCHAR
STARTCHAR uni30EF
ENCODING 12527
SWIDTH 600 0
DWIDTH 12 0
BBX 11 13 0 0
BITMAP
FFE0
0000
E0E0
0000
E0E0
0000
00E0
0000
01C0
0000
0380
0000
1F00
ENDCHAR
STARTCHAR uni30F0
ENCODING 12528
SWIDTH 600 0
DWIDTH 12 0
BBX 11 13 0 0
BITMAP
01C0
0000
FFE0
0000
71C0
0000
71C0
0000
FFE0
0000
01C0
0000
01C0
ENDCHAR
STARTCHAR uni30F1
ENCODING 12529
SWIDTH 600 0
DWIDTH 12 0
BBX 11 13 0 0
BITMAP
FFE0
0000
01C0
0000
0F80
0000
0E00
0000
0E00
0000
0E00
0000
FFE0
ENDCHAR
STARTCHAR uni30F2
ENCODING 12530
SWIDTH 600 0
DWIDTH 12 0
BBX 11 13 0 0
BITMAP
FFE0
0000
00E0
0000
FFE0
0000
00E0
0000
01C0
0000
0380
0000
FF00
ENDCHAR
STARTCHAR uni30F3
ENCODING 12531
SWIDTH 600 0
DWIDTH 12 0
BBX 11 13 0 0
BITMAP
F8E0
0000
00E0
0000
00E0
0000
00E0
0000
01C0
0000
0380
0000
FF00
ENDCHAR
STARTCHAR uni30F4
ENCODING 12532
SWIDTH 600 0
DWIDTH 12 0
BBX 11 15 0 0
BITMAP
0360
0000
0E00
0000
FFE0
0000
E0E0
0000
01C0
0000
0380
0000
0700
0000
3E00
ENDCHAR
STARTCHAR uni30F5
ENCODING 12533
SWIDTH 600 0
DWIDTH 12 0
BBX 11 9 0 0
BITMAP
1C00
0000
FFE0
0000
38E0
0000
70E0
0000
E1E0
ENDCHAR
STARTCHAR uni30F6
ENCODING 12534
SWIDTH 600 0
DWIDTH 12 0
BBX 11 9 0 0
BITMAP
7000
0000
7FE0
0000
E380
0000
0700
0000
0E00
ENDCHAR
STARTCHAR uni30F7
ENCODING 12535
SWIDTH 600 0
DWIDTH 12 0
BBX 11 15 0 0
BITMAP
0360
0000
FFE0
0000
E0E0
0000
E0E0
0000
00E0
0000
01C0
0000
0380
0000
1F00
ENDCHAR
STARTCHAR uni30F8
ENCODING 12536
SWIDTH 600 0
DWIDTH 12 0
BBX 11 15 0 0
BITMAP
0360
0000
01C0
0000
FFE0
0000
71C0
0000
71C0
0000
FFE0
0000
01C0
0000
01C0
ENDCHAR
STARTCHAR uni30F9
ENCODING 12537
SWIDTH 600 0
DWIDTH 12 0
BBX 11 15 0 0
BITMAP
0360
0000
FFE0
0000
01C0
0000
0F80
0000
0E00
0000
0E00
0000
0E00
0000
FFE0
ENDCHAR
STARTCHAR uni30FA
ENCODING 12538
SWIDTH 600 0
DWIDTH 12 0
BBX 11 15 0 0
BITMAP
0360
0000
FFE0
0000
00E0
0000
FFE0
0000
00E0
0000
01C0
0000
0380
0000
FF00
ENDCHAR
STARTCHAR uni30FB
ENCODING 12539
SWIDTH 600 0
DWIDTH 12 0
BBX 3 3 4 6
BITMAP
E0
00
E0
ENDCHAR
STARTCHAR uni30FC
ENCODING 12540
SWIDTH 600 0
DWIDTH 12 0
BBX 9 3 1 6
BITMAP
E000
0000
7F80
ENDCHAR
STARTCHAR uni30FD
ENCODING 12541
SWIDTH 600 0
DWIDTH 12 0
BBX 9 9 1 2
BITMAP
E000
0000
3800
0000
0E00
0000
0380
0000
0380
ENDCHAR
STARTCHAR uni30FE
ENCODING 12542
SWIDTH 600 0
DWIDTH 12 0
BBX 9 11 0 2
BITMAP
0D80
0000
ED80
0000
3800
0000
0E00
0000
0380
0000
0380
ENDCHAR
STARTCHAR uniFF01
ENCODING 65281
SWIDTH 600 0
DWIDTH 12 0
BBX 5 13 3 0
BITMAP
F8
00
F8
00
F8
00
F8
00
F8
00
00
00
F8
ENDCHAR
STARTCHAR uniFF02
ENCODING 65282
SWIDTH 600 0
DWIDTH 12 0
BBX 9 5 1 8
BITMAP
F780
0000
F780
0000
E700
ENDCHAR
STARTCHAR uniFF03
ENCODING 65283
SWIDTH 600 0
DWIDTH 12 0
BBX 11 13 0 0
BITMAP
3DE0
0000
3DE0
0000
FFE0
0000
7BC0
0000
FFE0
0000
F780
0000
F780
ENDCHAR
STARTCHAR uniFF04
ENCODING 65284
SWIDTH 600 0
DWIDTH 12 0
BBX 11 13 0 0
BITMAP
0E00
0000
7FE0
0000
F800
0000
7FC0
0000
03E0
0000
FFC0
0000
0E00
ENDCHAR
STARTCHAR uniFF05
ENCODING 65285
SWIDTH 600 0
DWIDTH 12 0
BBX 11 13 0 0
BITMAP
FEE0
0000
EFC0
0000
FF80
0000
1F00
0000
3FE0
0000
7EE0
0000
EFE0
ENDCHAR
STARTCHAR uniFF06
ENCODING 65286
SWIDTH 600 0
DWIDTH 12 0
BBX 11 13 0 0
BITMAP
3F80
0000
7BC0
0000
7BC0
0000
3F80
0000
7FE0
0000
F3C0
0000
7DE0
ENDCHAR
STARTCHAR uniFF07
ENCODING 65287
SWIDTH 600 0
DWIDTH 12 0
BBX 5 5 3 8
BITMAP
F8
00
F8
00
F0
ENDCHAR
STARTCHAR uniFF08
ENCODING 65288
SWIDTH 600 0
DWIDTH 12 0
BBX 7 17 2 -2
BITMAP
0E
00
38
00
70
00
E0
00
E0
00
E0
00
70
00
38
00
0E
ENDCHAR
STARTCHAR uniFF09
ENCODING 65289
SWIDTH 600 0
DWIDTH 12 0
BBX 7 17 2 -2
BITMAP
E0
00
38
00
1C
00
0E
00
0E
00
0E
00
1C
00
38
00
E0
ENDCHAR
STARTCHAR uniFF0A
ENCODING 65290
SWIDTH 600 0
DWIDTH 12 0
BBX 11 13 0 0
BITMAP
0E00
0000
EEE0
0000
FFE0
0000
7FC0
0000
FFE0
0000
EEE0
0000
0E00
ENDCHAR
STARTCHAR uniFF0B
ENCODING 65291
SWIDTH 600 0
DWIDTH 12 0
BBX 11 11 0 0
BITMAP
1F00
0000
1F00
0000
FFE0
0000
FFE0
0000
1F00
0000
1F00
ENDCHAR
STARTCHAR uniFF0C
ENCODING 65292
SWIDTH 600 0
DWIDTH 12 0
BBX 5 5 3 -2
BITMAP
F8
00
78
00
F0
ENDCHAR
STARTCHAR uniFF0D
ENCODING 65293
SWIDTH 600 0
DWIDTH 12 0
BBX 9 3 1 4
BITMAP
FF80
0000
FF80
ENDCHAR
STARTCHAR uniFF0E
ENCODING 65294
SWIDTH 600 0
DWIDTH 12 0
BBX 5 3 3 0
BITMAP
F8
00
F8
ENDCHAR
STARTCHAR uniFF0F
ENCODING 65295
SWIDTH 600 0
DWIDTH 12 0
BBX 11 13 0 0
BITMAP
03E0
0000
07C0
0000
0F80
0000
1F00
0000
3E00
0000
7C00
0000
F800
ENDCHAR
STARTCHAR uniFF10
ENCODING 65296
SWIDTH 600 0
DWIDTH 12 0
BBX 11 13 0 0
BITMAP
7FC0
0000
F1E0
0000
F3E0
0000
F5E0
0000
F9E0
0000
F1E0
0000
7FC0
ENDCHAR
STARTCHAR uniFF11
ENCODING 65297
SWIDTH 600 0
DWIDTH 12 0
BBX 9 13 1 0
BITMAP
3E00
0000
FE00
0000
3E00
0000
3E00
0000
3E00
0000
3E00
0000
FF80
ENDCHAR
STARTCHAR uniFF12
ENCODING 65298
SWIDTH 600 0
DWIDTH 12 0
BBX 11 13 0 0
BITMAP
7FC0
0000
FBE0
0000
FBE0
0000
07C0
0000
1F00
0000
7C00
0000
FFE0
ENDCHAR
STARTCHAR uniFF13
ENCODING 65299
SWIDTH 600 0
DWIDTH 12 0
BBX 11 13 0 0
BITMAP
7FC0
0000
FBE0
0000
FBE0
0000
07C0
0000
FBE0
0000
FBE0
0000
7FC0
ENDCHAR
STARTCHAR uniFF14
ENCODING 65300
SWIDTH 600 0
DWIDTH 12 0
BBX 11 13 0 0
BITMAP
FBE0
0000
FBE0
0000
FBE0
0000
FBE0
0000
7FE0
0000
03E0
0000
03E0
ENDCHAR
STARTCHAR uniFF15
ENCODING 65301
SWIDTH 600 0
DWIDTH 12 0
BBX 11 13 0 0
BITMAP
FFE0
0000
F800
0000
FFC0
0000
FBE0
0000
03E0
0000
FBE0
0000
7FC0
ENDCHAR
STARTCHAR uniFF16
ENCODING 65302
SWIDTH 600 0
DWIDTH 12 0
BBX 11 13 0 0
BITMAP
7FC0
0000
FBE0
0000
F800
0000
FFC0
0000
FBE0
0000
FBE0
0000
7FC0
ENDCHAR
STARTCHAR uniFF17
ENCODING 65303
SWIDTH 600 0
DWIDTH 12 0
BBX 11 13 0 0
BITMAP
FFE0
0000
FBE0
0000
07C0
0000
0F80
0000
1F00
0000
1F00
0000
1F00
ENDCHAR
STARTCHAR uniFF18
ENCODING 65304
SWIDTH 600 0
DWIDTH 12 0
BBX 11 13 0 0
BITMAP
7FC0
0000
FBE0
0000
FBE0
0000
7FC0
0000
FBE0
0000
FBE0
0000
7FC0
ENDCHAR
STARTCHAR uniFF19
ENCODING 65305
SWIDTH 600 0
DWIDTH 12 0
BBX 11 13 0 0
BITMAP
7FC0
0000
FBE0
0000
FBE0
0000
7FE0
0000
03E0
0000
FBE0
0000
7FC0
ENDCHAR
STARTCHAR uniFF1A
ENCODING 65306
SWIDTH 600 0
DWIDTH 12 0
BBX 5 9 3 0
BITMAP
F8
00
F8
00
00
00
F8
00
F8
ENDCHAR
STARTCHAR uniFF1B
ENCODING 65307
SWIDTH 600 0
DWIDTH 12 0
BBX 5 11 3 -2
BITMAP
F8
00
F8
00
00
00
F8
00
78
00
F0
ENDCHAR
STARTCHAR uniFF1C
ENCODING 65308
SWIDTH 600 0
DWIDTH 12 0
BBX 11 13 0 0
BITMAP
03E0
0000
0F80
0000
3E00
0000
F800
0000
3E00
0000
0F80
0000
03E0
ENDCHAR
STARTCHAR uniFF1D
ENCODING 65309
SWIDTH 600 0
DWIDTH 12 0
BBX 9 9 1 2
BITMAP
FF80
0000
FF80
0000
0000
0000
FF80
0000
FF80
ENDCHAR
STARTCHAR uniFF1E
ENCODING 65310
SWIDTH 600 0
DWIDTH 12 0
BBX 11 13 0 0
BITMAP
F800
0000
3E00
0000
0F80
0000
03E0
0000
0F80
0000
3E00
0000
F800
ENDCHAR
STARTCHAR uniFF1F
ENCODING 65311
SWIDTH 600 0
DWIDTH 12 0
BBX 11 13 0 0
BITMAP
FFC0
0000
03E0
0000
03E0
0000
0F80
0000
1F00
0000
0000
0000
1F00
ENDCHAR
STARTCHAR uniFF20
ENCODING 65312
SWIDTH 600 0
DWIDTH 12 0
BBX 11 13 0 0
BITMAP
7FC0
0000
F1E0
0000
F7E0
0000
F5E0
0000
F7E0
0000
F000
0000
7FC0
ENDCHAR
STARTCHAR uniFF21
ENCODING 65313
SWIDTH 600 0
DWIDTH 12 0
BBX 11 13 0 0
BITMAP
7FC0
0000
FBE0
0000
FBE0
0000
FFE0
0000
FBE0
0000
FBE0
0000
FBE0
ENDCHAR
STARTCHAR uniFF22
ENCODING 65314
SWIDTH 600 0
DWIDTH 12 0
BBX 11 13 0 0
BITMAP
FFC0
0000
FBE0
0000
FBE0
0000
FFC0
0000
FBE0
0000
FBE0
0000
FFC0
ENDCHAR
STARTCHAR uniFF23
ENCODING 65315
SWIDTH 600 0
DWIDTH 12 0
BBX 11 13 0 0
BITMAP
7FC0
0000
FBE0
0000
FBE0
0000
F800
0000
FBE0
0000
FBE0
0000
7FC0
ENDCHAR
STARTCHAR uniFF24
ENCODING 65316
SWIDTH 600 0
DWIDTH 12 0
BBX 11 13 0 0
BITMAP
FFC0
0000
FBE0
0000
FBE0
0000
FBE0
0000
FBE0
0000
FBE0
0000
FFC0
ENDCHAR
STARTCHAR uniFF25
ENCODING 65317
SWIDTH 600 0
DWIDTH 12 0
BBX 11 13 0 0
BITMAP
FFE0
0000
F800
0000
F800
0000
FFC0
0000
F800
0000
F800
0000
FFE0
ENDCHAR
STARTCHAR uniFF26
ENCODING 65318
SWIDTH 600 0
DWIDTH 12 0
BBX 11 13 0 0
BITMAP
FFE0
0000
F800
0000
F800
0000
FFC0
0000
F800
0000
F800
0000
F800
ENDCHAR
STARTCHAR uniFF27
ENCODING 65319
SWIDTH 600 0
DWIDTH 12 0
BBX 11 13 0 0
BITMAP
7FE0
0000
F800
0000
FBE0
0000
FBE0
0000
FBE0
0000
FBE0
0000
7FE0
ENDCHAR
STARTCHAR uniFF28
ENCODING 65320
SWIDTH 600 0
DWIDTH 12 0
BBX 11 13 0 0
BITMAP
FBE0
0000
FBE0
0000
FBE0
0000
FFE0
0000
FBE0
0000
FBE0
0000
FBE0
ENDCHAR
STARTCHAR uniFF29
ENCODING 65321
SWIDTH 600 0
DWIDTH 12 0
BBX 11 13 0 0
BITMAP
FFE0
0000
1F00
0000
1F00
0000
1F00
0000
1F00
0000
1F00
0000
FFE0
ENDCHAR
STARTCHAR uniFF2A
ENCODING 65322
SWIDTH 600 0
DWIDTH 12 0
BBX 11 13 0 0
BITMAP
03E0
0000
03E0
0000
03E0
0000
FBE0
0000
FBE0
0000
FBE0
0000
7FC0
ENDCHAR
STARTCHAR uniFF2B
ENCODING 65323
SWIDTH 600 0
DWIDTH 12 0
BBX 11 13 0 0
BITMAP
FBE0
0000
FFC0
0000
FF80
0000
FF00
0000
FF80
0000
FFC0
0000
FBE0
ENDCHAR
STARTCHAR uniFF2C
ENCODING 65324
SWIDTH 600 0
DWIDTH 12 0
BBX 11 13 0 0
BITMAP
F800
0000
F800
0000
F800
0000
F800
0000
F800
0000
F800
0000
FFE0
ENDCHAR
STARTCHAR uniFF2D
ENCODING 65325
SWIDTH 600 0
DWIDTH 12 0
BBX 11 13 0 0
BITMAP
F1E0
0000
FBE0
0000
FFE0
0000
FFE0
0000
FFE0
0000
F5E0
0000
F1E0
ENDCHAR
STARTCHAR uniFF2E
ENCODING 65326
SWIDTH 600 0
DWIDTH 12 0
BBX 11 13 0 0
BITMAP
F9E0
0000
FDE0
0000
FFE0
0000
FFE0
0000
FFE0
0000
F7E0
0000
F3E0
ENDCHAR
STARTCHAR uniFF2F
ENCODING 65327
SWIDTH 600 0
DWIDTH 12 0
BBX 11 13 0 0
BITMAP
7FC0
0000
FBE0
0000
FBE0
0000
FBE0
0000
FBE0
0000
FBE0
0000
7FC0
ENDCHAR
STARTCHAR uniFF30
ENCODING 65328
SWIDTH 600 0
DWIDTH 12 0
BBX 11 13 0 0
BITMAP
FFC0
0000
FBE0
0000
FBE0
0000
FFC0
0000
F800
0000
F800
0000
F800
ENDCHAR
STARTCHAR uniFF31
ENCODING 65329
SWIDTH 600 0
DWIDTH 12 0
BBX 11 17 0 -4
BITMAP
7FC0
0000
FBE0
0000
FBE0
0000
FBE0
0000
FBE0
0000
FBE0
0000
7FC0
0000
1F00
0000
07E0
ENDCHAR
STARTCHAR uniFF32
ENCODING 65330
SWIDTH 600 0
DWIDTH 12 0
BBX 11 13 0 0
BITMAP
FFC0
0000
FBE0
0000
FBE0
0000
FFC0
0000
FBE0
0000
FBE0
0000
FBE0
ENDCHAR
STARTCHAR uniFF33
ENCODING 65331
SWIDTH 600 0
DWIDTH 12 0
BBX 11 13 0 0
BITMAP
7FC0
0000
FBE0
0000
7C00
0000
1F00
0000
07C0
0000
FBE0
0000
7FC0
ENDCHAR
STARTCHAR uniFF34
ENCODING 65332
SWIDTH 600 0
DWIDTH 12 0
BBX 11 13 0 0
BITMAP
FFE0
0000
1F00
0000
1F00
0000
1F00
0000
1F00
0000
1F00
0000
1F00
ENDCHAR
STARTCHAR uniFF35
ENCODING 65333
SWIDTH 600 0
DWIDTH 12 0
BBX 11 13 0 0
BITMAP
FBE0
0000
FBE0
0000
FBE0
0000
FBE0
0000
FBE0
0000
FBE0
0000
7FC0
ENDCHAR
STARTCHAR uniFF36
ENCODING 65334
SWIDTH 600 0
DWIDTH 12 0
BBX 11 13 0 0
BITMAP
FBE0
0000
FBE0
0000
FBE0
0000
7BC0
0000
3F80
0000
1F00
0000
0E00
ENDCHAR
STARTCHAR uniFF37
ENCODING 65335
SWIDTH 600 0
DWIDTH 12 0
BBX 11 13 0 0
BITMAP
F1E0
0000
F5E0
0000
FFE0
0000
FFE0
0000
FFE0
0000
FBE0
0000
F1E0
ENDCHAR
STARTCHAR uniFF38
ENCODING 65336
SWIDTH 600 0
DWIDTH 12 0
BBX 11 13 0 0
BITMAP
FBE0
0000
7BC0
0000
3F80
0000
1F00
0000
3F80
0000
7BC0
0000
FBE0
ENDCHAR
STARTCHAR uniFF39
ENCODING 65337
SWIDTH 600 0
DWIDTH 12 0
BBX 11 13 0 0
BITMAP
FBE0
0000
FBE0
0000
7FC0
0000
3F80
0000
1F00
0000
1F00
0000
1F00
ENDCHAR
STARTCHAR uniFF3A
ENCODING 65338
SWIDTH 600 0
DWIDTH 12 0
BBX 11 13 0 0
BITMAP
FFE0
0000
07C0
0000
0F80
0000
1F00
0000
3E00
0000
7C00
0000
FFE0
ENDCHAR
STARTCHAR uniFF3B
ENCODING 65339
SWIDTH 600 0
DWIDTH 12 0
BBX 8 17 2 -2
BITMAP
FF
00
F8
00
F8
00
F8
00
F8
00
F8
00
F8
00
F8
00
FF
ENDCHAR
STARTCHAR uniFF3C
ENCODING 65340
SWIDTH 600 0
DWIDTH 12 0
BBX 11 13 0 0
BITMAP
F800
0000
7C00
0000
3E00
0000
1F00
0000
0F80
0000
07C0
0000
03E0
ENDCHAR
STARTCHAR uniFF3D
ENCODING 65341
SWIDTH 600 0
DWIDTH 12 0
BBX 8 17 1 -2
BITMAP
FF
00
1F
00
1F
00
1F
00
1F
00
1F
00
1F
00
1F
00
FF
ENDCHAR
STARTCHAR uniFF3E
ENCODING 65342
SWIDTH 600 0
DWIDTH 12 0
BBX 9 3 0 10
BITMAP
7F00
0000
F780
ENDCHAR
STARTCHAR uniFF3F
ENCODING 65343
SWIDTH 600 0
DWIDTH 12 0
BBX 11 3 0 -2
BITMAP
FFE0
0000
FFE0
ENDCHAR
STARTCHAR uniFF40
ENCODING 65344
SWIDTH 600 0
DWIDTH 12 0
BBX 7 5 2 8
BITMAP
F8
00
7C
00
3E
ENDCHAR
STARTCHAR uniFF41
ENCODING 65345
SWIDTH 600 0
DWIDTH 12 0
BBX 11 9 0 0
BITMAP
FFC0
0000
03E0
0000
7FE0
0000
FBE0
0000
7FE0
ENDCHAR
STARTCHAR uniFF42
ENCODING 65346
SWIDTH 600 0
DWIDTH 12 0
BBX 11 13 0 0
BITMAP
F800
0000
F800
0000
FFC0
0000
FBE0
0000
FBE0
0000
FBE0
0000
FFC0
ENDCHAR
STARTCHAR uniFF43
ENCODING 65347
SWIDTH 600 0
DWIDTH 12 0
BBX 11 9 0 0
BITMAP
7FC0
0000
FBE0
0000
F800
0000
FBE0
0000
7FC0
ENDCHAR
STARTCHAR uniFF44
ENCODING 65348
SWIDTH 600 0
DWIDTH 12 0
BBX 11 13 0 0
BITMAP
00E0
0000
00E0
0000
7FE0
0000
FBE0
0000
FBE0
0000
FBE0
0000
7FE0
ENDCHAR
STARTCHAR uniFF45
ENCODING 65349
SWIDTH 600 0
DWIDTH 12 0
BBX 11 9 0 0
BITMAP
7FC0
0000
FBE0
0000
FFE0
0000
F800
0000
7FC0
ENDCHAR
STARTCHAR uniFF46
ENCODING 65350
SWIDTH 600 0
DWIDTH 12 0
BBX 11 13 0 0
BITMAP
0FC0
0000
1F00
0000
FFE0
0000
1F00
0000
1F00
0000
1F00
0000
1F00
ENDCHAR
STARTCHAR uniFF47
ENCODING 65351
SWIDTH 600 0
DWIDTH 12 0
BBX 11 13 0 -4
BITMAP
7FE0
0000
FBE0
0000
FBE0
0000
FBE0
0000
7FE0
0000
03E0
0000
7FC0
ENDCHAR
STARTCHAR uniFF48
ENCODING 65352
SWIDTH 600 0
DWIDTH 12 0
BBX 11 13 0 0
BITMAP
F800
0000
F800
0000
FFC0
0000
FBE0
0000
FBE0
0000
FBE0
0000
FBE0
ENDCHAR
STARTCHAR uniFF49
ENCODING 65353
SWIDTH 600 0
DWIDTH 12 0
BBX 11 13 0 0
BITMAP
1F00
0000
0000
0000
FF00
0000
1F00
0000
1F00
0000
1F00
0000
FFE0
ENDCHAR
STARTCHAR uniFF4A
ENCODING 65354
SWIDTH 600 0
DWIDTH 12 0
BBX 9 17 0 -4
BITMAP
0F80
0000
0000
0000
FF80
0000
0F80
0000
0F80
0000
0F80
0000
0F80
0000
0F80
0000
FF00
ENDCHAR
STARTCHAR uniFF4B
ENCODING 65355
SWIDTH 600 0
DWIDTH 12 0
BBX 11 13 0 0
BITMAP
F800
0000
F800
0000
FBE0
0000
FFC0
0000
FF80
0000
FFC0
0000
FBE0
ENDCHAR
STARTCHAR uniFF4C
ENCODING 65356
SWIDTH 600 0
DWIDTH 12 0
BBX 11 13 0 0
BITMAP
FF00
0000
1F00
0000
1F00
0000
1F00
0000
1F00
0000
1F00
0000
0FE0
ENDCHAR
STARTCHAR uniFF4D
ENCODING 65357
SWIDTH 600 0
DWIDTH 12 0
BBX 11 9 0 0
BITMAP
7BC0
0000
FFE0
0000
FFE0
0000
F5E0
0000
F1E0
ENDCHAR
STARTCHAR uniFF4E
ENCODING 65358
SWIDTH 600 0
DWIDTH 12 0
BBX 11 9 0 0
BITMAP
FFC0
0000
FBE0
0000
FBE0
0000
FBE0
0000
FBE0
ENDCHAR
STARTCHAR uniFF4F
ENCODING 65359
SWIDTH 600 0
DWIDTH 12 0
BBX 11 9 0 0
BITMAP
7FC0
0000
FBE0
0000
FBE0
0000
FBE0
0000
7FC0
ENDCHAR
STARTCHAR uniFF50
ENCODING 65360
SWIDTH 600 0
DWIDTH 12 0
BBX 11 13 0 -4
BITMAP
FFC0
0000
FBE0
0000
FBE0
0000
FBE0
0000
FFC0
0000
F800
0000
F800
ENDCHAR
STARTCHAR uniFF51
ENCODING 65361
SWIDTH 600 0
DWIDTH 12 0
BBX 11 13 0 -4
BITMAP
7FE0
0000
FBE0
0000
FBE0
0000
FBE0
0000
7FE0
0000
03E0
0000
03E0
ENDCHAR
STARTCHAR uniFF52
ENCODING 65362
SWIDTH 600 0
DWIDTH 12 0
BBX 11 9 0 0
BITMAP
FFC0
0000
FBE0
0000
F800
0000
F800
0000
F800
ENDCHAR
STARTCHAR uniFF53
ENCODING 65363
SWIDTH 600 0
DWIDTH 12 0
BBX 11 9 0 0
BITMAP
7FE0
0000
F800
0000
7FC0
0000
03E0
0000
FFC0
ENDCHAR
STARTCHAR uniFF54
ENCODING 65364
SWIDTH 600 0
DWIDTH 12 0
BBX 11 13 0 0
BITMAP
3E00
0000
3E00
0000
FFE0
0000
3E00
0000
3E00
0000
3E00
0000
1FE0
ENDCHAR
STARTCHAR uniFF55
ENCODING 65365
SWIDTH 600 0
DWIDTH 12 0
BBX 11 9 0 0
BITMAP
FBE0
0000
FBE0
0000
FBE0
0000
FBE0
0000
7FE0
ENDCHAR
STARTCHAR uniFF56
ENCODING 65366
SWIDTH 600 0
DWIDTH 12 0
BBX 11 9 0 0
BITMAP
FBE0
0000
7BC0
0000
3F80
0000
1F00
0000
0E00
ENDCHAR
STARTCHAR uniFF57
ENCODING 65367
SWIDTH 600 0
DWIDTH 12 0
BBX 11 9 0 0
BITMAP
F1E0
0000
F5E0
0000
FFE0
0000
FBE0
0000
F1E0
ENDCHAR
STARTCHAR uniFF58
ENCODING 65368
SWIDTH 600 0
DWIDTH 12 0
BBX 11 9 0 0
BITMAP
FBE0
0000
7FC0
0000
3F80
0000
7FC0
0000
FBE0
ENDCHAR
STARTCHAR uniFF59
ENCODING 65369
SWIDTH 600 0
DWIDTH 12 0
BBX 11 13 0 -4
BITMAP
FBE0
0000
7FC0
0000
3F80
0000
1F00
0000
3E00
0000
7C00
0000
F800
ENDCHAR
STARTCHAR uniFF5A
ENCODING 65370
SWIDTH 600 0
DWIDTH 12 0
BBX 11 9 0 0
BITMAP
FFE0
0000
07C0
0000
1F00
0000
7C00
0000
FFE0
ENDCHAR
STARTCHAR uniFF5B
ENCODING 65371
SWIDTH 600 0
DWIDTH 12 0
BBX 9 17 0 -2
BITMAP
0F80
0000
3E00
0000
3E00
0000
3E00
0000
F800
0000
3E00
0000
3E00
0000
3E00
0000
0F80
ENDCHAR
STARTCHAR uniFF5C
ENCODING 65372
SWIDTH 600 0
DWIDTH 12 0
BBX 5 19 3 -4
BITMAP
F8
00
F8
00
F8
00
F8
00
F8
00
F8
00
F8
00
F8
00
F8
00
F8
ENDCHAR
STARTCHAR uniFF5D
ENCODING 65373
SWIDTH 600 0
DWIDTH 12 0
BBX 9 17 2 -2
BITMAP
F800
0000
3E00
0000
3E00
0000
3E00
0000
0F80
0000
3E00
0000
3E00
0000
3E00
0000
F800
ENDCHAR
STARTCHAR uniFF5E
ENCODING 65374
SWIDTH 600 0
DWIDTH 12 0
BBX 11 3 0 4
BITMAP
7EE0
0000
EFC0
ENDCHAR
STARTCHAR uniFFE0
ENCODING 65504
SWIDTH 600 0
DWIDTH 12 0
BBX 11 13 0 -2
BITMAP
0E00
0000
7FC0
0000
FBE0
0000
F800
0000
FBE0
0000
7FC0
0000
0E00
ENDCHAR
STARTCHAR uniFFE1
ENCODING 65505
SWIDTH 600 0
DWIDTH 12 0
BBX 11 13 0 0
BITMAP
3FC0
0000
79E0
0000
7800
0000
FF00
0000
7800
0000
79E0
0000
FFE0
ENDCHAR
STARTCHAR uniFFE2
ENCODING 65506
SWIDTH 600 0
DWIDTH 12 0
BBX 11 5 0 4
BITMAP
FFE0
0000
03E0
0000
03E0
ENDCHAR
STARTCHAR uniFFE3
ENCODING 65507
SWIDTH 600 0
DWIDTH 12 0
BBX 11 3 0 12
BITMAP
FFE0
0000
FFE0
ENDCHAR
STARTCHAR uniFFE4
ENCODING 65508
SWIDTH 600 0
DWIDTH 12 0
BBX 5 17 3 -2
BITMAP
F8
00
F8
00
F8
00
F8
00
00
00
F8
00
F8
00
F8
00
F8
ENDCHAR
STARTCHAR uniFFE5
ENCODING 65509
SWIDTH 600 0
DWIDTH 12 0
BBX 11 13 0 0
BITMAP
E0E0
0000
71C0
0000
3B80
0000
FFE0
0000
0E00
0000
FFE0
0000
0E00
ENDCHAR
ENDFONT
