STARTFONT 2.1
FONT BmPlus_IBM_XGA-AI_12x20-20px
SIZE 20 75 75
FONTBOUNDINGBOX 12 20 0 -6
STARTPROPERTIES 3
PIXEL_SIZE 20
FONT_ASCENT 14
FONT_DESCENT 6
ENDPROPERTIES
CHARS 788
STARTCHAR uni0000
ENCODING 0
SWIDTH 600 0
DWIDTH 12 0
BBX 12 20 0 -6
BITMAP
0000
0000
0000
0000
0000
0000
0000
0000
0000
0000
0000
0000
0000
0000
0000
0000
0000
0000
0000
0000
ENDCHAR
STARTCHAR uni0001
ENCODING 1
SWIDTH 600 0
DWIDTH 12 0
BBX 12 20 0 -6
BITMAP
0000
0000
0F00
1080
2040
50A0
B9D0
9090
8010
9090
4F20
2040
1080
0F00
0000
0000
0000
0000
0000
0000
ENDCHAR
STARTCHAR uni0002
ENCODING 2
SWIDTH 600 0
DWIDTH 12 0
BBX 12 20 0 -6
BITMAP
0000
0000
0F00
1F80
3FC0
6F60
C630
EF70
FFF0
EF70
70E0
3FC0
1F80
0F00
0000
0000
0000
0000
0000
0000
ENDCHAR
STARTCHAR uni0003
ENCODING 3
SWIDTH 600 0
DWIDTH 12 0
BBX 12 20 0 -6
BITMAP
0000
0000
3180
7BC0
FFE0
FFE0
FFE0
FFE0
7FC0
3F80
1F00
0E00
0400
0400
0000
0000
0000
0000
0000
0000
ENDCHAR
STARTCHAR uni0004
ENCODING 4
SWIDTH 600 0
DWIDTH 12 0
BBX 12 20 0 -6
BITMAP
0000
0000
0400
0E00
1F00
3F80
7FC0
FFE0
FFE0
7FC0
3F80
1F00
0E00
0400
0000
0000
0000
0000
0000
0000
ENDCHAR
STARTCHAR uni0005
ENCODING 5
SWIDTH 600 0
DWIDTH 12 0
BBX 12 20 0 -6
BITMAP
0000
0000
0E00
1F00
1F00
0E00
64C0
F5E0
FFE0
F5E0
64C0
0400
0E00
1F00
0000
0000
0000
0000
0000
0000
ENDCHAR
STARTCHAR uni0006
ENCODING 6
SWIDTH 600 0
DWIDTH 12 0
BBX 12 20 0 -6
BITMAP
0000
0000
0400
0400
0E00
1F00
3F80
7FC0
FFE0
FFE0
FFE0
64C0
0E00
1F00
0000
0000
0000
0000
0000
0000
ENDCHAR
STARTCHAR uni0007
ENCODING 7
SWIDTH 600 0
DWIDTH 12 0
BBX 12 20 0 -6
BITMAP
0000
0000
0000
0000
0000
0600
0F00
1F80
1F80
1F80
0F00
0600
0000
0000
0000
0000
0000
0000
0000
0000
ENDCHAR
STARTCHAR uni0008
ENCODING 8
SWIDTH 600 0
DWIDTH 12 0
BBX 12 20 0 -6
BITMAP
FFF0
FFF0
FFF0
FFF0
FFF0
F9F0
F0F0
E070
E070
E070
F0F0
F9F0
FFF0
FFF0
FFF0
FFF0
FFF0
FFF0
FFF0
FFF0
ENDCHAR
STARTCHAR uni0009
ENCODING 9
SWIDTH 600 0
DWIDTH 12 0
BBX 12 20 0 -6
BITMAP
0000
0000
0F00
1080
2040
4020
4020
4020
4020
4020
4020
2040
1080
0F00
0000
0000
0000
0000
0000
0000
ENDCHAR
STARTCHAR uni000A
ENCODING 10
SWIDTH 600 0
DWIDTH 12 0
BBX 12 20 0 -6
BITMAP
FFF0
FFF0
F0F0
EF70
DFB0
BFD0
BFD0
BFD0
BFD0
BFD0
BFD0
DFB0
EF70
F0F0
FFF0
FFF0
FFF0
FFF0
FFF0
FFF0
ENDCHAR
STARTCHAR uni000B
ENCODING 11
SWIDTH 600 0
DWIDTH 12 0
BBX 12 20 0 -6
BITMAP
0000
0000
03E0
0060
00A0
0120
0220
0400
1F00
2080
4040
4040
4040
4040
2080
1F00
0000
0000
0000
0000
ENDCHAR
STARTCHAR uni000C
ENCODING 12
SWIDTH 600 0
DWIDTH 12 0
BBX 12 20 0 -6
BITMAP
0000
0000
1F00
2080
4040
4040
4040
4040
4040
2080
1F00
0400
0400
0400
1F00
0400
0400
0000
0000
0000
ENDCHAR
STARTCHAR uni000D
ENCODING 13
SWIDTH 600 0
DWIDTH 12 0
BBX 12 20 0 -6
BITMAP
0000
0000
0FE0
0C60
0C60
0FE0
0C00
0C00
0C00
0C00
0C00
3C00
7800
7000
0000
0000
0000
0000
0000
0000
ENDCHAR
STARTCHAR uni000E
ENCODING 14
SWIDTH 600 0
DWIDTH 12 0
BBX 12 20 0 -6
BITMAP
0000
0000
1FF0
1830
1830
1FF0
1830
1830
1830
1830
1830
18F0
79E0
F1C0
E000
0000
0000
0000
0000
0000
ENDCHAR
STARTCHAR uni000F
ENCODING 15
SWIDTH 600 0
DWIDTH 12 0
BBX 12 20 0 -6
BITMAP
0000
0000
0400
0400
4440
2E80
1100
2080
2080
E0E0
2080
2080
1100
2E80
4440
0400
0400
0000
0000
0000
ENDCHAR
STARTCHAR uni0010
ENCODING 16
SWIDTH 600 0
DWIDTH 12 0
BBX 12 20 0 -6
BITMAP
0000
0000
1000
1800
1C00
1E00
1F00
1F80
1FC0
1F80
1F00
1E00
1C00
1800
1000
0000
0000
0000
0000
0000
ENDCHAR
STARTCHAR uni0011
ENCODING 17
SWIDTH 600 0
DWIDTH 12 0
BBX 12 20 0 -6
BITMAP
0000
0000
0080
0180
0380
0780
0F80
1F80
3F80
1F80
0F80
0780
0380
0180
0080
0000
0000
0000
0000
0000
ENDCHAR
STARTCHAR uni0012
ENCODING 18
SWIDTH 600 0
DWIDTH 12 0
BBX 12 20 0 -6
BITMAP
0000
0000
0400
0E00
1F00
0400
0400
0400
0400
0400
0400
0400
0400
1F00
0E00
0400
0000
0000
0000
0000
ENDCHAR
STARTCHAR uni0013
ENCODING 19
SWIDTH 600 0
DWIDTH 12 0
BBX 12 20 0 -6
BITMAP
0000
0000
1080
39C0
39C0
39C0
39C0
1080
1080
1080
1080
0000
1080
39C0
1080
0000
0000
0000
0000
0000
ENDCHAR
STARTCHAR uni0014
ENCODING 20
SWIDTH 600 0
DWIDTH 12 0
BBX 12 20 0 -6
BITMAP
0000
0000
1FE0
3CC0
7CC0
7CC0
7CC0
3CC0
1CC0
0CC0
0CC0
0CC0
0CC0
0CC0
0000
0000
0000
0000
0000
0000
ENDCHAR
STARTCHAR uni0015
ENCODING 21
SWIDTH 600 0
DWIDTH 12 0
BBX 12 20 0 -6
BITMAP
0000
0000
0FA0
1860
3020
3800
1F80
18C0
3060
3060
3060
18C0
0FC0
00E0
2060
30C0
2F80
0000
0000
0000
ENDCHAR
STARTCHAR uni0016
ENCODING 22
SWIDTH 600 0
DWIDTH 12 0
BBX 12 20 0 -6
BITMAP
0000
0000
0000
0000
0000
0000
0000
0000
0000
0000
7FE0
7FE0
7FE0
7FE0
0000
0000
0000
0000
0000
0000
ENDCHAR
STARTCHAR uni0017
ENCODING 23
SWIDTH 600 0
DWIDTH 12 0
BBX 12 20 0 -6
BITMAP
0000
0400
0E00
1F00
0400
0400
0400
0400
0400
0400
0400
0400
1F00
0E00
0400
0000
7FC0
0000
0000
0000
ENDCHAR
STARTCHAR uni0018
ENCODING 24
SWIDTH 600 0
DWIDTH 12 0
BBX 12 20 0 -6
BITMAP
0000
0400
0E00
1F00
0400
0400
0400
0400
0400
0400
0400
0400
0400
0400
0400
0000
0000
0000
0000
0000
ENDCHAR
STARTCHAR uni0019
ENCODING 25
SWIDTH 600 0
DWIDTH 12 0
BBX 12 20 0 -6
BITMAP
0000
0400
0400
0400
0400
0400
0400
0400
0400
0400
0400
0400
1F00
0E00
0400
0000
0000
0000
0000
0000
ENDCHAR
STARTCHAR uni001A
ENCODING 26
SWIDTH 600 0
DWIDTH 12 0
BBX 12 20 0 -6
BITMAP
0000
0000
0000
0000
0000
0000
0080
00C0
7FE0
00C0
0080
0000
0000
0000
0000
0000
0000
0000
0000
0000
ENDCHAR
STARTCHAR uni001B
ENCODING 27
SWIDTH 600 0
DWIDTH 12 0
BBX 12 20 0 -6
BITMAP
0000
0000
0000
0000
0000
0000
1000
3000
7FE0
3000
1000
0000
0000
0000
0000
0000
0000
0000
0000
0000
ENDCHAR
STARTCHAR uni001C
ENCODING 28
SWIDTH 600 0
DWIDTH 12 0
BBX 12 20 0 -6
BITMAP
0000
0000
0000
0000
0000
0000
4000
4000
4000
4000
4000
4000
4000
7FE0
0000
0000
0000
0000
0000
0000
ENDCHAR
STARTCHAR uni001D
ENCODING 29
SWIDTH 600 0
DWIDTH 12 0
BBX 12 20 0 -6
BITMAP
0000
0000
0000
0000
0000
0000
1080
30C0
7FE0
30C0
1080
0000
0000
0000
0000
0000
0000
0000
0000
0000
ENDCHAR
STARTCHAR uni001E
ENCODING 30
SWIDTH 600 0
DWIDTH 12 0
BBX 12 20 0 -6
BITMAP
0000
0000
0400
0400
0E00
0E00
1F00
1F00
3F80
3F80
7FC0
7FC0
FFE0
FFE0
0000
0000
0000
0000
0000
0000
ENDCHAR
STARTCHAR uni001F
ENCODING 31
SWIDTH 600 0
DWIDTH 12 0
BBX 12 20 0 -6
BITMAP
0000
0000
FFE0
FFE0
7FC0
7FC0
3F80
3F80
1F00
1F00
0E00
0E00
0400
0400
0000
0000
0000
0000
0000
0000
ENDCHAR
STARTCHAR space
ENCODING 32
SWIDTH 600 0
DWIDTH 12 0
BBX 12 20 0 -6
BITMAP
0000
0000
0000
0000
0000
0000
0000
0000
0000
0000
0000
0000
0000
0000
0000
0000
0000
0000
0000
0000
ENDCHAR
STARTCHAR exclam
ENCODING 33
SWIDTH 600 0
DWIDTH 12 0
BBX 12 20 0 -6
BITMAP
0000
0000
0200
0700
0700
0700
0700
0200
0200
0200
0200
0000
0200
0700
0200
0000
0000
0000
0000
0000
ENDCHAR
STARTCHAR quotedbl
ENCODING 34
SWIDTH 600 0
DWIDTH 12 0
BBX 12 20 0 -6
BITMAP
0000
0880
1DC0
0880
0880
0880
0000
0000
0000
0000
0000
0000
0000
0000
0000
0000
0000
0000
0000
0000
ENDCHAR
STARTCHAR numbersign
ENCODING 35
SWIDTH 600 0
DWIDTH 12 0
BBX 12 20 0 -6
BITMAP
0000
0000
0880
0880
0880
7FE0
1100
1100
1100
1100
FFC0
2200
2200
2200
0000
0000
0000
0000
0000
0000
ENDCHAR
STARTCHAR dollar
ENCODING 36
SWIDTH 600 0
DWIDTH 12 0
BBX 12 20 0 -6
BITMAP
0200
0200
0FA0
1A60
3220
3200
3E00
1F80
03C0
02E0
0260
4260
62C0
5F80
0200
0200
0000
0000
0000
0000
ENDCHAR
STARTCHAR percent
ENCODING 37
SWIDTH 600 0
DWIDTH 12 0
BBX 12 20 0 -6
BITMAP
0000
0000
3C00
6620
6640
6680
3D00
0200
0400
0BC0
1660
2660
4660
03C0
0000
0000
0000
0000
0000
0000
ENDCHAR
STARTCHAR ampersand
ENCODING 38
SWIDTH 600 0
DWIDTH 12 0
BBX 12 20 0 -6
BITMAP
0000
0000
0E00
1B00
3180
3180
1B00
1C00
6600
C670
C320
C1C0
6190
1EE0
0000
0000
0000
0000
0000
0000
ENDCHAR
STARTCHAR quotesingle
ENCODING 39
SWIDTH 600 0
DWIDTH 12 0
BBX 12 20 0 -6
BITMAP
0000
0000
0400
0E00
0600
0200
0400
0000
0000
0000
0000
0000
0000
0000
0000
0000
0000
0000
0000
0000
ENDCHAR
STARTCHAR parenleft
ENCODING 40
SWIDTH 600 0
DWIDTH 12 0
BBX 12 20 0 -6
BITMAP
0100
0200
0200
0600
0600
0C00
0C00
0C00
0C00
0C00
0C00
0600
0600
0200
0200
0100
0000
0000
0000
0000
ENDCHAR
STARTCHAR parenright
ENCODING 41
SWIDTH 600 0
DWIDTH 12 0
BBX 12 20 0 -6
BITMAP
0800
0400
0400
0600
0600
0300
0300
0300
0300
0300
0300
0600
0600
0400
0400
0800
0000
0000
0000
0000
ENDCHAR
STARTCHAR asterisk
ENCODING 42
SWIDTH 600 0
DWIDTH 12 0
BBX 12 20 0 -6
BITMAP
0000
0000
0000
0000
0400
2480
1500
0E00
7FC0
0E00
1500
2480
0400
0000
0000
0000
0000
0000
0000
0000
ENDCHAR
STARTCHAR plus
ENCODING 43
SWIDTH 600 0
DWIDTH 12 0
BBX 12 20 0 -6
BITMAP
0000
0000
0000
0000
0400
0400
0400
0400
7FC0
0400
0400
0400
0400
0000
0000
0000
0000
0000
0000
0000
ENDCHAR
STARTCHAR comma
ENCODING 44
SWIDTH 600 0
DWIDTH 12 0
BBX 12 20 0 -6
BITMAP
0000
0000
0000
0000
0000
0000
0000
0000
0000
0000
0000
0400
0E00
0600
0200
0400
0000
0000
0000
0000
ENDCHAR
STARTCHAR hyphen
ENCODING 45
SWIDTH 600 0
DWIDTH 12 0
BBX 12 20 0 -6
BITMAP
0000
0000
0000
0000
0000
0000
0000
0000
7FC0
0000
0000
0000
0000
0000
0000
0000
0000
0000
0000
0000
ENDCHAR
STARTCHAR period
ENCODING 46
SWIDTH 600 0
DWIDTH 12 0
BBX 12 20 0 -6
BITMAP
0000
0000
0000
0000
0000
0000
0000
0000
0000
0000
0000
0400
0E00
0400
0000
0000
0000
0000
0000
0000
ENDCHAR
STARTCHAR slash
ENCODING 47
SWIDTH 600 0
DWIDTH 12 0
BBX 12 20 0 -6
BITMAP
0000
0040
0040
0080
0080
0100
0100
0200
0200
0400
0400
0800
0800
1000
1000
2000
2000
0000
0000
0000
ENDCHAR
STARTCHAR zero
ENCODING 48
SWIDTH 600 0
DWIDTH 12 0
BBX 12 20 0 -6
BITMAP
0000
0000
0F00
1080
30C0
6060
6660
6660
6660
6660
6060
30C0
1080
0F00
0000
0000
0000
0000
0000
0000
ENDCHAR
STARTCHAR one
ENCODING 49
SWIDTH 600 0
DWIDTH 12 0
BBX 12 20 0 -6
BITMAP
0000
0000
0200
0600
0E00
1600
0600
0600
0600
0600
0600
0600
0600
0F00
0000
0000
0000
0000
0000
0000
ENDCHAR
STARTCHAR two
ENCODING 50
SWIDTH 600 0
DWIDTH 12 0
BBX 12 20 0 -6
BITMAP
0000
0000
0F00
1F80
20C0
00C0
00C0
0180
0200
0400
0800
1020
3FE0
7FC0
0000
0000
0000
0000
0000
0000
ENDCHAR
STARTCHAR three
ENCODING 51
SWIDTH 600 0
DWIDTH 12 0
BBX 12 20 0 -6
BITMAP
0000
0000
1F80
3FC0
4060
0060
00C0
0780
01C0
0060
0060
6060
7FC0
1F80
0000
0000
0000
0000
0000
0000
ENDCHAR
STARTCHAR four
ENCODING 52
SWIDTH 600 0
DWIDTH 12 0
BBX 12 20 0 -6
BITMAP
0000
0000
0080
0180
0380
0580
0980
1180
2180
4180
7FE0
7FE0
0180
0180
0000
0000
0000
0000
0000
0000
ENDCHAR
STARTCHAR five
ENCODING 53
SWIDTH 600 0
DWIDTH 12 0
BBX 12 20 0 -6
BITMAP
0000
0000
3FE0
3FE0
6000
4000
5F00
7FC0
00E0
0060
0060
6060
70C0
1F80
0000
0000
0000
0000
0000
0000
ENDCHAR
STARTCHAR six
ENCODING 54
SWIDTH 600 0
DWIDTH 12 0
BBX 12 20 0 -6
BITMAP
0000
0000
0F80
1040
3000
6000
6000
6F80
70C0
6060
6060
30C0
1080
0F00
0000
0000
0000
0000
0000
0000
ENDCHAR
STARTCHAR seven
ENCODING 55
SWIDTH 600 0
DWIDTH 12 0
BBX 12 20 0 -6
BITMAP
0000
0000
3FE0
7FE0
4040
0040
0080
0080
0100
0100
0200
0200
0400
0400
0000
0000
0000
0000
0000
0000
ENDCHAR
STARTCHAR eight
ENCODING 56
SWIDTH 600 0
DWIDTH 12 0
BBX 12 20 0 -6
BITMAP
0000
0000
0F00
1080
30C0
30C0
1080
0F00
30C0
6060
6060
6060
30C0
1F80
0000
0000
0000
0000
0000
0000
ENDCHAR
STARTCHAR nine
ENCODING 57
SWIDTH 600 0
DWIDTH 12 0
BBX 12 20 0 -6
BITMAP
0000
0000
0F00
1080
30C0
6060
6060
30E0
1F60
0060
0060
00C0
2080
1F00
0000
0000
0000
0000
0000
0000
ENDCHAR
STARTCHAR colon
ENCODING 58
SWIDTH 600 0
DWIDTH 12 0
BBX 12 20 0 -6
BITMAP
0000
0000
0000
0000
0000
0400
0E00
0400
0000
0000
0000
0400
0E00
0400
0000
0000
0000
0000
0000
0000
ENDCHAR
STARTCHAR semicolon
ENCODING 59
SWIDTH 600 0
DWIDTH 12 0
BBX 12 20 0 -6
BITMAP
0000
0000
0000
0000
0000
0400
0E00
0400
0000
0000
0000
0400
0E00
0600
0200
0400
0000
0000
0000
0000
ENDCHAR
STARTCHAR less
ENCODING 60
SWIDTH 600 0
DWIDTH 12 0
BBX 12 20 0 -6
BITMAP
0000
0000
0080
0100
0200
0400
0800
1000
2000
1000
0800
0400
0200
0100
0080
0000
0000
0000
0000
0000
ENDCHAR
STARTCHAR equal
ENCODING 61
SWIDTH 600 0
DWIDTH 12 0
BBX 12 20 0 -6
BITMAP
0000
0000
0000
0000
0000
0000
7FC0
0000
0000
7FC0
0000
0000
0000
0000
0000
0000
0000
0000
0000
0000
ENDCHAR
STARTCHAR greater
ENCODING 62
SWIDTH 600 0
DWIDTH 12 0
BBX 12 20 0 -6
BITMAP
0000
0000
1000
0800
0400
0200
0100
0080
0040
0080
0100
0200
0400
0800
1000
0000
0000
0000
0000
0000
ENDCHAR
STARTCHAR question
ENCODING 63
SWIDTH 600 0
DWIDTH 12 0
BBX 12 20 0 -6
BITMAP
0000
0000
0F80
10C0
18C0
18C0
0180
0100
0200
0200
0200
0000
0200
0700
0200
0000
0000
0000
0000
0000
ENDCHAR
STARTCHAR at
ENCODING 64
SWIDTH 600 0
DWIDTH 12 0
BBX 12 20 0 -6
BITMAP
0000
0000
0000
0000
0000
1F80
2040
4020
8E90
9990
9990
9990
9990
8E60
4000
2020
1FC0
0000
0000
0000
ENDCHAR
STARTCHAR A
ENCODING 65
SWIDTH 600 0
DWIDTH 12 0
BBX 12 20 0 -6
BITMAP
0000
0000
0200
0700
0700
0B00
0980
0980
1180
1FC0
10C0
20C0
20C0
71E0
0000
0000
0000
0000
0000
0000
ENDCHAR
STARTCHAR B
ENCODING 66
SWIDTH 600 0
DWIDTH 12 0
BBX 12 20 0 -6
BITMAP
0000
0000
7F00
30C0
3060
3060
30C0
3F00
30C0
3060
3060
3060
30C0
7F00
0000
0000
0000
0000
0000
0000
ENDCHAR
STARTCHAR C
ENCODING 67
SWIDTH 600 0
DWIDTH 12 0
BBX 12 20 0 -6
BITMAP
0000
0000
0F80
1060
3020
6000
6000
6000
6000
6000
6000
3020
1040
0F80
0000
0000
0000
0000
0000
0000
ENDCHAR
STARTCHAR D
ENCODING 68
SWIDTH 600 0
DWIDTH 12 0
BBX 12 20 0 -6
BITMAP
0000
0000
7F00
3080
30C0
3060
3060
3060
3060
3060
3060
30C0
3080
7F00
0000
0000
0000
0000
0000
0000
ENDCHAR
STARTCHAR E
ENCODING 69
SWIDTH 600 0
DWIDTH 12 0
BBX 12 20 0 -6
BITMAP
0000
0000
7FE0
3020
3000
3000
3080
3F80
3080
3000
3000
3020
3060
7FE0
0000
0000
0000
0000
0000
0000
ENDCHAR
STARTCHAR F
ENCODING 70
SWIDTH 600 0
DWIDTH 12 0
BBX 12 20 0 -6
BITMAP
0000
0000
7FE0
3020
3000
3000
3080
3F80
3080
3000
3000
3000
3000
7800
0000
0000
0000
0000
0000
0000
ENDCHAR
STARTCHAR G
ENCODING 71
SWIDTH 600 0
DWIDTH 12 0
BBX 12 20 0 -6
BITMAP
0000
0000
0F80
1060
3020
6000
6000
6000
60F0
6060
6060
3060
1060
0FE0
0000
0000
0000
0000
0000
0000
ENDCHAR
STARTCHAR H
ENCODING 72
SWIDTH 600 0
DWIDTH 12 0
BBX 12 20 0 -6
BITMAP
0000
0000
79E0
30C0
30C0
30C0
30C0
3FC0
30C0
30C0
30C0
30C0
30C0
79E0
0000
0000
0000
0000
0000
0000
ENDCHAR
STARTCHAR I
ENCODING 73
SWIDTH 600 0
DWIDTH 12 0
BBX 12 20 0 -6
BITMAP
0000
0000
1F80
0600
0600
0600
0600
0600
0600
0600
0600
0600
0600
1F80
0000
0000
0000
0000
0000
0000
ENDCHAR
STARTCHAR J
ENCODING 74
SWIDTH 600 0
DWIDTH 12 0
BBX 12 20 0 -6
BITMAP
0000
0000
0780
0300
0300
0300
0300
0300
0300
0300
0300
3300
3300
1E00
0000
0000
0000
0000
0000
0000
ENDCHAR
STARTCHAR K
ENCODING 75
SWIDTH 600 0
DWIDTH 12 0
BBX 12 20 0 -6
BITMAP
0000
0000
79E0
3080
3100
3200
3400
3800
3C00
3600
3300
3180
30C0
79E0
0000
0000
0000
0000
0000
0000
ENDCHAR
STARTCHAR L
ENCODING 76
SWIDTH 600 0
DWIDTH 12 0
BBX 12 20 0 -6
BITMAP
0000
0000
7800
3000
3000
3000
3000
3000
3000
3000
3000
3020
3060
7FC0
0000
0000
0000
0000
0000
0000
ENDCHAR
STARTCHAR M
ENCODING 77
SWIDTH 600 0
DWIDTH 12 0
BBX 12 20 0 -6
BITMAP
0000
0000
C030
6060
70E0
70E0
5960
5960
4E60
4E60
4460
4060
4060
E0F0
0000
0000
0000
0000
0000
0000
ENDCHAR
STARTCHAR N
ENCODING 78
SWIDTH 600 0
DWIDTH 12 0
BBX 12 20 0 -6
BITMAP
0000
0000
60E0
2040
3040
3840
3C40
2E40
2740
23C0
21C0
20C0
20C0
70C0
0000
0000
0000
0000
0000
0000
ENDCHAR
STARTCHAR O
ENCODING 79
SWIDTH 600 0
DWIDTH 12 0
BBX 12 20 0 -6
BITMAP
0000
0000
0F00
1080
30C0
6060
6060
6060
6060
6060
6060
30C0
1080
0F00
0000
0000
0000
0000
0000
0000
ENDCHAR
STARTCHAR P
ENCODING 80
SWIDTH 600 0
DWIDTH 12 0
BBX 12 20 0 -6
BITMAP
0000
0000
7F00
30C0
3060
3060
3060
30C0
3F00
3000
3000
3000
3000
7800
0000
0000
0000
0000
0000
0000
ENDCHAR
STARTCHAR Q
ENCODING 81
SWIDTH 600 0
DWIDTH 12 0
BBX 12 20 0 -6
BITMAP
0000
0000
0F00
1080
30C0
6060
6060
6060
6060
6060
6060
30C0
1080
0F00
0300
0180
0040
0000
0000
0000
ENDCHAR
STARTCHAR R
ENCODING 82
SWIDTH 600 0
DWIDTH 12 0
BBX 12 20 0 -6
BITMAP
0000
0000
7F00
30C0
3060
3060
3060
30C0
3F00
3600
3300
3180
30C0
7860
0000
0000
0000
0000
0000
0000
ENDCHAR
STARTCHAR S
ENCODING 83
SWIDTH 600 0
DWIDTH 12 0
BBX 12 20 0 -6
BITMAP
0000
0000
0FA0
1860
3020
3000
3C00
1F80
03C0
00E0
0060
4060
60C0
5F80
0000
0000
0000
0000
0000
0000
ENDCHAR
STARTCHAR T
ENCODING 84
SWIDTH 600 0
DWIDTH 12 0
BBX 12 20 0 -6
BITMAP
0000
0000
7FE0
4620
0600
0600
0600
0600
0600
0600
0600
0600
0600
0F00
0000
0000
0000
0000
0000
0000
ENDCHAR
STARTCHAR U
ENCODING 85
SWIDTH 600 0
DWIDTH 12 0
BBX 12 20 0 -6
BITMAP
0000
0000
78E0
3040
3040
3040
3040
3040
3040
3040
3040
3040
1880
0F00
0000
0000
0000
0000
0000
0000
ENDCHAR
STARTCHAR V
ENCODING 86
SWIDTH 600 0
DWIDTH 12 0
BBX 12 20 0 -6
BITMAP
0000
0000
78E0
3040
3040
38C0
1880
1880
1D80
0D00
0D00
0D00
0600
0200
0000
0000
0000
0000
0000
0000
ENDCHAR
STARTCHAR W
ENCODING 87
SWIDTH 600 0
DWIDTH 12 0
BBX 12 20 0 -6
BITMAP
0000
0000
F070
6020
6020
6220
7260
3240
3340
3FC0
1F80
1B80
1980
0880
0000
0000
0000
0000
0000
0000
ENDCHAR
STARTCHAR X
ENCODING 88
SWIDTH 600 0
DWIDTH 12 0
BBX 12 20 0 -6
BITMAP
0000
0000
78E0
3040
1880
1880
0D00
0D00
0600
0B00
1180
1180
20C0
71E0
0000
0000
0000
0000
0000
0000
ENDCHAR
STARTCHAR Y
ENCODING 89
SWIDTH 600 0
DWIDTH 12 0
BBX 12 20 0 -6
BITMAP
0000
0000
78E0
3040
1880
1880
0D00
0D00
0600
0600
0600
0600
0600
0F00
0000
0000
0000
0000
0000
0000
ENDCHAR
STARTCHAR Z
ENCODING 90
SWIDTH 600 0
DWIDTH 12 0
BBX 12 20 0 -6
BITMAP
0000
0000
3FE0
6060
4060
00C0
0180
0300
0600
0C00
1800
3020
6060
7FC0
0000
0000
0000
0000
0000
0000
ENDCHAR
STARTCHAR bracketleft
ENCODING 91
SWIDTH 600 0
DWIDTH 12 0
BBX 12 20 0 -6
BITMAP
0F80
0C00
0C00
0C00
0C00
0C00
0C00
0C00
0C00
0C00
0C00
0C00
0C00
0C00
0C00
0F80
0000
0000
0000
0000
ENDCHAR
STARTCHAR backslash
ENCODING 92
SWIDTH 600 0
DWIDTH 12 0
BBX 12 20 0 -6
BITMAP
0000
2000
2000
1000
1000
0800
0800
0400
0400
0200
0200
0100
0100
0080
0080
0040
0040
0000
0000
0000
ENDCHAR
STARTCHAR bracketright
ENCODING 93
SWIDTH 600 0
DWIDTH 12 0
BBX 12 20 0 -6
BITMAP
1F00
0300
0300
0300
0300
0300
0300
0300
0300
0300
0300
0300
0300
0300
0300
1F00
0000
0000
0000
0000
ENDCHAR
STARTCHAR asciicircum
ENCODING 94
SWIDTH 600 0
DWIDTH 12 0
BBX 12 20 0 -6
BITMAP
0400
0A00
1100
0000
0000
0000
0000
0000
0000
0000
0000
0000
0000
0000
0000
0000
0000
0000
0000
0000
ENDCHAR
STARTCHAR underscore
ENCODING 95
SWIDTH 600 0
DWIDTH 12 0
BBX 12 20 0 -6
BITMAP
0000
0000
0000
0000
0000
0000
0000
0000
0000
0000
0000
0000
0000
0000
0000
0000
0000
0000
0000
FFF0
ENDCHAR
STARTCHAR grave
ENCODING 96
SWIDTH 600 0
DWIDTH 12 0
BBX 12 20 0 -6
BITMAP
0000
0400
0800
0C00
0E00
0400
0000
0000
0000
0000
0000
0000
0000
0000
0000
0000
0000
0000
0000
0000
ENDCHAR
STARTCHAR a
ENCODING 97
SWIDTH 600 0
DWIDTH 12 0
BBX 12 20 0 -6
BITMAP
0000
0000
0000
0000
0000
1F00
0080
00C0
0FC0
30C0
60C0
60C0
31C0
0EE0
0000
0000
0000
0000
0000
0000
ENDCHAR
STARTCHAR b
ENCODING 98
SWIDTH 600 0
DWIDTH 12 0
BBX 12 20 0 -6
BITMAP
0000
0000
7000
3000
3000
3700
38C0
3060
3060
3060
3060
3060
38C0
7700
0000
0000
0000
0000
0000
0000
ENDCHAR
STARTCHAR c
ENCODING 99
SWIDTH 600 0
DWIDTH 12 0
BBX 12 20 0 -6
BITMAP
0000
0000
0000
0000
0000
1F80
30C0
6020
6000
6000
6000
6020
30C0
1F80
0000
0000
0000
0000
0000
0000
ENDCHAR
STARTCHAR d
ENCODING 100
SWIDTH 600 0
DWIDTH 12 0
BBX 12 20 0 -6
BITMAP
0000
0000
01C0
00C0
00C0
0EC0
31C0
60C0
60C0
60C0
60C0
60C0
21C0
1EE0
0000
0000
0000
0000
0000
0000
ENDCHAR
STARTCHAR e
ENCODING 101
SWIDTH 600 0
DWIDTH 12 0
BBX 12 20 0 -6
BITMAP
0000
0000
0000
0000
0000
0F00
30C0
6060
6060
7FE0
6000
6000
3020
0FC0
0000
0000
0000
0000
0000
0000
ENDCHAR
STARTCHAR f
ENCODING 102
SWIDTH 600 0
DWIDTH 12 0
BBX 12 20 0 -6
BITMAP
0000
0000
0380
04C0
0C00
0C00
3F00
0C00
0C00
0C00
0C00
0C00
0C00
1E00
0000
0000
0000
0000
0000
0000
ENDCHAR
STARTCHAR g
ENCODING 103
SWIDTH 600 0
DWIDTH 12 0
BBX 12 20 0 -6
BITMAP
0000
0000
0000
0000
0000
0EC0
1100
3180
3180
1F00
0800
0F80
00C0
3060
6060
30C0
1F80
0000
0000
0000
ENDCHAR
STARTCHAR h
ENCODING 104
SWIDTH 600 0
DWIDTH 12 0
BBX 12 20 0 -6
BITMAP
0000
0000
7000
3000
3000
3600
3980
30C0
30C0
30C0
30C0
30C0
30C0
79E0
0000
0000
0000
0000
0000
0000
ENDCHAR
STARTCHAR i
ENCODING 105
SWIDTH 600 0
DWIDTH 12 0
BBX 12 20 0 -6
BITMAP
0000
0000
0600
0600
0000
0E00
0600
0600
0600
0600
0600
0600
0600
0300
0000
0000
0000
0000
0000
0000
ENDCHAR
STARTCHAR j
ENCODING 106
SWIDTH 600 0
DWIDTH 12 0
BBX 12 20 0 -6
BITMAP
0000
0000
0180
0180
0000
0380
0180
0180
0180
0180
0180
0180
0180
1980
1980
0F00
0000
0000
0000
0000
ENDCHAR
STARTCHAR k
ENCODING 107
SWIDTH 600 0
DWIDTH 12 0
BBX 12 20 0 -6
BITMAP
0000
0000
7000
3000
3000
31C0
3100
3200
3400
3C00
3600
3300
3180
79E0
0000
0000
0000
0000
0000
0000
ENDCHAR
STARTCHAR l
ENCODING 108
SWIDTH 600 0
DWIDTH 12 0
BBX 12 20 0 -6
BITMAP
0000
0000
0E00
0600
0600
0600
0600
0600
0600
0600
0600
0600
0600
0300
0000
0000
0000
0000
0000
0000
ENDCHAR
STARTCHAR m
ENCODING 109
SWIDTH 600 0
DWIDTH 12 0
BBX 12 20 0 -6
BITMAP
0000
0000
0000
0000
0000
ECC0
7760
6660
6660
6660
6660
6660
6660
F6F0
0000
0000
0000
0000
0000
0000
ENDCHAR
STARTCHAR n
ENCODING 110
SWIDTH 600 0
DWIDTH 12 0
BBX 12 20 0 -6
BITMAP
0000
0000
0000
0000
0000
7700
3980
30C0
30C0
30C0
30C0
30C0
30C0
79E0
0000
0000
0000
0000
0000
0000
ENDCHAR
STARTCHAR o
ENCODING 111
SWIDTH 600 0
DWIDTH 12 0
BBX 12 20 0 -6
BITMAP
0000
0000
0000
0000
0000
0F00
30C0
6060
6060
6060
6060
6060
30C0
0F00
0000
0000
0000
0000
0000
0000
ENDCHAR
STARTCHAR p
ENCODING 112
SWIDTH 600 0
DWIDTH 12 0
BBX 12 20 0 -6
BITMAP
0000
0000
0000
0000
0000
7700
38C0
3060
3060
3060
3060
3060
38C0
3700
3000
3000
7800
0000
0000
0000
ENDCHAR
STARTCHAR q
ENCODING 113
SWIDTH 600 0
DWIDTH 12 0
BBX 12 20 0 -6
BITMAP
0000
0000
0000
0000
0000
0EC0
31C0
60C0
60C0
60C0
60C0
60C0
31C0
0EC0
00C0
00C0
01E0
0000
0000
0000
ENDCHAR
STARTCHAR r
ENCODING 114
SWIDTH 600 0
DWIDTH 12 0
BBX 12 20 0 -6
BITMAP
0000
0000
0000
0000
0000
7380
34C0
3800
3000
3000
3000
3000
3000
7800
0000
0000
0000
0000
0000
0000
ENDCHAR
STARTCHAR s
ENCODING 115
SWIDTH 600 0
DWIDTH 12 0
BBX 12 20 0 -6
BITMAP
0000
0000
0000
0000
0000
1F80
38C0
3000
3800
1F80
00E0
6060
70E0
3FC0
0000
0000
0000
0000
0000
0000
ENDCHAR
STARTCHAR t
ENCODING 116
SWIDTH 600 0
DWIDTH 12 0
BBX 12 20 0 -6
BITMAP
0000
0000
0200
0600
0600
1F80
0600
0600
0600
0600
0600
0600
0640
0380
0000
0000
0000
0000
0000
0000
ENDCHAR
STARTCHAR u
ENCODING 117
SWIDTH 600 0
DWIDTH 12 0
BBX 12 20 0 -6
BITMAP
0000
0000
0000
0000
0000
71C0
30C0
30C0
30C0
30C0
30C0
30C0
19C0
0EE0
0000
0000
0000
0000
0000
0000
ENDCHAR
STARTCHAR v
ENCODING 118
SWIDTH 600 0
DWIDTH 12 0
BBX 12 20 0 -6
BITMAP
0000
0000
0000
0000
0000
78E0
3040
1840
1880
0C80
0D00
0700
0600
0200
0000
0000
0000
0000
0000
0000
ENDCHAR
STARTCHAR w
ENCODING 119
SWIDTH 600 0
DWIDTH 12 0
BBX 12 20 0 -6
BITMAP
0000
0000
0000
0000
0000
F070
6020
6220
3340
3740
3740
1980
1980
1080
0000
0000
0000
0000
0000
0000
ENDCHAR
STARTCHAR x
ENCODING 120
SWIDTH 600 0
DWIDTH 12 0
BBX 12 20 0 -6
BITMAP
0000
0000
0000
0000
0000
78E0
3040
1880
0D00
0600
0700
0980
10C0
71E0
0000
0000
0000
0000
0000
0000
ENDCHAR
STARTCHAR y
ENCODING 121
SWIDTH 600 0
DWIDTH 12 0
BBX 12 20 0 -6
BITMAP
0000
0000
0000
0000
0000
78E0
3040
1840
1880
0C80
0D00
0700
0600
0200
0400
6400
3800
0000
0000
0000
ENDCHAR
STARTCHAR z
ENCODING 122
SWIDTH 600 0
DWIDTH 12 0
BBX 12 20 0 -6
BITMAP
0000
0000
0000
0000
0000
7FE0
40C0
0180
0300
0600
0C00
1800
3020
7FE0
0000
0000
0000
0000
0000
0000
ENDCHAR
STARTCHAR braceleft
ENCODING 123
SWIDTH 600 0
DWIDTH 12 0
BBX 12 20 0 -6
BITMAP
0180
0200
0600
0600
0600
0600
0600
0400
1800
0400
0600
0600
0600
0600
0600
0200
0180
0000
0000
0000
ENDCHAR
STARTCHAR bar
ENCODING 124
SWIDTH 600 0
DWIDTH 12 0
BBX 12 20 0 -6
BITMAP
0000
0400
0400
0400
0400
0400
0400
0400
0400
0400
0400
0400
0400
0400
0400
0400
0400
0000
0000
0000
ENDCHAR
STARTCHAR braceright
ENCODING 125
SWIDTH 600 0
DWIDTH 12 0
BBX 12 20 0 -6
BITMAP
1800
0400
0600
0600
0600
0600
0600
0200
0180
0200
0600
0600
0600
0600
0600
0400
1800
0000
0000
0000
ENDCHAR
STARTCHAR asciitilde
ENCODING 126
SWIDTH 600 0
DWIDTH 12 0
BBX 12 20 0 -6
BITMAP
0C80
1300
0000
0000
0000
0000
0000
0000
0000
0000
0000
0000
0000
0000
0000
0000
0000
0000
0000
0000
ENDCHAR
STARTCHAR uni007F
ENCODING 127
SWIDTH 600 0
DWIDTH 12 0
BBX 12 20 0 -6
BITMAP
0000
0000
0000
0600
0900
1080
2040
4020
4020
4020
4020
4020
4020
7FE0
0000
0000
0000
0000
0000
0000
ENDCHAR
STARTCHAR uni00A0
ENCODING 160
SWIDTH 600 0
DWIDTH 12 0
BBX 12 20 0 -6
BITMAP
0000
0000
0000
0000
0000
0000
0000
0000
0000
0000
0000
0000
0000
0000
0000
0000
0000
0000
0000
0000
ENDCHAR
STARTCHAR exclamdown
ENCODING 161
SWIDTH 600 0
DWIDTH 12 0
BBX 12 20 0 -6
BITMAP
0000
0200
0700
0200
0000
0200
0200
0200
0200
0700
0700
0700
0700
0200
0000
0000
0000
0000
0000
0000
ENDCHAR
STARTCHAR cent
ENCODING 162
SWIDTH 600 0
DWIDTH 12 0
BBX 12 20 0 -6
BITMAP
0000
0000
0000
0600
0600
1F80
30C0
6020
6000
6000
6000
6020
30C0
1F80
0600
0600
0000
0000
0000
0000
ENDCHAR
STARTCHAR sterling
ENCODING 163
SWIDTH 600 0
DWIDTH 12 0
BBX 12 20 0 -6
BITMAP
0000
0000
0780
0CC0
18C0
1800
1800
7E00
7E00
1800
0800
3C20
4BC0
31C0
0000
0000
0000
0000
0000
0000
ENDCHAR
STARTCHAR currency
ENCODING 164
SWIDTH 600 0
DWIDTH 12 0
BBX 12 20 0 -6
BITMAP
0000
0000
0000
0000
4020
2F40
1080
2040
2040
2040
2040
2040
1080
2F40
4020
0000
0000
0000
0000
0000
ENDCHAR
STARTCHAR yen
ENCODING 165
SWIDTH 600 0
DWIDTH 12 0
BBX 12 20 0 -6
BITMAP
0000
0000
78E0
3040
1880
1880
0D00
0D00
3FC0
0600
3FC0
0600
0600
0F00
0000
0000
0000
0000
0000
0000
ENDCHAR
STARTCHAR brokenbar
ENCODING 166
SWIDTH 600 0
DWIDTH 12 0
BBX 12 20 0 -6
BITMAP
0000
0200
0200
0200
0200
0200
0200
0200
0000
0000
0200
0200
0200
0200
0200
0200
0200
0000
0000
0000
ENDCHAR
STARTCHAR section
ENCODING 167
SWIDTH 600 0
DWIDTH 12 0
BBX 12 20 0 -6
BITMAP
0000
0000
0FA0
1860
3020
3800
1F80
18C0
3060
3060
3060
18C0
0FC0
00E0
2060
30C0
2F80
0000
0000
0000
ENDCHAR
STARTCHAR dieresis
ENCODING 168
SWIDTH 600 0
DWIDTH 12 0
BBX 12 20 0 -6
BITMAP
1980
1980
0000
0000
0000
0000
0000
0000
0000
0000
0000
0000
0000
0000
0000
0000
0000
0000
0000
0000
ENDCHAR
STARTCHAR copyright
ENCODING 169
SWIDTH 600 0
DWIDTH 12 0
BBX 12 20 0 -6
BITMAP
0000
3F80
4040
8020
8E20
9120
9020
9020
9120
8E20
8020
4040
3F80
0000
0000
0000
0000
0000
0000
0000
ENDCHAR
STARTCHAR ordfeminine
ENCODING 170
SWIDTH 600 0
DWIDTH 12 0
BBX 12 20 0 -6
BITMAP
1F00
0080
00C0
1FC0
30C0
30C0
31C0
1EE0
0000
3FE0
0000
0000
0000
0000
0000
0000
0000
0000
0000
0000
ENDCHAR
STARTCHAR guillemotleft
ENCODING 171
SWIDTH 600 0
DWIDTH 12 0
BBX 12 20 0 -6
BITMAP
0000
0000
0000
0220
0440
0880
1100
2200
4400
2200
1100
0880
0440
0220
0000
0000
0000
0000
0000
0000
ENDCHAR
STARTCHAR logicalnot
ENCODING 172
SWIDTH 600 0
DWIDTH 12 0
BBX 12 20 0 -6
BITMAP
0000
0000
0000
0000
0000
0000
7FE0
0020
0020
0020
0020
0020
0020
0020
0000
0000
0000
0000
0000
0000
ENDCHAR
STARTCHAR uni00AD
ENCODING 173
SWIDTH 600 0
DWIDTH 12 0
BBX 12 20 0 -6
BITMAP
0000
0000
0000
0000
0000
0000
0000
0000
0000
1F80
0000
0000
0000
0000
0000
0000
0000
0000
0000
0000
ENDCHAR
STARTCHAR registered
ENCODING 174
SWIDTH 600 0
DWIDTH 12 0
BBX 12 20 0 -6
BITMAP
0000
3F80
4040
8020
9E20
9120
9120
9E20
9220
9120
8020
4040
3F80
0000
0000
0000
0000
0000
0000
0000
ENDCHAR
STARTCHAR macron
ENCODING 175
SWIDTH 600 0
DWIDTH 12 0
BBX 12 20 0 -6
BITMAP
0000
0000
7FE0
0000
0000
0000
0000
0000
0000
0000
0000
0000
0000
0000
0000
0000
0000
0000
0000
0000
ENDCHAR
STARTCHAR degree
ENCODING 176
SWIDTH 600 0
DWIDTH 12 0
BBX 12 20 0 -6
BITMAP
0000
0E00
1100
1100
1100
0E00
0000
0000
0000
0000
0000
0000
0000
0000
0000
0000
0000
0000
0000
0000
ENDCHAR
STARTCHAR plusminus
ENCODING 177
SWIDTH 600 0
DWIDTH 12 0
BBX 12 20 0 -6
BITMAP
0000
0000
0000
0400
0400
0400
7FC0
0400
0400
0400
0000
0000
7FC0
0000
0000
0000
0000
0000
0000
0000
ENDCHAR
STARTCHAR uni00B2
ENCODING 178
SWIDTH 600 0
DWIDTH 12 0
BBX 12 20 0 -6
BITMAP
0E00
1300
0300
0300
0200
0400
0F00
1F00
0000
0000
0000
0000
0000
0000
0000
0000
0000
0000
0000
0000
ENDCHAR
STARTCHAR uni00B3
ENCODING 179
SWIDTH 600 0
DWIDTH 12 0
BBX 12 20 0 -6
BITMAP
0E00
1300
0300
0600
0300
0300
1300
0E00
0000
0000
0000
0000
0000
0000
0000
0000
0000
0000
0000
0000
ENDCHAR
STARTCHAR acute
ENCODING 180
SWIDTH 600 0
DWIDTH 12 0
BBX 12 20 0 -6
BITMAP
0100
0300
0400
0000
0000
0000
0000
0000
0000
0000
0000
0000
0000
0000
0000
0000
0000
0000
0000
0000
ENDCHAR
STARTCHAR mu
ENCODING 181
SWIDTH 600 0
DWIDTH 12 0
BBX 12 20 0 -6
BITMAP
0000
0000
0000
0000
0000
71C0
30C0
30C0
30C0
30C0
30C0
30C0
39C0
3EE0
3000
3000
3000
0000
0000
0000
ENDCHAR
STARTCHAR paragraph
ENCODING 182
SWIDTH 600 0
DWIDTH 12 0
BBX 12 20 0 -6
BITMAP
0000
0000
1FE0
3CC0
7CC0
7CC0
7CC0
3CC0
1CC0
0CC0
0CC0
0CC0
0CC0
0CC0
0000
0000
0000
0000
0000
0000
ENDCHAR
STARTCHAR periodcentered
ENCODING 183
SWIDTH 600 0
DWIDTH 12 0
BBX 12 20 0 -6
BITMAP
0000
0000
0000
0000
0000
0000
0000
0400
0E00
0400
0000
0000
0000
0000
0000
0000
0000
0000
0000
0000
ENDCHAR
STARTCHAR cedilla
ENCODING 184
SWIDTH 600 0
DWIDTH 12 0
BBX 12 20 0 -6
BITMAP
0000
0000
0000
0000
0000
0000
0000
0000
0000
0000
0000
0000
0000
0000
0200
0100
0700
0000
0000
0000
ENDCHAR
STARTCHAR uni00B9
ENCODING 185
SWIDTH 600 0
DWIDTH 12 0
BBX 12 20 0 -6
BITMAP
0200
0600
0E00
0600
0600
0600
0600
0F00
0000
0000
0000
0000
0000
0000
0000
0000
0000
0000
0000
0000
ENDCHAR
STARTCHAR ordmasculine
ENCODING 186
SWIDTH 600 0
DWIDTH 12 0
BBX 12 20 0 -6
BITMAP
0700
18C0
3060
3060
3060
3060
18C0
0700
0000
3FE0
0000
0000
0000
0000
0000
0000
0000
0000
0000
0000
ENDCHAR
STARTCHAR guillemotright
ENCODING 187
SWIDTH 600 0
DWIDTH 12 0
BBX 12 20 0 -6
BITMAP
0000
0000
0000
4400
2200
1100
0880
0440
0220
0440
0880
1100
2200
4400
0000
0000
0000
0000
0000
0000
ENDCHAR
STARTCHAR onequarter
ENCODING 188
SWIDTH 600 0
DWIDTH 12 0
BBX 12 20 0 -6
BITMAP
0000
1000
3000
7040
3080
3100
32C0
7DC0
0AC0
14C0
24C0
47E0
00C0
00C0
0000
0000
0000
0000
0000
0000
ENDCHAR
STARTCHAR onehalf
ENCODING 189
SWIDTH 600 0
DWIDTH 12 0
BBX 12 20 0 -6
BITMAP
0000
1000
3000
7040
3080
3100
3200
7DC0
0A60
1060
2040
4080
01E0
03E0
0000
0000
0000
0000
0000
0000
ENDCHAR
STARTCHAR threequarters
ENCODING 190
SWIDTH 600 0
DWIDTH 12 0
BBX 12 20 0 -6
BITMAP
0000
3800
4C00
0C40
1880
0D00
4EC0
3DC0
0AC0
14C0
24C0
47E0
00C0
00C0
0000
0000
0000
0000
0000
0000
ENDCHAR
STARTCHAR questiondown
ENCODING 191
SWIDTH 600 0
DWIDTH 12 0
BBX 12 20 0 -6
BITMAP
0000
0400
0E00
0400
0000
0400
0400
0400
0800
1800
3180
3180
3080
1F00
0000
0000
0000
0000
0000
0000
ENDCHAR
STARTCHAR Agrave
ENCODING 192
SWIDTH 600 0
DWIDTH 12 0
BBX 12 20 0 -6
BITMAP
0800
0C00
0200
0200
0700
0700
0B00
0B80
1180
1180
1FC0
20C0
20C0
71E0
0000
0000
0000
0000
0000
0000
ENDCHAR
STARTCHAR Aacute
ENCODING 193
SWIDTH 600 0
DWIDTH 12 0
BBX 12 20 0 -6
BITMAP
0100
0300
0400
0200
0700
0700
0B00
0B80
1180
1180
1FC0
20C0
20C0
71E0
0000
0000
0000
0000
0000
0000
ENDCHAR
STARTCHAR Acircumflex
ENCODING 194
SWIDTH 600 0
DWIDTH 12 0
BBX 12 20 0 -6
BITMAP
0200
0500
0880
0200
0700
0700
0B00
0B80
1180
1180
1FC0
20C0
20C0
71E0
0000
0000
0000
0000
0000
0000
ENDCHAR
STARTCHAR Atilde
ENCODING 195
SWIDTH 600 0
DWIDTH 12 0
BBX 12 20 0 -6
BITMAP
0C80
1300
0000
0200
0700
0700
0B00
0B80
1180
1180
1FC0
20C0
20C0
71E0
0000
0000
0000
0000
0000
0000
ENDCHAR
STARTCHAR Adieresis
ENCODING 196
SWIDTH 600 0
DWIDTH 12 0
BBX 12 20 0 -6
BITMAP
1980
1980
0000
0200
0600
0700
0B00
0980
0980
1180
1FC0
20C0
20C0
71E0
0000
0000
0000
0000
0000
0000
ENDCHAR
STARTCHAR Aring
ENCODING 197
SWIDTH 600 0
DWIDTH 12 0
BBX 12 20 0 -6
BITMAP
0600
0900
0900
0600
0600
0700
0B00
0980
0980
1180
1FC0
20C0
20C0
71E0
0000
0000
0000
0000
0000
0000
ENDCHAR
STARTCHAR AE
ENCODING 198
SWIDTH 600 0
DWIDTH 12 0
BBX 12 20 0 -6
BITMAP
0000
0000
03E0
0720
0B00
1300
3340
33C0
3F40
3300
3300
3300
3320
7BE0
0000
0000
0000
0000
0000
0000
ENDCHAR
STARTCHAR Ccedilla
ENCODING 199
SWIDTH 600 0
DWIDTH 12 0
BBX 12 20 0 -6
BITMAP
0000
0000
0F80
1060
3020
6000
6000
6000
6000
6000
6000
3020
1040
0F80
0200
0100
0700
0000
0000
0000
ENDCHAR
STARTCHAR Egrave
ENCODING 200
SWIDTH 600 0
DWIDTH 12 0
BBX 12 20 0 -6
BITMAP
0800
0C00
0200
7FE0
3020
3000
3000
3040
3FC0
3040
3000
3020
3060
7FE0
0000
0000
0000
0000
0000
0000
ENDCHAR
STARTCHAR Eacute
ENCODING 201
SWIDTH 600 0
DWIDTH 12 0
BBX 12 20 0 -6
BITMAP
0100
0300
0400
7FE0
3020
3000
3000
3080
3F80
3080
3000
3020
3060
7FE0
0000
0000
0000
0000
0000
0000
ENDCHAR
STARTCHAR Ecircumflex
ENCODING 202
SWIDTH 600 0
DWIDTH 12 0
BBX 12 20 0 -6
BITMAP
0200
0500
0880
7FE0
3020
3000
3000
3040
3FC0
3040
3000
3020
3060
7FE0
0000
0000
0000
0000
0000
0000
ENDCHAR
STARTCHAR Edieresis
ENCODING 203
SWIDTH 600 0
DWIDTH 12 0
BBX 12 20 0 -6
BITMAP
1980
1980
0000
7FE0
3020
3000
3000
3040
3FC0
3040
3000
3020
3060
7FE0
0000
0000
0000
0000
0000
0000
ENDCHAR
STARTCHAR Igrave
ENCODING 204
SWIDTH 600 0
DWIDTH 12 0
BBX 12 20 0 -6
BITMAP
0800
0C00
0200
0F00
0600
0600
0600
0600
0600
0600
0600
0600
0600
0F00
0000
0000
0000
0000
0000
0000
ENDCHAR
STARTCHAR Iacute
ENCODING 205
SWIDTH 600 0
DWIDTH 12 0
BBX 12 20 0 -6
BITMAP
0100
0300
0400
0F00
0600
0600
0600
0600
0600
0600
0600
0600
0600
0F00
0000
0000
0000
0000
0000
0000
ENDCHAR
STARTCHAR Icircumflex
ENCODING 206
SWIDTH 600 0
DWIDTH 12 0
BBX 12 20 0 -6
BITMAP
0200
0500
0880
0F00
0600
0600
0600
0600
0600
0600
0600
0600
0600
0F00
0000
0000
0000
0000
0000
0000
ENDCHAR
STARTCHAR Idieresis
ENCODING 207
SWIDTH 600 0
DWIDTH 12 0
BBX 12 20 0 -6
BITMAP
1980
1980
0000
0F00
0600
0600
0600
0600
0600
0600
0600
0600
0600
0F00
0000
0000
0000
0000
0000
0000
ENDCHAR
STARTCHAR Eth
ENCODING 208
SWIDTH 600 0
DWIDTH 12 0
BBX 12 20 0 -6
BITMAP
0000
0000
7F00
3080
30C0
3060
3060
FC60
3060
3060
3060
30C0
3080
7F00
0000
0000
0000
0000
0000
0000
ENDCHAR
STARTCHAR Ntilde
ENCODING 209
SWIDTH 600 0
DWIDTH 12 0
BBX 12 20 0 -6
BITMAP
0C80
1300
0000
60E0
2040
3040
3840
3C40
2E40
2740
23C0
21C0
20C0
70C0
0000
0000
0000
0000
0000
0000
ENDCHAR
STARTCHAR Ograve
ENCODING 210
SWIDTH 600 0
DWIDTH 12 0
BBX 12 20 0 -6
BITMAP
0800
0C00
0200
0F00
1080
30C0
6060
6060
6060
6060
6060
30C0
1080
0F00
0000
0000
0000
0000
0000
0000
ENDCHAR
STARTCHAR Oacute
ENCODING 211
SWIDTH 600 0
DWIDTH 12 0
BBX 12 20 0 -6
BITMAP
0100
0300
0400
0F00
1080
30C0
6060
6060
6060
6060
6060
30C0
1080
0F00
0000
0000
0000
0000
0000
0000
ENDCHAR
STARTCHAR Ocircumflex
ENCODING 212
SWIDTH 600 0
DWIDTH 12 0
BBX 12 20 0 -6
BITMAP
0200
0500
0880
0F00
1080
30C0
6060
6060
6060
6060
6060
30C0
1080
0F00
0000
0000
0000
0000
0000
0000
ENDCHAR
STARTCHAR Otilde
ENCODING 213
SWIDTH 600 0
DWIDTH 12 0
BBX 12 20 0 -6
BITMAP
0C80
1300
0000
0F00
1080
30C0
6060
6060
6060
6060
6060
30C0
1080
0F00
0000
0000
0000
0000
0000
0000
ENDCHAR
STARTCHAR Odieresis
ENCODING 214
SWIDTH 600 0
DWIDTH 12 0
BBX 12 20 0 -6
BITMAP
1980
1980
0000
0F00
1080
30C0
6060
6060
6060
6060
6060
30C0
1080
0F00
0000
0000
0000
0000
0000
0000
ENDCHAR
STARTCHAR multiply
ENCODING 215
SWIDTH 600 0
DWIDTH 12 0
BBX 12 20 0 -6
BITMAP
0000
0000
0000
0000
4040
2080
1100
0A00
0400
0A00
1100
2080
4040
0000
0000
0000
0000
0000
0000
0000
ENDCHAR
STARTCHAR Oslash
ENCODING 216
SWIDTH 600 0
DWIDTH 12 0
BBX 12 20 0 -6
BITMAP
0000
0000
0F20
10C0
30C0
6160
6160
6260
6460
6460
6860
30C0
3080
4F00
0000
0000
0000
0000
0000
0000
ENDCHAR
STARTCHAR Ugrave
ENCODING 217
SWIDTH 600 0
DWIDTH 12 0
BBX 12 20 0 -6
BITMAP
0800
0C00
0200
78E0
3040
3040
3040
3040
3040
3040
3040
3040
1880
0F00
0000
0000
0000
0000
0000
0000
ENDCHAR
STARTCHAR Uacute
ENCODING 218
SWIDTH 600 0
DWIDTH 12 0
BBX 12 20 0 -6
BITMAP
0100
0300
0400
78E0
3040
3040
3040
3040
3040
3040
3040
3040
1880
0F00
0000
0000
0000
0000
0000
0000
ENDCHAR
STARTCHAR Ucircumflex
ENCODING 219
SWIDTH 600 0
DWIDTH 12 0
BBX 12 20 0 -6
BITMAP
0200
0500
0880
78E0
3040
3040
3040
3040
3040
3040
3040
3040
1880
0F00
0000
0000
0000
0000
0000
0000
ENDCHAR
STARTCHAR Udieresis
ENCODING 220
SWIDTH 600 0
DWIDTH 12 0
BBX 12 20 0 -6
BITMAP
1980
1980
0000
78E0
3040
3040
3040
3040
3040
3040
3040
3040
1080
0F00
0000
0000
0000
0000
0000
0000
ENDCHAR
STARTCHAR Yacute
ENCODING 221
SWIDTH 600 0
DWIDTH 12 0
BBX 12 20 0 -6
BITMAP
0100
0300
0400
78E0
3040
1880
1880
0D00
0D00
0600
0600
0600
0600
0F00
0000
0000
0000
0000
0000
0000
ENDCHAR
STARTCHAR Thorn
ENCODING 222
SWIDTH 600 0
DWIDTH 12 0
BBX 12 20 0 -6
BITMAP
0000
0000
7800
3000
3E00
3180
30C0
30C0
30C0
30C0
3180
3E00
3000
7800
0000
0000
0000
0000
0000
0000
ENDCHAR
STARTCHAR germandbls
ENCODING 223
SWIDTH 600 0
DWIDTH 12 0
BBX 12 20 0 -6
BITMAP
0000
0000
0F80
18C0
3060
3060
30C0
3780
30C0
3060
3060
3060
38C0
3780
3000
3000
7800
0000
0000
0000
ENDCHAR
STARTCHAR agrave
ENCODING 224
SWIDTH 600 0
DWIDTH 12 0
BBX 12 20 0 -6
BITMAP
0000
0800
0C00
0200
0000
1F00
0080
00C0
0FC0
30C0
60C0
60C0
31C0
0EE0
0000
0000
0000
0000
0000
0000
ENDCHAR
STARTCHAR aacute
ENCODING 225
SWIDTH 600 0
DWIDTH 12 0
BBX 12 20 0 -6
BITMAP
0000
0100
0300
0400
0000
1F00
0080
00C0
0FC0
30C0
60C0
60C0
31C0
0EE0
0000
0000
0000
0000
0000
0000
ENDCHAR
STARTCHAR acircumflex
ENCODING 226
SWIDTH 600 0
DWIDTH 12 0
BBX 12 20 0 -6
BITMAP
0000
0400
0A00
1100
0000
1F00
0080
00C0
0FC0
30C0
60C0
60C0
31C0
0EE0
0000
0000
0000
0000
0000
0000
ENDCHAR
STARTCHAR atilde
ENCODING 227
SWIDTH 600 0
DWIDTH 12 0
BBX 12 20 0 -6
BITMAP
0000
0C80
1300
0000
0000
1F00
0080
00C0
0FC0
30C0
60C0
60C0
31C0
0EE0
0000
0000
0000
0000
0000
0000
ENDCHAR
STARTCHAR adieresis
ENCODING 228
SWIDTH 600 0
DWIDTH 12 0
BBX 12 20 0 -6
BITMAP
0000
0000
1980
1980
0000
1F00
0080
00C0
0FC0
30C0
60C0
60C0
31C0
0EE0
0000
0000
0000
0000
0000
0000
ENDCHAR
STARTCHAR aring
ENCODING 229
SWIDTH 600 0
DWIDTH 12 0
BBX 12 20 0 -6
BITMAP
0600
0900
0900
0600
0000
1F00
0080
00C0
0FC0
30C0
60C0
60C0
31C0
0EE0
0000
0000
0000
0000
0000
0000
ENDCHAR
STARTCHAR ae
ENCODING 230
SWIDTH 600 0
DWIDTH 12 0
BBX 12 20 0 -6
BITMAP
0000
0000
0000
0000
0000
79C0
0660
0660
3E60
67E0
6600
6600
6620
39C0
0000
0000
0000
0000
0000
0000
ENDCHAR
STARTCHAR ccedilla
ENCODING 231
SWIDTH 600 0
DWIDTH 12 0
BBX 12 20 0 -6
BITMAP
0000
0000
0000
0000
0000
1F80
30C0
6020
6000
6000
6000
6020
30C0
1F80
0200
0100
0700
0000
0000
0000
ENDCHAR
STARTCHAR egrave
ENCODING 232
SWIDTH 600 0
DWIDTH 12 0
BBX 12 20 0 -6
BITMAP
0000
0800
0C00
0200
0000
0F00
30C0
6060
6060
7FE0
6000
6000
3020
0FC0
0000
0000
0000
0000
0000
0000
ENDCHAR
STARTCHAR eacute
ENCODING 233
SWIDTH 600 0
DWIDTH 12 0
BBX 12 20 0 -6
BITMAP
0000
0100
0300
0400
0000
0F00
30C0
6060
6060
7FE0
6000
6000
3020
0FC0
0000
0000
0000
0000
0000
0000
ENDCHAR
STARTCHAR ecircumflex
ENCODING 234
SWIDTH 600 0
DWIDTH 12 0
BBX 12 20 0 -6
BITMAP
0000
0400
0A00
1100
0000
0F00
30C0
6060
6060
7FE0
6000
6000
3020
0FC0
0000
0000
0000
0000
0000
0000
ENDCHAR
STARTCHAR edieresis
ENCODING 235
SWIDTH 600 0
DWIDTH 12 0
BBX 12 20 0 -6
BITMAP
0000
0000
1980
1980
0000
0F00
30C0
6060
6060
7FE0
6000
6000
3020
0FC0
0000
0000
0000
0000
0000
0000
ENDCHAR
STARTCHAR igrave
ENCODING 236
SWIDTH 600 0
DWIDTH 12 0
BBX 12 20 0 -6
BITMAP
0000
0800
0C00
0200
0000
0E00
0600
0600
0600
0600
0600
0600
0600
0300
0000
0000
0000
0000
0000
0000
ENDCHAR
STARTCHAR iacute
ENCODING 237
SWIDTH 600 0
DWIDTH 12 0
BBX 12 20 0 -6
BITMAP
0000
0100
0300
0400
0000
0E00
0600
0600
0600
0600
0600
0600
0600
0300
0000
0000
0000
0000
0000
0000
ENDCHAR
STARTCHAR icircumflex
ENCODING 238
SWIDTH 600 0
DWIDTH 12 0
BBX 12 20 0 -6
BITMAP
0000
0400
0A00
1100
0000
0E00
0600
0600
0600
0600
0600
0600
0600
0300
0000
0000
0000
0000
0000
0000
ENDCHAR
STARTCHAR idieresis
ENCODING 239
SWIDTH 600 0
DWIDTH 12 0
BBX 12 20 0 -6
BITMAP
0000
0000
1980
1980
0000
0E00
0600
0600
0600
0600
0600
0600
0600
0300
0000
0000
0000
0000
0000
0000
ENDCHAR
STARTCHAR eth
ENCODING 240
SWIDTH 600 0
DWIDTH 12 0
BBX 12 20 0 -6
BITMAP
0000
0C80
0700
0700
0980
00C0
0EC0
31E0
6060
6060
6060
6060
30C0
0F00
0000
0000
0000
0000
0000
0000
ENDCHAR
STARTCHAR ntilde
ENCODING 241
SWIDTH 600 0
DWIDTH 12 0
BBX 12 20 0 -6
BITMAP
0000
0C80
1300
0000
0000
7700
3980
30C0
30C0
30C0
30C0
30C0
30C0
79E0
0000
0000
0000
0000
0000
0000
ENDCHAR
STARTCHAR ograve
ENCODING 242
SWIDTH 600 0
DWIDTH 12 0
BBX 12 20 0 -6
BITMAP
0000
0800
0C00
0200
0000
0F00
30C0
6060
6060
6060
6060
6060
30C0
0F00
0000
0000
0000
0000
0000
0000
ENDCHAR
STARTCHAR oacute
ENCODING 243
SWIDTH 600 0
DWIDTH 12 0
BBX 12 20 0 -6
BITMAP
0000
0100
0300
0400
0000
0F00
30C0
6060
6060
6060
6060
6060
30C0
0F00
0000
0000
0000
0000
0000
0000
ENDCHAR
STARTCHAR ocircumflex
ENCODING 244
SWIDTH 600 0
DWIDTH 12 0
BBX 12 20 0 -6
BITMAP
0000
0400
0A00
1100
0000
0F00
30C0
6060
6060
6060
6060
6060
30C0
0F00
0000
0000
0000
0000
0000
0000
ENDCHAR
STARTCHAR otilde
ENCODING 245
SWIDTH 600 0
DWIDTH 12 0
BBX 12 20 0 -6
BITMAP
0000
0C80
1300
0000
0000
0F00
30C0
6060
6060
6060
6060
6060
30C0
0F00
0000
0000
0000
0000
0000
0000
ENDCHAR
STARTCHAR odieresis
ENCODING 246
SWIDTH 600 0
DWIDTH 12 0
BBX 12 20 0 -6
BITMAP
0000
0000
1980
1980
0000
0F00
30C0
6060
6060
6060
6060
6060
30C0
0F00
0000
0000
0000
0000
0000
0000
ENDCHAR
STARTCHAR divide
ENCODING 247
SWIDTH 600 0
DWIDTH 12 0
BBX 12 20 0 -6
BITMAP
0000
0000
0000
0000
0400
0E00
0400
0000
7FC0
0000
0400
0E00
0400
0000
0000
0000
0000
0000
0000
0000
ENDCHAR
STARTCHAR oslash
ENCODING 248
SWIDTH 600 0
DWIDTH 12 0
BBX 12 20 0 -6
BITMAP
0000
0000
0000
0000
0020
0F40
30C0
6160
6260
6260
6460
6860
30C0
2F00
4000
0000
0000
0000
0000
0000
ENDCHAR
STARTCHAR ugrave
ENCODING 249
SWIDTH 600 0
DWIDTH 12 0
BBX 12 20 0 -6
BITMAP
0000
0800
0C00
0200
0000
71C0
30C0
30C0
30C0
30C0
30C0
30C0
19C0
0EE0
0000
0000
0000
0000
0000
0000
ENDCHAR
STARTCHAR uacute
ENCODING 250
SWIDTH 600 0
DWIDTH 12 0
BBX 12 20 0 -6
BITMAP
0000
0100
0300
0400
0000
71C0
30C0
30C0
30C0
30C0
30C0
30C0
19C0
0EE0
0000
0000
0000
0000
0000
0000
ENDCHAR
STARTCHAR ucircumflex
ENCODING 251
SWIDTH 600 0
DWIDTH 12 0
BBX 12 20 0 -6
BITMAP
0000
0400
0A00
1100
0000
71C0
30C0
30C0
30C0
30C0
30C0
30C0
19C0
0EE0
0000
0000
0000
0000
0000
0000
ENDCHAR
STARTCHAR udieresis
ENCODING 252
SWIDTH 600 0
DWIDTH 12 0
BBX 12 20 0 -6
BITMAP
0000
0000
1980
1980
0000
71C0
30C0
30C0
30C0
30C0
30C0
30C0
19C0
0EE0
0000
0000
0000
0000
0000
0000
ENDCHAR
STARTCHAR yacute
ENCODING 253
SWIDTH 600 0
DWIDTH 12 0
BBX 12 20 0 -6
BITMAP
0000
0100
0300
0400
0000
78E0
3040
1840
1880
0C80
0D00
0700
0600
0200
0400
6400
3800
0000
0000
0000
ENDCHAR
STARTCHAR thorn
ENCODING 254
SWIDTH 600 0
DWIDTH 12 0
BBX 12 20 0 -6
BITMAP
0000
0000
7000
3000
3000
3780
38C0
3060
3060
3060
3060
3060
38C0
3780
3000
3000
7800
0000
0000
0000
ENDCHAR
STARTCHAR ydieresis
ENCODING 255
SWIDTH 600 0
DWIDTH 12 0
BBX 12 20 0 -6
BITMAP
0000
0000
1980
1980
0000
78E0
3040
1840
1880
0C80
0D00
0700
0600
0200
0400
6400
3800
0000
0000
0000
ENDCHAR
STARTCHAR Amacron
ENCODING 256
SWIDTH 600 0
DWIDTH 12 0
BBX 12 20 0 -6
BITMAP
1FC0
0000
0200
0700
0700
0B00
0980
0980
1180
1FC0
10C0
20C0
20C0
71E0
0000
0000
0000
0000
0000
0000
ENDCHAR
STARTCHAR amacron
ENCODING 257
SWIDTH 600 0
DWIDTH 12 0
BBX 12 20 0 -6
BITMAP
0000
0000
1F80
0000
0000
1F00
0080
00C0
0FC0
30C0
60C0
60C0
31C0
0EE0
0000
0000
0000
0000
0000
0000
ENDCHAR
STARTCHAR Abreve
ENCODING 258
SWIDTH 600 0
DWIDTH 12 0
BBX 12 20 0 -6
BITMAP
0880
0700
0000
0200
0700
0700
0B00
0B80
1180
1180
1FC0
20C0
20C0
71E0
0000
0000
0000
0000
0000
0000
ENDCHAR
STARTCHAR abreve
ENCODING 259
SWIDTH 600 0
DWIDTH 12 0
BBX 12 20 0 -6
BITMAP
0000
0000
0880
0700
0000
1F00
0080
00C0
0FC0
30C0
60C0
60C0
31C0
0EE0
0000
0000
0000
0000
0000
0000
ENDCHAR
STARTCHAR Aogonek
ENCODING 260
SWIDTH 600 0
DWIDTH 12 0
BBX 12 20 0 -6
BITMAP
0000
0000
0200
0700
0700
0B00
0980
0980
1180
1FC0
10C0
20C0
20C0
71E0
0080
0100
01C0
0000
0000
0000
ENDCHAR
STARTCHAR aogonek
ENCODING 261
SWIDTH 600 0
DWIDTH 12 0
BBX 12 20 0 -6
BITMAP
0000
0000
0000
0000
0000
1F00
0080
00C0
0FC0
30C0
60C0
60C0
31C0
0EE0
0040
0080
00E0
0000
0000
0000
ENDCHAR
STARTCHAR Cacute
ENCODING 262
SWIDTH 600 0
DWIDTH 12 0
BBX 12 20 0 -6
BITMAP
0080
0180
0200
0F80
1060
3020
6000
6000
6000
6000
6000
3020
1040
0F80
0000
0000
0000
0000
0000
0000
ENDCHAR
STARTCHAR cacute
ENCODING 263
SWIDTH 600 0
DWIDTH 12 0
BBX 12 20 0 -6
BITMAP
0000
0100
0300
0400
0000
1F80
30C0
6020
6000
6000
6000
6020
30C0
1F80
0000
0000
0000
0000
0000
0000
ENDCHAR
STARTCHAR Ccircumflex
ENCODING 264
SWIDTH 600 0
DWIDTH 12 0
BBX 12 20 0 -6
BITMAP
0200
0500
0880
0F80
1060
3020
6000
6000
6000
6000
6000
3020
1040
0F80
0000
0000
0000
0000
0000
0000
ENDCHAR
STARTCHAR ccircumflex
ENCODING 265
SWIDTH 600 0
DWIDTH 12 0
BBX 12 20 0 -6
BITMAP
0000
0400
0A00
1100
0000
1F80
30C0
6020
6000
6000
6000
6020
30C0
1F80
0000
0000
0000
0000
0000
0000
ENDCHAR
STARTCHAR Cdotaccent
ENCODING 266
SWIDTH 600 0
DWIDTH 12 0
BBX 12 20 0 -6
BITMAP
0600
0600
0000
0F80
1060
3020
6000
6000
6000
6000
6000
3020
1040
0F80
0000
0000
0000
0000
0000
0000
ENDCHAR
STARTCHAR cdotaccent
ENCODING 267
SWIDTH 600 0
DWIDTH 12 0
BBX 12 20 0 -6
BITMAP
0000
0000
0600
0600
0000
1F80
30C0
6020
6000
6000
6000
6020
30C0
1F80
0000
0000
0000
0000
0000
0000
ENDCHAR
STARTCHAR Ccaron
ENCODING 268
SWIDTH 600 0
DWIDTH 12 0
BBX 12 20 0 -6
BITMAP
0880
0500
0200
0F80
1060
3020
6000
6000
6000
6000
6000
3020
1040
0F80
0000
0000
0000
0000
0000
0000
ENDCHAR
STARTCHAR ccaron
ENCODING 269
SWIDTH 600 0
DWIDTH 12 0
BBX 12 20 0 -6
BITMAP
0000
0880
0500
0200
0000
1F80
30C0
6020
6000
6000
6000
6020
30C0
1F80
0000
0000
0000
0000
0000
0000
ENDCHAR
STARTCHAR Dcaron
ENCODING 270
SWIDTH 600 0
DWIDTH 12 0
BBX 12 20 0 -6
BITMAP
1100
0A00
0400
7F00
3080
30C0
3060
3060
3060
3060
3060
30C0
3080
7F00
0000
0000
0000
0000
0000
0000
ENDCHAR
STARTCHAR dcaron
ENCODING 271
SWIDTH 600 0
DWIDTH 12 0
BBX 12 20 0 -6
BITMAP
0000
0030
0390
01A0
0180
1D80
3380
6180
6180
6180
6180
6180
2380
1DC0
0000
0000
0000
0000
0000
0000
ENDCHAR
STARTCHAR Dcroat
ENCODING 272
SWIDTH 600 0
DWIDTH 12 0
BBX 12 20 0 -6
BITMAP
0000
0000
7F00
3080
30C0
3060
3060
FC60
3060
3060
3060
30C0
3080
7F00
0000
0000
0000
0000
0000
0000
ENDCHAR
STARTCHAR dcroat
ENCODING 273
SWIDTH 600 0
DWIDTH 12 0
BBX 12 20 0 -6
BITMAP
0000
0000
01C0
00C0
07E0
00C0
0EC0
31C0
60C0
60C0
60C0
60C0
21C0
1EE0
0000
0000
0000
0000
0000
0000
ENDCHAR
STARTCHAR Emacron
ENCODING 274
SWIDTH 600 0
DWIDTH 12 0
BBX 12 20 0 -6
BITMAP
1F80
0000
7FE0
3020
3000
3000
3080
3F80
3080
3000
3000
3020
3060
7FE0
0000
0000
0000
0000
0000
0000
ENDCHAR
STARTCHAR emacron
ENCODING 275
SWIDTH 600 0
DWIDTH 12 0
BBX 12 20 0 -6
BITMAP
0000
0000
1F80
0000
0000
0F00
30C0
6060
6060
7FE0
6000
6000
3020
0FC0
0000
0000
0000
0000
0000
0000
ENDCHAR
STARTCHAR Ebreve
ENCODING 276
SWIDTH 600 0
DWIDTH 12 0
BBX 12 20 0 -6
BITMAP
0880
0700
0000
7FE0
3020
3000
3000
3040
3FC0
3040
3000
3020
3060
7FE0
0000
0000
0000
0000
0000
0000
ENDCHAR
STARTCHAR ebreve
ENCODING 277
SWIDTH 600 0
DWIDTH 12 0
BBX 12 20 0 -6
BITMAP
0000
0000
1100
0E00
0000
0F00
30C0
6060
6060
7FE0
6000
6000
3020
0FC0
0000
0000
0000
0000
0000
0000
ENDCHAR
STARTCHAR Edotaccent
ENCODING 278
SWIDTH 600 0
DWIDTH 12 0
BBX 12 20 0 -6
BITMAP
0600
0600
0000
7FE0
3020
3000
3000
3040
3FC0
3040
3000
3020
3060
7FE0
0000
0000
0000
0000
0000
0000
ENDCHAR
STARTCHAR edotaccent
ENCODING 279
SWIDTH 600 0
DWIDTH 12 0
BBX 12 20 0 -6
BITMAP
0000
0000
0600
0600
0000
0F00
30C0
6060
6060
7FE0
6000
6000
3020
0FC0
0000
0000
0000
0000
0000
0000
ENDCHAR
STARTCHAR Eogonek
ENCODING 280
SWIDTH 600 0
DWIDTH 12 0
BBX 12 20 0 -6
BITMAP
0000
0000
7FE0
3020
3000
3000
3080
3F80
3080
3000
3000
3020
3060
7FE0
0080
0100
01C0
0000
0000
0000
ENDCHAR
STARTCHAR eogonek
ENCODING 281
SWIDTH 600 0
DWIDTH 12 0
BBX 12 20 0 -6
BITMAP
0000
0000
0000
0000
0000
0F00
30C0
6060
6060
7FE0
6000
6000
3020
0FC0
0080
0100
01C0
0000
0000
0000
ENDCHAR
STARTCHAR Ecaron
ENCODING 282
SWIDTH 600 0
DWIDTH 12 0
BBX 12 20 0 -6
BITMAP
0880
0500
0200
7FE0
3020
3000
3000
3040
3FC0
3040
3000
3020
3060
7FE0
0000
0000
0000
0000
0000
0000
ENDCHAR
STARTCHAR ecaron
ENCODING 283
SWIDTH 600 0
DWIDTH 12 0
BBX 12 20 0 -6
BITMAP
0000
1100
0A00
0400
0000
0F00
30C0
6060
6060
7FE0
6000
6000
3020
0FC0
0000
0000
0000
0000
0000
0000
ENDCHAR
STARTCHAR Gcircumflex
ENCODING 284
SWIDTH 600 0
DWIDTH 12 0
BBX 12 20 0 -6
BITMAP
0200
0500
0880
0F80
1060
3020
6000
6000
60F0
6060
6060
3060
1060
0FE0
0000
0000
0000
0000
0000
0000
ENDCHAR
STARTCHAR gcircumflex
ENCODING 285
SWIDTH 600 0
DWIDTH 12 0
BBX 12 20 0 -6
BITMAP
0000
0200
0500
0880
0000
0EC0
1100
3180
3180
1F00
0800
0F80
00C0
3060
6060
30C0
1F80
0000
0000
0000
ENDCHAR
STARTCHAR Gbreve
ENCODING 286
SWIDTH 600 0
DWIDTH 12 0
BBX 12 20 0 -6
BITMAP
0880
0700
0000
0F80
1060
3020
6000
6000
60F0
6060
6060
3060
1060
0FE0
0000
0000
0000
0000
0000
0000
ENDCHAR
STARTCHAR gbreve
ENCODING 287
SWIDTH 600 0
DWIDTH 12 0
BBX 12 20 0 -6
BITMAP
0000
0000
0880
0700
0000
0EC0
1100
3180
3180
1F00
0800
0F80
00C0
3060
6060
30C0
1F80
0000
0000
0000
ENDCHAR
STARTCHAR Gdotaccent
ENCODING 288
SWIDTH 600 0
DWIDTH 12 0
BBX 12 20 0 -6
BITMAP
0300
0300
0000
0F80
1060
3020
6000
6000
60F0
6060
6060
3060
1060
0FE0
0000
0000
0000
0000
0000
0000
ENDCHAR
STARTCHAR gdotaccent
ENCODING 289
SWIDTH 600 0
DWIDTH 12 0
BBX 12 20 0 -6
BITMAP
0000
0000
0600
0600
0000
0EC0
1100
3180
3180
1F00
0800
0F80
00C0
3060
6060
30C0
1F80
0000
0000
0000
ENDCHAR
STARTCHAR uni0122
ENCODING 290
SWIDTH 600 0
DWIDTH 12 0
BBX 12 20 0 -6
BITMAP
0000
0000
0F80
1060
3020
6000
6000
6000
60F0
6060
6060
3060
1060
0FE0
0200
0100
0700
0000
0000
0000
ENDCHAR
STARTCHAR uni0123
ENCODING 291
SWIDTH 600 0
DWIDTH 12 0
BBX 12 20 0 -6
BITMAP
0000
0E00
0800
0400
0000
0EC0
1100
3180
3180
1F00
0800
0F80
00C0
3060
6060
30C0
1F80
0000
0000
0000
ENDCHAR
STARTCHAR Hcircumflex
ENCODING 292
SWIDTH 600 0
DWIDTH 12 0
BBX 12 20 0 -6
BITMAP
0400
0A00
1100
79E0
30C0
30C0
30C0
30C0
3FC0
30C0
30C0
30C0
30C0
79E0
0000
0000
0000
0000
0000
0000
ENDCHAR
STARTCHAR hcircumflex
ENCODING 293
SWIDTH 600 0
DWIDTH 12 0
BBX 12 20 0 -6
BITMAP
0200
0500
7880
3000
3000
3600
3980
30C0
30C0
30C0
30C0
30C0
30C0
79E0
0000
0000
0000
0000
0000
0000
ENDCHAR
STARTCHAR Hbar
ENCODING 294
SWIDTH 600 0
DWIDTH 12 0
BBX 12 20 0 -6
BITMAP
0000
0000
79E0
30C0
30C0
FFF0
30C0
3FC0
30C0
30C0
30C0
30C0
30C0
79E0
0000
0000
0000
0000
0000
0000
ENDCHAR
STARTCHAR hbar
ENCODING 295
SWIDTH 600 0
DWIDTH 12 0
BBX 12 20 0 -6
BITMAP
0000
0000
7000
3000
FC00
3000
3600
3980
30C0
30C0
30C0
30C0
30C0
79E0
0000
0000
0000
0000
0000
0000
ENDCHAR
STARTCHAR Itilde
ENCODING 296
SWIDTH 600 0
DWIDTH 12 0
BBX 12 20 0 -6
BITMAP
0C80
1300
0000
0F00
0600
0600
0600
0600
0600
0600
0600
0600
0600
0F00
0000
0000
0000
0000
0000
0000
ENDCHAR
STARTCHAR itilde
ENCODING 297
SWIDTH 600 0
DWIDTH 12 0
BBX 12 20 0 -6
BITMAP
0000
0C80
1300
0000
0000
0E00
0600
0600
0600
0600
0600
0600
0600
0300
0000
0000
0000
0000
0000
0000
ENDCHAR
STARTCHAR Imacron
ENCODING 298
SWIDTH 600 0
DWIDTH 12 0
BBX 12 20 0 -6
BITMAP
1F80
0000
1F80
0600
0600
0600
0600
0600
0600
0600
0600
0600
0600
1F80
0000
0000
0000
0000
0000
0000
ENDCHAR
STARTCHAR imacron
ENCODING 299
SWIDTH 600 0
DWIDTH 12 0
BBX 12 20 0 -6
BITMAP
0000
0000
1F80
0000
0000
0E00
0600
0600
0600
0600
0600
0600
0600
0300
0000
0000
0000
0000
0000
0000
ENDCHAR
STARTCHAR Ibreve
ENCODING 300
SWIDTH 600 0
DWIDTH 12 0
BBX 12 20 0 -6
BITMAP
1100
0E00
0000
0F00
0600
0600
0600
0600
0600
0600
0600
0600
0600
0F00
0000
0000
0000
0000
0000
0000
ENDCHAR
STARTCHAR ibreve
ENCODING 301
SWIDTH 600 0
DWIDTH 12 0
BBX 12 20 0 -6
BITMAP
0000
1100
0E00
0000
0000
0E00
0600
0600
0600
0600
0600
0600
0600
0300
0000
0000
0000
0000
0000
0000
ENDCHAR
STARTCHAR Iogonek
ENCODING 302
SWIDTH 600 0
DWIDTH 12 0
BBX 12 20 0 -6
BITMAP
0000
0000
1F80
0600
0600
0600
0600
0600
0600
0600
0600
0600
0600
1F80
0200
0400
0700
0000
0000
0000
ENDCHAR
STARTCHAR iogonek
ENCODING 303
SWIDTH 600 0
DWIDTH 12 0
BBX 12 20 0 -6
BITMAP
0000
0000
0600
0600
0000
0E00
0600
0600
0600
0600
0600
0600
0600
0300
0200
0400
0700
0000
0000
0000
ENDCHAR
STARTCHAR Idotaccent
ENCODING 304
SWIDTH 600 0
DWIDTH 12 0
BBX 12 20 0 -6
BITMAP
0600
0600
0000
0F00
0600
0600
0600
0600
0600
0600
0600
0600
0600
0F00
0000
0000
0000
0000
0000
0000
ENDCHAR
STARTCHAR dotlessi
ENCODING 305
SWIDTH 600 0
DWIDTH 12 0
BBX 12 20 0 -6
BITMAP
0000
0000
0000
0000
0000
0E00
0600
0600
0600
0600
0600
0600
0600
0300
0000
0000
0000
0000
0000
0000
ENDCHAR
STARTCHAR IJ
ENCODING 306
SWIDTH 600 0
DWIDTH 12 0
BBX 12 20 0 -6
BITMAP
0000
0000
79E0
30C0
30C0
30C0
30C0
30C0
30C0
30C0
30C0
36C0
36C0
7B80
0000
0000
0000
0000
0000
0000
ENDCHAR
STARTCHAR ij
ENCODING 307
SWIDTH 600 0
DWIDTH 12 0
BBX 12 20 0 -6
BITMAP
0000
0000
3060
3060
0000
70E0
3060
3060
3060
3060
3060
3060
3060
1B60
0360
01C0
0000
0000
0000
0000
ENDCHAR
STARTCHAR Jcircumflex
ENCODING 308
SWIDTH 600 0
DWIDTH 12 0
BBX 12 20 0 -6
BITMAP
0200
0500
0880
0780
0300
0300
0300
0300
0300
0300
0300
3300
3300
1E00
0000
0000
0000
0000
0000
0000
ENDCHAR
STARTCHAR jcircumflex
ENCODING 309
SWIDTH 600 0
DWIDTH 12 0
BBX 12 20 0 -6
BITMAP
0000
0100
0280
0440
0000
0380
0180
0180
0180
0180
0180
0180
0180
1980
1980
0F00
0000
0000
0000
0000
ENDCHAR
STARTCHAR uni0136
ENCODING 310
SWIDTH 600 0
DWIDTH 12 0
BBX 12 20 0 -6
BITMAP
0000
0000
79E0
3080
3100
3200
3400
3800
3C00
3600
3300
3180
30C0
79E0
0200
0100
0700
0000
0000
0000
ENDCHAR
STARTCHAR uni0137
ENCODING 311
SWIDTH 600 0
DWIDTH 12 0
BBX 12 20 0 -6
BITMAP
0000
0000
7000
3000
3000
31C0
3100
3200
3400
3C00
3600
3300
3180
79E0
0200
0100
0700
0000
0000
0000
ENDCHAR
STARTCHAR kgreenlandic
ENCODING 312
SWIDTH 600 0
DWIDTH 12 0
BBX 12 20 0 -6
BITMAP
0000
0000
0000
0000
0000
79C0
3100
3200
3400
3C00
3600
3300
3180
79E0
0000
0000
0000
0000
0000
0000
ENDCHAR
STARTCHAR Lacute
ENCODING 313
SWIDTH 600 0
DWIDTH 12 0
BBX 12 20 0 -6
BITMAP
0800
1800
2000
7800
3000
3000
3000
3000
3000
3000
3000
3020
3060
7FC0
0000
0000
0000
0000
0000
0000
ENDCHAR
STARTCHAR lacute
ENCODING 314
SWIDTH 600 0
DWIDTH 12 0
BBX 12 20 0 -6
BITMAP
0000
0080
1D80
0E00
0C00
0C00
0C00
0C00
0C00
0C00
0C00
0C00
0C00
0600
0000
0000
0000
0000
0000
0000
ENDCHAR
STARTCHAR uni013B
ENCODING 315
SWIDTH 600 0
DWIDTH 12 0
BBX 12 20 0 -6
BITMAP
0000
0000
7800
3000
3000
3000
3000
3000
3000
3000
3000
3020
3060
7FC0
0400
0200
0E00
0000
0000
0000
ENDCHAR
STARTCHAR uni013C
ENCODING 316
SWIDTH 600 0
DWIDTH 12 0
BBX 12 20 0 -6
BITMAP
0000
0000
0E00
0600
0600
0600
0600
0600
0600
0600
0600
0600
0600
0300
0200
0100
0700
0000
0000
0000
ENDCHAR
STARTCHAR Lcaron
ENCODING 317
SWIDTH 600 0
DWIDTH 12 0
BBX 12 20 0 -6
BITMAP
0000
0300
7900
3200
3000
3000
3000
3000
3000
3000
3000
3020
3060
7FC0
0000
0000
0000
0000
0000
0000
ENDCHAR
STARTCHAR lcaron
ENCODING 318
SWIDTH 600 0
DWIDTH 12 0
BBX 12 20 0 -6
BITMAP
0000
0180
1C80
0D00
0C00
0C00
0C00
0C00
0C00
0C00
0C00
0C00
0C00
0600
0000
0000
0000
0000
0000
0000
ENDCHAR
STARTCHAR Ldot
ENCODING 319
SWIDTH 600 0
DWIDTH 12 0
BBX 12 20 0 -6
BITMAP
0000
0000
7800
3000
3000
3000
3300
3300
3000
3000
3000
3020
3060
7FC0
0000
0000
0000
0000
0000
0000
ENDCHAR
STARTCHAR ldot
ENCODING 320
SWIDTH 600 0
DWIDTH 12 0
BBX 12 20 0 -6
BITMAP
0000
0000
3800
1800
1800
1800
1980
1980
1800
1800
1800
1800
1800
0C00
0000
0000
0000
0000
0000
0000
ENDCHAR
STARTCHAR Lslash
ENCODING 321
SWIDTH 600 0
DWIDTH 12 0
BBX 12 20 0 -6
BITMAP
0000
0000
7800
3000
3000
3400
3800
3000
7000
B000
3000
3020
3060
7FC0
0000
0000
0000
0000
0000
0000
ENDCHAR
STARTCHAR lslash
ENCODING 322
SWIDTH 600 0
DWIDTH 12 0
BBX 12 20 0 -6
BITMAP
0000
0000
0E00
0600
0600
0680
0700
0600
0E00
1600
0600
0600
0600
0300
0000
0000
0000
0000
0000
0000
ENDCHAR
STARTCHAR Nacute
ENCODING 323
SWIDTH 600 0
DWIDTH 12 0
BBX 12 20 0 -6
BITMAP
0200
0600
68E0
2040
3040
3840
3C40
2E40
2740
23C0
21C0
20C0
20C0
70C0
0000
0000
0000
0000
0000
0000
ENDCHAR
STARTCHAR nacute
ENCODING 324
SWIDTH 600 0
DWIDTH 12 0
BBX 12 20 0 -6
BITMAP
0000
0100
0300
0400
0000
7700
3980
30C0
30C0
30C0
30C0
30C0
30C0
79E0
0000
0000
0000
0000
0000
0000
ENDCHAR
STARTCHAR uni0145
ENCODING 325
SWIDTH 600 0
DWIDTH 12 0
BBX 12 20 0 -6
BITMAP
0000
0000
60E0
2040
3040
3840
3C40
2E40
2740
23C0
21C0
20C0
20C0
70C0
0200
0100
0700
0000
0000
0000
ENDCHAR
STARTCHAR uni0146
ENCODING 326
SWIDTH 600 0
DWIDTH 12 0
BBX 12 20 0 -6
BITMAP
0000
0000
0000
0000
0000
7700
3980
30C0
30C0
30C0
30C0
30C0
30C0
79E0
0200
0100
0700
0000
0000
0000
ENDCHAR
STARTCHAR Ncaron
ENCODING 327
SWIDTH 600 0
DWIDTH 12 0
BBX 12 20 0 -6
BITMAP
1100
0A00
64E0
2040
3040
3840
3C40
2E40
2740
23C0
21C0
20C0
20C0
70C0
0000
0000
0000
0000
0000
0000
ENDCHAR
STARTCHAR ncaron
ENCODING 328
SWIDTH 600 0
DWIDTH 12 0
BBX 12 20 0 -6
BITMAP
0000
1100
0A00
0400
0000
7700
3980
30C0
30C0
30C0
30C0
30C0
30C0
79E0
0000
0000
0000
0000
0000
0000
ENDCHAR
STARTCHAR napostrophe
ENCODING 329
SWIDTH 600 0
DWIDTH 12 0
BBX 12 20 0 -6
BITMAP
4000
E000
6000
2000
4000
3B80
1CC0
1860
1860
1860
1860
1860
1860
3CF0
0000
0000
0000
0000
0000
0000
ENDCHAR
STARTCHAR Eng
ENCODING 330
SWIDTH 600 0
DWIDTH 12 0
BBX 12 20 0 -6
BITMAP
0000
0000
60E0
2040
3040
3840
3C40
2E40
2740
23C0
21C0
20C0
20C0
70C0
00C0
06C0
0380
0000
0000
0000
ENDCHAR
STARTCHAR eng
ENCODING 331
SWIDTH 600 0
DWIDTH 12 0
BBX 12 20 0 -6
BITMAP
0000
0000
0000
0000
0000
3B80
1CC0
1860
1860
1860
1860
1860
1860
3C60
0060
0360
01C0
0000
0000
0000
ENDCHAR
STARTCHAR Omacron
ENCODING 332
SWIDTH 600 0
DWIDTH 12 0
BBX 12 20 0 -6
BITMAP
1F80
0000
0F00
1080
30C0
6060
6060
6060
6060
6060
6060
30C0
1080
0F00
0000
0000
0000
0000
0000
0000
ENDCHAR
STARTCHAR omacron
ENCODING 333
SWIDTH 600 0
DWIDTH 12 0
BBX 12 20 0 -6
BITMAP
0000
0000
1F80
0000
0000
0F00
30C0
6060
6060
6060
6060
6060
30C0
0F00
0000
0000
0000
0000
0000
0000
ENDCHAR
STARTCHAR Obreve
ENCODING 334
SWIDTH 600 0
DWIDTH 12 0
BBX 12 20 0 -6
BITMAP
1100
0E00
0000
0F00
1080
30C0
6060
6060
6060
6060
6060
30C0
1080
0F00
0000
0000
0000
0000
0000
0000
ENDCHAR
STARTCHAR obreve
ENCODING 335
SWIDTH 600 0
DWIDTH 12 0
BBX 12 20 0 -6
BITMAP
0000
0000
1100
0E00
0000
0F00
30C0
6060
6060
6060
6060
6060
30C0
0F00
0000
0000
0000
0000
0000
0000
ENDCHAR
STARTCHAR Ohungarumlaut
ENCODING 336
SWIDTH 600 0
DWIDTH 12 0
BBX 12 20 0 -6
BITMAP
0880
1980
2200
0F00
1080
30C0
6060
6060
6060
6060
6060
30C0
1080
0F00
0000
0000
0000
0000
0000
0000
ENDCHAR
STARTCHAR ohungarumlaut
ENCODING 337
SWIDTH 600 0
DWIDTH 12 0
BBX 12 20 0 -6
BITMAP
0000
0880
1980
2200
0000
0F00
30C0
6060
6060
6060
6060
6060
30C0
0F00
0000
0000
0000
0000
0000
0000
ENDCHAR
STARTCHAR OE
ENCODING 338
SWIDTH 600 0
DWIDTH 12 0
BBX 12 20 0 -6
BITMAP
0000
0000
0FE0
1320
3300
6300
6340
63C0
6340
6300
6300
3300
1320
0FE0
0000
0000
0000
0000
0000
0000
ENDCHAR
STARTCHAR oe
ENCODING 339
SWIDTH 600 0
DWIDTH 12 0
BBX 12 20 0 -6
BITMAP
0000
0000
0000
0000
0000
19C0
2660
6660
6660
67E0
6600
6600
2620
19C0
0000
0000
0000
0000
0000
0000
ENDCHAR
STARTCHAR Racute
ENCODING 340
SWIDTH 600 0
DWIDTH 12 0
BBX 12 20 0 -6
BITMAP
0200
0600
0800
7F00
30C0
3060
3060
30C0
3F00
3600
3300
3180
30C0
7860
0000
0000
0000
0000
0000
0000
ENDCHAR
STARTCHAR racute
ENCODING 341
SWIDTH 600 0
DWIDTH 12 0
BBX 12 20 0 -6
BITMAP
0000
0200
0600
0800
0000
7380
34C0
3800
3000
3000
3000
3000
3000
7800
0000
0000
0000
0000
0000
0000
ENDCHAR
STARTCHAR uni0156
ENCODING 342
SWIDTH 600 0
DWIDTH 12 0
BBX 12 20 0 -6
BITMAP
0000
0000
7F00
30C0
3060
3060
3060
30C0
3F00
3600
3300
3180
30C0
7860
0200
0100
0700
0000
0000
0000
ENDCHAR
STARTCHAR uni0157
ENCODING 343
SWIDTH 600 0
DWIDTH 12 0
BBX 12 20 0 -6
BITMAP
0000
0000
0000
0000
0000
7380
34C0
3800
3000
3000
3000
3000
3000
7800
0400
0200
0E00
0000
0000
0000
ENDCHAR
STARTCHAR Rcaron
ENCODING 344
SWIDTH 600 0
DWIDTH 12 0
BBX 12 20 0 -6
BITMAP
1100
0A00
0400
7F00
30C0
3060
3060
30C0
3F00
3600
3300
3180
30C0
7860
0000
0000
0000
0000
0000
0000
ENDCHAR
STARTCHAR rcaron
ENCODING 345
SWIDTH 600 0
DWIDTH 12 0
BBX 12 20 0 -6
BITMAP
0000
1100
0A00
0400
0000
7380
34C0
3800
3000
3000
3000
3000
3000
7800
0000
0000
0000
0000
0000
0000
ENDCHAR
STARTCHAR Sacute
ENCODING 346
SWIDTH 600 0
DWIDTH 12 0
BBX 12 20 0 -6
BITMAP
0080
0180
0200
0FA0
1860
3020
3800
1E00
0F80
03C0
00E0
4060
60C0
5F80
0000
0000
0000
0000
0000
0000
ENDCHAR
STARTCHAR sacute
ENCODING 347
SWIDTH 600 0
DWIDTH 12 0
BBX 12 20 0 -6
BITMAP
0000
0100
0300
0400
0000
1F80
38C0
3000
3800
1F80
00E0
6060
70E0
3FC0
0000
0000
0000
0000
0000
0000
ENDCHAR
STARTCHAR Scircumflex
ENCODING 348
SWIDTH 600 0
DWIDTH 12 0
BBX 12 20 0 -6
BITMAP
0200
0500
0880
0FA0
1860
3020
3800
1E00
0F80
03C0
00E0
4060
60C0
5F80
0000
0000
0000
0000
0000
0000
ENDCHAR
STARTCHAR scircumflex
ENCODING 349
SWIDTH 600 0
DWIDTH 12 0
BBX 12 20 0 -6
BITMAP
0000
0200
0500
0880
0000
1F80
38C0
3000
3800
1F80
00E0
6060
70E0
3FC0
0000
0000
0000
0000
0000
0000
ENDCHAR
STARTCHAR Scedilla
ENCODING 350
SWIDTH 600 0
DWIDTH 12 0
BBX 12 20 0 -6
BITMAP
0000
0000
0FA0
1860
3020
3000
3C00
1F80
03C0
00E0
0060
4060
60C0
5F80
0400
0200
0E00
0000
0000
0000
ENDCHAR
STARTCHAR scedilla
ENCODING 351
SWIDTH 600 0
DWIDTH 12 0
BBX 12 20 0 -6
BITMAP
0000
0000
0000
0000
0000
1F80
38C0
3000
3800
1F80
00E0
6060
70E0
3FC0
0400
0200
0E00
0000
0000
0000
ENDCHAR
STARTCHAR Scaron
ENCODING 352
SWIDTH 600 0
DWIDTH 12 0
BBX 12 20 0 -6
BITMAP
0880
0500
0200
0FA0
1860
3020
3800
1E00
0F80
03C0
00E0
4060
60C0
5F80
0000
0000
0000
0000
0000
0000
ENDCHAR
STARTCHAR scaron
ENCODING 353
SWIDTH 600 0
DWIDTH 12 0
BBX 12 20 0 -6
BITMAP
0000
0880
0500
0200
0000
1F80
38C0
3000
3800
1F80
00E0
6060
70E0
3FC0
0000
0000
0000
0000
0000
0000
ENDCHAR
STARTCHAR uni0162
ENCODING 354
SWIDTH 600 0
DWIDTH 12 0
BBX 12 20 0 -6
BITMAP
0000
0000
7FE0
4620
0600
0600
0600
0600
0600
0600
0600
0600
0600
0F00
0400
0200
0E00
0000
0000
0000
ENDCHAR
STARTCHAR uni0163
ENCODING 355
SWIDTH 600 0
DWIDTH 12 0
BBX 12 20 0 -6
BITMAP
0000
0000
0200
0600
0600
1F80
0600
0600
0600
0600
0600
0600
0640
0380
0400
0200
0E00
0000
0000
0000
ENDCHAR
STARTCHAR Tcaron
ENCODING 356
SWIDTH 600 0
DWIDTH 12 0
BBX 12 20 0 -6
BITMAP
1100
0A00
0400
7FE0
4620
0600
0600
0600
0600
0600
0600
0600
0600
0F00
0000
0000
0000
0000
0000
0000
ENDCHAR
STARTCHAR tcaron
ENCODING 357
SWIDTH 600 0
DWIDTH 12 0
BBX 12 20 0 -6
BITMAP
0000
00C0
0440
0C80
0C00
3F00
0C00
0C00
0C00
0C00
0C00
0C00
0C80
0700
0000
0000
0000
0000
0000
0000
ENDCHAR
STARTCHAR Tbar
ENCODING 358
SWIDTH 600 0
DWIDTH 12 0
BBX 12 20 0 -6
BITMAP
0000
0000
7FE0
4620
0600
0600
0600
1F80
0600
0600
0600
0600
0600
0F00
0000
0000
0000
0000
0000
0000
ENDCHAR
STARTCHAR tbar
ENCODING 359
SWIDTH 600 0
DWIDTH 12 0
BBX 12 20 0 -6
BITMAP
0000
0000
0200
0600
0600
1F80
0600
0600
1F80
0600
0600
0600
0640
0380
0000
0000
0000
0000
0000
0000
ENDCHAR
STARTCHAR Utilde
ENCODING 360
SWIDTH 600 0
DWIDTH 12 0
BBX 12 20 0 -6
BITMAP
0C80
1300
0000
78E0
3040
3040
3040
3040
3040
3040
3040
3040
1880
0F00
0000
0000
0000
0000
0000
0000
ENDCHAR
STARTCHAR utilde
ENCODING 361
SWIDTH 600 0
DWIDTH 12 0
BBX 12 20 0 -6
BITMAP
0000
0C80
1300
0000
0000
71C0
30C0
30C0
30C0
30C0
30C0
30C0
19C0
0EE0
0000
0000
0000
0000
0000
0000
ENDCHAR
STARTCHAR Umacron
ENCODING 362
SWIDTH 600 0
DWIDTH 12 0
BBX 12 20 0 -6
BITMAP
1F80
0000
78E0
3040
3040
3040
3040
3040
3040
3040
3040
3040
1880
0F00
0000
0000
0000
0000
0000
0000
ENDCHAR
STARTCHAR umacron
ENCODING 363
SWIDTH 600 0
DWIDTH 12 0
BBX 12 20 0 -6
BITMAP
0000
0000
1F80
0000
0000
71C0
30C0
30C0
30C0
30C0
30C0
30C0
19C0
0EE0
0000
0000
0000
0000
0000
0000
ENDCHAR
STARTCHAR Ubreve
ENCODING 364
SWIDTH 600 0
DWIDTH 12 0
BBX 12 20 0 -6
BITMAP
0880
0700
0000
78E0
3040
3040
3040
3040
3040
3040
3040
3040
1880
0F00
0000
0000
0000
0000
0000
0000
ENDCHAR
STARTCHAR ubreve
ENCODING 365
SWIDTH 600 0
DWIDTH 12 0
BBX 12 20 0 -6
BITMAP
0000
0000
1100
0E00
0000
71C0
30C0
30C0
30C0
30C0
30C0
30C0
19C0
0EE0
0000
0000
0000
0000
0000
0000
ENDCHAR
STARTCHAR Uring
ENCODING 366
SWIDTH 600 0
DWIDTH 12 0
BBX 12 20 0 -6
BITMAP
0600
0900
0900
76E0
3040
3040
3040
3040
3040
3040
3040
3040
1880
0F00
0000
0000
0000
0000
0000
0000
ENDCHAR
STARTCHAR uring
ENCODING 367
SWIDTH 600 0
DWIDTH 12 0
BBX 12 20 0 -6
BITMAP
0600
0900
0900
0600
0000
71C0
30C0
30C0
30C0
30C0
30C0
30C0
19C0
0EE0
0000
0000
0000
0000
0000
0000
ENDCHAR
STARTCHAR Uhungarumlaut
ENCODING 368
SWIDTH 600 0
DWIDTH 12 0
BBX 12 20 0 -6
BITMAP
0440
0CC0
1100
78E0
3040
3040
3040
3040
3040
3040
3040
3040
1880
0F00
0000
0000
0000
0000
0000
0000
ENDCHAR
STARTCHAR uhungarumlaut
ENCODING 369
SWIDTH 600 0
DWIDTH 12 0
BBX 12 20 0 -6
BITMAP
0000
0440
0CC0
1100
0000
71C0
30C0
30C0
30C0
30C0
30C0
30C0
19C0
0EE0
0000
0000
0000
0000
0000
0000
ENDCHAR
STARTCHAR Uogonek
ENCODING 370
SWIDTH 600 0
DWIDTH 12 0
BBX 12 20 0 -6
BITMAP
0000
0000
78E0
3040
3040
3040
3040
3040
3040
3040
3040
3040
1880
0F00
0200
0400
0700
0000
0000
0000
ENDCHAR
STARTCHAR uogonek
ENCODING 371
SWIDTH 600 0
DWIDTH 12 0
BBX 12 20 0 -6
BITMAP
0000
0000
0000
0000
0000
71C0
30C0
30C0
30C0
30C0
30C0
30C0
19C0
0EE0
0080
0100
01C0
0000
0000
0000
ENDCHAR
STARTCHAR Wcircumflex
ENCODING 372
SWIDTH 600 0
DWIDTH 12 0
BBX 12 20 0 -6
BITMAP
0200
0500
0880
E030
6020
6220
7260
3240
3340
3FC0
1F80
1B80
1980
0880
0000
0000
0000
0000
0000
0000
ENDCHAR
STARTCHAR wcircumflex
ENCODING 373
SWIDTH 600 0
DWIDTH 12 0
BBX 12 20 0 -6
BITMAP
0000
0200
0500
0880
0000
F070
6020
6220
3340
3740
3740
1980
1980
1080
0000
0000
0000
0000
0000
0000
ENDCHAR
STARTCHAR Ycircumflex
ENCODING 374
SWIDTH 600 0
DWIDTH 12 0
BBX 12 20 0 -6
BITMAP
0200
0500
0880
78E0
3040
1880
1880
0D00
0D00
0600
0600
0600
0600
0F00
0000
0000
0000
0000
0000
0000
ENDCHAR
STARTCHAR ycircumflex
ENCODING 375
SWIDTH 600 0
DWIDTH 12 0
BBX 12 20 0 -6
BITMAP
0000
0200
0500
0880
0000
78E0
3040
1840
1880
0C80
0D00
0700
0600
0200
0400
6400
3800
0000
0000
0000
ENDCHAR
STARTCHAR Ydieresis
ENCODING 376
SWIDTH 600 0
DWIDTH 12 0
BBX 12 20 0 -6
BITMAP
1980
1980
0000
78E0
3040
1880
1880
0D00
0D00
0600
0600
0600
0600
0F00
0000
0000
0000
0000
0000
0000
ENDCHAR
STARTCHAR Zacute
ENCODING 377
SWIDTH 600 0
DWIDTH 12 0
BBX 12 20 0 -6
BITMAP
0100
0300
0400
3FE0
6060
40C0
0180
0300
0600
0C00
1800
3020
6060
7FC0
0000
0000
0000
0000
0000
0000
ENDCHAR
STARTCHAR zacute
ENCODING 378
SWIDTH 600 0
DWIDTH 12 0
BBX 12 20 0 -6
BITMAP
0000
0100
0300
0400
0000
7FE0
40C0
0180
0300
0600
0C00
1800
3020
7FE0
0000
0000
0000
0000
0000
0000
ENDCHAR
STARTCHAR Zdotaccent
ENCODING 379
SWIDTH 600 0
DWIDTH 12 0
BBX 12 20 0 -6
BITMAP
0600
0600
0000
3FE0
6060
40C0
0180
0300
0600
0C00
1800
3020
6060
7FC0
0000
0000
0000
0000
0000
0000
ENDCHAR
STARTCHAR zdotaccent
ENCODING 380
SWIDTH 600 0
DWIDTH 12 0
BBX 12 20 0 -6
BITMAP
0000
0000
0600
0600
0000
7FE0
40C0
0180
0300
0600
0C00
1800
3020
7FE0
0000
0000
0000
0000
0000
0000
ENDCHAR
STARTCHAR Zcaron
ENCODING 381
SWIDTH 600 0
DWIDTH 12 0
BBX 12 20 0 -6
BITMAP
0880
0500
0200
3FE0
6060
40C0
0180
0300
0600
0C00
1800
3020
6060
7FC0
0000
0000
0000
0000
0000
0000
ENDCHAR
STARTCHAR zcaron
ENCODING 382
SWIDTH 600 0
DWIDTH 12 0
BBX 12 20 0 -6
BITMAP
0000
0000
1100
0A00
0400
7FE0
40C0
0180
0300
0600
0C00
1800
3020
7FE0
0000
0000
0000
0000
0000
0000
ENDCHAR
STARTCHAR longs
ENCODING 383
SWIDTH 600 0
DWIDTH 12 0
BBX 12 20 0 -6
BITMAP
0000
0000
0380
04C0
0C00
0C00
0C00
0C00
0C00
0C00
0C00
0C00
0C00
1E00
0000
0000
0000
0000
0000
0000
ENDCHAR
STARTCHAR florin
ENCODING 402
SWIDTH 600 0
DWIDTH 12 0
BBX 12 20 0 -6
BITMAP
0000
0000
01C0
0360
0620
0600
0600
0600
0600
3F80
0C00
0C00
0C00
0C00
8C00
D800
7000
0000
0000
0000
ENDCHAR
STARTCHAR ohorn
ENCODING 417
SWIDTH 600 0
DWIDTH 12 0
BBX 12 20 0 -6
BITMAP
0000
0000
0000
0000
0000
0FE0
3300
6180
6180
6180
6180
6180
3300
0C00
0000
0000
0000
0000
0000
0000
ENDCHAR
STARTCHAR uni01B7
ENCODING 439
SWIDTH 600 0
DWIDTH 12 0
BBX 12 20 0 -6
BITMAP
0000
0000
3FE0
6060
4060
00C0
0180
0780
01C0
0060
0060
4060
20C0
1F80
0000
0000
0000
0000
0000
0000
ENDCHAR
STARTCHAR Aringacute
ENCODING 506
SWIDTH 600 0
DWIDTH 12 0
BBX 12 20 0 -6
BITMAP
06C0
0980
0900
0600
0600
0700
0B00
0980
0980
1180
1FC0
20C0
20C0
71E0
0000
0000
0000
0000
0000
0000
ENDCHAR
STARTCHAR aringacute
ENCODING 507
SWIDTH 600 0
DWIDTH 12 0
BBX 12 20 0 -6
BITMAP
06C0
0980
0900
0600
0000
1F00
0080
00C0
0FC0
30C0
60C0
60C0
31C0
0EE0
0000
0000
0000
0000
0000
0000
ENDCHAR
STARTCHAR AEacute
ENCODING 508
SWIDTH 600 0
DWIDTH 12 0
BBX 12 20 0 -6
BITMAP
0100
0300
0400
03E0
0720
0B00
1300
3340
33C0
3F40
3300
3300
3320
7BE0
0000
0000
0000
0000
0000
0000
ENDCHAR
STARTCHAR aeacute
ENCODING 509
SWIDTH 600 0
DWIDTH 12 0
BBX 12 20 0 -6
BITMAP
0000
0200
0600
0800
0000
79C0
0660
0660
3E60
67E0
6600
6600
6620
39C0
0000
0000
0000
0000
0000
0000
ENDCHAR
STARTCHAR Oslashacute
ENCODING 510
SWIDTH 600 0
DWIDTH 12 0
BBX 12 20 0 -6
BITMAP
0080
0180
0200
0F20
10C0
30C0
6160
6260
6460
6460
6860
30C0
3080
4F00
0000
0000
0000
0000
0000
0000
ENDCHAR
STARTCHAR oslashacute
ENCODING 511
SWIDTH 600 0
DWIDTH 12 0
BBX 12 20 0 -6
BITMAP
0000
0100
0300
0400
0020
0F40
30C0
6160
6260
6260
6460
6860
30C0
2F00
4000
0000
0000
0000
0000
0000
ENDCHAR
STARTCHAR uni0218
ENCODING 536
SWIDTH 600 0
DWIDTH 12 0
BBX 12 20 0 -6
BITMAP
0000
0000
0FA0
1860
3020
3000
3C00
1F80
03C0
00E0
0060
4060
60C0
5F80
0600
0200
0400
0000
0000
0000
ENDCHAR
STARTCHAR uni0219
ENCODING 537
SWIDTH 600 0
DWIDTH 12 0
BBX 12 20 0 -6
BITMAP
0000
0000
0000
0000
0000
1F80
38C0
3000
3800
1F80
00E0
6060
70E0
3FC0
0600
0200
0400
0000
0000
0000
ENDCHAR
STARTCHAR uni021A
ENCODING 538
SWIDTH 600 0
DWIDTH 12 0
BBX 12 20 0 -6
BITMAP
0000
0000
7FE0
4620
0600
0600
0600
0600
0600
0600
0600
0600
0600
0F00
0600
0200
0400
0000
0000
0000
ENDCHAR
STARTCHAR uni021B
ENCODING 539
SWIDTH 600 0
DWIDTH 12 0
BBX 12 20 0 -6
BITMAP
0000
0000
0200
0600
0600
1F80
0600
0600
0600
0600
0600
0600
0640
0380
0600
0200
0400
0000
0000
0000
ENDCHAR
STARTCHAR uni0251
ENCODING 593
SWIDTH 600 0
DWIDTH 12 0
BBX 12 20 0 -6
BITMAP
0000
0000
0000
0000
0000
0000
3CE0
6780
C300
C300
C300
6780
3CE0
0000
0000
0000
0000
0000
0000
0000
ENDCHAR
STARTCHAR uni0278
ENCODING 632
SWIDTH 600 0
DWIDTH 12 0
BBX 12 20 0 -6
BITMAP
0000
0000
0F00
0600
0F00
36C0
6660
6660
6660
6660
36C0
0F00
0600
0F00
0000
0000
0000
0000
0000
0000
ENDCHAR
STARTCHAR circumflex
ENCODING 710
SWIDTH 600 0
DWIDTH 12 0
BBX 12 20 0 -6
BITMAP
0000
0400
0A00
1100
0000
0000
0000
0000
0000
0000
0000
0000
0000
0000
0000
0000
0000
0000
0000
0000
ENDCHAR
STARTCHAR caron
ENCODING 711
SWIDTH 600 0
DWIDTH 12 0
BBX 12 20 0 -6
BITMAP
0000
1100
0A00
0400
0000
0000
0000
0000
0000
0000
0000
0000
0000
0000
0000
0000
0000
0000
0000
0000
ENDCHAR
STARTCHAR uni02C9
ENCODING 713
SWIDTH 600 0
DWIDTH 12 0
BBX 12 20 0 -6
BITMAP
0000
0000
1F80
0000
0000
0000
0000
0000
0000
0000
0000
0000
0000
0000
0000
0000
0000
0000
0000
0000
ENDCHAR
STARTCHAR breve
ENCODING 728
SWIDTH 600 0
DWIDTH 12 0
BBX 12 20 0 -6
BITMAP
0000
0000
1100
0E00
0000
0000
0000
0000
0000
0000
0000
0000
0000
0000
0000
0000
0000
0000
0000
0000
ENDCHAR
STARTCHAR dotaccent
ENCODING 729
SWIDTH 600 0
DWIDTH 12 0
BBX 12 20 0 -6
BITMAP
0000
0000
0600
0600
0000
0000
0000
0000
0000
0000
0000
0000
0000
0000
0000
0000
0000
0000
0000
0000
ENDCHAR
STARTCHAR ring
ENCODING 730
SWIDTH 600 0
DWIDTH 12 0
BBX 12 20 0 -6
BITMAP
0600
0900
0900
0600
0000
0000
0000
0000
0000
0000
0000
0000
0000
0000
0000
0000
0000
0000
0000
0000
ENDCHAR
STARTCHAR ogonek
ENCODING 731
SWIDTH 600 0
DWIDTH 12 0
BBX 12 20 0 -6
BITMAP
0000
0000
0000
0000
0000
0000
0000
0000
0000
0000
0000
0000
0000
0000
0200
0400
0700
0000
0000
0000
ENDCHAR
STARTCHAR tilde
ENCODING 732
SWIDTH 600 0
DWIDTH 12 0
BBX 12 20 0 -6
BITMAP
0000
0C80
1300
0000
0000
0000
0000
0000
0000
0000
0000
0000
0000
0000
0000
0000
0000
0000
0000
0000
ENDCHAR
STARTCHAR hungarumlaut
ENCODING 733
SWIDTH 600 0
DWIDTH 12 0
BBX 12 20 0 -6
BITMAP
0000
0880
1980
2200
0000
0000
0000
0000
0000
0000
0000
0000
0000
0000
0000
0000
0000
0000
0000
0000
ENDCHAR
STARTCHAR uni037E
ENCODING 894
SWIDTH 600 0
DWIDTH 12 0
BBX 12 20 0 -6
BITMAP
0000
0000
0000
0000
0000
0400
0E00
0400
0000
0000
0000
0400
0E00
0600
0200
0400
0000
0000
0000
0000
ENDCHAR
STARTCHAR tonos
ENCODING 900
SWIDTH 600 0
DWIDTH 12 0
BBX 12 20 0 -6
BITMAP
0000
0100
0300
0400
0000
0000
0000
0000
0000
0000
0000
0000
0000
0000
0000
0000
0000
0000
0000
0000
ENDCHAR
STARTCHAR dieresistonos
ENCODING 901
SWIDTH 600 0
DWIDTH 12 0
BBX 12 20 0 -6
BITMAP
0100
0300
0400
3180
3180
0000
0000
0000
0000
0000
0000
0000
0000
0000
0000
0000
0000
0000
0000
0000
ENDCHAR
STARTCHAR Alphatonos
ENCODING 902
SWIDTH 600 0
DWIDTH 12 0
BBX 12 20 0 -6
BITMAP
0800
1800
2200
0700
0700
0B00
0980
0980
1180
1FC0
10C0
20C0
20C0
71E0
0000
0000
0000
0000
0000
0000
ENDCHAR
STARTCHAR anoteleia
ENCODING 903
SWIDTH 600 0
DWIDTH 12 0
BBX 12 20 0 -6
BITMAP
0000
0000
0000
0000
0000
0000
0600
0600
0000
0000
0000
0000
0000
0000
0000
0000
0000
0000
0000
0000
ENDCHAR
STARTCHAR Epsilontonos
ENCODING 904
SWIDTH 600 0
DWIDTH 12 0
BBX 12 20 0 -6
BITMAP
2000
6000
8000
7FE0
3020
3000
3000
3080
3F80
3080
3000
3020
3060
7FE0
0000
0000
0000
0000
0000
0000
ENDCHAR
STARTCHAR Etatonos
ENCODING 905
SWIDTH 600 0
DWIDTH 12 0
BBX 12 20 0 -6
BITMAP
2000
6000
8000
79E0
30C0
30C0
30C0
30C0
3FC0
30C0
30C0
30C0
30C0
79E0
0000
0000
0000
0000
0000
0000
ENDCHAR
STARTCHAR Iotatonos
ENCODING 906
SWIDTH 600 0
DWIDTH 12 0
BBX 12 20 0 -6
BITMAP
2000
6000
9F80
0600
0600
0600
0600
0600
0600
0600
0600
0600
0600
1F80
0000
0000
0000
0000
0000
0000
ENDCHAR
STARTCHAR Omicrontonos
ENCODING 908
SWIDTH 600 0
DWIDTH 12 0
BBX 12 20 0 -6
BITMAP
1000
3000
4F00
1080
30C0
6060
6060
6060
6060
6060
6060
30C0
1080
0F00
0000
0000
0000
0000
0000
0000
ENDCHAR
STARTCHAR Upsilontonos
ENCODING 910
SWIDTH 600 0
DWIDTH 12 0
BBX 12 20 0 -6
BITMAP
2000
6000
B8E0
3040
1880
1880
0D00
0D00
0600
0600
0600
0600
0600
0F00
0000
0000
0000
0000
0000
0000
ENDCHAR
STARTCHAR Omegatonos
ENCODING 911
SWIDTH 600 0
DWIDTH 12 0
BBX 12 20 0 -6
BITMAP
1000
3000
4F00
1980
30C0
6060
6060
6060
6060
30C0
1080
4920
79E0
39C0
0000
0000
0000
0000
0000
0000
ENDCHAR
STARTCHAR iotadieresistonos
ENCODING 912
SWIDTH 600 0
DWIDTH 12 0
BBX 12 20 0 -6
BITMAP
0080
0180
0200
18C0
18C0
0200
0E00
0600
0600
0600
0600
0600
0600
0300
0000
0000
0000
0000
0000
0000
ENDCHAR
STARTCHAR Alpha
ENCODING 913
SWIDTH 600 0
DWIDTH 12 0
BBX 12 20 0 -6
BITMAP
0000
0000
0200
0700
0700
0B00
0980
0980
1180
1FC0
10C0
20C0
20C0
71E0
0000
0000
0000
0000
0000
0000
ENDCHAR
STARTCHAR Beta
ENCODING 914
SWIDTH 600 0
DWIDTH 12 0
BBX 12 20 0 -6
BITMAP
0000
0000
7F00
30C0
3060
3060
30C0
3F00
30C0
3060
3060
3060
30C0
7F00
0000
0000
0000
0000
0000
0000
ENDCHAR
STARTCHAR Gamma
ENCODING 915
SWIDTH 600 0
DWIDTH 12 0
BBX 12 20 0 -6
BITMAP
0000
0000
7FC0
3060
3020
3000
3000
3000
3000
3000
3000
3000
3000
7800
0000
0000
0000
0000
0000
0000
ENDCHAR
STARTCHAR uni0394
ENCODING 916
SWIDTH 600 0
DWIDTH 12 0
BBX 12 20 0 -6
BITMAP
0000
0000
0400
0600
0E00
0B00
0B00
1180
1180
11C0
20C0
20C0
60E0
7FE0
0000
0000
0000
0000
0000
0000
ENDCHAR
STARTCHAR Epsilon
ENCODING 917
SWIDTH 600 0
DWIDTH 12 0
BBX 12 20 0 -6
BITMAP
0000
0000
7FE0
3020
3000
3000
3080
3F80
3080
3000
3000
3020
3060
7FE0
0000
0000
0000
0000
0000
0000
ENDCHAR
STARTCHAR Zeta
ENCODING 918
SWIDTH 600 0
DWIDTH 12 0
BBX 12 20 0 -6
BITMAP
0000
0000
3FE0
6060
4060
00C0
0180
0300
0600
0C00
1800
3020
6060
7FC0
0000
0000
0000
0000
0000
0000
ENDCHAR
STARTCHAR Eta
ENCODING 919
SWIDTH 600 0
DWIDTH 12 0
BBX 12 20 0 -6
BITMAP
0000
0000
79E0
30C0
30C0
30C0
30C0
3FC0
30C0
30C0
30C0
30C0
30C0
79E0
0000
0000
0000
0000
0000
0000
ENDCHAR
STARTCHAR Theta
ENCODING 920
SWIDTH 600 0
DWIDTH 12 0
BBX 12 20 0 -6
BITMAP
0000
0000
0F00
1080
30C0
6060
6060
6F60
6F60
6060
6060
30C0
1080
0F00
0000
0000
0000
0000
0000
0000
ENDCHAR
STARTCHAR Iota
ENCODING 921
SWIDTH 600 0
DWIDTH 12 0
BBX 12 20 0 -6
BITMAP
0000
0000
1F80
0600
0600
0600
0600
0600
0600
0600
0600
0600
0600
1F80
0000
0000
0000
0000
0000
0000
ENDCHAR
STARTCHAR Kappa
ENCODING 922
SWIDTH 600 0
DWIDTH 12 0
BBX 12 20 0 -6
BITMAP
0000
0000
79E0
3080
3100
3200
3400
3800
3C00
3600
3300
3180
30C0
79E0
0000
0000
0000
0000
0000
0000
ENDCHAR
STARTCHAR Lambda
ENCODING 923
SWIDTH 600 0
DWIDTH 12 0
BBX 12 20 0 -6
BITMAP
0000
0000
0400
0600
0E00
0B00
0B00
1180
1180
1180
20C0
20C0
20C0
71E0
0000
0000
0000
0000
0000
0000
ENDCHAR
STARTCHAR Mu
ENCODING 924
SWIDTH 600 0
DWIDTH 12 0
BBX 12 20 0 -6
BITMAP
0000
0000
C030
6060
70E0
70E0
5960
5960
4E60
4E60
4460
4060
4060
E0F0
0000
0000
0000
0000
0000
0000
ENDCHAR
STARTCHAR Nu
ENCODING 925
SWIDTH 600 0
DWIDTH 12 0
BBX 12 20 0 -6
BITMAP
0000
0000
60E0
2040
3040
3840
3C40
2E40
2740
23C0
21C0
20C0
20C0
70C0
0000
0000
0000
0000
0000
0000
ENDCHAR
STARTCHAR Xi
ENCODING 926
SWIDTH 600 0
DWIDTH 12 0
BBX 12 20 0 -6
BITMAP
0000
0000
7FE0
7FE0
4020
0000
1080
1F80
1F80
1080
0000
4020
7FE0
7FE0
0000
0000
0000
0000
0000
0000
ENDCHAR
STARTCHAR Omicron
ENCODING 927
SWIDTH 600 0
DWIDTH 12 0
BBX 12 20 0 -6
BITMAP
0000
0000
0F00
1080
30C0
6060
6060
6060
6060
6060
6060
30C0
1080
0F00
0000
0000
0000
0000
0000
0000
ENDCHAR
STARTCHAR Pi
ENCODING 928
SWIDTH 600 0
DWIDTH 12 0
BBX 12 20 0 -6
BITMAP
0000
0000
7FE0
30C0
30C0
30C0
30C0
30C0
30C0
30C0
30C0
30C0
30C0
79E0
0000
0000
0000
0000
0000
0000
ENDCHAR
STARTCHAR Rho
ENCODING 929
SWIDTH 600 0
DWIDTH 12 0
BBX 12 20 0 -6
BITMAP
0000
0000
7F00
30C0
3060
3060
3060
30C0
3F00
3000
3000
3000
3000
7800
0000
0000
0000
0000
0000
0000
ENDCHAR
STARTCHAR Sigma
ENCODING 931
SWIDTH 600 0
DWIDTH 12 0
BBX 12 20 0 -6
BITMAP
0000
0000
7FC0
3020
1800
0C00
0600
0300
0200
0400
0800
1020
3FE0
7FC0
0000
0000
0000
0000
0000
0000
ENDCHAR
STARTCHAR Tau
ENCODING 932
SWIDTH 600 0
DWIDTH 12 0
BBX 12 20 0 -6
BITMAP
0000
0000
7FE0
4620
0600
0600
0600
0600
0600
0600
0600
0600
0600
0F00
0000
0000
0000
0000
0000
0000
ENDCHAR
STARTCHAR Upsilon
ENCODING 933
SWIDTH 600 0
DWIDTH 12 0
BBX 12 20 0 -6
BITMAP
0000
0000
78E0
3040
1880
1880
0D00
0D00
0600
0600
0600
0600
0600
0F00
0000
0000
0000
0000
0000
0000
ENDCHAR
STARTCHAR Phi
ENCODING 934
SWIDTH 600 0
DWIDTH 12 0
BBX 12 20 0 -6
BITMAP
0000
0000
0F00
0600
0F00
36C0
6660
6660
6660
6660
36C0
0F00
0600
0F00
0000
0000
0000
0000
0000
0000
ENDCHAR
STARTCHAR Chi
ENCODING 935
SWIDTH 600 0
DWIDTH 12 0
BBX 12 20 0 -6
BITMAP
0000
0000
78E0
3040
1880
1880
0D00
0D00
0600
0B00
1180
1180
20C0
71E0
0000
0000
0000
0000
0000
0000
ENDCHAR
STARTCHAR Psi
ENCODING 936
SWIDTH 600 0
DWIDTH 12 0
BBX 12 20 0 -6
BITMAP
0000
0000
4F20
2640
2640
36C0
36C0
36C0
1F80
0600
0600
0600
0600
0F00
0000
0000
0000
0000
0000
0000
ENDCHAR
STARTCHAR uni03A9
ENCODING 937
SWIDTH 600 0
DWIDTH 12 0
BBX 12 20 0 -6
BITMAP
0000
0000
0F00
1980
30C0
6060
6060
6060
6060
30C0
1080
4920
79E0
39C0
0000
0000
0000
0000
0000
0000
ENDCHAR
STARTCHAR Iotadieresis
ENCODING 938
SWIDTH 600 0
DWIDTH 12 0
BBX 12 20 0 -6
BITMAP
1980
1980
0000
0F00
0600
0600
0600
0600
0600
0600
0600
0600
0600
0F00
0000
0000
0000
0000
0000
0000
ENDCHAR
STARTCHAR Upsilondieresis
ENCODING 939
SWIDTH 600 0
DWIDTH 12 0
BBX 12 20 0 -6
BITMAP
1980
1980
0000
78E0
3040
1880
1880
0D00
0D00
0600
0600
0600
0600
0F00
0000
0000
0000
0000
0000
0000
ENDCHAR
STARTCHAR alphatonos
ENCODING 940
SWIDTH 600 0
DWIDTH 12 0
BBX 12 20 0 -6
BITMAP
0000
0100
0300
0400
0000
0EC0
31C0
60C0
60C0
60C0
60C0
60C0
31C0
0E60
0000
0000
0000
0000
0000
0000
ENDCHAR
STARTCHAR epsilontonos
ENCODING 941
SWIDTH 600 0
DWIDTH 12 0
BBX 12 20 0 -6
BITMAP
0000
0100
0300
0400
0000
0F00
30C0
6040
6000
3E00
6000
60C0
31C0
1F00
0000
0000
0000
0000
0000
0000
ENDCHAR
STARTCHAR etatonos
ENCODING 942
SWIDTH 600 0
DWIDTH 12 0
BBX 12 20 0 -6
BITMAP
0000
0100
0300
0400
0000
7700
3980
30C0
30C0
30C0
30C0
30C0
30C0
30C0
00C0
00C0
0060
0000
0000
0000
ENDCHAR
STARTCHAR iotatonos
ENCODING 943
SWIDTH 600 0
DWIDTH 12 0
BBX 12 20 0 -6
BITMAP
0000
0080
0180
0200
0000
0200
0E00
0600
0600
0600
0600
0600
0600
0300
0000
0000
0000
0000
0000
0000
ENDCHAR
STARTCHAR upsilondieresistonos
ENCODING 944
SWIDTH 600 0
DWIDTH 12 0
BBX 12 20 0 -6
BITMAP
0100
0300
0400
3180
3180
0000
70C0
3060
3060
3060
3060
3060
18C0
0F00
0000
0000
0000
0000
0000
0000
ENDCHAR
STARTCHAR alpha
ENCODING 945
SWIDTH 600 0
DWIDTH 12 0
BBX 12 20 0 -6
BITMAP
0000
0000
0000
0000
0000
0EC0
31C0
60C0
60C0
60C0
60C0
60C0
31C0
0E60
0000
0000
0000
0000
0000
0000
ENDCHAR
STARTCHAR beta
ENCODING 946
SWIDTH 600 0
DWIDTH 12 0
BBX 12 20 0 -6
BITMAP
0000
0000
0F80
18C0
3060
3060
30C0
3780
30C0
3060
3060
3060
38C0
3780
3000
3000
6000
0000
0000
0000
ENDCHAR
STARTCHAR gamma
ENCODING 947
SWIDTH 600 0
DWIDTH 12 0
BBX 12 20 0 -6
BITMAP
0000
0000
0000
0000
0000
3060
7860
5840
1880
0C80
0D00
0D00
0700
0600
0600
0600
0E00
0000
0000
0000
ENDCHAR
STARTCHAR delta
ENCODING 948
SWIDTH 600 0
DWIDTH 12 0
BBX 12 20 0 -6
BITMAP
0000
0000
0F80
30C0
6000
3000
0F00
30C0
6060
6060
6060
6060
30C0
0F00
0000
0000
0000
0000
0000
0000
ENDCHAR
STARTCHAR epsilon
ENCODING 949
SWIDTH 600 0
DWIDTH 12 0
BBX 12 20 0 -6
BITMAP
0000
0000
0000
0000
0000
0F00
30C0
6040
6000
3E00
6000
60C0
31C0
1F00
0000
0000
0000
0000
0000
0000
ENDCHAR
STARTCHAR zeta
ENCODING 950
SWIDTH 600 0
DWIDTH 12 0
BBX 12 20 0 -6
BITMAP
0000
0000
7180
7F00
0C00
1800
3000
7000
6000
6000
6000
3000
1F80
0FC0
0040
00C0
0380
0000
0000
0000
ENDCHAR
STARTCHAR eta
ENCODING 951
SWIDTH 600 0
DWIDTH 12 0
BBX 12 20 0 -6
BITMAP
0000
0000
0000
0000
0000
7700
3980
30C0
30C0
30C0
30C0
30C0
30C0
30C0
00C0
00C0
0060
0000
0000
0000
ENDCHAR
STARTCHAR theta
ENCODING 952
SWIDTH 600 0
DWIDTH 12 0
BBX 12 20 0 -6
BITMAP
0000
0000
0F00
1080
30C0
6060
6060
7FE0
6060
6060
6060
30C0
1080
0F00
0000
0000
0000
0000
0000
0000
ENDCHAR
STARTCHAR iota
ENCODING 953
SWIDTH 600 0
DWIDTH 12 0
BBX 12 20 0 -6
BITMAP
0000
0000
0000
0000
0000
0200
0E00
0600
0600
0600
0600
0600
0600
0300
0000
0000
0000
0000
0000
0000
ENDCHAR
STARTCHAR kappa
ENCODING 954
SWIDTH 600 0
DWIDTH 12 0
BBX 12 20 0 -6
BITMAP
0000
0000
0000
0000
0000
70C0
31C0
3200
3400
3C00
3600
3300
3180
31E0
0000
0000
0000
0000
0000
0000
ENDCHAR
STARTCHAR lambda
ENCODING 955
SWIDTH 600 0
DWIDTH 12 0
BBX 12 20 0 -6
BITMAP
0000
0000
1800
3C00
2400
0400
0200
0200
0600
0F00
0D00
1920
39E0
30C0
0000
0000
0000
0000
0000
0000
ENDCHAR
STARTCHAR uni03BC
ENCODING 956
SWIDTH 600 0
DWIDTH 12 0
BBX 12 20 0 -6
BITMAP
0000
0000
0000
0000
0000
70C0
30C0
30C0
30C0
30C0
30C0
30C0
39C0
3EE0
3000
3000
3000
0000
0000
0000
ENDCHAR
STARTCHAR nu
ENCODING 957
SWIDTH 600 0
DWIDTH 12 0
BBX 12 20 0 -6
BITMAP
0000
0000
0000
0000
0000
7060
3060
1840
1880
0C80
0D00
0700
0600
0200
0000
0000
0000
0000
0000
0000
ENDCHAR
STARTCHAR xi
ENCODING 958
SWIDTH 600 0
DWIDTH 12 0
BBX 12 20 0 -6
BITMAP
0000
0000
7180
7F00
1800
3000
3180
1F00
3000
6000
6000
3000
1F80
0FC0
0040
00C0
0380
0000
0000
0000
ENDCHAR
STARTCHAR omicron
ENCODING 959
SWIDTH 600 0
DWIDTH 12 0
BBX 12 20 0 -6
BITMAP
0000
0000
0000
0000
0000
0F00
30C0
6060
6060
6060
6060
6060
30C0
0F00
0000
0000
0000
0000
0000
0000
ENDCHAR
STARTCHAR pi
ENCODING 960
SWIDTH 600 0
DWIDTH 12 0
BBX 12 20 0 -6
BITMAP
0000
0000
0000
0000
0000
3FE0
7FE0
4880
0880
1980
1980
1980
1980
0880
0000
0000
0000
0000
0000
0000
ENDCHAR
STARTCHAR rho
ENCODING 961
SWIDTH 600 0
DWIDTH 12 0
BBX 12 20 0 -6
BITMAP
0000
0000
0000
0000
0000
0F00
18C0
3060
3060
3060
3060
3060
38C0
3700
3000
3000
6000
0000
0000
0000
ENDCHAR
STARTCHAR sigma1
ENCODING 962
SWIDTH 600 0
DWIDTH 12 0
BBX 12 20 0 -6
BITMAP
0000
0000
0000
0000
0000
0F00
3180
6000
4000
4000
4000
3000
1F80
0FC0
0040
00C0
0380
0000
0000
0000
ENDCHAR
STARTCHAR sigma
ENCODING 963
SWIDTH 600 0
DWIDTH 12 0
BBX 12 20 0 -6
BITMAP
0000
0000
0000
0000
0000
0FE0
3300
6180
6180
6180
6180
6180
3300
0C00
0000
0000
0000
0000
0000
0000
ENDCHAR
STARTCHAR tau
ENCODING 964
SWIDTH 600 0
DWIDTH 12 0
BBX 12 20 0 -6
BITMAP
0000
0000
0000
0000
0000
3FE0
7FE0
4200
0200
0600
0600
0600
0600
0200
0000
0000
0000
0000
0000
0000
ENDCHAR
STARTCHAR upsilon
ENCODING 965
SWIDTH 600 0
DWIDTH 12 0
BBX 12 20 0 -6
BITMAP
0000
0000
0000
0000
0000
70C0
3060
3060
3060
3060
3060
3060
18C0
0F00
0000
0000
0000
0000
0000
0000
ENDCHAR
STARTCHAR phi
ENCODING 966
SWIDTH 600 0
DWIDTH 12 0
BBX 12 20 0 -6
BITMAP
0000
0000
0000
0000
0000
0980
32C0
6660
6660
6660
6660
6660
36C0
0F00
0600
0600
0600
0000
0000
0000
ENDCHAR
STARTCHAR chi
ENCODING 967
SWIDTH 600 0
DWIDTH 12 0
BBX 12 20 0 -6
BITMAP
0000
0000
0000
0000
0000
3060
78C0
4980
0580
0700
0600
0E00
0D00
1900
1920
31E0
60C0
0000
0000
0000
ENDCHAR
STARTCHAR psi
ENCODING 968
SWIDTH 600 0
DWIDTH 12 0
BBX 12 20 0 -6
BITMAP
0000
0000
0000
0000
0000
C460
64C0
64C0
64C0
64C0
64C0
64C0
3580
0E00
0400
0400
0400
0000
0000
0000
ENDCHAR
STARTCHAR omega
ENCODING 969
SWIDTH 600 0
DWIDTH 12 0
BBX 12 20 0 -6
BITMAP
0000
0000
0000
0000
0000
1080
2040
6660
6660
6660
6660
6660
6F60
39C0
0000
0000
0000
0000
0000
0000
ENDCHAR
STARTCHAR iotadieresis
ENCODING 970
SWIDTH 600 0
DWIDTH 12 0
BBX 12 20 0 -6
BITMAP
0000
0000
1980
1980
0000
0200
0E00
0600
0600
0600
0600
0600
0600
0300
0000
0000
0000
0000
0000
0000
ENDCHAR
STARTCHAR upsilondieresis
ENCODING 971
SWIDTH 600 0
DWIDTH 12 0
BBX 12 20 0 -6
BITMAP
0000
0000
1980
1980
0000
70C0
3060
3060
3060
3060
3060
3060
18C0
0F00
0000
0000
0000
0000
0000
0000
ENDCHAR
STARTCHAR omicrontonos
ENCODING 972
SWIDTH 600 0
DWIDTH 12 0
BBX 12 20 0 -6
BITMAP
0000
0100
0300
0400
0000
0F00
30C0
6060
6060
6060
6060
6060
30C0
0F00
0000
0000
0000
0000
0000
0000
ENDCHAR
STARTCHAR upsilontonos
ENCODING 973
SWIDTH 600 0
DWIDTH 12 0
BBX 12 20 0 -6
BITMAP
0000
0100
0300
0400
0000
70C0
3060
3060
3060
3060
3060
3060
18C0
0F00
0000
0000
0000
0000
0000
0000
ENDCHAR
STARTCHAR omegatonos
ENCODING 974
SWIDTH 600 0
DWIDTH 12 0
BBX 12 20 0 -6
BITMAP
0000
0100
0300
0400
0000
1080
2040
6660
6660
6660
6660
6660
6F60
39C0
0000
0000
0000
0000
0000
0000
ENDCHAR
STARTCHAR uni03D0
ENCODING 976
SWIDTH 600 0
DWIDTH 12 0
BBX 12 20 0 -6
BITMAP
0000
0000
0F80
18C0
3060
3060
30C0
3780
30C0
3060
3060
3060
38C0
3780
3000
3000
7800
0000
0000
0000
ENDCHAR
STARTCHAR uni03F4
ENCODING 1012
SWIDTH 600 0
DWIDTH 12 0
BBX 12 20 0 -6
BITMAP
0000
0000
0F00
1080
30C0
6060
6060
6F60
6F60
6060
6060
30C0
1080
0F00
0000
0000
0000
0000
0000
0000
ENDCHAR
STARTCHAR uni0400
ENCODING 1024
SWIDTH 600 0
DWIDTH 12 0
BBX 12 20 0 -6
BITMAP
0800
0C00
0200
7FE0
3020
3000
3000
3040
3FC0
3040
3000
3020
3060
7FE0
0000
0000
0000
0000
0000
0000
ENDCHAR
STARTCHAR uni0401
ENCODING 1025
SWIDTH 600 0
DWIDTH 12 0
BBX 12 20 0 -6
BITMAP
1980
1980
0000
7FE0
3020
3000
3000
3040
3FC0
3040
3000
3020
3060
7FE0
0000
0000
0000
0000
0000
0000
ENDCHAR
STARTCHAR uni0402
ENCODING 1026
SWIDTH 600 0
DWIDTH 12 0
BBX 12 20 0 -6
BITMAP
0000
0000
FF00
9900
1800
1800
1B00
1CC0
1860
1860
1860
1860
1840
3C80
0000
0000
0000
0000
0000
0000
ENDCHAR
STARTCHAR uni0403
ENCODING 1027
SWIDTH 600 0
DWIDTH 12 0
BBX 12 20 0 -6
BITMAP
0100
0300
0400
7FC0
3060
3020
3000
3000
3000
3000
3000
3000
3000
7800
0000
0000
0000
0000
0000
0000
ENDCHAR
STARTCHAR uni0404
ENCODING 1028
SWIDTH 600 0
DWIDTH 12 0
BBX 12 20 0 -6
BITMAP
0000
0000
0F80
1060
3020
6000
6000
7F00
6000
6000
6000
3020
1040
0F80
0000
0000
0000
0000
0000
0000
ENDCHAR
STARTCHAR uni0405
ENCODING 1029
SWIDTH 600 0
DWIDTH 12 0
BBX 12 20 0 -6
BITMAP
0000
0000
0FA0
1860
3020
3000
3C00
1F80
03C0
00E0
0060
4060
60C0
5F80
0000
0000
0000
0000
0000
0000
ENDCHAR
STARTCHAR uni0406
ENCODING 1030
SWIDTH 600 0
DWIDTH 12 0
BBX 12 20 0 -6
BITMAP
0000
0000
1F80
0600
0600
0600
0600
0600
0600
0600
0600
0600
0600
1F80
0000
0000
0000
0000
0000
0000
ENDCHAR
STARTCHAR uni0407
ENCODING 1031
SWIDTH 600 0
DWIDTH 12 0
BBX 12 20 0 -6
BITMAP
1980
1980
0000
0F00
0600
0600
0600
0600
0600
0600
0600
0600
0600
0F00
0000
0000
0000
0000
0000
0000
ENDCHAR
STARTCHAR uni0408
ENCODING 1032
SWIDTH 600 0
DWIDTH 12 0
BBX 12 20 0 -6
BITMAP
0000
0000
0780
0300
0300
0300
0300
0300
0300
0300
0300
3300
3300
1E00
0000
0000
0000
0000
0000
0000
ENDCHAR
STARTCHAR uni0409
ENCODING 1033
SWIDTH 600 0
DWIDTH 12 0
BBX 12 20 0 -6
BITMAP
0000
0000
7E00
2600
2600
2600
2600
2780
26C0
2660
2660
2660
2640
6F80
0000
0000
0000
0000
0000
0000
ENDCHAR
STARTCHAR uni040A
ENCODING 1034
SWIDTH 600 0
DWIDTH 12 0
BBX 12 20 0 -6
BITMAP
0000
0000
E700
6600
6600
6600
6600
7F80
66C0
6660
6660
6660
6640
E780
0000
0000
0000
0000
0000
0000
ENDCHAR
STARTCHAR uni040B
ENCODING 1035
SWIDTH 600 0
DWIDTH 12 0
BBX 12 20 0 -6
BITMAP
0000
0000
FF00
9900
1800
1800
1B00
1D80
18C0
18C0
18C0
18C0
18C0
39E0
0000
0000
0000
0000
0000
0000
ENDCHAR
STARTCHAR uni040C
ENCODING 1036
SWIDTH 600 0
DWIDTH 12 0
BBX 12 20 0 -6
BITMAP
0100
0300
0400
79E0
3080
3100
3200
3400
3C00
3600
3300
3180
30C0
79E0
0000
0000
0000
0000
0000
0000
ENDCHAR
STARTCHAR uni040D
ENCODING 1037
SWIDTH 600 0
DWIDTH 12 0
BBX 12 20 0 -6
BITMAP
1000
1800
0400
79E0
30C0
31C0
31C0
32C0
32C0
34C0
38C0
38C0
30C0
79E0
0000
0000
0000
0000
0000
0000
ENDCHAR
STARTCHAR uni040E
ENCODING 1038
SWIDTH 600 0
DWIDTH 12 0
BBX 12 20 0 -6
BITMAP
0900
0600
0000
78E0
3040
1840
1880
0C80
0D00
0700
0700
0200
6600
3C00
0000
0000
0000
0000
0000
0000
ENDCHAR
STARTCHAR uni040F
ENCODING 1039
SWIDTH 600 0
DWIDTH 12 0
BBX 12 20 0 -6
BITMAP
0000
0000
79E0
30C0
30C0
30C0
30C0
30C0
30C0
30C0
30C0
30C0
30C0
7FE0
0600
0600
0000
0000
0000
0000
ENDCHAR
STARTCHAR uni0410
ENCODING 1040
SWIDTH 600 0
DWIDTH 12 0
BBX 12 20 0 -6
BITMAP
0000
0000
0200
0700
0700
0B00
0980
0980
1180
1FC0
10C0
20C0
20C0
71E0
0000
0000
0000
0000
0000
0000
ENDCHAR
STARTCHAR uni0411
ENCODING 1041
SWIDTH 600 0
DWIDTH 12 0
BBX 12 20 0 -6
BITMAP
0000
0000
7FC0
3060
3020
3000
3000
3F00
30C0
3060
3060
3060
30C0
7F00
0000
0000
0000
0000
0000
0000
ENDCHAR
STARTCHAR uni0412
ENCODING 1042
SWIDTH 600 0
DWIDTH 12 0
BBX 12 20 0 -6
BITMAP
0000
0000
7F00
30C0
3060
3060
30C0
3F00
30C0
3060
3060
3060
30C0
7F00
0000
0000
0000
0000
0000
0000
ENDCHAR
STARTCHAR uni0413
ENCODING 1043
SWIDTH 600 0
DWIDTH 12 0
BBX 12 20 0 -6
BITMAP
0000
0000
7FC0
3060
3020
3000
3000
3000
3000
3000
3000
3000
3000
7800
0000
0000
0000
0000
0000
0000
ENDCHAR
STARTCHAR uni0414
ENCODING 1044
SWIDTH 600 0
DWIDTH 12 0
BBX 12 20 0 -6
BITMAP
0000
0000
0FE0
04C0
08C0
08C0
08C0
08C0
10C0
10C0
10C0
10C0
30C0
7FE0
6060
4020
0000
0000
0000
0000
ENDCHAR
STARTCHAR uni0415
ENCODING 1045
SWIDTH 600 0
DWIDTH 12 0
BBX 12 20 0 -6
BITMAP
0000
0000
7FE0
3020
3000
3000
3080
3F80
3080
3000
3000
3020
3060
7FE0
0000
0000
0000
0000
0000
0000
ENDCHAR
STARTCHAR uni0416
ENCODING 1046
SWIDTH 600 0
DWIDTH 12 0
BBX 12 20 0 -6
BITMAP
0000
0000
6F60
2640
2640
1680
1680
0F00
1F80
1680
36C0
36C0
6660
6F60
0000
0000
0000
0000
0000
0000
ENDCHAR
STARTCHAR uni0417
ENCODING 1047
SWIDTH 600 0
DWIDTH 12 0
BBX 12 20 0 -6
BITMAP
0000
0000
3F80
60C0
4060
0060
00C0
0780
01C0
0060
0060
4060
20C0
1F00
0000
0000
0000
0000
0000
0000
ENDCHAR
STARTCHAR uni0418
ENCODING 1048
SWIDTH 600 0
DWIDTH 12 0
BBX 12 20 0 -6
BITMAP
0000
0000
79E0
30C0
31C0
31C0
32C0
32C0
34C0
34C0
38C0
38C0
30C0
79E0
0000
0000
0000
0000
0000
0000
ENDCHAR
STARTCHAR uni0419
ENCODING 1049
SWIDTH 600 0
DWIDTH 12 0
BBX 12 20 0 -6
BITMAP
0900
0600
0000
79E0
30C0
31C0
31C0
32C0
32C0
34C0
38C0
38C0
30C0
79E0
0000
0000
0000
0000
0000
0000
ENDCHAR
STARTCHAR uni041A
ENCODING 1050
SWIDTH 600 0
DWIDTH 12 0
BBX 12 20 0 -6
BITMAP
0000
0000
79E0
3080
3100
3200
3400
3800
3C00
3600
3300
3180
30C0
79E0
0000
0000
0000
0000
0000
0000
ENDCHAR
STARTCHAR uni041B
ENCODING 1051
SWIDTH 600 0
DWIDTH 12 0
BBX 12 20 0 -6
BITMAP
0000
0000
1FE0
08C0
08C0
08C0
08C0
08C0
08C0
08C0
18C0
30C0
70C0
61E0
0000
0000
0000
0000
0000
0000
ENDCHAR
STARTCHAR uni041C
ENCODING 1052
SWIDTH 600 0
DWIDTH 12 0
BBX 12 20 0 -6
BITMAP
0000
0000
C030
6060
70E0
70E0
5960
5960
4E60
4E60
4460
4060
4060
E0F0
0000
0000
0000
0000
0000
0000
ENDCHAR
STARTCHAR uni041D
ENCODING 1053
SWIDTH 600 0
DWIDTH 12 0
BBX 12 20 0 -6
BITMAP
0000
0000
79E0
30C0
30C0
30C0
30C0
3FC0
30C0
30C0
30C0
30C0
30C0
79E0
0000
0000
0000
0000
0000
0000
ENDCHAR
STARTCHAR uni041E
ENCODING 1054
SWIDTH 600 0
DWIDTH 12 0
BBX 12 20 0 -6
BITMAP
0000
0000
0F00
1080
30C0
6060
6060
6060
6060
6060
6060
30C0
1080
0F00
0000
0000
0000
0000
0000
0000
ENDCHAR
STARTCHAR uni041F
ENCODING 1055
SWIDTH 600 0
DWIDTH 12 0
BBX 12 20 0 -6
BITMAP
0000
0000
7FE0
30C0
30C0
30C0
30C0
30C0
30C0
30C0
30C0
30C0
30C0
79E0
0000
0000
0000
0000
0000
0000
ENDCHAR
STARTCHAR uni0420
ENCODING 1056
SWIDTH 600 0
DWIDTH 12 0
BBX 12 20 0 -6
BITMAP
0000
0000
7F00
30C0
3060
3060
3060
30C0
3F00
3000
3000
3000
3000
7800
0000
0000
0000
0000
0000
0000
ENDCHAR
STARTCHAR uni0421
ENCODING 1057
SWIDTH 600 0
DWIDTH 12 0
BBX 12 20 0 -6
BITMAP
0000
0000
0F80
1060
3020
6000
6000
6000
6000
6000
6000
3020
1040
0F80
0000
0000
0000
0000
0000
0000
ENDCHAR
STARTCHAR uni0422
ENCODING 1058
SWIDTH 600 0
DWIDTH 12 0
BBX 12 20 0 -6
BITMAP
0000
0000
7FE0
4620
0600
0600
0600
0600
0600
0600
0600
0600
0600
0F00
0000
0000
0000
0000
0000
0000
ENDCHAR
STARTCHAR uni0423
ENCODING 1059
SWIDTH 600 0
DWIDTH 12 0
BBX 12 20 0 -6
BITMAP
0000
0000
78E0
3040
3040
1880
1880
0C80
0D00
0700
0700
0200
6600
3C00
0000
0000
0000
0000
0000
0000
ENDCHAR
STARTCHAR uni0424
ENCODING 1060
SWIDTH 600 0
DWIDTH 12 0
BBX 12 20 0 -6
BITMAP
0000
0000
0F00
0600
0F00
36C0
6660
6660
6660
6660
36C0
0F00
0600
0F00
0000
0000
0000
0000
0000
0000
ENDCHAR
STARTCHAR uni0425
ENCODING 1061
SWIDTH 600 0
DWIDTH 12 0
BBX 12 20 0 -6
BITMAP
0000
0000
78E0
3040
1880
1880
0D00
0D00
0600
0B00
1180
1180
20C0
71E0
0000
0000
0000
0000
0000
0000
ENDCHAR
STARTCHAR uni0426
ENCODING 1062
SWIDTH 600 0
DWIDTH 12 0
BBX 12 20 0 -6
BITMAP
0000
0000
79E0
30C0
30C0
30C0
30C0
30C0
30C0
30C0
30C0
30C0
30C0
7FE0
0060
0020
0000
0000
0000
0000
ENDCHAR
STARTCHAR uni0427
ENCODING 1063
SWIDTH 600 0
DWIDTH 12 0
BBX 12 20 0 -6
BITMAP
0000
0000
79E0
30C0
30C0
30C0
30C0
30C0
19C0
0EC0
00C0
00C0
00C0
01E0
0000
0000
0000
0000
0000
0000
ENDCHAR
STARTCHAR uni0428
ENCODING 1064
SWIDTH 600 0
DWIDTH 12 0
BBX 12 20 0 -6
BITMAP
0000
0000
76E0
36C0
36C0
36C0
36C0
36C0
36C0
36C0
36C0
36C0
36C0
7FE0
0000
0000
0000
0000
0000
0000
ENDCHAR
STARTCHAR uni0429
ENCODING 1065
SWIDTH 600 0
DWIDTH 12 0
BBX 12 20 0 -6
BITMAP
0000
0000
76E0
36C0
36C0
36C0
36C0
36C0
36C0
36C0
36C0
36C0
36C0
7FE0
0060
0020
0000
0000
0000
0000
ENDCHAR
STARTCHAR uni042A
ENCODING 1066
SWIDTH 600 0
DWIDTH 12 0
BBX 12 20 0 -6
BITMAP
0000
0000
F800
9800
1800
1800
1800
1F00
18C0
1860
1860
1860
18C0
3F00
0000
0000
0000
0000
0000
0000
ENDCHAR
STARTCHAR uni042B
ENCODING 1067
SWIDTH 600 0
DWIDTH 12 0
BBX 12 20 0 -6
BITMAP
0000
0000
E1E0
60C0
60C0
60C0
60C0
78C0
6CC0
66C0
66C0
66C0
64C0
F9E0
0000
0000
0000
0000
0000
0000
ENDCHAR
STARTCHAR uni042C
ENCODING 1068
SWIDTH 600 0
DWIDTH 12 0
BBX 12 20 0 -6
BITMAP
0000
0000
7800
3000
3000
3000
3000
3F00
30C0
3060
3060
3060
30C0
7F00
0000
0000
0000
0000
0000
0000
ENDCHAR
STARTCHAR uni042D
ENCODING 1069
SWIDTH 600 0
DWIDTH 12 0
BBX 12 20 0 -6
BITMAP
0000
0000
1F00
6080
40C0
0060
0060
0FE0
0060
0060
0060
40C0
2080
1F00
0000
0000
0000
0000
0000
0000
ENDCHAR
STARTCHAR uni042E
ENCODING 1070
SWIDTH 600 0
DWIDTH 12 0
BBX 12 20 0 -6
BITMAP
0000
0000
7980
3240
3660
3660
3660
3E60
3660
3660
3660
3660
3240
7980
0000
0000
0000
0000
0000
0000
ENDCHAR
STARTCHAR uni042F
ENCODING 1071
SWIDTH 600 0
DWIDTH 12 0
BBX 12 20 0 -6
BITMAP
0000
0000
0FE0
30C0
60C0
60C0
60C0
30C0
0FC0
06C0
0CC0
18C0
30C0
61E0
0000
0000
0000
0000
0000
0000
ENDCHAR
STARTCHAR uni0430
ENCODING 1072
SWIDTH 600 0
DWIDTH 12 0
BBX 12 20 0 -6
BITMAP
0000
0000
0000
0000
0000
1F00
0080
00C0
0FC0
30C0
60C0
60C0
31C0
0EE0
0000
0000
0000
0000
0000
0000
ENDCHAR
STARTCHAR uni0431
ENCODING 1073
SWIDTH 600 0
DWIDTH 12 0
BBX 12 20 0 -6
BITMAP
0000
0000
0780
1F00
3000
6F00
70C0
6060
6060
6060
6060
6060
30C0
0F00
0000
0000
0000
0000
0000
0000
ENDCHAR
STARTCHAR uni0432
ENCODING 1074
SWIDTH 600 0
DWIDTH 12 0
BBX 12 20 0 -6
BITMAP
0000
0000
0000
0000
0000
7FC0
3060
3060
30C0
3F80
30C0
3060
3060
7FC0
0000
0000
0000
0000
0000
0000
ENDCHAR
STARTCHAR uni0433
ENCODING 1075
SWIDTH 600 0
DWIDTH 12 0
BBX 12 20 0 -6
BITMAP
0000
0000
0000
0000
0000
7FC0
3060
3020
3000
3000
3000
3000
3000
7800
0000
0000
0000
0000
0000
0000
ENDCHAR
STARTCHAR uni0434
ENCODING 1076
SWIDTH 600 0
DWIDTH 12 0
BBX 12 20 0 -6
BITMAP
0000
0000
0000
0000
0000
0FE0
04C0
04C0
08C0
08C0
10C0
10C0
30C0
7FE0
6060
4020
0000
0000
0000
0000
ENDCHAR
STARTCHAR uni0435
ENCODING 1077
SWIDTH 600 0
DWIDTH 12 0
BBX 12 20 0 -6
BITMAP
0000
0000
0000
0000
0000
0F00
30C0
6060
6060
7FE0
6000
6000
3020
0FC0
0000
0000
0000
0000
0000
0000
ENDCHAR
STARTCHAR uni0436
ENCODING 1078
SWIDTH 600 0
DWIDTH 12 0
BBX 12 20 0 -6
BITMAP
0000
0000
0000
0000
0000
6F60
2640
2640
1680
0F00
1680
36C0
6660
6F60
0000
0000
0000
0000
0000
0000
ENDCHAR
STARTCHAR uni0437
ENCODING 1079
SWIDTH 600 0
DWIDTH 12 0
BBX 12 20 0 -6
BITMAP
0000
0000
0000
0000
0000
7FC0
40E0
0060
0040
0780
00C0
0060
60E0
3FC0
0000
0000
0000
0000
0000
0000
ENDCHAR
STARTCHAR uni0438
ENCODING 1080
SWIDTH 600 0
DWIDTH 12 0
BBX 12 20 0 -6
BITMAP
0000
0000
0000
0000
0000
79E0
30C0
31C0
32C0
32C0
34C0
38C0
30C0
79E0
0000
0000
0000
0000
0000
0000
ENDCHAR
STARTCHAR uni0439
ENCODING 1081
SWIDTH 600 0
DWIDTH 12 0
BBX 12 20 0 -6
BITMAP
0000
0000
0900
0600
0000
79E0
30C0
31C0
32C0
32C0
34C0
38C0
30C0
79E0
0000
0000
0000
0000
0000
0000
ENDCHAR
STARTCHAR uni043A
ENCODING 1082
SWIDTH 600 0
DWIDTH 12 0
BBX 12 20 0 -6
BITMAP
0000
0000
0000
0000
0000
79C0
3100
3200
3400
3C00
3600
3300
3180
79E0
0000
0000
0000
0000
0000
0000
ENDCHAR
STARTCHAR uni043B
ENCODING 1083
SWIDTH 600 0
DWIDTH 12 0
BBX 12 20 0 -6
BITMAP
0000
0000
0000
0000
0000
1FE0
08C0
08C0
08C0
08C0
08C0
10C0
70C0
61E0
0000
0000
0000
0000
0000
0000
ENDCHAR
STARTCHAR uni043C
ENCODING 1084
SWIDTH 600 0
DWIDTH 12 0
BBX 12 20 0 -6
BITMAP
0000
0000
0000
0000
0000
C060
60C0
71C0
71C0
5AC0
5AC0
4CC0
4CC0
E1E0
0000
0000
0000
0000
0000
0000
ENDCHAR
STARTCHAR uni043D
ENCODING 1085
SWIDTH 600 0
DWIDTH 12 0
BBX 12 20 0 -6
BITMAP
0000
0000
0000
0000
0000
79E0
30C0
30C0
30C0
3FC0
30C0
30C0
30C0
79E0
0000
0000
0000
0000
0000
0000
ENDCHAR
STARTCHAR uni043E
ENCODING 1086
SWIDTH 600 0
DWIDTH 12 0
BBX 12 20 0 -6
BITMAP
0000
0000
0000
0000
0000
0F00
30C0
6060
6060
6060
6060
6060
30C0
0F00
0000
0000
0000
0000
0000
0000
ENDCHAR
STARTCHAR uni043F
ENCODING 1087
SWIDTH 600 0
DWIDTH 12 0
BBX 12 20 0 -6
BITMAP
0000
0000
0000
0000
0000
7FE0
30C0
30C0
30C0
30C0
30C0
30C0
30C0
79E0
0000
0000
0000
0000
0000
0000
ENDCHAR
STARTCHAR uni0440
ENCODING 1088
SWIDTH 600 0
DWIDTH 12 0
BBX 12 20 0 -6
BITMAP
0000
0000
0000
0000
0000
7700
38C0
3060
3060
3060
3060
3060
38C0
3700
3000
3000
7800
0000
0000
0000
ENDCHAR
STARTCHAR uni0441
ENCODING 1089
SWIDTH 600 0
DWIDTH 12 0
BBX 12 20 0 -6
BITMAP
0000
0000
0000
0000
0000
1F80
30C0
6020
6000
6000
6000
6020
30C0
1F80
0000
0000
0000
0000
0000
0000
ENDCHAR
STARTCHAR uni0442
ENCODING 1090
SWIDTH 600 0
DWIDTH 12 0
BBX 12 20 0 -6
BITMAP
0000
0000
0000
0000
0000
7FE0
4620
0600
0600
0600
0600
0600
0600
0F00
0000
0000
0000
0000
0000
0000
ENDCHAR
STARTCHAR uni0443
ENCODING 1091
SWIDTH 600 0
DWIDTH 12 0
BBX 12 20 0 -6
BITMAP
0000
0000
0000
0000
0000
78E0
3040
1840
1880
0C80
0D00
0700
0600
0200
0400
6400
3800
0000
0000
0000
ENDCHAR
STARTCHAR uni0444
ENCODING 1092
SWIDTH 600 0
DWIDTH 12 0
BBX 12 20 0 -6
BITMAP
0000
0000
0F00
0600
0600
0F00
36C0
6660
6660
6660
6660
6660
36C0
0F00
0600
0600
0F00
0000
0000
0000
ENDCHAR
STARTCHAR uni0445
ENCODING 1093
SWIDTH 600 0
DWIDTH 12 0
BBX 12 20 0 -6
BITMAP
0000
0000
0000
0000
0000
78E0
3040
1880
0D00
0600
0700
0980
10C0
71E0
0000
0000
0000
0000
0000
0000
ENDCHAR
STARTCHAR uni0446
ENCODING 1094
SWIDTH 600 0
DWIDTH 12 0
BBX 12 20 0 -6
BITMAP
0000
0000
0000
0000
0000
79E0
30C0
30C0
30C0
30C0
30C0
30C0
30C0
7FE0
0060
0020
0000
0000
0000
0000
ENDCHAR
STARTCHAR uni0447
ENCODING 1095
SWIDTH 600 0
DWIDTH 12 0
BBX 12 20 0 -6
BITMAP
0000
0000
0000
0000
0000
79E0
30C0
30C0
30C0
19C0
0EC0
00C0
00C0
01E0
0000
0000
0000
0000
0000
0000
ENDCHAR
STARTCHAR uni0448
ENCODING 1096
SWIDTH 600 0
DWIDTH 12 0
BBX 12 20 0 -6
BITMAP
0000
0000
0000
0000
0000
76E0
36C0
36C0
36C0
36C0
36C0
36C0
36C0
7FE0
0000
0000
0000
0000
0000
0000
ENDCHAR
STARTCHAR uni0449
ENCODING 1097
SWIDTH 600 0
DWIDTH 12 0
BBX 12 20 0 -6
BITMAP
0000
0000
0000
0000
0000
76E0
36C0
36C0
36C0
36C0
36C0
36C0
36C0
7FE0
0060
0020
0000
0000
0000
0000
ENDCHAR
STARTCHAR uni044A
ENCODING 1098
SWIDTH 600 0
DWIDTH 12 0
BBX 12 20 0 -6
BITMAP
0000
0000
0000
0000
0000
F800
9800
1800
1F00
18C0
1860
1860
18C0
3F00
0000
0000
0000
0000
0000
0000
ENDCHAR
STARTCHAR uni044B
ENCODING 1099
SWIDTH 600 0
DWIDTH 12 0
BBX 12 20 0 -6
BITMAP
0000
0000
0000
0000
0000
E1E0
60C0
60C0
78C0
6CC0
66C0
66C0
64C0
F9E0
0000
0000
0000
0000
0000
0000
ENDCHAR
STARTCHAR uni044C
ENCODING 1100
SWIDTH 600 0
DWIDTH 12 0
BBX 12 20 0 -6
BITMAP
0000
0000
0000
0000
0000
7800
3000
3000
3F00
30C0
3060
3060
30C0
7F00
0000
0000
0000
0000
0000
0000
ENDCHAR
STARTCHAR uni044D
ENCODING 1101
SWIDTH 600 0
DWIDTH 12 0
BBX 12 20 0 -6
BITMAP
0000
0000
0000
0000
0000
1F00
60C0
4060
0060
0FE0
0060
4060
20C0
1F00
0000
0000
0000
0000
0000
0000
ENDCHAR
STARTCHAR uni044E
ENCODING 1102
SWIDTH 600 0
DWIDTH 12 0
BBX 12 20 0 -6
BITMAP
0000
0000
0000
0000
0000
7980
3240
3660
3660
3E60
3660
3660
3240
7980
0000
0000
0000
0000
0000
0000
ENDCHAR
STARTCHAR uni044F
ENCODING 1103
SWIDTH 600 0
DWIDTH 12 0
BBX 12 20 0 -6
BITMAP
0000
0000
0000
0000
0000
0FE0
10C0
30C0
30C0
1FC0
06C0
0CC0
18C0
61E0
0000
0000
0000
0000
0000
0000
ENDCHAR
STARTCHAR uni0450
ENCODING 1104
SWIDTH 600 0
DWIDTH 12 0
BBX 12 20 0 -6
BITMAP
0000
0800
0C00
0200
0000
0F00
30C0
6060
6060
7FE0
6000
6000
3020
0FC0
0000
0000
0000
0000
0000
0000
ENDCHAR
STARTCHAR uni0451
ENCODING 1105
SWIDTH 600 0
DWIDTH 12 0
BBX 12 20 0 -6
BITMAP
0000
0000
1980
1980
0000
0F00
30C0
6060
6060
7FE0
6000
6000
3020
0FC0
0000
0000
0000
0000
0000
0000
ENDCHAR
STARTCHAR uni0452
ENCODING 1106
SWIDTH 600 0
DWIDTH 12 0
BBX 12 20 0 -6
BITMAP
0000
0000
7000
3000
7E00
3000
3700
38C0
3060
3060
3060
3060
3060
7860
0060
0040
0180
0000
0000
0000
ENDCHAR
STARTCHAR uni0453
ENCODING 1107
SWIDTH 600 0
DWIDTH 12 0
BBX 12 20 0 -6
BITMAP
0000
0100
0300
0400
0000
7FC0
3060
3020
3000
3000
3000
3000
3000
7800
0000
0000
0000
0000
0000
0000
ENDCHAR
STARTCHAR uni0454
ENCODING 1108
SWIDTH 600 0
DWIDTH 12 0
BBX 12 20 0 -6
BITMAP
0000
0000
0000
0000
0000
1F80
30C0
6020
6000
7F00
6000
6020
30C0
1F80
0000
0000
0000
0000
0000
0000
ENDCHAR
STARTCHAR uni0455
ENCODING 1109
SWIDTH 600 0
DWIDTH 12 0
BBX 12 20 0 -6
BITMAP
0000
0000
0000
0000
0000
1F80
38C0
3000
3800
1F80
00E0
6060
70E0
3FC0
0000
0000
0000
0000
0000
0000
ENDCHAR
STARTCHAR uni0456
ENCODING 1110
SWIDTH 600 0
DWIDTH 12 0
BBX 12 20 0 -6
BITMAP
0000
0000
0600
0600
0000
0E00
0600
0600
0600
0600
0600
0600
0600
0300
0000
0000
0000
0000
0000
0000
ENDCHAR
STARTCHAR uni0457
ENCODING 1111
SWIDTH 600 0
DWIDTH 12 0
BBX 12 20 0 -6
BITMAP
0000
0000
1980
1980
0000
0E00
0600
0600
0600
0600
0600
0600
0600
0300
0000
0000
0000
0000
0000
0000
ENDCHAR
STARTCHAR uni0458
ENCODING 1112
SWIDTH 600 0
DWIDTH 12 0
BBX 12 20 0 -6
BITMAP
0000
0000
0180
0180
0000
0380
0180
0180
0180
0180
0180
0180
0180
1980
1980
0F00
0000
0000
0000
0000
ENDCHAR
STARTCHAR uni0459
ENCODING 1113
SWIDTH 600 0
DWIDTH 12 0
BBX 12 20 0 -6
BITMAP
0000
0000
0000
0000
0000
7E00
2600
2600
2780
26C0
2660
2660
2640
6F80
0000
0000
0000
0000
0000
0000
ENDCHAR
STARTCHAR uni045A
ENCODING 1114
SWIDTH 600 0
DWIDTH 12 0
BBX 12 20 0 -6
BITMAP
0000
0000
0000
0000
0000
7700
3600
3600
3F80
36C0
3660
3660
3640
7780
0000
0000
0000
0000
0000
0000
ENDCHAR
STARTCHAR uni045B
ENCODING 1115
SWIDTH 600 0
DWIDTH 12 0
BBX 12 20 0 -6
BITMAP
0000
0000
7000
3000
7E00
3000
3600
3980
30C0
30C0
30C0
30C0
30C0
79E0
0000
0000
0000
0000
0000
0000
ENDCHAR
STARTCHAR uni045C
ENCODING 1116
SWIDTH 600 0
DWIDTH 12 0
BBX 12 20 0 -6
BITMAP
0000
0100
0300
0400
0000
79C0
3100
3200
3400
3C00
3600
3300
3180
79E0
0000
0000
0000
0000
0000
0000
ENDCHAR
STARTCHAR uni045D
ENCODING 1117
SWIDTH 600 0
DWIDTH 12 0
BBX 12 20 0 -6
BITMAP
0000
0800
0C00
0200
0000
79E0
30C0
31C0
32C0
32C0
34C0
38C0
30C0
79E0
0000
0000
0000
0000
0000
0000
ENDCHAR
STARTCHAR uni045E
ENCODING 1118
SWIDTH 600 0
DWIDTH 12 0
BBX 12 20 0 -6
BITMAP
0000
0000
0900
0600
0000
78E0
3040
1840
1880
0C80
0D00
0700
0600
0200
0400
6400
3800
0000
0000
0000
ENDCHAR
STARTCHAR uni045F
ENCODING 1119
SWIDTH 600 0
DWIDTH 12 0
BBX 12 20 0 -6
BITMAP
0000
0000
0000
0000
0000
79E0
30C0
30C0
30C0
30C0
30C0
30C0
30C0
7FE0
0600
0600
0000
0000
0000
0000
ENDCHAR
STARTCHAR uni0490
ENCODING 1168
SWIDTH 600 0
DWIDTH 12 0
BBX 12 20 0 -6
BITMAP
0020
0060
7FC0
3000
3000
3000
3000
3000
3000
3000
3000
3000
3000
7800
0000
0000
0000
0000
0000
0000
ENDCHAR
STARTCHAR uni0491
ENCODING 1169
SWIDTH 600 0
DWIDTH 12 0
BBX 12 20 0 -6
BITMAP
0000
0000
0000
0020
0060
7FC0
3000
3000
3000
3000
3000
3000
3000
7800
0000
0000
0000
0000
0000
0000
ENDCHAR
STARTCHAR uni05BE
ENCODING 1470
SWIDTH 600 0
DWIDTH 12 0
BBX 12 20 0 -6
BITMAP
0000
0000
0000
1F80
1F80
0000
0000
0000
0000
0000
0000
0000
0000
0000
0000
0000
0000
0000
0000
0000
ENDCHAR
STARTCHAR uni05D0
ENCODING 1488
SWIDTH 600 0
DWIDTH 12 0
BBX 12 20 0 -6
BITMAP
0000
0000
4200
63C0
73C0
3880
1D00
1F00
2700
6380
6180
71C0
38E0
7840
0000
0000
0000
0000
0000
0000
ENDCHAR
STARTCHAR uni05D1
ENCODING 1489
SWIDTH 600 0
DWIDTH 12 0
BBX 12 20 0 -6
BITMAP
0000
0000
2000
3F00
3F80
0080
0080
0080
0080
0080
0080
0100
3FC0
3FC0
0000
0000
0000
0000
0000
0000
ENDCHAR
STARTCHAR uni05D2
ENCODING 1490
SWIDTH 600 0
DWIDTH 12 0
BBX 12 20 0 -6
BITMAP
0000
0000
0800
0F00
0F00
0100
0100
0100
0100
0100
0380
06C0
1CC0
1C40
0000
0000
0000
0000
0000
0000
ENDCHAR
STARTCHAR uni05D3
ENCODING 1491
SWIDTH 600 0
DWIDTH 12 0
BBX 12 20 0 -6
BITMAP
0000
0000
2000
3FC0
3FC0
0080
0100
0100
0100
0180
0180
0180
0180
0100
0000
0000
0000
0000
0000
0000
ENDCHAR
STARTCHAR uni05D4
ENCODING 1492
SWIDTH 600 0
DWIDTH 12 0
BBX 12 20 0 -6
BITMAP
0000
0000
4000
7FC0
7FC0
0040
0040
00C0
20C0
60C0
60C0
60C0
60C0
4080
0000
0000
0000
0000
0000
0000
ENDCHAR
STARTCHAR uni05D5
ENCODING 1493
SWIDTH 600 0
DWIDTH 12 0
BBX 12 20 0 -6
BITMAP
0000
0000
0800
0F00
0F00
0300
0100
0100
0100
0100
0100
0100
0100
0100
0000
0000
0000
0000
0000
0000
ENDCHAR
STARTCHAR uni05D6
ENCODING 1494
SWIDTH 600 0
DWIDTH 12 0
BBX 12 20 0 -6
BITMAP
0000
0000
0800
0E00
0F00
0700
0400
0400
0400
0400
0600
0600
0600
0600
0000
0000
0000
0000
0000
0000
ENDCHAR
STARTCHAR uni05D7
ENCODING 1495
SWIDTH 600 0
DWIDTH 12 0
BBX 12 20 0 -6
BITMAP
0000
0000
4000
7FC0
7FC0
2080
2080
2080
2080
2080
30C0
30C0
30C0
30C0
0000
0000
0000
0000
0000
0000
ENDCHAR
STARTCHAR uni05D8
ENCODING 1496
SWIDTH 600 0
DWIDTH 12 0
BBX 12 20 0 -6
BITMAP
0000
0000
4000
7180
7380
27C0
24C0
2040
2040
2040
2040
30C0
3F80
1F00
0000
0000
0000
0000
0000
0000
ENDCHAR
STARTCHAR uni05D9
ENCODING 1497
SWIDTH 600 0
DWIDTH 12 0
BBX 12 20 0 -6
BITMAP
0000
0000
0800
0E00
0F00
0300
0100
0100
0200
0000
0000
0000
0000
0000
0000
0000
0000
0000
0000
0000
ENDCHAR
STARTCHAR uni05DA
ENCODING 1498
SWIDTH 600 0
DWIDTH 12 0
BBX 12 20 0 -6
BITMAP
0000
0000
4000
7F80
7FC0
0180
0080
0080
0080
0080
0080
0080
0080
0080
0080
0080
0080
0080
0000
0000
ENDCHAR
STARTCHAR uni05DB
ENCODING 1499
SWIDTH 600 0
DWIDTH 12 0
BBX 12 20 0 -6
BITMAP
0000
0000
2000
3F00
3F80
00C0
0040
0040
0040
0040
0040
00C0
1F80
3F00
0000
0000
0000
0000
0000
0000
ENDCHAR
STARTCHAR uni05DC
ENCODING 1500
SWIDTH 600 0
DWIDTH 12 0
BBX 12 20 0 -6
BITMAP
3800
1800
1000
1F80
1FC0
00C0
0040
0040
0040
0080
0180
0300
0600
0600
0000
0000
0000
0000
0000
0000
ENDCHAR
STARTCHAR uni05DD
ENCODING 1501
SWIDTH 600 0
DWIDTH 12 0
BBX 12 20 0 -6
BITMAP
0000
0000
2000
3F80
3FC0
10C0
2040
2040
2040
2040
2040
2040
3FC0
3FC0
0000
0000
0000
0000
0000
0000
ENDCHAR
STARTCHAR uni05DE
ENCODING 1502
SWIDTH 600 0
DWIDTH 12 0
BBX 12 20 0 -6
BITMAP
0000
0000
4000
7100
7B80
0DC0
08C0
1040
2040
2040
4040
4040
47C0
47C0
0000
0000
0000
0000
0000
0000
ENDCHAR
STARTCHAR uni05DF
ENCODING 1503
SWIDTH 600 0
DWIDTH 12 0
BBX 12 20 0 -6
BITMAP
0000
0000
0800
0F00
0F00
0200
0200
0200
0600
0600
0600
0600
0600
0600
0600
0600
0600
0400
0000
0000
ENDCHAR
STARTCHAR uni05E0
ENCODING 1504
SWIDTH 600 0
DWIDTH 12 0
BBX 12 20 0 -6
BITMAP
0000
0000
0800
0F00
0F00
0100
0100
0100
0100
0180
0180
0180
0F80
1F00
0000
0000
0000
0000
0000
0000
ENDCHAR
STARTCHAR uni05E1
ENCODING 1505
SWIDTH 600 0
DWIDTH 12 0
BBX 12 20 0 -6
BITMAP
0000
0000
4000
7F00
7F80
21C0
40C0
4040
4040
4040
4040
60C0
3F80
1F00
0000
0000
0000
0000
0000
0000
ENDCHAR
STARTCHAR uni05E2
ENCODING 1506
SWIDTH 600 0
DWIDTH 12 0
BBX 12 20 0 -6
BITMAP
0000
0000
4100
7180
71C0
30C0
1080
1880
0880
0D80
0500
0500
7F00
7E00
0000
0000
0000
0000
0000
0000
ENDCHAR
STARTCHAR uni05E3
ENCODING 1507
SWIDTH 600 0
DWIDTH 12 0
BBX 12 20 0 -6
BITMAP
0000
0000
2000
3F80
3FC0
10C0
2040
3840
3840
2040
0040
0040
0040
0040
0040
0040
0040
0000
0000
0000
ENDCHAR
STARTCHAR uni05E4
ENCODING 1508
SWIDTH 600 0
DWIDTH 12 0
BBX 12 20 0 -6
BITMAP
0000
0000
2000
3F00
3F80
10C0
2040
3840
3C40
2040
0040
00C0
1FC0
3F80
0000
0000
0000
0000
0000
0000
ENDCHAR
STARTCHAR uni05E5
ENCODING 1509
SWIDTH 600 0
DWIDTH 12 0
BBX 12 20 0 -6
BITMAP
0000
0000
2100
3DC0
3DE0
08E0
0880
0B00
0E00
0C00
0800
0800
0800
0800
0800
0800
0800
0000
0000
0000
ENDCHAR
STARTCHAR uni05E6
ENCODING 1510
SWIDTH 600 0
DWIDTH 12 0
BBX 12 20 0 -6
BITMAP
0000
0000
2100
3DC0
3DC0
0C80
0480
0700
0700
0380
01C0
00C0
3FC0
3FC0
0000
0000
0000
0000
0000
0000
ENDCHAR
STARTCHAR uni05E7
ENCODING 1511
SWIDTH 600 0
DWIDTH 12 0
BBX 12 20 0 -6
BITMAP
0000
0000
2000
3F80
3FC0
00C0
0040
2040
2040
2180
2200
2C00
2800
2800
2000
2000
2000
0000
0000
0000
ENDCHAR
STARTCHAR uni05E8
ENCODING 1512
SWIDTH 600 0
DWIDTH 12 0
BBX 12 20 0 -6
BITMAP
0000
0000
4000
7F80
7FC0
00C0
0040
0040
0040
0040
0040
0040
0040
0040
0000
0000
0000
0000
0000
0000
ENDCHAR
STARTCHAR uni05E9
ENCODING 1513
SWIDTH 600 0
DWIDTH 12 0
BBX 12 20 0 -6
BITMAP
0000
0000
4440
7770
7770
2230
2420
2440
2840
2880
2980
3980
1F00
1F00
0000
0000
0000
0000
0000
0000
ENDCHAR
STARTCHAR uni05EA
ENCODING 1514
SWIDTH 600 0
DWIDTH 12 0
BBX 12 20 0 -6
BITMAP
0000
0000
2000
3FC0
3FE0
0860
1020
1020
1020
1020
1020
1820
7820
7820
0000
0000
0000
0000
0000
0000
ENDCHAR
STARTCHAR uni05F0
ENCODING 1520
SWIDTH 600 0
DWIDTH 12 0
BBX 12 20 0 -6
BITMAP
0000
0000
4200
7BC0
7BC0
18C0
0840
0840
0840
0840
0840
0840
0840
0840
0000
0000
0000
0000
0000
0000
ENDCHAR
STARTCHAR uni05F1
ENCODING 1521
SWIDTH 600 0
DWIDTH 12 0
BBX 12 20 0 -6
BITMAP
0000
0000
4200
73C0
7BC0
18C0
0840
0840
1040
0040
0040
0040
0040
0040
0000
0000
0000
0000
0000
0000
ENDCHAR
STARTCHAR uni05F2
ENCODING 1522
SWIDTH 600 0
DWIDTH 12 0
BBX 12 20 0 -6
BITMAP
0000
0000
4200
7380
7BC0
18C0
0840
0840
1080
0000
0000
0000
0000
0000
0000
0000
0000
0000
0000
0000
ENDCHAR
STARTCHAR uni05F3
ENCODING 1523
SWIDTH 600 0
DWIDTH 12 0
BBX 12 20 0 -6
BITMAP
0000
0600
0600
0400
0800
0000
0000
0000
0000
0000
0000
0000
0000
0000
0000
0000
0000
0000
0000
0000
ENDCHAR
STARTCHAR uni05F4
ENCODING 1524
SWIDTH 600 0
DWIDTH 12 0
BBX 12 20 0 -6
BITMAP
0000
1980
1980
1100
2200
0000
0000
0000
0000
0000
0000
0000
0000
0000
0000
0000
0000
0000
0000
0000
ENDCHAR
STARTCHAR uni1D1B
ENCODING 7451
SWIDTH 600 0
DWIDTH 12 0
BBX 12 20 0 -6
BITMAP
0000
0000
0000
0000
0000
3FE0
7FE0
4200
0200
0600
0600
0600
0600
0200
0000
0000
0000
0000
0000
0000
ENDCHAR
STARTCHAR uni1D26
ENCODING 7462
SWIDTH 600 0
DWIDTH 12 0
BBX 12 20 0 -6
BITMAP
0000
0000
FFC0
6060
6020
6000
6000
6000
6000
6000
6000
6000
6000
F000
0000
0000
0000
0000
0000
0000
ENDCHAR
STARTCHAR uni1D28
ENCODING 7464
SWIDTH 600 0
DWIDTH 12 0
BBX 12 20 0 -6
BITMAP
0000
0000
0000
0000
0000
3FE0
7FE0
4880
0880
1980
1980
1980
1980
0880
0000
0000
0000
0000
0000
0000
ENDCHAR
STARTCHAR Wgrave
ENCODING 7808
SWIDTH 600 0
DWIDTH 12 0
BBX 12 20 0 -6
BITMAP
0400
0600
F170
6020
6020
6220
7260
3240
3340
3FC0
1F80
1B80
1980
0880
0000
0000
0000
0000
0000
0000
ENDCHAR
STARTCHAR wgrave
ENCODING 7809
SWIDTH 600 0
DWIDTH 12 0
BBX 12 20 0 -6
BITMAP
0000
0800
0C00
0200
0000
F070
6020
6220
3340
3740
3740
1980
1980
1080
0000
0000
0000
0000
0000
0000
ENDCHAR
STARTCHAR Wacute
ENCODING 7810
SWIDTH 600 0
DWIDTH 12 0
BBX 12 20 0 -6
BITMAP
0100
0300
F470
6020
6020
6220
7260
3240
3340
3FC0
1F80
1B80
1980
0880
0000
0000
0000
0000
0000
0000
ENDCHAR
STARTCHAR wacute
ENCODING 7811
SWIDTH 600 0
DWIDTH 12 0
BBX 12 20 0 -6
BITMAP
0000
0100
0300
0400
0000
F070
6020
6220
3340
3740
3740
1980
1980
1080
0000
0000
0000
0000
0000
0000
ENDCHAR
STARTCHAR Wdieresis
ENCODING 7812
SWIDTH 600 0
DWIDTH 12 0
BBX 12 20 0 -6
BITMAP
1980
1980
0000
E030
6020
6220
7260
3240
3340
3FC0
1F80
1B80
1980
0880
0000
0000
0000
0000
0000
0000
ENDCHAR
STARTCHAR wdieresis
ENCODING 7813
SWIDTH 600 0
DWIDTH 12 0
BBX 12 20 0 -6
BITMAP
0000
0000
1980
1980
0000
F070
6020
6220
3340
3740
3740
1980
1980
1080
0000
0000
0000
0000
0000
0000
ENDCHAR
STARTCHAR uni1E9F
ENCODING 7839
SWIDTH 600 0
DWIDTH 12 0
BBX 12 20 0 -6
BITMAP
0000
0000
0F80
30C0
6000
3000
0F00
30C0
6060
6060
6060
6060
30C0
0F00
0000
0000
0000
0000
0000
0000
ENDCHAR
STARTCHAR Ygrave
ENCODING 7922
SWIDTH 600 0
DWIDTH 12 0
BBX 12 20 0 -6
BITMAP
0800
0C00
0200
78E0
3040
1880
1880
0D00
0D00
0600
0600
0600
0600
0F00
0000
0000
0000
0000
0000
0000
ENDCHAR
STARTCHAR ygrave
ENCODING 7923
SWIDTH 600 0
DWIDTH 12 0
BBX 12 20 0 -6
BITMAP
0000
0800
0C00
0200
0000
78E0
3040
1840
1880
0C80
0D00
0700
0600
0200
0400
6400
3800
0000
0000
0000
ENDCHAR
STARTCHAR uni2010
ENCODING 8208
SWIDTH 600 0
DWIDTH 12 0
BBX 12 20 0 -6
BITMAP
0000
0000
0000
0000
0000
0000
0000
0000
3FC0
0000
0000
0000
0000
0000
0000
0000
0000
0000
0000
0000
ENDCHAR
STARTCHAR figuredash
ENCODING 8210
SWIDTH 600 0
DWIDTH 12 0
BBX 12 20 0 -6
BITMAP
0000
0000
0000
0000
0000
0000
0000
0000
1F80
0000
0000
0000
0000
0000
0000
0000
0000
0000
0000
0000
ENDCHAR
STARTCHAR endash
ENCODING 8211
SWIDTH 600 0
DWIDTH 12 0
BBX 12 20 0 -6
BITMAP
0000
0000
0000
0000
0000
0000
0000
0000
1F80
0000
0000
0000
0000
0000
0000
0000
0000
0000
0000
0000
ENDCHAR
STARTCHAR emdash
ENCODING 8212
SWIDTH 600 0
DWIDTH 12 0
BBX 12 20 0 -6
BITMAP
0000
0000
0000
0000
0000
0000
0000
0000
FFE0
0000
0000
0000
0000
0000
0000
0000
0000
0000
0000
0000
ENDCHAR
STARTCHAR uni2015
ENCODING 8213
SWIDTH 600 0
DWIDTH 12 0
BBX 12 20 0 -6
BITMAP
0000
0000
0000
0000
0000
0000
0000
0000
FFF0
0000
0000
0000
0000
0000
0000
0000
0000
0000
0000
0000
ENDCHAR
STARTCHAR underscoredbl
ENCODING 8215
SWIDTH 600 0
DWIDTH 12 0
BBX 12 20 0 -6
BITMAP
0000
0000
0000
0000
0000
0000
0000
0000
0000
3FE0
0000
0000
3FE0
0000
0000
0000
0000
0000
0000
0000
ENDCHAR
STARTCHAR quoteleft
ENCODING 8216
SWIDTH 600 0
DWIDTH 12 0
BBX 12 20 0 -6
BITMAP
0000
0200
0400
0E00
0E00
0400
0000
0000
0000
0000
0000
0000
0000
0000
0000
0000
0000
0000
0000
0000
ENDCHAR
STARTCHAR quoteright
ENCODING 8217
SWIDTH 600 0
DWIDTH 12 0
BBX 12 20 0 -6
BITMAP
0000
0400
0E00
0E00
0400
0800
0000
0000
0000
0000
0000
0000
0000
0000
0000
0000
0000
0000
0000
0000
ENDCHAR
STARTCHAR quotesinglbase
ENCODING 8218
SWIDTH 600 0
DWIDTH 12 0
BBX 12 20 0 -6
BITMAP
0000
0000
0000
0000
0000
0000
0000
0000
0000
0000
0000
0000
0000
0000
0400
0E00
0E00
0400
0800
0000
ENDCHAR
STARTCHAR quotereversed
ENCODING 8219
SWIDTH 600 0
DWIDTH 12 0
BBX 12 20 0 -6
BITMAP
0000
0400
0E00
0E00
0400
0200
0000
0000
0000
0000
0000
0000
0000
0000
0000
0000
0000
0000
0000
0000
ENDCHAR
STARTCHAR quotedblleft
ENCODING 8220
SWIDTH 600 0
DWIDTH 12 0
BBX 12 20 0 -6
BITMAP
0000
0880
1100
3B80
3B80
1100
0000
0000
0000
0000
0000
0000
0000
0000
0000
0000
0000
0000
0000
0000
ENDCHAR
STARTCHAR quotedblright
ENCODING 8221
SWIDTH 600 0
DWIDTH 12 0
BBX 12 20 0 -6
BITMAP
0000
1100
3B80
3B80
1100
2200
0000
0000
0000
0000
0000
0000
0000
0000
0000
0000
0000
0000
0000
0000
ENDCHAR
STARTCHAR quotedblbase
ENCODING 8222
SWIDTH 600 0
DWIDTH 12 0
BBX 12 20 0 -6
BITMAP
0000
0000
0000
0000
0000
0000
0000
0000
0000
0000
0000
0000
0000
0000
1100
3B80
3B80
1100
2200
0000
ENDCHAR
STARTCHAR uni201F
ENCODING 8223
SWIDTH 600 0
DWIDTH 12 0
BBX 12 20 0 -6
BITMAP
0000
1100
3B80
3B80
1100
0880
0000
0000
0000
0000
0000
0000
0000
0000
0000
0000
0000
0000
0000
0000
ENDCHAR
STARTCHAR dagger
ENCODING 8224
SWIDTH 600 0
DWIDTH 12 0
BBX 12 20 0 -6
BITMAP
0000
0000
0400
0E00
0E00
0E00
7FC0
0E00
0E00
0E00
0400
0400
0400
0400
0000
0000
0000
0000
0000
0000
ENDCHAR
STARTCHAR daggerdbl
ENCODING 8225
SWIDTH 600 0
DWIDTH 12 0
BBX 12 20 0 -6
BITMAP
0000
0000
0400
0E00
0E00
0E00
7FC0
0E00
0400
0400
0400
0E00
7FC0
0E00
0E00
0E00
0400
0000
0000
0000
ENDCHAR
STARTCHAR bullet
ENCODING 8226
SWIDTH 600 0
DWIDTH 12 0
BBX 12 20 0 -6
BITMAP
0000
0000
0000
0000
0000
0600
0F00
1F80
1F80
1F80
0F00
0600
0000
0000
0000
0000
0000
0000
0000
0000
ENDCHAR
STARTCHAR ellipsis
ENCODING 8230
SWIDTH 600 0
DWIDTH 12 0
BBX 12 20 0 -6
BITMAP
0000
0000
0000
0000
0000
0000
0000
0000
0000
0000
0000
4440
EEE0
4440
0000
0000
0000
0000
0000
0000
ENDCHAR
STARTCHAR uni2027
ENCODING 8231
SWIDTH 600 0
DWIDTH 12 0
BBX 12 20 0 -6
BITMAP
0000
0000
0000
0000
0000
0000
0E00
1F00
1F00
1F00
0E00
0000
0000
0000
0000
0000
0000
0000
0000
0000
ENDCHAR
STARTCHAR perthousand
ENCODING 8240
SWIDTH 600 0
DWIDTH 12 0
BBX 12 20 0 -6
BITMAP
0000
0000
3C00
6620
6640
6680
3D00
0200
0400
0A20
1550
2550
4550
0220
0000
0000
0000
0000
0000
0000
ENDCHAR
STARTCHAR minute
ENCODING 8242
SWIDTH 600 0
DWIDTH 12 0
BBX 12 20 0 -6
BITMAP
0000
0300
0700
0C00
1000
0000
0000
0000
0000
0000
0000
0000
0000
0000
0000
0000
0000
0000
0000
0000
ENDCHAR
STARTCHAR second
ENCODING 8243
SWIDTH 600 0
DWIDTH 12 0
BBX 12 20 0 -6
BITMAP
0000
0C60
1CE0
3180
4200
0000
0000
0000
0000
0000
0000
0000
0000
0000
0000
0000
0000
0000
0000
0000
ENDCHAR
STARTCHAR uni2035
ENCODING 8245
SWIDTH 600 0
DWIDTH 12 0
BBX 12 20 0 -6
BITMAP
0000
0C00
0E00
0300
0080
0000
0000
0000
0000
0000
0000
0000
0000
0000
0000
0000
0000
0000
0000
0000
ENDCHAR
STARTCHAR guilsinglleft
ENCODING 8249
SWIDTH 600 0
DWIDTH 12 0
BBX 12 20 0 -6
BITMAP
0000
0000
0000
0100
0200
0400
0800
1000
2000
1000
0800
0400
0200
0100
0000
0000
0000
0000
0000
0000
ENDCHAR
STARTCHAR guilsinglright
ENCODING 8250
SWIDTH 600 0
DWIDTH 12 0
BBX 12 20 0 -6
BITMAP
0000
0000
0000
1000
0800
0400
0200
0100
0080
0100
0200
0400
0800
1000
0000
0000
0000
0000
0000
0000
ENDCHAR
STARTCHAR exclamdbl
ENCODING 8252
SWIDTH 600 0
DWIDTH 12 0
BBX 12 20 0 -6
BITMAP
0000
0000
1080
39C0
39C0
39C0
39C0
1080
1080
1080
1080
0000
1080
39C0
1080
0000
0000
0000
0000
0000
ENDCHAR
STARTCHAR uni203E
ENCODING 8254
SWIDTH 600 0
DWIDTH 12 0
BBX 12 20 0 -6
BITMAP
FFF0
0000
0000
0000
0000
0000
0000
0000
0000
0000
0000
0000
0000
0000
0000
0000
0000
0000
0000
0000
ENDCHAR
STARTCHAR uni203F
ENCODING 8255
SWIDTH 600 0
DWIDTH 12 0
BBX 12 20 0 -6
BITMAP
0000
0000
0000
0000
0000
0000
0000
0000
0000
0000
0000
0000
0000
0000
0000
0000
0000
2040
1F80
0000
ENDCHAR
STARTCHAR uni2040
ENCODING 8256
SWIDTH 600 0
DWIDTH 12 0
BBX 12 20 0 -6
BITMAP
0000
1F80
2040
0000
0000
0000
0000
0000
0000
0000
0000
0000
0000
0000
0000
0000
0000
0000
0000
0000
ENDCHAR
STARTCHAR fraction
ENCODING 8260
SWIDTH 600 0
DWIDTH 12 0
BBX 12 20 0 -6
BITMAP
0000
0040
0040
0080
0080
0100
0100
0200
0200
0400
0400
0800
0800
1000
1000
2000
2000
0000
0000
0000
ENDCHAR
STARTCHAR uni2054
ENCODING 8276
SWIDTH 600 0
DWIDTH 12 0
BBX 12 20 0 -6
BITMAP
0000
0000
0000
0000
0000
0000
0000
0000
0000
0000
0000
0000
0000
0000
0000
0000
0000
1F80
2040
0000
ENDCHAR
STARTCHAR uni2074
ENCODING 8308
SWIDTH 600 0
DWIDTH 12 0
BBX 12 20 0 -6
BITMAP
0300
0700
0B00
1300
1300
1F80
0300
0300
0000
0000
0000
0000
0000
0000
0000
0000
0000
0000
0000
0000
ENDCHAR
STARTCHAR uni2075
ENCODING 8309
SWIDTH 600 0
DWIDTH 12 0
BBX 12 20 0 -6
BITMAP
1F00
1F00
1000
1E00
1F00
0300
1900
1E00
0000
0000
0000
0000
0000
0000
0000
0000
0000
0000
0000
0000
ENDCHAR
STARTCHAR uni2076
ENCODING 8310
SWIDTH 600 0
DWIDTH 12 0
BBX 12 20 0 -6
BITMAP
0700
0C00
1800
1E00
1B00
1900
1900
0E00
0000
0000
0000
0000
0000
0000
0000
0000
0000
0000
0000
0000
ENDCHAR
STARTCHAR uni2077
ENCODING 8311
SWIDTH 600 0
DWIDTH 12 0
BBX 12 20 0 -6
BITMAP
1F00
1F00
1100
0200
0200
0400
0400
0800
0000
0000
0000
0000
0000
0000
0000
0000
0000
0000
0000
0000
ENDCHAR
STARTCHAR uni2078
ENCODING 8312
SWIDTH 600 0
DWIDTH 12 0
BBX 12 20 0 -6
BITMAP
0E00
1B00
1B00
0E00
1B00
1B00
1B00
0E00
0000
0000
0000
0000
0000
0000
0000
0000
0000
0000
0000
0000
ENDCHAR
STARTCHAR uni2079
ENCODING 8313
SWIDTH 600 0
DWIDTH 12 0
BBX 12 20 0 -6
BITMAP
0E00
1300
1300
1B00
0F00
0300
0600
1C00
0000
0000
0000
0000
0000
0000
0000
0000
0000
0000
0000
0000
ENDCHAR
STARTCHAR uni207A
ENCODING 8314
SWIDTH 600 0
DWIDTH 12 0
BBX 12 20 0 -6
BITMAP
0400
0400
0400
3F80
0400
0400
0400
0000
0000
0000
0000
0000
0000
0000
0000
0000
0000
0000
0000
0000
ENDCHAR
STARTCHAR uni207B
ENCODING 8315
SWIDTH 600 0
DWIDTH 12 0
BBX 12 20 0 -6
BITMAP
0000
0000
0000
1F00
0000
0000
0000
0000
0000
0000
0000
0000
0000
0000
0000
0000
0000
0000
0000
0000
ENDCHAR
STARTCHAR uni207F
ENCODING 8319
SWIDTH 600 0
DWIDTH 12 0
BBX 12 20 0 -6
BITMAP
7600
3900
3180
3180
3180
3180
3180
7BC0
0000
0000
0000
0000
0000
0000
0000
0000
0000
0000
0000
0000
ENDCHAR
STARTCHAR uni2081
ENCODING 8321
SWIDTH 600 0
DWIDTH 12 0
BBX 12 20 0 -6
BITMAP
0000
0000
0000
0000
0000
0000
0000
0000
0000
0000
0200
0600
0E00
0600
0600
0600
0600
0F00
0000
0000
ENDCHAR
STARTCHAR uni2082
ENCODING 8322
SWIDTH 600 0
DWIDTH 12 0
BBX 12 20 0 -6
BITMAP
0000
0000
0000
0000
0000
0000
0000
0000
0000
0000
0E00
1300
0300
0300
0200
0400
0F00
1F00
0000
0000
ENDCHAR
STARTCHAR uni2083
ENCODING 8323
SWIDTH 600 0
DWIDTH 12 0
BBX 12 20 0 -6
BITMAP
0000
0000
0000
0000
0000
0000
0000
0000
0000
0000
0E00
1300
0300
0600
0300
0300
1300
0E00
0000
0000
ENDCHAR
STARTCHAR uni2084
ENCODING 8324
SWIDTH 600 0
DWIDTH 12 0
BBX 12 20 0 -6
BITMAP
0000
0000
0000
0000
0000
0000
0000
0000
0000
0000
0300
0700
0B00
1300
1300
1F80
0300
0300
0000
0000
ENDCHAR
STARTCHAR uni2085
ENCODING 8325
SWIDTH 600 0
DWIDTH 12 0
BBX 12 20 0 -6
BITMAP
0000
0000
0000
0000
0000
0000
0000
0000
0000
0000
1F00
1F00
1000
1E00
1F00
0300
1900
1E00
0000
0000
ENDCHAR
STARTCHAR uni2086
ENCODING 8326
SWIDTH 600 0
DWIDTH 12 0
BBX 12 20 0 -6
BITMAP
0000
0000
0000
0000
0000
0000
0000
0000
0000
0000
0700
0C00
1800
1E00
1B00
1900
1900
0E00
0000
0000
ENDCHAR
STARTCHAR uni2087
ENCODING 8327
SWIDTH 600 0
DWIDTH 12 0
BBX 12 20 0 -6
BITMAP
0000
0000
0000
0000
0000
0000
0000
0000
0000
0000
1F00
1F00
1100
0200
0200
0400
0400
0800
0000
0000
ENDCHAR
STARTCHAR uni2088
ENCODING 8328
SWIDTH 600 0
DWIDTH 12 0
BBX 12 20 0 -6
BITMAP
0000
0000
0000
0000
0000
0000
0000
0000
0000
0000
0E00
1B00
1B00
0E00
1B00
1B00
1B00
0E00
0000
0000
ENDCHAR
STARTCHAR uni2089
ENCODING 8329
SWIDTH 600 0
DWIDTH 12 0
BBX 12 20 0 -6
BITMAP
0000
0000
0000
0000
0000
0000
0000
0000
0000
0000
0E00
1300
1300
1B00
0F00
0300
0600
1C00
0000
0000
ENDCHAR
STARTCHAR uni208A
ENCODING 8330
SWIDTH 600 0
DWIDTH 12 0
BBX 12 20 0 -6
BITMAP
0000
0000
0000
0000
0000
0000
0000
0000
0000
0000
0400
0400
0400
3F80
0400
0400
0400
0000
0000
0000
ENDCHAR
STARTCHAR uni208B
ENCODING 8331
SWIDTH 600 0
DWIDTH 12 0
BBX 12 20 0 -6
BITMAP
0000
0000
0000
0000
0000
0000
0000
0000
0000
0000
0000
0000
0000
1F00
0000
0000
0000
0000
0000
0000
ENDCHAR
STARTCHAR franc
ENCODING 8355
SWIDTH 600 0
DWIDTH 12 0
BBX 12 20 0 -6
BITMAP
0000
0000
7FE0
3020
3000
3000
3080
3F80
3080
3000
FC00
3000
3000
7800
0000
0000
0000
0000
0000
0000
ENDCHAR
STARTCHAR lira
ENCODING 8356
SWIDTH 600 0
DWIDTH 12 0
BBX 12 20 0 -6
BITMAP
0000
0000
0780
0CC0
18C0
1800
7E00
1800
7E00
1800
0800
3C20
4BC0
31C0
0000
0000
0000
0000
0000
0000
ENDCHAR
STARTCHAR peseta
ENCODING 8359
SWIDTH 600 0
DWIDTH 12 0
BBX 12 20 0 -6
BITMAP
0000
0000
7F00
30C0
3060
3060
3060
30C0
3F00
3000
3040
30C0
31E0
78C0
00C0
00C0
0060
0000
0000
0000
ENDCHAR
STARTCHAR uni20AA
ENCODING 8362
SWIDTH 600 0
DWIDTH 12 0
BBX 12 20 0 -6
BITMAP
0000
0000
0000
0000
0000
0000
7F20
4120
4120
4920
4920
4820
4820
4FE0
0000
0000
0000
0000
0000
0000
ENDCHAR
STARTCHAR Euro
ENCODING 8364
SWIDTH 600 0
DWIDTH 12 0
BBX 12 20 0 -6
BITMAP
0000
0000
0780
0860
1820
3000
7F00
3000
3000
7F00
3000
1820
0840
0780
0000
0000
0000
0000
0000
0000
ENDCHAR
STARTCHAR uni2105
ENCODING 8453
SWIDTH 600 0
DWIDTH 12 0
BBX 12 20 0 -6
BITMAP
0000
0000
3800
6420
6040
6480
3900
0200
0400
0BC0
1660
2660
4660
03C0
0000
0000
0000
0000
0000
0000
ENDCHAR
STARTCHAR uni2113
ENCODING 8467
SWIDTH 600 0
DWIDTH 12 0
BBX 12 20 0 -6
BITMAP
0000
0000
0180
0340
0640
0640
0C80
0C80
0D00
0E00
3C00
0C00
0C00
0700
0000
0000
0000
0000
0000
0000
ENDCHAR
STARTCHAR uni2116
ENCODING 8470
SWIDTH 600 0
DWIDTH 12 0
BBX 12 20 0 -6
BITMAP
0000
0000
C380
4100
6160
71B0
79B0
5DB0
4F60
4700
43F0
4300
4100
E100
0000
0000
0000
0000
0000
0000
ENDCHAR
STARTCHAR trademark
ENCODING 8482
SWIDTH 600 0
DWIDTH 12 0
BBX 12 20 0 -6
BITMAP
0000
FA20
2360
22A0
2220
2220
0000
0000
0000
0000
0000
0000
0000
0000
0000
0000
0000
0000
0000
0000
ENDCHAR
STARTCHAR Omega
ENCODING 8486
SWIDTH 600 0
DWIDTH 12 0
BBX 12 20 0 -6
BITMAP
0000
0000
0F00
1980
30C0
6060
6060
6060
6060
30C0
1080
4920
79E0
39C0
0000
0000
0000
0000
0000
0000
ENDCHAR
STARTCHAR estimated
ENCODING 8494
SWIDTH 600 0
DWIDTH 12 0
BBX 12 20 0 -6
BITMAP
0000
0000
0000
0000
0000
0F00
30C0
6060
6060
7FE0
6000
6000
3020
0FC0
0000
0000
0000
0000
0000
0000
ENDCHAR
STARTCHAR uni2150
ENCODING 8528
SWIDTH 600 0
DWIDTH 12 0
BBX 12 20 0 -6
BITMAP
0000
1000
3000
7040
3080
3100
3200
7FE0
0BE0
1220
2040
4040
0080
0080
0000
0000
0000
0000
0000
0000
ENDCHAR
STARTCHAR uni2151
ENCODING 8529
SWIDTH 600 0
DWIDTH 12 0
BBX 12 20 0 -6
BITMAP
0000
1000
3000
7040
3080
3100
3200
7DC0
0A60
1360
21E0
4060
00C0
0380
0000
0000
0000
0000
0000
0000
ENDCHAR
STARTCHAR onethird
ENCODING 8531
SWIDTH 600 0
DWIDTH 12 0
BBX 12 20 0 -6
BITMAP
0000
1000
3000
7040
3080
3100
3200
7DC0
0A60
1060
20C0
4060
0260
01C0
0000
0000
0000
0000
0000
0000
ENDCHAR
STARTCHAR twothirds
ENCODING 8532
SWIDTH 600 0
DWIDTH 12 0
BBX 12 20 0 -6
BITMAP
0000
7000
9800
1840
1080
2100
7A00
FDC0
0A60
1060
20C0
4060
0260
01C0
0000
0000
0000
0000
0000
0000
ENDCHAR
STARTCHAR uni2155
ENCODING 8533
SWIDTH 600 0
DWIDTH 12 0
BBX 12 20 0 -6
BITMAP
0000
1000
3000
7040
3080
3100
3200
7DE0
0BE0
1200
23C0
4060
0220
03C0
0000
0000
0000
0000
0000
0000
ENDCHAR
STARTCHAR uni2156
ENCODING 8534
SWIDTH 600 0
DWIDTH 12 0
BBX 12 20 0 -6
BITMAP
0000
7000
9800
1840
1080
2100
7A00
FDE0
0BE0
1200
23C0
4060
0220
03C0
0000
0000
0000
0000
0000
0000
ENDCHAR
STARTCHAR uni2157
ENCODING 8535
SWIDTH 600 0
DWIDTH 12 0
BBX 12 20 0 -6
BITMAP
0000
7000
9800
1840
3080
1900
9A00
75E0
0BE0
1200
23C0
4060
0220
03C0
0000
0000
0000
0000
0000
0000
ENDCHAR
STARTCHAR uni2158
ENCODING 8536
SWIDTH 600 0
DWIDTH 12 0
BBX 12 20 0 -6
BITMAP
0000
1800
3800
5840
9880
FD00
1A00
15E0
0BE0
1200
23C0
4060
0220
03C0
0000
0000
0000
0000
0000
0000
ENDCHAR
STARTCHAR uni2159
ENCODING 8537
SWIDTH 600 0
DWIDTH 12 0
BBX 12 20 0 -6
BITMAP
0000
1000
3000
7040
3080
3100
32E0
7D80
0B00
13C0
2360
4320
0320
01C0
0000
0000
0000
0000
0000
0000
ENDCHAR
STARTCHAR uni215A
ENCODING 8538
SWIDTH 600 0
DWIDTH 12 0
BBX 12 20 0 -6
BITMAP
0000
7800
F800
8040
F080
1900
8AE0
F580
0B00
13C0
2360
4320
0320
01C0
0000
0000
0000
0000
0000
0000
ENDCHAR
STARTCHAR oneeighth
ENCODING 8539
SWIDTH 600 0
DWIDTH 12 0
BBX 12 20 0 -6
BITMAP
0000
1000
3000
7040
3080
3100
3200
7DC0
0B60
1360
21C0
4360
0360
01C0
0000
0000
0000
0000
0000
0000
ENDCHAR
STARTCHAR threeeighths
ENCODING 8540
SWIDTH 600 0
DWIDTH 12 0
BBX 12 20 0 -6
BITMAP
0000
7000
9800
1840
3080
1900
9A00
75C0
0B60
1360
21C0
4360
0360
01C0
0000
0000
0000
0000
0000
0000
ENDCHAR
STARTCHAR fiveeighths
ENCODING 8541
SWIDTH 600 0
DWIDTH 12 0
BBX 12 20 0 -6
BITMAP
0000
7800
F800
8040
F080
1900
8A00
F5C0
0B60
1360
21C0
4360
0360
01C0
0000
0000
0000
0000
0000
0000
ENDCHAR
STARTCHAR seveneighths
ENCODING 8542
SWIDTH 600 0
DWIDTH 12 0
BBX 12 20 0 -6
BITMAP
0000
7C00
7C00
4440
0880
0900
1200
15C0
0B60
1360
21C0
4360
0360
01C0
0000
0000
0000
0000
0000
0000
ENDCHAR
STARTCHAR arrowleft
ENCODING 8592
SWIDTH 600 0
DWIDTH 12 0
BBX 12 20 0 -6
BITMAP
0000
0000
0000
0000
0000
0000
1000
3000
7FE0
3000
1000
0000
0000
0000
0000
0000
0000
0000
0000
0000
ENDCHAR
STARTCHAR arrowup
ENCODING 8593
SWIDTH 600 0
DWIDTH 12 0
BBX 12 20 0 -6
BITMAP
0000
0400
0E00
1F00
0400
0400
0400
0400
0400
0400
0400
0400
0400
0400
0400
0000
0000
0000
0000
0000
ENDCHAR
STARTCHAR arrowright
ENCODING 8594
SWIDTH 600 0
DWIDTH 12 0
BBX 12 20 0 -6
BITMAP
0000
0000
0000
0000
0000
0000
0080
00C0
7FE0
00C0
0080
0000
0000
0000
0000
0000
0000
0000
0000
0000
ENDCHAR
STARTCHAR arrowdown
ENCODING 8595
SWIDTH 600 0
DWIDTH 12 0
BBX 12 20 0 -6
BITMAP
0000
0400
0400
0400
0400
0400
0400
0400
0400
0400
0400
0400
1F00
0E00
0400
0000
0000
0000
0000
0000
ENDCHAR
STARTCHAR arrowboth
ENCODING 8596
SWIDTH 600 0
DWIDTH 12 0
BBX 12 20 0 -6
BITMAP
0000
0000
0000
0000
0000
0000
1080
30C0
7FE0
30C0
1080
0000
0000
0000
0000
0000
0000
0000
0000
0000
ENDCHAR
STARTCHAR arrowupdn
ENCODING 8597
SWIDTH 600 0
DWIDTH 12 0
BBX 12 20 0 -6
BITMAP
0000
0000
0400
0E00
1F00
0400
0400
0400
0400
0400
0400
0400
0400
1F00
0E00
0400
0000
0000
0000
0000
ENDCHAR
STARTCHAR arrowupdnbse
ENCODING 8616
SWIDTH 600 0
DWIDTH 12 0
BBX 12 20 0 -6
BITMAP
0000
0400
0E00
1F00
0400
0400
0400
0400
0400
0400
0400
0400
1F00
0E00
0400
0000
7FC0
0000
0000
0000
ENDCHAR
STARTCHAR partialdiff
ENCODING 8706
SWIDTH 600 0
DWIDTH 12 0
BBX 12 20 0 -6
BITMAP
0000
0000
0780
08C0
0060
0060
0060
0F60
18E0
3060
30C0
30C0
1180
0E00
0000
0000
0000
0000
0000
0000
ENDCHAR
STARTCHAR emptyset
ENCODING 8709
SWIDTH 600 0
DWIDTH 12 0
BBX 12 20 0 -6
BITMAP
0000
0000
0000
0000
0020
0F40
30C0
6160
6260
6260
6460
6860
30C0
2F00
4000
0000
0000
0000
0000
0000
ENDCHAR
STARTCHAR Delta
ENCODING 8710
SWIDTH 600 0
DWIDTH 12 0
BBX 12 20 0 -6
BITMAP
0000
0000
0000
0000
0400
0600
0E00
0B00
0B00
1180
1180
21C0
20C0
7FE0
0000
0000
0000
0000
0000
0000
ENDCHAR
STARTCHAR element
ENCODING 8712
SWIDTH 600 0
DWIDTH 12 0
BBX 12 20 0 -6
BITMAP
0000
0000
0000
0000
0000
0FC0
1800
3000
3000
3FC0
3000
3000
1800
0FC0
0000
0000
0000
0000
0000
0000
ENDCHAR
STARTCHAR product
ENCODING 8719
SWIDTH 600 0
DWIDTH 12 0
BBX 12 20 0 -6
BITMAP
0000
0000
7FE0
30C0
30C0
30C0
30C0
30C0
30C0
30C0
30C0
30C0
30C0
30C0
30C0
30C0
79E0
0000
0000
0000
ENDCHAR
STARTCHAR summation
ENCODING 8721
SWIDTH 600 0
DWIDTH 12 0
BBX 12 20 0 -6
BITMAP
0000
0000
7FC0
3020
1800
0C00
0600
0300
0200
0400
0800
1020
3FE0
7FC0
0000
0000
0000
0000
0000
0000
ENDCHAR
STARTCHAR minus
ENCODING 8722
SWIDTH 600 0
DWIDTH 12 0
BBX 12 20 0 -6
BITMAP
0000
0000
0000
0000
0000
0000
0000
0000
7FC0
0000
0000
0000
0000
0000
0000
0000
0000
0000
0000
0000
ENDCHAR
STARTCHAR uni2215
ENCODING 8725
SWIDTH 600 0
DWIDTH 12 0
BBX 12 20 0 -6
BITMAP
0000
0040
0040
0080
0080
0100
0100
0200
0200
0400
0400
0800
0800
1000
1000
2000
2000
0000
0000
0000
ENDCHAR
STARTCHAR uni2219
ENCODING 8729
SWIDTH 600 0
DWIDTH 12 0
BBX 12 20 0 -6
BITMAP
0000
0000
0000
0000
0000
0000
0000
0400
0E00
0400
0000
0000
0000
0000
0000
0000
0000
0000
0000
0000
ENDCHAR
STARTCHAR radical
ENCODING 8730
SWIDTH 600 0
DWIDTH 12 0
BBX 12 20 0 -6
BITMAP
0000
0000
0020
0020
0040
0040
0080
0080
7900
1900
1A00
0E00
0C00
0400
0000
0000
0000
0000
0000
0000
ENDCHAR
STARTCHAR infinity
ENCODING 8734
SWIDTH 600 0
DWIDTH 12 0
BBX 12 20 0 -6
BITMAP
0000
0000
0000
0000
0000
0000
3180
6EC0
C460
C460
C460
6EC0
3180
0000
0000
0000
0000
0000
0000
0000
ENDCHAR
STARTCHAR orthogonal
ENCODING 8735
SWIDTH 600 0
DWIDTH 12 0
BBX 12 20 0 -6
BITMAP
0000
0000
0000
0000
0000
0000
4000
4000
4000
4000
4000
4000
4000
7FE0
0000
0000
0000
0000
0000
0000
ENDCHAR
STARTCHAR intersection
ENCODING 8745
SWIDTH 600 0
DWIDTH 12 0
BBX 12 20 0 -6
BITMAP
0000
0000
0000
0000
0F00
1080
2040
4020
4020
4020
4020
4020
4020
4020
0000
0000
0000
0000
0000
0000
ENDCHAR
STARTCHAR integral
ENCODING 8747
SWIDTH 600 0
DWIDTH 12 0
BBX 12 20 0 -6
BITMAP
01C0
0160
0160
0100
0300
0300
0300
0300
0700
0600
0600
0600
0E00
0C00
0C00
0C00
0C00
6800
6800
3800
ENDCHAR
STARTCHAR approxequal
ENCODING 8776
SWIDTH 600 0
DWIDTH 12 0
BBX 12 20 0 -6
BITMAP
0000
0000
0000
0000
1820
2420
4240
4180
1820
2420
4240
4180
0000
0000
0000
0000
0000
0000
0000
0000
ENDCHAR
STARTCHAR notequal
ENCODING 8800
SWIDTH 600 0
DWIDTH 12 0
BBX 12 20 0 -6
BITMAP
0000
0080
0080
0100
0100
0200
7FC0
0400
0400
7FC0
0800
1000
1000
2000
2000
0000
0000
0000
0000
0000
ENDCHAR
STARTCHAR equivalence
ENCODING 8801
SWIDTH 600 0
DWIDTH 12 0
BBX 12 20 0 -6
BITMAP
0000
0000
0000
0000
0000
7FC0
0000
0000
7FC0
0000
0000
7FC0
0000
0000
0000
0000
0000
0000
0000
0000
ENDCHAR
STARTCHAR lessequal
ENCODING 8804
SWIDTH 600 0
DWIDTH 12 0
BBX 12 20 0 -6
BITMAP
0000
0000
0000
01C0
0600
1800
6000
1800
0600
01C0
0000
0000
7FC0
0000
0000
0000
0000
0000
0000
0000
ENDCHAR
STARTCHAR greaterequal
ENCODING 8805
SWIDTH 600 0
DWIDTH 12 0
BBX 12 20 0 -6
BITMAP
0000
0000
0000
7000
0C00
0300
00C0
0300
0C00
7000
0000
0000
7FC0
0000
0000
0000
0000
0000
0000
0000
ENDCHAR
STARTCHAR uni2299
ENCODING 8857
SWIDTH 600 0
DWIDTH 12 0
BBX 12 20 0 -6
BITMAP
0000
0000
0F00
1080
30C0
6060
6660
6660
6660
6660
6060
30C0
1080
0F00
0000
0000
0000
0000
0000
0000
ENDCHAR
STARTCHAR uni2300
ENCODING 8960
SWIDTH 600 0
DWIDTH 12 0
BBX 12 20 0 -6
BITMAP
0000
0000
0F00
1080
31C0
6160
6260
6260
6460
6460
6860
38C0
1080
0F00
0000
0000
0000
0000
0000
0000
ENDCHAR
STARTCHAR house
ENCODING 8962
SWIDTH 600 0
DWIDTH 12 0
BBX 12 20 0 -6
BITMAP
0000
0000
0000
0600
0900
1080
2040
4020
4020
4020
4020
4020
4020
7FE0
0000
0000
0000
0000
0000
0000
ENDCHAR
STARTCHAR revlogicalnot
ENCODING 8976
SWIDTH 600 0
DWIDTH 12 0
BBX 12 20 0 -6
BITMAP
0000
0000
0000
0000
0000
0000
7FE0
4000
4000
4000
4000
4000
4000
4000
0000
0000
0000
0000
0000
0000
ENDCHAR
STARTCHAR integraltp
ENCODING 8992
SWIDTH 600 0
DWIDTH 12 0
BBX 12 20 0 -6
BITMAP
0000
0000
01C0
0160
0160
0100
0300
0300
0300
0300
0300
0700
0700
0600
0600
0600
0600
0600
0600
0600
ENDCHAR
STARTCHAR integralbt
ENCODING 8993
SWIDTH 600 0
DWIDTH 12 0
BBX 12 20 0 -6
BITMAP
0C00
0C00
0C00
0C00
0C00
0C00
1C00
1C00
1800
1800
1800
1800
1800
1800
1000
D000
D000
7000
0000
0000
ENDCHAR
STARTCHAR SF100000
ENCODING 9472
SWIDTH 600 0
DWIDTH 12 0
BBX 12 20 0 -6
BITMAP
0000
0000
0000
0000
0000
0000
0000
0000
0000
FFF0
0000
0000
0000
0000
0000
0000
0000
0000
0000
0000
ENDCHAR
STARTCHAR SF110000
ENCODING 9474
SWIDTH 600 0
DWIDTH 12 0
BBX 12 20 0 -6
BITMAP
0200
0200
0200
0200
0200
0200
0200
0200
0200
0200
0200
0200
0200
0200
0200
0200
0200
0200
0200
0200
ENDCHAR
STARTCHAR SF010000
ENCODING 9484
SWIDTH 600 0
DWIDTH 12 0
BBX 12 20 0 -6
BITMAP
0000
0000
0000
0000
0000
0000
0000
0000
0000
03F0
0200
0200
0200
0200
0200
0200
0200
0200
0200
0200
ENDCHAR
STARTCHAR SF030000
ENCODING 9488
SWIDTH 600 0
DWIDTH 12 0
BBX 12 20 0 -6
BITMAP
0000
0000
0000
0000
0000
0000
0000
0000
0000
FE00
0200
0200
0200
0200
0200
0200
0200
0200
0200
0200
ENDCHAR
STARTCHAR SF020000
ENCODING 9492
SWIDTH 600 0
DWIDTH 12 0
BBX 12 20 0 -6
BITMAP
0200
0200
0200
0200
0200
0200
0200
0200
0200
03F0
0000
0000
0000
0000
0000
0000
0000
0000
0000
0000
ENDCHAR
STARTCHAR SF040000
ENCODING 9496
SWIDTH 600 0
DWIDTH 12 0
BBX 12 20 0 -6
BITMAP
0200
0200
0200
0200
0200
0200
0200
0200
0200
FE00
0000
0000
0000
0000
0000
0000
0000
0000
0000
0000
ENDCHAR
STARTCHAR SF080000
ENCODING 9500
SWIDTH 600 0
DWIDTH 12 0
BBX 12 20 0 -6
BITMAP
0200
0200
0200
0200
0200
0200
0200
0200
0200
03F0
0200
0200
0200
0200
0200
0200
0200
0200
0200
0200
ENDCHAR
STARTCHAR SF090000
ENCODING 9508
SWIDTH 600 0
DWIDTH 12 0
BBX 12 20 0 -6
BITMAP
0200
0200
0200
0200
0200
0200
0200
0200
0200
FE00
0200
0200
0200
0200
0200
0200
0200
0200
0200
0200
ENDCHAR
STARTCHAR SF060000
ENCODING 9516
SWIDTH 600 0
DWIDTH 12 0
BBX 12 20 0 -6
BITMAP
0000
0000
0000
0000
0000
0000
0000
0000
0000
FFF0
0200
0200
0200
0200
0200
0200
0200
0200
0200
0200
ENDCHAR
STARTCHAR SF070000
ENCODING 9524
SWIDTH 600 0
DWIDTH 12 0
BBX 12 20 0 -6
BITMAP
0200
0200
0200
0200
0200
0200
0200
0200
0200
FFF0
0000
0000
0000
0000
0000
0000
0000
0000
0000
0000
ENDCHAR
STARTCHAR SF050000
ENCODING 9532
SWIDTH 600 0
DWIDTH 12 0
BBX 12 20 0 -6
BITMAP
0200
0200
0200
0200
0200
0200
0200
0200
0200
FFF0
0200
0200
0200
0200
0200
0200
0200
0200
0200
0200
ENDCHAR
STARTCHAR SF430000
ENCODING 9552
SWIDTH 600 0
DWIDTH 12 0
BBX 12 20 0 -6
BITMAP
0000
0000
0000
0000
0000
0000
0000
FFF0
0000
0000
0000
FFF0
0000
0000
0000
0000
0000
0000
0000
0000
ENDCHAR
STARTCHAR SF240000
ENCODING 9553
SWIDTH 600 0
DWIDTH 12 0
BBX 12 20 0 -6
BITMAP
0880
0880
0880
0880
0880
0880
0880
0880
0880
0880
0880
0880
0880
0880
0880
0880
0880
0880
0880
0880
ENDCHAR
STARTCHAR SF510000
ENCODING 9554
SWIDTH 600 0
DWIDTH 12 0
BBX 12 20 0 -6
BITMAP
0000
0000
0000
0000
0000
0000
0000
03F0
0200
0200
0200
03F0
0200
0200
0200
0200
0200
0200
0200
0200
ENDCHAR
STARTCHAR SF520000
ENCODING 9555
SWIDTH 600 0
DWIDTH 12 0
BBX 12 20 0 -6
BITMAP
0000
0000
0000
0000
0000
0000
0000
0000
0000
0FF0
0880
0880
0880
0880
0880
0880
0880
0880
0880
0880
ENDCHAR
STARTCHAR SF390000
ENCODING 9556
SWIDTH 600 0
DWIDTH 12 0
BBX 12 20 0 -6
BITMAP
0000
0000
0000
0000
0000
0000
0000
0FF0
0800
0800
0800
08F0
0880
0880
0880
0880
0880
0880
0880
0880
ENDCHAR
STARTCHAR SF220000
ENCODING 9557
SWIDTH 600 0
DWIDTH 12 0
BBX 12 20 0 -6
BITMAP
0000
0000
0000
0000
0000
0000
0000
FE00
0200
0200
0200
FE00
0200
0200
0200
0200
0200
0200
0200
0200
ENDCHAR
STARTCHAR SF210000
ENCODING 9558
SWIDTH 600 0
DWIDTH 12 0
BBX 12 20 0 -6
BITMAP
0000
0000
0000
0000
0000
0000
0000
0000
0000
FF80
0880
0880
0880
0880
0880
0880
0880
0880
0880
0880
ENDCHAR
STARTCHAR SF250000
ENCODING 9559
SWIDTH 600 0
DWIDTH 12 0
BBX 12 20 0 -6
BITMAP
0000
0000
0000
0000
0000
0000
0000
FF80
0080
0080
0080
F880
0880
0880
0880
0880
0880
0880
0880
0880
ENDCHAR
STARTCHAR SF500000
ENCODING 9560
SWIDTH 600 0
DWIDTH 12 0
BBX 12 20 0 -6
BITMAP
0200
0200
0200
0200
0200
0200
0200
03F0
0200
0200
0200
03F0
0000
0000
0000
0000
0000
0000
0000
0000
ENDCHAR
STARTCHAR SF490000
ENCODING 9561
SWIDTH 600 0
DWIDTH 12 0
BBX 12 20 0 -6
BITMAP
0880
0880
0880
0880
0880
0880
0880
0880
0880
0FF0
0000
0000
0000
0000
0000
0000
0000
0000
0000
0000
ENDCHAR
STARTCHAR SF380000
ENCODING 9562
SWIDTH 600 0
DWIDTH 12 0
BBX 12 20 0 -6
BITMAP
0880
0880
0880
0880
0880
0880
0880
08F0
0800
0800
0800
0FF0
0000
0000
0000
0000
0000
0000
0000
0000
ENDCHAR
STARTCHAR SF280000
ENCODING 9563
SWIDTH 600 0
DWIDTH 12 0
BBX 12 20 0 -6
BITMAP
0200
0200
0200
0200
0200
0200
0200
FE00
0200
0200
0200
FE00
0000
0000
0000
0000
0000
0000
0000
0000
ENDCHAR
STARTCHAR SF270000
ENCODING 9564
SWIDTH 600 0
DWIDTH 12 0
BBX 12 20 0 -6
BITMAP
0880
0880
0880
0880
0880
0880
0880
0880
0880
FF80
0000
0000
0000
0000
0000
0000
0000
0000
0000
0000
ENDCHAR
STARTCHAR SF260000
ENCODING 9565
SWIDTH 600 0
DWIDTH 12 0
BBX 12 20 0 -6
BITMAP
0880
0880
0880
0880
0880
0880
0880
F880
0080
0080
0080
FF80
0000
0000
0000
0000
0000
0000
0000
0000
ENDCHAR
STARTCHAR SF360000
ENCODING 9566
SWIDTH 600 0
DWIDTH 12 0
BBX 12 20 0 -6
BITMAP
0200
0200
0200
0200
0200
0200
0200
03F0
0200
0200
0200
03F0
0200
0200
0200
0200
0200
0200
0200
0200
ENDCHAR
STARTCHAR SF370000
ENCODING 9567
SWIDTH 600 0
DWIDTH 12 0
BBX 12 20 0 -6
BITMAP
0880
0880
0880
0880
0880
0880
0880
0880
0880
08F0
0880
0880
0880
0880
0880
0880
0880
0880
0880
0880
ENDCHAR
STARTCHAR SF420000
ENCODING 9568
SWIDTH 600 0
DWIDTH 12 0
BBX 12 20 0 -6
BITMAP
0880
0880
0880
0880
0880
0880
0880
08F0
0800
0800
0800
08F0
0880
0880
0880
0880
0880
0880
0880
0880
ENDCHAR
STARTCHAR SF190000
ENCODING 9569
SWIDTH 600 0
DWIDTH 12 0
BBX 12 20 0 -6
BITMAP
0200
0200
0200
0200
0200
0200
0200
FE00
0200
0200
0200
FE00
0200
0200
0200
0200
0200
0200
0200
0200
ENDCHAR
STARTCHAR SF200000
ENCODING 9570
SWIDTH 600 0
DWIDTH 12 0
BBX 12 20 0 -6
BITMAP
0880
0880
0880
0880
0880
0880
0880
0880
0880
F880
0880
0880
0880
0880
0880
0880
0880
0880
0880
0880
ENDCHAR
STARTCHAR SF230000
ENCODING 9571
SWIDTH 600 0
DWIDTH 12 0
BBX 12 20 0 -6
BITMAP
0880
0880
0880
0880
0880
0880
0880
F880
0080
0080
0080
F880
0880
0880
0880
0880
0880
0880
0880
0880
ENDCHAR
STARTCHAR SF470000
ENCODING 9572
SWIDTH 600 0
DWIDTH 12 0
BBX 12 20 0 -6
BITMAP
0000
0000
0000
0000
0000
0000
0000
FFF0
0000
0000
0000
FFF0
0200
0200
0200
0200
0200
0200
0200
0200
ENDCHAR
STARTCHAR SF480000
ENCODING 9573
SWIDTH 600 0
DWIDTH 12 0
BBX 12 20 0 -6
BITMAP
0000
0000
0000
0000
0000
0000
0000
0000
0000
FFF0
0880
0880
0880
0880
0880
0880
0880
0880
0880
0880
ENDCHAR
STARTCHAR SF410000
ENCODING 9574
SWIDTH 600 0
DWIDTH 12 0
BBX 12 20 0 -6
BITMAP
0000
0000
0000
0000
0000
0000
0000
FFF0
0000
0000
0000
F8F0
0880
0880
0880
0880
0880
0880
0880
0880
ENDCHAR
STARTCHAR SF450000
ENCODING 9575
SWIDTH 600 0
DWIDTH 12 0
BBX 12 20 0 -6
BITMAP
0200
0200
0200
0200
0200
0200
0200
FFF0
0000
0000
0000
FFF0
0000
0000
0000
0000
0000
0000
0000
0000
ENDCHAR
STARTCHAR SF460000
ENCODING 9576
SWIDTH 600 0
DWIDTH 12 0
BBX 12 20 0 -6
BITMAP
0880
0880
0880
0880
0880
0880
0880
0880
0880
FFF0
0000
0000
0000
0000
0000
0000
0000
0000
0000
0000
ENDCHAR
STARTCHAR SF400000
ENCODING 9577
SWIDTH 600 0
DWIDTH 12 0
BBX 12 20 0 -6
BITMAP
0880
0880
0880
0880
0880
0880
0880
F8F0
0000
0000
0000
FFF0
0000
0000
0000
0000
0000
0000
0000
0000
ENDCHAR
STARTCHAR SF540000
ENCODING 9578
SWIDTH 600 0
DWIDTH 12 0
BBX 12 20 0 -6
BITMAP
0200
0200
0200
0200
0200
0200
0200
FFF0
0200
0200
0200
FFF0
0200
0200
0200
0200
0200
0200
0200
0200
ENDCHAR
STARTCHAR SF530000
ENCODING 9579
SWIDTH 600 0
DWIDTH 12 0
BBX 12 20 0 -6
BITMAP
0880
0880
0880
0880
0880
0880
0880
0880
0880
FFF0
0880
0880
0880
0880
0880
0880
0880
0880
0880
0880
ENDCHAR
STARTCHAR SF440000
ENCODING 9580
SWIDTH 600 0
DWIDTH 12 0
BBX 12 20 0 -6
BITMAP
0880
0880
0880
0880
0880
0880
0880
F8F0
0000
0000
0000
F8F0
0880
0880
0880
0880
0880
0880
0880
0880
ENDCHAR
STARTCHAR upblock
ENCODING 9600
SWIDTH 600 0
DWIDTH 12 0
BBX 12 20 0 -6
BITMAP
FFF0
FFF0
FFF0
FFF0
FFF0
FFF0
FFF0
FFF0
FFF0
FFF0
0000
0000
0000
0000
0000
0000
0000
0000
0000
0000
ENDCHAR
STARTCHAR uni2581
ENCODING 9601
SWIDTH 600 0
DWIDTH 12 0
BBX 12 20 0 -6
BITMAP
0000
0000
0000
0000
0000
0000
0000
0000
0000
0000
0000
0000
0000
0000
0000
0000
FFF0
FFF0
FFF0
0000
ENDCHAR
STARTCHAR dnblock
ENCODING 9604
SWIDTH 600 0
DWIDTH 12 0
BBX 12 20 0 -6
BITMAP
0000
0000
0000
0000
0000
0000
0000
0000
0000
0000
FFF0
FFF0
FFF0
FFF0
FFF0
FFF0
FFF0
FFF0
FFF0
FFF0
ENDCHAR
STARTCHAR block
ENCODING 9608
SWIDTH 600 0
DWIDTH 12 0
BBX 12 20 0 -6
BITMAP
FFF0
FFF0
FFF0
FFF0
FFF0
FFF0
FFF0
FFF0
FFF0
FFF0
FFF0
FFF0
FFF0
FFF0
FFF0
FFF0
FFF0
FFF0
FFF0
FFF0
ENDCHAR
STARTCHAR lfblock
ENCODING 9612
SWIDTH 600 0
DWIDTH 12 0
BBX 12 20 0 -6
BITMAP
FC00
FC00
FC00
FC00
FC00
FC00
FC00
FC00
FC00
FC00
FC00
FC00
FC00
FC00
FC00
FC00
FC00
FC00
FC00
FC00
ENDCHAR
STARTCHAR rtblock
ENCODING 9616
SWIDTH 600 0
DWIDTH 12 0
BBX 12 20 0 -6
BITMAP
03F0
03F0
03F0
03F0
03F0
03F0
03F0
03F0
03F0
03F0
03F0
03F0
03F0
03F0
03F0
03F0
03F0
03F0
03F0
03F0
ENDCHAR
STARTCHAR ltshade
ENCODING 9617
SWIDTH 600 0
DWIDTH 12 0
BBX 12 20 0 -6
BITMAP
5550
AAA0
5550
AAA0
5550
AAA0
5550
AAA0
5550
AAA0
5550
AAA0
5550
AAA0
5550
AAA0
5550
AAA0
5550
AAA0
ENDCHAR
STARTCHAR shade
ENCODING 9618
SWIDTH 600 0
DWIDTH 12 0
BBX 12 20 0 -6
BITMAP
FFF0
5550
FFF0
AAA0
FFF0
5550
FFF0
AAA0
FFF0
5550
FFF0
AAA0
FFF0
5550
FFF0
AAA0
FFF0
5550
FFF0
AAA0
ENDCHAR
STARTCHAR dkshade
ENCODING 9619
SWIDTH 600 0
DWIDTH 12 0
BBX 12 20 0 -6
BITMAP
DDD0
FFF0
7770
FFF0
DDD0
FFF0
7770
FFF0
DDD0
FFF0
7770
FFF0
DDD0
FFF0
7770
FFF0
DDD0
FFF0
7770
FFF0
ENDCHAR
STARTCHAR filledbox
ENCODING 9632
SWIDTH 600 0
DWIDTH 12 0
BBX 12 20 0 -6
BITMAP
0000
0000
0000
0000
0F00
0F00
0F00
0F00
0F00
0F00
0F00
0F00
0F00
0F00
0000
0000
0000
0000
0000
0000
ENDCHAR
STARTCHAR H22073
ENCODING 9633
SWIDTH 600 0
DWIDTH 12 0
BBX 12 20 0 -6
BITMAP
0000
0000
0000
0000
0F00
0900
0900
0900
0900
0900
0900
0900
0900
0F00
0000
0000
0000
0000
0000
0000
ENDCHAR
STARTCHAR H18543
ENCODING 9642
SWIDTH 600 0
DWIDTH 12 0
BBX 12 20 0 -6
BITMAP
0000
0000
0000
0000
0000
0000
0F00
0F00
0F00
0F00
0F00
0000
0000
0000
0000
0000
0000
0000
0000
0000
ENDCHAR
STARTCHAR H18551
ENCODING 9643
SWIDTH 600 0
DWIDTH 12 0
BBX 12 20 0 -6
BITMAP
0000
0000
0000
0000
0000
0000
0F00
0900
0900
0900
0F00
0000
0000
0000
0000
0000
0000
0000
0000
0000
ENDCHAR
STARTCHAR filledrect
ENCODING 9644
SWIDTH 600 0
DWIDTH 12 0
BBX 12 20 0 -6
BITMAP
0000
0000
0000
0000
0000
0000
0000
0000
0000
0000
7FE0
7FE0
7FE0
7FE0
0000
0000
0000
0000
0000
0000
ENDCHAR
STARTCHAR triagup
ENCODING 9650
SWIDTH 600 0
DWIDTH 12 0
BBX 12 20 0 -6
BITMAP
0000
0000
0400
0400
0E00
0E00
1F00
1F00
3F80
3F80
7FC0
7FC0
FFE0
FFE0
0000
0000
0000
0000
0000
0000
ENDCHAR
STARTCHAR triagrt
ENCODING 9658
SWIDTH 600 0
DWIDTH 12 0
BBX 12 20 0 -6
BITMAP
0000
0000
1000
1800
1C00
1E00
1F00
1F80
1FC0
1F80
1F00
1E00
1C00
1800
1000
0000
0000
0000
0000
0000
ENDCHAR
STARTCHAR triagdn
ENCODING 9660
SWIDTH 600 0
DWIDTH 12 0
BBX 12 20 0 -6
BITMAP
0000
0000
FFE0
FFE0
7FC0
7FC0
3F80
3F80
1F00
1F00
0E00
0E00
0400
0400
0000
0000
0000
0000
0000
0000
ENDCHAR
STARTCHAR triaglf
ENCODING 9668
SWIDTH 600 0
DWIDTH 12 0
BBX 12 20 0 -6
BITMAP
0000
0000
0080
0180
0380
0780
0F80
1F80
3F80
1F80
0F80
0780
0380
0180
0080
0000
0000
0000
0000
0000
ENDCHAR
STARTCHAR lozenge
ENCODING 9674
SWIDTH 600 0
DWIDTH 12 0
BBX 12 20 0 -6
BITMAP
0000
0000
0400
0A00
1100
2080
4040
8020
8020
4040
2080
1100
0A00
0400
0000
0000
0000
0000
0000
0000
ENDCHAR
STARTCHAR circle
ENCODING 9675
SWIDTH 600 0
DWIDTH 12 0
BBX 12 20 0 -6
BITMAP
0000
0000
0F00
1080
2040
4020
4020
4020
4020
4020
4020
2040
1080
0F00
0000
0000
0000
0000
0000
0000
ENDCHAR
STARTCHAR H18533
ENCODING 9679
SWIDTH 600 0
DWIDTH 12 0
BBX 12 20 0 -6
BITMAP
0000
0000
0F00
1F80
3FC0
7FE0
7FE0
7FE0
7FE0
7FE0
7FE0
3FC0
1F80
0F00
0000
0000
0000
0000
0000
0000
ENDCHAR
STARTCHAR invbullet
ENCODING 9688
SWIDTH 600 0
DWIDTH 12 0
BBX 12 20 0 -6
BITMAP
FFF0
FFF0
FFF0
FFF0
FFF0
F9F0
F0F0
E070
E070
E070
F0F0
F9F0
FFF0
FFF0
FFF0
FFF0
FFF0
FFF0
FFF0
FFF0
ENDCHAR
STARTCHAR invcircle
ENCODING 9689
SWIDTH 600 0
DWIDTH 12 0
BBX 12 20 0 -6
BITMAP
FFF0
FFF0
F0F0
EF70
DFB0
BFD0
BFD0
BFD0
BFD0
BFD0
BFD0
DFB0
EF70
F0F0
FFF0
FFF0
FFF0
FFF0
FFF0
FFF0
ENDCHAR
STARTCHAR openbullet
ENCODING 9702
SWIDTH 600 0
DWIDTH 12 0
BBX 12 20 0 -6
BITMAP
0000
0000
0000
0000
0000
0000
0E00
1100
1100
1100
0E00
0000
0000
0000
0000
0000
0000
0000
0000
0000
ENDCHAR
STARTCHAR smileface
ENCODING 9786
SWIDTH 600 0
DWIDTH 12 0
BBX 12 20 0 -6
BITMAP
0000
0000
0F00
1080
2040
50A0
B9D0
9090
8010
9090
4F20
2040
1080
0F00
0000
0000
0000
0000
0000
0000
ENDCHAR
STARTCHAR invsmileface
ENCODING 9787
SWIDTH 600 0
DWIDTH 12 0
BBX 12 20 0 -6
BITMAP
0000
0000
0F00
1F80
3FC0
6F60
C630
EF70
FFF0
EF70
70E0
3FC0
1F80
0F00
0000
0000
0000
0000
0000
0000
ENDCHAR
STARTCHAR sun
ENCODING 9788
SWIDTH 600 0
DWIDTH 12 0
BBX 12 20 0 -6
BITMAP
0000
0000
0400
0400
4440
2E80
1100
2080
2080
E0E0
2080
2080
1100
2E80
4440
0400
0400
0000
0000
0000
ENDCHAR
STARTCHAR female
ENCODING 9792
SWIDTH 600 0
DWIDTH 12 0
BBX 12 20 0 -6
BITMAP
0000
0000
1F00
2080
4040
4040
4040
4040
4040
2080
1F00
0400
0400
0400
1F00
0400
0400
0000
0000
0000
ENDCHAR
STARTCHAR male
ENCODING 9794
SWIDTH 600 0
DWIDTH 12 0
BBX 12 20 0 -6
BITMAP
0000
0000
03E0
0060
00A0
0120
0220
0400
1F00
2080
4040
4040
4040
4040
2080
1F00
0000
0000
0000
0000
ENDCHAR
STARTCHAR spade
ENCODING 9824
SWIDTH 600 0
DWIDTH 12 0
BBX 12 20 0 -6
BITMAP
0000
0000
0400
0400
0E00
1F00
3F80
7FC0
FFE0
FFE0
FFE0
64C0
0E00
1F00
0000
0000
0000
0000
0000
0000
ENDCHAR
STARTCHAR club
ENCODING 9827
SWIDTH 600 0
DWIDTH 12 0
BBX 12 20 0 -6
BITMAP
0000
0000
0E00
1F00
1F00
0E00
64C0
F5E0
FFE0
F5E0
64C0
0400
0E00
1F00
0000
0000
0000
0000
0000
0000
ENDCHAR
STARTCHAR heart
ENCODING 9829
SWIDTH 600 0
DWIDTH 12 0
BBX 12 20 0 -6
BITMAP
0000
0000
3180
7BC0
FFE0
FFE0
FFE0
FFE0
7FC0
3F80
1F00
0E00
0400
0400
0000
0000
0000
0000
0000
0000
ENDCHAR
STARTCHAR diamond
ENCODING 9830
SWIDTH 600 0
DWIDTH 12 0
BBX 12 20 0 -6
BITMAP
0000
0000
0400
0E00
1F00
3F80
7FC0
FFE0
FFE0
7FC0
3F80
1F00
0E00
0400
0000
0000
0000
0000
0000
0000
ENDCHAR
STARTCHAR musicalnote
ENCODING 9834
SWIDTH 600 0
DWIDTH 12 0
BBX 12 20 0 -6
BITMAP
0000
0000
0FE0
0C60
0C60
0FE0
0C00
0C00
0C00
0C00
0C00
3C00
7800
7000
0000
0000
0000
0000
0000
0000
ENDCHAR
STARTCHAR musicalnotedbl
ENCODING 9835
SWIDTH 600 0
DWIDTH 12 0
BBX 12 20 0 -6
BITMAP
0000
0000
1FF0
1830
1830
1FF0
1830
1830
1830
1830
1830
18F0
79E0
F1C0
E000
0000
0000
0000
0000
0000
ENDCHAR
STARTCHAR uni2713
ENCODING 10003
SWIDTH 600 0
DWIDTH 12 0
BBX 12 20 0 -6
BITMAP
0000
0000
0060
00E0
00C0
00C0
0180
0180
0100
0300
4200
2600
3400
1C00
1800
0800
0000
0000
0000
0000
ENDCHAR
STARTCHAR uni3044
ENCODING 12356
SWIDTH 600 0
DWIDTH 12 0
BBX 12 20 0 -6
BITMAP
0000
0000
0000
0000
0000
0000
0000
0000
0000
0000
0000
0000
0000
0000
0000
0000
0000
0000
0000
0000
ENDCHAR
STARTCHAR uni3046
ENCODING 12358
SWIDTH 600 0
DWIDTH 12 0
BBX 12 20 0 -6
BITMAP
0000
0000
0000
0000
0000
0000
0000
0000
0000
0000
0000
0000
0000
0000
0000
0000
0000
0000
0000
0000
ENDCHAR
STARTCHAR uni304B
ENCODING 12363
SWIDTH 600 0
DWIDTH 12 0
BBX 12 20 0 -6
BITMAP
0000
0000
0000
0000
0000
0000
0000
0000
0000
0000
0000
0000
0000
0000
0000
0000
0000
0000
0000
0000
ENDCHAR
STARTCHAR uni3057
ENCODING 12375
SWIDTH 600 0
DWIDTH 12 0
BBX 12 20 0 -6
BITMAP
0000
0000
0000
0000
0000
0000
0000
0000
0000
0000
0000
0000
0000
0000
0000
0000
0000
0000
0000
0000
ENDCHAR
STARTCHAR uni306E
ENCODING 12398
SWIDTH 600 0
DWIDTH 12 0
BBX 12 20 0 -6
BITMAP
0000
0000
0000
0000
0000
0000
0000
0000
0000
0000
0000
0000
0000
0000
0000
0000
0000
0000
0000
0000
ENDCHAR
STARTCHAR uni3093
ENCODING 12435
SWIDTH 600 0
DWIDTH 12 0
BBX 12 20 0 -6
BITMAP
0000
0000
0000
0000
0000
0000
0000
0000
0000
0000
0000
0000
0000
0000
0000
0000
0000
0000
0000
0000
ENDCHAR
STARTCHAR uniFB01
ENCODING 64257
SWIDTH 600 0
DWIDTH 12 0
BBX 12 20 0 -6
BITMAP
0000
0000
0700
0980
1800
1B80
7D80
1980
1980
1980
1980
1980
1980
3CC0
0000
0000
0000
0000
0000
0000
ENDCHAR
STARTCHAR uniFB02
ENCODING 64258
SWIDTH 600 0
DWIDTH 12 0
BBX 12 20 0 -6
BITMAP
0000
0000
0700
0980
1980
1980
7D80
1980
1980
1980
1980
1980
1980
3CC0
0000
0000
0000
0000
0000
0000
ENDCHAR
STARTCHAR uniFFFD
ENCODING 65533
SWIDTH 600 0
DWIDTH 12 0
BBX 12 20 0 -6
BITMAP
FFF0
FFF0
F070
EF30
E730
E730
FE70
FEF0
FDF0
FDF0
FDF0
FFF0
FDF0
F8F0
FDF0
FFF0
FFF0
FFF0
FFF0
FFF0
ENDCHAR
STARTCHAR .notdef
ENCODING -1
SWIDTH 600 0
DWIDTH 12 0
BBX 12 20 0 -6
BITMAP
FFF0
FFF0
F070
EF30
E730
E730
FE70
FEF0
FDF0
FDF0
FDF0
FFF0
FDF0
F8F0
FDF0
FFF0
FFF0
FFF0
FFF0
FFF0
ENDCHAR
ENDFONT
