STARTFONT 2.1
FONT ChenhaoUwU RP Font
SIZE 8 75 75
FONTBOUNDINGBOX 12 12 -3 -2
STARTPROPERTIES 3
PIXEL_SIZE 8
FONT_ASCENT 7
FONT_DESCENT 1
ENDPROPERTIES
CHARS 2665
STARTCHAR uni0020
ENCODING 32
SWIDTH 500 0
DWIDTH 4 0
BBX 0 0 0 0
BITMAP
ENDCHAR
STARTCHAR uni0021
ENCODING 33
SWIDTH 250 0
DWIDTH 2 0
BBX 1 7 0 0
BITMAP
80
80
80
80
80
00
80
ENDCHAR
STARTCHAR uni0022
ENCODING 34
SWIDTH 500 0
DWIDTH 4 0
BBX 3 2 0 5
BITMAP
A0
A0
ENDCHAR
STARTCHAR uni0023
ENCODING 35
SWIDTH 750 0
DWIDTH 6 0
BBX 5 7 0 0
BITMAP
50
50
F8
50
F8
50
50
ENDCHAR
STARTCHAR uni0024
ENCODING 36
SWIDTH 750 0
DWIDTH 6 0
BBX 5 7 0 0
BITMAP
20
78
80
70
08
F0
20
ENDCHAR
STARTCHAR uni0025
ENCODING 37
SWIDTH 750 0
DWIDTH 6 0
BBX 5 7 0 0
BITMAP
D0
90
20
20
20
48
58
ENDCHAR
STARTCHAR uni0026
ENCODING 38
SWIDTH 750 0
DWIDTH 6 0
BBX 5 7 0 0
BITMAP
30
40
40
48
A8
90
68
ENDCHAR
STARTCHAR uni0027
ENCODING 39
SWIDTH 250 0
DWIDTH 2 0
BBX 1 2 0 5
BITMAP
80
80
ENDCHAR
STARTCHAR uni0028
ENCODING 40
SWIDTH 375 0
DWIDTH 3 0
BBX 2 7 0 0
BITMAP
40
80
80
80
80
80
40
ENDCHAR
STARTCHAR uni0029
ENCODING 41
SWIDTH 375 0
DWIDTH 3 0
BBX 2 7 0 0
BITMAP
80
40
40
40
40
40
80
ENDCHAR
STARTCHAR uni002A
ENCODING 42
SWIDTH 500 0
DWIDTH 4 0
BBX 3 3 0 2
BITMAP
A0
40
A0
ENDCHAR
STARTCHAR uni002B
ENCODING 43
SWIDTH 750 0
DWIDTH 6 0
BBX 5 5 0 1
BITMAP
20
20
F8
20
20
ENDCHAR
STARTCHAR uni002C
ENCODING 44
SWIDTH 250 0
DWIDTH 2 0
BBX 1 2 0 -1
BITMAP
80
80
ENDCHAR
STARTCHAR uni002D
ENCODING 45
SWIDTH 500 0
DWIDTH 4 0
BBX 3 1 0 3
BITMAP
E0
ENDCHAR
STARTCHAR uni002E
ENCODING 46
SWIDTH 250 0
DWIDTH 2 0
BBX 1 1 0 0
BITMAP
80
ENDCHAR
STARTCHAR uni002F
ENCODING 47
SWIDTH 500 0
DWIDTH 4 0
BBX 3 7 0 0
BITMAP
20
20
40
40
40
80
80
ENDCHAR
STARTCHAR uni0030
ENCODING 48
SWIDTH 750 0
DWIDTH 6 0
BBX 5 7 0 0
BITMAP
70
88
98
A8
C8
88
70
ENDCHAR
STARTCHAR uni0031
ENCODING 49
SWIDTH 750 0
DWIDTH 6 0
BBX 5 7 0 0
BITMAP
60
20
20
20
20
20
F8
ENDCHAR
STARTCHAR uni0032
ENCODING 50
SWIDTH 750 0
DWIDTH 6 0
BBX 5 7 0 0
BITMAP
F0
08
08
30
40
80
F8
ENDCHAR
STARTCHAR uni0033
ENCODING 51
SWIDTH 750 0
DWIDTH 6 0
BBX 5 7 0 0
BITMAP
F8
08
70
08
08
08
F0
ENDCHAR
STARTCHAR uni0034
ENCODING 52
SWIDTH 750 0
DWIDTH 6 0
BBX 5 7 0 0
BITMAP
18
28
48
88
F8
08
08
ENDCHAR
STARTCHAR uni0035
ENCODING 53
SWIDTH 750 0
DWIDTH 6 0
BBX 5 7 0 0
BITMAP
F8
80
F0
08
08
08
F0
ENDCHAR
STARTCHAR uni0036
ENCODING 54
SWIDTH 750 0
DWIDTH 6 0
BBX 5 7 0 0
BITMAP
70
80
F0
88
88
88
70
ENDCHAR
STARTCHAR uni0037
ENCODING 55
SWIDTH 750 0
DWIDTH 6 0
BBX 5 7 0 0
BITMAP
F8
08
08
10
20
40
40
ENDCHAR
STARTCHAR uni0038
ENCODING 56
SWIDTH 750 0
DWIDTH 6 0
BBX 5 7 0 0
BITMAP
70
88
88
70
88
88
70
ENDCHAR
STARTCHAR uni0039
ENCODING 57
SWIDTH 750 0
DWIDTH 6 0
BBX 5 7 0 0
BITMAP
70
88
88
88
78
08
70
ENDCHAR
STARTCHAR uni003A
ENCODING 58
SWIDTH 250 0
DWIDTH 2 0
BBX 1 5 0 0
BITMAP
80
00
00
00
80
ENDCHAR
STARTCHAR uni003B
ENCODING 59
SWIDTH 250 0
DWIDTH 2 0
BBX 1 6 0 -1
BITMAP
80
00
00
00
80
80
ENDCHAR
STARTCHAR uni003C
ENCODING 60
SWIDTH 750 0
DWIDTH 6 0
BBX 5 5 0 1
BITMAP
18
60
80
60
18
ENDCHAR
STARTCHAR uni003D
ENCODING 61
SWIDTH 750 0
DWIDTH 6 0
BBX 5 3 0 2
BITMAP
F8
00
F8
ENDCHAR
STARTCHAR uni003E
ENCODING 62
SWIDTH 750 0
DWIDTH 6 0
BBX 5 5 0 1
BITMAP
C0
30
08
30
C0
ENDCHAR
STARTCHAR uni003F
ENCODING 63
SWIDTH 625 0
DWIDTH 5 0
BBX 4 7 0 0
BITMAP
E0
10
10
20
40
00
40
ENDCHAR
STARTCHAR uni0040
ENCODING 64
SWIDTH 875 0
DWIDTH 7 0
BBX 6 7 0 0
BITMAP
78
84
B4
A4
B8
80
78
ENDCHAR
STARTCHAR uni0041
ENCODING 65
SWIDTH 750 0
DWIDTH 6 0
BBX 5 7 0 0
BITMAP
70
88
88
88
F8
88
88
ENDCHAR
STARTCHAR uni0042
ENCODING 66
SWIDTH 750 0
DWIDTH 6 0
BBX 5 7 0 0
BITMAP
F0
88
88
F0
88
88
F0
ENDCHAR
STARTCHAR uni0043
ENCODING 67
SWIDTH 750 0
DWIDTH 6 0
BBX 5 7 0 0
BITMAP
78
80
80
80
80
80
78
ENDCHAR
STARTCHAR uni0044
ENCODING 68
SWIDTH 750 0
DWIDTH 6 0
BBX 5 7 0 0
BITMAP
F0
88
88
88
88
88
F0
ENDCHAR
STARTCHAR uni0045
ENCODING 69
SWIDTH 750 0
DWIDTH 6 0
BBX 5 7 0 0
BITMAP
F8
80
80
F0
80
80
F8
ENDCHAR
STARTCHAR uni0046
ENCODING 70
SWIDTH 750 0
DWIDTH 6 0
BBX 5 7 0 0
BITMAP
F8
80
80
80
F0
80
80
ENDCHAR
STARTCHAR uni0047
ENCODING 71
SWIDTH 750 0
DWIDTH 6 0
BBX 5 7 0 0
BITMAP
78
80
80
98
88
88
70
ENDCHAR
STARTCHAR uni0048
ENCODING 72
SWIDTH 750 0
DWIDTH 6 0
BBX 5 7 0 0
BITMAP
88
88
88
F8
88
88
88
ENDCHAR
STARTCHAR uni0049
ENCODING 73
SWIDTH 500 0
DWIDTH 4 0
BBX 3 7 0 0
BITMAP
E0
40
40
40
40
40
E0
ENDCHAR
STARTCHAR uni004A
ENCODING 74
SWIDTH 625 0
DWIDTH 5 0
BBX 4 7 0 0
BITMAP
10
10
10
10
10
10
E0
ENDCHAR
STARTCHAR uni004B
ENCODING 75
SWIDTH 750 0
DWIDTH 6 0
BBX 5 7 0 0
BITMAP
88
90
A0
E0
90
88
88
ENDCHAR
STARTCHAR uni004C
ENCODING 76
SWIDTH 750 0
DWIDTH 6 0
BBX 5 7 0 0
BITMAP
80
80
80
80
80
80
F8
ENDCHAR
STARTCHAR uni004D
ENCODING 77
SWIDTH 750 0
DWIDTH 6 0
BBX 5 7 0 0
BITMAP
88
D8
A8
A8
A8
88
88
ENDCHAR
STARTCHAR uni004E
ENCODING 78
SWIDTH 750 0
DWIDTH 6 0
BBX 5 7 0 0
BITMAP
88
C8
A8
98
88
88
88
ENDCHAR
STARTCHAR uni004F
ENCODING 79
SWIDTH 750 0
DWIDTH 6 0
BBX 5 7 0 0
BITMAP
70
88
88
88
88
88
70
ENDCHAR
STARTCHAR uni0050
ENCODING 80
SWIDTH 750 0
DWIDTH 6 0
BBX 5 7 0 0
BITMAP
F0
88
88
88
F0
80
80
ENDCHAR
STARTCHAR uni0051
ENCODING 81
SWIDTH 750 0
DWIDTH 6 0
BBX 5 8 0 -1
BITMAP
70
88
88
88
88
88
70
08
ENDCHAR
STARTCHAR uni0052
ENCODING 82
SWIDTH 750 0
DWIDTH 6 0
BBX 5 7 0 0
BITMAP
F0
88
88
88
F0
90
88
ENDCHAR
STARTCHAR uni0053
ENCODING 83
SWIDTH 750 0
DWIDTH 6 0
BBX 5 7 0 0
BITMAP
78
80
80
70
08
08
F0
ENDCHAR
STARTCHAR uni0054
ENCODING 84
SWIDTH 750 0
DWIDTH 6 0
BBX 5 7 0 0
BITMAP
F8
20
20
20
20
20
20
ENDCHAR
STARTCHAR uni0055
ENCODING 85
SWIDTH 750 0
DWIDTH 6 0
BBX 5 7 0 0
BITMAP
88
88
88
88
88
88
70
ENDCHAR
STARTCHAR uni0056
ENCODING 86
SWIDTH 750 0
DWIDTH 6 0
BBX 5 7 0 0
BITMAP
88
88
88
88
88
50
20
ENDCHAR
STARTCHAR uni0057
ENCODING 87
SWIDTH 750 0
DWIDTH 6 0
BBX 5 7 0 0
BITMAP
88
88
A8
A8
A8
A8
50
ENDCHAR
STARTCHAR uni0058
ENCODING 88
SWIDTH 750 0
DWIDTH 6 0
BBX 5 7 0 0
BITMAP
88
88
50
20
50
88
88
ENDCHAR
STARTCHAR uni0059
ENCODING 89
SWIDTH 750 0
DWIDTH 6 0
BBX 5 7 0 0
BITMAP
88
88
88
50
20
20
20
ENDCHAR
STARTCHAR uni005A
ENCODING 90
SWIDTH 750 0
DWIDTH 6 0
BBX 5 7 0 0
BITMAP
F8
08
10
20
40
80
F8
ENDCHAR
STARTCHAR uni005B
ENCODING 91
SWIDTH 375 0
DWIDTH 3 0
BBX 2 7 0 0
BITMAP
C0
80
80
80
80
80
C0
ENDCHAR
STARTCHAR uni005C
ENCODING 92
SWIDTH 500 0
DWIDTH 4 0
BBX 3 7 0 0
BITMAP
80
80
40
40
40
20
20
ENDCHAR
STARTCHAR uni005D
ENCODING 93
SWIDTH 375 0
DWIDTH 3 0
BBX 2 7 0 0
BITMAP
C0
40
40
40
40
40
C0
ENDCHAR
STARTCHAR uni005E
ENCODING 94
SWIDTH 750 0
DWIDTH 6 0
BBX 5 3 0 4
BITMAP
20
50
88
ENDCHAR
STARTCHAR uni005F
ENCODING 95
SWIDTH 500 0
DWIDTH 4 0
BBX 3 1 0 -1
BITMAP
E0
ENDCHAR
STARTCHAR uni0060
ENCODING 96
SWIDTH 375 0
DWIDTH 3 0
BBX 2 2 0 5
BITMAP
80
40
ENDCHAR
STARTCHAR uni0061
ENCODING 97
SWIDTH 625 0
DWIDTH 5 0
BBX 4 5 0 0
BITMAP
60
10
70
90
70
ENDCHAR
STARTCHAR uni0062
ENCODING 98
SWIDTH 625 0
DWIDTH 5 0
BBX 4 7 0 0
BITMAP
80
80
E0
90
90
90
E0
ENDCHAR
STARTCHAR uni0063
ENCODING 99
SWIDTH 500 0
DWIDTH 4 0
BBX 3 5 0 0
BITMAP
60
80
80
80
60
ENDCHAR
STARTCHAR uni0064
ENCODING 100
SWIDTH 625 0
DWIDTH 5 0
BBX 4 7 0 0
BITMAP
10
10
70
90
90
90
70
ENDCHAR
STARTCHAR uni0065
ENCODING 101
SWIDTH 625 0
DWIDTH 5 0
BBX 4 5 0 0
BITMAP
60
90
F0
80
70
ENDCHAR
STARTCHAR uni0066
ENCODING 102
SWIDTH 375 0
DWIDTH 3 0
BBX 2 7 0 0
BITMAP
40
80
80
C0
80
80
80
ENDCHAR
STARTCHAR uni0067
ENCODING 103
SWIDTH 625 0
DWIDTH 5 0
BBX 4 6 0 -1
BITMAP
70
90
90
70
10
E0
ENDCHAR
STARTCHAR uni0068
ENCODING 104
SWIDTH 625 0
DWIDTH 5 0
BBX 4 7 0 0
BITMAP
80
80
E0
90
90
90
90
ENDCHAR
STARTCHAR uni0069
ENCODING 105
SWIDTH 250 0
DWIDTH 2 0
BBX 1 7 0 0
BITMAP
80
00
80
80
80
80
80
ENDCHAR
STARTCHAR uni006A
ENCODING 106
SWIDTH 250 0
DWIDTH 2 0
BBX 1 8 0 -1
BITMAP
80
00
80
80
80
80
80
80
ENDCHAR
STARTCHAR uni006B
ENCODING 107
SWIDTH 625 0
DWIDTH 5 0
BBX 4 7 0 0
BITMAP
80
80
90
A0
E0
90
90
ENDCHAR
STARTCHAR uni006C
ENCODING 108
SWIDTH 250 0
DWIDTH 2 0
BBX 1 7 0 0
BITMAP
80
80
80
80
80
80
80
ENDCHAR
STARTCHAR uni006D
ENCODING 109
SWIDTH 750 0
DWIDTH 6 0
BBX 5 5 0 0
BITMAP
D0
A8
A8
A8
88
ENDCHAR
STARTCHAR uni006E
ENCODING 110
SWIDTH 625 0
DWIDTH 5 0
BBX 4 5 0 0
BITMAP
E0
90
90
90
90
ENDCHAR
STARTCHAR uni006F
ENCODING 111
SWIDTH 625 0
DWIDTH 5 0
BBX 4 5 0 0
BITMAP
60
90
90
90
60
ENDCHAR
STARTCHAR uni0070
ENCODING 112
SWIDTH 625 0
DWIDTH 5 0
BBX 4 6 0 -1
BITMAP
E0
90
90
90
E0
80
ENDCHAR
STARTCHAR uni0071
ENCODING 113
SWIDTH 625 0
DWIDTH 5 0
BBX 4 6 0 -1
BITMAP
70
90
90
90
70
10
ENDCHAR
STARTCHAR uni0072
ENCODING 114
SWIDTH 500 0
DWIDTH 4 0
BBX 3 5 0 0
BITMAP
60
80
80
80
80
ENDCHAR
STARTCHAR uni0073
ENCODING 115
SWIDTH 625 0
DWIDTH 5 0
BBX 4 5 0 0
BITMAP
70
80
60
10
E0
ENDCHAR
STARTCHAR uni0074
ENCODING 116
SWIDTH 375 0
DWIDTH 3 0
BBX 2 6 0 0
BITMAP
80
C0
80
80
80
40
ENDCHAR
STARTCHAR uni0075
ENCODING 117
SWIDTH 625 0
DWIDTH 5 0
BBX 4 5 0 0
BITMAP
90
90
90
90
70
ENDCHAR
STARTCHAR uni0076
ENCODING 118
SWIDTH 625 0
DWIDTH 5 0
BBX 4 5 0 0
BITMAP
90
90
90
A0
C0
ENDCHAR
STARTCHAR uni0077
ENCODING 119
SWIDTH 750 0
DWIDTH 6 0
BBX 5 5 0 0
BITMAP
88
A8
A8
A8
50
ENDCHAR
STARTCHAR uni0078
ENCODING 120
SWIDTH 625 0
DWIDTH 5 0
BBX 4 5 0 0
BITMAP
90
90
60
90
90
ENDCHAR
STARTCHAR uni0079
ENCODING 121
SWIDTH 625 0
DWIDTH 5 0
BBX 4 6 0 -1
BITMAP
90
90
90
70
10
E0
ENDCHAR
STARTCHAR uni007A
ENCODING 122
SWIDTH 625 0
DWIDTH 5 0
BBX 4 5 0 0
BITMAP
F0
20
40
80
F0
ENDCHAR
STARTCHAR uni007B
ENCODING 123
SWIDTH 500 0
DWIDTH 4 0
BBX 3 7 0 0
BITMAP
60
40
40
80
40
40
60
ENDCHAR
STARTCHAR uni007C
ENCODING 124
SWIDTH 250 0
DWIDTH 2 0
BBX 1 8 0 -1
BITMAP
80
80
80
80
80
80
80
80
ENDCHAR
STARTCHAR uni007D
ENCODING 125
SWIDTH 500 0
DWIDTH 4 0
BBX 3 7 0 0
BITMAP
C0
40
40
20
40
40
C0
ENDCHAR
STARTCHAR uni007E
ENCODING 126
SWIDTH 750 0
DWIDTH 6 0
BBX 5 3 0 4
BITMAP
40
A8
10
ENDCHAR
STARTCHAR uni007F
ENCODING 127
SWIDTH 0 0
DWIDTH 0 0
BBX 0 0 0 0
BITMAP
ENDCHAR
STARTCHAR uni00A0
ENCODING 160
SWIDTH 500 0
DWIDTH 4 0
BBX 0 0 0 0
BITMAP
ENDCHAR
STARTCHAR uni00A1
ENCODING 161
SWIDTH 250 0
DWIDTH 2 0
BBX 1 6 0 -1
BITMAP
80
00
80
80
80
80
ENDCHAR
STARTCHAR uni00A2
ENCODING 162
SWIDTH 500 0
DWIDTH 4 0
BBX 3 6 0 0
BITMAP
40
60
80
80
60
40
ENDCHAR
STARTCHAR uni00A3
ENCODING 163
SWIDTH 750 0
DWIDTH 6 0
BBX 5 7 0 0
BITMAP
38
40
40
F0
40
40
F8
ENDCHAR
STARTCHAR uni00A4
ENCODING 164
SWIDTH 750 0
DWIDTH 6 0
BBX 5 5 0 1
BITMAP
88
70
50
70
88
ENDCHAR
STARTCHAR uni00A5
ENCODING 165
SWIDTH 750 0
DWIDTH 6 0
BBX 5 7 0 0
BITMAP
88
50
20
F8
20
F8
20
ENDCHAR
STARTCHAR uni00A6
ENCODING 166
SWIDTH 250 0
DWIDTH 2 0
BBX 1 8 0 -1
BITMAP
80
80
80
00
80
80
80
80
ENDCHAR
STARTCHAR uni00A7
ENCODING 167
SWIDTH 625 0
DWIDTH 5 0
BBX 4 7 0 0
BITMAP
70
80
60
90
60
10
E0
ENDCHAR
STARTCHAR uni00A8
ENCODING 168
SWIDTH 500 0
DWIDTH 4 0
BBX 3 1 0 6
BITMAP
A0
ENDCHAR
STARTCHAR uni00A9
ENCODING 169
SWIDTH 1000 0
DWIDTH 8 0
BBX 7 7 0 0
BITMAP
7C
82
BA
A2
BA
82
7C
ENDCHAR
STARTCHAR uni00AA
ENCODING 170
SWIDTH 625 0
DWIDTH 5 0
BBX 4 6 0 2
BITMAP
E0
70
90
70
00
F0
ENDCHAR
STARTCHAR uni00AB
ENCODING 171
SWIDTH 750 0
DWIDTH 6 0
BBX 5 5 0 1
BITMAP
28
50
A0
50
28
ENDCHAR
STARTCHAR uni00AC
ENCODING 172
SWIDTH 750 0
DWIDTH 6 0
BBX 5 4 0 0
BITMAP
F8
08
08
08
ENDCHAR
STARTCHAR uni00AD
ENCODING 173
SWIDTH 500 0
DWIDTH 4 0
BBX 3 1 0 3
BITMAP
E0
ENDCHAR
STARTCHAR uni00AE
ENCODING 174
SWIDTH 1000 0
DWIDTH 8 0
BBX 7 7 0 0
BITMAP
7C
82
BA
B2
AA
82
7C
ENDCHAR
STARTCHAR uni00AF
ENCODING 175
SWIDTH 500 0
DWIDTH 4 0
BBX 3 1 0 6
BITMAP
E0
ENDCHAR
STARTCHAR uni00B0
ENCODING 176
SWIDTH 625 0
DWIDTH 5 0
BBX 4 4 0 3
BITMAP
60
90
90
60
ENDCHAR
STARTCHAR uni00B1
ENCODING 177
SWIDTH 750 0
DWIDTH 6 0
BBX 5 7 0 0
BITMAP
20
20
F8
20
20
00
F8
ENDCHAR
STARTCHAR uni00B2
ENCODING 178
SWIDTH 625 0
DWIDTH 5 0
BBX 4 5 0 3
BITMAP
E0
10
60
80
F0
ENDCHAR
STARTCHAR uni00B3
ENCODING 179
SWIDTH 625 0
DWIDTH 5 0
BBX 4 5 0 3
BITMAP
F0
10
60
10
E0
ENDCHAR
STARTCHAR uni00B4
ENCODING 180
SWIDTH 375 0
DWIDTH 3 0
BBX 2 2 0 5
BITMAP
40
80
ENDCHAR
STARTCHAR uni00B5
ENCODING 181
SWIDTH 625 0
DWIDTH 5 0
BBX 4 6 0 -1
BITMAP
90
90
90
90
E0
80
ENDCHAR
STARTCHAR uni00B6
ENCODING 182
SWIDTH 750 0
DWIDTH 6 0
BBX 5 7 0 0
BITMAP
78
E8
E8
68
28
28
28
ENDCHAR
STARTCHAR uni00B7
ENCODING 183
SWIDTH 250 0
DWIDTH 2 0
BBX 1 1 0 3
BITMAP
80
ENDCHAR
STARTCHAR uni00B8
ENCODING 184
SWIDTH 375 0
DWIDTH 3 0
BBX 2 2 0 -1
BITMAP
40
C0
ENDCHAR
STARTCHAR uni00B9
ENCODING 185
SWIDTH 500 0
DWIDTH 4 0
BBX 3 5 0 3
BITMAP
C0
40
40
40
E0
ENDCHAR
STARTCHAR uni00BA
ENCODING 186
SWIDTH 625 0
DWIDTH 5 0
BBX 4 6 0 2
BITMAP
60
90
90
60
00
F0
ENDCHAR
STARTCHAR uni00BB
ENCODING 187
SWIDTH 750 0
DWIDTH 6 0
BBX 5 5 0 1
BITMAP
A0
50
28
50
A0
ENDCHAR
STARTCHAR uni00BC
ENCODING 188
SWIDTH 1000 0
DWIDTH 8 0
BBX 7 7 0 0
BITMAP
C4
48
40
EA
0A
2E
42
ENDCHAR
STARTCHAR uni00BD
ENCODING 189
SWIDTH 1000 0
DWIDTH 8 0
BBX 7 7 0 0
BITMAP
C4
48
40
EC
02
24
4E
ENDCHAR
STARTCHAR uni00BE
ENCODING 190
SWIDTH 1000 0
DWIDTH 8 0
BBX 7 7 0 0
BITMAP
E4
48
20
CA
0A
2E
42
ENDCHAR
STARTCHAR uni00BF
ENCODING 191
SWIDTH 625 0
DWIDTH 5 0
BBX 4 6 0 -1
BITMAP
20
00
20
40
80
70
ENDCHAR
STARTCHAR uni00C0
ENCODING 192
SWIDTH 750 0
DWIDTH 6 0
BBX 5 10 0 0
BITMAP
40
20
00
70
88
88
88
F8
88
88
ENDCHAR
STARTCHAR uni00C1
ENCODING 193
SWIDTH 750 0
DWIDTH 6 0
BBX 5 10 0 0
BITMAP
10
20
00
70
88
88
88
F8
88
88
ENDCHAR
STARTCHAR uni00C2
ENCODING 194
SWIDTH 750 0
DWIDTH 6 0
BBX 5 10 0 0
BITMAP
20
50
00
70
88
88
88
F8
88
88
ENDCHAR
STARTCHAR uni00C3
ENCODING 195
SWIDTH 750 0
DWIDTH 6 0
BBX 5 10 0 0
BITMAP
28
50
00
70
88
88
88
F8
88
88
ENDCHAR
STARTCHAR uni00C4
ENCODING 196
SWIDTH 750 0
DWIDTH 6 0
BBX 5 9 0 0
BITMAP
88
00
70
88
88
88
F8
88
88
ENDCHAR
STARTCHAR uni00C5
ENCODING 197
SWIDTH 750 0
DWIDTH 6 0
BBX 5 10 0 0
BITMAP
20
50
20
70
88
88
88
F8
88
88
ENDCHAR
STARTCHAR uni00C6
ENCODING 198
SWIDTH 1000 0
DWIDTH 8 0
BBX 7 7 0 0
BITMAP
7E
90
90
9C
F0
90
9E
ENDCHAR
STARTCHAR uni00C7
ENCODING 199
SWIDTH 750 0
DWIDTH 6 0
BBX 5 9 0 -2
BITMAP
78
80
80
80
80
80
78
10
30
ENDCHAR
STARTCHAR uni00C8
ENCODING 200
SWIDTH 750 0
DWIDTH 6 0
BBX 5 10 0 0
BITMAP
40
20
00
F8
80
80
F0
80
80
F8
ENDCHAR
STARTCHAR uni00C9
ENCODING 201
SWIDTH 750 0
DWIDTH 6 0
BBX 5 10 0 0
BITMAP
10
20
00
F8
80
80
F0
80
80
F8
ENDCHAR
STARTCHAR uni00CA
ENCODING 202
SWIDTH 750 0
DWIDTH 6 0
BBX 5 10 0 0
BITMAP
20
50
00
F8
80
80
F0
80
80
F8
ENDCHAR
STARTCHAR uni00CB
ENCODING 203
SWIDTH 750 0
DWIDTH 6 0
BBX 5 9 0 0
BITMAP
88
00
F8
80
80
F0
80
80
F8
ENDCHAR
STARTCHAR uni00CC
ENCODING 204
SWIDTH 500 0
DWIDTH 4 0
BBX 3 10 0 0
BITMAP
80
40
00
E0
40
40
40
40
40
E0
ENDCHAR
STARTCHAR uni00CD
ENCODING 205
SWIDTH 500 0
DWIDTH 4 0
BBX 3 10 0 0
BITMAP
20
40
00
E0
40
40
40
40
40
E0
ENDCHAR
STARTCHAR uni00CE
ENCODING 206
SWIDTH 500 0
DWIDTH 4 0
BBX 3 10 0 0
BITMAP
40
A0
00
E0
40
40
40
40
40
E0
ENDCHAR
STARTCHAR uni00CF
ENCODING 207
SWIDTH 500 0
DWIDTH 4 0
BBX 3 9 0 0
BITMAP
A0
00
E0
40
40
40
40
40
E0
ENDCHAR
STARTCHAR uni00D0
ENCODING 208
SWIDTH 750 0
DWIDTH 6 0
BBX 6 7 -1 0
BITMAP
78
44
44
F4
44
44
78
ENDCHAR
STARTCHAR uni00D1
ENCODING 209
SWIDTH 750 0
DWIDTH 6 0
BBX 5 10 0 0
BITMAP
28
50
00
88
C8
A8
98
88
88
88
ENDCHAR
STARTCHAR uni00D2
ENCODING 210
SWIDTH 750 0
DWIDTH 6 0
BBX 5 10 0 0
BITMAP
40
20
00
70
88
88
88
88
88
70
ENDCHAR
STARTCHAR uni00D3
ENCODING 211
SWIDTH 750 0
DWIDTH 6 0
BBX 5 10 0 0
BITMAP
10
20
00
70
88
88
88
88
88
70
ENDCHAR
STARTCHAR uni00D4
ENCODING 212
SWIDTH 750 0
DWIDTH 6 0
BBX 5 10 0 0
BITMAP
20
50
00
70
88
88
88
88
88
70
ENDCHAR
STARTCHAR uni00D5
ENCODING 213
SWIDTH 750 0
DWIDTH 6 0
BBX 5 10 0 0
BITMAP
28
50
00
70
88
88
88
88
88
70
ENDCHAR
STARTCHAR uni00D6
ENCODING 214
SWIDTH 750 0
DWIDTH 6 0
BBX 5 9 0 0
BITMAP
88
00
70
88
88
88
88
88
70
ENDCHAR
STARTCHAR uni00D7
ENCODING 215
SWIDTH 750 0
DWIDTH 6 0
BBX 5 5 0 1
BITMAP
88
50
20
50
88
ENDCHAR
STARTCHAR uni00D8
ENCODING 216
SWIDTH 750 0
DWIDTH 6 0
BBX 5 9 0 -1
BITMAP
10
70
88
88
88
88
88
70
40
ENDCHAR
STARTCHAR uni00D9
ENCODING 217
SWIDTH 750 0
DWIDTH 6 0
BBX 5 10 0 0
BITMAP
40
20
00
88
88
88
88
88
88
70
ENDCHAR
STARTCHAR uni00DA
ENCODING 218
SWIDTH 750 0
DWIDTH 6 0
BBX 5 10 0 0
BITMAP
10
20
00
88
88
88
88
88
88
70
ENDCHAR
STARTCHAR uni00DB
ENCODING 219
SWIDTH 750 0
DWIDTH 6 0
BBX 5 10 0 0
BITMAP
20
50
00
88
88
88
88
88
88
70
ENDCHAR
STARTCHAR uni00DC
ENCODING 220
SWIDTH 750 0
DWIDTH 6 0
BBX 5 9 0 0
BITMAP
88
00
88
88
88
88
88
88
70
ENDCHAR
STARTCHAR uni00DD
ENCODING 221
SWIDTH 750 0
DWIDTH 6 0
BBX 5 10 0 0
BITMAP
10
20
00
88
88
88
50
20
20
20
ENDCHAR
STARTCHAR uni00DE
ENCODING 222
SWIDTH 750 0
DWIDTH 6 0
BBX 5 7 0 0
BITMAP
80
F0
88
88
88
F0
80
ENDCHAR
STARTCHAR uni00DF
ENCODING 223
SWIDTH 625 0
DWIDTH 5 0
BBX 4 9 0 -2
BITMAP
60
80
F0
90
A0
90
90
10
60
ENDCHAR
STARTCHAR uni00E0
ENCODING 224
SWIDTH 625 0
DWIDTH 5 0
BBX 4 8 0 0
BITMAP
40
20
00
60
10
70
90
70
ENDCHAR
STARTCHAR uni00E1
ENCODING 225
SWIDTH 625 0
DWIDTH 5 0
BBX 4 8 0 0
BITMAP
20
40
00
60
10
70
90
70
ENDCHAR
STARTCHAR uni00E2
ENCODING 226
SWIDTH 625 0
DWIDTH 5 0
BBX 4 8 0 0
BITMAP
20
50
00
60
10
70
90
70
ENDCHAR
STARTCHAR uni00E3
ENCODING 227
SWIDTH 625 0
DWIDTH 5 0
BBX 4 8 0 0
BITMAP
50
A0
00
60
10
70
90
70
ENDCHAR
STARTCHAR uni00E4
ENCODING 228
SWIDTH 625 0
DWIDTH 5 0
BBX 4 7 0 0
BITMAP
90
00
60
10
70
90
70
ENDCHAR
STARTCHAR uni00E5
ENCODING 229
SWIDTH 625 0
DWIDTH 5 0
BBX 4 8 0 0
BITMAP
20
50
20
60
10
70
90
70
ENDCHAR
STARTCHAR uni00E6
ENCODING 230
SWIDTH 1000 0
DWIDTH 8 0
BBX 7 5 0 0
BITMAP
6C
12
7E
90
6E
ENDCHAR
STARTCHAR uni00E7
ENCODING 231
SWIDTH 500 0
DWIDTH 4 0
BBX 3 7 0 -2
BITMAP
60
80
80
80
60
20
60
ENDCHAR
STARTCHAR uni00E8
ENCODING 232
SWIDTH 625 0
DWIDTH 5 0
BBX 4 8 0 0
BITMAP
40
20
00
60
90
F0
80
70
ENDCHAR
STARTCHAR uni00E9
ENCODING 233
SWIDTH 625 0
DWIDTH 5 0
BBX 4 8 0 0
BITMAP
20
40
00
60
90
F0
80
70
ENDCHAR
STARTCHAR uni00EA
ENCODING 234
SWIDTH 625 0
DWIDTH 5 0
BBX 4 8 0 0
BITMAP
20
50
00
60
90
F0
80
70
ENDCHAR
STARTCHAR uni00EB
ENCODING 235
SWIDTH 625 0
DWIDTH 5 0
BBX 4 7 0 0
BITMAP
90
00
60
90
F0
80
70
ENDCHAR
STARTCHAR uni00EC
ENCODING 236
SWIDTH 250 0
DWIDTH 2 0
BBX 2 8 -1 0
BITMAP
80
40
00
40
40
40
40
40
ENDCHAR
STARTCHAR uni00ED
ENCODING 237
SWIDTH 250 0
DWIDTH 2 0
BBX 2 8 0 0
BITMAP
40
80
00
80
80
80
80
80
ENDCHAR
STARTCHAR uni00EE
ENCODING 238
SWIDTH 250 0
DWIDTH 2 0
BBX 3 8 -1 0
BITMAP
40
A0
00
40
40
40
40
40
ENDCHAR
STARTCHAR uni00EF
ENCODING 239
SWIDTH 250 0
DWIDTH 2 0
BBX 3 7 -1 0
BITMAP
A0
00
40
40
40
40
40
ENDCHAR
STARTCHAR uni00F0
ENCODING 240
SWIDTH 625 0
DWIDTH 5 0
BBX 4 7 0 0
BITMAP
D0
60
10
70
90
90
60
ENDCHAR
STARTCHAR uni00F1
ENCODING 241
SWIDTH 625 0
DWIDTH 5 0
BBX 4 8 0 0
BITMAP
50
A0
00
E0
90
90
90
90
ENDCHAR
STARTCHAR uni00F2
ENCODING 242
SWIDTH 625 0
DWIDTH 5 0
BBX 4 8 0 0
BITMAP
40
20
00
60
90
90
90
60
ENDCHAR
STARTCHAR uni00F3
ENCODING 243
SWIDTH 625 0
DWIDTH 5 0
BBX 4 8 0 0
BITMAP
20
40
00
60
90
90
90
60
ENDCHAR
STARTCHAR uni00F4
ENCODING 244
SWIDTH 625 0
DWIDTH 5 0
BBX 4 8 0 0
BITMAP
20
50
00
60
90
90
90
60
ENDCHAR
STARTCHAR uni00F5
ENCODING 245
SWIDTH 625 0
DWIDTH 5 0
BBX 4 8 0 0
BITMAP
50
A0
00
60
90
90
90
60
ENDCHAR
STARTCHAR uni00F6
ENCODING 246
SWIDTH 625 0
DWIDTH 5 0
BBX 4 7 0 0
BITMAP
90
00
60
90
90
90
60
ENDCHAR
STARTCHAR uni00F7
ENCODING 247
SWIDTH 750 0
DWIDTH 6 0
BBX 5 5 0 1
BITMAP
20
00
F8
00
20
ENDCHAR
STARTCHAR uni00F8
ENCODING 248
SWIDTH 625 0
DWIDTH 5 0
BBX 4 7 0 -1
BITMAP
20
60
90
90
90
60
40
ENDCHAR
STARTCHAR uni00F9
ENCODING 249
SWIDTH 625 0
DWIDTH 5 0
BBX 4 8 0 0
BITMAP
40
20
00
90
90
90
90
70
ENDCHAR
STARTCHAR uni00FA
ENCODING 250
SWIDTH 625 0
DWIDTH 5 0
BBX 4 8 0 0
BITMAP
20
40
00
90
90
90
90
70
ENDCHAR
STARTCHAR uni00FB
ENCODING 251
SWIDTH 625 0
DWIDTH 5 0
BBX 4 8 0 0
BITMAP
20
50
00
90
90
90
90
70
ENDCHAR
STARTCHAR uni00FC
ENCODING 252
SWIDTH 625 0
DWIDTH 5 0
BBX 4 7 0 0
BITMAP
90
00
90
90
90
90
70
ENDCHAR
STARTCHAR uni00FD
ENCODING 253
SWIDTH 625 0
DWIDTH 5 0
BBX 4 9 0 -1
BITMAP
20
40
00
90
90
90
70
10
E0
ENDCHAR
STARTCHAR uni00FE
ENCODING 254
SWIDTH 625 0
DWIDTH 5 0
BBX 4 8 0 -1
BITMAP
80
80
E0
90
90
90
E0
80
ENDCHAR
STARTCHAR uni00FF
ENCODING 255
SWIDTH 625 0
DWIDTH 5 0
BBX 4 8 0 -1
BITMAP
90
00
90
90
90
70
10
E0
ENDCHAR
STARTCHAR uni0100
ENCODING 256
SWIDTH 750 0
DWIDTH 6 0
BBX 5 9 0 0
BITMAP
70
00
70
88
88
88
F8
88
88
ENDCHAR
STARTCHAR uni0101
ENCODING 257
SWIDTH 625 0
DWIDTH 5 0
BBX 4 7 0 0
BITMAP
70
00
60
10
70
90
70
ENDCHAR
STARTCHAR uni0102
ENCODING 258
SWIDTH 750 0
DWIDTH 6 0
BBX 5 10 0 0
BITMAP
88
70
00
70
88
88
88
F8
88
88
ENDCHAR
STARTCHAR uni0103
ENCODING 259
SWIDTH 625 0
DWIDTH 5 0
BBX 4 8 0 0
BITMAP
90
60
00
60
10
70
90
70
ENDCHAR
STARTCHAR uni0104
ENCODING 260
SWIDTH 750 0
DWIDTH 6 0
BBX 5 9 0 -2
BITMAP
70
88
88
88
F8
88
88
10
18
ENDCHAR
STARTCHAR uni0105
ENCODING 261
SWIDTH 625 0
DWIDTH 5 0
BBX 4 7 0 -2
BITMAP
60
10
70
90
70
20
30
ENDCHAR
STARTCHAR uni0106
ENCODING 262
SWIDTH 750 0
DWIDTH 6 0
BBX 5 10 0 0
BITMAP
10
20
00
78
80
80
80
80
80
78
ENDCHAR
STARTCHAR uni0107
ENCODING 263
SWIDTH 500 0
DWIDTH 4 0
BBX 3 8 0 0
BITMAP
20
40
00
60
80
80
80
60
ENDCHAR
STARTCHAR uni0108
ENCODING 264
SWIDTH 750 0
DWIDTH 6 0
BBX 5 10 0 0
BITMAP
20
50
00
78
80
80
80
80
80
78
ENDCHAR
STARTCHAR uni0109
ENCODING 265
SWIDTH 500 0
DWIDTH 4 0
BBX 3 8 0 0
BITMAP
40
A0
00
60
80
80
80
60
ENDCHAR
STARTCHAR uni010A
ENCODING 266
SWIDTH 750 0
DWIDTH 6 0
BBX 5 9 0 0
BITMAP
20
00
78
80
80
80
80
80
78
ENDCHAR
STARTCHAR uni010B
ENCODING 267
SWIDTH 500 0
DWIDTH 4 0
BBX 3 7 0 0
BITMAP
40
00
60
80
80
80
60
ENDCHAR
STARTCHAR uni010C
ENCODING 268
SWIDTH 750 0
DWIDTH 6 0
BBX 5 10 0 0
BITMAP
50
20
00
78
80
80
80
80
80
78
ENDCHAR
STARTCHAR uni010D
ENCODING 269
SWIDTH 500 0
DWIDTH 4 0
BBX 3 8 0 0
BITMAP
A0
40
00
60
80
80
80
60
ENDCHAR
STARTCHAR uni010E
ENCODING 270
SWIDTH 750 0
DWIDTH 6 0
BBX 5 10 0 0
BITMAP
50
20
00
F0
88
88
88
88
88
F0
ENDCHAR
STARTCHAR uni010F
ENCODING 271
SWIDTH 625 0
DWIDTH 5 0
BBX 4 10 0 0
BITMAP
50
20
00
10
10
70
90
90
90
70
ENDCHAR
STARTCHAR uni0110
ENCODING 272
SWIDTH 750 0
DWIDTH 6 0
BBX 6 7 -1 0
BITMAP
78
44
44
F4
44
44
78
ENDCHAR
STARTCHAR uni0111
ENCODING 273
SWIDTH 625 0
DWIDTH 5 0
BBX 5 7 0 0
BITMAP
10
78
10
70
90
90
70
ENDCHAR
STARTCHAR uni0112
ENCODING 274
SWIDTH 750 0
DWIDTH 6 0
BBX 5 9 0 0
BITMAP
70
00
F8
80
80
F0
80
80
F8
ENDCHAR
STARTCHAR uni0113
ENCODING 275
SWIDTH 625 0
DWIDTH 5 0
BBX 4 7 0 0
BITMAP
70
00
60
90
F0
80
70
ENDCHAR
STARTCHAR uni0114
ENCODING 276
SWIDTH 750 0
DWIDTH 6 0
BBX 5 10 0 0
BITMAP
88
70
00
F8
80
80
F0
80
80
F8
ENDCHAR
STARTCHAR uni0115
ENCODING 277
SWIDTH 625 0
DWIDTH 5 0
BBX 4 8 0 0
BITMAP
90
60
00
60
90
F0
80
70
ENDCHAR
STARTCHAR uni0116
ENCODING 278
SWIDTH 750 0
DWIDTH 6 0
BBX 5 9 0 0
BITMAP
20
00
F8
80
80
F0
80
80
F8
ENDCHAR
STARTCHAR uni0117
ENCODING 279
SWIDTH 625 0
DWIDTH 5 0
BBX 4 7 0 0
BITMAP
20
00
60
90
F0
80
70
ENDCHAR
STARTCHAR uni0118
ENCODING 280
SWIDTH 750 0
DWIDTH 6 0
BBX 5 9 0 -2
BITMAP
F8
80
80
F0
80
80
F8
10
18
ENDCHAR
STARTCHAR uni0119
ENCODING 281
SWIDTH 625 0
DWIDTH 5 0
BBX 4 7 0 -2
BITMAP
60
90
F0
80
70
20
30
ENDCHAR
STARTCHAR uni011A
ENCODING 282
SWIDTH 750 0
DWIDTH 6 0
BBX 5 10 0 0
BITMAP
50
20
00
F8
80
80
F0
80
80
F8
ENDCHAR
STARTCHAR uni011B
ENCODING 283
SWIDTH 625 0
DWIDTH 5 0
BBX 4 8 0 0
BITMAP
50
20
00
60
90
F0
80
70
ENDCHAR
STARTCHAR uni011C
ENCODING 284
SWIDTH 750 0
DWIDTH 6 0
BBX 5 10 0 0
BITMAP
20
50
00
78
80
80
98
88
88
70
ENDCHAR
STARTCHAR uni011D
ENCODING 285
SWIDTH 625 0
DWIDTH 5 0
BBX 4 9 0 -1
BITMAP
20
50
00
70
90
90
70
10
E0
ENDCHAR
STARTCHAR uni011E
ENCODING 286
SWIDTH 750 0
DWIDTH 6 0
BBX 5 10 0 0
BITMAP
88
70
00
78
80
80
98
88
88
70
ENDCHAR
STARTCHAR uni011F
ENCODING 287
SWIDTH 625 0
DWIDTH 5 0
BBX 4 9 0 -1
BITMAP
90
60
00
70
90
90
70
10
E0
ENDCHAR
STARTCHAR uni0120
ENCODING 288
SWIDTH 750 0
DWIDTH 6 0
BBX 5 9 0 0
BITMAP
20
00
78
80
80
98
88
88
70
ENDCHAR
STARTCHAR uni0121
ENCODING 289
SWIDTH 625 0
DWIDTH 5 0
BBX 4 8 0 -1
BITMAP
20
00
70
90
90
70
10
E0
ENDCHAR
STARTCHAR uni0122
ENCODING 290
SWIDTH 750 0
DWIDTH 6 0
BBX 5 9 0 -2
BITMAP
78
80
80
98
88
88
70
20
40
ENDCHAR
STARTCHAR uni0123
ENCODING 291
SWIDTH 625 0
DWIDTH 5 0
BBX 4 8 0 -1
BITMAP
10
20
70
90
90
70
10
E0
ENDCHAR
STARTCHAR uni0124
ENCODING 292
SWIDTH 750 0
DWIDTH 6 0
BBX 5 10 0 0
BITMAP
20
50
00
88
88
88
F8
88
88
88
ENDCHAR
STARTCHAR uni0125
ENCODING 293
SWIDTH 625 0
DWIDTH 5 0
BBX 4 10 0 0
BITMAP
40
A0
00
80
80
E0
90
90
90
90
ENDCHAR
STARTCHAR uni0126
ENCODING 294
SWIDTH 750 0
DWIDTH 6 0
BBX 5 7 0 0
BITMAP
88
F8
88
F8
88
88
88
ENDCHAR
STARTCHAR uni0127
ENCODING 295
SWIDTH 625 0
DWIDTH 5 0
BBX 5 7 -1 0
BITMAP
40
F0
40
70
48
48
48
ENDCHAR
STARTCHAR uni0128
ENCODING 296
SWIDTH 500 0
DWIDTH 4 0
BBX 4 10 0 0
BITMAP
50
A0
00
E0
40
40
40
40
40
E0
ENDCHAR
STARTCHAR uni0129
ENCODING 297
SWIDTH 250 0
DWIDTH 2 0
BBX 4 8 -1 0
BITMAP
50
A0
00
40
40
40
40
40
ENDCHAR
STARTCHAR uni012A
ENCODING 298
SWIDTH 500 0
DWIDTH 4 0
BBX 3 9 0 0
BITMAP
E0
00
E0
40
40
40
40
40
E0
ENDCHAR
STARTCHAR uni012B
ENCODING 299
SWIDTH 250 0
DWIDTH 2 0
BBX 3 7 -1 0
BITMAP
E0
00
40
40
40
40
40
ENDCHAR
STARTCHAR uni012C
ENCODING 300
SWIDTH 500 0
DWIDTH 4 0
BBX 4 10 0 0
BITMAP
90
60
00
E0
40
40
40
40
40
E0
ENDCHAR
STARTCHAR uni012D
ENCODING 301
SWIDTH 250 0
DWIDTH 2 0
BBX 4 8 -1 0
BITMAP
90
60
00
40
40
40
40
40
ENDCHAR
STARTCHAR uni012E
ENCODING 302
SWIDTH 500 0
DWIDTH 4 0
BBX 3 9 0 -2
BITMAP
E0
40
40
40
40
40
E0
80
C0
ENDCHAR
STARTCHAR uni012F
ENCODING 303
SWIDTH 250 0
DWIDTH 2 0
BBX 2 9 -1 -2
BITMAP
40
00
40
40
40
40
40
80
C0
ENDCHAR
STARTCHAR uni0130
ENCODING 304
SWIDTH 500 0
DWIDTH 4 0
BBX 3 9 0 0
BITMAP
40
00
E0
40
40
40
40
40
E0
ENDCHAR
STARTCHAR uni0131
ENCODING 305
SWIDTH 250 0
DWIDTH 2 0
BBX 1 5 0 0
BITMAP
80
80
80
80
80
ENDCHAR
STARTCHAR uni0132
ENCODING 306
SWIDTH 750 0
DWIDTH 6 0
BBX 5 7 0 0
BITMAP
E8
48
48
48
E8
08
70
ENDCHAR
STARTCHAR uni0133
ENCODING 307
SWIDTH 500 0
DWIDTH 4 0
BBX 3 8 0 -1
BITMAP
A0
00
A0
A0
A0
A0
20
40
ENDCHAR
STARTCHAR uni0134
ENCODING 308
SWIDTH 625 0
DWIDTH 5 0
BBX 4 10 0 0
BITMAP
20
50
00
10
10
10
10
10
10
E0
ENDCHAR
STARTCHAR uni0135
ENCODING 309
SWIDTH 250 0
DWIDTH 2 0
BBX 3 9 -1 -1
BITMAP
40
A0
00
40
40
40
40
40
40
ENDCHAR
STARTCHAR uni0136
ENCODING 310
SWIDTH 750 0
DWIDTH 6 0
BBX 5 9 0 -2
BITMAP
88
90
A0
E0
90
88
88
20
40
ENDCHAR
STARTCHAR uni0137
ENCODING 311
SWIDTH 625 0
DWIDTH 5 0
BBX 4 9 0 -2
BITMAP
80
80
90
A0
E0
90
90
20
40
ENDCHAR
STARTCHAR uni0138
ENCODING 312
SWIDTH 625 0
DWIDTH 5 0
BBX 4 5 0 0
BITMAP
90
A0
E0
90
90
ENDCHAR
STARTCHAR uni0139
ENCODING 313
SWIDTH 750 0
DWIDTH 6 0
BBX 5 10 0 0
BITMAP
10
20
00
80
80
80
80
80
80
F8
ENDCHAR
STARTCHAR uni013A
ENCODING 314
SWIDTH 250 0
DWIDTH 2 0
BBX 2 10 0 0
BITMAP
40
80
00
80
80
80
80
80
80
80
ENDCHAR
STARTCHAR uni013B
ENCODING 315
SWIDTH 750 0
DWIDTH 6 0
BBX 5 9 0 -2
BITMAP
80
80
80
80
80
80
F8
20
40
ENDCHAR
STARTCHAR uni013C
ENCODING 316
SWIDTH 250 0
DWIDTH 2 0
BBX 2 9 0 -2
BITMAP
80
80
80
80
80
80
80
40
80
ENDCHAR
STARTCHAR uni013D
ENCODING 317
SWIDTH 750 0
DWIDTH 6 0
BBX 5 10 0 0
BITMAP
50
20
00
80
80
80
80
80
80
F8
ENDCHAR
STARTCHAR uni013E
ENCODING 318
SWIDTH 250 0
DWIDTH 2 0
BBX 3 10 -1 0
BITMAP
A0
40
00
40
40
40
40
40
40
40
ENDCHAR
STARTCHAR uni013F
ENCODING 319
SWIDTH 750 0
DWIDTH 6 0
BBX 5 7 0 0
BITMAP
80
80
A0
80
80
80
F8
ENDCHAR
STARTCHAR uni0140
ENCODING 320
SWIDTH 500 0
DWIDTH 4 0
BBX 3 7 0 0
BITMAP
80
80
80
A0
80
80
80
ENDCHAR
STARTCHAR uni0141
ENCODING 321
SWIDTH 750 0
DWIDTH 6 0
BBX 6 7 -1 0
BITMAP
40
40
70
C0
40
40
7C
ENDCHAR
STARTCHAR uni0142
ENCODING 322
SWIDTH 500 0
DWIDTH 4 0
BBX 3 7 0 0
BITMAP
40
40
60
C0
40
40
40
ENDCHAR
STARTCHAR uni0143
ENCODING 323
SWIDTH 750 0
DWIDTH 6 0
BBX 5 10 0 0
BITMAP
10
20
00
88
C8
A8
98
88
88
88
ENDCHAR
STARTCHAR uni0144
ENCODING 324
SWIDTH 625 0
DWIDTH 5 0
BBX 4 8 0 0
BITMAP
20
40
00
E0
90
90
90
90
ENDCHAR
STARTCHAR uni0145
ENCODING 325
SWIDTH 750 0
DWIDTH 6 0
BBX 5 9 0 -2
BITMAP
88
C8
A8
98
88
88
88
20
40
ENDCHAR
STARTCHAR uni0146
ENCODING 326
SWIDTH 625 0
DWIDTH 5 0
BBX 4 7 0 -2
BITMAP
E0
90
90
90
90
20
40
ENDCHAR
STARTCHAR uni0147
ENCODING 327
SWIDTH 750 0
DWIDTH 6 0
BBX 5 10 0 0
BITMAP
50
20
00
88
C8
A8
98
88
88
88
ENDCHAR
STARTCHAR uni0148
ENCODING 328
SWIDTH 625 0
DWIDTH 5 0
BBX 4 8 0 0
BITMAP
50
20
00
E0
90
90
90
90
ENDCHAR
STARTCHAR uni0149
ENCODING 329
SWIDTH 750 0
DWIDTH 6 0
BBX 5 7 0 0
BITMAP
80
80
70
48
48
48
48
ENDCHAR
STARTCHAR uni014A
ENCODING 330
SWIDTH 750 0
DWIDTH 6 0
BBX 5 8 0 -1
BITMAP
88
C8
A8
98
88
88
88
30
ENDCHAR
STARTCHAR uni014B
ENCODING 331
SWIDTH 625 0
DWIDTH 5 0
BBX 4 6 0 -1
BITMAP
E0
90
90
90
10
60
ENDCHAR
STARTCHAR uni014C
ENCODING 332
SWIDTH 750 0
DWIDTH 6 0
BBX 5 9 0 0
BITMAP
70
00
70
88
88
88
88
88
70
ENDCHAR
STARTCHAR uni014D
ENCODING 333
SWIDTH 625 0
DWIDTH 5 0
BBX 4 7 0 0
BITMAP
70
00
60
90
90
90
60
ENDCHAR
STARTCHAR uni014E
ENCODING 334
SWIDTH 750 0
DWIDTH 6 0
BBX 5 10 0 0
BITMAP
88
70
00
70
88
88
88
88
88
70
ENDCHAR
STARTCHAR uni014F
ENCODING 335
SWIDTH 625 0
DWIDTH 5 0
BBX 4 8 0 0
BITMAP
90
60
00
60
90
90
90
60
ENDCHAR
STARTCHAR uni0150
ENCODING 336
SWIDTH 750 0
DWIDTH 6 0
BBX 5 10 0 0
BITMAP
48
90
00
70
88
88
88
88
88
70
ENDCHAR
STARTCHAR uni0151
ENCODING 337
SWIDTH 625 0
DWIDTH 5 0
BBX 5 8 0 0
BITMAP
48
90
00
60
90
90
90
60
ENDCHAR
STARTCHAR uni0152
ENCODING 338
SWIDTH 1000 0
DWIDTH 8 0
BBX 7 7 0 0
BITMAP
7E
90
90
9C
90
90
7E
ENDCHAR
STARTCHAR uni0153
ENCODING 339
SWIDTH 1000 0
DWIDTH 8 0
BBX 7 5 0 0
BITMAP
6C
92
9E
90
6E
ENDCHAR
STARTCHAR uni0154
ENCODING 340
SWIDTH 750 0
DWIDTH 6 0
BBX 5 10 0 0
BITMAP
10
20
00
F0
88
88
88
F0
90
88
ENDCHAR
STARTCHAR uni0155
ENCODING 341
SWIDTH 500 0
DWIDTH 4 0
BBX 3 8 0 0
BITMAP
20
40
00
60
80
80
80
80
ENDCHAR
STARTCHAR uni0156
ENCODING 342
SWIDTH 750 0
DWIDTH 6 0
BBX 5 9 0 -2
BITMAP
F0
88
88
88
F0
90
88
10
20
ENDCHAR
STARTCHAR uni0157
ENCODING 343
SWIDTH 500 0
DWIDTH 4 0
BBX 3 7 0 -2
BITMAP
60
80
80
80
80
40
80
ENDCHAR
STARTCHAR uni0158
ENCODING 344
SWIDTH 750 0
DWIDTH 6 0
BBX 5 10 0 0
BITMAP
50
20
00
F0
88
88
88
F0
90
88
ENDCHAR
STARTCHAR uni0159
ENCODING 345
SWIDTH 500 0
DWIDTH 4 0
BBX 3 8 0 0
BITMAP
A0
40
00
60
80
80
80
80
ENDCHAR
STARTCHAR uni015A
ENCODING 346
SWIDTH 750 0
DWIDTH 6 0
BBX 5 10 0 0
BITMAP
10
20
00
78
80
80
70
08
08
F0
ENDCHAR
STARTCHAR uni015B
ENCODING 347
SWIDTH 625 0
DWIDTH 5 0
BBX 4 8 0 0
BITMAP
20
40
00
70
80
60
10
E0
ENDCHAR
STARTCHAR uni015C
ENCODING 348
SWIDTH 750 0
DWIDTH 6 0
BBX 5 10 0 0
BITMAP
20
50
00
78
80
80
70
08
08
F0
ENDCHAR
STARTCHAR uni015D
ENCODING 349
SWIDTH 625 0
DWIDTH 5 0
BBX 4 8 0 0
BITMAP
20
50
00
70
80
60
10
E0
ENDCHAR
STARTCHAR uni015E
ENCODING 350
SWIDTH 750 0
DWIDTH 6 0
BBX 5 9 0 -2
BITMAP
78
80
80
70
08
08
F0
20
60
ENDCHAR
STARTCHAR uni015F
ENCODING 351
SWIDTH 625 0
DWIDTH 5 0
BBX 4 7 0 -2
BITMAP
70
80
60
10
E0
20
60
ENDCHAR
STARTCHAR uni0160
ENCODING 352
SWIDTH 750 0
DWIDTH 6 0
BBX 5 10 0 0
BITMAP
50
20
00
78
80
80
70
08
08
F0
ENDCHAR
STARTCHAR uni0161
ENCODING 353
SWIDTH 625 0
DWIDTH 5 0
BBX 4 8 0 0
BITMAP
50
20
00
70
80
60
10
E0
ENDCHAR
STARTCHAR uni0162
ENCODING 354
SWIDTH 750 0
DWIDTH 6 0
BBX 5 9 0 -2
BITMAP
F8
20
20
20
20
20
20
10
30
ENDCHAR
STARTCHAR uni0163
ENCODING 355
SWIDTH 375 0
DWIDTH 3 0
BBX 2 8 0 -2
BITMAP
80
C0
80
80
80
40
40
C0
ENDCHAR
STARTCHAR uni0164
ENCODING 356
SWIDTH 750 0
DWIDTH 6 0
BBX 5 10 0 0
BITMAP
50
20
00
F8
20
20
20
20
20
20
ENDCHAR
STARTCHAR uni0165
ENCODING 357
SWIDTH 375 0
DWIDTH 3 0
BBX 3 9 -1 0
BITMAP
A0
40
00
40
60
40
40
40
20
ENDCHAR
STARTCHAR uni0166
ENCODING 358
SWIDTH 750 0
DWIDTH 6 0
BBX 5 7 0 0
BITMAP
F8
20
20
70
20
20
20
ENDCHAR
STARTCHAR uni0167
ENCODING 359
SWIDTH 375 0
DWIDTH 3 0
BBX 2 6 0 0
BITMAP
80
C0
80
C0
80
40
ENDCHAR
STARTCHAR uni0168
ENCODING 360
SWIDTH 750 0
DWIDTH 6 0
BBX 5 10 0 0
BITMAP
28
50
00
88
88
88
88
88
88
70
ENDCHAR
STARTCHAR uni0169
ENCODING 361
SWIDTH 625 0
DWIDTH 5 0
BBX 4 8 0 0
BITMAP
50
A0
00
90
90
90
90
70
ENDCHAR
STARTCHAR uni016A
ENCODING 362
SWIDTH 750 0
DWIDTH 6 0
BBX 5 9 0 0
BITMAP
70
00
88
88
88
88
88
88
70
ENDCHAR
STARTCHAR uni016B
ENCODING 363
SWIDTH 625 0
DWIDTH 5 0
BBX 4 7 0 0
BITMAP
70
00
90
90
90
90
70
ENDCHAR
STARTCHAR uni016C
ENCODING 364
SWIDTH 750 0
DWIDTH 6 0
BBX 5 10 0 0
BITMAP
88
70
00
88
88
88
88
88
88
70
ENDCHAR
STARTCHAR uni016D
ENCODING 365
SWIDTH 625 0
DWIDTH 5 0
BBX 4 8 0 0
BITMAP
90
60
00
90
90
90
90
70
ENDCHAR
STARTCHAR uni016E
ENCODING 366
SWIDTH 750 0
DWIDTH 6 0
BBX 5 10 0 0
BITMAP
20
50
20
88
88
88
88
88
88
70
ENDCHAR
STARTCHAR uni016F
ENCODING 367
SWIDTH 625 0
DWIDTH 5 0
BBX 4 9 0 0
BITMAP
20
50
20
00
90
90
90
90
70
ENDCHAR
STARTCHAR uni0170
ENCODING 368
SWIDTH 750 0
DWIDTH 6 0
BBX 5 10 0 0
BITMAP
48
90
00
88
88
88
88
88
88
70
ENDCHAR
STARTCHAR uni0171
ENCODING 369
SWIDTH 625 0
DWIDTH 5 0
BBX 5 8 0 0
BITMAP
48
90
00
90
90
90
90
70
ENDCHAR
STARTCHAR uni0172
ENCODING 370
SWIDTH 750 0
DWIDTH 6 0
BBX 5 9 0 -2
BITMAP
88
88
88
88
88
88
70
10
18
ENDCHAR
STARTCHAR uni0173
ENCODING 371
SWIDTH 625 0
DWIDTH 5 0
BBX 4 7 0 -2
BITMAP
90
90
90
90
70
20
30
ENDCHAR
STARTCHAR uni0174
ENCODING 372
SWIDTH 750 0
DWIDTH 6 0
BBX 5 10 0 0
BITMAP
20
50
00
88
88
A8
A8
A8
A8
50
ENDCHAR
STARTCHAR uni0175
ENCODING 373
SWIDTH 750 0
DWIDTH 6 0
BBX 5 8 0 0
BITMAP
20
50
00
88
A8
A8
A8
50
ENDCHAR
STARTCHAR uni0176
ENCODING 374
SWIDTH 750 0
DWIDTH 6 0
BBX 5 10 0 0
BITMAP
20
50
00
88
88
88
50
20
20
20
ENDCHAR
STARTCHAR uni0177
ENCODING 375
SWIDTH 625 0
DWIDTH 5 0
BBX 4 9 0 -1
BITMAP
20
50
00
90
90
90
70
10
E0
ENDCHAR
STARTCHAR uni0178
ENCODING 376
SWIDTH 750 0
DWIDTH 6 0
BBX 5 9 0 0
BITMAP
88
00
88
88
88
50
20
20
20
ENDCHAR
STARTCHAR uni0179
ENCODING 377
SWIDTH 750 0
DWIDTH 6 0
BBX 5 10 0 0
BITMAP
10
20
00
F8
08
10
20
40
80
F8
ENDCHAR
STARTCHAR uni017A
ENCODING 378
SWIDTH 625 0
DWIDTH 5 0
BBX 4 8 0 0
BITMAP
20
40
00
F0
20
40
80
F0
ENDCHAR
STARTCHAR uni017B
ENCODING 379
SWIDTH 750 0
DWIDTH 6 0
BBX 5 9 0 0
BITMAP
20
00
F8
08
10
20
40
80
F8
ENDCHAR
STARTCHAR uni017C
ENCODING 380
SWIDTH 625 0
DWIDTH 5 0
BBX 4 7 0 0
BITMAP
20
00
F0
20
40
80
F0
ENDCHAR
STARTCHAR uni017D
ENCODING 381
SWIDTH 750 0
DWIDTH 6 0
BBX 5 10 0 0
BITMAP
50
20
00
F8
08
10
20
40
80
F8
ENDCHAR
STARTCHAR uni017E
ENCODING 382
SWIDTH 625 0
DWIDTH 5 0
BBX 4 8 0 0
BITMAP
50
20
00
F0
20
40
80
F0
ENDCHAR
STARTCHAR uni017F
ENCODING 383
SWIDTH 375 0
DWIDTH 3 0
BBX 2 7 0 0
BITMAP
40
80
80
80
80
80
80
ENDCHAR
STARTCHAR uni0181
ENCODING 385
SWIDTH 875 0
DWIDTH 7 0
BBX 7 7 -1 0
BITMAP
7C
A2
22
3C
22
22
3C
ENDCHAR
STARTCHAR uni0186
ENCODING 390
SWIDTH 750 0
DWIDTH 6 0
BBX 5 7 0 0
BITMAP
F0
08
08
08
08
08
F0
ENDCHAR
STARTCHAR uni0187
ENCODING 391
SWIDTH 750 0
DWIDTH 6 0
BBX 6 9 0 0
BITMAP
04
08
78
80
80
80
80
80
78
ENDCHAR
STARTCHAR uni0188
ENCODING 392
SWIDTH 500 0
DWIDTH 4 0
BBX 4 6 0 0
BITMAP
10
60
80
80
80
60
ENDCHAR
STARTCHAR uni0189
ENCODING 393
SWIDTH 750 0
DWIDTH 6 0
BBX 6 7 -1 0
BITMAP
78
44
44
F4
44
44
78
ENDCHAR
STARTCHAR uni018A
ENCODING 394
SWIDTH 875 0
DWIDTH 7 0
BBX 7 7 -1 0
BITMAP
7C
A2
22
22
22
22
3C
ENDCHAR
STARTCHAR uni018E
ENCODING 398
SWIDTH 750 0
DWIDTH 6 0
BBX 5 7 0 0
BITMAP
F8
08
08
78
08
08
F8
ENDCHAR
STARTCHAR uni018F
ENCODING 399
SWIDTH 750 0
DWIDTH 6 0
BBX 5 7 0 0
BITMAP
F0
08
08
F8
88
88
70
ENDCHAR
STARTCHAR uni0190
ENCODING 400
SWIDTH 750 0
DWIDTH 6 0
BBX 5 7 0 0
BITMAP
78
80
80
70
80
80
78
ENDCHAR
STARTCHAR uni0191
ENCODING 401
SWIDTH 750 0
DWIDTH 6 0
BBX 6 8 -1 -1
BITMAP
7C
40
40
40
78
40
40
80
ENDCHAR
STARTCHAR uni0192
ENCODING 402
SWIDTH 375 0
DWIDTH 3 0
BBX 3 8 -1 -1
BITMAP
20
40
40
60
40
40
40
80
ENDCHAR
STARTCHAR uni0193
ENCODING 403
SWIDTH 750 0
DWIDTH 6 0
BBX 6 9 0 0
BITMAP
04
08
78
80
80
98
88
88
70
ENDCHAR
STARTCHAR uni0194
ENCODING 404
SWIDTH 750 0
DWIDTH 6 0
BBX 5 8 0 -1
BITMAP
88
88
88
50
50
20
50
20
ENDCHAR
STARTCHAR uni0196
ENCODING 406
SWIDTH 500 0
DWIDTH 4 0
BBX 3 7 0 0
BITMAP
C0
40
40
40
40
40
60
ENDCHAR
STARTCHAR uni0197
ENCODING 407
SWIDTH 500 0
DWIDTH 4 0
BBX 3 7 0 0
BITMAP
E0
40
40
E0
40
40
E0
ENDCHAR
STARTCHAR uni019C
ENCODING 412
SWIDTH 750 0
DWIDTH 6 0
BBX 5 7 0 0
BITMAP
88
88
A8
A8
A8
A8
58
ENDCHAR
STARTCHAR uni01A0
ENCODING 416
SWIDTH 875 0
DWIDTH 7 0
BBX 6 8 0 0
BITMAP
04
74
88
88
88
88
88
70
ENDCHAR
STARTCHAR uni01A1
ENCODING 417
SWIDTH 750 0
DWIDTH 6 0
BBX 5 6 0 0
BITMAP
08
68
90
90
90
60
ENDCHAR
STARTCHAR uni01A9
ENCODING 425
SWIDTH 750 0
DWIDTH 6 0
BBX 5 7 0 0
BITMAP
F8
80
40
30
40
80
F8
ENDCHAR
STARTCHAR uni01AC
ENCODING 428
SWIDTH 750 0
DWIDTH 6 0
BBX 6 7 -1 0
BITMAP
7C
90
10
10
10
10
10
ENDCHAR
STARTCHAR uni01AD
ENCODING 429
SWIDTH 375 0
DWIDTH 3 0
BBX 2 7 0 0
BITMAP
40
80
C0
80
80
80
40
ENDCHAR
STARTCHAR uni01AE
ENCODING 430
SWIDTH 750 0
DWIDTH 6 0
BBX 5 8 0 -1
BITMAP
F8
20
20
20
20
20
20
10
ENDCHAR
STARTCHAR uni01AF
ENCODING 431
SWIDTH 875 0
DWIDTH 7 0
BBX 6 8 0 0
BITMAP
04
8C
88
88
88
88
88
70
ENDCHAR
STARTCHAR uni01B0
ENCODING 432
SWIDTH 750 0
DWIDTH 6 0
BBX 5 6 0 0
BITMAP
08
98
90
90
90
70
ENDCHAR
STARTCHAR uni01B1
ENCODING 433
SWIDTH 750 0
DWIDTH 6 0
BBX 5 7 0 0
BITMAP
D8
50
88
88
88
88
70
ENDCHAR
STARTCHAR uni01B2
ENCODING 434
SWIDTH 750 0
DWIDTH 6 0
BBX 5 7 0 0
BITMAP
90
88
88
88
88
90
60
ENDCHAR
STARTCHAR uni01B7
ENCODING 439
SWIDTH 750 0
DWIDTH 6 0
BBX 5 7 0 0
BITMAP
F8
08
10
70
08
08
F0
ENDCHAR
STARTCHAR uni01B8
ENCODING 440
SWIDTH 750 0
DWIDTH 6 0
BBX 5 7 0 0
BITMAP
F8
80
40
70
80
80
78
ENDCHAR
STARTCHAR uni01B9
ENCODING 441
SWIDTH 625 0
DWIDTH 5 0
BBX 4 6 0 -1
BITMAP
F0
80
60
80
80
70
ENDCHAR
STARTCHAR uni01C0
ENCODING 448
SWIDTH 250 0
DWIDTH 2 0
BBX 1 7 0 0
BITMAP
80
80
80
80
80
80
80
ENDCHAR
STARTCHAR uni01C1
ENCODING 449
SWIDTH 500 0
DWIDTH 4 0
BBX 3 7 0 0
BITMAP
A0
A0
A0
A0
A0
A0
A0
ENDCHAR
STARTCHAR uni01C2
ENCODING 450
SWIDTH 500 0
DWIDTH 4 0
BBX 3 7 0 0
BITMAP
40
40
E0
40
E0
40
40
ENDCHAR
STARTCHAR uni01C4
ENCODING 452
SWIDTH 1000 0
DWIDTH 8 0
BBX 7 10 0 0
BITMAP
0A
04
00
EE
92
92
94
94
98
EE
ENDCHAR
STARTCHAR uni01C5
ENCODING 453
SWIDTH 1000 0
DWIDTH 8 0
BBX 7 8 0 0
BITMAP
0A
E4
90
9E
92
94
98
EE
ENDCHAR
STARTCHAR uni01C6
ENCODING 454
SWIDTH 1000 0
DWIDTH 8 0
BBX 7 8 0 0
BITMAP
0A
14
10
7E
92
94
98
7E
ENDCHAR
STARTCHAR uni01C7
ENCODING 455
SWIDTH 1000 0
DWIDTH 8 0
BBX 7 7 0 0
BITMAP
82
82
82
82
82
82
EC
ENDCHAR
STARTCHAR uni01C8
ENCODING 456
SWIDTH 875 0
DWIDTH 7 0
BBX 6 8 0 -1
BITMAP
84
80
84
84
84
84
E4
08
ENDCHAR
STARTCHAR uni01C9
ENCODING 457
SWIDTH 500 0
DWIDTH 4 0
BBX 3 8 0 -1
BITMAP
A0
80
A0
A0
A0
A0
20
40
ENDCHAR
STARTCHAR uni01CA
ENCODING 458
SWIDTH 1000 0
DWIDTH 8 0
BBX 7 7 0 0
BITMAP
92
92
D2
B2
92
92
9C
ENDCHAR
STARTCHAR uni01CB
ENCODING 459
SWIDTH 875 0
DWIDTH 7 0
BBX 6 8 0 -1
BITMAP
94
90
D4
B4
94
94
84
08
ENDCHAR
STARTCHAR uni01CC
ENCODING 460
SWIDTH 875 0
DWIDTH 7 0
BBX 6 8 0 -1
BITMAP
04
00
E4
94
94
94
84
08
ENDCHAR
STARTCHAR uni01CD
ENCODING 461
SWIDTH 750 0
DWIDTH 6 0
BBX 5 10 0 0
BITMAP
50
20
00
70
88
88
88
F8
88
88
ENDCHAR
STARTCHAR uni01CE
ENCODING 462
SWIDTH 625 0
DWIDTH 5 0
BBX 4 8 0 0
BITMAP
50
20
00
60
10
70
90
70
ENDCHAR
STARTCHAR uni01CF
ENCODING 463
SWIDTH 500 0
DWIDTH 4 0
BBX 3 9 0 0
BITMAP
A0
00
E0
40
40
40
40
40
E0
ENDCHAR
STARTCHAR uni01D0
ENCODING 464
SWIDTH 250 0
DWIDTH 2 0
BBX 3 8 -1 0
BITMAP
A0
40
00
40
40
40
40
40
ENDCHAR
STARTCHAR uni01D1
ENCODING 465
SWIDTH 750 0
DWIDTH 6 0
BBX 5 10 0 0
BITMAP
50
20
00
70
88
88
88
88
88
70
ENDCHAR
STARTCHAR uni01D2
ENCODING 466
SWIDTH 625 0
DWIDTH 5 0
BBX 4 8 0 0
BITMAP
50
20
00
60
90
90
90
60
ENDCHAR
STARTCHAR uni01D3
ENCODING 467
SWIDTH 750 0
DWIDTH 6 0
BBX 5 10 0 0
BITMAP
50
20
00
88
88
88
88
88
88
70
ENDCHAR
STARTCHAR uni01D4
ENCODING 468
SWIDTH 625 0
DWIDTH 5 0
BBX 4 8 0 0
BITMAP
50
20
00
90
90
90
90
70
ENDCHAR
STARTCHAR uni01D5
ENCODING 469
SWIDTH 750 0
DWIDTH 6 0
BBX 5 10 0 0
BITMAP
70
00
88
00
88
88
88
88
88
70
ENDCHAR
STARTCHAR uni01D6
ENCODING 470
SWIDTH 625 0
DWIDTH 5 0
BBX 4 9 0 0
BITMAP
70
00
90
00
90
90
90
90
70
ENDCHAR
STARTCHAR uni01D7
ENCODING 471
SWIDTH 750 0
DWIDTH 6 0
BBX 5 10 0 0
BITMAP
10
20
88
00
88
88
88
88
88
70
ENDCHAR
STARTCHAR uni01D8
ENCODING 472
SWIDTH 625 0
DWIDTH 5 0
BBX 4 10 0 0
BITMAP
20
40
00
90
00
90
90
90
90
70
ENDCHAR
STARTCHAR uni01D9
ENCODING 473
SWIDTH 750 0
DWIDTH 6 0
BBX 5 10 0 0
BITMAP
50
20
88
00
88
88
88
88
88
70
ENDCHAR
STARTCHAR uni01DA
ENCODING 474
SWIDTH 625 0
DWIDTH 5 0
BBX 4 10 0 0
BITMAP
50
20
00
90
00
90
90
90
90
70
ENDCHAR
STARTCHAR uni01DB
ENCODING 475
SWIDTH 750 0
DWIDTH 6 0
BBX 5 10 0 0
BITMAP
40
20
88
00
88
88
88
88
88
70
ENDCHAR
STARTCHAR uni01DC
ENCODING 476
SWIDTH 625 0
DWIDTH 5 0
BBX 4 10 0 0
BITMAP
40
20
00
90
00
90
90
90
90
70
ENDCHAR
STARTCHAR uni01DD
ENCODING 477
SWIDTH 625 0
DWIDTH 5 0
BBX 4 5 0 0
BITMAP
E0
10
F0
90
60
ENDCHAR
STARTCHAR uni01DE
ENCODING 478
SWIDTH 750 0
DWIDTH 6 0
BBX 5 10 0 0
BITMAP
70
00
88
00
70
88
88
F8
88
88
ENDCHAR
STARTCHAR uni01DF
ENCODING 479
SWIDTH 625 0
DWIDTH 5 0
BBX 4 9 0 0
BITMAP
70
00
90
00
60
10
70
90
70
ENDCHAR
STARTCHAR uni01E0
ENCODING 480
SWIDTH 750 0
DWIDTH 6 0
BBX 5 10 0 0
BITMAP
70
00
20
00
70
88
88
F8
88
88
ENDCHAR
STARTCHAR uni01E1
ENCODING 481
SWIDTH 625 0
DWIDTH 5 0
BBX 4 9 0 0
BITMAP
70
00
20
00
60
10
70
90
70
ENDCHAR
STARTCHAR uni01E2
ENCODING 482
SWIDTH 1000 0
DWIDTH 8 0
BBX 7 9 0 0
BITMAP
38
00
7E
90
90
9C
F0
90
9E
ENDCHAR
STARTCHAR uni01E3
ENCODING 483
SWIDTH 1000 0
DWIDTH 8 0
BBX 7 7 0 0
BITMAP
38
00
6C
12
7E
90
6E
ENDCHAR
STARTCHAR uni01E6
ENCODING 486
SWIDTH 750 0
DWIDTH 6 0
BBX 5 10 0 0
BITMAP
50
20
00
78
80
80
98
88
88
70
ENDCHAR
STARTCHAR uni01E7
ENCODING 487
SWIDTH 625 0
DWIDTH 5 0
BBX 4 9 0 -1
BITMAP
50
20
00
70
90
90
70
10
E0
ENDCHAR
STARTCHAR uni01E8
ENCODING 488
SWIDTH 750 0
DWIDTH 6 0
BBX 5 10 0 0
BITMAP
50
20
00
88
90
A0
E0
90
88
88
ENDCHAR
STARTCHAR uni01E9
ENCODING 489
SWIDTH 625 0
DWIDTH 5 0
BBX 4 9 0 0
BITMAP
50
20
80
80
90
A0
E0
90
90
ENDCHAR
STARTCHAR uni01EA
ENCODING 490
SWIDTH 750 0
DWIDTH 6 0
BBX 5 9 0 -2
BITMAP
70
88
88
88
88
88
70
40
60
ENDCHAR
STARTCHAR uni01EB
ENCODING 491
SWIDTH 625 0
DWIDTH 5 0
BBX 4 7 0 -2
BITMAP
60
90
90
90
60
40
60
ENDCHAR
STARTCHAR uni01EC
ENCODING 492
SWIDTH 750 0
DWIDTH 6 0
BBX 5 11 0 -2
BITMAP
70
00
70
88
88
88
88
88
70
40
60
ENDCHAR
STARTCHAR uni01ED
ENCODING 493
SWIDTH 625 0
DWIDTH 5 0
BBX 4 9 0 -2
BITMAP
70
00
60
90
90
90
60
40
60
ENDCHAR
STARTCHAR uni01F0
ENCODING 496
SWIDTH 250 0
DWIDTH 2 0
BBX 3 9 -1 -1
BITMAP
A0
40
00
40
40
40
40
40
40
ENDCHAR
STARTCHAR uni01F1
ENCODING 497
SWIDTH 1000 0
DWIDTH 8 0
BBX 7 7 0 0
BITMAP
EE
92
92
94
94
98
EE
ENDCHAR
STARTCHAR uni01F2
ENCODING 498
SWIDTH 1000 0
DWIDTH 8 0
BBX 7 7 0 0
BITMAP
E0
90
9E
92
94
98
EE
ENDCHAR
STARTCHAR uni01F3
ENCODING 499
SWIDTH 1000 0
DWIDTH 8 0
BBX 7 7 0 0
BITMAP
10
10
7E
92
94
98
7E
ENDCHAR
STARTCHAR uni01F4
ENCODING 500
SWIDTH 750 0
DWIDTH 6 0
BBX 5 10 0 0
BITMAP
10
20
00
78
80
80
98
88
88
70
ENDCHAR
STARTCHAR uni01F5
ENCODING 501
SWIDTH 625 0
DWIDTH 5 0
BBX 4 9 0 -1
BITMAP
20
40
00
70
90
90
70
10
E0
ENDCHAR
STARTCHAR uni01F8
ENCODING 504
SWIDTH 750 0
DWIDTH 6 0
BBX 5 10 0 0
BITMAP
40
20
00
88
C8
A8
98
88
88
88
ENDCHAR
STARTCHAR uni01F9
ENCODING 505
SWIDTH 625 0
DWIDTH 5 0
BBX 4 8 0 0
BITMAP
40
20
00
E0
90
90
90
90
ENDCHAR
STARTCHAR uni01FA
ENCODING 506
SWIDTH 750 0
DWIDTH 6 0
BBX 5 10 0 0
BITMAP
10
20
50
20
70
88
88
F8
88
88
ENDCHAR
STARTCHAR uni01FB
ENCODING 507
SWIDTH 625 0
DWIDTH 5 0
BBX 4 9 0 0
BITMAP
10
20
50
20
60
10
70
90
70
ENDCHAR
STARTCHAR uni01FC
ENCODING 508
SWIDTH 1000 0
DWIDTH 8 0
BBX 7 10 0 0
BITMAP
08
10
00
7E
90
90
9C
F0
90
9E
ENDCHAR
STARTCHAR uni01FD
ENCODING 509
SWIDTH 1000 0
DWIDTH 8 0
BBX 7 8 0 0
BITMAP
08
10
00
6C
12
7E
90
6E
ENDCHAR
STARTCHAR uni01FE
ENCODING 510
SWIDTH 750 0
DWIDTH 6 0
BBX 5 11 0 -1
BITMAP
10
20
10
70
88
88
88
88
88
70
40
ENDCHAR
STARTCHAR uni01FF
ENCODING 511
SWIDTH 625 0
DWIDTH 5 0
BBX 4 9 0 -1
BITMAP
20
40
20
60
90
90
90
60
40
ENDCHAR
STARTCHAR uni0200
ENCODING 512
SWIDTH 750 0
DWIDTH 6 0
BBX 5 10 0 0
BITMAP
90
48
00
70
88
88
88
F8
88
88
ENDCHAR
STARTCHAR uni0201
ENCODING 513
SWIDTH 625 0
DWIDTH 5 0
BBX 5 8 -1 0
BITMAP
90
48
00
30
08
38
48
38
ENDCHAR
STARTCHAR uni0202
ENCODING 514
SWIDTH 750 0
DWIDTH 6 0
BBX 5 10 0 0
BITMAP
70
88
00
70
88
88
88
F8
88
88
ENDCHAR
STARTCHAR uni0203
ENCODING 515
SWIDTH 625 0
DWIDTH 5 0
BBX 4 8 0 0
BITMAP
60
90
00
60
10
70
90
70
ENDCHAR
STARTCHAR uni0204
ENCODING 516
SWIDTH 750 0
DWIDTH 6 0
BBX 5 10 0 0
BITMAP
90
48
00
F8
80
80
F0
80
80
F8
ENDCHAR
STARTCHAR uni0205
ENCODING 517
SWIDTH 625 0
DWIDTH 5 0
BBX 5 8 -1 0
BITMAP
90
48
00
30
48
78
40
38
ENDCHAR
STARTCHAR uni0206
ENCODING 518
SWIDTH 750 0
DWIDTH 6 0
BBX 5 10 0 0
BITMAP
70
88
00
F8
80
80
F0
80
80
F8
ENDCHAR
STARTCHAR uni0207
ENCODING 519
SWIDTH 625 0
DWIDTH 5 0
BBX 4 8 0 0
BITMAP
60
90
00
60
90
F0
80
70
ENDCHAR
STARTCHAR uni0208
ENCODING 520
SWIDTH 500 0
DWIDTH 4 0
BBX 5 10 -1 0
BITMAP
90
48
00
70
20
20
20
20
20
70
ENDCHAR
STARTCHAR uni0209
ENCODING 521
SWIDTH 250 0
DWIDTH 2 0
BBX 5 8 -2 0
BITMAP
90
48
00
20
20
20
20
20
ENDCHAR
STARTCHAR uni020A
ENCODING 522
SWIDTH 500 0
DWIDTH 4 0
BBX 4 10 0 0
BITMAP
60
90
00
E0
40
40
40
40
40
E0
ENDCHAR
STARTCHAR uni020B
ENCODING 523
SWIDTH 250 0
DWIDTH 2 0
BBX 4 8 -1 0
BITMAP
60
90
00
40
40
40
40
40
ENDCHAR
STARTCHAR uni020C
ENCODING 524
SWIDTH 750 0
DWIDTH 6 0
BBX 5 10 0 0
BITMAP
90
48
00
70
88
88
88
88
88
70
ENDCHAR
STARTCHAR uni020D
ENCODING 525
SWIDTH 625 0
DWIDTH 5 0
BBX 5 8 -1 0
BITMAP
90
48
00
30
48
48
48
30
ENDCHAR
STARTCHAR uni020E
ENCODING 526
SWIDTH 750 0
DWIDTH 6 0
BBX 5 10 0 0
BITMAP
70
88
00
70
88
88
88
88
88
70
ENDCHAR
STARTCHAR uni020F
ENCODING 527
SWIDTH 625 0
DWIDTH 5 0
BBX 4 8 0 0
BITMAP
60
90
00
60
90
90
90
60
ENDCHAR
STARTCHAR uni0210
ENCODING 528
SWIDTH 750 0
DWIDTH 6 0
BBX 5 10 0 0
BITMAP
90
48
00
F0
88
88
88
F0
90
88
ENDCHAR
STARTCHAR uni0211
ENCODING 529
SWIDTH 500 0
DWIDTH 4 0
BBX 5 8 -1 0
BITMAP
90
48
00
30
40
40
40
40
ENDCHAR
STARTCHAR uni0212
ENCODING 530
SWIDTH 750 0
DWIDTH 6 0
BBX 5 10 0 0
BITMAP
70
88
00
F0
88
88
88
F0
90
88
ENDCHAR
STARTCHAR uni0213
ENCODING 531
SWIDTH 500 0
DWIDTH 4 0
BBX 4 8 0 0
BITMAP
60
90
00
60
80
80
80
80
ENDCHAR
STARTCHAR uni0214
ENCODING 532
SWIDTH 750 0
DWIDTH 6 0
BBX 5 10 0 0
BITMAP
90
48
00
88
88
88
88
88
88
70
ENDCHAR
STARTCHAR uni0215
ENCODING 533
SWIDTH 625 0
DWIDTH 5 0
BBX 5 8 -1 0
BITMAP
90
48
00
48
48
48
48
38
ENDCHAR
STARTCHAR uni0216
ENCODING 534
SWIDTH 750 0
DWIDTH 6 0
BBX 5 10 0 0
BITMAP
70
88
00
88
88
88
88
88
88
70
ENDCHAR
STARTCHAR uni0217
ENCODING 535
SWIDTH 625 0
DWIDTH 5 0
BBX 4 8 0 0
BITMAP
60
90
00
90
90
90
90
70
ENDCHAR
STARTCHAR uni0218
ENCODING 536
SWIDTH 750 0
DWIDTH 6 0
BBX 5 9 0 -2
BITMAP
78
80
80
70
08
08
F0
20
40
ENDCHAR
STARTCHAR uni0219
ENCODING 537
SWIDTH 625 0
DWIDTH 5 0
BBX 4 7 0 -2
BITMAP
70
80
60
10
E0
20
40
ENDCHAR
STARTCHAR uni021A
ENCODING 538
SWIDTH 750 0
DWIDTH 6 0
BBX 5 9 0 -2
BITMAP
F8
20
20
20
20
20
20
10
20
ENDCHAR
STARTCHAR uni021B
ENCODING 539
SWIDTH 375 0
DWIDTH 3 0
BBX 2 8 0 -2
BITMAP
80
C0
80
80
80
80
40
80
ENDCHAR
STARTCHAR uni0221
ENCODING 545
SWIDTH 625 0
DWIDTH 5 0
BBX 5 9 0 -2
BITMAP
10
10
70
90
90
90
78
18
20
ENDCHAR
STARTCHAR uni0226
ENCODING 550
SWIDTH 750 0
DWIDTH 6 0
BBX 5 9 0 0
BITMAP
20
00
70
88
88
88
F8
88
88
ENDCHAR
STARTCHAR uni0227
ENCODING 551
SWIDTH 625 0
DWIDTH 5 0
BBX 4 7 0 0
BITMAP
20
00
60
10
70
90
70
ENDCHAR
STARTCHAR uni0228
ENCODING 552
SWIDTH 750 0
DWIDTH 6 0
BBX 5 9 0 -2
BITMAP
F8
80
80
F0
80
80
F8
10
30
ENDCHAR
STARTCHAR uni0229
ENCODING 553
SWIDTH 625 0
DWIDTH 5 0
BBX 4 7 0 -2
BITMAP
60
90
F0
80
70
20
60
ENDCHAR
STARTCHAR uni022A
ENCODING 554
SWIDTH 750 0
DWIDTH 6 0
BBX 5 10 0 0
BITMAP
70
00
88
00
70
88
88
88
88
70
ENDCHAR
STARTCHAR uni022B
ENCODING 555
SWIDTH 625 0
DWIDTH 5 0
BBX 4 9 0 0
BITMAP
70
00
90
00
60
90
90
90
60
ENDCHAR
STARTCHAR uni022C
ENCODING 556
SWIDTH 750 0
DWIDTH 6 0
BBX 5 10 0 0
BITMAP
70
00
28
50
70
88
88
88
88
70
ENDCHAR
STARTCHAR uni022D
ENCODING 557
SWIDTH 625 0
DWIDTH 5 0
BBX 4 10 0 0
BITMAP
70
00
50
A0
00
60
90
90
90
60
ENDCHAR
STARTCHAR uni022E
ENCODING 558
SWIDTH 750 0
DWIDTH 6 0
BBX 5 9 0 0
BITMAP
20
00
70
88
88
88
88
88
70
ENDCHAR
STARTCHAR uni022F
ENCODING 559
SWIDTH 625 0
DWIDTH 5 0
BBX 4 7 0 0
BITMAP
20
00
60
90
90
90
60
ENDCHAR
STARTCHAR uni0230
ENCODING 560
SWIDTH 750 0
DWIDTH 6 0
BBX 5 10 0 0
BITMAP
70
00
20
00
70
88
88
88
88
70
ENDCHAR
STARTCHAR uni0231
ENCODING 561
SWIDTH 625 0
DWIDTH 5 0
BBX 4 9 0 0
BITMAP
70
00
20
00
60
90
90
90
60
ENDCHAR
STARTCHAR uni0232
ENCODING 562
SWIDTH 750 0
DWIDTH 6 0
BBX 5 9 0 0
BITMAP
70
00
88
88
88
50
20
20
20
ENDCHAR
STARTCHAR uni0233
ENCODING 563
SWIDTH 625 0
DWIDTH 5 0
BBX 4 8 0 -1
BITMAP
70
00
90
90
90
70
10
E0
ENDCHAR
STARTCHAR uni0235
ENCODING 565
SWIDTH 625 0
DWIDTH 5 0
BBX 5 7 0 -2
BITMAP
E0
90
90
90
98
18
20
ENDCHAR
STARTCHAR uni0236
ENCODING 566
SWIDTH 375 0
DWIDTH 3 0
BBX 3 8 0 -2
BITMAP
80
C0
80
80
80
60
60
80
ENDCHAR
STARTCHAR uni0237
ENCODING 567
SWIDTH 250 0
DWIDTH 2 0
BBX 1 6 0 -1
BITMAP
80
80
80
80
80
80
ENDCHAR
STARTCHAR uni0241
ENCODING 577
SWIDTH 750 0
DWIDTH 6 0
BBX 5 7 0 0
BITMAP
F0
08
08
08
70
40
40
ENDCHAR
STARTCHAR uni0242
ENCODING 578
SWIDTH 625 0
DWIDTH 5 0
BBX 4 5 0 0
BITMAP
E0
10
10
60
40
ENDCHAR
STARTCHAR uni0244
ENCODING 580
SWIDTH 750 0
DWIDTH 6 0
BBX 5 7 0 0
BITMAP
88
88
88
F8
88
88
70
ENDCHAR
STARTCHAR uni0245
ENCODING 581
SWIDTH 750 0
DWIDTH 6 0
BBX 5 7 0 0
BITMAP
20
50
88
88
88
88
88
ENDCHAR
STARTCHAR uni0250
ENCODING 592
SWIDTH 625 0
DWIDTH 5 0
BBX 4 5 0 0
BITMAP
E0
90
E0
80
60
ENDCHAR
STARTCHAR uni0251
ENCODING 593
SWIDTH 750 0
DWIDTH 6 0
BBX 5 5 0 0
BITMAP
70
90
90
90
68
ENDCHAR
STARTCHAR uni0252
ENCODING 594
SWIDTH 750 0
DWIDTH 6 0
BBX 5 5 0 0
BITMAP
B0
48
48
48
70
ENDCHAR
STARTCHAR uni0253
ENCODING 595
SWIDTH 625 0
DWIDTH 5 0
BBX 4 7 0 0
BITMAP
60
80
E0
90
90
90
E0
ENDCHAR
STARTCHAR uni0254
ENCODING 596
SWIDTH 500 0
DWIDTH 4 0
BBX 3 5 0 0
BITMAP
C0
20
20
20
C0
ENDCHAR
STARTCHAR uni0255
ENCODING 597
SWIDTH 625 0
DWIDTH 5 0
BBX 4 6 0 -1
BITMAP
60
80
80
B0
70
40
ENDCHAR
STARTCHAR uni0256
ENCODING 598
SWIDTH 625 0
DWIDTH 5 0
BBX 5 8 0 -1
BITMAP
10
10
70
90
90
90
70
08
ENDCHAR
STARTCHAR uni0257
ENCODING 599
SWIDTH 625 0
DWIDTH 5 0
BBX 5 8 0 0
BITMAP
08
10
10
70
90
90
90
70
ENDCHAR
STARTCHAR uni0258
ENCODING 600
SWIDTH 625 0
DWIDTH 5 0
BBX 4 5 0 0
BITMAP
60
90
F0
10
E0
ENDCHAR
STARTCHAR uni0259
ENCODING 601
SWIDTH 625 0
DWIDTH 5 0
BBX 4 5 0 0
BITMAP
E0
10
F0
90
60
ENDCHAR
STARTCHAR uni025A
ENCODING 602
SWIDTH 625 0
DWIDTH 5 0
BBX 5 5 0 0
BITMAP
E8
10
F0
90
60
ENDCHAR
STARTCHAR uni025B
ENCODING 603
SWIDTH 625 0
DWIDTH 5 0
BBX 4 5 0 0
BITMAP
70
80
60
80
70
ENDCHAR
STARTCHAR uni025C
ENCODING 604
SWIDTH 625 0
DWIDTH 5 0
BBX 4 5 0 0
BITMAP
E0
10
60
10
E0
ENDCHAR
STARTCHAR uni025D
ENCODING 605
SWIDTH 625 0
DWIDTH 5 0
BBX 5 5 0 0
BITMAP
E8
10
60
10
E0
ENDCHAR
STARTCHAR uni025E
ENCODING 606
SWIDTH 625 0
DWIDTH 5 0
BBX 4 5 0 0
BITMAP
60
90
A0
90
60
ENDCHAR
STARTCHAR uni025F
ENCODING 607
SWIDTH 375 0
DWIDTH 3 0
BBX 2 6 0 -1
BITMAP
40
40
C0
40
40
80
ENDCHAR
STARTCHAR uni0260
ENCODING 608
SWIDTH 625 0
DWIDTH 5 0
BBX 5 8 0 -1
BITMAP
08
10
70
90
90
70
10
E0
ENDCHAR
STARTCHAR uni0261
ENCODING 609
SWIDTH 625 0
DWIDTH 5 0
BBX 4 6 0 -1
BITMAP
70
90
90
70
10
E0
ENDCHAR
STARTCHAR uni0262
ENCODING 610
SWIDTH 625 0
DWIDTH 5 0
BBX 4 5 0 0
BITMAP
70
80
B0
90
60
ENDCHAR
STARTCHAR uni0263
ENCODING 611
SWIDTH 625 0
DWIDTH 5 0
BBX 4 6 0 -1
BITMAP
90
90
50
20
50
20
ENDCHAR
STARTCHAR uni0264
ENCODING 612
SWIDTH 750 0
DWIDTH 6 0
BBX 5 5 0 0
BITMAP
D8
20
50
50
20
ENDCHAR
STARTCHAR uni0265
ENCODING 613
SWIDTH 625 0
DWIDTH 5 0
BBX 4 6 0 -1
BITMAP
90
90
90
90
70
10
ENDCHAR
STARTCHAR uni0266
ENCODING 614
SWIDTH 625 0
DWIDTH 5 0
BBX 4 7 0 0
BITMAP
60
80
E0
90
90
90
90
ENDCHAR
STARTCHAR uni0267
ENCODING 615
SWIDTH 625 0
DWIDTH 5 0
BBX 4 8 0 -1
BITMAP
60
80
E0
90
90
90
10
60
ENDCHAR
STARTCHAR uni0268
ENCODING 616
SWIDTH 500 0
DWIDTH 4 0
BBX 3 7 0 0
BITMAP
40
00
40
40
E0
40
40
ENDCHAR
STARTCHAR uni0269
ENCODING 617
SWIDTH 375 0
DWIDTH 3 0
BBX 2 5 0 0
BITMAP
80
80
80
80
40
ENDCHAR
STARTCHAR uni026A
ENCODING 618
SWIDTH 500 0
DWIDTH 4 0
BBX 3 5 0 0
BITMAP
E0
40
40
40
E0
ENDCHAR
STARTCHAR uni026B
ENCODING 619
SWIDTH 500 0
DWIDTH 4 0
BBX 5 7 -1 0
BITMAP
20
20
68
B0
20
20
20
ENDCHAR
STARTCHAR uni026C
ENCODING 620
SWIDTH 375 0
DWIDTH 3 0
BBX 4 7 -1 0
BITMAP
20
20
60
A0
70
20
20
ENDCHAR
STARTCHAR uni026D
ENCODING 621
SWIDTH 250 0
DWIDTH 2 0
BBX 2 8 0 -1
BITMAP
80
80
80
80
80
80
80
40
ENDCHAR
STARTCHAR uni026E
ENCODING 622
SWIDTH 750 0
DWIDTH 6 0
BBX 5 8 0 -1
BITMAP
80
80
F8
88
B0
88
08
70
ENDCHAR
STARTCHAR uni026F
ENCODING 623
SWIDTH 750 0
DWIDTH 6 0
BBX 5 5 0 0
BITMAP
88
A8
A8
A8
58
ENDCHAR
STARTCHAR uni0270
ENCODING 624
SWIDTH 750 0
DWIDTH 6 0
BBX 5 6 0 -1
BITMAP
88
A8
A8
A8
58
08
ENDCHAR
STARTCHAR uni0271
ENCODING 625
SWIDTH 750 0
DWIDTH 6 0
BBX 5 6 0 -1
BITMAP
D0
A8
A8
A8
88
30
ENDCHAR
STARTCHAR uni0272
ENCODING 626
SWIDTH 625 0
DWIDTH 5 0
BBX 5 6 -1 -1
BITMAP
70
48
48
48
48
80
ENDCHAR
STARTCHAR uni0273
ENCODING 627
SWIDTH 625 0
DWIDTH 5 0
BBX 5 6 0 -1
BITMAP
E0
90
90
90
90
08
ENDCHAR
STARTCHAR uni0274
ENCODING 628
SWIDTH 625 0
DWIDTH 5 0
BBX 4 5 0 0
BITMAP
90
D0
B0
90
90
ENDCHAR
STARTCHAR uni0275
ENCODING 629
SWIDTH 625 0
DWIDTH 5 0
BBX 4 5 0 0
BITMAP
60
90
F0
90
60
ENDCHAR
STARTCHAR uni0276
ENCODING 630
SWIDTH 1000 0
DWIDTH 8 0
BBX 7 5 0 0
BITMAP
7E
90
9C
90
7E
ENDCHAR
STARTCHAR uni0277
ENCODING 631
SWIDTH 750 0
DWIDTH 6 0
BBX 5 5 0 0
BITMAP
70
88
A8
A8
50
ENDCHAR
STARTCHAR uni0278
ENCODING 632
SWIDTH 750 0
DWIDTH 6 0
BBX 5 8 0 -1
BITMAP
20
20
70
A8
A8
A8
70
20
ENDCHAR
STARTCHAR uni0279
ENCODING 633
SWIDTH 500 0
DWIDTH 4 0
BBX 3 5 0 0
BITMAP
20
20
20
20
C0
ENDCHAR
STARTCHAR uni027A
ENCODING 634
SWIDTH 500 0
DWIDTH 4 0
BBX 3 7 0 0
BITMAP
20
20
20
20
20
20
C0
ENDCHAR
STARTCHAR uni027B
ENCODING 635
SWIDTH 500 0
DWIDTH 4 0
BBX 4 6 0 -1
BITMAP
20
20
20
20
E0
10
ENDCHAR
STARTCHAR uni027C
ENCODING 636
SWIDTH 500 0
DWIDTH 4 0
BBX 3 6 0 -1
BITMAP
60
80
80
80
80
80
ENDCHAR
STARTCHAR uni027D
ENCODING 637
SWIDTH 500 0
DWIDTH 4 0
BBX 3 6 0 -1
BITMAP
60
80
80
80
80
40
ENDCHAR
STARTCHAR uni027E
ENCODING 638
SWIDTH 375 0
DWIDTH 3 0
BBX 2 5 0 0
BITMAP
40
80
80
80
80
ENDCHAR
STARTCHAR uni027F
ENCODING 639
SWIDTH 375 0
DWIDTH 3 0
BBX 2 5 0 0
BITMAP
80
40
40
40
40
ENDCHAR
STARTCHAR uni0280
ENCODING 640
SWIDTH 625 0
DWIDTH 5 0
BBX 4 5 0 0
BITMAP
E0
90
90
E0
90
ENDCHAR
STARTCHAR uni0281
ENCODING 641
SWIDTH 625 0
DWIDTH 5 0
BBX 4 5 0 0
BITMAP
90
E0
90
90
E0
ENDCHAR
STARTCHAR uni0282
ENCODING 642
SWIDTH 625 0
DWIDTH 5 0
BBX 4 7 0 -2
BITMAP
70
80
60
10
E0
80
40
ENDCHAR
STARTCHAR uni0283
ENCODING 643
SWIDTH 500 0
DWIDTH 4 0
BBX 3 8 0 -1
BITMAP
20
40
40
40
40
40
40
80
ENDCHAR
STARTCHAR uni0284
ENCODING 644
SWIDTH 500 0
DWIDTH 4 0
BBX 3 8 0 -1
BITMAP
20
40
40
40
E0
40
40
80
ENDCHAR
STARTCHAR uni0285
ENCODING 645
SWIDTH 500 0
DWIDTH 4 0
BBX 3 6 0 -1
BITMAP
80
40
40
40
40
20
ENDCHAR
STARTCHAR uni0286
ENCODING 646
SWIDTH 500 0
DWIDTH 4 0
BBX 3 9 0 -2
BITMAP
20
40
40
40
40
40
C0
C0
20
ENDCHAR
STARTCHAR uni0287
ENCODING 647
SWIDTH 375 0
DWIDTH 3 0
BBX 2 6 0 -1
BITMAP
80
40
40
40
C0
40
ENDCHAR
STARTCHAR uni0288
ENCODING 648
SWIDTH 375 0
DWIDTH 3 0
BBX 2 7 0 -1
BITMAP
80
C0
80
80
80
80
40
ENDCHAR
STARTCHAR uni0289
ENCODING 649
SWIDTH 625 0
DWIDTH 5 0
BBX 4 5 0 0
BITMAP
90
F0
90
90
70
ENDCHAR
STARTCHAR uni028A
ENCODING 650
SWIDTH 750 0
DWIDTH 6 0
BBX 5 5 0 0
BITMAP
D8
50
88
88
70
ENDCHAR
STARTCHAR uni028B
ENCODING 651
SWIDTH 625 0
DWIDTH 5 0
BBX 4 5 0 0
BITMAP
A0
90
90
A0
C0
ENDCHAR
STARTCHAR uni028C
ENCODING 652
SWIDTH 625 0
DWIDTH 5 0
BBX 4 5 0 0
BITMAP
30
50
90
90
90
ENDCHAR
STARTCHAR uni028D
ENCODING 653
SWIDTH 750 0
DWIDTH 6 0
BBX 5 5 0 0
BITMAP
50
A8
A8
A8
88
ENDCHAR
STARTCHAR uni028E
ENCODING 654
SWIDTH 625 0
DWIDTH 5 0
BBX 4 7 0 0
BITMAP
70
80
E0
90
90
90
90
ENDCHAR
STARTCHAR uni028F
ENCODING 655
SWIDTH 625 0
DWIDTH 5 0
BBX 4 5 0 0
BITMAP
90
90
60
20
20
ENDCHAR
STARTCHAR uni0290
ENCODING 656
SWIDTH 625 0
DWIDTH 5 0
BBX 5 6 0 -1
BITMAP
F0
20
40
80
F0
08
ENDCHAR
STARTCHAR uni0291
ENCODING 657
SWIDTH 750 0
DWIDTH 6 0
BBX 5 6 0 -1
BITMAP
F0
20
40
98
F8
20
ENDCHAR
STARTCHAR uni0292
ENCODING 658
SWIDTH 625 0
DWIDTH 5 0
BBX 4 6 0 -1
BITMAP
F0
10
60
10
10
E0
ENDCHAR
STARTCHAR uni0293
ENCODING 659
SWIDTH 625 0
DWIDTH 5 0
BBX 4 7 0 -2
BITMAP
F0
10
60
10
D0
E0
20
ENDCHAR
STARTCHAR uni0294
ENCODING 660
SWIDTH 625 0
DWIDTH 5 0
BBX 4 7 0 0
BITMAP
E0
10
10
10
60
40
40
ENDCHAR
STARTCHAR uni0295
ENCODING 661
SWIDTH 625 0
DWIDTH 5 0
BBX 4 7 0 0
BITMAP
70
80
80
80
60
20
20
ENDCHAR
STARTCHAR uni0296
ENCODING 662
SWIDTH 625 0
DWIDTH 5 0
BBX 4 7 0 0
BITMAP
40
40
60
10
10
10
E0
ENDCHAR
STARTCHAR uni0297
ENCODING 663
SWIDTH 500 0
DWIDTH 4 0
BBX 3 6 0 -1
BITMAP
60
80
80
80
80
60
ENDCHAR
STARTCHAR uni0298
ENCODING 664
SWIDTH 750 0
DWIDTH 6 0
BBX 5 7 0 0
BITMAP
70
88
88
A8
88
88
70
ENDCHAR
STARTCHAR uni0299
ENCODING 665
SWIDTH 625 0
DWIDTH 5 0
BBX 4 5 0 0
BITMAP
E0
90
E0
90
E0
ENDCHAR
STARTCHAR uni029A
ENCODING 666
SWIDTH 625 0
DWIDTH 5 0
BBX 4 5 0 0
BITMAP
60
90
50
90
60
ENDCHAR
STARTCHAR uni029B
ENCODING 667
SWIDTH 625 0
DWIDTH 5 0
BBX 5 6 0 0
BITMAP
08
70
80
B0
90
60
ENDCHAR
STARTCHAR uni029C
ENCODING 668
SWIDTH 625 0
DWIDTH 5 0
BBX 4 5 0 0
BITMAP
90
90
F0
90
90
ENDCHAR
STARTCHAR uni029D
ENCODING 669
SWIDTH 250 0
DWIDTH 2 0
BBX 3 8 -1 -1
BITMAP
40
00
40
40
40
40
E0
C0
ENDCHAR
STARTCHAR uni029E
ENCODING 670
SWIDTH 625 0
DWIDTH 5 0
BBX 4 6 0 -1
BITMAP
90
90
70
50
90
10
ENDCHAR
STARTCHAR uni029F
ENCODING 671
SWIDTH 625 0
DWIDTH 5 0
BBX 4 5 0 0
BITMAP
80
80
80
80
F0
ENDCHAR
STARTCHAR uni02A0
ENCODING 672
SWIDTH 625 0
DWIDTH 5 0
BBX 5 7 0 -1
BITMAP
08
70
90
90
90
70
10
ENDCHAR
STARTCHAR uni02A1
ENCODING 673
SWIDTH 625 0
DWIDTH 5 0
BBX 4 7 0 0
BITMAP
E0
10
10
60
40
F0
40
ENDCHAR
STARTCHAR uni02A2
ENCODING 674
SWIDTH 625 0
DWIDTH 5 0
BBX 4 7 0 0
BITMAP
70
80
80
60
20
F0
20
ENDCHAR
STARTCHAR uni02A3
ENCODING 675
SWIDTH 1000 0
DWIDTH 8 0
BBX 7 7 0 0
BITMAP
10
10
7E
92
94
98
7E
ENDCHAR
STARTCHAR uni02A4
ENCODING 676
SWIDTH 1000 0
DWIDTH 8 0
BBX 7 8 0 -1
BITMAP
10
10
7E
92
94
92
72
0C
ENDCHAR
STARTCHAR uni02A5
ENCODING 677
SWIDTH 1000 0
DWIDTH 8 0
BBX 8 8 0 -1
BITMAP
10
10
7E
92
94
9B
7F
04
ENDCHAR
STARTCHAR uni02A6
ENCODING 678
SWIDTH 875 0
DWIDTH 7 0
BBX 6 6 0 0
BITMAP
80
DC
A0
98
84
78
ENDCHAR
STARTCHAR uni02A7
ENCODING 679
SWIDTH 625 0
DWIDTH 5 0
BBX 5 8 0 -1
BITMAP
08
90
D0
90
90
90
50
20
ENDCHAR
STARTCHAR uni02A8
ENCODING 680
SWIDTH 875 0
DWIDTH 7 0
BBX 6 7 0 -1
BITMAP
80
D8
A0
A0
AC
5C
10
ENDCHAR
STARTCHAR uni02A9
ENCODING 681
SWIDTH 875 0
DWIDTH 7 0
BBX 6 8 0 -1
BITMAP
40
80
B8
E4
A4
A4
84
18
ENDCHAR
STARTCHAR uni02AA
ENCODING 682
SWIDTH 750 0
DWIDTH 6 0
BBX 5 7 0 0
BITMAP
80
80
B8
C0
B0
88
F0
ENDCHAR
STARTCHAR uni02AB
ENCODING 683
SWIDTH 750 0
DWIDTH 6 0
BBX 5 7 0 0
BITMAP
80
80
F8
88
90
A0
F8
ENDCHAR
STARTCHAR uni02AC
ENCODING 684
SWIDTH 750 0
DWIDTH 6 0
BBX 5 7 0 0
BITMAP
A8
A8
50
00
A8
A8
50
ENDCHAR
STARTCHAR uni02AD
ENCODING 685
SWIDTH 750 0
DWIDTH 6 0
BBX 5 7 0 0
BITMAP
F8
88
88
00
F8
88
88
ENDCHAR
STARTCHAR uni02AE
ENCODING 686
SWIDTH 625 0
DWIDTH 5 0
BBX 5 7 -1 -1
BITMAP
80
48
48
48
48
38
08
ENDCHAR
STARTCHAR uni02AF
ENCODING 687
SWIDTH 625 0
DWIDTH 5 0
BBX 6 8 -1 -2
BITMAP
80
48
48
48
48
38
08
04
ENDCHAR
STARTCHAR uni02B0
ENCODING 688
SWIDTH 500 0
DWIDTH 4 0
BBX 3 5 0 3
BITMAP
80
C0
A0
A0
A0
ENDCHAR
STARTCHAR uni02B2
ENCODING 690
SWIDTH 250 0
DWIDTH 2 0
BBX 1 6 0 2
BITMAP
80
00
80
80
80
80
ENDCHAR
STARTCHAR uni02B3
ENCODING 691
SWIDTH 375 0
DWIDTH 3 0
BBX 2 4 0 3
BITMAP
40
80
80
80
ENDCHAR
STARTCHAR uni02B7
ENCODING 695
SWIDTH 500 0
DWIDTH 4 0
BBX 3 4 0 3
BITMAP
A0
A0
E0
E0
ENDCHAR
STARTCHAR uni02B8
ENCODING 696
SWIDTH 500 0
DWIDTH 4 0
BBX 3 5 0 2
BITMAP
A0
A0
60
20
C0
ENDCHAR
STARTCHAR uni02B9
ENCODING 697
SWIDTH 375 0
DWIDTH 3 0
BBX 2 2 0 5
BITMAP
40
80
ENDCHAR
STARTCHAR uni02BA
ENCODING 698
SWIDTH 750 0
DWIDTH 6 0
BBX 5 2 0 5
BITMAP
48
90
ENDCHAR
STARTCHAR uni02BB
ENCODING 699
SWIDTH 375 0
DWIDTH 3 0
BBX 2 3 0 4
BITMAP
80
80
40
ENDCHAR
STARTCHAR uni02BC
ENCODING 700
SWIDTH 250 0
DWIDTH 2 0
BBX 1 2 0 5
BITMAP
80
80
ENDCHAR
STARTCHAR uni02BD
ENCODING 701
SWIDTH 375 0
DWIDTH 3 0
BBX 2 3 0 5
BITMAP
40
80
80
ENDCHAR
STARTCHAR uni02BE
ENCODING 702
SWIDTH 500 0
DWIDTH 4 0
BBX 2 3 1 5
BITMAP
80
40
80
ENDCHAR
STARTCHAR uni02BF
ENCODING 703
SWIDTH 500 0
DWIDTH 4 0
BBX 2 3 0 5
BITMAP
40
80
40
ENDCHAR
STARTCHAR uni02C0
ENCODING 704
SWIDTH 500 0
DWIDTH 4 0
BBX 3 4 0 4
BITMAP
C0
20
60
40
ENDCHAR
STARTCHAR uni02C1
ENCODING 705
SWIDTH 500 0
DWIDTH 4 0
BBX 3 4 0 4
BITMAP
60
80
C0
40
ENDCHAR
STARTCHAR uni02C6
ENCODING 710
SWIDTH 500 0
DWIDTH 4 0
BBX 3 2 0 5
BITMAP
40
A0
ENDCHAR
STARTCHAR uni02C7
ENCODING 711
SWIDTH 500 0
DWIDTH 4 0
BBX 3 2 0 5
BITMAP
A0
40
ENDCHAR
STARTCHAR uni02C8
ENCODING 712
SWIDTH 250 0
DWIDTH 2 0
BBX 1 2 0 5
BITMAP
80
80
ENDCHAR
STARTCHAR uni02C9
ENCODING 713
SWIDTH 500 0
DWIDTH 4 0
BBX 3 1 0 6
BITMAP
E0
ENDCHAR
STARTCHAR uni02CA
ENCODING 714
SWIDTH 375 0
DWIDTH 3 0
BBX 2 2 0 5
BITMAP
40
80
ENDCHAR
STARTCHAR uni02CB
ENCODING 715
SWIDTH 375 0
DWIDTH 3 0
BBX 2 2 0 5
BITMAP
80
40
ENDCHAR
STARTCHAR uni02CC
ENCODING 716
SWIDTH 250 0
DWIDTH 2 0
BBX 1 2 0 -1
BITMAP
80
80
ENDCHAR
STARTCHAR uni02D0
ENCODING 720
SWIDTH 500 0
DWIDTH 4 0
BBX 3 5 0 0
BITMAP
E0
40
00
40
E0
ENDCHAR
STARTCHAR uni02D1
ENCODING 721
SWIDTH 500 0
DWIDTH 4 0
BBX 3 2 0 3
BITMAP
E0
40
ENDCHAR
STARTCHAR uni02D8
ENCODING 728
SWIDTH 625 0
DWIDTH 5 0
BBX 4 2 0 5
BITMAP
90
60
ENDCHAR
STARTCHAR uni02D9
ENCODING 729
SWIDTH 250 0
DWIDTH 2 0
BBX 1 1 0 6
BITMAP
80
ENDCHAR
STARTCHAR uni02DA
ENCODING 730
SWIDTH 500 0
DWIDTH 4 0
BBX 3 3 0 5
BITMAP
40
A0
40
ENDCHAR
STARTCHAR uni02DB
ENCODING 731
SWIDTH 375 0
DWIDTH 3 0
BBX 2 2 0 -1
BITMAP
80
C0
ENDCHAR
STARTCHAR uni02DC
ENCODING 732
SWIDTH 625 0
DWIDTH 5 0
BBX 4 2 0 5
BITMAP
50
A0
ENDCHAR
STARTCHAR uni02DD
ENCODING 733
SWIDTH 750 0
DWIDTH 6 0
BBX 5 2 0 5
BITMAP
48
90
ENDCHAR
STARTCHAR uni02E5
ENCODING 741
SWIDTH 625 0
DWIDTH 5 0
BBX 4 7 0 0
BITMAP
F0
10
10
10
10
10
10
ENDCHAR
STARTCHAR uni02E6
ENCODING 742
SWIDTH 625 0
DWIDTH 5 0
BBX 4 7 0 0
BITMAP
10
F0
10
10
10
10
10
ENDCHAR
STARTCHAR uni02E7
ENCODING 743
SWIDTH 625 0
DWIDTH 5 0
BBX 4 7 0 0
BITMAP
10
10
10
F0
10
10
10
ENDCHAR
STARTCHAR uni02E8
ENCODING 744
SWIDTH 625 0
DWIDTH 5 0
BBX 4 7 0 0
BITMAP
10
10
10
10
10
F0
10
ENDCHAR
STARTCHAR uni02E9
ENCODING 745
SWIDTH 625 0
DWIDTH 5 0
BBX 4 7 0 0
BITMAP
10
10
10
10
10
10
F0
ENDCHAR
STARTCHAR uni0300
ENCODING 768
SWIDTH 0 0
DWIDTH 0 0
BBX 2 2 -2 5
BITMAP
80
40
ENDCHAR
STARTCHAR uni0301
ENCODING 769
SWIDTH 0 0
DWIDTH 0 0
BBX 2 2 -1 5
BITMAP
40
80
ENDCHAR
STARTCHAR uni0302
ENCODING 770
SWIDTH 0 0
DWIDTH 0 0
BBX 3 2 -2 5
BITMAP
40
A0
ENDCHAR
STARTCHAR uni0303
ENCODING 771
SWIDTH 0 0
DWIDTH 0 0
BBX 4 2 -2 5
BITMAP
50
A0
ENDCHAR
STARTCHAR uni0304
ENCODING 772
SWIDTH 0 0
DWIDTH 0 0
BBX 3 1 -2 6
BITMAP
E0
ENDCHAR
STARTCHAR uni0305
ENCODING 773
SWIDTH 0 0
DWIDTH 0 0
BBX 5 1 -3 6
BITMAP
F8
ENDCHAR
STARTCHAR uni0306
ENCODING 774
SWIDTH 0 0
DWIDTH 0 0
BBX 4 2 -2 5
BITMAP
90
60
ENDCHAR
STARTCHAR uni0307
ENCODING 775
SWIDTH 0 0
DWIDTH 0 0
BBX 1 1 -1 6
BITMAP
80
ENDCHAR
STARTCHAR uni0308
ENCODING 776
SWIDTH 0 0
DWIDTH 0 0
BBX 3 1 -2 6
BITMAP
A0
ENDCHAR
STARTCHAR uni0309
ENCODING 777
SWIDTH 0 0
DWIDTH 0 0
BBX 3 3 -2 5
BITMAP
C0
20
40
ENDCHAR
STARTCHAR uni030A
ENCODING 778
SWIDTH 0 0
DWIDTH 0 0
BBX 3 3 -2 5
BITMAP
40
A0
40
ENDCHAR
STARTCHAR uni030B
ENCODING 779
SWIDTH 0 0
DWIDTH 0 0
BBX 5 2 -3 5
BITMAP
48
90
ENDCHAR
STARTCHAR uni030C
ENCODING 780
SWIDTH 0 0
DWIDTH 0 0
BBX 3 2 -2 5
BITMAP
A0
40
ENDCHAR
STARTCHAR uni030D
ENCODING 781
SWIDTH 0 0
DWIDTH 0 0
BBX 1 2 -1 5
BITMAP
80
80
ENDCHAR
STARTCHAR uni0323
ENCODING 803
SWIDTH 0 0
DWIDTH 0 0
BBX 1 1 -1 -2
BITMAP
80
ENDCHAR
STARTCHAR uni0324
ENCODING 804
SWIDTH 0 0
DWIDTH 0 0
BBX 3 1 -2 -2
BITMAP
A0
ENDCHAR
STARTCHAR uni0325
ENCODING 805
SWIDTH 0 0
DWIDTH 0 0
BBX 3 3 -2 -2
BITMAP
40
A0
40
ENDCHAR
STARTCHAR uni0326
ENCODING 806
SWIDTH 0 0
DWIDTH 0 0
BBX 2 2 -2 -2
BITMAP
40
80
ENDCHAR
STARTCHAR uni0327
ENCODING 807
SWIDTH 0 0
DWIDTH 0 0
BBX 2 2 -2 -2
BITMAP
40
C0
ENDCHAR
STARTCHAR uni0328
ENCODING 808
SWIDTH 0 0
DWIDTH 0 0
BBX 2 2 -1 -2
BITMAP
80
C0
ENDCHAR
STARTCHAR uni0329
ENCODING 809
SWIDTH 0 0
DWIDTH 0 0
BBX 1 2 -1 -2
BITMAP
80
80
ENDCHAR
STARTCHAR uni032A
ENCODING 810
SWIDTH 0 0
DWIDTH 0 0
BBX 3 1 -2 -2
BITMAP
E0
ENDCHAR
STARTCHAR uni032E
ENCODING 814
SWIDTH 0 0
DWIDTH 0 0
BBX 4 2 -2 -2
BITMAP
90
60
ENDCHAR
STARTCHAR uni032F
ENCODING 815
SWIDTH 0 0
DWIDTH 0 0
BBX 4 2 -2 -2
BITMAP
60
90
ENDCHAR
STARTCHAR uni0361
ENCODING 865
SWIDTH 0 0
DWIDTH 0 0
BBX 5 2 -3 6
BITMAP
70
88
ENDCHAR
STARTCHAR uni0374
ENCODING 884
SWIDTH 250 0
DWIDTH 2 0
BBX 2 3 0 4
BITMAP
40
80
80
ENDCHAR
STARTCHAR uni0375
ENCODING 885
SWIDTH 375 0
DWIDTH 3 0
BBX 2 3 0 0
BITMAP
40
40
80
ENDCHAR
STARTCHAR uni037A
ENCODING 890
SWIDTH 250 0
DWIDTH 2 0
BBX 1 3 0 -2
BITMAP
80
80
80
ENDCHAR
STARTCHAR uni037B
ENCODING 891
SWIDTH 500 0
DWIDTH 4 0
BBX 3 5 0 0
BITMAP
C0
20
20
20
C0
ENDCHAR
STARTCHAR uni037C
ENCODING 892
SWIDTH 625 0
DWIDTH 5 0
BBX 4 5 0 0
BITMAP
70
80
A0
80
70
ENDCHAR
STARTCHAR uni037D
ENCODING 893
SWIDTH 625 0
DWIDTH 5 0
BBX 4 5 0 0
BITMAP
E0
10
50
10
E0
ENDCHAR
STARTCHAR uni037E
ENCODING 894
SWIDTH 250 0
DWIDTH 2 0
BBX 1 6 0 -1
BITMAP
80
00
00
00
80
80
ENDCHAR
STARTCHAR uni0384
ENCODING 900
SWIDTH 375 0
DWIDTH 3 0
BBX 2 2 0 5
BITMAP
40
80
ENDCHAR
STARTCHAR uni0385
ENCODING 901
SWIDTH 500 0
DWIDTH 4 0
BBX 3 4 0 5
BITMAP
20
40
00
A0
ENDCHAR
STARTCHAR uni0386
ENCODING 902
SWIDTH 750 0
DWIDTH 6 0
BBX 5 10 0 0
BITMAP
10
20
00
70
88
88
88
F8
88
88
ENDCHAR
STARTCHAR uni0387
ENCODING 903
SWIDTH 250 0
DWIDTH 2 0
BBX 1 1 0 4
BITMAP
80
ENDCHAR
STARTCHAR uni0388
ENCODING 904
SWIDTH 750 0
DWIDTH 6 0
BBX 5 10 0 0
BITMAP
10
20
00
F8
80
80
F0
80
80
F8
ENDCHAR
STARTCHAR uni0389
ENCODING 905
SWIDTH 750 0
DWIDTH 6 0
BBX 5 10 0 0
BITMAP
10
20
00
88
88
88
F8
88
88
88
ENDCHAR
STARTCHAR uni038A
ENCODING 906
SWIDTH 500 0
DWIDTH 4 0
BBX 3 10 0 0
BITMAP
20
40
00
E0
40
40
40
40
40
E0
ENDCHAR
STARTCHAR uni038B
ENCODING 907
SWIDTH 500 0
DWIDTH 4 0
BBX 5 10 -1 0
BITMAP
10
20
88
00
70
20
20
20
20
70
ENDCHAR
STARTCHAR uni038C
ENCODING 908
SWIDTH 750 0
DWIDTH 6 0
BBX 5 10 0 0
BITMAP
10
20
00
70
88
88
88
88
88
70
ENDCHAR
STARTCHAR uni038D
ENCODING 909
SWIDTH 750 0
DWIDTH 6 0
BBX 5 10 0 0
BITMAP
10
20
88
00
88
88
50
20
20
20
ENDCHAR
STARTCHAR uni038E
ENCODING 910
SWIDTH 750 0
DWIDTH 6 0
BBX 5 10 0 0
BITMAP
10
20
00
88
88
88
50
20
20
20
ENDCHAR
STARTCHAR uni038F
ENCODING 911
SWIDTH 750 0
DWIDTH 6 0
BBX 5 10 0 0
BITMAP
10
20
00
70
88
88
88
88
50
D8
ENDCHAR
STARTCHAR uni0390
ENCODING 912
SWIDTH 250 0
DWIDTH 2 0
BBX 3 10 -1 0
BITMAP
20
40
00
A0
00
40
40
40
40
40
ENDCHAR
STARTCHAR uni0391
ENCODING 913
SWIDTH 750 0
DWIDTH 6 0
BBX 5 7 0 0
BITMAP
70
88
88
88
F8
88
88
ENDCHAR
STARTCHAR uni0392
ENCODING 914
SWIDTH 750 0
DWIDTH 6 0
BBX 5 7 0 0
BITMAP
F0
88
88
F0
88
88
F0
ENDCHAR
STARTCHAR uni0393
ENCODING 915
SWIDTH 750 0
DWIDTH 6 0
BBX 5 7 0 0
BITMAP
F8
80
80
80
80
80
80
ENDCHAR
STARTCHAR uni0394
ENCODING 916
SWIDTH 750 0
DWIDTH 6 0
BBX 5 7 0 0
BITMAP
20
50
88
88
88
88
F8
ENDCHAR
STARTCHAR uni0395
ENCODING 917
SWIDTH 750 0
DWIDTH 6 0
BBX 5 7 0 0
BITMAP
F8
80
80
F0
80
80
F8
ENDCHAR
STARTCHAR uni0396
ENCODING 918
SWIDTH 750 0
DWIDTH 6 0
BBX 5 7 0 0
BITMAP
F8
08
10
20
40
80
F8
ENDCHAR
STARTCHAR uni0397
ENCODING 919
SWIDTH 750 0
DWIDTH 6 0
BBX 5 7 0 0
BITMAP
88
88
88
F8
88
88
88
ENDCHAR
STARTCHAR uni0398
ENCODING 920
SWIDTH 750 0
DWIDTH 6 0
BBX 5 7 0 0
BITMAP
70
88
88
A8
88
88
70
ENDCHAR
STARTCHAR uni0399
ENCODING 921
SWIDTH 500 0
DWIDTH 4 0
BBX 3 7 0 0
BITMAP
E0
40
40
40
40
40
E0
ENDCHAR
STARTCHAR uni039A
ENCODING 922
SWIDTH 750 0
DWIDTH 6 0
BBX 5 7 0 0
BITMAP
88
90
A0
E0
90
88
88
ENDCHAR
STARTCHAR uni039B
ENCODING 923
SWIDTH 750 0
DWIDTH 6 0
BBX 5 7 0 0
BITMAP
20
50
88
88
88
88
88
ENDCHAR
STARTCHAR uni039C
ENCODING 924
SWIDTH 750 0
DWIDTH 6 0
BBX 5 7 0 0
BITMAP
88
D8
A8
A8
A8
88
88
ENDCHAR
STARTCHAR uni039D
ENCODING 925
SWIDTH 750 0
DWIDTH 6 0
BBX 5 7 0 0
BITMAP
88
C8
A8
98
88
88
88
ENDCHAR
STARTCHAR uni039E
ENCODING 926
SWIDTH 750 0
DWIDTH 6 0
BBX 5 7 0 0
BITMAP
F8
00
00
70
00
00
F8
ENDCHAR
STARTCHAR uni039F
ENCODING 927
SWIDTH 750 0
DWIDTH 6 0
BBX 5 7 0 0
BITMAP
70
88
88
88
88
88
70
ENDCHAR
STARTCHAR uni03A0
ENCODING 928
SWIDTH 750 0
DWIDTH 6 0
BBX 5 7 0 0
BITMAP
F8
88
88
88
88
88
88
ENDCHAR
STARTCHAR uni03A1
ENCODING 929
SWIDTH 750 0
DWIDTH 6 0
BBX 5 7 0 0
BITMAP
F0
88
88
88
F0
80
80
ENDCHAR
STARTCHAR uni03A2
ENCODING 930
SWIDTH 750 0
DWIDTH 6 0
BBX 5 8 0 -1
BITMAP
78
80
80
80
80
80
70
08
ENDCHAR
STARTCHAR uni03A3
ENCODING 931
SWIDTH 750 0
DWIDTH 6 0
BBX 5 7 0 0
BITMAP
F8
80
40
20
40
80
F8
ENDCHAR
STARTCHAR uni03A4
ENCODING 932
SWIDTH 750 0
DWIDTH 6 0
BBX 5 7 0 0
BITMAP
F8
20
20
20
20
20
20
ENDCHAR
STARTCHAR uni03A5
ENCODING 933
SWIDTH 750 0
DWIDTH 6 0
BBX 5 7 0 0
BITMAP
88
88
88
50
20
20
20
ENDCHAR
STARTCHAR uni03A6
ENCODING 934
SWIDTH 1000 0
DWIDTH 8 0
BBX 7 7 0 0
BITMAP
10
7C
92
92
92
7C
10
ENDCHAR
STARTCHAR uni03A7
ENCODING 935
SWIDTH 750 0
DWIDTH 6 0
BBX 5 7 0 0
BITMAP
88
88
50
20
50
88
88
ENDCHAR
STARTCHAR uni03A8
ENCODING 936
SWIDTH 1000 0
DWIDTH 8 0
BBX 7 7 0 0
BITMAP
92
92
92
92
7C
10
10
ENDCHAR
STARTCHAR uni03A9
ENCODING 937
SWIDTH 750 0
DWIDTH 6 0
BBX 5 7 0 0
BITMAP
70
88
88
88
88
50
D8
ENDCHAR
STARTCHAR uni03AA
ENCODING 938
SWIDTH 500 0
DWIDTH 4 0
BBX 3 9 0 0
BITMAP
A0
00
E0
40
40
40
40
40
E0
ENDCHAR
STARTCHAR uni03AB
ENCODING 939
SWIDTH 750 0
DWIDTH 6 0
BBX 5 9 0 0
BITMAP
88
00
88
88
88
50
20
20
20
ENDCHAR
STARTCHAR uni03AC
ENCODING 940
SWIDTH 750 0
DWIDTH 6 0
BBX 5 8 0 0
BITMAP
10
20
00
68
90
90
90
68
ENDCHAR
STARTCHAR uni03AD
ENCODING 941
SWIDTH 625 0
DWIDTH 5 0
BBX 4 8 0 0
BITMAP
20
40
00
70
80
60
80
70
ENDCHAR
STARTCHAR uni03AE
ENCODING 942
SWIDTH 625 0
DWIDTH 5 0
BBX 4 9 0 -1
BITMAP
20
40
00
E0
90
90
90
90
10
ENDCHAR
STARTCHAR uni03AF
ENCODING 943
SWIDTH 250 0
DWIDTH 2 0
BBX 2 8 0 0
BITMAP
40
80
00
80
80
80
80
80
ENDCHAR
STARTCHAR uni03B0
ENCODING 944
SWIDTH 625 0
DWIDTH 5 0
BBX 4 10 0 0
BITMAP
20
40
00
90
00
90
90
90
90
60
ENDCHAR
STARTCHAR uni03B1
ENCODING 945
SWIDTH 750 0
DWIDTH 6 0
BBX 5 5 0 0
BITMAP
68
90
90
90
68
ENDCHAR
STARTCHAR uni03B2
ENCODING 946
SWIDTH 625 0
DWIDTH 5 0
BBX 4 8 0 -1
BITMAP
60
90
90
E0
90
90
E0
80
ENDCHAR
STARTCHAR uni03B3
ENCODING 947
SWIDTH 625 0
DWIDTH 5 0
BBX 4 6 0 -1
BITMAP
90
90
90
50
20
20
ENDCHAR
STARTCHAR uni03B4
ENCODING 948
SWIDTH 625 0
DWIDTH 5 0
BBX 4 7 0 0
BITMAP
70
80
60
90
90
90
60
ENDCHAR
STARTCHAR uni03B5
ENCODING 949
SWIDTH 625 0
DWIDTH 5 0
BBX 4 5 0 0
BITMAP
70
80
60
80
70
ENDCHAR
STARTCHAR uni03B6
ENCODING 950
SWIDTH 625 0
DWIDTH 5 0
BBX 4 6 0 -1
BITMAP
F0
20
40
80
60
10
ENDCHAR
STARTCHAR uni03B7
ENCODING 951
SWIDTH 625 0
DWIDTH 5 0
BBX 4 6 0 -1
BITMAP
E0
90
90
90
90
10
ENDCHAR
STARTCHAR uni03B8
ENCODING 952
SWIDTH 625 0
DWIDTH 5 0
BBX 4 7 0 0
BITMAP
60
90
90
F0
90
90
60
ENDCHAR
STARTCHAR uni03B9
ENCODING 953
SWIDTH 250 0
DWIDTH 2 0
BBX 1 5 0 0
BITMAP
80
80
80
80
80
ENDCHAR
STARTCHAR uni03BA
ENCODING 954
SWIDTH 625 0
DWIDTH 5 0
BBX 4 5 0 0
BITMAP
90
A0
E0
90
90
ENDCHAR
STARTCHAR uni03BB
ENCODING 955
SWIDTH 625 0
DWIDTH 5 0
BBX 4 7 0 0
BITMAP
C0
20
20
50
90
90
90
ENDCHAR
STARTCHAR uni03BC
ENCODING 956
SWIDTH 625 0
DWIDTH 5 0
BBX 4 6 0 -1
BITMAP
90
90
90
90
E0
80
ENDCHAR
STARTCHAR uni03BD
ENCODING 957
SWIDTH 625 0
DWIDTH 5 0
BBX 4 5 0 0
BITMAP
90
90
90
A0
C0
ENDCHAR
STARTCHAR uni03BE
ENCODING 958
SWIDTH 625 0
DWIDTH 5 0
BBX 4 8 0 -1
BITMAP
70
80
60
80
80
80
60
10
ENDCHAR
STARTCHAR uni03BF
ENCODING 959
SWIDTH 625 0
DWIDTH 5 0
BBX 4 5 0 0
BITMAP
60
90
90
90
60
ENDCHAR
STARTCHAR uni03C0
ENCODING 960
SWIDTH 625 0
DWIDTH 5 0
BBX 4 5 0 0
BITMAP
F0
90
90
90
90
ENDCHAR
STARTCHAR uni03C1
ENCODING 961
SWIDTH 625 0
DWIDTH 5 0
BBX 4 6 0 -1
BITMAP
60
90
90
90
E0
80
ENDCHAR
STARTCHAR uni03C2
ENCODING 962
SWIDTH 625 0
DWIDTH 5 0
BBX 4 6 0 -1
BITMAP
60
80
80
80
60
10
ENDCHAR
STARTCHAR uni03C3
ENCODING 963
SWIDTH 750 0
DWIDTH 6 0
BBX 5 5 0 0
BITMAP
78
90
90
90
60
ENDCHAR
STARTCHAR uni03C4
ENCODING 964
SWIDTH 625 0
DWIDTH 5 0
BBX 4 5 0 0
BITMAP
F0
40
40
40
30
ENDCHAR
STARTCHAR uni03C5
ENCODING 965
SWIDTH 625 0
DWIDTH 5 0
BBX 4 5 0 0
BITMAP
90
90
90
90
60
ENDCHAR
STARTCHAR uni03C6
ENCODING 966
SWIDTH 750 0
DWIDTH 6 0
BBX 5 8 0 -1
BITMAP
20
20
70
A8
A8
A8
70
20
ENDCHAR
STARTCHAR uni03C7
ENCODING 967
SWIDTH 625 0
DWIDTH 5 0
BBX 4 6 0 -1
BITMAP
90
90
60
90
90
90
ENDCHAR
STARTCHAR uni03C8
ENCODING 968
SWIDTH 750 0
DWIDTH 6 0
BBX 5 8 0 -1
BITMAP
20
20
A8
A8
A8
A8
70
20
ENDCHAR
STARTCHAR uni03C9
ENCODING 969
SWIDTH 750 0
DWIDTH 6 0
BBX 5 5 0 0
BITMAP
88
A8
A8
A8
50
ENDCHAR
STARTCHAR uni03CA
ENCODING 970
SWIDTH 250 0
DWIDTH 2 0
BBX 3 7 -1 0
BITMAP
A0
00
40
40
40
40
40
ENDCHAR
STARTCHAR uni03CB
ENCODING 971
SWIDTH 625 0
DWIDTH 5 0
BBX 4 7 0 0
BITMAP
90
00
90
90
90
90
60
ENDCHAR
STARTCHAR uni03CC
ENCODING 972
SWIDTH 625 0
DWIDTH 5 0
BBX 4 8 0 0
BITMAP
20
40
00
60
90
90
90
60
ENDCHAR
STARTCHAR uni03CD
ENCODING 973
SWIDTH 625 0
DWIDTH 5 0
BBX 4 8 0 0
BITMAP
20
40
00
90
90
90
90
60
ENDCHAR
STARTCHAR uni03CE
ENCODING 974
SWIDTH 750 0
DWIDTH 6 0
BBX 5 8 0 0
BITMAP
10
20
00
88
A8
A8
A8
50
ENDCHAR
STARTCHAR uni03CF
ENCODING 975
SWIDTH 750 0
DWIDTH 6 0
BBX 5 8 0 -1
BITMAP
88
90
A0
E0
90
88
88
30
ENDCHAR
STARTCHAR uni03D2
ENCODING 978
SWIDTH 750 0
DWIDTH 6 0
BBX 5 7 0 0
BITMAP
88
90
90
50
20
20
20
ENDCHAR
STARTCHAR uni03D3
ENCODING 979
SWIDTH 750 0
DWIDTH 6 0
BBX 5 10 0 0
BITMAP
10
20
00
88
90
90
50
20
20
20
ENDCHAR
STARTCHAR uni03D4
ENCODING 980
SWIDTH 750 0
DWIDTH 6 0
BBX 5 9 0 0
BITMAP
50
00
88
90
90
50
20
20
20
ENDCHAR
STARTCHAR uni03D5
ENCODING 981
SWIDTH 750 0
DWIDTH 6 0
BBX 5 6 0 -1
BITMAP
B0
A8
A8
A8
70
20
ENDCHAR
STARTCHAR uni03D7
ENCODING 983
SWIDTH 625 0
DWIDTH 5 0
BBX 4 6 0 -1
BITMAP
90
A0
E0
90
90
20
ENDCHAR
STARTCHAR uni03DA
ENCODING 986
SWIDTH 750 0
DWIDTH 6 0
BBX 5 9 0 -2
BITMAP
78
80
80
80
80
80
78
08
30
ENDCHAR
STARTCHAR uni03DB
ENCODING 987
SWIDTH 625 0
DWIDTH 5 0
BBX 4 7 0 -2
BITMAP
60
80
80
80
70
10
60
ENDCHAR
STARTCHAR uni03F2
ENCODING 1010
SWIDTH 500 0
DWIDTH 4 0
BBX 3 5 0 0
BITMAP
60
80
80
80
60
ENDCHAR
STARTCHAR uni03F4
ENCODING 1012
SWIDTH 750 0
DWIDTH 6 0
BBX 5 7 0 0
BITMAP
70
88
88
F8
88
88
70
ENDCHAR
STARTCHAR uni03F5
ENCODING 1013
SWIDTH 625 0
DWIDTH 5 0
BBX 4 5 0 0
BITMAP
70
80
E0
80
70
ENDCHAR
STARTCHAR uni03F6
ENCODING 1014
SWIDTH 625 0
DWIDTH 5 0
BBX 4 5 0 0
BITMAP
E0
10
70
10
E0
ENDCHAR
STARTCHAR uni03F9
ENCODING 1017
SWIDTH 750 0
DWIDTH 6 0
BBX 5 7 0 0
BITMAP
78
80
80
80
80
80
78
ENDCHAR
STARTCHAR uni03FD
ENCODING 1021
SWIDTH 750 0
DWIDTH 6 0
BBX 5 7 0 0
BITMAP
F0
08
08
08
08
08
F0
ENDCHAR
STARTCHAR uni03FE
ENCODING 1022
SWIDTH 750 0
DWIDTH 6 0
BBX 5 7 0 0
BITMAP
78
80
80
90
80
80
78
ENDCHAR
STARTCHAR uni03FF
ENCODING 1023
SWIDTH 750 0
DWIDTH 6 0
BBX 5 7 0 0
BITMAP
F0
08
08
48
08
08
F0
ENDCHAR
STARTCHAR uni0400
ENCODING 1024
SWIDTH 750 0
DWIDTH 6 0
BBX 5 10 0 0
BITMAP
40
20
00
F8
80
80
F0
80
80
F8
ENDCHAR
STARTCHAR uni0401
ENCODING 1025
SWIDTH 750 0
DWIDTH 6 0
BBX 5 9 0 0
BITMAP
88
00
F8
80
80
F0
80
80
F8
ENDCHAR
STARTCHAR uni0402
ENCODING 1026
SWIDTH 875 0
DWIDTH 7 0
BBX 6 8 0 -1
BITMAP
F8
40
40
78
44
44
44
18
ENDCHAR
STARTCHAR uni0403
ENCODING 1027
SWIDTH 750 0
DWIDTH 6 0
BBX 5 10 0 0
BITMAP
10
20
00
F8
80
80
80
80
80
80
ENDCHAR
STARTCHAR uni0404
ENCODING 1028
SWIDTH 750 0
DWIDTH 6 0
BBX 5 7 0 0
BITMAP
78
80
80
F0
80
80
78
ENDCHAR
STARTCHAR uni0405
ENCODING 1029
SWIDTH 750 0
DWIDTH 6 0
BBX 5 7 0 0
BITMAP
78
80
80
70
08
08
F0
ENDCHAR
STARTCHAR uni0406
ENCODING 1030
SWIDTH 500 0
DWIDTH 4 0
BBX 3 7 0 0
BITMAP
E0
40
40
40
40
40
E0
ENDCHAR
STARTCHAR uni0407
ENCODING 1031
SWIDTH 500 0
DWIDTH 4 0
BBX 3 9 0 0
BITMAP
A0
00
E0
40
40
40
40
40
E0
ENDCHAR
STARTCHAR uni0408
ENCODING 1032
SWIDTH 625 0
DWIDTH 5 0
BBX 4 7 0 0
BITMAP
10
10
10
10
10
10
E0
ENDCHAR
STARTCHAR uni0409
ENCODING 1033
SWIDTH 1000 0
DWIDTH 8 0
BBX 7 7 0 0
BITMAP
70
50
5C
52
52
92
9C
ENDCHAR
STARTCHAR uni040A
ENCODING 1034
SWIDTH 1000 0
DWIDTH 8 0
BBX 7 7 0 0
BITMAP
90
90
FC
92
92
92
9C
ENDCHAR
STARTCHAR uni040B
ENCODING 1035
SWIDTH 875 0
DWIDTH 7 0
BBX 6 7 0 0
BITMAP
F8
40
40
78
44
44
44
ENDCHAR
STARTCHAR uni040C
ENCODING 1036
SWIDTH 750 0
DWIDTH 6 0
BBX 5 10 0 0
BITMAP
10
20
00
88
90
A0
E0
90
88
88
ENDCHAR
STARTCHAR uni040D
ENCODING 1037
SWIDTH 750 0
DWIDTH 6 0
BBX 5 10 0 0
BITMAP
40
20
00
88
98
A8
C8
88
88
88
ENDCHAR
STARTCHAR uni040E
ENCODING 1038
SWIDTH 750 0
DWIDTH 6 0
BBX 5 10 0 0
BITMAP
88
70
00
88
88
88
78
08
08
F0
ENDCHAR
STARTCHAR uni040F
ENCODING 1039
SWIDTH 750 0
DWIDTH 6 0
BBX 5 8 0 -1
BITMAP
88
88
88
88
88
88
F8
20
ENDCHAR
STARTCHAR uni0410
ENCODING 1040
SWIDTH 750 0
DWIDTH 6 0
BBX 5 7 0 0
BITMAP
70
88
88
88
F8
88
88
ENDCHAR
STARTCHAR uni0411
ENCODING 1041
SWIDTH 750 0
DWIDTH 6 0
BBX 5 7 0 0
BITMAP
F8
80
F0
88
88
88
F0
ENDCHAR
STARTCHAR uni0412
ENCODING 1042
SWIDTH 750 0
DWIDTH 6 0
BBX 5 7 0 0
BITMAP
F0
88
88
F0
88
88
F0
ENDCHAR
STARTCHAR uni0413
ENCODING 1043
SWIDTH 750 0
DWIDTH 6 0
BBX 5 7 0 0
BITMAP
F8
80
80
80
80
80
80
ENDCHAR
STARTCHAR uni0414
ENCODING 1044
SWIDTH 875 0
DWIDTH 7 0
BBX 6 8 0 -1
BITMAP
38
28
28
48
48
48
FC
84
ENDCHAR
STARTCHAR uni0415
ENCODING 1045
SWIDTH 750 0
DWIDTH 6 0
BBX 5 7 0 0
BITMAP
F8
80
80
F0
80
80
F8
ENDCHAR
STARTCHAR uni0416
ENCODING 1046
SWIDTH 1000 0
DWIDTH 8 0
BBX 7 7 0 0
BITMAP
92
92
54
38
54
92
92
ENDCHAR
STARTCHAR uni0417
ENCODING 1047
SWIDTH 750 0
DWIDTH 6 0
BBX 5 7 0 0
BITMAP
F0
08
08
70
08
08
F0
ENDCHAR
STARTCHAR uni0418
ENCODING 1048
SWIDTH 750 0
DWIDTH 6 0
BBX 5 7 0 0
BITMAP
88
98
A8
C8
88
88
88
ENDCHAR
STARTCHAR uni0419
ENCODING 1049
SWIDTH 750 0
DWIDTH 6 0
BBX 5 10 0 0
BITMAP
88
70
00
88
98
A8
C8
88
88
88
ENDCHAR
STARTCHAR uni041A
ENCODING 1050
SWIDTH 750 0
DWIDTH 6 0
BBX 5 7 0 0
BITMAP
88
90
A0
E0
90
88
88
ENDCHAR
STARTCHAR uni041B
ENCODING 1051
SWIDTH 750 0
DWIDTH 6 0
BBX 5 7 0 0
BITMAP
78
48
48
48
48
88
88
ENDCHAR
STARTCHAR uni041C
ENCODING 1052
SWIDTH 750 0
DWIDTH 6 0
BBX 5 7 0 0
BITMAP
88
D8
A8
A8
A8
88
88
ENDCHAR
STARTCHAR uni041D
ENCODING 1053
SWIDTH 750 0
DWIDTH 6 0
BBX 5 7 0 0
BITMAP
88
88
88
F8
88
88
88
ENDCHAR
STARTCHAR uni041E
ENCODING 1054
SWIDTH 750 0
DWIDTH 6 0
BBX 5 7 0 0
BITMAP
70
88
88
88
88
88
70
ENDCHAR
STARTCHAR uni041F
ENCODING 1055
SWIDTH 750 0
DWIDTH 6 0
BBX 5 7 0 0
BITMAP
F8
88
88
88
88
88
88
ENDCHAR
STARTCHAR uni0420
ENCODING 1056
SWIDTH 750 0
DWIDTH 6 0
BBX 5 7 0 0
BITMAP
F0
88
88
88
F0
80
80
ENDCHAR
STARTCHAR uni0421
ENCODING 1057
SWIDTH 750 0
DWIDTH 6 0
BBX 5 7 0 0
BITMAP
78
80
80
80
80
80
78
ENDCHAR
STARTCHAR uni0422
ENCODING 1058
SWIDTH 750 0
DWIDTH 6 0
BBX 5 7 0 0
BITMAP
F8
20
20
20
20
20
20
ENDCHAR
STARTCHAR uni0423
ENCODING 1059
SWIDTH 750 0
DWIDTH 6 0
BBX 5 7 0 0
BITMAP
88
88
88
78
08
08
F0
ENDCHAR
STARTCHAR uni0424
ENCODING 1060
SWIDTH 1000 0
DWIDTH 8 0
BBX 7 8 0 -1
BITMAP
10
7C
92
92
92
92
7C
10
ENDCHAR
STARTCHAR uni0425
ENCODING 1061
SWIDTH 750 0
DWIDTH 6 0
BBX 5 7 0 0
BITMAP
88
88
50
20
50
88
88
ENDCHAR
STARTCHAR uni0426
ENCODING 1062
SWIDTH 750 0
DWIDTH 6 0
BBX 5 8 0 -1
BITMAP
88
88
88
88
88
88
F8
08
ENDCHAR
STARTCHAR uni0427
ENCODING 1063
SWIDTH 750 0
DWIDTH 6 0
BBX 5 7 0 0
BITMAP
88
88
88
88
78
08
08
ENDCHAR
STARTCHAR uni0428
ENCODING 1064
SWIDTH 1000 0
DWIDTH 8 0
BBX 7 7 0 0
BITMAP
92
92
92
92
92
92
FE
ENDCHAR
STARTCHAR uni0429
ENCODING 1065
SWIDTH 1000 0
DWIDTH 8 0
BBX 7 8 0 -1
BITMAP
92
92
92
92
92
92
FE
02
ENDCHAR
STARTCHAR uni042A
ENCODING 1066
SWIDTH 875 0
DWIDTH 7 0
BBX 6 7 0 0
BITMAP
C0
40
78
44
44
44
78
ENDCHAR
STARTCHAR uni042B
ENCODING 1067
SWIDTH 1000 0
DWIDTH 8 0
BBX 7 7 0 0
BITMAP
82
82
F2
8A
8A
8A
F2
ENDCHAR
STARTCHAR uni042C
ENCODING 1068
SWIDTH 750 0
DWIDTH 6 0
BBX 5 7 0 0
BITMAP
80
80
F0
88
88
88
F0
ENDCHAR
STARTCHAR uni042D
ENCODING 1069
SWIDTH 750 0
DWIDTH 6 0
BBX 5 7 0 0
BITMAP
F0
08
08
78
08
08
F0
ENDCHAR
STARTCHAR uni042E
ENCODING 1070
SWIDTH 1000 0
DWIDTH 8 0
BBX 7 7 0 0
BITMAP
9C
A2
A2
E2
A2
A2
9C
ENDCHAR
STARTCHAR uni042F
ENCODING 1071
SWIDTH 750 0
DWIDTH 6 0
BBX 5 7 0 0
BITMAP
78
88
88
88
78
48
88
ENDCHAR
STARTCHAR uni0430
ENCODING 1072
SWIDTH 625 0
DWIDTH 5 0
BBX 4 5 0 0
BITMAP
60
10
70
90
70
ENDCHAR
STARTCHAR uni0431
ENCODING 1073
SWIDTH 625 0
DWIDTH 5 0
BBX 4 7 0 0
BITMAP
70
80
E0
90
90
90
60
ENDCHAR
STARTCHAR uni0432
ENCODING 1074
SWIDTH 625 0
DWIDTH 5 0
BBX 4 5 0 0
BITMAP
E0
90
E0
90
E0
ENDCHAR
STARTCHAR uni0433
ENCODING 1075
SWIDTH 500 0
DWIDTH 4 0
BBX 3 5 0 0
BITMAP
E0
80
80
80
80
ENDCHAR
STARTCHAR uni0434
ENCODING 1076
SWIDTH 625 0
DWIDTH 5 0
BBX 4 6 0 -1
BITMAP
70
50
50
90
F0
90
ENDCHAR
STARTCHAR uni0435
ENCODING 1077
SWIDTH 625 0
DWIDTH 5 0
BBX 4 5 0 0
BITMAP
60
90
F0
80
70
ENDCHAR
STARTCHAR uni0436
ENCODING 1078
SWIDTH 750 0
DWIDTH 6 0
BBX 5 5 0 0
BITMAP
A8
A8
70
A8
A8
ENDCHAR
STARTCHAR uni0437
ENCODING 1079
SWIDTH 625 0
DWIDTH 5 0
BBX 4 5 0 0
BITMAP
E0
10
60
10
E0
ENDCHAR
STARTCHAR uni0438
ENCODING 1080
SWIDTH 625 0
DWIDTH 5 0
BBX 4 5 0 0
BITMAP
90
B0
D0
90
90
ENDCHAR
STARTCHAR uni0439
ENCODING 1081
SWIDTH 625 0
DWIDTH 5 0
BBX 4 8 0 0
BITMAP
90
60
00
90
B0
D0
90
90
ENDCHAR
STARTCHAR uni043A
ENCODING 1082
SWIDTH 625 0
DWIDTH 5 0
BBX 4 5 0 0
BITMAP
90
A0
E0
90
90
ENDCHAR
STARTCHAR uni043B
ENCODING 1083
SWIDTH 625 0
DWIDTH 5 0
BBX 4 5 0 0
BITMAP
70
50
50
90
90
ENDCHAR
STARTCHAR uni043C
ENCODING 1084
SWIDTH 750 0
DWIDTH 6 0
BBX 5 5 0 0
BITMAP
88
D8
A8
A8
88
ENDCHAR
STARTCHAR uni043D
ENCODING 1085
SWIDTH 625 0
DWIDTH 5 0
BBX 4 5 0 0
BITMAP
90
90
F0
90
90
ENDCHAR
STARTCHAR uni043E
ENCODING 1086
SWIDTH 625 0
DWIDTH 5 0
BBX 4 5 0 0
BITMAP
60
90
90
90
60
ENDCHAR
STARTCHAR uni043F
ENCODING 1087
SWIDTH 625 0
DWIDTH 5 0
BBX 4 5 0 0
BITMAP
F0
90
90
90
90
ENDCHAR
STARTCHAR uni0440
ENCODING 1088
SWIDTH 625 0
DWIDTH 5 0
BBX 4 6 0 -1
BITMAP
E0
90
90
90
E0
80
ENDCHAR
STARTCHAR uni0441
ENCODING 1089
SWIDTH 500 0
DWIDTH 4 0
BBX 3 5 0 0
BITMAP
60
80
80
80
60
ENDCHAR
STARTCHAR uni0442
ENCODING 1090
SWIDTH 500 0
DWIDTH 4 0
BBX 3 5 0 0
BITMAP
E0
40
40
40
40
ENDCHAR
STARTCHAR uni0443
ENCODING 1091
SWIDTH 625 0
DWIDTH 5 0
BBX 4 6 0 -1
BITMAP
90
90
90
70
10
E0
ENDCHAR
STARTCHAR uni0444
ENCODING 1092
SWIDTH 750 0
DWIDTH 6 0
BBX 5 6 0 -1
BITMAP
70
A8
A8
A8
70
20
ENDCHAR
STARTCHAR uni0445
ENCODING 1093
SWIDTH 625 0
DWIDTH 5 0
BBX 4 5 0 0
BITMAP
90
90
60
90
90
ENDCHAR
STARTCHAR uni0446
ENCODING 1094
SWIDTH 625 0
DWIDTH 5 0
BBX 4 6 0 -1
BITMAP
90
90
90
90
F0
10
ENDCHAR
STARTCHAR uni0447
ENCODING 1095
SWIDTH 625 0
DWIDTH 5 0
BBX 4 5 0 0
BITMAP
90
90
90
70
10
ENDCHAR
STARTCHAR uni0448
ENCODING 1096
SWIDTH 750 0
DWIDTH 6 0
BBX 5 5 0 0
BITMAP
A8
A8
A8
A8
F8
ENDCHAR
STARTCHAR uni0449
ENCODING 1097
SWIDTH 750 0
DWIDTH 6 0
BBX 5 6 0 -1
BITMAP
A8
A8
A8
A8
F8
08
ENDCHAR
STARTCHAR uni044A
ENCODING 1098
SWIDTH 750 0
DWIDTH 6 0
BBX 5 5 0 0
BITMAP
C0
70
48
48
70
ENDCHAR
STARTCHAR uni044B
ENCODING 1099
SWIDTH 875 0
DWIDTH 7 0
BBX 6 5 0 0
BITMAP
84
E4
94
94
E4
ENDCHAR
STARTCHAR uni044C
ENCODING 1100
SWIDTH 625 0
DWIDTH 5 0
BBX 4 5 0 0
BITMAP
80
E0
90
90
E0
ENDCHAR
STARTCHAR uni044D
ENCODING 1101
SWIDTH 625 0
DWIDTH 5 0
BBX 4 5 0 0
BITMAP
E0
10
70
10
E0
ENDCHAR
STARTCHAR uni044E
ENCODING 1102
SWIDTH 875 0
DWIDTH 7 0
BBX 6 5 0 0
BITMAP
98
A4
E4
A4
98
ENDCHAR
STARTCHAR uni044F
ENCODING 1103
SWIDTH 625 0
DWIDTH 5 0
BBX 4 5 0 0
BITMAP
70
90
90
70
90
ENDCHAR
STARTCHAR uni0450
ENCODING 1104
SWIDTH 625 0
DWIDTH 5 0
BBX 4 8 0 0
BITMAP
40
20
00
60
90
F0
80
70
ENDCHAR
STARTCHAR uni0451
ENCODING 1105
SWIDTH 625 0
DWIDTH 5 0
BBX 4 7 0 0
BITMAP
90
00
60
90
F0
80
70
ENDCHAR
STARTCHAR uni0452
ENCODING 1106
SWIDTH 625 0
DWIDTH 5 0
BBX 5 8 -1 -1
BITMAP
40
F0
40
70
48
48
08
30
ENDCHAR
STARTCHAR uni0453
ENCODING 1107
SWIDTH 500 0
DWIDTH 4 0
BBX 3 8 0 0
BITMAP
20
40
00
E0
80
80
80
80
ENDCHAR
STARTCHAR uni0454
ENCODING 1108
SWIDTH 625 0
DWIDTH 5 0
BBX 4 5 0 0
BITMAP
70
80
E0
80
70
ENDCHAR
STARTCHAR uni0455
ENCODING 1109
SWIDTH 625 0
DWIDTH 5 0
BBX 4 5 0 0
BITMAP
70
80
60
10
E0
ENDCHAR
STARTCHAR uni0456
ENCODING 1110
SWIDTH 250 0
DWIDTH 2 0
BBX 1 7 0 0
BITMAP
80
00
80
80
80
80
80
ENDCHAR
STARTCHAR uni0457
ENCODING 1111
SWIDTH 250 0
DWIDTH 2 0
BBX 3 7 -1 0
BITMAP
A0
00
40
40
40
40
40
ENDCHAR
STARTCHAR uni0458
ENCODING 1112
SWIDTH 250 0
DWIDTH 2 0
BBX 1 8 0 -1
BITMAP
80
00
80
80
80
80
80
80
ENDCHAR
STARTCHAR uni0459
ENCODING 1113
SWIDTH 1000 0
DWIDTH 8 0
BBX 7 5 0 0
BITMAP
70
5C
52
52
9C
ENDCHAR
STARTCHAR uni045A
ENCODING 1114
SWIDTH 1000 0
DWIDTH 8 0
BBX 7 5 0 0
BITMAP
90
9C
F2
92
9C
ENDCHAR
STARTCHAR uni045B
ENCODING 1115
SWIDTH 625 0
DWIDTH 5 0
BBX 5 7 -1 0
BITMAP
40
F0
40
70
48
48
48
ENDCHAR
STARTCHAR uni045C
ENCODING 1116
SWIDTH 625 0
DWIDTH 5 0
BBX 4 8 0 0
BITMAP
20
40
00
90
A0
E0
90
90
ENDCHAR
STARTCHAR uni045D
ENCODING 1117
SWIDTH 625 0
DWIDTH 5 0
BBX 4 8 0 0
BITMAP
40
20
00
90
B0
D0
90
90
ENDCHAR
STARTCHAR uni045E
ENCODING 1118
SWIDTH 625 0
DWIDTH 5 0
BBX 4 9 0 -1
BITMAP
90
60
00
90
90
90
70
10
E0
ENDCHAR
STARTCHAR uni045F
ENCODING 1119
SWIDTH 625 0
DWIDTH 5 0
BBX 4 6 0 -1
BITMAP
90
90
90
90
F0
20
ENDCHAR
STARTCHAR uni0462
ENCODING 1122
SWIDTH 750 0
DWIDTH 6 0
BBX 6 7 -1 0
BITMAP
40
F0
40
78
44
44
78
ENDCHAR
STARTCHAR uni0463
ENCODING 1123
SWIDTH 625 0
DWIDTH 5 0
BBX 5 7 -1 0
BITMAP
40
F0
40
70
48
48
70
ENDCHAR
STARTCHAR uni046A
ENCODING 1130
SWIDTH 1000 0
DWIDTH 8 0
BBX 7 7 0 0
BITMAP
FE
82
44
7C
92
92
92
ENDCHAR
STARTCHAR uni046B
ENCODING 1131
SWIDTH 750 0
DWIDTH 6 0
BBX 5 5 0 0
BITMAP
F8
88
70
A8
A8
ENDCHAR
STARTCHAR uni0472
ENCODING 1138
SWIDTH 750 0
DWIDTH 6 0
BBX 5 7 0 0
BITMAP
70
88
88
F8
88
88
70
ENDCHAR
STARTCHAR uni0473
ENCODING 1139
SWIDTH 625 0
DWIDTH 5 0
BBX 4 5 0 0
BITMAP
60
90
F0
90
60
ENDCHAR
STARTCHAR uni0474
ENCODING 1140
SWIDTH 750 0
DWIDTH 6 0
BBX 6 7 0 0
BITMAP
84
88
88
88
88
50
20
ENDCHAR
STARTCHAR uni0475
ENCODING 1141
SWIDTH 625 0
DWIDTH 5 0
BBX 5 5 0 0
BITMAP
88
90
90
A0
C0
ENDCHAR
STARTCHAR uni0490
ENCODING 1168
SWIDTH 750 0
DWIDTH 6 0
BBX 5 8 0 0
BITMAP
08
F8
80
80
80
80
80
80
ENDCHAR
STARTCHAR uni0491
ENCODING 1169
SWIDTH 500 0
DWIDTH 4 0
BBX 3 6 0 0
BITMAP
20
E0
80
80
80
80
ENDCHAR
STARTCHAR uni0492
ENCODING 1170
SWIDTH 750 0
DWIDTH 6 0
BBX 6 7 -1 0
BITMAP
7C
40
40
F0
40
40
40
ENDCHAR
STARTCHAR uni0493
ENCODING 1171
SWIDTH 500 0
DWIDTH 4 0
BBX 4 5 -1 0
BITMAP
70
40
E0
40
40
ENDCHAR
STARTCHAR uni0494
ENCODING 1172
SWIDTH 750 0
DWIDTH 6 0
BBX 5 7 0 0
BITMAP
F8
80
80
F0
88
88
90
ENDCHAR
STARTCHAR uni0495
ENCODING 1173
SWIDTH 625 0
DWIDTH 5 0
BBX 4 6 0 -1
BITMAP
E0
80
E0
90
90
20
ENDCHAR
STARTCHAR uni0496
ENCODING 1174
SWIDTH 1000 0
DWIDTH 8 0
BBX 7 8 0 -1
BITMAP
92
92
54
38
54
92
92
02
ENDCHAR
STARTCHAR uni0497
ENCODING 1175
SWIDTH 750 0
DWIDTH 6 0
BBX 5 6 0 -1
BITMAP
A8
A8
70
A8
A8
08
ENDCHAR
STARTCHAR uni0498
ENCODING 1176
SWIDTH 750 0
DWIDTH 6 0
BBX 5 9 0 -2
BITMAP
F0
08
08
70
08
08
F0
10
30
ENDCHAR
STARTCHAR uni0499
ENCODING 1177
SWIDTH 625 0
DWIDTH 5 0
BBX 4 7 0 -2
BITMAP
E0
10
60
10
E0
20
60
ENDCHAR
STARTCHAR uni049A
ENCODING 1178
SWIDTH 750 0
DWIDTH 6 0
BBX 5 8 0 -1
BITMAP
88
90
A0
E0
90
88
88
08
ENDCHAR
STARTCHAR uni049B
ENCODING 1179
SWIDTH 625 0
DWIDTH 5 0
BBX 4 6 0 -1
BITMAP
90
A0
E0
90
90
10
ENDCHAR
STARTCHAR uni049C
ENCODING 1180
SWIDTH 750 0
DWIDTH 6 0
BBX 5 7 0 0
BITMAP
88
A8
B0
E0
B0
A8
88
ENDCHAR
STARTCHAR uni049D
ENCODING 1181
SWIDTH 750 0
DWIDTH 6 0
BBX 5 5 0 0
BITMAP
A8
B0
F0
A8
88
ENDCHAR
STARTCHAR uni04A0
ENCODING 1184
SWIDTH 875 0
DWIDTH 7 0
BBX 6 7 0 0
BITMAP
C4
48
50
70
48
44
44
ENDCHAR
STARTCHAR uni04A1
ENCODING 1185
SWIDTH 750 0
DWIDTH 6 0
BBX 5 5 0 0
BITMAP
C8
50
70
48
48
ENDCHAR
STARTCHAR uni04A2
ENCODING 1186
SWIDTH 750 0
DWIDTH 6 0
BBX 5 8 0 -1
BITMAP
88
88
88
F8
88
88
88
08
ENDCHAR
STARTCHAR uni04A3
ENCODING 1187
SWIDTH 625 0
DWIDTH 5 0
BBX 4 6 0 -1
BITMAP
90
90
F0
90
90
10
ENDCHAR
STARTCHAR uni04A4
ENCODING 1188
SWIDTH 1000 0
DWIDTH 8 0
BBX 7 7 0 0
BITMAP
8E
88
88
F8
88
88
88
ENDCHAR
STARTCHAR uni04A5
ENCODING 1189
SWIDTH 875 0
DWIDTH 7 0
BBX 6 5 0 0
BITMAP
9C
90
F0
90
90
ENDCHAR
STARTCHAR uni04AE
ENCODING 1198
SWIDTH 750 0
DWIDTH 6 0
BBX 5 7 0 0
BITMAP
88
88
88
50
20
20
20
ENDCHAR
STARTCHAR uni04AF
ENCODING 1199
SWIDTH 625 0
DWIDTH 5 0
BBX 4 6 0 -1
BITMAP
90
90
90
50
20
20
ENDCHAR
STARTCHAR uni04B0
ENCODING 1200
SWIDTH 750 0
DWIDTH 6 0
BBX 5 7 0 0
BITMAP
88
88
88
50
20
70
20
ENDCHAR
STARTCHAR uni04B1
ENCODING 1201
SWIDTH 625 0
DWIDTH 5 0
BBX 4 6 0 -1
BITMAP
90
90
50
20
70
20
ENDCHAR
STARTCHAR uni04B2
ENCODING 1202
SWIDTH 750 0
DWIDTH 6 0
BBX 5 8 0 -1
BITMAP
88
88
50
20
50
88
88
08
ENDCHAR
STARTCHAR uni04B3
ENCODING 1203
SWIDTH 625 0
DWIDTH 5 0
BBX 4 6 0 -1
BITMAP
90
90
60
90
90
10
ENDCHAR
STARTCHAR uni04B6
ENCODING 1206
SWIDTH 750 0
DWIDTH 6 0
BBX 5 8 0 -1
BITMAP
88
88
88
88
78
08
08
08
ENDCHAR
STARTCHAR uni04B7
ENCODING 1207
SWIDTH 625 0
DWIDTH 5 0
BBX 4 6 0 -1
BITMAP
90
90
90
70
10
10
ENDCHAR
STARTCHAR uni04B8
ENCODING 1208
SWIDTH 750 0
DWIDTH 6 0
BBX 5 7 0 0
BITMAP
88
88
A8
A8
78
28
08
ENDCHAR
STARTCHAR uni04B9
ENCODING 1209
SWIDTH 750 0
DWIDTH 6 0
BBX 5 5 0 0
BITMAP
88
A8
A8
78
28
ENDCHAR
STARTCHAR uni04BA
ENCODING 1210
SWIDTH 750 0
DWIDTH 6 0
BBX 5 7 0 0
BITMAP
80
80
F0
88
88
88
88
ENDCHAR
STARTCHAR uni04BB
ENCODING 1211
SWIDTH 625 0
DWIDTH 5 0
BBX 4 7 0 0
BITMAP
80
80
E0
90
90
90
90
ENDCHAR
STARTCHAR uni04C0
ENCODING 1216
SWIDTH 500 0
DWIDTH 4 0
BBX 3 7 0 0
BITMAP
E0
40
40
40
40
40
E0
ENDCHAR
STARTCHAR uni04C1
ENCODING 1217
SWIDTH 1000 0
DWIDTH 8 0
BBX 7 10 0 0
BITMAP
44
38
00
92
92
54
38
54
92
92
ENDCHAR
STARTCHAR uni04C2
ENCODING 1218
SWIDTH 750 0
DWIDTH 6 0
BBX 5 8 0 0
BITMAP
88
70
00
A8
A8
70
A8
A8
ENDCHAR
STARTCHAR uni04CB
ENCODING 1227
SWIDTH 750 0
DWIDTH 6 0
BBX 5 8 0 -1
BITMAP
88
88
88
88
78
08
18
10
ENDCHAR
STARTCHAR uni04CC
ENCODING 1228
SWIDTH 625 0
DWIDTH 5 0
BBX 4 6 0 -1
BITMAP
90
90
70
10
30
20
ENDCHAR
STARTCHAR uni04CF
ENCODING 1231
SWIDTH 250 0
DWIDTH 2 0
BBX 1 7 0 0
BITMAP
80
80
80
80
80
80
80
ENDCHAR
STARTCHAR uni04D0
ENCODING 1232
SWIDTH 750 0
DWIDTH 6 0
BBX 5 10 0 0
BITMAP
88
70
00
70
88
88
88
F8
88
88
ENDCHAR
STARTCHAR uni04D1
ENCODING 1233
SWIDTH 625 0
DWIDTH 5 0
BBX 4 8 0 0
BITMAP
90
60
00
60
10
70
90
70
ENDCHAR
STARTCHAR uni04D2
ENCODING 1234
SWIDTH 750 0
DWIDTH 6 0
BBX 5 9 0 0
BITMAP
88
00
70
88
88
88
F8
88
88
ENDCHAR
STARTCHAR uni04D3
ENCODING 1235
SWIDTH 625 0
DWIDTH 5 0
BBX 4 7 0 0
BITMAP
90
00
60
10
70
90
70
ENDCHAR
STARTCHAR uni04D4
ENCODING 1236
SWIDTH 1000 0
DWIDTH 8 0
BBX 7 7 0 0
BITMAP
7E
90
90
9C
F0
90
9E
ENDCHAR
STARTCHAR uni04D5
ENCODING 1237
SWIDTH 1000 0
DWIDTH 8 0
BBX 7 5 0 0
BITMAP
6C
12
7E
90
6E
ENDCHAR
STARTCHAR uni04D6
ENCODING 1238
SWIDTH 750 0
DWIDTH 6 0
BBX 5 10 0 0
BITMAP
88
70
00
F8
80
80
F0
80
80
F8
ENDCHAR
STARTCHAR uni04D7
ENCODING 1239
SWIDTH 625 0
DWIDTH 5 0
BBX 4 8 0 0
BITMAP
90
60
00
60
90
F0
80
70
ENDCHAR
STARTCHAR uni04D8
ENCODING 1240
SWIDTH 750 0
DWIDTH 6 0
BBX 5 7 0 0
BITMAP
F0
08
08
F8
88
88
70
ENDCHAR
STARTCHAR uni04D9
ENCODING 1241
SWIDTH 625 0
DWIDTH 5 0
BBX 4 5 0 0
BITMAP
E0
10
F0
90
60
ENDCHAR
STARTCHAR uni04DC
ENCODING 1244
SWIDTH 1000 0
DWIDTH 8 0
BBX 7 9 0 0
BITMAP
44
00
92
92
54
38
54
92
92
ENDCHAR
STARTCHAR uni04DD
ENCODING 1245
SWIDTH 750 0
DWIDTH 6 0
BBX 5 7 0 0
BITMAP
88
00
A8
A8
70
A8
A8
ENDCHAR
STARTCHAR uni04DE
ENCODING 1246
SWIDTH 750 0
DWIDTH 6 0
BBX 5 9 0 0
BITMAP
88
00
F0
08
08
70
08
08
F0
ENDCHAR
STARTCHAR uni04DF
ENCODING 1247
SWIDTH 625 0
DWIDTH 5 0
BBX 4 7 0 0
BITMAP
90
00
E0
10
60
10
E0
ENDCHAR
STARTCHAR uni04E2
ENCODING 1250
SWIDTH 750 0
DWIDTH 6 0
BBX 5 9 0 0
BITMAP
70
00
88
98
A8
C8
88
88
88
ENDCHAR
STARTCHAR uni04E3
ENCODING 1251
SWIDTH 625 0
DWIDTH 5 0
BBX 4 7 0 0
BITMAP
70
00
90
B0
D0
90
90
ENDCHAR
STARTCHAR uni04E4
ENCODING 1252
SWIDTH 750 0
DWIDTH 6 0
BBX 5 9 0 0
BITMAP
88
00
88
98
A8
C8
88
88
88
ENDCHAR
STARTCHAR uni04E5
ENCODING 1253
SWIDTH 625 0
DWIDTH 5 0
BBX 4 7 0 0
BITMAP
90
00
90
B0
D0
90
90
ENDCHAR
STARTCHAR uni04E6
ENCODING 1254
SWIDTH 750 0
DWIDTH 6 0
BBX 5 9 0 0
BITMAP
88
00
70
88
88
88
88
88
70
ENDCHAR
STARTCHAR uni04E7
ENCODING 1255
SWIDTH 625 0
DWIDTH 5 0
BBX 4 7 0 0
BITMAP
90
00
60
90
90
90
60
ENDCHAR
STARTCHAR uni04E8
ENCODING 1256
SWIDTH 750 0
DWIDTH 6 0
BBX 5 7 0 0
BITMAP
70
88
88
F8
88
88
70
ENDCHAR
STARTCHAR uni04E9
ENCODING 1257
SWIDTH 625 0
DWIDTH 5 0
BBX 4 5 0 0
BITMAP
60
90
F0
90
60
ENDCHAR
STARTCHAR uni04EE
ENCODING 1262
SWIDTH 750 0
DWIDTH 6 0
BBX 5 9 0 0
BITMAP
70
00
88
88
88
78
08
08
F0
ENDCHAR
STARTCHAR uni04EF
ENCODING 1263
SWIDTH 625 0
DWIDTH 5 0
BBX 4 8 0 -1
BITMAP
70
00
90
90
90
70
10
E0
ENDCHAR
STARTCHAR uni04F0
ENCODING 1264
SWIDTH 750 0
DWIDTH 6 0
BBX 5 9 0 0
BITMAP
88
00
88
88
88
78
08
08
F0
ENDCHAR
STARTCHAR uni04F1
ENCODING 1265
SWIDTH 625 0
DWIDTH 5 0
BBX 4 8 0 -1
BITMAP
90
00
90
90
90
70
10
E0
ENDCHAR
STARTCHAR uni04F2
ENCODING 1266
SWIDTH 750 0
DWIDTH 6 0
BBX 5 10 0 0
BITMAP
48
90
00
88
88
88
78
08
08
F0
ENDCHAR
STARTCHAR uni04F3
ENCODING 1267
SWIDTH 625 0
DWIDTH 5 0
BBX 5 9 0 -1
BITMAP
48
90
00
90
90
90
70
10
E0
ENDCHAR
STARTCHAR uni04F4
ENCODING 1268
SWIDTH 750 0
DWIDTH 6 0
BBX 5 9 0 0
BITMAP
88
00
88
88
88
88
78
08
08
ENDCHAR
STARTCHAR uni04F5
ENCODING 1269
SWIDTH 625 0
DWIDTH 5 0
BBX 4 7 0 0
BITMAP
90
00
90
90
90
70
10
ENDCHAR
STARTCHAR uni04F6
ENCODING 1270
SWIDTH 750 0
DWIDTH 6 0
BBX 5 8 0 -1
BITMAP
F8
80
80
80
80
80
C0
40
ENDCHAR
STARTCHAR uni04F7
ENCODING 1271
SWIDTH 500 0
DWIDTH 4 0
BBX 3 6 0 -1
BITMAP
E0
80
80
80
C0
40
ENDCHAR
STARTCHAR uni04F8
ENCODING 1272
SWIDTH 1000 0
DWIDTH 8 0
BBX 7 9 0 0
BITMAP
44
00
82
82
F2
8A
8A
8A
F2
ENDCHAR
STARTCHAR uni04F9
ENCODING 1273
SWIDTH 875 0
DWIDTH 7 0
BBX 6 7 0 0
BITMAP
48
00
84
E4
94
94
E4
ENDCHAR
STARTCHAR uni0500
ENCODING 1280
SWIDTH 750 0
DWIDTH 6 0
BBX 5 7 0 0
BITMAP
08
08
78
88
88
88
78
ENDCHAR
STARTCHAR uni0501
ENCODING 1281
SWIDTH 625 0
DWIDTH 5 0
BBX 4 7 0 0
BITMAP
10
10
70
90
90
90
70
ENDCHAR
STARTCHAR uni051A
ENCODING 1306
SWIDTH 750 0
DWIDTH 6 0
BBX 5 8 0 -1
BITMAP
70
88
88
88
88
88
70
08
ENDCHAR
STARTCHAR uni051B
ENCODING 1307
SWIDTH 625 0
DWIDTH 5 0
BBX 4 6 0 -1
BITMAP
70
90
90
90
70
10
ENDCHAR
STARTCHAR uni051C
ENCODING 1308
SWIDTH 750 0
DWIDTH 6 0
BBX 5 7 0 0
BITMAP
88
88
A8
A8
A8
A8
50
ENDCHAR
STARTCHAR uni051D
ENCODING 1309
SWIDTH 750 0
DWIDTH 6 0
BBX 5 5 0 0
BITMAP
88
A8
A8
A8
50
ENDCHAR
STARTCHAR uni0E3F
ENCODING 3647
SWIDTH 750 0
DWIDTH 6 0
BBX 5 7 0 0
BITMAP
20
F0
88
F0
88
F0
20
ENDCHAR
STARTCHAR uni1D00
ENCODING 7424
SWIDTH 625 0
DWIDTH 5 0
BBX 4 5 0 0
BITMAP
60
90
90
F0
90
ENDCHAR
STARTCHAR uni1D01
ENCODING 7425
SWIDTH 1125 0
DWIDTH 9 0
BBX 7 5 0 0
BITMAP
7E
90
9C
F0
9E
ENDCHAR
STARTCHAR uni1D04
ENCODING 7428
SWIDTH 625 0
DWIDTH 5 0
BBX 4 5 0 0
BITMAP
70
80
80
80
70
ENDCHAR
STARTCHAR uni1D05
ENCODING 7429
SWIDTH 625 0
DWIDTH 5 0
BBX 4 5 0 0
BITMAP
E0
90
90
90
E0
ENDCHAR
STARTCHAR uni1D06
ENCODING 7430
SWIDTH 625 0
DWIDTH 5 0
BBX 5 5 -1 0
BITMAP
70
48
E8
48
70
ENDCHAR
STARTCHAR uni1D07
ENCODING 7431
SWIDTH 625 0
DWIDTH 5 0
BBX 4 5 0 0
BITMAP
F0
80
E0
80
F0
ENDCHAR
STARTCHAR uni1D09
ENCODING 7433
SWIDTH 250 0
DWIDTH 2 0
BBX 1 7 0 -2
BITMAP
80
80
80
80
80
00
80
ENDCHAR
STARTCHAR uni1D0A
ENCODING 7434
SWIDTH 500 0
DWIDTH 4 0
BBX 3 5 0 0
BITMAP
20
20
20
20
C0
ENDCHAR
STARTCHAR uni1D0B
ENCODING 7435
SWIDTH 625 0
DWIDTH 5 0
BBX 4 5 0 0
BITMAP
90
A0
E0
90
90
ENDCHAR
STARTCHAR uni1D0C
ENCODING 7436
SWIDTH 625 0
DWIDTH 5 0
BBX 5 5 -1 0
BITMAP
40
70
C0
40
78
ENDCHAR
STARTCHAR uni1D0D
ENCODING 7437
SWIDTH 750 0
DWIDTH 6 0
BBX 5 5 0 0
BITMAP
88
D8
A8
A8
88
ENDCHAR
STARTCHAR uni1D0F
ENCODING 7439
SWIDTH 625 0
DWIDTH 5 0
BBX 4 5 0 0
BITMAP
60
90
90
90
60
ENDCHAR
STARTCHAR uni1D10
ENCODING 7440
SWIDTH 625 0
DWIDTH 5 0
BBX 4 5 0 0
BITMAP
E0
10
10
10
E0
ENDCHAR
STARTCHAR uni1D18
ENCODING 7448
SWIDTH 625 0
DWIDTH 5 0
BBX 4 5 0 0
BITMAP
E0
90
90
E0
80
ENDCHAR
STARTCHAR uni1D1A
ENCODING 7450
SWIDTH 625 0
DWIDTH 5 0
BBX 4 5 0 0
BITMAP
90
70
90
90
70
ENDCHAR
STARTCHAR uni1D1B
ENCODING 7451
SWIDTH 625 0
DWIDTH 5 0
BBX 4 5 0 0
BITMAP
F0
20
20
20
20
ENDCHAR
STARTCHAR uni1D1C
ENCODING 7452
SWIDTH 625 0
DWIDTH 5 0
BBX 4 5 0 0
BITMAP
90
90
90
90
60
ENDCHAR
STARTCHAR uni1D20
ENCODING 7456
SWIDTH 625 0
DWIDTH 5 0
BBX 4 5 0 0
BITMAP
90
90
90
A0
40
ENDCHAR
STARTCHAR uni1D21
ENCODING 7457
SWIDTH 750 0
DWIDTH 6 0
BBX 5 5 0 0
BITMAP
88
A8
A8
A8
50
ENDCHAR
STARTCHAR uni1D22
ENCODING 7458
SWIDTH 625 0
DWIDTH 5 0
BBX 4 5 0 0
BITMAP
F0
20
40
80
F0
ENDCHAR
STARTCHAR uni1D23
ENCODING 7459
SWIDTH 625 0
DWIDTH 5 0
BBX 4 5 0 0
BITMAP
F0
10
60
10
E0
ENDCHAR
STARTCHAR uni1D51
ENCODING 7505
SWIDTH 500 0
DWIDTH 4 0
BBX 3 4 0 3
BITMAP
C0
A0
20
40
ENDCHAR
STARTCHAR uni1D77
ENCODING 7543
SWIDTH 625 0
DWIDTH 5 0
BBX 4 7 0 0
BITMAP
70
80
E0
90
90
90
E0
ENDCHAR
STARTCHAR uni1E02
ENCODING 7682
SWIDTH 750 0
DWIDTH 6 0
BBX 5 9 0 0
BITMAP
20
00
F0
88
88
F0
88
88
F0
ENDCHAR
STARTCHAR uni1E03
ENCODING 7683
SWIDTH 625 0
DWIDTH 5 0
BBX 4 8 0 0
BITMAP
20
80
80
E0
90
90
90
E0
ENDCHAR
STARTCHAR uni1E04
ENCODING 7684
SWIDTH 750 0
DWIDTH 6 0
BBX 5 9 0 -2
BITMAP
F0
88
88
F0
88
88
F0
00
20
ENDCHAR
STARTCHAR uni1E05
ENCODING 7685
SWIDTH 625 0
DWIDTH 5 0
BBX 4 9 0 -2
BITMAP
80
80
E0
90
90
90
E0
00
40
ENDCHAR
STARTCHAR uni1E08
ENCODING 7688
SWIDTH 750 0
DWIDTH 6 0
BBX 5 12 0 -2
BITMAP
10
20
00
78
80
80
80
80
80
78
10
30
ENDCHAR
STARTCHAR uni1E09
ENCODING 7689
SWIDTH 500 0
DWIDTH 4 0
BBX 3 10 0 -2
BITMAP
20
40
00
60
80
80
80
60
20
60
ENDCHAR
STARTCHAR uni1E0A
ENCODING 7690
SWIDTH 750 0
DWIDTH 6 0
BBX 5 9 0 0
BITMAP
20
00
F0
88
88
88
88
88
F0
ENDCHAR
STARTCHAR uni1E0B
ENCODING 7691
SWIDTH 625 0
DWIDTH 5 0
BBX 4 8 0 0
BITMAP
40
10
10
70
90
90
90
70
ENDCHAR
STARTCHAR uni1E0C
ENCODING 7692
SWIDTH 750 0
DWIDTH 6 0
BBX 5 9 0 -2
BITMAP
F0
88
88
88
88
88
F0
00
20
ENDCHAR
STARTCHAR uni1E0D
ENCODING 7693
SWIDTH 625 0
DWIDTH 5 0
BBX 4 9 0 -2
BITMAP
10
10
70
90
90
90
70
00
20
ENDCHAR
STARTCHAR uni1E0E
ENCODING 7694
SWIDTH 750 0
DWIDTH 6 0
BBX 5 9 0 -2
BITMAP
F0
88
88
88
88
88
F0
00
70
ENDCHAR
STARTCHAR uni1E0F
ENCODING 7695
SWIDTH 625 0
DWIDTH 5 0
BBX 4 9 0 -2
BITMAP
10
10
70
90
90
90
70
00
70
ENDCHAR
STARTCHAR uni1E14
ENCODING 7700
SWIDTH 750 0
DWIDTH 6 0
BBX 5 10 0 0
BITMAP
40
20
70
00
F8
80
F0
80
80
F8
ENDCHAR
STARTCHAR uni1E15
ENCODING 7701
SWIDTH 625 0
DWIDTH 5 0
BBX 4 9 0 0
BITMAP
40
20
70
00
60
90
F0
80
70
ENDCHAR
STARTCHAR uni1E16
ENCODING 7702
SWIDTH 750 0
DWIDTH 6 0
BBX 5 10 0 0
BITMAP
10
20
70
00
F8
80
F0
80
80
F8
ENDCHAR
STARTCHAR uni1E17
ENCODING 7703
SWIDTH 625 0
DWIDTH 5 0
BBX 4 9 0 0
BITMAP
10
20
70
00
60
90
F0
80
70
ENDCHAR
STARTCHAR uni1E1C
ENCODING 7708
SWIDTH 750 0
DWIDTH 6 0
BBX 5 12 0 -2
BITMAP
88
70
00
F8
80
80
F0
80
80
F8
10
30
ENDCHAR
STARTCHAR uni1E1D
ENCODING 7709
SWIDTH 625 0
DWIDTH 5 0
BBX 4 10 0 -2
BITMAP
90
60
00
60
90
F0
80
70
20
60
ENDCHAR
STARTCHAR uni1E1E
ENCODING 7710
SWIDTH 750 0
DWIDTH 6 0
BBX 5 9 0 0
BITMAP
20
00
F8
80
80
80
F0
80
80
ENDCHAR
STARTCHAR uni1E1F
ENCODING 7711
SWIDTH 375 0
DWIDTH 3 0
BBX 2 9 0 0
BITMAP
80
00
40
80
80
C0
80
80
80
ENDCHAR
STARTCHAR uni1E20
ENCODING 7712
SWIDTH 750 0
DWIDTH 6 0
BBX 5 9 0 0
BITMAP
70
00
78
80
80
98
88
88
70
ENDCHAR
STARTCHAR uni1E21
ENCODING 7713
SWIDTH 625 0
DWIDTH 5 0
BBX 4 8 0 -1
BITMAP
70
00
70
90
90
70
10
E0
ENDCHAR
STARTCHAR uni1E22
ENCODING 7714
SWIDTH 750 0
DWIDTH 6 0
BBX 5 9 0 0
BITMAP
20
00
88
88
88
F8
88
88
88
ENDCHAR
STARTCHAR uni1E23
ENCODING 7715
SWIDTH 625 0
DWIDTH 5 0
BBX 4 8 0 0
BITMAP
20
80
80
E0
90
90
90
90
ENDCHAR
STARTCHAR uni1E24
ENCODING 7716
SWIDTH 750 0
DWIDTH 6 0
BBX 5 9 0 -2
BITMAP
88
88
88
F8
88
88
88
00
20
ENDCHAR
STARTCHAR uni1E25
ENCODING 7717
SWIDTH 625 0
DWIDTH 5 0
BBX 4 9 0 -2
BITMAP
80
80
E0
90
90
90
90
00
20
ENDCHAR
STARTCHAR uni1E2A
ENCODING 7722
SWIDTH 750 0
DWIDTH 6 0
BBX 5 9 0 -2
BITMAP
88
88
88
F8
88
88
00
88
70
ENDCHAR
STARTCHAR uni1E2B
ENCODING 7723
SWIDTH 625 0
DWIDTH 5 0
BBX 4 9 0 -2
BITMAP
80
80
E0
90
90
90
00
90
60
ENDCHAR
STARTCHAR uni1E2E
ENCODING 7726
SWIDTH 500 0
DWIDTH 4 0
BBX 5 10 -1 0
BITMAP
10
20
88
00
70
20
20
20
20
70
ENDCHAR
STARTCHAR uni1E2F
ENCODING 7727
SWIDTH 250 0
DWIDTH 2 0
BBX 3 10 -1 0
BITMAP
20
40
00
A0
00
40
40
40
40
40
ENDCHAR
STARTCHAR uni1E36
ENCODING 7734
SWIDTH 750 0
DWIDTH 6 0
BBX 5 9 0 -2
BITMAP
80
80
80
80
80
80
F8
00
20
ENDCHAR
STARTCHAR uni1E37
ENCODING 7735
SWIDTH 250 0
DWIDTH 2 0
BBX 1 9 0 -2
BITMAP
80
80
80
80
80
80
80
00
80
ENDCHAR
STARTCHAR uni1E3A
ENCODING 7738
SWIDTH 750 0
DWIDTH 6 0
BBX 5 9 0 -2
BITMAP
80
80
80
80
80
80
F8
00
70
ENDCHAR
STARTCHAR uni1E3B
ENCODING 7739
SWIDTH 250 0
DWIDTH 2 0
BBX 3 9 -1 -2
BITMAP
40
40
40
40
40
40
40
00
E0
ENDCHAR
STARTCHAR uni1E3E
ENCODING 7742
SWIDTH 750 0
DWIDTH 6 0
BBX 5 10 0 0
BITMAP
10
20
00
88
D8
A8
A8
A8
88
88
ENDCHAR
STARTCHAR uni1E3F
ENCODING 7743
SWIDTH 750 0
DWIDTH 6 0
BBX 5 8 0 0
BITMAP
10
20
00
D0
A8
A8
A8
88
ENDCHAR
STARTCHAR uni1E40
ENCODING 7744
SWIDTH 750 0
DWIDTH 6 0
BBX 5 9 0 0
BITMAP
20
00
88
D8
A8
A8
A8
88
88
ENDCHAR
STARTCHAR uni1E41
ENCODING 7745
SWIDTH 750 0
DWIDTH 6 0
BBX 5 7 0 0
BITMAP
20
00
D0
A8
A8
A8
88
ENDCHAR
STARTCHAR uni1E42
ENCODING 7746
SWIDTH 750 0
DWIDTH 6 0
BBX 5 9 0 -2
BITMAP
88
D8
A8
A8
A8
88
88
00
20
ENDCHAR
STARTCHAR uni1E43
ENCODING 7747
SWIDTH 750 0
DWIDTH 6 0
BBX 5 7 0 -2
BITMAP
D0
A8
A8
A8
88
00
20
ENDCHAR
STARTCHAR uni1E44
ENCODING 7748
SWIDTH 750 0
DWIDTH 6 0
BBX 5 9 0 0
BITMAP
20
00
88
C8
A8
98
88
88
88
ENDCHAR
STARTCHAR uni1E45
ENCODING 7749
SWIDTH 625 0
DWIDTH 5 0
BBX 4 7 0 0
BITMAP
40
00
E0
90
90
90
90
ENDCHAR
STARTCHAR uni1E46
ENCODING 7750
SWIDTH 750 0
DWIDTH 6 0
BBX 5 9 0 -2
BITMAP
88
C8
A8
98
88
88
88
00
20
ENDCHAR
STARTCHAR uni1E47
ENCODING 7751
SWIDTH 625 0
DWIDTH 5 0
BBX 4 7 0 -2
BITMAP
E0
90
90
90
90
00
20
ENDCHAR
STARTCHAR uni1E48
ENCODING 7752
SWIDTH 750 0
DWIDTH 6 0
BBX 5 9 0 -2
BITMAP
88
C8
A8
98
88
88
88
00
70
ENDCHAR
STARTCHAR uni1E49
ENCODING 7753
SWIDTH 625 0
DWIDTH 5 0
BBX 4 7 0 -2
BITMAP
E0
90
90
90
90
00
70
ENDCHAR
STARTCHAR uni1E4C
ENCODING 7756
SWIDTH 750 0
DWIDTH 6 0
BBX 5 10 0 0
BITMAP
10
20
28
50
70
88
88
88
88
70
ENDCHAR
STARTCHAR uni1E4D
ENCODING 7757
SWIDTH 625 0
DWIDTH 5 0
BBX 4 10 0 0
BITMAP
20
40
50
A0
00
60
90
90
90
60
ENDCHAR
STARTCHAR uni1E4E
ENCODING 7758
SWIDTH 750 0
DWIDTH 6 0
BBX 5 10 0 0
BITMAP
88
00
28
50
70
88
88
88
88
70
ENDCHAR
STARTCHAR uni1E4F
ENCODING 7759
SWIDTH 625 0
DWIDTH 5 0
BBX 4 10 0 0
BITMAP
90
00
50
A0
00
60
90
90
90
60
ENDCHAR
STARTCHAR uni1E50
ENCODING 7760
SWIDTH 750 0
DWIDTH 6 0
BBX 5 10 0 0
BITMAP
40
20
70
00
70
88
88
88
88
70
ENDCHAR
STARTCHAR uni1E51
ENCODING 7761
SWIDTH 625 0
DWIDTH 5 0
BBX 4 9 0 0
BITMAP
40
20
70
00
60
90
90
90
60
ENDCHAR
STARTCHAR uni1E52
ENCODING 7762
SWIDTH 750 0
DWIDTH 6 0
BBX 5 10 0 0
BITMAP
10
20
70
00
70
88
88
88
88
70
ENDCHAR
STARTCHAR uni1E53
ENCODING 7763
SWIDTH 625 0
DWIDTH 5 0
BBX 4 9 0 0
BITMAP
10
20
70
00
60
90
90
90
60
ENDCHAR
STARTCHAR uni1E56
ENCODING 7766
SWIDTH 750 0
DWIDTH 6 0
BBX 5 9 0 0
BITMAP
20
00
F0
88
88
88
F0
80
80
ENDCHAR
STARTCHAR uni1E57
ENCODING 7767
SWIDTH 625 0
DWIDTH 5 0
BBX 4 8 0 -1
BITMAP
40
00
E0
90
90
90
E0
80
ENDCHAR
STARTCHAR uni1E58
ENCODING 7768
SWIDTH 750 0
DWIDTH 6 0
BBX 5 9 0 0
BITMAP
20
00
F0
88
88
88
F0
90
88
ENDCHAR
STARTCHAR uni1E59
ENCODING 7769
SWIDTH 500 0
DWIDTH 4 0
BBX 3 7 0 0
BITMAP
40
00
60
80
80
80
80
ENDCHAR
STARTCHAR uni1E5A
ENCODING 7770
SWIDTH 750 0
DWIDTH 6 0
BBX 5 9 0 -2
BITMAP
F0
88
88
88
F0
90
88
00
20
ENDCHAR
STARTCHAR uni1E5B
ENCODING 7771
SWIDTH 500 0
DWIDTH 4 0
BBX 3 7 0 -2
BITMAP
60
80
80
80
80
00
40
ENDCHAR
STARTCHAR uni1E5E
ENCODING 7774
SWIDTH 750 0
DWIDTH 6 0
BBX 5 9 0 -2
BITMAP
F0
88
88
88
F0
90
88
00
70
ENDCHAR
STARTCHAR uni1E5F
ENCODING 7775
SWIDTH 500 0
DWIDTH 4 0
BBX 3 7 0 -2
BITMAP
60
80
80
80
80
00
E0
ENDCHAR
STARTCHAR uni1E60
ENCODING 7776
SWIDTH 750 0
DWIDTH 6 0
BBX 5 9 0 0
BITMAP
20
00
78
80
80
70
08
08
F0
ENDCHAR
STARTCHAR uni1E61
ENCODING 7777
SWIDTH 625 0
DWIDTH 5 0
BBX 4 7 0 0
BITMAP
20
00
70
80
60
10
E0
ENDCHAR
STARTCHAR uni1E62
ENCODING 7778
SWIDTH 750 0
DWIDTH 6 0
BBX 5 9 0 -2
BITMAP
78
80
80
70
08
08
F0
00
20
ENDCHAR
STARTCHAR uni1E63
ENCODING 7779
SWIDTH 625 0
DWIDTH 5 0
BBX 4 7 0 -2
BITMAP
70
80
60
10
E0
00
40
ENDCHAR
STARTCHAR uni1E64
ENCODING 7780
SWIDTH 750 0
DWIDTH 6 0
BBX 5 10 0 0
BITMAP
48
10
00
78
80
80
70
08
08
F0
ENDCHAR
STARTCHAR uni1E65
ENCODING 7781
SWIDTH 625 0
DWIDTH 5 0
BBX 4 8 0 0
BITMAP
90
20
00
70
80
60
10
E0
ENDCHAR
STARTCHAR uni1E66
ENCODING 7782
SWIDTH 750 0
DWIDTH 6 0
BBX 5 10 0 0
BITMAP
20
00
50
20
78
80
70
08
08
F0
ENDCHAR
STARTCHAR uni1E67
ENCODING 7783
SWIDTH 625 0
DWIDTH 5 0
BBX 4 10 0 0
BITMAP
20
00
50
20
00
70
80
60
10
E0
ENDCHAR
STARTCHAR uni1E68
ENCODING 7784
SWIDTH 750 0
DWIDTH 6 0
BBX 5 11 0 -2
BITMAP
20
00
78
80
80
70
08
08
F0
00
20
ENDCHAR
STARTCHAR uni1E69
ENCODING 7785
SWIDTH 625 0
DWIDTH 5 0
BBX 4 9 0 -2
BITMAP
20
00
70
80
60
10
E0
00
40
ENDCHAR
STARTCHAR uni1E6A
ENCODING 7786
SWIDTH 750 0
DWIDTH 6 0
BBX 5 9 0 0
BITMAP
20
00
F8
20
20
20
20
20
20
ENDCHAR
STARTCHAR uni1E6B
ENCODING 7787
SWIDTH 375 0
DWIDTH 3 0
BBX 2 8 0 0
BITMAP
80
00
80
C0
80
80
80
40
ENDCHAR
STARTCHAR uni1E6C
ENCODING 7788
SWIDTH 750 0
DWIDTH 6 0
BBX 5 9 0 -2
BITMAP
F8
20
20
20
20
20
20
00
20
ENDCHAR
STARTCHAR uni1E6D
ENCODING 7789
SWIDTH 375 0
DWIDTH 3 0
BBX 2 8 0 -2
BITMAP
80
C0
80
80
80
40
00
40
ENDCHAR
STARTCHAR uni1E6E
ENCODING 7790
SWIDTH 750 0
DWIDTH 6 0
BBX 5 9 0 -2
BITMAP
F8
20
20
20
20
20
20
00
70
ENDCHAR
STARTCHAR uni1E6F
ENCODING 7791
SWIDTH 375 0
DWIDTH 3 0
BBX 2 8 0 -2
BITMAP
80
C0
80
80
80
40
00
C0
ENDCHAR
STARTCHAR uni1E78
ENCODING 7800
SWIDTH 750 0
DWIDTH 6 0
BBX 5 10 0 0
BITMAP
10
20
28
50
88
88
88
88
88
70
ENDCHAR
STARTCHAR uni1E79
ENCODING 7801
SWIDTH 625 0
DWIDTH 5 0
BBX 4 10 0 0
BITMAP
20
40
50
A0
00
90
90
90
90
70
ENDCHAR
STARTCHAR uni1E7A
ENCODING 7802
SWIDTH 750 0
DWIDTH 6 0
BBX 5 10 0 0
BITMAP
88
00
70
00
88
88
88
88
88
70
ENDCHAR
STARTCHAR uni1E7B
ENCODING 7803
SWIDTH 625 0
DWIDTH 5 0
BBX 4 9 0 0
BITMAP
90
00
70
00
90
90
90
90
70
ENDCHAR
STARTCHAR uni1E80
ENCODING 7808
SWIDTH 750 0
DWIDTH 6 0
BBX 5 10 0 0
BITMAP
40
20
00
88
88
A8
A8
A8
A8
50
ENDCHAR
STARTCHAR uni1E81
ENCODING 7809
SWIDTH 750 0
DWIDTH 6 0
BBX 5 8 0 0
BITMAP
40
20
00
88
A8
A8
A8
50
ENDCHAR
STARTCHAR uni1E82
ENCODING 7810
SWIDTH 750 0
DWIDTH 6 0
BBX 5 10 0 0
BITMAP
10
20
00
88
88
A8
A8
A8
A8
50
ENDCHAR
STARTCHAR uni1E83
ENCODING 7811
SWIDTH 750 0
DWIDTH 6 0
BBX 5 8 0 0
BITMAP
10
20
00
88
A8
A8
A8
50
ENDCHAR
STARTCHAR uni1E84
ENCODING 7812
SWIDTH 750 0
DWIDTH 6 0
BBX 5 9 0 0
BITMAP
88
00
88
88
A8
A8
A8
A8
50
ENDCHAR
STARTCHAR uni1E85
ENCODING 7813
SWIDTH 750 0
DWIDTH 6 0
BBX 5 7 0 0
BITMAP
88
00
88
A8
A8
A8
50
ENDCHAR
STARTCHAR uni1E8E
ENCODING 7822
SWIDTH 750 0
DWIDTH 6 0
BBX 5 9 0 0
BITMAP
20
00
88
88
88
50
20
20
20
ENDCHAR
STARTCHAR uni1E8F
ENCODING 7823
SWIDTH 625 0
DWIDTH 5 0
BBX 4 8 0 -1
BITMAP
20
00
90
90
90
70
10
E0
ENDCHAR
STARTCHAR uni1E92
ENCODING 7826
SWIDTH 750 0
DWIDTH 6 0
BBX 5 9 0 -2
BITMAP
F8
08
10
20
40
80
F8
00
20
ENDCHAR
STARTCHAR uni1E93
ENCODING 7827
SWIDTH 625 0
DWIDTH 5 0
BBX 4 7 0 -2
BITMAP
F0
20
40
80
F0
00
20
ENDCHAR
STARTCHAR uni1E97
ENCODING 7831
SWIDTH 375 0
DWIDTH 3 0
BBX 3 8 -1 0
BITMAP
A0
00
40
60
40
40
40
20
ENDCHAR
STARTCHAR uni1E9E
ENCODING 7838
SWIDTH 750 0
DWIDTH 6 0
BBX 5 7 0 0
BITMAP
78
88
90
B0
88
88
B0
ENDCHAR
STARTCHAR uni1EA0
ENCODING 7840
SWIDTH 750 0
DWIDTH 6 0
BBX 5 9 0 -2
BITMAP
70
88
88
88
F8
88
88
00
20
ENDCHAR
STARTCHAR uni1EA1
ENCODING 7841
SWIDTH 625 0
DWIDTH 5 0
BBX 4 7 0 -2
BITMAP
60
10
70
90
70
00
20
ENDCHAR
STARTCHAR uni1EA2
ENCODING 7842
SWIDTH 750 0
DWIDTH 6 0
BBX 5 10 0 0
BITMAP
60
10
20
70
88
88
88
F8
88
88
ENDCHAR
STARTCHAR uni1EA3
ENCODING 7843
SWIDTH 625 0
DWIDTH 5 0
BBX 4 9 0 0
BITMAP
60
10
20
00
60
10
70
90
70
ENDCHAR
STARTCHAR uni1EA4
ENCODING 7844
SWIDTH 750 0
DWIDTH 6 0
BBX 5 10 0 0
BITMAP
10
20
50
70
88
88
88
F8
88
88
ENDCHAR
STARTCHAR uni1EA5
ENCODING 7845
SWIDTH 625 0
DWIDTH 5 0
BBX 4 9 0 0
BITMAP
10
20
50
00
60
10
70
90
70
ENDCHAR
STARTCHAR uni1EA6
ENCODING 7846
SWIDTH 750 0
DWIDTH 6 0
BBX 5 10 0 0
BITMAP
40
20
50
70
88
88
88
F8
88
88
ENDCHAR
STARTCHAR uni1EA7
ENCODING 7847
SWIDTH 625 0
DWIDTH 5 0
BBX 4 9 0 0
BITMAP
40
20
50
00
60
10
70
90
70
ENDCHAR
STARTCHAR uni1EA8
ENCODING 7848
SWIDTH 750 0
DWIDTH 6 0
BBX 5 10 0 0
BITMAP
60
10
20
50
70
88
88
F8
88
88
ENDCHAR
STARTCHAR uni1EA9
ENCODING 7849
SWIDTH 625 0
DWIDTH 5 0
BBX 4 10 0 0
BITMAP
60
10
20
50
00
60
10
70
90
70
ENDCHAR
STARTCHAR uni1EAA
ENCODING 7850
SWIDTH 750 0
DWIDTH 6 0
BBX 5 10 0 0
BITMAP
50
A0
20
50
70
88
88
F8
88
88
ENDCHAR
STARTCHAR uni1EAB
ENCODING 7851
SWIDTH 625 0
DWIDTH 5 0
BBX 4 10 0 0
BITMAP
50
A0
20
50
00
60
10
70
90
70
ENDCHAR
STARTCHAR uni1EAC
ENCODING 7852
SWIDTH 750 0
DWIDTH 6 0
BBX 5 12 0 -2
BITMAP
20
50
00
70
88
88
88
F8
88
88
00
20
ENDCHAR
STARTCHAR uni1EAD
ENCODING 7853
SWIDTH 625 0
DWIDTH 5 0
BBX 4 10 0 -2
BITMAP
20
50
00
60
10
70
90
70
00
20
ENDCHAR
STARTCHAR uni1EAE
ENCODING 7854
SWIDTH 750 0
DWIDTH 6 0
BBX 5 10 0 0
BITMAP
10
20
88
70
70
88
88
F8
88
88
ENDCHAR
STARTCHAR uni1EAF
ENCODING 7855
SWIDTH 625 0
DWIDTH 5 0
BBX 4 10 0 0
BITMAP
20
40
90
60
00
60
10
70
90
70
ENDCHAR
STARTCHAR uni1EB0
ENCODING 7856
SWIDTH 750 0
DWIDTH 6 0
BBX 5 10 0 0
BITMAP
40
20
88
70
70
88
88
F8
88
88
ENDCHAR
STARTCHAR uni1EB1
ENCODING 7857
SWIDTH 625 0
DWIDTH 5 0
BBX 4 10 0 0
BITMAP
40
20
90
60
00
60
10
70
90
70
ENDCHAR
STARTCHAR uni1EB2
ENCODING 7858
SWIDTH 750 0
DWIDTH 6 0
BBX 5 10 0 0
BITMAP
60
10
A8
70
70
88
88
F8
88
88
ENDCHAR
STARTCHAR uni1EB3
ENCODING 7859
SWIDTH 625 0
DWIDTH 5 0
BBX 4 10 0 0
BITMAP
60
10
B0
60
00
60
10
70
90
70
ENDCHAR
STARTCHAR uni1EB4
ENCODING 7860
SWIDTH 750 0
DWIDTH 6 0
BBX 5 10 0 0
BITMAP
28
50
88
70
70
88
88
F8
88
88
ENDCHAR
STARTCHAR uni1EB5
ENCODING 7861
SWIDTH 625 0
DWIDTH 5 0
BBX 4 10 0 0
BITMAP
50
A0
90
60
00
60
10
70
90
70
ENDCHAR
STARTCHAR uni1EB6
ENCODING 7862
SWIDTH 750 0
DWIDTH 6 0
BBX 5 12 0 -2
BITMAP
88
70
00
70
88
88
88
F8
88
88
00
20
ENDCHAR
STARTCHAR uni1EB7
ENCODING 7863
SWIDTH 625 0
DWIDTH 5 0
BBX 4 10 0 -2
BITMAP
90
60
00
60
10
70
90
70
00
20
ENDCHAR
STARTCHAR uni1EB8
ENCODING 7864
SWIDTH 750 0
DWIDTH 6 0
BBX 5 9 0 -2
BITMAP
F8
80
80
F0
80
80
F8
00
20
ENDCHAR
STARTCHAR uni1EB9
ENCODING 7865
SWIDTH 625 0
DWIDTH 5 0
BBX 4 7 0 -2
BITMAP
60
90
F0
80
70
00
20
ENDCHAR
STARTCHAR uni1EBA
ENCODING 7866
SWIDTH 750 0
DWIDTH 6 0
BBX 5 10 0 0
BITMAP
60
10
20
F8
80
80
F0
80
80
F8
ENDCHAR
STARTCHAR uni1EBB
ENCODING 7867
SWIDTH 625 0
DWIDTH 5 0
BBX 4 9 0 0
BITMAP
60
10
20
00
60
90
F0
80
70
ENDCHAR
STARTCHAR uni1EBC
ENCODING 7868
SWIDTH 750 0
DWIDTH 6 0
BBX 5 10 0 0
BITMAP
28
50
00
F8
80
80
F0
80
80
F8
ENDCHAR
STARTCHAR uni1EBD
ENCODING 7869
SWIDTH 625 0
DWIDTH 5 0
BBX 4 8 0 0
BITMAP
50
A0
00
60
90
F0
80
70
ENDCHAR
STARTCHAR uni1EBE
ENCODING 7870
SWIDTH 750 0
DWIDTH 6 0
BBX 5 10 0 0
BITMAP
10
20
50
F8
80
80
F0
80
80
F8
ENDCHAR
STARTCHAR uni1EBF
ENCODING 7871
SWIDTH 625 0
DWIDTH 5 0
BBX 4 9 0 0
BITMAP
10
20
50
00
60
90
F0
80
70
ENDCHAR
STARTCHAR uni1EC0
ENCODING 7872
SWIDTH 750 0
DWIDTH 6 0
BBX 5 10 0 0
BITMAP
40
20
50
F8
80
80
F0
80
80
F8
ENDCHAR
STARTCHAR uni1EC1
ENCODING 7873
SWIDTH 625 0
DWIDTH 5 0
BBX 4 9 0 0
BITMAP
40
20
50
00
60
90
F0
80
70
ENDCHAR
STARTCHAR uni1EC2
ENCODING 7874
SWIDTH 750 0
DWIDTH 6 0
BBX 5 10 0 0
BITMAP
60
10
20
50
F8
80
F0
80
80
F8
ENDCHAR
STARTCHAR uni1EC3
ENCODING 7875
SWIDTH 625 0
DWIDTH 5 0
BBX 4 10 0 0
BITMAP
60
10
20
50
00
60
90
F0
80
70
ENDCHAR
STARTCHAR uni1EC4
ENCODING 7876
SWIDTH 750 0
DWIDTH 6 0
BBX 5 10 0 0
BITMAP
50
A0
20
50
F8
80
F0
80
80
F8
ENDCHAR
STARTCHAR uni1EC5
ENCODING 7877
SWIDTH 625 0
DWIDTH 5 0
BBX 4 10 0 0
BITMAP
50
A0
20
50
00
60
90
F0
80
70
ENDCHAR
STARTCHAR uni1EC6
ENCODING 7878
SWIDTH 750 0
DWIDTH 6 0
BBX 5 12 0 -2
BITMAP
20
50
00
F8
80
80
F0
80
80
F8
00
20
ENDCHAR
STARTCHAR uni1EC7
ENCODING 7879
SWIDTH 625 0
DWIDTH 5 0
BBX 4 10 0 -2
BITMAP
20
50
00
60
90
F0
80
70
00
20
ENDCHAR
STARTCHAR uni1EC8
ENCODING 7880
SWIDTH 500 0
DWIDTH 4 0
BBX 3 10 0 0
BITMAP
C0
20
40
E0
40
40
40
40
40
E0
ENDCHAR
STARTCHAR uni1EC9
ENCODING 7881
SWIDTH 250 0
DWIDTH 2 0
BBX 3 9 -1 0
BITMAP
C0
20
40
00
40
40
40
40
40
ENDCHAR
STARTCHAR uni1ECA
ENCODING 7882
SWIDTH 500 0
DWIDTH 4 0
BBX 3 9 0 -2
BITMAP
E0
40
40
40
40
40
E0
00
40
ENDCHAR
STARTCHAR uni1ECB
ENCODING 7883
SWIDTH 250 0
DWIDTH 2 0
BBX 1 9 0 -2
BITMAP
80
00
80
80
80
80
80
00
80
ENDCHAR
STARTCHAR uni1ECC
ENCODING 7884
SWIDTH 750 0
DWIDTH 6 0
BBX 5 9 0 -2
BITMAP
70
88
88
88
88
88
70
00
20
ENDCHAR
STARTCHAR uni1ECD
ENCODING 7885
SWIDTH 625 0
DWIDTH 5 0
BBX 4 7 0 -2
BITMAP
60
90
90
90
60
00
20
ENDCHAR
STARTCHAR uni1ECE
ENCODING 7886
SWIDTH 750 0
DWIDTH 6 0
BBX 5 10 0 0
BITMAP
60
10
20
70
88
88
88
88
88
70
ENDCHAR
STARTCHAR uni1ECF
ENCODING 7887
SWIDTH 625 0
DWIDTH 5 0
BBX 4 9 0 0
BITMAP
60
10
20
00
60
90
90
90
60
ENDCHAR
STARTCHAR uni1ED0
ENCODING 7888
SWIDTH 750 0
DWIDTH 6 0
BBX 5 10 0 0
BITMAP
10
20
50
70
88
88
88
88
88
70
ENDCHAR
STARTCHAR uni1ED1
ENCODING 7889
SWIDTH 625 0
DWIDTH 5 0
BBX 4 9 0 0
BITMAP
10
20
50
00
60
90
90
90
60
ENDCHAR
STARTCHAR uni1ED2
ENCODING 7890
SWIDTH 750 0
DWIDTH 6 0
BBX 5 10 0 0
BITMAP
40
20
50
70
88
88
88
88
88
70
ENDCHAR
STARTCHAR uni1ED3
ENCODING 7891
SWIDTH 625 0
DWIDTH 5 0
BBX 4 9 0 0
BITMAP
40
20
50
00
60
90
90
90
60
ENDCHAR
STARTCHAR uni1ED4
ENCODING 7892
SWIDTH 750 0
DWIDTH 6 0
BBX 5 10 0 0
BITMAP
60
10
20
50
70
88
88
88
88
70
ENDCHAR
STARTCHAR uni1ED5
ENCODING 7893
SWIDTH 625 0
DWIDTH 5 0
BBX 4 10 0 0
BITMAP
60
10
20
50
00
60
90
90
90
60
ENDCHAR
STARTCHAR uni1ED6
ENCODING 7894
SWIDTH 750 0
DWIDTH 6 0
BBX 5 10 0 0
BITMAP
50
A0
20
50
70
88
88
88
88
70
ENDCHAR
STARTCHAR uni1ED7
ENCODING 7895
SWIDTH 625 0
DWIDTH 5 0
BBX 4 10 0 0
BITMAP
50
A0
20
50
00
60
90
90
90
60
ENDCHAR
STARTCHAR uni1ED8
ENCODING 7896
SWIDTH 750 0
DWIDTH 6 0
BBX 5 12 0 -2
BITMAP
20
50
00
70
88
88
88
88
88
70
00
20
ENDCHAR
STARTCHAR uni1ED9
ENCODING 7897
SWIDTH 625 0
DWIDTH 5 0
BBX 4 10 0 -2
BITMAP
20
50
00
60
90
90
90
60
00
20
ENDCHAR
STARTCHAR uni1EDA
ENCODING 7898
SWIDTH 875 0
DWIDTH 7 0
BBX 6 10 0 0
BITMAP
10
20
04
74
88
88
88
88
88
70
ENDCHAR
STARTCHAR uni1EDB
ENCODING 7899
SWIDTH 750 0
DWIDTH 6 0
BBX 5 8 0 0
BITMAP
20
40
08
68
90
90
90
60
ENDCHAR
STARTCHAR uni1EDC
ENCODING 7900
SWIDTH 875 0
DWIDTH 7 0
BBX 6 10 0 0
BITMAP
40
20
04
74
88
88
88
88
88
70
ENDCHAR
STARTCHAR uni1EDD
ENCODING 7901
SWIDTH 750 0
DWIDTH 6 0
BBX 5 8 0 0
BITMAP
40
20
08
68
90
90
90
60
ENDCHAR
STARTCHAR uni1EDE
ENCODING 7902
SWIDTH 875 0
DWIDTH 7 0
BBX 6 10 0 0
BITMAP
60
10
24
74
88
88
88
88
88
70
ENDCHAR
STARTCHAR uni1EDF
ENCODING 7903
SWIDTH 750 0
DWIDTH 6 0
BBX 5 9 0 0
BITMAP
60
10
20
08
68
90
90
90
60
ENDCHAR
STARTCHAR uni1EE0
ENCODING 7904
SWIDTH 875 0
DWIDTH 7 0
BBX 6 10 0 0
BITMAP
28
50
04
74
88
88
88
88
88
70
ENDCHAR
STARTCHAR uni1EE1
ENCODING 7905
SWIDTH 750 0
DWIDTH 6 0
BBX 5 8 0 0
BITMAP
50
A0
08
68
90
90
90
60
ENDCHAR
STARTCHAR uni1EE2
ENCODING 7906
SWIDTH 875 0
DWIDTH 7 0
BBX 6 10 0 -2
BITMAP
04
74
88
88
88
88
88
70
00
20
ENDCHAR
STARTCHAR uni1EE3
ENCODING 7907
SWIDTH 750 0
DWIDTH 6 0
BBX 5 8 0 -2
BITMAP
08
68
90
90
90
60
00
20
ENDCHAR
STARTCHAR uni1EE4
ENCODING 7908
SWIDTH 750 0
DWIDTH 6 0
BBX 5 9 0 -2
BITMAP
88
88
88
88
88
88
70
00
20
ENDCHAR
STARTCHAR uni1EE5
ENCODING 7909
SWIDTH 625 0
DWIDTH 5 0
BBX 4 7 0 -2
BITMAP
90
90
90
90
70
00
20
ENDCHAR
STARTCHAR uni1EE6
ENCODING 7910
SWIDTH 750 0
DWIDTH 6 0
BBX 5 10 0 0
BITMAP
60
10
20
88
88
88
88
88
88
70
ENDCHAR
STARTCHAR uni1EE7
ENCODING 7911
SWIDTH 625 0
DWIDTH 5 0
BBX 4 9 0 0
BITMAP
60
10
20
00
90
90
90
90
70
ENDCHAR
STARTCHAR uni1EE8
ENCODING 7912
SWIDTH 875 0
DWIDTH 7 0
BBX 6 10 0 0
BITMAP
10
20
04
8C
88
88
88
88
88
70
ENDCHAR
STARTCHAR uni1EE9
ENCODING 7913
SWIDTH 750 0
DWIDTH 6 0
BBX 5 8 0 0
BITMAP
20
40
08
98
90
90
90
70
ENDCHAR
STARTCHAR uni1EEA
ENCODING 7914
SWIDTH 875 0
DWIDTH 7 0
BBX 6 10 0 0
BITMAP
40
20
04
8C
88
88
88
88
88
70
ENDCHAR
STARTCHAR uni1EEB
ENCODING 7915
SWIDTH 750 0
DWIDTH 6 0
BBX 5 8 0 0
BITMAP
40
20
08
98
90
90
90
70
ENDCHAR
STARTCHAR uni1EEC
ENCODING 7916
SWIDTH 875 0
DWIDTH 7 0
BBX 6 10 0 0
BITMAP
60
10
24
8C
88
88
88
88
88
70
ENDCHAR
STARTCHAR uni1EED
ENCODING 7917
SWIDTH 750 0
DWIDTH 6 0
BBX 5 9 0 0
BITMAP
60
10
20
08
98
90
90
90
70
ENDCHAR
STARTCHAR uni1EEE
ENCODING 7918
SWIDTH 875 0
DWIDTH 7 0
BBX 6 10 0 0
BITMAP
28
50
04
8C
88
88
88
88
88
70
ENDCHAR
STARTCHAR uni1EEF
ENCODING 7919
SWIDTH 750 0
DWIDTH 6 0
BBX 5 8 0 0
BITMAP
50
A0
08
98
90
90
90
70
ENDCHAR
STARTCHAR uni1EF0
ENCODING 7920
SWIDTH 875 0
DWIDTH 7 0
BBX 6 10 0 -2
BITMAP
04
8C
88
88
88
88
88
70
00
20
ENDCHAR
STARTCHAR uni1EF1
ENCODING 7921
SWIDTH 750 0
DWIDTH 6 0
BBX 5 8 0 -2
BITMAP
08
98
90
90
90
70
00
20
ENDCHAR
STARTCHAR uni1EF2
ENCODING 7922
SWIDTH 750 0
DWIDTH 6 0
BBX 5 10 0 0
BITMAP
40
20
00
88
88
88
50
20
20
20
ENDCHAR
STARTCHAR uni1EF3
ENCODING 7923
SWIDTH 625 0
DWIDTH 5 0
BBX 4 9 0 -1
BITMAP
40
20
00
90
90
90
70
10
E0
ENDCHAR
STARTCHAR uni1EF4
ENCODING 7924
SWIDTH 750 0
DWIDTH 6 0
BBX 5 9 0 -2
BITMAP
88
88
88
50
20
20
20
00
20
ENDCHAR
STARTCHAR uni1EF5
ENCODING 7925
SWIDTH 625 0
DWIDTH 5 0
BBX 4 7 0 -2
BITMAP
90
90
90
70
10
E0
10
ENDCHAR
STARTCHAR uni1EF6
ENCODING 7926
SWIDTH 750 0
DWIDTH 6 0
BBX 5 10 0 0
BITMAP
60
10
20
88
88
88
50
20
20
20
ENDCHAR
STARTCHAR uni1EF7
ENCODING 7927
SWIDTH 625 0
DWIDTH 5 0
BBX 4 10 0 -1
BITMAP
60
10
20
00
90
90
90
70
10
E0
ENDCHAR
STARTCHAR uni1EF8
ENCODING 7928
SWIDTH 750 0
DWIDTH 6 0
BBX 5 10 0 0
BITMAP
28
50
00
88
88
88
50
20
20
20
ENDCHAR
STARTCHAR uni1EF9
ENCODING 7929
SWIDTH 625 0
DWIDTH 5 0
BBX 4 9 0 -1
BITMAP
50
A0
00
90
90
90
70
10
E0
ENDCHAR
STARTCHAR uni2007
ENCODING 8199
SWIDTH 750 0
DWIDTH 6 0
BBX 0 0 0 0
BITMAP
ENDCHAR
STARTCHAR uni2008
ENCODING 8200
SWIDTH 250 0
DWIDTH 2 0
BBX 0 0 0 0
BITMAP
ENDCHAR
STARTCHAR uni2009
ENCODING 8201
SWIDTH 250 0
DWIDTH 2 0
BBX 0 0 0 0
BITMAP
ENDCHAR
STARTCHAR uni200A
ENCODING 8202
SWIDTH 125 0
DWIDTH 1 0
BBX 0 0 0 0
BITMAP
ENDCHAR
STARTCHAR uni200B
ENCODING 8203
SWIDTH 0 0
DWIDTH 0 0
BBX 0 0 0 0
BITMAP
ENDCHAR
STARTCHAR uni2010
ENCODING 8208
SWIDTH 500 0
DWIDTH 4 0
BBX 3 1 0 3
BITMAP
E0
ENDCHAR
STARTCHAR uni2011
ENCODING 8209
SWIDTH 500 0
DWIDTH 4 0
BBX 3 1 0 3
BITMAP
E0
ENDCHAR
STARTCHAR uni2012
ENCODING 8210
SWIDTH 750 0
DWIDTH 6 0
BBX 5 1 0 3
BITMAP
F8
ENDCHAR
STARTCHAR uni2013
ENCODING 8211
SWIDTH 750 0
DWIDTH 6 0
BBX 5 1 0 3
BITMAP
F8
ENDCHAR
STARTCHAR uni2014
ENCODING 8212
SWIDTH 1000 0
DWIDTH 8 0
BBX 7 1 0 3
BITMAP
FE
ENDCHAR
STARTCHAR uni2015
ENCODING 8213
SWIDTH 1000 0
DWIDTH 8 0
BBX 7 1 0 3
BITMAP
FE
ENDCHAR
STARTCHAR uni2018
ENCODING 8216
SWIDTH 375 0
DWIDTH 3 0
BBX 2 3 0 4
BITMAP
40
80
80
ENDCHAR
STARTCHAR uni2019
ENCODING 8217
SWIDTH 375 0
DWIDTH 3 0
BBX 2 3 0 4
BITMAP
40
40
80
ENDCHAR
STARTCHAR uni201A
ENCODING 8218
SWIDTH 375 0
DWIDTH 3 0
BBX 2 3 0 -1
BITMAP
40
40
80
ENDCHAR
STARTCHAR uni201C
ENCODING 8220
SWIDTH 625 0
DWIDTH 5 0
BBX 4 3 0 4
BITMAP
50
A0
A0
ENDCHAR
STARTCHAR uni201D
ENCODING 8221
SWIDTH 625 0
DWIDTH 5 0
BBX 4 3 0 4
BITMAP
50
50
A0
ENDCHAR
STARTCHAR uni201E
ENCODING 8222
SWIDTH 625 0
DWIDTH 5 0
BBX 4 3 0 -1
BITMAP
50
50
A0
ENDCHAR
STARTCHAR uni2020
ENCODING 8224
SWIDTH 750 0
DWIDTH 6 0
BBX 5 7 0 0
BITMAP
20
20
F8
20
20
20
20
ENDCHAR
STARTCHAR uni2021
ENCODING 8225
SWIDTH 750 0
DWIDTH 6 0
BBX 5 7 0 0
BITMAP
20
F8
20
20
20
F8
20
ENDCHAR
STARTCHAR uni2022
ENCODING 8226
SWIDTH 500 0
DWIDTH 4 0
BBX 3 3 0 2
BITMAP
E0
E0
E0
ENDCHAR
STARTCHAR uni2023
ENCODING 8227
SWIDTH 500 0
DWIDTH 4 0
BBX 3 3 0 2
BITMAP
C0
E0
C0
ENDCHAR
STARTCHAR uni2024
ENCODING 8228
SWIDTH 250 0
DWIDTH 2 0
BBX 1 1 0 0
BITMAP
80
ENDCHAR
STARTCHAR uni2025
ENCODING 8229
SWIDTH 625 0
DWIDTH 5 0
BBX 4 1 0 0
BITMAP
90
ENDCHAR
STARTCHAR uni2026
ENCODING 8230
SWIDTH 1000 0
DWIDTH 8 0
BBX 7 1 0 0
BITMAP
92
ENDCHAR
STARTCHAR uni2030
ENCODING 8240
SWIDTH 1000 0
DWIDTH 8 0
BBX 7 7 0 0
BITMAP
D0
90
20
20
20
4A
5E
ENDCHAR
STARTCHAR uni2031
ENCODING 8241
SWIDTH 1000 0
DWIDTH 8 0
BBX 7 7 0 0
BITMAP
E0
A0
20
40
40
AA
BE
ENDCHAR
STARTCHAR uni2032
ENCODING 8242
SWIDTH 375 0
DWIDTH 3 0
BBX 2 3 0 4
BITMAP
40
40
80
ENDCHAR
STARTCHAR uni2033
ENCODING 8243
SWIDTH 625 0
DWIDTH 5 0
BBX 4 3 0 4
BITMAP
50
50
A0
ENDCHAR
STARTCHAR uni2034
ENCODING 8244
SWIDTH 875 0
DWIDTH 7 0
BBX 6 3 0 4
BITMAP
54
54
A8
ENDCHAR
STARTCHAR uni2035
ENCODING 8245
SWIDTH 375 0
DWIDTH 3 0
BBX 2 3 0 4
BITMAP
80
80
40
ENDCHAR
STARTCHAR uni2036
ENCODING 8246
SWIDTH 625 0
DWIDTH 5 0
BBX 4 3 0 4
BITMAP
A0
A0
50
ENDCHAR
STARTCHAR uni2037
ENCODING 8247
SWIDTH 875 0
DWIDTH 7 0
BBX 6 3 0 4
BITMAP
A8
A8
54
ENDCHAR
STARTCHAR uni2039
ENCODING 8249
SWIDTH 500 0
DWIDTH 4 0
BBX 3 5 0 1
BITMAP
20
40
80
40
20
ENDCHAR
STARTCHAR uni203A
ENCODING 8250
SWIDTH 500 0
DWIDTH 4 0
BBX 3 5 0 1
BITMAP
80
40
20
40
80
ENDCHAR
STARTCHAR uni203B
ENCODING 8251
SWIDTH 1000 0
DWIDTH 8 0
BBX 7 7 0 0
BITMAP
92
44
28
92
28
44
92
ENDCHAR
STARTCHAR uni203E
ENCODING 8254
SWIDTH 500 0
DWIDTH 4 0
BBX 3 1 0 7
BITMAP
E0
ENDCHAR
STARTCHAR uni2044
ENCODING 8260
SWIDTH 500 0
DWIDTH 4 0
BBX 3 7 0 0
BITMAP
20
20
40
40
40
80
80
ENDCHAR
STARTCHAR uni204A
ENCODING 8266
SWIDTH 625 0
DWIDTH 5 0
BBX 4 6 0 -1
BITMAP
F0
10
10
20
20
40
ENDCHAR
STARTCHAR uni2052
ENCODING 8274
SWIDTH 500 0
DWIDTH 4 0
BBX 3 7 0 0
BITMAP
A0
20
40
40
40
80
A0
ENDCHAR
STARTCHAR uni2070
ENCODING 8304
SWIDTH 625 0
DWIDTH 5 0
BBX 4 5 0 3
BITMAP
60
90
90
90
60
ENDCHAR
STARTCHAR uni2074
ENCODING 8308
SWIDTH 625 0
DWIDTH 5 0
BBX 4 5 0 3
BITMAP
30
50
90
F0
10
ENDCHAR
STARTCHAR uni2075
ENCODING 8309
SWIDTH 625 0
DWIDTH 5 0
BBX 4 5 0 3
BITMAP
F0
80
E0
10
E0
ENDCHAR
STARTCHAR uni2076
ENCODING 8310
SWIDTH 625 0
DWIDTH 5 0
BBX 4 5 0 3
BITMAP
60
80
E0
90
60
ENDCHAR
STARTCHAR uni2077
ENCODING 8311
SWIDTH 625 0
DWIDTH 5 0
BBX 4 5 0 3
BITMAP
F0
10
20
40
40
ENDCHAR
STARTCHAR uni2078
ENCODING 8312
SWIDTH 625 0
DWIDTH 5 0
BBX 4 5 0 3
BITMAP
60
90
60
90
60
ENDCHAR
STARTCHAR uni2079
ENCODING 8313
SWIDTH 625 0
DWIDTH 5 0
BBX 4 5 0 3
BITMAP
60
90
70
10
60
ENDCHAR
STARTCHAR uni207A
ENCODING 8314
SWIDTH 500 0
DWIDTH 4 0
BBX 3 3 0 4
BITMAP
40
E0
40
ENDCHAR
STARTCHAR uni207B
ENCODING 8315
SWIDTH 500 0
DWIDTH 4 0
BBX 3 1 0 5
BITMAP
E0
ENDCHAR
STARTCHAR uni207C
ENCODING 8316
SWIDTH 500 0
DWIDTH 4 0
BBX 3 3 0 4
BITMAP
E0
00
E0
ENDCHAR
STARTCHAR uni207F
ENCODING 8319
SWIDTH 625 0
DWIDTH 5 0
BBX 4 4 0 3
BITMAP
E0
90
90
90
ENDCHAR
STARTCHAR uni2080
ENCODING 8320
SWIDTH 625 0
DWIDTH 5 0
BBX 4 5 0 -1
BITMAP
60
90
90
90
60
ENDCHAR
STARTCHAR uni2081
ENCODING 8321
SWIDTH 500 0
DWIDTH 4 0
BBX 3 5 0 -1
BITMAP
C0
40
40
40
E0
ENDCHAR
STARTCHAR uni2082
ENCODING 8322
SWIDTH 625 0
DWIDTH 5 0
BBX 4 5 0 -1
BITMAP
E0
10
60
80
F0
ENDCHAR
STARTCHAR uni2083
ENCODING 8323
SWIDTH 625 0
DWIDTH 5 0
BBX 4 5 0 -1
BITMAP
F0
10
60
10
E0
ENDCHAR
STARTCHAR uni2084
ENCODING 8324
SWIDTH 625 0
DWIDTH 5 0
BBX 4 5 0 -1
BITMAP
30
50
90
F0
10
ENDCHAR
STARTCHAR uni2085
ENCODING 8325
SWIDTH 625 0
DWIDTH 5 0
BBX 4 5 0 -1
BITMAP
F0
80
E0
10
E0
ENDCHAR
STARTCHAR uni2086
ENCODING 8326
SWIDTH 625 0
DWIDTH 5 0
BBX 4 5 0 -1
BITMAP
60
80
E0
90
60
ENDCHAR
STARTCHAR uni2087
ENCODING 8327
SWIDTH 625 0
DWIDTH 5 0
BBX 4 5 0 -1
BITMAP
F0
10
20
40
40
ENDCHAR
STARTCHAR uni2088
ENCODING 8328
SWIDTH 625 0
DWIDTH 5 0
BBX 4 5 0 -1
BITMAP
60
90
60
90
60
ENDCHAR
STARTCHAR uni2089
ENCODING 8329
SWIDTH 625 0
DWIDTH 5 0
BBX 4 5 0 -1
BITMAP
60
90
70
10
60
ENDCHAR
STARTCHAR uni208A
ENCODING 8330
SWIDTH 500 0
DWIDTH 4 0
BBX 3 3 0 0
BITMAP
40
E0
40
ENDCHAR
STARTCHAR uni208B
ENCODING 8331
SWIDTH 500 0
DWIDTH 4 0
BBX 3 1 0 1
BITMAP
E0
ENDCHAR
STARTCHAR uni208C
ENCODING 8332
SWIDTH 500 0
DWIDTH 4 0
BBX 3 3 0 0
BITMAP
E0
00
E0
ENDCHAR
STARTCHAR uni20A0
ENCODING 8352
SWIDTH 1000 0
DWIDTH 8 0
BBX 7 7 0 0
BITMAP
70
80
9E
90
7C
10
1E
ENDCHAR
STARTCHAR uni20A1
ENCODING 8353
SWIDTH 750 0
DWIDTH 6 0
BBX 5 7 0 0
BITMAP
50
78
80
80
80
78
50
ENDCHAR
STARTCHAR uni20A2
ENCODING 8354
SWIDTH 750 0
DWIDTH 6 0
BBX 5 7 0 0
BITMAP
78
80
98
A0
A0
A0
78
ENDCHAR
STARTCHAR uni20A3
ENCODING 8355
SWIDTH 875 0
DWIDTH 7 0
BBX 6 7 0 0
BITMAP
7C
40
40
78
40
F0
40
ENDCHAR
STARTCHAR uni20A4
ENCODING 8356
SWIDTH 750 0
DWIDTH 6 0
BBX 5 7 0 0
BITMAP
38
40
F0
40
F0
40
F8
ENDCHAR
STARTCHAR uni20A5
ENCODING 8357
SWIDTH 750 0
DWIDTH 6 0
BBX 5 7 0 -1
BITMAP
10
D0
A8
A8
A8
C8
40
ENDCHAR
STARTCHAR uni20A6
ENCODING 8358
SWIDTH 875 0
DWIDTH 7 0
BBX 6 7 0 0
BITMAP
48
48
EC
58
CC
48
48
ENDCHAR
STARTCHAR uni20A7
ENCODING 8359
SWIDTH 1000 0
DWIDTH 8 0
BBX 7 7 0 0
BITMAP
C0
B0
BA
B4
D2
92
8C
ENDCHAR
STARTCHAR uni20A8
ENCODING 8360
SWIDTH 1000 0
DWIDTH 8 0
BBX 7 7 0 0
BITMAP
E0
90
96
98
E4
A2
9C
ENDCHAR
STARTCHAR uni20A9
ENCODING 8361
SWIDTH 1000 0
DWIDTH 8 0
BBX 7 7 0 0
BITMAP
44
44
D6
54
D6
54
28
ENDCHAR
STARTCHAR uni20AA
ENCODING 8362
SWIDTH 1000 0
DWIDTH 8 0
BBX 7 5 0 0
BITMAP
F2
8A
AA
A2
BC
ENDCHAR
STARTCHAR uni20AB
ENCODING 8363
SWIDTH 750 0
DWIDTH 6 0
BBX 5 8 0 -1
BITMAP
10
78
10
70
90
70
00
F8
ENDCHAR
STARTCHAR uni20AC
ENCODING 8364
SWIDTH 750 0
DWIDTH 6 0
BBX 5 7 0 0
BITMAP
38
40
F0
40
F0
40
38
ENDCHAR
STARTCHAR uni20AD
ENCODING 8365
SWIDTH 875 0
DWIDTH 7 0
BBX 6 7 0 0
BITMAP
44
48
50
FC
48
44
44
ENDCHAR
STARTCHAR uni20AE
ENCODING 8366
SWIDTH 750 0
DWIDTH 6 0
BBX 5 7 0 0
BITMAP
F8
20
30
60
30
60
20
ENDCHAR
STARTCHAR uni20AF
ENCODING 8367
SWIDTH 1000 0
DWIDTH 8 0
BBX 7 9 0 -2
BITMAP
E0
10
96
9A
9A
AA
CC
08
08
ENDCHAR
STARTCHAR uni20B0
ENCODING 8368
SWIDTH 750 0
DWIDTH 6 0
BBX 5 8 0 -1
BITMAP
10
28
28
10
50
A8
08
30
ENDCHAR
STARTCHAR uni20B1
ENCODING 8369
SWIDTH 875 0
DWIDTH 7 0
BBX 6 7 0 0
BITMAP
70
CC
48
CC
70
40
40
ENDCHAR
STARTCHAR uni20B2
ENCODING 8370
SWIDTH 750 0
DWIDTH 6 0
BBX 5 7 0 0
BITMAP
20
78
80
98
88
70
20
ENDCHAR
STARTCHAR uni20B3
ENCODING 8371
SWIDTH 875 0
DWIDTH 7 0
BBX 6 7 0 0
BITMAP
30
48
CC
48
FC
48
48
ENDCHAR
STARTCHAR uni20B4
ENCODING 8372
SWIDTH 875 0
DWIDTH 7 0
BBX 6 7 0 0
BITMAP
70
08
FC
10
FC
40
38
ENDCHAR
STARTCHAR uni20B5
ENCODING 8373
SWIDTH 750 0
DWIDTH 6 0
BBX 5 7 0 0
BITMAP
20
78
80
80
80
78
20
ENDCHAR
STARTCHAR uni20B6
ENCODING 8374
SWIDTH 750 0
DWIDTH 6 0
BBX 5 7 0 0
BITMAP
40
50
F8
50
50
50
48
ENDCHAR
STARTCHAR uni20B7
ENCODING 8375
SWIDTH 1000 0
DWIDTH 8 0
BBX 7 7 0 0
BITMAP
1E
20
1C
C2
B2
AC
A8
ENDCHAR
STARTCHAR uni20B8
ENCODING 8376
SWIDTH 750 0
DWIDTH 6 0
BBX 5 7 0 0
BITMAP
F8
00
F8
20
20
20
20
ENDCHAR
STARTCHAR uni20B9
ENCODING 8377
SWIDTH 750 0
DWIDTH 6 0
BBX 5 7 0 0
BITMAP
F8
10
F8
20
40
20
10
ENDCHAR
STARTCHAR uni20BA
ENCODING 8378
SWIDTH 875 0
DWIDTH 7 0
BBX 6 7 0 0
BITMAP
40
F0
40
F4
44
48
70
ENDCHAR
STARTCHAR uni20BB
ENCODING 8379
SWIDTH 1000 0
DWIDTH 8 0
BBX 7 7 0 0
BITMAP
60
A0
FE
2A
74
20
1E
ENDCHAR
STARTCHAR uni20BC
ENCODING 8380
SWIDTH 750 0
DWIDTH 6 0
BBX 5 7 0 0
BITMAP
20
20
70
A8
A8
A8
A8
ENDCHAR
STARTCHAR uni20BD
ENCODING 8381
SWIDTH 875 0
DWIDTH 7 0
BBX 6 7 0 0
BITMAP
78
44
44
78
40
F0
40
ENDCHAR
STARTCHAR uni20BE
ENCODING 8382
SWIDTH 1000 0
DWIDTH 8 0
BBX 7 7 0 0
BITMAP
28
7C
AA
AA
88
40
FC
ENDCHAR
STARTCHAR uni20BF
ENCODING 8383
SWIDTH 750 0
DWIDTH 6 0
BBX 5 7 0 0
BITMAP
50
F0
88
F0
88
F0
50
ENDCHAR
STARTCHAR uni20C0
ENCODING 8384
SWIDTH 625 0
DWIDTH 5 0
BBX 4 7 0 0
BITMAP
70
80
80
80
70
00
F0
ENDCHAR
STARTCHAR uni2102
ENCODING 8450
SWIDTH 875 0
DWIDTH 7 0
BBX 6 7 0 0
BITMAP
7C
A0
A0
A0
A0
A0
7C
ENDCHAR
STARTCHAR uni210D
ENCODING 8461
SWIDTH 875 0
DWIDTH 7 0
BBX 6 7 0 0
BITMAP
E4
A4
A4
BC
A4
A4
E4
ENDCHAR
STARTCHAR uni2113
ENCODING 8467
SWIDTH 750 0
DWIDTH 6 0
BBX 5 7 0 0
BITMAP
30
48
48
50
60
C0
38
ENDCHAR
STARTCHAR uni2115
ENCODING 8469
SWIDTH 875 0
DWIDTH 7 0
BBX 6 7 0 0
BITMAP
E4
A4
B4
AC
A4
A4
E4
ENDCHAR
STARTCHAR uni2116
ENCODING 8470
SWIDTH 1000 0
DWIDTH 8 0
BBX 7 7 0 0
BITMAP
94
9A
DA
B4
90
9E
90
ENDCHAR
STARTCHAR uni2117
ENCODING 8471
SWIDTH 1000 0
DWIDTH 8 0
BBX 7 7 0 0
BITMAP
38
44
BA
BA
A2
44
38
ENDCHAR
STARTCHAR uni2119
ENCODING 8473
SWIDTH 875 0
DWIDTH 7 0
BBX 6 7 0 0
BITMAP
F8
A4
A4
A4
B8
A0
E0
ENDCHAR
STARTCHAR uni211A
ENCODING 8474
SWIDTH 875 0
DWIDTH 7 0
BBX 6 8 0 -1
BITMAP
78
A4
A4
A4
A4
A4
78
04
ENDCHAR
STARTCHAR uni211D
ENCODING 8477
SWIDTH 875 0
DWIDTH 7 0
BBX 6 7 0 0
BITMAP
F8
A4
A4
A4
B8
A8
E4
ENDCHAR
STARTCHAR uni2122
ENCODING 8482
SWIDTH 1000 0
DWIDTH 8 0
BBX 7 4 0 3
BITMAP
F2
5E
5E
52
ENDCHAR
STARTCHAR uni2124
ENCODING 8484
SWIDTH 875 0
DWIDTH 7 0
BBX 6 7 0 0
BITMAP
FC
14
28
50
A0
A0
FC
ENDCHAR
STARTCHAR uni2126
ENCODING 8486
SWIDTH 750 0
DWIDTH 6 0
BBX 5 7 0 0
BITMAP
70
88
88
88
88
50
D8
ENDCHAR
STARTCHAR uni212B
ENCODING 8491
SWIDTH 750 0
DWIDTH 6 0
BBX 5 8 0 0
BITMAP
20
50
20
70
88
88
F8
88
ENDCHAR
STARTCHAR uni212E
ENCODING 8494
SWIDTH 875 0
DWIDTH 7 0
BBX 6 7 0 0
BITMAP
78
CC
CC
FC
C0
C4
78
ENDCHAR
STARTCHAR uni2132
ENCODING 8498
SWIDTH 750 0
DWIDTH 6 0
BBX 5 7 0 0
BITMAP
08
08
78
08
08
08
F8
ENDCHAR
STARTCHAR uni2135
ENCODING 8501
SWIDTH 625 0
DWIDTH 5 0
BBX 4 5 0 0
BITMAP
90
50
60
A0
90
ENDCHAR
STARTCHAR uni2136
ENCODING 8502
SWIDTH 625 0
DWIDTH 5 0
BBX 4 5 0 0
BITMAP
C0
20
20
20
F0
ENDCHAR
STARTCHAR uni2137
ENCODING 8503
SWIDTH 625 0
DWIDTH 5 0
BBX 4 5 0 0
BITMAP
C0
20
20
50
90
ENDCHAR
STARTCHAR uni2138
ENCODING 8504
SWIDTH 625 0
DWIDTH 5 0
BBX 4 5 0 0
BITMAP
F0
20
20
20
20
ENDCHAR
STARTCHAR uni2139
ENCODING 8505
SWIDTH 500 0
DWIDTH 4 0
BBX 3 7 0 0
BITMAP
60
60
00
E0
60
60
60
ENDCHAR
STARTCHAR uni2141
ENCODING 8513
SWIDTH 750 0
DWIDTH 6 0
BBX 5 7 0 0
BITMAP
70
88
88
C8
08
08
F0
ENDCHAR
STARTCHAR uni2144
ENCODING 8516
SWIDTH 750 0
DWIDTH 6 0
BBX 5 7 0 0
BITMAP
20
20
20
50
88
88
88
ENDCHAR
STARTCHAR uni2150
ENCODING 8528
SWIDTH 1000 0
DWIDTH 8 0
BBX 7 7 0 0
BITMAP
C4
48
40
EE
02
24
44
ENDCHAR
STARTCHAR uni2151
ENCODING 8529
SWIDTH 1000 0
DWIDTH 8 0
BBX 7 7 0 0
BITMAP
C4
48
40
EE
0A
2E
42
ENDCHAR
STARTCHAR uni2152
ENCODING 8530
SWIDTH 1000 0
DWIDTH 8 0
BBX 7 7 0 0
BITMAP
C4
48
40
F6
1A
5A
9E
ENDCHAR
STARTCHAR uni2153
ENCODING 8531
SWIDTH 1000 0
DWIDTH 8 0
BBX 7 7 0 0
BITMAP
C4
48
40
EE
04
22
4C
ENDCHAR
STARTCHAR uni2154
ENCODING 8532
SWIDTH 1000 0
DWIDTH 8 0
BBX 7 7 0 0
BITMAP
C4
28
40
EE
04
22
4C
ENDCHAR
STARTCHAR uni2155
ENCODING 8533
SWIDTH 1000 0
DWIDTH 8 0
BBX 7 7 0 0
BITMAP
C4
48
40
EE
0C
22
4C
ENDCHAR
STARTCHAR uni2156
ENCODING 8534
SWIDTH 1000 0
DWIDTH 8 0
BBX 7 7 0 0
BITMAP
C4
28
40
EE
0C
22
4C
ENDCHAR
STARTCHAR uni2157
ENCODING 8535
SWIDTH 1000 0
DWIDTH 8 0
BBX 7 7 0 0
BITMAP
E4
48
20
CE
0C
22
4C
ENDCHAR
STARTCHAR uni2158
ENCODING 8536
SWIDTH 1000 0
DWIDTH 8 0
BBX 7 7 0 0
BITMAP
A4
A8
E0
2E
0C
22
4C
ENDCHAR
STARTCHAR uni2159
ENCODING 8537
SWIDTH 1000 0
DWIDTH 8 0
BBX 7 7 0 0
BITMAP
C4
48
40
E8
0E
2A
4E
ENDCHAR
STARTCHAR uni215A
ENCODING 8538
SWIDTH 1000 0
DWIDTH 8 0
BBX 7 7 0 0
BITMAP
E4
C8
20
C8
0E
2A
4E
ENDCHAR
STARTCHAR uni215B
ENCODING 8539
SWIDTH 1000 0
DWIDTH 8 0
BBX 7 7 0 0
BITMAP
C4
48
40
E6
0E
2A
4E
ENDCHAR
STARTCHAR uni215C
ENCODING 8540
SWIDTH 1000 0
DWIDTH 8 0
BBX 7 7 0 0
BITMAP
E4
48
20
C6
0E
2A
4E
ENDCHAR
STARTCHAR uni215D
ENCODING 8541
SWIDTH 1000 0
DWIDTH 8 0
BBX 7 7 0 0
BITMAP
E4
C8
20
C6
0E
2A
4E
ENDCHAR
STARTCHAR uni215E
ENCODING 8542
SWIDTH 1000 0
DWIDTH 8 0
BBX 7 7 0 0
BITMAP
E4
28
40
46
0E
2A
4E
ENDCHAR
STARTCHAR uni215F
ENCODING 8543
SWIDTH 1000 0
DWIDTH 8 0
BBX 6 7 0 0
BITMAP
C4
48
40
E0
00
20
40
ENDCHAR
STARTCHAR uni2160
ENCODING 8544
SWIDTH 1000 0
DWIDTH 8 0
BBX 3 7 2 0
BITMAP
E0
40
40
40
40
40
E0
ENDCHAR
STARTCHAR uni2161
ENCODING 8545
SWIDTH 1000 0
DWIDTH 8 0
BBX 5 7 1 0
BITMAP
F8
50
50
50
50
50
F8
ENDCHAR
STARTCHAR uni2162
ENCODING 8546
SWIDTH 1000 0
DWIDTH 8 0
BBX 7 7 0 0
BITMAP
FE
54
54
54
54
54
FE
ENDCHAR
STARTCHAR uni2163
ENCODING 8547
SWIDTH 1000 0
DWIDTH 8 0
BBX 7 7 0 0
BITMAP
F2
52
52
52
52
4C
EC
ENDCHAR
STARTCHAR uni2164
ENCODING 8548
SWIDTH 1000 0
DWIDTH 8 0
BBX 5 7 1 0
BITMAP
88
88
88
88
50
50
20
ENDCHAR
STARTCHAR uni2165
ENCODING 8549
SWIDTH 1000 0
DWIDTH 8 0
BBX 7 7 0 0
BITMAP
9E
94
94
94
94
64
6E
ENDCHAR
STARTCHAR uni2166
ENCODING 8550
SWIDTH 1000 0
DWIDTH 8 0
BBX 7 7 0 0
BITMAP
BE
B4
B4
B4
B4
54
7E
ENDCHAR
STARTCHAR uni2167
ENCODING 8551
SWIDTH 1000 0
DWIDTH 8 0
BBX 7 7 0 0
BITMAP
BE
BC
BC
BC
BC
5C
7E
ENDCHAR
STARTCHAR uni2168
ENCODING 8552
SWIDTH 1000 0
DWIDTH 8 0
BBX 7 7 0 0
BITMAP
F2
52
4C
4C
4C
52
F2
ENDCHAR
STARTCHAR uni2169
ENCODING 8553
SWIDTH 1000 0
DWIDTH 8 0
BBX 5 7 1 0
BITMAP
88
88
50
20
50
88
88
ENDCHAR
STARTCHAR uni216A
ENCODING 8554
SWIDTH 1000 0
DWIDTH 8 0
BBX 7 7 0 0
BITMAP
9E
94
64
64
64
94
9E
ENDCHAR
STARTCHAR uni216B
ENCODING 8555
SWIDTH 1000 0
DWIDTH 8 0
BBX 7 7 0 0
BITMAP
BE
B4
54
54
54
B4
BE
ENDCHAR
STARTCHAR uni2170
ENCODING 8560
SWIDTH 1000 0
DWIDTH 8 0
BBX 3 7 2 0
BITMAP
40
00
C0
40
40
40
E0
ENDCHAR
STARTCHAR uni2171
ENCODING 8561
SWIDTH 1000 0
DWIDTH 8 0
BBX 5 7 1 0
BITMAP
50
00
F0
50
50
50
F8
ENDCHAR
STARTCHAR uni2172
ENCODING 8562
SWIDTH 1000 0
DWIDTH 8 0
BBX 7 7 0 0
BITMAP
54
00
FC
54
54
54
FE
ENDCHAR
STARTCHAR uni2173
ENCODING 8563
SWIDTH 1000 0
DWIDTH 8 0
BBX 7 7 0 0
BITMAP
40
00
D2
52
52
54
F8
ENDCHAR
STARTCHAR uni2174
ENCODING 8564
SWIDTH 1000 0
DWIDTH 8 0
BBX 5 5 1 0
BITMAP
88
88
88
90
E0
ENDCHAR
STARTCHAR uni2175
ENCODING 8565
SWIDTH 1000 0
DWIDTH 8 0
BBX 7 7 0 0
BITMAP
04
00
9C
94
94
A4
CE
ENDCHAR
STARTCHAR uni2176
ENCODING 8566
SWIDTH 1000 0
DWIDTH 8 0
BBX 7 7 0 0
BITMAP
0A
00
BE
AA
AA
AA
DE
ENDCHAR
STARTCHAR uni2177
ENCODING 8567
SWIDTH 1000 0
DWIDTH 8 0
BBX 7 7 0 0
BITMAP
2A
00
BE
AA
AA
AA
DE
ENDCHAR
STARTCHAR uni2178
ENCODING 8568
SWIDTH 1000 0
DWIDTH 8 0
BBX 7 7 0 0
BITMAP
40
00
D2
52
4C
52
F2
ENDCHAR
STARTCHAR uni2179
ENCODING 8569
SWIDTH 1000 0
DWIDTH 8 0
BBX 5 5 1 0
BITMAP
88
50
20
50
88
ENDCHAR
STARTCHAR uni217A
ENCODING 8570
SWIDTH 1000 0
DWIDTH 8 0
BBX 7 7 0 0
BITMAP
04
00
9C
94
64
94
9E
ENDCHAR
STARTCHAR uni217B
ENCODING 8571
SWIDTH 1000 0
DWIDTH 8 0
BBX 7 7 0 0
BITMAP
0A
00
BE
AA
4A
AA
BE
ENDCHAR
STARTCHAR uni2189
ENCODING 8585
SWIDTH 1000 0
DWIDTH 8 0
BBX 7 7 0 0
BITMAP
64
A8
A0
EE
04
22
4C
ENDCHAR
STARTCHAR uni218A
ENCODING 8586
SWIDTH 750 0
DWIDTH 6 0
BBX 5 7 0 0
BITMAP
F8
08
10
60
80
80
78
ENDCHAR
STARTCHAR uni218B
ENCODING 8587
SWIDTH 750 0
DWIDTH 6 0
BBX 5 7 0 0
BITMAP
78
80
80
80
70
80
F8
ENDCHAR
STARTCHAR uni2190
ENCODING 8592
SWIDTH 1000 0
DWIDTH 8 0
BBX 7 5 0 1
BITMAP
20
40
FE
40
20
ENDCHAR
STARTCHAR uni2191
ENCODING 8593
SWIDTH 750 0
DWIDTH 6 0
BBX 5 7 0 0
BITMAP
20
70
A8
20
20
20
20
ENDCHAR
STARTCHAR uni2192
ENCODING 8594
SWIDTH 1000 0
DWIDTH 8 0
BBX 7 5 0 1
BITMAP
08
04
FE
04
08
ENDCHAR
STARTCHAR uni2193
ENCODING 8595
SWIDTH 750 0
DWIDTH 6 0
BBX 5 7 0 0
BITMAP
20
20
20
20
A8
70
20
ENDCHAR
STARTCHAR uni2194
ENCODING 8596
SWIDTH 1000 0
DWIDTH 8 0
BBX 7 5 0 1
BITMAP
28
44
FE
44
28
ENDCHAR
STARTCHAR uni2195
ENCODING 8597
SWIDTH 750 0
DWIDTH 6 0
BBX 5 7 0 0
BITMAP
20
70
A8
20
A8
70
20
ENDCHAR
STARTCHAR uni2196
ENCODING 8598
SWIDTH 750 0
DWIDTH 6 0
BBX 5 5 0 1
BITMAP
F0
C0
A0
90
08
ENDCHAR
STARTCHAR uni2197
ENCODING 8599
SWIDTH 750 0
DWIDTH 6 0
BBX 5 5 0 1
BITMAP
78
18
28
48
80
ENDCHAR
STARTCHAR uni2198
ENCODING 8600
SWIDTH 750 0
DWIDTH 6 0
BBX 5 5 0 1
BITMAP
80
48
28
18
78
ENDCHAR
STARTCHAR uni2199
ENCODING 8601
SWIDTH 750 0
DWIDTH 6 0
BBX 5 5 0 1
BITMAP
08
90
A0
C0
F0
ENDCHAR
STARTCHAR uni21C4
ENCODING 8644
SWIDTH 1000 0
DWIDTH 8 0
BBX 7 9 0 -1
BITMAP
08
04
FE
04
28
40
FE
40
20
ENDCHAR
STARTCHAR uni21D2
ENCODING 8658
SWIDTH 1000 0
DWIDTH 8 0
BBX 7 5 0 1
BITMAP
08
FC
02
FC
08
ENDCHAR
STARTCHAR uni21D4
ENCODING 8660
SWIDTH 1000 0
DWIDTH 8 0
BBX 7 5 0 1
BITMAP
28
7C
82
7C
28
ENDCHAR
STARTCHAR uni2202
ENCODING 8706
SWIDTH 625 0
DWIDTH 5 0
BBX 4 7 0 0
BITMAP
60
90
30
50
90
90
60
ENDCHAR
STARTCHAR uni2205
ENCODING 8709
SWIDTH 1000 0
DWIDTH 8 0
BBX 7 7 0 0
BITMAP
3A
44
8A
92
A2
44
B8
ENDCHAR
STARTCHAR uni2206
ENCODING 8710
SWIDTH 750 0
DWIDTH 6 0
BBX 5 7 0 0
BITMAP
20
20
50
50
88
88
F8
ENDCHAR
STARTCHAR uni2207
ENCODING 8711
SWIDTH 750 0
DWIDTH 6 0
BBX 5 7 0 0
BITMAP
F8
88
88
50
50
20
20
ENDCHAR
STARTCHAR uni2208
ENCODING 8712
SWIDTH 750 0
DWIDTH 6 0
BBX 5 7 0 0
BITMAP
38
40
80
F8
80
40
38
ENDCHAR
STARTCHAR uni220B
ENCODING 8715
SWIDTH 750 0
DWIDTH 6 0
BBX 5 7 0 0
BITMAP
E0
10
08
F8
08
10
E0
ENDCHAR
STARTCHAR uni220F
ENCODING 8719
SWIDTH 750 0
DWIDTH 6 0
BBX 5 7 0 0
BITMAP
F8
88
88
88
88
88
88
ENDCHAR
STARTCHAR uni2211
ENCODING 8721
SWIDTH 750 0
DWIDTH 6 0
BBX 5 7 0 0
BITMAP
F8
88
40
20
40
88
F8
ENDCHAR
STARTCHAR uni2212
ENCODING 8722
SWIDTH 750 0
DWIDTH 6 0
BBX 5 1 0 3
BITMAP
F8
ENDCHAR
STARTCHAR uni2213
ENCODING 8723
SWIDTH 750 0
DWIDTH 6 0
BBX 5 7 0 0
BITMAP
F8
00
20
20
F8
20
20
ENDCHAR
STARTCHAR uni2219
ENCODING 8729
SWIDTH 375 0
DWIDTH 3 0
BBX 2 2 0 2
BITMAP
C0
C0
ENDCHAR
STARTCHAR uni221A
ENCODING 8730
SWIDTH 750 0
DWIDTH 6 0
BBX 5 7 0 0
BITMAP
38
20
20
20
A0
60
20
ENDCHAR
STARTCHAR uni221D
ENCODING 8733
SWIDTH 875 0
DWIDTH 7 0
BBX 6 4 0 1
BITMAP
6C
90
90
6C
ENDCHAR
STARTCHAR uni221E
ENCODING 8734
SWIDTH 1000 0
DWIDTH 8 0
BBX 7 4 0 1
BITMAP
6C
92
92
6C
ENDCHAR
STARTCHAR uni221F
ENCODING 8735
SWIDTH 750 0
DWIDTH 6 0
BBX 5 6 0 0
BITMAP
80
80
80
80
80
F8
ENDCHAR
STARTCHAR uni2220
ENCODING 8736
SWIDTH 750 0
DWIDTH 6 0
BBX 5 6 0 0
BITMAP
20
20
40
40
80
F8
ENDCHAR
STARTCHAR uni2225
ENCODING 8741
SWIDTH 500 0
DWIDTH 4 0
BBX 3 7 0 0
BITMAP
A0
A0
A0
A0
A0
A0
A0
ENDCHAR
STARTCHAR uni2227
ENCODING 8743
SWIDTH 750 0
DWIDTH 6 0
BBX 5 6 0 0
BITMAP
20
20
50
50
88
88
ENDCHAR
STARTCHAR uni2228
ENCODING 8744
SWIDTH 750 0
DWIDTH 6 0
BBX 5 6 0 0
BITMAP
88
88
50
50
20
20
ENDCHAR
STARTCHAR uni2229
ENCODING 8745
SWIDTH 750 0
DWIDTH 6 0
BBX 5 6 0 0
BITMAP
70
88
88
88
88
88
ENDCHAR
STARTCHAR uni222A
ENCODING 8746
SWIDTH 750 0
DWIDTH 6 0
BBX 5 6 0 0
BITMAP
88
88
88
88
88
70
ENDCHAR
STARTCHAR uni222B
ENCODING 8747
SWIDTH 500 0
DWIDTH 4 0
BBX 3 9 0 -1
BITMAP
20
40
40
40
40
40
40
40
80
ENDCHAR
STARTCHAR uni222C
ENCODING 8748
SWIDTH 750 0
DWIDTH 6 0
BBX 5 9 0 -1
BITMAP
28
50
50
50
50
50
50
50
A0
ENDCHAR
STARTCHAR uni222D
ENCODING 8749
SWIDTH 1000 0
DWIDTH 8 0
BBX 7 9 0 -1
BITMAP
2A
54
54
54
54
54
54
54
A8
ENDCHAR
STARTCHAR uni222E
ENCODING 8750
SWIDTH 750 0
DWIDTH 6 0
BBX 5 9 0 -1
BITMAP
10
20
70
A8
A8
A8
70
20
40
ENDCHAR
STARTCHAR uni222F
ENCODING 8751
SWIDTH 1000 0
DWIDTH 8 0
BBX 7 9 0 -1
BITMAP
14
28
7C
AA
AA
AA
7C
28
50
ENDCHAR
STARTCHAR uni2230
ENCODING 8752
SWIDTH 1250 0
DWIDTH 10 0
BBX 9 9 0 -1
BITMAP
1500
2A00
7F00
AA80
AA80
AA80
7F00
2A00
5400
ENDCHAR
STARTCHAR uni2234
ENCODING 8756
SWIDTH 750 0
DWIDTH 6 0
BBX 5 5 0 1
BITMAP
20
00
00
00
88
ENDCHAR
STARTCHAR uni2235
ENCODING 8757
SWIDTH 750 0
DWIDTH 6 0
BBX 5 5 0 1
BITMAP
88
00
00
00
20
ENDCHAR
STARTCHAR uni223C
ENCODING 8764
SWIDTH 750 0
DWIDTH 6 0
BBX 5 3 0 2
BITMAP
40
A8
10
ENDCHAR
STARTCHAR uni223D
ENCODING 8765
SWIDTH 750 0
DWIDTH 6 0
BBX 5 3 0 2
BITMAP
10
A8
40
ENDCHAR
STARTCHAR uni2248
ENCODING 8776
SWIDTH 750 0
DWIDTH 6 0
BBX 5 6 0 0
BITMAP
40
A8
10
40
A8
10
ENDCHAR
STARTCHAR uni2252
ENCODING 8786
SWIDTH 750 0
DWIDTH 6 0
BBX 5 7 0 0
BITMAP
40
00
F8
00
F8
00
10
ENDCHAR
STARTCHAR uni2260
ENCODING 8800
SWIDTH 750 0
DWIDTH 6 0
BBX 5 5 0 1
BITMAP
10
F8
20
F8
40
ENDCHAR
STARTCHAR uni2261
ENCODING 8801
SWIDTH 750 0
DWIDTH 6 0
BBX 5 5 0 1
BITMAP
F8
00
F8
00
F8
ENDCHAR
STARTCHAR uni2264
ENCODING 8804
SWIDTH 750 0
DWIDTH 6 0
BBX 5 7 0 0
BITMAP
18
60
80
60
18
00
F8
ENDCHAR
STARTCHAR uni2265
ENCODING 8805
SWIDTH 750 0
DWIDTH 6 0
BBX 5 7 0 0
BITMAP
C0
30
08
30
C0
00
F8
ENDCHAR
STARTCHAR uni2266
ENCODING 8806
SWIDTH 750 0
DWIDTH 6 0
BBX 5 7 0 0
BITMAP
38
C0
38
00
F8
00
F8
ENDCHAR
STARTCHAR uni2267
ENCODING 8807
SWIDTH 750 0
DWIDTH 6 0
BBX 5 7 0 0
BITMAP
E0
18
E0
00
F8
00
F8
ENDCHAR
STARTCHAR uni226A
ENCODING 8810
SWIDTH 875 0
DWIDTH 7 0
BBX 6 5 0 1
BITMAP
24
48
90
48
24
ENDCHAR
STARTCHAR uni226B
ENCODING 8811
SWIDTH 875 0
DWIDTH 7 0
BBX 6 5 0 1
BITMAP
90
48
24
48
90
ENDCHAR
STARTCHAR uni2282
ENCODING 8834
SWIDTH 750 0
DWIDTH 6 0
BBX 5 5 0 1
BITMAP
78
80
80
80
78
ENDCHAR
STARTCHAR uni2283
ENCODING 8835
SWIDTH 750 0
DWIDTH 6 0
BBX 5 5 0 1
BITMAP
F0
08
08
08
F0
ENDCHAR
STARTCHAR uni2286
ENCODING 8838
SWIDTH 750 0
DWIDTH 6 0
BBX 5 7 0 0
BITMAP
78
80
80
80
78
00
F8
ENDCHAR
STARTCHAR uni2287
ENCODING 8839
SWIDTH 750 0
DWIDTH 6 0
BBX 5 7 0 0
BITMAP
F0
08
08
08
F0
00
F8
ENDCHAR
STARTCHAR uni2299
ENCODING 8857
SWIDTH 1000 0
DWIDTH 8 0
BBX 7 7 0 0
BITMAP
38
44
82
92
82
44
38
ENDCHAR
STARTCHAR uni22A5
ENCODING 8869
SWIDTH 750 0
DWIDTH 6 0
BBX 5 6 0 0
BITMAP
20
20
20
20
20
F8
ENDCHAR
STARTCHAR uni22BF
ENCODING 8895
SWIDTH 750 0
DWIDTH 6 0
BBX 5 6 0 0
BITMAP
08
18
28
48
88
F8
ENDCHAR
STARTCHAR uni22EE
ENCODING 8942
SWIDTH 1000 0
DWIDTH 8 0
BBX 1 7 3 0
BITMAP
80
00
00
80
00
00
80
ENDCHAR
STARTCHAR uni22EF
ENCODING 8943
SWIDTH 1000 0
DWIDTH 8 0
BBX 7 1 0 3
BITMAP
92
ENDCHAR
STARTCHAR uni22F0
ENCODING 8944
SWIDTH 1000 0
DWIDTH 8 0
BBX 7 7 0 0
BITMAP
02
00
00
10
00
00
80
ENDCHAR
STARTCHAR uni22F1
ENCODING 8945
SWIDTH 1000 0
DWIDTH 8 0
BBX 7 7 0 0
BITMAP
80
00
00
10
00
00
02
ENDCHAR
STARTCHAR uni2302
ENCODING 8962
SWIDTH 750 0
DWIDTH 6 0
BBX 5 5 0 0
BITMAP
20
50
88
88
F8
ENDCHAR
STARTCHAR uni2310
ENCODING 8976
SWIDTH 750 0
DWIDTH 6 0
BBX 5 4 0 0
BITMAP
F8
80
80
80
ENDCHAR
STARTCHAR uni2312
ENCODING 8978
SWIDTH 750 0
DWIDTH 6 0
BBX 5 2 0 5
BITMAP
70
88
ENDCHAR
STARTCHAR uni2318
ENCODING 8984
SWIDTH 1000 0
DWIDTH 8 0
BBX 7 7 0 0
BITMAP
EE
AA
FE
28
FE
AA
EE
ENDCHAR
STARTCHAR uni231B
ENCODING 8987
SWIDTH 1000 0
DWIDTH 8 0
BBX 5 7 1 0
BITMAP
F8
F8
70
20
50
88
F8
ENDCHAR
STARTCHAR uni2320
ENCODING 8992
SWIDTH 375 0
DWIDTH 3 0
BBX 2 8 0 -1
BITMAP
40
80
80
80
80
80
80
80
ENDCHAR
STARTCHAR uni2321
ENCODING 8993
SWIDTH 375 0
DWIDTH 3 0
BBX 2 8 0 0
BITMAP
40
40
40
40
40
40
40
80
ENDCHAR
STARTCHAR uni23E9
ENCODING 9193
SWIDTH 1000 0
DWIDTH 8 0
BBX 6 5 1 1
BITMAP
90
D8
FC
D8
90
ENDCHAR
STARTCHAR uni23EA
ENCODING 9194
SWIDTH 1000 0
DWIDTH 8 0
BBX 6 5 0 1
BITMAP
24
6C
FC
6C
24
ENDCHAR
STARTCHAR uni23EB
ENCODING 9195
SWIDTH 1000 0
DWIDTH 8 0
BBX 5 6 1 1
BITMAP
20
70
F8
20
70
F8
ENDCHAR
STARTCHAR uni23EC
ENCODING 9196
SWIDTH 1000 0
DWIDTH 8 0
BBX 5 6 1 0
BITMAP
F8
70
20
F8
70
20
ENDCHAR
STARTCHAR uni23ED
ENCODING 9197
SWIDTH 1000 0
DWIDTH 8 0
BBX 7 5 0 1
BITMAP
92
DA
FE
DA
92
ENDCHAR
STARTCHAR uni23EE
ENCODING 9198
SWIDTH 1000 0
DWIDTH 8 0
BBX 7 5 0 1
BITMAP
92
B6
FE
B6
92
ENDCHAR
STARTCHAR uni23EF
ENCODING 9199
SWIDTH 1000 0
DWIDTH 8 0
BBX 7 5 0 1
BITMAP
96
D6
F6
D6
96
ENDCHAR
STARTCHAR uni23F1
ENCODING 9201
SWIDTH 1000 0
DWIDTH 8 0
BBX 7 7 0 0
BITMAP
7C
38
54
92
9A
44
38
ENDCHAR
STARTCHAR uni23F3
ENCODING 9203
SWIDTH 1000 0
DWIDTH 8 0
BBX 5 7 1 0
BITMAP
F8
F8
70
20
70
A8
F8
ENDCHAR
STARTCHAR uni23F4
ENCODING 9204
SWIDTH 1000 0
DWIDTH 8 0
BBX 4 7 1 0
BITMAP
10
30
70
F0
70
30
10
ENDCHAR
STARTCHAR uni23F5
ENCODING 9205
SWIDTH 1000 0
DWIDTH 8 0
BBX 4 7 2 0
BITMAP
80
C0
E0
F0
E0
C0
80
ENDCHAR
STARTCHAR uni23F6
ENCODING 9206
SWIDTH 1000 0
DWIDTH 8 0
BBX 7 4 0 2
BITMAP
10
38
7C
FE
ENDCHAR
STARTCHAR uni23F7
ENCODING 9207
SWIDTH 1000 0
DWIDTH 8 0
BBX 7 4 0 1
BITMAP
FE
7C
38
10
ENDCHAR
STARTCHAR uni23F8
ENCODING 9208
SWIDTH 1000 0
DWIDTH 8 0
BBX 5 7 1 0
BITMAP
D8
D8
D8
D8
D8
D8
D8
ENDCHAR
STARTCHAR uni23F9
ENCODING 9209
SWIDTH 1000 0
DWIDTH 8 0
BBX 7 7 0 0
BITMAP
FE
FE
FE
FE
FE
FE
FE
ENDCHAR
STARTCHAR uni23FA
ENCODING 9210
SWIDTH 1000 0
DWIDTH 8 0
BBX 7 7 0 0
BITMAP
38
7C
FE
FE
FE
7C
38
ENDCHAR
STARTCHAR uni2423
ENCODING 9251
SWIDTH 750 0
DWIDTH 6 0
BBX 5 2 0 0
BITMAP
88
F8
ENDCHAR
STARTCHAR uni2460
ENCODING 9312
SWIDTH 1000 0
DWIDTH 8 0
BBX 7 7 0 0
BITMAP
7C
B2
92
92
92
92
7C
ENDCHAR
STARTCHAR uni2461
ENCODING 9313
SWIDTH 1000 0
DWIDTH 8 0
BBX 7 7 0 0
BITMAP
7C
B2
8A
92
A2
BA
7C
ENDCHAR
STARTCHAR uni2462
ENCODING 9314
SWIDTH 1000 0
DWIDTH 8 0
BBX 7 7 0 0
BITMAP
7C
BA
8A
92
8A
B2
7C
ENDCHAR
STARTCHAR uni2463
ENCODING 9315
SWIDTH 1000 0
DWIDTH 8 0
BBX 7 7 0 0
BITMAP
7C
8A
9A
AA
BA
8A
7C
ENDCHAR
STARTCHAR uni2464
ENCODING 9316
SWIDTH 1000 0
DWIDTH 8 0
BBX 7 7 0 0
BITMAP
7C
BA
A2
BA
8A
B2
7C
ENDCHAR
STARTCHAR uni2465
ENCODING 9317
SWIDTH 1000 0
DWIDTH 8 0
BBX 7 7 0 0
BITMAP
7C
92
A2
BA
AA
B2
7C
ENDCHAR
STARTCHAR uni2466
ENCODING 9318
SWIDTH 1000 0
DWIDTH 8 0
BBX 7 7 0 0
BITMAP
7C
BA
8A
92
92
92
7C
ENDCHAR
STARTCHAR uni2467
ENCODING 9319
SWIDTH 1000 0
DWIDTH 8 0
BBX 7 7 0 0
BITMAP
7C
9A
AA
92
AA
B2
7C
ENDCHAR
STARTCHAR uni2468
ENCODING 9320
SWIDTH 1000 0
DWIDTH 8 0
BBX 7 7 0 0
BITMAP
7C
9A
AA
BA
8A
92
7C
ENDCHAR
STARTCHAR uni2469
ENCODING 9321
SWIDTH 1000 0
DWIDTH 8 0
BBX 7 7 0 0
BITMAP
7C
CE
54
54
54
DA
7C
ENDCHAR
STARTCHAR uni246A
ENCODING 9322
SWIDTH 1000 0
DWIDTH 8 0
BBX 7 7 0 0
BITMAP
7C
EE
24
24
24
A6
7C
ENDCHAR
STARTCHAR uni246B
ENCODING 9323
SWIDTH 1000 0
DWIDTH 8 0
BBX 7 7 0 0
BITMAP
7C
DA
44
4C
50
DE
7C
ENDCHAR
STARTCHAR uni246C
ENCODING 9324
SWIDTH 1000 0
DWIDTH 8 0
BBX 7 7 0 0
BITMAP
7C
DE
44
48
44
DA
7C
ENDCHAR
STARTCHAR uni246D
ENCODING 9325
SWIDTH 1000 0
DWIDTH 8 0
BBX 7 7 0 0
BITMAP
7C
C6
4C
54
5C
C6
7C
ENDCHAR
STARTCHAR uni246E
ENCODING 9326
SWIDTH 1000 0
DWIDTH 8 0
BBX 7 7 0 0
BITMAP
7C
DE
50
5C
44
DA
7C
ENDCHAR
STARTCHAR uni246F
ENCODING 9327
SWIDTH 1000 0
DWIDTH 8 0
BBX 7 7 0 0
BITMAP
7C
CA
50
5C
54
DA
7C
ENDCHAR
STARTCHAR uni2470
ENCODING 9328
SWIDTH 1000 0
DWIDTH 8 0
BBX 7 7 0 0
BITMAP
7C
DE
44
48
48
CA
7C
ENDCHAR
STARTCHAR uni2471
ENCODING 9329
SWIDTH 1000 0
DWIDTH 8 0
BBX 7 7 0 0
BITMAP
7C
CE
54
48
54
DA
7C
ENDCHAR
STARTCHAR uni2472
ENCODING 9330
SWIDTH 1000 0
DWIDTH 8 0
BBX 7 7 0 0
BITMAP
7C
CE
54
5C
44
CA
7C
ENDCHAR
STARTCHAR uni2473
ENCODING 9331
SWIDTH 1000 0
DWIDTH 8 0
BBX 7 7 0 0
BITMAP
7C
EE
34
54
94
FA
7C
ENDCHAR
STARTCHAR uni24B6
ENCODING 9398
SWIDTH 1000 0
DWIDTH 8 0
BBX 7 7 0 0
BITMAP
7C
9A
AA
AA
BA
AA
7C
ENDCHAR
STARTCHAR uni24B7
ENCODING 9399
SWIDTH 1000 0
DWIDTH 8 0
BBX 7 7 0 0
BITMAP
7C
BA
AA
B2
AA
B2
7C
ENDCHAR
STARTCHAR uni24B8
ENCODING 9400
SWIDTH 1000 0
DWIDTH 8 0
BBX 7 7 0 0
BITMAP
7C
9A
A2
A2
A2
BA
7C
ENDCHAR
STARTCHAR uni24B9
ENCODING 9401
SWIDTH 1000 0
DWIDTH 8 0
BBX 7 7 0 0
BITMAP
7C
B2
AA
AA
AA
B2
7C
ENDCHAR
STARTCHAR uni24BA
ENCODING 9402
SWIDTH 1000 0
DWIDTH 8 0
BBX 7 7 0 0
BITMAP
7C
BA
A2
B2
A2
BA
7C
ENDCHAR
STARTCHAR uni24BB
ENCODING 9403
SWIDTH 1000 0
DWIDTH 8 0
BBX 7 7 0 0
BITMAP
7C
BA
A2
A2
B2
A2
7C
ENDCHAR
STARTCHAR uni24BC
ENCODING 9404
SWIDTH 1000 0
DWIDTH 8 0
BBX 7 7 0 0
BITMAP
7C
9A
A2
AA
AA
BA
7C
ENDCHAR
STARTCHAR uni24BD
ENCODING 9405
SWIDTH 1000 0
DWIDTH 8 0
BBX 7 7 0 0
BITMAP
7C
AA
AA
BA
AA
AA
7C
ENDCHAR
STARTCHAR uni24BE
ENCODING 9406
SWIDTH 1000 0
DWIDTH 8 0
BBX 7 7 0 0
BITMAP
7C
BA
92
92
92
BA
7C
ENDCHAR
STARTCHAR uni24BF
ENCODING 9407
SWIDTH 1000 0
DWIDTH 8 0
BBX 7 7 0 0
BITMAP
7C
8A
8A
8A
8A
B2
7C
ENDCHAR
STARTCHAR uni24C0
ENCODING 9408
SWIDTH 1000 0
DWIDTH 8 0
BBX 7 7 0 0
BITMAP
7C
AA
AA
B2
AA
AA
7C
ENDCHAR
STARTCHAR uni24C1
ENCODING 9409
SWIDTH 1000 0
DWIDTH 8 0
BBX 7 7 0 0
BITMAP
7C
A2
A2
A2
A2
BA
7C
ENDCHAR
STARTCHAR uni24C2
ENCODING 9410
SWIDTH 1000 0
DWIDTH 8 0
BBX 7 7 0 0
BITMAP
7C
AA
BA
BA
AA
AA
7C
ENDCHAR
STARTCHAR uni24C3
ENCODING 9411
SWIDTH 1000 0
DWIDTH 8 0
BBX 7 7 0 0
BITMAP
7C
B2
AA
AA
AA
AA
7C
ENDCHAR
STARTCHAR uni24C4
ENCODING 9412
SWIDTH 1000 0
DWIDTH 8 0
BBX 7 7 0 0
BITMAP
7C
9A
AA
AA
AA
BA
7C
ENDCHAR
STARTCHAR uni24C5
ENCODING 9413
SWIDTH 1000 0
DWIDTH 8 0
BBX 7 7 0 0
BITMAP
7C
B2
AA
AA
B2
A2
7C
ENDCHAR
STARTCHAR uni24C6
ENCODING 9414
SWIDTH 1000 0
DWIDTH 8 0
BBX 7 7 0 0
BITMAP
7C
9A
AA
AA
B2
8A
7C
ENDCHAR
STARTCHAR uni24C7
ENCODING 9415
SWIDTH 1000 0
DWIDTH 8 0
BBX 7 7 0 0
BITMAP
7C
B2
AA
AA
B2
AA
7C
ENDCHAR
STARTCHAR uni24C8
ENCODING 9416
SWIDTH 1000 0
DWIDTH 8 0
BBX 7 7 0 0
BITMAP
7C
9A
A2
92
8A
B2
7C
ENDCHAR
STARTCHAR uni24C9
ENCODING 9417
SWIDTH 1000 0
DWIDTH 8 0
BBX 7 7 0 0
BITMAP
7C
BA
92
92
92
92
7C
ENDCHAR
STARTCHAR uni24CA
ENCODING 9418
SWIDTH 1000 0
DWIDTH 8 0
BBX 7 7 0 0
BITMAP
7C
AA
AA
AA
AA
9A
7C
ENDCHAR
STARTCHAR uni24CB
ENCODING 9419
SWIDTH 1000 0
DWIDTH 8 0
BBX 7 7 0 0
BITMAP
7C
AA
AA
AA
AA
92
7C
ENDCHAR
STARTCHAR uni24CC
ENCODING 9420
SWIDTH 1000 0
DWIDTH 8 0
BBX 7 7 0 0
BITMAP
7C
AA
AA
BA
BA
AA
7C
ENDCHAR
STARTCHAR uni24CD
ENCODING 9421
SWIDTH 1000 0
DWIDTH 8 0
BBX 7 7 0 0
BITMAP
7C
AA
AA
92
AA
AA
7C
ENDCHAR
STARTCHAR uni24CE
ENCODING 9422
SWIDTH 1000 0
DWIDTH 8 0
BBX 7 7 0 0
BITMAP
7C
AA
AA
92
92
92
7C
ENDCHAR
STARTCHAR uni24CF
ENCODING 9423
SWIDTH 1000 0
DWIDTH 8 0
BBX 7 7 0 0
BITMAP
7C
BA
8A
92
A2
BA
7C
ENDCHAR
STARTCHAR uni24D0
ENCODING 9424
SWIDTH 1000 0
DWIDTH 8 0
BBX 7 7 0 0
BITMAP
7C
82
B2
9A
AA
9A
7C
ENDCHAR
STARTCHAR uni24D1
ENCODING 9425
SWIDTH 1000 0
DWIDTH 8 0
BBX 7 7 0 0
BITMAP
7C
A2
B2
AA
AA
B2
7C
ENDCHAR
STARTCHAR uni24D2
ENCODING 9426
SWIDTH 1000 0
DWIDTH 8 0
BBX 7 7 0 0
BITMAP
7C
82
9A
A2
A2
BA
7C
ENDCHAR
STARTCHAR uni24D3
ENCODING 9427
SWIDTH 1000 0
DWIDTH 8 0
BBX 7 7 0 0
BITMAP
7C
8A
9A
AA
AA
BA
7C
ENDCHAR
STARTCHAR uni24D4
ENCODING 9428
SWIDTH 1000 0
DWIDTH 8 0
BBX 7 7 0 0
BITMAP
7C
82
9A
AA
B2
9A
7C
ENDCHAR
STARTCHAR uni24D5
ENCODING 9429
SWIDTH 1000 0
DWIDTH 8 0
BBX 7 7 0 0
BITMAP
7C
8A
92
BA
92
92
7C
ENDCHAR
STARTCHAR uni24D6
ENCODING 9430
SWIDTH 1000 0
DWIDTH 8 0
BBX 7 7 0 0
BITMAP
7C
82
9A
AA
9A
B2
7C
ENDCHAR
STARTCHAR uni24D7
ENCODING 9431
SWIDTH 1000 0
DWIDTH 8 0
BBX 7 7 0 0
BITMAP
7C
A2
B2
AA
AA
AA
7C
ENDCHAR
STARTCHAR uni24D8
ENCODING 9432
SWIDTH 1000 0
DWIDTH 8 0
BBX 7 7 0 0
BITMAP
7C
92
82
92
92
92
7C
ENDCHAR
STARTCHAR uni24D9
ENCODING 9433
SWIDTH 1000 0
DWIDTH 8 0
BBX 7 7 0 0
BITMAP
7C
8A
82
8A
8A
B2
7C
ENDCHAR
STARTCHAR uni24DA
ENCODING 9434
SWIDTH 1000 0
DWIDTH 8 0
BBX 7 7 0 0
BITMAP
7C
A2
AA
B2
AA
AA
7C
ENDCHAR
STARTCHAR uni24DB
ENCODING 9435
SWIDTH 1000 0
DWIDTH 8 0
BBX 7 7 0 0
BITMAP
7C
92
92
92
92
8A
7C
ENDCHAR
STARTCHAR uni24DC
ENCODING 9436
SWIDTH 1000 0
DWIDTH 8 0
BBX 7 7 0 0
BITMAP
7C
82
B2
BA
BA
AA
7C
ENDCHAR
STARTCHAR uni24DD
ENCODING 9437
SWIDTH 1000 0
DWIDTH 8 0
BBX 7 7 0 0
BITMAP
7C
82
B2
AA
AA
AA
7C
ENDCHAR
STARTCHAR uni24DE
ENCODING 9438
SWIDTH 1000 0
DWIDTH 8 0
BBX 7 7 0 0
BITMAP
7C
82
9A
AA
AA
BA
7C
ENDCHAR
STARTCHAR uni24DF
ENCODING 9439
SWIDTH 1000 0
DWIDTH 8 0
BBX 7 7 0 0
BITMAP
7C
82
B2
AA
B2
A2
7C
ENDCHAR
STARTCHAR uni24E0
ENCODING 9440
SWIDTH 1000 0
DWIDTH 8 0
BBX 7 7 0 0
BITMAP
7C
82
9A
AA
BA
8A
7C
ENDCHAR
STARTCHAR uni24E1
ENCODING 9441
SWIDTH 1000 0
DWIDTH 8 0
BBX 7 7 0 0
BITMAP
7C
82
9A
A2
A2
A2
7C
ENDCHAR
STARTCHAR uni24E2
ENCODING 9442
SWIDTH 1000 0
DWIDTH 8 0
BBX 7 7 0 0
BITMAP
7C
82
9A
B2
8A
B2
7C
ENDCHAR
STARTCHAR uni24E3
ENCODING 9443
SWIDTH 1000 0
DWIDTH 8 0
BBX 7 7 0 0
BITMAP
7C
92
BA
92
92
8A
7C
ENDCHAR
STARTCHAR uni24E4
ENCODING 9444
SWIDTH 1000 0
DWIDTH 8 0
BBX 7 7 0 0
BITMAP
7C
82
AA
AA
AA
9A
7C
ENDCHAR
STARTCHAR uni24E5
ENCODING 9445
SWIDTH 1000 0
DWIDTH 8 0
BBX 7 7 0 0
BITMAP
7C
82
AA
AA
AA
92
7C
ENDCHAR
STARTCHAR uni24E6
ENCODING 9446
SWIDTH 1000 0
DWIDTH 8 0
BBX 7 7 0 0
BITMAP
7C
82
AA
AA
BA
BA
7C
ENDCHAR
STARTCHAR uni24E7
ENCODING 9447
SWIDTH 1000 0
DWIDTH 8 0
BBX 7 7 0 0
BITMAP
7C
82
AA
92
AA
AA
7C
ENDCHAR
STARTCHAR uni24E8
ENCODING 9448
SWIDTH 1000 0
DWIDTH 8 0
BBX 7 7 0 0
BITMAP
7C
82
AA
AA
9A
B2
7C
ENDCHAR
STARTCHAR uni24E9
ENCODING 9449
SWIDTH 1000 0
DWIDTH 8 0
BBX 7 7 0 0
BITMAP
7C
82
BA
92
A2
BA
7C
ENDCHAR
STARTCHAR uni24EA
ENCODING 9450
SWIDTH 1000 0
DWIDTH 8 0
BBX 7 7 0 0
BITMAP
7C
9A
AA
AA
AA
B2
7C
ENDCHAR
STARTCHAR uni24EB
ENCODING 9451
SWIDTH 1000 0
DWIDTH 8 0
BBX 7 7 0 0
BITMAP
7C
92
DA
DA
DA
DA
7C
ENDCHAR
STARTCHAR uni24EC
ENCODING 9452
SWIDTH 1000 0
DWIDTH 8 0
BBX 7 7 0 0
BITMAP
7C
A6
BA
B6
AE
A2
7C
ENDCHAR
STARTCHAR uni24ED
ENCODING 9453
SWIDTH 1000 0
DWIDTH 8 0
BBX 7 7 0 0
BITMAP
7C
A2
BA
B6
BA
A6
7C
ENDCHAR
STARTCHAR uni24EE
ENCODING 9454
SWIDTH 1000 0
DWIDTH 8 0
BBX 7 7 0 0
BITMAP
7C
BA
B2
AA
A2
BA
7C
ENDCHAR
STARTCHAR uni24EF
ENCODING 9455
SWIDTH 1000 0
DWIDTH 8 0
BBX 7 7 0 0
BITMAP
7C
A2
AE
A2
BA
A6
7C
ENDCHAR
STARTCHAR uni24F0
ENCODING 9456
SWIDTH 1000 0
DWIDTH 8 0
BBX 7 7 0 0
BITMAP
7C
B6
AE
A2
AA
A6
7C
ENDCHAR
STARTCHAR uni24F1
ENCODING 9457
SWIDTH 1000 0
DWIDTH 8 0
BBX 7 7 0 0
BITMAP
7C
A2
BA
B6
B6
B6
7C
ENDCHAR
STARTCHAR uni24F2
ENCODING 9458
SWIDTH 1000 0
DWIDTH 8 0
BBX 7 7 0 0
BITMAP
7C
B2
AA
B6
AA
A6
7C
ENDCHAR
STARTCHAR uni24F3
ENCODING 9459
SWIDTH 1000 0
DWIDTH 8 0
BBX 7 7 0 0
BITMAP
7C
B2
AA
A2
BA
B6
7C
ENDCHAR
STARTCHAR uni24F4
ENCODING 9460
SWIDTH 1000 0
DWIDTH 8 0
BBX 7 7 0 0
BITMAP
7C
92
CA
AA
AA
86
7C
ENDCHAR
STARTCHAR uni24FF
ENCODING 9471
SWIDTH 1000 0
DWIDTH 8 0
BBX 7 7 0 0
BITMAP
7C
E6
D6
D6
D6
C6
7C
ENDCHAR
STARTCHAR uni2500
ENCODING 9472
SWIDTH 1000 0
DWIDTH 8 0
BBX 7 1 0 3
BITMAP
FE
ENDCHAR
STARTCHAR uni2501
ENCODING 9473
SWIDTH 1000 0
DWIDTH 8 0
BBX 7 2 0 2
BITMAP
FE
FE
ENDCHAR
STARTCHAR uni2502
ENCODING 9474
SWIDTH 1000 0
DWIDTH 8 0
BBX 1 7 3 0
BITMAP
80
80
80
80
80
80
80
ENDCHAR
STARTCHAR uni2503
ENCODING 9475
SWIDTH 1000 0
DWIDTH 8 0
BBX 2 7 3 0
BITMAP
C0
C0
C0
C0
C0
C0
C0
ENDCHAR
STARTCHAR uni2504
ENCODING 9476
SWIDTH 1000 0
DWIDTH 8 0
BBX 7 1 0 3
BITMAP
D6
ENDCHAR
STARTCHAR uni2505
ENCODING 9477
SWIDTH 1000 0
DWIDTH 8 0
BBX 7 2 0 2
BITMAP
D6
D6
ENDCHAR
STARTCHAR uni2506
ENCODING 9478
SWIDTH 1000 0
DWIDTH 8 0
BBX 1 7 3 0
BITMAP
80
80
00
80
00
80
80
ENDCHAR
STARTCHAR uni2507
ENCODING 9479
SWIDTH 1000 0
DWIDTH 8 0
BBX 2 7 3 0
BITMAP
C0
C0
00
C0
00
C0
C0
ENDCHAR
STARTCHAR uni2508
ENCODING 9480
SWIDTH 1000 0
DWIDTH 8 0
BBX 7 1 0 3
BITMAP
AA
ENDCHAR
STARTCHAR uni2509
ENCODING 9481
SWIDTH 1000 0
DWIDTH 8 0
BBX 7 2 0 2
BITMAP
AA
AA
ENDCHAR
STARTCHAR uni250A
ENCODING 9482
SWIDTH 1000 0
DWIDTH 8 0
BBX 1 7 3 0
BITMAP
80
00
80
00
80
00
80
ENDCHAR
STARTCHAR uni250B
ENCODING 9483
SWIDTH 1000 0
DWIDTH 8 0
BBX 2 7 3 0
BITMAP
C0
00
C0
00
C0
00
C0
ENDCHAR
STARTCHAR uni250C
ENCODING 9484
SWIDTH 1000 0
DWIDTH 8 0
BBX 4 4 3 0
BITMAP
F0
80
80
80
ENDCHAR
STARTCHAR uni250D
ENCODING 9485
SWIDTH 1000 0
DWIDTH 8 0
BBX 4 4 3 0
BITMAP
F0
F0
80
80
ENDCHAR
STARTCHAR uni250E
ENCODING 9486
SWIDTH 1000 0
DWIDTH 8 0
BBX 4 4 3 0
BITMAP
F0
C0
C0
C0
ENDCHAR
STARTCHAR uni250F
ENCODING 9487
SWIDTH 1000 0
DWIDTH 8 0
BBX 4 4 3 0
BITMAP
F0
F0
C0
C0
ENDCHAR
STARTCHAR uni2510
ENCODING 9488
SWIDTH 1000 0
DWIDTH 8 0
BBX 4 4 0 0
BITMAP
F0
10
10
10
ENDCHAR
STARTCHAR uni2511
ENCODING 9489
SWIDTH 1000 0
DWIDTH 8 0
BBX 4 4 0 0
BITMAP
F0
F0
10
10
ENDCHAR
STARTCHAR uni2512
ENCODING 9490
SWIDTH 1000 0
DWIDTH 8 0
BBX 5 4 0 0
BITMAP
F8
18
18
18
ENDCHAR
STARTCHAR uni2513
ENCODING 9491
SWIDTH 1000 0
DWIDTH 8 0
BBX 5 4 0 0
BITMAP
F8
F8
18
18
ENDCHAR
STARTCHAR uni2514
ENCODING 9492
SWIDTH 1000 0
DWIDTH 8 0
BBX 4 4 3 3
BITMAP
80
80
80
F0
ENDCHAR
STARTCHAR uni2515
ENCODING 9493
SWIDTH 1000 0
DWIDTH 8 0
BBX 4 5 3 2
BITMAP
80
80
80
F0
F0
ENDCHAR
STARTCHAR uni2516
ENCODING 9494
SWIDTH 1000 0
DWIDTH 8 0
BBX 4 4 3 3
BITMAP
C0
C0
C0
F0
ENDCHAR
STARTCHAR uni2517
ENCODING 9495
SWIDTH 1000 0
DWIDTH 8 0
BBX 4 5 3 2
BITMAP
C0
C0
C0
F0
F0
ENDCHAR
STARTCHAR uni2518
ENCODING 9496
SWIDTH 1000 0
DWIDTH 8 0
BBX 4 4 0 3
BITMAP
10
10
10
F0
ENDCHAR
STARTCHAR uni2519
ENCODING 9497
SWIDTH 1000 0
DWIDTH 8 0
BBX 4 5 0 2
BITMAP
10
10
10
F0
F0
ENDCHAR
STARTCHAR uni251A
ENCODING 9498
SWIDTH 1000 0
DWIDTH 8 0
BBX 5 4 0 3
BITMAP
18
18
18
F8
ENDCHAR
STARTCHAR uni251B
ENCODING 9499
SWIDTH 1000 0
DWIDTH 8 0
BBX 5 5 0 2
BITMAP
18
18
18
F8
F8
ENDCHAR
STARTCHAR uni251C
ENCODING 9500
SWIDTH 1000 0
DWIDTH 8 0
BBX 4 7 3 0
BITMAP
80
80
80
F0
80
80
80
ENDCHAR
STARTCHAR uni251D
ENCODING 9501
SWIDTH 1000 0
DWIDTH 8 0
BBX 4 7 3 0
BITMAP
80
80
80
F0
F0
80
80
ENDCHAR
STARTCHAR uni251E
ENCODING 9502
SWIDTH 1000 0
DWIDTH 8 0
BBX 4 7 3 0
BITMAP
C0
C0
C0
F0
80
80
80
ENDCHAR
STARTCHAR uni251F
ENCODING 9503
SWIDTH 1000 0
DWIDTH 8 0
BBX 4 7 3 0
BITMAP
80
80
80
F0
C0
C0
C0
ENDCHAR
STARTCHAR uni2520
ENCODING 9504
SWIDTH 1000 0
DWIDTH 8 0
BBX 4 7 3 0
BITMAP
C0
C0
C0
F0
C0
C0
C0
ENDCHAR
STARTCHAR uni2521
ENCODING 9505
SWIDTH 1000 0
DWIDTH 8 0
BBX 4 7 3 0
BITMAP
C0
C0
C0
F0
F0
80
80
ENDCHAR
STARTCHAR uni2522
ENCODING 9506
SWIDTH 1000 0
DWIDTH 8 0
BBX 4 7 3 0
BITMAP
80
80
80
F0
F0
C0
C0
ENDCHAR
STARTCHAR uni2523
ENCODING 9507
SWIDTH 1000 0
DWIDTH 8 0
BBX 4 7 3 0
BITMAP
C0
C0
C0
F0
F0
C0
C0
ENDCHAR
STARTCHAR uni2524
ENCODING 9508
SWIDTH 1000 0
DWIDTH 8 0
BBX 4 7 0 0
BITMAP
10
10
10
F0
10
10
10
ENDCHAR
STARTCHAR uni2525
ENCODING 9509
SWIDTH 1000 0
DWIDTH 8 0
BBX 4 7 0 0
BITMAP
10
10
10
F0
F0
10
10
ENDCHAR
STARTCHAR uni2526
ENCODING 9510
SWIDTH 1000 0
DWIDTH 8 0
BBX 5 7 0 0
BITMAP
18
18
18
F8
10
10
10
ENDCHAR
STARTCHAR uni2527
ENCODING 9511
SWIDTH 1000 0
DWIDTH 8 0
BBX 5 7 0 0
BITMAP
10
10
10
F8
18
18
18
ENDCHAR
STARTCHAR uni2528
ENCODING 9512
SWIDTH 1000 0
DWIDTH 8 0
BBX 5 7 0 0
BITMAP
18
18
18
F8
18
18
18
ENDCHAR
STARTCHAR uni2529
ENCODING 9513
SWIDTH 1000 0
DWIDTH 8 0
BBX 5 7 0 0
BITMAP
18
18
18
F8
F0
10
10
ENDCHAR
STARTCHAR uni252A
ENCODING 9514
SWIDTH 1000 0
DWIDTH 8 0
BBX 5 7 0 0
BITMAP
10
10
10
F8
F8
18
18
ENDCHAR
STARTCHAR uni252B
ENCODING 9515
SWIDTH 1000 0
DWIDTH 8 0
BBX 5 7 0 0
BITMAP
18
18
18
F8
F8
18
18
ENDCHAR
STARTCHAR uni252C
ENCODING 9516
SWIDTH 1000 0
DWIDTH 8 0
BBX 7 4 0 0
BITMAP
FE
10
10
10
ENDCHAR
STARTCHAR uni252D
ENCODING 9517
SWIDTH 1000 0
DWIDTH 8 0
BBX 7 4 0 0
BITMAP
FE
F0
10
10
ENDCHAR
STARTCHAR uni252E
ENCODING 9518
SWIDTH 1000 0
DWIDTH 8 0
BBX 7 4 0 0
BITMAP
FE
1E
10
10
ENDCHAR
STARTCHAR uni252F
ENCODING 9519
SWIDTH 1000 0
DWIDTH 8 0
BBX 7 4 0 0
BITMAP
FE
FE
10
10
ENDCHAR
STARTCHAR uni2530
ENCODING 9520
SWIDTH 1000 0
DWIDTH 8 0
BBX 7 4 0 0
BITMAP
FE
18
18
18
ENDCHAR
STARTCHAR uni2531
ENCODING 9521
SWIDTH 1000 0
DWIDTH 8 0
BBX 7 4 0 0
BITMAP
FE
F8
18
18
ENDCHAR
STARTCHAR uni2532
ENCODING 9522
SWIDTH 1000 0
DWIDTH 8 0
BBX 7 4 0 0
BITMAP
FE
1E
18
18
ENDCHAR
STARTCHAR uni2533
ENCODING 9523
SWIDTH 1000 0
DWIDTH 8 0
BBX 7 4 0 0
BITMAP
FE
FE
18
18
ENDCHAR
STARTCHAR uni2534
ENCODING 9524
SWIDTH 1000 0
DWIDTH 8 0
BBX 7 4 0 3
BITMAP
10
10
10
FE
ENDCHAR
STARTCHAR uni2535
ENCODING 9525
SWIDTH 1000 0
DWIDTH 8 0
BBX 7 5 0 2
BITMAP
10
10
10
FE
F0
ENDCHAR
STARTCHAR uni2536
ENCODING 9526
SWIDTH 1000 0
DWIDTH 8 0
BBX 7 5 0 2
BITMAP
10
10
10
FE
1E
ENDCHAR
STARTCHAR uni2537
ENCODING 9527
SWIDTH 1000 0
DWIDTH 8 0
BBX 7 5 0 2
BITMAP
10
10
10
FE
FE
ENDCHAR
STARTCHAR uni2538
ENCODING 9528
SWIDTH 1000 0
DWIDTH 8 0
BBX 7 4 0 3
BITMAP
18
18
18
FE
ENDCHAR
STARTCHAR uni2539
ENCODING 9529
SWIDTH 1000 0
DWIDTH 8 0
BBX 7 5 0 2
BITMAP
18
18
18
FE
F0
ENDCHAR
STARTCHAR uni253A
ENCODING 9530
SWIDTH 1000 0
DWIDTH 8 0
BBX 7 5 0 2
BITMAP
18
18
18
FE
1E
ENDCHAR
STARTCHAR uni253B
ENCODING 9531
SWIDTH 1000 0
DWIDTH 8 0
BBX 7 5 0 2
BITMAP
18
18
18
FE
FE
ENDCHAR
STARTCHAR uni253C
ENCODING 9532
SWIDTH 1000 0
DWIDTH 8 0
BBX 7 7 0 0
BITMAP
10
10
10
FE
10
10
10
ENDCHAR
STARTCHAR uni253D
ENCODING 9533
SWIDTH 1000 0
DWIDTH 8 0
BBX 7 7 0 0
BITMAP
10
10
10
FE
F0
10
10
ENDCHAR
STARTCHAR uni253E
ENCODING 9534
SWIDTH 1000 0
DWIDTH 8 0
BBX 7 7 0 0
BITMAP
10
10
10
FE
1E
10
10
ENDCHAR
STARTCHAR uni253F
ENCODING 9535
SWIDTH 1000 0
DWIDTH 8 0
BBX 7 7 0 0
BITMAP
10
10
10
FE
FE
10
10
ENDCHAR
STARTCHAR uni2540
ENCODING 9536
SWIDTH 1000 0
DWIDTH 8 0
BBX 7 7 0 0
BITMAP
18
18
18
FE
10
10
10
ENDCHAR
STARTCHAR uni2541
ENCODING 9537
SWIDTH 1000 0
DWIDTH 8 0
BBX 7 7 0 0
BITMAP
10
10
10
FE
18
18
18
ENDCHAR
STARTCHAR uni2542
ENCODING 9538
SWIDTH 1000 0
DWIDTH 8 0
BBX 7 7 0 0
BITMAP
18
18
18
FE
18
18
18
ENDCHAR
STARTCHAR uni2543
ENCODING 9539
SWIDTH 1000 0
DWIDTH 8 0
BBX 7 7 0 0
BITMAP
18
18
18
FE
F0
10
10
ENDCHAR
STARTCHAR uni2544
ENCODING 9540
SWIDTH 1000 0
DWIDTH 8 0
BBX 7 7 0 0
BITMAP
18
18
18
FE
1E
10
10
ENDCHAR
STARTCHAR uni2545
ENCODING 9541
SWIDTH 1000 0
DWIDTH 8 0
BBX 7 7 0 0
BITMAP
10
10
10
FE
F8
18
18
ENDCHAR
STARTCHAR uni2546
ENCODING 9542
SWIDTH 1000 0
DWIDTH 8 0
BBX 7 7 0 0
BITMAP
10
10
10
FE
1E
18
18
ENDCHAR
STARTCHAR uni2547
ENCODING 9543
SWIDTH 1000 0
DWIDTH 8 0
BBX 7 7 0 0
BITMAP
18
18
18
FE
FE
10
10
ENDCHAR
STARTCHAR uni2548
ENCODING 9544
SWIDTH 1000 0
DWIDTH 8 0
BBX 7 7 0 0
BITMAP
10
10
10
FE
FE
18
18
ENDCHAR
STARTCHAR uni2549
ENCODING 9545
SWIDTH 1000 0
DWIDTH 8 0
BBX 7 7 0 0
BITMAP
18
18
18
FE
F8
18
18
ENDCHAR
STARTCHAR uni254A
ENCODING 9546
SWIDTH 1000 0
DWIDTH 8 0
BBX 7 7 0 0
BITMAP
18
18
18
FE
1E
18
18
ENDCHAR
STARTCHAR uni254B
ENCODING 9547
SWIDTH 1000 0
DWIDTH 8 0
BBX 7 7 0 0
BITMAP
18
18
18
FE
FE
18
18
ENDCHAR
STARTCHAR uni254C
ENCODING 9548
SWIDTH 1000 0
DWIDTH 8 0
BBX 7 1 0 3
BITMAP
EE
ENDCHAR
STARTCHAR uni254D
ENCODING 9549
SWIDTH 1000 0
DWIDTH 8 0
BBX 7 2 0 2
BITMAP
EE
EE
ENDCHAR
STARTCHAR uni254E
ENCODING 9550
SWIDTH 1000 0
DWIDTH 8 0
BBX 1 7 3 0
BITMAP
80
80
80
00
80
80
80
ENDCHAR
STARTCHAR uni254F
ENCODING 9551
SWIDTH 1000 0
DWIDTH 8 0
BBX 2 7 3 0
BITMAP
C0
C0
C0
00
C0
C0
C0
ENDCHAR
STARTCHAR uni2550
ENCODING 9552
SWIDTH 1000 0
DWIDTH 8 0
BBX 7 3 0 2
BITMAP
FE
00
FE
ENDCHAR
STARTCHAR uni2551
ENCODING 9553
SWIDTH 1000 0
DWIDTH 8 0
BBX 3 7 2 0
BITMAP
A0
A0
A0
A0
A0
A0
A0
ENDCHAR
STARTCHAR uni2552
ENCODING 9554
SWIDTH 1000 0
DWIDTH 8 0
BBX 4 5 3 0
BITMAP
F0
80
F0
80
80
ENDCHAR
STARTCHAR uni2553
ENCODING 9555
SWIDTH 1000 0
DWIDTH 8 0
BBX 5 4 2 0
BITMAP
F8
A0
A0
A0
ENDCHAR
STARTCHAR uni2554
ENCODING 9556
SWIDTH 1000 0
DWIDTH 8 0
BBX 5 5 2 0
BITMAP
F8
80
B8
A0
A0
ENDCHAR
STARTCHAR uni2555
ENCODING 9557
SWIDTH 1000 0
DWIDTH 8 0
BBX 4 5 0 0
BITMAP
F0
10
F0
10
10
ENDCHAR
STARTCHAR uni2556
ENCODING 9558
SWIDTH 1000 0
DWIDTH 8 0
BBX 5 4 0 0
BITMAP
F8
28
28
28
ENDCHAR
STARTCHAR uni2557
ENCODING 9559
SWIDTH 1000 0
DWIDTH 8 0
BBX 5 5 0 0
BITMAP
F8
08
E8
28
28
ENDCHAR
STARTCHAR uni2558
ENCODING 9560
SWIDTH 1000 0
DWIDTH 8 0
BBX 4 5 3 2
BITMAP
80
80
F0
80
F0
ENDCHAR
STARTCHAR uni2559
ENCODING 9561
SWIDTH 1000 0
DWIDTH 8 0
BBX 5 4 2 3
BITMAP
A0
A0
A0
F8
ENDCHAR
STARTCHAR uni255A
ENCODING 9562
SWIDTH 1000 0
DWIDTH 8 0
BBX 5 5 2 2
BITMAP
A0
A0
B8
80
F8
ENDCHAR
STARTCHAR uni255B
ENCODING 9563
SWIDTH 1000 0
DWIDTH 8 0
BBX 4 5 0 2
BITMAP
10
10
F0
10
F0
ENDCHAR
STARTCHAR uni255C
ENCODING 9564
SWIDTH 1000 0
DWIDTH 8 0
BBX 5 4 0 3
BITMAP
28
28
28
F8
ENDCHAR
STARTCHAR uni255D
ENCODING 9565
SWIDTH 1000 0
DWIDTH 8 0
BBX 5 5 0 2
BITMAP
28
28
E8
08
F8
ENDCHAR
STARTCHAR uni255E
ENCODING 9566
SWIDTH 1000 0
DWIDTH 8 0
BBX 4 7 3 0
BITMAP
80
80
F0
80
F0
80
80
ENDCHAR
STARTCHAR uni255F
ENCODING 9567
SWIDTH 1000 0
DWIDTH 8 0
BBX 5 7 2 0
BITMAP
A0
A0
A0
B8
A0
A0
A0
ENDCHAR
STARTCHAR uni2560
ENCODING 9568
SWIDTH 1000 0
DWIDTH 8 0
BBX 5 7 2 0
BITMAP
A0
A0
B8
80
B8
A0
A0
ENDCHAR
STARTCHAR uni2561
ENCODING 9569
SWIDTH 1000 0
DWIDTH 8 0
BBX 4 7 0 0
BITMAP
10
10
F0
10
F0
10
10
ENDCHAR
STARTCHAR uni2562
ENCODING 9570
SWIDTH 1000 0
DWIDTH 8 0
BBX 5 7 0 0
BITMAP
28
28
28
E8
28
28
28
ENDCHAR
STARTCHAR uni2563
ENCODING 9571
SWIDTH 1000 0
DWIDTH 8 0
BBX 5 7 0 0
BITMAP
28
28
E8
08
E8
28
28
ENDCHAR
STARTCHAR uni2564
ENCODING 9572
SWIDTH 1000 0
DWIDTH 8 0
BBX 7 5 0 0
BITMAP
FE
00
FE
10
10
ENDCHAR
STARTCHAR uni2565
ENCODING 9573
SWIDTH 1000 0
DWIDTH 8 0
BBX 7 4 0 0
BITMAP
FE
28
28
28
ENDCHAR
STARTCHAR uni2566
ENCODING 9574
SWIDTH 1000 0
DWIDTH 8 0
BBX 7 5 0 0
BITMAP
FE
00
EE
28
28
ENDCHAR
STARTCHAR uni2567
ENCODING 9575
SWIDTH 1000 0
DWIDTH 8 0
BBX 7 5 0 2
BITMAP
10
10
FE
00
FE
ENDCHAR
STARTCHAR uni2568
ENCODING 9576
SWIDTH 1000 0
DWIDTH 8 0
BBX 7 4 0 3
BITMAP
28
28
28
FE
ENDCHAR
STARTCHAR uni2569
ENCODING 9577
SWIDTH 1000 0
DWIDTH 8 0
BBX 7 5 0 2
BITMAP
28
28
EE
00
FE
ENDCHAR
STARTCHAR uni256A
ENCODING 9578
SWIDTH 1000 0
DWIDTH 8 0
BBX 7 7 0 0
BITMAP
10
10
FE
00
FE
10
10
ENDCHAR
STARTCHAR uni256B
ENCODING 9579
SWIDTH 1000 0
DWIDTH 8 0
BBX 7 7 0 0
BITMAP
28
28
28
EE
28
28
28
ENDCHAR
STARTCHAR uni256C
ENCODING 9580
SWIDTH 1000 0
DWIDTH 8 0
BBX 7 7 0 0
BITMAP
28
28
EE
00
EE
28
28
ENDCHAR
STARTCHAR uni256D
ENCODING 9581
SWIDTH 1000 0
DWIDTH 8 0
BBX 4 4 3 0
BITMAP
30
40
80
80
ENDCHAR
STARTCHAR uni256E
ENCODING 9582
SWIDTH 1000 0
DWIDTH 8 0
BBX 4 4 0 0
BITMAP
C0
20
10
10
ENDCHAR
STARTCHAR uni256F
ENCODING 9583
SWIDTH 1000 0
DWIDTH 8 0
BBX 4 4 0 3
BITMAP
10
10
20
C0
ENDCHAR
STARTCHAR uni2570
ENCODING 9584
SWIDTH 1000 0
DWIDTH 8 0
BBX 4 4 3 3
BITMAP
80
80
40
30
ENDCHAR
STARTCHAR uni2571
ENCODING 9585
SWIDTH 1000 0
DWIDTH 8 0
BBX 7 7 0 0
BITMAP
02
04
08
10
20
40
80
ENDCHAR
STARTCHAR uni2572
ENCODING 9586
SWIDTH 1000 0
DWIDTH 8 0
BBX 7 7 0 0
BITMAP
80
40
20
10
08
04
02
ENDCHAR
STARTCHAR uni2573
ENCODING 9587
SWIDTH 1000 0
DWIDTH 8 0
BBX 7 7 0 0
BITMAP
82
44
28
10
28
44
82
ENDCHAR
STARTCHAR uni2574
ENCODING 9588
SWIDTH 1000 0
DWIDTH 8 0
BBX 4 1 0 3
BITMAP
F0
ENDCHAR
STARTCHAR uni2575
ENCODING 9589
SWIDTH 1000 0
DWIDTH 8 0
BBX 1 4 3 3
BITMAP
80
80
80
80
ENDCHAR
STARTCHAR uni2576
ENCODING 9590
SWIDTH 1000 0
DWIDTH 8 0
BBX 4 1 3 3
BITMAP
F0
ENDCHAR
STARTCHAR uni2577
ENCODING 9591
SWIDTH 1000 0
DWIDTH 8 0
BBX 1 4 3 0
BITMAP
80
80
80
80
ENDCHAR
STARTCHAR uni2578
ENCODING 9592
SWIDTH 1000 0
DWIDTH 8 0
BBX 4 2 0 2
BITMAP
F0
F0
ENDCHAR
STARTCHAR uni2579
ENCODING 9593
SWIDTH 1000 0
DWIDTH 8 0
BBX 2 4 3 3
BITMAP
C0
C0
C0
C0
ENDCHAR
STARTCHAR uni257A
ENCODING 9594
SWIDTH 1000 0
DWIDTH 8 0
BBX 4 2 3 2
BITMAP
F0
F0
ENDCHAR
STARTCHAR uni257B
ENCODING 9595
SWIDTH 1000 0
DWIDTH 8 0
BBX 2 4 3 0
BITMAP
C0
C0
C0
C0
ENDCHAR
STARTCHAR uni257C
ENCODING 9596
SWIDTH 1000 0
DWIDTH 8 0
BBX 7 2 0 2
BITMAP
FE
1E
ENDCHAR
STARTCHAR uni257D
ENCODING 9597
SWIDTH 1000 0
DWIDTH 8 0
BBX 2 7 3 0
BITMAP
80
80
80
C0
C0
C0
C0
ENDCHAR
STARTCHAR uni257E
ENCODING 9598
SWIDTH 1000 0
DWIDTH 8 0
BBX 7 2 0 2
BITMAP
FE
F0
ENDCHAR
STARTCHAR uni257F
ENCODING 9599
SWIDTH 1000 0
DWIDTH 8 0
BBX 2 7 3 0
BITMAP
C0
C0
C0
C0
80
80
80
ENDCHAR
STARTCHAR uni2580
ENCODING 9600
SWIDTH 1000 0
DWIDTH 8 0
BBX 8 4 0 3
BITMAP
FF
FF
FF
FF
ENDCHAR
STARTCHAR uni2581
ENCODING 9601
SWIDTH 1000 0
DWIDTH 8 0
BBX 8 1 0 -1
BITMAP
FF
ENDCHAR
STARTCHAR uni2582
ENCODING 9602
SWIDTH 1000 0
DWIDTH 8 0
BBX 8 2 0 -1
BITMAP
FF
FF
ENDCHAR
STARTCHAR uni2583
ENCODING 9603
SWIDTH 1000 0
DWIDTH 8 0
BBX 8 3 0 -1
BITMAP
FF
FF
FF
ENDCHAR
STARTCHAR uni2584
ENCODING 9604
SWIDTH 1000 0
DWIDTH 8 0
BBX 8 4 0 -1
BITMAP
FF
FF
FF
FF
ENDCHAR
STARTCHAR uni2585
ENCODING 9605
SWIDTH 1000 0
DWIDTH 8 0
BBX 8 5 0 -1
BITMAP
FF
FF
FF
FF
FF
ENDCHAR
STARTCHAR uni2586
ENCODING 9606
SWIDTH 1000 0
DWIDTH 8 0
BBX 8 6 0 -1
BITMAP
FF
FF
FF
FF
FF
FF
ENDCHAR
STARTCHAR uni2587
ENCODING 9607
SWIDTH 1000 0
DWIDTH 8 0
BBX 8 7 0 -1
BITMAP
FF
FF
FF
FF
FF
FF
FF
ENDCHAR
STARTCHAR uni2588
ENCODING 9608
SWIDTH 1000 0
DWIDTH 8 0
BBX 8 8 0 -1
BITMAP
FF
FF
FF
FF
C0
00
00
00
ENDCHAR
STARTCHAR uni2589
ENCODING 9609
SWIDTH 1000 0
DWIDTH 8 0
BBX 7 8 0 -1
BITMAP
FE
FE
FE
FE
FE
FE
FE
FE
ENDCHAR
STARTCHAR uni258A
ENCODING 9610
SWIDTH 1000 0
DWIDTH 8 0
BBX 6 8 0 -1
BITMAP
FC
FC
FC
FC
FC
FC
FC
FC
ENDCHAR
STARTCHAR uni258B
ENCODING 9611
SWIDTH 1000 0
DWIDTH 8 0
BBX 5 8 0 -1
BITMAP
F8
F8
F8
F8
F8
F8
F8
F8
ENDCHAR
STARTCHAR uni258C
ENCODING 9612
SWIDTH 1000 0
DWIDTH 8 0
BBX 4 8 0 -1
BITMAP
F0
F0
F0
F0
F0
F0
F0
F0
ENDCHAR
STARTCHAR uni258D
ENCODING 9613
SWIDTH 1000 0
DWIDTH 8 0
BBX 3 8 0 -1
BITMAP
E0
E0
E0
E0
E0
E0
E0
E0
ENDCHAR
STARTCHAR uni258E
ENCODING 9614
SWIDTH 1000 0
DWIDTH 8 0
BBX 2 8 0 -1
BITMAP
C0
C0
C0
C0
C0
C0
C0
C0
ENDCHAR
STARTCHAR uni258F
ENCODING 9615
SWIDTH 1000 0
DWIDTH 8 0
BBX 1 8 0 -1
BITMAP
80
80
80
80
80
80
80
80
ENDCHAR
STARTCHAR uni2590
ENCODING 9616
SWIDTH 1000 0
DWIDTH 8 0
BBX 4 8 4 -1
BITMAP
F0
F0
F0
F0
F0
F0
F0
F0
ENDCHAR
STARTCHAR uni2591
ENCODING 9617
SWIDTH 1000 0
DWIDTH 8 0
BBX 7 7 0 0
BITMAP
AA
00
AA
00
AA
00
AA
ENDCHAR
STARTCHAR uni2592
ENCODING 9618
SWIDTH 1000 0
DWIDTH 8 0
BBX 7 7 0 0
BITMAP
AA
54
AA
54
AA
54
AA
ENDCHAR
STARTCHAR uni2593
ENCODING 9619
SWIDTH 1000 0
DWIDTH 8 0
BBX 7 7 0 0
BITMAP
FE
AA
FE
AA
FE
AA
FE
ENDCHAR
STARTCHAR uni2594
ENCODING 9620
SWIDTH 1000 0
DWIDTH 8 0
BBX 8 1 0 6
BITMAP
FF
ENDCHAR
STARTCHAR uni2595
ENCODING 9621
SWIDTH 1000 0
DWIDTH 8 0
BBX 1 8 7 -1
BITMAP
80
80
80
80
80
80
80
80
ENDCHAR
STARTCHAR uni2596
ENCODING 9622
SWIDTH 1000 0
DWIDTH 8 0
BBX 4 4 0 -1
BITMAP
F0
F0
F0
F0
ENDCHAR
STARTCHAR uni2597
ENCODING 9623
SWIDTH 1000 0
DWIDTH 8 0
BBX 4 4 4 -1
BITMAP
F0
F0
F0
F0
ENDCHAR
STARTCHAR uni2598
ENCODING 9624
SWIDTH 1000 0
DWIDTH 8 0
BBX 4 4 0 3
BITMAP
F0
F0
F0
F0
ENDCHAR
STARTCHAR uni2599
ENCODING 9625
SWIDTH 1000 0
DWIDTH 8 0
BBX 8 8 0 -1
BITMAP
F0
F0
F0
F0
FF
FF
FF
FF
ENDCHAR
STARTCHAR uni259A
ENCODING 9626
SWIDTH 1000 0
DWIDTH 8 0
BBX 8 8 0 -1
BITMAP
F0
F0
F0
F0
0F
0F
0F
0F
ENDCHAR
STARTCHAR uni259B
ENCODING 9627
SWIDTH 1000 0
DWIDTH 8 0
BBX 8 8 0 -1
BITMAP
FF
FF
FF
FF
F8
78
78
78
ENDCHAR
STARTCHAR uni259C
ENCODING 9628
SWIDTH 1000 0
DWIDTH 8 0
BBX 8 8 0 -1
BITMAP
FF
FF
FF
FF
87
87
87
87
ENDCHAR
STARTCHAR uni259D
ENCODING 9629
SWIDTH 1000 0
DWIDTH 8 0
BBX 4 4 4 3
BITMAP
F0
F0
F0
F0
ENDCHAR
STARTCHAR uni259E
ENCODING 9630
SWIDTH 1000 0
DWIDTH 8 0
BBX 8 8 0 -1
BITMAP
0F
0F
0F
0F
F0
F0
F0
F0
ENDCHAR
STARTCHAR uni259F
ENCODING 9631
SWIDTH 1000 0
DWIDTH 8 0
BBX 8 8 0 -1
BITMAP
0F
0F
0F
0F
FF
FF
FF
FF
ENDCHAR
STARTCHAR uni25A0
ENCODING 9632
SWIDTH 1000 0
DWIDTH 8 0
BBX 7 7 0 0
BITMAP
FE
FE
FE
FE
FE
FE
FE
ENDCHAR
STARTCHAR uni25A1
ENCODING 9633
SWIDTH 1000 0
DWIDTH 8 0
BBX 7 7 0 0
BITMAP
FE
82
82
82
82
82
FE
ENDCHAR
STARTCHAR uni25A2
ENCODING 9634
SWIDTH 1000 0
DWIDTH 8 0
BBX 7 7 0 0
BITMAP
7C
82
82
82
82
82
7C
ENDCHAR
STARTCHAR uni25B2
ENCODING 9650
SWIDTH 1000 0
DWIDTH 8 0
BBX 7 7 0 0
BITMAP
10
38
38
7C
7C
FE
FE
ENDCHAR
STARTCHAR uni25B3
ENCODING 9651
SWIDTH 1000 0
DWIDTH 8 0
BBX 7 7 0 0
BITMAP
10
28
28
44
44
82
FE
ENDCHAR
STARTCHAR uni25B6
ENCODING 9654
SWIDTH 1000 0
DWIDTH 8 0
BBX 7 7 0 0
BITMAP
C0
F0
FC
FE
FC
F0
C0
ENDCHAR
STARTCHAR uni25B7
ENCODING 9655
SWIDTH 1000 0
DWIDTH 8 0
BBX 7 7 0 0
BITMAP
C0
B0
8C
82
8C
B0
C0
ENDCHAR
STARTCHAR uni25BC
ENCODING 9660
SWIDTH 1000 0
DWIDTH 8 0
BBX 7 7 0 0
BITMAP
FE
FE
7C
7C
38
38
10
ENDCHAR
STARTCHAR uni25BD
ENCODING 9661
SWIDTH 1000 0
DWIDTH 8 0
BBX 7 7 0 0
BITMAP
FE
82
44
44
28
28
10
ENDCHAR
STARTCHAR uni25C0
ENCODING 9664
SWIDTH 1000 0
DWIDTH 8 0
BBX 7 7 0 0
BITMAP
06
1E
7E
FE
7E
1E
06
ENDCHAR
STARTCHAR uni25C1
ENCODING 9665
SWIDTH 1000 0
DWIDTH 8 0
BBX 7 7 0 0
BITMAP
06
1A
62
82
62
1A
06
ENDCHAR
STARTCHAR uni25C6
ENCODING 9670
SWIDTH 1000 0
DWIDTH 8 0
BBX 7 7 0 0
BITMAP
10
38
7C
FE
7C
38
10
ENDCHAR
STARTCHAR uni25C7
ENCODING 9671
SWIDTH 1000 0
DWIDTH 8 0
BBX 7 7 0 0
BITMAP
10
28
44
82
44
28
10
ENDCHAR
STARTCHAR uni25CA
ENCODING 9674
SWIDTH 750 0
DWIDTH 6 0
BBX 5 7 0 0
BITMAP
20
50
88
88
88
50
20
ENDCHAR
STARTCHAR uni25CB
ENCODING 9675
SWIDTH 1000 0
DWIDTH 8 0
BBX 7 7 0 0
BITMAP
38
44
82
82
82
44
38
ENDCHAR
STARTCHAR uni25CE
ENCODING 9678
SWIDTH 1000 0
DWIDTH 8 0
BBX 7 7 0 0
BITMAP
38
44
92
AA
92
44
38
ENDCHAR
STARTCHAR uni25CF
ENCODING 9679
SWIDTH 1000 0
DWIDTH 8 0
BBX 7 7 0 0
BITMAP
38
7C
FE
FE
FE
7C
38
ENDCHAR
STARTCHAR uni25E2
ENCODING 9698
SWIDTH 1000 0
DWIDTH 8 0
BBX 7 7 0 0
BITMAP
02
06
0E
1E
3E
7E
FE
ENDCHAR
STARTCHAR uni25E3
ENCODING 9699
SWIDTH 1000 0
DWIDTH 8 0
BBX 7 7 0 0
BITMAP
80
C0
E0
F0
F8
FC
FE
ENDCHAR
STARTCHAR uni25E4
ENCODING 9700
SWIDTH 1000 0
DWIDTH 8 0
BBX 7 7 0 0
BITMAP
FE
FC
F8
F0
E0
C0
80
ENDCHAR
STARTCHAR uni25E5
ENCODING 9701
SWIDTH 1000 0
DWIDTH 8 0
BBX 7 7 0 0
BITMAP
FE
7E
3E
1E
0E
06
02
ENDCHAR
STARTCHAR uni25E7
ENCODING 9703
SWIDTH 1000 0
DWIDTH 8 0
BBX 7 7 0 0
BITMAP
FE
F2
F2
F2
F2
F2
FE
ENDCHAR
STARTCHAR uni25E8
ENCODING 9704
SWIDTH 1000 0
DWIDTH 8 0
BBX 7 7 0 0
BITMAP
FE
9E
9E
9E
9E
9E
FE
ENDCHAR
STARTCHAR uni25E9
ENCODING 9705
SWIDTH 1000 0
DWIDTH 8 0
BBX 7 7 0 0
BITMAP
FE
FE
FA
F2
E2
C2
FE
ENDCHAR
STARTCHAR uni25EA
ENCODING 9706
SWIDTH 1000 0
DWIDTH 8 0
BBX 7 7 0 0
BITMAP
FE
86
8E
9E
BE
FE
FE
ENDCHAR
STARTCHAR uni25EF
ENCODING 9711
SWIDTH 1000 0
DWIDTH 8 0
BBX 7 7 0 0
BITMAP
7C
82
82
82
82
82
7C
ENDCHAR
STARTCHAR uni2600
ENCODING 9728
SWIDTH 1000 0
DWIDTH 8 0
BBX 7 7 0 0
BITMAP
92
44
38
BA
38
44
92
ENDCHAR
STARTCHAR uni2601
ENCODING 9729
SWIDTH 1000 0
DWIDTH 8 0
BBX 7 5 0 1
BITMAP
1C
62
92
82
7C
ENDCHAR
STARTCHAR uni2602
ENCODING 9730
SWIDTH 1000 0
DWIDTH 8 0
BBX 7 7 0 0
BITMAP
38
44
82
FE
92
10
30
ENDCHAR
STARTCHAR uni2603
ENCODING 9731
SWIDTH 1000 0
DWIDTH 8 0
BBX 7 7 0 0
BITMAP
3A
44
44
AA
82
44
B8
ENDCHAR
STARTCHAR uni2604
ENCODING 9732
SWIDTH 1000 0
DWIDTH 8 0
BBX 7 7 0 0
BITMAP
22
24
08
60
96
90
60
ENDCHAR
STARTCHAR uni2605
ENCODING 9733
SWIDTH 1000 0
DWIDTH 8 0
BBX 7 7 0 0
BITMAP
10
38
FE
FE
7C
7C
6C
ENDCHAR
STARTCHAR uni2606
ENCODING 9734
SWIDTH 1000 0
DWIDTH 8 0
BBX 7 7 0 0
BITMAP
10
28
C6
82
44
54
6C
ENDCHAR
STARTCHAR uni2609
ENCODING 9737
SWIDTH 1000 0
DWIDTH 8 0
BBX 7 7 0 0
BITMAP
38
44
82
92
82
44
38
ENDCHAR
STARTCHAR uni2610
ENCODING 9744
SWIDTH 1000 0
DWIDTH 8 0
BBX 7 7 0 0
BITMAP
FE
82
82
82
82
82
FE
ENDCHAR
STARTCHAR uni2611
ENCODING 9745
SWIDTH 1000 0
DWIDTH 8 0
BBX 7 7 0 0
BITMAP
FE
82
86
AA
92
82
FE
ENDCHAR
STARTCHAR uni2612
ENCODING 9746
SWIDTH 1000 0
DWIDTH 8 0
BBX 7 7 0 0
BITMAP
FE
82
AA
92
AA
82
FE
ENDCHAR
STARTCHAR uni2620
ENCODING 9760
SWIDTH 1000 0
DWIDTH 8 0
BBX 7 7 0 0
BITMAP
82
38
7C
54
7C
28
82
ENDCHAR
STARTCHAR uni262E
ENCODING 9774
SWIDTH 1000 0
DWIDTH 8 0
BBX 7 7 0 0
BITMAP
38
54
92
BA
D6
54
38
ENDCHAR
STARTCHAR uni262F
ENCODING 9775
SWIDTH 1000 0
DWIDTH 8 0
BBX 7 7 0 0
BITMAP
38
64
D2
F2
EA
74
38
ENDCHAR
STARTCHAR uni2639
ENCODING 9785
SWIDTH 1000 0
DWIDTH 8 0
BBX 5 5 1 1
BITMAP
50
50
00
70
88
ENDCHAR
STARTCHAR uni263A
ENCODING 9786
SWIDTH 1000 0
DWIDTH 8 0
BBX 5 5 1 1
BITMAP
50
50
00
88
70
ENDCHAR
STARTCHAR uni263B
ENCODING 9787
SWIDTH 1000 0
DWIDTH 8 0
BBX 7 7 0 0
BITMAP
7C
D6
D6
FE
BA
C6
7C
ENDCHAR
STARTCHAR uni2640
ENCODING 9792
SWIDTH 750 0
DWIDTH 6 0
BBX 5 8 0 -1
BITMAP
70
88
88
88
70
20
F8
20
ENDCHAR
STARTCHAR uni2641
ENCODING 9793
SWIDTH 750 0
DWIDTH 6 0
BBX 5 8 0 0
BITMAP
20
F8
20
70
88
88
88
70
ENDCHAR
STARTCHAR uni2642
ENCODING 9794
SWIDTH 750 0
DWIDTH 6 0
BBX 5 8 0 0
BITMAP
20
70
A8
70
88
88
88
70
ENDCHAR
STARTCHAR uni2660
ENCODING 9824
SWIDTH 1000 0
DWIDTH 8 0
BBX 7 7 0 0
BITMAP
10
38
7C
FE
D6
10
7C
ENDCHAR
STARTCHAR uni2661
ENCODING 9825
SWIDTH 1000 0
DWIDTH 8 0
BBX 7 7 0 0
BITMAP
6C
92
82
82
44
28
10
ENDCHAR
STARTCHAR uni2662
ENCODING 9826
SWIDTH 1000 0
DWIDTH 8 0
BBX 7 7 0 0
BITMAP
10
28
44
82
44
28
10
ENDCHAR
STARTCHAR uni2663
ENCODING 9827
SWIDTH 1000 0
DWIDTH 8 0
BBX 7 7 0 0
BITMAP
38
38
FE
FE
D6
10
38
ENDCHAR
STARTCHAR uni2664
ENCODING 9828
SWIDTH 1000 0
DWIDTH 8 0
BBX 7 7 0 0
BITMAP
10
28
44
AA
D6
10
7C
ENDCHAR
STARTCHAR uni2665
ENCODING 9829
SWIDTH 1000 0
DWIDTH 8 0
BBX 7 7 0 0
BITMAP
6C
FE
FE
FE
7C
38
10
ENDCHAR
STARTCHAR uni2666
ENCODING 9830
SWIDTH 1000 0
DWIDTH 8 0
BBX 7 7 0 0
BITMAP
10
38
7C
FE
7C
38
10
ENDCHAR
STARTCHAR uni2667
ENCODING 9831
SWIDTH 1000 0
DWIDTH 8 0
BBX 7 7 0 0
BITMAP
38
28
EE
BA
D6
10
7C
ENDCHAR
STARTCHAR uni2669
ENCODING 9833
SWIDTH 1000 0
DWIDTH 8 0
BBX 4 7 1 0
BITMAP
10
10
10
10
70
F0
E0
ENDCHAR
STARTCHAR uni266A
ENCODING 9834
SWIDTH 1000 0
DWIDTH 8 0
BBX 6 7 1 0
BITMAP
10
18
14
14
70
F0
E0
ENDCHAR
STARTCHAR uni266D
ENCODING 9837
SWIDTH 625 0
DWIDTH 5 0
BBX 4 7 0 0
BITMAP
80
80
E0
90
90
A0
C0
ENDCHAR
STARTCHAR uni266F
ENCODING 9839
SWIDTH 750 0
DWIDTH 6 0
BBX 5 7 0 0
BITMAP
10
58
70
D8
70
D0
40
ENDCHAR
STARTCHAR uni2693
ENCODING 9875
SWIDTH 1000 0
DWIDTH 8 0
BBX 7 7 0 0
BITMAP
10
28
10
38
92
54
38
ENDCHAR
STARTCHAR uni2694
ENCODING 9876
SWIDTH 1000 0
DWIDTH 8 0
BBX 7 7 0 0
BITMAP
82
44
28
10
AA
44
AA
ENDCHAR
STARTCHAR uni2697
ENCODING 9879
SWIDTH 1000 0
DWIDTH 8 0
BBX 5 7 1 0
BITMAP
18
38
50
88
F8
F8
70
ENDCHAR
STARTCHAR uni26A0
ENCODING 9888
SWIDTH 1000 0
DWIDTH 8 0
BBX 7 7 0 0
BITMAP
10
38
28
6C
7C
EE
FE
ENDCHAR
STARTCHAR uni26A1
ENCODING 9889
SWIDTH 750 0
DWIDTH 6 0
BBX 5 7 0 0
BITMAP
10
20
40
F8
10
20
40
ENDCHAR
STARTCHAR uni26C4
ENCODING 9924
SWIDTH 1000 0
DWIDTH 8 0
BBX 7 7 0 0
BITMAP
38
44
44
AA
82
44
38
ENDCHAR
STARTCHAR uni26C8
ENCODING 9928
SWIDTH 1000 0
DWIDTH 8 0
BBX 7 7 0 0
BITMAP
1C
62
92
82
7C
4A
94
ENDCHAR
STARTCHAR uni26CF
ENCODING 9935
SWIDTH 1000 0
DWIDTH 8 0
BBX 7 7 0 0
BITMAP
72
0C
0C
12
22
42
80
ENDCHAR
STARTCHAR uni2702
ENCODING 9986
SWIDTH 1000 0
DWIDTH 8 0
BBX 7 7 0 0
BITMAP
6C
AA
EE
10
28
44
82
ENDCHAR
STARTCHAR uni2709
ENCODING 9993
SWIDTH 1000 0
DWIDTH 8 0
BBX 7 6 0 0
BITMAP
FE
C6
AA
92
82
FE
ENDCHAR
STARTCHAR uni2713
ENCODING 10003
SWIDTH 875 0
DWIDTH 7 0
BBX 6 7 0 0
BITMAP
04
04
08
88
90
50
20
ENDCHAR
STARTCHAR uni2714
ENCODING 10004
SWIDTH 1000 0
DWIDTH 8 0
BBX 7 7 0 0
BITMAP
06
06
0C
CC
D8
78
30
ENDCHAR
STARTCHAR uni2717
ENCODING 10007
SWIDTH 875 0
DWIDTH 7 0
BBX 6 7 0 0
BITMAP
04
44
28
10
28
44
84
ENDCHAR
STARTCHAR uni2718
ENCODING 10008
SWIDTH 1000 0
DWIDTH 8 0
BBX 7 7 0 0
BITMAP
46
66
3C
18
3C
66
C6
ENDCHAR
STARTCHAR uni272B
ENCODING 10027
SWIDTH 1000 0
DWIDTH 8 0
BBX 7 7 0 0
BITMAP
10
38
EE
C6
44
7C
6C
ENDCHAR
STARTCHAR uni2744
ENCODING 10052
SWIDTH 1000 0
DWIDTH 8 0
BBX 7 7 0 0
BITMAP
10
BA
D6
38
D6
BA
10
ENDCHAR
STARTCHAR uni2763
ENCODING 10083
SWIDTH 1000 0
DWIDTH 8 0
BBX 5 7 1 0
BITMAP
D8
F8
70
20
00
70
70
ENDCHAR
STARTCHAR uni2776
ENCODING 10102
SWIDTH 1000 0
DWIDTH 8 0
BBX 7 7 0 0
BITMAP
7C
CE
EE
EE
EE
EE
7C
ENDCHAR
STARTCHAR uni2777
ENCODING 10103
SWIDTH 1000 0
DWIDTH 8 0
BBX 7 7 0 0
BITMAP
7C
CE
F6
EE
DE
C6
7C
ENDCHAR
STARTCHAR uni2778
ENCODING 10104
SWIDTH 1000 0
DWIDTH 8 0
BBX 7 7 0 0
BITMAP
7C
C6
F6
EE
F6
CE
7C
ENDCHAR
STARTCHAR uni2779
ENCODING 10105
SWIDTH 1000 0
DWIDTH 8 0
BBX 7 7 0 0
BITMAP
7C
F6
E6
D6
C6
F6
7C
ENDCHAR
STARTCHAR uni277A
ENCODING 10106
SWIDTH 1000 0
DWIDTH 8 0
BBX 7 7 0 0
BITMAP
7C
C6
DE
C6
F6
CE
7C
ENDCHAR
STARTCHAR uni277B
ENCODING 10107
SWIDTH 1000 0
DWIDTH 8 0
BBX 7 7 0 0
BITMAP
7C
EE
DE
C6
D6
CE
7C
ENDCHAR
STARTCHAR uni277C
ENCODING 10108
SWIDTH 1000 0
DWIDTH 8 0
BBX 7 7 0 0
BITMAP
7C
C6
F6
EE
EE
EE
7C
ENDCHAR
STARTCHAR uni277D
ENCODING 10109
SWIDTH 1000 0
DWIDTH 8 0
BBX 7 7 0 0
BITMAP
7C
E6
D6
EE
D6
CE
7C
ENDCHAR
STARTCHAR uni277E
ENCODING 10110
SWIDTH 1000 0
DWIDTH 8 0
BBX 7 7 0 0
BITMAP
7C
E6
D6
C6
F6
EE
7C
ENDCHAR
STARTCHAR uni277F
ENCODING 10111
SWIDTH 1000 0
DWIDTH 8 0
BBX 7 7 0 0
BITMAP
7C
B2
AA
AA
AA
A6
7C
ENDCHAR
STARTCHAR uni2780
ENCODING 10112
SWIDTH 1000 0
DWIDTH 8 0
BBX 7 7 0 0
BITMAP
7C
B2
92
92
92
92
7C
ENDCHAR
STARTCHAR uni2781
ENCODING 10113
SWIDTH 1000 0
DWIDTH 8 0
BBX 7 7 0 0
BITMAP
7C
B2
8A
92
A2
BA
7C
ENDCHAR
STARTCHAR uni2782
ENCODING 10114
SWIDTH 1000 0
DWIDTH 8 0
BBX 7 7 0 0
BITMAP
7C
BA
8A
92
8A
B2
7C
ENDCHAR
STARTCHAR uni2783
ENCODING 10115
SWIDTH 1000 0
DWIDTH 8 0
BBX 7 7 0 0
BITMAP
7C
8A
9A
AA
BA
8A
7C
ENDCHAR
STARTCHAR uni2784
ENCODING 10116
SWIDTH 1000 0
DWIDTH 8 0
BBX 7 7 0 0
BITMAP
7C
BA
A2
BA
8A
B2
7C
ENDCHAR
STARTCHAR uni2785
ENCODING 10117
SWIDTH 1000 0
DWIDTH 8 0
BBX 7 7 0 0
BITMAP
7C
92
A2
BA
AA
B2
7C
ENDCHAR
STARTCHAR uni2786
ENCODING 10118
SWIDTH 1000 0
DWIDTH 8 0
BBX 7 7 0 0
BITMAP
7C
BA
8A
92
92
92
7C
ENDCHAR
STARTCHAR uni2787
ENCODING 10119
SWIDTH 1000 0
DWIDTH 8 0
BBX 7 7 0 0
BITMAP
7C
9A
AA
92
AA
B2
7C
ENDCHAR
STARTCHAR uni2788
ENCODING 10120
SWIDTH 1000 0
DWIDTH 8 0
BBX 7 7 0 0
BITMAP
7C
9A
AA
BA
8A
92
7C
ENDCHAR
STARTCHAR uni2789
ENCODING 10121
SWIDTH 1000 0
DWIDTH 8 0
BBX 7 7 0 0
BITMAP
7C
CE
54
54
54
DA
7C
ENDCHAR
STARTCHAR uni278A
ENCODING 10122
SWIDTH 1000 0
DWIDTH 8 0
BBX 7 7 0 0
BITMAP
7C
CE
EE
EE
EE
EE
7C
ENDCHAR
STARTCHAR uni278B
ENCODING 10123
SWIDTH 1000 0
DWIDTH 8 0
BBX 7 7 0 0
BITMAP
7C
CE
F6
EE
DE
C6
7C
ENDCHAR
STARTCHAR uni278C
ENCODING 10124
SWIDTH 1000 0
DWIDTH 8 0
BBX 7 7 0 0
BITMAP
7C
C6
F6
EE
F6
CE
7C
ENDCHAR
STARTCHAR uni278D
ENCODING 10125
SWIDTH 1000 0
DWIDTH 8 0
BBX 7 7 0 0
BITMAP
7C
F6
E6
D6
C6
F6
7C
ENDCHAR
STARTCHAR uni278E
ENCODING 10126
SWIDTH 1000 0
DWIDTH 8 0
BBX 7 7 0 0
BITMAP
7C
C6
DE
C6
F6
CE
7C
ENDCHAR
STARTCHAR uni278F
ENCODING 10127
SWIDTH 1000 0
DWIDTH 8 0
BBX 7 7 0 0
BITMAP
7C
EE
DE
C6
D6
CE
7C
ENDCHAR
STARTCHAR uni2790
ENCODING 10128
SWIDTH 1000 0
DWIDTH 8 0
BBX 7 7 0 0
BITMAP
7C
C6
F6
EE
EE
EE
7C
ENDCHAR
STARTCHAR uni2791
ENCODING 10129
SWIDTH 1000 0
DWIDTH 8 0
BBX 7 7 0 0
BITMAP
7C
E6
D6
EE
D6
CE
7C
ENDCHAR
STARTCHAR uni2792
ENCODING 10130
SWIDTH 1000 0
DWIDTH 8 0
BBX 7 7 0 0
BITMAP
7C
E6
D6
C6
F6
EE
7C
ENDCHAR
STARTCHAR uni2793
ENCODING 10131
SWIDTH 1000 0
DWIDTH 8 0
BBX 7 7 0 0
BITMAP
7C
B2
AA
AA
AA
A6
7C
ENDCHAR
STARTCHAR uni27E8
ENCODING 10216
SWIDTH 625 0
DWIDTH 5 0
BBX 4 7 0 0
BITMAP
10
20
40
80
40
20
10
ENDCHAR
STARTCHAR uni27E9
ENCODING 10217
SWIDTH 625 0
DWIDTH 5 0
BBX 4 7 0 0
BITMAP
80
40
20
10
20
40
80
ENDCHAR
STARTCHAR uni2800
ENCODING 10240
SWIDTH 500 0
DWIDTH 4 0
BBX 0 0 0 0
BITMAP
ENDCHAR
STARTCHAR uni2801
ENCODING 10241
SWIDTH 500 0
DWIDTH 4 0
BBX 1 1 0 6
BITMAP
80
ENDCHAR
STARTCHAR uni2802
ENCODING 10242
SWIDTH 500 0
DWIDTH 4 0
BBX 1 1 0 4
BITMAP
80
ENDCHAR
STARTCHAR uni2803
ENCODING 10243
SWIDTH 500 0
DWIDTH 4 0
BBX 1 3 0 4
BITMAP
80
00
80
ENDCHAR
STARTCHAR uni2804
ENCODING 10244
SWIDTH 500 0
DWIDTH 4 0
BBX 1 1 0 2
BITMAP
80
ENDCHAR
STARTCHAR uni2805
ENCODING 10245
SWIDTH 500 0
DWIDTH 4 0
BBX 1 5 0 2
BITMAP
80
00
00
00
80
ENDCHAR
STARTCHAR uni2806
ENCODING 10246
SWIDTH 500 0
DWIDTH 4 0
BBX 1 3 0 2
BITMAP
80
00
80
ENDCHAR
STARTCHAR uni2807
ENCODING 10247
SWIDTH 500 0
DWIDTH 4 0
BBX 1 5 0 2
BITMAP
80
00
80
00
80
ENDCHAR
STARTCHAR uni2808
ENCODING 10248
SWIDTH 500 0
DWIDTH 4 0
BBX 1 1 2 6
BITMAP
80
ENDCHAR
STARTCHAR uni2809
ENCODING 10249
SWIDTH 500 0
DWIDTH 4 0
BBX 3 1 0 6
BITMAP
A0
ENDCHAR
STARTCHAR uni280A
ENCODING 10250
SWIDTH 500 0
DWIDTH 4 0
BBX 3 3 0 4
BITMAP
20
00
80
ENDCHAR
STARTCHAR uni280B
ENCODING 10251
SWIDTH 500 0
DWIDTH 4 0
BBX 3 3 0 4
BITMAP
A0
00
80
ENDCHAR
STARTCHAR uni280C
ENCODING 10252
SWIDTH 500 0
DWIDTH 4 0
BBX 3 5 0 2
BITMAP
20
00
00
00
80
ENDCHAR
STARTCHAR uni280D
ENCODING 10253
SWIDTH 500 0
DWIDTH 4 0
BBX 3 5 0 2
BITMAP
A0
00
00
00
80
ENDCHAR
STARTCHAR uni280E
ENCODING 10254
SWIDTH 500 0
DWIDTH 4 0
BBX 3 5 0 2
BITMAP
20
00
80
00
80
ENDCHAR
STARTCHAR uni280F
ENCODING 10255
SWIDTH 500 0
DWIDTH 4 0
BBX 3 5 0 2
BITMAP
A0
00
80
00
80
ENDCHAR
STARTCHAR uni2810
ENCODING 10256
SWIDTH 500 0
DWIDTH 4 0
BBX 1 1 2 4
BITMAP
80
ENDCHAR
STARTCHAR uni2811
ENCODING 10257
SWIDTH 500 0
DWIDTH 4 0
BBX 3 3 0 4
BITMAP
80
00
20
ENDCHAR
STARTCHAR uni2812
ENCODING 10258
SWIDTH 500 0
DWIDTH 4 0
BBX 3 1 0 4
BITMAP
A0
ENDCHAR
STARTCHAR uni2813
ENCODING 10259
SWIDTH 500 0
DWIDTH 4 0
BBX 3 3 0 4
BITMAP
80
00
A0
ENDCHAR
STARTCHAR uni2814
ENCODING 10260
SWIDTH 500 0
DWIDTH 4 0
BBX 3 3 0 2
BITMAP
20
00
80
ENDCHAR
STARTCHAR uni2815
ENCODING 10261
SWIDTH 500 0
DWIDTH 4 0
BBX 3 5 0 2
BITMAP
80
00
20
00
80
ENDCHAR
STARTCHAR uni2816
ENCODING 10262
SWIDTH 500 0
DWIDTH 4 0
BBX 3 3 0 2
BITMAP
A0
00
80
ENDCHAR
STARTCHAR uni2817
ENCODING 10263
SWIDTH 500 0
DWIDTH 4 0
BBX 3 5 0 2
BITMAP
80
00
A0
00
80
ENDCHAR
STARTCHAR uni2818
ENCODING 10264
SWIDTH 500 0
DWIDTH 4 0
BBX 1 3 2 4
BITMAP
80
00
80
ENDCHAR
STARTCHAR uni2819
ENCODING 10265
SWIDTH 500 0
DWIDTH 4 0
BBX 3 3 0 4
BITMAP
A0
00
20
ENDCHAR
STARTCHAR uni281A
ENCODING 10266
SWIDTH 500 0
DWIDTH 4 0
BBX 3 3 0 4
BITMAP
20
00
A0
ENDCHAR
STARTCHAR uni281B
ENCODING 10267
SWIDTH 500 0
DWIDTH 4 0
BBX 3 3 0 4
BITMAP
A0
00
A0
ENDCHAR
STARTCHAR uni281C
ENCODING 10268
SWIDTH 500 0
DWIDTH 4 0
BBX 3 5 0 2
BITMAP
20
00
20
00
80
ENDCHAR
STARTCHAR uni281D
ENCODING 10269
SWIDTH 500 0
DWIDTH 4 0
BBX 3 5 0 2
BITMAP
A0
00
20
00
80
ENDCHAR
STARTCHAR uni281E
ENCODING 10270
SWIDTH 500 0
DWIDTH 4 0
BBX 3 5 0 2
BITMAP
20
00
A0
00
80
ENDCHAR
STARTCHAR uni281F
ENCODING 10271
SWIDTH 500 0
DWIDTH 4 0
BBX 3 5 0 2
BITMAP
A0
00
A0
00
80
ENDCHAR
STARTCHAR uni2820
ENCODING 10272
SWIDTH 500 0
DWIDTH 4 0
BBX 1 1 2 2
BITMAP
80
ENDCHAR
STARTCHAR uni2821
ENCODING 10273
SWIDTH 500 0
DWIDTH 4 0
BBX 3 5 0 2
BITMAP
80
00
00
00
20
ENDCHAR
STARTCHAR uni2822
ENCODING 10274
SWIDTH 500 0
DWIDTH 4 0
BBX 3 3 0 2
BITMAP
80
00
20
ENDCHAR
STARTCHAR uni2823
ENCODING 10275
SWIDTH 500 0
DWIDTH 4 0
BBX 3 5 0 2
BITMAP
80
00
80
00
20
ENDCHAR
STARTCHAR uni2824
ENCODING 10276
SWIDTH 500 0
DWIDTH 4 0
BBX 3 1 0 2
BITMAP
A0
ENDCHAR
STARTCHAR uni2825
ENCODING 10277
SWIDTH 500 0
DWIDTH 4 0
BBX 3 5 0 2
BITMAP
80
00
00
00
A0
ENDCHAR
STARTCHAR uni2826
ENCODING 10278
SWIDTH 500 0
DWIDTH 4 0
BBX 3 3 0 2
BITMAP
80
00
A0
ENDCHAR
STARTCHAR uni2827
ENCODING 10279
SWIDTH 500 0
DWIDTH 4 0
BBX 3 5 0 2
BITMAP
80
00
80
00
A0
ENDCHAR
STARTCHAR uni2828
ENCODING 10280
SWIDTH 500 0
DWIDTH 4 0
BBX 1 5 2 2
BITMAP
80
00
00
00
80
ENDCHAR
STARTCHAR uni2829
ENCODING 10281
SWIDTH 500 0
DWIDTH 4 0
BBX 3 5 0 2
BITMAP
A0
00
00
00
20
ENDCHAR
STARTCHAR uni282A
ENCODING 10282
SWIDTH 500 0
DWIDTH 4 0
BBX 3 5 0 2
BITMAP
20
00
80
00
20
ENDCHAR
STARTCHAR uni282B
ENCODING 10283
SWIDTH 500 0
DWIDTH 4 0
BBX 3 5 0 2
BITMAP
A0
00
80
00
20
ENDCHAR
STARTCHAR uni282C
ENCODING 10284
SWIDTH 500 0
DWIDTH 4 0
BBX 3 5 0 2
BITMAP
20
00
00
00
A0
ENDCHAR
STARTCHAR uni282D
ENCODING 10285
SWIDTH 500 0
DWIDTH 4 0
BBX 3 5 0 2
BITMAP
A0
00
00
00
A0
ENDCHAR
STARTCHAR uni282E
ENCODING 10286
SWIDTH 500 0
DWIDTH 4 0
BBX 3 5 0 2
BITMAP
20
00
80
00
A0
ENDCHAR
STARTCHAR uni282F
ENCODING 10287
SWIDTH 500 0
DWIDTH 4 0
BBX 3 5 0 2
BITMAP
A0
00
80
00
A0
ENDCHAR
STARTCHAR uni2830
ENCODING 10288
SWIDTH 500 0
DWIDTH 4 0
BBX 1 3 2 2
BITMAP
80
00
80
ENDCHAR
STARTCHAR uni2831
ENCODING 10289
SWIDTH 500 0
DWIDTH 4 0
BBX 3 5 0 2
BITMAP
80
00
20
00
20
ENDCHAR
STARTCHAR uni2832
ENCODING 10290
SWIDTH 500 0
DWIDTH 4 0
BBX 3 3 0 2
BITMAP
A0
00
20
ENDCHAR
STARTCHAR uni2833
ENCODING 10291
SWIDTH 500 0
DWIDTH 4 0
BBX 3 5 0 2
BITMAP
80
00
A0
00
20
ENDCHAR
STARTCHAR uni2834
ENCODING 10292
SWIDTH 500 0
DWIDTH 4 0
BBX 3 3 0 2
BITMAP
20
00
A0
ENDCHAR
STARTCHAR uni2835
ENCODING 10293
SWIDTH 500 0
DWIDTH 4 0
BBX 3 5 0 2
BITMAP
80
00
20
00
A0
ENDCHAR
STARTCHAR uni2836
ENCODING 10294
SWIDTH 500 0
DWIDTH 4 0
BBX 3 3 0 2
BITMAP
A0
00
A0
ENDCHAR
STARTCHAR uni2837
ENCODING 10295
SWIDTH 500 0
DWIDTH 4 0
BBX 3 5 0 2
BITMAP
80
00
A0
00
A0
ENDCHAR
STARTCHAR uni2838
ENCODING 10296
SWIDTH 500 0
DWIDTH 4 0
BBX 1 5 2 2
BITMAP
80
00
80
00
80
ENDCHAR
STARTCHAR uni2839
ENCODING 10297
SWIDTH 500 0
DWIDTH 4 0
BBX 3 5 0 2
BITMAP
A0
00
20
00
20
ENDCHAR
STARTCHAR uni283A
ENCODING 10298
SWIDTH 500 0
DWIDTH 4 0
BBX 3 5 0 2
BITMAP
20
00
A0
00
20
ENDCHAR
STARTCHAR uni283B
ENCODING 10299
SWIDTH 500 0
DWIDTH 4 0
BBX 3 5 0 2
BITMAP
A0
00
A0
00
20
ENDCHAR
STARTCHAR uni283C
ENCODING 10300
SWIDTH 500 0
DWIDTH 4 0
BBX 3 5 0 2
BITMAP
20
00
20
00
A0
ENDCHAR
STARTCHAR uni283D
ENCODING 10301
SWIDTH 500 0
DWIDTH 4 0
BBX 3 5 0 2
BITMAP
A0
00
20
00
A0
ENDCHAR
STARTCHAR uni283E
ENCODING 10302
SWIDTH 500 0
DWIDTH 4 0
BBX 3 5 0 2
BITMAP
20
00
A0
00
A0
ENDCHAR
STARTCHAR uni283F
ENCODING 10303
SWIDTH 500 0
DWIDTH 4 0
BBX 3 5 0 2
BITMAP
A0
00
A0
00
A0
ENDCHAR
STARTCHAR uni2840
ENCODING 10304
SWIDTH 500 0
DWIDTH 4 0
BBX 1 1 0 0
BITMAP
80
ENDCHAR
STARTCHAR uni2841
ENCODING 10305
SWIDTH 500 0
DWIDTH 4 0
BBX 1 7 0 0
BITMAP
80
00
00
00
00
00
80
ENDCHAR
STARTCHAR uni2842
ENCODING 10306
SWIDTH 500 0
DWIDTH 4 0
BBX 1 5 0 0
BITMAP
80
00
00
00
80
ENDCHAR
STARTCHAR uni2843
ENCODING 10307
SWIDTH 500 0
DWIDTH 4 0
BBX 1 7 0 0
BITMAP
80
00
80
00
00
00
80
ENDCHAR
STARTCHAR uni2844
ENCODING 10308
SWIDTH 500 0
DWIDTH 4 0
BBX 1 3 0 0
BITMAP
80
00
80
ENDCHAR
STARTCHAR uni2845
ENCODING 10309
SWIDTH 500 0
DWIDTH 4 0
BBX 1 7 0 0
BITMAP
80
00
00
00
80
00
80
ENDCHAR
STARTCHAR uni2846
ENCODING 10310
SWIDTH 500 0
DWIDTH 4 0
BBX 1 5 0 0
BITMAP
80
00
80
00
80
ENDCHAR
STARTCHAR uni2847
ENCODING 10311
SWIDTH 500 0
DWIDTH 4 0
BBX 1 7 0 0
BITMAP
80
00
80
00
80
00
80
ENDCHAR
STARTCHAR uni2848
ENCODING 10312
SWIDTH 500 0
DWIDTH 4 0
BBX 3 7 0 0
BITMAP
20
00
00
00
00
00
80
ENDCHAR
STARTCHAR uni2849
ENCODING 10313
SWIDTH 500 0
DWIDTH 4 0
BBX 3 7 0 0
BITMAP
A0
00
00
00
00
00
80
ENDCHAR
STARTCHAR uni284A
ENCODING 10314
SWIDTH 500 0
DWIDTH 4 0
BBX 3 7 0 0
BITMAP
20
00
80
00
00
00
80
ENDCHAR
STARTCHAR uni284B
ENCODING 10315
SWIDTH 500 0
DWIDTH 4 0
BBX 3 7 0 0
BITMAP
A0
00
80
00
00
00
80
ENDCHAR
STARTCHAR uni284C
ENCODING 10316
SWIDTH 500 0
DWIDTH 4 0
BBX 3 7 0 0
BITMAP
20
00
00
00
80
00
80
ENDCHAR
STARTCHAR uni284D
ENCODING 10317
SWIDTH 500 0
DWIDTH 4 0
BBX 3 7 0 0
BITMAP
A0
00
00
00
80
00
80
ENDCHAR
STARTCHAR uni284E
ENCODING 10318
SWIDTH 500 0
DWIDTH 4 0
BBX 3 7 0 0
BITMAP
20
00
80
00
80
00
80
ENDCHAR
STARTCHAR uni284F
ENCODING 10319
SWIDTH 500 0
DWIDTH 4 0
BBX 3 7 0 0
BITMAP
A0
00
80
00
80
00
80
ENDCHAR
STARTCHAR uni2850
ENCODING 10320
SWIDTH 500 0
DWIDTH 4 0
BBX 3 5 0 0
BITMAP
20
00
00
00
80
ENDCHAR
STARTCHAR uni2851
ENCODING 10321
SWIDTH 500 0
DWIDTH 4 0
BBX 3 7 0 0
BITMAP
80
00
20
00
00
00
80
ENDCHAR
STARTCHAR uni2852
ENCODING 10322
SWIDTH 500 0
DWIDTH 4 0
BBX 3 5 0 0
BITMAP
A0
00
00
00
80
ENDCHAR
STARTCHAR uni2853
ENCODING 10323
SWIDTH 500 0
DWIDTH 4 0
BBX 3 7 0 0
BITMAP
80
00
A0
00
00
00
80
ENDCHAR
STARTCHAR uni2854
ENCODING 10324
SWIDTH 500 0
DWIDTH 4 0
BBX 3 5 0 0
BITMAP
20
00
80
00
80
ENDCHAR
STARTCHAR uni2855
ENCODING 10325
SWIDTH 500 0
DWIDTH 4 0
BBX 3 7 0 0
BITMAP
80
00
20
00
80
00
80
ENDCHAR
STARTCHAR uni2856
ENCODING 10326
SWIDTH 500 0
DWIDTH 4 0
BBX 3 5 0 0
BITMAP
A0
00
80
00
80
ENDCHAR
STARTCHAR uni2857
ENCODING 10327
SWIDTH 500 0
DWIDTH 4 0
BBX 3 7 0 0
BITMAP
80
00
A0
00
80
00
80
ENDCHAR
STARTCHAR uni2858
ENCODING 10328
SWIDTH 500 0
DWIDTH 4 0
BBX 3 7 0 0
BITMAP
20
00
20
00
00
00
80
ENDCHAR
STARTCHAR uni2859
ENCODING 10329
SWIDTH 500 0
DWIDTH 4 0
BBX 3 7 0 0
BITMAP
A0
00
20
00
00
00
80
ENDCHAR
STARTCHAR uni285A
ENCODING 10330
SWIDTH 500 0
DWIDTH 4 0
BBX 3 7 0 0
BITMAP
20
00
A0
00
00
00
80
ENDCHAR
STARTCHAR uni285B
ENCODING 10331
SWIDTH 500 0
DWIDTH 4 0
BBX 3 7 0 0
BITMAP
A0
00
A0
00
00
00
80
ENDCHAR
STARTCHAR uni285C
ENCODING 10332
SWIDTH 500 0
DWIDTH 4 0
BBX 3 7 0 0
BITMAP
20
00
20
00
80
00
80
ENDCHAR
STARTCHAR uni285D
ENCODING 10333
SWIDTH 500 0
DWIDTH 4 0
BBX 3 7 0 0
BITMAP
A0
00
20
00
80
00
80
ENDCHAR
STARTCHAR uni285E
ENCODING 10334
SWIDTH 500 0
DWIDTH 4 0
BBX 3 7 0 0
BITMAP
20
00
A0
00
80
00
80
ENDCHAR
STARTCHAR uni285F
ENCODING 10335
SWIDTH 500 0
DWIDTH 4 0
BBX 3 7 0 0
BITMAP
A0
00
A0
00
80
00
80
ENDCHAR
STARTCHAR uni2860
ENCODING 10336
SWIDTH 500 0
DWIDTH 4 0
BBX 3 3 0 0
BITMAP
20
00
80
ENDCHAR
STARTCHAR uni2861
ENCODING 10337
SWIDTH 500 0
DWIDTH 4 0
BBX 3 7 0 0
BITMAP
80
00
00
00
20
00
80
ENDCHAR
STARTCHAR uni2862
ENCODING 10338
SWIDTH 500 0
DWIDTH 4 0
BBX 3 5 0 0
BITMAP
80
00
20
00
80
ENDCHAR
STARTCHAR uni2863
ENCODING 10339
SWIDTH 500 0
DWIDTH 4 0
BBX 3 7 0 0
BITMAP
80
00
80
00
20
00
80
ENDCHAR
STARTCHAR uni2864
ENCODING 10340
SWIDTH 500 0
DWIDTH 4 0
BBX 3 3 0 0
BITMAP
A0
00
80
ENDCHAR
STARTCHAR uni2865
ENCODING 10341
SWIDTH 500 0
DWIDTH 4 0
BBX 3 7 0 0
BITMAP
80
00
00
00
A0
00
80
ENDCHAR
STARTCHAR uni2866
ENCODING 10342
SWIDTH 500 0
DWIDTH 4 0
BBX 3 5 0 0
BITMAP
80
00
A0
00
80
ENDCHAR
STARTCHAR uni2867
ENCODING 10343
SWIDTH 500 0
DWIDTH 4 0
BBX 3 7 0 0
BITMAP
80
00
80
00
A0
00
80
ENDCHAR
STARTCHAR uni2868
ENCODING 10344
SWIDTH 500 0
DWIDTH 4 0
BBX 3 7 0 0
BITMAP
20
00
00
00
20
00
80
ENDCHAR
STARTCHAR uni2869
ENCODING 10345
SWIDTH 500 0
DWIDTH 4 0
BBX 3 7 0 0
BITMAP
A0
00
00
00
20
00
80
ENDCHAR
STARTCHAR uni286A
ENCODING 10346
SWIDTH 500 0
DWIDTH 4 0
BBX 3 7 0 0
BITMAP
20
00
80
00
20
00
80
ENDCHAR
STARTCHAR uni286B
ENCODING 10347
SWIDTH 500 0
DWIDTH 4 0
BBX 3 7 0 0
BITMAP
A0
00
80
00
20
00
80
ENDCHAR
STARTCHAR uni286C
ENCODING 10348
SWIDTH 500 0
DWIDTH 4 0
BBX 3 7 0 0
BITMAP
20
00
00
00
A0
00
80
ENDCHAR
STARTCHAR uni286D
ENCODING 10349
SWIDTH 500 0
DWIDTH 4 0
BBX 3 7 0 0
BITMAP
A0
00
00
00
A0
00
80
ENDCHAR
STARTCHAR uni286E
ENCODING 10350
SWIDTH 500 0
DWIDTH 4 0
BBX 3 7 0 0
BITMAP
20
00
80
00
A0
00
80
ENDCHAR
STARTCHAR uni286F
ENCODING 10351
SWIDTH 500 0
DWIDTH 4 0
BBX 3 7 0 0
BITMAP
A0
00
80
00
A0
00
80
ENDCHAR
STARTCHAR uni2870
ENCODING 10352
SWIDTH 500 0
DWIDTH 4 0
BBX 3 5 0 0
BITMAP
20
00
20
00
80
ENDCHAR
STARTCHAR uni2871
ENCODING 10353
SWIDTH 500 0
DWIDTH 4 0
BBX 3 7 0 0
BITMAP
80
00
20
00
20
00
80
ENDCHAR
STARTCHAR uni2872
ENCODING 10354
SWIDTH 500 0
DWIDTH 4 0
BBX 3 5 0 0
BITMAP
A0
00
20
00
80
ENDCHAR
STARTCHAR uni2873
ENCODING 10355
SWIDTH 500 0
DWIDTH 4 0
BBX 3 7 0 0
BITMAP
80
00
A0
00
20
00
80
ENDCHAR
STARTCHAR uni2874
ENCODING 10356
SWIDTH 500 0
DWIDTH 4 0
BBX 3 5 0 0
BITMAP
20
00
A0
00
80
ENDCHAR
STARTCHAR uni2875
ENCODING 10357
SWIDTH 500 0
DWIDTH 4 0
BBX 3 7 0 0
BITMAP
80
00
20
00
A0
00
80
ENDCHAR
STARTCHAR uni2876
ENCODING 10358
SWIDTH 500 0
DWIDTH 4 0
BBX 3 5 0 0
BITMAP
A0
00
A0
00
80
ENDCHAR
STARTCHAR uni2877
ENCODING 10359
SWIDTH 500 0
DWIDTH 4 0
BBX 3 7 0 0
BITMAP
80
00
A0
00
A0
00
80
ENDCHAR
STARTCHAR uni2878
ENCODING 10360
SWIDTH 500 0
DWIDTH 4 0
BBX 3 7 0 0
BITMAP
20
00
20
00
20
00
80
ENDCHAR
STARTCHAR uni2879
ENCODING 10361
SWIDTH 500 0
DWIDTH 4 0
BBX 3 7 0 0
BITMAP
A0
00
20
00
20
00
80
ENDCHAR
STARTCHAR uni287A
ENCODING 10362
SWIDTH 500 0
DWIDTH 4 0
BBX 3 7 0 0
BITMAP
20
00
A0
00
20
00
80
ENDCHAR
STARTCHAR uni287B
ENCODING 10363
SWIDTH 500 0
DWIDTH 4 0
BBX 3 7 0 0
BITMAP
A0
00
A0
00
20
00
80
ENDCHAR
STARTCHAR uni287C
ENCODING 10364
SWIDTH 500 0
DWIDTH 4 0
BBX 3 7 0 0
BITMAP
20
00
20
00
A0
00
80
ENDCHAR
STARTCHAR uni287D
ENCODING 10365
SWIDTH 500 0
DWIDTH 4 0
BBX 3 7 0 0
BITMAP
A0
00
20
00
A0
00
80
ENDCHAR
STARTCHAR uni287E
ENCODING 10366
SWIDTH 500 0
DWIDTH 4 0
BBX 3 7 0 0
BITMAP
20
00
A0
00
A0
00
80
ENDCHAR
STARTCHAR uni287F
ENCODING 10367
SWIDTH 500 0
DWIDTH 4 0
BBX 3 7 0 0
BITMAP
A0
00
A0
00
A0
00
80
ENDCHAR
STARTCHAR uni2880
ENCODING 10368
SWIDTH 500 0
DWIDTH 4 0
BBX 1 1 2 0
BITMAP
80
ENDCHAR
STARTCHAR uni2881
ENCODING 10369
SWIDTH 500 0
DWIDTH 4 0
BBX 3 7 0 0
BITMAP
80
00
00
00
00
00
20
ENDCHAR
STARTCHAR uni2882
ENCODING 10370
SWIDTH 500 0
DWIDTH 4 0
BBX 3 5 0 0
BITMAP
80
00
00
00
20
ENDCHAR
STARTCHAR uni2883
ENCODING 10371
SWIDTH 500 0
DWIDTH 4 0
BBX 3 7 0 0
BITMAP
80
00
80
00
00
00
20
ENDCHAR
STARTCHAR uni2884
ENCODING 10372
SWIDTH 500 0
DWIDTH 4 0
BBX 3 3 0 0
BITMAP
80
00
20
ENDCHAR
STARTCHAR uni2885
ENCODING 10373
SWIDTH 500 0
DWIDTH 4 0
BBX 3 7 0 0
BITMAP
80
00
00
00
80
00
20
ENDCHAR
STARTCHAR uni2886
ENCODING 10374
SWIDTH 500 0
DWIDTH 4 0
BBX 3 5 0 0
BITMAP
80
00
80
00
20
ENDCHAR
STARTCHAR uni2887
ENCODING 10375
SWIDTH 500 0
DWIDTH 4 0
BBX 3 7 0 0
BITMAP
80
00
80
00
80
00
20
ENDCHAR
STARTCHAR uni2888
ENCODING 10376
SWIDTH 500 0
DWIDTH 4 0
BBX 1 7 2 0
BITMAP
80
00
00
00
00
00
80
ENDCHAR
STARTCHAR uni2889
ENCODING 10377
SWIDTH 500 0
DWIDTH 4 0
BBX 3 7 0 0
BITMAP
A0
00
00
00
00
00
20
ENDCHAR
STARTCHAR uni288A
ENCODING 10378
SWIDTH 500 0
DWIDTH 4 0
BBX 3 7 0 0
BITMAP
20
00
80
00
00
00
20
ENDCHAR
STARTCHAR uni288B
ENCODING 10379
SWIDTH 500 0
DWIDTH 4 0
BBX 3 7 0 0
BITMAP
A0
00
80
00
00
00
20
ENDCHAR
STARTCHAR uni288C
ENCODING 10380
SWIDTH 500 0
DWIDTH 4 0
BBX 3 7 0 0
BITMAP
20
00
00
00
80
00
20
ENDCHAR
STARTCHAR uni288D
ENCODING 10381
SWIDTH 500 0
DWIDTH 4 0
BBX 3 7 0 0
BITMAP
A0
00
00
00
80
00
20
ENDCHAR
STARTCHAR uni288E
ENCODING 10382
SWIDTH 500 0
DWIDTH 4 0
BBX 3 7 0 0
BITMAP
20
00
80
00
80
00
20
ENDCHAR
STARTCHAR uni288F
ENCODING 10383
SWIDTH 500 0
DWIDTH 4 0
BBX 3 7 0 0
BITMAP
A0
00
80
00
80
00
20
ENDCHAR
STARTCHAR uni2890
ENCODING 10384
SWIDTH 500 0
DWIDTH 4 0
BBX 1 5 2 0
BITMAP
80
00
00
00
80
ENDCHAR
STARTCHAR uni2891
ENCODING 10385
SWIDTH 500 0
DWIDTH 4 0
BBX 3 7 0 0
BITMAP
80
00
20
00
00
00
20
ENDCHAR
STARTCHAR uni2892
ENCODING 10386
SWIDTH 500 0
DWIDTH 4 0
BBX 3 5 0 0
BITMAP
A0
00
00
00
20
ENDCHAR
STARTCHAR uni2893
ENCODING 10387
SWIDTH 500 0
DWIDTH 4 0
BBX 3 7 0 0
BITMAP
80
00
A0
00
00
00
20
ENDCHAR
STARTCHAR uni2894
ENCODING 10388
SWIDTH 500 0
DWIDTH 4 0
BBX 3 5 0 0
BITMAP
20
00
80
00
20
ENDCHAR
STARTCHAR uni2895
ENCODING 10389
SWIDTH 500 0
DWIDTH 4 0
BBX 3 7 0 0
BITMAP
80
00
20
00
80
00
20
ENDCHAR
STARTCHAR uni2896
ENCODING 10390
SWIDTH 500 0
DWIDTH 4 0
BBX 3 5 0 0
BITMAP
A0
00
80
00
20
ENDCHAR
STARTCHAR uni2897
ENCODING 10391
SWIDTH 500 0
DWIDTH 4 0
BBX 3 7 0 0
BITMAP
80
00
A0
00
80
00
20
ENDCHAR
STARTCHAR uni2898
ENCODING 10392
SWIDTH 500 0
DWIDTH 4 0
BBX 1 7 2 0
BITMAP
80
00
80
00
00
00
80
ENDCHAR
STARTCHAR uni2899
ENCODING 10393
SWIDTH 500 0
DWIDTH 4 0
BBX 3 7 0 0
BITMAP
A0
00
20
00
00
00
20
ENDCHAR
STARTCHAR uni289A
ENCODING 10394
SWIDTH 500 0
DWIDTH 4 0
BBX 3 7 0 0
BITMAP
20
00
A0
00
00
00
20
ENDCHAR
STARTCHAR uni289B
ENCODING 10395
SWIDTH 500 0
DWIDTH 4 0
BBX 3 7 0 0
BITMAP
A0
00
A0
00
00
00
20
ENDCHAR
STARTCHAR uni289C
ENCODING 10396
SWIDTH 500 0
DWIDTH 4 0
BBX 3 7 0 0
BITMAP
20
00
20
00
80
00
20
ENDCHAR
STARTCHAR uni289D
ENCODING 10397
SWIDTH 500 0
DWIDTH 4 0
BBX 3 7 0 0
BITMAP
A0
00
20
00
80
00
20
ENDCHAR
STARTCHAR uni289E
ENCODING 10398
SWIDTH 500 0
DWIDTH 4 0
BBX 3 7 0 0
BITMAP
20
00
A0
00
80
00
20
ENDCHAR
STARTCHAR uni289F
ENCODING 10399
SWIDTH 500 0
DWIDTH 4 0
BBX 3 7 0 0
BITMAP
A0
00
A0
00
80
00
20
ENDCHAR
STARTCHAR uni28A0
ENCODING 10400
SWIDTH 500 0
DWIDTH 4 0
BBX 1 3 2 0
BITMAP
80
00
80
ENDCHAR
STARTCHAR uni28A1
ENCODING 10401
SWIDTH 500 0
DWIDTH 4 0
BBX 3 7 0 0
BITMAP
80
00
00
00
20
00
20
ENDCHAR
STARTCHAR uni28A2
ENCODING 10402
SWIDTH 500 0
DWIDTH 4 0
BBX 3 5 0 0
BITMAP
80
00
20
00
20
ENDCHAR
STARTCHAR uni28A3
ENCODING 10403
SWIDTH 500 0
DWIDTH 4 0
BBX 3 7 0 0
BITMAP
80
00
80
00
20
00
20
ENDCHAR
STARTCHAR uni28A4
ENCODING 10404
SWIDTH 500 0
DWIDTH 4 0
BBX 3 3 0 0
BITMAP
A0
00
20
ENDCHAR
STARTCHAR uni28A5
ENCODING 10405
SWIDTH 500 0
DWIDTH 4 0
BBX 3 7 0 0
BITMAP
80
00
00
00
A0
00
20
ENDCHAR
STARTCHAR uni28A6
ENCODING 10406
SWIDTH 500 0
DWIDTH 4 0
BBX 3 5 0 0
BITMAP
80
00
A0
00
20
ENDCHAR
STARTCHAR uni28A7
ENCODING 10407
SWIDTH 500 0
DWIDTH 4 0
BBX 3 7 0 0
BITMAP
80
00
80
00
A0
00
20
ENDCHAR
STARTCHAR uni28A8
ENCODING 10408
SWIDTH 500 0
DWIDTH 4 0
BBX 1 7 2 0
BITMAP
80
00
00
00
80
00
80
ENDCHAR
STARTCHAR uni28A9
ENCODING 10409
SWIDTH 500 0
DWIDTH 4 0
BBX 3 7 0 0
BITMAP
A0
00
00
00
20
00
20
ENDCHAR
STARTCHAR uni28AA
ENCODING 10410
SWIDTH 500 0
DWIDTH 4 0
BBX 3 7 0 0
BITMAP
20
00
80
00
20
00
20
ENDCHAR
STARTCHAR uni28AB
ENCODING 10411
SWIDTH 500 0
DWIDTH 4 0
BBX 3 7 0 0
BITMAP
A0
00
80
00
20
00
20
ENDCHAR
STARTCHAR uni28AC
ENCODING 10412
SWIDTH 500 0
DWIDTH 4 0
BBX 3 7 0 0
BITMAP
20
00
00
00
A0
00
20
ENDCHAR
STARTCHAR uni28AD
ENCODING 10413
SWIDTH 500 0
DWIDTH 4 0
BBX 3 7 0 0
BITMAP
A0
00
00
00
A0
00
20
ENDCHAR
STARTCHAR uni28AE
ENCODING 10414
SWIDTH 500 0
DWIDTH 4 0
BBX 3 7 0 0
BITMAP
20
00
80
00
A0
00
20
ENDCHAR
STARTCHAR uni28AF
ENCODING 10415
SWIDTH 500 0
DWIDTH 4 0
BBX 3 7 0 0
BITMAP
A0
00
80
00
A0
00
20
ENDCHAR
STARTCHAR uni28B0
ENCODING 10416
SWIDTH 500 0
DWIDTH 4 0
BBX 1 5 2 0
BITMAP
80
00
80
00
80
ENDCHAR
STARTCHAR uni28B1
ENCODING 10417
SWIDTH 500 0
DWIDTH 4 0
BBX 3 7 0 0
BITMAP
80
00
20
00
20
00
20
ENDCHAR
STARTCHAR uni28B2
ENCODING 10418
SWIDTH 500 0
DWIDTH 4 0
BBX 3 5 0 0
BITMAP
A0
00
20
00
20
ENDCHAR
STARTCHAR uni28B3
ENCODING 10419
SWIDTH 500 0
DWIDTH 4 0
BBX 3 7 0 0
BITMAP
80
00
A0
00
20
00
20
ENDCHAR
STARTCHAR uni28B4
ENCODING 10420
SWIDTH 500 0
DWIDTH 4 0
BBX 3 5 0 0
BITMAP
20
00
A0
00
20
ENDCHAR
STARTCHAR uni28B5
ENCODING 10421
SWIDTH 500 0
DWIDTH 4 0
BBX 3 7 0 0
BITMAP
80
00
20
00
A0
00
20
ENDCHAR
STARTCHAR uni28B6
ENCODING 10422
SWIDTH 500 0
DWIDTH 4 0
BBX 3 5 0 0
BITMAP
A0
00
A0
00
20
ENDCHAR
STARTCHAR uni28B7
ENCODING 10423
SWIDTH 500 0
DWIDTH 4 0
BBX 3 7 0 0
BITMAP
80
00
A0
00
A0
00
20
ENDCHAR
STARTCHAR uni28B8
ENCODING 10424
SWIDTH 500 0
DWIDTH 4 0
BBX 1 7 2 0
BITMAP
80
00
80
00
80
00
80
ENDCHAR
STARTCHAR uni28B9
ENCODING 10425
SWIDTH 500 0
DWIDTH 4 0
BBX 3 7 0 0
BITMAP
A0
00
20
00
20
00
20
ENDCHAR
STARTCHAR uni28BA
ENCODING 10426
SWIDTH 500 0
DWIDTH 4 0
BBX 3 7 0 0
BITMAP
20
00
A0
00
20
00
20
ENDCHAR
STARTCHAR uni28BB
ENCODING 10427
SWIDTH 500 0
DWIDTH 4 0
BBX 3 7 0 0
BITMAP
A0
00
A0
00
20
00
20
ENDCHAR
STARTCHAR uni28BC
ENCODING 10428
SWIDTH 500 0
DWIDTH 4 0
BBX 3 7 0 0
BITMAP
20
00
20
00
A0
00
20
ENDCHAR
STARTCHAR uni28BD
ENCODING 10429
SWIDTH 500 0
DWIDTH 4 0
BBX 3 7 0 0
BITMAP
A0
00
20
00
A0
00
20
ENDCHAR
STARTCHAR uni28BE
ENCODING 10430
SWIDTH 500 0
DWIDTH 4 0
BBX 3 7 0 0
BITMAP
20
00
A0
00
A0
00
20
ENDCHAR
STARTCHAR uni28BF
ENCODING 10431
SWIDTH 500 0
DWIDTH 4 0
BBX 3 7 0 0
BITMAP
A0
00
A0
00
A0
00
20
ENDCHAR
STARTCHAR uni28C0
ENCODING 10432
SWIDTH 500 0
DWIDTH 4 0
BBX 3 1 0 0
BITMAP
A0
ENDCHAR
STARTCHAR uni28C1
ENCODING 10433
SWIDTH 500 0
DWIDTH 4 0
BBX 3 7 0 0
BITMAP
80
00
00
00
00
00
A0
ENDCHAR
STARTCHAR uni28C2
ENCODING 10434
SWIDTH 500 0
DWIDTH 4 0
BBX 3 5 0 0
BITMAP
80
00
00
00
A0
ENDCHAR
STARTCHAR uni28C3
ENCODING 10435
SWIDTH 500 0
DWIDTH 4 0
BBX 3 7 0 0
BITMAP
80
00
80
00
00
00
A0
ENDCHAR
STARTCHAR uni28C4
ENCODING 10436
SWIDTH 500 0
DWIDTH 4 0
BBX 3 3 0 0
BITMAP
80
00
A0
ENDCHAR
STARTCHAR uni28C5
ENCODING 10437
SWIDTH 500 0
DWIDTH 4 0
BBX 3 7 0 0
BITMAP
80
00
00
00
80
00
A0
ENDCHAR
STARTCHAR uni28C6
ENCODING 10438
SWIDTH 500 0
DWIDTH 4 0
BBX 3 5 0 0
BITMAP
80
00
80
00
A0
ENDCHAR
STARTCHAR uni28C7
ENCODING 10439
SWIDTH 500 0
DWIDTH 4 0
BBX 3 7 0 0
BITMAP
80
00
80
00
80
00
A0
ENDCHAR
STARTCHAR uni28C8
ENCODING 10440
SWIDTH 500 0
DWIDTH 4 0
BBX 3 7 0 0
BITMAP
20
00
00
00
00
00
A0
ENDCHAR
STARTCHAR uni28C9
ENCODING 10441
SWIDTH 500 0
DWIDTH 4 0
BBX 3 7 0 0
BITMAP
A0
00
00
00
00
00
A0
ENDCHAR
STARTCHAR uni28CA
ENCODING 10442
SWIDTH 500 0
DWIDTH 4 0
BBX 3 7 0 0
BITMAP
20
00
80
00
00
00
A0
ENDCHAR
STARTCHAR uni28CB
ENCODING 10443
SWIDTH 500 0
DWIDTH 4 0
BBX 3 7 0 0
BITMAP
A0
00
80
00
00
00
A0
ENDCHAR
STARTCHAR uni28CC
ENCODING 10444
SWIDTH 500 0
DWIDTH 4 0
BBX 3 7 0 0
BITMAP
20
00
00
00
80
00
A0
ENDCHAR
STARTCHAR uni28CD
ENCODING 10445
SWIDTH 500 0
DWIDTH 4 0
BBX 3 7 0 0
BITMAP
A0
00
00
00
80
00
A0
ENDCHAR
STARTCHAR uni28CE
ENCODING 10446
SWIDTH 500 0
DWIDTH 4 0
BBX 3 7 0 0
BITMAP
20
00
80
00
80
00
A0
ENDCHAR
STARTCHAR uni28CF
ENCODING 10447
SWIDTH 500 0
DWIDTH 4 0
BBX 3 7 0 0
BITMAP
A0
00
80
00
80
00
A0
ENDCHAR
STARTCHAR uni28D0
ENCODING 10448
SWIDTH 500 0
DWIDTH 4 0
BBX 3 5 0 0
BITMAP
20
00
00
00
A0
ENDCHAR
STARTCHAR uni28D1
ENCODING 10449
SWIDTH 500 0
DWIDTH 4 0
BBX 3 7 0 0
BITMAP
80
00
20
00
00
00
A0
ENDCHAR
STARTCHAR uni28D2
ENCODING 10450
SWIDTH 500 0
DWIDTH 4 0
BBX 3 5 0 0
BITMAP
A0
00
00
00
A0
ENDCHAR
STARTCHAR uni28D3
ENCODING 10451
SWIDTH 500 0
DWIDTH 4 0
BBX 3 7 0 0
BITMAP
80
00
A0
00
00
00
A0
ENDCHAR
STARTCHAR uni28D4
ENCODING 10452
SWIDTH 500 0
DWIDTH 4 0
BBX 3 5 0 0
BITMAP
20
00
80
00
A0
ENDCHAR
STARTCHAR uni28D5
ENCODING 10453
SWIDTH 500 0
DWIDTH 4 0
BBX 3 7 0 0
BITMAP
80
00
20
00
80
00
A0
ENDCHAR
STARTCHAR uni28D6
ENCODING 10454
SWIDTH 500 0
DWIDTH 4 0
BBX 3 5 0 0
BITMAP
A0
00
80
00
A0
ENDCHAR
STARTCHAR uni28D7
ENCODING 10455
SWIDTH 500 0
DWIDTH 4 0
BBX 3 7 0 0
BITMAP
80
00
A0
00
80
00
A0
ENDCHAR
STARTCHAR uni28D8
ENCODING 10456
SWIDTH 500 0
DWIDTH 4 0
BBX 3 7 0 0
BITMAP
20
00
20
00
00
00
A0
ENDCHAR
STARTCHAR uni28D9
ENCODING 10457
SWIDTH 500 0
DWIDTH 4 0
BBX 3 7 0 0
BITMAP
A0
00
20
00
00
00
A0
ENDCHAR
STARTCHAR uni28DA
ENCODING 10458
SWIDTH 500 0
DWIDTH 4 0
BBX 3 7 0 0
BITMAP
20
00
A0
00
00
00
A0
ENDCHAR
STARTCHAR uni28DB
ENCODING 10459
SWIDTH 500 0
DWIDTH 4 0
BBX 3 7 0 0
BITMAP
A0
00
A0
00
00
00
A0
ENDCHAR
STARTCHAR uni28DC
ENCODING 10460
SWIDTH 500 0
DWIDTH 4 0
BBX 3 7 0 0
BITMAP
20
00
20
00
80
00
A0
ENDCHAR
STARTCHAR uni28DD
ENCODING 10461
SWIDTH 500 0
DWIDTH 4 0
BBX 3 7 0 0
BITMAP
A0
00
20
00
80
00
A0
ENDCHAR
STARTCHAR uni28DE
ENCODING 10462
SWIDTH 500 0
DWIDTH 4 0
BBX 3 7 0 0
BITMAP
20
00
A0
00
80
00
A0
ENDCHAR
STARTCHAR uni28DF
ENCODING 10463
SWIDTH 500 0
DWIDTH 4 0
BBX 3 7 0 0
BITMAP
A0
00
A0
00
80
00
A0
ENDCHAR
STARTCHAR uni28E0
ENCODING 10464
SWIDTH 500 0
DWIDTH 4 0
BBX 3 3 0 0
BITMAP
20
00
A0
ENDCHAR
STARTCHAR uni28E1
ENCODING 10465
SWIDTH 500 0
DWIDTH 4 0
BBX 3 7 0 0
BITMAP
80
00
20
00
20
00
A0
ENDCHAR
STARTCHAR uni28E2
ENCODING 10466
SWIDTH 500 0
DWIDTH 4 0
BBX 3 5 0 0
BITMAP
80
00
20
00
A0
ENDCHAR
STARTCHAR uni28E3
ENCODING 10467
SWIDTH 500 0
DWIDTH 4 0
BBX 3 7 0 0
BITMAP
80
00
80
00
20
00
A0
ENDCHAR
STARTCHAR uni28E4
ENCODING 10468
SWIDTH 500 0
DWIDTH 4 0
BBX 3 3 0 0
BITMAP
A0
00
A0
ENDCHAR
STARTCHAR uni28E5
ENCODING 10469
SWIDTH 500 0
DWIDTH 4 0
BBX 3 7 0 0
BITMAP
80
00
00
00
A0
00
A0
ENDCHAR
STARTCHAR uni28E6
ENCODING 10470
SWIDTH 500 0
DWIDTH 4 0
BBX 3 5 0 0
BITMAP
80
00
A0
00
A0
ENDCHAR
STARTCHAR uni28E7
ENCODING 10471
SWIDTH 500 0
DWIDTH 4 0
BBX 3 7 0 0
BITMAP
80
00
80
00
A0
00
A0
ENDCHAR
STARTCHAR uni28E8
ENCODING 10472
SWIDTH 500 0
DWIDTH 4 0
BBX 3 7 0 0
BITMAP
20
00
00
00
20
00
A0
ENDCHAR
STARTCHAR uni28E9
ENCODING 10473
SWIDTH 500 0
DWIDTH 4 0
BBX 3 7 0 0
BITMAP
A0
00
00
00
20
00
A0
ENDCHAR
STARTCHAR uni28EA
ENCODING 10474
SWIDTH 500 0
DWIDTH 4 0
BBX 3 7 0 0
BITMAP
20
00
80
00
20
00
A0
ENDCHAR
STARTCHAR uni28EB
ENCODING 10475
SWIDTH 500 0
DWIDTH 4 0
BBX 3 7 0 0
BITMAP
A0
00
80
00
20
00
A0
ENDCHAR
STARTCHAR uni28EC
ENCODING 10476
SWIDTH 500 0
DWIDTH 4 0
BBX 3 7 0 0
BITMAP
20
00
00
00
A0
00
A0
ENDCHAR
STARTCHAR uni28ED
ENCODING 10477
SWIDTH 500 0
DWIDTH 4 0
BBX 3 7 0 0
BITMAP
A0
00
00
00
A0
00
A0
ENDCHAR
STARTCHAR uni28EE
ENCODING 10478
SWIDTH 500 0
DWIDTH 4 0
BBX 3 7 0 0
BITMAP
20
00
80
00
A0
00
A0
ENDCHAR
STARTCHAR uni28EF
ENCODING 10479
SWIDTH 500 0
DWIDTH 4 0
BBX 3 7 0 0
BITMAP
A0
00
80
00
A0
00
A0
ENDCHAR
STARTCHAR uni28F0
ENCODING 10480
SWIDTH 500 0
DWIDTH 4 0
BBX 3 5 0 0
BITMAP
20
00
20
00
A0
ENDCHAR
STARTCHAR uni28F1
ENCODING 10481
SWIDTH 500 0
DWIDTH 4 0
BBX 3 7 0 0
BITMAP
80
00
20
00
20
00
A0
ENDCHAR
STARTCHAR uni28F2
ENCODING 10482
SWIDTH 500 0
DWIDTH 4 0
BBX 3 5 0 0
BITMAP
A0
00
20
00
A0
ENDCHAR
STARTCHAR uni28F3
ENCODING 10483
SWIDTH 500 0
DWIDTH 4 0
BBX 3 7 0 0
BITMAP
80
00
A0
00
20
00
A0
ENDCHAR
STARTCHAR uni28F4
ENCODING 10484
SWIDTH 500 0
DWIDTH 4 0
BBX 3 5 0 0
BITMAP
20
00
A0
00
A0
ENDCHAR
STARTCHAR uni28F5
ENCODING 10485
SWIDTH 500 0
DWIDTH 4 0
BBX 3 7 0 0
BITMAP
80
00
20
00
A0
00
A0
ENDCHAR
STARTCHAR uni28F6
ENCODING 10486
SWIDTH 500 0
DWIDTH 4 0
BBX 3 5 0 0
BITMAP
A0
00
A0
00
A0
ENDCHAR
STARTCHAR uni28F7
ENCODING 10487
SWIDTH 500 0
DWIDTH 4 0
BBX 3 7 0 0
BITMAP
80
00
A0
00
A0
00
A0
ENDCHAR
STARTCHAR uni28F8
ENCODING 10488
SWIDTH 500 0
DWIDTH 4 0
BBX 3 7 0 0
BITMAP
20
00
20
00
20
00
A0
ENDCHAR
STARTCHAR uni28F9
ENCODING 10489
SWIDTH 500 0
DWIDTH 4 0
BBX 3 7 0 0
BITMAP
A0
00
20
00
20
00
A0
ENDCHAR
STARTCHAR uni28FA
ENCODING 10490
SWIDTH 500 0
DWIDTH 4 0
BBX 3 7 0 0
BITMAP
20
00
A0
00
20
00
A0
ENDCHAR
STARTCHAR uni28FB
ENCODING 10491
SWIDTH 500 0
DWIDTH 4 0
BBX 3 7 0 0
BITMAP
A0
00
A0
00
20
00
A0
ENDCHAR
STARTCHAR uni28FC
ENCODING 10492
SWIDTH 500 0
DWIDTH 4 0
BBX 3 7 0 0
BITMAP
20
00
20
00
A0
00
A0
ENDCHAR
STARTCHAR uni28FD
ENCODING 10493
SWIDTH 500 0
DWIDTH 4 0
BBX 3 7 0 0
BITMAP
A0
00
20
00
A0
00
A0
ENDCHAR
STARTCHAR uni28FE
ENCODING 10494
SWIDTH 500 0
DWIDTH 4 0
BBX 3 7 0 0
BITMAP
20
00
A0
00
A0
00
A0
ENDCHAR
STARTCHAR uni28FF
ENCODING 10495
SWIDTH 500 0
DWIDTH 4 0
BBX 3 7 0 0
BITMAP
A0
00
A0
00
A0
00
A0
ENDCHAR
STARTCHAR uni2B12
ENCODING 11026
SWIDTH 1000 0
DWIDTH 8 0
BBX 7 7 0 0
BITMAP
FE
FE
FE
FE
82
82
FE
ENDCHAR
STARTCHAR uni2B13
ENCODING 11027
SWIDTH 1000 0
DWIDTH 8 0
BBX 7 7 0 0
BITMAP
FE
82
82
FE
FE
FE
FE
ENDCHAR
STARTCHAR uni2B14
ENCODING 11028
SWIDTH 1000 0
DWIDTH 8 0
BBX 7 7 0 0
BITMAP
FE
FE
BE
9E
8E
86
FE
ENDCHAR
STARTCHAR uni2B15
ENCODING 11029
SWIDTH 1000 0
DWIDTH 8 0
BBX 7 7 0 0
BITMAP
FE
C2
E2
F2
FA
FE
FE
ENDCHAR
STARTCHAR uni2BEA
ENCODING 11242
SWIDTH 1000 0
DWIDTH 8 0
BBX 7 7 0 0
BITMAP
10
38
F6
F2
74
74
6C
ENDCHAR
STARTCHAR uni2BEB
ENCODING 11243
SWIDTH 1000 0
DWIDTH 8 0
BBX 7 7 0 0
BITMAP
10
38
DE
9E
5C
5C
6C
ENDCHAR
STARTCHAR uni2C62
ENCODING 11362
SWIDTH 750 0
DWIDTH 6 0
BBX 6 7 -1 0
BITMAP
40
40
68
D0
40
40
7C
ENDCHAR
STARTCHAR uni2C6D
ENCODING 11373
SWIDTH 750 0
DWIDTH 6 0
BBX 5 7 0 0
BITMAP
78
88
88
88
88
98
68
ENDCHAR
STARTCHAR uni2C6E
ENCODING 11374
SWIDTH 750 0
DWIDTH 6 0
BBX 5 8 0 -1
BITMAP
88
D8
A8
A8
A8
88
88
30
ENDCHAR
STARTCHAR uni2C6F
ENCODING 11375
SWIDTH 750 0
DWIDTH 6 0
BBX 5 7 0 0
BITMAP
88
88
F8
88
88
88
70
ENDCHAR
STARTCHAR uni2C70
ENCODING 11376
SWIDTH 750 0
DWIDTH 6 0
BBX 5 7 0 0
BITMAP
B0
C8
88
88
88
88
F0
ENDCHAR
STARTCHAR uni2C79
ENCODING 11385
SWIDTH 500 0
DWIDTH 4 0
BBX 3 7 0 0
BITMAP
40
20
20
20
20
20
C0
ENDCHAR
STARTCHAR uniA726
ENCODING 42790
SWIDTH 750 0
DWIDTH 6 0
BBX 5 8 0 -1
BITMAP
88
88
88
F8
88
88
88
30
ENDCHAR
STARTCHAR uniA727
ENCODING 42791
SWIDTH 625 0
DWIDTH 5 0
BBX 4 8 0 -1
BITMAP
80
80
E0
90
90
90
10
60
ENDCHAR
STARTCHAR uniA730
ENCODING 42800
SWIDTH 625 0
DWIDTH 5 0
BBX 4 5 0 0
BITMAP
F0
80
80
E0
80
ENDCHAR
STARTCHAR uniA731
ENCODING 42801
SWIDTH 625 0
DWIDTH 5 0
BBX 4 5 0 0
BITMAP
70
80
60
10
E0
ENDCHAR
STARTCHAR uniA779
ENCODING 42873
SWIDTH 750 0
DWIDTH 6 0
BBX 5 7 0 0
BITMAP
F0
48
88
88
88
88
70
ENDCHAR
STARTCHAR uniA77A
ENCODING 42874
SWIDTH 625 0
DWIDTH 5 0
BBX 4 7 0 0
BITMAP
20
10
70
90
90
90
60
ENDCHAR
STARTCHAR uniA780
ENCODING 42880
SWIDTH 750 0
DWIDTH 6 0
BBX 5 7 0 0
BITMAP
F8
08
08
08
08
08
08
ENDCHAR
STARTCHAR uniA781
ENCODING 42881
SWIDTH 375 0
DWIDTH 3 0
BBX 2 6 0 -1
BITMAP
80
40
40
40
40
40
ENDCHAR
STARTCHAR uniA78B
ENCODING 42891
SWIDTH 250 0
DWIDTH 2 0
BBX 1 3 0 4
BITMAP
80
80
80
ENDCHAR
STARTCHAR uniA78C
ENCODING 42892
SWIDTH 250 0
DWIDTH 2 0
BBX 1 2 0 5
BITMAP
80
80
ENDCHAR
STARTCHAR uniA7AB
ENCODING 42923
SWIDTH 750 0
DWIDTH 6 0
BBX 5 7 0 0
BITMAP
F0
08
08
70
08
08
F0
ENDCHAR
STARTCHAR uniA7AC
ENCODING 42924
SWIDTH 750 0
DWIDTH 6 0
BBX 5 8 0 -1
BITMAP
78
88
88
88
88
78
08
70
ENDCHAR
STARTCHAR uniA7AD
ENCODING 42925
SWIDTH 875 0
DWIDTH 7 0
BBX 7 7 -1 0
BITMAP
20
20
60
A0
70
20
3E
ENDCHAR
STARTCHAR uniA7AE
ENCODING 42926
SWIDTH 750 0
DWIDTH 6 0
BBX 5 7 0 0
BITMAP
F8
20
20
20
20
20
F8
ENDCHAR
STARTCHAR uniA7AF
ENCODING 42927
SWIDTH 625 0
DWIDTH 5 0
BBX 4 6 0 -1
BITMAP
60
90
90
90
60
10
ENDCHAR
STARTCHAR uniA7B0
ENCODING 42928
SWIDTH 750 0
DWIDTH 6 0
BBX 5 7 0 0
BITMAP
88
88
48
38
28
48
88
ENDCHAR
STARTCHAR uniA7B1
ENCODING 42929
SWIDTH 750 0
DWIDTH 6 0
BBX 5 7 0 0
BITMAP
20
20
20
20
20
20
F8
ENDCHAR
STARTCHAR uniA7B4
ENCODING 42932
SWIDTH 750 0
DWIDTH 6 0
BBX 5 8 0 -1
BITMAP
F0
88
88
F0
88
88
F0
80
ENDCHAR
STARTCHAR uniA7B5
ENCODING 42933
SWIDTH 625 0
DWIDTH 5 0
BBX 4 8 0 -1
BITMAP
60
90
90
A0
90
90
E0
80
ENDCHAR
STARTCHAR uniA7B6
ENCODING 42934
SWIDTH 750 0
DWIDTH 6 0
BBX 5 7 0 0
BITMAP
50
88
88
A8
A8
A8
50
ENDCHAR
STARTCHAR uniA7B7
ENCODING 42935
SWIDTH 750 0
DWIDTH 6 0
BBX 5 5 0 0
BITMAP
50
88
A8
A8
50
ENDCHAR
STARTCHAR uniA7C5
ENCODING 42949
SWIDTH 750 0
DWIDTH 6 0
BBX 5 9 0 -2
BITMAP
78
80
80
70
08
08
F0
80
40
ENDCHAR
STARTCHAR uniEEB8
ENCODING 61112
SWIDTH 1000 0
DWIDTH 8 0
BBX 7 7 0 0
BITMAP
7E
40
5C
40
7E
A8
B6
ENDCHAR
STARTCHAR uniEEB9
ENCODING 61113
SWIDTH 1000 0
DWIDTH 8 0
BBX 7 7 0 0
BITMAP
54
7E
A4
FE
AC
B2
FE
ENDCHAR
STARTCHAR uniEEBA
ENCODING 61114
SWIDTH 1000 0
DWIDTH 8 0
BBX 7 7 0 0
BITMAP
D4
BE
94
AA
BE
EA
3E
ENDCHAR
STARTCHAR uniEF00
ENCODING 61184
SWIDTH 750 0
DWIDTH 6 0
BBX 5 7 0 0
BITMAP
70
88
88
88
88
88
70
ENDCHAR
STARTCHAR uniEF01
ENCODING 61185
SWIDTH 375 0
DWIDTH 3 0
BBX 2 7 0 0
BITMAP
C0
40
40
40
40
40
40
ENDCHAR
STARTCHAR uniEF02
ENCODING 61186
SWIDTH 750 0
DWIDTH 6 0
BBX 5 7 0 0
BITMAP
F0
08
08
30
40
80
F8
ENDCHAR
STARTCHAR uniEF03
ENCODING 61187
SWIDTH 750 0
DWIDTH 6 0
BBX 5 7 0 0
BITMAP
F8
08
70
08
08
08
F0
ENDCHAR
STARTCHAR uniEF04
ENCODING 61188
SWIDTH 750 0
DWIDTH 6 0
BBX 5 7 0 0
BITMAP
18
28
48
88
F8
08
08
ENDCHAR
STARTCHAR uniEF05
ENCODING 61189
SWIDTH 750 0
DWIDTH 6 0
BBX 5 7 0 0
BITMAP
F8
80
F0
08
08
08
F0
ENDCHAR
STARTCHAR uniEF06
ENCODING 61190
SWIDTH 750 0
DWIDTH 6 0
BBX 5 7 0 0
BITMAP
70
80
F0
88
88
88
70
ENDCHAR
STARTCHAR uniEF07
ENCODING 61191
SWIDTH 750 0
DWIDTH 6 0
BBX 5 7 0 0
BITMAP
F8
08
08
10
20
40
40
ENDCHAR
STARTCHAR uniEF08
ENCODING 61192
SWIDTH 750 0
DWIDTH 6 0
BBX 5 7 0 0
BITMAP
70
88
88
70
88
88
70
ENDCHAR
STARTCHAR uniEF09
ENCODING 61193
SWIDTH 750 0
DWIDTH 6 0
BBX 5 7 0 0
BITMAP
70
88
88
88
78
08
70
ENDCHAR
STARTCHAR uniEF0A
ENCODING 61194
SWIDTH 750 0
DWIDTH 6 0
BBX 5 7 0 0
BITMAP
70
88
88
88
F8
88
88
ENDCHAR
STARTCHAR uniEF0B
ENCODING 61195
SWIDTH 750 0
DWIDTH 6 0
BBX 5 7 0 0
BITMAP
F0
88
88
F0
88
88
F0
ENDCHAR
STARTCHAR uniEF0C
ENCODING 61196
SWIDTH 750 0
DWIDTH 6 0
BBX 5 7 0 0
BITMAP
78
80
80
80
80
80
78
ENDCHAR
STARTCHAR uniEF0D
ENCODING 61197
SWIDTH 750 0
DWIDTH 6 0
BBX 5 7 0 0
BITMAP
F0
88
88
88
88
88
F0
ENDCHAR
STARTCHAR uniEF0E
ENCODING 61198
SWIDTH 750 0
DWIDTH 6 0
BBX 5 7 0 0
BITMAP
F8
80
80
F0
80
80
F8
ENDCHAR
STARTCHAR uniEF0F
ENCODING 61199
SWIDTH 750 0
DWIDTH 6 0
BBX 5 7 0 0
BITMAP
F8
80
80
80
F0
80
80
ENDCHAR
STARTCHAR uniEF10
ENCODING 61200
SWIDTH 625 0
DWIDTH 5 0
BBX 4 7 0 0
BITMAP
60
90
90
90
90
90
60
ENDCHAR
STARTCHAR uniEF11
ENCODING 61201
SWIDTH 375 0
DWIDTH 3 0
BBX 2 7 0 0
BITMAP
C0
40
40
40
40
40
40
ENDCHAR
STARTCHAR uniEF12
ENCODING 61202
SWIDTH 625 0
DWIDTH 5 0
BBX 4 7 0 0
BITMAP
E0
10
10
20
40
80
F0
ENDCHAR
STARTCHAR uniEF13
ENCODING 61203
SWIDTH 625 0
DWIDTH 5 0
BBX 4 7 0 0
BITMAP
F0
10
60
10
10
10
E0
ENDCHAR
STARTCHAR uniEF14
ENCODING 61204
SWIDTH 625 0
DWIDTH 5 0
BBX 4 7 0 0
BITMAP
30
50
90
90
F0
10
10
ENDCHAR
STARTCHAR uniEF15
ENCODING 61205
SWIDTH 625 0
DWIDTH 5 0
BBX 4 7 0 0
BITMAP
F0
80
E0
10
10
10
E0
ENDCHAR
STARTCHAR uniEF16
ENCODING 61206
SWIDTH 625 0
DWIDTH 5 0
BBX 4 7 0 0
BITMAP
60
80
E0
90
90
90
60
ENDCHAR
STARTCHAR uniEF17
ENCODING 61207
SWIDTH 625 0
DWIDTH 5 0
BBX 4 7 0 0
BITMAP
F0
10
10
20
40
40
40
ENDCHAR
STARTCHAR uniEF18
ENCODING 61208
SWIDTH 625 0
DWIDTH 5 0
BBX 4 7 0 0
BITMAP
60
90
90
60
90
90
60
ENDCHAR
STARTCHAR uniEF19
ENCODING 61209
SWIDTH 625 0
DWIDTH 5 0
BBX 4 7 0 0
BITMAP
60
90
90
90
70
10
60
ENDCHAR
STARTCHAR uniEF1A
ENCODING 61210
SWIDTH 625 0
DWIDTH 5 0
BBX 4 7 0 0
BITMAP
60
90
90
90
F0
90
90
ENDCHAR
STARTCHAR uniEF1B
ENCODING 61211
SWIDTH 625 0
DWIDTH 5 0
BBX 4 7 0 0
BITMAP
E0
90
90
E0
90
90
E0
ENDCHAR
STARTCHAR uniEF1C
ENCODING 61212
SWIDTH 625 0
DWIDTH 5 0
BBX 4 7 0 0
BITMAP
70
80
80
80
80
80
70
ENDCHAR
STARTCHAR uniEF1D
ENCODING 61213
SWIDTH 625 0
DWIDTH 5 0
BBX 4 7 0 0
BITMAP
E0
90
90
90
90
90
E0
ENDCHAR
STARTCHAR uniEF1E
ENCODING 61214
SWIDTH 625 0
DWIDTH 5 0
BBX 4 7 0 0
BITMAP
F0
80
80
E0
80
80
F0
ENDCHAR
STARTCHAR uniEF1F
ENCODING 61215
SWIDTH 625 0
DWIDTH 5 0
BBX 4 7 0 0
BITMAP
F0
80
80
80
E0
80
80
ENDCHAR
STARTCHAR uniEF20
ENCODING 61216
SWIDTH 750 0
DWIDTH 6 0
BBX 5 6 0 0
BITMAP
70
88
88
88
88
70
ENDCHAR
STARTCHAR uniEF21
ENCODING 61217
SWIDTH 375 0
DWIDTH 3 0
BBX 2 6 0 0
BITMAP
C0
40
40
40
40
40
ENDCHAR
STARTCHAR uniEF22
ENCODING 61218
SWIDTH 750 0
DWIDTH 6 0
BBX 5 6 0 0
BITMAP
F0
08
08
70
80
F8
ENDCHAR
STARTCHAR uniEF23
ENCODING 61219
SWIDTH 750 0
DWIDTH 6 0
BBX 5 7 0 -1
BITMAP
F8
08
70
08
08
08
F0
ENDCHAR
STARTCHAR uniEF24
ENCODING 61220
SWIDTH 750 0
DWIDTH 6 0
BBX 5 7 0 -1
BITMAP
30
50
90
90
F8
10
10
ENDCHAR
STARTCHAR uniEF25
ENCODING 61221
SWIDTH 750 0
DWIDTH 6 0
BBX 5 7 0 -1
BITMAP
F8
80
F0
08
08
08
F0
ENDCHAR
STARTCHAR uniEF26
ENCODING 61222
SWIDTH 750 0
DWIDTH 6 0
BBX 5 7 0 0
BITMAP
70
80
F0
88
88
88
70
ENDCHAR
STARTCHAR uniEF27
ENCODING 61223
SWIDTH 750 0
DWIDTH 6 0
BBX 5 7 0 -1
BITMAP
F8
08
08
10
20
40
40
ENDCHAR
STARTCHAR uniEF28
ENCODING 61224
SWIDTH 750 0
DWIDTH 6 0
BBX 5 7 0 0
BITMAP
70
88
88
70
88
88
70
ENDCHAR
STARTCHAR uniEF29
ENCODING 61225
SWIDTH 750 0
DWIDTH 6 0
BBX 5 7 0 -1
BITMAP
70
88
88
88
78
08
70
ENDCHAR
STARTCHAR uniEF2A
ENCODING 61226
SWIDTH 750 0
DWIDTH 6 0
BBX 5 5 0 0
BITMAP
70
08
78
88
78
ENDCHAR
STARTCHAR uniEF2B
ENCODING 61227
SWIDTH 750 0
DWIDTH 6 0
BBX 5 7 0 0
BITMAP
80
80
F0
88
88
88
F0
ENDCHAR
STARTCHAR uniEF2C
ENCODING 61228
SWIDTH 625 0
DWIDTH 5 0
BBX 4 5 0 0
BITMAP
70
80
80
80
70
ENDCHAR
STARTCHAR uniEF2D
ENCODING 61229
SWIDTH 750 0
DWIDTH 6 0
BBX 5 7 0 0
BITMAP
08
08
78
88
88
88
78
ENDCHAR
STARTCHAR uniEF2E
ENCODING 61230
SWIDTH 750 0
DWIDTH 6 0
BBX 5 5 0 0
BITMAP
70
88
F8
80
78
ENDCHAR
STARTCHAR uniEF2F
ENCODING 61231
SWIDTH 625 0
DWIDTH 5 0
BBX 4 7 0 0
BITMAP
30
40
40
F0
40
40
40
ENDCHAR
STARTCHAR uniEF30
ENCODING 61232
SWIDTH 625 0
DWIDTH 5 0
BBX 4 6 0 0
BITMAP
60
90
90
90
90
60
ENDCHAR
STARTCHAR uniEF31
ENCODING 61233
SWIDTH 375 0
DWIDTH 3 0
BBX 2 6 0 0
BITMAP
C0
40
40
40
40
40
ENDCHAR
STARTCHAR uniEF32
ENCODING 61234
SWIDTH 625 0
DWIDTH 5 0
BBX 4 6 0 0
BITMAP
E0
10
10
60
80
F0
ENDCHAR
STARTCHAR uniEF33
ENCODING 61235
SWIDTH 625 0
DWIDTH 5 0
BBX 4 7 0 -1
BITMAP
F0
10
60
10
10
10
E0
ENDCHAR
STARTCHAR uniEF34
ENCODING 61236
SWIDTH 625 0
DWIDTH 5 0
BBX 4 7 0 -1
BITMAP
30
50
90
90
F0
10
10
ENDCHAR
STARTCHAR uniEF35
ENCODING 61237
SWIDTH 625 0
DWIDTH 5 0
BBX 4 7 0 -1
BITMAP
F0
80
E0
10
10
10
E0
ENDCHAR
STARTCHAR uniEF36
ENCODING 61238
SWIDTH 625 0
DWIDTH 5 0
BBX 4 7 0 0
BITMAP
60
80
E0
90
90
90
60
ENDCHAR
STARTCHAR uniEF37
ENCODING 61239
SWIDTH 625 0
DWIDTH 5 0
BBX 4 7 0 -1
BITMAP
F0
10
10
20
40
40
40
ENDCHAR
STARTCHAR uniEF38
ENCODING 61240
SWIDTH 625 0
DWIDTH 5 0
BBX 4 7 0 0
BITMAP
60
90
90
60
90
90
60
ENDCHAR
STARTCHAR uniEF39
ENCODING 61241
SWIDTH 625 0
DWIDTH 5 0
BBX 4 7 0 -1
BITMAP
60
90
90
90
70
10
60
ENDCHAR
STARTCHAR uniEF3A
ENCODING 61242
SWIDTH 625 0
DWIDTH 5 0
BBX 4 5 0 0
BITMAP
60
10
70
90
70
ENDCHAR
STARTCHAR uniEF3B
ENCODING 61243
SWIDTH 625 0
DWIDTH 5 0
BBX 4 7 0 0
BITMAP
80
80
E0
90
90
90
E0
ENDCHAR
STARTCHAR uniEF3C
ENCODING 61244
SWIDTH 500 0
DWIDTH 4 0
BBX 3 5 0 0
BITMAP
60
80
80
80
60
ENDCHAR
STARTCHAR uniEF3D
ENCODING 61245
SWIDTH 625 0
DWIDTH 5 0
BBX 4 7 0 0
BITMAP
10
10
70
90
90
90
70
ENDCHAR
STARTCHAR uniEF3E
ENCODING 61246
SWIDTH 625 0
DWIDTH 5 0
BBX 4 5 0 0
BITMAP
60
90
F0
80
70
ENDCHAR
STARTCHAR uniEF3F
ENCODING 61247
SWIDTH 375 0
DWIDTH 3 0
BBX 2 7 0 0
BITMAP
40
80
80
C0
80
80
80
ENDCHAR
STARTCHAR uniEF40
ENCODING 61248
SWIDTH 750 0
DWIDTH 6 0
BBX 5 7 0 0
BITMAP
70
88
98
A8
C8
88
70
ENDCHAR
STARTCHAR uniEF41
ENCODING 61249
SWIDTH 750 0
DWIDTH 6 0
BBX 5 7 0 0
BITMAP
60
20
20
20
20
20
F8
ENDCHAR
STARTCHAR uniEF50
ENCODING 61264
SWIDTH 625 0
DWIDTH 5 0
BBX 4 7 0 0
BITMAP
60
90
B0
D0
90
90
60
ENDCHAR
STARTCHAR uniEF51
ENCODING 61265
SWIDTH 625 0
DWIDTH 5 0
BBX 4 7 0 0
BITMAP
60
20
20
20
20
20
F0
ENDCHAR
STARTCHAR uniEF60
ENCODING 61280
SWIDTH 750 0
DWIDTH 6 0
BBX 5 6 0 0
BITMAP
70
98
A8
C8
88
70
ENDCHAR
STARTCHAR uniEF61
ENCODING 61281
SWIDTH 750 0
DWIDTH 6 0
BBX 5 6 0 0
BITMAP
60
20
20
20
20
F8
ENDCHAR
STARTCHAR uniEF6A
ENCODING 61290
SWIDTH 750 0
DWIDTH 6 0
BBX 5 5 0 0
BITMAP
70
08
78
88
78
ENDCHAR
STARTCHAR uniEF6B
ENCODING 61291
SWIDTH 750 0
DWIDTH 6 0
BBX 5 7 0 0
BITMAP
80
80
F0
88
88
88
F0
ENDCHAR
STARTCHAR uniEF6C
ENCODING 61292
SWIDTH 750 0
DWIDTH 6 0
BBX 5 5 0 0
BITMAP
78
80
80
80
78
ENDCHAR
STARTCHAR uniEF6D
ENCODING 61293
SWIDTH 750 0
DWIDTH 6 0
BBX 5 7 0 0
BITMAP
08
08
78
88
88
88
78
ENDCHAR
STARTCHAR uniEF6E
ENCODING 61294
SWIDTH 750 0
DWIDTH 6 0
BBX 5 5 0 0
BITMAP
70
88
F8
80
78
ENDCHAR
STARTCHAR uniEF6F
ENCODING 61295
SWIDTH 750 0
DWIDTH 6 0
BBX 5 7 0 0
BITMAP
38
40
40
F8
40
40
40
ENDCHAR
STARTCHAR uniEF70
ENCODING 61296
SWIDTH 625 0
DWIDTH 5 0
BBX 4 6 0 0
BITMAP
60
90
B0
D0
90
60
ENDCHAR
STARTCHAR uniEF71
ENCODING 61297
SWIDTH 625 0
DWIDTH 5 0
BBX 4 6 0 0
BITMAP
60
20
20
20
20
F0
ENDCHAR
STARTCHAR uniEF7A
ENCODING 61306
SWIDTH 625 0
DWIDTH 5 0
BBX 4 5 0 0
BITMAP
60
10
70
90
70
ENDCHAR
STARTCHAR uniEF7B
ENCODING 61307
SWIDTH 625 0
DWIDTH 5 0
BBX 4 7 0 0
BITMAP
80
80
E0
90
90
90
E0
ENDCHAR
STARTCHAR uniEF7C
ENCODING 61308
SWIDTH 625 0
DWIDTH 5 0
BBX 4 5 0 0
BITMAP
70
80
80
80
70
ENDCHAR
STARTCHAR uniEF7D
ENCODING 61309
SWIDTH 625 0
DWIDTH 5 0
BBX 4 7 0 0
BITMAP
10
10
70
90
90
90
70
ENDCHAR
STARTCHAR uniEF7E
ENCODING 61310
SWIDTH 625 0
DWIDTH 5 0
BBX 4 5 0 0
BITMAP
60
90
F0
80
70
ENDCHAR
STARTCHAR uniEF7F
ENCODING 61311
SWIDTH 625 0
DWIDTH 5 0
BBX 4 7 0 0
BITMAP
30
40
40
F0
40
40
40
ENDCHAR
STARTCHAR uniEF8A
ENCODING 61322
SWIDTH 750 0
DWIDTH 6 0
BBX 5 6 0 0
BITMAP
70
08
78
88
88
78
ENDCHAR
STARTCHAR uniEF8B
ENCODING 61323
SWIDTH 750 0
DWIDTH 6 0
BBX 5 7 0 0
BITMAP
80
80
F0
88
88
88
F0
ENDCHAR
STARTCHAR uniEF8C
ENCODING 61324
SWIDTH 625 0
DWIDTH 5 0
BBX 4 6 0 0
BITMAP
70
80
80
80
80
70
ENDCHAR
STARTCHAR uniEF8D
ENCODING 61325
SWIDTH 750 0
DWIDTH 6 0
BBX 5 7 0 0
BITMAP
08
08
78
88
88
88
78
ENDCHAR
STARTCHAR uniEF8E
ENCODING 61326
SWIDTH 750 0
DWIDTH 6 0
BBX 5 6 0 0
BITMAP
70
88
F8
80
80
78
ENDCHAR
STARTCHAR uniEF8F
ENCODING 61327
SWIDTH 625 0
DWIDTH 5 0
BBX 4 7 0 0
BITMAP
30
40
40
F0
40
40
40
ENDCHAR
STARTCHAR uniEF9A
ENCODING 61338
SWIDTH 625 0
DWIDTH 5 0
BBX 4 6 0 0
BITMAP
60
10
70
90
90
70
ENDCHAR
STARTCHAR uniEF9B
ENCODING 61339
SWIDTH 625 0
DWIDTH 5 0
BBX 4 7 0 0
BITMAP
80
80
E0
90
90
90
E0
ENDCHAR
STARTCHAR uniEF9C
ENCODING 61340
SWIDTH 500 0
DWIDTH 4 0
BBX 3 6 0 0
BITMAP
60
80
80
80
80
60
ENDCHAR
STARTCHAR uniEF9D
ENCODING 61341
SWIDTH 625 0
DWIDTH 5 0
BBX 4 7 0 0
BITMAP
10
10
70
90
90
90
70
ENDCHAR
STARTCHAR uniEF9E
ENCODING 61342
SWIDTH 625 0
DWIDTH 5 0
BBX 4 6 0 0
BITMAP
60
90
F0
80
80
70
ENDCHAR
STARTCHAR uniEF9F
ENCODING 61343
SWIDTH 375 0
DWIDTH 3 0
BBX 2 7 0 0
BITMAP
40
80
80
C0
80
80
80
ENDCHAR
STARTCHAR uniEFAA
ENCODING 61354
SWIDTH 750 0
DWIDTH 6 0
BBX 5 6 0 0
BITMAP
70
08
78
88
88
78
ENDCHAR
STARTCHAR uniEFAB
ENCODING 61355
SWIDTH 750 0
DWIDTH 6 0
BBX 5 7 0 0
BITMAP
80
80
F0
88
88
88
F0
ENDCHAR
STARTCHAR uniEFAC
ENCODING 61356
SWIDTH 750 0
DWIDTH 6 0
BBX 5 6 0 0
BITMAP
78
80
80
80
80
78
ENDCHAR
STARTCHAR uniEFAD
ENCODING 61357
SWIDTH 750 0
DWIDTH 6 0
BBX 5 7 0 0
BITMAP
08
08
78
88
88
88
78
ENDCHAR
STARTCHAR uniEFAE
ENCODING 61358
SWIDTH 750 0
DWIDTH 6 0
BBX 5 6 0 0
BITMAP
70
88
F8
80
80
78
ENDCHAR
STARTCHAR uniEFAF
ENCODING 61359
SWIDTH 750 0
DWIDTH 6 0
BBX 5 7 0 0
BITMAP
38
40
40
F8
40
40
40
ENDCHAR
STARTCHAR uniEFBA
ENCODING 61370
SWIDTH 625 0
DWIDTH 5 0
BBX 4 6 0 0
BITMAP
60
10
70
90
90
70
ENDCHAR
STARTCHAR uniEFBB
ENCODING 61371
SWIDTH 625 0
DWIDTH 5 0
BBX 4 7 0 0
BITMAP
80
80
E0
90
90
90
E0
ENDCHAR
STARTCHAR uniEFBC
ENCODING 61372
SWIDTH 625 0
DWIDTH 5 0
BBX 4 6 0 0
BITMAP
70
80
80
80
80
70
ENDCHAR
STARTCHAR uniEFBD
ENCODING 61373
SWIDTH 625 0
DWIDTH 5 0
BBX 4 7 0 0
BITMAP
10
10
70
90
90
90
70
ENDCHAR
STARTCHAR uniEFBE
ENCODING 61374
SWIDTH 625 0
DWIDTH 5 0
BBX 4 6 0 0
BITMAP
60
90
F0
80
80
70
ENDCHAR
STARTCHAR uniEFBF
ENCODING 61375
SWIDTH 625 0
DWIDTH 5 0
BBX 4 7 0 0
BITMAP
30
40
40
F0
40
40
40
ENDCHAR
STARTCHAR uniEFC0
ENCODING 61376
SWIDTH 625 0
DWIDTH 5 0
BBX 4 5 0 2
BITMAP
60
90
90
90
60
ENDCHAR
STARTCHAR uniEFC1
ENCODING 61377
SWIDTH 500 0
DWIDTH 4 0
BBX 3 5 0 2
BITMAP
C0
40
40
40
E0
ENDCHAR
STARTCHAR uniEFC2
ENCODING 61378
SWIDTH 625 0
DWIDTH 5 0
BBX 4 5 0 2
BITMAP
E0
10
60
80
F0
ENDCHAR
STARTCHAR uniEFC3
ENCODING 61379
SWIDTH 625 0
DWIDTH 5 0
BBX 4 5 0 2
BITMAP
F0
10
60
10
E0
ENDCHAR
STARTCHAR uniEFC4
ENCODING 61380
SWIDTH 625 0
DWIDTH 5 0
BBX 4 5 0 2
BITMAP
30
50
90
F0
10
ENDCHAR
STARTCHAR uniEFC5
ENCODING 61381
SWIDTH 625 0
DWIDTH 5 0
BBX 4 5 0 2
BITMAP
F0
80
E0
10
E0
ENDCHAR
STARTCHAR uniEFC6
ENCODING 61382
SWIDTH 625 0
DWIDTH 5 0
BBX 4 5 0 2
BITMAP
60
80
E0
90
60
ENDCHAR
STARTCHAR uniEFC7
ENCODING 61383
SWIDTH 625 0
DWIDTH 5 0
BBX 4 5 0 2
BITMAP
F0
10
20
40
40
ENDCHAR
STARTCHAR uniEFC8
ENCODING 61384
SWIDTH 625 0
DWIDTH 5 0
BBX 4 5 0 2
BITMAP
60
90
60
90
60
ENDCHAR
STARTCHAR uniEFC9
ENCODING 61385
SWIDTH 625 0
DWIDTH 5 0
BBX 4 5 0 2
BITMAP
60
90
70
10
60
ENDCHAR
STARTCHAR uniEFCA
ENCODING 61386
SWIDTH 625 0
DWIDTH 5 0
BBX 4 5 0 2
BITMAP
60
90
90
F0
90
ENDCHAR
STARTCHAR uniEFCB
ENCODING 61387
SWIDTH 625 0
DWIDTH 5 0
BBX 4 5 0 2
BITMAP
E0
90
E0
90
E0
ENDCHAR
STARTCHAR uniEFCC
ENCODING 61388
SWIDTH 625 0
DWIDTH 5 0
BBX 4 5 0 2
BITMAP
70
80
80
80
70
ENDCHAR
STARTCHAR uniEFCD
ENCODING 61389
SWIDTH 625 0
DWIDTH 5 0
BBX 4 5 0 2
BITMAP
E0
90
90
90
E0
ENDCHAR
STARTCHAR uniEFCE
ENCODING 61390
SWIDTH 625 0
DWIDTH 5 0
BBX 4 5 0 2
BITMAP
F0
80
E0
80
F0
ENDCHAR
STARTCHAR uniEFCF
ENCODING 61391
SWIDTH 625 0
DWIDTH 5 0
BBX 4 5 0 2
BITMAP
F0
80
80
E0
80
ENDCHAR
STARTCHAR uniEFD0
ENCODING 61392
SWIDTH 625 0
DWIDTH 5 0
BBX 4 5 0 0
BITMAP
60
90
90
90
60
ENDCHAR
STARTCHAR uniEFD1
ENCODING 61393
SWIDTH 500 0
DWIDTH 4 0
BBX 3 5 0 0
BITMAP
C0
40
40
40
E0
ENDCHAR
STARTCHAR uniEFD2
ENCODING 61394
SWIDTH 625 0
DWIDTH 5 0
BBX 4 5 0 0
BITMAP
E0
10
60
80
F0
ENDCHAR
STARTCHAR uniEFD3
ENCODING 61395
SWIDTH 625 0
DWIDTH 5 0
BBX 4 5 0 0
BITMAP
F0
10
60
10
E0
ENDCHAR
STARTCHAR uniEFD4
ENCODING 61396
SWIDTH 625 0
DWIDTH 5 0
BBX 4 5 0 0
BITMAP
30
50
90
F0
10
ENDCHAR
STARTCHAR uniEFD5
ENCODING 61397
SWIDTH 625 0
DWIDTH 5 0
BBX 4 5 0 0
BITMAP
F0
80
E0
10
E0
ENDCHAR
STARTCHAR uniEFD6
ENCODING 61398
SWIDTH 625 0
DWIDTH 5 0
BBX 4 5 0 0
BITMAP
60
80
E0
90
60
ENDCHAR
STARTCHAR uniEFD7
ENCODING 61399
SWIDTH 625 0
DWIDTH 5 0
BBX 4 5 0 0
BITMAP
F0
10
20
40
40
ENDCHAR
STARTCHAR uniEFD8
ENCODING 61400
SWIDTH 625 0
DWIDTH 5 0
BBX 4 5 0 0
BITMAP
60
90
60
90
60
ENDCHAR
STARTCHAR uniEFD9
ENCODING 61401
SWIDTH 625 0
DWIDTH 5 0
BBX 4 5 0 0
BITMAP
60
90
70
10
60
ENDCHAR
STARTCHAR uniEFDA
ENCODING 61402
SWIDTH 625 0
DWIDTH 5 0
BBX 4 5 0 0
BITMAP
60
90
90
F0
90
ENDCHAR
STARTCHAR uniEFDB
ENCODING 61403
SWIDTH 625 0
DWIDTH 5 0
BBX 4 5 0 0
BITMAP
E0
90
E0
90
E0
ENDCHAR
STARTCHAR uniEFDC
ENCODING 61404
SWIDTH 625 0
DWIDTH 5 0
BBX 4 5 0 0
BITMAP
70
80
80
80
70
ENDCHAR
STARTCHAR uniEFDD
ENCODING 61405
SWIDTH 625 0
DWIDTH 5 0
BBX 4 5 0 0
BITMAP
E0
90
90
90
E0
ENDCHAR
STARTCHAR uniEFDE
ENCODING 61406
SWIDTH 625 0
DWIDTH 5 0
BBX 4 5 0 0
BITMAP
F0
80
E0
80
F0
ENDCHAR
STARTCHAR uniEFDF
ENCODING 61407
SWIDTH 625 0
DWIDTH 5 0
BBX 4 5 0 0
BITMAP
F0
80
80
E0
80
ENDCHAR
STARTCHAR uniEFEA
ENCODING 61418
SWIDTH 625 0
DWIDTH 5 0
BBX 4 5 0 3
BITMAP
60
90
90
F0
90
ENDCHAR
STARTCHAR uniEFEB
ENCODING 61419
SWIDTH 625 0
DWIDTH 5 0
BBX 4 5 0 3
BITMAP
E0
90
E0
90
E0
ENDCHAR
STARTCHAR uniEFEC
ENCODING 61420
SWIDTH 625 0
DWIDTH 5 0
BBX 4 5 0 3
BITMAP
70
80
80
80
70
ENDCHAR
STARTCHAR uniEFED
ENCODING 61421
SWIDTH 625 0
DWIDTH 5 0
BBX 4 5 0 3
BITMAP
E0
90
90
90
E0
ENDCHAR
STARTCHAR uniEFEE
ENCODING 61422
SWIDTH 625 0
DWIDTH 5 0
BBX 4 5 0 3
BITMAP
F0
80
E0
80
F0
ENDCHAR
STARTCHAR uniEFEF
ENCODING 61423
SWIDTH 625 0
DWIDTH 5 0
BBX 4 5 0 3
BITMAP
F0
80
80
E0
80
ENDCHAR
STARTCHAR uniEFFA
ENCODING 61434
SWIDTH 625 0
DWIDTH 5 0
BBX 4 5 0 -1
BITMAP
60
90
90
F0
90
ENDCHAR
STARTCHAR uniEFFB
ENCODING 61435
SWIDTH 625 0
DWIDTH 5 0
BBX 4 5 0 -1
BITMAP
E0
90
E0
90
E0
ENDCHAR
STARTCHAR uniEFFC
ENCODING 61436
SWIDTH 625 0
DWIDTH 5 0
BBX 4 5 0 -1
BITMAP
70
80
80
80
70
ENDCHAR
STARTCHAR uniEFFD
ENCODING 61437
SWIDTH 625 0
DWIDTH 5 0
BBX 4 5 0 -1
BITMAP
E0
90
90
90
E0
ENDCHAR
STARTCHAR uniEFFE
ENCODING 61438
SWIDTH 625 0
DWIDTH 5 0
BBX 4 5 0 -1
BITMAP
F0
80
E0
80
F0
ENDCHAR
STARTCHAR uniEFFF
ENCODING 61439
SWIDTH 625 0
DWIDTH 5 0
BBX 4 5 0 -1
BITMAP
F0
80
80
E0
80
ENDCHAR
STARTCHAR uniF001
ENCODING 61441
SWIDTH 625 0
DWIDTH 5 0
BBX 4 7 0 0
BITMAP
60
80
90
D0
90
90
90
ENDCHAR
STARTCHAR uniF002
ENCODING 61442
SWIDTH 625 0
DWIDTH 5 0
BBX 4 7 0 0
BITMAP
70
90
90
D0
90
90
90
ENDCHAR
STARTCHAR uniFB00
ENCODING 64256
SWIDTH 750 0
DWIDTH 6 0
BBX 5 7 0 0
BITMAP
68
90
90
D8
90
90
90
ENDCHAR
STARTCHAR uniFB01
ENCODING 64257
SWIDTH 625 0
DWIDTH 5 0
BBX 4 7 0 0
BITMAP
60
80
90
D0
90
90
90
ENDCHAR
STARTCHAR uniFB02
ENCODING 64258
SWIDTH 625 0
DWIDTH 5 0
BBX 4 7 0 0
BITMAP
70
90
90
D0
90
90
90
ENDCHAR
STARTCHAR uniFB03
ENCODING 64259
SWIDTH 1000 0
DWIDTH 8 0
BBX 7 7 0 0
BITMAP
6C
90
92
DA
92
92
92
ENDCHAR
STARTCHAR uniFB04
ENCODING 64260
SWIDTH 1000 0
DWIDTH 8 0
BBX 7 7 0 0
BITMAP
6E
92
92
DA
92
92
92
ENDCHAR
STARTCHAR uniFE50
ENCODING 65104
SWIDTH 250 0
DWIDTH 2 0
BBX 1 2 0 -1
BITMAP
80
80
ENDCHAR
STARTCHAR uniFE52
ENCODING 65106
SWIDTH 250 0
DWIDTH 2 0
BBX 1 1 0 0
BITMAP
80
ENDCHAR
STARTCHAR uniFE54
ENCODING 65108
SWIDTH 250 0
DWIDTH 2 0
BBX 1 5 0 -1
BITMAP
80
00
00
80
80
ENDCHAR
STARTCHAR uniFE55
ENCODING 65109
SWIDTH 250 0
DWIDTH 2 0
BBX 1 4 0 0
BITMAP
80
00
00
80
ENDCHAR
STARTCHAR uniFE56
ENCODING 65110
SWIDTH 500 0
DWIDTH 4 0
BBX 3 5 0 0
BITMAP
C0
20
40
00
40
ENDCHAR
STARTCHAR uniFE57
ENCODING 65111
SWIDTH 250 0
DWIDTH 2 0
BBX 1 5 0 0
BITMAP
80
80
80
00
80
ENDCHAR
STARTCHAR uniFE58
ENCODING 65112
SWIDTH 750 0
DWIDTH 6 0
BBX 5 1 0 2
BITMAP
F8
ENDCHAR
STARTCHAR uniFE59
ENCODING 65113
SWIDTH 375 0
DWIDTH 3 0
BBX 2 5 0 0
BITMAP
40
80
80
80
40
ENDCHAR
STARTCHAR uniFE5A
ENCODING 65114
SWIDTH 375 0
DWIDTH 3 0
BBX 2 5 0 0
BITMAP
80
40
40
40
80
ENDCHAR
STARTCHAR uniFE5B
ENCODING 65115
SWIDTH 500 0
DWIDTH 4 0
BBX 3 5 0 0
BITMAP
60
40
80
40
60
ENDCHAR
STARTCHAR uniFE5C
ENCODING 65116
SWIDTH 500 0
DWIDTH 4 0
BBX 3 5 0 0
BITMAP
C0
40
20
40
C0
ENDCHAR
STARTCHAR uniFE5D
ENCODING 65117
SWIDTH 375 0
DWIDTH 3 0
BBX 2 5 0 0
BITMAP
C0
80
80
80
C0
ENDCHAR
STARTCHAR uniFE5E
ENCODING 65118
SWIDTH 375 0
DWIDTH 3 0
BBX 2 5 0 0
BITMAP
C0
40
40
40
C0
ENDCHAR
STARTCHAR uniFE5F
ENCODING 65119
SWIDTH 750 0
DWIDTH 6 0
BBX 5 5 0 0
BITMAP
50
F8
50
F8
50
ENDCHAR
STARTCHAR uniFE60
ENCODING 65120
SWIDTH 625 0
DWIDTH 5 0
BBX 4 5 0 0
BITMAP
60
80
50
A0
D0
ENDCHAR
STARTCHAR uniFE61
ENCODING 65121
SWIDTH 500 0
DWIDTH 4 0
BBX 3 3 0 1
BITMAP
A0
40
A0
ENDCHAR
STARTCHAR uniFE62
ENCODING 65122
SWIDTH 500 0
DWIDTH 4 0
BBX 3 3 0 1
BITMAP
40
E0
40
ENDCHAR
STARTCHAR uniFE63
ENCODING 65123
SWIDTH 500 0
DWIDTH 4 0
BBX 3 1 0 2
BITMAP
E0
ENDCHAR
STARTCHAR uniFE64
ENCODING 65124
SWIDTH 500 0
DWIDTH 4 0
BBX 3 5 0 0
BITMAP
20
40
80
40
20
ENDCHAR
STARTCHAR uniFE65
ENCODING 65125
SWIDTH 500 0
DWIDTH 4 0
BBX 3 5 0 0
BITMAP
80
40
20
40
80
ENDCHAR
STARTCHAR uniFE66
ENCODING 65126
SWIDTH 500 0
DWIDTH 4 0
BBX 3 3 0 1
BITMAP
E0
00
E0
ENDCHAR
STARTCHAR uniFE67
ENCODING 65127
SWIDTH 500 0
DWIDTH 4 0
BBX 3 5 0 0
BITMAP
20
20
40
80
80
ENDCHAR
STARTCHAR uniFE68
ENCODING 65128
SWIDTH 500 0
DWIDTH 4 0
BBX 3 5 0 0
BITMAP
80
80
40
20
20
ENDCHAR
STARTCHAR uniFE69
ENCODING 65129
SWIDTH 625 0
DWIDTH 5 0
BBX 4 7 0 -1
BITMAP
20
70
80
60
10
E0
40
ENDCHAR
STARTCHAR uniFE6A
ENCODING 65130
SWIDTH 750 0
DWIDTH 6 0
BBX 5 5 0 0
BITMAP
D0
90
20
48
58
ENDCHAR
STARTCHAR uniFE6B
ENCODING 65131
SWIDTH 750 0
DWIDTH 6 0
BBX 5 5 0 0
BITMAP
70
A8
B8
80
78
ENDCHAR
STARTCHAR uniFF61
ENCODING 65377
SWIDTH 500 0
DWIDTH 4 0
BBX 3 3 0 0
BITMAP
40
A0
40
ENDCHAR
STARTCHAR uniFF62
ENCODING 65378
SWIDTH 500 0
DWIDTH 4 0
BBX 3 5 0 2
BITMAP
E0
80
80
80
80
ENDCHAR
STARTCHAR uniFF63
ENCODING 65379
SWIDTH 500 0
DWIDTH 4 0
BBX 3 5 0 0
BITMAP
20
20
20
20
E0
ENDCHAR
STARTCHAR uniFF64
ENCODING 65380
SWIDTH 375 0
DWIDTH 3 0
BBX 2 2 0 0
BITMAP
80
40
ENDCHAR
STARTCHAR uniFF65
ENCODING 65381
SWIDTH 500 0
DWIDTH 4 0
BBX 1 1 1 3
BITMAP
80
ENDCHAR
STARTCHAR uniFF66
ENCODING 65382
SWIDTH 750 0
DWIDTH 6 0
BBX 5 7 0 0
BITMAP
F8
08
08
78
08
10
E0
ENDCHAR
STARTCHAR uniFF67
ENCODING 65383
SWIDTH 750 0
DWIDTH 6 0
BBX 5 6 0 0
BITMAP
F8
08
30
20
20
40
ENDCHAR
STARTCHAR uniFF68
ENCODING 65384
SWIDTH 625 0
DWIDTH 5 0
BBX 4 6 0 0
BITMAP
10
20
E0
20
20
20
ENDCHAR
STARTCHAR uniFF69
ENCODING 65385
SWIDTH 750 0
DWIDTH 6 0
BBX 5 6 0 0
BITMAP
20
F8
88
88
10
60
ENDCHAR
STARTCHAR uniFF6A
ENCODING 65386
SWIDTH 750 0
DWIDTH 6 0
BBX 5 5 0 0
BITMAP
70
20
20
20
F8
ENDCHAR
STARTCHAR uniFF6B
ENCODING 65387
SWIDTH 750 0
DWIDTH 6 0
BBX 5 6 0 0
BITMAP
10
F8
30
50
90
30
ENDCHAR
STARTCHAR uniFF6C
ENCODING 65388
SWIDTH 750 0
DWIDTH 6 0
BBX 5 6 0 0
BITMAP
40
78
C8
48
20
20
ENDCHAR
STARTCHAR uniFF6D
ENCODING 65389
SWIDTH 750 0
DWIDTH 6 0
BBX 5 6 0 0
BITMAP
F0
10
10
10
10
F8
ENDCHAR
STARTCHAR uniFF6E
ENCODING 65390
SWIDTH 625 0
DWIDTH 5 0
BBX 4 6 0 0
BITMAP
F0
10
F0
10
10
F0
ENDCHAR
STARTCHAR uniFF6F
ENCODING 65391
SWIDTH 750 0
DWIDTH 6 0
BBX 5 6 0 0
BITMAP
28
98
48
08
10
60
ENDCHAR
STARTCHAR uniFF70
ENCODING 65392
SWIDTH 750 0
DWIDTH 6 0
BBX 5 1 0 3
BITMAP
F8
ENDCHAR
STARTCHAR uniFF71
ENCODING 65393
SWIDTH 875 0
DWIDTH 7 0
BBX 6 7 0 0
BITMAP
FC
04
28
30
20
20
40
ENDCHAR
STARTCHAR uniFF72
ENCODING 65394
SWIDTH 750 0
DWIDTH 6 0
BBX 5 7 0 0
BITMAP
08
10
20
E0
20
20
20
ENDCHAR
STARTCHAR uniFF73
ENCODING 65395
SWIDTH 750 0
DWIDTH 6 0
BBX 5 7 0 0
BITMAP
20
F8
88
88
08
10
60
ENDCHAR
STARTCHAR uniFF74
ENCODING 65396
SWIDTH 875 0
DWIDTH 7 0
BBX 6 5 0 1
BITMAP
78
10
10
10
FC
ENDCHAR
STARTCHAR uniFF75
ENCODING 65397
SWIDTH 750 0
DWIDTH 6 0
BBX 5 7 0 0
BITMAP
10
F8
10
30
50
90
30
ENDCHAR
STARTCHAR uniFF76
ENCODING 65398
SWIDTH 750 0
DWIDTH 6 0
BBX 5 7 0 0
BITMAP
20
F8
48
48
48
88
98
ENDCHAR
STARTCHAR uniFF77
ENCODING 65399
SWIDTH 750 0
DWIDTH 6 0
BBX 5 7 0 0
BITMAP
40
58
E0
20
38
D0
10
ENDCHAR
STARTCHAR uniFF78
ENCODING 65400
SWIDTH 750 0
DWIDTH 6 0
BBX 5 7 0 0
BITMAP
78
48
88
08
10
10
E0
ENDCHAR
STARTCHAR uniFF79
ENCODING 65401
SWIDTH 875 0
DWIDTH 7 0
BBX 6 7 0 0
BITMAP
7C
48
48
88
08
10
60
ENDCHAR
STARTCHAR uniFF7A
ENCODING 65402
SWIDTH 750 0
DWIDTH 6 0
BBX 5 7 0 0
BITMAP
F8
08
08
08
08
08
F8
ENDCHAR
STARTCHAR uniFF7B
ENCODING 65403
SWIDTH 875 0
DWIDTH 7 0
BBX 6 7 0 0
BITMAP
48
FC
48
48
08
10
60
ENDCHAR
STARTCHAR uniFF7C
ENCODING 65404
SWIDTH 750 0
DWIDTH 6 0
BBX 5 7 0 0
BITMAP
40
20
80
48
10
20
C0
ENDCHAR
STARTCHAR uniFF7D
ENCODING 65405
SWIDTH 750 0
DWIDTH 6 0
BBX 5 7 0 0
BITMAP
F8
08
10
10
20
50
88
ENDCHAR
STARTCHAR uniFF7E
ENCODING 65406
SWIDTH 875 0
DWIDTH 7 0
BBX 6 7 0 0
BITMAP
40
7C
C4
44
48
40
3C
ENDCHAR
STARTCHAR uniFF7F
ENCODING 65407
SWIDTH 750 0
DWIDTH 6 0
BBX 5 7 0 0
BITMAP
88
48
48
48
10
10
20
ENDCHAR
STARTCHAR uniFF80
ENCODING 65408
SWIDTH 750 0
DWIDTH 6 0
BBX 5 7 0 0
BITMAP
78
48
88
28
10
10
E0
ENDCHAR
STARTCHAR uniFF81
ENCODING 65409
SWIDTH 750 0
DWIDTH 6 0
BBX 5 7 0 0
BITMAP
78
20
20
F8
20
20
40
ENDCHAR
STARTCHAR uniFF82
ENCODING 65410
SWIDTH 875 0
DWIDTH 7 0
BBX 6 7 0 0
BITMAP
20
94
54
44
08
08
70
ENDCHAR
STARTCHAR uniFF83
ENCODING 65411
SWIDTH 750 0
DWIDTH 6 0
BBX 5 7 0 0
BITMAP
70
00
F8
10
10
20
40
ENDCHAR
STARTCHAR uniFF84
ENCODING 65412
SWIDTH 625 0
DWIDTH 5 0
BBX 3 7 1 0
BITMAP
80
80
C0
A0
80
80
80
ENDCHAR
STARTCHAR uniFF85
ENCODING 65413
SWIDTH 750 0
DWIDTH 6 0
BBX 5 7 0 0
BITMAP
20
20
F8
20
20
20
40
ENDCHAR
STARTCHAR uniFF86
ENCODING 65414
SWIDTH 875 0
DWIDTH 7 0
BBX 6 5 0 1
BITMAP
78
00
00
00
FC
ENDCHAR
STARTCHAR uniFF87
ENCODING 65415
SWIDTH 750 0
DWIDTH 6 0
BBX 5 7 0 0
BITMAP
F8
08
48
50
20
50
88
ENDCHAR
STARTCHAR uniFF88
ENCODING 65416
SWIDTH 750 0
DWIDTH 6 0
BBX 5 7 0 0
BITMAP
20
F8
08
30
E8
20
20
ENDCHAR
STARTCHAR uniFF89
ENCODING 65417
SWIDTH 500 0
DWIDTH 4 0
BBX 3 7 0 0
BITMAP
20
20
20
20
40
40
80
ENDCHAR
STARTCHAR uniFF8A
ENCODING 65418
SWIDTH 875 0
DWIDTH 7 0
BBX 6 7 0 0
BITMAP
48
48
48
48
44
84
84
ENDCHAR
STARTCHAR uniFF8B
ENCODING 65419
SWIDTH 750 0
DWIDTH 6 0
BBX 5 7 0 0
BITMAP
80
98
E0
80
80
80
78
ENDCHAR
STARTCHAR uniFF8C
ENCODING 65420
SWIDTH 750 0
DWIDTH 6 0
BBX 5 7 0 0
BITMAP
F8
08
08
08
10
10
E0
ENDCHAR
STARTCHAR uniFF8D
ENCODING 65421
SWIDTH 875 0
DWIDTH 7 0
BBX 6 6 0 0
BITMAP
20
50
90
08
08
04
ENDCHAR
STARTCHAR uniFF8E
ENCODING 65422
SWIDTH 875 0
DWIDTH 7 0
BBX 6 7 0 0
BITMAP
10
FC
10
54
54
94
10
ENDCHAR
STARTCHAR uniFF8F
ENCODING 65423
SWIDTH 750 0
DWIDTH 6 0
BBX 5 6 0 0
BITMAP
F8
08
08
50
20
10
ENDCHAR
STARTCHAR uniFF90
ENCODING 65424
SWIDTH 750 0
DWIDTH 6 0
BBX 5 7 0 0
BITMAP
70
08
00
70
08
E0
10
ENDCHAR
STARTCHAR uniFF91
ENCODING 65425
SWIDTH 875 0
DWIDTH 7 0
BBX 6 7 0 0
BITMAP
20
20
20
28
48
54
E4
ENDCHAR
STARTCHAR uniFF92
ENCODING 65426
SWIDTH 750 0
DWIDTH 6 0
BBX 5 7 0 0
BITMAP
08
08
D0
30
28
40
80
ENDCHAR
STARTCHAR uniFF93
ENCODING 65427
SWIDTH 750 0
DWIDTH 6 0
BBX 5 7 0 0
BITMAP
F8
40
40
F8
40
40
38
ENDCHAR
STARTCHAR uniFF94
ENCODING 65428
SWIDTH 875 0
DWIDTH 7 0
BBX 6 7 0 0
BITMAP
40
7C
C4
44
48
20
20
ENDCHAR
STARTCHAR uniFF95
ENCODING 65429
SWIDTH 875 0
DWIDTH 7 0
BBX 6 7 0 0
BITMAP
78
08
08
08
08
08
FC
ENDCHAR
STARTCHAR uniFF96
ENCODING 65430
SWIDTH 750 0
DWIDTH 6 0
BBX 5 7 0 0
BITMAP
F8
08
08
F8
08
08
F8
ENDCHAR
STARTCHAR uniFF97
ENCODING 65431
SWIDTH 750 0
DWIDTH 6 0
BBX 5 7 0 0
BITMAP
70
00
F8
08
08
10
60
ENDCHAR
STARTCHAR uniFF98
ENCODING 65432
SWIDTH 625 0
DWIDTH 5 0
BBX 4 7 0 0
BITMAP
90
90
90
90
10
20
40
ENDCHAR
STARTCHAR uniFF99
ENCODING 65433
SWIDTH 875 0
DWIDTH 7 0
BBX 6 7 0 0
BITMAP
50
50
50
50
54
98
90
ENDCHAR
STARTCHAR uniFF9A
ENCODING 65434
SWIDTH 750 0
DWIDTH 6 0
BBX 5 7 0 0
BITMAP
80
80
80
88
88
90
E0
ENDCHAR
STARTCHAR uniFF9B
ENCODING 65435
SWIDTH 750 0
DWIDTH 6 0
BBX 5 7 0 0
BITMAP
F8
88
88
88
88
88
F8
ENDCHAR
STARTCHAR uniFF9C
ENCODING 65436
SWIDTH 750 0
DWIDTH 6 0
BBX 5 7 0 0
BITMAP
F8
88
88
88
08
10
60
ENDCHAR
STARTCHAR uniFF9D
ENCODING 65437
SWIDTH 750 0
DWIDTH 6 0
BBX 5 7 0 0
BITMAP
C0
20
00
08
10
20
C0
ENDCHAR
STARTCHAR uniFF9E
ENCODING 65438
SWIDTH 500 0
DWIDTH 4 0
BBX 3 4 0 3
BITMAP
40
20
80
40
ENDCHAR
STARTCHAR uniFF9F
ENCODING 65439
SWIDTH 500 0
DWIDTH 4 0
BBX 3 3 0 4
BITMAP
40
A0
40
ENDCHAR
STARTCHAR uniFFFC
ENCODING 65532
SWIDTH 1000 0
DWIDTH 8 0
BBX 7 7 0 0
BITMAP
D6
82
00
82
00
82
D6
ENDCHAR
STARTCHAR uniFFFD
ENCODING 65533
SWIDTH 1000 0
DWIDTH 8 0
BBX 7 7 0 0
BITMAP
38
4C
F6
EE
FE
6C
38
ENDCHAR
STARTCHAR uni1D400
ENCODING 119808
SWIDTH 875 0
DWIDTH 7 0
BBX 6 7 0 0
BITMAP
78
CC
CC
CC
FC
CC
CC
ENDCHAR
STARTCHAR uni1D401
ENCODING 119809
SWIDTH 875 0
DWIDTH 7 0
BBX 6 7 0 0
BITMAP
F8
CC
CC
F8
CC
CC
F8
ENDCHAR
STARTCHAR uni1D402
ENCODING 119810
SWIDTH 875 0
DWIDTH 7 0
BBX 6 7 0 0
BITMAP
7C
C0
C0
C0
C0
C0
7C
ENDCHAR
STARTCHAR uni1D403
ENCODING 119811
SWIDTH 875 0
DWIDTH 7 0
BBX 6 7 0 0
BITMAP
F8
CC
CC
CC
CC
CC
F8
ENDCHAR
STARTCHAR uni1D404
ENCODING 119812
SWIDTH 875 0
DWIDTH 7 0
BBX 6 7 0 0
BITMAP
FC
C0
C0
F8
C0
C0
FC
ENDCHAR
STARTCHAR uni1D405
ENCODING 119813
SWIDTH 875 0
DWIDTH 7 0
BBX 6 7 0 0
BITMAP
FC
C0
C0
C0
F8
C0
C0
ENDCHAR
STARTCHAR uni1D406
ENCODING 119814
SWIDTH 875 0
DWIDTH 7 0
BBX 6 7 0 0
BITMAP
7C
C0
C0
DC
CC
CC
78
ENDCHAR
STARTCHAR uni1D407
ENCODING 119815
SWIDTH 875 0
DWIDTH 7 0
BBX 6 7 0 0
BITMAP
CC
CC
CC
FC
CC
CC
CC
ENDCHAR
STARTCHAR uni1D408
ENCODING 119816
SWIDTH 625 0
DWIDTH 5 0
BBX 4 7 0 0
BITMAP
F0
60
60
60
60
60
F0
ENDCHAR
STARTCHAR uni1D409
ENCODING 119817
SWIDTH 750 0
DWIDTH 6 0
BBX 5 7 0 0
BITMAP
18
18
18
18
18
18
F0
ENDCHAR
STARTCHAR uni1D40A
ENCODING 119818
SWIDTH 875 0
DWIDTH 7 0
BBX 6 7 0 0
BITMAP
CC
D8
F0
F0
D8
CC
CC
ENDCHAR
STARTCHAR uni1D40B
ENCODING 119819
SWIDTH 875 0
DWIDTH 7 0
BBX 6 7 0 0
BITMAP
C0
C0
C0
C0
C0
C0
FC
ENDCHAR
STARTCHAR uni1D40C
ENCODING 119820
SWIDTH 1125 0
DWIDTH 9 0
BBX 8 7 0 0
BITMAP
C3
E7
FF
DB
DB
DB
C3
ENDCHAR
STARTCHAR uni1D40D
ENCODING 119821
SWIDTH 875 0
DWIDTH 7 0
BBX 6 7 0 0
BITMAP
CC
EC
FC
DC
CC
CC
CC
ENDCHAR
STARTCHAR uni1D40E
ENCODING 119822
SWIDTH 875 0
DWIDTH 7 0
BBX 6 7 0 0
BITMAP
78
CC
CC
CC
CC
CC
78
ENDCHAR
STARTCHAR uni1D40F
ENCODING 119823
SWIDTH 875 0
DWIDTH 7 0
BBX 6 7 0 0
BITMAP
F8
CC
CC
CC
F8
C0
C0
ENDCHAR
STARTCHAR uni1D410
ENCODING 119824
SWIDTH 875 0
DWIDTH 7 0
BBX 6 8 0 -1
BITMAP
78
CC
CC
CC
CC
CC
78
0C
ENDCHAR
STARTCHAR uni1D411
ENCODING 119825
SWIDTH 875 0
DWIDTH 7 0
BBX 6 7 0 0
BITMAP
F8
CC
CC
CC
F8
D8
CC
ENDCHAR
STARTCHAR uni1D412
ENCODING 119826
SWIDTH 875 0
DWIDTH 7 0
BBX 6 7 0 0
BITMAP
7C
C0
C0
78
0C
0C
F8
ENDCHAR
STARTCHAR uni1D413
ENCODING 119827
SWIDTH 875 0
DWIDTH 7 0
BBX 6 7 0 0
BITMAP
FC
30
30
30
30
30
30
ENDCHAR
STARTCHAR uni1D414
ENCODING 119828
SWIDTH 875 0
DWIDTH 7 0
BBX 6 7 0 0
BITMAP
CC
CC
CC
CC
CC
CC
78
ENDCHAR
STARTCHAR uni1D415
ENCODING 119829
SWIDTH 875 0
DWIDTH 7 0
BBX 6 7 0 0
BITMAP
CC
CC
CC
CC
CC
78
30
ENDCHAR
STARTCHAR uni1D416
ENCODING 119830
SWIDTH 1125 0
DWIDTH 9 0
BBX 8 7 0 0
BITMAP
C3
DB
DB
DB
DB
FF
66
ENDCHAR
STARTCHAR uni1D417
ENCODING 119831
SWIDTH 875 0
DWIDTH 7 0
BBX 6 7 0 0
BITMAP
CC
CC
78
30
78
CC
CC
ENDCHAR
STARTCHAR uni1D418
ENCODING 119832
SWIDTH 875 0
DWIDTH 7 0
BBX 6 7 0 0
BITMAP
CC
CC
CC
78
30
30
30
ENDCHAR
STARTCHAR uni1D419
ENCODING 119833
SWIDTH 875 0
DWIDTH 7 0
BBX 6 7 0 0
BITMAP
FC
0C
18
30
60
C0
FC
ENDCHAR
STARTCHAR uni1D41A
ENCODING 119834
SWIDTH 750 0
DWIDTH 6 0
BBX 5 5 0 0
BITMAP
70
18
78
D8
78
ENDCHAR
STARTCHAR uni1D41B
ENCODING 119835
SWIDTH 750 0
DWIDTH 6 0
BBX 5 7 0 0
BITMAP
C0
C0
F0
D8
D8
D8
F0
ENDCHAR
STARTCHAR uni1D41C
ENCODING 119836
SWIDTH 625 0
DWIDTH 5 0
BBX 4 5 0 0
BITMAP
70
C0
C0
C0
70
ENDCHAR
STARTCHAR uni1D41D
ENCODING 119837
SWIDTH 750 0
DWIDTH 6 0
BBX 5 7 0 0
BITMAP
18
18
78
D8
D8
D8
78
ENDCHAR
STARTCHAR uni1D41E
ENCODING 119838
SWIDTH 750 0
DWIDTH 6 0
BBX 5 5 0 0
BITMAP
70
D8
F8
C0
78
ENDCHAR
STARTCHAR uni1D41F
ENCODING 119839
SWIDTH 500 0
DWIDTH 4 0
BBX 3 7 0 0
BITMAP
60
C0
C0
E0
C0
C0
C0
ENDCHAR
STARTCHAR uni1D420
ENCODING 119840
SWIDTH 750 0
DWIDTH 6 0
BBX 5 6 0 -1
BITMAP
78
D8
D8
78
18
F0
ENDCHAR
STARTCHAR uni1D421
ENCODING 119841
SWIDTH 750 0
DWIDTH 6 0
BBX 5 7 0 0
BITMAP
C0
C0
F0
D8
D8
D8
D8
ENDCHAR
STARTCHAR uni1D422
ENCODING 119842
SWIDTH 375 0
DWIDTH 3 0
BBX 2 7 0 0
BITMAP
C0
00
C0
C0
C0
C0
C0
ENDCHAR
STARTCHAR uni1D423
ENCODING 119843
SWIDTH 375 0
DWIDTH 3 0
BBX 2 8 0 -1
BITMAP
C0
00
C0
C0
C0
C0
C0
C0
ENDCHAR
STARTCHAR uni1D424
ENCODING 119844
SWIDTH 750 0
DWIDTH 6 0
BBX 5 7 0 0
BITMAP
C0
C0
D8
F0
F0
D8
D8
ENDCHAR
STARTCHAR uni1D425
ENCODING 119845
SWIDTH 375 0
DWIDTH 3 0
BBX 2 7 0 0
BITMAP
C0
C0
C0
C0
C0
C0
C0
ENDCHAR
STARTCHAR uni1D426
ENCODING 119846
SWIDTH 1125 0
DWIDTH 9 0
BBX 8 5 0 0
BITMAP
EE
DB
DB
DB
C3
ENDCHAR
STARTCHAR uni1D427
ENCODING 119847
SWIDTH 750 0
DWIDTH 6 0
BBX 5 5 0 0
BITMAP
F0
D8
D8
D8
D8
ENDCHAR
STARTCHAR uni1D428
ENCODING 119848
SWIDTH 750 0
DWIDTH 6 0
BBX 5 5 0 0
BITMAP
70
D8
D8
D8
70
ENDCHAR
STARTCHAR uni1D429
ENCODING 119849
SWIDTH 750 0
DWIDTH 6 0
BBX 5 6 0 -1
BITMAP
F0
D8
D8
D8
F0
C0
ENDCHAR
STARTCHAR uni1D42A
ENCODING 119850
SWIDTH 750 0
DWIDTH 6 0
BBX 5 6 0 -1
BITMAP
78
D8
D8
D8
78
18
ENDCHAR
STARTCHAR uni1D42B
ENCODING 119851
SWIDTH 625 0
DWIDTH 5 0
BBX 4 5 0 0
BITMAP
70
C0
C0
C0
C0
ENDCHAR
STARTCHAR uni1D42C
ENCODING 119852
SWIDTH 750 0
DWIDTH 6 0
BBX 5 5 0 0
BITMAP
78
C0
70
18
F0
ENDCHAR
STARTCHAR uni1D42D
ENCODING 119853
SWIDTH 500 0
DWIDTH 4 0
BBX 3 6 0 0
BITMAP
C0
E0
C0
C0
C0
60
ENDCHAR
STARTCHAR uni1D42E
ENCODING 119854
SWIDTH 750 0
DWIDTH 6 0
BBX 5 5 0 0
BITMAP
D8
D8
D8
D8
78
ENDCHAR
STARTCHAR uni1D42F
ENCODING 119855
SWIDTH 750 0
DWIDTH 6 0
BBX 5 5 0 0
BITMAP
D8
D8
D8
F0
E0
ENDCHAR
STARTCHAR uni1D430
ENCODING 119856
SWIDTH 1125 0
DWIDTH 9 0
BBX 8 5 0 0
BITMAP
C3
DB
DB
DB
6E
ENDCHAR
STARTCHAR uni1D431
ENCODING 119857
SWIDTH 750 0
DWIDTH 6 0
BBX 5 5 0 0
BITMAP
D8
D8
70
D8
D8
ENDCHAR
STARTCHAR uni1D432
ENCODING 119858
SWIDTH 750 0
DWIDTH 6 0
BBX 5 6 0 -1
BITMAP
D8
D8
D8
78
18
F0
ENDCHAR
STARTCHAR uni1D433
ENCODING 119859
SWIDTH 750 0
DWIDTH 6 0
BBX 5 5 0 0
BITMAP
F8
30
60
C0
F8
ENDCHAR
STARTCHAR uni1D538
ENCODING 120120
SWIDTH 875 0
DWIDTH 7 0
BBX 6 7 0 0
BITMAP
78
A4
A4
A4
BC
A4
E4
ENDCHAR
STARTCHAR uni1D539
ENCODING 120121
SWIDTH 875 0
DWIDTH 7 0
BBX 6 7 0 0
BITMAP
F8
A4
A4
B8
A4
A4
F8
ENDCHAR
STARTCHAR uni1D53A
ENCODING 120122
SWIDTH 875 0
DWIDTH 7 0
BBX 6 7 0 0
BITMAP
7C
A0
A0
A0
A0
A0
7C
ENDCHAR
STARTCHAR uni1D53B
ENCODING 120123
SWIDTH 875 0
DWIDTH 7 0
BBX 6 7 0 0
BITMAP
F8
A4
A4
A4
A4
A4
F8
ENDCHAR
STARTCHAR uni1D53C
ENCODING 120124
SWIDTH 875 0
DWIDTH 7 0
BBX 6 7 0 0
BITMAP
FC
A0
A0
B8
A0
A0
FC
ENDCHAR
STARTCHAR uni1D53D
ENCODING 120125
SWIDTH 875 0
DWIDTH 7 0
BBX 6 7 0 0
BITMAP
FC
A0
A0
A0
B8
A0
E0
ENDCHAR
STARTCHAR uni1D53E
ENCODING 120126
SWIDTH 875 0
DWIDTH 7 0
BBX 6 7 0 0
BITMAP
7C
A0
A0
AC
A4
A4
78
ENDCHAR
STARTCHAR uni1D53F
ENCODING 120127
SWIDTH 875 0
DWIDTH 7 0
BBX 6 7 0 0
BITMAP
E4
A4
A4
BC
A4
A4
E4
ENDCHAR
STARTCHAR uni1D540
ENCODING 120128
SWIDTH 750 0
DWIDTH 6 0
BBX 5 7 0 0
BITMAP
F8
50
50
50
50
50
F8
ENDCHAR
STARTCHAR uni1D541
ENCODING 120129
SWIDTH 750 0
DWIDTH 6 0
BBX 5 7 0 0
BITMAP
38
28
28
28
28
28
F0
ENDCHAR
STARTCHAR uni1D542
ENCODING 120130
SWIDTH 875 0
DWIDTH 7 0
BBX 6 7 0 0
BITMAP
E4
A8
B0
B0
A8
A4
E4
ENDCHAR
STARTCHAR uni1D543
ENCODING 120131
SWIDTH 875 0
DWIDTH 7 0
BBX 6 7 0 0
BITMAP
E0
A0
A0
A0
A0
A0
FC
ENDCHAR
STARTCHAR uni1D544
ENCODING 120132
SWIDTH 1000 0
DWIDTH 8 0
BBX 7 7 0 0
BITMAP
E2
B6
AA
AA
AA
A2
E2
ENDCHAR
STARTCHAR uni1D545
ENCODING 120133
SWIDTH 875 0
DWIDTH 7 0
BBX 6 7 0 0
BITMAP
E4
A4
B4
AC
A4
A4
E4
ENDCHAR
STARTCHAR uni1D546
ENCODING 120134
SWIDTH 875 0
DWIDTH 7 0
BBX 6 7 0 0
BITMAP
78
A4
A4
A4
A4
A4
78
ENDCHAR
STARTCHAR uni1D547
ENCODING 120135
SWIDTH 875 0
DWIDTH 7 0
BBX 6 7 0 0
BITMAP
F8
A4
A4
A4
B8
A0
E0
ENDCHAR
STARTCHAR uni1D548
ENCODING 120136
SWIDTH 875 0
DWIDTH 7 0
BBX 6 8 0 -1
BITMAP
78
A4
A4
A4
A4
A4
78
04
ENDCHAR
STARTCHAR uni1D549
ENCODING 120137
SWIDTH 875 0
DWIDTH 7 0
BBX 6 7 0 0
BITMAP
F8
A4
A4
A4
B8
A8
E4
ENDCHAR
STARTCHAR uni1D54A
ENCODING 120138
SWIDTH 875 0
DWIDTH 7 0
BBX 6 7 0 0
BITMAP
7C
A0
A0
78
14
14
F8
ENDCHAR
STARTCHAR uni1D54B
ENCODING 120139
SWIDTH 875 0
DWIDTH 7 0
BBX 6 7 0 0
BITMAP
FC
28
28
28
28
28
38
ENDCHAR
STARTCHAR uni1D54C
ENCODING 120140
SWIDTH 875 0
DWIDTH 7 0
BBX 6 7 0 0
BITMAP
E4
A4
A4
A4
A4
A4
78
ENDCHAR
STARTCHAR uni1D54D
ENCODING 120141
SWIDTH 875 0
DWIDTH 7 0
BBX 6 7 0 0
BITMAP
E4
A4
A4
A4
A4
68
30
ENDCHAR
STARTCHAR uni1D54E
ENCODING 120142
SWIDTH 1000 0
DWIDTH 8 0
BBX 7 7 0 0
BITMAP
E2
A2
AA
AA
AA
AA
74
ENDCHAR
STARTCHAR uni1D54F
ENCODING 120143
SWIDTH 875 0
DWIDTH 7 0
BBX 6 7 0 0
BITMAP
E4
A8
50
28
54
94
9C
ENDCHAR
STARTCHAR uni1D550
ENCODING 120144
SWIDTH 875 0
DWIDTH 7 0
BBX 6 7 0 0
BITMAP
E4
A4
A4
58
28
28
38
ENDCHAR
STARTCHAR uni1D551
ENCODING 120145
SWIDTH 875 0
DWIDTH 7 0
BBX 6 7 0 0
BITMAP
FC
14
28
50
A0
A0
FC
ENDCHAR
STARTCHAR uni1D552
ENCODING 120146
SWIDTH 875 0
DWIDTH 7 0
BBX 6 5 0 0
BITMAP
78
04
7C
A4
7C
ENDCHAR
STARTCHAR uni1D553
ENCODING 120147
SWIDTH 875 0
DWIDTH 7 0
BBX 6 7 0 0
BITMAP
E0
A0
B8
A4
A4
A4
F8
ENDCHAR
STARTCHAR uni1D554
ENCODING 120148
SWIDTH 750 0
DWIDTH 6 0
BBX 5 5 0 0
BITMAP
78
A0
A0
A0
78
ENDCHAR
STARTCHAR uni1D555
ENCODING 120149
SWIDTH 875 0
DWIDTH 7 0
BBX 6 7 0 0
BITMAP
04
04
7C
A4
A4
A4
7C
ENDCHAR
STARTCHAR uni1D556
ENCODING 120150
SWIDTH 875 0
DWIDTH 7 0
BBX 6 5 0 0
BITMAP
78
A4
BC
A0
7C
ENDCHAR
STARTCHAR uni1D557
ENCODING 120151
SWIDTH 625 0
DWIDTH 5 0
BBX 4 7 0 0
BITMAP
70
A0
A0
B0
A0
A0
E0
ENDCHAR
STARTCHAR uni1D558
ENCODING 120152
SWIDTH 875 0
DWIDTH 7 0
BBX 6 6 0 -1
BITMAP
7C
A4
A4
7C
04
F8
ENDCHAR
STARTCHAR uni1D559
ENCODING 120153
SWIDTH 875 0
DWIDTH 7 0
BBX 6 7 0 0
BITMAP
E0
A0
B8
A4
A4
A4
E4
ENDCHAR
STARTCHAR uni1D55A
ENCODING 120154
SWIDTH 500 0
DWIDTH 4 0
BBX 3 7 0 0
BITMAP
E0
00
E0
A0
A0
A0
E0
ENDCHAR
STARTCHAR uni1D55B
ENCODING 120155
SWIDTH 500 0
DWIDTH 4 0
BBX 3 8 0 -1
BITMAP
E0
00
E0
A0
A0
A0
A0
C0
ENDCHAR
STARTCHAR uni1D55C
ENCODING 120156
SWIDTH 875 0
DWIDTH 7 0
BBX 6 7 0 0
BITMAP
E0
A0
A4
A8
B8
A4
E4
ENDCHAR
STARTCHAR uni1D55D
ENCODING 120157
SWIDTH 500 0
DWIDTH 4 0
BBX 3 7 0 0
BITMAP
E0
A0
A0
A0
A0
A0
E0
ENDCHAR
STARTCHAR uni1D55E
ENCODING 120158
SWIDTH 1000 0
DWIDTH 8 0
BBX 7 5 0 0
BITMAP
F4
AA
AA
AA
E2
ENDCHAR
STARTCHAR uni1D55F
ENCODING 120159
SWIDTH 875 0
DWIDTH 7 0
BBX 6 5 0 0
BITMAP
F8
A4
A4
A4
E4
ENDCHAR
STARTCHAR uni1D560
ENCODING 120160
SWIDTH 875 0
DWIDTH 7 0
BBX 6 5 0 0
BITMAP
78
A4
A4
A4
78
ENDCHAR
STARTCHAR uni1D561
ENCODING 120161
SWIDTH 875 0
DWIDTH 7 0
BBX 6 6 0 -1
BITMAP
F8
A4
A4
A4
B8
E0
ENDCHAR
STARTCHAR uni1D562
ENCODING 120162
SWIDTH 875 0
DWIDTH 7 0
BBX 6 6 0 -1
BITMAP
7C
A4
A4
A4
7C
04
ENDCHAR
STARTCHAR uni1D563
ENCODING 120163
SWIDTH 750 0
DWIDTH 6 0
BBX 5 5 0 0
BITMAP
78
A0
A0
A0
E0
ENDCHAR
STARTCHAR uni1D564
ENCODING 120164
SWIDTH 875 0
DWIDTH 7 0
BBX 6 5 0 0
BITMAP
7C
A0
78
14
F8
ENDCHAR
STARTCHAR uni1D565
ENCODING 120165
SWIDTH 625 0
DWIDTH 5 0
BBX 4 6 0 0
BITMAP
E0
B0
A0
A0
A0
70
ENDCHAR
STARTCHAR uni1D566
ENCODING 120166
SWIDTH 875 0
DWIDTH 7 0
BBX 6 5 0 0
BITMAP
E4
A4
A4
A4
7C
ENDCHAR
STARTCHAR uni1D567
ENCODING 120167
SWIDTH 875 0
DWIDTH 7 0
BBX 6 5 0 0
BITMAP
E4
A4
A4
A8
F0
ENDCHAR
STARTCHAR uni1D568
ENCODING 120168
SWIDTH 1000 0
DWIDTH 8 0
BBX 7 5 0 0
BITMAP
E2
AA
AA
AA
74
ENDCHAR
STARTCHAR uni1D569
ENCODING 120169
SWIDTH 875 0
DWIDTH 7 0
BBX 6 5 0 0
BITMAP
E4
A4
78
A4
E4
ENDCHAR
STARTCHAR uni1D56A
ENCODING 120170
SWIDTH 875 0
DWIDTH 7 0
BBX 6 6 0 -1
BITMAP
E4
A4
A4
7C
04
F8
ENDCHAR
STARTCHAR uni1D56B
ENCODING 120171
SWIDTH 875 0
DWIDTH 7 0
BBX 6 5 0 0
BITMAP
FC
28
50
A0
FC
ENDCHAR
STARTCHAR uni1D5A0
ENCODING 120224
SWIDTH 750 0
DWIDTH 6 0
BBX 5 7 0 0
BITMAP
70
88
88
88
F8
88
88
ENDCHAR
STARTCHAR uni1D5A1
ENCODING 120225
SWIDTH 750 0
DWIDTH 6 0
BBX 5 7 0 0
BITMAP
F0
88
88
F0
88
88
F0
ENDCHAR
STARTCHAR uni1D5A2
ENCODING 120226
SWIDTH 750 0
DWIDTH 6 0
BBX 5 7 0 0
BITMAP
78
80
80
80
80
80
78
ENDCHAR
STARTCHAR uni1D5A3
ENCODING 120227
SWIDTH 750 0
DWIDTH 6 0
BBX 5 7 0 0
BITMAP
F0
88
88
88
88
88
F0
ENDCHAR
STARTCHAR uni1D5A4
ENCODING 120228
SWIDTH 750 0
DWIDTH 6 0
BBX 5 7 0 0
BITMAP
F8
80
80
F0
80
80
F8
ENDCHAR
STARTCHAR uni1D5A5
ENCODING 120229
SWIDTH 750 0
DWIDTH 6 0
BBX 5 7 0 0
BITMAP
F8
80
80
80
F0
80
80
ENDCHAR
STARTCHAR uni1D5A6
ENCODING 120230
SWIDTH 750 0
DWIDTH 6 0
BBX 5 7 0 0
BITMAP
78
80
80
98
88
88
70
ENDCHAR
STARTCHAR uni1D5A7
ENCODING 120231
SWIDTH 750 0
DWIDTH 6 0
BBX 5 7 0 0
BITMAP
88
88
88
F8
88
88
88
ENDCHAR
STARTCHAR uni1D5A8
ENCODING 120232
SWIDTH 500 0
DWIDTH 4 0
BBX 3 7 0 0
BITMAP
E0
40
40
40
40
40
E0
ENDCHAR
STARTCHAR uni1D5A9
ENCODING 120233
SWIDTH 625 0
DWIDTH 5 0
BBX 4 7 0 0
BITMAP
10
10
10
10
10
10
E0
ENDCHAR
STARTCHAR uni1D5AA
ENCODING 120234
SWIDTH 750 0
DWIDTH 6 0
BBX 5 7 0 0
BITMAP
88
90
A0
E0
90
88
88
ENDCHAR
STARTCHAR uni1D5AB
ENCODING 120235
SWIDTH 750 0
DWIDTH 6 0
BBX 5 7 0 0
BITMAP
80
80
80
80
80
80
F8
ENDCHAR
STARTCHAR uni1D5AC
ENCODING 120236
SWIDTH 750 0
DWIDTH 6 0
BBX 5 7 0 0
BITMAP
88
D8
A8
A8
A8
88
88
ENDCHAR
STARTCHAR uni1D5AD
ENCODING 120237
SWIDTH 750 0
DWIDTH 6 0
BBX 5 7 0 0
BITMAP
88
C8
A8
98
88
88
88
ENDCHAR
STARTCHAR uni1D5AE
ENCODING 120238
SWIDTH 750 0
DWIDTH 6 0
BBX 5 7 0 0
BITMAP
70
88
88
88
88
88
70
ENDCHAR
STARTCHAR uni1D5AF
ENCODING 120239
SWIDTH 750 0
DWIDTH 6 0
BBX 5 7 0 0
BITMAP
F0
88
88
88
F0
80
80
ENDCHAR
STARTCHAR uni1D5B0
ENCODING 120240
SWIDTH 750 0
DWIDTH 6 0
BBX 5 8 0 -1
BITMAP
70
88
88
88
88
88
70
08
ENDCHAR
STARTCHAR uni1D5B1
ENCODING 120241
SWIDTH 750 0
DWIDTH 6 0
BBX 5 7 0 0
BITMAP
F0
88
88
88
F0
90
88
ENDCHAR
STARTCHAR uni1D5B2
ENCODING 120242
SWIDTH 750 0
DWIDTH 6 0
BBX 5 7 0 0
BITMAP
78
80
80
70
08
08
F0
ENDCHAR
STARTCHAR uni1D5B3
ENCODING 120243
SWIDTH 750 0
DWIDTH 6 0
BBX 5 7 0 0
BITMAP
F8
20
20
20
20
20
20
ENDCHAR
STARTCHAR uni1D5B4
ENCODING 120244
SWIDTH 750 0
DWIDTH 6 0
BBX 5 7 0 0
BITMAP
88
88
88
88
88
88
70
ENDCHAR
STARTCHAR uni1D5B5
ENCODING 120245
SWIDTH 750 0
DWIDTH 6 0
BBX 5 7 0 0
BITMAP
88
88
88
88
88
50
20
ENDCHAR
STARTCHAR uni1D5B6
ENCODING 120246
SWIDTH 750 0
DWIDTH 6 0
BBX 5 7 0 0
BITMAP
88
88
A8
A8
A8
A8
50
ENDCHAR
STARTCHAR uni1D5B7
ENCODING 120247
SWIDTH 750 0
DWIDTH 6 0
BBX 5 7 0 0
BITMAP
88
88
50
20
50
88
88
ENDCHAR
STARTCHAR uni1D5B8
ENCODING 120248
SWIDTH 750 0
DWIDTH 6 0
BBX 5 7 0 0
BITMAP
88
88
88
50
20
20
20
ENDCHAR
STARTCHAR uni1D5B9
ENCODING 120249
SWIDTH 750 0
DWIDTH 6 0
BBX 5 7 0 0
BITMAP
F8
08
10
20
40
80
F8
ENDCHAR
STARTCHAR uni1D5BA
ENCODING 120250
SWIDTH 625 0
DWIDTH 5 0
BBX 4 5 0 0
BITMAP
60
10
70
90
70
ENDCHAR
STARTCHAR uni1D5BB
ENCODING 120251
SWIDTH 625 0
DWIDTH 5 0
BBX 4 7 0 0
BITMAP
80
80
E0
90
90
90
E0
ENDCHAR
STARTCHAR uni1D5BC
ENCODING 120252
SWIDTH 500 0
DWIDTH 4 0
BBX 3 5 0 0
BITMAP
60
80
80
80
60
ENDCHAR
STARTCHAR uni1D5BD
ENCODING 120253
SWIDTH 625 0
DWIDTH 5 0
BBX 4 7 0 0
BITMAP
10
10
70
90
90
90
70
ENDCHAR
STARTCHAR uni1D5BE
ENCODING 120254
SWIDTH 625 0
DWIDTH 5 0
BBX 4 5 0 0
BITMAP
60
90
F0
80
70
ENDCHAR
STARTCHAR uni1D5BF
ENCODING 120255
SWIDTH 375 0
DWIDTH 3 0
BBX 2 7 0 0
BITMAP
40
80
80
C0
80
80
80
ENDCHAR
STARTCHAR uni1D5C0
ENCODING 120256
SWIDTH 625 0
DWIDTH 5 0
BBX 4 6 0 -1
BITMAP
70
90
90
70
10
E0
ENDCHAR
STARTCHAR uni1D5C1
ENCODING 120257
SWIDTH 625 0
DWIDTH 5 0
BBX 4 7 0 0
BITMAP
80
80
E0
90
90
90
90
ENDCHAR
STARTCHAR uni1D5C2
ENCODING 120258
SWIDTH 250 0
DWIDTH 2 0
BBX 1 7 0 0
BITMAP
80
00
80
80
80
80
80
ENDCHAR
STARTCHAR uni1D5C3
ENCODING 120259
SWIDTH 250 0
DWIDTH 2 0
BBX 1 8 0 -1
BITMAP
80
00
80
80
80
80
80
80
ENDCHAR
STARTCHAR uni1D5C4
ENCODING 120260
SWIDTH 625 0
DWIDTH 5 0
BBX 4 7 0 0
BITMAP
80
80
90
A0
E0
90
90
ENDCHAR
STARTCHAR uni1D5C5
ENCODING 120261
SWIDTH 250 0
DWIDTH 2 0
BBX 1 7 0 0
BITMAP
80
80
80
80
80
80
80
ENDCHAR
STARTCHAR uni1D5C6
ENCODING 120262
SWIDTH 750 0
DWIDTH 6 0
BBX 5 5 0 0
BITMAP
D0
A8
A8
A8
88
ENDCHAR
STARTCHAR uni1D5C7
ENCODING 120263
SWIDTH 625 0
DWIDTH 5 0
BBX 4 5 0 0
BITMAP
E0
90
90
90
90
ENDCHAR
STARTCHAR uni1D5C8
ENCODING 120264
SWIDTH 625 0
DWIDTH 5 0
BBX 4 5 0 0
BITMAP
60
90
90
90
60
ENDCHAR
STARTCHAR uni1D5C9
ENCODING 120265
SWIDTH 625 0
DWIDTH 5 0
BBX 4 6 0 -1
BITMAP
E0
90
90
90
E0
80
ENDCHAR
STARTCHAR uni1D5CA
ENCODING 120266
SWIDTH 625 0
DWIDTH 5 0
BBX 4 6 0 -1
BITMAP
70
90
90
90
70
10
ENDCHAR
STARTCHAR uni1D5CB
ENCODING 120267
SWIDTH 500 0
DWIDTH 4 0
BBX 3 5 0 0
BITMAP
60
80
80
80
80
ENDCHAR
STARTCHAR uni1D5CC
ENCODING 120268
SWIDTH 625 0
DWIDTH 5 0
BBX 4 5 0 0
BITMAP
70
80
60
10
E0
ENDCHAR
STARTCHAR uni1D5CD
ENCODING 120269
SWIDTH 375 0
DWIDTH 3 0
BBX 2 6 0 0
BITMAP
80
C0
80
80
80
40
ENDCHAR
STARTCHAR uni1D5CE
ENCODING 120270
SWIDTH 625 0
DWIDTH 5 0
BBX 4 5 0 0
BITMAP
90
90
90
90
70
ENDCHAR
STARTCHAR uni1D5CF
ENCODING 120271
SWIDTH 625 0
DWIDTH 5 0
BBX 4 5 0 0
BITMAP
90
90
90
A0
C0
ENDCHAR
STARTCHAR uni1D5D0
ENCODING 120272
SWIDTH 750 0
DWIDTH 6 0
BBX 5 5 0 0
BITMAP
88
A8
A8
A8
50
ENDCHAR
STARTCHAR uni1D5D1
ENCODING 120273
SWIDTH 625 0
DWIDTH 5 0
BBX 4 5 0 0
BITMAP
90
90
60
90
90
ENDCHAR
STARTCHAR uni1D5D2
ENCODING 120274
SWIDTH 625 0
DWIDTH 5 0
BBX 4 6 0 -1
BITMAP
90
90
90
70
10
E0
ENDCHAR
STARTCHAR uni1D5D3
ENCODING 120275
SWIDTH 625 0
DWIDTH 5 0
BBX 4 5 0 0
BITMAP
F0
20
40
80
F0
ENDCHAR
STARTCHAR uni1D5D4
ENCODING 120276
SWIDTH 875 0
DWIDTH 7 0
BBX 6 7 0 0
BITMAP
78
CC
CC
CC
FC
CC
CC
ENDCHAR
STARTCHAR uni1D5D5
ENCODING 120277
SWIDTH 875 0
DWIDTH 7 0
BBX 6 7 0 0
BITMAP
F8
CC
CC
F8
CC
CC
F8
ENDCHAR
STARTCHAR uni1D5D6
ENCODING 120278
SWIDTH 875 0
DWIDTH 7 0
BBX 6 7 0 0
BITMAP
7C
C0
C0
C0
C0
C0
7C
ENDCHAR
STARTCHAR uni1D5D7
ENCODING 120279
SWIDTH 875 0
DWIDTH 7 0
BBX 6 7 0 0
BITMAP
F8
CC
CC
CC
CC
CC
F8
ENDCHAR
STARTCHAR uni1D5D8
ENCODING 120280
SWIDTH 875 0
DWIDTH 7 0
BBX 6 7 0 0
BITMAP
FC
C0
C0
F8
C0
C0
FC
ENDCHAR
STARTCHAR uni1D5D9
ENCODING 120281
SWIDTH 875 0
DWIDTH 7 0
BBX 6 7 0 0
BITMAP
FC
C0
C0
C0
F8
C0
C0
ENDCHAR
STARTCHAR uni1D5DA
ENCODING 120282
SWIDTH 875 0
DWIDTH 7 0
BBX 6 7 0 0
BITMAP
7C
C0
C0
DC
CC
CC
78
ENDCHAR
STARTCHAR uni1D5DB
ENCODING 120283
SWIDTH 875 0
DWIDTH 7 0
BBX 6 7 0 0
BITMAP
CC
CC
CC
FC
CC
CC
CC
ENDCHAR
STARTCHAR uni1D5DC
ENCODING 120284
SWIDTH 625 0
DWIDTH 5 0
BBX 4 7 0 0
BITMAP
F0
60
60
60
60
60
F0
ENDCHAR
STARTCHAR uni1D5DD
ENCODING 120285
SWIDTH 750 0
DWIDTH 6 0
BBX 5 7 0 0
BITMAP
18
18
18
18
18
18
F0
ENDCHAR
STARTCHAR uni1D5DE
ENCODING 120286
SWIDTH 875 0
DWIDTH 7 0
BBX 6 7 0 0
BITMAP
CC
D8
F0
F0
D8
CC
CC
ENDCHAR
STARTCHAR uni1D5DF
ENCODING 120287
SWIDTH 875 0
DWIDTH 7 0
BBX 6 7 0 0
BITMAP
C0
C0
C0
C0
C0
C0
FC
ENDCHAR
STARTCHAR uni1D5E0
ENCODING 120288
SWIDTH 1125 0
DWIDTH 9 0
BBX 8 7 0 0
BITMAP
C3
E7
FF
DB
DB
DB
C3
ENDCHAR
STARTCHAR uni1D5E1
ENCODING 120289
SWIDTH 875 0
DWIDTH 7 0
BBX 6 7 0 0
BITMAP
CC
EC
FC
DC
CC
CC
CC
ENDCHAR
STARTCHAR uni1D5E2
ENCODING 120290
SWIDTH 875 0
DWIDTH 7 0
BBX 6 7 0 0
BITMAP
78
CC
CC
CC
CC
CC
78
ENDCHAR
STARTCHAR uni1D5E3
ENCODING 120291
SWIDTH 875 0
DWIDTH 7 0
BBX 6 7 0 0
BITMAP
F8
CC
CC
CC
F8
C0
C0
ENDCHAR
STARTCHAR uni1D5E4
ENCODING 120292
SWIDTH 875 0
DWIDTH 7 0
BBX 6 8 0 -1
BITMAP
78
CC
CC
CC
CC
CC
78
0C
ENDCHAR
STARTCHAR uni1D5E5
ENCODING 120293
SWIDTH 875 0
DWIDTH 7 0
BBX 6 7 0 0
BITMAP
F8
CC
CC
CC
F8
D8
CC
ENDCHAR
STARTCHAR uni1D5E6
ENCODING 120294
SWIDTH 875 0
DWIDTH 7 0
BBX 6 7 0 0
BITMAP
7C
C0
C0
78
0C
0C
F8
ENDCHAR
STARTCHAR uni1D5E7
ENCODING 120295
SWIDTH 875 0
DWIDTH 7 0
BBX 6 7 0 0
BITMAP
FC
30
30
30
30
30
30
ENDCHAR
STARTCHAR uni1D5E8
ENCODING 120296
SWIDTH 875 0
DWIDTH 7 0
BBX 6 7 0 0
BITMAP
CC
CC
CC
CC
CC
CC
78
ENDCHAR
STARTCHAR uni1D5E9
ENCODING 120297
SWIDTH 875 0
DWIDTH 7 0
BBX 6 7 0 0
BITMAP
CC
CC
CC
CC
CC
78
30
ENDCHAR
STARTCHAR uni1D5EA
ENCODING 120298
SWIDTH 1125 0
DWIDTH 9 0
BBX 8 7 0 0
BITMAP
C3
DB
DB
DB
DB
FF
66
ENDCHAR
STARTCHAR uni1D5EB
ENCODING 120299
SWIDTH 875 0
DWIDTH 7 0
BBX 6 7 0 0
BITMAP
CC
CC
78
30
78
CC
CC
ENDCHAR
STARTCHAR uni1D5EC
ENCODING 120300
SWIDTH 875 0
DWIDTH 7 0
BBX 6 7 0 0
BITMAP
CC
CC
CC
78
30
30
30
ENDCHAR
STARTCHAR uni1D5ED
ENCODING 120301
SWIDTH 875 0
DWIDTH 7 0
BBX 6 7 0 0
BITMAP
FC
0C
18
30
60
C0
FC
ENDCHAR
STARTCHAR uni1D5EE
ENCODING 120302
SWIDTH 750 0
DWIDTH 6 0
BBX 5 5 0 0
BITMAP
70
18
78
D8
78
ENDCHAR
STARTCHAR uni1D5EF
ENCODING 120303
SWIDTH 750 0
DWIDTH 6 0
BBX 5 7 0 0
BITMAP
C0
C0
F0
D8
D8
D8
F0
ENDCHAR
STARTCHAR uni1D5F0
ENCODING 120304
SWIDTH 625 0
DWIDTH 5 0
BBX 4 5 0 0
BITMAP
70
C0
C0
C0
70
ENDCHAR
STARTCHAR uni1D5F1
ENCODING 120305
SWIDTH 750 0
DWIDTH 6 0
BBX 5 7 0 0
BITMAP
18
18
78
D8
D8
D8
78
ENDCHAR
STARTCHAR uni1D5F2
ENCODING 120306
SWIDTH 750 0
DWIDTH 6 0
BBX 5 5 0 0
BITMAP
70
D8
F8
C0
78
ENDCHAR
STARTCHAR uni1D5F3
ENCODING 120307
SWIDTH 500 0
DWIDTH 4 0
BBX 3 7 0 0
BITMAP
60
C0
C0
E0
C0
C0
C0
ENDCHAR
STARTCHAR uni1D5F4
ENCODING 120308
SWIDTH 750 0
DWIDTH 6 0
BBX 5 6 0 -1
BITMAP
78
D8
D8
78
18
F0
ENDCHAR
STARTCHAR uni1D5F5
ENCODING 120309
SWIDTH 750 0
DWIDTH 6 0
BBX 5 7 0 0
BITMAP
C0
C0
F0
D8
D8
D8
D8
ENDCHAR
STARTCHAR uni1D5F6
ENCODING 120310
SWIDTH 375 0
DWIDTH 3 0
BBX 2 7 0 0
BITMAP
C0
00
C0
C0
C0
C0
C0
ENDCHAR
STARTCHAR uni1D5F7
ENCODING 120311
SWIDTH 375 0
DWIDTH 3 0
BBX 2 8 0 -1
BITMAP
C0
00
C0
C0
C0
C0
C0
C0
ENDCHAR
STARTCHAR uni1D5F8
ENCODING 120312
SWIDTH 750 0
DWIDTH 6 0
BBX 5 7 0 0
BITMAP
C0
C0
D8
F0
F0
D8
D8
ENDCHAR
STARTCHAR uni1D5F9
ENCODING 120313
SWIDTH 375 0
DWIDTH 3 0
BBX 2 7 0 0
BITMAP
C0
C0
C0
C0
C0
C0
C0
ENDCHAR
STARTCHAR uni1D5FA
ENCODING 120314
SWIDTH 1125 0
DWIDTH 9 0
BBX 8 5 0 0
BITMAP
EE
DB
DB
DB
C3
ENDCHAR
STARTCHAR uni1D5FB
ENCODING 120315
SWIDTH 750 0
DWIDTH 6 0
BBX 5 5 0 0
BITMAP
F0
D8
D8
D8
D8
ENDCHAR
STARTCHAR uni1D5FC
ENCODING 120316
SWIDTH 750 0
DWIDTH 6 0
BBX 5 5 0 0
BITMAP
70
D8
D8
D8
70
ENDCHAR
STARTCHAR uni1D5FD
ENCODING 120317
SWIDTH 750 0
DWIDTH 6 0
BBX 5 6 0 -1
BITMAP
F0
D8
D8
D8
F0
C0
ENDCHAR
STARTCHAR uni1D5FE
ENCODING 120318
SWIDTH 750 0
DWIDTH 6 0
BBX 5 6 0 -1
BITMAP
78
D8
D8
D8
78
18
ENDCHAR
STARTCHAR uni1D5FF
ENCODING 120319
SWIDTH 625 0
DWIDTH 5 0
BBX 4 5 0 0
BITMAP
70
C0
C0
C0
C0
ENDCHAR
STARTCHAR uni1D600
ENCODING 120320
SWIDTH 750 0
DWIDTH 6 0
BBX 5 5 0 0
BITMAP
78
C0
70
18
F0
ENDCHAR
STARTCHAR uni1D601
ENCODING 120321
SWIDTH 500 0
DWIDTH 4 0
BBX 3 6 0 0
BITMAP
C0
E0
C0
C0
C0
60
ENDCHAR
STARTCHAR uni1D602
ENCODING 120322
SWIDTH 750 0
DWIDTH 6 0
BBX 5 5 0 0
BITMAP
D8
D8
D8
D8
78
ENDCHAR
STARTCHAR uni1D603
ENCODING 120323
SWIDTH 750 0
DWIDTH 6 0
BBX 5 5 0 0
BITMAP
D8
D8
D8
F0
E0
ENDCHAR
STARTCHAR uni1D604
ENCODING 120324
SWIDTH 1125 0
DWIDTH 9 0
BBX 8 5 0 0
BITMAP
C3
DB
DB
DB
6E
ENDCHAR
STARTCHAR uni1D605
ENCODING 120325
SWIDTH 750 0
DWIDTH 6 0
BBX 5 5 0 0
BITMAP
D8
D8
70
D8
D8
ENDCHAR
STARTCHAR uni1D606
ENCODING 120326
SWIDTH 750 0
DWIDTH 6 0
BBX 5 6 0 -1
BITMAP
D8
D8
D8
78
18
F0
ENDCHAR
STARTCHAR uni1D607
ENCODING 120327
SWIDTH 750 0
DWIDTH 6 0
BBX 5 5 0 0
BITMAP
F8
30
60
C0
F8
ENDCHAR
STARTCHAR uni1D670
ENCODING 120432
SWIDTH 750 0
DWIDTH 6 0
BBX 5 7 0 0
BITMAP
70
88
88
88
F8
88
88
ENDCHAR
STARTCHAR uni1D671
ENCODING 120433
SWIDTH 750 0
DWIDTH 6 0
BBX 5 7 0 0
BITMAP
F0
88
88
F0
88
88
F0
ENDCHAR
STARTCHAR uni1D672
ENCODING 120434
SWIDTH 750 0
DWIDTH 6 0
BBX 5 7 0 0
BITMAP
78
88
80
80
80
80
78
ENDCHAR
STARTCHAR uni1D673
ENCODING 120435
SWIDTH 750 0
DWIDTH 6 0
BBX 5 7 0 0
BITMAP
F0
88
88
88
88
88
F0
ENDCHAR
STARTCHAR uni1D674
ENCODING 120436
SWIDTH 750 0
DWIDTH 6 0
BBX 5 7 0 0
BITMAP
F8
80
80
F0
80
80
F8
ENDCHAR
STARTCHAR uni1D675
ENCODING 120437
SWIDTH 750 0
DWIDTH 6 0
BBX 5 7 0 0
BITMAP
F8
80
80
80
F0
80
80
ENDCHAR
STARTCHAR uni1D676
ENCODING 120438
SWIDTH 750 0
DWIDTH 6 0
BBX 5 7 0 0
BITMAP
78
80
80
98
88
88
70
ENDCHAR
STARTCHAR uni1D677
ENCODING 120439
SWIDTH 750 0
DWIDTH 6 0
BBX 5 7 0 0
BITMAP
88
88
88
F8
88
88
88
ENDCHAR
STARTCHAR uni1D678
ENCODING 120440
SWIDTH 750 0
DWIDTH 6 0
BBX 5 7 0 0
BITMAP
F8
20
20
20
20
20
F8
ENDCHAR
STARTCHAR uni1D679
ENCODING 120441
SWIDTH 750 0
DWIDTH 6 0
BBX 5 7 0 0
BITMAP
78
08
08
08
08
08
F0
ENDCHAR
STARTCHAR uni1D67A
ENCODING 120442
SWIDTH 750 0
DWIDTH 6 0
BBX 5 7 0 0
BITMAP
88
90
A0
E0
90
88
88
ENDCHAR
STARTCHAR uni1D67B
ENCODING 120443
SWIDTH 750 0
DWIDTH 6 0
BBX 5 7 0 0
BITMAP
80
80
80
80
80
80
F8
ENDCHAR
STARTCHAR uni1D67C
ENCODING 120444
SWIDTH 750 0
DWIDTH 6 0
BBX 5 7 0 0
BITMAP
88
D8
A8
A8
A8
88
88
ENDCHAR
STARTCHAR uni1D67D
ENCODING 120445
SWIDTH 750 0
DWIDTH 6 0
BBX 5 7 0 0
BITMAP
88
C8
A8
98
88
88
88
ENDCHAR
STARTCHAR uni1D67E
ENCODING 120446
SWIDTH 750 0
DWIDTH 6 0
BBX 5 7 0 0
BITMAP
70
88
88
88
88
88
70
ENDCHAR
STARTCHAR uni1D67F
ENCODING 120447
SWIDTH 750 0
DWIDTH 6 0
BBX 5 7 0 0
BITMAP
F0
88
88
88
F0
80
80
ENDCHAR
STARTCHAR uni1D680
ENCODING 120448
SWIDTH 750 0
DWIDTH 6 0
BBX 5 8 0 -1
BITMAP
70
88
88
88
88
88
70
08
ENDCHAR
STARTCHAR uni1D681
ENCODING 120449
SWIDTH 750 0
DWIDTH 6 0
BBX 5 7 0 0
BITMAP
F0
88
88
88
F0
90
88
ENDCHAR
STARTCHAR uni1D682
ENCODING 120450
SWIDTH 750 0
DWIDTH 6 0
BBX 5 7 0 0
BITMAP
78
88
80
70
08
08
F0
ENDCHAR
STARTCHAR uni1D683
ENCODING 120451
SWIDTH 750 0
DWIDTH 6 0
BBX 5 7 0 0
BITMAP
F8
20
20
20
20
20
20
ENDCHAR
STARTCHAR uni1D684
ENCODING 120452
SWIDTH 750 0
DWIDTH 6 0
BBX 5 7 0 0
BITMAP
88
88
88
88
88
88
70
ENDCHAR
STARTCHAR uni1D685
ENCODING 120453
SWIDTH 750 0
DWIDTH 6 0
BBX 5 7 0 0
BITMAP
88
88
88
88
88
50
20
ENDCHAR
STARTCHAR uni1D686
ENCODING 120454
SWIDTH 750 0
DWIDTH 6 0
BBX 5 7 0 0
BITMAP
88
88
A8
A8
A8
A8
50
ENDCHAR
STARTCHAR uni1D687
ENCODING 120455
SWIDTH 750 0
DWIDTH 6 0
BBX 5 7 0 0
BITMAP
88
88
50
20
50
88
88
ENDCHAR
STARTCHAR uni1D688
ENCODING 120456
SWIDTH 750 0
DWIDTH 6 0
BBX 5 7 0 0
BITMAP
88
88
88
50
20
20
20
ENDCHAR
STARTCHAR uni1D689
ENCODING 120457
SWIDTH 750 0
DWIDTH 6 0
BBX 5 7 0 0
BITMAP
F8
08
10
20
40
80
F8
ENDCHAR
STARTCHAR uni1D68A
ENCODING 120458
SWIDTH 750 0
DWIDTH 6 0
BBX 5 5 0 0
BITMAP
70
08
78
88
78
ENDCHAR
STARTCHAR uni1D68B
ENCODING 120459
SWIDTH 750 0
DWIDTH 6 0
BBX 5 7 0 0
BITMAP
80
80
F0
88
88
88
F0
ENDCHAR
STARTCHAR uni1D68C
ENCODING 120460
SWIDTH 750 0
DWIDTH 6 0
BBX 5 5 0 0
BITMAP
78
88
80
80
78
ENDCHAR
STARTCHAR uni1D68D
ENCODING 120461
SWIDTH 750 0
DWIDTH 6 0
BBX 5 7 0 0
BITMAP
08
08
78
88
88
88
78
ENDCHAR
STARTCHAR uni1D68E
ENCODING 120462
SWIDTH 750 0
DWIDTH 6 0
BBX 5 5 0 0
BITMAP
70
88
F8
80
78
ENDCHAR
STARTCHAR uni1D68F
ENCODING 120463
SWIDTH 750 0
DWIDTH 6 0
BBX 5 7 0 0
BITMAP
38
40
40
F8
40
40
40
ENDCHAR
STARTCHAR uni1D690
ENCODING 120464
SWIDTH 750 0
DWIDTH 6 0
BBX 5 6 0 -1
BITMAP
78
88
88
78
08
F0
ENDCHAR
STARTCHAR uni1D691
ENCODING 120465
SWIDTH 750 0
DWIDTH 6 0
BBX 5 7 0 0
BITMAP
80
80
F0
88
88
88
88
ENDCHAR
STARTCHAR uni1D692
ENCODING 120466
SWIDTH 750 0
DWIDTH 6 0
BBX 5 7 0 0
BITMAP
20
00
E0
20
20
20
F8
ENDCHAR
STARTCHAR uni1D693
ENCODING 120467
SWIDTH 750 0
DWIDTH 6 0
BBX 4 9 0 -2
BITMAP
10
00
70
10
10
10
10
10
E0
ENDCHAR
STARTCHAR uni1D694
ENCODING 120468
SWIDTH 750 0
DWIDTH 6 0
BBX 5 7 0 0
BITMAP
80
80
88
90
E0
90
88
ENDCHAR
STARTCHAR uni1D695
ENCODING 120469
SWIDTH 750 0
DWIDTH 6 0
BBX 5 7 0 0
BITMAP
E0
20
20
20
20
20
F8
ENDCHAR
STARTCHAR uni1D696
ENCODING 120470
SWIDTH 750 0
DWIDTH 6 0
BBX 5 5 0 0
BITMAP
D0
A8
A8
A8
88
ENDCHAR
STARTCHAR uni1D697
ENCODING 120471
SWIDTH 750 0
DWIDTH 6 0
BBX 5 5 0 0
BITMAP
F0
88
88
88
88
ENDCHAR
STARTCHAR uni1D698
ENCODING 120472
SWIDTH 750 0
DWIDTH 6 0
BBX 5 5 0 0
BITMAP
70
88
88
88
70
ENDCHAR
STARTCHAR uni1D699
ENCODING 120473
SWIDTH 750 0
DWIDTH 6 0
BBX 5 6 0 -1
BITMAP
F0
88
88
88
F0
80
ENDCHAR
STARTCHAR uni1D69A
ENCODING 120474
SWIDTH 750 0
DWIDTH 6 0
BBX 5 6 0 -1
BITMAP
78
88
88
88
78
08
ENDCHAR
STARTCHAR uni1D69B
ENCODING 120475
SWIDTH 750 0
DWIDTH 6 0
BBX 5 5 0 0
BITMAP
D8
60
40
40
F0
ENDCHAR
STARTCHAR uni1D69C
ENCODING 120476
SWIDTH 750 0
DWIDTH 6 0
BBX 5 5 0 0
BITMAP
78
80
70
08
F0
ENDCHAR
STARTCHAR uni1D69D
ENCODING 120477
SWIDTH 750 0
DWIDTH 6 0
BBX 5 6 0 0
BITMAP
40
F8
40
40
40
38
ENDCHAR
STARTCHAR uni1D69E
ENCODING 120478
SWIDTH 750 0
DWIDTH 6 0
BBX 5 5 0 0
BITMAP
88
88
88
88
78
ENDCHAR
STARTCHAR uni1D69F
ENCODING 120479
SWIDTH 750 0
DWIDTH 6 0
BBX 5 5 0 0
BITMAP
88
88
88
50
20
ENDCHAR
STARTCHAR uni1D6A0
ENCODING 120480
SWIDTH 750 0
DWIDTH 6 0
BBX 5 5 0 0
BITMAP
88
A8
A8
A8
50
ENDCHAR
STARTCHAR uni1D6A1
ENCODING 120481
SWIDTH 750 0
DWIDTH 6 0
BBX 5 5 0 0
BITMAP
88
50
20
50
88
ENDCHAR
STARTCHAR uni1D6A2
ENCODING 120482
SWIDTH 750 0
DWIDTH 6 0
BBX 5 6 0 -1
BITMAP
88
88
88
78
08
F0
ENDCHAR
STARTCHAR uni1D6A3
ENCODING 120483
SWIDTH 750 0
DWIDTH 6 0
BBX 5 5 0 0
BITMAP
F8
10
20
40
F8
ENDCHAR
STARTCHAR uni1D6A8
ENCODING 120488
SWIDTH 875 0
DWIDTH 7 0
BBX 6 7 0 0
BITMAP
78
CC
CC
CC
FC
CC
CC
ENDCHAR
STARTCHAR uni1D6A9
ENCODING 120489
SWIDTH 875 0
DWIDTH 7 0
BBX 6 7 0 0
BITMAP
F8
CC
CC
F8
CC
CC
F8
ENDCHAR
STARTCHAR uni1D6AA
ENCODING 120490
SWIDTH 875 0
DWIDTH 7 0
BBX 6 7 0 0
BITMAP
FC
C0
C0
C0
C0
C0
C0
ENDCHAR
STARTCHAR uni1D6AB
ENCODING 120491
SWIDTH 875 0
DWIDTH 7 0
BBX 6 7 0 0
BITMAP
30
78
CC
CC
CC
CC
FC
ENDCHAR
STARTCHAR uni1D6AC
ENCODING 120492
SWIDTH 875 0
DWIDTH 7 0
BBX 6 7 0 0
BITMAP
FC
C0
C0
F8
C0
C0
FC
ENDCHAR
STARTCHAR uni1D6AD
ENCODING 120493
SWIDTH 875 0
DWIDTH 7 0
BBX 6 7 0 0
BITMAP
FC
0C
18
30
60
C0
FC
ENDCHAR
STARTCHAR uni1D6AE
ENCODING 120494
SWIDTH 875 0
DWIDTH 7 0
BBX 6 7 0 0
BITMAP
CC
CC
CC
FC
CC
CC
CC
ENDCHAR
STARTCHAR uni1D6AF
ENCODING 120495
SWIDTH 875 0
DWIDTH 7 0
BBX 6 7 0 0
BITMAP
78
CC
CC
DC
CC
CC
78
ENDCHAR
STARTCHAR uni1D6B0
ENCODING 120496
SWIDTH 625 0
DWIDTH 5 0
BBX 4 7 0 0
BITMAP
F0
60
60
60
60
60
F0
ENDCHAR
STARTCHAR uni1D6B1
ENCODING 120497
SWIDTH 875 0
DWIDTH 7 0
BBX 6 7 0 0
BITMAP
CC
D8
F0
F0
D8
CC
CC
ENDCHAR
STARTCHAR uni1D6B2
ENCODING 120498
SWIDTH 875 0
DWIDTH 7 0
BBX 6 7 0 0
BITMAP
30
78
CC
CC
CC
CC
CC
ENDCHAR
STARTCHAR uni1D6B3
ENCODING 120499
SWIDTH 1125 0
DWIDTH 9 0
BBX 8 7 0 0
BITMAP
C3
E7
FF
DB
DB
DB
C3
ENDCHAR
STARTCHAR uni1D6B4
ENCODING 120500
SWIDTH 875 0
DWIDTH 7 0
BBX 6 7 0 0
BITMAP
CC
EC
FC
DC
CC
CC
CC
ENDCHAR
STARTCHAR uni1D6B5
ENCODING 120501
SWIDTH 875 0
DWIDTH 7 0
BBX 6 7 0 0
BITMAP
FC
00
00
78
00
00
FC
ENDCHAR
STARTCHAR uni1D6B6
ENCODING 120502
SWIDTH 875 0
DWIDTH 7 0
BBX 6 7 0 0
BITMAP
78
CC
CC
CC
CC
CC
78
ENDCHAR
STARTCHAR uni1D6B7
ENCODING 120503
SWIDTH 875 0
DWIDTH 7 0
BBX 6 7 0 0
BITMAP
FC
CC
CC
CC
CC
CC
CC
ENDCHAR
STARTCHAR uni1D6B8
ENCODING 120504
SWIDTH 875 0
DWIDTH 7 0
BBX 6 7 0 0
BITMAP
F8
CC
CC
CC
F8
C0
C0
ENDCHAR
STARTCHAR uni1D6B9
ENCODING 120505
SWIDTH 875 0
DWIDTH 7 0
BBX 6 7 0 0
BITMAP
78
CC
CC
FC
CC
CC
78
ENDCHAR
STARTCHAR uni1D6BA
ENCODING 120506
SWIDTH 875 0
DWIDTH 7 0
BBX 6 7 0 0
BITMAP
FC
C0
60
30
60
C0
FC
ENDCHAR
STARTCHAR uni1D6BB
ENCODING 120507
SWIDTH 875 0
DWIDTH 7 0
BBX 6 7 0 0
BITMAP
FC
30
30
30
30
30
30
ENDCHAR
STARTCHAR uni1D6BC
ENCODING 120508
SWIDTH 875 0
DWIDTH 7 0
BBX 6 7 0 0
BITMAP
CC
CC
CC
78
30
30
30
ENDCHAR
STARTCHAR uni1D6BD
ENCODING 120509
SWIDTH 1125 0
DWIDTH 9 0
BBX 8 7 0 0
BITMAP
18
7E
DB
DB
DB
7E
18
ENDCHAR
STARTCHAR uni1D6BE
ENCODING 120510
SWIDTH 875 0
DWIDTH 7 0
BBX 6 7 0 0
BITMAP
CC
CC
78
30
78
CC
CC
ENDCHAR
STARTCHAR uni1D6BF
ENCODING 120511
SWIDTH 1125 0
DWIDTH 9 0
BBX 8 7 0 0
BITMAP
DB
DB
DB
DB
7E
18
18
ENDCHAR
STARTCHAR uni1D6C0
ENCODING 120512
SWIDTH 875 0
DWIDTH 7 0
BBX 6 7 0 0
BITMAP
78
CC
CC
CC
CC
78
FC
ENDCHAR
STARTCHAR uni1D6C2
ENCODING 120514
SWIDTH 875 0
DWIDTH 7 0
BBX 6 5 0 0
BITMAP
7C
D8
D8
D8
7C
ENDCHAR
STARTCHAR uni1D6C3
ENCODING 120515
SWIDTH 750 0
DWIDTH 6 0
BBX 5 8 0 -1
BITMAP
70
D8
D8
F0
D8
D8
F0
C0
ENDCHAR
STARTCHAR uni1D6C4
ENCODING 120516
SWIDTH 750 0
DWIDTH 6 0
BBX 5 6 0 -1
BITMAP
D8
D8
D8
78
30
30
ENDCHAR
STARTCHAR uni1D6C5
ENCODING 120517
SWIDTH 750 0
DWIDTH 6 0
BBX 5 7 0 0
BITMAP
78
C0
70
D8
D8
D8
70
ENDCHAR
STARTCHAR uni1D6C6
ENCODING 120518
SWIDTH 750 0
DWIDTH 6 0
BBX 5 5 0 0
BITMAP
78
C0
70
C0
78
ENDCHAR
STARTCHAR uni1D6C7
ENCODING 120519
SWIDTH 750 0
DWIDTH 6 0
BBX 5 6 0 -1
BITMAP
F8
30
60
C0
70
18
ENDCHAR
STARTCHAR uni1D6C8
ENCODING 120520
SWIDTH 750 0
DWIDTH 6 0
BBX 5 6 0 -1
BITMAP
F0
D8
D8
D8
D8
18
ENDCHAR
STARTCHAR uni1D6C9
ENCODING 120521
SWIDTH 750 0
DWIDTH 6 0
BBX 5 7 0 0
BITMAP
70
D8
D8
F8
D8
D8
70
ENDCHAR
STARTCHAR uni1D6CA
ENCODING 120522
SWIDTH 375 0
DWIDTH 3 0
BBX 2 5 0 0
BITMAP
C0
C0
C0
C0
C0
ENDCHAR
STARTCHAR uni1D6CB
ENCODING 120523
SWIDTH 750 0
DWIDTH 6 0
BBX 5 5 0 0
BITMAP
D8
F0
F0
D8
D8
ENDCHAR
STARTCHAR uni1D6CC
ENCODING 120524
SWIDTH 750 0
DWIDTH 6 0
BBX 5 7 0 0
BITMAP
E0
30
30
78
D8
D8
D8
ENDCHAR
STARTCHAR uni1D6CD
ENCODING 120525
SWIDTH 750 0
DWIDTH 6 0
BBX 5 6 0 -1
BITMAP
D8
D8
D8
D8
F0
C0
ENDCHAR
STARTCHAR uni1D6CE
ENCODING 120526
SWIDTH 750 0
DWIDTH 6 0
BBX 5 5 0 0
BITMAP
D8
D8
D8
F0
E0
ENDCHAR
STARTCHAR uni1D6CF
ENCODING 120527
SWIDTH 750 0
DWIDTH 6 0
BBX 5 8 0 -1
BITMAP
78
C0
70
C0
C0
C0
70
18
ENDCHAR
STARTCHAR uni1D6D0
ENCODING 120528
SWIDTH 750 0
DWIDTH 6 0
BBX 5 5 0 0
BITMAP
70
D8
D8
D8
70
ENDCHAR
STARTCHAR uni1D6D1
ENCODING 120529
SWIDTH 750 0
DWIDTH 6 0
BBX 5 5 0 0
BITMAP
F8
D8
D8
D8
D8
ENDCHAR
STARTCHAR uni1D6D2
ENCODING 120530
SWIDTH 750 0
DWIDTH 6 0
BBX 5 6 0 -1
BITMAP
70
D8
D8
D8
F0
C0
ENDCHAR
STARTCHAR uni1D6D3
ENCODING 120531
SWIDTH 750 0
DWIDTH 6 0
BBX 5 6 0 -1
BITMAP
70
C0
C0
C0
70
18
ENDCHAR
STARTCHAR uni1D6D4
ENCODING 120532
SWIDTH 875 0
DWIDTH 7 0
BBX 6 5 0 0
BITMAP
7C
D8
D8
D8
70
ENDCHAR
STARTCHAR uni1D6D5
ENCODING 120533
SWIDTH 750 0
DWIDTH 6 0
BBX 5 5 0 0
BITMAP
F8
60
60
60
38
ENDCHAR
STARTCHAR uni1D6D6
ENCODING 120534
SWIDTH 750 0
DWIDTH 6 0
BBX 5 5 0 0
BITMAP
D8
D8
D8
D8
70
ENDCHAR
STARTCHAR uni1D6D7
ENCODING 120535
SWIDTH 1125 0
DWIDTH 9 0
BBX 8 8 0 -1
BITMAP
18
18
7E
DB
DB
DB
7E
18
ENDCHAR
STARTCHAR uni1D6D8
ENCODING 120536
SWIDTH 750 0
DWIDTH 6 0
BBX 5 6 0 -1
BITMAP
D8
D8
70
D8
D8
D8
ENDCHAR
STARTCHAR uni1D6D9
ENCODING 120537
SWIDTH 1125 0
DWIDTH 9 0
BBX 8 8 0 -1
BITMAP
18
18
DB
DB
DB
DB
7E
18
ENDCHAR
STARTCHAR uni1D6DA
ENCODING 120538
SWIDTH 1125 0
DWIDTH 9 0
BBX 8 5 0 0
BITMAP
C3
DB
DB
DB
6E
ENDCHAR
STARTCHAR uni1D756
ENCODING 120662
SWIDTH 875 0
DWIDTH 7 0
BBX 6 7 0 0
BITMAP
78
CC
CC
CC
FC
CC
CC
ENDCHAR
STARTCHAR uni1D757
ENCODING 120663
SWIDTH 875 0
DWIDTH 7 0
BBX 6 7 0 0
BITMAP
F8
CC
CC
F8
CC
CC
F8
ENDCHAR
STARTCHAR uni1D758
ENCODING 120664
SWIDTH 875 0
DWIDTH 7 0
BBX 6 7 0 0
BITMAP
FC
C0
C0
C0
C0
C0
C0
ENDCHAR
STARTCHAR uni1D759
ENCODING 120665
SWIDTH 875 0
DWIDTH 7 0
BBX 6 7 0 0
BITMAP
30
78
CC
CC
CC
CC
FC
ENDCHAR
STARTCHAR uni1D75A
ENCODING 120666
SWIDTH 875 0
DWIDTH 7 0
BBX 6 7 0 0
BITMAP
FC
C0
C0
F8
C0
C0
FC
ENDCHAR
STARTCHAR uni1D75B
ENCODING 120667
SWIDTH 875 0
DWIDTH 7 0
BBX 6 7 0 0
BITMAP
FC
0C
18
30
60
C0
FC
ENDCHAR
STARTCHAR uni1D75C
ENCODING 120668
SWIDTH 875 0
DWIDTH 7 0
BBX 6 7 0 0
BITMAP
CC
CC
CC
FC
CC
CC
CC
ENDCHAR
STARTCHAR uni1D75D
ENCODING 120669
SWIDTH 875 0
DWIDTH 7 0
BBX 6 7 0 0
BITMAP
78
CC
CC
DC
CC
CC
78
ENDCHAR
STARTCHAR uni1D75E
ENCODING 120670
SWIDTH 625 0
DWIDTH 5 0
BBX 4 7 0 0
BITMAP
F0
60
60
60
60
60
F0
ENDCHAR
STARTCHAR uni1D75F
ENCODING 120671
SWIDTH 875 0
DWIDTH 7 0
BBX 6 7 0 0
BITMAP
CC
D8
F0
F0
D8
CC
CC
ENDCHAR
STARTCHAR uni1D760
ENCODING 120672
SWIDTH 875 0
DWIDTH 7 0
BBX 6 7 0 0
BITMAP
30
78
CC
CC
CC
CC
CC
ENDCHAR
STARTCHAR uni1D761
ENCODING 120673
SWIDTH 1125 0
DWIDTH 9 0
BBX 8 7 0 0
BITMAP
C3
E7
FF
DB
DB
DB
C3
ENDCHAR
STARTCHAR uni1D762
ENCODING 120674
SWIDTH 875 0
DWIDTH 7 0
BBX 6 7 0 0
BITMAP
CC
EC
FC
DC
CC
CC
CC
ENDCHAR
STARTCHAR uni1D763
ENCODING 120675
SWIDTH 875 0
DWIDTH 7 0
BBX 6 7 0 0
BITMAP
FC
00
00
78
00
00
FC
ENDCHAR
STARTCHAR uni1D764
ENCODING 120676
SWIDTH 875 0
DWIDTH 7 0
BBX 6 7 0 0
BITMAP
78
CC
CC
CC
CC
CC
78
ENDCHAR
STARTCHAR uni1D765
ENCODING 120677
SWIDTH 875 0
DWIDTH 7 0
BBX 6 7 0 0
BITMAP
FC
CC
CC
CC
CC
CC
CC
ENDCHAR
STARTCHAR uni1D766
ENCODING 120678
SWIDTH 875 0
DWIDTH 7 0
BBX 6 7 0 0
BITMAP
F8
CC
CC
CC
F8
C0
C0
ENDCHAR
STARTCHAR uni1D767
ENCODING 120679
SWIDTH 875 0
DWIDTH 7 0
BBX 6 7 0 0
BITMAP
78
CC
CC
FC
CC
CC
78
ENDCHAR
STARTCHAR uni1D768
ENCODING 120680
SWIDTH 875 0
DWIDTH 7 0
BBX 6 7 0 0
BITMAP
FC
C0
60
30
60
C0
FC
ENDCHAR
STARTCHAR uni1D769
ENCODING 120681
SWIDTH 875 0
DWIDTH 7 0
BBX 6 7 0 0
BITMAP
FC
30
30
30
30
30
30
ENDCHAR
STARTCHAR uni1D76A
ENCODING 120682
SWIDTH 875 0
DWIDTH 7 0
BBX 6 7 0 0
BITMAP
CC
CC
CC
78
30
30
30
ENDCHAR
STARTCHAR uni1D76B
ENCODING 120683
SWIDTH 1125 0
DWIDTH 9 0
BBX 8 7 0 0
BITMAP
18
7E
DB
DB
DB
7E
18
ENDCHAR
STARTCHAR uni1D76C
ENCODING 120684
SWIDTH 875 0
DWIDTH 7 0
BBX 6 7 0 0
BITMAP
CC
CC
78
30
78
CC
CC
ENDCHAR
STARTCHAR uni1D76D
ENCODING 120685
SWIDTH 1125 0
DWIDTH 9 0
BBX 8 7 0 0
BITMAP
DB
DB
DB
DB
7E
18
18
ENDCHAR
STARTCHAR uni1D76E
ENCODING 120686
SWIDTH 875 0
DWIDTH 7 0
BBX 6 7 0 0
BITMAP
78
CC
CC
CC
CC
78
FC
ENDCHAR
STARTCHAR uni1D770
ENCODING 120688
SWIDTH 875 0
DWIDTH 7 0
BBX 6 5 0 0
BITMAP
7C
D8
D8
D8
7C
ENDCHAR
STARTCHAR uni1D771
ENCODING 120689
SWIDTH 750 0
DWIDTH 6 0
BBX 5 8 0 -1
BITMAP
70
D8
D8
F0
D8
D8
F0
C0
ENDCHAR
STARTCHAR uni1D772
ENCODING 120690
SWIDTH 750 0
DWIDTH 6 0
BBX 5 6 0 -1
BITMAP
D8
D8
D8
78
30
30
ENDCHAR
STARTCHAR uni1D773
ENCODING 120691
SWIDTH 750 0
DWIDTH 6 0
BBX 5 7 0 0
BITMAP
78
C0
70
D8
D8
D8
70
ENDCHAR
STARTCHAR uni1D774
ENCODING 120692
SWIDTH 750 0
DWIDTH 6 0
BBX 5 5 0 0
BITMAP
78
C0
70
C0
78
ENDCHAR
STARTCHAR uni1D775
ENCODING 120693
SWIDTH 750 0
DWIDTH 6 0
BBX 5 6 0 -1
BITMAP
F8
30
60
C0
70
18
ENDCHAR
STARTCHAR uni1D776
ENCODING 120694
SWIDTH 750 0
DWIDTH 6 0
BBX 5 6 0 -1
BITMAP
F0
D8
D8
D8
D8
18
ENDCHAR
STARTCHAR uni1D777
ENCODING 120695
SWIDTH 750 0
DWIDTH 6 0
BBX 5 7 0 0
BITMAP
70
D8
D8
F8
D8
D8
70
ENDCHAR
STARTCHAR uni1D778
ENCODING 120696
SWIDTH 375 0
DWIDTH 3 0
BBX 2 5 0 0
BITMAP
C0
C0
C0
C0
C0
ENDCHAR
STARTCHAR uni1D779
ENCODING 120697
SWIDTH 750 0
DWIDTH 6 0
BBX 5 5 0 0
BITMAP
D8
F0
F0
D8
D8
ENDCHAR
STARTCHAR uni1D77A
ENCODING 120698
SWIDTH 750 0
DWIDTH 6 0
BBX 5 7 0 0
BITMAP
E0
30
30
78
D8
D8
D8
ENDCHAR
STARTCHAR uni1D77B
ENCODING 120699
SWIDTH 750 0
DWIDTH 6 0
BBX 5 6 0 -1
BITMAP
D8
D8
D8
D8
F0
C0
ENDCHAR
STARTCHAR uni1D77C
ENCODING 120700
SWIDTH 750 0
DWIDTH 6 0
BBX 5 5 0 0
BITMAP
D8
D8
D8
F0
E0
ENDCHAR
STARTCHAR uni1D77D
ENCODING 120701
SWIDTH 750 0
DWIDTH 6 0
BBX 5 8 0 -1
BITMAP
78
C0
70
C0
C0
C0
70
18
ENDCHAR
STARTCHAR uni1D77E
ENCODING 120702
SWIDTH 750 0
DWIDTH 6 0
BBX 5 5 0 0
BITMAP
70
D8
D8
D8
70
ENDCHAR
STARTCHAR uni1D77F
ENCODING 120703
SWIDTH 750 0
DWIDTH 6 0
BBX 5 5 0 0
BITMAP
F8
D8
D8
D8
D8
ENDCHAR
STARTCHAR uni1D780
ENCODING 120704
SWIDTH 750 0
DWIDTH 6 0
BBX 5 6 0 -1
BITMAP
70
D8
D8
D8
F0
C0
ENDCHAR
STARTCHAR uni1D781
ENCODING 120705
SWIDTH 750 0
DWIDTH 6 0
BBX 5 6 0 -1
BITMAP
70
C0
C0
C0
70
18
ENDCHAR
STARTCHAR uni1D782
ENCODING 120706
SWIDTH 875 0
DWIDTH 7 0
BBX 6 5 0 0
BITMAP
7C
D8
D8
D8
70
ENDCHAR
STARTCHAR uni1D783
ENCODING 120707
SWIDTH 750 0
DWIDTH 6 0
BBX 5 5 0 0
BITMAP
F8
60
60
60
38
ENDCHAR
STARTCHAR uni1D784
ENCODING 120708
SWIDTH 750 0
DWIDTH 6 0
BBX 5 5 0 0
BITMAP
D8
D8
D8
D8
70
ENDCHAR
STARTCHAR uni1D785
ENCODING 120709
SWIDTH 1125 0
DWIDTH 9 0
BBX 8 8 0 -1
BITMAP
18
18
7E
DB
DB
DB
7E
18
ENDCHAR
STARTCHAR uni1D786
ENCODING 120710
SWIDTH 750 0
DWIDTH 6 0
BBX 5 6 0 -1
BITMAP
D8
D8
70
D8
D8
D8
ENDCHAR
STARTCHAR uni1D787
ENCODING 120711
SWIDTH 1125 0
DWIDTH 9 0
BBX 8 8 0 -1
BITMAP
18
18
DB
DB
DB
DB
7E
18
ENDCHAR
STARTCHAR uni1D788
ENCODING 120712
SWIDTH 1125 0
DWIDTH 9 0
BBX 8 5 0 0
BITMAP
C3
DB
DB
DB
6E
ENDCHAR
STARTCHAR uni1D7CE
ENCODING 120782
SWIDTH 875 0
DWIDTH 7 0
BBX 6 7 0 0
BITMAP
78
CC
DC
FC
EC
CC
78
ENDCHAR
STARTCHAR uni1D7CF
ENCODING 120783
SWIDTH 875 0
DWIDTH 7 0
BBX 6 7 0 0
BITMAP
70
30
30
30
30
30
FC
ENDCHAR
STARTCHAR uni1D7D0
ENCODING 120784
SWIDTH 875 0
DWIDTH 7 0
BBX 6 7 0 0
BITMAP
F8
0C
0C
38
60
C0
FC
ENDCHAR
STARTCHAR uni1D7D1
ENCODING 120785
SWIDTH 875 0
DWIDTH 7 0
BBX 6 7 0 0
BITMAP
FC
0C
78
0C
0C
0C
F8
ENDCHAR
STARTCHAR uni1D7D2
ENCODING 120786
SWIDTH 875 0
DWIDTH 7 0
BBX 6 7 0 0
BITMAP
1C
3C
6C
CC
FC
0C
0C
ENDCHAR
STARTCHAR uni1D7D3
ENCODING 120787
SWIDTH 875 0
DWIDTH 7 0
BBX 6 7 0 0
BITMAP
FC
C0
F8
0C
0C
0C
F8
ENDCHAR
STARTCHAR uni1D7D4
ENCODING 120788
SWIDTH 875 0
DWIDTH 7 0
BBX 6 7 0 0
BITMAP
78
C0
F8
CC
CC
CC
78
ENDCHAR
STARTCHAR uni1D7D5
ENCODING 120789
SWIDTH 875 0
DWIDTH 7 0
BBX 6 7 0 0
BITMAP
FC
0C
0C
18
30
60
60
ENDCHAR
STARTCHAR uni1D7D6
ENCODING 120790
SWIDTH 875 0
DWIDTH 7 0
BBX 6 7 0 0
BITMAP
78
CC
CC
78
CC
CC
78
ENDCHAR
STARTCHAR uni1D7D7
ENCODING 120791
SWIDTH 875 0
DWIDTH 7 0
BBX 6 7 0 0
BITMAP
78
CC
CC
CC
7C
0C
78
ENDCHAR
STARTCHAR uni1D7D8
ENCODING 120792
SWIDTH 875 0
DWIDTH 7 0
BBX 6 7 0 0
BITMAP
78
A4
AC
B4
A4
A4
78
ENDCHAR
STARTCHAR uni1D7D9
ENCODING 120793
SWIDTH 875 0
DWIDTH 7 0
BBX 6 7 0 0
BITMAP
78
A8
28
28
28
28
FC
ENDCHAR
STARTCHAR uni1D7DA
ENCODING 120794
SWIDTH 875 0
DWIDTH 7 0
BBX 6 7 0 0
BITMAP
F8
14
14
28
50
A0
FC
ENDCHAR
STARTCHAR uni1D7DB
ENCODING 120795
SWIDTH 875 0
DWIDTH 7 0
BBX 6 7 0 0
BITMAP
FC
14
68
14
14
14
F8
ENDCHAR
STARTCHAR uni1D7DC
ENCODING 120796
SWIDTH 875 0
DWIDTH 7 0
BBX 6 7 0 0
BITMAP
1C
34
54
94
F4
14
1C
ENDCHAR
STARTCHAR uni1D7DD
ENCODING 120797
SWIDTH 875 0
DWIDTH 7 0
BBX 6 7 0 0
BITMAP
FC
A0
F8
14
14
14
F8
ENDCHAR
STARTCHAR uni1D7DE
ENCODING 120798
SWIDTH 875 0
DWIDTH 7 0
BBX 6 7 0 0
BITMAP
78
A0
B8
A4
A4
A4
78
ENDCHAR
STARTCHAR uni1D7DF
ENCODING 120799
SWIDTH 875 0
DWIDTH 7 0
BBX 6 7 0 0
BITMAP
FC
14
14
28
50
50
70
ENDCHAR
STARTCHAR uni1D7E0
ENCODING 120800
SWIDTH 875 0
DWIDTH 7 0
BBX 6 7 0 0
BITMAP
78
A4
A4
58
A4
A4
78
ENDCHAR
STARTCHAR uni1D7E1
ENCODING 120801
SWIDTH 875 0
DWIDTH 7 0
BBX 6 7 0 0
BITMAP
78
A4
A4
A4
7C
04
78
ENDCHAR
STARTCHAR uni1D7E2
ENCODING 120802
SWIDTH 750 0
DWIDTH 6 0
BBX 5 7 0 0
BITMAP
70
88
98
A8
C8
88
70
ENDCHAR
STARTCHAR uni1D7E3
ENCODING 120803
SWIDTH 750 0
DWIDTH 6 0
BBX 5 7 0 0
BITMAP
60
20
20
20
20
20
F8
ENDCHAR
STARTCHAR uni1D7E4
ENCODING 120804
SWIDTH 750 0
DWIDTH 6 0
BBX 5 7 0 0
BITMAP
F0
08
08
30
40
80
F8
ENDCHAR
STARTCHAR uni1D7E5
ENCODING 120805
SWIDTH 750 0
DWIDTH 6 0
BBX 5 7 0 0
BITMAP
F8
08
70
08
08
08
F0
ENDCHAR
STARTCHAR uni1D7E6
ENCODING 120806
SWIDTH 750 0
DWIDTH 6 0
BBX 5 7 0 0
BITMAP
18
28
48
88
F8
08
08
ENDCHAR
STARTCHAR uni1D7E7
ENCODING 120807
SWIDTH 750 0
DWIDTH 6 0
BBX 5 7 0 0
BITMAP
F8
80
F0
08
08
08
F0
ENDCHAR
STARTCHAR uni1D7E8
ENCODING 120808
SWIDTH 750 0
DWIDTH 6 0
BBX 5 7 0 0
BITMAP
70
80
F0
88
88
88
70
ENDCHAR
STARTCHAR uni1D7E9
ENCODING 120809
SWIDTH 750 0
DWIDTH 6 0
BBX 5 7 0 0
BITMAP
F8
08
08
10
20
40
40
ENDCHAR
STARTCHAR uni1D7EA
ENCODING 120810
SWIDTH 750 0
DWIDTH 6 0
BBX 5 7 0 0
BITMAP
70
88
88
70
88
88
70
ENDCHAR
STARTCHAR uni1D7EB
ENCODING 120811
SWIDTH 750 0
DWIDTH 6 0
BBX 5 7 0 0
BITMAP
70
88
88
88
78
08
70
ENDCHAR
STARTCHAR uni1D7EC
ENCODING 120812
SWIDTH 875 0
DWIDTH 7 0
BBX 6 7 0 0
BITMAP
78
CC
DC
FC
EC
CC
78
ENDCHAR
STARTCHAR uni1D7ED
ENCODING 120813
SWIDTH 875 0
DWIDTH 7 0
BBX 6 7 0 0
BITMAP
70
30
30
30
30
30
FC
ENDCHAR
STARTCHAR uni1D7EE
ENCODING 120814
SWIDTH 875 0
DWIDTH 7 0
BBX 6 7 0 0
BITMAP
F8
0C
0C
38
60
C0
FC
ENDCHAR
STARTCHAR uni1D7EF
ENCODING 120815
SWIDTH 875 0
DWIDTH 7 0
BBX 6 7 0 0
BITMAP
FC
0C
78
0C
0C
0C
F8
ENDCHAR
STARTCHAR uni1D7F0
ENCODING 120816
SWIDTH 875 0
DWIDTH 7 0
BBX 6 7 0 0
BITMAP
1C
3C
6C
CC
FC
0C
0C
ENDCHAR
STARTCHAR uni1D7F1
ENCODING 120817
SWIDTH 875 0
DWIDTH 7 0
BBX 6 7 0 0
BITMAP
FC
C0
F8
0C
0C
0C
F8
ENDCHAR
STARTCHAR uni1D7F2
ENCODING 120818
SWIDTH 875 0
DWIDTH 7 0
BBX 6 7 0 0
BITMAP
78
C0
F8
CC
CC
CC
78
ENDCHAR
STARTCHAR uni1D7F3
ENCODING 120819
SWIDTH 875 0
DWIDTH 7 0
BBX 6 7 0 0
BITMAP
FC
0C
0C
18
30
60
60
ENDCHAR
STARTCHAR uni1D7F4
ENCODING 120820
SWIDTH 875 0
DWIDTH 7 0
BBX 6 7 0 0
BITMAP
78
CC
CC
78
CC
CC
78
ENDCHAR
STARTCHAR uni1D7F5
ENCODING 120821
SWIDTH 875 0
DWIDTH 7 0
BBX 6 7 0 0
BITMAP
78
CC
CC
CC
7C
0C
78
ENDCHAR
STARTCHAR uni1D7F6
ENCODING 120822
SWIDTH 750 0
DWIDTH 6 0
BBX 5 7 0 0
BITMAP
70
88
98
A8
C8
88
70
ENDCHAR
STARTCHAR uni1D7F7
ENCODING 120823
SWIDTH 750 0
DWIDTH 6 0
BBX 5 7 0 0
BITMAP
60
20
20
20
20
20
F8
ENDCHAR
STARTCHAR uni1D7F8
ENCODING 120824
SWIDTH 750 0
DWIDTH 6 0
BBX 5 7 0 0
BITMAP
F0
08
08
30
40
80
F8
ENDCHAR
STARTCHAR uni1D7F9
ENCODING 120825
SWIDTH 750 0
DWIDTH 6 0
BBX 5 7 0 0
BITMAP
F8
08
70
08
08
08
F0
ENDCHAR
STARTCHAR uni1D7FA
ENCODING 120826
SWIDTH 750 0
DWIDTH 6 0
BBX 5 7 0 0
BITMAP
18
28
48
88
F8
08
08
ENDCHAR
STARTCHAR uni1D7FB
ENCODING 120827
SWIDTH 750 0
DWIDTH 6 0
BBX 5 7 0 0
BITMAP
F8
80
F0
08
08
08
F0
ENDCHAR
STARTCHAR uni1D7FC
ENCODING 120828
SWIDTH 750 0
DWIDTH 6 0
BBX 5 7 0 0
BITMAP
70
80
F0
88
88
88
70
ENDCHAR
STARTCHAR uni1D7FD
ENCODING 120829
SWIDTH 750 0
DWIDTH 6 0
BBX 5 7 0 0
BITMAP
F8
08
08
10
20
40
40
ENDCHAR
STARTCHAR uni1D7FE
ENCODING 120830
SWIDTH 750 0
DWIDTH 6 0
BBX 5 7 0 0
BITMAP
70
88
88
70
88
88
70
ENDCHAR
STARTCHAR uni1D7FF
ENCODING 120831
SWIDTH 750 0
DWIDTH 6 0
BBX 5 7 0 0
BITMAP
70
88
88
88
78
08
70
ENDCHAR
STARTCHAR uni1F30A
ENCODING 127754
SWIDTH 1000 0
DWIDTH 8 0
BBX 7 7 0 0
BITMAP
34
70
A4
A0
A0
D2
7C
ENDCHAR
STARTCHAR uni1F356
ENCODING 127830
SWIDTH 1000 0
DWIDTH 8 0
BBX 7 7 0 0
BITMAP
06
1E
24
44
44
F8
C0
ENDCHAR
STARTCHAR uni1F357
ENCODING 127831
SWIDTH 1000 0
DWIDTH 8 0
BBX 7 7 0 0
BITMAP
1C
26
22
42
6C
F0
C0
ENDCHAR
STARTCHAR uni1F3A3
ENCODING 127907
SWIDTH 1000 0
DWIDTH 8 0
BBX 7 7 0 0
BITMAP
0C
14
24
4E
4E
84
8A
ENDCHAR
STARTCHAR uni1F3F9
ENCODING 127993
SWIDTH 1000 0
DWIDTH 8 0
BBX 7 7 0 0
BITMAP
E6
5E
4C
54
62
FE
C2
ENDCHAR
STARTCHAR uni1F514
ENCODING 128276
SWIDTH 1000 0
DWIDTH 8 0
BBX 7 7 0 0
BITMAP
10
38
44
44
82
FE
10
ENDCHAR
STARTCHAR uni1F525
ENCODING 128293
SWIDTH 1000 0
DWIDTH 8 0
BBX 5 7 1 0
BITMAP
20
30
70
F8
D8
88
70
ENDCHAR
STARTCHAR uni1F531
ENCODING 128305
SWIDTH 1000 0
DWIDTH 8 0
BBX 7 7 0 0
BITMAP
38
10
D6
54
54
38
10
ENDCHAR
STARTCHAR uni1F5E1
ENCODING 128481
SWIDTH 1000 0
DWIDTH 8 0
BBX 7 7 0 0
BITMAP
06
0A
94
68
30
D0
C8
ENDCHAR
STARTCHAR uni1F9EA
ENCODING 129514
SWIDTH 1000 0
DWIDTH 8 0
BBX 5 7 1 0
BITMAP
70
50
50
88
F8
F8
70
ENDCHAR
STARTCHAR uni1FA93
ENCODING 129683
SWIDTH 1000 0
DWIDTH 8 0
BBX 6 7 1 0
BITMAP
30
4C
48
34
2C
40
80
ENDCHAR
STARTCHAR uni1FAA3
ENCODING 129699
SWIDTH 1000 0
DWIDTH 8 0
BBX 7 7 0 0
BITMAP
7C
82
C6
BA
82
44
38
ENDCHAR
ENDFONT
