STARTFONT 2.1
FONT DepartureMono-Regular-11px
SIZE 11 75 75
FONTBOUNDINGBOX 7 14 0 -3
STARTPROPERTIES 3
PIXEL_SIZE 11
FONT_ASCENT 11
FONT_DESCENT 3
ENDPROPERTIES
CHARS 1079
STARTCHAR uni0020
ENCODING 32
SWIDTH 636 0
DWIDTH 7 0
BBX 1 1 0 0
BITMAP
00
ENDCHAR
STARTCHAR uni0021
ENCODING 33
SWIDTH 636 0
DWIDTH 7 0
BBX 1 8 3 0
BITMAP
80
80
80
80
80
80
00
80
ENDCHAR
STARTCHAR uni0022
ENCODING 34
SWIDTH 636 0
DWIDTH 7 0
BBX 3 3 2 5
BITMAP
A0
A0
A0
ENDCHAR
STARTCHAR uni0023
ENCODING 35
SWIDTH 636 0
DWIDTH 7 0
BBX 7 8 0 0
BITMAP
14
14
7E
28
28
FC
50
50
ENDCHAR
STARTCHAR uni0024
ENCODING 36
SWIDTH 636 0
DWIDTH 7 0
BBX 5 10 1 -1
BITMAP
20
70
A8
A0
70
28
28
A8
70
20
ENDCHAR
STARTCHAR uni0025
ENCODING 37
SWIDTH 636 0
DWIDTH 7 0
BBX 6 8 1 0
BITMAP
44
A4
48
10
20
48
94
88
ENDCHAR
STARTCHAR uni0026
ENCODING 38
SWIDTH 636 0
DWIDTH 7 0
BBX 6 8 1 0
BITMAP
60
90
80
44
98
90
90
60
ENDCHAR
STARTCHAR uni0027
ENCODING 39
SWIDTH 636 0
DWIDTH 7 0
BBX 1 3 3 5
BITMAP
80
80
80
ENDCHAR
STARTCHAR uni0028
ENCODING 40
SWIDTH 636 0
DWIDTH 7 0
BBX 3 10 2 -1
BITMAP
20
40
80
80
80
80
80
80
40
20
ENDCHAR
STARTCHAR uni0029
ENCODING 41
SWIDTH 636 0
DWIDTH 7 0
BBX 3 10 2 -1
BITMAP
80
40
20
20
20
20
20
20
40
80
ENDCHAR
STARTCHAR uni002A
ENCODING 42
SWIDTH 636 0
DWIDTH 7 0
BBX 5 5 1 3
BITMAP
20
A8
70
A8
20
ENDCHAR
STARTCHAR uni002B
ENCODING 43
SWIDTH 636 0
DWIDTH 7 0
BBX 5 5 1 1
BITMAP
20
20
F8
20
20
ENDCHAR
STARTCHAR uni002C
ENCODING 44
SWIDTH 636 0
DWIDTH 7 0
BBX 2 3 2 -1
BITMAP
40
40
80
ENDCHAR
STARTCHAR uni002D
ENCODING 45
SWIDTH 636 0
DWIDTH 7 0
BBX 3 1 2 3
BITMAP
E0
ENDCHAR
STARTCHAR uni002E
ENCODING 46
SWIDTH 636 0
DWIDTH 7 0
BBX 1 2 3 0
BITMAP
80
80
ENDCHAR
STARTCHAR uni002F
ENCODING 47
SWIDTH 636 0
DWIDTH 7 0
BBX 5 10 1 -1
BITMAP
08
08
10
10
20
20
40
40
80
80
ENDCHAR
STARTCHAR uni0030
ENCODING 48
SWIDTH 636 0
DWIDTH 7 0
BBX 5 8 1 0
BITMAP
70
88
98
A8
C8
88
88
70
ENDCHAR
STARTCHAR uni0031
ENCODING 49
SWIDTH 636 0
DWIDTH 7 0
BBX 5 8 1 0
BITMAP
20
E0
20
20
20
20
20
F8
ENDCHAR
STARTCHAR uni0032
ENCODING 50
SWIDTH 636 0
DWIDTH 7 0
BBX 5 8 1 0
BITMAP
70
88
08
10
20
40
80
F8
ENDCHAR
STARTCHAR uni0033
ENCODING 51
SWIDTH 636 0
DWIDTH 7 0
BBX 5 8 1 0
BITMAP
70
88
08
30
08
08
88
70
ENDCHAR
STARTCHAR uni0034
ENCODING 52
SWIDTH 636 0
DWIDTH 7 0
BBX 5 8 1 0
BITMAP
18
28
48
88
88
F8
08
08
ENDCHAR
STARTCHAR uni0035
ENCODING 53
SWIDTH 636 0
DWIDTH 7 0
BBX 5 8 1 0
BITMAP
F8
80
80
F0
08
08
88
70
ENDCHAR
STARTCHAR uni0036
ENCODING 54
SWIDTH 636 0
DWIDTH 7 0
BBX 5 8 1 0
BITMAP
70
88
80
F0
88
88
88
70
ENDCHAR
STARTCHAR uni0037
ENCODING 55
SWIDTH 636 0
DWIDTH 7 0
BBX 5 8 1 0
BITMAP
F8
08
08
10
20
40
40
40
ENDCHAR
STARTCHAR uni0038
ENCODING 56
SWIDTH 636 0
DWIDTH 7 0
BBX 5 8 1 0
BITMAP
70
88
88
70
88
88
88
70
ENDCHAR
STARTCHAR uni0039
ENCODING 57
SWIDTH 636 0
DWIDTH 7 0
BBX 5 8 1 0
BITMAP
70
88
88
88
78
08
88
70
ENDCHAR
STARTCHAR uni003A
ENCODING 58
SWIDTH 636 0
DWIDTH 7 0
BBX 1 6 3 0
BITMAP
80
80
00
00
80
80
ENDCHAR
STARTCHAR uni003B
ENCODING 59
SWIDTH 636 0
DWIDTH 7 0
BBX 2 7 2 -1
BITMAP
40
40
00
00
40
40
80
ENDCHAR
STARTCHAR uni003C
ENCODING 60
SWIDTH 636 0
DWIDTH 7 0
BBX 4 7 1 0
BITMAP
10
20
40
80
40
20
10
ENDCHAR
STARTCHAR uni003D
ENCODING 61
SWIDTH 636 0
DWIDTH 7 0
BBX 5 3 1 2
BITMAP
F8
00
F8
ENDCHAR
STARTCHAR uni003E
ENCODING 62
SWIDTH 636 0
DWIDTH 7 0
BBX 4 7 2 0
BITMAP
80
40
20
10
20
40
80
ENDCHAR
STARTCHAR uni003F
ENCODING 63
SWIDTH 636 0
DWIDTH 7 0
BBX 5 8 1 0
BITMAP
70
88
08
10
20
20
00
20
ENDCHAR
STARTCHAR uni0040
ENCODING 64
SWIDTH 636 0
DWIDTH 7 0
BBX 5 8 1 0
BITMAP
70
88
08
68
A8
A8
A8
50
ENDCHAR
STARTCHAR uni0041
ENCODING 65
SWIDTH 636 0
DWIDTH 7 0
BBX 5 8 1 0
BITMAP
20
50
88
88
F8
88
88
88
ENDCHAR
STARTCHAR uni0042
ENCODING 66
SWIDTH 636 0
DWIDTH 7 0
BBX 5 8 1 0
BITMAP
F0
88
88
F0
88
88
88
F0
ENDCHAR
STARTCHAR uni0043
ENCODING 67
SWIDTH 636 0
DWIDTH 7 0
BBX 5 8 1 0
BITMAP
70
88
80
80
80
80
88
70
ENDCHAR
STARTCHAR uni0044
ENCODING 68
SWIDTH 636 0
DWIDTH 7 0
BBX 5 8 1 0
BITMAP
F0
88
88
88
88
88
88
F0
ENDCHAR
STARTCHAR uni0045
ENCODING 69
SWIDTH 636 0
DWIDTH 7 0
BBX 5 8 1 0
BITMAP
F8
80
80
F0
80
80
80
F8
ENDCHAR
STARTCHAR uni0046
ENCODING 70
SWIDTH 636 0
DWIDTH 7 0
BBX 5 8 1 0
BITMAP
F8
80
80
F0
80
80
80
80
ENDCHAR
STARTCHAR uni0047
ENCODING 71
SWIDTH 636 0
DWIDTH 7 0
BBX 5 8 1 0
BITMAP
70
88
80
80
98
88
88
70
ENDCHAR
STARTCHAR uni0048
ENCODING 72
SWIDTH 636 0
DWIDTH 7 0
BBX 5 8 1 0
BITMAP
88
88
88
F8
88
88
88
88
ENDCHAR
STARTCHAR uni0049
ENCODING 73
SWIDTH 636 0
DWIDTH 7 0
BBX 5 8 1 0
BITMAP
F8
20
20
20
20
20
20
F8
ENDCHAR
STARTCHAR uni004A
ENCODING 74
SWIDTH 636 0
DWIDTH 7 0
BBX 5 8 1 0
BITMAP
38
08
08
08
08
08
88
70
ENDCHAR
STARTCHAR uni004B
ENCODING 75
SWIDTH 636 0
DWIDTH 7 0
BBX 5 8 1 0
BITMAP
88
90
A0
E0
90
90
88
88
ENDCHAR
STARTCHAR uni004C
ENCODING 76
SWIDTH 636 0
DWIDTH 7 0
BBX 5 8 1 0
BITMAP
80
80
80
80
80
80
80
F8
ENDCHAR
STARTCHAR uni004D
ENCODING 77
SWIDTH 636 0
DWIDTH 7 0
BBX 5 8 1 0
BITMAP
88
88
D8
A8
A8
88
88
88
ENDCHAR
STARTCHAR uni004E
ENCODING 78
SWIDTH 636 0
DWIDTH 7 0
BBX 5 8 1 0
BITMAP
88
88
C8
A8
98
88
88
88
ENDCHAR
STARTCHAR uni004F
ENCODING 79
SWIDTH 636 0
DWIDTH 7 0
BBX 5 8 1 0
BITMAP
70
88
88
88
88
88
88
70
ENDCHAR
STARTCHAR uni0050
ENCODING 80
SWIDTH 636 0
DWIDTH 7 0
BBX 5 8 1 0
BITMAP
F0
88
88
88
F0
80
80
80
ENDCHAR
STARTCHAR uni0051
ENCODING 81
SWIDTH 636 0
DWIDTH 7 0
BBX 5 9 1 -1
BITMAP
70
88
88
88
88
88
88
70
18
ENDCHAR
STARTCHAR uni0052
ENCODING 82
SWIDTH 636 0
DWIDTH 7 0
BBX 5 8 1 0
BITMAP
F0
88
88
88
F0
90
88
88
ENDCHAR
STARTCHAR uni0053
ENCODING 83
SWIDTH 636 0
DWIDTH 7 0
BBX 5 8 1 0
BITMAP
70
88
80
70
08
08
88
70
ENDCHAR
STARTCHAR uni0054
ENCODING 84
SWIDTH 636 0
DWIDTH 7 0
BBX 5 8 1 0
BITMAP
F8
20
20
20
20
20
20
20
ENDCHAR
STARTCHAR uni0055
ENCODING 85
SWIDTH 636 0
DWIDTH 7 0
BBX 5 8 1 0
BITMAP
88
88
88
88
88
88
88
70
ENDCHAR
STARTCHAR uni0056
ENCODING 86
SWIDTH 636 0
DWIDTH 7 0
BBX 5 8 1 0
BITMAP
88
88
88
88
88
50
50
20
ENDCHAR
STARTCHAR uni0057
ENCODING 87
SWIDTH 636 0
DWIDTH 7 0
BBX 5 8 1 0
BITMAP
88
88
88
A8
A8
50
50
50
ENDCHAR
STARTCHAR uni0058
ENCODING 88
SWIDTH 636 0
DWIDTH 7 0
BBX 5 8 1 0
BITMAP
88
88
50
20
50
88
88
88
ENDCHAR
STARTCHAR uni0059
ENCODING 89
SWIDTH 636 0
DWIDTH 7 0
BBX 5 8 1 0
BITMAP
88
88
88
50
20
20
20
20
ENDCHAR
STARTCHAR uni005A
ENCODING 90
SWIDTH 636 0
DWIDTH 7 0
BBX 5 8 1 0
BITMAP
F8
08
10
20
40
80
80
F8
ENDCHAR
STARTCHAR uni005B
ENCODING 91
SWIDTH 636 0
DWIDTH 7 0
BBX 3 10 2 -1
BITMAP
E0
80
80
80
80
80
80
80
80
E0
ENDCHAR
STARTCHAR uni005C
ENCODING 92
SWIDTH 636 0
DWIDTH 7 0
BBX 5 10 1 -1
BITMAP
80
80
40
40
20
20
10
10
08
08
ENDCHAR
STARTCHAR uni005D
ENCODING 93
SWIDTH 636 0
DWIDTH 7 0
BBX 3 10 2 -1
BITMAP
E0
20
20
20
20
20
20
20
20
E0
ENDCHAR
STARTCHAR uni005E
ENCODING 94
SWIDTH 636 0
DWIDTH 7 0
BBX 3 2 2 6
BITMAP
40
A0
ENDCHAR
STARTCHAR uni005F
ENCODING 95
SWIDTH 636 0
DWIDTH 7 0
BBX 5 1 1 0
BITMAP
F8
ENDCHAR
STARTCHAR uni0060
ENCODING 96
SWIDTH 636 0
DWIDTH 7 0
BBX 2 2 2 7
BITMAP
80
40
ENDCHAR
STARTCHAR uni0061
ENCODING 97
SWIDTH 636 0
DWIDTH 7 0
BBX 5 6 1 0
BITMAP
70
08
78
88
98
68
ENDCHAR
STARTCHAR uni0062
ENCODING 98
SWIDTH 636 0
DWIDTH 7 0
BBX 5 8 1 0
BITMAP
80
80
B0
C8
88
88
C8
B0
ENDCHAR
STARTCHAR uni0063
ENCODING 99
SWIDTH 636 0
DWIDTH 7 0
BBX 5 6 1 0
BITMAP
70
88
80
80
88
70
ENDCHAR
STARTCHAR uni0064
ENCODING 100
SWIDTH 636 0
DWIDTH 7 0
BBX 5 8 1 0
BITMAP
08
08
68
98
88
88
98
68
ENDCHAR
STARTCHAR uni0065
ENCODING 101
SWIDTH 636 0
DWIDTH 7 0
BBX 5 6 1 0
BITMAP
70
88
F8
80
88
70
ENDCHAR
STARTCHAR uni0066
ENCODING 102
SWIDTH 636 0
DWIDTH 7 0
BBX 5 8 1 0
BITMAP
38
40
F8
40
40
40
40
F0
ENDCHAR
STARTCHAR uni0067
ENCODING 103
SWIDTH 636 0
DWIDTH 7 0
BBX 5 8 1 -2
BITMAP
68
98
88
88
98
68
08
70
ENDCHAR
STARTCHAR uni0068
ENCODING 104
SWIDTH 636 0
DWIDTH 7 0
BBX 5 8 1 0
BITMAP
80
80
B0
C8
88
88
88
88
ENDCHAR
STARTCHAR uni0069
ENCODING 105
SWIDTH 636 0
DWIDTH 7 0
BBX 5 8 1 0
BITMAP
20
00
E0
20
20
20
20
F8
ENDCHAR
STARTCHAR uni006A
ENCODING 106
SWIDTH 636 0
DWIDTH 7 0
BBX 4 10 1 -2
BITMAP
10
00
70
10
10
10
10
10
90
60
ENDCHAR
STARTCHAR uni006B
ENCODING 107
SWIDTH 636 0
DWIDTH 7 0
BBX 5 8 1 0
BITMAP
80
80
88
90
A0
E0
90
88
ENDCHAR
STARTCHAR uni006C
ENCODING 108
SWIDTH 636 0
DWIDTH 7 0
BBX 5 8 1 0
BITMAP
E0
20
20
20
20
20
20
F8
ENDCHAR
STARTCHAR uni006D
ENCODING 109
SWIDTH 636 0
DWIDTH 7 0
BBX 5 6 1 0
BITMAP
D0
A8
A8
A8
A8
A8
ENDCHAR
STARTCHAR uni006E
ENCODING 110
SWIDTH 636 0
DWIDTH 7 0
BBX 5 6 1 0
BITMAP
B0
C8
88
88
88
88
ENDCHAR
STARTCHAR uni006F
ENCODING 111
SWIDTH 636 0
DWIDTH 7 0
BBX 5 6 1 0
BITMAP
70
88
88
88
88
70
ENDCHAR
STARTCHAR uni0070
ENCODING 112
SWIDTH 636 0
DWIDTH 7 0
BBX 5 8 1 -2
BITMAP
B0
C8
88
88
C8
B0
80
80
ENDCHAR
STARTCHAR uni0071
ENCODING 113
SWIDTH 636 0
DWIDTH 7 0
BBX 5 8 1 -2
BITMAP
68
98
88
88
98
68
08
08
ENDCHAR
STARTCHAR uni0072
ENCODING 114
SWIDTH 636 0
DWIDTH 7 0
BBX 5 6 1 0
BITMAP
D8
60
40
40
40
F0
ENDCHAR
STARTCHAR uni0073
ENCODING 115
SWIDTH 636 0
DWIDTH 7 0
BBX 5 6 1 0
BITMAP
70
88
70
08
88
70
ENDCHAR
STARTCHAR uni0074
ENCODING 116
SWIDTH 636 0
DWIDTH 7 0
BBX 5 8 1 0
BITMAP
40
40
F8
40
40
40
48
30
ENDCHAR
STARTCHAR uni0075
ENCODING 117
SWIDTH 636 0
DWIDTH 7 0
BBX 5 6 1 0
BITMAP
88
88
88
88
98
68
ENDCHAR
STARTCHAR uni0076
ENCODING 118
SWIDTH 636 0
DWIDTH 7 0
BBX 5 6 1 0
BITMAP
88
88
88
50
50
20
ENDCHAR
STARTCHAR uni0077
ENCODING 119
SWIDTH 636 0
DWIDTH 7 0
BBX 5 6 1 0
BITMAP
A8
A8
A8
A8
A8
58
ENDCHAR
STARTCHAR uni0078
ENCODING 120
SWIDTH 636 0
DWIDTH 7 0
BBX 5 6 1 0
BITMAP
88
50
20
50
88
88
ENDCHAR
STARTCHAR uni0079
ENCODING 121
SWIDTH 636 0
DWIDTH 7 0
BBX 5 8 1 -2
BITMAP
88
88
88
50
50
20
20
C0
ENDCHAR
STARTCHAR uni007A
ENCODING 122
SWIDTH 636 0
DWIDTH 7 0
BBX 5 6 1 0
BITMAP
F8
10
20
40
80
F8
ENDCHAR
STARTCHAR uni007B
ENCODING 123
SWIDTH 636 0
DWIDTH 7 0
BBX 5 10 0 -1
BITMAP
18
20
20
20
C0
20
20
20
20
18
ENDCHAR
STARTCHAR uni007C
ENCODING 124
SWIDTH 636 0
DWIDTH 7 0
BBX 1 10 3 -1
BITMAP
80
80
80
80
80
80
80
80
80
80
ENDCHAR
STARTCHAR uni007D
ENCODING 125
SWIDTH 636 0
DWIDTH 7 0
BBX 5 10 2 -1
BITMAP
C0
20
20
20
18
20
20
20
20
C0
ENDCHAR
STARTCHAR uni007E
ENCODING 126
SWIDTH 636 0
DWIDTH 7 0
BBX 5 3 1 2
BITMAP
40
A8
10
ENDCHAR
STARTCHAR uni00A0
ENCODING 160
SWIDTH 636 0
DWIDTH 7 0
BBX 1 1 0 0
BITMAP
00
ENDCHAR
STARTCHAR uni00A1
ENCODING 161
SWIDTH 636 0
DWIDTH 7 0
BBX 1 8 3 -2
BITMAP
80
00
80
80
80
80
80
80
ENDCHAR
STARTCHAR uni00A2
ENCODING 162
SWIDTH 636 0
DWIDTH 7 0
BBX 5 7 1 0
BITMAP
20
70
A8
A0
A8
70
20
ENDCHAR
STARTCHAR uni00A3
ENCODING 163
SWIDTH 636 0
DWIDTH 7 0
BBX 5 8 1 0
BITMAP
30
48
40
40
F0
40
40
F8
ENDCHAR
STARTCHAR uni00A4
ENCODING 164
SWIDTH 636 0
DWIDTH 7 0
BBX 5 6 1 0
BITMAP
A8
50
88
88
50
A8
ENDCHAR
STARTCHAR uni00A5
ENCODING 165
SWIDTH 636 0
DWIDTH 7 0
BBX 5 8 1 0
BITMAP
88
88
50
20
F8
20
F8
20
ENDCHAR
STARTCHAR uni00A6
ENCODING 166
SWIDTH 636 0
DWIDTH 7 0
BBX 1 10 3 -1
BITMAP
80
80
80
80
00
00
80
80
80
80
ENDCHAR
STARTCHAR uni00A7
ENCODING 167
SWIDTH 636 0
DWIDTH 7 0
BBX 5 9 1 -1
BITMAP
70
88
C0
70
88
70
18
88
70
ENDCHAR
STARTCHAR uni00A8
ENCODING 168
SWIDTH 636 0
DWIDTH 7 0
BBX 3 1 2 7
BITMAP
A0
ENDCHAR
STARTCHAR uni00A9
ENCODING 169
SWIDTH 636 0
DWIDTH 7 0
BBX 5 12 1 -2
BITMAP
70
88
00
20
50
40
40
50
20
00
88
70
ENDCHAR
STARTCHAR uni00AA
ENCODING 170
SWIDTH 636 0
DWIDTH 7 0
BBX 5 5 1 3
BITMAP
78
88
88
98
68
ENDCHAR
STARTCHAR uni00AB
ENCODING 171
SWIDTH 636 0
DWIDTH 7 0
BBX 6 5 0 1
BITMAP
24
48
90
48
24
ENDCHAR
STARTCHAR uni00AC
ENCODING 172
SWIDTH 636 0
DWIDTH 7 0
BBX 5 3 1 1
BITMAP
F8
08
08
ENDCHAR
STARTCHAR uni00AD
ENCODING 173
SWIDTH 636 0
DWIDTH 7 0
BBX 3 1 2 3
BITMAP
E0
ENDCHAR
STARTCHAR uni00AE
ENCODING 174
SWIDTH 636 0
DWIDTH 7 0
BBX 5 12 1 -2
BITMAP
70
88
00
60
50
50
60
50
50
00
88
70
ENDCHAR
STARTCHAR uni00AF
ENCODING 175
SWIDTH 636 0
DWIDTH 7 0
BBX 3 1 2 7
BITMAP
E0
ENDCHAR
STARTCHAR uni00B0
ENCODING 176
SWIDTH 636 0
DWIDTH 7 0
BBX 3 3 2 5
BITMAP
40
A0
40
ENDCHAR
STARTCHAR uni00B1
ENCODING 177
SWIDTH 636 0
DWIDTH 7 0
BBX 5 7 1 0
BITMAP
20
20
F8
20
20
00
F8
ENDCHAR
STARTCHAR uni00B2
ENCODING 178
SWIDTH 636 0
DWIDTH 7 0
BBX 5 6 1 3
BITMAP
70
88
10
20
40
F8
ENDCHAR
STARTCHAR uni00B3
ENCODING 179
SWIDTH 636 0
DWIDTH 7 0
BBX 5 6 1 3
BITMAP
70
88
30
08
88
70
ENDCHAR
STARTCHAR uni00B4
ENCODING 180
SWIDTH 636 0
DWIDTH 7 0
BBX 2 2 3 7
BITMAP
40
80
ENDCHAR
STARTCHAR uni00B5
ENCODING 181
SWIDTH 636 0
DWIDTH 7 0
BBX 5 8 1 -2
BITMAP
88
88
88
88
98
E8
80
80
ENDCHAR
STARTCHAR uni00B6
ENCODING 182
SWIDTH 636 0
DWIDTH 7 0
BBX 5 8 1 0
BITMAP
78
E8
E8
E8
68
08
08
08
ENDCHAR
STARTCHAR uni00B7
ENCODING 183
SWIDTH 636 0
DWIDTH 7 0
BBX 1 2 3 3
BITMAP
80
80
ENDCHAR
STARTCHAR uni00B8
ENCODING 184
SWIDTH 636 0
DWIDTH 7 0
BBX 2 3 3 -3
BITMAP
80
40
80
ENDCHAR
STARTCHAR uni00B9
ENCODING 185
SWIDTH 636 0
DWIDTH 7 0
BBX 3 6 2 3
BITMAP
40
C0
40
40
40
E0
ENDCHAR
STARTCHAR uni00BA
ENCODING 186
SWIDTH 636 0
DWIDTH 7 0
BBX 5 5 1 3
BITMAP
70
88
88
88
70
ENDCHAR
STARTCHAR uni00BB
ENCODING 187
SWIDTH 636 0
DWIDTH 7 0
BBX 6 5 1 1
BITMAP
90
48
24
48
90
ENDCHAR
STARTCHAR uni00BC
ENCODING 188
SWIDTH 636 0
DWIDTH 7 0
BBX 7 13 0 -3
BITMAP
40
C0
40
40
E0
06
38
C0
06
0A
12
1E
02
ENDCHAR
STARTCHAR uni00BD
ENCODING 189
SWIDTH 636 0
DWIDTH 7 0
BBX 7 13 0 -3
BITMAP
40
C0
40
40
E0
06
38
C0
0C
12
04
08
1E
ENDCHAR
STARTCHAR uni00BE
ENCODING 190
SWIDTH 636 0
DWIDTH 7 0
BBX 7 13 0 -3
BITMAP
60
90
20
90
60
06
38
C0
06
0A
12
1E
02
ENDCHAR
STARTCHAR uni00BF
ENCODING 191
SWIDTH 636 0
DWIDTH 7 0
BBX 5 8 1 -2
BITMAP
20
00
20
20
40
80
88
70
ENDCHAR
STARTCHAR uni00C0
ENCODING 192
SWIDTH 636 0
DWIDTH 7 0
BBX 5 11 1 0
BITMAP
40
20
00
20
50
88
88
F8
88
88
88
ENDCHAR
STARTCHAR uni00C1
ENCODING 193
SWIDTH 636 0
DWIDTH 7 0
BBX 5 11 1 0
BITMAP
10
20
00
20
50
88
88
F8
88
88
88
ENDCHAR
STARTCHAR uni00C2
ENCODING 194
SWIDTH 636 0
DWIDTH 7 0
BBX 5 11 1 0
BITMAP
20
50
00
20
50
88
88
F8
88
88
88
ENDCHAR
STARTCHAR uni00C3
ENCODING 195
SWIDTH 636 0
DWIDTH 7 0
BBX 5 11 1 0
BITMAP
28
50
00
20
50
88
88
F8
88
88
88
ENDCHAR
STARTCHAR uni00C4
ENCODING 196
SWIDTH 636 0
DWIDTH 7 0
BBX 5 10 1 0
BITMAP
50
00
20
50
88
88
F8
88
88
88
ENDCHAR
STARTCHAR uni00C5
ENCODING 197
SWIDTH 636 0
DWIDTH 7 0
BBX 5 11 1 0
BITMAP
20
50
20
20
50
88
88
F8
88
88
88
ENDCHAR
STARTCHAR uni00C6
ENCODING 198
SWIDTH 636 0
DWIDTH 7 0
BBX 7 8 0 0
BITMAP
3E
50
90
9C
F0
90
90
9E
ENDCHAR
STARTCHAR uni00C7
ENCODING 199
SWIDTH 636 0
DWIDTH 7 0
BBX 5 11 1 -3
BITMAP
70
88
80
80
80
80
88
70
20
10
20
ENDCHAR
STARTCHAR uni00C8
ENCODING 200
SWIDTH 636 0
DWIDTH 7 0
BBX 5 11 1 0
BITMAP
40
20
00
F8
80
80
F0
80
80
80
F8
ENDCHAR
STARTCHAR uni00C9
ENCODING 201
SWIDTH 636 0
DWIDTH 7 0
BBX 5 11 1 0
BITMAP
10
20
00
F8
80
80
F0
80
80
80
F8
ENDCHAR
STARTCHAR uni00CA
ENCODING 202
SWIDTH 636 0
DWIDTH 7 0
BBX 5 11 1 0
BITMAP
20
50
00
F8
80
80
F0
80
80
80
F8
ENDCHAR
STARTCHAR uni00CB
ENCODING 203
SWIDTH 636 0
DWIDTH 7 0
BBX 5 10 1 0
BITMAP
50
00
F8
80
80
F0
80
80
80
F8
ENDCHAR
STARTCHAR uni00CC
ENCODING 204
SWIDTH 636 0
DWIDTH 7 0
BBX 5 11 1 0
BITMAP
40
20
00
F8
20
20
20
20
20
20
F8
ENDCHAR
STARTCHAR uni00CD
ENCODING 205
SWIDTH 636 0
DWIDTH 7 0
BBX 5 11 1 0
BITMAP
10
20
00
F8
20
20
20
20
20
20
F8
ENDCHAR
STARTCHAR uni00CE
ENCODING 206
SWIDTH 636 0
DWIDTH 7 0
BBX 5 11 1 0
BITMAP
20
50
00
F8
20
20
20
20
20
20
F8
ENDCHAR
STARTCHAR uni00CF
ENCODING 207
SWIDTH 636 0
DWIDTH 7 0
BBX 5 10 1 0
BITMAP
50
00
F8
20
20
20
20
20
20
F8
ENDCHAR
STARTCHAR uni00D0
ENCODING 208
SWIDTH 636 0
DWIDTH 7 0
BBX 6 8 0 0
BITMAP
78
44
44
F4
44
44
44
78
ENDCHAR
STARTCHAR uni00D1
ENCODING 209
SWIDTH 636 0
DWIDTH 7 0
BBX 5 11 1 0
BITMAP
28
50
00
88
88
C8
A8
98
88
88
88
ENDCHAR
STARTCHAR uni00D2
ENCODING 210
SWIDTH 636 0
DWIDTH 7 0
BBX 5 11 1 0
BITMAP
40
20
00
70
88
88
88
88
88
88
70
ENDCHAR
STARTCHAR uni00D3
ENCODING 211
SWIDTH 636 0
DWIDTH 7 0
BBX 5 11 1 0
BITMAP
10
20
00
70
88
88
88
88
88
88
70
ENDCHAR
STARTCHAR uni00D4
ENCODING 212
SWIDTH 636 0
DWIDTH 7 0
BBX 5 11 1 0
BITMAP
20
50
00
70
88
88
88
88
88
88
70
ENDCHAR
STARTCHAR uni00D5
ENCODING 213
SWIDTH 636 0
DWIDTH 7 0
BBX 5 11 1 0
BITMAP
28
50
00
70
88
88
88
88
88
88
70
ENDCHAR
STARTCHAR uni00D6
ENCODING 214
SWIDTH 636 0
DWIDTH 7 0
BBX 5 10 1 0
BITMAP
50
00
70
88
88
88
88
88
88
70
ENDCHAR
STARTCHAR uni00D7
ENCODING 215
SWIDTH 636 0
DWIDTH 7 0
BBX 5 5 1 1
BITMAP
88
50
20
50
88
ENDCHAR
STARTCHAR uni00D8
ENCODING 216
SWIDTH 636 0
DWIDTH 7 0
BBX 7 8 0 0
BITMAP
3A
44
4C
54
64
44
C4
38
ENDCHAR
STARTCHAR uni00D9
ENCODING 217
SWIDTH 636 0
DWIDTH 7 0
BBX 5 11 1 0
BITMAP
40
20
00
88
88
88
88
88
88
88
70
ENDCHAR
STARTCHAR uni00DA
ENCODING 218
SWIDTH 636 0
DWIDTH 7 0
BBX 5 11 1 0
BITMAP
10
20
00
88
88
88
88
88
88
88
70
ENDCHAR
STARTCHAR uni00DB
ENCODING 219
SWIDTH 636 0
DWIDTH 7 0
BBX 5 11 1 0
BITMAP
20
50
00
88
88
88
88
88
88
88
70
ENDCHAR
STARTCHAR uni00DC
ENCODING 220
SWIDTH 636 0
DWIDTH 7 0
BBX 5 10 1 0
BITMAP
50
00
88
88
88
88
88
88
88
70
ENDCHAR
STARTCHAR uni00DD
ENCODING 221
SWIDTH 636 0
DWIDTH 7 0
BBX 5 11 1 0
BITMAP
10
20
00
88
88
88
50
20
20
20
20
ENDCHAR
STARTCHAR uni00DE
ENCODING 222
SWIDTH 636 0
DWIDTH 7 0
BBX 5 8 1 0
BITMAP
80
F0
88
88
88
F0
80
80
ENDCHAR
STARTCHAR uni00DF
ENCODING 223
SWIDTH 636 0
DWIDTH 7 0
BBX 5 10 1 -2
BITMAP
60
90
90
90
88
88
88
B0
80
80
ENDCHAR
STARTCHAR uni00E0
ENCODING 224
SWIDTH 636 0
DWIDTH 7 0
BBX 5 9 1 0
BITMAP
40
20
00
70
08
78
88
98
68
ENDCHAR
STARTCHAR uni00E1
ENCODING 225
SWIDTH 636 0
DWIDTH 7 0
BBX 5 9 1 0
BITMAP
10
20
00
70
08
78
88
98
68
ENDCHAR
STARTCHAR uni00E2
ENCODING 226
SWIDTH 636 0
DWIDTH 7 0
BBX 5 9 1 0
BITMAP
20
50
00
70
08
78
88
98
68
ENDCHAR
STARTCHAR uni00E3
ENCODING 227
SWIDTH 636 0
DWIDTH 7 0
BBX 5 9 1 0
BITMAP
28
50
00
70
08
78
88
98
68
ENDCHAR
STARTCHAR uni00E4
ENCODING 228
SWIDTH 636 0
DWIDTH 7 0
BBX 5 8 1 0
BITMAP
50
00
70
08
78
88
98
68
ENDCHAR
STARTCHAR uni00E5
ENCODING 229
SWIDTH 636 0
DWIDTH 7 0
BBX 5 10 1 0
BITMAP
20
50
20
00
70
08
78
88
98
68
ENDCHAR
STARTCHAR uni00E6
ENCODING 230
SWIDTH 636 0
DWIDTH 7 0
BBX 7 6 0 0
BITMAP
6C
12
7E
90
92
6C
ENDCHAR
STARTCHAR uni00E7
ENCODING 231
SWIDTH 636 0
DWIDTH 7 0
BBX 5 9 1 -3
BITMAP
70
88
80
80
88
70
20
10
20
ENDCHAR
STARTCHAR uni00E8
ENCODING 232
SWIDTH 636 0
DWIDTH 7 0
BBX 5 9 1 0
BITMAP
40
20
00
70
88
F8
80
88
70
ENDCHAR
STARTCHAR uni00E9
ENCODING 233
SWIDTH 636 0
DWIDTH 7 0
BBX 5 9 1 0
BITMAP
10
20
00
70
88
F8
80
88
70
ENDCHAR
STARTCHAR uni00EA
ENCODING 234
SWIDTH 636 0
DWIDTH 7 0
BBX 5 9 1 0
BITMAP
20
50
00
70
88
F8
80
88
70
ENDCHAR
STARTCHAR uni00EB
ENCODING 235
SWIDTH 636 0
DWIDTH 7 0
BBX 5 8 1 0
BITMAP
50
00
70
88
F8
80
88
70
ENDCHAR
STARTCHAR uni00EC
ENCODING 236
SWIDTH 636 0
DWIDTH 7 0
BBX 5 9 1 0
BITMAP
40
20
00
E0
20
20
20
20
F8
ENDCHAR
STARTCHAR uni00ED
ENCODING 237
SWIDTH 636 0
DWIDTH 7 0
BBX 5 9 1 0
BITMAP
10
20
00
E0
20
20
20
20
F8
ENDCHAR
STARTCHAR uni00EE
ENCODING 238
SWIDTH 636 0
DWIDTH 7 0
BBX 5 9 1 0
BITMAP
20
50
00
E0
20
20
20
20
F8
ENDCHAR
STARTCHAR uni00EF
ENCODING 239
SWIDTH 636 0
DWIDTH 7 0
BBX 5 8 1 0
BITMAP
50
00
E0
20
20
20
20
F8
ENDCHAR
STARTCHAR uni00F0
ENCODING 240
SWIDTH 636 0
DWIDTH 7 0
BBX 5 8 1 0
BITMAP
68
10
68
98
88
88
88
70
ENDCHAR
STARTCHAR uni00F1
ENCODING 241
SWIDTH 636 0
DWIDTH 7 0
BBX 5 9 1 0
BITMAP
28
50
00
B0
C8
88
88
88
88
ENDCHAR
STARTCHAR uni00F2
ENCODING 242
SWIDTH 636 0
DWIDTH 7 0
BBX 5 9 1 0
BITMAP
40
20
00
70
88
88
88
88
70
ENDCHAR
STARTCHAR uni00F3
ENCODING 243
SWIDTH 636 0
DWIDTH 7 0
BBX 5 9 1 0
BITMAP
10
20
00
70
88
88
88
88
70
ENDCHAR
STARTCHAR uni00F4
ENCODING 244
SWIDTH 636 0
DWIDTH 7 0
BBX 5 9 1 0
BITMAP
20
50
00
70
88
88
88
88
70
ENDCHAR
STARTCHAR uni00F5
ENCODING 245
SWIDTH 636 0
DWIDTH 7 0
BBX 5 9 1 0
BITMAP
28
50
00
70
88
88
88
88
70
ENDCHAR
STARTCHAR uni00F6
ENCODING 246
SWIDTH 636 0
DWIDTH 7 0
BBX 5 8 1 0
BITMAP
50
00
70
88
88
88
88
70
ENDCHAR
STARTCHAR uni00F7
ENCODING 247
SWIDTH 636 0
DWIDTH 7 0
BBX 5 5 1 1
BITMAP
20
00
F8
00
20
ENDCHAR
STARTCHAR uni00F8
ENCODING 248
SWIDTH 636 0
DWIDTH 7 0
BBX 7 7 0 -1
BITMAP
3A
44
4C
54
64
78
80
ENDCHAR
STARTCHAR uni00F9
ENCODING 249
SWIDTH 636 0
DWIDTH 7 0
BBX 5 9 1 0
BITMAP
40
20
00
88
88
88
88
98
68
ENDCHAR
STARTCHAR uni00FA
ENCODING 250
SWIDTH 636 0
DWIDTH 7 0
BBX 5 9 1 0
BITMAP
10
20
00
88
88
88
88
98
68
ENDCHAR
STARTCHAR uni00FB
ENCODING 251
SWIDTH 636 0
DWIDTH 7 0
BBX 5 9 1 0
BITMAP
20
50
00
88
88
88
88
98
68
ENDCHAR
STARTCHAR uni00FC
ENCODING 252
SWIDTH 636 0
DWIDTH 7 0
BBX 5 8 1 0
BITMAP
50
00
88
88
88
88
98
68
ENDCHAR
STARTCHAR uni00FD
ENCODING 253
SWIDTH 636 0
DWIDTH 7 0
BBX 5 11 1 -2
BITMAP
10
20
00
88
88
88
50
50
20
20
C0
ENDCHAR
STARTCHAR uni00FE
ENCODING 254
SWIDTH 636 0
DWIDTH 7 0
BBX 5 10 1 -2
BITMAP
80
80
B0
C8
88
88
C8
B0
80
80
ENDCHAR
STARTCHAR uni00FF
ENCODING 255
SWIDTH 636 0
DWIDTH 7 0
BBX 5 10 1 -2
BITMAP
50
00
88
88
88
50
50
20
20
C0
ENDCHAR
STARTCHAR uni0100
ENCODING 256
SWIDTH 636 0
DWIDTH 7 0
BBX 5 10 1 0
BITMAP
70
00
20
50
88
88
F8
88
88
88
ENDCHAR
STARTCHAR uni0101
ENCODING 257
SWIDTH 636 0
DWIDTH 7 0
BBX 5 8 1 0
BITMAP
70
00
70
08
78
88
98
68
ENDCHAR
STARTCHAR uni0102
ENCODING 258
SWIDTH 636 0
DWIDTH 7 0
BBX 5 11 1 0
BITMAP
88
70
00
20
50
88
88
F8
88
88
88
ENDCHAR
STARTCHAR uni0103
ENCODING 259
SWIDTH 636 0
DWIDTH 7 0
BBX 5 9 1 0
BITMAP
88
70
00
70
08
78
88
98
68
ENDCHAR
STARTCHAR uni0104
ENCODING 260
SWIDTH 636 0
DWIDTH 7 0
BBX 5 11 1 -3
BITMAP
20
50
88
88
F8
88
88
88
08
10
08
ENDCHAR
STARTCHAR uni0105
ENCODING 261
SWIDTH 636 0
DWIDTH 7 0
BBX 5 9 1 -3
BITMAP
70
08
78
88
98
68
08
10
08
ENDCHAR
STARTCHAR uni0106
ENCODING 262
SWIDTH 636 0
DWIDTH 7 0
BBX 5 11 1 0
BITMAP
10
20
00
70
88
80
80
80
80
88
70
ENDCHAR
STARTCHAR uni0107
ENCODING 263
SWIDTH 636 0
DWIDTH 7 0
BBX 5 9 1 0
BITMAP
10
20
00
70
88
80
80
88
70
ENDCHAR
STARTCHAR uni0108
ENCODING 264
SWIDTH 636 0
DWIDTH 7 0
BBX 5 11 1 0
BITMAP
20
50
00
70
88
80
80
80
80
88
70
ENDCHAR
STARTCHAR uni0109
ENCODING 265
SWIDTH 636 0
DWIDTH 7 0
BBX 5 9 1 0
BITMAP
20
50
00
70
88
80
80
88
70
ENDCHAR
STARTCHAR uni010A
ENCODING 266
SWIDTH 636 0
DWIDTH 7 0
BBX 5 10 1 0
BITMAP
20
00
70
88
80
80
80
80
88
70
ENDCHAR
STARTCHAR uni010B
ENCODING 267
SWIDTH 636 0
DWIDTH 7 0
BBX 5 8 1 0
BITMAP
20
00
70
88
80
80
88
70
ENDCHAR
STARTCHAR uni010C
ENCODING 268
SWIDTH 636 0
DWIDTH 7 0
BBX 5 11 1 0
BITMAP
50
20
00
70
88
80
80
80
80
88
70
ENDCHAR
STARTCHAR uni010D
ENCODING 269
SWIDTH 636 0
DWIDTH 7 0
BBX 5 9 1 0
BITMAP
50
20
00
70
88
80
80
88
70
ENDCHAR
STARTCHAR uni010E
ENCODING 270
SWIDTH 636 0
DWIDTH 7 0
BBX 5 11 1 0
BITMAP
50
20
00
F0
88
88
88
88
88
88
F0
ENDCHAR
STARTCHAR uni010F
ENCODING 271
SWIDTH 636 0
DWIDTH 7 0
BBX 7 8 0 0
BITMAP
0A
0C
68
98
88
88
98
68
ENDCHAR
STARTCHAR uni0110
ENCODING 272
SWIDTH 636 0
DWIDTH 7 0
BBX 6 8 0 0
BITMAP
78
44
44
F4
44
44
44
78
ENDCHAR
STARTCHAR uni0111
ENCODING 273
SWIDTH 636 0
DWIDTH 7 0
BBX 6 8 1 0
BITMAP
3C
08
68
98
88
88
98
68
ENDCHAR
STARTCHAR uni0112
ENCODING 274
SWIDTH 636 0
DWIDTH 7 0
BBX 5 10 1 0
BITMAP
70
00
F8
80
80
F0
80
80
80
F8
ENDCHAR
STARTCHAR uni0113
ENCODING 275
SWIDTH 636 0
DWIDTH 7 0
BBX 5 8 1 0
BITMAP
70
00
70
88
F8
80
88
70
ENDCHAR
STARTCHAR uni0114
ENCODING 276
SWIDTH 636 0
DWIDTH 7 0
BBX 5 11 1 0
BITMAP
88
70
00
F8
80
80
F0
80
80
80
F8
ENDCHAR
STARTCHAR uni0115
ENCODING 277
SWIDTH 636 0
DWIDTH 7 0
BBX 5 9 1 0
BITMAP
88
70
00
70
88
F8
80
88
70
ENDCHAR
STARTCHAR uni0116
ENCODING 278
SWIDTH 636 0
DWIDTH 7 0
BBX 5 10 1 0
BITMAP
20
00
F8
80
80
F0
80
80
80
F8
ENDCHAR
STARTCHAR uni0117
ENCODING 279
SWIDTH 636 0
DWIDTH 7 0
BBX 5 8 1 0
BITMAP
20
00
70
88
F8
80
88
70
ENDCHAR
STARTCHAR uni0118
ENCODING 280
SWIDTH 636 0
DWIDTH 7 0
BBX 5 11 1 -3
BITMAP
F8
80
80
F0
80
80
80
F8
08
10
08
ENDCHAR
STARTCHAR uni0119
ENCODING 281
SWIDTH 636 0
DWIDTH 7 0
BBX 5 9 1 -3
BITMAP
70
88
F8
80
88
70
20
40
20
ENDCHAR
STARTCHAR uni011A
ENCODING 282
SWIDTH 636 0
DWIDTH 7 0
BBX 5 11 1 0
BITMAP
50
20
00
F8
80
80
F0
80
80
80
F8
ENDCHAR
STARTCHAR uni011B
ENCODING 283
SWIDTH 636 0
DWIDTH 7 0
BBX 5 9 1 0
BITMAP
50
20
00
70
88
F8
80
88
70
ENDCHAR
STARTCHAR uni011C
ENCODING 284
SWIDTH 636 0
DWIDTH 7 0
BBX 5 11 1 0
BITMAP
20
50
00
70
88
80
80
98
88
88
70
ENDCHAR
STARTCHAR uni011D
ENCODING 285
SWIDTH 636 0
DWIDTH 7 0
BBX 5 11 1 -2
BITMAP
20
50
00
68
98
88
88
98
68
08
70
ENDCHAR
STARTCHAR uni011E
ENCODING 286
SWIDTH 636 0
DWIDTH 7 0
BBX 5 11 1 0
BITMAP
88
70
00
70
88
80
80
98
88
88
70
ENDCHAR
STARTCHAR uni011F
ENCODING 287
SWIDTH 636 0
DWIDTH 7 0
BBX 5 11 1 -2
BITMAP
88
70
00
68
98
88
88
98
68
08
70
ENDCHAR
STARTCHAR uni0120
ENCODING 288
SWIDTH 636 0
DWIDTH 7 0
BBX 5 10 1 0
BITMAP
20
00
70
88
80
80
98
88
88
70
ENDCHAR
STARTCHAR uni0121
ENCODING 289
SWIDTH 636 0
DWIDTH 7 0
BBX 5 10 1 -2
BITMAP
20
00
68
98
88
88
98
68
08
70
ENDCHAR
STARTCHAR uni0122
ENCODING 290
SWIDTH 636 0
DWIDTH 7 0
BBX 5 11 1 -3
BITMAP
70
88
80
80
98
88
88
70
00
20
40
ENDCHAR
STARTCHAR uni0123
ENCODING 291
SWIDTH 636 0
DWIDTH 7 0
BBX 5 11 1 -2
BITMAP
10
20
00
68
98
88
88
98
68
08
70
ENDCHAR
STARTCHAR uni0124
ENCODING 292
SWIDTH 636 0
DWIDTH 7 0
BBX 5 11 1 0
BITMAP
20
50
00
88
88
88
F8
88
88
88
88
ENDCHAR
STARTCHAR uni0125
ENCODING 293
SWIDTH 636 0
DWIDTH 7 0
BBX 6 11 0 0
BITMAP
40
A0
00
40
40
58
64
44
44
44
44
ENDCHAR
STARTCHAR uni0126
ENCODING 294
SWIDTH 636 0
DWIDTH 7 0
BBX 7 8 0 0
BITMAP
44
FE
44
7C
44
44
44
44
ENDCHAR
STARTCHAR uni0127
ENCODING 295
SWIDTH 636 0
DWIDTH 7 0
BBX 6 8 0 0
BITMAP
F0
40
58
64
44
44
44
44
ENDCHAR
STARTCHAR uni0128
ENCODING 296
SWIDTH 636 0
DWIDTH 7 0
BBX 5 11 1 0
BITMAP
28
50
00
F8
20
20
20
20
20
20
F8
ENDCHAR
STARTCHAR uni0129
ENCODING 297
SWIDTH 636 0
DWIDTH 7 0
BBX 5 9 1 0
BITMAP
50
A0
00
E0
20
20
20
20
F8
ENDCHAR
STARTCHAR uni012A
ENCODING 298
SWIDTH 636 0
DWIDTH 7 0
BBX 5 10 1 0
BITMAP
70
00
F8
20
20
20
20
20
20
F8
ENDCHAR
STARTCHAR uni012B
ENCODING 299
SWIDTH 636 0
DWIDTH 7 0
BBX 5 8 1 0
BITMAP
70
00
E0
20
20
20
20
F8
ENDCHAR
STARTCHAR uni012C
ENCODING 300
SWIDTH 636 0
DWIDTH 7 0
BBX 5 11 1 0
BITMAP
88
70
00
F8
20
20
20
20
20
20
F8
ENDCHAR
STARTCHAR uni012D
ENCODING 301
SWIDTH 636 0
DWIDTH 7 0
BBX 5 9 1 0
BITMAP
88
70
00
E0
20
20
20
20
F8
ENDCHAR
STARTCHAR uni012E
ENCODING 302
SWIDTH 636 0
DWIDTH 7 0
BBX 5 11 1 -3
BITMAP
F8
20
20
20
20
20
20
F8
20
40
20
ENDCHAR
STARTCHAR uni012F
ENCODING 303
SWIDTH 636 0
DWIDTH 7 0
BBX 5 9 1 -3
BITMAP
E0
20
20
20
20
F8
20
40
20
ENDCHAR
STARTCHAR uni0130
ENCODING 304
SWIDTH 636 0
DWIDTH 7 0
BBX 5 10 1 0
BITMAP
20
00
F8
20
20
20
20
20
20
F8
ENDCHAR
STARTCHAR uni0131
ENCODING 305
SWIDTH 636 0
DWIDTH 7 0
BBX 5 6 1 0
BITMAP
E0
20
20
20
20
F8
ENDCHAR
STARTCHAR uni0132
ENCODING 306
SWIDTH 636 0
DWIDTH 7 0
BBX 5 8 1 0
BITMAP
98
88
88
88
08
08
88
70
ENDCHAR
STARTCHAR uni0133
ENCODING 307
SWIDTH 636 0
DWIDTH 7 0
BBX 5 10 1 -2
BITMAP
88
00
88
88
88
88
98
68
08
30
ENDCHAR
STARTCHAR uni0134
ENCODING 308
SWIDTH 636 0
DWIDTH 7 0
BBX 5 11 1 0
BITMAP
10
28
00
38
08
08
08
08
08
88
70
ENDCHAR
STARTCHAR uni0135
ENCODING 309
SWIDTH 636 0
DWIDTH 7 0
BBX 4 11 1 -2
BITMAP
20
50
00
70
10
10
10
10
10
90
60
ENDCHAR
STARTCHAR uni0136
ENCODING 310
SWIDTH 636 0
DWIDTH 7 0
BBX 5 11 1 -3
BITMAP
88
90
A0
E0
90
90
88
88
00
20
40
ENDCHAR
STARTCHAR uni0137
ENCODING 311
SWIDTH 636 0
DWIDTH 7 0
BBX 5 11 1 -3
BITMAP
80
80
88
90
A0
E0
90
88
00
20
40
ENDCHAR
STARTCHAR uni0138
ENCODING 312
SWIDTH 636 0
DWIDTH 7 0
BBX 5 6 1 0
BITMAP
88
90
A0
E0
90
88
ENDCHAR
STARTCHAR uni0139
ENCODING 313
SWIDTH 636 0
DWIDTH 7 0
BBX 5 11 1 0
BITMAP
40
80
00
80
80
80
80
80
80
80
F8
ENDCHAR
STARTCHAR uni013A
ENCODING 314
SWIDTH 636 0
DWIDTH 7 0
BBX 5 11 1 0
BITMAP
10
20
00
E0
20
20
20
20
20
20
F8
ENDCHAR
STARTCHAR uni013B
ENCODING 315
SWIDTH 636 0
DWIDTH 7 0
BBX 5 11 1 -3
BITMAP
80
80
80
80
80
80
80
F8
00
20
40
ENDCHAR
STARTCHAR uni013C
ENCODING 316
SWIDTH 636 0
DWIDTH 7 0
BBX 5 11 1 -3
BITMAP
E0
20
20
20
20
20
20
F8
00
20
40
ENDCHAR
STARTCHAR uni013D
ENCODING 317
SWIDTH 636 0
DWIDTH 7 0
BBX 5 8 1 0
BITMAP
90
A0
80
80
80
80
80
F8
ENDCHAR
STARTCHAR uni013E
ENCODING 318
SWIDTH 636 0
DWIDTH 7 0
BBX 6 8 1 0
BITMAP
E4
28
20
20
20
20
20
F8
ENDCHAR
STARTCHAR uni013F
ENCODING 319
SWIDTH 636 0
DWIDTH 7 0
BBX 5 8 1 0
BITMAP
80
80
80
90
90
80
80
F8
ENDCHAR
STARTCHAR uni0140
ENCODING 320
SWIDTH 636 0
DWIDTH 7 0
BBX 5 8 1 0
BITMAP
E0
20
20
28
28
20
20
F8
ENDCHAR
STARTCHAR uni0141
ENCODING 321
SWIDTH 636 0
DWIDTH 7 0
BBX 6 8 0 0
BITMAP
40
48
50
60
40
C0
40
7C
ENDCHAR
STARTCHAR uni0142
ENCODING 322
SWIDTH 636 0
DWIDTH 7 0
BBX 5 8 1 0
BITMAP
E0
28
30
20
60
A0
20
F8
ENDCHAR
STARTCHAR uni0143
ENCODING 323
SWIDTH 636 0
DWIDTH 7 0
BBX 5 11 1 0
BITMAP
10
20
00
88
88
C8
A8
98
88
88
88
ENDCHAR
STARTCHAR uni0144
ENCODING 324
SWIDTH 636 0
DWIDTH 7 0
BBX 5 9 1 0
BITMAP
10
20
00
B0
C8
88
88
88
88
ENDCHAR
STARTCHAR uni0145
ENCODING 325
SWIDTH 636 0
DWIDTH 7 0
BBX 5 11 1 -3
BITMAP
88
88
C8
A8
98
88
88
88
00
20
40
ENDCHAR
STARTCHAR uni0146
ENCODING 326
SWIDTH 636 0
DWIDTH 7 0
BBX 5 9 1 -3
BITMAP
B0
C8
88
88
88
88
00
20
40
ENDCHAR
STARTCHAR uni0147
ENCODING 327
SWIDTH 636 0
DWIDTH 7 0
BBX 5 11 1 0
BITMAP
50
20
00
88
88
C8
A8
98
88
88
88
ENDCHAR
STARTCHAR uni0148
ENCODING 328
SWIDTH 636 0
DWIDTH 7 0
BBX 5 9 1 0
BITMAP
50
20
00
B0
C8
88
88
88
88
ENDCHAR
STARTCHAR uni014A
ENCODING 330
SWIDTH 636 0
DWIDTH 7 0
BBX 5 10 1 -2
BITMAP
88
88
C8
A8
98
88
88
88
08
10
ENDCHAR
STARTCHAR uni014B
ENCODING 331
SWIDTH 636 0
DWIDTH 7 0
BBX 5 8 1 -2
BITMAP
B0
C8
88
88
88
88
08
10
ENDCHAR
STARTCHAR uni014C
ENCODING 332
SWIDTH 636 0
DWIDTH 7 0
BBX 5 10 1 0
BITMAP
70
00
70
88
88
88
88
88
88
70
ENDCHAR
STARTCHAR uni014D
ENCODING 333
SWIDTH 636 0
DWIDTH 7 0
BBX 5 8 1 0
BITMAP
70
00
70
88
88
88
88
70
ENDCHAR
STARTCHAR uni014E
ENCODING 334
SWIDTH 636 0
DWIDTH 7 0
BBX 5 11 1 0
BITMAP
88
70
00
70
88
88
88
88
88
88
70
ENDCHAR
STARTCHAR uni014F
ENCODING 335
SWIDTH 636 0
DWIDTH 7 0
BBX 5 9 1 0
BITMAP
88
70
00
70
88
88
88
88
70
ENDCHAR
STARTCHAR uni0150
ENCODING 336
SWIDTH 636 0
DWIDTH 7 0
BBX 5 11 1 0
BITMAP
50
50
00
70
88
88
88
88
88
88
70
ENDCHAR
STARTCHAR uni0151
ENCODING 337
SWIDTH 636 0
DWIDTH 7 0
BBX 5 9 1 0
BITMAP
50
50
00
70
88
88
88
88
70
ENDCHAR
STARTCHAR uni0152
ENCODING 338
SWIDTH 636 0
DWIDTH 7 0
BBX 7 8 0 0
BITMAP
7E
90
90
9C
90
90
90
7E
ENDCHAR
STARTCHAR uni0153
ENCODING 339
SWIDTH 636 0
DWIDTH 7 0
BBX 7 6 0 0
BITMAP
6C
92
9E
90
92
6C
ENDCHAR
STARTCHAR uni0154
ENCODING 340
SWIDTH 636 0
DWIDTH 7 0
BBX 5 11 1 0
BITMAP
10
20
00
F0
88
88
88
F0
90
88
88
ENDCHAR
STARTCHAR uni0155
ENCODING 341
SWIDTH 636 0
DWIDTH 7 0
BBX 5 9 1 0
BITMAP
10
20
00
D8
60
40
40
40
F0
ENDCHAR
STARTCHAR uni0156
ENCODING 342
SWIDTH 636 0
DWIDTH 7 0
BBX 5 11 1 -3
BITMAP
F0
88
88
88
F0
90
88
88
00
20
40
ENDCHAR
STARTCHAR uni0157
ENCODING 343
SWIDTH 636 0
DWIDTH 7 0
BBX 5 9 1 -3
BITMAP
D8
60
40
40
40
F0
00
40
80
ENDCHAR
STARTCHAR uni0158
ENCODING 344
SWIDTH 636 0
DWIDTH 7 0
BBX 5 11 1 0
BITMAP
50
20
00
F0
88
88
88
F0
90
88
88
ENDCHAR
STARTCHAR uni0159
ENCODING 345
SWIDTH 636 0
DWIDTH 7 0
BBX 5 9 1 0
BITMAP
50
20
00
D8
60
40
40
40
F0
ENDCHAR
STARTCHAR uni015A
ENCODING 346
SWIDTH 636 0
DWIDTH 7 0
BBX 5 11 1 0
BITMAP
10
20
00
70
88
80
70
08
08
88
70
ENDCHAR
STARTCHAR uni015B
ENCODING 347
SWIDTH 636 0
DWIDTH 7 0
BBX 5 9 1 0
BITMAP
10
20
00
70
88
70
08
88
70
ENDCHAR
STARTCHAR uni015C
ENCODING 348
SWIDTH 636 0
DWIDTH 7 0
BBX 5 11 1 0
BITMAP
20
50
00
70
88
80
70
08
08
88
70
ENDCHAR
STARTCHAR uni015D
ENCODING 349
SWIDTH 636 0
DWIDTH 7 0
BBX 5 9 1 0
BITMAP
20
50
00
70
88
70
08
88
70
ENDCHAR
STARTCHAR uni015E
ENCODING 350
SWIDTH 636 0
DWIDTH 7 0
BBX 5 11 1 -3
BITMAP
70
88
80
70
08
08
88
70
20
10
20
ENDCHAR
STARTCHAR uni015F
ENCODING 351
SWIDTH 636 0
DWIDTH 7 0
BBX 5 9 1 -3
BITMAP
70
88
70
08
88
70
20
10
20
ENDCHAR
STARTCHAR uni0160
ENCODING 352
SWIDTH 636 0
DWIDTH 7 0
BBX 5 11 1 0
BITMAP
50
20
00
70
88
80
70
08
08
88
70
ENDCHAR
STARTCHAR uni0161
ENCODING 353
SWIDTH 636 0
DWIDTH 7 0
BBX 5 9 1 0
BITMAP
50
20
00
70
88
70
08
88
70
ENDCHAR
STARTCHAR uni0162
ENCODING 354
SWIDTH 636 0
DWIDTH 7 0
BBX 5 11 1 -3
BITMAP
F8
20
20
20
20
20
20
20
20
10
20
ENDCHAR
STARTCHAR uni0163
ENCODING 355
SWIDTH 636 0
DWIDTH 7 0
BBX 5 11 1 -3
BITMAP
40
40
F8
40
40
40
48
30
20
10
20
ENDCHAR
STARTCHAR uni0164
ENCODING 356
SWIDTH 636 0
DWIDTH 7 0
BBX 5 11 1 0
BITMAP
50
20
00
F8
20
20
20
20
20
20
20
ENDCHAR
STARTCHAR uni0165
ENCODING 357
SWIDTH 636 0
DWIDTH 7 0
BBX 5 9 1 0
BITMAP
08
50
40
F8
40
40
40
48
30
ENDCHAR
STARTCHAR uni0166
ENCODING 358
SWIDTH 636 0
DWIDTH 7 0
BBX 5 8 1 0
BITMAP
F8
20
20
70
20
20
20
20
ENDCHAR
STARTCHAR uni0167
ENCODING 359
SWIDTH 636 0
DWIDTH 7 0
BBX 5 8 1 0
BITMAP
40
40
F8
40
F8
40
48
30
ENDCHAR
STARTCHAR uni0168
ENCODING 360
SWIDTH 636 0
DWIDTH 7 0
BBX 5 11 1 0
BITMAP
28
50
00
88
88
88
88
88
88
88
70
ENDCHAR
STARTCHAR uni0169
ENCODING 361
SWIDTH 636 0
DWIDTH 7 0
BBX 5 9 1 0
BITMAP
28
50
00
88
88
88
88
98
68
ENDCHAR
STARTCHAR uni016A
ENCODING 362
SWIDTH 636 0
DWIDTH 7 0
BBX 5 10 1 0
BITMAP
70
00
88
88
88
88
88
88
88
70
ENDCHAR
STARTCHAR uni016B
ENCODING 363
SWIDTH 636 0
DWIDTH 7 0
BBX 5 8 1 0
BITMAP
70
00
88
88
88
88
98
68
ENDCHAR
STARTCHAR uni016C
ENCODING 364
SWIDTH 636 0
DWIDTH 7 0
BBX 5 11 1 0
BITMAP
88
70
00
88
88
88
88
88
88
88
70
ENDCHAR
STARTCHAR uni016D
ENCODING 365
SWIDTH 636 0
DWIDTH 7 0
BBX 5 9 1 0
BITMAP
88
70
00
88
88
88
88
98
68
ENDCHAR
STARTCHAR uni016E
ENCODING 366
SWIDTH 636 0
DWIDTH 7 0
BBX 5 11 1 0
BITMAP
20
50
20
88
88
88
88
88
88
88
70
ENDCHAR
STARTCHAR uni016F
ENCODING 367
SWIDTH 636 0
DWIDTH 7 0
BBX 5 10 1 0
BITMAP
20
50
20
00
88
88
88
88
98
68
ENDCHAR
STARTCHAR uni0170
ENCODING 368
SWIDTH 636 0
DWIDTH 7 0
BBX 5 11 1 0
BITMAP
50
50
00
88
88
88
88
88
88
88
70
ENDCHAR
STARTCHAR uni0171
ENCODING 369
SWIDTH 636 0
DWIDTH 7 0
BBX 5 9 1 0
BITMAP
50
50
00
88
88
88
88
98
68
ENDCHAR
STARTCHAR uni0172
ENCODING 370
SWIDTH 636 0
DWIDTH 7 0
BBX 5 11 1 -3
BITMAP
88
88
88
88
88
88
88
70
20
40
20
ENDCHAR
STARTCHAR uni0173
ENCODING 371
SWIDTH 636 0
DWIDTH 7 0
BBX 5 9 1 -3
BITMAP
88
88
88
88
98
68
08
10
08
ENDCHAR
STARTCHAR uni0174
ENCODING 372
SWIDTH 636 0
DWIDTH 7 0
BBX 5 11 1 0
BITMAP
20
50
00
88
88
88
A8
A8
50
50
50
ENDCHAR
STARTCHAR uni0175
ENCODING 373
SWIDTH 636 0
DWIDTH 7 0
BBX 5 9 1 0
BITMAP
20
50
00
A8
A8
A8
A8
A8
58
ENDCHAR
STARTCHAR uni0176
ENCODING 374
SWIDTH 636 0
DWIDTH 7 0
BBX 5 11 1 0
BITMAP
20
50
00
88
88
88
50
20
20
20
20
ENDCHAR
STARTCHAR uni0177
ENCODING 375
SWIDTH 636 0
DWIDTH 7 0
BBX 5 11 1 -2
BITMAP
20
50
00
88
88
88
50
50
20
20
C0
ENDCHAR
STARTCHAR uni0178
ENCODING 376
SWIDTH 636 0
DWIDTH 7 0
BBX 5 10 1 0
BITMAP
50
00
88
88
88
50
20
20
20
20
ENDCHAR
STARTCHAR uni0179
ENCODING 377
SWIDTH 636 0
DWIDTH 7 0
BBX 5 11 1 0
BITMAP
10
20
00
F8
08
10
20
40
80
80
F8
ENDCHAR
STARTCHAR uni017A
ENCODING 378
SWIDTH 636 0
DWIDTH 7 0
BBX 5 9 1 0
BITMAP
10
20
00
F8
10
20
40
80
F8
ENDCHAR
STARTCHAR uni017B
ENCODING 379
SWIDTH 636 0
DWIDTH 7 0
BBX 5 10 1 0
BITMAP
20
00
F8
08
10
20
40
80
80
F8
ENDCHAR
STARTCHAR uni017C
ENCODING 380
SWIDTH 636 0
DWIDTH 7 0
BBX 5 8 1 0
BITMAP
20
00
F8
10
20
40
80
F8
ENDCHAR
STARTCHAR uni017D
ENCODING 381
SWIDTH 636 0
DWIDTH 7 0
BBX 5 11 1 0
BITMAP
50
20
00
F8
08
10
20
40
80
80
F8
ENDCHAR
STARTCHAR uni017E
ENCODING 382
SWIDTH 636 0
DWIDTH 7 0
BBX 5 9 1 0
BITMAP
50
20
00
F8
10
20
40
80
F8
ENDCHAR
STARTCHAR uni017F
ENCODING 383
SWIDTH 636 0
DWIDTH 7 0
BBX 5 8 1 0
BITMAP
18
20
20
20
20
20
20
F8
ENDCHAR
STARTCHAR uni0181
ENCODING 385
SWIDTH 636 0
DWIDTH 7 0
BBX 6 8 0 0
BITMAP
F8
44
44
78
44
44
44
78
ENDCHAR
STARTCHAR uni0186
ENCODING 390
SWIDTH 636 0
DWIDTH 7 0
BBX 5 8 1 0
BITMAP
70
88
08
08
08
08
88
70
ENDCHAR
STARTCHAR uni0189
ENCODING 393
SWIDTH 636 0
DWIDTH 7 0
BBX 6 8 0 0
BITMAP
78
44
44
F4
44
44
44
78
ENDCHAR
STARTCHAR uni018A
ENCODING 394
SWIDTH 636 0
DWIDTH 7 0
BBX 6 8 0 0
BITMAP
F8
44
44
44
44
44
44
78
ENDCHAR
STARTCHAR uni018E
ENCODING 398
SWIDTH 636 0
DWIDTH 7 0
BBX 5 8 1 0
BITMAP
F8
08
08
78
08
08
08
F8
ENDCHAR
STARTCHAR uni018F
ENCODING 399
SWIDTH 636 0
DWIDTH 7 0
BBX 5 8 1 0
BITMAP
70
88
08
08
F8
88
88
70
ENDCHAR
STARTCHAR uni0190
ENCODING 400
SWIDTH 636 0
DWIDTH 7 0
BBX 5 8 1 0
BITMAP
70
88
80
60
80
80
88
70
ENDCHAR
STARTCHAR uni0191
ENCODING 401
SWIDTH 636 0
DWIDTH 7 0
BBX 6 10 0 -2
BITMAP
7C
40
40
78
40
40
40
40
40
80
ENDCHAR
STARTCHAR uni0192
ENCODING 402
SWIDTH 636 0
DWIDTH 7 0
BBX 6 9 1 -1
BITMAP
1C
20
7C
20
20
20
20
20
C0
ENDCHAR
STARTCHAR uni0193
ENCODING 403
SWIDTH 636 0
DWIDTH 7 0
BBX 6 10 1 0
BITMAP
04
08
78
88
80
80
98
88
88
70
ENDCHAR
STARTCHAR uni0194
ENCODING 404
SWIDTH 636 0
DWIDTH 7 0
BBX 5 11 1 -3
BITMAP
88
88
88
88
88
50
50
20
20
50
20
ENDCHAR
STARTCHAR uni0197
ENCODING 407
SWIDTH 636 0
DWIDTH 7 0
BBX 5 8 1 0
BITMAP
F8
20
20
70
20
20
20
F8
ENDCHAR
STARTCHAR uni0198
ENCODING 408
SWIDTH 636 0
DWIDTH 7 0
BBX 6 8 1 0
BITMAP
8C
90
A0
E0
90
90
88
88
ENDCHAR
STARTCHAR uni0199
ENCODING 409
SWIDTH 636 0
DWIDTH 7 0
BBX 5 8 1 0
BITMAP
60
80
88
90
A0
E0
90
88
ENDCHAR
STARTCHAR uni019D
ENCODING 413
SWIDTH 636 0
DWIDTH 7 0
BBX 6 10 0 -2
BITMAP
44
44
64
54
4C
44
44
44
40
80
ENDCHAR
STARTCHAR uni01AF
ENCODING 431
SWIDTH 636 0
DWIDTH 7 0
BBX 6 10 1 0
BITMAP
04
04
88
88
88
88
88
88
88
70
ENDCHAR
STARTCHAR uni01B0
ENCODING 432
SWIDTH 636 0
DWIDTH 7 0
BBX 6 7 1 0
BITMAP
04
88
88
88
88
98
68
ENDCHAR
STARTCHAR uni01B2
ENCODING 434
SWIDTH 636 0
DWIDTH 7 0
BBX 5 8 1 0
BITMAP
90
88
88
88
88
88
88
70
ENDCHAR
STARTCHAR uni01B3
ENCODING 435
SWIDTH 636 0
DWIDTH 7 0
BBX 6 8 1 0
BITMAP
84
88
88
50
20
20
20
20
ENDCHAR
STARTCHAR uni01B4
ENCODING 436
SWIDTH 636 0
DWIDTH 7 0
BBX 6 8 1 -2
BITMAP
84
88
88
50
50
20
20
C0
ENDCHAR
STARTCHAR uni01C0
ENCODING 448
SWIDTH 636 0
DWIDTH 7 0
BBX 1 10 3 -1
BITMAP
80
80
80
80
80
80
80
80
80
80
ENDCHAR
STARTCHAR uni01C1
ENCODING 449
SWIDTH 636 0
DWIDTH 7 0
BBX 3 10 2 -1
BITMAP
A0
A0
A0
A0
A0
A0
A0
A0
A0
A0
ENDCHAR
STARTCHAR uni01C2
ENCODING 450
SWIDTH 636 0
DWIDTH 7 0
BBX 5 10 1 -1
BITMAP
20
20
20
F8
20
20
F8
20
20
20
ENDCHAR
STARTCHAR uni01C3
ENCODING 451
SWIDTH 636 0
DWIDTH 7 0
BBX 1 8 3 0
BITMAP
80
80
80
80
80
80
00
80
ENDCHAR
STARTCHAR uni01CD
ENCODING 461
SWIDTH 636 0
DWIDTH 7 0
BBX 5 11 1 0
BITMAP
50
20
00
20
50
88
88
F8
88
88
88
ENDCHAR
STARTCHAR uni01CE
ENCODING 462
SWIDTH 636 0
DWIDTH 7 0
BBX 5 9 1 0
BITMAP
50
20
00
70
08
78
88
98
68
ENDCHAR
STARTCHAR uni01CF
ENCODING 463
SWIDTH 636 0
DWIDTH 7 0
BBX 5 11 1 0
BITMAP
50
20
00
F8
20
20
20
20
20
20
F8
ENDCHAR
STARTCHAR uni01D0
ENCODING 464
SWIDTH 636 0
DWIDTH 7 0
BBX 5 9 1 0
BITMAP
50
20
00
E0
20
20
20
20
F8
ENDCHAR
STARTCHAR uni01D1
ENCODING 465
SWIDTH 636 0
DWIDTH 7 0
BBX 5 11 1 0
BITMAP
50
20
00
70
88
88
88
88
88
88
70
ENDCHAR
STARTCHAR uni01D2
ENCODING 466
SWIDTH 636 0
DWIDTH 7 0
BBX 5 9 1 0
BITMAP
50
20
00
70
88
88
88
88
70
ENDCHAR
STARTCHAR uni01D3
ENCODING 467
SWIDTH 636 0
DWIDTH 7 0
BBX 5 11 1 0
BITMAP
50
20
00
88
88
88
88
88
88
88
70
ENDCHAR
STARTCHAR uni01D4
ENCODING 468
SWIDTH 636 0
DWIDTH 7 0
BBX 5 9 1 0
BITMAP
50
20
00
88
88
88
88
98
68
ENDCHAR
STARTCHAR uni01DD
ENCODING 477
SWIDTH 636 0
DWIDTH 7 0
BBX 5 6 1 0
BITMAP
70
88
08
F8
88
70
ENDCHAR
STARTCHAR uni01E6
ENCODING 486
SWIDTH 636 0
DWIDTH 7 0
BBX 5 11 1 0
BITMAP
50
20
00
70
88
80
80
98
88
88
70
ENDCHAR
STARTCHAR uni01E7
ENCODING 487
SWIDTH 636 0
DWIDTH 7 0
BBX 5 11 1 -2
BITMAP
50
20
00
68
98
88
88
98
68
08
70
ENDCHAR
STARTCHAR uni01EA
ENCODING 490
SWIDTH 636 0
DWIDTH 7 0
BBX 5 11 1 -3
BITMAP
70
88
88
88
88
88
88
70
20
40
20
ENDCHAR
STARTCHAR uni01EB
ENCODING 491
SWIDTH 636 0
DWIDTH 7 0
BBX 5 9 1 -3
BITMAP
70
88
88
88
88
70
20
40
20
ENDCHAR
STARTCHAR uni01F8
ENCODING 504
SWIDTH 636 0
DWIDTH 7 0
BBX 5 11 1 0
BITMAP
40
20
00
88
88
C8
A8
98
88
88
88
ENDCHAR
STARTCHAR uni01F9
ENCODING 505
SWIDTH 636 0
DWIDTH 7 0
BBX 5 9 1 0
BITMAP
40
20
00
B0
C8
88
88
88
88
ENDCHAR
STARTCHAR uni01FA
ENCODING 506
SWIDTH 636 0
DWIDTH 7 0
BBX 5 11 1 0
BITMAP
38
50
20
20
50
88
88
F8
88
88
88
ENDCHAR
STARTCHAR uni01FB
ENCODING 507
SWIDTH 636 0
DWIDTH 7 0
BBX 5 10 1 0
BITMAP
38
50
20
00
70
08
78
88
98
68
ENDCHAR
STARTCHAR uni01FC
ENCODING 508
SWIDTH 636 0
DWIDTH 7 0
BBX 7 11 0 0
BITMAP
08
10
00
3E
50
90
9C
F0
90
90
9E
ENDCHAR
STARTCHAR uni01FD
ENCODING 509
SWIDTH 636 0
DWIDTH 7 0
BBX 7 9 0 0
BITMAP
08
10
00
6C
12
7E
90
92
6C
ENDCHAR
STARTCHAR uni01FE
ENCODING 510
SWIDTH 636 0
DWIDTH 7 0
BBX 7 11 0 0
BITMAP
08
10
00
3A
44
4C
54
64
44
C4
38
ENDCHAR
STARTCHAR uni01FF
ENCODING 511
SWIDTH 636 0
DWIDTH 7 0
BBX 7 10 0 -1
BITMAP
08
10
00
3A
44
4C
54
64
78
80
ENDCHAR
STARTCHAR uni0218
ENCODING 536
SWIDTH 636 0
DWIDTH 7 0
BBX 5 11 1 -3
BITMAP
70
88
80
70
08
08
88
70
00
20
40
ENDCHAR
STARTCHAR uni0219
ENCODING 537
SWIDTH 636 0
DWIDTH 7 0
BBX 5 9 1 -3
BITMAP
70
88
70
08
88
70
00
20
40
ENDCHAR
STARTCHAR uni021A
ENCODING 538
SWIDTH 636 0
DWIDTH 7 0
BBX 5 11 1 -3
BITMAP
F8
20
20
20
20
20
20
20
00
20
40
ENDCHAR
STARTCHAR uni021B
ENCODING 539
SWIDTH 636 0
DWIDTH 7 0
BBX 5 11 1 -3
BITMAP
40
40
F8
40
40
40
48
30
00
20
40
ENDCHAR
STARTCHAR uni021E
ENCODING 542
SWIDTH 636 0
DWIDTH 7 0
BBX 5 11 1 0
BITMAP
50
20
00
88
88
88
F8
88
88
88
88
ENDCHAR
STARTCHAR uni021F
ENCODING 543
SWIDTH 636 0
DWIDTH 7 0
BBX 6 11 0 0
BITMAP
A0
40
00
40
40
58
64
44
44
44
44
ENDCHAR
STARTCHAR uni0232
ENCODING 562
SWIDTH 636 0
DWIDTH 7 0
BBX 5 10 1 0
BITMAP
70
00
88
88
88
50
20
20
20
20
ENDCHAR
STARTCHAR uni0233
ENCODING 563
SWIDTH 636 0
DWIDTH 7 0
BBX 5 10 1 -2
BITMAP
70
00
88
88
88
50
50
20
20
C0
ENDCHAR
STARTCHAR uni0237
ENCODING 567
SWIDTH 636 0
DWIDTH 7 0
BBX 4 8 1 -2
BITMAP
70
10
10
10
10
10
90
60
ENDCHAR
STARTCHAR uni0244
ENCODING 580
SWIDTH 636 0
DWIDTH 7 0
BBX 7 8 0 0
BITMAP
44
44
44
FE
44
44
44
38
ENDCHAR
STARTCHAR uni0253
ENCODING 595
SWIDTH 636 0
DWIDTH 7 0
BBX 5 8 1 0
BITMAP
60
80
B0
C8
88
88
C8
B0
ENDCHAR
STARTCHAR uni0254
ENCODING 596
SWIDTH 636 0
DWIDTH 7 0
BBX 5 6 1 0
BITMAP
70
88
08
08
88
70
ENDCHAR
STARTCHAR uni0256
ENCODING 598
SWIDTH 636 0
DWIDTH 7 0
BBX 6 10 1 -2
BITMAP
08
08
68
98
88
88
98
68
08
04
ENDCHAR
STARTCHAR uni0257
ENCODING 599
SWIDTH 636 0
DWIDTH 7 0
BBX 6 8 1 0
BITMAP
04
08
68
98
88
88
98
68
ENDCHAR
STARTCHAR uni0259
ENCODING 601
SWIDTH 636 0
DWIDTH 7 0
BBX 5 6 1 0
BITMAP
70
88
08
F8
88
70
ENDCHAR
STARTCHAR uni025B
ENCODING 603
SWIDTH 636 0
DWIDTH 7 0
BBX 5 6 1 0
BITMAP
70
88
60
80
88
70
ENDCHAR
STARTCHAR uni0260
ENCODING 608
SWIDTH 636 0
DWIDTH 7 0
BBX 6 10 1 -2
BITMAP
04
08
68
98
88
88
98
68
08
70
ENDCHAR
STARTCHAR uni0263
ENCODING 611
SWIDTH 636 0
DWIDTH 7 0
BBX 5 9 1 -3
BITMAP
88
88
88
50
50
20
20
50
20
ENDCHAR
STARTCHAR uni0268
ENCODING 616
SWIDTH 636 0
DWIDTH 7 0
BBX 5 8 1 0
BITMAP
20
00
E0
20
F8
20
20
F8
ENDCHAR
STARTCHAR uni0272
ENCODING 626
SWIDTH 636 0
DWIDTH 7 0
BBX 6 8 0 -2
BITMAP
58
64
44
44
44
44
40
80
ENDCHAR
STARTCHAR uni027C
ENCODING 636
SWIDTH 636 0
DWIDTH 7 0
BBX 5 8 1 -2
BITMAP
D8
60
40
40
40
40
40
F0
ENDCHAR
STARTCHAR uni0289
ENCODING 649
SWIDTH 636 0
DWIDTH 7 0
BBX 7 6 0 0
BITMAP
44
44
FE
44
4C
34
ENDCHAR
STARTCHAR uni028B
ENCODING 651
SWIDTH 636 0
DWIDTH 7 0
BBX 5 6 1 0
BITMAP
90
88
88
88
88
70
ENDCHAR
STARTCHAR uni0294
ENCODING 660
SWIDTH 636 0
DWIDTH 7 0
BBX 5 8 1 0
BITMAP
70
88
08
10
20
20
20
20
ENDCHAR
STARTCHAR uni02BB
ENCODING 699
SWIDTH 636 0
DWIDTH 7 0
BBX 2 3 3 5
BITMAP
40
80
80
ENDCHAR
STARTCHAR uni02BC
ENCODING 700
SWIDTH 636 0
DWIDTH 7 0
BBX 2 3 2 5
BITMAP
40
40
80
ENDCHAR
STARTCHAR uni02C6
ENCODING 710
SWIDTH 636 0
DWIDTH 7 0
BBX 3 2 2 7
BITMAP
40
A0
ENDCHAR
STARTCHAR uni02C7
ENCODING 711
SWIDTH 636 0
DWIDTH 7 0
BBX 3 2 2 7
BITMAP
A0
40
ENDCHAR
STARTCHAR uni02D8
ENCODING 728
SWIDTH 636 0
DWIDTH 7 0
BBX 5 2 1 7
BITMAP
88
70
ENDCHAR
STARTCHAR uni02D9
ENCODING 729
SWIDTH 636 0
DWIDTH 7 0
BBX 1 1 3 7
BITMAP
80
ENDCHAR
STARTCHAR uni02DA
ENCODING 730
SWIDTH 636 0
DWIDTH 7 0
BBX 3 3 2 7
BITMAP
40
A0
40
ENDCHAR
STARTCHAR uni02DB
ENCODING 731
SWIDTH 636 0
DWIDTH 7 0
BBX 2 3 2 -3
BITMAP
40
80
40
ENDCHAR
STARTCHAR uni02DC
ENCODING 732
SWIDTH 636 0
DWIDTH 7 0
BBX 4 2 2 7
BITMAP
50
A0
ENDCHAR
STARTCHAR uni02DD
ENCODING 733
SWIDTH 636 0
DWIDTH 7 0
BBX 3 2 2 7
BITMAP
A0
A0
ENDCHAR
STARTCHAR uni0300
ENCODING 768
SWIDTH 636 0
DWIDTH 7 0
BBX 2 2 2 7
BITMAP
80
40
ENDCHAR
STARTCHAR uni0301
ENCODING 769
SWIDTH 636 0
DWIDTH 7 0
BBX 2 2 3 7
BITMAP
40
80
ENDCHAR
STARTCHAR uni0302
ENCODING 770
SWIDTH 636 0
DWIDTH 7 0
BBX 3 2 2 7
BITMAP
40
A0
ENDCHAR
STARTCHAR uni0303
ENCODING 771
SWIDTH 636 0
DWIDTH 7 0
BBX 4 2 2 7
BITMAP
50
A0
ENDCHAR
STARTCHAR uni0304
ENCODING 772
SWIDTH 636 0
DWIDTH 7 0
BBX 3 1 2 7
BITMAP
E0
ENDCHAR
STARTCHAR uni0306
ENCODING 774
SWIDTH 636 0
DWIDTH 7 0
BBX 5 2 1 7
BITMAP
88
70
ENDCHAR
STARTCHAR uni0307
ENCODING 775
SWIDTH 636 0
DWIDTH 7 0
BBX 1 1 3 7
BITMAP
80
ENDCHAR
STARTCHAR uni0308
ENCODING 776
SWIDTH 636 0
DWIDTH 7 0
BBX 3 1 2 7
BITMAP
A0
ENDCHAR
STARTCHAR uni030A
ENCODING 778
SWIDTH 636 0
DWIDTH 7 0
BBX 3 3 2 7
BITMAP
40
A0
40
ENDCHAR
STARTCHAR uni030B
ENCODING 779
SWIDTH 636 0
DWIDTH 7 0
BBX 3 2 2 7
BITMAP
A0
A0
ENDCHAR
STARTCHAR uni030C
ENCODING 780
SWIDTH 636 0
DWIDTH 7 0
BBX 3 2 2 7
BITMAP
A0
40
ENDCHAR
STARTCHAR uni0312
ENCODING 786
SWIDTH 636 0
DWIDTH 7 0
BBX 2 2 3 7
BITMAP
40
80
ENDCHAR
STARTCHAR uni0323
ENCODING 803
SWIDTH 636 0
DWIDTH 7 0
BBX 1 1 3 -2
BITMAP
80
ENDCHAR
STARTCHAR uni0326
ENCODING 806
SWIDTH 636 0
DWIDTH 7 0
BBX 2 2 2 -3
BITMAP
40
80
ENDCHAR
STARTCHAR uni0327
ENCODING 807
SWIDTH 636 0
DWIDTH 7 0
BBX 2 3 3 -3
BITMAP
80
40
80
ENDCHAR
STARTCHAR uni0328
ENCODING 808
SWIDTH 636 0
DWIDTH 7 0
BBX 2 3 2 -3
BITMAP
40
80
40
ENDCHAR
STARTCHAR uni032E
ENCODING 814
SWIDTH 636 0
DWIDTH 7 0
BBX 5 2 1 -3
BITMAP
88
70
ENDCHAR
STARTCHAR uni037A
ENCODING 890
SWIDTH 636 0
DWIDTH 7 0
BBX 3 3 3 -3
BITMAP
80
80
60
ENDCHAR
STARTCHAR uni0384
ENCODING 900
SWIDTH 636 0
DWIDTH 7 0
BBX 2 2 3 7
BITMAP
40
80
ENDCHAR
STARTCHAR uni0385
ENCODING 901
SWIDTH 636 0
DWIDTH 7 0
BBX 5 3 1 7
BITMAP
10
20
88
ENDCHAR
STARTCHAR uni0386
ENCODING 902
SWIDTH 636 0
DWIDTH 7 0
BBX 5 10 1 0
BITMAP
40
80
20
50
88
88
F8
88
88
88
ENDCHAR
STARTCHAR uni0388
ENCODING 904
SWIDTH 636 0
DWIDTH 7 0
BBX 6 10 0 0
BITMAP
40
80
7C
40
40
78
40
40
40
7C
ENDCHAR
STARTCHAR uni0389
ENCODING 905
SWIDTH 636 0
DWIDTH 7 0
BBX 6 10 0 0
BITMAP
40
80
44
44
44
7C
44
44
44
44
ENDCHAR
STARTCHAR uni038A
ENCODING 906
SWIDTH 636 0
DWIDTH 7 0
BBX 6 10 0 0
BITMAP
40
80
7C
10
10
10
10
10
10
7C
ENDCHAR
STARTCHAR uni038C
ENCODING 908
SWIDTH 636 0
DWIDTH 7 0
BBX 6 10 0 0
BITMAP
40
80
38
44
44
44
44
44
44
38
ENDCHAR
STARTCHAR uni038E
ENCODING 910
SWIDTH 636 0
DWIDTH 7 0
BBX 6 10 0 0
BITMAP
40
80
44
44
44
28
10
10
10
10
ENDCHAR
STARTCHAR uni038F
ENCODING 911
SWIDTH 636 0
DWIDTH 7 0
BBX 6 10 0 0
BITMAP
40
80
38
44
44
44
44
44
28
6C
ENDCHAR
STARTCHAR uni0390
ENCODING 912
SWIDTH 636 0
DWIDTH 7 0
BBX 5 10 1 0
BITMAP
10
20
88
00
E0
20
20
20
20
18
ENDCHAR
STARTCHAR uni0391
ENCODING 913
SWIDTH 636 0
DWIDTH 7 0
BBX 5 8 1 0
BITMAP
20
50
88
88
F8
88
88
88
ENDCHAR
STARTCHAR uni0392
ENCODING 914
SWIDTH 636 0
DWIDTH 7 0
BBX 5 8 1 0
BITMAP
F0
88
88
F0
88
88
88
F0
ENDCHAR
STARTCHAR uni0393
ENCODING 915
SWIDTH 636 0
DWIDTH 7 0
BBX 5 8 1 0
BITMAP
F8
88
80
80
80
80
80
80
ENDCHAR
STARTCHAR uni0394
ENCODING 916
SWIDTH 636 0
DWIDTH 7 0
BBX 5 8 1 0
BITMAP
20
20
50
50
50
88
88
F8
ENDCHAR
STARTCHAR uni0395
ENCODING 917
SWIDTH 636 0
DWIDTH 7 0
BBX 5 8 1 0
BITMAP
F8
80
80
F0
80
80
80
F8
ENDCHAR
STARTCHAR uni0396
ENCODING 918
SWIDTH 636 0
DWIDTH 7 0
BBX 5 8 1 0
BITMAP
F8
08
10
20
40
80
80
F8
ENDCHAR
STARTCHAR uni0397
ENCODING 919
SWIDTH 636 0
DWIDTH 7 0
BBX 5 8 1 0
BITMAP
88
88
88
F8
88
88
88
88
ENDCHAR
STARTCHAR uni0398
ENCODING 920
SWIDTH 636 0
DWIDTH 7 0
BBX 5 8 1 0
BITMAP
70
88
88
F8
88
88
88
70
ENDCHAR
STARTCHAR uni0399
ENCODING 921
SWIDTH 636 0
DWIDTH 7 0
BBX 5 8 1 0
BITMAP
F8
20
20
20
20
20
20
F8
ENDCHAR
STARTCHAR uni039A
ENCODING 922
SWIDTH 636 0
DWIDTH 7 0
BBX 5 8 1 0
BITMAP
88
90
A0
E0
90
90
88
88
ENDCHAR
STARTCHAR uni039B
ENCODING 923
SWIDTH 636 0
DWIDTH 7 0
BBX 5 8 1 0
BITMAP
20
20
50
50
88
88
88
88
ENDCHAR
STARTCHAR uni039C
ENCODING 924
SWIDTH 636 0
DWIDTH 7 0
BBX 5 8 1 0
BITMAP
88
88
D8
A8
A8
88
88
88
ENDCHAR
STARTCHAR uni039D
ENCODING 925
SWIDTH 636 0
DWIDTH 7 0
BBX 5 8 1 0
BITMAP
88
88
C8
A8
98
88
88
88
ENDCHAR
STARTCHAR uni039E
ENCODING 926
SWIDTH 636 0
DWIDTH 7 0
BBX 5 8 1 0
BITMAP
F8
00
00
70
00
00
00
F8
ENDCHAR
STARTCHAR uni039F
ENCODING 927
SWIDTH 636 0
DWIDTH 7 0
BBX 5 8 1 0
BITMAP
70
88
88
88
88
88
88
70
ENDCHAR
STARTCHAR uni03A0
ENCODING 928
SWIDTH 636 0
DWIDTH 7 0
BBX 5 8 1 0
BITMAP
F8
88
88
88
88
88
88
88
ENDCHAR
STARTCHAR uni03A1
ENCODING 929
SWIDTH 636 0
DWIDTH 7 0
BBX 5 8 1 0
BITMAP
F0
88
88
88
F0
80
80
80
ENDCHAR
STARTCHAR uni03A3
ENCODING 931
SWIDTH 636 0
DWIDTH 7 0
BBX 5 8 1 0
BITMAP
F8
88
40
20
40
80
88
F8
ENDCHAR
STARTCHAR uni03A4
ENCODING 932
SWIDTH 636 0
DWIDTH 7 0
BBX 5 8 1 0
BITMAP
F8
20
20
20
20
20
20
20
ENDCHAR
STARTCHAR uni03A5
ENCODING 933
SWIDTH 636 0
DWIDTH 7 0
BBX 5 8 1 0
BITMAP
88
88
88
50
20
20
20
20
ENDCHAR
STARTCHAR uni03A6
ENCODING 934
SWIDTH 636 0
DWIDTH 7 0
BBX 5 8 1 0
BITMAP
20
70
A8
A8
A8
A8
70
20
ENDCHAR
STARTCHAR uni03A7
ENCODING 935
SWIDTH 636 0
DWIDTH 7 0
BBX 5 8 1 0
BITMAP
88
88
50
20
50
88
88
88
ENDCHAR
STARTCHAR uni03A8
ENCODING 936
SWIDTH 636 0
DWIDTH 7 0
BBX 5 8 1 0
BITMAP
A8
A8
A8
A8
A8
70
20
20
ENDCHAR
STARTCHAR uni03A9
ENCODING 937
SWIDTH 636 0
DWIDTH 7 0
BBX 5 8 1 0
BITMAP
70
88
88
88
88
88
50
D8
ENDCHAR
STARTCHAR uni03AA
ENCODING 938
SWIDTH 636 0
DWIDTH 7 0
BBX 5 10 1 0
BITMAP
50
00
F8
20
20
20
20
20
20
F8
ENDCHAR
STARTCHAR uni03AB
ENCODING 939
SWIDTH 636 0
DWIDTH 7 0
BBX 5 10 1 0
BITMAP
50
00
88
88
88
50
20
20
20
20
ENDCHAR
STARTCHAR uni03AC
ENCODING 940
SWIDTH 636 0
DWIDTH 7 0
BBX 5 9 1 0
BITMAP
10
20
00
68
98
90
90
98
68
ENDCHAR
STARTCHAR uni03AD
ENCODING 941
SWIDTH 636 0
DWIDTH 7 0
BBX 5 9 1 0
BITMAP
10
20
00
70
88
60
80
88
70
ENDCHAR
STARTCHAR uni03AE
ENCODING 942
SWIDTH 636 0
DWIDTH 7 0
BBX 5 11 1 -2
BITMAP
10
20
00
B0
C8
88
88
88
88
08
08
ENDCHAR
STARTCHAR uni03AF
ENCODING 943
SWIDTH 636 0
DWIDTH 7 0
BBX 5 9 1 0
BITMAP
10
20
00
E0
20
20
20
20
18
ENDCHAR
STARTCHAR uni03B0
ENCODING 944
SWIDTH 636 0
DWIDTH 7 0
BBX 5 10 1 0
BITMAP
10
20
88
00
90
88
88
88
88
70
ENDCHAR
STARTCHAR uni03B1
ENCODING 945
SWIDTH 636 0
DWIDTH 7 0
BBX 5 6 1 0
BITMAP
68
98
90
90
98
68
ENDCHAR
STARTCHAR uni03B2
ENCODING 946
SWIDTH 636 0
DWIDTH 7 0
BBX 5 10 1 -2
BITMAP
70
88
88
B0
88
88
C8
B0
80
80
ENDCHAR
STARTCHAR uni03B3
ENCODING 947
SWIDTH 636 0
DWIDTH 7 0
BBX 5 8 1 -2
BITMAP
88
88
88
50
50
20
20
20
ENDCHAR
STARTCHAR uni03B4
ENCODING 948
SWIDTH 636 0
DWIDTH 7 0
BBX 5 8 1 0
BITMAP
F8
40
20
50
88
88
88
70
ENDCHAR
STARTCHAR uni03B5
ENCODING 949
SWIDTH 636 0
DWIDTH 7 0
BBX 5 6 1 0
BITMAP
70
88
60
80
88
70
ENDCHAR
STARTCHAR uni03B6
ENCODING 950
SWIDTH 636 0
DWIDTH 7 0
BBX 5 10 1 -2
BITMAP
78
10
20
40
40
80
80
70
08
10
ENDCHAR
STARTCHAR uni03B7
ENCODING 951
SWIDTH 636 0
DWIDTH 7 0
BBX 5 8 1 -2
BITMAP
B0
C8
88
88
88
88
08
08
ENDCHAR
STARTCHAR uni03B8
ENCODING 952
SWIDTH 636 0
DWIDTH 7 0
BBX 5 8 1 0
BITMAP
70
88
88
F8
88
88
88
70
ENDCHAR
STARTCHAR uni03B9
ENCODING 953
SWIDTH 636 0
DWIDTH 7 0
BBX 5 6 1 0
BITMAP
E0
20
20
20
20
18
ENDCHAR
STARTCHAR uni03BA
ENCODING 954
SWIDTH 636 0
DWIDTH 7 0
BBX 5 6 1 0
BITMAP
88
90
A0
E0
90
88
ENDCHAR
STARTCHAR uni03BB
ENCODING 955
SWIDTH 636 0
DWIDTH 7 0
BBX 5 8 1 0
BITMAP
C0
20
20
50
50
88
88
88
ENDCHAR
STARTCHAR uni03BC
ENCODING 956
SWIDTH 636 0
DWIDTH 7 0
BBX 5 8 1 -2
BITMAP
88
88
88
88
98
E8
80
80
ENDCHAR
STARTCHAR uni03BD
ENCODING 957
SWIDTH 636 0
DWIDTH 7 0
BBX 5 6 1 0
BITMAP
88
88
88
50
50
20
ENDCHAR
STARTCHAR uni03BE
ENCODING 958
SWIDTH 636 0
DWIDTH 7 0
BBX 5 10 1 -2
BITMAP
70
88
80
60
80
80
80
70
08
10
ENDCHAR
STARTCHAR uni03BF
ENCODING 959
SWIDTH 636 0
DWIDTH 7 0
BBX 5 6 1 0
BITMAP
70
88
88
88
88
70
ENDCHAR
STARTCHAR uni03C0
ENCODING 960
SWIDTH 636 0
DWIDTH 7 0
BBX 6 6 0 0
BITMAP
FC
48
48
48
48
44
ENDCHAR
STARTCHAR uni03C1
ENCODING 961
SWIDTH 636 0
DWIDTH 7 0
BBX 5 8 1 -2
BITMAP
70
88
88
88
C8
B0
80
80
ENDCHAR
STARTCHAR uni03C2
ENCODING 962
SWIDTH 636 0
DWIDTH 7 0
BBX 5 8 1 -2
BITMAP
70
88
80
80
80
70
08
10
ENDCHAR
STARTCHAR uni03C3
ENCODING 963
SWIDTH 636 0
DWIDTH 7 0
BBX 6 6 1 0
BITMAP
7C
88
88
88
88
70
ENDCHAR
STARTCHAR uni03C4
ENCODING 964
SWIDTH 636 0
DWIDTH 7 0
BBX 5 6 1 0
BITMAP
F8
20
20
20
20
10
ENDCHAR
STARTCHAR uni03C5
ENCODING 965
SWIDTH 636 0
DWIDTH 7 0
BBX 5 6 1 0
BITMAP
90
88
88
88
88
70
ENDCHAR
STARTCHAR uni03C6
ENCODING 966
SWIDTH 636 0
DWIDTH 7 0
BBX 5 8 1 -2
BITMAP
30
A8
A8
A8
A8
70
20
20
ENDCHAR
STARTCHAR uni03C7
ENCODING 967
SWIDTH 636 0
DWIDTH 7 0
BBX 5 8 1 -2
BITMAP
88
88
50
20
50
88
88
88
ENDCHAR
STARTCHAR uni03C8
ENCODING 968
SWIDTH 636 0
DWIDTH 7 0
BBX 5 8 1 -2
BITMAP
A8
A8
A8
A8
A8
70
20
20
ENDCHAR
STARTCHAR uni03C9
ENCODING 969
SWIDTH 636 0
DWIDTH 7 0
BBX 5 6 1 0
BITMAP
50
88
A8
A8
A8
50
ENDCHAR
STARTCHAR uni03CA
ENCODING 970
SWIDTH 636 0
DWIDTH 7 0
BBX 5 8 1 0
BITMAP
50
00
E0
20
20
20
20
18
ENDCHAR
STARTCHAR uni03CB
ENCODING 971
SWIDTH 636 0
DWIDTH 7 0
BBX 5 8 1 0
BITMAP
50
00
90
88
88
88
88
70
ENDCHAR
STARTCHAR uni03CC
ENCODING 972
SWIDTH 636 0
DWIDTH 7 0
BBX 5 9 1 0
BITMAP
10
20
00
70
88
88
88
88
70
ENDCHAR
STARTCHAR uni03CD
ENCODING 973
SWIDTH 636 0
DWIDTH 7 0
BBX 5 9 1 0
BITMAP
10
20
00
90
88
88
88
88
70
ENDCHAR
STARTCHAR uni03CE
ENCODING 974
SWIDTH 636 0
DWIDTH 7 0
BBX 5 9 1 0
BITMAP
10
20
00
50
88
A8
A8
A8
50
ENDCHAR
STARTCHAR uni0400
ENCODING 1024
SWIDTH 636 0
DWIDTH 7 0
BBX 5 11 1 0
BITMAP
40
20
00
F8
80
80
F0
80
80
80
F8
ENDCHAR
STARTCHAR uni0401
ENCODING 1025
SWIDTH 636 0
DWIDTH 7 0
BBX 5 10 1 0
BITMAP
50
00
F8
80
80
F0
80
80
80
F8
ENDCHAR
STARTCHAR uni0402
ENCODING 1026
SWIDTH 636 0
DWIDTH 7 0
BBX 6 8 0 0
BITMAP
F0
40
40
58
64
44
44
58
ENDCHAR
STARTCHAR uni0403
ENCODING 1027
SWIDTH 636 0
DWIDTH 7 0
BBX 5 11 1 0
BITMAP
10
20
00
F8
48
40
40
40
40
40
E0
ENDCHAR
STARTCHAR uni0404
ENCODING 1028
SWIDTH 636 0
DWIDTH 7 0
BBX 5 8 1 0
BITMAP
70
88
80
E0
80
80
88
70
ENDCHAR
STARTCHAR uni0405
ENCODING 1029
SWIDTH 636 0
DWIDTH 7 0
BBX 5 8 1 0
BITMAP
70
88
80
70
08
08
88
70
ENDCHAR
STARTCHAR uni0406
ENCODING 1030
SWIDTH 636 0
DWIDTH 7 0
BBX 5 8 1 0
BITMAP
F8
20
20
20
20
20
20
F8
ENDCHAR
STARTCHAR uni0407
ENCODING 1031
SWIDTH 636 0
DWIDTH 7 0
BBX 5 10 1 0
BITMAP
50
00
F8
20
20
20
20
20
20
F8
ENDCHAR
STARTCHAR uni0408
ENCODING 1032
SWIDTH 636 0
DWIDTH 7 0
BBX 5 8 1 0
BITMAP
38
08
08
08
08
08
88
70
ENDCHAR
STARTCHAR uni0409
ENCODING 1033
SWIDTH 636 0
DWIDTH 7 0
BBX 7 8 0 0
BITMAP
70
50
50
5C
52
92
92
9C
ENDCHAR
STARTCHAR uni040A
ENCODING 1034
SWIDTH 636 0
DWIDTH 7 0
BBX 7 8 0 0
BITMAP
90
90
90
FC
92
92
92
9C
ENDCHAR
STARTCHAR uni040B
ENCODING 1035
SWIDTH 636 0
DWIDTH 7 0
BBX 6 8 0 0
BITMAP
F0
40
40
58
64
44
44
44
ENDCHAR
STARTCHAR uni040C
ENCODING 1036
SWIDTH 636 0
DWIDTH 7 0
BBX 5 11 1 0
BITMAP
10
20
00
88
90
90
E0
90
90
88
88
ENDCHAR
STARTCHAR uni040D
ENCODING 1037
SWIDTH 636 0
DWIDTH 7 0
BBX 5 11 1 0
BITMAP
40
20
00
88
88
98
A8
C8
88
88
88
ENDCHAR
STARTCHAR uni040E
ENCODING 1038
SWIDTH 636 0
DWIDTH 7 0
BBX 5 11 1 0
BITMAP
88
70
00
88
88
88
50
50
20
20
C0
ENDCHAR
STARTCHAR uni040F
ENCODING 1039
SWIDTH 636 0
DWIDTH 7 0
BBX 5 10 1 -2
BITMAP
88
88
88
88
88
88
88
F8
20
20
ENDCHAR
STARTCHAR uni0410
ENCODING 1040
SWIDTH 636 0
DWIDTH 7 0
BBX 5 8 1 0
BITMAP
20
50
88
88
F8
88
88
88
ENDCHAR
STARTCHAR uni0411
ENCODING 1041
SWIDTH 636 0
DWIDTH 7 0
BBX 5 8 1 0
BITMAP
F0
80
80
F0
88
88
88
F0
ENDCHAR
STARTCHAR uni0412
ENCODING 1042
SWIDTH 636 0
DWIDTH 7 0
BBX 5 8 1 0
BITMAP
F0
88
88
F0
88
88
88
F0
ENDCHAR
STARTCHAR uni0413
ENCODING 1043
SWIDTH 636 0
DWIDTH 7 0
BBX 5 8 1 0
BITMAP
F8
48
40
40
40
40
40
E0
ENDCHAR
STARTCHAR uni0414
ENCODING 1044
SWIDTH 636 0
DWIDTH 7 0
BBX 7 10 0 -2
BITMAP
3C
24
24
24
24
44
44
FE
82
82
ENDCHAR
STARTCHAR uni0415
ENCODING 1045
SWIDTH 636 0
DWIDTH 7 0
BBX 5 8 1 0
BITMAP
F8
80
80
F0
80
80
80
F8
ENDCHAR
STARTCHAR uni0416
ENCODING 1046
SWIDTH 636 0
DWIDTH 7 0
BBX 7 8 0 0
BITMAP
92
54
54
38
54
54
54
92
ENDCHAR
STARTCHAR uni0417
ENCODING 1047
SWIDTH 636 0
DWIDTH 7 0
BBX 5 8 1 0
BITMAP
70
88
08
30
08
08
88
70
ENDCHAR
STARTCHAR uni0418
ENCODING 1048
SWIDTH 636 0
DWIDTH 7 0
BBX 5 8 1 0
BITMAP
88
88
98
A8
C8
88
88
88
ENDCHAR
STARTCHAR uni0419
ENCODING 1049
SWIDTH 636 0
DWIDTH 7 0
BBX 5 11 1 0
BITMAP
88
70
00
88
88
98
A8
C8
88
88
88
ENDCHAR
STARTCHAR uni041A
ENCODING 1050
SWIDTH 636 0
DWIDTH 7 0
BBX 5 8 1 0
BITMAP
88
90
90
E0
90
90
88
88
ENDCHAR
STARTCHAR uni041B
ENCODING 1051
SWIDTH 636 0
DWIDTH 7 0
BBX 5 8 1 0
BITMAP
78
48
48
48
48
88
88
88
ENDCHAR
STARTCHAR uni041C
ENCODING 1052
SWIDTH 636 0
DWIDTH 7 0
BBX 5 8 1 0
BITMAP
88
88
D8
A8
A8
88
88
88
ENDCHAR
STARTCHAR uni041D
ENCODING 1053
SWIDTH 636 0
DWIDTH 7 0
BBX 5 8 1 0
BITMAP
88
88
88
F8
88
88
88
88
ENDCHAR
STARTCHAR uni041E
ENCODING 1054
SWIDTH 636 0
DWIDTH 7 0
BBX 5 8 1 0
BITMAP
70
88
88
88
88
88
88
70
ENDCHAR
STARTCHAR uni041F
ENCODING 1055
SWIDTH 636 0
DWIDTH 7 0
BBX 5 8 1 0
BITMAP
F8
88
88
88
88
88
88
88
ENDCHAR
STARTCHAR uni0420
ENCODING 1056
SWIDTH 636 0
DWIDTH 7 0
BBX 5 8 1 0
BITMAP
F0
88
88
88
F0
80
80
80
ENDCHAR
STARTCHAR uni0421
ENCODING 1057
SWIDTH 636 0
DWIDTH 7 0
BBX 5 8 1 0
BITMAP
70
88
80
80
80
80
88
70
ENDCHAR
STARTCHAR uni0422
ENCODING 1058
SWIDTH 636 0
DWIDTH 7 0
BBX 5 8 1 0
BITMAP
F8
20
20
20
20
20
20
20
ENDCHAR
STARTCHAR uni0423
ENCODING 1059
SWIDTH 636 0
DWIDTH 7 0
BBX 5 8 1 0
BITMAP
88
88
88
50
50
20
20
C0
ENDCHAR
STARTCHAR uni0424
ENCODING 1060
SWIDTH 636 0
DWIDTH 7 0
BBX 5 8 1 0
BITMAP
20
70
A8
A8
A8
A8
70
20
ENDCHAR
STARTCHAR uni0425
ENCODING 1061
SWIDTH 636 0
DWIDTH 7 0
BBX 5 8 1 0
BITMAP
88
88
50
20
50
88
88
88
ENDCHAR
STARTCHAR uni0426
ENCODING 1062
SWIDTH 636 0
DWIDTH 7 0
BBX 6 10 1 -2
BITMAP
88
88
88
88
88
88
88
FC
04
04
ENDCHAR
STARTCHAR uni0427
ENCODING 1063
SWIDTH 636 0
DWIDTH 7 0
BBX 5 8 1 0
BITMAP
88
88
88
98
68
08
08
08
ENDCHAR
STARTCHAR uni0428
ENCODING 1064
SWIDTH 636 0
DWIDTH 7 0
BBX 5 8 1 0
BITMAP
A8
A8
A8
A8
A8
A8
A8
F8
ENDCHAR
STARTCHAR uni0429
ENCODING 1065
SWIDTH 636 0
DWIDTH 7 0
BBX 6 10 1 -2
BITMAP
A8
A8
A8
A8
A8
A8
A8
FC
04
04
ENDCHAR
STARTCHAR uni042A
ENCODING 1066
SWIDTH 636 0
DWIDTH 7 0
BBX 6 8 0 0
BITMAP
C0
40
40
78
44
44
44
78
ENDCHAR
STARTCHAR uni042B
ENCODING 1067
SWIDTH 636 0
DWIDTH 7 0
BBX 5 8 1 0
BITMAP
88
88
88
C8
A8
A8
A8
C8
ENDCHAR
STARTCHAR uni042C
ENCODING 1068
SWIDTH 636 0
DWIDTH 7 0
BBX 5 8 1 0
BITMAP
80
80
80
F0
88
88
88
F0
ENDCHAR
STARTCHAR uni042D
ENCODING 1069
SWIDTH 636 0
DWIDTH 7 0
BBX 5 8 1 0
BITMAP
70
88
08
38
08
08
88
70
ENDCHAR
STARTCHAR uni042E
ENCODING 1070
SWIDTH 636 0
DWIDTH 7 0
BBX 6 8 1 0
BITMAP
98
A4
A4
E4
A4
A4
A4
98
ENDCHAR
STARTCHAR uni042F
ENCODING 1071
SWIDTH 636 0
DWIDTH 7 0
BBX 5 8 1 0
BITMAP
78
88
88
88
78
48
88
88
ENDCHAR
STARTCHAR uni0430
ENCODING 1072
SWIDTH 636 0
DWIDTH 7 0
BBX 5 6 1 0
BITMAP
70
08
78
88
98
68
ENDCHAR
STARTCHAR uni0431
ENCODING 1073
SWIDTH 636 0
DWIDTH 7 0
BBX 5 8 1 0
BITMAP
08
70
80
F0
88
88
88
70
ENDCHAR
STARTCHAR uni0432
ENCODING 1074
SWIDTH 636 0
DWIDTH 7 0
BBX 5 6 1 0
BITMAP
F0
88
F0
88
88
F0
ENDCHAR
STARTCHAR uni0433
ENCODING 1075
SWIDTH 636 0
DWIDTH 7 0
BBX 5 6 1 0
BITMAP
F8
48
40
40
40
E0
ENDCHAR
STARTCHAR uni0434
ENCODING 1076
SWIDTH 636 0
DWIDTH 7 0
BBX 7 8 0 -2
BITMAP
3C
24
24
24
44
FE
82
82
ENDCHAR
STARTCHAR uni0435
ENCODING 1077
SWIDTH 636 0
DWIDTH 7 0
BBX 5 6 1 0
BITMAP
70
88
F8
80
88
70
ENDCHAR
STARTCHAR uni0436
ENCODING 1078
SWIDTH 636 0
DWIDTH 7 0
BBX 7 6 0 0
BITMAP
92
54
38
54
54
92
ENDCHAR
STARTCHAR uni0437
ENCODING 1079
SWIDTH 636 0
DWIDTH 7 0
BBX 5 6 1 0
BITMAP
70
88
30
08
88
70
ENDCHAR
STARTCHAR uni0438
ENCODING 1080
SWIDTH 636 0
DWIDTH 7 0
BBX 5 6 1 0
BITMAP
88
98
A8
C8
88
88
ENDCHAR
STARTCHAR uni0439
ENCODING 1081
SWIDTH 636 0
DWIDTH 7 0
BBX 5 9 1 0
BITMAP
88
70
00
88
98
A8
C8
88
88
ENDCHAR
STARTCHAR uni043A
ENCODING 1082
SWIDTH 636 0
DWIDTH 7 0
BBX 5 6 1 0
BITMAP
88
90
A0
E0
90
88
ENDCHAR
STARTCHAR uni043B
ENCODING 1083
SWIDTH 636 0
DWIDTH 7 0
BBX 5 6 1 0
BITMAP
78
48
48
48
88
88
ENDCHAR
STARTCHAR uni043C
ENCODING 1084
SWIDTH 636 0
DWIDTH 7 0
BBX 5 6 1 0
BITMAP
88
D8
A8
A8
88
88
ENDCHAR
STARTCHAR uni043D
ENCODING 1085
SWIDTH 636 0
DWIDTH 7 0
BBX 5 6 1 0
BITMAP
88
88
F8
88
88
88
ENDCHAR
STARTCHAR uni043E
ENCODING 1086
SWIDTH 636 0
DWIDTH 7 0
BBX 5 6 1 0
BITMAP
70
88
88
88
88
70
ENDCHAR
STARTCHAR uni043F
ENCODING 1087
SWIDTH 636 0
DWIDTH 7 0
BBX 5 6 1 0
BITMAP
F8
88
88
88
88
88
ENDCHAR
STARTCHAR uni0440
ENCODING 1088
SWIDTH 636 0
DWIDTH 7 0
BBX 5 8 1 -2
BITMAP
B0
C8
88
88
C8
B0
80
80
ENDCHAR
STARTCHAR uni0441
ENCODING 1089
SWIDTH 636 0
DWIDTH 7 0
BBX 5 6 1 0
BITMAP
70
88
80
80
88
70
ENDCHAR
STARTCHAR uni0442
ENCODING 1090
SWIDTH 636 0
DWIDTH 7 0
BBX 5 6 1 0
BITMAP
F8
20
20
20
20
20
ENDCHAR
STARTCHAR uni0443
ENCODING 1091
SWIDTH 636 0
DWIDTH 7 0
BBX 5 8 1 -2
BITMAP
88
88
88
50
50
20
20
C0
ENDCHAR
STARTCHAR uni0444
ENCODING 1092
SWIDTH 636 0
DWIDTH 7 0
BBX 5 10 1 -2
BITMAP
20
20
70
A8
A8
A8
A8
70
20
20
ENDCHAR
STARTCHAR uni0445
ENCODING 1093
SWIDTH 636 0
DWIDTH 7 0
BBX 5 6 1 0
BITMAP
88
50
20
50
88
88
ENDCHAR
STARTCHAR uni0446
ENCODING 1094
SWIDTH 636 0
DWIDTH 7 0
BBX 6 8 1 -2
BITMAP
88
88
88
88
88
FC
04
04
ENDCHAR
STARTCHAR uni0447
ENCODING 1095
SWIDTH 636 0
DWIDTH 7 0
BBX 5 6 1 0
BITMAP
88
88
98
68
08
08
ENDCHAR
STARTCHAR uni0448
ENCODING 1096
SWIDTH 636 0
DWIDTH 7 0
BBX 5 6 1 0
BITMAP
A8
A8
A8
A8
A8
F8
ENDCHAR
STARTCHAR uni0449
ENCODING 1097
SWIDTH 636 0
DWIDTH 7 0
BBX 6 8 1 -2
BITMAP
A8
A8
A8
A8
A8
FC
04
04
ENDCHAR
STARTCHAR uni044A
ENCODING 1098
SWIDTH 636 0
DWIDTH 7 0
BBX 6 6 0 0
BITMAP
C0
40
78
44
44
78
ENDCHAR
STARTCHAR uni044B
ENCODING 1099
SWIDTH 636 0
DWIDTH 7 0
BBX 5 6 1 0
BITMAP
88
88
C8
A8
A8
C8
ENDCHAR
STARTCHAR uni044C
ENCODING 1100
SWIDTH 636 0
DWIDTH 7 0
BBX 5 6 1 0
BITMAP
80
80
F0
88
88
F0
ENDCHAR
STARTCHAR uni044D
ENCODING 1101
SWIDTH 636 0
DWIDTH 7 0
BBX 5 6 1 0
BITMAP
70
88
38
08
88
70
ENDCHAR
STARTCHAR uni044E
ENCODING 1102
SWIDTH 636 0
DWIDTH 7 0
BBX 6 6 1 0
BITMAP
98
A4
E4
A4
A4
98
ENDCHAR
STARTCHAR uni044F
ENCODING 1103
SWIDTH 636 0
DWIDTH 7 0
BBX 5 6 1 0
BITMAP
78
88
88
78
48
88
ENDCHAR
STARTCHAR uni0450
ENCODING 1104
SWIDTH 636 0
DWIDTH 7 0
BBX 5 9 1 0
BITMAP
40
20
00
70
88
F8
80
88
70
ENDCHAR
STARTCHAR uni0451
ENCODING 1105
SWIDTH 636 0
DWIDTH 7 0
BBX 5 8 1 0
BITMAP
50
00
70
88
F8
80
88
70
ENDCHAR
STARTCHAR uni0452
ENCODING 1106
SWIDTH 636 0
DWIDTH 7 0
BBX 6 10 0 -2
BITMAP
40
F0
40
58
64
44
44
44
04
08
ENDCHAR
STARTCHAR uni0453
ENCODING 1107
SWIDTH 636 0
DWIDTH 7 0
BBX 5 9 1 0
BITMAP
10
20
00
F8
48
40
40
40
E0
ENDCHAR
STARTCHAR uni0454
ENCODING 1108
SWIDTH 636 0
DWIDTH 7 0
BBX 5 6 1 0
BITMAP
70
88
E0
80
88
70
ENDCHAR
STARTCHAR uni0455
ENCODING 1109
SWIDTH 636 0
DWIDTH 7 0
BBX 5 6 1 0
BITMAP
70
88
70
08
88
70
ENDCHAR
STARTCHAR uni0456
ENCODING 1110
SWIDTH 636 0
DWIDTH 7 0
BBX 5 8 1 0
BITMAP
20
00
E0
20
20
20
20
F8
ENDCHAR
STARTCHAR uni0457
ENCODING 1111
SWIDTH 636 0
DWIDTH 7 0
BBX 5 8 1 0
BITMAP
50
00
E0
20
20
20
20
F8
ENDCHAR
STARTCHAR uni0458
ENCODING 1112
SWIDTH 636 0
DWIDTH 7 0
BBX 4 10 1 -2
BITMAP
10
00
70
10
10
10
10
10
90
60
ENDCHAR
STARTCHAR uni0459
ENCODING 1113
SWIDTH 636 0
DWIDTH 7 0
BBX 7 6 0 0
BITMAP
70
50
5C
52
92
9C
ENDCHAR
STARTCHAR uni045A
ENCODING 1114
SWIDTH 636 0
DWIDTH 7 0
BBX 7 6 0 0
BITMAP
90
90
FC
92
92
9C
ENDCHAR
STARTCHAR uni045B
ENCODING 1115
SWIDTH 636 0
DWIDTH 7 0
BBX 6 8 0 0
BITMAP
40
F0
40
58
64
44
44
44
ENDCHAR
STARTCHAR uni045C
ENCODING 1116
SWIDTH 636 0
DWIDTH 7 0
BBX 5 9 1 0
BITMAP
10
20
00
88
90
A0
E0
90
88
ENDCHAR
STARTCHAR uni045D
ENCODING 1117
SWIDTH 636 0
DWIDTH 7 0
BBX 5 9 1 0
BITMAP
40
20
00
88
98
A8
C8
88
88
ENDCHAR
STARTCHAR uni045E
ENCODING 1118
SWIDTH 636 0
DWIDTH 7 0
BBX 5 11 1 -2
BITMAP
88
70
00
88
88
88
50
50
20
20
C0
ENDCHAR
STARTCHAR uni045F
ENCODING 1119
SWIDTH 636 0
DWIDTH 7 0
BBX 5 8 1 -2
BITMAP
88
88
88
88
88
F8
20
20
ENDCHAR
STARTCHAR uni0462
ENCODING 1122
SWIDTH 636 0
DWIDTH 7 0
BBX 6 8 0 0
BITMAP
40
F0
40
78
44
44
44
78
ENDCHAR
STARTCHAR uni0463
ENCODING 1123
SWIDTH 636 0
DWIDTH 7 0
BBX 6 8 0 0
BITMAP
40
40
F0
40
78
44
44
78
ENDCHAR
STARTCHAR uni0474
ENCODING 1140
SWIDTH 636 0
DWIDTH 7 0
BBX 6 8 1 0
BITMAP
84
88
88
88
88
50
50
20
ENDCHAR
STARTCHAR uni0475
ENCODING 1141
SWIDTH 636 0
DWIDTH 7 0
BBX 6 6 1 0
BITMAP
84
88
88
50
50
20
ENDCHAR
STARTCHAR uni048A
ENCODING 1162
SWIDTH 636 0
DWIDTH 7 0
BBX 6 13 1 -2
BITMAP
88
70
00
88
88
98
A8
C8
88
88
8C
04
08
ENDCHAR
STARTCHAR uni048B
ENCODING 1163
SWIDTH 636 0
DWIDTH 7 0
BBX 6 11 1 -2
BITMAP
88
70
00
88
98
A8
C8
88
8C
04
08
ENDCHAR
STARTCHAR uni048C
ENCODING 1164
SWIDTH 636 0
DWIDTH 7 0
BBX 6 8 0 0
BITMAP
40
F0
40
78
44
44
44
78
ENDCHAR
STARTCHAR uni048D
ENCODING 1165
SWIDTH 636 0
DWIDTH 7 0
BBX 6 8 0 0
BITMAP
40
40
F0
40
78
44
44
78
ENDCHAR
STARTCHAR uni048E
ENCODING 1166
SWIDTH 636 0
DWIDTH 7 0
BBX 5 8 1 0
BITMAP
F0
88
88
A8
F0
88
80
80
ENDCHAR
STARTCHAR uni048F
ENCODING 1167
SWIDTH 636 0
DWIDTH 7 0
BBX 6 8 1 -2
BITMAP
B0
C8
88
A8
D8
B8
84
80
ENDCHAR
STARTCHAR uni0490
ENCODING 1168
SWIDTH 636 0
DWIDTH 7 0
BBX 5 9 1 0
BITMAP
08
F8
48
40
40
40
40
40
E0
ENDCHAR
STARTCHAR uni0491
ENCODING 1169
SWIDTH 636 0
DWIDTH 7 0
BBX 5 7 1 0
BITMAP
08
F8
48
40
40
40
E0
ENDCHAR
STARTCHAR uni0492
ENCODING 1170
SWIDTH 636 0
DWIDTH 7 0
BBX 6 8 0 0
BITMAP
7C
40
40
F8
40
40
40
40
ENDCHAR
STARTCHAR uni0493
ENCODING 1171
SWIDTH 636 0
DWIDTH 7 0
BBX 6 6 0 0
BITMAP
7C
40
F8
40
40
40
ENDCHAR
STARTCHAR uni0494
ENCODING 1172
SWIDTH 636 0
DWIDTH 7 0
BBX 5 10 1 -2
BITMAP
F0
80
80
B0
C8
88
88
88
08
10
ENDCHAR
STARTCHAR uni0495
ENCODING 1173
SWIDTH 636 0
DWIDTH 7 0
BBX 5 8 1 -2
BITMAP
F0
80
B0
C8
88
88
08
10
ENDCHAR
STARTCHAR uni0496
ENCODING 1174
SWIDTH 636 0
DWIDTH 7 0
BBX 7 10 0 -2
BITMAP
92
54
54
38
54
54
54
92
02
02
ENDCHAR
STARTCHAR uni0497
ENCODING 1175
SWIDTH 636 0
DWIDTH 7 0
BBX 7 8 0 -2
BITMAP
92
54
38
54
54
92
02
02
ENDCHAR
STARTCHAR uni0498
ENCODING 1176
SWIDTH 636 0
DWIDTH 7 0
BBX 5 11 1 -3
BITMAP
70
88
08
30
08
08
88
70
20
10
20
ENDCHAR
STARTCHAR uni0499
ENCODING 1177
SWIDTH 636 0
DWIDTH 7 0
BBX 5 9 1 -3
BITMAP
70
88
30
08
88
70
20
10
20
ENDCHAR
STARTCHAR uni049A
ENCODING 1178
SWIDTH 636 0
DWIDTH 7 0
BBX 6 10 1 -2
BITMAP
88
90
90
E0
90
90
88
8C
04
04
ENDCHAR
STARTCHAR uni049B
ENCODING 1179
SWIDTH 636 0
DWIDTH 7 0
BBX 6 8 1 -2
BITMAP
88
90
A0
E0
90
8C
04
04
ENDCHAR
STARTCHAR uni049E
ENCODING 1182
SWIDTH 636 0
DWIDTH 7 0
BBX 6 8 0 0
BITMAP
44
E8
48
70
48
48
44
44
ENDCHAR
STARTCHAR uni049F
ENCODING 1183
SWIDTH 636 0
DWIDTH 7 0
BBX 6 8 0 0
BITMAP
40
E0
44
48
50
70
48
44
ENDCHAR
STARTCHAR uni04A0
ENCODING 1184
SWIDTH 636 0
DWIDTH 7 0
BBX 6 8 0 0
BITMAP
C4
48
48
70
48
48
44
44
ENDCHAR
STARTCHAR uni04A1
ENCODING 1185
SWIDTH 636 0
DWIDTH 7 0
BBX 6 6 0 0
BITMAP
C4
48
50
70
48
44
ENDCHAR
STARTCHAR uni04A2
ENCODING 1186
SWIDTH 636 0
DWIDTH 7 0
BBX 6 10 1 -2
BITMAP
88
88
88
F8
88
88
88
8C
04
04
ENDCHAR
STARTCHAR uni04A3
ENCODING 1187
SWIDTH 636 0
DWIDTH 7 0
BBX 6 8 1 -2
BITMAP
88
88
F8
88
88
8C
04
04
ENDCHAR
STARTCHAR uni04A4
ENCODING 1188
SWIDTH 636 0
DWIDTH 7 0
BBX 6 8 1 0
BITMAP
8C
88
88
F8
88
88
88
88
ENDCHAR
STARTCHAR uni04A5
ENCODING 1189
SWIDTH 636 0
DWIDTH 7 0
BBX 6 6 1 0
BITMAP
8C
88
F8
88
88
88
ENDCHAR
STARTCHAR uni04A6
ENCODING 1190
SWIDTH 636 0
DWIDTH 7 0
BBX 5 10 1 -2
BITMAP
E0
A0
A0
B0
A8
A8
A8
A8
08
10
ENDCHAR
STARTCHAR uni04A7
ENCODING 1191
SWIDTH 636 0
DWIDTH 7 0
BBX 5 8 1 -2
BITMAP
E0
A0
B0
A8
A8
A8
08
10
ENDCHAR
STARTCHAR uni04A8
ENCODING 1192
SWIDTH 636 0
DWIDTH 7 0
BBX 5 9 1 -1
BITMAP
20
40
90
A8
A8
A8
A8
90
68
ENDCHAR
STARTCHAR uni04A9
ENCODING 1193
SWIDTH 636 0
DWIDTH 7 0
BBX 5 7 1 -1
BITMAP
40
90
A8
A8
A8
90
68
ENDCHAR
STARTCHAR uni04AA
ENCODING 1194
SWIDTH 636 0
DWIDTH 7 0
BBX 5 11 1 -3
BITMAP
70
88
80
80
80
80
88
70
20
10
20
ENDCHAR
STARTCHAR uni04AB
ENCODING 1195
SWIDTH 636 0
DWIDTH 7 0
BBX 5 9 1 -3
BITMAP
70
88
80
80
88
70
20
10
20
ENDCHAR
STARTCHAR uni04AC
ENCODING 1196
SWIDTH 636 0
DWIDTH 7 0
BBX 5 10 1 -2
BITMAP
F8
20
20
20
20
20
20
30
10
10
ENDCHAR
STARTCHAR uni04AD
ENCODING 1197
SWIDTH 636 0
DWIDTH 7 0
BBX 5 8 1 -2
BITMAP
F8
20
20
20
20
30
10
10
ENDCHAR
STARTCHAR uni04AE
ENCODING 1198
SWIDTH 636 0
DWIDTH 7 0
BBX 5 8 1 0
BITMAP
88
88
88
50
20
20
20
20
ENDCHAR
STARTCHAR uni04AF
ENCODING 1199
SWIDTH 636 0
DWIDTH 7 0
BBX 5 8 1 -2
BITMAP
88
88
88
50
50
20
20
20
ENDCHAR
STARTCHAR uni04B0
ENCODING 1200
SWIDTH 636 0
DWIDTH 7 0
BBX 5 8 1 0
BITMAP
88
88
88
50
20
70
20
20
ENDCHAR
STARTCHAR uni04B1
ENCODING 1201
SWIDTH 636 0
DWIDTH 7 0
BBX 5 8 1 -2
BITMAP
88
88
88
50
50
20
70
20
ENDCHAR
STARTCHAR uni04B2
ENCODING 1202
SWIDTH 636 0
DWIDTH 7 0
BBX 6 10 1 -2
BITMAP
88
88
50
20
50
88
88
8C
04
04
ENDCHAR
STARTCHAR uni04B3
ENCODING 1203
SWIDTH 636 0
DWIDTH 7 0
BBX 6 8 1 -2
BITMAP
88
50
20
50
88
8C
04
04
ENDCHAR
STARTCHAR uni04B4
ENCODING 1204
SWIDTH 636 0
DWIDTH 7 0
BBX 7 10 0 -2
BITMAP
E4
44
44
44
44
44
44
7E
02
02
ENDCHAR
STARTCHAR uni04B5
ENCODING 1205
SWIDTH 636 0
DWIDTH 7 0
BBX 7 8 0 -2
BITMAP
E4
44
44
44
44
7E
02
02
ENDCHAR
STARTCHAR uni04B6
ENCODING 1206
SWIDTH 636 0
DWIDTH 7 0
BBX 6 10 1 -2
BITMAP
88
88
88
98
68
08
08
0C
04
04
ENDCHAR
STARTCHAR uni04B7
ENCODING 1207
SWIDTH 636 0
DWIDTH 7 0
BBX 6 8 1 -2
BITMAP
88
88
98
68
08
0C
04
04
ENDCHAR
STARTCHAR uni04BA
ENCODING 1210
SWIDTH 636 0
DWIDTH 7 0
BBX 5 8 1 0
BITMAP
80
80
80
B0
C8
88
88
88
ENDCHAR
STARTCHAR uni04BB
ENCODING 1211
SWIDTH 636 0
DWIDTH 7 0
BBX 5 8 1 0
BITMAP
80
80
B0
C8
88
88
88
88
ENDCHAR
STARTCHAR uni04BC
ENCODING 1212
SWIDTH 636 0
DWIDTH 7 0
BBX 6 8 0 0
BITMAP
38
44
44
FC
40
40
44
38
ENDCHAR
STARTCHAR uni04BD
ENCODING 1213
SWIDTH 636 0
DWIDTH 7 0
BBX 6 6 0 0
BITMAP
38
44
FC
40
44
38
ENDCHAR
STARTCHAR uni04BE
ENCODING 1214
SWIDTH 636 0
DWIDTH 7 0
BBX 6 10 0 -2
BITMAP
38
44
44
FC
40
40
44
38
10
10
ENDCHAR
STARTCHAR uni04BF
ENCODING 1215
SWIDTH 636 0
DWIDTH 7 0
BBX 6 8 0 -2
BITMAP
38
44
FC
40
44
38
10
10
ENDCHAR
STARTCHAR uni04C0
ENCODING 1216
SWIDTH 636 0
DWIDTH 7 0
BBX 5 8 1 0
BITMAP
F8
20
20
20
20
20
20
F8
ENDCHAR
STARTCHAR uni04C1
ENCODING 1217
SWIDTH 636 0
DWIDTH 7 0
BBX 7 11 0 0
BITMAP
44
38
00
92
54
54
38
54
54
54
92
ENDCHAR
STARTCHAR uni04C2
ENCODING 1218
SWIDTH 636 0
DWIDTH 7 0
BBX 7 9 0 0
BITMAP
44
38
00
92
54
38
54
54
92
ENDCHAR
STARTCHAR uni04C3
ENCODING 1219
SWIDTH 636 0
DWIDTH 7 0
BBX 5 10 1 -2
BITMAP
88
90
90
E0
90
88
88
88
08
10
ENDCHAR
STARTCHAR uni04C4
ENCODING 1220
SWIDTH 636 0
DWIDTH 7 0
BBX 5 8 1 -2
BITMAP
88
90
A0
E0
90
88
08
10
ENDCHAR
STARTCHAR uni04C5
ENCODING 1221
SWIDTH 636 0
DWIDTH 7 0
BBX 6 10 1 -2
BITMAP
78
48
48
48
48
88
88
8C
04
08
ENDCHAR
STARTCHAR uni04C6
ENCODING 1222
SWIDTH 636 0
DWIDTH 7 0
BBX 6 8 1 -2
BITMAP
78
48
48
48
88
8C
04
08
ENDCHAR
STARTCHAR uni04C7
ENCODING 1223
SWIDTH 636 0
DWIDTH 7 0
BBX 5 10 1 -2
BITMAP
88
88
88
F8
88
88
88
88
08
10
ENDCHAR
STARTCHAR uni04C8
ENCODING 1224
SWIDTH 636 0
DWIDTH 7 0
BBX 5 8 1 -2
BITMAP
88
88
F8
88
88
88
08
10
ENDCHAR
STARTCHAR uni04C9
ENCODING 1225
SWIDTH 636 0
DWIDTH 7 0
BBX 6 10 1 -2
BITMAP
88
88
88
F8
88
88
88
8C
04
08
ENDCHAR
STARTCHAR uni04CA
ENCODING 1226
SWIDTH 636 0
DWIDTH 7 0
BBX 6 8 1 -2
BITMAP
88
88
F8
88
88
8C
04
08
ENDCHAR
STARTCHAR uni04CB
ENCODING 1227
SWIDTH 636 0
DWIDTH 7 0
BBX 5 10 1 -2
BITMAP
88
88
88
98
68
08
08
18
10
10
ENDCHAR
STARTCHAR uni04CC
ENCODING 1228
SWIDTH 636 0
DWIDTH 7 0
BBX 5 8 1 -2
BITMAP
88
88
98
68
08
18
10
10
ENDCHAR
STARTCHAR uni04CD
ENCODING 1229
SWIDTH 636 0
DWIDTH 7 0
BBX 6 10 1 -2
BITMAP
88
88
D8
A8
A8
88
88
8C
04
08
ENDCHAR
STARTCHAR uni04CE
ENCODING 1230
SWIDTH 636 0
DWIDTH 7 0
BBX 6 8 1 -2
BITMAP
88
D8
A8
A8
88
8C
04
08
ENDCHAR
STARTCHAR uni04CF
ENCODING 1231
SWIDTH 636 0
DWIDTH 7 0
BBX 5 8 1 0
BITMAP
F8
20
20
20
20
20
20
F8
ENDCHAR
STARTCHAR uni04D0
ENCODING 1232
SWIDTH 636 0
DWIDTH 7 0
BBX 5 11 1 0
BITMAP
88
70
00
20
50
88
88
F8
88
88
88
ENDCHAR
STARTCHAR uni04D1
ENCODING 1233
SWIDTH 636 0
DWIDTH 7 0
BBX 5 9 1 0
BITMAP
88
70
00
70
08
78
88
98
68
ENDCHAR
STARTCHAR uni04D2
ENCODING 1234
SWIDTH 636 0
DWIDTH 7 0
BBX 5 10 1 0
BITMAP
50
00
20
50
88
88
F8
88
88
88
ENDCHAR
STARTCHAR uni04D3
ENCODING 1235
SWIDTH 636 0
DWIDTH 7 0
BBX 5 8 1 0
BITMAP
50
00
70
08
78
88
98
68
ENDCHAR
STARTCHAR uni04D4
ENCODING 1236
SWIDTH 636 0
DWIDTH 7 0
BBX 7 8 0 0
BITMAP
3E
50
90
9C
F0
90
90
9E
ENDCHAR
STARTCHAR uni04D5
ENCODING 1237
SWIDTH 636 0
DWIDTH 7 0
BBX 7 6 0 0
BITMAP
6C
12
7E
90
92
6C
ENDCHAR
STARTCHAR uni04D6
ENCODING 1238
SWIDTH 636 0
DWIDTH 7 0
BBX 5 11 1 0
BITMAP
88
70
00
F8
80
80
F0
80
80
80
F8
ENDCHAR
STARTCHAR uni04D7
ENCODING 1239
SWIDTH 636 0
DWIDTH 7 0
BBX 5 9 1 0
BITMAP
88
70
00
70
88
F8
80
88
70
ENDCHAR
STARTCHAR uni04DC
ENCODING 1244
SWIDTH 636 0
DWIDTH 7 0
BBX 7 10 0 0
BITMAP
28
00
92
54
54
38
54
54
54
92
ENDCHAR
STARTCHAR uni04DD
ENCODING 1245
SWIDTH 636 0
DWIDTH 7 0
BBX 7 8 0 0
BITMAP
28
00
92
54
38
54
54
92
ENDCHAR
STARTCHAR uni04DE
ENCODING 1246
SWIDTH 636 0
DWIDTH 7 0
BBX 5 10 1 0
BITMAP
50
00
70
88
08
30
08
08
88
70
ENDCHAR
STARTCHAR uni04DF
ENCODING 1247
SWIDTH 636 0
DWIDTH 7 0
BBX 5 8 1 0
BITMAP
50
00
70
88
30
08
88
70
ENDCHAR
STARTCHAR uni04E0
ENCODING 1248
SWIDTH 636 0
DWIDTH 7 0
BBX 5 8 1 0
BITMAP
F8
10
20
10
08
08
88
70
ENDCHAR
STARTCHAR uni04E1
ENCODING 1249
SWIDTH 636 0
DWIDTH 7 0
BBX 5 8 1 -2
BITMAP
F8
10
20
10
08
08
88
70
ENDCHAR
STARTCHAR uni04E2
ENCODING 1250
SWIDTH 636 0
DWIDTH 7 0
BBX 5 10 1 0
BITMAP
70
00
88
88
98
A8
C8
88
88
88
ENDCHAR
STARTCHAR uni04E3
ENCODING 1251
SWIDTH 636 0
DWIDTH 7 0
BBX 5 8 1 0
BITMAP
70
00
88
98
A8
C8
88
88
ENDCHAR
STARTCHAR uni04E4
ENCODING 1252
SWIDTH 636 0
DWIDTH 7 0
BBX 5 10 1 0
BITMAP
50
00
88
88
98
A8
C8
88
88
88
ENDCHAR
STARTCHAR uni04E5
ENCODING 1253
SWIDTH 636 0
DWIDTH 7 0
BBX 5 8 1 0
BITMAP
50
00
88
98
A8
C8
88
88
ENDCHAR
STARTCHAR uni04E6
ENCODING 1254
SWIDTH 636 0
DWIDTH 7 0
BBX 5 10 1 0
BITMAP
50
00
70
88
88
88
88
88
88
70
ENDCHAR
STARTCHAR uni04E7
ENCODING 1255
SWIDTH 636 0
DWIDTH 7 0
BBX 5 8 1 0
BITMAP
50
00
70
88
88
88
88
70
ENDCHAR
STARTCHAR uni04E8
ENCODING 1256
SWIDTH 636 0
DWIDTH 7 0
BBX 5 8 1 0
BITMAP
70
88
88
F8
88
88
88
70
ENDCHAR
STARTCHAR uni04E9
ENCODING 1257
SWIDTH 636 0
DWIDTH 7 0
BBX 5 6 1 0
BITMAP
70
88
F8
88
88
70
ENDCHAR
STARTCHAR uni04EA
ENCODING 1258
SWIDTH 636 0
DWIDTH 7 0
BBX 5 10 1 0
BITMAP
50
00
70
88
88
F8
88
88
88
70
ENDCHAR
STARTCHAR uni04EB
ENCODING 1259
SWIDTH 636 0
DWIDTH 7 0
BBX 5 8 1 0
BITMAP
50
00
70
88
F8
88
88
70
ENDCHAR
STARTCHAR uni04EC
ENCODING 1260
SWIDTH 636 0
DWIDTH 7 0
BBX 5 10 1 0
BITMAP
50
00
70
88
08
38
08
08
88
70
ENDCHAR
STARTCHAR uni04ED
ENCODING 1261
SWIDTH 636 0
DWIDTH 7 0
BBX 5 8 1 0
BITMAP
50
00
70
88
38
08
88
70
ENDCHAR
STARTCHAR uni04EE
ENCODING 1262
SWIDTH 636 0
DWIDTH 7 0
BBX 5 10 1 0
BITMAP
70
00
88
88
88
50
50
20
20
C0
ENDCHAR
STARTCHAR uni04EF
ENCODING 1263
SWIDTH 636 0
DWIDTH 7 0
BBX 5 10 1 -2
BITMAP
70
00
88
88
88
50
50
20
20
C0
ENDCHAR
STARTCHAR uni04F0
ENCODING 1264
SWIDTH 636 0
DWIDTH 7 0
BBX 5 10 1 0
BITMAP
50
00
88
88
88
50
50
20
20
C0
ENDCHAR
STARTCHAR uni04F1
ENCODING 1265
SWIDTH 636 0
DWIDTH 7 0
BBX 5 10 1 -2
BITMAP
50
00
88
88
88
50
50
20
20
C0
ENDCHAR
STARTCHAR uni04F2
ENCODING 1266
SWIDTH 636 0
DWIDTH 7 0
BBX 5 11 1 0
BITMAP
50
50
00
88
88
88
50
50
20
20
C0
ENDCHAR
STARTCHAR uni04F3
ENCODING 1267
SWIDTH 636 0
DWIDTH 7 0
BBX 5 11 1 -2
BITMAP
50
50
00
88
88
88
50
50
20
20
C0
ENDCHAR
STARTCHAR uni04F4
ENCODING 1268
SWIDTH 636 0
DWIDTH 7 0
BBX 5 10 1 0
BITMAP
50
00
88
88
88
98
68
08
08
08
ENDCHAR
STARTCHAR uni04F5
ENCODING 1269
SWIDTH 636 0
DWIDTH 7 0
BBX 5 8 1 0
BITMAP
50
00
88
88
98
68
08
08
ENDCHAR
STARTCHAR uni04F6
ENCODING 1270
SWIDTH 636 0
DWIDTH 7 0
BBX 5 10 1 -2
BITMAP
F8
48
40
40
40
40
40
E0
20
20
ENDCHAR
STARTCHAR uni04F7
ENCODING 1271
SWIDTH 636 0
DWIDTH 7 0
BBX 5 8 1 -2
BITMAP
F8
48
40
40
40
E0
20
20
ENDCHAR
STARTCHAR uni04F8
ENCODING 1272
SWIDTH 636 0
DWIDTH 7 0
BBX 5 10 1 0
BITMAP
50
00
88
88
88
C8
A8
A8
A8
C8
ENDCHAR
STARTCHAR uni04F9
ENCODING 1273
SWIDTH 636 0
DWIDTH 7 0
BBX 5 8 1 0
BITMAP
50
00
88
88
C8
A8
A8
C8
ENDCHAR
STARTCHAR uni04FC
ENCODING 1276
SWIDTH 636 0
DWIDTH 7 0
BBX 5 10 1 -2
BITMAP
88
88
50
20
50
88
88
88
08
10
ENDCHAR
STARTCHAR uni04FD
ENCODING 1277
SWIDTH 636 0
DWIDTH 7 0
BBX 5 8 1 -2
BITMAP
88
50
20
50
88
88
08
10
ENDCHAR
STARTCHAR uni0510
ENCODING 1296
SWIDTH 636 0
DWIDTH 7 0
BBX 5 8 1 0
BITMAP
70
88
80
60
80
80
88
70
ENDCHAR
STARTCHAR uni0511
ENCODING 1297
SWIDTH 636 0
DWIDTH 7 0
BBX 5 6 1 0
BITMAP
70
88
60
80
88
70
ENDCHAR
STARTCHAR uni0512
ENCODING 1298
SWIDTH 636 0
DWIDTH 7 0
BBX 5 10 1 -2
BITMAP
78
48
48
48
48
88
88
88
08
10
ENDCHAR
STARTCHAR uni0513
ENCODING 1299
SWIDTH 636 0
DWIDTH 7 0
BBX 5 8 1 -2
BITMAP
78
48
48
48
88
88
08
10
ENDCHAR
STARTCHAR uni051C
ENCODING 1308
SWIDTH 636 0
DWIDTH 7 0
BBX 5 8 1 0
BITMAP
88
88
88
A8
A8
50
50
50
ENDCHAR
STARTCHAR uni051D
ENCODING 1309
SWIDTH 636 0
DWIDTH 7 0
BBX 5 6 1 0
BITMAP
A8
A8
A8
A8
A8
58
ENDCHAR
STARTCHAR uni0524
ENCODING 1316
SWIDTH 636 0
DWIDTH 7 0
BBX 6 10 1 -2
BITMAP
F8
88
88
88
88
88
88
8C
04
04
ENDCHAR
STARTCHAR uni0525
ENCODING 1317
SWIDTH 636 0
DWIDTH 7 0
BBX 6 8 1 -2
BITMAP
F8
88
88
88
88
8C
04
04
ENDCHAR
STARTCHAR uni0526
ENCODING 1318
SWIDTH 636 0
DWIDTH 7 0
BBX 6 10 1 -2
BITMAP
80
80
80
B0
C8
88
88
8C
04
04
ENDCHAR
STARTCHAR uni0527
ENCODING 1319
SWIDTH 636 0
DWIDTH 7 0
BBX 6 10 1 -2
BITMAP
80
80
B0
C8
88
88
88
8C
04
04
ENDCHAR
STARTCHAR uni0E3F
ENCODING 3647
SWIDTH 636 0
DWIDTH 7 0
BBX 5 10 1 -1
BITMAP
20
F0
A8
A8
F0
A8
A8
A8
F0
20
ENDCHAR
STARTCHAR uni1E02
ENCODING 7682
SWIDTH 636 0
DWIDTH 7 0
BBX 5 10 1 0
BITMAP
20
00
F0
88
88
F0
88
88
88
F0
ENDCHAR
STARTCHAR uni1E03
ENCODING 7683
SWIDTH 636 0
DWIDTH 7 0
BBX 5 8 1 0
BITMAP
A0
80
B0
C8
88
88
C8
B0
ENDCHAR
STARTCHAR uni1E0A
ENCODING 7690
SWIDTH 636 0
DWIDTH 7 0
BBX 5 10 1 0
BITMAP
20
00
F0
88
88
88
88
88
88
F0
ENDCHAR
STARTCHAR uni1E0B
ENCODING 7691
SWIDTH 636 0
DWIDTH 7 0
BBX 5 8 1 0
BITMAP
28
08
68
98
88
88
98
68
ENDCHAR
STARTCHAR uni1E0C
ENCODING 7692
SWIDTH 636 0
DWIDTH 7 0
BBX 5 10 1 -2
BITMAP
F0
88
88
88
88
88
88
F0
00
20
ENDCHAR
STARTCHAR uni1E0D
ENCODING 7693
SWIDTH 636 0
DWIDTH 7 0
BBX 5 10 1 -2
BITMAP
08
08
68
98
88
88
98
68
00
20
ENDCHAR
STARTCHAR uni1E10
ENCODING 7696
SWIDTH 636 0
DWIDTH 7 0
BBX 5 11 1 -3
BITMAP
F0
88
88
88
88
88
88
F0
20
10
20
ENDCHAR
STARTCHAR uni1E11
ENCODING 7697
SWIDTH 636 0
DWIDTH 7 0
BBX 5 11 1 -3
BITMAP
08
08
68
98
88
88
98
68
20
10
20
ENDCHAR
STARTCHAR uni1E1E
ENCODING 7710
SWIDTH 636 0
DWIDTH 7 0
BBX 5 10 1 0
BITMAP
20
00
F8
80
80
F0
80
80
80
80
ENDCHAR
STARTCHAR uni1E1F
ENCODING 7711
SWIDTH 636 0
DWIDTH 7 0
BBX 5 10 1 0
BITMAP
20
00
38
40
F8
40
40
40
40
F0
ENDCHAR
STARTCHAR uni1E20
ENCODING 7712
SWIDTH 636 0
DWIDTH 7 0
BBX 5 10 1 0
BITMAP
70
00
70
88
80
80
98
88
88
70
ENDCHAR
STARTCHAR uni1E21
ENCODING 7713
SWIDTH 636 0
DWIDTH 7 0
BBX 5 10 1 -2
BITMAP
70
00
68
98
88
88
98
68
08
70
ENDCHAR
STARTCHAR uni1E24
ENCODING 7716
SWIDTH 636 0
DWIDTH 7 0
BBX 5 10 1 -2
BITMAP
88
88
88
F8
88
88
88
88
00
20
ENDCHAR
STARTCHAR uni1E25
ENCODING 7717
SWIDTH 636 0
DWIDTH 7 0
BBX 5 10 1 -2
BITMAP
80
80
B0
C8
88
88
88
88
00
20
ENDCHAR
STARTCHAR uni1E2A
ENCODING 7722
SWIDTH 636 0
DWIDTH 7 0
BBX 5 11 1 -3
BITMAP
88
88
88
F8
88
88
88
88
00
88
70
ENDCHAR
STARTCHAR uni1E2B
ENCODING 7723
SWIDTH 636 0
DWIDTH 7 0
BBX 5 11 1 -3
BITMAP
80
80
B0
C8
88
88
88
88
00
88
70
ENDCHAR
STARTCHAR uni1E32
ENCODING 7730
SWIDTH 636 0
DWIDTH 7 0
BBX 5 10 1 -2
BITMAP
88
90
A0
E0
90
90
88
88
00
20
ENDCHAR
STARTCHAR uni1E33
ENCODING 7731
SWIDTH 636 0
DWIDTH 7 0
BBX 5 10 1 -2
BITMAP
80
80
88
90
A0
E0
90
88
00
20
ENDCHAR
STARTCHAR uni1E36
ENCODING 7734
SWIDTH 636 0
DWIDTH 7 0
BBX 5 10 1 -2
BITMAP
80
80
80
80
80
80
80
F8
00
20
ENDCHAR
STARTCHAR uni1E37
ENCODING 7735
SWIDTH 636 0
DWIDTH 7 0
BBX 5 10 1 -2
BITMAP
E0
20
20
20
20
20
20
F8
00
20
ENDCHAR
STARTCHAR uni1E3E
ENCODING 7742
SWIDTH 636 0
DWIDTH 7 0
BBX 5 11 1 0
BITMAP
10
20
00
88
88
D8
A8
A8
88
88
88
ENDCHAR
STARTCHAR uni1E3F
ENCODING 7743
SWIDTH 636 0
DWIDTH 7 0
BBX 5 9 1 0
BITMAP
10
20
00
D0
A8
A8
A8
A8
A8
ENDCHAR
STARTCHAR uni1E40
ENCODING 7744
SWIDTH 636 0
DWIDTH 7 0
BBX 5 10 1 0
BITMAP
20
00
88
88
D8
A8
A8
88
88
88
ENDCHAR
STARTCHAR uni1E41
ENCODING 7745
SWIDTH 636 0
DWIDTH 7 0
BBX 5 8 1 0
BITMAP
20
00
D0
A8
A8
A8
A8
A8
ENDCHAR
STARTCHAR uni1E44
ENCODING 7748
SWIDTH 636 0
DWIDTH 7 0
BBX 5 10 1 0
BITMAP
20
00
88
88
C8
A8
98
88
88
88
ENDCHAR
STARTCHAR uni1E45
ENCODING 7749
SWIDTH 636 0
DWIDTH 7 0
BBX 5 8 1 0
BITMAP
20
00
B0
C8
88
88
88
88
ENDCHAR
STARTCHAR uni1E56
ENCODING 7766
SWIDTH 636 0
DWIDTH 7 0
BBX 5 10 1 0
BITMAP
20
00
F0
88
88
88
F0
80
80
80
ENDCHAR
STARTCHAR uni1E57
ENCODING 7767
SWIDTH 636 0
DWIDTH 7 0
BBX 5 10 1 -2
BITMAP
20
00
B0
C8
88
88
C8
B0
80
80
ENDCHAR
STARTCHAR uni1E5A
ENCODING 7770
SWIDTH 636 0
DWIDTH 7 0
BBX 5 10 1 -2
BITMAP
F0
88
88
88
F0
90
88
88
00
20
ENDCHAR
STARTCHAR uni1E5B
ENCODING 7771
SWIDTH 636 0
DWIDTH 7 0
BBX 5 8 1 -2
BITMAP
D8
60
40
40
40
F0
00
40
ENDCHAR
STARTCHAR uni1E60
ENCODING 7776
SWIDTH 636 0
DWIDTH 7 0
BBX 5 10 1 0
BITMAP
20
00
70
88
80
70
08
08
88
70
ENDCHAR
STARTCHAR uni1E61
ENCODING 7777
SWIDTH 636 0
DWIDTH 7 0
BBX 5 8 1 0
BITMAP
20
00
70
88
70
08
88
70
ENDCHAR
STARTCHAR uni1E62
ENCODING 7778
SWIDTH 636 0
DWIDTH 7 0
BBX 5 10 1 -2
BITMAP
70
88
80
70
08
08
88
70
00
20
ENDCHAR
STARTCHAR uni1E63
ENCODING 7779
SWIDTH 636 0
DWIDTH 7 0
BBX 5 8 1 -2
BITMAP
70
88
70
08
88
70
00
20
ENDCHAR
STARTCHAR uni1E6A
ENCODING 7786
SWIDTH 636 0
DWIDTH 7 0
BBX 5 10 1 0
BITMAP
20
00
F8
20
20
20
20
20
20
20
ENDCHAR
STARTCHAR uni1E6B
ENCODING 7787
SWIDTH 636 0
DWIDTH 7 0
BBX 5 10 1 0
BITMAP
40
00
40
40
F8
40
40
40
48
30
ENDCHAR
STARTCHAR uni1E6C
ENCODING 7788
SWIDTH 636 0
DWIDTH 7 0
BBX 5 10 1 -2
BITMAP
F8
20
20
20
20
20
20
20
00
20
ENDCHAR
STARTCHAR uni1E6D
ENCODING 7789
SWIDTH 636 0
DWIDTH 7 0
BBX 5 10 1 -2
BITMAP
40
40
F8
40
40
40
48
30
00
20
ENDCHAR
STARTCHAR uni1E7C
ENCODING 7804
SWIDTH 636 0
DWIDTH 7 0
BBX 5 11 1 0
BITMAP
28
50
00
88
88
88
88
88
50
50
20
ENDCHAR
STARTCHAR uni1E7D
ENCODING 7805
SWIDTH 636 0
DWIDTH 7 0
BBX 5 9 1 0
BITMAP
28
50
00
88
88
88
50
50
20
ENDCHAR
STARTCHAR uni1E80
ENCODING 7808
SWIDTH 636 0
DWIDTH 7 0
BBX 5 11 1 0
BITMAP
40
20
00
88
88
88
A8
A8
50
50
50
ENDCHAR
STARTCHAR uni1E81
ENCODING 7809
SWIDTH 636 0
DWIDTH 7 0
BBX 5 9 1 0
BITMAP
40
20
00
A8
A8
A8
A8
A8
58
ENDCHAR
STARTCHAR uni1E82
ENCODING 7810
SWIDTH 636 0
DWIDTH 7 0
BBX 5 11 1 0
BITMAP
10
20
00
88
88
88
A8
A8
50
50
50
ENDCHAR
STARTCHAR uni1E83
ENCODING 7811
SWIDTH 636 0
DWIDTH 7 0
BBX 5 9 1 0
BITMAP
10
20
00
A8
A8
A8
A8
A8
58
ENDCHAR
STARTCHAR uni1E84
ENCODING 7812
SWIDTH 636 0
DWIDTH 7 0
BBX 5 10 1 0
BITMAP
50
00
88
88
88
A8
A8
50
50
50
ENDCHAR
STARTCHAR uni1E85
ENCODING 7813
SWIDTH 636 0
DWIDTH 7 0
BBX 5 8 1 0
BITMAP
50
00
A8
A8
A8
A8
A8
58
ENDCHAR
STARTCHAR uni1E8E
ENCODING 7822
SWIDTH 636 0
DWIDTH 7 0
BBX 5 10 1 0
BITMAP
20
00
88
88
88
50
20
20
20
20
ENDCHAR
STARTCHAR uni1E8F
ENCODING 7823
SWIDTH 636 0
DWIDTH 7 0
BBX 5 10 1 -2
BITMAP
20
00
88
88
88
50
50
20
20
C0
ENDCHAR
STARTCHAR uni1E92
ENCODING 7826
SWIDTH 636 0
DWIDTH 7 0
BBX 5 10 1 -2
BITMAP
F8
08
10
20
40
80
80
F8
00
20
ENDCHAR
STARTCHAR uni1E93
ENCODING 7827
SWIDTH 636 0
DWIDTH 7 0
BBX 5 8 1 -2
BITMAP
F8
10
20
40
80
F8
00
20
ENDCHAR
STARTCHAR uni1E9B
ENCODING 7835
SWIDTH 636 0
DWIDTH 7 0
BBX 5 8 1 0
BITMAP
38
20
20
20
20
20
20
F8
ENDCHAR
STARTCHAR uni1E9E
ENCODING 7838
SWIDTH 636 0
DWIDTH 7 0
BBX 6 8 0 0
BITMAP
3C
48
48
48
44
44
44
D8
ENDCHAR
STARTCHAR uni1EA0
ENCODING 7840
SWIDTH 636 0
DWIDTH 7 0
BBX 5 10 1 -2
BITMAP
20
50
88
88
F8
88
88
88
00
20
ENDCHAR
STARTCHAR uni1EA1
ENCODING 7841
SWIDTH 636 0
DWIDTH 7 0
BBX 5 8 1 -2
BITMAP
70
08
78
88
98
68
00
20
ENDCHAR
STARTCHAR uni1EB8
ENCODING 7864
SWIDTH 636 0
DWIDTH 7 0
BBX 5 10 1 -2
BITMAP
F8
80
80
F0
80
80
80
F8
00
20
ENDCHAR
STARTCHAR uni1EB9
ENCODING 7865
SWIDTH 636 0
DWIDTH 7 0
BBX 5 8 1 -2
BITMAP
70
88
F8
80
88
70
00
20
ENDCHAR
STARTCHAR uni1EBC
ENCODING 7868
SWIDTH 636 0
DWIDTH 7 0
BBX 5 11 1 0
BITMAP
28
50
00
F8
80
80
F0
80
80
80
F8
ENDCHAR
STARTCHAR uni1EBD
ENCODING 7869
SWIDTH 636 0
DWIDTH 7 0
BBX 5 9 1 0
BITMAP
28
50
00
70
88
F8
80
88
70
ENDCHAR
STARTCHAR uni1ECA
ENCODING 7882
SWIDTH 636 0
DWIDTH 7 0
BBX 5 10 1 -2
BITMAP
F8
20
20
20
20
20
20
F8
00
20
ENDCHAR
STARTCHAR uni1ECB
ENCODING 7883
SWIDTH 636 0
DWIDTH 7 0
BBX 5 10 1 -2
BITMAP
20
00
E0
20
20
20
20
F8
00
20
ENDCHAR
STARTCHAR uni1ECC
ENCODING 7884
SWIDTH 636 0
DWIDTH 7 0
BBX 5 10 1 -2
BITMAP
70
88
88
88
88
88
88
70
00
20
ENDCHAR
STARTCHAR uni1ECD
ENCODING 7885
SWIDTH 636 0
DWIDTH 7 0
BBX 5 8 1 -2
BITMAP
70
88
88
88
88
70
00
20
ENDCHAR
STARTCHAR uni1EE4
ENCODING 7908
SWIDTH 636 0
DWIDTH 7 0
BBX 5 10 1 -2
BITMAP
88
88
88
88
88
88
88
70
00
20
ENDCHAR
STARTCHAR uni1EE5
ENCODING 7909
SWIDTH 636 0
DWIDTH 7 0
BBX 5 8 1 -2
BITMAP
88
88
88
88
98
68
00
20
ENDCHAR
STARTCHAR uni1EF2
ENCODING 7922
SWIDTH 636 0
DWIDTH 7 0
BBX 5 11 1 0
BITMAP
40
20
00
88
88
88
50
20
20
20
20
ENDCHAR
STARTCHAR uni1EF3
ENCODING 7923
SWIDTH 636 0
DWIDTH 7 0
BBX 5 11 1 -2
BITMAP
40
20
00
88
88
88
50
50
20
20
C0
ENDCHAR
STARTCHAR uni1EF8
ENCODING 7928
SWIDTH 636 0
DWIDTH 7 0
BBX 5 11 1 0
BITMAP
28
50
00
88
88
88
50
20
20
20
20
ENDCHAR
STARTCHAR uni1EF9
ENCODING 7929
SWIDTH 636 0
DWIDTH 7 0
BBX 5 11 1 -2
BITMAP
28
50
00
88
88
88
50
50
20
20
C0
ENDCHAR
STARTCHAR uni2010
ENCODING 8208
SWIDTH 636 0
DWIDTH 7 0
BBX 3 1 2 3
BITMAP
E0
ENDCHAR
STARTCHAR uni2013
ENCODING 8211
SWIDTH 636 0
DWIDTH 7 0
BBX 5 1 1 3
BITMAP
F8
ENDCHAR
STARTCHAR uni2014
ENCODING 8212
SWIDTH 636 0
DWIDTH 7 0
BBX 7 1 0 3
BITMAP
FE
ENDCHAR
STARTCHAR uni2015
ENCODING 8213
SWIDTH 636 0
DWIDTH 7 0
BBX 7 1 0 3
BITMAP
FE
ENDCHAR
STARTCHAR uni2018
ENCODING 8216
SWIDTH 636 0
DWIDTH 7 0
BBX 2 3 3 5
BITMAP
40
80
80
ENDCHAR
STARTCHAR uni2019
ENCODING 8217
SWIDTH 636 0
DWIDTH 7 0
BBX 2 3 2 5
BITMAP
40
40
80
ENDCHAR
STARTCHAR uni201A
ENCODING 8218
SWIDTH 636 0
DWIDTH 7 0
BBX 2 3 2 -1
BITMAP
40
40
80
ENDCHAR
STARTCHAR uni201C
ENCODING 8220
SWIDTH 636 0
DWIDTH 7 0
BBX 4 3 2 5
BITMAP
50
A0
A0
ENDCHAR
STARTCHAR uni201D
ENCODING 8221
SWIDTH 636 0
DWIDTH 7 0
BBX 4 3 1 5
BITMAP
50
50
A0
ENDCHAR
STARTCHAR uni201E
ENCODING 8222
SWIDTH 636 0
DWIDTH 7 0
BBX 4 3 1 -1
BITMAP
50
50
A0
ENDCHAR
STARTCHAR uni2020
ENCODING 8224
SWIDTH 636 0
DWIDTH 7 0
BBX 5 7 1 2
BITMAP
20
20
F8
20
20
20
20
ENDCHAR
STARTCHAR uni2021
ENCODING 8225
SWIDTH 636 0
DWIDTH 7 0
BBX 5 8 1 1
BITMAP
20
20
F8
20
20
F8
20
20
ENDCHAR
STARTCHAR uni2022
ENCODING 8226
SWIDTH 636 0
DWIDTH 7 0
BBX 2 2 2 3
BITMAP
C0
C0
ENDCHAR
STARTCHAR uni2026
ENCODING 8230
SWIDTH 636 0
DWIDTH 7 0
BBX 5 2 1 0
BITMAP
A8
A8
ENDCHAR
STARTCHAR uni2027
ENCODING 8231
SWIDTH 636 0
DWIDTH 7 0
BBX 1 2 3 4
BITMAP
80
80
ENDCHAR
STARTCHAR uni2030
ENCODING 8240
SWIDTH 636 0
DWIDTH 7 0
BBX 7 9 0 0
BITMAP
20
50
20
06
38
C0
14
2A
14
ENDCHAR
STARTCHAR uni2032
ENCODING 8242
SWIDTH 636 0
DWIDTH 7 0
BBX 1 3 3 5
BITMAP
80
80
80
ENDCHAR
STARTCHAR uni2033
ENCODING 8243
SWIDTH 636 0
DWIDTH 7 0
BBX 3 3 2 5
BITMAP
A0
A0
A0
ENDCHAR
STARTCHAR uni2039
ENCODING 8249
SWIDTH 636 0
DWIDTH 7 0
BBX 3 5 2 1
BITMAP
20
40
80
40
20
ENDCHAR
STARTCHAR uni203A
ENCODING 8250
SWIDTH 636 0
DWIDTH 7 0
BBX 3 5 2 1
BITMAP
80
40
20
40
80
ENDCHAR
STARTCHAR uni2044
ENCODING 8260
SWIDTH 636 0
DWIDTH 7 0
BBX 7 3 0 2
BITMAP
06
38
C0
ENDCHAR
STARTCHAR uni204A
ENCODING 8266
SWIDTH 636 0
DWIDTH 7 0
BBX 5 8 1 -2
BITMAP
F8
08
08
10
10
10
20
20
ENDCHAR
STARTCHAR uni2052
ENCODING 8274
SWIDTH 636 0
DWIDTH 7 0
BBX 6 8 1 0
BITMAP
C4
C4
08
10
20
40
8C
8C
ENDCHAR
STARTCHAR uni2070
ENCODING 8304
SWIDTH 636 0
DWIDTH 7 0
BBX 5 6 1 3
BITMAP
70
98
A8
C8
88
70
ENDCHAR
STARTCHAR uni2074
ENCODING 8308
SWIDTH 636 0
DWIDTH 7 0
BBX 5 6 1 3
BITMAP
18
28
48
88
F8
08
ENDCHAR
STARTCHAR uni2075
ENCODING 8309
SWIDTH 636 0
DWIDTH 7 0
BBX 5 6 1 3
BITMAP
F8
80
F0
08
88
70
ENDCHAR
STARTCHAR uni2076
ENCODING 8310
SWIDTH 636 0
DWIDTH 7 0
BBX 5 6 1 3
BITMAP
70
80
F0
88
88
70
ENDCHAR
STARTCHAR uni2077
ENCODING 8311
SWIDTH 636 0
DWIDTH 7 0
BBX 5 6 1 3
BITMAP
F8
08
10
20
40
40
ENDCHAR
STARTCHAR uni2078
ENCODING 8312
SWIDTH 636 0
DWIDTH 7 0
BBX 5 6 1 3
BITMAP
70
88
70
88
88
70
ENDCHAR
STARTCHAR uni2079
ENCODING 8313
SWIDTH 636 0
DWIDTH 7 0
BBX 5 6 1 3
BITMAP
70
88
88
78
08
70
ENDCHAR
STARTCHAR uni2080
ENCODING 8320
SWIDTH 636 0
DWIDTH 7 0
BBX 5 6 1 -2
BITMAP
70
98
A8
C8
88
70
ENDCHAR
STARTCHAR uni2081
ENCODING 8321
SWIDTH 636 0
DWIDTH 7 0
BBX 3 6 2 -2
BITMAP
40
C0
40
40
40
E0
ENDCHAR
STARTCHAR uni2082
ENCODING 8322
SWIDTH 636 0
DWIDTH 7 0
BBX 5 6 1 -2
BITMAP
70
88
10
20
40
F8
ENDCHAR
STARTCHAR uni2083
ENCODING 8323
SWIDTH 636 0
DWIDTH 7 0
BBX 5 6 1 -2
BITMAP
70
88
30
08
88
70
ENDCHAR
STARTCHAR uni2084
ENCODING 8324
SWIDTH 636 0
DWIDTH 7 0
BBX 5 6 1 -2
BITMAP
18
28
48
88
F8
08
ENDCHAR
STARTCHAR uni2085
ENCODING 8325
SWIDTH 636 0
DWIDTH 7 0
BBX 5 6 1 -2
BITMAP
F8
80
F0
08
88
70
ENDCHAR
STARTCHAR uni2086
ENCODING 8326
SWIDTH 636 0
DWIDTH 7 0
BBX 5 6 1 -2
BITMAP
70
80
F0
88
88
70
ENDCHAR
STARTCHAR uni2087
ENCODING 8327
SWIDTH 636 0
DWIDTH 7 0
BBX 5 6 1 -2
BITMAP
F8
08
10
20
40
40
ENDCHAR
STARTCHAR uni2088
ENCODING 8328
SWIDTH 636 0
DWIDTH 7 0
BBX 5 6 1 -2
BITMAP
70
88
70
88
88
70
ENDCHAR
STARTCHAR uni2089
ENCODING 8329
SWIDTH 636 0
DWIDTH 7 0
BBX 5 6 1 -2
BITMAP
70
88
88
78
08
70
ENDCHAR
STARTCHAR uni20A3
ENCODING 8355
SWIDTH 636 0
DWIDTH 7 0
BBX 6 8 0 0
BITMAP
7C
40
40
78
40
40
F0
40
ENDCHAR
STARTCHAR uni20A9
ENCODING 8361
SWIDTH 636 0
DWIDTH 7 0
BBX 7 8 0 0
BITMAP
44
44
FE
54
54
28
28
28
ENDCHAR
STARTCHAR uni20AA
ENCODING 8362
SWIDTH 636 0
DWIDTH 7 0
BBX 5 8 1 0
BITMAP
C8
A8
A8
88
A8
A8
A8
98
ENDCHAR
STARTCHAR uni20AC
ENCODING 8364
SWIDTH 636 0
DWIDTH 7 0
BBX 6 8 0 0
BITMAP
38
44
40
F0
40
40
44
38
ENDCHAR
STARTCHAR uni20AE
ENCODING 8366
SWIDTH 636 0
DWIDTH 7 0
BBX 5 8 1 0
BITMAP
F8
20
28
30
68
B0
60
A0
ENDCHAR
STARTCHAR uni20B4
ENCODING 8372
SWIDTH 636 0
DWIDTH 7 0
BBX 5 8 1 0
BITMAP
70
88
10
F8
40
80
88
70
ENDCHAR
STARTCHAR uni20B8
ENCODING 8376
SWIDTH 636 0
DWIDTH 7 0
BBX 5 8 1 0
BITMAP
F8
20
F8
20
20
20
20
20
ENDCHAR
STARTCHAR uni20B9
ENCODING 8377
SWIDTH 636 0
DWIDTH 7 0
BBX 5 8 1 0
BITMAP
F8
10
F8
20
40
20
10
08
ENDCHAR
STARTCHAR uni20BA
ENCODING 8378
SWIDTH 636 0
DWIDTH 7 0
BBX 5 8 1 0
BITMAP
50
60
D0
60
C8
48
50
60
ENDCHAR
STARTCHAR uni20BD
ENCODING 8381
SWIDTH 636 0
DWIDTH 7 0
BBX 6 8 0 0
BITMAP
78
44
44
44
F8
40
F0
40
ENDCHAR
STARTCHAR uni20BF
ENCODING 8383
SWIDTH 636 0
DWIDTH 7 0
BBX 5 10 1 -1
BITMAP
50
F0
88
88
F0
88
88
88
F0
50
ENDCHAR
STARTCHAR uni2113
ENCODING 8467
SWIDTH 636 0
DWIDTH 7 0
BBX 5 8 1 0
BITMAP
10
28
28
48
50
60
C8
30
ENDCHAR
STARTCHAR uni2116
ENCODING 8470
SWIDTH 636 0
DWIDTH 7 0
BBX 7 8 0 0
BITMAP
90
94
DA
B4
90
94
90
90
ENDCHAR
STARTCHAR uni2122
ENCODING 8482
SWIDTH 636 0
DWIDTH 7 0
BBX 6 3 1 5
BITMAP
F4
5C
5C
ENDCHAR
STARTCHAR uni2126
ENCODING 8486
SWIDTH 636 0
DWIDTH 7 0
BBX 5 8 1 0
BITMAP
70
88
88
88
88
88
50
D8
ENDCHAR
STARTCHAR uni212E
ENCODING 8494
SWIDTH 636 0
DWIDTH 7 0
BBX 7 7 0 0
BITMAP
38
44
C6
FE
C0
44
38
ENDCHAR
STARTCHAR uni2150
ENCODING 8528
SWIDTH 636 0
DWIDTH 7 0
BBX 7 13 0 -3
BITMAP
40
C0
40
40
E0
06
38
C0
1E
02
04
08
08
ENDCHAR
STARTCHAR uni2151
ENCODING 8529
SWIDTH 636 0
DWIDTH 7 0
BBX 7 13 0 -3
BITMAP
40
C0
40
40
E0
06
38
C0
0C
12
0E
02
0C
ENDCHAR
STARTCHAR uni2153
ENCODING 8531
SWIDTH 636 0
DWIDTH 7 0
BBX 7 13 0 -3
BITMAP
40
C0
40
40
E0
06
38
C0
0C
12
04
12
0C
ENDCHAR
STARTCHAR uni2154
ENCODING 8532
SWIDTH 636 0
DWIDTH 7 0
BBX 7 13 0 -3
BITMAP
60
90
20
40
F0
06
38
C0
0C
12
04
12
0C
ENDCHAR
STARTCHAR uni2155
ENCODING 8533
SWIDTH 636 0
DWIDTH 7 0
BBX 7 13 0 -3
BITMAP
40
C0
40
40
E0
06
38
C0
1E
10
1C
02
0C
ENDCHAR
STARTCHAR uni2156
ENCODING 8534
SWIDTH 636 0
DWIDTH 7 0
BBX 7 13 0 -3
BITMAP
60
90
20
40
F0
06
38
C0
1E
10
1C
02
0C
ENDCHAR
STARTCHAR uni2157
ENCODING 8535
SWIDTH 636 0
DWIDTH 7 0
BBX 7 13 0 -3
BITMAP
60
90
20
90
60
06
38
C0
1E
10
1C
02
0C
ENDCHAR
STARTCHAR uni2158
ENCODING 8536
SWIDTH 636 0
DWIDTH 7 0
BBX 7 13 0 -3
BITMAP
30
50
90
F0
10
06
38
C0
1E
10
1C
02
0C
ENDCHAR
STARTCHAR uni2159
ENCODING 8537
SWIDTH 636 0
DWIDTH 7 0
BBX 7 13 0 -3
BITMAP
40
C0
40
40
E0
06
38
C0
0C
10
1C
12
0C
ENDCHAR
STARTCHAR uni215A
ENCODING 8538
SWIDTH 636 0
DWIDTH 7 0
BBX 7 13 0 -3
BITMAP
F0
80
E0
10
60
06
38
C0
0C
10
1C
12
0C
ENDCHAR
STARTCHAR uni215B
ENCODING 8539
SWIDTH 636 0
DWIDTH 7 0
BBX 7 13 0 -3
BITMAP
40
C0
40
40
E0
06
38
C0
0C
12
0C
12
0C
ENDCHAR
STARTCHAR uni215C
ENCODING 8540
SWIDTH 636 0
DWIDTH 7 0
BBX 7 13 0 -3
BITMAP
60
90
20
90
60
06
38
C0
0C
12
0C
12
0C
ENDCHAR
STARTCHAR uni215D
ENCODING 8541
SWIDTH 636 0
DWIDTH 7 0
BBX 7 13 0 -3
BITMAP
F0
80
E0
10
60
06
38
C0
0C
12
0C
12
0C
ENDCHAR
STARTCHAR uni215E
ENCODING 8542
SWIDTH 636 0
DWIDTH 7 0
BBX 7 13 0 -3
BITMAP
F0
10
20
40
40
06
38
C0
0C
12
0C
12
0C
ENDCHAR
STARTCHAR uni2189
ENCODING 8585
SWIDTH 636 0
DWIDTH 7 0
BBX 7 13 0 -3
BITMAP
60
B0
D0
90
60
06
38
C0
0C
12
04
12
0C
ENDCHAR
STARTCHAR uni2190
ENCODING 8592
SWIDTH 636 0
DWIDTH 7 0
BBX 7 5 0 1
BITMAP
20
40
FE
40
20
ENDCHAR
STARTCHAR uni2191
ENCODING 8593
SWIDTH 636 0
DWIDTH 7 0
BBX 5 8 1 0
BITMAP
20
70
A8
20
20
20
20
20
ENDCHAR
STARTCHAR uni2192
ENCODING 8594
SWIDTH 636 0
DWIDTH 7 0
BBX 7 5 0 1
BITMAP
08
04
FE
04
08
ENDCHAR
STARTCHAR uni2193
ENCODING 8595
SWIDTH 636 0
DWIDTH 7 0
BBX 5 8 1 0
BITMAP
20
20
20
20
20
A8
70
20
ENDCHAR
STARTCHAR uni2195
ENCODING 8597
SWIDTH 636 0
DWIDTH 7 0
BBX 5 10 1 -1
BITMAP
20
70
A8
20
20
20
20
A8
70
20
ENDCHAR
STARTCHAR uni2196
ENCODING 8598
SWIDTH 636 0
DWIDTH 7 0
BBX 6 6 1 1
BITMAP
F0
C0
A0
90
08
04
ENDCHAR
STARTCHAR uni2197
ENCODING 8599
SWIDTH 636 0
DWIDTH 7 0
BBX 6 6 0 1
BITMAP
3C
0C
14
24
40
80
ENDCHAR
STARTCHAR uni2198
ENCODING 8600
SWIDTH 636 0
DWIDTH 7 0
BBX 6 6 0 1
BITMAP
80
40
24
14
0C
3C
ENDCHAR
STARTCHAR uni2199
ENCODING 8601
SWIDTH 636 0
DWIDTH 7 0
BBX 6 6 1 1
BITMAP
04
08
90
A0
C0
F0
ENDCHAR
STARTCHAR uni21B0
ENCODING 8624
SWIDTH 636 0
DWIDTH 7 0
BBX 6 8 0 0
BITMAP
20
40
FC
44
24
04
04
04
ENDCHAR
STARTCHAR uni21B1
ENCODING 8625
SWIDTH 636 0
DWIDTH 7 0
BBX 6 8 1 0
BITMAP
10
08
FC
88
90
80
80
80
ENDCHAR
STARTCHAR uni21B2
ENCODING 8626
SWIDTH 636 0
DWIDTH 7 0
BBX 6 8 0 0
BITMAP
04
04
04
24
44
FC
40
20
ENDCHAR
STARTCHAR uni21B3
ENCODING 8627
SWIDTH 636 0
DWIDTH 7 0
BBX 6 8 1 0
BITMAP
80
80
80
90
88
FC
08
10
ENDCHAR
STARTCHAR uni21B4
ENCODING 8628
SWIDTH 636 0
DWIDTH 7 0
BBX 6 8 1 0
BITMAP
F0
10
10
10
10
54
38
10
ENDCHAR
STARTCHAR uni21B5
ENCODING 8629
SWIDTH 636 0
DWIDTH 7 0
BBX 6 8 0 0
BITMAP
04
04
04
24
44
FC
40
20
ENDCHAR
STARTCHAR uni2202
ENCODING 8706
SWIDTH 636 0
DWIDTH 7 0
BBX 5 8 1 0
BITMAP
30
08
08
38
48
88
90
60
ENDCHAR
STARTCHAR uni2206
ENCODING 8710
SWIDTH 636 0
DWIDTH 7 0
BBX 5 8 1 0
BITMAP
20
20
50
50
50
88
88
F8
ENDCHAR
STARTCHAR uni220F
ENCODING 8719
SWIDTH 636 0
DWIDTH 7 0
BBX 5 8 1 0
BITMAP
F8
88
88
88
88
88
88
88
ENDCHAR
STARTCHAR uni2211
ENCODING 8721
SWIDTH 636 0
DWIDTH 7 0
BBX 5 8 1 0
BITMAP
F8
88
40
20
40
80
88
F8
ENDCHAR
STARTCHAR uni2212
ENCODING 8722
SWIDTH 636 0
DWIDTH 7 0
BBX 5 1 1 3
BITMAP
F8
ENDCHAR
STARTCHAR uni2219
ENCODING 8729
SWIDTH 636 0
DWIDTH 7 0
BBX 1 2 3 3
BITMAP
80
80
ENDCHAR
STARTCHAR uni221A
ENCODING 8730
SWIDTH 636 0
DWIDTH 7 0
BBX 5 8 1 0
BITMAP
08
08
10
10
A0
A0
40
40
ENDCHAR
STARTCHAR uni221E
ENCODING 8734
SWIDTH 636 0
DWIDTH 7 0
BBX 5 5 1 1
BITMAP
50
A8
A8
A8
50
ENDCHAR
STARTCHAR uni222B
ENCODING 8747
SWIDTH 636 0
DWIDTH 7 0
BBX 5 10 1 -2
BITMAP
18
20
20
20
20
20
20
20
20
C0
ENDCHAR
STARTCHAR uni2248
ENCODING 8776
SWIDTH 636 0
DWIDTH 7 0
BBX 5 5 1 1
BITMAP
48
B0
00
48
B0
ENDCHAR
STARTCHAR uni2260
ENCODING 8800
SWIDTH 636 0
DWIDTH 7 0
BBX 5 5 1 1
BITMAP
10
F8
20
F8
40
ENDCHAR
STARTCHAR uni2264
ENCODING 8804
SWIDTH 636 0
DWIDTH 7 0
BBX 4 9 1 -1
BITMAP
10
20
40
80
40
20
10
00
F0
ENDCHAR
STARTCHAR uni2265
ENCODING 8805
SWIDTH 636 0
DWIDTH 7 0
BBX 4 9 2 -1
BITMAP
80
40
20
10
20
40
80
00
F0
ENDCHAR
STARTCHAR uni2318
ENCODING 8984
SWIDTH 636 0
DWIDTH 7 0
BBX 7 8 0 0
BITMAP
44
AA
7C
28
28
7C
AA
44
ENDCHAR
STARTCHAR uni2325
ENCODING 8997
SWIDTH 636 0
DWIDTH 7 0
BBX 6 8 0 0
BITMAP
CC
20
20
20
10
10
10
0C
ENDCHAR
STARTCHAR uni2500
ENCODING 9472
SWIDTH 636 0
DWIDTH 7 0
BBX 7 1 0 3
BITMAP
FE
ENDCHAR
STARTCHAR uni2501
ENCODING 9473
SWIDTH 636 0
DWIDTH 7 0
BBX 7 3 0 2
BITMAP
FE
FE
FE
ENDCHAR
STARTCHAR uni2502
ENCODING 9474
SWIDTH 636 0
DWIDTH 7 0
BBX 1 14 3 -3
BITMAP
80
80
80
80
80
80
80
80
80
80
80
80
80
80
ENDCHAR
STARTCHAR uni2503
ENCODING 9475
SWIDTH 636 0
DWIDTH 7 0
BBX 3 14 2 -3
BITMAP
E0
E0
E0
E0
E0
E0
E0
E0
E0
E0
E0
E0
E0
E0
ENDCHAR
STARTCHAR uni2504
ENCODING 9476
SWIDTH 636 0
DWIDTH 7 0
BBX 6 1 0 3
BITMAP
D4
ENDCHAR
STARTCHAR uni2505
ENCODING 9477
SWIDTH 636 0
DWIDTH 7 0
BBX 6 3 0 2
BITMAP
D4
D4
D4
ENDCHAR
STARTCHAR uni2506
ENCODING 9478
SWIDTH 636 0
DWIDTH 7 0
BBX 1 13 3 -2
BITMAP
80
80
80
80
00
80
80
80
80
00
80
80
80
ENDCHAR
STARTCHAR uni2507
ENCODING 9479
SWIDTH 636 0
DWIDTH 7 0
BBX 3 13 2 -2
BITMAP
E0
E0
E0
E0
00
E0
E0
E0
E0
00
E0
E0
E0
ENDCHAR
STARTCHAR uni2508
ENCODING 9480
SWIDTH 636 0
DWIDTH 7 0
BBX 6 1 0 3
BITMAP
AC
ENDCHAR
STARTCHAR uni2509
ENCODING 9481
SWIDTH 636 0
DWIDTH 7 0
BBX 6 3 0 2
BITMAP
AC
AC
AC
ENDCHAR
STARTCHAR uni250A
ENCODING 9482
SWIDTH 636 0
DWIDTH 7 0
BBX 1 13 3 -2
BITMAP
80
80
00
80
80
80
00
80
80
00
80
80
80
ENDCHAR
STARTCHAR uni250B
ENCODING 9483
SWIDTH 636 0
DWIDTH 7 0
BBX 3 13 2 -2
BITMAP
E0
E0
00
E0
E0
E0
00
E0
E0
00
E0
E0
E0
ENDCHAR
STARTCHAR uni250C
ENCODING 9484
SWIDTH 636 0
DWIDTH 7 0
BBX 4 7 3 -3
BITMAP
F0
80
80
80
80
80
80
ENDCHAR
STARTCHAR uni250D
ENCODING 9485
SWIDTH 636 0
DWIDTH 7 0
BBX 4 8 3 -3
BITMAP
F0
F0
F0
80
80
80
80
80
ENDCHAR
STARTCHAR uni250E
ENCODING 9486
SWIDTH 636 0
DWIDTH 7 0
BBX 5 7 2 -3
BITMAP
F8
E0
E0
E0
E0
E0
E0
ENDCHAR
STARTCHAR uni250F
ENCODING 9487
SWIDTH 636 0
DWIDTH 7 0
BBX 5 8 2 -3
BITMAP
F8
F8
F8
E0
E0
E0
E0
E0
ENDCHAR
STARTCHAR uni2510
ENCODING 9488
SWIDTH 636 0
DWIDTH 7 0
BBX 4 7 0 -3
BITMAP
F0
10
10
10
10
10
10
ENDCHAR
STARTCHAR uni2511
ENCODING 9489
SWIDTH 636 0
DWIDTH 7 0
BBX 4 8 0 -3
BITMAP
F0
F0
F0
10
10
10
10
10
ENDCHAR
STARTCHAR uni2512
ENCODING 9490
SWIDTH 636 0
DWIDTH 7 0
BBX 5 7 0 -3
BITMAP
F8
38
38
38
38
38
38
ENDCHAR
STARTCHAR uni2513
ENCODING 9491
SWIDTH 636 0
DWIDTH 7 0
BBX 5 8 0 -3
BITMAP
F8
F8
F8
38
38
38
38
38
ENDCHAR
STARTCHAR uni2514
ENCODING 9492
SWIDTH 636 0
DWIDTH 7 0
BBX 4 8 3 3
BITMAP
80
80
80
80
80
80
80
F0
ENDCHAR
STARTCHAR uni2515
ENCODING 9493
SWIDTH 636 0
DWIDTH 7 0
BBX 4 9 3 2
BITMAP
80
80
80
80
80
80
F0
F0
F0
ENDCHAR
STARTCHAR uni2516
ENCODING 9494
SWIDTH 636 0
DWIDTH 7 0
BBX 5 8 2 3
BITMAP
E0
E0
E0
E0
E0
E0
E0
F8
ENDCHAR
STARTCHAR uni2517
ENCODING 9495
SWIDTH 636 0
DWIDTH 7 0
BBX 5 9 2 2
BITMAP
E0
E0
E0
E0
E0
E0
F8
F8
F8
ENDCHAR
STARTCHAR uni2518
ENCODING 9496
SWIDTH 636 0
DWIDTH 7 0
BBX 4 8 0 3
BITMAP
10
10
10
10
10
10
10
F0
ENDCHAR
STARTCHAR uni2519
ENCODING 9497
SWIDTH 636 0
DWIDTH 7 0
BBX 4 9 0 2
BITMAP
10
10
10
10
10
10
F0
F0
F0
ENDCHAR
STARTCHAR uni251A
ENCODING 9498
SWIDTH 636 0
DWIDTH 7 0
BBX 5 8 0 3
BITMAP
38
38
38
38
38
38
38
F8
ENDCHAR
STARTCHAR uni251B
ENCODING 9499
SWIDTH 636 0
DWIDTH 7 0
BBX 5 9 0 2
BITMAP
38
38
38
38
38
38
F8
F8
F8
ENDCHAR
STARTCHAR uni251C
ENCODING 9500
SWIDTH 636 0
DWIDTH 7 0
BBX 4 14 3 -3
BITMAP
80
80
80
80
80
80
80
F0
80
80
80
80
80
80
ENDCHAR
STARTCHAR uni251D
ENCODING 9501
SWIDTH 636 0
DWIDTH 7 0
BBX 4 14 3 -3
BITMAP
80
80
80
80
80
80
F0
F0
F0
80
80
80
80
80
ENDCHAR
STARTCHAR uni251E
ENCODING 9502
SWIDTH 636 0
DWIDTH 7 0
BBX 5 14 2 -3
BITMAP
E0
E0
E0
E0
E0
E0
E0
F8
40
40
40
40
40
40
ENDCHAR
STARTCHAR uni251F
ENCODING 9503
SWIDTH 636 0
DWIDTH 7 0
BBX 5 14 2 -3
BITMAP
40
40
40
40
40
40
40
F8
E0
E0
E0
E0
E0
E0
ENDCHAR
STARTCHAR uni2520
ENCODING 9504
SWIDTH 636 0
DWIDTH 7 0
BBX 5 14 2 -3
BITMAP
E0
E0
E0
E0
E0
E0
E0
F8
E0
E0
E0
E0
E0
E0
ENDCHAR
STARTCHAR uni2521
ENCODING 9505
SWIDTH 636 0
DWIDTH 7 0
BBX 5 14 2 -3
BITMAP
E0
E0
E0
E0
E0
E0
F8
F8
F8
40
40
40
40
40
ENDCHAR
STARTCHAR uni2522
ENCODING 9506
SWIDTH 636 0
DWIDTH 7 0
BBX 5 14 2 -3
BITMAP
40
40
40
40
40
40
F8
F8
F8
E0
E0
E0
E0
E0
ENDCHAR
STARTCHAR uni2523
ENCODING 9507
SWIDTH 636 0
DWIDTH 7 0
BBX 5 14 2 -3
BITMAP
E0
E0
E0
E0
E0
E0
F8
F8
F8
E0
E0
E0
E0
E0
ENDCHAR
STARTCHAR uni2524
ENCODING 9508
SWIDTH 636 0
DWIDTH 7 0
BBX 4 14 0 -3
BITMAP
10
10
10
10
10
10
10
F0
10
10
10
10
10
10
ENDCHAR
STARTCHAR uni2525
ENCODING 9509
SWIDTH 636 0
DWIDTH 7 0
BBX 4 14 0 -3
BITMAP
10
10
10
10
10
10
F0
F0
F0
10
10
10
10
10
ENDCHAR
STARTCHAR uni2526
ENCODING 9510
SWIDTH 636 0
DWIDTH 7 0
BBX 5 14 0 -3
BITMAP
38
38
38
38
38
38
38
F8
10
10
10
10
10
10
ENDCHAR
STARTCHAR uni2527
ENCODING 9511
SWIDTH 636 0
DWIDTH 7 0
BBX 5 14 0 -3
BITMAP
10
10
10
10
10
10
10
F8
38
38
38
38
38
38
ENDCHAR
STARTCHAR uni2528
ENCODING 9512
SWIDTH 636 0
DWIDTH 7 0
BBX 5 14 0 -3
BITMAP
38
38
38
38
38
38
38
F8
38
38
38
38
38
38
ENDCHAR
STARTCHAR uni2529
ENCODING 9513
SWIDTH 636 0
DWIDTH 7 0
BBX 5 14 0 -3
BITMAP
38
38
38
38
38
38
F8
F8
F8
10
10
10
10
10
ENDCHAR
STARTCHAR uni252A
ENCODING 9514
SWIDTH 636 0
DWIDTH 7 0
BBX 5 14 0 -3
BITMAP
10
10
10
10
10
10
F8
F8
F8
38
38
38
38
38
ENDCHAR
STARTCHAR uni252B
ENCODING 9515
SWIDTH 636 0
DWIDTH 7 0
BBX 5 14 0 -3
BITMAP
38
38
38
38
38
38
F8
F8
F8
38
38
38
38
38
ENDCHAR
STARTCHAR uni252C
ENCODING 9516
SWIDTH 636 0
DWIDTH 7 0
BBX 7 7 0 -3
BITMAP
FE
10
10
10
10
10
10
ENDCHAR
STARTCHAR uni252D
ENCODING 9517
SWIDTH 636 0
DWIDTH 7 0
BBX 7 8 0 -3
BITMAP
F8
FE
F8
10
10
10
10
10
ENDCHAR
STARTCHAR uni252E
ENCODING 9518
SWIDTH 636 0
DWIDTH 7 0
BBX 7 8 0 -3
BITMAP
3E
FE
3E
10
10
10
10
10
ENDCHAR
STARTCHAR uni252F
ENCODING 9519
SWIDTH 636 0
DWIDTH 7 0
BBX 7 8 0 -3
BITMAP
FE
FE
FE
10
10
10
10
10
ENDCHAR
STARTCHAR uni2530
ENCODING 9520
SWIDTH 636 0
DWIDTH 7 0
BBX 7 7 0 -3
BITMAP
FE
38
38
38
38
38
38
ENDCHAR
STARTCHAR uni2531
ENCODING 9521
SWIDTH 636 0
DWIDTH 7 0
BBX 7 8 0 -3
BITMAP
F8
FE
F8
38
38
38
38
38
ENDCHAR
STARTCHAR uni2532
ENCODING 9522
SWIDTH 636 0
DWIDTH 7 0
BBX 7 8 0 -3
BITMAP
3E
FE
3E
38
38
38
38
38
ENDCHAR
STARTCHAR uni2533
ENCODING 9523
SWIDTH 636 0
DWIDTH 7 0
BBX 7 8 0 -3
BITMAP
FE
FE
FE
38
38
38
38
38
ENDCHAR
STARTCHAR uni2534
ENCODING 9524
SWIDTH 636 0
DWIDTH 7 0
BBX 7 8 0 3
BITMAP
10
10
10
10
10
10
10
FE
ENDCHAR
STARTCHAR uni2535
ENCODING 9525
SWIDTH 636 0
DWIDTH 7 0
BBX 7 9 0 2
BITMAP
10
10
10
10
10
10
F8
FE
F8
ENDCHAR
STARTCHAR uni2536
ENCODING 9526
SWIDTH 636 0
DWIDTH 7 0
BBX 7 9 0 2
BITMAP
10
10
10
10
10
10
1E
FE
1E
ENDCHAR
STARTCHAR uni2537
ENCODING 9527
SWIDTH 636 0
DWIDTH 7 0
BBX 7 9 0 2
BITMAP
10
10
10
10
10
10
FE
FE
FE
ENDCHAR
STARTCHAR uni2538
ENCODING 9528
SWIDTH 636 0
DWIDTH 7 0
BBX 7 8 0 3
BITMAP
38
38
38
38
38
38
38
FE
ENDCHAR
STARTCHAR uni2539
ENCODING 9529
SWIDTH 636 0
DWIDTH 7 0
BBX 7 9 0 2
BITMAP
38
38
38
38
38
38
F8
FE
F8
ENDCHAR
STARTCHAR uni253A
ENCODING 9530
SWIDTH 636 0
DWIDTH 7 0
BBX 7 9 0 2
BITMAP
38
38
38
38
38
38
3E
FE
3E
ENDCHAR
STARTCHAR uni253B
ENCODING 9531
SWIDTH 636 0
DWIDTH 7 0
BBX 7 9 0 2
BITMAP
38
38
38
38
38
38
FE
FE
FE
ENDCHAR
STARTCHAR uni253C
ENCODING 9532
SWIDTH 636 0
DWIDTH 7 0
BBX 7 14 0 -3
BITMAP
10
10
10
10
10
10
10
FE
10
10
10
10
10
10
ENDCHAR
STARTCHAR uni253D
ENCODING 9533
SWIDTH 636 0
DWIDTH 7 0
BBX 7 14 0 -3
BITMAP
10
10
10
10
10
10
F0
FE
F0
10
10
10
10
10
ENDCHAR
STARTCHAR uni253E
ENCODING 9534
SWIDTH 636 0
DWIDTH 7 0
BBX 7 14 0 -3
BITMAP
10
10
10
10
10
10
1E
FE
1E
10
10
10
10
10
ENDCHAR
STARTCHAR uni253F
ENCODING 9535
SWIDTH 636 0
DWIDTH 7 0
BBX 7 14 0 -3
BITMAP
10
10
10
10
10
10
FE
FE
FE
10
10
10
10
10
ENDCHAR
STARTCHAR uni2540
ENCODING 9536
SWIDTH 636 0
DWIDTH 7 0
BBX 7 14 0 -3
BITMAP
38
38
38
38
38
38
38
FE
10
10
10
10
10
10
ENDCHAR
STARTCHAR uni2541
ENCODING 9537
SWIDTH 636 0
DWIDTH 7 0
BBX 7 14 0 -3
BITMAP
10
10
10
10
10
10
10
FE
38
38
38
38
38
38
ENDCHAR
STARTCHAR uni2542
ENCODING 9538
SWIDTH 636 0
DWIDTH 7 0
BBX 7 14 0 -3
BITMAP
38
38
38
38
38
38
38
FE
38
38
38
38
38
38
ENDCHAR
STARTCHAR uni2543
ENCODING 9539
SWIDTH 636 0
DWIDTH 7 0
BBX 7 14 0 -3
BITMAP
38
38
38
38
38
38
F8
FE
F8
10
10
10
10
10
ENDCHAR
STARTCHAR uni2544
ENCODING 9540
SWIDTH 636 0
DWIDTH 7 0
BBX 7 14 0 -3
BITMAP
38
38
38
38
38
38
3E
FE
3E
10
10
10
10
10
ENDCHAR
STARTCHAR uni2545
ENCODING 9541
SWIDTH 636 0
DWIDTH 7 0
BBX 7 14 0 -3
BITMAP
10
10
10
10
10
10
F8
FE
F8
38
38
38
38
38
ENDCHAR
STARTCHAR uni2546
ENCODING 9542
SWIDTH 636 0
DWIDTH 7 0
BBX 7 14 0 -3
BITMAP
10
10
10
10
10
10
3E
FE
3E
38
38
38
38
38
ENDCHAR
STARTCHAR uni2547
ENCODING 9543
SWIDTH 636 0
DWIDTH 7 0
BBX 7 14 0 -3
BITMAP
38
38
38
38
38
38
FE
FE
FE
10
10
10
10
10
ENDCHAR
STARTCHAR uni2548
ENCODING 9544
SWIDTH 636 0
DWIDTH 7 0
BBX 7 14 0 -3
BITMAP
10
10
10
10
10
10
FE
FE
FE
38
38
38
38
38
ENDCHAR
STARTCHAR uni2549
ENCODING 9545
SWIDTH 636 0
DWIDTH 7 0
BBX 7 14 0 -3
BITMAP
38
38
38
38
38
38
F8
FE
F8
38
38
38
38
38
ENDCHAR
STARTCHAR uni254A
ENCODING 9546
SWIDTH 636 0
DWIDTH 7 0
BBX 7 14 0 -3
BITMAP
38
38
38
38
38
38
3E
FE
3E
38
38
38
38
38
ENDCHAR
STARTCHAR uni254B
ENCODING 9547
SWIDTH 636 0
DWIDTH 7 0
BBX 7 14 0 -3
BITMAP
38
38
38
38
38
38
FE
FE
FE
38
38
38
38
38
ENDCHAR
STARTCHAR uni254C
ENCODING 9548
SWIDTH 636 0
DWIDTH 7 0
BBX 6 1 0 3
BITMAP
EC
ENDCHAR
STARTCHAR uni254D
ENCODING 9549
SWIDTH 636 0
DWIDTH 7 0
BBX 6 3 0 2
BITMAP
EC
EC
EC
ENDCHAR
STARTCHAR uni254E
ENCODING 9550
SWIDTH 636 0
DWIDTH 7 0
BBX 1 13 3 -2
BITMAP
80
80
80
80
80
80
00
80
80
80
80
80
80
ENDCHAR
STARTCHAR uni254F
ENCODING 9551
SWIDTH 636 0
DWIDTH 7 0
BBX 3 13 2 -2
BITMAP
E0
E0
E0
E0
E0
E0
00
E0
E0
E0
E0
E0
E0
ENDCHAR
STARTCHAR uni2550
ENCODING 9552
SWIDTH 636 0
DWIDTH 7 0
BBX 7 3 0 2
BITMAP
FE
00
FE
ENDCHAR
STARTCHAR uni2551
ENCODING 9553
SWIDTH 636 0
DWIDTH 7 0
BBX 3 14 2 -3
BITMAP
A0
A0
A0
A0
A0
A0
A0
A0
A0
A0
A0
A0
A0
A0
ENDCHAR
STARTCHAR uni2552
ENCODING 9554
SWIDTH 636 0
DWIDTH 7 0
BBX 4 8 3 -3
BITMAP
F0
80
F0
80
80
80
80
80
ENDCHAR
STARTCHAR uni2553
ENCODING 9555
SWIDTH 636 0
DWIDTH 7 0
BBX 5 7 2 -3
BITMAP
F8
A0
A0
A0
A0
A0
A0
ENDCHAR
STARTCHAR uni2554
ENCODING 9556
SWIDTH 636 0
DWIDTH 7 0
BBX 5 8 2 -3
BITMAP
F8
80
B8
A0
A0
A0
A0
A0
ENDCHAR
STARTCHAR uni2555
ENCODING 9557
SWIDTH 636 0
DWIDTH 7 0
BBX 4 8 0 -3
BITMAP
F0
10
F0
10
10
10
10
10
ENDCHAR
STARTCHAR uni2556
ENCODING 9558
SWIDTH 636 0
DWIDTH 7 0
BBX 5 7 0 -3
BITMAP
F8
28
28
28
28
28
28
ENDCHAR
STARTCHAR uni2557
ENCODING 9559
SWIDTH 636 0
DWIDTH 7 0
BBX 5 8 0 -3
BITMAP
F8
08
E8
28
28
28
28
28
ENDCHAR
STARTCHAR uni2558
ENCODING 9560
SWIDTH 636 0
DWIDTH 7 0
BBX 4 9 3 2
BITMAP
80
80
80
80
80
80
F0
80
F0
ENDCHAR
STARTCHAR uni2559
ENCODING 9561
SWIDTH 636 0
DWIDTH 7 0
BBX 5 8 2 3
BITMAP
A0
A0
A0
A0
A0
A0
A0
F8
ENDCHAR
STARTCHAR uni255A
ENCODING 9562
SWIDTH 636 0
DWIDTH 7 0
BBX 5 9 2 2
BITMAP
A0
A0
A0
A0
A0
A0
B8
80
F8
ENDCHAR
STARTCHAR uni255B
ENCODING 9563
SWIDTH 636 0
DWIDTH 7 0
BBX 4 9 0 2
BITMAP
10
10
10
10
10
10
F0
10
F0
ENDCHAR
STARTCHAR uni255C
ENCODING 9564
SWIDTH 636 0
DWIDTH 7 0
BBX 5 8 0 3
BITMAP
28
28
28
28
28
28
28
F8
ENDCHAR
STARTCHAR uni255D
ENCODING 9565
SWIDTH 636 0
DWIDTH 7 0
BBX 5 9 0 2
BITMAP
28
28
28
28
28
28
E8
08
F8
ENDCHAR
STARTCHAR uni255E
ENCODING 9566
SWIDTH 636 0
DWIDTH 7 0
BBX 4 14 3 -3
BITMAP
80
80
80
80
80
80
F0
80
F0
80
80
80
80
80
ENDCHAR
STARTCHAR uni255F
ENCODING 9567
SWIDTH 636 0
DWIDTH 7 0
BBX 5 14 2 -3
BITMAP
A0
A0
A0
A0
A0
A0
A0
B8
A0
A0
A0
A0
A0
A0
ENDCHAR
STARTCHAR uni2560
ENCODING 9568
SWIDTH 636 0
DWIDTH 7 0
BBX 5 14 2 -3
BITMAP
A0
A0
A0
A0
A0
A0
B8
80
B8
A0
A0
A0
A0
A0
ENDCHAR
STARTCHAR uni2561
ENCODING 9569
SWIDTH 636 0
DWIDTH 7 0
BBX 4 14 0 -3
BITMAP
10
10
10
10
10
10
F0
10
F0
10
10
10
10
10
ENDCHAR
STARTCHAR uni2562
ENCODING 9570
SWIDTH 636 0
DWIDTH 7 0
BBX 5 14 0 -3
BITMAP
28
28
28
28
28
28
28
E8
28
28
28
28
28
28
ENDCHAR
STARTCHAR uni2563
ENCODING 9571
SWIDTH 636 0
DWIDTH 7 0
BBX 5 14 0 -3
BITMAP
28
28
28
28
28
28
E8
08
E8
28
28
28
28
28
ENDCHAR
STARTCHAR uni2564
ENCODING 9572
SWIDTH 636 0
DWIDTH 7 0
BBX 7 8 0 -3
BITMAP
FE
00
FE
10
10
10
10
10
ENDCHAR
STARTCHAR uni2565
ENCODING 9573
SWIDTH 636 0
DWIDTH 7 0
BBX 7 7 0 -3
BITMAP
FE
28
28
28
28
28
28
ENDCHAR
STARTCHAR uni2566
ENCODING 9574
SWIDTH 636 0
DWIDTH 7 0
BBX 7 8 0 -3
BITMAP
FE
00
EE
28
28
28
28
28
ENDCHAR
STARTCHAR uni2567
ENCODING 9575
SWIDTH 636 0
DWIDTH 7 0
BBX 7 9 0 2
BITMAP
10
10
10
10
10
10
FE
00
FE
ENDCHAR
STARTCHAR uni2568
ENCODING 9576
SWIDTH 636 0
DWIDTH 7 0
BBX 7 8 0 3
BITMAP
28
28
28
28
28
28
28
FE
ENDCHAR
STARTCHAR uni2569
ENCODING 9577
SWIDTH 636 0
DWIDTH 7 0
BBX 7 9 0 2
BITMAP
28
28
28
28
28
28
EE
00
FE
ENDCHAR
STARTCHAR uni256A
ENCODING 9578
SWIDTH 636 0
DWIDTH 7 0
BBX 7 14 0 -3
BITMAP
10
10
10
10
10
10
FE
10
FE
10
10
10
10
10
ENDCHAR
STARTCHAR uni256B
ENCODING 9579
SWIDTH 636 0
DWIDTH 7 0
BBX 7 14 0 -3
BITMAP
28
28
28
28
28
28
28
FE
28
28
28
28
28
28
ENDCHAR
STARTCHAR uni256C
ENCODING 9580
SWIDTH 636 0
DWIDTH 7 0
BBX 7 14 0 -3
BITMAP
28
28
28
28
28
28
EE
00
EE
28
28
28
28
28
ENDCHAR
STARTCHAR uni256D
ENCODING 9581
SWIDTH 636 0
DWIDTH 7 0
BBX 4 7 3 -3
BITMAP
30
40
80
80
80
80
80
ENDCHAR
STARTCHAR uni256E
ENCODING 9582
SWIDTH 636 0
DWIDTH 7 0
BBX 4 7 0 -3
BITMAP
C0
20
10
10
10
10
10
ENDCHAR
STARTCHAR uni256F
ENCODING 9583
SWIDTH 636 0
DWIDTH 7 0
BBX 4 8 0 3
BITMAP
10
10
10
10
10
10
20
C0
ENDCHAR
STARTCHAR uni2570
ENCODING 9584
SWIDTH 636 0
DWIDTH 7 0
BBX 4 8 3 3
BITMAP
80
80
80
80
80
80
40
30
ENDCHAR
STARTCHAR uni2571
ENCODING 9585
SWIDTH 636 0
DWIDTH 7 0
BBX 7 14 0 -3
BITMAP
02
02
04
04
08
08
10
10
20
20
40
40
80
80
ENDCHAR
STARTCHAR uni2572
ENCODING 9586
SWIDTH 636 0
DWIDTH 7 0
BBX 7 14 0 -3
BITMAP
80
80
40
40
20
20
10
10
08
08
04
04
02
02
ENDCHAR
STARTCHAR uni2573
ENCODING 9587
SWIDTH 636 0
DWIDTH 7 0
BBX 7 14 0 -3
BITMAP
82
82
44
44
28
28
10
10
28
28
44
44
82
82
ENDCHAR
STARTCHAR uni2574
ENCODING 9588
SWIDTH 636 0
DWIDTH 7 0
BBX 4 1 0 3
BITMAP
F0
ENDCHAR
STARTCHAR uni2575
ENCODING 9589
SWIDTH 636 0
DWIDTH 7 0
BBX 1 7 3 4
BITMAP
80
80
80
80
80
80
80
ENDCHAR
STARTCHAR uni2576
ENCODING 9590
SWIDTH 636 0
DWIDTH 7 0
BBX 4 1 3 3
BITMAP
F0
ENDCHAR
STARTCHAR uni2577
ENCODING 9591
SWIDTH 636 0
DWIDTH 7 0
BBX 1 7 3 -3
BITMAP
80
80
80
80
80
80
80
ENDCHAR
STARTCHAR uni2578
ENCODING 9592
SWIDTH 636 0
DWIDTH 7 0
BBX 4 3 0 2
BITMAP
F0
F0
F0
ENDCHAR
STARTCHAR uni2579
ENCODING 9593
SWIDTH 636 0
DWIDTH 7 0
BBX 3 7 2 4
BITMAP
E0
E0
E0
E0
E0
E0
E0
ENDCHAR
STARTCHAR uni257A
ENCODING 9594
SWIDTH 636 0
DWIDTH 7 0
BBX 4 3 3 2
BITMAP
F0
F0
F0
ENDCHAR
STARTCHAR uni257B
ENCODING 9595
SWIDTH 636 0
DWIDTH 7 0
BBX 3 8 2 -3
BITMAP
E0
E0
E0
E0
E0
E0
E0
E0
ENDCHAR
STARTCHAR uni257C
ENCODING 9596
SWIDTH 636 0
DWIDTH 7 0
BBX 7 3 0 2
BITMAP
0E
FE
0E
ENDCHAR
STARTCHAR uni257D
ENCODING 9597
SWIDTH 636 0
DWIDTH 7 0
BBX 3 14 2 -3
BITMAP
40
40
40
40
40
40
E0
E0
E0
E0
E0
E0
E0
E0
ENDCHAR
STARTCHAR uni257E
ENCODING 9598
SWIDTH 636 0
DWIDTH 7 0
BBX 7 3 0 2
BITMAP
F0
FE
F0
ENDCHAR
STARTCHAR uni257F
ENCODING 9599
SWIDTH 636 0
DWIDTH 7 0
BBX 3 14 2 -3
BITMAP
E0
E0
E0
E0
E0
E0
E0
E0
E0
40
40
40
40
40
ENDCHAR
STARTCHAR uni2580
ENCODING 9600
SWIDTH 636 0
DWIDTH 7 0
BBX 7 7 0 4
BITMAP
FE
FE
FE
FE
FE
FE
FE
ENDCHAR
STARTCHAR uni2581
ENCODING 9601
SWIDTH 636 0
DWIDTH 7 0
BBX 7 2 0 -3
BITMAP
FE
FE
ENDCHAR
STARTCHAR uni2582
ENCODING 9602
SWIDTH 636 0
DWIDTH 7 0
BBX 7 3 0 -3
BITMAP
FE
FE
FE
ENDCHAR
STARTCHAR uni2583
ENCODING 9603
SWIDTH 636 0
DWIDTH 7 0
BBX 7 5 0 -3
BITMAP
FE
FE
FE
FE
FE
ENDCHAR
STARTCHAR uni2584
ENCODING 9604
SWIDTH 636 0
DWIDTH 7 0
BBX 7 7 0 -3
BITMAP
FE
FE
FE
FE
FE
FE
FE
ENDCHAR
STARTCHAR uni2585
ENCODING 9605
SWIDTH 636 0
DWIDTH 7 0
BBX 7 9 0 -3
BITMAP
FE
FE
FE
FE
FE
FE
FE
FE
FE
ENDCHAR
STARTCHAR uni2586
ENCODING 9606
SWIDTH 636 0
DWIDTH 7 0
BBX 7 11 0 -3
BITMAP
FE
FE
FE
FE
FE
FE
FE
FE
FE
FE
FE
ENDCHAR
STARTCHAR uni2587
ENCODING 9607
SWIDTH 636 0
DWIDTH 7 0
BBX 7 12 0 -3
BITMAP
FE
FE
FE
FE
FE
FE
FE
FE
FE
FE
FE
FE
ENDCHAR
STARTCHAR uni2588
ENCODING 9608
SWIDTH 636 0
DWIDTH 7 0
BBX 7 14 0 -3
BITMAP
FE
FE
FE
FE
FE
FE
FE
FE
FE
FE
FE
FE
FE
FE
ENDCHAR
STARTCHAR uni2589
ENCODING 9609
SWIDTH 636 0
DWIDTH 7 0
BBX 6 14 0 -3
BITMAP
FC
FC
FC
FC
FC
FC
FC
FC
FC
FC
FC
FC
FC
FC
ENDCHAR
STARTCHAR uni258A
ENCODING 9610
SWIDTH 636 0
DWIDTH 7 0
BBX 6 14 0 -3
BITMAP
FC
FC
FC
FC
FC
FC
FC
FC
FC
FC
FC
FC
FC
FC
ENDCHAR
STARTCHAR uni258B
ENCODING 9611
SWIDTH 636 0
DWIDTH 7 0
BBX 5 14 0 -3
BITMAP
F8
F8
F8
F8
F8
F8
F8
F8
F8
F8
F8
F8
F8
F8
ENDCHAR
STARTCHAR uni258C
ENCODING 9612
SWIDTH 636 0
DWIDTH 7 0
BBX 4 14 0 -3
BITMAP
F0
F0
F0
F0
F0
F0
F0
F0
F0
F0
F0
F0
F0
F0
ENDCHAR
STARTCHAR uni258D
ENCODING 9613
SWIDTH 636 0
DWIDTH 7 0
BBX 3 14 0 -3
BITMAP
E0
E0
E0
E0
E0
E0
E0
E0
E0
E0
E0
E0
E0
E0
ENDCHAR
STARTCHAR uni258E
ENCODING 9614
SWIDTH 636 0
DWIDTH 7 0
BBX 2 14 0 -3
BITMAP
C0
C0
C0
C0
C0
C0
C0
C0
C0
C0
C0
C0
C0
C0
ENDCHAR
STARTCHAR uni258F
ENCODING 9615
SWIDTH 636 0
DWIDTH 7 0
BBX 1 14 0 -3
BITMAP
80
80
80
80
80
80
80
80
80
80
80
80
80
80
ENDCHAR
STARTCHAR uni2590
ENCODING 9616
SWIDTH 636 0
DWIDTH 7 0
BBX 4 14 3 -3
BITMAP
F0
F0
F0
F0
F0
F0
F0
F0
F0
F0
F0
F0
F0
F0
ENDCHAR
STARTCHAR uni2591
ENCODING 9617
SWIDTH 636 0
DWIDTH 7 0
BBX 7 14 0 -3
BITMAP
44
A8
12
48
12
A8
14
A0
0A
50
84
52
A8
12
ENDCHAR
STARTCHAR uni2592
ENCODING 9618
SWIDTH 636 0
DWIDTH 7 0
BBX 7 14 0 -3
BITMAP
AC
DE
B4
6E
BA
D4
BE
56
EA
BC
DA
B4
5E
EA
ENDCHAR
STARTCHAR uni2593
ENCODING 9619
SWIDTH 636 0
DWIDTH 7 0
BBX 7 14 0 -3
BITMAP
FE
BE
FC
EE
FE
DA
FE
7E
FA
DE
FE
F6
BE
FC
ENDCHAR
STARTCHAR uni2594
ENCODING 9620
SWIDTH 636 0
DWIDTH 7 0
BBX 7 2 0 9
BITMAP
FE
FE
ENDCHAR
STARTCHAR uni2595
ENCODING 9621
SWIDTH 636 0
DWIDTH 7 0
BBX 1 14 6 -3
BITMAP
80
80
80
80
80
80
80
80
80
80
80
80
80
80
ENDCHAR
STARTCHAR uni2596
ENCODING 9622
SWIDTH 636 0
DWIDTH 7 0
BBX 4 7 0 -3
BITMAP
F0
F0
F0
F0
F0
F0
F0
ENDCHAR
STARTCHAR uni2597
ENCODING 9623
SWIDTH 636 0
DWIDTH 7 0
BBX 4 7 3 -3
BITMAP
F0
F0
F0
F0
F0
F0
F0
ENDCHAR
STARTCHAR uni2598
ENCODING 9624
SWIDTH 636 0
DWIDTH 7 0
BBX 4 7 0 4
BITMAP
F0
F0
F0
F0
F0
F0
F0
ENDCHAR
STARTCHAR uni2599
ENCODING 9625
SWIDTH 636 0
DWIDTH 7 0
BBX 7 14 0 -3
BITMAP
F0
F0
F0
F0
F0
F0
F0
FE
FE
FE
FE
FE
FE
FE
ENDCHAR
STARTCHAR uni259A
ENCODING 9626
SWIDTH 636 0
DWIDTH 7 0
BBX 7 14 0 -3
BITMAP
F0
F0
F0
F0
F0
F0
F0
1E
1E
1E
1E
1E
1E
1E
ENDCHAR
STARTCHAR uni259B
ENCODING 9627
SWIDTH 636 0
DWIDTH 7 0
BBX 7 14 0 -3
BITMAP
FE
FE
FE
FE
FE
FE
FE
F0
F0
F0
F0
F0
F0
F0
ENDCHAR
STARTCHAR uni259C
ENCODING 9628
SWIDTH 636 0
DWIDTH 7 0
BBX 7 14 0 -3
BITMAP
FE
FE
FE
FE
FE
FE
FE
1E
1E
1E
1E
1E
1E
1E
ENDCHAR
STARTCHAR uni259D
ENCODING 9629
SWIDTH 636 0
DWIDTH 7 0
BBX 4 7 3 4
BITMAP
F0
F0
F0
F0
F0
F0
F0
ENDCHAR
STARTCHAR uni259E
ENCODING 9630
SWIDTH 636 0
DWIDTH 7 0
BBX 7 14 0 -3
BITMAP
1E
1E
1E
1E
1E
1E
1E
F0
F0
F0
F0
F0
F0
F0
ENDCHAR
STARTCHAR uni259F
ENCODING 9631
SWIDTH 636 0
DWIDTH 7 0
BBX 7 14 0 -3
BITMAP
1E
1E
1E
1E
1E
1E
1E
FE
FE
FE
FE
FE
FE
FE
ENDCHAR
STARTCHAR uni25A0
ENCODING 9632
SWIDTH 636 0
DWIDTH 7 0
BBX 7 7 0 0
BITMAP
FE
FE
FE
FE
FE
FE
FE
ENDCHAR
STARTCHAR uni25A1
ENCODING 9633
SWIDTH 636 0
DWIDTH 7 0
BBX 7 7 0 0
BITMAP
FE
82
82
82
82
82
FE
ENDCHAR
STARTCHAR uni25AA
ENCODING 9642
SWIDTH 636 0
DWIDTH 7 0
BBX 5 5 1 1
BITMAP
F8
F8
F8
F8
F8
ENDCHAR
STARTCHAR uni25AB
ENCODING 9643
SWIDTH 636 0
DWIDTH 7 0
BBX 5 5 1 1
BITMAP
F8
88
88
88
F8
ENDCHAR
STARTCHAR uni25B2
ENCODING 9650
SWIDTH 636 0
DWIDTH 7 0
BBX 7 6 0 1
BITMAP
10
38
38
7C
7C
FE
ENDCHAR
STARTCHAR uni25B3
ENCODING 9651
SWIDTH 636 0
DWIDTH 7 0
BBX 7 6 0 1
BITMAP
10
28
28
44
44
FE
ENDCHAR
STARTCHAR uni25B7
ENCODING 9655
SWIDTH 636 0
DWIDTH 7 0
BBX 6 7 0 0
BITMAP
80
E0
98
84
98
E0
80
ENDCHAR
STARTCHAR uni25BA
ENCODING 9658
SWIDTH 636 0
DWIDTH 7 0
BBX 6 7 0 0
BITMAP
80
E0
F8
FC
F8
E0
80
ENDCHAR
STARTCHAR uni25BC
ENCODING 9660
SWIDTH 636 0
DWIDTH 7 0
BBX 7 6 0 1
BITMAP
FE
7C
7C
38
38
10
ENDCHAR
STARTCHAR uni25BD
ENCODING 9661
SWIDTH 636 0
DWIDTH 7 0
BBX 7 6 0 1
BITMAP
FE
44
44
28
28
10
ENDCHAR
STARTCHAR uni25C1
ENCODING 9665
SWIDTH 636 0
DWIDTH 7 0
BBX 6 7 1 0
BITMAP
04
1C
64
84
64
1C
04
ENDCHAR
STARTCHAR uni25C4
ENCODING 9668
SWIDTH 636 0
DWIDTH 7 0
BBX 6 7 1 0
BITMAP
04
1C
7C
FC
7C
1C
04
ENDCHAR
STARTCHAR uni25CA
ENCODING 9674
SWIDTH 636 0
DWIDTH 7 0
BBX 5 10 1 -1
BITMAP
20
20
50
50
88
88
50
50
20
20
ENDCHAR
STARTCHAR uni25CC
ENCODING 9676
SWIDTH 636 0
DWIDTH 7 0
BBX 5 6 1 0
BITMAP
70
00
88
88
00
70
ENDCHAR
STARTCHAR uni2605
ENCODING 9733
SWIDTH 636 0
DWIDTH 7 0
BBX 7 8 0 0
BITMAP
10
10
FE
7C
38
38
6C
44
ENDCHAR
STARTCHAR uni2606
ENCODING 9734
SWIDTH 636 0
DWIDTH 7 0
BBX 7 8 0 0
BITMAP
10
10
FE
44
28
38
6C
44
ENDCHAR
STARTCHAR uni2660
ENCODING 9824
SWIDTH 636 0
DWIDTH 7 0
BBX 7 8 0 0
BITMAP
10
38
7C
FE
FE
7C
10
38
ENDCHAR
STARTCHAR uni2663
ENCODING 9827
SWIDTH 636 0
DWIDTH 7 0
BBX 7 8 0 0
BITMAP
10
38
38
54
FE
FE
54
10
ENDCHAR
STARTCHAR uni2665
ENCODING 9829
SWIDTH 636 0
DWIDTH 7 0
BBX 7 7 0 0
BITMAP
6C
FE
FE
FE
7C
38
10
ENDCHAR
STARTCHAR uni2666
ENCODING 9830
SWIDTH 636 0
DWIDTH 7 0
BBX 7 8 0 0
BITMAP
10
38
7C
FE
FE
7C
38
10
ENDCHAR
STARTCHAR uni2669
ENCODING 9833
SWIDTH 636 0
DWIDTH 7 0
BBX 4 9 1 -1
BITMAP
10
10
10
10
10
70
F0
F0
60
ENDCHAR
STARTCHAR uni266A
ENCODING 9834
SWIDTH 636 0
DWIDTH 7 0
BBX 6 9 1 -1
BITMAP
10
18
14
14
10
70
F0
F0
60
ENDCHAR
STARTCHAR uni266B
ENCODING 9835
SWIDTH 636 0
DWIDTH 7 0
BBX 7 11 0 -2
BITMAP
02
0E
32
22
22
26
2E
6E
E4
E0
40
ENDCHAR
STARTCHAR uni266C
ENCODING 9836
SWIDTH 636 0
DWIDTH 7 0
BBX 7 11 0 -2
BITMAP
02
0E
32
2E
32
26
2E
6E
E4
E0
40
ENDCHAR
STARTCHAR uni2726
ENCODING 10022
SWIDTH 636 0
DWIDTH 7 0
BBX 7 7 0 0
BITMAP
10
10
38
FE
38
10
10
ENDCHAR
STARTCHAR uni2727
ENCODING 10023
SWIDTH 636 0
DWIDTH 7 0
BBX 7 7 0 0
BITMAP
10
10
28
C6
28
10
10
ENDCHAR
STARTCHAR uni276C
ENCODING 10092
SWIDTH 636 0
DWIDTH 7 0
BBX 3 10 2 -1
BITMAP
20
20
40
40
80
80
40
40
20
20
ENDCHAR
STARTCHAR uni276D
ENCODING 10093
SWIDTH 636 0
DWIDTH 7 0
BBX 3 10 2 -1
BITMAP
80
80
40
40
20
20
40
40
80
80
ENDCHAR
STARTCHAR uni276E
ENCODING 10094
SWIDTH 636 0
DWIDTH 7 0
BBX 4 10 2 -1
BITMAP
30
30
60
60
C0
C0
60
60
30
30
ENDCHAR
STARTCHAR uni276F
ENCODING 10095
SWIDTH 636 0
DWIDTH 7 0
BBX 4 10 1 -1
BITMAP
C0
C0
60
60
30
30
60
60
C0
C0
ENDCHAR
STARTCHAR uni2770
ENCODING 10096
SWIDTH 636 0
DWIDTH 7 0
BBX 5 10 1 -1
BITMAP
38
38
70
70
E0
E0
70
70
38
38
ENDCHAR
STARTCHAR uni2771
ENCODING 10097
SWIDTH 636 0
DWIDTH 7 0
BBX 5 10 1 -1
BITMAP
E0
E0
70
70
38
38
70
70
E0
E0
ENDCHAR
STARTCHAR uni27E8
ENCODING 10216
SWIDTH 636 0
DWIDTH 7 0
BBX 5 9 1 -1
BITMAP
08
10
20
40
80
40
20
10
08
ENDCHAR
STARTCHAR uni27E9
ENCODING 10217
SWIDTH 636 0
DWIDTH 7 0
BBX 5 9 1 -1
BITMAP
80
40
20
10
08
10
20
40
80
ENDCHAR
STARTCHAR uni2E17
ENCODING 11799
SWIDTH 636 0
DWIDTH 7 0
BBX 5 5 1 1
BITMAP
08
70
88
70
80
ENDCHAR
STARTCHAR uniA78B
ENCODING 42891
SWIDTH 636 0
DWIDTH 7 0
BBX 1 3 3 5
BITMAP
80
80
80
ENDCHAR
STARTCHAR uniA78C
ENCODING 42892
SWIDTH 636 0
DWIDTH 7 0
BBX 1 3 3 5
BITMAP
80
80
80
ENDCHAR
STARTCHAR uni1FB82
ENCODING 129922
SWIDTH 636 0
DWIDTH 7 0
BBX 7 3 0 8
BITMAP
FE
FE
FE
ENDCHAR
STARTCHAR uni1FB83
ENCODING 129923
SWIDTH 636 0
DWIDTH 7 0
BBX 7 5 0 6
BITMAP
FE
FE
FE
FE
FE
ENDCHAR
STARTCHAR uni1FB84
ENCODING 129924
SWIDTH 636 0
DWIDTH 7 0
BBX 7 9 0 2
BITMAP
FE
FE
FE
FE
FE
FE
FE
FE
FE
ENDCHAR
STARTCHAR uni1FB85
ENCODING 129925
SWIDTH 636 0
DWIDTH 7 0
BBX 7 11 0 0
BITMAP
FE
FE
FE
FE
FE
FE
FE
FE
FE
FE
FE
ENDCHAR
STARTCHAR uni1FB86
ENCODING 129926
SWIDTH 636 0
DWIDTH 7 0
BBX 7 12 0 -1
BITMAP
FE
FE
FE
FE
FE
FE
FE
FE
FE
FE
FE
FE
ENDCHAR
STARTCHAR uni1FB87
ENCODING 129927
SWIDTH 636 0
DWIDTH 7 0
BBX 2 14 5 -3
BITMAP
C0
C0
C0
C0
C0
C0
C0
C0
C0
C0
C0
C0
C0
C0
ENDCHAR
STARTCHAR uni1FB88
ENCODING 129928
SWIDTH 636 0
DWIDTH 7 0
BBX 3 14 4 -3
BITMAP
E0
E0
E0
E0
E0
E0
E0
E0
E0
E0
E0
E0
E0
E0
ENDCHAR
STARTCHAR uni1FB89
ENCODING 129929
SWIDTH 636 0
DWIDTH 7 0
BBX 5 14 2 -3
BITMAP
F8
F8
F8
F8
F8
F8
F8
F8
F8
F8
F8
F8
F8
F8
ENDCHAR
STARTCHAR uni1FB8A
ENCODING 129930
SWIDTH 636 0
DWIDTH 7 0
BBX 6 14 1 -3
BITMAP
FC
FC
FC
FC
FC
FC
FC
FC
FC
FC
FC
FC
FC
FC
ENDCHAR
STARTCHAR uni1FB8B
ENCODING 129931
SWIDTH 636 0
DWIDTH 7 0
BBX 6 14 1 -3
BITMAP
FC
FC
FC
FC
FC
FC
FC
FC
FC
FC
FC
FC
FC
FC
ENDCHAR
ENDFONT
