STARTFONT 2.1
FONT -TakWolf-Jelly Pixel 12px Prop zh_tw-Regular-R-Normal-Sans Serif-12-120-75-75-P-104-ISO10646-1
SIZE 12 75 75
FONTBOUNDINGBOX 12 16 0 -3
STARTPROPERTIES 24
FOUNDRY "TakWolf"
FAMILY_NAME "Jelly Pixel 12px Prop zh_tw"
WEIGHT_NAME "Regular"
SLANT "R"
SETWIDTH_NAME "Normal"
ADD_STYLE_NAME "Sans Serif"
PIXEL_SIZE 12
POINT_SIZE 120
RESOLUTION_X 75
RESOLUTION_Y 75
SPACING "P"
AVERAGE_WIDTH 104
CHARSET_REGISTRY "ISO10646"
CHARSET_ENCODING "1"
DEFAULT_CHAR -1
FONT_ASCENT 13
FONT_DESCENT 3
X_HEIGHT 6
CAP_HEIGHT 9
UNDERLINE_POSITION -1
UNDERLINE_THICKNESS 1
FONT_VERSION "2026.08.11"
COPYRIGHT "Copyright (c) 2026, TakWolf (https://takwolf.com)"
LICENSE "This Font Software is licensed under the SIL Open Font License, Version 1.1"
ENDPROPERTIES
CHARS 3823
STARTCHAR .notdef
ENCODING -1
SWIDTH 1000 0
DWIDTH 12 0
BBX 12 12 0 -1
BITMAP
7FE0
8010
8010
8010
8010
8010
8010
8010
8010
8010
8010
7FE0
ENDCHAR
STARTCHAR u0020
ENCODING 32
SWIDTH 500 0
DWIDTH 6 0
BBX 6 18 0 -4
BITMAP
00
00
00
00
00
00
00
00
00
00
00
00
00
00
00
00
00
00
ENDCHAR
STARTCHAR u0021
ENCODING 33
SWIDTH 334 0
DWIDTH 4 0
BBX 4 18 0 -4
BITMAP
00
00
00
00
00
40
40
40
40
40
40
40
00
40
00
00
00
00
ENDCHAR
STARTCHAR u0022
ENCODING 34
SWIDTH 500 0
DWIDTH 6 0
BBX 6 18 0 -4
BITMAP
00
00
00
00
00
50
50
50
00
00
00
00
00
00
00
00
00
00
ENDCHAR
STARTCHAR u0023
ENCODING 35
SWIDTH 584 0
DWIDTH 7 0
BBX 7 18 0 -4
BITMAP
00
00
00
00
00
48
48
FC
48
48
48
FC
48
48
00
00
00
00
ENDCHAR
STARTCHAR u0024
ENCODING 36
SWIDTH 500 0
DWIDTH 6 0
BBX 6 18 0 -4
BITMAP
00
00
00
00
20
70
A8
A0
A0
70
28
28
A8
70
20
00
00
00
ENDCHAR
STARTCHAR u0025
ENCODING 37
SWIDTH 667 0
DWIDTH 8 0
BBX 8 18 0 -4
BITMAP
00
00
00
00
00
44
A4
48
08
10
20
24
4A
44
00
00
00
00
ENDCHAR
STARTCHAR u0026
ENCODING 38
SWIDTH 584 0
DWIDTH 7 0
BBX 7 18 0 -4
BITMAP
00
00
00
00
00
30
48
48
30
64
94
88
88
74
00
00
00
00
ENDCHAR
STARTCHAR u0027
ENCODING 39
SWIDTH 334 0
DWIDTH 4 0
BBX 4 18 0 -4
BITMAP
00
00
00
00
00
40
40
40
00
00
00
00
00
00
00
00
00
00
ENDCHAR
STARTCHAR u0028
ENCODING 40
SWIDTH 500 0
DWIDTH 6 0
BBX 6 18 0 -4
BITMAP
00
00
00
00
10
20
20
40
40
40
40
40
20
20
10
00
00
00
ENDCHAR
STARTCHAR u0029
ENCODING 41
SWIDTH 500 0
DWIDTH 6 0
BBX 6 18 0 -4
BITMAP
00
00
00
00
40
20
20
10
10
10
10
10
20
20
40
00
00
00
ENDCHAR
STARTCHAR u002A
ENCODING 42
SWIDTH 500 0
DWIDTH 6 0
BBX 6 18 0 -4
BITMAP
00
00
00
00
00
00
00
00
20
A8
70
A8
20
00
00
00
00
00
ENDCHAR
STARTCHAR u002B
ENCODING 43
SWIDTH 500 0
DWIDTH 6 0
BBX 6 18 0 -4
BITMAP
00
00
00
00
00
00
00
00
20
20
F8
20
20
00
00
00
00
00
ENDCHAR
STARTCHAR u002C
ENCODING 44
SWIDTH 334 0
DWIDTH 4 0
BBX 4 18 0 -4
BITMAP
00
00
00
00
00
00
00
00
00
00
00
00
00
40
40
80
00
00
ENDCHAR
STARTCHAR u002D
ENCODING 45
SWIDTH 500 0
DWIDTH 6 0
BBX 6 18 0 -4
BITMAP
00
00
00
00
00
00
00
00
00
00
F8
00
00
00
00
00
00
00
ENDCHAR
STARTCHAR u002E
ENCODING 46
SWIDTH 334 0
DWIDTH 4 0
BBX 4 18 0 -4
BITMAP
00
00
00
00
00
00
00
00
00
00
00
00
00
40
00
00
00
00
ENDCHAR
STARTCHAR u002F
ENCODING 47
SWIDTH 500 0
DWIDTH 6 0
BBX 6 18 0 -4
BITMAP
00
00
00
00
08
08
10
10
20
20
20
40
40
80
80
00
00
00
ENDCHAR
STARTCHAR u0030
ENCODING 48
SWIDTH 500 0
DWIDTH 6 0
BBX 6 18 0 -4
BITMAP
00
00
00
00
00
70
88
88
98
A8
C8
88
88
70
00
00
00
00
ENDCHAR
STARTCHAR u0031
ENCODING 49
SWIDTH 500 0
DWIDTH 6 0
BBX 6 18 0 -4
BITMAP
00
00
00
00
00
20
60
20
20
20
20
20
20
70
00
00
00
00
ENDCHAR
STARTCHAR u0032
ENCODING 50
SWIDTH 500 0
DWIDTH 6 0
BBX 6 18 0 -4
BITMAP
00
00
00
00
00
70
88
08
08
10
20
40
80
F8
00
00
00
00
ENDCHAR
STARTCHAR u0033
ENCODING 51
SWIDTH 500 0
DWIDTH 6 0
BBX 6 18 0 -4
BITMAP
00
00
00
00
00
70
88
08
08
30
08
08
88
70
00
00
00
00
ENDCHAR
STARTCHAR u0034
ENCODING 52
SWIDTH 500 0
DWIDTH 6 0
BBX 6 18 0 -4
BITMAP
00
00
00
00
00
10
30
30
50
50
90
F8
10
10
00
00
00
00
ENDCHAR
STARTCHAR u0035
ENCODING 53
SWIDTH 500 0
DWIDTH 6 0
BBX 6 18 0 -4
BITMAP
00
00
00
00
00
F8
80
80
80
F0
08
08
88
70
00
00
00
00
ENDCHAR
STARTCHAR u0036
ENCODING 54
SWIDTH 500 0
DWIDTH 6 0
BBX 6 18 0 -4
BITMAP
00
00
00
00
00
70
88
80
80
F0
88
88
88
70
00
00
00
00
ENDCHAR
STARTCHAR u0037
ENCODING 55
SWIDTH 500 0
DWIDTH 6 0
BBX 6 18 0 -4
BITMAP
00
00
00
00
00
F0
08
08
10
10
20
20
20
20
00
00
00
00
ENDCHAR
STARTCHAR u0038
ENCODING 56
SWIDTH 500 0
DWIDTH 6 0
BBX 6 18 0 -4
BITMAP
00
00
00
00
00
70
88
88
88
70
88
88
88
70
00
00
00
00
ENDCHAR
STARTCHAR u0039
ENCODING 57
SWIDTH 500 0
DWIDTH 6 0
BBX 6 18 0 -4
BITMAP
00
00
00
00
00
70
88
88
88
78
08
08
88
70
00
00
00
00
ENDCHAR
STARTCHAR u003A
ENCODING 58
SWIDTH 334 0
DWIDTH 4 0
BBX 4 18 0 -4
BITMAP
00
00
00
00
00
00
00
00
40
00
00
00
00
40
00
00
00
00
ENDCHAR
STARTCHAR u003B
ENCODING 59
SWIDTH 334 0
DWIDTH 4 0
BBX 4 18 0 -4
BITMAP
00
00
00
00
00
00
00
00
40
00
00
00
00
40
40
80
00
00
ENDCHAR
STARTCHAR u003C
ENCODING 60
SWIDTH 417 0
DWIDTH 5 0
BBX 5 18 0 -4
BITMAP
00
00
00
00
00
00
00
10
20
40
80
40
20
10
00
00
00
00
ENDCHAR
STARTCHAR u003D
ENCODING 61
SWIDTH 500 0
DWIDTH 6 0
BBX 6 18 0 -4
BITMAP
00
00
00
00
00
00
00
00
00
F8
00
F8
00
00
00
00
00
00
ENDCHAR
STARTCHAR u003E
ENCODING 62
SWIDTH 417 0
DWIDTH 5 0
BBX 5 18 0 -4
BITMAP
00
00
00
00
00
00
00
80
40
20
10
20
40
80
00
00
00
00
ENDCHAR
STARTCHAR u003F
ENCODING 63
SWIDTH 500 0
DWIDTH 6 0
BBX 6 18 0 -4
BITMAP
00
00
00
00
00
70
88
08
08
10
20
20
00
20
00
00
00
00
ENDCHAR
STARTCHAR u0040
ENCODING 64
SWIDTH 667 0
DWIDTH 8 0
BBX 8 18 0 -4
BITMAP
00
00
00
00
00
38
44
9A
AA
AA
AA
AA
B6
40
3C
00
00
00
ENDCHAR
STARTCHAR u0041
ENCODING 65
SWIDTH 667 0
DWIDTH 8 0
BBX 8 18 0 -4
BITMAP
00
00
00
00
00
10
10
28
28
44
7C
44
82
82
00
00
00
00
ENDCHAR
STARTCHAR u0042
ENCODING 66
SWIDTH 584 0
DWIDTH 7 0
BBX 7 18 0 -4
BITMAP
00
00
00
00
00
F8
84
84
84
F8
84
84
84
F8
00
00
00
00
ENDCHAR
STARTCHAR u0043
ENCODING 67
SWIDTH 584 0
DWIDTH 7 0
BBX 7 18 0 -4
BITMAP
00
00
00
00
00
38
44
80
80
80
80
80
44
38
00
00
00
00
ENDCHAR
STARTCHAR u0044
ENCODING 68
SWIDTH 584 0
DWIDTH 7 0
BBX 7 18 0 -4
BITMAP
00
00
00
00
00
F0
88
84
84
84
84
84
88
F0
00
00
00
00
ENDCHAR
STARTCHAR u0045
ENCODING 69
SWIDTH 584 0
DWIDTH 7 0
BBX 7 18 0 -4
BITMAP
00
00
00
00
00
7C
80
80
80
F8
80
80
80
7C
00
00
00
00
ENDCHAR
STARTCHAR u0046
ENCODING 70
SWIDTH 584 0
DWIDTH 7 0
BBX 7 18 0 -4
BITMAP
00
00
00
00
00
7C
80
80
80
F8
80
80
80
80
00
00
00
00
ENDCHAR
STARTCHAR u0047
ENCODING 71
SWIDTH 584 0
DWIDTH 7 0
BBX 7 18 0 -4
BITMAP
00
00
00
00
00
38
44
80
80
80
8C
84
44
38
00
00
00
00
ENDCHAR
STARTCHAR u0048
ENCODING 72
SWIDTH 584 0
DWIDTH 7 0
BBX 7 18 0 -4
BITMAP
00
00
00
00
00
84
84
84
84
FC
84
84
84
84
00
00
00
00
ENDCHAR
STARTCHAR u0049
ENCODING 73
SWIDTH 334 0
DWIDTH 4 0
BBX 4 18 0 -4
BITMAP
00
00
00
00
00
E0
40
40
40
40
40
40
40
E0
00
00
00
00
ENDCHAR
STARTCHAR u004A
ENCODING 74
SWIDTH 500 0
DWIDTH 6 0
BBX 6 18 0 -4
BITMAP
00
00
00
00
00
08
08
08
08
08
08
88
88
70
00
00
00
00
ENDCHAR
STARTCHAR u004B
ENCODING 75
SWIDTH 584 0
DWIDTH 7 0
BBX 7 18 0 -4
BITMAP
00
00
00
00
00
84
88
90
A0
C0
A0
90
88
84
00
00
00
00
ENDCHAR
STARTCHAR u004C
ENCODING 76
SWIDTH 500 0
DWIDTH 6 0
BBX 6 18 0 -4
BITMAP
00
00
00
00
00
80
80
80
80
80
80
80
80
78
00
00
00
00
ENDCHAR
STARTCHAR u004D
ENCODING 77
SWIDTH 667 0
DWIDTH 8 0
BBX 8 18 0 -4
BITMAP
00
00
00
00
00
82
82
C6
C6
AA
AA
92
92
92
00
00
00
00
ENDCHAR
STARTCHAR u004E
ENCODING 78
SWIDTH 584 0
DWIDTH 7 0
BBX 7 18 0 -4
BITMAP
00
00
00
00
00
84
C4
A4
A4
94
94
8C
8C
84
00
00
00
00
ENDCHAR
STARTCHAR u004F
ENCODING 79
SWIDTH 667 0
DWIDTH 8 0
BBX 8 18 0 -4
BITMAP
00
00
00
00
00
38
44
82
82
82
82
82
44
38
00
00
00
00
ENDCHAR
STARTCHAR u0050
ENCODING 80
SWIDTH 584 0
DWIDTH 7 0
BBX 7 18 0 -4
BITMAP
00
00
00
00
00
F8
84
84
84
F8
80
80
80
80
00
00
00
00
ENDCHAR
STARTCHAR u0051
ENCODING 81
SWIDTH 667 0
DWIDTH 8 0
BBX 8 18 0 -4
BITMAP
00
00
00
00
00
38
44
82
82
82
82
8A
44
3A
00
00
00
00
ENDCHAR
STARTCHAR u0052
ENCODING 82
SWIDTH 584 0
DWIDTH 7 0
BBX 7 18 0 -4
BITMAP
00
00
00
00
00
F8
84
84
84
F8
90
88
88
84
00
00
00
00
ENDCHAR
STARTCHAR u0053
ENCODING 83
SWIDTH 584 0
DWIDTH 7 0
BBX 7 18 0 -4
BITMAP
00
00
00
00
00
78
84
80
40
30
08
04
84
78
00
00
00
00
ENDCHAR
STARTCHAR u0054
ENCODING 84
SWIDTH 667 0
DWIDTH 8 0
BBX 8 18 0 -4
BITMAP
00
00
00
00
00
FE
10
10
10
10
10
10
10
10
00
00
00
00
ENDCHAR
STARTCHAR u0055
ENCODING 85
SWIDTH 584 0
DWIDTH 7 0
BBX 7 18 0 -4
BITMAP
00
00
00
00
00
84
84
84
84
84
84
84
84
78
00
00
00
00
ENDCHAR
STARTCHAR u0056
ENCODING 86
SWIDTH 667 0
DWIDTH 8 0
BBX 8 18 0 -4
BITMAP
00
00
00
00
00
82
82
44
44
44
28
28
10
10
00
00
00
00
ENDCHAR
STARTCHAR u0057
ENCODING 87
SWIDTH 834 0
DWIDTH 10 0
BBX 10 18 0 -4
BITMAP
0000
0000
0000
0000
0000
8880
8880
8880
5500
5500
5500
2200
2200
2200
0000
0000
0000
0000
ENDCHAR
STARTCHAR u0058
ENCODING 88
SWIDTH 667 0
DWIDTH 8 0
BBX 8 18 0 -4
BITMAP
00
00
00
00
00
82
44
44
28
10
28
44
44
82
00
00
00
00
ENDCHAR
STARTCHAR u0059
ENCODING 89
SWIDTH 667 0
DWIDTH 8 0
BBX 8 18 0 -4
BITMAP
00
00
00
00
00
82
44
44
28
28
10
10
10
10
00
00
00
00
ENDCHAR
STARTCHAR u005A
ENCODING 90
SWIDTH 584 0
DWIDTH 7 0
BBX 7 18 0 -4
BITMAP
00
00
00
00
00
FC
04
08
10
20
20
40
80
FC
00
00
00
00
ENDCHAR
STARTCHAR u005B
ENCODING 91
SWIDTH 500 0
DWIDTH 6 0
BBX 6 18 0 -4
BITMAP
00
00
00
00
70
40
40
40
40
40
40
40
40
40
70
00
00
00
ENDCHAR
STARTCHAR u005C
ENCODING 92
SWIDTH 500 0
DWIDTH 6 0
BBX 6 18 0 -4
BITMAP
00
00
00
00
80
80
40
40
20
20
20
10
10
08
08
00
00
00
ENDCHAR
STARTCHAR u005D
ENCODING 93
SWIDTH 500 0
DWIDTH 6 0
BBX 6 18 0 -4
BITMAP
00
00
00
00
70
10
10
10
10
10
10
10
10
10
70
00
00
00
ENDCHAR
STARTCHAR u005E
ENCODING 94
SWIDTH 500 0
DWIDTH 6 0
BBX 6 18 0 -4
BITMAP
00
00
00
00
00
20
50
88
00
00
00
00
00
00
00
00
00
00
ENDCHAR
STARTCHAR u005F
ENCODING 95
SWIDTH 500 0
DWIDTH 6 0
BBX 6 18 0 -4
BITMAP
00
00
00
00
00
00
00
00
00
00
00
00
00
00
00
F8
00
00
ENDCHAR
STARTCHAR u0060
ENCODING 96
SWIDTH 417 0
DWIDTH 5 0
BBX 5 18 0 -4
BITMAP
00
00
00
00
00
40
20
00
00
00
00
00
00
00
00
00
00
00
ENDCHAR
STARTCHAR u0061
ENCODING 97
SWIDTH 500 0
DWIDTH 6 0
BBX 6 18 0 -4
BITMAP
00
00
00
00
00
00
00
00
70
08
78
88
88
78
00
00
00
00
ENDCHAR
STARTCHAR u0062
ENCODING 98
SWIDTH 500 0
DWIDTH 6 0
BBX 6 18 0 -4
BITMAP
00
00
00
00
00
80
80
80
F0
88
88
88
88
F0
00
00
00
00
ENDCHAR
STARTCHAR u0063
ENCODING 99
SWIDTH 500 0
DWIDTH 6 0
BBX 6 18 0 -4
BITMAP
00
00
00
00
00
00
00
00
70
88
80
80
88
70
00
00
00
00
ENDCHAR
STARTCHAR u0064
ENCODING 100
SWIDTH 500 0
DWIDTH 6 0
BBX 6 18 0 -4
BITMAP
00
00
00
00
00
08
08
08
78
88
88
88
88
78
00
00
00
00
ENDCHAR
STARTCHAR u0065
ENCODING 101
SWIDTH 500 0
DWIDTH 6 0
BBX 6 18 0 -4
BITMAP
00
00
00
00
00
00
00
00
70
88
F8
80
88
70
00
00
00
00
ENDCHAR
STARTCHAR u0066
ENCODING 102
SWIDTH 417 0
DWIDTH 5 0
BBX 5 18 0 -4
BITMAP
00
00
00
00
00
30
40
40
F0
40
40
40
40
40
00
00
00
00
ENDCHAR
STARTCHAR u0067
ENCODING 103
SWIDTH 500 0
DWIDTH 6 0
BBX 6 18 0 -4
BITMAP
00
00
00
00
00
00
00
00
78
88
88
88
88
78
08
70
00
00
ENDCHAR
STARTCHAR u0068
ENCODING 104
SWIDTH 500 0
DWIDTH 6 0
BBX 6 18 0 -4
BITMAP
00
00
00
00
00
80
80
80
B0
C8
88
88
88
88
00
00
00
00
ENDCHAR
STARTCHAR u0069
ENCODING 105
SWIDTH 334 0
DWIDTH 4 0
BBX 4 18 0 -4
BITMAP
00
00
00
00
00
40
00
00
C0
40
40
40
40
E0
00
00
00
00
ENDCHAR
STARTCHAR u006A
ENCODING 106
SWIDTH 334 0
DWIDTH 4 0
BBX 4 18 0 -4
BITMAP
00
00
00
00
00
20
00
00
E0
20
20
20
20
20
20
C0
00
00
ENDCHAR
STARTCHAR u006B
ENCODING 107
SWIDTH 500 0
DWIDTH 6 0
BBX 6 18 0 -4
BITMAP
00
00
00
00
00
80
80
80
88
B0
C0
A0
90
88
00
00
00
00
ENDCHAR
STARTCHAR u006C
ENCODING 108
SWIDTH 334 0
DWIDTH 4 0
BBX 4 18 0 -4
BITMAP
00
00
00
00
00
C0
40
40
40
40
40
40
40
60
00
00
00
00
ENDCHAR
STARTCHAR u006D
ENCODING 109
SWIDTH 667 0
DWIDTH 8 0
BBX 8 18 0 -4
BITMAP
00
00
00
00
00
00
00
00
EC
92
92
92
92
92
00
00
00
00
ENDCHAR
STARTCHAR u006E
ENCODING 110
SWIDTH 500 0
DWIDTH 6 0
BBX 6 18 0 -4
BITMAP
00
00
00
00
00
00
00
00
B0
C8
88
88
88
88
00
00
00
00
ENDCHAR
STARTCHAR u006F
ENCODING 111
SWIDTH 500 0
DWIDTH 6 0
BBX 6 18 0 -4
BITMAP
00
00
00
00
00
00
00
00
70
88
88
88
88
70
00
00
00
00
ENDCHAR
STARTCHAR u0070
ENCODING 112
SWIDTH 500 0
DWIDTH 6 0
BBX 6 18 0 -4
BITMAP
00
00
00
00
00
00
00
00
F0
88
88
88
88
F0
80
80
00
00
ENDCHAR
STARTCHAR u0071
ENCODING 113
SWIDTH 500 0
DWIDTH 6 0
BBX 6 18 0 -4
BITMAP
00
00
00
00
00
00
00
00
78
88
88
88
88
78
08
08
00
00
ENDCHAR
STARTCHAR u0072
ENCODING 114
SWIDTH 417 0
DWIDTH 5 0
BBX 5 18 0 -4
BITMAP
00
00
00
00
00
00
00
00
B0
C0
80
80
80
80
00
00
00
00
ENDCHAR
STARTCHAR u0073
ENCODING 115
SWIDTH 500 0
DWIDTH 6 0
BBX 6 18 0 -4
BITMAP
00
00
00
00
00
00
00
00
70
88
60
10
88
70
00
00
00
00
ENDCHAR
STARTCHAR u0074
ENCODING 116
SWIDTH 417 0
DWIDTH 5 0
BBX 5 18 0 -4
BITMAP
00
00
00
00
00
40
40
40
F0
40
40
40
40
30
00
00
00
00
ENDCHAR
STARTCHAR u0075
ENCODING 117
SWIDTH 500 0
DWIDTH 6 0
BBX 6 18 0 -4
BITMAP
00
00
00
00
00
00
00
00
88
88
88
88
98
68
00
00
00
00
ENDCHAR
STARTCHAR u0076
ENCODING 118
SWIDTH 500 0
DWIDTH 6 0
BBX 6 18 0 -4
BITMAP
00
00
00
00
00
00
00
00
88
88
50
50
20
20
00
00
00
00
ENDCHAR
STARTCHAR u0077
ENCODING 119
SWIDTH 667 0
DWIDTH 8 0
BBX 8 18 0 -4
BITMAP
00
00
00
00
00
00
00
00
92
92
AA
AA
44
44
00
00
00
00
ENDCHAR
STARTCHAR u0078
ENCODING 120
SWIDTH 500 0
DWIDTH 6 0
BBX 6 18 0 -4
BITMAP
00
00
00
00
00
00
00
00
88
50
20
20
50
88
00
00
00
00
ENDCHAR
STARTCHAR u0079
ENCODING 121
SWIDTH 500 0
DWIDTH 6 0
BBX 6 18 0 -4
BITMAP
00
00
00
00
00
00
00
00
88
88
88
50
50
20
20
C0
00
00
ENDCHAR
STARTCHAR u007A
ENCODING 122
SWIDTH 500 0
DWIDTH 6 0
BBX 6 18 0 -4
BITMAP
00
00
00
00
00
00
00
00
F8
10
20
40
80
F8
00
00
00
00
ENDCHAR
STARTCHAR u007B
ENCODING 123
SWIDTH 584 0
DWIDTH 7 0
BBX 7 18 0 -4
BITMAP
00
00
00
00
18
20
20
20
20
40
20
20
20
20
18
00
00
00
ENDCHAR
STARTCHAR u007C
ENCODING 124
SWIDTH 334 0
DWIDTH 4 0
BBX 4 18 0 -4
BITMAP
00
00
00
00
40
40
40
40
40
40
40
40
40
40
40
00
00
00
ENDCHAR
STARTCHAR u007D
ENCODING 125
SWIDTH 584 0
DWIDTH 7 0
BBX 7 18 0 -4
BITMAP
00
00
00
00
60
10
10
10
10
08
10
10
10
10
60
00
00
00
ENDCHAR
STARTCHAR u007E
ENCODING 126
SWIDTH 500 0
DWIDTH 6 0
BBX 6 18 0 -4
BITMAP
00
00
00
00
00
00
00
00
40
A8
10
00
00
00
00
00
00
00
ENDCHAR
STARTCHAR u00A1
ENCODING 161
SWIDTH 334 0
DWIDTH 4 0
BBX 4 18 0 -4
BITMAP
00
00
00
00
00
00
00
40
00
40
40
40
40
40
40
40
00
00
ENDCHAR
STARTCHAR u00A2
ENCODING 162
SWIDTH 500 0
DWIDTH 6 0
BBX 6 18 0 -4
BITMAP
00
00
00
00
00
00
00
20
70
A8
A0
A0
A8
70
20
00
00
00
ENDCHAR
STARTCHAR u00A3
ENCODING 163
SWIDTH 500 0
DWIDTH 6 0
BBX 6 18 0 -4
BITMAP
00
00
00
00
00
70
88
80
80
40
F0
40
80
F8
00
00
00
00
ENDCHAR
STARTCHAR u00A4
ENCODING 164
SWIDTH 667 0
DWIDTH 8 0
BBX 8 18 0 -4
BITMAP
00
00
00
00
00
00
BA
44
82
82
82
44
BA
00
00
00
00
00
ENDCHAR
STARTCHAR u00A5
ENCODING 165
SWIDTH 500 0
DWIDTH 6 0
BBX 6 18 0 -4
BITMAP
00
00
00
00
00
88
88
50
50
F8
20
F8
20
20
00
00
00
00
ENDCHAR
STARTCHAR u00A6
ENCODING 166
SWIDTH 334 0
DWIDTH 4 0
BBX 4 18 0 -4
BITMAP
00
00
00
00
40
40
40
40
40
00
40
40
40
40
40
00
00
00
ENDCHAR
STARTCHAR u00A7
ENCODING 167
SWIDTH 500 0
DWIDTH 6 0
BBX 6 18 0 -4
BITMAP
00
00
00
00
00
70
88
80
60
90
88
48
30
08
88
70
00
00
ENDCHAR
STARTCHAR u00A8
ENCODING 168
SWIDTH 500 0
DWIDTH 6 0
BBX 6 18 0 -4
BITMAP
00
00
00
00
00
50
00
00
00
00
00
00
00
00
00
00
00
00
ENDCHAR
STARTCHAR u00A9
ENCODING 169
SWIDTH 1000 0
DWIDTH 12 0
BBX 12 12 0 -1
BITMAP
0000
0000
1F00
2080
4E40
5140
5040
5140
4E40
2080
1F00
0000
ENDCHAR
STARTCHAR u00AA
ENCODING 170
SWIDTH 417 0
DWIDTH 5 0
BBX 5 18 0 -4
BITMAP
00
00
00
00
00
60
10
70
90
70
00
00
00
00
00
00
00
00
ENDCHAR
STARTCHAR u00AB
ENCODING 171
SWIDTH 584 0
DWIDTH 7 0
BBX 7 18 0 -4
BITMAP
00
00
00
00
00
00
00
00
24
48
90
48
24
00
00
00
00
00
ENDCHAR
STARTCHAR u00AC
ENCODING 172
SWIDTH 500 0
DWIDTH 6 0
BBX 6 18 0 -4
BITMAP
00
00
00
00
00
00
00
00
F8
08
08
00
00
00
00
00
00
00
ENDCHAR
STARTCHAR u00AE
ENCODING 174
SWIDTH 1000 0
DWIDTH 12 0
BBX 12 12 0 -1
BITMAP
0000
3C00
4200
B900
A500
B900
A500
4200
3C00
0000
0000
0000
ENDCHAR
STARTCHAR u00AF
ENCODING 175
SWIDTH 500 0
DWIDTH 6 0
BBX 6 18 0 -4
BITMAP
00
00
00
00
00
F8
00
00
00
00
00
00
00
00
00
00
00
00
ENDCHAR
STARTCHAR u00B0
ENCODING 176
SWIDTH 417 0
DWIDTH 5 0
BBX 5 18 0 -4
BITMAP
00
00
00
00
60
90
90
60
00
00
00
00
00
00
00
00
00
00
ENDCHAR
STARTCHAR u00B1
ENCODING 177
SWIDTH 500 0
DWIDTH 6 0
BBX 6 18 0 -4
BITMAP
00
00
00
00
00
00
00
00
20
20
F8
20
20
F8
00
00
00
00
ENDCHAR
STARTCHAR u00B2
ENCODING 178
SWIDTH 417 0
DWIDTH 5 0
BBX 5 18 0 -4
BITMAP
00
00
00
00
60
90
10
60
80
F0
00
00
00
00
00
00
00
00
ENDCHAR
STARTCHAR u00B3
ENCODING 179
SWIDTH 417 0
DWIDTH 5 0
BBX 5 18 0 -4
BITMAP
00
00
00
00
60
90
20
10
90
60
00
00
00
00
00
00
00
00
ENDCHAR
STARTCHAR u00B4
ENCODING 180
SWIDTH 417 0
DWIDTH 5 0
BBX 5 18 0 -4
BITMAP
00
00
00
00
00
20
40
00
00
00
00
00
00
00
00
00
00
00
ENDCHAR
STARTCHAR u00B5
ENCODING 181
SWIDTH 500 0
DWIDTH 6 0
BBX 6 18 0 -4
BITMAP
00
00
00
00
00
00
00
00
88
88
88
88
98
E8
80
80
00
00
ENDCHAR
STARTCHAR u00B6
ENCODING 182
SWIDTH 584 0
DWIDTH 7 0
BBX 7 18 0 -4
BITMAP
00
00
00
00
00
3C
74
F4
F4
F4
74
34
14
14
14
14
00
00
ENDCHAR
STARTCHAR u00B7-ZH_CN
ENCODING 183
SWIDTH 1000 0
DWIDTH 12 0
BBX 12 18 0 -4
BITMAP
0000
0000
0000
0000
0000
0000
0000
0000
0000
0600
0600
0000
0000
0000
0000
0000
0000
0000
ENDCHAR
STARTCHAR u00B8
ENCODING 184
SWIDTH 500 0
DWIDTH 6 0
BBX 6 18 0 -4
BITMAP
00
00
00
00
00
00
00
00
00
00
00
00
00
20
10
60
00
00
ENDCHAR
STARTCHAR u00B9
ENCODING 185
SWIDTH 417 0
DWIDTH 5 0
BBX 5 18 0 -4
BITMAP
00
00
00
00
20
60
20
20
20
70
00
00
00
00
00
00
00
00
ENDCHAR
STARTCHAR u00BA
ENCODING 186
SWIDTH 417 0
DWIDTH 5 0
BBX 5 18 0 -4
BITMAP
00
00
00
00
00
60
90
90
90
60
00
00
00
00
00
00
00
00
ENDCHAR
STARTCHAR u00BB
ENCODING 187
SWIDTH 584 0
DWIDTH 7 0
BBX 7 18 0 -4
BITMAP
00
00
00
00
00
00
00
00
90
48
24
48
90
00
00
00
00
00
ENDCHAR
STARTCHAR u00BC
ENCODING 188
SWIDTH 1000 0
DWIDTH 12 0
BBX 12 12 0 -1
BITMAP
0000
2020
6040
2080
2100
2200
7440
08C0
1140
2140
41E0
8040
ENDCHAR
STARTCHAR u00BD
ENCODING 189
SWIDTH 1000 0
DWIDTH 12 0
BBX 12 12 0 -1
BITMAP
0000
2020
6040
2080
2100
2200
74C0
0920
1020
20C0
4100
81E0
ENDCHAR
STARTCHAR u00BE
ENCODING 190
SWIDTH 1000 0
DWIDTH 12 0
BBX 12 12 0 -1
BITMAP
0000
6020
9040
2080
1100
9200
6440
08C0
1140
2140
41E0
8040
ENDCHAR
STARTCHAR u00BF
ENCODING 191
SWIDTH 500 0
DWIDTH 6 0
BBX 6 18 0 -4
BITMAP
00
00
00
00
00
00
00
20
00
20
20
40
80
80
88
70
00
00
ENDCHAR
STARTCHAR u00C0
ENCODING 192
SWIDTH 667 0
DWIDTH 8 0
BBX 8 18 0 -4
BITMAP
00
00
20
10
00
10
10
28
28
44
7C
44
82
82
00
00
00
00
ENDCHAR
STARTCHAR u00C1
ENCODING 193
SWIDTH 667 0
DWIDTH 8 0
BBX 8 18 0 -4
BITMAP
00
00
08
10
00
10
10
28
28
44
7C
44
82
82
00
00
00
00
ENDCHAR
STARTCHAR u00C2
ENCODING 194
SWIDTH 667 0
DWIDTH 8 0
BBX 8 18 0 -4
BITMAP
00
00
10
28
00
10
10
28
28
44
7C
44
82
82
00
00
00
00
ENDCHAR
STARTCHAR u00C3
ENCODING 195
SWIDTH 667 0
DWIDTH 8 0
BBX 8 18 0 -4
BITMAP
00
00
34
48
00
10
10
28
28
44
7C
44
82
82
00
00
00
00
ENDCHAR
STARTCHAR u00C4
ENCODING 196
SWIDTH 667 0
DWIDTH 8 0
BBX 8 18 0 -4
BITMAP
00
00
00
28
00
10
10
28
28
44
7C
44
82
82
00
00
00
00
ENDCHAR
STARTCHAR u00C5
ENCODING 197
SWIDTH 667 0
DWIDTH 8 0
BBX 8 18 0 -4
BITMAP
00
10
28
10
00
10
10
28
28
44
7C
44
82
82
00
00
00
00
ENDCHAR
STARTCHAR u00C6
ENCODING 198
SWIDTH 834 0
DWIDTH 10 0
BBX 10 18 0 -4
BITMAP
0000
0000
0000
0000
0000
1F80
1800
2800
2800
4F00
7800
4800
8800
8780
0000
0000
0000
0000
ENDCHAR
STARTCHAR u00C7
ENCODING 199
SWIDTH 584 0
DWIDTH 7 0
BBX 7 18 0 -4
BITMAP
00
00
00
00
00
38
44
80
80
80
80
80
44
38
10
08
30
00
ENDCHAR
STARTCHAR u00C8
ENCODING 200
SWIDTH 584 0
DWIDTH 7 0
BBX 7 18 0 -4
BITMAP
00
00
20
10
00
7C
80
80
80
F8
80
80
80
7C
00
00
00
00
ENDCHAR
STARTCHAR u00C9
ENCODING 201
SWIDTH 584 0
DWIDTH 7 0
BBX 7 18 0 -4
BITMAP
00
00
10
20
00
7C
80
80
80
F8
80
80
80
7C
00
00
00
00
ENDCHAR
STARTCHAR u00CA
ENCODING 202
SWIDTH 584 0
DWIDTH 7 0
BBX 7 18 0 -4
BITMAP
00
00
10
28
00
7C
80
80
80
F8
80
80
80
7C
00
00
00
00
ENDCHAR
STARTCHAR u00CB
ENCODING 203
SWIDTH 584 0
DWIDTH 7 0
BBX 7 18 0 -4
BITMAP
00
00
00
48
00
7C
80
80
80
F8
80
80
80
7C
00
00
00
00
ENDCHAR
STARTCHAR u00CC
ENCODING 204
SWIDTH 334 0
DWIDTH 4 0
BBX 4 18 0 -4
BITMAP
00
00
80
40
00
E0
40
40
40
40
40
40
40
E0
00
00
00
00
ENDCHAR
STARTCHAR u00CD
ENCODING 205
SWIDTH 334 0
DWIDTH 4 0
BBX 4 18 0 -4
BITMAP
00
00
20
40
00
E0
40
40
40
40
40
40
40
E0
00
00
00
00
ENDCHAR
STARTCHAR u00CE
ENCODING 206
SWIDTH 334 0
DWIDTH 4 0
BBX 4 18 0 -4
BITMAP
00
00
40
A0
00
E0
40
40
40
40
40
40
40
E0
00
00
00
00
ENDCHAR
STARTCHAR u00CF
ENCODING 207
SWIDTH 334 0
DWIDTH 4 0
BBX 4 18 0 -4
BITMAP
00
00
00
A0
00
E0
40
40
40
40
40
40
40
E0
00
00
00
00
ENDCHAR
STARTCHAR u00D0
ENCODING 208
SWIDTH 667 0
DWIDTH 8 0
BBX 8 18 0 -4
BITMAP
00
00
00
00
00
78
44
42
42
F2
42
42
44
78
00
00
00
00
ENDCHAR
STARTCHAR u00D1
ENCODING 209
SWIDTH 584 0
DWIDTH 7 0
BBX 7 18 0 -4
BITMAP
00
00
34
48
00
84
C4
A4
A4
94
94
8C
8C
84
00
00
00
00
ENDCHAR
STARTCHAR u00D2
ENCODING 210
SWIDTH 667 0
DWIDTH 8 0
BBX 8 18 0 -4
BITMAP
00
00
20
10
00
38
44
82
82
82
82
82
44
38
00
00
00
00
ENDCHAR
STARTCHAR u00D3
ENCODING 211
SWIDTH 667 0
DWIDTH 8 0
BBX 8 18 0 -4
BITMAP
00
00
08
10
00
38
44
82
82
82
82
82
44
38
00
00
00
00
ENDCHAR
STARTCHAR u00D4
ENCODING 212
SWIDTH 667 0
DWIDTH 8 0
BBX 8 18 0 -4
BITMAP
00
00
10
28
00
38
44
82
82
82
82
82
44
38
00
00
00
00
ENDCHAR
STARTCHAR u00D5
ENCODING 213
SWIDTH 667 0
DWIDTH 8 0
BBX 8 18 0 -4
BITMAP
00
00
34
48
00
38
44
82
82
82
82
82
44
38
00
00
00
00
ENDCHAR
STARTCHAR u00D6
ENCODING 214
SWIDTH 667 0
DWIDTH 8 0
BBX 8 18 0 -4
BITMAP
00
00
00
28
00
38
44
82
82
82
82
82
44
38
00
00
00
00
ENDCHAR
STARTCHAR u00D7
ENCODING 215
SWIDTH 500 0
DWIDTH 6 0
BBX 6 18 0 -4
BITMAP
00
00
00
00
00
00
00
00
88
50
20
50
88
00
00
00
00
00
ENDCHAR
STARTCHAR u00D8
ENCODING 216
SWIDTH 667 0
DWIDTH 8 0
BBX 8 18 0 -4
BITMAP
00
00
00
00
02
3A
44
8A
8A
92
A2
A2
44
B8
80
00
00
00
ENDCHAR
STARTCHAR u00D9
ENCODING 217
SWIDTH 584 0
DWIDTH 7 0
BBX 7 18 0 -4
BITMAP
00
00
20
10
00
84
84
84
84
84
84
84
84
78
00
00
00
00
ENDCHAR
STARTCHAR u00DA
ENCODING 218
SWIDTH 584 0
DWIDTH 7 0
BBX 7 18 0 -4
BITMAP
00
00
10
20
00
84
84
84
84
84
84
84
84
78
00
00
00
00
ENDCHAR
STARTCHAR u00DB
ENCODING 219
SWIDTH 584 0
DWIDTH 7 0
BBX 7 18 0 -4
BITMAP
00
00
10
28
00
84
84
84
84
84
84
84
84
78
00
00
00
00
ENDCHAR
STARTCHAR u00DC
ENCODING 220
SWIDTH 584 0
DWIDTH 7 0
BBX 7 18 0 -4
BITMAP
00
00
00
48
00
84
84
84
84
84
84
84
84
78
00
00
00
00
ENDCHAR
STARTCHAR u00DD
ENCODING 221
SWIDTH 667 0
DWIDTH 8 0
BBX 8 18 0 -4
BITMAP
00
00
08
10
00
82
44
44
28
28
10
10
10
10
00
00
00
00
ENDCHAR
STARTCHAR u00DE
ENCODING 222
SWIDTH 584 0
DWIDTH 7 0
BBX 7 18 0 -4
BITMAP
00
00
00
00
00
80
80
F8
84
84
84
F8
80
80
00
00
00
00
ENDCHAR
STARTCHAR u00DF
ENCODING 223
SWIDTH 500 0
DWIDTH 6 0
BBX 6 18 0 -4
BITMAP
00
00
00
00
00
60
90
90
A0
A0
90
88
88
B0
00
00
00
00
ENDCHAR
STARTCHAR u00E0
ENCODING 224
SWIDTH 500 0
DWIDTH 6 0
BBX 6 18 0 -4
BITMAP
00
00
00
00
00
40
20
00
70
08
78
88
88
78
00
00
00
00
ENDCHAR
STARTCHAR u00E1
ENCODING 225
SWIDTH 500 0
DWIDTH 6 0
BBX 6 18 0 -4
BITMAP
00
00
00
00
00
10
20
00
70
08
78
88
88
78
00
00
00
00
ENDCHAR
STARTCHAR u00E2
ENCODING 226
SWIDTH 500 0
DWIDTH 6 0
BBX 6 18 0 -4
BITMAP
00
00
00
00
00
20
50
00
70
08
78
88
88
78
00
00
00
00
ENDCHAR
STARTCHAR u00E3
ENCODING 227
SWIDTH 500 0
DWIDTH 6 0
BBX 6 18 0 -4
BITMAP
00
00
00
00
00
68
90
00
70
08
78
88
88
78
00
00
00
00
ENDCHAR
STARTCHAR u00E4
ENCODING 228
SWIDTH 500 0
DWIDTH 6 0
BBX 6 18 0 -4
BITMAP
00
00
00
00
00
50
00
00
70
08
78
88
88
78
00
00
00
00
ENDCHAR
STARTCHAR u00E5
ENCODING 229
SWIDTH 500 0
DWIDTH 6 0
BBX 6 18 0 -4
BITMAP
00
00
00
00
20
50
20
00
70
08
78
88
88
78
00
00
00
00
ENDCHAR
STARTCHAR u00E6
ENCODING 230
SWIDTH 834 0
DWIDTH 10 0
BBX 10 18 0 -4
BITMAP
0000
0000
0000
0000
0000
0000
0000
0000
7700
0880
7F80
8800
8880
7700
0000
0000
0000
0000
ENDCHAR
STARTCHAR u00E7
ENCODING 231
SWIDTH 500 0
DWIDTH 6 0
BBX 6 18 0 -4
BITMAP
00
00
00
00
00
00
00
00
70
88
80
80
88
70
20
10
60
00
ENDCHAR
STARTCHAR u00E8
ENCODING 232
SWIDTH 500 0
DWIDTH 6 0
BBX 6 18 0 -4
BITMAP
00
00
00
00
00
40
20
00
70
88
F8
80
88
70
00
00
00
00
ENDCHAR
STARTCHAR u00E9
ENCODING 233
SWIDTH 500 0
DWIDTH 6 0
BBX 6 18 0 -4
BITMAP
00
00
00
00
00
10
20
00
70
88
F8
80
88
70
00
00
00
00
ENDCHAR
STARTCHAR u00EA
ENCODING 234
SWIDTH 500 0
DWIDTH 6 0
BBX 6 18 0 -4
BITMAP
00
00
00
00
00
20
50
00
70
88
F8
80
88
70
00
00
00
00
ENDCHAR
STARTCHAR u00EB
ENCODING 235
SWIDTH 500 0
DWIDTH 6 0
BBX 6 18 0 -4
BITMAP
00
00
00
00
00
50
00
00
70
88
F8
80
88
70
00
00
00
00
ENDCHAR
STARTCHAR u00EC
ENCODING 236
SWIDTH 334 0
DWIDTH 4 0
BBX 4 18 0 -4
BITMAP
00
00
00
00
00
80
40
00
C0
40
40
40
40
E0
00
00
00
00
ENDCHAR
STARTCHAR u00ED
ENCODING 237
SWIDTH 334 0
DWIDTH 4 0
BBX 4 18 0 -4
BITMAP
00
00
00
00
00
20
40
00
C0
40
40
40
40
E0
00
00
00
00
ENDCHAR
STARTCHAR u00EE
ENCODING 238
SWIDTH 334 0
DWIDTH 4 0
BBX 4 18 0 -4
BITMAP
00
00
00
00
00
40
A0
00
C0
40
40
40
40
E0
00
00
00
00
ENDCHAR
STARTCHAR u00EF
ENCODING 239
SWIDTH 334 0
DWIDTH 4 0
BBX 4 18 0 -4
BITMAP
00
00
00
00
00
A0
00
00
C0
40
40
40
40
E0
00
00
00
00
ENDCHAR
STARTCHAR u00F0
ENCODING 240
SWIDTH 500 0
DWIDTH 6 0
BBX 6 18 0 -4
BITMAP
00
00
00
00
40
38
E0
10
70
88
88
88
88
70
00
00
00
00
ENDCHAR
STARTCHAR u00F1
ENCODING 241
SWIDTH 500 0
DWIDTH 6 0
BBX 6 18 0 -4
BITMAP
00
00
00
00
00
68
90
00
B0
C8
88
88
88
88
00
00
00
00
ENDCHAR
STARTCHAR u00F2
ENCODING 242
SWIDTH 500 0
DWIDTH 6 0
BBX 6 18 0 -4
BITMAP
00
00
00
00
00
40
20
00
70
88
88
88
88
70
00
00
00
00
ENDCHAR
STARTCHAR u00F3
ENCODING 243
SWIDTH 500 0
DWIDTH 6 0
BBX 6 18 0 -4
BITMAP
00
00
00
00
00
10
20
00
70
88
88
88
88
70
00
00
00
00
ENDCHAR
STARTCHAR u00F4
ENCODING 244
SWIDTH 500 0
DWIDTH 6 0
BBX 6 18 0 -4
BITMAP
00
00
00
00
00
20
50
00
70
88
88
88
88
70
00
00
00
00
ENDCHAR
STARTCHAR u00F5
ENCODING 245
SWIDTH 500 0
DWIDTH 6 0
BBX 6 18 0 -4
BITMAP
00
00
00
00
00
68
90
00
70
88
88
88
88
70
00
00
00
00
ENDCHAR
STARTCHAR u00F6
ENCODING 246
SWIDTH 500 0
DWIDTH 6 0
BBX 6 18 0 -4
BITMAP
00
00
00
00
00
50
00
00
70
88
88
88
88
70
00
00
00
00
ENDCHAR
STARTCHAR u00F7
ENCODING 247
SWIDTH 500 0
DWIDTH 6 0
BBX 6 18 0 -4
BITMAP
00
00
00
00
00
00
00
00
20
00
F8
00
20
00
00
00
00
00
ENDCHAR
STARTCHAR u00F8
ENCODING 248
SWIDTH 500 0
DWIDTH 6 0
BBX 6 18 0 -4
BITMAP
00
00
00
00
00
00
00
08
70
98
A8
A8
C8
70
80
00
00
00
ENDCHAR
STARTCHAR u00F9
ENCODING 249
SWIDTH 500 0
DWIDTH 6 0
BBX 6 18 0 -4
BITMAP
00
00
00
00
00
40
20
00
88
88
88
88
98
68
00
00
00
00
ENDCHAR
STARTCHAR u00FA
ENCODING 250
SWIDTH 500 0
DWIDTH 6 0
BBX 6 18 0 -4
BITMAP
00
00
00
00
00
10
20
00
88
88
88
88
98
68
00
00
00
00
ENDCHAR
STARTCHAR u00FB
ENCODING 251
SWIDTH 500 0
DWIDTH 6 0
BBX 6 18 0 -4
BITMAP
00
00
00
00
00
20
50
00
88
88
88
88
98
68
00
00
00
00
ENDCHAR
STARTCHAR u00FC
ENCODING 252
SWIDTH 500 0
DWIDTH 6 0
BBX 6 18 0 -4
BITMAP
00
00
00
00
00
50
00
00
88
88
88
88
98
68
00
00
00
00
ENDCHAR
STARTCHAR u00FD
ENCODING 253
SWIDTH 500 0
DWIDTH 6 0
BBX 6 18 0 -4
BITMAP
00
00
00
00
00
10
20
00
88
88
88
50
50
20
20
C0
00
00
ENDCHAR
STARTCHAR u00FE
ENCODING 254
SWIDTH 500 0
DWIDTH 6 0
BBX 6 18 0 -4
BITMAP
00
00
00
00
00
80
80
80
F0
88
88
88
88
F0
80
80
00
00
ENDCHAR
STARTCHAR u00FF
ENCODING 255
SWIDTH 500 0
DWIDTH 6 0
BBX 6 18 0 -4
BITMAP
00
00
00
00
00
50
00
00
88
88
88
50
50
20
20
C0
00
00
ENDCHAR
STARTCHAR u0100
ENCODING 256
SWIDTH 667 0
DWIDTH 8 0
BBX 8 18 0 -4
BITMAP
00
00
00
38
00
10
10
28
28
44
7C
44
82
82
00
00
00
00
ENDCHAR
STARTCHAR u0101
ENCODING 257
SWIDTH 500 0
DWIDTH 6 0
BBX 6 18 0 -4
BITMAP
00
00
00
00
00
70
00
00
70
08
78
88
88
78
00
00
00
00
ENDCHAR
STARTCHAR u0102
ENCODING 258
SWIDTH 667 0
DWIDTH 8 0
BBX 8 18 0 -4
BITMAP
00
00
44
38
00
10
10
28
28
44
7C
44
82
82
00
00
00
00
ENDCHAR
STARTCHAR u0103
ENCODING 259
SWIDTH 500 0
DWIDTH 6 0
BBX 6 18 0 -4
BITMAP
00
00
00
00
00
48
30
00
70
08
78
88
88
78
00
00
00
00
ENDCHAR
STARTCHAR u0104
ENCODING 260
SWIDTH 667 0
DWIDTH 8 0
BBX 8 18 0 -4
BITMAP
00
00
00
00
00
10
10
28
28
44
7C
44
82
82
04
02
00
00
ENDCHAR
STARTCHAR u0105
ENCODING 261
SWIDTH 500 0
DWIDTH 6 0
BBX 6 18 0 -4
BITMAP
00
00
00
00
00
00
00
00
70
08
78
88
88
78
08
10
08
00
ENDCHAR
STARTCHAR u0106
ENCODING 262
SWIDTH 584 0
DWIDTH 7 0
BBX 7 18 0 -4
BITMAP
00
00
08
10
00
38
44
80
80
80
80
80
44
38
00
00
00
00
ENDCHAR
STARTCHAR u0107
ENCODING 263
SWIDTH 500 0
DWIDTH 6 0
BBX 6 18 0 -4
BITMAP
00
00
00
00
00
10
20
00
70
88
80
80
88
70
00
00
00
00
ENDCHAR
STARTCHAR u0108
ENCODING 264
SWIDTH 584 0
DWIDTH 7 0
BBX 7 18 0 -4
BITMAP
00
00
10
28
00
38
44
80
80
80
80
80
44
38
00
00
00
00
ENDCHAR
STARTCHAR u0109
ENCODING 265
SWIDTH 500 0
DWIDTH 6 0
BBX 6 18 0 -4
BITMAP
00
00
00
00
00
20
50
00
70
88
80
80
88
70
00
00
00
00
ENDCHAR
STARTCHAR u010A
ENCODING 266
SWIDTH 584 0
DWIDTH 7 0
BBX 7 18 0 -4
BITMAP
00
00
00
10
00
38
44
80
80
80
80
80
44
38
00
00
00
00
ENDCHAR
STARTCHAR u010B
ENCODING 267
SWIDTH 500 0
DWIDTH 6 0
BBX 6 18 0 -4
BITMAP
00
00
00
00
00
20
00
00
70
88
80
80
88
70
00
00
00
00
ENDCHAR
STARTCHAR u010C
ENCODING 268
SWIDTH 584 0
DWIDTH 7 0
BBX 7 18 0 -4
BITMAP
00
00
28
10
00
38
44
80
80
80
80
80
44
38
00
00
00
00
ENDCHAR
STARTCHAR u010D
ENCODING 269
SWIDTH 500 0
DWIDTH 6 0
BBX 6 18 0 -4
BITMAP
00
00
00
00
00
50
20
00
70
88
80
80
88
70
00
00
00
00
ENDCHAR
STARTCHAR u010E
ENCODING 270
SWIDTH 584 0
DWIDTH 7 0
BBX 7 18 0 -4
BITMAP
00
00
50
20
00
F0
88
84
84
84
84
84
88
F0
00
00
00
00
ENDCHAR
STARTCHAR u010F
ENCODING 271
SWIDTH 667 0
DWIDTH 8 0
BBX 8 18 0 -4
BITMAP
00
00
00
00
00
0A
0A
08
78
88
88
88
88
78
00
00
00
00
ENDCHAR
STARTCHAR u0110
ENCODING 272
SWIDTH 667 0
DWIDTH 8 0
BBX 8 18 0 -4
BITMAP
00
00
00
00
00
78
44
42
42
F2
42
42
44
78
00
00
00
00
ENDCHAR
STARTCHAR u0111
ENCODING 273
SWIDTH 584 0
DWIDTH 7 0
BBX 7 18 0 -4
BITMAP
00
00
00
00
00
08
3C
08
78
88
88
88
88
78
00
00
00
00
ENDCHAR
STARTCHAR u0112
ENCODING 274
SWIDTH 584 0
DWIDTH 7 0
BBX 7 18 0 -4
BITMAP
00
00
00
78
00
7C
80
80
80
F8
80
80
80
7C
00
00
00
00
ENDCHAR
STARTCHAR u0113
ENCODING 275
SWIDTH 500 0
DWIDTH 6 0
BBX 6 18 0 -4
BITMAP
00
00
00
00
00
70
00
00
70
88
F8
80
88
70
00
00
00
00
ENDCHAR
STARTCHAR u0114
ENCODING 276
SWIDTH 584 0
DWIDTH 7 0
BBX 7 18 0 -4
BITMAP
00
00
48
30
00
7C
80
80
80
F8
80
80
80
7C
00
00
00
00
ENDCHAR
STARTCHAR u0115
ENCODING 277
SWIDTH 500 0
DWIDTH 6 0
BBX 6 18 0 -4
BITMAP
00
00
00
00
00
48
30
00
70
88
F8
80
88
70
00
00
00
00
ENDCHAR
STARTCHAR u0116
ENCODING 278
SWIDTH 584 0
DWIDTH 7 0
BBX 7 18 0 -4
BITMAP
00
00
00
10
00
7C
80
80
80
F8
80
80
80
7C
00
00
00
00
ENDCHAR
STARTCHAR u0117
ENCODING 279
SWIDTH 500 0
DWIDTH 6 0
BBX 6 18 0 -4
BITMAP
00
00
00
00
00
20
00
00
70
88
F8
80
88
70
00
00
00
00
ENDCHAR
STARTCHAR u0118
ENCODING 280
SWIDTH 584 0
DWIDTH 7 0
BBX 7 18 0 -4
BITMAP
00
00
00
00
00
7C
80
80
80
F8
80
80
80
7C
08
10
0C
00
ENDCHAR
STARTCHAR u0119
ENCODING 281
SWIDTH 500 0
DWIDTH 6 0
BBX 6 18 0 -4
BITMAP
00
00
00
00
00
00
00
00
70
88
F8
80
88
70
10
20
18
00
ENDCHAR
STARTCHAR u011A
ENCODING 282
SWIDTH 584 0
DWIDTH 7 0
BBX 7 18 0 -4
BITMAP
00
00
28
10
00
7C
80
80
80
F8
80
80
80
7C
00
00
00
00
ENDCHAR
STARTCHAR u011B
ENCODING 283
SWIDTH 500 0
DWIDTH 6 0
BBX 6 18 0 -4
BITMAP
00
00
00
00
00
50
20
00
70
88
F8
80
88
70
00
00
00
00
ENDCHAR
STARTCHAR u011C
ENCODING 284
SWIDTH 584 0
DWIDTH 7 0
BBX 7 18 0 -4
BITMAP
00
00
10
28
00
38
44
80
80
80
8C
84
44
38
00
00
00
00
ENDCHAR
STARTCHAR u011D
ENCODING 285
SWIDTH 500 0
DWIDTH 6 0
BBX 6 18 0 -4
BITMAP
00
00
00
00
00
20
50
00
78
88
88
88
88
78
08
70
00
00
ENDCHAR
STARTCHAR u011E
ENCODING 286
SWIDTH 584 0
DWIDTH 7 0
BBX 7 18 0 -4
BITMAP
00
00
44
38
00
38
44
80
80
80
8C
84
44
38
00
00
00
00
ENDCHAR
STARTCHAR u011F
ENCODING 287
SWIDTH 500 0
DWIDTH 6 0
BBX 6 18 0 -4
BITMAP
00
00
00
00
00
48
30
00
78
88
88
88
88
78
08
70
00
00
ENDCHAR
STARTCHAR u0120
ENCODING 288
SWIDTH 584 0
DWIDTH 7 0
BBX 7 18 0 -4
BITMAP
00
00
00
10
00
38
44
80
80
80
8C
84
44
38
00
00
00
00
ENDCHAR
STARTCHAR u0121
ENCODING 289
SWIDTH 500 0
DWIDTH 6 0
BBX 6 18 0 -4
BITMAP
00
00
00
00
00
20
00
00
78
88
88
88
88
78
08
70
00
00
ENDCHAR
STARTCHAR u0122
ENCODING 290
SWIDTH 584 0
DWIDTH 7 0
BBX 7 18 0 -4
BITMAP
00
00
00
00
00
38
44
80
80
80
8C
84
44
38
00
10
20
00
ENDCHAR
STARTCHAR u0123
ENCODING 291
SWIDTH 500 0
DWIDTH 6 0
BBX 6 18 0 -4
BITMAP
00
00
00
00
00
10
20
00
78
88
88
88
88
78
08
70
00
00
ENDCHAR
STARTCHAR u0124
ENCODING 292
SWIDTH 584 0
DWIDTH 7 0
BBX 7 18 0 -4
BITMAP
00
00
10
28
00
84
84
84
84
FC
84
84
84
84
00
00
00
00
ENDCHAR
STARTCHAR u0125
ENCODING 293
SWIDTH 500 0
DWIDTH 6 0
BBX 6 18 0 -4
BITMAP
00
00
20
50
00
80
80
80
B0
C8
88
88
88
88
00
00
00
00
ENDCHAR
STARTCHAR u0126
ENCODING 294
SWIDTH 750 0
DWIDTH 9 0
BBX 9 18 0 -4
BITMAP
0000
0000
0000
0000
0000
4200
4200
FF00
4200
7E00
4200
4200
4200
4200
0000
0000
0000
0000
ENDCHAR
STARTCHAR u0127
ENCODING 295
SWIDTH 584 0
DWIDTH 7 0
BBX 7 18 0 -4
BITMAP
00
00
00
00
00
40
F0
40
58
64
44
44
44
44
00
00
00
00
ENDCHAR
STARTCHAR u0128
ENCODING 296
SWIDTH 334 0
DWIDTH 4 0
BBX 4 18 0 -4
BITMAP
00
00
50
A0
00
E0
40
40
40
40
40
40
40
E0
00
00
00
00
ENDCHAR
STARTCHAR u0129
ENCODING 297
SWIDTH 334 0
DWIDTH 4 0
BBX 4 18 0 -4
BITMAP
00
00
00
00
00
50
A0
00
C0
40
40
40
40
E0
00
00
00
00
ENDCHAR
STARTCHAR u012A
ENCODING 298
SWIDTH 334 0
DWIDTH 4 0
BBX 4 18 0 -4
BITMAP
00
00
00
E0
00
E0
40
40
40
40
40
40
40
E0
00
00
00
00
ENDCHAR
STARTCHAR u012B
ENCODING 299
SWIDTH 334 0
DWIDTH 4 0
BBX 4 18 0 -4
BITMAP
00
00
00
00
00
E0
00
00
C0
40
40
40
40
E0
00
00
00
00
ENDCHAR
STARTCHAR u012C
ENCODING 300
SWIDTH 334 0
DWIDTH 4 0
BBX 4 18 0 -4
BITMAP
00
00
90
60
00
E0
40
40
40
40
40
40
40
E0
00
00
00
00
ENDCHAR
STARTCHAR u012D
ENCODING 301
SWIDTH 334 0
DWIDTH 4 0
BBX 4 18 0 -4
BITMAP
00
00
00
00
00
90
60
00
C0
40
40
40
40
E0
00
00
00
00
ENDCHAR
STARTCHAR u012E
ENCODING 302
SWIDTH 334 0
DWIDTH 4 0
BBX 4 18 0 -4
BITMAP
00
00
00
00
00
E0
40
40
40
40
40
40
40
E0
40
80
60
00
ENDCHAR
STARTCHAR u012F
ENCODING 303
SWIDTH 334 0
DWIDTH 4 0
BBX 4 18 0 -4
BITMAP
00
00
00
00
00
40
00
00
C0
40
40
40
40
E0
40
80
60
00
ENDCHAR
STARTCHAR u0130
ENCODING 304
SWIDTH 334 0
DWIDTH 4 0
BBX 4 18 0 -4
BITMAP
00
00
00
40
00
E0
40
40
40
40
40
40
40
E0
00
00
00
00
ENDCHAR
STARTCHAR u0131
ENCODING 305
SWIDTH 334 0
DWIDTH 4 0
BBX 4 18 0 -4
BITMAP
00
00
00
00
00
00
00
00
C0
40
40
40
40
E0
00
00
00
00
ENDCHAR
STARTCHAR u0132
ENCODING 306
SWIDTH 834 0
DWIDTH 10 0
BBX 10 18 0 -4
BITMAP
0000
0000
0000
0000
0000
E080
4080
4080
4080
4080
4080
4880
4880
E700
0000
0000
0000
0000
ENDCHAR
STARTCHAR u0133
ENCODING 307
SWIDTH 584 0
DWIDTH 7 0
BBX 7 18 0 -4
BITMAP
00
00
00
00
00
44
00
00
DC
44
44
44
44
E4
04
18
00
00
ENDCHAR
STARTCHAR u0134
ENCODING 308
SWIDTH 500 0
DWIDTH 6 0
BBX 6 18 0 -4
BITMAP
00
00
10
28
00
08
08
08
08
08
08
88
88
70
00
00
00
00
ENDCHAR
STARTCHAR u0135
ENCODING 309
SWIDTH 334 0
DWIDTH 4 0
BBX 4 18 0 -4
BITMAP
00
00
00
00
00
40
A0
00
E0
20
20
20
20
20
20
C0
00
00
ENDCHAR
STARTCHAR u0136
ENCODING 310
SWIDTH 584 0
DWIDTH 7 0
BBX 7 18 0 -4
BITMAP
00
00
00
00
00
84
88
90
A0
C0
A0
90
88
84
00
20
40
00
ENDCHAR
STARTCHAR u0137
ENCODING 311
SWIDTH 500 0
DWIDTH 6 0
BBX 6 18 0 -4
BITMAP
00
00
00
00
00
80
80
80
88
B0
C0
A0
90
88
00
20
40
00
ENDCHAR
STARTCHAR u0138
ENCODING 312
SWIDTH 500 0
DWIDTH 6 0
BBX 6 18 0 -4
BITMAP
00
00
00
00
00
00
00
00
88
B0
C0
A0
90
88
00
00
00
00
ENDCHAR
STARTCHAR u0139
ENCODING 313
SWIDTH 500 0
DWIDTH 6 0
BBX 6 18 0 -4
BITMAP
00
00
40
80
00
80
80
80
80
80
80
80
80
78
00
00
00
00
ENDCHAR
STARTCHAR u013A
ENCODING 314
SWIDTH 334 0
DWIDTH 4 0
BBX 4 18 0 -4
BITMAP
00
00
20
40
00
C0
40
40
40
40
40
40
40
60
00
00
00
00
ENDCHAR
STARTCHAR u013B
ENCODING 315
SWIDTH 500 0
DWIDTH 6 0
BBX 6 18 0 -4
BITMAP
00
00
00
00
00
80
80
80
80
80
80
80
80
78
00
20
40
00
ENDCHAR
STARTCHAR u013C
ENCODING 316
SWIDTH 334 0
DWIDTH 4 0
BBX 4 18 0 -4
BITMAP
00
00
00
00
00
C0
40
40
40
40
40
40
40
60
00
40
80
00
ENDCHAR
STARTCHAR u013D
ENCODING 317
SWIDTH 500 0
DWIDTH 6 0
BBX 6 18 0 -4
BITMAP
00
00
00
00
00
A0
A0
80
80
80
80
80
80
78
00
00
00
00
ENDCHAR
STARTCHAR u013E
ENCODING 318
SWIDTH 417 0
DWIDTH 5 0
BBX 5 18 0 -4
BITMAP
00
00
00
00
00
D0
50
40
40
40
40
40
40
60
00
00
00
00
ENDCHAR
STARTCHAR u013F
ENCODING 319
SWIDTH 500 0
DWIDTH 6 0
BBX 6 18 0 -4
BITMAP
00
00
00
00
00
80
80
80
80
A0
80
80
80
78
00
00
00
00
ENDCHAR
STARTCHAR u0140
ENCODING 320
SWIDTH 417 0
DWIDTH 5 0
BBX 5 18 0 -4
BITMAP
00
00
00
00
00
C0
40
40
40
50
40
40
40
60
00
00
00
00
ENDCHAR
STARTCHAR u0141
ENCODING 321
SWIDTH 584 0
DWIDTH 7 0
BBX 7 18 0 -4
BITMAP
00
00
00
00
00
40
40
50
60
40
C0
40
40
3C
00
00
00
00
ENDCHAR
STARTCHAR u0142
ENCODING 322
SWIDTH 334 0
DWIDTH 4 0
BBX 4 18 0 -4
BITMAP
00
00
00
00
00
C0
40
40
60
40
C0
40
40
60
00
00
00
00
ENDCHAR
STARTCHAR u0143
ENCODING 323
SWIDTH 584 0
DWIDTH 7 0
BBX 7 18 0 -4
BITMAP
00
00
10
20
00
84
C4
A4
A4
94
94
8C
8C
84
00
00
00
00
ENDCHAR
STARTCHAR u0144
ENCODING 324
SWIDTH 500 0
DWIDTH 6 0
BBX 6 18 0 -4
BITMAP
00
00
00
00
00
10
20
00
B0
C8
88
88
88
88
00
00
00
00
ENDCHAR
STARTCHAR u0145
ENCODING 325
SWIDTH 584 0
DWIDTH 7 0
BBX 7 18 0 -4
BITMAP
00
00
00
00
00
84
C4
A4
A4
94
94
8C
8C
84
00
10
20
00
ENDCHAR
STARTCHAR u0146
ENCODING 326
SWIDTH 500 0
DWIDTH 6 0
BBX 6 18 0 -4
BITMAP
00
00
00
00
00
00
00
00
B0
C8
88
88
88
88
00
20
40
00
ENDCHAR
STARTCHAR u0147
ENCODING 327
SWIDTH 584 0
DWIDTH 7 0
BBX 7 18 0 -4
BITMAP
00
00
28
10
00
84
C4
A4
A4
94
94
8C
8C
84
00
00
00
00
ENDCHAR
STARTCHAR u0148
ENCODING 328
SWIDTH 500 0
DWIDTH 6 0
BBX 6 18 0 -4
BITMAP
00
00
00
00
00
50
20
00
B0
C8
88
88
88
88
00
00
00
00
ENDCHAR
STARTCHAR u0149
ENCODING 329
SWIDTH 500 0
DWIDTH 6 0
BBX 6 18 0 -4
BITMAP
00
00
00
00
00
40
80
00
B0
C8
88
88
88
88
00
00
00
00
ENDCHAR
STARTCHAR u014A
ENCODING 330
SWIDTH 584 0
DWIDTH 7 0
BBX 7 18 0 -4
BITMAP
00
00
00
00
00
84
C4
A4
A4
94
94
8C
8C
84
04
18
00
00
ENDCHAR
STARTCHAR u014B
ENCODING 331
SWIDTH 500 0
DWIDTH 6 0
BBX 6 18 0 -4
BITMAP
00
00
00
00
00
00
00
00
B0
C8
88
88
88
88
08
30
00
00
ENDCHAR
STARTCHAR u014C
ENCODING 332
SWIDTH 667 0
DWIDTH 8 0
BBX 8 18 0 -4
BITMAP
00
00
00
38
00
38
44
82
82
82
82
82
44
38
00
00
00
00
ENDCHAR
STARTCHAR u014D
ENCODING 333
SWIDTH 500 0
DWIDTH 6 0
BBX 6 18 0 -4
BITMAP
00
00
00
00
00
70
00
00
70
88
88
88
88
70
00
00
00
00
ENDCHAR
STARTCHAR u014E
ENCODING 334
SWIDTH 667 0
DWIDTH 8 0
BBX 8 18 0 -4
BITMAP
00
00
44
38
00
38
44
82
82
82
82
82
44
38
00
00
00
00
ENDCHAR
STARTCHAR u014F
ENCODING 335
SWIDTH 500 0
DWIDTH 6 0
BBX 6 18 0 -4
BITMAP
00
00
00
00
00
48
30
00
70
88
88
88
88
70
00
00
00
00
ENDCHAR
STARTCHAR u0150
ENCODING 336
SWIDTH 667 0
DWIDTH 8 0
BBX 8 18 0 -4
BITMAP
00
00
14
28
00
38
44
82
82
82
82
82
44
38
00
00
00
00
ENDCHAR
STARTCHAR u0151
ENCODING 337
SWIDTH 500 0
DWIDTH 6 0
BBX 6 18 0 -4
BITMAP
00
00
00
00
00
28
50
00
70
88
88
88
88
70
00
00
00
00
ENDCHAR
STARTCHAR u0152
ENCODING 338
SWIDTH 917 0
DWIDTH 11 0
BBX 11 18 0 -4
BITMAP
0000
0000
0000
0000
0000
33C0
4C00
8400
8400
8780
8400
8400
4C00
33C0
0000
0000
0000
0000
ENDCHAR
STARTCHAR u0153
ENCODING 339
SWIDTH 834 0
DWIDTH 10 0
BBX 10 18 0 -4
BITMAP
0000
0000
0000
0000
0000
0000
0000
0000
7700
8880
8F80
8800
8880
7700
0000
0000
0000
0000
ENDCHAR
STARTCHAR u0154
ENCODING 340
SWIDTH 584 0
DWIDTH 7 0
BBX 7 18 0 -4
BITMAP
00
00
10
20
00
F8
84
84
84
F8
90
88
88
84
00
00
00
00
ENDCHAR
STARTCHAR u0155
ENCODING 341
SWIDTH 417 0
DWIDTH 5 0
BBX 5 18 0 -4
BITMAP
00
00
00
00
00
20
40
00
B0
C0
80
80
80
80
00
00
00
00
ENDCHAR
STARTCHAR u0156
ENCODING 342
SWIDTH 584 0
DWIDTH 7 0
BBX 7 18 0 -4
BITMAP
00
00
00
00
00
F8
84
84
84
F8
90
88
88
84
00
20
40
00
ENDCHAR
STARTCHAR u0157
ENCODING 343
SWIDTH 417 0
DWIDTH 5 0
BBX 5 18 0 -4
BITMAP
00
00
00
00
00
00
00
00
B0
C0
80
80
80
80
00
20
40
00
ENDCHAR
STARTCHAR u0158
ENCODING 344
SWIDTH 584 0
DWIDTH 7 0
BBX 7 18 0 -4
BITMAP
00
00
50
20
00
F8
84
84
84
F8
90
88
88
84
00
00
00
00
ENDCHAR
STARTCHAR u0159
ENCODING 345
SWIDTH 417 0
DWIDTH 5 0
BBX 5 18 0 -4
BITMAP
00
00
00
00
00
A0
40
00
B0
C0
80
80
80
80
00
00
00
00
ENDCHAR
STARTCHAR u015A
ENCODING 346
SWIDTH 584 0
DWIDTH 7 0
BBX 7 18 0 -4
BITMAP
00
00
10
20
00
78
84
80
40
30
08
04
84
78
00
00
00
00
ENDCHAR
STARTCHAR u015B
ENCODING 347
SWIDTH 500 0
DWIDTH 6 0
BBX 6 18 0 -4
BITMAP
00
00
00
00
00
10
20
00
70
88
60
10
88
70
00
00
00
00
ENDCHAR
STARTCHAR u015C
ENCODING 348
SWIDTH 584 0
DWIDTH 7 0
BBX 7 18 0 -4
BITMAP
00
00
10
28
00
78
84
80
40
30
08
04
84
78
00
00
00
00
ENDCHAR
STARTCHAR u015D
ENCODING 349
SWIDTH 500 0
DWIDTH 6 0
BBX 6 18 0 -4
BITMAP
00
00
00
00
00
20
50
00
70
88
60
10
88
70
00
00
00
00
ENDCHAR
STARTCHAR u015E
ENCODING 350
SWIDTH 584 0
DWIDTH 7 0
BBX 7 18 0 -4
BITMAP
00
00
00
00
00
78
84
80
40
30
08
04
84
78
10
08
30
00
ENDCHAR
STARTCHAR u015F
ENCODING 351
SWIDTH 500 0
DWIDTH 6 0
BBX 6 18 0 -4
BITMAP
00
00
00
00
00
00
00
00
70
88
60
10
88
70
20
10
60
00
ENDCHAR
STARTCHAR u0160
ENCODING 352
SWIDTH 584 0
DWIDTH 7 0
BBX 7 18 0 -4
BITMAP
00
00
28
10
00
78
84
80
40
30
08
04
84
78
00
00
00
00
ENDCHAR
STARTCHAR u0161
ENCODING 353
SWIDTH 500 0
DWIDTH 6 0
BBX 6 18 0 -4
BITMAP
00
00
00
00
00
50
20
00
70
88
60
10
88
70
00
00
00
00
ENDCHAR
STARTCHAR u0162
ENCODING 354
SWIDTH 667 0
DWIDTH 8 0
BBX 8 18 0 -4
BITMAP
00
00
00
00
00
FE
10
10
10
10
10
10
10
10
08
30
00
00
ENDCHAR
STARTCHAR u0163
ENCODING 355
SWIDTH 417 0
DWIDTH 5 0
BBX 5 18 0 -4
BITMAP
00
00
00
00
00
40
40
40
F0
40
40
40
40
30
20
10
60
00
ENDCHAR
STARTCHAR u0164
ENCODING 356
SWIDTH 667 0
DWIDTH 8 0
BBX 8 18 0 -4
BITMAP
00
00
28
10
00
FE
10
10
10
10
10
10
10
10
00
00
00
00
ENDCHAR
STARTCHAR u0165
ENCODING 357
SWIDTH 417 0
DWIDTH 5 0
BBX 5 18 0 -4
BITMAP
00
00
00
00
10
50
40
40
F0
40
40
40
40
30
00
00
00
00
ENDCHAR
STARTCHAR u0166
ENCODING 358
SWIDTH 667 0
DWIDTH 8 0
BBX 8 18 0 -4
BITMAP
00
00
00
00
00
FE
10
10
7C
10
10
10
10
10
00
00
00
00
ENDCHAR
STARTCHAR u0167
ENCODING 359
SWIDTH 417 0
DWIDTH 5 0
BBX 5 18 0 -4
BITMAP
00
00
00
00
00
40
40
40
F0
40
F0
40
40
30
00
00
00
00
ENDCHAR
STARTCHAR u0168
ENCODING 360
SWIDTH 584 0
DWIDTH 7 0
BBX 7 18 0 -4
BITMAP
00
00
34
48
00
84
84
84
84
84
84
84
84
78
00
00
00
00
ENDCHAR
STARTCHAR u0169
ENCODING 361
SWIDTH 500 0
DWIDTH 6 0
BBX 6 18 0 -4
BITMAP
00
00
00
00
00
68
90
00
88
88
88
88
98
68
00
00
00
00
ENDCHAR
STARTCHAR u016A
ENCODING 362
SWIDTH 584 0
DWIDTH 7 0
BBX 7 18 0 -4
BITMAP
00
00
00
78
00
84
84
84
84
84
84
84
84
78
00
00
00
00
ENDCHAR
STARTCHAR u016B
ENCODING 363
SWIDTH 500 0
DWIDTH 6 0
BBX 6 18 0 -4
BITMAP
00
00
00
00
00
70
00
00
88
88
88
88
98
68
00
00
00
00
ENDCHAR
STARTCHAR u016C
ENCODING 364
SWIDTH 584 0
DWIDTH 7 0
BBX 7 18 0 -4
BITMAP
00
00
48
30
00
84
84
84
84
84
84
84
84
78
00
00
00
00
ENDCHAR
STARTCHAR u016D
ENCODING 365
SWIDTH 500 0
DWIDTH 6 0
BBX 6 18 0 -4
BITMAP
00
00
00
00
00
48
30
00
88
88
88
88
98
68
00
00
00
00
ENDCHAR
STARTCHAR u016E
ENCODING 366
SWIDTH 584 0
DWIDTH 7 0
BBX 7 18 0 -4
BITMAP
00
10
28
10
00
84
84
84
84
84
84
84
84
78
00
00
00
00
ENDCHAR
STARTCHAR u016F
ENCODING 367
SWIDTH 500 0
DWIDTH 6 0
BBX 6 18 0 -4
BITMAP
00
00
00
00
20
50
20
00
88
88
88
88
98
68
00
00
00
00
ENDCHAR
STARTCHAR u0170
ENCODING 368
SWIDTH 584 0
DWIDTH 7 0
BBX 7 18 0 -4
BITMAP
00
00
28
50
00
84
84
84
84
84
84
84
84
78
00
00
00
00
ENDCHAR
STARTCHAR u0171
ENCODING 369
SWIDTH 500 0
DWIDTH 6 0
BBX 6 18 0 -4
BITMAP
00
00
00
00
00
28
50
00
88
88
88
88
98
68
00
00
00
00
ENDCHAR
STARTCHAR u0172
ENCODING 370
SWIDTH 584 0
DWIDTH 7 0
BBX 7 18 0 -4
BITMAP
00
00
00
00
00
84
84
84
84
84
84
84
84
78
10
20
18
00
ENDCHAR
STARTCHAR u0173
ENCODING 371
SWIDTH 500 0
DWIDTH 6 0
BBX 6 18 0 -4
BITMAP
00
00
00
00
00
00
00
00
88
88
88
88
98
68
10
20
18
00
ENDCHAR
STARTCHAR u0174
ENCODING 372
SWIDTH 834 0
DWIDTH 10 0
BBX 10 18 0 -4
BITMAP
0000
0000
0800
1400
0000
8880
8880
8880
5500
5500
5500
2200
2200
2200
0000
0000
0000
0000
ENDCHAR
STARTCHAR u0175
ENCODING 373
SWIDTH 667 0
DWIDTH 8 0
BBX 8 18 0 -4
BITMAP
00
00
00
00
00
10
28
00
92
92
AA
AA
44
44
00
00
00
00
ENDCHAR
STARTCHAR u0176
ENCODING 374
SWIDTH 667 0
DWIDTH 8 0
BBX 8 18 0 -4
BITMAP
00
00
10
28
00
82
44
44
28
28
10
10
10
10
00
00
00
00
ENDCHAR
STARTCHAR u0177
ENCODING 375
SWIDTH 500 0
DWIDTH 6 0
BBX 6 18 0 -4
BITMAP
00
00
00
00
00
20
50
00
88
88
88
50
50
20
20
C0
00
00
ENDCHAR
STARTCHAR u0178
ENCODING 376
SWIDTH 667 0
DWIDTH 8 0
BBX 8 18 0 -4
BITMAP
00
00
00
28
00
82
44
44
28
28
10
10
10
10
00
00
00
00
ENDCHAR
STARTCHAR u0179
ENCODING 377
SWIDTH 584 0
DWIDTH 7 0
BBX 7 18 0 -4
BITMAP
00
00
10
20
00
FC
04
08
10
20
20
40
80
FC
00
00
00
00
ENDCHAR
STARTCHAR u017A
ENCODING 378
SWIDTH 500 0
DWIDTH 6 0
BBX 6 18 0 -4
BITMAP
00
00
00
00
00
10
20
00
F8
10
20
40
80
F8
00
00
00
00
ENDCHAR
STARTCHAR u017B
ENCODING 379
SWIDTH 584 0
DWIDTH 7 0
BBX 7 18 0 -4
BITMAP
00
00
00
10
00
FC
04
08
10
20
20
40
80
FC
00
00
00
00
ENDCHAR
STARTCHAR u017C
ENCODING 380
SWIDTH 500 0
DWIDTH 6 0
BBX 6 18 0 -4
BITMAP
00
00
00
00
00
20
00
00
F8
10
20
40
80
F8
00
00
00
00
ENDCHAR
STARTCHAR u017D
ENCODING 381
SWIDTH 584 0
DWIDTH 7 0
BBX 7 18 0 -4
BITMAP
00
00
28
10
00
FC
04
08
10
20
20
40
80
FC
00
00
00
00
ENDCHAR
STARTCHAR u017E
ENCODING 382
SWIDTH 500 0
DWIDTH 6 0
BBX 6 18 0 -4
BITMAP
00
00
00
00
00
50
20
00
F8
10
20
40
80
F8
00
00
00
00
ENDCHAR
STARTCHAR u017F
ENCODING 383
SWIDTH 417 0
DWIDTH 5 0
BBX 5 18 0 -4
BITMAP
00
00
00
00
00
30
40
40
C0
40
40
40
40
40
00
00
00
00
ENDCHAR
STARTCHAR u0180
ENCODING 384
SWIDTH 584 0
DWIDTH 7 0
BBX 7 18 0 -4
BITMAP
00
00
00
00
00
40
F0
40
78
44
44
44
44
78
00
00
00
00
ENDCHAR
STARTCHAR u0182
ENCODING 386
SWIDTH 584 0
DWIDTH 7 0
BBX 7 18 0 -4
BITMAP
00
00
00
00
00
F8
80
80
80
F8
84
84
84
F8
00
00
00
00
ENDCHAR
STARTCHAR u0183
ENCODING 387
SWIDTH 500 0
DWIDTH 6 0
BBX 6 18 0 -4
BITMAP
00
00
00
00
00
F0
80
80
F0
88
88
88
88
F0
00
00
00
00
ENDCHAR
STARTCHAR u0186
ENCODING 390
SWIDTH 584 0
DWIDTH 7 0
BBX 7 18 0 -4
BITMAP
00
00
00
00
00
70
88
04
04
04
04
04
88
70
00
00
00
00
ENDCHAR
STARTCHAR u0189
ENCODING 393
SWIDTH 667 0
DWIDTH 8 0
BBX 8 18 0 -4
BITMAP
00
00
00
00
00
78
44
42
42
F2
42
42
44
78
00
00
00
00
ENDCHAR
STARTCHAR u018B
ENCODING 395
SWIDTH 584 0
DWIDTH 7 0
BBX 7 18 0 -4
BITMAP
00
00
00
00
00
7C
04
04
04
7C
84
84
84
7C
00
00
00
00
ENDCHAR
STARTCHAR u018C
ENCODING 396
SWIDTH 500 0
DWIDTH 6 0
BBX 6 18 0 -4
BITMAP
00
00
00
00
00
78
08
08
78
88
88
88
88
78
00
00
00
00
ENDCHAR
STARTCHAR u018E
ENCODING 398
SWIDTH 584 0
DWIDTH 7 0
BBX 7 18 0 -4
BITMAP
00
00
00
00
00
F8
04
04
04
7C
04
04
04
F8
00
00
00
00
ENDCHAR
STARTCHAR u018F
ENCODING 399
SWIDTH 667 0
DWIDTH 8 0
BBX 8 18 0 -4
BITMAP
00
00
00
00
00
38
44
02
02
FE
82
82
44
38
00
00
00
00
ENDCHAR
STARTCHAR u0191
ENCODING 401
SWIDTH 750 0
DWIDTH 9 0
BBX 9 18 0 -4
BITMAP
0000
0000
0000
0000
0000
1F00
2000
2000
2000
3E00
2000
2000
2000
2000
2000
C000
0000
0000
ENDCHAR
STARTCHAR u0192
ENCODING 402
SWIDTH 500 0
DWIDTH 6 0
BBX 6 18 0 -4
BITMAP
00
00
00
00
00
18
20
20
F8
20
20
20
20
20
20
C0
00
00
ENDCHAR
STARTCHAR u019A
ENCODING 410
SWIDTH 334 0
DWIDTH 4 0
BBX 4 18 0 -4
BITMAP
00
00
00
00
00
C0
40
40
40
E0
40
40
40
60
00
00
00
00
ENDCHAR
STARTCHAR u019E
ENCODING 414
SWIDTH 500 0
DWIDTH 6 0
BBX 6 18 0 -4
BITMAP
00
00
00
00
00
00
00
00
B0
C8
88
88
88
88
08
08
00
00
ENDCHAR
STARTCHAR u019F
ENCODING 415
SWIDTH 667 0
DWIDTH 8 0
BBX 8 18 0 -4
BITMAP
00
00
00
00
00
38
44
82
82
FE
82
82
44
38
00
00
00
00
ENDCHAR
STARTCHAR u01A0
ENCODING 416
SWIDTH 667 0
DWIDTH 8 0
BBX 8 18 0 -4
BITMAP
00
00
00
00
02
3A
44
82
82
82
82
82
44
38
00
00
00
00
ENDCHAR
STARTCHAR u01A1
ENCODING 417
SWIDTH 667 0
DWIDTH 8 0
BBX 8 18 0 -4
BITMAP
00
00
00
00
00
00
00
02
72
8C
88
88
88
70
00
00
00
00
ENDCHAR
STARTCHAR u01A7
ENCODING 423
SWIDTH 584 0
DWIDTH 7 0
BBX 7 18 0 -4
BITMAP
00
00
00
00
00
78
84
04
08
30
40
80
84
78
00
00
00
00
ENDCHAR
STARTCHAR u01A8
ENCODING 424
SWIDTH 500 0
DWIDTH 6 0
BBX 6 18 0 -4
BITMAP
00
00
00
00
00
00
00
00
70
88
30
40
88
70
00
00
00
00
ENDCHAR
STARTCHAR u01A9
ENCODING 425
SWIDTH 584 0
DWIDTH 7 0
BBX 7 18 0 -4
BITMAP
00
00
00
00
00
FC
40
20
10
08
10
20
40
FC
00
00
00
00
ENDCHAR
STARTCHAR u01AF
ENCODING 431
SWIDTH 750 0
DWIDTH 9 0
BBX 9 18 0 -4
BITMAP
0000
0000
0000
0100
0100
8600
8400
8400
8400
8400
8400
8400
8400
7800
0000
0000
0000
0000
ENDCHAR
STARTCHAR u01B0
ENCODING 432
SWIDTH 667 0
DWIDTH 8 0
BBX 8 18 0 -4
BITMAP
00
00
00
00
00
00
02
02
8C
88
88
88
98
68
00
00
00
00
ENDCHAR
STARTCHAR u01B1
ENCODING 433
SWIDTH 667 0
DWIDTH 8 0
BBX 8 18 0 -4
BITMAP
00
00
00
00
00
EE
28
44
82
82
82
82
44
38
00
00
00
00
ENDCHAR
STARTCHAR u01C4
ENCODING 452
SWIDTH 1167 0
DWIDTH 14 0
BBX 14 18 0 -4
BITMAP
0000
0000
0050
0020
0000
F1F8
8808
8410
8420
8440
8440
8480
8900
F1F8
0000
0000
0000
0000
ENDCHAR
STARTCHAR u01C5
ENCODING 453
SWIDTH 1084 0
DWIDTH 13 0
BBX 13 18 0 -4
BITMAP
0000
0000
0000
0000
0000
F0A0
8840
8400
85F0
8420
8440
8480
8900
F1F0
0000
0000
0000
0000
ENDCHAR
STARTCHAR u01C6
ENCODING 454
SWIDTH 1000 0
DWIDTH 12 0
BBX 12 18 0 -4
BITMAP
0000
0000
0000
0000
0000
0940
0880
0800
7BE0
8840
8880
8900
8A00
7BE0
0000
0000
0000
0000
ENDCHAR
STARTCHAR u01C7
ENCODING 455
SWIDTH 1000 0
DWIDTH 12 0
BBX 12 18 0 -4
BITMAP
0000
0000
0000
0000
0000
8020
8020
8020
8020
8020
8020
8220
8220
79C0
0000
0000
0000
0000
ENDCHAR
STARTCHAR u01C8
ENCODING 456
SWIDTH 750 0
DWIDTH 9 0
BBX 9 18 0 -4
BITMAP
0000
0000
0000
0000
0000
8100
8000
8000
8700
8100
8100
8100
8100
7900
0100
0600
0000
0000
ENDCHAR
STARTCHAR u01C9
ENCODING 457
SWIDTH 584 0
DWIDTH 7 0
BBX 7 18 0 -4
BITMAP
00
00
00
00
00
C4
40
40
5C
44
44
44
44
64
04
18
00
00
ENDCHAR
STARTCHAR u01CA
ENCODING 458
SWIDTH 1084 0
DWIDTH 13 0
BBX 13 18 0 -4
BITMAP
0000
0000
0000
0000
0000
8410
C410
A410
A410
9410
9410
8D10
8D10
84E0
0000
0000
0000
0000
ENDCHAR
STARTCHAR u01CB
ENCODING 459
SWIDTH 917 0
DWIDTH 11 0
BBX 11 18 0 -4
BITMAP
0000
0000
0000
0000
0000
8440
C400
A400
A5C0
9440
9440
8C40
8C40
8440
0040
0180
0000
0000
ENDCHAR
STARTCHAR u01CC
ENCODING 460
SWIDTH 834 0
DWIDTH 10 0
BBX 10 18 0 -4
BITMAP
0000
0000
0000
0000
0000
0080
0000
0000
B380
C880
8880
8880
8880
8880
0080
0300
0000
0000
ENDCHAR
STARTCHAR u01CD
ENCODING 461
SWIDTH 667 0
DWIDTH 8 0
BBX 8 18 0 -4
BITMAP
00
00
28
10
00
10
10
28
28
44
7C
44
82
82
00
00
00
00
ENDCHAR
STARTCHAR u01CE
ENCODING 462
SWIDTH 500 0
DWIDTH 6 0
BBX 6 18 0 -4
BITMAP
00
00
00
00
00
50
20
00
70
08
78
88
88
78
00
00
00
00
ENDCHAR
STARTCHAR u01CF
ENCODING 463
SWIDTH 334 0
DWIDTH 4 0
BBX 4 18 0 -4
BITMAP
00
00
A0
40
00
E0
40
40
40
40
40
40
40
E0
00
00
00
00
ENDCHAR
STARTCHAR u01D0
ENCODING 464
SWIDTH 334 0
DWIDTH 4 0
BBX 4 18 0 -4
BITMAP
00
00
00
00
00
A0
40
00
C0
40
40
40
40
E0
00
00
00
00
ENDCHAR
STARTCHAR u01D1
ENCODING 465
SWIDTH 667 0
DWIDTH 8 0
BBX 8 18 0 -4
BITMAP
00
00
28
10
00
38
44
82
82
82
82
82
44
38
00
00
00
00
ENDCHAR
STARTCHAR u01D2
ENCODING 466
SWIDTH 500 0
DWIDTH 6 0
BBX 6 18 0 -4
BITMAP
00
00
00
00
00
50
20
00
70
88
88
88
88
70
00
00
00
00
ENDCHAR
STARTCHAR u01D3
ENCODING 467
SWIDTH 584 0
DWIDTH 7 0
BBX 7 18 0 -4
BITMAP
00
00
28
10
00
84
84
84
84
84
84
84
84
78
00
00
00
00
ENDCHAR
STARTCHAR u01D4
ENCODING 468
SWIDTH 500 0
DWIDTH 6 0
BBX 6 18 0 -4
BITMAP
00
00
00
00
00
50
20
00
88
88
88
88
98
68
00
00
00
00
ENDCHAR
STARTCHAR u01D5
ENCODING 469
SWIDTH 584 0
DWIDTH 7 0
BBX 7 18 0 -4
BITMAP
00
78
00
48
00
84
84
84
84
84
84
84
84
78
00
00
00
00
ENDCHAR
STARTCHAR u01D6
ENCODING 470
SWIDTH 500 0
DWIDTH 6 0
BBX 6 18 0 -4
BITMAP
00
00
00
00
70
00
50
00
88
88
88
88
98
68
00
00
00
00
ENDCHAR
STARTCHAR u01D7
ENCODING 471
SWIDTH 584 0
DWIDTH 7 0
BBX 7 18 0 -4
BITMAP
10
20
00
48
00
84
84
84
84
84
84
84
84
78
00
00
00
00
ENDCHAR
STARTCHAR u01D8
ENCODING 472
SWIDTH 500 0
DWIDTH 6 0
BBX 6 18 0 -4
BITMAP
00
00
00
10
20
00
50
00
88
88
88
88
98
68
00
00
00
00
ENDCHAR
STARTCHAR u01D9
ENCODING 473
SWIDTH 584 0
DWIDTH 7 0
BBX 7 18 0 -4
BITMAP
28
10
00
48
00
84
84
84
84
84
84
84
84
78
00
00
00
00
ENDCHAR
STARTCHAR u01DA
ENCODING 474
SWIDTH 500 0
DWIDTH 6 0
BBX 6 18 0 -4
BITMAP
00
00
00
50
20
00
50
00
88
88
88
88
98
68
00
00
00
00
ENDCHAR
STARTCHAR u01DB
ENCODING 475
SWIDTH 584 0
DWIDTH 7 0
BBX 7 18 0 -4
BITMAP
20
10
00
48
00
84
84
84
84
84
84
84
84
78
00
00
00
00
ENDCHAR
STARTCHAR u01DC
ENCODING 476
SWIDTH 500 0
DWIDTH 6 0
BBX 6 18 0 -4
BITMAP
00
00
00
40
20
00
50
00
88
88
88
88
98
68
00
00
00
00
ENDCHAR
STARTCHAR u01DD
ENCODING 477
SWIDTH 500 0
DWIDTH 6 0
BBX 6 18 0 -4
BITMAP
00
00
00
00
00
00
00
00
70
88
08
F8
88
70
00
00
00
00
ENDCHAR
STARTCHAR u01DE
ENCODING 478
SWIDTH 667 0
DWIDTH 8 0
BBX 8 18 0 -4
BITMAP
00
38
00
28
00
10
10
28
28
44
7C
44
82
82
00
00
00
00
ENDCHAR
STARTCHAR u01DF
ENCODING 479
SWIDTH 500 0
DWIDTH 6 0
BBX 6 18 0 -4
BITMAP
00
00
00
00
70
00
50
00
70
08
78
88
88
78
00
00
00
00
ENDCHAR
STARTCHAR u01E0
ENCODING 480
SWIDTH 667 0
DWIDTH 8 0
BBX 8 18 0 -4
BITMAP
00
38
00
10
00
10
10
28
28
44
7C
44
82
82
00
00
00
00
ENDCHAR
STARTCHAR u01E1
ENCODING 481
SWIDTH 500 0
DWIDTH 6 0
BBX 6 18 0 -4
BITMAP
00
00
00
00
70
00
20
00
70
08
78
88
88
78
00
00
00
00
ENDCHAR
STARTCHAR u01E2
ENCODING 482
SWIDTH 834 0
DWIDTH 10 0
BBX 10 18 0 -4
BITMAP
0000
0000
0000
1C00
0000
1F80
1800
2800
2800
4F00
7800
4800
8800
8780
0000
0000
0000
0000
ENDCHAR
STARTCHAR u01E3
ENCODING 483
SWIDTH 834 0
DWIDTH 10 0
BBX 10 18 0 -4
BITMAP
0000
0000
0000
0000
0000
1C00
0000
0000
7700
0880
7F80
8800
8880
7700
0000
0000
0000
0000
ENDCHAR
STARTCHAR u01E6
ENCODING 486
SWIDTH 584 0
DWIDTH 7 0
BBX 7 18 0 -4
BITMAP
00
00
28
10
00
38
44
80
80
80
8C
84
44
38
00
00
00
00
ENDCHAR
STARTCHAR u01E7
ENCODING 487
SWIDTH 500 0
DWIDTH 6 0
BBX 6 18 0 -4
BITMAP
00
00
00
00
00
50
20
00
78
88
88
88
88
78
08
70
00
00
ENDCHAR
STARTCHAR u01E8
ENCODING 488
SWIDTH 584 0
DWIDTH 7 0
BBX 7 18 0 -4
BITMAP
00
00
50
20
00
84
88
90
A0
C0
A0
90
88
84
00
00
00
00
ENDCHAR
STARTCHAR u01E9
ENCODING 489
SWIDTH 500 0
DWIDTH 6 0
BBX 6 18 0 -4
BITMAP
00
00
50
20
00
80
80
80
88
B0
C0
A0
90
88
00
00
00
00
ENDCHAR
STARTCHAR u01EA
ENCODING 490
SWIDTH 667 0
DWIDTH 8 0
BBX 8 18 0 -4
BITMAP
00
00
00
00
00
38
44
82
82
82
82
82
44
38
10
20
18
00
ENDCHAR
STARTCHAR u01EB
ENCODING 491
SWIDTH 500 0
DWIDTH 6 0
BBX 6 18 0 -4
BITMAP
00
00
00
00
00
00
00
00
70
88
88
88
88
70
20
40
30
00
ENDCHAR
STARTCHAR u01EC
ENCODING 492
SWIDTH 667 0
DWIDTH 8 0
BBX 8 18 0 -4
BITMAP
00
00
00
38
00
38
44
82
82
82
82
82
44
38
10
20
18
00
ENDCHAR
STARTCHAR u01ED
ENCODING 493
SWIDTH 500 0
DWIDTH 6 0
BBX 6 18 0 -4
BITMAP
00
00
00
00
00
70
00
00
70
88
88
88
88
70
20
40
30
00
ENDCHAR
STARTCHAR u01F0
ENCODING 496
SWIDTH 334 0
DWIDTH 4 0
BBX 4 18 0 -4
BITMAP
00
00
00
00
00
A0
40
00
E0
20
20
20
20
20
20
C0
00
00
ENDCHAR
STARTCHAR u01F1
ENCODING 497
SWIDTH 1167 0
DWIDTH 14 0
BBX 14 18 0 -4
BITMAP
0000
0000
0000
0000
0000
F1F8
8808
8410
8420
8440
8440
8480
8900
F1F8
0000
0000
0000
0000
ENDCHAR
STARTCHAR u01F2
ENCODING 498
SWIDTH 1084 0
DWIDTH 13 0
BBX 13 18 0 -4
BITMAP
0000
0000
0000
0000
0000
F000
8800
8400
85F0
8420
8440
8480
8900
F1F0
0000
0000
0000
0000
ENDCHAR
STARTCHAR u01F3
ENCODING 499
SWIDTH 1000 0
DWIDTH 12 0
BBX 12 18 0 -4
BITMAP
0000
0000
0000
0000
0000
0800
0800
0800
7BE0
8840
8880
8900
8A00
7BE0
0000
0000
0000
0000
ENDCHAR
STARTCHAR u01F4
ENCODING 500
SWIDTH 584 0
DWIDTH 7 0
BBX 7 18 0 -4
BITMAP
00
00
08
10
00
38
44
80
80
80
8C
84
44
38
00
00
00
00
ENDCHAR
STARTCHAR u01F5
ENCODING 501
SWIDTH 500 0
DWIDTH 6 0
BBX 6 18 0 -4
BITMAP
00
00
00
00
00
10
20
00
78
88
88
88
88
78
08
70
00
00
ENDCHAR
STARTCHAR u01F8
ENCODING 504
SWIDTH 584 0
DWIDTH 7 0
BBX 7 18 0 -4
BITMAP
00
00
20
10
00
84
C4
A4
A4
94
94
8C
8C
84
00
00
00
00
ENDCHAR
STARTCHAR u01F9
ENCODING 505
SWIDTH 500 0
DWIDTH 6 0
BBX 6 18 0 -4
BITMAP
00
00
00
00
00
40
20
00
B0
C8
88
88
88
88
00
00
00
00
ENDCHAR
STARTCHAR u01FA
ENCODING 506
SWIDTH 667 0
DWIDTH 8 0
BBX 8 18 0 -4
BITMAP
08
10
28
10
00
10
10
28
28
44
7C
44
82
82
00
00
00
00
ENDCHAR
STARTCHAR u01FB
ENCODING 507
SWIDTH 500 0
DWIDTH 6 0
BBX 6 18 0 -4
BITMAP
00
00
00
10
20
50
20
00
70
08
78
88
88
78
00
00
00
00
ENDCHAR
STARTCHAR u01FC
ENCODING 508
SWIDTH 834 0
DWIDTH 10 0
BBX 10 18 0 -4
BITMAP
0000
0000
0400
0800
0000
1F80
1800
2800
2800
4F00
7800
4800
8800
8780
0000
0000
0000
0000
ENDCHAR
STARTCHAR u01FD
ENCODING 509
SWIDTH 834 0
DWIDTH 10 0
BBX 10 18 0 -4
BITMAP
0000
0000
0000
0000
0000
0400
0800
0000
7700
0880
7F80
8800
8880
7700
0000
0000
0000
0000
ENDCHAR
STARTCHAR u01FE
ENCODING 510
SWIDTH 667 0
DWIDTH 8 0
BBX 8 18 0 -4
BITMAP
00
00
08
10
02
3A
44
8A
8A
92
A2
A2
44
B8
80
00
00
00
ENDCHAR
STARTCHAR u01FF
ENCODING 511
SWIDTH 500 0
DWIDTH 6 0
BBX 6 18 0 -4
BITMAP
00
00
00
00
00
10
20
08
70
98
A8
A8
C8
70
80
00
00
00
ENDCHAR
STARTCHAR u0200
ENCODING 512
SWIDTH 667 0
DWIDTH 8 0
BBX 8 18 0 -4
BITMAP
00
00
50
28
00
10
10
28
28
44
7C
44
82
82
00
00
00
00
ENDCHAR
STARTCHAR u0201
ENCODING 513
SWIDTH 500 0
DWIDTH 6 0
BBX 6 18 0 -4
BITMAP
00
00
00
00
00
A0
50
00
70
08
78
88
88
78
00
00
00
00
ENDCHAR
STARTCHAR u0202
ENCODING 514
SWIDTH 667 0
DWIDTH 8 0
BBX 8 18 0 -4
BITMAP
00
00
38
44
00
10
10
28
28
44
7C
44
82
82
00
00
00
00
ENDCHAR
STARTCHAR u0203
ENCODING 515
SWIDTH 500 0
DWIDTH 6 0
BBX 6 18 0 -4
BITMAP
00
00
00
00
00
30
48
00
70
08
78
88
88
78
00
00
00
00
ENDCHAR
STARTCHAR u0204
ENCODING 516
SWIDTH 584 0
DWIDTH 7 0
BBX 7 18 0 -4
BITMAP
00
00
50
28
00
7C
80
80
80
F8
80
80
80
7C
00
00
00
00
ENDCHAR
STARTCHAR u0205
ENCODING 517
SWIDTH 500 0
DWIDTH 6 0
BBX 6 18 0 -4
BITMAP
00
00
00
00
00
A0
50
00
70
88
F8
80
88
70
00
00
00
00
ENDCHAR
STARTCHAR u0206
ENCODING 518
SWIDTH 584 0
DWIDTH 7 0
BBX 7 18 0 -4
BITMAP
00
00
30
48
00
7C
80
80
80
F8
80
80
80
7C
00
00
00
00
ENDCHAR
STARTCHAR u0207
ENCODING 519
SWIDTH 500 0
DWIDTH 6 0
BBX 6 18 0 -4
BITMAP
00
00
00
00
00
30
48
00
70
88
F8
80
88
70
00
00
00
00
ENDCHAR
STARTCHAR u0208
ENCODING 520
SWIDTH 334 0
DWIDTH 4 0
BBX 4 18 0 -4
BITMAP
00
00
A0
50
00
E0
40
40
40
40
40
40
40
E0
00
00
00
00
ENDCHAR
STARTCHAR u0209
ENCODING 521
SWIDTH 334 0
DWIDTH 4 0
BBX 4 18 0 -4
BITMAP
00
00
00
00
00
A0
50
00
C0
40
40
40
40
E0
00
00
00
00
ENDCHAR
STARTCHAR u020A
ENCODING 522
SWIDTH 334 0
DWIDTH 4 0
BBX 4 18 0 -4
BITMAP
00
00
60
90
00
E0
40
40
40
40
40
40
40
E0
00
00
00
00
ENDCHAR
STARTCHAR u020B
ENCODING 523
SWIDTH 334 0
DWIDTH 4 0
BBX 4 18 0 -4
BITMAP
00
00
00
00
00
60
90
00
C0
40
40
40
40
E0
00
00
00
00
ENDCHAR
STARTCHAR u020C
ENCODING 524
SWIDTH 667 0
DWIDTH 8 0
BBX 8 18 0 -4
BITMAP
00
00
50
28
00
38
44
82
82
82
82
82
44
38
00
00
00
00
ENDCHAR
STARTCHAR u020D
ENCODING 525
SWIDTH 500 0
DWIDTH 6 0
BBX 6 18 0 -4
BITMAP
00
00
00
00
00
A0
50
00
70
88
88
88
88
70
00
00
00
00
ENDCHAR
STARTCHAR u020E
ENCODING 526
SWIDTH 667 0
DWIDTH 8 0
BBX 8 18 0 -4
BITMAP
00
00
38
44
00
38
44
82
82
82
82
82
44
38
00
00
00
00
ENDCHAR
STARTCHAR u020F
ENCODING 527
SWIDTH 500 0
DWIDTH 6 0
BBX 6 18 0 -4
BITMAP
00
00
00
00
00
30
48
00
70
88
88
88
88
70
00
00
00
00
ENDCHAR
STARTCHAR u0210
ENCODING 528
SWIDTH 584 0
DWIDTH 7 0
BBX 7 18 0 -4
BITMAP
00
00
A0
50
00
F8
84
84
84
F8
90
88
88
84
00
00
00
00
ENDCHAR
STARTCHAR u0211
ENCODING 529
SWIDTH 417 0
DWIDTH 5 0
BBX 5 18 0 -4
BITMAP
00
00
00
00
00
A0
50
00
B0
C0
80
80
80
80
00
00
00
00
ENDCHAR
STARTCHAR u0212
ENCODING 530
SWIDTH 584 0
DWIDTH 7 0
BBX 7 18 0 -4
BITMAP
00
00
30
48
00
F8
84
84
84
F8
90
88
88
84
00
00
00
00
ENDCHAR
STARTCHAR u0213
ENCODING 531
SWIDTH 417 0
DWIDTH 5 0
BBX 5 18 0 -4
BITMAP
00
00
00
00
00
60
90
00
B0
C0
80
80
80
80
00
00
00
00
ENDCHAR
STARTCHAR u0214
ENCODING 532
SWIDTH 584 0
DWIDTH 7 0
BBX 7 18 0 -4
BITMAP
00
00
50
28
00
84
84
84
84
84
84
84
84
78
00
00
00
00
ENDCHAR
STARTCHAR u0215
ENCODING 533
SWIDTH 500 0
DWIDTH 6 0
BBX 6 18 0 -4
BITMAP
00
00
00
00
00
A0
50
00
88
88
88
88
98
68
00
00
00
00
ENDCHAR
STARTCHAR u0216
ENCODING 534
SWIDTH 584 0
DWIDTH 7 0
BBX 7 18 0 -4
BITMAP
00
00
30
48
00
84
84
84
84
84
84
84
84
78
00
00
00
00
ENDCHAR
STARTCHAR u0217
ENCODING 535
SWIDTH 500 0
DWIDTH 6 0
BBX 6 18 0 -4
BITMAP
00
00
00
00
00
30
48
00
88
88
88
88
98
68
00
00
00
00
ENDCHAR
STARTCHAR u0218
ENCODING 536
SWIDTH 584 0
DWIDTH 7 0
BBX 7 18 0 -4
BITMAP
00
00
00
00
00
78
84
80
40
30
08
04
84
78
00
10
20
00
ENDCHAR
STARTCHAR u0219
ENCODING 537
SWIDTH 500 0
DWIDTH 6 0
BBX 6 18 0 -4
BITMAP
00
00
00
00
00
00
00
00
70
88
60
10
88
70
00
20
40
00
ENDCHAR
STARTCHAR u021A
ENCODING 538
SWIDTH 667 0
DWIDTH 8 0
BBX 8 18 0 -4
BITMAP
00
00
00
00
00
FE
10
10
10
10
10
10
10
10
00
10
20
00
ENDCHAR
STARTCHAR u021B
ENCODING 539
SWIDTH 417 0
DWIDTH 5 0
BBX 5 18 0 -4
BITMAP
00
00
00
00
00
40
40
40
F0
40
40
40
40
30
00
20
40
00
ENDCHAR
STARTCHAR u021E
ENCODING 542
SWIDTH 584 0
DWIDTH 7 0
BBX 7 18 0 -4
BITMAP
00
00
28
10
00
84
84
84
84
FC
84
84
84
84
00
00
00
00
ENDCHAR
STARTCHAR u021F
ENCODING 543
SWIDTH 500 0
DWIDTH 6 0
BBX 6 18 0 -4
BITMAP
00
00
50
20
00
80
80
80
B0
C8
88
88
88
88
00
00
00
00
ENDCHAR
STARTCHAR u0220
ENCODING 544
SWIDTH 584 0
DWIDTH 7 0
BBX 7 18 0 -4
BITMAP
00
00
00
00
00
B8
C4
84
84
84
84
84
84
84
04
04
00
00
ENDCHAR
STARTCHAR u0226
ENCODING 550
SWIDTH 667 0
DWIDTH 8 0
BBX 8 18 0 -4
BITMAP
00
00
00
10
00
10
10
28
28
44
7C
44
82
82
00
00
00
00
ENDCHAR
STARTCHAR u0227
ENCODING 551
SWIDTH 500 0
DWIDTH 6 0
BBX 6 18 0 -4
BITMAP
00
00
00
00
00
20
00
00
70
08
78
88
88
78
00
00
00
00
ENDCHAR
STARTCHAR u0228
ENCODING 552
SWIDTH 584 0
DWIDTH 7 0
BBX 7 18 0 -4
BITMAP
00
00
00
00
00
7C
80
80
80
F8
80
80
80
7C
10
08
30
00
ENDCHAR
STARTCHAR u0229
ENCODING 553
SWIDTH 500 0
DWIDTH 6 0
BBX 6 18 0 -4
BITMAP
00
00
00
00
00
00
00
00
70
88
F8
80
88
70
20
10
60
00
ENDCHAR
STARTCHAR u022A
ENCODING 554
SWIDTH 667 0
DWIDTH 8 0
BBX 8 18 0 -4
BITMAP
00
38
00
28
00
38
44
82
82
82
82
82
44
38
00
00
00
00
ENDCHAR
STARTCHAR u022B
ENCODING 555
SWIDTH 500 0
DWIDTH 6 0
BBX 6 18 0 -4
BITMAP
00
00
00
00
70
00
50
00
70
88
88
88
88
70
00
00
00
00
ENDCHAR
STARTCHAR u022C
ENCODING 556
SWIDTH 667 0
DWIDTH 8 0
BBX 8 18 0 -4
BITMAP
38
00
34
48
00
38
44
82
82
82
82
82
44
38
00
00
00
00
ENDCHAR
STARTCHAR u022D
ENCODING 557
SWIDTH 500 0
DWIDTH 6 0
BBX 6 18 0 -4
BITMAP
00
00
00
70
00
68
90
00
70
88
88
88
88
70
00
00
00
00
ENDCHAR
STARTCHAR u022E
ENCODING 558
SWIDTH 667 0
DWIDTH 8 0
BBX 8 18 0 -4
BITMAP
00
00
00
10
00
38
44
82
82
82
82
82
44
38
00
00
00
00
ENDCHAR
STARTCHAR u022F
ENCODING 559
SWIDTH 500 0
DWIDTH 6 0
BBX 6 18 0 -4
BITMAP
00
00
00
00
00
20
00
00
70
88
88
88
88
70
00
00
00
00
ENDCHAR
STARTCHAR u0230
ENCODING 560
SWIDTH 667 0
DWIDTH 8 0
BBX 8 18 0 -4
BITMAP
00
38
00
10
00
38
44
82
82
82
82
82
44
38
00
00
00
00
ENDCHAR
STARTCHAR u0231
ENCODING 561
SWIDTH 500 0
DWIDTH 6 0
BBX 6 18 0 -4
BITMAP
00
00
00
00
70
00
20
00
70
88
88
88
88
70
00
00
00
00
ENDCHAR
STARTCHAR u0232
ENCODING 562
SWIDTH 667 0
DWIDTH 8 0
BBX 8 18 0 -4
BITMAP
00
00
00
38
00
82
44
44
28
28
10
10
10
10
00
00
00
00
ENDCHAR
STARTCHAR u0233
ENCODING 563
SWIDTH 500 0
DWIDTH 6 0
BBX 6 18 0 -4
BITMAP
00
00
00
00
00
70
00
00
88
88
88
50
50
20
20
C0
00
00
ENDCHAR
STARTCHAR u0237
ENCODING 567
SWIDTH 334 0
DWIDTH 4 0
BBX 4 18 0 -4
BITMAP
00
00
00
00
00
00
00
00
E0
20
20
20
20
20
20
C0
00
00
ENDCHAR
STARTCHAR u023D
ENCODING 573
SWIDTH 584 0
DWIDTH 7 0
BBX 7 18 0 -4
BITMAP
00
00
00
00
00
40
40
40
40
F0
40
40
40
3C
00
00
00
00
ENDCHAR
STARTCHAR u0244
ENCODING 580
SWIDTH 750 0
DWIDTH 9 0
BBX 9 18 0 -4
BITMAP
0000
0000
0000
0000
0000
4200
4200
4200
4200
FF00
4200
4200
4200
3C00
0000
0000
0000
0000
ENDCHAR
STARTCHAR u0245
ENCODING 581
SWIDTH 667 0
DWIDTH 8 0
BBX 8 18 0 -4
BITMAP
00
00
00
00
00
10
10
28
28
44
44
44
82
82
00
00
00
00
ENDCHAR
STARTCHAR u0248
ENCODING 584
SWIDTH 584 0
DWIDTH 7 0
BBX 7 18 0 -4
BITMAP
00
00
00
00
00
08
08
08
08
3C
08
88
88
70
00
00
00
00
ENDCHAR
STARTCHAR u0249
ENCODING 585
SWIDTH 417 0
DWIDTH 5 0
BBX 5 18 0 -4
BITMAP
00
00
00
00
00
20
00
00
E0
20
20
F0
20
20
20
C0
00
00
ENDCHAR
STARTCHAR u0376
ENCODING 886
SWIDTH 584 0
DWIDTH 7 0
BBX 7 18 0 -4
BITMAP
00
00
00
00
00
84
8C
94
94
A4
A4
C4
C4
84
00
00
00
00
ENDCHAR
STARTCHAR u0377
ENCODING 887
SWIDTH 500 0
DWIDTH 6 0
BBX 6 18 0 -4
BITMAP
00
00
00
00
00
00
00
00
88
98
A8
C8
88
88
00
00
00
00
ENDCHAR
STARTCHAR u037B
ENCODING 891
SWIDTH 500 0
DWIDTH 6 0
BBX 6 18 0 -4
BITMAP
00
00
00
00
00
00
00
00
70
88
08
08
88
70
00
00
00
00
ENDCHAR
STARTCHAR u037C
ENCODING 892
SWIDTH 500 0
DWIDTH 6 0
BBX 6 18 0 -4
BITMAP
00
00
00
00
00
00
00
00
70
88
A0
80
88
70
00
00
00
00
ENDCHAR
STARTCHAR u037D
ENCODING 893
SWIDTH 500 0
DWIDTH 6 0
BBX 6 18 0 -4
BITMAP
00
00
00
00
00
00
00
00
70
88
28
08
88
70
00
00
00
00
ENDCHAR
STARTCHAR u037E
ENCODING 894
SWIDTH 334 0
DWIDTH 4 0
BBX 4 18 0 -4
BITMAP
00
00
00
00
00
00
00
00
40
00
00
00
00
40
40
80
00
00
ENDCHAR
STARTCHAR u037F
ENCODING 895
SWIDTH 500 0
DWIDTH 6 0
BBX 6 18 0 -4
BITMAP
00
00
00
00
00
08
08
08
08
08
08
88
88
70
00
00
00
00
ENDCHAR
STARTCHAR u0384
ENCODING 900
SWIDTH 334 0
DWIDTH 4 0
BBX 4 18 0 -4
BITMAP
00
00
00
20
40
00
00
00
00
00
00
00
00
00
00
00
00
00
ENDCHAR
STARTCHAR u0385
ENCODING 901
SWIDTH 500 0
DWIDTH 6 0
BBX 6 18 0 -4
BITMAP
00
00
00
10
20
00
50
00
00
00
00
00
00
00
00
00
00
00
ENDCHAR
STARTCHAR u0386
ENCODING 902
SWIDTH 667 0
DWIDTH 8 0
BBX 8 18 0 -4
BITMAP
00
00
40
80
00
10
10
28
28
44
7C
44
82
82
00
00
00
00
ENDCHAR
STARTCHAR u0387
ENCODING 903
SWIDTH 334 0
DWIDTH 4 0
BBX 4 18 0 -4
BITMAP
00
00
00
00
00
00
00
00
00
40
00
00
00
00
00
00
00
00
ENDCHAR
STARTCHAR u0388
ENCODING 904
SWIDTH 584 0
DWIDTH 7 0
BBX 7 18 0 -4
BITMAP
00
00
40
80
00
7C
80
80
80
F8
80
80
80
7C
00
00
00
00
ENDCHAR
STARTCHAR u0389
ENCODING 905
SWIDTH 584 0
DWIDTH 7 0
BBX 7 18 0 -4
BITMAP
00
00
40
80
00
84
84
84
84
FC
84
84
84
84
00
00
00
00
ENDCHAR
STARTCHAR u038A
ENCODING 906
SWIDTH 334 0
DWIDTH 4 0
BBX 4 18 0 -4
BITMAP
00
00
40
80
00
E0
40
40
40
40
40
40
40
E0
00
00
00
00
ENDCHAR
STARTCHAR u038C
ENCODING 908
SWIDTH 667 0
DWIDTH 8 0
BBX 8 18 0 -4
BITMAP
00
00
40
80
00
38
44
82
82
82
82
82
44
38
00
00
00
00
ENDCHAR
STARTCHAR u038E
ENCODING 910
SWIDTH 667 0
DWIDTH 8 0
BBX 8 18 0 -4
BITMAP
00
00
40
80
00
82
44
44
28
28
10
10
10
10
00
00
00
00
ENDCHAR
STARTCHAR u038F
ENCODING 911
SWIDTH 667 0
DWIDTH 8 0
BBX 8 18 0 -4
BITMAP
00
00
40
80
00
38
44
82
82
82
82
44
28
EE
00
00
00
00
ENDCHAR
STARTCHAR u0390
ENCODING 912
SWIDTH 334 0
DWIDTH 4 0
BBX 4 18 0 -4
BITMAP
00
00
00
20
40
00
A0
00
40
C0
40
40
40
20
00
00
00
00
ENDCHAR
STARTCHAR u0391
ENCODING 913
SWIDTH 667 0
DWIDTH 8 0
BBX 8 18 0 -4
BITMAP
00
00
00
00
00
10
10
28
28
44
7C
44
82
82
00
00
00
00
ENDCHAR
STARTCHAR u0392
ENCODING 914
SWIDTH 584 0
DWIDTH 7 0
BBX 7 18 0 -4
BITMAP
00
00
00
00
00
F8
84
84
84
F8
84
84
84
F8
00
00
00
00
ENDCHAR
STARTCHAR u0393
ENCODING 915
SWIDTH 500 0
DWIDTH 6 0
BBX 6 18 0 -4
BITMAP
00
00
00
00
00
78
80
80
80
80
80
80
80
80
00
00
00
00
ENDCHAR
STARTCHAR u0394
ENCODING 916
SWIDTH 667 0
DWIDTH 8 0
BBX 8 18 0 -4
BITMAP
00
00
00
00
00
10
10
28
28
44
44
82
82
FE
00
00
00
00
ENDCHAR
STARTCHAR u0395
ENCODING 917
SWIDTH 584 0
DWIDTH 7 0
BBX 7 18 0 -4
BITMAP
00
00
00
00
00
7C
80
80
80
F8
80
80
80
7C
00
00
00
00
ENDCHAR
STARTCHAR u0396
ENCODING 918
SWIDTH 584 0
DWIDTH 7 0
BBX 7 18 0 -4
BITMAP
00
00
00
00
00
FC
04
08
10
20
20
40
80
FC
00
00
00
00
ENDCHAR
STARTCHAR u0397
ENCODING 919
SWIDTH 584 0
DWIDTH 7 0
BBX 7 18 0 -4
BITMAP
00
00
00
00
00
84
84
84
84
FC
84
84
84
84
00
00
00
00
ENDCHAR
STARTCHAR u0398
ENCODING 920
SWIDTH 667 0
DWIDTH 8 0
BBX 8 18 0 -4
BITMAP
00
00
00
00
00
38
44
82
82
BA
82
82
44
38
00
00
00
00
ENDCHAR
STARTCHAR u0399
ENCODING 921
SWIDTH 334 0
DWIDTH 4 0
BBX 4 18 0 -4
BITMAP
00
00
00
00
00
E0
40
40
40
40
40
40
40
E0
00
00
00
00
ENDCHAR
STARTCHAR u039A
ENCODING 922
SWIDTH 584 0
DWIDTH 7 0
BBX 7 18 0 -4
BITMAP
00
00
00
00
00
84
88
90
A0
C0
A0
90
88
84
00
00
00
00
ENDCHAR
STARTCHAR u039B
ENCODING 923
SWIDTH 667 0
DWIDTH 8 0
BBX 8 18 0 -4
BITMAP
00
00
00
00
00
10
10
28
28
44
44
44
82
82
00
00
00
00
ENDCHAR
STARTCHAR u039C
ENCODING 924
SWIDTH 667 0
DWIDTH 8 0
BBX 8 18 0 -4
BITMAP
00
00
00
00
00
82
82
C6
C6
AA
AA
92
92
92
00
00
00
00
ENDCHAR
STARTCHAR u039D
ENCODING 925
SWIDTH 584 0
DWIDTH 7 0
BBX 7 18 0 -4
BITMAP
00
00
00
00
00
84
C4
A4
A4
94
94
8C
8C
84
00
00
00
00
ENDCHAR
STARTCHAR u039E
ENCODING 926
SWIDTH 584 0
DWIDTH 7 0
BBX 7 18 0 -4
BITMAP
00
00
00
00
00
FC
00
00
00
78
00
00
00
FC
00
00
00
00
ENDCHAR
STARTCHAR u039F
ENCODING 927
SWIDTH 667 0
DWIDTH 8 0
BBX 8 18 0 -4
BITMAP
00
00
00
00
00
38
44
82
82
82
82
82
44
38
00
00
00
00
ENDCHAR
STARTCHAR u03A0
ENCODING 928
SWIDTH 584 0
DWIDTH 7 0
BBX 7 18 0 -4
BITMAP
00
00
00
00
00
78
84
84
84
84
84
84
84
84
00
00
00
00
ENDCHAR
STARTCHAR u03A1
ENCODING 929
SWIDTH 584 0
DWIDTH 7 0
BBX 7 18 0 -4
BITMAP
00
00
00
00
00
F8
84
84
84
F8
80
80
80
80
00
00
00
00
ENDCHAR
STARTCHAR u03A3
ENCODING 931
SWIDTH 584 0
DWIDTH 7 0
BBX 7 18 0 -4
BITMAP
00
00
00
00
00
FC
40
20
10
08
10
20
40
FC
00
00
00
00
ENDCHAR
STARTCHAR u03A4
ENCODING 932
SWIDTH 667 0
DWIDTH 8 0
BBX 8 18 0 -4
BITMAP
00
00
00
00
00
FE
10
10
10
10
10
10
10
10
00
00
00
00
ENDCHAR
STARTCHAR u03A5
ENCODING 933
SWIDTH 667 0
DWIDTH 8 0
BBX 8 18 0 -4
BITMAP
00
00
00
00
00
82
44
44
28
28
10
10
10
10
00
00
00
00
ENDCHAR
STARTCHAR u03A6
ENCODING 934
SWIDTH 834 0
DWIDTH 10 0
BBX 10 18 0 -4
BITMAP
0000
0000
0000
0000
0000
0800
3E00
4900
8880
8880
8880
4900
3E00
0800
0000
0000
0000
0000
ENDCHAR
STARTCHAR u03A7
ENCODING 935
SWIDTH 667 0
DWIDTH 8 0
BBX 8 18 0 -4
BITMAP
00
00
00
00
00
82
44
44
28
10
28
44
44
82
00
00
00
00
ENDCHAR
STARTCHAR u03A8
ENCODING 936
SWIDTH 834 0
DWIDTH 10 0
BBX 10 18 0 -4
BITMAP
0000
0000
0000
0000
0000
8880
8880
8880
8880
4900
3E00
0800
0800
0800
0000
0000
0000
0000
ENDCHAR
STARTCHAR u03A9
ENCODING 937
SWIDTH 667 0
DWIDTH 8 0
BBX 8 18 0 -4
BITMAP
00
00
00
00
00
38
44
82
82
82
82
44
28
EE
00
00
00
00
ENDCHAR
STARTCHAR u03AA
ENCODING 938
SWIDTH 334 0
DWIDTH 4 0
BBX 4 18 0 -4
BITMAP
00
00
00
A0
00
E0
40
40
40
40
40
40
40
E0
00
00
00
00
ENDCHAR
STARTCHAR u03AB
ENCODING 939
SWIDTH 667 0
DWIDTH 8 0
BBX 8 18 0 -4
BITMAP
00
00
00
28
00
82
44
44
28
28
10
10
10
10
00
00
00
00
ENDCHAR
STARTCHAR u03AC
ENCODING 940
SWIDTH 500 0
DWIDTH 6 0
BBX 6 18 0 -4
BITMAP
00
00
00
00
00
10
20
00
68
98
88
88
98
68
00
00
00
00
ENDCHAR
STARTCHAR u03AD
ENCODING 941
SWIDTH 500 0
DWIDTH 6 0
BBX 6 18 0 -4
BITMAP
00
00
00
00
00
10
20
00
70
88
60
80
88
70
00
00
00
00
ENDCHAR
STARTCHAR u03AE
ENCODING 942
SWIDTH 500 0
DWIDTH 6 0
BBX 6 18 0 -4
BITMAP
00
00
00
00
00
10
20
00
B0
C8
88
88
88
88
08
08
00
00
ENDCHAR
STARTCHAR u03AF
ENCODING 943
SWIDTH 334 0
DWIDTH 4 0
BBX 4 18 0 -4
BITMAP
00
00
00
00
00
20
40
00
40
C0
40
40
40
20
00
00
00
00
ENDCHAR
STARTCHAR u03B0
ENCODING 944
SWIDTH 500 0
DWIDTH 6 0
BBX 6 18 0 -4
BITMAP
00
00
00
10
20
00
50
00
88
88
88
88
88
70
00
00
00
00
ENDCHAR
STARTCHAR u03B1
ENCODING 945
SWIDTH 500 0
DWIDTH 6 0
BBX 6 18 0 -4
BITMAP
00
00
00
00
00
00
00
00
68
98
88
88
98
68
00
00
00
00
ENDCHAR
STARTCHAR u03B2
ENCODING 946
SWIDTH 500 0
DWIDTH 6 0
BBX 6 18 0 -4
BITMAP
00
00
00
00
00
60
90
90
A0
90
88
88
C8
B0
80
80
00
00
ENDCHAR
STARTCHAR u03B3
ENCODING 947
SWIDTH 500 0
DWIDTH 6 0
BBX 6 18 0 -4
BITMAP
00
00
00
00
00
00
00
00
88
48
50
50
20
20
40
40
00
00
ENDCHAR
STARTCHAR u03B4
ENCODING 948
SWIDTH 500 0
DWIDTH 6 0
BBX 6 18 0 -4
BITMAP
00
00
00
00
00
78
80
80
60
90
88
88
88
70
00
00
00
00
ENDCHAR
STARTCHAR u03B5
ENCODING 949
SWIDTH 500 0
DWIDTH 6 0
BBX 6 18 0 -4
BITMAP
00
00
00
00
00
00
00
00
70
88
60
80
88
70
00
00
00
00
ENDCHAR
STARTCHAR u03B6
ENCODING 950
SWIDTH 500 0
DWIDTH 6 0
BBX 6 18 0 -4
BITMAP
00
00
00
00
00
F8
10
20
40
80
80
80
40
30
08
10
00
00
ENDCHAR
STARTCHAR u03B7
ENCODING 951
SWIDTH 500 0
DWIDTH 6 0
BBX 6 18 0 -4
BITMAP
00
00
00
00
00
00
00
00
B0
C8
88
88
88
88
08
08
00
00
ENDCHAR
STARTCHAR u03B8
ENCODING 952
SWIDTH 500 0
DWIDTH 6 0
BBX 6 18 0 -4
BITMAP
00
00
00
00
00
70
88
88
88
F8
88
88
88
70
00
00
00
00
ENDCHAR
STARTCHAR u03B9
ENCODING 953
SWIDTH 334 0
DWIDTH 4 0
BBX 4 18 0 -4
BITMAP
00
00
00
00
00
00
00
00
40
C0
40
40
40
20
00
00
00
00
ENDCHAR
STARTCHAR u03BA
ENCODING 954
SWIDTH 500 0
DWIDTH 6 0
BBX 6 18 0 -4
BITMAP
00
00
00
00
00
00
00
00
88
B0
C0
A0
90
88
00
00
00
00
ENDCHAR
STARTCHAR u03BB
ENCODING 955
SWIDTH 500 0
DWIDTH 6 0
BBX 6 18 0 -4
BITMAP
00
00
00
00
00
C0
20
20
20
50
50
50
88
88
00
00
00
00
ENDCHAR
STARTCHAR u03BC
ENCODING 956
SWIDTH 500 0
DWIDTH 6 0
BBX 6 18 0 -4
BITMAP
00
00
00
00
00
00
00
00
88
88
88
88
98
E8
80
80
00
00
ENDCHAR
STARTCHAR u03BD
ENCODING 957
SWIDTH 500 0
DWIDTH 6 0
BBX 6 18 0 -4
BITMAP
00
00
00
00
00
00
00
00
88
88
50
50
20
20
00
00
00
00
ENDCHAR
STARTCHAR u03BE
ENCODING 958
SWIDTH 500 0
DWIDTH 6 0
BBX 6 18 0 -4
BITMAP
00
00
00
00
00
78
80
80
40
30
40
80
80
70
08
10
00
00
ENDCHAR
STARTCHAR u03BF
ENCODING 959
SWIDTH 500 0
DWIDTH 6 0
BBX 6 18 0 -4
BITMAP
00
00
00
00
00
00
00
00
70
88
88
88
88
70
00
00
00
00
ENDCHAR
STARTCHAR u03C0
ENCODING 960
SWIDTH 584 0
DWIDTH 7 0
BBX 7 18 0 -4
BITMAP
00
00
00
00
00
00
00
00
FC
48
48
48
48
8C
00
00
00
00
ENDCHAR
STARTCHAR u03C1
ENCODING 961
SWIDTH 500 0
DWIDTH 6 0
BBX 6 18 0 -4
BITMAP
00
00
00
00
00
00
00
00
70
88
88
88
88
F0
80
80
00
00
ENDCHAR
STARTCHAR u03C2
ENCODING 962
SWIDTH 500 0
DWIDTH 6 0
BBX 6 18 0 -4
BITMAP
00
00
00
00
00
00
00
00
70
88
80
80
40
30
08
30
00
00
ENDCHAR
STARTCHAR u03C3
ENCODING 963
SWIDTH 584 0
DWIDTH 7 0
BBX 7 18 0 -4
BITMAP
00
00
00
00
00
00
00
00
7C
90
88
88
88
70
00
00
00
00
ENDCHAR
STARTCHAR u03C4
ENCODING 964
SWIDTH 500 0
DWIDTH 6 0
BBX 6 18 0 -4
BITMAP
00
00
00
00
00
00
00
00
F8
20
20
20
20
18
00
00
00
00
ENDCHAR
STARTCHAR u03C5
ENCODING 965
SWIDTH 500 0
DWIDTH 6 0
BBX 6 18 0 -4
BITMAP
00
00
00
00
00
00
00
00
88
88
88
88
88
70
00
00
00
00
ENDCHAR
STARTCHAR u03C6
ENCODING 966
SWIDTH 667 0
DWIDTH 8 0
BBX 8 18 0 -4
BITMAP
00
00
00
00
00
00
00
00
4C
92
92
92
92
7C
10
10
00
00
ENDCHAR
STARTCHAR u03C7
ENCODING 967
SWIDTH 500 0
DWIDTH 6 0
BBX 6 18 0 -4
BITMAP
00
00
00
00
00
00
00
00
88
48
50
20
20
50
90
88
00
00
ENDCHAR
STARTCHAR u03C8
ENCODING 968
SWIDTH 667 0
DWIDTH 8 0
BBX 8 18 0 -4
BITMAP
00
00
00
00
00
00
00
00
92
92
92
92
92
7C
10
10
00
00
ENDCHAR
STARTCHAR u03C9
ENCODING 969
SWIDTH 667 0
DWIDTH 8 0
BBX 8 18 0 -4
BITMAP
00
00
00
00
00
00
00
00
44
82
92
92
92
6C
00
00
00
00
ENDCHAR
STARTCHAR u03CA
ENCODING 970
SWIDTH 334 0
DWIDTH 4 0
BBX 4 18 0 -4
BITMAP
00
00
00
00
00
A0
00
00
40
C0
40
40
40
20
00
00
00
00
ENDCHAR
STARTCHAR u03CB
ENCODING 971
SWIDTH 500 0
DWIDTH 6 0
BBX 6 18 0 -4
BITMAP
00
00
00
00
00
50
00
00
88
88
88
88
88
70
00
00
00
00
ENDCHAR
STARTCHAR u03CC
ENCODING 972
SWIDTH 500 0
DWIDTH 6 0
BBX 6 18 0 -4
BITMAP
00
00
00
00
00
10
20
00
70
88
88
88
88
70
00
00
00
00
ENDCHAR
STARTCHAR u03CD
ENCODING 973
SWIDTH 500 0
DWIDTH 6 0
BBX 6 18 0 -4
BITMAP
00
00
00
00
00
10
20
00
88
88
88
88
88
70
00
00
00
00
ENDCHAR
STARTCHAR u03CE
ENCODING 974
SWIDTH 667 0
DWIDTH 8 0
BBX 8 18 0 -4
BITMAP
00
00
00
00
00
08
10
00
44
82
92
92
92
6C
00
00
00
00
ENDCHAR
STARTCHAR u03D2
ENCODING 978
SWIDTH 667 0
DWIDTH 8 0
BBX 8 18 0 -4
BITMAP
00
00
00
00
00
C6
28
28
28
10
10
10
10
10
00
00
00
00
ENDCHAR
STARTCHAR u03D3
ENCODING 979
SWIDTH 667 0
DWIDTH 8 0
BBX 8 18 0 -4
BITMAP
00
00
40
80
00
C6
28
28
28
10
10
10
10
10
00
00
00
00
ENDCHAR
STARTCHAR u03D4
ENCODING 980
SWIDTH 667 0
DWIDTH 8 0
BBX 8 18 0 -4
BITMAP
00
00
00
28
00
C6
28
28
28
10
10
10
10
10
00
00
00
00
ENDCHAR
STARTCHAR u03D5
ENCODING 981
SWIDTH 667 0
DWIDTH 8 0
BBX 8 18 0 -4
BITMAP
00
00
00
00
00
10
10
10
7C
92
92
92
92
7C
10
10
00
00
ENDCHAR
STARTCHAR u03D6
ENCODING 982
SWIDTH 667 0
DWIDTH 8 0
BBX 8 18 0 -4
BITMAP
00
00
00
00
00
00
00
00
FE
44
92
92
92
6C
00
00
00
00
ENDCHAR
STARTCHAR u03DA
ENCODING 986
SWIDTH 584 0
DWIDTH 7 0
BBX 7 18 0 -4
BITMAP
00
00
00
00
00
38
44
84
80
80
80
40
20
18
04
18
00
00
ENDCHAR
STARTCHAR u03DB
ENCODING 987
SWIDTH 500 0
DWIDTH 6 0
BBX 6 18 0 -4
BITMAP
00
00
00
00
00
00
00
00
70
88
80
80
40
30
08
30
00
00
ENDCHAR
STARTCHAR u03F2
ENCODING 1010
SWIDTH 500 0
DWIDTH 6 0
BBX 6 18 0 -4
BITMAP
00
00
00
00
00
00
00
00
70
88
80
80
88
70
00
00
00
00
ENDCHAR
STARTCHAR u03F3
ENCODING 1011
SWIDTH 334 0
DWIDTH 4 0
BBX 4 18 0 -4
BITMAP
00
00
00
00
00
20
00
00
E0
20
20
20
20
20
20
C0
00
00
ENDCHAR
STARTCHAR u03F4
ENCODING 1012
SWIDTH 667 0
DWIDTH 8 0
BBX 8 18 0 -4
BITMAP
00
00
00
00
00
38
44
82
82
FE
82
82
44
38
00
00
00
00
ENDCHAR
STARTCHAR u03F5
ENCODING 1013
SWIDTH 417 0
DWIDTH 5 0
BBX 5 18 0 -4
BITMAP
00
00
00
00
00
00
00
00
70
80
F0
80
80
70
00
00
00
00
ENDCHAR
STARTCHAR u03F6
ENCODING 1014
SWIDTH 417 0
DWIDTH 5 0
BBX 5 18 0 -4
BITMAP
00
00
00
00
00
00
00
00
E0
10
F0
10
10
E0
00
00
00
00
ENDCHAR
STARTCHAR u03F7
ENCODING 1015
SWIDTH 584 0
DWIDTH 7 0
BBX 7 18 0 -4
BITMAP
00
00
00
00
00
80
80
F8
84
84
84
F8
80
80
00
00
00
00
ENDCHAR
STARTCHAR u03F8
ENCODING 1016
SWIDTH 500 0
DWIDTH 6 0
BBX 6 18 0 -4
BITMAP
00
00
00
00
00
80
80
80
F0
88
88
88
88
F0
80
80
00
00
ENDCHAR
STARTCHAR u03F9
ENCODING 1017
SWIDTH 584 0
DWIDTH 7 0
BBX 7 18 0 -4
BITMAP
00
00
00
00
00
38
44
80
80
80
80
80
44
38
00
00
00
00
ENDCHAR
STARTCHAR u03FA
ENCODING 1018
SWIDTH 667 0
DWIDTH 8 0
BBX 8 18 0 -4
BITMAP
00
00
00
00
00
82
82
C6
C6
AA
AA
92
92
92
00
00
00
00
ENDCHAR
STARTCHAR u03FB
ENCODING 1019
SWIDTH 667 0
DWIDTH 8 0
BBX 8 18 0 -4
BITMAP
00
00
00
00
00
00
00
00
82
C6
AA
AA
92
92
80
80
00
00
ENDCHAR
STARTCHAR u03FD
ENCODING 1021
SWIDTH 584 0
DWIDTH 7 0
BBX 7 18 0 -4
BITMAP
00
00
00
00
00
70
88
04
04
04
04
04
88
70
00
00
00
00
ENDCHAR
STARTCHAR u03FE
ENCODING 1022
SWIDTH 584 0
DWIDTH 7 0
BBX 7 18 0 -4
BITMAP
00
00
00
00
00
38
44
80
80
90
80
80
44
38
00
00
00
00
ENDCHAR
STARTCHAR u03FF
ENCODING 1023
SWIDTH 584 0
DWIDTH 7 0
BBX 7 18 0 -4
BITMAP
00
00
00
00
00
70
88
04
04
24
04
04
88
70
00
00
00
00
ENDCHAR
STARTCHAR u0400
ENCODING 1024
SWIDTH 584 0
DWIDTH 7 0
BBX 7 18 0 -4
BITMAP
00
00
20
10
00
7C
80
80
80
F8
80
80
80
7C
00
00
00
00
ENDCHAR
STARTCHAR u0401
ENCODING 1025
SWIDTH 584 0
DWIDTH 7 0
BBX 7 18 0 -4
BITMAP
00
00
00
48
00
7C
80
80
80
F8
80
80
80
7C
00
00
00
00
ENDCHAR
STARTCHAR u0403
ENCODING 1027
SWIDTH 500 0
DWIDTH 6 0
BBX 6 18 0 -4
BITMAP
00
00
10
20
00
78
80
80
80
80
80
80
80
80
00
00
00
00
ENDCHAR
STARTCHAR u0404
ENCODING 1028
SWIDTH 584 0
DWIDTH 7 0
BBX 7 18 0 -4
BITMAP
00
00
00
00
00
38
44
80
80
F0
80
80
44
38
00
00
00
00
ENDCHAR
STARTCHAR u0405
ENCODING 1029
SWIDTH 584 0
DWIDTH 7 0
BBX 7 18 0 -4
BITMAP
00
00
00
00
00
78
84
80
40
30
08
04
84
78
00
00
00
00
ENDCHAR
STARTCHAR u0406
ENCODING 1030
SWIDTH 334 0
DWIDTH 4 0
BBX 4 18 0 -4
BITMAP
00
00
00
00
00
E0
40
40
40
40
40
40
40
E0
00
00
00
00
ENDCHAR
STARTCHAR u0407
ENCODING 1031
SWIDTH 334 0
DWIDTH 4 0
BBX 4 18 0 -4
BITMAP
00
00
00
A0
00
E0
40
40
40
40
40
40
40
E0
00
00
00
00
ENDCHAR
STARTCHAR u0408
ENCODING 1032
SWIDTH 500 0
DWIDTH 6 0
BBX 6 18 0 -4
BITMAP
00
00
00
00
00
08
08
08
08
08
08
88
88
70
00
00
00
00
ENDCHAR
STARTCHAR u040C
ENCODING 1036
SWIDTH 584 0
DWIDTH 7 0
BBX 7 18 0 -4
BITMAP
00
00
10
20
00
84
88
90
A0
C0
A0
90
88
84
00
00
00
00
ENDCHAR
STARTCHAR u040D
ENCODING 1037
SWIDTH 584 0
DWIDTH 7 0
BBX 7 18 0 -4
BITMAP
00
00
20
10
00
84
8C
94
94
A4
A4
C4
C4
84
00
00
00
00
ENDCHAR
STARTCHAR u040E
ENCODING 1038
SWIDTH 667 0
DWIDTH 8 0
BBX 8 18 0 -4
BITMAP
00
00
44
38
00
82
82
44
44
28
28
10
10
60
00
00
00
00
ENDCHAR
STARTCHAR u040F
ENCODING 1039
SWIDTH 584 0
DWIDTH 7 0
BBX 7 18 0 -4
BITMAP
00
00
00
00
00
84
84
84
84
84
84
84
84
78
10
10
00
00
ENDCHAR
STARTCHAR u0410
ENCODING 1040
SWIDTH 667 0
DWIDTH 8 0
BBX 8 18 0 -4
BITMAP
00
00
00
00
00
10
10
28
28
44
7C
44
82
82
00
00
00
00
ENDCHAR
STARTCHAR u0411
ENCODING 1041
SWIDTH 584 0
DWIDTH 7 0
BBX 7 18 0 -4
BITMAP
00
00
00
00
00
F8
80
80
80
F8
84
84
84
F8
00
00
00
00
ENDCHAR
STARTCHAR u0412
ENCODING 1042
SWIDTH 584 0
DWIDTH 7 0
BBX 7 18 0 -4
BITMAP
00
00
00
00
00
F8
84
84
84
F8
84
84
84
F8
00
00
00
00
ENDCHAR
STARTCHAR u0413
ENCODING 1043
SWIDTH 500 0
DWIDTH 6 0
BBX 6 18 0 -4
BITMAP
00
00
00
00
00
78
80
80
80
80
80
80
80
80
00
00
00
00
ENDCHAR
STARTCHAR u0414
ENCODING 1044
SWIDTH 667 0
DWIDTH 8 0
BBX 8 18 0 -4
BITMAP
00
00
00
00
00
18
24
24
24
24
44
44
84
FE
82
82
00
00
ENDCHAR
STARTCHAR u0415
ENCODING 1045
SWIDTH 584 0
DWIDTH 7 0
BBX 7 18 0 -4
BITMAP
00
00
00
00
00
7C
80
80
80
F8
80
80
80
7C
00
00
00
00
ENDCHAR
STARTCHAR u0416
ENCODING 1046
SWIDTH 834 0
DWIDTH 10 0
BBX 10 18 0 -4
BITMAP
0000
0000
0000
0000
0000
8880
4900
4900
2A00
1C00
2A00
4900
8880
8880
0000
0000
0000
0000
ENDCHAR
STARTCHAR u0417
ENCODING 1047
SWIDTH 584 0
DWIDTH 7 0
BBX 7 18 0 -4
BITMAP
00
00
00
00
00
78
84
04
04
38
04
04
84
78
00
00
00
00
ENDCHAR
STARTCHAR u0418
ENCODING 1048
SWIDTH 584 0
DWIDTH 7 0
BBX 7 18 0 -4
BITMAP
00
00
00
00
00
84
8C
94
94
A4
A4
C4
C4
84
00
00
00
00
ENDCHAR
STARTCHAR u0419
ENCODING 1049
SWIDTH 584 0
DWIDTH 7 0
BBX 7 18 0 -4
BITMAP
00
00
48
30
00
84
8C
94
94
A4
A4
C4
C4
84
00
00
00
00
ENDCHAR
STARTCHAR u041A
ENCODING 1050
SWIDTH 584 0
DWIDTH 7 0
BBX 7 18 0 -4
BITMAP
00
00
00
00
00
84
88
90
A0
C0
A0
90
88
84
00
00
00
00
ENDCHAR
STARTCHAR u041B
ENCODING 1051
SWIDTH 584 0
DWIDTH 7 0
BBX 7 18 0 -4
BITMAP
00
00
00
00
00
38
44
44
44
44
44
44
44
84
00
00
00
00
ENDCHAR
STARTCHAR u041C
ENCODING 1052
SWIDTH 667 0
DWIDTH 8 0
BBX 8 18 0 -4
BITMAP
00
00
00
00
00
82
82
C6
C6
AA
AA
92
92
92
00
00
00
00
ENDCHAR
STARTCHAR u041D
ENCODING 1053
SWIDTH 584 0
DWIDTH 7 0
BBX 7 18 0 -4
BITMAP
00
00
00
00
00
84
84
84
84
FC
84
84
84
84
00
00
00
00
ENDCHAR
STARTCHAR u041E
ENCODING 1054
SWIDTH 667 0
DWIDTH 8 0
BBX 8 18 0 -4
BITMAP
00
00
00
00
00
38
44
82
82
82
82
82
44
38
00
00
00
00
ENDCHAR
STARTCHAR u041F
ENCODING 1055
SWIDTH 584 0
DWIDTH 7 0
BBX 7 18 0 -4
BITMAP
00
00
00
00
00
78
84
84
84
84
84
84
84
84
00
00
00
00
ENDCHAR
STARTCHAR u0420
ENCODING 1056
SWIDTH 584 0
DWIDTH 7 0
BBX 7 18 0 -4
BITMAP
00
00
00
00
00
F8
84
84
84
F8
80
80
80
80
00
00
00
00
ENDCHAR
STARTCHAR u0421
ENCODING 1057
SWIDTH 584 0
DWIDTH 7 0
BBX 7 18 0 -4
BITMAP
00
00
00
00
00
38
44
80
80
80
80
80
44
38
00
00
00
00
ENDCHAR
STARTCHAR u0422
ENCODING 1058
SWIDTH 667 0
DWIDTH 8 0
BBX 8 18 0 -4
BITMAP
00
00
00
00
00
FE
10
10
10
10
10
10
10
10
00
00
00
00
ENDCHAR
STARTCHAR u0423
ENCODING 1059
SWIDTH 667 0
DWIDTH 8 0
BBX 8 18 0 -4
BITMAP
00
00
00
00
00
82
82
44
44
28
28
10
10
60
00
00
00
00
ENDCHAR
STARTCHAR u0424
ENCODING 1060
SWIDTH 834 0
DWIDTH 10 0
BBX 10 18 0 -4
BITMAP
0000
0000
0000
0000
0000
0800
3E00
4900
8880
8880
8880
4900
3E00
0800
0000
0000
0000
0000
ENDCHAR
STARTCHAR u0425
ENCODING 1061
SWIDTH 667 0
DWIDTH 8 0
BBX 8 18 0 -4
BITMAP
00
00
00
00
00
82
44
44
28
10
28
44
44
82
00
00
00
00
ENDCHAR
STARTCHAR u0426
ENCODING 1062
SWIDTH 667 0
DWIDTH 8 0
BBX 8 18 0 -4
BITMAP
00
00
00
00
00
84
84
84
84
84
84
84
84
7A
02
02
00
00
ENDCHAR
STARTCHAR u0427
ENCODING 1063
SWIDTH 584 0
DWIDTH 7 0
BBX 7 18 0 -4
BITMAP
00
00
00
00
00
84
84
84
8C
74
04
04
04
04
00
00
00
00
ENDCHAR
STARTCHAR u0428
ENCODING 1064
SWIDTH 834 0
DWIDTH 10 0
BBX 10 18 0 -4
BITMAP
0000
0000
0000
0000
0000
8880
8880
8880
8880
8880
8880
8880
8880
7F00
0000
0000
0000
0000
ENDCHAR
STARTCHAR u0429
ENCODING 1065
SWIDTH 917 0
DWIDTH 11 0
BBX 11 18 0 -4
BITMAP
0000
0000
0000
0000
0000
8880
8880
8880
8880
8880
8880
8880
8880
7F40
0040
0040
0000
0000
ENDCHAR
STARTCHAR u042A
ENCODING 1066
SWIDTH 750 0
DWIDTH 9 0
BBX 9 18 0 -4
BITMAP
0000
0000
0000
0000
0000
E000
2000
2000
2000
3E00
2100
2100
2100
3E00
0000
0000
0000
0000
ENDCHAR
STARTCHAR u042B
ENCODING 1067
SWIDTH 750 0
DWIDTH 9 0
BBX 9 18 0 -4
BITMAP
0000
0000
0000
0000
0000
8100
8100
8100
8100
F900
8500
8500
8500
F900
0000
0000
0000
0000
ENDCHAR
STARTCHAR u042C
ENCODING 1068
SWIDTH 584 0
DWIDTH 7 0
BBX 7 18 0 -4
BITMAP
00
00
00
00
00
80
80
80
80
F8
84
84
84
F8
00
00
00
00
ENDCHAR
STARTCHAR u042D
ENCODING 1069
SWIDTH 584 0
DWIDTH 7 0
BBX 7 18 0 -4
BITMAP
00
00
00
00
00
70
88
04
04
3C
04
04
88
70
00
00
00
00
ENDCHAR
STARTCHAR u042E
ENCODING 1070
SWIDTH 834 0
DWIDTH 10 0
BBX 10 18 0 -4
BITMAP
0000
0000
0000
0000
0000
8E00
9100
A080
A080
E080
A080
A080
9100
8E00
0000
0000
0000
0000
ENDCHAR
STARTCHAR u042F
ENCODING 1071
SWIDTH 584 0
DWIDTH 7 0
BBX 7 18 0 -4
BITMAP
00
00
00
00
00
7C
84
84
84
7C
24
44
44
84
00
00
00
00
ENDCHAR
STARTCHAR u0430
ENCODING 1072
SWIDTH 500 0
DWIDTH 6 0
BBX 6 18 0 -4
BITMAP
00
00
00
00
00
00
00
00
70
08
78
88
88
78
00
00
00
00
ENDCHAR
STARTCHAR u0431
ENCODING 1073
SWIDTH 500 0
DWIDTH 6 0
BBX 6 18 0 -4
BITMAP
00
00
00
00
00
08
70
80
F0
88
88
88
88
70
00
00
00
00
ENDCHAR
STARTCHAR u0432
ENCODING 1074
SWIDTH 500 0
DWIDTH 6 0
BBX 6 18 0 -4
BITMAP
00
00
00
00
00
00
00
00
F0
88
F0
88
88
F0
00
00
00
00
ENDCHAR
STARTCHAR u0433
ENCODING 1075
SWIDTH 417 0
DWIDTH 5 0
BBX 5 18 0 -4
BITMAP
00
00
00
00
00
00
00
00
70
80
80
80
80
80
00
00
00
00
ENDCHAR
STARTCHAR u0434
ENCODING 1076
SWIDTH 584 0
DWIDTH 7 0
BBX 7 18 0 -4
BITMAP
00
00
00
00
00
00
00
00
30
48
48
48
88
FC
84
84
00
00
ENDCHAR
STARTCHAR u0435
ENCODING 1077
SWIDTH 500 0
DWIDTH 6 0
BBX 6 18 0 -4
BITMAP
00
00
00
00
00
00
00
00
70
88
F8
80
88
70
00
00
00
00
ENDCHAR
STARTCHAR u0436
ENCODING 1078
SWIDTH 667 0
DWIDTH 8 0
BBX 8 18 0 -4
BITMAP
00
00
00
00
00
00
00
00
92
54
38
54
92
92
00
00
00
00
ENDCHAR
STARTCHAR u0437
ENCODING 1079
SWIDTH 500 0
DWIDTH 6 0
BBX 6 18 0 -4
BITMAP
00
00
00
00
00
00
00
00
70
88
30
08
88
70
00
00
00
00
ENDCHAR
STARTCHAR u0438
ENCODING 1080
SWIDTH 500 0
DWIDTH 6 0
BBX 6 18 0 -4
BITMAP
00
00
00
00
00
00
00
00
88
98
A8
C8
88
88
00
00
00
00
ENDCHAR
STARTCHAR u0439
ENCODING 1081
SWIDTH 500 0
DWIDTH 6 0
BBX 6 18 0 -4
BITMAP
00
00
00
00
00
48
30
00
88
98
A8
C8
88
88
00
00
00
00
ENDCHAR
STARTCHAR u043A
ENCODING 1082
SWIDTH 500 0
DWIDTH 6 0
BBX 6 18 0 -4
BITMAP
00
00
00
00
00
00
00
00
88
B0
C0
A0
90
88
00
00
00
00
ENDCHAR
STARTCHAR u043B
ENCODING 1083
SWIDTH 500 0
DWIDTH 6 0
BBX 6 18 0 -4
BITMAP
00
00
00
00
00
00
00
00
30
48
48
48
48
88
00
00
00
00
ENDCHAR
STARTCHAR u043C
ENCODING 1084
SWIDTH 667 0
DWIDTH 8 0
BBX 8 18 0 -4
BITMAP
00
00
00
00
00
00
00
00
82
C6
AA
AA
92
92
00
00
00
00
ENDCHAR
STARTCHAR u043D
ENCODING 1085
SWIDTH 500 0
DWIDTH 6 0
BBX 6 18 0 -4
BITMAP
00
00
00
00
00
00
00
00
88
88
F8
88
88
88
00
00
00
00
ENDCHAR
STARTCHAR u043E
ENCODING 1086
SWIDTH 500 0
DWIDTH 6 0
BBX 6 18 0 -4
BITMAP
00
00
00
00
00
00
00
00
70
88
88
88
88
70
00
00
00
00
ENDCHAR
STARTCHAR u043F
ENCODING 1087
SWIDTH 500 0
DWIDTH 6 0
BBX 6 18 0 -4
BITMAP
00
00
00
00
00
00
00
00
70
88
88
88
88
88
00
00
00
00
ENDCHAR
STARTCHAR u0440
ENCODING 1088
SWIDTH 500 0
DWIDTH 6 0
BBX 6 18 0 -4
BITMAP
00
00
00
00
00
00
00
00
F0
88
88
88
88
F0
80
80
00
00
ENDCHAR
STARTCHAR u0441
ENCODING 1089
SWIDTH 500 0
DWIDTH 6 0
BBX 6 18 0 -4
BITMAP
00
00
00
00
00
00
00
00
70
88
80
80
88
70
00
00
00
00
ENDCHAR
STARTCHAR u0442
ENCODING 1090
SWIDTH 500 0
DWIDTH 6 0
BBX 6 18 0 -4
BITMAP
00
00
00
00
00
00
00
00
F8
20
20
20
20
20
00
00
00
00
ENDCHAR
STARTCHAR u0443
ENCODING 1091
SWIDTH 500 0
DWIDTH 6 0
BBX 6 18 0 -4
BITMAP
00
00
00
00
00
00
00
00
88
88
88
50
50
20
20
C0
00
00
ENDCHAR
STARTCHAR u0444
ENCODING 1092
SWIDTH 667 0
DWIDTH 8 0
BBX 8 18 0 -4
BITMAP
00
00
00
00
00
10
10
10
7C
92
92
92
92
7C
10
10
00
00
ENDCHAR
STARTCHAR u0445
ENCODING 1093
SWIDTH 500 0
DWIDTH 6 0
BBX 6 18 0 -4
BITMAP
00
00
00
00
00
00
00
00
88
50
20
20
50
88
00
00
00
00
ENDCHAR
STARTCHAR u0446
ENCODING 1094
SWIDTH 584 0
DWIDTH 7 0
BBX 7 18 0 -4
BITMAP
00
00
00
00
00
00
00
00
88
88
88
88
88
74
04
04
00
00
ENDCHAR
STARTCHAR u0447
ENCODING 1095
SWIDTH 500 0
DWIDTH 6 0
BBX 6 18 0 -4
BITMAP
00
00
00
00
00
00
00
00
88
88
98
68
08
08
00
00
00
00
ENDCHAR
STARTCHAR u0448
ENCODING 1096
SWIDTH 667 0
DWIDTH 8 0
BBX 8 18 0 -4
BITMAP
00
00
00
00
00
00
00
00
92
92
92
92
92
7C
00
00
00
00
ENDCHAR
STARTCHAR u0449
ENCODING 1097
SWIDTH 750 0
DWIDTH 9 0
BBX 9 18 0 -4
BITMAP
0000
0000
0000
0000
0000
0000
0000
0000
9200
9200
9200
9200
9200
7D00
0100
0100
0000
0000
ENDCHAR
STARTCHAR u044A
ENCODING 1098
SWIDTH 667 0
DWIDTH 8 0
BBX 8 18 0 -4
BITMAP
00
00
00
00
00
00
00
00
E0
20
3C
22
22
3C
00
00
00
00
ENDCHAR
STARTCHAR u044B
ENCODING 1099
SWIDTH 667 0
DWIDTH 8 0
BBX 8 18 0 -4
BITMAP
00
00
00
00
00
00
00
00
82
82
F2
8A
8A
F2
00
00
00
00
ENDCHAR
STARTCHAR u044C
ENCODING 1100
SWIDTH 500 0
DWIDTH 6 0
BBX 6 18 0 -4
BITMAP
00
00
00
00
00
00
00
00
80
80
F0
88
88
F0
00
00
00
00
ENDCHAR
STARTCHAR u044D
ENCODING 1101
SWIDTH 500 0
DWIDTH 6 0
BBX 6 18 0 -4
BITMAP
00
00
00
00
00
00
00
00
70
88
38
08
88
70
00
00
00
00
ENDCHAR
STARTCHAR u044E
ENCODING 1102
SWIDTH 667 0
DWIDTH 8 0
BBX 8 18 0 -4
BITMAP
00
00
00
00
00
00
00
00
9C
A2
E2
A2
A2
9C
00
00
00
00
ENDCHAR
STARTCHAR u044F
ENCODING 1103
SWIDTH 500 0
DWIDTH 6 0
BBX 6 18 0 -4
BITMAP
00
00
00
00
00
00
00
00
78
88
88
78
48
88
00
00
00
00
ENDCHAR
STARTCHAR u0450
ENCODING 1104
SWIDTH 500 0
DWIDTH 6 0
BBX 6 18 0 -4
BITMAP
00
00
00
00
00
40
20
00
70
88
F8
80
88
70
00
00
00
00
ENDCHAR
STARTCHAR u0451
ENCODING 1105
SWIDTH 500 0
DWIDTH 6 0
BBX 6 18 0 -4
BITMAP
00
00
00
00
00
50
00
00
70
88
F8
80
88
70
00
00
00
00
ENDCHAR
STARTCHAR u0453
ENCODING 1107
SWIDTH 417 0
DWIDTH 5 0
BBX 5 18 0 -4
BITMAP
00
00
00
00
00
20
40
00
70
80
80
80
80
80
00
00
00
00
ENDCHAR
STARTCHAR u0454
ENCODING 1108
SWIDTH 500 0
DWIDTH 6 0
BBX 6 18 0 -4
BITMAP
00
00
00
00
00
00
00
00
70
88
E0
80
88
70
00
00
00
00
ENDCHAR
STARTCHAR u0455
ENCODING 1109
SWIDTH 500 0
DWIDTH 6 0
BBX 6 18 0 -4
BITMAP
00
00
00
00
00
00
00
00
70
88
60
10
88
70
00
00
00
00
ENDCHAR
STARTCHAR u0456
ENCODING 1110
SWIDTH 334 0
DWIDTH 4 0
BBX 4 18 0 -4
BITMAP
00
00
00
00
00
40
00
00
C0
40
40
40
40
E0
00
00
00
00
ENDCHAR
STARTCHAR u0457
ENCODING 1111
SWIDTH 334 0
DWIDTH 4 0
BBX 4 18 0 -4
BITMAP
00
00
00
00
00
A0
00
00
C0
40
40
40
40
E0
00
00
00
00
ENDCHAR
STARTCHAR u0458
ENCODING 1112
SWIDTH 334 0
DWIDTH 4 0
BBX 4 18 0 -4
BITMAP
00
00
00
00
00
20
00
00
E0
20
20
20
20
20
20
C0
00
00
ENDCHAR
STARTCHAR u045B
ENCODING 1115
SWIDTH 584 0
DWIDTH 7 0
BBX 7 18 0 -4
BITMAP
00
00
00
00
00
40
F0
40
58
64
44
44
44
44
00
00
00
00
ENDCHAR
STARTCHAR u045C
ENCODING 1116
SWIDTH 500 0
DWIDTH 6 0
BBX 6 18 0 -4
BITMAP
00
00
00
00
00
10
20
00
88
B0
C0
A0
90
88
00
00
00
00
ENDCHAR
STARTCHAR u045D
ENCODING 1117
SWIDTH 500 0
DWIDTH 6 0
BBX 6 18 0 -4
BITMAP
00
00
00
00
00
40
20
00
88
98
A8
C8
88
88
00
00
00
00
ENDCHAR
STARTCHAR u045E
ENCODING 1118
SWIDTH 500 0
DWIDTH 6 0
BBX 6 18 0 -4
BITMAP
00
00
00
00
00
48
30
00
88
88
88
50
50
20
20
C0
00
00
ENDCHAR
STARTCHAR u045F
ENCODING 1119
SWIDTH 500 0
DWIDTH 6 0
BBX 6 18 0 -4
BITMAP
00
00
00
00
00
00
00
00
88
88
88
88
88
70
20
20
00
00
ENDCHAR
STARTCHAR u0464
ENCODING 1124
SWIDTH 750 0
DWIDTH 9 0
BBX 9 18 0 -4
BITMAP
0000
0000
0000
0000
0000
8E00
9100
A000
A000
FC00
A000
A000
9100
8E00
0000
0000
0000
0000
ENDCHAR
STARTCHAR u0465
ENCODING 1125
SWIDTH 667 0
DWIDTH 8 0
BBX 8 18 0 -4
BITMAP
00
00
00
00
00
00
00
00
9C
A2
F8
A0
A2
9C
00
00
00
00
ENDCHAR
STARTCHAR u0470
ENCODING 1136
SWIDTH 834 0
DWIDTH 10 0
BBX 10 18 0 -4
BITMAP
0000
0000
0000
0000
0000
8880
8880
8880
8880
4900
3E00
0800
0800
0800
0000
0000
0000
0000
ENDCHAR
STARTCHAR u0471
ENCODING 1137
SWIDTH 667 0
DWIDTH 8 0
BBX 8 18 0 -4
BITMAP
00
00
00
00
00
00
00
00
92
92
92
92
92
7C
10
10
00
00
ENDCHAR
STARTCHAR u0472
ENCODING 1138
SWIDTH 667 0
DWIDTH 8 0
BBX 8 18 0 -4
BITMAP
00
00
00
00
00
38
44
82
82
FE
82
82
44
38
00
00
00
00
ENDCHAR
STARTCHAR u0473
ENCODING 1139
SWIDTH 500 0
DWIDTH 6 0
BBX 6 18 0 -4
BITMAP
00
00
00
00
00
00
00
00
70
88
F8
88
88
70
00
00
00
00
ENDCHAR
STARTCHAR u0478
ENCODING 1144
SWIDTH 1167 0
DWIDTH 14 0
BBX 14 18 0 -4
BITMAP
0000
0000
0000
0000
0000
3800
4400
8200
8288
8288
8288
8250
4450
3820
0020
00C0
0000
0000
ENDCHAR
STARTCHAR u0479
ENCODING 1145
SWIDTH 1000 0
DWIDTH 12 0
BBX 12 18 0 -4
BITMAP
0000
0000
0000
0000
0000
0000
0000
0000
7220
8A20
8A20
8940
8940
7080
0080
0300
0000
0000
ENDCHAR
STARTCHAR u0490
ENCODING 1168
SWIDTH 500 0
DWIDTH 6 0
BBX 6 18 0 -4
BITMAP
00
00
00
08
08
78
80
80
80
80
80
80
80
80
00
00
00
00
ENDCHAR
STARTCHAR u0491
ENCODING 1169
SWIDTH 417 0
DWIDTH 5 0
BBX 5 18 0 -4
BITMAP
00
00
00
00
00
00
10
10
70
80
80
80
80
80
00
00
00
00
ENDCHAR
STARTCHAR u049E
ENCODING 1182
SWIDTH 667 0
DWIDTH 8 0
BBX 8 18 0 -4
BITMAP
00
00
00
00
00
42
F4
48
50
60
50
48
44
42
00
00
00
00
ENDCHAR
STARTCHAR u049F
ENCODING 1183
SWIDTH 584 0
DWIDTH 7 0
BBX 7 18 0 -4
BITMAP
00
00
00
00
00
40
F0
40
44
58
60
50
48
44
00
00
00
00
ENDCHAR
STARTCHAR u04AE
ENCODING 1198
SWIDTH 667 0
DWIDTH 8 0
BBX 8 18 0 -4
BITMAP
00
00
00
00
00
82
44
44
28
28
10
10
10
10
00
00
00
00
ENDCHAR
STARTCHAR u04AF
ENCODING 1199
SWIDTH 500 0
DWIDTH 6 0
BBX 6 18 0 -4
BITMAP
00
00
00
00
00
00
00
00
88
88
50
50
20
20
20
20
00
00
ENDCHAR
STARTCHAR u04B0
ENCODING 1200
SWIDTH 667 0
DWIDTH 8 0
BBX 8 18 0 -4
BITMAP
00
00
00
00
00
82
44
44
28
28
7C
10
10
10
00
00
00
00
ENDCHAR
STARTCHAR u04B1
ENCODING 1201
SWIDTH 500 0
DWIDTH 6 0
BBX 6 18 0 -4
BITMAP
00
00
00
00
00
00
00
00
88
88
50
50
20
F8
20
20
00
00
ENDCHAR
STARTCHAR u04BA
ENCODING 1210
SWIDTH 584 0
DWIDTH 7 0
BBX 7 18 0 -4
BITMAP
00
00
00
00
00
80
80
80
80
B8
C4
84
84
84
00
00
00
00
ENDCHAR
STARTCHAR u04BB
ENCODING 1211
SWIDTH 500 0
DWIDTH 6 0
BBX 6 18 0 -4
BITMAP
00
00
00
00
00
80
80
80
B0
C8
88
88
88
88
00
00
00
00
ENDCHAR
STARTCHAR u04C0
ENCODING 1216
SWIDTH 334 0
DWIDTH 4 0
BBX 4 18 0 -4
BITMAP
00
00
00
00
00
E0
40
40
40
40
40
40
40
E0
00
00
00
00
ENDCHAR
STARTCHAR u04C1
ENCODING 1217
SWIDTH 834 0
DWIDTH 10 0
BBX 10 18 0 -4
BITMAP
0000
0000
2200
1C00
0000
8880
4900
4900
2A00
1C00
2A00
4900
8880
8880
0000
0000
0000
0000
ENDCHAR
STARTCHAR u04C2
ENCODING 1218
SWIDTH 667 0
DWIDTH 8 0
BBX 8 18 0 -4
BITMAP
00
00
00
00
00
44
38
00
92
54
38
54
92
92
00
00
00
00
ENDCHAR
STARTCHAR u04C7
ENCODING 1223
SWIDTH 584 0
DWIDTH 7 0
BBX 7 18 0 -4
BITMAP
00
00
00
00
00
84
84
84
84
FC
84
84
84
84
04
18
00
00
ENDCHAR
STARTCHAR u04C8
ENCODING 1224
SWIDTH 500 0
DWIDTH 6 0
BBX 6 18 0 -4
BITMAP
00
00
00
00
00
00
00
00
88
88
F8
88
88
88
08
30
00
00
ENDCHAR
STARTCHAR u04CF
ENCODING 1231
SWIDTH 334 0
DWIDTH 4 0
BBX 4 18 0 -4
BITMAP
00
00
00
00
00
E0
40
40
40
40
40
40
40
E0
00
00
00
00
ENDCHAR
STARTCHAR u04D0
ENCODING 1232
SWIDTH 667 0
DWIDTH 8 0
BBX 8 18 0 -4
BITMAP
00
00
44
38
00
10
10
28
28
44
7C
44
82
82
00
00
00
00
ENDCHAR
STARTCHAR u04D1
ENCODING 1233
SWIDTH 500 0
DWIDTH 6 0
BBX 6 18 0 -4
BITMAP
00
00
00
00
00
48
30
00
70
08
78
88
88
78
00
00
00
00
ENDCHAR
STARTCHAR u04D2
ENCODING 1234
SWIDTH 667 0
DWIDTH 8 0
BBX 8 18 0 -4
BITMAP
00
00
00
28
00
10
10
28
28
44
7C
44
82
82
00
00
00
00
ENDCHAR
STARTCHAR u04D3
ENCODING 1235
SWIDTH 500 0
DWIDTH 6 0
BBX 6 18 0 -4
BITMAP
00
00
00
00
00
50
00
00
70
08
78
88
88
78
00
00
00
00
ENDCHAR
STARTCHAR u04D4
ENCODING 1236
SWIDTH 834 0
DWIDTH 10 0
BBX 10 18 0 -4
BITMAP
0000
0000
0000
0000
0000
1F80
1800
2800
2800
4F00
7800
4800
8800
8780
0000
0000
0000
0000
ENDCHAR
STARTCHAR u04D5
ENCODING 1237
SWIDTH 834 0
DWIDTH 10 0
BBX 10 18 0 -4
BITMAP
0000
0000
0000
0000
0000
0000
0000
0000
7700
0880
7F80
8800
8880
7700
0000
0000
0000
0000
ENDCHAR
STARTCHAR u04D6
ENCODING 1238
SWIDTH 584 0
DWIDTH 7 0
BBX 7 18 0 -4
BITMAP
00
00
48
30
00
7C
80
80
80
F8
80
80
80
7C
00
00
00
00
ENDCHAR
STARTCHAR u04D7
ENCODING 1239
SWIDTH 500 0
DWIDTH 6 0
BBX 6 18 0 -4
BITMAP
00
00
00
00
00
48
30
00
70
88
F8
80
88
70
00
00
00
00
ENDCHAR
STARTCHAR u04D8
ENCODING 1240
SWIDTH 667 0
DWIDTH 8 0
BBX 8 18 0 -4
BITMAP
00
00
00
00
00
38
44
02
02
FE
82
82
44
38
00
00
00
00
ENDCHAR
STARTCHAR u04D9
ENCODING 1241
SWIDTH 500 0
DWIDTH 6 0
BBX 6 18 0 -4
BITMAP
00
00
00
00
00
00
00
00
70
88
08
F8
88
70
00
00
00
00
ENDCHAR
STARTCHAR u04DA
ENCODING 1242
SWIDTH 667 0
DWIDTH 8 0
BBX 8 18 0 -4
BITMAP
00
00
00
28
00
38
44
02
02
FE
82
82
44
38
00
00
00
00
ENDCHAR
STARTCHAR u04DB
ENCODING 1243
SWIDTH 500 0
DWIDTH 6 0
BBX 6 18 0 -4
BITMAP
00
00
00
00
00
50
00
00
70
88
08
F8
88
70
00
00
00
00
ENDCHAR
STARTCHAR u04DC
ENCODING 1244
SWIDTH 834 0
DWIDTH 10 0
BBX 10 18 0 -4
BITMAP
0000
0000
0000
1400
0000
8880
4900
4900
2A00
1C00
2A00
4900
8880
8880
0000
0000
0000
0000
ENDCHAR
STARTCHAR u04DD
ENCODING 1245
SWIDTH 667 0
DWIDTH 8 0
BBX 8 18 0 -4
BITMAP
00
00
00
00
00
28
00
00
92
54
38
54
92
92
00
00
00
00
ENDCHAR
STARTCHAR u04DE
ENCODING 1246
SWIDTH 584 0
DWIDTH 7 0
BBX 7 18 0 -4
BITMAP
00
00
00
48
00
78
84
04
04
38
04
04
84
78
00
00
00
00
ENDCHAR
STARTCHAR u04DF
ENCODING 1247
SWIDTH 500 0
DWIDTH 6 0
BBX 6 18 0 -4
BITMAP
00
00
00
00
00
50
00
00
70
88
30
08
88
70
00
00
00
00
ENDCHAR
STARTCHAR u04E2
ENCODING 1250
SWIDTH 584 0
DWIDTH 7 0
BBX 7 18 0 -4
BITMAP
00
00
00
78
00
84
8C
94
94
A4
A4
C4
C4
84
00
00
00
00
ENDCHAR
STARTCHAR u04E3
ENCODING 1251
SWIDTH 500 0
DWIDTH 6 0
BBX 6 18 0 -4
BITMAP
00
00
00
00
00
70
00
00
88
98
A8
C8
88
88
00
00
00
00
ENDCHAR
STARTCHAR u04E4
ENCODING 1252
SWIDTH 584 0
DWIDTH 7 0
BBX 7 18 0 -4
BITMAP
00
00
00
48
00
84
8C
94
94
A4
A4
C4
C4
84
00
00
00
00
ENDCHAR
STARTCHAR u04E5
ENCODING 1253
SWIDTH 500 0
DWIDTH 6 0
BBX 6 18 0 -4
BITMAP
00
00
00
00
00
50
00
00
88
98
A8
C8
88
88
00
00
00
00
ENDCHAR
STARTCHAR u04E6
ENCODING 1254
SWIDTH 667 0
DWIDTH 8 0
BBX 8 18 0 -4
BITMAP
00
00
00
28
00
38
44
82
82
82
82
82
44
38
00
00
00
00
ENDCHAR
STARTCHAR u04E7
ENCODING 1255
SWIDTH 500 0
DWIDTH 6 0
BBX 6 18 0 -4
BITMAP
00
00
00
00
00
50
00
00
70
88
88
88
88
70
00
00
00
00
ENDCHAR
STARTCHAR u04E8
ENCODING 1256
SWIDTH 667 0
DWIDTH 8 0
BBX 8 18 0 -4
BITMAP
00
00
00
00
00
38
44
82
82
FE
82
82
44
38
00
00
00
00
ENDCHAR
STARTCHAR u04E9
ENCODING 1257
SWIDTH 500 0
DWIDTH 6 0
BBX 6 18 0 -4
BITMAP
00
00
00
00
00
00
00
00
70
88
F8
88
88
70
00
00
00
00
ENDCHAR
STARTCHAR u04EA
ENCODING 1258
SWIDTH 667 0
DWIDTH 8 0
BBX 8 18 0 -4
BITMAP
00
00
00
28
00
38
44
82
82
FE
82
82
44
38
00
00
00
00
ENDCHAR
STARTCHAR u04EB
ENCODING 1259
SWIDTH 500 0
DWIDTH 6 0
BBX 6 18 0 -4
BITMAP
00
00
00
00
00
50
00
00
70
88
F8
88
88
70
00
00
00
00
ENDCHAR
STARTCHAR u04EC
ENCODING 1260
SWIDTH 584 0
DWIDTH 7 0
BBX 7 18 0 -4
BITMAP
00
00
00
48
00
70
88
04
04
3C
04
04
88
70
00
00
00
00
ENDCHAR
STARTCHAR u04ED
ENCODING 1261
SWIDTH 500 0
DWIDTH 6 0
BBX 6 18 0 -4
BITMAP
00
00
00
00
00
50
00
00
70
88
38
08
88
70
00
00
00
00
ENDCHAR
STARTCHAR u04EE
ENCODING 1262
SWIDTH 667 0
DWIDTH 8 0
BBX 8 18 0 -4
BITMAP
00
00
00
38
00
82
82
44
44
28
28
10
10
60
00
00
00
00
ENDCHAR
STARTCHAR u04EF
ENCODING 1263
SWIDTH 500 0
DWIDTH 6 0
BBX 6 18 0 -4
BITMAP
00
00
00
00
00
70
00
00
88
88
88
50
50
20
20
C0
00
00
ENDCHAR
STARTCHAR u04F0
ENCODING 1264
SWIDTH 667 0
DWIDTH 8 0
BBX 8 18 0 -4
BITMAP
00
00
00
28
00
82
82
44
44
28
28
10
10
60
00
00
00
00
ENDCHAR
STARTCHAR u04F1
ENCODING 1265
SWIDTH 500 0
DWIDTH 6 0
BBX 6 18 0 -4
BITMAP
00
00
00
00
00
50
00
00
88
88
88
50
50
20
20
C0
00
00
ENDCHAR
STARTCHAR u04F2
ENCODING 1266
SWIDTH 667 0
DWIDTH 8 0
BBX 8 18 0 -4
BITMAP
00
00
14
28
00
82
82
44
44
28
28
10
10
60
00
00
00
00
ENDCHAR
STARTCHAR u04F3
ENCODING 1267
SWIDTH 500 0
DWIDTH 6 0
BBX 6 18 0 -4
BITMAP
00
00
00
00
00
28
50
00
88
88
88
50
50
20
20
C0
00
00
ENDCHAR
STARTCHAR u04F4
ENCODING 1268
SWIDTH 584 0
DWIDTH 7 0
BBX 7 18 0 -4
BITMAP
00
00
00
48
00
84
84
84
8C
74
04
04
04
04
00
00
00
00
ENDCHAR
STARTCHAR u04F5
ENCODING 1269
SWIDTH 500 0
DWIDTH 6 0
BBX 6 18 0 -4
BITMAP
00
00
00
00
00
50
00
00
88
88
98
68
08
08
00
00
00
00
ENDCHAR
STARTCHAR u04F6
ENCODING 1270
SWIDTH 500 0
DWIDTH 6 0
BBX 6 18 0 -4
BITMAP
00
00
00
00
00
78
80
80
80
80
80
80
80
C0
40
40
00
00
ENDCHAR
STARTCHAR u04F7
ENCODING 1271
SWIDTH 417 0
DWIDTH 5 0
BBX 5 18 0 -4
BITMAP
00
00
00
00
00
00
00
00
70
80
80
80
80
C0
40
40
00
00
ENDCHAR
STARTCHAR u04F8
ENCODING 1272
SWIDTH 750 0
DWIDTH 9 0
BBX 9 18 0 -4
BITMAP
0000
0000
0000
2400
0000
8100
8100
8100
8100
F900
8500
8500
8500
F900
0000
0000
0000
0000
ENDCHAR
STARTCHAR u04F9
ENCODING 1273
SWIDTH 667 0
DWIDTH 8 0
BBX 8 18 0 -4
BITMAP
00
00
00
00
00
28
00
00
82
82
F2
8A
8A
F2
00
00
00
00
ENDCHAR
STARTCHAR u1E9E
ENCODING 7838
SWIDTH 584 0
DWIDTH 7 0
BBX 7 18 0 -4
BITMAP
00
00
00
00
00
70
88
88
90
90
88
84
84
98
00
00
00
00
ENDCHAR
STARTCHAR u2010
ENCODING 8208
SWIDTH 1000 0
DWIDTH 12 0
BBX 12 12 0 -1
BITMAP
0000
0000
0000
0000
0000
0000
1F00
0000
0000
0000
0000
0000
ENDCHAR
STARTCHAR u2011
ENCODING 8209
SWIDTH 500 0
DWIDTH 6 0
BBX 6 12 0 -1
BITMAP
00
00
00
00
00
00
F8
00
00
00
00
00
ENDCHAR
STARTCHAR u2012
ENCODING 8210
SWIDTH 500 0
DWIDTH 6 0
BBX 6 12 0 -1
BITMAP
00
00
00
00
00
00
F8
00
00
00
00
00
ENDCHAR
STARTCHAR u2013
ENCODING 8211
SWIDTH 500 0
DWIDTH 6 0
BBX 6 12 0 -1
BITMAP
00
00
00
00
00
00
FC
00
00
00
00
00
ENDCHAR
STARTCHAR u2014
ENCODING 8212
SWIDTH 1000 0
DWIDTH 12 0
BBX 12 12 0 -1
BITMAP
0000
0000
0000
0000
0000
0000
FFE0
0000
0000
0000
0000
0000
ENDCHAR
STARTCHAR u2015
ENCODING 8213
SWIDTH 1000 0
DWIDTH 12 0
BBX 12 12 0 -1
BITMAP
0000
0000
0000
0000
0000
0000
FFF0
0000
0000
0000
0000
0000
ENDCHAR
STARTCHAR u2016
ENCODING 8214
SWIDTH 1000 0
DWIDTH 12 0
BBX 12 12 0 -1
BITMAP
0000
0A00
0A00
0A00
0A00
0A00
0A00
0A00
0A00
0A00
0A00
0A00
ENDCHAR
STARTCHAR u2017
ENCODING 8215
SWIDTH 1000 0
DWIDTH 12 0
BBX 12 12 0 -1
BITMAP
0000
0000
0000
0000
0000
0000
0000
0000
0000
FFE0
0000
FFE0
ENDCHAR
STARTCHAR u2018-ZH_CN
ENCODING 8216
SWIDTH 1000 0
DWIDTH 12 0
BBX 12 18 0 -4
BITMAP
0000
0000
0000
0000
0040
0080
00C0
00C0
0000
0000
0000
0000
0000
0000
0000
0000
0000
0000
ENDCHAR
STARTCHAR u2019-ZH_CN
ENCODING 8217
SWIDTH 1000 0
DWIDTH 12 0
BBX 12 18 0 -4
BITMAP
0000
0000
0000
0000
6000
6000
2000
4000
0000
0000
0000
0000
0000
0000
0000
0000
0000
0000
ENDCHAR
STARTCHAR u201A
ENCODING 8218
SWIDTH 417 0
DWIDTH 5 0
BBX 5 18 0 -4
BITMAP
00
00
00
00
00
00
00
00
00
00
00
00
00
20
20
40
00
00
ENDCHAR
STARTCHAR u201B
ENCODING 8219
SWIDTH 417 0
DWIDTH 5 0
BBX 5 18 0 -4
BITMAP
00
00
00
00
00
40
40
20
00
00
00
00
00
00
00
00
00
00
ENDCHAR
STARTCHAR u201C-ZH_CN
ENCODING 8220
SWIDTH 1000 0
DWIDTH 12 0
BBX 12 18 0 -4
BITMAP
0000
0000
0000
0000
0240
0480
06C0
06C0
0000
0000
0000
0000
0000
0000
0000
0000
0000
0000
ENDCHAR
STARTCHAR u201D-ZH_CN
ENCODING 8221
SWIDTH 1000 0
DWIDTH 12 0
BBX 12 18 0 -4
BITMAP
0000
0000
0000
0000
6C00
6C00
2400
4800
0000
0000
0000
0000
0000
0000
0000
0000
0000
0000
ENDCHAR
STARTCHAR u201E
ENCODING 8222
SWIDTH 584 0
DWIDTH 7 0
BBX 7 18 0 -4
BITMAP
00
00
00
00
00
00
00
00
00
00
00
00
00
28
28
50
00
00
ENDCHAR
STARTCHAR u201F
ENCODING 8223
SWIDTH 584 0
DWIDTH 7 0
BBX 7 18 0 -4
BITMAP
00
00
00
00
00
50
50
28
00
00
00
00
00
00
00
00
00
00
ENDCHAR
STARTCHAR u2020
ENCODING 8224
SWIDTH 1000 0
DWIDTH 12 0
BBX 12 12 0 -1
BITMAP
0000
0400
0400
0400
3F80
0400
0400
0400
0400
0400
0400
0400
ENDCHAR
STARTCHAR u2021
ENCODING 8225
SWIDTH 1000 0
DWIDTH 12 0
BBX 12 12 0 -1
BITMAP
0000
0400
0400
3F80
0400
0400
0400
0400
0400
3F80
0400
0400
ENDCHAR
STARTCHAR u2022
ENCODING 8226
SWIDTH 1000 0
DWIDTH 12 0
BBX 12 12 0 -1
BITMAP
0000
0000
0000
0000
0600
0F00
0F00
0600
0000
0000
0000
0000
ENDCHAR
STARTCHAR u2023
ENCODING 8227
SWIDTH 1000 0
DWIDTH 12 0
BBX 12 12 0 -1
BITMAP
0000
0000
0000
0000
0C00
0E00
0F00
0E00
0C00
0000
0000
0000
ENDCHAR
STARTCHAR u2024-ZH_CN
ENCODING 8228
SWIDTH 1000 0
DWIDTH 12 0
BBX 12 18 0 -4
BITMAP
0000
0000
0000
0000
0000
0000
0000
0000
0000
0600
0600
0000
0000
0000
0000
0000
0000
0000
ENDCHAR
STARTCHAR u2025-ZH_CN
ENCODING 8229
SWIDTH 1000 0
DWIDTH 12 0
BBX 12 18 0 -4
BITMAP
0000
0000
0000
0000
0000
0000
0000
0000
0000
3180
3180
0000
0000
0000
0000
0000
0000
0000
ENDCHAR
STARTCHAR u2026-ZH_CN
ENCODING 8230
SWIDTH 1000 0
DWIDTH 12 0
BBX 12 18 0 -4
BITMAP
0000
0000
0000
0000
0000
0000
0000
0000
0000
6660
6660
0000
0000
0000
0000
0000
0000
0000
ENDCHAR
STARTCHAR u2027-ZH_CN
ENCODING 8231
SWIDTH 1000 0
DWIDTH 12 0
BBX 12 18 0 -4
BITMAP
0000
0000
0000
0000
0000
0000
0000
0000
0000
0600
0600
0000
0000
0000
0000
0000
0000
0000
ENDCHAR
STARTCHAR u2030
ENCODING 8240
SWIDTH 1000 0
DWIDTH 12 0
BBX 12 12 0 -1
BITMAP
0000
0000
2200
5200
2400
0400
0800
1000
1280
2540
2280
0000
ENDCHAR
STARTCHAR u2031
ENCODING 8241
SWIDTH 1000 0
DWIDTH 12 0
BBX 12 12 0 -1
BITMAP
0000
0000
4400
A400
4800
0800
1000
2000
2540
4AA0
4540
0000
ENDCHAR
STARTCHAR u2032
ENCODING 8242
SWIDTH 417 0
DWIDTH 5 0
BBX 5 18 0 -4
BITMAP
00
00
00
00
00
20
20
40
00
00
00
00
00
00
00
00
00
00
ENDCHAR
STARTCHAR u2033
ENCODING 8243
SWIDTH 584 0
DWIDTH 7 0
BBX 7 18 0 -4
BITMAP
00
00
00
00
00
28
28
50
00
00
00
00
00
00
00
00
00
00
ENDCHAR
STARTCHAR u2034
ENCODING 8244
SWIDTH 750 0
DWIDTH 9 0
BBX 9 18 0 -4
BITMAP
0000
0000
0000
0000
0000
2A00
2A00
5400
0000
0000
0000
0000
0000
0000
0000
0000
0000
0000
ENDCHAR
STARTCHAR u2035
ENCODING 8245
SWIDTH 417 0
DWIDTH 5 0
BBX 5 18 0 -4
BITMAP
00
00
00
00
00
40
40
20
00
00
00
00
00
00
00
00
00
00
ENDCHAR
STARTCHAR u2036
ENCODING 8246
SWIDTH 584 0
DWIDTH 7 0
BBX 7 18 0 -4
BITMAP
00
00
00
00
00
50
50
28
00
00
00
00
00
00
00
00
00
00
ENDCHAR
STARTCHAR u2037
ENCODING 8247
SWIDTH 750 0
DWIDTH 9 0
BBX 9 18 0 -4
BITMAP
0000
0000
0000
0000
0000
5400
5400
2A00
0000
0000
0000
0000
0000
0000
0000
0000
0000
0000
ENDCHAR
STARTCHAR u203B
ENCODING 8251
SWIDTH 1000 0
DWIDTH 12 0
BBX 12 12 0 -1
BITMAP
0000
0000
4440
2080
1100
0A00
4440
0A00
1100
2080
4440
0000
ENDCHAR
STARTCHAR u203E
ENCODING 8254
SWIDTH 500 0
DWIDTH 6 0
BBX 6 12 0 -1
BITMAP
00
F8
00
00
00
00
00
00
00
00
00
00
ENDCHAR
STARTCHAR u2043
ENCODING 8259
SWIDTH 1000 0
DWIDTH 12 0
BBX 12 12 0 -1
BITMAP
0000
0000
0000
0000
0000
0F00
0F00
0000
0000
0000
0000
0000
ENDCHAR
STARTCHAR u204B
ENCODING 8267
SWIDTH 584 0
DWIDTH 7 0
BBX 7 18 0 -4
BITMAP
00
00
00
00
00
F0
B8
BC
BC
BC
B8
B0
A0
A0
A0
A0
00
00
ENDCHAR
STARTCHAR u204C
ENCODING 8268
SWIDTH 500 0
DWIDTH 6 0
BBX 6 18 0 -4
BITMAP
00
00
00
00
00
00
00
38
68
E8
E8
E8
68
38
00
00
00
00
ENDCHAR
STARTCHAR u204D
ENCODING 8269
SWIDTH 500 0
DWIDTH 6 0
BBX 6 18 0 -4
BITMAP
00
00
00
00
00
00
00
E0
B0
B8
B8
B8
B0
E0
00
00
00
00
ENDCHAR
STARTCHAR u2057
ENCODING 8279
SWIDTH 917 0
DWIDTH 11 0
BBX 11 18 0 -4
BITMAP
0000
0000
0000
0000
0000
2A80
2A80
5500
0000
0000
0000
0000
0000
0000
0000
0000
0000
0000
ENDCHAR
STARTCHAR u2070
ENCODING 8304
SWIDTH 417 0
DWIDTH 5 0
BBX 5 18 0 -4
BITMAP
00
00
00
00
60
90
B0
D0
90
60
00
00
00
00
00
00
00
00
ENDCHAR
STARTCHAR u2071
ENCODING 8305
SWIDTH 334 0
DWIDTH 4 0
BBX 4 18 0 -4
BITMAP
00
00
00
00
40
00
C0
40
40
E0
00
00
00
00
00
00
00
00
ENDCHAR
STARTCHAR u2074
ENCODING 8308
SWIDTH 417 0
DWIDTH 5 0
BBX 5 18 0 -4
BITMAP
00
00
00
00
20
60
A0
A0
F0
20
00
00
00
00
00
00
00
00
ENDCHAR
STARTCHAR u2075
ENCODING 8309
SWIDTH 417 0
DWIDTH 5 0
BBX 5 18 0 -4
BITMAP
00
00
00
00
F0
80
E0
10
90
60
00
00
00
00
00
00
00
00
ENDCHAR
STARTCHAR u2076
ENCODING 8310
SWIDTH 417 0
DWIDTH 5 0
BBX 5 18 0 -4
BITMAP
00
00
00
00
60
80
E0
90
90
60
00
00
00
00
00
00
00
00
ENDCHAR
STARTCHAR u2077
ENCODING 8311
SWIDTH 417 0
DWIDTH 5 0
BBX 5 18 0 -4
BITMAP
00
00
00
00
E0
10
20
20
40
40
00
00
00
00
00
00
00
00
ENDCHAR
STARTCHAR u2078
ENCODING 8312
SWIDTH 417 0
DWIDTH 5 0
BBX 5 18 0 -4
BITMAP
00
00
00
00
60
90
60
90
90
60
00
00
00
00
00
00
00
00
ENDCHAR
STARTCHAR u2079
ENCODING 8313
SWIDTH 417 0
DWIDTH 5 0
BBX 5 18 0 -4
BITMAP
00
00
00
00
60
90
90
70
10
60
00
00
00
00
00
00
00
00
ENDCHAR
STARTCHAR u207A
ENCODING 8314
SWIDTH 500 0
DWIDTH 6 0
BBX 6 18 0 -4
BITMAP
00
00
00
00
00
20
20
F8
20
20
00
00
00
00
00
00
00
00
ENDCHAR
STARTCHAR u207B
ENCODING 8315
SWIDTH 500 0
DWIDTH 6 0
BBX 6 18 0 -4
BITMAP
00
00
00
00
00
00
00
F8
00
00
00
00
00
00
00
00
00
00
ENDCHAR
STARTCHAR u207C
ENCODING 8316
SWIDTH 500 0
DWIDTH 6 0
BBX 6 18 0 -4
BITMAP
00
00
00
00
00
00
F8
00
F8
00
00
00
00
00
00
00
00
00
ENDCHAR
STARTCHAR u207D
ENCODING 8317
SWIDTH 250 0
DWIDTH 3 0
BBX 3 18 0 -4
BITMAP
00
00
00
00
40
80
80
80
80
40
00
00
00
00
00
00
00
00
ENDCHAR
STARTCHAR u207E
ENCODING 8318
SWIDTH 250 0
DWIDTH 3 0
BBX 3 18 0 -4
BITMAP
00
00
00
00
80
40
40
40
40
80
00
00
00
00
00
00
00
00
ENDCHAR
STARTCHAR u207F
ENCODING 8319
SWIDTH 417 0
DWIDTH 5 0
BBX 5 18 0 -4
BITMAP
00
00
00
00
00
E0
90
90
90
90
00
00
00
00
00
00
00
00
ENDCHAR
STARTCHAR u2080
ENCODING 8320
SWIDTH 417 0
DWIDTH 5 0
BBX 5 18 0 -4
BITMAP
00
00
00
00
00
00
00
00
00
60
90
B0
D0
90
60
00
00
00
ENDCHAR
STARTCHAR u2081
ENCODING 8321
SWIDTH 417 0
DWIDTH 5 0
BBX 5 18 0 -4
BITMAP
00
00
00
00
00
00
00
00
00
20
60
20
20
20
70
00
00
00
ENDCHAR
STARTCHAR u2082
ENCODING 8322
SWIDTH 417 0
DWIDTH 5 0
BBX 5 18 0 -4
BITMAP
00
00
00
00
00
00
00
00
00
60
90
10
60
80
F0
00
00
00
ENDCHAR
STARTCHAR u2083
ENCODING 8323
SWIDTH 417 0
DWIDTH 5 0
BBX 5 18 0 -4
BITMAP
00
00
00
00
00
00
00
00
00
60
90
20
10
90
60
00
00
00
ENDCHAR
STARTCHAR u2084
ENCODING 8324
SWIDTH 417 0
DWIDTH 5 0
BBX 5 18 0 -4
BITMAP
00
00
00
00
00
00
00
00
00
20
60
A0
A0
F0
20
00
00
00
ENDCHAR
STARTCHAR u2085
ENCODING 8325
SWIDTH 417 0
DWIDTH 5 0
BBX 5 18 0 -4
BITMAP
00
00
00
00
00
00
00
00
00
F0
80
E0
10
90
60
00
00
00
ENDCHAR
STARTCHAR u2086
ENCODING 8326
SWIDTH 417 0
DWIDTH 5 0
BBX 5 18 0 -4
BITMAP
00
00
00
00
00
00
00
00
00
60
80
E0
90
90
60
00
00
00
ENDCHAR
STARTCHAR u2087
ENCODING 8327
SWIDTH 417 0
DWIDTH 5 0
BBX 5 18 0 -4
BITMAP
00
00
00
00
00
00
00
00
00
E0
10
20
20
40
40
00
00
00
ENDCHAR
STARTCHAR u2088
ENCODING 8328
SWIDTH 417 0
DWIDTH 5 0
BBX 5 18 0 -4
BITMAP
00
00
00
00
00
00
00
00
00
60
90
60
90
90
60
00
00
00
ENDCHAR
STARTCHAR u2089
ENCODING 8329
SWIDTH 417 0
DWIDTH 5 0
BBX 5 18 0 -4
BITMAP
00
00
00
00
00
00
00
00
00
60
90
90
70
10
60
00
00
00
ENDCHAR
STARTCHAR u208A
ENCODING 8330
SWIDTH 500 0
DWIDTH 6 0
BBX 6 18 0 -4
BITMAP
00
00
00
00
00
00
00
00
00
00
20
20
F8
20
20
00
00
00
ENDCHAR
STARTCHAR u208B
ENCODING 8331
SWIDTH 500 0
DWIDTH 6 0
BBX 6 18 0 -4
BITMAP
00
00
00
00
00
00
00
00
00
00
00
00
F8
00
00
00
00
00
ENDCHAR
STARTCHAR u208C
ENCODING 8332
SWIDTH 500 0
DWIDTH 6 0
BBX 6 18 0 -4
BITMAP
00
00
00
00
00
00
00
00
00
00
00
F8
00
F8
00
00
00
00
ENDCHAR
STARTCHAR u208D
ENCODING 8333
SWIDTH 250 0
DWIDTH 3 0
BBX 3 18 0 -4
BITMAP
00
00
00
00
00
00
00
00
00
40
80
80
80
80
40
00
00
00
ENDCHAR
STARTCHAR u208E
ENCODING 8334
SWIDTH 250 0
DWIDTH 3 0
BBX 3 18 0 -4
BITMAP
00
00
00
00
00
00
00
00
00
80
40
40
40
40
80
00
00
00
ENDCHAR
STARTCHAR u2090
ENCODING 8336
SWIDTH 417 0
DWIDTH 5 0
BBX 5 18 0 -4
BITMAP
00
00
00
00
00
00
00
00
00
00
60
10
70
90
70
00
00
00
ENDCHAR
STARTCHAR u2091
ENCODING 8337
SWIDTH 417 0
DWIDTH 5 0
BBX 5 18 0 -4
BITMAP
00
00
00
00
00
00
00
00
00
00
60
90
F0
80
60
00
00
00
ENDCHAR
STARTCHAR u2092
ENCODING 8338
SWIDTH 417 0
DWIDTH 5 0
BBX 5 18 0 -4
BITMAP
00
00
00
00
00
00
00
00
00
00
60
90
90
90
60
00
00
00
ENDCHAR
STARTCHAR u2093
ENCODING 8339
SWIDTH 417 0
DWIDTH 5 0
BBX 5 18 0 -4
BITMAP
00
00
00
00
00
00
00
00
00
00
90
90
60
90
90
00
00
00
ENDCHAR
STARTCHAR u2094
ENCODING 8340
SWIDTH 417 0
DWIDTH 5 0
BBX 5 18 0 -4
BITMAP
00
00
00
00
00
00
00
00
00
00
60
10
F0
90
60
00
00
00
ENDCHAR
STARTCHAR u2095
ENCODING 8341
SWIDTH 417 0
DWIDTH 5 0
BBX 5 18 0 -4
BITMAP
00
00
00
00
00
00
00
00
00
00
80
E0
90
90
90
00
00
00
ENDCHAR
STARTCHAR u2096
ENCODING 8342
SWIDTH 417 0
DWIDTH 5 0
BBX 5 18 0 -4
BITMAP
00
00
00
00
00
00
00
00
00
00
80
B0
C0
A0
90
00
00
00
ENDCHAR
STARTCHAR u2097
ENCODING 8343
SWIDTH 334 0
DWIDTH 4 0
BBX 4 18 0 -4
BITMAP
00
00
00
00
00
00
00
00
00
00
C0
40
40
40
60
00
00
00
ENDCHAR
STARTCHAR u2098
ENCODING 8344
SWIDTH 500 0
DWIDTH 6 0
BBX 6 18 0 -4
BITMAP
00
00
00
00
00
00
00
00
00
00
D0
A8
A8
A8
A8
00
00
00
ENDCHAR
STARTCHAR u2099
ENCODING 8345
SWIDTH 417 0
DWIDTH 5 0
BBX 5 18 0 -4
BITMAP
00
00
00
00
00
00
00
00
00
00
E0
90
90
90
90
00
00
00
ENDCHAR
STARTCHAR u209A
ENCODING 8346
SWIDTH 417 0
DWIDTH 5 0
BBX 5 18 0 -4
BITMAP
00
00
00
00
00
00
00
00
00
00
E0
90
90
E0
80
80
00
00
ENDCHAR
STARTCHAR u209B
ENCODING 8347
SWIDTH 417 0
DWIDTH 5 0
BBX 5 18 0 -4
BITMAP
00
00
00
00
00
00
00
00
00
00
70
80
60
10
E0
00
00
00
ENDCHAR
STARTCHAR u209C
ENCODING 8348
SWIDTH 417 0
DWIDTH 5 0
BBX 5 18 0 -4
BITMAP
00
00
00
00
00
00
00
00
00
00
40
F0
40
40
30
00
00
00
ENDCHAR
STARTCHAR u2103
ENCODING 8451
SWIDTH 1000 0
DWIDTH 12 0
BBX 12 18 0 -4
BITMAP
0000
0000
0000
0000
6000
91C0
9220
6400
0400
0400
0400
0400
0220
01C0
0000
0000
0000
0000
ENDCHAR
STARTCHAR u2109
ENCODING 8457
SWIDTH 1000 0
DWIDTH 12 0
BBX 12 18 0 -4
BITMAP
0000
0000
0000
0000
6000
93E0
9400
6400
0400
07C0
0400
0400
0400
0400
0000
0000
0000
0000
ENDCHAR
STARTCHAR u2116
ENCODING 8470
SWIDTH 1000 0
DWIDTH 12 0
BBX 12 12 0 -1
BITMAP
0000
0000
8400
C400
A400
A4C0
9520
9520
8CC0
8C00
85E0
0000
ENDCHAR
STARTCHAR u2122
ENCODING 8482
SWIDTH 1000 0
DWIDTH 12 0
BBX 12 12 0 -1
BITMAP
0000
FA20
2360
22A0
2220
2220
0000
0000
0000
0000
0000
0000
ENDCHAR
STARTCHAR u2126
ENCODING 8486
SWIDTH 1000 0
DWIDTH 12 0
BBX 12 12 0 -1
BITMAP
0000
1F00
2080
4040
4040
4040
4040
4040
2080
1100
1100
71C0
ENDCHAR
STARTCHAR u2127
ENCODING 8487
SWIDTH 1000 0
DWIDTH 12 0
BBX 12 12 0 -1
BITMAP
0000
71C0
1100
1100
2080
4040
4040
4040
4040
4040
2080
1F00
ENDCHAR
STARTCHAR u212A
ENCODING 8490
SWIDTH 584 0
DWIDTH 7 0
BBX 7 18 0 -4
BITMAP
00
00
00
00
00
84
88
90
A0
C0
A0
90
88
84
00
00
00
00
ENDCHAR
STARTCHAR u212B
ENCODING 8491
SWIDTH 667 0
DWIDTH 8 0
BBX 8 18 0 -4
BITMAP
00
10
28
10
00
10
10
28
28
44
7C
44
82
82
00
00
00
00
ENDCHAR
STARTCHAR u212E
ENCODING 8494
SWIDTH 1000 0
DWIDTH 12 0
BBX 12 12 0 -1
BITMAP
0000
0000
1F00
2080
60C0
60C0
7FC0
6000
6000
2080
1F00
0000
ENDCHAR
STARTCHAR u2150
ENCODING 8528
SWIDTH 1000 0
DWIDTH 12 0
BBX 12 12 0 -1
BITMAP
0000
2020
6040
2080
2100
2200
75C0
0820
1040
2040
4080
8080
ENDCHAR
STARTCHAR u2151
ENCODING 8529
SWIDTH 1000 0
DWIDTH 12 0
BBX 12 12 0 -1
BITMAP
0000
2020
6040
2080
2100
2200
74C0
0920
1120
20E0
4020
80C0
ENDCHAR
STARTCHAR u2152
ENCODING 8530
SWIDTH 1000 0
DWIDTH 12 0
BBX 12 12 0 -1
BITMAP
0000
2020
6040
2080
2100
2200
7400
0A40
16A0
22A0
42A0
8740
ENDCHAR
STARTCHAR u2153
ENCODING 8531
SWIDTH 1000 0
DWIDTH 12 0
BBX 12 12 0 -1
BITMAP
0000
2020
6040
2080
2100
2200
74C0
0920
1040
2020
4120
80C0
ENDCHAR
STARTCHAR u2154
ENCODING 8532
SWIDTH 1000 0
DWIDTH 12 0
BBX 12 12 0 -1
BITMAP
0000
6020
9040
1080
6100
8200
F4C0
0920
1040
2020
4120
80C0
ENDCHAR
STARTCHAR u2155
ENCODING 8533
SWIDTH 1000 0
DWIDTH 12 0
BBX 12 12 0 -1
BITMAP
0000
2020
6040
2080
2100
2200
75E0
0900
11C0
2020
4120
80C0
ENDCHAR
STARTCHAR u2156
ENCODING 8534
SWIDTH 1000 0
DWIDTH 12 0
BBX 12 12 0 -1
BITMAP
0000
6020
9040
1080
6100
8200
F5E0
0900
11C0
2020
4120
80C0
ENDCHAR
STARTCHAR u2157
ENCODING 8535
SWIDTH 1000 0
DWIDTH 12 0
BBX 12 12 0 -1
BITMAP
0000
6020
9040
2080
1100
9200
65E0
0900
11C0
2020
4120
80C0
ENDCHAR
STARTCHAR u2158
ENCODING 8536
SWIDTH 1000 0
DWIDTH 12 0
BBX 12 12 0 -1
BITMAP
0000
2020
6040
A080
A100
F200
25E0
0900
11C0
2020
4120
80C0
ENDCHAR
STARTCHAR u2159
ENCODING 8537
SWIDTH 1000 0
DWIDTH 12 0
BBX 12 12 0 -1
BITMAP
0000
2020
6040
2080
2100
2200
74C0
0900
11C0
2120
4120
80C0
ENDCHAR
STARTCHAR u215A
ENCODING 8538
SWIDTH 1000 0
DWIDTH 12 0
BBX 12 12 0 -1
BITMAP
0000
F020
8040
E080
1100
9200
64C0
0900
11C0
2120
4120
80C0
ENDCHAR
STARTCHAR u215B
ENCODING 8539
SWIDTH 1000 0
DWIDTH 12 0
BBX 12 12 0 -1
BITMAP
0000
2020
6040
2080
2100
2200
74C0
0920
10C0
2120
4120
80C0
ENDCHAR
STARTCHAR u215C
ENCODING 8540
SWIDTH 1000 0
DWIDTH 12 0
BBX 12 12 0 -1
BITMAP
0000
6020
9040
2080
1100
9200
64C0
0920
10C0
2120
4120
80C0
ENDCHAR
STARTCHAR u215D
ENCODING 8541
SWIDTH 1000 0
DWIDTH 12 0
BBX 12 12 0 -1
BITMAP
0000
F020
8040
E080
1100
9200
64C0
0920
10C0
2120
4120
80C0
ENDCHAR
STARTCHAR u215E
ENCODING 8542
SWIDTH 1000 0
DWIDTH 12 0
BBX 12 12 0 -1
BITMAP
0000
E020
1040
2080
2100
4200
44C0
0920
10C0
2120
4120
80C0
ENDCHAR
STARTCHAR u215F
ENCODING 8543
SWIDTH 1000 0
DWIDTH 12 0
BBX 12 12 0 -1
BITMAP
0000
2020
6040
2080
2100
2200
7400
0800
1000
2000
4000
8000
ENDCHAR
STARTCHAR u2160
ENCODING 8544
SWIDTH 1000 0
DWIDTH 12 0
BBX 12 12 0 -1
BITMAP
0000
0000
0E00
0400
0400
0400
0400
0400
0400
0400
0E00
0000
ENDCHAR
STARTCHAR u2161
ENCODING 8545
SWIDTH 1000 0
DWIDTH 12 0
BBX 12 12 0 -1
BITMAP
0000
0000
3B80
1100
1100
1100
1100
1100
1100
1100
3B80
0000
ENDCHAR
STARTCHAR u2162
ENCODING 8546
SWIDTH 1000 0
DWIDTH 12 0
BBX 12 12 0 -1
BITMAP
0000
0000
7FC0
2480
2480
2480
2480
2480
2480
2480
7FC0
0000
ENDCHAR
STARTCHAR u2163
ENCODING 8547
SWIDTH 1000 0
DWIDTH 12 0
BBX 12 12 0 -1
BITMAP
0000
0000
EEE0
4440
4440
4440
4280
4280
4280
4100
E100
0000
ENDCHAR
STARTCHAR u2164
ENCODING 8548
SWIDTH 1000 0
DWIDTH 12 0
BBX 12 12 0 -1
BITMAP
0000
0000
3B80
1100
1100
1100
0A00
0A00
0A00
0400
0400
0000
ENDCHAR
STARTCHAR u2165
ENCODING 8549
SWIDTH 1000 0
DWIDTH 12 0
BBX 12 12 0 -1
BITMAP
0000
0000
EEE0
4440
4440
4440
2840
2840
2840
1040
10E0
0000
ENDCHAR
STARTCHAR u2166
ENCODING 8550
SWIDTH 1000 0
DWIDTH 12 0
BBX 12 12 0 -1
BITMAP
0000
0000
EFE0
4540
4540
4540
2940
2940
2940
1140
13E0
0000
ENDCHAR
STARTCHAR u2167
ENCODING 8551
SWIDTH 1000 0
DWIDTH 12 0
BBX 12 12 0 -1
BITMAP
0000
0000
DFE0
8AA0
8AA0
8AA0
52A0
52A0
52A0
22A0
27E0
0000
ENDCHAR
STARTCHAR u2168
ENCODING 8552
SWIDTH 1000 0
DWIDTH 12 0
BBX 12 12 0 -1
BITMAP
0000
0000
EEE0
4440
4440
4280
4100
4280
4440
4440
EEE0
0000
ENDCHAR
STARTCHAR u2169
ENCODING 8553
SWIDTH 1000 0
DWIDTH 12 0
BBX 12 12 0 -1
BITMAP
0000
0000
3B80
1100
1100
0A00
0400
0A00
1100
1100
3B80
0000
ENDCHAR
STARTCHAR u216A
ENCODING 8554
SWIDTH 1000 0
DWIDTH 12 0
BBX 12 12 0 -1
BITMAP
0000
0000
EEE0
4440
4440
2840
1040
2840
4440
4440
EEE0
0000
ENDCHAR
STARTCHAR u216B
ENCODING 8555
SWIDTH 1000 0
DWIDTH 12 0
BBX 12 12 0 -1
BITMAP
0000
0000
EFE0
4540
4540
2940
1140
2940
4540
4540
EFE0
0000
ENDCHAR
STARTCHAR u216C
ENCODING 8556
SWIDTH 1000 0
DWIDTH 12 0
BBX 12 12 0 -1
BITMAP
0000
0000
1000
1000
1000
1000
1000
1000
1000
1000
0F00
0000
ENDCHAR
STARTCHAR u216D
ENCODING 8557
SWIDTH 1000 0
DWIDTH 12 0
BBX 12 12 0 -1
BITMAP
0000
0000
0700
0880
1000
1000
1000
1000
1000
0880
0700
0000
ENDCHAR
STARTCHAR u216E
ENCODING 8558
SWIDTH 1000 0
DWIDTH 12 0
BBX 12 12 0 -1
BITMAP
0000
0000
1E00
1100
1080
1080
1080
1080
1080
1100
1E00
0000
ENDCHAR
STARTCHAR u216F
ENCODING 8559
SWIDTH 1000 0
DWIDTH 12 0
BBX 12 12 0 -1
BITMAP
0000
0000
2080
2080
3180
3180
2A80
2A80
2480
2480
2480
0000
ENDCHAR
STARTCHAR u2170
ENCODING 8560
SWIDTH 1000 0
DWIDTH 12 0
BBX 12 12 0 -1
BITMAP
0000
0000
0400
0000
0000
0C00
0400
0400
0400
0400
0E00
0000
ENDCHAR
STARTCHAR u2171
ENCODING 8561
SWIDTH 1000 0
DWIDTH 12 0
BBX 12 12 0 -1
BITMAP
0000
0000
1100
0000
0000
3300
1100
1100
1100
1100
3B80
0000
ENDCHAR
STARTCHAR u2172
ENCODING 8562
SWIDTH 1000 0
DWIDTH 12 0
BBX 12 12 0 -1
BITMAP
0000
0000
2480
0000
0000
6D80
2480
2480
2480
2480
7FC0
0000
ENDCHAR
STARTCHAR u2173
ENCODING 8563
SWIDTH 1000 0
DWIDTH 12 0
BBX 12 12 0 -1
BITMAP
0000
0000
2000
0000
0000
6EE0
2440
2280
2280
2100
7100
0000
ENDCHAR
STARTCHAR u2174
ENCODING 8564
SWIDTH 1000 0
DWIDTH 12 0
BBX 12 12 0 -1
BITMAP
0000
0000
0000
0000
0000
3B80
1100
0A00
0A00
0400
0400
0000
ENDCHAR
STARTCHAR u2175
ENCODING 8565
SWIDTH 1000 0
DWIDTH 12 0
BBX 12 12 0 -1
BITMAP
0000
0000
0040
0000
0000
EEC0
4440
2840
2840
1040
10E0
0000
ENDCHAR
STARTCHAR u2176
ENCODING 8566
SWIDTH 1000 0
DWIDTH 12 0
BBX 12 12 0 -1
BITMAP
0000
0000
0140
0000
0000
EFC0
4540
2940
2940
1140
13E0
0000
ENDCHAR
STARTCHAR u2177
ENCODING 8567
SWIDTH 1000 0
DWIDTH 12 0
BBX 12 12 0 -1
BITMAP
0000
0000
02A0
0000
0000
DFE0
8AA0
52A0
52A0
22A0
27E0
0000
ENDCHAR
STARTCHAR u2178
ENCODING 8568
SWIDTH 1000 0
DWIDTH 12 0
BBX 12 12 0 -1
BITMAP
0000
0000
2000
0000
0000
6440
2280
2100
2100
2280
7440
0000
ENDCHAR
STARTCHAR u2179
ENCODING 8569
SWIDTH 1000 0
DWIDTH 12 0
BBX 12 12 0 -1
BITMAP
0000
0000
0000
0000
0000
1100
0A00
0400
0400
0A00
1100
0000
ENDCHAR
STARTCHAR u217A
ENCODING 8570
SWIDTH 1000 0
DWIDTH 12 0
BBX 12 12 0 -1
BITMAP
0000
0000
0080
0000
0000
4580
2880
1080
1080
2880
45C0
0000
ENDCHAR
STARTCHAR u217B
ENCODING 8571
SWIDTH 1000 0
DWIDTH 12 0
BBX 12 12 0 -1
BITMAP
0000
0000
0140
0000
0000
8BC0
5140
2140
2140
5140
8BE0
0000
ENDCHAR
STARTCHAR u217C
ENCODING 8572
SWIDTH 1000 0
DWIDTH 12 0
BBX 12 12 0 -1
BITMAP
0000
0000
0C00
0400
0400
0400
0400
0400
0400
0400
0600
0000
ENDCHAR
STARTCHAR u217D
ENCODING 8573
SWIDTH 1000 0
DWIDTH 12 0
BBX 12 12 0 -1
BITMAP
0000
0000
0000
0000
0000
0E00
1100
1000
1000
1100
0E00
0000
ENDCHAR
STARTCHAR u217E
ENCODING 8574
SWIDTH 1000 0
DWIDTH 12 0
BBX 12 12 0 -1
BITMAP
0000
0000
0100
0100
0100
0F00
1100
1100
1100
1100
0F00
0000
ENDCHAR
STARTCHAR u217F
ENCODING 8575
SWIDTH 1000 0
DWIDTH 12 0
BBX 12 12 0 -1
BITMAP
0000
0000
0000
0000
0000
3B00
2480
2480
2480
2480
2480
0000
ENDCHAR
STARTCHAR u2180
ENCODING 8576
SWIDTH 1000 0
DWIDTH 12 0
BBX 12 12 0 -1
BITMAP
0000
0000
3F80
4440
8420
8420
8420
8420
8420
4440
3F80
0000
ENDCHAR
STARTCHAR u2181
ENCODING 8577
SWIDTH 1000 0
DWIDTH 12 0
BBX 12 12 0 -1
BITMAP
0000
0000
1E00
1100
1C80
1280
1280
1280
1C80
1100
1E00
0000
ENDCHAR
STARTCHAR u2182
ENCODING 8578
SWIDTH 1000 0
DWIDTH 12 0
BBX 12 12 0 -1
BITMAP
0000
0000
3F80
4440
9F20
A4A0
A4A0
A4A0
9F20
4440
3F80
0000
ENDCHAR
STARTCHAR u2183
ENCODING 8579
SWIDTH 1000 0
DWIDTH 12 0
BBX 12 12 0 -1
BITMAP
0000
0000
0E00
1100
0080
0080
0080
0080
0080
1100
0E00
0000
ENDCHAR
STARTCHAR u2184
ENCODING 8580
SWIDTH 1000 0
DWIDTH 12 0
BBX 12 12 0 -1
BITMAP
0000
0000
0000
0000
0000
0E00
1100
0100
0100
1100
0E00
0000
ENDCHAR
STARTCHAR u2185
ENCODING 8581
SWIDTH 1000 0
DWIDTH 12 0
BBX 12 12 0 -1
BITMAP
0000
0000
0700
0880
1000
1000
1000
1000
1080
0980
0680
0080
ENDCHAR
STARTCHAR u2186
ENCODING 8582
SWIDTH 1000 0
DWIDTH 12 0
BBX 12 12 0 -1
BITMAP
0000
0000
0400
0400
0400
0400
0400
2480
1500
0E00
0400
0000
ENDCHAR
STARTCHAR u2187
ENCODING 8583
SWIDTH 1000 0
DWIDTH 12 0
BBX 12 12 0 -1
BITMAP
0000
0000
1E00
1100
1C80
1280
1A80
1280
1C80
1100
1E00
0000
ENDCHAR
STARTCHAR u2188
ENCODING 8584
SWIDTH 1000 0
DWIDTH 12 0
BBX 12 12 0 -1
BITMAP
0000
0000
3F80
4440
9F20
A4A0
AEA0
A4A0
9F20
4440
3F80
0000
ENDCHAR
STARTCHAR u2189
ENCODING 8585
SWIDTH 1000 0
DWIDTH 12 0
BBX 12 12 0 -1
BITMAP
0000
6020
9040
B080
D100
9200
64C0
0920
1040
2020
4120
80C0
ENDCHAR
STARTCHAR u218A
ENCODING 8586
SWIDTH 1000 0
DWIDTH 12 0
BBX 12 12 0 -1
BITMAP
0000
0000
1F00
0100
0200
0400
0800
1000
1000
1100
0E00
0000
ENDCHAR
STARTCHAR u218B
ENCODING 8587
SWIDTH 1000 0
DWIDTH 12 0
BBX 12 12 0 -1
BITMAP
0000
0000
0E00
1100
1000
1000
0C00
1000
1000
1100
0E00
0000
ENDCHAR
STARTCHAR u2190
ENCODING 8592
SWIDTH 1000 0
DWIDTH 12 0
BBX 12 12 0 -1
BITMAP
0000
0000
0000
0000
2000
4000
FFE0
4000
2000
0000
0000
0000
ENDCHAR
STARTCHAR u2191
ENCODING 8593
SWIDTH 1000 0
DWIDTH 12 0
BBX 12 12 0 -1
BITMAP
0000
0400
0E00
1500
0400
0400
0400
0400
0400
0400
0400
0400
ENDCHAR
STARTCHAR u2192
ENCODING 8594
SWIDTH 1000 0
DWIDTH 12 0
BBX 12 12 0 -1
BITMAP
0000
0000
0000
0000
0080
0040
FFE0
0040
0080
0000
0000
0000
ENDCHAR
STARTCHAR u2193
ENCODING 8595
SWIDTH 1000 0
DWIDTH 12 0
BBX 12 12 0 -1
BITMAP
0000
0400
0400
0400
0400
0400
0400
0400
0400
1500
0E00
0400
ENDCHAR
STARTCHAR u2194
ENCODING 8596
SWIDTH 1000 0
DWIDTH 12 0
BBX 12 12 0 -1
BITMAP
0000
0000
0000
0000
2080
4040
FFE0
4040
2080
0000
0000
0000
ENDCHAR
STARTCHAR u2195
ENCODING 8597
SWIDTH 1000 0
DWIDTH 12 0
BBX 12 12 0 -1
BITMAP
0000
0400
0E00
1500
0400
0400
0400
0400
0400
1500
0E00
0400
ENDCHAR
STARTCHAR u2196
ENCODING 8598
SWIDTH 1000 0
DWIDTH 12 0
BBX 12 12 0 -1
BITMAP
0000
0000
7C00
6000
5000
4800
4400
0200
0100
0080
0040
0000
ENDCHAR
STARTCHAR u2197
ENCODING 8599
SWIDTH 1000 0
DWIDTH 12 0
BBX 12 12 0 -1
BITMAP
0000
0000
07C0
00C0
0140
0240
0440
0800
1000
2000
4000
0000
ENDCHAR
STARTCHAR u2198
ENCODING 8600
SWIDTH 1000 0
DWIDTH 12 0
BBX 12 12 0 -1
BITMAP
0000
0000
4000
2000
1000
0800
0440
0240
0140
00C0
07C0
0000
ENDCHAR
STARTCHAR u2199
ENCODING 8601
SWIDTH 1000 0
DWIDTH 12 0
BBX 12 12 0 -1
BITMAP
0000
0000
0040
0080
0100
0200
4400
4800
5000
6000
7C00
0000
ENDCHAR
STARTCHAR u219A
ENCODING 8602
SWIDTH 1000 0
DWIDTH 12 0
BBX 12 12 0 -1
BITMAP
0000
0000
0000
0080
2080
4100
FFE0
4100
2200
0200
0000
0000
ENDCHAR
STARTCHAR u219B
ENCODING 8603
SWIDTH 1000 0
DWIDTH 12 0
BBX 12 12 0 -1
BITMAP
0000
0000
0000
0800
0880
1040
FFE0
1040
2080
2000
0000
0000
ENDCHAR
STARTCHAR u219C
ENCODING 8604
SWIDTH 1000 0
DWIDTH 12 0
BBX 12 12 0 -1
BITMAP
0000
0000
0000
0000
F180
C240
A420
9800
0000
0000
0000
0000
ENDCHAR
STARTCHAR u219D
ENCODING 8605
SWIDTH 1000 0
DWIDTH 12 0
BBX 12 12 0 -1
BITMAP
0000
0000
0000
0000
31E0
4860
84A0
0320
0000
0000
0000
0000
ENDCHAR
STARTCHAR u219E
ENCODING 8606
SWIDTH 1000 0
DWIDTH 12 0
BBX 12 12 0 -1
BITMAP
0000
0000
0000
0000
2400
4800
FFE0
4800
2400
0000
0000
0000
ENDCHAR
STARTCHAR u219F
ENCODING 8607
SWIDTH 1000 0
DWIDTH 12 0
BBX 12 12 0 -1
BITMAP
0000
0400
0E00
1500
0400
0E00
1500
0400
0400
0400
0400
0400
ENDCHAR
STARTCHAR u21A0
ENCODING 8608
SWIDTH 1000 0
DWIDTH 12 0
BBX 12 12 0 -1
BITMAP
0000
0000
0000
0000
0480
0240
FFE0
0240
0480
0000
0000
0000
ENDCHAR
STARTCHAR u21A1
ENCODING 8609
SWIDTH 1000 0
DWIDTH 12 0
BBX 12 12 0 -1
BITMAP
0000
0400
0400
0400
0400
0400
1500
0E00
0400
1500
0E00
0400
ENDCHAR
STARTCHAR u21A2
ENCODING 8610
SWIDTH 1000 0
DWIDTH 12 0
BBX 12 12 0 -1
BITMAP
0000
0000
0000
0000
2020
4040
FF80
4040
2020
0000
0000
0000
ENDCHAR
STARTCHAR u21A3
ENCODING 8611
SWIDTH 1000 0
DWIDTH 12 0
BBX 12 12 0 -1
BITMAP
0000
0000
0000
0000
8080
4040
3FE0
4040
8080
0000
0000
0000
ENDCHAR
STARTCHAR u21A4
ENCODING 8612
SWIDTH 1000 0
DWIDTH 12 0
BBX 12 12 0 -1
BITMAP
0000
0000
0000
0000
2020
4020
FFE0
4020
2020
0000
0000
0000
ENDCHAR
STARTCHAR u21A5
ENCODING 8613
SWIDTH 1000 0
DWIDTH 12 0
BBX 12 12 0 -1
BITMAP
0000
0400
0E00
1500
0400
0400
0400
0400
0400
0400
0400
1F00
ENDCHAR
STARTCHAR u21A6
ENCODING 8614
SWIDTH 1000 0
DWIDTH 12 0
BBX 12 12 0 -1
BITMAP
0000
0000
0000
0000
8080
8040
FFE0
8040
8080
0000
0000
0000
ENDCHAR
STARTCHAR u21A7
ENCODING 8615
SWIDTH 1000 0
DWIDTH 12 0
BBX 12 12 0 -1
BITMAP
0000
1F00
0400
0400
0400
0400
0400
0400
0400
1500
0E00
0400
ENDCHAR
STARTCHAR u21A8
ENCODING 8616
SWIDTH 1000 0
DWIDTH 12 0
BBX 12 12 0 -1
BITMAP
0000
0400
0E00
1500
0400
0400
0400
1500
0E00
0400
0000
1F00
ENDCHAR
STARTCHAR u21A9
ENCODING 8617
SWIDTH 1000 0
DWIDTH 12 0
BBX 12 12 0 -1
BITMAP
0000
0000
1F00
0080
0040
0040
0040
1040
2080
7F00
2000
1000
ENDCHAR
STARTCHAR u21AA
ENCODING 8618
SWIDTH 1000 0
DWIDTH 12 0
BBX 12 12 0 -1
BITMAP
0000
0000
1F00
2000
4000
4000
4000
4100
2080
1FC0
0080
0100
ENDCHAR
STARTCHAR u21AB
ENCODING 8619
SWIDTH 1000 0
DWIDTH 12 0
BBX 12 12 0 -1
BITMAP
0000
0000
0000
00C0
2120
4120
FFC0
4100
2100
0000
0000
0000
ENDCHAR
STARTCHAR u21AC
ENCODING 8620
SWIDTH 1000 0
DWIDTH 12 0
BBX 12 12 0 -1
BITMAP
0000
0000
0000
6000
9080
9040
7FE0
1040
1080
0000
0000
0000
ENDCHAR
STARTCHAR u21AD
ENCODING 8621
SWIDTH 1000 0
DWIDTH 12 0
BBX 12 12 0 -1
BITMAP
0000
0000
0000
0000
2080
4440
EAE0
5140
2080
0000
0000
0000
ENDCHAR
STARTCHAR u21AE
ENCODING 8622
SWIDTH 1000 0
DWIDTH 12 0
BBX 12 12 0 -1
BITMAP
0000
0000
0000
0200
2280
4440
FFE0
4440
2880
0800
0000
0000
ENDCHAR
STARTCHAR u21AF
ENCODING 8623
SWIDTH 1000 0
DWIDTH 12 0
BBX 12 12 0 -1
BITMAP
0000
1000
1000
1200
1600
1A00
1200
0200
0200
0A80
0700
0200
ENDCHAR
STARTCHAR u21B0
ENCODING 8624
SWIDTH 1000 0
DWIDTH 12 0
BBX 12 12 0 -1
BITMAP
0000
2000
4000
FFC0
4040
2040
0040
0040
0040
0040
0040
0040
ENDCHAR
STARTCHAR u21B1
ENCODING 8625
SWIDTH 1000 0
DWIDTH 12 0
BBX 12 12 0 -1
BITMAP
0000
0080
0040
7FE0
4040
4080
4000
4000
4000
4000
4000
4000
ENDCHAR
STARTCHAR u21B2
ENCODING 8626
SWIDTH 1000 0
DWIDTH 12 0
BBX 12 12 0 -1
BITMAP
0000
0040
0040
0040
0040
0040
0040
2040
4040
FFC0
4000
2000
ENDCHAR
STARTCHAR u21B3
ENCODING 8627
SWIDTH 1000 0
DWIDTH 12 0
BBX 12 12 0 -1
BITMAP
0000
4000
4000
4000
4000
4000
4000
4080
4040
7FE0
0040
0080
ENDCHAR
STARTCHAR u21B4
ENCODING 8628
SWIDTH 1000 0
DWIDTH 12 0
BBX 12 12 0 -1
BITMAP
0000
0000
0000
FF80
0080
0080
0080
02A0
01C0
0080
0000
0000
ENDCHAR
STARTCHAR u21B5
ENCODING 8629
SWIDTH 1000 0
DWIDTH 12 0
BBX 12 12 0 -1
BITMAP
0000
0000
0000
0020
0020
2020
4020
FFE0
4000
2000
0000
0000
ENDCHAR
STARTCHAR u21B6
ENCODING 8630
SWIDTH 1000 0
DWIDTH 12 0
BBX 12 12 0 -1
BITMAP
0000
0000
0F00
1080
2040
2040
2040
2040
A840
7000
2000
0000
ENDCHAR
STARTCHAR u21B7
ENCODING 8631
SWIDTH 1000 0
DWIDTH 12 0
BBX 12 12 0 -1
BITMAP
0000
0000
1E00
2100
4080
4080
4080
4080
42A0
01C0
0080
0000
ENDCHAR
STARTCHAR u21B8
ENCODING 8632
SWIDTH 1000 0
DWIDTH 12 0
BBX 12 12 0 -1
BITMAP
0000
FFE0
0000
7C00
6000
5000
4800
4400
0200
0100
0080
0040
ENDCHAR
STARTCHAR u21B9
ENCODING 8633
SWIDTH 1000 0
DWIDTH 12 0
BBX 12 12 0 -1
BITMAP
0000
0000
9000
A000
FFE0
A000
9120
00A0
FFE0
00A0
0120
0000
ENDCHAR
STARTCHAR u21BA
ENCODING 8634
SWIDTH 1000 0
DWIDTH 12 0
BBX 12 12 0 -1
BITMAP
0000
03C0
1300
2280
4240
4040
4040
4040
4040
2080
1F00
0000
ENDCHAR
STARTCHAR u21BB
ENCODING 8635
SWIDTH 1000 0
DWIDTH 12 0
BBX 12 12 0 -1
BITMAP
0000
7800
1900
2880
4840
4040
4040
4040
4040
2080
1F00
0000
ENDCHAR
STARTCHAR u21BC
ENCODING 8636
SWIDTH 1000 0
DWIDTH 12 0
BBX 12 12 0 -1
BITMAP
0000
0000
0000
0000
2000
4000
FFE0
0000
0000
0000
0000
0000
ENDCHAR
STARTCHAR u21BD
ENCODING 8637
SWIDTH 1000 0
DWIDTH 12 0
BBX 12 12 0 -1
BITMAP
0000
0000
0000
0000
0000
0000
FFE0
4000
2000
0000
0000
0000
ENDCHAR
STARTCHAR u21BE
ENCODING 8638
SWIDTH 1000 0
DWIDTH 12 0
BBX 12 12 0 -1
BITMAP
0000
0400
0600
0500
0400
0400
0400
0400
0400
0400
0400
0400
ENDCHAR
STARTCHAR u21BF
ENCODING 8639
SWIDTH 1000 0
DWIDTH 12 0
BBX 12 12 0 -1
BITMAP
0000
0400
0C00
1400
0400
0400
0400
0400
0400
0400
0400
0400
ENDCHAR
STARTCHAR u21C0
ENCODING 8640
SWIDTH 1000 0
DWIDTH 12 0
BBX 12 12 0 -1
BITMAP
0000
0000
0000
0000
0080
0040
FFE0
0000
0000
0000
0000
0000
ENDCHAR
STARTCHAR u21C1
ENCODING 8641
SWIDTH 1000 0
DWIDTH 12 0
BBX 12 12 0 -1
BITMAP
0000
0000
0000
0000
0000
0000
FFE0
0040
0080
0000
0000
0000
ENDCHAR
STARTCHAR u21C2
ENCODING 8642
SWIDTH 1000 0
DWIDTH 12 0
BBX 12 12 0 -1
BITMAP
0000
0400
0400
0400
0400
0400
0400
0400
0400
0500
0600
0400
ENDCHAR
STARTCHAR u21C3
ENCODING 8643
SWIDTH 1000 0
DWIDTH 12 0
BBX 12 12 0 -1
BITMAP
0000
0400
0400
0400
0400
0400
0400
0400
0400
1400
0C00
0400
ENDCHAR
STARTCHAR u21C4
ENCODING 8644
SWIDTH 1000 0
DWIDTH 12 0
BBX 12 12 0 -1
BITMAP
0000
0000
0080
0040
FFE0
0040
2080
4000
FFE0
4000
2000
0000
ENDCHAR
STARTCHAR u21C5
ENCODING 8645
SWIDTH 1000 0
DWIDTH 12 0
BBX 12 12 0 -1
BITMAP
0000
1100
3900
5500
1100
1100
1100
1100
1100
1540
1380
1100
ENDCHAR
STARTCHAR u21C6
ENCODING 8646
SWIDTH 1000 0
DWIDTH 12 0
BBX 12 12 0 -1
BITMAP
0000
0000
2000
4000
FFE0
4000
2080
0040
FFE0
0040
0080
0000
ENDCHAR
STARTCHAR u21C7
ENCODING 8647
SWIDTH 1000 0
DWIDTH 12 0
BBX 12 12 0 -1
BITMAP
0000
0000
2000
4000
FFE0
4000
2000
4000
FFE0
4000
2000
0000
ENDCHAR
STARTCHAR u21C8
ENCODING 8648
SWIDTH 1000 0
DWIDTH 12 0
BBX 12 12 0 -1
BITMAP
0000
1100
3B80
5540
1100
1100
1100
1100
1100
1100
1100
1100
ENDCHAR
STARTCHAR u21C9
ENCODING 8649
SWIDTH 1000 0
DWIDTH 12 0
BBX 12 12 0 -1
BITMAP
0000
0000
0080
0040
FFE0
0040
0080
0040
FFE0
0040
0080
0000
ENDCHAR
STARTCHAR u21CA
ENCODING 8650
SWIDTH 1000 0
DWIDTH 12 0
BBX 12 12 0 -1
BITMAP
0000
1100
1100
1100
1100
1100
1100
1100
1100
5540
3B80
1100
ENDCHAR
STARTCHAR u21CB
ENCODING 8651
SWIDTH 1000 0
DWIDTH 12 0
BBX 12 12 0 -1
BITMAP
0000
0000
2000
4000
FFE0
0000
0000
FFE0
0040
0080
0000
0000
ENDCHAR
STARTCHAR u21CC
ENCODING 8652
SWIDTH 1000 0
DWIDTH 12 0
BBX 12 12 0 -1
BITMAP
0000
0000
0080
0040
FFE0
0000
0000
FFE0
4000
2000
0000
0000
ENDCHAR
STARTCHAR u21CD
ENCODING 8653
SWIDTH 1000 0
DWIDTH 12 0
BBX 12 12 0 -1
BITMAP
0000
0000
0000
1080
2080
7FE0
8100
7FE0
2200
1200
0000
0000
ENDCHAR
STARTCHAR u21CE
ENCODING 8654
SWIDTH 1000 0
DWIDTH 12 0
BBX 12 12 0 -1
BITMAP
0000
0000
0000
1100
2280
7FC0
8420
7FC0
2880
1100
0000
0000
ENDCHAR
STARTCHAR u21CF
ENCODING 8655
SWIDTH 1000 0
DWIDTH 12 0
BBX 12 12 0 -1
BITMAP
0000
0000
0000
0900
0880
FFC0
1020
FFC0
2080
2100
0000
0000
ENDCHAR
STARTCHAR u21D0
ENCODING 8656
SWIDTH 1000 0
DWIDTH 12 0
BBX 12 12 0 -1
BITMAP
0000
0000
0000
1000
2000
7FE0
8000
7FE0
2000
1000
0000
0000
ENDCHAR
STARTCHAR u21D1
ENCODING 8657
SWIDTH 1000 0
DWIDTH 12 0
BBX 12 12 0 -1
BITMAP
0000
0400
0A00
1B00
2A80
0A00
0A00
0A00
0A00
0A00
0A00
0A00
ENDCHAR
STARTCHAR u21D2
ENCODING 8658
SWIDTH 1000 0
DWIDTH 12 0
BBX 12 12 0 -1
BITMAP
0000
0000
0000
0100
0080
FFC0
0020
FFC0
0080
0100
0000
0000
ENDCHAR
STARTCHAR u21D3
ENCODING 8659
SWIDTH 1000 0
DWIDTH 12 0
BBX 12 12 0 -1
BITMAP
0000
0A00
0A00
0A00
0A00
0A00
0A00
0A00
2A80
1B00
0A00
0400
ENDCHAR
STARTCHAR u21D4
ENCODING 8660
SWIDTH 1000 0
DWIDTH 12 0
BBX 12 12 0 -1
BITMAP
0000
0000
0000
1100
2080
7FC0
8020
7FC0
2080
1100
0000
0000
ENDCHAR
STARTCHAR u21D5
ENCODING 8661
SWIDTH 1000 0
DWIDTH 12 0
BBX 12 12 0 -1
BITMAP
0000
0400
0A00
1B00
2A80
0A00
0A00
0A00
2A80
1B00
0A00
0400
ENDCHAR
STARTCHAR u21D6
ENCODING 8662
SWIDTH 1000 0
DWIDTH 12 0
BBX 12 12 0 -1
BITMAP
0000
0000
7C00
5000
6800
5400
4A00
0500
0280
0140
0080
0000
ENDCHAR
STARTCHAR u21D7
ENCODING 8663
SWIDTH 1000 0
DWIDTH 12 0
BBX 12 12 0 -1
BITMAP
0000
0000
07C0
0140
02C0
0540
0A40
1400
2800
5000
2000
0000
ENDCHAR
STARTCHAR u21D8
ENCODING 8664
SWIDTH 1000 0
DWIDTH 12 0
BBX 12 12 0 -1
BITMAP
0000
0000
2000
5000
2800
1400
0A40
0540
02C0
0140
07C0
0000
ENDCHAR
STARTCHAR u21D9
ENCODING 8665
SWIDTH 1000 0
DWIDTH 12 0
BBX 12 12 0 -1
BITMAP
0000
0000
0080
0140
0280
0500
4A00
5400
6800
5000
7C00
0000
ENDCHAR
STARTCHAR u21DA
ENCODING 8666
SWIDTH 1000 0
DWIDTH 12 0
BBX 12 12 0 -1
BITMAP
0000
0000
0800
1000
3FE0
4000
FFE0
4000
3FE0
1000
0800
0000
ENDCHAR
STARTCHAR u21DB
ENCODING 8667
SWIDTH 1000 0
DWIDTH 12 0
BBX 12 12 0 -1
BITMAP
0000
0000
0200
0100
FF80
0040
FFE0
0040
FF80
0100
0200
0000
ENDCHAR
STARTCHAR u21DC
ENCODING 8668
SWIDTH 1000 0
DWIDTH 12 0
BBX 12 12 0 -1
BITMAP
0000
0000
0000
0000
2000
4200
F560
4880
2000
0000
0000
0000
ENDCHAR
STARTCHAR u21DD
ENCODING 8669
SWIDTH 1000 0
DWIDTH 12 0
BBX 12 12 0 -1
BITMAP
0000
0000
0000
0000
0080
0840
D5E0
2240
0080
0000
0000
0000
ENDCHAR
STARTCHAR u21DE
ENCODING 8670
SWIDTH 1000 0
DWIDTH 12 0
BBX 12 12 0 -1
BITMAP
0000
0400
0E00
1500
0400
0400
1F00
0400
1F00
0400
0400
0400
ENDCHAR
STARTCHAR u21DF
ENCODING 8671
SWIDTH 1000 0
DWIDTH 12 0
BBX 12 12 0 -1
BITMAP
0000
0400
0400
0400
1F00
0400
1F00
0400
0400
1500
0E00
0400
ENDCHAR
STARTCHAR u21E0
ENCODING 8672
SWIDTH 1000 0
DWIDTH 12 0
BBX 12 12 0 -1
BITMAP
0000
0000
0000
0000
2000
4000
F760
4000
2000
0000
0000
0000
ENDCHAR
STARTCHAR u21E1
ENCODING 8673
SWIDTH 1000 0
DWIDTH 12 0
BBX 12 12 0 -1
BITMAP
0000
0400
0E00
1500
0400
0000
0400
0400
0400
0000
0400
0400
ENDCHAR
STARTCHAR u21E2
ENCODING 8674
SWIDTH 1000 0
DWIDTH 12 0
BBX 12 12 0 -1
BITMAP
0000
0000
0000
0000
0080
0040
DDE0
0040
0080
0000
0000
0000
ENDCHAR
STARTCHAR u21E3
ENCODING 8675
SWIDTH 1000 0
DWIDTH 12 0
BBX 12 12 0 -1
BITMAP
0000
0400
0400
0000
0400
0400
0400
0000
0400
1500
0E00
0400
ENDCHAR
STARTCHAR u21E4
ENCODING 8676
SWIDTH 1000 0
DWIDTH 12 0
BBX 12 12 0 -1
BITMAP
0000
0000
0000
0000
8800
9000
BFE0
9000
8800
0000
0000
0000
ENDCHAR
STARTCHAR u21E5
ENCODING 8677
SWIDTH 1000 0
DWIDTH 12 0
BBX 12 12 0 -1
BITMAP
0000
0000
0000
0000
0220
0120
FFA0
0120
0220
0000
0000
0000
ENDCHAR
STARTCHAR u21E6
ENCODING 8678
SWIDTH 1000 0
DWIDTH 12 0
BBX 12 12 0 -1
BITMAP
0000
0000
0800
1800
2FE0
4020
8020
4020
2FE0
1800
0800
0000
ENDCHAR
STARTCHAR u21E7
ENCODING 8679
SWIDTH 1000 0
DWIDTH 12 0
BBX 12 12 0 -1
BITMAP
0000
0400
0A00
1100
2080
71C0
1100
1100
1100
1100
1100
1F00
ENDCHAR
STARTCHAR u21E8
ENCODING 8680
SWIDTH 1000 0
DWIDTH 12 0
BBX 12 12 0 -1
BITMAP
0000
0000
0200
0300
FE80
8040
8020
8040
FE80
0300
0200
0000
ENDCHAR
STARTCHAR u21E9
ENCODING 8681
SWIDTH 1000 0
DWIDTH 12 0
BBX 12 12 0 -1
BITMAP
0000
1F00
1100
1100
1100
1100
1100
71C0
2080
1100
0A00
0400
ENDCHAR
STARTCHAR u21EA
ENCODING 8682
SWIDTH 1000 0
DWIDTH 12 0
BBX 12 12 0 -1
BITMAP
0000
0400
0A00
1100
2080
71C0
1100
1F00
0000
1F00
1100
1F00
ENDCHAR
STARTCHAR u21EB
ENCODING 8683
SWIDTH 1000 0
DWIDTH 12 0
BBX 12 12 0 -1
BITMAP
0000
0400
0A00
1100
2080
71C0
1100
1100
1100
71C0
4040
7FC0
ENDCHAR
STARTCHAR u21EC
ENCODING 8684
SWIDTH 1000 0
DWIDTH 12 0
BBX 12 12 0 -1
BITMAP
0000
0400
0A00
1F00
2080
71C0
1100
1100
1100
71C0
4040
7FC0
ENDCHAR
STARTCHAR u21ED
ENCODING 8685
SWIDTH 1000 0
DWIDTH 12 0
BBX 12 12 0 -1
BITMAP
0000
0400
0E00
1500
2480
75C0
1500
1500
1500
75C0
4440
7FC0
ENDCHAR
STARTCHAR u21EE
ENCODING 8686
SWIDTH 1000 0
DWIDTH 12 0
BBX 12 12 0 -1
BITMAP
0000
0400
0A00
1500
2A80
5140
2080
71C0
1100
1100
1100
1F00
ENDCHAR
STARTCHAR u21EF
ENCODING 8687
SWIDTH 1000 0
DWIDTH 12 0
BBX 12 12 0 -1
BITMAP
0000
0400
0A00
1500
2A80
5140
2080
71C0
1100
71C0
4040
7FC0
ENDCHAR
STARTCHAR u21F0
ENCODING 8688
SWIDTH 1000 0
DWIDTH 12 0
BBX 12 12 0 -1
BITMAP
0000
0000
E200
A300
BE80
8040
8020
8040
BE80
A300
E200
0000
ENDCHAR
STARTCHAR u21F1
ENCODING 8689
SWIDTH 1000 0
DWIDTH 12 0
BBX 12 12 0 -1
BITMAP
0000
FFE0
8000
BE00
B000
A800
A400
A200
8100
8080
8040
8020
ENDCHAR
STARTCHAR u21F2
ENCODING 8690
SWIDTH 1000 0
DWIDTH 12 0
BBX 12 12 0 -1
BITMAP
0000
8020
4020
2020
1020
08A0
04A0
02A0
01A0
0FA0
0020
FFE0
ENDCHAR
STARTCHAR u21F3
ENCODING 8691
SWIDTH 1000 0
DWIDTH 12 0
BBX 12 12 0 -1
BITMAP
0000
0400
0A00
1100
3B80
0A00
0A00
0A00
3B80
1100
0A00
0400
ENDCHAR
STARTCHAR u21F4
ENCODING 8692
SWIDTH 1000 0
DWIDTH 12 0
BBX 12 12 0 -1
BITMAP
0000
0000
0000
0000
1880
2440
FFE0
2440
1880
0000
0000
0000
ENDCHAR
STARTCHAR u21F5
ENCODING 8693
SWIDTH 1000 0
DWIDTH 12 0
BBX 12 12 0 -1
BITMAP
0000
1100
1380
1540
1100
1100
1100
1100
1100
5500
3900
1100
ENDCHAR
STARTCHAR u21F6
ENCODING 8694
SWIDTH 1000 0
DWIDTH 12 0
BBX 12 12 0 -1
BITMAP
0000
0080
FFE0
0040
0080
0040
FFE0
0040
0080
0040
FFE0
0080
ENDCHAR
STARTCHAR u21F7
ENCODING 8695
SWIDTH 1000 0
DWIDTH 12 0
BBX 12 12 0 -1
BITMAP
0000
0000
0000
0000
2200
4200
FFE0
4200
2200
0000
0000
0000
ENDCHAR
STARTCHAR u21F8
ENCODING 8696
SWIDTH 1000 0
DWIDTH 12 0
BBX 12 12 0 -1
BITMAP
0000
0000
0000
0000
0880
0840
FFE0
0840
0880
0000
0000
0000
ENDCHAR
STARTCHAR u21F9
ENCODING 8697
SWIDTH 1000 0
DWIDTH 12 0
BBX 12 12 0 -1
BITMAP
0000
0000
0000
0000
2480
4440
FFE0
4440
2480
0000
0000
0000
ENDCHAR
STARTCHAR u21FA
ENCODING 8698
SWIDTH 1000 0
DWIDTH 12 0
BBX 12 12 0 -1
BITMAP
0000
0000
0000
0000
2500
4500
FFE0
4500
2500
0000
0000
0000
ENDCHAR
STARTCHAR u21FB
ENCODING 8699
SWIDTH 1000 0
DWIDTH 12 0
BBX 12 12 0 -1
BITMAP
0000
0000
0000
0000
1480
1440
FFE0
1440
1480
0000
0000
0000
ENDCHAR
STARTCHAR u21FC
ENCODING 8700
SWIDTH 1000 0
DWIDTH 12 0
BBX 12 12 0 -1
BITMAP
0000
0000
0000
0000
2A80
4A40
FFE0
4A40
2A80
0000
0000
0000
ENDCHAR
STARTCHAR u21FD
ENCODING 8701
SWIDTH 1000 0
DWIDTH 12 0
BBX 12 12 0 -1
BITMAP
0000
0000
0000
0000
2000
6000
BFE0
6000
2000
0000
0000
0000
ENDCHAR
STARTCHAR u21FE
ENCODING 8702
SWIDTH 1000 0
DWIDTH 12 0
BBX 12 12 0 -1
BITMAP
0000
0000
0000
0000
0080
00C0
FFA0
00C0
0080
0000
0000
0000
ENDCHAR
STARTCHAR u21FF
ENCODING 8703
SWIDTH 1000 0
DWIDTH 12 0
BBX 12 12 0 -1
BITMAP
0000
0000
0000
0000
2080
60C0
BFA0
60C0
2080
0000
0000
0000
ENDCHAR
STARTCHAR u230C
ENCODING 8972
SWIDTH 1000 0
DWIDTH 12 0
BBX 12 12 0 -1
BITMAP
0000
0000
0000
0000
0000
0000
01E0
0000
0400
0400
0400
0400
ENDCHAR
STARTCHAR u230D
ENCODING 8973
SWIDTH 1000 0
DWIDTH 12 0
BBX 12 12 0 -1
BITMAP
0000
0000
0000
0000
0000
0000
F000
0000
0400
0400
0400
0400
ENDCHAR
STARTCHAR u230E
ENCODING 8974
SWIDTH 1000 0
DWIDTH 12 0
BBX 12 12 0 -1
BITMAP
0000
0400
0400
0400
0400
0000
01E0
0000
0000
0000
0000
0000
ENDCHAR
STARTCHAR u230F
ENCODING 8975
SWIDTH 1000 0
DWIDTH 12 0
BBX 12 12 0 -1
BITMAP
0000
0400
0400
0400
0400
0000
F000
0000
0000
0000
0000
0000
ENDCHAR
STARTCHAR u2310
ENCODING 8976
SWIDTH 1000 0
DWIDTH 12 0
BBX 12 12 0 -1
BITMAP
0000
0000
0000
0000
0000
3F80
2000
2000
0000
0000
0000
0000
ENDCHAR
STARTCHAR u2311
ENCODING 8977
SWIDTH 1000 0
DWIDTH 12 0
BBX 12 12 0 -1
BITMAP
0000
0000
71C0
4E40
4040
2080
2080
2080
4040
4E40
71C0
0000
ENDCHAR
STARTCHAR u2312
ENCODING 8978
SWIDTH 1000 0
DWIDTH 12 0
BBX 12 12 0 -1
BITMAP
0000
0000
0000
0E00
3180
4040
4040
8020
8020
0000
0000
0000
ENDCHAR
STARTCHAR u2313
ENCODING 8979
SWIDTH 1000 0
DWIDTH 12 0
BBX 12 12 0 -1
BITMAP
0000
0000
0000
0E00
3180
4040
4040
8020
FFE0
0000
0000
0000
ENDCHAR
STARTCHAR u2314
ENCODING 8980
SWIDTH 1000 0
DWIDTH 12 0
BBX 12 12 0 -1
BITMAP
0000
0E00
3180
4040
4040
2080
2080
1100
1100
0A00
0A00
0400
ENDCHAR
STARTCHAR u2315
ENCODING 8981
SWIDTH 1000 0
DWIDTH 12 0
BBX 12 12 0 -1
BITMAP
0000
0000
0700
0880
1040
1040
1040
0880
1700
2000
4000
0000
ENDCHAR
STARTCHAR u2316
ENCODING 8982
SWIDTH 1000 0
DWIDTH 12 0
BBX 12 12 0 -1
BITMAP
0000
0400
0400
0E00
1500
2480
FFE0
2480
1500
0E00
0400
0400
ENDCHAR
STARTCHAR u2317
ENCODING 8983
SWIDTH 1000 0
DWIDTH 12 0
BBX 12 12 0 -1
BITMAP
0000
1100
1100
1100
FFE0
1100
1100
1100
FFE0
1100
1100
1100
ENDCHAR
STARTCHAR u2318
ENCODING 8984
SWIDTH 1000 0
DWIDTH 12 0
BBX 12 12 0 -1
BITMAP
0000
60C0
9120
9120
7FC0
1100
1100
1100
7FC0
9120
9120
60C0
ENDCHAR
STARTCHAR u2319
ENCODING 8985
SWIDTH 1000 0
DWIDTH 12 0
BBX 12 12 0 -1
BITMAP
0000
0000
0000
0000
0000
2000
2000
3F80
0000
0000
0000
0000
ENDCHAR
STARTCHAR u231A
ENCODING 8986
SWIDTH 1000 0
DWIDTH 12 0
BBX 12 12 0 -1
BITMAP
0000
0E00
0E00
1F00
2480
2480
2780
2080
2080
1F00
0E00
0E00
ENDCHAR
STARTCHAR u231B
ENCODING 8987
SWIDTH 1000 0
DWIDTH 12 0
BBX 12 12 0 -1
BITMAP
0000
7FC0
2080
2080
2080
1100
0A00
1F00
3F80
3F80
3F80
7FC0
ENDCHAR
STARTCHAR u231C
ENCODING 8988
SWIDTH 1000 0
DWIDTH 12 0
BBX 12 12 0 -1
BITMAP
0000
FC00
8000
8000
8000
8000
8000
0000
0000
0000
0000
0000
ENDCHAR
STARTCHAR u231D
ENCODING 8989
SWIDTH 1000 0
DWIDTH 12 0
BBX 12 12 0 -1
BITMAP
0000
07E0
0020
0020
0020
0020
0020
0000
0000
0000
0000
0000
ENDCHAR
STARTCHAR u231E
ENCODING 8990
SWIDTH 1000 0
DWIDTH 12 0
BBX 12 12 0 -1
BITMAP
0000
0000
0000
0000
0000
0000
8000
8000
8000
8000
8000
FC00
ENDCHAR
STARTCHAR u231F
ENCODING 8991
SWIDTH 1000 0
DWIDTH 12 0
BBX 12 12 0 -1
BITMAP
0000
0000
0000
0000
0000
0000
0020
0020
0020
0020
0020
07E0
ENDCHAR
STARTCHAR u23CE
ENCODING 9166
SWIDTH 1000 0
DWIDTH 12 0
BBX 12 12 0 -1
BITMAP
0000
00E0
00A0
00A0
00A0
18A0
28A0
4FA0
8020
4FC0
2800
1800
ENDCHAR
STARTCHAR u23CF
ENCODING 9167
SWIDTH 1000 0
DWIDTH 12 0
BBX 12 12 0 -1
BITMAP
0000
0000
0400
0E00
1F00
3F80
7FC0
0000
7FC0
7FC0
0000
0000
ENDCHAR
STARTCHAR u23E8
ENCODING 9192
SWIDTH 1000 0
DWIDTH 12 0
BBX 12 12 0 -1
BITMAP
0000
0000
0000
0000
0000
0000
1300
3480
1580
1680
1480
3B00
ENDCHAR
STARTCHAR u23E9
ENCODING 9193
SWIDTH 1000 0
DWIDTH 12 0
BBX 12 12 0 -1
BITMAP
0000
0000
0000
4200
6300
7380
7BC0
7380
6300
4200
0000
0000
ENDCHAR
STARTCHAR u23EA
ENCODING 9194
SWIDTH 1000 0
DWIDTH 12 0
BBX 12 12 0 -1
BITMAP
0000
0000
0000
0840
18C0
39C0
7BC0
39C0
18C0
0840
0000
0000
ENDCHAR
STARTCHAR u23EB
ENCODING 9195
SWIDTH 1000 0
DWIDTH 12 0
BBX 12 12 0 -1
BITMAP
0000
0000
0400
0E00
1F00
3F80
0000
0400
0E00
1F00
3F80
0000
ENDCHAR
STARTCHAR u23EC
ENCODING 9196
SWIDTH 1000 0
DWIDTH 12 0
BBX 12 12 0 -1
BITMAP
0000
0000
3F80
1F00
0E00
0400
0000
3F80
1F00
0E00
0400
0000
ENDCHAR
STARTCHAR u23ED
ENCODING 9197
SWIDTH 1000 0
DWIDTH 12 0
BBX 12 12 0 -1
BITMAP
0000
0000
0000
4440
6640
7740
7FC0
7740
6640
4440
0000
0000
ENDCHAR
STARTCHAR u23EE
ENCODING 9198
SWIDTH 1000 0
DWIDTH 12 0
BBX 12 12 0 -1
BITMAP
0000
0000
0000
4440
4CC0
5DC0
7FC0
5DC0
4CC0
4440
0000
0000
ENDCHAR
STARTCHAR u23EF
ENCODING 9199
SWIDTH 1000 0
DWIDTH 12 0
BBX 12 12 0 -1
BITMAP
0000
0000
0000
2140
3140
3940
3D40
3940
3140
2140
0000
0000
ENDCHAR
STARTCHAR u23F0
ENCODING 9200
SWIDTH 1000 0
DWIDTH 12 0
BBX 12 12 0 -1
BITMAP
0000
64C0
DF60
A0A0
4440
4440
4440
4840
5040
2080
3F80
60C0
ENDCHAR
STARTCHAR u23F1
ENCODING 9201
SWIDTH 1000 0
DWIDTH 12 0
BBX 12 12 0 -1
BITMAP
0000
0E00
1F40
2080
4440
4440
4440
4040
4040
2080
1F00
0000
ENDCHAR
STARTCHAR u23F2
ENCODING 9202
SWIDTH 1000 0
DWIDTH 12 0
BBX 12 12 0 -1
BITMAP
0000
0000
1F00
2080
4040
4040
4740
4040
4040
2080
1F00
0000
ENDCHAR
STARTCHAR u23F3
ENCODING 9203
SWIDTH 1000 0
DWIDTH 12 0
BBX 12 12 0 -1
BITMAP
0000
7FC0
2080
2080
3F80
1F00
0E00
1500
2480
3F80
3F80
7FC0
ENDCHAR
STARTCHAR u23F4
ENCODING 9204
SWIDTH 1000 0
DWIDTH 12 0
BBX 12 12 0 -1
BITMAP
0000
0000
0000
0200
0600
0E00
1E00
0E00
0600
0200
0000
0000
ENDCHAR
STARTCHAR u23F5
ENCODING 9205
SWIDTH 1000 0
DWIDTH 12 0
BBX 12 12 0 -1
BITMAP
0000
0000
0000
0800
0C00
0E00
0F00
0E00
0C00
0800
0000
0000
ENDCHAR
STARTCHAR u23F6
ENCODING 9206
SWIDTH 1000 0
DWIDTH 12 0
BBX 12 12 0 -1
BITMAP
0000
0000
0000
0000
0400
0E00
1F00
3F80
0000
0000
0000
0000
ENDCHAR
STARTCHAR u23F7
ENCODING 9207
SWIDTH 1000 0
DWIDTH 12 0
BBX 12 12 0 -1
BITMAP
0000
0000
0000
0000
0000
3F80
1F00
0E00
0400
0000
0000
0000
ENDCHAR
STARTCHAR u23F8
ENCODING 9208
SWIDTH 1000 0
DWIDTH 12 0
BBX 12 12 0 -1
BITMAP
0000
0000
0000
0000
1B00
1B00
1B00
1B00
1B00
0000
0000
0000
ENDCHAR
STARTCHAR u23F9
ENCODING 9209
SWIDTH 1000 0
DWIDTH 12 0
BBX 12 12 0 -1
BITMAP
0000
0000
0000
0000
1F00
1F00
1F00
1F00
1F00
0000
0000
0000
ENDCHAR
STARTCHAR u23FA
ENCODING 9210
SWIDTH 1000 0
DWIDTH 12 0
BBX 12 12 0 -1
BITMAP
0000
0000
0000
0000
0E00
1F00
1F00
1F00
0E00
0000
0000
0000
ENDCHAR
STARTCHAR u23FB
ENCODING 9211
SWIDTH 1000 0
DWIDTH 12 0
BBX 12 12 0 -1
BITMAP
0000
0400
1500
2480
4440
4440
4440
4040
4040
2080
1F00
0000
ENDCHAR
STARTCHAR u23FC
ENCODING 9212
SWIDTH 1000 0
DWIDTH 12 0
BBX 12 12 0 -1
BITMAP
0000
0000
1F00
2080
4440
4440
4440
4440
4440
2080
1F00
0000
ENDCHAR
STARTCHAR u23FD
ENCODING 9213
SWIDTH 1000 0
DWIDTH 12 0
BBX 12 12 0 -1
BITMAP
0000
0000
0000
0400
0400
0400
0400
0400
0400
0400
0000
0000
ENDCHAR
STARTCHAR u23FE
ENCODING 9214
SWIDTH 1000 0
DWIDTH 12 0
BBX 12 12 0 -1
BITMAP
0000
0E00
3C00
7800
7000
F000
F000
F000
7800
7C20
3FC0
0F80
ENDCHAR
STARTCHAR u23FF
ENCODING 9215
SWIDTH 1000 0
DWIDTH 12 0
BBX 12 12 0 -1
BITMAP
0000
0000
00E0
0340
0CA0
30A0
C0A0
30A0
0CA0
0340
00E0
0000
ENDCHAR
STARTCHAR u2460
ENCODING 9312
SWIDTH 1000 0
DWIDTH 12 0
BBX 12 12 0 -1
BITMAP
0000
0E00
3180
4440
4C40
8420
8420
8420
4440
4E40
3180
0E00
ENDCHAR
STARTCHAR u2461
ENCODING 9313
SWIDTH 1000 0
DWIDTH 12 0
BBX 12 12 0 -1
BITMAP
0000
0E00
3180
4E40
5140
8120
8620
8820
5040
5F40
3180
0E00
ENDCHAR
STARTCHAR u2462
ENCODING 9314
SWIDTH 1000 0
DWIDTH 12 0
BBX 12 12 0 -1
BITMAP
0000
0E00
3180
4E40
5140
8120
8620
8120
5140
4E40
3180
0E00
ENDCHAR
STARTCHAR u2463
ENCODING 9315
SWIDTH 1000 0
DWIDTH 12 0
BBX 12 12 0 -1
BITMAP
0000
0E00
3180
4640
4A40
8A20
9220
9220
5F40
4240
3180
0E00
ENDCHAR
STARTCHAR u2464
ENCODING 9316
SWIDTH 1000 0
DWIDTH 12 0
BBX 12 12 0 -1
BITMAP
0000
0E00
3180
5F40
5040
9020
9E20
8120
4140
5E40
3180
0E00
ENDCHAR
STARTCHAR u2465
ENCODING 9317
SWIDTH 1000 0
DWIDTH 12 0
BBX 12 12 0 -1
BITMAP
0000
0E00
3180
4E40
5140
9020
9E20
9120
5140
4E40
3180
0E00
ENDCHAR
STARTCHAR u2466
ENCODING 9318
SWIDTH 1000 0
DWIDTH 12 0
BBX 12 12 0 -1
BITMAP
0000
0E00
3180
5E40
4140
8120
8220
8220
4440
4440
3180
0E00
ENDCHAR
STARTCHAR u2467
ENCODING 9319
SWIDTH 1000 0
DWIDTH 12 0
BBX 12 12 0 -1
BITMAP
0000
0E00
3180
4E40
5140
9120
8E20
9120
5140
4E40
3180
0E00
ENDCHAR
STARTCHAR u2468
ENCODING 9320
SWIDTH 1000 0
DWIDTH 12 0
BBX 12 12 0 -1
BITMAP
0000
0E00
3180
4E40
5140
9120
8F20
8120
5140
4E40
3180
0E00
ENDCHAR
STARTCHAR u2469
ENCODING 9321
SWIDTH 1000 0
DWIDTH 12 0
BBX 12 12 0 -1
BITMAP
0000
0E00
3180
5340
74C0
94A0
94A0
94A0
54C0
5340
3180
0E00
ENDCHAR
STARTCHAR u246A
ENCODING 9322
SWIDTH 1000 0
DWIDTH 12 0
BBX 12 12 0 -1
BITMAP
0000
0E00
3180
5140
7340
9120
9120
9120
5140
5140
3180
0E00
ENDCHAR
STARTCHAR u246B
ENCODING 9323
SWIDTH 1000 0
DWIDTH 12 0
BBX 12 12 0 -1
BITMAP
0000
0E00
3180
5340
74C0
90A0
9120
9220
5440
57C0
3180
0E00
ENDCHAR
STARTCHAR u246C
ENCODING 9324
SWIDTH 1000 0
DWIDTH 12 0
BBX 12 12 0 -1
BITMAP
0000
0E00
3180
5340
74C0
90A0
9120
90A0
54C0
5340
3180
0E00
ENDCHAR
STARTCHAR u246D
ENCODING 9325
SWIDTH 1000 0
DWIDTH 12 0
BBX 12 12 0 -1
BITMAP
0000
0E00
3180
5140
7340
9320
9520
9520
57C0
5140
3180
0E00
ENDCHAR
STARTCHAR u246E
ENCODING 9326
SWIDTH 1000 0
DWIDTH 12 0
BBX 12 12 0 -1
BITMAP
0000
0E00
3180
57C0
7440
9420
9720
90A0
50C0
5740
3180
0E00
ENDCHAR
STARTCHAR u246F
ENCODING 9327
SWIDTH 1000 0
DWIDTH 12 0
BBX 12 12 0 -1
BITMAP
0000
0E00
3180
5340
74C0
9420
9720
94A0
54C0
5340
3180
0E00
ENDCHAR
STARTCHAR u2470
ENCODING 9328
SWIDTH 1000 0
DWIDTH 12 0
BBX 12 12 0 -1
BITMAP
0000
0E00
3180
5740
70C0
90A0
9120
9120
5240
5240
3180
0E00
ENDCHAR
STARTCHAR u2471
ENCODING 9329
SWIDTH 1000 0
DWIDTH 12 0
BBX 12 12 0 -1
BITMAP
0000
0E00
3180
5340
74C0
94A0
9320
94A0
54C0
5340
3180
0E00
ENDCHAR
STARTCHAR u2472
ENCODING 9330
SWIDTH 1000 0
DWIDTH 12 0
BBX 12 12 0 -1
BITMAP
0000
0E00
3180
5340
74C0
94A0
93A0
90A0
54C0
5340
3180
0E00
ENDCHAR
STARTCHAR u2473
ENCODING 9331
SWIDTH 1000 0
DWIDTH 12 0
BBX 12 12 0 -1
BITMAP
0000
0E00
3180
5140
6AC0
8AA0
8AA0
92A0
62C0
7940
3180
0E00
ENDCHAR
STARTCHAR u2474
ENCODING 9332
SWIDTH 1000 0
DWIDTH 12 0
BBX 12 12 0 -1
BITMAP
0000
2080
4040
4440
8C20
8420
8420
8420
8420
4E40
4040
2080
ENDCHAR
STARTCHAR u2475
ENCODING 9333
SWIDTH 1000 0
DWIDTH 12 0
BBX 12 12 0 -1
BITMAP
0000
2080
4040
4E40
9120
8120
8620
8820
9020
5F40
4040
2080
ENDCHAR
STARTCHAR u2476
ENCODING 9334
SWIDTH 1000 0
DWIDTH 12 0
BBX 12 12 0 -1
BITMAP
0000
2080
4040
4E40
9120
8120
8620
8120
9120
4E40
4040
2080
ENDCHAR
STARTCHAR u2477
ENCODING 9335
SWIDTH 1000 0
DWIDTH 12 0
BBX 12 12 0 -1
BITMAP
0000
2080
4040
4640
8A20
8A20
9220
9220
9F20
4240
4040
2080
ENDCHAR
STARTCHAR u2478
ENCODING 9336
SWIDTH 1000 0
DWIDTH 12 0
BBX 12 12 0 -1
BITMAP
0000
2080
4040
5F40
9020
9020
9E20
8120
8120
5E40
4040
2080
ENDCHAR
STARTCHAR u2479
ENCODING 9337
SWIDTH 1000 0
DWIDTH 12 0
BBX 12 12 0 -1
BITMAP
0000
2080
4040
4E40
9120
9020
9E20
9120
9120
4E40
4040
2080
ENDCHAR
STARTCHAR u247A
ENCODING 9338
SWIDTH 1000 0
DWIDTH 12 0
BBX 12 12 0 -1
BITMAP
0000
2080
4040
5E40
8120
8120
8220
8220
8420
4440
4040
2080
ENDCHAR
STARTCHAR u247B
ENCODING 9339
SWIDTH 1000 0
DWIDTH 12 0
BBX 12 12 0 -1
BITMAP
0000
2080
4040
4E40
9120
9120
8E20
9120
9120
4E40
4040
2080
ENDCHAR
STARTCHAR u247C
ENCODING 9340
SWIDTH 1000 0
DWIDTH 12 0
BBX 12 12 0 -1
BITMAP
0000
2080
4040
4E40
9120
9120
8F20
8120
9120
4E40
4040
2080
ENDCHAR
STARTCHAR u247D
ENCODING 9341
SWIDTH 1000 0
DWIDTH 12 0
BBX 12 12 0 -1
BITMAP
0000
2080
4040
5340
B4A0
94A0
94A0
94A0
94A0
5340
4040
2080
ENDCHAR
STARTCHAR u247E
ENCODING 9342
SWIDTH 1000 0
DWIDTH 12 0
BBX 12 12 0 -1
BITMAP
0000
2080
4040
5140
B320
9120
9120
9120
9120
5140
4040
2080
ENDCHAR
STARTCHAR u247F
ENCODING 9343
SWIDTH 1000 0
DWIDTH 12 0
BBX 12 12 0 -1
BITMAP
0000
2080
4040
5340
B4A0
90A0
9120
9220
9420
57C0
4040
2080
ENDCHAR
STARTCHAR u2480
ENCODING 9344
SWIDTH 1000 0
DWIDTH 12 0
BBX 12 12 0 -1
BITMAP
0000
2080
4040
5340
B4A0
90A0
9120
90A0
94A0
5340
4040
2080
ENDCHAR
STARTCHAR u2481
ENCODING 9345
SWIDTH 1000 0
DWIDTH 12 0
BBX 12 12 0 -1
BITMAP
0000
2080
4040
5140
B320
9320
9520
9520
97A0
5140
4040
2080
ENDCHAR
STARTCHAR u2482
ENCODING 9346
SWIDTH 1000 0
DWIDTH 12 0
BBX 12 12 0 -1
BITMAP
0000
2080
4040
57C0
B420
9420
9720
90A0
90A0
5740
4040
2080
ENDCHAR
STARTCHAR u2483
ENCODING 9347
SWIDTH 1000 0
DWIDTH 12 0
BBX 12 12 0 -1
BITMAP
0000
2080
4040
5340
B4A0
9420
9720
94A0
94A0
5340
4040
2080
ENDCHAR
STARTCHAR u2484
ENCODING 9348
SWIDTH 1000 0
DWIDTH 12 0
BBX 12 12 0 -1
BITMAP
0000
2080
4040
5740
B0A0
90A0
9120
9120
9220
5240
4040
2080
ENDCHAR
STARTCHAR u2485
ENCODING 9349
SWIDTH 1000 0
DWIDTH 12 0
BBX 12 12 0 -1
BITMAP
0000
2080
4040
5340
B4A0
94A0
9320
94A0
94A0
5340
4040
2080
ENDCHAR
STARTCHAR u2486
ENCODING 9350
SWIDTH 1000 0
DWIDTH 12 0
BBX 12 12 0 -1
BITMAP
0000
2080
4040
5340
B4A0
94A0
93A0
90A0
94A0
5340
4040
2080
ENDCHAR
STARTCHAR u2487
ENCODING 9351
SWIDTH 1000 0
DWIDTH 12 0
BBX 12 12 0 -1
BITMAP
0000
2080
4040
5140
AAA0
8AA0
8AA0
92A0
A2A0
7940
4040
2080
ENDCHAR
STARTCHAR u2488
ENCODING 9352
SWIDTH 1000 0
DWIDTH 12 0
BBX 12 18 0 -4
BITMAP
0000
0000
0000
0000
0000
0800
1800
0800
0800
0800
0800
0800
0800
1C80
0000
0000
0000
0000
ENDCHAR
STARTCHAR u2489
ENCODING 9353
SWIDTH 1000 0
DWIDTH 12 0
BBX 12 18 0 -4
BITMAP
0000
0000
0000
0000
0000
1C00
2200
0200
0200
0400
0800
1000
2000
3E80
0000
0000
0000
0000
ENDCHAR
STARTCHAR u248A
ENCODING 9354
SWIDTH 1000 0
DWIDTH 12 0
BBX 12 18 0 -4
BITMAP
0000
0000
0000
0000
0000
1C00
2200
0200
0200
0C00
0200
0200
2200
1C80
0000
0000
0000
0000
ENDCHAR
STARTCHAR u248B
ENCODING 9355
SWIDTH 1000 0
DWIDTH 12 0
BBX 12 18 0 -4
BITMAP
0000
0000
0000
0000
0000
0400
0C00
0C00
1400
1400
2400
3E00
0400
0480
0000
0000
0000
0000
ENDCHAR
STARTCHAR u248C
ENCODING 9356
SWIDTH 1000 0
DWIDTH 12 0
BBX 12 18 0 -4
BITMAP
0000
0000
0000
0000
0000
3E00
2000
2000
2000
3C00
0200
0200
2200
1C80
0000
0000
0000
0000
ENDCHAR
STARTCHAR u248D
ENCODING 9357
SWIDTH 1000 0
DWIDTH 12 0
BBX 12 18 0 -4
BITMAP
0000
0000
0000
0000
0000
1C00
2200
2000
2000
3C00
2200
2200
2200
1C80
0000
0000
0000
0000
ENDCHAR
STARTCHAR u248E
ENCODING 9358
SWIDTH 1000 0
DWIDTH 12 0
BBX 12 18 0 -4
BITMAP
0000
0000
0000
0000
0000
3C00
0200
0200
0400
0400
0800
0800
0800
0880
0000
0000
0000
0000
ENDCHAR
STARTCHAR u248F
ENCODING 9359
SWIDTH 1000 0
DWIDTH 12 0
BBX 12 18 0 -4
BITMAP
0000
0000
0000
0000
0000
1C00
2200
2200
2200
1C00
2200
2200
2200
1C80
0000
0000
0000
0000
ENDCHAR
STARTCHAR u2490
ENCODING 9360
SWIDTH 1000 0
DWIDTH 12 0
BBX 12 18 0 -4
BITMAP
0000
0000
0000
0000
0000
1C00
2200
2200
2200
1E00
0200
0200
2200
1C80
0000
0000
0000
0000
ENDCHAR
STARTCHAR u2491
ENCODING 9361
SWIDTH 1000 0
DWIDTH 12 0
BBX 12 18 0 -4
BITMAP
0000
0000
0000
0000
0000
4700
C880
4880
4980
4A80
4C80
4880
4880
E720
0000
0000
0000
0000
ENDCHAR
STARTCHAR u2492
ENCODING 9362
SWIDTH 1000 0
DWIDTH 12 0
BBX 12 18 0 -4
BITMAP
0000
0000
0000
0000
0000
4200
C600
4200
4200
4200
4200
4200
4200
E720
0000
0000
0000
0000
ENDCHAR
STARTCHAR u2493
ENCODING 9363
SWIDTH 1000 0
DWIDTH 12 0
BBX 12 18 0 -4
BITMAP
0000
0000
0000
0000
0000
4700
C880
4080
4080
4100
4200
4400
4800
EFA0
0000
0000
0000
0000
ENDCHAR
STARTCHAR u2494
ENCODING 9364
SWIDTH 1000 0
DWIDTH 12 0
BBX 12 18 0 -4
BITMAP
0000
0000
0000
0000
0000
4700
C880
4080
4080
4300
4080
4080
4880
E720
0000
0000
0000
0000
ENDCHAR
STARTCHAR u2495
ENCODING 9365
SWIDTH 1000 0
DWIDTH 12 0
BBX 12 18 0 -4
BITMAP
0000
0000
0000
0000
0000
4100
C300
4300
4500
4500
4900
4F80
4100
E120
0000
0000
0000
0000
ENDCHAR
STARTCHAR u2496
ENCODING 9366
SWIDTH 1000 0
DWIDTH 12 0
BBX 12 18 0 -4
BITMAP
0000
0000
0000
0000
0000
4F80
C800
4800
4800
4F00
4080
4080
4880
E720
0000
0000
0000
0000
ENDCHAR
STARTCHAR u2497
ENCODING 9367
SWIDTH 1000 0
DWIDTH 12 0
BBX 12 18 0 -4
BITMAP
0000
0000
0000
0000
0000
4700
C880
4800
4800
4F00
4880
4880
4880
E720
0000
0000
0000
0000
ENDCHAR
STARTCHAR u2498
ENCODING 9368
SWIDTH 1000 0
DWIDTH 12 0
BBX 12 18 0 -4
BITMAP
0000
0000
0000
0000
0000
4F00
C080
4080
4100
4100
4200
4200
4200
E220
0000
0000
0000
0000
ENDCHAR
STARTCHAR u2499
ENCODING 9369
SWIDTH 1000 0
DWIDTH 12 0
BBX 12 18 0 -4
BITMAP
0000
0000
0000
0000
0000
4700
C880
4880
4880
4700
4880
4880
4880
E720
0000
0000
0000
0000
ENDCHAR
STARTCHAR u249A
ENCODING 9370
SWIDTH 1000 0
DWIDTH 12 0
BBX 12 18 0 -4
BITMAP
0000
0000
0000
0000
0000
4700
C880
4880
4880
4780
4080
4080
4880
E720
0000
0000
0000
0000
ENDCHAR
STARTCHAR u249B
ENCODING 9371
SWIDTH 1000 0
DWIDTH 12 0
BBX 12 18 0 -4
BITMAP
0000
0000
0000
0000
0000
6300
9480
1480
1580
2680
2480
4480
8480
F320
0000
0000
0000
0000
ENDCHAR
STARTCHAR u249C
ENCODING 9372
SWIDTH 1000 0
DWIDTH 12 0
BBX 12 12 0 -1
BITMAP
0000
2080
4040
4040
8E20
8120
8F20
9120
8F20
4040
4040
2080
ENDCHAR
STARTCHAR u249D
ENCODING 9373
SWIDTH 1000 0
DWIDTH 12 0
BBX 12 12 0 -1
BITMAP
0000
2080
4040
5040
9020
9E20
9120
9120
9120
5E40
4040
2080
ENDCHAR
STARTCHAR u249E
ENCODING 9374
SWIDTH 1000 0
DWIDTH 12 0
BBX 12 12 0 -1
BITMAP
0000
2080
4040
4040
8E20
9120
9020
9120
8E20
4040
4040
2080
ENDCHAR
STARTCHAR u249F
ENCODING 9375
SWIDTH 1000 0
DWIDTH 12 0
BBX 12 12 0 -1
BITMAP
0000
2080
4040
4140
8120
8F20
9120
9120
9120
4F40
4040
2080
ENDCHAR
STARTCHAR u24A0
ENCODING 9376
SWIDTH 1000 0
DWIDTH 12 0
BBX 12 12 0 -1
BITMAP
0000
2080
4040
4040
8E20
9120
9F20
9020
8E20
4040
4040
2080
ENDCHAR
STARTCHAR u24A1
ENCODING 9377
SWIDTH 1000 0
DWIDTH 12 0
BBX 12 12 0 -1
BITMAP
0000
2080
4040
4340
8420
9F20
8420
8420
8420
4440
4040
2080
ENDCHAR
STARTCHAR u24A2
ENCODING 9378
SWIDTH 1000 0
DWIDTH 12 0
BBX 12 12 0 -1
BITMAP
0000
2080
4040
4F40
9120
9120
9120
8F20
8120
4E40
4040
2080
ENDCHAR
STARTCHAR u24A3
ENCODING 9379
SWIDTH 1000 0
DWIDTH 12 0
BBX 12 12 0 -1
BITMAP
0000
2080
4040
5040
9020
9620
9920
9120
9120
5140
4040
2080
ENDCHAR
STARTCHAR u24A4
ENCODING 9380
SWIDTH 1000 0
DWIDTH 12 0
BBX 12 12 0 -1
BITMAP
0000
2080
4040
4440
8020
8C20
8420
8420
8420
4E40
4040
2080
ENDCHAR
STARTCHAR u24A5
ENCODING 9381
SWIDTH 1000 0
DWIDTH 12 0
BBX 12 12 0 -1
BITMAP
0000
2080
4240
4040
8E20
8220
8220
8220
8220
4240
4C40
2080
ENDCHAR
STARTCHAR u24A6
ENCODING 9382
SWIDTH 1000 0
DWIDTH 12 0
BBX 12 12 0 -1
BITMAP
0000
2080
4040
5040
9020
9120
9620
9820
9620
5140
4040
2080
ENDCHAR
STARTCHAR u24A7
ENCODING 9383
SWIDTH 1000 0
DWIDTH 12 0
BBX 12 12 0 -1
BITMAP
0000
2080
4040
4C40
8420
8420
8420
8420
8420
4640
4040
2080
ENDCHAR
STARTCHAR u24A8
ENCODING 9384
SWIDTH 1000 0
DWIDTH 12 0
BBX 12 12 0 -1
BITMAP
0000
2080
4040
4040
9A20
9520
9520
9520
9520
4040
4040
2080
ENDCHAR
STARTCHAR u24A9
ENCODING 9385
SWIDTH 1000 0
DWIDTH 12 0
BBX 12 12 0 -1
BITMAP
0000
2080
4040
4040
9620
9920
9120
9120
9120
4040
4040
2080
ENDCHAR
STARTCHAR u24AA
ENCODING 9386
SWIDTH 1000 0
DWIDTH 12 0
BBX 12 12 0 -1
BITMAP
0000
2080
4040
4040
8E20
9120
9120
9120
8E20
4040
4040
2080
ENDCHAR
STARTCHAR u24AB
ENCODING 9387
SWIDTH 1000 0
DWIDTH 12 0
BBX 12 12 0 -1
BITMAP
0000
2080
4040
5E40
9120
9120
9120
9E20
9020
5040
4040
2080
ENDCHAR
STARTCHAR u24AC
ENCODING 9388
SWIDTH 1000 0
DWIDTH 12 0
BBX 12 12 0 -1
BITMAP
0000
2080
4040
4F40
9120
9120
9120
8F20
8120
4140
4040
2080
ENDCHAR
STARTCHAR u24AD
ENCODING 9389
SWIDTH 1000 0
DWIDTH 12 0
BBX 12 12 0 -1
BITMAP
0000
2080
4040
4040
8B20
8C20
8820
8820
8820
4040
4040
2080
ENDCHAR
STARTCHAR u24AE
ENCODING 9390
SWIDTH 1000 0
DWIDTH 12 0
BBX 12 12 0 -1
BITMAP
0000
2080
4040
4040
8F20
9020
8E20
8120
9E20
4040
4040
2080
ENDCHAR
STARTCHAR u24AF
ENCODING 9391
SWIDTH 1000 0
DWIDTH 12 0
BBX 12 12 0 -1
BITMAP
0000
2080
4040
4440
8420
9F20
8420
8420
8420
4340
4040
2080
ENDCHAR
STARTCHAR u24B0
ENCODING 9392
SWIDTH 1000 0
DWIDTH 12 0
BBX 12 12 0 -1
BITMAP
0000
2080
4040
4040
9120
9120
9120
9320
8D20
4040
4040
2080
ENDCHAR
STARTCHAR u24B1
ENCODING 9393
SWIDTH 1000 0
DWIDTH 12 0
BBX 12 12 0 -1
BITMAP
0000
2080
4040
4040
9120
9120
8A20
8A20
8420
4040
4040
2080
ENDCHAR
STARTCHAR u24B2
ENCODING 9394
SWIDTH 1000 0
DWIDTH 12 0
BBX 12 12 0 -1
BITMAP
0000
2080
4040
4040
9520
9520
9520
8A20
8A20
4040
4040
2080
ENDCHAR
STARTCHAR u24B3
ENCODING 9395
SWIDTH 1000 0
DWIDTH 12 0
BBX 12 12 0 -1
BITMAP
0000
2080
4040
4040
9120
8A20
8420
8A20
9120
4040
4040
2080
ENDCHAR
STARTCHAR u24B4
ENCODING 9396
SWIDTH 1000 0
DWIDTH 12 0
BBX 12 12 0 -1
BITMAP
0000
2080
4040
4040
9120
9120
8A20
8A20
8420
4440
5840
2080
ENDCHAR
STARTCHAR u24B5
ENCODING 9397
SWIDTH 1000 0
DWIDTH 12 0
BBX 12 12 0 -1
BITMAP
0000
2080
4040
4040
9F20
8220
8420
8820
9F20
4040
4040
2080
ENDCHAR
STARTCHAR u24B6
ENCODING 9398
SWIDTH 1000 0
DWIDTH 12 0
BBX 12 12 0 -1
BITMAP
0000
0E00
3180
4440
4440
8A20
8A20
8E20
5140
5140
3180
0E00
ENDCHAR
STARTCHAR u24B7
ENCODING 9399
SWIDTH 1000 0
DWIDTH 12 0
BBX 12 12 0 -1
BITMAP
0000
0E00
3180
5E40
5140
9120
9E20
9120
5140
5E40
3180
0E00
ENDCHAR
STARTCHAR u24B8
ENCODING 9400
SWIDTH 1000 0
DWIDTH 12 0
BBX 12 12 0 -1
BITMAP
0000
0E00
3180
4E40
5140
9020
9020
9020
5140
4E40
3180
0E00
ENDCHAR
STARTCHAR u24B9
ENCODING 9401
SWIDTH 1000 0
DWIDTH 12 0
BBX 12 12 0 -1
BITMAP
0000
0E00
3180
5E40
5140
9120
9120
9120
5140
5E40
3180
0E00
ENDCHAR
STARTCHAR u24BA
ENCODING 9402
SWIDTH 1000 0
DWIDTH 12 0
BBX 12 12 0 -1
BITMAP
0000
0E00
3180
4F40
5040
9020
9E20
9020
5040
4F40
3180
0E00
ENDCHAR
STARTCHAR u24BB
ENCODING 9403
SWIDTH 1000 0
DWIDTH 12 0
BBX 12 12 0 -1
BITMAP
0000
0E00
3180
4F40
5040
9020
9E20
9020
5040
5040
3180
0E00
ENDCHAR
STARTCHAR u24BC
ENCODING 9404
SWIDTH 1000 0
DWIDTH 12 0
BBX 12 12 0 -1
BITMAP
0000
0E00
3180
4E40
5140
9020
9020
9320
5140
4E40
3180
0E00
ENDCHAR
STARTCHAR u24BD
ENCODING 9405
SWIDTH 1000 0
DWIDTH 12 0
BBX 12 12 0 -1
BITMAP
0000
0E00
3180
5140
5140
9120
9F20
9120
5140
5140
3180
0E00
ENDCHAR
STARTCHAR u24BE
ENCODING 9406
SWIDTH 1000 0
DWIDTH 12 0
BBX 12 12 0 -1
BITMAP
0000
0E00
3180
4E40
4440
8420
8420
8420
4440
4E40
3180
0E00
ENDCHAR
STARTCHAR u24BF
ENCODING 9407
SWIDTH 1000 0
DWIDTH 12 0
BBX 12 12 0 -1
BITMAP
0000
0E00
3180
4140
4140
8120
8120
9120
5140
4E40
3180
0E00
ENDCHAR
STARTCHAR u24C0
ENCODING 9408
SWIDTH 1000 0
DWIDTH 12 0
BBX 12 12 0 -1
BITMAP
0000
0E00
3180
5140
5240
9420
9820
9420
5240
5140
3180
0E00
ENDCHAR
STARTCHAR u24C1
ENCODING 9409
SWIDTH 1000 0
DWIDTH 12 0
BBX 12 12 0 -1
BITMAP
0000
0E00
3180
5040
5040
9020
9020
9020
5040
4F40
3180
0E00
ENDCHAR
STARTCHAR u24C2
ENCODING 9410
SWIDTH 1000 0
DWIDTH 12 0
BBX 12 12 0 -1
BITMAP
0000
0E00
3180
5140
5B40
9B20
9520
9520
5140
5140
3180
0E00
ENDCHAR
STARTCHAR u24C3
ENCODING 9411
SWIDTH 1000 0
DWIDTH 12 0
BBX 12 12 0 -1
BITMAP
0000
0E00
3180
5140
5940
9520
9520
9320
5140
5140
3180
0E00
ENDCHAR
STARTCHAR u24C4
ENCODING 9412
SWIDTH 1000 0
DWIDTH 12 0
BBX 12 12 0 -1
BITMAP
0000
0E00
3180
4E40
5140
9120
9120
9120
5140
4E40
3180
0E00
ENDCHAR
STARTCHAR u24C5
ENCODING 9413
SWIDTH 1000 0
DWIDTH 12 0
BBX 12 12 0 -1
BITMAP
0000
0E00
3180
5E40
5140
9120
9E20
9020
5040
5040
3180
0E00
ENDCHAR
STARTCHAR u24C6
ENCODING 9414
SWIDTH 1000 0
DWIDTH 12 0
BBX 12 12 0 -1
BITMAP
0000
0E00
3180
4E40
5140
9120
9120
9520
5240
4D40
3380
0E00
ENDCHAR
STARTCHAR u24C7
ENCODING 9415
SWIDTH 1000 0
DWIDTH 12 0
BBX 12 12 0 -1
BITMAP
0000
0E00
3180
5E40
5140
9120
9E20
9420
5240
5140
3180
0E00
ENDCHAR
STARTCHAR u24C8
ENCODING 9416
SWIDTH 1000 0
DWIDTH 12 0
BBX 12 12 0 -1
BITMAP
0000
0E00
3180
4E40
5140
9020
8E20
8120
5140
4E40
3180
0E00
ENDCHAR
STARTCHAR u24C9
ENCODING 9417
SWIDTH 1000 0
DWIDTH 12 0
BBX 12 12 0 -1
BITMAP
0000
0E00
3180
5F40
4440
8420
8420
8420
4440
4440
3180
0E00
ENDCHAR
STARTCHAR u24CA
ENCODING 9418
SWIDTH 1000 0
DWIDTH 12 0
BBX 12 12 0 -1
BITMAP
0000
0E00
3180
5140
5140
9120
9120
9120
5140
4E40
3180
0E00
ENDCHAR
STARTCHAR u24CB
ENCODING 9419
SWIDTH 1000 0
DWIDTH 12 0
BBX 12 12 0 -1
BITMAP
0000
0E00
3180
5140
5140
9120
8A20
8A20
4440
4440
3180
0E00
ENDCHAR
STARTCHAR u24CC
ENCODING 9420
SWIDTH 1000 0
DWIDTH 12 0
BBX 12 12 0 -1
BITMAP
0000
0E00
3180
5540
5540
9520
9520
8A20
4A40
4A40
3180
0E00
ENDCHAR
STARTCHAR u24CD
ENCODING 9421
SWIDTH 1000 0
DWIDTH 12 0
BBX 12 12 0 -1
BITMAP
0000
0E00
3180
5140
5140
8A20
8420
8A20
5140
5140
3180
0E00
ENDCHAR
STARTCHAR u24CE
ENCODING 9422
SWIDTH 1000 0
DWIDTH 12 0
BBX 12 12 0 -1
BITMAP
0000
0E00
3180
5140
5140
8A20
8A20
8420
4440
4440
3180
0E00
ENDCHAR
STARTCHAR u24CF
ENCODING 9423
SWIDTH 1000 0
DWIDTH 12 0
BBX 12 12 0 -1
BITMAP
0000
0E00
3180
5F40
4140
8220
8420
8820
5040
5F40
3180
0E00
ENDCHAR
STARTCHAR u24D0
ENCODING 9424
SWIDTH 1000 0
DWIDTH 12 0
BBX 12 12 0 -1
BITMAP
0000
0E00
3180
4040
4E40
8120
8F20
9120
4F40
4040
3180
0E00
ENDCHAR
STARTCHAR u24D1
ENCODING 9425
SWIDTH 1000 0
DWIDTH 12 0
BBX 12 12 0 -1
BITMAP
0000
0E00
3180
5040
5040
9E20
9120
9120
5140
5E40
3180
0E00
ENDCHAR
STARTCHAR u24D2
ENCODING 9426
SWIDTH 1000 0
DWIDTH 12 0
BBX 12 12 0 -1
BITMAP
0000
0E00
3180
4040
4E40
9120
9020
9120
4E40
4040
3180
0E00
ENDCHAR
STARTCHAR u24D3
ENCODING 9427
SWIDTH 1000 0
DWIDTH 12 0
BBX 12 12 0 -1
BITMAP
0000
0E00
3180
4140
4140
8F20
9120
9120
5140
4F40
3180
0E00
ENDCHAR
STARTCHAR u24D4
ENCODING 9428
SWIDTH 1000 0
DWIDTH 12 0
BBX 12 12 0 -1
BITMAP
0000
0E00
3180
4040
4E40
9120
9F20
9020
4E40
4040
3180
0E00
ENDCHAR
STARTCHAR u24D5
ENCODING 9429
SWIDTH 1000 0
DWIDTH 12 0
BBX 12 12 0 -1
BITMAP
0000
0E00
3380
4340
4440
9F20
8420
8420
4440
4440
3180
0E00
ENDCHAR
STARTCHAR u24D6
ENCODING 9430
SWIDTH 1000 0
DWIDTH 12 0
BBX 12 12 0 -1
BITMAP
0000
0E00
3180
4F40
5140
9120
9120
8F20
4140
4E40
3180
0E00
ENDCHAR
STARTCHAR u24D7
ENCODING 9431
SWIDTH 1000 0
DWIDTH 12 0
BBX 12 12 0 -1
BITMAP
0000
0E00
3180
5040
5040
9620
9920
9120
5140
5140
3180
0E00
ENDCHAR
STARTCHAR u24D8
ENCODING 9432
SWIDTH 1000 0
DWIDTH 12 0
BBX 12 12 0 -1
BITMAP
0000
0E00
3180
4440
4040
8C20
8420
8420
4440
4E40
3180
0E00
ENDCHAR
STARTCHAR u24D9
ENCODING 9433
SWIDTH 1000 0
DWIDTH 12 0
BBX 12 12 0 -1
BITMAP
0000
0E00
3180
4240
4040
8E20
8220
8220
4240
4C40
3180
0E00
ENDCHAR
STARTCHAR u24DA
ENCODING 9434
SWIDTH 1000 0
DWIDTH 12 0
BBX 12 12 0 -1
BITMAP
0000
0E00
3180
5040
5040
9120
9620
9820
5640
5140
3180
0E00
ENDCHAR
STARTCHAR u24DB
ENCODING 9435
SWIDTH 1000 0
DWIDTH 12 0
BBX 12 12 0 -1
BITMAP
0000
0E00
3180
4C40
4440
8420
8420
8420
4440
4640
3180
0E00
ENDCHAR
STARTCHAR u24DC
ENCODING 9436
SWIDTH 1000 0
DWIDTH 12 0
BBX 12 12 0 -1
BITMAP
0000
0E00
3180
4040
5A40
9520
9520
9520
5540
4040
3180
0E00
ENDCHAR
STARTCHAR u24DD
ENCODING 9437
SWIDTH 1000 0
DWIDTH 12 0
BBX 12 12 0 -1
BITMAP
0000
0E00
3180
4040
5640
9920
9120
9120
5140
4040
3180
0E00
ENDCHAR
STARTCHAR u24DE
ENCODING 9438
SWIDTH 1000 0
DWIDTH 12 0
BBX 12 12 0 -1
BITMAP
0000
0E00
3180
4040
4E40
9120
9120
9120
4E40
4040
3180
0E00
ENDCHAR
STARTCHAR u24DF
ENCODING 9439
SWIDTH 1000 0
DWIDTH 12 0
BBX 12 12 0 -1
BITMAP
0000
0E00
3180
5E40
5140
9120
9120
9E20
5040
5040
3180
0E00
ENDCHAR
STARTCHAR u24E0
ENCODING 9440
SWIDTH 1000 0
DWIDTH 12 0
BBX 12 12 0 -1
BITMAP
0000
0E00
3180
4F40
5140
9120
9120
8F20
4140
4140
3180
0E00
ENDCHAR
STARTCHAR u24E1
ENCODING 9441
SWIDTH 1000 0
DWIDTH 12 0
BBX 12 12 0 -1
BITMAP
0000
0E00
3180
4040
4B40
8C20
8820
8820
4840
4040
3180
0E00
ENDCHAR
STARTCHAR u24E2
ENCODING 9442
SWIDTH 1000 0
DWIDTH 12 0
BBX 12 12 0 -1
BITMAP
0000
0E00
3180
4040
4F40
9020
8E20
8120
5E40
4040
3180
0E00
ENDCHAR
STARTCHAR u24E3
ENCODING 9443
SWIDTH 1000 0
DWIDTH 12 0
BBX 12 12 0 -1
BITMAP
0000
0E00
3180
4440
4440
9F20
8420
8420
4440
4340
3180
0E00
ENDCHAR
STARTCHAR u24E4
ENCODING 9444
SWIDTH 1000 0
DWIDTH 12 0
BBX 12 12 0 -1
BITMAP
0000
0E00
3180
4040
5140
9120
9120
9320
4D40
4040
3180
0E00
ENDCHAR
STARTCHAR u24E5
ENCODING 9445
SWIDTH 1000 0
DWIDTH 12 0
BBX 12 12 0 -1
BITMAP
0000
0E00
3180
4040
5140
9120
8A20
8A20
4440
4040
3180
0E00
ENDCHAR
STARTCHAR u24E6
ENCODING 9446
SWIDTH 1000 0
DWIDTH 12 0
BBX 12 12 0 -1
BITMAP
0000
0E00
3180
4040
5540
9520
9520
8A20
4A40
4040
3180
0E00
ENDCHAR
STARTCHAR u24E7
ENCODING 9447
SWIDTH 1000 0
DWIDTH 12 0
BBX 12 12 0 -1
BITMAP
0000
0E00
3180
4040
5140
8A20
8420
8A20
5140
4040
3180
0E00
ENDCHAR
STARTCHAR u24E8
ENCODING 9448
SWIDTH 1000 0
DWIDTH 12 0
BBX 12 12 0 -1
BITMAP
0000
0E00
3180
4040
5140
9120
8A20
8A20
4440
4440
3980
0E00
ENDCHAR
STARTCHAR u24E9
ENCODING 9449
SWIDTH 1000 0
DWIDTH 12 0
BBX 12 12 0 -1
BITMAP
0000
0E00
3180
4040
5F40
8220
8420
8820
5F40
4040
3180
0E00
ENDCHAR
STARTCHAR u24EA
ENCODING 9450
SWIDTH 1000 0
DWIDTH 12 0
BBX 12 12 0 -1
BITMAP
0000
0E00
3180
4E40
5140
9320
9520
9920
5140
4E40
3180
0E00
ENDCHAR
STARTCHAR u24EB
ENCODING 9451
SWIDTH 1000 0
DWIDTH 12 0
BBX 12 12 0 -1
BITMAP
0000
0E00
3F80
6EC0
4CC0
EEE0
EEE0
EEE0
6EC0
6EC0
3F80
0E00
ENDCHAR
STARTCHAR u24EC
ENCODING 9452
SWIDTH 1000 0
DWIDTH 12 0
BBX 12 12 0 -1
BITMAP
0000
0E00
3F80
6CC0
4B40
EF60
EEE0
EDE0
6BC0
6840
3F80
0E00
ENDCHAR
STARTCHAR u24ED
ENCODING 9453
SWIDTH 1000 0
DWIDTH 12 0
BBX 12 12 0 -1
BITMAP
0000
0E00
3F80
6CC0
4B40
EF60
EEE0
EF60
6B40
6CC0
3F80
0E00
ENDCHAR
STARTCHAR u24EE
ENCODING 9454
SWIDTH 1000 0
DWIDTH 12 0
BBX 12 12 0 -1
BITMAP
0000
0E00
3F80
6EC0
4CC0
ECE0
EAE0
EAE0
6840
6EC0
3F80
0E00
ENDCHAR
STARTCHAR u24EF
ENCODING 9455
SWIDTH 1000 0
DWIDTH 12 0
BBX 12 12 0 -1
BITMAP
0000
0E00
3F80
6840
4BC0
EBE0
E8E0
EF60
6F40
68C0
3F80
0E00
ENDCHAR
STARTCHAR u24F0
ENCODING 9456
SWIDTH 1000 0
DWIDTH 12 0
BBX 12 12 0 -1
BITMAP
0000
0E00
3F80
6CC0
4B40
EBE0
E8E0
EB60
6B40
6CC0
3F80
0E00
ENDCHAR
STARTCHAR u24F1
ENCODING 9457
SWIDTH 1000 0
DWIDTH 12 0
BBX 12 12 0 -1
BITMAP
0000
0E00
3F80
68C0
4F40
EF60
EEE0
EEE0
6DC0
6DC0
3F80
0E00
ENDCHAR
STARTCHAR u24F2
ENCODING 9458
SWIDTH 1000 0
DWIDTH 12 0
BBX 12 12 0 -1
BITMAP
0000
0E00
3F80
6CC0
4B40
EB60
ECE0
EB60
6B40
6CC0
3F80
0E00
ENDCHAR
STARTCHAR u24F3
ENCODING 9459
SWIDTH 1000 0
DWIDTH 12 0
BBX 12 12 0 -1
BITMAP
0000
0E00
3F80
6CC0
4B40
EB60
EC60
EF60
6B40
6CC0
3F80
0E00
ENDCHAR
STARTCHAR u24F4
ENCODING 9460
SWIDTH 1000 0
DWIDTH 12 0
BBX 12 12 0 -1
BITMAP
0000
0E00
3F80
6EC0
5540
F560
F560
ED60
5D40
46C0
3F80
0E00
ENDCHAR
STARTCHAR u24F5
ENCODING 9461
SWIDTH 1000 0
DWIDTH 12 0
BBX 12 12 0 -1
BITMAP
0000
4E40
B1A0
4440
4C40
8420
8420
8420
4440
4E40
B1A0
4E40
ENDCHAR
STARTCHAR u24F6
ENCODING 9462
SWIDTH 1000 0
DWIDTH 12 0
BBX 12 12 0 -1
BITMAP
0000
4E40
B1A0
4E40
5140
8120
8620
8820
5040
5F40
B1A0
4E40
ENDCHAR
STARTCHAR u24F7
ENCODING 9463
SWIDTH 1000 0
DWIDTH 12 0
BBX 12 12 0 -1
BITMAP
0000
4E40
B1A0
4E40
5140
8120
8620
8120
5140
4E40
B1A0
4E40
ENDCHAR
STARTCHAR u24F8
ENCODING 9464
SWIDTH 1000 0
DWIDTH 12 0
BBX 12 12 0 -1
BITMAP
0000
4E40
B1A0
4640
4A40
8A20
9220
9220
5F40
4240
B1A0
4E40
ENDCHAR
STARTCHAR u24F9
ENCODING 9465
SWIDTH 1000 0
DWIDTH 12 0
BBX 12 12 0 -1
BITMAP
0000
4E40
B1A0
5F40
5040
9020
9E20
8120
4140
5E40
B1A0
4E40
ENDCHAR
STARTCHAR u24FA
ENCODING 9466
SWIDTH 1000 0
DWIDTH 12 0
BBX 12 12 0 -1
BITMAP
0000
4E40
B1A0
4E40
5140
9020
9E20
9120
5140
4E40
B1A0
4E40
ENDCHAR
STARTCHAR u24FB
ENCODING 9467
SWIDTH 1000 0
DWIDTH 12 0
BBX 12 12 0 -1
BITMAP
0000
4E40
B1A0
5E40
4140
8120
8220
8220
4440
4440
B1A0
4E40
ENDCHAR
STARTCHAR u24FC
ENCODING 9468
SWIDTH 1000 0
DWIDTH 12 0
BBX 12 12 0 -1
BITMAP
0000
4E40
B1A0
4E40
5140
9120
8E20
9120
5140
4E40
B1A0
4E40
ENDCHAR
STARTCHAR u24FD
ENCODING 9469
SWIDTH 1000 0
DWIDTH 12 0
BBX 12 12 0 -1
BITMAP
0000
4E40
B1A0
4E40
5140
9120
8F20
8120
5140
4E40
B1A0
4E40
ENDCHAR
STARTCHAR u24FE
ENCODING 9470
SWIDTH 1000 0
DWIDTH 12 0
BBX 12 12 0 -1
BITMAP
0000
4E40
B1A0
5340
74C0
94A0
94A0
94A0
54C0
5340
B1A0
4E40
ENDCHAR
STARTCHAR u24FF
ENCODING 9471
SWIDTH 1000 0
DWIDTH 12 0
BBX 12 12 0 -1
BITMAP
0000
0E00
3F80
71C0
6EC0
ECE0
EAE0
E6E0
6EC0
71C0
3F80
0E00
ENDCHAR
STARTCHAR u2500
ENCODING 9472
SWIDTH 1000 0
DWIDTH 12 0
BBX 12 12 0 -1
BITMAP
0000
0000
0000
0000
0000
0000
FFF0
0000
0000
0000
0000
0000
ENDCHAR
STARTCHAR u2501
ENCODING 9473
SWIDTH 1000 0
DWIDTH 12 0
BBX 12 12 0 -1
BITMAP
0000
0000
0000
0000
0000
FFF0
FFF0
FFF0
0000
0000
0000
0000
ENDCHAR
STARTCHAR u2502
ENCODING 9474
SWIDTH 1000 0
DWIDTH 12 0
BBX 12 12 0 -1
BITMAP
0400
0400
0400
0400
0400
0400
0400
0400
0400
0400
0400
0400
ENDCHAR
STARTCHAR u2503
ENCODING 9475
SWIDTH 1000 0
DWIDTH 12 0
BBX 12 12 0 -1
BITMAP
0E00
0E00
0E00
0E00
0E00
0E00
0E00
0E00
0E00
0E00
0E00
0E00
ENDCHAR
STARTCHAR u2504
ENCODING 9476
SWIDTH 1000 0
DWIDTH 12 0
BBX 12 12 0 -1
BITMAP
0000
0000
0000
0000
0000
0000
EEE0
0000
0000
0000
0000
0000
ENDCHAR
STARTCHAR u2505
ENCODING 9477
SWIDTH 1000 0
DWIDTH 12 0
BBX 12 12 0 -1
BITMAP
0000
0000
0000
0000
0000
EEE0
EEE0
EEE0
0000
0000
0000
0000
ENDCHAR
STARTCHAR u2506
ENCODING 9478
SWIDTH 1000 0
DWIDTH 12 0
BBX 12 12 0 -1
BITMAP
0000
0400
0400
0400
0000
0400
0400
0400
0000
0400
0400
0400
ENDCHAR
STARTCHAR u2507
ENCODING 9479
SWIDTH 1000 0
DWIDTH 12 0
BBX 12 12 0 -1
BITMAP
0000
0E00
0E00
0E00
0000
0E00
0E00
0E00
0000
0E00
0E00
0E00
ENDCHAR
STARTCHAR u2508
ENCODING 9480
SWIDTH 1000 0
DWIDTH 12 0
BBX 12 12 0 -1
BITMAP
0000
0000
0000
0000
0000
0000
DB60
0000
0000
0000
0000
0000
ENDCHAR
STARTCHAR u2509
ENCODING 9481
SWIDTH 1000 0
DWIDTH 12 0
BBX 12 12 0 -1
BITMAP
0000
0000
0000
0000
0000
DB60
DB60
DB60
0000
0000
0000
0000
ENDCHAR
STARTCHAR u250A
ENCODING 9482
SWIDTH 1000 0
DWIDTH 12 0
BBX 12 12 0 -1
BITMAP
0000
0400
0400
0000
0400
0400
0000
0400
0400
0000
0400
0400
ENDCHAR
STARTCHAR u250B
ENCODING 9483
SWIDTH 1000 0
DWIDTH 12 0
BBX 12 12 0 -1
BITMAP
0000
0E00
0E00
0000
0E00
0E00
0000
0E00
0E00
0000
0E00
0E00
ENDCHAR
STARTCHAR u250C
ENCODING 9484
SWIDTH 1000 0
DWIDTH 12 0
BBX 12 12 0 -1
BITMAP
0000
0000
0000
0000
0000
0000
07F0
0400
0400
0400
0400
0400
ENDCHAR
STARTCHAR u250D
ENCODING 9485
SWIDTH 1000 0
DWIDTH 12 0
BBX 12 12 0 -1
BITMAP
0000
0000
0000
0000
0000
07F0
07F0
07F0
0400
0400
0400
0400
ENDCHAR
STARTCHAR u250E
ENCODING 9486
SWIDTH 1000 0
DWIDTH 12 0
BBX 12 12 0 -1
BITMAP
0000
0000
0000
0000
0000
0000
0FF0
0E00
0E00
0E00
0E00
0E00
ENDCHAR
STARTCHAR u250F
ENCODING 9487
SWIDTH 1000 0
DWIDTH 12 0
BBX 12 12 0 -1
BITMAP
0000
0000
0000
0000
0000
0FF0
0FF0
0FF0
0E00
0E00
0E00
0E00
ENDCHAR
STARTCHAR u2510
ENCODING 9488
SWIDTH 1000 0
DWIDTH 12 0
BBX 12 12 0 -1
BITMAP
0000
0000
0000
0000
0000
0000
FC00
0400
0400
0400
0400
0400
ENDCHAR
STARTCHAR u2511
ENCODING 9489
SWIDTH 1000 0
DWIDTH 12 0
BBX 12 12 0 -1
BITMAP
0000
0000
0000
0000
0000
FC00
FC00
FC00
0400
0400
0400
0400
ENDCHAR
STARTCHAR u2512
ENCODING 9490
SWIDTH 1000 0
DWIDTH 12 0
BBX 12 12 0 -1
BITMAP
0000
0000
0000
0000
0000
0000
FE00
0E00
0E00
0E00
0E00
0E00
ENDCHAR
STARTCHAR u2513
ENCODING 9491
SWIDTH 1000 0
DWIDTH 12 0
BBX 12 12 0 -1
BITMAP
0000
0000
0000
0000
0000
FE00
FE00
FE00
0E00
0E00
0E00
0E00
ENDCHAR
STARTCHAR u2514
ENCODING 9492
SWIDTH 1000 0
DWIDTH 12 0
BBX 12 12 0 -1
BITMAP
0400
0400
0400
0400
0400
0400
07F0
0000
0000
0000
0000
0000
ENDCHAR
STARTCHAR u2515
ENCODING 9493
SWIDTH 1000 0
DWIDTH 12 0
BBX 12 12 0 -1
BITMAP
0400
0400
0400
0400
0400
07F0
07F0
07F0
0000
0000
0000
0000
ENDCHAR
STARTCHAR u2516
ENCODING 9494
SWIDTH 1000 0
DWIDTH 12 0
BBX 12 12 0 -1
BITMAP
0E00
0E00
0E00
0E00
0E00
0E00
0FF0
0000
0000
0000
0000
0000
ENDCHAR
STARTCHAR u2517
ENCODING 9495
SWIDTH 1000 0
DWIDTH 12 0
BBX 12 12 0 -1
BITMAP
0E00
0E00
0E00
0E00
0E00
0FF0
0FF0
0FF0
0000
0000
0000
0000
ENDCHAR
STARTCHAR u2518
ENCODING 9496
SWIDTH 1000 0
DWIDTH 12 0
BBX 12 12 0 -1
BITMAP
0400
0400
0400
0400
0400
0400
FC00
0000
0000
0000
0000
0000
ENDCHAR
STARTCHAR u2519
ENCODING 9497
SWIDTH 1000 0
DWIDTH 12 0
BBX 12 12 0 -1
BITMAP
0400
0400
0400
0400
0400
FC00
FC00
FC00
0000
0000
0000
0000
ENDCHAR
STARTCHAR u251A
ENCODING 9498
SWIDTH 1000 0
DWIDTH 12 0
BBX 12 12 0 -1
BITMAP
0E00
0E00
0E00
0E00
0E00
0E00
FE00
0000
0000
0000
0000
0000
ENDCHAR
STARTCHAR u251B
ENCODING 9499
SWIDTH 1000 0
DWIDTH 12 0
BBX 12 12 0 -1
BITMAP
0E00
0E00
0E00
0E00
0E00
FE00
FE00
FE00
0000
0000
0000
0000
ENDCHAR
STARTCHAR u251C
ENCODING 9500
SWIDTH 1000 0
DWIDTH 12 0
BBX 12 12 0 -1
BITMAP
0400
0400
0400
0400
0400
0400
07F0
0400
0400
0400
0400
0400
ENDCHAR
STARTCHAR u251D
ENCODING 9501
SWIDTH 1000 0
DWIDTH 12 0
BBX 12 12 0 -1
BITMAP
0400
0400
0400
0400
0400
07F0
07F0
07F0
0400
0400
0400
0400
ENDCHAR
STARTCHAR u251E
ENCODING 9502
SWIDTH 1000 0
DWIDTH 12 0
BBX 12 12 0 -1
BITMAP
0E00
0E00
0E00
0E00
0E00
0E00
0FF0
0400
0400
0400
0400
0400
ENDCHAR
STARTCHAR u251F
ENCODING 9503
SWIDTH 1000 0
DWIDTH 12 0
BBX 12 12 0 -1
BITMAP
0400
0400
0400
0400
0400
0400
0FF0
0E00
0E00
0E00
0E00
0E00
ENDCHAR
STARTCHAR u2520
ENCODING 9504
SWIDTH 1000 0
DWIDTH 12 0
BBX 12 12 0 -1
BITMAP
0E00
0E00
0E00
0E00
0E00
0E00
0FF0
0E00
0E00
0E00
0E00
0E00
ENDCHAR
STARTCHAR u2521
ENCODING 9505
SWIDTH 1000 0
DWIDTH 12 0
BBX 12 12 0 -1
BITMAP
0E00
0E00
0E00
0E00
0E00
0FF0
0FF0
0FF0
0400
0400
0400
0400
ENDCHAR
STARTCHAR u2522
ENCODING 9506
SWIDTH 1000 0
DWIDTH 12 0
BBX 12 12 0 -1
BITMAP
0400
0400
0400
0400
0400
0FF0
0FF0
0FF0
0E00
0E00
0E00
0E00
ENDCHAR
STARTCHAR u2523
ENCODING 9507
SWIDTH 1000 0
DWIDTH 12 0
BBX 12 12 0 -1
BITMAP
0E00
0E00
0E00
0E00
0E00
0FF0
0FF0
0FF0
0E00
0E00
0E00
0E00
ENDCHAR
STARTCHAR u2524
ENCODING 9508
SWIDTH 1000 0
DWIDTH 12 0
BBX 12 12 0 -1
BITMAP
0400
0400
0400
0400
0400
0400
FC00
0400
0400
0400
0400
0400
ENDCHAR
STARTCHAR u2525
ENCODING 9509
SWIDTH 1000 0
DWIDTH 12 0
BBX 12 12 0 -1
BITMAP
0400
0400
0400
0400
0400
FC00
FC00
FC00
0400
0400
0400
0400
ENDCHAR
STARTCHAR u2526
ENCODING 9510
SWIDTH 1000 0
DWIDTH 12 0
BBX 12 12 0 -1
BITMAP
0E00
0E00
0E00
0E00
0E00
0E00
FE00
0400
0400
0400
0400
0400
ENDCHAR
STARTCHAR u2527
ENCODING 9511
SWIDTH 1000 0
DWIDTH 12 0
BBX 12 12 0 -1
BITMAP
0400
0400
0400
0400
0400
0400
FE00
0E00
0E00
0E00
0E00
0E00
ENDCHAR
STARTCHAR u2528
ENCODING 9512
SWIDTH 1000 0
DWIDTH 12 0
BBX 12 12 0 -1
BITMAP
0E00
0E00
0E00
0E00
0E00
0E00
FE00
0E00
0E00
0E00
0E00
0E00
ENDCHAR
STARTCHAR u2529
ENCODING 9513
SWIDTH 1000 0
DWIDTH 12 0
BBX 12 12 0 -1
BITMAP
0E00
0E00
0E00
0E00
0E00
FE00
FE00
FE00
0400
0400
0400
0400
ENDCHAR
STARTCHAR u252A
ENCODING 9514
SWIDTH 1000 0
DWIDTH 12 0
BBX 12 12 0 -1
BITMAP
0400
0400
0400
0400
0400
FE00
FE00
FE00
0E00
0E00
0E00
0E00
ENDCHAR
STARTCHAR u252B
ENCODING 9515
SWIDTH 1000 0
DWIDTH 12 0
BBX 12 12 0 -1
BITMAP
0E00
0E00
0E00
0E00
0E00
FE00
FE00
FE00
0E00
0E00
0E00
0E00
ENDCHAR
STARTCHAR u252C
ENCODING 9516
SWIDTH 1000 0
DWIDTH 12 0
BBX 12 12 0 -1
BITMAP
0000
0000
0000
0000
0000
0000
FFF0
0400
0400
0400
0400
0400
ENDCHAR
STARTCHAR u252D
ENCODING 9517
SWIDTH 1000 0
DWIDTH 12 0
BBX 12 12 0 -1
BITMAP
0000
0000
0000
0000
0000
FC00
FFF0
FC00
0400
0400
0400
0400
ENDCHAR
STARTCHAR u252E
ENCODING 9518
SWIDTH 1000 0
DWIDTH 12 0
BBX 12 12 0 -1
BITMAP
0000
0000
0000
0000
0000
07F0
FFF0
07F0
0400
0400
0400
0400
ENDCHAR
STARTCHAR u252F
ENCODING 9519
SWIDTH 1000 0
DWIDTH 12 0
BBX 12 12 0 -1
BITMAP
0000
0000
0000
0000
0000
FFF0
FFF0
FFF0
0400
0400
0400
0400
ENDCHAR
STARTCHAR u2530
ENCODING 9520
SWIDTH 1000 0
DWIDTH 12 0
BBX 12 12 0 -1
BITMAP
0000
0000
0000
0000
0000
0000
FFF0
0E00
0E00
0E00
0E00
0E00
ENDCHAR
STARTCHAR u2531
ENCODING 9521
SWIDTH 1000 0
DWIDTH 12 0
BBX 12 12 0 -1
BITMAP
0000
0000
0000
0000
0000
FE00
FFF0
FE00
0E00
0E00
0E00
0E00
ENDCHAR
STARTCHAR u2532
ENCODING 9522
SWIDTH 1000 0
DWIDTH 12 0
BBX 12 12 0 -1
BITMAP
0000
0000
0000
0000
0000
0FF0
FFF0
0E00
0E00
0E00
0E00
0E00
ENDCHAR
STARTCHAR u2533
ENCODING 9523
SWIDTH 1000 0
DWIDTH 12 0
BBX 12 12 0 -1
BITMAP
0000
0000
0000
0000
0000
FFF0
FFF0
FFF0
0E00
0E00
0E00
0E00
ENDCHAR
STARTCHAR u2534
ENCODING 9524
SWIDTH 1000 0
DWIDTH 12 0
BBX 12 12 0 -1
BITMAP
0400
0400
0400
0400
0400
0400
FFF0
0000
0000
0000
0000
0000
ENDCHAR
STARTCHAR u2535
ENCODING 9525
SWIDTH 1000 0
DWIDTH 12 0
BBX 12 12 0 -1
BITMAP
0400
0400
0400
0400
0400
FC00
FFF0
FC00
0000
0000
0000
0000
ENDCHAR
STARTCHAR u2536
ENCODING 9526
SWIDTH 1000 0
DWIDTH 12 0
BBX 12 12 0 -1
BITMAP
0400
0400
0400
0400
0400
07F0
FFF0
07F0
0000
0000
0000
0000
ENDCHAR
STARTCHAR u2537
ENCODING 9527
SWIDTH 1000 0
DWIDTH 12 0
BBX 12 12 0 -1
BITMAP
0400
0400
0400
0400
0400
FFF0
FFF0
FFF0
0000
0000
0000
0000
ENDCHAR
STARTCHAR u2538
ENCODING 9528
SWIDTH 1000 0
DWIDTH 12 0
BBX 12 12 0 -1
BITMAP
0E00
0E00
0E00
0E00
0E00
0E00
FFF0
0000
0000
0000
0000
0000
ENDCHAR
STARTCHAR u2539
ENCODING 9529
SWIDTH 1000 0
DWIDTH 12 0
BBX 12 12 0 -1
BITMAP
0E00
0E00
0E00
0E00
0E00
FE00
FFF0
FE00
0000
0000
0000
0000
ENDCHAR
STARTCHAR u253A
ENCODING 9530
SWIDTH 1000 0
DWIDTH 12 0
BBX 12 12 0 -1
BITMAP
0E00
0E00
0E00
0E00
0E00
0FF0
FFF0
0FF0
0000
0000
0000
0000
ENDCHAR
STARTCHAR u253B
ENCODING 9531
SWIDTH 1000 0
DWIDTH 12 0
BBX 12 12 0 -1
BITMAP
0E00
0E00
0E00
0E00
0E00
FFF0
FFF0
FFF0
0000
0000
0000
0000
ENDCHAR
STARTCHAR u253C
ENCODING 9532
SWIDTH 1000 0
DWIDTH 12 0
BBX 12 12 0 -1
BITMAP
0400
0400
0400
0400
0400
0400
FFF0
0400
0400
0400
0400
0400
ENDCHAR
STARTCHAR u253D
ENCODING 9533
SWIDTH 1000 0
DWIDTH 12 0
BBX 12 12 0 -1
BITMAP
0400
0400
0400
0400
0400
FC00
FFF0
FC00
0400
0400
0400
0400
ENDCHAR
STARTCHAR u253E
ENCODING 9534
SWIDTH 1000 0
DWIDTH 12 0
BBX 12 12 0 -1
BITMAP
0400
0400
0400
0400
0400
07F0
FFF0
07F0
0400
0400
0400
0400
ENDCHAR
STARTCHAR u253F
ENCODING 9535
SWIDTH 1000 0
DWIDTH 12 0
BBX 12 12 0 -1
BITMAP
0400
0400
0400
0400
0400
FFF0
FFF0
FFF0
0400
0400
0400
0400
ENDCHAR
STARTCHAR u2540
ENCODING 9536
SWIDTH 1000 0
DWIDTH 12 0
BBX 12 12 0 -1
BITMAP
0E00
0E00
0E00
0E00
0E00
0E00
FFF0
0400
0400
0400
0400
0400
ENDCHAR
STARTCHAR u2541
ENCODING 9537
SWIDTH 1000 0
DWIDTH 12 0
BBX 12 12 0 -1
BITMAP
0400
0400
0400
0400
0400
0400
FFF0
0E00
0E00
0E00
0E00
0E00
ENDCHAR
STARTCHAR u2542
ENCODING 9538
SWIDTH 1000 0
DWIDTH 12 0
BBX 12 12 0 -1
BITMAP
0E00
0E00
0E00
0E00
0E00
0E00
FFF0
0E00
0E00
0E00
0E00
0E00
ENDCHAR
STARTCHAR u2543
ENCODING 9539
SWIDTH 1000 0
DWIDTH 12 0
BBX 12 12 0 -1
BITMAP
0E00
0E00
0E00
0E00
0E00
FE00
FFF0
FE00
0400
0400
0400
0400
ENDCHAR
STARTCHAR u2544
ENCODING 9540
SWIDTH 1000 0
DWIDTH 12 0
BBX 12 12 0 -1
BITMAP
0E00
0E00
0E00
0E00
0E00
0FF0
FFF0
0FF0
0400
0400
0400
0400
ENDCHAR
STARTCHAR u2545
ENCODING 9541
SWIDTH 1000 0
DWIDTH 12 0
BBX 12 12 0 -1
BITMAP
0400
0400
0400
0400
0400
FE00
FFF0
FE00
0E00
0E00
0E00
0E00
ENDCHAR
STARTCHAR u2546
ENCODING 9542
SWIDTH 1000 0
DWIDTH 12 0
BBX 12 12 0 -1
BITMAP
0400
0400
0400
0400
0400
0FF0
FFF0
0FF0
0E00
0E00
0E00
0E00
ENDCHAR
STARTCHAR u2547
ENCODING 9543
SWIDTH 1000 0
DWIDTH 12 0
BBX 12 12 0 -1
BITMAP
0E00
0E00
0E00
0E00
0E00
FFF0
FFF0
FFF0
0400
0400
0400
0400
ENDCHAR
STARTCHAR u2548
ENCODING 9544
SWIDTH 1000 0
DWIDTH 12 0
BBX 12 12 0 -1
BITMAP
0400
0400
0400
0400
0400
FFF0
FFF0
FFF0
0E00
0E00
0E00
0E00
ENDCHAR
STARTCHAR u2549
ENCODING 9545
SWIDTH 1000 0
DWIDTH 12 0
BBX 12 12 0 -1
BITMAP
0E00
0E00
0E00
0E00
0E00
FE00
FFF0
FE00
0E00
0E00
0E00
0E00
ENDCHAR
STARTCHAR u254A
ENCODING 9546
SWIDTH 1000 0
DWIDTH 12 0
BBX 12 12 0 -1
BITMAP
0E00
0E00
0E00
0E00
0E00
0FF0
FFF0
0FF0
0E00
0E00
0E00
0E00
ENDCHAR
STARTCHAR u254B
ENCODING 9547
SWIDTH 1000 0
DWIDTH 12 0
BBX 12 12 0 -1
BITMAP
0E00
0E00
0E00
0E00
0E00
FFF0
FFF0
FFF0
0E00
0E00
0E00
0E00
ENDCHAR
STARTCHAR u254C
ENCODING 9548
SWIDTH 1000 0
DWIDTH 12 0
BBX 12 12 0 -1
BITMAP
0000
0000
0000
0000
0000
0000
79E0
0000
0000
0000
0000
0000
ENDCHAR
STARTCHAR u254D
ENCODING 9549
SWIDTH 1000 0
DWIDTH 12 0
BBX 12 12 0 -1
BITMAP
0000
0000
0000
0000
0000
79E0
79E0
79E0
0000
0000
0000
0000
ENDCHAR
STARTCHAR u254E
ENCODING 9550
SWIDTH 1000 0
DWIDTH 12 0
BBX 12 12 0 -1
BITMAP
0000
0400
0400
0400
0400
0000
0000
0400
0400
0400
0400
0000
ENDCHAR
STARTCHAR u254F
ENCODING 9551
SWIDTH 1000 0
DWIDTH 12 0
BBX 12 12 0 -1
BITMAP
0000
0E00
0E00
0E00
0E00
0000
0000
0E00
0E00
0E00
0E00
0000
ENDCHAR
STARTCHAR u2550
ENCODING 9552
SWIDTH 1000 0
DWIDTH 12 0
BBX 12 12 0 -1
BITMAP
0000
0000
0000
0000
0000
FFF0
0000
FFF0
0000
0000
0000
0000
ENDCHAR
STARTCHAR u2551
ENCODING 9553
SWIDTH 1000 0
DWIDTH 12 0
BBX 12 12 0 -1
BITMAP
0A00
0A00
0A00
0A00
0A00
0A00
0A00
0A00
0A00
0A00
0A00
0A00
ENDCHAR
STARTCHAR u2552
ENCODING 9554
SWIDTH 1000 0
DWIDTH 12 0
BBX 12 12 0 -1
BITMAP
0000
0000
0000
0000
0000
07F0
0400
07F0
0400
0400
0400
0400
ENDCHAR
STARTCHAR u2553
ENCODING 9555
SWIDTH 1000 0
DWIDTH 12 0
BBX 12 12 0 -1
BITMAP
0000
0000
0000
0000
0000
0000
0FF0
0A00
0A00
0A00
0A00
0A00
ENDCHAR
STARTCHAR u2554
ENCODING 9556
SWIDTH 1000 0
DWIDTH 12 0
BBX 12 12 0 -1
BITMAP
0000
0000
0000
0000
0000
0FF0
0800
0BF0
0A00
0A00
0A00
0A00
ENDCHAR
STARTCHAR u2555
ENCODING 9557
SWIDTH 1000 0
DWIDTH 12 0
BBX 12 12 0 -1
BITMAP
0000
0000
0000
0000
0000
FC00
0400
FC00
0400
0400
0400
0400
ENDCHAR
STARTCHAR u2556
ENCODING 9558
SWIDTH 1000 0
DWIDTH 12 0
BBX 12 12 0 -1
BITMAP
0000
0000
0000
0000
0000
0000
FE00
0A00
0A00
0A00
0A00
0A00
ENDCHAR
STARTCHAR u2557
ENCODING 9559
SWIDTH 1000 0
DWIDTH 12 0
BBX 12 12 0 -1
BITMAP
0000
0000
0000
0000
0000
FE00
0200
FA00
0A00
0A00
0A00
0A00
ENDCHAR
STARTCHAR u2558
ENCODING 9560
SWIDTH 1000 0
DWIDTH 12 0
BBX 12 12 0 -1
BITMAP
0400
0400
0400
0400
0400
07F0
0400
07F0
0000
0000
0000
0000
ENDCHAR
STARTCHAR u2559
ENCODING 9561
SWIDTH 1000 0
DWIDTH 12 0
BBX 12 12 0 -1
BITMAP
0A00
0A00
0A00
0A00
0A00
0A00
0FF0
0000
0000
0000
0000
0000
ENDCHAR
STARTCHAR u255A
ENCODING 9562
SWIDTH 1000 0
DWIDTH 12 0
BBX 12 12 0 -1
BITMAP
0A00
0A00
0A00
0A00
0A00
0BF0
0800
0FF0
0000
0000
0000
0000
ENDCHAR
STARTCHAR u255B
ENCODING 9563
SWIDTH 1000 0
DWIDTH 12 0
BBX 12 12 0 -1
BITMAP
0400
0400
0400
0400
0400
FC00
0400
FC00
0000
0000
0000
0000
ENDCHAR
STARTCHAR u255C
ENCODING 9564
SWIDTH 1000 0
DWIDTH 12 0
BBX 12 12 0 -1
BITMAP
0A00
0A00
0A00
0A00
0A00
0A00
FE00
0000
0000
0000
0000
0000
ENDCHAR
STARTCHAR u255D
ENCODING 9565
SWIDTH 1000 0
DWIDTH 12 0
BBX 12 12 0 -1
BITMAP
0A00
0A00
0A00
0A00
0A00
FA00
0200
FE00
0000
0000
0000
0000
ENDCHAR
STARTCHAR u255E
ENCODING 9566
SWIDTH 1000 0
DWIDTH 12 0
BBX 12 12 0 -1
BITMAP
0400
0400
0400
0400
0400
07F0
0400
07F0
0400
0400
0400
0400
ENDCHAR
STARTCHAR u255F
ENCODING 9567
SWIDTH 1000 0
DWIDTH 12 0
BBX 12 12 0 -1
BITMAP
0A00
0A00
0A00
0A00
0A00
0A00
0BF0
0A00
0A00
0A00
0A00
0A00
ENDCHAR
STARTCHAR u2560
ENCODING 9568
SWIDTH 1000 0
DWIDTH 12 0
BBX 12 12 0 -1
BITMAP
0A00
0A00
0A00
0A00
0A00
0BF0
0800
0BF0
0A00
0A00
0A00
0A00
ENDCHAR
STARTCHAR u2561
ENCODING 9569
SWIDTH 1000 0
DWIDTH 12 0
BBX 12 12 0 -1
BITMAP
0400
0400
0400
0400
0400
FC00
0400
FC00
0400
0400
0400
0400
ENDCHAR
STARTCHAR u2562
ENCODING 9570
SWIDTH 1000 0
DWIDTH 12 0
BBX 12 12 0 -1
BITMAP
0A00
0A00
0A00
0A00
0A00
0A00
FA00
0A00
0A00
0A00
0A00
0A00
ENDCHAR
STARTCHAR u2563
ENCODING 9571
SWIDTH 1000 0
DWIDTH 12 0
BBX 12 12 0 -1
BITMAP
0A00
0A00
0A00
0A00
0A00
FA00
0200
FA00
0A00
0A00
0A00
0A00
ENDCHAR
STARTCHAR u2564
ENCODING 9572
SWIDTH 1000 0
DWIDTH 12 0
BBX 12 12 0 -1
BITMAP
0000
0000
0000
0000
0000
FFF0
0000
FFF0
0400
0400
0400
0400
ENDCHAR
STARTCHAR u2565
ENCODING 9573
SWIDTH 1000 0
DWIDTH 12 0
BBX 12 12 0 -1
BITMAP
0000
0000
0000
0000
0000
0000
FFF0
0A00
0A00
0A00
0A00
0A00
ENDCHAR
STARTCHAR u2566
ENCODING 9574
SWIDTH 1000 0
DWIDTH 12 0
BBX 12 12 0 -1
BITMAP
0000
0000
0000
0000
0000
FFF0
0000
FBF0
0A00
0A00
0A00
0A00
ENDCHAR
STARTCHAR u2567
ENCODING 9575
SWIDTH 1000 0
DWIDTH 12 0
BBX 12 12 0 -1
BITMAP
0400
0400
0400
0400
0400
FFF0
0000
FFF0
0000
0000
0000
0000
ENDCHAR
STARTCHAR u2568
ENCODING 9576
SWIDTH 1000 0
DWIDTH 12 0
BBX 12 12 0 -1
BITMAP
0A00
0A00
0A00
0A00
0A00
0A00
FFF0
0000
0000
0000
0000
0000
ENDCHAR
STARTCHAR u2569
ENCODING 9577
SWIDTH 1000 0
DWIDTH 12 0
BBX 12 12 0 -1
BITMAP
0A00
0A00
0A00
0A00
0A00
FBF0
0000
FFF0
0000
0000
0000
0000
ENDCHAR
STARTCHAR u256A
ENCODING 9578
SWIDTH 1000 0
DWIDTH 12 0
BBX 12 12 0 -1
BITMAP
0400
0400
0400
0400
0400
FFF0
0400
FFF0
0400
0400
0400
0400
ENDCHAR
STARTCHAR u256B
ENCODING 9579
SWIDTH 1000 0
DWIDTH 12 0
BBX 12 12 0 -1
BITMAP
0A00
0A00
0A00
0A00
0A00
0A00
FFF0
0A00
0A00
0A00
0A00
0A00
ENDCHAR
STARTCHAR u256C
ENCODING 9580
SWIDTH 1000 0
DWIDTH 12 0
BBX 12 12 0 -1
BITMAP
0A00
0A00
0A00
0A00
0A00
FBF0
0000
FBF0
0A00
0A00
0A00
0A00
ENDCHAR
STARTCHAR u256D
ENCODING 9581
SWIDTH 1000 0
DWIDTH 12 0
BBX 12 12 0 -1
BITMAP
0000
0000
0000
0000
0000
0000
0030
00C0
0100
0200
0200
0400
ENDCHAR
STARTCHAR u256E
ENCODING 9582
SWIDTH 1000 0
DWIDTH 12 0
BBX 12 12 0 -1
BITMAP
0000
0000
0000
0000
0000
0000
8000
6000
1000
0800
0800
0400
ENDCHAR
STARTCHAR u256F
ENCODING 9583
SWIDTH 1000 0
DWIDTH 12 0
BBX 12 12 0 -1
BITMAP
0400
0400
0800
0800
1000
6000
8000
0000
0000
0000
0000
0000
ENDCHAR
STARTCHAR u2570
ENCODING 9584
SWIDTH 1000 0
DWIDTH 12 0
BBX 12 12 0 -1
BITMAP
0400
0400
0200
0200
0100
00C0
0030
0000
0000
0000
0000
0000
ENDCHAR
STARTCHAR u2571
ENCODING 9585
SWIDTH 1000 0
DWIDTH 12 0
BBX 12 12 0 -1
BITMAP
0010
0020
0040
0080
0100
0200
0400
0800
1000
2000
4000
8000
ENDCHAR
STARTCHAR u2572
ENCODING 9586
SWIDTH 1000 0
DWIDTH 12 0
BBX 12 12 0 -1
BITMAP
8000
4000
2000
1000
0800
0400
0200
0100
0080
0040
0020
0010
ENDCHAR
STARTCHAR u2573
ENCODING 9587
SWIDTH 1000 0
DWIDTH 12 0
BBX 12 12 0 -1
BITMAP
8010
4020
2040
1080
0900
0600
0600
0900
1080
2040
4020
8010
ENDCHAR
STARTCHAR u2574
ENCODING 9588
SWIDTH 1000 0
DWIDTH 12 0
BBX 12 12 0 -1
BITMAP
0000
0000
0000
0000
0000
0000
FC00
0000
0000
0000
0000
0000
ENDCHAR
STARTCHAR u2575
ENCODING 9589
SWIDTH 1000 0
DWIDTH 12 0
BBX 12 12 0 -1
BITMAP
0400
0400
0400
0400
0400
0400
0400
0000
0000
0000
0000
0000
ENDCHAR
STARTCHAR u2576
ENCODING 9590
SWIDTH 1000 0
DWIDTH 12 0
BBX 12 12 0 -1
BITMAP
0000
0000
0000
0000
0000
0000
07F0
0000
0000
0000
0000
0000
ENDCHAR
STARTCHAR u2577
ENCODING 9591
SWIDTH 1000 0
DWIDTH 12 0
BBX 12 12 0 -1
BITMAP
0000
0000
0000
0000
0000
0000
0400
0400
0400
0400
0400
0400
ENDCHAR
STARTCHAR u2578
ENCODING 9592
SWIDTH 1000 0
DWIDTH 12 0
BBX 12 12 0 -1
BITMAP
0000
0000
0000
0000
0000
FC00
FC00
FC00
0000
0000
0000
0000
ENDCHAR
STARTCHAR u2579
ENCODING 9593
SWIDTH 1000 0
DWIDTH 12 0
BBX 12 12 0 -1
BITMAP
0E00
0E00
0E00
0E00
0E00
0E00
0E00
0000
0000
0000
0000
0000
ENDCHAR
STARTCHAR u257A
ENCODING 9594
SWIDTH 1000 0
DWIDTH 12 0
BBX 12 12 0 -1
BITMAP
0000
0000
0000
0000
0000
07F0
07F0
07F0
0000
0000
0000
0000
ENDCHAR
STARTCHAR u257B
ENCODING 9595
SWIDTH 1000 0
DWIDTH 12 0
BBX 12 12 0 -1
BITMAP
0000
0000
0000
0000
0000
0000
0E00
0E00
0E00
0E00
0E00
0E00
ENDCHAR
STARTCHAR u257C
ENCODING 9596
SWIDTH 1000 0
DWIDTH 12 0
BBX 12 12 0 -1
BITMAP
0000
0000
0000
0000
0000
07F0
FFF0
07F0
0000
0000
0000
0000
ENDCHAR
STARTCHAR u257D
ENCODING 9597
SWIDTH 1000 0
DWIDTH 12 0
BBX 12 12 0 -1
BITMAP
0400
0400
0400
0400
0400
0400
0E00
0E00
0E00
0E00
0E00
0E00
ENDCHAR
STARTCHAR u257E
ENCODING 9598
SWIDTH 1000 0
DWIDTH 12 0
BBX 12 12 0 -1
BITMAP
0000
0000
0000
0000
0000
FC00
FFF0
FC00
0000
0000
0000
0000
ENDCHAR
STARTCHAR u257F
ENCODING 9599
SWIDTH 1000 0
DWIDTH 12 0
BBX 12 12 0 -1
BITMAP
0E00
0E00
0E00
0E00
0E00
0E00
0E00
0400
0400
0400
0400
0400
ENDCHAR
STARTCHAR u2580
ENCODING 9600
SWIDTH 1000 0
DWIDTH 12 0
BBX 12 12 0 -1
BITMAP
FFF0
FFF0
FFF0
FFF0
FFF0
FFF0
0000
0000
0000
0000
0000
0000
ENDCHAR
STARTCHAR u2581
ENCODING 9601
SWIDTH 1000 0
DWIDTH 12 0
BBX 12 12 0 -1
BITMAP
0000
0000
0000
0000
0000
0000
0000
0000
0000
0000
FFF0
FFF0
ENDCHAR
STARTCHAR u2582
ENCODING 9602
SWIDTH 1000 0
DWIDTH 12 0
BBX 12 12 0 -1
BITMAP
0000
0000
0000
0000
0000
0000
0000
0000
0000
FFF0
FFF0
FFF0
ENDCHAR
STARTCHAR u2583
ENCODING 9603
SWIDTH 1000 0
DWIDTH 12 0
BBX 12 12 0 -1
BITMAP
0000
0000
0000
0000
0000
0000
0000
FFF0
FFF0
FFF0
FFF0
FFF0
ENDCHAR
STARTCHAR u2584
ENCODING 9604
SWIDTH 1000 0
DWIDTH 12 0
BBX 12 12 0 -1
BITMAP
0000
0000
0000
0000
0000
0000
FFF0
FFF0
FFF0
FFF0
FFF0
FFF0
ENDCHAR
STARTCHAR u2585
ENCODING 9605
SWIDTH 1000 0
DWIDTH 12 0
BBX 12 12 0 -1
BITMAP
0000
0000
0000
0000
0000
FFF0
FFF0
FFF0
FFF0
FFF0
FFF0
FFF0
ENDCHAR
STARTCHAR u2586
ENCODING 9606
SWIDTH 1000 0
DWIDTH 12 0
BBX 12 12 0 -1
BITMAP
0000
0000
0000
FFF0
FFF0
FFF0
FFF0
FFF0
FFF0
FFF0
FFF0
FFF0
ENDCHAR
STARTCHAR u2587
ENCODING 9607
SWIDTH 1000 0
DWIDTH 12 0
BBX 12 12 0 -1
BITMAP
0000
0000
FFF0
FFF0
FFF0
FFF0
FFF0
FFF0
FFF0
FFF0
FFF0
FFF0
ENDCHAR
STARTCHAR u2588
ENCODING 9608
SWIDTH 1000 0
DWIDTH 12 0
BBX 12 12 0 -1
BITMAP
FFF0
FFF0
FFF0
FFF0
FFF0
FFF0
FFF0
FFF0
FFF0
FFF0
FFF0
FFF0
ENDCHAR
STARTCHAR u2589
ENCODING 9609
SWIDTH 1000 0
DWIDTH 12 0
BBX 12 12 0 -1
BITMAP
FFC0
FFC0
FFC0
FFC0
FFC0
FFC0
FFC0
FFC0
FFC0
FFC0
FFC0
FFC0
ENDCHAR
STARTCHAR u258A
ENCODING 9610
SWIDTH 1000 0
DWIDTH 12 0
BBX 12 12 0 -1
BITMAP
FF80
FF80
FF80
FF80
FF80
FF80
FF80
FF80
FF80
FF80
FF80
FF80
ENDCHAR
STARTCHAR u258B
ENCODING 9611
SWIDTH 1000 0
DWIDTH 12 0
BBX 12 12 0 -1
BITMAP
FE00
FE00
FE00
FE00
FE00
FE00
FE00
FE00
FE00
FE00
FE00
FE00
ENDCHAR
STARTCHAR u258C
ENCODING 9612
SWIDTH 1000 0
DWIDTH 12 0
BBX 12 12 0 -1
BITMAP
FC00
FC00
FC00
FC00
FC00
FC00
FC00
FC00
FC00
FC00
FC00
FC00
ENDCHAR
STARTCHAR u258D
ENCODING 9613
SWIDTH 1000 0
DWIDTH 12 0
BBX 12 12 0 -1
BITMAP
F800
F800
F800
F800
F800
F800
F800
F800
F800
F800
F800
F800
ENDCHAR
STARTCHAR u258E
ENCODING 9614
SWIDTH 1000 0
DWIDTH 12 0
BBX 12 12 0 -1
BITMAP
E000
E000
E000
E000
E000
E000
E000
E000
E000
E000
E000
E000
ENDCHAR
STARTCHAR u258F
ENCODING 9615
SWIDTH 1000 0
DWIDTH 12 0
BBX 12 12 0 -1
BITMAP
C000
C000
C000
C000
C000
C000
C000
C000
C000
C000
C000
C000
ENDCHAR
STARTCHAR u2590
ENCODING 9616
SWIDTH 1000 0
DWIDTH 12 0
BBX 12 12 0 -1
BITMAP
03F0
03F0
03F0
03F0
03F0
03F0
03F0
03F0
03F0
03F0
03F0
03F0
ENDCHAR
STARTCHAR u2591
ENCODING 9617
SWIDTH 1000 0
DWIDTH 12 0
BBX 12 12 0 -1
BITMAP
AAA0
0000
AAA0
0000
AAA0
0000
AAA0
0000
AAA0
0000
AAA0
0000
ENDCHAR
STARTCHAR u2592
ENCODING 9618
SWIDTH 1000 0
DWIDTH 12 0
BBX 12 12 0 -1
BITMAP
AAA0
5550
AAA0
5550
AAA0
5550
AAA0
5550
AAA0
5550
AAA0
5550
ENDCHAR
STARTCHAR u2593
ENCODING 9619
SWIDTH 1000 0
DWIDTH 12 0
BBX 12 12 0 -1
BITMAP
FFF0
AAA0
FFF0
AAA0
FFF0
AAA0
FFF0
AAA0
FFF0
AAA0
FFF0
AAA0
ENDCHAR
STARTCHAR u2594
ENCODING 9620
SWIDTH 1000 0
DWIDTH 12 0
BBX 12 12 0 -1
BITMAP
FFF0
FFF0
0000
0000
0000
0000
0000
0000
0000
0000
0000
0000
ENDCHAR
STARTCHAR u2595
ENCODING 9621
SWIDTH 1000 0
DWIDTH 12 0
BBX 12 12 0 -1
BITMAP
0030
0030
0030
0030
0030
0030
0030
0030
0030
0030
0030
0030
ENDCHAR
STARTCHAR u2596
ENCODING 9622
SWIDTH 1000 0
DWIDTH 12 0
BBX 12 12 0 -1
BITMAP
0000
0000
0000
0000
0000
0000
FC00
FC00
FC00
FC00
FC00
FC00
ENDCHAR
STARTCHAR u2597
ENCODING 9623
SWIDTH 1000 0
DWIDTH 12 0
BBX 12 12 0 -1
BITMAP
0000
0000
0000
0000
0000
0000
03F0
03F0
03F0
03F0
03F0
03F0
ENDCHAR
STARTCHAR u2598
ENCODING 9624
SWIDTH 1000 0
DWIDTH 12 0
BBX 12 12 0 -1
BITMAP
FC00
FC00
FC00
FC00
FC00
FC00
0000
0000
0000
0000
0000
0000
ENDCHAR
STARTCHAR u2599
ENCODING 9625
SWIDTH 1000 0
DWIDTH 12 0
BBX 12 12 0 -1
BITMAP
FC00
FC00
FC00
FC00
FC00
FC00
FFF0
FFF0
FFF0
FFF0
FFF0
FFF0
ENDCHAR
STARTCHAR u259A
ENCODING 9626
SWIDTH 1000 0
DWIDTH 12 0
BBX 12 12 0 -1
BITMAP
FC00
FC00
FC00
FC00
FC00
FC00
03F0
03F0
03F0
03F0
03F0
03F0
ENDCHAR
STARTCHAR u259B
ENCODING 9627
SWIDTH 1000 0
DWIDTH 12 0
BBX 12 12 0 -1
BITMAP
FFF0
FFF0
FFF0
FFF0
FFF0
FFF0
FC00
FC00
FC00
FC00
FC00
FC00
ENDCHAR
STARTCHAR u259C
ENCODING 9628
SWIDTH 1000 0
DWIDTH 12 0
BBX 12 12 0 -1
BITMAP
FFF0
FFF0
FFF0
FFF0
FFF0
FFF0
03F0
03F0
03F0
03F0
03F0
03F0
ENDCHAR
STARTCHAR u259D
ENCODING 9629
SWIDTH 1000 0
DWIDTH 12 0
BBX 12 12 0 -1
BITMAP
03F0
03F0
03F0
03F0
03F0
03F0
0000
0000
0000
0000
0000
0000
ENDCHAR
STARTCHAR u259E
ENCODING 9630
SWIDTH 1000 0
DWIDTH 12 0
BBX 12 12 0 -1
BITMAP
03F0
03F0
03F0
03F0
03F0
03F0
FC00
FC00
FC00
FC00
FC00
FC00
ENDCHAR
STARTCHAR u259F
ENCODING 9631
SWIDTH 1000 0
DWIDTH 12 0
BBX 12 12 0 -1
BITMAP
03F0
03F0
03F0
03F0
03F0
03F0
FFF0
FFF0
FFF0
FFF0
FFF0
FFF0
ENDCHAR
STARTCHAR u25A0
ENCODING 9632
SWIDTH 1000 0
DWIDTH 12 0
BBX 12 12 0 -1
BITMAP
0000
FFE0
FFE0
FFE0
FFE0
FFE0
FFE0
FFE0
FFE0
FFE0
FFE0
FFE0
ENDCHAR
STARTCHAR u25A1
ENCODING 9633
SWIDTH 1000 0
DWIDTH 12 0
BBX 12 12 0 -1
BITMAP
0000
FFE0
8020
8020
8020
8020
8020
8020
8020
8020
8020
FFE0
ENDCHAR
STARTCHAR u25A2
ENCODING 9634
SWIDTH 1000 0
DWIDTH 12 0
BBX 12 12 0 -1
BITMAP
0000
3F80
4040
8020
8020
8020
8020
8020
8020
8020
4040
3F80
ENDCHAR
STARTCHAR u25A3
ENCODING 9635
SWIDTH 1000 0
DWIDTH 12 0
BBX 12 12 0 -1
BITMAP
0000
FFE0
8020
8020
9F20
9F20
9F20
9F20
9F20
8020
8020
FFE0
ENDCHAR
STARTCHAR u25A4
ENCODING 9636
SWIDTH 1000 0
DWIDTH 12 0
BBX 12 12 0 -1
BITMAP
0000
FFE0
8020
FFE0
8020
FFE0
8020
FFE0
8020
FFE0
8020
FFE0
ENDCHAR
STARTCHAR u25A5
ENCODING 9637
SWIDTH 1000 0
DWIDTH 12 0
BBX 12 12 0 -1
BITMAP
0000
FFE0
AAA0
AAA0
AAA0
AAA0
AAA0
AAA0
AAA0
AAA0
AAA0
FFE0
ENDCHAR
STARTCHAR u25A6
ENCODING 9638
SWIDTH 1000 0
DWIDTH 12 0
BBX 12 12 0 -1
BITMAP
0000
FFE0
AAA0
FFE0
AAA0
FFE0
AAA0
FFE0
AAA0
FFE0
AAA0
FFE0
ENDCHAR
STARTCHAR u25A7
ENCODING 9639
SWIDTH 1000 0
DWIDTH 12 0
BBX 12 12 0 -1
BITMAP
0000
FFE0
C920
A4A0
9260
C920
A4A0
9260
C920
A4A0
9260
FFE0
ENDCHAR
STARTCHAR u25A8
ENCODING 9640
SWIDTH 1000 0
DWIDTH 12 0
BBX 12 12 0 -1
BITMAP
0000
FFE0
9260
A4A0
C920
9260
A4A0
C920
9260
A4A0
C920
FFE0
ENDCHAR
STARTCHAR u25A9
ENCODING 9641
SWIDTH 1000 0
DWIDTH 12 0
BBX 12 12 0 -1
BITMAP
0000
FFE0
D560
AAA0
D560
AAA0
D560
AAA0
D560
AAA0
D560
FFE0
ENDCHAR
STARTCHAR u25AA
ENCODING 9642
SWIDTH 1000 0
DWIDTH 12 0
BBX 12 12 0 -1
BITMAP
0000
0000
0000
0000
1F00
1F00
1F00
1F00
1F00
0000
0000
0000
ENDCHAR
STARTCHAR u25AB
ENCODING 9643
SWIDTH 1000 0
DWIDTH 12 0
BBX 12 12 0 -1
BITMAP
0000
0000
0000
0000
1F00
1100
1100
1100
1F00
0000
0000
0000
ENDCHAR
STARTCHAR u25AC
ENCODING 9644
SWIDTH 1000 0
DWIDTH 12 0
BBX 12 12 0 -1
BITMAP
0000
0000
0000
FFE0
FFE0
FFE0
FFE0
FFE0
FFE0
FFE0
0000
0000
ENDCHAR
STARTCHAR u25AD
ENCODING 9645
SWIDTH 1000 0
DWIDTH 12 0
BBX 12 12 0 -1
BITMAP
0000
0000
0000
FFE0
8020
8020
8020
8020
8020
FFE0
0000
0000
ENDCHAR
STARTCHAR u25AE
ENCODING 9646
SWIDTH 1000 0
DWIDTH 12 0
BBX 12 12 0 -1
BITMAP
0000
3F80
3F80
3F80
3F80
3F80
3F80
3F80
3F80
3F80
3F80
3F80
ENDCHAR
STARTCHAR u25AF
ENCODING 9647
SWIDTH 1000 0
DWIDTH 12 0
BBX 12 12 0 -1
BITMAP
0000
3F80
2080
2080
2080
2080
2080
2080
2080
2080
2080
3F80
ENDCHAR
STARTCHAR u25B0
ENCODING 9648
SWIDTH 1000 0
DWIDTH 12 0
BBX 12 12 0 -1
BITMAP
0000
0000
0000
1FE0
1FC0
3FC0
3F80
7F80
7F00
FF00
0000
0000
ENDCHAR
STARTCHAR u25B1
ENCODING 9649
SWIDTH 1000 0
DWIDTH 12 0
BBX 12 12 0 -1
BITMAP
0000
0000
0000
1FE0
1040
2040
2080
4080
4100
FF00
0000
0000
ENDCHAR
STARTCHAR u25B2
ENCODING 9650
SWIDTH 1000 0
DWIDTH 12 0
BBX 12 12 0 -1
BITMAP
0000
0000
0400
0E00
0E00
1F00
1F00
3F80
3F80
7FC0
7FC0
0000
ENDCHAR
STARTCHAR u25B3
ENCODING 9651
SWIDTH 1000 0
DWIDTH 12 0
BBX 12 12 0 -1
BITMAP
0000
0000
0400
0A00
0A00
1100
1100
2080
2080
4040
7FC0
0000
ENDCHAR
STARTCHAR u25B4
ENCODING 9652
SWIDTH 1000 0
DWIDTH 12 0
BBX 12 12 0 -1
BITMAP
0000
0000
0000
0000
0400
0E00
0E00
1F00
1F00
0000
0000
0000
ENDCHAR
STARTCHAR u25B5
ENCODING 9653
SWIDTH 1000 0
DWIDTH 12 0
BBX 12 12 0 -1
BITMAP
0000
0000
0000
0000
0400
0A00
0A00
1100
1F00
0000
0000
0000
ENDCHAR
STARTCHAR u25B6
ENCODING 9654
SWIDTH 1000 0
DWIDTH 12 0
BBX 12 12 0 -1
BITMAP
0000
0000
6000
7800
7E00
7F80
7FC0
7F80
7E00
7800
6000
0000
ENDCHAR
STARTCHAR u25B7
ENCODING 9655
SWIDTH 1000 0
DWIDTH 12 0
BBX 12 12 0 -1
BITMAP
0000
0000
6000
5800
4600
4180
4040
4180
4600
5800
6000
0000
ENDCHAR
STARTCHAR u25B8
ENCODING 9656
SWIDTH 1000 0
DWIDTH 12 0
BBX 12 12 0 -1
BITMAP
0000
0000
0000
0000
1800
1E00
1F00
1E00
1800
0000
0000
0000
ENDCHAR
STARTCHAR u25B9
ENCODING 9657
SWIDTH 1000 0
DWIDTH 12 0
BBX 12 12 0 -1
BITMAP
0000
0000
0000
0000
1800
1600
1100
1600
1800
0000
0000
0000
ENDCHAR
STARTCHAR u25BA
ENCODING 9658
SWIDTH 1000 0
DWIDTH 12 0
BBX 12 12 0 -1
BITMAP
0000
0000
0000
0000
7000
7E00
7FC0
7E00
7000
0000
0000
0000
ENDCHAR
STARTCHAR u25BB
ENCODING 9659
SWIDTH 1000 0
DWIDTH 12 0
BBX 12 12 0 -1
BITMAP
0000
0000
0000
0000
7000
4E00
41C0
4E00
7000
0000
0000
0000
ENDCHAR
STARTCHAR u25BC
ENCODING 9660
SWIDTH 1000 0
DWIDTH 12 0
BBX 12 12 0 -1
BITMAP
0000
0000
7FC0
7FC0
3F80
3F80
1F00
1F00
0E00
0E00
0400
0000
ENDCHAR
STARTCHAR u25BD
ENCODING 9661
SWIDTH 1000 0
DWIDTH 12 0
BBX 12 12 0 -1
BITMAP
0000
0000
7FC0
4040
2080
2080
1100
1100
0A00
0A00
0400
0000
ENDCHAR
STARTCHAR u25BE
ENCODING 9662
SWIDTH 1000 0
DWIDTH 12 0
BBX 12 12 0 -1
BITMAP
0000
0000
0000
0000
1F00
1F00
0E00
0E00
0400
0000
0000
0000
ENDCHAR
STARTCHAR u25BF
ENCODING 9663
SWIDTH 1000 0
DWIDTH 12 0
BBX 12 12 0 -1
BITMAP
0000
0000
0000
0000
1F00
1100
0A00
0A00
0400
0000
0000
0000
ENDCHAR
STARTCHAR u25C0
ENCODING 9664
SWIDTH 1000 0
DWIDTH 12 0
BBX 12 12 0 -1
BITMAP
0000
0000
00C0
03C0
0FC0
3FC0
7FC0
3FC0
0FC0
03C0
00C0
0000
ENDCHAR
STARTCHAR u25C1
ENCODING 9665
SWIDTH 1000 0
DWIDTH 12 0
BBX 12 12 0 -1
BITMAP
0000
0000
00C0
0340
0C40
3040
4040
3040
0C40
0340
00C0
0000
ENDCHAR
STARTCHAR u25C2
ENCODING 9666
SWIDTH 1000 0
DWIDTH 12 0
BBX 12 12 0 -1
BITMAP
0000
0000
0000
0000
0300
0F00
1F00
0F00
0300
0000
0000
0000
ENDCHAR
STARTCHAR u25C3
ENCODING 9667
SWIDTH 1000 0
DWIDTH 12 0
BBX 12 12 0 -1
BITMAP
0000
0000
0000
0000
0300
0D00
1100
0D00
0300
0000
0000
0000
ENDCHAR
STARTCHAR u25C4
ENCODING 9668
SWIDTH 1000 0
DWIDTH 12 0
BBX 12 12 0 -1
BITMAP
0000
0000
0000
0000
01C0
0FC0
7FC0
0FC0
01C0
0000
0000
0000
ENDCHAR
STARTCHAR u25C5
ENCODING 9669
SWIDTH 1000 0
DWIDTH 12 0
BBX 12 12 0 -1
BITMAP
0000
0000
0000
0000
01C0
0E40
7040
0E40
01C0
0000
0000
0000
ENDCHAR
STARTCHAR u25C6
ENCODING 9670
SWIDTH 1000 0
DWIDTH 12 0
BBX 12 12 0 -1
BITMAP
0000
0400
0E00
1F00
3F80
7FC0
FFE0
7FC0
3F80
1F00
0E00
0400
ENDCHAR
STARTCHAR u25C7
ENCODING 9671
SWIDTH 1000 0
DWIDTH 12 0
BBX 12 12 0 -1
BITMAP
0000
0400
0A00
1100
2080
4040
8020
4040
2080
1100
0A00
0400
ENDCHAR
STARTCHAR u25C8
ENCODING 9672
SWIDTH 1000 0
DWIDTH 12 0
BBX 12 12 0 -1
BITMAP
0000
0400
0A00
1100
2480
4E40
9F20
4E40
2480
1100
0A00
0400
ENDCHAR
STARTCHAR u25C9
ENCODING 9673
SWIDTH 1000 0
DWIDTH 12 0
BBX 12 12 0 -1
BITMAP
0000
0E00
3180
4040
4E40
9F20
9F20
9F20
4E40
4040
3180
0E00
ENDCHAR
STARTCHAR u25CA
ENCODING 9674
SWIDTH 1000 0
DWIDTH 12 0
BBX 12 12 0 -1
BITMAP
0000
0400
0A00
1100
1100
2080
4040
2080
1100
1100
0A00
0400
ENDCHAR
STARTCHAR u25CB
ENCODING 9675
SWIDTH 1000 0
DWIDTH 12 0
BBX 12 12 0 -1
BITMAP
0000
0E00
3180
4040
4040
8020
8020
8020
4040
4040
3180
0E00
ENDCHAR
STARTCHAR u25CC
ENCODING 9676
SWIDTH 1000 0
DWIDTH 12 0
BBX 12 12 0 -1
BITMAP
0000
0A00
2080
4040
0000
8020
0000
8020
0000
4040
2080
0A00
ENDCHAR
STARTCHAR u25CD
ENCODING 9677
SWIDTH 1000 0
DWIDTH 12 0
BBX 12 12 0 -1
BITMAP
0000
0E00
3580
5540
5540
D560
D560
D560
5540
5540
3580
0E00
ENDCHAR
STARTCHAR u25CE
ENCODING 9678
SWIDTH 1000 0
DWIDTH 12 0
BBX 12 12 0 -1
BITMAP
0000
0E00
3180
4040
4E40
9120
9120
9120
4E40
4040
3180
0E00
ENDCHAR
STARTCHAR u25CF
ENCODING 9679
SWIDTH 1000 0
DWIDTH 12 0
BBX 12 12 0 -1
BITMAP
0000
0E00
3F80
7FC0
7FC0
FFE0
FFE0
FFE0
7FC0
7FC0
3F80
0E00
ENDCHAR
STARTCHAR u25D0
ENCODING 9680
SWIDTH 1000 0
DWIDTH 12 0
BBX 12 12 0 -1
BITMAP
0000
0E00
3D80
7C40
7C40
FC20
FC20
FC20
7C40
7C40
3D80
0E00
ENDCHAR
STARTCHAR u25D1
ENCODING 9681
SWIDTH 1000 0
DWIDTH 12 0
BBX 12 12 0 -1
BITMAP
0000
0E00
3780
47C0
47C0
87E0
87E0
87E0
47C0
47C0
3780
0E00
ENDCHAR
STARTCHAR u25D2
ENCODING 9682
SWIDTH 1000 0
DWIDTH 12 0
BBX 12 12 0 -1
BITMAP
0000
0E00
3180
4040
4040
8020
FFE0
FFE0
7FC0
7FC0
3F80
0E00
ENDCHAR
STARTCHAR u25D3
ENCODING 9683
SWIDTH 1000 0
DWIDTH 12 0
BBX 12 12 0 -1
BITMAP
0000
0E00
3F80
7FC0
7FC0
FFE0
FFE0
8020
4040
4040
3180
0E00
ENDCHAR
STARTCHAR u25D4
ENCODING 9684
SWIDTH 1000 0
DWIDTH 12 0
BBX 12 12 0 -1
BITMAP
0000
0E00
3780
47C0
47C0
87E0
87E0
8020
4040
4040
3180
0E00
ENDCHAR
STARTCHAR u25D5
ENCODING 9685
SWIDTH 1000 0
DWIDTH 12 0
BBX 12 12 0 -1
BITMAP
0000
0E00
3780
47C0
47C0
87E0
FFE0
FFE0
7FC0
7FC0
3F80
0E00
ENDCHAR
STARTCHAR u25D6
ENCODING 9686
SWIDTH 1000 0
DWIDTH 12 0
BBX 12 12 0 -1
BITMAP
0000
0C00
3C00
7C00
7C00
FC00
FC00
FC00
7C00
7C00
3C00
0C00
ENDCHAR
STARTCHAR u25D7
ENCODING 9687
SWIDTH 1000 0
DWIDTH 12 0
BBX 12 12 0 -1
BITMAP
0000
0600
0780
07C0
07C0
07E0
07E0
07E0
07C0
07C0
0780
0600
ENDCHAR
STARTCHAR u25D8
ENCODING 9688
SWIDTH 1000 0
DWIDTH 12 0
BBX 12 12 0 -1
BITMAP
FFF0
FFF0
FFF0
FFF0
F9F0
F0F0
F0F0
F9F0
FFF0
FFF0
FFF0
FFF0
ENDCHAR
STARTCHAR u25D9
ENCODING 9689
SWIDTH 1000 0
DWIDTH 12 0
BBX 12 12 0 -1
BITMAP
FFF0
F0F0
EF70
DFB0
BFD0
BFD0
BFD0
BFD0
DFB0
EF70
F0F0
FFF0
ENDCHAR
STARTCHAR u25DA
ENCODING 9690
SWIDTH 1000 0
DWIDTH 12 0
BBX 12 12 0 -1
BITMAP
FFF0
F0F0
EF70
DFB0
BFD0
BFD0
0000
0000
0000
0000
0000
0000
ENDCHAR
STARTCHAR u25DB
ENCODING 9691
SWIDTH 1000 0
DWIDTH 12 0
BBX 12 12 0 -1
BITMAP
0000
0000
0000
0000
0000
0000
BFD0
BFD0
DFB0
EF70
F0F0
FFF0
ENDCHAR
STARTCHAR u25DC
ENCODING 9692
SWIDTH 1000 0
DWIDTH 12 0
BBX 12 12 0 -1
BITMAP
0000
0C00
3000
4000
4000
8000
8000
0000
0000
0000
0000
0000
ENDCHAR
STARTCHAR u25DD
ENCODING 9693
SWIDTH 1000 0
DWIDTH 12 0
BBX 12 12 0 -1
BITMAP
0000
0600
0180
0040
0040
0020
0020
0000
0000
0000
0000
0000
ENDCHAR
STARTCHAR u25DE
ENCODING 9694
SWIDTH 1000 0
DWIDTH 12 0
BBX 12 12 0 -1
BITMAP
0000
0000
0000
0000
0000
0000
0020
0020
0040
0040
0180
0600
ENDCHAR
STARTCHAR u25DF
ENCODING 9695
SWIDTH 1000 0
DWIDTH 12 0
BBX 12 12 0 -1
BITMAP
0000
0000
0000
0000
0000
0000
8000
8000
4000
4000
3000
0C00
ENDCHAR
STARTCHAR u25E0
ENCODING 9696
SWIDTH 1000 0
DWIDTH 12 0
BBX 12 12 0 -1
BITMAP
0000
0E00
3180
4040
4040
8020
8020
0000
0000
0000
0000
0000
ENDCHAR
STARTCHAR u25E1
ENCODING 9697
SWIDTH 1000 0
DWIDTH 12 0
BBX 12 12 0 -1
BITMAP
0000
0000
0000
0000
0000
0000
8020
8020
4040
4040
3180
0E00
ENDCHAR
STARTCHAR u25E2
ENCODING 9698
SWIDTH 1000 0
DWIDTH 12 0
BBX 12 12 0 -1
BITMAP
0010
0030
0070
00F0
01F0
03F0
07F0
0FF0
1FF0
3FF0
7FF0
FFF0
ENDCHAR
STARTCHAR u25E3
ENCODING 9699
SWIDTH 1000 0
DWIDTH 12 0
BBX 12 12 0 -1
BITMAP
8000
C000
E000
F000
F800
FC00
FE00
FF00
FF80
FFC0
FFE0
FFF0
ENDCHAR
STARTCHAR u25E4
ENCODING 9700
SWIDTH 1000 0
DWIDTH 12 0
BBX 12 12 0 -1
BITMAP
FFF0
FFE0
FFC0
FF80
FF00
FE00
FC00
F800
F000
E000
C000
8000
ENDCHAR
STARTCHAR u25E5
ENCODING 9701
SWIDTH 1000 0
DWIDTH 12 0
BBX 12 12 0 -1
BITMAP
FFF0
7FF0
3FF0
1FF0
0FF0
07F0
03F0
01F0
00F0
0070
0030
0010
ENDCHAR
STARTCHAR u25E6
ENCODING 9702
SWIDTH 1000 0
DWIDTH 12 0
BBX 12 12 0 -1
BITMAP
0000
0000
0000
0000
0E00
1100
1100
1100
0E00
0000
0000
0000
ENDCHAR
STARTCHAR u25E7
ENCODING 9703
SWIDTH 1000 0
DWIDTH 12 0
BBX 12 12 0 -1
BITMAP
0000
FFE0
FC20
FC20
FC20
FC20
FC20
FC20
FC20
FC20
FC20
FFE0
ENDCHAR
STARTCHAR u25E8
ENCODING 9704
SWIDTH 1000 0
DWIDTH 12 0
BBX 12 12 0 -1
BITMAP
0000
FFE0
87E0
87E0
87E0
87E0
87E0
87E0
87E0
87E0
87E0
FFE0
ENDCHAR
STARTCHAR u25E9
ENCODING 9705
SWIDTH 1000 0
DWIDTH 12 0
BBX 12 12 0 -1
BITMAP
0000
FFE0
FFE0
FFA0
FF20
FE20
FC20
F820
F020
E020
C020
FFE0
ENDCHAR
STARTCHAR u25EA
ENCODING 9706
SWIDTH 1000 0
DWIDTH 12 0
BBX 12 12 0 -1
BITMAP
0000
FFE0
8060
80E0
81E0
83E0
87E0
8FE0
9FE0
BFE0
FFE0
FFE0
ENDCHAR
STARTCHAR u25EB
ENCODING 9707
SWIDTH 1000 0
DWIDTH 12 0
BBX 12 12 0 -1
BITMAP
0000
FFE0
8420
8420
8420
8420
8420
8420
8420
8420
8420
FFE0
ENDCHAR
STARTCHAR u25EC
ENCODING 9708
SWIDTH 1000 0
DWIDTH 12 0
BBX 12 12 0 -1
BITMAP
0000
0000
0400
0A00
0A00
1100
1100
2480
2080
4040
7FC0
0000
ENDCHAR
STARTCHAR u25ED
ENCODING 9709
SWIDTH 1000 0
DWIDTH 12 0
BBX 12 12 0 -1
BITMAP
0000
0000
0400
0E00
0E00
1D00
1D00
3C80
3C80
7C40
7FC0
0000
ENDCHAR
STARTCHAR u25EE
ENCODING 9710
SWIDTH 1000 0
DWIDTH 12 0
BBX 12 12 0 -1
BITMAP
0000
0000
0400
0E00
0E00
1700
1700
2780
2780
47C0
7FC0
0000
ENDCHAR
STARTCHAR u25EF
ENCODING 9711
SWIDTH 1000 0
DWIDTH 12 0
BBX 12 12 0 -1
BITMAP
0000
0E00
3180
4040
4040
8020
8020
8020
4040
4040
3180
0E00
ENDCHAR
STARTCHAR u25F0
ENCODING 9712
SWIDTH 1000 0
DWIDTH 12 0
BBX 12 12 0 -1
BITMAP
0000
FFE0
8420
8420
8420
8420
FC20
8020
8020
8020
8020
FFE0
ENDCHAR
STARTCHAR u25F1
ENCODING 9713
SWIDTH 1000 0
DWIDTH 12 0
BBX 12 12 0 -1
BITMAP
0000
FFE0
8020
8020
8020
8020
FC20
8420
8420
8420
8420
FFE0
ENDCHAR
STARTCHAR u25F2
ENCODING 9714
SWIDTH 1000 0
DWIDTH 12 0
BBX 12 12 0 -1
BITMAP
0000
FFE0
8020
8020
8020
8020
87E0
8420
8420
8420
8420
FFE0
ENDCHAR
STARTCHAR u25F3
ENCODING 9715
SWIDTH 1000 0
DWIDTH 12 0
BBX 12 12 0 -1
BITMAP
0000
FFE0
8420
8420
8420
8420
87E0
8020
8020
8020
8020
FFE0
ENDCHAR
STARTCHAR u25F4
ENCODING 9716
SWIDTH 1000 0
DWIDTH 12 0
BBX 12 12 0 -1
BITMAP
0000
0E00
3580
4440
4440
8420
FC20
8020
4040
4040
3180
0E00
ENDCHAR
STARTCHAR u25F5
ENCODING 9717
SWIDTH 1000 0
DWIDTH 12 0
BBX 12 12 0 -1
BITMAP
0000
0E00
3180
4040
4040
8020
FC20
8420
4440
4440
3580
0E00
ENDCHAR
STARTCHAR u25F6
ENCODING 9718
SWIDTH 1000 0
DWIDTH 12 0
BBX 12 12 0 -1
BITMAP
0000
0E00
3180
4040
4040
8020
87E0
8420
4440
4440
3580
0E00
ENDCHAR
STARTCHAR u25F7
ENCODING 9719
SWIDTH 1000 0
DWIDTH 12 0
BBX 12 12 0 -1
BITMAP
0000
0E00
3580
4440
4440
8420
87E0
8020
4040
4040
3180
0E00
ENDCHAR
STARTCHAR u25F8
ENCODING 9720
SWIDTH 1000 0
DWIDTH 12 0
BBX 12 12 0 -1
BITMAP
FFF0
8020
8040
8080
8100
8200
8400
8800
9000
A000
C000
8000
ENDCHAR
STARTCHAR u25F9
ENCODING 9721
SWIDTH 1000 0
DWIDTH 12 0
BBX 12 12 0 -1
BITMAP
FFF0
4010
2010
1010
0810
0410
0210
0110
0090
0050
0030
0010
ENDCHAR
STARTCHAR u25FA
ENCODING 9722
SWIDTH 1000 0
DWIDTH 12 0
BBX 12 12 0 -1
BITMAP
8000
C000
A000
9000
8800
8400
8200
8100
8080
8040
8020
FFF0
ENDCHAR
STARTCHAR u25FB
ENCODING 9723
SWIDTH 1000 0
DWIDTH 12 0
BBX 12 12 0 -1
BITMAP
0000
0000
7FC0
4040
4040
4040
4040
4040
4040
4040
7FC0
0000
ENDCHAR
STARTCHAR u25FC
ENCODING 9724
SWIDTH 1000 0
DWIDTH 12 0
BBX 12 12 0 -1
BITMAP
0000
0000
7FC0
7FC0
7FC0
7FC0
7FC0
7FC0
7FC0
7FC0
7FC0
0000
ENDCHAR
STARTCHAR u25FD
ENCODING 9725
SWIDTH 1000 0
DWIDTH 12 0
BBX 12 12 0 -1
BITMAP
0000
0000
0000
3F80
2080
2080
2080
2080
2080
3F80
0000
0000
ENDCHAR
STARTCHAR u25FE
ENCODING 9726
SWIDTH 1000 0
DWIDTH 12 0
BBX 12 12 0 -1
BITMAP
0000
0000
0000
3F80
3F80
3F80
3F80
3F80
3F80
3F80
0000
0000
ENDCHAR
STARTCHAR u25FF
ENCODING 9727
SWIDTH 1000 0
DWIDTH 12 0
BBX 12 12 0 -1
BITMAP
0010
0030
0050
0090
0110
0210
0410
0810
1010
2010
4010
FFF0
ENDCHAR
STARTCHAR u2600
ENCODING 9728
SWIDTH 1000 0
DWIDTH 12 0
BBX 12 12 0 -1
BITMAP
0000
0400
4440
2080
0E00
1F00
DF60
1F00
0E00
2080
4440
0400
ENDCHAR
STARTCHAR u2601
ENCODING 9729
SWIDTH 1000 0
DWIDTH 12 0
BBX 12 12 0 -1
BITMAP
0000
0000
1F00
2080
2040
4040
8020
8020
8120
4640
3980
0000
ENDCHAR
STARTCHAR u2602
ENCODING 9730
SWIDTH 1000 0
DWIDTH 12 0
BBX 12 12 0 -1
BITMAP
0000
0400
1F00
7FC0
FFE0
FFE0
0400
0400
0400
0400
1400
0800
ENDCHAR
STARTCHAR u2603
ENCODING 9731
SWIDTH 1000 0
DWIDTH 12 0
BBX 12 12 0 -1
BITMAP
0000
5F40
1F00
7FC0
2080
AAA0
2080
3F80
4840
4840
4040
3F80
ENDCHAR
STARTCHAR u2604
ENCODING 9732
SWIDTH 1000 0
DWIDTH 12 0
BBX 12 12 0 -1
BITMAP
0000
0820
0840
1080
1100
2200
0400
7060
8980
8A00
8800
7000
ENDCHAR
STARTCHAR u2605
ENCODING 9733
SWIDTH 1000 0
DWIDTH 12 0
BBX 12 12 0 -1
BITMAP
0000
0400
0400
0E00
0E00
FFE0
3F80
1F00
1F00
3B80
3180
4040
ENDCHAR
STARTCHAR u2606
ENCODING 9734
SWIDTH 1000 0
DWIDTH 12 0
BBX 12 12 0 -1
BITMAP
0000
0400
0400
0A00
0A00
F1E0
2080
1100
1500
2A80
3180
4040
ENDCHAR
STARTCHAR u2607
ENCODING 9735
SWIDTH 1000 0
DWIDTH 12 0
BBX 12 12 0 -1
BITMAP
0000
0100
0200
0400
0800
1000
2000
1000
0900
0500
0300
0F00
ENDCHAR
STARTCHAR u2608
ENCODING 9736
SWIDTH 1000 0
DWIDTH 12 0
BBX 12 12 0 -1
BITMAP
0000
3F80
2080
2100
2200
2400
2800
2800
2480
2280
2180
2780
ENDCHAR
STARTCHAR u2609
ENCODING 9737
SWIDTH 1000 0
DWIDTH 12 0
BBX 12 12 0 -1
BITMAP
0000
0000
1F00
2080
4040
4040
4440
4040
4040
2080
1F00
0000
ENDCHAR
STARTCHAR u260A
ENCODING 9738
SWIDTH 1000 0
DWIDTH 12 0
BBX 12 12 0 -1
BITMAP
0000
3F80
4040
8020
8020
8020
4040
2080
60C0
9120
9120
60C0
ENDCHAR
STARTCHAR u260B
ENCODING 9739
SWIDTH 1000 0
DWIDTH 12 0
BBX 12 12 0 -1
BITMAP
0000
60C0
9120
9120
60C0
2080
4040
8020
8020
8020
4040
3F80
ENDCHAR
STARTCHAR u260C
ENCODING 9740
SWIDTH 1000 0
DWIDTH 12 0
BBX 12 12 0 -1
BITMAP
0000
0020
0040
0080
0100
3A00
4400
8200
8200
8200
4400
3800
ENDCHAR
STARTCHAR u260D
ENCODING 9741
SWIDTH 1000 0
DWIDTH 12 0
BBX 12 12 0 -1
BITMAP
0000
01C0
0220
0220
0220
03C0
0400
7800
8800
8800
8800
7000
ENDCHAR
STARTCHAR u260E
ENCODING 9742
SWIDTH 1000 0
DWIDTH 12 0
BBX 12 12 0 -1
BITMAP
0000
0000
7FC0
E0E0
D160
1F00
1F00
3180
2E80
6EC0
71C0
7FC0
ENDCHAR
STARTCHAR u260F
ENCODING 9743
SWIDTH 1000 0
DWIDTH 12 0
BBX 12 12 0 -1
BITMAP
0000
0000
7FC0
8020
D160
1F00
1100
2080
2E80
4E40
4040
7FC0
ENDCHAR
STARTCHAR u2610
ENCODING 9744
SWIDTH 1000 0
DWIDTH 12 0
BBX 12 12 0 -1
BITMAP
0000
0000
7FC0
4040
4040
4040
4040
4040
4040
4040
7FC0
0000
ENDCHAR
STARTCHAR u2611
ENCODING 9745
SWIDTH 1000 0
DWIDTH 12 0
BBX 12 12 0 -1
BITMAP
0000
0000
7FC0
4040
40C0
4140
6240
5440
4840
4040
7FC0
0000
ENDCHAR
STARTCHAR u2612
ENCODING 9746
SWIDTH 1000 0
DWIDTH 12 0
BBX 12 12 0 -1
BITMAP
0000
0000
7FC0
4040
5140
4A40
4440
4A40
5140
4040
7FC0
0000
ENDCHAR
STARTCHAR u2613
ENCODING 9747
SWIDTH 1000 0
DWIDTH 12 0
BBX 12 12 0 -1
BITMAP
0000
0000
4040
2080
1100
0A00
0400
0A00
1100
2080
4040
0000
ENDCHAR
STARTCHAR u2614
ENCODING 9748
SWIDTH 1000 0
DWIDTH 12 0
BBX 12 12 0 -1
BITMAP
0000
2080
8420
1F00
7FC0
FFE0
FFE0
0400
0400
0400
1400
0800
ENDCHAR
STARTCHAR u2616
ENCODING 9750
SWIDTH 1000 0
DWIDTH 12 0
BBX 12 12 0 -1
BITMAP
0000
0400
0A00
1100
2080
4040
4040
4040
4040
4040
4040
7FC0
ENDCHAR
STARTCHAR u2617
ENCODING 9751
SWIDTH 1000 0
DWIDTH 12 0
BBX 12 12 0 -1
BITMAP
0000
0400
0E00
1F00
3F80
7FC0
7FC0
7FC0
7FC0
7FC0
7FC0
7FC0
ENDCHAR
STARTCHAR u2618
ENCODING 9752
SWIDTH 1000 0
DWIDTH 12 0
BBX 12 12 0 -1
BITMAP
0000
0A00
1F00
1F00
0E00
64C0
F5E0
7FC0
F5E0
64C0
0800
1000
ENDCHAR
STARTCHAR u2619
ENCODING 9753
SWIDTH 1000 0
DWIDTH 12 0
BBX 12 12 0 -1
BITMAP
0000
0020
4E40
9F40
BF40
FF40
FE80
FF40
7F20
3F20
1E20
0040
ENDCHAR
STARTCHAR u261A
ENCODING 9754
SWIDTH 1000 0
DWIDTH 12 0
BBX 12 12 0 -1
BITMAP
0000
0000
0C00
0E00
FF00
FFE0
1FA0
1FA0
1FA0
0FA0
07E0
0000
ENDCHAR
STARTCHAR u261B
ENCODING 9755
SWIDTH 1000 0
DWIDTH 12 0
BBX 12 12 0 -1
BITMAP
0000
0000
0600
0E00
1FE0
FFE0
BF00
BF00
BF00
BE00
FC00
0000
ENDCHAR
STARTCHAR u261C
ENCODING 9756
SWIDTH 1000 0
DWIDTH 12 0
BBX 12 12 0 -1
BITMAP
0000
0000
0C00
0A00
FD00
80E0
78A0
10A0
10A0
08A0
07E0
0000
ENDCHAR
STARTCHAR u261D
ENCODING 9757
SWIDTH 1000 0
DWIDTH 12 0
BBX 12 12 0 -1
BITMAP
0000
0300
0500
0500
1D00
25C0
4140
4080
4100
7E00
4200
7E00
ENDCHAR
STARTCHAR u261E
ENCODING 9758
SWIDTH 1000 0
DWIDTH 12 0
BBX 12 12 0 -1
BITMAP
0000
0000
0600
0A00
17E0
E020
A3C0
A100
A100
A200
FC00
0000
ENDCHAR
STARTCHAR u261F
ENCODING 9759
SWIDTH 1000 0
DWIDTH 12 0
BBX 12 12 0 -1
BITMAP
0000
7E00
4200
7E00
4100
4080
4140
25C0
1D00
0500
0500
0300
ENDCHAR
STARTCHAR u2620
ENCODING 9760
SWIDTH 1000 0
DWIDTH 12 0
BBX 12 12 0 -1
BITMAP
0000
1F00
3F80
3F80
2480
2480
3F80
1F00
0A00
60C0
1F00
E0E0
ENDCHAR
STARTCHAR u2621
ENCODING 9761
SWIDTH 1000 0
DWIDTH 12 0
BBX 12 12 0 -1
BITMAP
0000
0700
1880
6080
8100
0200
0400
0800
1020
20C0
2300
1C00
ENDCHAR
STARTCHAR u2624
ENCODING 9764
SWIDTH 1000 0
DWIDTH 12 0
BBX 12 12 0 -1
BITMAP
0000
0400
FFE0
5540
3F80
0400
1500
2480
1F00
1500
0E00
1500
ENDCHAR
STARTCHAR u2625
ENCODING 9765
SWIDTH 1000 0
DWIDTH 12 0
BBX 12 12 0 -1
BITMAP
0000
0E00
1100
1100
0A00
4440
7FC0
4440
0400
0400
0E00
1F00
ENDCHAR
STARTCHAR u2628
ENCODING 9768
SWIDTH 1000 0
DWIDTH 12 0
BBX 12 12 0 -1
BITMAP
0000
0400
1F00
0400
0400
3F80
0400
0400
0400
0400
0400
0400
ENDCHAR
STARTCHAR u2629
ENCODING 9769
SWIDTH 1000 0
DWIDTH 12 0
BBX 12 12 0 -1
BITMAP
0000
0E00
0400
0400
0400
8420
FFE0
8420
0400
0400
0400
0E00
ENDCHAR
STARTCHAR u262A
ENCODING 9770
SWIDTH 1000 0
DWIDTH 12 0
BBX 12 12 0 -1
BITMAP
0000
1F80
3840
7000
E080
E3E0
E1C0
E140
E220
7000
3840
1F80
ENDCHAR
STARTCHAR u262B
ENCODING 9771
SWIDTH 1000 0
DWIDTH 12 0
BBX 12 12 0 -1
BITMAP
0000
1500
1B00
0000
5540
A4A0
A4A0
A4A0
9520
4E40
1F00
0400
ENDCHAR
STARTCHAR u262C
ENCODING 9772
SWIDTH 1000 0
DWIDTH 12 0
BBX 12 12 0 -1
BITMAP
0000
0400
1500
2480
4E40
D560
D560
CE60
E4E0
DF60
8E20
1500
ENDCHAR
STARTCHAR u262D
ENCODING 9773
SWIDTH 1000 0
DWIDTH 12 0
BBX 12 12 0 -1
BITMAP
0000
1F00
2080
4640
0C20
1820
3420
0220
0140
3080
6F40
C020
ENDCHAR
STARTCHAR u262E
ENCODING 9774
SWIDTH 1000 0
DWIDTH 12 0
BBX 12 12 0 -1
BITMAP
0000
0E00
3580
4440
4440
8420
8E20
9520
64C0
4440
3580
0E00
ENDCHAR
STARTCHAR u262F
ENCODING 9775
SWIDTH 1000 0
DWIDTH 12 0
BBX 12 12 0 -1
BITMAP
0000
0E00
3F80
7B40
7F40
FE20
FC20
F020
6040
6440
3180
0E00
ENDCHAR
STARTCHAR u2630
ENCODING 9776
SWIDTH 1000 0
DWIDTH 12 0
BBX 12 12 0 -1
BITMAP
0000
0000
0000
7FC0
0000
0000
7FC0
0000
0000
7FC0
0000
0000
ENDCHAR
STARTCHAR u2631
ENCODING 9777
SWIDTH 1000 0
DWIDTH 12 0
BBX 12 12 0 -1
BITMAP
0000
0000
0000
7BC0
0000
0000
7FC0
0000
0000
7FC0
0000
0000
ENDCHAR
STARTCHAR u2632
ENCODING 9778
SWIDTH 1000 0
DWIDTH 12 0
BBX 12 12 0 -1
BITMAP
0000
0000
0000
7FC0
0000
0000
7BC0
0000
0000
7FC0
0000
0000
ENDCHAR
STARTCHAR u2633
ENCODING 9779
SWIDTH 1000 0
DWIDTH 12 0
BBX 12 12 0 -1
BITMAP
0000
0000
0000
7BC0
0000
0000
7BC0
0000
0000
7FC0
0000
0000
ENDCHAR
STARTCHAR u2634
ENCODING 9780
SWIDTH 1000 0
DWIDTH 12 0
BBX 12 12 0 -1
BITMAP
0000
0000
0000
7FC0
0000
0000
7FC0
0000
0000
7BC0
0000
0000
ENDCHAR
STARTCHAR u2635
ENCODING 9781
SWIDTH 1000 0
DWIDTH 12 0
BBX 12 12 0 -1
BITMAP
0000
0000
0000
7BC0
0000
0000
7FC0
0000
0000
7BC0
0000
0000
ENDCHAR
STARTCHAR u2636
ENCODING 9782
SWIDTH 1000 0
DWIDTH 12 0
BBX 12 12 0 -1
BITMAP
0000
0000
0000
7FC0
0000
0000
7BC0
0000
0000
7BC0
0000
0000
ENDCHAR
STARTCHAR u2637
ENCODING 9783
SWIDTH 1000 0
DWIDTH 12 0
BBX 12 12 0 -1
BITMAP
0000
0000
0000
7BC0
0000
0000
7BC0
0000
0000
7BC0
0000
0000
ENDCHAR
STARTCHAR u2638
ENCODING 9784
SWIDTH 1000 0
DWIDTH 12 0
BBX 12 12 0 -1
BITMAP
0000
0400
5F40
2480
5540
4E40
FBE0
4E40
5540
2480
5F40
0400
ENDCHAR
STARTCHAR u2639
ENCODING 9785
SWIDTH 1000 0
DWIDTH 12 0
BBX 12 12 0 -1
BITMAP
0000
3F80
4040
8020
9120
9120
8020
8020
8E20
9120
4040
3F80
ENDCHAR
STARTCHAR u263A
ENCODING 9786
SWIDTH 1000 0
DWIDTH 12 0
BBX 12 12 0 -1
BITMAP
0000
3F80
4040
8020
9120
9120
8020
8020
9120
8E20
4040
3F80
ENDCHAR
STARTCHAR u263B
ENCODING 9787
SWIDTH 1000 0
DWIDTH 12 0
BBX 12 12 0 -1
BITMAP
0000
3F80
7FC0
FFE0
EEE0
EEE0
FFE0
FFE0
EEE0
F1E0
7FC0
3F80
ENDCHAR
STARTCHAR u263C
ENCODING 9788
SWIDTH 1000 0
DWIDTH 12 0
BBX 12 12 0 -1
BITMAP
0000
0400
4440
2080
0E00
1100
D160
1100
0E00
2080
4440
0400
ENDCHAR
STARTCHAR u263D
ENCODING 9789
SWIDTH 1000 0
DWIDTH 12 0
BBX 12 12 0 -1
BITMAP
0000
7C00
1300
0880
0880
0440
0440
0440
0880
0880
1300
7C00
ENDCHAR
STARTCHAR u263E
ENCODING 9790
SWIDTH 1000 0
DWIDTH 12 0
BBX 12 12 0 -1
BITMAP
0000
07C0
1900
2200
2200
4400
4400
4400
2200
2200
1900
07C0
ENDCHAR
STARTCHAR u263F
ENCODING 9791
SWIDTH 1000 0
DWIDTH 12 0
BBX 12 12 0 -1
BITMAP
0000
1100
1100
0E00
1100
1100
1100
0E00
0400
3F80
0400
0400
ENDCHAR
STARTCHAR u2640
ENCODING 9792
SWIDTH 1000 0
DWIDTH 12 0
BBX 12 12 0 -1
BITMAP
0000
0E00
1100
2080
2080
2080
1100
0E00
0400
7FC0
0400
0400
ENDCHAR
STARTCHAR u2641
ENCODING 9793
SWIDTH 1000 0
DWIDTH 12 0
BBX 12 12 0 -1
BITMAP
0000
0400
0400
7FC0
0400
0E00
1100
2080
2080
2080
1100
0E00
ENDCHAR
STARTCHAR u2642
ENCODING 9794
SWIDTH 1000 0
DWIDTH 12 0
BBX 12 12 0 -1
BITMAP
0000
03E0
0060
00A0
0120
3A20
4400
8200
8200
8200
4400
3800
ENDCHAR
STARTCHAR u2643
ENCODING 9795
SWIDTH 1000 0
DWIDTH 12 0
BBX 12 12 0 -1
BITMAP
0000
0040
0040
1C40
2240
4140
0140
0140
0240
7FC0
0040
0040
ENDCHAR
STARTCHAR u2644
ENCODING 9796
SWIDTH 1000 0
DWIDTH 12 0
BBX 12 12 0 -1
BITMAP
0000
1000
3C00
1000
1000
1700
1880
1080
1080
1080
1100
1100
ENDCHAR
STARTCHAR u2645
ENCODING 9797
SWIDTH 1000 0
DWIDTH 12 0
BBX 12 12 0 -1
BITMAP
0000
64C0
2480
2480
3F80
2480
2480
64C0
0400
0E00
0A00
0E00
ENDCHAR
STARTCHAR u2646
ENCODING 9798
SWIDTH 1000 0
DWIDTH 12 0
BBX 12 12 0 -1
BITMAP
0000
0400
0E00
4440
E4E0
4440
4440
2480
1F00
0400
0E00
0400
ENDCHAR
STARTCHAR u2647
ENCODING 9799
SWIDTH 1000 0
DWIDTH 12 0
BBX 12 12 0 -1
BITMAP
0000
3E00
2100
2080
2080
2100
3E00
2000
2000
2000
2000
3F80
ENDCHAR
STARTCHAR u2648
ENCODING 9800
SWIDTH 1000 0
DWIDTH 12 0
BBX 12 12 0 -1
BITMAP
0000
60C0
9120
9120
8A20
0A00
0A00
0400
0400
0400
0400
0400
ENDCHAR
STARTCHAR u2649
ENCODING 9801
SWIDTH 1000 0
DWIDTH 12 0
BBX 12 12 0 -1
BITMAP
0000
C060
2080
2080
1100
0E00
1100
2080
2080
2080
1100
0E00
ENDCHAR
STARTCHAR u264A
ENCODING 9802
SWIDTH 1000 0
DWIDTH 12 0
BBX 12 12 0 -1
BITMAP
0000
4040
3F80
1100
1100
1100
1100
1100
1100
1100
3F80
4040
ENDCHAR
STARTCHAR u264B
ENCODING 9803
SWIDTH 1000 0
DWIDTH 12 0
BBX 12 12 0 -1
BITMAP
0000
7E00
8980
8840
8820
7000
0000
01C0
8220
4220
3220
0FC0
ENDCHAR
STARTCHAR u264C
ENCODING 9804
SWIDTH 1000 0
DWIDTH 12 0
BBX 12 12 0 -1
BITMAP
0000
0E00
1100
2080
2080
1080
1100
7100
9100
9120
6120
00C0
ENDCHAR
STARTCHAR u264D
ENCODING 9805
SWIDTH 1000 0
DWIDTH 12 0
BBX 12 12 0 -1
BITMAP
0000
B600
4900
4900
49C0
4920
4920
4940
4940
0080
0080
0360
ENDCHAR
STARTCHAR u264E
ENCODING 9806
SWIDTH 1000 0
DWIDTH 12 0
BBX 12 12 0 -1
BITMAP
0000
0E00
1100
2080
2080
2080
2080
1100
0A00
7BC0
0000
7FC0
ENDCHAR
STARTCHAR u264F
ENCODING 9807
SWIDTH 1000 0
DWIDTH 12 0
BBX 12 12 0 -1
BITMAP
0000
B600
4900
4900
4900
4900
4900
4900
4900
0120
0120
00E0
ENDCHAR
STARTCHAR u2650
ENCODING 9808
SWIDTH 1000 0
DWIDTH 12 0
BBX 12 12 0 -1
BITMAP
0000
01E0
0060
00A0
4120
2200
1400
0800
1400
2200
4100
8000
ENDCHAR
STARTCHAR u2651
ENCODING 9809
SWIDTH 1000 0
DWIDTH 12 0
BBX 12 12 0 -1
BITMAP
0000
5C00
2200
2200
2200
2200
2200
2380
2240
0240
0580
1800
ENDCHAR
STARTCHAR u2652
ENCODING 9810
SWIDTH 1000 0
DWIDTH 12 0
BBX 12 12 0 -1
BITMAP
0000
0000
0000
2240
55A0
9920
0000
2240
55A0
9920
0000
0000
ENDCHAR
STARTCHAR u2653
ENCODING 9811
SWIDTH 1000 0
DWIDTH 12 0
BBX 12 12 0 -1
BITMAP
0000
4040
2080
2080
1100
1100
7FC0
1100
1100
2080
2080
4040
ENDCHAR
STARTCHAR u2654
ENCODING 9812
SWIDTH 1000 0
DWIDTH 12 0
BBX 12 12 0 -1
BITMAP
0000
0400
0E00
3580
4A40
8420
8420
8420
4440
3F80
2080
3F80
ENDCHAR
STARTCHAR u2655
ENCODING 9813
SWIDTH 1000 0
DWIDTH 12 0
BBX 12 12 0 -1
BITMAP
0000
0400
4A40
2480
2480
9520
5F40
5140
2080
3F80
2080
3F80
ENDCHAR
STARTCHAR u2656
ENCODING 9814
SWIDTH 1000 0
DWIDTH 12 0
BBX 12 12 0 -1
BITMAP
0000
2480
3F80
2080
3F80
2080
1100
1100
1100
3F80
4040
7FC0
ENDCHAR
STARTCHAR u2657
ENCODING 9815
SWIDTH 1000 0
DWIDTH 12 0
BBX 12 12 0 -1
BITMAP
0000
0400
0A00
1100
2480
2E80
2480
1100
1100
3F80
4040
7FC0
ENDCHAR
STARTCHAR u2658
ENCODING 9816
SWIDTH 1000 0
DWIDTH 12 0
BBX 12 12 0 -1
BITMAP
0000
0300
0CC0
1240
2040
2E40
3440
0880
1100
3F80
4040
7FC0
ENDCHAR
STARTCHAR u2659
ENCODING 9817
SWIDTH 1000 0
DWIDTH 12 0
BBX 12 12 0 -1
BITMAP
0000
0E00
1100
1100
1100
0E00
1100
1100
1100
3F80
4040
7FC0
ENDCHAR
STARTCHAR u265A
ENCODING 9818
SWIDTH 1000 0
DWIDTH 12 0
BBX 12 12 0 -1
BITMAP
0000
0400
0E00
3580
7BC0
FFE0
FBE0
FBE0
7BC0
3F80
2080
3F80
ENDCHAR
STARTCHAR u265B
ENCODING 9819
SWIDTH 1000 0
DWIDTH 12 0
BBX 12 12 0 -1
BITMAP
0000
0400
4A40
2480
2480
9520
5F40
5F40
3F80
3F80
2080
3F80
ENDCHAR
STARTCHAR u265C
ENCODING 9820
SWIDTH 1000 0
DWIDTH 12 0
BBX 12 12 0 -1
BITMAP
0000
2480
3F80
3F80
2080
3F80
1F00
1F00
1F00
3F80
4040
7FC0
ENDCHAR
STARTCHAR u265D
ENCODING 9821
SWIDTH 1000 0
DWIDTH 12 0
BBX 12 12 0 -1
BITMAP
0000
0400
0E00
1F00
3B80
3180
3B80
1F00
1F00
3F80
4040
7FC0
ENDCHAR
STARTCHAR u265E
ENCODING 9822
SWIDTH 1000 0
DWIDTH 12 0
BBX 12 12 0 -1
BITMAP
0000
0300
0FC0
1DC0
3FC0
33C0
07C0
0F80
1F00
3F80
4040
7FC0
ENDCHAR
STARTCHAR u265F
ENCODING 9823
SWIDTH 1000 0
DWIDTH 12 0
BBX 12 12 0 -1
BITMAP
0000
0E00
1F00
1F00
1F00
0E00
1100
1F00
1F00
3F80
4040
7FC0
ENDCHAR
STARTCHAR u2660
ENCODING 9824
SWIDTH 1000 0
DWIDTH 12 0
BBX 12 12 0 -1
BITMAP
0000
0400
0E00
1F00
3F80
7FC0
FFE0
FFE0
F5E0
64C0
0E00
1F00
ENDCHAR
STARTCHAR u2661
ENCODING 9825
SWIDTH 1000 0
DWIDTH 12 0
BBX 12 12 0 -1
BITMAP
0000
3180
4A40
8420
8020
8020
8020
4040
2080
1100
0A00
0400
ENDCHAR
STARTCHAR u2662
ENCODING 9826
SWIDTH 1000 0
DWIDTH 12 0
BBX 12 12 0 -1
BITMAP
0000
0400
0A00
1100
2080
4040
8020
4040
2080
1100
0A00
0400
ENDCHAR
STARTCHAR u2663
ENCODING 9827
SWIDTH 1000 0
DWIDTH 12 0
BBX 12 12 0 -1
BITMAP
0000
0E00
1F00
1F00
0E00
75C0
FFE0
FFE0
75C0
0400
0E00
1F00
ENDCHAR
STARTCHAR u2664
ENCODING 9828
SWIDTH 1000 0
DWIDTH 12 0
BBX 12 12 0 -1
BITMAP
0000
0400
0A00
1100
2080
4040
8020
8A20
9520
64C0
0A00
1F00
ENDCHAR
STARTCHAR u2665
ENCODING 9829
SWIDTH 1000 0
DWIDTH 12 0
BBX 12 12 0 -1
BITMAP
0000
3180
7BC0
FFE0
FFE0
FFE0
FFE0
7FC0
3F80
1F00
0E00
0400
ENDCHAR
STARTCHAR u2666
ENCODING 9830
SWIDTH 1000 0
DWIDTH 12 0
BBX 12 12 0 -1
BITMAP
0000
0400
0E00
1F00
3F80
7FC0
FFE0
7FC0
3F80
1F00
0E00
0400
ENDCHAR
STARTCHAR u2667
ENCODING 9831
SWIDTH 1000 0
DWIDTH 12 0
BBX 12 12 0 -1
BITMAP
0000
0E00
1100
1100
71C0
8A20
8020
8A20
75C0
0400
0A00
1F00
ENDCHAR
STARTCHAR u2668
ENCODING 9832
SWIDTH 1000 0
DWIDTH 12 0
BBX 12 12 0 -1
BITMAP
0000
2480
4900
4900
2480
2480
1240
5240
A4A0
8020
60C0
1F00
ENDCHAR
STARTCHAR u2669
ENCODING 9833
SWIDTH 1000 0
DWIDTH 12 0
BBX 12 12 0 -1
BITMAP
0000
0400
0400
0400
0400
0400
0400
0400
0400
1C00
3800
3000
ENDCHAR
STARTCHAR u266A
ENCODING 9834
SWIDTH 1000 0
DWIDTH 12 0
BBX 12 12 0 -1
BITMAP
0000
0400
0600
0500
0480
0480
0500
0400
0400
1C00
3800
3000
ENDCHAR
STARTCHAR u266B
ENCODING 9835
SWIDTH 1000 0
DWIDTH 12 0
BBX 12 12 0 -1
BITMAP
0000
01C0
0640
1840
1040
1040
1040
1040
11C0
7380
E300
C000
ENDCHAR
STARTCHAR u266C
ENCODING 9836
SWIDTH 1000 0
DWIDTH 12 0
BBX 12 12 0 -1
BITMAP
0000
01C0
0640
19C0
1640
1840
1040
1040
11C0
7380
E300
C000
ENDCHAR
STARTCHAR u266D
ENCODING 9837
SWIDTH 1000 0
DWIDTH 12 0
BBX 12 12 0 -1
BITMAP
0000
1000
1000
1000
1000
1600
1900
1100
1100
1200
1400
1800
ENDCHAR
STARTCHAR u266E
ENCODING 9838
SWIDTH 1000 0
DWIDTH 12 0
BBX 12 12 0 -1
BITMAP
0000
1000
1000
1300
1D00
1100
1100
1100
1700
1900
0100
0100
ENDCHAR
STARTCHAR u266F
ENCODING 9839
SWIDTH 1000 0
DWIDTH 12 0
BBX 12 12 0 -1
BITMAP
0000
0100
1100
11C0
1F00
7100
1100
11C0
1F00
7100
1100
1000
ENDCHAR
STARTCHAR u2680
ENCODING 9856
SWIDTH 1000 0
DWIDTH 12 0
BBX 12 12 0 -1
BITMAP
0000
0000
3F80
4040
4040
4040
4440
4040
4040
4040
3F80
0000
ENDCHAR
STARTCHAR u2681
ENCODING 9857
SWIDTH 1000 0
DWIDTH 12 0
BBX 12 12 0 -1
BITMAP
0000
0000
3F80
4040
5040
4040
4040
4040
4140
4040
3F80
0000
ENDCHAR
STARTCHAR u2682
ENCODING 9858
SWIDTH 1000 0
DWIDTH 12 0
BBX 12 12 0 -1
BITMAP
0000
0000
3F80
4040
5040
4040
4440
4040
4140
4040
3F80
0000
ENDCHAR
STARTCHAR u2683
ENCODING 9859
SWIDTH 1000 0
DWIDTH 12 0
BBX 12 12 0 -1
BITMAP
0000
0000
3F80
4040
5140
4040
4040
4040
5140
4040
3F80
0000
ENDCHAR
STARTCHAR u2684
ENCODING 9860
SWIDTH 1000 0
DWIDTH 12 0
BBX 12 12 0 -1
BITMAP
0000
0000
3F80
4040
5140
4040
4440
4040
5140
4040
3F80
0000
ENDCHAR
STARTCHAR u2685
ENCODING 9861
SWIDTH 1000 0
DWIDTH 12 0
BBX 12 12 0 -1
BITMAP
0000
0000
3F80
4040
5140
4040
5140
4040
5140
4040
3F80
0000
ENDCHAR
STARTCHAR u2686
ENCODING 9862
SWIDTH 1000 0
DWIDTH 12 0
BBX 12 12 0 -1
BITMAP
0000
0E00
3180
4040
4040
8020
8120
8020
4040
4040
3180
0E00
ENDCHAR
STARTCHAR u2687
ENCODING 9863
SWIDTH 1000 0
DWIDTH 12 0
BBX 12 12 0 -1
BITMAP
0000
0E00
3180
4040
4040
8020
9120
8020
4040
4040
3180
0E00
ENDCHAR
STARTCHAR u2688
ENCODING 9864
SWIDTH 1000 0
DWIDTH 12 0
BBX 12 12 0 -1
BITMAP
0000
0E00
3F80
7FC0
7FC0
FFE0
FEE0
FFE0
7FC0
7FC0
3F80
0E00
ENDCHAR
STARTCHAR u2689
ENCODING 9865
SWIDTH 1000 0
DWIDTH 12 0
BBX 12 12 0 -1
BITMAP
0000
0E00
3F80
7FC0
7FC0
FFE0
EEE0
FFE0
7FC0
7FC0
3F80
0E00
ENDCHAR
STARTCHAR u268A
ENCODING 9866
SWIDTH 1000 0
DWIDTH 12 0
BBX 12 12 0 -1
BITMAP
0000
0000
0000
0000
0000
0000
7FC0
0000
0000
0000
0000
0000
ENDCHAR
STARTCHAR u268B
ENCODING 9867
SWIDTH 1000 0
DWIDTH 12 0
BBX 12 12 0 -1
BITMAP
0000
0000
0000
0000
0000
0000
7BC0
0000
0000
0000
0000
0000
ENDCHAR
STARTCHAR u268C
ENCODING 9868
SWIDTH 1000 0
DWIDTH 12 0
BBX 12 12 0 -1
BITMAP
0000
0000
0000
0000
7FC0
0000
0000
7FC0
0000
0000
0000
0000
ENDCHAR
STARTCHAR u268D
ENCODING 9869
SWIDTH 1000 0
DWIDTH 12 0
BBX 12 12 0 -1
BITMAP
0000
0000
0000
0000
7BC0
0000
0000
7FC0
0000
0000
0000
0000
ENDCHAR
STARTCHAR u268E
ENCODING 9870
SWIDTH 1000 0
DWIDTH 12 0
BBX 12 12 0 -1
BITMAP
0000
0000
0000
0000
7FC0
0000
0000
7BC0
0000
0000
0000
0000
ENDCHAR
STARTCHAR u268F
ENCODING 9871
SWIDTH 1000 0
DWIDTH 12 0
BBX 12 12 0 -1
BITMAP
0000
0000
0000
0000
7BC0
0000
0000
7BC0
0000
0000
0000
0000
ENDCHAR
STARTCHAR u2690
ENCODING 9872
SWIDTH 1000 0
DWIDTH 12 0
BBX 12 12 0 -1
BITMAP
0000
7000
4860
47A0
4020
4020
4020
7020
4860
4780
4000
4000
ENDCHAR
STARTCHAR u2691
ENCODING 9873
SWIDTH 1000 0
DWIDTH 12 0
BBX 12 12 0 -1
BITMAP
0000
7000
7860
7FE0
7FE0
7FE0
7FE0
7FE0
4FE0
4780
4000
4000
ENDCHAR
STARTCHAR u2692
ENCODING 9874
SWIDTH 1000 0
DWIDTH 12 0
BBX 12 12 0 -1
BITMAP
0000
B1A0
7BC0
F1E0
F1E0
4A60
0420
0A00
1100
2080
4040
8020
ENDCHAR
STARTCHAR u2693
ENCODING 9875
SWIDTH 1000 0
DWIDTH 12 0
BBX 12 12 0 -1
BITMAP
0000
0400
0A00
2480
7FC0
2480
0400
8420
CE60
7FC0
3F80
0E00
ENDCHAR
STARTCHAR u2694
ENCODING 9876
SWIDTH 1000 0
DWIDTH 12 0
BBX 12 12 0 -1
BITMAP
0000
0000
4040
2080
1100
0A00
0400
4A40
71C0
3180
5B40
8020
ENDCHAR
STARTCHAR u2695
ENCODING 9877
SWIDTH 1000 0
DWIDTH 12 0
BBX 12 12 0 -1
BITMAP
0000
0400
1F80
2400
1F00
0480
0F00
1400
0E00
0500
1E00
0400
ENDCHAR
STARTCHAR u2698
ENCODING 9880
SWIDTH 1000 0
DWIDTH 12 0
BBX 12 12 0 -1
BITMAP
0000
0E00
1100
1100
1100
0E00
0400
64C0
75C0
3580
0E00
0400
ENDCHAR
STARTCHAR u2699
ENCODING 9881
SWIDTH 1000 0
DWIDTH 12 0
BBX 12 12 0 -1
BITMAP
0000
0400
4440
2E80
1100
2080
E4E0
2080
1100
2E80
4440
0400
ENDCHAR
STARTCHAR u269A
ENCODING 9882
SWIDTH 1000 0
DWIDTH 12 0
BBX 12 12 0 -1
BITMAP
0000
0400
0A00
E4E0
6EC0
3580
1500
0E00
0400
0400
0400
0400
ENDCHAR
STARTCHAR u26AA
ENCODING 9898
SWIDTH 1000 0
DWIDTH 12 0
BBX 12 12 0 -1
BITMAP
0000
0E00
3180
4040
4040
8020
8020
8020
4040
4040
3180
0E00
ENDCHAR
STARTCHAR u26AB
ENCODING 9899
SWIDTH 1000 0
DWIDTH 12 0
BBX 12 12 0 -1
BITMAP
0000
0E00
3F80
7FC0
7FC0
FFE0
FFE0
FFE0
7FC0
7FC0
3F80
0E00
ENDCHAR
STARTCHAR u26AC
ENCODING 9900
SWIDTH 1000 0
DWIDTH 12 0
BBX 12 12 0 -1
BITMAP
0000
0000
0000
0000
0E00
1100
1100
1100
0E00
0000
0000
0000
ENDCHAR
STARTCHAR u26B2
ENCODING 9906
SWIDTH 1000 0
DWIDTH 12 0
BBX 12 12 0 -1
BITMAP
0000
0E00
1100
2080
2080
2080
1100
0E00
0400
0400
0400
0400
ENDCHAR
STARTCHAR u26B3
ENCODING 9907
SWIDTH 1000 0
DWIDTH 12 0
BBX 12 12 0 -1
BITMAP
0000
0E00
1100
2080
0080
0080
0100
0600
0400
7FC0
0400
0400
ENDCHAR
STARTCHAR u26B4
ENCODING 9908
SWIDTH 1000 0
DWIDTH 12 0
BBX 12 12 0 -1
BITMAP
0000
0400
0A00
1100
2080
1100
0A00
0400
0400
7FC0
0400
0400
ENDCHAR
STARTCHAR u26B5
ENCODING 9909
SWIDTH 1000 0
DWIDTH 12 0
BBX 12 12 0 -1
BITMAP
0000
2480
1500
0E00
7FC0
0E00
1500
2480
0400
7FC0
0400
0400
ENDCHAR
STARTCHAR u26B8
ENCODING 9912
SWIDTH 1000 0
DWIDTH 12 0
BBX 12 12 0 -1
BITMAP
0000
0F00
1C00
3800
3800
3800
1C00
0F00
0400
7FC0
0400
0400
ENDCHAR
STARTCHAR u26BC
ENCODING 9916
SWIDTH 1000 0
DWIDTH 12 0
BBX 12 12 0 -1
BITMAP
0000
7FC0
4040
4040
4040
4440
4440
4440
4440
7FC0
0400
07C0
ENDCHAR
STARTCHAR u26BF
ENCODING 9919
SWIDTH 1000 0
DWIDTH 12 0
BBX 12 12 0 -1
BITMAP
0000
FFE0
8020
8E20
9120
8E20
8420
8720
8420
8720
8020
FFE0
ENDCHAR
STARTCHAR u26C4
ENCODING 9924
SWIDTH 1000 0
DWIDTH 12 0
BBX 12 12 0 -1
BITMAP
0000
1F00
1F00
7FC0
2080
2A80
2080
3F80
4840
4840
4040
3F80
ENDCHAR
STARTCHAR u26C5
ENCODING 9925
SWIDTH 1000 0
DWIDTH 12 0
BBX 12 12 0 -1
BITMAP
0000
0800
4100
1C00
2200
A380
2440
1820
6020
8020
8840
7780
ENDCHAR
STARTCHAR u26C6
ENCODING 9926
SWIDTH 1000 0
DWIDTH 12 0
BBX 12 12 0 -1
BITMAP
0000
0700
0F80
1FC0
7FE0
FFE0
FFE0
7FC0
0000
4920
9240
0000
ENDCHAR
STARTCHAR u26C7
ENCODING 9927
SWIDTH 1000 0
DWIDTH 12 0
BBX 12 12 0 -1
BITMAP
0000
5F40
1F00
7FC0
3F80
B5A0
1F00
2080
77C0
77C0
7FC0
3F80
ENDCHAR
STARTCHAR u26C8
ENCODING 9928
SWIDTH 1000 0
DWIDTH 12 0
BBX 12 12 0 -1
BITMAP
0000
0700
0D80
1BC0
70E0
FDE0
FBE0
7FC0
0000
4920
9240
0000
ENDCHAR
STARTCHAR u26C9
ENCODING 9929
SWIDTH 1000 0
DWIDTH 12 0
BBX 12 12 0 -1
BITMAP
0000
7FC0
4040
4040
4040
4040
4040
4040
2080
1100
0A00
0400
ENDCHAR
STARTCHAR u26CA
ENCODING 9930
SWIDTH 1000 0
DWIDTH 12 0
BBX 12 12 0 -1
BITMAP
0000
7FC0
7FC0
7FC0
7FC0
7FC0
7FC0
7FC0
3F80
1F00
0E00
0400
ENDCHAR
STARTCHAR u26CB
ENCODING 9931
SWIDTH 1000 0
DWIDTH 12 0
BBX 12 12 0 -1
BITMAP
0000
FFE0
8420
8A20
9120
A0A0
C060
A0A0
9120
8A20
8420
FFE0
ENDCHAR
STARTCHAR u26CC
ENCODING 9932
SWIDTH 1000 0
DWIDTH 12 0
BBX 12 12 0 -1
BITMAP
0000
8020
4040
2080
1100
0800
0400
0200
1100
2080
4040
8020
ENDCHAR
STARTCHAR u26CE
ENCODING 9934
SWIDTH 1000 0
DWIDTH 12 0
BBX 12 12 0 -1
BITMAP
0000
1100
1100
1100
3920
5540
9380
1100
1100
1100
1100
0E00
ENDCHAR
STARTCHAR u26CF
ENCODING 9935
SWIDTH 1000 0
DWIDTH 12 0
BBX 12 12 0 -1
BITMAP
0000
0300
5C00
3800
7000
6800
4400
8200
8100
0080
0040
0020
ENDCHAR
STARTCHAR u26D2
ENCODING 9938
SWIDTH 1000 0
DWIDTH 12 0
BBX 12 12 0 -1
BITMAP
0000
0E00
3180
60C0
5140
8820
8420
8220
5140
60C0
3180
0E00
ENDCHAR
STARTCHAR u26D3
ENCODING 9939
SWIDTH 1000 0
DWIDTH 12 0
BBX 12 12 0 -1
BITMAP
0000
A880
71C0
22A0
2220
7220
AAA0
89C0
8880
A880
71C0
22A0
ENDCHAR
STARTCHAR u26D4
ENCODING 9940
SWIDTH 1000 0
DWIDTH 12 0
BBX 12 12 0 -1
BITMAP
0000
0E00
3F80
7FC0
7FC0
FFE0
C060
FFE0
7FC0
7FC0
3F80
0E00
ENDCHAR
STARTCHAR u26D8
ENCODING 9944
SWIDTH 1000 0
DWIDTH 12 0
BBX 12 12 0 -1
BITMAP
0000
07C0
07C0
07C0
0FC0
1FC0
3FC0
7FC0
7FC0
7FC0
7FC0
7FC0
ENDCHAR
STARTCHAR u26D9
ENCODING 9945
SWIDTH 1000 0
DWIDTH 12 0
BBX 12 12 0 -1
BITMAP
0000
0440
0440
0440
0840
1440
2040
4440
4440
4040
4440
4440
ENDCHAR
STARTCHAR u26DA
ENCODING 9946
SWIDTH 1000 0
DWIDTH 12 0
BBX 12 12 0 -1
BITMAP
0000
E0E0
E0E0
C060
0000
0000
0000
0000
0000
C060
E0E0
E0E0
ENDCHAR
STARTCHAR u26DB
ENCODING 9947
SWIDTH 1000 0
DWIDTH 12 0
BBX 12 12 0 -1
BITMAP
0000
FFE0
8020
4040
4040
2080
2080
1100
1100
0A00
0A00
0400
ENDCHAR
STARTCHAR u26DC
ENCODING 9948
SWIDTH 1000 0
DWIDTH 12 0
BBX 12 12 0 -1
BITMAP
0000
1120
1120
1020
1120
2120
4020
8120
9120
9020
9120
9120
ENDCHAR
STARTCHAR u26DD
ENCODING 9949
SWIDTH 1000 0
DWIDTH 12 0
BBX 12 12 0 -1
BITMAP
0000
FFE0
C060
A0A0
9120
8A20
8420
8A20
9120
A0A0
C060
FFE0
ENDCHAR
STARTCHAR u26DE
ENCODING 9950
SWIDTH 1000 0
DWIDTH 12 0
BBX 12 12 0 -1
BITMAP
0000
FFE0
F1E0
E060
D060
8820
8420
8220
C160
C0E0
F1E0
FFE0
ENDCHAR
STARTCHAR u26E0
ENCODING 9952
SWIDTH 1000 0
DWIDTH 12 0
BBX 12 12 0 -1
BITMAP
0000
FFE0
7920
3820
1120
0120
0020
0120
0120
0020
0120
0120
ENDCHAR
STARTCHAR u26E1
ENCODING 9953
SWIDTH 1000 0
DWIDTH 12 0
BBX 12 12 0 -1
BITMAP
0000
8000
C000
E000
F000
E000
C000
8A00
9900
B880
F840
FFE0
ENDCHAR
STARTCHAR u26E2
ENCODING 9954
SWIDTH 1000 0
DWIDTH 12 0
BBX 12 12 0 -1
BITMAP
0000
0400
0E00
1500
0400
0400
0400
0E00
1100
1500
1100
0E00
ENDCHAR
STARTCHAR u26E3
ENCODING 9955
SWIDTH 1000 0
DWIDTH 12 0
BBX 12 12 0 -1
BITMAP
0000
0400
0400
2480
0400
0E00
1100
2080
2080
2080
1100
0E00
ENDCHAR
STARTCHAR u26E4
ENCODING 9956
SWIDTH 1000 0
DWIDTH 12 0
BBX 12 12 0 -1
BITMAP
0000
0400
0400
0A00
0A00
FFE0
2A80
1B00
1500
2A80
3180
4040
ENDCHAR
STARTCHAR u26E5
ENCODING 9957
SWIDTH 1000 0
DWIDTH 12 0
BBX 12 12 0 -1
BITMAP
0000
0400
0400
0A00
0200
FEE0
2A80
0B00
1400
2A80
3180
4040
ENDCHAR
STARTCHAR u26E6
ENCODING 9958
SWIDTH 1000 0
DWIDTH 12 0
BBX 12 12 0 -1
BITMAP
0000
0400
0400
0A00
0800
EFE0
2A80
1A00
0500
2A80
3180
4040
ENDCHAR
STARTCHAR u26E7
ENCODING 9959
SWIDTH 1000 0
DWIDTH 12 0
BBX 12 12 0 -1
BITMAP
0000
4040
3180
2A80
1500
1B00
2A80
FFE0
0A00
0A00
0400
0400
ENDCHAR
STARTCHAR u26E8
ENCODING 9960
SWIDTH 1000 0
DWIDTH 12 0
BBX 12 12 0 -1
BITMAP
0000
7FC0
4040
4440
4440
5F40
4440
4440
4440
2080
1100
0E00
ENDCHAR
STARTCHAR u26E9
ENCODING 9961
SWIDTH 1000 0
DWIDTH 12 0
BBX 12 12 0 -1
BITMAP
0000
E0E0
7FC0
3F80
2480
FFE0
2080
2080
2080
2080
2080
71C0
ENDCHAR
STARTCHAR u26EA
ENCODING 9962
SWIDTH 1000 0
DWIDTH 12 0
BBX 12 12 0 -1
BITMAP
0000
0400
0E00
0400
0A00
1100
3580
5140
9520
B5A0
B5A0
FFE0
ENDCHAR
STARTCHAR u26EB
ENCODING 9963
SWIDTH 1000 0
DWIDTH 12 0
BBX 12 12 0 -1
BITMAP
0000
EEE0
AAA0
BBA0
8020
A0A0
A0A0
8020
8E20
8E20
8E20
FFE0
ENDCHAR
STARTCHAR u26EC
ENCODING 9964
SWIDTH 1000 0
DWIDTH 12 0
BBX 12 12 0 -1
BITMAP
0000
0000
0600
0600
0000
0000
0000
0000
30C0
30C0
0000
0000
ENDCHAR
STARTCHAR u26ED
ENCODING 9965
SWIDTH 1000 0
DWIDTH 12 0
BBX 12 12 0 -1
BITMAP
0000
0400
4440
2E80
1100
2080
E0E0
2080
1100
2E80
4440
0400
ENDCHAR
STARTCHAR u26EE
ENCODING 9966
SWIDTH 1000 0
DWIDTH 12 0
BBX 12 12 0 -1
BITMAP
0000
0400
4440
2E80
1100
20A0
E0E0
A080
1100
2E80
4440
0400
ENDCHAR
STARTCHAR u26EF
ENCODING 9967
SWIDTH 1000 0
DWIDTH 12 0
BBX 12 12 0 -1
BITMAP
0000
0400
4440
2E80
1100
2080
E4E0
2080
1100
2E80
4440
0400
ENDCHAR
STARTCHAR u26F1
ENCODING 9969
SWIDTH 1000 0
DWIDTH 12 0
BBX 12 12 0 -1
BITMAP
0000
0000
1C00
1F40
0F80
07C0
03C0
05E0
08E0
1060
2000
FFC0
ENDCHAR
STARTCHAR u26F2
ENCODING 9970
SWIDTH 1000 0
DWIDTH 12 0
BBX 12 12 0 -1
BITMAP
0000
5140
8A20
8A20
2080
8E20
3F80
1F00
0E00
0E00
FFE0
7FC0
ENDCHAR
STARTCHAR u26F3
ENCODING 9971
SWIDTH 1000 0
DWIDTH 12 0
BBX 12 12 0 -1
BITMAP
0000
0600
0700
07C0
0400
0400
0400
0400
75C0
F5E0
FBE0
7FC0
ENDCHAR
STARTCHAR u26F5
ENCODING 9973
SWIDTH 1000 0
DWIDTH 12 0
BBX 12 12 0 -1
BITMAP
0000
0200
0300
0A80
1A80
2A40
4A40
FBE0
0200
FFE0
3FC0
1F80
ENDCHAR
STARTCHAR u26F6
ENCODING 9974
SWIDTH 1000 0
DWIDTH 12 0
BBX 12 12 0 -1
BITMAP
0000
71C0
8020
8020
8020
0000
0000
0000
8020
8020
8020
71C0
ENDCHAR
STARTCHAR u26F8
ENCODING 9976
SWIDTH 1000 0
DWIDTH 12 0
BBX 12 12 0 -1
BITMAP
0000
03E0
03E0
03E0
03E0
7FE0
FFE0
FFE0
7FE0
1100
1100
FFE0
ENDCHAR
STARTCHAR u26FC
ENCODING 9980
SWIDTH 1000 0
DWIDTH 12 0
BBX 12 12 0 -1
BITMAP
0000
0000
0400
0400
0400
1F00
0000
2080
2080
2080
FBE0
0000
ENDCHAR
STARTCHAR u26FD
ENCODING 9981
SWIDTH 1000 0
DWIDTH 12 0
BBX 12 12 0 -1
BITMAP
0000
3C00
7E00
4380
4240
7E20
7F20
7EA0
7EA0
7EA0
7E40
FF00
ENDCHAR
STARTCHAR u26FF
ENCODING 9983
SWIDTH 1000 0
DWIDTH 12 0
BBX 12 12 0 -1
BITMAP
0000
7000
4860
77A0
7860
7FE0
4FE0
77A0
4860
4780
4000
4000
ENDCHAR
STARTCHAR u2708
ENCODING 9992
SWIDTH 1000 0
DWIDTH 12 0
BBX 12 12 0 -1
BITMAP
0000
0800
0C00
0F00
8600
C700
FFE0
C700
8600
0F00
0C00
0800
ENDCHAR
STARTCHAR u2709
ENCODING 9993
SWIDTH 1000 0
DWIDTH 12 0
BBX 12 12 0 -1
BITMAP
0000
0000
FFE0
C060
A0A0
9120
8A20
8420
8020
8020
FFE0
0000
ENDCHAR
STARTCHAR u2766
ENCODING 10086
SWIDTH 1000 0
DWIDTH 12 0
BBX 12 12 0 -1
BITMAP
0000
7020
8BC0
0400
3B80
7FC0
7FC0
7FC0
7F80
3F00
1E40
0F80
ENDCHAR
STARTCHAR u2767
ENCODING 10087
SWIDTH 1000 0
DWIDTH 12 0
BBX 12 12 0 -1
BITMAP
0000
8000
4E40
5F20
5FA0
5FE0
2FE0
5FE0
9FC0
9F80
8F00
4000
ENDCHAR
STARTCHAR u2776
ENCODING 10102
SWIDTH 1000 0
DWIDTH 12 0
BBX 12 12 0 -1
BITMAP
0000
0E00
3F80
7BC0
73C0
FBE0
FBE0
FBE0
7BC0
71C0
3F80
0E00
ENDCHAR
STARTCHAR u2777
ENCODING 10103
SWIDTH 1000 0
DWIDTH 12 0
BBX 12 12 0 -1
BITMAP
0000
0E00
3F80
71C0
6EC0
FEE0
F9E0
F7E0
6FC0
60C0
3F80
0E00
ENDCHAR
STARTCHAR u2778
ENCODING 10104
SWIDTH 1000 0
DWIDTH 12 0
BBX 12 12 0 -1
BITMAP
0000
0E00
3F80
71C0
6EC0
FEE0
F9E0
FEE0
6EC0
71C0
3F80
0E00
ENDCHAR
STARTCHAR u2779
ENCODING 10105
SWIDTH 1000 0
DWIDTH 12 0
BBX 12 12 0 -1
BITMAP
0000
0E00
3F80
79C0
75C0
F5E0
EDE0
EDE0
60C0
7DC0
3F80
0E00
ENDCHAR
STARTCHAR u277A
ENCODING 10106
SWIDTH 1000 0
DWIDTH 12 0
BBX 12 12 0 -1
BITMAP
0000
0E00
3F80
60C0
6FC0
EFE0
E1E0
FEE0
7EC0
61C0
3F80
0E00
ENDCHAR
STARTCHAR u277B
ENCODING 10107
SWIDTH 1000 0
DWIDTH 12 0
BBX 12 12 0 -1
BITMAP
0000
0E00
3F80
71C0
6EC0
EFE0
E1E0
EEE0
6EC0
71C0
3F80
0E00
ENDCHAR
STARTCHAR u277C
ENCODING 10108
SWIDTH 1000 0
DWIDTH 12 0
BBX 12 12 0 -1
BITMAP
0000
0E00
3F80
61C0
7EC0
FEE0
FDE0
FDE0
7BC0
7BC0
3F80
0E00
ENDCHAR
STARTCHAR u277D
ENCODING 10109
SWIDTH 1000 0
DWIDTH 12 0
BBX 12 12 0 -1
BITMAP
0000
0E00
3F80
71C0
6EC0
EEE0
F1E0
EEE0
6EC0
71C0
3F80
0E00
ENDCHAR
STARTCHAR u277E
ENCODING 10110
SWIDTH 1000 0
DWIDTH 12 0
BBX 12 12 0 -1
BITMAP
0000
0E00
3F80
71C0
6EC0
EEE0
F0E0
FEE0
6EC0
71C0
3F80
0E00
ENDCHAR
STARTCHAR u277F
ENCODING 10111
SWIDTH 1000 0
DWIDTH 12 0
BBX 12 12 0 -1
BITMAP
0000
0E00
3F80
6CC0
4B40
EB60
EB60
EB60
6B40
6CC0
3F80
0E00
ENDCHAR
STARTCHAR u2780
ENCODING 10112
SWIDTH 1000 0
DWIDTH 12 0
BBX 12 12 0 -1
BITMAP
0000
0E00
3180
4440
4C40
8420
8420
8420
4440
4E40
3180
0E00
ENDCHAR
STARTCHAR u2781
ENCODING 10113
SWIDTH 1000 0
DWIDTH 12 0
BBX 12 12 0 -1
BITMAP
0000
0E00
3180
4E40
5140
8120
8620
8820
5040
5F40
3180
0E00
ENDCHAR
STARTCHAR u2782
ENCODING 10114
SWIDTH 1000 0
DWIDTH 12 0
BBX 12 12 0 -1
BITMAP
0000
0E00
3180
4E40
5140
8120
8620
8120
5140
4E40
3180
0E00
ENDCHAR
STARTCHAR u2783
ENCODING 10115
SWIDTH 1000 0
DWIDTH 12 0
BBX 12 12 0 -1
BITMAP
0000
0E00
3180
4640
4A40
8A20
9220
9220
5F40
4240
3180
0E00
ENDCHAR
STARTCHAR u2784
ENCODING 10116
SWIDTH 1000 0
DWIDTH 12 0
BBX 12 12 0 -1
BITMAP
0000
0E00
3180
5F40
5040
9020
9E20
8120
4140
5E40
3180
0E00
ENDCHAR
STARTCHAR u2785
ENCODING 10117
SWIDTH 1000 0
DWIDTH 12 0
BBX 12 12 0 -1
BITMAP
0000
0E00
3180
4E40
5140
9020
9E20
9120
5140
4E40
3180
0E00
ENDCHAR
STARTCHAR u2786
ENCODING 10118
SWIDTH 1000 0
DWIDTH 12 0
BBX 12 12 0 -1
BITMAP
0000
0E00
3180
5E40
4140
8120
8220
8220
4440
4440
3180
0E00
ENDCHAR
STARTCHAR u2787
ENCODING 10119
SWIDTH 1000 0
DWIDTH 12 0
BBX 12 12 0 -1
BITMAP
0000
0E00
3180
4E40
5140
9120
8E20
9120
5140
4E40
3180
0E00
ENDCHAR
STARTCHAR u2788
ENCODING 10120
SWIDTH 1000 0
DWIDTH 12 0
BBX 12 12 0 -1
BITMAP
0000
0E00
3180
4E40
5140
9120
8F20
8120
5140
4E40
3180
0E00
ENDCHAR
STARTCHAR u2789
ENCODING 10121
SWIDTH 1000 0
DWIDTH 12 0
BBX 12 12 0 -1
BITMAP
0000
0E00
3180
5340
74C0
94A0
94A0
94A0
54C0
5340
3180
0E00
ENDCHAR
STARTCHAR u278A
ENCODING 10122
SWIDTH 1000 0
DWIDTH 12 0
BBX 12 12 0 -1
BITMAP
0000
0E00
3F80
7BC0
73C0
FBE0
FBE0
FBE0
7BC0
71C0
3F80
0E00
ENDCHAR
STARTCHAR u278B
ENCODING 10123
SWIDTH 1000 0
DWIDTH 12 0
BBX 12 12 0 -1
BITMAP
0000
0E00
3F80
71C0
6EC0
FEE0
F9E0
F7E0
6FC0
60C0
3F80
0E00
ENDCHAR
STARTCHAR u278C
ENCODING 10124
SWIDTH 1000 0
DWIDTH 12 0
BBX 12 12 0 -1
BITMAP
0000
0E00
3F80
71C0
6EC0
FEE0
F9E0
FEE0
6EC0
71C0
3F80
0E00
ENDCHAR
STARTCHAR u278D
ENCODING 10125
SWIDTH 1000 0
DWIDTH 12 0
BBX 12 12 0 -1
BITMAP
0000
0E00
3F80
79C0
75C0
F5E0
EDE0
EDE0
60C0
7DC0
3F80
0E00
ENDCHAR
STARTCHAR u278E
ENCODING 10126
SWIDTH 1000 0
DWIDTH 12 0
BBX 12 12 0 -1
BITMAP
0000
0E00
3F80
60C0
6FC0
EFE0
E1E0
FEE0
7EC0
61C0
3F80
0E00
ENDCHAR
STARTCHAR u278F
ENCODING 10127
SWIDTH 1000 0
DWIDTH 12 0
BBX 12 12 0 -1
BITMAP
0000
0E00
3F80
71C0
6EC0
EFE0
E1E0
EEE0
6EC0
71C0
3F80
0E00
ENDCHAR
STARTCHAR u2790
ENCODING 10128
SWIDTH 1000 0
DWIDTH 12 0
BBX 12 12 0 -1
BITMAP
0000
0E00
3F80
61C0
7EC0
FEE0
FDE0
FDE0
7BC0
7BC0
3F80
0E00
ENDCHAR
STARTCHAR u2791
ENCODING 10129
SWIDTH 1000 0
DWIDTH 12 0
BBX 12 12 0 -1
BITMAP
0000
0E00
3F80
71C0
6EC0
EEE0
F1E0
EEE0
6EC0
71C0
3F80
0E00
ENDCHAR
STARTCHAR u2792
ENCODING 10130
SWIDTH 1000 0
DWIDTH 12 0
BBX 12 12 0 -1
BITMAP
0000
0E00
3F80
71C0
6EC0
EEE0
F0E0
FEE0
6EC0
71C0
3F80
0E00
ENDCHAR
STARTCHAR u2793
ENCODING 10131
SWIDTH 1000 0
DWIDTH 12 0
BBX 12 12 0 -1
BITMAP
0000
0E00
3F80
6CC0
4B40
EB60
EB60
EB60
6B40
6CC0
3F80
0E00
ENDCHAR
STARTCHAR u2800
ENCODING 10240
SWIDTH 500 0
DWIDTH 6 0
BBX 6 12 0 -1
BITMAP
00
00
00
00
00
00
00
00
00
00
00
00
ENDCHAR
STARTCHAR u2801
ENCODING 10241
SWIDTH 500 0
DWIDTH 6 0
BBX 6 12 0 -1
BITMAP
00
C0
C0
00
00
00
00
00
00
00
00
00
ENDCHAR
STARTCHAR u2802
ENCODING 10242
SWIDTH 500 0
DWIDTH 6 0
BBX 6 12 0 -1
BITMAP
00
00
00
00
C0
C0
00
00
00
00
00
00
ENDCHAR
STARTCHAR u2803
ENCODING 10243
SWIDTH 500 0
DWIDTH 6 0
BBX 6 12 0 -1
BITMAP
00
C0
C0
00
C0
C0
00
00
00
00
00
00
ENDCHAR
STARTCHAR u2804
ENCODING 10244
SWIDTH 500 0
DWIDTH 6 0
BBX 6 12 0 -1
BITMAP
00
00
00
00
00
00
00
C0
C0
00
00
00
ENDCHAR
STARTCHAR u2805
ENCODING 10245
SWIDTH 500 0
DWIDTH 6 0
BBX 6 12 0 -1
BITMAP
00
C0
C0
00
00
00
00
C0
C0
00
00
00
ENDCHAR
STARTCHAR u2806
ENCODING 10246
SWIDTH 500 0
DWIDTH 6 0
BBX 6 12 0 -1
BITMAP
00
00
00
00
C0
C0
00
C0
C0
00
00
00
ENDCHAR
STARTCHAR u2807
ENCODING 10247
SWIDTH 500 0
DWIDTH 6 0
BBX 6 12 0 -1
BITMAP
00
C0
C0
00
C0
C0
00
C0
C0
00
00
00
ENDCHAR
STARTCHAR u2808
ENCODING 10248
SWIDTH 500 0
DWIDTH 6 0
BBX 6 12 0 -1
BITMAP
00
18
18
00
00
00
00
00
00
00
00
00
ENDCHAR
STARTCHAR u2809
ENCODING 10249
SWIDTH 500 0
DWIDTH 6 0
BBX 6 12 0 -1
BITMAP
00
D8
D8
00
00
00
00
00
00
00
00
00
ENDCHAR
STARTCHAR u280A
ENCODING 10250
SWIDTH 500 0
DWIDTH 6 0
BBX 6 12 0 -1
BITMAP
00
18
18
00
C0
C0
00
00
00
00
00
00
ENDCHAR
STARTCHAR u280B
ENCODING 10251
SWIDTH 500 0
DWIDTH 6 0
BBX 6 12 0 -1
BITMAP
00
D8
D8
00
C0
C0
00
00
00
00
00
00
ENDCHAR
STARTCHAR u280C
ENCODING 10252
SWIDTH 500 0
DWIDTH 6 0
BBX 6 12 0 -1
BITMAP
00
18
18
00
00
00
00
C0
C0
00
00
00
ENDCHAR
STARTCHAR u280D
ENCODING 10253
SWIDTH 500 0
DWIDTH 6 0
BBX 6 12 0 -1
BITMAP
00
D8
D8
00
00
00
00
C0
C0
00
00
00
ENDCHAR
STARTCHAR u280E
ENCODING 10254
SWIDTH 500 0
DWIDTH 6 0
BBX 6 12 0 -1
BITMAP
00
18
18
00
C0
C0
00
C0
C0
00
00
00
ENDCHAR
STARTCHAR u280F
ENCODING 10255
SWIDTH 500 0
DWIDTH 6 0
BBX 6 12 0 -1
BITMAP
00
D8
D8
00
C0
C0
00
C0
C0
00
00
00
ENDCHAR
STARTCHAR u2810
ENCODING 10256
SWIDTH 500 0
DWIDTH 6 0
BBX 6 12 0 -1
BITMAP
00
00
00
00
18
18
00
00
00
00
00
00
ENDCHAR
STARTCHAR u2811
ENCODING 10257
SWIDTH 500 0
DWIDTH 6 0
BBX 6 12 0 -1
BITMAP
00
C0
C0
00
18
18
00
00
00
00
00
00
ENDCHAR
STARTCHAR u2812
ENCODING 10258
SWIDTH 500 0
DWIDTH 6 0
BBX 6 12 0 -1
BITMAP
00
00
00
00
D8
D8
00
00
00
00
00
00
ENDCHAR
STARTCHAR u2813
ENCODING 10259
SWIDTH 500 0
DWIDTH 6 0
BBX 6 12 0 -1
BITMAP
00
C0
C0
00
D8
D8
00
00
00
00
00
00
ENDCHAR
STARTCHAR u2814
ENCODING 10260
SWIDTH 500 0
DWIDTH 6 0
BBX 6 12 0 -1
BITMAP
00
00
00
00
18
18
00
C0
C0
00
00
00
ENDCHAR
STARTCHAR u2815
ENCODING 10261
SWIDTH 500 0
DWIDTH 6 0
BBX 6 12 0 -1
BITMAP
00
C0
C0
00
18
18
00
C0
C0
00
00
00
ENDCHAR
STARTCHAR u2816
ENCODING 10262
SWIDTH 500 0
DWIDTH 6 0
BBX 6 12 0 -1
BITMAP
00
00
00
00
D8
D8
00
C0
C0
00
00
00
ENDCHAR
STARTCHAR u2817
ENCODING 10263
SWIDTH 500 0
DWIDTH 6 0
BBX 6 12 0 -1
BITMAP
00
C0
C0
00
D8
D8
00
C0
C0
00
00
00
ENDCHAR
STARTCHAR u2818
ENCODING 10264
SWIDTH 500 0
DWIDTH 6 0
BBX 6 12 0 -1
BITMAP
00
18
18
00
18
18
00
00
00
00
00
00
ENDCHAR
STARTCHAR u2819
ENCODING 10265
SWIDTH 500 0
DWIDTH 6 0
BBX 6 12 0 -1
BITMAP
00
D8
D8
00
18
18
00
00
00
00
00
00
ENDCHAR
STARTCHAR u281A
ENCODING 10266
SWIDTH 500 0
DWIDTH 6 0
BBX 6 12 0 -1
BITMAP
00
18
18
00
D8
D8
00
00
00
00
00
00
ENDCHAR
STARTCHAR u281B
ENCODING 10267
SWIDTH 500 0
DWIDTH 6 0
BBX 6 12 0 -1
BITMAP
00
D8
D8
00
D8
D8
00
00
00
00
00
00
ENDCHAR
STARTCHAR u281C
ENCODING 10268
SWIDTH 500 0
DWIDTH 6 0
BBX 6 12 0 -1
BITMAP
00
18
18
00
18
18
00
C0
C0
00
00
00
ENDCHAR
STARTCHAR u281D
ENCODING 10269
SWIDTH 500 0
DWIDTH 6 0
BBX 6 12 0 -1
BITMAP
00
D8
D8
00
18
18
00
C0
C0
00
00
00
ENDCHAR
STARTCHAR u281E
ENCODING 10270
SWIDTH 500 0
DWIDTH 6 0
BBX 6 12 0 -1
BITMAP
00
18
18
00
D8
D8
00
C0
C0
00
00
00
ENDCHAR
STARTCHAR u281F
ENCODING 10271
SWIDTH 500 0
DWIDTH 6 0
BBX 6 12 0 -1
BITMAP
00
D8
D8
00
D8
D8
00
C0
C0
00
00
00
ENDCHAR
STARTCHAR u2820
ENCODING 10272
SWIDTH 500 0
DWIDTH 6 0
BBX 6 12 0 -1
BITMAP
00
00
00
00
00
00
00
18
18
00
00
00
ENDCHAR
STARTCHAR u2821
ENCODING 10273
SWIDTH 500 0
DWIDTH 6 0
BBX 6 12 0 -1
BITMAP
00
C0
C0
00
00
00
00
18
18
00
00
00
ENDCHAR
STARTCHAR u2822
ENCODING 10274
SWIDTH 500 0
DWIDTH 6 0
BBX 6 12 0 -1
BITMAP
00
00
00
00
C0
C0
00
18
18
00
00
00
ENDCHAR
STARTCHAR u2823
ENCODING 10275
SWIDTH 500 0
DWIDTH 6 0
BBX 6 12 0 -1
BITMAP
00
C0
C0
00
C0
C0
00
18
18
00
00
00
ENDCHAR
STARTCHAR u2824
ENCODING 10276
SWIDTH 500 0
DWIDTH 6 0
BBX 6 12 0 -1
BITMAP
00
00
00
00
00
00
00
D8
D8
00
00
00
ENDCHAR
STARTCHAR u2825
ENCODING 10277
SWIDTH 500 0
DWIDTH 6 0
BBX 6 12 0 -1
BITMAP
00
C0
C0
00
00
00
00
D8
D8
00
00
00
ENDCHAR
STARTCHAR u2826
ENCODING 10278
SWIDTH 500 0
DWIDTH 6 0
BBX 6 12 0 -1
BITMAP
00
00
00
00
C0
C0
00
D8
D8
00
00
00
ENDCHAR
STARTCHAR u2827
ENCODING 10279
SWIDTH 500 0
DWIDTH 6 0
BBX 6 12 0 -1
BITMAP
00
C0
C0
00
C0
C0
00
D8
D8
00
00
00
ENDCHAR
STARTCHAR u2828
ENCODING 10280
SWIDTH 500 0
DWIDTH 6 0
BBX 6 12 0 -1
BITMAP
00
18
18
00
00
00
00
18
18
00
00
00
ENDCHAR
STARTCHAR u2829
ENCODING 10281
SWIDTH 500 0
DWIDTH 6 0
BBX 6 12 0 -1
BITMAP
00
D8
D8
00
00
00
00
18
18
00
00
00
ENDCHAR
STARTCHAR u282A
ENCODING 10282
SWIDTH 500 0
DWIDTH 6 0
BBX 6 12 0 -1
BITMAP
00
18
18
00
C0
C0
00
18
18
00
00
00
ENDCHAR
STARTCHAR u282B
ENCODING 10283
SWIDTH 500 0
DWIDTH 6 0
BBX 6 12 0 -1
BITMAP
00
D8
D8
00
C0
C0
00
18
18
00
00
00
ENDCHAR
STARTCHAR u282C
ENCODING 10284
SWIDTH 500 0
DWIDTH 6 0
BBX 6 12 0 -1
BITMAP
00
18
18
00
00
00
00
D8
D8
00
00
00
ENDCHAR
STARTCHAR u282D
ENCODING 10285
SWIDTH 500 0
DWIDTH 6 0
BBX 6 12 0 -1
BITMAP
00
D8
D8
00
00
00
00
D8
D8
00
00
00
ENDCHAR
STARTCHAR u282E
ENCODING 10286
SWIDTH 500 0
DWIDTH 6 0
BBX 6 12 0 -1
BITMAP
00
18
18
00
C0
C0
00
D8
D8
00
00
00
ENDCHAR
STARTCHAR u282F
ENCODING 10287
SWIDTH 500 0
DWIDTH 6 0
BBX 6 12 0 -1
BITMAP
00
D8
D8
00
C0
C0
00
D8
D8
00
00
00
ENDCHAR
STARTCHAR u2830
ENCODING 10288
SWIDTH 500 0
DWIDTH 6 0
BBX 6 12 0 -1
BITMAP
00
00
00
00
18
18
00
18
18
00
00
00
ENDCHAR
STARTCHAR u2831
ENCODING 10289
SWIDTH 500 0
DWIDTH 6 0
BBX 6 12 0 -1
BITMAP
00
C0
C0
00
18
18
00
18
18
00
00
00
ENDCHAR
STARTCHAR u2832
ENCODING 10290
SWIDTH 500 0
DWIDTH 6 0
BBX 6 12 0 -1
BITMAP
00
00
00
00
D8
D8
00
18
18
00
00
00
ENDCHAR
STARTCHAR u2833
ENCODING 10291
SWIDTH 500 0
DWIDTH 6 0
BBX 6 12 0 -1
BITMAP
00
C0
C0
00
D8
D8
00
18
18
00
00
00
ENDCHAR
STARTCHAR u2834
ENCODING 10292
SWIDTH 500 0
DWIDTH 6 0
BBX 6 12 0 -1
BITMAP
00
00
00
00
18
18
00
D8
D8
00
00
00
ENDCHAR
STARTCHAR u2835
ENCODING 10293
SWIDTH 500 0
DWIDTH 6 0
BBX 6 12 0 -1
BITMAP
00
C0
C0
00
18
18
00
D8
D8
00
00
00
ENDCHAR
STARTCHAR u2836
ENCODING 10294
SWIDTH 500 0
DWIDTH 6 0
BBX 6 12 0 -1
BITMAP
00
00
00
00
D8
D8
00
D8
D8
00
00
00
ENDCHAR
STARTCHAR u2837
ENCODING 10295
SWIDTH 500 0
DWIDTH 6 0
BBX 6 12 0 -1
BITMAP
00
C0
C0
00
D8
D8
00
D8
D8
00
00
00
ENDCHAR
STARTCHAR u2838
ENCODING 10296
SWIDTH 500 0
DWIDTH 6 0
BBX 6 12 0 -1
BITMAP
00
18
18
00
18
18
00
18
18
00
00
00
ENDCHAR
STARTCHAR u2839
ENCODING 10297
SWIDTH 500 0
DWIDTH 6 0
BBX 6 12 0 -1
BITMAP
00
D8
D8
00
18
18
00
18
18
00
00
00
ENDCHAR
STARTCHAR u283A
ENCODING 10298
SWIDTH 500 0
DWIDTH 6 0
BBX 6 12 0 -1
BITMAP
00
18
18
00
D8
D8
00
18
18
00
00
00
ENDCHAR
STARTCHAR u283B
ENCODING 10299
SWIDTH 500 0
DWIDTH 6 0
BBX 6 12 0 -1
BITMAP
00
D8
D8
00
D8
D8
00
18
18
00
00
00
ENDCHAR
STARTCHAR u283C
ENCODING 10300
SWIDTH 500 0
DWIDTH 6 0
BBX 6 12 0 -1
BITMAP
00
18
18
00
18
18
00
D8
D8
00
00
00
ENDCHAR
STARTCHAR u283D
ENCODING 10301
SWIDTH 500 0
DWIDTH 6 0
BBX 6 12 0 -1
BITMAP
00
D8
D8
00
18
18
00
D8
D8
00
00
00
ENDCHAR
STARTCHAR u283E
ENCODING 10302
SWIDTH 500 0
DWIDTH 6 0
BBX 6 12 0 -1
BITMAP
00
18
18
00
D8
D8
00
D8
D8
00
00
00
ENDCHAR
STARTCHAR u283F
ENCODING 10303
SWIDTH 500 0
DWIDTH 6 0
BBX 6 12 0 -1
BITMAP
00
D8
D8
00
D8
D8
00
D8
D8
00
00
00
ENDCHAR
STARTCHAR u2840
ENCODING 10304
SWIDTH 500 0
DWIDTH 6 0
BBX 6 12 0 -1
BITMAP
00
00
00
00
00
00
00
00
00
00
C0
C0
ENDCHAR
STARTCHAR u2841
ENCODING 10305
SWIDTH 500 0
DWIDTH 6 0
BBX 6 12 0 -1
BITMAP
00
C0
C0
00
00
00
00
00
00
00
C0
C0
ENDCHAR
STARTCHAR u2842
ENCODING 10306
SWIDTH 500 0
DWIDTH 6 0
BBX 6 12 0 -1
BITMAP
00
00
00
00
C0
C0
00
00
00
00
C0
C0
ENDCHAR
STARTCHAR u2843
ENCODING 10307
SWIDTH 500 0
DWIDTH 6 0
BBX 6 12 0 -1
BITMAP
00
C0
C0
00
C0
C0
00
00
00
00
C0
C0
ENDCHAR
STARTCHAR u2844
ENCODING 10308
SWIDTH 500 0
DWIDTH 6 0
BBX 6 12 0 -1
BITMAP
00
00
00
00
00
00
00
C0
C0
00
C0
C0
ENDCHAR
STARTCHAR u2845
ENCODING 10309
SWIDTH 500 0
DWIDTH 6 0
BBX 6 12 0 -1
BITMAP
00
C0
C0
00
00
00
00
C0
C0
00
C0
C0
ENDCHAR
STARTCHAR u2846
ENCODING 10310
SWIDTH 500 0
DWIDTH 6 0
BBX 6 12 0 -1
BITMAP
00
00
00
00
C0
C0
00
C0
C0
00
C0
C0
ENDCHAR
STARTCHAR u2847
ENCODING 10311
SWIDTH 500 0
DWIDTH 6 0
BBX 6 12 0 -1
BITMAP
00
C0
C0
00
C0
C0
00
C0
C0
00
C0
C0
ENDCHAR
STARTCHAR u2848
ENCODING 10312
SWIDTH 500 0
DWIDTH 6 0
BBX 6 12 0 -1
BITMAP
00
18
18
00
00
00
00
00
00
00
C0
C0
ENDCHAR
STARTCHAR u2849
ENCODING 10313
SWIDTH 500 0
DWIDTH 6 0
BBX 6 12 0 -1
BITMAP
00
D8
D8
00
00
00
00
00
00
00
C0
C0
ENDCHAR
STARTCHAR u284A
ENCODING 10314
SWIDTH 500 0
DWIDTH 6 0
BBX 6 12 0 -1
BITMAP
00
18
18
00
C0
C0
00
00
00
00
C0
C0
ENDCHAR
STARTCHAR u284B
ENCODING 10315
SWIDTH 500 0
DWIDTH 6 0
BBX 6 12 0 -1
BITMAP
00
D8
D8
00
C0
C0
00
00
00
00
C0
C0
ENDCHAR
STARTCHAR u284C
ENCODING 10316
SWIDTH 500 0
DWIDTH 6 0
BBX 6 12 0 -1
BITMAP
00
18
18
00
00
00
00
C0
C0
00
C0
C0
ENDCHAR
STARTCHAR u284D
ENCODING 10317
SWIDTH 500 0
DWIDTH 6 0
BBX 6 12 0 -1
BITMAP
00
D8
D8
00
00
00
00
C0
C0
00
C0
C0
ENDCHAR
STARTCHAR u284E
ENCODING 10318
SWIDTH 500 0
DWIDTH 6 0
BBX 6 12 0 -1
BITMAP
00
18
18
00
C0
C0
00
C0
C0
00
C0
C0
ENDCHAR
STARTCHAR u284F
ENCODING 10319
SWIDTH 500 0
DWIDTH 6 0
BBX 6 12 0 -1
BITMAP
00
D8
D8
00
C0
C0
00
C0
C0
00
C0
C0
ENDCHAR
STARTCHAR u2850
ENCODING 10320
SWIDTH 500 0
DWIDTH 6 0
BBX 6 12 0 -1
BITMAP
00
00
00
00
18
18
00
00
00
00
C0
C0
ENDCHAR
STARTCHAR u2851
ENCODING 10321
SWIDTH 500 0
DWIDTH 6 0
BBX 6 12 0 -1
BITMAP
00
C0
C0
00
18
18
00
00
00
00
C0
C0
ENDCHAR
STARTCHAR u2852
ENCODING 10322
SWIDTH 500 0
DWIDTH 6 0
BBX 6 12 0 -1
BITMAP
00
00
00
00
D8
D8
00
00
00
00
C0
C0
ENDCHAR
STARTCHAR u2853
ENCODING 10323
SWIDTH 500 0
DWIDTH 6 0
BBX 6 12 0 -1
BITMAP
00
C0
C0
00
D8
D8
00
00
00
00
C0
C0
ENDCHAR
STARTCHAR u2854
ENCODING 10324
SWIDTH 500 0
DWIDTH 6 0
BBX 6 12 0 -1
BITMAP
00
00
00
00
18
18
00
C0
C0
00
C0
C0
ENDCHAR
STARTCHAR u2855
ENCODING 10325
SWIDTH 500 0
DWIDTH 6 0
BBX 6 12 0 -1
BITMAP
00
C0
C0
00
18
18
00
C0
C0
00
C0
C0
ENDCHAR
STARTCHAR u2856
ENCODING 10326
SWIDTH 500 0
DWIDTH 6 0
BBX 6 12 0 -1
BITMAP
00
00
00
00
D8
D8
00
C0
C0
00
C0
C0
ENDCHAR
STARTCHAR u2857
ENCODING 10327
SWIDTH 500 0
DWIDTH 6 0
BBX 6 12 0 -1
BITMAP
00
C0
C0
00
D8
D8
00
C0
C0
00
C0
C0
ENDCHAR
STARTCHAR u2858
ENCODING 10328
SWIDTH 500 0
DWIDTH 6 0
BBX 6 12 0 -1
BITMAP
00
18
18
00
18
18
00
00
00
00
C0
C0
ENDCHAR
STARTCHAR u2859
ENCODING 10329
SWIDTH 500 0
DWIDTH 6 0
BBX 6 12 0 -1
BITMAP
00
D8
D8
00
18
18
00
00
00
00
C0
C0
ENDCHAR
STARTCHAR u285A
ENCODING 10330
SWIDTH 500 0
DWIDTH 6 0
BBX 6 12 0 -1
BITMAP
00
18
18
00
D8
D8
00
00
00
00
C0
C0
ENDCHAR
STARTCHAR u285B
ENCODING 10331
SWIDTH 500 0
DWIDTH 6 0
BBX 6 12 0 -1
BITMAP
00
D8
D8
00
D8
D8
00
00
00
00
C0
C0
ENDCHAR
STARTCHAR u285C
ENCODING 10332
SWIDTH 500 0
DWIDTH 6 0
BBX 6 12 0 -1
BITMAP
00
18
18
00
18
18
00
C0
C0
00
C0
C0
ENDCHAR
STARTCHAR u285D
ENCODING 10333
SWIDTH 500 0
DWIDTH 6 0
BBX 6 12 0 -1
BITMAP
00
D8
D8
00
18
18
00
C0
C0
00
C0
C0
ENDCHAR
STARTCHAR u285E
ENCODING 10334
SWIDTH 500 0
DWIDTH 6 0
BBX 6 12 0 -1
BITMAP
00
18
18
00
D8
D8
00
C0
C0
00
C0
C0
ENDCHAR
STARTCHAR u285F
ENCODING 10335
SWIDTH 500 0
DWIDTH 6 0
BBX 6 12 0 -1
BITMAP
00
D8
D8
00
D8
D8
00
C0
C0
00
C0
C0
ENDCHAR
STARTCHAR u2860
ENCODING 10336
SWIDTH 500 0
DWIDTH 6 0
BBX 6 12 0 -1
BITMAP
00
00
00
00
00
00
00
18
18
00
C0
C0
ENDCHAR
STARTCHAR u2861
ENCODING 10337
SWIDTH 500 0
DWIDTH 6 0
BBX 6 12 0 -1
BITMAP
00
C0
C0
00
00
00
00
18
18
00
C0
C0
ENDCHAR
STARTCHAR u2862
ENCODING 10338
SWIDTH 500 0
DWIDTH 6 0
BBX 6 12 0 -1
BITMAP
00
00
00
00
C0
C0
00
18
18
00
C0
C0
ENDCHAR
STARTCHAR u2863
ENCODING 10339
SWIDTH 500 0
DWIDTH 6 0
BBX 6 12 0 -1
BITMAP
00
C0
C0
00
C0
C0
00
18
18
00
C0
C0
ENDCHAR
STARTCHAR u2864
ENCODING 10340
SWIDTH 500 0
DWIDTH 6 0
BBX 6 12 0 -1
BITMAP
00
00
00
00
00
00
00
D8
D8
00
C0
C0
ENDCHAR
STARTCHAR u2865
ENCODING 10341
SWIDTH 500 0
DWIDTH 6 0
BBX 6 12 0 -1
BITMAP
00
C0
C0
00
00
00
00
D8
D8
00
C0
C0
ENDCHAR
STARTCHAR u2866
ENCODING 10342
SWIDTH 500 0
DWIDTH 6 0
BBX 6 12 0 -1
BITMAP
00
00
00
00
C0
C0
00
D8
D8
00
C0
C0
ENDCHAR
STARTCHAR u2867
ENCODING 10343
SWIDTH 500 0
DWIDTH 6 0
BBX 6 12 0 -1
BITMAP
00
C0
C0
00
C0
C0
00
D8
D8
00
C0
C0
ENDCHAR
STARTCHAR u2868
ENCODING 10344
SWIDTH 500 0
DWIDTH 6 0
BBX 6 12 0 -1
BITMAP
00
18
18
00
00
00
00
18
18
00
C0
C0
ENDCHAR
STARTCHAR u2869
ENCODING 10345
SWIDTH 500 0
DWIDTH 6 0
BBX 6 12 0 -1
BITMAP
00
D8
D8
00
00
00
00
18
18
00
C0
C0
ENDCHAR
STARTCHAR u286A
ENCODING 10346
SWIDTH 500 0
DWIDTH 6 0
BBX 6 12 0 -1
BITMAP
00
18
18
00
C0
C0
00
18
18
00
C0
C0
ENDCHAR
STARTCHAR u286B
ENCODING 10347
SWIDTH 500 0
DWIDTH 6 0
BBX 6 12 0 -1
BITMAP
00
D8
D8
00
C0
C0
00
18
18
00
C0
C0
ENDCHAR
STARTCHAR u286C
ENCODING 10348
SWIDTH 500 0
DWIDTH 6 0
BBX 6 12 0 -1
BITMAP
00
18
18
00
00
00
00
D8
D8
00
C0
C0
ENDCHAR
STARTCHAR u286D
ENCODING 10349
SWIDTH 500 0
DWIDTH 6 0
BBX 6 12 0 -1
BITMAP
00
D8
D8
00
00
00
00
D8
D8
00
C0
C0
ENDCHAR
STARTCHAR u286E
ENCODING 10350
SWIDTH 500 0
DWIDTH 6 0
BBX 6 12 0 -1
BITMAP
00
18
18
00
C0
C0
00
D8
D8
00
C0
C0
ENDCHAR
STARTCHAR u286F
ENCODING 10351
SWIDTH 500 0
DWIDTH 6 0
BBX 6 12 0 -1
BITMAP
00
D8
D8
00
C0
C0
00
D8
D8
00
C0
C0
ENDCHAR
STARTCHAR u2870
ENCODING 10352
SWIDTH 500 0
DWIDTH 6 0
BBX 6 12 0 -1
BITMAP
00
00
00
00
18
18
00
18
18
00
C0
C0
ENDCHAR
STARTCHAR u2871
ENCODING 10353
SWIDTH 500 0
DWIDTH 6 0
BBX 6 12 0 -1
BITMAP
00
C0
C0
00
18
18
00
18
18
00
C0
C0
ENDCHAR
STARTCHAR u2872
ENCODING 10354
SWIDTH 500 0
DWIDTH 6 0
BBX 6 12 0 -1
BITMAP
00
00
00
00
D8
D8
00
18
18
00
C0
C0
ENDCHAR
STARTCHAR u2873
ENCODING 10355
SWIDTH 500 0
DWIDTH 6 0
BBX 6 12 0 -1
BITMAP
00
C0
C0
00
D8
D8
00
18
18
00
C0
C0
ENDCHAR
STARTCHAR u2874
ENCODING 10356
SWIDTH 500 0
DWIDTH 6 0
BBX 6 12 0 -1
BITMAP
00
00
00
00
18
18
00
D8
D8
00
C0
C0
ENDCHAR
STARTCHAR u2875
ENCODING 10357
SWIDTH 500 0
DWIDTH 6 0
BBX 6 12 0 -1
BITMAP
00
C0
C0
00
18
18
00
D8
D8
00
C0
C0
ENDCHAR
STARTCHAR u2876
ENCODING 10358
SWIDTH 500 0
DWIDTH 6 0
BBX 6 12 0 -1
BITMAP
00
00
00
00
D8
D8
00
D8
D8
00
C0
C0
ENDCHAR
STARTCHAR u2877
ENCODING 10359
SWIDTH 500 0
DWIDTH 6 0
BBX 6 12 0 -1
BITMAP
00
C0
C0
00
D8
D8
00
D8
D8
00
C0
C0
ENDCHAR
STARTCHAR u2878
ENCODING 10360
SWIDTH 500 0
DWIDTH 6 0
BBX 6 12 0 -1
BITMAP
00
18
18
00
18
18
00
18
18
00
C0
C0
ENDCHAR
STARTCHAR u2879
ENCODING 10361
SWIDTH 500 0
DWIDTH 6 0
BBX 6 12 0 -1
BITMAP
00
D8
D8
00
18
18
00
18
18
00
C0
C0
ENDCHAR
STARTCHAR u287A
ENCODING 10362
SWIDTH 500 0
DWIDTH 6 0
BBX 6 12 0 -1
BITMAP
00
18
18
00
D8
D8
00
18
18
00
C0
C0
ENDCHAR
STARTCHAR u287B
ENCODING 10363
SWIDTH 500 0
DWIDTH 6 0
BBX 6 12 0 -1
BITMAP
00
D8
D8
00
D8
D8
00
18
18
00
C0
C0
ENDCHAR
STARTCHAR u287C
ENCODING 10364
SWIDTH 500 0
DWIDTH 6 0
BBX 6 12 0 -1
BITMAP
00
18
18
00
18
18
00
D8
D8
00
C0
C0
ENDCHAR
STARTCHAR u287D
ENCODING 10365
SWIDTH 500 0
DWIDTH 6 0
BBX 6 12 0 -1
BITMAP
00
D8
D8
00
18
18
00
D8
D8
00
C0
C0
ENDCHAR
STARTCHAR u287E
ENCODING 10366
SWIDTH 500 0
DWIDTH 6 0
BBX 6 12 0 -1
BITMAP
00
18
18
00
D8
D8
00
D8
D8
00
C0
C0
ENDCHAR
STARTCHAR u287F
ENCODING 10367
SWIDTH 500 0
DWIDTH 6 0
BBX 6 12 0 -1
BITMAP
00
D8
D8
00
D8
D8
00
D8
D8
00
C0
C0
ENDCHAR
STARTCHAR u2880
ENCODING 10368
SWIDTH 500 0
DWIDTH 6 0
BBX 6 12 0 -1
BITMAP
00
00
00
00
00
00
00
00
00
00
18
18
ENDCHAR
STARTCHAR u2881
ENCODING 10369
SWIDTH 500 0
DWIDTH 6 0
BBX 6 12 0 -1
BITMAP
00
C0
C0
00
00
00
00
00
00
00
18
18
ENDCHAR
STARTCHAR u2882
ENCODING 10370
SWIDTH 500 0
DWIDTH 6 0
BBX 6 12 0 -1
BITMAP
00
00
00
00
C0
C0
00
00
00
00
18
18
ENDCHAR
STARTCHAR u2883
ENCODING 10371
SWIDTH 500 0
DWIDTH 6 0
BBX 6 12 0 -1
BITMAP
00
C0
C0
00
C0
C0
00
00
00
00
18
18
ENDCHAR
STARTCHAR u2884
ENCODING 10372
SWIDTH 500 0
DWIDTH 6 0
BBX 6 12 0 -1
BITMAP
00
00
00
00
00
00
00
C0
C0
00
18
18
ENDCHAR
STARTCHAR u2885
ENCODING 10373
SWIDTH 500 0
DWIDTH 6 0
BBX 6 12 0 -1
BITMAP
00
C0
C0
00
00
00
00
C0
C0
00
18
18
ENDCHAR
STARTCHAR u2886
ENCODING 10374
SWIDTH 500 0
DWIDTH 6 0
BBX 6 12 0 -1
BITMAP
00
00
00
00
C0
C0
00
C0
C0
00
18
18
ENDCHAR
STARTCHAR u2887
ENCODING 10375
SWIDTH 500 0
DWIDTH 6 0
BBX 6 12 0 -1
BITMAP
00
C0
C0
00
C0
C0
00
C0
C0
00
18
18
ENDCHAR
STARTCHAR u2888
ENCODING 10376
SWIDTH 500 0
DWIDTH 6 0
BBX 6 12 0 -1
BITMAP
00
18
18
00
00
00
00
00
00
00
18
18
ENDCHAR
STARTCHAR u2889
ENCODING 10377
SWIDTH 500 0
DWIDTH 6 0
BBX 6 12 0 -1
BITMAP
00
D8
D8
00
00
00
00
00
00
00
18
18
ENDCHAR
STARTCHAR u288A
ENCODING 10378
SWIDTH 500 0
DWIDTH 6 0
BBX 6 12 0 -1
BITMAP
00
18
18
00
C0
C0
00
00
00
00
18
18
ENDCHAR
STARTCHAR u288B
ENCODING 10379
SWIDTH 500 0
DWIDTH 6 0
BBX 6 12 0 -1
BITMAP
00
D8
D8
00
C0
C0
00
00
00
00
18
18
ENDCHAR
STARTCHAR u288C
ENCODING 10380
SWIDTH 500 0
DWIDTH 6 0
BBX 6 12 0 -1
BITMAP
00
18
18
00
00
00
00
C0
C0
00
18
18
ENDCHAR
STARTCHAR u288D
ENCODING 10381
SWIDTH 500 0
DWIDTH 6 0
BBX 6 12 0 -1
BITMAP
00
D8
D8
00
00
00
00
C0
C0
00
18
18
ENDCHAR
STARTCHAR u288E
ENCODING 10382
SWIDTH 500 0
DWIDTH 6 0
BBX 6 12 0 -1
BITMAP
00
18
18
00
C0
C0
00
C0
C0
00
18
18
ENDCHAR
STARTCHAR u288F
ENCODING 10383
SWIDTH 500 0
DWIDTH 6 0
BBX 6 12 0 -1
BITMAP
00
D8
D8
00
C0
C0
00
C0
C0
00
18
18
ENDCHAR
STARTCHAR u2890
ENCODING 10384
SWIDTH 500 0
DWIDTH 6 0
BBX 6 12 0 -1
BITMAP
00
00
00
00
18
18
00
00
00
00
18
18
ENDCHAR
STARTCHAR u2891
ENCODING 10385
SWIDTH 500 0
DWIDTH 6 0
BBX 6 12 0 -1
BITMAP
00
C0
C0
00
18
18
00
00
00
00
18
18
ENDCHAR
STARTCHAR u2892
ENCODING 10386
SWIDTH 500 0
DWIDTH 6 0
BBX 6 12 0 -1
BITMAP
00
00
00
00
D8
D8
00
00
00
00
18
18
ENDCHAR
STARTCHAR u2893
ENCODING 10387
SWIDTH 500 0
DWIDTH 6 0
BBX 6 12 0 -1
BITMAP
00
C0
C0
00
D8
D8
00
00
00
00
18
18
ENDCHAR
STARTCHAR u2894
ENCODING 10388
SWIDTH 500 0
DWIDTH 6 0
BBX 6 12 0 -1
BITMAP
00
00
00
00
18
18
00
C0
C0
00
18
18
ENDCHAR
STARTCHAR u2895
ENCODING 10389
SWIDTH 500 0
DWIDTH 6 0
BBX 6 12 0 -1
BITMAP
00
C0
C0
00
18
18
00
C0
C0
00
18
18
ENDCHAR
STARTCHAR u2896
ENCODING 10390
SWIDTH 500 0
DWIDTH 6 0
BBX 6 12 0 -1
BITMAP
00
00
00
00
D8
D8
00
C0
C0
00
18
18
ENDCHAR
STARTCHAR u2897
ENCODING 10391
SWIDTH 500 0
DWIDTH 6 0
BBX 6 12 0 -1
BITMAP
00
C0
C0
00
D8
D8
00
C0
C0
00
18
18
ENDCHAR
STARTCHAR u2898
ENCODING 10392
SWIDTH 500 0
DWIDTH 6 0
BBX 6 12 0 -1
BITMAP
00
18
18
00
18
18
00
00
00
00
18
18
ENDCHAR
STARTCHAR u2899
ENCODING 10393
SWIDTH 500 0
DWIDTH 6 0
BBX 6 12 0 -1
BITMAP
00
D8
D8
00
18
18
00
00
00
00
18
18
ENDCHAR
STARTCHAR u289A
ENCODING 10394
SWIDTH 500 0
DWIDTH 6 0
BBX 6 12 0 -1
BITMAP
00
18
18
00
D8
D8
00
00
00
00
18
18
ENDCHAR
STARTCHAR u289B
ENCODING 10395
SWIDTH 500 0
DWIDTH 6 0
BBX 6 12 0 -1
BITMAP
00
D8
D8
00
D8
D8
00
00
00
00
18
18
ENDCHAR
STARTCHAR u289C
ENCODING 10396
SWIDTH 500 0
DWIDTH 6 0
BBX 6 12 0 -1
BITMAP
00
18
18
00
18
18
00
C0
C0
00
18
18
ENDCHAR
STARTCHAR u289D
ENCODING 10397
SWIDTH 500 0
DWIDTH 6 0
BBX 6 12 0 -1
BITMAP
00
D8
D8
00
18
18
00
C0
C0
00
18
18
ENDCHAR
STARTCHAR u289E
ENCODING 10398
SWIDTH 500 0
DWIDTH 6 0
BBX 6 12 0 -1
BITMAP
00
18
18
00
D8
D8
00
C0
C0
00
18
18
ENDCHAR
STARTCHAR u289F
ENCODING 10399
SWIDTH 500 0
DWIDTH 6 0
BBX 6 12 0 -1
BITMAP
00
D8
D8
00
D8
D8
00
C0
C0
00
18
18
ENDCHAR
STARTCHAR u28A0
ENCODING 10400
SWIDTH 500 0
DWIDTH 6 0
BBX 6 12 0 -1
BITMAP
00
00
00
00
00
00
00
18
18
00
18
18
ENDCHAR
STARTCHAR u28A1
ENCODING 10401
SWIDTH 500 0
DWIDTH 6 0
BBX 6 12 0 -1
BITMAP
00
C0
C0
00
00
00
00
18
18
00
18
18
ENDCHAR
STARTCHAR u28A2
ENCODING 10402
SWIDTH 500 0
DWIDTH 6 0
BBX 6 12 0 -1
BITMAP
00
00
00
00
C0
C0
00
18
18
00
18
18
ENDCHAR
STARTCHAR u28A3
ENCODING 10403
SWIDTH 500 0
DWIDTH 6 0
BBX 6 12 0 -1
BITMAP
00
C0
C0
00
C0
C0
00
18
18
00
18
18
ENDCHAR
STARTCHAR u28A4
ENCODING 10404
SWIDTH 500 0
DWIDTH 6 0
BBX 6 12 0 -1
BITMAP
00
00
00
00
00
00
00
D8
D8
00
18
18
ENDCHAR
STARTCHAR u28A5
ENCODING 10405
SWIDTH 500 0
DWIDTH 6 0
BBX 6 12 0 -1
BITMAP
00
C0
C0
00
00
00
00
D8
D8
00
18
18
ENDCHAR
STARTCHAR u28A6
ENCODING 10406
SWIDTH 500 0
DWIDTH 6 0
BBX 6 12 0 -1
BITMAP
00
00
00
00
C0
C0
00
D8
D8
00
18
18
ENDCHAR
STARTCHAR u28A7
ENCODING 10407
SWIDTH 500 0
DWIDTH 6 0
BBX 6 12 0 -1
BITMAP
00
C0
C0
00
C0
C0
00
D8
D8
00
18
18
ENDCHAR
STARTCHAR u28A8
ENCODING 10408
SWIDTH 500 0
DWIDTH 6 0
BBX 6 12 0 -1
BITMAP
00
18
18
00
00
00
00
18
18
00
18
18
ENDCHAR
STARTCHAR u28A9
ENCODING 10409
SWIDTH 500 0
DWIDTH 6 0
BBX 6 12 0 -1
BITMAP
00
D8
D8
00
00
00
00
18
18
00
18
18
ENDCHAR
STARTCHAR u28AA
ENCODING 10410
SWIDTH 500 0
DWIDTH 6 0
BBX 6 12 0 -1
BITMAP
00
18
18
00
C0
C0
00
18
18
00
18
18
ENDCHAR
STARTCHAR u28AB
ENCODING 10411
SWIDTH 500 0
DWIDTH 6 0
BBX 6 12 0 -1
BITMAP
00
D8
D8
00
C0
C0
00
18
18
00
18
18
ENDCHAR
STARTCHAR u28AC
ENCODING 10412
SWIDTH 500 0
DWIDTH 6 0
BBX 6 12 0 -1
BITMAP
00
18
18
00
00
00
00
D8
D8
00
18
18
ENDCHAR
STARTCHAR u28AD
ENCODING 10413
SWIDTH 500 0
DWIDTH 6 0
BBX 6 12 0 -1
BITMAP
00
D8
D8
00
00
00
00
D8
D8
00
18
18
ENDCHAR
STARTCHAR u28AE
ENCODING 10414
SWIDTH 500 0
DWIDTH 6 0
BBX 6 12 0 -1
BITMAP
00
18
18
00
C0
C0
00
D8
D8
00
18
18
ENDCHAR
STARTCHAR u28AF
ENCODING 10415
SWIDTH 500 0
DWIDTH 6 0
BBX 6 12 0 -1
BITMAP
00
D8
D8
00
C0
C0
00
D8
D8
00
18
18
ENDCHAR
STARTCHAR u28B0
ENCODING 10416
SWIDTH 500 0
DWIDTH 6 0
BBX 6 12 0 -1
BITMAP
00
00
00
00
18
18
00
18
18
00
18
18
ENDCHAR
STARTCHAR u28B1
ENCODING 10417
SWIDTH 500 0
DWIDTH 6 0
BBX 6 12 0 -1
BITMAP
00
C0
C0
00
18
18
00
18
18
00
18
18
ENDCHAR
STARTCHAR u28B2
ENCODING 10418
SWIDTH 500 0
DWIDTH 6 0
BBX 6 12 0 -1
BITMAP
00
00
00
00
D8
D8
00
18
18
00
18
18
ENDCHAR
STARTCHAR u28B3
ENCODING 10419
SWIDTH 500 0
DWIDTH 6 0
BBX 6 12 0 -1
BITMAP
00
C0
C0
00
D8
D8
00
18
18
00
18
18
ENDCHAR
STARTCHAR u28B4
ENCODING 10420
SWIDTH 500 0
DWIDTH 6 0
BBX 6 12 0 -1
BITMAP
00
00
00
00
18
18
00
D8
D8
00
18
18
ENDCHAR
STARTCHAR u28B5
ENCODING 10421
SWIDTH 500 0
DWIDTH 6 0
BBX 6 12 0 -1
BITMAP
00
C0
C0
00
18
18
00
D8
D8
00
18
18
ENDCHAR
STARTCHAR u28B6
ENCODING 10422
SWIDTH 500 0
DWIDTH 6 0
BBX 6 12 0 -1
BITMAP
00
00
00
00
D8
D8
00
D8
D8
00
18
18
ENDCHAR
STARTCHAR u28B7
ENCODING 10423
SWIDTH 500 0
DWIDTH 6 0
BBX 6 12 0 -1
BITMAP
00
C0
C0
00
D8
D8
00
D8
D8
00
18
18
ENDCHAR
STARTCHAR u28B8
ENCODING 10424
SWIDTH 500 0
DWIDTH 6 0
BBX 6 12 0 -1
BITMAP
00
18
18
00
18
18
00
18
18
00
18
18
ENDCHAR
STARTCHAR u28B9
ENCODING 10425
SWIDTH 500 0
DWIDTH 6 0
BBX 6 12 0 -1
BITMAP
00
D8
D8
00
18
18
00
18
18
00
18
18
ENDCHAR
STARTCHAR u28BA
ENCODING 10426
SWIDTH 500 0
DWIDTH 6 0
BBX 6 12 0 -1
BITMAP
00
18
18
00
D8
D8
00
18
18
00
18
18
ENDCHAR
STARTCHAR u28BB
ENCODING 10427
SWIDTH 500 0
DWIDTH 6 0
BBX 6 12 0 -1
BITMAP
00
D8
D8
00
D8
D8
00
18
18
00
18
18
ENDCHAR
STARTCHAR u28BC
ENCODING 10428
SWIDTH 500 0
DWIDTH 6 0
BBX 6 12 0 -1
BITMAP
00
18
18
00
18
18
00
D8
D8
00
18
18
ENDCHAR
STARTCHAR u28BD
ENCODING 10429
SWIDTH 500 0
DWIDTH 6 0
BBX 6 12 0 -1
BITMAP
00
D8
D8
00
18
18
00
D8
D8
00
18
18
ENDCHAR
STARTCHAR u28BE
ENCODING 10430
SWIDTH 500 0
DWIDTH 6 0
BBX 6 12 0 -1
BITMAP
00
18
18
00
D8
D8
00
D8
D8
00
18
18
ENDCHAR
STARTCHAR u28BF
ENCODING 10431
SWIDTH 500 0
DWIDTH 6 0
BBX 6 12 0 -1
BITMAP
00
D8
D8
00
D8
D8
00
D8
D8
00
18
18
ENDCHAR
STARTCHAR u28C0
ENCODING 10432
SWIDTH 500 0
DWIDTH 6 0
BBX 6 12 0 -1
BITMAP
00
00
00
00
00
00
00
00
00
00
D8
D8
ENDCHAR
STARTCHAR u28C1
ENCODING 10433
SWIDTH 500 0
DWIDTH 6 0
BBX 6 12 0 -1
BITMAP
00
C0
C0
00
00
00
00
00
00
00
D8
D8
ENDCHAR
STARTCHAR u28C2
ENCODING 10434
SWIDTH 500 0
DWIDTH 6 0
BBX 6 12 0 -1
BITMAP
00
00
00
00
C0
C0
00
00
00
00
D8
D8
ENDCHAR
STARTCHAR u28C3
ENCODING 10435
SWIDTH 500 0
DWIDTH 6 0
BBX 6 12 0 -1
BITMAP
00
C0
C0
00
C0
C0
00
00
00
00
D8
D8
ENDCHAR
STARTCHAR u28C4
ENCODING 10436
SWIDTH 500 0
DWIDTH 6 0
BBX 6 12 0 -1
BITMAP
00
00
00
00
00
00
00
C0
C0
00
D8
D8
ENDCHAR
STARTCHAR u28C5
ENCODING 10437
SWIDTH 500 0
DWIDTH 6 0
BBX 6 12 0 -1
BITMAP
00
C0
C0
00
00
00
00
C0
C0
00
D8
D8
ENDCHAR
STARTCHAR u28C6
ENCODING 10438
SWIDTH 500 0
DWIDTH 6 0
BBX 6 12 0 -1
BITMAP
00
00
00
00
C0
C0
00
C0
C0
00
D8
D8
ENDCHAR
STARTCHAR u28C7
ENCODING 10439
SWIDTH 500 0
DWIDTH 6 0
BBX 6 12 0 -1
BITMAP
00
C0
C0
00
C0
C0
00
C0
C0
00
D8
D8
ENDCHAR
STARTCHAR u28C8
ENCODING 10440
SWIDTH 500 0
DWIDTH 6 0
BBX 6 12 0 -1
BITMAP
00
18
18
00
00
00
00
00
00
00
D8
D8
ENDCHAR
STARTCHAR u28C9
ENCODING 10441
SWIDTH 500 0
DWIDTH 6 0
BBX 6 12 0 -1
BITMAP
00
D8
D8
00
00
00
00
00
00
00
D8
D8
ENDCHAR
STARTCHAR u28CA
ENCODING 10442
SWIDTH 500 0
DWIDTH 6 0
BBX 6 12 0 -1
BITMAP
00
18
18
00
C0
C0
00
00
00
00
D8
D8
ENDCHAR
STARTCHAR u28CB
ENCODING 10443
SWIDTH 500 0
DWIDTH 6 0
BBX 6 12 0 -1
BITMAP
00
D8
D8
00
C0
C0
00
00
00
00
D8
D8
ENDCHAR
STARTCHAR u28CC
ENCODING 10444
SWIDTH 500 0
DWIDTH 6 0
BBX 6 12 0 -1
BITMAP
00
18
18
00
00
00
00
C0
C0
00
D8
D8
ENDCHAR
STARTCHAR u28CD
ENCODING 10445
SWIDTH 500 0
DWIDTH 6 0
BBX 6 12 0 -1
BITMAP
00
D8
D8
00
00
00
00
C0
C0
00
D8
D8
ENDCHAR
STARTCHAR u28CE
ENCODING 10446
SWIDTH 500 0
DWIDTH 6 0
BBX 6 12 0 -1
BITMAP
00
18
18
00
C0
C0
00
C0
C0
00
D8
D8
ENDCHAR
STARTCHAR u28CF
ENCODING 10447
SWIDTH 500 0
DWIDTH 6 0
BBX 6 12 0 -1
BITMAP
00
D8
D8
00
C0
C0
00
C0
C0
00
D8
D8
ENDCHAR
STARTCHAR u28D0
ENCODING 10448
SWIDTH 500 0
DWIDTH 6 0
BBX 6 12 0 -1
BITMAP
00
00
00
00
18
18
00
00
00
00
D8
D8
ENDCHAR
STARTCHAR u28D1
ENCODING 10449
SWIDTH 500 0
DWIDTH 6 0
BBX 6 12 0 -1
BITMAP
00
C0
C0
00
18
18
00
00
00
00
D8
D8
ENDCHAR
STARTCHAR u28D2
ENCODING 10450
SWIDTH 500 0
DWIDTH 6 0
BBX 6 12 0 -1
BITMAP
00
00
00
00
D8
D8
00
00
00
00
D8
D8
ENDCHAR
STARTCHAR u28D3
ENCODING 10451
SWIDTH 500 0
DWIDTH 6 0
BBX 6 12 0 -1
BITMAP
00
C0
C0
00
D8
D8
00
00
00
00
D8
D8
ENDCHAR
STARTCHAR u28D4
ENCODING 10452
SWIDTH 500 0
DWIDTH 6 0
BBX 6 12 0 -1
BITMAP
00
00
00
00
18
18
00
C0
C0
00
D8
D8
ENDCHAR
STARTCHAR u28D5
ENCODING 10453
SWIDTH 500 0
DWIDTH 6 0
BBX 6 12 0 -1
BITMAP
00
C0
C0
00
18
18
00
C0
C0
00
D8
D8
ENDCHAR
STARTCHAR u28D6
ENCODING 10454
SWIDTH 500 0
DWIDTH 6 0
BBX 6 12 0 -1
BITMAP
00
00
00
00
D8
D8
00
C0
C0
00
D8
D8
ENDCHAR
STARTCHAR u28D7
ENCODING 10455
SWIDTH 500 0
DWIDTH 6 0
BBX 6 12 0 -1
BITMAP
00
C0
C0
00
D8
D8
00
C0
C0
00
D8
D8
ENDCHAR
STARTCHAR u28D8
ENCODING 10456
SWIDTH 500 0
DWIDTH 6 0
BBX 6 12 0 -1
BITMAP
00
18
18
00
18
18
00
00
00
00
D8
D8
ENDCHAR
STARTCHAR u28D9
ENCODING 10457
SWIDTH 500 0
DWIDTH 6 0
BBX 6 12 0 -1
BITMAP
00
D8
D8
00
18
18
00
00
00
00
D8
D8
ENDCHAR
STARTCHAR u28DA
ENCODING 10458
SWIDTH 500 0
DWIDTH 6 0
BBX 6 12 0 -1
BITMAP
00
18
18
00
D8
D8
00
00
00
00
D8
D8
ENDCHAR
STARTCHAR u28DB
ENCODING 10459
SWIDTH 500 0
DWIDTH 6 0
BBX 6 12 0 -1
BITMAP
00
D8
D8
00
D8
D8
00
00
00
00
D8
D8
ENDCHAR
STARTCHAR u28DC
ENCODING 10460
SWIDTH 500 0
DWIDTH 6 0
BBX 6 12 0 -1
BITMAP
00
18
18
00
18
18
00
C0
C0
00
D8
D8
ENDCHAR
STARTCHAR u28DD
ENCODING 10461
SWIDTH 500 0
DWIDTH 6 0
BBX 6 12 0 -1
BITMAP
00
D8
D8
00
18
18
00
C0
C0
00
D8
D8
ENDCHAR
STARTCHAR u28DE
ENCODING 10462
SWIDTH 500 0
DWIDTH 6 0
BBX 6 12 0 -1
BITMAP
00
18
18
00
D8
D8
00
C0
C0
00
D8
D8
ENDCHAR
STARTCHAR u28DF
ENCODING 10463
SWIDTH 500 0
DWIDTH 6 0
BBX 6 12 0 -1
BITMAP
00
D8
D8
00
D8
D8
00
C0
C0
00
D8
D8
ENDCHAR
STARTCHAR u28E0
ENCODING 10464
SWIDTH 500 0
DWIDTH 6 0
BBX 6 12 0 -1
BITMAP
00
00
00
00
00
00
00
18
18
00
D8
D8
ENDCHAR
STARTCHAR u28E1
ENCODING 10465
SWIDTH 500 0
DWIDTH 6 0
BBX 6 12 0 -1
BITMAP
00
C0
C0
00
00
00
00
18
18
00
D8
D8
ENDCHAR
STARTCHAR u28E2
ENCODING 10466
SWIDTH 500 0
DWIDTH 6 0
BBX 6 12 0 -1
BITMAP
00
00
00
00
C0
C0
00
18
18
00
D8
D8
ENDCHAR
STARTCHAR u28E3
ENCODING 10467
SWIDTH 500 0
DWIDTH 6 0
BBX 6 12 0 -1
BITMAP
00
C0
C0
00
C0
C0
00
18
18
00
D8
D8
ENDCHAR
STARTCHAR u28E4
ENCODING 10468
SWIDTH 500 0
DWIDTH 6 0
BBX 6 12 0 -1
BITMAP
00
00
00
00
00
00
00
D8
D8
00
D8
D8
ENDCHAR
STARTCHAR u28E5
ENCODING 10469
SWIDTH 500 0
DWIDTH 6 0
BBX 6 12 0 -1
BITMAP
00
C0
C0
00
00
00
00
D8
D8
00
D8
D8
ENDCHAR
STARTCHAR u28E6
ENCODING 10470
SWIDTH 500 0
DWIDTH 6 0
BBX 6 12 0 -1
BITMAP
00
00
00
00
C0
C0
00
D8
D8
00
D8
D8
ENDCHAR
STARTCHAR u28E7
ENCODING 10471
SWIDTH 500 0
DWIDTH 6 0
BBX 6 12 0 -1
BITMAP
00
C0
C0
00
C0
C0
00
D8
D8
00
D8
D8
ENDCHAR
STARTCHAR u28E8
ENCODING 10472
SWIDTH 500 0
DWIDTH 6 0
BBX 6 12 0 -1
BITMAP
00
18
18
00
00
00
00
18
18
00
D8
D8
ENDCHAR
STARTCHAR u28E9
ENCODING 10473
SWIDTH 500 0
DWIDTH 6 0
BBX 6 12 0 -1
BITMAP
00
D8
D8
00
00
00
00
18
18
00
D8
D8
ENDCHAR
STARTCHAR u28EA
ENCODING 10474
SWIDTH 500 0
DWIDTH 6 0
BBX 6 12 0 -1
BITMAP
00
18
18
00
C0
C0
00
18
18
00
D8
D8
ENDCHAR
STARTCHAR u28EB
ENCODING 10475
SWIDTH 500 0
DWIDTH 6 0
BBX 6 12 0 -1
BITMAP
00
D8
D8
00
C0
C0
00
18
18
00
D8
D8
ENDCHAR
STARTCHAR u28EC
ENCODING 10476
SWIDTH 500 0
DWIDTH 6 0
BBX 6 12 0 -1
BITMAP
00
18
18
00
00
00
00
D8
D8
00
D8
D8
ENDCHAR
STARTCHAR u28ED
ENCODING 10477
SWIDTH 500 0
DWIDTH 6 0
BBX 6 12 0 -1
BITMAP
00
D8
D8
00
00
00
00
D8
D8
00
D8
D8
ENDCHAR
STARTCHAR u28EE
ENCODING 10478
SWIDTH 500 0
DWIDTH 6 0
BBX 6 12 0 -1
BITMAP
00
18
18
00
C0
C0
00
D8
D8
00
D8
D8
ENDCHAR
STARTCHAR u28EF
ENCODING 10479
SWIDTH 500 0
DWIDTH 6 0
BBX 6 12 0 -1
BITMAP
00
D8
D8
00
C0
C0
00
D8
D8
00
D8
D8
ENDCHAR
STARTCHAR u28F0
ENCODING 10480
SWIDTH 500 0
DWIDTH 6 0
BBX 6 12 0 -1
BITMAP
00
00
00
00
18
18
00
18
18
00
D8
D8
ENDCHAR
STARTCHAR u28F1
ENCODING 10481
SWIDTH 500 0
DWIDTH 6 0
BBX 6 12 0 -1
BITMAP
00
C0
C0
00
18
18
00
18
18
00
D8
D8
ENDCHAR
STARTCHAR u28F2
ENCODING 10482
SWIDTH 500 0
DWIDTH 6 0
BBX 6 12 0 -1
BITMAP
00
00
00
00
D8
D8
00
18
18
00
D8
D8
ENDCHAR
STARTCHAR u28F3
ENCODING 10483
SWIDTH 500 0
DWIDTH 6 0
BBX 6 12 0 -1
BITMAP
00
C0
C0
00
D8
D8
00
18
18
00
D8
D8
ENDCHAR
STARTCHAR u28F4
ENCODING 10484
SWIDTH 500 0
DWIDTH 6 0
BBX 6 12 0 -1
BITMAP
00
00
00
00
18
18
00
D8
D8
00
D8
D8
ENDCHAR
STARTCHAR u28F5
ENCODING 10485
SWIDTH 500 0
DWIDTH 6 0
BBX 6 12 0 -1
BITMAP
00
C0
C0
00
18
18
00
D8
D8
00
D8
D8
ENDCHAR
STARTCHAR u28F6
ENCODING 10486
SWIDTH 500 0
DWIDTH 6 0
BBX 6 12 0 -1
BITMAP
00
00
00
00
D8
D8
00
D8
D8
00
D8
D8
ENDCHAR
STARTCHAR u28F7
ENCODING 10487
SWIDTH 500 0
DWIDTH 6 0
BBX 6 12 0 -1
BITMAP
00
C0
C0
00
D8
D8
00
D8
D8
00
D8
D8
ENDCHAR
STARTCHAR u28F8
ENCODING 10488
SWIDTH 500 0
DWIDTH 6 0
BBX 6 12 0 -1
BITMAP
00
18
18
00
18
18
00
18
18
00
D8
D8
ENDCHAR
STARTCHAR u28F9
ENCODING 10489
SWIDTH 500 0
DWIDTH 6 0
BBX 6 12 0 -1
BITMAP
00
D8
D8
00
18
18
00
18
18
00
D8
D8
ENDCHAR
STARTCHAR u28FA
ENCODING 10490
SWIDTH 500 0
DWIDTH 6 0
BBX 6 12 0 -1
BITMAP
00
18
18
00
D8
D8
00
18
18
00
D8
D8
ENDCHAR
STARTCHAR u28FB
ENCODING 10491
SWIDTH 500 0
DWIDTH 6 0
BBX 6 12 0 -1
BITMAP
00
D8
D8
00
D8
D8
00
18
18
00
D8
D8
ENDCHAR
STARTCHAR u28FC
ENCODING 10492
SWIDTH 500 0
DWIDTH 6 0
BBX 6 12 0 -1
BITMAP
00
18
18
00
18
18
00
D8
D8
00
D8
D8
ENDCHAR
STARTCHAR u28FD
ENCODING 10493
SWIDTH 500 0
DWIDTH 6 0
BBX 6 12 0 -1
BITMAP
00
D8
D8
00
18
18
00
D8
D8
00
D8
D8
ENDCHAR
STARTCHAR u28FE
ENCODING 10494
SWIDTH 500 0
DWIDTH 6 0
BBX 6 12 0 -1
BITMAP
00
18
18
00
D8
D8
00
D8
D8
00
D8
D8
ENDCHAR
STARTCHAR u28FF
ENCODING 10495
SWIDTH 500 0
DWIDTH 6 0
BBX 6 12 0 -1
BITMAP
00
D8
D8
00
D8
D8
00
D8
D8
00
D8
D8
ENDCHAR
STARTCHAR u2C60
ENCODING 11360
SWIDTH 584 0
DWIDTH 7 0
BBX 7 18 0 -4
BITMAP
00
00
00
00
00
40
40
40
F0
40
F0
40
40
3C
00
00
00
00
ENDCHAR
STARTCHAR u2C61
ENCODING 11361
SWIDTH 334 0
DWIDTH 4 0
BBX 4 18 0 -4
BITMAP
00
00
00
00
00
C0
40
40
E0
40
E0
40
40
60
00
00
00
00
ENDCHAR
STARTCHAR u2C6E
ENCODING 11374
SWIDTH 667 0
DWIDTH 8 0
BBX 8 18 0 -4
BITMAP
00
00
00
00
00
82
82
C6
C6
AA
AA
92
92
92
02
0C
00
00
ENDCHAR
STARTCHAR u2C6F
ENCODING 11375
SWIDTH 667 0
DWIDTH 8 0
BBX 8 18 0 -4
BITMAP
00
00
00
00
00
82
82
44
7C
44
28
28
10
10
00
00
00
00
ENDCHAR
STARTCHAR u2E80
ENCODING 11904
SWIDTH 1000 0
DWIDTH 12 0
BBX 12 12 0 -1
BITMAP
0000
0000
0000
1800
0600
0100
1800
0600
0100
0000
0000
0000
ENDCHAR
STARTCHAR u20086
ENCODING 11905
SWIDTH 1000 0
DWIDTH 12 0
BBX 12 12 0 -1
BITMAP
0000
0060
1F80
2000
2000
2000
2000
2000
2000
4000
4000
8000
ENDCHAR
STARTCHAR u4E5B
ENCODING 11906
SWIDTH 1000 0
DWIDTH 12 0
BBX 12 12 0 -1
BITMAP
0000
0000
FFC0
0020
0020
0040
0000
0000
0000
0000
0000
0000
ENDCHAR
STARTCHAR u4E5A
ENCODING 11907
SWIDTH 1000 0
DWIDTH 12 0
BBX 12 12 0 -1
BITMAP
0000
4000
4000
4000
4000
4000
4000
4000
4000
4040
4040
3F80
ENDCHAR
STARTCHAR u2E84
ENCODING 11908
SWIDTH 1000 0
DWIDTH 12 0
BBX 12 12 0 -1
BITMAP
0000
FE00
0100
0100
0100
0100
0100
0100
0100
00A0
00A0
0040
ENDCHAR
STARTCHAR u4EBB
ENCODING 11909
SWIDTH 1000 0
DWIDTH 12 0
BBX 12 12 0 -1
BITMAP
0000
1000
1000
2000
2000
6000
A000
2000
2000
2000
2000
2000
ENDCHAR
STARTCHAR u2E86
ENCODING 11910
SWIDTH 1000 0
DWIDTH 12 0
BBX 12 12 0 -1
BITMAP
0000
1F80
2040
2040
2040
2040
2040
2040
2040
4040
4040
8180
ENDCHAR
STARTCHAR u20628
ENCODING 11911
SWIDTH 1000 0
DWIDTH 12 0
BBX 12 12 0 -1
BITMAP
0000
1F00
2080
2080
2080
2080
2080
2080
2080
40A0
40A0
8040
ENDCHAR
STARTCHAR u2E88
ENCODING 11912
SWIDTH 1000 0
DWIDTH 12 0
BBX 12 12 0 -1
BITMAP
0000
1000
1E00
2100
4100
8200
0000
0000
0000
0000
0000
0000
ENDCHAR
STARTCHAR u5202
ENCODING 11913
SWIDTH 1000 0
DWIDTH 12 0
BBX 12 12 0 -1
BITMAP
0000
0020
0120
0120
0120
0120
0120
0120
0120
0020
0020
00C0
ENDCHAR
STARTCHAR u2E8A
ENCODING 11914
SWIDTH 1000 0
DWIDTH 12 0
BBX 12 12 0 -1
BITMAP
0000
0800
0800
0800
0800
0800
0F80
0800
0800
0800
0800
0800
ENDCHAR
STARTCHAR u353E
ENCODING 11915
SWIDTH 1000 0
DWIDTH 12 0
BBX 12 12 0 -1
BITMAP
0000
3F00
4080
4080
4080
4080
4700
4000
4000
4020
4020
3FC0
ENDCHAR
STARTCHAR u2E8C
ENCODING 11916
SWIDTH 1000 0
DWIDTH 12 0
BBX 12 12 0 -1
BITMAP
0000
0400
4440
2480
0400
0000
0000
0000
0000
0000
0000
0000
ENDCHAR
STARTCHAR u2D544
ENCODING 11917
SWIDTH 1000 0
DWIDTH 12 0
BBX 12 12 0 -1
BITMAP
0000
1020
8820
4440
2080
0000
0000
0000
0000
0000
0000
0000
ENDCHAR
STARTCHAR u5140
ENCODING 11918
SWIDTH 1000 0
DWIDTH 12 0
BBX 12 12 0 -1
BITMAP
0000
FFE0
1100
1100
1100
1100
1100
1100
2100
2120
4120
80C0
ENDCHAR
STARTCHAR u5C23
ENCODING 11919
SWIDTH 1000 0
DWIDTH 12 0
BBX 12 12 0 -1
BITMAP
0000
1100
2080
4040
8020
1100
1100
1100
1100
1120
2120
C0C0
ENDCHAR
STARTCHAR u5C22
ENCODING 11920
SWIDTH 1000 0
DWIDTH 12 0
BBX 12 12 0 -1
BITMAP
0000
0800
0800
0800
FFE0
0A00
0A00
1200
1200
2220
4220
81C0
ENDCHAR
STARTCHAR u21BC2
ENCODING 11921
SWIDTH 1000 0
DWIDTH 12 0
BBX 12 12 0 -1
BITMAP
0000
1100
2080
4040
8020
0E00
1100
1100
1100
1120
2120
C0C0
ENDCHAR
STARTCHAR u5DF3
ENCODING 11922
SWIDTH 1000 0
DWIDTH 12 0
BBX 12 12 0 -1
BITMAP
0000
3F80
4040
4040
4040
4040
7F80
4000
4000
4020
4020
3FC0
ENDCHAR
STARTCHAR u5E7A
ENCODING 11923
SWIDTH 1000 0
DWIDTH 12 0
BBX 12 12 0 -1
BITMAP
0000
0400
0800
1000
2100
4200
3C00
0800
1040
2040
43A0
3C20
ENDCHAR
STARTCHAR u5F51
ENCODING 11924
SWIDTH 1000 0
DWIDTH 12 0
BBX 12 12 0 -1
BITMAP
0000
0800
0800
1F80
1040
2040
2080
4080
3F00
0100
0100
FFE0
ENDCHAR
STARTCHAR u5F50-ZH_CN
ENCODING 11925
SWIDTH 1000 0
DWIDTH 12 0
BBX 12 12 0 -1
BITMAP
0000
7F80
0040
0040
0040
0040
7FC0
0040
0040
0040
0040
7F80
ENDCHAR
STARTCHAR u5FC4
ENCODING 11926
SWIDTH 1000 0
DWIDTH 12 0
BBX 12 12 0 -1
BITMAP
0000
1000
1000
5800
5400
5000
9000
1000
1000
1000
1000
1000
ENDCHAR
STARTCHAR u2E97
ENCODING 11927
SWIDTH 1000 0
DWIDTH 12 0
BBX 12 12 0 -1
BITMAP
0000
0000
0000
0000
0000
0800
0800
4A40
4920
8920
0800
1800
ENDCHAR
STARTCHAR u624C
ENCODING 11928
SWIDTH 1000 0
DWIDTH 12 0
BBX 12 12 0 -1
BITMAP
0000
2000
2000
F800
2000
2000
3800
E000
2000
2000
2000
C000
ENDCHAR
STARTCHAR u6535
ENCODING 11929
SWIDTH 1000 0
DWIDTH 12 0
BBX 12 12 0 -1
BITMAP
0000
1000
1000
1FE0
2080
2080
5100
9100
0A00
0400
1B00
E0E0
ENDCHAR
STARTCHAR u65E1
ENCODING 11931
SWIDTH 1000 0
DWIDTH 12 0
BBX 12 12 0 -1
BITMAP
0000
7FC0
0400
4400
4400
FFE0
0A00
0A00
1200
1220
2220
C1C0
ENDCHAR
STARTCHAR u2E9C
ENCODING 11932
SWIDTH 1000 0
DWIDTH 12 0
BBX 12 12 0 -1
BITMAP
0000
3F80
4040
5F40
4040
5F40
0000
0000
0000
0000
0000
0000
ENDCHAR
STARTCHAR u2E9D
ENCODING 11933
SWIDTH 1000 0
DWIDTH 12 0
BBX 12 12 0 -1
BITMAP
0000
7000
8800
8800
F800
8800
8800
F800
8800
8800
8800
9800
ENDCHAR
STARTCHAR u6B7A
ENCODING 11934
SWIDTH 1000 0
DWIDTH 12 0
BBX 12 12 0 -1
BITMAP
0000
0400
07E0
0400
1400
1F80
2040
D040
0880
0500
0600
7800
ENDCHAR
STARTCHAR u6BCD
ENCODING 11935
SWIDTH 1000 0
DWIDTH 12 0
BBX 12 12 0 -1
BITMAP
0000
1F80
2040
2440
2240
FFE0
4040
4440
4240
3FE0
0040
0180
ENDCHAR
STARTCHAR u6C11
ENCODING 11936
SWIDTH 1000 0
DWIDTH 12 0
BBX 12 12 0 -1
BITMAP
0000
7F80
8040
8040
FFC0
8400
8400
FFE0
8200
8100
98A0
6040
ENDCHAR
STARTCHAR u6C35
ENCODING 11937
SWIDTH 1000 0
DWIDTH 12 0
BBX 12 12 0 -1
BITMAP
0000
4000
2000
0000
8000
4000
0000
0000
2000
2000
4000
4000
ENDCHAR
STARTCHAR u6C3A
ENCODING 11938
SWIDTH 1000 0
DWIDTH 12 0
BBX 12 12 0 -1
BITMAP
0000
0400
0400
4440
2480
1500
0400
1500
2480
C460
0400
1800
ENDCHAR
STARTCHAR u706C
ENCODING 11939
SWIDTH 1000 0
DWIDTH 12 0
BBX 12 12 0 -1
BITMAP
0000
0000
0000
0000
0000
0000
0000
0000
0000
5240
4920
8920
ENDCHAR
STARTCHAR u722B
ENCODING 11940
SWIDTH 1000 0
DWIDTH 12 0
BBX 12 12 0 -1
BITMAP
0000
01C0
7E00
0040
4840
2480
0000
0000
0000
0000
0000
0000
ENDCHAR
STARTCHAR u2EA5
ENCODING 11941
SWIDTH 1000 0
DWIDTH 12 0
BBX 12 12 0 -1
BITMAP
0000
03C0
3C80
4480
4440
8420
0000
0000
0000
0000
0000
0000
ENDCHAR
STARTCHAR u4E2C
ENCODING 11942
SWIDTH 1000 0
DWIDTH 12 0
BBX 12 12 0 -1
BITMAP
0000
0200
0200
1200
0A00
0200
0200
0600
0A00
1200
0200
0200
ENDCHAR
STARTCHAR u2EA7
ENCODING 11943
SWIDTH 1000 0
DWIDTH 12 0
BBX 12 12 0 -1
BITMAP
0000
4400
7FC0
8400
0400
FFE0
0000
0000
0000
0000
0000
0000
ENDCHAR
STARTCHAR u72AD
ENCODING 11944
SWIDTH 1000 0
DWIDTH 12 0
BBX 12 12 0 -1
BITMAP
0000
9000
5000
2000
5000
9000
1000
3000
5000
9000
1000
6000
ENDCHAR
STARTCHAR u248E9
ENCODING 11945
SWIDTH 1000 0
DWIDTH 12 0
BBX 12 12 0 -1
BITMAP
0000
0000
F800
2000
2000
2000
F800
2000
2000
3800
C000
0000
ENDCHAR
STARTCHAR u2EAA
ENCODING 11946
SWIDTH 1000 0
DWIDTH 12 0
BBX 12 12 0 -1
BITMAP
0000
7800
0400
0800
1000
5000
5C00
5000
5000
5C00
E000
0000
ENDCHAR
STARTCHAR u7F52
ENCODING 11947
SWIDTH 1000 0
DWIDTH 12 0
BBX 12 12 0 -1
BITMAP
0000
7FC0
9120
9120
7FC0
0000
0000
0000
0000
0000
0000
0000
ENDCHAR
STARTCHAR u2EAC
ENCODING 11948
SWIDTH 1000 0
DWIDTH 12 0
BBX 12 12 0 -1
BITMAP
0000
7000
0000
0000
F800
2000
A800
A800
A800
A000
2000
6000
ENDCHAR
STARTCHAR u793B
ENCODING 11949
SWIDTH 1000 0
DWIDTH 12 0
BBX 12 12 0 -1
BITMAP
0000
4000
2000
F000
1000
2000
3000
6800
A000
2000
2000
2000
ENDCHAR
STARTCHAR u25AD7
ENCODING 11950
SWIDTH 1000 0
DWIDTH 12 0
BBX 12 12 0 -1
BITMAP
0000
4200
7BE0
9480
0000
0000
0000
0000
0000
0000
0000
0000
ENDCHAR
STARTCHAR u7CF9
ENCODING 11951
SWIDTH 1000 0
DWIDTH 12 0
BBX 12 12 0 -1
BITMAP
0000
2000
4000
8800
F000
4000
9000
E800
0000
A800
A800
A800
ENDCHAR
STARTCHAR u7E9F
ENCODING 11952
SWIDTH 1000 0
DWIDTH 12 0
BBX 12 12 0 -1
BITMAP
0000
1000
2000
4000
8800
F000
2000
4000
F800
0000
1800
E000
ENDCHAR
STARTCHAR u7F53
ENCODING 11953
SWIDTH 1000 0
DWIDTH 12 0
BBX 12 12 0 -1
BITMAP
0000
7FC0
B1A0
8E20
B1A0
0000
0000
0000
0000
0000
0000
0000
ENDCHAR
STARTCHAR u7F52
ENCODING 11954
SWIDTH 1000 0
DWIDTH 12 0
BBX 12 12 0 -1
BITMAP
0000
7FC0
9120
9120
7FC0
0000
0000
0000
0000
0000
0000
0000
ENDCHAR
STARTCHAR u34C1
ENCODING 11955
SWIDTH 1000 0
DWIDTH 12 0
BBX 12 12 0 -1
BITMAP
0000
FFE0
8020
1100
2080
C060
0000
0000
0000
0000
0000
0000
ENDCHAR
STARTCHAR u2EB4
ENCODING 11956
SWIDTH 1000 0
DWIDTH 12 0
BBX 12 12 0 -1
BITMAP
0000
7FC0
9120
9120
1100
1100
1100
1100
2100
2120
4120
80C0
ENDCHAR
STARTCHAR u2EB5
ENCODING 11957
SWIDTH 1000 0
DWIDTH 12 0
BBX 12 12 0 -1
BITMAP
0000
0000
0000
7FC0
9120
9120
9120
9120
9120
9120
0000
0000
ENDCHAR
STARTCHAR u2EB6
ENCODING 11958
SWIDTH 1000 0
DWIDTH 12 0
BBX 12 12 0 -1
BITMAP
0000
2080
1100
7FC0
0400
3F80
0800
FFE0
1000
2000
C000
0000
ENDCHAR
STARTCHAR u2EB7
ENCODING 11959
SWIDTH 1000 0
DWIDTH 12 0
BBX 12 12 0 -1
BITMAP
0000
2080
1100
7FC0
0400
3F80
0400
FFE0
0000
0000
0000
0000
ENDCHAR
STARTCHAR u2EB8
ENCODING 11960
SWIDTH 1000 0
DWIDTH 12 0
BBX 12 12 0 -1
BITMAP
0000
1100
71C0
1100
1100
0000
FFE0
0400
0400
7FC0
0400
0400
ENDCHAR
STARTCHAR u8002
ENCODING 11961
SWIDTH 1000 0
DWIDTH 12 0
BBX 12 12 0 -1
BITMAP
0000
0840
7E80
0900
0A00
FFE0
0800
3000
C000
0000
0000
0000
ENDCHAR
STARTCHAR u8080
ENCODING 11962
SWIDTH 1000 0
DWIDTH 12 0
BBX 12 12 0 -1
BITMAP
0000
0400
7F80
0440
FFE0
0440
7F80
0400
0400
0400
0400
0400
ENDCHAR
STARTCHAR u2EBB
ENCODING 11963
SWIDTH 1000 0
DWIDTH 12 0
BBX 12 12 0 -1
BITMAP
0000
0400
7F80
0440
FFE0
0440
7F80
0400
FFE0
0000
0000
0000
ENDCHAR
STARTCHAR u2EBC
ENCODING 11964
SWIDTH 1000 0
DWIDTH 12 0
BBX 12 12 0 -1
BITMAP
0000
3000
4800
4800
7800
4800
4800
7800
4800
4800
4800
9800
ENDCHAR
STARTCHAR u26951
ENCODING 11965
SWIDTH 1000 0
DWIDTH 12 0
BBX 12 12 0 -1
BITMAP
0000
0800
1000
63C0
8020
8020
8020
FBE0
8020
8020
8020
7BC0
ENDCHAR
STARTCHAR u8279
ENCODING 11966
SWIDTH 1000 0
DWIDTH 12 0
BBX 12 12 0 -1
BITMAP
0000
1100
FFE0
1100
0000
0000
0000
0000
0000
0000
0000
0000
ENDCHAR
STARTCHAR u8279-ZH_HK
ENCODING 11967
SWIDTH 1000 0
DWIDTH 12 0
BBX 12 12 0 -1
BITMAP
0000
1100
FBE0
1100
0000
0000
0000
0000
0000
0000
0000
0000
ENDCHAR
STARTCHAR u2EC0
ENCODING 11968
SWIDTH 1000 0
DWIDTH 12 0
BBX 12 12 0 -1
BITMAP
0000
1100
F1E0
1100
0000
0000
0000
0000
0000
0000
0000
0000
ENDCHAR
STARTCHAR u864E-ZH_CN
ENCODING 11969
SWIDTH 1000 0
DWIDTH 12 0
BBX 12 12 0 -1
BITMAP
0000
07C0
0400
3FE0
4420
4780
5C20
47E0
4000
4F80
48A0
B0E0
ENDCHAR
STARTCHAR u8864
ENCODING 11970
SWIDTH 1000 0
DWIDTH 12 0
BBX 12 12 0 -1
BITMAP
0000
4000
2000
F000
1000
2000
2800
7000
A800
2000
2000
2000
ENDCHAR
STARTCHAR u8980
ENCODING 11971
SWIDTH 1000 0
DWIDTH 12 0
BBX 12 12 0 -1
BITMAP
0000
FFE0
1100
7FC0
9120
9120
7FC0
0000
0000
0000
0000
0000
ENDCHAR
STARTCHAR u897F
ENCODING 11972
SWIDTH 1000 0
DWIDTH 12 0
BBX 12 12 0 -1
BITMAP
0000
FFE0
1100
1100
7FC0
9120
9120
9120
A1E0
C020
8020
7FC0
ENDCHAR
STARTCHAR u89C1
ENCODING 11973
SWIDTH 1000 0
DWIDTH 12 0
BBX 12 12 0 -1
BITMAP
0000
3F80
4040
4040
4440
4440
4440
4440
0A00
0A20
1220
E1C0
ENDCHAR
STARTCHAR u89D2-ZH_CN
ENCODING 11974
SWIDTH 1000 0
DWIDTH 12 0
BBX 12 12 0 -1
BITMAP
0000
2000
3E00
4100
BF80
4440
7FC0
4440
7FC0
4440
4440
84C0
ENDCHAR
STARTCHAR u278B2
ENCODING 11975
SWIDTH 1000 0
DWIDTH 12 0
BBX 12 12 0 -1
BITMAP
0000
2000
3E00
4100
BF80
4440
4A40
75C0
4A40
71C0
4040
8180
ENDCHAR
STARTCHAR u8BA0
ENCODING 11976
SWIDTH 1000 0
DWIDTH 12 0
BBX 12 12 0 -1
BITMAP
0000
4000
2000
0000
0000
E000
2000
2000
2000
2000
2800
1000
ENDCHAR
STARTCHAR u8D1D
ENCODING 11977
SWIDTH 1000 0
DWIDTH 12 0
BBX 12 12 0 -1
BITMAP
0000
3F80
4040
4440
4440
4440
4440
4440
4440
0A00
3180
C060
ENDCHAR
STARTCHAR u27FB7
ENCODING 11978
SWIDTH 1000 0
DWIDTH 12 0
BBX 12 12 0 -1
BITMAP
0000
3800
4400
4400
3800
1000
1000
5C00
5000
5000
5C00
E000
ENDCHAR
STARTCHAR u8F66
ENCODING 11979
SWIDTH 1000 0
DWIDTH 12 0
BBX 12 12 0 -1
BITMAP
0000
0800
FFE0
1000
2400
4400
3FC0
0400
0400
FFE0
0400
0400
ENDCHAR
STARTCHAR u8FB6
ENCODING 11980
SWIDTH 1000 0
DWIDTH 12 0
BBX 12 12 0 -1
BITMAP
0000
8000
4000
0000
0000
C000
4000
4000
4000
4000
A000
9FE0
ENDCHAR
STARTCHAR u8FB6-ZH_TR
ENCODING 11981
SWIDTH 1000 0
DWIDTH 12 0
BBX 12 12 0 -1
BITMAP
0000
8000
4000
0000
8000
4000
0000
C000
4000
4000
A000
9FE0
ENDCHAR
STARTCHAR u8FB6-ZH_HK
ENCODING 11982
SWIDTH 1000 0
DWIDTH 12 0
BBX 12 12 0 -1
BITMAP
0000
8000
4000
0000
C000
4000
4000
8000
4000
4000
A000
9FE0
ENDCHAR
STARTCHAR u2ECF
ENCODING 11983
SWIDTH 1000 0
DWIDTH 12 0
BBX 12 12 0 -1
BITMAP
0000
00C0
0120
0120
0140
0140
0120
0120
0120
01C0
0100
0100
ENDCHAR
STARTCHAR u9485
ENCODING 11984
SWIDTH 1000 0
DWIDTH 12 0
BBX 12 12 0 -1
BITMAP
0000
4000
7800
8000
7800
2000
2000
F800
2000
2000
2800
1000
ENDCHAR
STARTCHAR u9577
ENCODING 11985
SWIDTH 1000 0
DWIDTH 12 0
BBX 12 12 0 -1
BITMAP
0000
1FC0
2000
3F80
2000
3F80
2000
FFE0
2440
2280
2900
30E0
ENDCHAR
STARTCHAR u9578
ENCODING 11986
SWIDTH 1000 0
DWIDTH 12 0
BBX 12 12 0 -1
BITMAP
0000
1FC0
2000
3F80
2000
3F80
2000
FFE0
0800
1100
2080
7F40
ENDCHAR
STARTCHAR u957F
ENCODING 11987
SWIDTH 1000 0
DWIDTH 12 0
BBX 12 12 0 -1
BITMAP
0000
2080
2100
2200
2C00
2000
FFE0
2400
2200
2100
2880
3060
ENDCHAR
STARTCHAR u95E8
ENCODING 11988
SWIDTH 1000 0
DWIDTH 12 0
BBX 12 12 0 -1
BITMAP
0000
9FC0
4020
0020
8020
8020
8020
8020
8020
8020
8020
80C0
ENDCHAR
STARTCHAR u28E0F
ENCODING 11989
SWIDTH 1000 0
DWIDTH 12 0
BBX 12 12 0 -1
BITMAP
0000
0400
0800
1E00
2100
3F00
2100
2100
3F80
2080
2080
1F00
ENDCHAR
STARTCHAR u961D
ENCODING 11990
SWIDTH 1000 0
DWIDTH 12 0
BBX 12 12 0 -1
BITMAP
0000
3000
4800
4800
5000
5000
4800
4800
4800
7000
4000
4000
ENDCHAR
STARTCHAR u2ED7
ENCODING 11991
SWIDTH 1000 0
DWIDTH 12 0
BBX 12 12 0 -1
BITMAP
0000
7FC0
0400
7FC0
8420
B5A0
0400
0000
0000
0000
0000
0000
ENDCHAR
STARTCHAR u9752
ENCODING 11992
SWIDTH 1000 0
DWIDTH 12 0
BBX 12 12 0 -1
BITMAP
0000
0400
7FC0
0400
7FC0
0400
FFE0
2080
3F80
2080
3F80
2080
ENDCHAR
STARTCHAR u97E6
ENCODING 11993
SWIDTH 1000 0
DWIDTH 12 0
BBX 12 12 0 -1
BITMAP
0000
0400
0400
FFE0
0400
7FC0
0400
FFC0
0420
0420
04C0
0400
ENDCHAR
STARTCHAR u9875
ENCODING 11994
SWIDTH 1000 0
DWIDTH 12 0
BBX 12 12 0 -1
BITMAP
0000
FFE0
0400
3F80
4040
4440
4440
4440
4440
0A00
3180
C060
ENDCHAR
STARTCHAR u98CE
ENCODING 11995
SWIDTH 1000 0
DWIDTH 12 0
BBX 12 12 0 -1
BITMAP
0000
3F80
4040
4140
5140
4A40
4440
4440
4A40
5140
4060
8020
ENDCHAR
STARTCHAR u98DE
ENCODING 11996
SWIDTH 1000 0
DWIDTH 12 0
BBX 12 12 0 -1
BITMAP
0000
FE00
0120
0140
0180
0140
0120
0100
0100
00A0
00A0
0040
ENDCHAR
STARTCHAR u98DF
ENCODING 11997
SWIDTH 1000 0
DWIDTH 12 0
BBX 12 12 0 -1
BITMAP
0000
0E00
3180
C460
1F00
2080
3F80
2080
3F20
2240
2980
3060
ENDCHAR
STARTCHAR u2967F
ENCODING 11998
SWIDTH 1000 0
DWIDTH 12 0
BBX 12 12 0 -1
BITMAP
0000
6000
9000
2000
F000
9000
F000
9000
F000
8000
F000
8000
ENDCHAR
STARTCHAR u98E0
ENCODING 11999
SWIDTH 1000 0
DWIDTH 12 0
BBX 12 12 0 -1
BITMAP
0000
6000
9000
2000
F000
9000
F000
9000
F000
8000
A000
D000
ENDCHAR
STARTCHAR u9963
ENCODING 12000
SWIDTH 1000 0
DWIDTH 12 0
BBX 12 12 0 -1
BITMAP
0000
4000
7800
4800
9000
2000
2000
2000
2000
2000
2800
1000
ENDCHAR
STARTCHAR u29810
ENCODING 12001
SWIDTH 1000 0
DWIDTH 12 0
BBX 12 12 0 -1
BITMAP
0000
2480
4900
2480
0000
FFE0
0400
3F80
4040
7FC0
4040
3F80
ENDCHAR
STARTCHAR u9A6C
ENCODING 12002
SWIDTH 1000 0
DWIDTH 12 0
BBX 12 12 0 -1
BITMAP
0000
7F00
0080
2080
2080
2080
1FC0
0020
0020
FF20
0020
01C0
ENDCHAR
STARTCHAR u9AA8-ZH_CN
ENCODING 12003
SWIDTH 1000 0
DWIDTH 12 0
BBX 12 12 0 -1
BITMAP
0000
1F00
2080
3C80
2480
7FC0
A0A0
BFA0
2080
3F80
2080
2180
ENDCHAR
STARTCHAR u9B3C
ENCODING 12004
SWIDTH 1000 0
DWIDTH 12 0
BBX 12 12 0 -1
BITMAP
0000
0800
3F80
4440
7FC0
4440
3F80
0A80
0B40
13C0
2220
C1E0
ENDCHAR
STARTCHAR u9C7C
ENCODING 12005
SWIDTH 1000 0
DWIDTH 12 0
BBX 12 12 0 -1
BITMAP
0000
2000
3E00
4100
BF80
4440
7FC0
4440
4440
3F80
0000
FFE0
ENDCHAR
STARTCHAR u9E1F
ENCODING 12006
SWIDTH 1000 0
DWIDTH 12 0
BBX 12 12 0 -1
BITMAP
0000
0800
1F00
2080
2880
2580
2000
1FC0
0020
FF20
0020
01C0
ENDCHAR
STARTCHAR u5364
ENCODING 12007
SWIDTH 1000 0
DWIDTH 12 0
BBX 12 12 0 -1
BITMAP
0000
0400
07E0
0400
3F80
4040
5140
4A40
4440
4A40
5140
3F80
ENDCHAR
STARTCHAR u9EA6
ENCODING 12008
SWIDTH 1000 0
DWIDTH 12 0
BBX 12 12 0 -1
BITMAP
0000
0400
7FC0
0400
7FC0
0400
FFE0
0800
1FC0
7080
0F00
F0E0
ENDCHAR
STARTCHAR u9EC4
ENCODING 12009
SWIDTH 1000 0
DWIDTH 12 0
BBX 12 12 0 -1
BITMAP
0000
1100
7FC0
1100
FFE0
0400
3F80
4440
7FC0
4440
3F80
C060
ENDCHAR
STARTCHAR u9EFE
ENCODING 12010
SWIDTH 1000 0
DWIDTH 12 0
BBX 12 12 0 -1
BITMAP
0000
1F00
2080
3F80
0400
3F80
4440
7FC0
4440
3F80
0420
03E0
ENDCHAR
STARTCHAR u6589
ENCODING 12011
SWIDTH 1000 0
DWIDTH 12 0
BBX 12 12 0 -1
BITMAP
0000
0400
FFE0
1100
0E00
3180
E0E0
3F80
2080
3F80
2080
4080
ENDCHAR
STARTCHAR u9F50
ENCODING 12012
SWIDTH 1000 0
DWIDTH 12 0
BBX 12 12 0 -1
BITMAP
0000
0400
FFE0
2080
1100
0E00
3180
C060
2080
2080
2080
4080
ENDCHAR
STARTCHAR u6B6F
ENCODING 12013
SWIDTH 1000 0
DWIDTH 12 0
BBX 12 12 0 -1
BITMAP
0000
0400
27C0
2400
FFE0
0000
5540
4E40
7FC0
5540
64C0
3F80
ENDCHAR
STARTCHAR u9F7F
ENCODING 12014
SWIDTH 1000 0
DWIDTH 12 0
BBX 12 12 0 -1
BITMAP
0000
0400
27C0
2400
2400
FFE0
0000
4440
4440
4A40
5140
3F80
ENDCHAR
STARTCHAR u7ADC
ENCODING 12015
SWIDTH 1000 0
DWIDTH 12 0
BBX 12 12 0 -1
BITMAP
0000
0400
7FC0
2080
1100
FFE0
4440
7FC0
4440
3F80
0420
03E0
ENDCHAR
STARTCHAR u9F99
ENCODING 12016
SWIDTH 1000 0
DWIDTH 12 0
BBX 12 12 0 -1
BITMAP
0000
0900
0880
FFE0
0A00
0A00
1240
1280
2300
2220
4620
89C0
ENDCHAR
STARTCHAR u9F9C-ZH_CN
ENCODING 12017
SWIDTH 1000 0
DWIDTH 12 0
BBX 12 12 0 -1
BITMAP
0000
0800
3F80
4040
7BC0
EA00
2B80
FA40
2B40
FB80
2A20
C7E0
ENDCHAR
STARTCHAR u4E80
ENCODING 12018
SWIDTH 1000 0
DWIDTH 12 0
BBX 12 12 0 -1
BITMAP
0000
1E00
2100
7F80
2480
7FC0
4440
7FC0
4440
3F80
0420
03E0
ENDCHAR
STARTCHAR u9F9F
ENCODING 12019
SWIDTH 1000 0
DWIDTH 12 0
BBX 12 12 0 -1
BITMAP
0000
2000
3E00
4100
BF80
4440
7FC0
4440
4440
3F80
0420
03E0
ENDCHAR
STARTCHAR u4E00
ENCODING 12032
SWIDTH 1000 0
DWIDTH 12 0
BBX 12 12 0 -1
BITMAP
0000
0000
0000
0000
0000
0000
FFE0
0000
0000
0000
0000
0000
ENDCHAR
STARTCHAR u4E28
ENCODING 12033
SWIDTH 1000 0
DWIDTH 12 0
BBX 12 12 0 -1
BITMAP
0000
0400
0400
0400
0400
0400
0400
0400
0400
0400
0400
0400
ENDCHAR
STARTCHAR u4E36
ENCODING 12034
SWIDTH 1000 0
DWIDTH 12 0
BBX 12 12 0 -1
BITMAP
0000
0000
0000
0000
0800
0400
0200
0100
0100
0000
0000
0000
ENDCHAR
STARTCHAR u4E3F
ENCODING 12035
SWIDTH 1000 0
DWIDTH 12 0
BBX 12 12 0 -1
BITMAP
0000
0200
0200
0200
0200
0200
0400
0400
0800
0800
1000
2000
ENDCHAR
STARTCHAR u4E59
ENCODING 12036
SWIDTH 1000 0
DWIDTH 12 0
BBX 12 12 0 -1
BITMAP
0000
FF80
0100
0200
0400
0800
1000
2000
4000
8020
8020
7FC0
ENDCHAR
STARTCHAR u4E85
ENCODING 12037
SWIDTH 1000 0
DWIDTH 12 0
BBX 12 12 0 -1
BITMAP
0000
0400
0400
0400
0400
0400
0400
0400
0400
0400
0400
1800
ENDCHAR
STARTCHAR u4E8C
ENCODING 12038
SWIDTH 1000 0
DWIDTH 12 0
BBX 12 12 0 -1
BITMAP
0000
0000
7FC0
0000
0000
0000
0000
0000
0000
0000
FFE0
0000
ENDCHAR
STARTCHAR u4EA0
ENCODING 12039
SWIDTH 1000 0
DWIDTH 12 0
BBX 12 12 0 -1
BITMAP
0000
0800
0400
FFE0
0000
0000
0000
0000
0000
0000
0000
0000
ENDCHAR
STARTCHAR u4EBA
ENCODING 12040
SWIDTH 1000 0
DWIDTH 12 0
BBX 12 12 0 -1
BITMAP
0000
0400
0400
0400
0400
0A00
0A00
1100
1100
2080
4040
8020
ENDCHAR
STARTCHAR u513F
ENCODING 12041
SWIDTH 1000 0
DWIDTH 12 0
BBX 12 12 0 -1
BITMAP
0000
1100
1100
1100
1100
1100
1100
1100
2100
2120
4120
80C0
ENDCHAR
STARTCHAR u5165
ENCODING 12042
SWIDTH 1000 0
DWIDTH 12 0
BBX 12 12 0 -1
BITMAP
0000
3800
0400
0400
0400
0A00
0A00
1100
1100
2080
4040
8020
ENDCHAR
STARTCHAR u516B-ZH_TW
ENCODING 12043
SWIDTH 1000 0
DWIDTH 12 0
BBX 12 12 0 -1
BITMAP
0000
1300
1100
1100
1100
1100
2080
2080
2080
4040
4040
8020
ENDCHAR
STARTCHAR u5182
ENCODING 12044
SWIDTH 1000 0
DWIDTH 12 0
BBX 12 12 0 -1
BITMAP
0000
7FC0
8020
8020
8020
8020
8020
8020
8020
8020
8020
80C0
ENDCHAR
STARTCHAR u5196
ENCODING 12045
SWIDTH 1000 0
DWIDTH 12 0
BBX 12 12 0 -1
BITMAP
0000
0000
0000
0000
7FC0
8020
8020
0000
0000
0000
0000
0000
ENDCHAR
STARTCHAR u51AB
ENCODING 12046
SWIDTH 1000 0
DWIDTH 12 0
BBX 12 12 0 -1
BITMAP
0000
4000
2000
1000
0000
0000
0000
1000
1000
2000
2000
4000
ENDCHAR
STARTCHAR u51E0
ENCODING 12047
SWIDTH 1000 0
DWIDTH 12 0
BBX 12 12 0 -1
BITMAP
0000
1E00
2100
2100
2100
2100
2100
2100
2100
4120
4120
80C0
ENDCHAR
STARTCHAR u51F5
ENCODING 12048
SWIDTH 1000 0
DWIDTH 12 0
BBX 12 12 0 -1
BITMAP
0000
0000
8020
8020
8020
8020
8020
8020
8020
8020
7FC0
0000
ENDCHAR
STARTCHAR u5200
ENCODING 12049
SWIDTH 1000 0
DWIDTH 12 0
BBX 12 12 0 -1
BITMAP
0000
7FC0
0820
0820
0820
0820
0820
0820
1020
1020
2020
C1C0
ENDCHAR
STARTCHAR u529B
ENCODING 12050
SWIDTH 1000 0
DWIDTH 12 0
BBX 12 12 0 -1
BITMAP
0000
0400
0400
7FC0
0420
0420
0420
0820
0820
1020
2020
C1C0
ENDCHAR
STARTCHAR u52F9
ENCODING 12051
SWIDTH 1000 0
DWIDTH 12 0
BBX 12 12 0 -1
BITMAP
0000
2000
2000
3FC0
4020
8020
0020
0020
0020
0020
0020
00C0
ENDCHAR
STARTCHAR u5315-ZH_TW
ENCODING 12052
SWIDTH 1000 0
DWIDTH 12 0
BBX 12 12 0 -1
BITMAP
0000
4000
4000
4000
4000
7FC0
4000
4000
4000
4040
4040
3F80
ENDCHAR
STARTCHAR u531A
ENCODING 12053
SWIDTH 1000 0
DWIDTH 12 0
BBX 12 12 0 -1
BITMAP
0000
7FE0
8000
8000
8000
8000
8000
8000
8000
8000
8000
7FE0
ENDCHAR
STARTCHAR u5338
ENCODING 12054
SWIDTH 1000 0
DWIDTH 12 0
BBX 12 12 0 -1
BITMAP
0000
FFE0
4000
4000
4000
4000
4000
4000
4000
4000
4000
3FE0
ENDCHAR
STARTCHAR u5341
ENCODING 12055
SWIDTH 1000 0
DWIDTH 12 0
BBX 12 12 0 -1
BITMAP
0000
0400
0400
0400
0400
FFE0
0400
0400
0400
0400
0400
0400
ENDCHAR
STARTCHAR u535C
ENCODING 12056
SWIDTH 1000 0
DWIDTH 12 0
BBX 12 12 0 -1
BITMAP
0000
0800
0800
0800
0800
0C00
0B00
08C0
0800
0800
0800
0800
ENDCHAR
STARTCHAR u5369
ENCODING 12057
SWIDTH 1000 0
DWIDTH 12 0
BBX 12 12 0 -1
BITMAP
0000
0F00
1080
1080
1080
1080
1080
1080
1080
1300
1000
1000
ENDCHAR
STARTCHAR u5382
ENCODING 12058
SWIDTH 1000 0
DWIDTH 12 0
BBX 12 12 0 -1
BITMAP
0000
1FE0
2000
2000
2000
2000
2000
2000
2000
4000
4000
8000
ENDCHAR
STARTCHAR u53B6
ENCODING 12059
SWIDTH 1000 0
DWIDTH 12 0
BBX 12 12 0 -1
BITMAP
0000
0800
0800
0800
0800
1000
1080
1080
2040
2040
43A0
3C20
ENDCHAR
STARTCHAR u53C8
ENCODING 12060
SWIDTH 1000 0
DWIDTH 12 0
BBX 12 12 0 -1
BITMAP
0000
3F80
4040
4040
2080
2080
1100
0A00
0400
0A00
3180
C060
ENDCHAR
STARTCHAR u53E3
ENCODING 12061
SWIDTH 1000 0
DWIDTH 12 0
BBX 12 12 0 -1
BITMAP
0000
0000
3F80
4040
4040
4040
4040
4040
4040
4040
3F80
0000
ENDCHAR
STARTCHAR u56D7
ENCODING 12062
SWIDTH 1000 0
DWIDTH 12 0
BBX 12 12 0 -1
BITMAP
0000
7FC0
8020
8020
8020
8020
8020
8020
8020
8020
8020
7FC0
ENDCHAR
STARTCHAR u571F
ENCODING 12063
SWIDTH 1000 0
DWIDTH 12 0
BBX 12 12 0 -1
BITMAP
0000
0400
0400
0400
0400
7FC0
0400
0400
0400
0400
0400
FFE0
ENDCHAR
STARTCHAR u58EB
ENCODING 12064
SWIDTH 1000 0
DWIDTH 12 0
BBX 12 12 0 -1
BITMAP
0000
0400
0400
0400
0400
FFE0
0400
0400
0400
0400
0400
7FC0
ENDCHAR
STARTCHAR u5902
ENCODING 12065
SWIDTH 1000 0
DWIDTH 12 0
BBX 12 12 0 -1
BITMAP
0000
1000
1000
1F00
2080
2080
5100
9100
0A00
0400
1B00
E0E0
ENDCHAR
STARTCHAR u590A
ENCODING 12066
SWIDTH 1000 0
DWIDTH 12 0
BBX 12 12 0 -1
BITMAP
0000
1000
5000
5F00
2080
2080
5100
9100
0A00
0400
1B00
E0E0
ENDCHAR
STARTCHAR u5915
ENCODING 12067
SWIDTH 1000 0
DWIDTH 12 0
BBX 12 12 0 -1
BITMAP
0000
1000
1000
1F80
2040
5040
8C80
0280
0100
0200
0C00
7000
ENDCHAR
STARTCHAR u5927
ENCODING 12068
SWIDTH 1000 0
DWIDTH 12 0
BBX 12 12 0 -1
BITMAP
0000
0400
0400
0400
FFE0
0400
0A00
0A00
1100
1100
2080
C060
ENDCHAR
STARTCHAR u5973-ZH_HK
ENCODING 12069
SWIDTH 1000 0
DWIDTH 12 0
BBX 12 12 0 -1
BITMAP
0000
0800
0800
0880
FFE0
1080
1080
2100
1900
0600
1980
E060
ENDCHAR
STARTCHAR u5B50
ENCODING 12070
SWIDTH 1000 0
DWIDTH 12 0
BBX 12 12 0 -1
BITMAP
0000
7F00
0080
0100
0200
0400
FFE0
0400
0400
0400
0400
1800
ENDCHAR
STARTCHAR u5B80
ENCODING 12071
SWIDTH 1000 0
DWIDTH 12 0
BBX 12 12 0 -1
BITMAP
0000
0800
0400
7FC0
8020
8020
0000
0000
0000
0000
0000
0000
ENDCHAR
STARTCHAR u5BF8
ENCODING 12072
SWIDTH 1000 0
DWIDTH 12 0
BBX 12 12 0 -1
BITMAP
0000
0080
0080
FFE0
0080
0080
2080
1080
1080
0080
0080
0300
ENDCHAR
STARTCHAR u5C0F
ENCODING 12073
SWIDTH 1000 0
DWIDTH 12 0
BBX 12 12 0 -1
BITMAP
0000
0400
0400
0400
2480
2440
4440
4420
8420
0400
0400
1800
ENDCHAR
STARTCHAR u5C22
ENCODING 12074
SWIDTH 1000 0
DWIDTH 12 0
BBX 12 12 0 -1
BITMAP
0000
0800
0800
0800
FFE0
0A00
0A00
1200
1200
2220
4220
81C0
ENDCHAR
STARTCHAR u5C38
ENCODING 12075
SWIDTH 1000 0
DWIDTH 12 0
BBX 12 12 0 -1
BITMAP
0000
1FC0
2020
2020
2020
3FC0
2000
2000
2000
4000
4000
8000
ENDCHAR
STARTCHAR u5C6E
ENCODING 12076
SWIDTH 1000 0
DWIDTH 12 0
BBX 12 12 0 -1
BITMAP
0000
0400
0400
4440
4440
4440
4440
3F80
0400
0400
0400
0400
ENDCHAR
STARTCHAR u5C71
ENCODING 12077
SWIDTH 1000 0
DWIDTH 12 0
BBX 12 12 0 -1
BITMAP
0000
0400
0400
0400
8420
8420
8420
8420
8420
8420
8420
7FC0
ENDCHAR
STARTCHAR u5DDB
ENCODING 12078
SWIDTH 1000 0
DWIDTH 12 0
BBX 12 12 0 -1
BITMAP
0000
2220
2220
4440
4440
8880
8880
8880
4440
4440
2220
2220
ENDCHAR
STARTCHAR u5DE5
ENCODING 12079
SWIDTH 1000 0
DWIDTH 12 0
BBX 12 12 0 -1
BITMAP
0000
7FC0
0400
0400
0400
0400
0400
0400
0400
0400
0400
FFE0
ENDCHAR
STARTCHAR u5DF1
ENCODING 12080
SWIDTH 1000 0
DWIDTH 12 0
BBX 12 12 0 -1
BITMAP
0000
7F80
0040
0040
0040
0040
3F80
4000
4000
4020
4020
3FC0
ENDCHAR
STARTCHAR u5DFE
ENCODING 12081
SWIDTH 1000 0
DWIDTH 12 0
BBX 12 12 0 -1
BITMAP
0000
0400
0400
3F80
4440
4440
4440
4440
4440
44C0
0400
0400
ENDCHAR
STARTCHAR u5E72
ENCODING 12082
SWIDTH 1000 0
DWIDTH 12 0
BBX 12 12 0 -1
BITMAP
0000
7FC0
0400
0400
0400
0400
FFE0
0400
0400
0400
0400
0400
ENDCHAR
STARTCHAR u5E7A
ENCODING 12083
SWIDTH 1000 0
DWIDTH 12 0
BBX 12 12 0 -1
BITMAP
0000
0400
0800
1000
2100
4200
3C00
0800
1040
2040
43A0
3C20
ENDCHAR
STARTCHAR u5E7F
ENCODING 12084
SWIDTH 1000 0
DWIDTH 12 0
BBX 12 12 0 -1
BITMAP
0000
0200
1FE0
2000
2000
2000
2000
2000
2000
4000
4000
8000
ENDCHAR
STARTCHAR u5EF4
ENCODING 12085
SWIDTH 1000 0
DWIDTH 12 0
BBX 12 12 0 -1
BITMAP
0000
E000
1000
2000
4000
6000
1000
9000
5000
2000
5800
87E0
ENDCHAR
STARTCHAR u5EFE
ENCODING 12086
SWIDTH 1000 0
DWIDTH 12 0
BBX 12 12 0 -1
BITMAP
0000
1080
1080
1080
1080
FFE0
1080
1080
2080
2080
4080
8080
ENDCHAR
STARTCHAR u5F0B
ENCODING 12087
SWIDTH 1000 0
DWIDTH 12 0
BBX 12 12 0 -1
BITMAP
0000
0480
0440
0400
07E0
FC00
0400
0200
0200
0120
00A0
0040
ENDCHAR
STARTCHAR u5F13
ENCODING 12088
SWIDTH 1000 0
DWIDTH 12 0
BBX 12 12 0 -1
BITMAP
0000
7F80
0040
0040
3F80
4000
4000
3FC0
0020
0020
0020
03C0
ENDCHAR
STARTCHAR u5F50
ENCODING 12089
SWIDTH 1000 0
DWIDTH 12 0
BBX 12 12 0 -1
BITMAP
0000
7F00
0080
0080
0080
0080
3F80
0080
0080
0080
0080
FFE0
ENDCHAR
STARTCHAR u5F61
ENCODING 12090
SWIDTH 1000 0
DWIDTH 12 0
BBX 12 12 0 -1
BITMAP
0000
0100
0200
0C00
3080
0100
0600
3800
0040
0180
0600
3800
ENDCHAR
STARTCHAR u5F73
ENCODING 12091
SWIDTH 1000 0
DWIDTH 12 0
BBX 12 12 0 -1
BITMAP
0000
0080
0300
3C00
0040
0180
0E00
7400
0400
0400
0400
0400
ENDCHAR
STARTCHAR u5FC3
ENCODING 12092
SWIDTH 1000 0
DWIDTH 12 0
BBX 12 12 0 -1
BITMAP
0000
0800
0400
0200
1200
1000
5040
5020
5020
90A0
1080
0F00
ENDCHAR
STARTCHAR u6208
ENCODING 12093
SWIDTH 1000 0
DWIDTH 12 0
BBX 12 12 0 -1
BITMAP
0000
0480
0440
0400
07E0
FC00
0440
0480
0300
0620
1920
E0C0
ENDCHAR
STARTCHAR u6236
ENCODING 12094
SWIDTH 1000 0
DWIDTH 12 0
BBX 12 12 0 -1
BITMAP
0000
01C0
1E00
2000
3FC0
2020
2020
3FC0
2000
2000
4000
8000
ENDCHAR
STARTCHAR u624B
ENCODING 12095
SWIDTH 1000 0
DWIDTH 12 0
BBX 12 12 0 -1
BITMAP
0000
03C0
7C00
0400
0400
7FC0
0400
0400
FFE0
0400
0400
1800
ENDCHAR
STARTCHAR u652F
ENCODING 12096
SWIDTH 1000 0
DWIDTH 12 0
BBX 12 12 0 -1
BITMAP
0000
0400
0400
FFE0
0400
0400
7FC0
2080
1100
0E00
3180
C060
ENDCHAR
STARTCHAR u6534
ENCODING 12097
SWIDTH 1000 0
DWIDTH 12 0
BBX 12 12 0 -1
BITMAP
0000
0400
0400
07E0
0400
0400
7FC0
2080
1100
0E00
3180
C060
ENDCHAR
STARTCHAR u6587
ENCODING 12098
SWIDTH 1000 0
DWIDTH 12 0
BBX 12 12 0 -1
BITMAP
0000
0800
0400
FFE0
2080
2080
1100
1100
0A00
0400
1B00
E0E0
ENDCHAR
STARTCHAR u6597
ENCODING 12099
SWIDTH 1000 0
DWIDTH 12 0
BBX 12 12 0 -1
BITMAP
0000
1100
0900
0500
4100
2100
1100
01E0
0F00
F100
0100
0100
ENDCHAR
STARTCHAR u65A4
ENCODING 12100
SWIDTH 1000 0
DWIDTH 12 0
BBX 12 12 0 -1
BITMAP
0000
01C0
1E00
2000
2000
3FE0
2100
2100
2100
4100
4100
8100
ENDCHAR
STARTCHAR u65B9
ENCODING 12101
SWIDTH 1000 0
DWIDTH 12 0
BBX 12 12 0 -1
BITMAP
0000
0800
0400
FFE0
0800
0800
0F80
0840
1040
1040
2040
C180
ENDCHAR
STARTCHAR u65E0
ENCODING 12102
SWIDTH 1000 0
DWIDTH 12 0
BBX 12 12 0 -1
BITMAP
0000
7FC0
0400
0400
0400
FFE0
0A00
0A00
1200
1220
2220
C1C0
ENDCHAR
STARTCHAR u65E5
ENCODING 12103
SWIDTH 1000 0
DWIDTH 12 0
BBX 12 12 0 -1
BITMAP
0000
3F80
4040
4040
4040
4040
7FC0
4040
4040
4040
4040
3F80
ENDCHAR
STARTCHAR u66F0
ENCODING 12104
SWIDTH 1000 0
DWIDTH 12 0
BBX 12 12 0 -1
BITMAP
0000
0000
7FC0
8020
8020
8020
FFA0
8020
8020
8020
7FC0
0000
ENDCHAR
STARTCHAR u6708
ENCODING 12105
SWIDTH 1000 0
DWIDTH 12 0
BBX 12 12 0 -1
BITMAP
0000
1F80
2040
2040
3FC0
2040
2040
3FC0
2040
4040
4040
8180
ENDCHAR
STARTCHAR u6728
ENCODING 12106
SWIDTH 1000 0
DWIDTH 12 0
BBX 12 12 0 -1
BITMAP
0000
0400
0400
FFE0
1500
1500
1500
2480
2480
4440
8420
0400
ENDCHAR
STARTCHAR u6B20
ENCODING 12107
SWIDTH 1000 0
DWIDTH 12 0
BBX 12 12 0 -1
BITMAP
0000
2000
2000
3FC0
4020
8440
0400
0400
0A00
0A00
1100
E0E0
ENDCHAR
STARTCHAR u6B62
ENCODING 12108
SWIDTH 1000 0
DWIDTH 12 0
BBX 12 12 0 -1
BITMAP
0000
0400
0400
0400
2400
27C0
2400
2400
2400
2400
2400
FFE0
ENDCHAR
STARTCHAR u6B79
ENCODING 12109
SWIDTH 1000 0
DWIDTH 12 0
BBX 12 12 0 -1
BITMAP
0000
FFE0
0800
0800
0F80
1040
2840
C480
0280
0100
0600
7800
ENDCHAR
STARTCHAR u6BB3
ENCODING 12110
SWIDTH 1000 0
DWIDTH 12 0
BBX 12 12 0 -1
BITMAP
0000
1F00
1100
1100
2100
C0E0
0000
3F80
2080
1100
0E00
F1E0
ENDCHAR
STARTCHAR u6BCB
ENCODING 12111
SWIDTH 1000 0
DWIDTH 12 0
BBX 12 12 0 -1
BITMAP
0000
1F80
2440
2440
2440
FFE0
4440
4440
3FE0
0840
1040
6180
ENDCHAR
STARTCHAR u6BD4-ZH_HK
ENCODING 12112
SWIDTH 1000 0
DWIDTH 12 0
BBX 12 12 0 -1
BITMAP
0000
8200
8200
8200
8200
FBE0
8200
8200
8200
8220
9A20
61C0
ENDCHAR
STARTCHAR u6BDB
ENCODING 12113
SWIDTH 1000 0
DWIDTH 12 0
BBX 12 12 0 -1
BITMAP
0000
07C0
F800
0800
0FC0
F800
0800
0FE0
F800
0820
0820
07C0
ENDCHAR
STARTCHAR u6C0F
ENCODING 12114
SWIDTH 1000 0
DWIDTH 12 0
BBX 12 12 0 -1
BITMAP
0000
03C0
7C00
8400
8400
8400
FFE0
8200
8200
8120
98A0
6040
ENDCHAR
STARTCHAR u6C14
ENCODING 12115
SWIDTH 1000 0
DWIDTH 12 0
BBX 12 12 0 -1
BITMAP
0000
4000
7FC0
8000
7F80
0000
FF80
0080
0080
00A0
00A0
0040
ENDCHAR
STARTCHAR u6C34
ENCODING 12116
SWIDTH 1000 0
DWIDTH 12 0
BBX 12 12 0 -1
BITMAP
0000
0400
0400
0420
F640
1680
1500
2500
2480
4440
8420
1800
ENDCHAR
STARTCHAR u706B-ZH_HK
ENCODING 12117
SWIDTH 1000 0
DWIDTH 12 0
BBX 12 12 0 -1
BITMAP
0000
0400
0400
4440
2440
2480
0400
0A00
0A00
1100
2080
C060
ENDCHAR
STARTCHAR u722A
ENCODING 12118
SWIDTH 1000 0
DWIDTH 12 0
BBX 12 12 0 -1
BITMAP
0000
03C0
3C80
4480
4480
4480
4480
4480
4480
4440
4440
8420
ENDCHAR
STARTCHAR u7236
ENCODING 12119
SWIDTH 1000 0
DWIDTH 12 0
BBX 12 12 0 -1
BITMAP
0000
1100
2080
4040
A0A0
2080
1100
0A00
0400
0A00
3180
C060
ENDCHAR
STARTCHAR u723B
ENCODING 12120
SWIDTH 1000 0
DWIDTH 12 0
BBX 12 12 0 -1
BITMAP
0000
6040
1980
0600
1980
E060
1100
1100
0A00
0400
1B00
E0E0
ENDCHAR
STARTCHAR u723F
ENCODING 12121
SWIDTH 1000 0
DWIDTH 12 0
BBX 12 12 0 -1
BITMAP
0000
1080
1080
1080
0F80
0080
0080
7F80
1080
1080
2080
4080
ENDCHAR
STARTCHAR u7247-ZH_TW
ENCODING 12122
SWIDTH 1000 0
DWIDTH 12 0
BBX 12 12 0 -1
BITMAP
0000
2100
2100
2100
3E00
2000
2000
3F00
2080
4080
4080
8080
ENDCHAR
STARTCHAR u7259
ENCODING 12123
SWIDTH 1000 0
DWIDTH 12 0
BBX 12 12 0 -1
BITMAP
0000
7FC0
2100
2100
4100
7FE0
0300
0500
0900
3100
C100
0600
ENDCHAR
STARTCHAR u725B
ENCODING 12124
SWIDTH 1000 0
DWIDTH 12 0
BBX 12 12 0 -1
BITMAP
0000
4400
4400
7FC0
4400
8400
0400
FFE0
0400
0400
0400
0400
ENDCHAR
STARTCHAR u72AC
ENCODING 12125
SWIDTH 1000 0
DWIDTH 12 0
BBX 12 12 0 -1
BITMAP
0000
0480
0440
0400
FFE0
0400
0A00
0A00
1100
1100
2080
C060
ENDCHAR
STARTCHAR u7384
ENCODING 12126
SWIDTH 1000 0
DWIDTH 12 0
BBX 12 12 0 -1
BITMAP
0000
0800
0400
FFE0
0800
1100
2200
1C00
0880
1080
2340
1C40
ENDCHAR
STARTCHAR u7389
ENCODING 12127
SWIDTH 1000 0
DWIDTH 12 0
BBX 12 12 0 -1
BITMAP
0000
FFE0
0400
0400
0400
0400
7FC0
0400
0480
0440
0400
FFE0
ENDCHAR
STARTCHAR u74DC
ENCODING 12128
SWIDTH 1000 0
DWIDTH 12 0
BBX 12 12 0 -1
BITMAP
0000
03C0
3C80
4480
4480
4480
4480
4880
4880
4A40
5240
8D20
ENDCHAR
STARTCHAR u74E6
ENCODING 12129
SWIDTH 1000 0
DWIDTH 12 0
BBX 12 12 0 -1
BITMAP
0000
FFE0
1000
1000
1E00
2100
2900
2500
2300
4120
4D20
F0C0
ENDCHAR
STARTCHAR u7518
ENCODING 12130
SWIDTH 1000 0
DWIDTH 12 0
BBX 12 12 0 -1
BITMAP
0000
2080
2080
FFE0
2080
2080
2080
3F80
2080
2080
2080
1F00
ENDCHAR
STARTCHAR u751F
ENCODING 12131
SWIDTH 1000 0
DWIDTH 12 0
BBX 12 12 0 -1
BITMAP
0000
4400
4400
7FC0
4400
8400
0400
7FC0
0400
0400
0400
FFE0
ENDCHAR
STARTCHAR u7528
ENCODING 12132
SWIDTH 1000 0
DWIDTH 12 0
BBX 12 12 0 -1
BITMAP
0000
3F80
4440
4440
7FC0
4440
4440
7FC0
4440
4440
4440
84C0
ENDCHAR
STARTCHAR u7530
ENCODING 12133
SWIDTH 1000 0
DWIDTH 12 0
BBX 12 12 0 -1
BITMAP
0000
7FC0
8420
8420
8420
8420
FFE0
8420
8420
8420
8420
7FC0
ENDCHAR
STARTCHAR u758B
ENCODING 12134
SWIDTH 1000 0
DWIDTH 12 0
BBX 12 12 0 -1
BITMAP
0000
FFC0
0420
0440
0400
2400
27C0
2400
2400
5400
4C00
83E0
ENDCHAR
STARTCHAR u7592
ENCODING 12135
SWIDTH 1000 0
DWIDTH 12 0
BBX 12 12 0 -1
BITMAP
0000
0200
1FE0
A000
6000
2000
2000
6000
A000
2000
4000
8000
ENDCHAR
STARTCHAR u7676
ENCODING 12136
SWIDTH 1000 0
DWIDTH 12 0
BBX 12 12 0 -1
BITMAP
0000
0000
0000
7240
0A80
8920
5140
2080
4040
8020
0000
0000
ENDCHAR
STARTCHAR u767D
ENCODING 12137
SWIDTH 1000 0
DWIDTH 12 0
BBX 12 12 0 -1
BITMAP
0000
0400
0800
3F80
4040
4040
4040
7FC0
4040
4040
4040
3F80
ENDCHAR
STARTCHAR u76AE
ENCODING 12138
SWIDTH 1000 0
DWIDTH 12 0
BBX 12 12 0 -1
BITMAP
0000
0200
3FE0
4220
4200
7FC0
5040
4840
4480
4300
4C80
B060
ENDCHAR
STARTCHAR u76BF
ENCODING 12139
SWIDTH 1000 0
DWIDTH 12 0
BBX 12 12 0 -1
BITMAP
0000
0000
3F80
4A40
4A40
4A40
4A40
4A40
4A40
4A40
FFE0
0000
ENDCHAR
STARTCHAR u76EE
ENCODING 12140
SWIDTH 1000 0
DWIDTH 12 0
BBX 12 12 0 -1
BITMAP
0000
3F80
4040
4040
7FC0
4040
4040
4040
7FC0
4040
4040
3F80
ENDCHAR
STARTCHAR u77DB
ENCODING 12141
SWIDTH 1000 0
DWIDTH 12 0
BBX 12 12 0 -1
BITMAP
0000
7F00
0080
0B00
0400
FFC0
0C20
1440
2480
C400
0400
1800
ENDCHAR
STARTCHAR u77E2
ENCODING 12142
SWIDTH 1000 0
DWIDTH 12 0
BBX 12 12 0 -1
BITMAP
0000
2000
3FC0
4400
8400
0400
FFE0
0400
0A00
1100
2080
C060
ENDCHAR
STARTCHAR u77F3
ENCODING 12143
SWIDTH 1000 0
DWIDTH 12 0
BBX 12 12 0 -1
BITMAP
0000
FFE0
0800
0800
1000
1000
3F80
6040
A040
2040
2040
1F80
ENDCHAR
STARTCHAR u793A-ZH_TW
ENCODING 12144
SWIDTH 1000 0
DWIDTH 12 0
BBX 12 12 0 -1
BITMAP
0000
7FC0
0000
0000
FFE0
0400
0400
2480
2440
4420
8420
0400
ENDCHAR
STARTCHAR u79B8-ZH_HK
ENCODING 12145
SWIDTH 1000 0
DWIDTH 12 0
BBX 12 12 0 -1
BITMAP
0000
0400
0400
7FC0
8420
8420
8520
8520
86A0
B8A0
8020
80C0
ENDCHAR
STARTCHAR u79BE
ENCODING 12146
SWIDTH 1000 0
DWIDTH 12 0
BBX 12 12 0 -1
BITMAP
0000
03C0
7C00
0400
0400
FFE0
0E00
1500
2480
4440
8420
0400
ENDCHAR
STARTCHAR u7A74-ZH_TW
ENCODING 12147
SWIDTH 1000 0
DWIDTH 12 0
BBX 12 12 0 -1
BITMAP
0000
0800
0400
7FC0
8020
8020
1300
1100
2080
2080
4040
8020
ENDCHAR
STARTCHAR u7ACB
ENCODING 12148
SWIDTH 1000 0
DWIDTH 12 0
BBX 12 12 0 -1
BITMAP
0000
0800
0400
FFE0
0000
2080
2080
1080
1100
1100
0200
FFE0
ENDCHAR
STARTCHAR u7AF9
ENCODING 12149
SWIDTH 1000 0
DWIDTH 12 0
BBX 12 12 0 -1
BITMAP
0000
2100
2100
3DE0
5240
9440
1040
1040
1040
1040
1040
1180
ENDCHAR
STARTCHAR u7C73
ENCODING 12150
SWIDTH 1000 0
DWIDTH 12 0
BBX 12 12 0 -1
BITMAP
0000
4440
2480
1500
0400
FFE0
0400
0E00
1500
2480
C460
0400
ENDCHAR
STARTCHAR u7CF8
ENCODING 12151
SWIDTH 1000 0
DWIDTH 12 0
BBX 12 12 0 -1
BITMAP
0000
0800
1100
2200
7C00
0880
1040
FFA0
0400
2480
C460
1800
ENDCHAR
STARTCHAR u7F36
ENCODING 12152
SWIDTH 1000 0
DWIDTH 12 0
BBX 12 12 0 -1
BITMAP
0000
4000
7FC0
4400
8400
0400
FFE0
0400
4440
4440
4440
3F80
ENDCHAR
STARTCHAR u7F51
ENCODING 12153
SWIDTH 1000 0
DWIDTH 12 0
BBX 12 12 0 -1
BITMAP
0000
7FC0
8020
88A0
AAA0
9120
9120
AAA0
AAA0
C420
8020
80C0
ENDCHAR
STARTCHAR u7F8A
ENCODING 12154
SWIDTH 1000 0
DWIDTH 12 0
BBX 12 12 0 -1
BITMAP
0000
2080
1100
7FC0
0400
0400
3F80
0400
0400
FFE0
0400
0400
ENDCHAR
STARTCHAR u7FBD
ENCODING 12155
SWIDTH 1000 0
DWIDTH 12 0
BBX 12 12 0 -1
BITMAP
0000
F3C0
0820
8A20
4920
28A0
0820
1860
28A0
CB20
0820
30C0
ENDCHAR
STARTCHAR u8001-ZH_TW
ENCODING 12156
SWIDTH 1000 0
DWIDTH 12 0
BBX 12 12 0 -1
BITMAP
0000
0840
7E80
0900
0A00
FFE0
0800
3000
DFC0
1000
1020
0FE0
ENDCHAR
STARTCHAR u800C
ENCODING 12157
SWIDTH 1000 0
DWIDTH 12 0
BBX 12 12 0 -1
BITMAP
0000
FFE0
0400
0800
7FC0
9120
9120
9120
9120
9120
9120
8060
ENDCHAR
STARTCHAR u8012
ENCODING 12158
SWIDTH 1000 0
DWIDTH 12 0
BBX 12 12 0 -1
BITMAP
0000
0400
04C0
7F00
0400
3F80
0400
FFE0
1500
2480
C460
0400
ENDCHAR
STARTCHAR u8033-ZH_HK
ENCODING 12159
SWIDTH 1000 0
DWIDTH 12 0
BBX 12 12 0 -1
BITMAP
0000
FFE0
2080
3F80
2080
2080
3F80
2080
2080
FFE0
0080
0080
ENDCHAR
STARTCHAR u807F
ENCODING 12160
SWIDTH 1000 0
DWIDTH 12 0
BBX 12 12 0 -1
BITMAP
0000
0400
7F80
0440
FFE0
0440
7F80
0400
7FC0
0400
FFE0
0400
ENDCHAR
STARTCHAR u8089
ENCODING 12161
SWIDTH 1000 0
DWIDTH 12 0
BBX 12 12 0 -1
BITMAP
0000
0400
0400
7FC0
8420
8A20
B1A0
8420
8A20
B1A0
8020
80C0
ENDCHAR
STARTCHAR u81E3
ENCODING 12162
SWIDTH 1000 0
DWIDTH 12 0
BBX 12 12 0 -1
BITMAP
0000
7FE0
8400
8400
FF80
8040
8040
8040
FF80
8400
8400
7FE0
ENDCHAR
STARTCHAR u81EA
ENCODING 12163
SWIDTH 1000 0
DWIDTH 12 0
BBX 12 12 0 -1
BITMAP
0000
0400
0800
3F80
4040
7FC0
4040
4040
7FC0
4040
4040
3F80
ENDCHAR
STARTCHAR u81F3
ENCODING 12164
SWIDTH 1000 0
DWIDTH 12 0
BBX 12 12 0 -1
BITMAP
0000
FFE0
0800
1100
2080
7F40
0440
0400
7FC0
0400
0400
FFE0
ENDCHAR
STARTCHAR u81FC
ENCODING 12165
SWIDTH 1000 0
DWIDTH 12 0
BBX 12 12 0 -1
BITMAP
0000
0800
1000
63C0
8020
8020
8020
FBE0
8020
8020
8020
7FC0
ENDCHAR
STARTCHAR u820C-ZH_TW
ENCODING 12166
SWIDTH 1000 0
DWIDTH 12 0
BBX 12 12 0 -1
BITMAP
0000
7FC0
0400
0400
0400
FFE0
0400
0400
3F80
4040
4040
3F80
ENDCHAR
STARTCHAR u821B
ENCODING 12167
SWIDTH 1000 0
DWIDTH 12 0
BBX 12 12 0 -1
BITMAP
0000
2080
2080
33E0
4880
4A80
AA80
1280
11E0
2080
4080
8080
ENDCHAR
STARTCHAR u821F
ENCODING 12168
SWIDTH 1000 0
DWIDTH 12 0
BBX 12 12 0 -1
BITMAP
0000
0400
1F00
2080
2880
2480
FFE0
2080
2880
4480
4080
8300
ENDCHAR
STARTCHAR u826E
ENCODING 12169
SWIDTH 1000 0
DWIDTH 12 0
BBX 12 12 0 -1
BITMAP
0000
3F80
4040
7FC0
4040
4040
7F80
4400
4220
4140
4880
3060
ENDCHAR
STARTCHAR u8272
ENCODING 12170
SWIDTH 1000 0
DWIDTH 12 0
BBX 12 12 0 -1
BITMAP
0000
2000
3E00
4100
BF80
4440
4440
7F80
4000
4020
4020
3FC0
ENDCHAR
STARTCHAR u8278
ENCODING 12171
SWIDTH 1000 0
DWIDTH 12 0
BBX 12 12 0 -1
BITMAP
0000
2080
2080
AAA0
AAA0
AAA0
AAA0
AAA0
71C0
2080
4080
8080
ENDCHAR
STARTCHAR u864D-ZH_HK
ENCODING 12172
SWIDTH 1000 0
DWIDTH 12 0
BBX 12 12 0 -1
BITMAP
0000
0400
07C0
0400
3FE0
4420
47C0
7C00
4400
43E0
4000
8000
ENDCHAR
STARTCHAR u866B
ENCODING 12173
SWIDTH 1000 0
DWIDTH 12 0
BBX 12 12 0 -1
BITMAP
0000
0400
0400
3F80
4440
4440
4440
3F80
0400
0440
07A0
F820
ENDCHAR
STARTCHAR u8840
ENCODING 12174
SWIDTH 1000 0
DWIDTH 12 0
BBX 12 12 0 -1
BITMAP
0000
0400
0800
3F80
4A40
4A40
4A40
4A40
4A40
4A40
4A40
FFE0
ENDCHAR
STARTCHAR u884C
ENCODING 12175
SWIDTH 1000 0
DWIDTH 12 0
BBX 12 12 0 -1
BITMAP
0000
27C0
4000
8000
2FE0
4080
C080
4080
4080
4080
4080
4300
ENDCHAR
STARTCHAR u8863
ENCODING 12176
SWIDTH 1000 0
DWIDTH 12 0
BBX 12 12 0 -1
BITMAP
0000
0800
0400
FFE0
0A00
1240
2280
6100
A100
2480
2840
1020
ENDCHAR
STARTCHAR u897E
ENCODING 12177
SWIDTH 1000 0
DWIDTH 12 0
BBX 12 12 0 -1
BITMAP
0000
FFE0
1100
1100
7FC0
9120
9120
9120
8E20
8020
8020
8020
ENDCHAR
STARTCHAR u898B
ENCODING 12178
SWIDTH 1000 0
DWIDTH 12 0
BBX 12 12 0 -1
BITMAP
0000
3F80
4040
7FC0
4040
7FC0
4040
3F80
1100
1120
2120
C0C0
ENDCHAR
STARTCHAR u89D2
ENCODING 12179
SWIDTH 1000 0
DWIDTH 12 0
BBX 12 12 0 -1
BITMAP
0000
2000
3E00
4100
BF80
4440
7FC0
4440
7FC0
4040
4040
8180
ENDCHAR
STARTCHAR u8A00
ENCODING 12180
SWIDTH 1000 0
DWIDTH 12 0
BBX 12 12 0 -1
BITMAP
0000
0800
0400
FFE0
0000
7FC0
0000
7FC0
0000
7FC0
4040
3F80
ENDCHAR
STARTCHAR u8C37
ENCODING 12181
SWIDTH 1000 0
DWIDTH 12 0
BBX 12 12 0 -1
BITMAP
0000
1100
2080
C460
0A00
3180
C060
1F00
2080
2080
2080
1F00
ENDCHAR
STARTCHAR u8C46
ENCODING 12182
SWIDTH 1000 0
DWIDTH 12 0
BBX 12 12 0 -1
BITMAP
0000
FFE0
0000
3F80
4040
4040
3F80
0000
2080
1080
1100
FFE0
ENDCHAR
STARTCHAR u8C55
ENCODING 12183
SWIDTH 1000 0
DWIDTH 12 0
BBX 12 12 0 -1
BITMAP
0000
FFE0
0400
1820
E440
0680
1B00
E280
0680
1A40
E220
0C00
ENDCHAR
STARTCHAR u8C78
ENCODING 12184
SWIDTH 1000 0
DWIDTH 12 0
BBX 12 12 0 -1
BITMAP
0000
0180
7E00
1240
0980
7E00
0300
0C80
7180
0E80
7080
0700
ENDCHAR
STARTCHAR u8C9D
ENCODING 12185
SWIDTH 1000 0
DWIDTH 12 0
BBX 12 12 0 -1
BITMAP
0000
3F80
4040
7FC0
4040
4040
7FC0
4040
3F80
0000
2080
C060
ENDCHAR
STARTCHAR u8D64
ENCODING 12186
SWIDTH 1000 0
DWIDTH 12 0
BBX 12 12 0 -1
BITMAP
0000
0400
7FC0
0400
0400
FFE0
1100
5140
5120
9120
2100
4300
ENDCHAR
STARTCHAR u8D70
ENCODING 12187
SWIDTH 1000 0
DWIDTH 12 0
BBX 12 12 0 -1
BITMAP
0000
0400
7FC0
0400
0400
FFE0
0400
2400
27C0
2400
5C00
83E0
ENDCHAR
STARTCHAR u8DB3
ENCODING 12188
SWIDTH 1000 0
DWIDTH 12 0
BBX 12 12 0 -1
BITMAP
0000
3F80
4040
4040
4040
3F80
0400
2400
27C0
2400
5C00
83E0
ENDCHAR
STARTCHAR u8EAB
ENCODING 12189
SWIDTH 1000 0
DWIDTH 12 0
BBX 12 12 0 -1
BITMAP
0000
0400
1F00
2080
3F80
2080
3FA0
20C0
FF80
0480
1880
E300
ENDCHAR
STARTCHAR u8ECA
ENCODING 12190
SWIDTH 1000 0
DWIDTH 12 0
BBX 12 12 0 -1
BITMAP
0000
0400
FFE0
0400
3F80
4440
7FC0
4440
3F80
0400
FFE0
0400
ENDCHAR
STARTCHAR u8F9B
ENCODING 12191
SWIDTH 1000 0
DWIDTH 12 0
BBX 12 12 0 -1
BITMAP
0000
0800
0400
7FC0
2080
1100
FFE0
0400
0400
7FC0
0400
0400
ENDCHAR
STARTCHAR u8FB0-ZH_HK
ENCODING 12192
SWIDTH 1000 0
DWIDTH 12 0
BBX 12 12 0 -1
BITMAP
0000
3FE0
4000
7FC0
4000
7FE0
5100
5120
5140
5080
5240
8C20
ENDCHAR
STARTCHAR u8FB5
ENCODING 12193
SWIDTH 1000 0
DWIDTH 12 0
BBX 12 12 0 -1
BITMAP
0000
03C0
7C00
03C0
7C00
03E0
FC00
0400
27C0
2400
5C00
83E0
ENDCHAR
STARTCHAR u9091
ENCODING 12194
SWIDTH 1000 0
DWIDTH 12 0
BBX 12 12 0 -1
BITMAP
0000
1F00
2080
3F80
0000
3F80
4440
4440
7F80
4000
4020
3FE0
ENDCHAR
STARTCHAR u9149
ENCODING 12195
SWIDTH 1000 0
DWIDTH 12 0
BBX 12 12 0 -1
BITMAP
0000
FFE0
0A00
0A00
3F80
4A40
5240
63C0
4040
7FC0
4040
3F80
ENDCHAR
STARTCHAR u91C6
ENCODING 12196
SWIDTH 1000 0
DWIDTH 12 0
BBX 12 12 0 -1
BITMAP
0000
01C0
7E00
4440
2480
0400
FFE0
0E00
1500
2480
C460
0400
ENDCHAR
STARTCHAR u91CC
ENCODING 12197
SWIDTH 1000 0
DWIDTH 12 0
BBX 12 12 0 -1
BITMAP
0000
3F80
4440
4440
7FC0
4440
4440
3F80
0400
7FC0
0400
FFE0
ENDCHAR
STARTCHAR u91D1
ENCODING 12198
SWIDTH 1000 0
DWIDTH 12 0
BBX 12 12 0 -1
BITMAP
0000
0400
0A00
3180
C060
3F80
0400
0400
7FC0
2480
1500
FFE0
ENDCHAR
STARTCHAR u9577
ENCODING 12199
SWIDTH 1000 0
DWIDTH 12 0
BBX 12 12 0 -1
BITMAP
0000
1FC0
2000
3F80
2000
3F80
2000
FFE0
2440
2280
2900
30E0
ENDCHAR
STARTCHAR u9580
ENCODING 12200
SWIDTH 1000 0
DWIDTH 12 0
BBX 12 12 0 -1
BITMAP
0000
7BC0
8A20
FBE0
8A20
FBE0
8020
8020
8020
8020
8020
80C0
ENDCHAR
STARTCHAR u961C
ENCODING 12201
SWIDTH 1000 0
DWIDTH 12 0
BBX 12 12 0 -1
BITMAP
0000
0800
3F80
4040
7F80
4000
7F80
4040
3F80
0400
FFE0
0400
ENDCHAR
STARTCHAR u96B6-ZH_HK
ENCODING 12202
SWIDTH 1000 0
DWIDTH 12 0
BBX 12 12 0 -1
BITMAP
0000
0400
7F80
0440
FFE0
0440
7F80
4440
2480
1500
2480
CC60
ENDCHAR
STARTCHAR u96B9
ENCODING 12203
SWIDTH 1000 0
DWIDTH 12 0
BBX 12 12 0 -1
BITMAP
0000
2400
2200
7FE0
C200
7FC0
4200
4200
7FC0
4200
4200
7FE0
ENDCHAR
STARTCHAR u96E8-ZH_HK
ENCODING 12204
SWIDTH 1000 0
DWIDTH 12 0
BBX 12 12 0 -1
BITMAP
0000
FFE0
0400
0400
7FC0
8420
A4A0
9520
8420
9520
A4A0
8420
ENDCHAR
STARTCHAR u9751
ENCODING 12205
SWIDTH 1000 0
DWIDTH 12 0
BBX 12 12 0 -1
BITMAP
0000
0400
7FC0
0400
7FC0
0400
FFE0
2480
2480
3F80
2080
2180
ENDCHAR
STARTCHAR u975E
ENCODING 12206
SWIDTH 1000 0
DWIDTH 12 0
BBX 12 12 0 -1
BITMAP
0000
1100
1100
F1E0
1100
1100
F1E0
1100
1100
F1E0
2100
4100
ENDCHAR
STARTCHAR u9762
ENCODING 12207
SWIDTH 1000 0
DWIDTH 12 0
BBX 12 12 0 -1
BITMAP
0000
FFE0
0400
0800
7FC0
9120
9F20
9120
9120
9F20
9120
7FC0
ENDCHAR
STARTCHAR u9769
ENCODING 12208
SWIDTH 1000 0
DWIDTH 12 0
BBX 12 12 0 -1
BITMAP
0000
1100
FFE0
1100
0E00
0400
3F80
4440
3F80
0400
FFE0
0400
ENDCHAR
STARTCHAR u97CB
ENCODING 12209
SWIDTH 1000 0
DWIDTH 12 0
BBX 12 12 0 -1
BITMAP
0000
0800
7F80
1040
FFE0
4040
7FC0
0200
FFE0
4200
7FE0
0200
ENDCHAR
STARTCHAR u97ED
ENCODING 12210
SWIDTH 1000 0
DWIDTH 12 0
BBX 12 12 0 -1
BITMAP
0000
1100
F1E0
1100
1100
F1E0
1100
1100
F1E0
1100
1100
FFE0
ENDCHAR
STARTCHAR u97F3
ENCODING 12211
SWIDTH 1000 0
DWIDTH 12 0
BBX 12 12 0 -1
BITMAP
0000
0400
7FC0
2080
1100
FFE0
0000
3F80
4040
7FC0
4040
3F80
ENDCHAR
STARTCHAR u9801
ENCODING 12212
SWIDTH 1000 0
DWIDTH 12 0
BBX 12 12 0 -1
BITMAP
0000
FFE0
0400
3F80
4040
7FC0
4040
7FC0
4040
3F80
2080
C060
ENDCHAR
STARTCHAR u98A8-ZH_HK
ENCODING 12213
SWIDTH 1000 0
DWIDTH 12 0
BBX 12 12 0 -1
BITMAP
0000
3F80
4040
5F40
4440
5F40
5540
5540
5F40
4440
4560
BEA0
ENDCHAR
STARTCHAR u98DB
ENCODING 12214
SWIDTH 1000 0
DWIDTH 12 0
BBX 12 12 0 -1
BITMAP
0000
FE40
0180
2940
C920
48E0
FE00
4940
4980
4940
4920
88E0
ENDCHAR
STARTCHAR u98DF-ZH_HK
ENCODING 12215
SWIDTH 1000 0
DWIDTH 12 0
BBX 12 12 0 -1
BITMAP
0000
0E00
3180
CE60
1F00
2080
3F80
2080
3F20
2240
2980
3060
ENDCHAR
STARTCHAR u9996
ENCODING 12216
SWIDTH 1000 0
DWIDTH 12 0
BBX 12 12 0 -1
BITMAP
0000
2080
1100
FFE0
0400
3F80
4040
7FC0
4040
7FC0
4040
3F80
ENDCHAR
STARTCHAR u9999
ENCODING 12217
SWIDTH 1000 0
DWIDTH 12 0
BBX 12 12 0 -1
BITMAP
0000
03C0
7C00
0400
FFE0
1500
2480
DF60
2080
3F80
2080
1F00
ENDCHAR
STARTCHAR u99AC
ENCODING 12218
SWIDTH 1000 0
DWIDTH 12 0
BBX 12 12 0 -1
BITMAP
0000
1FC0
2200
3FC0
2200
3FC0
2200
1FC0
0020
5520
5520
80C0
ENDCHAR
STARTCHAR u9AA8-ZH_TW
ENCODING 12219
SWIDTH 1000 0
DWIDTH 12 0
BBX 12 12 0 -1
BITMAP
0000
1F00
2080
2780
2480
7FC0
A0A0
BFA0
2080
3F80
4080
8180
ENDCHAR
STARTCHAR u9AD8
ENCODING 12220
SWIDTH 1000 0
DWIDTH 12 0
BBX 12 12 0 -1
BITMAP
0000
0400
FFE0
2080
3F80
0000
7FC0
8020
9F20
9120
9F20
8060
ENDCHAR
STARTCHAR u9ADF
ENCODING 12221
SWIDTH 1000 0
DWIDTH 12 0
BBX 12 12 0 -1
BITMAP
0000
3C20
4040
7D80
4000
7C20
4040
FD80
2000
4820
8840
7580
ENDCHAR
STARTCHAR u9B25
ENCODING 12222
SWIDTH 1000 0
DWIDTH 12 0
BBX 12 12 0 -1
BITMAP
0000
BBA0
9120
BBA0
9120
BBA0
8020
8020
8020
8020
8020
80C0
ENDCHAR
STARTCHAR u9B2F-ZH_TW
ENCODING 12223
SWIDTH 1000 0
DWIDTH 12 0
BBX 12 12 0 -1
BITMAP
0000
A4A0
9120
CE60
9120
A4A0
7FC0
4000
7FE0
4000
4020
3FE0
ENDCHAR
STARTCHAR u9B32
ENCODING 12224
SWIDTH 1000 0
DWIDTH 12 0
BBX 12 12 0 -1
BITMAP
0000
FFE0
0000
3F80
2080
3F80
0000
7FC0
9120
BFA0
8420
8460
ENDCHAR
STARTCHAR u9B3C
ENCODING 12225
SWIDTH 1000 0
DWIDTH 12 0
BBX 12 12 0 -1
BITMAP
0000
0800
3F80
4440
7FC0
4440
3F80
0A80
0B40
13C0
2220
C1E0
ENDCHAR
STARTCHAR u9B5A
ENCODING 12226
SWIDTH 1000 0
DWIDTH 12 0
BBX 12 12 0 -1
BITMAP
0000
2000
3E00
4100
BF80
4440
7FC0
4440
3F80
0000
5240
8920
ENDCHAR
STARTCHAR u9CE5
ENCODING 12227
SWIDTH 1000 0
DWIDTH 12 0
BBX 12 12 0 -1
BITMAP
0000
0800
1F00
2080
3F80
2080
3FE0
2000
1FC0
0020
5520
9560
ENDCHAR
STARTCHAR u9E75
ENCODING 12228
SWIDTH 1000 0
DWIDTH 12 0
BBX 12 12 0 -1
BITMAP
0000
0400
07E0
0400
3F80
4440
5140
4A40
64C0
4A40
5540
3F80
ENDCHAR
STARTCHAR u9E7F-ZH_HK
ENCODING 12229
SWIDTH 1000 0
DWIDTH 12 0
BBX 12 12 0 -1
BITMAP
0000
0200
3FE0
4900
7FC0
4920
7FC0
5100
5DE0
5100
5520
98E0
ENDCHAR
STARTCHAR u9EA5-ZH_HK
ENCODING 12230
SWIDTH 1000 0
DWIDTH 12 0
BBX 12 12 0 -1
BITMAP
0000
0400
FFE0
2480
5540
8E20
3180
C860
1F80
6880
0700
F8E0
ENDCHAR
STARTCHAR u9EBB
ENCODING 12231
SWIDTH 1000 0
DWIDTH 12 0
BBX 12 12 0 -1
BITMAP
0000
0200
3FE0
4880
4880
7FE0
4880
5980
5DC0
6AA0
4880
8880
ENDCHAR
STARTCHAR u9EC3
ENCODING 12232
SWIDTH 1000 0
DWIDTH 12 0
BBX 12 12 0 -1
BITMAP
0000
1100
7FC0
1100
0E00
0000
FFE0
4440
7FC0
4440
3F80
C060
ENDCHAR
STARTCHAR u9ECD
ENCODING 12233
SWIDTH 1000 0
DWIDTH 12 0
BBX 12 12 0 -1
BITMAP
0000
03C0
7C00
0400
FFE0
2480
C460
1B00
E4E0
2480
1500
6CC0
ENDCHAR
STARTCHAR u9ED1
ENCODING 12234
SWIDTH 1000 0
DWIDTH 12 0
BBX 12 12 0 -1
BITMAP
0000
3F80
4440
5540
4440
3F80
0400
7FC0
0400
FFE0
5240
8920
ENDCHAR
STARTCHAR u9EF9-ZH_TW
ENCODING 12235
SWIDTH 1000 0
DWIDTH 12 0
BBX 12 12 0 -1
BITMAP
0000
4A40
2A80
FFE0
2480
4440
BFA0
4440
5540
64C0
4440
44C0
ENDCHAR
STARTCHAR u9EFD-ZH_HK
ENCODING 12236
SWIDTH 1000 0
DWIDTH 12 0
BBX 12 12 0 -1
BITMAP
0000
3F80
4A40
3B80
0A00
3B80
4A40
7BC0
4A40
3B80
0820
07E0
ENDCHAR
STARTCHAR u9F0E
ENCODING 12237
SWIDTH 1000 0
DWIDTH 12 0
BBX 12 12 0 -1
BITMAP
0000
1F00
2080
BFA0
A0A0
BFA0
A0A0
7FC0
0A00
FBC0
4A20
8A20
ENDCHAR
STARTCHAR u9F13
ENCODING 12238
SWIDTH 1000 0
DWIDTH 12 0
BBX 12 12 0 -1
BITMAP
0000
2080
FC80
23E0
F880
0080
FBE0
8A20
FA20
5140
5880
E760
ENDCHAR
STARTCHAR u9F20-ZH_HK
ENCODING 12239
SWIDTH 1000 0
DWIDTH 12 0
BBX 12 12 0 -1
BITMAP
0000
3B80
4040
7BC0
4040
7FC0
0000
7740
4440
7740
4440
7720
ENDCHAR
STARTCHAR u9F3B
ENCODING 12240
SWIDTH 1000 0
DWIDTH 12 0
BBX 12 12 0 -1
BITMAP
0000
0400
1F00
2080
3F80
2080
3F80
4440
7FC0
4440
FFE0
2080
ENDCHAR
STARTCHAR u9F4A
ENCODING 12241
SWIDTH 1000 0
DWIDTH 12 0
BBX 12 12 0 -1
BITMAP
0000
0400
FFE0
0A00
F5E0
5540
B5A0
4040
7FC0
4040
7FC0
8040
ENDCHAR
STARTCHAR u9F52
ENCODING 12242
SWIDTH 1000 0
DWIDTH 12 0
BBX 12 12 0 -1
BITMAP
0000
0400
27C0
2400
FFE0
0000
5140
6AC0
7FC0
5140
6AC0
3F80
ENDCHAR
STARTCHAR u9F8D-ZH_TW
ENCODING 12243
SWIDTH 1000 0
DWIDTH 12 0
BBX 12 12 0 -1
BITMAP
0000
21E0
FA00
51C0
FC20
01C0
FA00
4BE0
7A00
4BE0
7A00
89E0
ENDCHAR
STARTCHAR u9F9C-ZH_TW
ENCODING 12244
SWIDTH 1000 0
DWIDTH 12 0
BBX 12 12 0 -1
BITMAP
0000
3E00
4100
FFC0
4A40
FBC0
2A00
FFC0
2A40
FFC0
2820
C7E0
ENDCHAR
STARTCHAR u9FA0
ENCODING 12245
SWIDTH 1000 0
DWIDTH 12 0
BBX 12 12 0 -1
BITMAP
0000
0E00
3180
DF60
AAA0
EEE0
0000
7FC0
9120
FFE0
9120
9160
ENDCHAR
STARTCHAR u2FF0
ENCODING 12272
SWIDTH 1000 0
DWIDTH 12 0
BBX 12 12 0 -1
BITMAP
0000
DB60
8420
0000
8420
8420
0000
8420
8420
0000
8420
DB60
ENDCHAR
STARTCHAR u2FF1
ENCODING 12273
SWIDTH 1000 0
DWIDTH 12 0
BBX 12 12 0 -1
BITMAP
0000
DB60
8020
0000
8020
8020
5B40
8020
8020
0000
8020
DB60
ENDCHAR
STARTCHAR u2FF2
ENCODING 12274
SWIDTH 1000 0
DWIDTH 12 0
BBX 12 12 0 -1
BITMAP
0000
DB60
9120
0000
9120
9120
0000
9120
9120
0000
9120
DB60
ENDCHAR
STARTCHAR u2FF3
ENCODING 12275
SWIDTH 1000 0
DWIDTH 12 0
BBX 12 12 0 -1
BITMAP
0000
DB60
8020
0000
DB60
8020
0000
8020
DB60
0000
8020
DB60
ENDCHAR
STARTCHAR u2FF4
ENCODING 12276
SWIDTH 1000 0
DWIDTH 12 0
BBX 12 12 0 -1
BITMAP
0000
DB60
8020
3580
A0A0
8020
2080
8020
A0A0
3580
8020
DB60
ENDCHAR
STARTCHAR u2FF5
ENCODING 12277
SWIDTH 1000 0
DWIDTH 12 0
BBX 12 12 0 -1
BITMAP
0000
DB60
8020
0000
9B20
9120
0000
9120
9120
0000
9120
DB60
ENDCHAR
STARTCHAR u2FF6
ENCODING 12278
SWIDTH 1000 0
DWIDTH 12 0
BBX 12 12 0 -1
BITMAP
0000
DB60
9120
0000
9120
9120
0000
9120
9B20
0000
8020
DB60
ENDCHAR
STARTCHAR u2FF7
ENCODING 12279
SWIDTH 1000 0
DWIDTH 12 0
BBX 12 12 0 -1
BITMAP
0000
DB60
8020
0000
9B60
9020
0000
9020
9B60
0000
8020
DB60
ENDCHAR
STARTCHAR u2FF8
ENCODING 12280
SWIDTH 1000 0
DWIDTH 12 0
BBX 12 12 0 -1
BITMAP
0000
DB60
8020
0000
9B60
9020
0000
9020
9020
0000
9020
DB60
ENDCHAR
STARTCHAR u2FF9
ENCODING 12281
SWIDTH 1000 0
DWIDTH 12 0
BBX 12 12 0 -1
BITMAP
0000
DB60
8020
0000
DB20
8120
0000
8120
8120
0000
8120
DB60
ENDCHAR
STARTCHAR u2FFA
ENCODING 12282
SWIDTH 1000 0
DWIDTH 12 0
BBX 12 12 0 -1
BITMAP
0000
DB60
9020
0000
9020
9020
0000
9020
9B60
0000
8020
DB60
ENDCHAR
STARTCHAR u2FFB
ENCODING 12283
SWIDTH 1000 0
DWIDTH 12 0
BBX 12 12 0 -1
BITMAP
0000
DB00
8100
0000
9B60
9120
0000
9120
DB20
0000
1020
1B60
ENDCHAR
STARTCHAR u2FFC
ENCODING 12284
SWIDTH 1000 0
DWIDTH 12 0
BBX 12 12 0 -1
BITMAP
0000
DB60
8020
0000
DB20
8120
0000
8120
DB20
0000
8020
DB60
ENDCHAR
STARTCHAR u2FFD
ENCODING 12285
SWIDTH 1000 0
DWIDTH 12 0
BBX 12 12 0 -1
BITMAP
0000
DB60
8120
0000
8120
8120
0000
8120
DB20
0000
8020
DB60
ENDCHAR
STARTCHAR u2FFE
ENCODING 12286
SWIDTH 1000 0
DWIDTH 12 0
BBX 12 12 0 -1
BITMAP
0000
DB60
8020
0000
9120
A0A0
75C0
A0A0
9120
0000
8020
DB60
ENDCHAR
STARTCHAR u2FFF
ENCODING 12287
SWIDTH 1000 0
DWIDTH 12 0
BBX 12 12 0 -1
BITMAP
0000
DB60
8020
0600
8120
8020
0080
9020
A120
7600
A020
DB60
ENDCHAR
STARTCHAR u3000
ENCODING 12288
SWIDTH 1000 0
DWIDTH 12 0
BBX 12 12 0 -1
BITMAP
0000
0000
0000
0000
0000
0000
0000
0000
0000
0000
0000
0000
ENDCHAR
STARTCHAR u3001-ZH_HK
ENCODING 12289
SWIDTH 1000 0
DWIDTH 12 0
BBX 12 12 0 -1
BITMAP
0000
0000
0000
0000
0000
0800
0600
0200
0000
0000
0000
0000
ENDCHAR
STARTCHAR u3002-ZH_HK
ENCODING 12290
SWIDTH 1000 0
DWIDTH 12 0
BBX 12 12 0 -1
BITMAP
0000
0000
0000
0000
0000
0600
0900
0900
0600
0000
0000
0000
ENDCHAR
STARTCHAR u3003
ENCODING 12291
SWIDTH 1000 0
DWIDTH 12 0
BBX 12 12 0 -1
BITMAP
0000
0000
0000
0900
0900
0900
1200
1200
1200
0000
0000
0000
ENDCHAR
STARTCHAR u3004
ENCODING 12292
SWIDTH 1000 0
DWIDTH 12 0
BBX 12 12 0 -1
BITMAP
0000
0C00
3180
4140
4540
8620
9420
AC20
6440
5040
3180
0600
ENDCHAR
STARTCHAR u3005
ENCODING 12293
SWIDTH 1000 0
DWIDTH 12 0
BBX 12 12 0 -1
BITMAP
0000
0000
0800
0800
0FC0
1040
2080
4100
0A00
0400
0200
0000
ENDCHAR
STARTCHAR u3006
ENCODING 12294
SWIDTH 1000 0
DWIDTH 12 0
BBX 12 12 0 -1
BITMAP
0000
0000
0040
0080
1D00
2200
4500
4880
5040
6000
4000
0000
ENDCHAR
STARTCHAR u3007
ENCODING 12295
SWIDTH 1000 0
DWIDTH 12 0
BBX 12 12 0 -1
BITMAP
0000
0E00
3180
4040
4040
8020
8020
8020
4040
4040
3180
0E00
ENDCHAR
STARTCHAR u3008
ENCODING 12296
SWIDTH 1000 0
DWIDTH 12 0
BBX 12 12 0 -1
BITMAP
0000
0040
0040
0080
0080
0100
0100
0100
0080
0080
0040
0040
ENDCHAR
STARTCHAR u3009
ENCODING 12297
SWIDTH 1000 0
DWIDTH 12 0
BBX 12 12 0 -1
BITMAP
0000
4000
4000
2000
2000
1000
1000
1000
2000
2000
4000
4000
ENDCHAR
STARTCHAR u300A
ENCODING 12298
SWIDTH 1000 0
DWIDTH 12 0
BBX 12 12 0 -1
BITMAP
0000
0240
0240
0480
0480
0900
0900
0900
0480
0480
0240
0240
ENDCHAR
STARTCHAR u300B
ENCODING 12299
SWIDTH 1000 0
DWIDTH 12 0
BBX 12 12 0 -1
BITMAP
0000
4800
4800
2400
2400
1200
1200
1200
2400
2400
4800
4800
ENDCHAR
STARTCHAR u300C
ENCODING 12300
SWIDTH 1000 0
DWIDTH 12 0
BBX 12 12 0 -1
BITMAP
0000
03C0
0200
0200
0200
0200
0200
0200
0200
0000
0000
0000
ENDCHAR
STARTCHAR u300D
ENCODING 12301
SWIDTH 1000 0
DWIDTH 12 0
BBX 12 12 0 -1
BITMAP
0000
0000
0000
0000
0800
0800
0800
0800
0800
0800
0800
7800
ENDCHAR
STARTCHAR u300E
ENCODING 12302
SWIDTH 1000 0
DWIDTH 12 0
BBX 12 12 0 -1
BITMAP
0000
07C0
0440
05C0
0500
0500
0500
0500
0700
0000
0000
0000
ENDCHAR
STARTCHAR u300F
ENCODING 12303
SWIDTH 1000 0
DWIDTH 12 0
BBX 12 12 0 -1
BITMAP
0000
0000
0000
0000
1C00
1400
1400
1400
1400
7400
4400
7C00
ENDCHAR
STARTCHAR u3010
ENCODING 12304
SWIDTH 1000 0
DWIDTH 12 0
BBX 12 12 0 -1
BITMAP
0000
07C0
0780
0700
0700
0600
0600
0600
0700
0700
0780
07C0
ENDCHAR
STARTCHAR u3011
ENCODING 12305
SWIDTH 1000 0
DWIDTH 12 0
BBX 12 12 0 -1
BITMAP
0000
7C00
3C00
1C00
1C00
0C00
0C00
0C00
1C00
1C00
3C00
7C00
ENDCHAR
STARTCHAR u3012
ENCODING 12306
SWIDTH 1000 0
DWIDTH 12 0
BBX 12 12 0 -1
BITMAP
0000
0000
7FC0
0000
0000
7FC0
0400
0400
0400
0400
0400
0000
ENDCHAR
STARTCHAR u3013
ENCODING 12307
SWIDTH 1000 0
DWIDTH 12 0
BBX 12 12 0 -1
BITMAP
0000
0000
7FC0
7FC0
7FC0
0000
0000
0000
7FC0
7FC0
7FC0
0000
ENDCHAR
STARTCHAR u3014
ENCODING 12308
SWIDTH 1000 0
DWIDTH 12 0
BBX 12 12 0 -1
BITMAP
0000
0040
0080
0100
0100
0100
0100
0100
0100
0100
0080
0040
ENDCHAR
STARTCHAR u3015
ENCODING 12309
SWIDTH 1000 0
DWIDTH 12 0
BBX 12 12 0 -1
BITMAP
0000
4000
2000
1000
1000
1000
1000
1000
1000
1000
2000
4000
ENDCHAR
STARTCHAR u3016
ENCODING 12310
SWIDTH 1000 0
DWIDTH 12 0
BBX 12 12 0 -1
BITMAP
0000
07C0
0440
0480
0480
0500
0500
0500
0480
0480
0440
07C0
ENDCHAR
STARTCHAR u3017
ENCODING 12311
SWIDTH 1000 0
DWIDTH 12 0
BBX 12 12 0 -1
BITMAP
0000
7C00
4400
2400
2400
1400
1400
1400
2400
2400
4400
7C00
ENDCHAR
STARTCHAR u3018
ENCODING 12312
SWIDTH 1000 0
DWIDTH 12 0
BBX 12 12 0 -1
BITMAP
0000
00C0
0140
0280
0280
0280
0280
0280
0280
0280
0140
00C0
ENDCHAR
STARTCHAR u3019
ENCODING 12313
SWIDTH 1000 0
DWIDTH 12 0
BBX 12 12 0 -1
BITMAP
0000
6000
5000
2800
2800
2800
2800
2800
2800
2800
5000
6000
ENDCHAR
STARTCHAR u301A
ENCODING 12314
SWIDTH 1000 0
DWIDTH 12 0
BBX 12 12 0 -1
BITMAP
0000
03C0
0280
0280
0280
0280
0280
0280
0280
0280
0280
03C0
ENDCHAR
STARTCHAR u301B
ENCODING 12315
SWIDTH 1000 0
DWIDTH 12 0
BBX 12 12 0 -1
BITMAP
0000
7800
2800
2800
2800
2800
2800
2800
2800
2800
2800
7800
ENDCHAR
STARTCHAR u301C
ENCODING 12316
SWIDTH 1000 0
DWIDTH 12 0
BBX 12 12 0 -1
BITMAP
0000
0000
0000
0000
0000
3820
4440
8380
0000
0000
0000
0000
ENDCHAR
STARTCHAR u301D
ENCODING 12317
SWIDTH 1000 0
DWIDTH 12 0
BBX 12 12 0 -1
BITMAP
0000
0180
0040
0180
0040
0000
0000
0000
0000
0000
0000
0000
ENDCHAR
STARTCHAR u301E
ENCODING 12318
SWIDTH 1000 0
DWIDTH 12 0
BBX 12 12 0 -1
BITMAP
0000
3000
4000
3000
4000
0000
0000
0000
0000
0000
0000
0000
ENDCHAR
STARTCHAR u301F
ENCODING 12319
SWIDTH 1000 0
DWIDTH 12 0
BBX 12 12 0 -1
BITMAP
0000
0000
0000
0000
0000
0000
0000
0000
4000
3000
4000
3000
ENDCHAR
STARTCHAR u3020
ENCODING 12320
SWIDTH 1000 0
DWIDTH 12 0
BBX 12 12 0 -1
BITMAP
0000
0000
3F80
0000
3F80
4440
9520
8420
5140
4E40
2080
1F00
ENDCHAR
STARTCHAR u3021
ENCODING 12321
SWIDTH 1000 0
DWIDTH 12 0
BBX 12 12 0 -1
BITMAP
0000
0400
0400
0400
0400
0400
0400
0400
0400
0400
0400
0400
ENDCHAR
STARTCHAR u3022
ENCODING 12322
SWIDTH 1000 0
DWIDTH 12 0
BBX 12 12 0 -1
BITMAP
0000
0100
1100
1100
1100
1100
1100
1100
1100
1100
1100
0100
ENDCHAR
STARTCHAR u3023
ENCODING 12323
SWIDTH 1000 0
DWIDTH 12 0
BBX 12 12 0 -1
BITMAP
0000
0080
2080
2480
2480
2480
2480
2480
2480
2480
2080
0080
ENDCHAR
STARTCHAR u3024
ENCODING 12324
SWIDTH 1000 0
DWIDTH 12 0
BBX 12 12 0 -1
BITMAP
0000
0080
4080
2080
1080
0900
0500
0200
0500
0880
3040
C020
ENDCHAR
STARTCHAR u3025
ENCODING 12325
SWIDTH 1000 0
DWIDTH 12 0
BBX 12 12 0 -1
BITMAP
0000
0880
1100
2200
3E00
0900
1080
2040
2040
2040
1080
0F00
ENDCHAR
STARTCHAR u3026
ENCODING 12326
SWIDTH 1000 0
DWIDTH 12 0
BBX 12 12 0 -1
BITMAP
0000
0400
0400
0400
0400
0400
0400
0400
0400
0400
FFE0
0000
ENDCHAR
STARTCHAR u3027
ENCODING 12327
SWIDTH 1000 0
DWIDTH 12 0
BBX 12 12 0 -1
BITMAP
0000
0400
0400
0400
0400
0400
0400
FFE0
0000
0000
0000
7FC0
ENDCHAR
STARTCHAR u3028
ENCODING 12328
SWIDTH 1000 0
DWIDTH 12 0
BBX 12 12 0 -1
BITMAP
0000
0400
0400
0400
0400
FFE0
0000
0000
7FC0
0000
0000
7FC0
ENDCHAR
STARTCHAR u3029
ENCODING 12329
SWIDTH 1000 0
DWIDTH 12 0
BBX 12 12 0 -1
BITMAP
0000
0400
0400
7FC0
4040
2080
2080
1100
0A00
0400
1B00
E0E0
ENDCHAR
STARTCHAR u302A
ENCODING 12330
SWIDTH 1000 0
DWIDTH 12 0
BBX 12 12 0 -1
BITMAP
0000
0000
0000
0000
0000
0000
0000
0000
0000
4000
A000
4000
ENDCHAR
STARTCHAR u302B
ENCODING 12331
SWIDTH 1000 0
DWIDTH 12 0
BBX 12 12 0 -1
BITMAP
0000
4000
A000
4000
0000
0000
0000
0000
0000
0000
0000
0000
ENDCHAR
STARTCHAR u302C
ENCODING 12332
SWIDTH 1000 0
DWIDTH 12 0
BBX 12 12 0 -1
BITMAP
0000
0040
00A0
0040
0000
0000
0000
0000
0000
0000
0000
0000
ENDCHAR
STARTCHAR u302D
ENCODING 12333
SWIDTH 1000 0
DWIDTH 12 0
BBX 12 12 0 -1
BITMAP
0000
0000
0000
0000
0000
0000
0000
0000
0000
0040
00A0
0040
ENDCHAR
STARTCHAR u302E
ENCODING 12334
SWIDTH 1000 0
DWIDTH 12 0
BBX 12 12 0 -1
BITMAP
0000
0000
0000
0000
0000
C000
C000
0000
0000
0000
0000
0000
ENDCHAR
STARTCHAR u302F
ENCODING 12335
SWIDTH 1000 0
DWIDTH 12 0
BBX 12 12 0 -1
BITMAP
0000
0000
0000
0000
C000
C000
0000
C000
C000
0000
0000
0000
ENDCHAR
STARTCHAR u3030
ENCODING 12336
SWIDTH 1000 0
DWIDTH 12 0
BBX 12 12 0 -1
BITMAP
0000
0000
0000
0000
0000
8610
4920
30C0
0000
0000
0000
0000
ENDCHAR
STARTCHAR u3031
ENCODING 12337
SWIDTH 1000 0
DWIDTH 12 0
BBX 12 24 0 -7
BITMAP
0000
0100
0100
0200
0200
0400
0400
0800
0800
1000
1000
2000
2000
1000
1000
0800
0800
0400
0400
0200
0200
0100
0100
0000
ENDCHAR
STARTCHAR u3032
ENCODING 12338
SWIDTH 1000 0
DWIDTH 12 0
BBX 12 24 0 -7
BITMAP
0000
0100
0100
0200
0200
0440
0520
08A0
0880
1000
1000
2000
2000
1000
1000
0800
0800
0400
0400
0200
0200
0100
0100
0000
ENDCHAR
STARTCHAR u3033
ENCODING 12339
SWIDTH 1000 0
DWIDTH 12 0
BBX 12 12 0 -1
BITMAP
0000
0100
0100
0200
0200
0400
0400
0800
0800
1000
1000
2000
ENDCHAR
STARTCHAR u3034
ENCODING 12340
SWIDTH 1000 0
DWIDTH 12 0
BBX 12 12 0 -1
BITMAP
0000
0100
0100
0200
0200
0440
0520
08A0
0880
1000
1000
2000
ENDCHAR
STARTCHAR u3035
ENCODING 12341
SWIDTH 1000 0
DWIDTH 12 0
BBX 12 12 0 -1
BITMAP
2000
1000
1000
0800
0800
0400
0400
0200
0200
0100
0100
0000
ENDCHAR
STARTCHAR u3036
ENCODING 12342
SWIDTH 1000 0
DWIDTH 12 0
BBX 12 12 0 -1
BITMAP
0000
0E00
3180
4040
5F40
8020
9F20
8420
4440
4440
3180
0E00
ENDCHAR
STARTCHAR u3037
ENCODING 12343
SWIDTH 1000 0
DWIDTH 12 0
BBX 12 12 0 -1
BITMAP
0000
8A20
8A20
5140
5140
2080
2080
2080
5140
5140
8A20
8A20
ENDCHAR
STARTCHAR u3038
ENCODING 12344
SWIDTH 1000 0
DWIDTH 12 0
BBX 12 12 0 -1
BITMAP
0000
0400
0400
0400
0400
FFE0
0400
0400
0400
0400
0400
0400
ENDCHAR
STARTCHAR u3039
ENCODING 12345
SWIDTH 1000 0
DWIDTH 12 0
BBX 12 12 0 -1
BITMAP
0000
1100
1100
1100
1100
FFE0
1100
1100
1100
1100
1100
1100
ENDCHAR
STARTCHAR u303A
ENCODING 12346
SWIDTH 1000 0
DWIDTH 12 0
BBX 12 12 0 -1
BITMAP
0000
2080
2480
2480
2480
FFE0
2480
2480
2480
4480
4480
8080
ENDCHAR
STARTCHAR u303B
ENCODING 12347
SWIDTH 1000 0
DWIDTH 12 0
BBX 12 12 0 -1
BITMAP
0000
1000
0C00
0300
0080
0F00
1000
0C00
0300
0080
0300
1C00
ENDCHAR
STARTCHAR u303C
ENCODING 12348
SWIDTH 1000 0
DWIDTH 12 0
BBX 12 12 0 -1
BITMAP
0000
FFE0
8060
80A0
8120
8220
8420
8820
9020
A020
C020
FFE0
ENDCHAR
STARTCHAR u303D
ENCODING 12349
SWIDTH 1000 0
DWIDTH 12 0
BBX 12 12 0 -1
BITMAP
0000
2000
5200
9500
0900
0100
0080
0080
0080
0040
0040
0020
ENDCHAR
STARTCHAR u303E
ENCODING 12350
SWIDTH 1000 0
DWIDTH 12 0
BBX 12 12 0 -1
BITMAP
0000
DB60
8020
1C80
A320
8020
0200
BFA0
8420
3F80
8820
DB60
ENDCHAR
STARTCHAR u303F
ENCODING 12351
SWIDTH 1000 0
DWIDTH 12 0
BBX 12 12 0 -1
BITMAP
0000
3F80
3180
2A80
2A80
2480
2480
2480
2A80
2A80
3180
3F80
ENDCHAR
STARTCHAR u3041
ENCODING 12353
SWIDTH 1000 0
DWIDTH 12 0
BBX 12 12 0 -1
BITMAP
0000
0000
0000
0800
3F80
0800
1F00
2A80
4A40
4440
4840
3180
ENDCHAR
STARTCHAR u3042
ENCODING 12354
SWIDTH 1000 0
DWIDTH 12 0
BBX 12 12 0 -1
BITMAP
0000
0800
0800
7FC0
0800
1F80
2940
4920
8A20
8420
8840
7180
ENDCHAR
STARTCHAR u3043
ENCODING 12355
SWIDTH 1000 0
DWIDTH 12 0
BBX 12 12 0 -1
BITMAP
0000
0000
0000
0000
4100
4080
4080
4040
4040
4840
4800
3000
ENDCHAR
STARTCHAR u3044
ENCODING 12356
SWIDTH 1000 0
DWIDTH 12 0
BBX 12 12 0 -1
BITMAP
0000
0000
8080
8080
8040
8040
8040
8020
8420
4420
4800
3000
ENDCHAR
STARTCHAR u3045
ENCODING 12357
SWIDTH 1000 0
DWIDTH 12 0
BBX 12 12 0 -1
BITMAP
0000
0000
0000
1E00
0000
1F00
6080
0080
0080
0080
0300
1C00
ENDCHAR
STARTCHAR u3046
ENCODING 12358
SWIDTH 1000 0
DWIDTH 12 0
BBX 12 12 0 -1
BITMAP
0000
1C00
0300
0000
0F00
7080
0040
0040
0040
0080
0300
1C00
ENDCHAR
STARTCHAR u3047
ENCODING 12359
SWIDTH 1000 0
DWIDTH 12 0
BBX 12 12 0 -1
BITMAP
0000
0000
0000
1E00
0000
7E00
0100
0200
0400
0A00
1200
61C0
ENDCHAR
STARTCHAR u3048
ENCODING 12360
SWIDTH 1000 0
DWIDTH 12 0
BBX 12 12 0 -1
BITMAP
0000
1800
0700
0000
7F00
0080
0100
0200
0400
0A00
3200
C1E0
ENDCHAR
STARTCHAR u3049
ENCODING 12361
SWIDTH 1000 0
DWIDTH 12 0
BBX 12 12 0 -1
BITMAP
0000
0000
0000
0880
7E40
0800
1F00
2880
4840
4840
4840
3180
ENDCHAR
STARTCHAR u304A
ENCODING 12362
SWIDTH 1000 0
DWIDTH 12 0
BBX 12 12 0 -1
BITMAP
0000
0800
0840
FF20
0820
0800
3F80
4840
8820
8820
8840
7180
ENDCHAR
STARTCHAR u304B
ENCODING 12363
SWIDTH 1000 0
DWIDTH 12 0
BBX 12 12 0 -1
BITMAP
0000
1000
1080
1040
FE20
1120
1100
1100
2100
2100
4100
8600
ENDCHAR
STARTCHAR u304C
ENCODING 12364
SWIDTH 1000 0
DWIDTH 12 0
BBX 12 12 0 -1
BITMAP
0000
10A0
10A0
1000
FE40
1120
1120
1100
2100
2100
4100
8600
ENDCHAR
STARTCHAR u304D
ENCODING 12365
SWIDTH 1000 0
DWIDTH 12 0
BBX 12 12 0 -1
BITMAP
0000
0800
7F80
0400
FFE0
0200
0100
3F80
4040
4000
2000
1F80
ENDCHAR
STARTCHAR u304E
ENCODING 12366
SWIDTH 1000 0
DWIDTH 12 0
BBX 12 12 0 -1
BITMAP
0000
08A0
7FA0
0400
FFE0
0200
0100
3F80
4040
4000
2000
1F80
ENDCHAR
STARTCHAR u304F
ENCODING 12367
SWIDTH 1000 0
DWIDTH 12 0
BBX 12 12 0 -1
BITMAP
0000
0040
0080
0300
0C00
3000
4000
3000
0C00
0300
0080
0040
ENDCHAR
STARTCHAR u3050
ENCODING 12368
SWIDTH 1000 0
DWIDTH 12 0
BBX 12 12 0 -1
BITMAP
0000
0080
0100
0600
18A0
60A0
8000
6000
1800
0600
0100
0080
ENDCHAR
STARTCHAR u3051
ENCODING 12369
SWIDTH 1000 0
DWIDTH 12 0
BBX 12 12 0 -1
BITMAP
0000
4100
4100
8100
9FE0
8100
8100
8100
8100
4100
4200
0C00
ENDCHAR
STARTCHAR u3052
ENCODING 12370
SWIDTH 1000 0
DWIDTH 12 0
BBX 12 12 0 -1
BITMAP
0000
42A0
42A0
8200
9FC0
8200
8200
8200
8200
4200
4400
1800
ENDCHAR
STARTCHAR u3053
ENCODING 12371
SWIDTH 1000 0
DWIDTH 12 0
BBX 12 12 0 -1
BITMAP
0000
0000
3F80
0000
0000
0000
0000
2000
4000
4000
4000
3FC0
ENDCHAR
STARTCHAR u3054
ENCODING 12372
SWIDTH 1000 0
DWIDTH 12 0
BBX 12 12 0 -1
BITMAP
0000
00A0
3EA0
0000
0000
0000
0000
2000
4000
4000
4000
3FC0
ENDCHAR
STARTCHAR u3055
ENCODING 12373
SWIDTH 1000 0
DWIDTH 12 0
BBX 12 12 0 -1
BITMAP
0000
0400
0400
FFE0
0200
0100
1F80
2040
4000
4000
2000
1F80
ENDCHAR
STARTCHAR u3056
ENCODING 12374
SWIDTH 1000 0
DWIDTH 12 0
BBX 12 12 0 -1
BITMAP
0000
04A0
04A0
FFC0
0200
0100
1F80
2040
4000
4000
2000
1F80
ENDCHAR
STARTCHAR u3057
ENCODING 12375
SWIDTH 1000 0
DWIDTH 12 0
BBX 12 12 0 -1
BITMAP
0000
4000
4000
4000
4000
4000
4000
4000
4040
4040
2080
1F00
ENDCHAR
STARTCHAR u3058
ENCODING 12376
SWIDTH 1000 0
DWIDTH 12 0
BBX 12 12 0 -1
BITMAP
0000
4000
4280
4280
4000
4000
4000
4000
4040
4040
2080
1F00
ENDCHAR
STARTCHAR u3059
ENCODING 12377
SWIDTH 1000 0
DWIDTH 12 0
BBX 12 12 0 -1
BITMAP
0000
0200
0200
FFE0
0200
0E00
1200
1200
0E00
0200
0400
1800
ENDCHAR
STARTCHAR u305A
ENCODING 12378
SWIDTH 1000 0
DWIDTH 12 0
BBX 12 12 0 -1
BITMAP
0000
02A0
02A0
FFC0
0200
0E00
1200
1200
0E00
0200
0400
1800
ENDCHAR
STARTCHAR u305B
ENCODING 12379
SWIDTH 1000 0
DWIDTH 12 0
BBX 12 12 0 -1
BITMAP
0000
2100
2100
2100
FFE0
2100
2100
2100
2600
2000
2000
1FC0
ENDCHAR
STARTCHAR u305C
ENCODING 12380
SWIDTH 1000 0
DWIDTH 12 0
BBX 12 12 0 -1
BITMAP
0000
42A0
42A0
4200
FFC0
4200
4200
4200
4C00
4000
4000
3F80
ENDCHAR
STARTCHAR u305D
ENCODING 12381
SWIDTH 1000 0
DWIDTH 12 0
BBX 12 12 0 -1
BITMAP
0000
3F80
0100
0600
0800
FFE0
0800
1000
1000
1000
0800
0780
ENDCHAR
STARTCHAR u305E
ENCODING 12382
SWIDTH 1000 0
DWIDTH 12 0
BBX 12 12 0 -1
BITMAP
0000
3F00
02A0
0CA0
1000
FFC0
1000
2000
2000
2000
1000
0F00
ENDCHAR
STARTCHAR u305F
ENCODING 12383
SWIDTH 1000 0
DWIDTH 12 0
BBX 12 12 0 -1
BITMAP
0000
1000
1000
FF00
1000
27C0
2000
2000
4400
4800
8800
87C0
ENDCHAR
STARTCHAR u3060
ENCODING 12384
SWIDTH 1000 0
DWIDTH 12 0
BBX 12 12 0 -1
BITMAP
0000
10A0
10A0
FF00
1000
27C0
2000
2000
4400
4800
8800
87C0
ENDCHAR
STARTCHAR u3061
ENCODING 12385
SWIDTH 1000 0
DWIDTH 12 0
BBX 12 12 0 -1
BITMAP
0000
0800
0800
FFC0
1000
1000
3F00
4080
0040
0040
0080
3F00
ENDCHAR
STARTCHAR u3062
ENCODING 12386
SWIDTH 1000 0
DWIDTH 12 0
BBX 12 12 0 -1
BITMAP
0000
08A0
08A0
FFC0
1000
1000
3F00
4080
0040
0040
0080
3F00
ENDCHAR
STARTCHAR u3063
ENCODING 12387
SWIDTH 1000 0
DWIDTH 12 0
BBX 12 12 0 -1
BITMAP
0000
0000
0000
0000
1F00
6080
0040
0040
0040
0040
0180
1E00
ENDCHAR
STARTCHAR u3064
ENCODING 12388
SWIDTH 1000 0
DWIDTH 12 0
BBX 12 12 0 -1
BITMAP
0000
0000
0F00
3080
C040
0020
0020
0020
0020
0040
0180
0E00
ENDCHAR
STARTCHAR u3065
ENCODING 12389
SWIDTH 1000 0
DWIDTH 12 0
BBX 12 12 0 -1
BITMAP
0000
00A0
0FA0
3080
C040
0020
0020
0020
0020
0040
0180
0E00
ENDCHAR
STARTCHAR u3066
ENCODING 12390
SWIDTH 1000 0
DWIDTH 12 0
BBX 12 12 0 -1
BITMAP
0000
0000
0FE0
F200
0400
0400
0800
0800
0800
0800
0400
03C0
ENDCHAR
STARTCHAR u3067
ENCODING 12391
SWIDTH 1000 0
DWIDTH 12 0
BBX 12 12 0 -1
BITMAP
0000
0000
0FE0
F200
04A0
04A0
0800
0800
0800
0800
0400
03C0
ENDCHAR
STARTCHAR u3068
ENCODING 12392
SWIDTH 1000 0
DWIDTH 12 0
BBX 12 12 0 -1
BITMAP
0000
2000
2000
10C0
1300
0C00
3000
4000
8000
8000
4000
3FC0
ENDCHAR
STARTCHAR u3069
ENCODING 12393
SWIDTH 1000 0
DWIDTH 12 0
BBX 12 12 0 -1
BITMAP
0000
20A0
20A0
1000
11C0
0E00
3000
4000
8000
8000
4000
3FC0
ENDCHAR
STARTCHAR u306A
ENCODING 12394
SWIDTH 1000 0
DWIDTH 12 0
BBX 12 12 0 -1
BITMAP
0000
1000
1180
FC40
2020
2100
4100
4100
8F00
9180
1140
0E20
ENDCHAR
STARTCHAR u306B
ENCODING 12395
SWIDTH 1000 0
DWIDTH 12 0
BBX 12 12 0 -1
BITMAP
0000
4000
4FE0
8000
8000
8000
8000
8400
8800
8800
4800
47E0
ENDCHAR
STARTCHAR u306C
ENCODING 12396
SWIDTH 1000 0
DWIDTH 12 0
BBX 12 12 0 -1
BITMAP
0000
2200
2200
2F80
3240
5220
9420
9420
89A0
8A60
9240
61A0
ENDCHAR
STARTCHAR u306D
ENCODING 12397
SWIDTH 1000 0
DWIDTH 12 0
BBX 12 12 0 -1
BITMAP
0000
2000
2000
2380
F440
2820
3020
6020
A3A0
A460
2440
23A0
ENDCHAR
STARTCHAR u306E
ENCODING 12398
SWIDTH 1000 0
DWIDTH 12 0
BBX 12 12 0 -1
BITMAP
0000
0000
1F80
2440
4420
8420
8420
8820
8820
9040
6080
0300
ENDCHAR
STARTCHAR u306F
ENCODING 12399
SWIDTH 1000 0
DWIDTH 12 0
BBX 12 12 0 -1
BITMAP
0000
4100
4100
8100
9FE0
8100
8100
8100
8F00
9180
5140
4E20
ENDCHAR
STARTCHAR u3070
ENCODING 12400
SWIDTH 1000 0
DWIDTH 12 0
BBX 12 12 0 -1
BITMAP
0000
42A0
42A0
8200
9FC0
8200
8200
8200
8E00
9300
5280
4C40
ENDCHAR
STARTCHAR u3071
ENCODING 12401
SWIDTH 1000 0
DWIDTH 12 0
BBX 12 12 0 -1
BITMAP
0000
4240
42A0
8240
9FC0
8200
8200
8200
8E00
9300
5280
4C40
ENDCHAR
STARTCHAR u3072
ENCODING 12402
SWIDTH 1000 0
DWIDTH 12 0
BBX 12 12 0 -1
BITMAP
0000
0000
F100
1100
2080
40C0
40A0
8080
8100
8100
4200
3C00
ENDCHAR
STARTCHAR u3073
ENCODING 12403
SWIDTH 1000 0
DWIDTH 12 0
BBX 12 12 0 -1
BITMAP
0000
00A0
F0A0
1000
2080
40C0
40A0
8080
8100
8100
4200
3C00
ENDCHAR
STARTCHAR u3074
ENCODING 12404
SWIDTH 1000 0
DWIDTH 12 0
BBX 12 12 0 -1
BITMAP
0000
0040
F0A0
1040
2080
40C0
40A0
8080
8100
8100
4200
3C00
ENDCHAR
STARTCHAR u3075
ENCODING 12405
SWIDTH 1000 0
DWIDTH 12 0
BBX 12 12 0 -1
BITMAP
0000
0C00
0300
0000
0400
0400
0440
2240
4120
8120
1100
0E00
ENDCHAR
STARTCHAR u3076
ENCODING 12406
SWIDTH 1000 0
DWIDTH 12 0
BBX 12 12 0 -1
BITMAP
0000
0C00
02A0
00A0
0400
0400
0440
2240
4120
8120
1100
0E00
ENDCHAR
STARTCHAR u3077
ENCODING 12407
SWIDTH 1000 0
DWIDTH 12 0
BBX 12 12 0 -1
BITMAP
0000
0C40
02A0
0040
0400
0400
0440
2240
4120
8120
1100
0E00
ENDCHAR
STARTCHAR u3078
ENCODING 12408
SWIDTH 1000 0
DWIDTH 12 0
BBX 12 12 0 -1
BITMAP
0000
0000
0000
0800
1400
2200
2200
4100
8080
0060
0000
0000
ENDCHAR
STARTCHAR u3079
ENCODING 12409
SWIDTH 1000 0
DWIDTH 12 0
BBX 12 12 0 -1
BITMAP
0000
0000
0140
0940
1400
2200
2200
4100
8080
0060
0000
0000
ENDCHAR
STARTCHAR u307A
ENCODING 12410
SWIDTH 1000 0
DWIDTH 12 0
BBX 12 12 0 -1
BITMAP
0000
0000
0080
0940
1480
2200
2200
4100
8080
0060
0000
0000
ENDCHAR
STARTCHAR u307B
ENCODING 12411
SWIDTH 1000 0
DWIDTH 12 0
BBX 12 12 0 -1
BITMAP
0000
5FE0
4100
8100
9FE0
8100
8100
8100
8F00
9180
5140
4E20
ENDCHAR
STARTCHAR u307C
ENCODING 12412
SWIDTH 1000 0
DWIDTH 12 0
BBX 12 12 0 -1
BITMAP
0000
5FA0
42A0
8200
9FC0
8200
8200
8200
8E00
9300
5280
4C40
ENDCHAR
STARTCHAR u307D
ENCODING 12413
SWIDTH 1000 0
DWIDTH 12 0
BBX 12 12 0 -1
BITMAP
0000
5F40
42A0
8240
9FC0
8200
8200
8200
8E00
9300
5280
4C40
ENDCHAR
STARTCHAR u307E
ENCODING 12414
SWIDTH 1000 0
DWIDTH 12 0
BBX 12 12 0 -1
BITMAP
0000
0400
7F80
0400
0400
FFC0
0400
0400
3C00
4600
4500
3880
ENDCHAR
STARTCHAR u307F
ENCODING 12415
SWIDTH 1000 0
DWIDTH 12 0
BBX 12 12 0 -1
BITMAP
0000
7800
0400
0480
0480
3F80
44C0
88A0
8880
9100
6100
0200
ENDCHAR
STARTCHAR u3080
ENCODING 12416
SWIDTH 1000 0
DWIDTH 12 0
BBX 12 12 0 -1
BITMAP
0000
1000
1040
FE20
1020
1000
7000
9000
9040
7040
1040
0F80
ENDCHAR
STARTCHAR u3081
ENCODING 12417
SWIDTH 1000 0
DWIDTH 12 0
BBX 12 12 0 -1
BITMAP
0000
0200
2200
2F80
3240
6220
A220
9420
9420
8820
7040
0180
ENDCHAR
STARTCHAR u3082
ENCODING 12418
SWIDTH 1000 0
DWIDTH 12 0
BBX 12 12 0 -1
BITMAP
0000
1000
1000
FF00
1000
1000
FF00
2040
2040
2040
1080
0F00
ENDCHAR
STARTCHAR u3083
ENCODING 12419
SWIDTH 1000 0
DWIDTH 12 0
BBX 12 12 0 -1
BITMAP
0000
0000
0000
2400
2580
1E40
7040
1040
1380
0800
0800
0800
ENDCHAR
STARTCHAR u3084
ENCODING 12420
SWIDTH 1000 0
DWIDTH 12 0
BBX 12 12 0 -1
BITMAP
0000
2200
2200
21C0
1620
3820
D020
0840
0980
0400
0400
0400
ENDCHAR
STARTCHAR u3085
ENCODING 12421
SWIDTH 1000 0
DWIDTH 12 0
BBX 12 12 0 -1
BITMAP
0000
0000
0000
0200
4F80
5240
6240
4240
5240
4F80
0200
0C00
ENDCHAR
STARTCHAR u3086
ENCODING 12422
SWIDTH 1000 0
DWIDTH 12 0
BBX 12 12 0 -1
BITMAP
0000
0200
8200
9F80
A240
C220
C220
9220
9240
8F80
0200
1C00
ENDCHAR
STARTCHAR u3087
ENCODING 12423
SWIDTH 1000 0
DWIDTH 12 0
BBX 12 12 0 -1
BITMAP
0000
0000
0000
0400
0400
0780
0400
0400
3C00
4600
4500
3880
ENDCHAR
STARTCHAR u3088
ENCODING 12424
SWIDTH 1000 0
DWIDTH 12 0
BBX 12 12 0 -1
BITMAP
0000
0400
0400
0400
07C0
0400
0400
7C00
8600
8500
8480
7840
ENDCHAR
STARTCHAR u3089
ENCODING 12425
SWIDTH 1000 0
DWIDTH 12 0
BBX 12 12 0 -1
BITMAP
0000
0C00
0300
2000
2000
4F00
5080
6040
0040
0040
0180
0E00
ENDCHAR
STARTCHAR u308A
ENCODING 12426
SWIDTH 1000 0
DWIDTH 12 0
BBX 12 12 0 -1
BITMAP
0000
4E00
5100
6080
4080
4080
4080
4080
0080
0080
0100
0E00
ENDCHAR
STARTCHAR u308B
ENCODING 12427
SWIDTH 1000 0
DWIDTH 12 0
BBX 12 12 0 -1
BITMAP
0000
7F00
0080
0100
0600
0F80
3040
C020
1820
2420
24C0
1F00
ENDCHAR
STARTCHAR u308C
ENCODING 12428
SWIDTH 1000 0
DWIDTH 12 0
BBX 12 12 0 -1
BITMAP
0000
2000
2000
2300
F480
2880
3080
6080
6100
A100
A120
20C0
ENDCHAR
STARTCHAR u308D
ENCODING 12429
SWIDTH 1000 0
DWIDTH 12 0
BBX 12 12 0 -1
BITMAP
0000
7F00
0080
0100
0600
0F80
3040
C020
0020
0020
0040
1F80
ENDCHAR
STARTCHAR u308E
ENCODING 12430
SWIDTH 1000 0
DWIDTH 12 0
BBX 12 12 0 -1
BITMAP
0000
0000
0000
1000
1700
7880
1040
3040
3040
5040
5080
1300
ENDCHAR
STARTCHAR u308F
ENCODING 12431
SWIDTH 1000 0
DWIDTH 12 0
BBX 12 12 0 -1
BITMAP
0000
2000
2000
2380
F440
2820
3020
6020
6020
A020
A040
2180
ENDCHAR
STARTCHAR u3090
ENCODING 12432
SWIDTH 1000 0
DWIDTH 12 0
BBX 12 12 0 -1
BITMAP
0000
7800
0400
0400
1F80
2440
4420
8420
88E0
8920
9120
60C0
ENDCHAR
STARTCHAR u3091
ENCODING 12433
SWIDTH 1000 0
DWIDTH 12 0
BBX 12 12 0 -1
BITMAP
0000
3F80
0100
0200
0780
1840
6640
0980
0F00
1000
7BC0
8420
ENDCHAR
STARTCHAR u3092
ENCODING 12434
SWIDTH 1000 0
DWIDTH 12 0
BBX 12 12 0 -1
BITMAP
0000
0800
0800
7F80
1000
1C00
22E0
4700
8A00
1200
1000
0FE0
ENDCHAR
STARTCHAR u3093
ENCODING 12435
SWIDTH 1000 0
DWIDTH 12 0
BBX 12 12 0 -1
BITMAP
0000
0400
0400
0800
0800
1000
1C00
2200
2220
4220
4240
8180
ENDCHAR
STARTCHAR u3094
ENCODING 12436
SWIDTH 1000 0
DWIDTH 12 0
BBX 12 12 0 -1
BITMAP
0000
18A0
06A0
0000
0F00
7080
0040
0040
0040
0080
0300
1C00
ENDCHAR
STARTCHAR u3095
ENCODING 12437
SWIDTH 1000 0
DWIDTH 12 0
BBX 12 12 0 -1
BITMAP
0000
0000
0000
1000
1100
7C80
1240
1240
1200
2200
2200
4C00
ENDCHAR
STARTCHAR u3096
ENCODING 12438
SWIDTH 1000 0
DWIDTH 12 0
BBX 12 12 0 -1
BITMAP
0000
0000
0000
2100
2100
4FC0
4100
4100
4100
2100
2200
0C00
ENDCHAR
STARTCHAR u3099
ENCODING 12441
SWIDTH 1000 0
DWIDTH 12 0
BBX 12 12 0 -1
BITMAP
0000
00A0
00A0
0000
0000
0000
0000
0000
0000
0000
0000
0000
ENDCHAR
STARTCHAR u309A
ENCODING 12442
SWIDTH 1000 0
DWIDTH 12 0
BBX 12 12 0 -1
BITMAP
0000
0040
00A0
0040
0000
0000
0000
0000
0000
0000
0000
0000
ENDCHAR
STARTCHAR u309B
ENCODING 12443
SWIDTH 1000 0
DWIDTH 12 0
BBX 12 12 0 -1
BITMAP
0000
A000
A000
0000
0000
0000
0000
0000
0000
0000
0000
0000
ENDCHAR
STARTCHAR u309C
ENCODING 12444
SWIDTH 1000 0
DWIDTH 12 0
BBX 12 12 0 -1
BITMAP
0000
4000
A000
4000
0000
0000
0000
0000
0000
0000
0000
0000
ENDCHAR
STARTCHAR u309D
ENCODING 12445
SWIDTH 1000 0
DWIDTH 12 0
BBX 12 12 0 -1
BITMAP
0000
0000
0000
1000
0800
0400
0200
0100
0200
0C00
0000
0000
ENDCHAR
STARTCHAR u309E
ENCODING 12446
SWIDTH 1000 0
DWIDTH 12 0
BBX 12 12 0 -1
BITMAP
0000
0000
0140
1140
0800
0400
0200
0100
0200
0C00
0000
0000
ENDCHAR
STARTCHAR u309F
ENCODING 12447
SWIDTH 1000 0
DWIDTH 12 0
BBX 12 12 0 -1
BITMAP
0000
08E0
0B00
1C00
1000
2380
2C40
7020
4020
8020
1040
0F80
ENDCHAR
STARTCHAR u30A0
ENCODING 12448
SWIDTH 1000 0
DWIDTH 12 0
BBX 12 12 0 -1
BITMAP
0000
0000
0000
0000
3F80
0000
0000
3F80
0000
0000
0000
0000
ENDCHAR
STARTCHAR u30A1
ENCODING 12449
SWIDTH 1000 0
DWIDTH 12 0
BBX 12 12 0 -1
BITMAP
0000
0000
0000
7F00
0080
0880
0900
0A00
0800
0800
1000
2000
ENDCHAR
STARTCHAR u30A2
ENCODING 12450
SWIDTH 1000 0
DWIDTH 12 0
BBX 12 12 0 -1
BITMAP
0000
0000
FF80
0040
0840
0880
0900
0A00
0800
0800
1000
6000
ENDCHAR
STARTCHAR u30A3
ENCODING 12451
SWIDTH 1000 0
DWIDTH 12 0
BBX 12 12 0 -1
BITMAP
0000
0000
0000
0100
0200
0400
1C00
6400
0400
0400
0400
0400
ENDCHAR
STARTCHAR u30A4
ENCODING 12452
SWIDTH 1000 0
DWIDTH 12 0
BBX 12 12 0 -1
BITMAP
0000
0080
0100
0200
0C00
3400
C400
0400
0400
0400
0400
0400
ENDCHAR
STARTCHAR u30A5
ENCODING 12453
SWIDTH 1000 0
DWIDTH 12 0
BBX 12 12 0 -1
BITMAP
0000
0000
0000
0800
3F00
4080
4080
4080
0080
0100
0200
0C00
ENDCHAR
STARTCHAR u30A6
ENCODING 12454
SWIDTH 1000 0
DWIDTH 12 0
BBX 12 12 0 -1
BITMAP
0000
0800
0800
7F80
8040
8040
8040
0080
0080
0100
0600
1800
ENDCHAR
STARTCHAR u30A7
ENCODING 12455
SWIDTH 1000 0
DWIDTH 12 0
BBX 12 12 0 -1
BITMAP
0000
0000
0000
0000
3F80
0400
0400
0400
0400
0400
7FC0
0000
ENDCHAR
STARTCHAR u30A8
ENCODING 12456
SWIDTH 1000 0
DWIDTH 12 0
BBX 12 12 0 -1
BITMAP
0000
0000
7FC0
0400
0400
0400
0400
0400
0400
0400
FFE0
0000
ENDCHAR
STARTCHAR u30A9
ENCODING 12457
SWIDTH 1000 0
DWIDTH 12 0
BBX 12 12 0 -1
BITMAP
0000
0000
0000
0100
0100
7FC0
0300
0500
0900
1100
6100
0600
ENDCHAR
STARTCHAR u30AA
ENCODING 12458
SWIDTH 1000 0
DWIDTH 12 0
BBX 12 12 0 -1
BITMAP
0000
0100
0100
0100
FFE0
0300
0500
0900
3100
C100
0100
0600
ENDCHAR
STARTCHAR u30AB
ENCODING 12459
SWIDTH 1000 0
DWIDTH 12 0
BBX 12 12 0 -1
BITMAP
0000
0800
0800
0800
FFC0
0820
0820
0820
1020
1020
2020
C1C0
ENDCHAR
STARTCHAR u30AC
ENCODING 12460
SWIDTH 1000 0
DWIDTH 12 0
BBX 12 12 0 -1
BITMAP
0000
08A0
08A0
0800
FF80
0840
0840
0840
1040
1040
2040
C380
ENDCHAR
STARTCHAR u30AD
ENCODING 12461
SWIDTH 1000 0
DWIDTH 12 0
BBX 12 12 0 -1
BITMAP
0000
0800
0800
0800
FFC0
0400
0400
0400
FFC0
0200
0200
0200
ENDCHAR
STARTCHAR u30AE
ENCODING 12462
SWIDTH 1000 0
DWIDTH 12 0
BBX 12 12 0 -1
BITMAP
0000
08A0
08A0
0800
FFC0
0400
0400
0400
FFC0
0200
0200
0200
ENDCHAR
STARTCHAR u30AF
ENCODING 12463
SWIDTH 1000 0
DWIDTH 12 0
BBX 12 12 0 -1
BITMAP
0000
1000
1000
1F00
2080
4080
8100
0100
0200
0400
1800
6000
ENDCHAR
STARTCHAR u30B0
ENCODING 12464
SWIDTH 1000 0
DWIDTH 12 0
BBX 12 12 0 -1
BITMAP
0000
10A0
10A0
1F00
2080
4080
8100
0100
0200
0400
1800
6000
ENDCHAR
STARTCHAR u30B1
ENCODING 12465
SWIDTH 1000 0
DWIDTH 12 0
BBX 12 12 0 -1
BITMAP
0000
2000
2000
2000
3FE0
4100
8100
0100
0200
0200
0C00
3000
ENDCHAR
STARTCHAR u30B2
ENCODING 12466
SWIDTH 1000 0
DWIDTH 12 0
BBX 12 12 0 -1
BITMAP
0000
20A0
20A0
2000
3FE0
4100
8100
0100
0200
0200
0C00
3000
ENDCHAR
STARTCHAR u30B3
ENCODING 12467
SWIDTH 1000 0
DWIDTH 12 0
BBX 12 12 0 -1
BITMAP
0000
0000
0000
FF80
0040
0040
0040
0040
0040
0040
0040
FF80
ENDCHAR
STARTCHAR u30B4
ENCODING 12468
SWIDTH 1000 0
DWIDTH 12 0
BBX 12 12 0 -1
BITMAP
0000
00A0
00A0
FF80
0040
0040
0040
0040
0040
0040
0040
FF80
ENDCHAR
STARTCHAR u30B5
ENCODING 12469
SWIDTH 1000 0
DWIDTH 12 0
BBX 12 12 0 -1
BITMAP
0000
0000
2100
2100
FFC0
2100
2100
2100
0100
0100
0200
3C00
ENDCHAR
STARTCHAR u30B6
ENCODING 12470
SWIDTH 1000 0
DWIDTH 12 0
BBX 12 12 0 -1
BITMAP
0000
00A0
21A0
2100
FFC0
2100
2100
2100
0100
0100
0200
3C00
ENDCHAR
STARTCHAR u30B7
ENCODING 12471
SWIDTH 1000 0
DWIDTH 12 0
BBX 12 12 0 -1
BITMAP
0000
6000
1800
0000
0000
C040
3040
0080
0100
0200
0C00
7000
ENDCHAR
STARTCHAR u30B8
ENCODING 12472
SWIDTH 1000 0
DWIDTH 12 0
BBX 12 12 0 -1
BITMAP
0000
60A0
18A0
0000
0000
C040
3040
0080
0100
0200
0C00
7000
ENDCHAR
STARTCHAR u30B9
ENCODING 12473
SWIDTH 1000 0
DWIDTH 12 0
BBX 12 12 0 -1
BITMAP
0000
0000
FF00
0080
0080
0100
0100
0200
0500
0880
3040
C020
ENDCHAR
STARTCHAR u30BA
ENCODING 12474
SWIDTH 1000 0
DWIDTH 12 0
BBX 12 12 0 -1
BITMAP
0000
00A0
00A0
FE00
0100
0100
0200
0200
0500
0880
3040
C020
ENDCHAR
STARTCHAR u30BB
ENCODING 12475
SWIDTH 1000 0
DWIDTH 12 0
BBX 12 12 0 -1
BITMAP
0000
1000
1000
1000
11C0
1E20
F020
1040
1080
1000
1000
0FC0
ENDCHAR
STARTCHAR u30BC
ENCODING 12476
SWIDTH 1000 0
DWIDTH 12 0
BBX 12 12 0 -1
BITMAP
0000
10A0
10A0
1000
11C0
1E20
F020
1040
1080
1000
1000
0FC0
ENDCHAR
STARTCHAR u30BD
ENCODING 12477
SWIDTH 1000 0
DWIDTH 12 0
BBX 12 12 0 -1
BITMAP
0000
0000
8040
8040
4040
4040
0080
0080
0100
0200
0C00
3000
ENDCHAR
STARTCHAR u30BE
ENCODING 12478
SWIDTH 1000 0
DWIDTH 12 0
BBX 12 12 0 -1
BITMAP
0000
00A0
80A0
8000
4040
4040
0080
0080
0100
0200
0C00
3000
ENDCHAR
STARTCHAR u30BF
ENCODING 12479
SWIDTH 1000 0
DWIDTH 12 0
BBX 12 12 0 -1
BITMAP
0000
1000
1000
1F80
2040
5040
8880
0480
0300
0200
0C00
7000
ENDCHAR
STARTCHAR u30C0
ENCODING 12480
SWIDTH 1000 0
DWIDTH 12 0
BBX 12 12 0 -1
BITMAP
0000
10A0
10A0
1F80
2040
5040
8880
0480
0300
0200
0C00
7000
ENDCHAR
STARTCHAR u30C1
ENCODING 12481
SWIDTH 1000 0
DWIDTH 12 0
BBX 12 12 0 -1
BITMAP
0000
00C0
0300
7C00
0400
0400
FFE0
0400
0400
0400
0800
7000
ENDCHAR
STARTCHAR u30C2
ENCODING 12482
SWIDTH 1000 0
DWIDTH 12 0
BBX 12 12 0 -1
BITMAP
0000
00C0
0300
7CA0
04A0
0400
FFE0
0400
0400
0400
0800
7000
ENDCHAR
STARTCHAR u30C3
ENCODING 12483
SWIDTH 1000 0
DWIDTH 12 0
BBX 12 12 0 -1
BITMAP
0000
0000
0000
0000
4840
2440
2440
0080
0080
0100
0600
1800
ENDCHAR
STARTCHAR u30C4
ENCODING 12484
SWIDTH 1000 0
DWIDTH 12 0
BBX 12 12 0 -1
BITMAP
0000
0000
8820
8820
4420
4440
0040
0080
0080
0100
0600
3800
ENDCHAR
STARTCHAR u30C5
ENCODING 12485
SWIDTH 1000 0
DWIDTH 12 0
BBX 12 12 0 -1
BITMAP
0000
00A0
88A0
8800
4440
4440
0040
0080
0080
0100
0600
3800
ENDCHAR
STARTCHAR u30C6
ENCODING 12486
SWIDTH 1000 0
DWIDTH 12 0
BBX 12 12 0 -1
BITMAP
0000
0000
7FC0
0000
0000
FFE0
0400
0400
0400
0400
0800
7000
ENDCHAR
STARTCHAR u30C7
ENCODING 12487
SWIDTH 1000 0
DWIDTH 12 0
BBX 12 12 0 -1
BITMAP
0000
00A0
7FA0
0000
0000
FFE0
0400
0400
0400
0400
0800
7000
ENDCHAR
STARTCHAR u30C8
ENCODING 12488
SWIDTH 1000 0
DWIDTH 12 0
BBX 12 12 0 -1
BITMAP
0000
2000
2000
2000
2000
3800
2600
2180
2000
2000
2000
2000
ENDCHAR
STARTCHAR u30C9
ENCODING 12489
SWIDTH 1000 0
DWIDTH 12 0
BBX 12 12 0 -1
BITMAP
0000
2000
2140
2140
2000
3800
2600
2180
2000
2000
2000
2000
ENDCHAR
STARTCHAR u30CA
ENCODING 12490
SWIDTH 1000 0
DWIDTH 12 0
BBX 12 12 0 -1
BITMAP
0000
0400
0400
0400
FFE0
0400
0400
0400
0800
0800
1000
6000
ENDCHAR
STARTCHAR u30CB
ENCODING 12491
SWIDTH 1000 0
DWIDTH 12 0
BBX 12 12 0 -1
BITMAP
0000
0000
0000
7FC0
0000
0000
0000
0000
0000
0000
FFE0
0000
ENDCHAR
STARTCHAR u30CC
ENCODING 12492
SWIDTH 1000 0
DWIDTH 12 0
BBX 12 12 0 -1
BITMAP
0000
7F80
0040
0040
0040
1880
0680
0100
0280
0440
1800
E000
ENDCHAR
STARTCHAR u30CD
ENCODING 12493
SWIDTH 1000 0
DWIDTH 12 0
BBX 12 12 0 -1
BITMAP
0000
0400
0400
7F80
0040
0080
0100
0600
1D80
E460
0400
0400
ENDCHAR
STARTCHAR u30CE
ENCODING 12494
SWIDTH 1000 0
DWIDTH 12 0
BBX 12 12 0 -1
BITMAP
0000
0080
0080
0080
0080
0080
0080
0100
0100
0200
0C00
F000
ENDCHAR
STARTCHAR u30CF
ENCODING 12495
SWIDTH 1000 0
DWIDTH 12 0
BBX 12 12 0 -1
BITMAP
0000
0000
1100
1100
1100
2080
2080
2080
4040
4040
8020
8020
ENDCHAR
STARTCHAR u30D0
ENCODING 12496
SWIDTH 1000 0
DWIDTH 12 0
BBX 12 12 0 -1
BITMAP
0000
00A0
11A0
1100
1100
2080
2080
2080
4040
4040
8020
8020
ENDCHAR
STARTCHAR u30D1
ENCODING 12497
SWIDTH 1000 0
DWIDTH 12 0
BBX 12 12 0 -1
BITMAP
0000
0040
11A0
1140
1100
2080
2080
2080
4040
4040
8020
8020
ENDCHAR
STARTCHAR u30D2
ENCODING 12498
SWIDTH 1000 0
DWIDTH 12 0
BBX 12 12 0 -1
BITMAP
0000
4000
4000
4000
40C0
4700
7800
4000
4000
4000
4000
3FC0
ENDCHAR
STARTCHAR u30D3
ENCODING 12499
SWIDTH 1000 0
DWIDTH 12 0
BBX 12 12 0 -1
BITMAP
0000
40A0
40A0
4000
40C0
4700
7800
4000
4000
4000
4000
3FC0
ENDCHAR
STARTCHAR u30D4
ENCODING 12500
SWIDTH 1000 0
DWIDTH 12 0
BBX 12 12 0 -1
BITMAP
0000
4080
4140
4080
4300
4C00
7000
4000
4000
4000
4000
3FC0
ENDCHAR
STARTCHAR u30D5
ENCODING 12501
SWIDTH 1000 0
DWIDTH 12 0
BBX 12 12 0 -1
BITMAP
0000
0000
0000
FF80
0040
0040
0040
0080
0080
0100
0600
3800
ENDCHAR
STARTCHAR u30D6
ENCODING 12502
SWIDTH 1000 0
DWIDTH 12 0
BBX 12 12 0 -1
BITMAP
0000
00A0
00A0
FF80
0040
0040
0040
0080
0080
0100
0600
3800
ENDCHAR
STARTCHAR u30D7
ENCODING 12503
SWIDTH 1000 0
DWIDTH 12 0
BBX 12 12 0 -1
BITMAP
0000
0040
00A0
FF40
0080
0080
0080
0100
0100
0200
0C00
3000
ENDCHAR
STARTCHAR u30D8
ENCODING 12504
SWIDTH 1000 0
DWIDTH 12 0
BBX 12 12 0 -1
BITMAP
0000
0000
0000
0800
1400
2200
2200
4100
8080
0060
0000
0000
ENDCHAR
STARTCHAR u30D9
ENCODING 12505
SWIDTH 1000 0
DWIDTH 12 0
BBX 12 12 0 -1
BITMAP
0000
0000
0140
0940
1400
2200
2200
4100
8080
0060
0000
0000
ENDCHAR
STARTCHAR u30DA
ENCODING 12506
SWIDTH 1000 0
DWIDTH 12 0
BBX 12 12 0 -1
BITMAP
0000
0000
0080
0940
1480
2200
2200
4100
8080
0060
0000
0000
ENDCHAR
STARTCHAR u30DB
ENCODING 12507
SWIDTH 1000 0
DWIDTH 12 0
BBX 12 12 0 -1
BITMAP
0000
0400
0400
0400
FFE0
0400
2480
2440
4420
8420
0400
1800
ENDCHAR
STARTCHAR u30DC
ENCODING 12508
SWIDTH 1000 0
DWIDTH 12 0
BBX 12 12 0 -1
BITMAP
0000
04A0
04A0
0400
FFE0
0400
2480
2440
4420
8420
0400
1800
ENDCHAR
STARTCHAR u30DD
ENCODING 12509
SWIDTH 1000 0
DWIDTH 12 0
BBX 12 12 0 -1
BITMAP
0000
0440
04A0
0440
FFE0
0400
2480
2440
4420
8420
0400
1800
ENDCHAR
STARTCHAR u30DE
ENCODING 12510
SWIDTH 1000 0
DWIDTH 12 0
BBX 12 12 0 -1
BITMAP
0000
0000
FFC0
0020
0020
0040
0080
0100
6600
1800
0400
0200
ENDCHAR
STARTCHAR u30DF
ENCODING 12511
SWIDTH 1000 0
DWIDTH 12 0
BBX 12 12 0 -1
BITMAP
0000
3800
0700
00C0
0000
3800
0700
00C0
0000
7000
0E00
01C0
ENDCHAR
STARTCHAR u30E0
ENCODING 12512
SWIDTH 1000 0
DWIDTH 12 0
BBX 12 12 0 -1
BITMAP
0000
0400
0400
0800
0800
1000
1080
2080
2040
41C0
4E20
3020
ENDCHAR
STARTCHAR u30E1
ENCODING 12513
SWIDTH 1000 0
DWIDTH 12 0
BBX 12 12 0 -1
BITMAP
0000
0080
0080
0080
0080
3100
0D00
0200
0300
0480
1840
E000
ENDCHAR
STARTCHAR u30E2
ENCODING 12514
SWIDTH 1000 0
DWIDTH 12 0
BBX 12 12 0 -1
BITMAP
0000
7FC0
0800
0800
0800
FFE0
0800
0800
0800
0800
0800
07C0
ENDCHAR
STARTCHAR u30E3
ENCODING 12515
SWIDTH 1000 0
DWIDTH 12 0
BBX 12 12 0 -1
BITMAP
0000
0000
0000
2000
1380
1C40
7040
0880
0900
0800
0400
0400
ENDCHAR
STARTCHAR u30E4
ENCODING 12516
SWIDTH 1000 0
DWIDTH 12 0
BBX 12 12 0 -1
BITMAP
0000
2000
2000
10C0
1720
3820
C840
0880
0400
0400
0200
0200
ENDCHAR
STARTCHAR u30E5
ENCODING 12517
SWIDTH 1000 0
DWIDTH 12 0
BBX 12 12 0 -1
BITMAP
0000
0000
0000
0000
3F00
0080
0080
0080
0100
0100
0100
7FC0
ENDCHAR
STARTCHAR u30E6
ENCODING 12518
SWIDTH 1000 0
DWIDTH 12 0
BBX 12 12 0 -1
BITMAP
0000
0000
7F00
0080
0080
0080
0080
0100
0100
0100
0100
FFE0
ENDCHAR
STARTCHAR u30E7
ENCODING 12519
SWIDTH 1000 0
DWIDTH 12 0
BBX 12 12 0 -1
BITMAP
0000
0000
0000
3F00
0080
0080
0080
3F80
0080
0080
0080
3F00
ENDCHAR
STARTCHAR u30E8
ENCODING 12520
SWIDTH 1000 0
DWIDTH 12 0
BBX 12 12 0 -1
BITMAP
0000
7F80
0040
0040
0040
0040
7FC0
0040
0040
0040
0040
7F80
ENDCHAR
STARTCHAR u30E9
ENCODING 12521
SWIDTH 1000 0
DWIDTH 12 0
BBX 12 12 0 -1
BITMAP
0000
7F80
0000
0000
FF80
0040
0040
0080
0080
0100
0600
3800
ENDCHAR
STARTCHAR u30EA
ENCODING 12522
SWIDTH 1000 0
DWIDTH 12 0
BBX 12 12 0 -1
BITMAP
0000
4080
4080
4080
4080
4080
4080
0080
0080
0100
0200
1C00
ENDCHAR
STARTCHAR u30EB
ENCODING 12523
SWIDTH 1000 0
DWIDTH 12 0
BBX 12 12 0 -1
BITMAP
0000
1100
1100
1100
1100
1100
1100
1120
2120
2120
4140
8080
ENDCHAR
STARTCHAR u30EC
ENCODING 12524
SWIDTH 1000 0
DWIDTH 12 0
BBX 12 12 0 -1
BITMAP
0000
4000
4000
4000
4000
4000
4040
4040
4080
4100
4600
3800
ENDCHAR
STARTCHAR u30ED
ENCODING 12525
SWIDTH 1000 0
DWIDTH 12 0
BBX 12 12 0 -1
BITMAP
0000
0000
3F80
4040
4040
4040
4040
4040
4040
4040
3F80
0000
ENDCHAR
STARTCHAR u30EE
ENCODING 12526
SWIDTH 1000 0
DWIDTH 12 0
BBX 12 12 0 -1
BITMAP
0000
0000
0000
0000
3F00
4080
4080
4080
0080
0100
0200
1C00
ENDCHAR
STARTCHAR u30EF
ENCODING 12527
SWIDTH 1000 0
DWIDTH 12 0
BBX 12 12 0 -1
BITMAP
0000
0000
7F80
8040
8040
8040
0040
0080
0080
0100
0600
3800
ENDCHAR
STARTCHAR u30F0
ENCODING 12528
SWIDTH 1000 0
DWIDTH 12 0
BBX 12 12 0 -1
BITMAP
0000
0100
0100
0100
FFC0
2100
2100
2100
2100
FFE0
0100
0100
ENDCHAR
STARTCHAR u30F1
ENCODING 12529
SWIDTH 1000 0
DWIDTH 12 0
BBX 12 12 0 -1
BITMAP
0000
0000
0000
FFC0
0020
0020
0440
0580
0400
0400
0400
FFE0
ENDCHAR
STARTCHAR u30F2
ENCODING 12530
SWIDTH 1000 0
DWIDTH 12 0
BBX 12 12 0 -1
BITMAP
0000
0000
FF80
0040
0040
FFC0
0040
0080
0080
0100
0600
3800
ENDCHAR
STARTCHAR u30F3
ENCODING 12531
SWIDTH 1000 0
DWIDTH 12 0
BBX 12 12 0 -1
BITMAP
0000
0000
6000
1840
0040
0040
0080
0080
0100
0200
0C00
7000
ENDCHAR
STARTCHAR u30F4
ENCODING 12532
SWIDTH 1000 0
DWIDTH 12 0
BBX 12 12 0 -1
BITMAP
0000
08A0
08A0
7F80
8040
8040
8040
0080
0080
0100
0600
1800
ENDCHAR
STARTCHAR u30F5
ENCODING 12533
SWIDTH 1000 0
DWIDTH 12 0
BBX 12 12 0 -1
BITMAP
0000
0000
0000
0800
0800
7F80
0840
0840
1040
1040
2040
4380
ENDCHAR
STARTCHAR u30F6
ENCODING 12534
SWIDTH 1000 0
DWIDTH 12 0
BBX 12 12 0 -1
BITMAP
0000
0000
0000
1000
1000
1FC0
2100
4100
0100
0200
0400
1800
ENDCHAR
STARTCHAR u30F7
ENCODING 12535
SWIDTH 1000 0
DWIDTH 12 0
BBX 12 12 0 -1
BITMAP
0000
00A0
00A0
7F80
8040
8040
0040
0080
0080
0100
0600
3800
ENDCHAR
STARTCHAR u30F8
ENCODING 12536
SWIDTH 1000 0
DWIDTH 12 0
BBX 12 12 0 -1
BITMAP
0000
02A0
02A0
0200
FFC0
2200
2200
2200
2200
FFE0
0200
0200
ENDCHAR
STARTCHAR u30F9
ENCODING 12537
SWIDTH 1000 0
DWIDTH 12 0
BBX 12 12 0 -1
BITMAP
0000
00A0
00A0
0000
FFC0
0020
0020
0440
0580
0400
0400
FFE0
ENDCHAR
STARTCHAR u30FA
ENCODING 12538
SWIDTH 1000 0
DWIDTH 12 0
BBX 12 12 0 -1
BITMAP
0000
00A0
FFA0
0040
0040
FFC0
0040
0080
0080
0100
0600
3800
ENDCHAR
STARTCHAR u30FB
ENCODING 12539
SWIDTH 1000 0
DWIDTH 12 0
BBX 12 12 0 -1
BITMAP
0000
0000
0000
0000
0000
0000
0600
0600
0000
0000
0000
0000
ENDCHAR
STARTCHAR u30FC
ENCODING 12540
SWIDTH 1000 0
DWIDTH 12 0
BBX 12 12 0 -1
BITMAP
0000
0000
0000
0000
0000
0000
7FC0
0000
0000
0000
0000
0000
ENDCHAR
STARTCHAR u30FD
ENCODING 12541
SWIDTH 1000 0
DWIDTH 12 0
BBX 12 12 0 -1
BITMAP
0000
0000
0000
1000
0800
0400
0400
0200
0200
0000
0000
0000
ENDCHAR
STARTCHAR u30FE
ENCODING 12542
SWIDTH 1000 0
DWIDTH 12 0
BBX 12 12 0 -1
BITMAP
0000
0000
0140
1140
0800
0400
0400
0200
0200
0000
0000
0000
ENDCHAR
STARTCHAR u30FF
ENCODING 12543
SWIDTH 1000 0
DWIDTH 12 0
BBX 12 12 0 -1
BITMAP
0000
7F80
0040
0040
0040
0040
0040
0040
0040
0040
0040
0040
ENDCHAR
STARTCHAR u3105
ENCODING 12549
SWIDTH 1000 0
DWIDTH 12 0
BBX 12 12 0 -1
BITMAP
0000
2000
2000
4000
4000
3F80
0040
0040
0040
0040
0040
0380
ENDCHAR
STARTCHAR u3106
ENCODING 12550
SWIDTH 1000 0
DWIDTH 12 0
BBX 12 12 0 -1
BITMAP
0000
2000
2000
1F80
0040
2040
1080
0900
0600
0900
3080
C060
ENDCHAR
STARTCHAR u3107
ENCODING 12551
SWIDTH 1000 0
DWIDTH 12 0
BBX 12 12 0 -1
BITMAP
0000
7FC0
8020
8020
8020
8020
8020
8020
8020
8020
8020
8020
ENDCHAR
STARTCHAR u3108
ENCODING 12552
SWIDTH 1000 0
DWIDTH 12 0
BBX 12 12 0 -1
BITMAP
0000
7FE0
8000
8000
8000
8000
8000
8000
8000
8000
8000
7FE0
ENDCHAR
STARTCHAR u3109
ENCODING 12553
SWIDTH 1000 0
DWIDTH 12 0
BBX 12 12 0 -1
BITMAP
0000
2000
2000
4000
3F80
0440
0440
0840
0840
1040
2040
C180
ENDCHAR
STARTCHAR u310A
ENCODING 12554
SWIDTH 1000 0
DWIDTH 12 0
BBX 12 12 0 -1
BITMAP
0000
0400
0400
0400
FFE0
0800
1000
1000
2080
4040
43E0
3C20
ENDCHAR
STARTCHAR u310B
ENCODING 12555
SWIDTH 1000 0
DWIDTH 12 0
BBX 12 12 0 -1
BITMAP
0000
7F00
0200
0400
0800
1F80
0040
0040
0040
0040
0040
0380
ENDCHAR
STARTCHAR u310C
ENCODING 12556
SWIDTH 1000 0
DWIDTH 12 0
BBX 12 12 0 -1
BITMAP
0000
2400
2400
4400
3F80
0440
0440
0840
0840
1040
2040
C180
ENDCHAR
STARTCHAR u310D
ENCODING 12557
SWIDTH 1000 0
DWIDTH 12 0
BBX 12 12 0 -1
BITMAP
0000
1080
1080
2100
2100
4200
8400
4200
2100
1080
0840
0420
ENDCHAR
STARTCHAR u310E
ENCODING 12558
SWIDTH 1000 0
DWIDTH 12 0
BBX 12 12 0 -1
BITMAP
0000
FFE0
0800
0800
1000
1F80
0040
0040
0040
0040
0040
0380
ENDCHAR
STARTCHAR u310F
ENCODING 12559
SWIDTH 1000 0
DWIDTH 12 0
BBX 12 12 0 -1
BITMAP
0000
1FE0
2000
2000
2000
2000
2000
2000
2000
4000
4000
8000
ENDCHAR
STARTCHAR u3110
ENCODING 12560
SWIDTH 1000 0
DWIDTH 12 0
BBX 12 12 0 -1
BITMAP
0000
0080
2080
2080
2080
2080
2080
2780
1880
0080
0080
0080
ENDCHAR
STARTCHAR u3111
ENCODING 12561
SWIDTH 1000 0
DWIDTH 12 0
BBX 12 12 0 -1
BITMAP
0000
0200
0200
0400
0400
0800
1000
0800
0400
0200
0100
0080
ENDCHAR
STARTCHAR u3112
ENCODING 12562
SWIDTH 1000 0
DWIDTH 12 0
BBX 12 12 0 -1
BITMAP
0000
FFE0
0400
0400
0400
0400
0400
0400
0400
0400
0400
0400
ENDCHAR
STARTCHAR u3113
ENCODING 12563
SWIDTH 1000 0
DWIDTH 12 0
BBX 12 12 0 -1
BITMAP
0000
0400
0400
4440
4440
4440
4440
4440
3F80
0400
0400
FFE0
ENDCHAR
STARTCHAR u3114
ENCODING 12564
SWIDTH 1000 0
DWIDTH 12 0
BBX 12 12 0 -1
BITMAP
0000
0100
0200
0440
1880
6100
0200
0E00
7200
0200
0200
0200
ENDCHAR
STARTCHAR u3115
ENCODING 12565
SWIDTH 1000 0
DWIDTH 12 0
BBX 12 12 0 -1
BITMAP
0000
3FC0
0020
0020
0020
1FC0
2000
2000
2000
4000
4000
8000
ENDCHAR
STARTCHAR u3116
ENCODING 12566
SWIDTH 1000 0
DWIDTH 12 0
BBX 12 12 0 -1
BITMAP
0000
3F80
4040
4040
4840
4440
4440
4240
4240
4040
4040
3F80
ENDCHAR
STARTCHAR u3117
ENCODING 12567
SWIDTH 1000 0
DWIDTH 12 0
BBX 12 12 0 -1
BITMAP
0000
FFC0
0820
0820
0820
0820
0820
09C0
0800
0800
0800
0800
ENDCHAR
STARTCHAR u3118
ENCODING 12568
SWIDTH 1000 0
DWIDTH 12 0
BBX 12 12 0 -1
BITMAP
0000
0800
0800
FFE0
1000
2000
1F00
0080
0080
0100
0100
0200
ENDCHAR
STARTCHAR u3119
ENCODING 12569
SWIDTH 1000 0
DWIDTH 12 0
BBX 12 12 0 -1
BITMAP
0000
0400
0400
0400
0800
0800
1000
1000
2080
4040
43E0
3C20
ENDCHAR
STARTCHAR u311A
ENCODING 12570
SWIDTH 1000 0
DWIDTH 12 0
BBX 12 12 0 -1
BITMAP
0000
8020
4040
2080
1100
0A00
0400
0400
0400
0400
0400
0400
ENDCHAR
STARTCHAR u311B
ENCODING 12571
SWIDTH 1000 0
DWIDTH 12 0
BBX 12 12 0 -1
BITMAP
0000
FFE0
0400
0400
0400
3C00
4000
8000
8000
8020
4040
3F80
ENDCHAR
STARTCHAR u311C
ENCODING 12572
SWIDTH 1000 0
DWIDTH 12 0
BBX 12 12 0 -1
BITMAP
0000
0400
0400
FFE0
0400
0400
3C00
4000
8000
8020
4040
3F80
ENDCHAR
STARTCHAR u311D
ENCODING 12573
SWIDTH 1000 0
DWIDTH 12 0
BBX 12 12 0 -1
BITMAP
0000
2100
2100
2100
2100
FFE0
2100
2100
2100
2000
2000
1FC0
ENDCHAR
STARTCHAR u311E
ENCODING 12574
SWIDTH 1000 0
DWIDTH 12 0
BBX 12 12 0 -1
BITMAP
0000
FFE0
0400
2400
2400
4400
3FC0
0820
0820
1040
2040
C080
ENDCHAR
STARTCHAR u311F
ENCODING 12575
SWIDTH 1000 0
DWIDTH 12 0
BBX 12 12 0 -1
BITMAP
0000
0800
3400
C400
0400
0200
0200
0100
0100
0080
0040
0020
ENDCHAR
STARTCHAR u3120
ENCODING 12576
SWIDTH 1000 0
DWIDTH 12 0
BBX 12 12 0 -1
BITMAP
0000
0800
0800
1000
2100
4200
3C00
0800
1080
2040
43E0
3C20
ENDCHAR
STARTCHAR u3121
ENCODING 12577
SWIDTH 1000 0
DWIDTH 12 0
BBX 12 12 0 -1
BITMAP
0000
7FC0
0020
2020
1040
0880
0500
0200
0500
0880
3040
C020
ENDCHAR
STARTCHAR u3122
ENCODING 12578
SWIDTH 1000 0
DWIDTH 12 0
BBX 12 12 0 -1
BITMAP
0000
FF00
2080
2080
4100
4100
3F80
0040
0040
0080
0080
0100
ENDCHAR
STARTCHAR u3123
ENCODING 12579
SWIDTH 1000 0
DWIDTH 12 0
BBX 12 12 0 -1
BITMAP
0000
0800
0800
1000
2000
4000
3F80
0040
0040
0080
0100
0200
ENDCHAR
STARTCHAR u3124
ENCODING 12580
SWIDTH 1000 0
DWIDTH 12 0
BBX 12 12 0 -1
BITMAP
0000
0400
0400
0400
FFE0
0400
0600
0A00
0A00
1200
2200
C1E0
ENDCHAR
STARTCHAR u3125
ENCODING 12581
SWIDTH 1000 0
DWIDTH 12 0
BBX 12 12 0 -1
BITMAP
0000
0200
0200
0200
0400
0400
0800
1000
2000
4000
4000
3FE0
ENDCHAR
STARTCHAR u3126
ENCODING 12582
SWIDTH 1000 0
DWIDTH 12 0
BBX 12 12 0 -1
BITMAP
0000
1100
1100
1100
1100
1100
1100
1100
2100
2100
4100
80E0
ENDCHAR
STARTCHAR u3127
ENCODING 12583
SWIDTH 1000 0
DWIDTH 12 0
BBX 12 12 0 -1
BITMAP
0000
0000
0000
0000
0000
0000
FFE0
0000
0000
0000
0000
0000
ENDCHAR
STARTCHAR u3128
ENCODING 12584
SWIDTH 1000 0
DWIDTH 12 0
BBX 12 12 0 -1
BITMAP
0000
0020
4020
2040
1040
0880
0500
0200
0500
0880
3040
C020
ENDCHAR
STARTCHAR u3129
ENCODING 12585
SWIDTH 1000 0
DWIDTH 12 0
BBX 12 12 0 -1
BITMAP
0000
8020
8020
8020
8020
8020
8020
8020
8020
8020
8020
7FC0
ENDCHAR
STARTCHAR u312A
ENCODING 12586
SWIDTH 1000 0
DWIDTH 12 0
BBX 12 12 0 -1
BITMAP
0000
FFE0
0800
0800
0800
0F80
0840
1040
1040
2040
4040
8180
ENDCHAR
STARTCHAR u312B
ENCODING 12587
SWIDTH 1000 0
DWIDTH 12 0
BBX 12 12 0 -1
BITMAP
0000
FFE0
1100
1100
1100
1100
1100
1100
2100
2100
4100
80E0
ENDCHAR
STARTCHAR u312C
ENCODING 12588
SWIDTH 1000 0
DWIDTH 12 0
BBX 12 12 0 -1
BITMAP
0000
0400
0200
1FE0
2000
2000
2000
2000
2000
4000
4000
8000
ENDCHAR
STARTCHAR u312D
ENCODING 12589
SWIDTH 1000 0
DWIDTH 12 0
BBX 12 12 0 -1
BITMAP
0000
FFE0
0400
0400
3F80
4440
4440
4440
4440
4440
0400
0400
ENDCHAR
STARTCHAR u312E
ENCODING 12590
SWIDTH 1000 0
DWIDTH 12 0
BBX 12 12 0 -1
BITMAP
0000
0600
0000
FFE0
0400
0400
3C00
4000
4000
4000
4000
3FC0
ENDCHAR
STARTCHAR u312F
ENCODING 12591
SWIDTH 1000 0
DWIDTH 12 0
BBX 12 12 0 -1
BITMAP
0000
7E00
0200
0400
0800
1F80
0840
0840
0840
0840
0840
0B80
ENDCHAR
STARTCHAR u3131
ENCODING 12593
SWIDTH 1000 0
DWIDTH 12 0
BBX 12 12 0 -1
BITMAP
0000
0000
7F80
0040
0040
0040
0040
0040
0040
0040
0000
0000
ENDCHAR
STARTCHAR u3132
ENCODING 12594
SWIDTH 1000 0
DWIDTH 12 0
BBX 12 12 0 -1
BITMAP
0000
0000
F3C0
0820
0820
0820
0820
0820
0820
0820
0000
0000
ENDCHAR
STARTCHAR u3133
ENCODING 12595
SWIDTH 1000 0
DWIDTH 12 0
BBX 12 12 0 -1
BITMAP
0000
0000
F080
0880
0880
0880
0880
0940
0940
0A20
0000
0000
ENDCHAR
STARTCHAR u3134
ENCODING 12596
SWIDTH 1000 0
DWIDTH 12 0
BBX 12 12 0 -1
BITMAP
0000
0000
4000
4000
4000
4000
4000
4000
4000
3FC0
0000
0000
ENDCHAR
STARTCHAR u3135
ENCODING 12597
SWIDTH 1000 0
DWIDTH 12 0
BBX 12 12 0 -1
BITMAP
0000
0000
83E0
8080
8080
8080
8080
8140
8140
7A20
0000
0000
ENDCHAR
STARTCHAR u3136
ENCODING 12598
SWIDTH 1000 0
DWIDTH 12 0
BBX 12 12 0 -1
BITMAP
0000
0000
8080
83E0
8000
81C0
8220
8220
8220
79C0
0000
0000
ENDCHAR
STARTCHAR u3137
ENCODING 12599
SWIDTH 1000 0
DWIDTH 12 0
BBX 12 12 0 -1
BITMAP
0000
0000
3FC0
4000
4000
4000
4000
4000
4000
3FC0
0000
0000
ENDCHAR
STARTCHAR u3138
ENCODING 12600
SWIDTH 1000 0
DWIDTH 12 0
BBX 12 12 0 -1
BITMAP
0000
0000
79E0
8200
8200
8200
8200
8200
8200
79E0
0000
0000
ENDCHAR
STARTCHAR u3139
ENCODING 12601
SWIDTH 1000 0
DWIDTH 12 0
BBX 12 12 0 -1
BITMAP
0000
0000
7F80
0040
0040
3F80
4000
4000
4000
3FC0
0000
0000
ENDCHAR
STARTCHAR u313A
ENCODING 12602
SWIDTH 1000 0
DWIDTH 12 0
BBX 12 12 0 -1
BITMAP
0000
0000
F3C0
0820
0820
7020
8020
8020
8020
7820
0000
0000
ENDCHAR
STARTCHAR u313B
ENCODING 12603
SWIDTH 1000 0
DWIDTH 12 0
BBX 12 12 0 -1
BITMAP
0000
0000
F1C0
0A20
0A20
7220
8220
8220
8220
79C0
0000
0000
ENDCHAR
STARTCHAR u313C
ENCODING 12604
SWIDTH 1000 0
DWIDTH 12 0
BBX 12 12 0 -1
BITMAP
0000
0000
F220
0A20
0A20
73E0
8220
8220
8220
79C0
0000
0000
ENDCHAR
STARTCHAR u313D
ENCODING 12605
SWIDTH 1000 0
DWIDTH 12 0
BBX 12 12 0 -1
BITMAP
0000
0000
F080
0880
0880
7080
8080
8140
8140
7A20
0000
0000
ENDCHAR
STARTCHAR u313E
ENCODING 12606
SWIDTH 1000 0
DWIDTH 12 0
BBX 12 12 0 -1
BITMAP
0000
0000
F1E0
0A00
0A00
73E0
8200
8200
8200
79E0
0000
0000
ENDCHAR
STARTCHAR u313F
ENCODING 12607
SWIDTH 1000 0
DWIDTH 12 0
BBX 12 12 0 -1
BITMAP
0000
0000
F3E0
0940
0940
7140
8140
8140
8140
7BE0
0000
0000
ENDCHAR
STARTCHAR u3140
ENCODING 12608
SWIDTH 1000 0
DWIDTH 12 0
BBX 12 12 0 -1
BITMAP
0000
0000
F080
0BE0
0800
71C0
8220
8220
8220
79C0
0000
0000
ENDCHAR
STARTCHAR u3141
ENCODING 12609
SWIDTH 1000 0
DWIDTH 12 0
BBX 12 12 0 -1
BITMAP
0000
0000
3F80
4040
4040
4040
4040
4040
4040
3F80
0000
0000
ENDCHAR
STARTCHAR u3142
ENCODING 12610
SWIDTH 1000 0
DWIDTH 12 0
BBX 12 12 0 -1
BITMAP
0000
0000
4040
4040
4040
7FC0
4040
4040
4040
3F80
0000
0000
ENDCHAR
STARTCHAR u3143
ENCODING 12611
SWIDTH 1000 0
DWIDTH 12 0
BBX 12 12 0 -1
BITMAP
0000
0000
8A20
8A20
8A20
FBE0
8A20
8A20
8A20
71C0
0000
0000
ENDCHAR
STARTCHAR u3144
ENCODING 12612
SWIDTH 1000 0
DWIDTH 12 0
BBX 12 12 0 -1
BITMAP
0000
0000
8880
8880
8880
F880
8880
8940
8940
7220
0000
0000
ENDCHAR
STARTCHAR u3145
ENCODING 12613
SWIDTH 1000 0
DWIDTH 12 0
BBX 12 12 0 -1
BITMAP
0000
0000
0400
0400
0400
0400
0A00
0A00
1100
60C0
0000
0000
ENDCHAR
STARTCHAR u3146
ENCODING 12614
SWIDTH 1000 0
DWIDTH 12 0
BBX 12 12 0 -1
BITMAP
0000
0000
2080
2080
2080
2080
2080
5140
5140
8A20
0000
0000
ENDCHAR
STARTCHAR u3147
ENCODING 12615
SWIDTH 1000 0
DWIDTH 12 0
BBX 12 12 0 -1
BITMAP
0000
0000
1F00
2080
4040
4040
4040
4040
2080
1F00
0000
0000
ENDCHAR
STARTCHAR u3148
ENCODING 12616
SWIDTH 1000 0
DWIDTH 12 0
BBX 12 12 0 -1
BITMAP
0000
0000
7FC0
0400
0400
0400
0A00
0A00
1100
60C0
0000
0000
ENDCHAR
STARTCHAR u3149
ENCODING 12617
SWIDTH 1000 0
DWIDTH 12 0
BBX 12 12 0 -1
BITMAP
0000
0000
FBE0
2080
2080
2080
2080
5140
5140
8A20
0000
0000
ENDCHAR
STARTCHAR u314A
ENCODING 12618
SWIDTH 1000 0
DWIDTH 12 0
BBX 12 12 0 -1
BITMAP
0000
0000
0400
7FC0
0400
0400
0A00
0A00
1100
60C0
0000
0000
ENDCHAR
STARTCHAR u314B
ENCODING 12619
SWIDTH 1000 0
DWIDTH 12 0
BBX 12 12 0 -1
BITMAP
0000
0000
7F80
0040
0040
0040
7FC0
0040
0040
0040
0000
0000
ENDCHAR
STARTCHAR u314C
ENCODING 12620
SWIDTH 1000 0
DWIDTH 12 0
BBX 12 12 0 -1
BITMAP
0000
0000
3FC0
4000
4000
7FC0
4000
4000
4000
3FC0
0000
0000
ENDCHAR
STARTCHAR u314D
ENCODING 12621
SWIDTH 1000 0
DWIDTH 12 0
BBX 12 12 0 -1
BITMAP
0000
0000
7FC0
1100
1100
1100
1100
1100
1100
7FC0
0000
0000
ENDCHAR
STARTCHAR u314E
ENCODING 12622
SWIDTH 1000 0
DWIDTH 12 0
BBX 12 12 0 -1
BITMAP
0000
0000
0400
7FC0
0000
1F00
2080
2080
2080
1F00
0000
0000
ENDCHAR
STARTCHAR u314F
ENCODING 12623
SWIDTH 1000 0
DWIDTH 12 0
BBX 12 12 0 -1
BITMAP
0000
0800
0800
0800
0800
0800
0F00
0800
0800
0800
0800
0800
ENDCHAR
STARTCHAR u3150
ENCODING 12624
SWIDTH 1000 0
DWIDTH 12 0
BBX 12 12 0 -1
BITMAP
0000
1100
1100
1100
1100
1100
1F00
1100
1100
1100
1100
1100
ENDCHAR
STARTCHAR u3151
ENCODING 12625
SWIDTH 1000 0
DWIDTH 12 0
BBX 12 12 0 -1
BITMAP
0000
0800
0800
0800
0F00
0800
0800
0800
0F00
0800
0800
0800
ENDCHAR
STARTCHAR u3152
ENCODING 12626
SWIDTH 1000 0
DWIDTH 12 0
BBX 12 12 0 -1
BITMAP
0000
1100
1100
1100
1F00
1100
1100
1100
1F00
1100
1100
1100
ENDCHAR
STARTCHAR u3153
ENCODING 12627
SWIDTH 1000 0
DWIDTH 12 0
BBX 12 12 0 -1
BITMAP
0000
0200
0200
0200
0200
0200
1E00
0200
0200
0200
0200
0200
ENDCHAR
STARTCHAR u3154
ENCODING 12628
SWIDTH 1000 0
DWIDTH 12 0
BBX 12 12 0 -1
BITMAP
0000
0500
0500
0500
0500
0500
1D00
0500
0500
0500
0500
0500
ENDCHAR
STARTCHAR u3155
ENCODING 12629
SWIDTH 1000 0
DWIDTH 12 0
BBX 12 12 0 -1
BITMAP
0000
0200
0200
0200
1E00
0200
0200
0200
1E00
0200
0200
0200
ENDCHAR
STARTCHAR u3156
ENCODING 12630
SWIDTH 1000 0
DWIDTH 12 0
BBX 12 12 0 -1
BITMAP
0000
0500
0500
0500
1D00
0500
0500
0500
1D00
0500
0500
0500
ENDCHAR
STARTCHAR u3157
ENCODING 12631
SWIDTH 1000 0
DWIDTH 12 0
BBX 12 12 0 -1
BITMAP
0000
0000
0000
0000
0400
0400
0400
0400
FFE0
0000
0000
0000
ENDCHAR
STARTCHAR u3158
ENCODING 12632
SWIDTH 1000 0
DWIDTH 12 0
BBX 12 12 0 -1
BITMAP
0000
0080
0080
0080
1080
1080
10E0
1080
FE80
0080
0080
0080
ENDCHAR
STARTCHAR u3159
ENCODING 12633
SWIDTH 1000 0
DWIDTH 12 0
BBX 12 12 0 -1
BITMAP
0000
00A0
00A0
00A0
10A0
10A0
10E0
10A0
FEA0
00A0
00A0
00A0
ENDCHAR
STARTCHAR u315A
ENCODING 12634
SWIDTH 1000 0
DWIDTH 12 0
BBX 12 12 0 -1
BITMAP
0000
0040
0040
0040
1040
1040
1040
1040
FF40
0040
0040
0040
ENDCHAR
STARTCHAR u315B
ENCODING 12635
SWIDTH 1000 0
DWIDTH 12 0
BBX 12 12 0 -1
BITMAP
0000
0000
0000
0000
1100
1100
1100
1100
FFE0
0000
0000
0000
ENDCHAR
STARTCHAR u315C
ENCODING 12636
SWIDTH 1000 0
DWIDTH 12 0
BBX 12 12 0 -1
BITMAP
0000
0000
0000
0000
0000
0000
FFE0
0400
0400
0400
0400
0400
ENDCHAR
STARTCHAR u315D
ENCODING 12637
SWIDTH 1000 0
DWIDTH 12 0
BBX 12 12 0 -1
BITMAP
0000
0040
0040
0040
0040
0040
FF40
1040
13C0
1040
1040
1040
ENDCHAR
STARTCHAR u315E
ENCODING 12638
SWIDTH 1000 0
DWIDTH 12 0
BBX 12 12 0 -1
BITMAP
0000
00A0
00A0
00A0
00A0
00A0
FEA0
10A0
13A0
10A0
10A0
10A0
ENDCHAR
STARTCHAR u315F
ENCODING 12639
SWIDTH 1000 0
DWIDTH 12 0
BBX 12 12 0 -1
BITMAP
0000
0040
0040
0040
0040
0040
FF40
1040
1040
1040
1040
1040
ENDCHAR
STARTCHAR u3160
ENCODING 12640
SWIDTH 1000 0
DWIDTH 12 0
BBX 12 12 0 -1
BITMAP
0000
0000
0000
0000
0000
0000
FFE0
1100
1100
1100
1100
1100
ENDCHAR
STARTCHAR u3161
ENCODING 12641
SWIDTH 1000 0
DWIDTH 12 0
BBX 12 12 0 -1
BITMAP
0000
0000
0000
0000
0000
0000
FFE0
0000
0000
0000
0000
0000
ENDCHAR
STARTCHAR u3162
ENCODING 12642
SWIDTH 1000 0
DWIDTH 12 0
BBX 12 12 0 -1
BITMAP
0000
0040
0040
0040
0040
0040
0040
0040
FF40
0040
0040
0040
ENDCHAR
STARTCHAR u3163
ENCODING 12643
SWIDTH 1000 0
DWIDTH 12 0
BBX 12 12 0 -1
BITMAP
0000
0400
0400
0400
0400
0400
0400
0400
0400
0400
0400
0400
ENDCHAR
STARTCHAR u3164
ENCODING 12644
SWIDTH 1000 0
DWIDTH 12 0
BBX 12 12 0 -1
BITMAP
0000
0000
0000
0000
0000
0000
0000
0000
0000
0000
0000
0000
ENDCHAR
STARTCHAR u3165
ENCODING 12645
SWIDTH 1000 0
DWIDTH 12 0
BBX 12 12 0 -1
BITMAP
0000
0000
8200
8200
8200
8200
8200
8200
8200
79E0
0000
0000
ENDCHAR
STARTCHAR u3166
ENCODING 12646
SWIDTH 1000 0
DWIDTH 12 0
BBX 12 12 0 -1
BITMAP
0000
0000
81E0
8200
8200
8200
8200
8200
8200
79E0
0000
0000
ENDCHAR
STARTCHAR u3167
ENCODING 12647
SWIDTH 1000 0
DWIDTH 12 0
BBX 12 12 0 -1
BITMAP
0000
0000
8080
8080
8080
8080
8080
8140
8140
7A20
0000
0000
ENDCHAR
STARTCHAR u3168
ENCODING 12648
SWIDTH 1000 0
DWIDTH 12 0
BBX 12 12 0 -1
BITMAP
0000
0000
8080
8080
8140
8140
8140
8220
8220
7BE0
0000
0000
ENDCHAR
STARTCHAR u3169
ENCODING 12649
SWIDTH 1000 0
DWIDTH 12 0
BBX 12 12 0 -1
BITMAP
0000
0000
CC40
2240
2240
E240
8240
82A0
82A0
62A0
0000
0000
ENDCHAR
STARTCHAR u316A
ENCODING 12650
SWIDTH 1000 0
DWIDTH 12 0
BBX 12 12 0 -1
BITMAP
0000
0000
F1E0
0A00
0A00
7200
8200
8200
8200
79E0
0000
0000
ENDCHAR
STARTCHAR u316B
ENCODING 12651
SWIDTH 1000 0
DWIDTH 12 0
BBX 12 12 0 -1
BITMAP
0000
0000
CA40
2A40
2A40
EE40
8A40
8AA0
8AA0
6EA0
0000
0000
ENDCHAR
STARTCHAR u316C
ENCODING 12652
SWIDTH 1000 0
DWIDTH 12 0
BBX 12 12 0 -1
BITMAP
0000
0000
F080
0880
0940
7140
8140
8220
8220
7BE0
0000
0000
ENDCHAR
STARTCHAR u316D
ENCODING 12653
SWIDTH 1000 0
DWIDTH 12 0
BBX 12 12 0 -1
BITMAP
0000
0000
F3E0
0800
09C0
7220
8220
8220
8220
79C0
0000
0000
ENDCHAR
STARTCHAR u316E
ENCODING 12654
SWIDTH 1000 0
DWIDTH 12 0
BBX 12 12 0 -1
BITMAP
0000
0000
7220
8A20
8A20
8BE0
8A20
8A20
8A20
71C0
0000
0000
ENDCHAR
STARTCHAR u316F
ENCODING 12655
SWIDTH 1000 0
DWIDTH 12 0
BBX 12 12 0 -1
BITMAP
0000
0000
7080
8880
8880
8880
8880
8940
8940
7220
0000
0000
ENDCHAR
STARTCHAR u3170
ENCODING 12656
SWIDTH 1000 0
DWIDTH 12 0
BBX 12 12 0 -1
BITMAP
0000
0000
7080
8880
8940
8940
8940
8A20
8A20
73E0
0000
0000
ENDCHAR
STARTCHAR u3171
ENCODING 12657
SWIDTH 1000 0
DWIDTH 12 0
BBX 12 12 0 -1
BITMAP
0000
3F80
4040
4040
3F80
0000
0E00
1100
2080
2080
1100
0E00
ENDCHAR
STARTCHAR u3172
ENCODING 12658
SWIDTH 1000 0
DWIDTH 12 0
BBX 12 12 0 -1
BITMAP
0000
0000
8BC0
8820
8820
F820
8820
8820
8820
7020
0000
0000
ENDCHAR
STARTCHAR u3173
ENCODING 12659
SWIDTH 1000 0
DWIDTH 12 0
BBX 12 12 0 -1
BITMAP
0000
0000
89E0
8A00
8A00
FA00
8A00
8A00
8A00
71E0
0000
0000
ENDCHAR
STARTCHAR u3174
ENCODING 12660
SWIDTH 1000 0
DWIDTH 12 0
BBX 12 12 0 -1
BITMAP
0000
0000
A4C0
A420
A420
E420
A420
AA20
AA20
EA20
0000
0000
ENDCHAR
STARTCHAR u3175
ENCODING 12661
SWIDTH 1000 0
DWIDTH 12 0
BBX 12 12 0 -1
BITMAP
0000
0000
A460
A480
A480
E480
A480
AA80
AA80
EA60
0000
0000
ENDCHAR
STARTCHAR u3176
ENCODING 12662
SWIDTH 1000 0
DWIDTH 12 0
BBX 12 12 0 -1
BITMAP
0000
0000
8BE0
8880
8880
F880
8880
8940
8940
7220
0000
0000
ENDCHAR
STARTCHAR u3177
ENCODING 12663
SWIDTH 1000 0
DWIDTH 12 0
BBX 12 12 0 -1
BITMAP
0000
0000
89E0
8A00
8A00
FBE0
8A00
8A00
8A00
71E0
0000
0000
ENDCHAR
STARTCHAR u3178
ENCODING 12664
SWIDTH 1000 0
DWIDTH 12 0
BBX 12 12 0 -1
BITMAP
0000
4040
7FC0
4040
3F80
0000
0E00
1100
2080
2080
1100
0E00
ENDCHAR
STARTCHAR u3179
ENCODING 12665
SWIDTH 1000 0
DWIDTH 12 0
BBX 12 12 0 -1
BITMAP
0000
4A40
7BC0
4A40
3180
0000
0E00
1100
2080
2080
1100
0E00
ENDCHAR
STARTCHAR u317A
ENCODING 12666
SWIDTH 1000 0
DWIDTH 12 0
BBX 12 12 0 -1
BITMAP
0000
0000
23C0
2020
2020
2020
2020
5020
5020
8820
0000
0000
ENDCHAR
STARTCHAR u317B
ENCODING 12667
SWIDTH 1000 0
DWIDTH 12 0
BBX 12 12 0 -1
BITMAP
0000
0000
2200
2200
2200
2200
2200
5200
5200
89E0
0000
0000
ENDCHAR
STARTCHAR u317C
ENCODING 12668
SWIDTH 1000 0
DWIDTH 12 0
BBX 12 12 0 -1
BITMAP
0000
0000
21E0
2200
2200
2200
2200
5200
5200
89E0
0000
0000
ENDCHAR
STARTCHAR u317D
ENCODING 12669
SWIDTH 1000 0
DWIDTH 12 0
BBX 12 12 0 -1
BITMAP
0000
0000
2220
2220
2220
23E0
2220
5220
5220
89C0
0000
0000
ENDCHAR
STARTCHAR u317E
ENCODING 12670
SWIDTH 1000 0
DWIDTH 12 0
BBX 12 12 0 -1
BITMAP
0000
0000
23E0
2080
2080
2080
2080
5140
5140
8A20
0000
0000
ENDCHAR
STARTCHAR u317F
ENCODING 12671
SWIDTH 1000 0
DWIDTH 12 0
BBX 12 12 0 -1
BITMAP
0000
0000
0400
0400
0A00
0A00
1100
1100
2080
3F80
0000
0000
ENDCHAR
STARTCHAR u3180
ENCODING 12672
SWIDTH 1000 0
DWIDTH 12 0
BBX 12 12 0 -1
BITMAP
0000
0000
71C0
8A20
8A20
8A20
8A20
8A20
8A20
71C0
0000
0000
ENDCHAR
STARTCHAR u3181
ENCODING 12673
SWIDTH 1000 0
DWIDTH 12 0
BBX 12 12 0 -1
BITMAP
0000
0000
0400
0400
0E00
1100
2080
2080
1100
0E00
0000
0000
ENDCHAR
STARTCHAR u3182
ENCODING 12674
SWIDTH 1000 0
DWIDTH 12 0
BBX 12 12 0 -1
BITMAP
0000
0000
2080
2080
7080
8880
8880
8940
8940
7220
0000
0000
ENDCHAR
STARTCHAR u3183
ENCODING 12675
SWIDTH 1000 0
DWIDTH 12 0
BBX 12 12 0 -1
BITMAP
0000
0000
2080
2080
7140
8940
8940
8A20
8A20
73E0
0000
0000
ENDCHAR
STARTCHAR u3184
ENCODING 12676
SWIDTH 1000 0
DWIDTH 12 0
BBX 12 12 0 -1
BITMAP
0000
7FC0
1100
1100
7FC0
0000
0E00
1100
2080
2080
1100
0E00
ENDCHAR
STARTCHAR u3185
ENCODING 12677
SWIDTH 1000 0
DWIDTH 12 0
BBX 12 12 0 -1
BITMAP
0000
0000
2080
FBE0
0000
71C0
8A20
8A20
8A20
71C0
0000
0000
ENDCHAR
STARTCHAR u3186
ENCODING 12678
SWIDTH 1000 0
DWIDTH 12 0
BBX 12 12 0 -1
BITMAP
0000
0000
7FC0
0000
0E00
1100
2080
2080
1100
0E00
0000
0000
ENDCHAR
STARTCHAR u3187
ENCODING 12679
SWIDTH 1000 0
DWIDTH 12 0
BBX 12 12 0 -1
BITMAP
0000
0080
0080
0080
28E0
2880
2880
2880
FEE0
0080
0080
0080
ENDCHAR
STARTCHAR u3188
ENCODING 12680
SWIDTH 1000 0
DWIDTH 12 0
BBX 12 12 0 -1
BITMAP
0000
00A0
00A0
00A0
28E0
28A0
28A0
28A0
FEE0
00A0
00A0
00A0
ENDCHAR
STARTCHAR u3189
ENCODING 12681
SWIDTH 1000 0
DWIDTH 12 0
BBX 12 12 0 -1
BITMAP
0000
0040
0040
0040
2440
2440
2440
2440
FF40
0040
0040
0040
ENDCHAR
STARTCHAR u318A
ENCODING 12682
SWIDTH 1000 0
DWIDTH 12 0
BBX 12 12 0 -1
BITMAP
0000
0040
0040
0040
0040
FE40
2840
2BC0
2840
2BC0
2840
2840
ENDCHAR
STARTCHAR u318B
ENCODING 12683
SWIDTH 1000 0
DWIDTH 12 0
BBX 12 12 0 -1
BITMAP
0000
00A0
00A0
00A0
00A0
FEA0
28A0
2BA0
28A0
2BA0
28A0
28A0
ENDCHAR
STARTCHAR u318C
ENCODING 12684
SWIDTH 1000 0
DWIDTH 12 0
BBX 12 12 0 -1
BITMAP
0000
0040
0040
0040
0040
0040
FF40
2440
2440
2440
2440
2440
ENDCHAR
STARTCHAR u318D
ENCODING 12685
SWIDTH 1000 0
DWIDTH 12 0
BBX 12 12 0 -1
BITMAP
0000
0000
0000
0000
0000
0600
0600
0000
0000
0000
0000
0000
ENDCHAR
STARTCHAR u318E
ENCODING 12686
SWIDTH 1000 0
DWIDTH 12 0
BBX 12 12 0 -1
BITMAP
0000
0100
0100
0100
0100
0D00
0D00
0100
0100
0100
0100
0100
ENDCHAR
STARTCHAR u3220
ENCODING 12832
SWIDTH 1000 0
DWIDTH 12 0
BBX 12 12 0 -1
BITMAP
0000
2080
4040
4040
8020
8020
BFA0
8020
8020
4040
4040
2080
ENDCHAR
STARTCHAR u3221
ENCODING 12833
SWIDTH 1000 0
DWIDTH 12 0
BBX 12 12 0 -1
BITMAP
0000
2080
4040
4040
9F20
8020
8020
8020
BFA0
4040
4040
2080
ENDCHAR
STARTCHAR u3222
ENCODING 12834
SWIDTH 1000 0
DWIDTH 12 0
BBX 12 12 0 -1
BITMAP
0000
2080
4040
5F40
8020
8020
9F20
8020
8020
7FC0
4040
2080
ENDCHAR
STARTCHAR u3223
ENCODING 12835
SWIDTH 1000 0
DWIDTH 12 0
BBX 12 12 0 -1
BITMAP
0000
2080
4040
5F40
AAA0
AAA0
AAA0
B3A0
A0A0
5F40
4040
2080
ENDCHAR
STARTCHAR u3224
ENCODING 12836
SWIDTH 1000 0
DWIDTH 12 0
BBX 12 12 0 -1
BITMAP
0000
2080
4040
7F40
8820
8820
BE20
9120
9120
7FC0
4040
2080
ENDCHAR
STARTCHAR u3225
ENCODING 12837
SWIDTH 1000 0
DWIDTH 12 0
BBX 12 12 0 -1
BITMAP
0000
2080
4040
4840
8420
BFA0
8020
8A20
9120
60C0
4040
2080
ENDCHAR
STARTCHAR u3226-ZH_HK
ENCODING 12838
SWIDTH 1000 0
DWIDTH 12 0
BBX 12 12 0 -1
BITMAP
0000
2080
4040
4840
8820
8F20
B820
8820
8820
4740
4040
2080
ENDCHAR
STARTCHAR u3227-ZH_TW
ENCODING 12839
SWIDTH 1000 0
DWIDTH 12 0
BBX 12 12 0 -1
BITMAP
0000
2080
4040
5E40
8220
9220
9120
9120
A0A0
60C0
4040
2080
ENDCHAR
STARTCHAR u3228
ENCODING 12840
SWIDTH 1000 0
DWIDTH 12 0
BBX 12 12 0 -1
BITMAP
0000
2080
4040
4840
8820
BC20
8A20
8AA0
92A0
6140
4040
2080
ENDCHAR
STARTCHAR u3229
ENCODING 12841
SWIDTH 1000 0
DWIDTH 12 0
BBX 12 12 0 -1
BITMAP
0000
2080
4040
4440
8420
8420
BFA0
8420
8420
4440
4040
2080
ENDCHAR
STARTCHAR u322A
ENCODING 12842
SWIDTH 1000 0
DWIDTH 12 0
BBX 12 12 0 -1
BITMAP
0000
2080
4040
4E40
9120
9F20
9120
9F20
9120
6340
4040
2080
ENDCHAR
STARTCHAR u322B-ZH_HK
ENCODING 12843
SWIDTH 1000 0
DWIDTH 12 0
BBX 12 12 0 -1
BITMAP
0000
2080
4040
4440
A4A0
94A0
9520
8A20
9120
60C0
4040
2080
ENDCHAR
STARTCHAR u322C
ENCODING 12844
SWIDTH 1000 0
DWIDTH 12 0
BBX 12 12 0 -1
BITMAP
0000
2080
4040
4440
84A0
BD20
8E20
9520
A4A0
4C40
4040
2080
ENDCHAR
STARTCHAR u322D
ENCODING 12845
SWIDTH 1000 0
DWIDTH 12 0
BBX 12 12 0 -1
BITMAP
0000
2080
4040
4440
8420
BFA0
8E20
9520
A4A0
4440
4040
2080
ENDCHAR
STARTCHAR u322E
ENCODING 12846
SWIDTH 1000 0
DWIDTH 12 0
BBX 12 12 0 -1
BITMAP
0000
2080
4440
4A40
9120
AEA0
8420
9F20
9520
7FC0
4040
2080
ENDCHAR
STARTCHAR u322F
ENCODING 12847
SWIDTH 1000 0
DWIDTH 12 0
BBX 12 12 0 -1
BITMAP
0000
2080
4040
4440
8420
9F20
8420
8420
BFA0
4040
4040
2080
ENDCHAR
STARTCHAR u3230
ENCODING 12848
SWIDTH 1000 0
DWIDTH 12 0
BBX 12 12 0 -1
BITMAP
0000
2080
4040
4E40
9120
9120
9F20
9120
9120
4E40
4040
2080
ENDCHAR
STARTCHAR u3248
ENCODING 12872
SWIDTH 1000 0
DWIDTH 12 0
BBX 12 12 0 -1
BITMAP
0000
FFE0
E0E0
D360
B4A0
94A0
94A0
94A0
94A0
D360
E0E0
FFE0
ENDCHAR
STARTCHAR u3249
ENCODING 12873
SWIDTH 1000 0
DWIDTH 12 0
BBX 12 12 0 -1
BITMAP
0000
FFE0
E0E0
D160
AAA0
8AA0
8AA0
92A0
A2A0
F960
E0E0
FFE0
ENDCHAR
STARTCHAR u324A
ENCODING 12874
SWIDTH 1000 0
DWIDTH 12 0
BBX 12 12 0 -1
BITMAP
0000
FFE0
E0E0
D160
AAA0
8AA0
92A0
8AA0
AAA0
D160
E0E0
FFE0
ENDCHAR
STARTCHAR u324B
ENCODING 12875
SWIDTH 1000 0
DWIDTH 12 0
BBX 12 12 0 -1
BITMAP
0000
FFE0
E0E0
C960
9AA0
9AA0
AAA0
AAA0
BAA0
C960
E0E0
FFE0
ENDCHAR
STARTCHAR u324C
ENCODING 12876
SWIDTH 1000 0
DWIDTH 12 0
BBX 12 12 0 -1
BITMAP
0000
FFE0
E0E0
F960
A2A0
A2A0
B2A0
8AA0
8AA0
F160
E0E0
FFE0
ENDCHAR
STARTCHAR u324D
ENCODING 12877
SWIDTH 1000 0
DWIDTH 12 0
BBX 12 12 0 -1
BITMAP
0000
FFE0
E0E0
D160
AAA0
A2A0
B2A0
AAA0
AAA0
D160
E0E0
FFE0
ENDCHAR
STARTCHAR u324E
ENCODING 12878
SWIDTH 1000 0
DWIDTH 12 0
BBX 12 12 0 -1
BITMAP
0000
FFE0
E0E0
F160
8AA0
8AA0
92A0
92A0
92A0
D160
E0E0
FFE0
ENDCHAR
STARTCHAR u324F
ENCODING 12879
SWIDTH 1000 0
DWIDTH 12 0
BBX 12 12 0 -1
BITMAP
0000
FFE0
E0E0
D160
AAA0
AAA0
92A0
AAA0
AAA0
D160
E0E0
FFE0
ENDCHAR
STARTCHAR u3251
ENCODING 12881
SWIDTH 1000 0
DWIDTH 12 0
BBX 12 12 0 -1
BITMAP
0000
0E00
3180
5140
6B40
8920
8920
9120
6140
7940
3180
0E00
ENDCHAR
STARTCHAR u3252
ENCODING 12882
SWIDTH 1000 0
DWIDTH 12 0
BBX 12 12 0 -1
BITMAP
0000
0E00
3180
5140
6AC0
88A0
88A0
9120
6240
7BC0
3180
0E00
ENDCHAR
STARTCHAR u3253
ENCODING 12883
SWIDTH 1000 0
DWIDTH 12 0
BBX 12 12 0 -1
BITMAP
0000
0E00
3180
5140
6AC0
88A0
8920
90A0
62C0
7940
3180
0E00
ENDCHAR
STARTCHAR u3254
ENCODING 12884
SWIDTH 1000 0
DWIDTH 12 0
BBX 12 12 0 -1
BITMAP
0000
0E00
3180
50C0
69C0
89A0
8AA0
92A0
63C0
78C0
3180
0E00
ENDCHAR
STARTCHAR u3255
ENCODING 12885
SWIDTH 1000 0
DWIDTH 12 0
BBX 12 12 0 -1
BITMAP
0000
0E00
3180
53C0
6A40
8A20
8B20
90A0
60C0
7B40
3180
0E00
ENDCHAR
STARTCHAR u3256
ENCODING 12886
SWIDTH 1000 0
DWIDTH 12 0
BBX 12 12 0 -1
BITMAP
0000
0E00
3180
5140
6AC0
8A20
8B20
92A0
62C0
7940
3180
0E00
ENDCHAR
STARTCHAR u3257
ENCODING 12887
SWIDTH 1000 0
DWIDTH 12 0
BBX 12 12 0 -1
BITMAP
0000
0E00
3180
5340
68C0
88A0
8920
9120
6240
7A40
3180
0E00
ENDCHAR
STARTCHAR u3258
ENCODING 12888
SWIDTH 1000 0
DWIDTH 12 0
BBX 12 12 0 -1
BITMAP
0000
0E00
3180
5140
6AC0
8AA0
8920
92A0
62C0
7940
3180
0E00
ENDCHAR
STARTCHAR u3259
ENCODING 12889
SWIDTH 1000 0
DWIDTH 12 0
BBX 12 12 0 -1
BITMAP
0000
0E00
3180
5140
6AC0
8AA0
89A0
90A0
62C0
7940
3180
0E00
ENDCHAR
STARTCHAR u325A
ENCODING 12890
SWIDTH 1000 0
DWIDTH 12 0
BBX 12 12 0 -1
BITMAP
0000
0E00
3180
5140
6AC0
8AA0
92A0
8AA0
6AC0
5140
3180
0E00
ENDCHAR
STARTCHAR u325B
ENCODING 12891
SWIDTH 1000 0
DWIDTH 12 0
BBX 12 12 0 -1
BITMAP
0000
0E00
3180
5140
6B40
8920
9120
8920
6940
5140
3180
0E00
ENDCHAR
STARTCHAR u325C
ENCODING 12892
SWIDTH 1000 0
DWIDTH 12 0
BBX 12 12 0 -1
BITMAP
0000
0E00
3180
5140
6AC0
88A0
90A0
8920
6A40
53C0
3180
0E00
ENDCHAR
STARTCHAR u325D
ENCODING 12893
SWIDTH 1000 0
DWIDTH 12 0
BBX 12 12 0 -1
BITMAP
0000
0E00
3180
5140
6AC0
88A0
9120
88A0
6AC0
5140
3180
0E00
ENDCHAR
STARTCHAR u325E
ENCODING 12894
SWIDTH 1000 0
DWIDTH 12 0
BBX 12 12 0 -1
BITMAP
0000
0E00
3180
50C0
69C0
89A0
92A0
8AA0
6BC0
50C0
3180
0E00
ENDCHAR
STARTCHAR u325F
ENCODING 12895
SWIDTH 1000 0
DWIDTH 12 0
BBX 12 12 0 -1
BITMAP
0000
0E00
3180
53C0
6A40
8A20
9320
88A0
68C0
5340
3180
0E00
ENDCHAR
STARTCHAR u327F
ENCODING 12927
SWIDTH 1000 0
DWIDTH 12 0
BBX 12 12 0 -1
BITMAP
0000
1F00
2080
4040
8920
8A00
ECE0
0A20
8920
4040
2080
1F00
ENDCHAR
STARTCHAR u3280
ENCODING 12928
SWIDTH 1000 0
DWIDTH 12 0
BBX 12 12 0 -1
BITMAP
0000
0E00
3180
4040
4040
8020
BFA0
8020
4040
4040
3180
0E00
ENDCHAR
STARTCHAR u3281
ENCODING 12929
SWIDTH 1000 0
DWIDTH 12 0
BBX 12 12 0 -1
BITMAP
0000
0E00
3180
4040
5F40
8020
8020
8020
7FC0
4040
3180
0E00
ENDCHAR
STARTCHAR u3282
ENCODING 12930
SWIDTH 1000 0
DWIDTH 12 0
BBX 12 12 0 -1
BITMAP
0000
0E00
3180
5F40
4040
8020
9F20
8020
4040
7FC0
3180
0E00
ENDCHAR
STARTCHAR u3283
ENCODING 12931
SWIDTH 1000 0
DWIDTH 12 0
BBX 12 12 0 -1
BITMAP
0000
0E00
3180
5F40
6AC0
AAA0
AAA0
B3A0
60C0
5F40
3180
0E00
ENDCHAR
STARTCHAR u3284
ENCODING 12932
SWIDTH 1000 0
DWIDTH 12 0
BBX 12 12 0 -1
BITMAP
0000
0E00
3180
7F40
4840
8820
BE20
9120
5140
7FC0
3180
0E00
ENDCHAR
STARTCHAR u3285
ENCODING 12933
SWIDTH 1000 0
DWIDTH 12 0
BBX 12 12 0 -1
BITMAP
0000
0E00
3180
4840
4440
BFA0
8020
8A20
5140
60C0
3180
0E00
ENDCHAR
STARTCHAR u3286-ZH_HK
ENCODING 12934
SWIDTH 1000 0
DWIDTH 12 0
BBX 12 12 0 -1
BITMAP
0000
0E00
3180
4840
4840
8F20
B820
8820
4840
4740
3180
0E00
ENDCHAR
STARTCHAR u3287-ZH_TW
ENCODING 12935
SWIDTH 1000 0
DWIDTH 12 0
BBX 12 12 0 -1
BITMAP
0000
0E00
3180
5E40
4240
9220
9120
9120
60C0
60C0
3180
0E00
ENDCHAR
STARTCHAR u3288
ENCODING 12936
SWIDTH 1000 0
DWIDTH 12 0
BBX 12 12 0 -1
BITMAP
0000
0E00
3180
4840
4840
BC20
8A20
8AA0
52C0
6140
3180
0E00
ENDCHAR
STARTCHAR u3289
ENCODING 12937
SWIDTH 1000 0
DWIDTH 12 0
BBX 12 12 0 -1
BITMAP
0000
0E00
3180
4440
4440
8420
BFA0
8420
4440
4440
3180
0E00
ENDCHAR
STARTCHAR u328A
ENCODING 12938
SWIDTH 1000 0
DWIDTH 12 0
BBX 12 12 0 -1
BITMAP
0000
0E00
3180
4E40
5140
9F20
9120
9F20
5140
6340
3180
0E00
ENDCHAR
STARTCHAR u328B-ZH_HK
ENCODING 12939
SWIDTH 1000 0
DWIDTH 12 0
BBX 12 12 0 -1
BITMAP
0000
0E00
3180
4440
64C0
94A0
9520
8A20
5140
60C0
3180
0E00
ENDCHAR
STARTCHAR u328C
ENCODING 12940
SWIDTH 1000 0
DWIDTH 12 0
BBX 12 12 0 -1
BITMAP
0000
0E00
3180
4440
44C0
BD20
8E20
9520
64C0
4C40
3180
0E00
ENDCHAR
STARTCHAR u328D
ENCODING 12941
SWIDTH 1000 0
DWIDTH 12 0
BBX 12 12 0 -1
BITMAP
0000
0E00
3180
4440
4440
BFA0
8E20
9520
64C0
4440
3180
0E00
ENDCHAR
STARTCHAR u328E
ENCODING 12942
SWIDTH 1000 0
DWIDTH 12 0
BBX 12 12 0 -1
BITMAP
0000
0E00
3580
4A40
5140
AEA0
8420
9F20
5540
7FC0
3180
0E00
ENDCHAR
STARTCHAR u328F
ENCODING 12943
SWIDTH 1000 0
DWIDTH 12 0
BBX 12 12 0 -1
BITMAP
0000
0E00
3180
4440
4440
9F20
8420
8420
7FC0
4040
3180
0E00
ENDCHAR
STARTCHAR u3290
ENCODING 12944
SWIDTH 1000 0
DWIDTH 12 0
BBX 12 12 0 -1
BITMAP
0000
0E00
3180
4E40
5140
9120
9F20
9120
5140
4E40
3180
0E00
ENDCHAR
STARTCHAR u32A3
ENCODING 12963
SWIDTH 1000 0
DWIDTH 12 0
BBX 12 12 0 -1
BITMAP
0000
0E00
3180
7FC0
4440
9420
9720
9420
5440
7FC0
3180
0E00
ENDCHAR
STARTCHAR u32A4
ENCODING 12964
SWIDTH 1000 0
DWIDTH 12 0
BBX 12 12 0 -1
BITMAP
0000
0E00
3180
4440
4440
87A0
8420
8420
4440
7FC0
3180
0E00
ENDCHAR
STARTCHAR u32A5
ENCODING 12965
SWIDTH 1000 0
DWIDTH 12 0
BBX 12 12 0 -1
BITMAP
0000
0E00
3180
4440
5F40
A4A0
A4A0
9F20
4440
4440
3180
0E00
ENDCHAR
STARTCHAR u32A6
ENCODING 12966
SWIDTH 1000 0
DWIDTH 12 0
BBX 12 12 0 -1
BITMAP
0000
0E00
3180
7FC0
4440
8420
8620
8520
4440
4440
3180
0E00
ENDCHAR
STARTCHAR u32A7
ENCODING 12967
SWIDTH 1000 0
DWIDTH 12 0
BBX 12 12 0 -1
BITMAP
0000
0E00
3180
4840
7FC0
9020
9F20
A420
4440
5F40
3180
0E00
ENDCHAR
STARTCHAR u32A8
ENCODING 12968
SWIDTH 1000 0
DWIDTH 12 0
BBX 12 12 0 -1
BITMAP
0000
0E00
3180
4840
7FC0
9020
9E20
B120
5140
4E40
3180
0E00
ENDCHAR
STARTCHAR u32B1
ENCODING 12977
SWIDTH 1000 0
DWIDTH 12 0
BBX 12 12 0 -1
BITMAP
0000
0E00
3180
5140
6AC0
8A20
9320
8AA0
6AC0
5140
3180
0E00
ENDCHAR
STARTCHAR u32B2
ENCODING 12978
SWIDTH 1000 0
DWIDTH 12 0
BBX 12 12 0 -1
BITMAP
0000
0E00
3180
5340
68C0
88A0
9120
8920
6A40
5240
3180
0E00
ENDCHAR
STARTCHAR u32B3
ENCODING 12979
SWIDTH 1000 0
DWIDTH 12 0
BBX 12 12 0 -1
BITMAP
0000
0E00
3180
5140
6AC0
8AA0
9120
8AA0
6AC0
5140
3180
0E00
ENDCHAR
STARTCHAR u32B4
ENCODING 12980
SWIDTH 1000 0
DWIDTH 12 0
BBX 12 12 0 -1
BITMAP
0000
0E00
3180
5140
6AC0
8AA0
91A0
88A0
6AC0
5140
3180
0E00
ENDCHAR
STARTCHAR u32B5
ENCODING 12981
SWIDTH 1000 0
DWIDTH 12 0
BBX 12 12 0 -1
BITMAP
0000
0E00
3180
4940
5AC0
9AA0
AAA0
AAA0
7AC0
4940
3180
0E00
ENDCHAR
STARTCHAR u32B6
ENCODING 12982
SWIDTH 1000 0
DWIDTH 12 0
BBX 12 12 0 -1
BITMAP
0000
0E00
3180
4940
5B40
9920
A920
A920
7940
4940
3180
0E00
ENDCHAR
STARTCHAR u32B7
ENCODING 12983
SWIDTH 1000 0
DWIDTH 12 0
BBX 12 12 0 -1
BITMAP
0000
0E00
3180
4940
5AC0
98A0
A8A0
A920
7A40
4BC0
3180
0E00
ENDCHAR
STARTCHAR u32B8
ENCODING 12984
SWIDTH 1000 0
DWIDTH 12 0
BBX 12 12 0 -1
BITMAP
0000
0E00
3180
4940
5AC0
98A0
A920
A8A0
7AC0
4940
3180
0E00
ENDCHAR
STARTCHAR u32B9
ENCODING 12985
SWIDTH 1000 0
DWIDTH 12 0
BBX 12 12 0 -1
BITMAP
0000
0E00
3180
48C0
59C0
99A0
AAA0
AAA0
7BC0
48C0
3180
0E00
ENDCHAR
STARTCHAR u32BA
ENCODING 12986
SWIDTH 1000 0
DWIDTH 12 0
BBX 12 12 0 -1
BITMAP
0000
0E00
3180
4BC0
5A40
9A20
AB20
A8A0
78C0
4B40
3180
0E00
ENDCHAR
STARTCHAR u32BB
ENCODING 12987
SWIDTH 1000 0
DWIDTH 12 0
BBX 12 12 0 -1
BITMAP
0000
0E00
3180
4940
5AC0
9A20
AB20
AAA0
7AC0
4940
3180
0E00
ENDCHAR
STARTCHAR u32BC
ENCODING 12988
SWIDTH 1000 0
DWIDTH 12 0
BBX 12 12 0 -1
BITMAP
0000
0E00
3180
4B40
58C0
98A0
A920
A920
7A40
4A40
3180
0E00
ENDCHAR
STARTCHAR u32BD
ENCODING 12989
SWIDTH 1000 0
DWIDTH 12 0
BBX 12 12 0 -1
BITMAP
0000
0E00
3180
4940
5AC0
9AA0
A920
AAA0
7AC0
4940
3180
0E00
ENDCHAR
STARTCHAR u32BE
ENCODING 12990
SWIDTH 1000 0
DWIDTH 12 0
BBX 12 12 0 -1
BITMAP
0000
0E00
3180
4940
5AC0
9AA0
A9A0
A8A0
7AC0
4940
3180
0E00
ENDCHAR
STARTCHAR u32BF
ENCODING 12991
SWIDTH 1000 0
DWIDTH 12 0
BBX 12 12 0 -1
BITMAP
0000
0E00
3180
7940
62C0
A2A0
B2A0
8AA0
4AC0
7140
3180
0E00
ENDCHAR
STARTCHAR u32C0
ENCODING 12992
SWIDTH 1000 0
DWIDTH 12 0
BBX 12 12 0 -1
BITMAP
0000
0000
23E0
6220
23E0
2220
2220
23E0
2220
2220
7460
0000
ENDCHAR
STARTCHAR u32C1
ENCODING 12993
SWIDTH 1000 0
DWIDTH 12 0
BBX 12 12 0 -1
BITMAP
0000
0000
73E0
8A20
0BE0
0A20
1220
23E0
4220
8220
FA60
0000
ENDCHAR
STARTCHAR u32C2
ENCODING 12994
SWIDTH 1000 0
DWIDTH 12 0
BBX 12 12 0 -1
BITMAP
0000
0000
73E0
8A20
0BE0
0A20
3220
0BE0
0A20
8A20
7460
0000
ENDCHAR
STARTCHAR u32C3
ENCODING 12995
SWIDTH 1000 0
DWIDTH 12 0
BBX 12 12 0 -1
BITMAP
0000
0000
13E0
3220
33E0
5220
5220
93E0
FA20
1220
1460
0000
ENDCHAR
STARTCHAR u32C4
ENCODING 12996
SWIDTH 1000 0
DWIDTH 12 0
BBX 12 12 0 -1
BITMAP
0000
0000
FBE0
8220
83E0
8220
F220
0BE0
0A20
8A20
7460
0000
ENDCHAR
STARTCHAR u32C5
ENCODING 12997
SWIDTH 1000 0
DWIDTH 12 0
BBX 12 12 0 -1
BITMAP
0000
0000
73E0
8A20
83E0
8220
F220
8BE0
8A20
8A20
7460
0000
ENDCHAR
STARTCHAR u32C6
ENCODING 12998
SWIDTH 1000 0
DWIDTH 12 0
BBX 12 12 0 -1
BITMAP
0000
0000
F3E0
0A20
0BE0
1220
1220
23E0
2220
2220
2460
0000
ENDCHAR
STARTCHAR u32C7
ENCODING 12999
SWIDTH 1000 0
DWIDTH 12 0
BBX 12 12 0 -1
BITMAP
0000
0000
73E0
8A20
8BE0
8A20
7220
8BE0
8A20
8A20
7460
0000
ENDCHAR
STARTCHAR u32C8
ENCODING 13000
SWIDTH 1000 0
DWIDTH 12 0
BBX 12 12 0 -1
BITMAP
0000
0000
73E0
8A20
8BE0
8A20
7A20
0BE0
0A20
8A20
7460
0000
ENDCHAR
STARTCHAR u32C9
ENCODING 13001
SWIDTH 1000 0
DWIDTH 12 0
BBX 12 12 0 -1
BITMAP
0000
0000
49E0
D520
55E0
5520
5520
55E0
5520
5520
4A60
0000
ENDCHAR
STARTCHAR u32CA
ENCODING 13002
SWIDTH 1000 0
DWIDTH 12 0
BBX 12 12 0 -1
BITMAP
0000
0000
49E0
D920
49E0
4920
4920
49E0
4920
4920
4A60
0000
ENDCHAR
STARTCHAR u32CB
ENCODING 13003
SWIDTH 1000 0
DWIDTH 12 0
BBX 12 12 0 -1
BITMAP
0000
0000
49E0
D520
45E0
4520
4520
49E0
4920
5120
5D60
0000
ENDCHAR
STARTCHAR u32FF
ENCODING 13055
SWIDTH 1000 0
DWIDTH 12 0
BBX 12 12 0 -1
BITMAP
0000
2100
2600
52C0
8AA0
77A0
02A0
F6A0
5BA0
52A0
72C0
4200
ENDCHAR
STARTCHAR u3358
ENCODING 13144
SWIDTH 1000 0
DWIDTH 12 0
BBX 12 12 0 -1
BITMAP
0000
0000
7080
88E0
8880
9BE0
AA20
CBE0
8800
8AA0
72A0
0000
ENDCHAR
STARTCHAR u3359
ENCODING 13145
SWIDTH 1000 0
DWIDTH 12 0
BBX 12 12 0 -1
BITMAP
0000
0000
2080
60E0
2080
23E0
2220
23E0
2000
22A0
72A0
0000
ENDCHAR
STARTCHAR u335A
ENCODING 13146
SWIDTH 1000 0
DWIDTH 12 0
BBX 12 12 0 -1
BITMAP
0000
0000
7080
88E0
0880
0BE0
1220
23E0
4000
82A0
FAA0
0000
ENDCHAR
STARTCHAR u335B
ENCODING 13147
SWIDTH 1000 0
DWIDTH 12 0
BBX 12 12 0 -1
BITMAP
0000
0000
7080
88E0
0880
0BE0
3220
0BE0
0800
8AA0
72A0
0000
ENDCHAR
STARTCHAR u335C
ENCODING 13148
SWIDTH 1000 0
DWIDTH 12 0
BBX 12 12 0 -1
BITMAP
0000
0000
1080
30E0
3080
53E0
5220
93E0
F800
12A0
12A0
0000
ENDCHAR
STARTCHAR u335D
ENCODING 13149
SWIDTH 1000 0
DWIDTH 12 0
BBX 12 12 0 -1
BITMAP
0000
0000
F880
80E0
8080
83E0
F220
0BE0
0800
8AA0
72A0
0000
ENDCHAR
STARTCHAR u335E
ENCODING 13150
SWIDTH 1000 0
DWIDTH 12 0
BBX 12 12 0 -1
BITMAP
0000
0000
7080
88E0
8080
83E0
F220
8BE0
8800
8AA0
72A0
0000
ENDCHAR
STARTCHAR u335F
ENCODING 13151
SWIDTH 1000 0
DWIDTH 12 0
BBX 12 12 0 -1
BITMAP
0000
0000
F080
08E0
0880
13E0
1220
23E0
2000
22A0
22A0
0000
ENDCHAR
STARTCHAR u3360
ENCODING 13152
SWIDTH 1000 0
DWIDTH 12 0
BBX 12 12 0 -1
BITMAP
0000
0000
7080
88E0
8880
8BE0
7220
8BE0
8800
8AA0
72A0
0000
ENDCHAR
STARTCHAR u3361
ENCODING 13153
SWIDTH 1000 0
DWIDTH 12 0
BBX 12 12 0 -1
BITMAP
0000
0000
7080
88E0
8880
8BE0
7A20
0BE0
0800
8AA0
72A0
0000
ENDCHAR
STARTCHAR u3362
ENCODING 13154
SWIDTH 1000 0
DWIDTH 12 0
BBX 12 12 0 -1
BITMAP
0000
0000
4880
D4E0
5480
55E0
5520
55E0
5400
55A0
4AA0
0000
ENDCHAR
STARTCHAR u3363
ENCODING 13155
SWIDTH 1000 0
DWIDTH 12 0
BBX 12 12 0 -1
BITMAP
0000
0000
4880
D8E0
4880
49E0
4920
49E0
4800
49A0
4AA0
0000
ENDCHAR
STARTCHAR u3364
ENCODING 13156
SWIDTH 1000 0
DWIDTH 12 0
BBX 12 12 0 -1
BITMAP
0000
0000
4880
D4E0
4480
45E0
4520
49E0
4800
51A0
5EA0
0000
ENDCHAR
STARTCHAR u3365
ENCODING 13157
SWIDTH 1000 0
DWIDTH 12 0
BBX 12 12 0 -1
BITMAP
0000
0000
4880
D4E0
4480
45E0
4920
45E0
4400
55A0
4AA0
0000
ENDCHAR
STARTCHAR u3366
ENCODING 13158
SWIDTH 1000 0
DWIDTH 12 0
BBX 12 12 0 -1
BITMAP
0000
0000
4480
CCE0
4C80
55E0
5520
55E0
5C00
45A0
46A0
0000
ENDCHAR
STARTCHAR u3367
ENCODING 13159
SWIDTH 1000 0
DWIDTH 12 0
BBX 12 12 0 -1
BITMAP
0000
0000
5C80
D0E0
5080
51E0
5920
45E0
4400
45A0
5AA0
0000
ENDCHAR
STARTCHAR u3368
ENCODING 13160
SWIDTH 1000 0
DWIDTH 12 0
BBX 12 12 0 -1
BITMAP
0000
0000
4880
D4E0
5080
51E0
5920
55E0
5400
55A0
4AA0
0000
ENDCHAR
STARTCHAR u3369
ENCODING 13161
SWIDTH 1000 0
DWIDTH 12 0
BBX 12 12 0 -1
BITMAP
0000
0000
5880
C4E0
4480
45E0
4920
49E0
4800
49A0
4AA0
0000
ENDCHAR
STARTCHAR u336A
ENCODING 13162
SWIDTH 1000 0
DWIDTH 12 0
BBX 12 12 0 -1
BITMAP
0000
0000
4880
D4E0
5480
55E0
4920
55E0
5400
55A0
4AA0
0000
ENDCHAR
STARTCHAR u336B
ENCODING 13163
SWIDTH 1000 0
DWIDTH 12 0
BBX 12 12 0 -1
BITMAP
0000
0000
4880
D4E0
5480
55E0
4D20
45E0
4400
55A0
4AA0
0000
ENDCHAR
STARTCHAR u336C
ENCODING 13164
SWIDTH 1000 0
DWIDTH 12 0
BBX 12 12 0 -1
BITMAP
0000
0000
4440
AA60
2A40
2AE0
2AA0
4AE0
4A00
8AA0
E4A0
0000
ENDCHAR
STARTCHAR u336D
ENCODING 13165
SWIDTH 1000 0
DWIDTH 12 0
BBX 12 12 0 -1
BITMAP
0000
0000
4440
AC60
2440
24E0
24A0
44E0
4400
84A0
EEA0
0000
ENDCHAR
STARTCHAR u336E
ENCODING 13166
SWIDTH 1000 0
DWIDTH 12 0
BBX 12 12 0 -1
BITMAP
0000
0000
4440
AA60
2240
22E0
22A0
44E0
4400
88A0
EEA0
0000
ENDCHAR
STARTCHAR u336F
ENCODING 13167
SWIDTH 1000 0
DWIDTH 12 0
BBX 12 12 0 -1
BITMAP
0000
0000
4440
AA60
2240
22E0
24A0
42E0
4200
8AA0
E4A0
0000
ENDCHAR
STARTCHAR u3370
ENCODING 13168
SWIDTH 1000 0
DWIDTH 12 0
BBX 12 12 0 -1
BITMAP
0000
0000
4240
A660
2640
2AE0
2AA0
4AE0
4E00
82A0
E2A0
0000
ENDCHAR
STARTCHAR u337B
ENCODING 13179
SWIDTH 1000 0
DWIDTH 12 0
BBX 12 12 0 -1
BITMAP
0000
F8A0
2080
A9E0
AA80
AAA0
23A0
FAA0
22A0
22C0
2560
24A0
ENDCHAR
STARTCHAR u337C
ENCODING 13180
SWIDTH 1000 0
DWIDTH 12 0
BBX 12 12 0 -1
BITMAP
0000
3900
6E00
AAC0
AAA0
BFA0
E2A0
BAA0
ABA0
AEA0
6AC0
3A00
ENDCHAR
STARTCHAR u337D
ENCODING 13181
SWIDTH 1000 0
DWIDTH 12 0
BBX 12 12 0 -1
BITMAP
0000
27E0
2080
2080
F880
2280
22E0
5280
5280
5280
8A80
8FE0
ENDCHAR
STARTCHAR u337E
ENCODING 13182
SWIDTH 1000 0
DWIDTH 12 0
BBX 12 12 0 -1
BITMAP
0000
3880
6C80
AA80
B920
EDE0
AA00
B8C0
6920
2B20
2D20
48C0
ENDCHAR
STARTCHAR u33E0
ENCODING 13280
SWIDTH 1000 0
DWIDTH 12 0
BBX 12 12 0 -1
BITMAP
0000
0000
23E0
6220
2220
2220
23E0
2220
2220
2220
73E0
0000
ENDCHAR
STARTCHAR u33E1
ENCODING 13281
SWIDTH 1000 0
DWIDTH 12 0
BBX 12 12 0 -1
BITMAP
0000
0000
73E0
8A20
0A20
0A20
13E0
2220
4220
8220
FBE0
0000
ENDCHAR
STARTCHAR u33E2
ENCODING 13282
SWIDTH 1000 0
DWIDTH 12 0
BBX 12 12 0 -1
BITMAP
0000
0000
73E0
8A20
0A20
0A20
33E0
0A20
0A20
8A20
73E0
0000
ENDCHAR
STARTCHAR u33E3
ENCODING 13283
SWIDTH 1000 0
DWIDTH 12 0
BBX 12 12 0 -1
BITMAP
0000
0000
13E0
3220
3220
5220
53E0
9220
FA20
1220
13E0
0000
ENDCHAR
STARTCHAR u33E4
ENCODING 13284
SWIDTH 1000 0
DWIDTH 12 0
BBX 12 12 0 -1
BITMAP
0000
0000
FBE0
8220
8220
8220
F3E0
0A20
0A20
8A20
73E0
0000
ENDCHAR
STARTCHAR u33E5
ENCODING 13285
SWIDTH 1000 0
DWIDTH 12 0
BBX 12 12 0 -1
BITMAP
0000
0000
73E0
8A20
8220
8220
F3E0
8A20
8A20
8A20
73E0
0000
ENDCHAR
STARTCHAR u33E6
ENCODING 13286
SWIDTH 1000 0
DWIDTH 12 0
BBX 12 12 0 -1
BITMAP
0000
0000
F3E0
0A20
0A20
1220
13E0
2220
2220
2220
23E0
0000
ENDCHAR
STARTCHAR u33E7
ENCODING 13287
SWIDTH 1000 0
DWIDTH 12 0
BBX 12 12 0 -1
BITMAP
0000
0000
73E0
8A20
8A20
8A20
73E0
8A20
8A20
8A20
73E0
0000
ENDCHAR
STARTCHAR u33E8
ENCODING 13288
SWIDTH 1000 0
DWIDTH 12 0
BBX 12 12 0 -1
BITMAP
0000
0000
73E0
8A20
8A20
8A20
7BE0
0A20
0A20
8A20
73E0
0000
ENDCHAR
STARTCHAR u33E9
ENCODING 13289
SWIDTH 1000 0
DWIDTH 12 0
BBX 12 12 0 -1
BITMAP
0000
0000
49E0
D520
5520
5520
55E0
5520
5520
5520
49E0
0000
ENDCHAR
STARTCHAR u33EA
ENCODING 13290
SWIDTH 1000 0
DWIDTH 12 0
BBX 12 12 0 -1
BITMAP
0000
0000
49E0
D920
4920
4920
49E0
4920
4920
4920
49E0
0000
ENDCHAR
STARTCHAR u33EB
ENCODING 13291
SWIDTH 1000 0
DWIDTH 12 0
BBX 12 12 0 -1
BITMAP
0000
0000
49E0
D520
4520
4520
45E0
4920
4920
5120
5DE0
0000
ENDCHAR
STARTCHAR u33EC
ENCODING 13292
SWIDTH 1000 0
DWIDTH 12 0
BBX 12 12 0 -1
BITMAP
0000
0000
49E0
D520
4520
4520
49E0
4520
4520
5520
49E0
0000
ENDCHAR
STARTCHAR u33ED
ENCODING 13293
SWIDTH 1000 0
DWIDTH 12 0
BBX 12 12 0 -1
BITMAP
0000
0000
45E0
CD20
4D20
5520
55E0
5520
5D20
4520
45E0
0000
ENDCHAR
STARTCHAR u33EE
ENCODING 13294
SWIDTH 1000 0
DWIDTH 12 0
BBX 12 12 0 -1
BITMAP
0000
0000
5DE0
D120
5120
5120
59E0
4520
4520
4520
59E0
0000
ENDCHAR
STARTCHAR u33EF
ENCODING 13295
SWIDTH 1000 0
DWIDTH 12 0
BBX 12 12 0 -1
BITMAP
0000
0000
49E0
D520
5120
5120
59E0
5520
5520
5520
49E0
0000
ENDCHAR
STARTCHAR u33F0
ENCODING 13296
SWIDTH 1000 0
DWIDTH 12 0
BBX 12 12 0 -1
BITMAP
0000
0000
59E0
C520
4520
4520
49E0
4920
4920
4920
49E0
0000
ENDCHAR
STARTCHAR u33F1
ENCODING 13297
SWIDTH 1000 0
DWIDTH 12 0
BBX 12 12 0 -1
BITMAP
0000
0000
49E0
D520
5520
5520
49E0
5520
5520
5520
49E0
0000
ENDCHAR
STARTCHAR u33F2
ENCODING 13298
SWIDTH 1000 0
DWIDTH 12 0
BBX 12 12 0 -1
BITMAP
0000
0000
49E0
D520
5520
5520
4DE0
4520
4520
5520
49E0
0000
ENDCHAR
STARTCHAR u33F3
ENCODING 13299
SWIDTH 1000 0
DWIDTH 12 0
BBX 12 12 0 -1
BITMAP
0000
0000
44E0
AAA0
2AA0
2AA0
2AE0
4AA0
4AA0
8AA0
E4E0
0000
ENDCHAR
STARTCHAR u33F4
ENCODING 13300
SWIDTH 1000 0
DWIDTH 12 0
BBX 12 12 0 -1
BITMAP
0000
0000
44E0
ACA0
24A0
24A0
24E0
44A0
44A0
84A0
EEE0
0000
ENDCHAR
STARTCHAR u33F5
ENCODING 13301
SWIDTH 1000 0
DWIDTH 12 0
BBX 12 12 0 -1
BITMAP
0000
0000
44E0
AAA0
22A0
22A0
22E0
44A0
44A0
88A0
EEE0
0000
ENDCHAR
STARTCHAR u33F6
ENCODING 13302
SWIDTH 1000 0
DWIDTH 12 0
BBX 12 12 0 -1
BITMAP
0000
0000
44E0
AAA0
22A0
22A0
24E0
42A0
42A0
8AA0
E4E0
0000
ENDCHAR
STARTCHAR u33F7
ENCODING 13303
SWIDTH 1000 0
DWIDTH 12 0
BBX 12 12 0 -1
BITMAP
0000
0000
42E0
A6A0
26A0
2AA0
2AE0
4AA0
4EA0
82A0
E2E0
0000
ENDCHAR
STARTCHAR u33F8
ENCODING 13304
SWIDTH 1000 0
DWIDTH 12 0
BBX 12 12 0 -1
BITMAP
0000
0000
4EE0
A8A0
28A0
28A0
2CE0
42A0
42A0
82A0
ECE0
0000
ENDCHAR
STARTCHAR u33F9
ENCODING 13305
SWIDTH 1000 0
DWIDTH 12 0
BBX 12 12 0 -1
BITMAP
0000
0000
44E0
AAA0
28A0
28A0
2CE0
4AA0
4AA0
8AA0
E4E0
0000
ENDCHAR
STARTCHAR u33FA
ENCODING 13306
SWIDTH 1000 0
DWIDTH 12 0
BBX 12 12 0 -1
BITMAP
0000
0000
4CE0
A2A0
22A0
22A0
24E0
44A0
44A0
84A0
E4E0
0000
ENDCHAR
STARTCHAR u33FB
ENCODING 13307
SWIDTH 1000 0
DWIDTH 12 0
BBX 12 12 0 -1
BITMAP
0000
0000
44E0
AAA0
2AA0
2AA0
24E0
4AA0
4AA0
8AA0
E4E0
0000
ENDCHAR
STARTCHAR u33FC
ENCODING 13308
SWIDTH 1000 0
DWIDTH 12 0
BBX 12 12 0 -1
BITMAP
0000
0000
44E0
AAA0
2AA0
2AA0
26E0
42A0
42A0
8AA0
E4E0
0000
ENDCHAR
STARTCHAR u33FD
ENCODING 13309
SWIDTH 1000 0
DWIDTH 12 0
BBX 12 12 0 -1
BITMAP
0000
0000
44E0
AAA0
2AA0
2AA0
4AE0
2AA0
2AA0
AAA0
44E0
0000
ENDCHAR
STARTCHAR u33FE
ENCODING 13310
SWIDTH 1000 0
DWIDTH 12 0
BBX 12 12 0 -1
BITMAP
0000
0000
44E0
ACA0
24A0
24A0
44E0
24A0
24A0
A4A0
4EE0
0000
ENDCHAR
STARTCHAR u34C1-ZH_HK
ENCODING 13505
SWIDTH 1000 0
DWIDTH 12 0
BBX 12 12 0 -1
BITMAP
0000
FFE0
8020
1100
2100
C0E0
0000
0000
0000
0000
0000
0000
ENDCHAR
STARTCHAR u353E
ENCODING 13630
SWIDTH 1000 0
DWIDTH 12 0
BBX 12 12 0 -1
BITMAP
0000
3F00
4080
4080
4080
4080
4700
4000
4000
4020
4020
3FC0
ENDCHAR
STARTCHAR u3E6E
ENCODING 15982
SWIDTH 1000 0
DWIDTH 12 0
BBX 12 12 0 -1
BITMAP
0000
AFE0
4100
4200
A7C0
2820
2820
6FE0
A820
2820
2820
C7C0
ENDCHAR
STARTCHAR u4E00
ENCODING 19968
SWIDTH 1000 0
DWIDTH 12 0
BBX 12 12 0 -1
BITMAP
0000
0000
0000
0000
0000
0000
FFE0
0000
0000
0000
0000
0000
ENDCHAR
STARTCHAR u4E01
ENCODING 19969
SWIDTH 1000 0
DWIDTH 12 0
BBX 12 12 0 -1
BITMAP
0000
FFE0
0400
0400
0400
0400
0400
0400
0400
0400
0400
1800
ENDCHAR
STARTCHAR u4E03-ZH_TW
ENCODING 19971
SWIDTH 1000 0
DWIDTH 12 0
BBX 12 12 0 -1
BITMAP
0000
0800
0800
0800
08E0
0F00
F800
0800
0800
0800
0800
07C0
ENDCHAR
STARTCHAR u4E09
ENCODING 19977
SWIDTH 1000 0
DWIDTH 12 0
BBX 12 12 0 -1
BITMAP
0000
7FC0
0000
0000
0000
0000
3F80
0000
0000
0000
0000
FFE0
ENDCHAR
STARTCHAR u4E0A
ENCODING 19978
SWIDTH 1000 0
DWIDTH 12 0
BBX 12 12 0 -1
BITMAP
0000
0400
0400
0400
0400
07C0
0400
0400
0400
0400
0400
FFE0
ENDCHAR
STARTCHAR u4E0B
ENCODING 19979
SWIDTH 1000 0
DWIDTH 12 0
BBX 12 12 0 -1
BITMAP
0000
FFE0
0400
0400
0400
0500
0480
0440
0400
0400
0400
0400
ENDCHAR
STARTCHAR u4E13
ENCODING 19987
SWIDTH 1000 0
DWIDTH 12 0
BBX 12 12 0 -1
BITMAP
0000
0400
7FC0
0800
0800
FFE0
1000
3F80
0040
1980
0600
0180
ENDCHAR
STARTCHAR u4E1A
ENCODING 19994
SWIDTH 1000 0
DWIDTH 12 0
BBX 12 12 0 -1
BITMAP
0000
1100
1100
1100
9120
9120
5140
5140
1100
1100
1100
FFE0
ENDCHAR
STARTCHAR u4E28
ENCODING 20008
SWIDTH 1000 0
DWIDTH 12 0
BBX 12 12 0 -1
BITMAP
0000
0400
0400
0400
0400
0400
0400
0400
0400
0400
0400
0400
ENDCHAR
STARTCHAR u4E2A
ENCODING 20010
SWIDTH 1000 0
DWIDTH 12 0
BBX 12 12 0 -1
BITMAP
0000
0400
0A00
1100
2080
C460
0400
0400
0400
0400
0400
0400
ENDCHAR
STARTCHAR u4E2C
ENCODING 20012
SWIDTH 1000 0
DWIDTH 12 0
BBX 12 12 0 -1
BITMAP
0000
0200
0200
1200
0A00
0200
0200
0600
0A00
1200
0200
0200
ENDCHAR
STARTCHAR u4E2D
ENCODING 20013
SWIDTH 1000 0
DWIDTH 12 0
BBX 12 12 0 -1
BITMAP
0000
0400
0400
7FC0
8420
8420
8420
7FC0
0400
0400
0400
0400
ENDCHAR
STARTCHAR u4E36
ENCODING 20022
SWIDTH 1000 0
DWIDTH 12 0
BBX 12 12 0 -1
BITMAP
0000
0000
0000
0000
0800
0400
0200
0100
0100
0000
0000
0000
ENDCHAR
STARTCHAR u4E3F
ENCODING 20031
SWIDTH 1000 0
DWIDTH 12 0
BBX 12 12 0 -1
BITMAP
0000
0200
0200
0200
0200
0200
0400
0400
0800
0800
1000
2000
ENDCHAR
STARTCHAR u4E59
ENCODING 20057
SWIDTH 1000 0
DWIDTH 12 0
BBX 12 12 0 -1
BITMAP
0000
FF80
0100
0200
0400
0800
1000
2000
4000
8020
8020
7FC0
ENDCHAR
STARTCHAR u4E5A
ENCODING 20058
SWIDTH 1000 0
DWIDTH 12 0
BBX 12 12 0 -1
BITMAP
0000
4000
4000
4000
4000
4000
4000
4000
4000
4040
4040
3F80
ENDCHAR
STARTCHAR u4E5B
ENCODING 20059
SWIDTH 1000 0
DWIDTH 12 0
BBX 12 12 0 -1
BITMAP
0000
0000
FFC0
0020
0020
0040
0000
0000
0000
0000
0000
0000
ENDCHAR
STARTCHAR u4E5D
ENCODING 20061
SWIDTH 1000 0
DWIDTH 12 0
BBX 12 12 0 -1
BITMAP
0000
1000
1000
1000
FE00
1100
1100
1100
2100
2120
4120
80C0
ENDCHAR
STARTCHAR u4E5F-ZH_HK
ENCODING 20063
SWIDTH 1000 0
DWIDTH 12 0
BBX 12 12 0 -1
BITMAP
0000
0400
2400
24C0
2740
3C40
E440
2440
2400
2020
2020
1FC0
ENDCHAR
STARTCHAR u4E66
ENCODING 20070
SWIDTH 1000 0
DWIDTH 12 0
BBX 12 12 0 -1
BITMAP
0000
0880
0840
7F00
0880
0880
FFC0
0820
0820
0820
08C0
0800
ENDCHAR
STARTCHAR u4E80
ENCODING 20096
SWIDTH 1000 0
DWIDTH 12 0
BBX 12 12 0 -1
BITMAP
0000
1E00
2100
7F80
2480
7FC0
4440
7FC0
4440
3F80
0420
03E0
ENDCHAR
STARTCHAR u4E85
ENCODING 20101
SWIDTH 1000 0
DWIDTH 12 0
BBX 12 12 0 -1
BITMAP
0000
0400
0400
0400
0400
0400
0400
0400
0400
0400
0400
1800
ENDCHAR
STARTCHAR u4E8C
ENCODING 20108
SWIDTH 1000 0
DWIDTH 12 0
BBX 12 12 0 -1
BITMAP
0000
0000
7FC0
0000
0000
0000
0000
0000
0000
0000
FFE0
0000
ENDCHAR
STARTCHAR u4E94
ENCODING 20116
SWIDTH 1000 0
DWIDTH 12 0
BBX 12 12 0 -1
BITMAP
0000
7FC0
0800
0800
0800
7F00
1080
1080
1080
2080
2080
FFE0
ENDCHAR
STARTCHAR u4EA0
ENCODING 20128
SWIDTH 1000 0
DWIDTH 12 0
BBX 12 12 0 -1
BITMAP
0000
0800
0400
FFE0
0000
0000
0000
0000
0000
0000
0000
0000
ENDCHAR
STARTCHAR u4EBA
ENCODING 20154
SWIDTH 1000 0
DWIDTH 12 0
BBX 12 12 0 -1
BITMAP
0000
0400
0400
0400
0400
0A00
0A00
1100
1100
2080
4040
8020
ENDCHAR
STARTCHAR u4EBB
ENCODING 20155
SWIDTH 1000 0
DWIDTH 12 0
BBX 12 12 0 -1
BITMAP
0000
1000
1000
2000
2000
6000
A000
2000
2000
2000
2000
2000
ENDCHAR
STARTCHAR u4EEC
ENCODING 20204
SWIDTH 1000 0
DWIDTH 12 0
BBX 12 12 0 -1
BITMAP
0000
29C0
2420
4020
4820
C820
4820
4820
4820
4820
4820
48C0
ENDCHAR
STARTCHAR u4EFB-ZH_HK
ENCODING 20219
SWIDTH 1000 0
DWIDTH 12 0
BBX 12 12 0 -1
BITMAP
0000
2FC0
2100
4100
4100
C100
5FE0
4100
4100
4100
4100
4FC0
ENDCHAR
STARTCHAR u4F1A
ENCODING 20250
SWIDTH 1000 0
DWIDTH 12 0
BBX 12 12 0 -1
BITMAP
0000
0400
0A00
3180
C060
3F80
0000
0000
FFE0
1000
2080
7F40
ENDCHAR
STARTCHAR u4F53
ENCODING 20307
SWIDTH 1000 0
DWIDTH 12 0
BBX 12 12 0 -1
BITMAP
0000
2200
2200
5FE0
4200
C700
4A80
4A80
5240
6FA0
4200
4200
ENDCHAR
STARTCHAR u4F5C
ENCODING 20316
SWIDTH 1000 0
DWIDTH 12 0
BBX 12 12 0 -1
BITMAP
0000
2400
2400
47E0
4A00
D200
43E0
4200
4200
43E0
4200
4200
ENDCHAR
STARTCHAR u4F7F
ENCODING 20351
SWIDTH 1000 0
DWIDTH 12 0
BBX 12 12 0 -1
BITMAP
0000
2100
2FE0
4100
4FC0
D120
5120
4FC0
4500
4200
4500
58E0
ENDCHAR
STARTCHAR u4FE1
ENCODING 20449
SWIDTH 1000 0
DWIDTH 12 0
BBX 12 12 0 -1
BITMAP
0000
2200
2100
5FE0
4000
CFC0
4000
4FC0
4000
4FC0
4840
4780
ENDCHAR
STARTCHAR u500B
ENCODING 20491
SWIDTH 1000 0
DWIDTH 12 0
BBX 12 12 0 -1
BITMAP
0000
27C0
2920
4920
4FE0
C920
4BA0
4AA0
4AA0
4BA0
4820
47C0
ENDCHAR
STARTCHAR u5011
ENCODING 20497
SWIDTH 1000 0
DWIDTH 12 0
BBX 12 12 0 -1
BITMAP
0000
26C0
2AA0
4EE0
4AA0
CEE0
4820
4820
4820
4820
4820
48C0
ENDCHAR
STARTCHAR u502E
ENCODING 20526
SWIDTH 1000 0
DWIDTH 12 0
BBX 12 12 0 -1
BITMAP
0000
27C0
2920
4FE0
4920
C7C0
4100
5FE0
4380
4540
5920
4100
ENDCHAR
STARTCHAR u50CF
ENCODING 20687
SWIDTH 1000 0
DWIDTH 12 0
BBX 12 12 0 -1
BITMAP
0000
2780
2880
5FE0
4920
CFE0
4700
59A0
46C0
59A0
46A0
5980
ENDCHAR
STARTCHAR u513F
ENCODING 20799
SWIDTH 1000 0
DWIDTH 12 0
BBX 12 12 0 -1
BITMAP
0000
1100
1100
1100
1100
1100
1100
1100
2100
2120
4120
80C0
ENDCHAR
STARTCHAR u5140
ENCODING 20800
SWIDTH 1000 0
DWIDTH 12 0
BBX 12 12 0 -1
BITMAP
0000
FFE0
1100
1100
1100
1100
1100
1100
2100
2120
4120
80C0
ENDCHAR
STARTCHAR u5165
ENCODING 20837
SWIDTH 1000 0
DWIDTH 12 0
BBX 12 12 0 -1
BITMAP
0000
3800
0400
0400
0400
0A00
0A00
1100
1100
2080
4040
8020
ENDCHAR
STARTCHAR u516B-ZH_TW
ENCODING 20843
SWIDTH 1000 0
DWIDTH 12 0
BBX 12 12 0 -1
BITMAP
0000
1300
1100
1100
1100
1100
2080
2080
2080
4040
4040
8020
ENDCHAR
STARTCHAR u516D
ENCODING 20845
SWIDTH 1000 0
DWIDTH 12 0
BBX 12 12 0 -1
BITMAP
0000
0800
0400
0000
FFE0
0000
0000
2080
2040
4040
4020
8020
ENDCHAR
STARTCHAR u5182
ENCODING 20866
SWIDTH 1000 0
DWIDTH 12 0
BBX 12 12 0 -1
BITMAP
0000
7FC0
8020
8020
8020
8020
8020
8020
8020
8020
8020
80C0
ENDCHAR
STARTCHAR u5196
ENCODING 20886
SWIDTH 1000 0
DWIDTH 12 0
BBX 12 12 0 -1
BITMAP
0000
0000
0000
0000
7FC0
8020
8020
0000
0000
0000
0000
0000
ENDCHAR
STARTCHAR u5199
ENCODING 20889
SWIDTH 1000 0
DWIDTH 12 0
BBX 12 12 0 -1
BITMAP
0000
7FC0
8020
9020
1F80
2000
1F80
0040
0040
FF40
0040
0380
ENDCHAR
STARTCHAR u51AB
ENCODING 20907
SWIDTH 1000 0
DWIDTH 12 0
BBX 12 12 0 -1
BITMAP
0000
4000
2000
1000
0000
0000
0000
1000
1000
2000
2000
4000
ENDCHAR
STARTCHAR u51B2
ENCODING 20914
SWIDTH 1000 0
DWIDTH 12 0
BBX 12 12 0 -1
BITMAP
0000
8100
4100
4FC0
1120
1120
1120
4FC0
4100
4100
8100
8100
ENDCHAR
STARTCHAR u51BB
ENCODING 20923
SWIDTH 1000 0
DWIDTH 12 0
BBX 12 12 0 -1
BITMAP
0000
8200
5FE0
4400
0900
1100
0FE0
4100
4940
4920
9120
8300
ENDCHAR
STARTCHAR u51C6
ENCODING 20934
SWIDTH 1000 0
DWIDTH 12 0
BBX 12 12 0 -1
BITMAP
0000
8500
4480
4FE0
1880
0FE0
0880
4880
4FE0
4880
8880
8FE0
ENDCHAR
STARTCHAR u51E0
ENCODING 20960
SWIDTH 1000 0
DWIDTH 12 0
BBX 12 12 0 -1
BITMAP
0000
1E00
2100
2100
2100
2100
2100
2100
2100
4120
4120
80C0
ENDCHAR
STARTCHAR u51E1
ENCODING 20961
SWIDTH 1000 0
DWIDTH 12 0
BBX 12 12 0 -1
BITMAP
0000
1E00
2100
2100
2100
2900
2500
2500
2100
4120
4120
80C0
ENDCHAR
STARTCHAR u51F5
ENCODING 20981
SWIDTH 1000 0
DWIDTH 12 0
BBX 12 12 0 -1
BITMAP
0000
0000
8020
8020
8020
8020
8020
8020
8020
8020
7FC0
0000
ENDCHAR
STARTCHAR u5200
ENCODING 20992
SWIDTH 1000 0
DWIDTH 12 0
BBX 12 12 0 -1
BITMAP
0000
7FC0
0820
0820
0820
0820
0820
0820
1020
1020
2020
C1C0
ENDCHAR
STARTCHAR u5202
ENCODING 20994
SWIDTH 1000 0
DWIDTH 12 0
BBX 12 12 0 -1
BITMAP
0000
0020
0120
0120
0120
0120
0120
0120
0120
0020
0020
00C0
ENDCHAR
STARTCHAR u521B
ENCODING 21019
SWIDTH 1000 0
DWIDTH 12 0
BBX 12 12 0 -1
BITMAP
0000
1020
28A0
44A0
82A0
7CA0
44A0
44A0
58A0
4020
4220
3EC0
ENDCHAR
STARTCHAR u5236
ENCODING 21046
SWIDTH 1000 0
DWIDTH 12 0
BBX 12 12 0 -1
BITMAP
0000
5020
7EA0
90A0
10A0
FEA0
10A0
7CA0
92A0
9220
9620
10C0
ENDCHAR
STARTCHAR u529B
ENCODING 21147
SWIDTH 1000 0
DWIDTH 12 0
BBX 12 12 0 -1
BITMAP
0000
0400
0400
7FC0
0420
0420
0420
0820
0820
1020
2020
C1C0
ENDCHAR
STARTCHAR u52A1
ENCODING 21153
SWIDTH 1000 0
DWIDTH 12 0
BBX 12 12 0 -1
BITMAP
0000
1000
1F00
2080
D100
0E00
F1E0
0800
7F80
0840
1040
E180
ENDCHAR
STARTCHAR u52F9
ENCODING 21241
SWIDTH 1000 0
DWIDTH 12 0
BBX 12 12 0 -1
BITMAP
0000
2000
2000
3FC0
4020
8020
0020
0020
0020
0020
0020
00C0
ENDCHAR
STARTCHAR u5315-ZH_TW
ENCODING 21269
SWIDTH 1000 0
DWIDTH 12 0
BBX 12 12 0 -1
BITMAP
0000
4000
4000
4000
4000
7FC0
4000
4000
4000
4040
4040
3F80
ENDCHAR
STARTCHAR u531A
ENCODING 21274
SWIDTH 1000 0
DWIDTH 12 0
BBX 12 12 0 -1
BITMAP
0000
7FE0
8000
8000
8000
8000
8000
8000
8000
8000
8000
7FE0
ENDCHAR
STARTCHAR u5338
ENCODING 21304
SWIDTH 1000 0
DWIDTH 12 0
BBX 12 12 0 -1
BITMAP
0000
FFE0
4000
4000
4000
4000
4000
4000
4000
4000
4000
3FE0
ENDCHAR
STARTCHAR u5341
ENCODING 21313
SWIDTH 1000 0
DWIDTH 12 0
BBX 12 12 0 -1
BITMAP
0000
0400
0400
0400
0400
FFE0
0400
0400
0400
0400
0400
0400
ENDCHAR
STARTCHAR u5347
ENCODING 21319
SWIDTH 1000 0
DWIDTH 12 0
BBX 12 12 0 -1
BITMAP
0000
0C80
7080
1080
1080
1080
FFE0
1080
1080
1080
2080
C080
ENDCHAR
STARTCHAR u5355
ENCODING 21333
SWIDTH 1000 0
DWIDTH 12 0
BBX 12 12 0 -1
BITMAP
0000
2080
1100
3F80
4440
7FC0
4440
3F80
0400
FFE0
0400
0400
ENDCHAR
STARTCHAR u535C
ENCODING 21340
SWIDTH 1000 0
DWIDTH 12 0
BBX 12 12 0 -1
BITMAP
0000
0800
0800
0800
0800
0C00
0B00
08C0
0800
0800
0800
0800
ENDCHAR
STARTCHAR u5364
ENCODING 21348
SWIDTH 1000 0
DWIDTH 12 0
BBX 12 12 0 -1
BITMAP
0000
0400
07E0
0400
3F80
4040
5140
4A40
4440
4A40
5140
3F80
ENDCHAR
STARTCHAR u5369
ENCODING 21353
SWIDTH 1000 0
DWIDTH 12 0
BBX 12 12 0 -1
BITMAP
0000
0F00
1080
1080
1080
1080
1080
1080
1080
1300
1000
1000
ENDCHAR
STARTCHAR u5382
ENCODING 21378
SWIDTH 1000 0
DWIDTH 12 0
BBX 12 12 0 -1
BITMAP
0000
1FE0
2000
2000
2000
2000
2000
2000
2000
4000
4000
8000
ENDCHAR
STARTCHAR u539F
ENCODING 21407
SWIDTH 1000 0
DWIDTH 12 0
BBX 12 12 0 -1
BITMAP
0000
3FE0
4200
4F80
5040
5FC0
5040
4F80
4200
5240
5220
A620
ENDCHAR
STARTCHAR u53B6
ENCODING 21430
SWIDTH 1000 0
DWIDTH 12 0
BBX 12 12 0 -1
BITMAP
0000
0800
0800
0800
0800
1000
1080
1080
2040
2040
43A0
3C20
ENDCHAR
STARTCHAR u53C8
ENCODING 21448
SWIDTH 1000 0
DWIDTH 12 0
BBX 12 12 0 -1
BITMAP
0000
3F80
4040
4040
2080
2080
1100
0A00
0400
0A00
3180
C060
ENDCHAR
STARTCHAR u53D1
ENCODING 21457
SWIDTH 1000 0
DWIDTH 12 0
BBX 12 12 0 -1
BITMAP
0000
4900
4880
8800
7FE0
1000
1F80
2880
2500
4200
4D80
B060
ENDCHAR
STARTCHAR u53E3
ENCODING 21475
SWIDTH 1000 0
DWIDTH 12 0
BBX 12 12 0 -1
BITMAP
0000
0000
3F80
4040
4040
4040
4040
4040
4040
4040
3F80
0000
ENDCHAR
STARTCHAR u5408
ENCODING 21512
SWIDTH 1000 0
DWIDTH 12 0
BBX 12 12 0 -1
BITMAP
0000
0400
0A00
3180
C060
3F80
0000
3F80
4040
4040
4040
3F80
ENDCHAR
STARTCHAR u56CA
ENCODING 22218
SWIDTH 1000 0
DWIDTH 12 0
BBX 12 12 0 -1
BITMAP
0000
0400
FFE0
4440
FFE0
AAA0
7BC0
1100
FFE0
1140
EC80
3060
ENDCHAR
STARTCHAR u56D7
ENCODING 22231
SWIDTH 1000 0
DWIDTH 12 0
BBX 12 12 0 -1
BITMAP
0000
7FC0
8020
8020
8020
8020
8020
8020
8020
8020
8020
7FC0
ENDCHAR
STARTCHAR u56DB
ENCODING 22235
SWIDTH 1000 0
DWIDTH 12 0
BBX 12 12 0 -1
BITMAP
0000
7FC0
9120
9120
9120
9120
9120
A0E0
C020
8020
8020
7FC0
ENDCHAR
STARTCHAR u56E0
ENCODING 22240
SWIDTH 1000 0
DWIDTH 12 0
BBX 12 12 0 -1
BITMAP
0000
7FC0
8020
8420
8420
BFA0
8420
8A20
9120
A0A0
8020
7FC0
ENDCHAR
STARTCHAR u56FD
ENCODING 22269
SWIDTH 1000 0
DWIDTH 12 0
BBX 12 12 0 -1
BITMAP
0000
7FC0
8020
BFA0
8420
8420
9F20
8420
8520
BFA0
8020
7FC0
ENDCHAR
STARTCHAR u571F
ENCODING 22303
SWIDTH 1000 0
DWIDTH 12 0
BBX 12 12 0 -1
BITMAP
0000
0400
0400
0400
0400
7FC0
0400
0400
0400
0400
0400
FFE0
ENDCHAR
STARTCHAR u5802
ENCODING 22530
SWIDTH 1000 0
DWIDTH 12 0
BBX 12 12 0 -1
BITMAP
0000
4440
2480
7FC0
8020
BFA0
2080
3F80
0400
7FC0
0400
FFE0
ENDCHAR
STARTCHAR u58EB
ENCODING 22763
SWIDTH 1000 0
DWIDTH 12 0
BBX 12 12 0 -1
BITMAP
0000
0400
0400
0400
0400
FFE0
0400
0400
0400
0400
0400
7FC0
ENDCHAR
STARTCHAR u5902
ENCODING 22786
SWIDTH 1000 0
DWIDTH 12 0
BBX 12 12 0 -1
BITMAP
0000
1000
1000
1F00
2080
2080
5100
9100
0A00
0400
1B00
E0E0
ENDCHAR
STARTCHAR u590A
ENCODING 22794
SWIDTH 1000 0
DWIDTH 12 0
BBX 12 12 0 -1
BITMAP
0000
1000
5000
5F00
2080
2080
5100
9100
0A00
0400
1B00
E0E0
ENDCHAR
STARTCHAR u5915
ENCODING 22805
SWIDTH 1000 0
DWIDTH 12 0
BBX 12 12 0 -1
BITMAP
0000
1000
1000
1F80
2040
5040
8C80
0280
0100
0200
0C00
7000
ENDCHAR
STARTCHAR u5927
ENCODING 22823
SWIDTH 1000 0
DWIDTH 12 0
BBX 12 12 0 -1
BITMAP
0000
0400
0400
0400
FFE0
0400
0A00
0A00
1100
1100
2080
C060
ENDCHAR
STARTCHAR u5929
ENCODING 22825
SWIDTH 1000 0
DWIDTH 12 0
BBX 12 12 0 -1
BITMAP
0000
7FC0
0400
0400
0400
FFE0
0400
0A00
0A00
1100
2080
C060
ENDCHAR
STARTCHAR u5947
ENCODING 22855
SWIDTH 1000 0
DWIDTH 12 0
BBX 12 12 0 -1
BITMAP
0000
0400
FFE0
0A00
1100
2080
FFE0
0040
3E40
2240
3E40
0180
ENDCHAR
STARTCHAR u5973-ZH_HK
ENCODING 22899
SWIDTH 1000 0
DWIDTH 12 0
BBX 12 12 0 -1
BITMAP
0000
0800
0800
0880
FFE0
1080
1080
2100
1900
0600
1980
E060
ENDCHAR
STARTCHAR u5B50
ENCODING 23376
SWIDTH 1000 0
DWIDTH 12 0
BBX 12 12 0 -1
BITMAP
0000
7F00
0080
0100
0200
0400
FFE0
0400
0400
0400
0400
1800
ENDCHAR
STARTCHAR u5B57
ENCODING 23383
SWIDTH 1000 0
DWIDTH 12 0
BBX 12 12 0 -1
BITMAP
0000
0400
7FC0
8020
BF20
0080
0300
0400
FFE0
0400
0400
1800
ENDCHAR
STARTCHAR u5B80
ENCODING 23424
SWIDTH 1000 0
DWIDTH 12 0
BBX 12 12 0 -1
BITMAP
0000
0800
0400
7FC0
8020
8020
0000
0000
0000
0000
0000
0000
ENDCHAR
STARTCHAR u5B9F
ENCODING 23455
SWIDTH 1000 0
DWIDTH 12 0
BBX 12 12 0 -1
BITMAP
0000
0400
7FC0
8420
BFA0
0400
3F80
0400
FFE0
0A00
3180
C060
ENDCHAR
STARTCHAR u5BB9
ENCODING 23481
SWIDTH 1000 0
DWIDTH 12 0
BBX 12 12 0 -1
BITMAP
0000
0400
FFE0
9120
64C0
0A00
3180
C060
1F00
2080
2080
1F00
ENDCHAR
STARTCHAR u5BF8
ENCODING 23544
SWIDTH 1000 0
DWIDTH 12 0
BBX 12 12 0 -1
BITMAP
0000
0080
0080
FFE0
0080
0080
2080
1080
1080
0080
0080
0300
ENDCHAR
STARTCHAR u5C0F
ENCODING 23567
SWIDTH 1000 0
DWIDTH 12 0
BBX 12 12 0 -1
BITMAP
0000
0400
0400
0400
2480
2440
4440
4420
8420
0400
0400
1800
ENDCHAR
STARTCHAR u5C22
ENCODING 23586
SWIDTH 1000 0
DWIDTH 12 0
BBX 12 12 0 -1
BITMAP
0000
0800
0800
0800
FFE0
0A00
0A00
1200
1200
2220
4220
81C0
ENDCHAR
STARTCHAR u5C23
ENCODING 23587
SWIDTH 1000 0
DWIDTH 12 0
BBX 12 12 0 -1
BITMAP
0000
1100
2080
4040
8020
1100
1100
1100
1100
1120
2120
C0C0
ENDCHAR
STARTCHAR u5C31
ENCODING 23601
SWIDTH 1000 0
DWIDTH 12 0
BBX 12 12 0 -1
BITMAP
0000
2140
F920
0100
77E0
8900
8A80
7280
2280
AAA0
AAA0
6440
ENDCHAR
STARTCHAR u5C38
ENCODING 23608
SWIDTH 1000 0
DWIDTH 12 0
BBX 12 12 0 -1
BITMAP
0000
1FC0
2020
2020
2020
3FC0
2000
2000
2000
4000
4000
8000
ENDCHAR
STARTCHAR u5C6E
ENCODING 23662
SWIDTH 1000 0
DWIDTH 12 0
BBX 12 12 0 -1
BITMAP
0000
0400
0400
4440
4440
4440
4440
3F80
0400
0400
0400
0400
ENDCHAR
STARTCHAR u5C71
ENCODING 23665
SWIDTH 1000 0
DWIDTH 12 0
BBX 12 12 0 -1
BITMAP
0000
0400
0400
0400
8420
8420
8420
8420
8420
8420
8420
7FC0
ENDCHAR
STARTCHAR u5DDB
ENCODING 24027
SWIDTH 1000 0
DWIDTH 12 0
BBX 12 12 0 -1
BITMAP
0000
2220
2220
4440
4440
8880
8880
8880
4440
4440
2220
2220
ENDCHAR
STARTCHAR u5DE3
ENCODING 24035
SWIDTH 1000 0
DWIDTH 12 0
BBX 12 12 0 -1
BITMAP
0000
4840
2480
3F80
4440
7FC0
4440
3F80
0400
FFE0
2480
C460
ENDCHAR
STARTCHAR u5DE5
ENCODING 24037
SWIDTH 1000 0
DWIDTH 12 0
BBX 12 12 0 -1
BITMAP
0000
7FC0
0400
0400
0400
0400
0400
0400
0400
0400
0400
FFE0
ENDCHAR
STARTCHAR u5DF1
ENCODING 24049
SWIDTH 1000 0
DWIDTH 12 0
BBX 12 12 0 -1
BITMAP
0000
7F80
0040
0040
0040
0040
3F80
4000
4000
4020
4020
3FC0
ENDCHAR
STARTCHAR u5DF3
ENCODING 24051
SWIDTH 1000 0
DWIDTH 12 0
BBX 12 12 0 -1
BITMAP
0000
3F80
4040
4040
4040
4040
7F80
4000
4000
4020
4020
3FC0
ENDCHAR
STARTCHAR u5DFE
ENCODING 24062
SWIDTH 1000 0
DWIDTH 12 0
BBX 12 12 0 -1
BITMAP
0000
0400
0400
3F80
4440
4440
4440
4440
4440
44C0
0400
0400
ENDCHAR
STARTCHAR u5E38
ENCODING 24120
SWIDTH 1000 0
DWIDTH 12 0
BBX 12 12 0 -1
BITMAP
0000
2480
7FC0
8020
BFA0
2080
3F80
0400
7FC0
4440
44C0
0400
ENDCHAR
STARTCHAR u5E72
ENCODING 24178
SWIDTH 1000 0
DWIDTH 12 0
BBX 12 12 0 -1
BITMAP
0000
7FC0
0400
0400
0400
0400
FFE0
0400
0400
0400
0400
0400
ENDCHAR
STARTCHAR u5E73
ENCODING 24179
SWIDTH 1000 0
DWIDTH 12 0
BBX 12 12 0 -1
BITMAP
0000
7FC0
0400
4440
2480
0400
FFE0
0400
0400
0400
0400
0400
ENDCHAR
STARTCHAR u5E7A
ENCODING 24186
SWIDTH 1000 0
DWIDTH 12 0
BBX 12 12 0 -1
BITMAP
0000
0400
0800
1000
2100
4200
3C00
0800
1040
2040
43A0
3C20
ENDCHAR
STARTCHAR u5E7F
ENCODING 24191
SWIDTH 1000 0
DWIDTH 12 0
BBX 12 12 0 -1
BITMAP
0000
0200
1FE0
2000
2000
2000
2000
2000
2000
4000
4000
8000
ENDCHAR
STARTCHAR u5EA6
ENCODING 24230
SWIDTH 1000 0
DWIDTH 12 0
BBX 12 12 0 -1
BITMAP
0000
0200
3FE0
4880
7FE0
4880
4700
4000
5FC0
4880
4700
B8E0
ENDCHAR
STARTCHAR u5EF4
ENCODING 24308
SWIDTH 1000 0
DWIDTH 12 0
BBX 12 12 0 -1
BITMAP
0000
E000
1000
2000
4000
6000
1000
9000
5000
2000
5800
87E0
ENDCHAR
STARTCHAR u5EFE
ENCODING 24318
SWIDTH 1000 0
DWIDTH 12 0
BBX 12 12 0 -1
BITMAP
0000
1080
1080
1080
1080
FFE0
1080
1080
2080
2080
4080
8080
ENDCHAR
STARTCHAR u5F00
ENCODING 24320
SWIDTH 1000 0
DWIDTH 12 0
BBX 12 12 0 -1
BITMAP
0000
FFE0
2080
2080
2080
2080
FFE0
2080
2080
4080
4080
8080
ENDCHAR
STARTCHAR u5F0B
ENCODING 24331
SWIDTH 1000 0
DWIDTH 12 0
BBX 12 12 0 -1
BITMAP
0000
0480
0440
0400
07E0
FC00
0400
0200
0200
0120
00A0
0040
ENDCHAR
STARTCHAR u5F0F
ENCODING 24335
SWIDTH 1000 0
DWIDTH 12 0
BBX 12 12 0 -1
BITMAP
0000
0140
0120
FFE0
0100
0100
FD00
1100
1080
10A0
1C60
E020
ENDCHAR
STARTCHAR u5F13
ENCODING 24339
SWIDTH 1000 0
DWIDTH 12 0
BBX 12 12 0 -1
BITMAP
0000
7F80
0040
0040
3F80
4000
4000
3FC0
0020
0020
0020
03C0
ENDCHAR
STARTCHAR u5F50
ENCODING 24400
SWIDTH 1000 0
DWIDTH 12 0
BBX 12 12 0 -1
BITMAP
0000
7F00
0080
0080
0080
0080
3F80
0080
0080
0080
0080
FFE0
ENDCHAR
STARTCHAR u5F51
ENCODING 24401
SWIDTH 1000 0
DWIDTH 12 0
BBX 12 12 0 -1
BITMAP
0000
0800
0800
1F80
1040
2040
2080
4080
3F00
0100
0100
FFE0
ENDCHAR
STARTCHAR u5F61
ENCODING 24417
SWIDTH 1000 0
DWIDTH 12 0
BBX 12 12 0 -1
BITMAP
0000
0100
0200
0C00
3080
0100
0600
3800
0040
0180
0600
3800
ENDCHAR
STARTCHAR u5F73
ENCODING 24435
SWIDTH 1000 0
DWIDTH 12 0
BBX 12 12 0 -1
BITMAP
0000
0080
0300
3C00
0040
0180
0E00
7400
0400
0400
0400
0400
ENDCHAR
STARTCHAR u5FC3
ENCODING 24515
SWIDTH 1000 0
DWIDTH 12 0
BBX 12 12 0 -1
BITMAP
0000
0800
0400
0200
1200
1000
5040
5020
5020
90A0
1080
0F00
ENDCHAR
STARTCHAR u5FC4
ENCODING 24516
SWIDTH 1000 0
DWIDTH 12 0
BBX 12 12 0 -1
BITMAP
0000
1000
1000
5800
5400
5000
9000
1000
1000
1000
1000
1000
ENDCHAR
STARTCHAR u5FEB
ENCODING 24555
SWIDTH 1000 0
DWIDTH 12 0
BBX 12 12 0 -1
BITMAP
0000
2200
2200
AF80
B240
A240
A240
3FE0
2200
2500
2880
3060
ENDCHAR
STARTCHAR u606F
ENCODING 24687
SWIDTH 1000 0
DWIDTH 12 0
BBX 12 12 0 -1
BITMAP
0000
0400
1F00
2080
3F80
2080
3F80
2080
1F00
5440
52A0
8FA0
ENDCHAR
STARTCHAR u610F
ENCODING 24847
SWIDTH 1000 0
DWIDTH 12 0
BBX 12 12 0 -1
BITMAP
0000
0400
7FC0
1100
FFE0
2080
3F80
2080
1F00
5440
52A0
8FA0
ENDCHAR
STARTCHAR u6208
ENCODING 25096
SWIDTH 1000 0
DWIDTH 12 0
BBX 12 12 0 -1
BITMAP
0000
0480
0440
0400
07E0
FC00
0440
0480
0300
0620
1920
E0C0
ENDCHAR
STARTCHAR u6211
ENCODING 25105
SWIDTH 1000 0
DWIDTH 12 0
BBX 12 12 0 -1
BITMAP
0000
1940
E120
2100
FFE0
2100
2140
3940
E080
20A0
2160
C220
ENDCHAR
STARTCHAR u6236
ENCODING 25142
SWIDTH 1000 0
DWIDTH 12 0
BBX 12 12 0 -1
BITMAP
0000
01C0
1E00
2000
3FC0
2020
2020
3FC0
2000
2000
4000
8000
ENDCHAR
STARTCHAR u6237
ENCODING 25143
SWIDTH 1000 0
DWIDTH 12 0
BBX 12 12 0 -1
BITMAP
0000
0200
1FC0
2020
2020
3FC0
2000
2000
2000
4000
4000
8000
ENDCHAR
STARTCHAR u6238
ENCODING 25144
SWIDTH 1000 0
DWIDTH 12 0
BBX 12 12 0 -1
BITMAP
0000
7FE0
0000
1FC0
2020
2020
3FC0
2000
2000
2000
4000
8000
ENDCHAR
STARTCHAR u624B
ENCODING 25163
SWIDTH 1000 0
DWIDTH 12 0
BBX 12 12 0 -1
BITMAP
0000
03C0
7C00
0400
0400
7FC0
0400
0400
FFE0
0400
0400
1800
ENDCHAR
STARTCHAR u624C
ENCODING 25164
SWIDTH 1000 0
DWIDTH 12 0
BBX 12 12 0 -1
BITMAP
0000
2000
2000
F800
2000
2000
3800
E000
2000
2000
2000
C000
ENDCHAR
STARTCHAR u6280
ENCODING 25216
SWIDTH 1000 0
DWIDTH 12 0
BBX 12 12 0 -1
BITMAP
0000
4100
4100
EFE0
4100
4100
6FC0
C840
4840
4480
4300
DCE0
ENDCHAR
STARTCHAR u6370
ENCODING 25456
SWIDTH 1000 0
DWIDTH 12 0
BBX 12 12 0 -1
BITMAP
0000
47C0
4920
EFE0
4920
47C0
6100
CFE0
4380
4540
4920
C100
ENDCHAR
STARTCHAR u63F4
ENCODING 25588
SWIDTH 1000 0
DWIDTH 12 0
BBX 12 12 0 -1
BITMAP
0000
40E0
4F20
E540
4FE0
4200
6FE0
C400
47C0
4A40
5180
CE60
ENDCHAR
STARTCHAR u652F
ENCODING 25903
SWIDTH 1000 0
DWIDTH 12 0
BBX 12 12 0 -1
BITMAP
0000
0400
0400
FFE0
0400
0400
7FC0
2080
1100
0E00
3180
C060
ENDCHAR
STARTCHAR u6534
ENCODING 25908
SWIDTH 1000 0
DWIDTH 12 0
BBX 12 12 0 -1
BITMAP
0000
0400
0400
07E0
0400
0400
7FC0
2080
1100
0E00
3180
C060
ENDCHAR
STARTCHAR u6535
ENCODING 25909
SWIDTH 1000 0
DWIDTH 12 0
BBX 12 12 0 -1
BITMAP
0000
1000
1000
1FE0
2080
2080
5100
9100
0A00
0400
1B00
E0E0
ENDCHAR
STARTCHAR u6587
ENCODING 25991
SWIDTH 1000 0
DWIDTH 12 0
BBX 12 12 0 -1
BITMAP
0000
0800
0400
FFE0
2080
2080
1100
1100
0A00
0400
1B00
E0E0
ENDCHAR
STARTCHAR u6589
ENCODING 25993
SWIDTH 1000 0
DWIDTH 12 0
BBX 12 12 0 -1
BITMAP
0000
0400
FFE0
1100
0E00
3180
E0E0
3F80
2080
3F80
2080
4080
ENDCHAR
STARTCHAR u6597
ENCODING 26007
SWIDTH 1000 0
DWIDTH 12 0
BBX 12 12 0 -1
BITMAP
0000
1100
0900
0500
4100
2100
1100
01E0
0F00
F100
0100
0100
ENDCHAR
STARTCHAR u65A4
ENCODING 26020
SWIDTH 1000 0
DWIDTH 12 0
BBX 12 12 0 -1
BITMAP
0000
01C0
1E00
2000
2000
3FE0
2100
2100
2100
4100
4100
8100
ENDCHAR
STARTCHAR u65B9
ENCODING 26041
SWIDTH 1000 0
DWIDTH 12 0
BBX 12 12 0 -1
BITMAP
0000
0800
0400
FFE0
0800
0800
0F80
0840
1040
1040
2040
C180
ENDCHAR
STARTCHAR u65E0
ENCODING 26080
SWIDTH 1000 0
DWIDTH 12 0
BBX 12 12 0 -1
BITMAP
0000
7FC0
0400
0400
0400
FFE0
0A00
0A00
1200
1220
2220
C1C0
ENDCHAR
STARTCHAR u65E1-ZH_HK
ENCODING 26081
SWIDTH 1000 0
DWIDTH 12 0
BBX 12 12 0 -1
BITMAP
0000
7FC0
2400
2400
4400
FFE0
0A00
0A00
1200
1220
2220
C1C0
ENDCHAR
STARTCHAR u65E5
ENCODING 26085
SWIDTH 1000 0
DWIDTH 12 0
BBX 12 12 0 -1
BITMAP
0000
3F80
4040
4040
4040
4040
7FC0
4040
4040
4040
4040
3F80
ENDCHAR
STARTCHAR u662F
ENCODING 26159
SWIDTH 1000 0
DWIDTH 12 0
BBX 12 12 0 -1
BITMAP
0000
3F80
4040
7FC0
4040
3F80
0000
FFE0
2400
27C0
5C00
83E0
ENDCHAR
STARTCHAR u66F0-ZH_TW
ENCODING 26352
SWIDTH 1000 0
DWIDTH 12 0
BBX 12 12 0 -1
BITMAP
0000
0000
7FC0
8020
8020
8020
FFE0
8020
8020
8020
7FC0
0000
ENDCHAR
STARTCHAR u6708
ENCODING 26376
SWIDTH 1000 0
DWIDTH 12 0
BBX 12 12 0 -1
BITMAP
0000
1F80
2040
2040
3FC0
2040
2040
3FC0
2040
4040
4040
8180
ENDCHAR
STARTCHAR u670D
ENCODING 26381
SWIDTH 1000 0
DWIDTH 12 0
BBX 12 12 0 -1
BITMAP
0000
31C0
4A20
4A20
7AC0
4A00
4BC0
7B20
4AA0
4A40
4AA0
9B20
ENDCHAR
STARTCHAR u6728
ENCODING 26408
SWIDTH 1000 0
DWIDTH 12 0
BBX 12 12 0 -1
BITMAP
0000
0400
0400
FFE0
1500
1500
1500
2480
2480
4440
8420
0400
ENDCHAR
STARTCHAR u672F
ENCODING 26415
SWIDTH 1000 0
DWIDTH 12 0
BBX 12 12 0 -1
BITMAP
0000
0480
0440
0400
FFE0
1500
1500
2480
2480
4440
8420
0400
ENDCHAR
STARTCHAR u679C
ENCODING 26524
SWIDTH 1000 0
DWIDTH 12 0
BBX 12 12 0 -1
BITMAP
0000
3F80
4440
7FC0
4440
3F80
0400
FFE0
1500
2480
C460
0400
ENDCHAR
STARTCHAR u6807-ZH_TW
ENCODING 26631
SWIDTH 1000 0
DWIDTH 12 0
BBX 12 12 0 -1
BITMAP
0000
27C0
2000
F000
2FE0
2100
6100
7540
A520
2520
2920
2100
ENDCHAR
STARTCHAR u682A
ENCODING 26666
SWIDTH 1000 0
DWIDTH 12 0
BBX 12 12 0 -1
BITMAP
0000
2500
2500
F7C0
2900
2100
6FE0
7100
A380
2540
2920
2100
ENDCHAR
STARTCHAR u6848
ENCODING 26696
SWIDTH 1000 0
DWIDTH 12 0
BBX 12 12 0 -1
BITMAP
0000
0400
FFE0
8820
7FC0
1100
1E00
E1E0
0400
FFE0
2480
C460
ENDCHAR
STARTCHAR u6863
ENCODING 26723
SWIDTH 1000 0
DWIDTH 12 0
BBX 12 12 0 -1
BITMAP
0000
2100
2920
F540
2100
2FC0
6020
7020
AFE0
2020
2020
2FC0
ENDCHAR
STARTCHAR u6B20
ENCODING 27424
SWIDTH 1000 0
DWIDTH 12 0
BBX 12 12 0 -1
BITMAP
0000
2000
2000
3FC0
4020
8440
0400
0400
0A00
0A00
1100
E0E0
ENDCHAR
STARTCHAR u6B62
ENCODING 27490
SWIDTH 1000 0
DWIDTH 12 0
BBX 12 12 0 -1
BITMAP
0000
0400
0400
0400
2400
27C0
2400
2400
2400
2400
2400
FFE0
ENDCHAR
STARTCHAR u6B6F
ENCODING 27503
SWIDTH 1000 0
DWIDTH 12 0
BBX 12 12 0 -1
BITMAP
0000
0400
27C0
2400
FFE0
0000
5540
4E40
7FC0
5540
64C0
3F80
ENDCHAR
STARTCHAR u6B79
ENCODING 27513
SWIDTH 1000 0
DWIDTH 12 0
BBX 12 12 0 -1
BITMAP
0000
FFE0
0800
0800
0F80
1040
2840
C480
0280
0100
0600
7800
ENDCHAR
STARTCHAR u6B7A
ENCODING 27514
SWIDTH 1000 0
DWIDTH 12 0
BBX 12 12 0 -1
BITMAP
0000
0400
07E0
0400
1400
1F80
2040
D040
0880
0500
0600
7800
ENDCHAR
STARTCHAR u6BB3
ENCODING 27571
SWIDTH 1000 0
DWIDTH 12 0
BBX 12 12 0 -1
BITMAP
0000
1F00
1100
1100
2100
C0E0
0000
3F80
2080
1100
0E00
F1E0
ENDCHAR
STARTCHAR u6BCB
ENCODING 27595
SWIDTH 1000 0
DWIDTH 12 0
BBX 12 12 0 -1
BITMAP
0000
1F80
2440
2440
2440
FFE0
4440
4440
3FE0
0840
1040
6180
ENDCHAR
STARTCHAR u6BCD
ENCODING 27597
SWIDTH 1000 0
DWIDTH 12 0
BBX 12 12 0 -1
BITMAP
0000
1F80
2040
2440
2240
FFE0
4040
4440
4240
3FE0
0040
0180
ENDCHAR
STARTCHAR u6BCF
ENCODING 27599
SWIDTH 1000 0
DWIDTH 12 0
BBX 12 12 0 -1
BITMAP
0000
2000
3FE0
4000
9F80
2440
2240
FFE0
4440
4240
3FE0
0040
ENDCHAR
STARTCHAR u6BD4-ZH_HK
ENCODING 27604
SWIDTH 1000 0
DWIDTH 12 0
BBX 12 12 0 -1
BITMAP
0000
8200
8200
8200
8200
FBE0
8200
8200
8200
8220
9A20
61C0
ENDCHAR
STARTCHAR u6BDB
ENCODING 27611
SWIDTH 1000 0
DWIDTH 12 0
BBX 12 12 0 -1
BITMAP
0000
07C0
F800
0800
0FC0
F800
0800
0FE0
F800
0820
0820
07C0
ENDCHAR
STARTCHAR u6C0F
ENCODING 27663
SWIDTH 1000 0
DWIDTH 12 0
BBX 12 12 0 -1
BITMAP
0000
03C0
7C00
8400
8400
8400
FFE0
8200
8200
8120
98A0
6040
ENDCHAR
STARTCHAR u6C11
ENCODING 27665
SWIDTH 1000 0
DWIDTH 12 0
BBX 12 12 0 -1
BITMAP
0000
7F80
8040
8040
FFC0
8400
8400
FFE0
8200
8100
98A0
6040
ENDCHAR
STARTCHAR u6C14
ENCODING 27668
SWIDTH 1000 0
DWIDTH 12 0
BBX 12 12 0 -1
BITMAP
0000
4000
7FC0
8000
7F80
0000
FF80
0080
0080
00A0
00A0
0040
ENDCHAR
STARTCHAR u6C34
ENCODING 27700
SWIDTH 1000 0
DWIDTH 12 0
BBX 12 12 0 -1
BITMAP
0000
0400
0400
0420
F640
1680
1500
2500
2480
4440
8420
1800
ENDCHAR
STARTCHAR u6C35
ENCODING 27701
SWIDTH 1000 0
DWIDTH 12 0
BBX 12 12 0 -1
BITMAP
0000
4000
2000
0000
8000
4000
0000
0000
2000
2000
4000
4000
ENDCHAR
STARTCHAR u6C3A
ENCODING 27706
SWIDTH 1000 0
DWIDTH 12 0
BBX 12 12 0 -1
BITMAP
0000
0400
0400
4440
2480
1500
0400
1500
2480
C460
0400
1800
ENDCHAR
STARTCHAR u6C49
ENCODING 27721
SWIDTH 1000 0
DWIDTH 12 0
BBX 12 12 0 -1
BITMAP
0000
47C0
2820
0820
8820
4440
0440
0440
4280
4100
8280
8C60
ENDCHAR
STARTCHAR u6CDB
ENCODING 27867
SWIDTH 1000 0
DWIDTH 12 0
BBX 12 12 0 -1
BITMAP
0000
80C0
5F00
0400
8200
5F80
0040
0040
4180
4200
8C00
93E0
ENDCHAR
STARTCHAR u6DC9
ENCODING 28105
SWIDTH 1000 0
DWIDTH 12 0
BBX 12 12 0 -1
BITMAP
0000
47C0
2920
0FE0
8920
47C0
0100
1FE0
4380
4540
9920
8100
ENDCHAR
STARTCHAR u6E90
ENCODING 28304
SWIDTH 1000 0
DWIDTH 12 0
BBX 12 12 0 -1
BITMAP
0000
8FE0
5100
17C0
9440
57C0
1440
17C0
5100
5540
9520
AB20
ENDCHAR
STARTCHAR u706B-ZH_HK
ENCODING 28779
SWIDTH 1000 0
DWIDTH 12 0
BBX 12 12 0 -1
BITMAP
0000
0400
0400
4440
2440
2480
0400
0A00
0A00
1100
2080
C060
ENDCHAR
STARTCHAR u706C
ENCODING 28780
SWIDTH 1000 0
DWIDTH 12 0
BBX 12 12 0 -1
BITMAP
0000
0000
0000
0000
0000
0000
0000
0000
0000
5240
4920
8920
ENDCHAR
STARTCHAR u722A
ENCODING 29226
SWIDTH 1000 0
DWIDTH 12 0
BBX 12 12 0 -1
BITMAP
0000
03C0
3C80
4480
4480
4480
4480
4480
4480
4440
4440
8420
ENDCHAR
STARTCHAR u722B
ENCODING 29227
SWIDTH 1000 0
DWIDTH 12 0
BBX 12 12 0 -1
BITMAP
0000
01C0
7E00
0040
4840
2480
0000
0000
0000
0000
0000
0000
ENDCHAR
STARTCHAR u7236
ENCODING 29238
SWIDTH 1000 0
DWIDTH 12 0
BBX 12 12 0 -1
BITMAP
0000
1100
2080
4040
A0A0
2080
1100
0A00
0400
0A00
3180
C060
ENDCHAR
STARTCHAR u723B
ENCODING 29243
SWIDTH 1000 0
DWIDTH 12 0
BBX 12 12 0 -1
BITMAP
0000
6040
1980
0600
1980
E060
1100
1100
0A00
0400
1B00
E0E0
ENDCHAR
STARTCHAR u723F
ENCODING 29247
SWIDTH 1000 0
DWIDTH 12 0
BBX 12 12 0 -1
BITMAP
0000
1080
1080
1080
0F80
0080
0080
7F80
1080
1080
2080
4080
ENDCHAR
STARTCHAR u7247-ZH_TW
ENCODING 29255
SWIDTH 1000 0
DWIDTH 12 0
BBX 12 12 0 -1
BITMAP
0000
2100
2100
2100
3E00
2000
2000
3F00
2080
4080
4080
8080
ENDCHAR
STARTCHAR u7259
ENCODING 29273
SWIDTH 1000 0
DWIDTH 12 0
BBX 12 12 0 -1
BITMAP
0000
7FC0
2100
2100
4100
7FE0
0300
0500
0900
3100
C100
0600
ENDCHAR
STARTCHAR u725B
ENCODING 29275
SWIDTH 1000 0
DWIDTH 12 0
BBX 12 12 0 -1
BITMAP
0000
4400
4400
7FC0
4400
8400
0400
FFE0
0400
0400
0400
0400
ENDCHAR
STARTCHAR u72AC
ENCODING 29356
SWIDTH 1000 0
DWIDTH 12 0
BBX 12 12 0 -1
BITMAP
0000
0480
0440
0400
FFE0
0400
0A00
0A00
1100
1100
2080
C060
ENDCHAR
STARTCHAR u72AD
ENCODING 29357
SWIDTH 1000 0
DWIDTH 12 0
BBX 12 12 0 -1
BITMAP
0000
9000
5000
2000
5000
9000
1000
3000
5000
9000
1000
6000
ENDCHAR
STARTCHAR u7313
ENCODING 29459
SWIDTH 1000 0
DWIDTH 12 0
BBX 12 12 0 -1
BITMAP
0000
A7C0
4920
4FE0
A920
27C0
2100
6FE0
A380
2540
2920
C100
ENDCHAR
STARTCHAR u7384
ENCODING 29572
SWIDTH 1000 0
DWIDTH 12 0
BBX 12 12 0 -1
BITMAP
0000
0800
0400
FFE0
0800
1100
2200
1C00
0880
1080
2340
1C40
ENDCHAR
STARTCHAR u7389
ENCODING 29577
SWIDTH 1000 0
DWIDTH 12 0
BBX 12 12 0 -1
BITMAP
0000
FFE0
0400
0400
0400
0400
7FC0
0400
0480
0440
0400
FFE0
ENDCHAR
STARTCHAR u74DC
ENCODING 29916
SWIDTH 1000 0
DWIDTH 12 0
BBX 12 12 0 -1
BITMAP
0000
03C0
3C80
4480
4480
4480
4480
4880
4880
4A40
5240
8D20
ENDCHAR
STARTCHAR u74E6
ENCODING 29926
SWIDTH 1000 0
DWIDTH 12 0
BBX 12 12 0 -1
BITMAP
0000
FFE0
1000
1000
1E00
2100
2900
2500
2300
4120
4D20
F0C0
ENDCHAR
STARTCHAR u7518
ENCODING 29976
SWIDTH 1000 0
DWIDTH 12 0
BBX 12 12 0 -1
BITMAP
0000
2080
2080
FFE0
2080
2080
2080
3F80
2080
2080
2080
1F00
ENDCHAR
STARTCHAR u751F
ENCODING 29983
SWIDTH 1000 0
DWIDTH 12 0
BBX 12 12 0 -1
BITMAP
0000
4400
4400
7FC0
4400
8400
0400
7FC0
0400
0400
0400
FFE0
ENDCHAR
STARTCHAR u7528
ENCODING 29992
SWIDTH 1000 0
DWIDTH 12 0
BBX 12 12 0 -1
BITMAP
0000
3F80
4440
4440
7FC0
4440
4440
7FC0
4440
4440
4440
84C0
ENDCHAR
STARTCHAR u7530
ENCODING 30000
SWIDTH 1000 0
DWIDTH 12 0
BBX 12 12 0 -1
BITMAP
0000
7FC0
8420
8420
8420
8420
FFE0
8420
8420
8420
8420
7FC0
ENDCHAR
STARTCHAR u754C
ENCODING 30028
SWIDTH 1000 0
DWIDTH 12 0
BBX 12 12 0 -1
BITMAP
0000
3F80
4440
7FC0
4440
3F80
1100
2080
D160
1100
2100
C100
ENDCHAR
STARTCHAR u758B
ENCODING 30091
SWIDTH 1000 0
DWIDTH 12 0
BBX 12 12 0 -1
BITMAP
0000
FFC0
0420
0440
0400
2400
27C0
2400
2400
5400
4C00
83E0
ENDCHAR
STARTCHAR u7592
ENCODING 30098
SWIDTH 1000 0
DWIDTH 12 0
BBX 12 12 0 -1
BITMAP
0000
0200
1FE0
A000
6000
2000
2000
6000
A000
2000
4000
8000
ENDCHAR
STARTCHAR u7676
ENCODING 30326
SWIDTH 1000 0
DWIDTH 12 0
BBX 12 12 0 -1
BITMAP
0000
0000
0000
7240
0A80
8920
5140
2080
4040
8020
0000
0000
ENDCHAR
STARTCHAR u767C
ENCODING 30332
SWIDTH 1000 0
DWIDTH 12 0
BBX 12 12 0 -1
BITMAP
0000
F240
0A80
5120
20C0
73A0
9240
7460
43C0
7240
1180
6660
ENDCHAR
STARTCHAR u767D
ENCODING 30333
SWIDTH 1000 0
DWIDTH 12 0
BBX 12 12 0 -1
BITMAP
0000
0400
0800
3F80
4040
4040
4040
7FC0
4040
4040
4040
3F80
ENDCHAR
STARTCHAR u7684
ENCODING 30340
SWIDTH 1000 0
DWIDTH 12 0
BBX 12 12 0 -1
BITMAP
0000
2200
4200
73C0
8C20
8820
8920
F8A0
88A0
8820
8820
70C0
ENDCHAR
STARTCHAR u76AE
ENCODING 30382
SWIDTH 1000 0
DWIDTH 12 0
BBX 12 12 0 -1
BITMAP
0000
0200
3FE0
4220
4200
7FC0
5040
4840
4480
4300
4C80
B060
ENDCHAR
STARTCHAR u76BF
ENCODING 30399
SWIDTH 1000 0
DWIDTH 12 0
BBX 12 12 0 -1
BITMAP
0000
0000
3F80
4A40
4A40
4A40
4A40
4A40
4A40
4A40
FFE0
0000
ENDCHAR
STARTCHAR u76EE
ENCODING 30446
SWIDTH 1000 0
DWIDTH 12 0
BBX 12 12 0 -1
BITMAP
0000
3F80
4040
4040
7FC0
4040
4040
4040
7FC0
4040
4040
3F80
ENDCHAR
STARTCHAR u76F8
ENCODING 30456
SWIDTH 1000 0
DWIDTH 12 0
BBX 12 12 0 -1
BITMAP
0000
23C0
2420
FC20
27E0
2420
7420
6C20
A7E0
2420
2420
23C0
ENDCHAR
STARTCHAR u77DB
ENCODING 30683
SWIDTH 1000 0
DWIDTH 12 0
BBX 12 12 0 -1
BITMAP
0000
7F00
0080
0B00
0400
FFC0
0C20
1440
2480
C400
0400
1800
ENDCHAR
STARTCHAR u77E2
ENCODING 30690
SWIDTH 1000 0
DWIDTH 12 0
BBX 12 12 0 -1
BITMAP
0000
2000
3FC0
4400
8400
0400
FFE0
0400
0A00
1100
2080
C060
ENDCHAR
STARTCHAR u77F3
ENCODING 30707
SWIDTH 1000 0
DWIDTH 12 0
BBX 12 12 0 -1
BITMAP
0000
FFE0
0800
0800
1000
1000
3F80
6040
A040
2040
2040
1F80
ENDCHAR
STARTCHAR u793A-ZH_TW
ENCODING 31034
SWIDTH 1000 0
DWIDTH 12 0
BBX 12 12 0 -1
BITMAP
0000
7FC0
0000
0000
FFE0
0400
0400
2480
2440
4420
8420
0400
ENDCHAR
STARTCHAR u793B
ENCODING 31035
SWIDTH 1000 0
DWIDTH 12 0
BBX 12 12 0 -1
BITMAP
0000
4000
2000
F000
1000
2000
3000
6800
A000
2000
2000
2000
ENDCHAR
STARTCHAR u793E
ENCODING 31038
SWIDTH 1000 0
DWIDTH 12 0
BBX 12 12 0 -1
BITMAP
0000
4100
2100
F100
1100
27C0
3100
6900
A100
2100
2100
2FE0
ENDCHAR
STARTCHAR u79B8-ZH_HK
ENCODING 31160
SWIDTH 1000 0
DWIDTH 12 0
BBX 12 12 0 -1
BITMAP
0000
0400
0400
7FC0
8420
8420
8520
8520
86A0
B8A0
8020
80C0
ENDCHAR
STARTCHAR u79BE
ENCODING 31166
SWIDTH 1000 0
DWIDTH 12 0
BBX 12 12 0 -1
BITMAP
0000
03C0
7C00
0400
0400
FFE0
0E00
1500
2480
4440
8420
0400
ENDCHAR
STARTCHAR u79C1
ENCODING 31169
SWIDTH 1000 0
DWIDTH 12 0
BBX 12 12 0 -1
BITMAP
0000
1900
E100
2100
2100
F900
2200
7240
6A40
A420
24E0
2320
ENDCHAR
STARTCHAR u7A74-ZH_TW
ENCODING 31348
SWIDTH 1000 0
DWIDTH 12 0
BBX 12 12 0 -1
BITMAP
0000
0800
0400
7FC0
8020
8020
1300
1100
2080
2080
4040
8020
ENDCHAR
STARTCHAR u7A7A
ENCODING 31354
SWIDTH 1000 0
DWIDTH 12 0
BBX 12 12 0 -1
BITMAP
0000
0400
FFE0
9120
2100
C0E0
0000
7FC0
0400
0400
0400
FFE0
ENDCHAR
STARTCHAR u7ACB
ENCODING 31435
SWIDTH 1000 0
DWIDTH 12 0
BBX 12 12 0 -1
BITMAP
0000
0800
0400
FFE0
0000
2080
2080
1080
1100
1100
0200
FFE0
ENDCHAR
STARTCHAR u7ADC-ZH_HK
ENCODING 31452
SWIDTH 1000 0
DWIDTH 12 0
BBX 12 12 0 -1
BITMAP
0000
0400
7FC0
2080
1100
FFE0
4440
7FC0
4440
3F80
0400
03E0
ENDCHAR
STARTCHAR u7AF9
ENCODING 31481
SWIDTH 1000 0
DWIDTH 12 0
BBX 12 12 0 -1
BITMAP
0000
2100
2100
3DE0
5240
9440
1040
1040
1040
1040
1040
1180
ENDCHAR
STARTCHAR u7B80
ENCODING 31616
SWIDTH 1000 0
DWIDTH 12 0
BBX 12 12 0 -1
BITMAP
0000
4200
7BE0
9480
5F80
0040
4E40
5140
5F40
5140
4E40
40C0
ENDCHAR
STARTCHAR u7C73
ENCODING 31859
SWIDTH 1000 0
DWIDTH 12 0
BBX 12 12 0 -1
BITMAP
0000
4440
2480
1500
0400
FFE0
0400
0E00
1500
2480
C460
0400
ENDCHAR
STARTCHAR u7CF8
ENCODING 31992
SWIDTH 1000 0
DWIDTH 12 0
BBX 12 12 0 -1
BITMAP
0000
0800
1100
2200
7C00
0880
1040
FFA0
0400
2480
C460
1800
ENDCHAR
STARTCHAR u7CF9
ENCODING 31993
SWIDTH 1000 0
DWIDTH 12 0
BBX 12 12 0 -1
BITMAP
0000
2000
4000
8800
F000
4000
9000
E800
0000
A800
A800
A800
ENDCHAR
STARTCHAR u7D20
ENCODING 32032
SWIDTH 1000 0
DWIDTH 12 0
BBX 12 12 0 -1
BITMAP
0000
0400
7FC0
0400
3F80
0400
FFE0
1200
2440
FFA0
2480
CC60
ENDCHAR
STARTCHAR u7D9A
ENCODING 32154
SWIDTH 1000 0
DWIDTH 12 0
BBX 12 12 0 -1
BITMAP
0000
4100
4FE0
8100
E7C0
4000
AFE0
E820
0280
A280
A4A0
A8E0
ENDCHAR
STARTCHAR u7E8C
ENCODING 32396
SWIDTH 1000 0
DWIDTH 12 0
BBX 12 12 0 -1
BITMAP
0000
4100
4FE0
8100
EFE0
4AA0
AFE0
E440
07C0
A440
A7C0
AC60
ENDCHAR
STARTCHAR u7E9F
ENCODING 32415
SWIDTH 1000 0
DWIDTH 12 0
BBX 12 12 0 -1
BITMAP
0000
1000
2000
4000
8800
F000
2000
4000
F800
0000
1800
E000
ENDCHAR
STARTCHAR u7EA7
ENCODING 32423
SWIDTH 1000 0
DWIDTH 12 0
BBX 12 12 0 -1
BITMAP
0000
4F80
4440
8440
A480
C4C0
4420
8620
E540
0880
2940
D620
ENDCHAR
STARTCHAR u7EBF
ENCODING 32447
SWIDTH 1000 0
DWIDTH 12 0
BBX 12 12 0 -1
BITMAP
0000
2140
2120
41E0
9700
E100
21E0
4700
F120
00C0
31A0
CE60
ENDCHAR
STARTCHAR u7EED
ENCODING 32493
SWIDTH 1000 0
DWIDTH 12 0
BBX 12 12 0 -1
BITMAP
0000
4100
47C0
8100
AFC0
C420
4AA0
8480
EFE0
0100
2240
CC20
ENDCHAR
STARTCHAR u7F1D
ENCODING 32541
SWIDTH 1000 0
DWIDTH 12 0
BBX 12 12 0 -1
BITMAP
0000
5100
49C0
8220
A1C0
DA20
4880
8BE0
E880
0BE0
3480
D3E0
ENDCHAR
STARTCHAR u7F36
ENCODING 32566
SWIDTH 1000 0
DWIDTH 12 0
BBX 12 12 0 -1
BITMAP
0000
4000
7FC0
4400
8400
0400
FFE0
0400
4440
4440
4440
3F80
ENDCHAR
STARTCHAR u7F51
ENCODING 32593
SWIDTH 1000 0
DWIDTH 12 0
BBX 12 12 0 -1
BITMAP
0000
7FC0
8020
88A0
AAA0
9120
9120
AAA0
AAA0
C420
8020
80C0
ENDCHAR
STARTCHAR u7F52
ENCODING 32594
SWIDTH 1000 0
DWIDTH 12 0
BBX 12 12 0 -1
BITMAP
0000
7FC0
9120
9120
7FC0
0000
0000
0000
0000
0000
0000
0000
ENDCHAR
STARTCHAR u7F53
ENCODING 32595
SWIDTH 1000 0
DWIDTH 12 0
BBX 12 12 0 -1
BITMAP
0000
7FC0
B1A0
8E20
B1A0
0000
0000
0000
0000
0000
0000
0000
ENDCHAR
STARTCHAR u7F8A
ENCODING 32650
SWIDTH 1000 0
DWIDTH 12 0
BBX 12 12 0 -1
BITMAP
0000
2080
1100
7FC0
0400
0400
3F80
0400
0400
FFE0
0400
0400
ENDCHAR
STARTCHAR u7FBD
ENCODING 32701
SWIDTH 1000 0
DWIDTH 12 0
BBX 12 12 0 -1
BITMAP
0000
F3C0
0820
8A20
4920
28A0
0820
1860
28A0
CB20
0820
30C0
ENDCHAR
STARTCHAR u8001-ZH_TW
ENCODING 32769
SWIDTH 1000 0
DWIDTH 12 0
BBX 12 12 0 -1
BITMAP
0000
0840
7E80
0900
0A00
FFE0
0800
3000
DFC0
1000
1020
0FE0
ENDCHAR
STARTCHAR u8002
ENCODING 32770
SWIDTH 1000 0
DWIDTH 12 0
BBX 12 12 0 -1
BITMAP
0000
0840
7E80
0900
0A00
FFE0
0800
3000
C000
0000
0000
0000
ENDCHAR
STARTCHAR u800C
ENCODING 32780
SWIDTH 1000 0
DWIDTH 12 0
BBX 12 12 0 -1
BITMAP
0000
FFE0
0400
0800
7FC0
9120
9120
9120
9120
9120
9120
8060
ENDCHAR
STARTCHAR u8012
ENCODING 32786
SWIDTH 1000 0
DWIDTH 12 0
BBX 12 12 0 -1
BITMAP
0000
0400
04C0
7F00
0400
3F80
0400
FFE0
1500
2480
C460
0400
ENDCHAR
STARTCHAR u8033-ZH_HK
ENCODING 32819
SWIDTH 1000 0
DWIDTH 12 0
BBX 12 12 0 -1
BITMAP
0000
FFE0
2080
3F80
2080
2080
3F80
2080
2080
FFE0
0080
0080
ENDCHAR
STARTCHAR u807F
ENCODING 32895
SWIDTH 1000 0
DWIDTH 12 0
BBX 12 12 0 -1
BITMAP
0000
0400
7F80
0440
FFE0
0440
7F80
0400
7FC0
0400
FFE0
0400
ENDCHAR
STARTCHAR u8080
ENCODING 32896
SWIDTH 1000 0
DWIDTH 12 0
BBX 12 12 0 -1
BITMAP
0000
0400
7F80
0440
FFE0
0440
7F80
0400
0400
0400
0400
0400
ENDCHAR
STARTCHAR u8089
ENCODING 32905
SWIDTH 1000 0
DWIDTH 12 0
BBX 12 12 0 -1
BITMAP
0000
0400
0400
7FC0
8420
8A20
B1A0
8420
8A20
B1A0
8020
80C0
ENDCHAR
STARTCHAR u80F6
ENCODING 33014
SWIDTH 1000 0
DWIDTH 12 0
BBX 12 12 0 -1
BITMAP
0000
E100
AFE0
A000
E440
A820
B440
E440
A280
A100
A280
AC60
ENDCHAR
STARTCHAR u8109
ENCODING 33033
SWIDTH 1000 0
DWIDTH 12 0
BBX 12 12 0 -1
BITMAP
0000
E300
A080
AE00
E120
BDA0
A5A0
E540
A940
A920
B120
A300
ENDCHAR
STARTCHAR u81E3
ENCODING 33251
SWIDTH 1000 0
DWIDTH 12 0
BBX 12 12 0 -1
BITMAP
0000
7FE0
8400
8400
FF80
8040
8040
8040
FF80
8400
8400
7FE0
ENDCHAR
STARTCHAR u81EA
ENCODING 33258
SWIDTH 1000 0
DWIDTH 12 0
BBX 12 12 0 -1
BITMAP
0000
0400
0800
3F80
4040
7FC0
4040
4040
7FC0
4040
4040
3F80
ENDCHAR
STARTCHAR u81F3
ENCODING 33267
SWIDTH 1000 0
DWIDTH 12 0
BBX 12 12 0 -1
BITMAP
0000
FFE0
0800
1100
2080
7F40
0440
0400
7FC0
0400
0400
FFE0
ENDCHAR
STARTCHAR u81FC
ENCODING 33276
SWIDTH 1000 0
DWIDTH 12 0
BBX 12 12 0 -1
BITMAP
0000
0800
1000
63C0
8020
8020
8020
FBE0
8020
8020
8020
7FC0
ENDCHAR
STARTCHAR u820C-ZH_TW
ENCODING 33292
SWIDTH 1000 0
DWIDTH 12 0
BBX 12 12 0 -1
BITMAP
0000
7FC0
0400
0400
0400
FFE0
0400
0400
3F80
4040
4040
3F80
ENDCHAR
STARTCHAR u821B
ENCODING 33307
SWIDTH 1000 0
DWIDTH 12 0
BBX 12 12 0 -1
BITMAP
0000
2080
2080
33E0
4880
4A80
AA80
1280
11E0
2080
4080
8080
ENDCHAR
STARTCHAR u821F
ENCODING 33311
SWIDTH 1000 0
DWIDTH 12 0
BBX 12 12 0 -1
BITMAP
0000
0400
1F00
2080
2880
2480
FFE0
2080
2880
4480
4080
8300
ENDCHAR
STARTCHAR u826E
ENCODING 33390
SWIDTH 1000 0
DWIDTH 12 0
BBX 12 12 0 -1
BITMAP
0000
3F80
4040
7FC0
4040
4040
7F80
4400
4220
4140
4880
3060
ENDCHAR
STARTCHAR u8272
ENCODING 33394
SWIDTH 1000 0
DWIDTH 12 0
BBX 12 12 0 -1
BITMAP
0000
2000
3E00
4100
BF80
4440
4440
7F80
4000
4020
4020
3FC0
ENDCHAR
STARTCHAR u8278
ENCODING 33400
SWIDTH 1000 0
DWIDTH 12 0
BBX 12 12 0 -1
BITMAP
0000
2080
2080
AAA0
AAA0
AAA0
AAA0
AAA0
71C0
2080
4080
8080
ENDCHAR
STARTCHAR u8279-ZH_HK
ENCODING 33401
SWIDTH 1000 0
DWIDTH 12 0
BBX 12 12 0 -1
BITMAP
0000
1100
FBE0
1100
0000
0000
0000
0000
0000
0000
0000
0000
ENDCHAR
STARTCHAR u864D-ZH_HK
ENCODING 34381
SWIDTH 1000 0
DWIDTH 12 0
BBX 12 12 0 -1
BITMAP
0000
0400
07C0
0400
3FE0
4420
47C0
7C00
4400
43E0
4000
8000
ENDCHAR
STARTCHAR u864E-ZH_HK
ENCODING 34382
SWIDTH 1000 0
DWIDTH 12 0
BBX 12 12 0 -1
BITMAP
0000
07C0
0400
3FE0
4420
4780
5C00
47E0
4000
4880
48A0
B0E0
ENDCHAR
STARTCHAR u866B
ENCODING 34411
SWIDTH 1000 0
DWIDTH 12 0
BBX 12 12 0 -1
BITMAP
0000
0400
0400
3F80
4440
4440
4440
3F80
0400
0440
07A0
F820
ENDCHAR
STARTCHAR u8840
ENCODING 34880
SWIDTH 1000 0
DWIDTH 12 0
BBX 12 12 0 -1
BITMAP
0000
0400
0800
3F80
4A40
4A40
4A40
4A40
4A40
4A40
4A40
FFE0
ENDCHAR
STARTCHAR u884C
ENCODING 34892
SWIDTH 1000 0
DWIDTH 12 0
BBX 12 12 0 -1
BITMAP
0000
27C0
4000
8000
2FE0
4080
C080
4080
4080
4080
4080
4300
ENDCHAR
STARTCHAR u8863
ENCODING 34915
SWIDTH 1000 0
DWIDTH 12 0
BBX 12 12 0 -1
BITMAP
0000
0800
0400
FFE0
0A00
1240
2280
6100
A100
2480
2840
1020
ENDCHAR
STARTCHAR u8864
ENCODING 34916
SWIDTH 1000 0
DWIDTH 12 0
BBX 12 12 0 -1
BITMAP
0000
4000
2000
F000
1000
2000
2800
7000
A800
2000
2000
2000
ENDCHAR
STARTCHAR u897E
ENCODING 35198
SWIDTH 1000 0
DWIDTH 12 0
BBX 12 12 0 -1
BITMAP
0000
FFE0
1100
1100
7FC0
9120
9120
9120
8E20
8020
8020
8020
ENDCHAR
STARTCHAR u897F
ENCODING 35199
SWIDTH 1000 0
DWIDTH 12 0
BBX 12 12 0 -1
BITMAP
0000
FFE0
1100
1100
7FC0
9120
9120
9120
A1E0
C020
8020
7FC0
ENDCHAR
STARTCHAR u8980
ENCODING 35200
SWIDTH 1000 0
DWIDTH 12 0
BBX 12 12 0 -1
BITMAP
0000
FFE0
1100
7FC0
9120
9120
7FC0
0000
0000
0000
0000
0000
ENDCHAR
STARTCHAR u898B
ENCODING 35211
SWIDTH 1000 0
DWIDTH 12 0
BBX 12 12 0 -1
BITMAP
0000
3F80
4040
7FC0
4040
7FC0
4040
3F80
1100
1120
2120
C0C0
ENDCHAR
STARTCHAR u89C1
ENCODING 35265
SWIDTH 1000 0
DWIDTH 12 0
BBX 12 12 0 -1
BITMAP
0000
3F80
4040
4040
4440
4440
4440
4440
0A00
0A20
1220
E1C0
ENDCHAR
STARTCHAR u89D2
ENCODING 35282
SWIDTH 1000 0
DWIDTH 12 0
BBX 12 12 0 -1
BITMAP
0000
2000
3E00
4100
BF80
4440
7FC0
4440
7FC0
4040
4040
8180
ENDCHAR
STARTCHAR u8A00
ENCODING 35328
SWIDTH 1000 0
DWIDTH 12 0
BBX 12 12 0 -1
BITMAP
0000
0800
0400
FFE0
0000
7FC0
0000
7FC0
0000
7FC0
4040
3F80
ENDCHAR
STARTCHAR u8A31
ENCODING 35377
SWIDTH 1000 0
DWIDTH 12 0
BBX 12 12 0 -1
BITMAP
0000
8400
47C0
E900
0100
E100
0FE0
E100
0100
E100
A100
E100
ENDCHAR
STARTCHAR u8BA0
ENCODING 35744
SWIDTH 1000 0
DWIDTH 12 0
BBX 12 12 0 -1
BITMAP
0000
4000
2000
0000
0000
E000
2000
2000
2000
2000
2800
1000
ENDCHAR
STARTCHAR u8BAF
ENCODING 35759
SWIDTH 1000 0
DWIDTH 12 0
BBX 12 12 0 -1
BITMAP
0000
9F00
4080
0480
0480
C480
5F80
4480
4480
44A0
54A0
2440
ENDCHAR
STARTCHAR u8BB8
ENCODING 35768
SWIDTH 1000 0
DWIDTH 12 0
BBX 12 12 0 -1
BITMAP
0000
8800
4FC0
1100
0100
C100
5FE0
4100
4100
4100
5100
2100
ENDCHAR
STARTCHAR u8C37
ENCODING 35895
SWIDTH 1000 0
DWIDTH 12 0
BBX 12 12 0 -1
BITMAP
0000
1100
2080
C460
0A00
3180
C060
1F00
2080
2080
2080
1F00
ENDCHAR
STARTCHAR u8C46
ENCODING 35910
SWIDTH 1000 0
DWIDTH 12 0
BBX 12 12 0 -1
BITMAP
0000
FFE0
0000
3F80
4040
4040
3F80
0000
2080
1080
1100
FFE0
ENDCHAR
STARTCHAR u8C55
ENCODING 35925
SWIDTH 1000 0
DWIDTH 12 0
BBX 12 12 0 -1
BITMAP
0000
FFE0
0400
1820
E440
0680
1B00
E280
0680
1A40
E220
0C00
ENDCHAR
STARTCHAR u8C78
ENCODING 35960
SWIDTH 1000 0
DWIDTH 12 0
BBX 12 12 0 -1
BITMAP
0000
0180
7E00
1240
0980
7E00
0300
0C80
7180
0E80
7080
0700
ENDCHAR
STARTCHAR u8C9D
ENCODING 35997
SWIDTH 1000 0
DWIDTH 12 0
BBX 12 12 0 -1
BITMAP
0000
3F80
4040
7FC0
4040
4040
7FC0
4040
3F80
0000
2080
C060
ENDCHAR
STARTCHAR u8D1D
ENCODING 36125
SWIDTH 1000 0
DWIDTH 12 0
BBX 12 12 0 -1
BITMAP
0000
3F80
4040
4440
4440
4440
4440
4440
4440
0A00
3180
C060
ENDCHAR
STARTCHAR u8D44
ENCODING 36164
SWIDTH 1000 0
DWIDTH 12 0
BBX 12 12 0 -1
BITMAP
0000
4400
27E0
0920
2280
CC60
0000
3F80
4440
4440
1B00
E0E0
ENDCHAR
STARTCHAR u8D64
ENCODING 36196
SWIDTH 1000 0
DWIDTH 12 0
BBX 12 12 0 -1
BITMAP
0000
0400
7FC0
0400
0400
FFE0
1100
5140
5120
9120
2100
4300
ENDCHAR
STARTCHAR u8D70
ENCODING 36208
SWIDTH 1000 0
DWIDTH 12 0
BBX 12 12 0 -1
BITMAP
0000
0400
7FC0
0400
0400
FFE0
0400
2400
27C0
2400
5C00
83E0
ENDCHAR
STARTCHAR u8DB3
ENCODING 36275
SWIDTH 1000 0
DWIDTH 12 0
BBX 12 12 0 -1
BITMAP
0000
3F80
4040
4040
4040
3F80
0400
2400
27C0
2400
5C00
83E0
ENDCHAR
STARTCHAR u8DE1
ENCODING 36321
SWIDTH 1000 0
DWIDTH 12 0
BBX 12 12 0 -1
BITMAP
0000
6200
9100
9FE0
6280
2280
26C0
B6A0
AAA0
A280
B480
C980
ENDCHAR
STARTCHAR u8E5F
ENCODING 36447
SWIDTH 1000 0
DWIDTH 12 0
BBX 12 12 0 -1
BITMAP
0000
6100
9FE0
9100
67C0
2100
2FE0
B440
A7C0
A440
B7C0
CC60
ENDCHAR
STARTCHAR u8EAB
ENCODING 36523
SWIDTH 1000 0
DWIDTH 12 0
BBX 12 12 0 -1
BITMAP
0000
0400
1F00
2080
3F80
2080
3FA0
20C0
FF80
0480
1880
E300
ENDCHAR
STARTCHAR u8ECA
ENCODING 36554
SWIDTH 1000 0
DWIDTH 12 0
BBX 12 12 0 -1
BITMAP
0000
0400
FFE0
0400
3F80
4440
7FC0
4440
3F80
0400
FFE0
0400
ENDCHAR
STARTCHAR u8F66
ENCODING 36710
SWIDTH 1000 0
DWIDTH 12 0
BBX 12 12 0 -1
BITMAP
0000
0800
FFE0
1000
2400
4400
3FC0
0400
0400
FFE0
0400
0400
ENDCHAR
STARTCHAR u8F7D
ENCODING 36733
SWIDTH 1000 0
DWIDTH 12 0
BBX 12 12 0 -1
BITMAP
0000
1140
7D20
1100
FFE0
2100
FD20
5140
7C80
10A0
FD60
1220
ENDCHAR
STARTCHAR u8F9B
ENCODING 36763
SWIDTH 1000 0
DWIDTH 12 0
BBX 12 12 0 -1
BITMAP
0000
0800
0400
7FC0
2080
1100
FFE0
0400
0400
7FC0
0400
0400
ENDCHAR
STARTCHAR u8FB0-ZH_HK
ENCODING 36784
SWIDTH 1000 0
DWIDTH 12 0
BBX 12 12 0 -1
BITMAP
0000
3FE0
4000
7FC0
4000
7FE0
5100
5120
5140
5080
5240
8C20
ENDCHAR
STARTCHAR u8FB5
ENCODING 36789
SWIDTH 1000 0
DWIDTH 12 0
BBX 12 12 0 -1
BITMAP
0000
03C0
7C00
03C0
7C00
03E0
FC00
0400
27C0
2400
5C00
83E0
ENDCHAR
STARTCHAR u8FB6-ZH_HK
ENCODING 36790
SWIDTH 1000 0
DWIDTH 12 0
BBX 12 12 0 -1
BITMAP
0000
8000
4000
0000
C000
4000
4000
8000
4000
4000
A000
9FE0
ENDCHAR
STARTCHAR u8FC7-ZH_HK
ENCODING 36807
SWIDTH 1000 0
DWIDTH 12 0
BBX 12 12 0 -1
BITMAP
0000
8080
4080
1FE0
C080
4880
4480
8480
4080
4300
A000
9FE0
ENDCHAR
STARTCHAR u8FDE
ENCODING 36830
SWIDTH 1000 0
DWIDTH 12 0
BBX 12 12 0 -1
BITMAP
0000
8200
5FE0
0400
0900
C900
47E0
4100
5FE0
4100
A100
9FE0
ENDCHAR
STARTCHAR u8FF9-ZH_HK
ENCODING 36857
SWIDTH 1000 0
DWIDTH 12 0
BBX 12 12 0 -1
BITMAP
0000
8200
4100
1FE0
C480
54C0
54A0
A4A0
4480
4580
A000
9FE0
ENDCHAR
STARTCHAR u901F-ZH_HK
ENCODING 36895
SWIDTH 1000 0
DWIDTH 12 0
BBX 12 12 0 -1
BITMAP
0000
8100
5FE0
0100
CFC0
5120
4FC0
8380
4540
5920
A100
9FE0
ENDCHAR
STARTCHAR u9023-ZH_HK
ENCODING 36899
SWIDTH 1000 0
DWIDTH 12 0
BBX 12 12 0 -1
BITMAP
0000
8100
5FE0
0100
C7C0
4920
4FE0
8920
5FE0
4100
A100
9FE0
ENDCHAR
STARTCHAR u904E-ZH_HK
ENCODING 36942
SWIDTH 1000 0
DWIDTH 12 0
BBX 12 12 0 -1
BITMAP
0000
8780
4840
0BC0
CA40
4FC0
5020
97A0
54A0
57A0
A000
9FE0
ENDCHAR
STARTCHAR u9091
ENCODING 37009
SWIDTH 1000 0
DWIDTH 12 0
BBX 12 12 0 -1
BITMAP
0000
1F00
2080
3F80
0000
3F80
4440
4440
7F80
4000
4020
3FE0
ENDCHAR
STARTCHAR u9149
ENCODING 37193
SWIDTH 1000 0
DWIDTH 12 0
BBX 12 12 0 -1
BITMAP
0000
FFE0
0A00
0A00
3F80
4A40
5240
63C0
4040
7FC0
4040
3F80
ENDCHAR
STARTCHAR u91C6
ENCODING 37318
SWIDTH 1000 0
DWIDTH 12 0
BBX 12 12 0 -1
BITMAP
0000
01C0
7E00
4440
2480
0400
FFE0
0E00
1500
2480
C460
0400
ENDCHAR
STARTCHAR u91CC
ENCODING 37324
SWIDTH 1000 0
DWIDTH 12 0
BBX 12 12 0 -1
BITMAP
0000
3F80
4440
4440
7FC0
4440
4440
3F80
0400
7FC0
0400
FFE0
ENDCHAR
STARTCHAR u91D1
ENCODING 37329
SWIDTH 1000 0
DWIDTH 12 0
BBX 12 12 0 -1
BITMAP
0000
0400
0A00
3180
C060
3F80
0400
0400
7FC0
2480
1500
FFE0
ENDCHAR
STARTCHAR u9485
ENCODING 38021
SWIDTH 1000 0
DWIDTH 12 0
BBX 12 12 0 -1
BITMAP
0000
4000
7800
8000
7800
2000
2000
F800
2000
2000
2800
1000
ENDCHAR
STARTCHAR u9577
ENCODING 38263
SWIDTH 1000 0
DWIDTH 12 0
BBX 12 12 0 -1
BITMAP
0000
1FC0
2000
3F80
2000
3F80
2000
FFE0
2440
2280
2900
30E0
ENDCHAR
STARTCHAR u9578
ENCODING 38264
SWIDTH 1000 0
DWIDTH 12 0
BBX 12 12 0 -1
BITMAP
0000
1FC0
2000
3F80
2000
3F80
2000
FFE0
0800
1100
2080
7F40
ENDCHAR
STARTCHAR u957F
ENCODING 38271
SWIDTH 1000 0
DWIDTH 12 0
BBX 12 12 0 -1
BITMAP
0000
2080
2100
2200
2C00
2000
FFE0
2400
2200
2100
2880
3060
ENDCHAR
STARTCHAR u9580
ENCODING 38272
SWIDTH 1000 0
DWIDTH 12 0
BBX 12 12 0 -1
BITMAP
0000
7BC0
8A20
FBE0
8A20
FBE0
8020
8020
8020
8020
8020
80C0
ENDCHAR
STARTCHAR u95E8
ENCODING 38376
SWIDTH 1000 0
DWIDTH 12 0
BBX 12 12 0 -1
BITMAP
0000
9FC0
4020
0020
8020
8020
8020
8020
8020
8020
8020
80C0
ENDCHAR
STARTCHAR u95F4
ENCODING 38388
SWIDTH 1000 0
DWIDTH 12 0
BBX 12 12 0 -1
BITMAP
0000
9FC0
4020
0020
8E20
9120
9120
9F20
9120
9120
8E20
8060
ENDCHAR
STARTCHAR u961C
ENCODING 38428
SWIDTH 1000 0
DWIDTH 12 0
BBX 12 12 0 -1
BITMAP
0000
0800
3F80
4040
7F80
4000
7F80
4040
3F80
0400
FFE0
0400
ENDCHAR
STARTCHAR u961D
ENCODING 38429
SWIDTH 1000 0
DWIDTH 12 0
BBX 12 12 0 -1
BITMAP
0000
3000
4800
4800
5000
5000
4800
4800
4800
7000
4000
4000
ENDCHAR
STARTCHAR u96B6-ZH_HK
ENCODING 38582
SWIDTH 1000 0
DWIDTH 12 0
BBX 12 12 0 -1
BITMAP
0000
0400
7F80
0440
FFE0
0440
7F80
4440
2480
1500
2480
CC60
ENDCHAR
STARTCHAR u96B9
ENCODING 38585
SWIDTH 1000 0
DWIDTH 12 0
BBX 12 12 0 -1
BITMAP
0000
2400
2200
7FE0
C200
7FC0
4200
4200
7FC0
4200
4200
7FE0
ENDCHAR
STARTCHAR u96E8-ZH_HK
ENCODING 38632
SWIDTH 1000 0
DWIDTH 12 0
BBX 12 12 0 -1
BITMAP
0000
FFE0
0400
0400
7FC0
8420
A4A0
9520
8420
9520
A4A0
8420
ENDCHAR
STARTCHAR u9751
ENCODING 38737
SWIDTH 1000 0
DWIDTH 12 0
BBX 12 12 0 -1
BITMAP
0000
0400
7FC0
0400
7FC0
0400
FFE0
2480
2480
3F80
2080
2180
ENDCHAR
STARTCHAR u9752-ZH_TW
ENCODING 38738
SWIDTH 1000 0
DWIDTH 12 0
BBX 12 12 0 -1
BITMAP
0000
0400
7FC0
0400
7FC0
0400
FFE0
2080
3F80
2080
3F80
4080
ENDCHAR
STARTCHAR u975E
ENCODING 38750
SWIDTH 1000 0
DWIDTH 12 0
BBX 12 12 0 -1
BITMAP
0000
1100
1100
F1E0
1100
1100
F1E0
1100
1100
F1E0
2100
4100
ENDCHAR
STARTCHAR u9762
ENCODING 38754
SWIDTH 1000 0
DWIDTH 12 0
BBX 12 12 0 -1
BITMAP
0000
FFE0
0400
0800
7FC0
9120
9F20
9120
9120
9F20
9120
7FC0
ENDCHAR
STARTCHAR u9769
ENCODING 38761
SWIDTH 1000 0
DWIDTH 12 0
BBX 12 12 0 -1
BITMAP
0000
1100
FFE0
1100
0E00
0400
3F80
4440
3F80
0400
FFE0
0400
ENDCHAR
STARTCHAR u97CB
ENCODING 38859
SWIDTH 1000 0
DWIDTH 12 0
BBX 12 12 0 -1
BITMAP
0000
0800
7F80
1040
FFE0
4040
7FC0
0200
FFE0
4200
7FE0
0200
ENDCHAR
STARTCHAR u97E6
ENCODING 38886
SWIDTH 1000 0
DWIDTH 12 0
BBX 12 12 0 -1
BITMAP
0000
0400
0400
FFE0
0400
7FC0
0400
FFC0
0420
0420
04C0
0400
ENDCHAR
STARTCHAR u97E9
ENCODING 38889
SWIDTH 1000 0
DWIDTH 12 0
BBX 12 12 0 -1
BITMAP
0000
2080
F880
23E0
7080
8BE0
F880
8BC0
70A0
20A0
F8C0
2080
ENDCHAR
STARTCHAR u97ED
ENCODING 38893
SWIDTH 1000 0
DWIDTH 12 0
BBX 12 12 0 -1
BITMAP
0000
1100
F1E0
1100
1100
F1E0
1100
1100
F1E0
1100
1100
FFE0
ENDCHAR
STARTCHAR u97F3
ENCODING 38899
SWIDTH 1000 0
DWIDTH 12 0
BBX 12 12 0 -1
BITMAP
0000
0400
7FC0
2080
1100
FFE0
0000
3F80
4040
7FC0
4040
3F80
ENDCHAR
STARTCHAR u9801
ENCODING 38913
SWIDTH 1000 0
DWIDTH 12 0
BBX 12 12 0 -1
BITMAP
0000
FFE0
0400
3F80
4040
7FC0
4040
7FC0
4040
3F80
2080
C060
ENDCHAR
STARTCHAR u9875
ENCODING 39029
SWIDTH 1000 0
DWIDTH 12 0
BBX 12 12 0 -1
BITMAP
0000
FFE0
0400
3F80
4040
4440
4440
4440
4440
0A00
3180
C060
ENDCHAR
STARTCHAR u98A8-ZH_HK
ENCODING 39080
SWIDTH 1000 0
DWIDTH 12 0
BBX 12 12 0 -1
BITMAP
0000
3F80
4040
5F40
4440
5F40
5540
5540
5F40
4440
4560
BEA0
ENDCHAR
STARTCHAR u98CE
ENCODING 39118
SWIDTH 1000 0
DWIDTH 12 0
BBX 12 12 0 -1
BITMAP
0000
3F80
4040
4140
5140
4A40
4440
4440
4A40
5140
4060
8020
ENDCHAR
STARTCHAR u98DB
ENCODING 39131
SWIDTH 1000 0
DWIDTH 12 0
BBX 12 12 0 -1
BITMAP
0000
FE40
0180
2940
C920
48E0
FE00
4940
4980
4940
4920
88E0
ENDCHAR
STARTCHAR u98DE
ENCODING 39134
SWIDTH 1000 0
DWIDTH 12 0
BBX 12 12 0 -1
BITMAP
0000
FE00
0120
0140
0180
0140
0120
0100
0100
00A0
00A0
0040
ENDCHAR
STARTCHAR u98DF-ZH_HK
ENCODING 39135
SWIDTH 1000 0
DWIDTH 12 0
BBX 12 12 0 -1
BITMAP
0000
0E00
3180
CE60
1F00
2080
3F80
2080
3F20
2240
2980
3060
ENDCHAR
STARTCHAR u98E0
ENCODING 39136
SWIDTH 1000 0
DWIDTH 12 0
BBX 12 12 0 -1
BITMAP
0000
6000
9000
2000
F000
9000
F000
9000
F000
8000
A000
D000
ENDCHAR
STARTCHAR u9963
ENCODING 39267
SWIDTH 1000 0
DWIDTH 12 0
BBX 12 12 0 -1
BITMAP
0000
4000
7800
4800
9000
2000
2000
2000
2000
2000
2800
1000
ENDCHAR
STARTCHAR u9996
ENCODING 39318
SWIDTH 1000 0
DWIDTH 12 0
BBX 12 12 0 -1
BITMAP
0000
2080
1100
FFE0
0400
3F80
4040
7FC0
4040
7FC0
4040
3F80
ENDCHAR
STARTCHAR u9999
ENCODING 39321
SWIDTH 1000 0
DWIDTH 12 0
BBX 12 12 0 -1
BITMAP
0000
03C0
7C00
0400
FFE0
1500
2480
DF60
2080
3F80
2080
1F00
ENDCHAR
STARTCHAR u99AC
ENCODING 39340
SWIDTH 1000 0
DWIDTH 12 0
BBX 12 12 0 -1
BITMAP
0000
1FC0
2200
3FC0
2200
3FC0
2200
1FC0
0020
5520
5520
80C0
ENDCHAR
STARTCHAR u9A6C
ENCODING 39532
SWIDTH 1000 0
DWIDTH 12 0
BBX 12 12 0 -1
BITMAP
0000
7F00
0080
2080
2080
2080
1FC0
0020
0020
FF20
0020
01C0
ENDCHAR
STARTCHAR u9AA8-ZH_TW
ENCODING 39592
SWIDTH 1000 0
DWIDTH 12 0
BBX 12 12 0 -1
BITMAP
0000
1F00
2080
2780
2480
7FC0
A0A0
BFA0
2080
3F80
4080
8180
ENDCHAR
STARTCHAR u9AD8
ENCODING 39640
SWIDTH 1000 0
DWIDTH 12 0
BBX 12 12 0 -1
BITMAP
0000
0400
FFE0
2080
3F80
0000
7FC0
8020
9F20
9120
9F20
8060
ENDCHAR
STARTCHAR u9ADF
ENCODING 39647
SWIDTH 1000 0
DWIDTH 12 0
BBX 12 12 0 -1
BITMAP
0000
3C20
4040
7D80
4000
7C20
4040
FD80
2000
4820
8840
7580
ENDCHAR
STARTCHAR u9B25
ENCODING 39717
SWIDTH 1000 0
DWIDTH 12 0
BBX 12 12 0 -1
BITMAP
0000
BBA0
9120
BBA0
9120
BBA0
8020
8020
8020
8020
8020
80C0
ENDCHAR
STARTCHAR u9B2F-ZH_TW
ENCODING 39727
SWIDTH 1000 0
DWIDTH 12 0
BBX 12 12 0 -1
BITMAP
0000
A4A0
9120
CE60
9120
A4A0
7FC0
4000
7FE0
4000
4020
3FE0
ENDCHAR
STARTCHAR u9B32
ENCODING 39730
SWIDTH 1000 0
DWIDTH 12 0
BBX 12 12 0 -1
BITMAP
0000
FFE0
0000
3F80
2080
3F80
0000
7FC0
9120
BFA0
8420
8460
ENDCHAR
STARTCHAR u9B3C
ENCODING 39740
SWIDTH 1000 0
DWIDTH 12 0
BBX 12 12 0 -1
BITMAP
0000
0800
3F80
4440
7FC0
4440
3F80
0A80
0B40
13C0
2220
C1E0
ENDCHAR
STARTCHAR u9B5A
ENCODING 39770
SWIDTH 1000 0
DWIDTH 12 0
BBX 12 12 0 -1
BITMAP
0000
2000
3E00
4100
BF80
4440
7FC0
4440
3F80
0000
5240
8920
ENDCHAR
STARTCHAR u9C7C
ENCODING 40060
SWIDTH 1000 0
DWIDTH 12 0
BBX 12 12 0 -1
BITMAP
0000
2000
3E00
4100
BF80
4440
7FC0
4440
4440
3F80
0000
FFE0
ENDCHAR
STARTCHAR u9CE5
ENCODING 40165
SWIDTH 1000 0
DWIDTH 12 0
BBX 12 12 0 -1
BITMAP
0000
0800
1F00
2080
3F80
2080
3FE0
2000
1FC0
0020
5520
9560
ENDCHAR
STARTCHAR u9E1F
ENCODING 40479
SWIDTH 1000 0
DWIDTH 12 0
BBX 12 12 0 -1
BITMAP
0000
0800
1F00
2080
2880
2580
2000
1FC0
0020
FF20
0020
01C0
ENDCHAR
STARTCHAR u9E75
ENCODING 40565
SWIDTH 1000 0
DWIDTH 12 0
BBX 12 12 0 -1
BITMAP
0000
0400
07E0
0400
3F80
4440
5140
4A40
64C0
4A40
5540
3F80
ENDCHAR
STARTCHAR u9E7F-ZH_HK
ENCODING 40575
SWIDTH 1000 0
DWIDTH 12 0
BBX 12 12 0 -1
BITMAP
0000
0200
3FE0
4900
7FC0
4920
7FC0
5100
5DE0
5100
5520
98E0
ENDCHAR
STARTCHAR u9EA5-ZH_HK
ENCODING 40613
SWIDTH 1000 0
DWIDTH 12 0
BBX 12 12 0 -1
BITMAP
0000
0400
FFE0
2480
5540
8E20
3180
C860
1F80
6880
0700
F8E0
ENDCHAR
STARTCHAR u9EA6
ENCODING 40614
SWIDTH 1000 0
DWIDTH 12 0
BBX 12 12 0 -1
BITMAP
0000
0400
7FC0
0400
7FC0
0400
FFE0
0800
1FC0
7080
0F00
F0E0
ENDCHAR
STARTCHAR u9EBB
ENCODING 40635
SWIDTH 1000 0
DWIDTH 12 0
BBX 12 12 0 -1
BITMAP
0000
0200
3FE0
4880
4880
7FE0
4880
5980
5DC0
6AA0
4880
8880
ENDCHAR
STARTCHAR u9EC3
ENCODING 40643
SWIDTH 1000 0
DWIDTH 12 0
BBX 12 12 0 -1
BITMAP
0000
1100
7FC0
1100
0E00
0000
FFE0
4440
7FC0
4440
3F80
C060
ENDCHAR
STARTCHAR u9EC4
ENCODING 40644
SWIDTH 1000 0
DWIDTH 12 0
BBX 12 12 0 -1
BITMAP
0000
1100
7FC0
1100
FFE0
0400
3F80
4440
7FC0
4440
3F80
C060
ENDCHAR
STARTCHAR u9ECD
ENCODING 40653
SWIDTH 1000 0
DWIDTH 12 0
BBX 12 12 0 -1
BITMAP
0000
03C0
7C00
0400
FFE0
2480
C460
1B00
E4E0
2480
1500
6CC0
ENDCHAR
STARTCHAR u9ED1
ENCODING 40657
SWIDTH 1000 0
DWIDTH 12 0
BBX 12 12 0 -1
BITMAP
0000
3F80
4440
5540
4440
3F80
0400
7FC0
0400
FFE0
5240
8920
ENDCHAR
STARTCHAR u9EF9-ZH_TW
ENCODING 40697
SWIDTH 1000 0
DWIDTH 12 0
BBX 12 12 0 -1
BITMAP
0000
4A40
2A80
FFE0
2480
4440
BFA0
4440
5540
64C0
4440
44C0
ENDCHAR
STARTCHAR u9EFD-ZH_HK
ENCODING 40701
SWIDTH 1000 0
DWIDTH 12 0
BBX 12 12 0 -1
BITMAP
0000
3F80
4A40
3B80
0A00
3B80
4A40
7BC0
4A40
3B80
0820
07E0
ENDCHAR
STARTCHAR u9EFE
ENCODING 40702
SWIDTH 1000 0
DWIDTH 12 0
BBX 12 12 0 -1
BITMAP
0000
1F00
2080
3F80
0400
3F80
4440
7FC0
4440
3F80
0420
03E0
ENDCHAR
STARTCHAR u9F0E
ENCODING 40718
SWIDTH 1000 0
DWIDTH 12 0
BBX 12 12 0 -1
BITMAP
0000
1F00
2080
BFA0
A0A0
BFA0
A0A0
7FC0
0A00
FBC0
4A20
8A20
ENDCHAR
STARTCHAR u9F13
ENCODING 40723
SWIDTH 1000 0
DWIDTH 12 0
BBX 12 12 0 -1
BITMAP
0000
2080
FC80
23E0
F880
0080
FBE0
8A20
FA20
5140
5880
E760
ENDCHAR
STARTCHAR u9F20-ZH_HK
ENCODING 40736
SWIDTH 1000 0
DWIDTH 12 0
BBX 12 12 0 -1
BITMAP
0000
3B80
4040
7BC0
4040
7FC0
0000
7740
4440
7740
4440
7720
ENDCHAR
STARTCHAR u9F3B
ENCODING 40763
SWIDTH 1000 0
DWIDTH 12 0
BBX 12 12 0 -1
BITMAP
0000
0400
1F00
2080
3F80
2080
3F80
4440
7FC0
4440
FFE0
2080
ENDCHAR
STARTCHAR u9F4A
ENCODING 40778
SWIDTH 1000 0
DWIDTH 12 0
BBX 12 12 0 -1
BITMAP
0000
0400
FFE0
0A00
F5E0
5540
B5A0
4040
7FC0
4040
7FC0
8040
ENDCHAR
STARTCHAR u9F50
ENCODING 40784
SWIDTH 1000 0
DWIDTH 12 0
BBX 12 12 0 -1
BITMAP
0000
0400
FFE0
2080
1100
0E00
3180
C060
2080
2080
2080
4080
ENDCHAR
STARTCHAR u9F52
ENCODING 40786
SWIDTH 1000 0
DWIDTH 12 0
BBX 12 12 0 -1
BITMAP
0000
0400
27C0
2400
FFE0
0000
5140
6AC0
7FC0
5140
6AC0
3F80
ENDCHAR
STARTCHAR u9F7F
ENCODING 40831
SWIDTH 1000 0
DWIDTH 12 0
BBX 12 12 0 -1
BITMAP
0000
0400
27C0
2400
2400
FFE0
0000
4440
4440
4A40
5140
3F80
ENDCHAR
STARTCHAR u9F8D-ZH_TW
ENCODING 40845
SWIDTH 1000 0
DWIDTH 12 0
BBX 12 12 0 -1
BITMAP
0000
21E0
FA00
51C0
FC20
01C0
FA00
4BE0
7A00
4BE0
7A00
89E0
ENDCHAR
STARTCHAR u9F99
ENCODING 40857
SWIDTH 1000 0
DWIDTH 12 0
BBX 12 12 0 -1
BITMAP
0000
0900
0880
FFE0
0A00
0A00
1240
1280
2300
2220
4620
89C0
ENDCHAR
STARTCHAR u9F9C-ZH_TW
ENCODING 40860
SWIDTH 1000 0
DWIDTH 12 0
BBX 12 12 0 -1
BITMAP
0000
3E00
4100
FFC0
4A40
FBC0
2A00
FFC0
2A40
FFC0
2820
C7E0
ENDCHAR
STARTCHAR u9F9F-ZH_HK
ENCODING 40863
SWIDTH 1000 0
DWIDTH 12 0
BBX 12 12 0 -1
BITMAP
0000
2000
3E00
4100
BF80
4440
7FC0
4440
4440
3F80
0400
03E0
ENDCHAR
STARTCHAR u9FA0
ENCODING 40864
SWIDTH 1000 0
DWIDTH 12 0
BBX 12 12 0 -1
BITMAP
0000
0E00
3180
DF60
AAA0
EEE0
0000
7FC0
9120
FFE0
9120
9160
ENDCHAR
STARTCHAR uA726
ENCODING 42790
SWIDTH 584 0
DWIDTH 7 0
BBX 7 18 0 -4
BITMAP
00
00
00
00
00
84
84
84
84
FC
84
84
84
84
04
18
00
00
ENDCHAR
STARTCHAR uA727
ENCODING 42791
SWIDTH 500 0
DWIDTH 6 0
BBX 6 18 0 -4
BITMAP
00
00
00
00
00
80
80
80
B0
C8
88
88
88
88
08
30
00
00
ENDCHAR
STARTCHAR uA73E
ENCODING 42814
SWIDTH 584 0
DWIDTH 7 0
BBX 7 18 0 -4
BITMAP
00
00
00
00
00
70
88
04
04
24
04
04
88
70
00
00
00
00
ENDCHAR
STARTCHAR uA73F
ENCODING 42815
SWIDTH 500 0
DWIDTH 6 0
BBX 6 18 0 -4
BITMAP
00
00
00
00
00
00
00
00
70
88
28
08
88
70
00
00
00
00
ENDCHAR
STARTCHAR uA740
ENCODING 42816
SWIDTH 667 0
DWIDTH 8 0
BBX 8 18 0 -4
BITMAP
00
00
00
00
00
42
F4
48
50
60
50
48
44
42
00
00
00
00
ENDCHAR
STARTCHAR uA741
ENCODING 42817
SWIDTH 584 0
DWIDTH 7 0
BBX 7 18 0 -4
BITMAP
00
00
00
00
00
40
F0
40
44
58
60
50
48
44
00
00
00
00
ENDCHAR
STARTCHAR uA7FA
ENCODING 43002
SWIDTH 667 0
DWIDTH 8 0
BBX 8 18 0 -4
BITMAP
00
00
00
00
00
00
00
00
92
92
92
92
92
7C
00
00
00
00
ENDCHAR
STARTCHAR uE000
ENCODING 57344
SWIDTH 1000 0
DWIDTH 12 0
BBX 12 12 0 -1
BITMAP
0000
1F00
1100
1100
F1E0
8020
8020
8020
F1E0
1100
1100
1F00
ENDCHAR
STARTCHAR uE001
ENCODING 57345
SWIDTH 1000 0
DWIDTH 12 0
BBX 12 12 0 -1
BITMAP
0000
1F00
1100
1500
F1E0
8020
8020
8020
F1E0
1100
1100
1F00
ENDCHAR
STARTCHAR uE002
ENCODING 57346
SWIDTH 1000 0
DWIDTH 12 0
BBX 12 12 0 -1
BITMAP
0000
1F00
1100
1100
F1E0
8020
8020
8020
F1E0
1500
1100
1F00
ENDCHAR
STARTCHAR uE003
ENCODING 57347
SWIDTH 1000 0
DWIDTH 12 0
BBX 12 12 0 -1
BITMAP
0000
1F00
1100
1100
F1E0
8020
A020
8020
F1E0
1100
1100
1F00
ENDCHAR
STARTCHAR uE004
ENCODING 57348
SWIDTH 1000 0
DWIDTH 12 0
BBX 12 12 0 -1
BITMAP
0000
1F00
1100
1100
F1E0
8020
80A0
8020
F1E0
1100
1100
1F00
ENDCHAR
STARTCHAR uE005
ENCODING 57349
SWIDTH 1000 0
DWIDTH 12 0
BBX 12 12 0 -1
BITMAP
0000
1F00
1100
1500
F1E0
8020
8020
8020
F1E0
1500
1100
1F00
ENDCHAR
STARTCHAR uE006
ENCODING 57350
SWIDTH 1000 0
DWIDTH 12 0
BBX 12 12 0 -1
BITMAP
0000
1F00
1100
1100
F1E0
8020
A0A0
8020
F1E0
1100
1100
1F00
ENDCHAR
STARTCHAR uE007
ENCODING 57351
SWIDTH 1000 0
DWIDTH 12 0
BBX 12 12 0 -1
BITMAP
0000
1F00
1100
1500
F1E0
8020
A020
8020
F1E0
1100
1100
1F00
ENDCHAR
STARTCHAR uE008
ENCODING 57352
SWIDTH 1000 0
DWIDTH 12 0
BBX 12 12 0 -1
BITMAP
0000
1F00
1100
1500
F1E0
8020
80A0
8020
F1E0
1100
1100
1F00
ENDCHAR
STARTCHAR uE009
ENCODING 57353
SWIDTH 1000 0
DWIDTH 12 0
BBX 12 12 0 -1
BITMAP
0000
1F00
1100
1100
F1E0
8020
A020
8020
F1E0
1500
1100
1F00
ENDCHAR
STARTCHAR uE00A
ENCODING 57354
SWIDTH 1000 0
DWIDTH 12 0
BBX 12 12 0 -1
BITMAP
0000
1F00
1100
1100
F1E0
8020
80A0
8020
F1E0
1500
1100
1F00
ENDCHAR
STARTCHAR uE00B
ENCODING 57355
SWIDTH 1000 0
DWIDTH 12 0
BBX 12 12 0 -1
BITMAP
0000
1F00
1100
1500
F1E0
8020
A0A0
8020
F1E0
1100
1100
1F00
ENDCHAR
STARTCHAR uE00C
ENCODING 57356
SWIDTH 1000 0
DWIDTH 12 0
BBX 12 12 0 -1
BITMAP
0000
1F00
1100
1100
F1E0
8020
A0A0
8020
F1E0
1500
1100
1F00
ENDCHAR
STARTCHAR uE00D
ENCODING 57357
SWIDTH 1000 0
DWIDTH 12 0
BBX 12 12 0 -1
BITMAP
0000
1F00
1100
1500
F1E0
8020
A020
8020
F1E0
1500
1100
1F00
ENDCHAR
STARTCHAR uE00E
ENCODING 57358
SWIDTH 1000 0
DWIDTH 12 0
BBX 12 12 0 -1
BITMAP
0000
1F00
1100
1500
F1E0
8020
80A0
8020
F1E0
1500
1100
1F00
ENDCHAR
STARTCHAR uE00F
ENCODING 57359
SWIDTH 1000 0
DWIDTH 12 0
BBX 12 12 0 -1
BITMAP
0000
1F00
1100
1500
F1E0
8020
A0A0
8020
F1E0
1500
1100
1F00
ENDCHAR
STARTCHAR uE010
ENCODING 57360
SWIDTH 1000 0
DWIDTH 12 0
BBX 12 12 0 -1
BITMAP
0000
1F00
1F00
1F00
FFE0
FFE0
FFE0
FFE0
FFE0
1F00
1F00
1F00
ENDCHAR
STARTCHAR uE011
ENCODING 57361
SWIDTH 1000 0
DWIDTH 12 0
BBX 12 12 0 -1
BITMAP
0000
1F00
1B00
1F00
FFE0
FFE0
FFE0
FFE0
FFE0
1F00
1F00
1F00
ENDCHAR
STARTCHAR uE012
ENCODING 57362
SWIDTH 1000 0
DWIDTH 12 0
BBX 12 12 0 -1
BITMAP
0000
1F00
1F00
1F00
FFE0
FFE0
FFE0
FFE0
FFE0
1F00
1B00
1F00
ENDCHAR
STARTCHAR uE013
ENCODING 57363
SWIDTH 1000 0
DWIDTH 12 0
BBX 12 12 0 -1
BITMAP
0000
1F00
1F00
1F00
FFE0
FFE0
BFE0
FFE0
FFE0
1F00
1F00
1F00
ENDCHAR
STARTCHAR uE014
ENCODING 57364
SWIDTH 1000 0
DWIDTH 12 0
BBX 12 12 0 -1
BITMAP
0000
1F00
1F00
1F00
FFE0
FFE0
FFA0
FFE0
FFE0
1F00
1F00
1F00
ENDCHAR
STARTCHAR uE015
ENCODING 57365
SWIDTH 1000 0
DWIDTH 12 0
BBX 12 12 0 -1
BITMAP
0000
1F00
1B00
1F00
FFE0
FFE0
FFE0
FFE0
FFE0
1F00
1B00
1F00
ENDCHAR
STARTCHAR uE016
ENCODING 57366
SWIDTH 1000 0
DWIDTH 12 0
BBX 12 12 0 -1
BITMAP
0000
1F00
1F00
1F00
FFE0
FFE0
BFA0
FFE0
FFE0
1F00
1F00
1F00
ENDCHAR
STARTCHAR uE017
ENCODING 57367
SWIDTH 1000 0
DWIDTH 12 0
BBX 12 12 0 -1
BITMAP
0000
1F00
1B00
1F00
FFE0
FFE0
BFE0
FFE0
FFE0
1F00
1F00
1F00
ENDCHAR
STARTCHAR uE018
ENCODING 57368
SWIDTH 1000 0
DWIDTH 12 0
BBX 12 12 0 -1
BITMAP
0000
1F00
1B00
1F00
FFE0
FFE0
FFA0
FFE0
FFE0
1F00
1F00
1F00
ENDCHAR
STARTCHAR uE019
ENCODING 57369
SWIDTH 1000 0
DWIDTH 12 0
BBX 12 12 0 -1
BITMAP
0000
1F00
1F00
1F00
FFE0
FFE0
BFE0
FFE0
FFE0
1F00
1B00
1F00
ENDCHAR
STARTCHAR uE01A
ENCODING 57370
SWIDTH 1000 0
DWIDTH 12 0
BBX 12 12 0 -1
BITMAP
0000
1F00
1F00
1F00
FFE0
FFE0
FFA0
FFE0
FFE0
1F00
1B00
1F00
ENDCHAR
STARTCHAR uE01B
ENCODING 57371
SWIDTH 1000 0
DWIDTH 12 0
BBX 12 12 0 -1
BITMAP
0000
1F00
1B00
1F00
FFE0
FFE0
BFA0
FFE0
FFE0
1F00
1F00
1F00
ENDCHAR
STARTCHAR uE01C
ENCODING 57372
SWIDTH 1000 0
DWIDTH 12 0
BBX 12 12 0 -1
BITMAP
0000
1F00
1F00
1F00
FFE0
FFE0
BFA0
FFE0
FFE0
1F00
1B00
1F00
ENDCHAR
STARTCHAR uE01D
ENCODING 57373
SWIDTH 1000 0
DWIDTH 12 0
BBX 12 12 0 -1
BITMAP
0000
1F00
1B00
1F00
FFE0
FFE0
BFE0
FFE0
FFE0
1F00
1B00
1F00
ENDCHAR
STARTCHAR uE01E
ENCODING 57374
SWIDTH 1000 0
DWIDTH 12 0
BBX 12 12 0 -1
BITMAP
0000
1F00
1B00
1F00
FFE0
FFE0
FFA0
FFE0
FFE0
1F00
1B00
1F00
ENDCHAR
STARTCHAR uE01F
ENCODING 57375
SWIDTH 1000 0
DWIDTH 12 0
BBX 12 12 0 -1
BITMAP
0000
1F00
1B00
1F00
FFE0
FFE0
BFA0
FFE0
FFE0
1F00
1B00
1F00
ENDCHAR
STARTCHAR uE020
ENCODING 57376
SWIDTH 1000 0
DWIDTH 12 0
BBX 12 12 0 -1
BITMAP
0000
1F00
1100
1100
F1E0
8A20
8420
8A20
F1E0
1100
1100
1F00
ENDCHAR
STARTCHAR uE021
ENCODING 57377
SWIDTH 1000 0
DWIDTH 12 0
BBX 12 12 0 -1
BITMAP
0000
1F00
1F00
1F00
FFE0
8E20
8420
8A20
F1E0
1100
1100
1F00
ENDCHAR
STARTCHAR uE022
ENCODING 57378
SWIDTH 1000 0
DWIDTH 12 0
BBX 12 12 0 -1
BITMAP
0000
1F00
1100
1100
F1E0
8A20
8420
8E20
FFE0
1F00
1F00
1F00
ENDCHAR
STARTCHAR uE023
ENCODING 57379
SWIDTH 1000 0
DWIDTH 12 0
BBX 12 12 0 -1
BITMAP
0000
1F00
1100
1100
F1E0
FA20
FC20
FA20
F1E0
1100
1100
1F00
ENDCHAR
STARTCHAR uE024
ENCODING 57380
SWIDTH 1000 0
DWIDTH 12 0
BBX 12 12 0 -1
BITMAP
0000
1F00
1100
1100
F1E0
8BE0
87E0
8BE0
F1E0
1100
1100
1F00
ENDCHAR
STARTCHAR uE025
ENCODING 57381
SWIDTH 1000 0
DWIDTH 12 0
BBX 12 12 0 -1
BITMAP
0000
1F00
1F00
1F00
FFE0
8E20
8420
8E20
FFE0
1F00
1F00
1F00
ENDCHAR
STARTCHAR uE026
ENCODING 57382
SWIDTH 1000 0
DWIDTH 12 0
BBX 12 12 0 -1
BITMAP
0000
1F00
1100
1100
F1E0
FBE0
FFE0
FBE0
F1E0
1100
1100
1F00
ENDCHAR
STARTCHAR uE027
ENCODING 57383
SWIDTH 1000 0
DWIDTH 12 0
BBX 12 12 0 -1
BITMAP
0000
1F00
1F00
1F00
EFE0
F620
FC20
FA20
F1E0
1100
1100
1F00
ENDCHAR
STARTCHAR uE028
ENCODING 57384
SWIDTH 1000 0
DWIDTH 12 0
BBX 12 12 0 -1
BITMAP
0000
1F00
1F00
1F00
FEE0
8DE0
87E0
8BE0
F1E0
1100
1100
1F00
ENDCHAR
STARTCHAR uE029
ENCODING 57385
SWIDTH 1000 0
DWIDTH 12 0
BBX 12 12 0 -1
BITMAP
0000
1F00
1100
1100
F1E0
FA20
FC20
F620
EFE0
1F00
1F00
1F00
ENDCHAR
STARTCHAR uE02A
ENCODING 57386
SWIDTH 1000 0
DWIDTH 12 0
BBX 12 12 0 -1
BITMAP
0000
1F00
1100
1100
F1E0
8BE0
87E0
8DE0
FEE0
1F00
1F00
1F00
ENDCHAR
STARTCHAR uE02B
ENCODING 57387
SWIDTH 1000 0
DWIDTH 12 0
BBX 12 12 0 -1
BITMAP
0000
1F00
1F00
1F00
EEE0
F5E0
FFE0
FBE0
F1E0
1100
1100
1F00
ENDCHAR
STARTCHAR uE02C
ENCODING 57388
SWIDTH 1000 0
DWIDTH 12 0
BBX 12 12 0 -1
BITMAP
0000
1F00
1100
1100
F1E0
FBE0
FFE0
F5E0
EEE0
1F00
1F00
1F00
ENDCHAR
STARTCHAR uE02D
ENCODING 57389
SWIDTH 1000 0
DWIDTH 12 0
BBX 12 12 0 -1
BITMAP
0000
1F00
1F00
1F00
EFE0
F620
FC20
F620
EFE0
1F00
1F00
1F00
ENDCHAR
STARTCHAR uE02E
ENCODING 57390
SWIDTH 1000 0
DWIDTH 12 0
BBX 12 12 0 -1
BITMAP
0000
1F00
1F00
1F00
FEE0
8DE0
87E0
8DE0
FEE0
1F00
1F00
1F00
ENDCHAR
STARTCHAR uE02F
ENCODING 57391
SWIDTH 1000 0
DWIDTH 12 0
BBX 12 12 0 -1
BITMAP
0000
1F00
1F00
1F00
EEE0
F5E0
FBE0
F5E0
EEE0
1F00
1F00
1F00
ENDCHAR
STARTCHAR uE030
ENCODING 57392
SWIDTH 1000 0
DWIDTH 12 0
BBX 12 12 0 -1
BITMAP
0000
0E00
1100
1100
6EC0
9120
9120
9120
6EC0
1100
1100
0E00
ENDCHAR
STARTCHAR uE031
ENCODING 57393
SWIDTH 1000 0
DWIDTH 12 0
BBX 12 12 0 -1
BITMAP
0000
0E00
1F00
1F00
6EC0
9120
9120
9120
6EC0
1100
1100
0E00
ENDCHAR
STARTCHAR uE032
ENCODING 57394
SWIDTH 1000 0
DWIDTH 12 0
BBX 12 12 0 -1
BITMAP
0000
0E00
1100
1100
6EC0
9120
9120
9120
6EC0
1F00
1F00
0E00
ENDCHAR
STARTCHAR uE033
ENCODING 57395
SWIDTH 1000 0
DWIDTH 12 0
BBX 12 12 0 -1
BITMAP
0000
0E00
1100
1100
6EC0
F120
F120
F120
6EC0
1100
1100
0E00
ENDCHAR
STARTCHAR uE034
ENCODING 57396
SWIDTH 1000 0
DWIDTH 12 0
BBX 12 12 0 -1
BITMAP
0000
0E00
1100
1100
6EC0
91E0
91E0
91E0
6EC0
1100
1100
0E00
ENDCHAR
STARTCHAR uE035
ENCODING 57397
SWIDTH 1000 0
DWIDTH 12 0
BBX 12 12 0 -1
BITMAP
0000
0E00
1F00
1F00
6EC0
9120
9120
9120
6EC0
1F00
1F00
0E00
ENDCHAR
STARTCHAR uE036
ENCODING 57398
SWIDTH 1000 0
DWIDTH 12 0
BBX 12 12 0 -1
BITMAP
0000
0E00
1100
1100
6EC0
F1E0
F1E0
F1E0
6EC0
1100
1100
0E00
ENDCHAR
STARTCHAR uE037
ENCODING 57399
SWIDTH 1000 0
DWIDTH 12 0
BBX 12 12 0 -1
BITMAP
0000
0E00
1F00
1F00
6EC0
F120
F120
F120
6EC0
1100
1100
0E00
ENDCHAR
STARTCHAR uE038
ENCODING 57400
SWIDTH 1000 0
DWIDTH 12 0
BBX 12 12 0 -1
BITMAP
0000
0E00
1F00
1F00
6EC0
91E0
91E0
91E0
6EC0
1100
1100
0E00
ENDCHAR
STARTCHAR uE039
ENCODING 57401
SWIDTH 1000 0
DWIDTH 12 0
BBX 12 12 0 -1
BITMAP
0000
0E00
1100
1100
6EC0
F120
F120
F120
6EC0
1F00
1F00
0E00
ENDCHAR
STARTCHAR uE03A
ENCODING 57402
SWIDTH 1000 0
DWIDTH 12 0
BBX 12 12 0 -1
BITMAP
0000
0E00
1100
1100
6EC0
91E0
91E0
91E0
6EC0
1F00
1F00
0E00
ENDCHAR
STARTCHAR uE03B
ENCODING 57403
SWIDTH 1000 0
DWIDTH 12 0
BBX 12 12 0 -1
BITMAP
0000
0E00
1F00
1F00
6EC0
F1E0
F1E0
F1E0
6EC0
1100
1100
0E00
ENDCHAR
STARTCHAR uE03C
ENCODING 57404
SWIDTH 1000 0
DWIDTH 12 0
BBX 12 12 0 -1
BITMAP
0000
0E00
1100
1100
6EC0
F1E0
F1E0
F1E0
6EC0
1F00
1F00
0E00
ENDCHAR
STARTCHAR uE03D
ENCODING 57405
SWIDTH 1000 0
DWIDTH 12 0
BBX 12 12 0 -1
BITMAP
0000
0E00
1F00
1F00
6EC0
F120
F120
F120
6EC0
1F00
1F00
0E00
ENDCHAR
STARTCHAR uE03E
ENCODING 57406
SWIDTH 1000 0
DWIDTH 12 0
BBX 12 12 0 -1
BITMAP
0000
0E00
1F00
1F00
6EC0
91E0
91E0
91E0
6EC0
1F00
1F00
0E00
ENDCHAR
STARTCHAR uE03F
ENCODING 57407
SWIDTH 1000 0
DWIDTH 12 0
BBX 12 12 0 -1
BITMAP
0000
0E00
1F00
1F00
6EC0
F1E0
F1E0
F1E0
6EC0
1F00
1F00
0E00
ENDCHAR
STARTCHAR uE040
ENCODING 57408
SWIDTH 1000 0
DWIDTH 12 0
BBX 12 12 0 -1
BITMAP
0000
1F00
2080
4440
8A20
9120
9120
9F20
9120
5140
2080
1F00
ENDCHAR
STARTCHAR uE041
ENCODING 57409
SWIDTH 1000 0
DWIDTH 12 0
BBX 12 12 0 -1
BITMAP
0000
1F00
2080
5E40
9120
9120
9E20
9120
9120
5E40
2080
1F00
ENDCHAR
STARTCHAR uE042
ENCODING 57410
SWIDTH 1000 0
DWIDTH 12 0
BBX 12 12 0 -1
BITMAP
0000
1F00
2080
4E40
9120
9020
9020
9020
9120
4E40
2080
1F00
ENDCHAR
STARTCHAR uE043
ENCODING 57411
SWIDTH 1000 0
DWIDTH 12 0
BBX 12 12 0 -1
BITMAP
0000
1F00
2080
5140
9120
8A20
8420
8A20
9120
5140
2080
1F00
ENDCHAR
STARTCHAR uE044
ENCODING 57412
SWIDTH 1000 0
DWIDTH 12 0
BBX 12 12 0 -1
BITMAP
0000
1F00
2080
5140
9120
8A20
8A20
8420
8420
4440
2080
1F00
ENDCHAR
STARTCHAR uE045
ENCODING 57413
SWIDTH 1000 0
DWIDTH 12 0
BBX 12 12 0 -1
BITMAP
0000
1F00
2080
5F40
8120
8220
8420
8820
9020
5F40
2080
1F00
ENDCHAR
STARTCHAR uE046
ENCODING 57414
SWIDTH 1000 0
DWIDTH 12 0
BBX 12 12 0 -1
BITMAP
0000
0E00
1100
2080
2080
2080
2080
2080
2080
2080
1100
0E00
ENDCHAR
STARTCHAR uE047
ENCODING 57415
SWIDTH 1000 0
DWIDTH 12 0
BBX 12 12 0 -1
BITMAP
0000
0000
0000
3F80
4040
8020
8020
8020
4040
3F80
0000
0000
ENDCHAR
STARTCHAR uE048
ENCODING 57416
SWIDTH 1000 0
DWIDTH 12 0
BBX 12 12 0 -1
BITMAP
0000
0000
0000
0E00
1100
2080
2080
2080
1100
0E00
0000
0000
ENDCHAR
STARTCHAR uE049
ENCODING 57417
SWIDTH 1000 0
DWIDTH 12 0
BBX 12 12 0 -1
BITMAP
0000
0000
0000
01C0
0E20
7020
8020
7020
0E20
01C0
0000
0000
ENDCHAR
STARTCHAR uE04A
ENCODING 57418
SWIDTH 1000 0
DWIDTH 12 0
BBX 12 12 0 -1
BITMAP
0000
0000
0000
7000
8E00
81C0
8020
81C0
8E00
7000
0000
0000
ENDCHAR
STARTCHAR uE04F
ENCODING 57423
SWIDTH 1000 0
DWIDTH 12 0
BBX 12 12 0 -1
BITMAP
0000
1F00
2080
4440
9520
A4A0
A4A0
A0A0
9120
4E40
2080
1F00
ENDCHAR
STARTCHAR uE050
ENCODING 57424
SWIDTH 1000 0
DWIDTH 12 0
BBX 12 12 0 -1
BITMAP
0000
0E00
3F80
7BC0
75C0
EEE0
EEE0
E0E0
6EC0
6EC0
3F80
0E00
ENDCHAR
STARTCHAR uE051
ENCODING 57425
SWIDTH 1000 0
DWIDTH 12 0
BBX 12 12 0 -1
BITMAP
0000
0E00
3F80
61C0
6EC0
EEE0
E1E0
EEE0
6EC0
61C0
3F80
0E00
ENDCHAR
STARTCHAR uE052
ENCODING 57426
SWIDTH 1000 0
DWIDTH 12 0
BBX 12 12 0 -1
BITMAP
0000
0E00
3F80
71C0
6EC0
EFE0
EFE0
EFE0
6EC0
71C0
3F80
0E00
ENDCHAR
STARTCHAR uE053
ENCODING 57427
SWIDTH 1000 0
DWIDTH 12 0
BBX 12 12 0 -1
BITMAP
0000
0E00
3F80
6EC0
6EC0
F5E0
FBE0
F5E0
6EC0
6EC0
3F80
0E00
ENDCHAR
STARTCHAR uE054
ENCODING 57428
SWIDTH 1000 0
DWIDTH 12 0
BBX 12 12 0 -1
BITMAP
0000
0E00
3F80
6EC0
6EC0
F5E0
F5E0
FBE0
7BC0
7BC0
3F80
0E00
ENDCHAR
STARTCHAR uE055
ENCODING 57429
SWIDTH 1000 0
DWIDTH 12 0
BBX 12 12 0 -1
BITMAP
0000
0E00
3F80
60C0
7EC0
FDE0
FBE0
F7E0
6FC0
60C0
3F80
0E00
ENDCHAR
STARTCHAR uE056
ENCODING 57430
SWIDTH 1000 0
DWIDTH 12 0
BBX 12 12 0 -1
BITMAP
0000
0E00
1F00
3F80
3F80
3F80
3F80
3F80
3F80
3F80
1F00
0E00
ENDCHAR
STARTCHAR uE057
ENCODING 57431
SWIDTH 1000 0
DWIDTH 12 0
BBX 12 12 0 -1
BITMAP
0000
0000
0000
3F80
7FC0
FFE0
FFE0
FFE0
7FC0
3F80
0000
0000
ENDCHAR
STARTCHAR uE058
ENCODING 57432
SWIDTH 1000 0
DWIDTH 12 0
BBX 12 12 0 -1
BITMAP
0000
0000
0000
0E00
1F00
3F80
3F80
3F80
1F00
0E00
0000
0000
ENDCHAR
STARTCHAR uE059
ENCODING 57433
SWIDTH 1000 0
DWIDTH 12 0
BBX 12 12 0 -1
BITMAP
0000
0000
0000
01C0
0FE0
7FE0
FFE0
7FE0
0FE0
01C0
0000
0000
ENDCHAR
STARTCHAR uE05A
ENCODING 57434
SWIDTH 1000 0
DWIDTH 12 0
BBX 12 12 0 -1
BITMAP
0000
0000
0000
7000
FE00
FFC0
FFE0
FFC0
FE00
7000
0000
0000
ENDCHAR
STARTCHAR uE05F
ENCODING 57439
SWIDTH 1000 0
DWIDTH 12 0
BBX 12 12 0 -1
BITMAP
0000
0E00
3F80
7BC0
6AC0
DB60
DB60
DF60
6EC0
71C0
3F80
0E00
ENDCHAR
STARTCHAR uE060
ENCODING 57440
SWIDTH 1000 0
DWIDTH 12 0
BBX 12 12 0 -1
BITMAP
0000
0E00
3180
71C0
5B40
8E20
9B20
B1A0
60C0
4040
3180
0E00
ENDCHAR
STARTCHAR uE061
ENCODING 57441
SWIDTH 1000 0
DWIDTH 12 0
BBX 12 12 0 -1
BITMAP
0000
0000
3F80
4040
8320
8F20
BF20
8F20
8320
4040
3F80
0000
ENDCHAR
STARTCHAR uE062
ENCODING 57442
SWIDTH 1000 0
DWIDTH 12 0
BBX 12 12 0 -1
BITMAP
0000
0000
3F80
4040
9820
9E20
9FA0
9E20
9820
4040
3F80
0000
ENDCHAR
STARTCHAR uE063
ENCODING 57443
SWIDTH 1000 0
DWIDTH 12 0
BBX 12 12 0 -1
BITMAP
0000
0FC0
3020
4020
A320
A2A0
A320
A2A0
A2A0
BB20
8020
7FC0
ENDCHAR
STARTCHAR uE064
ENCODING 57444
SWIDTH 1000 0
DWIDTH 12 0
BBX 12 12 0 -1
BITMAP
0000
7E00
8180
8040
B320
AAA0
AB20
B2A0
AAA0
AB20
8020
7FC0
ENDCHAR
STARTCHAR uE065
ENCODING 57445
SWIDTH 1000 0
DWIDTH 12 0
BBX 12 12 0 -1
BITMAP
0000
0FC0
3020
4020
93A0
9120
9120
9120
9120
9D20
8020
7FC0
ENDCHAR
STARTCHAR uE066
ENCODING 57446
SWIDTH 1000 0
DWIDTH 12 0
BBX 12 12 0 -1
BITMAP
0000
7E00
8180
8040
B3A0
A920
A920
B120
A920
A920
8020
7FC0
ENDCHAR
STARTCHAR uE067
ENCODING 57447
SWIDTH 1000 0
DWIDTH 12 0
BBX 12 12 0 -1
BITMAP
0000
1F00
2080
4040
BE20
A020
AFA0
88A0
8FA0
4040
2080
1F00
ENDCHAR
STARTCHAR uE068
ENCODING 57448
SWIDTH 1000 0
DWIDTH 12 0
BBX 12 12 0 -1
BITMAP
0000
1F00
2080
4040
9F20
8020
9F20
8020
9F20
4040
2080
1F00
ENDCHAR
STARTCHAR uE069
ENCODING 57449
SWIDTH 1000 0
DWIDTH 12 0
BBX 12 12 0 -1
BITMAP
0000
0000
3F80
4440
8E20
9520
8420
A0A0
BFA0
4040
3F80
0000
ENDCHAR
STARTCHAR uE070
ENCODING 57456
SWIDTH 1000 0
DWIDTH 12 0
BBX 12 12 0 -1
BITMAP
0000
0E00
3F80
4E40
64C0
F1E0
E4E0
CE60
5F40
7FC0
3F80
0E00
ENDCHAR
STARTCHAR uE071
ENCODING 57457
SWIDTH 1000 0
DWIDTH 12 0
BBX 12 12 0 -1
BITMAP
0000
0000
3F80
7FC0
FCE0
F0E0
C0E0
F0E0
FCE0
7FC0
3F80
0000
ENDCHAR
STARTCHAR uE072
ENCODING 57458
SWIDTH 1000 0
DWIDTH 12 0
BBX 12 12 0 -1
BITMAP
0000
0000
3F80
7FC0
E7E0
E1E0
E060
E1E0
E7E0
7FC0
3F80
0000
ENDCHAR
STARTCHAR uE073
ENCODING 57459
SWIDTH 1000 0
DWIDTH 12 0
BBX 12 12 0 -1
BITMAP
0000
0FC0
3FE0
7FE0
DC60
DDA0
DC60
DDA0
DDA0
C460
FFE0
7FC0
ENDCHAR
STARTCHAR uE074
ENCODING 57460
SWIDTH 1000 0
DWIDTH 12 0
BBX 12 12 0 -1
BITMAP
0000
7E00
FF80
FFC0
8C60
B5A0
B460
8DA0
ADA0
B460
FFE0
7FC0
ENDCHAR
STARTCHAR uE075
ENCODING 57461
SWIDTH 1000 0
DWIDTH 12 0
BBX 12 12 0 -1
BITMAP
0000
0FC0
3FE0
7FE0
D820
DEE0
DEE0
DEE0
DEE0
C6E0
FFE0
7FC0
ENDCHAR
STARTCHAR uE076
ENCODING 57462
SWIDTH 1000 0
DWIDTH 12 0
BBX 12 12 0 -1
BITMAP
0000
7E00
FF80
FFC0
8820
B6E0
B6E0
8EE0
AEE0
B6E0
FFE0
7FC0
ENDCHAR
STARTCHAR uE077
ENCODING 57463
SWIDTH 1000 0
DWIDTH 12 0
BBX 12 12 0 -1
BITMAP
0000
0E00
3F80
7FC0
41C0
DFE0
D060
F760
7040
7FC0
3F80
0E00
ENDCHAR
STARTCHAR uE078
ENCODING 57464
SWIDTH 1000 0
DWIDTH 12 0
BBX 12 12 0 -1
BITMAP
0000
0E00
3F80
7FC0
60C0
FFE0
E0E0
FFE0
60C0
7FC0
3F80
0E00
ENDCHAR
STARTCHAR uE079
ENCODING 57465
SWIDTH 1000 0
DWIDTH 12 0
BBX 12 12 0 -1
BITMAP
0000
0000
3F80
7BC0
F1E0
EAE0
FBE0
DF60
C060
7FC0
3F80
0000
ENDCHAR
STARTCHAR uE080
ENCODING 57472
SWIDTH 1000 0
DWIDTH 12 0
BBX 12 12 0 -1
BITMAP
0000
1F00
2080
4440
8420
8E20
8E20
9F20
9F20
4040
2080
1F00
ENDCHAR
STARTCHAR uE081
ENCODING 57473
SWIDTH 1000 0
DWIDTH 12 0
BBX 12 12 0 -1
BITMAP
0000
1F00
2080
4040
9F20
9F20
8E20
8E20
8420
4440
2080
1F00
ENDCHAR
STARTCHAR uE082
ENCODING 57474
SWIDTH 1000 0
DWIDTH 12 0
BBX 12 12 0 -1
BITMAP
0000
1F00
2080
4040
8320
8F20
BF20
8F20
8320
4040
2080
1F00
ENDCHAR
STARTCHAR uE083
ENCODING 57475
SWIDTH 1000 0
DWIDTH 12 0
BBX 12 12 0 -1
BITMAP
0000
1F00
2080
4040
9820
9E20
9FA0
9E20
9820
4040
2080
1F00
ENDCHAR
STARTCHAR uE084
ENCODING 57476
SWIDTH 1000 0
DWIDTH 12 0
BBX 12 12 0 -1
BITMAP
0000
0FC0
3020
4020
9020
9020
9020
9020
9020
9F20
8020
7FC0
ENDCHAR
STARTCHAR uE085
ENCODING 57477
SWIDTH 1000 0
DWIDTH 12 0
BBX 12 12 0 -1
BITMAP
0000
7E00
8180
8040
9E20
9120
9120
9E20
9220
9120
8020
7FC0
ENDCHAR
STARTCHAR uE086
ENCODING 57478
SWIDTH 1000 0
DWIDTH 12 0
BBX 12 12 0 -1
BITMAP
0000
0FC0
3020
4020
BA20
8A20
9220
9220
A220
BBA0
8020
7FC0
ENDCHAR
STARTCHAR uE087
ENCODING 57479
SWIDTH 1000 0
DWIDTH 12 0
BBX 12 12 0 -1
BITMAP
0000
7E00
8180
8040
BB20
8AA0
92A0
9320
A2A0
BAA0
8020
7FC0
ENDCHAR
STARTCHAR uE088
ENCODING 57480
SWIDTH 1000 0
DWIDTH 12 0
BBX 12 12 0 -1
BITMAP
0000
0000
7FE0
8020
9A20
A220
9220
8A20
B3A0
8020
7FE0
0000
ENDCHAR
STARTCHAR uE089
ENCODING 57481
SWIDTH 1000 0
DWIDTH 12 0
BBX 12 12 0 -1
BITMAP
0000
0000
FFC0
8020
9B20
A2A0
9320
8AA0
B2A0
8020
FFC0
0000
ENDCHAR
STARTCHAR uE08A
ENCODING 57482
SWIDTH 1000 0
DWIDTH 12 0
BBX 12 12 0 -1
BITMAP
0000
1F00
2080
4040
8420
8420
9F20
8420
8420
4040
2080
1F00
ENDCHAR
STARTCHAR uE08B
ENCODING 57483
SWIDTH 1000 0
DWIDTH 12 0
BBX 12 12 0 -1
BITMAP
0000
1F00
2080
4040
8020
8020
9F20
8020
8020
4040
2080
1F00
ENDCHAR
STARTCHAR uE08C
ENCODING 57484
SWIDTH 1000 0
DWIDTH 12 0
BBX 12 12 0 -1
BITMAP
0000
0000
0E00
0A00
0A00
7BC0
4040
7BC0
0A00
0A00
0E00
0000
ENDCHAR
STARTCHAR uE08D
ENCODING 57485
SWIDTH 1000 0
DWIDTH 12 0
BBX 12 12 0 -1
BITMAP
0000
0000
0000
0000
0000
7FC0
4040
7FC0
0000
0000
0000
0000
ENDCHAR
STARTCHAR uE08E
ENCODING 57486
SWIDTH 1000 0
DWIDTH 12 0
BBX 12 12 0 -1
BITMAP
0000
1F00
2080
4440
8E20
9F20
BFA0
9120
9120
5F40
2080
1F00
ENDCHAR
STARTCHAR uE08F
ENCODING 57487
SWIDTH 1000 0
DWIDTH 12 0
BBX 12 12 0 -1
BITMAP
0000
7FC0
8020
8E20
9120
A0A0
A0A0
A0A0
9120
8E20
8020
7FC0
ENDCHAR
STARTCHAR uE090
ENCODING 57488
SWIDTH 1000 0
DWIDTH 12 0
BBX 12 12 0 -1
BITMAP
0000
7FC0
8020
8E20
9120
9020
9020
9020
9120
8E20
8020
7FC0
ENDCHAR
STARTCHAR uE091
ENCODING 57489
SWIDTH 1000 0
DWIDTH 12 0
BBX 12 12 0 -1
BITMAP
0000
0FC0
3020
4020
9A20
A220
A220
AA20
AA20
9BA0
8020
7FC0
ENDCHAR
STARTCHAR uE092
ENCODING 57490
SWIDTH 1000 0
DWIDTH 12 0
BBX 12 12 0 -1
BITMAP
0000
7E00
8180
8040
9B20
A2A0
A2A0
AB20
AAA0
9AA0
8020
7FC0
ENDCHAR
STARTCHAR uE0A0
ENCODING 57504
SWIDTH 1000 0
DWIDTH 12 0
BBX 12 12 0 -1
BITMAP
0000
0E00
3F80
7BC0
7BC0
F1E0
F1E0
E0E0
60C0
7FC0
3F80
0E00
ENDCHAR
STARTCHAR uE0A1
ENCODING 57505
SWIDTH 1000 0
DWIDTH 12 0
BBX 12 12 0 -1
BITMAP
0000
0E00
3F80
7FC0
60C0
E0E0
F1E0
F1E0
7BC0
7BC0
3F80
0E00
ENDCHAR
STARTCHAR uE0A2
ENCODING 57506
SWIDTH 1000 0
DWIDTH 12 0
BBX 12 12 0 -1
BITMAP
0000
0E00
3F80
7FC0
7CC0
F0E0
C0E0
F0E0
7CC0
7FC0
3F80
0E00
ENDCHAR
STARTCHAR uE0A3
ENCODING 57507
SWIDTH 1000 0
DWIDTH 12 0
BBX 12 12 0 -1
BITMAP
0000
0E00
3F80
7FC0
67C0
E1E0
E060
E1E0
67C0
7FC0
3F80
0E00
ENDCHAR
STARTCHAR uE0A4
ENCODING 57508
SWIDTH 1000 0
DWIDTH 12 0
BBX 12 12 0 -1
BITMAP
0000
0FC0
3FE0
7FE0
EFE0
EFE0
EFE0
EFE0
EFE0
E0E0
FFE0
7FC0
ENDCHAR
STARTCHAR uE0A5
ENCODING 57509
SWIDTH 1000 0
DWIDTH 12 0
BBX 12 12 0 -1
BITMAP
0000
7E00
FF80
FFC0
E1E0
EEE0
EEE0
E1E0
EDE0
EEE0
FFE0
7FC0
ENDCHAR
STARTCHAR uE0A6
ENCODING 57510
SWIDTH 1000 0
DWIDTH 12 0
BBX 12 12 0 -1
BITMAP
0000
0FC0
3FE0
7FE0
85E0
F5E0
EDE0
DDE0
BDE0
8420
FFE0
7FC0
ENDCHAR
STARTCHAR uE0A7
ENCODING 57511
SWIDTH 1000 0
DWIDTH 12 0
BBX 12 12 0 -1
BITMAP
0000
7E00
FF80
FFC0
8460
F5A0
EDA0
DC60
BD60
85A0
FFE0
7FC0
ENDCHAR
STARTCHAR uE0A8
ENCODING 57512
SWIDTH 1000 0
DWIDTH 12 0
BBX 12 12 0 -1
BITMAP
0000
0000
7FE0
FFE0
C5E0
BDE0
CDE0
F5E0
8C20
FFE0
7FE0
0000
ENDCHAR
STARTCHAR uE0A9
ENCODING 57513
SWIDTH 1000 0
DWIDTH 12 0
BBX 12 12 0 -1
BITMAP
0000
0000
FFC0
FFE0
C460
BDA0
CC60
F560
8DA0
FFE0
FFC0
0000
ENDCHAR
STARTCHAR uE0AA
ENCODING 57514
SWIDTH 1000 0
DWIDTH 12 0
BBX 12 12 0 -1
BITMAP
0000
0E00
3F80
7FC0
7BC0
FBE0
E0E0
FBE0
7BC0
7FC0
3F80
0E00
ENDCHAR
STARTCHAR uE0AB
ENCODING 57515
SWIDTH 1000 0
DWIDTH 12 0
BBX 12 12 0 -1
BITMAP
0000
0E00
3F80
7FC0
7FC0
FFE0
E0E0
FFE0
7FC0
7FC0
3F80
0E00
ENDCHAR
STARTCHAR uE0AC
ENCODING 57516
SWIDTH 1000 0
DWIDTH 12 0
BBX 12 12 0 -1
BITMAP
0000
0000
0E00
0E00
0E00
7FC0
7FC0
7FC0
0E00
0E00
0E00
0000
ENDCHAR
STARTCHAR uE0AD
ENCODING 57517
SWIDTH 1000 0
DWIDTH 12 0
BBX 12 12 0 -1
BITMAP
0000
0000
0000
0000
0000
7FC0
7FC0
7FC0
0000
0000
0000
0000
ENDCHAR
STARTCHAR uE0AE
ENCODING 57518
SWIDTH 1000 0
DWIDTH 12 0
BBX 12 12 0 -1
BITMAP
0000
0E00
3F80
7BC0
71C0
E0E0
C060
EEE0
6EC0
60C0
3F80
0E00
ENDCHAR
STARTCHAR uE0AF
ENCODING 57519
SWIDTH 1000 0
DWIDTH 12 0
BBX 12 12 0 -1
BITMAP
0000
7FC0
FFE0
F1E0
EEE0
DF60
DF60
DF60
EEE0
F1E0
FFE0
7FC0
ENDCHAR
STARTCHAR uE0B0
ENCODING 57520
SWIDTH 1000 0
DWIDTH 12 0
BBX 12 12 0 -1
BITMAP
0000
7FC0
FFE0
F1E0
EEE0
EFE0
EFE0
EFE0
EEE0
F1E0
FFE0
7FC0
ENDCHAR
STARTCHAR uE0B1
ENCODING 57521
SWIDTH 1000 0
DWIDTH 12 0
BBX 12 12 0 -1
BITMAP
0000
0FC0
3FE0
7FE0
C5E0
BDE0
BDE0
A5E0
B5E0
C420
FFE0
7FC0
ENDCHAR
STARTCHAR uE0B2
ENCODING 57522
SWIDTH 1000 0
DWIDTH 12 0
BBX 12 12 0 -1
BITMAP
0000
7E00
FF80
FFC0
C460
BDA0
BDA0
A460
B560
C5A0
FFE0
7FC0
ENDCHAR
STARTCHAR uE0C0
ENCODING 57536
SWIDTH 1000 0
DWIDTH 12 0
BBX 12 12 0 -1
BITMAP
0000
0E00
3180
4640
4540
8520
9C20
A720
5CC0
4740
3180
0E00
ENDCHAR
STARTCHAR uE0C1
ENCODING 57537
SWIDTH 1000 0
DWIDTH 12 0
BBX 12 12 0 -1
BITMAP
0000
1F00
2080
4040
8E20
9120
9120
9120
8E20
4040
2080
1F00
ENDCHAR
STARTCHAR uE0C2
ENCODING 57538
SWIDTH 1000 0
DWIDTH 12 0
BBX 12 12 0 -1
BITMAP
0000
1F00
2080
4040
9F20
9120
9120
9120
9F20
4040
2080
1F00
ENDCHAR
STARTCHAR uE0C3
ENCODING 57539
SWIDTH 1000 0
DWIDTH 12 0
BBX 12 12 0 -1
BITMAP
0000
1F00
2080
4440
8420
8A20
8A20
9120
9F20
4040
2080
1F00
ENDCHAR
STARTCHAR uE0C4
ENCODING 57540
SWIDTH 1000 0
DWIDTH 12 0
BBX 12 12 0 -1
BITMAP
0000
1F00
2080
4040
9120
8A20
8420
8A20
9120
4040
2080
1F00
ENDCHAR
STARTCHAR uE0C5
ENCODING 57541
SWIDTH 1000 0
DWIDTH 12 0
BBX 12 12 0 -1
BITMAP
0000
0FC0
3020
4020
A120
A320
A120
A120
A120
BBA0
8020
7FC0
ENDCHAR
STARTCHAR uE0C6
ENCODING 57542
SWIDTH 1000 0
DWIDTH 12 0
BBX 12 12 0 -1
BITMAP
0000
7E00
8180
8040
B120
AB20
A920
B120
A920
ABA0
8020
7FC0
ENDCHAR
STARTCHAR uE0C7
ENCODING 57543
SWIDTH 1000 0
DWIDTH 12 0
BBX 12 12 0 -1
BITMAP
0000
0FC0
3020
4020
A120
A2A0
A0A0
A120
A220
BBA0
8020
7FC0
ENDCHAR
STARTCHAR uE0C8
ENCODING 57544
SWIDTH 1000 0
DWIDTH 12 0
BBX 12 12 0 -1
BITMAP
0000
7E00
8180
8040
B120
AAA0
A8A0
B120
AA20
ABA0
8020
7FC0
ENDCHAR
STARTCHAR uE0C9
ENCODING 57545
SWIDTH 1000 0
DWIDTH 12 0
BBX 12 12 0 -1
BITMAP
0000
0E00
1100
2080
2280
2680
2E80
2680
2280
2080
1100
0E00
ENDCHAR
STARTCHAR uE0CA
ENCODING 57546
SWIDTH 1000 0
DWIDTH 12 0
BBX 12 12 0 -1
BITMAP
0000
0E00
1100
2080
2880
2C80
2E80
2C80
2880
2080
1100
0E00
ENDCHAR
STARTCHAR uE0CB
ENCODING 57547
SWIDTH 1000 0
DWIDTH 12 0
BBX 12 12 0 -1
BITMAP
0000
0000
7FC0
8020
AAA0
8020
AAA0
8020
AAA0
8020
7FC0
0000
ENDCHAR
STARTCHAR uE0D0
ENCODING 57552
SWIDTH 1000 0
DWIDTH 12 0
BBX 12 12 0 -1
BITMAP
0000
0E00
3F80
79C0
7AC0
FAE0
E3E0
D8E0
6340
78C0
3F80
0E00
ENDCHAR
STARTCHAR uE0D1
ENCODING 57553
SWIDTH 1000 0
DWIDTH 12 0
BBX 12 12 0 -1
BITMAP
0000
0E00
3F80
7FC0
71C0
EEE0
EEE0
EEE0
71C0
7FC0
3F80
0E00
ENDCHAR
STARTCHAR uE0D2
ENCODING 57554
SWIDTH 1000 0
DWIDTH 12 0
BBX 12 12 0 -1
BITMAP
0000
0E00
3F80
7FC0
60C0
EEE0
EEE0
EEE0
60C0
7FC0
3F80
0E00
ENDCHAR
STARTCHAR uE0D3
ENCODING 57555
SWIDTH 1000 0
DWIDTH 12 0
BBX 12 12 0 -1
BITMAP
0000
0E00
3F80
7BC0
7BC0
F5E0
F5E0
EEE0
60C0
7FC0
3F80
0E00
ENDCHAR
STARTCHAR uE0D4
ENCODING 57556
SWIDTH 1000 0
DWIDTH 12 0
BBX 12 12 0 -1
BITMAP
0000
0E00
3F80
7FC0
6EC0
F5E0
FBE0
F5E0
6EC0
7FC0
3F80
0E00
ENDCHAR
STARTCHAR uE0D5
ENCODING 57557
SWIDTH 1000 0
DWIDTH 12 0
BBX 12 12 0 -1
BITMAP
0000
0FC0
3FE0
7FE0
DEE0
DCE0
DEE0
DEE0
DEE0
C460
FFE0
7FC0
ENDCHAR
STARTCHAR uE0D6
ENCODING 57558
SWIDTH 1000 0
DWIDTH 12 0
BBX 12 12 0 -1
BITMAP
0000
7E00
FF80
FFC0
8EE0
B4E0
B6E0
8EE0
AEE0
B460
FFE0
7FC0
ENDCHAR
STARTCHAR uE0D7
ENCODING 57559
SWIDTH 1000 0
DWIDTH 12 0
BBX 12 12 0 -1
BITMAP
0000
0FC0
3FE0
7FE0
DE60
DDA0
DFA0
DE60
DDE0
C420
FFE0
7FC0
ENDCHAR
STARTCHAR uE0D8
ENCODING 57560
SWIDTH 1000 0
DWIDTH 12 0
BBX 12 12 0 -1
BITMAP
0000
7E00
FF80
FFC0
8E60
B5A0
B7A0
8E60
ADE0
B420
FFE0
7FC0
ENDCHAR
STARTCHAR uE0D9
ENCODING 57561
SWIDTH 1000 0
DWIDTH 12 0
BBX 12 12 0 -1
BITMAP
0000
0E00
1F00
3F80
3D80
3980
3180
3980
3D80
3F80
1F00
0E00
ENDCHAR
STARTCHAR uE0DA
ENCODING 57562
SWIDTH 1000 0
DWIDTH 12 0
BBX 12 12 0 -1
BITMAP
0000
0E00
1F00
3F80
3780
3380
3180
3380
3780
3F80
1F00
0E00
ENDCHAR
STARTCHAR uE0DB
ENCODING 57563
SWIDTH 1000 0
DWIDTH 12 0
BBX 12 12 0 -1
BITMAP
0000
0000
7FC0
FFE0
D560
FFE0
D560
FFE0
D560
FFE0
7FC0
0000
ENDCHAR
STARTCHAR uE0E0
ENCODING 57568
SWIDTH 1000 0
DWIDTH 12 0
BBX 12 12 0 -1
BITMAP
0000
0E00
3180
41C0
4240
8260
C7A0
E620
7C40
5840
3180
0E00
ENDCHAR
STARTCHAR uE0F0
ENCODING 57584
SWIDTH 1000 0
DWIDTH 12 0
BBX 12 12 0 -1
BITMAP
0000
0E00
3F80
7E40
7DA0
FDA0
B860
99E0
43C0
67C0
3F80
0E00
ENDCHAR
STARTCHAR uE100
ENCODING 57600
SWIDTH 2334 0
DWIDTH 28 0
BBX 28 18 0 -4
BITMAP
00000000
00000000
00000000
00000000
3FFFFF80
40000040
9DCCE720
A0929220
A0929220
989EE220
84929220
84929220
B8929220
40000040
3FFFFF80
00000000
00000000
00000000
ENDCHAR
STARTCHAR uE101
ENCODING 57601
SWIDTH 2334 0
DWIDTH 28 0
BBX 28 18 0 -4
BITMAP
00000000
00000000
00000000
00000000
3FFFFF80
40000040
9BA39BA0
A2222120
A2222120
93232120
8A222120
8A222120
B3BB9920
40000040
3FFFFF80
00000000
00000000
00000000
ENDCHAR
STARTCHAR uE110
ENCODING 57616
SWIDTH 2334 0
DWIDTH 28 0
BBX 28 18 0 -4
BITMAP
00000000
00000000
00000000
00000000
3FFFFF80
7FFFFFC0
E23318E0
DF6D6DE0
DF6D6DE0
E7611DE0
FB6D6DE0
FB6D6DE0
C76D6DE0
7FFFFFC0
3FFFFF80
00000000
00000000
00000000
ENDCHAR
STARTCHAR uE111
ENCODING 57617
SWIDTH 2334 0
DWIDTH 28 0
BBX 28 18 0 -4
BITMAP
00000000
00000000
00000000
00000000
3FFFFF80
7FFFFFC0
E45C6460
DDDDDEE0
DDDDDEE0
ECDCDEE0
F5DDDEE0
F5DDDEE0
CC4466E0
7FFFFFC0
3FFFFF80
00000000
00000000
00000000
ENDCHAR
STARTCHAR uE200
ENCODING 57856
SWIDTH 500 0
DWIDTH 6 0
BBX 6 12 0 -1
BITMAP
00
10
30
30
50
40
40
40
40
20
20
10
ENDCHAR
STARTCHAR uE201
ENCODING 57857
SWIDTH 500 0
DWIDTH 6 0
BBX 6 12 0 -1
BITMAP
00
40
20
20
10
10
10
10
50
60
60
40
ENDCHAR
STARTCHAR uE202
ENCODING 57858
SWIDTH 500 0
DWIDTH 6 0
BBX 6 12 0 -1
BITMAP
00
10
20
20
40
40
40
40
50
30
30
10
ENDCHAR
STARTCHAR uE203
ENCODING 57859
SWIDTH 500 0
DWIDTH 6 0
BBX 6 12 0 -1
BITMAP
00
40
60
60
50
10
10
10
10
20
20
40
ENDCHAR
STARTCHAR uE220
ENCODING 57888
SWIDTH 1000 0
DWIDTH 12 0
BBX 12 12 0 -1
BITMAP
0000
1F00
2080
4040
8020
8020
8020
8020
4040
2080
3F80
1F00
ENDCHAR
STARTCHAR uE221
ENCODING 57889
SWIDTH 1000 0
DWIDTH 12 0
BBX 12 12 0 -1
BITMAP
0000
1F00
0E00
2480
4040
8020
8020
8020
4040
2080
3F80
1F00
ENDCHAR
STARTCHAR uE222
ENCODING 57890
SWIDTH 1000 0
DWIDTH 12 0
BBX 12 12 0 -1
BITMAP
0000
0400
2E80
4040
8020
8020
8020
8020
4040
2080
3F80
1F00
ENDCHAR
STARTCHAR uE223
ENCODING 57891
SWIDTH 1000 0
DWIDTH 12 0
BBX 12 12 0 -1
BITMAP
0000
1F00
2080
4040
8020
8020
8020
8020
4040
2E80
3580
1B00
ENDCHAR
STARTCHAR uE224
ENCODING 57892
SWIDTH 1000 0
DWIDTH 12 0
BBX 12 12 0 -1
BITMAP
0000
1F00
2080
0040
4020
C020
4020
0020
4040
2080
3F80
1F00
ENDCHAR
STARTCHAR uE225
ENCODING 57893
SWIDTH 1000 0
DWIDTH 12 0
BBX 12 12 0 -1
BITMAP
0000
1F00
2080
4000
8040
8060
8040
8000
4040
2080
3F80
1F00
ENDCHAR
STARTCHAR uE226
ENCODING 57894
SWIDTH 1000 0
DWIDTH 12 0
BBX 12 12 0 -1
BITMAP
0000
0400
2E80
4040
8020
8020
8020
8020
4040
2E80
3580
1B00
ENDCHAR
STARTCHAR uE227
ENCODING 57895
SWIDTH 1000 0
DWIDTH 12 0
BBX 12 12 0 -1
BITMAP
0000
1F00
2080
0000
4040
C060
4040
0000
4040
2080
3F80
1F00
ENDCHAR
STARTCHAR uE228
ENCODING 57896
SWIDTH 1000 0
DWIDTH 12 0
BBX 12 12 0 -1
BITMAP
0000
1F00
7FC0
7FC0
FFE0
FFE0
FFE0
7FC0
7FC0
1F00
2080
1F00
ENDCHAR
STARTCHAR uE229
ENCODING 57897
SWIDTH 1000 0
DWIDTH 12 0
BBX 12 12 0 -1
BITMAP
0000
1F00
1100
7BC0
FFE0
FFE0
FFE0
FFE0
7FC0
1F00
2080
1F00
ENDCHAR
STARTCHAR uE22A
ENCODING 57898
SWIDTH 1000 0
DWIDTH 12 0
BBX 12 12 0 -1
BITMAP
0000
1B00
71C0
7FC0
FFE0
FFE0
FFE0
7FC0
7FC0
1F00
2080
1F00
ENDCHAR
STARTCHAR uE22B
ENCODING 57899
SWIDTH 1000 0
DWIDTH 12 0
BBX 12 12 0 -1
BITMAP
0000
1F00
7FC0
7FC0
FFE0
FFE0
FFE0
7FC0
7FC0
1100
2A80
1F00
ENDCHAR
STARTCHAR uE22C
ENCODING 57900
SWIDTH 1000 0
DWIDTH 12 0
BBX 12 12 0 -1
BITMAP
0000
1F00
7FC0
7FC0
BFE0
3FE0
BFE0
7FC0
7FC0
1F00
2080
1F00
ENDCHAR
STARTCHAR uE22D
ENCODING 57901
SWIDTH 1000 0
DWIDTH 12 0
BBX 12 12 0 -1
BITMAP
0000
1F00
7FC0
7FC0
FFA0
FF80
FFA0
7FC0
7FC0
1F00
2080
1F00
ENDCHAR
STARTCHAR uE22E
ENCODING 57902
SWIDTH 1000 0
DWIDTH 12 0
BBX 12 12 0 -1
BITMAP
0000
1B00
71C0
7FC0
FFE0
FFE0
FFE0
7FC0
7FC0
1100
2A80
1F00
ENDCHAR
STARTCHAR uE22F
ENCODING 57903
SWIDTH 1000 0
DWIDTH 12 0
BBX 12 12 0 -1
BITMAP
0000
1F00
7FC0
7FC0
BFA0
3F80
BFA0
7FC0
7FC0
1F00
2080
1F00
ENDCHAR
STARTCHAR uE230
ENCODING 57904
SWIDTH 1000 0
DWIDTH 12 0
BBX 12 12 0 -1
BITMAP
0000
1F00
2080
5040
9020
9020
9020
9F20
4040
2080
3F80
1F00
ENDCHAR
STARTCHAR uE231
ENCODING 57905
SWIDTH 1000 0
DWIDTH 12 0
BBX 12 12 0 -1
BITMAP
0000
1F00
0E00
2480
5040
9020
9020
9020
5F40
2080
3F80
1F00
ENDCHAR
STARTCHAR uE232
ENCODING 57906
SWIDTH 1000 0
DWIDTH 12 0
BBX 12 12 0 -1
BITMAP
0000
0400
2E80
4040
9020
9020
9020
9020
5F40
2080
3F80
1F00
ENDCHAR
STARTCHAR uE233
ENCODING 57907
SWIDTH 1000 0
DWIDTH 12 0
BBX 12 12 0 -1
BITMAP
0000
1F00
2080
5040
9020
9020
9020
9F20
4040
2E80
3580
1B00
ENDCHAR
STARTCHAR uE234
ENCODING 57908
SWIDTH 1000 0
DWIDTH 12 0
BBX 12 12 0 -1
BITMAP
0000
1F00
2080
1040
5020
D020
5020
1F20
4040
2080
3F80
1F00
ENDCHAR
STARTCHAR uE235
ENCODING 57909
SWIDTH 1000 0
DWIDTH 12 0
BBX 12 12 0 -1
BITMAP
0000
1F00
2080
5000
9040
9060
9040
9F00
4040
2080
3F80
1F00
ENDCHAR
STARTCHAR uE236
ENCODING 57910
SWIDTH 1000 0
DWIDTH 12 0
BBX 12 12 0 -1
BITMAP
0000
0400
2E80
4040
9020
9020
9020
9F20
4040
2E80
3580
1B00
ENDCHAR
STARTCHAR uE237
ENCODING 57911
SWIDTH 1000 0
DWIDTH 12 0
BBX 12 12 0 -1
BITMAP
0000
1F00
2080
1000
5040
D060
5040
1F00
4040
2080
3F80
1F00
ENDCHAR
STARTCHAR uE238
ENCODING 57912
SWIDTH 1000 0
DWIDTH 12 0
BBX 12 12 0 -1
BITMAP
0000
1F00
7FC0
6FC0
EFE0
EFE0
EFE0
60C0
7FC0
1F00
2080
1F00
ENDCHAR
STARTCHAR uE239
ENCODING 57913
SWIDTH 1000 0
DWIDTH 12 0
BBX 12 12 0 -1
BITMAP
0000
1F00
1100
7BC0
EFE0
EFE0
EFE0
EFE0
60C0
1F00
2080
1F00
ENDCHAR
STARTCHAR uE23A
ENCODING 57914
SWIDTH 1000 0
DWIDTH 12 0
BBX 12 12 0 -1
BITMAP
0000
1B00
71C0
7FC0
EFE0
EFE0
EFE0
6FC0
60C0
1F00
2080
1F00
ENDCHAR
STARTCHAR uE23B
ENCODING 57915
SWIDTH 1000 0
DWIDTH 12 0
BBX 12 12 0 -1
BITMAP
0000
1F00
7FC0
6FC0
EFE0
EFE0
EFE0
60C0
7FC0
1100
2A80
1F00
ENDCHAR
STARTCHAR uE23C
ENCODING 57916
SWIDTH 1000 0
DWIDTH 12 0
BBX 12 12 0 -1
BITMAP
0000
1F00
7FC0
6FC0
AFE0
2FE0
AFE0
60C0
7FC0
1F00
2080
1F00
ENDCHAR
STARTCHAR uE23D
ENCODING 57917
SWIDTH 1000 0
DWIDTH 12 0
BBX 12 12 0 -1
BITMAP
0000
1F00
7FC0
6FC0
EFA0
EF80
EFA0
60C0
7FC0
1F00
2080
1F00
ENDCHAR
STARTCHAR uE23E
ENCODING 57918
SWIDTH 1000 0
DWIDTH 12 0
BBX 12 12 0 -1
BITMAP
0000
1B00
71C0
7FC0
EFE0
EFE0
EFE0
60C0
7FC0
1100
2A80
1F00
ENDCHAR
STARTCHAR uE23F
ENCODING 57919
SWIDTH 1000 0
DWIDTH 12 0
BBX 12 12 0 -1
BITMAP
0000
1F00
7FC0
6FC0
AFA0
2F80
AFA0
60C0
7FC0
1F00
2080
1F00
ENDCHAR
STARTCHAR uE240
ENCODING 57920
SWIDTH 1000 0
DWIDTH 12 0
BBX 12 12 0 -1
BITMAP
0000
1F00
2080
5E40
9120
9E20
9220
9120
4040
2080
3F80
1F00
ENDCHAR
STARTCHAR uE241
ENCODING 57921
SWIDTH 1000 0
DWIDTH 12 0
BBX 12 12 0 -1
BITMAP
0000
1F00
0E00
2480
5E40
9120
9E20
9220
5140
2080
3F80
1F00
ENDCHAR
STARTCHAR uE242
ENCODING 57922
SWIDTH 1000 0
DWIDTH 12 0
BBX 12 12 0 -1
BITMAP
0000
0400
2E80
4040
9E20
9120
9E20
9220
5140
2080
3F80
1F00
ENDCHAR
STARTCHAR uE243
ENCODING 57923
SWIDTH 1000 0
DWIDTH 12 0
BBX 12 12 0 -1
BITMAP
0000
1F00
2080
5E40
9120
9E20
9220
9120
4040
2E80
3580
1B00
ENDCHAR
STARTCHAR uE244
ENCODING 57924
SWIDTH 1000 0
DWIDTH 12 0
BBX 12 12 0 -1
BITMAP
0000
1F00
2080
1E40
5120
DE20
5220
1120
4040
2080
3F80
1F00
ENDCHAR
STARTCHAR uE245
ENCODING 57925
SWIDTH 1000 0
DWIDTH 12 0
BBX 12 12 0 -1
BITMAP
0000
1F00
2080
5E00
9140
9E60
9240
9100
4040
2080
3F80
1F00
ENDCHAR
STARTCHAR uE246
ENCODING 57926
SWIDTH 1000 0
DWIDTH 12 0
BBX 12 12 0 -1
BITMAP
0000
0400
2E80
4040
9E20
9120
9E20
9120
4040
2E80
3580
1B00
ENDCHAR
STARTCHAR uE247
ENCODING 57927
SWIDTH 1000 0
DWIDTH 12 0
BBX 12 12 0 -1
BITMAP
0000
1F00
2080
1E00
5140
DE60
5240
1100
4040
2080
3F80
1F00
ENDCHAR
STARTCHAR uE248
ENCODING 57928
SWIDTH 1000 0
DWIDTH 12 0
BBX 12 12 0 -1
BITMAP
0000
1F00
7FC0
61C0
EEE0
E1E0
EDE0
6EC0
7FC0
1F00
2080
1F00
ENDCHAR
STARTCHAR uE249
ENCODING 57929
SWIDTH 1000 0
DWIDTH 12 0
BBX 12 12 0 -1
BITMAP
0000
1F00
1100
7BC0
E1E0
EEE0
E1E0
EDE0
6EC0
1F00
2080
1F00
ENDCHAR
STARTCHAR uE24A
ENCODING 57930
SWIDTH 1000 0
DWIDTH 12 0
BBX 12 12 0 -1
BITMAP
0000
1B00
71C0
7FC0
E1E0
EEE0
E1E0
6DC0
6EC0
1F00
2080
1F00
ENDCHAR
STARTCHAR uE24B
ENCODING 57931
SWIDTH 1000 0
DWIDTH 12 0
BBX 12 12 0 -1
BITMAP
0000
1F00
7FC0
61C0
EEE0
E1E0
EDE0
6EC0
7FC0
1100
2A80
1F00
ENDCHAR
STARTCHAR uE24C
ENCODING 57932
SWIDTH 1000 0
DWIDTH 12 0
BBX 12 12 0 -1
BITMAP
0000
1F00
7FC0
61C0
AEE0
21E0
ADE0
6EC0
7FC0
1F00
2080
1F00
ENDCHAR
STARTCHAR uE24D
ENCODING 57933
SWIDTH 1000 0
DWIDTH 12 0
BBX 12 12 0 -1
BITMAP
0000
1F00
7FC0
61C0
EEA0
E180
EDA0
6EC0
7FC0
1F00
2080
1F00
ENDCHAR
STARTCHAR uE24E
ENCODING 57934
SWIDTH 1000 0
DWIDTH 12 0
BBX 12 12 0 -1
BITMAP
0000
1B00
71C0
7FC0
E1E0
EEE0
E1E0
6EC0
7FC0
1100
2A80
1F00
ENDCHAR
STARTCHAR uE24F
ENCODING 57935
SWIDTH 1000 0
DWIDTH 12 0
BBX 12 12 0 -1
BITMAP
0000
1F00
7FC0
61C0
AEA0
2180
ADA0
6EC0
7FC0
1F00
2080
1F00
ENDCHAR
STARTCHAR uF8EB
ENCODING 63723
SWIDTH 1000 0
DWIDTH 12 0
BBX 12 12 0 -1
BITMAP
0000
0000
0000
2080
1100
0E00
3F80
7FC0
6EC0
FFE0
FFE0
0000
ENDCHAR
STARTCHAR uF8EC
ENCODING 63724
SWIDTH 1000 0
DWIDTH 12 0
BBX 12 12 0 -1
BITMAP
0000
7FC0
8020
80A0
8E20
9120
9120
9120
8E20
8020
8020
7FC0
ENDCHAR
STARTCHAR uF8ED
ENCODING 63725
SWIDTH 1000 0
DWIDTH 12 0
BBX 12 12 0 -1
BITMAP
0000
3FE0
6020
E4A0
E4A0
E4A0
E020
E020
E040
F980
FA00
0C00
ENDCHAR
STARTCHAR uF8EE
ENCODING 63726
SWIDTH 1000 0
DWIDTH 12 0
BBX 12 12 0 -1
BITMAP
0000
0300
0380
03C0
0300
0300
1B00
3B00
3300
3300
3F00
1E00
ENDCHAR
STARTCHAR uF8EF
ENCODING 63727
SWIDTH 1000 0
DWIDTH 12 0
BBX 12 12 0 -1
BITMAP
0000
0000
7FC0
FFE0
EFE0
E3E0
E0E0
E3E0
EFE0
FFE0
7FC0
0000
ENDCHAR
STARTCHAR uF8F0
ENCODING 63728
SWIDTH 1000 0
DWIDTH 12 0
BBX 12 12 0 -1
BITMAP
0000
4040
2080
1100
7FC0
8020
8020
9120
9120
8020
8020
7FC0
ENDCHAR
STARTCHAR uF8F1
ENCODING 63729
SWIDTH 1000 0
DWIDTH 12 0
BBX 12 12 0 -1
BITMAP
0000
0180
83C0
63E0
B3C0
7FC0
FFC0
3FC0
1F80
0700
3E00
F800
ENDCHAR
STARTCHAR uF8F2
ENCODING 63730
SWIDTH 1000 0
DWIDTH 12 0
BBX 12 12 0 -1
BITMAP
0000
E020
9040
4880
2500
1200
0A00
0900
1480
2240
4120
80E0
ENDCHAR
STARTCHAR uF8F3
ENCODING 63731
SWIDTH 1000 0
DWIDTH 12 0
BBX 12 12 0 -1
BITMAP
0000
0180
0040
1B20
3CA0
7F00
E0C0
CE60
DB60
CE60
60C0
3F80
ENDCHAR
STARTCHAR uF8F4
ENCODING 63732
SWIDTH 1000 0
DWIDTH 12 0
BBX 12 12 0 -1
BITMAP
0000
7FC0
FC60
F860
F9E0
F9E0
E060
E060
F9E0
F9E0
F9E0
79C0
ENDCHAR
STARTCHAR uF8F5
ENCODING 63733
SWIDTH 1000 0
DWIDTH 12 0
BBX 12 12 0 -1
BITMAP
0000
0000
3180
7FC0
7FC0
EEE0
FFE0
FFE0
FFE0
71C0
0000
0000
ENDCHAR
STARTCHAR uF8F6
ENCODING 63734
SWIDTH 1000 0
DWIDTH 12 0
BBX 12 12 0 -1
BITMAP
0000
FFE0
E0E0
EFE0
EFE0
E0E0
7EC0
7EC0
6EC0
71C0
3F80
0E00
ENDCHAR
STARTCHAR uF8F7
ENCODING 63735
SWIDTH 1000 0
DWIDTH 12 0
BBX 12 12 0 -1
BITMAP
0000
2080
1100
0E00
1500
1F00
4040
5F40
5F40
5F40
1F00
0A00
ENDCHAR
STARTCHAR uF8F8
ENCODING 63736
SWIDTH 1000 0
DWIDTH 12 0
BBX 12 12 0 -1
BITMAP
0000
0E00
3F80
4E40
64C0
F1E0
E4E0
CE60
5F40
7FC0
3F80
0E00
ENDCHAR
STARTCHAR uF8F9
ENCODING 63737
SWIDTH 1000 0
DWIDTH 12 0
BBX 12 12 0 -1
BITMAP
0000
0F00
0D80
0D80
0D80
0C00
3C00
7CC0
8F20
9C20
6FC0
0380
ENDCHAR
STARTCHAR uF8FA
ENCODING 63738
SWIDTH 1000 0
DWIDTH 12 0
BBX 12 12 0 -1
BITMAP
0000
7BC0
8BE0
ABE0
8BE0
8BE0
8BE0
8BE0
8BE0
8B60
8BE0
7BC0
ENDCHAR
STARTCHAR uF8FB
ENCODING 63739
SWIDTH 1000 0
DWIDTH 12 0
BBX 12 12 0 -1
BITMAP
0000
0E00
3F80
7E40
7DA0
FDA0
B860
99E0
43C0
67C0
3F80
0E00
ENDCHAR
STARTCHAR uF8FC
ENCODING 63740
SWIDTH 1000 0
DWIDTH 12 0
BBX 12 12 0 -1
BITMAP
0000
0000
3180
4A40
4A40
8420
8420
8A20
8A20
9120
60C0
0000
ENDCHAR
STARTCHAR uF8FD
ENCODING 63741
SWIDTH 1000 0
DWIDTH 12 0
BBX 12 12 0 -1
BITMAP
0000
00E0
3BE0
FBE0
FBE0
FBE0
0000
FBE0
FBE0
FBE0
3BE0
00E0
ENDCHAR
STARTCHAR uF8FE
ENCODING 63742
SWIDTH 1000 0
DWIDTH 12 0
BBX 12 12 0 -1
BITMAP
0000
0E00
1F00
2E80
2480
3580
2480
1B80
11C0
2AE0
6460
E060
ENDCHAR
STARTCHAR uF8FF
ENCODING 63743
SWIDTH 1000 0
DWIDTH 12 0
BBX 12 12 0 -1
BITMAP
0000
0200
0400
3B80
7FC0
7F80
7F00
7F00
7F80
7FC0
3F80
1B00
ENDCHAR
STARTCHAR uFE10-ZH_HK
ENCODING 65040
SWIDTH 1000 0
DWIDTH 12 0
BBX 12 12 0 -1
BITMAP
0000
0000
0000
0000
0C00
0C00
0400
0800
0000
0000
0000
0000
ENDCHAR
STARTCHAR uFE11-ZH_HK
ENCODING 65041
SWIDTH 1000 0
DWIDTH 12 0
BBX 12 12 0 -1
BITMAP
0000
0000
0000
0000
0000
0800
0600
0200
0000
0000
0000
0000
ENDCHAR
STARTCHAR uFE12-ZH_HK
ENCODING 65042
SWIDTH 1000 0
DWIDTH 12 0
BBX 12 12 0 -1
BITMAP
0000
0000
0000
0000
0C00
1200
1200
0C00
0000
0000
0000
0000
ENDCHAR
STARTCHAR uFE13
ENCODING 65043
SWIDTH 1000 0
DWIDTH 12 0
BBX 12 12 0 -1
BITMAP
0000
0000
0C00
0C00
0000
0000
0000
0000
0C00
0C00
0000
0000
ENDCHAR
STARTCHAR uFE14
ENCODING 65044
SWIDTH 1000 0
DWIDTH 12 0
BBX 12 12 0 -1
BITMAP
0000
0000
0C00
0C00
0000
0000
0000
0C00
0C00
0400
0800
0000
ENDCHAR
STARTCHAR uFE15
ENCODING 65045
SWIDTH 1000 0
DWIDTH 12 0
BBX 12 12 0 -1
BITMAP
0000
0000
0400
0E00
0E00
0E00
0400
0400
0400
0000
0400
0000
ENDCHAR
STARTCHAR uFE16
ENCODING 65046
SWIDTH 1000 0
DWIDTH 12 0
BBX 12 12 0 -1
BITMAP
0000
0000
0E00
1100
1100
0100
0200
0400
0400
0000
0400
0000
ENDCHAR
STARTCHAR uFE17
ENCODING 65047
SWIDTH 1000 0
DWIDTH 12 0
BBX 12 12 0 -1
BITMAP
0000
0000
0000
0000
0000
0000
FFE0
8020
8E20
B1A0
C060
0000
ENDCHAR
STARTCHAR uFE18
ENCODING 65048
SWIDTH 1000 0
DWIDTH 12 0
BBX 12 12 0 -1
BITMAP
0000
0000
C060
B1A0
8E20
8020
FFE0
0000
0000
0000
0000
0000
ENDCHAR
STARTCHAR uFE19
ENCODING 65049
SWIDTH 1000 0
DWIDTH 12 0
BBX 12 12 0 -1
BITMAP
0000
0C00
0C00
0000
0000
0C00
0C00
0000
0000
0C00
0C00
0000
ENDCHAR
STARTCHAR uFE30
ENCODING 65072
SWIDTH 1000 0
DWIDTH 12 0
BBX 12 12 0 -1
BITMAP
0000
0000
0C00
0C00
0000
0000
0000
0000
0C00
0C00
0000
0000
ENDCHAR
STARTCHAR uFE31
ENCODING 65073
SWIDTH 1000 0
DWIDTH 12 0
BBX 12 12 0 -1
BITMAP
0000
0400
0400
0400
0400
0400
0400
0400
0400
0400
0400
0400
ENDCHAR
STARTCHAR uFE32
ENCODING 65074
SWIDTH 1000 0
DWIDTH 12 0
BBX 12 12 0 -1
BITMAP
0000
0000
0000
0000
0400
0400
0400
0400
0400
0000
0000
0000
ENDCHAR
STARTCHAR uFE33
ENCODING 65075
SWIDTH 1000 0
DWIDTH 12 0
BBX 12 12 0 -1
BITMAP
0000
8000
8000
8000
8000
8000
8000
8000
8000
8000
8000
8000
ENDCHAR
STARTCHAR uFE34
ENCODING 65076
SWIDTH 1000 0
DWIDTH 12 0
BBX 12 12 0 -1
BITMAP
0000
8000
4000
4000
8000
8000
4000
8000
8000
4000
4000
8000
ENDCHAR
STARTCHAR uFE35
ENCODING 65077
SWIDTH 1000 0
DWIDTH 12 0
BBX 12 12 0 -1
BITMAP
0000
0000
0000
0000
0000
0000
0000
0000
1F00
60C0
8020
0000
ENDCHAR
STARTCHAR uFE36
ENCODING 65078
SWIDTH 1000 0
DWIDTH 12 0
BBX 12 12 0 -1
BITMAP
0000
0000
8020
60C0
1F00
0000
0000
0000
0000
0000
0000
0000
ENDCHAR
STARTCHAR uFE37
ENCODING 65079
SWIDTH 1000 0
DWIDTH 12 0
BBX 12 12 0 -1
BITMAP
0000
0000
0000
0000
0000
0000
0000
0400
7BC0
8020
8020
0000
ENDCHAR
STARTCHAR uFE38
ENCODING 65080
SWIDTH 1000 0
DWIDTH 12 0
BBX 12 12 0 -1
BITMAP
0000
0000
8020
8020
7BC0
0400
0000
0000
0000
0000
0000
0000
ENDCHAR
STARTCHAR uFE39
ENCODING 65081
SWIDTH 1000 0
DWIDTH 12 0
BBX 12 12 0 -1
BITMAP
0000
0000
0000
0000
0000
0000
0000
0000
3F80
4040
8020
0000
ENDCHAR
STARTCHAR uFE3A
ENCODING 65082
SWIDTH 1000 0
DWIDTH 12 0
BBX 12 12 0 -1
BITMAP
0000
0000
8020
4040
3F80
0000
0000
0000
0000
0000
0000
0000
ENDCHAR
STARTCHAR uFE3B
ENCODING 65083
SWIDTH 1000 0
DWIDTH 12 0
BBX 12 12 0 -1
BITMAP
0000
0000
0000
0000
0000
0000
FFE0
FFE0
F1E0
C060
8020
0000
ENDCHAR
STARTCHAR uFE3C
ENCODING 65084
SWIDTH 1000 0
DWIDTH 12 0
BBX 12 12 0 -1
BITMAP
0000
0000
8020
C060
F1E0
FFE0
FFE0
0000
0000
0000
0000
0000
ENDCHAR
STARTCHAR uFE3D
ENCODING 65085
SWIDTH 1000 0
DWIDTH 12 0
BBX 12 12 0 -1
BITMAP
0000
0000
0000
0000
0000
0E00
3180
C060
0E00
3180
C060
0000
ENDCHAR
STARTCHAR uFE3E
ENCODING 65086
SWIDTH 1000 0
DWIDTH 12 0
BBX 12 12 0 -1
BITMAP
0000
0000
C060
3180
0E00
C060
3180
0E00
0000
0000
0000
0000
ENDCHAR
STARTCHAR uFE3F
ENCODING 65087
SWIDTH 1000 0
DWIDTH 12 0
BBX 12 12 0 -1
BITMAP
0000
0000
0000
0000
0000
0000
0000
0000
0E00
3180
C060
0000
ENDCHAR
STARTCHAR uFE40
ENCODING 65088
SWIDTH 1000 0
DWIDTH 12 0
BBX 12 12 0 -1
BITMAP
0000
0000
C060
3180
0E00
0000
0000
0000
0000
0000
0000
0000
ENDCHAR
STARTCHAR uFE41
ENCODING 65089
SWIDTH 1000 0
DWIDTH 12 0
BBX 12 12 0 -1
BITMAP
0000
0000
0000
0000
0000
0000
0000
1FE0
0020
0020
0020
0000
ENDCHAR
STARTCHAR uFE42
ENCODING 65090
SWIDTH 1000 0
DWIDTH 12 0
BBX 12 12 0 -1
BITMAP
0000
0000
8000
8000
8000
FF00
0000
0000
0000
0000
0000
0000
ENDCHAR
STARTCHAR uFE43
ENCODING 65091
SWIDTH 1000 0
DWIDTH 12 0
BBX 12 12 0 -1
BITMAP
0000
0000
0000
0000
0000
0000
1FE0
1020
1FA0
00A0
00E0
0000
ENDCHAR
STARTCHAR uFE44
ENCODING 65092
SWIDTH 1000 0
DWIDTH 12 0
BBX 12 12 0 -1
BITMAP
0000
0000
E000
A000
BF00
8100
FF00
0000
0000
0000
0000
0000
ENDCHAR
STARTCHAR uFE45
ENCODING 65093
SWIDTH 1000 0
DWIDTH 12 0
BBX 12 12 0 -1
BITMAP
0000
0000
7800
3E00
1F00
0F80
07C0
07C0
03C0
03C0
0180
0000
ENDCHAR
STARTCHAR uFE46
ENCODING 65094
SWIDTH 1000 0
DWIDTH 12 0
BBX 12 12 0 -1
BITMAP
0000
0000
7800
2600
1100
0880
0440
0440
0240
0240
0180
0000
ENDCHAR
STARTCHAR uFE47
ENCODING 65095
SWIDTH 1000 0
DWIDTH 12 0
BBX 12 12 0 -1
BITMAP
0000
0000
0000
0000
0000
0000
0000
0000
FFE0
8020
8020
0000
ENDCHAR
STARTCHAR uFE48
ENCODING 65096
SWIDTH 1000 0
DWIDTH 12 0
BBX 12 12 0 -1
BITMAP
0000
0000
8020
8020
FFE0
0000
0000
0000
0000
0000
0000
0000
ENDCHAR
STARTCHAR uFE49
ENCODING 65097
SWIDTH 1000 0
DWIDTH 12 0
BBX 12 12 0 -1
BITMAP
0000
EEE0
0000
0000
0000
0000
0000
0000
0000
0000
0000
0000
ENDCHAR
STARTCHAR uFE4A
ENCODING 65098
SWIDTH 1000 0
DWIDTH 12 0
BBX 12 12 0 -1
BITMAP
0000
F5E0
0000
0000
0000
0000
0000
0000
0000
0000
0000
0000
ENDCHAR
STARTCHAR uFE4B
ENCODING 65099
SWIDTH 1000 0
DWIDTH 12 0
BBX 12 12 0 -1
BITMAP
0000
9B20
64C0
0000
0000
0000
0000
0000
0000
0000
0000
0000
ENDCHAR
STARTCHAR uFE4C
ENCODING 65100
SWIDTH 1000 0
DWIDTH 12 0
BBX 12 12 0 -1
BITMAP
0000
9B20
64C0
9B20
64C0
0000
0000
0000
0000
0000
0000
0000
ENDCHAR
STARTCHAR uFE4D
ENCODING 65101
SWIDTH 1000 0
DWIDTH 12 0
BBX 12 12 0 -1
BITMAP
0000
0000
0000
0000
0000
0000
0000
0000
0000
0000
0000
EEE0
ENDCHAR
STARTCHAR uFE4E
ENCODING 65102
SWIDTH 1000 0
DWIDTH 12 0
BBX 12 12 0 -1
BITMAP
0000
0000
0000
0000
0000
0000
0000
0000
0000
0000
0000
F5E0
ENDCHAR
STARTCHAR uFE4F
ENCODING 65103
SWIDTH 1000 0
DWIDTH 12 0
BBX 12 12 0 -1
BITMAP
0000
0000
0000
0000
0000
0000
0000
0000
0000
0000
64C0
9B20
ENDCHAR
STARTCHAR uFF01
ENCODING 65281
SWIDTH 1000 0
DWIDTH 12 0
BBX 12 12 0 -1
BITMAP
0000
0000
0400
0E00
0E00
0E00
0400
0400
0400
0000
0400
0000
ENDCHAR
STARTCHAR uFF02
ENCODING 65282
SWIDTH 1000 0
DWIDTH 12 0
BBX 12 12 0 -1
BITMAP
0000
0A00
0A00
0A00
0000
0000
0000
0000
0000
0000
0000
0000
ENDCHAR
STARTCHAR uFF03
ENCODING 65283
SWIDTH 1000 0
DWIDTH 12 0
BBX 12 12 0 -1
BITMAP
0000
0000
1100
1100
7FC0
1100
1100
1100
7FC0
1100
1100
0000
ENDCHAR
STARTCHAR uFF04
ENCODING 65284
SWIDTH 1000 0
DWIDTH 12 0
BBX 12 12 0 -1
BITMAP
0000
0400
1F00
2480
2400
2400
1F00
0480
0480
2480
1F00
0400
ENDCHAR
STARTCHAR uFF05
ENCODING 65285
SWIDTH 1000 0
DWIDTH 12 0
BBX 12 12 0 -1
BITMAP
0000
0000
1100
2900
1200
0200
0400
0800
0900
1280
1100
0000
ENDCHAR
STARTCHAR uFF06
ENCODING 65286
SWIDTH 1000 0
DWIDTH 12 0
BBX 12 12 0 -1
BITMAP
0000
0000
0C00
1200
1200
0C00
1400
2280
2280
2100
1E80
0000
ENDCHAR
STARTCHAR uFF07
ENCODING 65287
SWIDTH 1000 0
DWIDTH 12 0
BBX 12 12 0 -1
BITMAP
0000
0400
0400
0400
0000
0000
0000
0000
0000
0000
0000
0000
ENDCHAR
STARTCHAR uFF08
ENCODING 65288
SWIDTH 1000 0
DWIDTH 12 0
BBX 12 12 0 -1
BITMAP
0000
0040
0080
0080
0100
0100
0100
0100
0100
0080
0080
0040
ENDCHAR
STARTCHAR uFF09
ENCODING 65289
SWIDTH 1000 0
DWIDTH 12 0
BBX 12 12 0 -1
BITMAP
0000
4000
2000
2000
1000
1000
1000
1000
1000
2000
2000
4000
ENDCHAR
STARTCHAR uFF0A
ENCODING 65290
SWIDTH 1000 0
DWIDTH 12 0
BBX 12 12 0 -1
BITMAP
0000
0000
0000
0400
2480
1500
0E00
1500
2480
0400
0000
0000
ENDCHAR
STARTCHAR uFF0B
ENCODING 65291
SWIDTH 1000 0
DWIDTH 12 0
BBX 12 12 0 -1
BITMAP
0000
0000
0000
0400
0400
0400
3F80
0400
0400
0400
0000
0000
ENDCHAR
STARTCHAR uFF0C-ZH_HK
ENCODING 65292
SWIDTH 1000 0
DWIDTH 12 0
BBX 12 12 0 -1
BITMAP
0000
0000
0000
0000
0000
0600
0600
0200
0400
0000
0000
0000
ENDCHAR
STARTCHAR uFF0D
ENCODING 65293
SWIDTH 1000 0
DWIDTH 12 0
BBX 12 12 0 -1
BITMAP
0000
0000
0000
0000
0000
0000
3F80
0000
0000
0000
0000
0000
ENDCHAR
STARTCHAR uFF0E-ZH_HK
ENCODING 65294
SWIDTH 1000 0
DWIDTH 12 0
BBX 12 12 0 -1
BITMAP
0000
0000
0000
0000
0000
0000
0600
0600
0000
0000
0000
0000
ENDCHAR
STARTCHAR uFF0F
ENCODING 65295
SWIDTH 1000 0
DWIDTH 12 0
BBX 12 12 0 -1
BITMAP
0000
0020
0040
0080
0100
0200
0400
0800
1000
2000
4000
8000
ENDCHAR
STARTCHAR uFF10
ENCODING 65296
SWIDTH 1000 0
DWIDTH 12 0
BBX 12 18 0 -4
BITMAP
0000
0000
0000
0000
0000
0E00
1100
1100
1300
1500
1900
1100
1100
0E00
0000
0000
0000
0000
ENDCHAR
STARTCHAR uFF11
ENCODING 65297
SWIDTH 1000 0
DWIDTH 12 0
BBX 12 18 0 -4
BITMAP
0000
0000
0000
0000
0000
0400
0C00
0400
0400
0400
0400
0400
0400
0E00
0000
0000
0000
0000
ENDCHAR
STARTCHAR uFF12
ENCODING 65298
SWIDTH 1000 0
DWIDTH 12 0
BBX 12 18 0 -4
BITMAP
0000
0000
0000
0000
0000
0E00
1100
0100
0100
0200
0400
0800
1000
1F00
0000
0000
0000
0000
ENDCHAR
STARTCHAR uFF13
ENCODING 65299
SWIDTH 1000 0
DWIDTH 12 0
BBX 12 18 0 -4
BITMAP
0000
0000
0000
0000
0000
0E00
1100
0100
0100
0600
0100
0100
1100
0E00
0000
0000
0000
0000
ENDCHAR
STARTCHAR uFF14
ENCODING 65300
SWIDTH 1000 0
DWIDTH 12 0
BBX 12 18 0 -4
BITMAP
0000
0000
0000
0000
0000
0200
0600
0600
0A00
0A00
1200
1F00
0200
0200
0000
0000
0000
0000
ENDCHAR
STARTCHAR uFF15
ENCODING 65301
SWIDTH 1000 0
DWIDTH 12 0
BBX 12 18 0 -4
BITMAP
0000
0000
0000
0000
0000
1F00
1000
1000
1000
1E00
0100
0100
1100
0E00
0000
0000
0000
0000
ENDCHAR
STARTCHAR uFF16
ENCODING 65302
SWIDTH 1000 0
DWIDTH 12 0
BBX 12 18 0 -4
BITMAP
0000
0000
0000
0000
0000
0E00
1100
1000
1000
1E00
1100
1100
1100
0E00
0000
0000
0000
0000
ENDCHAR
STARTCHAR uFF17
ENCODING 65303
SWIDTH 1000 0
DWIDTH 12 0
BBX 12 18 0 -4
BITMAP
0000
0000
0000
0000
0000
1E00
0100
0100
0200
0200
0400
0400
0400
0400
0000
0000
0000
0000
ENDCHAR
STARTCHAR uFF18
ENCODING 65304
SWIDTH 1000 0
DWIDTH 12 0
BBX 12 18 0 -4
BITMAP
0000
0000
0000
0000
0000
0E00
1100
1100
1100
0E00
1100
1100
1100
0E00
0000
0000
0000
0000
ENDCHAR
STARTCHAR uFF19
ENCODING 65305
SWIDTH 1000 0
DWIDTH 12 0
BBX 12 18 0 -4
BITMAP
0000
0000
0000
0000
0000
0E00
1100
1100
1100
0F00
0100
0100
1100
0E00
0000
0000
0000
0000
ENDCHAR
STARTCHAR uFF1A
ENCODING 65306
SWIDTH 1000 0
DWIDTH 12 0
BBX 12 12 0 -1
BITMAP
0000
0000
0000
0600
0600
0000
0000
0000
0000
0600
0600
0000
ENDCHAR
STARTCHAR uFF1B
ENCODING 65307
SWIDTH 1000 0
DWIDTH 12 0
BBX 12 12 0 -1
BITMAP
0000
0000
0000
0600
0600
0000
0000
0000
0600
0600
0200
0400
ENDCHAR
STARTCHAR uFF1C
ENCODING 65308
SWIDTH 1000 0
DWIDTH 12 0
BBX 12 12 0 -1
BITMAP
0000
0000
0000
0100
0200
0400
0800
0400
0200
0100
0000
0000
ENDCHAR
STARTCHAR uFF1D
ENCODING 65309
SWIDTH 1000 0
DWIDTH 12 0
BBX 12 12 0 -1
BITMAP
0000
0000
0000
0000
0000
3F80
0000
3F80
0000
0000
0000
0000
ENDCHAR
STARTCHAR uFF1E
ENCODING 65310
SWIDTH 1000 0
DWIDTH 12 0
BBX 12 12 0 -1
BITMAP
0000
0000
0000
0800
0400
0200
0100
0200
0400
0800
0000
0000
ENDCHAR
STARTCHAR uFF1F
ENCODING 65311
SWIDTH 1000 0
DWIDTH 12 0
BBX 12 12 0 -1
BITMAP
0000
0000
0E00
1100
1100
0100
0200
0400
0400
0000
0400
0000
ENDCHAR
STARTCHAR uFF20
ENCODING 65312
SWIDTH 1000 0
DWIDTH 12 0
BBX 12 12 0 -1
BITMAP
0000
0000
1F00
2080
4740
4940
4940
4940
46C0
2000
1F80
0000
ENDCHAR
STARTCHAR uFF21
ENCODING 65313
SWIDTH 1000 0
DWIDTH 12 0
BBX 12 18 0 -4
BITMAP
0000
0000
0000
0000
0000
0400
0400
0A00
0A00
1100
1F00
1100
2080
2080
0000
0000
0000
0000
ENDCHAR
STARTCHAR uFF22
ENCODING 65314
SWIDTH 1000 0
DWIDTH 12 0
BBX 12 18 0 -4
BITMAP
0000
0000
0000
0000
0000
1F00
1080
1080
1080
1F00
1080
1080
1080
1F00
0000
0000
0000
0000
ENDCHAR
STARTCHAR uFF23
ENCODING 65315
SWIDTH 1000 0
DWIDTH 12 0
BBX 12 18 0 -4
BITMAP
0000
0000
0000
0000
0000
0700
0880
1000
1000
1000
1000
1000
0880
0700
0000
0000
0000
0000
ENDCHAR
STARTCHAR uFF24
ENCODING 65316
SWIDTH 1000 0
DWIDTH 12 0
BBX 12 18 0 -4
BITMAP
0000
0000
0000
0000
0000
1E00
1100
1080
1080
1080
1080
1080
1100
1E00
0000
0000
0000
0000
ENDCHAR
STARTCHAR uFF25
ENCODING 65317
SWIDTH 1000 0
DWIDTH 12 0
BBX 12 18 0 -4
BITMAP
0000
0000
0000
0000
0000
0F80
1000
1000
1000
1F00
1000
1000
1000
0F80
0000
0000
0000
0000
ENDCHAR
STARTCHAR uFF26
ENCODING 65318
SWIDTH 1000 0
DWIDTH 12 0
BBX 12 18 0 -4
BITMAP
0000
0000
0000
0000
0000
0F80
1000
1000
1000
1F00
1000
1000
1000
1000
0000
0000
0000
0000
ENDCHAR
STARTCHAR uFF27
ENCODING 65319
SWIDTH 1000 0
DWIDTH 12 0
BBX 12 18 0 -4
BITMAP
0000
0000
0000
0000
0000
0700
0880
1000
1000
1000
1180
1080
0880
0700
0000
0000
0000
0000
ENDCHAR
STARTCHAR uFF28
ENCODING 65320
SWIDTH 1000 0
DWIDTH 12 0
BBX 12 18 0 -4
BITMAP
0000
0000
0000
0000
0000
1080
1080
1080
1080
1F80
1080
1080
1080
1080
0000
0000
0000
0000
ENDCHAR
STARTCHAR uFF29
ENCODING 65321
SWIDTH 1000 0
DWIDTH 12 0
BBX 12 18 0 -4
BITMAP
0000
0000
0000
0000
0000
0E00
0400
0400
0400
0400
0400
0400
0400
0E00
0000
0000
0000
0000
ENDCHAR
STARTCHAR uFF2A
ENCODING 65322
SWIDTH 1000 0
DWIDTH 12 0
BBX 12 18 0 -4
BITMAP
0000
0000
0000
0000
0000
0100
0100
0100
0100
0100
0100
1100
1100
0E00
0000
0000
0000
0000
ENDCHAR
STARTCHAR uFF2B
ENCODING 65323
SWIDTH 1000 0
DWIDTH 12 0
BBX 12 18 0 -4
BITMAP
0000
0000
0000
0000
0000
1080
1100
1200
1400
1800
1400
1200
1100
1080
0000
0000
0000
0000
ENDCHAR
STARTCHAR uFF2C
ENCODING 65324
SWIDTH 1000 0
DWIDTH 12 0
BBX 12 18 0 -4
BITMAP
0000
0000
0000
0000
0000
1000
1000
1000
1000
1000
1000
1000
1000
0F00
0000
0000
0000
0000
ENDCHAR
STARTCHAR uFF2D
ENCODING 65325
SWIDTH 1000 0
DWIDTH 12 0
BBX 12 18 0 -4
BITMAP
0000
0000
0000
0000
0000
2080
2080
3180
3180
2A80
2A80
2480
2480
2480
0000
0000
0000
0000
ENDCHAR
STARTCHAR uFF2E
ENCODING 65326
SWIDTH 1000 0
DWIDTH 12 0
BBX 12 18 0 -4
BITMAP
0000
0000
0000
0000
0000
1080
1880
1480
1480
1280
1280
1180
1180
1080
0000
0000
0000
0000
ENDCHAR
STARTCHAR uFF2F
ENCODING 65327
SWIDTH 1000 0
DWIDTH 12 0
BBX 12 18 0 -4
BITMAP
0000
0000
0000
0000
0000
0E00
1100
2080
2080
2080
2080
2080
1100
0E00
0000
0000
0000
0000
ENDCHAR
STARTCHAR uFF30
ENCODING 65328
SWIDTH 1000 0
DWIDTH 12 0
BBX 12 18 0 -4
BITMAP
0000
0000
0000
0000
0000
1F00
1080
1080
1080
1F00
1000
1000
1000
1000
0000
0000
0000
0000
ENDCHAR
STARTCHAR uFF31
ENCODING 65329
SWIDTH 1000 0
DWIDTH 12 0
BBX 12 18 0 -4
BITMAP
0000
0000
0000
0000
0000
0E00
1100
2080
2080
2080
2080
2280
1100
0E80
0000
0000
0000
0000
ENDCHAR
STARTCHAR uFF32
ENCODING 65330
SWIDTH 1000 0
DWIDTH 12 0
BBX 12 18 0 -4
BITMAP
0000
0000
0000
0000
0000
1F00
1080
1080
1080
1F00
1200
1100
1100
1080
0000
0000
0000
0000
ENDCHAR
STARTCHAR uFF33
ENCODING 65331
SWIDTH 1000 0
DWIDTH 12 0
BBX 12 18 0 -4
BITMAP
0000
0000
0000
0000
0000
0F00
1080
1000
0800
0600
0100
0080
1080
0F00
0000
0000
0000
0000
ENDCHAR
STARTCHAR uFF34
ENCODING 65332
SWIDTH 1000 0
DWIDTH 12 0
BBX 12 18 0 -4
BITMAP
0000
0000
0000
0000
0000
3F80
0400
0400
0400
0400
0400
0400
0400
0400
0000
0000
0000
0000
ENDCHAR
STARTCHAR uFF35
ENCODING 65333
SWIDTH 1000 0
DWIDTH 12 0
BBX 12 18 0 -4
BITMAP
0000
0000
0000
0000
0000
1080
1080
1080
1080
1080
1080
1080
1080
0F00
0000
0000
0000
0000
ENDCHAR
STARTCHAR uFF36
ENCODING 65334
SWIDTH 1000 0
DWIDTH 12 0
BBX 12 18 0 -4
BITMAP
0000
0000
0000
0000
0000
2080
2080
1100
1100
1100
0A00
0A00
0400
0400
0000
0000
0000
0000
ENDCHAR
STARTCHAR uFF37
ENCODING 65335
SWIDTH 1000 0
DWIDTH 12 0
BBX 12 18 0 -4
BITMAP
0000
0000
0000
0000
0000
4440
4440
4440
2A80
2A80
2A80
1100
1100
1100
0000
0000
0000
0000
ENDCHAR
STARTCHAR uFF38
ENCODING 65336
SWIDTH 1000 0
DWIDTH 12 0
BBX 12 18 0 -4
BITMAP
0000
0000
0000
0000
0000
2080
1100
1100
0A00
0400
0A00
1100
1100
2080
0000
0000
0000
0000
ENDCHAR
STARTCHAR uFF39
ENCODING 65337
SWIDTH 1000 0
DWIDTH 12 0
BBX 12 18 0 -4
BITMAP
0000
0000
0000
0000
0000
2080
1100
1100
0A00
0A00
0400
0400
0400
0400
0000
0000
0000
0000
ENDCHAR
STARTCHAR uFF3A
ENCODING 65338
SWIDTH 1000 0
DWIDTH 12 0
BBX 12 18 0 -4
BITMAP
0000
0000
0000
0000
0000
1F80
0080
0100
0200
0400
0400
0800
1000
1F80
0000
0000
0000
0000
ENDCHAR
STARTCHAR uFF3B
ENCODING 65339
SWIDTH 1000 0
DWIDTH 12 0
BBX 12 12 0 -1
BITMAP
0000
01C0
0100
0100
0100
0100
0100
0100
0100
0100
0100
01C0
ENDCHAR
STARTCHAR uFF3C
ENCODING 65340
SWIDTH 1000 0
DWIDTH 12 0
BBX 12 12 0 -1
BITMAP
0000
8000
4000
2000
1000
0800
0400
0200
0100
0080
0040
0020
ENDCHAR
STARTCHAR uFF3D
ENCODING 65341
SWIDTH 1000 0
DWIDTH 12 0
BBX 12 12 0 -1
BITMAP
0000
7000
1000
1000
1000
1000
1000
1000
1000
1000
1000
7000
ENDCHAR
STARTCHAR uFF3E
ENCODING 65342
SWIDTH 1000 0
DWIDTH 12 0
BBX 12 12 0 -1
BITMAP
0000
0400
0A00
1100
0000
0000
0000
0000
0000
0000
0000
0000
ENDCHAR
STARTCHAR uFF3F
ENCODING 65343
SWIDTH 1000 0
DWIDTH 12 0
BBX 12 12 0 -1
BITMAP
0000
0000
0000
0000
0000
0000
0000
0000
0000
0000
0000
FFE0
ENDCHAR
STARTCHAR uFF40
ENCODING 65344
SWIDTH 1000 0
DWIDTH 12 0
BBX 12 12 0 -1
BITMAP
0000
0400
0200
0000
0000
0000
0000
0000
0000
0000
0000
0000
ENDCHAR
STARTCHAR uFF41
ENCODING 65345
SWIDTH 1000 0
DWIDTH 12 0
BBX 12 18 0 -4
BITMAP
0000
0000
0000
0000
0000
0000
0000
0000
0E00
0100
0F00
1100
1100
0F00
0000
0000
0000
0000
ENDCHAR
STARTCHAR uFF42
ENCODING 65346
SWIDTH 1000 0
DWIDTH 12 0
BBX 12 18 0 -4
BITMAP
0000
0000
0000
0000
0000
1000
1000
1000
1E00
1100
1100
1100
1100
1E00
0000
0000
0000
0000
ENDCHAR
STARTCHAR uFF43
ENCODING 65347
SWIDTH 1000 0
DWIDTH 12 0
BBX 12 18 0 -4
BITMAP
0000
0000
0000
0000
0000
0000
0000
0000
0E00
1100
1000
1000
1100
0E00
0000
0000
0000
0000
ENDCHAR
STARTCHAR uFF44
ENCODING 65348
SWIDTH 1000 0
DWIDTH 12 0
BBX 12 18 0 -4
BITMAP
0000
0000
0000
0000
0000
0100
0100
0100
0F00
1100
1100
1100
1100
0F00
0000
0000
0000
0000
ENDCHAR
STARTCHAR uFF45
ENCODING 65349
SWIDTH 1000 0
DWIDTH 12 0
BBX 12 18 0 -4
BITMAP
0000
0000
0000
0000
0000
0000
0000
0000
0E00
1100
1F00
1000
1100
0E00
0000
0000
0000
0000
ENDCHAR
STARTCHAR uFF46
ENCODING 65350
SWIDTH 1000 0
DWIDTH 12 0
BBX 12 18 0 -4
BITMAP
0000
0000
0000
0000
0000
0300
0400
0400
0F00
0400
0400
0400
0400
0400
0000
0000
0000
0000
ENDCHAR
STARTCHAR uFF47
ENCODING 65351
SWIDTH 1000 0
DWIDTH 12 0
BBX 12 18 0 -4
BITMAP
0000
0000
0000
0000
0000
0000
0000
0000
0F00
1100
1100
1100
1100
0F00
0100
0E00
0000
0000
ENDCHAR
STARTCHAR uFF48
ENCODING 65352
SWIDTH 1000 0
DWIDTH 12 0
BBX 12 18 0 -4
BITMAP
0000
0000
0000
0000
0000
1000
1000
1000
1600
1900
1100
1100
1100
1100
0000
0000
0000
0000
ENDCHAR
STARTCHAR uFF49
ENCODING 65353
SWIDTH 1000 0
DWIDTH 12 0
BBX 12 18 0 -4
BITMAP
0000
0000
0000
0000
0000
0400
0000
0000
0C00
0400
0400
0400
0400
0E00
0000
0000
0000
0000
ENDCHAR
STARTCHAR uFF4A
ENCODING 65354
SWIDTH 1000 0
DWIDTH 12 0
BBX 12 18 0 -4
BITMAP
0000
0000
0000
0000
0000
0200
0000
0000
0E00
0200
0200
0200
0200
0200
0200
0C00
0000
0000
ENDCHAR
STARTCHAR uFF4B
ENCODING 65355
SWIDTH 1000 0
DWIDTH 12 0
BBX 12 18 0 -4
BITMAP
0000
0000
0000
0000
0000
1000
1000
1000
1100
1600
1800
1400
1200
1100
0000
0000
0000
0000
ENDCHAR
STARTCHAR uFF4C
ENCODING 65356
SWIDTH 1000 0
DWIDTH 12 0
BBX 12 18 0 -4
BITMAP
0000
0000
0000
0000
0000
0C00
0400
0400
0400
0400
0400
0400
0400
0600
0000
0000
0000
0000
ENDCHAR
STARTCHAR uFF4D
ENCODING 65357
SWIDTH 1000 0
DWIDTH 12 0
BBX 12 18 0 -4
BITMAP
0000
0000
0000
0000
0000
0000
0000
0000
3B00
2480
2480
2480
2480
2480
0000
0000
0000
0000
ENDCHAR
STARTCHAR uFF4E
ENCODING 65358
SWIDTH 1000 0
DWIDTH 12 0
BBX 12 18 0 -4
BITMAP
0000
0000
0000
0000
0000
0000
0000
0000
1600
1900
1100
1100
1100
1100
0000
0000
0000
0000
ENDCHAR
STARTCHAR uFF4F
ENCODING 65359
SWIDTH 1000 0
DWIDTH 12 0
BBX 12 18 0 -4
BITMAP
0000
0000
0000
0000
0000
0000
0000
0000
0E00
1100
1100
1100
1100
0E00
0000
0000
0000
0000
ENDCHAR
STARTCHAR uFF50
ENCODING 65360
SWIDTH 1000 0
DWIDTH 12 0
BBX 12 18 0 -4
BITMAP
0000
0000
0000
0000
0000
0000
0000
0000
1E00
1100
1100
1100
1100
1E00
1000
1000
0000
0000
ENDCHAR
STARTCHAR uFF51
ENCODING 65361
SWIDTH 1000 0
DWIDTH 12 0
BBX 12 18 0 -4
BITMAP
0000
0000
0000
0000
0000
0000
0000
0000
0F00
1100
1100
1100
1100
0F00
0100
0100
0000
0000
ENDCHAR
STARTCHAR uFF52
ENCODING 65362
SWIDTH 1000 0
DWIDTH 12 0
BBX 12 18 0 -4
BITMAP
0000
0000
0000
0000
0000
0000
0000
0000
0B00
0C00
0800
0800
0800
0800
0000
0000
0000
0000
ENDCHAR
STARTCHAR uFF53
ENCODING 65363
SWIDTH 1000 0
DWIDTH 12 0
BBX 12 18 0 -4
BITMAP
0000
0000
0000
0000
0000
0000
0000
0000
0E00
1100
0C00
0200
1100
0E00
0000
0000
0000
0000
ENDCHAR
STARTCHAR uFF54
ENCODING 65364
SWIDTH 1000 0
DWIDTH 12 0
BBX 12 18 0 -4
BITMAP
0000
0000
0000
0000
0000
0400
0400
0400
0F00
0400
0400
0400
0400
0300
0000
0000
0000
0000
ENDCHAR
STARTCHAR uFF55
ENCODING 65365
SWIDTH 1000 0
DWIDTH 12 0
BBX 12 18 0 -4
BITMAP
0000
0000
0000
0000
0000
0000
0000
0000
1100
1100
1100
1100
1300
0D00
0000
0000
0000
0000
ENDCHAR
STARTCHAR uFF56
ENCODING 65366
SWIDTH 1000 0
DWIDTH 12 0
BBX 12 18 0 -4
BITMAP
0000
0000
0000
0000
0000
0000
0000
0000
1100
1100
0A00
0A00
0400
0400
0000
0000
0000
0000
ENDCHAR
STARTCHAR uFF57
ENCODING 65367
SWIDTH 1000 0
DWIDTH 12 0
BBX 12 18 0 -4
BITMAP
0000
0000
0000
0000
0000
0000
0000
0000
2480
2480
2A80
2A80
1100
1100
0000
0000
0000
0000
ENDCHAR
STARTCHAR uFF58
ENCODING 65368
SWIDTH 1000 0
DWIDTH 12 0
BBX 12 18 0 -4
BITMAP
0000
0000
0000
0000
0000
0000
0000
0000
1100
0A00
0400
0400
0A00
1100
0000
0000
0000
0000
ENDCHAR
STARTCHAR uFF59
ENCODING 65369
SWIDTH 1000 0
DWIDTH 12 0
BBX 12 18 0 -4
BITMAP
0000
0000
0000
0000
0000
0000
0000
0000
1100
1100
1100
0A00
0A00
0400
0400
1800
0000
0000
ENDCHAR
STARTCHAR uFF5A
ENCODING 65370
SWIDTH 1000 0
DWIDTH 12 0
BBX 12 18 0 -4
BITMAP
0000
0000
0000
0000
0000
0000
0000
0000
1F00
0200
0400
0800
1000
1F00
0000
0000
0000
0000
ENDCHAR
STARTCHAR uFF5B
ENCODING 65371
SWIDTH 1000 0
DWIDTH 12 0
BBX 12 12 0 -1
BITMAP
0000
00C0
0100
0100
0100
0100
0200
0100
0100
0100
0100
00C0
ENDCHAR
STARTCHAR uFF5C
ENCODING 65372
SWIDTH 1000 0
DWIDTH 12 0
BBX 12 12 0 -1
BITMAP
0000
0400
0400
0400
0400
0400
0400
0400
0400
0400
0400
0400
ENDCHAR
STARTCHAR uFF5D
ENCODING 65373
SWIDTH 1000 0
DWIDTH 12 0
BBX 12 12 0 -1
BITMAP
0000
6000
1000
1000
1000
1000
0800
1000
1000
1000
1000
6000
ENDCHAR
STARTCHAR uFF5E
ENCODING 65374
SWIDTH 1000 0
DWIDTH 12 0
BBX 12 12 0 -1
BITMAP
0000
0000
0000
0000
0000
3820
4440
8380
0000
0000
0000
0000
ENDCHAR
STARTCHAR uFF5F
ENCODING 65375
SWIDTH 1000 0
DWIDTH 12 0
BBX 12 12 0 -1
BITMAP
0000
0240
0480
0480
0900
0900
0900
0900
0900
0480
0480
0240
ENDCHAR
STARTCHAR uFF60
ENCODING 65376
SWIDTH 1000 0
DWIDTH 12 0
BBX 12 12 0 -1
BITMAP
0000
4800
2400
2400
1200
1200
1200
1200
1200
2400
2400
4800
ENDCHAR
STARTCHAR uFF61
ENCODING 65377
SWIDTH 500 0
DWIDTH 6 0
BBX 6 12 0 -1
BITMAP
00
00
00
00
00
00
00
00
30
48
48
30
ENDCHAR
STARTCHAR uFF62
ENCODING 65378
SWIDTH 500 0
DWIDTH 6 0
BBX 6 12 0 -1
BITMAP
00
78
40
40
40
40
40
40
40
00
00
00
ENDCHAR
STARTCHAR uFF63
ENCODING 65379
SWIDTH 500 0
DWIDTH 6 0
BBX 6 12 0 -1
BITMAP
00
00
00
00
10
10
10
10
10
10
10
F0
ENDCHAR
STARTCHAR uFF64
ENCODING 65380
SWIDTH 500 0
DWIDTH 6 0
BBX 6 12 0 -1
BITMAP
00
00
00
00
00
00
00
00
00
40
30
10
ENDCHAR
STARTCHAR uFF65
ENCODING 65381
SWIDTH 500 0
DWIDTH 6 0
BBX 6 12 0 -1
BITMAP
00
00
00
00
00
00
30
30
00
00
00
00
ENDCHAR
STARTCHAR uFF66
ENCODING 65382
SWIDTH 500 0
DWIDTH 6 0
BBX 6 12 0 -1
BITMAP
00
00
F0
08
08
F8
08
08
10
10
20
C0
ENDCHAR
STARTCHAR uFF67
ENCODING 65383
SWIDTH 500 0
DWIDTH 6 0
BBX 6 12 0 -1
BITMAP
00
00
00
00
F0
08
28
30
20
20
40
80
ENDCHAR
STARTCHAR uFF68
ENCODING 65384
SWIDTH 500 0
DWIDTH 6 0
BBX 6 12 0 -1
BITMAP
00
00
00
00
08
10
20
60
A0
20
20
20
ENDCHAR
STARTCHAR uFF69
ENCODING 65385
SWIDTH 500 0
DWIDTH 6 0
BBX 6 12 0 -1
BITMAP
00
00
00
00
20
70
88
88
08
08
10
60
ENDCHAR
STARTCHAR uFF6A
ENCODING 65386
SWIDTH 500 0
DWIDTH 6 0
BBX 6 12 0 -1
BITMAP
00
00
00
00
F8
20
20
20
20
20
F8
00
ENDCHAR
STARTCHAR uFF6B
ENCODING 65387
SWIDTH 500 0
DWIDTH 6 0
BBX 6 12 0 -1
BITMAP
00
00
00
00
10
10
F8
10
30
50
90
30
ENDCHAR
STARTCHAR uFF6C
ENCODING 65388
SWIDTH 500 0
DWIDTH 6 0
BBX 6 12 0 -1
BITMAP
00
00
00
00
40
58
E8
48
50
20
20
20
ENDCHAR
STARTCHAR uFF6D
ENCODING 65389
SWIDTH 500 0
DWIDTH 6 0
BBX 6 12 0 -1
BITMAP
00
00
00
00
E0
10
10
10
20
20
F8
00
ENDCHAR
STARTCHAR uFF6E
ENCODING 65390
SWIDTH 500 0
DWIDTH 6 0
BBX 6 12 0 -1
BITMAP
00
00
00
00
F0
08
08
F8
08
08
F0
00
ENDCHAR
STARTCHAR uFF6F
ENCODING 65391
SWIDTH 500 0
DWIDTH 6 0
BBX 6 12 0 -1
BITMAP
00
00
00
00
A8
A8
A8
08
10
10
20
40
ENDCHAR
STARTCHAR uFF70
ENCODING 65392
SWIDTH 500 0
DWIDTH 6 0
BBX 6 12 0 -1
BITMAP
00
00
00
00
00
00
F8
00
00
00
00
00
ENDCHAR
STARTCHAR uFF71
ENCODING 65393
SWIDTH 500 0
DWIDTH 6 0
BBX 6 12 0 -1
BITMAP
00
00
F0
08
28
28
28
30
20
20
40
80
ENDCHAR
STARTCHAR uFF72
ENCODING 65394
SWIDTH 500 0
DWIDTH 6 0
BBX 6 12 0 -1
BITMAP
00
08
08
10
20
60
A0
20
20
20
20
20
ENDCHAR
STARTCHAR uFF73
ENCODING 65395
SWIDTH 500 0
DWIDTH 6 0
BBX 6 12 0 -1
BITMAP
00
20
20
70
88
88
88
08
08
08
10
60
ENDCHAR
STARTCHAR uFF74
ENCODING 65396
SWIDTH 500 0
DWIDTH 6 0
BBX 6 12 0 -1
BITMAP
00
00
F8
20
20
20
20
20
20
20
F8
00
ENDCHAR
STARTCHAR uFF75
ENCODING 65397
SWIDTH 500 0
DWIDTH 6 0
BBX 6 12 0 -1
BITMAP
00
10
10
10
F8
10
30
30
50
50
90
30
ENDCHAR
STARTCHAR uFF76
ENCODING 65398
SWIDTH 500 0
DWIDTH 6 0
BBX 6 12 0 -1
BITMAP
00
20
20
20
F0
28
28
28
28
48
48
98
ENDCHAR
STARTCHAR uFF77
ENCODING 65399
SWIDTH 500 0
DWIDTH 6 0
BBX 6 12 0 -1
BITMAP
00
40
40
40
F8
20
20
20
F8
10
10
10
ENDCHAR
STARTCHAR uFF78
ENCODING 65400
SWIDTH 500 0
DWIDTH 6 0
BBX 6 12 0 -1
BITMAP
00
40
40
70
48
88
88
08
10
10
20
40
ENDCHAR
STARTCHAR uFF79
ENCODING 65401
SWIDTH 500 0
DWIDTH 6 0
BBX 6 12 0 -1
BITMAP
00
40
40
78
50
90
90
10
10
20
20
40
ENDCHAR
STARTCHAR uFF7A
ENCODING 65402
SWIDTH 500 0
DWIDTH 6 0
BBX 6 12 0 -1
BITMAP
00
00
F0
08
08
08
08
08
08
08
F0
00
ENDCHAR
STARTCHAR uFF7B
ENCODING 65403
SWIDTH 500 0
DWIDTH 6 0
BBX 6 12 0 -1
BITMAP
00
00
50
50
F8
50
50
50
10
20
20
40
ENDCHAR
STARTCHAR uFF7C
ENCODING 65404
SWIDTH 500 0
DWIDTH 6 0
BBX 6 12 0 -1
BITMAP
00
40
20
00
88
48
08
08
10
10
20
C0
ENDCHAR
STARTCHAR uFF7D
ENCODING 65405
SWIDTH 500 0
DWIDTH 6 0
BBX 6 12 0 -1
BITMAP
00
00
E0
10
10
10
20
20
30
50
48
88
ENDCHAR
STARTCHAR uFF7E
ENCODING 65406
SWIDTH 500 0
DWIDTH 6 0
BBX 6 12 0 -1
BITMAP
00
40
40
40
58
E8
48
48
50
40
40
38
ENDCHAR
STARTCHAR uFF7F
ENCODING 65407
SWIDTH 500 0
DWIDTH 6 0
BBX 6 12 0 -1
BITMAP
00
00
88
88
48
48
08
10
10
10
20
40
ENDCHAR
STARTCHAR uFF80
ENCODING 65408
SWIDTH 500 0
DWIDTH 6 0
BBX 6 12 0 -1
BITMAP
00
40
40
70
48
A8
98
08
10
10
20
C0
ENDCHAR
STARTCHAR uFF81
ENCODING 65409
SWIDTH 500 0
DWIDTH 6 0
BBX 6 12 0 -1
BITMAP
00
00
18
E0
20
20
F8
20
20
40
40
80
ENDCHAR
STARTCHAR uFF82
ENCODING 65410
SWIDTH 500 0
DWIDTH 6 0
BBX 6 12 0 -1
BITMAP
00
00
A8
A8
A8
A8
08
08
10
10
20
40
ENDCHAR
STARTCHAR uFF83
ENCODING 65411
SWIDTH 500 0
DWIDTH 6 0
BBX 6 12 0 -1
BITMAP
00
00
F8
00
00
F8
20
20
20
20
40
80
ENDCHAR
STARTCHAR uFF84
ENCODING 65412
SWIDTH 500 0
DWIDTH 6 0
BBX 6 12 0 -1
BITMAP
00
40
40
40
40
60
50
48
40
40
40
40
ENDCHAR
STARTCHAR uFF85
ENCODING 65413
SWIDTH 500 0
DWIDTH 6 0
BBX 6 12 0 -1
BITMAP
00
20
20
20
F8
20
20
20
20
40
40
80
ENDCHAR
STARTCHAR uFF86
ENCODING 65414
SWIDTH 500 0
DWIDTH 6 0
BBX 6 12 0 -1
BITMAP
00
00
00
70
00
00
00
00
00
00
F8
00
ENDCHAR
STARTCHAR uFF87
ENCODING 65415
SWIDTH 500 0
DWIDTH 6 0
BBX 6 12 0 -1
BITMAP
00
F0
08
08
08
50
30
10
28
20
40
80
ENDCHAR
STARTCHAR uFF88
ENCODING 65416
SWIDTH 500 0
DWIDTH 6 0
BBX 6 12 0 -1
BITMAP
00
20
20
F0
08
08
10
20
70
A8
20
20
ENDCHAR
STARTCHAR uFF89
ENCODING 65417
SWIDTH 500 0
DWIDTH 6 0
BBX 6 12 0 -1
BITMAP
00
08
08
08
08
10
10
10
20
20
40
80
ENDCHAR
STARTCHAR uFF8A
ENCODING 65418
SWIDTH 500 0
DWIDTH 6 0
BBX 6 12 0 -1
BITMAP
00
00
50
50
50
50
48
48
48
88
88
88
ENDCHAR
STARTCHAR uFF8B
ENCODING 65419
SWIDTH 500 0
DWIDTH 6 0
BBX 6 12 0 -1
BITMAP
00
80
80
80
98
E0
80
80
80
80
80
78
ENDCHAR
STARTCHAR uFF8C
ENCODING 65420
SWIDTH 500 0
DWIDTH 6 0
BBX 6 12 0 -1
BITMAP
00
00
F0
08
08
08
10
10
10
20
20
40
ENDCHAR
STARTCHAR uFF8D
ENCODING 65421
SWIDTH 500 0
DWIDTH 6 0
BBX 6 12 0 -1
BITMAP
00
00
40
40
A0
A0
90
10
08
08
00
00
ENDCHAR
STARTCHAR uFF8E
ENCODING 65422
SWIDTH 500 0
DWIDTH 6 0
BBX 6 12 0 -1
BITMAP
00
20
20
F8
20
20
A8
A8
A8
A8
20
20
ENDCHAR
STARTCHAR uFF8F
ENCODING 65423
SWIDTH 500 0
DWIDTH 6 0
BBX 6 12 0 -1
BITMAP
00
00
F0
08
08
08
10
50
20
20
10
10
ENDCHAR
STARTCHAR uFF90
ENCODING 65424
SWIDTH 500 0
DWIDTH 6 0
BBX 6 12 0 -1
BITMAP
00
C0
30
00
00
C0
30
00
00
C0
30
08
ENDCHAR
STARTCHAR uFF91
ENCODING 65425
SWIDTH 500 0
DWIDTH 6 0
BBX 6 12 0 -1
BITMAP
00
20
20
20
40
40
40
50
90
88
98
68
ENDCHAR
STARTCHAR uFF92
ENCODING 65426
SWIDTH 500 0
DWIDTH 6 0
BBX 6 12 0 -1
BITMAP
00
10
10
10
90
50
20
30
28
40
40
80
ENDCHAR
STARTCHAR uFF93
ENCODING 65427
SWIDTH 500 0
DWIDTH 6 0
BBX 6 12 0 -1
BITMAP
00
F8
20
20
20
F8
20
20
20
20
20
18
ENDCHAR
STARTCHAR uFF94
ENCODING 65428
SWIDTH 500 0
DWIDTH 6 0
BBX 6 12 0 -1
BITMAP
00
40
40
58
68
C8
28
30
20
10
10
10
ENDCHAR
STARTCHAR uFF95
ENCODING 65429
SWIDTH 500 0
DWIDTH 6 0
BBX 6 12 0 -1
BITMAP
00
00
E0
10
10
10
10
10
20
20
20
F8
ENDCHAR
STARTCHAR uFF96
ENCODING 65430
SWIDTH 500 0
DWIDTH 6 0
BBX 6 12 0 -1
BITMAP
00
F0
08
08
08
08
F8
08
08
08
08
F0
ENDCHAR
STARTCHAR uFF97
ENCODING 65431
SWIDTH 500 0
DWIDTH 6 0
BBX 6 12 0 -1
BITMAP
00
78
00
00
F0
08
08
08
10
10
20
40
ENDCHAR
STARTCHAR uFF98
ENCODING 65432
SWIDTH 500 0
DWIDTH 6 0
BBX 6 12 0 -1
BITMAP
00
88
88
88
88
88
88
08
10
10
20
40
ENDCHAR
STARTCHAR uFF99
ENCODING 65433
SWIDTH 500 0
DWIDTH 6 0
BBX 6 12 0 -1
BITMAP
00
A0
A0
A0
A0
A0
A0
A8
A8
A8
B0
A0
ENDCHAR
STARTCHAR uFF9A
ENCODING 65434
SWIDTH 500 0
DWIDTH 6 0
BBX 6 12 0 -1
BITMAP
00
80
80
80
80
80
88
88
90
90
A0
40
ENDCHAR
STARTCHAR uFF9B
ENCODING 65435
SWIDTH 500 0
DWIDTH 6 0
BBX 6 12 0 -1
BITMAP
00
00
70
88
88
88
88
88
88
88
70
00
ENDCHAR
STARTCHAR uFF9C
ENCODING 65436
SWIDTH 500 0
DWIDTH 6 0
BBX 6 12 0 -1
BITMAP
00
00
70
88
88
88
08
08
10
10
20
40
ENDCHAR
STARTCHAR uFF9D
ENCODING 65437
SWIDTH 500 0
DWIDTH 6 0
BBX 6 12 0 -1
BITMAP
00
00
80
48
08
08
08
08
10
10
20
C0
ENDCHAR
STARTCHAR uFF9E
ENCODING 65438
SWIDTH 500 0
DWIDTH 6 0
BBX 6 12 0 -1
BITMAP
00
A0
A0
00
00
00
00
00
00
00
00
00
ENDCHAR
STARTCHAR uFF9F
ENCODING 65439
SWIDTH 500 0
DWIDTH 6 0
BBX 6 12 0 -1
BITMAP
00
40
A0
40
00
00
00
00
00
00
00
00
ENDCHAR
STARTCHAR uFFE0
ENCODING 65504
SWIDTH 1000 0
DWIDTH 12 0
BBX 12 12 0 -1
BITMAP
0000
0000
0400
1F00
2480
2400
2400
2400
2480
1F00
0400
0000
ENDCHAR
STARTCHAR uFFE1
ENCODING 65505
SWIDTH 1000 0
DWIDTH 12 0
BBX 12 12 0 -1
BITMAP
0000
0000
0F00
1080
1000
1000
0800
3F00
0800
1000
3F80
0000
ENDCHAR
STARTCHAR uFFE2
ENCODING 65506
SWIDTH 1000 0
DWIDTH 12 0
BBX 12 12 0 -1
BITMAP
0000
0000
0000
0000
0000
7FC0
0040
0040
0000
0000
0000
0000
ENDCHAR
STARTCHAR uFFE3
ENCODING 65507
SWIDTH 1000 0
DWIDTH 12 0
BBX 12 12 0 -1
BITMAP
0000
FFE0
0000
0000
0000
0000
0000
0000
0000
0000
0000
0000
ENDCHAR
STARTCHAR uFFE4
ENCODING 65508
SWIDTH 1000 0
DWIDTH 12 0
BBX 12 12 0 -1
BITMAP
0000
0400
0400
0400
0400
0400
0000
0400
0400
0400
0400
0400
ENDCHAR
STARTCHAR uFFE5
ENCODING 65509
SWIDTH 1000 0
DWIDTH 12 0
BBX 12 12 0 -1
BITMAP
0000
0000
2080
1100
1100
0A00
3F80
0400
3F80
0400
0400
0000
ENDCHAR
STARTCHAR uFFE6
ENCODING 65510
SWIDTH 1000 0
DWIDTH 12 0
BBX 12 12 0 -1
BITMAP
0000
0000
4440
4440
4440
2A80
FFE0
2A80
1100
1100
1100
0000
ENDCHAR
STARTCHAR uFFE8
ENCODING 65512
SWIDTH 500 0
DWIDTH 6 0
BBX 6 12 0 -1
BITMAP
00
20
20
20
20
20
20
20
20
20
20
20
ENDCHAR
STARTCHAR uFFE9
ENCODING 65513
SWIDTH 500 0
DWIDTH 6 0
BBX 6 12 0 -1
BITMAP
00
00
00
00
20
40
F8
40
20
00
00
00
ENDCHAR
STARTCHAR uFFEA
ENCODING 65514
SWIDTH 500 0
DWIDTH 6 0
BBX 6 12 0 -1
BITMAP
00
20
70
A8
20
20
20
20
20
20
20
20
ENDCHAR
STARTCHAR uFFEB
ENCODING 65515
SWIDTH 500 0
DWIDTH 6 0
BBX 6 12 0 -1
BITMAP
00
00
00
00
20
10
F8
10
20
00
00
00
ENDCHAR
STARTCHAR uFFEC
ENCODING 65516
SWIDTH 500 0
DWIDTH 6 0
BBX 6 12 0 -1
BITMAP
00
20
20
20
20
20
20
20
20
A8
70
20
ENDCHAR
STARTCHAR uFFED
ENCODING 65517
SWIDTH 500 0
DWIDTH 6 0
BBX 6 12 0 -1
BITMAP
00
00
00
00
F8
F8
F8
F8
F8
00
00
00
ENDCHAR
STARTCHAR uFFEE
ENCODING 65518
SWIDTH 500 0
DWIDTH 6 0
BBX 6 12 0 -1
BITMAP
00
00
00
00
70
88
88
88
70
00
00
00
ENDCHAR
STARTCHAR uFFFC
ENCODING 65532
SWIDTH 1000 0
DWIDTH 12 0
BBX 12 12 0 -1
BITMAP
0000
DB60
8020
1480
AAA0
AAA0
2C80
AAA0
AAA0
1500
8020
DB60
ENDCHAR
STARTCHAR uFFFD
ENCODING 65533
SWIDTH 1000 0
DWIDTH 12 0
BBX 12 12 0 -1
BITMAP
0000
FFE0
E1E0
DEE0
DEE0
FEE0
FDE0
FBE0
FBE0
FFE0
FBE0
FFE0
ENDCHAR
STARTCHAR u16FF2
ENCODING 94194
SWIDTH 1000 0
DWIDTH 12 0
BBX 12 12 0 -1
BITMAP
0000
0000
0000
0000
0900
0900
0900
0900
0900
1140
1140
2080
ENDCHAR
STARTCHAR u16FF3
ENCODING 94195
SWIDTH 1000 0
DWIDTH 12 0
BBX 12 12 0 -1
BITMAP
0000
0000
0000
0800
1300
2080
3B80
2080
1F00
0A00
0A40
31C0
ENDCHAR
STARTCHAR u16FF4
ENCODING 94196
SWIDTH 1000 0
DWIDTH 12 0
BBX 12 12 0 -1
BITMAP
0000
1100
1100
1100
1100
1100
1100
1100
1100
1100
FFE0
0000
ENDCHAR
STARTCHAR u16FF5
ENCODING 94197
SWIDTH 1000 0
DWIDTH 12 0
BBX 12 12 0 -1
BITMAP
0000
2480
2480
2480
2480
2480
2480
2480
2480
2480
FFE0
0000
ENDCHAR
STARTCHAR u16FF6
ENCODING 94198
SWIDTH 1000 0
DWIDTH 12 0
BBX 12 12 0 -1
BITMAP
0000
0080
2080
1080
0900
0500
0200
0500
1880
6040
0000
FFE0
ENDCHAR
STARTCHAR u1F100
ENCODING 127232
SWIDTH 1000 0
DWIDTH 12 0
BBX 12 18 0 -4
BITMAP
0000
0000
0000
0000
0000
1C00
2200
2200
2600
2A00
3200
2200
2200
1C80
0000
0000
0000
0000
ENDCHAR
STARTCHAR u1F101
ENCODING 127233
SWIDTH 1000 0
DWIDTH 12 0
BBX 12 18 0 -4
BITMAP
0000
0000
0000
0000
0000
1C00
2200
2200
2600
2A00
3200
2200
2200
1C80
0080
0100
0000
0000
ENDCHAR
STARTCHAR u1F102
ENCODING 127234
SWIDTH 1000 0
DWIDTH 12 0
BBX 12 18 0 -4
BITMAP
0000
0000
0000
0000
0000
0800
1800
0800
0800
0800
0800
0800
0800
1C80
0080
0100
0000
0000
ENDCHAR
STARTCHAR u1F103
ENCODING 127235
SWIDTH 1000 0
DWIDTH 12 0
BBX 12 18 0 -4
BITMAP
0000
0000
0000
0000
0000
1C00
2200
0200
0200
0400
0800
1000
2000
3E80
0080
0100
0000
0000
ENDCHAR
STARTCHAR u1F104
ENCODING 127236
SWIDTH 1000 0
DWIDTH 12 0
BBX 12 18 0 -4
BITMAP
0000
0000
0000
0000
0000
1C00
2200
0200
0200
0C00
0200
0200
2200
1C80
0080
0100
0000
0000
ENDCHAR
STARTCHAR u1F105
ENCODING 127237
SWIDTH 1000 0
DWIDTH 12 0
BBX 12 18 0 -4
BITMAP
0000
0000
0000
0000
0000
0400
0C00
0C00
1400
1400
2400
3E00
0400
0480
0080
0100
0000
0000
ENDCHAR
STARTCHAR u1F106
ENCODING 127238
SWIDTH 1000 0
DWIDTH 12 0
BBX 12 18 0 -4
BITMAP
0000
0000
0000
0000
0000
3E00
2000
2000
2000
3C00
0200
0200
2200
1C80
0080
0100
0000
0000
ENDCHAR
STARTCHAR u1F107
ENCODING 127239
SWIDTH 1000 0
DWIDTH 12 0
BBX 12 18 0 -4
BITMAP
0000
0000
0000
0000
0000
1C00
2200
2000
2000
3C00
2200
2200
2200
1C80
0080
0100
0000
0000
ENDCHAR
STARTCHAR u1F108
ENCODING 127240
SWIDTH 1000 0
DWIDTH 12 0
BBX 12 18 0 -4
BITMAP
0000
0000
0000
0000
0000
3C00
0200
0200
0400
0400
0800
0800
0800
0880
0080
0100
0000
0000
ENDCHAR
STARTCHAR u1F109
ENCODING 127241
SWIDTH 1000 0
DWIDTH 12 0
BBX 12 18 0 -4
BITMAP
0000
0000
0000
0000
0000
1C00
2200
2200
2200
1C00
2200
2200
2200
1C80
0080
0100
0000
0000
ENDCHAR
STARTCHAR u1F10A
ENCODING 127242
SWIDTH 1000 0
DWIDTH 12 0
BBX 12 18 0 -4
BITMAP
0000
0000
0000
0000
0000
1C00
2200
2200
2200
1E00
0200
0200
2200
1C80
0080
0100
0000
0000
ENDCHAR
STARTCHAR u1F10B
ENCODING 127243
SWIDTH 1000 0
DWIDTH 12 0
BBX 12 12 0 -1
BITMAP
0000
0E00
3180
4E40
5140
9320
9520
9920
5140
4E40
3180
0E00
ENDCHAR
STARTCHAR u1F10C
ENCODING 127244
SWIDTH 1000 0
DWIDTH 12 0
BBX 12 12 0 -1
BITMAP
0000
0E00
3F80
71C0
6EC0
ECE0
EAE0
E6E0
6EC0
71C0
3F80
0E00
ENDCHAR
STARTCHAR u1F110
ENCODING 127248
SWIDTH 1000 0
DWIDTH 12 0
BBX 12 12 0 -1
BITMAP
0000
2080
4040
4440
8420
8A20
8A20
8E20
9120
5140
4040
2080
ENDCHAR
STARTCHAR u1F111
ENCODING 127249
SWIDTH 1000 0
DWIDTH 12 0
BBX 12 12 0 -1
BITMAP
0000
2080
4040
5E40
9120
9120
9E20
9120
9120
5E40
4040
2080
ENDCHAR
STARTCHAR u1F112
ENCODING 127250
SWIDTH 1000 0
DWIDTH 12 0
BBX 12 12 0 -1
BITMAP
0000
2080
4040
4E40
9120
9020
9020
9020
9120
4E40
4040
2080
ENDCHAR
STARTCHAR u1F113
ENCODING 127251
SWIDTH 1000 0
DWIDTH 12 0
BBX 12 12 0 -1
BITMAP
0000
2080
4040
5E40
9120
9120
9120
9120
9120
5E40
4040
2080
ENDCHAR
STARTCHAR u1F114
ENCODING 127252
SWIDTH 1000 0
DWIDTH 12 0
BBX 12 12 0 -1
BITMAP
0000
2080
4040
4F40
9020
9020
9E20
9020
9020
4F40
4040
2080
ENDCHAR
STARTCHAR u1F115
ENCODING 127253
SWIDTH 1000 0
DWIDTH 12 0
BBX 12 12 0 -1
BITMAP
0000
2080
4040
4F40
9020
9020
9E20
9020
9020
5040
4040
2080
ENDCHAR
STARTCHAR u1F116
ENCODING 127254
SWIDTH 1000 0
DWIDTH 12 0
BBX 12 12 0 -1
BITMAP
0000
2080
4040
4E40
9120
9020
9020
9320
9120
4E40
4040
2080
ENDCHAR
STARTCHAR u1F117
ENCODING 127255
SWIDTH 1000 0
DWIDTH 12 0
BBX 12 12 0 -1
BITMAP
0000
2080
4040
5140
9120
9120
9F20
9120
9120
5140
4040
2080
ENDCHAR
STARTCHAR u1F118
ENCODING 127256
SWIDTH 1000 0
DWIDTH 12 0
BBX 12 12 0 -1
BITMAP
0000
2080
4040
4E40
8420
8420
8420
8420
8420
4E40
4040
2080
ENDCHAR
STARTCHAR u1F119
ENCODING 127257
SWIDTH 1000 0
DWIDTH 12 0
BBX 12 12 0 -1
BITMAP
0000
2080
4040
4140
8120
8120
8120
9120
9120
4E40
4040
2080
ENDCHAR
STARTCHAR u1F11A
ENCODING 127258
SWIDTH 1000 0
DWIDTH 12 0
BBX 12 12 0 -1
BITMAP
0000
2080
4040
5140
9220
9420
9820
9420
9220
5140
4040
2080
ENDCHAR
STARTCHAR u1F11B
ENCODING 127259
SWIDTH 1000 0
DWIDTH 12 0
BBX 12 12 0 -1
BITMAP
0000
2080
4040
5040
9020
9020
9020
9020
9020
4F40
4040
2080
ENDCHAR
STARTCHAR u1F11C
ENCODING 127260
SWIDTH 1000 0
DWIDTH 12 0
BBX 12 12 0 -1
BITMAP
0000
2080
4040
5140
9B20
9B20
9520
9520
9120
5140
4040
2080
ENDCHAR
STARTCHAR u1F11D
ENCODING 127261
SWIDTH 1000 0
DWIDTH 12 0
BBX 12 12 0 -1
BITMAP
0000
2080
4040
5140
9920
9520
9520
9320
9120
5140
4040
2080
ENDCHAR
STARTCHAR u1F11E
ENCODING 127262
SWIDTH 1000 0
DWIDTH 12 0
BBX 12 12 0 -1
BITMAP
0000
2080
4040
4E40
9120
9120
9120
9120
9120
4E40
4040
2080
ENDCHAR
STARTCHAR u1F11F
ENCODING 127263
SWIDTH 1000 0
DWIDTH 12 0
BBX 12 12 0 -1
BITMAP
0000
2080
4040
5E40
9120
9120
9E20
9020
9020
5040
4040
2080
ENDCHAR
STARTCHAR u1F120
ENCODING 127264
SWIDTH 1000 0
DWIDTH 12 0
BBX 12 12 0 -1
BITMAP
0000
2080
4040
4E40
9120
9120
9120
9520
9220
4D40
4040
2080
ENDCHAR
STARTCHAR u1F121
ENCODING 127265
SWIDTH 1000 0
DWIDTH 12 0
BBX 12 12 0 -1
BITMAP
0000
2080
4040
5E40
9120
9120
9E20
9420
9220
5140
4040
2080
ENDCHAR
STARTCHAR u1F122
ENCODING 127266
SWIDTH 1000 0
DWIDTH 12 0
BBX 12 12 0 -1
BITMAP
0000
2080
4040
4E40
9120
9020
8E20
8120
9120
4E40
4040
2080
ENDCHAR
STARTCHAR u1F123
ENCODING 127267
SWIDTH 1000 0
DWIDTH 12 0
BBX 12 12 0 -1
BITMAP
0000
2080
4040
5F40
8420
8420
8420
8420
8420
4440
4040
2080
ENDCHAR
STARTCHAR u1F124
ENCODING 127268
SWIDTH 1000 0
DWIDTH 12 0
BBX 12 12 0 -1
BITMAP
0000
2080
4040
5140
9120
9120
9120
9120
9120
4E40
4040
2080
ENDCHAR
STARTCHAR u1F125
ENCODING 127269
SWIDTH 1000 0
DWIDTH 12 0
BBX 12 12 0 -1
BITMAP
0000
2080
4040
5140
9120
9120
8A20
8A20
8420
4440
4040
2080
ENDCHAR
STARTCHAR u1F126
ENCODING 127270
SWIDTH 1000 0
DWIDTH 12 0
BBX 12 12 0 -1
BITMAP
0000
2080
4040
5540
9520
9520
9520
8A20
8A20
4A40
4040
2080
ENDCHAR
STARTCHAR u1F127
ENCODING 127271
SWIDTH 1000 0
DWIDTH 12 0
BBX 12 12 0 -1
BITMAP
0000
2080
4040
5140
9120
8A20
8420
8A20
9120
5140
4040
2080
ENDCHAR
STARTCHAR u1F128
ENCODING 127272
SWIDTH 1000 0
DWIDTH 12 0
BBX 12 12 0 -1
BITMAP
0000
2080
4040
5140
9120
8A20
8A20
8420
8420
4440
4040
2080
ENDCHAR
STARTCHAR u1F129
ENCODING 127273
SWIDTH 1000 0
DWIDTH 12 0
BBX 12 12 0 -1
BITMAP
0000
2080
4040
5F40
8120
8220
8420
8820
9020
5F40
4040
2080
ENDCHAR
STARTCHAR u1F12F
ENCODING 127279
SWIDTH 1000 0
DWIDTH 12 0
BBX 12 12 0 -1
BITMAP
0000
0000
1F00
2080
4E40
5140
4140
5140
4E40
2080
1F00
0000
ENDCHAR
STARTCHAR u1F130
ENCODING 127280
SWIDTH 1000 0
DWIDTH 12 0
BBX 12 12 0 -1
BITMAP
0000
FFE0
8020
8420
8420
8A20
8A20
8E20
9120
9120
8020
FFE0
ENDCHAR
STARTCHAR u1F131
ENCODING 127281
SWIDTH 1000 0
DWIDTH 12 0
BBX 12 12 0 -1
BITMAP
0000
FFE0
8020
9E20
9120
9120
9E20
9120
9120
9E20
8020
FFE0
ENDCHAR
STARTCHAR u1F132
ENCODING 127282
SWIDTH 1000 0
DWIDTH 12 0
BBX 12 12 0 -1
BITMAP
0000
FFE0
8020
8E20
9120
9020
9020
9020
9120
8E20
8020
FFE0
ENDCHAR
STARTCHAR u1F133
ENCODING 127283
SWIDTH 1000 0
DWIDTH 12 0
BBX 12 12 0 -1
BITMAP
0000
FFE0
8020
9E20
9120
9120
9120
9120
9120
9E20
8020
FFE0
ENDCHAR
STARTCHAR u1F134
ENCODING 127284
SWIDTH 1000 0
DWIDTH 12 0
BBX 12 12 0 -1
BITMAP
0000
FFE0
8020
8F20
9020
9020
9E20
9020
9020
8F20
8020
FFE0
ENDCHAR
STARTCHAR u1F135
ENCODING 127285
SWIDTH 1000 0
DWIDTH 12 0
BBX 12 12 0 -1
BITMAP
0000
FFE0
8020
8F20
9020
9020
9E20
9020
9020
9020
8020
FFE0
ENDCHAR
STARTCHAR u1F136
ENCODING 127286
SWIDTH 1000 0
DWIDTH 12 0
BBX 12 12 0 -1
BITMAP
0000
FFE0
8020
8E20
9120
9020
9020
9320
9120
8E20
8020
FFE0
ENDCHAR
STARTCHAR u1F137
ENCODING 127287
SWIDTH 1000 0
DWIDTH 12 0
BBX 12 12 0 -1
BITMAP
0000
FFE0
8020
9120
9120
9120
9F20
9120
9120
9120
8020
FFE0
ENDCHAR
STARTCHAR u1F138
ENCODING 127288
SWIDTH 1000 0
DWIDTH 12 0
BBX 12 12 0 -1
BITMAP
0000
FFE0
8020
8E20
8420
8420
8420
8420
8420
8E20
8020
FFE0
ENDCHAR
STARTCHAR u1F139
ENCODING 127289
SWIDTH 1000 0
DWIDTH 12 0
BBX 12 12 0 -1
BITMAP
0000
FFE0
8020
8120
8120
8120
8120
9120
9120
8E20
8020
FFE0
ENDCHAR
STARTCHAR u1F13A
ENCODING 127290
SWIDTH 1000 0
DWIDTH 12 0
BBX 12 12 0 -1
BITMAP
0000
FFE0
8020
9120
9220
9420
9820
9420
9220
9120
8020
FFE0
ENDCHAR
STARTCHAR u1F13B
ENCODING 127291
SWIDTH 1000 0
DWIDTH 12 0
BBX 12 12 0 -1
BITMAP
0000
FFE0
8020
9020
9020
9020
9020
9020
9020
8F20
8020
FFE0
ENDCHAR
STARTCHAR u1F13C
ENCODING 127292
SWIDTH 1000 0
DWIDTH 12 0
BBX 12 12 0 -1
BITMAP
0000
FFE0
8020
9120
9B20
9B20
9520
9520
9120
9120
8020
FFE0
ENDCHAR
STARTCHAR u1F13D
ENCODING 127293
SWIDTH 1000 0
DWIDTH 12 0
BBX 12 12 0 -1
BITMAP
0000
FFE0
8020
9120
9920
9520
9520
9320
9120
9120
8020
FFE0
ENDCHAR
STARTCHAR u1F13E
ENCODING 127294
SWIDTH 1000 0
DWIDTH 12 0
BBX 12 12 0 -1
BITMAP
0000
FFE0
8020
8E20
9120
9120
9120
9120
9120
8E20
8020
FFE0
ENDCHAR
STARTCHAR u1F13F
ENCODING 127295
SWIDTH 1000 0
DWIDTH 12 0
BBX 12 12 0 -1
BITMAP
0000
FFE0
8020
9E20
9120
9120
9E20
9020
9020
9020
8020
FFE0
ENDCHAR
STARTCHAR u1F140
ENCODING 127296
SWIDTH 1000 0
DWIDTH 12 0
BBX 12 12 0 -1
BITMAP
0000
FFE0
8020
8E20
9120
9120
9120
9520
9220
8D20
8020
FFE0
ENDCHAR
STARTCHAR u1F141
ENCODING 127297
SWIDTH 1000 0
DWIDTH 12 0
BBX 12 12 0 -1
BITMAP
0000
FFE0
8020
9E20
9120
9120
9E20
9420
9220
9120
8020
FFE0
ENDCHAR
STARTCHAR u1F142
ENCODING 127298
SWIDTH 1000 0
DWIDTH 12 0
BBX 12 12 0 -1
BITMAP
0000
FFE0
8020
8E20
9120
9020
8E20
8120
9120
8E20
8020
FFE0
ENDCHAR
STARTCHAR u1F143
ENCODING 127299
SWIDTH 1000 0
DWIDTH 12 0
BBX 12 12 0 -1
BITMAP
0000
FFE0
8020
9F20
8420
8420
8420
8420
8420
8420
8020
FFE0
ENDCHAR
STARTCHAR u1F144
ENCODING 127300
SWIDTH 1000 0
DWIDTH 12 0
BBX 12 12 0 -1
BITMAP
0000
FFE0
8020
9120
9120
9120
9120
9120
9120
8E20
8020
FFE0
ENDCHAR
STARTCHAR u1F145
ENCODING 127301
SWIDTH 1000 0
DWIDTH 12 0
BBX 12 12 0 -1
BITMAP
0000
FFE0
8020
9120
9120
9120
8A20
8A20
8420
8420
8020
FFE0
ENDCHAR
STARTCHAR u1F146
ENCODING 127302
SWIDTH 1000 0
DWIDTH 12 0
BBX 12 12 0 -1
BITMAP
0000
FFE0
8020
9520
9520
9520
9520
8A20
8A20
8A20
8020
FFE0
ENDCHAR
STARTCHAR u1F147
ENCODING 127303
SWIDTH 1000 0
DWIDTH 12 0
BBX 12 12 0 -1
BITMAP
0000
FFE0
8020
9120
9120
8A20
8420
8A20
9120
9120
8020
FFE0
ENDCHAR
STARTCHAR u1F148
ENCODING 127304
SWIDTH 1000 0
DWIDTH 12 0
BBX 12 12 0 -1
BITMAP
0000
FFE0
8020
9120
9120
8A20
8A20
8420
8420
8420
8020
FFE0
ENDCHAR
STARTCHAR u1F149
ENCODING 127305
SWIDTH 1000 0
DWIDTH 12 0
BBX 12 12 0 -1
BITMAP
0000
FFE0
8020
9F20
8120
8220
8420
8820
9020
9F20
8020
FFE0
ENDCHAR
STARTCHAR u1F150
ENCODING 127312
SWIDTH 1000 0
DWIDTH 12 0
BBX 12 12 0 -1
BITMAP
0000
0E00
3F80
7BC0
7BC0
F5E0
F5E0
F1E0
6EC0
6EC0
3F80
0E00
ENDCHAR
STARTCHAR u1F151
ENCODING 127313
SWIDTH 1000 0
DWIDTH 12 0
BBX 12 12 0 -1
BITMAP
0000
0E00
3F80
61C0
6EC0
EEE0
E1E0
EEE0
6EC0
61C0
3F80
0E00
ENDCHAR
STARTCHAR u1F152
ENCODING 127314
SWIDTH 1000 0
DWIDTH 12 0
BBX 12 12 0 -1
BITMAP
0000
0E00
3F80
71C0
6EC0
EFE0
EFE0
EFE0
6EC0
71C0
3F80
0E00
ENDCHAR
STARTCHAR u1F153
ENCODING 127315
SWIDTH 1000 0
DWIDTH 12 0
BBX 12 12 0 -1
BITMAP
0000
0E00
3F80
61C0
6EC0
EEE0
EEE0
EEE0
6EC0
61C0
3F80
0E00
ENDCHAR
STARTCHAR u1F154
ENCODING 127316
SWIDTH 1000 0
DWIDTH 12 0
BBX 12 12 0 -1
BITMAP
0000
0E00
3F80
70C0
6FC0
EFE0
E1E0
EFE0
6FC0
70C0
3F80
0E00
ENDCHAR
STARTCHAR u1F155
ENCODING 127317
SWIDTH 1000 0
DWIDTH 12 0
BBX 12 12 0 -1
BITMAP
0000
0E00
3F80
70C0
6FC0
EFE0
E1E0
EFE0
6FC0
6FC0
3F80
0E00
ENDCHAR
STARTCHAR u1F156
ENCODING 127318
SWIDTH 1000 0
DWIDTH 12 0
BBX 12 12 0 -1
BITMAP
0000
0E00
3F80
71C0
6EC0
EFE0
EFE0
ECE0
6EC0
71C0
3F80
0E00
ENDCHAR
STARTCHAR u1F157
ENCODING 127319
SWIDTH 1000 0
DWIDTH 12 0
BBX 12 12 0 -1
BITMAP
0000
0E00
3F80
6EC0
6EC0
EEE0
E0E0
EEE0
6EC0
6EC0
3F80
0E00
ENDCHAR
STARTCHAR u1F158
ENCODING 127320
SWIDTH 1000 0
DWIDTH 12 0
BBX 12 12 0 -1
BITMAP
0000
0E00
3F80
71C0
7BC0
FBE0
FBE0
FBE0
7BC0
71C0
3F80
0E00
ENDCHAR
STARTCHAR u1F159
ENCODING 127321
SWIDTH 1000 0
DWIDTH 12 0
BBX 12 12 0 -1
BITMAP
0000
0E00
3F80
7EC0
7EC0
FEE0
FEE0
EEE0
6EC0
71C0
3F80
0E00
ENDCHAR
STARTCHAR u1F15A
ENCODING 127322
SWIDTH 1000 0
DWIDTH 12 0
BBX 12 12 0 -1
BITMAP
0000
0E00
3F80
6EC0
6DC0
EBE0
E7E0
EBE0
6DC0
6EC0
3F80
0E00
ENDCHAR
STARTCHAR u1F15B
ENCODING 127323
SWIDTH 1000 0
DWIDTH 12 0
BBX 12 12 0 -1
BITMAP
0000
0E00
3F80
6FC0
6FC0
EFE0
EFE0
EFE0
6FC0
70C0
3F80
0E00
ENDCHAR
STARTCHAR u1F15C
ENCODING 127324
SWIDTH 1000 0
DWIDTH 12 0
BBX 12 12 0 -1
BITMAP
0000
0E00
3F80
6EC0
64C0
E4E0
EAE0
EAE0
6EC0
6EC0
3F80
0E00
ENDCHAR
STARTCHAR u1F15D
ENCODING 127325
SWIDTH 1000 0
DWIDTH 12 0
BBX 12 12 0 -1
BITMAP
0000
0E00
3F80
6EC0
66C0
EAE0
EAE0
ECE0
6EC0
6EC0
3F80
0E00
ENDCHAR
STARTCHAR u1F15E
ENCODING 127326
SWIDTH 1000 0
DWIDTH 12 0
BBX 12 12 0 -1
BITMAP
0000
0E00
3F80
71C0
6EC0
EEE0
EEE0
EEE0
6EC0
71C0
3F80
0E00
ENDCHAR
STARTCHAR u1F15F
ENCODING 127327
SWIDTH 1000 0
DWIDTH 12 0
BBX 12 12 0 -1
BITMAP
0000
0E00
3F80
61C0
6EC0
EEE0
E1E0
EFE0
6FC0
6FC0
3F80
0E00
ENDCHAR
STARTCHAR u1F160
ENCODING 127328
SWIDTH 1000 0
DWIDTH 12 0
BBX 12 12 0 -1
BITMAP
0000
0E00
3F80
71C0
6EC0
EEE0
EEE0
EAE0
6DC0
72C0
3F80
0E00
ENDCHAR
STARTCHAR u1F161
ENCODING 127329
SWIDTH 1000 0
DWIDTH 12 0
BBX 12 12 0 -1
BITMAP
0000
0E00
3F80
61C0
6EC0
EEE0
E1E0
EBE0
6DC0
6EC0
3F80
0E00
ENDCHAR
STARTCHAR u1F162
ENCODING 127330
SWIDTH 1000 0
DWIDTH 12 0
BBX 12 12 0 -1
BITMAP
0000
0E00
3F80
71C0
6EC0
EFE0
F1E0
FEE0
6EC0
71C0
3F80
0E00
ENDCHAR
STARTCHAR u1F163
ENCODING 127331
SWIDTH 1000 0
DWIDTH 12 0
BBX 12 12 0 -1
BITMAP
0000
0E00
3F80
60C0
7BC0
FBE0
FBE0
FBE0
7BC0
7BC0
3F80
0E00
ENDCHAR
STARTCHAR u1F164
ENCODING 127332
SWIDTH 1000 0
DWIDTH 12 0
BBX 12 12 0 -1
BITMAP
0000
0E00
3F80
6EC0
6EC0
EEE0
EEE0
EEE0
6EC0
71C0
3F80
0E00
ENDCHAR
STARTCHAR u1F165
ENCODING 127333
SWIDTH 1000 0
DWIDTH 12 0
BBX 12 12 0 -1
BITMAP
0000
0E00
3F80
6EC0
6EC0
EEE0
F5E0
F5E0
7BC0
7BC0
3F80
0E00
ENDCHAR
STARTCHAR u1F166
ENCODING 127334
SWIDTH 1000 0
DWIDTH 12 0
BBX 12 12 0 -1
BITMAP
0000
0E00
3F80
6AC0
6AC0
EAE0
EAE0
F5E0
75C0
75C0
3F80
0E00
ENDCHAR
STARTCHAR u1F167
ENCODING 127335
SWIDTH 1000 0
DWIDTH 12 0
BBX 12 12 0 -1
BITMAP
0000
0E00
3F80
6EC0
6EC0
F5E0
FBE0
F5E0
6EC0
6EC0
3F80
0E00
ENDCHAR
STARTCHAR u1F168
ENCODING 127336
SWIDTH 1000 0
DWIDTH 12 0
BBX 12 12 0 -1
BITMAP
0000
0E00
3F80
6EC0
6EC0
F5E0
F5E0
FBE0
7BC0
7BC0
3F80
0E00
ENDCHAR
STARTCHAR u1F169
ENCODING 127337
SWIDTH 1000 0
DWIDTH 12 0
BBX 12 12 0 -1
BITMAP
0000
0E00
3F80
60C0
7EC0
FDE0
FBE0
F7E0
6FC0
60C0
3F80
0E00
ENDCHAR
STARTCHAR u1F170
ENCODING 127344
SWIDTH 1000 0
DWIDTH 12 0
BBX 12 12 0 -1
BITMAP
0000
7FC0
FFE0
FBE0
FBE0
F5E0
F5E0
F1E0
EEE0
EEE0
FFE0
7FC0
ENDCHAR
STARTCHAR u1F171
ENCODING 127345
SWIDTH 1000 0
DWIDTH 12 0
BBX 12 12 0 -1
BITMAP
0000
7FC0
FFE0
E1E0
EEE0
EEE0
E1E0
EEE0
EEE0
E1E0
FFE0
7FC0
ENDCHAR
STARTCHAR u1F172
ENCODING 127346
SWIDTH 1000 0
DWIDTH 12 0
BBX 12 12 0 -1
BITMAP
0000
7FC0
FFE0
F1E0
EEE0
EFE0
EFE0
EFE0
EEE0
F1E0
FFE0
7FC0
ENDCHAR
STARTCHAR u1F173
ENCODING 127347
SWIDTH 1000 0
DWIDTH 12 0
BBX 12 12 0 -1
BITMAP
0000
7FC0
FFE0
E1E0
EEE0
EEE0
EEE0
EEE0
EEE0
E1E0
FFE0
7FC0
ENDCHAR
STARTCHAR u1F174
ENCODING 127348
SWIDTH 1000 0
DWIDTH 12 0
BBX 12 12 0 -1
BITMAP
0000
7FC0
FFE0
F0E0
EFE0
EFE0
E1E0
EFE0
EFE0
F0E0
FFE0
7FC0
ENDCHAR
STARTCHAR u1F175
ENCODING 127349
SWIDTH 1000 0
DWIDTH 12 0
BBX 12 12 0 -1
BITMAP
0000
7FC0
FFE0
F0E0
EFE0
EFE0
E1E0
EFE0
EFE0
EFE0
FFE0
7FC0
ENDCHAR
STARTCHAR u1F176
ENCODING 127350
SWIDTH 1000 0
DWIDTH 12 0
BBX 12 12 0 -1
BITMAP
0000
7FC0
FFE0
F1E0
EEE0
EFE0
EFE0
ECE0
EEE0
F1E0
FFE0
7FC0
ENDCHAR
STARTCHAR u1F177
ENCODING 127351
SWIDTH 1000 0
DWIDTH 12 0
BBX 12 12 0 -1
BITMAP
0000
7FC0
FFE0
EEE0
EEE0
EEE0
E0E0
EEE0
EEE0
EEE0
FFE0
7FC0
ENDCHAR
STARTCHAR u1F178
ENCODING 127352
SWIDTH 1000 0
DWIDTH 12 0
BBX 12 12 0 -1
BITMAP
0000
7FC0
FFE0
F1E0
FBE0
FBE0
FBE0
FBE0
FBE0
F1E0
FFE0
7FC0
ENDCHAR
STARTCHAR u1F179
ENCODING 127353
SWIDTH 1000 0
DWIDTH 12 0
BBX 12 12 0 -1
BITMAP
0000
7FC0
FFE0
FEE0
FEE0
FEE0
FEE0
EEE0
EEE0
F1E0
FFE0
7FC0
ENDCHAR
STARTCHAR u1F17A
ENCODING 127354
SWIDTH 1000 0
DWIDTH 12 0
BBX 12 12 0 -1
BITMAP
0000
7FC0
FFE0
EEE0
EDE0
EBE0
E7E0
EBE0
EDE0
EEE0
FFE0
7FC0
ENDCHAR
STARTCHAR u1F17B
ENCODING 127355
SWIDTH 1000 0
DWIDTH 12 0
BBX 12 12 0 -1
BITMAP
0000
7FC0
FFE0
EFE0
EFE0
EFE0
EFE0
EFE0
EFE0
F0E0
FFE0
7FC0
ENDCHAR
STARTCHAR u1F17C
ENCODING 127356
SWIDTH 1000 0
DWIDTH 12 0
BBX 12 12 0 -1
BITMAP
0000
7FC0
FFE0
EEE0
E4E0
E4E0
EAE0
EAE0
EEE0
EEE0
FFE0
7FC0
ENDCHAR
STARTCHAR u1F17D
ENCODING 127357
SWIDTH 1000 0
DWIDTH 12 0
BBX 12 12 0 -1
BITMAP
0000
7FC0
FFE0
EEE0
E6E0
EAE0
EAE0
ECE0
EEE0
EEE0
FFE0
7FC0
ENDCHAR
STARTCHAR u1F17E
ENCODING 127358
SWIDTH 1000 0
DWIDTH 12 0
BBX 12 12 0 -1
BITMAP
0000
7FC0
FFE0
F1E0
EEE0
EEE0
EEE0
EEE0
EEE0
F1E0
FFE0
7FC0
ENDCHAR
STARTCHAR u1F17F
ENCODING 127359
SWIDTH 1000 0
DWIDTH 12 0
BBX 12 12 0 -1
BITMAP
0000
7FC0
FFE0
E1E0
EEE0
EEE0
E1E0
EFE0
EFE0
EFE0
FFE0
7FC0
ENDCHAR
STARTCHAR u1F180
ENCODING 127360
SWIDTH 1000 0
DWIDTH 12 0
BBX 12 12 0 -1
BITMAP
0000
7FC0
FFE0
F1E0
EEE0
EEE0
EEE0
EAE0
EDE0
F2E0
FFE0
7FC0
ENDCHAR
STARTCHAR u1F181
ENCODING 127361
SWIDTH 1000 0
DWIDTH 12 0
BBX 12 12 0 -1
BITMAP
0000
7FC0
FFE0
E1E0
EEE0
EEE0
E1E0
EBE0
EDE0
EEE0
FFE0
7FC0
ENDCHAR
STARTCHAR u1F182
ENCODING 127362
SWIDTH 1000 0
DWIDTH 12 0
BBX 12 12 0 -1
BITMAP
0000
7FC0
FFE0
F1E0
EEE0
EFE0
F1E0
FEE0
EEE0
F1E0
FFE0
7FC0
ENDCHAR
STARTCHAR u1F183
ENCODING 127363
SWIDTH 1000 0
DWIDTH 12 0
BBX 12 12 0 -1
BITMAP
0000
7FC0
FFE0
E0E0
FBE0
FBE0
FBE0
FBE0
FBE0
FBE0
FFE0
7FC0
ENDCHAR
STARTCHAR u1F184
ENCODING 127364
SWIDTH 1000 0
DWIDTH 12 0
BBX 12 12 0 -1
BITMAP
0000
7FC0
FFE0
EEE0
EEE0
EEE0
EEE0
EEE0
EEE0
F1E0
FFE0
7FC0
ENDCHAR
STARTCHAR u1F185
ENCODING 127365
SWIDTH 1000 0
DWIDTH 12 0
BBX 12 12 0 -1
BITMAP
0000
7FC0
FFE0
EEE0
EEE0
EEE0
F5E0
F5E0
FBE0
FBE0
FFE0
7FC0
ENDCHAR
STARTCHAR u1F186
ENCODING 127366
SWIDTH 1000 0
DWIDTH 12 0
BBX 12 12 0 -1
BITMAP
0000
7FC0
FFE0
EAE0
EAE0
EAE0
EAE0
F5E0
F5E0
F5E0
FFE0
7FC0
ENDCHAR
STARTCHAR u1F187
ENCODING 127367
SWIDTH 1000 0
DWIDTH 12 0
BBX 12 12 0 -1
BITMAP
0000
7FC0
FFE0
EEE0
EEE0
F5E0
FBE0
F5E0
EEE0
EEE0
FFE0
7FC0
ENDCHAR
STARTCHAR u1F188
ENCODING 127368
SWIDTH 1000 0
DWIDTH 12 0
BBX 12 12 0 -1
BITMAP
0000
7FC0
FFE0
EEE0
EEE0
F5E0
F5E0
FBE0
FBE0
FBE0
FFE0
7FC0
ENDCHAR
STARTCHAR u1F189
ENCODING 127369
SWIDTH 1000 0
DWIDTH 12 0
BBX 12 12 0 -1
BITMAP
0000
7FC0
FFE0
E0E0
FEE0
FDE0
FBE0
F7E0
EFE0
E0E0
FFE0
7FC0
ENDCHAR
STARTCHAR u1F1AD
ENCODING 127405
SWIDTH 1000 0
DWIDTH 12 0
BBX 12 12 0 -1
BITMAP
0000
0000
1F00
2080
5140
5B40
5540
5140
5140
2080
1F00
0000
ENDCHAR
STARTCHAR u1F1E6
ENCODING 127462
SWIDTH 1000 0
DWIDTH 12 0
BBX 12 12 0 -1
BITMAP
0000
DB60
8020
0400
8420
8A20
0A00
8E20
9120
1100
8020
DB60
ENDCHAR
STARTCHAR u1F1E7
ENCODING 127463
SWIDTH 1000 0
DWIDTH 12 0
BBX 12 12 0 -1
BITMAP
0000
DB60
8020
1E00
9120
9120
1E00
9120
9120
1E00
8020
DB60
ENDCHAR
STARTCHAR u1F1E8
ENCODING 127464
SWIDTH 1000 0
DWIDTH 12 0
BBX 12 12 0 -1
BITMAP
0000
DB60
8020
0E00
9120
9020
1000
9020
9120
0E00
8020
DB60
ENDCHAR
STARTCHAR u1F1E9
ENCODING 127465
SWIDTH 1000 0
DWIDTH 12 0
BBX 12 12 0 -1
BITMAP
0000
DB60
8020
1E00
9120
9120
1100
9120
9120
1E00
8020
DB60
ENDCHAR
STARTCHAR u1F1EA
ENCODING 127466
SWIDTH 1000 0
DWIDTH 12 0
BBX 12 12 0 -1
BITMAP
0000
DB60
8020
0F00
9020
9020
1E00
9020
9020
0F00
8020
DB60
ENDCHAR
STARTCHAR u1F1EB
ENCODING 127467
SWIDTH 1000 0
DWIDTH 12 0
BBX 12 12 0 -1
BITMAP
0000
DB60
8020
0F00
9020
9020
1E00
9020
9020
1000
8020
DB60
ENDCHAR
STARTCHAR u1F1EC
ENCODING 127468
SWIDTH 1000 0
DWIDTH 12 0
BBX 12 12 0 -1
BITMAP
0000
DB60
8020
0E00
9120
9020
1000
9320
9120
0E00
8020
DB60
ENDCHAR
STARTCHAR u1F1ED
ENCODING 127469
SWIDTH 1000 0
DWIDTH 12 0
BBX 12 12 0 -1
BITMAP
0000
DB60
8020
1100
9120
9120
1F00
9120
9120
1100
8020
DB60
ENDCHAR
STARTCHAR u1F1EE
ENCODING 127470
SWIDTH 1000 0
DWIDTH 12 0
BBX 12 12 0 -1
BITMAP
0000
DB60
8020
0E00
8420
8420
0400
8420
8420
0E00
8020
DB60
ENDCHAR
STARTCHAR u1F1EF
ENCODING 127471
SWIDTH 1000 0
DWIDTH 12 0
BBX 12 12 0 -1
BITMAP
0000
DB60
8020
0100
8120
8120
0100
9120
9120
0E00
8020
DB60
ENDCHAR
STARTCHAR u1F1F0
ENCODING 127472
SWIDTH 1000 0
DWIDTH 12 0
BBX 12 12 0 -1
BITMAP
0000
DB60
8020
1100
9220
9420
1800
9420
9220
1100
8020
DB60
ENDCHAR
STARTCHAR u1F1F1
ENCODING 127473
SWIDTH 1000 0
DWIDTH 12 0
BBX 12 12 0 -1
BITMAP
0000
DB60
8020
1000
9020
9020
1000
9020
9020
0F00
8020
DB60
ENDCHAR
STARTCHAR u1F1F2
ENCODING 127474
SWIDTH 1000 0
DWIDTH 12 0
BBX 12 12 0 -1
BITMAP
0000
DB60
8020
1100
9B20
9B20
1500
9520
9120
1100
8020
DB60
ENDCHAR
STARTCHAR u1F1F3
ENCODING 127475
SWIDTH 1000 0
DWIDTH 12 0
BBX 12 12 0 -1
BITMAP
0000
DB60
8020
1100
9920
9520
1500
9320
9120
1100
8020
DB60
ENDCHAR
STARTCHAR u1F1F4
ENCODING 127476
SWIDTH 1000 0
DWIDTH 12 0
BBX 12 12 0 -1
BITMAP
0000
DB60
8020
0E00
9120
9120
1100
9120
9120
0E00
8020
DB60
ENDCHAR
STARTCHAR u1F1F5
ENCODING 127477
SWIDTH 1000 0
DWIDTH 12 0
BBX 12 12 0 -1
BITMAP
0000
DB60
8020
1E00
9120
9120
1E00
9020
9020
1000
8020
DB60
ENDCHAR
STARTCHAR u1F1F6
ENCODING 127478
SWIDTH 1000 0
DWIDTH 12 0
BBX 12 12 0 -1
BITMAP
0000
DB60
8020
0E00
9120
9120
1100
9520
9220
0D00
8020
DB60
ENDCHAR
STARTCHAR u1F1F7
ENCODING 127479
SWIDTH 1000 0
DWIDTH 12 0
BBX 12 12 0 -1
BITMAP
0000
DB60
8020
1E00
9120
9120
1E00
9420
9220
1100
8020
DB60
ENDCHAR
STARTCHAR u1F1F8
ENCODING 127480
SWIDTH 1000 0
DWIDTH 12 0
BBX 12 12 0 -1
BITMAP
0000
DB60
8020
0E00
9120
9020
0E00
8120
9120
0E00
8020
DB60
ENDCHAR
STARTCHAR u1F1F9
ENCODING 127481
SWIDTH 1000 0
DWIDTH 12 0
BBX 12 12 0 -1
BITMAP
0000
DB60
8020
1F00
8420
8420
0400
8420
8420
0400
8020
DB60
ENDCHAR
STARTCHAR u1F1FA
ENCODING 127482
SWIDTH 1000 0
DWIDTH 12 0
BBX 12 12 0 -1
BITMAP
0000
DB60
8020
1100
9120
9120
1100
9120
9120
0E00
8020
DB60
ENDCHAR
STARTCHAR u1F1FB
ENCODING 127483
SWIDTH 1000 0
DWIDTH 12 0
BBX 12 12 0 -1
BITMAP
0000
DB60
8020
1100
9120
9120
0A00
8A20
8420
0400
8020
DB60
ENDCHAR
STARTCHAR u1F1FC
ENCODING 127484
SWIDTH 1000 0
DWIDTH 12 0
BBX 12 12 0 -1
BITMAP
0000
DB60
8020
1500
9520
9520
1500
8A20
8A20
0A00
8020
DB60
ENDCHAR
STARTCHAR u1F1FD
ENCODING 127485
SWIDTH 1000 0
DWIDTH 12 0
BBX 12 12 0 -1
BITMAP
0000
DB60
8020
1100
9120
8A20
0400
8A20
9120
1100
8020
DB60
ENDCHAR
STARTCHAR u1F1FE
ENCODING 127486
SWIDTH 1000 0
DWIDTH 12 0
BBX 12 12 0 -1
BITMAP
0000
DB60
8020
1100
9120
8A20
0A00
8420
8420
0400
8020
DB60
ENDCHAR
STARTCHAR u1F1FF
ENCODING 127487
SWIDTH 1000 0
DWIDTH 12 0
BBX 12 12 0 -1
BITMAP
0000
DB60
8020
1F00
8120
8220
0400
8820
9020
1F00
8020
DB60
ENDCHAR
STARTCHAR u20086
ENCODING 131206
SWIDTH 1000 0
DWIDTH 12 0
BBX 12 12 0 -1
BITMAP
0000
0060
1F80
2000
2000
2000
2000
2000
2000
4000
4000
8000
ENDCHAR
STARTCHAR u20628
ENCODING 132648
SWIDTH 1000 0
DWIDTH 12 0
BBX 12 12 0 -1
BITMAP
0000
1F00
2080
2080
2080
2080
2080
2080
2080
40A0
40A0
8040
ENDCHAR
STARTCHAR u21BC2
ENCODING 138178
SWIDTH 1000 0
DWIDTH 12 0
BBX 12 12 0 -1
BITMAP
0000
1100
2080
4040
8020
0E00
1100
1100
1100
1120
2120
C0C0
ENDCHAR
STARTCHAR u22B24
ENCODING 142116
SWIDTH 1000 0
DWIDTH 12 0
BBX 12 12 0 -1
BITMAP
0000
47E0
4800
EBE0
4880
4880
6BE0
C880
4880
4BE0
4800
C7E0
ENDCHAR
STARTCHAR u248E9
ENCODING 149737
SWIDTH 1000 0
DWIDTH 12 0
BBX 12 12 0 -1
BITMAP
0000
0000
F800
2000
2000
2000
F800
2000
2000
3800
C000
0000
ENDCHAR
STARTCHAR u25AD7
ENCODING 154327
SWIDTH 1000 0
DWIDTH 12 0
BBX 12 12 0 -1
BITMAP
0000
4200
7BE0
9480
0000
0000
0000
0000
0000
0000
0000
0000
ENDCHAR
STARTCHAR u26951
ENCODING 158033
SWIDTH 1000 0
DWIDTH 12 0
BBX 12 12 0 -1
BITMAP
0000
0800
1000
63C0
8020
8020
8020
FBE0
8020
8020
8020
7BC0
ENDCHAR
STARTCHAR u278B2
ENCODING 161970
SWIDTH 1000 0
DWIDTH 12 0
BBX 12 12 0 -1
BITMAP
0000
2000
3E00
4100
BF80
4440
4A40
75C0
4A40
71C0
4040
8180
ENDCHAR
STARTCHAR u27FB7
ENCODING 163767
SWIDTH 1000 0
DWIDTH 12 0
BBX 12 12 0 -1
BITMAP
0000
3800
4400
4400
3800
1000
1000
5C00
5000
5000
5C00
E000
ENDCHAR
STARTCHAR u28E0F
ENCODING 167439
SWIDTH 1000 0
DWIDTH 12 0
BBX 12 12 0 -1
BITMAP
0000
0400
0800
1E00
2100
3F00
2100
2100
3F80
2080
2080
1F00
ENDCHAR
STARTCHAR u2967F
ENCODING 169599
SWIDTH 1000 0
DWIDTH 12 0
BBX 12 12 0 -1
BITMAP
0000
6000
9000
2000
F000
9000
F000
9000
F000
8000
F000
8000
ENDCHAR
STARTCHAR u29810
ENCODING 170000
SWIDTH 1000 0
DWIDTH 12 0
BBX 12 12 0 -1
BITMAP
0000
2480
4900
2480
0000
FFE0
0400
3F80
4040
7FC0
4040
3F80
ENDCHAR
STARTCHAR u2A736
ENCODING 173878
SWIDTH 1000 0
DWIDTH 12 0
BBX 12 12 0 -1
BITMAP
0000
27C0
2820
4920
4920
CFE0
4920
4AA0
4AA0
4C60
4820
47C0
ENDCHAR
STARTCHAR u2B7C5
ENCODING 178117
SWIDTH 1000 0
DWIDTH 12 0
BBX 12 12 0 -1
BITMAP
0000
4100
5FE0
8000
A780
C840
4840
8780
E100
0540
2920
C300
ENDCHAR
STARTCHAR u2C621
ENCODING 181793
SWIDTH 1000 0
DWIDTH 12 0
BBX 12 12 0 -1
BITMAP
0000
47C0
4820
8920
A920
CFE0
4920
8AA0
EAA0
0C60
2820
C7C0
ENDCHAR
STARTCHAR u2D544
ENCODING 185668
SWIDTH 1000 0
DWIDTH 12 0
BBX 12 12 0 -1
BITMAP
0000
1020
8820
4440
2080
0000
0000
0000
0000
0000
0000
0000
ENDCHAR
STARTCHAR u302F7
ENCODING 197367
SWIDTH 1000 0
DWIDTH 12 0
BBX 12 12 0 -1
BITMAP
0000
0840
4440
2440
2080
0800
FFE0
1080
2080
3100
0E00
F1E0
ENDCHAR
ENDFONT
