STARTFONT 2.1
FONT BmPlus_HP_100LX_16x12-12px
SIZE 12 75 75
FONTBOUNDINGBOX 16 12 0 -2
STARTPROPERTIES 3
PIXEL_SIZE 12
FONT_ASCENT 10
FONT_DESCENT 2
ENDPROPERTIES
CHARS 788
STARTCHAR uni0000
ENCODING 0
SWIDTH 1333 0
DWIDTH 16 0
BBX 16 12 0 -2
BITMAP
0000
0000
0000
0000
0000
0000
0000
0000
0000
0000
0000
0000
ENDCHAR
STARTCHAR uni0001
ENCODING 1
SWIDTH 1333 0
DWIDTH 16 0
BBX 16 12 0 -2
BITMAP
07F8
0FFC
1806
3333
3003
3213
361B
11E3
1866
0FFC
07F8
0000
ENDCHAR
STARTCHAR uni0002
ENCODING 2
SWIDTH 1333 0
DWIDTH 16 0
BBX 16 12 0 -2
BITMAP
07F8
0FFC
1FFE
3CCF
3FFF
3DEF
39E7
3E1F
1F9E
0FFC
07F8
0000
ENDCHAR
STARTCHAR uni0003
ENCODING 3
SWIDTH 1333 0
DWIDTH 16 0
BBX 16 12 0 -2
BITMAP
0E38
1F7C
3FFE
3FFE
3FFE
3FFE
1FFC
0FF8
03E0
01C0
0080
0000
ENDCHAR
STARTCHAR uni0004
ENCODING 4
SWIDTH 1333 0
DWIDTH 16 0
BBX 16 12 0 -2
BITMAP
0080
01C0
03E0
07F0
0FF8
1FFC
0FF8
07F0
03E0
01C0
0080
0000
ENDCHAR
STARTCHAR uni0005
ENCODING 5
SWIDTH 1333 0
DWIDTH 16 0
BBX 16 12 0 -2
BITMAP
01E0
03F0
01E0
1DEE
3EDF
3FFF
3EDF
1CCE
01E0
07F8
07F8
0000
ENDCHAR
STARTCHAR uni0006
ENCODING 6
SWIDTH 1333 0
DWIDTH 16 0
BBX 16 12 0 -2
BITMAP
00C0
01E0
07F8
0FFC
1FFE
1FFE
1FFE
1F3E
0FFC
00C0
03F0
0000
ENDCHAR
STARTCHAR uni0007
ENCODING 7
SWIDTH 1333 0
DWIDTH 16 0
BBX 16 12 0 -2
BITMAP
0000
0000
0000
03C0
07E0
07E0
07E0
07E0
03C0
0000
0000
0000
ENDCHAR
STARTCHAR uni0008
ENCODING 8
SWIDTH 1333 0
DWIDTH 16 0
BBX 16 12 0 -2
BITMAP
FFFF
FFFF
FFFF
FC3F
F81F
F81F
F81F
F81F
FC3F
FFFF
FFFF
FFFF
ENDCHAR
STARTCHAR uni0009
ENCODING 9
SWIDTH 1333 0
DWIDTH 16 0
BBX 16 12 0 -2
BITMAP
0000
03C0
0FF0
0C30
1818
1818
1818
1818
0C30
0FF0
03C0
0000
ENDCHAR
STARTCHAR uni000A
ENCODING 10
SWIDTH 1333 0
DWIDTH 16 0
BBX 16 12 0 -2
BITMAP
FFFF
FC3F
F00F
F3CF
E7E7
E7E7
E7E7
E7E7
F3CF
F00F
FC3F
FFFF
ENDCHAR
STARTCHAR uni000B
ENCODING 11
SWIDTH 1333 0
DWIDTH 16 0
BBX 16 12 0 -2
BITMAP
00FC
003C
0074
00E4
0FC0
1FE0
3870
3030
3870
1FE0
0FC0
0000
ENDCHAR
STARTCHAR uni000C
ENCODING 12
SWIDTH 1333 0
DWIDTH 16 0
BBX 16 12 0 -2
BITMAP
07E0
0FF0
1C38
1818
1818
1C38
0FF0
07E0
0180
07E0
07E0
0180
ENDCHAR
STARTCHAR uni000D
ENCODING 13
SWIDTH 1333 0
DWIDTH 16 0
BBX 16 12 0 -2
BITMAP
00C0
00E0
00F0
00D8
00CC
00CC
00C0
03C0
07C0
07C0
0380
0000
ENDCHAR
STARTCHAR uni000E
ENCODING 14
SWIDTH 1333 0
DWIDTH 16 0
BBX 16 12 0 -2
BITMAP
0780
0678
0618
0798
0678
0618
0618
1E18
3E78
3EF8
1CF8
0070
ENDCHAR
STARTCHAR uni000F
ENCODING 15
SWIDTH 1333 0
DWIDTH 16 0
BBX 16 12 0 -2
BITMAP
00C0
18C6
0CCC
0738
0210
3C0F
3C0F
0210
0738
0CCC
18C6
00C0
ENDCHAR
STARTCHAR uni0010
ENCODING 16
SWIDTH 1333 0
DWIDTH 16 0
BBX 16 12 0 -2
BITMAP
6000
7800
7F00
7FE0
7FFC
7FFC
7FE0
7F00
7800
6000
0000
0000
ENDCHAR
STARTCHAR uni0011
ENCODING 17
SWIDTH 1333 0
DWIDTH 16 0
BBX 16 12 0 -2
BITMAP
000C
003C
01FC
0FFC
7FFC
7FFC
0FFC
01FC
003C
000C
0000
0000
ENDCHAR
STARTCHAR uni0012
ENCODING 18
SWIDTH 1333 0
DWIDTH 16 0
BBX 16 12 0 -2
BITMAP
0180
03C0
07E0
0FF0
0180
0180
0180
0FF0
07E0
03C0
0180
0000
ENDCHAR
STARTCHAR uni0013
ENCODING 19
SWIDTH 1333 0
DWIDTH 16 0
BBX 16 12 0 -2
BITMAP
0C18
1E3C
1E3C
1E3C
1E3C
0C18
0C18
0000
0C18
0C18
0000
0000
ENDCHAR
STARTCHAR uni0014
ENCODING 20
SWIDTH 1333 0
DWIDTH 16 0
BBX 16 12 0 -2
BITMAP
1FF8
3FF8
3198
3198
3F98
1F98
0198
0198
0198
0198
0000
0000
ENDCHAR
STARTCHAR uni0015
ENCODING 21
SWIDTH 1333 0
DWIDTH 16 0
BBX 16 12 0 -2
BITMAP
03F0
07F8
0318
07C0
0E60
0C30
0670
03E0
18C0
1FE0
0FC0
0000
ENDCHAR
STARTCHAR uni0016
ENCODING 22
SWIDTH 1333 0
DWIDTH 16 0
BBX 16 12 0 -2
BITMAP
0000
0000
0000
0000
0000
0000
0000
0000
0000
FFFF
FFFF
FFFF
ENDCHAR
STARTCHAR uni0017
ENCODING 23
SWIDTH 1333 0
DWIDTH 16 0
BBX 16 12 0 -2
BITMAP
0180
03C0
07E0
0FF0
0180
0180
0180
0FF0
07E0
03C0
0180
0FF0
ENDCHAR
STARTCHAR uni0018
ENCODING 24
SWIDTH 1333 0
DWIDTH 16 0
BBX 16 12 0 -2
BITMAP
0100
0380
07C0
0FE0
1FF0
3FF8
0380
0380
0380
0380
0380
0380
ENDCHAR
STARTCHAR uni0019
ENCODING 25
SWIDTH 1333 0
DWIDTH 16 0
BBX 16 12 0 -2
BITMAP
0380
0380
0380
0380
0380
0380
3FF8
1FF0
0FE0
07C0
0380
0100
ENDCHAR
STARTCHAR uni001A
ENCODING 26
SWIDTH 1333 0
DWIDTH 16 0
BBX 16 12 0 -2
BITMAP
0020
0030
0038
003C
FFFE
FFFF
FFFE
003C
0038
0030
0020
0000
ENDCHAR
STARTCHAR uni001B
ENCODING 27
SWIDTH 1333 0
DWIDTH 16 0
BBX 16 12 0 -2
BITMAP
0400
0C00
1C00
3C00
7FFF
FFFF
7FFF
3C00
1C00
0C00
0400
0000
ENDCHAR
STARTCHAR uni001C
ENCODING 28
SWIDTH 1333 0
DWIDTH 16 0
BBX 16 12 0 -2
BITMAP
0000
0E00
0E00
0E00
0FFF
0FFF
0FFF
0000
0000
0000
0000
0000
ENDCHAR
STARTCHAR uni001D
ENCODING 29
SWIDTH 1333 0
DWIDTH 16 0
BBX 16 12 0 -2
BITMAP
0000
0000
1008
300C
700E
FFFF
FFFF
700E
300C
1008
0000
0000
ENDCHAR
STARTCHAR uni001E
ENCODING 30
SWIDTH 1333 0
DWIDTH 16 0
BBX 16 12 0 -2
BITMAP
0000
0100
0380
0380
07C0
07C0
0FE0
0FE0
1FF0
1FF0
0000
0000
ENDCHAR
STARTCHAR uni001F
ENCODING 31
SWIDTH 1333 0
DWIDTH 16 0
BBX 16 12 0 -2
BITMAP
0000
1FF0
1FF0
0FE0
0FE0
07C0
07C0
0380
0380
0100
0000
0000
ENDCHAR
STARTCHAR space
ENCODING 32
SWIDTH 1333 0
DWIDTH 16 0
BBX 16 12 0 -2
BITMAP
0000
0000
0000
0000
0000
0000
0000
0000
0000
0000
0000
0000
ENDCHAR
STARTCHAR exclam
ENCODING 33
SWIDTH 1333 0
DWIDTH 16 0
BBX 16 12 0 -2
BITMAP
0300
0780
0780
0780
0300
0300
0300
0000
0300
0300
0000
0000
ENDCHAR
STARTCHAR quotedbl
ENCODING 34
SWIDTH 1333 0
DWIDTH 16 0
BBX 16 12 0 -2
BITMAP
1C38
1C38
0C30
0C30
0420
0000
0000
0000
0000
0000
0000
0000
ENDCHAR
STARTCHAR numbersign
ENCODING 35
SWIDTH 1333 0
DWIDTH 16 0
BBX 16 12 0 -2
BITMAP
00C6
018C
0FFF
0FFF
0630
0C60
7FF8
7FF8
3180
6300
0000
0000
ENDCHAR
STARTCHAR dollar
ENCODING 36
SWIDTH 1333 0
DWIDTH 16 0
BBX 16 12 0 -2
BITMAP
01C0
0FFC
1FFE
3806
1FF0
07FC
300E
3FFC
1FF8
01C0
0000
0000
ENDCHAR
STARTCHAR percent
ENCODING 37
SWIDTH 1333 0
DWIDTH 16 0
BBX 16 12 0 -2
BITMAP
1E0C
3318
3330
3360
1EC0
01BC
0366
0666
0C66
183C
0000
0000
ENDCHAR
STARTCHAR ampersand
ENCODING 38
SWIDTH 1333 0
DWIDTH 16 0
BBX 16 12 0 -2
BITMAP
01C0
0360
0630
0360
01C0
07CE
0EFC
1C70
0EF8
078C
0000
0000
ENDCHAR
STARTCHAR quotesingle
ENCODING 39
SWIDTH 1333 0
DWIDTH 16 0
BBX 16 12 0 -2
BITMAP
0180
03C0
03C0
00C0
0180
0300
0000
0000
0000
0000
0000
0000
ENDCHAR
STARTCHAR parenleft
ENCODING 40
SWIDTH 1333 0
DWIDTH 16 0
BBX 16 12 0 -2
BITMAP
00F0
0380
0700
0600
0E00
0E00
0600
0700
0380
00F0
0000
0000
ENDCHAR
STARTCHAR parenright
ENCODING 41
SWIDTH 1333 0
DWIDTH 16 0
BBX 16 12 0 -2
BITMAP
0F00
01C0
00E0
0060
0070
0070
0060
00E0
01C0
0F00
0000
0000
ENDCHAR
STARTCHAR asterisk
ENCODING 42
SWIDTH 1333 0
DWIDTH 16 0
BBX 16 12 0 -2
BITMAP
0410
0E38
0770
03E0
1FFC
1FFC
03E0
0770
0E38
0410
0000
0000
ENDCHAR
STARTCHAR plus
ENCODING 43
SWIDTH 1333 0
DWIDTH 16 0
BBX 16 12 0 -2
BITMAP
0000
0180
0180
0180
1FF8
1FF8
0180
0180
0180
0000
0000
0000
ENDCHAR
STARTCHAR comma
ENCODING 44
SWIDTH 1333 0
DWIDTH 16 0
BBX 16 12 0 -2
BITMAP
0000
0000
0000
0000
0000
0000
0000
0300
0780
0300
0600
0400
ENDCHAR
STARTCHAR hyphen
ENCODING 45
SWIDTH 1333 0
DWIDTH 16 0
BBX 16 12 0 -2
BITMAP
0000
0000
0000
0000
1FF8
1FF8
0000
0000
0000
0000
0000
0000
ENDCHAR
STARTCHAR period
ENCODING 46
SWIDTH 1333 0
DWIDTH 16 0
BBX 16 12 0 -2
BITMAP
0000
0000
0000
0000
0000
0000
0000
0300
0780
0300
0000
0000
ENDCHAR
STARTCHAR slash
ENCODING 47
SWIDTH 1333 0
DWIDTH 16 0
BBX 16 12 0 -2
BITMAP
0018
0038
0070
00E0
01C0
0380
0700
0E00
1C00
3800
3000
0000
ENDCHAR
STARTCHAR zero
ENCODING 48
SWIDTH 1333 0
DWIDTH 16 0
BBX 16 12 0 -2
BITMAP
0FF0
1FF8
387C
30CC
318C
330C
360C
3C1C
1FF8
0FF0
0000
0000
ENDCHAR
STARTCHAR one
ENCODING 49
SWIDTH 1333 0
DWIDTH 16 0
BBX 16 12 0 -2
BITMAP
0380
0780
0D80
1980
0180
0180
0180
0180
1FF8
1FF8
0000
0000
ENDCHAR
STARTCHAR two
ENCODING 50
SWIDTH 1333 0
DWIDTH 16 0
BBX 16 12 0 -2
BITMAP
0FF0
1FF8
381C
300C
003C
01F8
0780
1C0C
3FFC
3FFC
0000
0000
ENDCHAR
STARTCHAR three
ENCODING 51
SWIDTH 1333 0
DWIDTH 16 0
BBX 16 12 0 -2
BITMAP
0FF0
1FF8
381C
000C
00FC
00F8
000C
381C
1FF8
0FF0
0000
0000
ENDCHAR
STARTCHAR four
ENCODING 52
SWIDTH 1333 0
DWIDTH 16 0
BBX 16 12 0 -2
BITMAP
01F0
03F0
0630
0C30
1830
3FFC
3FFC
0030
00FC
00FC
0000
0000
ENDCHAR
STARTCHAR five
ENCODING 53
SWIDTH 1333 0
DWIDTH 16 0
BBX 16 12 0 -2
BITMAP
1FF8
1FF8
1800
3800
3FF0
1FF8
001C
301C
3FF8
0FF0
0000
0000
ENDCHAR
STARTCHAR six
ENCODING 54
SWIDTH 1333 0
DWIDTH 16 0
BBX 16 12 0 -2
BITMAP
07E0
0FF0
1C00
1800
3FF0
3FF8
381C
181C
1FF8
0FF0
0000
0000
ENDCHAR
STARTCHAR seven
ENCODING 55
SWIDTH 1333 0
DWIDTH 16 0
BBX 16 12 0 -2
BITMAP
3FFC
3FFC
3018
0030
0060
00C0
01C0
0180
0180
0180
0000
0000
ENDCHAR
STARTCHAR eight
ENCODING 56
SWIDTH 1333 0
DWIDTH 16 0
BBX 16 12 0 -2
BITMAP
0FF0
1FF8
381C
381C
1FF8
3FFC
300C
381C
1FF8
0FF0
0000
0000
ENDCHAR
STARTCHAR nine
ENCODING 57
SWIDTH 1333 0
DWIDTH 16 0
BBX 16 12 0 -2
BITMAP
0FF0
1FF8
381C
381C
1FFC
0FFC
001C
0038
1FF0
0FE0
0000
0000
ENDCHAR
STARTCHAR colon
ENCODING 58
SWIDTH 1333 0
DWIDTH 16 0
BBX 16 12 0 -2
BITMAP
0000
0000
0300
0780
0300
0000
0000
0300
0780
0300
0000
0000
ENDCHAR
STARTCHAR semicolon
ENCODING 59
SWIDTH 1333 0
DWIDTH 16 0
BBX 16 12 0 -2
BITMAP
0000
0000
0300
0780
0300
0000
0000
0300
0780
0300
0600
0400
ENDCHAR
STARTCHAR less
ENCODING 60
SWIDTH 1333 0
DWIDTH 16 0
BBX 16 12 0 -2
BITMAP
0060
00C0
0180
0300
0600
0C00
0600
0300
0180
00C0
0060
0000
ENDCHAR
STARTCHAR equal
ENCODING 61
SWIDTH 1333 0
DWIDTH 16 0
BBX 16 12 0 -2
BITMAP
0000
0000
1FFC
1FFC
0000
0000
1FFC
1FFC
0000
0000
0000
0000
ENDCHAR
STARTCHAR greater
ENCODING 62
SWIDTH 1333 0
DWIDTH 16 0
BBX 16 12 0 -2
BITMAP
0C00
0600
0300
0180
00C0
0060
00C0
0180
0300
0600
0C00
0000
ENDCHAR
STARTCHAR question
ENCODING 63
SWIDTH 1333 0
DWIDTH 16 0
BBX 16 12 0 -2
BITMAP
0FF0
1FF8
381C
301C
0078
01C0
0380
0000
0380
0380
0000
0000
ENDCHAR
STARTCHAR at
ENCODING 64
SWIDTH 1333 0
DWIDTH 16 0
BBX 16 12 0 -2
BITMAP
0FFC
1FFE
3807
31E3
3333
333F
31FF
3800
3FFE
1FFC
0000
0000
ENDCHAR
STARTCHAR A
ENCODING 65
SWIDTH 1333 0
DWIDTH 16 0
BBX 16 12 0 -2
BITMAP
0FF0
1FF8
381C
300C
3FFC
3FFC
300C
300C
300C
300C
0000
0000
ENDCHAR
STARTCHAR B
ENCODING 66
SWIDTH 1333 0
DWIDTH 16 0
BBX 16 12 0 -2
BITMAP
3FF8
1FFC
0C0E
0C0E
0FFE
0FFC
0C0E
0C06
1FFE
3FFC
0000
0000
ENDCHAR
STARTCHAR C
ENCODING 67
SWIDTH 1333 0
DWIDTH 16 0
BBX 16 12 0 -2
BITMAP
0FF8
1FFC
380E
3000
3000
3000
3000
380E
1FFC
0FF8
0000
0000
ENDCHAR
STARTCHAR D
ENCODING 68
SWIDTH 1333 0
DWIDTH 16 0
BBX 16 12 0 -2
BITMAP
3FF8
1FFC
0C0E
0C06
0C06
0C06
0C06
0C0E
1FFC
3FF8
0000
0000
ENDCHAR
STARTCHAR E
ENCODING 69
SWIDTH 1333 0
DWIDTH 16 0
BBX 16 12 0 -2
BITMAP
3FFE
1FFE
0C06
0C22
0FE0
0FE0
0C22
0C06
1FFE
3FFE
0000
0000
ENDCHAR
STARTCHAR F
ENCODING 70
SWIDTH 1333 0
DWIDTH 16 0
BBX 16 12 0 -2
BITMAP
3FFC
1FFC
0C0C
0C24
0FE0
0FE0
0C20
0C00
1E00
3F00
0000
0000
ENDCHAR
STARTCHAR G
ENCODING 71
SWIDTH 1333 0
DWIDTH 16 0
BBX 16 12 0 -2
BITMAP
0FF8
1FFC
380E
3000
3000
303E
301C
380C
1FFC
0FF8
0000
0000
ENDCHAR
STARTCHAR H
ENCODING 72
SWIDTH 1333 0
DWIDTH 16 0
BBX 16 12 0 -2
BITMAP
300C
300C
300C
300C
3FFC
3FFC
300C
300C
300C
300C
0000
0000
ENDCHAR
STARTCHAR I
ENCODING 73
SWIDTH 1333 0
DWIDTH 16 0
BBX 16 12 0 -2
BITMAP
0FF0
03C0
0180
0180
0180
0180
0180
0180
03C0
0FF0
0000
0000
ENDCHAR
STARTCHAR J
ENCODING 74
SWIDTH 1333 0
DWIDTH 16 0
BBX 16 12 0 -2
BITMAP
007E
003C
0018
0018
0018
3018
3818
1838
1FF0
0FE0
0000
0000
ENDCHAR
STARTCHAR K
ENCODING 75
SWIDTH 1333 0
DWIDTH 16 0
BBX 16 12 0 -2
BITMAP
3F1E
1E1C
0C38
0C70
0FE0
0FE0
0C70
0C38
1E1C
3F1E
0000
0000
ENDCHAR
STARTCHAR L
ENCODING 76
SWIDTH 1333 0
DWIDTH 16 0
BBX 16 12 0 -2
BITMAP
3F00
1E00
0C00
0C00
0C00
0C00
0C02
0C06
1FFE
3FFE
0000
0000
ENDCHAR
STARTCHAR M
ENCODING 77
SWIDTH 1333 0
DWIDTH 16 0
BBX 16 12 0 -2
BITMAP
3006
380E
3C1E
3E3E
3776
33E6
31C6
3086
3006
3006
0000
0000
ENDCHAR
STARTCHAR N
ENCODING 78
SWIDTH 1333 0
DWIDTH 16 0
BBX 16 12 0 -2
BITMAP
380C
3C0C
3E0C
370C
338C
31CC
30EC
307C
303C
301C
0000
0000
ENDCHAR
STARTCHAR O
ENCODING 79
SWIDTH 1333 0
DWIDTH 16 0
BBX 16 12 0 -2
BITMAP
0FF8
1FFC
380E
3006
3006
3006
3006
380E
1FFC
0FF8
0000
0000
ENDCHAR
STARTCHAR P
ENCODING 80
SWIDTH 1333 0
DWIDTH 16 0
BBX 16 12 0 -2
BITMAP
3FFC
1FFE
0C06
0C06
0FFE
0FFC
0C00
0C00
1F00
3F80
0000
0000
ENDCHAR
STARTCHAR Q
ENCODING 81
SWIDTH 1333 0
DWIDTH 16 0
BBX 16 12 0 -2
BITMAP
0FF8
1FFC
380E
3006
3006
3006
3006
38EE
1FFC
0FF8
003C
0000
ENDCHAR
STARTCHAR R
ENCODING 82
SWIDTH 1333 0
DWIDTH 16 0
BBX 16 12 0 -2
BITMAP
3FFC
1FFE
0C06
0C06
0FFE
0FFC
0C18
0C0C
1F06
3F86
0000
0000
ENDCHAR
STARTCHAR S
ENCODING 83
SWIDTH 1333 0
DWIDTH 16 0
BBX 16 12 0 -2
BITMAP
0FF8
1FFC
380C
1E00
0FE0
03F8
003C
301C
1FF8
0FF0
0000
0000
ENDCHAR
STARTCHAR T
ENCODING 84
SWIDTH 1333 0
DWIDTH 16 0
BBX 16 12 0 -2
BITMAP
3FFC
3FFC
318C
2184
0180
0180
0180
0180
03C0
07E0
0000
0000
ENDCHAR
STARTCHAR U
ENCODING 85
SWIDTH 1333 0
DWIDTH 16 0
BBX 16 12 0 -2
BITMAP
300C
300C
300C
300C
300C
300C
300C
381C
1FF8
0FF0
0000
0000
ENDCHAR
STARTCHAR V
ENCODING 86
SWIDTH 1333 0
DWIDTH 16 0
BBX 16 12 0 -2
BITMAP
300C
300C
300C
300C
300C
381C
1C38
0E70
07E0
03C0
0000
0000
ENDCHAR
STARTCHAR W
ENCODING 87
SWIDTH 1333 0
DWIDTH 16 0
BBX 16 12 0 -2
BITMAP
3006
3006
3006
3006
388E
39CE
1B6C
1E3C
1C1C
180C
0000
0000
ENDCHAR
STARTCHAR X
ENCODING 88
SWIDTH 1333 0
DWIDTH 16 0
BBX 16 12 0 -2
BITMAP
3018
3838
1C70
0EE0
07C0
07C0
0EE0
1C70
3838
3018
0000
0000
ENDCHAR
STARTCHAR Y
ENCODING 89
SWIDTH 1333 0
DWIDTH 16 0
BBX 16 12 0 -2
BITMAP
3030
3030
3870
1CE0
0FC0
0300
0300
0300
0780
0FC0
0000
0000
ENDCHAR
STARTCHAR Z
ENCODING 90
SWIDTH 1333 0
DWIDTH 16 0
BBX 16 12 0 -2
BITMAP
3FFC
3FF8
3030
2060
00C0
0180
0304
0E0C
3FFC
3FFC
0000
0000
ENDCHAR
STARTCHAR bracketleft
ENCODING 91
SWIDTH 1333 0
DWIDTH 16 0
BBX 16 12 0 -2
BITMAP
0FF0
0FF0
0C00
0C00
0C00
0C00
0C00
0C00
0FF0
0FF0
0000
0000
ENDCHAR
STARTCHAR backslash
ENCODING 92
SWIDTH 1333 0
DWIDTH 16 0
BBX 16 12 0 -2
BITMAP
1800
1C00
0E00
0700
0380
01C0
00E0
0070
0038
0018
0000
0000
ENDCHAR
STARTCHAR bracketright
ENCODING 93
SWIDTH 1333 0
DWIDTH 16 0
BBX 16 12 0 -2
BITMAP
0FF0
0FF0
0030
0030
0030
0030
0030
0030
0FF0
0FF0
0000
0000
ENDCHAR
STARTCHAR asciicircum
ENCODING 94
SWIDTH 1333 0
DWIDTH 16 0
BBX 16 12 0 -2
BITMAP
0180
03C0
0660
0C30
1818
300C
0000
0000
0000
0000
0000
0000
ENDCHAR
STARTCHAR underscore
ENCODING 95
SWIDTH 1333 0
DWIDTH 16 0
BBX 16 12 0 -2
BITMAP
0000
0000
0000
0000
0000
0000
0000
0000
0000
0000
0000
FFFF
ENDCHAR
STARTCHAR grave
ENCODING 96
SWIDTH 1333 0
DWIDTH 16 0
BBX 16 12 0 -2
BITMAP
0780
01E0
0000
0000
0000
0000
0000
0000
0000
0000
0000
0000
ENDCHAR
STARTCHAR a
ENCODING 97
SWIDTH 1333 0
DWIDTH 16 0
BBX 16 12 0 -2
BITMAP
0000
0000
07E0
0FF0
0038
1FD8
3FF8
3038
3FFC
1FCC
0000
0000
ENDCHAR
STARTCHAR b
ENCODING 98
SWIDTH 1333 0
DWIDTH 16 0
BBX 16 12 0 -2
BITMAP
3800
3800
1BF0
1FF8
181C
180C
180C
181C
3FF8
39F0
0000
0000
ENDCHAR
STARTCHAR c
ENCODING 99
SWIDTH 1333 0
DWIDTH 16 0
BBX 16 12 0 -2
BITMAP
0000
0000
0FF8
1FFC
380C
3000
3000
380C
1FFC
0FF8
0000
0000
ENDCHAR
STARTCHAR d
ENCODING 100
SWIDTH 1333 0
DWIDTH 16 0
BBX 16 12 0 -2
BITMAP
0078
0018
0FD8
1FF8
3818
3018
3018
3818
1FFC
0FCC
0000
0000
ENDCHAR
STARTCHAR e
ENCODING 101
SWIDTH 1333 0
DWIDTH 16 0
BBX 16 12 0 -2
BITMAP
0000
0000
0FF0
1FF8
381C
3FFC
3FF8
3800
1FF8
0FF0
0000
0000
ENDCHAR
STARTCHAR f
ENCODING 102
SWIDTH 1333 0
DWIDTH 16 0
BBX 16 12 0 -2
BITMAP
03F8
07FC
060C
1F80
1F80
0600
0600
0600
1F80
1F80
0000
0000
ENDCHAR
STARTCHAR g
ENCODING 103
SWIDTH 1333 0
DWIDTH 16 0
BBX 16 12 0 -2
BITMAP
0000
0000
0FF6
1FFE
300C
300C
3FFC
1FFC
000C
1FF8
0FF0
0000
ENDCHAR
STARTCHAR h
ENCODING 104
SWIDTH 1333 0
DWIDTH 16 0
BBX 16 12 0 -2
BITMAP
3800
3800
1BE0
1FF8
1818
180C
180C
180C
380C
380C
0000
0000
ENDCHAR
STARTCHAR i
ENCODING 105
SWIDTH 1333 0
DWIDTH 16 0
BBX 16 12 0 -2
BITMAP
0180
0180
0000
0780
0780
0180
0180
0180
0FF0
0FF0
0000
0000
ENDCHAR
STARTCHAR j
ENCODING 106
SWIDTH 1333 0
DWIDTH 16 0
BBX 16 12 0 -2
BITMAP
0018
0018
0000
0078
0078
0018
0018
1818
1C38
0FF0
07E0
0000
ENDCHAR
STARTCHAR k
ENCODING 107
SWIDTH 1333 0
DWIDTH 16 0
BBX 16 12 0 -2
BITMAP
3800
3800
1838
1870
18E0
1FC0
1FE0
1870
3C38
3C1C
0000
0000
ENDCHAR
STARTCHAR l
ENCODING 108
SWIDTH 1333 0
DWIDTH 16 0
BBX 16 12 0 -2
BITMAP
0780
0780
0180
0180
0180
0180
0180
0180
0FF0
0FF0
0000
0000
ENDCHAR
STARTCHAR m
ENCODING 109
SWIDTH 1333 0
DWIDTH 16 0
BBX 16 12 0 -2
BITMAP
0000
0000
6E70
7FF8
318C
318C
318C
318C
318C
318C
0000
0000
ENDCHAR
STARTCHAR n
ENCODING 110
SWIDTH 1333 0
DWIDTH 16 0
BBX 16 12 0 -2
BITMAP
0000
0000
39F0
3FF8
1E1C
180C
180C
180C
180C
180C
0000
0000
ENDCHAR
STARTCHAR o
ENCODING 111
SWIDTH 1333 0
DWIDTH 16 0
BBX 16 12 0 -2
BITMAP
0000
0000
0FF0
1FF8
381C
300C
300C
381C
1FF8
0FF0
0000
0000
ENDCHAR
STARTCHAR p
ENCODING 112
SWIDTH 1333 0
DWIDTH 16 0
BBX 16 12 0 -2
BITMAP
0000
0000
33F0
3FFC
180C
180C
180C
1FF8
1BF0
3C00
3C00
0000
ENDCHAR
STARTCHAR q
ENCODING 113
SWIDTH 1333 0
DWIDTH 16 0
BBX 16 12 0 -2
BITMAP
0000
0000
0F9C
3FFC
3018
3018
3018
1FF8
0FD8
003C
003C
0000
ENDCHAR
STARTCHAR r
ENCODING 114
SWIDTH 1333 0
DWIDTH 16 0
BBX 16 12 0 -2
BITMAP
0000
0000
19F0
1FF8
0E1C
0C00
0C00
0C00
1E00
1E00
0000
0000
ENDCHAR
STARTCHAR s
ENCODING 115
SWIDTH 1333 0
DWIDTH 16 0
BBX 16 12 0 -2
BITMAP
0000
0000
0FF8
1FFC
3000
3FF8
1FFC
000C
3FFC
1FF8
0000
0000
ENDCHAR
STARTCHAR t
ENCODING 116
SWIDTH 1333 0
DWIDTH 16 0
BBX 16 12 0 -2
BITMAP
0400
0C00
0C00
3F80
3F80
0C00
0C00
0E1C
07F8
03F0
0000
0000
ENDCHAR
STARTCHAR u
ENCODING 117
SWIDTH 1333 0
DWIDTH 16 0
BBX 16 12 0 -2
BITMAP
0000
0000
3018
3018
3018
3018
3018
3838
1FFC
0FCC
0000
0000
ENDCHAR
STARTCHAR v
ENCODING 118
SWIDTH 1333 0
DWIDTH 16 0
BBX 16 12 0 -2
BITMAP
0000
0000
300C
300C
381C
1818
1C38
0E70
07E0
03C0
0000
0000
ENDCHAR
STARTCHAR w
ENCODING 119
SWIDTH 1333 0
DWIDTH 16 0
BBX 16 12 0 -2
BITMAP
0000
0000
6006
6006
6006
6186
73CE
3FFC
1E78
0C30
0000
0000
ENDCHAR
STARTCHAR x
ENCODING 120
SWIDTH 1333 0
DWIDTH 16 0
BBX 16 12 0 -2
BITMAP
0000
0000
3838
1C70
0EE0
07C0
07C0
0EE0
1C70
3838
0000
0000
ENDCHAR
STARTCHAR y
ENCODING 121
SWIDTH 1333 0
DWIDTH 16 0
BBX 16 12 0 -2
BITMAP
0000
0000
300C
300C
300C
380C
3FFC
0FFC
000C
1FF8
0FF0
0000
ENDCHAR
STARTCHAR z
ENCODING 122
SWIDTH 1333 0
DWIDTH 16 0
BBX 16 12 0 -2
BITMAP
0000
0000
3FFC
3FFC
3070
01C0
0700
1C0C
3FFC
3FFC
0000
0000
ENDCHAR
STARTCHAR braceleft
ENCODING 123
SWIDTH 1333 0
DWIDTH 16 0
BBX 16 12 0 -2
BITMAP
01E0
0380
0300
0700
0600
0C00
0600
0700
0300
0380
01E0
0000
ENDCHAR
STARTCHAR bar
ENCODING 124
SWIDTH 1333 0
DWIDTH 16 0
BBX 16 12 0 -2
BITMAP
0180
0180
0180
0180
0180
0180
0180
0180
0180
0180
0180
0000
ENDCHAR
STARTCHAR braceright
ENCODING 125
SWIDTH 1333 0
DWIDTH 16 0
BBX 16 12 0 -2
BITMAP
0780
01C0
00C0
00E0
0060
0030
0060
00E0
00C0
01C0
0780
0000
ENDCHAR
STARTCHAR asciitilde
ENCODING 126
SWIDTH 1333 0
DWIDTH 16 0
BBX 16 12 0 -2
BITMAP
0F00
1BB0
01E0
0000
0000
0000
0000
0000
0000
0000
0000
0000
ENDCHAR
STARTCHAR uni007F
ENCODING 127
SWIDTH 1333 0
DWIDTH 16 0
BBX 16 12 0 -2
BITMAP
0180
03C0
0660
0C30
1818
300C
300C
300C
300C
3FFC
3FFC
0000
ENDCHAR
STARTCHAR uni00A0
ENCODING 160
SWIDTH 1333 0
DWIDTH 16 0
BBX 16 12 0 -2
BITMAP
0000
0000
0000
0000
0000
0000
0000
0000
0000
0000
0000
0000
ENDCHAR
STARTCHAR exclamdown
ENCODING 161
SWIDTH 1333 0
DWIDTH 16 0
BBX 16 12 0 -2
BITMAP
0300
0300
0000
0300
0300
0300
0780
0780
0780
0300
0000
0000
ENDCHAR
STARTCHAR cent
ENCODING 162
SWIDTH 1333 0
DWIDTH 16 0
BBX 16 12 0 -2
BITMAP
0000
01C0
0FF8
1FFC
380C
3000
3000
380C
1FFC
0FF8
01C0
0000
ENDCHAR
STARTCHAR sterling
ENCODING 163
SWIDTH 1333 0
DWIDTH 16 0
BBX 16 12 0 -2
BITMAP
03F0
07F8
0E1C
0C0C
3F8C
3F80
0C00
0C00
3C0E
3FFC
3FF8
0000
ENDCHAR
STARTCHAR currency
ENCODING 164
SWIDTH 1333 0
DWIDTH 16 0
BBX 16 12 0 -2
BITMAP
0000
1BD8
1FF8
0C30
1818
1818
1818
1818
0C30
1FF8
1BD8
0000
ENDCHAR
STARTCHAR yen
ENCODING 165
SWIDTH 1333 0
DWIDTH 16 0
BBX 16 12 0 -2
BITMAP
1818
0C30
0660
03C0
0180
0180
0FF0
0180
0FF0
0180
0180
0000
ENDCHAR
STARTCHAR brokenbar
ENCODING 166
SWIDTH 1333 0
DWIDTH 16 0
BBX 16 12 0 -2
BITMAP
0180
0180
0180
0180
0180
0000
0180
0180
0180
0180
0180
0000
ENDCHAR
STARTCHAR section
ENCODING 167
SWIDTH 1333 0
DWIDTH 16 0
BBX 16 12 0 -2
BITMAP
03F0
07F8
0318
07C0
0E60
0C30
0670
03E0
18C0
1FE0
0FC0
0000
ENDCHAR
STARTCHAR dieresis
ENCODING 168
SWIDTH 1333 0
DWIDTH 16 0
BBX 16 12 0 -2
BITMAP
1C70
1C70
0000
0000
0000
0000
0000
0000
0000
0000
0000
0000
ENDCHAR
STARTCHAR copyright
ENCODING 169
SWIDTH 1333 0
DWIDTH 16 0
BBX 16 12 0 -2
BITMAP
0FFC
1FFE
3807
31E3
3333
3303
3333
31E3
3807
1FFE
0FFC
0000
ENDCHAR
STARTCHAR ordfeminine
ENCODING 170
SWIDTH 1333 0
DWIDTH 16 0
BBX 16 12 0 -2
BITMAP
07C0
0CC0
0CC0
0CC0
0760
0000
0FE0
0000
0000
0000
0000
0000
ENDCHAR
STARTCHAR guillemotleft
ENCODING 171
SWIDTH 1333 0
DWIDTH 16 0
BBX 16 12 0 -2
BITMAP
0000
030C
0618
0C30
1860
30C0
1860
0C30
0618
030C
0000
0000
ENDCHAR
STARTCHAR logicalnot
ENCODING 172
SWIDTH 1333 0
DWIDTH 16 0
BBX 16 12 0 -2
BITMAP
0000
0000
0000
0000
FFF0
FFF0
FFF0
0070
0070
0070
0000
0000
ENDCHAR
STARTCHAR uni00AD
ENCODING 173
SWIDTH 1333 0
DWIDTH 16 0
BBX 16 12 0 -2
BITMAP
0000
0000
0000
0000
1FF8
1FF8
0000
0000
0000
0000
0000
0000
ENDCHAR
STARTCHAR registered
ENCODING 174
SWIDTH 1333 0
DWIDTH 16 0
BBX 16 12 0 -2
BITMAP
0FFC
1FFE
3807
33E3
3333
33E3
3333
3333
3807
1FFE
0FFC
0000
ENDCHAR
STARTCHAR macron
ENCODING 175
SWIDTH 1333 0
DWIDTH 16 0
BBX 16 12 0 -2
BITMAP
FFFF
0000
0000
0000
0000
0000
0000
0000
0000
0000
0000
0000
ENDCHAR
STARTCHAR degree
ENCODING 176
SWIDTH 1333 0
DWIDTH 16 0
BBX 16 12 0 -2
BITMAP
0780
0CC0
0CC0
0CC0
0780
0000
0000
0000
0000
0000
0000
0000
ENDCHAR
STARTCHAR plusminus
ENCODING 177
SWIDTH 1333 0
DWIDTH 16 0
BBX 16 12 0 -2
BITMAP
0000
0180
0180
0180
1FF8
1FF8
0180
0180
0180
1FF8
1FF8
0000
ENDCHAR
STARTCHAR uni00B2
ENCODING 178
SWIDTH 1333 0
DWIDTH 16 0
BBX 16 12 0 -2
BITMAP
0780
0CC0
0180
0700
0E40
0FC0
0000
0000
0000
0000
0000
0000
ENDCHAR
STARTCHAR uni00B3
ENCODING 179
SWIDTH 1333 0
DWIDTH 16 0
BBX 16 12 0 -2
BITMAP
0780
09C0
0380
00C0
09C0
0780
0000
0000
0000
0000
0000
0000
ENDCHAR
STARTCHAR acute
ENCODING 180
SWIDTH 1333 0
DWIDTH 16 0
BBX 16 12 0 -2
BITMAP
00F0
03C0
0000
0000
0000
0000
0000
0000
0000
0000
0000
0000
ENDCHAR
STARTCHAR mu
ENCODING 181
SWIDTH 1333 0
DWIDTH 16 0
BBX 16 12 0 -2
BITMAP
0000
0000
3018
3018
3018
3018
3018
3818
3FFC
37EC
3000
0000
ENDCHAR
STARTCHAR paragraph
ENCODING 182
SWIDTH 1333 0
DWIDTH 16 0
BBX 16 12 0 -2
BITMAP
1FF8
3FF8
3198
3198
3F98
1F98
0198
0198
0198
0198
0000
0000
ENDCHAR
STARTCHAR periodcentered
ENCODING 183
SWIDTH 1333 0
DWIDTH 16 0
BBX 16 12 0 -2
BITMAP
0000
0000
0000
0000
0000
0300
0000
0000
0000
0000
0000
0000
ENDCHAR
STARTCHAR cedilla
ENCODING 184
SWIDTH 1333 0
DWIDTH 16 0
BBX 16 12 0 -2
BITMAP
0000
0000
0000
0000
0000
0000
0000
0000
0000
0000
3F00
0000
ENDCHAR
STARTCHAR uni00B9
ENCODING 185
SWIDTH 1333 0
DWIDTH 16 0
BBX 16 12 0 -2
BITMAP
0700
0F00
0300
0300
0300
0FC0
0000
0000
0000
0000
0000
0000
ENDCHAR
STARTCHAR ordmasculine
ENCODING 186
SWIDTH 1333 0
DWIDTH 16 0
BBX 16 12 0 -2
BITMAP
0780
0CC0
0CC0
0CC0
0780
0000
0FC0
0000
0000
0000
0000
0000
ENDCHAR
STARTCHAR guillemotright
ENCODING 187
SWIDTH 1333 0
DWIDTH 16 0
BBX 16 12 0 -2
BITMAP
0000
30C0
1860
0C30
0618
030C
0618
0C30
1860
30C0
0000
0000
ENDCHAR
STARTCHAR onequarter
ENCODING 188
SWIDTH 1333 0
DWIDTH 16 0
BBX 16 12 0 -2
BITMAP
0C0C
3C18
0C30
0C60
3ECE
019E
0336
0666
0C7F
1806
0000
0000
ENDCHAR
STARTCHAR onehalf
ENCODING 189
SWIDTH 1333 0
DWIDTH 16 0
BBX 16 12 0 -2
BITMAP
0C0C
3C18
0C30
0C60
3EDC
01B6
0326
061C
0C30
183E
0000
0000
ENDCHAR
STARTCHAR threequarters
ENCODING 190
SWIDTH 1333 0
DWIDTH 16 0
BBX 16 12 0 -2
BITMAP
3C0C
0E18
1C30
0E60
3CCE
019E
0336
0666
0C7F
1806
0000
0000
ENDCHAR
STARTCHAR questiondown
ENCODING 191
SWIDTH 1333 0
DWIDTH 16 0
BBX 16 12 0 -2
BITMAP
0180
0180
0000
0180
0780
1E00
380C
381C
1FF8
0FF0
0000
0000
ENDCHAR
STARTCHAR Agrave
ENCODING 192
SWIDTH 1333 0
DWIDTH 16 0
BBX 16 12 0 -2
BITMAP
1F00
0FF0
1FF8
381C
300C
3FFC
3FFC
300C
300C
300C
0000
0000
ENDCHAR
STARTCHAR Aacute
ENCODING 193
SWIDTH 1333 0
DWIDTH 16 0
BBX 16 12 0 -2
BITMAP
00F8
0FF0
1FF8
381C
300C
3FFC
3FFC
300C
300C
300C
0000
0000
ENDCHAR
STARTCHAR Acircumflex
ENCODING 194
SWIDTH 1333 0
DWIDTH 16 0
BBX 16 12 0 -2
BITMAP
1FF8
0FF0
1FF8
381C
300C
3FFC
3FFC
300C
300C
300C
0000
0000
ENDCHAR
STARTCHAR Atilde
ENCODING 195
SWIDTH 1333 0
DWIDTH 16 0
BBX 16 12 0 -2
BITMAP
0F38
17F0
1FF8
381C
300C
3FFC
3FFC
300C
300C
300C
0000
0000
ENDCHAR
STARTCHAR Adieresis
ENCODING 196
SWIDTH 1333 0
DWIDTH 16 0
BBX 16 12 0 -2
BITMAP
1C38
0FF0
1FF8
381C
300C
3FFC
3FFC
300C
300C
300C
0000
0000
ENDCHAR
STARTCHAR Aring
ENCODING 197
SWIDTH 1333 0
DWIDTH 16 0
BBX 16 12 0 -2
BITMAP
03C0
0E70
1E78
3FFC
381C
300C
3FFC
3FFC
300C
300C
0000
0000
ENDCHAR
STARTCHAR AE
ENCODING 198
SWIDTH 1333 0
DWIDTH 16 0
BBX 16 12 0 -2
BITMAP
0FFF
1FFF
38C1
30C4
3FFC
3FFC
30C4
30C1
30FF
30FF
0000
0000
ENDCHAR
STARTCHAR Ccedilla
ENCODING 199
SWIDTH 1333 0
DWIDTH 16 0
BBX 16 12 0 -2
BITMAP
0FF8
1FFC
380E
3000
3000
3000
3000
380E
1FFC
0FF8
3F80
0000
ENDCHAR
STARTCHAR Egrave
ENCODING 200
SWIDTH 1333 0
DWIDTH 16 0
BBX 16 12 0 -2
BITMAP
0780
3FFE
1FFE
0C06
0FE2
0FE0
0C22
0C06
1FFE
3FFE
0000
0000
ENDCHAR
STARTCHAR Eacute
ENCODING 201
SWIDTH 1333 0
DWIDTH 16 0
BBX 16 12 0 -2
BITMAP
003C
3FFE
1FFE
0C06
0FE2
0FE0
0C22
0C06
1FFE
3FFE
0000
0000
ENDCHAR
STARTCHAR Ecircumflex
ENCODING 202
SWIDTH 1333 0
DWIDTH 16 0
BBX 16 12 0 -2
BITMAP
07F8
3FFE
1FFE
0C06
0FE2
0FE0
0C22
0C06
1FFE
3FFE
0000
0000
ENDCHAR
STARTCHAR Edieresis
ENCODING 203
SWIDTH 1333 0
DWIDTH 16 0
BBX 16 12 0 -2
BITMAP
0738
3FFE
1FFE
0C06
0FE2
0FE0
0C22
0C06
1FFE
3FFE
0000
0000
ENDCHAR
STARTCHAR Igrave
ENCODING 204
SWIDTH 1333 0
DWIDTH 16 0
BBX 16 12 0 -2
BITMAP
0600
0FF0
03C0
0180
0180
0180
0180
0180
03C0
0FF0
0000
0000
ENDCHAR
STARTCHAR Iacute
ENCODING 205
SWIDTH 1333 0
DWIDTH 16 0
BBX 16 12 0 -2
BITMAP
0060
0FF0
03C0
0180
0180
0180
0180
0180
03C0
0FF0
0000
0000
ENDCHAR
STARTCHAR Icircumflex
ENCODING 206
SWIDTH 1333 0
DWIDTH 16 0
BBX 16 12 0 -2
BITMAP
07E0
0FF0
03C0
0180
0180
0180
0180
0180
03C0
0FF0
0000
0000
ENDCHAR
STARTCHAR Idieresis
ENCODING 207
SWIDTH 1333 0
DWIDTH 16 0
BBX 16 12 0 -2
BITMAP
0660
0FF0
03C0
0180
0180
0180
0180
0180
03C0
0FF0
0000
0000
ENDCHAR
STARTCHAR Eth
ENCODING 208
SWIDTH 1333 0
DWIDTH 16 0
BBX 16 12 0 -2
BITMAP
3FF8
1FFC
0C0E
0C06
3F06
3F06
0C06
0C0E
1FFC
3FF8
0000
0000
ENDCHAR
STARTCHAR Ntilde
ENCODING 209
SWIDTH 1333 0
DWIDTH 16 0
BBX 16 12 0 -2
BITMAP
33AC
3AEC
3C0C
360C
330C
318C
30CC
306C
303C
301C
0000
0000
ENDCHAR
STARTCHAR Ograve
ENCODING 210
SWIDTH 1333 0
DWIDTH 16 0
BBX 16 12 0 -2
BITMAP
1E00
0FF8
1FFC
380E
3006
3006
3006
380E
1FFC
0FF8
0000
0000
ENDCHAR
STARTCHAR Oacute
ENCODING 211
SWIDTH 1333 0
DWIDTH 16 0
BBX 16 12 0 -2
BITMAP
003C
0FF8
1FFC
380E
3006
3006
3006
380E
1FFC
0FF8
0000
0000
ENDCHAR
STARTCHAR Ocircumflex
ENCODING 212
SWIDTH 1333 0
DWIDTH 16 0
BBX 16 12 0 -2
BITMAP
1FFC
0FF8
1FFC
380E
3006
3006
3006
380E
1FFC
0FF8
0000
0000
ENDCHAR
STARTCHAR Otilde
ENCODING 213
SWIDTH 1333 0
DWIDTH 16 0
BBX 16 12 0 -2
BITMAP
1E3C
37F8
1FFC
380E
3006
3006
3006
380E
1FFC
0FF8
0000
0000
ENDCHAR
STARTCHAR Odieresis
ENCODING 214
SWIDTH 1333 0
DWIDTH 16 0
BBX 16 12 0 -2
BITMAP
0C18
0FF8
1FFC
380E
3006
3006
3006
380E
1FFC
0FF8
0000
0000
ENDCHAR
STARTCHAR multiply
ENCODING 215
SWIDTH 1333 0
DWIDTH 16 0
BBX 16 12 0 -2
BITMAP
0000
0C18
0E38
0770
03E0
03E0
0770
0E38
0C18
0000
0000
0000
ENDCHAR
STARTCHAR Oslash
ENCODING 216
SWIDTH 1333 0
DWIDTH 16 0
BBX 16 12 0 -2
BITMAP
0FF6
1FFC
383E
3066
30C6
3186
3306
3E0E
1FFC
1FF8
3000
0000
ENDCHAR
STARTCHAR Ugrave
ENCODING 217
SWIDTH 1333 0
DWIDTH 16 0
BBX 16 12 0 -2
BITMAP
338C
31CC
300C
300C
300C
300C
300C
381C
1FF8
0FF0
0000
0000
ENDCHAR
STARTCHAR Uacute
ENCODING 218
SWIDTH 1333 0
DWIDTH 16 0
BBX 16 12 0 -2
BITMAP
31CC
338C
300C
300C
300C
300C
300C
381C
1FF8
0FF0
0000
0000
ENDCHAR
STARTCHAR Ucircumflex
ENCODING 219
SWIDTH 1333 0
DWIDTH 16 0
BBX 16 12 0 -2
BITMAP
318C
33CC
300C
300C
300C
300C
300C
381C
1FF8
0FF0
0000
0000
ENDCHAR
STARTCHAR Udieresis
ENCODING 220
SWIDTH 1333 0
DWIDTH 16 0
BBX 16 12 0 -2
BITMAP
366C
366C
300C
300C
300C
300C
300C
381C
1FF8
0FF0
0000
0000
ENDCHAR
STARTCHAR Yacute
ENCODING 221
SWIDTH 1333 0
DWIDTH 16 0
BBX 16 12 0 -2
BITMAP
33B0
3730
3870
1CE0
0FC0
0780
0300
0300
0780
0FC0
0000
0000
ENDCHAR
STARTCHAR Thorn
ENCODING 222
SWIDTH 1333 0
DWIDTH 16 0
BBX 16 12 0 -2
BITMAP
3F00
1E00
0DFC
0FFE
0E06
0E06
0FFE
0DFC
1E00
3F00
0000
0000
ENDCHAR
STARTCHAR germandbls
ENCODING 223
SWIDTH 1333 0
DWIDTH 16 0
BBX 16 12 0 -2
BITMAP
03F8
07FC
0E0E
0C0E
0CFC
0CFE
0C06
0C06
0CFE
3CFC
0000
0000
ENDCHAR
STARTCHAR agrave
ENCODING 224
SWIDTH 1333 0
DWIDTH 16 0
BBX 16 12 0 -2
BITMAP
0780
01E0
07E0
0FF0
0038
1FD8
3FF8
3038
3FFC
1FCC
0000
0000
ENDCHAR
STARTCHAR aacute
ENCODING 225
SWIDTH 1333 0
DWIDTH 16 0
BBX 16 12 0 -2
BITMAP
01E0
0780
07E0
0FF0
0038
1FD8
3FF8
3038
3FFC
1FCC
0000
0000
ENDCHAR
STARTCHAR acircumflex
ENCODING 226
SWIDTH 1333 0
DWIDTH 16 0
BBX 16 12 0 -2
BITMAP
07C0
0EE0
07E0
0FF0
0038
1FD8
3FF8
3038
3FFC
1FCC
0000
0000
ENDCHAR
STARTCHAR atilde
ENCODING 227
SWIDTH 1333 0
DWIDTH 16 0
BBX 16 12 0 -2
BITMAP
0FB0
0DE0
07E0
0FF0
0038
1FD8
3FF8
3038
3FFC
1FCC
0000
0000
ENDCHAR
STARTCHAR adieresis
ENCODING 228
SWIDTH 1333 0
DWIDTH 16 0
BBX 16 12 0 -2
BITMAP
0660
0660
07E0
0FF0
0038
1FD8
3FF8
3038
3FFC
1FCC
0000
0000
ENDCHAR
STARTCHAR aring
ENCODING 229
SWIDTH 1333 0
DWIDTH 16 0
BBX 16 12 0 -2
BITMAP
0380
0280
07E0
0FF0
0038
1FD8
3FF8
3038
3FFC
1FCC
0000
0000
ENDCHAR
STARTCHAR ae
ENCODING 230
SWIDTH 1333 0
DWIDTH 16 0
BBX 16 12 0 -2
BITMAP
0000
0000
0F3E
1FFF
01E7
3FC3
71FF
61C0
7FFE
3F3C
0000
0000
ENDCHAR
STARTCHAR ccedilla
ENCODING 231
SWIDTH 1333 0
DWIDTH 16 0
BBX 16 12 0 -2
BITMAP
0000
0000
0FF8
1FFC
380C
3000
3000
380C
1FFC
0FF8
3F00
0000
ENDCHAR
STARTCHAR egrave
ENCODING 232
SWIDTH 1333 0
DWIDTH 16 0
BBX 16 12 0 -2
BITMAP
0780
01E0
0FF0
1FF8
381C
3FFC
3FF8
3800
1FF8
0FF0
0000
0000
ENDCHAR
STARTCHAR eacute
ENCODING 233
SWIDTH 1333 0
DWIDTH 16 0
BBX 16 12 0 -2
BITMAP
00F0
03C0
0FF0
1FF8
381C
3FFC
3FF8
3800
1FF8
0FF0
0000
0000
ENDCHAR
STARTCHAR ecircumflex
ENCODING 234
SWIDTH 1333 0
DWIDTH 16 0
BBX 16 12 0 -2
BITMAP
07E0
0E70
0FF0
1FF8
381C
3FFC
3FF8
3800
1FF8
0FF0
0000
0000
ENDCHAR
STARTCHAR edieresis
ENCODING 235
SWIDTH 1333 0
DWIDTH 16 0
BBX 16 12 0 -2
BITMAP
0660
0660
0FF0
1FF8
381C
3FFC
3FF8
3800
1FF8
0FF0
0000
0000
ENDCHAR
STARTCHAR igrave
ENCODING 236
SWIDTH 1333 0
DWIDTH 16 0
BBX 16 12 0 -2
BITMAP
0F00
03C0
0000
0780
0780
0180
0180
0180
0FF0
0FF0
0000
0000
ENDCHAR
STARTCHAR iacute
ENCODING 237
SWIDTH 1333 0
DWIDTH 16 0
BBX 16 12 0 -2
BITMAP
00F0
03C0
0000
0780
0780
0180
0180
0180
0FF0
0FF0
0000
0000
ENDCHAR
STARTCHAR icircumflex
ENCODING 238
SWIDTH 1333 0
DWIDTH 16 0
BBX 16 12 0 -2
BITMAP
07C0
0EE0
0000
0780
0780
0180
0180
0180
0FF0
0FF0
0000
0000
ENDCHAR
STARTCHAR idieresis
ENCODING 239
SWIDTH 1333 0
DWIDTH 16 0
BBX 16 12 0 -2
BITMAP
0C60
0C60
0000
0780
0780
0180
0180
0180
0FF0
0FF0
0000
0000
ENDCHAR
STARTCHAR eth
ENCODING 240
SWIDTH 1333 0
DWIDTH 16 0
BBX 16 12 0 -2
BITMAP
0600
3F80
1FC0
37E0
0FF0
1838
3018
3838
1FF0
0FE0
0000
0000
ENDCHAR
STARTCHAR ntilde
ENCODING 241
SWIDTH 1333 0
DWIDTH 16 0
BBX 16 12 0 -2
BITMAP
07D8
06F0
39F0
3FF8
1E1C
180C
180C
180C
180C
180C
0000
0000
ENDCHAR
STARTCHAR ograve
ENCODING 242
SWIDTH 1333 0
DWIDTH 16 0
BBX 16 12 0 -2
BITMAP
0F00
03C0
0FF0
1FF8
381C
300C
300C
381C
1FF8
0FF0
0000
0000
ENDCHAR
STARTCHAR oacute
ENCODING 243
SWIDTH 1333 0
DWIDTH 16 0
BBX 16 12 0 -2
BITMAP
00F0
03C0
0FF0
1FF8
381C
300C
300C
381C
1FF8
0FF0
0000
0000
ENDCHAR
STARTCHAR ocircumflex
ENCODING 244
SWIDTH 1333 0
DWIDTH 16 0
BBX 16 12 0 -2
BITMAP
03C0
0E70
0FF0
1FF8
381C
300C
300C
381C
1FF8
0FF0
0000
0000
ENDCHAR
STARTCHAR otilde
ENCODING 245
SWIDTH 1333 0
DWIDTH 16 0
BBX 16 12 0 -2
BITMAP
0FB0
0DE0
0FF0
1FF8
381C
300C
300C
381C
1FF8
0FF0
0000
0000
ENDCHAR
STARTCHAR odieresis
ENCODING 246
SWIDTH 1333 0
DWIDTH 16 0
BBX 16 12 0 -2
BITMAP
0660
0660
0FF0
1FF8
381C
300C
300C
381C
1FF8
0FF0
0000
0000
ENDCHAR
STARTCHAR divide
ENCODING 247
SWIDTH 1333 0
DWIDTH 16 0
BBX 16 12 0 -2
BITMAP
0000
0180
0180
0000
1FF8
1FF8
0000
0180
0180
0000
0000
0000
ENDCHAR
STARTCHAR oslash
ENCODING 248
SWIDTH 1333 0
DWIDTH 16 0
BBX 16 12 0 -2
BITMAP
0000
0018
0FF0
1FF8
38DC
318C
330C
3E1C
1FF8
1FF0
3000
0000
ENDCHAR
STARTCHAR ugrave
ENCODING 249
SWIDTH 1333 0
DWIDTH 16 0
BBX 16 12 0 -2
BITMAP
0F00
03C0
3018
3018
3018
3018
3018
3838
1FFC
0FCC
0000
0000
ENDCHAR
STARTCHAR uacute
ENCODING 250
SWIDTH 1333 0
DWIDTH 16 0
BBX 16 12 0 -2
BITMAP
01E0
0780
3018
3018
3018
3018
3018
3838
1FFC
0FCC
0000
0000
ENDCHAR
STARTCHAR ucircumflex
ENCODING 251
SWIDTH 1333 0
DWIDTH 16 0
BBX 16 12 0 -2
BITMAP
07C0
0EE0
3018
3018
3018
3018
3018
3838
1FFC
0FCC
0000
0000
ENDCHAR
STARTCHAR udieresis
ENCODING 252
SWIDTH 1333 0
DWIDTH 16 0
BBX 16 12 0 -2
BITMAP
0C60
0C60
3018
3018
3018
3018
3018
3838
1FFC
0FCC
0000
0000
ENDCHAR
STARTCHAR yacute
ENCODING 253
SWIDTH 1333 0
DWIDTH 16 0
BBX 16 12 0 -2
BITMAP
00F0
03C0
300C
300C
300C
380C
3FFC
0FFC
000C
1FF8
0FF0
0000
ENDCHAR
STARTCHAR thorn
ENCODING 254
SWIDTH 1333 0
DWIDTH 16 0
BBX 16 12 0 -2
BITMAP
3800
3800
1800
1FF0
1FF8
181C
181C
1FF8
1BF0
3C00
3C00
0000
ENDCHAR
STARTCHAR ydieresis
ENCODING 255
SWIDTH 1333 0
DWIDTH 16 0
BBX 16 12 0 -2
BITMAP
0660
0660
300C
300C
300C
380C
3FFC
0FFC
000C
1FF8
0FF0
0000
ENDCHAR
STARTCHAR Amacron
ENCODING 256
SWIDTH 1333 0
DWIDTH 16 0
BBX 16 12 0 -2
BITMAP
3FFC
0FF0
1FF8
381C
300C
3FFC
3FFC
300C
300C
300C
0000
0000
ENDCHAR
STARTCHAR amacron
ENCODING 257
SWIDTH 1333 0
DWIDTH 16 0
BBX 16 12 0 -2
BITMAP
0FF8
0000
07E0
0FF0
0038
1FD8
3FF8
3038
3FFC
1FCC
0000
0000
ENDCHAR
STARTCHAR Abreve
ENCODING 258
SWIDTH 1333 0
DWIDTH 16 0
BBX 16 12 0 -2
BITMAP
0420
0FF0
1FF8
381C
300C
3FFC
3FFC
300C
300C
300C
0000
0000
ENDCHAR
STARTCHAR abreve
ENCODING 259
SWIDTH 1333 0
DWIDTH 16 0
BBX 16 12 0 -2
BITMAP
0420
03C0
07E0
0FF0
0038
1FD8
3FF8
3038
3FFC
1FCC
0000
0000
ENDCHAR
STARTCHAR Aogonek
ENCODING 260
SWIDTH 1333 0
DWIDTH 16 0
BBX 16 12 0 -2
BITMAP
0FF0
1FF8
381C
300C
3FFC
3FFC
300C
300C
300C
300C
0007
0000
ENDCHAR
STARTCHAR aogonek
ENCODING 261
SWIDTH 1333 0
DWIDTH 16 0
BBX 16 12 0 -2
BITMAP
0000
0000
07E0
0FF0
0038
1FD8
3FF8
3878
3FFC
1FCC
0007
0000
ENDCHAR
STARTCHAR Cacute
ENCODING 262
SWIDTH 1333 0
DWIDTH 16 0
BBX 16 12 0 -2
BITMAP
003C
0FF8
1FFC
380E
3000
3000
3000
380E
1FFC
0FF8
0000
0000
ENDCHAR
STARTCHAR cacute
ENCODING 263
SWIDTH 1333 0
DWIDTH 16 0
BBX 16 12 0 -2
BITMAP
00F0
03C0
0FF8
1FFC
380C
3000
3000
380C
1FFC
0FF8
0000
0000
ENDCHAR
STARTCHAR Ccircumflex
ENCODING 264
SWIDTH 1333 0
DWIDTH 16 0
BBX 16 12 0 -2
BITMAP
1FFC
2FFA
1FFC
380E
3000
3000
3000
380E
1FFC
0FF8
0000
0000
ENDCHAR
STARTCHAR ccircumflex
ENCODING 265
SWIDTH 1333 0
DWIDTH 16 0
BBX 16 12 0 -2
BITMAP
07E0
0E70
0FF8
1FFC
380C
3000
3000
380C
1FFC
0FF8
0000
0000
ENDCHAR
STARTCHAR Cdotaccent
ENCODING 266
SWIDTH 1333 0
DWIDTH 16 0
BBX 16 12 0 -2
BITMAP
0180
0FF8
1FFC
380E
3000
3000
3000
380E
1FFC
0FF8
0000
0000
ENDCHAR
STARTCHAR cdotaccent
ENCODING 267
SWIDTH 1333 0
DWIDTH 16 0
BBX 16 12 0 -2
BITMAP
0180
0180
0FF8
1FFC
380C
3000
3000
380C
1FFC
0FF8
0000
0000
ENDCHAR
STARTCHAR Ccaron
ENCODING 268
SWIDTH 1333 0
DWIDTH 16 0
BBX 16 12 0 -2
BITMAP
0FF8
07F0
1FFC
380E
3000
3000
3000
380E
1FFC
0FF8
0000
0000
ENDCHAR
STARTCHAR ccaron
ENCODING 269
SWIDTH 1333 0
DWIDTH 16 0
BBX 16 12 0 -2
BITMAP
0770
03E0
0FF8
1FFC
380C
3000
3000
380C
1FFC
0FF8
0000
0000
ENDCHAR
STARTCHAR Dcaron
ENCODING 270
SWIDTH 1333 0
DWIDTH 16 0
BBX 16 12 0 -2
BITMAP
0FF8
3FF8
1FFC
0C0E
0C06
0C06
0C06
0C0E
1FFC
3FF8
0000
0000
ENDCHAR
STARTCHAR dcaron
ENCODING 271
SWIDTH 1333 0
DWIDTH 16 0
BBX 16 12 0 -2
BITMAP
007F
001F
0FDB
1FF9
381A
3018
3018
3818
1FFC
0FCC
0000
0000
ENDCHAR
STARTCHAR Dcroat
ENCODING 272
SWIDTH 1333 0
DWIDTH 16 0
BBX 16 12 0 -2
BITMAP
3FF8
1FFC
0C0E
0C06
3F06
3F06
0C06
0C0E
1FFC
3FF8
0000
0000
ENDCHAR
STARTCHAR dcroat
ENCODING 273
SWIDTH 1333 0
DWIDTH 16 0
BBX 16 12 0 -2
BITMAP
0078
00FE
0F38
1FF8
3838
3038
3038
3838
1FFC
0FCC
0000
0000
ENDCHAR
STARTCHAR Emacron
ENCODING 274
SWIDTH 1333 0
DWIDTH 16 0
BBX 16 12 0 -2
BITMAP
1FFC
3FFE
1FFE
0C06
0FE2
0FE0
0C22
0C06
1FFE
3FFE
0000
0000
ENDCHAR
STARTCHAR emacron
ENCODING 275
SWIDTH 1333 0
DWIDTH 16 0
BBX 16 12 0 -2
BITMAP
0FF0
0000
0FF0
1FF8
381C
3FFC
3FF8
3800
1FF0
0FF0
0000
0000
ENDCHAR
STARTCHAR Ebreve
ENCODING 276
SWIDTH 1333 0
DWIDTH 16 0
BBX 16 12 0 -2
BITMAP
380E
3FFE
1FFE
0C06
0FE2
0FE0
0C22
0C06
1FFE
3FFE
0000
0000
ENDCHAR
STARTCHAR ebreve
ENCODING 277
SWIDTH 1333 0
DWIDTH 16 0
BBX 16 12 0 -2
BITMAP
1C38
0FF0
0FF0
1FF8
381C
3FFC
3FF8
3800
1FF0
0FF0
0000
0000
ENDCHAR
STARTCHAR Edotaccent
ENCODING 278
SWIDTH 1333 0
DWIDTH 16 0
BBX 16 12 0 -2
BITMAP
0180
3FFE
1FFE
0C06
0FE2
0FE0
0C22
0C06
1FFE
3FFE
0000
0000
ENDCHAR
STARTCHAR edotaccent
ENCODING 279
SWIDTH 1333 0
DWIDTH 16 0
BBX 16 12 0 -2
BITMAP
0180
0180
0FF0
1FF8
381C
3FFC
3FF8
3800
1FF0
0FF0
0000
0000
ENDCHAR
STARTCHAR Eogonek
ENCODING 280
SWIDTH 1333 0
DWIDTH 16 0
BBX 16 12 0 -2
BITMAP
3FFE
1FFE
0C06
0C22
0FE0
0FE0
0C22
0C06
1FFE
3FFE
0007
0000
ENDCHAR
STARTCHAR eogonek
ENCODING 281
SWIDTH 1333 0
DWIDTH 16 0
BBX 16 12 0 -2
BITMAP
0000
0000
0FF0
1FF8
381C
3FFC
3FF8
3800
1FF8
0FF0
0038
0000
ENDCHAR
STARTCHAR Ecaron
ENCODING 282
SWIDTH 1333 0
DWIDTH 16 0
BBX 16 12 0 -2
BITMAP
07F8
3FFE
1FFE
0C06
0FE2
0FE0
0C22
0C06
1FFE
3FFE
0000
0000
ENDCHAR
STARTCHAR ecaron
ENCODING 283
SWIDTH 1333 0
DWIDTH 16 0
BBX 16 12 0 -2
BITMAP
0E70
07E0
0FF0
1FF8
381C
3FFC
3FF8
3800
1FF0
0FF0
0000
0000
ENDCHAR
STARTCHAR Gcircumflex
ENCODING 284
SWIDTH 1333 0
DWIDTH 16 0
BBX 16 12 0 -2
BITMAP
1FFC
0FF8
1FFC
380E
3000
303E
301C
380C
1FFC
0FF8
0000
0000
ENDCHAR
STARTCHAR gcircumflex
ENCODING 285
SWIDTH 1333 0
DWIDTH 16 0
BBX 16 12 0 -2
BITMAP
07E0
0E70
0FF6
1FFE
300C
300C
3FFC
1FFC
000C
1FF8
0FF0
0000
ENDCHAR
STARTCHAR Gbreve
ENCODING 286
SWIDTH 1333 0
DWIDTH 16 0
BBX 16 12 0 -2
BITMAP
0410
0FF8
1FFC
380E
3000
303E
301C
380C
1FFC
0FF8
0000
0000
ENDCHAR
STARTCHAR gbreve
ENCODING 287
SWIDTH 1333 0
DWIDTH 16 0
BBX 16 12 0 -2
BITMAP
0410
03E0
0FF6
1FFE
300C
300C
3FFC
1FFC
000C
1FF8
0FF0
0000
ENDCHAR
STARTCHAR Gdotaccent
ENCODING 288
SWIDTH 1333 0
DWIDTH 16 0
BBX 16 12 0 -2
BITMAP
0180
0FF8
1FFC
380E
3000
303E
301C
380C
1FFC
0FF8
0000
0000
ENDCHAR
STARTCHAR gdotaccent
ENCODING 289
SWIDTH 1333 0
DWIDTH 16 0
BBX 16 12 0 -2
BITMAP
0180
0180
0FF6
1FFE
300C
300C
3FFC
1FFC
000C
1FF8
0FF0
0000
ENDCHAR
STARTCHAR uni0122
ENCODING 290
SWIDTH 1333 0
DWIDTH 16 0
BBX 16 12 0 -2
BITMAP
0000
0FF8
1FFC
380E
3000
303E
301C
380C
1FFC
0FF8
3F80
0000
ENDCHAR
STARTCHAR uni0123
ENCODING 291
SWIDTH 1333 0
DWIDTH 16 0
BBX 16 12 0 -2
BITMAP
00F0
03C0
0FF6
1FFE
300C
300C
3FFC
1FFC
000C
1FF8
0FF0
0000
ENDCHAR
STARTCHAR Hcircumflex
ENCODING 292
SWIDTH 1333 0
DWIDTH 16 0
BBX 16 12 0 -2
BITMAP
33CC
366C
300C
300C
3FFC
3FFC
300C
300C
300C
300C
0000
0000
ENDCHAR
STARTCHAR hcircumflex
ENCODING 293
SWIDTH 1333 0
DWIDTH 16 0
BBX 16 12 0 -2
BITMAP
39E0
3B30
1800
1FE0
1FF8
1818
180C
180C
380C
380C
0000
0000
ENDCHAR
STARTCHAR Hbar
ENCODING 294
SWIDTH 1333 0
DWIDTH 16 0
BBX 16 12 0 -2
BITMAP
300C
300C
7FFE
300C
3FFC
3FFC
300C
300C
300C
300C
0000
0000
ENDCHAR
STARTCHAR hbar
ENCODING 295
SWIDTH 1333 0
DWIDTH 16 0
BBX 16 12 0 -2
BITMAP
3800
7E00
1BE0
1FF8
1818
180C
180C
180C
380C
380C
0000
0000
ENDCHAR
STARTCHAR Itilde
ENCODING 296
SWIDTH 1333 0
DWIDTH 16 0
BBX 16 12 0 -2
BITMAP
3E3C
6FF0
03C0
0180
0180
0180
0180
0180
03C0
0FF0
0000
0000
ENDCHAR
STARTCHAR itilde
ENCODING 297
SWIDTH 1333 0
DWIDTH 16 0
BBX 16 12 0 -2
BITMAP
0FB0
0DE0
0000
0780
0780
0180
0180
0180
0FF0
0FF0
0000
0000
ENDCHAR
STARTCHAR Imacron
ENCODING 298
SWIDTH 1333 0
DWIDTH 16 0
BBX 16 12 0 -2
BITMAP
1FF8
0FF0
03C0
0180
0180
0180
0180
0180
03C0
0FF0
0000
0000
ENDCHAR
STARTCHAR imacron
ENCODING 299
SWIDTH 1333 0
DWIDTH 16 0
BBX 16 12 0 -2
BITMAP
0FF0
0FF0
0000
0780
0780
0180
0180
0180
0FF0
0FF0
0000
0000
ENDCHAR
STARTCHAR Ibreve
ENCODING 300
SWIDTH 1333 0
DWIDTH 16 0
BBX 16 12 0 -2
BITMAP
3C1C
0FF0
03C0
0180
0180
0180
0180
0180
03C0
0FF0
0000
0000
ENDCHAR
STARTCHAR ibreve
ENCODING 301
SWIDTH 1333 0
DWIDTH 16 0
BBX 16 12 0 -2
BITMAP
0E70
07E0
0000
0780
0780
0180
0180
0180
0FF0
0FF0
0000
0000
ENDCHAR
STARTCHAR Iogonek
ENCODING 302
SWIDTH 1333 0
DWIDTH 16 0
BBX 16 12 0 -2
BITMAP
0000
0FF0
03C0
0180
0180
0180
0180
0180
03C0
0FF0
001C
0000
ENDCHAR
STARTCHAR iogonek
ENCODING 303
SWIDTH 1333 0
DWIDTH 16 0
BBX 16 12 0 -2
BITMAP
0180
0180
0000
0780
0780
0180
0180
0180
0FF0
0FF0
001C
0000
ENDCHAR
STARTCHAR Idotaccent
ENCODING 304
SWIDTH 1333 0
DWIDTH 16 0
BBX 16 12 0 -2
BITMAP
0180
0FF0
03C0
0180
0180
0180
0180
0180
03C0
0FF0
0000
0000
ENDCHAR
STARTCHAR dotlessi
ENCODING 305
SWIDTH 1333 0
DWIDTH 16 0
BBX 16 12 0 -2
BITMAP
0000
0000
0000
0780
0780
0180
0180
0180
0FF0
0FF0
0000
0000
ENDCHAR
STARTCHAR IJ
ENCODING 306
SWIDTH 1333 0
DWIDTH 16 0
BBX 16 12 0 -2
BITMAP
7E7E
3C3C
1818
1818
1818
1818
1998
19B8
3DF0
7EE0
0000
0000
ENDCHAR
STARTCHAR ij
ENCODING 307
SWIDTH 1333 0
DWIDTH 16 0
BBX 16 12 0 -2
BITMAP
1806
1806
0000
781E
781E
1806
1806
18C6
7ECE
7EFC
0078
0000
ENDCHAR
STARTCHAR Jcircumflex
ENCODING 308
SWIDTH 1333 0
DWIDTH 16 0
BBX 16 12 0 -2
BITMAP
1E7E
333C
0018
0018
0018
3018
3818
1838
1FF0
0FE0
0000
0000
ENDCHAR
STARTCHAR jcircumflex
ENCODING 309
SWIDTH 1333 0
DWIDTH 16 0
BBX 16 12 0 -2
BITMAP
00FC
01CE
0000
0078
0078
0018
0018
1818
1C38
0FF0
07E0
0000
ENDCHAR
STARTCHAR uni0136
ENCODING 310
SWIDTH 1333 0
DWIDTH 16 0
BBX 16 12 0 -2
BITMAP
3F1E
1E1C
0C38
0C70
0FE0
0FE0
0C70
0C38
1E1C
3F1E
00E0
0000
ENDCHAR
STARTCHAR uni0137
ENCODING 311
SWIDTH 1333 0
DWIDTH 16 0
BBX 16 12 0 -2
BITMAP
3800
3800
1838
1870
18E0
1FC0
1FE0
1870
3C38
3C1C
03E0
0000
ENDCHAR
STARTCHAR kgreenlandic
ENCODING 312
SWIDTH 1333 0
DWIDTH 16 0
BBX 16 12 0 -2
BITMAP
0000
0000
3838
3870
18E0
1FC0
1FE0
1870
3C38
3C1C
0000
0000
ENDCHAR
STARTCHAR Lacute
ENCODING 313
SWIDTH 1333 0
DWIDTH 16 0
BBX 16 12 0 -2
BITMAP
0700
3F00
1E00
0C00
0C00
0C00
0C02
0C06
1FFE
3FFE
0000
0000
ENDCHAR
STARTCHAR lacute
ENCODING 314
SWIDTH 1333 0
DWIDTH 16 0
BBX 16 12 0 -2
BITMAP
01C0
0F80
0380
0180
0180
0180
0180
0180
03C0
0FF0
0000
0000
ENDCHAR
STARTCHAR uni013B
ENCODING 315
SWIDTH 1333 0
DWIDTH 16 0
BBX 16 12 0 -2
BITMAP
3F00
1E00
0C00
0C00
0C00
0C00
0C02
0C06
1FFE
3FFE
07E0
0000
ENDCHAR
STARTCHAR uni013C
ENCODING 316
SWIDTH 1333 0
DWIDTH 16 0
BBX 16 12 0 -2
BITMAP
0780
0780
0180
0180
0180
0180
0180
0180
0FF0
0FF0
7E00
0000
ENDCHAR
STARTCHAR Lcaron
ENCODING 317
SWIDTH 1333 0
DWIDTH 16 0
BBX 16 12 0 -2
BITMAP
3F70
1E70
0C30
0C10
0C20
0C00
0C02
0C06
1FFE
3FFE
0000
0000
ENDCHAR
STARTCHAR lcaron
ENCODING 318
SWIDTH 1333 0
DWIDTH 16 0
BBX 16 12 0 -2
BITMAP
07B8
07B8
0198
0188
0190
0180
0180
0180
0FF0
0FF0
0000
0000
ENDCHAR
STARTCHAR Ldot
ENCODING 319
SWIDTH 1333 0
DWIDTH 16 0
BBX 16 12 0 -2
BITMAP
3F00
1E00
0C00
0C60
0CF0
0C60
0C02
0C06
1FFE
3FFE
0000
0000
ENDCHAR
STARTCHAR ldot
ENCODING 320
SWIDTH 1333 0
DWIDTH 16 0
BBX 16 12 0 -2
BITMAP
0780
0780
0180
018C
019E
018C
0180
0180
0FF0
0FF0
0000
0000
ENDCHAR
STARTCHAR Lslash
ENCODING 321
SWIDTH 1333 0
DWIDTH 16 0
BBX 16 12 0 -2
BITMAP
3F00
1E00
0C00
0E00
0E00
1C00
1C02
0C06
1FFE
3FFE
0000
0000
ENDCHAR
STARTCHAR lslash
ENCODING 322
SWIDTH 1333 0
DWIDTH 16 0
BBX 16 12 0 -2
BITMAP
0780
0780
01C0
01C0
0180
0380
0380
0180
0FF0
0FF0
0000
0000
ENDCHAR
STARTCHAR Nacute
ENCODING 323
SWIDTH 1333 0
DWIDTH 16 0
BBX 16 12 0 -2
BITMAP
38EC
3D8C
3E0C
370C
338C
31CC
30EC
307C
303C
301C
0000
0000
ENDCHAR
STARTCHAR nacute
ENCODING 324
SWIDTH 1333 0
DWIDTH 16 0
BBX 16 12 0 -2
BITMAP
00F0
03C0
39F0
3FF8
1E1C
180C
180C
180C
180C
180C
0000
0000
ENDCHAR
STARTCHAR uni0145
ENCODING 325
SWIDTH 1333 0
DWIDTH 16 0
BBX 16 12 0 -2
BITMAP
380C
3C0C
3E0C
370C
338C
31CC
30EC
307C
303C
301C
07C0
0000
ENDCHAR
STARTCHAR uni0146
ENCODING 326
SWIDTH 1333 0
DWIDTH 16 0
BBX 16 12 0 -2
BITMAP
0000
0000
39F0
3FF8
1E1C
180C
180C
180C
180C
180C
03E0
0000
ENDCHAR
STARTCHAR Ncaron
ENCODING 327
SWIDTH 1333 0
DWIDTH 16 0
BBX 16 12 0 -2
BITMAP
3B6C
3DCC
3E0C
370C
338C
31CC
30EC
307C
303C
301C
0000
0000
ENDCHAR
STARTCHAR ncaron
ENCODING 328
SWIDTH 1333 0
DWIDTH 16 0
BBX 16 12 0 -2
BITMAP
0738
03F0
39F0
3FF8
1E1C
180C
180C
180C
180C
180C
0000
0000
ENDCHAR
STARTCHAR napostrophe
ENCODING 329
SWIDTH 1333 0
DWIDTH 16 0
BBX 16 12 0 -2
BITMAP
7000
7000
3CF0
1FF8
2F1C
0C0C
0C0C
0C0C
0C0C
0C0C
0000
0000
ENDCHAR
STARTCHAR Eng
ENCODING 330
SWIDTH 1333 0
DWIDTH 16 0
BBX 16 12 0 -2
BITMAP
380C
3C0C
3E0C
370C
338C
31CC
30EC
307C
303C
301C
00F0
0000
ENDCHAR
STARTCHAR eng
ENCODING 331
SWIDTH 1333 0
DWIDTH 16 0
BBX 16 12 0 -2
BITMAP
0000
0000
39F0
3FF8
1E1C
180C
180C
180C
180C
180C
0078
0000
ENDCHAR
STARTCHAR Omacron
ENCODING 332
SWIDTH 1333 0
DWIDTH 16 0
BBX 16 12 0 -2
BITMAP
3FFE
0FF8
1FFC
380E
3006
3006
3006
380E
1FFC
0FF8
0000
0000
ENDCHAR
STARTCHAR omacron
ENCODING 333
SWIDTH 1333 0
DWIDTH 16 0
BBX 16 12 0 -2
BITMAP
0FF0
0000
0FF0
1FF8
381C
300C
300C
381C
1FF8
0FF0
0000
0000
ENDCHAR
STARTCHAR Obreve
ENCODING 334
SWIDTH 1333 0
DWIDTH 16 0
BBX 16 12 0 -2
BITMAP
0410
0FF8
1FFC
380E
3006
3006
3006
380E
1FFC
0FF8
0000
0000
ENDCHAR
STARTCHAR obreve
ENCODING 335
SWIDTH 1333 0
DWIDTH 16 0
BBX 16 12 0 -2
BITMAP
0420
03C0
0FF0
1FF8
381C
300C
300C
381C
1FF8
0FF0
0000
0000
ENDCHAR
STARTCHAR Ohungarumlaut
ENCODING 336
SWIDTH 1333 0
DWIDTH 16 0
BBX 16 12 0 -2
BITMAP
0F3C
0FF8
1FFC
380E
3006
3006
3006
380E
1FFC
0FF8
0000
0000
ENDCHAR
STARTCHAR ohungarumlaut
ENCODING 337
SWIDTH 1333 0
DWIDTH 16 0
BBX 16 12 0 -2
BITMAP
0F3C
3CF0
0FF0
1FF8
381C
300C
300C
381C
1FF8
0FF0
0000
0000
ENDCHAR
STARTCHAR OE
ENCODING 338
SWIDTH 1333 0
DWIDTH 16 0
BBX 16 12 0 -2
BITMAP
0FFF
1FFF
38C1
30C4
30FC
30FC
30C4
38C1
1FFF
0FFF
0000
0000
ENDCHAR
STARTCHAR oe
ENCODING 339
SWIDTH 1333 0
DWIDTH 16 0
BBX 16 12 0 -2
BITMAP
0000
0000
1F3E
3FFF
71E7
61C3
61FF
71C0
3FFE
1F3C
0000
0000
ENDCHAR
STARTCHAR Racute
ENCODING 340
SWIDTH 1333 0
DWIDTH 16 0
BBX 16 12 0 -2
BITMAP
0078
3FFC
1FFE
0C06
0C06
0FFC
0FF8
0C1C
1F0E
3F86
0000
0000
ENDCHAR
STARTCHAR racute
ENCODING 341
SWIDTH 1333 0
DWIDTH 16 0
BBX 16 12 0 -2
BITMAP
00F0
03C0
19F0
1FF8
0E1C
0C00
0C00
0C00
1E00
1E00
0000
0000
ENDCHAR
STARTCHAR uni0156
ENCODING 342
SWIDTH 1333 0
DWIDTH 16 0
BBX 16 12 0 -2
BITMAP
3FFC
1FFE
0C06
0C06
0FFE
0FFC
0C18
0C0C
1E06
3F06
00F0
0000
ENDCHAR
STARTCHAR uni0157
ENCODING 343
SWIDTH 1333 0
DWIDTH 16 0
BBX 16 12 0 -2
BITMAP
0000
0000
19F0
1FF8
0E1C
0C00
0C00
0C00
1E00
1E00
7C00
0000
ENDCHAR
STARTCHAR Rcaron
ENCODING 344
SWIDTH 1333 0
DWIDTH 16 0
BBX 16 12 0 -2
BITMAP
07F8
3FFC
1FFE
0C06
0C06
0FFC
0FF8
0C1C
1E0E
3F86
0000
0000
ENDCHAR
STARTCHAR rcaron
ENCODING 345
SWIDTH 1333 0
DWIDTH 16 0
BBX 16 12 0 -2
BITMAP
0E70
07E0
19F0
1FF8
0E1C
0C00
0C00
0C00
1E00
1E00
0000
0000
ENDCHAR
STARTCHAR Sacute
ENCODING 346
SWIDTH 1333 0
DWIDTH 16 0
BBX 16 12 0 -2
BITMAP
0070
0FF8
1FFC
380C
1F80
07E0
00F8
381C
1FF8
0FF0
0000
0000
ENDCHAR
STARTCHAR sacute
ENCODING 347
SWIDTH 1333 0
DWIDTH 16 0
BBX 16 12 0 -2
BITMAP
00F0
03C0
0FF8
1FFC
3800
3FF8
1FFC
000C
3FFC
1FF8
0000
0000
ENDCHAR
STARTCHAR Scircumflex
ENCODING 348
SWIDTH 1333 0
DWIDTH 16 0
BBX 16 12 0 -2
BITMAP
1FF8
2FF4
1FF8
381C
1F80
07E0
00F8
381C
1FF8
0FF0
0000
0000
ENDCHAR
STARTCHAR scircumflex
ENCODING 349
SWIDTH 1333 0
DWIDTH 16 0
BBX 16 12 0 -2
BITMAP
07E0
0E70
0FF8
1FFC
3000
3FF8
1FFC
000C
3FFC
1FF8
0000
0000
ENDCHAR
STARTCHAR Scedilla
ENCODING 350
SWIDTH 1333 0
DWIDTH 16 0
BBX 16 12 0 -2
BITMAP
0FF8
1FFC
380C
1E00
0FC0
03F0
0078
381C
1FF8
0FF0
3F80
0000
ENDCHAR
STARTCHAR scedilla
ENCODING 351
SWIDTH 1333 0
DWIDTH 16 0
BBX 16 12 0 -2
BITMAP
0000
0000
0FF8
1FFC
3000
3FF8
1FFC
000C
3FFC
1FF8
3F00
0000
ENDCHAR
STARTCHAR Scaron
ENCODING 352
SWIDTH 1333 0
DWIDTH 16 0
BBX 16 12 0 -2
BITMAP
1FF8
0FF0
1FF8
381C
1F80
07E0
00F8
381C
1FF8
0FF0
0000
0000
ENDCHAR
STARTCHAR scaron
ENCODING 353
SWIDTH 1333 0
DWIDTH 16 0
BBX 16 12 0 -2
BITMAP
0E70
07E0
0FF8
1FFC
3000
3FF8
1FFC
000C
3FFC
1FF8
0000
0000
ENDCHAR
STARTCHAR uni0162
ENCODING 354
SWIDTH 1333 0
DWIDTH 16 0
BBX 16 12 0 -2
BITMAP
3FFC
3FFC
318C
2184
0180
0180
0180
0180
03C0
07E0
1F80
0000
ENDCHAR
STARTCHAR uni0163
ENCODING 355
SWIDTH 1333 0
DWIDTH 16 0
BBX 16 12 0 -2
BITMAP
0400
0C00
0C00
3F80
3F80
0C00
0C00
0E1C
07F8
03F0
1F80
0000
ENDCHAR
STARTCHAR Tcaron
ENCODING 356
SWIDTH 1333 0
DWIDTH 16 0
BBX 16 12 0 -2
BITMAP
07E0
3FFC
3FFC
318C
2184
0180
0180
0180
03C0
07E0
0000
0000
ENDCHAR
STARTCHAR tcaron
ENCODING 357
SWIDTH 1333 0
DWIDTH 16 0
BBX 16 12 0 -2
BITMAP
041C
0C1C
0C0C
3F84
3F88
0C00
0C00
0E1C
07F8
03F0
0000
0000
ENDCHAR
STARTCHAR Tbar
ENCODING 358
SWIDTH 1333 0
DWIDTH 16 0
BBX 16 12 0 -2
BITMAP
3FFC
3FFC
318C
2184
0180
0FF0
0180
0180
03C0
07E0
0000
0000
ENDCHAR
STARTCHAR tbar
ENCODING 359
SWIDTH 1333 0
DWIDTH 16 0
BBX 16 12 0 -2
BITMAP
0400
0C00
3F80
3F80
0C00
3F80
0C00
0E1C
07F8
03F0
0000
0000
ENDCHAR
STARTCHAR Utilde
ENCODING 360
SWIDTH 1333 0
DWIDTH 16 0
BBX 16 12 0 -2
BITMAP
376C
35CC
300C
300C
300C
300C
300C
381C
1FF8
0FF0
0000
0000
ENDCHAR
STARTCHAR utilde
ENCODING 361
SWIDTH 1333 0
DWIDTH 16 0
BBX 16 12 0 -2
BITMAP
0FB0
0DE0
3018
3018
3018
3018
3018
3838
1FFC
0FCC
0000
0000
ENDCHAR
STARTCHAR Umacron
ENCODING 362
SWIDTH 1333 0
DWIDTH 16 0
BBX 16 12 0 -2
BITMAP
37EC
300C
300C
300C
300C
300C
300C
381C
1FF8
0FF0
0000
0000
ENDCHAR
STARTCHAR umacron
ENCODING 363
SWIDTH 1333 0
DWIDTH 16 0
BBX 16 12 0 -2
BITMAP
0FE0
0000
3018
3018
3018
3018
3018
3838
1FFC
0FCC
0000
0000
ENDCHAR
STARTCHAR Ubreve
ENCODING 364
SWIDTH 1333 0
DWIDTH 16 0
BBX 16 12 0 -2
BITMAP
342C
33CC
300C
300C
300C
300C
300C
381C
1FF8
0FF0
0000
0000
ENDCHAR
STARTCHAR ubreve
ENCODING 365
SWIDTH 1333 0
DWIDTH 16 0
BBX 16 12 0 -2
BITMAP
0820
07C0
3018
3018
3018
3018
3018
3838
1FFC
0FCC
0000
0000
ENDCHAR
STARTCHAR Uring
ENCODING 366
SWIDTH 1333 0
DWIDTH 16 0
BBX 16 12 0 -2
BITMAP
318C
324C
318C
300C
300C
300C
300C
381C
1FF8
0FF0
0000
0000
ENDCHAR
STARTCHAR uring
ENCODING 367
SWIDTH 1333 0
DWIDTH 16 0
BBX 16 12 0 -2
BITMAP
0380
06C0
3398
3018
3018
3018
3018
3838
1FFC
0FCC
0000
0000
ENDCHAR
STARTCHAR Uhungarumlaut
ENCODING 368
SWIDTH 1333 0
DWIDTH 16 0
BBX 16 12 0 -2
BITMAP
1C07
300C
300C
300C
300C
300C
300C
381C
1FF8
0FF0
0000
0000
ENDCHAR
STARTCHAR uhungarumlaut
ENCODING 369
SWIDTH 1333 0
DWIDTH 16 0
BBX 16 12 0 -2
BITMAP
0F3C
3CF0
3018
3018
3018
3018
3018
3838
1FFC
0FCC
0000
0000
ENDCHAR
STARTCHAR Uogonek
ENCODING 370
SWIDTH 1333 0
DWIDTH 16 0
BBX 16 12 0 -2
BITMAP
300C
300C
300C
300C
300C
300C
300C
381C
1FF8
0FF0
001C
0000
ENDCHAR
STARTCHAR uogonek
ENCODING 371
SWIDTH 1333 0
DWIDTH 16 0
BBX 16 12 0 -2
BITMAP
0000
0000
3018
3018
3018
3018
3018
3838
1FFC
0FCC
000E
0000
ENDCHAR
STARTCHAR Wcircumflex
ENCODING 372
SWIDTH 1333 0
DWIDTH 16 0
BBX 16 12 0 -2
BITMAP
31C6
3366
3006
3006
388E
39CE
1B6C
1E3C
1C1C
180C
0000
0000
ENDCHAR
STARTCHAR wcircumflex
ENCODING 373
SWIDTH 1333 0
DWIDTH 16 0
BBX 16 12 0 -2
BITMAP
07E0
0E70
6006
6006
6006
6186
73CE
3FFC
1E78
0C30
0000
0000
ENDCHAR
STARTCHAR Ycircumflex
ENCODING 374
SWIDTH 1333 0
DWIDTH 16 0
BBX 16 12 0 -2
BITMAP
0300
37B0
3030
3870
1CE0
0FC0
0300
0300
0780
0FC0
0000
0000
ENDCHAR
STARTCHAR ycircumflex
ENCODING 375
SWIDTH 1333 0
DWIDTH 16 0
BBX 16 12 0 -2
BITMAP
03C0
0660
300C
300C
300C
380C
3FFC
0FFC
000C
1FF8
0FF0
0000
ENDCHAR
STARTCHAR Ydieresis
ENCODING 376
SWIDTH 1333 0
DWIDTH 16 0
BBX 16 12 0 -2
BITMAP
0CC0
3030
3030
3870
1CE0
0FC0
0300
0300
0780
0FC0
0000
0000
ENDCHAR
STARTCHAR Zacute
ENCODING 377
SWIDTH 1333 0
DWIDTH 16 0
BBX 16 12 0 -2
BITMAP
00F0
3FFC
3FF8
3070
20E0
01C0
0384
0F0C
3FFC
3FFC
0000
0000
ENDCHAR
STARTCHAR zacute
ENCODING 378
SWIDTH 1333 0
DWIDTH 16 0
BBX 16 12 0 -2
BITMAP
00F0
03C0
3FFC
3FFC
3070
01C0
0700
1C0C
3FFC
3FFC
0000
0000
ENDCHAR
STARTCHAR Zdotaccent
ENCODING 379
SWIDTH 1333 0
DWIDTH 16 0
BBX 16 12 0 -2
BITMAP
0180
3FFC
3FFC
3070
20C0
0180
0304
0E0C
3FFC
3FFC
0000
0000
ENDCHAR
STARTCHAR zdotaccent
ENCODING 380
SWIDTH 1333 0
DWIDTH 16 0
BBX 16 12 0 -2
BITMAP
0180
0180
3FFC
3FFC
3070
01C0
0700
1C0C
3FFC
3FFC
0000
0000
ENDCHAR
STARTCHAR Zcaron
ENCODING 381
SWIDTH 1333 0
DWIDTH 16 0
BBX 16 12 0 -2
BITMAP
07E0
3FFC
3FFC
3070
20E0
0180
0304
0E0C
3FFC
3FFC
0000
0000
ENDCHAR
STARTCHAR zcaron
ENCODING 382
SWIDTH 1333 0
DWIDTH 16 0
BBX 16 12 0 -2
BITMAP
0E70
07E0
3FFC
3FFC
3070
01C0
0700
1C0C
3FFC
3FFC
0000
0000
ENDCHAR
STARTCHAR longs
ENCODING 383
SWIDTH 1333 0
DWIDTH 16 0
BBX 16 12 0 -2
BITMAP
03F8
07FC
060C
0600
0600
0600
0600
0600
1F80
1F80
0000
0000
ENDCHAR
STARTCHAR florin
ENCODING 402
SWIDTH 1333 0
DWIDTH 16 0
BBX 16 12 0 -2
BITMAP
0070
00F8
01CC
0180
07E0
07E0
0180
0180
1980
1F80
0F00
0000
ENDCHAR
STARTCHAR ohorn
ENCODING 417
SWIDTH 1333 0
DWIDTH 16 0
BBX 16 12 0 -2
BITMAP
0000
0000
0FFE
1FFE
3818
300C
300C
381C
1FF8
0FF0
0000
0000
ENDCHAR
STARTCHAR uni01B7
ENCODING 439
SWIDTH 1333 0
DWIDTH 16 0
BBX 16 12 0 -2
BITMAP
3FFC
3FF8
3030
2060
00F8
00FC
000C
381C
1FF8
0FF0
0000
0000
ENDCHAR
STARTCHAR Aringacute
ENCODING 506
SWIDTH 1333 0
DWIDTH 16 0
BBX 16 12 0 -2
BITMAP
03DC
0E70
1E78
3FFC
381C
300C
3FFC
3FFC
300C
300C
0000
0000
ENDCHAR
STARTCHAR aringacute
ENCODING 507
SWIDTH 1333 0
DWIDTH 16 0
BBX 16 12 0 -2
BITMAP
039C
02F0
07E0
0FF0
0038
1FD8
3FF8
3038
3FFC
1FCC
0000
0000
ENDCHAR
STARTCHAR AEacute
ENCODING 508
SWIDTH 1333 0
DWIDTH 16 0
BBX 16 12 0 -2
BITMAP
003C
0FFF
1FFF
38C1
30FC
3FFC
3FC4
30C1
30FF
30FF
0000
0000
ENDCHAR
STARTCHAR aeacute
ENCODING 509
SWIDTH 1333 0
DWIDTH 16 0
BBX 16 12 0 -2
BITMAP
0078
01E0
0F3E
1FFF
01E7
3FC3
71FF
61C0
7FFE
3F3C
0000
0000
ENDCHAR
STARTCHAR Oslashacute
ENCODING 510
SWIDTH 1333 0
DWIDTH 16 0
BBX 16 12 0 -2
BITMAP
00F6
0FFC
1FFC
3876
30E6
31C6
3386
370E
1FFC
1FF8
3000
0000
ENDCHAR
STARTCHAR oslashacute
ENCODING 511
SWIDTH 1333 0
DWIDTH 16 0
BBX 16 12 0 -2
BITMAP
01C0
0398
0FF0
1FF8
38DC
318C
330C
3E1C
1FF8
1FF0
3000
0000
ENDCHAR
STARTCHAR uni0218
ENCODING 536
SWIDTH 1333 0
DWIDTH 16 0
BBX 16 12 0 -2
BITMAP
0FF8
1FFC
380C
1E00
0FC0
03F0
0078
381C
1FF8
0FF0
01C0
0000
ENDCHAR
STARTCHAR uni0219
ENCODING 537
SWIDTH 1333 0
DWIDTH 16 0
BBX 16 12 0 -2
BITMAP
0000
0000
0FF8
1FFC
3000
3FF8
1FFC
000C
3FFC
1FF8
0380
0000
ENDCHAR
STARTCHAR uni021A
ENCODING 538
SWIDTH 1333 0
DWIDTH 16 0
BBX 16 12 0 -2
BITMAP
3FFC
3FFC
318C
2184
0180
0180
0180
0180
03C0
07E0
0180
0000
ENDCHAR
STARTCHAR uni021B
ENCODING 539
SWIDTH 1333 0
DWIDTH 16 0
BBX 16 12 0 -2
BITMAP
0400
0C00
0C00
3F80
3F80
0C00
0C00
0E1C
07F8
03F0
0180
0000
ENDCHAR
STARTCHAR uni0251
ENCODING 593
SWIDTH 1333 0
DWIDTH 16 0
BBX 16 12 0 -2
BITMAP
0000
0000
0F18
1FB8
39F8
30F0
30E0
39F0
1FB8
0F18
0000
0000
ENDCHAR
STARTCHAR uni0278
ENCODING 632
SWIDTH 1333 0
DWIDTH 16 0
BBX 16 12 0 -2
BITMAP
03C0
0180
1FF8
399C
318C
318C
399C
1FF8
0180
03C0
0000
0000
ENDCHAR
STARTCHAR circumflex
ENCODING 710
SWIDTH 1333 0
DWIDTH 16 0
BBX 16 12 0 -2
BITMAP
03C0
0420
0000
0000
0000
0000
0000
0000
0000
0000
0000
0000
ENDCHAR
STARTCHAR caron
ENCODING 711
SWIDTH 1333 0
DWIDTH 16 0
BBX 16 12 0 -2
BITMAP
0420
03C0
0000
0000
0000
0000
0000
0000
0000
0000
0000
0000
ENDCHAR
STARTCHAR uni02C9
ENCODING 713
SWIDTH 1333 0
DWIDTH 16 0
BBX 16 12 0 -2
BITMAP
3FFC
0000
0000
0000
0000
0000
0000
0000
0000
0000
0000
0000
ENDCHAR
STARTCHAR breve
ENCODING 728
SWIDTH 1333 0
DWIDTH 16 0
BBX 16 12 0 -2
BITMAP
0E70
07E0
0000
0000
0000
0000
0000
0000
0000
0000
0000
0000
ENDCHAR
STARTCHAR dotaccent
ENCODING 729
SWIDTH 1333 0
DWIDTH 16 0
BBX 16 12 0 -2
BITMAP
0380
0380
0000
0000
0000
0000
0000
0000
0000
0000
0000
0000
ENDCHAR
STARTCHAR ring
ENCODING 730
SWIDTH 1333 0
DWIDTH 16 0
BBX 16 12 0 -2
BITMAP
0180
0180
0000
0000
0000
0000
0000
0000
0000
0000
0000
0000
ENDCHAR
STARTCHAR ogonek
ENCODING 731
SWIDTH 1333 0
DWIDTH 16 0
BBX 16 12 0 -2
BITMAP
0000
0000
0000
0000
0000
0000
0000
0000
0000
0000
0007
0000
ENDCHAR
STARTCHAR tilde
ENCODING 732
SWIDTH 1333 0
DWIDTH 16 0
BBX 16 12 0 -2
BITMAP
0FB0
1DE0
0000
0000
0000
0000
0000
0000
0000
0000
0000
0000
ENDCHAR
STARTCHAR hungarumlaut
ENCODING 733
SWIDTH 1333 0
DWIDTH 16 0
BBX 16 12 0 -2
BITMAP
0F3C
3CF0
0000
0000
0000
0000
0000
0000
0000
0000
0000
0000
ENDCHAR
STARTCHAR uni037E
ENCODING 894
SWIDTH 1333 0
DWIDTH 16 0
BBX 16 12 0 -2
BITMAP
0000
0000
0300
0780
0300
0000
0000
0300
0780
0300
0600
0400
ENDCHAR
STARTCHAR tonos
ENCODING 900
SWIDTH 1333 0
DWIDTH 16 0
BBX 16 12 0 -2
BITMAP
00F0
03C0
0000
0000
0000
0000
0000
0000
0000
0000
0000
0000
ENDCHAR
STARTCHAR dieresistonos
ENCODING 901
SWIDTH 1333 0
DWIDTH 16 0
BBX 16 12 0 -2
BITMAP
0180
1B30
0000
0000
0000
0000
0000
0000
0000
0000
0000
0000
ENDCHAR
STARTCHAR Alphatonos
ENCODING 902
SWIDTH 1333 0
DWIDTH 16 0
BBX 16 12 0 -2
BITMAP
3C00
6FF0
1FF8
381C
300C
3FFC
3FFC
300C
300C
300C
0000
0000
ENDCHAR
STARTCHAR anoteleia
ENCODING 903
SWIDTH 1333 0
DWIDTH 16 0
BBX 16 12 0 -2
BITMAP
0000
0000
0000
0000
0380
0380
0380
0000
0000
0000
0000
0000
ENDCHAR
STARTCHAR Epsilontonos
ENCODING 904
SWIDTH 1333 0
DWIDTH 16 0
BBX 16 12 0 -2
BITMAP
7C00
BFFE
1FFE
0C06
0FE2
0FE0
0C22
0C06
1FFE
3FFE
0000
0000
ENDCHAR
STARTCHAR Etatonos
ENCODING 905
SWIDTH 1333 0
DWIDTH 16 0
BBX 16 12 0 -2
BITMAP
7000
D80C
180C
180C
1FFC
1FFC
180C
180C
180C
180C
0000
0000
ENDCHAR
STARTCHAR Iotatonos
ENCODING 906
SWIDTH 1333 0
DWIDTH 16 0
BBX 16 12 0 -2
BITMAP
6FF0
C3C0
0180
0180
0180
0180
0180
0180
03C0
0FF0
0000
0000
ENDCHAR
STARTCHAR Omicrontonos
ENCODING 908
SWIDTH 1333 0
DWIDTH 16 0
BBX 16 12 0 -2
BITMAP
3E00
6FF8
1FFC
380E
3006
3006
3006
380E
1FFC
0FF8
0000
0000
ENDCHAR
STARTCHAR Upsilontonos
ENCODING 910
SWIDTH 1333 0
DWIDTH 16 0
BBX 16 12 0 -2
BITMAP
6C0C
CC0C
0E1C
0738
03F0
00C0
00C0
00C0
01E0
03F0
0000
0000
ENDCHAR
STARTCHAR Omegatonos
ENCODING 911
SWIDTH 1333 0
DWIDTH 16 0
BBX 16 12 0 -2
BITMAP
3C00
6FF8
1FFC
380E
3006
3006
180C
0C18
1E3C
3E3E
0000
0000
ENDCHAR
STARTCHAR iotadieresistonos
ENCODING 912
SWIDTH 1333 0
DWIDTH 16 0
BBX 16 12 0 -2
BITMAP
0180
1B30
0000
0780
0780
0180
0180
0180
01E0
00E0
0000
0000
ENDCHAR
STARTCHAR Alpha
ENCODING 913
SWIDTH 1333 0
DWIDTH 16 0
BBX 16 12 0 -2
BITMAP
0FF0
1FF8
381C
300C
3FFC
3FFC
300C
300C
300C
300C
0000
0000
ENDCHAR
STARTCHAR Beta
ENCODING 914
SWIDTH 1333 0
DWIDTH 16 0
BBX 16 12 0 -2
BITMAP
3FF8
1FFC
0C0E
0C0E
0FFE
0FFC
0C0E
0C06
1FFE
3FFC
0000
0000
ENDCHAR
STARTCHAR Gamma
ENCODING 915
SWIDTH 1333 0
DWIDTH 16 0
BBX 16 12 0 -2
BITMAP
1FFF
0FFF
0603
0601
0600
0600
0600
0600
0F00
1F80
0000
0000
ENDCHAR
STARTCHAR uni0394
ENCODING 916
SWIDTH 1333 0
DWIDTH 16 0
BBX 16 12 0 -2
BITMAP
0180
03C0
07E0
0E70
1C38
381C
300C
300C
3FFC
3FFC
0000
0000
ENDCHAR
STARTCHAR Epsilon
ENCODING 917
SWIDTH 1333 0
DWIDTH 16 0
BBX 16 12 0 -2
BITMAP
3FFE
1FFE
0C06
0C22
0FE0
0FE0
0C22
0C06
1FFE
3FFE
0000
0000
ENDCHAR
STARTCHAR Zeta
ENCODING 918
SWIDTH 1333 0
DWIDTH 16 0
BBX 16 12 0 -2
BITMAP
3FFC
3FF8
3030
2060
00C0
0180
0304
0E0C
3FFC
3FFC
0000
0000
ENDCHAR
STARTCHAR Eta
ENCODING 919
SWIDTH 1333 0
DWIDTH 16 0
BBX 16 12 0 -2
BITMAP
300C
300C
300C
300C
3FFC
3FFC
300C
300C
300C
300C
0000
0000
ENDCHAR
STARTCHAR Theta
ENCODING 920
SWIDTH 1333 0
DWIDTH 16 0
BBX 16 12 0 -2
BITMAP
0FF8
1FFC
380E
3006
3FFE
3FFE
3006
380E
1FFC
0FF8
0000
0000
ENDCHAR
STARTCHAR Iota
ENCODING 921
SWIDTH 1333 0
DWIDTH 16 0
BBX 16 12 0 -2
BITMAP
0FF0
03C0
0180
0180
0180
0180
0180
0180
03C0
0FF0
0000
0000
ENDCHAR
STARTCHAR Kappa
ENCODING 922
SWIDTH 1333 0
DWIDTH 16 0
BBX 16 12 0 -2
BITMAP
3F1E
1E1C
0C38
0C70
0FE0
0FE0
0C70
0C38
1E1C
3F1E
0000
0000
ENDCHAR
STARTCHAR Lambda
ENCODING 923
SWIDTH 1333 0
DWIDTH 16 0
BBX 16 12 0 -2
BITMAP
0180
03C0
07E0
0E70
1C38
381C
300C
300C
300C
300C
0000
0000
ENDCHAR
STARTCHAR Mu
ENCODING 924
SWIDTH 1333 0
DWIDTH 16 0
BBX 16 12 0 -2
BITMAP
3006
380E
3C1E
3E3E
3776
33E6
31C6
3086
3006
3006
0000
0000
ENDCHAR
STARTCHAR Nu
ENCODING 925
SWIDTH 1333 0
DWIDTH 16 0
BBX 16 12 0 -2
BITMAP
380C
3C0C
3E0C
370C
338C
31CC
30EC
307C
303C
301C
0000
0000
ENDCHAR
STARTCHAR Xi
ENCODING 926
SWIDTH 1333 0
DWIDTH 16 0
BBX 16 12 0 -2
BITMAP
3FFC
3FFC
300C
2424
07E0
07E0
2424
300C
3FFC
3FFC
0000
0000
ENDCHAR
STARTCHAR Omicron
ENCODING 927
SWIDTH 1333 0
DWIDTH 16 0
BBX 16 12 0 -2
BITMAP
0FF8
1FFC
380E
3006
3006
3006
3006
380E
1FFC
0FF8
0000
0000
ENDCHAR
STARTCHAR Pi
ENCODING 928
SWIDTH 1333 0
DWIDTH 16 0
BBX 16 12 0 -2
BITMAP
7FFF
3FFE
180C
180C
180C
180C
180C
180C
180C
180C
0000
0000
ENDCHAR
STARTCHAR Rho
ENCODING 929
SWIDTH 1333 0
DWIDTH 16 0
BBX 16 12 0 -2
BITMAP
3FFC
1FFE
0C06
0C06
0FFE
0FFC
0C00
0C00
1F00
3F80
0000
0000
ENDCHAR
STARTCHAR Sigma
ENCODING 931
SWIDTH 1333 0
DWIDTH 16 0
BBX 16 12 0 -2
BITMAP
3FFC
1FFC
0C0C
0604
0300
0600
0C04
180C
3FFC
3FFC
0000
0000
ENDCHAR
STARTCHAR Tau
ENCODING 932
SWIDTH 1333 0
DWIDTH 16 0
BBX 16 12 0 -2
BITMAP
3FFC
3FFC
318C
2184
0180
0180
0180
0180
03C0
07E0
0000
0000
ENDCHAR
STARTCHAR Upsilon
ENCODING 933
SWIDTH 1333 0
DWIDTH 16 0
BBX 16 12 0 -2
BITMAP
3030
3030
3870
1CE0
0FC0
0300
0300
0300
0780
0FC0
0000
0000
ENDCHAR
STARTCHAR Phi
ENCODING 934
SWIDTH 1333 0
DWIDTH 16 0
BBX 16 12 0 -2
BITMAP
03C0
0180
1FF8
399C
318C
318C
399C
1FF8
0180
03C0
0000
0000
ENDCHAR
STARTCHAR Chi
ENCODING 935
SWIDTH 1333 0
DWIDTH 16 0
BBX 16 12 0 -2
BITMAP
3018
3838
1C70
0EE0
07C0
07C0
0EE0
1C70
3838
3018
0000
0000
ENDCHAR
STARTCHAR Psi
ENCODING 936
SWIDTH 1333 0
DWIDTH 16 0
BBX 16 12 0 -2
BITMAP
318C
318C
318C
399C
1FF8
0FF0
0180
0180
03C0
07E0
0000
0000
ENDCHAR
STARTCHAR uni03A9
ENCODING 937
SWIDTH 1333 0
DWIDTH 16 0
BBX 16 12 0 -2
BITMAP
0FF8
1FFC
380E
3006
3006
3006
180C
0C18
1E3C
3E3E
0000
0000
ENDCHAR
STARTCHAR Iotadieresis
ENCODING 938
SWIDTH 1333 0
DWIDTH 16 0
BBX 16 12 0 -2
BITMAP
0660
0FF0
03C0
0180
0180
0180
0180
0180
03C0
0FF0
0000
0000
ENDCHAR
STARTCHAR Upsilondieresis
ENCODING 939
SWIDTH 1333 0
DWIDTH 16 0
BBX 16 12 0 -2
BITMAP
0CC0
3030
3030
3870
1CE0
0FC0
0300
0300
0780
0FC0
0000
0000
ENDCHAR
STARTCHAR alphatonos
ENCODING 940
SWIDTH 1333 0
DWIDTH 16 0
BBX 16 12 0 -2
BITMAP
0078
01E0
0F18
1FB8
39F8
30F0
30E0
39F0
1FB8
0F18
0000
0000
ENDCHAR
STARTCHAR epsilontonos
ENCODING 941
SWIDTH 1333 0
DWIDTH 16 0
BBX 16 12 0 -2
BITMAP
00F0
03C0
0FF8
1FFC
380C
1FC0
1FC0
380C
1FFC
0FF8
0000
0000
ENDCHAR
STARTCHAR etatonos
ENCODING 942
SWIDTH 1333 0
DWIDTH 16 0
BBX 16 12 0 -2
BITMAP
00F0
07C0
39F0
3FF8
1E1C
180C
180C
180C
180C
180C
000C
0000
ENDCHAR
STARTCHAR iotatonos
ENCODING 943
SWIDTH 1333 0
DWIDTH 16 0
BBX 16 12 0 -2
BITMAP
00F0
03C0
0000
0780
0780
0180
0180
0180
01E0
00E0
0000
0000
ENDCHAR
STARTCHAR upsilondieresistonos
ENCODING 944
SWIDTH 1333 0
DWIDTH 16 0
BBX 16 12 0 -2
BITMAP
0180
1B30
0000
3018
3018
3018
3018
3838
1FF0
0FE0
0000
0000
ENDCHAR
STARTCHAR alpha
ENCODING 945
SWIDTH 1333 0
DWIDTH 16 0
BBX 16 12 0 -2
BITMAP
0000
0000
0F18
1FB8
39F8
30F0
30E0
39F0
1FB8
0F18
0000
0000
ENDCHAR
STARTCHAR beta
ENCODING 946
SWIDTH 1333 0
DWIDTH 16 0
BBX 16 12 0 -2
BITMAP
03F8
07FC
0E0E
0C0E
0CFC
0CFE
0C06
0C06
0CFE
3CFC
0000
0000
ENDCHAR
STARTCHAR gamma
ENCODING 947
SWIDTH 1333 0
DWIDTH 16 0
BBX 16 12 0 -2
BITMAP
0000
0000
300C
300C
381C
1C38
0E70
07E0
03C0
03C0
07E0
0000
ENDCHAR
STARTCHAR delta
ENCODING 948
SWIDTH 1333 0
DWIDTH 16 0
BBX 16 12 0 -2
BITMAP
00F8
01FC
00E4
07F0
0FF8
1C1C
180C
1C1C
0FF8
07F0
0000
0000
ENDCHAR
STARTCHAR epsilon
ENCODING 949
SWIDTH 1333 0
DWIDTH 16 0
BBX 16 12 0 -2
BITMAP
0000
0000
0FF8
1FFC
380C
1FC0
1FC0
380C
1FFC
0FF8
0000
0000
ENDCHAR
STARTCHAR zeta
ENCODING 950
SWIDTH 1333 0
DWIDTH 16 0
BBX 16 12 0 -2
BITMAP
1FFC
1FFC
0700
0E00
1C00
1C00
1C00
0FF8
07FC
001C
0038
0000
ENDCHAR
STARTCHAR eta
ENCODING 951
SWIDTH 1333 0
DWIDTH 16 0
BBX 16 12 0 -2
BITMAP
0000
0000
39F0
3FF8
1E1C
180C
180C
180C
180C
180C
000C
0000
ENDCHAR
STARTCHAR theta
ENCODING 952
SWIDTH 1333 0
DWIDTH 16 0
BBX 16 12 0 -2
BITMAP
07F0
0FF8
1C1C
180C
1FFC
1FFC
180C
1C1C
0FF8
07F0
0000
0000
ENDCHAR
STARTCHAR iota
ENCODING 953
SWIDTH 1333 0
DWIDTH 16 0
BBX 16 12 0 -2
BITMAP
0000
0000
0780
0780
0180
0180
0180
0180
01E0
00E0
0000
0000
ENDCHAR
STARTCHAR kappa
ENCODING 954
SWIDTH 1333 0
DWIDTH 16 0
BBX 16 12 0 -2
BITMAP
0000
0000
3838
3870
18E0
1FC0
1FE0
1870
3C38
3C1C
0000
0000
ENDCHAR
STARTCHAR lambda
ENCODING 955
SWIDTH 1333 0
DWIDTH 16 0
BBX 16 12 0 -2
BITMAP
0C00
0E00
0700
0380
01C0
03E0
0770
0E38
1C1C
180C
0000
0000
ENDCHAR
STARTCHAR uni03BC
ENCODING 956
SWIDTH 1333 0
DWIDTH 16 0
BBX 16 12 0 -2
BITMAP
0000
0000
3018
3018
3018
3018
3018
3818
3FFC
37EC
3000
0000
ENDCHAR
STARTCHAR nu
ENCODING 957
SWIDTH 1333 0
DWIDTH 16 0
BBX 16 12 0 -2
BITMAP
0000
0000
300C
300C
381C
1818
1C38
0E70
07E0
03C0
0000
0000
ENDCHAR
STARTCHAR xi
ENCODING 958
SWIDTH 1333 0
DWIDTH 16 0
BBX 16 12 0 -2
BITMAP
1FFC
1FFC
0F00
1C00
0FE0
1FE0
1C00
0FF8
07FC
001C
0038
0000
ENDCHAR
STARTCHAR omicron
ENCODING 959
SWIDTH 1333 0
DWIDTH 16 0
BBX 16 12 0 -2
BITMAP
0000
0000
0FF0
1FF8
381C
300C
300C
381C
1FF8
0FF0
0000
0000
ENDCHAR
STARTCHAR pi
ENCODING 960
SWIDTH 1333 0
DWIDTH 16 0
BBX 16 12 0 -2
BITMAP
0000
0000
7FFF
7FFF
180C
180C
180C
180C
180C
180C
0000
0000
ENDCHAR
STARTCHAR rho
ENCODING 961
SWIDTH 1333 0
DWIDTH 16 0
BBX 16 12 0 -2
BITMAP
0000
0000
0FF0
1FFC
180C
180C
180C
1FF8
1BF0
1800
1800
0000
ENDCHAR
STARTCHAR sigma1
ENCODING 962
SWIDTH 1333 0
DWIDTH 16 0
BBX 16 12 0 -2
BITMAP
0000
0000
0FF8
1FFC
380C
3000
3800
1FF8
0FFC
001C
0038
0000
ENDCHAR
STARTCHAR sigma
ENCODING 963
SWIDTH 1333 0
DWIDTH 16 0
BBX 16 12 0 -2
BITMAP
0000
0000
0FFE
1FFE
3818
300C
300C
381C
1FF8
0FF0
0000
0000
ENDCHAR
STARTCHAR tau
ENCODING 964
SWIDTH 1333 0
DWIDTH 16 0
BBX 16 12 0 -2
BITMAP
0000
0000
0F30
3FF0
33C0
0300
0300
0300
0300
0300
0000
0000
ENDCHAR
STARTCHAR upsilon
ENCODING 965
SWIDTH 1333 0
DWIDTH 16 0
BBX 16 12 0 -2
BITMAP
0000
0000
3018
3018
3018
3018
3018
3838
1FF0
0FE0
0000
0000
ENDCHAR
STARTCHAR phi
ENCODING 966
SWIDTH 1333 0
DWIDTH 16 0
BBX 16 12 0 -2
BITMAP
0000
0000
1C70
3CFC
318C
318C
398C
1FF8
0FF0
0180
0180
0000
ENDCHAR
STARTCHAR chi
ENCODING 967
SWIDTH 1333 0
DWIDTH 16 0
BBX 16 12 0 -2
BITMAP
0000
0000
3838
1C70
0EE0
07C0
07C0
0EE0
1C70
3838
0000
0000
ENDCHAR
STARTCHAR psi
ENCODING 968
SWIDTH 1333 0
DWIDTH 16 0
BBX 16 12 0 -2
BITMAP
0000
0000
318C
318C
318C
318C
399C
1FF8
0FF0
0180
0180
0000
ENDCHAR
STARTCHAR omega
ENCODING 969
SWIDTH 1333 0
DWIDTH 16 0
BBX 16 12 0 -2
BITMAP
0000
0000
1818
381C
318C
318C
318C
3BDC
1FF8
0E70
0000
0000
ENDCHAR
STARTCHAR iotadieresis
ENCODING 970
SWIDTH 1333 0
DWIDTH 16 0
BBX 16 12 0 -2
BITMAP
0C60
0C60
0000
0780
0780
0180
0180
0180
01E0
00E0
0000
0000
ENDCHAR
STARTCHAR upsilondieresis
ENCODING 971
SWIDTH 1333 0
DWIDTH 16 0
BBX 16 12 0 -2
BITMAP
0C60
0C60
3018
3018
3018
3018
3018
3838
1FF0
0FE0
0000
0000
ENDCHAR
STARTCHAR omicrontonos
ENCODING 972
SWIDTH 1333 0
DWIDTH 16 0
BBX 16 12 0 -2
BITMAP
00F0
03C0
0FF0
1FF8
381C
300C
300C
381C
1FF8
0FF0
0000
0000
ENDCHAR
STARTCHAR upsilontonos
ENCODING 973
SWIDTH 1333 0
DWIDTH 16 0
BBX 16 12 0 -2
BITMAP
01E0
0780
3018
3018
3018
3018
3018
3838
1FF0
0FE0
0000
0000
ENDCHAR
STARTCHAR omegatonos
ENCODING 974
SWIDTH 1333 0
DWIDTH 16 0
BBX 16 12 0 -2
BITMAP
00F0
03C0
1818
381C
318C
318C
318C
3BDC
1FF8
0E70
0000
0000
ENDCHAR
STARTCHAR uni03D0
ENCODING 976
SWIDTH 1333 0
DWIDTH 16 0
BBX 16 12 0 -2
BITMAP
03F8
07FC
0E0E
0C0E
0CFC
0CFE
0C06
0C06
0CFE
3CFC
0000
0000
ENDCHAR
STARTCHAR uni03F4
ENCODING 1012
SWIDTH 1333 0
DWIDTH 16 0
BBX 16 12 0 -2
BITMAP
0FF8
1FFC
380E
3006
3FFE
3FFE
3006
380E
1FFC
0FF8
0000
0000
ENDCHAR
STARTCHAR uni0400
ENCODING 1024
SWIDTH 1333 0
DWIDTH 16 0
BBX 16 12 0 -2
BITMAP
0780
3FFE
1FFE
0C06
0FE2
0FE0
0C22
0C06
1FFE
3FFE
0000
0000
ENDCHAR
STARTCHAR uni0401
ENCODING 1025
SWIDTH 1333 0
DWIDTH 16 0
BBX 16 12 0 -2
BITMAP
0738
3FFE
1FFE
0C06
0FE2
0FE0
0C22
0C06
1FFE
3FFE
0000
0000
ENDCHAR
STARTCHAR uni0402
ENCODING 1026
SWIDTH 1333 0
DWIDTH 16 0
BBX 16 12 0 -2
BITMAP
7F80
3F00
0C00
0DF0
0FF8
0C1C
0C0C
0C1C
1C78
3C70
0000
0000
ENDCHAR
STARTCHAR uni0403
ENCODING 1027
SWIDTH 1333 0
DWIDTH 16 0
BBX 16 12 0 -2
BITMAP
003C
3FFE
1FFE
0C06
0C02
0C00
0C00
0C00
1E00
3F00
0000
0000
ENDCHAR
STARTCHAR uni0404
ENCODING 1028
SWIDTH 1333 0
DWIDTH 16 0
BBX 16 12 0 -2
BITMAP
0FF8
1FFC
380E
3040
3FC0
3FC0
3040
380E
1FFC
0FF8
0000
0000
ENDCHAR
STARTCHAR uni0405
ENCODING 1029
SWIDTH 1333 0
DWIDTH 16 0
BBX 16 12 0 -2
BITMAP
0FF8
1FFC
380C
1E00
0FE0
03F8
003C
301C
1FF8
0FF0
0000
0000
ENDCHAR
STARTCHAR uni0406
ENCODING 1030
SWIDTH 1333 0
DWIDTH 16 0
BBX 16 12 0 -2
BITMAP
0FF0
03C0
0180
0180
0180
0180
0180
0180
03C0
0FF0
0000
0000
ENDCHAR
STARTCHAR uni0407
ENCODING 1031
SWIDTH 1333 0
DWIDTH 16 0
BBX 16 12 0 -2
BITMAP
0660
0FF0
03C0
0180
0180
0180
0180
0180
03C0
0FF0
0000
0000
ENDCHAR
STARTCHAR uni0408
ENCODING 1032
SWIDTH 1333 0
DWIDTH 16 0
BBX 16 12 0 -2
BITMAP
007E
003C
0018
0018
0018
3018
3818
1838
1FF0
0FE0
0000
0000
ENDCHAR
STARTCHAR uni0409
ENCODING 1033
SWIDTH 1333 0
DWIDTH 16 0
BBX 16 12 0 -2
BITMAP
3FF0
1FE0
0CC0
0CC0
0CFC
0CFE
0CC6
18C6
78FE
70FC
0000
0000
ENDCHAR
STARTCHAR uni040A
ENCODING 1034
SWIDTH 1333 0
DWIDTH 16 0
BBX 16 12 0 -2
BITMAP
30C0
30C0
30C0
30C0
3FFC
3FFE
30C6
30C6
30FE
30FC
0000
0000
ENDCHAR
STARTCHAR uni040B
ENCODING 1035
SWIDTH 1333 0
DWIDTH 16 0
BBX 16 12 0 -2
BITMAP
7F80
3F00
0C00
0DE0
0FF8
0C18
0C0C
0C0C
1C0C
3C0C
0000
0000
ENDCHAR
STARTCHAR uni040C
ENCODING 1036
SWIDTH 1333 0
DWIDTH 16 0
BBX 16 12 0 -2
BITMAP
0030
3F6E
1E1C
0C38
0C70
0FE0
0FF0
0C78
1E3C
3F1E
0000
0000
ENDCHAR
STARTCHAR uni040D
ENCODING 1037
SWIDTH 1333 0
DWIDTH 16 0
BBX 16 12 0 -2
BITMAP
371C
33BC
307C
30EC
31CC
338C
370C
3E0C
3C0C
380C
0000
0000
ENDCHAR
STARTCHAR uni040E
ENCODING 1038
SWIDTH 1333 0
DWIDTH 16 0
BBX 16 12 0 -2
BITMAP
366C
33CC
300C
380C
1FFC
0FFC
000C
001C
1FF8
0FF0
0000
0000
ENDCHAR
STARTCHAR uni040F
ENCODING 1039
SWIDTH 1333 0
DWIDTH 16 0
BBX 16 12 0 -2
BITMAP
1818
1818
1818
1818
1818
1818
1818
1818
3FFC
7FFE
0180
0000
ENDCHAR
STARTCHAR uni0410
ENCODING 1040
SWIDTH 1333 0
DWIDTH 16 0
BBX 16 12 0 -2
BITMAP
0FF0
1FF8
381C
300C
3FFC
3FFC
300C
300C
300C
300C
0000
0000
ENDCHAR
STARTCHAR uni0411
ENCODING 1041
SWIDTH 1333 0
DWIDTH 16 0
BBX 16 12 0 -2
BITMAP
3FFE
1FFE
0C06
0C02
0FF0
0FFC
0C0E
0C06
1FFE
3FFC
0000
0000
ENDCHAR
STARTCHAR uni0412
ENCODING 1042
SWIDTH 1333 0
DWIDTH 16 0
BBX 16 12 0 -2
BITMAP
3FF8
1FFC
0C0E
0C0E
0FFE
0FFC
0C0E
0C06
1FFE
3FFC
0000
0000
ENDCHAR
STARTCHAR uni0413
ENCODING 1043
SWIDTH 1333 0
DWIDTH 16 0
BBX 16 12 0 -2
BITMAP
3FFE
1FFE
0C06
0C02
0C00
0C00
0C00
0C00
1E00
3F00
0000
0000
ENDCHAR
STARTCHAR uni0414
ENCODING 1044
SWIDTH 1333 0
DWIDTH 16 0
BBX 16 12 0 -2
BITMAP
0FFE
07FC
0318
0318
0718
0618
0E18
1C18
7FFE
7FFE
6006
0000
ENDCHAR
STARTCHAR uni0415
ENCODING 1045
SWIDTH 1333 0
DWIDTH 16 0
BBX 16 12 0 -2
BITMAP
3FFE
1FFE
0C06
0C22
0FE0
0FE0
0C22
0C06
1FFE
3FFE
0000
0000
ENDCHAR
STARTCHAR uni0416
ENCODING 1046
SWIDTH 1333 0
DWIDTH 16 0
BBX 16 12 0 -2
BITMAP
318C
318C
318C
399C
0FF0
0FF0
399C
318C
318C
318C
0000
0000
ENDCHAR
STARTCHAR uni0417
ENCODING 1047
SWIDTH 1333 0
DWIDTH 16 0
BBX 16 12 0 -2
BITMAP
3FF0
3FF8
301C
200C
00FC
00F8
000C
381C
1FF8
0FF0
0000
0000
ENDCHAR
STARTCHAR uni0418
ENCODING 1048
SWIDTH 1333 0
DWIDTH 16 0
BBX 16 12 0 -2
BITMAP
301C
303C
307C
30EC
31CC
338C
370C
3E0C
3C0C
380C
0000
0000
ENDCHAR
STARTCHAR uni0419
ENCODING 1049
SWIDTH 1333 0
DWIDTH 16 0
BBX 16 12 0 -2
BITMAP
36DC
33BC
307C
30EC
31CC
338C
370C
3E0C
3C0C
380C
0000
0000
ENDCHAR
STARTCHAR uni041A
ENCODING 1050
SWIDTH 1333 0
DWIDTH 16 0
BBX 16 12 0 -2
BITMAP
3F1E
1E1C
0C38
0C70
0FE0
0FE0
0C70
0C38
1E1C
3F1E
0000
0000
ENDCHAR
STARTCHAR uni041B
ENCODING 1051
SWIDTH 1333 0
DWIDTH 16 0
BBX 16 12 0 -2
BITMAP
0FFE
07FC
0318
0318
0318
0718
0618
0E18
3C18
3818
0000
0000
ENDCHAR
STARTCHAR uni041C
ENCODING 1052
SWIDTH 1333 0
DWIDTH 16 0
BBX 16 12 0 -2
BITMAP
3006
380E
3C1E
3E3E
3776
33E6
31C6
3086
3006
3006
0000
0000
ENDCHAR
STARTCHAR uni041D
ENCODING 1053
SWIDTH 1333 0
DWIDTH 16 0
BBX 16 12 0 -2
BITMAP
300C
300C
300C
300C
3FFC
3FFC
300C
300C
300C
300C
0000
0000
ENDCHAR
STARTCHAR uni041E
ENCODING 1054
SWIDTH 1333 0
DWIDTH 16 0
BBX 16 12 0 -2
BITMAP
0FF8
1FFC
380E
3006
3006
3006
3006
380E
1FFC
0FF8
0000
0000
ENDCHAR
STARTCHAR uni041F
ENCODING 1055
SWIDTH 1333 0
DWIDTH 16 0
BBX 16 12 0 -2
BITMAP
7FFF
3FFE
180C
180C
180C
180C
180C
180C
180C
180C
0000
0000
ENDCHAR
STARTCHAR uni0420
ENCODING 1056
SWIDTH 1333 0
DWIDTH 16 0
BBX 16 12 0 -2
BITMAP
3FFC
1FFE
0C06
0C06
0FFE
0FFC
0C00
0C00
1F00
3F80
0000
0000
ENDCHAR
STARTCHAR uni0421
ENCODING 1057
SWIDTH 1333 0
DWIDTH 16 0
BBX 16 12 0 -2
BITMAP
0FF8
1FFC
380E
3000
3000
3000
3000
380E
1FFC
0FF8
0000
0000
ENDCHAR
STARTCHAR uni0422
ENCODING 1058
SWIDTH 1333 0
DWIDTH 16 0
BBX 16 12 0 -2
BITMAP
3FFC
3FFC
318C
2184
0180
0180
0180
0180
03C0
07E0
0000
0000
ENDCHAR
STARTCHAR uni0423
ENCODING 1059
SWIDTH 1333 0
DWIDTH 16 0
BBX 16 12 0 -2
BITMAP
300C
300C
300C
180C
1FFC
07FC
000C
001C
1FF8
0FF0
0000
0000
ENDCHAR
STARTCHAR uni0424
ENCODING 1060
SWIDTH 1333 0
DWIDTH 16 0
BBX 16 12 0 -2
BITMAP
03C0
0180
1FF8
399C
318C
318C
399C
1FF8
0180
03C0
0000
0000
ENDCHAR
STARTCHAR uni0425
ENCODING 1061
SWIDTH 1333 0
DWIDTH 16 0
BBX 16 12 0 -2
BITMAP
3018
3838
1C70
0EE0
07C0
07C0
0EE0
1C70
3838
3018
0000
0000
ENDCHAR
STARTCHAR uni0426
ENCODING 1062
SWIDTH 1333 0
DWIDTH 16 0
BBX 16 12 0 -2
BITMAP
3018
3018
3018
3018
3018
3018
3018
3018
3FFE
3FFE
0006
0000
ENDCHAR
STARTCHAR uni0427
ENCODING 1063
SWIDTH 1333 0
DWIDTH 16 0
BBX 16 12 0 -2
BITMAP
300C
300C
300C
180C
1FFC
07EC
000C
000C
000C
000C
0000
0000
ENDCHAR
STARTCHAR uni0428
ENCODING 1064
SWIDTH 1333 0
DWIDTH 16 0
BBX 16 12 0 -2
BITMAP
318C
318C
318C
318C
318C
318C
318C
318C
3FFC
3FFC
0000
0000
ENDCHAR
STARTCHAR uni0429
ENCODING 1065
SWIDTH 1333 0
DWIDTH 16 0
BBX 16 12 0 -2
BITMAP
6318
6318
6318
6318
6318
6318
6318
6318
7FFE
7FFE
0006
0000
ENDCHAR
STARTCHAR uni042A
ENCODING 1066
SWIDTH 1333 0
DWIDTH 16 0
BBX 16 12 0 -2
BITMAP
7F00
7F00
6300
4300
03FC
03FE
0306
0306
07FE
0FFC
0000
0000
ENDCHAR
STARTCHAR uni042B
ENCODING 1067
SWIDTH 1333 0
DWIDTH 16 0
BBX 16 12 0 -2
BITMAP
607E
603C
6018
6018
7F18
7F98
6198
6198
7FBC
7F7E
0000
0000
ENDCHAR
STARTCHAR uni042C
ENCODING 1068
SWIDTH 1333 0
DWIDTH 16 0
BBX 16 12 0 -2
BITMAP
3F80
1F00
0C00
0C00
0FFC
0FFE
0C06
0C06
1FFE
3FFC
0000
0000
ENDCHAR
STARTCHAR uni042D
ENCODING 1069
SWIDTH 1333 0
DWIDTH 16 0
BBX 16 12 0 -2
BITMAP
0FF8
1FFC
380E
0106
01FE
01FE
0106
380E
1FFC
0FF8
0000
0000
ENDCHAR
STARTCHAR uni042E
ENCODING 1070
SWIDTH 1333 0
DWIDTH 16 0
BBX 16 12 0 -2
BITMAP
7E70
3CF8
198C
198C
1F8C
1F8C
198C
198C
3CF8
7E70
0000
0000
ENDCHAR
STARTCHAR uni042F
ENCODING 1071
SWIDTH 1333 0
DWIDTH 16 0
BBX 16 12 0 -2
BITMAP
1FFE
3FFC
3018
3018
3FF8
1FF8
0C18
1818
307C
30FE
0000
0000
ENDCHAR
STARTCHAR uni0430
ENCODING 1072
SWIDTH 1333 0
DWIDTH 16 0
BBX 16 12 0 -2
BITMAP
0000
0000
07E0
0FF0
0038
1FD8
3FF8
3038
3FFC
1FCC
0000
0000
ENDCHAR
STARTCHAR uni0431
ENCODING 1073
SWIDTH 1333 0
DWIDTH 16 0
BBX 16 12 0 -2
BITMAP
07C0
1F80
3000
37F0
3FF8
300C
300C
300C
3FFC
1FF0
0000
0000
ENDCHAR
STARTCHAR uni0432
ENCODING 1074
SWIDTH 1333 0
DWIDTH 16 0
BBX 16 12 0 -2
BITMAP
0000
0000
3FF0
3FF8
181C
1FFC
1FF8
181C
3FFC
3FF8
0000
0000
ENDCHAR
STARTCHAR uni0433
ENCODING 1075
SWIDTH 1333 0
DWIDTH 16 0
BBX 16 12 0 -2
BITMAP
0000
0000
3FFC
3FFC
180C
1800
1800
1800
3C00
3C00
0000
0000
ENDCHAR
STARTCHAR uni0434
ENCODING 1076
SWIDTH 1333 0
DWIDTH 16 0
BBX 16 12 0 -2
BITMAP
0000
0000
0FF8
0FF8
0630
0630
0C30
0C30
3FFC
3FFC
300C
0000
ENDCHAR
STARTCHAR uni0435
ENCODING 1077
SWIDTH 1333 0
DWIDTH 16 0
BBX 16 12 0 -2
BITMAP
0000
0000
0FF0
1FF8
381C
3FFC
3FF8
3800
1FF8
0FF0
0000
0000
ENDCHAR
STARTCHAR uni0436
ENCODING 1078
SWIDTH 1333 0
DWIDTH 16 0
BBX 16 12 0 -2
BITMAP
0000
0000
318C
318C
399C
0FF0
0FF0
399C
318C
318C
0000
0000
ENDCHAR
STARTCHAR uni0437
ENCODING 1079
SWIDTH 1333 0
DWIDTH 16 0
BBX 16 12 0 -2
BITMAP
0000
0000
1FF0
1FF8
181C
01FC
01F8
181C
1FFC
0FF8
0000
0000
ENDCHAR
STARTCHAR uni0438
ENCODING 1080
SWIDTH 1333 0
DWIDTH 16 0
BBX 16 12 0 -2
BITMAP
0000
0000
3C3C
3C7C
18F8
19D8
1B98
1F18
3E3C
3C3C
0000
0000
ENDCHAR
STARTCHAR uni0439
ENCODING 1081
SWIDTH 1333 0
DWIDTH 16 0
BBX 16 12 0 -2
BITMAP
0660
03C0
3C3C
3C7C
18F8
19D8
1B98
1F18
3E3C
3C3C
0000
0000
ENDCHAR
STARTCHAR uni043A
ENCODING 1082
SWIDTH 1333 0
DWIDTH 16 0
BBX 16 12 0 -2
BITMAP
0000
0000
3838
3870
18E0
1FC0
1FE0
1870
3C38
3C1C
0000
0000
ENDCHAR
STARTCHAR uni043B
ENCODING 1083
SWIDTH 1333 0
DWIDTH 16 0
BBX 16 12 0 -2
BITMAP
0000
0000
07FC
07FC
0318
0318
0618
0E18
3C3C
383C
0000
0000
ENDCHAR
STARTCHAR uni043C
ENCODING 1084
SWIDTH 1333 0
DWIDTH 16 0
BBX 16 12 0 -2
BITMAP
0000
0000
300C
381C
3C3C
3E7C
37EC
33CC
318C
300C
0000
0000
ENDCHAR
STARTCHAR uni043D
ENCODING 1085
SWIDTH 1333 0
DWIDTH 16 0
BBX 16 12 0 -2
BITMAP
0000
0000
3018
3018
3018
3FF8
3FF8
3018
3018
3018
0000
0000
ENDCHAR
STARTCHAR uni043E
ENCODING 1086
SWIDTH 1333 0
DWIDTH 16 0
BBX 16 12 0 -2
BITMAP
0000
0000
0FF0
1FF8
381C
300C
300C
381C
1FF8
0FF0
0000
0000
ENDCHAR
STARTCHAR uni043F
ENCODING 1087
SWIDTH 1333 0
DWIDTH 16 0
BBX 16 12 0 -2
BITMAP
0000
0000
7FFE
7FFE
1818
1818
1818
1818
1818
1818
0000
0000
ENDCHAR
STARTCHAR uni0440
ENCODING 1088
SWIDTH 1333 0
DWIDTH 16 0
BBX 16 12 0 -2
BITMAP
0000
0000
33F0
3FFC
180C
180C
180C
1FF8
1BF0
3C00
3C00
0000
ENDCHAR
STARTCHAR uni0441
ENCODING 1089
SWIDTH 1333 0
DWIDTH 16 0
BBX 16 12 0 -2
BITMAP
0000
0000
0FF8
1FFC
380C
3000
3000
380C
1FFC
0FF8
0000
0000
ENDCHAR
STARTCHAR uni0442
ENCODING 1090
SWIDTH 1333 0
DWIDTH 16 0
BBX 16 12 0 -2
BITMAP
0000
0000
3FFC
3FFC
318C
0180
0180
0180
03C0
03C0
0000
0000
ENDCHAR
STARTCHAR uni0443
ENCODING 1091
SWIDTH 1333 0
DWIDTH 16 0
BBX 16 12 0 -2
BITMAP
0000
0000
300C
300C
300C
380C
3FFC
0FFC
000C
1FF8
0FF0
0000
ENDCHAR
STARTCHAR uni0444
ENCODING 1092
SWIDTH 1333 0
DWIDTH 16 0
BBX 16 12 0 -2
BITMAP
03C0
03C0
0180
1FF8
399C
318C
399C
1FF8
0180
03C0
03C0
0000
ENDCHAR
STARTCHAR uni0445
ENCODING 1093
SWIDTH 1333 0
DWIDTH 16 0
BBX 16 12 0 -2
BITMAP
0000
0000
3838
1C70
0EE0
07C0
07C0
0EE0
1C70
3838
0000
0000
ENDCHAR
STARTCHAR uni0446
ENCODING 1094
SWIDTH 1333 0
DWIDTH 16 0
BBX 16 12 0 -2
BITMAP
0000
0000
1818
1818
1818
1818
1818
1818
3FFE
3FFE
0006
0000
ENDCHAR
STARTCHAR uni0447
ENCODING 1095
SWIDTH 1333 0
DWIDTH 16 0
BBX 16 12 0 -2
BITMAP
0000
0000
300C
300C
300C
180C
1FFC
07EC
000C
000C
0000
0000
ENDCHAR
STARTCHAR uni0448
ENCODING 1096
SWIDTH 1333 0
DWIDTH 16 0
BBX 16 12 0 -2
BITMAP
0000
0000
318C
318C
318C
318C
318C
318C
3FFC
3FFC
0000
0000
ENDCHAR
STARTCHAR uni0449
ENCODING 1097
SWIDTH 1333 0
DWIDTH 16 0
BBX 16 12 0 -2
BITMAP
0000
0000
6318
6318
6318
6318
6318
6318
7FFE
7FFE
0006
0000
ENDCHAR
STARTCHAR uni044A
ENCODING 1098
SWIDTH 1333 0
DWIDTH 16 0
BBX 16 12 0 -2
BITMAP
0000
0000
3F00
3F00
3300
03F8
03FC
030C
07FC
07F8
0000
0000
ENDCHAR
STARTCHAR uni044B
ENCODING 1099
SWIDTH 1333 0
DWIDTH 16 0
BBX 16 12 0 -2
BITMAP
0000
0000
703C
703C
3018
3F18
3F98
3198
7FBC
7F3C
0000
0000
ENDCHAR
STARTCHAR uni044C
ENCODING 1100
SWIDTH 1333 0
DWIDTH 16 0
BBX 16 12 0 -2
BITMAP
0000
0000
1C00
1C00
0C00
0FF0
0FF8
0C18
1FF8
1FF0
0000
0000
ENDCHAR
STARTCHAR uni044D
ENCODING 1101
SWIDTH 1333 0
DWIDTH 16 0
BBX 16 12 0 -2
BITMAP
0000
0000
1FF0
3FF8
301C
03FC
03FC
301C
3FF8
1FF0
0000
0000
ENDCHAR
STARTCHAR uni044E
ENCODING 1102
SWIDTH 1333 0
DWIDTH 16 0
BBX 16 12 0 -2
BITMAP
0000
0000
38F8
39FC
198C
1F8C
1F8C
198C
39FC
38F8
0000
0000
ENDCHAR
STARTCHAR uni044F
ENCODING 1103
SWIDTH 1333 0
DWIDTH 16 0
BBX 16 12 0 -2
BITMAP
0000
0000
1FFC
3FFC
3818
1FF8
0FF8
0718
3E1C
381C
0000
0000
ENDCHAR
STARTCHAR uni0450
ENCODING 1104
SWIDTH 1333 0
DWIDTH 16 0
BBX 16 12 0 -2
BITMAP
0780
01E0
0FF0
1FF8
381C
3FFC
3FF8
3800
1FF8
0FF0
0000
0000
ENDCHAR
STARTCHAR uni0451
ENCODING 1105
SWIDTH 1333 0
DWIDTH 16 0
BBX 16 12 0 -2
BITMAP
0660
0660
0FF0
1FF8
381C
3FFC
3FF8
3800
1FF8
0FF0
0000
0000
ENDCHAR
STARTCHAR uni0452
ENCODING 1106
SWIDTH 1333 0
DWIDTH 16 0
BBX 16 12 0 -2
BITMAP
3800
7E00
1BE0
1FF8
1818
180C
180C
181C
3878
3870
0000
0000
ENDCHAR
STARTCHAR uni0453
ENCODING 1107
SWIDTH 1333 0
DWIDTH 16 0
BBX 16 12 0 -2
BITMAP
00F0
03C0
3FFC
3FFC
180C
1800
1800
1800
3C00
3C00
0000
0000
ENDCHAR
STARTCHAR uni0454
ENCODING 1108
SWIDTH 1333 0
DWIDTH 16 0
BBX 16 12 0 -2
BITMAP
0000
0000
0FF8
1FFC
380C
3FC0
3FC0
380C
1FFC
0FF8
0000
0000
ENDCHAR
STARTCHAR uni0455
ENCODING 1109
SWIDTH 1333 0
DWIDTH 16 0
BBX 16 12 0 -2
BITMAP
0000
0000
0FF8
1FFC
3000
3FF8
1FFC
000C
3FFC
1FF8
0000
0000
ENDCHAR
STARTCHAR uni0456
ENCODING 1110
SWIDTH 1333 0
DWIDTH 16 0
BBX 16 12 0 -2
BITMAP
0180
0180
0000
0780
0780
0180
0180
0180
0FF0
0FF0
0000
0000
ENDCHAR
STARTCHAR uni0457
ENCODING 1111
SWIDTH 1333 0
DWIDTH 16 0
BBX 16 12 0 -2
BITMAP
0C60
0C60
0000
0780
0780
0180
0180
0180
0FF0
0FF0
0000
0000
ENDCHAR
STARTCHAR uni0458
ENCODING 1112
SWIDTH 1333 0
DWIDTH 16 0
BBX 16 12 0 -2
BITMAP
0018
0018
0000
0078
0078
0018
0018
1818
1C38
0FF0
07E0
0000
ENDCHAR
STARTCHAR uni0459
ENCODING 1113
SWIDTH 1333 0
DWIDTH 16 0
BBX 16 12 0 -2
BITMAP
0000
0000
1FC0
1FC0
0CC0
0CFC
0CFE
18C6
78FE
70FC
0000
0000
ENDCHAR
STARTCHAR uni045A
ENCODING 1114
SWIDTH 1333 0
DWIDTH 16 0
BBX 16 12 0 -2
BITMAP
0000
0000
30C0
30C0
30C0
3FFC
3FFE
30C6
30FE
30FC
0000
0000
ENDCHAR
STARTCHAR uni045B
ENCODING 1115
SWIDTH 1333 0
DWIDTH 16 0
BBX 16 12 0 -2
BITMAP
3800
7E00
1BE0
1FF8
1818
180C
180C
180C
380C
380C
0000
0000
ENDCHAR
STARTCHAR uni045C
ENCODING 1116
SWIDTH 1333 0
DWIDTH 16 0
BBX 16 12 0 -2
BITMAP
01E0
0780
3838
3870
18E0
1FC0
1FE0
1870
3C38
3C1C
0000
0000
ENDCHAR
STARTCHAR uni045D
ENCODING 1117
SWIDTH 1333 0
DWIDTH 16 0
BBX 16 12 0 -2
BITMAP
0F00
03C0
3C3C
3C7C
18F8
19D8
1B98
1F18
3E3C
3C3C
0000
0000
ENDCHAR
STARTCHAR uni045E
ENCODING 1118
SWIDTH 1333 0
DWIDTH 16 0
BBX 16 12 0 -2
BITMAP
0660
03C0
300C
300C
300C
380C
3FFC
0FFC
000C
1FF8
0FF0
0000
ENDCHAR
STARTCHAR uni045F
ENCODING 1119
SWIDTH 1333 0
DWIDTH 16 0
BBX 16 12 0 -2
BITMAP
0000
0000
1818
1818
1818
1818
1818
1818
3FFC
3FFC
0180
0000
ENDCHAR
STARTCHAR uni0490
ENCODING 1168
SWIDTH 1333 0
DWIDTH 16 0
BBX 16 12 0 -2
BITMAP
0006
3FFE
1FFE
0C00
0C00
0C00
0C00
0C00
1E00
3F00
0000
0000
ENDCHAR
STARTCHAR uni0491
ENCODING 1169
SWIDTH 1333 0
DWIDTH 16 0
BBX 16 12 0 -2
BITMAP
0000
000C
3FFC
3FFC
1800
1800
1800
1800
3C00
3C00
0000
0000
ENDCHAR
STARTCHAR uni05BE
ENCODING 1470
SWIDTH 1333 0
DWIDTH 16 0
BBX 16 12 0 -2
BITMAP
0000
1FF8
1FF8
0000
0000
0000
0000
0000
0000
0000
0000
0000
ENDCHAR
STARTCHAR uni05D0
ENCODING 1488
SWIDTH 1333 0
DWIDTH 16 0
BBX 16 12 0 -2
BITMAP
0000
1C1C
1E1C
0F0C
078C
0FDC
1CF8
1870
1C38
1C1C
0000
0000
ENDCHAR
STARTCHAR uni05D1
ENCODING 1489
SWIDTH 1333 0
DWIDTH 16 0
BBX 16 12 0 -2
BITMAP
0000
3FC0
3FE0
0060
0030
0030
0030
0020
3FFC
3FFC
0000
0000
ENDCHAR
STARTCHAR uni05D2
ENCODING 1490
SWIDTH 1333 0
DWIDTH 16 0
BBX 16 12 0 -2
BITMAP
0000
0700
0780
01C0
00E0
0070
00F0
03B8
0F18
0E18
0000
0000
ENDCHAR
STARTCHAR uni05D3
ENCODING 1491
SWIDTH 1333 0
DWIDTH 16 0
BBX 16 12 0 -2
BITMAP
0000
3FFC
3FFC
0060
0060
0060
0060
0060
0060
0060
0000
0000
ENDCHAR
STARTCHAR uni05D4
ENCODING 1492
SWIDTH 1333 0
DWIDTH 16 0
BBX 16 12 0 -2
BITMAP
0000
1FF0
1FF8
001C
000C
000C
180C
180C
180C
180C
0000
0000
ENDCHAR
STARTCHAR uni05D5
ENCODING 1493
SWIDTH 1333 0
DWIDTH 16 0
BBX 16 12 0 -2
BITMAP
0000
0700
0780
01C0
00C0
00C0
00C0
00C0
00C0
00C0
0000
0000
ENDCHAR
STARTCHAR uni05D6
ENCODING 1494
SWIDTH 1333 0
DWIDTH 16 0
BBX 16 12 0 -2
BITMAP
0000
0FE0
0FF0
0180
0180
00C0
00C0
01C0
0380
0300
0000
0000
ENDCHAR
STARTCHAR uni05D7
ENCODING 1495
SWIDTH 1333 0
DWIDTH 16 0
BBX 16 12 0 -2
BITMAP
0000
1FF0
1FF8
181C
180C
180C
180C
180C
180C
180C
0000
0000
ENDCHAR
STARTCHAR uni05D8
ENCODING 1496
SWIDTH 1333 0
DWIDTH 16 0
BBX 16 12 0 -2
BITMAP
0000
1878
18FC
18DC
18CC
180C
180C
1818
1FF8
1FE0
0000
0000
ENDCHAR
STARTCHAR uni05D9
ENCODING 1497
SWIDTH 1333 0
DWIDTH 16 0
BBX 16 12 0 -2
BITMAP
0000
0780
07C0
01C0
00C0
01C0
0180
0000
0000
0000
0000
0000
ENDCHAR
STARTCHAR uni05DA
ENCODING 1498
SWIDTH 1333 0
DWIDTH 16 0
BBX 16 12 0 -2
BITMAP
0000
1F80
1FE0
0070
0030
0030
0030
0030
0030
0030
0038
0038
ENDCHAR
STARTCHAR uni05DB
ENCODING 1499
SWIDTH 1333 0
DWIDTH 16 0
BBX 16 12 0 -2
BITMAP
0000
1FE0
1FF0
0038
0018
0018
0018
0038
1FF0
1FE0
0000
0000
ENDCHAR
STARTCHAR uni05DC
ENCODING 1500
SWIDTH 1333 0
DWIDTH 16 0
BBX 16 12 0 -2
BITMAP
1C00
1FF8
1FFC
001C
000C
001C
0038
0070
01E0
01C0
0000
0000
ENDCHAR
STARTCHAR uni05DD
ENCODING 1501
SWIDTH 1333 0
DWIDTH 16 0
BBX 16 12 0 -2
BITMAP
0000
1FF0
1FF8
181C
180C
180C
180C
180C
1FFC
1FFC
0000
0000
ENDCHAR
STARTCHAR uni05DE
ENCODING 1502
SWIDTH 1333 0
DWIDTH 16 0
BBX 16 12 0 -2
BITMAP
0000
19F0
1BF8
1F1C
0E0C
0C0C
180C
180C
18FC
18FC
0000
0000
ENDCHAR
STARTCHAR uni05DF
ENCODING 1503
SWIDTH 1333 0
DWIDTH 16 0
BBX 16 12 0 -2
BITMAP
0000
0700
0780
01C0
00C0
00C0
00C0
00C0
00C0
00C0
00E0
00E0
ENDCHAR
STARTCHAR uni05E0
ENCODING 1504
SWIDTH 1333 0
DWIDTH 16 0
BBX 16 12 0 -2
BITMAP
0000
0380
03C0
00E0
0060
0060
0060
0060
0FE0
0FE0
0000
0000
ENDCHAR
STARTCHAR uni05E1
ENCODING 1505
SWIDTH 1333 0
DWIDTH 16 0
BBX 16 12 0 -2
BITMAP
0000
1FF0
1FF8
081C
180C
180C
180C
1C1C
0FF8
07F0
0000
0000
ENDCHAR
STARTCHAR uni05E2
ENCODING 1506
SWIDTH 1333 0
DWIDTH 16 0
BBX 16 12 0 -2
BITMAP
0000
0E1C
0E1C
060C
060C
060C
060C
061C
3FF8
3FF0
0000
0000
ENDCHAR
STARTCHAR uni05E3
ENCODING 1507
SWIDTH 1333 0
DWIDTH 16 0
BBX 16 12 0 -2
BITMAP
0000
1FE0
1FF0
1838
1818
1F18
1F18
0018
0018
0018
001C
001C
ENDCHAR
STARTCHAR uni05E4
ENCODING 1508
SWIDTH 1333 0
DWIDTH 16 0
BBX 16 12 0 -2
BITMAP
0000
1FF0
1FF8
181C
180C
1F0C
1F0C
000C
1FFC
1FFC
0000
0000
ENDCHAR
STARTCHAR uni05E5
ENCODING 1509
SWIDTH 1333 0
DWIDTH 16 0
BBX 16 12 0 -2
BITMAP
0000
3838
3838
1818
1C30
0C60
0EC0
0780
0700
0300
0380
0180
ENDCHAR
STARTCHAR uni05E6
ENCODING 1510
SWIDTH 1333 0
DWIDTH 16 0
BBX 16 12 0 -2
BITMAP
0000
1C3C
1E3C
071C
03B8
01F0
00E0
0070
1FF8
1FFC
0000
0000
ENDCHAR
STARTCHAR uni05E7
ENCODING 1511
SWIDTH 1333 0
DWIDTH 16 0
BBX 16 12 0 -2
BITMAP
0000
3FF8
3FFC
001C
000C
181C
1838
1870
19E0
19C0
1800
1800
ENDCHAR
STARTCHAR uni05E8
ENCODING 1512
SWIDTH 1333 0
DWIDTH 16 0
BBX 16 12 0 -2
BITMAP
0000
1FF0
1FF8
001C
000C
000C
000C
000C
000C
000C
0000
0000
ENDCHAR
STARTCHAR uni05E9
ENCODING 1513
SWIDTH 1333 0
DWIDTH 16 0
BBX 16 12 0 -2
BITMAP
0000
318C
318C
318C
338C
3F0C
3E0C
3018
3FF8
3FE0
0000
0000
ENDCHAR
STARTCHAR uni05EA
ENCODING 1514
SWIDTH 1333 0
DWIDTH 16 0
BBX 16 12 0 -2
BITMAP
0000
1FF0
1FF8
0C1C
0C0C
0C0C
0C0C
0C0C
3C0C
3C0C
0000
0000
ENDCHAR
STARTCHAR uni05F0
ENCODING 1520
SWIDTH 1333 0
DWIDTH 16 0
BBX 16 12 0 -2
BITMAP
0000
3870
3C78
0E1C
060C
060C
060C
060C
060C
060C
0000
0000
ENDCHAR
STARTCHAR uni05F1
ENCODING 1521
SWIDTH 1333 0
DWIDTH 16 0
BBX 16 12 0 -2
BITMAP
0000
3C70
3E78
0E1C
060C
0E0C
0C0C
000C
000C
000C
0000
0000
ENDCHAR
STARTCHAR uni05F2
ENCODING 1522
SWIDTH 1333 0
DWIDTH 16 0
BBX 16 12 0 -2
BITMAP
0000
3C78
3E7C
0E1C
060C
0E1C
0C18
0000
0000
0000
0000
0000
ENDCHAR
STARTCHAR uni05F3
ENCODING 1523
SWIDTH 1333 0
DWIDTH 16 0
BBX 16 12 0 -2
BITMAP
00E0
00E0
01C0
0180
0000
0000
0000
0000
0000
0000
0000
0000
ENDCHAR
STARTCHAR uni05F4
ENCODING 1524
SWIDTH 1333 0
DWIDTH 16 0
BBX 16 12 0 -2
BITMAP
0E38
0E38
1C70
1860
0000
0000
0000
0000
0000
0000
0000
0000
ENDCHAR
STARTCHAR uni1D1B
ENCODING 7451
SWIDTH 1333 0
DWIDTH 16 0
BBX 16 12 0 -2
BITMAP
0000
0000
0F30
3FF0
33C0
0300
0300
0300
0300
0300
0000
0000
ENDCHAR
STARTCHAR uni1D26
ENCODING 7462
SWIDTH 1333 0
DWIDTH 16 0
BBX 16 12 0 -2
BITMAP
3FFE
1FFE
0C06
0C02
0C00
0C00
0C00
0C00
1E00
3F00
0000
0000
ENDCHAR
STARTCHAR uni1D28
ENCODING 7464
SWIDTH 1333 0
DWIDTH 16 0
BBX 16 12 0 -2
BITMAP
0000
0000
7FFF
7FFF
180C
180C
180C
180C
180C
180C
0000
0000
ENDCHAR
STARTCHAR Wgrave
ENCODING 7808
SWIDTH 1333 0
DWIDTH 16 0
BBX 16 12 0 -2
BITMAP
3386
30E6
3006
3006
388E
39CE
1B6C
1E3C
1C1C
180C
0000
0000
ENDCHAR
STARTCHAR wgrave
ENCODING 7809
SWIDTH 1333 0
DWIDTH 16 0
BBX 16 12 0 -2
BITMAP
0F00
03C0
6006
6006
6006
6186
73CE
3FFC
1E78
0C30
0000
0000
ENDCHAR
STARTCHAR Wacute
ENCODING 7810
SWIDTH 1333 0
DWIDTH 16 0
BBX 16 12 0 -2
BITMAP
30E6
3386
3006
3006
388E
39CE
1B6C
1E3C
1C1C
180C
0000
0000
ENDCHAR
STARTCHAR wacute
ENCODING 7811
SWIDTH 1333 0
DWIDTH 16 0
BBX 16 12 0 -2
BITMAP
00F0
03C0
6006
6006
6006
6186
73CE
3FFC
1E78
0C30
0000
0000
ENDCHAR
STARTCHAR Wdieresis
ENCODING 7812
SWIDTH 1333 0
DWIDTH 16 0
BBX 16 12 0 -2
BITMAP
3636
3636
3006
3006
388E
39CE
1B6C
1E3C
1C1C
180C
0000
0000
ENDCHAR
STARTCHAR wdieresis
ENCODING 7813
SWIDTH 1333 0
DWIDTH 16 0
BBX 16 12 0 -2
BITMAP
0660
0660
6006
6006
6006
6186
73CE
3FFC
1E78
0C30
0000
0000
ENDCHAR
STARTCHAR uni1E9F
ENCODING 7839
SWIDTH 1333 0
DWIDTH 16 0
BBX 16 12 0 -2
BITMAP
00F8
01FC
00E4
07F0
0FF8
1C1C
180C
1C1C
0FF8
07F0
0000
0000
ENDCHAR
STARTCHAR Ygrave
ENCODING 7922
SWIDTH 1333 0
DWIDTH 16 0
BBX 16 12 0 -2
BITMAP
3730
33B0
3870
1CE0
0FC0
0780
0300
0300
0780
0FC0
0000
0000
ENDCHAR
STARTCHAR ygrave
ENCODING 7923
SWIDTH 1333 0
DWIDTH 16 0
BBX 16 12 0 -2
BITMAP
0F00
03C0
300C
300C
300C
380C
3FFC
0FFC
000C
1FF8
0FF0
0000
ENDCHAR
STARTCHAR uni2010
ENCODING 8208
SWIDTH 1333 0
DWIDTH 16 0
BBX 16 12 0 -2
BITMAP
0000
0000
0000
0000
0FF0
0FF0
0000
0000
0000
0000
0000
0000
ENDCHAR
STARTCHAR figuredash
ENCODING 8210
SWIDTH 1333 0
DWIDTH 16 0
BBX 16 12 0 -2
BITMAP
0000
0000
0000
0000
1FF8
1FF8
0000
0000
0000
0000
0000
0000
ENDCHAR
STARTCHAR endash
ENCODING 8211
SWIDTH 1333 0
DWIDTH 16 0
BBX 16 12 0 -2
BITMAP
0000
0000
0000
0000
1FF8
1FF8
0000
0000
0000
0000
0000
0000
ENDCHAR
STARTCHAR emdash
ENCODING 8212
SWIDTH 1333 0
DWIDTH 16 0
BBX 16 12 0 -2
BITMAP
0000
0000
0000
0000
3FFE
3FFE
0000
0000
0000
0000
0000
0000
ENDCHAR
STARTCHAR uni2015
ENCODING 8213
SWIDTH 1333 0
DWIDTH 16 0
BBX 16 12 0 -2
BITMAP
0000
0000
0000
0000
7FFE
7FFE
0000
0000
0000
0000
0000
0000
ENDCHAR
STARTCHAR underscoredbl
ENCODING 8215
SWIDTH 1333 0
DWIDTH 16 0
BBX 16 12 0 -2
BITMAP
0000
0000
0000
0000
0000
0000
0000
0000
0000
0000
FFFF
FFFF
ENDCHAR
STARTCHAR quoteleft
ENCODING 8216
SWIDTH 1333 0
DWIDTH 16 0
BBX 16 12 0 -2
BITMAP
00C0
0180
0300
03C0
03C0
0180
0000
0000
0000
0000
0000
0000
ENDCHAR
STARTCHAR quoteright
ENCODING 8217
SWIDTH 1333 0
DWIDTH 16 0
BBX 16 12 0 -2
BITMAP
0180
03C0
03C0
00C0
0180
0300
0000
0000
0000
0000
0000
0000
ENDCHAR
STARTCHAR quotesinglbase
ENCODING 8218
SWIDTH 1333 0
DWIDTH 16 0
BBX 16 12 0 -2
BITMAP
0000
0000
0000
0000
0000
0180
03C0
03C0
00C0
0180
0300
0000
ENDCHAR
STARTCHAR quotereversed
ENCODING 8219
SWIDTH 1333 0
DWIDTH 16 0
BBX 16 12 0 -2
BITMAP
0180
03C0
03C0
0300
0180
00C0
0000
0000
0000
0000
0000
0000
ENDCHAR
STARTCHAR quotedblleft
ENCODING 8220
SWIDTH 1333 0
DWIDTH 16 0
BBX 16 12 0 -2
BITMAP
0C18
1830
3060
3C78
3C78
1830
0000
0000
0000
0000
0000
0000
ENDCHAR
STARTCHAR quotedblright
ENCODING 8221
SWIDTH 1333 0
DWIDTH 16 0
BBX 16 12 0 -2
BITMAP
0C18
1E3C
1E3C
060C
0C18
1830
0000
0000
0000
0000
0000
0000
ENDCHAR
STARTCHAR quotedblbase
ENCODING 8222
SWIDTH 1333 0
DWIDTH 16 0
BBX 16 12 0 -2
BITMAP
0000
0000
0000
0000
0000
0C18
1E3C
1E3C
060C
0C18
1830
0000
ENDCHAR
STARTCHAR uni201F
ENCODING 8223
SWIDTH 1333 0
DWIDTH 16 0
BBX 16 12 0 -2
BITMAP
1830
3C78
3C78
3060
1830
0C18
0000
0000
0000
0000
0000
0000
ENDCHAR
STARTCHAR dagger
ENCODING 8224
SWIDTH 1333 0
DWIDTH 16 0
BBX 16 12 0 -2
BITMAP
07E0
03C0
0180
3FFC
3FFC
0180
0180
0180
0180
03C0
07E0
0000
ENDCHAR
STARTCHAR daggerdbl
ENCODING 8225
SWIDTH 1333 0
DWIDTH 16 0
BBX 16 12 0 -2
BITMAP
07E0
03C0
0180
3FFC
3FFC
0180
3FFC
3FFC
0180
03C0
07E0
0000
ENDCHAR
STARTCHAR bullet
ENCODING 8226
SWIDTH 1333 0
DWIDTH 16 0
BBX 16 12 0 -2
BITMAP
0000
0000
0000
03C0
07E0
07E0
07E0
07E0
03C0
0000
0000
0000
ENDCHAR
STARTCHAR ellipsis
ENCODING 8230
SWIDTH 1333 0
DWIDTH 16 0
BBX 16 12 0 -2
BITMAP
0000
0000
0000
0000
0000
0000
0000
318C
7BDE
318C
0000
0000
ENDCHAR
STARTCHAR uni2027
ENCODING 8231
SWIDTH 1333 0
DWIDTH 16 0
BBX 16 12 0 -2
BITMAP
0000
0000
0000
0000
0380
0380
0380
0000
0000
0000
0000
0000
ENDCHAR
STARTCHAR perthousand
ENCODING 8240
SWIDTH 1333 0
DWIDTH 16 0
BBX 16 12 0 -2
BITMAP
3C18
6630
6660
66C0
3D80
036C
06B6
0CB6
18B6
306C
0000
0000
ENDCHAR
STARTCHAR minute
ENCODING 8242
SWIDTH 1333 0
DWIDTH 16 0
BBX 16 12 0 -2
BITMAP
01C0
01C0
0180
0180
0100
0000
0000
0000
0000
0000
0000
0000
ENDCHAR
STARTCHAR second
ENCODING 8243
SWIDTH 1333 0
DWIDTH 16 0
BBX 16 12 0 -2
BITMAP
1C70
1C70
1860
1860
1040
0000
0000
0000
0000
0000
0000
0000
ENDCHAR
STARTCHAR uni2035
ENCODING 8245
SWIDTH 1333 0
DWIDTH 16 0
BBX 16 12 0 -2
BITMAP
0380
0380
0180
0180
0080
0000
0000
0000
0000
0000
0000
0000
ENDCHAR
STARTCHAR guilsinglleft
ENCODING 8249
SWIDTH 1333 0
DWIDTH 16 0
BBX 16 12 0 -2
BITMAP
0000
0060
00C0
0180
0300
0600
0300
0180
00C0
0060
0000
0000
ENDCHAR
STARTCHAR guilsinglright
ENCODING 8250
SWIDTH 1333 0
DWIDTH 16 0
BBX 16 12 0 -2
BITMAP
0000
0600
0300
0180
00C0
0060
00C0
0180
0300
0600
0000
0000
ENDCHAR
STARTCHAR exclamdbl
ENCODING 8252
SWIDTH 1333 0
DWIDTH 16 0
BBX 16 12 0 -2
BITMAP
0C18
1E3C
1E3C
1E3C
1E3C
0C18
0C18
0000
0C18
0C18
0000
0000
ENDCHAR
STARTCHAR uni203E
ENCODING 8254
SWIDTH 1333 0
DWIDTH 16 0
BBX 16 12 0 -2
BITMAP
FFFF
0000
0000
0000
0000
0000
0000
0000
0000
0000
0000
0000
ENDCHAR
STARTCHAR uni203F
ENCODING 8255
SWIDTH 1333 0
DWIDTH 16 0
BBX 16 12 0 -2
BITMAP
0000
0000
0000
0000
0000
0000
0000
0000
0000
381C
1FF8
0000
ENDCHAR
STARTCHAR uni2040
ENCODING 8256
SWIDTH 1333 0
DWIDTH 16 0
BBX 16 12 0 -2
BITMAP
1FF8
381C
0000
0000
0000
0000
0000
0000
0000
0000
0000
0000
ENDCHAR
STARTCHAR fraction
ENCODING 8260
SWIDTH 1333 0
DWIDTH 16 0
BBX 16 12 0 -2
BITMAP
0018
0038
0070
00E0
01C0
0380
0700
0E00
1C00
3800
3000
0000
ENDCHAR
STARTCHAR uni2054
ENCODING 8276
SWIDTH 1333 0
DWIDTH 16 0
BBX 16 12 0 -2
BITMAP
0000
0000
0000
0000
0000
0000
0000
0000
0000
1FF8
381C
0000
ENDCHAR
STARTCHAR uni2074
ENCODING 8308
SWIDTH 1333 0
DWIDTH 16 0
BBX 16 12 0 -2
BITMAP
0380
0780
0D80
1980
1FC0
0180
0000
0000
0000
0000
0000
0000
ENDCHAR
STARTCHAR uni2075
ENCODING 8309
SWIDTH 1333 0
DWIDTH 16 0
BBX 16 12 0 -2
BITMAP
0FC0
0C00
0F80
00C0
0CC0
0780
0000
0000
0000
0000
0000
0000
ENDCHAR
STARTCHAR uni2076
ENCODING 8310
SWIDTH 1333 0
DWIDTH 16 0
BBX 16 12 0 -2
BITMAP
0780
0C00
0F80
0CC0
0CC0
0780
0000
0000
0000
0000
0000
0000
ENDCHAR
STARTCHAR uni2077
ENCODING 8311
SWIDTH 1333 0
DWIDTH 16 0
BBX 16 12 0 -2
BITMAP
0FC0
08C0
0180
0180
0300
0300
0000
0000
0000
0000
0000
0000
ENDCHAR
STARTCHAR uni2078
ENCODING 8312
SWIDTH 1333 0
DWIDTH 16 0
BBX 16 12 0 -2
BITMAP
0780
0CC0
0780
0CC0
0CC0
0780
0000
0000
0000
0000
0000
0000
ENDCHAR
STARTCHAR uni2079
ENCODING 8313
SWIDTH 1333 0
DWIDTH 16 0
BBX 16 12 0 -2
BITMAP
0780
0CC0
0CC0
07C0
00C0
0780
0000
0000
0000
0000
0000
0000
ENDCHAR
STARTCHAR uni207A
ENCODING 8314
SWIDTH 1333 0
DWIDTH 16 0
BBX 16 12 0 -2
BITMAP
0300
0300
1FE0
1FE0
0300
0300
0000
0000
0000
0000
0000
0000
ENDCHAR
STARTCHAR uni207B
ENCODING 8315
SWIDTH 1333 0
DWIDTH 16 0
BBX 16 12 0 -2
BITMAP
0000
0000
0FE0
0FE0
0000
0000
0000
0000
0000
0000
0000
0000
ENDCHAR
STARTCHAR uni207F
ENCODING 8319
SWIDTH 1333 0
DWIDTH 16 0
BBX 16 12 0 -2
BITMAP
1BC0
0EE0
0C60
0C60
0C60
0C60
0000
0000
0000
0000
0000
0000
ENDCHAR
STARTCHAR uni2081
ENCODING 8321
SWIDTH 1333 0
DWIDTH 16 0
BBX 16 12 0 -2
BITMAP
0000
0000
0000
0000
0000
0700
0F00
0300
0300
0300
0FC0
0000
ENDCHAR
STARTCHAR uni2082
ENCODING 8322
SWIDTH 1333 0
DWIDTH 16 0
BBX 16 12 0 -2
BITMAP
0000
0000
0000
0000
0000
0780
0CC0
0180
0700
0E40
0FC0
0000
ENDCHAR
STARTCHAR uni2083
ENCODING 8323
SWIDTH 1333 0
DWIDTH 16 0
BBX 16 12 0 -2
BITMAP
0000
0000
0000
0000
0000
0780
09C0
0380
00C0
09C0
0780
0000
ENDCHAR
STARTCHAR uni2084
ENCODING 8324
SWIDTH 1333 0
DWIDTH 16 0
BBX 16 12 0 -2
BITMAP
0000
0000
0000
0000
0000
0380
0780
0D80
1980
1FC0
0180
0000
ENDCHAR
STARTCHAR uni2085
ENCODING 8325
SWIDTH 1333 0
DWIDTH 16 0
BBX 16 12 0 -2
BITMAP
0000
0000
0000
0000
0000
0FC0
0C00
0F80
00C0
0CC0
0780
0000
ENDCHAR
STARTCHAR uni2086
ENCODING 8326
SWIDTH 1333 0
DWIDTH 16 0
BBX 16 12 0 -2
BITMAP
0000
0000
0000
0000
0000
0780
0C00
0F80
0CC0
0CC0
0780
0000
ENDCHAR
STARTCHAR uni2087
ENCODING 8327
SWIDTH 1333 0
DWIDTH 16 0
BBX 16 12 0 -2
BITMAP
0000
0000
0000
0000
0000
0FC0
08C0
0180
0180
0300
0300
0000
ENDCHAR
STARTCHAR uni2088
ENCODING 8328
SWIDTH 1333 0
DWIDTH 16 0
BBX 16 12 0 -2
BITMAP
0000
0000
0000
0000
0000
0780
0CC0
0780
0CC0
0CC0
0780
0000
ENDCHAR
STARTCHAR uni2089
ENCODING 8329
SWIDTH 1333 0
DWIDTH 16 0
BBX 16 12 0 -2
BITMAP
0000
0000
0000
0000
0000
0780
0CC0
0CC0
07C0
00C0
0780
0000
ENDCHAR
STARTCHAR uni208A
ENCODING 8330
SWIDTH 1333 0
DWIDTH 16 0
BBX 16 12 0 -2
BITMAP
0000
0000
0000
0000
0000
0300
0300
1FE0
1FE0
0300
0300
0000
ENDCHAR
STARTCHAR uni208B
ENCODING 8331
SWIDTH 1333 0
DWIDTH 16 0
BBX 16 12 0 -2
BITMAP
0000
0000
0000
0000
0000
0000
0000
0FE0
0FE0
0000
0000
0000
ENDCHAR
STARTCHAR franc
ENCODING 8355
SWIDTH 1333 0
DWIDTH 16 0
BBX 16 12 0 -2
BITMAP
3FFC
1FFC
0C0C
0FE4
0FE0
0C20
3F00
0C00
1E00
3F00
0000
0000
ENDCHAR
STARTCHAR lira
ENCODING 8356
SWIDTH 1333 0
DWIDTH 16 0
BBX 16 12 0 -2
BITMAP
03F0
07F8
0E1C
0C0C
3F8C
0C00
3F80
0C00
3C0E
3FFC
3FF8
0000
ENDCHAR
STARTCHAR peseta
ENCODING 8359
SWIDTH 1333 0
DWIDTH 16 0
BBX 16 12 0 -2
BITMAP
7FC0
3FE0
3060
3060
3FE8
3FD8
303E
303E
3018
781D
000E
0000
ENDCHAR
STARTCHAR uni20AA
ENCODING 8362
SWIDTH 1333 0
DWIDTH 16 0
BBX 16 12 0 -2
BITMAP
0000
1FD8
3FD8
30D8
36D8
36D8
36D8
3618
37F8
37F0
0000
0000
ENDCHAR
STARTCHAR Euro
ENCODING 8364
SWIDTH 1333 0
DWIDTH 16 0
BBX 16 12 0 -2
BITMAP
07F0
0FF8
1C1C
7F80
1800
7F00
1800
1C1C
0FF8
07F0
0000
0000
ENDCHAR
STARTCHAR uni2105
ENCODING 8453
SWIDTH 1333 0
DWIDTH 16 0
BBX 16 12 0 -2
BITMAP
1C0C
3218
3030
3260
1CC0
01BC
0366
0666
0C66
183C
0000
0000
ENDCHAR
STARTCHAR uni2113
ENCODING 8467
SWIDTH 1333 0
DWIDTH 16 0
BBX 16 12 0 -2
BITMAP
00E0
01F0
03B0
0330
0360
03E0
03C0
0F00
3DF0
30F8
0000
0000
ENDCHAR
STARTCHAR uni2116
ENCODING 8470
SWIDTH 1333 0
DWIDTH 16 0
BBX 16 12 0 -2
BITMAP
38DC
38F6
3CF6
3CF6
36DC
36C0
33FE
33C0
31C0
31C0
0000
0000
ENDCHAR
STARTCHAR trademark
ENCODING 8482
SWIDTH 1333 0
DWIDTH 16 0
BBX 16 12 0 -2
BITMAP
7EC6
18EE
18FE
18D6
18C6
0000
0000
0000
0000
0000
0000
0000
ENDCHAR
STARTCHAR Omega
ENCODING 8486
SWIDTH 1333 0
DWIDTH 16 0
BBX 16 12 0 -2
BITMAP
0FF8
1FFC
380E
3006
3006
3006
180C
0C18
1E3C
3E3E
0000
0000
ENDCHAR
STARTCHAR estimated
ENCODING 8494
SWIDTH 1333 0
DWIDTH 16 0
BBX 16 12 0 -2
BITMAP
0000
0000
0FF0
1FF8
381C
3FFC
3FF8
3800
1FF8
0FF0
0000
0000
ENDCHAR
STARTCHAR uni2150
ENCODING 8528
SWIDTH 1333 0
DWIDTH 16 0
BBX 16 12 0 -2
BITMAP
0C0C
3C18
0C30
0C60
3EC0
01BE
0326
060C
0C18
1818
0000
0000
ENDCHAR
STARTCHAR uni2151
ENCODING 8529
SWIDTH 1333 0
DWIDTH 16 0
BBX 16 12 0 -2
BITMAP
0C0C
3C18
0C30
0C60
3EDC
01B6
0336
061E
0C06
181C
0000
0000
ENDCHAR
STARTCHAR onethird
ENCODING 8531
SWIDTH 1333 0
DWIDTH 16 0
BBX 16 12 0 -2
BITMAP
0C0C
3C18
0C30
0C60
3EDC
01A6
030C
0606
0C26
181C
0000
0000
ENDCHAR
STARTCHAR twothirds
ENCODING 8532
SWIDTH 1333 0
DWIDTH 16 0
BBX 16 12 0 -2
BITMAP
1C0C
2618
0C30
3060
3EDC
01A6
030C
0606
0C26
181C
0000
0000
ENDCHAR
STARTCHAR uni2155
ENCODING 8533
SWIDTH 1333 0
DWIDTH 16 0
BBX 16 12 0 -2
BITMAP
0C0C
3C18
0C30
0C60
3EDE
01B0
033C
0606
0C36
181C
0000
0000
ENDCHAR
STARTCHAR uni2156
ENCODING 8534
SWIDTH 1333 0
DWIDTH 16 0
BBX 16 12 0 -2
BITMAP
1C0C
2618
0C30
3060
3EDE
01B0
033C
0606
0C36
181C
0000
0000
ENDCHAR
STARTCHAR uni2157
ENCODING 8535
SWIDTH 1333 0
DWIDTH 16 0
BBX 16 12 0 -2
BITMAP
1C0C
2618
0C30
2660
1CDE
01B0
033C
0606
0C36
181C
0000
0000
ENDCHAR
STARTCHAR uni2158
ENCODING 8536
SWIDTH 1333 0
DWIDTH 16 0
BBX 16 12 0 -2
BITMAP
0E0C
1618
2630
3F60
06DE
01B0
033C
0606
0C36
181C
0000
0000
ENDCHAR
STARTCHAR uni2159
ENCODING 8537
SWIDTH 1333 0
DWIDTH 16 0
BBX 16 12 0 -2
BITMAP
0C0C
3C18
0C30
0C60
3EDC
01B0
033C
0636
0C36
181C
0000
0000
ENDCHAR
STARTCHAR uni215A
ENCODING 8538
SWIDTH 1333 0
DWIDTH 16 0
BBX 16 12 0 -2
BITMAP
3E0C
3018
3C30
0660
3CDC
01B0
033C
0636
0C36
181C
0000
0000
ENDCHAR
STARTCHAR oneeighth
ENCODING 8539
SWIDTH 1333 0
DWIDTH 16 0
BBX 16 12 0 -2
BITMAP
0C0C
3C18
0C30
0C60
3EDC
01B6
031C
0636
0C36
181C
0000
0000
ENDCHAR
STARTCHAR threeeighths
ENCODING 8540
SWIDTH 1333 0
DWIDTH 16 0
BBX 16 12 0 -2
BITMAP
1C0C
2618
0C30
2660
1CDC
01B6
031C
0636
0C36
181C
0000
0000
ENDCHAR
STARTCHAR fiveeighths
ENCODING 8541
SWIDTH 1333 0
DWIDTH 16 0
BBX 16 12 0 -2
BITMAP
3E0C
3018
3C30
0660
3CDC
01B6
031C
0636
0C36
181C
0000
0000
ENDCHAR
STARTCHAR seveneighths
ENCODING 8542
SWIDTH 1333 0
DWIDTH 16 0
BBX 16 12 0 -2
BITMAP
3F0C
2318
0630
0C60
0CDC
01B6
031C
0636
0C36
181C
0000
0000
ENDCHAR
STARTCHAR arrowleft
ENCODING 8592
SWIDTH 1333 0
DWIDTH 16 0
BBX 16 12 0 -2
BITMAP
0400
0C00
1C00
3C00
7FFF
FFFF
7FFF
3C00
1C00
0C00
0400
0000
ENDCHAR
STARTCHAR arrowup
ENCODING 8593
SWIDTH 1333 0
DWIDTH 16 0
BBX 16 12 0 -2
BITMAP
0100
0380
07C0
0FE0
1FF0
3FF8
0380
0380
0380
0380
0380
0380
ENDCHAR
STARTCHAR arrowright
ENCODING 8594
SWIDTH 1333 0
DWIDTH 16 0
BBX 16 12 0 -2
BITMAP
0020
0030
0038
003C
FFFE
FFFF
FFFE
003C
0038
0030
0020
0000
ENDCHAR
STARTCHAR arrowdown
ENCODING 8595
SWIDTH 1333 0
DWIDTH 16 0
BBX 16 12 0 -2
BITMAP
0380
0380
0380
0380
0380
0380
3FF8
1FF0
0FE0
07C0
0380
0100
ENDCHAR
STARTCHAR arrowboth
ENCODING 8596
SWIDTH 1333 0
DWIDTH 16 0
BBX 16 12 0 -2
BITMAP
0000
0000
1008
300C
700E
FFFF
FFFF
700E
300C
1008
0000
0000
ENDCHAR
STARTCHAR arrowupdn
ENCODING 8597
SWIDTH 1333 0
DWIDTH 16 0
BBX 16 12 0 -2
BITMAP
0180
03C0
07E0
0FF0
0180
0180
0180
0FF0
07E0
03C0
0180
0000
ENDCHAR
STARTCHAR arrowupdnbse
ENCODING 8616
SWIDTH 1333 0
DWIDTH 16 0
BBX 16 12 0 -2
BITMAP
0180
03C0
07E0
0FF0
0180
0180
0180
0FF0
07E0
03C0
0180
0FF0
ENDCHAR
STARTCHAR partialdiff
ENCODING 8706
SWIDTH 1333 0
DWIDTH 16 0
BBX 16 12 0 -2
BITMAP
03E0
07F0
0038
03F8
0FF8
1C18
1818
1C30
0FF0
07C0
0000
0000
ENDCHAR
STARTCHAR emptyset
ENCODING 8709
SWIDTH 1333 0
DWIDTH 16 0
BBX 16 12 0 -2
BITMAP
0000
0030
0060
1FF8
38DC
318C
318C
3B1C
1FF8
0600
0C00
0000
ENDCHAR
STARTCHAR Delta
ENCODING 8710
SWIDTH 1333 0
DWIDTH 16 0
BBX 16 12 0 -2
BITMAP
0180
03C0
07E0
0E70
1C38
381C
300C
300C
3FFC
3FFC
0000
0000
ENDCHAR
STARTCHAR element
ENCODING 8712
SWIDTH 1333 0
DWIDTH 16 0
BBX 16 12 0 -2
BITMAP
03E0
0FE0
0E00
1C00
1FE0
1FE0
1C00
0E00
0FE0
03E0
0000
0000
ENDCHAR
STARTCHAR product
ENCODING 8719
SWIDTH 1333 0
DWIDTH 16 0
BBX 16 12 0 -2
BITMAP
7FFF
3FFE
180C
180C
180C
180C
180C
180C
180C
3C1E
7E3F
0000
ENDCHAR
STARTCHAR summation
ENCODING 8721
SWIDTH 1333 0
DWIDTH 16 0
BBX 16 12 0 -2
BITMAP
3FFC
1FFC
0C0C
0604
0300
0600
0C04
180C
3FFC
3FFC
0000
0000
ENDCHAR
STARTCHAR minus
ENCODING 8722
SWIDTH 1333 0
DWIDTH 16 0
BBX 16 12 0 -2
BITMAP
0000
0000
0000
0000
1FF8
1FF8
0000
0000
0000
0000
0000
0000
ENDCHAR
STARTCHAR uni2215
ENCODING 8725
SWIDTH 1333 0
DWIDTH 16 0
BBX 16 12 0 -2
BITMAP
0018
0038
0070
00E0
01C0
0380
0700
0E00
1C00
3800
3000
0000
ENDCHAR
STARTCHAR uni2219
ENCODING 8729
SWIDTH 1333 0
DWIDTH 16 0
BBX 16 12 0 -2
BITMAP
0000
0000
0000
0000
0380
0380
0380
0000
0000
0000
0000
0000
ENDCHAR
STARTCHAR radical
ENCODING 8730
SWIDTH 1333 0
DWIDTH 16 0
BBX 16 12 0 -2
BITMAP
007F
007F
0060
0060
0060
0060
1C60
0660
0360
01E0
00E0
0060
ENDCHAR
STARTCHAR infinity
ENCODING 8734
SWIDTH 1333 0
DWIDTH 16 0
BBX 16 12 0 -2
BITMAP
0000
0000
1F3C
3FFE
71E6
60C2
60C2
71E6
3FFE
1F3C
0000
0000
ENDCHAR
STARTCHAR orthogonal
ENCODING 8735
SWIDTH 1333 0
DWIDTH 16 0
BBX 16 12 0 -2
BITMAP
0000
0E00
0E00
0E00
0FFF
0FFF
0FFF
0000
0000
0000
0000
0000
ENDCHAR
STARTCHAR intersection
ENCODING 8745
SWIDTH 1333 0
DWIDTH 16 0
BBX 16 12 0 -2
BITMAP
0FF0
1FF8
1818
300C
300C
300C
300C
300C
300C
300C
0000
0000
ENDCHAR
STARTCHAR integral
ENCODING 8747
SWIDTH 1333 0
DWIDTH 16 0
BBX 16 12 0 -2
BITMAP
00F8
01CC
018C
0180
0180
0180
0180
0180
3180
3380
1F00
0000
ENDCHAR
STARTCHAR approxequal
ENCODING 8776
SWIDTH 1333 0
DWIDTH 16 0
BBX 16 12 0 -2
BITMAP
0000
0700
1FCC
18FC
0030
0700
1FCC
18FC
0030
0000
0000
0000
ENDCHAR
STARTCHAR notequal
ENCODING 8800
SWIDTH 1333 0
DWIDTH 16 0
BBX 16 12 0 -2
BITMAP
000C
0018
1FFC
1FFC
00C0
0180
1FFC
1FFC
0C00
1800
0000
0000
ENDCHAR
STARTCHAR equivalence
ENCODING 8801
SWIDTH 1333 0
DWIDTH 16 0
BBX 16 12 0 -2
BITMAP
0000
3FFC
3FFC
0000
3FFC
3FFC
0000
3FFC
3FFC
0000
0000
0000
ENDCHAR
STARTCHAR lessequal
ENCODING 8804
SWIDTH 1333 0
DWIDTH 16 0
BBX 16 12 0 -2
BITMAP
0060
00C0
0180
0300
0600
0300
0180
00C0
0060
0FF0
0FF0
0000
ENDCHAR
STARTCHAR greaterequal
ENCODING 8805
SWIDTH 1333 0
DWIDTH 16 0
BBX 16 12 0 -2
BITMAP
0600
0300
0180
00C0
0060
00C0
0180
0300
0600
0FF0
0FF0
0000
ENDCHAR
STARTCHAR uni2299
ENCODING 8857
SWIDTH 1333 0
DWIDTH 16 0
BBX 16 12 0 -2
BITMAP
0FF0
1FF8
381C
300C
318C
318C
300C
381C
1FF8
0FF0
0000
0000
ENDCHAR
STARTCHAR uni2300
ENCODING 8960
SWIDTH 1333 0
DWIDTH 16 0
BBX 16 12 0 -2
BITMAP
0FF0
1FF8
387C
30CC
318C
330C
360C
3C1C
1FF8
0FF0
0000
0000
ENDCHAR
STARTCHAR house
ENCODING 8962
SWIDTH 1333 0
DWIDTH 16 0
BBX 16 12 0 -2
BITMAP
0180
03C0
0660
0C30
1818
300C
300C
300C
300C
3FFC
3FFC
0000
ENDCHAR
STARTCHAR revlogicalnot
ENCODING 8976
SWIDTH 1333 0
DWIDTH 16 0
BBX 16 12 0 -2
BITMAP
0000
0000
0000
0000
0FFF
0FFF
0FFF
0E00
0E00
0E00
0000
0000
ENDCHAR
STARTCHAR integraltp
ENCODING 8992
SWIDTH 1333 0
DWIDTH 16 0
BBX 16 12 0 -2
BITMAP
0000
0000
01F8
038C
030C
0300
0300
0300
0300
0300
0300
0300
ENDCHAR
STARTCHAR integralbt
ENCODING 8993
SWIDTH 1333 0
DWIDTH 16 0
BBX 16 12 0 -2
BITMAP
0300
0300
0300
0300
0300
0300
0300
0300
3300
3700
1E00
0000
ENDCHAR
STARTCHAR SF100000
ENCODING 9472
SWIDTH 1333 0
DWIDTH 16 0
BBX 16 12 0 -2
BITMAP
0000
0000
0000
0000
FFFF
FFFF
FFFF
0000
0000
0000
0000
0000
ENDCHAR
STARTCHAR SF110000
ENCODING 9474
SWIDTH 1333 0
DWIDTH 16 0
BBX 16 12 0 -2
BITMAP
0380
0380
0380
0380
0380
0380
0380
0380
0380
0380
0380
0380
ENDCHAR
STARTCHAR SF010000
ENCODING 9484
SWIDTH 1333 0
DWIDTH 16 0
BBX 16 12 0 -2
BITMAP
0000
0000
0000
0000
03FF
03FF
03FF
0380
0380
0380
0380
0380
ENDCHAR
STARTCHAR SF030000
ENCODING 9488
SWIDTH 1333 0
DWIDTH 16 0
BBX 16 12 0 -2
BITMAP
0000
0000
0000
0000
FF80
FF80
FF80
0380
0380
0380
0380
0380
ENDCHAR
STARTCHAR SF020000
ENCODING 9492
SWIDTH 1333 0
DWIDTH 16 0
BBX 16 12 0 -2
BITMAP
0380
0380
0380
0380
03FF
03FF
03FF
0000
0000
0000
0000
0000
ENDCHAR
STARTCHAR SF040000
ENCODING 9496
SWIDTH 1333 0
DWIDTH 16 0
BBX 16 12 0 -2
BITMAP
0380
0380
0380
0380
FF80
FF80
FF80
0000
0000
0000
0000
0000
ENDCHAR
STARTCHAR SF080000
ENCODING 9500
SWIDTH 1333 0
DWIDTH 16 0
BBX 16 12 0 -2
BITMAP
0380
0380
0380
0380
03FF
03FF
03FF
0380
0380
0380
0380
0380
ENDCHAR
STARTCHAR SF090000
ENCODING 9508
SWIDTH 1333 0
DWIDTH 16 0
BBX 16 12 0 -2
BITMAP
0380
0380
0380
0380
FF80
FF80
FF80
0380
0380
0380
0380
0380
ENDCHAR
STARTCHAR SF060000
ENCODING 9516
SWIDTH 1333 0
DWIDTH 16 0
BBX 16 12 0 -2
BITMAP
0000
0000
0000
0000
FFFF
FFFF
FFFF
0380
0380
0380
0380
0380
ENDCHAR
STARTCHAR SF070000
ENCODING 9524
SWIDTH 1333 0
DWIDTH 16 0
BBX 16 12 0 -2
BITMAP
0380
0380
0380
0380
FFFF
FFFF
FFFF
0000
0000
0000
0000
0000
ENDCHAR
STARTCHAR SF050000
ENCODING 9532
SWIDTH 1333 0
DWIDTH 16 0
BBX 16 12 0 -2
BITMAP
0380
0380
0380
0380
FFFF
FFFF
FFFF
0380
0380
0380
0380
0380
ENDCHAR
STARTCHAR SF430000
ENCODING 9552
SWIDTH 1333 0
DWIDTH 16 0
BBX 16 12 0 -2
BITMAP
0000
FFFF
FFFF
FFFF
0000
0000
0000
FFFF
FFFF
FFFF
0000
0000
ENDCHAR
STARTCHAR SF240000
ENCODING 9553
SWIDTH 1333 0
DWIDTH 16 0
BBX 16 12 0 -2
BITMAP
1C70
1C70
1C70
1C70
1C70
1C70
1C70
1C70
1C70
1C70
1C70
1C70
ENDCHAR
STARTCHAR SF510000
ENCODING 9554
SWIDTH 1333 0
DWIDTH 16 0
BBX 16 12 0 -2
BITMAP
0000
03FF
03FF
03FF
0380
0380
0380
03FF
03FF
03FF
0380
0380
ENDCHAR
STARTCHAR SF520000
ENCODING 9555
SWIDTH 1333 0
DWIDTH 16 0
BBX 16 12 0 -2
BITMAP
0000
0000
0000
0000
1FFF
1FFF
1FFF
1C70
1C70
1C70
1C70
1C70
ENDCHAR
STARTCHAR SF390000
ENCODING 9556
SWIDTH 1333 0
DWIDTH 16 0
BBX 16 12 0 -2
BITMAP
0000
1FFF
1FFF
1FFF
1C00
1C00
1C00
1C7F
1C7F
1C7F
1C70
1C70
ENDCHAR
STARTCHAR SF220000
ENCODING 9557
SWIDTH 1333 0
DWIDTH 16 0
BBX 16 12 0 -2
BITMAP
0000
FF80
FF80
FF80
0380
0380
0380
FF80
FF80
FF80
0380
0380
ENDCHAR
STARTCHAR SF210000
ENCODING 9558
SWIDTH 1333 0
DWIDTH 16 0
BBX 16 12 0 -2
BITMAP
0000
0000
0000
0000
FFF0
FFF0
FFF0
1C70
1C70
1C70
1C70
1C70
ENDCHAR
STARTCHAR SF250000
ENCODING 9559
SWIDTH 1333 0
DWIDTH 16 0
BBX 16 12 0 -2
BITMAP
0000
FFF0
FFF0
FFF0
0070
0070
0070
FC70
FC70
FC70
1C70
1C70
ENDCHAR
STARTCHAR SF500000
ENCODING 9560
SWIDTH 1333 0
DWIDTH 16 0
BBX 16 12 0 -2
BITMAP
0380
03FF
03FF
03FF
0380
0380
0380
03FF
03FF
03FF
0000
0000
ENDCHAR
STARTCHAR SF490000
ENCODING 9561
SWIDTH 1333 0
DWIDTH 16 0
BBX 16 12 0 -2
BITMAP
1C70
1C70
1C70
1C70
1FFF
1FFF
1FFF
0000
0000
0000
0000
0000
ENDCHAR
STARTCHAR SF380000
ENCODING 9562
SWIDTH 1333 0
DWIDTH 16 0
BBX 16 12 0 -2
BITMAP
1C70
1C7F
1C7F
1C7F
1C00
1C00
1C00
1FFF
1FFF
1FFF
0000
0000
ENDCHAR
STARTCHAR SF280000
ENCODING 9563
SWIDTH 1333 0
DWIDTH 16 0
BBX 16 12 0 -2
BITMAP
0380
FF80
FF80
FF80
0380
0380
0380
FF80
FF80
FF80
0000
0000
ENDCHAR
STARTCHAR SF270000
ENCODING 9564
SWIDTH 1333 0
DWIDTH 16 0
BBX 16 12 0 -2
BITMAP
1C70
1C70
1C70
1C70
FFF0
FFF0
FFF0
0000
0000
0000
0000
0000
ENDCHAR
STARTCHAR SF260000
ENCODING 9565
SWIDTH 1333 0
DWIDTH 16 0
BBX 16 12 0 -2
BITMAP
1C70
FC70
FC70
FC70
0070
0070
0070
FFF0
FFF0
FFF0
0000
0000
ENDCHAR
STARTCHAR SF360000
ENCODING 9566
SWIDTH 1333 0
DWIDTH 16 0
BBX 16 12 0 -2
BITMAP
0380
03FF
03FF
03FF
0380
0380
0380
03FF
03FF
03FF
0380
0380
ENDCHAR
STARTCHAR SF370000
ENCODING 9567
SWIDTH 1333 0
DWIDTH 16 0
BBX 16 12 0 -2
BITMAP
1C70
1C70
1C70
1C70
1C7F
1C7F
1C7F
1C70
1C70
1C70
1C70
1C70
ENDCHAR
STARTCHAR SF420000
ENCODING 9568
SWIDTH 1333 0
DWIDTH 16 0
BBX 16 12 0 -2
BITMAP
1C70
1C7F
1C7F
1C7F
1C00
1C00
1C00
1C7F
1C7F
1C7F
1C70
1C70
ENDCHAR
STARTCHAR SF190000
ENCODING 9569
SWIDTH 1333 0
DWIDTH 16 0
BBX 16 12 0 -2
BITMAP
0380
FF80
FF80
FF80
0380
0380
0380
FF80
FF80
FF80
0380
0380
ENDCHAR
STARTCHAR SF200000
ENCODING 9570
SWIDTH 1333 0
DWIDTH 16 0
BBX 16 12 0 -2
BITMAP
1C70
1C70
1C70
1C70
FC70
FC70
FC70
1C70
1C70
1C70
1C70
1C70
ENDCHAR
STARTCHAR SF230000
ENCODING 9571
SWIDTH 1333 0
DWIDTH 16 0
BBX 16 12 0 -2
BITMAP
1C70
FC70
FC70
FC70
0070
0070
0070
FC70
FC70
FC70
1C70
1C70
ENDCHAR
STARTCHAR SF470000
ENCODING 9572
SWIDTH 1333 0
DWIDTH 16 0
BBX 16 12 0 -2
BITMAP
0000
FFFF
FFFF
FFFF
0000
0000
0000
FFFF
FFFF
FFFF
0380
0380
ENDCHAR
STARTCHAR SF480000
ENCODING 9573
SWIDTH 1333 0
DWIDTH 16 0
BBX 16 12 0 -2
BITMAP
0000
0000
0000
0000
FFFF
FFFF
FFFF
1C70
1C70
1C70
1C70
1C70
ENDCHAR
STARTCHAR SF410000
ENCODING 9574
SWIDTH 1333 0
DWIDTH 16 0
BBX 16 12 0 -2
BITMAP
0000
FFFF
FFFF
FFFF
0000
0000
0000
FC7F
FC7F
FC7F
1C70
1C70
ENDCHAR
STARTCHAR SF450000
ENCODING 9575
SWIDTH 1333 0
DWIDTH 16 0
BBX 16 12 0 -2
BITMAP
0380
FFFF
FFFF
FFFF
0000
0000
0000
FFFF
FFFF
FFFF
0000
0000
ENDCHAR
STARTCHAR SF460000
ENCODING 9576
SWIDTH 1333 0
DWIDTH 16 0
BBX 16 12 0 -2
BITMAP
1C70
1C70
1C70
1C70
FFFF
FFFF
FFFF
0000
0000
0000
0000
0000
ENDCHAR
STARTCHAR SF400000
ENCODING 9577
SWIDTH 1333 0
DWIDTH 16 0
BBX 16 12 0 -2
BITMAP
1C70
FC7F
FC7F
FC7F
0000
0000
0000
FFFF
FFFF
FFFF
0000
0000
ENDCHAR
STARTCHAR SF540000
ENCODING 9578
SWIDTH 1333 0
DWIDTH 16 0
BBX 16 12 0 -2
BITMAP
0380
FFFF
FFFF
FFFF
0380
0380
0380
FFFF
FFFF
FFFF
0380
0380
ENDCHAR
STARTCHAR SF530000
ENCODING 9579
SWIDTH 1333 0
DWIDTH 16 0
BBX 16 12 0 -2
BITMAP
1C70
1C70
1C70
1C70
FFFF
FFFF
FFFF
1C70
1C70
1C70
1C70
1C70
ENDCHAR
STARTCHAR SF440000
ENCODING 9580
SWIDTH 1333 0
DWIDTH 16 0
BBX 16 12 0 -2
BITMAP
1C70
FC7F
FC7F
FC7F
0000
0000
0000
FC7F
FC7F
FC7F
1C70
1C70
ENDCHAR
STARTCHAR upblock
ENCODING 9600
SWIDTH 1333 0
DWIDTH 16 0
BBX 16 12 0 -2
BITMAP
FFFF
FFFF
FFFF
FFFF
FFFF
FFFF
0000
0000
0000
0000
0000
0000
ENDCHAR
STARTCHAR uni2581
ENCODING 9601
SWIDTH 1333 0
DWIDTH 16 0
BBX 16 12 0 -2
BITMAP
0000
0000
0000
0000
0000
0000
0000
0000
0000
0000
FFFF
FFFF
ENDCHAR
STARTCHAR dnblock
ENCODING 9604
SWIDTH 1333 0
DWIDTH 16 0
BBX 16 12 0 -2
BITMAP
0000
0000
0000
0000
0000
0000
FFFF
FFFF
FFFF
FFFF
FFFF
FFFF
ENDCHAR
STARTCHAR block
ENCODING 9608
SWIDTH 1333 0
DWIDTH 16 0
BBX 16 12 0 -2
BITMAP
FFFF
FFFF
FFFF
FFFF
FFFF
FFFF
FFFF
FFFF
FFFF
FFFF
FFFF
FFFF
ENDCHAR
STARTCHAR lfblock
ENCODING 9612
SWIDTH 1333 0
DWIDTH 16 0
BBX 16 12 0 -2
BITMAP
FF00
FF00
FF00
FF00
FF00
FF00
FF00
FF00
FF00
FF00
FF00
FF00
ENDCHAR
STARTCHAR rtblock
ENCODING 9616
SWIDTH 1333 0
DWIDTH 16 0
BBX 16 12 0 -2
BITMAP
00FF
00FF
00FF
00FF
00FF
00FF
00FF
00FF
00FF
00FF
00FF
00FF
ENDCHAR
STARTCHAR ltshade
ENCODING 9617
SWIDTH 1333 0
DWIDTH 16 0
BBX 16 12 0 -2
BITMAP
8888
0000
2222
0000
8888
0000
2222
0000
8888
0000
2222
0000
ENDCHAR
STARTCHAR shade
ENCODING 9618
SWIDTH 1333 0
DWIDTH 16 0
BBX 16 12 0 -2
BITMAP
AAAA
5555
AAAA
5555
AAAA
5555
AAAA
5555
AAAA
5555
AAAA
5555
ENDCHAR
STARTCHAR dkshade
ENCODING 9619
SWIDTH 1333 0
DWIDTH 16 0
BBX 16 12 0 -2
BITMAP
7777
FFFF
DDDD
FFFF
7777
FFFF
DDDD
FFFF
7777
FFFF
DDDD
FFFF
ENDCHAR
STARTCHAR filledbox
ENCODING 9632
SWIDTH 1333 0
DWIDTH 16 0
BBX 16 12 0 -2
BITMAP
0000
0000
1FF8
1FF8
1FF8
1FF8
1FF8
1FF8
1FF8
1FF8
1FF8
0000
ENDCHAR
STARTCHAR H22073
ENCODING 9633
SWIDTH 1333 0
DWIDTH 16 0
BBX 16 12 0 -2
BITMAP
0000
0000
1FF8
1FF8
1818
1818
1818
1818
1818
1FF8
1FF8
0000
ENDCHAR
STARTCHAR H18543
ENCODING 9642
SWIDTH 1333 0
DWIDTH 16 0
BBX 16 12 0 -2
BITMAP
0000
0000
0000
0FF0
0FF0
0FF0
0FF0
0FF0
0FF0
0000
0000
0000
ENDCHAR
STARTCHAR H18551
ENCODING 9643
SWIDTH 1333 0
DWIDTH 16 0
BBX 16 12 0 -2
BITMAP
0000
0000
0000
0FF0
0C30
0C30
0C30
0C30
0FF0
0000
0000
0000
ENDCHAR
STARTCHAR filledrect
ENCODING 9644
SWIDTH 1333 0
DWIDTH 16 0
BBX 16 12 0 -2
BITMAP
0000
0000
0000
0000
0000
0000
0000
0000
0000
FFFF
FFFF
FFFF
ENDCHAR
STARTCHAR triagup
ENCODING 9650
SWIDTH 1333 0
DWIDTH 16 0
BBX 16 12 0 -2
BITMAP
0000
0100
0380
0380
07C0
07C0
0FE0
0FE0
1FF0
1FF0
0000
0000
ENDCHAR
STARTCHAR triagrt
ENCODING 9658
SWIDTH 1333 0
DWIDTH 16 0
BBX 16 12 0 -2
BITMAP
6000
7800
7F00
7FE0
7FFC
7FFC
7FE0
7F00
7800
6000
0000
0000
ENDCHAR
STARTCHAR triagdn
ENCODING 9660
SWIDTH 1333 0
DWIDTH 16 0
BBX 16 12 0 -2
BITMAP
0000
1FF0
1FF0
0FE0
0FE0
07C0
07C0
0380
0380
0100
0000
0000
ENDCHAR
STARTCHAR triaglf
ENCODING 9668
SWIDTH 1333 0
DWIDTH 16 0
BBX 16 12 0 -2
BITMAP
000C
003C
01FC
0FFC
7FFC
7FFC
0FFC
01FC
003C
000C
0000
0000
ENDCHAR
STARTCHAR lozenge
ENCODING 9674
SWIDTH 1333 0
DWIDTH 16 0
BBX 16 12 0 -2
BITMAP
0080
01C0
0360
0630
0C18
180C
0C18
0630
0360
01C0
0080
0000
ENDCHAR
STARTCHAR circle
ENCODING 9675
SWIDTH 1333 0
DWIDTH 16 0
BBX 16 12 0 -2
BITMAP
0000
03C0
0FF0
0C30
1818
1818
1818
1818
0C30
0FF0
03C0
0000
ENDCHAR
STARTCHAR H18533
ENCODING 9679
SWIDTH 1333 0
DWIDTH 16 0
BBX 16 12 0 -2
BITMAP
0000
03C0
0FF0
0FF0
1FF8
1FF8
1FF8
1FF8
0FF0
0FF0
03C0
0000
ENDCHAR
STARTCHAR invbullet
ENCODING 9688
SWIDTH 1333 0
DWIDTH 16 0
BBX 16 12 0 -2
BITMAP
FFFF
FFFF
FFFF
FC3F
F81F
F81F
F81F
F81F
FC3F
FFFF
FFFF
FFFF
ENDCHAR
STARTCHAR invcircle
ENCODING 9689
SWIDTH 1333 0
DWIDTH 16 0
BBX 16 12 0 -2
BITMAP
FFFF
FC3F
F00F
F3CF
E7E7
E7E7
E7E7
E7E7
F3CF
F00F
FC3F
FFFF
ENDCHAR
STARTCHAR openbullet
ENCODING 9702
SWIDTH 1333 0
DWIDTH 16 0
BBX 16 12 0 -2
BITMAP
0000
0000
0000
03C0
0660
0660
0660
0660
03C0
0000
0000
0000
ENDCHAR
STARTCHAR smileface
ENCODING 9786
SWIDTH 1333 0
DWIDTH 16 0
BBX 16 12 0 -2
BITMAP
07F8
0FFC
1806
3333
3003
3213
361B
11E3
1866
0FFC
07F8
0000
ENDCHAR
STARTCHAR invsmileface
ENCODING 9787
SWIDTH 1333 0
DWIDTH 16 0
BBX 16 12 0 -2
BITMAP
07F8
0FFC
1FFE
3CCF
3FFF
3DEF
39E7
3E1F
1F9E
0FFC
07F8
0000
ENDCHAR
STARTCHAR sun
ENCODING 9788
SWIDTH 1333 0
DWIDTH 16 0
BBX 16 12 0 -2
BITMAP
00C0
18C6
0CCC
0738
0210
3C0F
3C0F
0210
0738
0CCC
18C6
00C0
ENDCHAR
STARTCHAR female
ENCODING 9792
SWIDTH 1333 0
DWIDTH 16 0
BBX 16 12 0 -2
BITMAP
07E0
0FF0
1C38
1818
1818
1C38
0FF0
07E0
0180
07E0
07E0
0180
ENDCHAR
STARTCHAR male
ENCODING 9794
SWIDTH 1333 0
DWIDTH 16 0
BBX 16 12 0 -2
BITMAP
00FC
003C
0074
00E4
0FC0
1FE0
3870
3030
3870
1FE0
0FC0
0000
ENDCHAR
STARTCHAR spade
ENCODING 9824
SWIDTH 1333 0
DWIDTH 16 0
BBX 16 12 0 -2
BITMAP
00C0
01E0
07F8
0FFC
1FFE
1FFE
1FFE
1F3E
0FFC
00C0
03F0
0000
ENDCHAR
STARTCHAR club
ENCODING 9827
SWIDTH 1333 0
DWIDTH 16 0
BBX 16 12 0 -2
BITMAP
03C0
07E0
03C0
3BDC
7DBE
7FFE
7DBE
399C
03C0
0FF0
0FF0
0000
ENDCHAR
STARTCHAR heart
ENCODING 9829
SWIDTH 1333 0
DWIDTH 16 0
BBX 16 12 0 -2
BITMAP
0E38
1F7C
3FFE
3FFE
3FFE
3FFE
1FFC
0FF8
03E0
01C0
0080
0000
ENDCHAR
STARTCHAR diamond
ENCODING 9830
SWIDTH 1333 0
DWIDTH 16 0
BBX 16 12 0 -2
BITMAP
0080
01C0
03E0
07F0
0FF8
1FFC
0FF8
07F0
03E0
01C0
0080
0000
ENDCHAR
STARTCHAR musicalnote
ENCODING 9834
SWIDTH 1333 0
DWIDTH 16 0
BBX 16 12 0 -2
BITMAP
00C0
00E0
00F0
00D8
00CC
00CC
00C0
03C0
07C0
07C0
0380
0000
ENDCHAR
STARTCHAR musicalnotedbl
ENCODING 9835
SWIDTH 1333 0
DWIDTH 16 0
BBX 16 12 0 -2
BITMAP
0780
0678
0618
0798
0678
0618
0618
1E18
3E78
3EF8
1CF8
0070
ENDCHAR
STARTCHAR uni2713
ENCODING 10003
SWIDTH 1333 0
DWIDTH 16 0
BBX 16 12 0 -2
BITMAP
0030
0030
0070
0060
0060
18E0
1CC0
0EC0
07C0
0380
0180
0000
ENDCHAR
STARTCHAR uni3044
ENCODING 12356
SWIDTH 1333 0
DWIDTH 16 0
BBX 16 12 0 -2
BITMAP
0000
0000
0000
0000
0000
0000
0000
0000
0000
0000
0000
0000
ENDCHAR
STARTCHAR uni3046
ENCODING 12358
SWIDTH 1333 0
DWIDTH 16 0
BBX 16 12 0 -2
BITMAP
0000
0000
0000
0000
0000
0000
0000
0000
0000
0000
0000
0000
ENDCHAR
STARTCHAR uni304B
ENCODING 12363
SWIDTH 1333 0
DWIDTH 16 0
BBX 16 12 0 -2
BITMAP
0000
0000
0000
0000
0000
0000
0000
0000
0000
0000
0000
0000
ENDCHAR
STARTCHAR uni3057
ENCODING 12375
SWIDTH 1333 0
DWIDTH 16 0
BBX 16 12 0 -2
BITMAP
0000
0000
0000
0000
0000
0000
0000
0000
0000
0000
0000
0000
ENDCHAR
STARTCHAR uni306E
ENCODING 12398
SWIDTH 1333 0
DWIDTH 16 0
BBX 16 12 0 -2
BITMAP
0000
0000
0000
0000
0000
0000
0000
0000
0000
0000
0000
0000
ENDCHAR
STARTCHAR uni3093
ENCODING 12435
SWIDTH 1333 0
DWIDTH 16 0
BBX 16 12 0 -2
BITMAP
0000
0000
0000
0000
0000
0000
0000
0000
0000
0000
0000
0000
ENDCHAR
STARTCHAR uniFB01
ENCODING 64257
SWIDTH 1333 0
DWIDTH 16 0
BBX 16 12 0 -2
BITMAP
07F8
0FF8
0C00
3F3C
3F3C
0C0C
0C0C
0C0C
3F3E
3F3E
0000
0000
ENDCHAR
STARTCHAR uniFB02
ENCODING 64258
SWIDTH 1333 0
DWIDTH 16 0
BBX 16 12 0 -2
BITMAP
07F8
0FF8
0C18
3F18
3F18
0C18
0C18
0C18
3F3E
3F3E
0000
0000
ENDCHAR
STARTCHAR uniFFFD
ENCODING 65533
SWIDTH 1333 0
DWIDTH 16 0
BBX 16 12 0 -2
BITMAP
F00F
E007
C7E3
CFE3
FF87
FE3F
FC7F
FFFF
FC7F
FC7F
FFFF
FFFF
ENDCHAR
STARTCHAR .notdef
ENCODING -1
SWIDTH 1333 0
DWIDTH 16 0
BBX 16 12 0 -2
BITMAP
F00F
E007
C7E3
CFE3
FF87
FE3F
FC7F
FFFF
FC7F
FC7F
FFFF
FFFF
ENDCHAR
ENDFONT
