STARTFONT 2.1
FONT x14y24pxHeadUpDaisy-24px
SIZE 24 75 75
FONTBOUNDINGBOX 14 24 0 -4
STARTPROPERTIES 3
PIXEL_SIZE 24
FONT_ASCENT 20
FONT_DESCENT 4
ENDPROPERTIES
CHARS 1100
STARTCHAR uni0020
ENCODING 32
SWIDTH 583 0
DWIDTH 14 0
BBX 14 24 0 -4
BITMAP
0000
0000
0000
0000
0000
0000
0000
0000
0000
0000
0000
0000
0000
0000
0000
0000
0000
0000
0000
0000
0000
0000
0000
0000
ENDCHAR
STARTCHAR uni0021
ENCODING 33
SWIDTH 583 0
DWIDTH 14 0
BBX 14 24 0 -4
BITMAP
0000
0000
0000
0000
0300
0300
0300
0300
0300
0300
0300
0300
0300
0300
0300
0300
0000
0000
0300
0300
0000
0000
0000
0000
ENDCHAR
STARTCHAR uni0022
ENCODING 34
SWIDTH 583 0
DWIDTH 14 0
BBX 14 24 0 -4
BITMAP
0000
0000
0000
0000
0CC0
0CC0
0CC0
0CC0
0CC0
0000
0000
0000
0000
0000
0000
0000
0000
0000
0000
0000
0000
0000
0000
0000
ENDCHAR
STARTCHAR uni0023
ENCODING 35
SWIDTH 583 0
DWIDTH 14 0
BBX 14 24 0 -4
BITMAP
0000
0000
0000
0000
0C30
0C30
0C30
0C30
3FF8
3FF8
1860
1860
1860
1860
7FF0
7FF0
30C0
30C0
30C0
30C0
0000
0000
0000
0000
ENDCHAR
STARTCHAR uni0024
ENCODING 36
SWIDTH 583 0
DWIDTH 14 0
BBX 14 24 0 -4
BITMAP
0000
0000
0000
0000
0300
0300
1FE0
3FF0
3330
3300
3300
3FE0
1FF0
0330
0330
3330
3FF0
1FE0
0300
0300
0000
0000
0000
0000
ENDCHAR
STARTCHAR uni0025
ENCODING 37
SWIDTH 583 0
DWIDTH 14 0
BBX 14 24 0 -4
BITMAP
0000
0000
0000
0000
0000
0000
0000
0000
3830
7C30
6C70
6CE0
7DC0
3B80
0770
0EF8
1CD8
38D8
30F8
3070
0000
0000
0000
0000
ENDCHAR
STARTCHAR uni0026
ENCODING 38
SWIDTH 583 0
DWIDTH 14 0
BBX 14 24 0 -4
BITMAP
0000
0000
0000
0000
0000
0000
0780
0FC0
0CC0
0CC0
0FC0
0780
0F18
1FB8
39F0
30E0
30E0
39F0
1FB8
0F18
0000
0000
0000
0000
ENDCHAR
STARTCHAR uni0027
ENCODING 39
SWIDTH 583 0
DWIDTH 14 0
BBX 14 24 0 -4
BITMAP
0000
0000
0000
0000
0300
0300
0300
0300
0300
0000
0000
0000
0000
0000
0000
0000
0000
0000
0000
0000
0000
0000
0000
0000
ENDCHAR
STARTCHAR uni0028
ENCODING 40
SWIDTH 583 0
DWIDTH 14 0
BBX 14 24 0 -4
BITMAP
0000
0000
0070
00F0
01C0
0380
0300
0300
0300
0300
0300
0300
0300
0300
0300
0300
0300
0300
0380
01C0
00F0
0070
0000
0000
ENDCHAR
STARTCHAR uni0029
ENCODING 41
SWIDTH 583 0
DWIDTH 14 0
BBX 14 24 0 -4
BITMAP
0000
0000
3800
3C00
0E00
0700
0300
0300
0300
0300
0300
0300
0300
0300
0300
0300
0300
0300
0700
0E00
3C00
3800
0000
0000
ENDCHAR
STARTCHAR uni002A
ENCODING 42
SWIDTH 583 0
DWIDTH 14 0
BBX 14 24 0 -4
BITMAP
0000
0000
0000
0000
0000
0300
0300
3330
3B70
1FE0
0FC0
0780
0780
0FC0
1FE0
3B70
3330
0300
0300
0000
0000
0000
0000
0000
ENDCHAR
STARTCHAR uni002B
ENCODING 43
SWIDTH 583 0
DWIDTH 14 0
BBX 14 24 0 -4
BITMAP
0000
0000
0000
0000
0000
0000
0000
0300
0300
0300
0300
3FF0
3FF0
0300
0300
0300
0300
0000
0000
0000
0000
0000
0000
0000
ENDCHAR
STARTCHAR uni002C
ENCODING 44
SWIDTH 583 0
DWIDTH 14 0
BBX 14 24 0 -4
BITMAP
0000
0000
0000
0000
0000
0000
0000
0000
0000
0000
0000
0000
0000
0000
0000
0000
0000
0E00
0E00
0E00
0600
0E00
0C00
0000
ENDCHAR
STARTCHAR uni002D
ENCODING 45
SWIDTH 583 0
DWIDTH 14 0
BBX 14 24 0 -4
BITMAP
0000
0000
0000
0000
0000
0000
0000
0000
0000
0000
0000
3FF0
3FF0
0000
0000
0000
0000
0000
0000
0000
0000
0000
0000
0000
ENDCHAR
STARTCHAR uni002E
ENCODING 46
SWIDTH 583 0
DWIDTH 14 0
BBX 14 24 0 -4
BITMAP
0000
0000
0000
0000
0000
0000
0000
0000
0000
0000
0000
0000
0000
0000
0000
0000
0000
0E00
0E00
0E00
0000
0000
0000
0000
ENDCHAR
STARTCHAR uni002F
ENCODING 47
SWIDTH 583 0
DWIDTH 14 0
BBX 14 24 0 -4
BITMAP
0000
0000
0030
0030
0070
0060
00E0
00C0
01C0
0180
0380
0300
0700
0600
0E00
0C00
1C00
1800
3800
3000
3000
0000
0000
0000
ENDCHAR
STARTCHAR uni0030
ENCODING 48
SWIDTH 583 0
DWIDTH 14 0
BBX 14 24 0 -4
BITMAP
0000
0000
0000
0000
0FC0
1FE0
3870
3030
3070
30F0
31F0
33B0
3730
3E30
3C30
3830
3030
3870
1FE0
0FC0
0000
0000
0000
0000
ENDCHAR
STARTCHAR uni0031
ENCODING 49
SWIDTH 583 0
DWIDTH 14 0
BBX 14 24 0 -4
BITMAP
0000
0000
0000
0000
0300
0700
0F00
0F00
0300
0300
0300
0300
0300
0300
0300
0300
0300
0300
0FC0
0FC0
0000
0000
0000
0000
ENDCHAR
STARTCHAR uni0032
ENCODING 50
SWIDTH 583 0
DWIDTH 14 0
BBX 14 24 0 -4
BITMAP
0000
0000
0000
0000
0FC0
1FE0
3870
3030
3030
0030
0070
00E0
01C0
0380
0700
0E00
1C00
3800
3FF0
3FF0
0000
0000
0000
0000
ENDCHAR
STARTCHAR uni0033
ENCODING 51
SWIDTH 583 0
DWIDTH 14 0
BBX 14 24 0 -4
BITMAP
0000
0000
0000
0000
3FF0
3FF0
0070
00E0
01C0
0380
0380
01C0
00E0
0070
0030
3030
3030
3870
1FE0
0FC0
0000
0000
0000
0000
ENDCHAR
STARTCHAR uni0034
ENCODING 52
SWIDTH 583 0
DWIDTH 14 0
BBX 14 24 0 -4
BITMAP
0000
0000
0000
0000
0060
00E0
01E0
03E0
0760
0E60
1C60
3860
3060
3060
3FF0
3FF0
0060
0060
0060
0060
0000
0000
0000
0000
ENDCHAR
STARTCHAR uni0035
ENCODING 53
SWIDTH 583 0
DWIDTH 14 0
BBX 14 24 0 -4
BITMAP
0000
0000
0000
0000
3FF0
3FF0
3000
3000
3000
3000
3FC0
3FE0
0070
0030
0030
0030
3030
3870
1FE0
0FC0
0000
0000
0000
0000
ENDCHAR
STARTCHAR uni0036
ENCODING 54
SWIDTH 583 0
DWIDTH 14 0
BBX 14 24 0 -4
BITMAP
0000
0000
0000
0000
0FC0
1FE0
3870
3030
3000
3000
3FC0
3FE0
3870
3030
3030
3030
3030
3870
1FE0
0FC0
0000
0000
0000
0000
ENDCHAR
STARTCHAR uni0037
ENCODING 55
SWIDTH 583 0
DWIDTH 14 0
BBX 14 24 0 -4
BITMAP
0000
0000
0000
0000
3FF0
3FF0
0030
0030
0030
0070
00E0
01C0
0380
0300
0300
0300
0300
0300
0300
0300
0000
0000
0000
0000
ENDCHAR
STARTCHAR uni0038
ENCODING 56
SWIDTH 583 0
DWIDTH 14 0
BBX 14 24 0 -4
BITMAP
0000
0000
0000
0000
0FC0
1FE0
3870
3030
3030
3030
3870
1FE0
1FE0
3870
3030
3030
3030
3870
1FE0
0FC0
0000
0000
0000
0000
ENDCHAR
STARTCHAR uni0039
ENCODING 57
SWIDTH 583 0
DWIDTH 14 0
BBX 14 24 0 -4
BITMAP
0000
0000
0000
0000
0FC0
1FE0
3870
3030
3030
3030
3030
3870
1FF0
0FF0
0030
0030
3030
3870
1FE0
0FC0
0000
0000
0000
0000
ENDCHAR
STARTCHAR uni003A
ENCODING 58
SWIDTH 583 0
DWIDTH 14 0
BBX 14 24 0 -4
BITMAP
0000
0000
0000
0000
0000
0000
0000
0380
0380
0380
0000
0000
0000
0000
0380
0380
0380
0000
0000
0000
0000
0000
0000
0000
ENDCHAR
STARTCHAR uni003B
ENCODING 59
SWIDTH 583 0
DWIDTH 14 0
BBX 14 24 0 -4
BITMAP
0000
0000
0000
0000
0000
0000
0000
0380
0380
0380
0000
0000
0000
0000
0380
0380
0380
0180
0380
0300
0000
0000
0000
0000
ENDCHAR
STARTCHAR uni003C
ENCODING 60
SWIDTH 583 0
DWIDTH 14 0
BBX 14 24 0 -4
BITMAP
0000
0000
0018
0038
0070
00E0
01C0
0380
0700
0E00
1C00
3800
3800
1C00
0E00
0700
0380
01C0
00E0
0070
0038
0018
0000
0000
ENDCHAR
STARTCHAR uni003D
ENCODING 61
SWIDTH 583 0
DWIDTH 14 0
BBX 14 24 0 -4
BITMAP
0000
0000
0000
0000
0000
0000
0000
0000
3FF0
3FF0
0000
0000
0000
0000
3FF0
3FF0
0000
0000
0000
0000
0000
0000
0000
0000
ENDCHAR
STARTCHAR uni003E
ENCODING 62
SWIDTH 583 0
DWIDTH 14 0
BBX 14 24 0 -4
BITMAP
0000
0000
6000
7000
3800
1C00
0E00
0700
0380
01C0
00E0
0070
0070
00E0
01C0
0380
0700
0E00
1C00
3800
7000
6000
0000
0000
ENDCHAR
STARTCHAR uni003F
ENCODING 63
SWIDTH 583 0
DWIDTH 14 0
BBX 14 24 0 -4
BITMAP
0000
0000
0000
0000
0FC0
1FE0
3870
3030
0030
0030
0070
00E0
01C0
0380
0300
0300
0000
0000
0300
0300
0000
0000
0000
0000
ENDCHAR
STARTCHAR uni0040
ENCODING 64
SWIDTH 583 0
DWIDTH 14 0
BBX 14 24 0 -4
BITMAP
0000
0000
0000
0000
1FE0
3FF0
7038
6018
6F98
6FD8
60D8
67D8
6FD8
6CF8
6FF0
67E0
6018
7038
3FF0
1FE0
0000
0000
0000
0000
ENDCHAR
STARTCHAR uni0041
ENCODING 65
SWIDTH 583 0
DWIDTH 14 0
BBX 14 24 0 -4
BITMAP
0000
0000
0000
0000
0300
0780
0FC0
1CE0
3870
3030
3030
3030
3030
3FF0
3FF0
3030
3030
3030
3030
3030
0000
0000
0000
0000
ENDCHAR
STARTCHAR uni0042
ENCODING 66
SWIDTH 583 0
DWIDTH 14 0
BBX 14 24 0 -4
BITMAP
0000
0000
0000
0000
3FC0
3FE0
3070
3030
3030
3030
3070
3FE0
3FE0
3070
3030
3030
3030
3070
3FE0
3FC0
0000
0000
0000
0000
ENDCHAR
STARTCHAR uni0043
ENCODING 67
SWIDTH 583 0
DWIDTH 14 0
BBX 14 24 0 -4
BITMAP
0000
0000
0000
0000
0FC0
1FE0
3870
3030
3030
3000
3000
3000
3000
3000
3000
3030
3030
3870
1FE0
0FC0
0000
0000
0000
0000
ENDCHAR
STARTCHAR uni0044
ENCODING 68
SWIDTH 583 0
DWIDTH 14 0
BBX 14 24 0 -4
BITMAP
0000
0000
0000
0000
3F80
3FC0
30E0
3070
3030
3030
3030
3030
3030
3030
3030
3030
3070
30E0
3FC0
3F80
0000
0000
0000
0000
ENDCHAR
STARTCHAR uni0045
ENCODING 69
SWIDTH 583 0
DWIDTH 14 0
BBX 14 24 0 -4
BITMAP
0000
0000
0000
0000
3FF0
3FF0
3000
3000
3000
3000
3000
3FC0
3FC0
3000
3000
3000
3000
3000
3FF0
3FF0
0000
0000
0000
0000
ENDCHAR
STARTCHAR uni0046
ENCODING 70
SWIDTH 583 0
DWIDTH 14 0
BBX 14 24 0 -4
BITMAP
0000
0000
0000
0000
3FF0
3FF0
3000
3000
3000
3000
3000
3FC0
3FC0
3000
3000
3000
3000
3000
3000
3000
0000
0000
0000
0000
ENDCHAR
STARTCHAR uni0047
ENCODING 71
SWIDTH 583 0
DWIDTH 14 0
BBX 14 24 0 -4
BITMAP
0000
0000
0000
0000
0FF0
1FF0
3800
3000
3000
3000
3000
31F0
31F0
3030
3030
3030
3030
3830
1FF0
0FF0
0000
0000
0000
0000
ENDCHAR
STARTCHAR uni0048
ENCODING 72
SWIDTH 583 0
DWIDTH 14 0
BBX 14 24 0 -4
BITMAP
0000
0000
0000
0000
3030
3030
3030
3030
3030
3030
3030
3FF0
3FF0
3030
3030
3030
3030
3030
3030
3030
0000
0000
0000
0000
ENDCHAR
STARTCHAR uni0049
ENCODING 73
SWIDTH 583 0
DWIDTH 14 0
BBX 14 24 0 -4
BITMAP
0000
0000
0000
0000
1FE0
1FE0
0300
0300
0300
0300
0300
0300
0300
0300
0300
0300
0300
0300
1FE0
1FE0
0000
0000
0000
0000
ENDCHAR
STARTCHAR uni004A
ENCODING 74
SWIDTH 583 0
DWIDTH 14 0
BBX 14 24 0 -4
BITMAP
0000
0000
0000
0000
0030
0030
0030
0030
0030
0030
0030
0030
0030
0030
3030
3030
3030
3870
1FE0
0FC0
0000
0000
0000
0000
ENDCHAR
STARTCHAR uni004B
ENCODING 75
SWIDTH 583 0
DWIDTH 14 0
BBX 14 24 0 -4
BITMAP
0000
0000
0000
0000
3030
3070
30E0
31C0
3380
3700
3E00
3C00
3C00
3E00
3700
3380
31C0
30E0
3070
3030
0000
0000
0000
0000
ENDCHAR
STARTCHAR uni004C
ENCODING 76
SWIDTH 583 0
DWIDTH 14 0
BBX 14 24 0 -4
BITMAP
0000
0000
0000
0000
3000
3000
3000
3000
3000
3000
3000
3000
3000
3000
3000
3000
3000
3000
3FF0
3FF0
0000
0000
0000
0000
ENDCHAR
STARTCHAR uni004D
ENCODING 77
SWIDTH 583 0
DWIDTH 14 0
BBX 14 24 0 -4
BITMAP
0000
0000
0000
0000
3030
3870
3CF0
3FF0
37B0
3330
3030
3030
3030
3030
3030
3030
3030
3030
3030
3030
0000
0000
0000
0000
ENDCHAR
STARTCHAR uni004E
ENCODING 78
SWIDTH 583 0
DWIDTH 14 0
BBX 14 24 0 -4
BITMAP
0000
0000
0000
0000
3030
3830
3C30
3E30
3730
33B0
31F0
30F0
3070
3030
3030
3030
3030
3030
3030
3030
0000
0000
0000
0000
ENDCHAR
STARTCHAR uni004F
ENCODING 79
SWIDTH 583 0
DWIDTH 14 0
BBX 14 24 0 -4
BITMAP
0000
0000
0000
0000
0FC0
1FE0
3870
3030
3030
3030
3030
3030
3030
3030
3030
3030
3030
3870
1FE0
0FC0
0000
0000
0000
0000
ENDCHAR
STARTCHAR uni0050
ENCODING 80
SWIDTH 583 0
DWIDTH 14 0
BBX 14 24 0 -4
BITMAP
0000
0000
0000
0000
3FC0
3FE0
3070
3030
3030
3030
3070
3FE0
3FC0
3000
3000
3000
3000
3000
3000
3000
0000
0000
0000
0000
ENDCHAR
STARTCHAR uni0051
ENCODING 81
SWIDTH 583 0
DWIDTH 14 0
BBX 14 24 0 -4
BITMAP
0000
0000
0000
0000
0FC0
1FE0
3870
3030
3030
3030
3030
3030
3030
3E30
3F30
33B0
31F0
38E0
1FF8
0FB8
0000
0000
0000
0000
ENDCHAR
STARTCHAR uni0052
ENCODING 82
SWIDTH 583 0
DWIDTH 14 0
BBX 14 24 0 -4
BITMAP
0000
0000
0000
0000
3FC0
3FE0
3070
3030
3030
3030
3070
3FE0
3FC0
3E00
3700
3380
31C0
30E0
3070
3030
0000
0000
0000
0000
ENDCHAR
STARTCHAR uni0053
ENCODING 83
SWIDTH 583 0
DWIDTH 14 0
BBX 14 24 0 -4
BITMAP
0000
0000
0000
0000
0FC0
1FE0
3870
3030
3000
3000
3800
1FC0
0FE0
0070
0030
0030
3030
3870
1FE0
0FC0
0000
0000
0000
0000
ENDCHAR
STARTCHAR uni0054
ENCODING 84
SWIDTH 583 0
DWIDTH 14 0
BBX 14 24 0 -4
BITMAP
0000
0000
0000
0000
3FF0
3FF0
0300
0300
0300
0300
0300
0300
0300
0300
0300
0300
0300
0300
0300
0300
0000
0000
0000
0000
ENDCHAR
STARTCHAR uni0055
ENCODING 85
SWIDTH 583 0
DWIDTH 14 0
BBX 14 24 0 -4
BITMAP
0000
0000
0000
0000
3030
3030
3030
3030
3030
3030
3030
3030
3030
3030
3030
3030
3030
3870
1FE0
0FC0
0000
0000
0000
0000
ENDCHAR
STARTCHAR uni0056
ENCODING 86
SWIDTH 583 0
DWIDTH 14 0
BBX 14 24 0 -4
BITMAP
0000
0000
0000
0000
3030
3030
3030
3030
3030
3030
3030
3030
3030
3030
3030
3870
1CE0
0FC0
0780
0300
0000
0000
0000
0000
ENDCHAR
STARTCHAR uni0057
ENCODING 87
SWIDTH 583 0
DWIDTH 14 0
BBX 14 24 0 -4
BITMAP
0000
0000
0000
0000
3030
3030
3030
3030
3030
3030
3030
3030
3030
3030
3330
37B0
3FF0
3CF0
3870
3030
0000
0000
0000
0000
ENDCHAR
STARTCHAR uni0058
ENCODING 88
SWIDTH 583 0
DWIDTH 14 0
BBX 14 24 0 -4
BITMAP
0000
0000
0000
0000
3030
3030
3030
3030
3870
1CE0
0FC0
0780
0780
0FC0
1CE0
3870
3030
3030
3030
3030
0000
0000
0000
0000
ENDCHAR
STARTCHAR uni0059
ENCODING 89
SWIDTH 583 0
DWIDTH 14 0
BBX 14 24 0 -4
BITMAP
0000
0000
0000
0000
3030
3030
3030
3030
3870
1CE0
0FC0
0780
0300
0300
0300
0300
0300
0300
0300
0300
0000
0000
0000
0000
ENDCHAR
STARTCHAR uni005A
ENCODING 90
SWIDTH 583 0
DWIDTH 14 0
BBX 14 24 0 -4
BITMAP
0000
0000
0000
0000
3FF0
3FF0
0030
0030
0070
00E0
01C0
0380
0700
0E00
1C00
3800
3000
3000
3FF0
3FF0
0000
0000
0000
0000
ENDCHAR
STARTCHAR uni005B
ENCODING 91
SWIDTH 583 0
DWIDTH 14 0
BBX 14 24 0 -4
BITMAP
0000
0000
01F0
01F0
0180
0180
0180
0180
0180
0180
0180
0180
0180
0180
0180
0180
0180
0180
0180
0180
01F0
01F0
0000
0000
ENDCHAR
STARTCHAR uni005C
ENCODING 92
SWIDTH 583 0
DWIDTH 14 0
BBX 14 24 0 -4
BITMAP
0000
0000
3000
3000
3800
1800
1C00
0C00
0E00
0600
0700
0300
0380
0180
01C0
00C0
00E0
0060
0070
0030
0030
0000
0000
0000
ENDCHAR
STARTCHAR uni005D
ENCODING 93
SWIDTH 583 0
DWIDTH 14 0
BBX 14 24 0 -4
BITMAP
0000
0000
3E00
3E00
0600
0600
0600
0600
0600
0600
0600
0600
0600
0600
0600
0600
0600
0600
0600
0600
3E00
3E00
0000
0000
ENDCHAR
STARTCHAR uni005E
ENCODING 94
SWIDTH 583 0
DWIDTH 14 0
BBX 14 24 0 -4
BITMAP
0000
0000
0000
0000
0300
0780
0FC0
1CE0
3870
3030
0000
0000
0000
0000
0000
0000
0000
0000
0000
0000
0000
0000
0000
0000
ENDCHAR
STARTCHAR uni005F
ENCODING 95
SWIDTH 583 0
DWIDTH 14 0
BBX 14 24 0 -4
BITMAP
0000
0000
0000
0000
0000
0000
0000
0000
0000
0000
0000
0000
0000
0000
0000
0000
0000
0000
3FF0
3FF0
0000
0000
0000
0000
ENDCHAR
STARTCHAR uni0060
ENCODING 96
SWIDTH 583 0
DWIDTH 14 0
BBX 14 24 0 -4
BITMAP
0000
0000
0600
0700
0380
0180
0000
0000
0000
0000
0000
0000
0000
0000
0000
0000
0000
0000
0000
0000
0000
0000
0000
0000
ENDCHAR
STARTCHAR uni0061
ENCODING 97
SWIDTH 583 0
DWIDTH 14 0
BBX 14 24 0 -4
BITMAP
0000
0000
0000
0000
0000
0000
0000
0000
3FC0
3FE0
0070
0030
0030
1FF0
3FF0
3030
3030
3030
3FF0
1FF0
0000
0000
0000
0000
ENDCHAR
STARTCHAR uni0062
ENCODING 98
SWIDTH 583 0
DWIDTH 14 0
BBX 14 24 0 -4
BITMAP
0000
0000
0000
0000
3000
3000
3000
3000
3FC0
3FE0
3070
3030
3030
3030
3030
3030
3030
3070
3FE0
3FC0
0000
0000
0000
0000
ENDCHAR
STARTCHAR uni0063
ENCODING 99
SWIDTH 583 0
DWIDTH 14 0
BBX 14 24 0 -4
BITMAP
0000
0000
0000
0000
0000
0000
0000
0000
0FC0
1FE0
3870
3030
3000
3000
3000
3000
3030
3870
1FE0
0FC0
0000
0000
0000
0000
ENDCHAR
STARTCHAR uni0064
ENCODING 100
SWIDTH 583 0
DWIDTH 14 0
BBX 14 24 0 -4
BITMAP
0000
0000
0000
0000
0030
0030
0030
0030
0FF0
1FF0
3830
3030
3030
3030
3030
3030
3030
3830
1FF0
0FF0
0000
0000
0000
0000
ENDCHAR
STARTCHAR uni0065
ENCODING 101
SWIDTH 583 0
DWIDTH 14 0
BBX 14 24 0 -4
BITMAP
0000
0000
0000
0000
0000
0000
0000
0000
0FC0
1FE0
3870
3030
3030
3FF0
3FF0
3000
3000
3800
1FF0
0FF0
0000
0000
0000
0000
ENDCHAR
STARTCHAR uni0066
ENCODING 102
SWIDTH 583 0
DWIDTH 14 0
BBX 14 24 0 -4
BITMAP
0000
0000
0000
0000
00F0
01F0
0380
0300
0300
3FF0
3FF0
0300
0300
0300
0300
0300
0300
0300
0300
0300
0000
0000
0000
0000
ENDCHAR
STARTCHAR uni0067
ENCODING 103
SWIDTH 583 0
DWIDTH 14 0
BBX 14 24 0 -4
BITMAP
0000
0000
0000
0000
0000
0000
0000
0000
0FF0
1FF0
3830
3030
3030
3030
3030
3030
3830
1FF0
0FF0
0030
0030
0070
3FE0
3FC0
ENDCHAR
STARTCHAR uni0068
ENCODING 104
SWIDTH 583 0
DWIDTH 14 0
BBX 14 24 0 -4
BITMAP
0000
0000
0000
0000
3000
3000
3000
3000
3FC0
3FE0
3070
3030
3030
3030
3030
3030
3030
3030
3030
3030
0000
0000
0000
0000
ENDCHAR
STARTCHAR uni0069
ENCODING 105
SWIDTH 583 0
DWIDTH 14 0
BBX 14 24 0 -4
BITMAP
0000
0000
0000
0000
0300
0300
0000
0000
1F00
1F00
0300
0300
0300
0300
0300
0300
0300
0300
1FE0
1FE0
0000
0000
0000
0000
ENDCHAR
STARTCHAR uni006A
ENCODING 106
SWIDTH 583 0
DWIDTH 14 0
BBX 14 24 0 -4
BITMAP
0000
0000
0000
0000
00C0
00C0
0000
0000
07C0
07C0
00C0
00C0
00C0
00C0
00C0
00C0
00C0
00C0
00C0
00C0
00C0
01C0
3F80
3F00
ENDCHAR
STARTCHAR uni006B
ENCODING 107
SWIDTH 583 0
DWIDTH 14 0
BBX 14 24 0 -4
BITMAP
0000
0000
0000
0000
3000
3000
3000
3000
3030
3070
30E0
31C0
3380
3700
3F80
3DC0
38E0
3070
3030
3030
0000
0000
0000
0000
ENDCHAR
STARTCHAR uni006C
ENCODING 108
SWIDTH 583 0
DWIDTH 14 0
BBX 14 24 0 -4
BITMAP
0000
0000
0000
0000
1F00
1F00
0300
0300
0300
0300
0300
0300
0300
0300
0300
0300
0300
0300
03E0
01E0
0000
0000
0000
0000
ENDCHAR
STARTCHAR uni006D
ENCODING 109
SWIDTH 583 0
DWIDTH 14 0
BBX 14 24 0 -4
BITMAP
0000
0000
0000
0000
0000
0000
0000
0000
7FF0
7FF8
6318
6318
6318
6318
6318
6318
6318
6318
6318
6318
0000
0000
0000
0000
ENDCHAR
STARTCHAR uni006E
ENCODING 110
SWIDTH 583 0
DWIDTH 14 0
BBX 14 24 0 -4
BITMAP
0000
0000
0000
0000
0000
0000
0000
0000
3FC0
3FE0
3070
3030
3030
3030
3030
3030
3030
3030
3030
3030
0000
0000
0000
0000
ENDCHAR
STARTCHAR uni006F
ENCODING 111
SWIDTH 583 0
DWIDTH 14 0
BBX 14 24 0 -4
BITMAP
0000
0000
0000
0000
0000
0000
0000
0000
0FC0
1FE0
3870
3030
3030
3030
3030
3030
3030
3870
1FE0
0FC0
0000
0000
0000
0000
ENDCHAR
STARTCHAR uni0070
ENCODING 112
SWIDTH 583 0
DWIDTH 14 0
BBX 14 24 0 -4
BITMAP
0000
0000
0000
0000
0000
0000
0000
0000
3FC0
3FE0
3070
3030
3030
3030
3030
3030
3030
3070
3FE0
3FC0
3000
3000
3000
3000
ENDCHAR
STARTCHAR uni0071
ENCODING 113
SWIDTH 583 0
DWIDTH 14 0
BBX 14 24 0 -4
BITMAP
0000
0000
0000
0000
0000
0000
0000
0000
0FF0
1FF0
3830
3030
3030
3030
3030
3030
3030
3830
1FF0
0FF0
0030
0030
0030
0030
ENDCHAR
STARTCHAR uni0072
ENCODING 114
SWIDTH 583 0
DWIDTH 14 0
BBX 14 24 0 -4
BITMAP
0000
0000
0000
0000
0000
0000
0000
0000
3FC0
3FE0
3070
3030
3000
3000
3000
3000
3000
3000
3000
3000
0000
0000
0000
0000
ENDCHAR
STARTCHAR uni0073
ENCODING 115
SWIDTH 583 0
DWIDTH 14 0
BBX 14 24 0 -4
BITMAP
0000
0000
0000
0000
0000
0000
0000
0000
1FE0
3FF0
3030
3000
3000
3FE0
1FF0
0030
0030
3030
3FF0
1FE0
0000
0000
0000
0000
ENDCHAR
STARTCHAR uni0074
ENCODING 116
SWIDTH 583 0
DWIDTH 14 0
BBX 14 24 0 -4
BITMAP
0000
0000
0000
0000
0C00
0C00
0C00
0C00
3FF0
3FF0
0C00
0C00
0C00
0C00
0C00
0C00
0C00
0E00
07F0
03F0
0000
0000
0000
0000
ENDCHAR
STARTCHAR uni0075
ENCODING 117
SWIDTH 583 0
DWIDTH 14 0
BBX 14 24 0 -4
BITMAP
0000
0000
0000
0000
0000
0000
0000
0000
3030
3030
3030
3030
3030
3030
3030
3030
3030
3830
1FF0
0FF0
0000
0000
0000
0000
ENDCHAR
STARTCHAR uni0076
ENCODING 118
SWIDTH 583 0
DWIDTH 14 0
BBX 14 24 0 -4
BITMAP
0000
0000
0000
0000
0000
0000
0000
0000
3030
3030
3030
3030
3030
3030
3030
3870
1CE0
0FC0
0780
0300
0000
0000
0000
0000
ENDCHAR
STARTCHAR uni0077
ENCODING 119
SWIDTH 583 0
DWIDTH 14 0
BBX 14 24 0 -4
BITMAP
0000
0000
0000
0000
0000
0000
0000
0000
3030
3030
3030
3030
3030
3030
3330
37B0
3FF0
3CF0
3870
3030
0000
0000
0000
0000
ENDCHAR
STARTCHAR uni0078
ENCODING 120
SWIDTH 583 0
DWIDTH 14 0
BBX 14 24 0 -4
BITMAP
0000
0000
0000
0000
0000
0000
0000
0000
3030
3030
3870
1CE0
0FC0
0780
0780
0FC0
1CE0
3870
3030
3030
0000
0000
0000
0000
ENDCHAR
STARTCHAR uni0079
ENCODING 121
SWIDTH 583 0
DWIDTH 14 0
BBX 14 24 0 -4
BITMAP
0000
0000
0000
0000
0000
0000
0000
0000
3030
3030
3030
3030
3030
3030
3030
3830
1C30
0FF0
07F0
0070
00E0
01C0
3F80
3F00
ENDCHAR
STARTCHAR uni007A
ENCODING 122
SWIDTH 583 0
DWIDTH 14 0
BBX 14 24 0 -4
BITMAP
0000
0000
0000
0000
0000
0000
0000
0000
3FF0
3FF0
0070
00E0
01C0
0380
0700
0E00
1C00
3800
3FF0
3FF0
0000
0000
0000
0000
ENDCHAR
STARTCHAR uni007B
ENCODING 123
SWIDTH 583 0
DWIDTH 14 0
BBX 14 24 0 -4
BITMAP
0000
0000
00F0
01F0
0180
0180
0180
0180
0180
0180
0380
0F00
0F00
0380
0180
0180
0180
0180
0180
0180
01F0
00F0
0000
0000
ENDCHAR
STARTCHAR uni007C
ENCODING 124
SWIDTH 583 0
DWIDTH 14 0
BBX 14 24 0 -4
BITMAP
0300
0300
0300
0300
0300
0300
0300
0300
0300
0300
0300
0300
0300
0300
0300
0300
0300
0300
0300
0300
0300
0300
0300
0300
ENDCHAR
STARTCHAR uni007D
ENCODING 125
SWIDTH 583 0
DWIDTH 14 0
BBX 14 24 0 -4
BITMAP
0000
0000
3C00
3E00
0600
0600
0600
0600
0600
0600
0700
03C0
03C0
0700
0600
0600
0600
0600
0600
0600
3E00
3C00
0000
0000
ENDCHAR
STARTCHAR uni007E
ENCODING 126
SWIDTH 583 0
DWIDTH 14 0
BBX 14 24 0 -4
BITMAP
0000
0000
0000
0000
0000
0000
0000
0000
0000
0000
1E18
3F38
73F0
61E0
0000
0000
0000
0000
0000
0000
0000
0000
0000
0000
ENDCHAR
STARTCHAR uni00A0
ENCODING 160
SWIDTH 583 0
DWIDTH 14 0
BBX 14 24 0 -4
BITMAP
0000
0000
0000
0000
0000
0000
0000
0000
0000
0000
0000
0000
0000
0000
0000
0000
0000
0000
0000
0000
0000
0000
0000
0000
ENDCHAR
STARTCHAR uni00A1
ENCODING 161
SWIDTH 583 0
DWIDTH 14 0
BBX 14 24 0 -4
BITMAP
0000
0000
0000
0000
0000
0000
0000
0000
0300
0300
0000
0000
0300
0300
0300
0300
0300
0300
0300
0300
0300
0300
0300
0300
ENDCHAR
STARTCHAR uni00A2
ENCODING 162
SWIDTH 583 0
DWIDTH 14 0
BBX 14 24 0 -4
BITMAP
0000
0000
0000
0000
0000
0000
0300
0300
0FC0
1FE0
3B70
3330
3300
3300
3300
3300
3330
3B70
1FE0
0FC0
0300
0300
0000
0000
ENDCHAR
STARTCHAR uni00A3
ENCODING 163
SWIDTH 583 0
DWIDTH 14 0
BBX 14 24 0 -4
BITMAP
0000
0000
0000
0000
07E0
0FF0
0C30
0C00
0C00
0C00
0C00
3FC0
3FC0
0C00
0C00
0C00
0C30
0C30
3FF0
3FE0
0000
0000
0000
0000
ENDCHAR
STARTCHAR uni00A4
ENCODING 164
SWIDTH 583 0
DWIDTH 14 0
BBX 14 24 0 -4
BITMAP
0000
0000
0000
0000
0000
0000
6018
77B8
3FF0
1CE0
3870
3030
3030
3870
1CE0
3FF0
77B8
6018
0000
0000
0000
0000
0000
0000
ENDCHAR
STARTCHAR uni00A5
ENCODING 165
SWIDTH 583 0
DWIDTH 14 0
BBX 14 24 0 -4
BITMAP
0000
0000
0000
0000
3030
3870
1CE0
0FC0
0780
0300
3FF0
3FF0
0300
0300
3FF0
3FF0
0300
0300
0300
0300
0000
0000
0000
0000
ENDCHAR
STARTCHAR uni00A6
ENCODING 166
SWIDTH 583 0
DWIDTH 14 0
BBX 14 24 0 -4
BITMAP
0000
0000
0300
0300
0300
0300
0300
0300
0300
0300
0000
0000
0000
0000
0300
0300
0300
0300
0300
0300
0300
0300
0000
0000
ENDCHAR
STARTCHAR uni00A7
ENCODING 167
SWIDTH 583 0
DWIDTH 14 0
BBX 14 24 0 -4
BITMAP
0000
0000
0FC0
1FE0
3870
3030
3000
3800
1FC0
1FE0
3870
3030
3030
3870
1FE0
0FE0
0070
0030
3030
3870
1FE0
0FC0
0000
0000
ENDCHAR
STARTCHAR uni00A8
ENCODING 168
SWIDTH 583 0
DWIDTH 14 0
BBX 14 24 0 -4
BITMAP
0000
0000
0000
0000
0CC0
0CC0
0000
0000
0000
0000
0000
0000
0000
0000
0000
0000
0000
0000
0000
0000
0000
0000
0000
0000
ENDCHAR
STARTCHAR uni00A9
ENCODING 169
SWIDTH 583 0
DWIDTH 14 0
BBX 14 24 0 -4
BITMAP
0000
0000
0000
0000
1FE0
3FF0
7038
6018
6798
6FD8
6CD8
6C18
6C18
6CD8
6FD8
6798
6018
7038
3FF0
1FE0
0000
0000
0000
0000
ENDCHAR
STARTCHAR uni00AA
ENCODING 170
SWIDTH 583 0
DWIDTH 14 0
BBX 14 24 0 -4
BITMAP
0000
3F00
3F80
0180
1F80
3F80
3180
3F80
1F80
0000
3F80
3F80
0000
0000
0000
0000
0000
0000
0000
0000
0000
0000
0000
0000
ENDCHAR
STARTCHAR uni00AB
ENCODING 171
SWIDTH 583 0
DWIDTH 14 0
BBX 14 24 0 -4
BITMAP
0000
0000
0000
0000
0000
0000
0318
0738
0E70
1CE0
39C0
7380
7380
39C0
1CE0
0E70
0738
0318
0000
0000
0000
0000
0000
0000
ENDCHAR
STARTCHAR uni00AC
ENCODING 172
SWIDTH 583 0
DWIDTH 14 0
BBX 14 24 0 -4
BITMAP
0000
0000
0000
0000
0000
0000
0000
0000
0000
0000
0000
3FF0
3FF0
0030
0030
0030
0000
0000
0000
0000
0000
0000
0000
0000
ENDCHAR
STARTCHAR uni00AD
ENCODING 173
SWIDTH 583 0
DWIDTH 14 0
BBX 14 24 0 -4
BITMAP
0000
0000
0000
0000
0000
0000
0000
0000
0000
0000
0000
1FE0
1FE0
0000
0000
0000
0000
0000
0000
0000
0000
0000
0000
0000
ENDCHAR
STARTCHAR uni00AE
ENCODING 174
SWIDTH 583 0
DWIDTH 14 0
BBX 14 24 0 -4
BITMAP
0000
0000
0000
0000
1FE0
3FF0
7038
6018
6F98
6FD8
6CD8
6CD8
6F98
6FD8
6CD8
6CD8
6018
7038
3FF0
1FE0
0000
0000
0000
0000
ENDCHAR
STARTCHAR uni00AF
ENCODING 175
SWIDTH 583 0
DWIDTH 14 0
BBX 14 24 0 -4
BITMAP
0000
0000
0000
0000
0FC0
0FC0
0000
0000
0000
0000
0000
0000
0000
0000
0000
0000
0000
0000
0000
0000
0000
0000
0000
0000
ENDCHAR
STARTCHAR uni00B0
ENCODING 176
SWIDTH 583 0
DWIDTH 14 0
BBX 14 24 0 -4
BITMAP
0000
0000
0000
0000
1E00
3F00
3300
3300
3F00
1E00
0000
0000
0000
0000
0000
0000
0000
0000
0000
0000
0000
0000
0000
0000
ENDCHAR
STARTCHAR uni00B1
ENCODING 177
SWIDTH 583 0
DWIDTH 14 0
BBX 14 24 0 -4
BITMAP
0000
0000
0000
0000
0000
0000
0300
0300
0300
0300
3FF0
3FF0
0300
0300
0300
0300
0000
0000
3FF0
3FF0
0000
0000
0000
0000
ENDCHAR
STARTCHAR uni00B2
ENCODING 178
SWIDTH 583 0
DWIDTH 14 0
BBX 14 24 0 -4
BITMAP
0000
1F00
3F80
3180
0380
0700
0E00
1C00
3800
3F80
3F80
0000
0000
0000
0000
0000
0000
0000
0000
0000
0000
0000
0000
0000
ENDCHAR
STARTCHAR uni00B3
ENCODING 179
SWIDTH 583 0
DWIDTH 14 0
BBX 14 24 0 -4
BITMAP
0000
7F00
7F00
0700
0E00
1C00
0E00
0700
6300
7F00
3E00
0000
0000
0000
0000
0000
0000
0000
0000
0000
0000
0000
0000
0000
ENDCHAR
STARTCHAR uni00B4
ENCODING 180
SWIDTH 583 0
DWIDTH 14 0
BBX 14 24 0 -4
BITMAP
0000
0000
0180
0380
0700
0600
0000
0000
0000
0000
0000
0000
0000
0000
0000
0000
0000
0000
0000
0000
0000
0000
0000
0000
ENDCHAR
STARTCHAR uni00B5
ENCODING 181
SWIDTH 583 0
DWIDTH 14 0
BBX 14 24 0 -4
BITMAP
0000
0000
0000
0000
0000
0000
0000
0000
3060
3060
3060
3060
3060
3060
3060
3060
3060
30F0
3FF8
3F98
3000
3000
3000
3000
ENDCHAR
STARTCHAR uni00B6
ENCODING 182
SWIDTH 583 0
DWIDTH 14 0
BBX 14 24 0 -4
BITMAP
0000
0000
0000
0000
1FE0
3FE0
7E60
7E60
7E60
3E60
1E60
0660
0660
0660
0660
0660
0660
0660
0660
0660
0000
0000
0000
0000
ENDCHAR
STARTCHAR uni00B7
ENCODING 183
SWIDTH 583 0
DWIDTH 14 0
BBX 14 24 0 -4
BITMAP
0000
0000
0000
0000
0000
0000
0000
0000
0000
0000
0000
0380
0380
0380
0000
0000
0000
0000
0000
0000
0000
0000
0000
0000
ENDCHAR
STARTCHAR uni00B8
ENCODING 184
SWIDTH 583 0
DWIDTH 14 0
BBX 14 24 0 -4
BITMAP
0000
0000
0000
0000
0000
0000
0000
0000
0000
0000
0000
0000
0000
0000
0000
0000
0000
0000
0000
0300
0380
01C0
0FC0
0F80
ENDCHAR
STARTCHAR uni00B9
ENCODING 185
SWIDTH 583 0
DWIDTH 14 0
BBX 14 24 0 -4
BITMAP
0000
0C00
1C00
1C00
0C00
0C00
0C00
0C00
0C00
1E00
1E00
0000
0000
0000
0000
0000
0000
0000
0000
0000
0000
0000
0000
0000
ENDCHAR
STARTCHAR uni00BA
ENCODING 186
SWIDTH 583 0
DWIDTH 14 0
BBX 14 24 0 -4
BITMAP
0000
1F00
3F80
3180
3180
3180
3180
3F80
1F00
0000
3F80
3F80
0000
0000
0000
0000
0000
0000
0000
0000
0000
0000
0000
0000
ENDCHAR
STARTCHAR uni00BB
ENCODING 187
SWIDTH 583 0
DWIDTH 14 0
BBX 14 24 0 -4
BITMAP
0000
0000
0000
0000
0000
0000
6300
7380
39C0
1CE0
0E70
0738
0738
0E70
1CE0
39C0
7380
6300
0000
0000
0000
0000
0000
0000
ENDCHAR
STARTCHAR uni00BC
ENCODING 188
SWIDTH 583 0
DWIDTH 14 0
BBX 14 24 0 -4
BITMAP
0000
1800
3800
3800
1800
1800
1818
1838
1870
3CE0
3DC0
0380
0700
0E70
1CF0
39F0
73B0
6730
0630
07F8
07F8
0030
0030
0000
ENDCHAR
STARTCHAR uni00BD
ENCODING 189
SWIDTH 583 0
DWIDTH 14 0
BBX 14 24 0 -4
BITMAP
0000
1800
3800
3800
1800
1800
1818
1838
1870
3CE0
3DC0
0380
0700
0EF0
1DF8
3B98
7318
6038
0070
00E0
01C0
03F8
03F8
0000
ENDCHAR
STARTCHAR uni00BE
ENCODING 190
SWIDTH 583 0
DWIDTH 14 0
BBX 14 24 0 -4
BITMAP
0000
7F00
7F00
0700
0E00
1C00
0E18
0738
6770
7EE0
3DC0
0380
0700
0E70
1CF0
39F0
73B0
6730
0630
07F8
07F8
0030
0030
0000
ENDCHAR
STARTCHAR uni00BF
ENCODING 191
SWIDTH 583 0
DWIDTH 14 0
BBX 14 24 0 -4
BITMAP
0000
0000
0000
0000
0000
0000
0000
0000
0300
0300
0000
0000
0300
0300
0700
0E00
1C00
3800
3000
3000
3030
3870
1FE0
0FC0
ENDCHAR
STARTCHAR uni00C0
ENCODING 192
SWIDTH 583 0
DWIDTH 14 0
BBX 14 24 0 -4
BITMAP
0600
0700
0300
0000
0300
0780
0FC0
1CE0
3870
3030
3030
3030
3030
3FF0
3FF0
3030
3030
3030
3030
3030
0000
0000
0000
0000
ENDCHAR
STARTCHAR uni00C1
ENCODING 193
SWIDTH 583 0
DWIDTH 14 0
BBX 14 24 0 -4
BITMAP
0180
0380
0300
0000
0300
0780
0FC0
1CE0
3870
3030
3030
3030
3030
3FF0
3FF0
3030
3030
3030
3030
3030
0000
0000
0000
0000
ENDCHAR
STARTCHAR uni00C2
ENCODING 194
SWIDTH 583 0
DWIDTH 14 0
BBX 14 24 0 -4
BITMAP
0300
0780
0CC0
0000
0300
0780
0FC0
1CE0
3870
3030
3030
3030
3030
3FF0
3FF0
3030
3030
3030
3030
3030
0000
0000
0000
0000
ENDCHAR
STARTCHAR uni00C3
ENCODING 195
SWIDTH 583 0
DWIDTH 14 0
BBX 14 24 0 -4
BITMAP
0E60
1FE0
19C0
0000
0300
0780
0FC0
1CE0
3870
3030
3030
3030
3030
3FF0
3FF0
3030
3030
3030
3030
3030
0000
0000
0000
0000
ENDCHAR
STARTCHAR uni00C4
ENCODING 196
SWIDTH 583 0
DWIDTH 14 0
BBX 14 24 0 -4
BITMAP
0000
0CC0
0CC0
0000
0300
0780
0FC0
1CE0
3870
3030
3030
3030
3030
3FF0
3FF0
3030
3030
3030
3030
3030
0000
0000
0000
0000
ENDCHAR
STARTCHAR uni00C5
ENCODING 197
SWIDTH 583 0
DWIDTH 14 0
BBX 14 24 0 -4
BITMAP
0780
0FC0
0CC0
0FC0
0780
0780
0FC0
1CE0
3870
3030
3030
3030
3030
3FF0
3FF0
3030
3030
3030
3030
3030
0000
0000
0000
0000
ENDCHAR
STARTCHAR uni00C6
ENCODING 198
SWIDTH 583 0
DWIDTH 14 0
BBX 14 24 0 -4
BITMAP
0000
0000
0000
07FC
07FC
0F80
0D80
0D80
1D80
1980
19F8
39F8
3180
3180
7F80
7F80
6180
E180
C1FC
C1FC
0000
0000
0000
0000
ENDCHAR
STARTCHAR uni00C7
ENCODING 199
SWIDTH 583 0
DWIDTH 14 0
BBX 14 24 0 -4
BITMAP
0000
0000
0000
0000
0FC0
1FE0
3870
3030
3030
3000
3000
3000
3000
3000
3000
3030
3030
3870
1FE0
0FC0
0380
01C0
0FC0
0F80
ENDCHAR
STARTCHAR uni00C8
ENCODING 200
SWIDTH 583 0
DWIDTH 14 0
BBX 14 24 0 -4
BITMAP
0600
0700
0300
0000
3FF0
3FF0
3000
3000
3000
3000
3000
3FC0
3FC0
3000
3000
3000
3000
3000
3FF0
3FF0
0000
0000
0000
0000
ENDCHAR
STARTCHAR uni00C9
ENCODING 201
SWIDTH 583 0
DWIDTH 14 0
BBX 14 24 0 -4
BITMAP
0180
0380
0300
0000
3FF0
3FF0
3000
3000
3000
3000
3000
3FC0
3FC0
3000
3000
3000
3000
3000
3FF0
3FF0
0000
0000
0000
0000
ENDCHAR
STARTCHAR uni00CA
ENCODING 202
SWIDTH 583 0
DWIDTH 14 0
BBX 14 24 0 -4
BITMAP
0300
0780
0CC0
0000
3FF0
3FF0
3000
3000
3000
3000
3000
3FC0
3FC0
3000
3000
3000
3000
3000
3FF0
3FF0
0000
0000
0000
0000
ENDCHAR
STARTCHAR uni00CB
ENCODING 203
SWIDTH 583 0
DWIDTH 14 0
BBX 14 24 0 -4
BITMAP
0000
0CC0
0CC0
0000
3FF0
3FF0
3000
3000
3000
3000
3000
3FC0
3FC0
3000
3000
3000
3000
3000
3FF0
3FF0
0000
0000
0000
0000
ENDCHAR
STARTCHAR uni00CC
ENCODING 204
SWIDTH 583 0
DWIDTH 14 0
BBX 14 24 0 -4
BITMAP
0600
0700
0300
0000
1FE0
1FE0
0300
0300
0300
0300
0300
0300
0300
0300
0300
0300
0300
0300
1FE0
1FE0
0000
0000
0000
0000
ENDCHAR
STARTCHAR uni00CD
ENCODING 205
SWIDTH 583 0
DWIDTH 14 0
BBX 14 24 0 -4
BITMAP
0180
0380
0300
0000
1FE0
1FE0
0300
0300
0300
0300
0300
0300
0300
0300
0300
0300
0300
0300
1FE0
1FE0
0000
0000
0000
0000
ENDCHAR
STARTCHAR uni00CE
ENCODING 206
SWIDTH 583 0
DWIDTH 14 0
BBX 14 24 0 -4
BITMAP
0300
0780
0CC0
0000
1FE0
1FE0
0300
0300
0300
0300
0300
0300
0300
0300
0300
0300
0300
0300
1FE0
1FE0
0000
0000
0000
0000
ENDCHAR
STARTCHAR uni00CF
ENCODING 207
SWIDTH 583 0
DWIDTH 14 0
BBX 14 24 0 -4
BITMAP
0000
0CC0
0CC0
0000
1FE0
1FE0
0300
0300
0300
0300
0300
0300
0300
0300
0300
0300
0300
0300
1FE0
1FE0
0000
0000
0000
0000
ENDCHAR
STARTCHAR uni00D0
ENCODING 208
SWIDTH 583 0
DWIDTH 14 0
BBX 14 24 0 -4
BITMAP
0000
0000
0000
0000
3F80
3FC0
30E0
3070
3030
3030
3030
FC30
FC30
3030
3030
3030
3070
30E0
3FC0
3F80
0000
0000
0000
0000
ENDCHAR
STARTCHAR uni00D1
ENCODING 209
SWIDTH 583 0
DWIDTH 14 0
BBX 14 24 0 -4
BITMAP
0E60
1FE0
19C0
0000
3030
3830
3C30
3E30
3730
33B0
31F0
30F0
3070
3030
3030
3030
3030
3030
3030
3030
0000
0000
0000
0000
ENDCHAR
STARTCHAR uni00D2
ENCODING 210
SWIDTH 583 0
DWIDTH 14 0
BBX 14 24 0 -4
BITMAP
0600
0700
0300
0000
0FC0
1FE0
3870
3030
3030
3030
3030
3030
3030
3030
3030
3030
3030
3870
1FE0
0FC0
0000
0000
0000
0000
ENDCHAR
STARTCHAR uni00D3
ENCODING 211
SWIDTH 583 0
DWIDTH 14 0
BBX 14 24 0 -4
BITMAP
0180
0380
0300
0000
0FC0
1FE0
3870
3030
3030
3030
3030
3030
3030
3030
3030
3030
3030
3870
1FE0
0FC0
0000
0000
0000
0000
ENDCHAR
STARTCHAR uni00D4
ENCODING 212
SWIDTH 583 0
DWIDTH 14 0
BBX 14 24 0 -4
BITMAP
0300
0780
0CC0
0000
0FC0
1FE0
3870
3030
3030
3030
3030
3030
3030
3030
3030
3030
3030
3870
1FE0
0FC0
0000
0000
0000
0000
ENDCHAR
STARTCHAR uni00D5
ENCODING 213
SWIDTH 583 0
DWIDTH 14 0
BBX 14 24 0 -4
BITMAP
0E60
1FE0
19C0
0000
0FC0
1FE0
3870
3030
3030
3030
3030
3030
3030
3030
3030
3030
3030
3870
1FE0
0FC0
0000
0000
0000
0000
ENDCHAR
STARTCHAR uni00D6
ENCODING 214
SWIDTH 583 0
DWIDTH 14 0
BBX 14 24 0 -4
BITMAP
0000
0CC0
0CC0
0000
0FC0
1FE0
3870
3030
3030
3030
3030
3030
3030
3030
3030
3030
3030
3870
1FE0
0FC0
0000
0000
0000
0000
ENDCHAR
STARTCHAR uni00D7
ENCODING 215
SWIDTH 583 0
DWIDTH 14 0
BBX 14 24 0 -4
BITMAP
0000
0000
0000
0000
0000
0000
0000
3030
3870
1CE0
0FC0
0780
0780
0FC0
1CE0
3870
3030
0000
0000
0000
0000
0000
0000
0000
ENDCHAR
STARTCHAR uni00D8
ENCODING 216
SWIDTH 583 0
DWIDTH 14 0
BBX 14 24 0 -4
BITMAP
0000
0000
0000
0000
0FC0
1FEC
387C
3038
3070
30F0
31F0
33B0
3730
3E30
3C30
3830
7030
F870
DFE0
0FC0
0000
0000
0000
0000
ENDCHAR
STARTCHAR uni00D9
ENCODING 217
SWIDTH 583 0
DWIDTH 14 0
BBX 14 24 0 -4
BITMAP
0600
0700
0300
0000
3030
3030
3030
3030
3030
3030
3030
3030
3030
3030
3030
3030
3030
3870
1FE0
0FC0
0000
0000
0000
0000
ENDCHAR
STARTCHAR uni00DA
ENCODING 218
SWIDTH 583 0
DWIDTH 14 0
BBX 14 24 0 -4
BITMAP
0180
0380
0300
0000
3030
3030
3030
3030
3030
3030
3030
3030
3030
3030
3030
3030
3030
3870
1FE0
0FC0
0000
0000
0000
0000
ENDCHAR
STARTCHAR uni00DB
ENCODING 219
SWIDTH 583 0
DWIDTH 14 0
BBX 14 24 0 -4
BITMAP
0300
0780
0CC0
0000
3030
3030
3030
3030
3030
3030
3030
3030
3030
3030
3030
3030
3030
3870
1FE0
0FC0
0000
0000
0000
0000
ENDCHAR
STARTCHAR uni00DC
ENCODING 220
SWIDTH 583 0
DWIDTH 14 0
BBX 14 24 0 -4
BITMAP
0000
0CC0
0CC0
0000
3030
3030
3030
3030
3030
3030
3030
3030
3030
3030
3030
3030
3030
3870
1FE0
0FC0
0000
0000
0000
0000
ENDCHAR
STARTCHAR uni00DD
ENCODING 221
SWIDTH 583 0
DWIDTH 14 0
BBX 14 24 0 -4
BITMAP
0180
0380
0300
0000
3030
3030
3030
3030
3870
1CE0
0FC0
0780
0300
0300
0300
0300
0300
0300
0300
0300
0000
0000
0000
0000
ENDCHAR
STARTCHAR uni00DE
ENCODING 222
SWIDTH 583 0
DWIDTH 14 0
BBX 14 24 0 -4
BITMAP
0000
0000
0000
0000
3000
3000
3000
3FC0
3FE0
3070
3030
3030
3030
3030
3070
3FE0
3FC0
3000
3000
3000
0000
0000
0000
0000
ENDCHAR
STARTCHAR uni00DF
ENCODING 223
SWIDTH 583 0
DWIDTH 14 0
BBX 14 24 0 -4
BITMAP
0000
0000
0000
0000
0F80
1FC0
38E0
3060
3060
30E0
31C0
3180
31C0
30E0
3070
3030
3030
3070
33E0
33C0
0000
0000
0000
0000
ENDCHAR
STARTCHAR uni00E0
ENCODING 224
SWIDTH 583 0
DWIDTH 14 0
BBX 14 24 0 -4
BITMAP
0000
0000
0000
0000
0600
0700
0300
0000
3FC0
3FE0
0070
0030
0030
1FF0
3FF0
3030
3030
3030
3FF0
1FF0
0000
0000
0000
0000
ENDCHAR
STARTCHAR uni00E1
ENCODING 225
SWIDTH 583 0
DWIDTH 14 0
BBX 14 24 0 -4
BITMAP
0000
0000
0000
0000
0180
0380
0300
0000
3FC0
3FE0
0070
0030
0030
1FF0
3FF0
3030
3030
3030
3FF0
1FF0
0000
0000
0000
0000
ENDCHAR
STARTCHAR uni00E2
ENCODING 226
SWIDTH 583 0
DWIDTH 14 0
BBX 14 24 0 -4
BITMAP
0000
0000
0000
0000
0300
0780
0CC0
0000
3FC0
3FE0
0070
0030
0030
1FF0
3FF0
3030
3030
3030
3FF0
1FF0
0000
0000
0000
0000
ENDCHAR
STARTCHAR uni00E3
ENCODING 227
SWIDTH 583 0
DWIDTH 14 0
BBX 14 24 0 -4
BITMAP
0000
0000
0000
0000
0E60
1FE0
19C0
0000
3FC0
3FE0
0070
0030
0030
1FF0
3FF0
3030
3030
3030
3FF0
1FF0
0000
0000
0000
0000
ENDCHAR
STARTCHAR uni00E4
ENCODING 228
SWIDTH 583 0
DWIDTH 14 0
BBX 14 24 0 -4
BITMAP
0000
0000
0000
0000
0000
0CC0
0CC0
0000
3FC0
3FE0
0070
0030
0030
1FF0
3FF0
3030
3030
3030
3FF0
1FF0
0000
0000
0000
0000
ENDCHAR
STARTCHAR uni00E5
ENCODING 229
SWIDTH 583 0
DWIDTH 14 0
BBX 14 24 0 -4
BITMAP
0000
0000
0000
0780
0FC0
0CC0
0FC0
0780
3FC0
3FE0
0070
0030
0030
1FF0
3FF0
3030
3030
3030
3FF0
1FF0
0000
0000
0000
0000
ENDCHAR
STARTCHAR uni00E6
ENCODING 230
SWIDTH 583 0
DWIDTH 14 0
BBX 14 24 0 -4
BITMAP
0000
0000
0000
0000
0000
0000
0000
0000
7CF8
FFFC
C78C
078C
078C
7FFC
FFFC
C780
C780
C78C
FFFC
7CF8
0000
0000
0000
0000
ENDCHAR
STARTCHAR uni00E7
ENCODING 231
SWIDTH 583 0
DWIDTH 14 0
BBX 14 24 0 -4
BITMAP
0000
0000
0000
0000
0000
0000
0000
0000
0FC0
1FE0
3870
3030
3000
3000
3000
3000
3030
3870
1FE0
0FC0
0380
01C0
0FC0
0F80
ENDCHAR
STARTCHAR uni00E8
ENCODING 232
SWIDTH 583 0
DWIDTH 14 0
BBX 14 24 0 -4
BITMAP
0000
0000
0000
0000
0600
0700
0300
0000
0FC0
1FE0
3870
3030
3030
3FF0
3FF0
3000
3000
3800
1FF0
0FF0
0000
0000
0000
0000
ENDCHAR
STARTCHAR uni00E9
ENCODING 233
SWIDTH 583 0
DWIDTH 14 0
BBX 14 24 0 -4
BITMAP
0000
0000
0000
0000
0180
0380
0300
0000
0FC0
1FE0
3870
3030
3030
3FF0
3FF0
3000
3000
3800
1FF0
0FF0
0000
0000
0000
0000
ENDCHAR
STARTCHAR uni00EA
ENCODING 234
SWIDTH 583 0
DWIDTH 14 0
BBX 14 24 0 -4
BITMAP
0000
0000
0000
0000
0300
0780
0CC0
0000
0FC0
1FE0
3870
3030
3030
3FF0
3FF0
3000
3000
3800
1FF0
0FF0
0000
0000
0000
0000
ENDCHAR
STARTCHAR uni00EB
ENCODING 235
SWIDTH 583 0
DWIDTH 14 0
BBX 14 24 0 -4
BITMAP
0000
0000
0000
0000
0000
0CC0
0CC0
0000
0FC0
1FE0
3870
3030
3030
3FF0
3FF0
3000
3000
3800
1FF0
0FF0
0000
0000
0000
0000
ENDCHAR
STARTCHAR uni00EC
ENCODING 236
SWIDTH 583 0
DWIDTH 14 0
BBX 14 24 0 -4
BITMAP
0000
0000
0000
0000
0600
0700
0300
0000
1F00
1F00
0300
0300
0300
0300
0300
0300
0300
0300
1FE0
1FE0
0000
0000
0000
0000
ENDCHAR
STARTCHAR uni00ED
ENCODING 237
SWIDTH 583 0
DWIDTH 14 0
BBX 14 24 0 -4
BITMAP
0000
0000
0000
0000
0180
0380
0300
0000
1F00
1F00
0300
0300
0300
0300
0300
0300
0300
0300
1FE0
1FE0
0000
0000
0000
0000
ENDCHAR
STARTCHAR uni00EE
ENCODING 238
SWIDTH 583 0
DWIDTH 14 0
BBX 14 24 0 -4
BITMAP
0000
0000
0000
0000
0300
0780
0CC0
0000
1F00
1F00
0300
0300
0300
0300
0300
0300
0300
0300
1FE0
1FE0
0000
0000
0000
0000
ENDCHAR
STARTCHAR uni00EF
ENCODING 239
SWIDTH 583 0
DWIDTH 14 0
BBX 14 24 0 -4
BITMAP
0000
0000
0000
0000
0CC0
0CC0
0000
0000
1F00
1F00
0300
0300
0300
0300
0300
0300
0300
0300
1FE0
1FE0
0000
0000
0000
0000
ENDCHAR
STARTCHAR uni00F0
ENCODING 240
SWIDTH 583 0
DWIDTH 14 0
BBX 14 24 0 -4
BITMAP
0000
0000
0000
0FB0
0FF0
00E0
01F0
01B0
0030
0FF0
1FF0
3870
3030
3030
3030
3030
3030
3870
1FE0
0FC0
0000
0000
0000
0000
ENDCHAR
STARTCHAR uni00F1
ENCODING 241
SWIDTH 583 0
DWIDTH 14 0
BBX 14 24 0 -4
BITMAP
0000
0000
0000
0000
0E60
1FE0
19C0
0000
3FC0
3FE0
3070
3030
3030
3030
3030
3030
3030
3030
3030
3030
0000
0000
0000
0000
ENDCHAR
STARTCHAR uni00F2
ENCODING 242
SWIDTH 583 0
DWIDTH 14 0
BBX 14 24 0 -4
BITMAP
0000
0000
0000
0000
0600
0700
0300
0000
0FC0
1FE0
3870
3030
3030
3030
3030
3030
3030
3870
1FE0
0FC0
0000
0000
0000
0000
ENDCHAR
STARTCHAR uni00F3
ENCODING 243
SWIDTH 583 0
DWIDTH 14 0
BBX 14 24 0 -4
BITMAP
0000
0000
0000
0000
0180
0380
0300
0000
0FC0
1FE0
3870
3030
3030
3030
3030
3030
3030
3870
1FE0
0FC0
0000
0000
0000
0000
ENDCHAR
STARTCHAR uni00F4
ENCODING 244
SWIDTH 583 0
DWIDTH 14 0
BBX 14 24 0 -4
BITMAP
0000
0000
0000
0000
0300
0780
0CC0
0000
0FC0
1FE0
3870
3030
3030
3030
3030
3030
3030
3870
1FE0
0FC0
0000
0000
0000
0000
ENDCHAR
STARTCHAR uni00F5
ENCODING 245
SWIDTH 583 0
DWIDTH 14 0
BBX 14 24 0 -4
BITMAP
0000
0000
0000
0000
0E60
1FE0
19C0
0000
0FC0
1FE0
3870
3030
3030
3030
3030
3030
3030
3870
1FE0
0FC0
0000
0000
0000
0000
ENDCHAR
STARTCHAR uni00F6
ENCODING 246
SWIDTH 583 0
DWIDTH 14 0
BBX 14 24 0 -4
BITMAP
0000
0000
0000
0000
0000
0CC0
0CC0
0000
0FC0
1FE0
3870
3030
3030
3030
3030
3030
3030
3870
1FE0
0FC0
0000
0000
0000
0000
ENDCHAR
STARTCHAR uni00F7
ENCODING 247
SWIDTH 583 0
DWIDTH 14 0
BBX 14 24 0 -4
BITMAP
0000
0000
0000
0000
0000
0000
0000
0300
0300
0000
0000
3FF0
3FF0
0000
0000
0300
0300
0000
0000
0000
0000
0000
0000
0000
ENDCHAR
STARTCHAR uni00F8
ENCODING 248
SWIDTH 583 0
DWIDTH 14 0
BBX 14 24 0 -4
BITMAP
0000
0000
0000
0000
0000
0000
0000
0000
0FD8
1FF8
3870
30F0
31F0
33B0
3730
3E30
3C30
3870
7FE0
6FC0
0000
0000
0000
0000
ENDCHAR
STARTCHAR uni00F9
ENCODING 249
SWIDTH 583 0
DWIDTH 14 0
BBX 14 24 0 -4
BITMAP
0000
0000
0000
0000
0600
0700
0300
0000
3030
3030
3030
3030
3030
3030
3030
3030
3030
3830
1FF0
0FF0
0000
0000
0000
0000
ENDCHAR
STARTCHAR uni00FA
ENCODING 250
SWIDTH 583 0
DWIDTH 14 0
BBX 14 24 0 -4
BITMAP
0000
0000
0000
0000
0180
0380
0300
0000
3030
3030
3030
3030
3030
3030
3030
3030
3030
3830
1FF0
0FF0
0000
0000
0000
0000
ENDCHAR
STARTCHAR uni00FB
ENCODING 251
SWIDTH 583 0
DWIDTH 14 0
BBX 14 24 0 -4
BITMAP
0000
0000
0000
0000
0300
0780
0CC0
0000
3030
3030
3030
3030
3030
3030
3030
3030
3030
3830
1FF0
0FF0
0000
0000
0000
0000
ENDCHAR
STARTCHAR uni00FC
ENCODING 252
SWIDTH 583 0
DWIDTH 14 0
BBX 14 24 0 -4
BITMAP
0000
0000
0000
0000
0000
0CC0
0CC0
0000
3030
3030
3030
3030
3030
3030
3030
3030
3030
3830
1FF0
0FF0
0000
0000
0000
0000
ENDCHAR
STARTCHAR uni00FD
ENCODING 253
SWIDTH 583 0
DWIDTH 14 0
BBX 14 24 0 -4
BITMAP
0000
0000
0000
0000
0180
0380
0300
0000
3030
3030
3030
3030
3030
3030
3030
3830
1C30
0FF0
07F0
0070
00E0
01C0
3F80
3F00
ENDCHAR
STARTCHAR uni00FE
ENCODING 254
SWIDTH 583 0
DWIDTH 14 0
BBX 14 24 0 -4
BITMAP
0000
0000
0000
0000
0000
3000
3000
3000
3000
3FC0
3FE0
3070
3030
3030
3030
3030
3070
3FE0
3FC0
3000
3000
3000
3000
0000
ENDCHAR
STARTCHAR uni00FF
ENCODING 255
SWIDTH 583 0
DWIDTH 14 0
BBX 14 24 0 -4
BITMAP
0000
0000
0000
0000
0000
0CC0
0CC0
0000
3030
3030
3030
3030
3030
3030
3030
3830
1C30
0FF0
07F0
0070
00E0
01C0
3F80
3F00
ENDCHAR
STARTCHAR uni0100
ENCODING 256
SWIDTH 583 0
DWIDTH 14 0
BBX 14 24 0 -4
BITMAP
0000
0FC0
0FC0
0000
0300
0780
0FC0
1CE0
3870
3030
3030
3030
3030
3FF0
3FF0
3030
3030
3030
3030
3030
0000
0000
0000
0000
ENDCHAR
STARTCHAR uni0101
ENCODING 257
SWIDTH 583 0
DWIDTH 14 0
BBX 14 24 0 -4
BITMAP
0000
0000
0000
0000
0000
0FC0
0FC0
0000
3FC0
3FE0
0070
0030
0030
1FF0
3FF0
3030
3030
3030
3FF0
1FF0
0000
0000
0000
0000
ENDCHAR
STARTCHAR uni0102
ENCODING 258
SWIDTH 583 0
DWIDTH 14 0
BBX 14 24 0 -4
BITMAP
0CC0
0FC0
0780
0000
0300
0780
0FC0
1CE0
3870
3030
3030
3030
3030
3FF0
3FF0
3030
3030
3030
3030
3030
0000
0000
0000
0000
ENDCHAR
STARTCHAR uni0103
ENCODING 259
SWIDTH 583 0
DWIDTH 14 0
BBX 14 24 0 -4
BITMAP
0000
0000
0000
0000
0CC0
0FC0
0780
0000
3FC0
3FE0
0070
0030
0030
1FF0
3FF0
3030
3030
3030
3FF0
1FF0
0000
0000
0000
0000
ENDCHAR
STARTCHAR uni0104
ENCODING 260
SWIDTH 583 0
DWIDTH 14 0
BBX 14 24 0 -4
BITMAP
0000
0000
0000
0000
0300
0780
0FC0
1CE0
3870
3030
3030
3030
3030
3FF0
3FF0
3030
3030
3030
3030
3030
0070
0060
0078
0038
ENDCHAR
STARTCHAR uni0105
ENCODING 261
SWIDTH 583 0
DWIDTH 14 0
BBX 14 24 0 -4
BITMAP
0000
0000
0000
0000
0000
0000
0000
0000
3FC0
3FE0
0070
0030
0030
1FF0
3FF0
3030
3030
3030
3FF0
1FF0
0070
0060
0078
0038
ENDCHAR
STARTCHAR uni0106
ENCODING 262
SWIDTH 583 0
DWIDTH 14 0
BBX 14 24 0 -4
BITMAP
0180
0380
0300
0000
0FC0
1FE0
3870
3030
3030
3000
3000
3000
3000
3000
3000
3030
3030
3870
1FE0
0FC0
0000
0000
0000
0000
ENDCHAR
STARTCHAR uni0107
ENCODING 263
SWIDTH 583 0
DWIDTH 14 0
BBX 14 24 0 -4
BITMAP
0000
0000
0000
0000
0180
0380
0300
0000
0FC0
1FE0
3870
3030
3000
3000
3000
3000
3030
3870
1FE0
0FC0
0000
0000
0000
0000
ENDCHAR
STARTCHAR uni0108
ENCODING 264
SWIDTH 583 0
DWIDTH 14 0
BBX 14 24 0 -4
BITMAP
0300
0780
0CC0
0000
0FC0
1FE0
3870
3030
3030
3000
3000
3000
3000
3000
3000
3030
3030
3870
1FE0
0FC0
0000
0000
0000
0000
ENDCHAR
STARTCHAR uni0109
ENCODING 265
SWIDTH 583 0
DWIDTH 14 0
BBX 14 24 0 -4
BITMAP
0000
0000
0000
0000
0300
0780
0CC0
0000
0FC0
1FE0
3870
3030
3000
3000
3000
3000
3030
3870
1FE0
0FC0
0000
0000
0000
0000
ENDCHAR
STARTCHAR uni010A
ENCODING 266
SWIDTH 583 0
DWIDTH 14 0
BBX 14 24 0 -4
BITMAP
0000
0300
0300
0000
0FC0
1FE0
3870
3030
3030
3000
3000
3000
3000
3000
3000
3030
3030
3870
1FE0
0FC0
0000
0000
0000
0000
ENDCHAR
STARTCHAR uni010B
ENCODING 267
SWIDTH 583 0
DWIDTH 14 0
BBX 14 24 0 -4
BITMAP
0000
0000
0000
0000
0000
0300
0300
0000
0FC0
1FE0
3870
3030
3000
3000
3000
3000
3030
3870
1FE0
0FC0
0000
0000
0000
0000
ENDCHAR
STARTCHAR uni010C
ENCODING 268
SWIDTH 583 0
DWIDTH 14 0
BBX 14 24 0 -4
BITMAP
0CC0
0780
0300
0000
0FC0
1FE0
3870
3030
3030
3000
3000
3000
3000
3000
3000
3030
3030
3870
1FE0
0FC0
0000
0000
0000
0000
ENDCHAR
STARTCHAR uni010D
ENCODING 269
SWIDTH 583 0
DWIDTH 14 0
BBX 14 24 0 -4
BITMAP
0000
0000
0000
0000
0CC0
0780
0300
0000
0FC0
1FE0
3870
3030
3000
3000
3000
3000
3030
3870
1FE0
0FC0
0000
0000
0000
0000
ENDCHAR
STARTCHAR uni010E
ENCODING 270
SWIDTH 583 0
DWIDTH 14 0
BBX 14 24 0 -4
BITMAP
0CC0
0780
0300
0000
3F80
3FC0
30E0
3070
3030
3030
3030
3030
3030
3030
3030
3030
3070
30E0
3FC0
3F80
0000
0000
0000
0000
ENDCHAR
STARTCHAR uni010F
ENCODING 271
SWIDTH 583 0
DWIDTH 14 0
BBX 14 24 0 -4
BITMAP
0000
0000
0000
0000
00DC
00DC
00CC
00DC
1FD8
3FC0
70C0
60C0
60C0
60C0
60C0
60C0
60C0
70C0
3FC0
1FC0
0000
0000
0000
0000
ENDCHAR
STARTCHAR uni0110
ENCODING 272
SWIDTH 583 0
DWIDTH 14 0
BBX 14 24 0 -4
BITMAP
0000
0000
0000
0000
3F80
3FC0
30E0
3070
3030
3030
3030
FC30
FC30
3030
3030
3030
3070
30E0
3FC0
3F80
0000
0000
0000
0000
ENDCHAR
STARTCHAR uni0111
ENCODING 273
SWIDTH 583 0
DWIDTH 14 0
BBX 14 24 0 -4
BITMAP
0000
0000
0000
0030
0030
00FC
00FC
0030
0030
0FF0
1FF0
3830
3030
3030
3030
3030
3030
3830
1FF0
0FF0
0000
0000
0000
0000
ENDCHAR
STARTCHAR uni0112
ENCODING 274
SWIDTH 583 0
DWIDTH 14 0
BBX 14 24 0 -4
BITMAP
0000
0FC0
0FC0
0000
3FF0
3FF0
3000
3000
3000
3000
3000
3FC0
3FC0
3000
3000
3000
3000
3000
3FF0
3FF0
0000
0000
0000
0000
ENDCHAR
STARTCHAR uni0113
ENCODING 275
SWIDTH 583 0
DWIDTH 14 0
BBX 14 24 0 -4
BITMAP
0000
0000
0000
0000
0000
0FC0
0FC0
0000
0FC0
1FE0
3870
3030
3030
3FF0
3FF0
3000
3000
3800
1FF0
0FF0
0000
0000
0000
0000
ENDCHAR
STARTCHAR uni0114
ENCODING 276
SWIDTH 583 0
DWIDTH 14 0
BBX 14 24 0 -4
BITMAP
0CC0
0FC0
0780
0000
3FF0
3FF0
3000
3000
3000
3000
3000
3FC0
3FC0
3000
3000
3000
3000
3000
3FF0
3FF0
0000
0000
0000
0000
ENDCHAR
STARTCHAR uni0115
ENCODING 277
SWIDTH 583 0
DWIDTH 14 0
BBX 14 24 0 -4
BITMAP
0000
0000
0000
0000
0CC0
0FC0
0780
0000
0FC0
1FE0
3870
3030
3030
3FF0
3FF0
3000
3000
3800
1FF0
0FF0
0000
0000
0000
0000
ENDCHAR
STARTCHAR uni0116
ENCODING 278
SWIDTH 583 0
DWIDTH 14 0
BBX 14 24 0 -4
BITMAP
0000
0300
0300
0000
3FF0
3FF0
3000
3000
3000
3000
3000
3FC0
3FC0
3000
3000
3000
3000
3000
3FF0
3FF0
0000
0000
0000
0000
ENDCHAR
STARTCHAR uni0117
ENCODING 279
SWIDTH 583 0
DWIDTH 14 0
BBX 14 24 0 -4
BITMAP
0000
0000
0000
0000
0000
0300
0300
0000
0FC0
1FE0
3870
3030
3030
3FF0
3FF0
3000
3000
3800
1FF0
0FF0
0000
0000
0000
0000
ENDCHAR
STARTCHAR uni0118
ENCODING 280
SWIDTH 583 0
DWIDTH 14 0
BBX 14 24 0 -4
BITMAP
0000
0000
0000
0000
3FF0
3FF0
3000
3000
3000
3000
3000
3FC0
3FC0
3000
3000
3000
3000
3000
3FF0
3FF0
0070
0060
0078
0038
ENDCHAR
STARTCHAR uni0119
ENCODING 281
SWIDTH 583 0
DWIDTH 14 0
BBX 14 24 0 -4
BITMAP
0000
0000
0000
0000
0000
0000
0000
0000
0FC0
1FE0
3870
3030
3030
3FF0
3FF0
3000
3000
3800
1FF0
0FF0
0070
0060
0078
0038
ENDCHAR
STARTCHAR uni011A
ENCODING 282
SWIDTH 583 0
DWIDTH 14 0
BBX 14 24 0 -4
BITMAP
0CC0
0780
0300
0000
3FF0
3FF0
3000
3000
3000
3000
3000
3FC0
3FC0
3000
3000
3000
3000
3000
3FF0
3FF0
0000
0000
0000
0000
ENDCHAR
STARTCHAR uni011B
ENCODING 283
SWIDTH 583 0
DWIDTH 14 0
BBX 14 24 0 -4
BITMAP
0000
0000
0000
0000
0CC0
0780
0300
0000
0FC0
1FE0
3870
3030
3030
3FF0
3FF0
3000
3000
3800
1FF0
0FF0
0000
0000
0000
0000
ENDCHAR
STARTCHAR uni011C
ENCODING 284
SWIDTH 583 0
DWIDTH 14 0
BBX 14 24 0 -4
BITMAP
0300
0780
0CC0
0000
0FF0
1FF0
3800
3000
3000
3000
3000
31F0
31F0
3030
3030
3030
3030
3830
1FF0
0FF0
0000
0000
0000
0000
ENDCHAR
STARTCHAR uni011D
ENCODING 285
SWIDTH 583 0
DWIDTH 14 0
BBX 14 24 0 -4
BITMAP
0000
0000
0000
0000
0300
0780
0CC0
0000
0FF0
1FF0
3830
3030
3030
3030
3030
3030
3830
1FF0
0FF0
0030
0030
0070
3FE0
3FC0
ENDCHAR
STARTCHAR uni011E
ENCODING 286
SWIDTH 583 0
DWIDTH 14 0
BBX 14 24 0 -4
BITMAP
0CC0
0FC0
0780
0000
0FF0
1FF0
3800
3000
3000
3000
3000
31F0
31F0
3030
3030
3030
3030
3830
1FF0
0FF0
0000
0000
0000
0000
ENDCHAR
STARTCHAR uni011F
ENCODING 287
SWIDTH 583 0
DWIDTH 14 0
BBX 14 24 0 -4
BITMAP
0000
0000
0000
0000
0CC0
0FC0
0780
0000
0FF0
1FF0
3830
3030
3030
3030
3030
3030
3830
1FF0
0FF0
0030
0030
0070
3FE0
3FC0
ENDCHAR
STARTCHAR uni0120
ENCODING 288
SWIDTH 583 0
DWIDTH 14 0
BBX 14 24 0 -4
BITMAP
0000
0300
0300
0000
0FF0
1FF0
3800
3000
3000
3000
3000
31F0
31F0
3030
3030
3030
3030
3830
1FF0
0FF0
0000
0000
0000
0000
ENDCHAR
STARTCHAR uni0121
ENCODING 289
SWIDTH 583 0
DWIDTH 14 0
BBX 14 24 0 -4
BITMAP
0000
0000
0000
0000
0000
0300
0300
0000
0FF0
1FF0
3830
3030
3030
3030
3030
3030
3830
1FF0
0FF0
0030
0030
0070
3FE0
3FC0
ENDCHAR
STARTCHAR uni0122
ENCODING 290
SWIDTH 583 0
DWIDTH 14 0
BBX 14 24 0 -4
BITMAP
0000
0000
0000
0000
0FF0
1FF0
3800
3000
3000
3000
3000
31F0
31F0
3030
3030
3030
3030
3830
1FF0
0FF0
0380
0180
0380
0300
ENDCHAR
STARTCHAR uni0123
ENCODING 291
SWIDTH 583 0
DWIDTH 14 0
BBX 14 24 0 -4
BITMAP
0000
0000
0180
0380
0300
0380
0380
0000
0FF0
1FF0
3830
3030
3030
3030
3030
3030
3830
1FF0
0FF0
0030
0030
0070
3FE0
3FC0
ENDCHAR
STARTCHAR uni0124
ENCODING 292
SWIDTH 583 0
DWIDTH 14 0
BBX 14 24 0 -4
BITMAP
0300
0780
0CC0
0000
3030
3030
3030
3030
3030
3030
3030
3FF0
3FF0
3030
3030
3030
3030
3030
3030
3030
0000
0000
0000
0000
ENDCHAR
STARTCHAR uni0125
ENCODING 293
SWIDTH 583 0
DWIDTH 14 0
BBX 14 24 0 -4
BITMAP
3000
7800
CC00
0000
3000
3000
3000
3000
3FC0
3FE0
3070
3030
3030
3030
3030
3030
3030
3030
3030
3030
0000
0000
0000
0000
ENDCHAR
STARTCHAR uni0126
ENCODING 294
SWIDTH 583 0
DWIDTH 14 0
BBX 14 24 0 -4
BITMAP
0000
0000
0000
0000
3030
3030
FFFC
FFFC
3030
3030
3030
3FF0
3FF0
3030
3030
3030
3030
3030
3030
3030
0000
0000
0000
0000
ENDCHAR
STARTCHAR uni0127
ENCODING 295
SWIDTH 583 0
DWIDTH 14 0
BBX 14 24 0 -4
BITMAP
0000
0000
0000
3000
3000
FC00
FC00
3000
3000
3FC0
3FE0
3070
3030
3030
3030
3030
3030
3030
3030
3030
0000
0000
0000
0000
ENDCHAR
STARTCHAR uni0128
ENCODING 296
SWIDTH 583 0
DWIDTH 14 0
BBX 14 24 0 -4
BITMAP
0E60
1FE0
19C0
0000
1FE0
1FE0
0300
0300
0300
0300
0300
0300
0300
0300
0300
0300
0300
0300
1FE0
1FE0
0000
0000
0000
0000
ENDCHAR
STARTCHAR uni0129
ENCODING 297
SWIDTH 583 0
DWIDTH 14 0
BBX 14 24 0 -4
BITMAP
0000
0000
0000
0000
0E60
1FE0
19C0
0000
1F00
1F00
0300
0300
0300
0300
0300
0300
0300
0300
1FE0
1FE0
0000
0000
0000
0000
ENDCHAR
STARTCHAR uni012A
ENCODING 298
SWIDTH 583 0
DWIDTH 14 0
BBX 14 24 0 -4
BITMAP
0000
0FC0
0FC0
0000
1FE0
1FE0
0300
0300
0300
0300
0300
0300
0300
0300
0300
0300
0300
0300
1FE0
1FE0
0000
0000
0000
0000
ENDCHAR
STARTCHAR uni012B
ENCODING 299
SWIDTH 583 0
DWIDTH 14 0
BBX 14 24 0 -4
BITMAP
0000
0000
0000
0000
0000
0FC0
0FC0
0000
1F00
1F00
0300
0300
0300
0300
0300
0300
0300
0300
1FE0
1FE0
0000
0000
0000
0000
ENDCHAR
STARTCHAR uni012C
ENCODING 300
SWIDTH 583 0
DWIDTH 14 0
BBX 14 24 0 -4
BITMAP
0CC0
0FC0
0780
0000
1FE0
1FE0
0300
0300
0300
0300
0300
0300
0300
0300
0300
0300
0300
0300
1FE0
1FE0
0000
0000
0000
0000
ENDCHAR
STARTCHAR uni012D
ENCODING 301
SWIDTH 583 0
DWIDTH 14 0
BBX 14 24 0 -4
BITMAP
0000
0000
0000
0000
0CC0
0FC0
0780
0000
1F00
1F00
0300
0300
0300
0300
0300
0300
0300
0300
1FE0
1FE0
0000
0000
0000
0000
ENDCHAR
STARTCHAR uni012E
ENCODING 302
SWIDTH 583 0
DWIDTH 14 0
BBX 14 24 0 -4
BITMAP
0000
0000
0000
0000
1FE0
1FE0
0300
0300
0300
0300
0300
0300
0300
0300
0300
0300
0300
0300
1FE0
1FE0
0700
0600
0780
0380
ENDCHAR
STARTCHAR uni012F
ENCODING 303
SWIDTH 583 0
DWIDTH 14 0
BBX 14 24 0 -4
BITMAP
0000
0000
0000
0000
0300
0300
0000
0000
1F00
1F00
0300
0300
0300
0300
0300
0300
0300
0300
1FE0
1FE0
0700
0600
0780
0380
ENDCHAR
STARTCHAR uni0130
ENCODING 304
SWIDTH 583 0
DWIDTH 14 0
BBX 14 24 0 -4
BITMAP
0000
0300
0300
0000
1FE0
1FE0
0300
0300
0300
0300
0300
0300
0300
0300
0300
0300
0300
0300
1FE0
1FE0
0000
0000
0000
0000
ENDCHAR
STARTCHAR uni0131
ENCODING 305
SWIDTH 583 0
DWIDTH 14 0
BBX 14 24 0 -4
BITMAP
0000
0000
0000
0000
0000
0000
0000
0000
1F00
1F00
0300
0300
0300
0300
0300
0300
0300
0300
1FE0
1FE0
0000
0000
0000
0000
ENDCHAR
STARTCHAR uni0132
ENCODING 306
SWIDTH 583 0
DWIDTH 14 0
BBX 14 24 0 -4
BITMAP
0000
0000
0000
0000
FC0C
FC0C
300C
300C
300C
300C
300C
300C
300C
300C
360C
360C
360C
371C
FFF8
FDF0
0000
0000
0000
0000
ENDCHAR
STARTCHAR uni0133
ENCODING 307
SWIDTH 583 0
DWIDTH 14 0
BBX 14 24 0 -4
BITMAP
0000
0000
0000
0000
1818
1818
0000
0000
F8F8
F8F8
1818
1818
1818
1818
1818
1818
1818
1818
FF18
FF18
0018
0038
07F0
07E0
ENDCHAR
STARTCHAR uni0134
ENCODING 308
SWIDTH 583 0
DWIDTH 14 0
BBX 14 24 0 -4
BITMAP
0030
0078
00CC
0000
0030
0030
0030
0030
0030
0030
0030
0030
0030
0030
3030
3030
3030
3870
1FE0
0FC0
0000
0000
0000
0000
ENDCHAR
STARTCHAR uni0135
ENCODING 309
SWIDTH 583 0
DWIDTH 14 0
BBX 14 24 0 -4
BITMAP
0000
0000
0000
0000
0180
03C0
0660
0000
07C0
07C0
00C0
00C0
00C0
00C0
00C0
00C0
00C0
00C0
00C0
00C0
00C0
01C0
3F80
3F00
ENDCHAR
STARTCHAR uni0136
ENCODING 310
SWIDTH 583 0
DWIDTH 14 0
BBX 14 24 0 -4
BITMAP
0000
0000
0000
0000
3030
3070
30E0
31C0
3380
3700
3E00
3C00
3C00
3E00
3700
3380
31C0
30E0
3070
3730
0700
0300
0700
0600
ENDCHAR
STARTCHAR uni0137
ENCODING 311
SWIDTH 583 0
DWIDTH 14 0
BBX 14 24 0 -4
BITMAP
0000
0000
0000
0000
3000
3000
3000
3000
3030
3070
30E0
31C0
3380
3700
3F80
3DC0
38E0
3070
3030
3730
0700
0300
0700
0600
ENDCHAR
STARTCHAR uni0138
ENCODING 312
SWIDTH 583 0
DWIDTH 14 0
BBX 14 24 0 -4
BITMAP
0000
0000
0000
0000
0000
0000
0000
0000
3030
3070
30E0
31C0
3380
3700
3F80
3DC0
38E0
3070
3030
3030
0000
0000
0000
0000
ENDCHAR
STARTCHAR uni0139
ENCODING 313
SWIDTH 583 0
DWIDTH 14 0
BBX 14 24 0 -4
BITMAP
1800
3800
3000
0000
3000
3000
3000
3000
3000
3000
3000
3000
3000
3000
3000
3000
3000
3000
3FF0
3FF0
0000
0000
0000
0000
ENDCHAR
STARTCHAR uni013A
ENCODING 314
SWIDTH 583 0
DWIDTH 14 0
BBX 14 24 0 -4
BITMAP
0180
0380
0300
0000
1F00
1F00
0300
0300
0300
0300
0300
0300
0300
0300
0300
0300
0300
0300
03E0
01E0
0000
0000
0000
0000
ENDCHAR
STARTCHAR uni013B
ENCODING 315
SWIDTH 583 0
DWIDTH 14 0
BBX 14 24 0 -4
BITMAP
0000
0000
0000
0000
3000
3000
3000
3000
3000
3000
3000
3000
3000
3000
3000
3000
3000
3000
3FF0
3FF0
0380
0180
0380
0300
ENDCHAR
STARTCHAR uni013C
ENCODING 316
SWIDTH 583 0
DWIDTH 14 0
BBX 14 24 0 -4
BITMAP
0000
0000
0000
0000
1F00
1F00
0300
0300
0300
0300
0300
0300
0300
0300
0300
0300
0300
0300
03E0
01E0
01C0
00C0
01C0
0180
ENDCHAR
STARTCHAR uni013D
ENCODING 317
SWIDTH 583 0
DWIDTH 14 0
BBX 14 24 0 -4
BITMAP
0000
0000
0000
0000
3070
3070
3030
3070
3060
3000
3000
3000
3000
3000
3000
3000
3000
3000
3FF0
3FF0
0000
0000
0000
0000
ENDCHAR
STARTCHAR uni013E
ENCODING 318
SWIDTH 583 0
DWIDTH 14 0
BBX 14 24 0 -4
BITMAP
0000
0000
0000
0000
3E70
3E70
0630
0670
0660
0600
0600
0600
0600
0600
0600
0600
0600
0600
07C0
03C0
0000
0000
0000
0000
ENDCHAR
STARTCHAR uni013F
ENCODING 319
SWIDTH 583 0
DWIDTH 14 0
BBX 14 24 0 -4
BITMAP
0000
0000
0000
0000
3000
3000
3000
3000
3000
3000
3180
3180
3000
3000
3000
3000
3000
3000
3FF0
3FF0
0000
0000
0000
0000
ENDCHAR
STARTCHAR uni0140
ENCODING 320
SWIDTH 583 0
DWIDTH 14 0
BBX 14 24 0 -4
BITMAP
0000
0000
0000
0000
3E00
3E00
0600
0600
0600
0600
0600
0660
0660
0600
0600
0600
0600
0600
07C0
03C0
0000
0000
0000
0000
ENDCHAR
STARTCHAR uni0141
ENCODING 321
SWIDTH 583 0
DWIDTH 14 0
BBX 14 24 0 -4
BITMAP
0000
0000
0000
0000
3000
3000
3000
3600
3E00
3C00
3800
7000
F000
F000
3000
3000
3000
3000
3FE0
3FE0
0000
0000
0000
0000
ENDCHAR
STARTCHAR uni0142
ENCODING 322
SWIDTH 583 0
DWIDTH 14 0
BBX 14 24 0 -4
BITMAP
0000
0000
0000
0000
1F00
1F00
0300
0360
03E0
03C0
0380
0700
0F00
0F00
0300
0300
0300
0300
03E0
01E0
0000
0000
0000
0000
ENDCHAR
STARTCHAR uni0143
ENCODING 323
SWIDTH 583 0
DWIDTH 14 0
BBX 14 24 0 -4
BITMAP
0180
0380
0300
0000
3030
3830
3C30
3E30
3730
33B0
31F0
30F0
3070
3030
3030
3030
3030
3030
3030
3030
0000
0000
0000
0000
ENDCHAR
STARTCHAR uni0144
ENCODING 324
SWIDTH 583 0
DWIDTH 14 0
BBX 14 24 0 -4
BITMAP
0000
0000
0000
0000
0180
0380
0300
0000
3FC0
3FE0
3070
3030
3030
3030
3030
3030
3030
3030
3030
3030
0000
0000
0000
0000
ENDCHAR
STARTCHAR uni0145
ENCODING 325
SWIDTH 583 0
DWIDTH 14 0
BBX 14 24 0 -4
BITMAP
0000
0000
0000
0000
3030
3830
3C30
3E30
3730
33B0
31F0
30F0
3070
3030
3030
3030
3030
3030
3030
33B0
0380
0180
0380
0300
ENDCHAR
STARTCHAR uni0146
ENCODING 326
SWIDTH 583 0
DWIDTH 14 0
BBX 14 24 0 -4
BITMAP
0000
0000
0000
0000
0000
0000
0000
0000
3FC0
3FE0
3070
3030
3030
3030
3030
3030
3030
3030
3030
33B0
0380
0180
0380
0300
ENDCHAR
STARTCHAR uni0147
ENCODING 327
SWIDTH 583 0
DWIDTH 14 0
BBX 14 24 0 -4
BITMAP
0CC0
0780
0300
0000
3030
3830
3C30
3E30
3730
33B0
31F0
30F0
3070
3030
3030
3030
3030
3030
3030
3030
0000
0000
0000
0000
ENDCHAR
STARTCHAR uni0148
ENCODING 328
SWIDTH 583 0
DWIDTH 14 0
BBX 14 24 0 -4
BITMAP
0000
0000
0000
0000
0CC0
0780
0300
0000
3FC0
3FE0
3070
3030
3030
3030
3030
3030
3030
3030
3030
3030
0000
0000
0000
0000
ENDCHAR
STARTCHAR uni0149
ENCODING 329
SWIDTH 583 0
DWIDTH 14 0
BBX 14 24 0 -4
BITMAP
0000
0000
0000
0000
7000
7000
3000
7000
6FE0
0FF0
0C38
0C18
0C18
0C18
0C18
0C18
0C18
0C18
0C18
0C18
0000
0000
0000
0000
ENDCHAR
STARTCHAR uni014A
ENCODING 330
SWIDTH 583 0
DWIDTH 14 0
BBX 14 24 0 -4
BITMAP
0000
0000
0000
0000
3030
3830
3C30
3E30
3730
33B0
31F0
30F0
3070
3030
3030
3030
3030
3030
3030
3030
0030
0030
01F0
01E0
ENDCHAR
STARTCHAR uni014B
ENCODING 331
SWIDTH 583 0
DWIDTH 14 0
BBX 14 24 0 -4
BITMAP
0000
0000
0000
0000
0000
0000
0000
0000
3FC0
3FE0
3070
3030
3030
3030
3030
3030
3030
3030
3030
3030
0030
0030
01F0
01E0
ENDCHAR
STARTCHAR uni014C
ENCODING 332
SWIDTH 583 0
DWIDTH 14 0
BBX 14 24 0 -4
BITMAP
0000
0FC0
0FC0
0000
0FC0
1FE0
3870
3030
3030
3030
3030
3030
3030
3030
3030
3030
3030
3870
1FE0
0FC0
0000
0000
0000
0000
ENDCHAR
STARTCHAR uni014D
ENCODING 333
SWIDTH 583 0
DWIDTH 14 0
BBX 14 24 0 -4
BITMAP
0000
0000
0000
0000
0000
0FC0
0FC0
0000
0FC0
1FE0
3870
3030
3030
3030
3030
3030
3030
3870
1FE0
0FC0
0000
0000
0000
0000
ENDCHAR
STARTCHAR uni014E
ENCODING 334
SWIDTH 583 0
DWIDTH 14 0
BBX 14 24 0 -4
BITMAP
0CC0
0FC0
0780
0000
0FC0
1FE0
3870
3030
3030
3030
3030
3030
3030
3030
3030
3030
3030
3870
1FE0
0FC0
0000
0000
0000
0000
ENDCHAR
STARTCHAR uni014F
ENCODING 335
SWIDTH 583 0
DWIDTH 14 0
BBX 14 24 0 -4
BITMAP
0000
0000
0000
0000
0CC0
0FC0
0780
0000
0FC0
1FE0
3870
3030
3030
3030
3030
3030
3030
3870
1FE0
0FC0
0000
0000
0000
0000
ENDCHAR
STARTCHAR uni0150
ENCODING 336
SWIDTH 583 0
DWIDTH 14 0
BBX 14 24 0 -4
BITMAP
0660
0EE0
0CC0
0000
0FC0
1FE0
3870
3030
3030
3030
3030
3030
3030
3030
3030
3030
3030
3870
1FE0
0FC0
0000
0000
0000
0000
ENDCHAR
STARTCHAR uni0151
ENCODING 337
SWIDTH 583 0
DWIDTH 14 0
BBX 14 24 0 -4
BITMAP
0000
0000
0000
0000
0660
0EE0
0CC0
0000
0FC0
1FE0
3870
3030
3030
3030
3030
3030
3030
3870
1FE0
0FC0
0000
0000
0000
0000
ENDCHAR
STARTCHAR uni0152
ENCODING 338
SWIDTH 583 0
DWIDTH 14 0
BBX 14 24 0 -4
BITMAP
0000
0000
0000
0000
7CFC
FFFC
C780
C780
C780
C780
C780
C7F8
C7F8
C780
C780
C780
C780
C780
FFFC
7CFC
0000
0000
0000
0000
ENDCHAR
STARTCHAR uni0153
ENCODING 339
SWIDTH 583 0
DWIDTH 14 0
BBX 14 24 0 -4
BITMAP
0000
0000
0000
0000
0000
0000
0000
0000
7CF8
FFFC
C78C
C78C
C78C
C7FC
C7FC
C780
C780
C78C
FFFC
7CF8
0000
0000
0000
0000
ENDCHAR
STARTCHAR uni0154
ENCODING 340
SWIDTH 583 0
DWIDTH 14 0
BBX 14 24 0 -4
BITMAP
0180
0380
0300
0000
3FC0
3FE0
3070
3030
3030
3030
3070
3FE0
3FC0
3E00
3700
3380
31C0
30E0
3070
3030
0000
0000
0000
0000
ENDCHAR
STARTCHAR uni0155
ENCODING 341
SWIDTH 583 0
DWIDTH 14 0
BBX 14 24 0 -4
BITMAP
0000
0000
0000
0000
0180
0380
0300
0000
3FC0
3FE0
3070
3030
3000
3000
3000
3000
3000
3000
3000
3000
0000
0000
0000
0000
ENDCHAR
STARTCHAR uni0156
ENCODING 342
SWIDTH 583 0
DWIDTH 14 0
BBX 14 24 0 -4
BITMAP
0000
0000
0000
0000
3FC0
3FE0
3070
3030
3030
3030
3070
3FE0
3FC0
3E00
3700
3380
31C0
30E0
3070
3730
0700
0300
0700
0600
ENDCHAR
STARTCHAR uni0157
ENCODING 343
SWIDTH 583 0
DWIDTH 14 0
BBX 14 24 0 -4
BITMAP
0000
0000
0000
0000
0000
0000
0000
0000
3FC0
3FE0
3070
3030
3000
3000
3000
3000
3000
3000
3000
3700
0700
0300
0700
0600
ENDCHAR
STARTCHAR uni0158
ENCODING 344
SWIDTH 583 0
DWIDTH 14 0
BBX 14 24 0 -4
BITMAP
0CC0
0780
0300
0000
3FC0
3FE0
3070
3030
3030
3030
3070
3FE0
3FC0
3E00
3700
3380
31C0
30E0
3070
3030
0000
0000
0000
0000
ENDCHAR
STARTCHAR uni0159
ENCODING 345
SWIDTH 583 0
DWIDTH 14 0
BBX 14 24 0 -4
BITMAP
0000
0000
0000
0000
0CC0
0780
0300
0000
3FC0
3FE0
3070
3030
3000
3000
3000
3000
3000
3000
3000
3000
0000
0000
0000
0000
ENDCHAR
STARTCHAR uni015A
ENCODING 346
SWIDTH 583 0
DWIDTH 14 0
BBX 14 24 0 -4
BITMAP
0180
0380
0300
0000
0FC0
1FE0
3870
3030
3000
3000
3800
1FC0
0FE0
0070
0030
0030
3030
3870
1FE0
0FC0
0000
0000
0000
0000
ENDCHAR
STARTCHAR uni015B
ENCODING 347
SWIDTH 583 0
DWIDTH 14 0
BBX 14 24 0 -4
BITMAP
0000
0000
0000
0000
0180
0380
0300
0000
1FE0
3FF0
3030
3000
3000
3FE0
1FF0
0030
0030
3030
3FF0
1FE0
0000
0000
0000
0000
ENDCHAR
STARTCHAR uni015C
ENCODING 348
SWIDTH 583 0
DWIDTH 14 0
BBX 14 24 0 -4
BITMAP
0300
0780
0CC0
0000
0FC0
1FE0
3870
3030
3000
3000
3800
1FC0
0FE0
0070
0030
0030
3030
3870
1FE0
0FC0
0000
0000
0000
0000
ENDCHAR
STARTCHAR uni015D
ENCODING 349
SWIDTH 583 0
DWIDTH 14 0
BBX 14 24 0 -4
BITMAP
0000
0000
0000
0000
0300
0780
0CC0
0000
1FE0
3FF0
3030
3000
3000
3FE0
1FF0
0030
0030
3030
3FF0
1FE0
0000
0000
0000
0000
ENDCHAR
STARTCHAR uni015E
ENCODING 350
SWIDTH 583 0
DWIDTH 14 0
BBX 14 24 0 -4
BITMAP
0000
0000
0000
0000
0FC0
1FE0
3870
3030
3000
3000
3800
1FC0
0FE0
0070
0030
0030
3030
3870
1FE0
0FC0
0380
01C0
0FC0
0F80
ENDCHAR
STARTCHAR uni015F
ENCODING 351
SWIDTH 583 0
DWIDTH 14 0
BBX 14 24 0 -4
BITMAP
0000
0000
0000
0000
0000
0000
0000
0000
1FE0
3FF0
3030
3000
3000
3FE0
1FF0
0030
0030
3030
3FF0
1FE0
0380
01C0
0FC0
0F80
ENDCHAR
STARTCHAR uni0160
ENCODING 352
SWIDTH 583 0
DWIDTH 14 0
BBX 14 24 0 -4
BITMAP
0CC0
0780
0300
0000
0FC0
1FE0
3870
3030
3000
3000
3800
1FC0
0FE0
0070
0030
0030
3030
3870
1FE0
0FC0
0000
0000
0000
0000
ENDCHAR
STARTCHAR uni0161
ENCODING 353
SWIDTH 583 0
DWIDTH 14 0
BBX 14 24 0 -4
BITMAP
0000
0000
0000
0000
0CC0
0780
0300
0000
1FE0
3FF0
3030
3000
3000
3FE0
1FF0
0030
0030
3030
3FF0
1FE0
0000
0000
0000
0000
ENDCHAR
STARTCHAR uni0162
ENCODING 354
SWIDTH 583 0
DWIDTH 14 0
BBX 14 24 0 -4
BITMAP
0000
0000
0000
0000
3FF0
3FF0
0300
0300
0300
0300
0300
0300
0300
0300
0300
0300
0300
0300
0300
0300
0380
01C0
0FC0
0F80
ENDCHAR
STARTCHAR uni0163
ENCODING 355
SWIDTH 583 0
DWIDTH 14 0
BBX 14 24 0 -4
BITMAP
0000
0000
0000
0000
0C00
0C00
0C00
0C00
3FF0
3FF0
0C00
0C00
0C00
0C00
0C00
0C00
0C00
0E00
07F0
03F0
0380
01C0
0FC0
0F80
ENDCHAR
STARTCHAR uni0164
ENCODING 356
SWIDTH 583 0
DWIDTH 14 0
BBX 14 24 0 -4
BITMAP
0CC0
0780
0300
0000
3FF0
3FF0
0300
0300
0300
0300
0300
0300
0300
0300
0300
0300
0300
0300
0300
0300
0000
0000
0000
0000
ENDCHAR
STARTCHAR uni0165
ENCODING 357
SWIDTH 583 0
DWIDTH 14 0
BBX 14 24 0 -4
BITMAP
0000
0000
00E0
00E0
0C60
0CE0
0CC0
0C00
3FF0
3FF0
0C00
0C00
0C00
0C00
0C00
0C00
0C00
0E00
07F0
03F0
0000
0000
0000
0000
ENDCHAR
STARTCHAR uni0166
ENCODING 358
SWIDTH 583 0
DWIDTH 14 0
BBX 14 24 0 -4
BITMAP
0000
0000
0000
0000
3FF0
3FF0
0300
0300
0300
0300
0300
1FE0
1FE0
0300
0300
0300
0300
0300
0300
0300
0000
0000
0000
0000
ENDCHAR
STARTCHAR uni0167
ENCODING 359
SWIDTH 583 0
DWIDTH 14 0
BBX 14 24 0 -4
BITMAP
0000
0000
0000
0000
0C00
0C00
0C00
0C00
3FF0
3FF0
0C00
0C00
0C00
3F80
3F80
0C00
0C00
0E00
07F0
03F0
0000
0000
0000
0000
ENDCHAR
STARTCHAR uni0168
ENCODING 360
SWIDTH 583 0
DWIDTH 14 0
BBX 14 24 0 -4
BITMAP
0E60
1FE0
19C0
0000
3030
3030
3030
3030
3030
3030
3030
3030
3030
3030
3030
3030
3030
3870
1FE0
0FC0
0000
0000
0000
0000
ENDCHAR
STARTCHAR uni0169
ENCODING 361
SWIDTH 583 0
DWIDTH 14 0
BBX 14 24 0 -4
BITMAP
0000
0000
0000
0000
0E60
1FE0
19C0
0000
3030
3030
3030
3030
3030
3030
3030
3030
3030
3830
1FF0
0FF0
0000
0000
0000
0000
ENDCHAR
STARTCHAR uni016A
ENCODING 362
SWIDTH 583 0
DWIDTH 14 0
BBX 14 24 0 -4
BITMAP
0000
0FC0
0FC0
0000
3030
3030
3030
3030
3030
3030
3030
3030
3030
3030
3030
3030
3030
3870
1FE0
0FC0
0000
0000
0000
0000
ENDCHAR
STARTCHAR uni016B
ENCODING 363
SWIDTH 583 0
DWIDTH 14 0
BBX 14 24 0 -4
BITMAP
0000
0000
0000
0000
0000
0FC0
0FC0
0000
3030
3030
3030
3030
3030
3030
3030
3030
3030
3830
1FF0
0FF0
0000
0000
0000
0000
ENDCHAR
STARTCHAR uni016C
ENCODING 364
SWIDTH 583 0
DWIDTH 14 0
BBX 14 24 0 -4
BITMAP
0CC0
0FC0
0780
0000
3030
3030
3030
3030
3030
3030
3030
3030
3030
3030
3030
3030
3030
3870
1FE0
0FC0
0000
0000
0000
0000
ENDCHAR
STARTCHAR uni016D
ENCODING 365
SWIDTH 583 0
DWIDTH 14 0
BBX 14 24 0 -4
BITMAP
0000
0000
0000
0000
0CC0
0FC0
0780
0000
3030
3030
3030
3030
3030
3030
3030
3030
3030
3830
1FF0
0FF0
0000
0000
0000
0000
ENDCHAR
STARTCHAR uni016E
ENCODING 366
SWIDTH 583 0
DWIDTH 14 0
BBX 14 24 0 -4
BITMAP
0780
0FC0
0CC0
0FC0
37B0
3030
3030
3030
3030
3030
3030
3030
3030
3030
3030
3030
3030
3870
1FE0
0FC0
0000
0000
0000
0000
ENDCHAR
STARTCHAR uni016F
ENCODING 367
SWIDTH 583 0
DWIDTH 14 0
BBX 14 24 0 -4
BITMAP
0000
0000
0000
0780
0FC0
0CC0
0FC0
0780
3030
3030
3030
3030
3030
3030
3030
3030
3030
3830
1FF0
0FF0
0000
0000
0000
0000
ENDCHAR
STARTCHAR uni0170
ENCODING 368
SWIDTH 583 0
DWIDTH 14 0
BBX 14 24 0 -4
BITMAP
0660
0EE0
0CC0
0000
3030
3030
3030
3030
3030
3030
3030
3030
3030
3030
3030
3030
3030
3870
1FE0
0FC0
0000
0000
0000
0000
ENDCHAR
STARTCHAR uni0171
ENCODING 369
SWIDTH 583 0
DWIDTH 14 0
BBX 14 24 0 -4
BITMAP
0000
0000
0000
0000
0660
0EE0
0CC0
0000
3030
3030
3030
3030
3030
3030
3030
3030
3030
3830
1FF0
0FF0
0000
0000
0000
0000
ENDCHAR
STARTCHAR uni0172
ENCODING 370
SWIDTH 583 0
DWIDTH 14 0
BBX 14 24 0 -4
BITMAP
0000
0000
0000
0000
3030
3030
3030
3030
3030
3030
3030
3030
3030
3030
3030
3030
3030
3870
1FE0
0FC0
0380
0300
03C0
01C0
ENDCHAR
STARTCHAR uni0173
ENCODING 371
SWIDTH 583 0
DWIDTH 14 0
BBX 14 24 0 -4
BITMAP
0000
0000
0000
0000
0000
0000
0000
0000
3030
3030
3030
3030
3030
3030
3030
3030
3030
3830
1FF0
0FF0
0070
0060
0078
0038
ENDCHAR
STARTCHAR uni0174
ENCODING 372
SWIDTH 583 0
DWIDTH 14 0
BBX 14 24 0 -4
BITMAP
0300
0780
0CC0
0000
3030
3030
3030
3030
3030
3030
3030
3030
3030
3030
3330
37B0
3FF0
3CF0
3870
3030
0000
0000
0000
0000
ENDCHAR
STARTCHAR uni0175
ENCODING 373
SWIDTH 583 0
DWIDTH 14 0
BBX 14 24 0 -4
BITMAP
0000
0000
0000
0000
0300
0780
0CC0
0000
3030
3030
3030
3030
3030
3030
3330
37B0
3FF0
3CF0
3870
3030
0000
0000
0000
0000
ENDCHAR
STARTCHAR uni0176
ENCODING 374
SWIDTH 583 0
DWIDTH 14 0
BBX 14 24 0 -4
BITMAP
0300
0780
0CC0
0000
3030
3030
3030
3030
3870
1CE0
0FC0
0780
0300
0300
0300
0300
0300
0300
0300
0300
0000
0000
0000
0000
ENDCHAR
STARTCHAR uni0177
ENCODING 375
SWIDTH 583 0
DWIDTH 14 0
BBX 14 24 0 -4
BITMAP
0000
0000
0000
0000
0300
0780
0CC0
0000
3030
3030
3030
3030
3030
3030
3030
3830
1C30
0FF0
07F0
0070
00E0
01C0
3F80
3F00
ENDCHAR
STARTCHAR uni0178
ENCODING 376
SWIDTH 583 0
DWIDTH 14 0
BBX 14 24 0 -4
BITMAP
0000
0CC0
0CC0
0000
3030
3030
3030
3030
3870
1CE0
0FC0
0780
0300
0300
0300
0300
0300
0300
0300
0300
0000
0000
0000
0000
ENDCHAR
STARTCHAR uni0179
ENCODING 377
SWIDTH 583 0
DWIDTH 14 0
BBX 14 24 0 -4
BITMAP
0180
0380
0300
0000
3FF0
3FF0
0030
0030
0070
00E0
01C0
0380
0700
0E00
1C00
3800
3000
3000
3FF0
3FF0
0000
0000
0000
0000
ENDCHAR
STARTCHAR uni017A
ENCODING 378
SWIDTH 583 0
DWIDTH 14 0
BBX 14 24 0 -4
BITMAP
0000
0000
0000
0000
0180
0380
0300
0000
3FF0
3FF0
0070
00E0
01C0
0380
0700
0E00
1C00
3800
3FF0
3FF0
0000
0000
0000
0000
ENDCHAR
STARTCHAR uni017B
ENCODING 379
SWIDTH 583 0
DWIDTH 14 0
BBX 14 24 0 -4
BITMAP
0000
0300
0300
0000
3FF0
3FF0
0030
0030
0070
00E0
01C0
0380
0700
0E00
1C00
3800
3000
3000
3FF0
3FF0
0000
0000
0000
0000
ENDCHAR
STARTCHAR uni017C
ENCODING 380
SWIDTH 583 0
DWIDTH 14 0
BBX 14 24 0 -4
BITMAP
0000
0000
0000
0000
0000
0300
0300
0000
3FF0
3FF0
0070
00E0
01C0
0380
0700
0E00
1C00
3800
3FF0
3FF0
0000
0000
0000
0000
ENDCHAR
STARTCHAR uni017D
ENCODING 381
SWIDTH 583 0
DWIDTH 14 0
BBX 14 24 0 -4
BITMAP
0CC0
0780
0300
0000
3FF0
3FF0
0030
0030
0070
00E0
01C0
0380
0700
0E00
1C00
3800
3000
3000
3FF0
3FF0
0000
0000
0000
0000
ENDCHAR
STARTCHAR uni017E
ENCODING 382
SWIDTH 583 0
DWIDTH 14 0
BBX 14 24 0 -4
BITMAP
0000
0000
0000
0000
0CC0
0780
0300
0000
3FF0
3FF0
0070
00E0
01C0
0380
0700
0E00
1C00
3800
3FF0
3FF0
0000
0000
0000
0000
ENDCHAR
STARTCHAR uni017F
ENCODING 383
SWIDTH 583 0
DWIDTH 14 0
BBX 14 24 0 -4
BITMAP
0000
0000
0000
0000
07E0
0FF0
1C30
1800
1800
1800
1800
1800
1800
1800
1800
1800
1800
1800
1800
1800
0000
0000
0000
0000
ENDCHAR
STARTCHAR uni0192
ENCODING 402
SWIDTH 583 0
DWIDTH 14 0
BBX 14 24 0 -4
BITMAP
0000
0000
0000
0000
00F0
01F0
0380
0300
0300
3FF0
3FF0
0300
0300
0300
0300
0300
0300
0300
0300
0300
0300
0700
3E00
3C00
ENDCHAR
STARTCHAR uni0193
ENCODING 403
SWIDTH 583 0
DWIDTH 14 0
BBX 14 24 0 -4
BITMAP
0000
0038
0078
0060
0FF0
1FF0
3800
3000
3000
3000
3000
31F0
31F0
3030
3030
3030
3030
3830
1FF0
0FF0
0000
0000
0000
0000
ENDCHAR
STARTCHAR uni0384
ENCODING 900
SWIDTH 583 0
DWIDTH 14 0
BBX 14 24 0 -4
BITMAP
0000
0000
0000
0000
0180
0180
0300
0300
0000
0000
0000
0000
0000
0000
0000
0000
0000
0000
0000
0000
0000
0000
0000
0000
ENDCHAR
STARTCHAR uni0385
ENCODING 901
SWIDTH 583 0
DWIDTH 14 0
BBX 14 24 0 -4
BITMAP
0000
0000
0000
0180
0180
1B60
1B60
0000
0000
0000
0000
0000
0000
0000
0000
0000
0000
0000
0000
0000
0000
0000
0000
0000
ENDCHAR
STARTCHAR uni0386
ENCODING 902
SWIDTH 583 0
DWIDTH 14 0
BBX 14 24 0 -4
BITMAP
0000
0000
0000
0000
1B00
1B00
3300
3780
0780
0780
0FC0
0CC0
0CC0
1860
1860
1FE0
3FF0
3030
3030
3030
0000
0000
0000
0000
ENDCHAR
STARTCHAR uni0387
ENCODING 903
SWIDTH 583 0
DWIDTH 14 0
BBX 14 24 0 -4
BITMAP
0000
0000
0000
0000
0000
0000
0000
0000
0000
0000
0300
0780
0780
0300
0000
0000
0000
0000
0000
0000
0000
0000
0000
0000
ENDCHAR
STARTCHAR uni0388
ENCODING 904
SWIDTH 583 0
DWIDTH 14 0
BBX 14 24 0 -4
BITMAP
0000
0000
0000
0000
6FF8
6FF8
CC00
CC00
0C00
0C00
0C00
0FE0
0FE0
0C00
0C00
0C00
0C00
0C00
0FF8
0FF8
0000
0000
0000
0000
ENDCHAR
STARTCHAR uni0389
ENCODING 905
SWIDTH 583 0
DWIDTH 14 0
BBX 14 24 0 -4
BITMAP
0000
0000
0000
0000
6C18
6C18
CC18
CC18
0C18
0C18
0C18
0FF8
0FF8
0C18
0C18
0C18
0C18
0C18
0C18
0C18
0000
0000
0000
0000
ENDCHAR
STARTCHAR uni038A
ENCODING 906
SWIDTH 583 0
DWIDTH 14 0
BBX 14 24 0 -4
BITMAP
0000
0000
0000
0000
6FF0
6FF0
C180
C180
0180
0180
0180
0180
0180
0180
0180
0180
0180
0180
0FF0
0FF0
0000
0000
0000
0000
ENDCHAR
STARTCHAR uni038C
ENCODING 908
SWIDTH 583 0
DWIDTH 14 0
BBX 14 24 0 -4
BITMAP
0000
0000
0000
0000
67E0
6FF0
DC38
D818
1818
1818
1818
1818
1818
1818
1818
1818
1818
1C38
0FF0
07E0
0000
0000
0000
0000
ENDCHAR
STARTCHAR uni038E
ENCODING 910
SWIDTH 583 0
DWIDTH 14 0
BBX 14 24 0 -4
BITMAP
0000
0000
0000
0000
6C0C
6C0C
CC0C
CC0C
0C0C
0E1C
0738
03F0
01E0
00C0
00C0
00C0
00C0
00C0
00C0
00C0
0000
0000
0000
0000
ENDCHAR
STARTCHAR uni038F
ENCODING 911
SWIDTH 583 0
DWIDTH 14 0
BBX 14 24 0 -4
BITMAP
0000
0000
0000
0000
67E0
6FF0
DC38
D818
1818
1818
1818
1818
1818
1C38
0E70
0660
0660
0660
1E78
1E78
0000
0000
0000
0000
ENDCHAR
STARTCHAR uni0390
ENCODING 912
SWIDTH 583 0
DWIDTH 14 0
BBX 14 24 0 -4
BITMAP
0000
0000
0000
0180
0180
1B60
1B60
0000
1F00
1F00
0300
0300
0300
0300
0300
0300
0300
0360
03E0
01C0
0000
0000
0000
0000
ENDCHAR
STARTCHAR uni0391
ENCODING 913
SWIDTH 583 0
DWIDTH 14 0
BBX 14 24 0 -4
BITMAP
0000
0000
0000
0000
0300
0300
0300
0780
0780
0780
0FC0
0CC0
0CC0
1860
1860
1FE0
3FF0
3030
3030
3030
0000
0000
0000
0000
ENDCHAR
STARTCHAR uni0392
ENCODING 914
SWIDTH 583 0
DWIDTH 14 0
BBX 14 24 0 -4
BITMAP
0000
0000
0000
0000
3FC0
3FE0
3070
3030
3030
3030
3070
3FE0
3FE0
3070
3030
3030
3030
3070
3FE0
3FC0
0000
0000
0000
0000
ENDCHAR
STARTCHAR uni0393
ENCODING 915
SWIDTH 583 0
DWIDTH 14 0
BBX 14 24 0 -4
BITMAP
0000
0000
0000
0000
3FF0
3FF0
3000
3000
3000
3000
3000
3000
3000
3000
3000
3000
3000
3000
3000
3000
0000
0000
0000
0000
ENDCHAR
STARTCHAR uni0394
ENCODING 916
SWIDTH 583 0
DWIDTH 14 0
BBX 14 24 0 -4
BITMAP
0000
0000
0000
0000
0300
0300
0300
0780
0780
0FC0
0CC0
0CC0
1CE0
1860
1860
3870
3030
3030
7FF8
7FF8
0000
0000
0000
0000
ENDCHAR
STARTCHAR uni0395
ENCODING 917
SWIDTH 583 0
DWIDTH 14 0
BBX 14 24 0 -4
BITMAP
0000
0000
0000
0000
3FF0
3FF0
3000
3000
3000
3000
3000
3FE0
3FE0
3000
3000
3000
3000
3000
3FF0
3FF0
0000
0000
0000
0000
ENDCHAR
STARTCHAR uni0396
ENCODING 918
SWIDTH 583 0
DWIDTH 14 0
BBX 14 24 0 -4
BITMAP
0000
0000
0000
0000
3FF0
3FF0
0030
0030
0070
00E0
01C0
0380
0700
0E00
1C00
3800
3000
3000
3FF0
3FF0
0000
0000
0000
0000
ENDCHAR
STARTCHAR uni0397
ENCODING 919
SWIDTH 583 0
DWIDTH 14 0
BBX 14 24 0 -4
BITMAP
0000
0000
0000
0000
3030
3030
3030
3030
3030
3030
3030
3FF0
3FF0
3030
3030
3030
3030
3030
3030
3030
0000
0000
0000
0000
ENDCHAR
STARTCHAR uni0398
ENCODING 920
SWIDTH 583 0
DWIDTH 14 0
BBX 14 24 0 -4
BITMAP
0000
0000
0000
0000
0FC0
1FE0
3870
3030
7038
6018
6018
6798
6798
6018
6018
7038
3030
3870
1FE0
0FC0
0000
0000
0000
0000
ENDCHAR
STARTCHAR uni0399
ENCODING 921
SWIDTH 583 0
DWIDTH 14 0
BBX 14 24 0 -4
BITMAP
0000
0000
0000
0000
1FE0
1FE0
0300
0300
0300
0300
0300
0300
0300
0300
0300
0300
0300
0300
1FE0
1FE0
0000
0000
0000
0000
ENDCHAR
STARTCHAR uni039A
ENCODING 922
SWIDTH 583 0
DWIDTH 14 0
BBX 14 24 0 -4
BITMAP
0000
0000
0000
0000
3030
3070
30E0
31C0
3380
3700
3E00
3C00
3C00
3E00
3700
3380
31C0
30E0
3070
3030
0000
0000
0000
0000
ENDCHAR
STARTCHAR uni039B
ENCODING 923
SWIDTH 583 0
DWIDTH 14 0
BBX 14 24 0 -4
BITMAP
0000
0000
0000
0000
0300
0300
0300
0780
0780
0780
0FC0
0CC0
0CC0
1CE0
1860
1860
3870
3030
3030
3030
0000
0000
0000
0000
ENDCHAR
STARTCHAR uni039C
ENCODING 924
SWIDTH 583 0
DWIDTH 14 0
BBX 14 24 0 -4
BITMAP
0000
0000
0000
0000
3030
3030
3030
3870
3870
3870
3CF0
3CF0
3CF0
3FF0
37B0
37B0
37B0
3330
3330
3330
0000
0000
0000
0000
ENDCHAR
STARTCHAR uni039D
ENCODING 925
SWIDTH 583 0
DWIDTH 14 0
BBX 14 24 0 -4
BITMAP
0000
0000
0000
0000
3830
3830
3C30
3C30
3E30
3630
3730
3330
33B0
31B0
31F0
30F0
30F0
3070
3070
3030
0000
0000
0000
0000
ENDCHAR
STARTCHAR uni039E
ENCODING 926
SWIDTH 583 0
DWIDTH 14 0
BBX 14 24 0 -4
BITMAP
0000
0000
0000
0000
3FF0
3FF0
0000
0000
0000
0000
0000
1FE0
1FE0
0000
0000
0000
0000
0000
3FF0
3FF0
0000
0000
0000
0000
ENDCHAR
STARTCHAR uni039F
ENCODING 927
SWIDTH 583 0
DWIDTH 14 0
BBX 14 24 0 -4
BITMAP
0000
0000
0000
0000
0FC0
1FE0
3870
3030
7038
6018
6018
6018
6018
6018
6018
7038
3030
3870
1FE0
0FC0
0000
0000
0000
0000
ENDCHAR
STARTCHAR uni03A0
ENCODING 928
SWIDTH 583 0
DWIDTH 14 0
BBX 14 24 0 -4
BITMAP
0000
0000
0000
0000
7FF8
7FF8
1860
1860
1860
1860
1860
1860
1860
1860
1860
1860
1860
1860
1860
1860
0000
0000
0000
0000
ENDCHAR
STARTCHAR uni03A1
ENCODING 929
SWIDTH 583 0
DWIDTH 14 0
BBX 14 24 0 -4
BITMAP
0000
0000
0000
0000
3FC0
3FE0
3070
3030
3030
3030
3070
3FE0
3FC0
3000
3000
3000
3000
3000
3000
3000
0000
0000
0000
0000
ENDCHAR
STARTCHAR uni03A3
ENCODING 931
SWIDTH 583 0
DWIDTH 14 0
BBX 14 24 0 -4
BITMAP
0000
0000
0000
0000
3FF0
3FF0
1C00
0E00
0700
0380
01C0
00E0
00E0
01C0
0380
0700
0E00
1C00
3FF0
3FF0
0000
0000
0000
0000
ENDCHAR
STARTCHAR uni03A4
ENCODING 932
SWIDTH 583 0
DWIDTH 14 0
BBX 14 24 0 -4
BITMAP
0000
0000
0000
0000
3FF0
3FF0
0300
0300
0300
0300
0300
0300
0300
0300
0300
0300
0300
0300
0300
0300
0000
0000
0000
0000
ENDCHAR
STARTCHAR uni03A5
ENCODING 933
SWIDTH 583 0
DWIDTH 14 0
BBX 14 24 0 -4
BITMAP
0000
0000
0000
0000
3030
3030
3030
3030
3030
3870
1CE0
0FC0
0780
0300
0300
0300
0300
0300
0300
0300
0000
0000
0000
0000
ENDCHAR
STARTCHAR uni03A6
ENCODING 934
SWIDTH 583 0
DWIDTH 14 0
BBX 14 24 0 -4
BITMAP
0000
0000
0000
0000
0300
0300
1FE0
3FF0
7338
6318
6318
6318
6318
6318
6318
7338
3FF0
1FE0
0300
0300
0000
0000
0000
0000
ENDCHAR
STARTCHAR uni03A7
ENCODING 935
SWIDTH 583 0
DWIDTH 14 0
BBX 14 24 0 -4
BITMAP
0000
0000
0000
0000
3030
3030
3030
3030
3870
1CE0
0FC0
0780
0780
0FC0
1CE0
3870
3030
3030
3030
3030
0000
0000
0000
0000
ENDCHAR
STARTCHAR uni03A8
ENCODING 936
SWIDTH 583 0
DWIDTH 14 0
BBX 14 24 0 -4
BITMAP
0000
0000
0000
0000
6318
6318
6318
6318
6318
6318
6318
7338
3FF0
1FE0
0300
0300
0300
0300
0300
0300
0000
0000
0000
0000
ENDCHAR
STARTCHAR uni03A9
ENCODING 937
SWIDTH 583 0
DWIDTH 14 0
BBX 14 24 0 -4
BITMAP
0000
0000
0000
0000
0FC0
1FE0
3870
3030
3030
3030
3030
3030
3030
3870
1CE0
0CC0
0CC0
0CC0
3CF0
3CF0
0000
0000
0000
0000
ENDCHAR
STARTCHAR uni03AA
ENCODING 938
SWIDTH 583 0
DWIDTH 14 0
BBX 14 24 0 -4
BITMAP
0000
0CC0
0CC0
0000
1FE0
1FE0
0300
0300
0300
0300
0300
0300
0300
0300
0300
0300
0300
0300
1FE0
1FE0
0000
0000
0000
0000
ENDCHAR
STARTCHAR uni03AB
ENCODING 939
SWIDTH 583 0
DWIDTH 14 0
BBX 14 24 0 -4
BITMAP
0000
0CC0
0CC0
0000
3030
3030
3030
3030
3030
3870
1CE0
0FC0
0780
0300
0300
0300
0300
0300
0300
0300
0000
0000
0000
0000
ENDCHAR
STARTCHAR uni03AC
ENCODING 940
SWIDTH 583 0
DWIDTH 14 0
BBX 14 24 0 -4
BITMAP
0000
0000
0000
0180
0180
0300
0300
0000
0F98
1FD8
38F8
3070
3070
3060
3060
3060
30E0
39F0
1FB8
0F18
0000
0000
0000
0000
ENDCHAR
STARTCHAR uni03AD
ENCODING 941
SWIDTH 583 0
DWIDTH 14 0
BBX 14 24 0 -4
BITMAP
0000
0000
0000
0180
0180
0300
0300
0000
1FE0
3FF0
3030
3000
3800
1F80
1F80
3800
3000
3030
3FF0
1FE0
0000
0000
0000
0000
ENDCHAR
STARTCHAR uni03AE
ENCODING 942
SWIDTH 583 0
DWIDTH 14 0
BBX 14 24 0 -4
BITMAP
0000
0000
0000
0180
0180
0300
0300
0000
3FC0
3FE0
3070
3030
3030
3030
3030
3030
3030
3030
3030
3030
0030
0030
0030
0030
ENDCHAR
STARTCHAR uni03AF
ENCODING 943
SWIDTH 583 0
DWIDTH 14 0
BBX 14 24 0 -4
BITMAP
0000
0000
0000
0180
0180
0300
0300
0000
1F00
1F00
0300
0300
0300
0300
0300
0300
0300
0360
03E0
01C0
0000
0000
0000
0000
ENDCHAR
STARTCHAR uni03B0
ENCODING 944
SWIDTH 583 0
DWIDTH 14 0
BBX 14 24 0 -4
BITMAP
0000
0000
0000
0180
0180
1B60
1B60
0000
6030
7030
3030
3030
3030
3030
3030
3030
3030
3870
1FE0
0FC0
0000
0000
0000
0000
ENDCHAR
STARTCHAR uni03B1
ENCODING 945
SWIDTH 583 0
DWIDTH 14 0
BBX 14 24 0 -4
BITMAP
0000
0000
0000
0000
0000
0000
0000
0000
0F98
1FD8
38F8
3070
3070
3060
3060
3060
30E0
39F0
1FB8
0F18
0000
0000
0000
0000
ENDCHAR
STARTCHAR uni03B2
ENCODING 946
SWIDTH 583 0
DWIDTH 14 0
BBX 14 24 0 -4
BITMAP
0000
0000
0000
0000
0F80
1FC0
38E0
3060
3060
3060
30E0
33C0
33E0
3070
3030
3030
3030
3070
33E0
33C0
3000
3000
3000
3000
ENDCHAR
STARTCHAR uni03B3
ENCODING 947
SWIDTH 583 0
DWIDTH 14 0
BBX 14 24 0 -4
BITMAP
0000
0000
0000
0000
0000
0000
0000
0000
7030
7830
1870
1C60
0CE0
0EC0
07C0
0780
0380
0300
0300
0300
0300
0300
0300
0300
ENDCHAR
STARTCHAR uni03B4
ENCODING 948
SWIDTH 583 0
DWIDTH 14 0
BBX 14 24 0 -4
BITMAP
0000
0000
0000
0000
3FF0
3FF0
1C00
0E00
0700
0F80
1FC0
38E0
3070
3030
3030
3030
3030
3870
1FE0
0FC0
0000
0000
0000
0000
ENDCHAR
STARTCHAR uni03B5
ENCODING 949
SWIDTH 583 0
DWIDTH 14 0
BBX 14 24 0 -4
BITMAP
0000
0000
0000
0000
0000
0000
0000
0000
1FE0
3FF0
3030
3000
3800
1F80
1F80
3800
3000
3030
3FF0
1FE0
0000
0000
0000
0000
ENDCHAR
STARTCHAR uni03B6
ENCODING 950
SWIDTH 583 0
DWIDTH 14 0
BBX 14 24 0 -4
BITMAP
0000
0000
0000
0000
3FF0
3FF0
0070
00E0
01C0
0380
0700
0E00
1C00
1800
3800
3000
3000
3800
1FE0
0FF0
0030
0030
0070
0060
ENDCHAR
STARTCHAR uni03B7
ENCODING 951
SWIDTH 583 0
DWIDTH 14 0
BBX 14 24 0 -4
BITMAP
0000
0000
0000
0000
0000
0000
0000
0000
3FC0
3FE0
3070
3030
3030
3030
3030
3030
3030
3030
3030
3030
0030
0030
0030
0030
ENDCHAR
STARTCHAR uni03B8
ENCODING 952
SWIDTH 583 0
DWIDTH 14 0
BBX 14 24 0 -4
BITMAP
0000
0000
0000
0000
0FC0
1FE0
3870
3030
3030
3030
3030
3FF0
3FF0
3030
3030
3030
3030
3870
1FE0
0FC0
0000
0000
0000
0000
ENDCHAR
STARTCHAR uni03B9
ENCODING 953
SWIDTH 583 0
DWIDTH 14 0
BBX 14 24 0 -4
BITMAP
0000
0000
0000
0000
0000
0000
0000
0000
1F00
1F00
0300
0300
0300
0300
0300
0300
0300
0360
03E0
01C0
0000
0000
0000
0000
ENDCHAR
STARTCHAR uni03BA
ENCODING 954
SWIDTH 583 0
DWIDTH 14 0
BBX 14 24 0 -4
BITMAP
0000
0000
0000
0000
0000
0000
0000
0000
3070
30F0
31C0
3380
3700
3E00
3C00
3E00
3700
33B0
31F0
30E0
0000
0000
0000
0000
ENDCHAR
STARTCHAR uni03BB
ENCODING 955
SWIDTH 583 0
DWIDTH 14 0
BBX 14 24 0 -4
BITMAP
0000
0000
0000
0000
1F00
1F80
01C0
00C0
01C0
01C0
03C0
03C0
07C0
06C0
0EC0
0CC0
1CC0
18C0
38F0
3070
0000
0000
0000
0000
ENDCHAR
STARTCHAR uni03BC
ENCODING 956
SWIDTH 583 0
DWIDTH 14 0
BBX 14 24 0 -4
BITMAP
0000
0000
0000
0000
0000
0000
0000
0000
3030
3030
3030
3030
3030
3030
3030
3030
3030
3870
3FF8
3FD8
3000
3000
3000
3000
ENDCHAR
STARTCHAR uni03BD
ENCODING 957
SWIDTH 583 0
DWIDTH 14 0
BBX 14 24 0 -4
BITMAP
0000
0000
0000
0000
0000
0000
0000
0000
3030
3830
1830
1870
1860
18E0
19C0
1B80
1F00
1E00
1C00
1800
0000
0000
0000
0000
ENDCHAR
STARTCHAR uni03BE
ENCODING 958
SWIDTH 583 0
DWIDTH 14 0
BBX 14 24 0 -4
BITMAP
0000
0000
0000
0000
1FF0
1FF0
07C0
0F00
1C00
1800
1800
1C00
0FC0
1FC0
3800
3000
3000
3800
1FE0
0FF0
0030
0030
0070
0060
ENDCHAR
STARTCHAR uni03BF
ENCODING 959
SWIDTH 583 0
DWIDTH 14 0
BBX 14 24 0 -4
BITMAP
0000
0000
0000
0000
0000
0000
0000
0000
0FC0
1FE0
3870
3030
3030
3030
3030
3030
3030
3870
1FE0
0FC0
0000
0000
0000
0000
ENDCHAR
STARTCHAR uni03C0
ENCODING 960
SWIDTH 583 0
DWIDTH 14 0
BBX 14 24 0 -4
BITMAP
0000
0000
0000
0000
0000
0000
0000
0000
7FF0
7FF0
18C0
18C0
18C0
18C0
18C0
18C0
18C0
38D8
70F8
6070
0000
0000
0000
0000
ENDCHAR
STARTCHAR uni03C1
ENCODING 961
SWIDTH 583 0
DWIDTH 14 0
BBX 14 24 0 -4
BITMAP
0000
0000
0000
0000
0000
0000
0000
0000
0FC0
1FE0
3870
3030
3030
3030
3030
3030
3030
3070
3FE0
3FC0
3000
3000
3000
3000
ENDCHAR
STARTCHAR uni03C2
ENCODING 962
SWIDTH 583 0
DWIDTH 14 0
BBX 14 24 0 -4
BITMAP
0000
0000
0000
0000
0000
0000
0000
0000
0FC0
1FE0
3870
3030
3000
3000
3000
3000
3000
3800
1FE0
0FF0
0030
0030
00F0
00E0
ENDCHAR
STARTCHAR uni03C3
ENCODING 963
SWIDTH 583 0
DWIDTH 14 0
BBX 14 24 0 -4
BITMAP
0000
0000
0000
0000
0000
0000
0000
0000
0FF8
1FF8
3860
3030
3030
3030
3030
3030
3030
3870
1FE0
0FC0
0000
0000
0000
0000
ENDCHAR
STARTCHAR uni03C4
ENCODING 964
SWIDTH 583 0
DWIDTH 14 0
BBX 14 24 0 -4
BITMAP
0000
0000
0000
0000
0000
0000
0000
0000
3FF0
3FF0
0300
0300
0300
0300
0300
0300
0300
0360
03E0
01C0
0000
0000
0000
0000
ENDCHAR
STARTCHAR uni03C5
ENCODING 965
SWIDTH 583 0
DWIDTH 14 0
BBX 14 24 0 -4
BITMAP
0000
0000
0000
0000
0000
0000
0000
0000
6030
7030
3030
3030
3030
3030
3030
3030
3030
3870
1FE0
0FC0
0000
0000
0000
0000
ENDCHAR
STARTCHAR uni03C6
ENCODING 966
SWIDTH 583 0
DWIDTH 14 0
BBX 14 24 0 -4
BITMAP
0000
0000
0000
0000
0000
0000
0000
0000
19E0
3BF0
7338
6318
6318
6318
6318
6318
6318
7338
3FF0
1FE0
0300
0300
0300
0300
ENDCHAR
STARTCHAR uni03C7
ENCODING 967
SWIDTH 583 0
DWIDTH 14 0
BBX 14 24 0 -4
BITMAP
0000
0000
0000
0000
0000
0000
0000
0000
3030
3030
3030
3030
3870
1CE0
0FC0
0780
0780
0FC0
1CE0
3870
3030
3030
3030
3030
ENDCHAR
STARTCHAR uni03C8
ENCODING 968
SWIDTH 583 0
DWIDTH 14 0
BBX 14 24 0 -4
BITMAP
0000
0000
0000
0000
0000
0000
0000
0000
6318
6318
6318
6318
6318
6318
6318
6318
6318
7338
3FF0
1FE0
0300
0300
0300
0300
ENDCHAR
STARTCHAR uni03C9
ENCODING 969
SWIDTH 583 0
DWIDTH 14 0
BBX 14 24 0 -4
BITMAP
0000
0000
0000
0000
0000
0000
0000
0000
1860
3870
3030
7038
6018
6318
6318
6318
6318
77B8
3FF0
1CE0
0000
0000
0000
0000
ENDCHAR
STARTCHAR uni03CA
ENCODING 970
SWIDTH 583 0
DWIDTH 14 0
BBX 14 24 0 -4
BITMAP
0000
0000
0000
0000
0000
0CC0
0CC0
0000
1F00
1F00
0300
0300
0300
0300
0300
0300
0300
0360
03E0
01C0
0000
0000
0000
0000
ENDCHAR
STARTCHAR uni03CB
ENCODING 971
SWIDTH 583 0
DWIDTH 14 0
BBX 14 24 0 -4
BITMAP
0000
0000
0000
0000
0000
0CC0
0CC0
0000
6030
7030
3030
3030
3030
3030
3030
3030
3030
3870
1FE0
0FC0
0000
0000
0000
0000
ENDCHAR
STARTCHAR uni03CC
ENCODING 972
SWIDTH 583 0
DWIDTH 14 0
BBX 14 24 0 -4
BITMAP
0000
0000
0000
0180
0180
0300
0300
0000
0FC0
1FE0
3870
3030
3030
3030
3030
3030
3030
3870
1FE0
0FC0
0000
0000
0000
0000
ENDCHAR
STARTCHAR uni03CD
ENCODING 973
SWIDTH 583 0
DWIDTH 14 0
BBX 14 24 0 -4
BITMAP
0000
0000
0000
0180
0180
0300
0300
0000
6030
7030
3030
3030
3030
3030
3030
3030
3030
3870
1FE0
0FC0
0000
0000
0000
0000
ENDCHAR
STARTCHAR uni03CE
ENCODING 974
SWIDTH 583 0
DWIDTH 14 0
BBX 14 24 0 -4
BITMAP
0000
0000
0000
0180
0180
0300
0300
0000
1860
3870
3030
7038
6018
6318
6318
6318
6318
77B8
3FF0
1CE0
0000
0000
0000
0000
ENDCHAR
STARTCHAR uni03CF
ENCODING 975
SWIDTH 583 0
DWIDTH 14 0
BBX 14 24 0 -4
BITMAP
0000
0000
0000
0000
3030
3070
30E0
31C0
3380
3700
3E00
3C00
3C00
3E00
3700
3380
31C0
30E0
3070
3038
0038
0070
00E0
00C0
ENDCHAR
STARTCHAR uni03D0
ENCODING 976
SWIDTH 583 0
DWIDTH 14 0
BBX 14 24 0 -4
BITMAP
0000
0000
0000
0000
0F80
1FC0
38E0
3060
3060
3060
30E0
33C0
33E0
3070
3030
3030
3030
3870
1FE0
0FC0
0000
0000
0000
0000
ENDCHAR
STARTCHAR uni03D1
ENCODING 977
SWIDTH 583 0
DWIDTH 14 0
BBX 14 24 0 -4
BITMAP
0000
0000
0000
0000
07C0
0FE0
1C70
1830
1830
1C30
0FFC
07FC
0030
0030
3030
3030
3030
3870
1FE0
0FC0
0000
0000
0000
0000
ENDCHAR
STARTCHAR uni03D2
ENCODING 978
SWIDTH 583 0
DWIDTH 14 0
BBX 14 24 0 -4
BITMAP
0000
0000
0000
0000
0000
0000
0000
0000
3870
3CF8
0FD8
0780
0300
0300
0300
0300
0300
0300
0300
0300
0000
0000
0000
0000
ENDCHAR
STARTCHAR uni03D3
ENCODING 979
SWIDTH 583 0
DWIDTH 14 0
BBX 14 24 0 -4
BITMAP
0000
0000
0000
0000
0000
0000
0000
0000
DC38
DE7C
67EC
63C0
0180
0180
0180
0180
0180
0180
0180
0180
0000
0000
0000
0000
ENDCHAR
STARTCHAR uni03D4
ENCODING 980
SWIDTH 583 0
DWIDTH 14 0
BBX 14 24 0 -4
BITMAP
0000
0000
0000
0000
0000
0CC0
0CC0
0000
3870
3CF8
0FD8
0780
0300
0300
0300
0300
0300
0300
0300
0300
0000
0000
0000
0000
ENDCHAR
STARTCHAR uni03D5
ENCODING 981
SWIDTH 583 0
DWIDTH 14 0
BBX 14 24 0 -4
BITMAP
0000
0000
0000
0000
0300
0300
0300
0300
1FE0
3FF0
7338
6318
6318
6318
6318
6318
6318
7338
3FF0
1FE0
0300
0300
0300
0300
ENDCHAR
STARTCHAR uni03D6
ENCODING 982
SWIDTH 583 0
DWIDTH 14 0
BBX 14 24 0 -4
BITMAP
0000
0000
0000
0000
0000
0000
0000
0000
7FF8
7FF8
3870
3030
7038
6318
6318
6318
6318
77B8
3FF0
1CE0
0000
0000
0000
0000
ENDCHAR
STARTCHAR uni03D7
ENCODING 983
SWIDTH 583 0
DWIDTH 14 0
BBX 14 24 0 -4
BITMAP
0000
0000
0000
0000
0000
0000
0000
0000
3070
30F0
31C0
3380
3700
3E00
3C00
3E00
3700
3380
31F0
30F8
0018
0038
0070
0060
ENDCHAR
STARTCHAR uni03D8
ENCODING 984
SWIDTH 583 0
DWIDTH 14 0
BBX 14 24 0 -4
BITMAP
0000
0000
0000
0000
0FC0
1FE0
3870
3030
7038
6018
6018
6018
6018
6018
6018
7038
3030
3870
1FE0
0FC0
0300
0300
0300
0300
ENDCHAR
STARTCHAR uni03D9
ENCODING 985
SWIDTH 583 0
DWIDTH 14 0
BBX 14 24 0 -4
BITMAP
0000
0000
0000
0000
0000
0000
0000
0000
0FC0
1FE0
3870
3030
3030
3030
3030
3030
3030
3870
1FE0
0FC0
0300
0300
0300
0300
ENDCHAR
STARTCHAR uni03DA
ENCODING 986
SWIDTH 583 0
DWIDTH 14 0
BBX 14 24 0 -4
BITMAP
0000
0000
0000
0000
0FF0
1FF0
3800
3000
3000
3000
3000
3000
3000
3000
3000
3000
3000
3800
1FE0
0FF0
0030
0030
00F0
00E0
ENDCHAR
STARTCHAR uni03DB
ENCODING 987
SWIDTH 583 0
DWIDTH 14 0
BBX 14 24 0 -4
BITMAP
0000
0000
0000
0000
0000
0000
0000
0000
0FF0
1FF0
3800
3000
3000
3000
3000
3000
3000
3800
1FE0
0FF0
0030
0030
00F0
00E0
ENDCHAR
STARTCHAR uni03DC
ENCODING 988
SWIDTH 583 0
DWIDTH 14 0
BBX 14 24 0 -4
BITMAP
0000
0000
0000
0000
7FF0
7FF0
3000
3000
3000
3000
3000
3FC0
3FC0
3000
3000
3000
3000
3000
3000
3000
0000
0000
0000
0000
ENDCHAR
STARTCHAR uni03DD
ENCODING 989
SWIDTH 583 0
DWIDTH 14 0
BBX 14 24 0 -4
BITMAP
0000
0000
0000
0000
00F8
01F8
0380
0300
0300
0300
0300
03F8
03F8
0300
0300
0300
0300
0300
0300
0300
0300
0700
7E00
7C00
ENDCHAR
STARTCHAR uni0400
ENCODING 1024
SWIDTH 583 0
DWIDTH 14 0
BBX 14 24 0 -4
BITMAP
0600
0700
0300
0000
3FF0
3FF0
3000
3000
3000
3000
3000
3FE0
3FE0
3000
3000
3000
3000
3000
3FF0
3FF0
0000
0000
0000
0000
ENDCHAR
STARTCHAR uni0401
ENCODING 1025
SWIDTH 583 0
DWIDTH 14 0
BBX 14 24 0 -4
BITMAP
0000
0CC0
0CC0
0000
3FF0
3FF0
3000
3000
3000
3000
3000
3FE0
3FE0
3000
3000
3000
3000
3000
3FF0
3FF0
0000
0000
0000
0000
ENDCHAR
STARTCHAR uni0402
ENCODING 1026
SWIDTH 583 0
DWIDTH 14 0
BBX 14 24 0 -4
BITMAP
0000
0000
0000
0000
7F80
7F80
0C00
0C00
0C00
0C00
0C00
0FE0
0FF0
0C30
0C30
0C30
0C30
0C30
0C30
0C30
0030
0030
00F0
00E0
ENDCHAR
STARTCHAR uni0403
ENCODING 1027
SWIDTH 583 0
DWIDTH 14 0
BBX 14 24 0 -4
BITMAP
0180
0380
0300
0000
3FF0
3FF0
3000
3000
3000
3000
3000
3000
3000
3000
3000
3000
3000
3000
3000
3000
0000
0000
0000
0000
ENDCHAR
STARTCHAR uni0404
ENCODING 1028
SWIDTH 583 0
DWIDTH 14 0
BBX 14 24 0 -4
BITMAP
0000
0000
0000
0000
0FC0
1FE0
3870
3030
3030
3000
3000
3F00
3F00
3000
3000
3030
3030
3870
1FE0
0FC0
0000
0000
0000
0000
ENDCHAR
STARTCHAR uni0405
ENCODING 1029
SWIDTH 583 0
DWIDTH 14 0
BBX 14 24 0 -4
BITMAP
0000
0000
0000
0000
0FC0
1FE0
3870
3030
3000
3000
3800
1FC0
0FE0
0070
0030
0030
3030
3870
1FE0
0FC0
0000
0000
0000
0000
ENDCHAR
STARTCHAR uni0406
ENCODING 1030
SWIDTH 583 0
DWIDTH 14 0
BBX 14 24 0 -4
BITMAP
0000
0000
0000
0000
1FE0
1FE0
0300
0300
0300
0300
0300
0300
0300
0300
0300
0300
0300
0300
1FE0
1FE0
0000
0000
0000
0000
ENDCHAR
STARTCHAR uni0407
ENCODING 1031
SWIDTH 583 0
DWIDTH 14 0
BBX 14 24 0 -4
BITMAP
0000
0CC0
0CC0
0000
1FE0
1FE0
0300
0300
0300
0300
0300
0300
0300
0300
0300
0300
0300
0300
1FE0
1FE0
0000
0000
0000
0000
ENDCHAR
STARTCHAR uni0408
ENCODING 1032
SWIDTH 583 0
DWIDTH 14 0
BBX 14 24 0 -4
BITMAP
0000
0000
0000
0000
0030
0030
0030
0030
0030
0030
0030
0030
0030
0030
3030
3030
3030
3870
1FE0
0FC0
0000
0000
0000
0000
ENDCHAR
STARTCHAR uni0409
ENCODING 1033
SWIDTH 583 0
DWIDTH 14 0
BBX 14 24 0 -4
BITMAP
0000
0000
0000
0000
7F00
7F00
6300
6300
6300
6300
6300
63E0
63F0
6338
6318
6318
6318
6338
E3F0
C3E0
0000
0000
0000
0000
ENDCHAR
STARTCHAR uni040A
ENCODING 1034
SWIDTH 583 0
DWIDTH 14 0
BBX 14 24 0 -4
BITMAP
0000
0000
0000
0000
6300
6300
6300
6300
6300
6300
6300
7FE0
7FF0
6338
6318
6318
6318
6338
63F0
63E0
0000
0000
0000
0000
ENDCHAR
STARTCHAR uni040B
ENCODING 1035
SWIDTH 583 0
DWIDTH 14 0
BBX 14 24 0 -4
BITMAP
0000
0000
0000
0000
7F80
7F80
0C00
0C00
0C00
0C00
0C00
0FE0
0FF0
0C30
0C30
0C30
0C30
0C30
0C30
0C30
0000
0000
0000
0000
ENDCHAR
STARTCHAR uni040C
ENCODING 1036
SWIDTH 583 0
DWIDTH 14 0
BBX 14 24 0 -4
BITMAP
0300
0700
0600
0000
30F0
30F0
31C0
3180
3380
3300
3F00
3E00
3700
3380
31C0
30E0
3070
3030
3030
3030
0000
0000
0000
0000
ENDCHAR
STARTCHAR uni040D
ENCODING 1037
SWIDTH 583 0
DWIDTH 14 0
BBX 14 24 0 -4
BITMAP
0600
0700
0300
0000
3070
3070
30F0
30F0
31F0
31B0
33B0
3330
3730
3630
3E30
3C30
3C30
3830
3830
3030
0000
0000
0000
0000
ENDCHAR
STARTCHAR uni040E
ENCODING 1038
SWIDTH 583 0
DWIDTH 14 0
BBX 14 24 0 -4
BITMAP
0CC0
0FC0
0780
0000
3030
3030
3030
3870
1860
1860
1CE0
0CC0
0CC0
0FC0
0780
0780
0300
0700
3E00
3C00
0000
0000
0000
0000
ENDCHAR
STARTCHAR uni040F
ENCODING 1039
SWIDTH 583 0
DWIDTH 14 0
BBX 14 24 0 -4
BITMAP
0000
0000
0000
0000
3030
3030
3030
3030
3030
3030
3030
3030
3030
3030
3030
3030
3030
3030
3FF0
3FF0
0300
0300
0300
0300
ENDCHAR
STARTCHAR uni0410
ENCODING 1040
SWIDTH 583 0
DWIDTH 14 0
BBX 14 24 0 -4
BITMAP
0000
0000
0000
0000
0300
0300
0300
0780
0780
0780
0FC0
0CC0
0CC0
1860
1860
1FE0
3FF0
3030
3030
3030
0000
0000
0000
0000
ENDCHAR
STARTCHAR uni0411
ENCODING 1041
SWIDTH 583 0
DWIDTH 14 0
BBX 14 24 0 -4
BITMAP
0000
0000
0000
0000
3FE0
3FE0
3000
3000
3000
3000
3000
3FC0
3FE0
3070
3030
3030
3030
3070
3FE0
3FC0
0000
0000
0000
0000
ENDCHAR
STARTCHAR uni0412
ENCODING 1042
SWIDTH 583 0
DWIDTH 14 0
BBX 14 24 0 -4
BITMAP
0000
0000
0000
0000
3FC0
3FE0
3070
3030
3030
3030
3070
3FE0
3FE0
3070
3030
3030
3030
3070
3FE0
3FC0
0000
0000
0000
0000
ENDCHAR
STARTCHAR uni0413
ENCODING 1043
SWIDTH 583 0
DWIDTH 14 0
BBX 14 24 0 -4
BITMAP
0000
0000
0000
0000
3FF0
3FF0
3000
3000
3000
3000
3000
3000
3000
3000
3000
3000
3000
3000
3000
3000
0000
0000
0000
0000
ENDCHAR
STARTCHAR uni0414
ENCODING 1044
SWIDTH 583 0
DWIDTH 14 0
BBX 14 24 0 -4
BITMAP
0000
0000
0000
0000
1FE0
1FE0
1860
1860
1860
1860
1860
1860
1860
1860
1860
1860
3860
7060
7FF0
7FF0
6030
6030
0000
0000
ENDCHAR
STARTCHAR uni0415
ENCODING 1045
SWIDTH 583 0
DWIDTH 14 0
BBX 14 24 0 -4
BITMAP
0000
0000
0000
0000
3FF0
3FF0
3000
3000
3000
3000
3000
3FE0
3FE0
3000
3000
3000
3000
3000
3FF0
3FF0
0000
0000
0000
0000
ENDCHAR
STARTCHAR uni0416
ENCODING 1046
SWIDTH 583 0
DWIDTH 14 0
BBX 14 24 0 -4
BITMAP
0000
0000
0000
0000
6318
6318
6318
6318
6318
7338
3B70
1FE0
0FC0
1FE0
3B70
7338
6318
6318
6318
6318
0000
0000
0000
0000
ENDCHAR
STARTCHAR uni0417
ENCODING 1047
SWIDTH 583 0
DWIDTH 14 0
BBX 14 24 0 -4
BITMAP
0000
0000
0000
0000
1FC0
3FE0
3070
0030
0030
0070
00E0
07C0
07C0
00E0
0070
0030
0030
3070
3FE0
1FC0
0000
0000
0000
0000
ENDCHAR
STARTCHAR uni0418
ENCODING 1048
SWIDTH 583 0
DWIDTH 14 0
BBX 14 24 0 -4
BITMAP
0000
0000
0000
0000
3070
3070
30F0
30F0
31F0
31B0
33B0
3330
3730
3630
3E30
3C30
3C30
3830
3830
3030
0000
0000
0000
0000
ENDCHAR
STARTCHAR uni0419
ENCODING 1049
SWIDTH 583 0
DWIDTH 14 0
BBX 14 24 0 -4
BITMAP
0CC0
0FC0
0780
0000
3070
3070
30F0
30F0
31F0
31B0
33B0
3330
3730
3630
3E30
3C30
3C30
3830
3830
3030
0000
0000
0000
0000
ENDCHAR
STARTCHAR uni041A
ENCODING 1050
SWIDTH 583 0
DWIDTH 14 0
BBX 14 24 0 -4
BITMAP
0000
0000
0000
0000
30F0
30F0
31C0
3180
3380
3300
3F00
3E00
3700
3380
31C0
30E0
3070
3030
3030
3030
0000
0000
0000
0000
ENDCHAR
STARTCHAR uni041B
ENCODING 1051
SWIDTH 583 0
DWIDTH 14 0
BBX 14 24 0 -4
BITMAP
0000
0000
0000
0000
1FF0
1FF0
1830
1830
1830
1830
1830
1830
1830
1830
1830
1830
1830
3830
7030
6030
0000
0000
0000
0000
ENDCHAR
STARTCHAR uni041C
ENCODING 1052
SWIDTH 583 0
DWIDTH 14 0
BBX 14 24 0 -4
BITMAP
0000
0000
0000
0000
3030
3870
3CF0
3FF0
37B0
3330
3030
3030
3030
3030
3030
3030
3030
3030
3030
3030
0000
0000
0000
0000
ENDCHAR
STARTCHAR uni041D
ENCODING 1053
SWIDTH 583 0
DWIDTH 14 0
BBX 14 24 0 -4
BITMAP
0000
0000
0000
0000
3030
3030
3030
3030
3030
3030
3030
3FF0
3FF0
3030
3030
3030
3030
3030
3030
3030
0000
0000
0000
0000
ENDCHAR
STARTCHAR uni041E
ENCODING 1054
SWIDTH 583 0
DWIDTH 14 0
BBX 14 24 0 -4
BITMAP
0000
0000
0000
0000
0FC0
1FE0
3870
3030
3030
3030
3030
3030
3030
3030
3030
3030
3030
3870
1FE0
0FC0
0000
0000
0000
0000
ENDCHAR
STARTCHAR uni041F
ENCODING 1055
SWIDTH 583 0
DWIDTH 14 0
BBX 14 24 0 -4
BITMAP
0000
0000
0000
0000
3FF0
3FF0
3030
3030
3030
3030
3030
3030
3030
3030
3030
3030
3030
3030
3030
3030
0000
0000
0000
0000
ENDCHAR
STARTCHAR uni0420
ENCODING 1056
SWIDTH 583 0
DWIDTH 14 0
BBX 14 24 0 -4
BITMAP
0000
0000
0000
0000
3FC0
3FE0
3070
3030
3030
3030
3070
3FE0
3FC0
3000
3000
3000
3000
3000
3000
3000
0000
0000
0000
0000
ENDCHAR
STARTCHAR uni0421
ENCODING 1057
SWIDTH 583 0
DWIDTH 14 0
BBX 14 24 0 -4
BITMAP
0000
0000
0000
0000
0FC0
1FE0
3870
3030
3030
3000
3000
3000
3000
3000
3000
3030
3030
3870
1FE0
0FC0
0000
0000
0000
0000
ENDCHAR
STARTCHAR uni0422
ENCODING 1058
SWIDTH 583 0
DWIDTH 14 0
BBX 14 24 0 -4
BITMAP
0000
0000
0000
0000
3FF0
3FF0
0300
0300
0300
0300
0300
0300
0300
0300
0300
0300
0300
0300
0300
0300
0000
0000
0000
0000
ENDCHAR
STARTCHAR uni0423
ENCODING 1059
SWIDTH 583 0
DWIDTH 14 0
BBX 14 24 0 -4
BITMAP
0000
0000
0000
0000
3030
3030
3030
3870
1860
1860
1CE0
0CC0
0CC0
0FC0
0780
0780
0300
0700
3E00
3C00
0000
0000
0000
0000
ENDCHAR
STARTCHAR uni0424
ENCODING 1060
SWIDTH 583 0
DWIDTH 14 0
BBX 14 24 0 -4
BITMAP
0000
0000
0000
0000
0300
0300
1FE0
3FF0
7338
6318
6318
6318
6318
6318
6318
7338
3FF0
1FE0
0300
0300
0000
0000
0000
0000
ENDCHAR
STARTCHAR uni0425
ENCODING 1061
SWIDTH 583 0
DWIDTH 14 0
BBX 14 24 0 -4
BITMAP
0000
0000
0000
0000
3030
3030
3030
3030
3870
1CE0
0FC0
0780
0780
0FC0
1CE0
3870
3030
3030
3030
3030
0000
0000
0000
0000
ENDCHAR
STARTCHAR uni0426
ENCODING 1062
SWIDTH 583 0
DWIDTH 14 0
BBX 14 24 0 -4
BITMAP
0000
0000
0000
0000
3030
3030
3030
3030
3030
3030
3030
3030
3030
3030
3030
3030
3030
3030
3FF8
3FF8
0018
0018
0000
0000
ENDCHAR
STARTCHAR uni0427
ENCODING 1063
SWIDTH 583 0
DWIDTH 14 0
BBX 14 24 0 -4
BITMAP
0000
0000
0000
0000
3030
3030
3030
3030
3030
3030
3830
1FF0
0FF0
0030
0030
0030
0030
0030
0030
0030
0000
0000
0000
0000
ENDCHAR
STARTCHAR uni0428
ENCODING 1064
SWIDTH 583 0
DWIDTH 14 0
BBX 14 24 0 -4
BITMAP
0000
0000
0000
0000
6318
6318
6318
6318
6318
6318
6318
6318
6318
6318
6318
6318
6318
6318
7FF8
7FF8
0000
0000
0000
0000
ENDCHAR
STARTCHAR uni0429
ENCODING 1065
SWIDTH 583 0
DWIDTH 14 0
BBX 14 24 0 -4
BITMAP
0000
0000
0000
0000
6318
6318
6318
6318
6318
6318
6318
6318
6318
6318
6318
6318
6318
6318
7FFC
7FFC
000C
000C
0000
0000
ENDCHAR
STARTCHAR uni042A
ENCODING 1066
SWIDTH 583 0
DWIDTH 14 0
BBX 14 24 0 -4
BITMAP
0000
0000
0000
0000
7800
7800
1800
1800
1800
1800
1800
1FC0
1FE0
1870
1830
1830
1830
1870
1FE0
1FC0
0000
0000
0000
0000
ENDCHAR
STARTCHAR uni042B
ENCODING 1067
SWIDTH 583 0
DWIDTH 14 0
BBX 14 24 0 -4
BITMAP
0000
0000
0000
0000
6018
6018
6018
6018
6018
6018
6018
7F18
7F98
61D8
60D8
60D8
60D8
61D8
7F98
7F18
0000
0000
0000
0000
ENDCHAR
STARTCHAR uni042C
ENCODING 1068
SWIDTH 583 0
DWIDTH 14 0
BBX 14 24 0 -4
BITMAP
0000
0000
0000
0000
3000
3000
3000
3000
3000
3000
3000
3FC0
3FE0
3070
3030
3030
3030
3070
3FE0
3FC0
0000
0000
0000
0000
ENDCHAR
STARTCHAR uni042D
ENCODING 1069
SWIDTH 583 0
DWIDTH 14 0
BBX 14 24 0 -4
BITMAP
0000
0000
0000
0000
0FC0
1FE0
3870
3030
3030
0030
0030
07F0
07F0
0030
0030
3030
3030
3870
1FE0
0FC0
0000
0000
0000
0000
ENDCHAR
STARTCHAR uni042E
ENCODING 1070
SWIDTH 583 0
DWIDTH 14 0
BBX 14 24 0 -4
BITMAP
0000
0000
0000
0000
61E0
63F0
6738
6618
6618
6618
6618
7E18
7E18
6618
6618
6618
6618
6738
63F0
61E0
0000
0000
0000
0000
ENDCHAR
STARTCHAR uni042F
ENCODING 1071
SWIDTH 583 0
DWIDTH 14 0
BBX 14 24 0 -4
BITMAP
0000
0000
0000
0000
0FF0
1FF0
3830
3030
3030
3030
3830
1FF0
0FF0
01F0
03B0
0730
0E30
1C30
3830
3030
0000
0000
0000
0000
ENDCHAR
STARTCHAR uni0430
ENCODING 1072
SWIDTH 583 0
DWIDTH 14 0
BBX 14 24 0 -4
BITMAP
0000
0000
0000
0000
0000
0000
0000
0000
3FC0
3FE0
0070
0030
0030
1FF0
3FF0
3030
3030
3030
3FF0
1FF0
0000
0000
0000
0000
ENDCHAR
STARTCHAR uni0431
ENCODING 1073
SWIDTH 583 0
DWIDTH 14 0
BBX 14 24 0 -4
BITMAP
0000
0000
0000
0030
0FF0
1FE0
3800
3000
37C0
3FE0
3870
3030
3030
3030
3030
3030
3030
3870
1FE0
0FC0
0000
0000
0000
0000
ENDCHAR
STARTCHAR uni0432
ENCODING 1074
SWIDTH 583 0
DWIDTH 14 0
BBX 14 24 0 -4
BITMAP
0000
0000
0000
0000
0000
0000
0000
0000
3FE0
3FF0
3030
3030
3030
3FE0
3FE0
3030
3030
3030
3FF0
3FE0
0000
0000
0000
0000
ENDCHAR
STARTCHAR uni0433
ENCODING 1075
SWIDTH 583 0
DWIDTH 14 0
BBX 14 24 0 -4
BITMAP
0000
0000
0000
0000
0000
0000
0000
0000
3FF0
3FF0
3000
3000
3000
3000
3000
3000
3000
3000
3000
3000
0000
0000
0000
0000
ENDCHAR
STARTCHAR uni0434
ENCODING 1076
SWIDTH 583 0
DWIDTH 14 0
BBX 14 24 0 -4
BITMAP
0000
0000
0000
0000
0000
0000
0000
0000
1FE0
1FE0
1860
1860
1860
1860
1860
1860
3860
7060
7FF0
7FF0
6030
6030
0000
0000
ENDCHAR
STARTCHAR uni0435
ENCODING 1077
SWIDTH 583 0
DWIDTH 14 0
BBX 14 24 0 -4
BITMAP
0000
0000
0000
0000
0000
0000
0000
0000
0FC0
1FE0
3870
3030
3030
3FF0
3FF0
3000
3000
3800
1FF0
0FF0
0000
0000
0000
0000
ENDCHAR
STARTCHAR uni0436
ENCODING 1078
SWIDTH 583 0
DWIDTH 14 0
BBX 14 24 0 -4
BITMAP
0000
0000
0000
0000
0000
0000
0000
0000
6318
6318
6318
7338
3B70
1FE0
1FE0
3B70
7338
6318
6318
6318
0000
0000
0000
0000
ENDCHAR
STARTCHAR uni0437
ENCODING 1079
SWIDTH 583 0
DWIDTH 14 0
BBX 14 24 0 -4
BITMAP
0000
0000
0000
0000
0000
0000
0000
0000
1FE0
3FF0
3030
0030
0070
07E0
07E0
0070
0030
3030
3FF0
1FE0
0000
0000
0000
0000
ENDCHAR
STARTCHAR uni0438
ENCODING 1080
SWIDTH 583 0
DWIDTH 14 0
BBX 14 24 0 -4
BITMAP
0000
0000
0000
0000
0000
0000
0000
0000
3030
3030
3070
30F0
31F0
33B0
3730
3E30
3C30
3830
3030
3030
0000
0000
0000
0000
ENDCHAR
STARTCHAR uni0439
ENCODING 1081
SWIDTH 583 0
DWIDTH 14 0
BBX 14 24 0 -4
BITMAP
0000
0000
0000
0000
0CC0
0FC0
0780
0000
3030
3030
3070
30F0
31F0
33B0
3730
3E30
3C30
3830
3030
3030
0000
0000
0000
0000
ENDCHAR
STARTCHAR uni043A
ENCODING 1082
SWIDTH 583 0
DWIDTH 14 0
BBX 14 24 0 -4
BITMAP
0000
0000
0000
0000
0000
0000
0000
0000
3070
30F0
31C0
3380
3700
3E00
3F00
3B80
31C0
30E0
3070
3030
0000
0000
0000
0000
ENDCHAR
STARTCHAR uni043B
ENCODING 1083
SWIDTH 583 0
DWIDTH 14 0
BBX 14 24 0 -4
BITMAP
0000
0000
0000
0000
0000
0000
0000
0000
1FF0
1FF0
1830
1830
1830
1830
1830
1830
1830
3830
7030
6030
0000
0000
0000
0000
ENDCHAR
STARTCHAR uni043C
ENCODING 1084
SWIDTH 583 0
DWIDTH 14 0
BBX 14 24 0 -4
BITMAP
0000
0000
0000
0000
0000
0000
0000
0000
3030
3870
3CF0
3FF0
37B0
3330
3030
3030
3030
3030
3030
3030
0000
0000
0000
0000
ENDCHAR
STARTCHAR uni043D
ENCODING 1085
SWIDTH 583 0
DWIDTH 14 0
BBX 14 24 0 -4
BITMAP
0000
0000
0000
0000
0000
0000
0000
0000
3030
3030
3030
3030
3030
3FF0
3FF0
3030
3030
3030
3030
3030
0000
0000
0000
0000
ENDCHAR
STARTCHAR uni043E
ENCODING 1086
SWIDTH 583 0
DWIDTH 14 0
BBX 14 24 0 -4
BITMAP
0000
0000
0000
0000
0000
0000
0000
0000
0FC0
1FE0
3870
3030
3030
3030
3030
3030
3030
3870
1FE0
0FC0
0000
0000
0000
0000
ENDCHAR
STARTCHAR uni043F
ENCODING 1087
SWIDTH 583 0
DWIDTH 14 0
BBX 14 24 0 -4
BITMAP
0000
0000
0000
0000
0000
0000
0000
0000
3FF0
3FF0
3030
3030
3030
3030
3030
3030
3030
3030
3030
3030
0000
0000
0000
0000
ENDCHAR
STARTCHAR uni0440
ENCODING 1088
SWIDTH 583 0
DWIDTH 14 0
BBX 14 24 0 -4
BITMAP
0000
0000
0000
0000
0000
0000
0000
0000
3FC0
3FE0
3070
3030
3030
3030
3030
3030
3030
3070
3FE0
3FC0
3000
3000
3000
3000
ENDCHAR
STARTCHAR uni0441
ENCODING 1089
SWIDTH 583 0
DWIDTH 14 0
BBX 14 24 0 -4
BITMAP
0000
0000
0000
0000
0000
0000
0000
0000
0FC0
1FE0
3870
3030
3000
3000
3000
3000
3030
3870
1FE0
0FC0
0000
0000
0000
0000
ENDCHAR
STARTCHAR uni0442
ENCODING 1090
SWIDTH 583 0
DWIDTH 14 0
BBX 14 24 0 -4
BITMAP
0000
0000
0000
0000
0000
0000
0000
0000
3FF0
3FF0
0300
0300
0300
0300
0300
0300
0300
0300
0300
0300
0000
0000
0000
0000
ENDCHAR
STARTCHAR uni0443
ENCODING 1091
SWIDTH 583 0
DWIDTH 14 0
BBX 14 24 0 -4
BITMAP
0000
0000
0000
0000
0000
0000
0000
0000
3030
3030
3030
3870
1860
1860
1CE0
0CC0
0CC0
0FC0
0780
0780
0300
0700
3E00
3C00
ENDCHAR
STARTCHAR uni0444
ENCODING 1092
SWIDTH 583 0
DWIDTH 14 0
BBX 14 24 0 -4
BITMAP
0000
0000
0000
0000
0300
0300
0300
0300
3B70
7FF8
6798
6318
6318
6318
6318
6318
6318
6798
7FF8
3B70
0300
0300
0300
0300
ENDCHAR
STARTCHAR uni0445
ENCODING 1093
SWIDTH 583 0
DWIDTH 14 0
BBX 14 24 0 -4
BITMAP
0000
0000
0000
0000
0000
0000
0000
0000
3030
3030
3870
1CE0
0FC0
0780
0780
0FC0
1CE0
3870
3030
3030
0000
0000
0000
0000
ENDCHAR
STARTCHAR uni0446
ENCODING 1094
SWIDTH 583 0
DWIDTH 14 0
BBX 14 24 0 -4
BITMAP
0000
0000
0000
0000
0000
0000
0000
0000
3030
3030
3030
3030
3030
3030
3030
3030
3030
3030
3FF8
3FF8
0018
0018
0000
0000
ENDCHAR
STARTCHAR uni0447
ENCODING 1095
SWIDTH 583 0
DWIDTH 14 0
BBX 14 24 0 -4
BITMAP
0000
0000
0000
0000
0000
0000
0000
0000
3030
3030
3030
3030
3030
3830
1FF0
0FF0
0030
0030
0030
0030
0000
0000
0000
0000
ENDCHAR
STARTCHAR uni0448
ENCODING 1096
SWIDTH 583 0
DWIDTH 14 0
BBX 14 24 0 -4
BITMAP
0000
0000
0000
0000
0000
0000
0000
0000
6318
6318
6318
6318
6318
6318
6318
6318
6318
6318
7FF8
7FF8
0000
0000
0000
0000
ENDCHAR
STARTCHAR uni0449
ENCODING 1097
SWIDTH 583 0
DWIDTH 14 0
BBX 14 24 0 -4
BITMAP
0000
0000
0000
0000
0000
0000
0000
0000
6318
6318
6318
6318
6318
6318
6318
6318
6318
6318
7FFC
7FFC
000C
000C
0000
0000
ENDCHAR
STARTCHAR uni044A
ENCODING 1098
SWIDTH 583 0
DWIDTH 14 0
BBX 14 24 0 -4
BITMAP
0000
0000
0000
0000
0000
0000
0000
0000
7800
7800
1800
1800
1800
1FE0
1FF0
1830
1830
1830
1FF0
1FE0
0000
0000
0000
0000
ENDCHAR
STARTCHAR uni044B
ENCODING 1099
SWIDTH 583 0
DWIDTH 14 0
BBX 14 24 0 -4
BITMAP
0000
0000
0000
0000
0000
0000
0000
0000
6018
6018
6018
6018
6018
7F98
7FD8
60D8
60D8
60D8
7FD8
7F98
0000
0000
0000
0000
ENDCHAR
STARTCHAR uni044C
ENCODING 1100
SWIDTH 583 0
DWIDTH 14 0
BBX 14 24 0 -4
BITMAP
0000
0000
0000
0000
0000
0000
0000
0000
3000
3000
3000
3000
3000
3FE0
3FF0
3030
3030
3030
3FF0
3FE0
0000
0000
0000
0000
ENDCHAR
STARTCHAR uni044D
ENCODING 1101
SWIDTH 583 0
DWIDTH 14 0
BBX 14 24 0 -4
BITMAP
0000
0000
0000
0000
0000
0000
0000
0000
0FC0
1FE0
3870
3030
0030
07F0
07F0
0030
3030
3870
1FE0
0FC0
0000
0000
0000
0000
ENDCHAR
STARTCHAR uni044E
ENCODING 1102
SWIDTH 583 0
DWIDTH 14 0
BBX 14 24 0 -4
BITMAP
0000
0000
0000
0000
0000
0000
0000
0000
61E0
63F0
6738
6618
6618
7E18
7E18
6618
6618
6738
63F0
61E0
0000
0000
0000
0000
ENDCHAR
STARTCHAR uni044F
ENCODING 1103
SWIDTH 583 0
DWIDTH 14 0
BBX 14 24 0 -4
BITMAP
0000
0000
0000
0000
0000
0000
0000
0000
1FF0
3FF0
3030
3030
3030
3FF0
1FF0
0730
0E30
1C30
3830
3030
0000
0000
0000
0000
ENDCHAR
STARTCHAR uni0450
ENCODING 1104
SWIDTH 583 0
DWIDTH 14 0
BBX 14 24 0 -4
BITMAP
0000
0000
0000
0000
0600
0700
0300
0000
0FC0
1FE0
3870
3030
3030
3FF0
3FF0
3000
3000
3800
1FF0
0FF0
0000
0000
0000
0000
ENDCHAR
STARTCHAR uni0451
ENCODING 1105
SWIDTH 583 0
DWIDTH 14 0
BBX 14 24 0 -4
BITMAP
0000
0000
0000
0000
0000
0CC0
0CC0
0000
0FC0
1FE0
3870
3030
3030
3FF0
3FF0
3000
3000
3800
1FF0
0FF0
0000
0000
0000
0000
ENDCHAR
STARTCHAR uni0452
ENCODING 1106
SWIDTH 583 0
DWIDTH 14 0
BBX 14 24 0 -4
BITMAP
0000
0000
0000
0000
0C00
0C00
0C00
7F80
7F80
0C00
0C00
0FE0
0FF0
0C30
0C30
0C30
0C30
0C30
0C30
0C30
0030
0030
00F0
00E0
ENDCHAR
STARTCHAR uni0453
ENCODING 1107
SWIDTH 583 0
DWIDTH 14 0
BBX 14 24 0 -4
BITMAP
0000
0000
0000
0000
0180
0380
0300
0000
3FF0
3FF0
3000
3000
3000
3000
3000
3000
3000
3000
3000
3000
0000
0000
0000
0000
ENDCHAR
STARTCHAR uni0454
ENCODING 1108
SWIDTH 583 0
DWIDTH 14 0
BBX 14 24 0 -4
BITMAP
0000
0000
0000
0000
0000
0000
0000
0000
0FC0
1FE0
3870
3030
3030
3F00
3F00
3000
3030
3870
1FE0
0FC0
0000
0000
0000
0000
ENDCHAR
STARTCHAR uni0455
ENCODING 1109
SWIDTH 583 0
DWIDTH 14 0
BBX 14 24 0 -4
BITMAP
0000
0000
0000
0000
0000
0000
0000
0000
1FE0
3FF0
3030
3000
3000
3FE0
1FF0
0030
0030
3030
3FF0
1FE0
0000
0000
0000
0000
ENDCHAR
STARTCHAR uni0456
ENCODING 1110
SWIDTH 583 0
DWIDTH 14 0
BBX 14 24 0 -4
BITMAP
0000
0000
0000
0000
0300
0300
0000
0000
1F00
1F00
0300
0300
0300
0300
0300
0300
0300
0300
1FE0
1FE0
0000
0000
0000
0000
ENDCHAR
STARTCHAR uni0457
ENCODING 1111
SWIDTH 583 0
DWIDTH 14 0
BBX 14 24 0 -4
BITMAP
0000
0000
0000
0000
0CC0
0CC0
0000
0000
1F00
1F00
0300
0300
0300
0300
0300
0300
0300
0300
1FE0
1FE0
0000
0000
0000
0000
ENDCHAR
STARTCHAR uni0458
ENCODING 1112
SWIDTH 583 0
DWIDTH 14 0
BBX 14 24 0 -4
BITMAP
0000
0000
0000
0000
00C0
00C0
0000
0000
07C0
07C0
00C0
00C0
00C0
00C0
00C0
00C0
00C0
00C0
00C0
00C0
00C0
01C0
3F80
3F00
ENDCHAR
STARTCHAR uni0459
ENCODING 1113
SWIDTH 583 0
DWIDTH 14 0
BBX 14 24 0 -4
BITMAP
0000
0000
0000
0000
0000
0000
0000
0000
7F00
7F00
6300
6300
6300
63F0
63F8
6318
6318
6318
E3F8
C3F0
0000
0000
0000
0000
ENDCHAR
STARTCHAR uni045A
ENCODING 1114
SWIDTH 583 0
DWIDTH 14 0
BBX 14 24 0 -4
BITMAP
0000
0000
0000
0000
0000
0000
0000
0000
6300
6300
6300
6300
6300
7FF0
7FF8
6318
6318
6318
63F8
63F0
0000
0000
0000
0000
ENDCHAR
STARTCHAR uni045B
ENCODING 1115
SWIDTH 583 0
DWIDTH 14 0
BBX 14 24 0 -4
BITMAP
0000
0000
0000
0000
0C00
0C00
0C00
7F80
7F80
0C00
0C00
0FE0
0FF0
0C30
0C30
0C30
0C30
0C30
0C30
0C30
0000
0000
0000
0000
ENDCHAR
STARTCHAR uni045C
ENCODING 1116
SWIDTH 583 0
DWIDTH 14 0
BBX 14 24 0 -4
BITMAP
0000
0000
0000
0000
0300
0700
0600
0000
3070
30F0
31C0
3380
3700
3E00
3F00
3B80
31C0
30E0
3070
3030
0000
0000
0000
0000
ENDCHAR
STARTCHAR uni045D
ENCODING 1117
SWIDTH 583 0
DWIDTH 14 0
BBX 14 24 0 -4
BITMAP
0000
0000
0000
0000
0600
0700
0300
0000
3030
3030
3070
30F0
31F0
33B0
3730
3E30
3C30
3830
3030
3030
0000
0000
0000
0000
ENDCHAR
STARTCHAR uni045E
ENCODING 1118
SWIDTH 583 0
DWIDTH 14 0
BBX 14 24 0 -4
BITMAP
0000
0000
0000
0000
0CC0
0FC0
0780
0000
3030
3030
3030
3870
1860
1860
1CE0
0CC0
0CC0
0FC0
0780
0780
0300
0700
3E00
3C00
ENDCHAR
STARTCHAR uni045F
ENCODING 1119
SWIDTH 583 0
DWIDTH 14 0
BBX 14 24 0 -4
BITMAP
0000
0000
0000
0000
0000
0000
0000
0000
3030
3030
3030
3030
3030
3030
3030
3030
3030
3030
3FF0
3FF0
0300
0300
0300
0300
ENDCHAR
STARTCHAR uni2000
ENCODING 8192
SWIDTH 583 0
DWIDTH 14 0
BBX 14 24 0 -4
BITMAP
0000
0000
0000
0000
0000
0000
0000
0000
0000
0000
0000
0000
0000
0000
0000
0000
0000
0000
0000
0000
0000
0000
0000
0000
ENDCHAR
STARTCHAR uni2001
ENCODING 8193
SWIDTH 583 0
DWIDTH 14 0
BBX 14 24 0 -4
BITMAP
0000
0000
0000
0000
0000
0000
0000
0000
0000
0000
0000
0000
0000
0000
0000
0000
0000
0000
0000
0000
0000
0000
0000
0000
ENDCHAR
STARTCHAR uni2002
ENCODING 8194
SWIDTH 583 0
DWIDTH 14 0
BBX 14 24 0 -4
BITMAP
0000
0000
0000
0000
0000
0000
0000
0000
0000
0000
0000
0000
0000
0000
0000
0000
0000
0000
0000
0000
0000
0000
0000
0000
ENDCHAR
STARTCHAR uni2003
ENCODING 8195
SWIDTH 583 0
DWIDTH 14 0
BBX 14 24 0 -4
BITMAP
0000
0000
0000
0000
0000
0000
0000
0000
0000
0000
0000
0000
0000
0000
0000
0000
0000
0000
0000
0000
0000
0000
0000
0000
ENDCHAR
STARTCHAR uni2004
ENCODING 8196
SWIDTH 292 0
DWIDTH 7 0
BBX 1 1 0 0
BITMAP
00
ENDCHAR
STARTCHAR uni2005
ENCODING 8197
SWIDTH 167 0
DWIDTH 4 0
BBX 1 1 0 0
BITMAP
00
ENDCHAR
STARTCHAR uni2006
ENCODING 8198
SWIDTH 125 0
DWIDTH 3 0
BBX 1 1 0 0
BITMAP
00
ENDCHAR
STARTCHAR uni2007
ENCODING 8199
SWIDTH 583 0
DWIDTH 14 0
BBX 1 1 0 0
BITMAP
00
ENDCHAR
STARTCHAR uni2008
ENCODING 8200
SWIDTH 292 0
DWIDTH 7 0
BBX 1 1 0 0
BITMAP
00
ENDCHAR
STARTCHAR uni2009
ENCODING 8201
SWIDTH 83 0
DWIDTH 2 0
BBX 1 1 0 0
BITMAP
00
ENDCHAR
STARTCHAR uni200A
ENCODING 8202
SWIDTH 42 0
DWIDTH 1 0
BBX 1 1 0 0
BITMAP
00
ENDCHAR
STARTCHAR uni200B
ENCODING 8203
SWIDTH 0 0
DWIDTH 0 0
BBX 1 1 0 0
BITMAP
00
ENDCHAR
STARTCHAR uni2010
ENCODING 8208
SWIDTH 583 0
DWIDTH 14 0
BBX 14 24 0 -4
BITMAP
0000
0000
0000
0000
0000
0000
0000
0000
0000
0000
0000
3FF0
3FF0
0000
0000
0000
0000
0000
0000
0000
0000
0000
0000
0000
ENDCHAR
STARTCHAR uni2011
ENCODING 8209
SWIDTH 583 0
DWIDTH 14 0
BBX 14 24 0 -4
BITMAP
0000
0000
0000
0000
0000
0000
0000
0000
0000
0000
0000
3FF0
3FF0
0000
0000
0000
0000
0000
0000
0000
0000
0000
0000
0000
ENDCHAR
STARTCHAR uni2012
ENCODING 8210
SWIDTH 583 0
DWIDTH 14 0
BBX 14 24 0 -4
BITMAP
0000
0000
0000
0000
0000
0000
0000
0000
0000
0000
0000
3FF0
3FF0
0000
0000
0000
0000
0000
0000
0000
0000
0000
0000
0000
ENDCHAR
STARTCHAR uni2013
ENCODING 8211
SWIDTH 583 0
DWIDTH 14 0
BBX 14 24 0 -4
BITMAP
0000
0000
0000
0000
0000
0000
0000
0000
0000
0000
0000
3FF0
3FF0
0000
0000
0000
0000
0000
0000
0000
0000
0000
0000
0000
ENDCHAR
STARTCHAR uni2014
ENCODING 8212
SWIDTH 583 0
DWIDTH 14 0
BBX 14 24 0 -4
BITMAP
0000
0000
0000
0000
0000
0000
0000
0000
0000
0000
0000
7FF8
7FF8
0000
0000
0000
0000
0000
0000
0000
0000
0000
0000
0000
ENDCHAR
STARTCHAR uni2015
ENCODING 8213
SWIDTH 583 0
DWIDTH 14 0
BBX 14 24 0 -4
BITMAP
0000
0000
0000
0000
0000
0000
0000
0000
0000
0000
0000
FFFC
FFFC
0000
0000
0000
0000
0000
0000
0000
0000
0000
0000
0000
ENDCHAR
STARTCHAR uni2016
ENCODING 8214
SWIDTH 583 0
DWIDTH 14 0
BBX 14 24 0 -4
BITMAP
0CC0
0CC0
0CC0
0CC0
0CC0
0CC0
0CC0
0CC0
0CC0
0CC0
0CC0
0CC0
0CC0
0CC0
0CC0
0CC0
0CC0
0CC0
0CC0
0CC0
0CC0
0CC0
0CC0
0CC0
ENDCHAR
STARTCHAR uni2017
ENCODING 8215
SWIDTH 583 0
DWIDTH 14 0
BBX 14 24 0 -4
BITMAP
0000
0000
0000
0000
0000
0000
0000
0000
0000
0000
0000
0000
0000
0000
0000
0000
0000
0000
0000
3FF0
3FF0
0000
3FF0
3FF0
ENDCHAR
STARTCHAR uni2018
ENCODING 8216
SWIDTH 583 0
DWIDTH 14 0
BBX 14 24 0 -4
BITMAP
0000
0000
0000
0000
00C0
01C0
0180
01C0
01C0
01C0
0000
0000
0000
0000
0000
0000
0000
0000
0000
0000
0000
0000
0000
0000
ENDCHAR
STARTCHAR uni2019
ENCODING 8217
SWIDTH 583 0
DWIDTH 14 0
BBX 14 24 0 -4
BITMAP
0000
0000
0000
0000
0E00
0E00
0E00
0600
0E00
0C00
0000
0000
0000
0000
0000
0000
0000
0000
0000
0000
0000
0000
0000
0000
ENDCHAR
STARTCHAR uni201A
ENCODING 8218
SWIDTH 583 0
DWIDTH 14 0
BBX 14 24 0 -4
BITMAP
0000
0000
0000
0000
0000
0000
0000
0000
0000
0000
0000
0000
0000
0000
0000
0000
0000
01C0
01C0
01C0
00C0
01C0
0180
0000
ENDCHAR
STARTCHAR uni201B
ENCODING 8219
SWIDTH 583 0
DWIDTH 14 0
BBX 14 24 0 -4
BITMAP
0000
0000
0000
0000
0E00
0E00
0E00
0C00
0E00
0600
0000
0000
0000
0000
0000
0000
0000
0000
0000
0000
0000
0000
0000
0000
ENDCHAR
STARTCHAR uni201C
ENCODING 8220
SWIDTH 583 0
DWIDTH 14 0
BBX 14 24 0 -4
BITMAP
0000
0000
0000
0000
0C60
1CE0
18C0
1CE0
1CE0
1CE0
0000
0000
0000
0000
0000
0000
0000
0000
0000
0000
0000
0000
0000
0000
ENDCHAR
STARTCHAR uni201D
ENCODING 8221
SWIDTH 583 0
DWIDTH 14 0
BBX 14 24 0 -4
BITMAP
0000
0000
0000
0000
1CE0
1CE0
1CE0
0C60
1CE0
18C0
0000
0000
0000
0000
0000
0000
0000
0000
0000
0000
0000
0000
0000
0000
ENDCHAR
STARTCHAR uni201E
ENCODING 8222
SWIDTH 583 0
DWIDTH 14 0
BBX 14 24 0 -4
BITMAP
0000
0000
0000
0000
0000
0000
0000
0000
0000
0000
0000
0000
0000
0000
0000
0000
0000
1CE0
1CE0
1CE0
0C60
1CE0
18C0
0000
ENDCHAR
STARTCHAR uni201F
ENCODING 8223
SWIDTH 583 0
DWIDTH 14 0
BBX 14 24 0 -4
BITMAP
0000
0000
0000
0000
1CE0
1CE0
1CE0
18C0
1CE0
0C60
0000
0000
0000
0000
0000
0000
0000
0000
0000
0000
0000
0000
0000
0000
ENDCHAR
STARTCHAR uni2020
ENCODING 8224
SWIDTH 583 0
DWIDTH 14 0
BBX 14 24 0 -4
BITMAP
0000
0000
0000
0000
0300
0300
0300
0300
3FF0
3FF0
0300
0300
0300
0300
0300
0300
0300
0300
0300
0300
0000
0000
0000
0000
ENDCHAR
STARTCHAR uni2021
ENCODING 8225
SWIDTH 583 0
DWIDTH 14 0
BBX 14 24 0 -4
BITMAP
0000
0000
0000
0000
0300
0300
0300
0300
3FF0
3FF0
0300
0300
0300
0300
3FF0
3FF0
0300
0300
0300
0300
0000
0000
0000
0000
ENDCHAR
STARTCHAR uni2022
ENCODING 8226
SWIDTH 583 0
DWIDTH 14 0
BBX 14 24 0 -4
BITMAP
0000
0000
0000
0000
0000
0000
0000
0000
0000
0000
0380
07C0
07C0
07C0
0380
0000
0000
0000
0000
0000
0000
0000
0000
0000
ENDCHAR
STARTCHAR uni2023
ENCODING 8227
SWIDTH 583 0
DWIDTH 14 0
BBX 14 24 0 -4
BITMAP
0000
0000
0000
0000
0000
0000
0000
0000
0000
0200
0300
0380
03C0
0380
0300
0200
0000
0000
0000
0000
0000
0000
0000
0000
ENDCHAR
STARTCHAR uni2024
ENCODING 8228
SWIDTH 583 0
DWIDTH 14 0
BBX 14 24 0 -4
BITMAP
0000
0000
0000
0000
0000
0000
0000
0000
0000
0000
0000
0000
0000
0000
0000
0000
0000
0000
0300
0300
0000
0000
0000
0000
ENDCHAR
STARTCHAR uni2025
ENCODING 8229
SWIDTH 583 0
DWIDTH 14 0
BBX 14 24 0 -4
BITMAP
0000
0000
0000
0000
0000
0000
0000
0000
0000
0000
0000
1860
1860
0000
0000
0000
0000
0000
0000
0000
0000
0000
0000
0000
ENDCHAR
STARTCHAR uni2026
ENCODING 8230
SWIDTH 583 0
DWIDTH 14 0
BBX 14 24 0 -4
BITMAP
0000
0000
0000
0000
0000
0000
0000
0000
0000
0000
0000
3330
3330
0000
0000
0000
0000
0000
0000
0000
0000
0000
0000
0000
ENDCHAR
STARTCHAR uni2027
ENCODING 8231
SWIDTH 583 0
DWIDTH 14 0
BBX 14 24 0 -4
BITMAP
0000
0000
0000
0000
0000
0000
0000
0000
0000
0000
0000
0300
0300
0000
0000
0000
0000
0000
0000
0000
0000
0000
0000
0000
ENDCHAR
STARTCHAR uni202F
ENCODING 8239
SWIDTH 292 0
DWIDTH 7 0
BBX 1 1 0 0
BITMAP
00
ENDCHAR
STARTCHAR uni2030
ENCODING 8240
SWIDTH 583 0
DWIDTH 14 0
BBX 14 24 0 -4
BITMAP
0000
0000
0000
0000
0000
0000
0000
0000
3860
7C60
6CE0
6DC0
7F80
3F00
0FB8
1FFC
3EEC
76EC
67FC
63B8
0000
0000
0000
0000
ENDCHAR
STARTCHAR uni2031
ENCODING 8241
SWIDTH 583 0
DWIDTH 14 0
BBX 14 24 0 -4
BITMAP
0000
0000
0000
0000
0000
0000
0000
0000
3860
7C60
6CE0
6DC0
7F80
3F00
0FF8
1FFC
3B6C
7B6C
7FFC
6FF8
0000
0000
0000
0000
ENDCHAR
STARTCHAR uni2032
ENCODING 8242
SWIDTH 583 0
DWIDTH 14 0
BBX 14 24 0 -4
BITMAP
0000
0000
0000
0000
0180
0180
0300
0300
0000
0000
0000
0000
0000
0000
0000
0000
0000
0000
0000
0000
0000
0000
0000
0000
ENDCHAR
STARTCHAR uni2033
ENCODING 8243
SWIDTH 583 0
DWIDTH 14 0
BBX 14 24 0 -4
BITMAP
0000
0000
0000
0000
0CC0
0CC0
1980
1980
0000
0000
0000
0000
0000
0000
0000
0000
0000
0000
0000
0000
0000
0000
0000
0000
ENDCHAR
STARTCHAR uni2034
ENCODING 8244
SWIDTH 583 0
DWIDTH 14 0
BBX 14 24 0 -4
BITMAP
0000
0000
0000
0000
0DB0
0DB0
1B60
1B60
0000
0000
0000
0000
0000
0000
0000
0000
0000
0000
0000
0000
0000
0000
0000
0000
ENDCHAR
STARTCHAR uni2035
ENCODING 8245
SWIDTH 583 0
DWIDTH 14 0
BBX 14 24 0 -4
BITMAP
0000
0000
0000
0000
0600
0600
0300
0300
0000
0000
0000
0000
0000
0000
0000
0000
0000
0000
0000
0000
0000
0000
0000
0000
ENDCHAR
STARTCHAR uni2036
ENCODING 8246
SWIDTH 583 0
DWIDTH 14 0
BBX 14 24 0 -4
BITMAP
0000
0000
0000
0000
1980
1980
0CC0
0CC0
0000
0000
0000
0000
0000
0000
0000
0000
0000
0000
0000
0000
0000
0000
0000
0000
ENDCHAR
STARTCHAR uni2037
ENCODING 8247
SWIDTH 583 0
DWIDTH 14 0
BBX 14 24 0 -4
BITMAP
0000
0000
0000
0000
36C0
36C0
1B60
1B60
0000
0000
0000
0000
0000
0000
0000
0000
0000
0000
0000
0000
0000
0000
0000
0000
ENDCHAR
STARTCHAR uni2038
ENCODING 8248
SWIDTH 583 0
DWIDTH 14 0
BBX 14 24 0 -4
BITMAP
0000
0000
0000
0000
0000
0000
0000
0000
0000
0000
0000
0000
0000
0000
0000
0000
0000
0000
0000
0300
0780
0FC0
1CE0
3870
ENDCHAR
STARTCHAR uni2039
ENCODING 8249
SWIDTH 583 0
DWIDTH 14 0
BBX 14 24 0 -4
BITMAP
0000
0000
0000
0000
0000
0000
0000
00C0
01C0
0380
0700
0E00
0E00
0700
0380
01C0
00C0
0000
0000
0000
0000
0000
0000
0000
ENDCHAR
STARTCHAR uni203A
ENCODING 8250
SWIDTH 583 0
DWIDTH 14 0
BBX 14 24 0 -4
BITMAP
0000
0000
0000
0000
0000
0000
0000
0C00
0E00
0700
0380
01C0
01C0
0380
0700
0E00
0C00
0000
0000
0000
0000
0000
0000
0000
ENDCHAR
STARTCHAR uni203B
ENCODING 8251
SWIDTH 583 0
DWIDTH 14 0
BBX 14 24 0 -4
BITMAP
0000
0000
0000
0000
0000
0000
6318
7338
3870
1CE0
0FC0
6798
6798
0FC0
1CE0
3870
7338
6318
0000
0000
0000
0000
0000
0000
ENDCHAR
STARTCHAR uni203C
ENCODING 8252
SWIDTH 583 0
DWIDTH 14 0
BBX 14 24 0 -4
BITMAP
0000
0000
0000
0000
1860
1860
1860
1860
1860
1860
1860
1860
1860
1860
1860
1860
0000
0000
1860
1860
0000
0000
0000
0000
ENDCHAR
STARTCHAR uni203D
ENCODING 8253
SWIDTH 583 0
DWIDTH 14 0
BBX 14 24 0 -4
BITMAP
0000
0000
0000
0000
0FC0
1FE0
3870
3030
0330
0330
0370
03E0
03C0
0380
0300
0300
0000
0000
0300
0300
0000
0000
0000
0000
ENDCHAR
STARTCHAR uni203E
ENCODING 8254
SWIDTH 583 0
DWIDTH 14 0
BBX 14 24 0 -4
BITMAP
0000
0000
0000
0000
FFFC
FFFC
0000
0000
0000
0000
0000
0000
0000
0000
0000
0000
0000
0000
0000
0000
0000
0000
0000
0000
ENDCHAR
STARTCHAR uni203F
ENCODING 8255
SWIDTH 583 0
DWIDTH 14 0
BBX 14 24 0 -4
BITMAP
0000
0000
0000
0000
0000
0000
0000
0000
0000
0000
0000
0000
0000
0000
0000
0000
0000
0000
0000
0000
C00C
E01C
7FF8
3FF0
ENDCHAR
STARTCHAR uni2040
ENCODING 8256
SWIDTH 583 0
DWIDTH 14 0
BBX 14 24 0 -4
BITMAP
3FF0
7FF8
E01C
C00C
0000
0000
0000
0000
0000
0000
0000
0000
0000
0000
0000
0000
0000
0000
0000
0000
0000
0000
0000
0000
ENDCHAR
STARTCHAR uni2044
ENCODING 8260
SWIDTH 583 0
DWIDTH 14 0
BBX 14 24 0 -4
BITMAP
0000
0000
0030
0030
0070
0060
00E0
00C0
01C0
0180
0180
0000
0600
0600
0E00
0C00
1C00
1800
3800
3000
3000
0000
0000
0000
ENDCHAR
STARTCHAR uni2047
ENCODING 8263
SWIDTH 583 0
DWIDTH 14 0
BBX 14 24 0 -4
BITMAP
0000
0000
0000
0000
78F0
7CF8
0E1C
060C
060C
060C
0E1C
1C38
3870
3060
3060
3060
0000
0000
3060
3060
0000
0000
0000
0000
ENDCHAR
STARTCHAR uni2048
ENCODING 8264
SWIDTH 583 0
DWIDTH 14 0
BBX 14 24 0 -4
BITMAP
0000
0000
0000
0000
7860
7C60
0E60
0660
0660
0660
0E60
1C60
3860
3060
3060
3060
0000
0000
3060
3060
0000
0000
0000
0000
ENDCHAR
STARTCHAR uni2049
ENCODING 8265
SWIDTH 583 0
DWIDTH 14 0
BBX 14 24 0 -4
BITMAP
0000
0000
0000
0000
19E0
19F0
1838
1818
1818
1818
1838
1870
18E0
18C0
18C0
18C0
0000
0000
18C0
18C0
0000
0000
0000
0000
ENDCHAR
STARTCHAR uni205F
ENCODING 8287
SWIDTH 292 0
DWIDTH 7 0
BBX 1 1 0 0
BITMAP
00
ENDCHAR
STARTCHAR uni20AC
ENCODING 8364
SWIDTH 583 0
DWIDTH 14 0
BBX 14 24 0 -4
BITMAP
0000
0000
0000
0000
0FC0
1FE0
3870
3030
3000
FFC0
FFC0
3000
3000
FF00
FF00
3000
3030
3870
1FE0
0FC0
0000
0000
0000
0000
ENDCHAR
STARTCHAR uni20BD
ENCODING 8381
SWIDTH 583 0
DWIDTH 14 0
BBX 14 24 0 -4
BITMAP
0000
0000
0000
0000
1FC0
1FE0
1870
1830
1830
1830
1870
7FE0
7FC0
1800
1800
7FC0
7FC0
1800
1800
1800
0000
0000
0000
0000
ENDCHAR
STARTCHAR uni20BF
ENCODING 8383
SWIDTH 583 0
DWIDTH 14 0
BBX 14 24 0 -4
BITMAP
0000
0000
0000
0000
0D80
0D80
3FE0
3FF0
1830
1830
1830
1FE0
1FE0
1830
1830
1830
3FF0
3FE0
0D80
0D80
0000
0000
0000
0000
ENDCHAR
STARTCHAR uni2103
ENCODING 8451
SWIDTH 583 0
DWIDTH 14 0
BBX 14 24 0 -4
BITMAP
0000
0000
0000
0000
70F0
F9F8
DB9C
DB0C
FB0C
7300
0300
0300
0300
0300
0300
030C
030C
039C
01F8
00F0
0000
0000
0000
0000
ENDCHAR
STARTCHAR uni2109
ENCODING 8457
SWIDTH 583 0
DWIDTH 14 0
BBX 14 24 0 -4
BITMAP
0000
0000
0000
0000
73FC
FBFC
DB00
DB00
FB00
7300
0300
03F0
03F0
0300
0300
0300
0300
0300
0300
0300
0000
0000
0000
0000
ENDCHAR
STARTCHAR uni2113
ENCODING 8467
SWIDTH 583 0
DWIDTH 14 0
BBX 14 24 0 -4
BITMAP
0000
0000
0000
0000
0780
0FC0
0CC0
0CC0
0CC0
0CC0
0CC0
0CC0
0CC0
0CC0
0DC0
0F80
0F00
0F30
3FF0
39E0
0000
0000
0000
0000
ENDCHAR
STARTCHAR uni2116
ENCODING 8470
SWIDTH 583 0
DWIDTH 14 0
BBX 14 24 0 -4
BITMAP
0000
0000
0000
0000
0000
0000
C600
E600
F600
FE78
DEFC
CECC
C6CC
C6CC
C6CC
C6FC
C678
C600
C6FC
C6FC
0000
0000
0000
0000
ENDCHAR
STARTCHAR uni2120
ENCODING 8480
SWIDTH 583 0
DWIDTH 14 0
BBX 14 24 0 -4
BITMAP
0000
0000
0000
0000
7D8C
FDDC
E1FC
71FC
39AC
1D8C
FD8C
F98C
0000
0000
0000
0000
0000
0000
0000
0000
0000
0000
0000
0000
ENDCHAR
STARTCHAR uni2121
ENCODING 8481
SWIDTH 583 0
DWIDTH 14 0
BBX 14 24 0 -4
BITMAP
0000
0000
0000
0000
FC00
FC00
3000
3000
37B0
37B0
3630
3630
3630
37B0
37B0
3630
3630
3630
37BC
37BC
0000
0000
0000
0000
ENDCHAR
STARTCHAR uni2122
ENCODING 8482
SWIDTH 583 0
DWIDTH 14 0
BBX 14 24 0 -4
BITMAP
0000
0000
0000
0000
FD8C
FDDC
31FC
31FC
31AC
318C
318C
318C
0000
0000
0000
0000
0000
0000
0000
0000
0000
0000
0000
0000
ENDCHAR
STARTCHAR uni2126
ENCODING 8486
SWIDTH 583 0
DWIDTH 14 0
BBX 14 24 0 -4
BITMAP
0000
0000
0000
0000
0FC0
1FE0
3870
3030
3030
3030
3030
3030
3030
3870
1CE0
0CC0
0CC0
0CC0
3CF0
3CF0
0000
0000
0000
0000
ENDCHAR
STARTCHAR uni212B
ENCODING 8491
SWIDTH 583 0
DWIDTH 14 0
BBX 14 24 0 -4
BITMAP
0780
0FC0
0CC0
0FC0
0780
0780
0FC0
1CE0
3870
3030
3030
3030
3030
3FF0
3FF0
3030
3030
3030
3030
3030
0000
0000
0000
0000
ENDCHAR
STARTCHAR uni2160
ENCODING 8544
SWIDTH 583 0
DWIDTH 14 0
BBX 14 24 0 -4
BITMAP
0000
0000
0000
0000
1FE0
1FE0
0300
0300
0300
0300
0300
0300
0300
0300
0300
0300
0300
0300
1FE0
1FE0
0000
0000
0000
0000
ENDCHAR
STARTCHAR uni2161
ENCODING 8545
SWIDTH 583 0
DWIDTH 14 0
BBX 14 24 0 -4
BITMAP
0000
0000
0000
0000
3FF0
3FF0
0CC0
0CC0
0CC0
0CC0
0CC0
0CC0
0CC0
0CC0
0CC0
0CC0
0CC0
0CC0
3FF0
3FF0
0000
0000
0000
0000
ENDCHAR
STARTCHAR uni2162
ENCODING 8546
SWIDTH 583 0
DWIDTH 14 0
BBX 14 24 0 -4
BITMAP
0000
0000
0000
0000
7FF8
7FF8
3330
3330
3330
3330
3330
3330
3330
3330
3330
3330
3330
3330
7FF8
7FF8
0000
0000
0000
0000
ENDCHAR
STARTCHAR uni2163
ENCODING 8547
SWIDTH 583 0
DWIDTH 14 0
BBX 14 24 0 -4
BITMAP
0000
0000
0000
0000
7F78
7F78
3630
3630
3630
3630
3630
3770
3360
3360
3360
33E0
31C0
31C0
79C0
79C0
0000
0000
0000
0000
ENDCHAR
STARTCHAR uni2164
ENCODING 8548
SWIDTH 583 0
DWIDTH 14 0
BBX 14 24 0 -4
BITMAP
0000
0000
0000
0000
7878
7878
3030
3030
3870
1860
1860
1CE0
0CC0
0CC0
0FC0
0780
0780
0300
0300
0300
0000
0000
0000
0000
ENDCHAR
STARTCHAR uni2165
ENCODING 8549
SWIDTH 583 0
DWIDTH 14 0
BBX 14 24 0 -4
BITMAP
0000
0000
0000
0000
7BF8
7BF8
31B0
31B0
31B0
31B0
31B0
3BB0
1B30
1B30
1B30
1F30
0E30
0E30
0E78
0E78
0000
0000
0000
0000
ENDCHAR
STARTCHAR uni2166
ENCODING 8550
SWIDTH 583 0
DWIDTH 14 0
BBX 14 24 0 -4
BITMAP
0000
0000
0000
0000
FFFC
FFFC
66D8
66D8
66D8
66D8
66D8
7ED8
3CD8
3CD8
3CD8
3CD8
18D8
18D8
19FC
19FC
0000
0000
0000
0000
ENDCHAR
STARTCHAR uni2167
ENCODING 8551
SWIDTH 583 0
DWIDTH 14 0
BBX 14 24 0 -4
BITMAP
0000
0000
0000
0000
DFFC
DFFC
DB6C
DB6C
DB6C
DB6C
DB6C
DB6C
FB6C
736C
736C
736C
736C
736C
77FC
77FC
0000
0000
0000
0000
ENDCHAR
STARTCHAR uni2168
ENCODING 8552
SWIDTH 583 0
DWIDTH 14 0
BBX 14 24 0 -4
BITMAP
0000
0000
0000
0000
7F78
7F78
3630
3630
3360
3360
31C0
31C0
31C0
31C0
3360
3360
3630
3630
7F78
7F78
0000
0000
0000
0000
ENDCHAR
STARTCHAR uni2169
ENCODING 8553
SWIDTH 583 0
DWIDTH 14 0
BBX 14 24 0 -4
BITMAP
0000
0000
0000
0000
7CF8
7CF8
1860
1860
0CC0
0CC0
0780
0780
0780
0780
0CC0
0CC0
1860
1860
7CF8
7CF8
0000
0000
0000
0000
ENDCHAR
STARTCHAR uni216A
ENCODING 8554
SWIDTH 583 0
DWIDTH 14 0
BBX 14 24 0 -4
BITMAP
0000
0000
0000
0000
7BF8
7BF8
31B0
31B0
1B30
1B30
0E30
0E30
0E30
0E30
1B30
1B30
31B0
31B0
7BF8
7BF8
0000
0000
0000
0000
ENDCHAR
STARTCHAR uni216B
ENCODING 8555
SWIDTH 583 0
DWIDTH 14 0
BBX 14 24 0 -4
BITMAP
0000
0000
0000
0000
FFFC
FFFC
66D8
66D8
66D8
7ED8
3CD8
3CD8
3CD8
3CD8
7ED8
66D8
66D8
66D8
FFFC
FFFC
0000
0000
0000
0000
ENDCHAR
STARTCHAR uni2170
ENCODING 8560
SWIDTH 583 0
DWIDTH 14 0
BBX 14 24 0 -4
BITMAP
0000
0000
0000
0000
0300
0300
0000
0000
0300
0300
0300
0300
0300
0300
0300
0300
0300
0300
0300
0300
0000
0000
0000
0000
ENDCHAR
STARTCHAR uni2171
ENCODING 8561
SWIDTH 583 0
DWIDTH 14 0
BBX 14 24 0 -4
BITMAP
0000
0000
0000
0000
0CC0
0CC0
0000
0000
0CC0
0CC0
0CC0
0CC0
0CC0
0CC0
0CC0
0CC0
0CC0
0CC0
0CC0
0CC0
0000
0000
0000
0000
ENDCHAR
STARTCHAR uni2172
ENCODING 8562
SWIDTH 583 0
DWIDTH 14 0
BBX 14 24 0 -4
BITMAP
0000
0000
0000
0000
3330
3330
0000
0000
3330
3330
3330
3330
3330
3330
3330
3330
3330
3330
3330
3330
0000
0000
0000
0000
ENDCHAR
STARTCHAR uni2173
ENCODING 8563
SWIDTH 583 0
DWIDTH 14 0
BBX 14 24 0 -4
BITMAP
0000
0000
0000
0000
3000
3000
0000
0000
3630
3630
3630
3770
3360
3360
3360
33E0
31C0
31C0
31C0
31C0
0000
0000
0000
0000
ENDCHAR
STARTCHAR uni2174
ENCODING 8564
SWIDTH 583 0
DWIDTH 14 0
BBX 14 24 0 -4
BITMAP
0000
0000
0000
0000
0000
0000
0000
0000
3030
3030
3870
1860
1860
1CE0
0CC0
0CC0
0FC0
0780
0780
0300
0000
0000
0000
0000
ENDCHAR
STARTCHAR uni2175
ENCODING 8565
SWIDTH 583 0
DWIDTH 14 0
BBX 14 24 0 -4
BITMAP
0000
0000
0000
0000
0030
0030
0000
0000
31B0
31B0
31B0
3BB0
1B30
1B30
1B30
1F30
0E30
0E30
0E30
0E30
0000
0000
0000
0000
ENDCHAR
STARTCHAR uni2176
ENCODING 8566
SWIDTH 583 0
DWIDTH 14 0
BBX 14 24 0 -4
BITMAP
0000
0000
0000
0000
00D8
00D8
0000
0000
C6D8
C6D8
C6D8
EED8
6CD8
6CD8
6CD8
7CD8
38D8
38D8
38D8
38D8
0000
0000
0000
0000
ENDCHAR
STARTCHAR uni2177
ENCODING 8567
SWIDTH 583 0
DWIDTH 14 0
BBX 14 24 0 -4
BITMAP
0000
0000
0000
0000
036C
036C
0000
0000
DB6C
DB6C
DB6C
DB6C
DB6C
DB6C
FB6C
736C
736C
736C
736C
736C
0000
0000
0000
0000
ENDCHAR
STARTCHAR uni2178
ENCODING 8568
SWIDTH 583 0
DWIDTH 14 0
BBX 14 24 0 -4
BITMAP
0000
0000
0000
0000
3000
3000
0000
0000
3618
3618
3738
3330
33F0
31E0
31E0
33F0
3330
3738
3618
3618
0000
0000
0000
0000
ENDCHAR
STARTCHAR uni2179
ENCODING 8569
SWIDTH 583 0
DWIDTH 14 0
BBX 14 24 0 -4
BITMAP
0000
0000
0000
0000
0000
0000
0000
0000
3030
3030
3870
1860
1CE0
0FC0
0FC0
1CE0
1860
3870
3030
3030
0000
0000
0000
0000
ENDCHAR
STARTCHAR uni217A
ENCODING 8570
SWIDTH 583 0
DWIDTH 14 0
BBX 14 24 0 -4
BITMAP
0000
0000
0000
0000
0030
0030
0000
0000
61B0
61B0
73B0
3330
3F30
1E30
1E30
3F30
3330
73B0
61B0
61B0
0000
0000
0000
0000
ENDCHAR
STARTCHAR uni217B
ENCODING 8571
SWIDTH 583 0
DWIDTH 14 0
BBX 14 24 0 -4
BITMAP
0000
0000
0000
0000
00D8
00D8
0000
0000
C6D8
C6D8
EED8
6CD8
7CD8
38D8
38D8
7CD8
6CD8
EED8
C6D8
C6D8
0000
0000
0000
0000
ENDCHAR
STARTCHAR uni2190
ENCODING 8592
SWIDTH 583 0
DWIDTH 14 0
BBX 14 24 0 -4
BITMAP
0000
0000
0000
0000
0000
0000
0000
0000
0400
0C00
1C00
3FF8
7FF8
3FF8
1C00
0C00
0400
0000
0000
0000
0000
0000
0000
0000
ENDCHAR
STARTCHAR uni2191
ENCODING 8593
SWIDTH 583 0
DWIDTH 14 0
BBX 14 24 0 -4
BITMAP
0000
0000
0000
0000
0000
0000
0200
0700
0F80
1FC0
3FE0
0700
0700
0700
0700
0700
0700
0700
0000
0000
0000
0000
0000
0000
ENDCHAR
STARTCHAR uni2192
ENCODING 8594
SWIDTH 583 0
DWIDTH 14 0
BBX 14 24 0 -4
BITMAP
0000
0000
0000
0000
0000
0000
0000
0000
0080
00C0
00E0
7FF0
7FF8
7FF0
00E0
00C0
0080
0000
0000
0000
0000
0000
0000
0000
ENDCHAR
STARTCHAR uni2193
ENCODING 8595
SWIDTH 583 0
DWIDTH 14 0
BBX 14 24 0 -4
BITMAP
0000
0000
0000
0000
0000
0000
0700
0700
0700
0700
0700
0700
0700
3FE0
1FC0
0F80
0700
0200
0000
0000
0000
0000
0000
0000
ENDCHAR
STARTCHAR uni2194
ENCODING 8596
SWIDTH 583 0
DWIDTH 14 0
BBX 14 24 0 -4
BITMAP
0000
0000
0000
0000
0000
0000
0000
0000
0840
1860
3870
7FF8
FFFC
7FF8
3870
1860
0840
0000
0000
0000
0000
0000
0000
0000
ENDCHAR
STARTCHAR uni2195
ENCODING 8597
SWIDTH 583 0
DWIDTH 14 0
BBX 14 24 0 -4
BITMAP
0000
0000
0000
0000
0000
0200
0700
0F80
1FC0
3FE0
0700
0700
0700
0700
3FE0
1FC0
0F80
0700
0200
0000
0000
0000
0000
0000
ENDCHAR
STARTCHAR uni2196
ENCODING 8598
SWIDTH 583 0
DWIDTH 14 0
BBX 14 24 0 -4
BITMAP
0000
0000
0000
0000
0000
0000
0000
3F80
3F00
3E00
3F00
3F80
37C0
23E0
01F0
00F8
0070
0020
0000
0000
0000
0000
0000
0000
ENDCHAR
STARTCHAR uni2197
ENCODING 8599
SWIDTH 583 0
DWIDTH 14 0
BBX 14 24 0 -4
BITMAP
0000
0000
0000
0000
0000
0000
0000
07F0
03F0
01F0
03F0
07F0
0FB0
1F10
3E00
7C00
3800
1000
0000
0000
0000
0000
0000
0000
ENDCHAR
STARTCHAR uni2198
ENCODING 8600
SWIDTH 583 0
DWIDTH 14 0
BBX 14 24 0 -4
BITMAP
0000
0000
0000
0000
0000
0000
1000
3800
7C00
3E00
1F10
0FB0
07F0
03F0
01F0
03F0
07F0
0000
0000
0000
0000
0000
0000
0000
ENDCHAR
STARTCHAR uni2199
ENCODING 8601
SWIDTH 583 0
DWIDTH 14 0
BBX 14 24 0 -4
BITMAP
0000
0000
0000
0000
0000
0000
0020
0070
00F8
01F0
23E0
37C0
3F80
3F00
3E00
3F00
3F80
0000
0000
0000
0000
0000
0000
0000
ENDCHAR
STARTCHAR uni21D0
ENCODING 8656
SWIDTH 583 0
DWIDTH 14 0
BBX 14 24 0 -4
BITMAP
0000
0000
0000
0000
0000
0000
0000
0200
0600
0FF8
1FF8
3800
7000
3800
1FF8
0FF8
0600
0200
0000
0000
0000
0000
0000
0000
ENDCHAR
STARTCHAR uni21D1
ENCODING 8657
SWIDTH 583 0
DWIDTH 14 0
BBX 14 24 0 -4
BITMAP
0000
0000
0000
0000
0000
0000
0200
0700
0F80
1DC0
38E0
78F0
18C0
18C0
18C0
18C0
18C0
18C0
0000
0000
0000
0000
0000
0000
ENDCHAR
STARTCHAR uni21D2
ENCODING 8658
SWIDTH 583 0
DWIDTH 14 0
BBX 14 24 0 -4
BITMAP
0000
0000
0000
0000
0000
0000
0000
0100
0180
7FC0
7FE0
0070
0038
0070
7FE0
7FC0
0180
0100
0000
0000
0000
0000
0000
0000
ENDCHAR
STARTCHAR uni21D3
ENCODING 8659
SWIDTH 583 0
DWIDTH 14 0
BBX 14 24 0 -4
BITMAP
0000
0000
0000
0000
0000
0000
18C0
18C0
18C0
18C0
18C0
18C0
78F0
38E0
1DC0
0F80
0700
0200
0000
0000
0000
0000
0000
0000
ENDCHAR
STARTCHAR uni21D4
ENCODING 8660
SWIDTH 583 0
DWIDTH 14 0
BBX 14 24 0 -4
BITMAP
0000
0000
0000
0000
0000
0000
0000
0000
0840
1860
3FF0
7FF8
E01C
7FF8
3FF0
1860
0840
0000
0000
0000
0000
0000
0000
0000
ENDCHAR
STARTCHAR uni21D5
ENCODING 8661
SWIDTH 583 0
DWIDTH 14 0
BBX 14 24 0 -4
BITMAP
0000
0000
0000
0000
0000
0200
0700
0F80
1DC0
3DE0
0D80
0D80
0D80
0D80
3DE0
1DC0
0F80
0700
0200
0000
0000
0000
0000
0000
ENDCHAR
STARTCHAR uni21D6
ENCODING 8662
SWIDTH 583 0
DWIDTH 14 0
BBX 14 24 0 -4
BITMAP
0000
0000
0000
0000
0000
0000
0000
3FC0
3F80
3380
31C0
38E0
3C70
3E38
2718
0380
01C0
00C0
0000
0000
0000
0000
0000
0000
ENDCHAR
STARTCHAR uni21D7
ENCODING 8663
SWIDTH 583 0
DWIDTH 14 0
BBX 14 24 0 -4
BITMAP
0000
0000
0000
0000
0000
0000
0000
0FF0
07F0
0730
0E30
1C70
38F0
71F0
6390
0700
0E00
0C00
0000
0000
0000
0000
0000
0000
ENDCHAR
STARTCHAR uni21D8
ENCODING 8664
SWIDTH 583 0
DWIDTH 14 0
BBX 14 24 0 -4
BITMAP
0000
0000
0000
0000
0000
0000
0C00
0E00
0700
6390
71F0
38F0
1C70
0E30
0730
07F0
0FF0
0000
0000
0000
0000
0000
0000
0000
ENDCHAR
STARTCHAR uni21D9
ENCODING 8665
SWIDTH 583 0
DWIDTH 14 0
BBX 14 24 0 -4
BITMAP
0000
0000
0000
0000
0000
0000
00C0
01C0
0380
2718
3E38
3C70
38E0
31C0
3380
3F80
3FC0
0000
0000
0000
0000
0000
0000
0000
ENDCHAR
STARTCHAR uni2200
ENCODING 8704
SWIDTH 583 0
DWIDTH 14 0
BBX 14 24 0 -4
BITMAP
0000
0000
0000
0000
3030
3030
3030
3FF0
1FE0
1860
1860
0CC0
0CC0
0FC0
0780
0780
0780
0300
0300
0300
0000
0000
0000
0000
ENDCHAR
STARTCHAR uni2202
ENCODING 8706
SWIDTH 583 0
DWIDTH 14 0
BBX 14 24 0 -4
BITMAP
0000
0000
0000
0000
07C0
0FE0
1C70
1830
0030
0030
0030
0FF0
1FE0
3860
3060
3060
3060
38E0
1FC0
0F80
0000
0000
0000
0000
ENDCHAR
STARTCHAR uni2203
ENCODING 8707
SWIDTH 583 0
DWIDTH 14 0
BBX 14 24 0 -4
BITMAP
0000
0000
0000
0000
3FF0
3FF0
0030
0030
0030
0030
0030
3FF0
3FF0
0030
0030
0030
0030
0030
3FF0
3FF0
0000
0000
0000
0000
ENDCHAR
STARTCHAR uni2205
ENCODING 8709
SWIDTH 583 0
DWIDTH 14 0
BBX 14 24 0 -4
BITMAP
0000
0000
0000
0000
0000
000C
0FDC
1FF8
3870
70F8
61D8
6398
6718
6E18
7C38
3870
7FE0
EFC0
C000
0000
0000
0000
0000
0000
ENDCHAR
STARTCHAR uni2206
ENCODING 8710
SWIDTH 583 0
DWIDTH 14 0
BBX 14 24 0 -4
BITMAP
0000
0000
0000
0000
0000
0300
0300
0300
0780
0780
0780
0FC0
0CC0
0CC0
1CE0
1860
1860
3870
3FF0
3FF0
0000
0000
0000
0000
ENDCHAR
STARTCHAR uni2207
ENCODING 8711
SWIDTH 583 0
DWIDTH 14 0
BBX 14 24 0 -4
BITMAP
0000
0000
0000
0000
0000
3FF0
3FF0
3870
1860
1860
1CE0
0CC0
0CC0
0FC0
0780
0780
0780
0300
0300
0300
0000
0000
0000
0000
ENDCHAR
STARTCHAR uni2208
ENCODING 8712
SWIDTH 583 0
DWIDTH 14 0
BBX 14 24 0 -4
BITMAP
0000
0000
0000
0000
0000
0000
03F0
0FF0
1E00
1800
3800
3000
3FF0
3FF0
3000
3800
1800
1E00
0FF0
03F0
0000
0000
0000
0000
ENDCHAR
STARTCHAR uni220B
ENCODING 8715
SWIDTH 583 0
DWIDTH 14 0
BBX 14 24 0 -4
BITMAP
0000
0000
0000
0000
0000
0000
3F00
3FC0
01E0
0060
0070
0030
3FF0
3FF0
0030
0070
0060
01E0
3FC0
3F00
0000
0000
0000
0000
ENDCHAR
STARTCHAR uni2211
ENCODING 8721
SWIDTH 583 0
DWIDTH 14 0
BBX 14 24 0 -4
BITMAP
0000
0000
0000
0000
0000
0000
3FF0
3FF0
1C30
0E00
0700
0380
01C0
01C0
0380
0700
0E00
1C30
3FF0
3FF0
0000
0000
0000
0000
ENDCHAR
STARTCHAR uni2212
ENCODING 8722
SWIDTH 583 0
DWIDTH 14 0
BBX 14 24 0 -4
BITMAP
0000
0000
0000
0000
0000
0000
0000
0000
0000
0000
0000
3FF0
3FF0
0000
0000
0000
0000
0000
0000
0000
0000
0000
0000
0000
ENDCHAR
STARTCHAR uni2217
ENCODING 8727
SWIDTH 583 0
DWIDTH 14 0
BBX 14 24 0 -4
BITMAP
0000
0000
0000
0000
0000
0000
0000
0000
0300
1B60
1FE0
0FC0
0FC0
1FE0
1B60
0300
0000
0000
0000
0000
0000
0000
0000
0000
ENDCHAR
STARTCHAR uni2218
ENCODING 8728
SWIDTH 583 0
DWIDTH 14 0
BBX 14 24 0 -4
BITMAP
0000
0000
0000
0000
0000
0000
0000
0000
0000
0000
0300
0480
0480
0300
0000
0000
0000
0000
0000
0000
0000
0000
0000
0000
ENDCHAR
STARTCHAR uni2219
ENCODING 8729
SWIDTH 583 0
DWIDTH 14 0
BBX 14 24 0 -4
BITMAP
0000
0000
0000
0000
0000
0000
0000
0000
0000
0000
0300
0780
0780
0300
0000
0000
0000
0000
0000
0000
0000
0000
0000
0000
ENDCHAR
STARTCHAR uni221A
ENCODING 8730
SWIDTH 583 0
DWIDTH 14 0
BBX 14 24 0 -4
BITMAP
0000
0000
0000
0000
03F8
03F8
0300
0300
0300
0300
0300
0300
0300
0300
7300
7B00
1F00
0F00
0700
0300
0000
0000
0000
0000
ENDCHAR
STARTCHAR uni221D
ENCODING 8733
SWIDTH 583 0
DWIDTH 14 0
BBX 14 24 0 -4
BITMAP
0000
0000
0000
0000
0000
0000
0000
3CF0
7FF8
E79C
C30C
C300
C300
C30C
E79C
7FF8
3CF0
0000
0000
0000
0000
0000
0000
0000
ENDCHAR
STARTCHAR uni221E
ENCODING 8734
SWIDTH 583 0
DWIDTH 14 0
BBX 14 24 0 -4
BITMAP
0000
0000
0000
0000
0000
0000
0000
3CF0
7FF8
E79C
C30C
C30C
C30C
C30C
E79C
7FF8
3CF0
0000
0000
0000
0000
0000
0000
0000
ENDCHAR
STARTCHAR uni221F
ENCODING 8735
SWIDTH 583 0
DWIDTH 14 0
BBX 14 24 0 -4
BITMAP
0000
0000
0000
0000
0000
0000
0000
0000
6000
6000
6000
6000
6000
6000
6000
6000
6000
6000
7FF8
7FF8
0000
0000
0000
0000
ENDCHAR
STARTCHAR uni2220
ENCODING 8736
SWIDTH 583 0
DWIDTH 14 0
BBX 14 24 0 -4
BITMAP
0000
0000
0000
0000
0000
0000
0000
0000
0018
0038
0070
00E0
01C0
0380
0700
0E00
1C00
3800
7FF8
7FF8
0000
0000
0000
0000
ENDCHAR
STARTCHAR uni2225
ENCODING 8741
SWIDTH 583 0
DWIDTH 14 0
BBX 14 24 0 -4
BITMAP
0000
0000
0000
0000
0CC0
0CC0
0CC0
0CC0
0CC0
0CC0
0CC0
0CC0
0CC0
0CC0
0CC0
0CC0
0CC0
0CC0
0CC0
0CC0
0000
0000
0000
0000
ENDCHAR
STARTCHAR uni2227
ENCODING 8743
SWIDTH 583 0
DWIDTH 14 0
BBX 14 24 0 -4
BITMAP
0000
0000
0000
0000
0000
0300
0300
0300
0780
0780
0780
0CC0
0CC0
0CC0
1860
1860
1860
3030
3030
3030
0000
0000
0000
0000
ENDCHAR
STARTCHAR uni2228
ENCODING 8744
SWIDTH 583 0
DWIDTH 14 0
BBX 14 24 0 -4
BITMAP
0000
0000
0000
0000
0000
3030
3030
3030
1860
1860
1860
0CC0
0CC0
0CC0
0780
0780
0780
0300
0300
0300
0000
0000
0000
0000
ENDCHAR
STARTCHAR uni2229
ENCODING 8745
SWIDTH 583 0
DWIDTH 14 0
BBX 14 24 0 -4
BITMAP
0000
0000
0000
0000
0000
0000
0780
1FE0
3CF0
3030
7038
6018
6018
6018
6018
6018
6018
6018
6018
6018
0000
0000
0000
0000
ENDCHAR
STARTCHAR uni222A
ENCODING 8746
SWIDTH 583 0
DWIDTH 14 0
BBX 14 24 0 -4
BITMAP
0000
0000
0000
0000
0000
0000
6018
6018
6018
6018
6018
6018
6018
6018
6018
7038
3030
3CF0
1FE0
0780
0000
0000
0000
0000
ENDCHAR
STARTCHAR uni222B
ENCODING 8747
SWIDTH 583 0
DWIDTH 14 0
BBX 14 24 0 -4
BITMAP
0000
0000
0000
0000
01E0
03F0
0330
0300
0300
0300
0300
0300
0300
0300
0300
0300
0300
3300
3F00
1E00
0000
0000
0000
0000
ENDCHAR
STARTCHAR uni222C
ENCODING 8748
SWIDTH 583 0
DWIDTH 14 0
BBX 14 24 0 -4
BITMAP
0000
0000
0000
0000
0770
0FF8
0DD8
0CC0
0CC0
0CC0
0CC0
0CC0
0CC0
0CC0
0CC0
0CC0
0CC0
6EC0
7FC0
3B80
0000
0000
0000
0000
ENDCHAR
STARTCHAR uni222E
ENCODING 8750
SWIDTH 583 0
DWIDTH 14 0
BBX 14 24 0 -4
BITMAP
0000
0000
0000
0000
01E0
03F0
0330
0300
0300
0FC0
1FE0
1B60
1B60
1FE0
0FC0
0300
0300
3300
3F00
1E00
0000
0000
0000
0000
ENDCHAR
STARTCHAR uni2234
ENCODING 8756
SWIDTH 583 0
DWIDTH 14 0
BBX 14 24 0 -4
BITMAP
0000
0000
0000
0000
0000
0000
0000
0700
0700
0700
0000
0000
0000
0000
7070
7070
7070
0000
0000
0000
0000
0000
0000
0000
ENDCHAR
STARTCHAR uni2235
ENCODING 8757
SWIDTH 583 0
DWIDTH 14 0
BBX 14 24 0 -4
BITMAP
0000
0000
0000
0000
0000
0000
0000
7070
7070
7070
0000
0000
0000
0000
0700
0700
0700
0000
0000
0000
0000
0000
0000
0000
ENDCHAR
STARTCHAR uni223D
ENCODING 8765
SWIDTH 583 0
DWIDTH 14 0
BBX 14 24 0 -4
BITMAP
0000
0000
0000
0000
0000
0000
0000
38F0
79F8
E39C
C30C
C30C
C30C
C30C
E71C
7E78
3C70
0000
0000
0000
0000
0000
0000
0000
ENDCHAR
STARTCHAR uni2252
ENCODING 8786
SWIDTH 583 0
DWIDTH 14 0
BBX 14 24 0 -4
BITMAP
0000
0000
0000
0000
0000
1800
1800
0000
0000
3FF0
3FF0
0000
0000
3FF0
3FF0
0000
0000
0060
0060
0000
0000
0000
0000
0000
ENDCHAR
STARTCHAR uni2260
ENCODING 8800
SWIDTH 583 0
DWIDTH 14 0
BBX 14 24 0 -4
BITMAP
0000
0000
0000
0000
0000
0000
00C0
00C0
00C0
3FF0
3FF0
0300
0300
3FF0
3FF0
0C00
0C00
0C00
0000
0000
0000
0000
0000
0000
ENDCHAR
STARTCHAR uni2261
ENCODING 8801
SWIDTH 583 0
DWIDTH 14 0
BBX 14 24 0 -4
BITMAP
0000
0000
0000
0000
0000
0000
0000
3FF0
3FF0
0000
0000
3FF0
3FF0
0000
0000
3FF0
3FF0
0000
0000
0000
0000
0000
0000
0000
ENDCHAR
STARTCHAR uni2266
ENCODING 8806
SWIDTH 583 0
DWIDTH 14 0
BBX 14 24 0 -4
BITMAP
0000
0000
0000
0000
0030
00F0
03C0
0F00
3C00
3000
3C00
0F00
03C0
00F0
0030
3FF0
3FF0
0000
3FF0
3FF0
0000
0000
0000
0000
ENDCHAR
STARTCHAR uni2267
ENCODING 8807
SWIDTH 583 0
DWIDTH 14 0
BBX 14 24 0 -4
BITMAP
0000
0000
0000
0000
3000
3C00
0F00
03C0
00F0
0030
00F0
03C0
0F00
3C00
3000
3FF0
3FF0
0000
3FF0
3FF0
0000
0000
0000
0000
ENDCHAR
STARTCHAR uni226A
ENCODING 8810
SWIDTH 583 0
DWIDTH 14 0
BBX 14 24 0 -4
BITMAP
0000
0000
0000
0000
0000
0000
0618
0E38
1C70
38E0
71C0
E380
E380
71C0
38E0
1C70
0E38
0618
0000
0000
0000
0000
0000
0000
ENDCHAR
STARTCHAR uni226B
ENCODING 8811
SWIDTH 583 0
DWIDTH 14 0
BBX 14 24 0 -4
BITMAP
0000
0000
0000
0000
0000
0000
6180
71C0
38E0
1C70
0E38
071C
071C
0E38
1C70
38E0
71C0
6180
0000
0000
0000
0000
0000
0000
ENDCHAR
STARTCHAR uni2282
ENCODING 8834
SWIDTH 583 0
DWIDTH 14 0
BBX 14 24 0 -4
BITMAP
0000
0000
0000
0000
0000
0000
03F0
0FF0
1E00
1800
3800
3000
3000
3000
3000
3800
1800
1E00
0FF0
03F0
0000
0000
0000
0000
ENDCHAR
STARTCHAR uni2283
ENCODING 8835
SWIDTH 583 0
DWIDTH 14 0
BBX 14 24 0 -4
BITMAP
0000
0000
0000
0000
0000
0000
3F00
3FC0
01E0
0060
0070
0030
0030
0030
0030
0070
0060
01E0
3FC0
3F00
0000
0000
0000
0000
ENDCHAR
STARTCHAR uni2286
ENCODING 8838
SWIDTH 583 0
DWIDTH 14 0
BBX 14 24 0 -4
BITMAP
0000
0000
0000
0000
03F0
0FF0
1E00
1800
3800
3000
3000
3000
3800
1800
1E00
0FF0
03F0
0000
3FF0
3FF0
0000
0000
0000
0000
ENDCHAR
STARTCHAR uni2287
ENCODING 8839
SWIDTH 583 0
DWIDTH 14 0
BBX 14 24 0 -4
BITMAP
0000
0000
0000
0000
3F00
3FC0
01E0
0060
0070
0030
0030
0030
0070
0060
01E0
3FC0
3F00
0000
3FF0
3FF0
0000
0000
0000
0000
ENDCHAR
STARTCHAR uni22A5
ENCODING 8869
SWIDTH 583 0
DWIDTH 14 0
BBX 14 24 0 -4
BITMAP
0000
0000
0000
0000
0000
0000
0000
0000
0300
0300
0300
0300
0300
0300
0300
0300
0300
0300
7FF8
7FF8
0000
0000
0000
0000
ENDCHAR
STARTCHAR uni22BF
ENCODING 8895
SWIDTH 583 0
DWIDTH 14 0
BBX 14 24 0 -4
BITMAP
0000
0000
0000
0000
0000
0000
0000
0000
0008
0018
0038
0078
00F8
01D8
0398
0718
0E18
1C18
3FF8
7FF8
0000
0000
0000
0000
ENDCHAR
STARTCHAR uni2312
ENCODING 8978
SWIDTH 583 0
DWIDTH 14 0
BBX 14 24 0 -4
BITMAP
0000
0000
0000
0000
1FE0
3FF0
7038
6018
0000
0000
0000
0000
0000
0000
0000
0000
0000
0000
0000
0000
0000
0000
0000
0000
ENDCHAR
STARTCHAR uni2460
ENCODING 9312
SWIDTH 583 0
DWIDTH 14 0
BBX 14 24 0 -4
BITMAP
0000
0000
0000
0000
1FE0
3FF0
7CF8
78F8
70F8
70F8
7CF8
7CF8
7CF8
7CF8
7CF8
7CF8
7038
7038
3FF0
1FE0
0000
0000
0000
0000
ENDCHAR
STARTCHAR uni2461
ENCODING 9313
SWIDTH 583 0
DWIDTH 14 0
BBX 14 24 0 -4
BITMAP
0000
0000
0000
0000
1FE0
3FF0
7038
6018
6798
6798
7F18
7E38
7C78
78F8
71F8
63F8
6018
6018
3FF0
1FE0
0000
0000
0000
0000
ENDCHAR
STARTCHAR uni2462
ENCODING 9314
SWIDTH 583 0
DWIDTH 14 0
BBX 14 24 0 -4
BITMAP
0000
0000
0000
0000
1FE0
3FF0
6018
6018
7F98
7F18
7E38
7C78
7E38
7F18
6798
6798
6018
7038
3FF0
1FE0
0000
0000
0000
0000
ENDCHAR
STARTCHAR uni2463
ENCODING 9315
SWIDTH 583 0
DWIDTH 14 0
BBX 14 24 0 -4
BITMAP
0000
0000
0000
0000
1FE0
3FF0
7F38
7E38
7C38
7838
7138
6338
6738
6738
6018
6018
7F38
7F38
3FF0
1FE0
0000
0000
0000
0000
ENDCHAR
STARTCHAR uni2464
ENCODING 9316
SWIDTH 583 0
DWIDTH 14 0
BBX 14 24 0 -4
BITMAP
0000
0000
0000
0000
1FE0
3FF0
6018
6018
67F8
67F8
6038
6018
7F98
7F98
6798
6798
6018
7038
3FF0
1FE0
0000
0000
0000
0000
ENDCHAR
STARTCHAR uni2465
ENCODING 9317
SWIDTH 583 0
DWIDTH 14 0
BBX 14 24 0 -4
BITMAP
0000
0000
0000
0000
1FE0
3FF0
7038
6018
6798
67F8
67F8
6038
6018
6798
6798
6798
6018
7038
3FF0
1FE0
0000
0000
0000
0000
ENDCHAR
STARTCHAR uni2466
ENCODING 9318
SWIDTH 583 0
DWIDTH 14 0
BBX 14 24 0 -4
BITMAP
0000
0000
0000
0000
1FE0
3FF0
6018
6018
7F98
7F18
7E38
7C78
7CF8
7CF8
7CF8
7CF8
7CF8
7CF8
3FF0
1FE0
0000
0000
0000
0000
ENDCHAR
STARTCHAR uni2467
ENCODING 9319
SWIDTH 583 0
DWIDTH 14 0
BBX 14 24 0 -4
BITMAP
0000
0000
0000
0000
1FE0
3FF0
7038
6018
6798
6798
6798
7038
6018
6798
6798
6798
6018
7038
3FF0
1FE0
0000
0000
0000
0000
ENDCHAR
STARTCHAR uni2468
ENCODING 9320
SWIDTH 583 0
DWIDTH 14 0
BBX 14 24 0 -4
BITMAP
0000
0000
0000
0000
1FE0
3FF0
7038
6018
6798
6798
6798
6018
7018
7F98
7F98
6798
6018
7038
3FF0
1FE0
0000
0000
0000
0000
ENDCHAR
STARTCHAR uni2469
ENCODING 9321
SWIDTH 583 0
DWIDTH 14 0
BBX 14 24 0 -4
BITMAP
0000
0000
0000
0000
1FE0
3FF0
6618
4408
44C8
64C8
64C8
64C8
64C8
64C8
64C8
64C8
6408
6618
3FF0
1FE0
0000
0000
0000
0000
ENDCHAR
STARTCHAR uni246A
ENCODING 9322
SWIDTH 583 0
DWIDTH 14 0
BBX 14 24 0 -4
BITMAP
0000
0000
0000
0000
1FE0
3FF0
7398
6318
6318
7398
7398
7398
7398
7398
7398
7398
7398
7398
3FF0
1FE0
0000
0000
0000
0000
ENDCHAR
STARTCHAR uni246B
ENCODING 9323
SWIDTH 583 0
DWIDTH 14 0
BBX 14 24 0 -4
BITMAP
0000
0000
0000
0000
1FE0
3FF0
6618
4408
44C8
64C8
67C8
6788
6718
6638
6478
64F8
6408
6408
3FF0
1FE0
0000
0000
0000
0000
ENDCHAR
STARTCHAR uni246C
ENCODING 9324
SWIDTH 583 0
DWIDTH 14 0
BBX 14 24 0 -4
BITMAP
0000
0000
0000
0000
1FE0
3FF0
6408
4408
4788
6718
6638
6718
6788
67C8
64C8
64C8
6408
6618
3FF0
1FE0
0000
0000
0000
0000
ENDCHAR
STARTCHAR uni246D
ENCODING 9325
SWIDTH 583 0
DWIDTH 14 0
BBX 14 24 0 -4
BITMAP
0000
0000
0000
0000
1FE0
3FF0
6798
4718
4618
6418
6498
6498
6498
6498
6408
6408
6798
6798
3FF0
1FE0
0000
0000
0000
0000
ENDCHAR
STARTCHAR uni246E
ENCODING 9326
SWIDTH 583 0
DWIDTH 14 0
BBX 14 24 0 -4
BITMAP
0000
0000
0000
0000
1FE0
3FF0
6408
4408
44F8
64F8
6418
6408
67C8
67C8
64C8
64C8
6408
6618
3FF0
1FE0
0000
0000
0000
0000
ENDCHAR
STARTCHAR uni246F
ENCODING 9327
SWIDTH 583 0
DWIDTH 14 0
BBX 14 24 0 -4
BITMAP
0000
0000
0000
0000
1FE0
3FF0
6618
4408
44C8
64F8
64F8
6418
6408
64C8
64C8
64C8
6408
6618
3FF0
1FE0
0000
0000
0000
0000
ENDCHAR
STARTCHAR uni2470
ENCODING 9328
SWIDTH 583 0
DWIDTH 14 0
BBX 14 24 0 -4
BITMAP
0000
0000
0000
0000
1FE0
3FF0
6408
4408
47C8
6788
6718
6738
6738
6738
6738
6738
6738
6738
3FF0
1FE0
0000
0000
0000
0000
ENDCHAR
STARTCHAR uni2471
ENCODING 9329
SWIDTH 583 0
DWIDTH 14 0
BBX 14 24 0 -4
BITMAP
0000
0000
0000
0000
1FE0
3FF0
6618
4408
44C8
64C8
64C8
6618
6408
64C8
64C8
64C8
6408
6618
3FF0
1FE0
0000
0000
0000
0000
ENDCHAR
STARTCHAR uni2472
ENCODING 9330
SWIDTH 583 0
DWIDTH 14 0
BBX 14 24 0 -4
BITMAP
0000
0000
0000
0000
1FE0
3FF0
6618
4408
44C8
64C8
64C8
6408
6608
67C8
67C8
64C8
6408
6618
3FF0
1FE0
0000
0000
0000
0000
ENDCHAR
STARTCHAR uni2473
ENCODING 9331
SWIDTH 583 0
DWIDTH 14 0
BBX 14 24 0 -4
BITMAP
0000
0000
0000
0000
1FE0
3FF0
6318
4008
4848
4848
7848
7048
6248
4648
4E48
4E48
4008
4118
3FF0
1FE0
0000
0000
0000
0000
ENDCHAR
STARTCHAR uni2500
ENCODING 9472
SWIDTH 583 0
DWIDTH 14 0
BBX 14 24 0 -4
BITMAP
0000
0000
0000
0000
0000
0000
0000
0000
0000
0000
0000
FFFC
FFFC
0000
0000
0000
0000
0000
0000
0000
0000
0000
0000
0000
ENDCHAR
STARTCHAR uni2501
ENCODING 9473
SWIDTH 583 0
DWIDTH 14 0
BBX 14 24 0 -4
BITMAP
0000
0000
0000
0000
0000
0000
0000
0000
0000
0000
07F0
0FE0
1FC0
3F80
0000
0000
0000
0000
0000
0000
0000
0000
0000
0000
ENDCHAR
STARTCHAR uni2502
ENCODING 9474
SWIDTH 583 0
DWIDTH 14 0
BBX 14 24 0 -4
BITMAP
0300
0300
0300
0300
0300
0300
0300
0300
0300
0300
0300
0300
0300
0300
0300
0300
0300
0300
0300
0300
0300
0300
0300
0300
ENDCHAR
STARTCHAR uni2503
ENCODING 9475
SWIDTH 583 0
DWIDTH 14 0
BBX 14 24 0 -4
BITMAP
0780
0780
0780
0700
0600
0400
0000
0000
0000
0080
0180
0380
0780
0780
0780
0700
0600
0400
0000
0000
0000
0080
0180
0380
ENDCHAR
STARTCHAR uni250C
ENCODING 9484
SWIDTH 583 0
DWIDTH 14 0
BBX 14 24 0 -4
BITMAP
0000
0000
0000
0000
0000
0000
0000
0000
0000
0000
0000
03FC
03FC
0300
0300
0300
0300
0300
0300
0300
0300
0300
0300
0300
ENDCHAR
STARTCHAR uni250F
ENCODING 9487
SWIDTH 583 0
DWIDTH 14 0
BBX 14 24 0 -4
BITMAP
0000
0000
0000
0000
0000
0000
0000
0000
0000
0000
07F0
07E0
07C0
0780
0700
0600
0400
0000
0000
0000
0000
0080
0180
0380
ENDCHAR
STARTCHAR uni2510
ENCODING 9488
SWIDTH 583 0
DWIDTH 14 0
BBX 14 24 0 -4
BITMAP
0000
0000
0000
0000
0000
0000
0000
0000
0000
0000
0000
FF00
FF00
0300
0300
0300
0300
0300
0300
0300
0300
0300
0300
0300
ENDCHAR
STARTCHAR uni2513
ENCODING 9491
SWIDTH 583 0
DWIDTH 14 0
BBX 14 24 0 -4
BITMAP
0000
0000
0000
0000
0000
0000
0000
0000
0000
0000
0780
0F80
1F80
3F80
0780
0700
0600
0400
0000
0000
0000
0080
0180
0380
ENDCHAR
STARTCHAR uni2514
ENCODING 9492
SWIDTH 583 0
DWIDTH 14 0
BBX 14 24 0 -4
BITMAP
0300
0300
0300
0300
0300
0300
0300
0300
0300
0300
0300
03FC
03FC
0000
0000
0000
0000
0000
0000
0000
0000
0000
0000
0000
ENDCHAR
STARTCHAR uni2517
ENCODING 9495
SWIDTH 583 0
DWIDTH 14 0
BBX 14 24 0 -4
BITMAP
0780
0780
0780
0700
0600
0400
0000
0000
0000
0080
01F0
03E0
07C0
0780
0000
0000
0000
0000
0000
0000
0000
0000
0000
0000
ENDCHAR
STARTCHAR uni2518
ENCODING 9496
SWIDTH 583 0
DWIDTH 14 0
BBX 14 24 0 -4
BITMAP
0300
0300
0300
0300
0300
0300
0300
0300
0300
0300
0300
FF00
FF00
0000
0000
0000
0000
0000
0000
0000
0000
0000
0000
0000
ENDCHAR
STARTCHAR uni251B
ENCODING 9499
SWIDTH 583 0
DWIDTH 14 0
BBX 14 24 0 -4
BITMAP
0780
0780
0780
0700
0600
0400
0000
0000
0000
0080
0180
0F80
1F80
3F80
0000
0000
0000
0000
0000
0000
0000
0000
0000
0000
ENDCHAR
STARTCHAR uni251C
ENCODING 9500
SWIDTH 583 0
DWIDTH 14 0
BBX 14 24 0 -4
BITMAP
0300
0300
0300
0300
0300
0300
0300
0300
0300
0300
0300
03FC
03FC
0300
0300
0300
0300
0300
0300
0300
0300
0300
0300
0300
ENDCHAR
STARTCHAR uni251D
ENCODING 9501
SWIDTH 583 0
DWIDTH 14 0
BBX 14 24 0 -4
BITMAP
0300
0300
0300
0300
0300
0300
0300
0300
0300
0300
0370
0360
0340
0300
0300
0300
0300
0300
0300
0300
0300
0300
0300
0300
ENDCHAR
STARTCHAR uni2520
ENCODING 9504
SWIDTH 583 0
DWIDTH 14 0
BBX 14 24 0 -4
BITMAP
0780
0780
0780
0700
0600
0400
0000
0000
0000
0080
0180
03BC
07BC
0780
0780
0700
0600
0400
0000
0000
0000
0080
0180
0380
ENDCHAR
STARTCHAR uni2523
ENCODING 9507
SWIDTH 583 0
DWIDTH 14 0
BBX 14 24 0 -4
BITMAP
0780
0780
0780
0700
0600
0400
0000
0000
0000
0080
01B0
03A0
0780
0780
0780
0700
0600
0400
0000
0000
0000
0080
0180
0380
ENDCHAR
STARTCHAR uni2524
ENCODING 9508
SWIDTH 583 0
DWIDTH 14 0
BBX 14 24 0 -4
BITMAP
0300
0300
0300
0300
0300
0300
0300
0300
0300
0300
0300
FF00
FF00
0300
0300
0300
0300
0300
0300
0300
0300
0300
0300
0300
ENDCHAR
STARTCHAR uni2525
ENCODING 9509
SWIDTH 583 0
DWIDTH 14 0
BBX 14 24 0 -4
BITMAP
0300
0300
0300
0300
0300
0300
0300
0300
0300
0300
0300
0B00
1B00
3B00
0300
0300
0300
0300
0300
0300
0300
0300
0300
0300
ENDCHAR
STARTCHAR uni2528
ENCODING 9512
SWIDTH 583 0
DWIDTH 14 0
BBX 14 24 0 -4
BITMAP
0780
0780
0780
0700
0600
0400
0000
0000
0000
0080
0180
F380
F780
0780
0780
0700
0600
0400
0000
0000
0000
0080
0180
0380
ENDCHAR
STARTCHAR uni252B
ENCODING 9515
SWIDTH 583 0
DWIDTH 14 0
BBX 14 24 0 -4
BITMAP
0780
0780
0780
0700
0600
0400
0000
0000
0000
0080
0180
0380
1780
3780
0780
0700
0600
0400
0000
0000
0000
0080
0180
0380
ENDCHAR
STARTCHAR uni252C
ENCODING 9516
SWIDTH 583 0
DWIDTH 14 0
BBX 14 24 0 -4
BITMAP
0000
0000
0000
0000
0000
0000
0000
0000
0000
0000
0000
FFFC
FFFC
0300
0300
0300
0300
0300
0300
0300
0300
0300
0300
0300
ENDCHAR
STARTCHAR uni252F
ENCODING 9519
SWIDTH 583 0
DWIDTH 14 0
BBX 14 24 0 -4
BITMAP
0000
0000
0000
0000
0000
0000
0000
0000
0000
0000
07F0
0FE0
1FC0
3F80
0000
0300
0300
0300
0300
0300
0300
0300
0300
0300
ENDCHAR
STARTCHAR uni2530
ENCODING 9520
SWIDTH 583 0
DWIDTH 14 0
BBX 14 24 0 -4
BITMAP
0000
0000
0000
0000
0000
0000
0000
0000
0000
0000
0000
FFFC
FFFC
0000
0780
0700
0600
0400
0000
0000
0000
0080
0180
0380
ENDCHAR
STARTCHAR uni2533
ENCODING 9523
SWIDTH 583 0
DWIDTH 14 0
BBX 14 24 0 -4
BITMAP
0000
0000
0000
0000
0000
0000
0000
0000
0000
0000
07F0
0FE0
1FC0
3F80
0000
0700
0600
0400
0000
0000
0000
0080
0180
0380
ENDCHAR
STARTCHAR uni2534
ENCODING 9524
SWIDTH 583 0
DWIDTH 14 0
BBX 14 24 0 -4
BITMAP
0300
0300
0300
0300
0300
0300
0300
0300
0300
0300
0300
FFFC
FFFC
0000
0000
0000
0000
0000
0000
0000
0000
0000
0000
0000
ENDCHAR
STARTCHAR uni2537
ENCODING 9527
SWIDTH 583 0
DWIDTH 14 0
BBX 14 24 0 -4
BITMAP
0300
0300
0300
0300
0300
0300
0300
0300
0300
0000
07F0
0FE0
1FC0
3F80
0000
0000
0000
0000
0000
0000
0000
0000
0000
0000
ENDCHAR
STARTCHAR uni2538
ENCODING 9528
SWIDTH 583 0
DWIDTH 14 0
BBX 14 24 0 -4
BITMAP
0780
0780
0780
0700
0600
0400
0000
0000
0000
0080
0000
FFFC
FFFC
0000
0000
0000
0000
0000
0000
0000
0000
0000
0000
0000
ENDCHAR
STARTCHAR uni253B
ENCODING 9531
SWIDTH 583 0
DWIDTH 14 0
BBX 14 24 0 -4
BITMAP
0780
0780
0780
0700
0600
0400
0000
0000
0000
0000
07F0
0FE0
1FC0
3F80
0000
0000
0000
0000
0000
0000
0000
0000
0000
0000
ENDCHAR
STARTCHAR uni253C
ENCODING 9532
SWIDTH 583 0
DWIDTH 14 0
BBX 14 24 0 -4
BITMAP
0300
0300
0300
0300
0300
0300
0300
0300
0300
0300
0300
FFFC
FFFC
0300
0300
0300
0300
0300
0300
0300
0300
0300
0300
0300
ENDCHAR
STARTCHAR uni253F
ENCODING 9535
SWIDTH 583 0
DWIDTH 14 0
BBX 14 24 0 -4
BITMAP
0300
0300
0300
0300
0300
0300
0300
0300
0300
0000
07F0
0FE0
1FC0
3F80
0000
0300
0300
0300
0300
0300
0300
0300
0300
0300
ENDCHAR
STARTCHAR uni2542
ENCODING 9538
SWIDTH 583 0
DWIDTH 14 0
BBX 14 24 0 -4
BITMAP
0780
0780
0780
0700
0600
0400
0000
0000
0000
0080
0180
F3BC
F7BC
0780
0780
0700
0600
0400
0000
0000
0000
0080
0180
0380
ENDCHAR
STARTCHAR uni254B
ENCODING 9547
SWIDTH 583 0
DWIDTH 14 0
BBX 14 24 0 -4
BITMAP
0780
0780
0780
0700
0600
0400
0000
0000
0000
0080
01B0
03A0
1780
3780
0780
0700
0600
0400
0000
0000
0000
0080
0180
0380
ENDCHAR
STARTCHAR uni2580
ENCODING 9600
SWIDTH 583 0
DWIDTH 14 0
BBX 14 24 0 -4
BITMAP
FFFC
FFFC
FFFC
FFFC
FFFC
FFFC
FFFC
FFFC
FFFC
FFFC
FFFC
FFFC
0000
0000
0000
0000
0000
0000
0000
0000
0000
0000
0000
0000
ENDCHAR
STARTCHAR uni2581
ENCODING 9601
SWIDTH 583 0
DWIDTH 14 0
BBX 14 24 0 -4
BITMAP
0000
0000
0000
0000
0000
0000
0000
0000
0000
0000
0000
0000
0000
0000
0000
0000
0000
0000
0000
0000
0000
FFFC
FFFC
FFFC
ENDCHAR
STARTCHAR uni2582
ENCODING 9602
SWIDTH 583 0
DWIDTH 14 0
BBX 14 24 0 -4
BITMAP
0000
0000
0000
0000
0000
0000
0000
0000
0000
0000
0000
0000
0000
0000
0000
0000
0000
0000
FFFC
FFFC
FFFC
FFFC
FFFC
FFFC
ENDCHAR
STARTCHAR uni2583
ENCODING 9603
SWIDTH 583 0
DWIDTH 14 0
BBX 14 24 0 -4
BITMAP
0000
0000
0000
0000
0000
0000
0000
0000
0000
0000
0000
0000
0000
0000
0000
FFFC
FFFC
FFFC
FFFC
FFFC
FFFC
FFFC
FFFC
FFFC
ENDCHAR
STARTCHAR uni2584
ENCODING 9604
SWIDTH 583 0
DWIDTH 14 0
BBX 14 24 0 -4
BITMAP
0000
0000
0000
0000
0000
0000
0000
0000
0000
0000
0000
0000
FFFC
FFFC
FFFC
FFFC
FFFC
FFFC
FFFC
FFFC
FFFC
FFFC
FFFC
FFFC
ENDCHAR
STARTCHAR uni2585
ENCODING 9605
SWIDTH 583 0
DWIDTH 14 0
BBX 14 24 0 -4
BITMAP
0000
0000
0000
0000
0000
0000
0000
0000
0000
FFFC
FFFC
FFFC
FFFC
FFFC
FFFC
FFFC
FFFC
FFFC
FFFC
FFFC
FFFC
FFFC
FFFC
FFFC
ENDCHAR
STARTCHAR uni2586
ENCODING 9606
SWIDTH 583 0
DWIDTH 14 0
BBX 14 24 0 -4
BITMAP
0000
0000
0000
0000
0000
0000
FFFC
FFFC
FFFC
FFFC
FFFC
FFFC
FFFC
FFFC
FFFC
FFFC
FFFC
FFFC
FFFC
FFFC
FFFC
FFFC
FFFC
FFFC
ENDCHAR
STARTCHAR uni2587
ENCODING 9607
SWIDTH 583 0
DWIDTH 14 0
BBX 14 24 0 -4
BITMAP
0000
0000
0000
FFFC
FFFC
FFFC
FFFC
FFFC
FFFC
FFFC
FFFC
FFFC
FFFC
FFFC
FFFC
FFFC
FFFC
FFFC
FFFC
FFFC
FFFC
FFFC
FFFC
FFFC
ENDCHAR
STARTCHAR uni2588
ENCODING 9608
SWIDTH 583 0
DWIDTH 14 0
BBX 14 24 0 -4
BITMAP
FFFC
FFFC
FFFC
FFFC
FFFC
FFFC
FFFC
FFFC
FFFC
FFFC
FFFC
FFFC
FFFC
FFFC
FFFC
FFFC
FFFC
FFFC
FFFC
FFFC
FFFC
FFFC
FFFC
FFFC
ENDCHAR
STARTCHAR uni2589
ENCODING 9609
SWIDTH 583 0
DWIDTH 14 0
BBX 14 24 0 -4
BITMAP
FFF0
FFF0
FFF0
FFF0
FFF0
FFF0
FFF0
FFF0
FFF0
FFF0
FFF0
FFF0
FFF0
FFF0
FFF0
FFF0
FFF0
FFF0
FFF0
FFF0
FFF0
FFF0
FFF0
FFF0
ENDCHAR
STARTCHAR uni258A
ENCODING 9610
SWIDTH 583 0
DWIDTH 14 0
BBX 14 24 0 -4
BITMAP
FFC0
FFC0
FFC0
FFC0
FFC0
FFC0
FFC0
FFC0
FFC0
FFC0
FFC0
FFC0
FFC0
FFC0
FFC0
FFC0
FFC0
FFC0
FFC0
FFC0
FFC0
FFC0
FFC0
FFC0
ENDCHAR
STARTCHAR uni258B
ENCODING 9611
SWIDTH 583 0
DWIDTH 14 0
BBX 14 24 0 -4
BITMAP
FF00
FF00
FF00
FF00
FF00
FF00
FF00
FF00
FF00
FF00
FF00
FF00
FF00
FF00
FF00
FF00
FF00
FF00
FF00
FF00
FF00
FF00
FF00
FF00
ENDCHAR
STARTCHAR uni258C
ENCODING 9612
SWIDTH 583 0
DWIDTH 14 0
BBX 14 24 0 -4
BITMAP
FC00
FC00
FC00
FC00
FC00
FC00
FC00
FC00
FC00
FC00
FC00
FC00
FC00
FC00
FC00
FC00
FC00
FC00
FC00
FC00
FC00
FC00
FC00
FC00
ENDCHAR
STARTCHAR uni258D
ENCODING 9613
SWIDTH 583 0
DWIDTH 14 0
BBX 14 24 0 -4
BITMAP
F000
F000
F000
F000
F000
F000
F000
F000
F000
F000
F000
F000
F000
F000
F000
F000
F000
F000
F000
F000
F000
F000
F000
F000
ENDCHAR
STARTCHAR uni258E
ENCODING 9614
SWIDTH 583 0
DWIDTH 14 0
BBX 14 24 0 -4
BITMAP
C000
C000
C000
C000
C000
C000
C000
C000
C000
C000
C000
C000
C000
C000
C000
C000
C000
C000
C000
C000
C000
C000
C000
C000
ENDCHAR
STARTCHAR uni258F
ENCODING 9615
SWIDTH 583 0
DWIDTH 14 0
BBX 14 24 0 -4
BITMAP
8000
8000
8000
8000
8000
8000
8000
8000
8000
8000
8000
8000
8000
8000
8000
8000
8000
8000
8000
8000
8000
8000
8000
8000
ENDCHAR
STARTCHAR uni2590
ENCODING 9616
SWIDTH 583 0
DWIDTH 14 0
BBX 14 24 0 -4
BITMAP
01FC
01FC
01FC
01FC
01FC
01FC
01FC
01FC
01FC
01FC
01FC
01FC
01FC
01FC
01FC
01FC
01FC
01FC
01FC
01FC
01FC
01FC
01FC
01FC
ENDCHAR
STARTCHAR uni25A0
ENCODING 9632
SWIDTH 583 0
DWIDTH 14 0
BBX 14 24 0 -4
BITMAP
0000
0000
0000
0000
0000
0000
7FF8
7FF8
7FF8
7FF8
7FF8
7FF8
7FF8
7FF8
7FF8
7FF8
7FF8
7FF8
0000
0000
0000
0000
0000
0000
ENDCHAR
STARTCHAR uni25A1
ENCODING 9633
SWIDTH 583 0
DWIDTH 14 0
BBX 14 24 0 -4
BITMAP
0000
0000
0000
0000
0000
0000
7FF8
7FF8
6018
6018
6018
6018
6018
6018
6018
6018
7FF8
7FF8
0000
0000
0000
0000
0000
0000
ENDCHAR
STARTCHAR uni25B2
ENCODING 9650
SWIDTH 583 0
DWIDTH 14 0
BBX 14 24 0 -4
BITMAP
0000
0000
0000
0000
0000
0000
0300
0300
0780
0780
0FC0
0FC0
1FE0
1FE0
3FF0
3FF0
7FF8
7FF8
0000
0000
0000
0000
0000
0000
ENDCHAR
STARTCHAR uni25B3
ENCODING 9651
SWIDTH 583 0
DWIDTH 14 0
BBX 14 24 0 -4
BITMAP
0000
0000
0000
0000
0000
0000
0300
0300
0780
0780
0CC0
0CC0
1860
1860
3030
3030
7FF8
7FF8
0000
0000
0000
0000
0000
0000
ENDCHAR
STARTCHAR uni25BC
ENCODING 9660
SWIDTH 583 0
DWIDTH 14 0
BBX 14 24 0 -4
BITMAP
0000
0000
0000
0000
0000
0000
7FF8
7FF8
3FF0
3FF0
1FE0
1FE0
0FC0
0FC0
0780
0780
0300
0300
0000
0000
0000
0000
0000
0000
ENDCHAR
STARTCHAR uni25BD
ENCODING 9661
SWIDTH 583 0
DWIDTH 14 0
BBX 14 24 0 -4
BITMAP
0000
0000
0000
0000
0000
0000
7FF8
7FF8
3030
3030
1860
1860
0CC0
0CC0
0780
0780
0300
0300
0000
0000
0000
0000
0000
0000
ENDCHAR
STARTCHAR uni25C6
ENCODING 9670
SWIDTH 583 0
DWIDTH 14 0
BBX 14 24 0 -4
BITMAP
0000
0000
0000
0000
0000
0000
0200
0700
0F80
1FC0
3FE0
7FF0
FFF8
7FF0
3FE0
1FC0
0F80
0700
0200
0000
0000
0000
0000
0000
ENDCHAR
STARTCHAR uni25C7
ENCODING 9671
SWIDTH 583 0
DWIDTH 14 0
BBX 14 24 0 -4
BITMAP
0000
0000
0000
0000
0000
0000
0200
0700
0D80
18C0
3060
6030
C018
6030
3060
18C0
0D80
0700
0200
0000
0000
0000
0000
0000
ENDCHAR
STARTCHAR uni25CB
ENCODING 9675
SWIDTH 583 0
DWIDTH 14 0
BBX 14 24 0 -4
BITMAP
0000
0000
0000
0000
0000
0000
0780
1FE0
3870
3030
6018
6018
6018
6018
3030
3870
1FE0
0780
0000
0000
0000
0000
0000
0000
ENDCHAR
STARTCHAR uni25CE
ENCODING 9678
SWIDTH 583 0
DWIDTH 14 0
BBX 14 24 0 -4
BITMAP
0000
0000
0000
0000
0000
0000
0780
1FE0
3870
37B0
6FD8
6CD8
6CD8
6FD8
37B0
3870
1FE0
0780
0000
0000
0000
0000
0000
0000
ENDCHAR
STARTCHAR uni25CF
ENCODING 9679
SWIDTH 583 0
DWIDTH 14 0
BBX 14 24 0 -4
BITMAP
0000
0000
0000
0000
0000
0000
0780
1FE0
3FF0
3FF0
7FF8
7FF8
7FF8
7FF8
3FF0
3FF0
1FE0
0780
0000
0000
0000
0000
0000
0000
ENDCHAR
STARTCHAR uni25EF
ENCODING 9711
SWIDTH 583 0
DWIDTH 14 0
BBX 14 24 0 -4
BITMAP
0000
0000
0000
0000
0000
0FC0
3FF0
7878
6018
E01C
C00C
C00C
C00C
C00C
E01C
6018
7878
3FF0
0FC0
0000
0000
0000
0000
0000
ENDCHAR
STARTCHAR uni2600
ENCODING 9728
SWIDTH 583 0
DWIDTH 14 0
BBX 14 24 0 -4
BITMAP
0000
0000
0000
0000
0000
0000
0300
3330
3030
0780
0FC0
6FD8
6FD8
0FC0
0780
3030
3330
0300
0000
0000
0000
0000
0000
0000
ENDCHAR
STARTCHAR uni2601
ENCODING 9729
SWIDTH 583 0
DWIDTH 14 0
BBX 14 24 0 -4
BITMAP
0000
0000
0000
0000
0000
0000
0000
0000
1E00
3F00
7E70
7EF8
7FF8
7FF8
7FF8
3FF0
0000
0000
0000
0000
0000
0000
0000
0000
ENDCHAR
STARTCHAR uni2602
ENCODING 9730
SWIDTH 583 0
DWIDTH 14 0
BBX 14 24 0 -4
BITMAP
0000
0000
0000
0000
0000
0000
0300
1FE0
3FF0
7FF8
7FF8
7FF8
0300
0300
0300
1B00
1F00
0E00
0000
0000
0000
0000
0000
0000
ENDCHAR
STARTCHAR uni2603
ENCODING 9731
SWIDTH 583 0
DWIDTH 14 0
BBX 14 24 0 -4
BITMAP
0000
0000
0000
0000
0000
0000
0780
0FC0
1FE0
1FE0
1FE0
0FC0
1FE0
3FF0
3FF0
3FF0
3FF0
1FE0
0000
0000
0000
0000
0000
0000
ENDCHAR
STARTCHAR uni2605
ENCODING 9733
SWIDTH 583 0
DWIDTH 14 0
BBX 14 24 0 -4
BITMAP
0000
0000
0000
0000
0000
0300
0300
0780
0780
7FF8
3FF0
1FE0
0FC0
0FC0
1FE0
1CE0
3870
3030
0000
0000
0000
0000
0000
0000
ENDCHAR
STARTCHAR uni2606
ENCODING 9734
SWIDTH 583 0
DWIDTH 14 0
BBX 14 24 0 -4
BITMAP
0000
0000
0000
0000
0000
0300
0300
0780
0780
7CF8
3030
1860
0840
0B40
1FE0
1CE0
3870
3030
0000
0000
0000
0000
0000
0000
ENDCHAR
STARTCHAR uni2610
ENCODING 9744
SWIDTH 583 0
DWIDTH 14 0
BBX 14 24 0 -4
BITMAP
0000
0000
0000
0000
0000
0000
0000
3FF0
3FF0
3030
3030
3030
3030
3030
3030
3FF0
3FF0
0000
0000
0000
0000
0000
0000
0000
ENDCHAR
STARTCHAR uni2611
ENCODING 9745
SWIDTH 583 0
DWIDTH 14 0
BBX 14 24 0 -4
BITMAP
0000
0000
0000
0000
0000
0000
0000
3FF0
3FF0
3030
37B0
37B0
37B0
37B0
3030
3FF0
3FF0
0000
0000
0000
0000
0000
0000
0000
ENDCHAR
STARTCHAR uni2612
ENCODING 9746
SWIDTH 583 0
DWIDTH 14 0
BBX 14 24 0 -4
BITMAP
0000
0000
0000
0000
0000
0000
0000
3FF0
3FF0
30F0
31F0
33B0
3730
3E30
3C30
3FF0
3FF0
0000
0000
0000
0000
0000
0000
0000
ENDCHAR
STARTCHAR uni2613
ENCODING 9747
SWIDTH 583 0
DWIDTH 14 0
BBX 14 24 0 -4
BITMAP
0000
0000
0000
0000
0000
0000
0000
3030
3870
1CE0
0FC0
0780
0780
0FC0
1CE0
3870
3030
0000
0000
0000
0000
0000
0000
0000
ENDCHAR
STARTCHAR uni2615
ENCODING 9749
SWIDTH 583 0
DWIDTH 14 0
BBX 14 24 0 -4
BITMAP
0000
0000
0900
1200
1200
0900
0900
1200
0000
3F80
4040
9F38
BFA4
9F24
8028
8030
4040
2080
1F00
0000
0000
0000
0000
0000
ENDCHAR
STARTCHAR uni261A
ENCODING 9754
SWIDTH 583 0
DWIDTH 14 0
BBX 14 24 0 -4
BITMAP
0000
0000
0000
0000
0000
0000
01F0
03F0
07F0
0FF0
1FF0
3FF0
3FF0
1FF0
0FF0
07F0
03F0
01F0
0000
0000
0000
0000
0000
0000
ENDCHAR
STARTCHAR uni261B
ENCODING 9755
SWIDTH 583 0
DWIDTH 14 0
BBX 14 24 0 -4
BITMAP
0000
0000
0000
0000
0000
0000
3E00
3F00
3F80
3FC0
3FE0
3FF0
3FF0
3FE0
3FC0
3F80
3F00
3E00
0000
0000
0000
0000
0000
0000
ENDCHAR
STARTCHAR uni261C
ENCODING 9756
SWIDTH 583 0
DWIDTH 14 0
BBX 14 24 0 -4
BITMAP
0000
0000
0000
0000
0000
0000
01F0
03F0
0730
0E30
1C30
3830
3830
1C30
0E30
0730
03F0
01F0
0000
0000
0000
0000
0000
0000
ENDCHAR
STARTCHAR uni261D
ENCODING 9757
SWIDTH 583 0
DWIDTH 14 0
BBX 14 24 0 -4
BITMAP
0000
0000
0000
0000
0000
0000
0000
0300
0780
0FC0
1CE0
3870
7038
6018
6018
7FF8
7FF8
0000
0000
0000
0000
0000
0000
0000
ENDCHAR
STARTCHAR uni261E
ENCODING 9758
SWIDTH 583 0
DWIDTH 14 0
BBX 14 24 0 -4
BITMAP
0000
0000
0000
0000
0000
0000
3E00
3F00
3380
31C0
30E0
3070
3070
30E0
31C0
3380
3F00
3E00
0000
0000
0000
0000
0000
0000
ENDCHAR
STARTCHAR uni261F
ENCODING 9759
SWIDTH 583 0
DWIDTH 14 0
BBX 14 24 0 -4
BITMAP
0000
0000
0000
0000
0000
0000
0000
7FF8
7FF8
6018
6018
7038
3870
1CE0
0FC0
0780
0300
0000
0000
0000
0000
0000
0000
0000
ENDCHAR
STARTCHAR uni2620
ENCODING 9760
SWIDTH 583 0
DWIDTH 14 0
BBX 14 24 0 -4
BITMAP
0000
0000
0000
0000
0000
0FC0
1FE0
3FF0
3FF0
3FF0
3330
2310
2310
1CE0
0480
1020
0840
0FC0
0780
0000
0000
0000
0000
0000
ENDCHAR
STARTCHAR uni2640
ENCODING 9792
SWIDTH 583 0
DWIDTH 14 0
BBX 14 24 0 -4
BITMAP
0000
0000
0000
0FC0
1FE0
3870
3030
3030
3030
3030
3870
1FE0
0FC0
0300
0300
1FE0
1FE0
0300
0300
0300
0000
0000
0000
0000
ENDCHAR
STARTCHAR uni2642
ENCODING 9794
SWIDTH 583 0
DWIDTH 14 0
BBX 14 24 0 -4
BITMAP
0000
0000
0000
0300
0780
0FC0
1FE0
3B70
3330
0300
0FC0
1FE0
3870
3030
3030
3030
3030
3870
1FE0
0FC0
0000
0000
0000
0000
ENDCHAR
STARTCHAR uni2654
ENCODING 9812
SWIDTH 583 0
DWIDTH 14 0
BBX 14 24 0 -4
BITMAP
0000
0780
0480
1CE0
1020
1020
1CE0
0840
0840
0840
0480
0780
0000
0FC0
0000
0780
0000
0780
0480
0840
0840
0000
1FE0
2010
ENDCHAR
STARTCHAR uni2655
ENCODING 9813
SWIDTH 583 0
DWIDTH 14 0
BBX 14 24 0 -4
BITMAP
0000
0000
0000
0300
0480
0480
0300
1B60
0CC0
0840
0480
0780
0000
0FC0
0000
0780
0000
0780
0480
0840
0840
0000
1FE0
2010
ENDCHAR
STARTCHAR uni2656
ENCODING 9814
SWIDTH 583 0
DWIDTH 14 0
BBX 14 24 0 -4
BITMAP
0000
0000
0000
0000
0000
0000
0000
0000
0000
0000
0000
1320
1320
1CE0
0840
0000
0FC0
0000
0780
0480
0840
0000
1FE0
2010
ENDCHAR
STARTCHAR uni2657
ENCODING 9815
SWIDTH 583 0
DWIDTH 14 0
BBX 14 24 0 -4
BITMAP
0000
0000
0000
0000
0000
0000
0300
0480
0300
0680
0A40
0840
0780
0000
0FC0
0000
0780
0000
0780
0480
0840
0000
1FE0
2010
ENDCHAR
STARTCHAR uni2658
ENCODING 9816
SWIDTH 583 0
DWIDTH 14 0
BBX 14 24 0 -4
BITMAP
0000
0000
0000
0000
0000
0000
0000
0380
0240
0420
0810
1008
2088
4308
2508
1A08
0210
0410
0810
0000
0FE0
0000
1FE0
2010
ENDCHAR
STARTCHAR uni2659
ENCODING 9817
SWIDTH 583 0
DWIDTH 14 0
BBX 14 24 0 -4
BITMAP
0000
0000
0000
0000
0000
0000
0000
0000
0000
0000
0300
0480
0840
0840
0480
0300
0780
0000
0780
0480
0840
0000
1FE0
2010
ENDCHAR
STARTCHAR uni265A
ENCODING 9818
SWIDTH 583 0
DWIDTH 14 0
BBX 14 24 0 -4
BITMAP
0000
0300
0300
0FC0
0FC0
0300
0780
0FC0
0FC0
0FC0
0780
0780
0000
0FC0
0000
0780
0000
0780
0780
0FC0
0FC0
0000
1FE0
3FF0
ENDCHAR
STARTCHAR uni265B
ENCODING 9819
SWIDTH 583 0
DWIDTH 14 0
BBX 14 24 0 -4
BITMAP
0000
0000
0000
0000
0300
0300
0000
1B60
0FC0
0FC0
0780
0780
0000
0FC0
0000
0780
0000
0780
0780
0FC0
0FC0
0000
1FE0
3FF0
ENDCHAR
STARTCHAR uni265C
ENCODING 9820
SWIDTH 583 0
DWIDTH 14 0
BBX 14 24 0 -4
BITMAP
0000
0000
0000
0000
0000
0000
0000
0000
0000
0000
0000
1320
1320
1FE0
0FC0
0000
0FC0
0000
0780
0780
0FC0
0000
1FE0
3FF0
ENDCHAR
STARTCHAR uni265D
ENCODING 9821
SWIDTH 583 0
DWIDTH 14 0
BBX 14 24 0 -4
BITMAP
0000
0000
0000
0000
0000
0000
0000
0300
0000
0100
0580
0580
0300
0000
0FC0
0000
0780
0000
0780
0780
0FC0
0000
1FE0
3FF0
ENDCHAR
STARTCHAR uni265E
ENCODING 9822
SWIDTH 583 0
DWIDTH 14 0
BBX 14 24 0 -4
BITMAP
0000
0000
0000
0000
0000
0000
0000
0000
0380
03E0
07F0
0FF0
1FF0
3EF0
3DF0
09F0
03F0
03E0
07E0
0000
0FE0
0000
1FE0
3FF0
ENDCHAR
STARTCHAR uni265F
ENCODING 9823
SWIDTH 583 0
DWIDTH 14 0
BBX 14 24 0 -4
BITMAP
0000
0000
0000
0000
0000
0000
0000
0000
0000
0000
0000
0300
0780
0780
0300
0000
0780
0000
0780
0780
0FC0
0000
1FE0
3FF0
ENDCHAR
STARTCHAR uni2660
ENCODING 9824
SWIDTH 583 0
DWIDTH 14 0
BBX 14 24 0 -4
BITMAP
0000
0000
0000
0000
0000
0000
0300
0780
0FC0
1FE0
3FF0
3FF0
7FF8
7FF8
7FF8
3B70
0300
0780
0FC0
0000
0000
0000
0000
0000
ENDCHAR
STARTCHAR uni2661
ENCODING 9825
SWIDTH 583 0
DWIDTH 14 0
BBX 14 24 0 -4
BITMAP
0000
0000
0000
0000
0000
0000
0000
3870
7CF8
6798
6318
6018
3030
3030
1860
0CC0
0780
0300
0000
0000
0000
0000
0000
0000
ENDCHAR
STARTCHAR uni2662
ENCODING 9826
SWIDTH 583 0
DWIDTH 14 0
BBX 14 24 0 -4
BITMAP
0000
0000
0000
0000
0000
0000
0300
0780
0CC0
1860
3030
6018
6018
3030
1860
0CC0
0780
0300
0000
0000
0000
0000
0000
0000
ENDCHAR
STARTCHAR uni2663
ENCODING 9827
SWIDTH 583 0
DWIDTH 14 0
BBX 14 24 0 -4
BITMAP
0000
0000
0000
0000
0000
0000
0780
0FC0
0FC0
0FC0
0780
3FF0
7FF8
7FF8
7FF8
3B70
0300
0780
0FC0
0000
0000
0000
0000
0000
ENDCHAR
STARTCHAR uni2664
ENCODING 9828
SWIDTH 583 0
DWIDTH 14 0
BBX 14 24 0 -4
BITMAP
0000
0000
0000
0000
0000
0300
0780
0CC0
1860
3030
6018
6018
C00C
C00C
E49C
7CF8
1860
3030
3FF0
3FF0
0000
0000
0000
0000
ENDCHAR
STARTCHAR uni2665
ENCODING 9829
SWIDTH 583 0
DWIDTH 14 0
BBX 14 24 0 -4
BITMAP
0000
0000
0000
0000
0000
0000
0000
3870
7CF8
7FF8
7FF8
7FF8
3FF0
3FF0
1FE0
0FC0
0780
0300
0000
0000
0000
0000
0000
0000
ENDCHAR
STARTCHAR uni2666
ENCODING 9830
SWIDTH 583 0
DWIDTH 14 0
BBX 14 24 0 -4
BITMAP
0000
0000
0000
0000
0000
0000
0300
0780
0FC0
1FE0
3FF0
7FF8
7FF8
3FF0
1FE0
0FC0
0780
0300
0000
0000
0000
0000
0000
0000
ENDCHAR
STARTCHAR uni2667
ENCODING 9831
SWIDTH 583 0
DWIDTH 14 0
BBX 14 24 0 -4
BITMAP
0000
0000
0000
0000
0000
0FC0
1FE0
3860
3030
3030
7878
E01C
C00C
C00C
E49C
7CF8
1860
3030
3FF0
3FF0
0000
0000
0000
0000
ENDCHAR
STARTCHAR uni2669
ENCODING 9833
SWIDTH 583 0
DWIDTH 14 0
BBX 14 24 0 -4
BITMAP
0000
0000
0000
0000
00C0
00C0
00C0
00C0
00C0
00C0
00C0
00C0
00C0
00C0
00C0
00C0
0FC0
1FC0
1F80
0F00
0000
0000
0000
0000
ENDCHAR
STARTCHAR uni266A
ENCODING 9834
SWIDTH 583 0
DWIDTH 14 0
BBX 14 24 0 -4
BITMAP
0000
0000
0000
0000
0380
03E0
03F0
03F8
0338
0318
0318
0330
0320
0320
0300
0300
3F00
7F00
7E00
3C00
0000
0000
0000
0000
ENDCHAR
STARTCHAR uni266B
ENCODING 9835
SWIDTH 583 0
DWIDTH 14 0
BBX 14 24 0 -4
BITMAP
0000
0000
0000
0000
0E00
0FC0
0FF8
0C78
0C18
0C18
0C18
0C18
0C18
0C18
7C18
FC18
F8F8
71F8
01F0
00E0
0000
0000
0000
0000
ENDCHAR
STARTCHAR uni266C
ENCODING 9836
SWIDTH 583 0
DWIDTH 14 0
BBX 14 24 0 -4
BITMAP
0000
0000
0000
0000
0FF8
0FF8
0C18
0C18
0FF8
0FF8
0C18
0C18
0C18
0C18
0C18
0C18
7CF8
FDF8
F9F0
70E0
0000
0000
0000
0000
ENDCHAR
STARTCHAR uni266D
ENCODING 9837
SWIDTH 583 0
DWIDTH 14 0
BBX 14 24 0 -4
BITMAP
0000
0000
0000
0000
0C00
0C00
0C00
0C00
0C00
0C00
0C00
0DC0
0FE0
0F60
0E60
0CE0
0DC0
0F80
0F00
0E00
0000
0000
0000
0000
ENDCHAR
STARTCHAR uni266E
ENCODING 9838
SWIDTH 583 0
DWIDTH 14 0
BBX 14 24 0 -4
BITMAP
0000
0000
0000
0000
1800
1800
18E0
19E0
1BE0
1F60
1E60
1C60
18E0
19E0
1BE0
1F60
1E60
1C60
0060
0060
0000
0000
0000
0000
ENDCHAR
STARTCHAR uni266F
ENCODING 9839
SWIDTH 583 0
DWIDTH 14 0
BBX 14 24 0 -4
BITMAP
0000
0000
0000
0000
00C0
00C0
0CF0
0CF0
0FC0
0FC0
3CC0
3CC0
0CF0
0CF0
0FC0
0FC0
3CC0
3CC0
0C00
0C00
0000
0000
0000
0000
ENDCHAR
STARTCHAR uni3000
ENCODING 12288
SWIDTH 583 0
DWIDTH 14 0
BBX 14 24 0 -4
BITMAP
0000
0000
0000
0000
0000
0000
0000
0000
0000
0000
0000
0000
0000
0000
0000
0000
0000
0000
0000
0000
0000
0000
0000
0000
ENDCHAR
STARTCHAR uni3001
ENCODING 12289
SWIDTH 583 0
DWIDTH 14 0
BBX 14 24 0 -4
BITMAP
0000
0000
0000
0000
0000
0000
0000
0000
0000
0000
0000
0000
0000
0000
0000
0000
3000
3800
1C00
0C00
0000
0000
0000
0000
ENDCHAR
STARTCHAR uni3002
ENCODING 12290
SWIDTH 583 0
DWIDTH 14 0
BBX 14 24 0 -4
BITMAP
0000
0000
0000
0000
0000
0000
0000
0000
0000
0000
0000
0000
0000
0000
1C00
3E00
3600
3600
3E00
1C00
0000
0000
0000
0000
ENDCHAR
STARTCHAR uni3007
ENCODING 12295
SWIDTH 583 0
DWIDTH 14 0
BBX 14 24 0 -4
BITMAP
0000
0000
0000
0000
0000
0FC0
3FF0
7878
6018
E01C
C00C
C00C
C00C
C00C
E01C
6018
7878
3FF0
0FC0
0000
0000
0000
0000
0000
ENDCHAR
STARTCHAR uni3008
ENCODING 12296
SWIDTH 583 0
DWIDTH 14 0
BBX 14 24 0 -4
BITMAP
0000
0000
0030
0030
0070
0060
00E0
00C0
01C0
0180
0380
0300
0300
0380
0180
01C0
00C0
00E0
0060
0070
0030
0030
0000
0000
ENDCHAR
STARTCHAR uni3009
ENCODING 12297
SWIDTH 583 0
DWIDTH 14 0
BBX 14 24 0 -4
BITMAP
0000
0000
3000
3000
3800
1800
1C00
0C00
0E00
0600
0700
0300
0300
0700
0600
0E00
0C00
1C00
1800
3800
3000
3000
0000
0000
ENDCHAR
STARTCHAR uni300A
ENCODING 12298
SWIDTH 583 0
DWIDTH 14 0
BBX 14 24 0 -4
BITMAP
0000
0000
0318
0318
0738
0630
0E70
0C60
1CE0
18C0
39C0
3180
3180
39C0
18C0
1CE0
0C60
0E70
0630
0738
0318
0318
0000
0000
ENDCHAR
STARTCHAR uni300B
ENCODING 12299
SWIDTH 583 0
DWIDTH 14 0
BBX 14 24 0 -4
BITMAP
0000
0000
6300
6300
7380
3180
39C0
18C0
1CE0
0C60
0E70
0630
0630
0E70
0C60
1CE0
18C0
39C0
3180
7380
6300
6300
0000
0000
ENDCHAR
STARTCHAR uni300C
ENCODING 12300
SWIDTH 583 0
DWIDTH 14 0
BBX 14 24 0 -4
BITMAP
0000
0000
03F0
03F0
0300
0300
0300
0300
0300
0300
0300
0300
0300
0300
0300
0300
0300
0300
0300
0300
0000
0000
0000
0000
ENDCHAR
STARTCHAR uni300D
ENCODING 12301
SWIDTH 583 0
DWIDTH 14 0
BBX 14 24 0 -4
BITMAP
0000
0000
0000
0000
0300
0300
0300
0300
0300
0300
0300
0300
0300
0300
0300
0300
0300
0300
0300
0300
3F00
3F00
0000
0000
ENDCHAR
STARTCHAR uni300E
ENCODING 12302
SWIDTH 583 0
DWIDTH 14 0
BBX 14 24 0 -4
BITMAP
0000
0000
07F0
0410
0410
04F0
0480
0480
0480
0480
0480
0480
0480
0480
0480
0480
0480
0480
0480
0780
0000
0000
0000
0000
ENDCHAR
STARTCHAR uni300F
ENCODING 12303
SWIDTH 583 0
DWIDTH 14 0
BBX 14 24 0 -4
BITMAP
0000
0000
0000
0000
0780
0480
0480
0480
0480
0480
0480
0480
0480
0480
0480
0480
0480
0480
3C80
2080
2080
3F80
0000
0000
ENDCHAR
STARTCHAR uni3010
ENCODING 12304
SWIDTH 583 0
DWIDTH 14 0
BBX 14 24 0 -4
BITMAP
0000
0000
07F0
07F0
07E0
07C0
0780
0700
0700
0700
0700
0700
0700
0700
0700
0700
0700
0780
07C0
07E0
07F0
07F0
0000
0000
ENDCHAR
STARTCHAR uni3011
ENCODING 12305
SWIDTH 583 0
DWIDTH 14 0
BBX 14 24 0 -4
BITMAP
0000
0000
3F80
3F80
1F80
0F80
0780
0380
0380
0380
0380
0380
0380
0380
0380
0380
0380
0780
0F80
1F80
3F80
3F80
0000
0000
ENDCHAR
STARTCHAR uni3012
ENCODING 12306
SWIDTH 583 0
DWIDTH 14 0
BBX 14 24 0 -4
BITMAP
0000
0000
0000
0000
3FF0
3FF0
0000
0000
3FF0
3FF0
0300
0300
0300
0300
0300
0300
0300
0300
0300
0300
0000
0000
0000
0000
ENDCHAR
STARTCHAR uni3013
ENCODING 12307
SWIDTH 583 0
DWIDTH 14 0
BBX 14 24 0 -4
BITMAP
0000
0000
0000
0000
0000
0000
0000
3FF0
3FF0
3FF0
0000
0000
0000
0000
3FF0
3FF0
3FF0
0000
0000
0000
0000
0000
0000
0000
ENDCHAR
STARTCHAR uni3014
ENCODING 12308
SWIDTH 583 0
DWIDTH 14 0
BBX 14 24 0 -4
BITMAP
0000
0000
0030
0070
00E0
01C0
0380
0700
0600
0600
0600
0600
0600
0600
0600
0600
0700
0380
01C0
00E0
0070
0030
0000
0000
ENDCHAR
STARTCHAR uni3015
ENCODING 12309
SWIDTH 583 0
DWIDTH 14 0
BBX 14 24 0 -4
BITMAP
0000
0000
3000
3800
1C00
0E00
0700
0380
0180
0180
0180
0180
0180
0180
0180
0180
0380
0700
0E00
1C00
3800
3000
0000
0000
ENDCHAR
STARTCHAR uni301C
ENCODING 12316
SWIDTH 583 0
DWIDTH 14 0
BBX 14 24 0 -4
BITMAP
0000
0000
0000
0000
0000
0000
0000
0000
0000
0000
1E18
3F38
73F0
61E0
0000
0000
0000
0000
0000
0000
0000
0000
0000
0000
ENDCHAR
STARTCHAR uni301D
ENCODING 12317
SWIDTH 583 0
DWIDTH 14 0
BBX 14 24 0 -4
BITMAP
0000
0000
1EF0
1EF0
0E70
0E70
0630
0630
0000
0000
0000
0000
0000
0000
0000
0000
0000
0000
0000
0000
0000
0000
0000
0000
ENDCHAR
STARTCHAR uni301E
ENCODING 12318
SWIDTH 583 0
DWIDTH 14 0
BBX 14 24 0 -4
BITMAP
0000
0000
3DE0
3DE0
39C0
39C0
3180
3180
0000
0000
0000
0000
0000
0000
0000
0000
0000
0000
0000
0000
0000
0000
0000
0000
ENDCHAR
STARTCHAR uni301F
ENCODING 12319
SWIDTH 583 0
DWIDTH 14 0
BBX 14 24 0 -4
BITMAP
0000
0000
0000
0000
0000
0000
0000
0000
0000
0000
0000
0000
0000
0000
0000
0000
3180
3180
39C0
39C0
3DE0
3DE0
0000
0000
ENDCHAR
STARTCHAR uni303C
ENCODING 12348
SWIDTH 583 0
DWIDTH 14 0
BBX 14 24 0 -4
BITMAP
0000
0000
0000
0000
0000
0000
7FF8
7FF8
6078
60F8
61D8
6398
6718
6E18
7C18
7818
7FF8
7FF8
0000
0000
0000
0000
0000
0000
ENDCHAR
STARTCHAR uni3041
ENCODING 12353
SWIDTH 583 0
DWIDTH 14 0
BBX 14 24 0 -4
BITMAP
0000
0000
0000
0000
0000
0000
0000
0600
0600
3FF0
3FF0
0600
0FC0
1FE0
3EF0
36F0
37B0
3F30
3E70
1C60
0000
0000
0000
0000
ENDCHAR
STARTCHAR uni3042
ENCODING 12354
SWIDTH 583 0
DWIDTH 14 0
BBX 14 24 0 -4
BITMAP
0000
0000
0000
0600
0600
0600
3FE0
3FE0
0600
07C0
0FE0
1EF0
3EF0
37F0
37B0
37B0
3730
3F30
3E70
1C60
0000
0000
0000
0000
ENDCHAR
STARTCHAR uni3043
ENCODING 12355
SWIDTH 583 0
DWIDTH 14 0
BBX 14 24 0 -4
BITMAP
0000
0000
0000
0000
0000
0000
0000
0000
3000
30C0
30E0
3070
3030
3030
3030
3030
3030
3630
3E30
1C00
0000
0000
0000
0000
ENDCHAR
STARTCHAR uni3044
ENCODING 12356
SWIDTH 583 0
DWIDTH 14 0
BBX 14 24 0 -4
BITMAP
0000
0000
0000
0000
3000
31C0
31E0
3070
3030
3030
3030
3030
3030
3030
3030
3030
3330
3330
3F00
1E00
0000
0000
0000
0000
ENDCHAR
STARTCHAR uni3045
ENCODING 12357
SWIDTH 583 0
DWIDTH 14 0
BBX 14 24 0 -4
BITMAP
0000
0000
0000
0000
0000
0000
0000
0000
0FC0
0FC0
0000
1FE0
3FF0
3030
0030
0030
0070
00E0
07C0
0780
0000
0000
0000
0000
ENDCHAR
STARTCHAR uni3046
ENCODING 12358
SWIDTH 583 0
DWIDTH 14 0
BBX 14 24 0 -4
BITMAP
0000
0000
0000
0000
0FC0
0FC0
0000
0000
1FE0
3FF0
3030
0030
0030
0030
0030
0070
00E0
01C0
0780
0700
0000
0000
0000
0000
ENDCHAR
STARTCHAR uni3047
ENCODING 12359
SWIDTH 583 0
DWIDTH 14 0
BBX 14 24 0 -4
BITMAP
0000
0000
0000
0000
0000
0000
0000
0000
0FC0
0FC0
0000
3FF0
3FF0
01E0
03C0
0780
0F80
1D80
39F0
30F0
0000
0000
0000
0000
ENDCHAR
STARTCHAR uni3048
ENCODING 12360
SWIDTH 583 0
DWIDTH 14 0
BBX 14 24 0 -4
BITMAP
0000
0000
0000
0000
0FC0
0FC0
0000
0000
3FF0
3FF0
00E0
01C0
0380
0700
0F80
1FC0
38C0
30C0
30F0
3070
0000
0000
0000
0000
ENDCHAR
STARTCHAR uni3049
ENCODING 12361
SWIDTH 583 0
DWIDTH 14 0
BBX 14 24 0 -4
BITMAP
0000
0000
0000
0000
0000
0000
0000
0000
0660
0670
3FB8
3F98
0600
0FE0
1FF0
3E30
3630
3630
3E70
1C60
0000
0000
0000
0000
ENDCHAR
STARTCHAR uni304A
ENCODING 12362
SWIDTH 583 0
DWIDTH 14 0
BBX 14 24 0 -4
BITMAP
0000
0000
0000
0000
0660
0670
3FB8
3F98
0600
0600
0FC0
1FE0
3E70
3630
3630
3630
3630
3E30
1E70
0C60
0000
0000
0000
0000
ENDCHAR
STARTCHAR uni304B
ENCODING 12363
SWIDTH 583 0
DWIDTH 14 0
BBX 14 24 0 -4
BITMAP
0000
0000
0000
0000
1800
1860
1870
7F38
7F98
19D8
18D8
18D8
18C0
18C0
18C0
18C0
38C0
70C0
63C0
0380
0000
0000
0000
0000
ENDCHAR
STARTCHAR uni304C
ENCODING 12364
SWIDTH 583 0
DWIDTH 14 0
BBX 14 24 0 -4
BITMAP
0000
0000
00D8
00D8
18D8
1800
1860
7F70
7FB8
19D8
18D8
18D8
18C0
18C0
18C0
18C0
38C0
70C0
63C0
0380
0000
0000
0000
0000
ENDCHAR
STARTCHAR uni304D
ENCODING 12365
SWIDTH 583 0
DWIDTH 14 0
BBX 14 24 0 -4
BITMAP
0000
0000
0000
0600
0600
3FE0
3FE0
0300
0300
1FF0
1FF0
00C0
00C0
03C0
3380
3000
3000
3800
1FE0
0FE0
0000
0000
0000
0000
ENDCHAR
STARTCHAR uni304E
ENCODING 12366
SWIDTH 583 0
DWIDTH 14 0
BBX 14 24 0 -4
BITMAP
0000
0000
00D8
00D8
06D8
0600
3FE0
3FE0
0300
0300
1FF0
1FF0
00C0
00C0
33C0
3380
3000
3800
1FE0
0FE0
0000
0000
0000
0000
ENDCHAR
STARTCHAR uni304F
ENCODING 12367
SWIDTH 583 0
DWIDTH 14 0
BBX 14 24 0 -4
BITMAP
0000
0000
0000
0000
00C0
00C0
01C0
0380
0700
0E00
1C00
3800
3000
3800
1C00
0E00
0700
0380
01C0
00C0
0000
0000
0000
0000
ENDCHAR
STARTCHAR uni3050
ENCODING 12368
SWIDTH 583 0
DWIDTH 14 0
BBX 14 24 0 -4
BITMAP
0000
0000
0000
0000
00C0
00C0
01C0
03EC
076C
0E6C
1C00
3800
3000
3800
1C00
0E00
0700
0380
01C0
00C0
0000
0000
0000
0000
ENDCHAR
STARTCHAR uni3051
ENCODING 12369
SWIDTH 583 0
DWIDTH 14 0
BBX 14 24 0 -4
BITMAP
0000
0000
0000
0000
3030
3030
3030
33F8
33F8
3030
3030
3030
3030
3030
3030
3030
3030
3870
39E0
31C0
0000
0000
0000
0000
ENDCHAR
STARTCHAR uni3052
ENCODING 12370
SWIDTH 583 0
DWIDTH 14 0
BBX 14 24 0 -4
BITMAP
0000
0000
006C
006C
306C
3030
3030
33F8
33F8
3030
3030
3030
3030
3030
3030
3030
3030
3870
39E0
31C0
0000
0000
0000
0000
ENDCHAR
STARTCHAR uni3053
ENCODING 12371
SWIDTH 583 0
DWIDTH 14 0
BBX 14 24 0 -4
BITMAP
0000
0000
0000
0000
1FE0
1FF0
0070
00E0
00C0
0000
0000
0000
0000
1800
3800
3000
3000
3800
1FF0
0FF0
0000
0000
0000
0000
ENDCHAR
STARTCHAR uni3054
ENCODING 12372
SWIDTH 583 0
DWIDTH 14 0
BBX 14 24 0 -4
BITMAP
0000
0000
00D8
00D8
00D8
1FE0
1FF0
0070
00E0
00C0
0000
0000
0000
1800
3800
3000
3000
3800
1FF0
0FF0
0000
0000
0000
0000
ENDCHAR
STARTCHAR uni3055
ENCODING 12373
SWIDTH 583 0
DWIDTH 14 0
BBX 14 24 0 -4
BITMAP
0000
0000
0000
0300
0300
0300
3FF0
3FF0
01C0
00E0
0070
0FF0
1FF0
3800
3000
3000
3800
1E00
0FE0
03E0
0000
0000
0000
0000
ENDCHAR
STARTCHAR uni3056
ENCODING 12374
SWIDTH 583 0
DWIDTH 14 0
BBX 14 24 0 -4
BITMAP
0000
0000
006C
036C
036C
0300
3FF0
3FF0
01C0
00E0
0070
0FF0
1FF0
3800
3000
3000
3800
1E00
0FE0
03E0
0000
0000
0000
0000
ENDCHAR
STARTCHAR uni3057
ENCODING 12375
SWIDTH 583 0
DWIDTH 14 0
BBX 14 24 0 -4
BITMAP
0000
0000
0000
0000
3000
3000
3000
3000
3000
3000
3000
3000
3030
3030
3030
3030
3030
3870
1FE0
0FC0
0000
0000
0000
0000
ENDCHAR
STARTCHAR uni3058
ENCODING 12376
SWIDTH 583 0
DWIDTH 14 0
BBX 14 24 0 -4
BITMAP
0000
0000
0000
0000
31B0
31B0
31B0
3000
3000
3000
3000
3000
3030
3030
3030
3030
3030
3870
1FE0
0FC0
0000
0000
0000
0000
ENDCHAR
STARTCHAR uni3059
ENCODING 12377
SWIDTH 583 0
DWIDTH 14 0
BBX 14 24 0 -4
BITMAP
0000
0000
0000
00C0
00C0
3FF8
3FF8
00C0
00C0
07C0
0FC0
0CC0
0CC0
0FC0
07C0
00C0
00C0
01C0
0780
0700
0000
0000
0000
0000
ENDCHAR
STARTCHAR uni305A
ENCODING 12378
SWIDTH 583 0
DWIDTH 14 0
BBX 14 24 0 -4
BITMAP
0000
0000
006C
006C
00EC
00C0
3FF8
3FF8
00C0
00C0
07C0
0FC0
0CC0
0CC0
0FC0
07C0
00C0
01C0
0780
0700
0000
0000
0000
0000
ENDCHAR
STARTCHAR uni305B
ENCODING 12379
SWIDTH 583 0
DWIDTH 14 0
BBX 14 24 0 -4
BITMAP
0000
0000
0000
0000
1860
1860
1860
7FF8
7FF8
1860
1860
1860
19E0
19C0
1800
1800
1800
1C00
0FF0
07F0
0000
0000
0000
0000
ENDCHAR
STARTCHAR uni305C
ENCODING 12380
SWIDTH 583 0
DWIDTH 14 0
BBX 14 24 0 -4
BITMAP
0000
0000
00D8
00D8
18D8
1860
1860
7FF8
7FF8
1860
1860
1860
19E0
19C0
1800
1800
1800
1C00
0FF0
07F0
0000
0000
0000
0000
ENDCHAR
STARTCHAR uni305D
ENCODING 12381
SWIDTH 583 0
DWIDTH 14 0
BBX 14 24 0 -4
BITMAP
0000
0000
0000
0000
0FE0
0FE0
00E0
01C0
0380
0700
3FF0
3FF0
0380
0700
0E00
0C00
0C00
0E00
07E0
03E0
0000
0000
0000
0000
ENDCHAR
STARTCHAR uni305E
ENCODING 12382
SWIDTH 583 0
DWIDTH 14 0
BBX 14 24 0 -4
BITMAP
0000
0000
01B0
01B0
01B0
0FE0
0FE0
01C0
0380
0700
3FF0
3FF0
0380
0700
0E00
0C00
0C00
0E00
07E0
03E0
0000
0000
0000
0000
ENDCHAR
STARTCHAR uni305F
ENCODING 12383
SWIDTH 583 0
DWIDTH 14 0
BBX 14 24 0 -4
BITMAP
0000
0000
0000
1800
1800
1800
7FE0
7FE0
1800
1800
1BE0
1BF0
1830
1800
1800
1800
1800
1B00
3BF0
31F0
0000
0000
0000
0000
ENDCHAR
STARTCHAR uni3060
ENCODING 12384
SWIDTH 583 0
DWIDTH 14 0
BBX 14 24 0 -4
BITMAP
0000
0000
01B0
19B0
19B0
1800
7FE0
7FE0
1800
1800
1BE0
1BF0
1830
1800
1800
1800
1800
1B00
3BF0
31F0
0000
0000
0000
0000
ENDCHAR
STARTCHAR uni3061
ENCODING 12385
SWIDTH 583 0
DWIDTH 14 0
BBX 14 24 0 -4
BITMAP
0000
0000
0000
0600
0600
0600
3FE0
3FE0
0C00
0C00
1FC0
3FE0
3870
0030
0030
0030
0070
01E0
0FC0
0F00
0000
0000
0000
0000
ENDCHAR
STARTCHAR uni3062
ENCODING 12386
SWIDTH 583 0
DWIDTH 14 0
BBX 14 24 0 -4
BITMAP
0000
0000
00D8
06D8
06D8
0600
3FE0
3FE0
0C00
0C00
1FC0
3FE0
3870
0030
0030
0030
0070
01E0
0FC0
0F00
0000
0000
0000
0000
ENDCHAR
STARTCHAR uni3063
ENCODING 12387
SWIDTH 583 0
DWIDTH 14 0
BBX 14 24 0 -4
BITMAP
0000
0000
0000
0000
0000
0000
0000
0000
0FC0
3FE0
3870
0030
0030
0030
0030
0030
0070
00E0
07C0
0780
0000
0000
0000
0000
ENDCHAR
STARTCHAR uni3064
ENCODING 12388
SWIDTH 583 0
DWIDTH 14 0
BBX 14 24 0 -4
BITMAP
0000
0000
0000
0000
0000
0FC0
3FE0
3870
0030
0030
0030
0030
0030
0030
0070
0060
00E0
03C0
0F80
0E00
0000
0000
0000
0000
ENDCHAR
STARTCHAR uni3065
ENCODING 12389
SWIDTH 583 0
DWIDTH 14 0
BBX 14 24 0 -4
BITMAP
0000
0000
01B0
01B0
01B0
0FC0
3FE0
3870
0030
0030
0030
0030
0030
0030
0070
0060
00E0
03C0
0F80
0E00
0000
0000
0000
0000
ENDCHAR
STARTCHAR uni3066
ENCODING 12390
SWIDTH 583 0
DWIDTH 14 0
BBX 14 24 0 -4
BITMAP
0000
0000
0000
0000
3FF0
3FF0
0070
00E0
01C0
0380
0300
0700
0600
0600
0600
0600
0700
0380
01E0
00E0
0000
0000
0000
0000
ENDCHAR
STARTCHAR uni3067
ENCODING 12391
SWIDTH 583 0
DWIDTH 14 0
BBX 14 24 0 -4
BITMAP
0000
0000
00D8
00D8
3FF8
3FF0
0070
00E0
01C0
0380
0300
0700
0600
0600
0600
0600
0700
0380
01E0
00E0
0000
0000
0000
0000
ENDCHAR
STARTCHAR uni3068
ENCODING 12392
SWIDTH 583 0
DWIDTH 14 0
BBX 14 24 0 -4
BITMAP
0000
0000
0000
0000
1830
1830
1830
1C70
0CE0
0FC0
0780
0700
0E00
1C00
1800
1800
1800
1C00
0FF0
07F0
0000
0000
0000
0000
ENDCHAR
STARTCHAR uni3069
ENCODING 12393
SWIDTH 583 0
DWIDTH 14 0
BBX 14 24 0 -4
BITMAP
0000
0000
01B0
01B0
19B0
1800
1830
1C70
0CE0
0FC0
0780
0700
0E00
1C00
1800
1800
1800
1C00
0FF0
07F0
0000
0000
0000
0000
ENDCHAR
STARTCHAR uni306A
ENCODING 12394
SWIDTH 583 0
DWIDTH 14 0
BBX 14 24 0 -4
BITMAP
0000
0000
0000
1800
18C0
18E0
7E70
7E30
3030
30F0
31E0
3180
0180
0180
0FE0
1FF0
19B0
1980
1F80
0F00
0000
0000
0000
0000
ENDCHAR
STARTCHAR uni306B
ENCODING 12395
SWIDTH 583 0
DWIDTH 14 0
BBX 14 24 0 -4
BITMAP
0000
0000
0000
0000
3000
33E0
33F0
3070
3060
3000
3000
3000
3000
3000
3300
3300
3300
3B80
39F0
30F0
0000
0000
0000
0000
ENDCHAR
STARTCHAR uni306C
ENCODING 12396
SWIDTH 583 0
DWIDTH 14 0
BBX 14 24 0 -4
BITMAP
0000
0000
0000
0180
1980
1980
1980
1FC0
1FE0
39F0
39B0
7B30
7B30
7E30
6EF0
6DF8
6DB8
7DB0
39F0
00E0
0000
0000
0000
0000
ENDCHAR
STARTCHAR uni306D
ENCODING 12397
SWIDTH 583 0
DWIDTH 14 0
BBX 14 24 0 -4
BITMAP
0000
0000
0000
1800
1800
1BC0
7FE0
7E70
1C30
1830
1830
1830
3830
7830
79F0
1BF8
1B38
1B30
1BF0
19E0
0000
0000
0000
0000
ENDCHAR
STARTCHAR uni306E
ENCODING 12398
SWIDTH 583 0
DWIDTH 14 0
BBX 14 24 0 -4
BITMAP
0000
0000
0000
0000
0000
0FC0
1FE0
3B70
3330
3330
3330
3330
3330
3330
3330
3330
3730
3E30
1C70
0060
0000
0000
0000
0000
ENDCHAR
STARTCHAR uni306F
ENCODING 12399
SWIDTH 583 0
DWIDTH 14 0
BBX 14 24 0 -4
BITMAP
0000
0000
0000
0000
3030
3030
3030
33F8
33F8
3030
3030
3030
3030
3030
31F0
33F8
3338
3B30
3BF0
31E0
0000
0000
0000
0000
ENDCHAR
STARTCHAR uni3070
ENCODING 12400
SWIDTH 583 0
DWIDTH 14 0
BBX 14 24 0 -4
BITMAP
0000
0000
006C
006C
306C
3030
3030
33F8
33F8
3030
3030
3030
3030
3030
31F0
33F8
3338
3B30
3BF0
31E0
0000
0000
0000
0000
ENDCHAR
STARTCHAR uni3071
ENCODING 12401
SWIDTH 583 0
DWIDTH 14 0
BBX 14 24 0 -4
BITMAP
0000
0000
0038
007C
306C
306C
307C
3038
33F8
33F8
3030
3030
3030
3030
31F0
33F8
3338
3B30
3BF0
31E0
0000
0000
0000
0000
ENDCHAR
STARTCHAR uni3072
ENCODING 12402
SWIDTH 583 0
DWIDTH 14 0
BBX 14 24 0 -4
BITMAP
0000
0000
0000
0000
1C60
7C70
7878
1878
1860
1860
1860
1860
1860
1860
1860
1860
1860
1CE0
0FC0
0780
0000
0000
0000
0000
ENDCHAR
STARTCHAR uni3073
ENCODING 12403
SWIDTH 583 0
DWIDTH 14 0
BBX 14 24 0 -4
BITMAP
0000
0000
00D8
00D8
1CD8
7C60
7870
1878
1878
1860
1860
1860
1860
1860
1860
1860
1860
1CE0
0FC0
0780
0000
0000
0000
0000
ENDCHAR
STARTCHAR uni3074
ENCODING 12404
SWIDTH 583 0
DWIDTH 14 0
BBX 14 24 0 -4
BITMAP
0000
0000
0038
007C
1C6C
7C6C
787C
1838
1870
1878
1878
1860
1860
1860
1860
1860
1860
1CE0
0FC0
0780
0000
0000
0000
0000
ENDCHAR
STARTCHAR uni3075
ENCODING 12405
SWIDTH 583 0
DWIDTH 14 0
BBX 14 24 0 -4
BITMAP
0000
0000
0000
0000
1FE0
1FE0
01C0
0380
0700
0600
3630
3738
3398
31D8
30D8
30D8
70D8
61D8
0F80
0F00
0000
0000
0000
0000
ENDCHAR
STARTCHAR uni3076
ENCODING 12406
SWIDTH 583 0
DWIDTH 14 0
BBX 14 24 0 -4
BITMAP
0000
0000
00D8
00D8
1FD8
1FC0
01C0
0380
0700
0600
3630
3738
3398
31D8
30D8
30D8
70D8
61D8
0F80
0F00
0000
0000
0000
0000
ENDCHAR
STARTCHAR uni3077
ENCODING 12407
SWIDTH 583 0
DWIDTH 14 0
BBX 14 24 0 -4
BITMAP
0000
0000
0038
007C
1FEC
1FEC
01FC
03B8
0700
0600
3630
3738
3398
31D8
30D8
30D8
70D8
61D8
0F80
0F00
0000
0000
0000
0000
ENDCHAR
STARTCHAR uni3078
ENCODING 12408
SWIDTH 583 0
DWIDTH 14 0
BBX 14 24 0 -4
BITMAP
0000
0000
0000
0000
0000
0000
0000
0600
0F00
1F80
79C0
70E0
0070
0038
0018
0000
0000
0000
0000
0000
0000
0000
0000
0000
ENDCHAR
STARTCHAR uni3079
ENCODING 12409
SWIDTH 583 0
DWIDTH 14 0
BBX 14 24 0 -4
BITMAP
0000
0000
0000
0000
0000
00D8
00D8
06D8
0F00
1F80
79C0
70E0
0070
0038
0018
0000
0000
0000
0000
0000
0000
0000
0000
0000
ENDCHAR
STARTCHAR uni307A
ENCODING 12410
SWIDTH 583 0
DWIDTH 14 0
BBX 14 24 0 -4
BITMAP
0000
0000
0000
0070
00F8
00D8
00D8
06F8
0F70
1F80
79C0
70E0
0070
0038
0018
0000
0000
0000
0000
0000
0000
0000
0000
0000
ENDCHAR
STARTCHAR uni307B
ENCODING 12411
SWIDTH 583 0
DWIDTH 14 0
BBX 14 24 0 -4
BITMAP
0000
0000
0000
0000
33F8
33F8
3030
3030
33F8
33F8
3030
3030
3030
3030
31F0
33F8
3338
3B30
3BF0
31E0
0000
0000
0000
0000
ENDCHAR
STARTCHAR uni307C
ENCODING 12412
SWIDTH 583 0
DWIDTH 14 0
BBX 14 24 0 -4
BITMAP
0000
0000
006C
006C
306C
33F8
33F8
3030
3030
33F8
33F8
3030
3030
3030
31F0
33F8
3338
3B30
3BF0
31E0
0000
0000
0000
0000
ENDCHAR
STARTCHAR uni307D
ENCODING 12413
SWIDTH 583 0
DWIDTH 14 0
BBX 14 24 0 -4
BITMAP
0000
0000
0038
007C
306C
33EC
33FC
3038
3030
33F8
33F8
3030
3030
3030
31F0
33F8
3338
3B30
3BF0
31E0
0000
0000
0000
0000
ENDCHAR
STARTCHAR uni307E
ENCODING 12414
SWIDTH 583 0
DWIDTH 14 0
BBX 14 24 0 -4
BITMAP
0000
0000
0000
0180
0180
3FF0
3FF0
0180
0180
3FF0
3FF0
0180
0180
0180
1F80
3FC0
31F0
31B0
3F80
1F00
0000
0000
0000
0000
ENDCHAR
STARTCHAR uni307F
ENCODING 12415
SWIDTH 583 0
DWIDTH 14 0
BBX 14 24 0 -4
BITMAP
0000
0000
0000
0000
1E00
1E00
0630
0630
0630
0630
0FF8
1FF8
3E30
3630
3630
3630
3630
3E30
1E70
0C60
0000
0000
0000
0000
ENDCHAR
STARTCHAR uni3080
ENCODING 12416
SWIDTH 583 0
DWIDTH 14 0
BBX 14 24 0 -4
BITMAP
0000
0000
0000
0C00
0C00
0CC0
7EE0
7E70
0C30
0C00
3C00
7E00
6600
6630
7E30
3C30
1830
1870
1FE0
0FC0
0000
0000
0000
0000
ENDCHAR
STARTCHAR uni3081
ENCODING 12417
SWIDTH 583 0
DWIDTH 14 0
BBX 14 24 0 -4
BITMAP
0000
0000
0000
0180
1980
1980
1980
1FC0
1FE0
39F0
39B0
7BB0
7B30
7F30
6E30
6E30
6C30
7C70
38E0
00C0
0000
0000
0000
0000
ENDCHAR
STARTCHAR uni3082
ENCODING 12418
SWIDTH 583 0
DWIDTH 14 0
BBX 14 24 0 -4
BITMAP
0000
0000
0000
1800
1800
1800
7F80
7F80
1800
1800
1800
7F80
7F80
1800
1830
1830
1830
1C70
0FE0
07C0
0000
0000
0000
0000
ENDCHAR
STARTCHAR uni3083
ENCODING 12419
SWIDTH 583 0
DWIDTH 14 0
BBX 14 24 0 -4
BITMAP
0000
0000
0000
0000
0000
0000
0000
0000
18C0
18C0
1FE0
7FF0
7C30
0C30
0C30
0C70
0C60
0E00
0600
0600
0000
0000
0000
0000
ENDCHAR
STARTCHAR uni3084
ENCODING 12420
SWIDTH 583 0
DWIDTH 14 0
BBX 14 24 0 -4
BITMAP
0000
0000
0000
0000
1860
18E0
18C0
1FE0
7FF0
7C30
0C30
0C30
0C70
0CE0
0CC0
0C00
0C00
0E00
0600
0600
0000
0000
0000
0000
ENDCHAR
STARTCHAR uni3085
ENCODING 12421
SWIDTH 583 0
DWIDTH 14 0
BBX 14 24 0 -4
BITMAP
0000
0000
0000
0000
0000
0000
0000
0300
0300
37C0
3FE0
3F70
3B30
3330
3370
07E0
07C0
0300
0700
0600
0000
0000
0000
0000
ENDCHAR
STARTCHAR uni3086
ENCODING 12422
SWIDTH 583 0
DWIDTH 14 0
BBX 14 24 0 -4
BITMAP
0000
0000
0000
0300
0300
6300
6FC0
7FE0
7B70
7330
6330
6330
6330
6330
6770
07E0
03C0
0300
0700
0600
0000
0000
0000
0000
ENDCHAR
STARTCHAR uni3087
ENCODING 12423
SWIDTH 583 0
DWIDTH 14 0
BBX 14 24 0 -4
BITMAP
0000
0000
0000
0000
0000
0000
0000
0300
0300
03F0
03F0
0300
0300
0300
1F00
3FC0
33F0
3370
3F00
1E00
0000
0000
0000
0000
ENDCHAR
STARTCHAR uni3088
ENCODING 12424
SWIDTH 583 0
DWIDTH 14 0
BBX 14 24 0 -4
BITMAP
0000
0000
0000
0300
0300
0300
03F0
03F0
0300
0300
0300
0300
0300
0300
3F00
7FC0
63F0
6370
7F00
3E00
0000
0000
0000
0000
ENDCHAR
STARTCHAR uni3089
ENCODING 12425
SWIDTH 583 0
DWIDTH 14 0
BBX 14 24 0 -4
BITMAP
0000
0000
0000
0000
0F00
0FE0
01E0
1800
1800
1800
1FC0
3FE0
3870
3030
0030
0030
0070
00E0
0FC0
0F80
0000
0000
0000
0000
ENDCHAR
STARTCHAR uni308A
ENCODING 12426
SWIDTH 583 0
DWIDTH 14 0
BBX 14 24 0 -4
BITMAP
0000
0000
0000
0000
3060
3060
3060
3060
3060
3060
3660
3E60
1C60
0060
0060
0060
00E0
01C0
0F80
0F00
0000
0000
0000
0000
ENDCHAR
STARTCHAR uni308B
ENCODING 12427
SWIDTH 583 0
DWIDTH 14 0
BBX 14 24 0 -4
BITMAP
0000
0000
0000
0000
1FE0
1FE0
01C0
0380
0700
0FC0
1FE0
3870
3030
0030
0F30
1FB0
19B0
19F0
1FE0
0FC0
0000
0000
0000
0000
ENDCHAR
STARTCHAR uni308C
ENCODING 12428
SWIDTH 583 0
DWIDTH 14 0
BBX 14 24 0 -4
BITMAP
0000
0000
0000
0C00
0C00
0C00
0C30
3C70
3CF0
0DF0
0FB0
0F30
0E30
1C30
3C30
3C30
0C30
0C30
0C38
0C18
0000
0000
0000
0000
ENDCHAR
STARTCHAR uni308D
ENCODING 12429
SWIDTH 583 0
DWIDTH 14 0
BBX 14 24 0 -4
BITMAP
0000
0000
0000
0000
1FE0
1FE0
00E0
01C0
0380
0700
0FC0
1FE0
3870
3030
0030
0030
0070
00E0
0FC0
0F80
0000
0000
0000
0000
ENDCHAR
STARTCHAR uni308E
ENCODING 12430
SWIDTH 583 0
DWIDTH 14 0
BBX 14 24 0 -4
BITMAP
0000
0000
0000
0000
0000
0000
0000
1800
1800
7BE0
7FF0
1E30
1C30
3830
7830
7830
1830
1870
18E0
18C0
0000
0000
0000
0000
ENDCHAR
STARTCHAR uni308F
ENCODING 12431
SWIDTH 583 0
DWIDTH 14 0
BBX 14 24 0 -4
BITMAP
0000
0000
0000
1800
1800
1800
7800
7BE0
1FF0
1E30
1C30
3830
7830
7830
1830
1830
1830
1870
18E0
18C0
0000
0000
0000
0000
ENDCHAR
STARTCHAR uni3090
ENCODING 12432
SWIDTH 583 0
DWIDTH 14 0
BBX 14 24 0 -4
BITMAP
0000
0000
0000
0000
1F00
1F00
0300
0300
0300
0FE0
1FF0
3E38
3618
3618
3678
36F8
36D8
3ED8
1EF8
0C70
0000
0000
0000
0000
ENDCHAR
STARTCHAR uni3091
ENCODING 12433
SWIDTH 583 0
DWIDTH 14 0
BBX 14 24 0 -4
BITMAP
0000
0000
0000
0000
1FC0
1FC0
0700
0E00
1FC0
3FE0
3070
0F30
1FB0
19F0
1FE0
0FC0
0E00
1CE0
3DF0
7FB8
6718
0000
0000
0000
ENDCHAR
STARTCHAR uni3092
ENCODING 12434
SWIDTH 583 0
DWIDTH 14 0
BBX 14 24 0 -4
BITMAP
0000
0000
0000
0300
0300
0300
3FF0
3FF0
0E00
1C00
3870
3EF0
3FC0
0380
07C0
0EC0
1C00
1800
1FF0
0FF0
0000
0000
0000
0000
ENDCHAR
STARTCHAR uni3093
ENCODING 12435
SWIDTH 583 0
DWIDTH 14 0
BBX 14 24 0 -4
BITMAP
0000
0000
0000
0000
0300
0300
0300
0700
0600
0600
0E00
0C00
0F00
1F80
1D80
1980
3998
3198
31F8
30F0
0000
0000
0000
0000
ENDCHAR
STARTCHAR uni3094
ENCODING 12436
SWIDTH 583 0
DWIDTH 14 0
BBX 14 24 0 -4
BITMAP
0000
0000
00D8
00D8
0FD8
0FC0
0000
0000
1FE0
3FF0
3030
0030
0030
0030
0030
0070
00E0
01C0
0780
0700
0000
0000
0000
0000
ENDCHAR
STARTCHAR uni3095
ENCODING 12437
SWIDTH 583 0
DWIDTH 14 0
BBX 14 24 0 -4
BITMAP
0000
0000
0000
0000
0000
0000
0000
0000
1860
1870
7F38
7F98
19D8
18C0
18C0
18C0
38C0
70C0
63C0
0380
0000
0000
0000
0000
ENDCHAR
STARTCHAR uni3096
ENCODING 12438
SWIDTH 583 0
DWIDTH 14 0
BBX 14 24 0 -4
BITMAP
0000
0000
0000
0000
0000
0000
0000
0000
3030
3030
33F8
33F8
3030
3030
3030
3030
3030
3870
39E0
31C0
0000
0000
0000
0000
ENDCHAR
STARTCHAR uni3099
ENCODING 12441
SWIDTH 583 0
DWIDTH 14 0
BBX 14 24 0 -4
BITMAP
0000
0000
00D8
00D8
00D8
0000
0000
0000
0000
0000
0000
0000
0000
0000
0000
0000
0000
0000
0000
0000
0000
0000
0000
0000
ENDCHAR
STARTCHAR uni309A
ENCODING 12442
SWIDTH 583 0
DWIDTH 14 0
BBX 14 24 0 -4
BITMAP
0000
0038
007C
006C
006C
007C
0038
0000
0000
0000
0000
0000
0000
0000
0000
0000
0000
0000
0000
0000
0000
0000
0000
0000
ENDCHAR
STARTCHAR uni309B
ENCODING 12443
SWIDTH 583 0
DWIDTH 14 0
BBX 14 24 0 -4
BITMAP
0000
0000
0000
0000
D800
D800
D800
0000
0000
0000
0000
0000
0000
0000
0000
0000
0000
0000
0000
0000
0000
0000
0000
0000
ENDCHAR
STARTCHAR uni309C
ENCODING 12444
SWIDTH 583 0
DWIDTH 14 0
BBX 14 24 0 -4
BITMAP
0000
0000
0000
7000
F800
D800
D800
F800
7000
0000
0000
0000
0000
0000
0000
0000
0000
0000
0000
0000
0000
0000
0000
0000
ENDCHAR
STARTCHAR uni309D
ENCODING 12445
SWIDTH 583 0
DWIDTH 14 0
BBX 14 24 0 -4
BITMAP
0000
0000
0000
0000
0000
0000
0000
1800
1800
1C00
0E00
0700
0380
01C0
00E0
00E0
01C0
0380
0700
0600
0000
0000
0000
0000
ENDCHAR
STARTCHAR uni309E
ENCODING 12446
SWIDTH 583 0
DWIDTH 14 0
BBX 14 24 0 -4
BITMAP
0000
0000
0000
0000
0000
01B0
01B0
19B0
1800
1C00
0E00
0700
0380
01C0
00E0
00E0
01C0
0380
0700
0600
0000
0000
0000
0000
ENDCHAR
STARTCHAR uni30A0
ENCODING 12448
SWIDTH 583 0
DWIDTH 14 0
BBX 14 24 0 -4
BITMAP
0000
0000
0000
0000
0000
0000
0000
0000
3FF0
3FF0
0000
0000
0000
0000
3FF0
3FF0
0000
0000
0000
0000
0000
0000
0000
0000
ENDCHAR
STARTCHAR uni30A1
ENCODING 12449
SWIDTH 583 0
DWIDTH 14 0
BBX 14 24 0 -4
BITMAP
0000
0000
0000
0000
0000
0000
0000
0000
3FF0
3FF0
0030
0030
0370
03E0
03C0
0300
0300
0700
1E00
1C00
0000
0000
0000
0000
ENDCHAR
STARTCHAR uni30A2
ENCODING 12450
SWIDTH 583 0
DWIDTH 14 0
BBX 14 24 0 -4
BITMAP
0000
0000
0000
0000
3FF0
3FF0
0030
0030
0030
0330
0370
03E0
03C0
0300
0300
0300
0300
0700
1E00
1C00
0000
0000
0000
0000
ENDCHAR
STARTCHAR uni30A3
ENCODING 12451
SWIDTH 583 0
DWIDTH 14 0
BBX 14 24 0 -4
BITMAP
0000
0000
0000
0000
0000
0000
0000
0000
00F0
01F0
0380
3F00
3F00
0300
0300
0300
0300
0300
0300
0300
0000
0000
0000
0000
ENDCHAR
STARTCHAR uni30A4
ENCODING 12452
SWIDTH 583 0
DWIDTH 14 0
BBX 14 24 0 -4
BITMAP
0000
0000
0000
0000
00F0
01F0
0380
0700
0F00
7F00
7B00
0300
0300
0300
0300
0300
0300
0300
0300
0300
0000
0000
0000
0000
ENDCHAR
STARTCHAR uni30A5
ENCODING 12453
SWIDTH 583 0
DWIDTH 14 0
BBX 14 24 0 -4
BITMAP
0000
0000
0000
0000
0000
0000
0000
0300
0300
3FF0
3FF0
3030
3030
0030
0030
0070
00E0
01C0
0380
0300
0000
0000
0000
0000
ENDCHAR
STARTCHAR uni30A6
ENCODING 12454
SWIDTH 583 0
DWIDTH 14 0
BBX 14 24 0 -4
BITMAP
0000
0000
0000
0300
0300
0300
3FF0
3FF0
3030
3030
3030
0030
0030
0030
0070
00E0
01C0
0380
0700
0600
0000
0000
0000
0000
ENDCHAR
STARTCHAR uni30A7
ENCODING 12455
SWIDTH 583 0
DWIDTH 14 0
BBX 14 24 0 -4
BITMAP
0000
0000
0000
0000
0000
0000
0000
0000
1FE0
1FE0
0300
0300
0300
0300
0300
0300
0300
0300
3FF0
3FF0
0000
0000
0000
0000
ENDCHAR
STARTCHAR uni30A8
ENCODING 12456
SWIDTH 583 0
DWIDTH 14 0
BBX 14 24 0 -4
BITMAP
0000
0000
0000
0000
1FE0
1FE0
0300
0300
0300
0300
0300
0300
0300
0300
0300
0300
0300
0300
3FF0
3FF0
0000
0000
0000
0000
ENDCHAR
STARTCHAR uni30A9
ENCODING 12457
SWIDTH 583 0
DWIDTH 14 0
BBX 14 24 0 -4
BITMAP
0000
0000
0000
0000
0000
0000
0000
00C0
00C0
3FF0
3FF0
01C0
03C0
07C0
0EC0
1CC0
38C0
30C0
03C0
03C0
0000
0000
0000
0000
ENDCHAR
STARTCHAR uni30AA
ENCODING 12458
SWIDTH 583 0
DWIDTH 14 0
BBX 14 24 0 -4
BITMAP
0000
0000
0000
0060
0060
0060
3FF8
3FF8
0060
00E0
01E0
03E0
0760
0E60
1C60
3860
3060
0060
01E0
01E0
0000
0000
0000
0000
ENDCHAR
STARTCHAR uni30AB
ENCODING 12459
SWIDTH 583 0
DWIDTH 14 0
BBX 14 24 0 -4
BITMAP
0000
0000
0000
0C00
0C00
0C00
3FF0
3FF0
0C30
0C30
0C30
0C30
0C30
0C30
0C30
0C30
1C30
3830
30F0
00F0
0000
0000
0000
0000
ENDCHAR
STARTCHAR uni30AC
ENCODING 12460
SWIDTH 583 0
DWIDTH 14 0
BBX 14 24 0 -4
BITMAP
0000
0000
00D8
0CD8
0CD8
0C00
3FF0
3FF0
0C30
0C30
0C30
0C30
0C30
0C30
0C30
0C30
1C30
3830
30F0
00F0
0000
0000
0000
0000
ENDCHAR
STARTCHAR uni30AD
ENCODING 12461
SWIDTH 583 0
DWIDTH 14 0
BBX 14 24 0 -4
BITMAP
0000
0000
0000
0600
0600
0600
0600
3FF0
3FF0
0300
0300
0300
0300
3FF0
3FF0
0180
0180
0180
0180
0180
0000
0000
0000
0000
ENDCHAR
STARTCHAR uni30AE
ENCODING 12462
SWIDTH 583 0
DWIDTH 14 0
BBX 14 24 0 -4
BITMAP
0000
0000
0000
06D8
06D8
06D8
0600
3FF0
3FF0
0300
0300
0300
0300
3FF0
3FF0
0180
0180
0180
0180
0180
0000
0000
0000
0000
ENDCHAR
STARTCHAR uni30AF
ENCODING 12463
SWIDTH 583 0
DWIDTH 14 0
BBX 14 24 0 -4
BITMAP
0000
0000
0000
0000
0FF0
0FF0
0C30
0C30
0C30
1C30
3830
3030
0030
0030
0030
0070
00E0
01C0
0380
0300
0000
0000
0000
0000
ENDCHAR
STARTCHAR uni30B0
ENCODING 12464
SWIDTH 583 0
DWIDTH 14 0
BBX 14 24 0 -4
BITMAP
0000
0000
006C
006C
006C
0FF0
0FF0
0C30
0C30
1C30
3830
3030
0030
0030
0030
0070
00E0
01C0
0380
0300
0000
0000
0000
0000
ENDCHAR
STARTCHAR uni30B1
ENCODING 12465
SWIDTH 583 0
DWIDTH 14 0
BBX 14 24 0 -4
BITMAP
0000
0000
0000
1800
1800
1800
1FF0
1FF0
18C0
38C0
30C0
00C0
00C0
00C0
00C0
00C0
01C0
0380
0700
0600
0000
0000
0000
0000
ENDCHAR
STARTCHAR uni30B2
ENCODING 12466
SWIDTH 583 0
DWIDTH 14 0
BBX 14 24 0 -4
BITMAP
0000
0000
00D8
18D8
18D8
1800
1FF0
1FF0
38C0
30C0
00C0
00C0
00C0
00C0
00C0
00C0
01C0
0380
0700
0600
0000
0000
0000
0000
ENDCHAR
STARTCHAR uni30B3
ENCODING 12467
SWIDTH 583 0
DWIDTH 14 0
BBX 14 24 0 -4
BITMAP
0000
0000
0000
0000
3FF0
3FF0
0030
0030
0030
0030
0030
0030
0030
0030
0030
0030
0030
0030
3FF0
3FF0
0000
0000
0000
0000
ENDCHAR
STARTCHAR uni30B4
ENCODING 12468
SWIDTH 583 0
DWIDTH 14 0
BBX 14 24 0 -4
BITMAP
0000
0000
00D8
00D8
00D8
3FF0
3FF0
0030
0030
0030
0030
0030
0030
0030
0030
0030
0030
0030
3FF0
3FF0
0000
0000
0000
0000
ENDCHAR
STARTCHAR uni30B5
ENCODING 12469
SWIDTH 583 0
DWIDTH 14 0
BBX 14 24 0 -4
BITMAP
0000
0000
0000
0000
18C0
18C0
18C0
7FF0
7FF0
18C0
18C0
18C0
00C0
00C0
00C0
01C0
0380
0700
0E00
0C00
0000
0000
0000
0000
ENDCHAR
STARTCHAR uni30B6
ENCODING 12470
SWIDTH 583 0
DWIDTH 14 0
BBX 14 24 0 -4
BITMAP
0000
0000
006C
006C
18EC
18C0
18C0
7FF0
7FF0
18C0
18C0
18C0
00C0
00C0
00C0
01C0
0380
0700
0E00
0C00
0000
0000
0000
0000
ENDCHAR
STARTCHAR uni30B7
ENCODING 12471
SWIDTH 583 0
DWIDTH 14 0
BBX 14 24 0 -4
BITMAP
0000
0000
0000
0000
3E30
3E30
0030
0030
0030
3E30
3E30
0030
0030
0030
0030
0070
00E0
01C0
3F80
3F00
0000
0000
0000
0000
ENDCHAR
STARTCHAR uni30B8
ENCODING 12472
SWIDTH 583 0
DWIDTH 14 0
BBX 14 24 0 -4
BITMAP
0000
0000
006C
006C
3E6C
3E30
0030
0030
0030
3E30
3E30
0030
0030
0030
0030
0070
00E0
01C0
3F80
3F00
0000
0000
0000
0000
ENDCHAR
STARTCHAR uni30B9
ENCODING 12473
SWIDTH 583 0
DWIDTH 14 0
BBX 14 24 0 -4
BITMAP
0000
0000
0000
0000
3FF0
3FF0
0030
0030
0070
00E0
01C0
0380
0780
0FC0
1CE0
3870
3030
3030
3030
3030
0000
0000
0000
0000
ENDCHAR
STARTCHAR uni30BA
ENCODING 12474
SWIDTH 583 0
DWIDTH 14 0
BBX 14 24 0 -4
BITMAP
0000
0000
00D8
00D8
3FF8
3FF0
0030
0030
0070
00E0
01C0
0380
0780
0FC0
1CE0
3870
3030
3030
3030
3030
0000
0000
0000
0000
ENDCHAR
STARTCHAR uni30BB
ENCODING 12475
SWIDTH 583 0
DWIDTH 14 0
BBX 14 24 0 -4
BITMAP
0000
0000
0000
1800
1800
1800
7FF0
7FF0
1830
1870
18E0
18C0
1800
1800
1800
1800
1800
1C00
0FF0
07F0
0000
0000
0000
0000
ENDCHAR
STARTCHAR uni30BC
ENCODING 12476
SWIDTH 583 0
DWIDTH 14 0
BBX 14 24 0 -4
BITMAP
0000
0000
00D8
18D8
18D8
1800
7FF0
7FF0
1830
1870
18E0
18C0
1800
1800
1800
1800
1800
1C00
0FF0
07F0
0000
0000
0000
0000
ENDCHAR
STARTCHAR uni30BD
ENCODING 12477
SWIDTH 583 0
DWIDTH 14 0
BBX 14 24 0 -4
BITMAP
0000
0000
0000
0000
3030
3030
3030
3030
3830
1C30
0C30
0030
0030
0030
0070
00E0
01C0
0380
0F00
0E00
0000
0000
0000
0000
ENDCHAR
STARTCHAR uni30BE
ENCODING 12478
SWIDTH 583 0
DWIDTH 14 0
BBX 14 24 0 -4
BITMAP
0000
0000
006C
006C
306C
3030
3030
3030
3830
1C30
0C30
0030
0030
0030
0070
00E0
01C0
0380
0F00
0E00
0000
0000
0000
0000
ENDCHAR
STARTCHAR uni30BF
ENCODING 12479
SWIDTH 583 0
DWIDTH 14 0
BBX 14 24 0 -4
BITMAP
0000
0000
0000
0000
0FF0
0FF0
0C30
0C30
1C30
3E30
3730
03B0
01F0
00F0
0070
00E0
01C0
0380
0700
0600
0000
0000
0000
0000
ENDCHAR
STARTCHAR uni30C0
ENCODING 12480
SWIDTH 583 0
DWIDTH 14 0
BBX 14 24 0 -4
BITMAP
0000
0000
00D8
00D8
00D8
0FF0
0FF0
0C30
0C30
1E30
3F30
33B0
01F0
00F0
0070
00E0
01C0
0380
0700
0600
0000
0000
0000
0000
ENDCHAR
STARTCHAR uni30C1
ENCODING 12481
SWIDTH 583 0
DWIDTH 14 0
BBX 14 24 0 -4
BITMAP
0000
0000
0000
0000
1FE0
1FE0
0180
0180
0180
3FF0
3FF0
0180
0180
0180
0180
0380
0700
0E00
1C00
1800
0000
0000
0000
0000
ENDCHAR
STARTCHAR uni30C2
ENCODING 12482
SWIDTH 583 0
DWIDTH 14 0
BBX 14 24 0 -4
BITMAP
0000
0000
00D8
00D8
00D8
1FE0
1FE0
0180
0180
0180
3FF0
3FF0
0180
0180
0180
0380
0700
0E00
1C00
1800
0000
0000
0000
0000
ENDCHAR
STARTCHAR uni30C3
ENCODING 12483
SWIDTH 583 0
DWIDTH 14 0
BBX 14 24 0 -4
BITMAP
0000
0000
0000
0000
0000
0000
0000
0000
3330
3330
3330
3330
3330
0030
0030
0070
00E0
01C0
0F80
0F00
0000
0000
0000
0000
ENDCHAR
STARTCHAR uni30C4
ENCODING 12484
SWIDTH 583 0
DWIDTH 14 0
BBX 14 24 0 -4
BITMAP
0000
0000
0000
0000
3330
3330
3330
3330
3330
3330
0030
0030
0030
0030
0070
00E0
01C0
0380
1F00
1E00
0000
0000
0000
0000
ENDCHAR
STARTCHAR uni30C5
ENCODING 12485
SWIDTH 583 0
DWIDTH 14 0
BBX 14 24 0 -4
BITMAP
0000
0000
006C
006C
336C
3330
3330
3330
3330
3330
0030
0030
0030
0030
0070
00E0
01C0
0380
1F00
1E00
0000
0000
0000
0000
ENDCHAR
STARTCHAR uni30C6
ENCODING 12486
SWIDTH 583 0
DWIDTH 14 0
BBX 14 24 0 -4
BITMAP
0000
0000
0000
0000
1FE0
1FE0
0000
0000
3FF0
3FF0
0180
0180
0180
0180
0180
0180
0380
0700
1E00
1C00
0000
0000
0000
0000
ENDCHAR
STARTCHAR uni30C7
ENCODING 12487
SWIDTH 583 0
DWIDTH 14 0
BBX 14 24 0 -4
BITMAP
0000
0000
00D8
00D8
1FF8
1FE0
0000
0000
3FF0
3FF0
0180
0180
0180
0180
0180
0180
0380
0700
1E00
1C00
0000
0000
0000
0000
ENDCHAR
STARTCHAR uni30C8
ENCODING 12488
SWIDTH 583 0
DWIDTH 14 0
BBX 14 24 0 -4
BITMAP
0000
0000
0000
0000
1800
1800
1800
1800
1800
1800
1FF0
1FF0
1800
1800
1800
1800
1800
1800
1800
1800
0000
0000
0000
0000
ENDCHAR
STARTCHAR uni30C9
ENCODING 12489
SWIDTH 583 0
DWIDTH 14 0
BBX 14 24 0 -4
BITMAP
0000
0000
0000
0000
19B0
19B0
19B0
1800
1800
1800
1FF0
1FF0
1800
1800
1800
1800
1800
1800
1800
1800
0000
0000
0000
0000
ENDCHAR
STARTCHAR uni30CA
ENCODING 12490
SWIDTH 583 0
DWIDTH 14 0
BBX 14 24 0 -4
BITMAP
0000
0000
0000
0180
0180
0180
0180
3FF8
3FF8
0180
0180
0180
0180
0180
0180
0380
0700
0E00
3C00
3800
0000
0000
0000
0000
ENDCHAR
STARTCHAR uni30CB
ENCODING 12491
SWIDTH 583 0
DWIDTH 14 0
BBX 14 24 0 -4
BITMAP
0000
0000
0000
0000
0000
1FE0
1FE0
0000
0000
0000
0000
0000
0000
0000
0000
0000
0000
3FF0
3FF0
0000
0000
0000
0000
0000
ENDCHAR
STARTCHAR uni30CC
ENCODING 12492
SWIDTH 583 0
DWIDTH 14 0
BBX 14 24 0 -4
BITMAP
0000
0000
0000
0000
3FF0
3FF0
0030
0030
0030
0030
1830
1C70
0EE0
07C0
0380
07C0
0EE0
1C70
3830
3030
0000
0000
0000
0000
ENDCHAR
STARTCHAR uni30CD
ENCODING 12493
SWIDTH 583 0
DWIDTH 14 0
BBX 14 24 0 -4
BITMAP
0000
0000
0000
0300
0300
0300
3FF0
3FF0
0030
0070
00E0
01C0
0380
0700
0F60
1F70
3B30
3330
0330
0300
0000
0000
0000
0000
ENDCHAR
STARTCHAR uni30CE
ENCODING 12494
SWIDTH 583 0
DWIDTH 14 0
BBX 14 24 0 -4
BITMAP
0000
0000
0000
0000
0060
0060
0060
0060
0060
0060
0060
0060
0060
0060
0060
00E0
01C0
0380
1F00
1E00
0000
0000
0000
0000
ENDCHAR
STARTCHAR uni30CF
ENCODING 12495
SWIDTH 583 0
DWIDTH 14 0
BBX 14 24 0 -4
BITMAP
0000
0000
0000
0000
1860
1860
1860
1860
1860
1860
1860
1860
1860
1860
1860
1860
1860
3870
7038
6018
0000
0000
0000
0000
ENDCHAR
STARTCHAR uni30D0
ENCODING 12496
SWIDTH 583 0
DWIDTH 14 0
BBX 14 24 0 -4
BITMAP
0000
0000
0000
00D8
18D8
18D8
1860
1860
1860
1860
1860
1860
1860
1860
1860
1860
1860
3870
7038
6018
0000
0000
0000
0000
ENDCHAR
STARTCHAR uni30D1
ENCODING 12497
SWIDTH 583 0
DWIDTH 14 0
BBX 14 24 0 -4
BITMAP
0000
0000
0000
0038
187C
186C
186C
187C
1878
1860
1860
1860
1860
1860
1860
1860
1860
3870
7038
6018
0000
0000
0000
0000
ENDCHAR
STARTCHAR uni30D2
ENCODING 12498
SWIDTH 583 0
DWIDTH 14 0
BBX 14 24 0 -4
BITMAP
0000
0000
0000
0000
3000
3000
3000
3000
3FF0
3FF0
3000
3000
3000
3000
3000
3000
3000
3800
1FF0
0FF0
0000
0000
0000
0000
ENDCHAR
STARTCHAR uni30D3
ENCODING 12499
SWIDTH 583 0
DWIDTH 14 0
BBX 14 24 0 -4
BITMAP
0000
0000
0000
0000
31B0
31B0
31B0
3000
3FF0
3FF0
3000
3000
3000
3000
3000
3000
3000
3800
1FF0
0FF0
0000
0000
0000
0000
ENDCHAR
STARTCHAR uni30D4
ENCODING 12500
SWIDTH 583 0
DWIDTH 14 0
BBX 14 24 0 -4
BITMAP
0000
0000
0000
0070
30F8
30D8
30D8
30F8
3FF0
3FF0
3000
3000
3000
3000
3000
3000
3000
3800
1FF0
0FF0
0000
0000
0000
0000
ENDCHAR
STARTCHAR uni30D5
ENCODING 12501
SWIDTH 583 0
DWIDTH 14 0
BBX 14 24 0 -4
BITMAP
0000
0000
0000
0000
3FF0
3FF0
0030
0030
0030
0030
0030
0030
0030
0030
0030
0030
0070
00E0
0FC0
0F80
0000
0000
0000
0000
ENDCHAR
STARTCHAR uni30D6
ENCODING 12502
SWIDTH 583 0
DWIDTH 14 0
BBX 14 24 0 -4
BITMAP
0000
0000
00D8
00D8
00D8
3FF0
3FF0
0030
0030
0030
0030
0030
0030
0030
0030
0030
0070
00E0
0FC0
0F80
0000
0000
0000
0000
ENDCHAR
STARTCHAR uni30D7
ENCODING 12503
SWIDTH 583 0
DWIDTH 14 0
BBX 14 24 0 -4
BITMAP
0000
0000
0038
007C
006C
3FEC
3FFC
0038
0030
0030
0030
0030
0030
0030
0030
0030
0070
00E0
0FC0
0F80
0000
0000
0000
0000
ENDCHAR
STARTCHAR uni30D8
ENCODING 12504
SWIDTH 583 0
DWIDTH 14 0
BBX 14 24 0 -4
BITMAP
0000
0000
0000
0000
0000
0000
0400
0E00
1F00
3B80
71C0
60E0
0070
0038
0018
0000
0000
0000
0000
0000
0000
0000
0000
0000
ENDCHAR
STARTCHAR uni30D9
ENCODING 12505
SWIDTH 583 0
DWIDTH 14 0
BBX 14 24 0 -4
BITMAP
0000
0000
0000
0000
00D8
00D8
04D8
0E00
1F00
3B80
71C0
60E0
0070
0038
0018
0000
0000
0000
0000
0000
0000
0000
0000
0000
ENDCHAR
STARTCHAR uni30DA
ENCODING 12506
SWIDTH 583 0
DWIDTH 14 0
BBX 14 24 0 -4
BITMAP
0000
0000
0000
0070
00F8
00D8
04D8
0EF8
1F70
3B80
71C0
60E0
0070
0038
0018
0000
0000
0000
0000
0000
0000
0000
0000
0000
ENDCHAR
STARTCHAR uni30DB
ENCODING 12507
SWIDTH 583 0
DWIDTH 14 0
BBX 14 24 0 -4
BITMAP
0000
0000
0000
0300
0300
0300
3FF0
3FF0
0300
0300
0300
1B60
3B70
3330
3330
3330
3330
0300
0300
0300
0000
0000
0000
0000
ENDCHAR
STARTCHAR uni30DC
ENCODING 12508
SWIDTH 583 0
DWIDTH 14 0
BBX 14 24 0 -4
BITMAP
0000
0000
006C
036C
036C
0300
3FF0
3FF0
0300
0300
0300
1B60
3B70
3330
3330
3330
3330
0300
0300
0300
0000
0000
0000
0000
ENDCHAR
STARTCHAR uni30DD
ENCODING 12509
SWIDTH 583 0
DWIDTH 14 0
BBX 14 24 0 -4
BITMAP
0000
0000
0038
037C
036C
036C
3FFC
3FF8
0300
0300
0300
1B60
3B70
3330
3330
3330
3330
0300
0300
0300
0000
0000
0000
0000
ENDCHAR
STARTCHAR uni30DE
ENCODING 12510
SWIDTH 583 0
DWIDTH 14 0
BBX 14 24 0 -4
BITMAP
0000
0000
0000
0000
3FF0
3FF0
0030
0030
0030
0030
0030
0070
00E0
31C0
3B80
1F00
0E00
0700
03E0
01E0
0000
0000
0000
0000
ENDCHAR
STARTCHAR uni30DF
ENCODING 12511
SWIDTH 583 0
DWIDTH 14 0
BBX 14 24 0 -4
BITMAP
0000
0000
0000
0000
3C00
3E00
0700
0380
01F0
1CF0
1E00
0700
0380
01E0
3CE0
3E00
0700
0380
01F0
00F0
0000
0000
0000
0000
ENDCHAR
STARTCHAR uni30E0
ENCODING 12512
SWIDTH 583 0
DWIDTH 14 0
BBX 14 24 0 -4
BITMAP
0000
0000
0000
0000
00C0
01C0
0380
0700
0E00
1C00
3800
3000
3000
3030
3030
3030
3030
3030
3FF0
3FF0
0000
0000
0000
0000
ENDCHAR
STARTCHAR uni30E1
ENCODING 12513
SWIDTH 583 0
DWIDTH 14 0
BBX 14 24 0 -4
BITMAP
0000
0000
0000
0000
0030
0030
0030
0030
1830
1C70
0EE0
07C0
0380
07C0
0EE0
1C70
3830
3000
3000
3000
0000
0000
0000
0000
ENDCHAR
STARTCHAR uni30E2
ENCODING 12514
SWIDTH 583 0
DWIDTH 14 0
BBX 14 24 0 -4
BITMAP
0000
0000
0000
0000
1FE0
1FE0
0600
0600
0600
0600
3FF0
3FF0
0600
0600
0600
0600
0600
0700
03F0
01F0
0000
0000
0000
0000
ENDCHAR
STARTCHAR uni30E3
ENCODING 12515
SWIDTH 583 0
DWIDTH 14 0
BBX 14 24 0 -4
BITMAP
0000
0000
0000
0000
0000
0000
0C00
0C00
0C00
7FF0
7FF0
0C30
0C70
0CE0
0CC0
0C00
0C00
0C00
0C00
0C00
0000
0000
0000
0000
ENDCHAR
STARTCHAR uni30E4
ENCODING 12516
SWIDTH 583 0
DWIDTH 14 0
BBX 14 24 0 -4
BITMAP
0000
0000
0000
0C00
0C00
0C00
7FF0
7FF0
0C30
0C30
0C70
0CE0
0CC0
0C00
0C00
0C00
0C00
0C00
0C00
0C00
0000
0000
0000
0000
ENDCHAR
STARTCHAR uni30E5
ENCODING 12517
SWIDTH 583 0
DWIDTH 14 0
BBX 14 24 0 -4
BITMAP
0000
0000
0000
0000
0000
0000
0000
0000
1FC0
1FC0
00C0
00C0
00C0
00C0
00C0
00C0
00C0
00C0
3FF0
3FF0
0000
0000
0000
0000
ENDCHAR
STARTCHAR uni30E6
ENCODING 12518
SWIDTH 583 0
DWIDTH 14 0
BBX 14 24 0 -4
BITMAP
0000
0000
0000
0000
1FC0
1FC0
00C0
00C0
00C0
00C0
00C0
00C0
00C0
00C0
00C0
00C0
00C0
00C0
3FF0
3FF0
0000
0000
0000
0000
ENDCHAR
STARTCHAR uni30E7
ENCODING 12519
SWIDTH 583 0
DWIDTH 14 0
BBX 14 24 0 -4
BITMAP
0000
0000
0000
0000
0000
0000
0000
0000
1FE0
1FE0
0060
0060
0060
0FE0
0FE0
0060
0060
0060
1FE0
1FE0
0000
0000
0000
0000
ENDCHAR
STARTCHAR uni30E8
ENCODING 12520
SWIDTH 583 0
DWIDTH 14 0
BBX 14 24 0 -4
BITMAP
0000
0000
0000
0000
3FF0
3FF0
0030
0030
0030
0030
0030
0FF0
0FF0
0030
0030
0030
0030
0030
3FF0
3FF0
0000
0000
0000
0000
ENDCHAR
STARTCHAR uni30E9
ENCODING 12521
SWIDTH 583 0
DWIDTH 14 0
BBX 14 24 0 -4
BITMAP
0000
0000
0000
0000
1FE0
1FE0
0000
0000
3FF0
3FF0
0030
0030
0030
0030
0030
0070
00E0
01C0
0F80
0F00
0000
0000
0000
0000
ENDCHAR
STARTCHAR uni30EA
ENCODING 12522
SWIDTH 583 0
DWIDTH 14 0
BBX 14 24 0 -4
BITMAP
0000
0000
0000
0000
3060
3060
3060
3060
3060
3060
3060
3060
0060
0060
0060
00E0
01C0
0380
0700
0600
0000
0000
0000
0000
ENDCHAR
STARTCHAR uni30EB
ENCODING 12523
SWIDTH 583 0
DWIDTH 14 0
BBX 14 24 0 -4
BITMAP
0000
0000
0000
0000
1980
1980
1980
1980
1980
1980
1980
1980
1980
1980
1980
1998
19B8
39F0
71E0
61C0
0000
0000
0000
0000
ENDCHAR
STARTCHAR uni30EC
ENCODING 12524
SWIDTH 583 0
DWIDTH 14 0
BBX 14 24 0 -4
BITMAP
0000
0000
0000
0000
3000
3000
3000
3000
3000
3000
3000
3030
3070
30E0
31C0
3380
3700
3E00
3C00
3800
0000
0000
0000
0000
ENDCHAR
STARTCHAR uni30ED
ENCODING 12525
SWIDTH 583 0
DWIDTH 14 0
BBX 14 24 0 -4
BITMAP
0000
0000
0000
0000
3FF0
3FF0
3030
3030
3030
3030
3030
3030
3030
3030
3030
3030
3030
3030
3FF0
3FF0
0000
0000
0000
0000
ENDCHAR
STARTCHAR uni30EE
ENCODING 12526
SWIDTH 583 0
DWIDTH 14 0
BBX 14 24 0 -4
BITMAP
0000
0000
0000
0000
0000
0000
0000
0000
3FF0
3FF0
3030
3030
0030
0030
0030
0030
0070
00E0
07C0
0780
0000
0000
0000
0000
ENDCHAR
STARTCHAR uni30EF
ENCODING 12527
SWIDTH 583 0
DWIDTH 14 0
BBX 14 24 0 -4
BITMAP
0000
0000
0000
0000
3FF0
3FF0
3030
3030
3030
0030
0030
0030
0030
0030
0030
0030
0070
00E0
07C0
0780
0000
0000
0000
0000
ENDCHAR
STARTCHAR uni30F0
ENCODING 12528
SWIDTH 583 0
DWIDTH 14 0
BBX 14 24 0 -4
BITMAP
0000
0000
0000
00C0
00C0
00C0
3FF0
3FF0
18C0
18C0
18C0
18C0
18C0
18C0
3FF0
3FF0
00C0
00C0
00C0
00C0
0000
0000
0000
0000
ENDCHAR
STARTCHAR uni30F1
ENCODING 12529
SWIDTH 583 0
DWIDTH 14 0
BBX 14 24 0 -4
BITMAP
0000
0000
0000
0000
3FF0
3FF0
0070
0070
00E0
01C0
0380
0300
0300
0300
0300
0300
0300
0300
3FF0
3FF0
0000
0000
0000
0000
ENDCHAR
STARTCHAR uni30F2
ENCODING 12530
SWIDTH 583 0
DWIDTH 14 0
BBX 14 24 0 -4
BITMAP
0000
0000
0000
0000
3FF0
3FF0
0030
0030
0030
3FF0
3FF0
0030
0030
0030
0030
0070
00E0
01C0
1F80
1F00
0000
0000
0000
0000
ENDCHAR
STARTCHAR uni30F3
ENCODING 12531
SWIDTH 583 0
DWIDTH 14 0
BBX 14 24 0 -4
BITMAP
0000
0000
0000
0000
3C30
3E30
0630
0030
0030
0030
0030
0030
0030
0030
0030
0070
00E0
01C0
3F80
3F00
0000
0000
0000
0000
ENDCHAR
STARTCHAR uni30F4
ENCODING 12532
SWIDTH 583 0
DWIDTH 14 0
BBX 14 24 0 -4
BITMAP
0000
0000
006C
036C
036C
0300
3FF0
3FF0
3030
3030
3030
0030
0030
0030
0070
00E0
01C0
0380
0700
0600
0000
0000
0000
0000
ENDCHAR
STARTCHAR uni30F5
ENCODING 12533
SWIDTH 583 0
DWIDTH 14 0
BBX 14 24 0 -4
BITMAP
0000
0000
0000
0000
0000
0000
0000
0600
0600
3FF0
3FF0
0630
0630
0630
0630
0E30
1C30
3830
30F0
00F0
0000
0000
0000
0000
ENDCHAR
STARTCHAR uni30F6
ENCODING 12534
SWIDTH 583 0
DWIDTH 14 0
BBX 14 24 0 -4
BITMAP
0000
0000
0000
0000
0000
0000
0000
1800
1800
1FF0
1FF0
38C0
30C0
00C0
00C0
00C0
01C0
0380
0700
0600
0000
0000
0000
0000
ENDCHAR
STARTCHAR uni30F7
ENCODING 12535
SWIDTH 583 0
DWIDTH 14 0
BBX 14 24 0 -4
BITMAP
0000
0000
00D8
00D8
00D8
3FF0
3FF0
3030
3030
3030
0030
0030
0030
0030
0030
0030
0070
00E0
07C0
0780
0000
0000
0000
0000
ENDCHAR
STARTCHAR uni30F8
ENCODING 12536
SWIDTH 583 0
DWIDTH 14 0
BBX 14 24 0 -4
BITMAP
0000
0000
006C
006C
00EC
00C0
3FF0
3FF0
18C0
18C0
18C0
18C0
18C0
18C0
3FF0
3FF0
00C0
00C0
00C0
00C0
0000
0000
0000
0000
ENDCHAR
STARTCHAR uni30F9
ENCODING 12537
SWIDTH 583 0
DWIDTH 14 0
BBX 14 24 0 -4
BITMAP
0000
0000
00D8
00D8
00D8
3FF0
3FF0
0070
0070
00E0
01C0
0380
0300
0300
0300
0300
0300
0300
3FF0
3FF0
0000
0000
0000
0000
ENDCHAR
STARTCHAR uni30FA
ENCODING 12538
SWIDTH 583 0
DWIDTH 14 0
BBX 14 24 0 -4
BITMAP
0000
0000
00D8
00D8
00D8
3FF0
3FF0
0030
0030
0030
3FF0
3FF0
0030
0030
0030
0070
00E0
01C0
1F80
1F00
0000
0000
0000
0000
ENDCHAR
STARTCHAR uni30FB
ENCODING 12539
SWIDTH 583 0
DWIDTH 14 0
BBX 14 24 0 -4
BITMAP
0000
0000
0000
0000
0000
0000
0000
0000
0000
0000
0000
0380
0380
0380
0000
0000
0000
0000
0000
0000
0000
0000
0000
0000
ENDCHAR
STARTCHAR uni30FC
ENCODING 12540
SWIDTH 583 0
DWIDTH 14 0
BBX 14 24 0 -4
BITMAP
0000
0000
0000
0000
0000
0000
0000
0000
0000
0000
3000
3FF0
1FF0
0000
0000
0000
0000
0000
0000
0000
0000
0000
0000
0000
ENDCHAR
STARTCHAR uni30FD
ENCODING 12541
SWIDTH 583 0
DWIDTH 14 0
BBX 14 24 0 -4
BITMAP
0000
0000
0000
0000
0000
0000
0000
0000
1800
1C00
0E00
0700
0380
01C0
00E0
0060
0060
0060
0000
0000
0000
0000
0000
0000
ENDCHAR
STARTCHAR uni30FE
ENCODING 12542
SWIDTH 583 0
DWIDTH 14 0
BBX 14 24 0 -4
BITMAP
0000
0000
0000
0000
0000
01B0
01B0
01B0
1800
1C00
0E00
0700
0380
01C0
00E0
0060
0060
0060
0000
0000
0000
0000
0000
0000
ENDCHAR
STARTCHAR uniFF01
ENCODING 65281
SWIDTH 583 0
DWIDTH 14 0
BBX 14 24 0 -4
BITMAP
0000
0000
0000
0000
0000
0000
0000
0000
0300
0300
0300
0300
0300
0300
0300
0300
0000
0000
0300
0300
0000
0000
0000
0000
ENDCHAR
STARTCHAR uniFF02
ENCODING 65282
SWIDTH 583 0
DWIDTH 14 0
BBX 14 24 0 -4
BITMAP
0000
0000
0000
0000
0000
0000
0000
0000
0CC0
0CC0
0CC0
0CC0
0000
0000
0000
0000
0000
0000
0000
0000
0000
0000
0000
0000
ENDCHAR
STARTCHAR uniFF03
ENCODING 65283
SWIDTH 583 0
DWIDTH 14 0
BBX 14 24 0 -4
BITMAP
0000
0000
0000
0000
0000
0000
0000
0000
0660
0660
0660
1FF0
1FF0
0CC0
0CC0
3FE0
3FE0
1980
1980
1980
0000
0000
0000
0000
ENDCHAR
STARTCHAR uniFF04
ENCODING 65284
SWIDTH 583 0
DWIDTH 14 0
BBX 14 24 0 -4
BITMAP
0000
0000
0000
0000
0000
0000
0000
0000
0300
0300
1FF0
3FF0
3300
3FE0
1FF0
0330
3FF0
3FE0
0300
0300
0000
0000
0000
0000
ENDCHAR
STARTCHAR uniFF05
ENCODING 65285
SWIDTH 583 0
DWIDTH 14 0
BBX 14 24 0 -4
BITMAP
0000
0000
0000
0000
0000
0000
0000
0000
0000
0000
3830
7C70
6CE0
7DC0
3B80
0770
0EF8
1CD8
38F8
3070
0000
0000
0000
0000
ENDCHAR
STARTCHAR uniFF06
ENCODING 65286
SWIDTH 583 0
DWIDTH 14 0
BBX 14 24 0 -4
BITMAP
0000
0000
0000
0000
0000
0000
0000
0000
0000
0700
0F80
0D80
0D80
0FB0
1F70
3FE0
33C0
33E0
3F70
1E30
0000
0000
0000
0000
ENDCHAR
STARTCHAR uniFF07
ENCODING 65287
SWIDTH 583 0
DWIDTH 14 0
BBX 14 24 0 -4
BITMAP
0000
0000
0000
0000
0000
0000
0000
0000
0300
0300
0300
0300
0000
0000
0000
0000
0000
0000
0000
0000
0000
0000
0000
0000
ENDCHAR
STARTCHAR uniFF08
ENCODING 65288
SWIDTH 583 0
DWIDTH 14 0
BBX 14 24 0 -4
BITMAP
0000
0000
0000
0000
0000
0000
0070
00F0
01C0
0380
0300
0300
0300
0300
0300
0300
0300
0300
0380
01C0
00F0
0070
0000
0000
ENDCHAR
STARTCHAR uniFF09
ENCODING 65289
SWIDTH 583 0
DWIDTH 14 0
BBX 14 24 0 -4
BITMAP
0000
0000
0000
0000
0000
0000
3800
3C00
0E00
0700
0300
0300
0300
0300
0300
0300
0300
0300
0700
0E00
3C00
3800
0000
0000
ENDCHAR
STARTCHAR uniFF0A
ENCODING 65290
SWIDTH 583 0
DWIDTH 14 0
BBX 14 24 0 -4
BITMAP
0000
0000
0000
0000
0000
0000
0000
0000
0300
0300
1B60
1FE0
0FC0
0780
0780
0FC0
1FE0
1B60
0300
0300
0000
0000
0000
0000
ENDCHAR
STARTCHAR uniFF0B
ENCODING 65291
SWIDTH 583 0
DWIDTH 14 0
BBX 14 24 0 -4
BITMAP
0000
0000
0000
0000
0000
0000
0000
0000
0000
0000
0300
0300
0300
1FE0
1FE0
0300
0300
0300
0000
0000
0000
0000
0000
0000
ENDCHAR
STARTCHAR uniFF0C
ENCODING 65292
SWIDTH 583 0
DWIDTH 14 0
BBX 14 24 0 -4
BITMAP
0000
0000
0000
0000
0000
0000
0000
0000
0000
0000
0000
0000
0000
0000
0000
0000
0000
0000
0E00
0E00
0600
0E00
0C00
0000
ENDCHAR
STARTCHAR uniFF0D
ENCODING 65293
SWIDTH 583 0
DWIDTH 14 0
BBX 14 24 0 -4
BITMAP
0000
0000
0000
0000
0000
0000
0000
0000
0000
0000
0000
0000
0000
1FE0
1FE0
0000
0000
0000
0000
0000
0000
0000
0000
0000
ENDCHAR
STARTCHAR uniFF0E
ENCODING 65294
SWIDTH 583 0
DWIDTH 14 0
BBX 14 24 0 -4
BITMAP
0000
0000
0000
0000
0000
0000
0000
0000
0000
0000
0000
0000
0000
0000
0000
0000
0000
0000
0E00
0E00
0000
0000
0000
0000
ENDCHAR
STARTCHAR uniFF0F
ENCODING 65295
SWIDTH 583 0
DWIDTH 14 0
BBX 14 24 0 -4
BITMAP
0000
0000
0000
0000
0000
0000
0000
00C0
00C0
01C0
0180
0380
0300
0700
0600
0E00
0C00
1C00
1800
3800
3000
3000
0000
0000
ENDCHAR
STARTCHAR uniFF10
ENCODING 65296
SWIDTH 583 0
DWIDTH 14 0
BBX 14 24 0 -4
BITMAP
0000
0000
0000
0000
0000
0000
0000
0000
0FC0
1FE0
3870
30F0
31F0
33B0
3730
3E30
3C30
3870
1FE0
0FC0
0000
0000
0000
0000
ENDCHAR
STARTCHAR uniFF11
ENCODING 65297
SWIDTH 583 0
DWIDTH 14 0
BBX 14 24 0 -4
BITMAP
0000
0000
0000
0000
0000
0000
0000
0000
0300
0700
0F00
0F00
0300
0300
0300
0300
0300
0300
0FC0
0FC0
0000
0000
0000
0000
ENDCHAR
STARTCHAR uniFF12
ENCODING 65298
SWIDTH 583 0
DWIDTH 14 0
BBX 14 24 0 -4
BITMAP
0000
0000
0000
0000
0000
0000
0000
0000
0FC0
1FE0
3870
3030
3030
0070
01E0
07C0
1F00
3C00
3FF0
3FF0
0000
0000
0000
0000
ENDCHAR
STARTCHAR uniFF13
ENCODING 65299
SWIDTH 583 0
DWIDTH 14 0
BBX 14 24 0 -4
BITMAP
0000
0000
0000
0000
0000
0000
0000
0000
3FF0
3FF0
00E0
01C0
01C0
00E0
0070
3030
3030
3870
1FE0
0FC0
0000
0000
0000
0000
ENDCHAR
STARTCHAR uniFF14
ENCODING 65300
SWIDTH 583 0
DWIDTH 14 0
BBX 14 24 0 -4
BITMAP
0000
0000
0000
0000
0000
0000
0000
0000
0060
00E0
01E0
03E0
0760
0E60
1C60
3860
3FF0
3FF0
0060
0060
0000
0000
0000
0000
ENDCHAR
STARTCHAR uniFF15
ENCODING 65301
SWIDTH 583 0
DWIDTH 14 0
BBX 14 24 0 -4
BITMAP
0000
0000
0000
0000
0000
0000
0000
0000
3FF0
3FF0
3000
3000
3FC0
3FE0
0070
0030
3030
3870
1FE0
0FC0
0000
0000
0000
0000
ENDCHAR
STARTCHAR uniFF16
ENCODING 65302
SWIDTH 583 0
DWIDTH 14 0
BBX 14 24 0 -4
BITMAP
0000
0000
0000
0000
0000
0000
0000
0000
0FC0
1FC0
3800
3000
3FC0
3FE0
3870
3030
3030
3870
1FE0
0FC0
0000
0000
0000
0000
ENDCHAR
STARTCHAR uniFF17
ENCODING 65303
SWIDTH 583 0
DWIDTH 14 0
BBX 14 24 0 -4
BITMAP
0000
0000
0000
0000
0000
0000
0000
0000
3FF0
3FF0
0030
0070
00E0
01C0
0380
0300
0300
0300
0300
0300
0000
0000
0000
0000
ENDCHAR
STARTCHAR uniFF18
ENCODING 65304
SWIDTH 583 0
DWIDTH 14 0
BBX 14 24 0 -4
BITMAP
0000
0000
0000
0000
0000
0000
0000
0000
1FE0
3FF0
3030
3030
3030
1FE0
1FE0
3030
3030
3030
3FF0
1FE0
0000
0000
0000
0000
ENDCHAR
STARTCHAR uniFF19
ENCODING 65305
SWIDTH 583 0
DWIDTH 14 0
BBX 14 24 0 -4
BITMAP
0000
0000
0000
0000
0000
0000
0000
0000
0FC0
1FE0
3870
3030
3030
3870
1FF0
0FF0
0030
0070
0FE0
0FC0
0000
0000
0000
0000
ENDCHAR
STARTCHAR uniFF1A
ENCODING 65306
SWIDTH 583 0
DWIDTH 14 0
BBX 14 24 0 -4
BITMAP
0000
0000
0000
0000
0000
0000
0000
0000
0000
0000
0380
0380
0000
0000
0000
0000
0380
0380
0000
0000
0000
0000
0000
0000
ENDCHAR
STARTCHAR uniFF1B
ENCODING 65307
SWIDTH 583 0
DWIDTH 14 0
BBX 14 24 0 -4
BITMAP
0000
0000
0000
0000
0000
0000
0000
0000
0000
0000
0380
0380
0000
0000
0000
0000
0380
0380
0180
0380
0300
0000
0000
0000
ENDCHAR
STARTCHAR uniFF1C
ENCODING 65308
SWIDTH 583 0
DWIDTH 14 0
BBX 14 24 0 -4
BITMAP
0000
0000
0000
0000
0000
0000
0018
0038
0070
00E0
01C0
0380
0700
0E00
0E00
0700
0380
01C0
00E0
0070
0038
0018
0000
0000
ENDCHAR
STARTCHAR uniFF1D
ENCODING 65309
SWIDTH 583 0
DWIDTH 14 0
BBX 14 24 0 -4
BITMAP
0000
0000
0000
0000
0000
0000
0000
0000
0000
0000
1FE0
1FE0
0000
0000
0000
0000
1FE0
1FE0
0000
0000
0000
0000
0000
0000
ENDCHAR
STARTCHAR uniFF1E
ENCODING 65310
SWIDTH 583 0
DWIDTH 14 0
BBX 14 24 0 -4
BITMAP
0000
0000
0000
0000
0000
0000
6000
7000
3800
1C00
0E00
0700
0380
01C0
01C0
0380
0700
0E00
1C00
3800
7000
6000
0000
0000
ENDCHAR
STARTCHAR uniFF1F
ENCODING 65311
SWIDTH 583 0
DWIDTH 14 0
BBX 14 24 0 -4
BITMAP
0000
0000
0000
0000
0000
0000
0000
0000
1FE0
3FF0
3030
3030
0030
01F0
03E0
0300
0000
0000
0300
0300
0000
0000
0000
0000
ENDCHAR
STARTCHAR uniFF20
ENCODING 65312
SWIDTH 583 0
DWIDTH 14 0
BBX 14 24 0 -4
BITMAP
0000
0000
0000
0000
0000
0000
0000
0000
1FE0
3FF0
7038
6798
6FD8
6CD8
6CF8
6FF0
67E0
7018
3FF8
1FF0
0000
0000
0000
0000
ENDCHAR
STARTCHAR uniFF21
ENCODING 65313
SWIDTH 583 0
DWIDTH 14 0
BBX 14 24 0 -4
BITMAP
0000
0000
0000
0000
0000
0000
0000
0000
0300
0780
0FC0
1CE0
3870
3030
3030
3FF0
3FF0
3030
3030
3030
0000
0000
0000
0000
ENDCHAR
STARTCHAR uniFF22
ENCODING 65314
SWIDTH 583 0
DWIDTH 14 0
BBX 14 24 0 -4
BITMAP
0000
0000
0000
0000
0000
0000
0000
0000
3FE0
3FF0
3030
3030
3030
3FE0
3FE0
3030
3030
3030
3FF0
3FE0
0000
0000
0000
0000
ENDCHAR
STARTCHAR uniFF23
ENCODING 65315
SWIDTH 583 0
DWIDTH 14 0
BBX 14 24 0 -4
BITMAP
0000
0000
0000
0000
0000
0000
0000
0000
0FC0
1FE0
3870
3030
3000
3000
3000
3000
3030
3870
1FE0
0FC0
0000
0000
0000
0000
ENDCHAR
STARTCHAR uniFF24
ENCODING 65316
SWIDTH 583 0
DWIDTH 14 0
BBX 14 24 0 -4
BITMAP
0000
0000
0000
0000
0000
0000
0000
0000
3FC0
3FE0
3070
3030
3030
3030
3030
3030
3030
3070
3FE0
3FC0
0000
0000
0000
0000
ENDCHAR
STARTCHAR uniFF25
ENCODING 65317
SWIDTH 583 0
DWIDTH 14 0
BBX 14 24 0 -4
BITMAP
0000
0000
0000
0000
0000
0000
0000
0000
3FF0
3FF0
3000
3000
3000
3FC0
3FC0
3000
3000
3000
3FF0
3FF0
0000
0000
0000
0000
ENDCHAR
STARTCHAR uniFF26
ENCODING 65318
SWIDTH 583 0
DWIDTH 14 0
BBX 14 24 0 -4
BITMAP
0000
0000
0000
0000
0000
0000
0000
0000
3FF0
3FF0
3000
3000
3000
3FC0
3FC0
3000
3000
3000
3000
3000
0000
0000
0000
0000
ENDCHAR
STARTCHAR uniFF27
ENCODING 65319
SWIDTH 583 0
DWIDTH 14 0
BBX 14 24 0 -4
BITMAP
0000
0000
0000
0000
0000
0000
0000
0000
0FF0
1FF0
3800
3000
3000
31F0
31F0
3030
3030
3830
1FF0
0FF0
0000
0000
0000
0000
ENDCHAR
STARTCHAR uniFF28
ENCODING 65320
SWIDTH 583 0
DWIDTH 14 0
BBX 14 24 0 -4
BITMAP
0000
0000
0000
0000
0000
0000
0000
0000
3030
3030
3030
3030
3030
3FF0
3FF0
3030
3030
3030
3030
3030
0000
0000
0000
0000
ENDCHAR
STARTCHAR uniFF29
ENCODING 65321
SWIDTH 583 0
DWIDTH 14 0
BBX 14 24 0 -4
BITMAP
0000
0000
0000
0000
0000
0000
0000
0000
1FE0
1FE0
0300
0300
0300
0300
0300
0300
0300
0300
1FE0
1FE0
0000
0000
0000
0000
ENDCHAR
STARTCHAR uniFF2A
ENCODING 65322
SWIDTH 583 0
DWIDTH 14 0
BBX 14 24 0 -4
BITMAP
0000
0000
0000
0000
0000
0000
0000
0000
0030
0030
0030
0030
0030
0030
3030
3030
3030
3870
1FE0
0FC0
0000
0000
0000
0000
ENDCHAR
STARTCHAR uniFF2B
ENCODING 65323
SWIDTH 583 0
DWIDTH 14 0
BBX 14 24 0 -4
BITMAP
0000
0000
0000
0000
0000
0000
0000
0000
3070
30F0
31C0
3380
3700
3E00
3E00
3700
3380
31C0
30F0
3070
0000
0000
0000
0000
ENDCHAR
STARTCHAR uniFF2C
ENCODING 65324
SWIDTH 583 0
DWIDTH 14 0
BBX 14 24 0 -4
BITMAP
0000
0000
0000
0000
0000
0000
0000
0000
3000
3000
3000
3000
3000
3000
3000
3000
3000
3000
3FF0
3FF0
0000
0000
0000
0000
ENDCHAR
STARTCHAR uniFF2D
ENCODING 65325
SWIDTH 583 0
DWIDTH 14 0
BBX 14 24 0 -4
BITMAP
0000
0000
0000
0000
0000
0000
0000
0000
3030
3870
3CF0
3FF0
37B0
3330
3030
3030
3030
3030
3030
3030
0000
0000
0000
0000
ENDCHAR
STARTCHAR uniFF2E
ENCODING 65326
SWIDTH 583 0
DWIDTH 14 0
BBX 14 24 0 -4
BITMAP
0000
0000
0000
0000
0000
0000
0000
0000
3030
3030
3830
3C30
3E30
3730
33B0
31F0
30F0
3070
3030
3030
0000
0000
0000
0000
ENDCHAR
STARTCHAR uniFF2F
ENCODING 65327
SWIDTH 583 0
DWIDTH 14 0
BBX 14 24 0 -4
BITMAP
0000
0000
0000
0000
0000
0000
0000
0000
0FC0
1FE0
3870
3030
3030
3030
3030
3030
3030
3870
1FE0
0FC0
0000
0000
0000
0000
ENDCHAR
STARTCHAR uniFF30
ENCODING 65328
SWIDTH 583 0
DWIDTH 14 0
BBX 14 24 0 -4
BITMAP
0000
0000
0000
0000
0000
0000
0000
0000
3FE0
3FF0
3030
3030
3030
3FF0
3FE0
3000
3000
3000
3000
3000
0000
0000
0000
0000
ENDCHAR
STARTCHAR uniFF31
ENCODING 65329
SWIDTH 583 0
DWIDTH 14 0
BBX 14 24 0 -4
BITMAP
0000
0000
0000
0000
0000
0000
0000
0000
0FC0
1FE0
3870
3030
3030
3030
3F30
3FB0
31F0
38E0
1FF8
0FB8
0000
0000
0000
0000
ENDCHAR
STARTCHAR uniFF32
ENCODING 65330
SWIDTH 583 0
DWIDTH 14 0
BBX 14 24 0 -4
BITMAP
0000
0000
0000
0000
0000
0000
0000
0000
3FE0
3FF0
3030
3030
3030
3FF0
3FE0
3380
31C0
30E0
3070
3030
0000
0000
0000
0000
ENDCHAR
STARTCHAR uniFF33
ENCODING 65331
SWIDTH 583 0
DWIDTH 14 0
BBX 14 24 0 -4
BITMAP
0000
0000
0000
0000
0000
0000
0000
0000
1FE0
3FF0
3030
3000
3000
3FE0
1FF0
0030
0030
3030
3FF0
1FE0
0000
0000
0000
0000
ENDCHAR
STARTCHAR uniFF34
ENCODING 65332
SWIDTH 583 0
DWIDTH 14 0
BBX 14 24 0 -4
BITMAP
0000
0000
0000
0000
0000
0000
0000
0000
3FF0
3FF0
0300
0300
0300
0300
0300
0300
0300
0300
0300
0300
0000
0000
0000
0000
ENDCHAR
STARTCHAR uniFF35
ENCODING 65333
SWIDTH 583 0
DWIDTH 14 0
BBX 14 24 0 -4
BITMAP
0000
0000
0000
0000
0000
0000
0000
0000
3030
3030
3030
3030
3030
3030
3030
3030
3030
3870
1FE0
0FC0
0000
0000
0000
0000
ENDCHAR
STARTCHAR uniFF36
ENCODING 65334
SWIDTH 583 0
DWIDTH 14 0
BBX 14 24 0 -4
BITMAP
0000
0000
0000
0000
0000
0000
0000
0000
3030
3030
3030
3030
3030
3030
3030
3870
1CE0
0FC0
0780
0300
0000
0000
0000
0000
ENDCHAR
STARTCHAR uniFF37
ENCODING 65335
SWIDTH 583 0
DWIDTH 14 0
BBX 14 24 0 -4
BITMAP
0000
0000
0000
0000
0000
0000
0000
0000
3030
3030
3030
3030
3030
3030
3330
37B0
3FF0
3CF0
3870
3030
0000
0000
0000
0000
ENDCHAR
STARTCHAR uniFF38
ENCODING 65336
SWIDTH 583 0
DWIDTH 14 0
BBX 14 24 0 -4
BITMAP
0000
0000
0000
0000
0000
0000
0000
0000
3030
3030
3870
1CE0
0FC0
0780
0780
0FC0
1CE0
3870
3030
3030
0000
0000
0000
0000
ENDCHAR
STARTCHAR uniFF39
ENCODING 65337
SWIDTH 583 0
DWIDTH 14 0
BBX 14 24 0 -4
BITMAP
0000
0000
0000
0000
0000
0000
0000
0000
3030
3030
3030
3870
1CE0
0FC0
0780
0300
0300
0300
0300
0300
0000
0000
0000
0000
ENDCHAR
STARTCHAR uniFF3A
ENCODING 65338
SWIDTH 583 0
DWIDTH 14 0
BBX 14 24 0 -4
BITMAP
0000
0000
0000
0000
0000
0000
0000
0000
3FF0
3FF0
0070
00E0
01C0
0380
0700
0E00
1C00
3800
3FF0
3FF0
0000
0000
0000
0000
ENDCHAR
STARTCHAR uniFF3B
ENCODING 65339
SWIDTH 583 0
DWIDTH 14 0
BBX 14 24 0 -4
BITMAP
0000
0000
0000
0000
0000
0000
01F0
01F0
0180
0180
0180
0180
0180
0180
0180
0180
0180
0180
0180
0180
01F0
01F0
0000
0000
ENDCHAR
STARTCHAR uniFF3C
ENCODING 65340
SWIDTH 583 0
DWIDTH 14 0
BBX 14 24 0 -4
BITMAP
0000
0000
0000
0000
0000
0000
0000
0C00
0C00
0E00
0600
0700
0300
0380
0180
01C0
00C0
00E0
0060
0070
0030
0030
0000
0000
ENDCHAR
STARTCHAR uniFF3D
ENCODING 65341
SWIDTH 583 0
DWIDTH 14 0
BBX 14 24 0 -4
BITMAP
0000
0000
0000
0000
0000
0000
3E00
3E00
0600
0600
0600
0600
0600
0600
0600
0600
0600
0600
0600
0600
3E00
3E00
0000
0000
ENDCHAR
STARTCHAR uniFF3E
ENCODING 65342
SWIDTH 583 0
DWIDTH 14 0
BBX 14 24 0 -4
BITMAP
0000
0000
0000
0000
0000
0000
0000
0000
0300
0780
0FC0
1CE0
1860
0000
0000
0000
0000
0000
0000
0000
0000
0000
0000
0000
ENDCHAR
STARTCHAR uniFF3F
ENCODING 65343
SWIDTH 583 0
DWIDTH 14 0
BBX 14 24 0 -4
BITMAP
0000
0000
0000
0000
0000
0000
0000
0000
0000
0000
0000
0000
0000
0000
0000
0000
0000
0000
1FE0
1FE0
0000
0000
0000
0000
ENDCHAR
STARTCHAR uniFF40
ENCODING 65344
SWIDTH 583 0
DWIDTH 14 0
BBX 14 24 0 -4
BITMAP
0000
0000
0000
0000
0000
0000
0600
0700
0300
0000
0000
0000
0000
0000
0000
0000
0000
0000
0000
0000
0000
0000
0000
0000
ENDCHAR
STARTCHAR uniFF41
ENCODING 65345
SWIDTH 583 0
DWIDTH 14 0
BBX 14 24 0 -4
BITMAP
0000
0000
0000
0000
0000
0000
0000
0000
0000
0000
0000
0000
3FE0
3FF0
0030
1FF0
3FF0
3030
3FF0
1FF0
0000
0000
0000
0000
ENDCHAR
STARTCHAR uniFF42
ENCODING 65346
SWIDTH 583 0
DWIDTH 14 0
BBX 14 24 0 -4
BITMAP
0000
0000
0000
0000
0000
0000
0000
0000
3000
3000
3000
3000
3FE0
3FF0
3030
3030
3030
3030
3FF0
3FE0
0000
0000
0000
0000
ENDCHAR
STARTCHAR uniFF43
ENCODING 65347
SWIDTH 583 0
DWIDTH 14 0
BBX 14 24 0 -4
BITMAP
0000
0000
0000
0000
0000
0000
0000
0000
0000
0000
0000
0000
1FE0
3FF0
3030
3000
3000
3030
3FF0
1FE0
0000
0000
0000
0000
ENDCHAR
STARTCHAR uniFF44
ENCODING 65348
SWIDTH 583 0
DWIDTH 14 0
BBX 14 24 0 -4
BITMAP
0000
0000
0000
0000
0000
0000
0000
0000
0030
0030
0030
0030
1FF0
3FF0
3030
3030
3030
3030
3FF0
1FF0
0000
0000
0000
0000
ENDCHAR
STARTCHAR uniFF45
ENCODING 65349
SWIDTH 583 0
DWIDTH 14 0
BBX 14 24 0 -4
BITMAP
0000
0000
0000
0000
0000
0000
0000
0000
0000
0000
0000
0000
1FE0
3FF0
3030
3FF0
3FF0
3000
3FF0
1FF0
0000
0000
0000
0000
ENDCHAR
STARTCHAR uniFF46
ENCODING 65350
SWIDTH 583 0
DWIDTH 14 0
BBX 14 24 0 -4
BITMAP
0000
0000
0000
0000
0000
0000
0000
0000
01F0
03F0
0300
0300
3FF0
3FF0
0300
0300
0300
0300
0300
0300
0000
0000
0000
0000
ENDCHAR
STARTCHAR uniFF47
ENCODING 65351
SWIDTH 583 0
DWIDTH 14 0
BBX 14 24 0 -4
BITMAP
0000
0000
0000
0000
0000
0000
0000
0000
0000
0000
0000
0000
1FF0
3FF0
3030
3030
3030
3030
3FF0
1FF0
0030
0030
3FF0
3FE0
ENDCHAR
STARTCHAR uniFF48
ENCODING 65352
SWIDTH 583 0
DWIDTH 14 0
BBX 14 24 0 -4
BITMAP
0000
0000
0000
0000
0000
0000
0000
0000
3000
3000
3000
3000
3FE0
3FF0
3030
3030
3030
3030
3030
3030
0000
0000
0000
0000
ENDCHAR
STARTCHAR uniFF49
ENCODING 65353
SWIDTH 583 0
DWIDTH 14 0
BBX 14 24 0 -4
BITMAP
0000
0000
0000
0000
0000
0000
0000
0000
0300
0300
0000
0000
1F00
1F00
0300
0300
0300
0300
1FE0
1FE0
0000
0000
0000
0000
ENDCHAR
STARTCHAR uniFF4A
ENCODING 65354
SWIDTH 583 0
DWIDTH 14 0
BBX 14 24 0 -4
BITMAP
0000
0000
0000
0000
0000
0000
0000
0000
00C0
00C0
0000
0000
07C0
07C0
00C0
00C0
00C0
00C0
00C0
00C0
00C0
01C0
3F80
3F00
ENDCHAR
STARTCHAR uniFF4B
ENCODING 65355
SWIDTH 583 0
DWIDTH 14 0
BBX 14 24 0 -4
BITMAP
0000
0000
0000
0000
0000
0000
0000
0000
3000
3000
3000
3000
31F0
33F0
3700
3E00
3F00
3B80
31F0
30F0
0000
0000
0000
0000
ENDCHAR
STARTCHAR uniFF4C
ENCODING 65356
SWIDTH 583 0
DWIDTH 14 0
BBX 14 24 0 -4
BITMAP
0000
0000
0000
0000
0000
0000
0000
0000
1F00
1F00
0300
0300
0300
0300
0300
0300
0300
0300
03E0
01E0
0000
0000
0000
0000
ENDCHAR
STARTCHAR uniFF4D
ENCODING 65357
SWIDTH 583 0
DWIDTH 14 0
BBX 14 24 0 -4
BITMAP
0000
0000
0000
0000
0000
0000
0000
0000
0000
0000
0000
0000
7FF0
7FF8
6318
6318
6318
6318
6318
6318
0000
0000
0000
0000
ENDCHAR
STARTCHAR uniFF4E
ENCODING 65358
SWIDTH 583 0
DWIDTH 14 0
BBX 14 24 0 -4
BITMAP
0000
0000
0000
0000
0000
0000
0000
0000
0000
0000
0000
0000
3FE0
3FF0
3030
3030
3030
3030
3030
3030
0000
0000
0000
0000
ENDCHAR
STARTCHAR uniFF4F
ENCODING 65359
SWIDTH 583 0
DWIDTH 14 0
BBX 14 24 0 -4
BITMAP
0000
0000
0000
0000
0000
0000
0000
0000
0000
0000
0000
0000
1FE0
3FF0
3030
3030
3030
3030
3FF0
1FE0
0000
0000
0000
0000
ENDCHAR
STARTCHAR uniFF50
ENCODING 65360
SWIDTH 583 0
DWIDTH 14 0
BBX 14 24 0 -4
BITMAP
0000
0000
0000
0000
0000
0000
0000
0000
0000
0000
0000
0000
3FE0
3FF0
3030
3030
3030
3030
3FF0
3FE0
3000
3000
3000
3000
ENDCHAR
STARTCHAR uniFF51
ENCODING 65361
SWIDTH 583 0
DWIDTH 14 0
BBX 14 24 0 -4
BITMAP
0000
0000
0000
0000
0000
0000
0000
0000
0000
0000
0000
0000
1FF0
3FF0
3030
3030
3030
3030
3FF0
1FF0
0030
0030
0030
0030
ENDCHAR
STARTCHAR uniFF52
ENCODING 65362
SWIDTH 583 0
DWIDTH 14 0
BBX 14 24 0 -4
BITMAP
0000
0000
0000
0000
0000
0000
0000
0000
0000
0000
0000
0000
3FE0
3FF0
3030
3030
3000
3000
3000
3000
0000
0000
0000
0000
ENDCHAR
STARTCHAR uniFF53
ENCODING 65363
SWIDTH 583 0
DWIDTH 14 0
BBX 14 24 0 -4
BITMAP
0000
0000
0000
0000
0000
0000
0000
0000
0000
0000
0000
0000
1FF0
3FF0
3000
3FE0
1FF0
0030
3FF0
3FE0
0000
0000
0000
0000
ENDCHAR
STARTCHAR uniFF54
ENCODING 65364
SWIDTH 583 0
DWIDTH 14 0
BBX 14 24 0 -4
BITMAP
0000
0000
0000
0000
0000
0000
0000
0000
0C00
0C00
0C00
0C00
3FF0
3FF0
0C00
0C00
0C00
0C00
0FF0
07F0
0000
0000
0000
0000
ENDCHAR
STARTCHAR uniFF55
ENCODING 65365
SWIDTH 583 0
DWIDTH 14 0
BBX 14 24 0 -4
BITMAP
0000
0000
0000
0000
0000
0000
0000
0000
0000
0000
0000
0000
3030
3030
3030
3030
3030
3030
3FF0
1FF0
0000
0000
0000
0000
ENDCHAR
STARTCHAR uniFF56
ENCODING 65366
SWIDTH 583 0
DWIDTH 14 0
BBX 14 24 0 -4
BITMAP
0000
0000
0000
0000
0000
0000
0000
0000
0000
0000
0000
0000
3030
3030
3030
3870
1CE0
0FC0
0780
0300
0000
0000
0000
0000
ENDCHAR
STARTCHAR uniFF57
ENCODING 65367
SWIDTH 583 0
DWIDTH 14 0
BBX 14 24 0 -4
BITMAP
0000
0000
0000
0000
0000
0000
0000
0000
0000
0000
0000
0000
3030
3030
3330
37B0
3FF0
3CF0
3870
3030
0000
0000
0000
0000
ENDCHAR
STARTCHAR uniFF58
ENCODING 65368
SWIDTH 583 0
DWIDTH 14 0
BBX 14 24 0 -4
BITMAP
0000
0000
0000
0000
0000
0000
0000
0000
0000
0000
0000
0000
3870
3CF0
0FC0
0780
0780
0FC0
3CF0
3870
0000
0000
0000
0000
ENDCHAR
STARTCHAR uniFF59
ENCODING 65369
SWIDTH 583 0
DWIDTH 14 0
BBX 14 24 0 -4
BITMAP
0000
0000
0000
0000
0000
0000
0000
0000
0000
0000
0000
0000
3030
3030
3030
3030
3030
3030
3FF0
1FF0
0030
0030
3FF0
3FE0
ENDCHAR
STARTCHAR uniFF5A
ENCODING 65370
SWIDTH 583 0
DWIDTH 14 0
BBX 14 24 0 -4
BITMAP
0000
0000
0000
0000
0000
0000
0000
0000
0000
0000
0000
0000
3FF0
3FF0
01C0
0380
0700
0E00
3FF0
3FF0
0000
0000
0000
0000
ENDCHAR
STARTCHAR uniFF5B
ENCODING 65371
SWIDTH 583 0
DWIDTH 14 0
BBX 14 24 0 -4
BITMAP
0000
0000
0000
0000
0000
0000
00F0
01F0
0180
0180
0180
0180
0380
0F00
0F00
0380
0180
0180
0180
0180
01F0
00F0
0000
0000
ENDCHAR
STARTCHAR uniFF5C
ENCODING 65372
SWIDTH 583 0
DWIDTH 14 0
BBX 14 24 0 -4
BITMAP
0000
0000
0000
0000
0300
0300
0300
0300
0300
0300
0300
0300
0300
0300
0300
0300
0300
0300
0300
0300
0300
0300
0300
0300
ENDCHAR
STARTCHAR uniFF5D
ENCODING 65373
SWIDTH 583 0
DWIDTH 14 0
BBX 14 24 0 -4
BITMAP
0000
0000
0000
0000
0000
0000
3C00
3E00
0600
0600
0600
0600
0700
03C0
03C0
0700
0600
0600
0600
0600
3E00
3C00
0000
0000
ENDCHAR
STARTCHAR uniFF5E
ENCODING 65374
SWIDTH 583 0
DWIDTH 14 0
BBX 14 24 0 -4
BITMAP
0000
0000
0000
0000
0000
0000
0000
0000
0000
0000
0000
0000
1E00
3F30
33F0
01E0
0000
0000
0000
0000
0000
0000
0000
0000
ENDCHAR
STARTCHAR uniFFE0
ENCODING 65504
SWIDTH 583 0
DWIDTH 14 0
BBX 14 24 0 -4
BITMAP
0000
0000
0000
0000
0000
0000
0000
0000
0000
0000
0300
0300
1FE0
3FF0
3330
3300
3300
3330
3FF0
1FE0
0300
0300
0000
0000
ENDCHAR
STARTCHAR uniFFE1
ENCODING 65505
SWIDTH 583 0
DWIDTH 14 0
BBX 14 24 0 -4
BITMAP
0000
0000
0000
0000
0000
0000
0000
0000
07E0
0FF0
0C30
0C00
0C00
3FC0
3FC0
0C00
0C00
0C30
3FF0
3FE0
0000
0000
0000
0000
ENDCHAR
STARTCHAR uniFFE2
ENCODING 65506
SWIDTH 583 0
DWIDTH 14 0
BBX 14 24 0 -4
BITMAP
0000
0000
0000
0000
0000
0000
0000
0000
0000
0000
0000
0000
0000
3FF0
3FF0
0030
0030
0030
0000
0000
0000
0000
0000
0000
ENDCHAR
STARTCHAR uniFFE3
ENCODING 65507
SWIDTH 583 0
DWIDTH 14 0
BBX 14 24 0 -4
BITMAP
0000
0000
0000
0000
0000
0000
0000
0000
3FF0
3FF0
0000
0000
0000
0000
0000
0000
0000
0000
0000
0000
0000
0000
0000
0000
ENDCHAR
STARTCHAR uniFFE4
ENCODING 65508
SWIDTH 583 0
DWIDTH 14 0
BBX 14 24 0 -4
BITMAP
0000
0000
0000
0000
0000
0000
0300
0300
0300
0300
0300
0300
0000
0000
0000
0000
0300
0300
0300
0300
0300
0300
0000
0000
ENDCHAR
STARTCHAR uniFFE5
ENCODING 65509
SWIDTH 583 0
DWIDTH 14 0
BBX 14 24 0 -4
BITMAP
0000
0000
0000
0000
0000
0000
0000
0000
3030
3870
1CE0
0FC0
0780
3FF0
3FF0
0300
3FF0
3FF0
0300
0300
0000
0000
0000
0000
ENDCHAR
ENDFONT
