STARTFONT 2.1
FONT BmPlus_ToshibaTxL2_8x16-16px
SIZE 16 75 75
FONTBOUNDINGBOX 8 16 0 -3
STARTPROPERTIES 3
PIXEL_SIZE 16
FONT_ASCENT 13
FONT_DESCENT 3
ENDPROPERTIES
CHARS 788
STARTCHAR uni0000
ENCODING 0
SWIDTH 500 0
DWIDTH 8 0
BBX 8 16 0 -3
BITMAP
00
00
00
00
00
00
00
00
00
00
00
00
00
00
00
00
ENDCHAR
STARTCHAR uni0001
ENCODING 1
SWIDTH 500 0
DWIDTH 8 0
BBX 8 16 0 -3
BITMAP
00
3C
42
81
81
A5
A5
81
81
A5
99
81
42
3C
00
00
ENDCHAR
STARTCHAR uni0002
ENCODING 2
SWIDTH 500 0
DWIDTH 8 0
BBX 8 16 0 -3
BITMAP
00
3C
7E
FF
FF
DB
DB
FF
FF
DB
E7
FF
7E
3C
00
00
ENDCHAR
STARTCHAR uni0003
ENCODING 3
SWIDTH 500 0
DWIDTH 8 0
BBX 8 16 0 -3
BITMAP
00
00
6C
EE
FE
FE
FE
7C
7C
38
38
10
10
00
00
00
ENDCHAR
STARTCHAR uni0004
ENCODING 4
SWIDTH 500 0
DWIDTH 8 0
BBX 8 16 0 -3
BITMAP
00
00
10
38
38
7C
7C
FE
7C
7C
38
38
10
00
00
00
ENDCHAR
STARTCHAR uni0005
ENCODING 5
SWIDTH 500 0
DWIDTH 8 0
BBX 8 16 0 -3
BITMAP
00
00
38
38
38
10
D6
FE
FE
D6
10
10
38
00
00
00
ENDCHAR
STARTCHAR uni0006
ENCODING 6
SWIDTH 500 0
DWIDTH 8 0
BBX 8 16 0 -3
BITMAP
00
00
10
38
38
7C
7C
FE
FE
D6
10
10
38
00
00
00
ENDCHAR
STARTCHAR uni0007
ENCODING 7
SWIDTH 500 0
DWIDTH 8 0
BBX 8 16 0 -3
BITMAP
00
00
00
00
18
3C
3C
3C
3C
18
00
00
00
00
00
00
ENDCHAR
STARTCHAR uni0008
ENCODING 8
SWIDTH 500 0
DWIDTH 8 0
BBX 8 16 0 -3
BITMAP
FF
FF
FF
FF
E7
C3
C3
C3
C3
E7
FF
FF
FF
FF
FF
FF
ENDCHAR
STARTCHAR uni0009
ENCODING 9
SWIDTH 500 0
DWIDTH 8 0
BBX 8 16 0 -3
BITMAP
00
00
00
3C
24
66
42
42
42
66
24
3C
00
00
00
00
ENDCHAR
STARTCHAR uni000A
ENCODING 10
SWIDTH 500 0
DWIDTH 8 0
BBX 8 16 0 -3
BITMAP
FF
FF
FF
C3
DB
99
BD
BD
BD
99
DB
C3
FF
FF
FF
FF
ENDCHAR
STARTCHAR uni000B
ENCODING 11
SWIDTH 500 0
DWIDTH 8 0
BBX 8 16 0 -3
BITMAP
00
00
1E
06
0A
0A
10
70
88
88
88
88
70
00
00
00
ENDCHAR
STARTCHAR uni000C
ENCODING 12
SWIDTH 500 0
DWIDTH 8 0
BBX 8 16 0 -3
BITMAP
00
00
38
44
44
44
44
38
10
10
7C
10
10
00
00
00
ENDCHAR
STARTCHAR uni000D
ENCODING 13
SWIDTH 500 0
DWIDTH 8 0
BBX 8 16 0 -3
BITMAP
00
00
10
18
14
14
12
12
10
10
70
F0
E0
00
00
00
ENDCHAR
STARTCHAR uni000E
ENCODING 14
SWIDTH 500 0
DWIDTH 8 0
BBX 8 16 0 -3
BITMAP
00
20
30
2C
22
32
2E
22
22
E2
C2
02
0E
0C
00
00
ENDCHAR
STARTCHAR uni000F
ENCODING 15
SWIDTH 500 0
DWIDTH 8 0
BBX 8 16 0 -3
BITMAP
00
10
92
BA
44
44
44
C6
44
44
44
BA
92
10
00
00
ENDCHAR
STARTCHAR uni0010
ENCODING 16
SWIDTH 500 0
DWIDTH 8 0
BBX 8 16 0 -3
BITMAP
00
00
00
00
80
E0
F8
FE
F8
E0
80
00
00
00
00
00
ENDCHAR
STARTCHAR uni0011
ENCODING 17
SWIDTH 500 0
DWIDTH 8 0
BBX 8 16 0 -3
BITMAP
00
00
00
00
02
0E
3E
FE
3E
0E
02
00
00
00
00
00
ENDCHAR
STARTCHAR uni0012
ENCODING 18
SWIDTH 500 0
DWIDTH 8 0
BBX 8 16 0 -3
BITMAP
00
10
38
7C
54
10
10
10
10
10
54
7C
38
10
00
00
ENDCHAR
STARTCHAR uni0013
ENCODING 19
SWIDTH 500 0
DWIDTH 8 0
BBX 8 16 0 -3
BITMAP
00
00
24
24
24
24
24
24
24
00
00
24
24
00
00
00
ENDCHAR
STARTCHAR uni0014
ENCODING 20
SWIDTH 500 0
DWIDTH 8 0
BBX 8 16 0 -3
BITMAP
00
00
7F
92
92
92
92
72
12
12
12
12
12
00
00
00
ENDCHAR
STARTCHAR uni0015
ENCODING 21
SWIDTH 500 0
DWIDTH 8 0
BBX 8 16 0 -3
BITMAP
00
38
44
40
20
58
84
82
42
34
08
04
44
38
00
00
ENDCHAR
STARTCHAR uni0016
ENCODING 22
SWIDTH 500 0
DWIDTH 8 0
BBX 8 16 0 -3
BITMAP
00
00
00
00
00
00
00
00
7E
7E
7E
7E
7E
00
00
00
ENDCHAR
STARTCHAR uni0017
ENCODING 23
SWIDTH 500 0
DWIDTH 8 0
BBX 8 16 0 -3
BITMAP
00
10
38
7C
54
10
10
10
10
54
7C
38
10
00
FF
00
ENDCHAR
STARTCHAR uni0018
ENCODING 24
SWIDTH 500 0
DWIDTH 8 0
BBX 8 16 0 -3
BITMAP
00
00
10
38
7C
54
10
10
10
10
10
10
10
00
00
00
ENDCHAR
STARTCHAR uni0019
ENCODING 25
SWIDTH 500 0
DWIDTH 8 0
BBX 8 16 0 -3
BITMAP
00
00
10
10
10
10
10
10
10
54
7C
38
10
00
00
00
ENDCHAR
STARTCHAR uni001A
ENCODING 26
SWIDTH 500 0
DWIDTH 8 0
BBX 8 16 0 -3
BITMAP
00
00
00
00
00
18
0C
FE
0C
18
00
00
00
00
00
00
ENDCHAR
STARTCHAR uni001B
ENCODING 27
SWIDTH 500 0
DWIDTH 8 0
BBX 8 16 0 -3
BITMAP
00
00
00
00
00
30
60
FE
60
30
00
00
00
00
00
00
ENDCHAR
STARTCHAR uni001C
ENCODING 28
SWIDTH 500 0
DWIDTH 8 0
BBX 8 16 0 -3
BITMAP
00
00
00
00
00
40
40
40
40
40
7E
00
00
00
00
00
ENDCHAR
STARTCHAR uni001D
ENCODING 29
SWIDTH 500 0
DWIDTH 8 0
BBX 8 16 0 -3
BITMAP
00
00
00
00
00
24
66
FF
66
24
00
00
00
00
00
00
ENDCHAR
STARTCHAR uni001E
ENCODING 30
SWIDTH 500 0
DWIDTH 8 0
BBX 8 16 0 -3
BITMAP
00
00
00
00
10
10
38
38
7C
7C
FE
00
00
00
00
00
ENDCHAR
STARTCHAR uni001F
ENCODING 31
SWIDTH 500 0
DWIDTH 8 0
BBX 8 16 0 -3
BITMAP
00
00
00
00
FE
7C
7C
38
38
10
10
00
00
00
00
00
ENDCHAR
STARTCHAR space
ENCODING 32
SWIDTH 500 0
DWIDTH 8 0
BBX 8 16 0 -3
BITMAP
00
00
00
00
00
00
00
00
00
00
00
00
00
00
00
00
ENDCHAR
STARTCHAR exclam
ENCODING 33
SWIDTH 500 0
DWIDTH 8 0
BBX 8 16 0 -3
BITMAP
00
00
10
38
38
38
10
10
10
00
00
10
10
00
00
00
ENDCHAR
STARTCHAR quotedbl
ENCODING 34
SWIDTH 500 0
DWIDTH 8 0
BBX 8 16 0 -3
BITMAP
00
00
24
24
24
24
00
00
00
00
00
00
00
00
00
00
ENDCHAR
STARTCHAR numbersign
ENCODING 35
SWIDTH 500 0
DWIDTH 8 0
BBX 8 16 0 -3
BITMAP
00
00
24
24
24
7E
24
24
24
7E
24
24
24
00
00
00
ENDCHAR
STARTCHAR dollar
ENCODING 36
SWIDTH 500 0
DWIDTH 8 0
BBX 8 16 0 -3
BITMAP
10
10
3E
42
40
40
40
3C
02
02
02
42
7C
10
10
00
ENDCHAR
STARTCHAR percent
ENCODING 37
SWIDTH 500 0
DWIDTH 8 0
BBX 8 16 0 -3
BITMAP
00
60
90
90
92
64
08
10
20
4C
92
12
12
0C
00
00
ENDCHAR
STARTCHAR ampersand
ENCODING 38
SWIDTH 500 0
DWIDTH 8 0
BBX 8 16 0 -3
BITMAP
00
00
38
44
44
28
30
50
8A
8A
84
8A
72
00
00
00
ENDCHAR
STARTCHAR quotesingle
ENCODING 39
SWIDTH 500 0
DWIDTH 8 0
BBX 8 16 0 -3
BITMAP
00
00
08
08
10
10
00
00
00
00
00
00
00
00
00
00
ENDCHAR
STARTCHAR parenleft
ENCODING 40
SWIDTH 500 0
DWIDTH 8 0
BBX 8 16 0 -3
BITMAP
00
04
08
10
10
20
20
20
20
20
10
10
08
04
00
00
ENDCHAR
STARTCHAR parenright
ENCODING 41
SWIDTH 500 0
DWIDTH 8 0
BBX 8 16 0 -3
BITMAP
00
40
20
10
10
08
08
08
08
08
10
10
20
40
00
00
ENDCHAR
STARTCHAR asterisk
ENCODING 42
SWIDTH 500 0
DWIDTH 8 0
BBX 8 16 0 -3
BITMAP
00
00
00
00
00
66
3C
FF
3C
66
00
00
00
00
00
00
ENDCHAR
STARTCHAR plus
ENCODING 43
SWIDTH 500 0
DWIDTH 8 0
BBX 8 16 0 -3
BITMAP
00
00
00
00
00
10
10
7C
10
10
00
00
00
00
00
00
ENDCHAR
STARTCHAR comma
ENCODING 44
SWIDTH 500 0
DWIDTH 8 0
BBX 8 16 0 -3
BITMAP
00
00
00
00
00
00
00
00
00
00
00
10
10
20
20
00
ENDCHAR
STARTCHAR hyphen
ENCODING 45
SWIDTH 500 0
DWIDTH 8 0
BBX 8 16 0 -3
BITMAP
00
00
00
00
00
00
00
7E
00
00
00
00
00
00
00
00
ENDCHAR
STARTCHAR period
ENCODING 46
SWIDTH 500 0
DWIDTH 8 0
BBX 8 16 0 -3
BITMAP
00
00
00
00
00
00
00
00
00
00
00
10
10
00
00
00
ENDCHAR
STARTCHAR slash
ENCODING 47
SWIDTH 500 0
DWIDTH 8 0
BBX 8 16 0 -3
BITMAP
00
02
02
04
04
08
08
10
10
10
20
20
40
40
00
00
ENDCHAR
STARTCHAR zero
ENCODING 48
SWIDTH 500 0
DWIDTH 8 0
BBX 8 16 0 -3
BITMAP
00
00
3C
42
46
46
4A
4A
52
52
62
62
3C
00
00
00
ENDCHAR
STARTCHAR one
ENCODING 49
SWIDTH 500 0
DWIDTH 8 0
BBX 8 16 0 -3
BITMAP
00
00
18
28
48
08
08
08
08
08
08
08
7E
00
00
00
ENDCHAR
STARTCHAR two
ENCODING 50
SWIDTH 500 0
DWIDTH 8 0
BBX 8 16 0 -3
BITMAP
00
00
3C
42
42
02
04
08
10
20
20
42
7E
00
00
00
ENDCHAR
STARTCHAR three
ENCODING 51
SWIDTH 500 0
DWIDTH 8 0
BBX 8 16 0 -3
BITMAP
00
00
3C
42
42
02
04
18
04
02
42
42
3C
00
00
00
ENDCHAR
STARTCHAR four
ENCODING 52
SWIDTH 500 0
DWIDTH 8 0
BBX 8 16 0 -3
BITMAP
00
00
0C
14
14
24
44
44
84
FE
04
04
1E
00
00
00
ENDCHAR
STARTCHAR five
ENCODING 53
SWIDTH 500 0
DWIDTH 8 0
BBX 8 16 0 -3
BITMAP
00
00
7E
40
40
40
7C
42
02
02
02
42
3C
00
00
00
ENDCHAR
STARTCHAR six
ENCODING 54
SWIDTH 500 0
DWIDTH 8 0
BBX 8 16 0 -3
BITMAP
00
00
1C
22
40
40
7C
42
42
42
42
42
3C
00
00
00
ENDCHAR
STARTCHAR seven
ENCODING 55
SWIDTH 500 0
DWIDTH 8 0
BBX 8 16 0 -3
BITMAP
00
00
7E
42
44
04
08
08
08
10
10
10
10
00
00
00
ENDCHAR
STARTCHAR eight
ENCODING 56
SWIDTH 500 0
DWIDTH 8 0
BBX 8 16 0 -3
BITMAP
00
00
3C
42
42
42
24
18
24
42
42
42
3C
00
00
00
ENDCHAR
STARTCHAR nine
ENCODING 57
SWIDTH 500 0
DWIDTH 8 0
BBX 8 16 0 -3
BITMAP
00
00
3C
42
42
42
42
3E
02
02
02
44
38
00
00
00
ENDCHAR
STARTCHAR colon
ENCODING 58
SWIDTH 500 0
DWIDTH 8 0
BBX 8 16 0 -3
BITMAP
00
00
00
00
00
10
10
00
00
00
00
10
10
00
00
00
ENDCHAR
STARTCHAR semicolon
ENCODING 59
SWIDTH 500 0
DWIDTH 8 0
BBX 8 16 0 -3
BITMAP
00
00
00
00
00
10
10
00
00
00
00
10
10
20
20
00
ENDCHAR
STARTCHAR less
ENCODING 60
SWIDTH 500 0
DWIDTH 8 0
BBX 8 16 0 -3
BITMAP
00
00
02
04
08
10
20
40
20
10
08
04
02
00
00
00
ENDCHAR
STARTCHAR equal
ENCODING 61
SWIDTH 500 0
DWIDTH 8 0
BBX 8 16 0 -3
BITMAP
00
00
00
00
00
7E
00
00
00
7E
00
00
00
00
00
00
ENDCHAR
STARTCHAR greater
ENCODING 62
SWIDTH 500 0
DWIDTH 8 0
BBX 8 16 0 -3
BITMAP
00
00
40
20
10
08
04
02
04
08
10
20
40
00
00
00
ENDCHAR
STARTCHAR question
ENCODING 63
SWIDTH 500 0
DWIDTH 8 0
BBX 8 16 0 -3
BITMAP
00
00
7C
82
82
02
04
08
10
10
00
10
10
00
00
00
ENDCHAR
STARTCHAR at
ENCODING 64
SWIDTH 500 0
DWIDTH 8 0
BBX 8 16 0 -3
BITMAP
00
38
44
82
9E
A2
A2
A2
A2
A6
9A
80
40
3C
00
00
ENDCHAR
STARTCHAR A
ENCODING 65
SWIDTH 500 0
DWIDTH 8 0
BBX 8 16 0 -3
BITMAP
00
00
70
10
28
28
28
44
44
7C
82
82
C6
00
00
00
ENDCHAR
STARTCHAR B
ENCODING 66
SWIDTH 500 0
DWIDTH 8 0
BBX 8 16 0 -3
BITMAP
00
00
FC
42
42
42
44
78
44
42
42
42
FC
00
00
00
ENDCHAR
STARTCHAR C
ENCODING 67
SWIDTH 500 0
DWIDTH 8 0
BBX 8 16 0 -3
BITMAP
00
00
3E
42
82
80
80
80
80
82
82
44
38
00
00
00
ENDCHAR
STARTCHAR D
ENCODING 68
SWIDTH 500 0
DWIDTH 8 0
BBX 8 16 0 -3
BITMAP
00
00
F8
44
42
42
42
42
42
42
42
44
F8
00
00
00
ENDCHAR
STARTCHAR E
ENCODING 69
SWIDTH 500 0
DWIDTH 8 0
BBX 8 16 0 -3
BITMAP
00
00
FE
42
40
40
44
7C
44
40
40
42
FE
00
00
00
ENDCHAR
STARTCHAR F
ENCODING 70
SWIDTH 500 0
DWIDTH 8 0
BBX 8 16 0 -3
BITMAP
00
00
FE
42
40
40
44
7C
44
40
40
40
F0
00
00
00
ENDCHAR
STARTCHAR G
ENCODING 71
SWIDTH 500 0
DWIDTH 8 0
BBX 8 16 0 -3
BITMAP
00
00
3E
42
82
80
80
9E
82
82
82
42
3E
00
00
00
ENDCHAR
STARTCHAR H
ENCODING 72
SWIDTH 500 0
DWIDTH 8 0
BBX 8 16 0 -3
BITMAP
00
00
E6
42
42
42
42
7E
42
42
42
42
E6
00
00
00
ENDCHAR
STARTCHAR I
ENCODING 73
SWIDTH 500 0
DWIDTH 8 0
BBX 8 16 0 -3
BITMAP
00
00
7C
10
10
10
10
10
10
10
10
10
7C
00
00
00
ENDCHAR
STARTCHAR J
ENCODING 74
SWIDTH 500 0
DWIDTH 8 0
BBX 8 16 0 -3
BITMAP
00
00
1E
04
04
04
04
04
04
84
84
88
70
00
00
00
ENDCHAR
STARTCHAR K
ENCODING 75
SWIDTH 500 0
DWIDTH 8 0
BBX 8 16 0 -3
BITMAP
00
00
CE
84
88
90
A0
D0
88
88
84
84
CE
00
00
00
ENDCHAR
STARTCHAR L
ENCODING 76
SWIDTH 500 0
DWIDTH 8 0
BBX 8 16 0 -3
BITMAP
00
00
E0
40
40
40
40
40
40
40
42
42
FE
00
00
00
ENDCHAR
STARTCHAR M
ENCODING 77
SWIDTH 500 0
DWIDTH 8 0
BBX 8 16 0 -3
BITMAP
00
00
82
C6
AA
AA
92
92
82
82
82
82
C6
00
00
00
ENDCHAR
STARTCHAR N
ENCODING 78
SWIDTH 500 0
DWIDTH 8 0
BBX 8 16 0 -3
BITMAP
00
00
C6
42
62
52
52
4A
4A
4A
46
42
E2
00
00
00
ENDCHAR
STARTCHAR O
ENCODING 79
SWIDTH 500 0
DWIDTH 8 0
BBX 8 16 0 -3
BITMAP
00
00
38
44
82
82
82
82
82
82
82
44
38
00
00
00
ENDCHAR
STARTCHAR P
ENCODING 80
SWIDTH 500 0
DWIDTH 8 0
BBX 8 16 0 -3
BITMAP
00
00
FC
42
42
42
42
7C
40
40
40
40
E0
00
00
00
ENDCHAR
STARTCHAR Q
ENCODING 81
SWIDTH 500 0
DWIDTH 8 0
BBX 8 16 0 -3
BITMAP
00
00
38
44
82
82
82
82
82
A2
92
4C
38
04
02
00
ENDCHAR
STARTCHAR R
ENCODING 82
SWIDTH 500 0
DWIDTH 8 0
BBX 8 16 0 -3
BITMAP
00
00
FC
42
42
42
42
7C
44
44
42
42
E6
00
00
00
ENDCHAR
STARTCHAR S
ENCODING 83
SWIDTH 500 0
DWIDTH 8 0
BBX 8 16 0 -3
BITMAP
00
00
3E
42
40
40
40
3C
02
02
02
42
7C
00
00
00
ENDCHAR
STARTCHAR T
ENCODING 84
SWIDTH 500 0
DWIDTH 8 0
BBX 8 16 0 -3
BITMAP
00
00
FE
92
92
10
10
10
10
10
10
10
38
00
00
00
ENDCHAR
STARTCHAR U
ENCODING 85
SWIDTH 500 0
DWIDTH 8 0
BBX 8 16 0 -3
BITMAP
00
00
E6
42
42
42
42
42
42
42
42
44
38
00
00
00
ENDCHAR
STARTCHAR V
ENCODING 86
SWIDTH 500 0
DWIDTH 8 0
BBX 8 16 0 -3
BITMAP
00
00
C6
82
82
44
44
44
28
28
28
10
10
00
00
00
ENDCHAR
STARTCHAR W
ENCODING 87
SWIDTH 500 0
DWIDTH 8 0
BBX 8 16 0 -3
BITMAP
00
00
C6
82
82
92
92
92
54
54
54
6C
44
00
00
00
ENDCHAR
STARTCHAR X
ENCODING 88
SWIDTH 500 0
DWIDTH 8 0
BBX 8 16 0 -3
BITMAP
00
00
C6
44
44
28
28
10
28
28
44
44
C6
00
00
00
ENDCHAR
STARTCHAR Y
ENCODING 89
SWIDTH 500 0
DWIDTH 8 0
BBX 8 16 0 -3
BITMAP
00
00
C6
82
44
44
28
28
10
10
10
10
38
00
00
00
ENDCHAR
STARTCHAR Z
ENCODING 90
SWIDTH 500 0
DWIDTH 8 0
BBX 8 16 0 -3
BITMAP
00
00
7E
42
04
04
08
10
10
20
20
42
7E
00
00
00
ENDCHAR
STARTCHAR bracketleft
ENCODING 91
SWIDTH 500 0
DWIDTH 8 0
BBX 8 16 0 -3
BITMAP
00
3C
20
20
20
20
20
20
20
20
20
20
20
3C
00
00
ENDCHAR
STARTCHAR backslash
ENCODING 92
SWIDTH 500 0
DWIDTH 8 0
BBX 8 16 0 -3
BITMAP
00
40
40
20
20
10
10
08
08
08
04
04
02
02
00
00
ENDCHAR
STARTCHAR bracketright
ENCODING 93
SWIDTH 500 0
DWIDTH 8 0
BBX 8 16 0 -3
BITMAP
00
78
08
08
08
08
08
08
08
08
08
08
08
78
00
00
ENDCHAR
STARTCHAR asciicircum
ENCODING 94
SWIDTH 500 0
DWIDTH 8 0
BBX 8 16 0 -3
BITMAP
00
10
28
44
82
00
00
00
00
00
00
00
00
00
00
00
ENDCHAR
STARTCHAR underscore
ENCODING 95
SWIDTH 500 0
DWIDTH 8 0
BBX 8 16 0 -3
BITMAP
00
00
00
00
00
00
00
00
00
00
00
00
00
00
FF
00
ENDCHAR
STARTCHAR grave
ENCODING 96
SWIDTH 500 0
DWIDTH 8 0
BBX 8 16 0 -3
BITMAP
00
20
20
10
10
00
00
00
00
00
00
00
00
00
00
00
ENDCHAR
STARTCHAR a
ENCODING 97
SWIDTH 500 0
DWIDTH 8 0
BBX 8 16 0 -3
BITMAP
00
00
00
00
00
78
84
04
7C
84
84
8C
76
00
00
00
ENDCHAR
STARTCHAR b
ENCODING 98
SWIDTH 500 0
DWIDTH 8 0
BBX 8 16 0 -3
BITMAP
00
00
C0
40
40
5C
62
42
42
42
42
62
DC
00
00
00
ENDCHAR
STARTCHAR c
ENCODING 99
SWIDTH 500 0
DWIDTH 8 0
BBX 8 16 0 -3
BITMAP
00
00
00
00
00
3E
42
40
40
40
42
42
3C
00
00
00
ENDCHAR
STARTCHAR d
ENCODING 100
SWIDTH 500 0
DWIDTH 8 0
BBX 8 16 0 -3
BITMAP
00
00
0C
04
04
74
8C
84
84
84
84
8C
76
00
00
00
ENDCHAR
STARTCHAR e
ENCODING 101
SWIDTH 500 0
DWIDTH 8 0
BBX 8 16 0 -3
BITMAP
00
00
00
00
00
3C
42
42
7E
40
40
42
3C
00
00
00
ENDCHAR
STARTCHAR f
ENCODING 102
SWIDTH 500 0
DWIDTH 8 0
BBX 8 16 0 -3
BITMAP
00
00
0E
12
10
7E
10
10
10
10
10
10
7C
00
00
00
ENDCHAR
STARTCHAR g
ENCODING 103
SWIDTH 500 0
DWIDTH 8 0
BBX 8 16 0 -3
BITMAP
00
00
00
00
00
76
8C
84
84
84
8C
74
04
84
78
00
ENDCHAR
STARTCHAR h
ENCODING 104
SWIDTH 500 0
DWIDTH 8 0
BBX 8 16 0 -3
BITMAP
00
00
C0
40
40
5C
62
42
42
42
42
42
C6
00
00
00
ENDCHAR
STARTCHAR i
ENCODING 105
SWIDTH 500 0
DWIDTH 8 0
BBX 8 16 0 -3
BITMAP
00
00
18
00
00
38
08
08
08
08
08
08
7E
00
00
00
ENDCHAR
STARTCHAR j
ENCODING 106
SWIDTH 500 0
DWIDTH 8 0
BBX 8 16 0 -3
BITMAP
00
00
0C
00
00
1C
04
04
04
04
04
04
84
88
70
00
ENDCHAR
STARTCHAR k
ENCODING 107
SWIDTH 500 0
DWIDTH 8 0
BBX 8 16 0 -3
BITMAP
00
00
C0
40
40
4E
44
48
50
68
44
42
C6
00
00
00
ENDCHAR
STARTCHAR l
ENCODING 108
SWIDTH 500 0
DWIDTH 8 0
BBX 8 16 0 -3
BITMAP
00
00
38
08
08
08
08
08
08
08
08
08
7E
00
00
00
ENDCHAR
STARTCHAR m
ENCODING 109
SWIDTH 500 0
DWIDTH 8 0
BBX 8 16 0 -3
BITMAP
00
00
00
00
00
AC
D2
92
92
92
92
92
D6
00
00
00
ENDCHAR
STARTCHAR n
ENCODING 110
SWIDTH 500 0
DWIDTH 8 0
BBX 8 16 0 -3
BITMAP
00
00
00
00
00
DC
62
42
42
42
42
42
E6
00
00
00
ENDCHAR
STARTCHAR o
ENCODING 111
SWIDTH 500 0
DWIDTH 8 0
BBX 8 16 0 -3
BITMAP
00
00
00
00
00
3C
42
42
42
42
42
42
3C
00
00
00
ENDCHAR
STARTCHAR p
ENCODING 112
SWIDTH 500 0
DWIDTH 8 0
BBX 8 16 0 -3
BITMAP
00
00
00
00
00
DC
62
42
42
42
62
5C
40
40
E0
00
ENDCHAR
STARTCHAR q
ENCODING 113
SWIDTH 500 0
DWIDTH 8 0
BBX 8 16 0 -3
BITMAP
00
00
00
00
00
76
8C
84
84
84
8C
74
04
04
0E
00
ENDCHAR
STARTCHAR r
ENCODING 114
SWIDTH 500 0
DWIDTH 8 0
BBX 8 16 0 -3
BITMAP
00
00
00
00
00
6E
32
20
20
20
20
20
70
00
00
00
ENDCHAR
STARTCHAR s
ENCODING 115
SWIDTH 500 0
DWIDTH 8 0
BBX 8 16 0 -3
BITMAP
00
00
00
00
00
3E
42
40
30
0C
02
42
7C
00
00
00
ENDCHAR
STARTCHAR t
ENCODING 116
SWIDTH 500 0
DWIDTH 8 0
BBX 8 16 0 -3
BITMAP
00
00
00
20
20
FC
20
20
20
20
20
20
1C
00
00
00
ENDCHAR
STARTCHAR u
ENCODING 117
SWIDTH 500 0
DWIDTH 8 0
BBX 8 16 0 -3
BITMAP
00
00
00
00
00
C6
42
42
42
42
42
46
3A
00
00
00
ENDCHAR
STARTCHAR v
ENCODING 118
SWIDTH 500 0
DWIDTH 8 0
BBX 8 16 0 -3
BITMAP
00
00
00
00
00
C6
82
82
44
44
28
28
10
00
00
00
ENDCHAR
STARTCHAR w
ENCODING 119
SWIDTH 500 0
DWIDTH 8 0
BBX 8 16 0 -3
BITMAP
00
00
00
00
00
C6
82
92
92
92
54
6C
44
00
00
00
ENDCHAR
STARTCHAR x
ENCODING 120
SWIDTH 500 0
DWIDTH 8 0
BBX 8 16 0 -3
BITMAP
00
00
00
00
00
EE
44
28
10
10
28
44
EE
00
00
00
ENDCHAR
STARTCHAR y
ENCODING 121
SWIDTH 500 0
DWIDTH 8 0
BBX 8 16 0 -3
BITMAP
00
00
00
00
00
C6
82
82
44
44
28
28
10
10
60
00
ENDCHAR
STARTCHAR z
ENCODING 122
SWIDTH 500 0
DWIDTH 8 0
BBX 8 16 0 -3
BITMAP
00
00
00
00
00
7E
42
04
08
10
20
42
7E
00
00
00
ENDCHAR
STARTCHAR braceleft
ENCODING 123
SWIDTH 500 0
DWIDTH 8 0
BBX 8 16 0 -3
BITMAP
00
0C
10
10
10
10
10
60
10
10
10
10
10
0C
00
00
ENDCHAR
STARTCHAR bar
ENCODING 124
SWIDTH 500 0
DWIDTH 8 0
BBX 8 16 0 -3
BITMAP
00
00
10
10
10
10
10
00
10
10
10
10
10
00
00
00
ENDCHAR
STARTCHAR braceright
ENCODING 125
SWIDTH 500 0
DWIDTH 8 0
BBX 8 16 0 -3
BITMAP
00
60
10
10
10
10
10
0C
10
10
10
10
10
60
00
00
ENDCHAR
STARTCHAR asciitilde
ENCODING 126
SWIDTH 500 0
DWIDTH 8 0
BBX 8 16 0 -3
BITMAP
00
62
92
8C
00
00
00
00
00
00
00
00
00
00
00
00
ENDCHAR
STARTCHAR uni007F
ENCODING 127
SWIDTH 500 0
DWIDTH 8 0
BBX 8 16 0 -3
BITMAP
00
00
00
00
10
10
28
28
44
44
82
82
FE
00
00
00
ENDCHAR
STARTCHAR uni00A0
ENCODING 160
SWIDTH 500 0
DWIDTH 8 0
BBX 8 16 0 -3
BITMAP
00
00
00
00
00
00
00
00
00
00
00
00
00
00
00
00
ENDCHAR
STARTCHAR exclamdown
ENCODING 161
SWIDTH 500 0
DWIDTH 8 0
BBX 8 16 0 -3
BITMAP
00
00
00
00
10
10
00
00
10
10
10
38
38
38
10
00
ENDCHAR
STARTCHAR cent
ENCODING 162
SWIDTH 500 0
DWIDTH 8 0
BBX 8 16 0 -3
BITMAP
00
00
00
10
10
3E
42
40
40
40
42
42
3C
10
10
00
ENDCHAR
STARTCHAR sterling
ENCODING 163
SWIDTH 500 0
DWIDTH 8 0
BBX 8 16 0 -3
BITMAP
00
00
1C
22
20
20
7C
20
20
20
20
62
9C
00
00
00
ENDCHAR
STARTCHAR currency
ENCODING 164
SWIDTH 500 0
DWIDTH 8 0
BBX 8 16 0 -3
BITMAP
00
00
00
00
00
5A
24
42
42
42
42
24
5A
00
00
00
ENDCHAR
STARTCHAR yen
ENCODING 165
SWIDTH 500 0
DWIDTH 8 0
BBX 8 16 0 -3
BITMAP
00
00
C6
82
44
44
28
EE
10
FE
10
10
38
00
00
00
ENDCHAR
STARTCHAR brokenbar
ENCODING 166
SWIDTH 500 0
DWIDTH 8 0
BBX 8 16 0 -3
BITMAP
00
00
10
10
10
10
10
00
10
10
10
10
10
00
00
00
ENDCHAR
STARTCHAR section
ENCODING 167
SWIDTH 500 0
DWIDTH 8 0
BBX 8 16 0 -3
BITMAP
00
38
44
40
20
58
84
82
42
34
08
04
44
38
00
00
ENDCHAR
STARTCHAR dieresis
ENCODING 168
SWIDTH 500 0
DWIDTH 8 0
BBX 8 16 0 -3
BITMAP
6C
00
00
00
00
00
00
00
00
00
00
00
00
00
00
00
ENDCHAR
STARTCHAR copyright
ENCODING 169
SWIDTH 500 0
DWIDTH 8 0
BBX 8 16 0 -3
BITMAP
00
00
38
44
9A
A2
A2
A2
9A
44
38
00
00
00
00
00
ENDCHAR
STARTCHAR ordfeminine
ENCODING 170
SWIDTH 500 0
DWIDTH 8 0
BBX 8 16 0 -3
BITMAP
00
00
00
00
00
78
84
04
7C
84
84
8C
76
00
FE
00
ENDCHAR
STARTCHAR guillemotleft
ENCODING 171
SWIDTH 500 0
DWIDTH 8 0
BBX 8 16 0 -3
BITMAP
00
00
00
00
12
24
48
90
48
24
12
00
00
00
00
00
ENDCHAR
STARTCHAR logicalnot
ENCODING 172
SWIDTH 500 0
DWIDTH 8 0
BBX 8 16 0 -3
BITMAP
00
00
00
00
00
7E
02
02
02
02
02
00
00
00
00
00
ENDCHAR
STARTCHAR uni00AD
ENCODING 173
SWIDTH 500 0
DWIDTH 8 0
BBX 8 16 0 -3
BITMAP
00
00
00
00
00
00
00
7E
00
00
00
00
00
00
00
00
ENDCHAR
STARTCHAR registered
ENCODING 174
SWIDTH 500 0
DWIDTH 8 0
BBX 8 16 0 -3
BITMAP
00
00
38
44
B2
AA
B2
AA
AA
44
38
00
00
00
00
00
ENDCHAR
STARTCHAR macron
ENCODING 175
SWIDTH 500 0
DWIDTH 8 0
BBX 8 16 0 -3
BITMAP
00
FF
00
00
00
00
00
00
00
00
00
00
00
00
00
00
ENDCHAR
STARTCHAR degree
ENCODING 176
SWIDTH 500 0
DWIDTH 8 0
BBX 8 16 0 -3
BITMAP
00
18
24
24
18
00
00
00
00
00
00
00
00
00
00
00
ENDCHAR
STARTCHAR plusminus
ENCODING 177
SWIDTH 500 0
DWIDTH 8 0
BBX 8 16 0 -3
BITMAP
00
00
10
10
10
FE
10
10
10
00
00
FE
00
00
00
00
ENDCHAR
STARTCHAR uni00B2
ENCODING 178
SWIDTH 500 0
DWIDTH 8 0
BBX 8 16 0 -3
BITMAP
30
48
10
20
78
00
00
00
00
00
00
00
00
00
00
00
ENDCHAR
STARTCHAR uni00B3
ENCODING 179
SWIDTH 500 0
DWIDTH 8 0
BBX 8 16 0 -3
BITMAP
70
08
30
08
70
00
00
00
00
00
00
00
00
00
00
00
ENDCHAR
STARTCHAR acute
ENCODING 180
SWIDTH 500 0
DWIDTH 8 0
BBX 8 16 0 -3
BITMAP
18
60
00
00
00
00
00
00
00
00
00
00
00
00
00
00
ENDCHAR
STARTCHAR mu
ENCODING 181
SWIDTH 500 0
DWIDTH 8 0
BBX 8 16 0 -3
BITMAP
00
00
00
00
00
CC
44
44
44
44
44
64
5A
40
40
00
ENDCHAR
STARTCHAR paragraph
ENCODING 182
SWIDTH 500 0
DWIDTH 8 0
BBX 8 16 0 -3
BITMAP
00
00
7F
92
92
92
92
72
12
12
12
12
12
00
00
00
ENDCHAR
STARTCHAR periodcentered
ENCODING 183
SWIDTH 500 0
DWIDTH 8 0
BBX 8 16 0 -3
BITMAP
00
00
00
00
00
00
38
38
00
00
00
00
00
00
00
00
ENDCHAR
STARTCHAR cedilla
ENCODING 184
SWIDTH 500 0
DWIDTH 8 0
BBX 8 16 0 -3
BITMAP
00
00
00
00
00
00
00
00
00
00
00
00
08
04
38
00
ENDCHAR
STARTCHAR uni00B9
ENCODING 185
SWIDTH 500 0
DWIDTH 8 0
BBX 8 16 0 -3
BITMAP
60
20
20
20
70
00
00
00
00
00
00
00
00
00
00
00
ENDCHAR
STARTCHAR ordmasculine
ENCODING 186
SWIDTH 500 0
DWIDTH 8 0
BBX 8 16 0 -3
BITMAP
00
00
00
00
00
3C
42
42
42
42
42
42
3C
00
7E
00
ENDCHAR
STARTCHAR guillemotright
ENCODING 187
SWIDTH 500 0
DWIDTH 8 0
BBX 8 16 0 -3
BITMAP
00
00
00
00
90
48
24
12
24
48
90
00
00
00
00
00
ENDCHAR
STARTCHAR onequarter
ENCODING 188
SWIDTH 500 0
DWIDTH 8 0
BBX 8 16 0 -3
BITMAP
C0
40
40
40
42
E4
08
10
24
4C
94
24
3E
04
0E
00
ENDCHAR
STARTCHAR onehalf
ENCODING 189
SWIDTH 500 0
DWIDTH 8 0
BBX 8 16 0 -3
BITMAP
C0
40
40
42
44
E8
10
20
4C
92
12
04
08
10
1E
00
ENDCHAR
STARTCHAR threequarters
ENCODING 190
SWIDTH 500 0
DWIDTH 8 0
BBX 8 16 0 -3
BITMAP
E0
10
60
10
12
E4
08
10
24
4C
94
24
3E
04
0E
00
ENDCHAR
STARTCHAR questiondown
ENCODING 191
SWIDTH 500 0
DWIDTH 8 0
BBX 8 16 0 -3
BITMAP
00
00
00
00
10
10
00
10
10
20
40
80
82
82
7C
00
ENDCHAR
STARTCHAR Agrave
ENCODING 192
SWIDTH 500 0
DWIDTH 8 0
BBX 8 16 0 -3
BITMAP
60
18
00
70
10
28
28
44
44
7C
82
82
C6
00
00
00
ENDCHAR
STARTCHAR Aacute
ENCODING 193
SWIDTH 500 0
DWIDTH 8 0
BBX 8 16 0 -3
BITMAP
18
60
00
70
10
28
28
44
44
7C
82
82
C6
00
00
00
ENDCHAR
STARTCHAR Acircumflex
ENCODING 194
SWIDTH 500 0
DWIDTH 8 0
BBX 8 16 0 -3
BITMAP
10
28
44
10
10
28
28
44
44
7C
82
82
C6
00
00
00
ENDCHAR
STARTCHAR Atilde
ENCODING 195
SWIDTH 500 0
DWIDTH 8 0
BBX 8 16 0 -3
BITMAP
64
98
00
30
10
28
28
44
44
7C
82
82
C6
00
00
00
ENDCHAR
STARTCHAR Adieresis
ENCODING 196
SWIDTH 500 0
DWIDTH 8 0
BBX 8 16 0 -3
BITMAP
6C
00
70
10
28
28
28
44
44
7C
82
82
C6
00
00
00
ENDCHAR
STARTCHAR Aring
ENCODING 197
SWIDTH 500 0
DWIDTH 8 0
BBX 8 16 0 -3
BITMAP
30
48
30
00
70
28
28
44
44
7C
82
82
C6
00
00
00
ENDCHAR
STARTCHAR AE
ENCODING 198
SWIDTH 500 0
DWIDTH 8 0
BBX 8 16 0 -3
BITMAP
00
00
3E
1A
28
28
28
4E
48
78
88
8A
CE
00
00
00
ENDCHAR
STARTCHAR Ccedilla
ENCODING 199
SWIDTH 500 0
DWIDTH 8 0
BBX 8 16 0 -3
BITMAP
00
00
3E
42
80
80
80
80
82
82
44
38
08
04
38
00
ENDCHAR
STARTCHAR Egrave
ENCODING 200
SWIDTH 500 0
DWIDTH 8 0
BBX 8 16 0 -3
BITMAP
30
0C
00
FE
42
40
44
7C
44
40
40
42
FE
00
00
00
ENDCHAR
STARTCHAR Eacute
ENCODING 201
SWIDTH 500 0
DWIDTH 8 0
BBX 8 16 0 -3
BITMAP
0C
30
00
FE
42
40
44
7C
44
40
40
42
FE
00
00
00
ENDCHAR
STARTCHAR Ecircumflex
ENCODING 202
SWIDTH 500 0
DWIDTH 8 0
BBX 8 16 0 -3
BITMAP
10
28
44
00
FE
42
40
44
7C
44
40
42
FE
00
00
00
ENDCHAR
STARTCHAR Edieresis
ENCODING 203
SWIDTH 500 0
DWIDTH 8 0
BBX 8 16 0 -3
BITMAP
6C
00
FE
42
40
40
44
7C
44
40
40
42
FE
00
00
00
ENDCHAR
STARTCHAR Igrave
ENCODING 204
SWIDTH 500 0
DWIDTH 8 0
BBX 8 16 0 -3
BITMAP
60
18
00
7C
10
10
10
10
10
10
10
10
7C
00
00
00
ENDCHAR
STARTCHAR Iacute
ENCODING 205
SWIDTH 500 0
DWIDTH 8 0
BBX 8 16 0 -3
BITMAP
18
60
00
7C
10
10
10
10
10
10
10
10
7C
00
00
00
ENDCHAR
STARTCHAR Icircumflex
ENCODING 206
SWIDTH 500 0
DWIDTH 8 0
BBX 8 16 0 -3
BITMAP
10
28
44
00
7C
10
10
10
10
10
10
10
7C
00
00
00
ENDCHAR
STARTCHAR Idieresis
ENCODING 207
SWIDTH 500 0
DWIDTH 8 0
BBX 8 16 0 -3
BITMAP
6C
00
7C
10
10
10
10
10
10
10
10
10
7C
00
00
00
ENDCHAR
STARTCHAR Eth
ENCODING 208
SWIDTH 500 0
DWIDTH 8 0
BBX 8 16 0 -3
BITMAP
00
00
F8
44
42
42
42
F2
42
42
42
44
F8
00
00
00
ENDCHAR
STARTCHAR Ntilde
ENCODING 209
SWIDTH 500 0
DWIDTH 8 0
BBX 8 16 0 -3
BITMAP
32
4C
00
C6
42
62
52
52
4A
4A
46
42
E2
00
00
00
ENDCHAR
STARTCHAR Ograve
ENCODING 210
SWIDTH 500 0
DWIDTH 8 0
BBX 8 16 0 -3
BITMAP
60
18
00
38
44
82
82
82
82
82
82
44
38
00
00
00
ENDCHAR
STARTCHAR Oacute
ENCODING 211
SWIDTH 500 0
DWIDTH 8 0
BBX 8 16 0 -3
BITMAP
18
60
00
38
44
82
82
82
82
82
82
44
38
00
00
00
ENDCHAR
STARTCHAR Ocircumflex
ENCODING 212
SWIDTH 500 0
DWIDTH 8 0
BBX 8 16 0 -3
BITMAP
10
28
44
00
38
44
82
82
82
82
82
44
38
00
00
00
ENDCHAR
STARTCHAR Otilde
ENCODING 213
SWIDTH 500 0
DWIDTH 8 0
BBX 8 16 0 -3
BITMAP
64
98
00
38
44
82
82
82
82
82
82
44
38
00
00
00
ENDCHAR
STARTCHAR Odieresis
ENCODING 214
SWIDTH 500 0
DWIDTH 8 0
BBX 8 16 0 -3
BITMAP
6C
00
38
44
82
82
82
82
82
82
82
44
38
00
00
00
ENDCHAR
STARTCHAR multiply
ENCODING 215
SWIDTH 500 0
DWIDTH 8 0
BBX 8 16 0 -3
BITMAP
00
00
00
00
00
EE
44
28
10
10
28
44
EE
00
00
00
ENDCHAR
STARTCHAR Oslash
ENCODING 216
SWIDTH 500 0
DWIDTH 8 0
BBX 8 16 0 -3
BITMAP
00
00
3A
44
8A
8A
92
92
92
A2
A2
44
B8
00
00
00
ENDCHAR
STARTCHAR Ugrave
ENCODING 217
SWIDTH 500 0
DWIDTH 8 0
BBX 8 16 0 -3
BITMAP
30
0C
00
E6
42
42
42
42
42
42
42
44
38
00
00
00
ENDCHAR
STARTCHAR Uacute
ENCODING 218
SWIDTH 500 0
DWIDTH 8 0
BBX 8 16 0 -3
BITMAP
0C
30
00
E6
42
42
42
42
42
42
42
44
38
00
00
00
ENDCHAR
STARTCHAR Ucircumflex
ENCODING 219
SWIDTH 500 0
DWIDTH 8 0
BBX 8 16 0 -3
BITMAP
10
28
44
00
E6
42
42
42
42
42
42
44
38
00
00
00
ENDCHAR
STARTCHAR Udieresis
ENCODING 220
SWIDTH 500 0
DWIDTH 8 0
BBX 8 16 0 -3
BITMAP
6C
00
E6
42
42
42
42
42
42
42
42
44
38
00
00
00
ENDCHAR
STARTCHAR Yacute
ENCODING 221
SWIDTH 500 0
DWIDTH 8 0
BBX 8 16 0 -3
BITMAP
18
60
00
C6
82
44
44
28
28
10
10
10
38
00
00
00
ENDCHAR
STARTCHAR Thorn
ENCODING 222
SWIDTH 500 0
DWIDTH 8 0
BBX 8 16 0 -3
BITMAP
00
00
E0
40
5C
62
42
42
42
62
5C
40
E0
00
00
00
ENDCHAR
STARTCHAR germandbls
ENCODING 223
SWIDTH 500 0
DWIDTH 8 0
BBX 8 16 0 -3
BITMAP
00
00
38
44
44
44
58
44
42
42
42
42
5C
40
40
00
ENDCHAR
STARTCHAR agrave
ENCODING 224
SWIDTH 500 0
DWIDTH 8 0
BBX 8 16 0 -3
BITMAP
00
60
18
00
00
78
84
04
7C
84
84
8C
76
00
00
00
ENDCHAR
STARTCHAR aacute
ENCODING 225
SWIDTH 500 0
DWIDTH 8 0
BBX 8 16 0 -3
BITMAP
00
18
60
00
00
78
84
04
7C
84
84
8C
76
00
00
00
ENDCHAR
STARTCHAR acircumflex
ENCODING 226
SWIDTH 500 0
DWIDTH 8 0
BBX 8 16 0 -3
BITMAP
00
10
28
44
00
78
84
04
7C
84
84
8C
76
00
00
00
ENDCHAR
STARTCHAR atilde
ENCODING 227
SWIDTH 500 0
DWIDTH 8 0
BBX 8 16 0 -3
BITMAP
00
64
98
00
00
78
84
04
7C
84
84
8C
76
00
00
00
ENDCHAR
STARTCHAR adieresis
ENCODING 228
SWIDTH 500 0
DWIDTH 8 0
BBX 8 16 0 -3
BITMAP
00
00
6C
00
00
78
84
04
7C
84
84
8C
76
00
00
00
ENDCHAR
STARTCHAR aring
ENCODING 229
SWIDTH 500 0
DWIDTH 8 0
BBX 8 16 0 -3
BITMAP
00
30
48
30
00
78
84
04
7C
84
84
8C
76
00
00
00
ENDCHAR
STARTCHAR ae
ENCODING 230
SWIDTH 500 0
DWIDTH 8 0
BBX 8 16 0 -3
BITMAP
00
00
00
00
00
6C
92
12
7E
90
90
92
6C
00
00
00
ENDCHAR
STARTCHAR ccedilla
ENCODING 231
SWIDTH 500 0
DWIDTH 8 0
BBX 8 16 0 -3
BITMAP
00
00
00
00
00
3E
42
40
40
42
42
3C
08
04
38
00
ENDCHAR
STARTCHAR egrave
ENCODING 232
SWIDTH 500 0
DWIDTH 8 0
BBX 8 16 0 -3
BITMAP
00
30
0C
00
00
3C
42
42
7E
40
40
42
3C
00
00
00
ENDCHAR
STARTCHAR eacute
ENCODING 233
SWIDTH 500 0
DWIDTH 8 0
BBX 8 16 0 -3
BITMAP
00
0C
30
00
00
3C
42
42
7E
40
40
42
3C
00
00
00
ENDCHAR
STARTCHAR ecircumflex
ENCODING 234
SWIDTH 500 0
DWIDTH 8 0
BBX 8 16 0 -3
BITMAP
00
10
28
44
00
3C
42
42
7E
40
40
42
3C
00
00
00
ENDCHAR
STARTCHAR edieresis
ENCODING 235
SWIDTH 500 0
DWIDTH 8 0
BBX 8 16 0 -3
BITMAP
00
00
6C
00
00
3C
42
42
7E
40
40
42
3C
00
00
00
ENDCHAR
STARTCHAR igrave
ENCODING 236
SWIDTH 500 0
DWIDTH 8 0
BBX 8 16 0 -3
BITMAP
00
30
0C
00
00
38
08
08
08
08
08
08
7E
00
00
00
ENDCHAR
STARTCHAR iacute
ENCODING 237
SWIDTH 500 0
DWIDTH 8 0
BBX 8 16 0 -3
BITMAP
00
18
60
00
00
38
08
08
08
08
08
08
7E
00
00
00
ENDCHAR
STARTCHAR icircumflex
ENCODING 238
SWIDTH 500 0
DWIDTH 8 0
BBX 8 16 0 -3
BITMAP
00
10
28
44
00
38
08
08
08
08
08
08
7E
00
00
00
ENDCHAR
STARTCHAR idieresis
ENCODING 239
SWIDTH 500 0
DWIDTH 8 0
BBX 8 16 0 -3
BITMAP
00
00
6C
00
00
38
08
08
08
08
08
08
7E
00
00
00
ENDCHAR
STARTCHAR eth
ENCODING 240
SWIDTH 500 0
DWIDTH 8 0
BBX 8 16 0 -3
BITMAP
00
00
28
10
28
04
3C
42
42
42
42
42
3C
00
00
00
ENDCHAR
STARTCHAR ntilde
ENCODING 241
SWIDTH 500 0
DWIDTH 8 0
BBX 8 16 0 -3
BITMAP
00
32
4C
00
00
DC
62
42
42
42
42
42
E6
00
00
00
ENDCHAR
STARTCHAR ograve
ENCODING 242
SWIDTH 500 0
DWIDTH 8 0
BBX 8 16 0 -3
BITMAP
00
30
0C
00
00
3C
42
42
42
42
42
42
3C
00
00
00
ENDCHAR
STARTCHAR oacute
ENCODING 243
SWIDTH 500 0
DWIDTH 8 0
BBX 8 16 0 -3
BITMAP
00
18
60
00
00
3C
42
42
42
42
42
42
3C
00
00
00
ENDCHAR
STARTCHAR ocircumflex
ENCODING 244
SWIDTH 500 0
DWIDTH 8 0
BBX 8 16 0 -3
BITMAP
00
10
28
44
00
3C
42
42
42
42
42
42
3C
00
00
00
ENDCHAR
STARTCHAR otilde
ENCODING 245
SWIDTH 500 0
DWIDTH 8 0
BBX 8 16 0 -3
BITMAP
00
32
4C
00
00
3C
42
42
42
42
42
42
3C
00
00
00
ENDCHAR
STARTCHAR odieresis
ENCODING 246
SWIDTH 500 0
DWIDTH 8 0
BBX 8 16 0 -3
BITMAP
00
00
6C
00
00
3C
42
42
42
42
42
42
3C
00
00
00
ENDCHAR
STARTCHAR divide
ENCODING 247
SWIDTH 500 0
DWIDTH 8 0
BBX 8 16 0 -3
BITMAP
00
00
10
10
00
00
00
FE
00
00
00
10
10
00
00
00
ENDCHAR
STARTCHAR oslash
ENCODING 248
SWIDTH 500 0
DWIDTH 8 0
BBX 8 16 0 -3
BITMAP
00
00
00
00
00
3A
44
4A
4A
52
52
22
5C
00
00
00
ENDCHAR
STARTCHAR ugrave
ENCODING 249
SWIDTH 500 0
DWIDTH 8 0
BBX 8 16 0 -3
BITMAP
00
30
0C
00
00
C6
42
42
42
42
42
46
3A
00
00
00
ENDCHAR
STARTCHAR uacute
ENCODING 250
SWIDTH 500 0
DWIDTH 8 0
BBX 8 16 0 -3
BITMAP
00
18
60
00
00
C6
42
42
42
42
42
46
3A
00
00
00
ENDCHAR
STARTCHAR ucircumflex
ENCODING 251
SWIDTH 500 0
DWIDTH 8 0
BBX 8 16 0 -3
BITMAP
00
10
28
44
00
C6
42
42
42
42
42
46
3A
00
00
00
ENDCHAR
STARTCHAR udieresis
ENCODING 252
SWIDTH 500 0
DWIDTH 8 0
BBX 8 16 0 -3
BITMAP
00
00
6C
00
00
C6
42
42
42
42
42
46
3A
00
00
00
ENDCHAR
STARTCHAR yacute
ENCODING 253
SWIDTH 500 0
DWIDTH 8 0
BBX 8 16 0 -3
BITMAP
00
18
60
00
00
C6
82
82
44
44
28
28
10
10
60
00
ENDCHAR
STARTCHAR thorn
ENCODING 254
SWIDTH 500 0
DWIDTH 8 0
BBX 8 16 0 -3
BITMAP
00
00
C0
40
40
5C
62
42
42
42
62
5C
40
40
E0
00
ENDCHAR
STARTCHAR ydieresis
ENCODING 255
SWIDTH 500 0
DWIDTH 8 0
BBX 8 16 0 -3
BITMAP
00
00
6C
00
00
C6
82
82
44
44
28
28
10
10
60
00
ENDCHAR
STARTCHAR Amacron
ENCODING 256
SWIDTH 500 0
DWIDTH 8 0
BBX 8 16 0 -3
BITMAP
FC
00
70
10
28
28
28
44
44
7C
82
82
C6
00
00
00
ENDCHAR
STARTCHAR amacron
ENCODING 257
SWIDTH 500 0
DWIDTH 8 0
BBX 8 16 0 -3
BITMAP
00
00
7C
00
00
78
84
04
7C
84
84
8C
76
00
00
00
ENDCHAR
STARTCHAR Abreve
ENCODING 258
SWIDTH 500 0
DWIDTH 8 0
BBX 8 16 0 -3
BITMAP
44
38
00
30
10
28
28
44
44
7C
82
82
C6
00
00
00
ENDCHAR
STARTCHAR abreve
ENCODING 259
SWIDTH 500 0
DWIDTH 8 0
BBX 8 16 0 -3
BITMAP
00
44
38
00
00
78
84
04
7C
84
84
8C
76
00
00
00
ENDCHAR
STARTCHAR Aogonek
ENCODING 260
SWIDTH 500 0
DWIDTH 8 0
BBX 8 16 0 -3
BITMAP
00
00
70
10
28
28
28
44
44
7C
82
82
C6
08
0E
00
ENDCHAR
STARTCHAR aogonek
ENCODING 261
SWIDTH 500 0
DWIDTH 8 0
BBX 8 16 0 -3
BITMAP
00
00
00
00
00
78
84
04
7C
84
84
8C
76
08
0E
00
ENDCHAR
STARTCHAR Cacute
ENCODING 262
SWIDTH 500 0
DWIDTH 8 0
BBX 8 16 0 -3
BITMAP
0C
30
00
3E
42
80
80
80
80
82
82
44
38
00
00
00
ENDCHAR
STARTCHAR cacute
ENCODING 263
SWIDTH 500 0
DWIDTH 8 0
BBX 8 16 0 -3
BITMAP
00
0C
30
00
00
3E
42
40
40
40
42
42
3C
00
00
00
ENDCHAR
STARTCHAR Ccircumflex
ENCODING 264
SWIDTH 500 0
DWIDTH 8 0
BBX 8 16 0 -3
BITMAP
08
14
22
00
3E
42
80
80
80
80
82
44
38
00
00
00
ENDCHAR
STARTCHAR ccircumflex
ENCODING 265
SWIDTH 500 0
DWIDTH 8 0
BBX 8 16 0 -3
BITMAP
00
10
28
44
00
3E
42
40
40
40
42
42
3C
00
00
00
ENDCHAR
STARTCHAR Cdotaccent
ENCODING 266
SWIDTH 500 0
DWIDTH 8 0
BBX 8 16 0 -3
BITMAP
18
00
3E
42
82
80
80
80
80
82
82
44
38
00
00
00
ENDCHAR
STARTCHAR cdotaccent
ENCODING 267
SWIDTH 500 0
DWIDTH 8 0
BBX 8 16 0 -3
BITMAP
00
00
18
00
00
3E
42
40
40
40
42
42
3C
00
00
00
ENDCHAR
STARTCHAR Ccaron
ENCODING 268
SWIDTH 500 0
DWIDTH 8 0
BBX 8 16 0 -3
BITMAP
44
28
10
3E
42
80
80
80
80
82
82
44
38
00
00
00
ENDCHAR
STARTCHAR ccaron
ENCODING 269
SWIDTH 500 0
DWIDTH 8 0
BBX 8 16 0 -3
BITMAP
00
44
28
10
00
3E
42
40
40
40
42
42
3C
00
00
00
ENDCHAR
STARTCHAR Dcaron
ENCODING 270
SWIDTH 500 0
DWIDTH 8 0
BBX 8 16 0 -3
BITMAP
44
28
10
F8
44
42
42
42
42
42
42
44
F8
00
00
00
ENDCHAR
STARTCHAR dcaron
ENCODING 271
SWIDTH 500 0
DWIDTH 8 0
BBX 8 13 0 0
BITMAP
03
01
0D
06
04
74
8C
84
84
84
84
8C
76
ENDCHAR
STARTCHAR Dcroat
ENCODING 272
SWIDTH 500 0
DWIDTH 8 0
BBX 7 15 0 -2
BITMAP
00
00
F8
44
42
42
42
F2
42
42
42
44
F8
00
00
ENDCHAR
STARTCHAR dcroat
ENCODING 273
SWIDTH 500 0
DWIDTH 8 0
BBX 7 15 0 -2
BITMAP
00
00
0C
04
3E
04
74
8C
84
84
84
8C
76
00
00
ENDCHAR
STARTCHAR Emacron
ENCODING 274
SWIDTH 500 0
DWIDTH 8 0
BBX 7 15 0 -2
BITMAP
FE
00
FE
42
40
40
44
7C
44
40
40
42
FE
00
00
ENDCHAR
STARTCHAR emacron
ENCODING 275
SWIDTH 500 0
DWIDTH 8 0
BBX 7 15 0 -2
BITMAP
00
00
7E
00
00
3C
42
42
7E
40
40
42
3C
00
00
ENDCHAR
STARTCHAR Ebreve
ENCODING 276
SWIDTH 500 0
DWIDTH 8 0
BBX 7 15 0 -2
BITMAP
44
38
00
FE
42
40
44
7C
44
40
40
42
FE
00
00
ENDCHAR
STARTCHAR ebreve
ENCODING 277
SWIDTH 500 0
DWIDTH 8 0
BBX 7 15 0 -2
BITMAP
00
44
38
00
00
3C
42
42
7E
40
40
42
3C
00
00
ENDCHAR
STARTCHAR Edotaccent
ENCODING 278
SWIDTH 500 0
DWIDTH 8 0
BBX 7 15 0 -2
BITMAP
18
00
FE
42
40
40
44
7C
44
40
40
42
FE
00
00
ENDCHAR
STARTCHAR edotaccent
ENCODING 279
SWIDTH 500 0
DWIDTH 8 0
BBX 7 15 0 -2
BITMAP
00
00
18
00
00
3C
42
42
7E
40
40
42
3C
00
00
ENDCHAR
STARTCHAR Eogonek
ENCODING 280
SWIDTH 500 0
DWIDTH 8 0
BBX 7 15 0 -2
BITMAP
00
00
FE
42
40
40
44
7C
44
40
40
42
FE
08
0E
ENDCHAR
STARTCHAR eogonek
ENCODING 281
SWIDTH 500 0
DWIDTH 8 0
BBX 7 15 0 -2
BITMAP
00
00
00
00
00
3C
42
42
7E
40
40
42
3C
08
0E
ENDCHAR
STARTCHAR Ecaron
ENCODING 282
SWIDTH 500 0
DWIDTH 8 0
BBX 7 15 0 -2
BITMAP
44
28
10
FE
42
40
44
7C
44
40
40
42
FE
00
00
ENDCHAR
STARTCHAR ecaron
ENCODING 283
SWIDTH 500 0
DWIDTH 8 0
BBX 7 15 0 -2
BITMAP
00
44
28
10
00
3C
42
42
7E
40
40
42
3C
00
00
ENDCHAR
STARTCHAR Gcircumflex
ENCODING 284
SWIDTH 500 0
DWIDTH 8 0
BBX 7 15 0 -2
BITMAP
10
28
44
00
3E
42
80
80
9E
82
82
42
3E
00
00
ENDCHAR
STARTCHAR gcircumflex
ENCODING 285
SWIDTH 500 0
DWIDTH 8 0
BBX 7 15 0 -2
BITMAP
00
10
28
44
00
76
8C
84
84
84
8C
74
04
84
78
ENDCHAR
STARTCHAR Gbreve
ENCODING 286
SWIDTH 500 0
DWIDTH 8 0
BBX 7 15 0 -2
BITMAP
44
38
00
3E
42
82
80
80
9E
82
82
42
3E
00
00
ENDCHAR
STARTCHAR gbreve
ENCODING 287
SWIDTH 500 0
DWIDTH 8 0
BBX 7 15 0 -2
BITMAP
00
44
38
00
00
76
8C
84
84
84
8C
74
04
84
78
ENDCHAR
STARTCHAR Gdotaccent
ENCODING 288
SWIDTH 500 0
DWIDTH 8 0
BBX 7 15 0 -2
BITMAP
18
00
00
3E
42
82
80
80
9E
82
82
42
3E
00
00
ENDCHAR
STARTCHAR gdotaccent
ENCODING 289
SWIDTH 500 0
DWIDTH 8 0
BBX 7 15 0 -2
BITMAP
00
00
18
00
00
76
8C
84
84
84
8C
74
04
84
78
ENDCHAR
STARTCHAR uni0122
ENCODING 290
SWIDTH 500 0
DWIDTH 8 0
BBX 7 15 0 -2
BITMAP
00
00
3E
42
82
80
80
9E
82
82
42
3E
08
04
38
ENDCHAR
STARTCHAR uni0123
ENCODING 291
SWIDTH 500 0
DWIDTH 8 0
BBX 7 15 0 -2
BITMAP
00
00
1C
20
10
76
8C
84
84
84
8C
74
04
84
78
ENDCHAR
STARTCHAR Hcircumflex
ENCODING 292
SWIDTH 500 0
DWIDTH 8 0
BBX 7 15 0 -2
BITMAP
10
28
44
00
E6
42
42
42
7E
42
42
42
E6
00
00
ENDCHAR
STARTCHAR hcircumflex
ENCODING 293
SWIDTH 500 0
DWIDTH 8 0
BBX 7 15 0 -2
BITMAP
10
28
44
00
C0
40
40
5C
62
42
42
42
C6
00
00
ENDCHAR
STARTCHAR Hbar
ENCODING 294
SWIDTH 500 0
DWIDTH 8 0
BBX 7 15 0 -2
BITMAP
00
00
E6
42
42
FE
42
7E
42
42
42
42
E6
00
00
ENDCHAR
STARTCHAR hbar
ENCODING 295
SWIDTH 500 0
DWIDTH 8 0
BBX 7 15 0 -2
BITMAP
00
00
C0
40
F8
40
5C
62
42
42
42
42
C6
00
00
ENDCHAR
STARTCHAR Itilde
ENCODING 296
SWIDTH 500 0
DWIDTH 8 0
BBX 7 15 0 -2
BITMAP
64
98
00
7C
10
10
10
10
10
10
10
10
7C
00
00
ENDCHAR
STARTCHAR itilde
ENCODING 297
SWIDTH 500 0
DWIDTH 8 0
BBX 7 15 0 -2
BITMAP
00
32
4C
00
00
38
08
08
08
08
08
08
7E
00
00
ENDCHAR
STARTCHAR Imacron
ENCODING 298
SWIDTH 500 0
DWIDTH 8 0
BBX 7 15 0 -2
BITMAP
FE
00
7C
10
10
10
10
10
10
10
10
10
7C
00
00
ENDCHAR
STARTCHAR imacron
ENCODING 299
SWIDTH 500 0
DWIDTH 8 0
BBX 7 15 0 -2
BITMAP
00
00
7E
00
00
38
08
08
08
08
08
08
7E
00
00
ENDCHAR
STARTCHAR Ibreve
ENCODING 300
SWIDTH 500 0
DWIDTH 8 0
BBX 7 15 0 -2
BITMAP
44
38
00
7C
10
10
10
10
10
10
10
10
7C
00
00
ENDCHAR
STARTCHAR ibreve
ENCODING 301
SWIDTH 500 0
DWIDTH 8 0
BBX 7 15 0 -2
BITMAP
00
44
38
00
00
38
08
08
08
08
08
08
7E
00
00
ENDCHAR
STARTCHAR Iogonek
ENCODING 302
SWIDTH 500 0
DWIDTH 8 0
BBX 7 15 0 -2
BITMAP
00
00
7C
10
10
10
10
10
10
10
10
10
7C
08
0E
ENDCHAR
STARTCHAR iogonek
ENCODING 303
SWIDTH 500 0
DWIDTH 8 0
BBX 7 15 0 -2
BITMAP
00
00
18
00
00
38
08
08
08
08
08
08
7E
08
0E
ENDCHAR
STARTCHAR Idotaccent
ENCODING 304
SWIDTH 500 0
DWIDTH 8 0
BBX 7 15 0 -2
BITMAP
18
00
7C
10
10
10
10
10
10
10
10
10
7C
00
00
ENDCHAR
STARTCHAR dotlessi
ENCODING 305
SWIDTH 500 0
DWIDTH 8 0
BBX 7 15 0 -2
BITMAP
00
00
00
00
00
38
08
08
08
08
08
08
7E
00
00
ENDCHAR
STARTCHAR IJ
ENCODING 306
SWIDTH 500 0
DWIDTH 8 0
BBX 7 15 0 -2
BITMAP
00
00
E6
42
42
42
42
42
42
52
52
52
CC
00
00
ENDCHAR
STARTCHAR ij
ENCODING 307
SWIDTH 500 0
DWIDTH 8 0
BBX 7 15 0 -2
BITMAP
00
00
C6
00
00
CE
42
42
42
42
42
42
E2
04
18
ENDCHAR
STARTCHAR Jcircumflex
ENCODING 308
SWIDTH 500 0
DWIDTH 8 0
BBX 7 15 0 -2
BITMAP
08
14
22
00
1E
04
04
04
04
04
84
88
70
00
00
ENDCHAR
STARTCHAR jcircumflex
ENCODING 309
SWIDTH 500 0
DWIDTH 8 0
BBX 7 15 0 -2
BITMAP
00
08
14
22
00
1C
04
04
04
04
04
04
84
88
70
ENDCHAR
STARTCHAR uni0136
ENCODING 310
SWIDTH 500 0
DWIDTH 8 0
BBX 7 15 0 -2
BITMAP
00
00
CE
84
88
90
A0
D0
88
88
84
84
DE
08
70
ENDCHAR
STARTCHAR uni0137
ENCODING 311
SWIDTH 500 0
DWIDTH 8 0
BBX 7 15 0 -2
BITMAP
00
00
C0
40
40
4E
44
48
50
68
44
42
D6
08
70
ENDCHAR
STARTCHAR kgreenlandic
ENCODING 312
SWIDTH 500 0
DWIDTH 8 0
BBX 7 15 0 -2
BITMAP
00
00
00
00
00
CE
44
48
50
68
44
42
C6
00
00
ENDCHAR
STARTCHAR Lacute
ENCODING 313
SWIDTH 500 0
DWIDTH 8 0
BBX 7 15 0 -2
BITMAP
18
60
00
E0
40
40
40
40
40
40
42
42
FE
00
00
ENDCHAR
STARTCHAR lacute
ENCODING 314
SWIDTH 500 0
DWIDTH 8 0
BBX 7 15 0 -2
BITMAP
0C
30
00
38
08
08
08
08
08
08
08
08
7E
00
00
ENDCHAR
STARTCHAR uni013B
ENCODING 315
SWIDTH 500 0
DWIDTH 8 0
BBX 7 15 0 -2
BITMAP
00
00
E0
40
40
40
40
40
40
42
42
FE
08
04
38
ENDCHAR
STARTCHAR uni013C
ENCODING 316
SWIDTH 500 0
DWIDTH 8 0
BBX 7 15 0 -2
BITMAP
00
00
38
08
08
08
08
08
08
08
08
7E
08
04
38
ENDCHAR
STARTCHAR Lcaron
ENCODING 317
SWIDTH 500 0
DWIDTH 8 0
BBX 7 13 0 0
BITMAP
0C
04
E4
48
40
40
40
40
40
40
42
42
FE
ENDCHAR
STARTCHAR lcaron
ENCODING 318
SWIDTH 500 0
DWIDTH 8 0
BBX 7 13 0 0
BITMAP
06
02
72
14
10
10
10
10
10
10
10
10
FC
ENDCHAR
STARTCHAR Ldot
ENCODING 319
SWIDTH 500 0
DWIDTH 8 0
BBX 7 15 0 -2
BITMAP
00
00
E0
40
40
40
40
4C
40
40
42
42
FE
00
00
ENDCHAR
STARTCHAR ldot
ENCODING 320
SWIDTH 500 0
DWIDTH 8 0
BBX 7 15 0 -2
BITMAP
00
00
70
10
10
10
10
16
10
10
10
10
FC
00
00
ENDCHAR
STARTCHAR Lslash
ENCODING 321
SWIDTH 500 0
DWIDTH 8 0
BBX 7 15 0 -2
BITMAP
00
00
E0
40
40
40
48
70
C0
40
42
42
FE
00
00
ENDCHAR
STARTCHAR lslash
ENCODING 322
SWIDTH 500 0
DWIDTH 8 0
BBX 7 15 0 -2
BITMAP
00
00
38
08
08
08
0A
1C
28
08
08
08
7E
00
00
ENDCHAR
STARTCHAR Nacute
ENCODING 323
SWIDTH 500 0
DWIDTH 8 0
BBX 7 15 0 -2
BITMAP
0C
30
00
C6
42
62
52
52
4A
4A
46
42
E2
00
00
ENDCHAR
STARTCHAR nacute
ENCODING 324
SWIDTH 500 0
DWIDTH 8 0
BBX 7 15 0 -2
BITMAP
00
0C
30
00
00
DC
62
42
42
42
42
42
E6
00
00
ENDCHAR
STARTCHAR uni0145
ENCODING 325
SWIDTH 500 0
DWIDTH 8 0
BBX 7 15 0 -2
BITMAP
00
00
C6
42
62
52
52
4A
4A
4A
46
42
D2
08
70
ENDCHAR
STARTCHAR uni0146
ENCODING 326
SWIDTH 500 0
DWIDTH 8 0
BBX 7 15 0 -2
BITMAP
00
00
00
00
00
DC
62
42
42
42
42
42
D6
08
70
ENDCHAR
STARTCHAR Ncaron
ENCODING 327
SWIDTH 500 0
DWIDTH 8 0
BBX 7 15 0 -2
BITMAP
44
28
10
C6
42
62
52
52
4A
4A
46
42
E2
00
00
ENDCHAR
STARTCHAR ncaron
ENCODING 328
SWIDTH 500 0
DWIDTH 8 0
BBX 7 15 0 -2
BITMAP
00
44
28
10
00
DC
62
42
42
42
42
42
E6
00
00
ENDCHAR
STARTCHAR napostrophe
ENCODING 329
SWIDTH 500 0
DWIDTH 8 0
BBX 7 15 0 -2
BITMAP
40
40
80
80
00
DC
62
42
42
42
42
42
E6
00
00
ENDCHAR
STARTCHAR Eng
ENCODING 330
SWIDTH 500 0
DWIDTH 8 0
BBX 7 15 0 -2
BITMAP
00
00
C6
42
62
52
52
4A
4A
4A
46
42
E2
04
18
ENDCHAR
STARTCHAR eng
ENCODING 331
SWIDTH 500 0
DWIDTH 8 0
BBX 7 15 0 -2
BITMAP
00
00
00
00
00
DC
62
42
42
42
42
42
E2
04
18
ENDCHAR
STARTCHAR Omacron
ENCODING 332
SWIDTH 500 0
DWIDTH 8 0
BBX 7 15 0 -2
BITMAP
FE
00
38
44
82
82
82
82
82
82
82
44
38
00
00
ENDCHAR
STARTCHAR omacron
ENCODING 333
SWIDTH 500 0
DWIDTH 8 0
BBX 7 15 0 -2
BITMAP
00
00
7E
00
00
3C
42
42
42
42
42
42
3C
00
00
ENDCHAR
STARTCHAR Obreve
ENCODING 334
SWIDTH 500 0
DWIDTH 8 0
BBX 7 15 0 -2
BITMAP
44
38
00
38
44
82
82
82
82
82
82
44
38
00
00
ENDCHAR
STARTCHAR obreve
ENCODING 335
SWIDTH 500 0
DWIDTH 8 0
BBX 7 15 0 -2
BITMAP
00
44
38
00
00
3C
42
42
42
42
42
42
3C
00
00
ENDCHAR
STARTCHAR Ohungarumlaut
ENCODING 336
SWIDTH 500 0
DWIDTH 8 0
BBX 7 15 0 -2
BITMAP
66
88
00
38
44
82
82
82
82
82
82
44
38
00
00
ENDCHAR
STARTCHAR ohungarumlaut
ENCODING 337
SWIDTH 500 0
DWIDTH 8 0
BBX 7 15 0 -2
BITMAP
00
66
88
00
00
3C
42
42
42
42
42
42
3C
00
00
ENDCHAR
STARTCHAR OE
ENCODING 338
SWIDTH 500 0
DWIDTH 8 0
BBX 7 15 0 -2
BITMAP
00
00
3E
4A
88
88
88
8E
88
88
88
4A
3E
00
00
ENDCHAR
STARTCHAR oe
ENCODING 339
SWIDTH 500 0
DWIDTH 8 0
BBX 7 15 0 -2
BITMAP
00
00
00
00
00
6C
92
92
9E
90
90
92
6C
00
00
ENDCHAR
STARTCHAR Racute
ENCODING 340
SWIDTH 500 0
DWIDTH 8 0
BBX 7 15 0 -2
BITMAP
0C
30
00
FC
42
42
42
42
7C
44
44
42
E6
00
00
ENDCHAR
STARTCHAR racute
ENCODING 341
SWIDTH 500 0
DWIDTH 8 0
BBX 7 15 0 -2
BITMAP
00
0C
30
00
00
6E
32
20
20
20
20
20
70
00
00
ENDCHAR
STARTCHAR uni0156
ENCODING 342
SWIDTH 500 0
DWIDTH 8 0
BBX 7 15 0 -2
BITMAP
00
00
FC
42
42
42
42
7C
44
44
42
42
D6
08
70
ENDCHAR
STARTCHAR uni0157
ENCODING 343
SWIDTH 500 0
DWIDTH 8 0
BBX 7 15 0 -2
BITMAP
00
00
00
00
00
6E
32
20
20
20
20
78
10
08
70
ENDCHAR
STARTCHAR Rcaron
ENCODING 344
SWIDTH 500 0
DWIDTH 8 0
BBX 7 15 0 -2
BITMAP
44
28
10
FC
42
42
42
42
7C
44
44
42
E6
00
00
ENDCHAR
STARTCHAR rcaron
ENCODING 345
SWIDTH 500 0
DWIDTH 8 0
BBX 7 15 0 -2
BITMAP
00
44
28
10
00
6E
32
20
20
20
20
20
70
00
00
ENDCHAR
STARTCHAR Sacute
ENCODING 346
SWIDTH 500 0
DWIDTH 8 0
BBX 7 15 0 -2
BITMAP
0C
30
00
3E
42
40
40
3C
02
02
02
42
7C
00
00
ENDCHAR
STARTCHAR sacute
ENCODING 347
SWIDTH 500 0
DWIDTH 8 0
BBX 7 15 0 -2
BITMAP
00
0C
30
00
00
3E
42
40
30
0C
02
42
7C
00
00
ENDCHAR
STARTCHAR Scircumflex
ENCODING 348
SWIDTH 500 0
DWIDTH 8 0
BBX 7 15 0 -2
BITMAP
08
14
22
00
3E
42
40
40
3C
02
02
42
7C
00
00
ENDCHAR
STARTCHAR scircumflex
ENCODING 349
SWIDTH 500 0
DWIDTH 8 0
BBX 7 15 0 -2
BITMAP
00
08
14
22
00
3E
42
40
30
0C
02
42
7C
00
00
ENDCHAR
STARTCHAR Scedilla
ENCODING 350
SWIDTH 500 0
DWIDTH 8 0
BBX 7 15 0 -2
BITMAP
00
00
3E
42
40
40
3C
02
02
02
42
7C
08
04
38
ENDCHAR
STARTCHAR scedilla
ENCODING 351
SWIDTH 500 0
DWIDTH 8 0
BBX 7 15 0 -2
BITMAP
00
00
00
00
00
3E
42
30
0C
02
42
7C
08
04
38
ENDCHAR
STARTCHAR Scaron
ENCODING 352
SWIDTH 500 0
DWIDTH 8 0
BBX 7 15 0 -2
BITMAP
22
14
08
3E
42
40
40
3C
02
02
02
42
7C
00
00
ENDCHAR
STARTCHAR scaron
ENCODING 353
SWIDTH 500 0
DWIDTH 8 0
BBX 7 15 0 -2
BITMAP
00
22
14
08
00
3E
42
40
30
0C
02
42
7C
00
00
ENDCHAR
STARTCHAR uni0162
ENCODING 354
SWIDTH 500 0
DWIDTH 8 0
BBX 7 15 0 -2
BITMAP
00
00
FE
92
92
10
10
10
10
10
10
38
10
08
70
ENDCHAR
STARTCHAR uni0163
ENCODING 355
SWIDTH 500 0
DWIDTH 8 0
BBX 7 15 0 -2
BITMAP
00
00
00
20
20
FC
20
20
20
20
20
1C
08
04
38
ENDCHAR
STARTCHAR Tcaron
ENCODING 356
SWIDTH 500 0
DWIDTH 8 0
BBX 7 15 0 -2
BITMAP
44
28
10
FE
92
92
10
10
10
10
10
10
38
00
00
ENDCHAR
STARTCHAR tcaron
ENCODING 357
SWIDTH 500 0
DWIDTH 8 0
BBX 7 13 0 0
BITMAP
06
02
02
24
20
FC
20
20
20
20
20
20
1C
ENDCHAR
STARTCHAR Tbar
ENCODING 358
SWIDTH 500 0
DWIDTH 8 0
BBX 8 16 0 -3
BITMAP
00
00
FE
92
92
10
10
7C
10
10
10
10
38
00
00
00
ENDCHAR
STARTCHAR tbar
ENCODING 359
SWIDTH 500 0
DWIDTH 8 0
BBX 8 16 0 -3
BITMAP
00
00
00
20
20
FC
20
20
FC
20
20
20
1C
00
00
00
ENDCHAR
STARTCHAR Utilde
ENCODING 360
SWIDTH 500 0
DWIDTH 8 0
BBX 8 16 0 -3
BITMAP
32
4C
00
E6
42
42
42
42
42
42
42
44
38
00
00
00
ENDCHAR
STARTCHAR utilde
ENCODING 361
SWIDTH 500 0
DWIDTH 8 0
BBX 8 16 0 -3
BITMAP
00
32
4C
00
00
C6
42
42
42
42
42
46
3A
00
00
00
ENDCHAR
STARTCHAR Umacron
ENCODING 362
SWIDTH 500 0
DWIDTH 8 0
BBX 8 16 0 -3
BITMAP
FE
00
E6
42
42
42
42
42
42
42
42
44
38
00
00
00
ENDCHAR
STARTCHAR umacron
ENCODING 363
SWIDTH 500 0
DWIDTH 8 0
BBX 8 16 0 -3
BITMAP
00
00
7C
00
00
C6
42
42
42
42
42
46
3A
00
00
00
ENDCHAR
STARTCHAR Ubreve
ENCODING 364
SWIDTH 500 0
DWIDTH 8 0
BBX 8 16 0 -3
BITMAP
44
38
00
E6
42
42
42
42
42
42
42
44
38
00
00
00
ENDCHAR
STARTCHAR ubreve
ENCODING 365
SWIDTH 500 0
DWIDTH 8 0
BBX 8 16 0 -3
BITMAP
00
44
38
00
00
C6
42
42
42
42
42
46
3A
00
00
00
ENDCHAR
STARTCHAR Uring
ENCODING 366
SWIDTH 500 0
DWIDTH 8 0
BBX 8 16 0 -3
BITMAP
18
24
18
00
E6
42
42
42
42
42
42
44
38
00
00
00
ENDCHAR
STARTCHAR uring
ENCODING 367
SWIDTH 500 0
DWIDTH 8 0
BBX 8 16 0 -3
BITMAP
00
18
24
18
00
C6
42
42
42
42
42
46
3A
00
00
00
ENDCHAR
STARTCHAR Uhungarumlaut
ENCODING 368
SWIDTH 500 0
DWIDTH 8 0
BBX 8 16 0 -3
BITMAP
66
88
00
E6
42
42
42
42
42
42
42
44
38
00
00
00
ENDCHAR
STARTCHAR uhungarumlaut
ENCODING 369
SWIDTH 500 0
DWIDTH 8 0
BBX 8 16 0 -3
BITMAP
00
66
88
00
00
C6
42
42
42
42
42
46
3A
00
00
00
ENDCHAR
STARTCHAR Uogonek
ENCODING 370
SWIDTH 500 0
DWIDTH 8 0
BBX 8 16 0 -3
BITMAP
00
00
E6
42
42
42
42
42
42
42
44
38
08
04
38
00
ENDCHAR
STARTCHAR uogonek
ENCODING 371
SWIDTH 500 0
DWIDTH 8 0
BBX 8 16 0 -3
BITMAP
00
00
00
00
00
C6
42
42
42
42
46
3A
08
04
38
00
ENDCHAR
STARTCHAR Wcircumflex
ENCODING 372
SWIDTH 500 0
DWIDTH 8 0
BBX 8 16 0 -3
BITMAP
10
28
44
00
C6
82
92
92
54
54
54
6C
44
00
00
00
ENDCHAR
STARTCHAR wcircumflex
ENCODING 373
SWIDTH 500 0
DWIDTH 8 0
BBX 8 16 0 -3
BITMAP
00
10
28
44
00
C6
82
92
92
92
54
6C
44
00
00
00
ENDCHAR
STARTCHAR Ycircumflex
ENCODING 374
SWIDTH 500 0
DWIDTH 8 0
BBX 8 16 0 -3
BITMAP
10
28
44
00
C6
82
44
44
28
10
10
10
38
00
00
00
ENDCHAR
STARTCHAR ycircumflex
ENCODING 375
SWIDTH 500 0
DWIDTH 8 0
BBX 8 16 0 -3
BITMAP
00
10
28
44
00
C6
82
82
44
44
28
28
10
10
60
00
ENDCHAR
STARTCHAR Ydieresis
ENCODING 376
SWIDTH 500 0
DWIDTH 8 0
BBX 8 16 0 -3
BITMAP
6C
00
C6
82
44
44
28
28
10
10
10
10
38
00
00
00
ENDCHAR
STARTCHAR Zacute
ENCODING 377
SWIDTH 500 0
DWIDTH 8 0
BBX 8 16 0 -3
BITMAP
0C
30
00
7E
42
04
04
08
10
20
20
42
7E
00
00
00
ENDCHAR
STARTCHAR zacute
ENCODING 378
SWIDTH 500 0
DWIDTH 8 0
BBX 8 16 0 -3
BITMAP
00
0C
30
00
00
7E
42
04
08
10
20
42
7E
00
00
00
ENDCHAR
STARTCHAR Zdotaccent
ENCODING 379
SWIDTH 500 0
DWIDTH 8 0
BBX 8 16 0 -3
BITMAP
18
00
7E
42
04
04
08
10
10
20
20
42
7E
00
00
00
ENDCHAR
STARTCHAR zdotaccent
ENCODING 380
SWIDTH 500 0
DWIDTH 8 0
BBX 8 16 0 -3
BITMAP
00
00
18
00
00
7E
42
04
08
10
20
42
7E
00
00
00
ENDCHAR
STARTCHAR Zcaron
ENCODING 381
SWIDTH 500 0
DWIDTH 8 0
BBX 8 16 0 -3
BITMAP
44
28
10
7E
42
04
04
08
10
20
20
42
7E
00
00
00
ENDCHAR
STARTCHAR zcaron
ENCODING 382
SWIDTH 500 0
DWIDTH 8 0
BBX 8 16 0 -3
BITMAP
00
44
28
10
00
7E
42
04
08
10
20
42
7E
00
00
00
ENDCHAR
STARTCHAR longs
ENCODING 383
SWIDTH 500 0
DWIDTH 8 0
BBX 8 16 0 -3
BITMAP
00
00
0E
12
10
10
10
10
10
10
10
10
7C
00
00
00
ENDCHAR
STARTCHAR florin
ENCODING 402
SWIDTH 500 0
DWIDTH 8 0
BBX 8 16 0 -3
BITMAP
00
00
0E
12
10
10
7E
10
10
10
10
10
10
90
E0
00
ENDCHAR
STARTCHAR ohorn
ENCODING 417
SWIDTH 500 0
DWIDTH 8 0
BBX 8 16 0 -3
BITMAP
00
00
00
00
00
7E
88
84
84
84
84
84
78
00
00
00
ENDCHAR
STARTCHAR uni01B7
ENCODING 439
SWIDTH 500 0
DWIDTH 8 0
BBX 8 16 0 -3
BITMAP
00
00
7E
42
04
04
08
18
04
02
42
42
3C
00
00
00
ENDCHAR
STARTCHAR Aringacute
ENCODING 506
SWIDTH 500 0
DWIDTH 8 0
BBX 8 16 0 -3
BITMAP
36
48
30
00
70
28
28
44
44
7C
82
82
C6
00
00
00
ENDCHAR
STARTCHAR aringacute
ENCODING 507
SWIDTH 500 0
DWIDTH 8 0
BBX 8 16 0 -3
BITMAP
0C
30
48
30
00
78
84
04
7C
84
84
8C
76
00
00
00
ENDCHAR
STARTCHAR AEacute
ENCODING 508
SWIDTH 500 0
DWIDTH 8 0
BBX 8 16 0 -3
BITMAP
06
18
00
3E
1A
28
28
4E
48
78
88
8A
CE
00
00
00
ENDCHAR
STARTCHAR aeacute
ENCODING 509
SWIDTH 500 0
DWIDTH 8 0
BBX 8 16 0 -3
BITMAP
00
00
18
60
00
6C
92
12
7E
90
90
92
6C
00
00
00
ENDCHAR
STARTCHAR Oslashacute
ENCODING 510
SWIDTH 500 0
DWIDTH 8 0
BBX 8 16 0 -3
BITMAP
0C
30
00
3A
44
8A
8A
92
92
A2
A2
44
B8
00
00
00
ENDCHAR
STARTCHAR oslashacute
ENCODING 511
SWIDTH 500 0
DWIDTH 8 0
BBX 8 16 0 -3
BITMAP
00
0C
30
00
00
3A
44
4A
4A
52
52
22
5C
00
00
00
ENDCHAR
STARTCHAR uni0218
ENCODING 536
SWIDTH 500 0
DWIDTH 8 0
BBX 8 16 0 -3
BITMAP
00
00
3E
42
40
40
40
3C
02
02
02
42
7C
18
60
00
ENDCHAR
STARTCHAR uni0219
ENCODING 537
SWIDTH 500 0
DWIDTH 8 0
BBX 8 16 0 -3
BITMAP
00
00
00
00
00
3E
42
40
30
0C
02
42
7C
18
60
00
ENDCHAR
STARTCHAR uni021A
ENCODING 538
SWIDTH 500 0
DWIDTH 8 0
BBX 8 16 0 -3
BITMAP
00
00
FE
92
92
10
10
10
10
10
10
10
38
18
60
00
ENDCHAR
STARTCHAR uni021B
ENCODING 539
SWIDTH 500 0
DWIDTH 8 0
BBX 8 16 0 -3
BITMAP
00
00
00
20
20
FC
20
20
20
20
20
20
1C
0C
30
00
ENDCHAR
STARTCHAR uni0251
ENCODING 593
SWIDTH 500 0
DWIDTH 8 0
BBX 8 16 0 -3
BITMAP
00
00
00
00
00
62
92
94
88
88
94
92
62
00
00
00
ENDCHAR
STARTCHAR uni0278
ENCODING 632
SWIDTH 500 0
DWIDTH 8 0
BBX 8 16 0 -3
BITMAP
00
00
7C
10
10
38
44
44
44
38
10
10
7C
00
00
00
ENDCHAR
STARTCHAR circumflex
ENCODING 710
SWIDTH 500 0
DWIDTH 8 0
BBX 8 16 0 -3
BITMAP
00
10
28
44
00
00
00
00
00
00
00
00
00
00
00
00
ENDCHAR
STARTCHAR caron
ENCODING 711
SWIDTH 500 0
DWIDTH 8 0
BBX 8 16 0 -3
BITMAP
00
44
28
10
00
00
00
00
00
00
00
00
00
00
00
00
ENDCHAR
STARTCHAR uni02C9
ENCODING 713
SWIDTH 500 0
DWIDTH 8 0
BBX 8 16 0 -3
BITMAP
00
00
7C
00
00
00
00
00
00
00
00
00
00
00
00
00
ENDCHAR
STARTCHAR breve
ENCODING 728
SWIDTH 500 0
DWIDTH 8 0
BBX 8 16 0 -3
BITMAP
00
44
38
00
00
00
00
00
00
00
00
00
00
00
00
00
ENDCHAR
STARTCHAR dotaccent
ENCODING 729
SWIDTH 500 0
DWIDTH 8 0
BBX 8 16 0 -3
BITMAP
00
00
18
00
00
00
00
00
00
00
00
00
00
00
00
00
ENDCHAR
STARTCHAR ring
ENCODING 730
SWIDTH 500 0
DWIDTH 8 0
BBX 8 16 0 -3
BITMAP
00
18
24
18
00
00
00
00
00
00
00
00
00
00
00
00
ENDCHAR
STARTCHAR ogonek
ENCODING 731
SWIDTH 500 0
DWIDTH 8 0
BBX 8 16 0 -3
BITMAP
00
00
00
00
00
00
00
00
00
00
00
00
00
10
1C
00
ENDCHAR
STARTCHAR tilde
ENCODING 732
SWIDTH 500 0
DWIDTH 8 0
BBX 8 16 0 -3
BITMAP
00
32
4C
00
00
00
00
00
00
00
00
00
00
00
00
00
ENDCHAR
STARTCHAR hungarumlaut
ENCODING 733
SWIDTH 500 0
DWIDTH 8 0
BBX 8 16 0 -3
BITMAP
00
66
88
00
00
00
00
00
00
00
00
00
00
00
00
00
ENDCHAR
STARTCHAR uni037E
ENCODING 894
SWIDTH 500 0
DWIDTH 8 0
BBX 8 16 0 -3
BITMAP
00
00
00
00
00
10
10
00
00
00
00
10
10
20
20
00
ENDCHAR
STARTCHAR tonos
ENCODING 900
SWIDTH 500 0
DWIDTH 8 0
BBX 8 16 0 -3
BITMAP
00
0C
30
00
00
00
00
00
00
00
00
00
00
00
00
00
ENDCHAR
STARTCHAR dieresistonos
ENCODING 901
SWIDTH 500 0
DWIDTH 8 0
BBX 8 16 0 -3
BITMAP
0C
30
00
6C
00
00
00
00
00
00
00
00
00
00
00
00
ENDCHAR
STARTCHAR Alphatonos
ENCODING 902
SWIDTH 500 0
DWIDTH 8 0
BBX 8 16 0 -3
BITMAP
30
C0
30
10
28
28
28
44
44
7C
82
82
C6
00
00
00
ENDCHAR
STARTCHAR anoteleia
ENCODING 903
SWIDTH 500 0
DWIDTH 8 0
BBX 8 16 0 -3
BITMAP
00
00
00
00
00
00
18
00
00
00
00
00
00
00
00
00
ENDCHAR
STARTCHAR Epsilontonos
ENCODING 904
SWIDTH 500 0
DWIDTH 8 0
BBX 8 16 0 -3
BITMAP
30
C0
00
FE
42
40
44
7C
44
40
40
42
FE
00
00
00
ENDCHAR
STARTCHAR Etatonos
ENCODING 905
SWIDTH 500 0
DWIDTH 8 0
BBX 8 16 0 -3
BITMAP
30
C0
00
E6
42
42
42
7E
42
42
42
42
E6
00
00
00
ENDCHAR
STARTCHAR Iotatonos
ENCODING 906
SWIDTH 500 0
DWIDTH 8 0
BBX 8 16 0 -3
BITMAP
30
C0
3E
08
08
08
08
08
08
08
08
08
3E
00
00
00
ENDCHAR
STARTCHAR Omicrontonos
ENCODING 908
SWIDTH 500 0
DWIDTH 8 0
BBX 8 16 0 -3
BITMAP
30
C0
38
44
82
82
82
82
82
82
82
44
38
00
00
00
ENDCHAR
STARTCHAR Upsilontonos
ENCODING 910
SWIDTH 500 0
DWIDTH 8 0
BBX 8 16 0 -3
BITMAP
30
C0
00
C6
82
44
44
28
10
10
10
10
38
00
00
00
ENDCHAR
STARTCHAR Omegatonos
ENCODING 911
SWIDTH 500 0
DWIDTH 8 0
BBX 8 16 0 -3
BITMAP
30
C0
38
44
82
82
82
82
82
44
44
28
EE
00
00
00
ENDCHAR
STARTCHAR iotadieresistonos
ENCODING 912
SWIDTH 500 0
DWIDTH 8 0
BBX 8 16 0 -3
BITMAP
0C
30
00
6C
00
30
10
10
10
10
10
10
0C
00
00
00
ENDCHAR
STARTCHAR Alpha
ENCODING 913
SWIDTH 500 0
DWIDTH 8 0
BBX 8 16 0 -3
BITMAP
00
00
70
10
28
28
28
44
44
7C
82
82
C6
00
00
00
ENDCHAR
STARTCHAR Beta
ENCODING 914
SWIDTH 500 0
DWIDTH 8 0
BBX 8 16 0 -3
BITMAP
00
00
FC
42
42
42
44
78
44
42
42
42
FC
00
00
00
ENDCHAR
STARTCHAR Gamma
ENCODING 915
SWIDTH 500 0
DWIDTH 8 0
BBX 8 16 0 -3
BITMAP
00
00
FE
42
42
40
40
40
40
40
40
40
E0
00
00
00
ENDCHAR
STARTCHAR uni0394
ENCODING 916
SWIDTH 500 0
DWIDTH 8 0
BBX 8 16 0 -3
BITMAP
00
00
70
10
28
28
28
44
44
44
82
82
FE
00
00
00
ENDCHAR
STARTCHAR Epsilon
ENCODING 917
SWIDTH 500 0
DWIDTH 8 0
BBX 8 16 0 -3
BITMAP
00
00
FE
42
40
40
44
7C
44
40
40
42
FE
00
00
00
ENDCHAR
STARTCHAR Zeta
ENCODING 918
SWIDTH 500 0
DWIDTH 8 0
BBX 8 16 0 -3
BITMAP
00
00
7E
42
04
04
08
10
10
20
20
42
7E
00
00
00
ENDCHAR
STARTCHAR Eta
ENCODING 919
SWIDTH 500 0
DWIDTH 8 0
BBX 8 16 0 -3
BITMAP
00
00
E6
42
42
42
42
7E
42
42
42
42
E6
00
00
00
ENDCHAR
STARTCHAR Theta
ENCODING 920
SWIDTH 500 0
DWIDTH 8 0
BBX 8 16 0 -3
BITMAP
00
00
18
24
42
42
42
7E
42
42
42
24
18
00
00
00
ENDCHAR
STARTCHAR Iota
ENCODING 921
SWIDTH 500 0
DWIDTH 8 0
BBX 8 16 0 -3
BITMAP
00
00
7C
10
10
10
10
10
10
10
10
10
7C
00
00
00
ENDCHAR
STARTCHAR Kappa
ENCODING 922
SWIDTH 500 0
DWIDTH 8 0
BBX 8 16 0 -3
BITMAP
00
00
CE
84
88
90
A0
D0
88
88
84
84
CE
00
00
00
ENDCHAR
STARTCHAR Lambda
ENCODING 923
SWIDTH 500 0
DWIDTH 8 0
BBX 8 16 0 -3
BITMAP
00
00
70
10
28
28
28
44
44
44
82
82
C6
00
00
00
ENDCHAR
STARTCHAR Mu
ENCODING 924
SWIDTH 500 0
DWIDTH 8 0
BBX 8 16 0 -3
BITMAP
00
00
82
C6
AA
AA
92
92
82
82
82
82
C6
00
00
00
ENDCHAR
STARTCHAR Nu
ENCODING 925
SWIDTH 500 0
DWIDTH 8 0
BBX 8 16 0 -3
BITMAP
00
00
C6
42
62
52
52
4A
4A
4A
46
42
E2
00
00
00
ENDCHAR
STARTCHAR Xi
ENCODING 926
SWIDTH 500 0
DWIDTH 8 0
BBX 8 16 0 -3
BITMAP
00
00
FE
82
00
00
00
7C
00
00
00
82
FE
00
00
00
ENDCHAR
STARTCHAR Omicron
ENCODING 927
SWIDTH 500 0
DWIDTH 8 0
BBX 8 16 0 -3
BITMAP
00
00
38
44
82
82
82
82
82
82
82
44
38
00
00
00
ENDCHAR
STARTCHAR Pi
ENCODING 928
SWIDTH 500 0
DWIDTH 8 0
BBX 8 16 0 -3
BITMAP
00
00
FE
44
44
44
44
44
44
44
44
44
E6
00
00
00
ENDCHAR
STARTCHAR Rho
ENCODING 929
SWIDTH 500 0
DWIDTH 8 0
BBX 8 16 0 -3
BITMAP
00
00
FC
42
42
42
42
7C
40
40
40
40
E0
00
00
00
ENDCHAR
STARTCHAR Sigma
ENCODING 931
SWIDTH 500 0
DWIDTH 8 0
BBX 8 16 0 -3
BITMAP
00
00
FE
42
20
20
10
08
10
20
20
42
FE
00
00
00
ENDCHAR
STARTCHAR Tau
ENCODING 932
SWIDTH 500 0
DWIDTH 8 0
BBX 8 16 0 -3
BITMAP
00
00
FE
92
92
10
10
10
10
10
10
10
38
00
00
00
ENDCHAR
STARTCHAR Upsilon
ENCODING 933
SWIDTH 500 0
DWIDTH 8 0
BBX 8 16 0 -3
BITMAP
00
00
C6
82
44
44
28
28
10
10
10
10
38
00
00
00
ENDCHAR
STARTCHAR Phi
ENCODING 934
SWIDTH 500 0
DWIDTH 8 0
BBX 8 16 0 -3
BITMAP
00
00
7C
10
38
54
92
92
92
54
38
10
7C
00
00
00
ENDCHAR
STARTCHAR Chi
ENCODING 935
SWIDTH 500 0
DWIDTH 8 0
BBX 8 16 0 -3
BITMAP
00
00
C6
44
44
28
28
10
28
28
44
44
C6
00
00
00
ENDCHAR
STARTCHAR Psi
ENCODING 936
SWIDTH 500 0
DWIDTH 8 0
BBX 8 16 0 -3
BITMAP
00
00
D6
92
92
92
54
54
38
10
10
10
38
00
00
00
ENDCHAR
STARTCHAR uni03A9
ENCODING 937
SWIDTH 500 0
DWIDTH 8 0
BBX 8 16 0 -3
BITMAP
00
00
38
44
82
82
82
82
82
44
44
28
EE
00
00
00
ENDCHAR
STARTCHAR Iotadieresis
ENCODING 938
SWIDTH 500 0
DWIDTH 8 0
BBX 8 16 0 -3
BITMAP
6C
00
7C
10
10
10
10
10
10
10
10
10
7C
00
00
00
ENDCHAR
STARTCHAR Upsilondieresis
ENCODING 939
SWIDTH 500 0
DWIDTH 8 0
BBX 8 16 0 -3
BITMAP
6C
00
C6
82
44
44
28
28
10
10
10
10
38
00
00
00
ENDCHAR
STARTCHAR alphatonos
ENCODING 940
SWIDTH 500 0
DWIDTH 8 0
BBX 8 16 0 -3
BITMAP
00
0C
30
00
00
62
92
94
88
88
94
92
62
00
00
00
ENDCHAR
STARTCHAR epsilontonos
ENCODING 941
SWIDTH 500 0
DWIDTH 8 0
BBX 8 16 0 -3
BITMAP
00
0C
30
00
00
3C
44
40
38
40
40
44
38
00
00
00
ENDCHAR
STARTCHAR etatonos
ENCODING 942
SWIDTH 500 0
DWIDTH 8 0
BBX 8 16 0 -3
BITMAP
00
0C
30
00
00
6C
32
22
22
22
22
22
62
02
02
00
ENDCHAR
STARTCHAR iotatonos
ENCODING 943
SWIDTH 500 0
DWIDTH 8 0
BBX 8 16 0 -3
BITMAP
00
0C
30
00
00
30
10
10
10
10
10
10
0C
00
00
00
ENDCHAR
STARTCHAR upsilondieresistonos
ENCODING 944
SWIDTH 500 0
DWIDTH 8 0
BBX 8 16 0 -3
BITMAP
0C
30
00
6C
00
C4
42
42
42
42
42
44
38
00
00
00
ENDCHAR
STARTCHAR alpha
ENCODING 945
SWIDTH 500 0
DWIDTH 8 0
BBX 8 16 0 -3
BITMAP
00
00
00
00
00
62
92
94
88
88
94
92
62
00
00
00
ENDCHAR
STARTCHAR beta
ENCODING 946
SWIDTH 500 0
DWIDTH 8 0
BBX 8 16 0 -3
BITMAP
00
00
38
44
44
44
58
44
42
42
42
42
5C
40
40
00
ENDCHAR
STARTCHAR gamma
ENCODING 947
SWIDTH 500 0
DWIDTH 8 0
BBX 8 16 0 -3
BITMAP
00
00
00
00
00
66
22
22
24
14
14
08
08
08
18
00
ENDCHAR
STARTCHAR delta
ENCODING 948
SWIDTH 500 0
DWIDTH 8 0
BBX 8 16 0 -3
BITMAP
00
00
3C
42
20
10
3C
42
42
42
42
42
3C
00
00
00
ENDCHAR
STARTCHAR epsilon
ENCODING 949
SWIDTH 500 0
DWIDTH 8 0
BBX 8 16 0 -3
BITMAP
00
00
00
00
00
3C
44
40
38
40
40
44
38
00
00
00
ENDCHAR
STARTCHAR zeta
ENCODING 950
SWIDTH 500 0
DWIDTH 8 0
BBX 8 16 0 -3
BITMAP
00
00
64
18
10
20
20
40
40
40
40
40
3C
02
0C
00
ENDCHAR
STARTCHAR eta
ENCODING 951
SWIDTH 500 0
DWIDTH 8 0
BBX 8 16 0 -3
BITMAP
00
00
00
00
00
6C
32
22
22
22
22
22
62
02
02
00
ENDCHAR
STARTCHAR theta
ENCODING 952
SWIDTH 500 0
DWIDTH 8 0
BBX 8 16 0 -3
BITMAP
00
00
1C
22
22
22
12
4E
22
22
22
22
1C
00
00
00
ENDCHAR
STARTCHAR iota
ENCODING 953
SWIDTH 500 0
DWIDTH 8 0
BBX 8 16 0 -3
BITMAP
00
00
00
00
00
30
10
10
10
10
10
10
0C
00
00
00
ENDCHAR
STARTCHAR kappa
ENCODING 954
SWIDTH 500 0
DWIDTH 8 0
BBX 8 16 0 -3
BITMAP
00
00
00
00
00
C6
44
48
50
68
44
42
46
00
00
00
ENDCHAR
STARTCHAR lambda
ENCODING 955
SWIDTH 500 0
DWIDTH 8 0
BBX 8 16 0 -3
BITMAP
00
00
60
50
10
08
08
18
28
24
44
84
86
00
00
00
ENDCHAR
STARTCHAR uni03BC
ENCODING 956
SWIDTH 500 0
DWIDTH 8 0
BBX 8 16 0 -3
BITMAP
00
00
00
00
00
CC
44
44
44
44
44
64
5A
40
40
00
ENDCHAR
STARTCHAR nu
ENCODING 957
SWIDTH 500 0
DWIDTH 8 0
BBX 8 16 0 -3
BITMAP
00
00
00
00
00
C6
42
42
22
24
24
18
10
00
00
00
ENDCHAR
STARTCHAR xi
ENCODING 958
SWIDTH 500 0
DWIDTH 8 0
BBX 8 16 0 -3
BITMAP
00
00
64
18
20
40
40
3C
40
40
40
40
3C
02
0C
00
ENDCHAR
STARTCHAR omicron
ENCODING 959
SWIDTH 500 0
DWIDTH 8 0
BBX 8 16 0 -3
BITMAP
00
00
00
00
00
3C
42
42
42
42
42
42
3C
00
00
00
ENDCHAR
STARTCHAR pi
ENCODING 960
SWIDTH 500 0
DWIDTH 8 0
BBX 8 16 0 -3
BITMAP
00
00
00
00
00
7E
A4
24
24
24
24
44
46
00
00
00
ENDCHAR
STARTCHAR rho
ENCODING 961
SWIDTH 500 0
DWIDTH 8 0
BBX 8 16 0 -3
BITMAP
00
00
00
00
00
3C
42
42
42
42
64
58
40
40
60
00
ENDCHAR
STARTCHAR sigma1
ENCODING 962
SWIDTH 500 0
DWIDTH 8 0
BBX 8 16 0 -3
BITMAP
00
00
00
00
00
3E
42
40
40
40
40
20
1E
02
1C
00
ENDCHAR
STARTCHAR sigma
ENCODING 963
SWIDTH 500 0
DWIDTH 8 0
BBX 8 16 0 -3
BITMAP
00
00
00
00
00
7E
88
84
84
84
84
84
78
00
00
00
ENDCHAR
STARTCHAR tau
ENCODING 964
SWIDTH 500 0
DWIDTH 8 0
BBX 8 16 0 -3
BITMAP
00
00
00
00
00
7E
90
10
10
10
10
10
10
00
00
00
ENDCHAR
STARTCHAR upsilon
ENCODING 965
SWIDTH 500 0
DWIDTH 8 0
BBX 8 16 0 -3
BITMAP
00
00
00
00
00
C4
42
42
42
42
42
44
38
00
00
00
ENDCHAR
STARTCHAR phi
ENCODING 966
SWIDTH 500 0
DWIDTH 8 0
BBX 8 16 0 -3
BITMAP
00
00
00
00
00
5C
92
92
92
92
92
92
7C
10
38
00
ENDCHAR
STARTCHAR chi
ENCODING 967
SWIDTH 500 0
DWIDTH 8 0
BBX 8 16 0 -3
BITMAP
00
00
00
00
00
86
44
28
28
10
28
28
44
44
C2
00
ENDCHAR
STARTCHAR psi
ENCODING 968
SWIDTH 500 0
DWIDTH 8 0
BBX 8 16 0 -3
BITMAP
00
00
00
00
00
D6
92
92
92
92
92
92
7C
10
38
00
ENDCHAR
STARTCHAR omega
ENCODING 969
SWIDTH 500 0
DWIDTH 8 0
BBX 8 16 0 -3
BITMAP
00
00
00
00
00
44
92
92
92
92
92
92
6C
00
00
00
ENDCHAR
STARTCHAR iotadieresis
ENCODING 970
SWIDTH 500 0
DWIDTH 8 0
BBX 8 16 0 -3
BITMAP
00
00
6C
00
00
30
10
10
10
10
10
10
0C
00
00
00
ENDCHAR
STARTCHAR upsilondieresis
ENCODING 971
SWIDTH 500 0
DWIDTH 8 0
BBX 8 16 0 -3
BITMAP
00
00
6C
00
00
C4
42
42
42
42
42
44
38
00
00
00
ENDCHAR
STARTCHAR omicrontonos
ENCODING 972
SWIDTH 500 0
DWIDTH 8 0
BBX 8 16 0 -3
BITMAP
00
0C
30
00
00
3C
42
42
42
42
42
42
3C
00
00
00
ENDCHAR
STARTCHAR upsilontonos
ENCODING 973
SWIDTH 500 0
DWIDTH 8 0
BBX 8 16 0 -3
BITMAP
00
0C
30
00
00
C4
42
42
42
42
42
44
38
00
00
00
ENDCHAR
STARTCHAR omegatonos
ENCODING 974
SWIDTH 500 0
DWIDTH 8 0
BBX 8 16 0 -3
BITMAP
00
0C
30
00
00
44
92
92
92
92
92
92
6C
00
00
00
ENDCHAR
STARTCHAR uni03D0
ENCODING 976
SWIDTH 500 0
DWIDTH 8 0
BBX 8 16 0 -3
BITMAP
00
00
38
44
44
44
58
44
42
42
42
42
5C
40
40
00
ENDCHAR
STARTCHAR uni03F4
ENCODING 1012
SWIDTH 500 0
DWIDTH 8 0
BBX 8 16 0 -3
BITMAP
00
00
18
24
42
42
42
7E
42
42
42
24
18
00
00
00
ENDCHAR
STARTCHAR uni0400
ENCODING 1024
SWIDTH 500 0
DWIDTH 8 0
BBX 8 16 0 -3
BITMAP
60
18
00
FE
42
40
44
7C
44
40
40
42
FE
00
00
00
ENDCHAR
STARTCHAR uni0401
ENCODING 1025
SWIDTH 500 0
DWIDTH 8 0
BBX 8 16 0 -3
BITMAP
6C
00
FE
42
40
40
44
7C
44
40
40
42
FE
00
00
00
ENDCHAR
STARTCHAR uni0402
ENCODING 1026
SWIDTH 500 0
DWIDTH 8 0
BBX 8 16 0 -3
BITMAP
00
00
FC
44
40
5C
62
42
42
42
42
42
E2
04
18
00
ENDCHAR
STARTCHAR uni0403
ENCODING 1027
SWIDTH 500 0
DWIDTH 8 0
BBX 8 16 0 -3
BITMAP
0C
30
00
FE
42
42
40
40
40
40
40
40
E0
00
00
00
ENDCHAR
STARTCHAR uni0404
ENCODING 1028
SWIDTH 500 0
DWIDTH 8 0
BBX 8 16 0 -3
BITMAP
00
00
3C
42
40
40
40
7C
40
40
42
44
38
00
00
00
ENDCHAR
STARTCHAR uni0405
ENCODING 1029
SWIDTH 500 0
DWIDTH 8 0
BBX 8 16 0 -3
BITMAP
00
00
3E
42
40
40
40
3C
02
02
02
42
7C
00
00
00
ENDCHAR
STARTCHAR uni0406
ENCODING 1030
SWIDTH 500 0
DWIDTH 8 0
BBX 8 16 0 -3
BITMAP
00
00
7C
10
10
10
10
10
10
10
10
10
7C
00
00
00
ENDCHAR
STARTCHAR uni0407
ENCODING 1031
SWIDTH 500 0
DWIDTH 8 0
BBX 8 16 0 -3
BITMAP
6C
00
7C
10
10
10
10
10
10
10
10
10
7C
00
00
00
ENDCHAR
STARTCHAR uni0408
ENCODING 1032
SWIDTH 500 0
DWIDTH 8 0
BBX 8 16 0 -3
BITMAP
00
00
1E
04
04
04
04
04
04
84
84
88
70
00
00
00
ENDCHAR
STARTCHAR uni0409
ENCODING 1033
SWIDTH 500 0
DWIDTH 8 0
BBX 8 16 0 -3
BITMAP
00
00
F0
50
50
50
50
58
54
52
52
52
DC
00
00
00
ENDCHAR
STARTCHAR uni040A
ENCODING 1034
SWIDTH 500 0
DWIDTH 8 0
BBX 8 16 0 -3
BITMAP
00
00
98
90
90
90
90
F8
94
92
92
92
9C
00
00
00
ENDCHAR
STARTCHAR uni040B
ENCODING 1035
SWIDTH 500 0
DWIDTH 8 0
BBX 8 16 0 -3
BITMAP
00
00
FC
44
40
40
5C
62
42
42
42
42
E6
00
00
00
ENDCHAR
STARTCHAR uni040C
ENCODING 1036
SWIDTH 500 0
DWIDTH 8 0
BBX 8 16 0 -3
BITMAP
0C
30
00
CE
84
88
90
A0
D0
88
84
84
CE
00
00
00
ENDCHAR
STARTCHAR uni040D
ENCODING 1037
SWIDTH 500 0
DWIDTH 8 0
BBX 8 16 0 -3
BITMAP
60
18
00
E2
46
46
4A
4A
52
52
62
62
C6
00
00
00
ENDCHAR
STARTCHAR uni040E
ENCODING 1038
SWIDTH 500 0
DWIDTH 8 0
BBX 8 16 0 -3
BITMAP
44
38
00
E6
42
42
24
24
28
10
10
A0
C0
00
00
00
ENDCHAR
STARTCHAR uni040F
ENCODING 1039
SWIDTH 500 0
DWIDTH 8 0
BBX 8 16 0 -3
BITMAP
00
00
E6
44
44
44
44
44
44
44
44
44
7C
10
10
00
ENDCHAR
STARTCHAR uni0410
ENCODING 1040
SWIDTH 500 0
DWIDTH 8 0
BBX 8 16 0 -3
BITMAP
00
00
70
10
28
28
28
44
44
7C
82
82
C6
00
00
00
ENDCHAR
STARTCHAR uni0411
ENCODING 1041
SWIDTH 500 0
DWIDTH 8 0
BBX 8 16 0 -3
BITMAP
00
00
FE
42
40
40
40
78
44
42
42
42
FC
00
00
00
ENDCHAR
STARTCHAR uni0412
ENCODING 1042
SWIDTH 500 0
DWIDTH 8 0
BBX 8 16 0 -3
BITMAP
00
00
FC
42
42
42
44
78
44
42
42
42
FC
00
00
00
ENDCHAR
STARTCHAR uni0413
ENCODING 1043
SWIDTH 500 0
DWIDTH 8 0
BBX 8 16 0 -3
BITMAP
00
00
FE
42
42
40
40
40
40
40
40
40
E0
00
00
00
ENDCHAR
STARTCHAR uni0414
ENCODING 1044
SWIDTH 500 0
DWIDTH 8 0
BBX 8 16 0 -3
BITMAP
00
00
7E
24
24
24
44
44
44
84
84
84
FE
82
00
00
ENDCHAR
STARTCHAR uni0415
ENCODING 1045
SWIDTH 500 0
DWIDTH 8 0
BBX 8 16 0 -3
BITMAP
00
00
FE
42
40
40
44
7C
44
40
40
42
FE
00
00
00
ENDCHAR
STARTCHAR uni0416
ENCODING 1046
SWIDTH 500 0
DWIDTH 8 0
BBX 8 16 0 -3
BITMAP
00
00
D6
54
54
54
38
10
38
54
54
54
D6
00
00
00
ENDCHAR
STARTCHAR uni0417
ENCODING 1047
SWIDTH 500 0
DWIDTH 8 0
BBX 8 16 0 -3
BITMAP
00
00
3C
42
42
02
02
1C
02
42
42
22
1C
00
00
00
ENDCHAR
STARTCHAR uni0418
ENCODING 1048
SWIDTH 500 0
DWIDTH 8 0
BBX 8 16 0 -3
BITMAP
00
00
E2
42
46
46
4A
4A
52
52
62
62
C6
00
00
00
ENDCHAR
STARTCHAR uni0419
ENCODING 1049
SWIDTH 500 0
DWIDTH 8 0
BBX 8 16 0 -3
BITMAP
44
38
00
E2
46
46
4A
4A
52
52
62
62
C6
00
00
00
ENDCHAR
STARTCHAR uni041A
ENCODING 1050
SWIDTH 500 0
DWIDTH 8 0
BBX 8 16 0 -3
BITMAP
00
00
CE
84
88
90
A0
D0
88
88
84
84
CE
00
00
00
ENDCHAR
STARTCHAR uni041B
ENCODING 1051
SWIDTH 500 0
DWIDTH 8 0
BBX 8 16 0 -3
BITMAP
00
00
7E
24
24
24
24
24
24
24
44
44
86
00
00
00
ENDCHAR
STARTCHAR uni041C
ENCODING 1052
SWIDTH 500 0
DWIDTH 8 0
BBX 8 16 0 -3
BITMAP
00
00
82
C6
AA
AA
92
92
82
82
82
82
C6
00
00
00
ENDCHAR
STARTCHAR uni041D
ENCODING 1053
SWIDTH 500 0
DWIDTH 8 0
BBX 8 16 0 -3
BITMAP
00
00
E6
42
42
42
42
7E
42
42
42
42
E6
00
00
00
ENDCHAR
STARTCHAR uni041E
ENCODING 1054
SWIDTH 500 0
DWIDTH 8 0
BBX 8 16 0 -3
BITMAP
00
00
38
44
82
82
82
82
82
82
82
44
38
00
00
00
ENDCHAR
STARTCHAR uni041F
ENCODING 1055
SWIDTH 500 0
DWIDTH 8 0
BBX 8 16 0 -3
BITMAP
00
00
FE
44
44
44
44
44
44
44
44
44
E6
00
00
00
ENDCHAR
STARTCHAR uni0420
ENCODING 1056
SWIDTH 500 0
DWIDTH 8 0
BBX 8 16 0 -3
BITMAP
00
00
FC
42
42
42
42
7C
40
40
40
40
E0
00
00
00
ENDCHAR
STARTCHAR uni0421
ENCODING 1057
SWIDTH 500 0
DWIDTH 8 0
BBX 8 16 0 -3
BITMAP
00
00
3E
42
82
80
80
80
80
82
82
44
38
00
00
00
ENDCHAR
STARTCHAR uni0422
ENCODING 1058
SWIDTH 500 0
DWIDTH 8 0
BBX 8 16 0 -3
BITMAP
00
00
FE
92
92
10
10
10
10
10
10
10
38
00
00
00
ENDCHAR
STARTCHAR uni0423
ENCODING 1059
SWIDTH 500 0
DWIDTH 8 0
BBX 8 16 0 -3
BITMAP
00
00
E6
42
42
24
24
28
28
10
10
A0
C0
00
00
00
ENDCHAR
STARTCHAR uni0424
ENCODING 1060
SWIDTH 500 0
DWIDTH 8 0
BBX 8 16 0 -3
BITMAP
00
00
7C
10
38
54
92
92
92
54
38
10
7C
00
00
00
ENDCHAR
STARTCHAR uni0425
ENCODING 1061
SWIDTH 500 0
DWIDTH 8 0
BBX 8 16 0 -3
BITMAP
00
00
C6
44
44
28
28
10
28
28
44
44
C6
00
00
00
ENDCHAR
STARTCHAR uni0426
ENCODING 1062
SWIDTH 500 0
DWIDTH 8 0
BBX 8 16 0 -3
BITMAP
00
00
E6
44
44
44
44
44
44
44
44
44
7E
02
02
00
ENDCHAR
STARTCHAR uni0427
ENCODING 1063
SWIDTH 500 0
DWIDTH 8 0
BBX 8 16 0 -3
BITMAP
00
00
E6
44
44
44
44
44
4C
34
04
04
0E
00
00
00
ENDCHAR
STARTCHAR uni0428
ENCODING 1064
SWIDTH 500 0
DWIDTH 8 0
BBX 8 16 0 -3
BITMAP
00
00
92
92
92
92
92
92
92
92
92
92
FE
00
00
00
ENDCHAR
STARTCHAR uni0429
ENCODING 1065
SWIDTH 500 0
DWIDTH 8 0
BBX 8 16 0 -3
BITMAP
00
00
92
92
92
92
92
92
92
92
92
92
FE
02
02
00
ENDCHAR
STARTCHAR uni042A
ENCODING 1066
SWIDTH 500 0
DWIDTH 8 0
BBX 8 16 0 -3
BITMAP
00
00
E0
20
20
20
20
38
24
22
22
22
3C
00
00
00
ENDCHAR
STARTCHAR uni042B
ENCODING 1067
SWIDTH 500 0
DWIDTH 8 0
BBX 8 16 0 -3
BITMAP
00
00
CE
84
84
84
84
C4
A4
94
94
94
E6
00
00
00
ENDCHAR
STARTCHAR uni042C
ENCODING 1068
SWIDTH 500 0
DWIDTH 8 0
BBX 8 16 0 -3
BITMAP
00
00
E0
40
40
40
40
78
44
42
42
42
FC
00
00
00
ENDCHAR
STARTCHAR uni042D
ENCODING 1069
SWIDTH 500 0
DWIDTH 8 0
BBX 8 16 0 -3
BITMAP
00
00
3C
42
02
02
02
3E
02
02
42
22
1C
00
00
00
ENDCHAR
STARTCHAR uni042E
ENCODING 1070
SWIDTH 500 0
DWIDTH 8 0
BBX 8 16 0 -3
BITMAP
00
00
CC
52
52
52
52
72
52
52
52
52
CC
00
00
00
ENDCHAR
STARTCHAR uni042F
ENCODING 1071
SWIDTH 500 0
DWIDTH 8 0
BBX 8 16 0 -3
BITMAP
00
00
7E
84
84
84
84
7C
44
44
84
84
C6
00
00
00
ENDCHAR
STARTCHAR uni0430
ENCODING 1072
SWIDTH 500 0
DWIDTH 8 0
BBX 8 16 0 -3
BITMAP
00
00
00
00
00
78
84
04
7C
84
84
8C
76
00
00
00
ENDCHAR
STARTCHAR uni0431
ENCODING 1073
SWIDTH 500 0
DWIDTH 8 0
BBX 8 16 0 -3
BITMAP
00
00
1C
20
40
5C
62
42
42
42
42
42
3C
00
00
00
ENDCHAR
STARTCHAR uni0432
ENCODING 1074
SWIDTH 500 0
DWIDTH 8 0
BBX 8 16 0 -3
BITMAP
00
00
00
00
00
FC
42
42
7C
42
42
42
FC
00
00
00
ENDCHAR
STARTCHAR uni0433
ENCODING 1075
SWIDTH 500 0
DWIDTH 8 0
BBX 8 16 0 -3
BITMAP
00
00
00
00
00
7E
22
20
20
20
20
20
70
00
00
00
ENDCHAR
STARTCHAR uni0434
ENCODING 1076
SWIDTH 500 0
DWIDTH 8 0
BBX 8 16 0 -3
BITMAP
00
00
00
00
00
3E
14
14
24
24
24
44
7E
42
00
00
ENDCHAR
STARTCHAR uni0435
ENCODING 1077
SWIDTH 500 0
DWIDTH 8 0
BBX 8 16 0 -3
BITMAP
00
00
00
00
00
3C
42
42
7E
40
40
42
3C
00
00
00
ENDCHAR
STARTCHAR uni0436
ENCODING 1078
SWIDTH 500 0
DWIDTH 8 0
BBX 8 16 0 -3
BITMAP
00
00
00
00
00
D6
54
54
38
54
54
54
D6
00
00
00
ENDCHAR
STARTCHAR uni0437
ENCODING 1079
SWIDTH 500 0
DWIDTH 8 0
BBX 8 16 0 -3
BITMAP
00
00
00
00
00
3C
42
02
1C
02
42
42
3C
00
00
00
ENDCHAR
STARTCHAR uni0438
ENCODING 1080
SWIDTH 500 0
DWIDTH 8 0
BBX 8 16 0 -3
BITMAP
00
00
00
00
00
62
46
4A
4A
52
52
62
46
00
00
00
ENDCHAR
STARTCHAR uni0439
ENCODING 1081
SWIDTH 500 0
DWIDTH 8 0
BBX 8 16 0 -3
BITMAP
00
44
38
00
00
62
46
4A
4A
52
52
62
46
00
00
00
ENDCHAR
STARTCHAR uni043A
ENCODING 1082
SWIDTH 500 0
DWIDTH 8 0
BBX 8 16 0 -3
BITMAP
00
00
00
00
00
CE
44
48
50
68
44
42
C6
00
00
00
ENDCHAR
STARTCHAR uni043B
ENCODING 1083
SWIDTH 500 0
DWIDTH 8 0
BBX 8 16 0 -3
BITMAP
00
00
00
00
00
7E
24
24
24
24
44
44
86
00
00
00
ENDCHAR
STARTCHAR uni043C
ENCODING 1084
SWIDTH 500 0
DWIDTH 8 0
BBX 8 16 0 -3
BITMAP
00
00
00
00
00
82
C6
C6
AA
AA
92
92
C6
00
00
00
ENDCHAR
STARTCHAR uni043D
ENCODING 1085
SWIDTH 500 0
DWIDTH 8 0
BBX 8 16 0 -3
BITMAP
00
00
00
00
00
E6
42
42
7E
42
42
42
E6
00
00
00
ENDCHAR
STARTCHAR uni043E
ENCODING 1086
SWIDTH 500 0
DWIDTH 8 0
BBX 8 16 0 -3
BITMAP
00
00
00
00
00
3C
42
42
42
42
42
42
3C
00
00
00
ENDCHAR
STARTCHAR uni043F
ENCODING 1087
SWIDTH 500 0
DWIDTH 8 0
BBX 8 16 0 -3
BITMAP
00
00
00
00
00
FE
44
44
44
44
44
44
E6
00
00
00
ENDCHAR
STARTCHAR uni0440
ENCODING 1088
SWIDTH 500 0
DWIDTH 8 0
BBX 8 16 0 -3
BITMAP
00
00
00
00
00
DC
62
42
42
42
62
5C
40
40
E0
00
ENDCHAR
STARTCHAR uni0441
ENCODING 1089
SWIDTH 500 0
DWIDTH 8 0
BBX 8 16 0 -3
BITMAP
00
00
00
00
00
3E
42
40
40
40
42
42
3C
00
00
00
ENDCHAR
STARTCHAR uni0442
ENCODING 1090
SWIDTH 500 0
DWIDTH 8 0
BBX 8 16 0 -3
BITMAP
00
00
00
00
00
FE
92
10
10
10
10
10
38
00
00
00
ENDCHAR
STARTCHAR uni0443
ENCODING 1091
SWIDTH 500 0
DWIDTH 8 0
BBX 8 16 0 -3
BITMAP
00
00
00
00
00
C6
82
82
44
44
28
28
10
10
60
00
ENDCHAR
STARTCHAR uni0444
ENCODING 1092
SWIDTH 500 0
DWIDTH 8 0
BBX 8 16 0 -3
BITMAP
00
00
38
10
10
38
54
92
92
92
54
38
10
10
38
00
ENDCHAR
STARTCHAR uni0445
ENCODING 1093
SWIDTH 500 0
DWIDTH 8 0
BBX 8 16 0 -3
BITMAP
00
00
00
00
00
EE
44
28
10
10
28
44
EE
00
00
00
ENDCHAR
STARTCHAR uni0446
ENCODING 1094
SWIDTH 500 0
DWIDTH 8 0
BBX 8 16 0 -3
BITMAP
00
00
00
00
00
E6
44
44
44
44
44
44
7E
02
02
00
ENDCHAR
STARTCHAR uni0447
ENCODING 1095
SWIDTH 500 0
DWIDTH 8 0
BBX 8 16 0 -3
BITMAP
00
00
00
00
00
E6
44
44
44
4C
34
04
0E
00
00
00
ENDCHAR
STARTCHAR uni0448
ENCODING 1096
SWIDTH 500 0
DWIDTH 8 0
BBX 8 16 0 -3
BITMAP
00
00
00
00
00
92
92
92
92
92
92
92
FE
00
00
00
ENDCHAR
STARTCHAR uni0449
ENCODING 1097
SWIDTH 500 0
DWIDTH 8 0
BBX 8 16 0 -3
BITMAP
00
00
00
00
00
92
92
92
92
92
92
92
FE
02
02
00
ENDCHAR
STARTCHAR uni044A
ENCODING 1098
SWIDTH 500 0
DWIDTH 8 0
BBX 8 16 0 -3
BITMAP
00
00
00
00
00
E0
20
20
3C
22
22
22
3C
00
00
00
ENDCHAR
STARTCHAR uni044B
ENCODING 1099
SWIDTH 500 0
DWIDTH 8 0
BBX 8 16 0 -3
BITMAP
00
00
00
00
00
CE
84
84
E4
94
94
94
E6
00
00
00
ENDCHAR
STARTCHAR uni044C
ENCODING 1100
SWIDTH 500 0
DWIDTH 8 0
BBX 8 16 0 -3
BITMAP
00
00
00
00
00
E0
40
40
7C
42
42
42
7C
00
00
00
ENDCHAR
STARTCHAR uni044D
ENCODING 1101
SWIDTH 500 0
DWIDTH 8 0
BBX 8 16 0 -3
BITMAP
00
00
00
00
00
3C
42
02
1E
02
02
42
3C
00
00
00
ENDCHAR
STARTCHAR uni044E
ENCODING 1102
SWIDTH 500 0
DWIDTH 8 0
BBX 8 16 0 -3
BITMAP
00
00
00
00
00
CC
52
52
72
52
52
52
CC
00
00
00
ENDCHAR
STARTCHAR uni044F
ENCODING 1103
SWIDTH 500 0
DWIDTH 8 0
BBX 8 16 0 -3
BITMAP
00
00
00
00
00
3E
44
44
44
3C
24
44
66
00
00
00
ENDCHAR
STARTCHAR uni0450
ENCODING 1104
SWIDTH 500 0
DWIDTH 8 0
BBX 8 16 0 -3
BITMAP
00
30
0C
00
00
3C
42
42
7E
40
40
42
3C
00
00
00
ENDCHAR
STARTCHAR uni0451
ENCODING 1105
SWIDTH 500 0
DWIDTH 8 0
BBX 8 16 0 -3
BITMAP
00
00
6C
00
00
3C
42
42
7E
40
40
42
3C
00
00
00
ENDCHAR
STARTCHAR uni0452
ENCODING 1106
SWIDTH 500 0
DWIDTH 8 0
BBX 8 16 0 -3
BITMAP
00
00
00
00
00
3C
42
40
78
40
40
42
3C
00
00
00
ENDCHAR
STARTCHAR uni0453
ENCODING 1107
SWIDTH 500 0
DWIDTH 8 0
BBX 8 16 0 -3
BITMAP
00
0C
30
00
00
7E
22
20
20
20
20
20
70
00
00
00
ENDCHAR
STARTCHAR uni0454
ENCODING 1108
SWIDTH 500 0
DWIDTH 8 0
BBX 8 16 0 -3
BITMAP
00
00
C0
40
F8
40
5C
62
42
42
42
42
E2
04
18
00
ENDCHAR
STARTCHAR uni0455
ENCODING 1109
SWIDTH 500 0
DWIDTH 8 0
BBX 8 16 0 -3
BITMAP
00
00
00
00
00
3E
42
40
30
0C
02
42
7C
00
00
00
ENDCHAR
STARTCHAR uni0456
ENCODING 1110
SWIDTH 500 0
DWIDTH 8 0
BBX 8 16 0 -3
BITMAP
00
00
18
00
00
38
08
08
08
08
08
08
7E
00
00
00
ENDCHAR
STARTCHAR uni0457
ENCODING 1111
SWIDTH 500 0
DWIDTH 8 0
BBX 8 16 0 -3
BITMAP
00
00
6C
00
00
38
08
08
08
08
08
08
7E
00
00
00
ENDCHAR
STARTCHAR uni0458
ENCODING 1112
SWIDTH 500 0
DWIDTH 8 0
BBX 8 16 0 -3
BITMAP
00
00
0C
00
00
1C
04
04
04
04
04
04
84
88
70
00
ENDCHAR
STARTCHAR uni0459
ENCODING 1113
SWIDTH 500 0
DWIDTH 8 0
BBX 8 16 0 -3
BITMAP
00
00
00
00
00
F0
50
50
5C
52
52
52
DC
00
00
00
ENDCHAR
STARTCHAR uni045A
ENCODING 1114
SWIDTH 500 0
DWIDTH 8 0
BBX 8 16 0 -3
BITMAP
00
00
00
00
00
98
90
90
FC
92
92
92
9C
00
00
00
ENDCHAR
STARTCHAR uni045B
ENCODING 1115
SWIDTH 500 0
DWIDTH 8 0
BBX 8 16 0 -3
BITMAP
00
00
C0
40
F8
40
5C
62
42
42
42
42
E6
00
00
00
ENDCHAR
STARTCHAR uni045C
ENCODING 1116
SWIDTH 500 0
DWIDTH 8 0
BBX 8 16 0 -3
BITMAP
00
0C
30
00
00
CE
44
48
50
68
44
42
C6
00
00
00
ENDCHAR
STARTCHAR uni045D
ENCODING 1117
SWIDTH 500 0
DWIDTH 8 0
BBX 8 16 0 -3
BITMAP
00
30
0C
00
00
62
46
4A
4A
52
52
62
46
00
00
00
ENDCHAR
STARTCHAR uni045E
ENCODING 1118
SWIDTH 500 0
DWIDTH 8 0
BBX 8 16 0 -3
BITMAP
00
44
38
00
00
C6
82
82
44
44
28
28
10
10
60
00
ENDCHAR
STARTCHAR uni045F
ENCODING 1119
SWIDTH 500 0
DWIDTH 8 0
BBX 8 16 0 -3
BITMAP
00
00
00
00
00
E6
44
44
44
44
44
44
7C
10
10
00
ENDCHAR
STARTCHAR uni0490
ENCODING 1168
SWIDTH 500 0
DWIDTH 8 0
BBX 8 16 0 -3
BITMAP
02
02
FE
40
40
40
40
40
40
40
40
40
E0
00
00
00
ENDCHAR
STARTCHAR uni0491
ENCODING 1169
SWIDTH 500 0
DWIDTH 8 0
BBX 8 16 0 -3
BITMAP
00
00
00
02
02
7E
20
20
20
20
20
20
70
00
00
00
ENDCHAR
STARTCHAR uni05BE
ENCODING 1470
SWIDTH 500 0
DWIDTH 8 0
BBX 8 16 0 -3
BITMAP
00
00
00
7C
00
00
00
00
00
00
00
00
00
00
00
00
ENDCHAR
STARTCHAR uni05D0
ENCODING 1488
SWIDTH 500 0
DWIDTH 8 0
BBX 8 16 0 -3
BITMAP
00
00
84
C6
42
22
62
94
88
88
84
84
C2
00
00
00
ENDCHAR
STARTCHAR uni05D1
ENCODING 1489
SWIDTH 500 0
DWIDTH 8 0
BBX 8 16 0 -3
BITMAP
00
00
80
F8
04
04
04
04
04
04
04
08
FE
00
00
00
ENDCHAR
STARTCHAR uni05D2
ENCODING 1490
SWIDTH 500 0
DWIDTH 8 0
BBX 8 16 0 -3
BITMAP
00
00
20
38
04
04
04
04
04
04
0A
12
62
00
00
00
ENDCHAR
STARTCHAR uni05D3
ENCODING 1491
SWIDTH 500 0
DWIDTH 8 0
BBX 8 16 0 -3
BITMAP
00
00
80
FE
08
08
08
08
08
08
08
08
08
00
00
00
ENDCHAR
STARTCHAR uni05D4
ENCODING 1492
SWIDTH 500 0
DWIDTH 8 0
BBX 8 16 0 -3
BITMAP
00
00
80
FC
02
02
02
02
42
42
42
42
C2
00
00
00
ENDCHAR
STARTCHAR uni05D5
ENCODING 1493
SWIDTH 500 0
DWIDTH 8 0
BBX 8 16 0 -3
BITMAP
00
00
20
38
04
04
04
04
04
04
04
04
04
00
00
00
ENDCHAR
STARTCHAR uni05D6
ENCODING 1494
SWIDTH 500 0
DWIDTH 8 0
BBX 8 16 0 -3
BITMAP
00
00
40
78
14
20
20
20
10
10
10
10
30
00
00
00
ENDCHAR
STARTCHAR uni05D7
ENCODING 1495
SWIDTH 500 0
DWIDTH 8 0
BBX 8 16 0 -3
BITMAP
00
00
80
FC
42
82
82
82
82
82
82
82
82
00
00
00
ENDCHAR
STARTCHAR uni05D8
ENCODING 1496
SWIDTH 500 0
DWIDTH 8 0
BBX 8 16 0 -3
BITMAP
00
00
80
DC
52
92
92
82
82
82
82
84
F8
00
00
00
ENDCHAR
STARTCHAR uni05D9
ENCODING 1497
SWIDTH 500 0
DWIDTH 8 0
BBX 8 16 0 -3
BITMAP
00
00
20
38
04
04
08
00
00
00
00
00
00
00
00
00
ENDCHAR
STARTCHAR uni05DA
ENCODING 1498
SWIDTH 500 0
DWIDTH 8 0
BBX 8 16 0 -3
BITMAP
00
00
80
FC
08
04
04
04
04
04
04
04
04
04
06
00
ENDCHAR
STARTCHAR uni05DB
ENCODING 1499
SWIDTH 500 0
DWIDTH 8 0
BBX 8 16 0 -3
BITMAP
00
00
80
FC
02
02
02
02
02
02
02
04
F8
00
00
00
ENDCHAR
STARTCHAR uni05DC
ENCODING 1500
SWIDTH 500 0
DWIDTH 8 0
BBX 8 16 0 -3
BITMAP
E0
80
80
FE
02
02
02
02
04
08
10
10
18
00
00
00
ENDCHAR
STARTCHAR uni05DD
ENCODING 1501
SWIDTH 500 0
DWIDTH 8 0
BBX 8 16 0 -3
BITMAP
00
00
80
FC
42
82
82
82
82
82
82
82
FE
00
00
00
ENDCHAR
STARTCHAR uni05DE
ENCODING 1502
SWIDTH 500 0
DWIDTH 8 0
BBX 8 16 0 -3
BITMAP
00
00
80
DC
22
42
42
82
82
82
82
82
9C
00
00
00
ENDCHAR
STARTCHAR uni05DF
ENCODING 1503
SWIDTH 500 0
DWIDTH 8 0
BBX 8 16 0 -3
BITMAP
00
00
20
38
04
08
08
08
08
08
08
08
08
08
0C
00
ENDCHAR
STARTCHAR uni05E0
ENCODING 1504
SWIDTH 500 0
DWIDTH 8 0
BBX 8 16 0 -3
BITMAP
00
00
20
30
08
04
04
04
04
04
04
04
3C
00
00
00
ENDCHAR
STARTCHAR uni05E1
ENCODING 1505
SWIDTH 500 0
DWIDTH 8 0
BBX 8 16 0 -3
BITMAP
00
00
80
F8
44
82
82
82
82
82
82
42
3C
00
00
00
ENDCHAR
STARTCHAR uni05E2
ENCODING 1506
SWIDTH 500 0
DWIDTH 8 0
BBX 8 16 0 -3
BITMAP
00
00
88
EC
42
42
22
22
12
14
08
10
E0
00
00
00
ENDCHAR
STARTCHAR uni05E3
ENCODING 1507
SWIDTH 500 0
DWIDTH 8 0
BBX 8 16 0 -3
BITMAP
00
00
80
F8
44
84
84
E4
84
04
04
04
04
04
06
00
ENDCHAR
STARTCHAR uni05E4
ENCODING 1508
SWIDTH 500 0
DWIDTH 8 0
BBX 8 16 0 -3
BITMAP
00
00
80
FC
42
82
82
F2
82
02
02
04
F8
00
00
00
ENDCHAR
STARTCHAR uni05E5
ENCODING 1509
SWIDTH 500 0
DWIDTH 8 0
BBX 8 16 0 -3
BITMAP
00
00
84
C6
22
24
48
70
40
40
40
40
40
40
60
00
ENDCHAR
STARTCHAR uni05E6
ENCODING 1510
SWIDTH 500 0
DWIDTH 8 0
BBX 8 16 0 -3
BITMAP
00
00
88
CC
22
22
14
18
08
04
02
02
FC
00
00
00
ENDCHAR
STARTCHAR uni05E7
ENCODING 1511
SWIDTH 500 0
DWIDTH 8 0
BBX 8 16 0 -3
BITMAP
00
00
80
FC
02
02
82
84
88
90
98
80
80
C0
00
00
ENDCHAR
STARTCHAR uni05E8
ENCODING 1512
SWIDTH 500 0
DWIDTH 8 0
BBX 8 16 0 -3
BITMAP
00
00
80
FC
02
02
02
02
02
02
02
02
02
00
00
00
ENDCHAR
STARTCHAR uni05E9
ENCODING 1513
SWIDTH 500 0
DWIDTH 8 0
BBX 8 16 0 -3
BITMAP
00
00
84
D6
52
92
92
92
A2
A4
A4
C8
F0
00
00
00
ENDCHAR
STARTCHAR uni05EA
ENCODING 1514
SWIDTH 500 0
DWIDTH 8 0
BBX 8 16 0 -3
BITMAP
00
00
80
FC
22
42
42
42
42
22
22
22
E2
00
00
00
ENDCHAR
STARTCHAR uni05F0
ENCODING 1520
SWIDTH 500 0
DWIDTH 8 0
BBX 8 16 0 -3
BITMAP
00
00
88
CC
22
22
22
22
22
22
22
22
22
00
00
00
ENDCHAR
STARTCHAR uni05F1
ENCODING 1521
SWIDTH 500 0
DWIDTH 8 0
BBX 8 16 0 -3
BITMAP
00
00
88
CC
22
22
42
02
02
02
02
02
02
00
00
00
ENDCHAR
STARTCHAR uni05F2
ENCODING 1522
SWIDTH 500 0
DWIDTH 8 0
BBX 8 16 0 -3
BITMAP
00
00
88
CC
22
22
44
00
00
00
00
00
00
00
00
00
ENDCHAR
STARTCHAR uni05F3
ENCODING 1523
SWIDTH 500 0
DWIDTH 8 0
BBX 8 16 0 -3
BITMAP
00
08
08
10
20
00
00
00
00
00
00
00
00
00
00
00
ENDCHAR
STARTCHAR uni05F4
ENCODING 1524
SWIDTH 500 0
DWIDTH 8 0
BBX 8 16 0 -3
BITMAP
00
12
12
24
48
00
00
00
00
00
00
00
00
00
00
00
ENDCHAR
STARTCHAR uni1D1B
ENCODING 7451
SWIDTH 500 0
DWIDTH 8 0
BBX 8 16 0 -3
BITMAP
00
00
00
00
00
66
98
10
10
10
10
10
10
10
10
00
ENDCHAR
STARTCHAR uni1D26
ENCODING 7462
SWIDTH 500 0
DWIDTH 8 0
BBX 8 16 0 -3
BITMAP
00
00
FE
42
42
40
40
40
40
40
40
40
E0
00
00
00
ENDCHAR
STARTCHAR uni1D28
ENCODING 7464
SWIDTH 500 0
DWIDTH 8 0
BBX 8 16 0 -3
BITMAP
00
00
00
00
00
7E
A4
24
24
24
24
44
46
00
00
00
ENDCHAR
STARTCHAR Wgrave
ENCODING 7808
SWIDTH 500 0
DWIDTH 8 0
BBX 8 16 0 -3
BITMAP
60
18
00
C6
82
92
92
92
54
54
54
6C
44
00
00
00
ENDCHAR
STARTCHAR wgrave
ENCODING 7809
SWIDTH 500 0
DWIDTH 8 0
BBX 8 16 0 -3
BITMAP
00
60
18
00
00
C6
82
92
92
92
54
6C
44
00
00
00
ENDCHAR
STARTCHAR Wacute
ENCODING 7810
SWIDTH 500 0
DWIDTH 8 0
BBX 8 16 0 -3
BITMAP
0C
30
00
C6
82
92
92
92
54
54
54
6C
44
00
00
00
ENDCHAR
STARTCHAR wacute
ENCODING 7811
SWIDTH 500 0
DWIDTH 8 0
BBX 8 16 0 -3
BITMAP
00
0C
30
00
00
C6
82
92
92
92
54
6C
44
00
00
00
ENDCHAR
STARTCHAR Wdieresis
ENCODING 7812
SWIDTH 500 0
DWIDTH 8 0
BBX 8 16 0 -3
BITMAP
6C
00
C6
82
82
92
92
92
54
54
54
6C
44
00
00
00
ENDCHAR
STARTCHAR wdieresis
ENCODING 7813
SWIDTH 500 0
DWIDTH 8 0
BBX 8 16 0 -3
BITMAP
00
00
6C
00
00
C6
82
92
92
92
54
6C
44
00
00
00
ENDCHAR
STARTCHAR uni1E9F
ENCODING 7839
SWIDTH 500 0
DWIDTH 8 0
BBX 8 16 0 -3
BITMAP
00
00
3C
42
20
10
3C
42
42
42
42
42
3C
00
00
00
ENDCHAR
STARTCHAR Ygrave
ENCODING 7922
SWIDTH 500 0
DWIDTH 8 0
BBX 8 16 0 -3
BITMAP
60
18
00
C6
82
44
44
28
10
10
10
10
38
00
00
00
ENDCHAR
STARTCHAR ygrave
ENCODING 7923
SWIDTH 500 0
DWIDTH 8 0
BBX 8 16 0 -3
BITMAP
00
60
18
00
00
C6
82
82
44
44
28
28
10
10
60
00
ENDCHAR
STARTCHAR uni2010
ENCODING 8208
SWIDTH 500 0
DWIDTH 8 0
BBX 8 16 0 -3
BITMAP
00
00
00
00
00
00
00
FE
00
00
00
00
00
00
00
00
ENDCHAR
STARTCHAR figuredash
ENCODING 8210
SWIDTH 500 0
DWIDTH 8 0
BBX 8 16 0 -3
BITMAP
00
00
00
00
00
00
00
7C
00
00
00
00
00
00
00
00
ENDCHAR
STARTCHAR endash
ENCODING 8211
SWIDTH 500 0
DWIDTH 8 0
BBX 8 16 0 -3
BITMAP
00
00
00
00
00
00
00
7C
00
00
00
00
00
00
00
00
ENDCHAR
STARTCHAR emdash
ENCODING 8212
SWIDTH 500 0
DWIDTH 8 0
BBX 8 16 0 -3
BITMAP
00
00
00
00
00
00
00
FE
00
00
00
00
00
00
00
00
ENDCHAR
STARTCHAR uni2015
ENCODING 8213
SWIDTH 500 0
DWIDTH 8 0
BBX 8 16 0 -3
BITMAP
00
00
00
00
00
00
00
FF
00
00
00
00
00
00
00
00
ENDCHAR
STARTCHAR underscoredbl
ENCODING 8215
SWIDTH 500 0
DWIDTH 8 0
BBX 8 16 0 -3
BITMAP
00
00
00
00
00
00
00
00
00
00
00
00
FF
00
FF
00
ENDCHAR
STARTCHAR quoteleft
ENCODING 8216
SWIDTH 500 0
DWIDTH 8 0
BBX 8 16 0 -3
BITMAP
00
10
20
20
30
00
00
00
00
00
00
00
00
00
00
00
ENDCHAR
STARTCHAR quoteright
ENCODING 8217
SWIDTH 500 0
DWIDTH 8 0
BBX 8 16 0 -3
BITMAP
00
30
10
10
20
00
00
00
00
00
00
00
00
00
00
00
ENDCHAR
STARTCHAR quotesinglbase
ENCODING 8218
SWIDTH 500 0
DWIDTH 8 0
BBX 8 16 0 -3
BITMAP
00
00
00
00
00
00
00
00
00
00
00
30
10
10
20
00
ENDCHAR
STARTCHAR quotereversed
ENCODING 8219
SWIDTH 500 0
DWIDTH 8 0
BBX 8 16 0 -3
BITMAP
00
30
20
20
10
00
00
00
00
00
00
00
00
00
00
00
ENDCHAR
STARTCHAR quotedblleft
ENCODING 8220
SWIDTH 500 0
DWIDTH 8 0
BBX 8 16 0 -3
BITMAP
00
24
48
48
6C
00
00
00
00
00
00
00
00
00
00
00
ENDCHAR
STARTCHAR quotedblright
ENCODING 8221
SWIDTH 500 0
DWIDTH 8 0
BBX 8 16 0 -3
BITMAP
00
6C
24
24
48
00
00
00
00
00
00
00
00
00
00
00
ENDCHAR
STARTCHAR quotedblbase
ENCODING 8222
SWIDTH 500 0
DWIDTH 8 0
BBX 8 16 0 -3
BITMAP
00
00
00
00
00
00
00
00
00
00
00
6C
24
24
48
00
ENDCHAR
STARTCHAR uni201F
ENCODING 8223
SWIDTH 500 0
DWIDTH 8 0
BBX 8 16 0 -3
BITMAP
00
6C
48
48
24
00
00
00
00
00
00
00
00
00
00
00
ENDCHAR
STARTCHAR dagger
ENCODING 8224
SWIDTH 500 0
DWIDTH 8 0
BBX 8 16 0 -3
BITMAP
00
00
10
10
10
FE
10
10
10
10
10
10
10
00
00
00
ENDCHAR
STARTCHAR daggerdbl
ENCODING 8225
SWIDTH 500 0
DWIDTH 8 0
BBX 8 16 0 -3
BITMAP
00
00
10
10
10
FE
10
10
10
FE
10
10
10
00
00
00
ENDCHAR
STARTCHAR bullet
ENCODING 8226
SWIDTH 500 0
DWIDTH 8 0
BBX 8 16 0 -3
BITMAP
00
00
00
00
18
3C
3C
3C
3C
18
00
00
00
00
00
00
ENDCHAR
STARTCHAR ellipsis
ENCODING 8230
SWIDTH 500 0
DWIDTH 8 0
BBX 8 16 0 -3
BITMAP
00
00
00
00
00
00
00
00
00
00
00
92
92
00
00
00
ENDCHAR
STARTCHAR uni2027
ENCODING 8231
SWIDTH 500 0
DWIDTH 8 0
BBX 8 16 0 -3
BITMAP
00
00
00
00
00
38
38
38
38
00
00
00
00
00
00
00
ENDCHAR
STARTCHAR perthousand
ENCODING 8240
SWIDTH 500 0
DWIDTH 8 0
BBX 8 16 0 -3
BITMAP
00
60
90
90
92
64
08
10
20
52
AD
2D
2D
12
00
00
ENDCHAR
STARTCHAR minute
ENCODING 8242
SWIDTH 500 0
DWIDTH 8 0
BBX 8 16 0 -3
BITMAP
00
18
60
00
00
00
00
00
00
00
00
00
00
00
00
00
ENDCHAR
STARTCHAR second
ENCODING 8243
SWIDTH 500 0
DWIDTH 8 0
BBX 8 16 0 -3
BITMAP
00
22
CC
00
00
00
00
00
00
00
00
00
00
00
00
00
ENDCHAR
STARTCHAR uni2035
ENCODING 8245
SWIDTH 500 0
DWIDTH 8 0
BBX 8 16 0 -3
BITMAP
00
88
66
00
00
00
00
00
00
00
00
00
00
00
00
00
ENDCHAR
STARTCHAR guilsinglleft
ENCODING 8249
SWIDTH 500 0
DWIDTH 8 0
BBX 8 16 0 -3
BITMAP
00
00
00
00
04
08
10
20
10
08
04
00
00
00
00
00
ENDCHAR
STARTCHAR guilsinglright
ENCODING 8250
SWIDTH 500 0
DWIDTH 8 0
BBX 8 16 0 -3
BITMAP
00
00
00
00
20
10
08
04
08
10
20
00
00
00
00
00
ENDCHAR
STARTCHAR exclamdbl
ENCODING 8252
SWIDTH 500 0
DWIDTH 8 0
BBX 8 16 0 -3
BITMAP
00
00
24
24
24
24
24
24
24
00
00
24
24
00
00
00
ENDCHAR
STARTCHAR uni203E
ENCODING 8254
SWIDTH 500 0
DWIDTH 8 0
BBX 8 16 0 -3
BITMAP
FF
00
00
00
00
00
00
00
00
00
00
00
00
00
00
00
ENDCHAR
STARTCHAR uni203F
ENCODING 8255
SWIDTH 500 0
DWIDTH 8 0
BBX 8 16 0 -3
BITMAP
00
00
00
00
00
00
00
00
00
00
00
00
00
42
3C
00
ENDCHAR
STARTCHAR uni2040
ENCODING 8256
SWIDTH 500 0
DWIDTH 8 0
BBX 8 16 0 -3
BITMAP
00
3C
42
00
00
00
00
00
00
00
00
00
00
00
00
00
ENDCHAR
STARTCHAR fraction
ENCODING 8260
SWIDTH 500 0
DWIDTH 8 0
BBX 8 16 0 -3
BITMAP
00
02
02
04
04
08
08
10
10
10
20
20
40
40
00
00
ENDCHAR
STARTCHAR uni2054
ENCODING 8276
SWIDTH 500 0
DWIDTH 8 0
BBX 8 16 0 -3
BITMAP
00
00
00
00
00
00
00
00
00
00
00
00
00
3C
42
00
ENDCHAR
STARTCHAR uni2074
ENCODING 8308
SWIDTH 500 0
DWIDTH 8 0
BBX 8 16 0 -3
BITMAP
08
18
28
7C
08
00
00
00
00
00
00
00
00
00
00
00
ENDCHAR
STARTCHAR uni2075
ENCODING 8309
SWIDTH 500 0
DWIDTH 8 0
BBX 8 16 0 -3
BITMAP
78
40
70
08
70
00
00
00
00
00
00
00
00
00
00
00
ENDCHAR
STARTCHAR uni2076
ENCODING 8310
SWIDTH 500 0
DWIDTH 8 0
BBX 8 16 0 -3
BITMAP
30
40
70
48
30
00
00
00
00
00
00
00
00
00
00
00
ENDCHAR
STARTCHAR uni2077
ENCODING 8311
SWIDTH 500 0
DWIDTH 8 0
BBX 8 16 0 -3
BITMAP
78
48
10
20
20
00
00
00
00
00
00
00
00
00
00
00
ENDCHAR
STARTCHAR uni2078
ENCODING 8312
SWIDTH 500 0
DWIDTH 8 0
BBX 8 16 0 -3
BITMAP
30
48
30
48
30
00
00
00
00
00
00
00
00
00
00
00
ENDCHAR
STARTCHAR uni2079
ENCODING 8313
SWIDTH 500 0
DWIDTH 8 0
BBX 8 16 0 -3
BITMAP
30
48
38
08
30
00
00
00
00
00
00
00
00
00
00
00
ENDCHAR
STARTCHAR uni207A
ENCODING 8314
SWIDTH 500 0
DWIDTH 8 0
BBX 8 16 0 -3
BITMAP
00
10
10
7C
10
10
00
00
00
00
00
00
00
00
00
00
ENDCHAR
STARTCHAR uni207B
ENCODING 8315
SWIDTH 500 0
DWIDTH 8 0
BBX 8 16 0 -3
BITMAP
00
00
00
7C
00
00
00
00
00
00
00
00
00
00
00
00
ENDCHAR
STARTCHAR uni207F
ENCODING 8319
SWIDTH 500 0
DWIDTH 8 0
BBX 8 16 0 -3
BITMAP
58
68
48
48
48
00
00
00
00
00
00
00
00
00
00
00
ENDCHAR
STARTCHAR uni2081
ENCODING 8321
SWIDTH 500 0
DWIDTH 8 0
BBX 8 16 0 -3
BITMAP
00
00
00
00
00
00
00
00
00
00
60
20
20
20
70
00
ENDCHAR
STARTCHAR uni2082
ENCODING 8322
SWIDTH 500 0
DWIDTH 8 0
BBX 8 16 0 -3
BITMAP
00
00
00
00
00
00
00
00
00
00
30
48
10
20
78
00
ENDCHAR
STARTCHAR uni2083
ENCODING 8323
SWIDTH 500 0
DWIDTH 8 0
BBX 8 16 0 -3
BITMAP
00
00
00
00
00
00
00
00
00
00
70
08
30
08
70
00
ENDCHAR
STARTCHAR uni2084
ENCODING 8324
SWIDTH 500 0
DWIDTH 8 0
BBX 8 16 0 -3
BITMAP
00
00
00
00
00
00
00
00
00
00
08
18
28
7C
08
00
ENDCHAR
STARTCHAR uni2085
ENCODING 8325
SWIDTH 500 0
DWIDTH 8 0
BBX 8 16 0 -3
BITMAP
00
00
00
00
00
00
00
00
00
00
78
40
70
08
70
00
ENDCHAR
STARTCHAR uni2086
ENCODING 8326
SWIDTH 500 0
DWIDTH 8 0
BBX 8 16 0 -3
BITMAP
00
00
00
00
00
00
00
00
00
00
30
40
70
48
30
00
ENDCHAR
STARTCHAR uni2087
ENCODING 8327
SWIDTH 500 0
DWIDTH 8 0
BBX 8 16 0 -3
BITMAP
00
00
00
00
00
00
00
00
00
00
78
48
10
20
20
00
ENDCHAR
STARTCHAR uni2088
ENCODING 8328
SWIDTH 500 0
DWIDTH 8 0
BBX 8 16 0 -3
BITMAP
00
00
00
00
00
00
00
00
00
00
30
48
30
48
30
00
ENDCHAR
STARTCHAR uni2089
ENCODING 8329
SWIDTH 500 0
DWIDTH 8 0
BBX 8 16 0 -3
BITMAP
00
00
00
00
00
00
00
00
00
00
30
48
38
08
30
00
ENDCHAR
STARTCHAR uni208A
ENCODING 8330
SWIDTH 500 0
DWIDTH 8 0
BBX 8 16 0 -3
BITMAP
00
00
00
00
00
00
00
00
00
00
10
10
7C
10
10
00
ENDCHAR
STARTCHAR uni208B
ENCODING 8331
SWIDTH 500 0
DWIDTH 8 0
BBX 8 16 0 -3
BITMAP
00
00
00
00
00
00
00
00
00
00
00
00
7C
00
00
00
ENDCHAR
STARTCHAR franc
ENCODING 8355
SWIDTH 500 0
DWIDTH 8 0
BBX 8 16 0 -3
BITMAP
00
00
FE
42
40
40
44
7C
44
40
F0
40
F0
00
00
00
ENDCHAR
STARTCHAR lira
ENCODING 8356
SWIDTH 500 0
DWIDTH 8 0
BBX 8 16 0 -3
BITMAP
00
00
1C
22
20
20
7C
20
7C
20
20
62
9C
00
00
00
ENDCHAR
STARTCHAR peseta
ENCODING 8359
SWIDTH 500 0
DWIDTH 8 0
BBX 8 16 0 -3
BITMAP
00
00
E0
90
94
94
9E
94
E4
84
84
84
86
00
00
00
ENDCHAR
STARTCHAR uni20AA
ENCODING 8362
SWIDTH 500 0
DWIDTH 8 0
BBX 8 16 0 -3
BITMAP
00
00
00
00
FA
8A
AA
AA
AA
AA
AA
A2
BE
00
00
00
ENDCHAR
STARTCHAR Euro
ENCODING 8364
SWIDTH 500 0
DWIDTH 8 0
BBX 8 16 0 -3
BITMAP
00
00
3E
42
40
40
FC
40
FC
40
40
22
1C
00
00
00
ENDCHAR
STARTCHAR uni2105
ENCODING 8453
SWIDTH 500 0
DWIDTH 8 0
BBX 8 16 0 -3
BITMAP
00
60
80
80
82
64
08
10
20
4C
92
12
12
0C
00
00
ENDCHAR
STARTCHAR uni2113
ENCODING 8467
SWIDTH 500 0
DWIDTH 8 0
BBX 8 16 0 -3
BITMAP
00
00
04
0A
0A
12
12
14
18
10
30
50
1C
00
00
00
ENDCHAR
STARTCHAR uni2116
ENCODING 8470
SWIDTH 500 0
DWIDTH 8 0
BBX 8 16 0 -3
BITMAP
00
00
9E
8A
CA
CA
AE
A8
9E
98
88
88
C8
00
00
00
ENDCHAR
STARTCHAR trademark
ENCODING 8482
SWIDTH 500 0
DWIDTH 8 0
BBX 8 16 0 -3
BITMAP
00
EE
4E
4A
4A
00
00
00
00
00
00
00
00
00
00
00
ENDCHAR
STARTCHAR Omega
ENCODING 8486
SWIDTH 500 0
DWIDTH 8 0
BBX 8 16 0 -3
BITMAP
00
00
38
44
82
82
82
82
82
44
44
28
EE
00
00
00
ENDCHAR
STARTCHAR estimated
ENCODING 8494
SWIDTH 500 0
DWIDTH 8 0
BBX 8 16 0 -3
BITMAP
00
00
00
00
00
3C
42
42
7E
40
40
42
3C
00
00
00
ENDCHAR
STARTCHAR uni2150
ENCODING 8528
SWIDTH 500 0
DWIDTH 8 0
BBX 8 16 0 -3
BITMAP
C0
40
40
42
44
E8
10
20
5E
92
04
04
08
08
08
00
ENDCHAR
STARTCHAR uni2151
ENCODING 8529
SWIDTH 500 0
DWIDTH 8 0
BBX 8 16 0 -3
BITMAP
C0
40
40
42
44
E8
10
20
4C
92
12
0E
02
02
1C
00
ENDCHAR
STARTCHAR onethird
ENCODING 8531
SWIDTH 500 0
DWIDTH 8 0
BBX 8 16 0 -3
BITMAP
C0
40
40
40
42
E4
08
10
20
5C
82
0C
02
02
1C
00
ENDCHAR
STARTCHAR twothirds
ENCODING 8532
SWIDTH 500 0
DWIDTH 8 0
BBX 8 16 0 -3
BITMAP
60
90
10
60
82
F4
08
10
20
5C
82
0C
02
02
1C
00
ENDCHAR
STARTCHAR uni2155
ENCODING 8533
SWIDTH 500 0
DWIDTH 8 0
BBX 8 16 0 -3
BITMAP
C0
40
40
40
42
E4
08
10
20
5E
90
1C
02
02
1C
00
ENDCHAR
STARTCHAR uni2156
ENCODING 8534
SWIDTH 500 0
DWIDTH 8 0
BBX 8 16 0 -3
BITMAP
60
90
10
60
82
F4
08
10
20
5E
90
1C
02
02
1C
00
ENDCHAR
STARTCHAR uni2157
ENCODING 8535
SWIDTH 500 0
DWIDTH 8 0
BBX 8 16 0 -3
BITMAP
E0
10
60
10
12
E4
08
10
20
5E
90
1C
02
02
1C
00
ENDCHAR
STARTCHAR uni2158
ENCODING 8536
SWIDTH 500 0
DWIDTH 8 0
BBX 8 16 0 -3
BITMAP
10
30
50
F8
12
34
08
10
20
5E
90
1C
02
02
1C
00
ENDCHAR
STARTCHAR uni2159
ENCODING 8537
SWIDTH 500 0
DWIDTH 8 0
BBX 8 16 0 -3
BITMAP
C0
40
40
40
42
E4
08
10
20
4C
90
1C
12
12
0C
00
ENDCHAR
STARTCHAR uni215A
ENCODING 8538
SWIDTH 500 0
DWIDTH 8 0
BBX 8 16 0 -3
BITMAP
F0
80
E0
10
12
E4
08
10
20
4C
90
1C
12
12
0C
00
ENDCHAR
STARTCHAR oneeighth
ENCODING 8539
SWIDTH 500 0
DWIDTH 8 0
BBX 8 16 0 -3
BITMAP
C0
40
40
40
42
E4
08
10
20
4C
92
0C
12
12
0C
00
ENDCHAR
STARTCHAR threeeighths
ENCODING 8540
SWIDTH 500 0
DWIDTH 8 0
BBX 8 16 0 -3
BITMAP
E0
10
60
10
12
E4
08
10
20
4C
92
0C
12
12
0C
00
ENDCHAR
STARTCHAR fiveeighths
ENCODING 8541
SWIDTH 500 0
DWIDTH 8 0
BBX 8 16 0 -3
BITMAP
F0
80
E0
10
12
E4
08
10
20
4C
92
0C
12
12
0C
00
ENDCHAR
STARTCHAR seveneighths
ENCODING 8542
SWIDTH 500 0
DWIDTH 8 0
BBX 8 16 0 -3
BITMAP
F0
90
20
20
42
44
48
10
20
4C
92
0C
12
12
0C
00
ENDCHAR
STARTCHAR arrowleft
ENCODING 8592
SWIDTH 500 0
DWIDTH 8 0
BBX 8 16 0 -3
BITMAP
00
00
00
00
00
30
60
FE
60
30
00
00
00
00
00
00
ENDCHAR
STARTCHAR arrowup
ENCODING 8593
SWIDTH 500 0
DWIDTH 8 0
BBX 8 16 0 -3
BITMAP
00
00
10
38
7C
54
10
10
10
10
10
10
10
00
00
00
ENDCHAR
STARTCHAR arrowright
ENCODING 8594
SWIDTH 500 0
DWIDTH 8 0
BBX 8 16 0 -3
BITMAP
00
00
00
00
00
18
0C
FE
0C
18
00
00
00
00
00
00
ENDCHAR
STARTCHAR arrowdown
ENCODING 8595
SWIDTH 500 0
DWIDTH 8 0
BBX 8 16 0 -3
BITMAP
00
00
10
10
10
10
10
10
10
54
7C
38
10
00
00
00
ENDCHAR
STARTCHAR arrowboth
ENCODING 8596
SWIDTH 500 0
DWIDTH 8 0
BBX 8 16 0 -3
BITMAP
00
00
00
00
00
24
66
FF
66
24
00
00
00
00
00
00
ENDCHAR
STARTCHAR arrowupdn
ENCODING 8597
SWIDTH 500 0
DWIDTH 8 0
BBX 8 16 0 -3
BITMAP
00
10
38
7C
54
10
10
10
10
10
54
7C
38
10
00
00
ENDCHAR
STARTCHAR arrowupdnbse
ENCODING 8616
SWIDTH 500 0
DWIDTH 8 0
BBX 8 16 0 -3
BITMAP
00
10
38
7C
54
10
10
10
10
54
7C
38
10
00
FF
00
ENDCHAR
STARTCHAR partialdiff
ENCODING 8706
SWIDTH 500 0
DWIDTH 8 0
BBX 8 16 0 -3
BITMAP
00
00
1C
22
02
02
1E
22
42
42
42
44
38
00
00
00
ENDCHAR
STARTCHAR emptyset
ENCODING 8709
SWIDTH 500 0
DWIDTH 8 0
BBX 8 16 0 -3
BITMAP
00
00
02
02
3C
44
8A
92
92
A2
44
78
80
80
00
00
ENDCHAR
STARTCHAR Delta
ENCODING 8710
SWIDTH 500 0
DWIDTH 8 0
BBX 8 16 0 -3
BITMAP
00
00
00
00
00
10
10
28
28
44
44
82
FE
00
00
00
ENDCHAR
STARTCHAR element
ENCODING 8712
SWIDTH 500 0
DWIDTH 8 0
BBX 8 16 0 -3
BITMAP
00
00
1E
20
40
40
40
7E
40
40
40
20
1E
00
00
00
ENDCHAR
STARTCHAR product
ENCODING 8719
SWIDTH 500 0
DWIDTH 8 0
BBX 8 16 0 -3
BITMAP
00
00
FE
44
44
44
44
44
44
44
44
44
44
44
44
00
ENDCHAR
STARTCHAR summation
ENCODING 8721
SWIDTH 500 0
DWIDTH 8 0
BBX 8 16 0 -3
BITMAP
00
00
FE
42
20
20
10
08
10
20
20
42
FE
00
00
00
ENDCHAR
STARTCHAR minus
ENCODING 8722
SWIDTH 500 0
DWIDTH 8 0
BBX 8 16 0 -3
BITMAP
00
00
00
00
00
00
00
7E
00
00
00
00
00
00
00
00
ENDCHAR
STARTCHAR uni2215
ENCODING 8725
SWIDTH 500 0
DWIDTH 8 0
BBX 8 16 0 -3
BITMAP
00
02
02
04
04
08
08
10
10
10
20
20
40
40
00
00
ENDCHAR
STARTCHAR uni2219
ENCODING 8729
SWIDTH 500 0
DWIDTH 8 0
BBX 8 16 0 -3
BITMAP
00
00
00
00
00
00
38
38
00
00
00
00
00
00
00
00
ENDCHAR
STARTCHAR radical
ENCODING 8730
SWIDTH 500 0
DWIDTH 8 0
BBX 8 16 0 -3
BITMAP
00
0F
08
08
08
08
10
90
90
50
50
20
20
00
00
00
ENDCHAR
STARTCHAR infinity
ENCODING 8734
SWIDTH 500 0
DWIDTH 8 0
BBX 8 16 0 -3
BITMAP
00
00
00
00
00
44
AA
92
92
AA
44
00
00
00
00
00
ENDCHAR
STARTCHAR orthogonal
ENCODING 8735
SWIDTH 500 0
DWIDTH 8 0
BBX 8 16 0 -3
BITMAP
00
00
00
00
00
40
40
40
40
40
7E
00
00
00
00
00
ENDCHAR
STARTCHAR intersection
ENCODING 8745
SWIDTH 500 0
DWIDTH 8 0
BBX 8 16 0 -3
BITMAP
00
00
18
24
42
42
42
42
42
42
42
42
42
00
00
00
ENDCHAR
STARTCHAR integral
ENCODING 8747
SWIDTH 500 0
DWIDTH 8 0
BBX 8 16 0 -3
BITMAP
06
0A
08
08
10
10
10
10
10
10
10
10
20
20
A0
C0
ENDCHAR
STARTCHAR approxequal
ENCODING 8776
SWIDTH 500 0
DWIDTH 8 0
BBX 8 16 0 -3
BITMAP
00
00
00
00
62
92
8C
00
62
92
8C
00
00
00
00
00
ENDCHAR
STARTCHAR notequal
ENCODING 8800
SWIDTH 500 0
DWIDTH 8 0
BBX 8 16 0 -3
BITMAP
00
02
02
04
04
7E
08
10
10
7E
20
20
40
40
00
00
ENDCHAR
STARTCHAR equivalence
ENCODING 8801
SWIDTH 500 0
DWIDTH 8 0
BBX 8 16 0 -3
BITMAP
00
00
00
00
7E
00
00
7E
00
00
7E
00
00
00
00
00
ENDCHAR
STARTCHAR lessequal
ENCODING 8804
SWIDTH 500 0
DWIDTH 8 0
BBX 8 16 0 -3
BITMAP
00
00
06
18
60
80
60
18
06
00
00
FE
00
00
00
00
ENDCHAR
STARTCHAR greaterequal
ENCODING 8805
SWIDTH 500 0
DWIDTH 8 0
BBX 8 16 0 -3
BITMAP
00
00
C0
30
0C
02
0C
30
C0
00
00
FE
00
00
00
00
ENDCHAR
STARTCHAR uni2299
ENCODING 8857
SWIDTH 500 0
DWIDTH 8 0
BBX 8 16 0 -3
BITMAP
00
00
3C
42
42
42
42
5A
42
42
42
42
3C
00
00
00
ENDCHAR
STARTCHAR uni2300
ENCODING 8960
SWIDTH 500 0
DWIDTH 8 0
BBX 8 16 0 -3
BITMAP
00
00
3C
42
46
46
4A
4A
52
52
62
62
3C
00
00
00
ENDCHAR
STARTCHAR house
ENCODING 8962
SWIDTH 500 0
DWIDTH 8 0
BBX 8 16 0 -3
BITMAP
00
00
00
00
10
10
28
28
44
44
82
82
FE
00
00
00
ENDCHAR
STARTCHAR revlogicalnot
ENCODING 8976
SWIDTH 500 0
DWIDTH 8 0
BBX 8 16 0 -3
BITMAP
00
00
00
00
00
7E
40
40
40
40
40
00
00
00
00
00
ENDCHAR
STARTCHAR integraltp
ENCODING 8992
SWIDTH 500 0
DWIDTH 8 0
BBX 8 16 0 -3
BITMAP
00
06
0A
08
08
10
10
10
10
10
10
10
10
10
10
10
ENDCHAR
STARTCHAR integralbt
ENCODING 8993
SWIDTH 500 0
DWIDTH 8 0
BBX 8 16 0 -3
BITMAP
10
10
10
10
10
10
10
10
10
10
10
20
20
A0
C0
00
ENDCHAR
STARTCHAR SF100000
ENCODING 9472
SWIDTH 500 0
DWIDTH 8 0
BBX 8 16 0 -3
BITMAP
00
00
00
00
00
00
00
00
FF
00
00
00
00
00
00
00
ENDCHAR
STARTCHAR SF110000
ENCODING 9474
SWIDTH 500 0
DWIDTH 8 0
BBX 8 16 0 -3
BITMAP
10
10
10
10
10
10
10
10
10
10
10
10
10
10
10
10
ENDCHAR
STARTCHAR SF010000
ENCODING 9484
SWIDTH 500 0
DWIDTH 8 0
BBX 8 16 0 -3
BITMAP
00
00
00
00
00
00
00
00
1F
10
10
10
10
10
10
10
ENDCHAR
STARTCHAR SF030000
ENCODING 9488
SWIDTH 500 0
DWIDTH 8 0
BBX 8 16 0 -3
BITMAP
00
00
00
00
00
00
00
00
F0
10
10
10
10
10
10
10
ENDCHAR
STARTCHAR SF020000
ENCODING 9492
SWIDTH 500 0
DWIDTH 8 0
BBX 8 16 0 -3
BITMAP
10
10
10
10
10
10
10
10
1F
00
00
00
00
00
00
00
ENDCHAR
STARTCHAR SF040000
ENCODING 9496
SWIDTH 500 0
DWIDTH 8 0
BBX 8 16 0 -3
BITMAP
10
10
10
10
10
10
10
10
F0
00
00
00
00
00
00
00
ENDCHAR
STARTCHAR SF080000
ENCODING 9500
SWIDTH 500 0
DWIDTH 8 0
BBX 8 16 0 -3
BITMAP
10
10
10
10
10
10
10
10
1F
10
10
10
10
10
10
10
ENDCHAR
STARTCHAR SF090000
ENCODING 9508
SWIDTH 500 0
DWIDTH 8 0
BBX 8 16 0 -3
BITMAP
10
10
10
10
10
10
10
10
F0
10
10
10
10
10
10
10
ENDCHAR
STARTCHAR SF060000
ENCODING 9516
SWIDTH 500 0
DWIDTH 8 0
BBX 8 16 0 -3
BITMAP
00
00
00
00
00
00
00
00
FF
10
10
10
10
10
10
10
ENDCHAR
STARTCHAR SF070000
ENCODING 9524
SWIDTH 500 0
DWIDTH 8 0
BBX 8 16 0 -3
BITMAP
10
10
10
10
10
10
10
10
FF
00
00
00
00
00
00
00
ENDCHAR
STARTCHAR SF050000
ENCODING 9532
SWIDTH 500 0
DWIDTH 8 0
BBX 8 16 0 -3
BITMAP
10
10
10
10
10
10
10
10
FF
10
10
10
10
10
10
10
ENDCHAR
STARTCHAR SF430000
ENCODING 9552
SWIDTH 500 0
DWIDTH 8 0
BBX 8 16 0 -3
BITMAP
00
00
00
00
00
FF
00
00
FF
00
00
00
00
00
00
00
ENDCHAR
STARTCHAR SF240000
ENCODING 9553
SWIDTH 500 0
DWIDTH 8 0
BBX 8 16 0 -3
BITMAP
14
14
14
14
14
14
14
14
14
14
14
14
14
14
14
14
ENDCHAR
STARTCHAR SF510000
ENCODING 9554
SWIDTH 500 0
DWIDTH 8 0
BBX 8 16 0 -3
BITMAP
00
00
00
00
00
1F
10
10
1F
10
10
10
10
10
10
10
ENDCHAR
STARTCHAR SF520000
ENCODING 9555
SWIDTH 500 0
DWIDTH 8 0
BBX 8 16 0 -3
BITMAP
00
00
00
00
00
00
00
00
1F
14
14
14
14
14
14
14
ENDCHAR
STARTCHAR SF390000
ENCODING 9556
SWIDTH 500 0
DWIDTH 8 0
BBX 8 16 0 -3
BITMAP
00
00
00
00
00
1F
10
10
17
14
14
14
14
14
14
14
ENDCHAR
STARTCHAR SF220000
ENCODING 9557
SWIDTH 500 0
DWIDTH 8 0
BBX 8 16 0 -3
BITMAP
00
00
00
00
00
F0
10
10
F0
10
10
10
10
10
10
10
ENDCHAR
STARTCHAR SF210000
ENCODING 9558
SWIDTH 500 0
DWIDTH 8 0
BBX 8 16 0 -3
BITMAP
00
00
00
00
00
00
00
00
FC
14
14
14
14
14
14
14
ENDCHAR
STARTCHAR SF250000
ENCODING 9559
SWIDTH 500 0
DWIDTH 8 0
BBX 8 16 0 -3
BITMAP
00
00
00
00
00
FC
04
04
F4
14
14
14
14
14
14
14
ENDCHAR
STARTCHAR SF500000
ENCODING 9560
SWIDTH 500 0
DWIDTH 8 0
BBX 8 16 0 -3
BITMAP
10
10
10
10
10
1F
10
10
1F
00
00
00
00
00
00
00
ENDCHAR
STARTCHAR SF490000
ENCODING 9561
SWIDTH 500 0
DWIDTH 8 0
BBX 8 16 0 -3
BITMAP
14
14
14
14
14
14
14
14
1F
00
00
00
00
00
00
00
ENDCHAR
STARTCHAR SF380000
ENCODING 9562
SWIDTH 500 0
DWIDTH 8 0
BBX 8 16 0 -3
BITMAP
14
14
14
14
14
17
10
10
1F
00
00
00
00
00
00
00
ENDCHAR
STARTCHAR SF280000
ENCODING 9563
SWIDTH 500 0
DWIDTH 8 0
BBX 8 16 0 -3
BITMAP
10
10
10
10
10
F0
10
10
F0
00
00
00
00
00
00
00
ENDCHAR
STARTCHAR SF270000
ENCODING 9564
SWIDTH 500 0
DWIDTH 8 0
BBX 8 16 0 -3
BITMAP
14
14
14
14
14
14
14
14
FC
00
00
00
00
00
00
00
ENDCHAR
STARTCHAR SF260000
ENCODING 9565
SWIDTH 500 0
DWIDTH 8 0
BBX 8 16 0 -3
BITMAP
14
14
14
14
14
F4
04
04
FC
00
00
00
00
00
00
00
ENDCHAR
STARTCHAR SF360000
ENCODING 9566
SWIDTH 500 0
DWIDTH 8 0
BBX 8 16 0 -3
BITMAP
10
10
10
10
10
1F
10
10
1F
10
10
10
10
10
10
10
ENDCHAR
STARTCHAR SF370000
ENCODING 9567
SWIDTH 500 0
DWIDTH 8 0
BBX 8 16 0 -3
BITMAP
14
14
14
14
14
14
14
14
17
14
14
14
14
14
14
14
ENDCHAR
STARTCHAR SF420000
ENCODING 9568
SWIDTH 500 0
DWIDTH 8 0
BBX 8 16 0 -3
BITMAP
14
14
14
14
14
17
10
10
17
14
14
14
14
14
14
14
ENDCHAR
STARTCHAR SF190000
ENCODING 9569
SWIDTH 500 0
DWIDTH 8 0
BBX 8 16 0 -3
BITMAP
10
10
10
10
10
F0
10
10
F0
10
10
10
10
10
10
10
ENDCHAR
STARTCHAR SF200000
ENCODING 9570
SWIDTH 500 0
DWIDTH 8 0
BBX 8 16 0 -3
BITMAP
14
14
14
14
14
14
14
14
F4
14
14
14
14
14
14
14
ENDCHAR
STARTCHAR SF230000
ENCODING 9571
SWIDTH 500 0
DWIDTH 8 0
BBX 8 16 0 -3
BITMAP
14
14
14
14
14
F4
04
04
F4
14
14
14
14
14
14
14
ENDCHAR
STARTCHAR SF470000
ENCODING 9572
SWIDTH 500 0
DWIDTH 8 0
BBX 8 16 0 -3
BITMAP
00
00
00
00
00
FF
00
00
FF
10
10
10
10
10
10
10
ENDCHAR
STARTCHAR SF480000
ENCODING 9573
SWIDTH 500 0
DWIDTH 8 0
BBX 8 16 0 -3
BITMAP
00
00
00
00
00
00
00
00
FF
14
14
14
14
14
14
14
ENDCHAR
STARTCHAR SF410000
ENCODING 9574
SWIDTH 500 0
DWIDTH 8 0
BBX 8 16 0 -3
BITMAP
00
00
00
00
00
FF
00
00
F7
14
14
14
14
14
14
14
ENDCHAR
STARTCHAR SF450000
ENCODING 9575
SWIDTH 500 0
DWIDTH 8 0
BBX 8 16 0 -3
BITMAP
10
10
10
10
10
FF
00
00
FF
00
00
00
00
00
00
00
ENDCHAR
STARTCHAR SF460000
ENCODING 9576
SWIDTH 500 0
DWIDTH 8 0
BBX 8 16 0 -3
BITMAP
14
14
14
14
14
14
14
14
FF
00
00
00
00
00
00
00
ENDCHAR
STARTCHAR SF400000
ENCODING 9577
SWIDTH 500 0
DWIDTH 8 0
BBX 8 16 0 -3
BITMAP
14
14
14
14
14
F7
00
00
FF
00
00
00
00
00
00
00
ENDCHAR
STARTCHAR SF540000
ENCODING 9578
SWIDTH 500 0
DWIDTH 8 0
BBX 8 16 0 -3
BITMAP
10
10
10
10
10
FF
10
10
FF
10
10
10
10
10
10
10
ENDCHAR
STARTCHAR SF530000
ENCODING 9579
SWIDTH 500 0
DWIDTH 8 0
BBX 8 16 0 -3
BITMAP
14
14
14
14
14
14
14
14
FF
14
14
14
14
14
14
14
ENDCHAR
STARTCHAR SF440000
ENCODING 9580
SWIDTH 500 0
DWIDTH 8 0
BBX 8 16 0 -3
BITMAP
14
14
14
14
14
F7
00
00
F7
14
14
14
14
14
14
14
ENDCHAR
STARTCHAR upblock
ENCODING 9600
SWIDTH 500 0
DWIDTH 8 0
BBX 8 16 0 -3
BITMAP
FF
FF
FF
FF
FF
FF
FF
FF
00
00
00
00
00
00
00
00
ENDCHAR
STARTCHAR uni2581
ENCODING 9601
SWIDTH 500 0
DWIDTH 8 0
BBX 8 16 0 -3
BITMAP
00
00
00
00
00
00
00
00
00
00
00
00
00
FF
FF
00
ENDCHAR
STARTCHAR dnblock
ENCODING 9604
SWIDTH 500 0
DWIDTH 8 0
BBX 8 16 0 -3
BITMAP
00
00
00
00
00
00
00
00
FF
FF
FF
FF
FF
FF
FF
FF
ENDCHAR
STARTCHAR block
ENCODING 9608
SWIDTH 500 0
DWIDTH 8 0
BBX 8 16 0 -3
BITMAP
FF
FF
FF
FF
FF
FF
FF
FF
FF
FF
FF
FF
FF
FF
FF
FF
ENDCHAR
STARTCHAR lfblock
ENCODING 9612
SWIDTH 500 0
DWIDTH 8 0
BBX 8 16 0 -3
BITMAP
F0
F0
F0
F0
F0
F0
F0
F0
F0
F0
F0
F0
F0
F0
F0
F0
ENDCHAR
STARTCHAR rtblock
ENCODING 9616
SWIDTH 500 0
DWIDTH 8 0
BBX 8 16 0 -3
BITMAP
0F
0F
0F
0F
0F
0F
0F
0F
0F
0F
0F
0F
0F
0F
0F
0F
ENDCHAR
STARTCHAR ltshade
ENCODING 9617
SWIDTH 500 0
DWIDTH 8 0
BBX 8 16 0 -3
BITMAP
22
22
88
88
22
22
88
88
22
22
88
88
22
22
88
88
ENDCHAR
STARTCHAR shade
ENCODING 9618
SWIDTH 500 0
DWIDTH 8 0
BBX 8 16 0 -3
BITMAP
55
55
AA
AA
55
55
AA
AA
55
55
AA
AA
55
55
AA
AA
ENDCHAR
STARTCHAR dkshade
ENCODING 9619
SWIDTH 500 0
DWIDTH 8 0
BBX 8 16 0 -3
BITMAP
DB
DB
77
77
DB
DB
EE
EE
DB
DB
77
77
DB
DB
EE
EE
ENDCHAR
STARTCHAR filledbox
ENCODING 9632
SWIDTH 500 0
DWIDTH 8 0
BBX 8 16 0 -3
BITMAP
00
00
00
00
3C
3C
3C
3C
3C
3C
00
00
00
00
00
00
ENDCHAR
STARTCHAR H22073
ENCODING 9633
SWIDTH 500 0
DWIDTH 8 0
BBX 8 16 0 -3
BITMAP
00
00
00
00
3C
24
24
24
24
3C
00
00
00
00
00
00
ENDCHAR
STARTCHAR H18543
ENCODING 9642
SWIDTH 500 0
DWIDTH 8 0
BBX 8 16 0 -3
BITMAP
00
00
00
00
00
00
3C
3C
3C
3C
00
00
00
00
00
00
ENDCHAR
STARTCHAR H18551
ENCODING 9643
SWIDTH 500 0
DWIDTH 8 0
BBX 8 16 0 -3
BITMAP
00
00
00
00
00
00
3C
24
24
3C
00
00
00
00
00
00
ENDCHAR
STARTCHAR filledrect
ENCODING 9644
SWIDTH 500 0
DWIDTH 8 0
BBX 8 16 0 -3
BITMAP
00
00
00
00
00
00
00
00
7E
7E
7E
7E
7E
00
00
00
ENDCHAR
STARTCHAR triagup
ENCODING 9650
SWIDTH 500 0
DWIDTH 8 0
BBX 8 16 0 -3
BITMAP
00
00
00
00
10
10
38
38
7C
7C
FE
00
00
00
00
00
ENDCHAR
STARTCHAR triagrt
ENCODING 9658
SWIDTH 500 0
DWIDTH 8 0
BBX 8 16 0 -3
BITMAP
00
00
00
00
80
E0
F8
FE
F8
E0
80
00
00
00
00
00
ENDCHAR
STARTCHAR triagdn
ENCODING 9660
SWIDTH 500 0
DWIDTH 8 0
BBX 8 16 0 -3
BITMAP
00
00
00
00
FE
7C
7C
38
38
10
10
00
00
00
00
00
ENDCHAR
STARTCHAR triaglf
ENCODING 9668
SWIDTH 500 0
DWIDTH 8 0
BBX 8 16 0 -3
BITMAP
00
00
00
00
02
0E
3E
FE
3E
0E
02
00
00
00
00
00
ENDCHAR
STARTCHAR lozenge
ENCODING 9674
SWIDTH 500 0
DWIDTH 8 0
BBX 8 16 0 -3
BITMAP
00
00
10
28
28
44
44
82
44
44
28
28
10
00
00
00
ENDCHAR
STARTCHAR circle
ENCODING 9675
SWIDTH 500 0
DWIDTH 8 0
BBX 8 16 0 -3
BITMAP
00
00
00
3C
24
66
42
42
42
66
24
3C
00
00
00
00
ENDCHAR
STARTCHAR H18533
ENCODING 9679
SWIDTH 500 0
DWIDTH 8 0
BBX 8 16 0 -3
BITMAP
00
00
00
3C
3C
7E
7E
7E
7E
7E
3C
3C
00
00
00
00
ENDCHAR
STARTCHAR invbullet
ENCODING 9688
SWIDTH 500 0
DWIDTH 8 0
BBX 8 16 0 -3
BITMAP
FF
FF
FF
FF
E7
C3
C3
C3
C3
E7
FF
FF
FF
FF
FF
FF
ENDCHAR
STARTCHAR invcircle
ENCODING 9689
SWIDTH 500 0
DWIDTH 8 0
BBX 8 16 0 -3
BITMAP
FF
FF
FF
C3
DB
99
BD
BD
BD
99
DB
C3
FF
FF
FF
FF
ENDCHAR
STARTCHAR openbullet
ENCODING 9702
SWIDTH 500 0
DWIDTH 8 0
BBX 8 16 0 -3
BITMAP
00
00
00
00
00
00
18
24
24
18
00
00
00
00
00
00
ENDCHAR
STARTCHAR smileface
ENCODING 9786
SWIDTH 500 0
DWIDTH 8 0
BBX 8 16 0 -3
BITMAP
00
3C
42
81
81
A5
A5
81
81
A5
99
81
42
3C
00
00
ENDCHAR
STARTCHAR invsmileface
ENCODING 9787
SWIDTH 500 0
DWIDTH 8 0
BBX 8 16 0 -3
BITMAP
00
3C
7E
FF
FF
DB
DB
FF
FF
DB
E7
FF
7E
3C
00
00
ENDCHAR
STARTCHAR sun
ENCODING 9788
SWIDTH 500 0
DWIDTH 8 0
BBX 8 16 0 -3
BITMAP
00
10
92
BA
44
44
44
C6
44
44
44
BA
92
10
00
00
ENDCHAR
STARTCHAR female
ENCODING 9792
SWIDTH 500 0
DWIDTH 8 0
BBX 8 16 0 -3
BITMAP
00
00
38
44
44
44
44
38
10
10
7C
10
10
00
00
00
ENDCHAR
STARTCHAR male
ENCODING 9794
SWIDTH 500 0
DWIDTH 8 0
BBX 8 16 0 -3
BITMAP
00
00
1E
06
0A
0A
10
70
88
88
88
88
70
00
00
00
ENDCHAR
STARTCHAR spade
ENCODING 9824
SWIDTH 500 0
DWIDTH 8 0
BBX 8 16 0 -3
BITMAP
00
00
10
38
38
7C
7C
FE
FE
D6
10
10
38
00
00
00
ENDCHAR
STARTCHAR club
ENCODING 9827
SWIDTH 500 0
DWIDTH 8 0
BBX 8 16 0 -3
BITMAP
00
00
38
38
38
10
D6
FE
FE
D6
10
10
38
00
00
00
ENDCHAR
STARTCHAR heart
ENCODING 9829
SWIDTH 500 0
DWIDTH 8 0
BBX 8 16 0 -3
BITMAP
00
00
6C
EE
FE
FE
FE
7C
7C
38
38
10
10
00
00
00
ENDCHAR
STARTCHAR diamond
ENCODING 9830
SWIDTH 500 0
DWIDTH 8 0
BBX 8 16 0 -3
BITMAP
00
00
10
38
38
7C
7C
FE
7C
7C
38
38
10
00
00
00
ENDCHAR
STARTCHAR musicalnote
ENCODING 9834
SWIDTH 500 0
DWIDTH 8 0
BBX 8 16 0 -3
BITMAP
00
00
10
18
14
14
12
12
10
10
70
F0
E0
00
00
00
ENDCHAR
STARTCHAR musicalnotedbl
ENCODING 9835
SWIDTH 500 0
DWIDTH 8 0
BBX 8 16 0 -3
BITMAP
00
20
30
2C
22
32
2E
22
22
E2
C2
02
0E
0C
00
00
ENDCHAR
STARTCHAR uni2713
ENCODING 10003
SWIDTH 500 0
DWIDTH 8 0
BBX 8 16 0 -3
BITMAP
00
02
02
02
02
04
04
04
44
48
28
28
10
10
00
00
ENDCHAR
STARTCHAR uni3044
ENCODING 12356
SWIDTH 500 0
DWIDTH 8 0
BBX 8 16 0 -3
BITMAP
00
00
00
00
00
00
00
00
00
00
00
00
00
00
00
00
ENDCHAR
STARTCHAR uni3046
ENCODING 12358
SWIDTH 500 0
DWIDTH 8 0
BBX 8 16 0 -3
BITMAP
00
00
00
00
00
00
00
00
00
00
00
00
00
00
00
00
ENDCHAR
STARTCHAR uni304B
ENCODING 12363
SWIDTH 500 0
DWIDTH 8 0
BBX 8 16 0 -3
BITMAP
00
00
00
00
00
00
00
00
00
00
00
00
00
00
00
00
ENDCHAR
STARTCHAR uni3057
ENCODING 12375
SWIDTH 500 0
DWIDTH 8 0
BBX 8 16 0 -3
BITMAP
00
00
00
00
00
00
00
00
00
00
00
00
00
00
00
00
ENDCHAR
STARTCHAR uni306E
ENCODING 12398
SWIDTH 500 0
DWIDTH 8 0
BBX 8 16 0 -3
BITMAP
00
00
00
00
00
00
00
00
00
00
00
00
00
00
00
00
ENDCHAR
STARTCHAR uni3093
ENCODING 12435
SWIDTH 500 0
DWIDTH 8 0
BBX 8 16 0 -3
BITMAP
00
00
00
00
00
00
00
00
00
00
00
00
00
00
00
00
ENDCHAR
STARTCHAR uniFB01
ENCODING 64257
SWIDTH 500 0
DWIDTH 8 0
BBX 8 16 0 -3
BITMAP
00
00
1C
24
20
FC
24
24
24
24
24
24
EE
00
00
00
ENDCHAR
STARTCHAR uniFB02
ENCODING 64258
SWIDTH 500 0
DWIDTH 8 0
BBX 8 16 0 -3
BITMAP
00
00
1C
24
24
F4
24
24
24
24
24
24
EE
00
00
00
ENDCHAR
STARTCHAR uniFFFD
ENCODING 65533
SWIDTH 500 0
DWIDTH 8 0
BBX 8 16 0 -3
BITMAP
FF
FF
83
7D
7D
FD
FB
F7
EF
EF
FF
EF
EF
FF
FF
FF
ENDCHAR
STARTCHAR .notdef
ENCODING -1
SWIDTH 500 0
DWIDTH 8 0
BBX 8 16 0 -3
BITMAP
FF
FF
83
7D
7D
FD
FB
F7
EF
EF
FF
EF
EF
FF
FF
FF
ENDCHAR
ENDFONT
